rep	impl	input	state	phase	start_s	seconds	minflt	majflt	user_s	sys_s
1	base	empty	cold	taxo	0.001176	0.009593	2563	1	0.004245	0.000000
1	base	empty	cold	hash	0.010800	60.313491	1953154	1	0.000000	2.387005
1	base	empty	cold	setup	60.324316	0.000970	6	0	0.000000	0.000138
1	base	empty	cold	classify	60.325292	0.000179	34	0	0.000000	0.000582
1	base	empty	cold	close	60.325645	0.000003	0	0	0.000000	0.000006
1	base	empty	cold	unmap	60.325660	0.373417	34	0	0.000000	0.373926
1	base	empty	cold	total	0.000002	60.699091	1955875	2	0.004517	2.761975
1	base	empty	warm	taxo	0.000096	0.003023	2540	0	0.003653	0.000000
1	base	empty	warm	hash	0.003148	0.473822	1953154	0	0.000000	2.978922
1	base	empty	warm	setup	0.477010	0.000061	10	0	0.000000	0.000062
1	base	empty	warm	classify	0.477076	0.000206	52	0	0.000000	0.000541
1	base	empty	warm	close	0.477335	0.000005	0	0	0.000000	0.000013
1	base	empty	warm	unmap	0.477466	0.385035	34	0	0.000000	0.385477
1	base	empty	warm	total	0.000002	0.862518	1955887	0	0.003783	3.365443
1	thp	empty	cold	taxo	0.001086	0.008975	2573	1	0.000000	0.003911
1	thp	empty	cold	hash	0.010092	60.380189	4186	1	0.000000	0.980963
1	thp	empty	cold	setup	60.390304	0.000542	10	0	0.000000	0.000183
1	thp	empty	cold	classify	60.390860	0.000171	35	0	0.000000	0.000241
1	thp	empty	cold	close	60.391054	0.000002	0	0	0.000000	0.000005
1	thp	empty	cold	unmap	60.391064	0.013356	1	0	0.000000	0.013786
1	thp	empty	cold	total	0.000003	60.404591	6893	2	0.000189	0.999720
1	thp	empty	warm	taxo	0.000102	0.002765	2534	0	0.003448	0.000000
1	thp	empty	warm	hash	0.002893	0.157571	4204	0	0.000000	1.159722
1	thp	empty	warm	setup	0.160496	0.000073	13	0	0.000000	0.000073
1	thp	empty	warm	classify	0.160575	0.000169	28	0	0.000000	0.000446
1	thp	empty	warm	close	0.160785	0.000003	0	0	0.000000	0.000002
1	thp	empty	warm	unmap	0.160810	0.013519	80	0	0.000000	0.013858
1	thp	empty	warm	total	0.000003	0.174348	6890	0	0.003575	1.174337
1	fill	empty	cold	taxo	0.001086	0.009946	2536	2	0.000000	0.003606
1	fill	empty	cold	hash	0.011059	60.294366	4193	0	0.000000	0.966284
1	fill	empty	cold	setup	60.305450	0.000450	2	0	0.000000	0.000129
1	fill	empty	cold	classify	60.305907	0.000203	43	0	0.000000	0.000598
1	fill	empty	cold	close	60.306275	0.000002	0	0	0.000000	0.000001
1	fill	empty	cold	unmap	60.306289	0.013445	28	0	0.000000	0.013629
1	fill	empty	cold	total	0.000002	60.319745	6869	2	0.000189	0.984630
1	fill	empty	warm	taxo	0.000122	0.002995	2533	0	0.000947	0.002685
1	fill	empty	warm	hash	0.003144	0.157943	4205	0	0.007187	1.144071
1	fill	empty	warm	setup	0.161124	0.000067	6	0	0.000000	0.000073
1	fill	empty	warm	classify	0.161196	0.000187	45	0	0.000005	0.000489
1	fill	empty	warm	close	0.161421	0.000003	0	0	0.000000	0.000001
1	fill	empty	warm	unmap	0.161440	0.013084	80	0	0.000030	0.013353
1	fill	empty	warm	total	0.000003	0.174546	6912	0	0.008316	1.160902
1	scan	empty	cold	taxo	0.001118	0.009699	2539	1	0.000000	0.004266
1	scan	empty	cold	hash	0.010847	60.310745	4200	0	0.000000	0.962768
1	scan	empty	cold	setup	60.321628	0.000460	4	0	0.000000	0.000137
1	scan	empty	cold	classify	60.322094	0.000181	40	0	0.000000	0.000465
1	scan	empty	cold	close	60.322389	0.000003	1	0	0.000000	0.000001
1	scan	empty	cold	unmap	60.322410	0.013383	37	0	0.000000	0.013651
1	scan	empty	cold	total	0.000003	60.335808	6902	1	0.000000	0.981831
1	scan	empty	warm	taxo	0.000113	0.003016	2544	0	0.003711	0.000000
1	scan	empty	warm	hash	0.003157	0.165127	4196	0	0.000000	1.251517
1	scan	empty	warm	setup	0.168323	0.000079	12	0	0.000000	0.000079
1	scan	empty	warm	classify	0.168408	0.000157	25	0	0.000000	0.000447
1	scan	empty	warm	close	0.168749	0.000004	1	0	0.000000	0.000003
1	scan	empty	warm	unmap	0.168770	0.013649	39	0	0.000000	0.013848
1	scan	empty	warm	total	0.000003	0.182431	6925	0	0.003851	1.266322
1	recycle	empty	cold	taxo	0.001093	0.009365	2541	2	0.003630	0.000000
1	recycle	empty	cold	hash	0.010486	60.308835	4191	0	0.000000	0.953657
1	recycle	empty	cold	setup	60.319357	0.000482	11	0	0.000000	0.000143
1	recycle	empty	cold	classify	60.319847	0.000192	43	0	0.000000	0.000447
1	recycle	empty	cold	close	60.320267	0.000004	1	0	0.000000	0.000002
1	recycle	empty	cold	unmap	60.320283	0.013418	21	0	0.000000	0.013589
1	recycle	empty	cold	total	0.000003	60.333710	6903	2	0.003846	0.968385
1	recycle	empty	warm	taxo	0.000104	0.002958	2571	0	0.003558	0.000000
1	recycle	empty	warm	hash	0.003088	0.181307	4192	0	0.000000	1.086875
1	recycle	empty	warm	setup	0.184433	0.000067	8	0	0.000000	0.000070
1	recycle	empty	warm	classify	0.184506	0.000178	14	0	0.000000	0.000290
1	recycle	empty	warm	close	0.184739	0.000002	0	0	0.000000	0.000001
1	recycle	empty	warm	unmap	0.184863	0.013351	47	0	0.000000	0.012988
1	recycle	empty	warm	total	0.000003	0.198234	6916	0	0.003684	1.100815
1	rc	empty	cold	taxo	0.001228	0.009154	2581	0	0.000000	0.003711
1	rc	empty	cold	hash	0.010415	60.233976	4201	0	0.000000	0.960358
1	rc	empty	cold	setup	60.244426	0.000614	8	0	0.000000	0.000159
1	rc	empty	cold	classify	60.245048	0.000189	25	0	0.000000	0.000514
1	rc	empty	cold	close	60.245396	0.000004	1	0	0.000000	0.000006
1	rc	empty	cold	unmap	60.245412	0.013505	40	0	0.000000	0.013711
1	rc	empty	cold	total	0.000003	60.258930	6946	0	0.000000	0.979135
1	rc	empty	warm	taxo	0.000094	0.003287	2572	0	0.001155	0.002797
1	rc	empty	warm	hash	0.003409	0.155950	4207	0	0.007155	1.153463
1	rc	empty	warm	setup	0.159391	0.000064	6	0	0.000000	0.000064
1	rc	empty	warm	classify	0.159461	0.000229	46	0	0.000006	0.000686
1	rc	empty	warm	close	0.159853	0.000002	0	0	0.000000	0.000001
1	rc	empty	warm	unmap	0.159868	0.013580	28	0	0.000000	0.013769
1	rc	empty	warm	total	0.000003	0.173461	6951	0	0.008427	1.171079
1	matesize	empty	cold	taxo	0.001123	0.009219	2574	2	0.000000	0.003669
1	matesize	empty	cold	hash	0.010370	60.373537	4194	0	0.000000	0.988229
1	matesize	empty	cold	setup	60.383936	0.000520	2	0	0.000000	0.000138
1	matesize	empty	cold	classify	60.384463	0.000407	159	0	0.000000	0.000886
1	matesize	empty	cold	close	60.384885	0.000002	0	0	0.000000	0.000001
1	matesize	empty	cold	unmap	60.384895	0.013879	0	0	0.000000	0.013995
1	matesize	empty	cold	total	0.000003	60.398790	6943	2	0.000192	1.007111
1	matesize	empty	warm	taxo	0.000122	0.003081	2547	0	0.003741	0.000000
1	matesize	empty	warm	hash	0.003230	0.158165	4195	0	0.000000	1.171191
1	matesize	empty	warm	setup	0.161433	0.000070	10	0	0.000000	0.000072
1	matesize	empty	warm	classify	0.161508	0.000363	110	0	0.000000	0.000815
1	matesize	empty	warm	close	0.161887	0.000002	0	0	0.000000	0.000001
1	matesize	empty	warm	unmap	0.161897	0.013180	13	0	0.000000	0.013382
1	matesize	empty	warm	total	0.000003	0.175092	6920	0	0.003898	1.185543
1	batch	empty	cold	taxo	0.001340	0.009673	2591	1	0.003659	0.000000
1	batch	empty	cold	hash	0.011041	60.295171	4201	0	0.000000	0.961441
1	batch	empty	cold	setup	60.306256	0.001205	15	0	0.000000	0.000153
1	batch	empty	cold	classify	60.307468	0.000368	118	0	0.000000	0.000809
1	batch	empty	cold	close	60.307847	0.000001	1	0	0.000000	0.000001
1	batch	empty	cold	unmap	60.307856	0.013606	3	0	0.000000	0.013800
1	batch	empty	cold	total	0.000297	60.321182	6962	1	0.003878	0.976288
1	batch	empty	warm	taxo	0.000095	0.002856	2585	0	0.003571	0.000000
1	batch	empty	warm	hash	0.002978	0.157288	4212	0	0.000000	1.145794
1	batch	empty	warm	setup	0.160304	0.000070	14	0	0.000000	0.000071
1	batch	empty	warm	classify	0.160379	0.000398	146	0	0.000000	0.000917
1	batch	empty	warm	close	0.160794	0.000002	0	0	0.000000	0.000001
1	batch	empty	warm	unmap	0.160803	0.013180	0	0	0.000000	0.013311
1	batch	empty	warm	total	0.000003	0.173998	6990	0	0.003699	1.160264
1	final	empty	cold	taxo	0.001500	0.009484	2578	1	0.003649	0.000000
1	final	empty	cold	hash	0.011014	60.294389	4209	1	0.000000	0.976559
1	final	empty	cold	setup	60.305446	0.001031	4	0	0.000000	0.000138
1	final	empty	cold	classify	60.306489	0.000399	123	0	0.000000	0.000799
1	final	empty	cold	close	60.306906	0.000002	1	0	0.000000	0.000001
1	final	empty	cold	unmap	60.306915	0.013885	2	0	0.000000	0.014079
1	final	empty	cold	total	0.000358	60.320473	6955	2	0.003834	0.991748
1	final	empty	warm	taxo	0.000098	0.002803	2574	0	0.000000	0.003338
1	final	empty	warm	hash	0.002927	0.174149	4200	0	0.000000	1.053895
1	final	empty	warm	setup	0.177106	0.000057	2	0	0.000000	0.000057
1	final	empty	warm	classify	0.177169	0.000389	131	0	0.000000	0.000862
1	final	empty	warm	close	0.177569	0.000002	0	0	0.000000	0.000001
1	final	empty	warm	unmap	0.177579	0.013500	0	0	0.000000	0.013601
1	final	empty	warm	total	0.000003	0.191095	6918	0	0.000000	1.071961
1	final-aa	empty	cold	taxo	0.001397	0.010540	2563	1	0.004497	0.000000
1	final-aa	empty	cold	hash	0.011972	60.270679	4202	1	0.000000	0.965420
1	final-aa	empty	cold	setup	60.282692	0.000476	10	0	0.000000	0.000128
1	final-aa	empty	cold	classify	60.283176	0.000430	125	0	0.000000	0.000874
1	final-aa	empty	cold	close	60.283622	0.000002	0	0	0.000000	0.000001
1	final-aa	empty	cold	unmap	60.283632	0.014627	0	0	0.000000	0.014738
1	final-aa	empty	cold	total	0.000313	60.297981	6921	2	0.004703	0.981358
1	final-aa	empty	warm	taxo	0.000106	0.003047	2547	0	0.003734	0.000000
1	final-aa	empty	warm	hash	0.003184	0.168048	4209	0	0.000000	1.273004
1	final-aa	empty	warm	setup	0.171278	0.000077	10	0	0.000000	0.000079
1	final-aa	empty	warm	classify	0.171361	0.000454	149	0	0.000000	0.001041
1	final-aa	empty	warm	close	0.171832	0.000002	0	0	0.000000	0.000001
1	final-aa	empty	warm	unmap	0.171841	0.014252	1	0	0.000000	0.013989
1	final-aa	empty	warm	total	0.000003	0.186115	6951	0	0.003870	1.288724
2	base	empty	cold	taxo	0.001043	0.008876	2573	0	0.000000	0.003849
2	base	empty	cold	hash	0.009953	60.616944	1953143	0	0.000000	2.378380
2	base	empty	cold	setup	60.626934	0.001134	4	0	0.000000	0.000160
2	base	empty	cold	classify	60.628075	0.000203	45	0	0.000000	0.000553
2	base	empty	cold	close	60.628432	0.000003	0	0	0.000000	0.000001
2	base	empty	cold	unmap	60.628447	0.376972	44	0	0.000000	0.377198
2	base	empty	cold	total	0.000002	61.005460	1955902	0	0.000000	2.760822
2	base	empty	warm	taxo	0.000097	0.002977	2539	0	0.003642	0.000000
2	base	empty	warm	hash	0.003103	0.417103	1953155	0	0.000000	3.239410
2	base	empty	warm	setup	0.420232	0.000070	4	0	0.000000	0.000072
2	base	empty	warm	classify	0.420307	0.000258	66	0	0.000000	0.000740
2	base	empty	warm	close	0.420853	0.000004	0	0	0.000000	0.000002
2	base	empty	warm	unmap	0.420867	0.383402	45	0	0.000000	0.383650
2	base	empty	warm	total	0.000002	0.804297	1955885	0	0.003768	3.624428
2	thp	empty	cold	taxo	0.001138	0.010272	2538	1	0.000000	0.004009
2	thp	empty	cold	hash	0.011442	60.328499	4194	0	0.000000	0.989488
2	thp	empty	cold	setup	60.339982	0.001182	12	0	0.000000	0.000153
2	thp	empty	cold	classify	60.341173	0.000251	48	0	0.000000	0.000777
2	thp	empty	cold	close	60.341483	0.000004	0	0	0.000000	0.000001
2	thp	empty	cold	unmap	60.341622	0.014311	6	0	0.000000	0.014471
2	thp	empty	cold	total	0.000003	60.355945	6883	1	0.000210	1.009343
2	thp	empty	warm	taxo	0.000110	0.003020	2545	0	0.000000	0.003737
2	thp	empty	warm	hash	0.003162	0.172138	4199	0	0.008058	1.185312
2	thp	empty	warm	setup	0.175339	0.000069	12	0	0.000001	0.000086
2	thp	empty	warm	classify	0.175413	0.000203	37	0	0.000003	0.000446
2	thp	empty	warm	close	0.175786	0.000003	0	0	0.000000	0.000004
2	thp	empty	warm	unmap	0.175800	0.013205	41	0	0.000029	0.013370
2	thp	empty	warm	total	0.000003	0.189021	6925	0	0.008202	1.203420
2	fill	empty	cold	taxo	0.001193	0.009422	2540	1	0.003586	0.000000
2	fill	empty	cold	hash	0.010647	60.321718	4199	0	0.003087	0.969110
2	fill	empty	cold	setup	60.332400	0.000853	8	0	0.000000	0.000147
2	fill	empty	cold	classify	60.333261	0.000181	34	0	0.000000	0.000474
2	fill	empty	cold	close	60.333636	0.000003	2	0	0.000000	0.000002
2	fill	empty	cold	unmap	60.333648	0.014047	34	0	0.000000	0.014266
2	fill	empty	cold	total	0.000003	60.347708	6898	1	0.006905	0.984521
2	fill	empty	warm	taxo	0.000105	0.003275	2540	0	0.000000	0.003932
2	fill	empty	warm	hash	0.003409	0.157674	4193	0	0.000000	1.169570
2	fill	empty	warm	setup	0.161117	0.000075	8	0	0.000000	0.000073
2	fill	empty	warm	classify	0.161198	0.000171	26	0	0.000000	0.000450
2	fill	empty	warm	close	0.161417	0.000004	0	0	0.000037	0.000000
2	fill	empty	warm	unmap	0.161549	0.013626	47	0	0.013826	0.000000
2	fill	empty	warm	total	0.000003	0.175192	6908	0	0.014377	1.174097
2	scan	empty	cold	taxo	0.001123	0.009691	2570	1	0.003799	0.000000
2	scan	empty	cold	hash	0.010847	60.296467	4200	1	0.022940	0.951669
2	scan	empty	cold	setup	60.307357	0.000486	12	0	0.000000	0.000127
2	scan	empty	cold	classify	60.307851	0.000186	36	0	0.000000	0.000463
2	scan	empty	cold	close	60.308203	0.000003	0	0	0.000000	0.000026
2	scan	empty	cold	unmap	60.308221	0.013876	49	0	0.000000	0.014079
2	scan	empty	cold	total	0.000003	60.322110	6952	2	0.026967	0.966801
2	scan	empty	warm	taxo	0.000111	0.002910	2541	0	0.003628	0.000000
2	scan	empty	warm	hash	0.003049	0.159463	4197	0	0.000000	1.190466
2	scan	empty	warm	setup	0.162535	0.000073	7	0	0.000000	0.000076
2	scan	empty	warm	classify	0.162614	0.000199	37	0	0.000000	0.000419
2	scan	empty	warm	close	0.162836	0.000002	0	0	0.000000	0.000002
2	scan	empty	warm	unmap	0.162846	0.013854	3	0	0.000000	0.013879
2	scan	empty	warm	total	0.000003	0.176812	6853	0	0.003762	1.205233
2	recycle	empty	cold	taxo	0.001131	0.009949	2554	1	0.000000	0.004503
2	recycle	empty	cold	hash	0.011112	60.352162	4195	0	0.000000	0.952132
2	recycle	empty	cold	setup	60.363312	0.000734	12	0	0.000000	0.000125
2	recycle	empty	cold	classify	60.364054	0.000204	38	0	0.000000	0.000479
2	recycle	empty	cold	close	60.364479	0.000003	1	0	0.000000	0.000002
2	recycle	empty	cold	unmap	60.364492	0.014281	36	0	0.000000	0.007440
2	recycle	empty	cold	total	0.000003	60.378791	6925	1	0.000000	0.972561
2	recycle	empty	warm	taxo	0.000103	0.002775	2535	0	0.003459	0.000000
2	recycle	empty	warm	hash	0.002906	0.157656	4197	0	0.000000	1.173904
2	recycle	empty	warm	setup	0.160600	0.000077	12	0	0.000000	0.000077
2	recycle	empty	warm	classify	0.160683	0.000179	34	0	0.000000	0.000179
2	recycle	empty	warm	close	0.160920	0.000054	0	0	0.000000	0.000005
2	recycle	empty	warm	unmap	0.161083	0.013093	45	0	0.000000	0.013305
2	recycle	empty	warm	total	0.000003	0.174187	6917	0	0.003589	1.188196
2	rc	empty	cold	taxo	0.001086	0.009576	2569	1	0.000000	0.003771
2	rc	empty	cold	hash	0.010693	60.351222	4192	0	0.000000	0.962016
2	rc	empty	cold	setup	60.361950	0.000471	8	0	0.000000	0.000133
2	rc	empty	cold	classify	60.362428	0.000191	25	0	0.000000	0.000512
2	rc	empty	cold	close	60.362664	0.000003	0	0	0.000000	0.000002
2	rc	empty	cold	unmap	60.362789	0.013500	45	0	0.000000	0.013703
2	rc	empty	cold	total	0.000003	60.376302	6920	1	0.000206	0.980606
2	rc	empty	warm	taxo	0.000102	0.002720	2551	0	0.003444	0.000000
2	rc	empty	warm	hash	0.002849	0.156766	4198	0	0.000000	1.144392
2	rc	empty	warm	setup	0.159646	0.000074	6	0	0.000000	0.000075
2	rc	empty	warm	classify	0.159725	0.000217	33	0	0.000000	0.000520
2	rc	empty	warm	close	0.159974	0.000002	0	0	0.000000	0.000001
2	rc	empty	warm	unmap	0.160155	0.013724	24	0	0.000000	0.013886
2	rc	empty	warm	total	0.000003	0.173919	6905	0	0.003569	1.159296
2	matesize	empty	cold	taxo	0.001156	0.010885	2539	2	0.004174	0.000000
2	matesize	empty	cold	hash	0.012070	60.308265	4189	0	0.000000	0.950920
2	matesize	empty	cold	setup	60.320366	0.000519	12	0	0.000000	0.000149
2	matesize	empty	cold	classify	60.320892	0.000356	122	0	0.000000	0.000869
2	matesize	empty	cold	close	60.321264	0.000002	1	0	0.000000	0.000001
2	matesize	empty	cold	unmap	60.321275	0.013787	5	0	0.000000	0.013984
2	matesize	empty	cold	total	0.000002	60.335077	6901	2	0.004395	0.966009
2	matesize	empty	warm	taxo	0.000100	0.003332	2567	0	0.003936	0.000000
2	matesize	empty	warm	hash	0.003461	0.156928	4186	0	0.000000	1.167729
2	matesize	empty	warm	setup	0.160419	0.000066	6	0	0.000000	0.000064
2	matesize	empty	warm	classify	0.160490	0.000417	134	0	0.000000	0.000905
2	matesize	empty	warm	close	0.160922	0.000002	0	0	0.000000	0.000001
2	matesize	empty	warm	unmap	0.160932	0.013201	10	0	0.000000	0.013410
2	matesize	empty	warm	total	0.000003	0.174145	6933	0	0.004061	1.182182
2	batch	empty	cold	taxo	0.001387	0.010510	2582	1	0.000000	0.004481
2	batch	empty	cold	hash	0.011927	60.296449	4193	0	0.000000	0.960894
2	batch	empty	cold	setup	60.308420	0.000628	14	0	0.000000	0.000145
2	batch	empty	cold	classify	60.309055	0.000412	144	0	0.000000	0.000931
2	batch	empty	cold	close	60.309486	0.000002	0	0	0.000000	0.000001
2	batch	empty	cold	unmap	60.309496	0.014075	0	0	0.000000	0.014198
2	batch	empty	cold	total	0.000309	60.323298	6954	1	0.000186	0.980803
2	batch	empty	warm	taxo	0.000099	0.002993	2549	0	0.000000	0.003658
2	batch	empty	warm	hash	0.003122	0.174399	4216	0	0.000000	1.113174
2	batch	empty	warm	setup	0.177563	0.000062	10	0	0.000000	0.000063
2	batch	empty	warm	classify	0.177630	0.000390	147	0	0.000000	0.000920
2	batch	empty	warm	close	0.178038	0.000002	1	0	0.000000	0.000001
2	batch	empty	warm	unmap	0.178048	0.013726	0	0	0.000000	0.013913
2	batch	empty	warm	total	0.000003	0.191788	6959	0	0.000097	1.131851
2	final	empty	cold	taxo	0.001407	0.009929	2579	1	0.000000	0.003656
2	final	empty	cold	hash	0.011367	60.238606	4205	0	0.000000	0.973222
2	final	empty	cold	setup	60.250019	0.000902	10	0	0.000000	0.000164
2	final	empty	cold	classify	60.250928	0.000388	153	0	0.000000	0.000907
2	final	empty	cold	close	60.251333	0.000002	0	0	0.000000	0.000001
2	final	empty	cold	unmap	60.251343	0.013920	0	0	0.000000	0.014031
2	final	empty	cold	total	0.000310	60.264990	6970	1	0.000000	0.992324
2	final	empty	warm	taxo	0.000110	0.002954	2538	0	0.003633	0.000000
2	final	empty	warm	hash	0.003089	0.177511	4198	0	0.004749	1.063279
2	final	empty	warm	setup	0.180626	0.000050	0	0	0.000000	0.000052
2	final	empty	warm	classify	0.180681	0.000411	155	0	0.000008	0.000861
2	final	empty	warm	close	0.181112	0.000002	0	0	0.000000	0.000000
2	final	empty	warm	unmap	0.181121	0.013614	12	0	0.000000	0.013836
2	final	empty	warm	total	0.000003	0.194749	6934	0	0.008525	1.078099
2	final-aa	empty	cold	taxo	0.001431	0.009699	2563	1	0.003741	0.000000
2	final-aa	empty	cold	hash	0.011163	60.299745	4190	0	0.000000	0.967852
2	final-aa	empty	cold	setup	60.310952	0.000470	14	0	0.000000	0.000132
2	final-aa	empty	cold	classify	60.311429	0.000385	138	0	0.000000	0.000771
2	final-aa	empty	cold	close	60.311831	0.000002	0	0	0.000000	0.000002
2	final-aa	empty	cold	unmap	60.311840	0.013570	2	0	0.000000	0.013695
2	final-aa	empty	cold	total	0.000309	60.325114	6927	1	0.003976	0.982603
2	final-aa	empty	warm	taxo	0.000103	0.002801	2537	0	0.003346	0.000000
2	final-aa	empty	warm	hash	0.002927	0.157492	4200	0	0.005268	1.169627
2	final-aa	empty	warm	setup	0.160443	0.000064	0	0	0.000001	0.000066
2	final-aa	empty	warm	classify	0.160513	0.000382	148	0	0.000007	0.000792
2	final-aa	empty	warm	close	0.160913	0.000002	0	0	0.000000	0.000001
2	final-aa	empty	warm	unmap	0.160923	0.013130	0	0	0.000000	0.013245
2	final-aa	empty	warm	total	0.000003	0.174066	6904	0	0.008757	1.183891
3	thp	empty	cold	taxo	0.001269	0.009692	2553	0	0.000000	0.003742
3	thp	empty	cold	hash	0.010991	60.298411	4185	0	0.000000	0.969166
3	thp	empty	cold	setup	60.309443	0.001381	6	0	0.000000	0.000157
3	thp	empty	cold	classify	60.310831	0.000170	37	0	0.000000	0.000539
3	thp	empty	cold	close	60.311186	0.000004	1	0	0.000000	0.000002
3	thp	empty	cold	unmap	60.311202	0.014432	41	0	0.000000	0.011703
3	thp	empty	cold	total	0.000003	60.325652	6908	0	0.000000	0.988939
3	thp	empty	warm	taxo	0.000104	0.002923	2554	0	0.000000	0.003583
3	thp	empty	warm	hash	0.003055	0.161451	4197	0	0.000000	1.107119
3	thp	empty	warm	setup	0.164542	0.000071	8	0	0.000000	0.000071
3	thp	empty	warm	classify	0.164619	0.000176	33	0	0.000000	0.000452
3	thp	empty	warm	close	0.164985	0.000002	0	0	0.000000	0.000002
3	thp	empty	warm	unmap	0.164997	0.013165	32	0	0.000000	0.013359
3	thp	empty	warm	total	0.000002	0.178175	6915	0	0.000102	1.125073
3	fill	empty	cold	taxo	0.001108	0.009746	2561	0	0.000000	0.004402
3	fill	empty	cold	hash	0.010881	60.341127	4189	0	0.000000	0.969549
3	fill	empty	cold	setup	60.352036	0.000606	12	0	0.000000	0.000161
3	fill	empty	cold	classify	60.352649	0.000182	38	0	0.000000	0.000480
3	fill	empty	cold	close	60.353027	0.000003	0	0	0.000000	0.000005
3	fill	empty	cold	unmap	60.353041	0.013873	42	0	0.000000	0.014078
3	fill	empty	cold	total	0.000003	60.366928	6933	0	0.000000	0.989342
3	fill	empty	warm	taxo	0.000098	0.002893	2540	0	0.000000	0.003625
3	fill	empty	warm	hash	0.003022	0.155728	4210	0	0.008010	1.137643
3	fill	empty	warm	setup	0.158801	0.000085	10	0	0.000001	0.000079
3	fill	empty	warm	classify	0.158906	0.000180	44	0	0.000004	0.000448
3	fill	empty	warm	close	0.159121	0.000003	0	0	0.000000	0.000002
3	fill	empty	warm	unmap	0.159145	0.013249	50	0	0.000000	0.013337
3	fill	empty	warm	total	0.000003	0.172412	6886	0	0.008113	1.155451
3	scan	empty	cold	taxo	0.001074	0.009474	2551	0	0.000668	0.003259
3	scan	empty	cold	hash	0.010579	60.297726	4188	0	0.005309	0.976498
3	scan	empty	cold	setup	60.308350	0.000850	13	0	0.000000	0.000158
3	scan	empty	cold	classify	60.309207	0.000158	38	0	0.000000	0.000287
3	scan	empty	cold	close	60.309535	0.000003	1	0	0.000000	0.000002
3	scan	empty	cold	unmap	60.309547	0.013876	37	0	0.000000	0.014076
3	scan	empty	cold	total	0.000003	60.323434	6922	0	0.006184	0.994965
3	scan	empty	warm	taxo	0.000106	0.003271	2559	0	0.001096	0.002796
3	scan	empty	warm	hash	0.003404	0.179615	4195	0	0.007116	1.069409
3	scan	empty	warm	setup	0.183048	0.000055	5	0	0.000000	0.000052
3	scan	empty	warm	classify	0.183109	0.000197	56	0	0.000005	0.000466
3	scan	empty	warm	close	0.183368	0.000004	0	0	0.000000	0.000001
3	scan	empty	warm	unmap	0.183382	0.013710	78	0	0.000038	0.014003
3	scan	empty	warm	total	0.000003	0.197110	6933	0	0.008376	1.086988
3	recycle	empty	cold	taxo	0.001128	0.009936	2560	1	0.003625	0.000000
3	recycle	empty	cold	hash	0.011095	60.218830	4192	0	0.000000	0.963186
3	recycle	empty	cold	setup	60.230184	0.000476	12	0	0.000000	0.000137
3	recycle	empty	cold	classify	60.230668	0.000216	42	0	0.000000	0.000533
3	recycle	empty	cold	close	60.230948	0.000003	0	0	0.000000	0.000003
3	recycle	empty	cold	unmap	60.231063	0.013880	43	0	0.000000	0.014083
3	recycle	empty	cold	total	0.000003	60.244956	6923	1	0.003854	0.978680
3	recycle	empty	warm	taxo	0.000101	0.003195	2562	0	0.000000	0.003901
3	recycle	empty	warm	hash	0.003325	0.160518	4207	0	0.000000	1.198446
3	recycle	empty	warm	setup	0.163883	0.000075	10	0	0.000000	0.000077
3	recycle	empty	warm	classify	0.163963	0.000186	29	0	0.000000	0.000450
3	recycle	empty	warm	close	0.164342	0.000003	1	0	0.000000	0.000005
3	recycle	empty	warm	unmap	0.164358	0.013083	46	0	0.000000	0.013283
3	recycle	empty	warm	total	0.000003	0.177454	6939	0	0.000099	1.216617
3	rc	empty	cold	taxo	0.001301	0.009168	2549	0	0.003782	0.000000
3	rc	empty	cold	hash	0.010499	60.307120	4195	1	0.000000	0.966052
3	rc	empty	cold	setup	60.317643	0.001252	7	0	0.000000	0.000141
3	rc	empty	cold	classify	60.318901	0.000215	23	0	0.000000	0.000499
3	rc	empty	cold	close	60.319132	0.000014	0	0	0.000000	0.000136
3	rc	empty	cold	unmap	60.319155	0.014227	11	0	0.000000	0.014305
3	rc	empty	cold	total	0.000003	60.333435	6851	1	0.004001	0.981244
3	rc	empty	warm	taxo	0.000102	0.002873	2536	0	0.000000	0.003549
3	rc	empty	warm	hash	0.003001	0.178488	4194	0	0.000000	1.148264
3	rc	empty	warm	setup	0.181525	0.000074	8	0	0.000000	0.000094
3	rc	empty	warm	classify	0.181604	0.000198	47	0	0.000000	0.000507
3	rc	empty	warm	close	0.181980	0.000004	0	0	0.000000	0.000006
3	rc	empty	warm	unmap	0.181997	0.013374	36	0	0.000000	0.013571
3	rc	empty	warm	total	0.000003	0.195386	6920	0	0.000100	1.166446
3	matesize	empty	cold	taxo	0.001263	0.010729	2542	2	0.000000	0.004240
3	matesize	empty	cold	hash	0.012021	60.313127	4183	0	0.000000	0.953078
3	matesize	empty	cold	setup	60.325172	0.000512	3	0	0.000000	0.000148
3	matesize	empty	cold	classify	60.325691	0.000401	125	0	0.000000	0.000784
3	matesize	empty	cold	close	60.326106	0.000002	1	0	0.000000	0.000001
3	matesize	empty	cold	unmap	60.326116	0.013584	0	0	0.000000	0.013697
3	matesize	empty	cold	total	0.000003	60.339714	6873	2	0.000000	0.972330
3	matesize	empty	warm	taxo	0.000105	0.002795	2538	0	0.000000	0.003498
3	matesize	empty	warm	hash	0.002929	0.158261	4196	0	0.000000	1.193504
3	matesize	empty	warm	setup	0.161227	0.000078	8	0	0.000000	0.000080
3	matesize	empty	warm	classify	0.161310	0.000401	116	0	0.000000	0.000796
3	matesize	empty	warm	close	0.161730	0.000002	1	0	0.000000	0.000001
3	matesize	empty	warm	unmap	0.161740	0.013918	6	0	0.000000	0.014121
3	matesize	empty	warm	total	0.000003	0.175672	6895	0	0.000104	1.212113
3	batch	empty	cold	taxo	0.001711	0.010903	2538	1	0.003900	0.000000
3	batch	empty	cold	hash	0.012644	60.339449	4193	1	0.000000	0.950095
3	batch	empty	cold	setup	60.352127	0.000888	10	0	0.000000	0.000137
3	batch	empty	cold	classify	60.353028	0.000346	127	0	0.000000	0.000902
3	batch	empty	cold	close	60.353392	0.000002	0	0	0.000000	0.000001
3	batch	empty	cold	unmap	60.353402	0.013936	8	0	0.000000	0.013607
3	batch	empty	cold	total	0.000321	60.367035	6912	2	0.004093	0.964833
3	batch	empty	warm	taxo	0.000101	0.002894	2561	0	0.003446	0.000000
3	batch	empty	warm	hash	0.003021	0.156466	4197	0	0.000000	1.140808
3	batch	empty	warm	setup	0.159513	0.000068	6	0	0.000000	0.000069
3	batch	empty	warm	classify	0.159586	0.000500	177	0	0.000000	0.001152
3	batch	empty	warm	close	0.160100	0.000002	0	0	0.000000	0.000001
3	batch	empty	warm	unmap	0.160110	0.013079	0	0	0.000000	0.013197
3	batch	empty	warm	total	0.000003	0.173201	6954	0	0.003569	1.155309
3	final	empty	cold	taxo	0.001505	0.010249	2560	1	0.000000	0.003634
3	final	empty	cold	hash	0.011786	60.295961	4194	0	0.000000	0.980161
3	final	empty	cold	setup	60.307787	0.000694	15	0	0.000000	0.000168
3	final	empty	cold	classify	60.308490	0.000404	136	0	0.000000	0.000876
3	final	empty	cold	close	60.308914	0.000002	0	0	0.000000	0.000001
3	final	empty	cold	unmap	60.308923	0.014009	2	0	0.000000	0.007363
3	final	empty	cold	total	0.000379	60.322605	6926	1	0.000000	0.999378
3	final	empty	warm	taxo	0.000098	0.002920	2587	0	0.000000	0.003566
3	final	empty	warm	hash	0.003052	0.185175	4205	0	0.000000	1.120344
3	final	empty	warm	setup	0.188251	0.000067	12	0	0.000000	0.000092
3	final	empty	warm	classify	0.188334	0.000395	111	0	0.000000	0.000771
3	final	empty	warm	close	0.188746	0.000002	1	0	0.000000	0.000001
3	final	empty	warm	unmap	0.188756	0.013737	3	0	0.000000	0.013925
3	final	empty	warm	total	0.000003	0.202508	6949	0	0.000105	1.138812
3	final-aa	empty	cold	taxo	0.001394	0.009966	2563	1	0.000000	0.004093
3	final-aa	empty	cold	hash	0.011392	60.221226	4184	1	0.000000	0.974525
3	final-aa	empty	cold	setup	60.232661	0.000920	10	0	0.000000	0.000152
3	final-aa	empty	cold	classify	60.233589	0.000390	112	0	0.000000	0.000780
3	final-aa	empty	cold	close	60.233998	0.000002	1	0	0.000000	0.000001
3	final-aa	empty	cold	unmap	60.234008	0.014135	0	0	0.000000	0.009439
3	final-aa	empty	cold	total	0.000305	60.247895	6911	2	0.000000	0.994296
3	final-aa	empty	warm	taxo	0.000097	0.002853	2552	0	0.000000	0.003566
3	final-aa	empty	warm	hash	0.002978	0.164677	4227	0	0.000000	1.140018
3	final-aa	empty	warm	setup	0.167681	0.000066	4	0	0.000000	0.000072
3	final-aa	empty	warm	classify	0.167752	0.000446	158	0	0.000000	0.000995
3	final-aa	empty	warm	close	0.168215	0.000002	0	0	0.000000	0.000001
3	final-aa	empty	warm	unmap	0.168225	0.013583	0	0	0.000000	0.013687
3	final-aa	empty	warm	total	0.000003	0.181823	6957	0	0.000095	1.158522
3	base	empty	cold	taxo	0.001047	0.009549	2565	1	0.000792	0.003242
3	base	empty	cold	hash	0.010624	60.311763	1953149	0	0.010581	2.368544
3	base	empty	cold	setup	60.322426	0.000573	12	0	0.000000	0.000148
3	base	empty	cold	classify	60.323007	0.000204	49	0	0.000000	0.000550
3	base	empty	cold	close	60.323271	0.000005	0	0	0.000000	0.000001
3	base	empty	cold	unmap	60.323390	0.372733	46	0	0.000000	0.372973
3	base	empty	cold	total	0.000002	60.696138	1955905	1	0.011568	2.745938
3	base	empty	warm	taxo	0.000105	0.003058	2558	0	0.000000	0.003694
3	base	empty	warm	hash	0.003190	0.416310	1953158	0	0.000000	3.224030
3	base	empty	warm	setup	0.419531	0.000078	5	0	0.000000	0.000076
3	base	empty	warm	classify	0.419614	0.000205	48	0	0.000000	0.000629
3	base	empty	warm	close	0.419990	0.000003	0	0	0.000000	0.000005
3	base	empty	warm	unmap	0.420004	0.381893	42	0	0.000000	0.382109
3	base	empty	warm	total	0.000003	0.801934	1955907	0	0.000114	3.611026
4	fill	empty	warm	taxo	0.000113	0.002960	2534	1	0.003559	0.000000
4	fill	empty	warm	hash	0.003104	0.150187	4190	1	0.000000	1.090112
4	fill	empty	warm	setup	0.153326	0.000077	8	0	0.000000	0.000079
4	fill	empty	warm	classify	0.153409	0.000165	34	0	0.000000	0.000414
4	fill	empty	warm	close	0.153726	0.000003	1	0	0.000000	0.000002
4	fill	empty	warm	unmap	0.153742	0.012881	26	0	0.000000	0.013059
4	fill	empty	warm	total	0.000003	0.166633	6881	2	0.003697	1.104062
4	scan	empty	warm	taxo	0.000110	0.002941	2540	1	0.003556	0.000000
4	scan	empty	warm	hash	0.003082	0.174017	4195	1	0.000000	0.975294
4	scan	empty	warm	setup	0.177139	0.000064	12	0	0.000000	0.000064
4	scan	empty	warm	classify	0.177208	0.000254	54	0	0.000000	0.000710
4	scan	empty	warm	close	0.177506	0.000010	0	0	0.000000	0.000001
4	scan	empty	warm	unmap	0.177533	0.013525	106	0	0.000000	0.013804
4	scan	empty	warm	total	0.000003	0.191083	6934	2	0.003696	0.990147
4	recycle	empty	warm	taxo	0.000107	0.002933	2561	1	0.003614	0.000000
4	recycle	empty	warm	hash	0.003066	0.150071	4188	1	0.000000	1.072978
4	recycle	empty	warm	setup	0.153167	0.000083	12	0	0.000000	0.000074
4	recycle	empty	warm	classify	0.153256	0.000182	60	0	0.000000	0.000495
4	recycle	empty	warm	close	0.153487	0.000004	0	0	0.000000	0.000001
4	recycle	empty	warm	unmap	0.153501	0.013011	79	0	0.000000	0.013321
4	recycle	empty	warm	total	0.000003	0.166535	6945	2	0.003746	1.087131
4	rc	empty	warm	taxo	0.000109	0.003056	2564	1	0.003788	0.000000
4	rc	empty	warm	hash	0.003194	0.150600	4199	1	0.000000	1.073018
4	rc	empty	warm	setup	0.153829	0.000076	5	0	0.000000	0.000073
4	rc	empty	warm	classify	0.153911	0.000223	73	0	0.000000	0.000654
4	rc	empty	warm	close	0.154187	0.000004	0	0	0.000000	0.000001
4	rc	empty	warm	unmap	0.154333	0.013648	47	0	0.000000	0.013857
4	rc	empty	warm	total	0.000003	0.168000	6978	2	0.003923	1.088083
4	matesize	empty	warm	taxo	0.000110	0.002946	2540	1	0.003610	0.000000
4	matesize	empty	warm	hash	0.003083	0.150032	4192	1	0.000000	1.071909
4	matesize	empty	warm	setup	0.153145	0.000080	12	0	0.000000	0.000074
4	matesize	empty	warm	classify	0.153231	0.000371	129	0	0.000000	0.000740
4	matesize	empty	warm	close	0.153617	0.000002	0	0	0.000000	0.000001
4	matesize	empty	warm	unmap	0.153627	0.012862	0	0	0.000000	0.012983
4	matesize	empty	warm	total	0.000003	0.166504	6895	2	0.003741	1.085857
4	batch	empty	warm	taxo	0.000413	0.003603	2562	1	0.000000	0.003874
4	batch	empty	warm	hash	0.004047	0.153591	4196	1	0.000000	1.133784
4	batch	empty	warm	setup	0.157681	0.000080	14	0	0.000000	0.000080
4	batch	empty	warm	classify	0.157767	0.000406	112	0	0.000000	0.000805
4	batch	empty	warm	close	0.158190	0.000002	0	0	0.000000	0.000001
4	batch	empty	warm	unmap	0.158199	0.013266	0	0	0.000000	0.013381
4	batch	empty	warm	total	0.000303	0.171181	6906	2	0.000000	1.152241
4	final	empty	warm	taxo	0.000428	0.003334	2570	1	0.003600	0.000000
4	final	empty	warm	hash	0.003791	0.149791	4200	1	0.000000	1.077600
4	final	empty	warm	setup	0.153620	0.000073	10	0	0.000000	0.000074
4	final	empty	warm	classify	0.153698	0.000434	119	0	0.000000	0.000803
4	final	empty	warm	close	0.154161	0.000002	0	0	0.000000	0.000001
4	final	empty	warm	unmap	0.154170	0.012805	0	0	0.000000	0.012917
4	final	empty	warm	total	0.000322	0.166674	6935	2	0.003733	1.091561
4	final-aa	empty	warm	taxo	0.000103	0.002950	2558	0	0.003531	0.000000
4	final-aa	empty	warm	hash	0.003083	0.151207	4201	0	0.000000	1.114520
4	final-aa	empty	warm	setup	0.154313	0.000073	2	0	0.000000	0.000083
4	final-aa	empty	warm	classify	0.154392	0.000405	148	0	0.000000	0.000864
4	final-aa	empty	warm	close	0.154812	0.000001	0	0	0.000000	0.000001
4	final-aa	empty	warm	unmap	0.154821	0.012944	16	0	0.000000	0.013195
4	final-aa	empty	warm	total	0.000003	0.167779	6946	0	0.003663	1.128726
4	base	empty	warm	taxo	0.000105	0.002839	2563	0	0.003455	0.000000
4	base	empty	warm	hash	0.002975	0.516152	1953152	0	0.000000	3.193904
4	base	empty	warm	setup	0.519162	0.000076	11	0	0.000000	0.000112
4	base	empty	warm	classify	0.519249	0.000176	46	0	0.000000	0.000404
4	base	empty	warm	close	0.519467	0.000003	0	0	0.000000	0.000006
4	base	empty	warm	unmap	0.519615	0.382723	34	0	0.000000	0.382725
4	base	empty	warm	total	0.000003	0.902367	1955887	0	0.003588	3.577590
4	thp	empty	warm	taxo	0.000109	0.003024	2532	1	0.003697	0.000000
4	thp	empty	warm	hash	0.003161	0.150279	4194	1	0.000000	1.085888
4	thp	empty	warm	setup	0.153473	0.000080	8	0	0.000000	0.000077
4	thp	empty	warm	classify	0.153559	0.000166	33	0	0.000000	0.000463
4	thp	empty	warm	close	0.153770	0.000041	0	0	0.000000	0.000003
4	thp	empty	warm	unmap	0.153941	0.013010	43	0	0.000000	0.013211
4	thp	empty	warm	total	0.000003	0.166964	6902	2	0.003829	1.100167
5	scan	empty	warm	taxo	0.000103	0.003009	2562	0	0.003653	0.000000
5	scan	empty	warm	hash	0.003140	0.148551	4193	0	0.000000	1.076575
5	scan	empty	warm	setup	0.151730	0.000076	12	0	0.000000	0.000075
5	scan	empty	warm	classify	0.151811	0.000160	14	0	0.000000	0.000449
5	scan	empty	warm	close	0.152016	0.000005	0	0	0.000000	0.000002
5	scan	empty	warm	unmap	0.152032	0.013419	80	0	0.000000	0.013761
5	scan	empty	warm	total	0.000003	0.165468	6899	0	0.003781	1.090997
5	recycle	empty	warm	taxo	0.000113	0.002991	2536	0	0.000000	0.003659
5	recycle	empty	warm	hash	0.003130	0.147939	4195	0	0.000000	1.069184
5	recycle	empty	warm	setup	0.151109	0.000077	12	0	0.000000	0.000077
5	recycle	empty	warm	classify	0.151192	0.000179	37	0	0.000000	0.000384
5	recycle	empty	warm	close	0.151408	0.000002	0	0	0.000000	0.000001
5	recycle	empty	warm	unmap	0.151419	0.012822	78	0	0.000000	0.013120
5	recycle	empty	warm	total	0.000003	0.164256	6885	0	0.000000	1.086844
5	rc	empty	warm	taxo	0.000107	0.002947	2548	0	0.003699	0.000000
5	rc	empty	warm	hash	0.003080	0.148537	4190	0	0.000000	1.064186
5	rc	empty	warm	setup	0.151641	0.000070	5	0	0.000000	0.000072
5	rc	empty	warm	classify	0.151717	0.000185	33	0	0.000000	0.000471
5	rc	empty	warm	close	0.152071	0.000003	1	0	0.000000	0.000002
5	rc	empty	warm	unmap	0.152086	0.012894	21	0	0.000000	0.013068
5	rc	empty	warm	total	0.000003	0.164993	6878	0	0.003829	1.078163
5	matesize	empty	warm	taxo	0.000107	0.003080	2515	0	0.003662	0.000000
5	matesize	empty	warm	hash	0.003215	0.149495	4205	0	0.000000	1.070611
5	matesize	empty	warm	setup	0.152748	0.000076	12	0	0.000000	0.000075
5	matesize	empty	warm	classify	0.152830	0.000381	181	0	0.000000	0.000887
5	matesize	empty	warm	close	0.153227	0.000002	2	0	0.000000	0.000001
5	matesize	empty	warm	unmap	0.153236	0.013903	3	0	0.000000	0.013638
5	matesize	empty	warm	total	0.000003	0.167157	6952	0	0.003797	1.085516
5	batch	empty	warm	taxo	0.000102	0.003272	2579	0	0.003906	0.000000
5	batch	empty	warm	hash	0.003402	0.148474	4201	0	0.000000	1.054740
5	batch	empty	warm	setup	0.151900	0.000067	0	0	0.000000	0.000069
5	batch	empty	warm	classify	0.151972	0.000380	138	0	0.000000	0.000794
5	batch	empty	warm	close	0.152368	0.000002	1	0	0.000000	0.000001
5	batch	empty	warm	unmap	0.152378	0.012915	7	0	0.000000	0.013120
5	batch	empty	warm	total	0.000003	0.165307	6955	0	0.004033	1.068789
5	final	empty	warm	taxo	0.000102	0.003003	2567	0	0.003618	0.000000
5	final	empty	warm	hash	0.003131	0.157072	4199	0	0.000000	1.028768
5	final	empty	warm	setup	0.160232	0.000065	4	0	0.000000	0.000059
5	final	empty	warm	classify	0.160303	0.000433	159	0	0.000000	0.001008
5	final	empty	warm	close	0.160750	0.000002	0	0	0.000000	0.000001
5	final	empty	warm	unmap	0.160760	0.012876	0	0	0.000000	0.012987
5	final	empty	warm	total	0.000003	0.173651	6949	0	0.003744	1.042996
5	final-aa	empty	warm	taxo	0.000103	0.002904	2531	0	0.003450	0.000000
5	final-aa	empty	warm	hash	0.003036	0.162027	4205	0	0.000000	0.954212
5	final-aa	empty	warm	setup	0.165094	0.000067	6	0	0.000000	0.000081
5	final-aa	empty	warm	classify	0.165167	0.000375	163	0	0.000000	0.000844
5	final-aa	empty	warm	close	0.165553	0.000002	1	0	0.000000	0.000001
5	final-aa	empty	warm	unmap	0.165562	0.013628	1	0	0.000000	0.013820
5	final-aa	empty	warm	total	0.000003	0.179206	6935	0	0.003580	0.969031
5	base	empty	warm	taxo	0.000110	0.002752	2541	0	0.003436	0.000000
5	base	empty	warm	hash	0.002889	0.447825	1953159	0	0.000000	3.390029
5	base	empty	warm	setup	0.450740	0.000069	2	0	0.000000	0.000071
5	base	empty	warm	classify	0.450814	0.000177	24	0	0.000000	0.000457
5	base	empty	warm	close	0.451169	0.000004	1	0	0.000000	0.000002
5	base	empty	warm	unmap	0.451184	0.387154	17	0	0.000000	0.387614
5	base	empty	warm	total	0.000003	0.838356	1955824	0	0.003574	3.778552
5	thp	empty	warm	taxo	0.000111	0.003660	2564	0	0.004383	0.000000
5	thp	empty	warm	hash	0.003802	0.156827	4193	0	0.000000	1.181295
5	thp	empty	warm	setup	0.160669	0.000079	12	0	0.000000	0.000084
5	thp	empty	warm	classify	0.160753	0.000181	27	0	0.000000	0.000406
5	thp	empty	warm	close	0.161139	0.000003	1	0	0.000000	0.000005
5	thp	empty	warm	unmap	0.161154	0.014246	28	0	0.000000	0.014441
5	thp	empty	warm	total	0.000003	0.175412	6916	0	0.004524	1.196704
5	fill	empty	warm	taxo	0.000109	0.002895	2535	0	0.003579	0.000000
5	fill	empty	warm	hash	0.003033	0.154642	4199	0	0.000000	1.149345
5	fill	empty	warm	setup	0.157697	0.000059	2	0	0.000000	0.000062
5	fill	empty	warm	classify	0.157761	0.000197	34	0	0.000000	0.000475
5	fill	empty	warm	close	0.158165	0.000002	1	0	0.000000	0.000001
5	fill	empty	warm	unmap	0.158178	0.013367	28	0	0.000000	0.013554
5	fill	empty	warm	total	0.000003	0.171558	6885	0	0.003714	1.163852
6	recycle	empty	warm	taxo	0.000109	0.003172	2568	0	0.003887	0.000000
6	recycle	empty	warm	hash	0.003313	0.156016	4193	0	0.000000	1.156768
6	recycle	empty	warm	setup	0.159366	0.000079	8	0	0.000000	0.000081
6	recycle	empty	warm	classify	0.159450	0.000179	35	0	0.000000	0.000445
6	recycle	empty	warm	close	0.159818	0.000002	0	0	0.000000	0.000005
6	recycle	empty	warm	unmap	0.159833	0.013208	26	0	0.000000	0.013396
6	recycle	empty	warm	total	0.000003	0.173050	6913	0	0.004023	1.171100
6	rc	empty	warm	taxo	0.000119	0.003132	2578	0	0.003874	0.000000
6	rc	empty	warm	hash	0.003280	0.154873	4194	0	0.000000	1.147051
6	rc	empty	warm	setup	0.158182	0.000075	7	0	0.000000	0.000077
6	rc	empty	warm	classify	0.158263	0.000190	28	0	0.000000	0.000469
6	rc	empty	warm	close	0.158492	0.000005	0	0	0.000000	0.000001
6	rc	empty	warm	unmap	0.158635	0.013969	49	0	0.000000	0.014201
6	rc	empty	warm	total	0.000003	0.172621	6946	0	0.004039	1.162240
6	matesize	empty	warm	taxo	0.000112	0.002973	2562	0	0.000000	0.003731
6	matesize	empty	warm	hash	0.003116	0.175339	4192	0	0.000000	1.039496
6	matesize	empty	warm	setup	0.178492	0.000070	5	0	0.000000	0.000072
6	matesize	empty	warm	classify	0.178568	0.000385	132	0	0.000000	0.000572
6	matesize	empty	warm	close	0.178964	0.000001	0	0	0.000000	0.000001
6	matesize	empty	warm	unmap	0.178973	0.014231	0	0	0.000000	0.014373
6	matesize	empty	warm	total	0.000003	0.193241	6912	0	0.000000	1.058775
6	batch	empty	warm	taxo	0.000102	0.002898	2552	0	0.000000	0.003635
6	batch	empty	warm	hash	0.003033	0.155101	4220	0	0.000000	1.146652
6	batch	empty	warm	setup	0.158176	0.000074	10	0	0.000000	0.000074
6	batch	empty	warm	classify	0.158255	0.000408	129	0	0.000000	0.000825
6	batch	empty	warm	close	0.158681	0.000002	0	0	0.000000	0.000001
6	batch	empty	warm	unmap	0.158690	0.012968	11	0	0.000000	0.013177
6	batch	empty	warm	total	0.000003	0.171672	6952	0	0.000101	1.164489
6	final	empty	warm	taxo	0.000190	0.003061	2543	0	0.003705	0.000000
6	final	empty	warm	hash	0.003280	0.155023	4210	0	0.004120	1.140041
6	final	empty	warm	setup	0.158339	0.000077	10	0	0.000000	0.000074
6	final	empty	warm	classify	0.158421	0.000469	186	0	0.000008	0.000915
6	final	empty	warm	close	0.158907	0.000001	0	0	0.000000	0.000001
6	final	empty	warm	unmap	0.158917	0.012972	0	0	0.000027	0.013049
6	final	empty	warm	total	0.000003	0.171903	7006	0	0.008115	1.154168
6	final-aa	empty	warm	taxo	0.000099	0.002972	2549	0	0.000000	0.003685
6	final-aa	empty	warm	hash	0.003101	0.152100	4211	0	0.000000	1.107442
6	final-aa	empty	warm	setup	0.155248	0.000081	14	0	0.000000	0.000080
6	final-aa	empty	warm	classify	0.155335	0.000396	130	0	0.000000	0.000761
6	final-aa	empty	warm	close	0.155748	0.000002	0	0	0.000000	0.000001
6	final-aa	empty	warm	unmap	0.155757	0.013017	0	0	0.000000	0.013141
6	final-aa	empty	warm	total	0.000003	0.168789	6932	0	0.000097	1.125324
6	base	empty	warm	taxo	0.000103	0.002986	2554	0	0.003755	0.000000
6	base	empty	warm	hash	0.003115	0.443751	1953145	0	0.000000	3.444517
6	base	empty	warm	setup	0.446905	0.000076	12	0	0.000000	0.000077
6	base	empty	warm	classify	0.446986	0.000151	23	0	0.000000	0.000385
6	base	empty	warm	close	0.447197	0.000125	15	0	0.000000	0.000142
6	base	empty	warm	unmap	0.447333	0.380895	44	0	0.000000	0.381105
6	base	empty	warm	total	0.000002	0.828257	1955884	0	0.003881	3.826627
6	thp	empty	warm	taxo	0.000110	0.002995	2543	0	0.000000	0.003674
6	thp	empty	warm	hash	0.003135	0.153077	4206	0	0.000000	1.114011
6	thp	empty	warm	setup	0.156253	0.000077	10	0	0.000000	0.000071
6	thp	empty	warm	classify	0.156336	0.000235	91	0	0.000000	0.000670
6	thp	empty	warm	close	0.156618	0.000003	0	0	0.000000	0.000001
6	thp	empty	warm	unmap	0.156632	0.013951	40	0	0.000000	0.014085
6	thp	empty	warm	total	0.000002	0.170620	6937	0	0.000000	1.132931
6	fill	empty	warm	taxo	0.000115	0.002986	2543	0	0.003681	0.000000
6	fill	empty	warm	hash	0.003131	0.154132	4196	0	0.004462	1.081045
6	fill	empty	warm	setup	0.157288	0.000074	4	0	0.000001	0.000076
6	fill	empty	warm	classify	0.157368	0.000308	112	0	0.000007	0.000775
6	fill	empty	warm	close	0.157725	0.000006	0	0	0.000000	0.000002
6	fill	empty	warm	unmap	0.157892	0.012973	48	0	0.000000	0.013185
6	fill	empty	warm	total	0.000003	0.170884	6976	0	0.008303	1.095482
6	scan	empty	warm	taxo	0.000115	0.002914	2540	0	0.000000	0.003547
6	scan	empty	warm	hash	0.003052	0.147920	4196	0	0.000000	1.071117
6	scan	empty	warm	setup	0.150994	0.000064	3	0	0.000000	0.000066
6	scan	empty	warm	classify	0.151063	0.000197	55	0	0.000000	0.000536
6	scan	empty	warm	close	0.151398	0.000002	0	0	0.000000	0.000004
6	scan	empty	warm	unmap	0.151411	0.012970	48	0	0.000000	0.013211
6	scan	empty	warm	total	0.000003	0.164395	6913	0	0.000113	1.088884
7	rc	empty	warm	taxo	0.000137	0.003042	2538	0	0.003691	0.000000
7	rc	empty	warm	hash	0.003222	0.149065	4197	0	0.000000	1.072005
7	rc	empty	warm	setup	0.152317	0.000085	14	0	0.000000	0.000078
7	rc	empty	warm	classify	0.152409	0.000182	25	0	0.000000	0.000437
7	rc	empty	warm	close	0.152793	0.000002	1	0	0.000000	0.000004
7	rc	empty	warm	unmap	0.152807	0.012947	28	0	0.000000	0.013128
7	rc	empty	warm	total	0.000003	0.165767	6912	0	0.003859	1.086117
7	matesize	empty	warm	taxo	0.000108	0.002967	2540	0	0.000000	0.003639
7	matesize	empty	warm	hash	0.003101	0.149833	4190	0	0.000000	1.081867
7	matesize	empty	warm	setup	0.152960	0.000066	1	0	0.000000	0.000068
7	matesize	empty	warm	classify	0.153033	0.000352	100	0	0.000000	0.000707
7	matesize	empty	warm	close	0.153394	0.000002	0	0	0.000000	0.000001
7	matesize	empty	warm	unmap	0.153402	0.012812	20	0	0.000000	0.013025
7	matesize	empty	warm	total	0.000003	0.166231	6876	0	0.000108	1.099395
7	batch	empty	warm	taxo	0.000100	0.002874	2568	0	0.003458	0.000000
7	batch	empty	warm	hash	0.003001	0.146662	4203	0	0.000000	1.058703
7	batch	empty	warm	setup	0.149690	0.000077	2	0	0.000000	0.000085
7	batch	empty	warm	classify	0.149773	0.000368	173	0	0.000000	0.000909
7	batch	empty	warm	close	0.150157	0.000002	0	0	0.000000	0.000001
7	batch	empty	warm	unmap	0.150167	0.013563	8	0	0.000000	0.013772
7	batch	empty	warm	total	0.000003	0.163747	6983	0	0.003582	1.073541
7	final	empty	warm	taxo	0.000105	0.003027	2544	0	0.003605	0.000000
7	final	empty	warm	hash	0.003160	0.149593	4209	0	0.000000	1.077560
7	final	empty	warm	setup	0.152783	0.000076	6	0	0.000000	0.000075
7	final	empty	warm	classify	0.152865	0.000362	129	0	0.000000	0.000758
7	final	empty	warm	close	0.153242	0.000002	1	0	0.000000	0.000001
7	final	empty	warm	unmap	0.153252	0.013210	2	0	0.000000	0.013430
7	final	empty	warm	total	0.000003	0.166499	6924	0	0.003737	1.091940
7	final-aa	empty	warm	taxo	0.000097	0.002971	2554	0	0.003742	0.000000
7	final-aa	empty	warm	hash	0.003096	0.148768	4207	0	0.000000	1.071543
7	final-aa	empty	warm	setup	0.151892	0.000071	4	0	0.000000	0.000090
7	final-aa	empty	warm	classify	0.151968	0.000409	147	0	0.000000	0.000790
7	final-aa	empty	warm	close	0.152393	0.000001	0	0	0.000000	0.000080
7	final-aa	empty	warm	unmap	0.152402	0.013610	0	0	0.000000	0.013712
7	final-aa	empty	warm	total	0.000003	0.166027	6926	0	0.003864	1.086302
7	base	empty	warm	taxo	0.000103	0.002918	2542	0	0.000000	0.003568
7	base	empty	warm	hash	0.003047	0.491051	1953146	0	0.000000	3.191994
7	base	empty	warm	setup	0.494121	0.000073	5	0	0.000000	0.000120
7	base	empty	warm	classify	0.494213	0.000161	38	0	0.000000	0.000428
7	base	empty	warm	close	0.494424	0.000008	0	0	0.000000	0.000001
7	base	empty	warm	unmap	0.494557	0.383564	38	0	0.000000	0.383783
7	base	empty	warm	total	0.000003	0.878141	1955863	0	0.000102	3.580309
7	thp	empty	warm	taxo	0.000101	0.002931	2552	0	0.003596	0.000000
7	thp	empty	warm	hash	0.003060	0.150912	4189	0	0.000000	1.105077
7	thp	empty	warm	setup	0.154006	0.000074	8	0	0.000000	0.000071
7	thp	empty	warm	classify	0.154086	0.000157	15	0	0.000000	0.000417
7	thp	empty	warm	close	0.154413	0.000002	0	0	0.000000	0.000002
7	thp	empty	warm	unmap	0.154425	0.013774	41	0	0.000000	0.013981
7	thp	empty	warm	total	0.000002	0.168214	6889	0	0.003723	1.119987
7	fill	empty	warm	taxo	0.000108	0.002778	2538	0	0.000000	0.003537
7	fill	empty	warm	hash	0.002914	0.151702	4195	0	0.008000	1.108213
7	fill	empty	warm	setup	0.154648	0.000070	8	0	0.000000	0.000071
7	fill	empty	warm	classify	0.154724	0.000155	27	0	0.000003	0.000347
7	fill	empty	warm	close	0.154938	0.000004	0	0	0.000000	0.000001
7	fill	empty	warm	unmap	0.155063	0.012842	28	0	0.000028	0.012990
7	fill	empty	warm	total	0.000003	0.167920	6881	0	0.008145	1.125673
7	scan	empty	warm	taxo	0.000107	0.002969	2525	0	0.000000	0.003645
7	scan	empty	warm	hash	0.003105	0.150125	4189	0	0.000000	1.078259
7	scan	empty	warm	setup	0.153276	0.000080	11	0	0.000000	0.000084
7	scan	empty	warm	classify	0.153362	0.000167	23	0	0.000000	0.000502
7	scan	empty	warm	close	0.153553	0.000002	0	0	0.000000	0.000001
7	scan	empty	warm	unmap	0.153579	0.014033	52	0	0.000000	0.014097
7	scan	empty	warm	total	0.000003	0.167628	6825	0	0.000107	1.096788
7	recycle	empty	warm	taxo	0.000103	0.003066	2571	0	0.000000	0.003805
7	recycle	empty	warm	hash	0.003194	0.149266	4196	0	0.000000	1.071014
7	recycle	empty	warm	setup	0.152489	0.000073	8	0	0.000000	0.000073
7	recycle	empty	warm	classify	0.152567	0.000187	28	0	0.000000	0.000470
7	recycle	empty	warm	close	0.152788	0.000002	0	0	0.000000	0.000001
7	recycle	empty	warm	unmap	0.152937	0.013109	44	0	0.000000	0.013299
7	recycle	empty	warm	total	0.000003	0.166063	6930	0	0.000101	1.089135
8	matesize	empty	warm	taxo	0.000156	0.002824	2557	0	0.003457	0.000000
8	matesize	empty	warm	hash	0.003007	0.149488	4196	0	0.004757	1.086045
8	matesize	empty	warm	setup	0.152523	0.000077	10	0	0.000000	0.000073
8	matesize	empty	warm	classify	0.152605	0.000440	226	0	0.000009	0.000927
8	matesize	empty	warm	close	0.153062	0.000002	0	0	0.000000	0.000001
8	matesize	empty	warm	unmap	0.153071	0.012910	0	0	0.000026	0.012992
8	matesize	empty	warm	total	0.000003	0.165997	7024	0	0.008474	1.100202
8	batch	empty	warm	taxo	0.000097	0.002878	2553	0	0.003531	0.000000
8	batch	empty	warm	hash	0.003002	0.148484	4210	0	0.000000	1.069220
8	batch	empty	warm	setup	0.151530	0.000073	10	0	0.000000	0.000074
8	batch	empty	warm	classify	0.151608	0.000357	117	0	0.000000	0.000596
8	batch	empty	warm	close	0.151983	0.000002	0	0	0.000000	0.000001
8	batch	empty	warm	unmap	0.151993	0.013467	0	0	0.000000	0.013577
8	batch	empty	warm	total	0.000003	0.165472	6920	0	0.003653	1.083808
8	final	empty	warm	taxo	0.000095	0.002925	2552	0	0.000000	0.003628
8	final	empty	warm	hash	0.003051	0.149800	4202	0	0.000000	1.076993
8	final	empty	warm	setup	0.152896	0.000073	10	0	0.000000	0.000072
8	final	empty	warm	classify	0.152974	0.000473	135	0	0.000000	0.000928
8	final	empty	warm	close	0.153465	0.000002	1	0	0.000000	0.000001
8	final	empty	warm	unmap	0.153474	0.012894	0	0	0.000000	0.012535
8	final	empty	warm	total	0.000003	0.166384	6931	0	0.000094	1.094367
8	final-aa	empty	warm	taxo	0.000100	0.003051	2579	0	0.000000	0.003714
8	final-aa	empty	warm	hash	0.003178	0.151072	4200	0	0.000000	1.001966
8	final-aa	empty	warm	setup	0.154287	0.000061	8	0	0.000000	0.000061
8	final-aa	empty	warm	classify	0.154354	0.000379	138	0	0.000000	0.000725
8	final-aa	empty	warm	close	0.154746	0.000002	2	0	0.000000	0.000001
8	final-aa	empty	warm	unmap	0.154756	0.013607	0	0	0.000000	0.013797
8	final-aa	empty	warm	total	0.000003	0.168379	6956	0	0.000099	1.020377
8	base	empty	warm	taxo	0.000105	0.002980	2538	0	0.000000	0.003635
8	base	empty	warm	hash	0.003112	0.399626	1953155	0	0.000000	3.055750
8	base	empty	warm	setup	0.402774	0.000070	8	0	0.000000	0.000072
8	base	empty	warm	classify	0.402849	0.000170	23	0	0.000000	0.000438
8	base	empty	warm	close	0.403193	0.000002	1	0	0.000000	0.000005
8	base	empty	warm	unmap	0.403206	0.385220	29	0	0.000000	0.385638
8	base	empty	warm	total	0.000003	0.788444	1955844	0	0.000103	3.445968
8	thp	empty	warm	taxo	0.000098	0.002821	2542	0	0.000000	0.003453
8	thp	empty	warm	hash	0.002947	0.149645	4203	0	0.000000	1.078811
8	thp	empty	warm	setup	0.152637	0.000066	10	0	0.000000	0.000066
8	thp	empty	warm	classify	0.152709	0.000229	35	0	0.000000	0.000687
8	thp	empty	warm	close	0.153064	0.000003	0	0	0.000000	0.000005
8	thp	empty	warm	unmap	0.153080	0.013664	37	0	0.000000	0.013854
8	thp	empty	warm	total	0.000003	0.166757	6916	0	0.000097	1.097211
8	fill	empty	warm	taxo	0.000100	0.002971	2531	0	0.000000	0.003611
8	fill	empty	warm	hash	0.003096	0.150386	4191	0	0.000000	1.081105
8	fill	empty	warm	setup	0.153514	0.000080	9	0	0.000000	0.000079
8	fill	empty	warm	classify	0.153599	0.000191	23	0	0.000000	0.000502
8	fill	empty	warm	close	0.153963	0.000002	0	0	0.000000	0.000002
8	fill	empty	warm	unmap	0.153974	0.013825	47	0	0.000000	0.014042
8	fill	empty	warm	total	0.000003	0.167813	6881	0	0.000101	1.099730
8	scan	empty	warm	taxo	0.000097	0.003442	2542	0	0.004134	0.000000
8	scan	empty	warm	hash	0.003568	0.149453	4205	0	0.000000	1.081429
8	scan	empty	warm	setup	0.153068	0.000078	16	0	0.000000	0.000080
8	scan	empty	warm	classify	0.153152	0.000171	35	0	0.000000	0.000386
8	scan	empty	warm	close	0.153464	0.000002	1	0	0.000000	0.000004
8	scan	empty	warm	unmap	0.153478	0.013528	41	0	0.000000	0.013732
8	scan	empty	warm	total	0.000003	0.167018	6928	0	0.004258	1.096084
8	recycle	empty	warm	taxo	0.000094	0.003043	2543	0	0.000000	0.003768
8	recycle	empty	warm	hash	0.003165	0.150169	4204	0	0.000000	1.090920
8	recycle	empty	warm	setup	0.153376	0.000077	13	0	0.000000	0.000079
8	recycle	empty	warm	classify	0.153458	0.000185	33	0	0.000000	0.000498
8	recycle	empty	warm	close	0.153680	0.000002	0	0	0.000000	0.000001
8	recycle	empty	warm	unmap	0.153691	0.012910	71	0	0.000000	0.013213
8	recycle	empty	warm	total	0.000003	0.166616	6893	0	0.000095	1.108696
8	rc	empty	warm	taxo	0.000124	0.002920	2554	0	0.003616	0.000000
8	rc	empty	warm	hash	0.003073	0.149135	4199	0	0.000000	1.077566
8	rc	empty	warm	setup	0.152237	0.000066	4	0	0.000000	0.000068
8	rc	empty	warm	classify	0.152308	0.000176	27	0	0.000000	0.000395
8	rc	empty	warm	close	0.152528	0.000003	0	0	0.000000	0.000001
8	rc	empty	warm	unmap	0.152541	0.013576	48	0	0.000000	0.013740
8	rc	empty	warm	total	0.000003	0.166133	6869	0	0.003776	1.092036
9	batch	empty	warm	taxo	0.000104	0.003093	2547	0	0.000000	0.003742
9	batch	empty	warm	hash	0.003222	0.163452	4206	0	0.000000	1.003816
9	batch	empty	warm	setup	0.166704	0.000064	4	0	0.000000	0.000058
9	batch	empty	warm	classify	0.166774	0.000381	142	0	0.000000	0.000816
9	batch	empty	warm	close	0.167165	0.000002	0	0	0.000000	0.000004
9	batch	empty	warm	unmap	0.167175	0.014122	1	0	0.000000	0.005965
9	batch	empty	warm	total	0.000003	0.181323	6922	0	0.000103	1.022910
9	final	empty	warm	taxo	0.000108	0.002988	2540	0	0.000000	0.003604
9	final	empty	warm	hash	0.003122	0.153054	4208	0	0.000000	1.123594
9	final	empty	warm	setup	0.156208	0.000072	4	0	0.000000	0.000069
9	final	empty	warm	classify	0.156286	0.000386	139	0	0.000000	0.000894
9	final	empty	warm	close	0.156688	0.000002	0	0	0.000000	0.000001
9	final	empty	warm	unmap	0.156697	0.013124	0	0	0.000000	0.013232
9	final	empty	warm	total	0.000003	0.169834	6905	0	0.000106	1.141499
9	final-aa	empty	warm	taxo	0.000103	0.002897	2568	0	0.003558	0.000000
9	final-aa	empty	warm	hash	0.003029	0.150492	4206	0	0.000000	1.082962
9	final-aa	empty	warm	setup	0.153552	0.000072	6	0	0.000000	0.000074
9	final-aa	empty	warm	classify	0.153630	0.000411	143	0	0.000000	0.000857
9	final-aa	empty	warm	close	0.154056	0.000002	0	0	0.000000	0.000001
9	final-aa	empty	warm	unmap	0.154070	0.013423	0	0	0.000000	0.013530
9	final-aa	empty	warm	total	0.000003	0.167508	6935	0	0.003687	1.097506
9	base	empty	warm	taxo	0.000099	0.002962	2536	0	0.000000	0.003662
9	base	empty	warm	hash	0.003087	0.445323	1953152	0	0.000000	3.356107
9	base	empty	warm	setup	0.448445	0.000073	8	0	0.000000	0.000096
9	base	empty	warm	classify	0.448524	0.000248	33	0	0.000000	0.000765
9	base	empty	warm	close	0.448803	0.000004	0	0	0.000000	0.000001
9	base	empty	warm	unmap	0.448917	0.383961	49	0	0.000000	0.384037
9	base	empty	warm	total	0.000003	0.832915	1955852	0	0.000100	3.745007
9	thp	empty	warm	taxo	0.000102	0.003482	2564	0	0.004171	0.000000
9	thp	empty	warm	hash	0.003612	0.149776	4198	0	0.000000	1.078356
9	thp	empty	warm	setup	0.153427	0.000075	8	0	0.000000	0.000076
9	thp	empty	warm	classify	0.153508	0.000191	23	0	0.000000	0.000472
9	thp	empty	warm	close	0.153750	0.000004	0	0	0.000000	0.000008
9	thp	empty	warm	unmap	0.153933	0.013584	21	0	0.000000	0.013758
9	thp	empty	warm	total	0.000003	0.167533	6924	0	0.004301	1.093079
9	fill	empty	warm	taxo	0.000102	0.003128	2586	0	0.003855	0.000000
9	fill	empty	warm	hash	0.003258	0.151363	4193	0	0.000000	1.088180
9	fill	empty	warm	setup	0.154653	0.000069	6	0	0.000000	0.000071
9	fill	empty	warm	classify	0.154727	0.000196	66	0	0.000000	0.000518
9	fill	empty	warm	close	0.154967	0.000006	0	0	0.000000	0.000001
9	fill	empty	warm	unmap	0.154983	0.013763	49	0	0.000000	0.014040
9	fill	empty	warm	total	0.000003	0.168765	6935	0	0.003981	1.103083
9	scan	empty	warm	taxo	0.000096	0.003048	2544	0	0.003844	0.000000
9	scan	empty	warm	hash	0.003171	0.171581	4203	0	0.000000	0.941527
9	scan	empty	warm	setup	0.174776	0.000053	4	0	0.000000	0.000055
9	scan	empty	warm	classify	0.174834	0.000150	29	0	0.000000	0.000405
9	scan	empty	warm	close	0.175179	0.000003	1	0	0.000000	0.000002
9	scan	empty	warm	unmap	0.175194	0.012827	22	0	0.000000	0.013009
9	scan	empty	warm	total	0.000003	0.188034	6903	0	0.003965	0.955485
9	recycle	empty	warm	taxo	0.000133	0.002915	2533	0	0.003568	0.000000
9	recycle	empty	warm	hash	0.003076	0.159431	4191	0	0.000000	0.970713
9	recycle	empty	warm	setup	0.162537	0.000059	4	0	0.000000	0.000062
9	recycle	empty	warm	classify	0.162602	0.000189	25	0	0.000000	0.000391
9	recycle	empty	warm	close	0.162856	0.000005	0	0	0.000000	0.000001
9	recycle	empty	warm	unmap	0.163001	0.013593	7	0	0.000000	0.013757
9	recycle	empty	warm	total	0.000003	0.176615	6886	0	0.003744	0.985417
9	rc	empty	warm	taxo	0.000094	0.002974	2543	0	0.000000	0.003678
9	rc	empty	warm	hash	0.003097	0.148802	4200	0	0.000000	1.082451
9	rc	empty	warm	setup	0.151942	0.000089	6	0	0.000000	0.000131
9	rc	empty	warm	classify	0.152043	0.000224	61	0	0.000000	0.000570
9	rc	empty	warm	close	0.152315	0.000004	0	0	0.000000	0.000001
9	rc	empty	warm	unmap	0.152415	0.012823	24	0	0.000000	0.013004
9	rc	empty	warm	total	0.000003	0.165249	6931	0	0.000092	1.100272
9	matesize	empty	warm	taxo	0.000100	0.002898	2557	0	0.003596	0.000000
9	matesize	empty	warm	hash	0.003025	0.148172	4201	0	0.000000	1.069161
9	matesize	empty	warm	setup	0.151235	0.000072	12	0	0.000000	0.000072
9	matesize	empty	warm	classify	0.151313	0.000413	153	0	0.000000	0.000919
9	matesize	empty	warm	close	0.151740	0.000002	0	0	0.000000	0.000001
9	matesize	empty	warm	unmap	0.151750	0.013558	0	0	0.000000	0.013666
9	matesize	empty	warm	total	0.000003	0.165326	6940	0	0.003721	1.083901
10	final	empty	warm	taxo	0.000104	0.002915	2546	0	0.000000	0.003536
10	final	empty	warm	hash	0.003048	0.148758	4188	0	0.000000	1.062630
10	final	empty	warm	setup	0.151847	0.000077	9	0	0.000000	0.000077
10	final	empty	warm	classify	0.151929	0.000420	169	0	0.000000	0.001038
10	final	empty	warm	close	0.152371	0.000002	0	0	0.000000	0.000001
10	final	empty	warm	unmap	0.152380	0.012789	0	0	0.000000	0.012892
10	final	empty	warm	total	0.000003	0.165185	6928	0	0.000000	1.080407
10	final-aa	empty	warm	taxo	0.000102	0.003045	2565	0	0.003588	0.000000
10	final-aa	empty	warm	hash	0.003173	0.147507	4216	0	0.000000	1.057418
10	final-aa	empty	warm	setup	0.150710	0.000072	4	0	0.000000	0.000066
10	final-aa	empty	warm	classify	0.150787	0.000428	145	0	0.000000	0.000875
10	final-aa	empty	warm	close	0.151233	0.000002	0	0	0.000000	0.000001
10	final-aa	empty	warm	unmap	0.151242	0.012742	5	0	0.000000	0.012907
10	final-aa	empty	warm	total	0.000003	0.163997	6967	0	0.003714	1.071349
10	base	empty	warm	taxo	0.000098	0.002969	2578	0	0.000000	0.003650
10	base	empty	warm	hash	0.003095	0.445596	1953155	0	0.000000	3.394587
10	base	empty	warm	setup	0.448731	0.000073	10	0	0.000000	0.000074
10	base	empty	warm	classify	0.448810	0.000162	56	0	0.000000	0.000379
10	base	empty	warm	close	0.449141	0.000002	0	0	0.000000	0.000004
10	base	empty	warm	unmap	0.449155	0.384921	41	0	0.000000	0.384999
10	base	empty	warm	total	0.000002	0.834105	1955935	0	0.000097	3.784332
10	thp	empty	warm	taxo	0.000113	0.003007	2534	0	0.000000	0.003738
10	thp	empty	warm	hash	0.003152	0.168831	4197	0	0.000000	0.976663
10	thp	empty	warm	setup	0.172018	0.000062	5	0	0.000000	0.000063
10	thp	empty	warm	classify	0.172086	0.000162	22	0	0.000000	0.000293
10	thp	empty	warm	close	0.172301	0.000004	1	0	0.000000	0.000013
10	thp	empty	warm	unmap	0.172319	0.013769	101	0	0.000000	0.014236
10	thp	empty	warm	total	0.000003	0.186110	6908	0	0.000111	0.995426
10	fill	empty	warm	taxo	0.000105	0.002958	2538	0	0.003623	0.000000
10	fill	empty	warm	hash	0.003091	0.149565	4194	0	0.000000	1.094645
10	fill	empty	warm	setup	0.152696	0.000072	11	0	0.000000	0.000071
10	fill	empty	warm	classify	0.152774	0.000221	18	0	0.000000	0.000484
10	fill	empty	warm	close	0.153112	0.000002	0	0	0.000000	0.000005
10	fill	empty	warm	unmap	0.153125	0.013758	43	0	0.000000	0.013951
10	fill	empty	warm	total	0.000003	0.166899	6890	0	0.003759	1.109430
10	scan	empty	warm	taxo	0.000103	0.002969	2548	0	0.000000	0.003721
10	scan	empty	warm	hash	0.003102	0.152371	4191	0	0.000000	1.128398
10	scan	empty	warm	setup	0.155508	0.000081	12	0	0.000000	0.000085
10	scan	empty	warm	classify	0.155595	0.000162	24	0	0.000000	0.000430
10	scan	empty	warm	close	0.155817	0.000022	0	0	0.000000	0.000010
10	scan	empty	warm	unmap	0.155965	0.013909	48	0	0.000000	0.014117
10	scan	empty	warm	total	0.000003	0.169904	6912	0	0.000101	1.147312
10	recycle	empty	warm	taxo	0.000096	0.002959	2541	0	0.003654	0.000000
10	recycle	empty	warm	hash	0.003083	0.150715	4198	0	0.004374	1.097154
10	recycle	empty	warm	setup	0.153844	0.000075	12	0	0.000001	0.000075
10	recycle	empty	warm	classify	0.153925	0.000276	59	0	0.000006	0.000655
10	recycle	empty	warm	close	0.154268	0.000092	51	0	0.000001	0.000179
10	recycle	empty	warm	unmap	0.154371	0.013080	23	0	0.000030	0.013214
10	recycle	empty	warm	total	0.000003	0.167462	6927	0	0.008192	1.111589
10	rc	empty	warm	taxo	0.000100	0.003205	2536	0	0.003847	0.000000
10	rc	empty	warm	hash	0.003331	0.148793	4206	0	0.000000	1.060625
10	rc	empty	warm	setup	0.152154	0.000074	6	0	0.000000	0.000068
10	rc	empty	warm	classify	0.152234	0.000200	37	0	0.000000	0.000477
10	rc	empty	warm	close	0.152465	0.000002	0	0	0.000000	0.000002
10	rc	empty	warm	unmap	0.152575	0.013945	47	0	0.000000	0.005552
10	rc	empty	warm	total	0.000003	0.166539	6910	0	0.003970	1.075731
10	matesize	empty	warm	taxo	0.000151	0.002918	2530	0	0.003573	0.000000
10	matesize	empty	warm	hash	0.003093	0.151180	4196	0	0.000000	1.100095
10	matesize	empty	warm	setup	0.154303	0.000088	19	0	0.000000	0.000098
10	matesize	empty	warm	classify	0.154398	0.000513	247	0	0.000000	0.001028
10	matesize	empty	warm	close	0.154928	0.000002	0	0	0.000000	0.000001
10	matesize	empty	warm	unmap	0.154938	0.013838	0	0	0.000000	0.013951
10	matesize	empty	warm	total	0.000003	0.168789	7029	0	0.003786	1.115258
10	batch	empty	warm	taxo	0.000093	0.002985	2551	0	0.003667	0.000000
10	batch	empty	warm	hash	0.003107	0.150699	4207	0	0.000000	1.105562
10	batch	empty	warm	setup	0.153840	0.000071	10	0	0.000000	0.000071
10	batch	empty	warm	classify	0.153917	0.000386	141	0	0.000000	0.000773
10	batch	empty	warm	close	0.154321	0.000002	0	0	0.000000	0.000001
10	batch	empty	warm	unmap	0.154330	0.013253	0	0	0.000000	0.013368
10	batch	empty	warm	total	0.000003	0.167596	6923	0	0.003786	1.119936
1	base	pe	cold	taxo	0.001125	0.010206	2560	1	0.003883	0.000000
1	base	pe	cold	hash	0.011366	60.230374	1953148	0	0.000000	2.382560
1	base	pe	cold	setup	60.241768	0.000855	10	0	0.000000	0.000190
1	base	pe	cold	classify	60.242631	0.978735	38096	0	1.286356	0.071876
1	base	pe	cold	close	61.221395	0.000045	0	0	0.000024	0.000045
1	base	pe	cold	unmap	61.221449	0.379882	0	0	0.000000	0.379905
1	base	pe	cold	total	0.000003	61.601350	1993828	1	1.290506	2.834672
1	base	pe	warm	taxo	0.000099	0.002806	2551	0	0.000000	0.003378
1	base	pe	warm	hash	0.002932	0.437579	1953155	0	0.000000	3.361718
1	base	pe	warm	setup	0.440549	0.000070	8	0	0.000000	0.000069
1	base	pe	warm	classify	0.440624	0.295457	61583	0	1.299542	0.165131
1	base	pe	warm	close	0.736107	0.000020	0	0	0.000010	0.000027
1	base	pe	warm	unmap	0.736136	0.382096	0	0	0.000000	0.382124
1	base	pe	warm	total	0.000003	1.118261	2017314	0	1.299660	3.912611
1	thp	pe	cold	taxo	0.001059	0.009413	2545	1	0.004092	0.000000
1	thp	pe	cold	hash	0.010506	60.313914	4191	1	0.000000	0.979123
1	thp	pe	cold	setup	60.324459	0.000994	10	0	0.000000	0.000193
1	thp	pe	cold	classify	60.325461	0.971141	36222	0	1.131503	0.177059
1	thp	pe	cold	close	61.296630	0.000043	0	0	0.000033	0.000033
1	thp	pe	cold	unmap	61.296683	0.013609	0	0	0.000000	0.007543
1	thp	pe	cold	total	0.000003	61.310318	42984	2	1.138132	1.167906
1	thp	pe	warm	taxo	0.000100	0.002780	2558	0	0.003374	0.000000
1	thp	pe	warm	hash	0.002903	0.156727	4200	0	0.000000	1.154676
1	thp	pe	warm	setup	0.159658	0.000077	11	0	0.000000	0.000075
1	thp	pe	warm	classify	0.159741	0.285230	64054	0	1.370392	0.090159
1	thp	pe	warm	close	0.445001	0.000043	0	0	0.000031	0.000029
1	thp	pe	warm	unmap	0.445053	0.013490	0	0	0.000000	0.013501
1	thp	pe	warm	total	0.000002	0.458559	70837	0	1.373938	1.258511
1	fill	pe	cold	taxo	0.001057	0.010244	2575	2	0.000000	0.004230
1	fill	pe	cold	hash	0.011329	60.300064	4186	0	0.000000	0.962047
1	fill	pe	cold	setup	60.311416	0.001621	3	0	0.000000	0.000173
1	fill	pe	cold	classify	60.313045	0.975467	36628	0	1.215119	0.115882
1	fill	pe	cold	close	61.288543	0.000041	0	0	0.000033	0.000030
1	fill	pe	cold	unmap	61.288594	0.013582	0	0	0.002070	0.011521
1	fill	pe	cold	total	0.000002	61.302192	43404	2	1.217444	1.093964
1	fill	pe	warm	taxo	0.000091	0.003175	2546	0	0.001943	0.001943
1	fill	pe	warm	hash	0.003294	0.156358	4200	0	0.007260	1.143039
1	fill	pe	warm	setup	0.159697	0.000093	12	0	0.000000	0.000097
1	fill	pe	warm	classify	0.159796	0.290573	59044	0	1.343407	0.067122
1	fill	pe	warm	close	0.450402	0.000021	0	0	0.000021	0.000019
1	fill	pe	warm	unmap	0.450432	0.013946	0	0	0.000000	0.009341
1	fill	pe	warm	total	0.000003	0.464404	65821	0	1.354813	1.224273
1	scan	pe	cold	taxo	0.001088	0.009539	2537	1	0.000000	0.003713
1	scan	pe	cold	hash	0.010661	60.290511	4194	1	0.000000	0.955763
1	scan	pe	cold	setup	60.301213	0.001001	10	0	0.000000	0.000184
1	scan	pe	cold	classify	60.302222	0.918724	38612	0	0.939118	0.063201
1	scan	pe	cold	close	61.220982	0.000046	0	0	0.000029	0.000031
1	scan	pe	cold	unmap	61.221038	0.014099	0	0	0.001899	0.012211
1	scan	pe	cold	total	0.000003	61.235156	45370	2	0.941280	1.035222
1	scan	pe	warm	taxo	0.000107	0.002904	2544	0	0.000000	0.003595
1	scan	pe	warm	hash	0.003042	0.163420	4197	0	0.000000	1.242203
1	scan	pe	warm	setup	0.166504	0.000074	10	0	0.000000	0.000074
1	scan	pe	warm	classify	0.166584	0.224405	59762	0	0.973770	0.075107
1	scan	pe	warm	close	0.391019	0.000053	0	0	0.000000	0.000079
1	scan	pe	warm	unmap	0.391082	0.013908	0	0	0.000000	0.013917
1	scan	pe	warm	total	0.000003	0.405007	66528	0	0.973888	1.335099
1	recycle	pe	cold	taxo	0.001099	0.009779	2572	2	0.000000	0.004466
1	recycle	pe	cold	hash	0.010910	60.308386	4185	0	0.000000	0.976383
1	recycle	pe	cold	setup	60.319321	0.000831	3	0	0.000000	0.000188
1	recycle	pe	cold	classify	60.320159	0.917804	40063	0	1.011135	0.000000
1	recycle	pe	cold	close	61.238000	0.000047	0	0	0.000071	0.000000
1	recycle	pe	cold	unmap	61.238056	0.014002	0	0	0.009746	0.001514
1	recycle	pe	cold	total	0.000003	61.252081	46835	2	1.022637	0.983990
1	recycle	pe	warm	taxo	0.000107	0.003222	2554	0	0.000000	0.003957
1	recycle	pe	warm	hash	0.003360	0.165505	4196	0	0.000000	1.229972
1	recycle	pe	warm	setup	0.168897	0.000080	8	0	0.000000	0.000085
1	recycle	pe	warm	classify	0.168982	0.235496	62390	0	0.913157	0.128089
1	recycle	pe	warm	close	0.404514	0.000042	0	0	0.000022	0.000033
1	recycle	pe	warm	unmap	0.404567	0.013369	0	0	0.001191	0.012185
1	recycle	pe	warm	total	0.000003	0.417953	69161	0	0.914503	1.374428
1	rc	pe	cold	taxo	0.001208	0.009553	2561	0	0.000000	0.004524
1	rc	pe	cold	hash	0.010795	60.295469	4188	0	0.000000	0.982614
1	rc	pe	cold	setup	60.306302	0.001271	4	0	0.000000	0.000171
1	rc	pe	cold	classify	60.307583	0.952781	26527	0	0.817387	0.105823
1	rc	pe	cold	close	61.260401	0.000043	0	0	0.000029	0.000039
1	rc	pe	cold	unmap	61.260453	0.013829	0	0	0.000000	0.005560
1	rc	pe	cold	total	0.000003	61.274306	33298	0	0.819526	1.105309
1	rc	pe	warm	taxo	0.000103	0.003437	2542	0	0.004111	0.000000
1	rc	pe	warm	hash	0.003567	0.158371	4192	0	0.000000	1.200895
1	rc	pe	warm	setup	0.161962	0.000076	7	0	0.000000	0.000078
1	rc	pe	warm	classify	0.162043	0.215576	63014	0	0.933115	0.054325
1	rc	pe	warm	close	0.377652	0.000042	0	0	0.000028	0.000039
1	rc	pe	warm	unmap	0.377704	0.013730	0	0	0.000000	0.013762
1	rc	pe	warm	total	0.000003	0.391477	69770	0	0.937400	1.269223
1	matesize	pe	cold	taxo	0.001074	0.009522	2563	0	0.004437	0.000000
1	matesize	pe	cold	hash	0.010628	60.297422	4192	0	0.021482	0.949239
1	matesize	pe	cold	setup	60.308091	0.001203	6	0	0.000000	0.000170
1	matesize	pe	cold	classify	60.309304	0.906676	29930	0	0.891843	0.012751
1	matesize	pe	cold	close	61.216014	0.000044	0	0	0.000030	0.000032
1	matesize	pe	cold	unmap	61.216067	0.013726	0	0	0.001610	0.012161
1	matesize	pe	cold	total	0.000003	61.229817	36707	0	0.919662	0.974440
1	matesize	pe	warm	taxo	0.000103	0.002747	2536	0	0.000000	0.003442
1	matesize	pe	warm	hash	0.002879	0.190878	4192	0	0.000000	1.079966
1	matesize	pe	warm	setup	0.193791	0.000083	13	0	0.000000	0.000093
1	matesize	pe	warm	classify	0.193890	0.201947	58558	0	0.903855	0.048477
1	matesize	pe	warm	close	0.395868	0.000021	0	0	0.000018	0.000022
1	matesize	pe	warm	unmap	0.395898	0.013024	0	0	0.001214	0.011823
1	matesize	pe	warm	total	0.000003	0.408939	65322	0	0.905216	1.143936
1	batch	pe	cold	taxo	0.001448	0.010263	2563	1	0.004159	0.000000
1	batch	pe	cold	hash	0.011744	60.295958	4193	1	0.000000	0.958143
1	batch	pe	cold	setup	60.307741	0.000865	9	0	0.000000	0.000202
1	batch	pe	cold	classify	60.308625	0.905254	30423	0	0.876903	0.020057
1	batch	pe	cold	close	61.213909	0.000042	0	0	0.000031	0.000035
1	batch	pe	cold	unmap	61.213959	0.013492	0	0	0.000000	0.005442
1	batch	pe	cold	total	0.000316	61.227161	37218	2	0.882746	0.990644
1	batch	pe	warm	taxo	0.000098	0.002898	2574	0	0.001193	0.002387
1	batch	pe	warm	hash	0.003023	0.157173	4208	0	0.008098	1.139472
1	batch	pe	warm	setup	0.160237	0.000071	8	0	0.000001	0.000071
1	batch	pe	warm	classify	0.160314	0.197277	58725	0	0.890520	0.054102
1	batch	pe	warm	close	0.357620	0.000023	0	0	0.000017	0.000023
1	batch	pe	warm	unmap	0.357652	0.013540	0	0	0.000000	0.013547
1	batch	pe	warm	total	0.000003	0.371209	65534	0	0.899890	1.209771
1	final	pe	cold	taxo	0.001505	0.010109	2580	1	0.004041	0.000000
1	final	pe	cold	hash	0.011644	60.340706	4209	0	0.000000	0.984150
1	final	pe	cold	setup	60.352394	0.000829	8	0	0.000000	0.000201
1	final	pe	cold	classify	60.353238	0.906294	34173	0	0.906288	0.000000
1	final	pe	cold	close	61.259561	0.000043	0	0	0.000066	0.000000
1	final	pe	cold	unmap	61.259613	0.013499	0	0	0.013507	0.000000
1	final	pe	cold	total	0.000356	61.272776	40990	1	0.924180	0.984448
1	final	pe	warm	taxo	0.000103	0.002752	2544	0	0.003379	0.000000
1	final	pe	warm	hash	0.002879	0.158175	4208	0	0.000000	1.167149
1	final	pe	warm	setup	0.161082	0.000077	8	0	0.000000	0.000072
1	final	pe	warm	classify	0.161165	0.198185	54948	0	0.929232	0.025514
1	final	pe	warm	close	0.359380	0.000020	0	0	0.000015	0.000019
1	final	pe	warm	unmap	0.359411	0.013819	0	0	0.001700	0.012128
1	final	pe	warm	total	0.000003	0.373245	61722	0	0.934475	1.204953
1	final-aa	pe	cold	taxo	0.001480	0.010287	2565	1	0.004106	0.000000
1	final-aa	pe	cold	hash	0.011795	60.294563	4207	0	0.000000	0.951923
1	final-aa	pe	cold	setup	60.306400	0.001337	8	0	0.000000	0.000156
1	final-aa	pe	cold	classify	60.307746	0.908488	36429	0	0.909631	0.000000
1	final-aa	pe	cold	close	61.216263	0.000044	0	0	0.000060	0.000000
1	final-aa	pe	cold	unmap	61.216316	0.013569	0	0	0.013589	0.000000
1	final-aa	pe	cold	total	0.000304	61.229610	43229	1	0.927664	0.952129
1	final-aa	pe	warm	taxo	0.000102	0.002984	2537	0	0.003564	0.000000
1	final-aa	pe	warm	hash	0.003109	0.156976	4206	0	0.000000	1.163422
1	final-aa	pe	warm	setup	0.160109	0.000069	1	0	0.000000	0.000080
1	final-aa	pe	warm	classify	0.160183	0.198755	52883	0	0.894259	0.065851
1	final-aa	pe	warm	close	0.358966	0.000042	0	0	0.000027	0.000036
1	final-aa	pe	warm	unmap	0.359018	0.013620	0	0	0.001528	0.012100
1	final-aa	pe	warm	total	0.000003	0.372655	59639	0	0.899526	1.241548
2	base	pe	cold	taxo	0.001081	0.009322	2547	0	0.003905	0.000000
2	base	pe	cold	hash	0.010434	60.294625	1953149	0	0.000000	2.357557
2	base	pe	cold	setup	60.305099	0.001080	12	0	0.000000	0.000156
2	base	pe	cold	classify	60.306187	0.966523	37991	0	1.346671	0.000000
2	base	pe	cold	close	61.272742	0.000043	0	0	0.000058	0.000000
2	base	pe	cold	unmap	61.272794	0.373184	0	0	0.041707	0.331503
2	base	pe	cold	total	0.000002	61.645994	1993715	0	1.392613	2.689272
2	base	pe	warm	taxo	0.000100	0.002746	2539	0	0.003431	0.000000
2	base	pe	warm	hash	0.002870	0.463765	1953149	0	0.000000	3.319165
2	base	pe	warm	setup	0.466673	0.000058	5	0	0.000000	0.000077
2	base	pe	warm	classify	0.466737	0.300499	62823	0	1.375290	0.112092
2	base	pe	warm	close	0.767268	0.000043	0	0	0.000021	0.000054
2	base	pe	warm	unmap	0.767323	0.380740	0	0	0.000000	0.380652
2	base	pe	warm	total	0.000002	1.148082	2018535	0	1.378879	3.812133
2	thp	pe	cold	taxo	0.001282	0.009470	2564	1	0.004185	0.000000
2	thp	pe	cold	hash	0.010781	60.314576	4206	0	0.000000	0.973050
2	thp	pe	cold	setup	60.325396	0.001208	16	0	0.000000	0.000203
2	thp	pe	cold	classify	60.326621	0.963863	39265	0	1.287480	0.000000
2	thp	pe	cold	close	61.290517	0.000044	0	0	0.000076	0.000000
2	thp	pe	cold	unmap	61.290572	0.013639	0	0	0.013647	0.000000
2	thp	pe	cold	total	0.000003	61.304229	46075	1	1.305670	0.973310
2	thp	pe	warm	taxo	0.000110	0.002910	2535	0	0.003557	0.000000
2	thp	pe	warm	hash	0.003047	0.159495	4191	0	0.000000	1.190234
2	thp	pe	warm	setup	0.162578	0.000082	12	0	0.000000	0.000085
2	thp	pe	warm	classify	0.162665	0.275757	60535	0	1.341574	0.048419
2	thp	pe	warm	close	0.438450	0.000019	0	0	0.000018	0.000017
2	thp	pe	warm	unmap	0.438479	0.013707	0	0	0.002017	0.011701
2	thp	pe	warm	total	0.000003	0.452202	67290	0	1.347334	1.250527
2	fill	pe	cold	taxo	0.001186	0.010157	2541	2	0.004365	0.000000
2	fill	pe	cold	hash	0.011373	60.294533	4183	0	0.000000	0.969204
2	fill	pe	cold	setup	60.305929	0.001664	12	0	0.000000	0.000217
2	fill	pe	cold	classify	60.307611	0.973972	36128	0	1.208967	0.090870
2	fill	pe	cold	close	61.281614	0.000045	0	0	0.000038	0.000033
2	fill	pe	cold	unmap	61.281668	0.014120	0	0	0.002340	0.011787
2	fill	pe	cold	total	0.000002	61.295806	42876	2	1.215966	1.072177
2	fill	pe	warm	taxo	0.000108	0.003171	2555	0	0.003944	0.000000
2	fill	pe	warm	hash	0.003308	0.157386	4190	0	0.000000	1.178153
2	fill	pe	warm	setup	0.160733	0.000076	9	0	0.000000	0.000076
2	fill	pe	warm	classify	0.160815	0.287324	60948	0	1.389997	0.087852
2	fill	pe	warm	close	0.448169	0.000020	0	0	0.000020	0.000018
2	fill	pe	warm	unmap	0.448198	0.013301	0	0	0.001746	0.011566
2	fill	pe	warm	total	0.000003	0.461517	67718	0	1.395876	1.277738
2	scan	pe	cold	taxo	0.001134	0.009600	2551	1	0.000000	0.004051
2	scan	pe	cold	hash	0.010769	60.341438	4187	1	0.009210	0.948470
2	scan	pe	cold	setup	60.352231	0.000905	14	0	0.000218	0.000000
2	scan	pe	cold	classify	60.353153	0.917661	39167	0	1.015626	0.000000
2	scan	pe	cold	close	61.270841	0.000045	0	0	0.000059	0.000000
2	scan	pe	cold	unmap	61.270895	0.013886	0	0	0.012266	0.000000
2	scan	pe	cold	total	0.000003	61.284817	45933	2	1.039332	0.952589
2	scan	pe	warm	taxo	0.000108	0.002863	2559	0	0.003536	0.000000
2	scan	pe	warm	hash	0.002999	0.176776	4191	0	0.000000	1.137509
2	scan	pe	warm	setup	0.179810	0.000059	10	0	0.000000	0.000079
2	scan	pe	warm	classify	0.179875	0.227670	62486	0	0.953398	0.100673
2	scan	pe	warm	close	0.407573	0.000038	0	0	0.000029	0.000037
2	scan	pe	warm	unmap	0.407624	0.012957	0	0	0.001293	0.011671
2	scan	pe	warm	total	0.000003	0.420598	69263	0	0.958414	1.250041
2	recycle	pe	cold	taxo	0.001060	0.009765	2548	0	0.003609	0.000000
2	recycle	pe	cold	hash	0.010856	60.218032	4195	0	0.000000	0.967091
2	recycle	pe	cold	setup	60.228927	0.001063	10	0	0.000000	0.000182
2	recycle	pe	cold	classify	60.229997	0.919088	33220	0	0.987766	0.000000
2	recycle	pe	cold	close	61.149114	0.000041	0	0	0.000066	0.000000
2	recycle	pe	cold	unmap	61.149164	0.013596	0	0	0.004142	0.000000
2	recycle	pe	cold	total	0.000003	61.162786	39989	0	1.005367	0.967319
2	recycle	pe	warm	taxo	0.000105	0.002897	2569	0	0.003542	0.000000
2	recycle	pe	warm	hash	0.003029	0.159131	4199	0	0.000000	1.176404
2	recycle	pe	warm	setup	0.162192	0.000077	10	0	0.000000	0.000079
2	recycle	pe	warm	classify	0.162275	0.224379	62513	0	0.934972	0.097449
2	recycle	pe	warm	close	0.386682	0.000020	0	0	0.000013	0.000017
2	recycle	pe	warm	unmap	0.386710	0.013192	0	0	0.000000	0.011156
2	recycle	pe	warm	total	0.000003	0.399946	69304	0	0.938678	1.287299
2	rc	pe	cold	taxo	0.001160	0.009812	2541	1	0.003811	0.000000
2	rc	pe	cold	hash	0.011008	60.231513	4200	0	0.021095	0.962457
2	rc	pe	cold	setup	60.242559	0.001057	15	0	0.000000	0.000197
2	rc	pe	cold	classify	60.243625	0.906944	39007	0	0.773876	0.153796
2	rc	pe	cold	close	61.150603	0.000041	0	0	0.000027	0.000038
2	rc	pe	cold	unmap	61.150653	0.013648	0	0	0.000000	0.013656
2	rc	pe	cold	total	0.000004	61.164318	45778	1	0.799101	1.130234
2	rc	pe	warm	taxo	0.000107	0.002987	2568	0	0.003692	0.000000
2	rc	pe	warm	hash	0.003123	0.161160	4191	0	0.000000	1.189990
2	rc	pe	warm	setup	0.164308	0.000071	5	0	0.000000	0.000073
2	rc	pe	warm	classify	0.164384	0.213991	63210	0	0.932004	0.053410
2	rc	pe	warm	close	0.378407	0.000044	0	0	0.000031	0.000040
2	rc	pe	warm	unmap	0.378461	0.013570	0	0	0.001587	0.011991
2	rc	pe	warm	total	0.000003	0.392050	69987	0	0.937474	1.255567
2	matesize	pe	cold	taxo	0.001102	0.009711	2538	1	0.000000	0.003793
2	matesize	pe	cold	hash	0.010845	60.232375	4192	1	0.000000	0.968587
2	matesize	pe	cold	setup	60.243242	0.000801	5	0	0.000000	0.000191
2	matesize	pe	cold	classify	60.244056	0.911586	38080	0	0.822836	0.092542
2	matesize	pe	cold	close	61.155676	0.000043	0	0	0.000025	0.000031
2	matesize	pe	cold	unmap	61.155730	0.013513	0	0	0.001613	0.011908
2	matesize	pe	cold	total	0.000003	61.169264	44828	2	0.824501	1.077355
2	matesize	pe	warm	taxo	0.000102	0.002878	2535	0	0.000000	0.003524
2	matesize	pe	warm	hash	0.003005	0.157204	4192	0	0.000000	1.154581
2	matesize	pe	warm	setup	0.160252	0.000077	14	0	0.000000	0.000077
2	matesize	pe	warm	classify	0.160335	0.200016	58510	0	0.885418	0.069741
2	matesize	pe	warm	close	0.360388	0.000019	0	0	0.000014	0.000019
2	matesize	pe	warm	unmap	0.360418	0.013045	0	0	0.001339	0.011713
2	matesize	pe	warm	total	0.000003	0.373480	65280	0	0.886798	1.239869
2	batch	pe	cold	taxo	0.001407	0.009492	2563	1	0.003650	0.000000
2	batch	pe	cold	hash	0.010930	60.299558	4199	1	0.000000	0.946647
2	batch	pe	cold	setup	60.310511	0.000903	10	0	0.000000	0.000188
2	batch	pe	cold	classify	60.311440	0.906731	31706	0	0.899706	0.000000
2	batch	pe	cold	close	61.218212	0.000048	0	0	0.000061	0.000000
2	batch	pe	cold	unmap	61.218272	0.013636	0	0	0.006619	0.000000
2	batch	pe	cold	total	0.000344	61.231592	38509	2	0.917360	0.946882
2	batch	pe	warm	taxo	0.000098	0.002983	2552	0	0.003657	0.000000
2	batch	pe	warm	hash	0.003109	0.157452	4217	0	0.000000	1.168479
2	batch	pe	warm	setup	0.160606	0.000073	8	0	0.000000	0.000073
2	batch	pe	warm	classify	0.160684	0.198633	58798	0	0.852077	0.092975
2	batch	pe	warm	close	0.359349	0.000041	0	0	0.000022	0.000032
2	batch	pe	warm	unmap	0.359400	0.013708	0	0	0.001565	0.012177
2	batch	pe	warm	total	0.000003	0.373154	65606	0	0.857493	1.273861
2	final	pe	cold	taxo	0.001340	0.009867	2566	1	0.004353	0.000000
2	final	pe	cold	hash	0.011237	60.308537	4197	1	0.000000	0.949536
2	final	pe	cold	setup	60.319798	0.001276	5	0	0.000000	0.000170
2	final	pe	cold	classify	60.321082	0.909809	36762	0	0.755573	0.154480
2	final	pe	cold	close	61.230925	0.000021	0	0	0.000016	0.000023
2	final	pe	cold	unmap	61.230955	0.013827	0	0	0.000000	0.004676
2	final	pe	cold	total	0.000282	61.244544	43544	2	0.762276	1.116091
2	final	pe	warm	taxo	0.000102	0.002981	2569	0	0.000000	0.003677
2	final	pe	warm	hash	0.003125	0.166548	4208	0	0.000000	1.271786
2	final	pe	warm	setup	0.169714	0.000076	8	0	0.000000	0.000076
2	final	pe	warm	classify	0.169795	0.196422	57517	0	0.877326	0.062886
2	final	pe	warm	close	0.366248	0.000044	0	0	0.000028	0.000042
2	final	pe	warm	unmap	0.366305	0.013172	0	0	0.001259	0.011921
2	final	pe	warm	total	0.000003	0.379494	64322	0	0.878739	1.350513
2	final-aa	pe	cold	taxo	0.001468	0.010222	2562	1	0.000000	0.003748
2	final-aa	pe	cold	hash	0.011721	60.307391	4190	0	0.000000	0.956889
2	final-aa	pe	cold	setup	60.319155	0.001006	6	0	0.000000	0.000172
2	final-aa	pe	cold	classify	60.320169	0.905711	34786	0	0.835502	0.074283
2	final-aa	pe	cold	close	61.225910	0.000041	0	0	0.000024	0.000030
2	final-aa	pe	cold	unmap	61.225961	0.013628	0	0	0.001680	0.011954
2	final-aa	pe	cold	total	0.000337	61.239271	41564	1	0.837429	1.047190
2	final-aa	pe	warm	taxo	0.000102	0.003177	2539	0	0.003798	0.000000
2	final-aa	pe	warm	hash	0.003307	0.156995	4212	0	0.000000	1.163109
2	final-aa	pe	warm	setup	0.160326	0.000070	2	0	0.000000	0.000072
2	final-aa	pe	warm	classify	0.160401	0.195180	55471	0	0.935449	0.020380
2	final-aa	pe	warm	close	0.355609	0.000042	0	0	0.000030	0.000038
2	final-aa	pe	warm	unmap	0.355660	0.013707	0	0	0.001768	0.011944
2	final-aa	pe	warm	total	0.000003	0.369382	62235	0	0.941198	1.195601
3	thp	pe	cold	taxo	0.001071	0.009362	2570	0	0.000000	0.003638
3	thp	pe	cold	hash	0.010462	60.295798	4190	0	0.000000	0.966711
3	thp	pe	cold	setup	60.306298	0.001084	11	0	0.000000	0.000191
3	thp	pe	cold	classify	60.307391	0.961922	39280	0	1.307626	0.006739
3	thp	pe	cold	close	61.269346	0.000043	0	0	0.000038	0.000029
3	thp	pe	cold	unmap	61.269397	0.013965	0	0	0.002038	0.011935
3	thp	pe	cold	total	0.000003	61.283379	46067	0	1.309922	0.989343
3	thp	pe	warm	taxo	0.000102	0.003246	2527	0	0.003927	0.000000
3	thp	pe	warm	hash	0.003374	0.154190	4197	0	0.000000	1.147408
3	thp	pe	warm	setup	0.157595	0.000058	2	0	0.000000	0.000071
3	thp	pe	warm	classify	0.157659	0.274437	58842	0	1.345798	0.082033
3	thp	pe	warm	close	0.432130	0.000016	0	0	0.000008	0.000007
3	thp	pe	warm	unmap	0.432156	0.013680	0	0	0.001844	0.011853
3	thp	pe	warm	total	0.000003	0.445853	65584	0	1.351754	1.241447
3	fill	pe	cold	taxo	0.001071	0.009585	2563	1	0.004233	0.000000
3	fill	pe	cold	hash	0.010693	60.302157	4191	1	0.000000	0.992086
3	fill	pe	cold	setup	60.312887	0.001443	5	0	0.000000	0.000220
3	fill	pe	cold	classify	60.314345	0.961430	38137	0	1.293302	0.000000
3	fill	pe	cold	close	61.275803	0.000048	0	0	0.000073	0.000000
3	fill	pe	cold	unmap	61.275860	0.013869	0	0	0.011987	0.000000
3	fill	pe	cold	total	0.000003	61.289754	44911	2	1.311835	0.992358
3	fill	pe	warm	taxo	0.000109	0.003018	2544	0	0.003699	0.000000
3	fill	pe	warm	hash	0.003158	0.187416	4189	0	0.004527	1.241040
3	fill	pe	warm	setup	0.190618	0.000085	12	0	0.000001	0.000083
3	fill	pe	warm	classify	0.190709	0.301176	59535	0	1.352776	0.091031
3	fill	pe	warm	close	0.491917	0.000024	0	0	0.000022	0.000022
3	fill	pe	warm	unmap	0.491950	0.014397	0	0	0.000000	0.010765
3	fill	pe	warm	total	0.000003	0.506378	66297	0	1.361187	1.346736
3	scan	pe	cold	taxo	0.001115	0.010235	2557	2	0.003807	0.000000
3	scan	pe	cold	hash	0.011381	60.302298	4196	0	0.000000	0.993311
3	scan	pe	cold	setup	60.313704	0.000814	0	0	0.000000	0.000170
3	scan	pe	cold	classify	60.314526	0.917425	38270	0	0.970485	0.040433
3	scan	pe	cold	close	61.231979	0.000047	0	0	0.000030	0.000032
3	scan	pe	cold	unmap	61.232035	0.014022	0	0	0.002199	0.011834
3	scan	pe	cold	total	0.000003	61.246079	45035	2	0.976788	1.045841
3	scan	pe	warm	taxo	0.000130	0.003062	2572	0	0.003825	0.000000
3	scan	pe	warm	hash	0.003222	0.166287	4192	0	0.000000	1.264767
3	scan	pe	warm	setup	0.169545	0.000072	9	0	0.000000	0.000074
3	scan	pe	warm	classify	0.169623	0.223780	59276	0	0.947832	0.105845
3	scan	pe	warm	close	0.393433	0.000047	0	0	0.000029	0.000042
3	scan	pe	warm	unmap	0.393490	0.013656	0	0	0.000000	0.013663
3	scan	pe	warm	total	0.000003	0.407162	66070	0	0.951893	1.384475
3	recycle	pe	cold	taxo	0.001196	0.010152	2575	1	0.000000	0.004555
3	recycle	pe	cold	hash	0.011383	60.353880	4191	1	0.000000	0.962175
3	recycle	pe	cold	setup	60.365288	0.001216	10	0	0.000000	0.000195
3	recycle	pe	cold	classify	60.366523	0.917885	38047	0	0.960447	0.051404
3	recycle	pe	cold	close	61.284436	0.000041	0	0	0.000031	0.000034
3	recycle	pe	cold	unmap	61.284486	0.013883	0	0	0.000000	0.013906
3	recycle	pe	cold	total	0.000003	61.298385	44837	2	0.960495	1.032589
3	recycle	pe	warm	taxo	0.000155	0.003057	2533	0	0.003698	0.000000
3	recycle	pe	warm	hash	0.003237	0.158896	4197	0	0.000000	1.185338
3	recycle	pe	warm	setup	0.162165	0.000079	14	0	0.000000	0.000076
3	recycle	pe	warm	classify	0.162250	0.226248	64763	0	0.918841	0.133675
3	recycle	pe	warm	close	0.388532	0.000045	0	0	0.000029	0.000041
3	recycle	pe	warm	unmap	0.388590	0.013329	0	0	0.001216	0.012135
3	recycle	pe	warm	total	0.000003	0.401942	71544	0	0.924033	1.331356
3	rc	pe	cold	taxo	0.001124	0.008891	2533	1	0.000000	0.003752
3	rc	pe	cold	hash	0.010049	60.239943	4198	0	0.000000	0.979479
3	rc	pe	cold	setup	60.250034	0.000846	8	0	0.000000	0.000179
3	rc	pe	cold	classify	60.250889	0.910258	37467	0	0.908050	0.026186
3	rc	pe	cold	close	61.161179	0.000049	0	0	0.000037	0.000040
3	rc	pe	cold	unmap	61.161242	0.013762	0	0	0.000000	0.013769
3	rc	pe	cold	total	0.000003	61.175020	44223	1	0.908303	1.023532
3	rc	pe	warm	taxo	0.000107	0.003148	2567	0	0.000000	0.003890
3	rc	pe	warm	hash	0.003287	0.169907	4190	0	0.000000	1.280021
3	rc	pe	warm	setup	0.173235	0.000080	14	0	0.000000	0.000079
3	rc	pe	warm	classify	0.173320	0.217328	61806	0	0.974020	0.015145
3	rc	pe	warm	close	0.390679	0.000049	0	0	0.000069	0.000000
3	rc	pe	warm	unmap	0.390738	0.015193	0	0	0.000000	0.015201
3	rc	pe	warm	total	0.000003	0.405951	68594	0	0.974234	1.314439
3	matesize	pe	cold	taxo	0.001215	0.010080	2545	1	0.000000	0.004631
3	matesize	pe	cold	hash	0.011328	60.187835	4188	0	0.000000	0.973112
3	matesize	pe	cold	setup	60.199187	0.001354	17	0	0.000000	0.000226
3	matesize	pe	cold	classify	60.200562	0.912672	34518	0	0.913570	0.000000
3	matesize	pe	cold	close	61.113265	0.000043	0	0	0.000066	0.000000
3	matesize	pe	cold	unmap	61.113318	0.013571	0	0	0.006138	0.007443
3	matesize	pe	cold	total	0.000003	61.126905	41282	1	0.920049	0.985497
3	matesize	pe	warm	taxo	0.000099	0.002882	2564	0	0.003535	0.000000
3	matesize	pe	warm	hash	0.003009	0.156057	4200	0	0.000000	1.152427
3	matesize	pe	warm	setup	0.159107	0.000073	10	0	0.000000	0.000081
3	matesize	pe	warm	classify	0.159186	0.197872	59676	0	0.827650	0.127267
3	matesize	pe	warm	close	0.357098	0.000044	0	0	0.000026	0.000041
3	matesize	pe	warm	unmap	0.357152	0.013626	0	0	0.000000	0.009493
3	matesize	pe	warm	total	0.000003	0.370819	66476	0	0.832752	1.292211
3	batch	pe	cold	taxo	0.001365	0.010678	2581	1	0.003931	0.000000
3	batch	pe	cold	hash	0.012079	60.299713	4191	1	0.000000	0.971214
3	batch	pe	cold	setup	60.311834	0.001580	6	0	0.000000	0.000165
3	batch	pe	cold	classify	60.313422	0.905529	29099	0	0.894133	0.000000
3	batch	pe	cold	close	61.218983	0.000044	0	0	0.000068	0.000000
3	batch	pe	cold	unmap	61.219036	0.013412	0	0	0.013419	0.000000
3	batch	pe	cold	total	0.000286	61.232182	35886	2	0.911841	0.971467
3	batch	pe	warm	taxo	0.000120	0.002851	2562	0	0.000845	0.002510
3	batch	pe	warm	hash	0.002997	0.155994	4212	0	0.007583	1.139573
3	batch	pe	warm	setup	0.159018	0.000072	4	0	0.000000	0.000074
3	batch	pe	warm	classify	0.159096	0.199844	59365	0	0.888346	0.059099
3	batch	pe	warm	close	0.358974	0.000038	0	0	0.000028	0.000038
3	batch	pe	warm	unmap	0.359023	0.013015	0	0	0.001247	0.011776
3	batch	pe	warm	total	0.000003	0.372055	66170	0	0.898218	1.213151
3	final	pe	cold	taxo	0.001367	0.009825	2588	1	0.000000	0.003824
3	final	pe	cold	hash	0.011223	60.343382	4193	0	0.000000	0.972064
3	final	pe	cold	setup	60.354628	0.000775	4	0	0.000000	0.000141
3	final	pe	cold	classify	60.355412	0.908654	37001	0	0.839397	0.073138
3	final	pe	cold	close	61.264096	0.000045	0	0	0.000026	0.000034
3	final	pe	cold	unmap	61.264149	0.013498	0	0	0.001703	0.011801
3	final	pe	cold	total	0.000299	61.277368	43794	1	0.841151	1.061276
3	final	pe	warm	taxo	0.000099	0.002894	2583	0	0.003560	0.000000
3	final	pe	warm	hash	0.003021	0.158078	4198	0	0.000000	1.163994
3	final	pe	warm	setup	0.161133	0.000071	9	0	0.000000	0.000071
3	final	pe	warm	classify	0.161209	0.207163	55533	0	0.928439	0.037832
3	final	pe	warm	close	0.368399	0.000018	0	0	0.000010	0.000012
3	final	pe	warm	unmap	0.368426	0.013090	0	0	0.001379	0.011723
3	final	pe	warm	total	0.000003	0.381532	62338	0	0.933543	1.213712
3	final-aa	pe	cold	taxo	0.001380	0.009420	2572	1	0.000000	0.003681
3	final-aa	pe	cold	hash	0.010831	60.181739	4195	0	0.000000	0.965148
3	final-aa	pe	cold	setup	60.192605	0.001639	8	0	0.000000	0.000190
3	final-aa	pe	cold	classify	60.194265	0.906956	34950	0	0.908964	0.000000
3	final-aa	pe	cold	close	61.101251	0.000044	0	0	0.000061	0.000000
3	final-aa	pe	cold	unmap	61.101304	0.013462	0	0	0.013469	0.000000
3	final-aa	pe	cold	total	0.000336	61.114448	41745	1	0.922743	0.969103
3	final-aa	pe	warm	taxo	0.000096	0.002766	2552	0	0.003438	0.000000
3	final-aa	pe	warm	hash	0.002890	0.158252	4207	0	0.000000	1.152566
3	final-aa	pe	warm	setup	0.161164	0.000069	4	0	0.000000	0.000074
3	final-aa	pe	warm	classify	0.161239	0.196950	57422	0	0.881175	0.065981
3	final-aa	pe	warm	close	0.358221	0.000044	0	0	0.000029	0.000040
3	final-aa	pe	warm	unmap	0.358276	0.013126	0	0	0.001283	0.011850
3	final-aa	pe	warm	total	0.000003	0.371417	64192	0	0.886069	1.230570
3	base	pe	cold	taxo	0.001630	0.010355	2543	2	0.003608	0.000000
3	base	pe	cold	hash	0.012013	60.297825	1953140	0	0.000000	2.390614
3	base	pe	cold	setup	60.309861	0.001537	4	0	0.000000	0.000218
3	base	pe	cold	classify	60.311418	0.972432	36460	0	1.111536	0.226009
3	base	pe	cold	close	61.283881	0.000045	0	0	0.000023	0.000054
3	base	pe	cold	unmap	61.283937	0.377044	0	0	0.013437	0.363634
3	base	pe	cold	total	0.000002	61.661036	1992159	2	1.128873	2.980666
3	base	pe	warm	taxo	0.000097	0.003533	2541	0	0.000000	0.004244
3	base	pe	warm	hash	0.003658	0.408885	1953151	0	0.000000	3.157135
3	base	pe	warm	setup	0.412655	0.000072	8	0	0.000000	0.000074
3	base	pe	warm	classify	0.412733	0.293133	59187	0	1.405764	0.044231
3	base	pe	warm	close	0.705899	0.000018	0	0	0.000005	0.000011
3	base	pe	warm	unmap	0.705927	0.382334	0	0	0.001736	0.380623
3	base	pe	warm	total	0.000003	1.088285	2014907	0	1.407534	3.586632
4	fill	pe	warm	taxo	0.000112	0.003079	2573	1	0.003754	0.000000
4	fill	pe	warm	hash	0.003218	0.150546	4186	1	0.003999	1.078541
4	fill	pe	warm	setup	0.153796	0.000078	12	0	0.000000	0.000073
4	fill	pe	warm	classify	0.153880	0.287618	59968	0	1.372443	0.047192
4	fill	pe	warm	close	0.441527	0.000022	0	0	0.000022	0.000018
4	fill	pe	warm	unmap	0.441559	0.013596	0	0	0.002046	0.011557
4	fill	pe	warm	total	0.000002	0.455173	66752	2	1.382434	1.137450
4	scan	pe	warm	taxo	0.000112	0.002978	2547	0	0.000000	0.003676
4	scan	pe	warm	hash	0.003121	0.153410	4192	1	0.000000	1.121148
4	scan	pe	warm	setup	0.156572	0.000078	14	0	0.000000	0.000078
4	scan	pe	warm	classify	0.156656	0.220648	58737	0	0.945144	0.117967
4	scan	pe	warm	close	0.377331	0.000042	0	0	0.000029	0.000037
4	scan	pe	warm	unmap	0.377383	0.013000	0	0	0.001215	0.011796
4	scan	pe	warm	total	0.000003	0.390400	65505	1	0.946518	1.254813
4	recycle	pe	warm	taxo	0.000108	0.002747	2538	1	0.000000	0.003410
4	recycle	pe	warm	hash	0.002880	0.150860	4190	1	0.000000	1.094243
4	recycle	pe	warm	setup	0.153768	0.000076	14	0	0.000000	0.000072
4	recycle	pe	warm	classify	0.153849	0.229618	62881	0	0.957678	0.116889
4	recycle	pe	warm	close	0.383497	0.000048	0	0	0.000029	0.000037
4	recycle	pe	warm	unmap	0.383557	0.013669	0	0	0.000000	0.013700
4	recycle	pe	warm	total	0.000003	0.397267	69637	2	0.957725	1.228614
4	rc	pe	warm	taxo	0.000110	0.002806	2560	1	0.000000	0.003475
4	rc	pe	warm	hash	0.002943	0.155273	4185	1	0.000000	1.001972
4	rc	pe	warm	setup	0.158238	0.000076	7	0	0.000000	0.000079
4	rc	pe	warm	classify	0.158320	0.222419	63644	0	0.942207	0.052068
4	rc	pe	warm	close	0.380771	0.000045	0	0	0.000032	0.000035
4	rc	pe	warm	unmap	0.380826	0.013714	0	0	0.001829	0.011892
4	rc	pe	warm	total	0.000002	0.394556	70408	2	0.944095	1.069714
4	matesize	pe	warm	taxo	0.000112	0.002929	2549	0	0.000000	0.003667
4	matesize	pe	warm	hash	0.003072	0.153008	4192	1	0.000000	1.114602
4	matesize	pe	warm	setup	0.156118	0.000081	14	0	0.000000	0.000086
4	matesize	pe	warm	classify	0.156205	0.200517	59082	0	0.868554	0.089039
4	matesize	pe	warm	close	0.356760	0.000045	0	0	0.000029	0.000040
4	matesize	pe	warm	unmap	0.356814	0.013694	0	0	0.000000	0.013701
4	matesize	pe	warm	total	0.000003	0.370523	65854	1	0.868710	1.221252
4	batch	pe	warm	taxo	0.000435	0.003391	2583	1	0.000000	0.003530
4	batch	pe	warm	hash	0.003857	0.151889	4201	1	0.000000	1.083521
4	batch	pe	warm	setup	0.155782	0.000071	8	0	0.000000	0.000073
4	batch	pe	warm	classify	0.155859	0.197111	58890	0	0.887814	0.056320
4	batch	pe	warm	close	0.353004	0.000054	0	0	0.000000	0.000070
4	batch	pe	warm	unmap	0.353070	0.013800	0	0	0.000000	0.013811
4	batch	pe	warm	total	0.000332	0.366557	65690	2	0.887829	1.157543
4	final	pe	warm	taxo	0.000385	0.003191	2550	1	0.003310	0.000000
4	final	pe	warm	hash	0.003603	0.148386	4196	1	0.000000	1.062866
4	final	pe	warm	setup	0.152014	0.000084	6	0	0.000000	0.000091
4	final	pe	warm	classify	0.152103	0.198858	57530	0	0.869193	0.074348
4	final	pe	warm	close	0.350994	0.000044	0	0	0.000026	0.000034
4	final	pe	warm	unmap	0.351048	0.013715	0	0	0.001731	0.011992
4	final	pe	warm	total	0.000283	0.364499	64295	2	0.874415	1.149390
4	final-aa	pe	warm	taxo	0.000100	0.002909	2570	0	0.003506	0.000000
4	final-aa	pe	warm	hash	0.003036	0.149983	4212	0	0.000000	1.092248
4	final-aa	pe	warm	setup	0.153050	0.000082	4	0	0.000000	0.000082
4	final-aa	pe	warm	classify	0.153138	0.196619	57291	0	0.859357	0.081000
4	final-aa	pe	warm	close	0.349794	0.000044	0	0	0.000029	0.000040
4	final-aa	pe	warm	unmap	0.349850	0.013106	0	0	0.001192	0.011926
4	final-aa	pe	warm	total	0.000003	0.362973	64093	0	0.864236	1.185370
4	base	pe	warm	taxo	0.000102	0.002834	2562	0	0.003513	0.000000
4	base	pe	warm	hash	0.002964	0.493771	1953145	0	0.000000	3.092637
4	base	pe	warm	setup	0.496761	0.000079	12	0	0.000000	0.000090
4	base	pe	warm	classify	0.496853	0.291389	60723	0	1.448442	0.051999
4	base	pe	warm	close	0.788270	0.000022	0	0	0.000015	0.000032
4	base	pe	warm	unmap	0.788302	0.387085	0	0	0.000345	0.386522
4	base	pe	warm	total	0.000003	1.175404	2016456	0	1.452461	3.531355
4	thp	pe	warm	taxo	0.000113	0.002967	2536	1	0.000000	0.003635
4	thp	pe	warm	hash	0.003107	0.149827	4188	1	0.000000	1.080133
4	thp	pe	warm	setup	0.152963	0.000078	11	0	0.000000	0.000074
4	thp	pe	warm	classify	0.153047	0.293754	61507	0	1.365274	0.071174
4	thp	pe	warm	close	0.446828	0.000046	0	0	0.000040	0.000034
4	thp	pe	warm	unmap	0.446883	0.012702	0	0	0.000000	0.012709
4	thp	pe	warm	total	0.000003	0.459599	68256	2	1.365333	1.167961
5	scan	pe	warm	taxo	0.000129	0.002937	2538	0	0.003581	0.000000
5	scan	pe	warm	hash	0.003091	0.147759	4192	0	0.004231	1.065673
5	scan	pe	warm	setup	0.150885	0.000067	10	0	0.000001	0.000066
5	scan	pe	warm	classify	0.150957	0.222267	63362	0	0.950766	0.108003
5	scan	pe	warm	close	0.373253	0.000037	0	0	0.000028	0.000034
5	scan	pe	warm	unmap	0.373300	0.012831	0	0	0.000000	0.012873
5	scan	pe	warm	total	0.000003	0.386160	70126	0	0.958806	1.186743
5	recycle	pe	warm	taxo	0.000106	0.002799	2536	0	0.003453	0.000000
5	recycle	pe	warm	hash	0.002930	0.149152	4193	0	0.000000	1.067659
5	recycle	pe	warm	setup	0.152119	0.000077	14	0	0.000000	0.000078
5	recycle	pe	warm	classify	0.152202	0.222986	61886	0	0.955899	0.087681
5	recycle	pe	warm	close	0.375219	0.000020	0	0	0.000017	0.000021
5	recycle	pe	warm	unmap	0.375249	0.013426	0	0	0.001729	0.011722
5	recycle	pe	warm	total	0.000003	0.388702	68646	0	0.961264	1.174769
5	rc	pe	warm	taxo	0.000103	0.002828	2541	0	0.003464	0.000000
5	rc	pe	warm	hash	0.002958	0.148030	4191	0	0.000000	1.060265
5	rc	pe	warm	setup	0.151014	0.000072	7	0	0.000000	0.000074
5	rc	pe	warm	classify	0.151091	0.216574	62810	0	0.920278	0.068549
5	rc	pe	warm	close	0.367698	0.000040	0	0	0.000028	0.000035
5	rc	pe	warm	unmap	0.367748	0.013513	0	0	0.000000	0.010797
5	rc	pe	warm	total	0.000003	0.381286	69562	0	0.923919	1.142563
5	matesize	pe	warm	taxo	0.000101	0.002781	2561	0	0.003446	0.000000
5	matesize	pe	warm	hash	0.002907	0.162925	4189	0	0.000000	0.939458
5	matesize	pe	warm	setup	0.165867	0.000075	18	0	0.000000	0.000101
5	matesize	pe	warm	classify	0.165956	0.205111	60946	0	0.886239	0.082005
5	matesize	pe	warm	close	0.371102	0.000041	0	0	0.000030	0.000034
5	matesize	pe	warm	unmap	0.371155	0.012750	0	0	0.000000	0.012758
5	matesize	pe	warm	total	0.000003	0.383921	67739	0	0.889858	1.034443
5	batch	pe	warm	taxo	0.000102	0.002793	2559	0	0.000000	0.003463
5	batch	pe	warm	hash	0.002924	0.149720	4213	0	0.000000	1.059105
5	batch	pe	warm	setup	0.152668	0.000075	6	0	0.000000	0.000077
5	batch	pe	warm	classify	0.152749	0.196260	57920	0	0.896223	0.057319
5	batch	pe	warm	close	0.349042	0.000042	0	0	0.000028	0.000036
5	batch	pe	warm	unmap	0.349094	0.013412	0	0	0.000000	0.013422
5	batch	pe	warm	total	0.000003	0.362523	64711	0	0.896374	1.133519
5	final	pe	warm	taxo	0.000094	0.002856	2585	0	0.003571	0.000000
5	final	pe	warm	hash	0.002979	0.148119	4209	0	0.000000	1.074358
5	final	pe	warm	setup	0.151135	0.000070	8	0	0.000000	0.000073
5	final	pe	warm	classify	0.151211	0.198229	55548	0	0.877639	0.083753
5	final	pe	warm	close	0.349471	0.000042	0	0	0.000028	0.000037
5	final	pe	warm	unmap	0.349523	0.013446	0	0	0.001704	0.011748
5	final	pe	warm	total	0.000003	0.362985	62367	0	0.883087	1.170045
5	final-aa	pe	warm	taxo	0.000097	0.002749	2552	0	0.003371	0.000000
5	final-aa	pe	warm	hash	0.002873	0.148836	4208	0	0.004904	1.073752
5	final-aa	pe	warm	setup	0.151737	0.000074	4	0	0.000001	0.000080
5	final-aa	pe	warm	classify	0.151816	0.200027	55809	0	0.931262	0.037671
5	final-aa	pe	warm	close	0.351872	0.000042	0	0	0.000031	0.000036
5	final-aa	pe	warm	unmap	0.351922	0.012874	0	0	0.001309	0.011575
5	final-aa	pe	warm	total	0.000003	0.364814	62580	0	0.941032	1.123172
5	base	pe	warm	taxo	0.000100	0.002776	2560	0	0.003453	0.000000
5	base	pe	warm	hash	0.002903	0.440417	1953147	0	0.000000	3.470400
5	base	pe	warm	setup	0.443353	0.000074	8	0	0.000000	0.000072
5	base	pe	warm	classify	0.443432	0.292228	61125	0	1.394538	0.087930
5	base	pe	warm	close	0.735689	0.000020	0	0	0.000009	0.000025
5	base	pe	warm	unmap	0.735720	0.386496	0	0	0.003134	0.383383
5	base	pe	warm	total	0.000003	1.122233	2016855	0	1.401290	3.941935
5	thp	pe	warm	taxo	0.000108	0.002843	2541	0	0.003530	0.000000
5	thp	pe	warm	hash	0.002986	0.159539	4201	0	0.000000	1.063689
5	thp	pe	warm	setup	0.162561	0.000072	8	0	0.000000	0.000072
5	thp	pe	warm	classify	0.162638	0.301998	60548	0	1.272855	0.154994
5	thp	pe	warm	close	0.464665	0.000043	0	0	0.000030	0.000029
5	thp	pe	warm	unmap	0.464718	0.013082	0	0	0.000000	0.013096
5	thp	pe	warm	total	0.000003	0.477817	67315	0	1.276577	1.231956
5	fill	pe	warm	taxo	0.000105	0.003076	2531	0	0.003730	0.000000
5	fill	pe	warm	hash	0.003210	0.153820	4194	0	0.000000	1.106129
5	fill	pe	warm	setup	0.157089	0.000064	8	0	0.000000	0.000063
5	fill	pe	warm	classify	0.157159	0.271666	61338	0	1.326908	0.072834
5	fill	pe	warm	close	0.428854	0.000019	0	0	0.000012	0.000010
5	fill	pe	warm	unmap	0.428882	0.013959	0	0	0.002317	0.011653
5	fill	pe	warm	total	0.000003	0.442860	68086	0	1.333139	1.190794
6	recycle	pe	warm	taxo	0.000112	0.003018	2542	0	0.000000	0.003765
6	recycle	pe	warm	hash	0.003161	0.158870	4196	0	0.000000	1.160046
6	recycle	pe	warm	setup	0.162064	0.000069	10	0	0.000000	0.000070
6	recycle	pe	warm	classify	0.162138	0.224383	63433	0	0.993027	0.063182
6	recycle	pe	warm	close	0.386555	0.000043	0	0	0.000031	0.000038
6	recycle	pe	warm	unmap	0.386608	0.013875	0	0	0.000000	0.012986
6	recycle	pe	warm	total	0.000003	0.400524	70194	0	0.993077	1.241273
6	rc	pe	warm	taxo	0.000103	0.002890	2558	0	0.000000	0.003622
6	rc	pe	warm	hash	0.003020	0.146630	4202	0	0.000000	1.060684
6	rc	pe	warm	setup	0.149682	0.000073	7	0	0.000000	0.000073
6	rc	pe	warm	classify	0.149761	0.217950	61941	0	0.942963	0.027872
6	rc	pe	warm	close	0.367748	0.000047	0	0	0.000035	0.000041
6	rc	pe	warm	unmap	0.367805	0.013985	0	0	0.001924	0.012085
6	rc	pe	warm	total	0.000003	0.381842	68724	0	0.945082	1.104512
6	matesize	pe	warm	taxo	0.000103	0.002814	2552	0	0.003433	0.000000
6	matesize	pe	warm	hash	0.002945	0.150320	4201	0	0.004934	1.083619
6	matesize	pe	warm	setup	0.153293	0.000064	8	0	0.000001	0.000061
6	matesize	pe	warm	classify	0.153363	0.197301	58966	0	0.922519	0.029443
6	matesize	pe	warm	close	0.350701	0.000023	0	0	0.000020	0.000023
6	matesize	pe	warm	unmap	0.350736	0.014342	0	0	0.000000	0.011613
6	matesize	pe	warm	total	0.000003	0.365107	65747	0	0.931062	1.127282
6	batch	pe	warm	taxo	0.000097	0.002849	2574	0	0.003352	0.000000
6	batch	pe	warm	hash	0.002972	0.147301	4206	0	0.000000	1.062016
6	batch	pe	warm	setup	0.150300	0.000065	6	0	0.000000	0.000064
6	batch	pe	warm	classify	0.150370	0.202750	60425	0	0.891929	0.064061
6	batch	pe	warm	close	0.353150	0.000022	0	0	0.000019	0.000023
6	batch	pe	warm	unmap	0.353181	0.013601	0	0	0.000000	0.013649
6	batch	pe	warm	total	0.000003	0.366808	67224	0	0.895438	1.139894
6	final	pe	warm	taxo	0.000098	0.003152	2544	0	0.003872	0.000000
6	final	pe	warm	hash	0.003277	0.156042	4223	0	0.000000	1.007585
6	final	pe	warm	setup	0.159344	0.000069	1	0	0.000000	0.000070
6	final	pe	warm	classify	0.159418	0.203336	57653	0	0.888032	0.068762
6	final	pe	warm	close	0.362782	0.000043	0	0	0.000032	0.000038
6	final	pe	warm	unmap	0.362835	0.013265	0	0	0.001407	0.011866
6	final	pe	warm	total	0.000003	0.376116	64432	0	0.893491	1.088380
6	final-aa	pe	warm	taxo	0.000099	0.002928	2573	0	0.000000	0.003692
6	final-aa	pe	warm	hash	0.003059	0.154797	4206	0	0.000000	1.140827
6	final-aa	pe	warm	setup	0.157882	0.000085	4	0	0.000000	0.000087
6	final-aa	pe	warm	classify	0.157973	0.200110	56851	0	0.910795	0.044640
6	final-aa	pe	warm	close	0.358120	0.000022	0	0	0.000019	0.000026
6	final-aa	pe	warm	unmap	0.358154	0.014112	0	0	0.000000	0.010546
6	final-aa	pe	warm	total	0.000003	0.372292	63652	0	0.910835	1.203639
6	base	pe	warm	taxo	0.000102	0.002882	2544	0	0.000000	0.003562
6	base	pe	warm	hash	0.003013	0.397014	1953161	0	0.007939	3.030662
6	base	pe	warm	setup	0.400052	0.000072	4	0	0.000000	0.000074
6	base	pe	warm	classify	0.400129	0.283223	60959	0	1.374876	0.098252
6	base	pe	warm	close	0.683387	0.000051	0	0	0.000021	0.000047
6	base	pe	warm	unmap	0.683453	0.393921	0	0	0.003099	0.390860
6	base	pe	warm	total	0.000002	1.077389	2016676	0	1.386056	3.523559
6	thp	pe	warm	taxo	0.000101	0.003049	2546	0	0.003779	0.000000
6	thp	pe	warm	hash	0.003180	0.152477	4203	0	0.000000	1.122264
6	thp	pe	warm	setup	0.155699	0.000070	8	0	0.000000	0.000071
6	thp	pe	warm	classify	0.155775	0.296812	61822	0	1.324344	0.065410
6	thp	pe	warm	close	0.452622	0.000046	0	0	0.000032	0.000029
6	thp	pe	warm	unmap	0.452678	0.014034	0	0	0.000000	0.004410
6	thp	pe	warm	total	0.000003	0.466743	68603	0	1.330389	1.199869
6	fill	pe	warm	taxo	0.000117	0.003116	2577	0	0.003852	0.000000
6	fill	pe	warm	hash	0.003266	0.169785	4201	0	0.004235	1.182660
6	fill	pe	warm	setup	0.173095	0.000073	8	0	0.000001	0.000071
6	fill	pe	warm	classify	0.173175	0.284047	60615	0	1.327147	0.073876
6	fill	pe	warm	close	0.457255	0.000055	0	0	0.000037	0.000034
6	fill	pe	warm	unmap	0.457323	0.013307	0	0	0.000000	0.013330
6	fill	pe	warm	total	0.000003	0.470649	67420	0	1.335451	1.270066
6	scan	pe	warm	taxo	0.000100	0.002840	2542	0	0.003579	0.000000
6	scan	pe	warm	hash	0.002969	0.151889	4203	0	0.000000	1.117318
6	scan	pe	warm	setup	0.154899	0.000062	4	0	0.000000	0.000065
6	scan	pe	warm	classify	0.154967	0.224647	60738	0	0.968624	0.097481
6	scan	pe	warm	close	0.379641	0.000041	0	0	0.000028	0.000035
6	scan	pe	warm	unmap	0.379693	0.013879	0	0	0.001511	0.012375
6	scan	pe	warm	total	0.000003	0.393588	67496	0	0.973894	1.227350
7	rc	pe	warm	taxo	0.000100	0.002793	2537	0	0.000000	0.003464
7	rc	pe	warm	hash	0.002916	0.157832	4197	0	0.000000	1.160799
7	rc	pe	warm	setup	0.160778	0.000090	11	0	0.000000	0.000086
7	rc	pe	warm	classify	0.160873	0.218200	59537	0	0.870184	0.106702
7	rc	pe	warm	close	0.379107	0.000041	0	0	0.000022	0.000033
7	rc	pe	warm	unmap	0.379158	0.014049	0	0	0.000000	0.014090
7	rc	pe	warm	total	0.000003	0.393231	66296	0	0.870321	1.285284
7	matesize	pe	warm	taxo	0.000102	0.002819	2565	0	0.003460	0.000000
7	matesize	pe	warm	hash	0.002946	0.149391	4212	0	0.000000	1.087673
7	matesize	pe	warm	setup	0.152363	0.000068	2	0	0.000000	0.000070
7	matesize	pe	warm	classify	0.152436	0.201939	58519	0	0.879047	0.077866
7	matesize	pe	warm	close	0.354407	0.000041	0	0	0.000028	0.000036
7	matesize	pe	warm	unmap	0.354458	0.013850	0	0	0.000000	0.013890
7	matesize	pe	warm	total	0.000003	0.368344	65313	0	0.882679	1.179634
7	batch	pe	warm	taxo	0.000106	0.002834	2563	0	0.003588	0.000000
7	batch	pe	warm	hash	0.002967	0.150968	4196	0	0.004948	1.098275
7	batch	pe	warm	setup	0.153973	0.000076	8	0	0.000001	0.000078
7	batch	pe	warm	classify	0.154054	0.198643	58646	0	0.890805	0.061728
7	batch	pe	warm	close	0.352733	0.000044	0	0	0.000032	0.000042
7	batch	pe	warm	unmap	0.352795	0.013895	0	0	0.001549	0.012371
7	batch	pe	warm	total	0.000003	0.366727	65430	0	0.901116	1.172602
7	final	pe	warm	taxo	0.000125	0.003011	2546	0	0.000000	0.003634
7	final	pe	warm	hash	0.003164	0.151542	4198	0	0.000000	1.108197
7	final	pe	warm	setup	0.154738	0.000095	9	0	0.000000	0.000091
7	final	pe	warm	classify	0.154840	0.196396	56332	0	0.857908	0.101346
7	final	pe	warm	close	0.351267	0.000044	0	0	0.000031	0.000044
7	final	pe	warm	unmap	0.351320	0.013841	0	0	0.001542	0.012308
7	final	pe	warm	total	0.000003	0.365178	63099	0	0.859505	1.225859
7	final-aa	pe	warm	taxo	0.000097	0.002948	2569	0	0.000000	0.003620
7	final-aa	pe	warm	hash	0.003074	0.165181	4203	0	0.000000	1.012941
7	final-aa	pe	warm	setup	0.168279	0.000059	4	0	0.000000	0.000060
7	final-aa	pe	warm	classify	0.168343	0.207299	56396	0	0.873615	0.076128
7	final-aa	pe	warm	close	0.375673	0.000042	0	0	0.000026	0.000032
7	final-aa	pe	warm	unmap	0.375726	0.013903	0	0	0.000000	0.013915
7	final-aa	pe	warm	total	0.000003	0.389650	63183	0	0.873659	1.106897
7	base	pe	warm	taxo	0.000106	0.002832	2565	0	0.000000	0.003488
7	base	pe	warm	hash	0.002966	0.435094	1953152	0	0.000000	3.414547
7	base	pe	warm	setup	0.438104	0.000076	12	0	0.000000	0.000076
7	base	pe	warm	classify	0.438186	0.296328	59611	0	1.350258	0.090720
7	base	pe	warm	close	0.734542	0.000040	0	0	0.000015	0.000039
7	base	pe	warm	unmap	0.734592	0.386694	0	0	0.000000	0.386717
7	base	pe	warm	total	0.000003	1.121302	2015360	0	1.350283	3.895815
7	thp	pe	warm	taxo	0.000100	0.003441	2537	0	0.004176	0.000000
7	thp	pe	warm	hash	0.003567	0.149687	4200	0	0.004138	1.077380
7	thp	pe	warm	setup	0.153290	0.000073	12	0	0.000001	0.000074
7	thp	pe	warm	classify	0.153369	0.288060	60665	0	1.343687	0.065677
7	thp	pe	warm	close	0.441462	0.000020	0	0	0.000012	0.000011
7	thp	pe	warm	unmap	0.441491	0.013141	0	0	0.001514	0.011318
7	thp	pe	warm	total	0.000002	0.454650	67431	0	1.353697	1.154538
7	fill	pe	warm	taxo	0.000104	0.002762	2564	0	0.003434	0.000000
7	fill	pe	warm	hash	0.002894	0.150931	4197	0	0.000000	1.078285
7	fill	pe	warm	setup	0.153856	0.000088	11	0	0.000000	0.000093
7	fill	pe	warm	classify	0.153950	0.280837	60655	0	1.302059	0.089164
7	fill	pe	warm	close	0.434820	0.000044	0	0	0.000037	0.000033
7	fill	pe	warm	unmap	0.434874	0.012701	0	0	0.000000	0.008232
7	fill	pe	warm	total	0.000003	0.447599	67442	0	1.307150	1.178932
7	scan	pe	warm	taxo	0.000104	0.002906	2555	0	0.003557	0.000000
7	scan	pe	warm	hash	0.003038	0.148132	4196	0	0.000000	1.063605
7	scan	pe	warm	setup	0.151199	0.000092	13	0	0.000000	0.000094
7	scan	pe	warm	classify	0.151297	0.225527	56213	0	0.956245	0.105952
7	scan	pe	warm	close	0.376849	0.000040	0	0	0.000029	0.000036
7	scan	pe	warm	unmap	0.376902	0.013435	0	0	0.001586	0.011859
7	scan	pe	warm	total	0.000003	0.390354	62990	0	0.961571	1.181612
7	recycle	pe	warm	taxo	0.000095	0.002782	2544	0	0.000000	0.003422
7	recycle	pe	warm	hash	0.002905	0.171586	4200	0	0.000000	0.937859
7	recycle	pe	warm	setup	0.174531	0.000058	10	0	0.000000	0.000069
7	recycle	pe	warm	classify	0.174595	0.228833	63609	0	1.014216	0.041291
7	recycle	pe	warm	close	0.403461	0.000042	0	0	0.000035	0.000035
7	recycle	pe	warm	unmap	0.403513	0.013665	0	0	0.001896	0.011802
7	recycle	pe	warm	total	0.000003	0.417221	70382	0	1.016206	0.994701
8	matesize	pe	warm	taxo	0.000102	0.002869	2573	0	0.000000	0.003632
8	matesize	pe	warm	hash	0.003000	0.148636	4193	0	0.008039	1.057636
8	matesize	pe	warm	setup	0.151662	0.000071	7	0	0.000001	0.000072
8	matesize	pe	warm	classify	0.151738	0.200944	58356	0	0.860423	0.098817
8	matesize	pe	warm	close	0.352716	0.000044	0	0	0.000028	0.000038
8	matesize	pe	warm	unmap	0.352770	0.013584	0	0	0.001530	0.012060
8	matesize	pe	warm	total	0.000003	0.366370	65144	0	0.870147	1.172345
8	batch	pe	warm	taxo	0.000098	0.002926	2551	0	0.003630	0.000000
8	batch	pe	warm	hash	0.003053	0.154000	4209	0	0.000000	1.129845
8	batch	pe	warm	setup	0.157097	0.000076	12	0	0.000000	0.000079
8	batch	pe	warm	classify	0.157178	0.202425	60002	0	0.856080	0.107709
8	batch	pe	warm	close	0.359633	0.000021	0	0	0.000016	0.000023
8	batch	pe	warm	unmap	0.359663	0.013675	0	0	0.001546	0.012141
8	batch	pe	warm	total	0.000003	0.373354	66793	0	0.861422	1.249881
8	final	pe	warm	taxo	0.000100	0.003056	2551	0	0.000000	0.003756
8	final	pe	warm	hash	0.003200	0.154739	4204	0	0.000000	1.150567
8	final	pe	warm	setup	0.157962	0.000064	4	0	0.000000	0.000066
8	final	pe	warm	classify	0.158030	0.198428	54567	0	0.844557	0.120642
8	final	pe	warm	close	0.356485	0.000046	0	0	0.000027	0.000041
8	final	pe	warm	unmap	0.356541	0.013333	0	0	0.000000	0.013342
8	final	pe	warm	total	0.000003	0.369891	61335	0	0.844598	1.288632
8	final-aa	pe	warm	taxo	0.000103	0.002958	2563	0	0.003759	0.000000
8	final-aa	pe	warm	hash	0.003089	0.149432	4200	0	0.000000	1.075307
8	final-aa	pe	warm	setup	0.152545	0.000070	1	0	0.000000	0.000072
8	final-aa	pe	warm	classify	0.152620	0.196066	51754	0	0.835143	0.126976
8	final-aa	pe	warm	close	0.348714	0.000020	0	0	0.000015	0.000021
8	final-aa	pe	warm	unmap	0.348744	0.013559	0	0	0.000000	0.006538
8	final-aa	pe	warm	total	0.000003	0.362333	58529	0	0.840641	1.214481
8	base	pe	warm	taxo	0.000105	0.002835	2559	0	0.003468	0.000000
8	base	pe	warm	hash	0.002967	0.468354	1953166	0	0.000000	3.152794
8	base	pe	warm	setup	0.471343	0.000059	3	0	0.000000	0.000066
8	base	pe	warm	classify	0.471408	0.299345	61526	0	1.343657	0.096253
8	base	pe	warm	close	0.770784	0.000038	0	0	0.000017	0.000041
8	base	pe	warm	unmap	0.770835	0.386628	0	0	0.003392	0.383263
8	base	pe	warm	total	0.000002	1.157482	2017266	0	1.350680	3.632487
8	thp	pe	warm	taxo	0.000105	0.003400	2537	0	0.004075	0.000000
8	thp	pe	warm	hash	0.003533	0.150808	4196	0	0.000000	1.099894
8	thp	pe	warm	setup	0.154375	0.000071	5	0	0.000000	0.000068
8	thp	pe	warm	classify	0.154450	0.278745	59622	0	1.310430	0.115832
8	thp	pe	warm	close	0.433225	0.000041	0	0	0.000031	0.000028
8	thp	pe	warm	unmap	0.433275	0.012921	0	0	0.001491	0.011437
8	thp	pe	warm	total	0.000003	0.446214	66374	0	1.316188	1.227327
8	fill	pe	warm	taxo	0.000107	0.003239	2535	0	0.003957	0.000000
8	fill	pe	warm	hash	0.003376	0.150251	4195	0	0.000000	1.089364
8	fill	pe	warm	setup	0.153672	0.000076	11	0	0.000000	0.000075
8	fill	pe	warm	classify	0.153753	0.273243	61127	0	1.295378	0.082566
8	fill	pe	warm	close	0.427027	0.000018	0	0	0.000011	0.000010
8	fill	pe	warm	unmap	0.427055	0.013017	0	0	0.001621	0.011405
8	fill	pe	warm	total	0.000003	0.440089	67885	0	1.301144	1.183515
8	scan	pe	warm	taxo	0.000111	0.002896	2546	0	0.003689	0.000000
8	scan	pe	warm	hash	0.003037	0.152027	4198	0	0.000000	1.113498
8	scan	pe	warm	setup	0.155103	0.000074	10	0	0.000000	0.000074
8	scan	pe	warm	classify	0.155183	0.221421	58406	0	0.940545	0.121188
8	scan	pe	warm	close	0.376631	0.000044	0	0	0.000026	0.000034
8	scan	pe	warm	unmap	0.376686	0.012934	0	0	0.000000	0.011374
8	scan	pe	warm	total	0.000003	0.389652	65181	0	0.944418	1.247870
8	recycle	pe	warm	taxo	0.000103	0.002845	2560	0	0.003521	0.000000
8	recycle	pe	warm	hash	0.002972	0.148425	4190	0	0.000000	1.086051
8	recycle	pe	warm	setup	0.151429	0.000077	14	0	0.000000	0.000072
8	recycle	pe	warm	classify	0.151512	0.225315	61195	0	0.963449	0.066642
8	recycle	pe	warm	close	0.376864	0.000044	0	0	0.000028	0.000034
8	recycle	pe	warm	unmap	0.376918	0.013541	0	0	0.001755	0.011795
8	recycle	pe	warm	total	0.000003	0.390474	67974	0	0.968906	1.164670
8	rc	pe	warm	taxo	0.000111	0.002827	2537	0	0.003455	0.000000
8	rc	pe	warm	hash	0.002966	0.149678	4195	0	0.000000	1.091031
8	rc	pe	warm	setup	0.152676	0.000072	7	0	0.000000	0.000071
8	rc	pe	warm	classify	0.152753	0.220482	63098	0	0.896863	0.091615
8	rc	pe	warm	close	0.373267	0.000041	0	0	0.000026	0.000034
8	rc	pe	warm	unmap	0.373321	0.014008	0	0	0.000000	0.014015
8	rc	pe	warm	total	0.000003	0.387345	69851	0	0.900499	1.196846
9	batch	pe	warm	taxo	0.000116	0.003217	2578	0	0.003824	0.000000
9	batch	pe	warm	hash	0.003362	0.166109	4196	0	0.000000	1.031035
9	batch	pe	warm	setup	0.169502	0.000063	2	0	0.000000	0.000062
9	batch	pe	warm	classify	0.169570	0.201651	58935	0	0.879313	0.072608
9	batch	pe	warm	close	0.371266	0.000045	0	0	0.000030	0.000038
9	batch	pe	warm	unmap	0.371326	0.013765	0	0	0.001695	0.012078
9	batch	pe	warm	total	0.000003	0.385108	65729	0	0.885041	1.115900
9	final	pe	warm	taxo	0.000098	0.002969	2549	0	0.003633	0.000000
9	final	pe	warm	hash	0.003095	0.149562	4206	0	0.004636	1.081199
9	final	pe	warm	setup	0.152712	0.000074	12	0	0.000001	0.000074
9	final	pe	warm	classify	0.152792	0.208213	55630	0	0.936948	0.033309
9	final	pe	warm	close	0.361034	0.000041	0	0	0.000031	0.000036
9	final	pe	warm	unmap	0.361084	0.013703	0	0	0.001759	0.011953
9	final	pe	warm	total	0.000003	0.374806	62418	0	0.947157	1.126669
9	final-aa	pe	warm	taxo	0.000096	0.002897	2575	0	0.003589	0.000000
9	final-aa	pe	warm	hash	0.003024	0.153239	4206	0	0.004931	1.123253
9	final-aa	pe	warm	setup	0.156287	0.000071	4	0	0.000001	0.000073
9	final-aa	pe	warm	classify	0.156364	0.197863	52421	0	0.909559	0.051909
9	final-aa	pe	warm	close	0.354257	0.000045	0	0	0.000027	0.000035
9	final-aa	pe	warm	unmap	0.354311	0.013034	0	0	0.000000	0.007643
9	final-aa	pe	warm	total	0.000003	0.367379	59214	0	0.919516	1.187172
9	base	pe	warm	taxo	0.000102	0.002869	2557	0	0.003536	0.000000
9	base	pe	warm	hash	0.002997	0.436621	1953151	0	0.000000	3.426963
9	base	pe	warm	setup	0.439644	0.000072	7	0	0.000000	0.000074
9	base	pe	warm	classify	0.439722	0.292509	61140	0	1.357039	0.123010
9	base	pe	warm	close	0.732258	0.000024	0	0	0.000011	0.000029
9	base	pe	warm	unmap	0.732291	0.391714	0	0	0.000000	0.391732
9	base	pe	warm	total	0.000003	1.124021	2016868	0	1.360721	3.941935
9	thp	pe	warm	taxo	0.000104	0.002828	2560	0	0.003523	0.000000
9	thp	pe	warm	hash	0.002959	0.158251	4194	0	0.004565	0.986236
9	thp	pe	warm	setup	0.161246	0.000061	8	0	0.000001	0.000062
9	thp	pe	warm	classify	0.161313	0.265812	60455	0	1.319731	0.071293
9	thp	pe	warm	close	0.427154	0.000019	0	0	0.000018	0.000015
9	thp	pe	warm	unmap	0.427182	0.012867	0	0	0.000000	0.012881
9	thp	pe	warm	total	0.000003	0.440065	67230	0	1.327989	1.070559
9	fill	pe	warm	taxo	0.000105	0.002871	2543	0	0.003600	0.000000
9	fill	pe	warm	hash	0.003002	0.149042	4196	0	0.004435	1.072938
9	fill	pe	warm	setup	0.152068	0.000067	2	0	0.000001	0.000068
9	fill	pe	warm	classify	0.152140	0.276594	59694	0	1.356236	0.063704
9	fill	pe	warm	close	0.428764	0.000043	0	0	0.000032	0.000026
9	fill	pe	warm	unmap	0.428818	0.013426	0	0	0.001882	0.011551
9	fill	pe	warm	total	0.000003	0.442259	66448	0	1.366343	1.148341
9	scan	pe	warm	taxo	0.000105	0.002925	2535	0	0.003557	0.000000
9	scan	pe	warm	hash	0.003056	0.148672	4192	0	0.000000	1.083209
9	scan	pe	warm	setup	0.151763	0.000078	13	0	0.000000	0.000078
9	scan	pe	warm	classify	0.151848	0.221343	59034	0	1.007212	0.036279
9	scan	pe	warm	close	0.373220	0.000041	0	0	0.000030	0.000032
9	scan	pe	warm	unmap	0.373270	0.012745	0	0	0.001425	0.011327
9	scan	pe	warm	total	0.000003	0.386030	65792	0	1.012378	1.130994
9	recycle	pe	warm	taxo	0.000102	0.002921	2532	0	0.003527	0.000000
9	recycle	pe	warm	hash	0.003047	0.149710	4206	0	0.000000	1.076728
9	recycle	pe	warm	setup	0.152787	0.000095	11	0	0.000000	0.000092
9	recycle	pe	warm	classify	0.152887	0.237005	61418	0	0.938359	0.090451
9	recycle	pe	warm	close	0.389920	0.000019	0	0	0.000015	0.000018
9	recycle	pe	warm	unmap	0.389948	0.012676	0	0	0.001325	0.011381
9	recycle	pe	warm	total	0.000003	0.402651	68181	0	0.943381	1.178755
9	rc	pe	warm	taxo	0.000099	0.002881	2550	0	0.003579	0.000000
9	rc	pe	warm	hash	0.003011	0.153988	4208	0	0.000000	1.145199
9	rc	pe	warm	setup	0.157025	0.000075	4	0	0.000000	0.000078
9	rc	pe	warm	classify	0.157105	0.214095	60722	0	0.932692	0.051127
9	rc	pe	warm	close	0.371230	0.000040	0	0	0.000027	0.000035
9	rc	pe	warm	unmap	0.371280	0.013603	0	0	0.000000	0.012453
9	rc	pe	warm	total	0.000003	0.384910	67491	0	0.936442	1.210163
9	matesize	pe	warm	taxo	0.000102	0.003024	2535	0	0.003668	0.000000
9	matesize	pe	warm	hash	0.003152	0.149270	4198	0	0.000000	1.079866
9	matesize	pe	warm	setup	0.152457	0.000071	14	0	0.000000	0.000071
9	matesize	pe	warm	classify	0.152533	0.198730	59400	0	0.881393	0.072898
9	matesize	pe	warm	close	0.351290	0.000038	0	0	0.000029	0.000037
9	matesize	pe	warm	unmap	0.351339	0.012785	0	0	0.001273	0.011522
9	matesize	pe	warm	total	0.000003	0.364140	66164	0	0.886512	1.164466
10	final	pe	warm	taxo	0.000111	0.002923	2560	0	0.000000	0.003589
10	final	pe	warm	hash	0.003060	0.152339	4192	0	0.000000	1.073614
10	final	pe	warm	setup	0.155431	0.000088	7	0	0.000000	0.000091
10	final	pe	warm	classify	0.155526	0.196662	57895	0	0.891351	0.051868
10	final	pe	warm	close	0.352219	0.000043	0	0	0.000027	0.000034
10	final	pe	warm	unmap	0.352273	0.013631	0	0	0.000000	0.013655
10	final	pe	warm	total	0.000003	0.365922	64665	0	0.891505	1.142956
10	final-aa	pe	warm	taxo	0.000105	0.002812	2544	0	0.003436	0.000000
10	final-aa	pe	warm	hash	0.002947	0.164740	4190	0	0.000000	0.999328
10	final-aa	pe	warm	setup	0.167794	0.000079	12	0	0.000000	0.000079
10	final-aa	pe	warm	classify	0.167879	0.205339	57489	0	0.862995	0.088362
10	final-aa	pe	warm	close	0.373246	0.000046	0	0	0.000028	0.000035
10	final-aa	pe	warm	unmap	0.373302	0.013516	0	0	0.000000	0.011175
10	final-aa	pe	warm	total	0.000003	0.386859	64253	0	0.866610	1.101567
10	base	pe	warm	taxo	0.000094	0.002899	2572	0	0.003541	0.000000
10	base	pe	warm	hash	0.003020	0.436617	1953157	0	0.000000	3.426729
10	base	pe	warm	setup	0.439676	0.000070	12	0	0.000000	0.000070
10	base	pe	warm	classify	0.439752	0.282092	59720	0	1.359507	0.093690
10	base	pe	warm	close	0.721874	0.000043	0	0	0.000016	0.000041
10	base	pe	warm	unmap	0.721927	0.387925	0	0	0.000588	0.387367
10	base	pe	warm	total	0.000003	1.109866	2015473	0	1.363793	3.907996
10	thp	pe	warm	taxo	0.000134	0.003218	2545	0	0.000000	0.003869
10	thp	pe	warm	hash	0.003380	0.148260	4209	0	0.000000	1.068680
10	thp	pe	warm	setup	0.151663	0.000076	7	0	0.000000	0.000078
10	thp	pe	warm	classify	0.151744	0.286006	59148	0	1.323929	0.057725
10	thp	pe	warm	close	0.437780	0.000045	0	0	0.000037	0.000031
10	thp	pe	warm	unmap	0.437835	0.012782	0	0	0.001351	0.011439
10	thp	pe	warm	total	0.000002	0.450633	65939	0	1.325492	1.141904
10	fill	pe	warm	taxo	0.000109	0.002932	2538	0	0.003604	0.000000
10	fill	pe	warm	hash	0.003067	0.147943	4195	0	0.000000	1.073701
10	fill	pe	warm	setup	0.151049	0.000099	16	0	0.000000	0.000120
10	fill	pe	warm	classify	0.151168	0.277158	61648	0	1.345255	0.088087
10	fill	pe	warm	close	0.428359	0.000018	0	0	0.000015	0.000013
10	fill	pe	warm	unmap	0.428386	0.012744	0	0	0.001509	0.011241
10	fill	pe	warm	total	0.000003	0.441145	68423	0	1.350558	1.173255
10	scan	pe	warm	taxo	0.000101	0.002781	2538	0	0.003420	0.000000
10	scan	pe	warm	hash	0.002910	0.151973	4198	0	0.000000	1.052545
10	scan	pe	warm	setup	0.154909	0.000076	7	0	0.000000	0.000079
10	scan	pe	warm	classify	0.154991	0.227931	60297	0	0.982453	0.071964
10	scan	pe	warm	close	0.382948	0.000043	0	0	0.000034	0.000039
10	scan	pe	warm	unmap	0.383003	0.012796	0	0	0.000000	0.012828
10	scan	pe	warm	total	0.000003	0.395835	67052	0	0.986056	1.137567
10	recycle	pe	warm	taxo	0.000101	0.003008	2552	0	0.003705	0.000000
10	recycle	pe	warm	hash	0.003137	0.149558	4188	0	0.000000	1.078202
10	recycle	pe	warm	setup	0.152736	0.000077	12	0	0.000000	0.000076
10	recycle	pe	warm	classify	0.152818	0.217227	61596	0	1.005131	0.053522
10	recycle	pe	warm	close	0.370076	0.000039	0	0	0.000025	0.000028
10	recycle	pe	warm	unmap	0.370125	0.013076	0	0	0.001398	0.011686
10	recycle	pe	warm	total	0.000003	0.383217	68364	0	1.010414	1.143594
10	rc	pe	warm	taxo	0.000104	0.002754	2538	0	0.003404	0.000000
10	rc	pe	warm	hash	0.002886	0.149496	4193	0	0.000000	1.080967
10	rc	pe	warm	setup	0.152421	0.000076	14	0	0.000000	0.000077
10	rc	pe	warm	classify	0.152504	0.210840	60689	0	0.877244	0.082098
10	rc	pe	warm	close	0.363384	0.000043	0	0	0.000029	0.000038
10	rc	pe	warm	unmap	0.363437	0.012867	0	0	0.001239	0.011675
10	rc	pe	warm	total	0.000003	0.376318	67457	0	0.882076	1.174936
10	matesize	pe	warm	taxo	0.000161	0.003045	2525	0	0.003638	0.000000
10	matesize	pe	warm	hash	0.003232	0.148918	4201	0	0.000000	1.079804
10	matesize	pe	warm	setup	0.152180	0.000079	10	0	0.000000	0.000079
10	matesize	pe	warm	classify	0.152265	0.198661	59455	0	0.894918	0.062572
10	matesize	pe	warm	close	0.350965	0.000045	0	0	0.000031	0.000039
10	matesize	pe	warm	unmap	0.351022	0.013656	0	0	0.001747	0.011918
10	matesize	pe	warm	total	0.000003	0.364695	66232	0	0.900586	1.154486
10	batch	pe	warm	taxo	0.000101	0.002826	2544	0	0.000000	0.003377
10	batch	pe	warm	hash	0.002954	0.149316	4209	0	0.000000	1.070462
10	batch	pe	warm	setup	0.152302	0.000086	6	0	0.000000	0.000079
10	batch	pe	warm	classify	0.152395	0.195081	59100	0	0.871808	0.077480
10	batch	pe	warm	close	0.347509	0.000044	0	0	0.000029	0.000038
10	batch	pe	warm	unmap	0.347563	0.013529	0	0	0.001550	0.011988
10	batch	pe	warm	total	0.000003	0.361109	65874	0	0.873512	1.163531
