spawn: shell options for --command: $-=ehB
spawn: errexit is ON. set -uo pipefail does NOT clear it; use set +e to opt out.
spawn: [2026-10-09T22:35:46Z] wrapper start
spawn: [2026-10-09T22:35:46Z] stage-in start
spawn: [2026-10-09T22:35:46Z] stage-in done rc=0
spawn: [2026-10-09T22:35:46Z] command start
ak2-stub: inherited $-=hBc
ak2-stub: imds region=us-west-2 expected=us-west-2 payload bucket aws-kraken2-942542972736-us-west-2 region=us-west-2
ak2-stub: payload verified (sha256 01c6ce7ec3c40a3c7c5856a351feb9248e084b279c77bff27b2970d27abf3591); exec
ak2: log tee up
ak2-phase	2026-10-09T22:35:46Z	1791585346	preamble	no
ak2: [2026-10-09T22:35:46Z] util sampler running (pid 29729, 2 ticks so far) -> log/util.tsv
ak2: [2026-10-09T22:35:47Z] inherited $-=hBc (stub, as spawn started it: $-=hBc)
ak2: [2026-10-09T22:35:47Z] after set +e $-=hBc
ak2: [2026-10-09T22:35:47Z] gate=g3 run=20261009-223514-4ee77c3
ak2: [2026-10-09T22:35:47Z] aws shim installed and self-tested (/tmp/ak2-bin/aws -> /usr/bin/aws)
ak2: [2026-10-09T22:35:47Z] imds region=us-west-2 az=us-west-2c instance=i-0865c7efcf41a816a type=x8g.24xlarge ami=ami-09325776a00699513
ak2: [2026-10-09T22:35:47Z] bucket aws-kraken2-942542972736-us-west-2 region=us-west-2
ak2: [2026-10-09T22:35:47Z] bucket aws-kraken2-942542972736-us-west-2 payer=UNKNOWN
ak2: [2026-10-09T22:35:47Z] WARN: could not read Payer of aws-kraken2-942542972736-us-west-2 from the instance (launch host verified it)
ak2: [2026-10-09T22:35:47Z] bucket kraken2-ncbi-refseq-complete-v205 region=us-west-2
ak2: [2026-10-09T22:35:48Z] bucket kraken2-ncbi-refseq-complete-v205 payer=BucketOwner
ak2: [2026-10-09T22:35:48Z] region assert passed
ak2: [2026-10-09T22:35:48Z] drop_caches_ok=true
ak2: [2026-10-09T22:35:48Z] preamble done; spec body starts
ak2-phase	2026-10-09T22:35:48Z	1791585348	body	no
ak2-phase	2026-10-09T22:35:49Z	1791585349	setup	no
ht-record {"kind":"ht","label":"setup","t":1791585382.967870249,"enabled":"madvise","defrag":"madvise","proactiveness":"20","page_bytes":4096,"huge_order":9,"free_bytes":1589852102656,"free_huge_bytes":1589731393536,"free_huge_frac":0.999924,"buddy":[12492,3381,276,105,97,30,20,13,11,7,379018],"vmstat":{"thp_migration_success":0,"thp_migration_fail":0,"thp_migration_split":0,"compact_migrate_scanned":0,"compact_free_scanned":0,"compact_isolated":3712,"compact_stall":0,"compact_fail":0,"compact_success":0,"compact_daemon_wake":0,"compact_daemon_migrate_scanned":0,"compact_daemon_free_scanned":0,"thp_fault_alloc":0,"thp_fault_fallback":0,"thp_fault_fallback_charge":0,"thp_collapse_alloc":0,"thp_collapse_alloc_failed":0,"thp_file_alloc":0,"thp_file_fallback":0,"thp_file_fallback_charge":0,"thp_file_mapped":0,"thp_split_page":0,"thp_split_page_failed":0,"thp_deferred_split_page":0,"thp_underused_split_page":0,"thp_split_pmd":0,"thp_scan_exceed_none_pte":0,"thp_scan_exceed_swap_pte":0,"thp_scan_exceed_share_pte":0,"thp_zero_page_alloc":0,"thp_zero_page_alloc_failed":0,"thp_swpout":0,"thp_swpout_fallback":0},"meminfo_kb":{"MemFree":1552590092,"AnonHugePages":0,"ShmemHugePages":0,"ShmemPmdMapped":0,"FileHugePages":8192,"FilePmdMapped":0}}
s5cmd_2.3.0_Linux-arm64.tar.gz: OK
ak2: [2026-10-09T22:36:43Z] upstream pin 2731b35f7abb26ec926517274f3d87e78d42fd76;describe 2.17.2-20-g2731b35;cxx g++ (g++ (GCC) 11.5.0 20240719 (Red Hat 11.5.0-5));version Kraken version 2.17.1;built 2026-10-09T22:36:43Z Linux aarch64;; ours 4ee77c3dd5db6f91955f564f7fbd5f4ff4d07188; s5cmd v2.3.0-991c9fb; threads 96; ranged-GET workers 48
ak2-phase	2026-10-09T22:36:43Z	1791585403	fetch-inputs	no
ak2: [2026-10-09T22:36:44Z] staged s3://kraken2-ncbi-refseq-complete-v205/Kraken2_RefSeqCompleteV205/opts.k2d -> /home/ec2-user/ak2/db/opts.k2d (56 bytes)
ak2: [2026-10-09T22:36:45Z] staged s3://kraken2-ncbi-refseq-complete-v205/Kraken2_RefSeqCompleteV205/taxo.k2d -> /home/ec2-user/ak2/db/taxo.k2d (179150665 bytes)
ak2: [2026-10-09T22:36:46Z] hash.k2d etag=f80959f9556b50d76b3e744afdd3b22a-8860 size=1189091671800
upstream-cohort: shell flags huB
SRR5935740_2.fastq.gz 502062672
SRR5935740_1.fastq.gz 495118282
probe-tune {"kind":"prep","sample":"SRR5935740","tool":"pigz -dc -p 16","seconds":8.65499997138977,"fq_bytes":4604111696}
ak2-phase	2026-10-09T22:36:57Z	1791585417	net-0	no
probe-tune {"kind":"net","label":"net-0","exit":0,"workers":64,"gbps":4.840748390347391,"requests":2228,"object_bytes":1189091671800,"load_floor_s":245.64211479594505}
ak2-phase	2026-10-09T22:37:27Z	1791585447	t1-a-none	no
ak2: [2026-10-09T22:37:28Z] drop_caches done; next phase is cold
ht-apply 2 2026-10-09T22:37:28Z none enabled madvise - madvise kept
ht-apply 2 2026-10-09T22:37:28Z none defrag madvise - madvise kept
ht-apply 2 2026-10-09T22:37:28Z none proactiveness 20 - 20 kept
ht-record {"kind":"ht","label":"pre-t1-a-none","t":1791585449.545374356,"enabled":"madvise","defrag":"madvise","proactiveness":"20","page_bytes":4096,"huge_order":9,"free_bytes":1586597707776,"free_huge_bytes":1581328105472,"free_huge_frac":0.996679,"buddy":[75974,74765,49805,25655,10509,4229,1729,900,497,262,376887],"vmstat":{"thp_migration_success":0,"thp_migration_fail":0,"thp_migration_split":0,"compact_migrate_scanned":0,"compact_free_scanned":0,"compact_isolated":3712,"compact_stall":0,"compact_fail":0,"compact_success":0,"compact_daemon_wake":0,"compact_daemon_migrate_scanned":0,"compact_daemon_free_scanned":0,"thp_fault_alloc":0,"thp_fault_fallback":0,"thp_fault_fallback_charge":0,"thp_collapse_alloc":1,"thp_collapse_alloc_failed":0,"thp_file_alloc":2673,"thp_file_fallback":0,"thp_file_fallback_charge":0,"thp_file_mapped":0,"thp_split_page":4,"thp_split_page_failed":0,"thp_deferred_split_page":0,"thp_underused_split_page":0,"thp_split_pmd":0,"thp_scan_exceed_none_pte":1,"thp_scan_exceed_swap_pte":0,"thp_scan_exceed_share_pte":0,"thp_zero_page_alloc":0,"thp_zero_page_alloc_failed":0,"thp_swpout":0,"thp_swpout_fallback":0},"meminfo_kb":{"MemFree":1549412996,"AnonHugePages":0,"ShmemHugePages":5466112,"ShmemPmdMapped":0,"FileHugePages":0,"FilePmdMapped":0}}
upstream-cohort: shell flags huB
ht-record {"kind":"ht","label":"load-t1-a-none","t":1791585698.182436252,"enabled":"madvise","defrag":"madvise","proactiveness":"20","page_bytes":4096,"huge_order":9,"free_bytes":396746240000,"free_huge_bytes":392096120832,"free_huge_frac":0.988279,"buddy":[20473,28643,48053,27472,11472,4317,1240,896,507,22,93472],"vmstat":{"thp_migration_success":0,"thp_migration_fail":0,"thp_migration_split":0,"compact_migrate_scanned":0,"compact_free_scanned":0,"compact_isolated":3712,"compact_stall":0,"compact_fail":0,"compact_success":0,"compact_daemon_wake":0,"compact_daemon_migrate_scanned":0,"compact_daemon_free_scanned":0,"thp_fault_alloc":0,"thp_fault_fallback":0,"thp_fault_fallback_charge":0,"thp_collapse_alloc":1,"thp_collapse_alloc_failed":0,"thp_file_alloc":569766,"thp_file_fallback":0,"thp_file_fallback_charge":0,"thp_file_mapped":0,"thp_split_page":4,"thp_split_page_failed":0,"thp_deferred_split_page":0,"thp_underused_split_page":0,"thp_split_pmd":0,"thp_scan_exceed_none_pte":1,"thp_scan_exceed_swap_pte":0,"thp_scan_exceed_share_pte":0,"thp_zero_page_alloc":0,"thp_zero_page_alloc_failed":0,"thp_swpout":0,"thp_swpout_fallback":0},"meminfo_kb":{"MemFree":387447032,"AnonHugePages":0,"ShmemHugePages":1166872576,"ShmemPmdMapped":0,"FileHugePages":0,"FilePmdMapped":0}}
upstream-cohort: shell flags huB
ht-record {"kind":"ht","label":"post-t1-a-none","t":1791585704.061726362,"enabled":"madvise","defrag":"madvise","proactiveness":"20","page_bytes":4096,"huge_order":9,"free_bytes":1583700852736,"free_huge_bytes":1580386484224,"free_huge_frac":0.997907,"buddy":[44912,24114,23282,13495,5774,3065,1248,897,507,317,376635],"vmstat":{"thp_migration_success":0,"thp_migration_fail":0,"thp_migration_split":0,"compact_migrate_scanned":0,"compact_free_scanned":0,"compact_isolated":3712,"compact_stall":0,"compact_fail":0,"compact_success":0,"compact_daemon_wake":0,"compact_daemon_migrate_scanned":0,"compact_daemon_free_scanned":0,"thp_fault_alloc":0,"thp_fault_fallback":0,"thp_fault_fallback_charge":0,"thp_collapse_alloc":1,"thp_collapse_alloc_failed":0,"thp_file_alloc":570221,"thp_file_fallback":0,"thp_file_fallback_charge":0,"thp_file_mapped":567086,"thp_split_page":4,"thp_split_page_failed":0,"thp_deferred_split_page":0,"thp_underused_split_page":0,"thp_split_pmd":0,"thp_scan_exceed_none_pte":1,"thp_scan_exceed_swap_pte":0,"thp_scan_exceed_share_pte":0,"thp_zero_page_alloc":0,"thp_zero_page_alloc_failed":0,"thp_swpout":0,"thp_swpout_fallback":0},"meminfo_kb":{"MemFree":1546582224,"AnonHugePages":0,"ShmemHugePages":6402048,"ShmemPmdMapped":0,"FileHugePages":0,"FilePmdMapped":0}}
probe-tune {"kind":"trial","pos":1,"rep":0,"warmup":true,"set":"none","regime":"a","applied":true,"ht_apply_rc":0,"ht_writes":0,"precompact_s":null,"load_s":247.195,"classify_s":1.996,"load_exit":0,"classify_exit":0,"classify_wall_s":2.440999984741211,"teardown_s":2.068000078201294,"wall_s":253.09400010108948,"total_s":249.191,"output_sha256":"96b6f88379a4975ee54476cacca96322f04993e187266ffefd8e6cc1b788c39e","report_sha256":"8193638bdb7415fc4f36a60fa27490e708756dba2a64d79cd7586acc78d7ca0a","pre_free_huge_frac":0.996679,"pre_free_bytes":1586597707776,"pre_buddy":[75974,74765,49805,25655,10509,4229,1729,900,497,262,376887],"thp":{"enabled":"madvise","defrag":"madvise","proactiveness":"20"},"vmstat_delta":{"compact_stall":0,"compact_success":0,"compact_fail":0,"compact_migrate_scanned":0,"compact_free_scanned":0,"compact_daemon_wake":0,"thp_fault_alloc":0,"thp_fault_fallback":0,"thp_file_alloc":567548,"thp_file_fallback":0},"shmem_huge_kb_after_load":1166872576,"anon_huge_kb_peak":0,"shmem_pmd_mapped_kb_peak":1161338880,"stderr_tail":"  9366399 sequences classified (88.93%)   1166511 sequences unclassified (11.07%) "}
ak2-phase	2026-10-09T22:41:45Z	1791585705	t2-b-none	yes
ak2: [2026-10-09T22:41:45Z] drop_caches done; next phase is cold
ht-apply 4 2026-10-09T22:41:45Z none enabled madvise - madvise kept
ht-apply 4 2026-10-09T22:41:45Z none defrag madvise - madvise kept
ht-apply 4 2026-10-09T22:41:45Z none proactiveness 20 - 20 kept
ht-record {"kind":"ht","label":"pre-t2-b-none","t":1791585706.837853641,"enabled":"madvise","defrag":"madvise","proactiveness":"20","page_bytes":4096,"huge_order":9,"free_bytes":1585481355264,"free_huge_bytes":1581346979840,"free_huge_frac":0.997392,"buddy":[43287,38593,31376,18540,7586,4034,1865,902,507,333,376856],"vmstat":{"thp_migration_success":0,"thp_migration_fail":0,"thp_migration_split":0,"compact_migrate_scanned":0,"compact_free_scanned":0,"compact_isolated":3712,"compact_stall":0,"compact_fail":0,"compact_success":0,"compact_daemon_wake":0,"compact_daemon_migrate_scanned":0,"compact_daemon_free_scanned":0,"thp_fault_alloc":0,"thp_fault_fallback":0,"thp_fault_fallback_charge":0,"thp_collapse_alloc":1,"thp_collapse_alloc_failed":0,"thp_file_alloc":570221,"thp_file_fallback":0,"thp_file_fallback_charge":0,"thp_file_mapped":567086,"thp_split_page":4,"thp_split_page_failed":0,"thp_deferred_split_page":0,"thp_underused_split_page":0,"thp_split_pmd":0,"thp_scan_exceed_none_pte":1,"thp_scan_exceed_swap_pte":0,"thp_scan_exceed_share_pte":0,"thp_zero_page_alloc":0,"thp_zero_page_alloc_failed":0,"thp_swpout":0,"thp_swpout_fallback":0},"meminfo_kb":{"MemFree":1548321568,"AnonHugePages":0,"ShmemHugePages":5466112,"ShmemPmdMapped":0,"FileHugePages":0,"FilePmdMapped":0}}
[t2-b-none] ak2-timing	taxo	0.001265	0.553449	88261	5	0.008546	0.097582
[t2-b-none] ak2-timing	shard-load-0	0.813301	300.683573	587734	0	553.800051	493.571300
[t2-b-none] ak2-timing	rendezvous	303.777171	0.002582	8	0	0.000000	0.000393
[t2-b-none] ak2-timing	connect	303.779767	0.000003	0	0	0.000000	0.000003
[t2-b-none] ak2-timing	connect-control	303.779775	0.000006	0	0	0.000000	0.000006
[t2-b-none] ak2-timing	hash	0.554774	303.225026	589860	6	553.809967	493.582080
[t2-b-none] ak2-timing	setup	303.779807	0.000070	0	0	0.000000	0.000072
[t2-b-none] ak2-timing	classify	303.779883	2.923200	5236812	0	118.930340	9.110273
[t2-b-none] ak2-timing	barrier	306.752582	0.000024	0	0	0.000010	0.000000
[t2-b-none] ak2-timing	close	306.752626	0.000014	0	0	0.000014	0.000000
[t2-b-none] ak2-engine	result	sequences	10532910	bases	1945093294	classified	9366399
[t2-b-none] ak2-timing	report	306.752653	0.082621	123	0	0.082915	0.000000
[t2-b-none] ak2-engine	shard	0	n	1	lo	0	hi	297272917942	tail	0	full	true	empty_at	297272917942	keys	415804127	batches	276	probe_s	17.510536	tail_probes	0	wrap_probes	0
[t2-b-none] ak2-engine	mem	t_s	306.8	rss_kib	1182382156	hwm_kib	1182382156	heap_inuse	20464910336	sys	22392638528	avail_kib	359644748
[t2-b-none] ak2-engine	rendezvous	puts	1	gets	1
[t2-b-none] ak2-engine	s3	client	sdk	put	0	get	0	create_multipart	0	upload_part	0	complete_multipart	0	abort_multipart	0	part_bytes	0
[t2-b-none] ak2-engine	s3	client	cli	put	0	get	0	create_multipart	0	upload_part	0	complete_multipart	0	abort_multipart	0	part_bytes	0
[t2-b-none] ak2-engine	node	rank	0	n	1	emitter	true	blocks_cut	276	blocks_mine	276	read_s	2.288998	window_wait_s	0.382353	send_s	0.000000	sent_bytes	0	emit_wait_s	2.921656	emit_s	0.000403
[t2-b-none] ak2-engine	load	seconds	300.683569	requests	17737	retries	0	bytes	1189091737368
[t2-b-none] ak2-engine	route	transport	nodes	calls	276	keys	415804127	batches	276	route_s	3.353758	wait_s	17.563723	gather_s	1.710231
[t2-b-none] ak2-engine	worker	scan_s	68.854576	lookup_s	22.627900	classify_s	38.456755
[t2-b-none] ak2-timing	unmap	306.835808	2.180196	0	0	0.000000	2.178347
[t2-b-none] ak2-timing	total	0.000002	309.016034	5915187	11	672.882109	504.968539
ht-record {"kind":"ht","label":"post-t2-b-none","t":1791586019.363035468,"enabled":"madvise","defrag":"madvise","proactiveness":"20","page_bytes":4096,"huge_order":9,"free_bytes":1585194586112,"free_huge_bytes":1574292160512,"free_huge_frac":0.993122,"buddy":[28837,42260,35990,28917,20225,12786,6691,3629,2139,1635,374523],"vmstat":{"thp_migration_success":0,"thp_migration_fail":0,"thp_migration_split":0,"compact_migrate_scanned":0,"compact_free_scanned":0,"compact_isolated":3712,"compact_stall":0,"compact_fail":0,"compact_success":0,"compact_daemon_wake":0,"compact_daemon_migrate_scanned":0,"compact_daemon_free_scanned":0,"thp_fault_alloc":567003,"thp_fault_fallback":0,"thp_fault_fallback_charge":0,"thp_collapse_alloc":2,"thp_collapse_alloc_failed":0,"thp_file_alloc":570677,"thp_file_fallback":0,"thp_file_fallback_charge":0,"thp_file_mapped":567086,"thp_split_page":4,"thp_split_page_failed":0,"thp_deferred_split_page":0,"thp_underused_split_page":0,"thp_split_pmd":0,"thp_scan_exceed_none_pte":2,"thp_scan_exceed_swap_pte":0,"thp_scan_exceed_share_pte":0,"thp_zero_page_alloc":1,"thp_zero_page_alloc_failed":0,"thp_swpout":0,"thp_swpout_fallback":0},"meminfo_kb":{"MemFree":1548042596,"AnonHugePages":0,"ShmemHugePages":6400000,"ShmemPmdMapped":0,"FileHugePages":0,"FilePmdMapped":0}}
probe-tune {"kind":"trial","pos":2,"rep":0,"warmup":true,"set":"none","regime":"b","applied":true,"ht_apply_rc":0,"ht_writes":0,"precompact_s":null,"load_s":300.683573,"classify_s":2.923,"load_exit":0,"classify_exit":0,"classify_wall_s":2.9230000972747803,"teardown_s":3.382999897003174,"wall_s":311.11299991607666,"total_s":303.606573,"output_sha256":"96b6f88379a4975ee54476cacca96322f04993e187266ffefd8e6cc1b788c39e","report_sha256":"8193638bdb7415fc4f36a60fa27490e708756dba2a64d79cd7586acc78d7ca0a","pre_free_huge_frac":0.997392,"pre_free_bytes":1585481355264,"pre_buddy":[43287,38593,31376,18540,7586,4034,1865,902,507,333,376856],"thp":{"enabled":"madvise","defrag":"madvise","proactiveness":"20"},"vmstat_delta":{"compact_stall":0,"compact_success":0,"compact_fail":0,"compact_migrate_scanned":0,"compact_free_scanned":0,"compact_daemon_wake":0,"thp_fault_alloc":567003,"thp_fault_fallback":0,"thp_file_alloc":456,"thp_file_fallback":0},"shmem_huge_kb_after_load":null,"anon_huge_kb_peak":1161222144,"shmem_pmd_mapped_kb_peak":0,"stderr_tail":"ak2-timing\tunmap\t306.835808\t2.180196\t0\t0\t0.000000\t2.178347 ak2-timing\ttotal\t0.000002\t309.016034\t5915187\t11\t672.882109\t504.968539 "}
ak2-phase	2026-10-09T22:47:00Z	1791586020	t3-a-defermadv	yes
ak2: [2026-10-09T22:47:00Z] drop_caches done; next phase is cold
ht-apply 6 2026-10-09T22:47:01Z defermadv enabled madvise - madvise kept
ht-apply 6 2026-10-09T22:47:01Z defermadv defrag madvise defer+madvise defer+madvise set
ht-apply 6 2026-10-09T22:47:01Z defermadv proactiveness 20 - 20 kept
ht-record {"kind":"ht","label":"pre-t3-a-defermadv","t":1791586022.177562898,"enabled":"madvise","defrag":"defer+madvise","proactiveness":"20","page_bytes":4096,"huge_order":9,"free_bytes":1585921650688,"free_huge_bytes":1575906967552,"free_huge_frac":0.993685,"buddy":[13665,17299,34274,28022,19316,12084,6395,3359,1955,1613,374919],"vmstat":{"thp_migration_success":0,"thp_migration_fail":0,"thp_migration_split":0,"compact_migrate_scanned":0,"compact_free_scanned":0,"compact_isolated":3712,"compact_stall":0,"compact_fail":0,"compact_success":0,"compact_daemon_wake":0,"compact_daemon_migrate_scanned":0,"compact_daemon_free_scanned":0,"thp_fault_alloc":567003,"thp_fault_fallback":0,"thp_fault_fallback_charge":0,"thp_collapse_alloc":2,"thp_collapse_alloc_failed":0,"thp_file_alloc":570677,"thp_file_fallback":0,"thp_file_fallback_charge":0,"thp_file_mapped":567086,"thp_split_page":4,"thp_split_page_failed":0,"thp_deferred_split_page":0,"thp_underused_split_page":0,"thp_split_pmd":0,"thp_scan_exceed_none_pte":2,"thp_scan_exceed_swap_pte":0,"thp_scan_exceed_share_pte":0,"thp_zero_page_alloc":1,"thp_zero_page_alloc_failed":0,"thp_swpout":0,"thp_swpout_fallback":0},"meminfo_kb":{"MemFree":1548752564,"AnonHugePages":0,"ShmemHugePages":5466112,"ShmemPmdMapped":0,"FileHugePages":0,"FilePmdMapped":0}}
upstream-cohort: shell flags huB
ht-record {"kind":"ht","label":"load-t3-a-defermadv","t":1791586271.599585045,"enabled":"madvise","defrag":"defer+madvise","proactiveness":"20","page_bytes":4096,"huge_order":9,"free_bytes":396926046208,"free_huge_bytes":387216048128,"free_huge_frac":0.975537,"buddy":[15021,11392,15908,27926,19278,12245,6029,3479,2009,189,92225],"vmstat":{"thp_migration_success":0,"thp_migration_fail":0,"thp_migration_split":0,"compact_migrate_scanned":0,"compact_free_scanned":0,"compact_isolated":3712,"compact_stall":0,"compact_fail":0,"compact_success":0,"compact_daemon_wake":0,"compact_daemon_migrate_scanned":0,"compact_daemon_free_scanned":0,"thp_fault_alloc":567003,"thp_fault_fallback":0,"thp_fault_fallback_charge":0,"thp_collapse_alloc":2,"thp_collapse_alloc_failed":0,"thp_file_alloc":1137770,"thp_file_fallback":0,"thp_file_fallback_charge":0,"thp_file_mapped":567086,"thp_split_page":4,"thp_split_page_failed":0,"thp_deferred_split_page":0,"thp_underused_split_page":0,"thp_split_pmd":0,"thp_scan_exceed_none_pte":2,"thp_scan_exceed_swap_pte":0,"thp_scan_exceed_share_pte":0,"thp_zero_page_alloc":1,"thp_zero_page_alloc_failed":0,"thp_swpout":0,"thp_swpout_fallback":0},"meminfo_kb":{"MemFree":387621752,"AnonHugePages":0,"ShmemHugePages":1166872576,"ShmemPmdMapped":0,"FileHugePages":0,"FilePmdMapped":0}}
upstream-cohort: shell flags huB
ht-record {"kind":"ht","label":"post-t3-a-defermadv","t":1791586277.475648481,"enabled":"madvise","defrag":"defer+madvise","proactiveness":"20","page_bytes":4096,"huge_order":9,"free_bytes":1583701966848,"free_huge_bytes":1575573520384,"free_huge_frac":0.994867,"buddy":[21596,13772,13694,13155,8194,9272,6039,3492,2008,1622,374835],"vmstat":{"thp_migration_success":0,"thp_migration_fail":0,"thp_migration_split":0,"compact_migrate_scanned":0,"compact_free_scanned":0,"compact_isolated":3712,"compact_stall":0,"compact_fail":0,"compact_success":0,"compact_daemon_wake":0,"compact_daemon_migrate_scanned":0,"compact_daemon_free_scanned":0,"thp_fault_alloc":567003,"thp_fault_fallback":0,"thp_fault_fallback_charge":0,"thp_collapse_alloc":2,"thp_collapse_alloc_failed":0,"thp_file_alloc":1138225,"thp_file_fallback":0,"thp_file_fallback_charge":0,"thp_file_mapped":1134172,"thp_split_page":4,"thp_split_page_failed":0,"thp_deferred_split_page":0,"thp_underused_split_page":0,"thp_split_pmd":0,"thp_scan_exceed_none_pte":2,"thp_scan_exceed_swap_pte":0,"thp_scan_exceed_share_pte":0,"thp_zero_page_alloc":1,"thp_zero_page_alloc_failed":0,"thp_swpout":0,"thp_swpout_fallback":0},"meminfo_kb":{"MemFree":1546583188,"AnonHugePages":0,"ShmemHugePages":6402048,"ShmemPmdMapped":0,"FileHugePages":0,"FilePmdMapped":0}}
probe-tune {"kind":"trial","pos":3,"rep":1,"warmup":false,"set":"defermadv","regime":"a","applied":true,"ht_apply_rc":0,"ht_writes":1,"precompact_s":null,"load_s":248.038,"classify_s":1.985,"load_exit":0,"classify_exit":0,"classify_wall_s":2.4190001487731934,"teardown_s":2.0820000171661377,"wall_s":253.89399981498718,"total_s":250.02300000000002,"output_sha256":"96b6f88379a4975ee54476cacca96322f04993e187266ffefd8e6cc1b788c39e","report_sha256":"8193638bdb7415fc4f36a60fa27490e708756dba2a64d79cd7586acc78d7ca0a","pre_free_huge_frac":0.993685,"pre_free_bytes":1585921650688,"pre_buddy":[13665,17299,34274,28022,19316,12084,6395,3359,1955,1613,374919],"thp":{"enabled":"madvise","defrag":"defer+madvise","proactiveness":"20"},"vmstat_delta":{"compact_stall":0,"compact_success":0,"compact_fail":0,"compact_migrate_scanned":0,"compact_free_scanned":0,"compact_daemon_wake":0,"thp_fault_alloc":0,"thp_fault_fallback":0,"thp_file_alloc":567548,"thp_file_fallback":0},"shmem_huge_kb_after_load":1166872576,"anon_huge_kb_peak":0,"shmem_pmd_mapped_kb_peak":1161338880,"stderr_tail":"  9366399 sequences classified (88.93%)   1166511 sequences unclassified (11.07%) "}
ak2-phase	2026-10-09T22:51:18Z	1791586278	t4-a-always	yes
ht-apply 7 2026-10-09T22:51:18Z restore defrag defer+madvise madvise madvise restored
ak2: [2026-10-09T22:51:19Z] drop_caches done; next phase is cold
ht-apply 8 2026-10-09T22:51:19Z always enabled madvise - madvise kept
ht-apply 8 2026-10-09T22:51:19Z always defrag madvise always always set
ht-apply 8 2026-10-09T22:51:19Z always proactiveness 20 - 20 kept
ht-record {"kind":"ht","label":"pre-t4-a-always","t":1791586280.311252898,"enabled":"madvise","defrag":"always","proactiveness":"20","page_bytes":4096,"huge_order":9,"free_bytes":1585518993408,"free_huge_bytes":1576584347648,"free_huge_frac":0.994365,"buddy":[14824,21023,17986,19130,11052,10474,6669,3505,2000,1606,375084],"vmstat":{"thp_migration_success":0,"thp_migration_fail":0,"thp_migration_split":0,"compact_migrate_scanned":0,"compact_free_scanned":0,"compact_isolated":3712,"compact_stall":0,"compact_fail":0,"compact_success":0,"compact_daemon_wake":0,"compact_daemon_migrate_scanned":0,"compact_daemon_free_scanned":0,"thp_fault_alloc":567003,"thp_fault_fallback":0,"thp_fault_fallback_charge":0,"thp_collapse_alloc":2,"thp_collapse_alloc_failed":0,"thp_file_alloc":1138225,"thp_file_fallback":0,"thp_file_fallback_charge":0,"thp_file_mapped":1134172,"thp_split_page":4,"thp_split_page_failed":0,"thp_deferred_split_page":0,"thp_underused_split_page":0,"thp_split_pmd":0,"thp_scan_exceed_none_pte":2,"thp_scan_exceed_swap_pte":0,"thp_scan_exceed_share_pte":0,"thp_zero_page_alloc":1,"thp_zero_page_alloc_failed":0,"thp_swpout":0,"thp_swpout_fallback":0},"meminfo_kb":{"MemFree":1548358052,"AnonHugePages":0,"ShmemHugePages":5466112,"ShmemPmdMapped":0,"FileHugePages":0,"FilePmdMapped":0}}
upstream-cohort: shell flags huB
ht-record {"kind":"ht","label":"load-t4-a-always","t":1791586527.874278036,"enabled":"madvise","defrag":"always","proactiveness":"20","page_bytes":4096,"huge_order":9,"free_bytes":396700807168,"free_huge_bytes":387413180416,"free_huge_frac":0.976588,"buddy":[6067,6372,20053,26104,16149,11404,5954,3501,1981,189,92272],"vmstat":{"thp_migration_success":0,"thp_migration_fail":0,"thp_migration_split":0,"compact_migrate_scanned":0,"compact_free_scanned":0,"compact_isolated":3712,"compact_stall":0,"compact_fail":0,"compact_success":0,"compact_daemon_wake":0,"compact_daemon_migrate_scanned":0,"compact_daemon_free_scanned":0,"thp_fault_alloc":567003,"thp_fault_fallback":0,"thp_fault_fallback_charge":0,"thp_collapse_alloc":2,"thp_collapse_alloc_failed":0,"thp_file_alloc":1705318,"thp_file_fallback":0,"thp_file_fallback_charge":0,"thp_file_mapped":1134172,"thp_split_page":4,"thp_split_page_failed":0,"thp_deferred_split_page":0,"thp_underused_split_page":0,"thp_split_pmd":0,"thp_scan_exceed_none_pte":2,"thp_scan_exceed_swap_pte":0,"thp_scan_exceed_share_pte":0,"thp_zero_page_alloc":1,"thp_zero_page_alloc_failed":0,"thp_swpout":0,"thp_swpout_fallback":0},"meminfo_kb":{"MemFree":387404360,"AnonHugePages":0,"ShmemHugePages":1166872576,"ShmemPmdMapped":0,"FileHugePages":0,"FilePmdMapped":0}}
upstream-cohort: shell flags huB
ht-record {"kind":"ht","label":"post-t4-a-always","t":1791586533.793938042,"enabled":"madvise","defrag":"always","proactiveness":"20","page_bytes":4096,"huge_order":9,"free_bytes":1583918518272,"free_huge_bytes":1575758069760,"free_huge_frac":0.994848,"buddy":[25927,15641,14584,15142,8510,8802,5959,3500,1986,1594,374893],"vmstat":{"thp_migration_success":0,"thp_migration_fail":0,"thp_migration_split":0,"compact_migrate_scanned":0,"compact_free_scanned":0,"compact_isolated":3712,"compact_stall":0,"compact_fail":0,"compact_success":0,"compact_daemon_wake":0,"compact_daemon_migrate_scanned":0,"compact_daemon_free_scanned":0,"thp_fault_alloc":567003,"thp_fault_fallback":0,"thp_fault_fallback_charge":0,"thp_collapse_alloc":2,"thp_collapse_alloc_failed":0,"thp_file_alloc":1705773,"thp_file_fallback":0,"thp_file_fallback_charge":0,"thp_file_mapped":1701258,"thp_split_page":4,"thp_split_page_failed":0,"thp_deferred_split_page":0,"thp_underused_split_page":0,"thp_split_pmd":0,"thp_scan_exceed_none_pte":2,"thp_scan_exceed_swap_pte":0,"thp_scan_exceed_share_pte":0,"thp_zero_page_alloc":1,"thp_zero_page_alloc_failed":0,"thp_swpout":0,"thp_swpout_fallback":0},"meminfo_kb":{"MemFree":1546795452,"AnonHugePages":0,"ShmemHugePages":6402048,"ShmemPmdMapped":0,"FileHugePages":0,"FilePmdMapped":0}}
probe-tune {"kind":"trial","pos":4,"rep":1,"warmup":false,"set":"always","regime":"a","applied":true,"ht_apply_rc":0,"ht_writes":1,"precompact_s":null,"load_s":246.183,"classify_s":2.002,"load_exit":0,"classify_exit":0,"classify_wall_s":2.443000078201294,"teardown_s":2.1010000705718994,"wall_s":252.07200002670288,"total_s":248.185,"output_sha256":"96b6f88379a4975ee54476cacca96322f04993e187266ffefd8e6cc1b788c39e","report_sha256":"8193638bdb7415fc4f36a60fa27490e708756dba2a64d79cd7586acc78d7ca0a","pre_free_huge_frac":0.994365,"pre_free_bytes":1585518993408,"pre_buddy":[14824,21023,17986,19130,11052,10474,6669,3505,2000,1606,375084],"thp":{"enabled":"madvise","defrag":"always","proactiveness":"20"},"vmstat_delta":{"compact_stall":0,"compact_success":0,"compact_fail":0,"compact_migrate_scanned":0,"compact_free_scanned":0,"compact_daemon_wake":0,"thp_fault_alloc":0,"thp_fault_fallback":0,"thp_file_alloc":567548,"thp_file_fallback":0},"shmem_huge_kb_after_load":1166872576,"anon_huge_kb_peak":0,"shmem_pmd_mapped_kb_peak":1161338880,"stderr_tail":"  9366399 sequences classified (88.93%)   1166511 sequences unclassified (11.07%) "}
ak2-phase	2026-10-09T22:55:34Z	1791586534	t5-b-precompact	yes
ht-apply 9 2026-10-09T22:55:35Z restore defrag always madvise madvise restored
ak2: [2026-10-09T22:55:35Z] drop_caches done; next phase is cold
ht-apply 10 2026-10-09T22:55:35Z precompact enabled madvise - madvise kept
ht-apply 10 2026-10-09T22:55:35Z precompact defrag madvise - madvise kept
ht-apply 10 2026-10-09T22:55:35Z precompact proactiveness 20 - 20 kept
ht-apply 10 2026-10-09T22:55:35Z precompact precompact - 1 0.105s done
ht-record {"kind":"ht","label":"pre-t5-b-precompact","t":1791586536.661311495,"enabled":"madvise","defrag":"madvise","proactiveness":"20","page_bytes":4096,"huge_order":9,"free_bytes":1585497665536,"free_huge_bytes":1576651456512,"free_huge_frac":0.994421,"buddy":[30461,25085,18434,19635,10109,9670,6611,3497,1978,1580,375113],"vmstat":{"thp_migration_success":0,"thp_migration_fail":0,"thp_migration_split":0,"compact_migrate_scanned":634880,"compact_free_scanned":1664171,"compact_isolated":22488,"compact_stall":0,"compact_fail":0,"compact_success":0,"compact_daemon_wake":0,"compact_daemon_migrate_scanned":0,"compact_daemon_free_scanned":0,"thp_fault_alloc":567003,"thp_fault_fallback":0,"thp_fault_fallback_charge":0,"thp_collapse_alloc":2,"thp_collapse_alloc_failed":0,"thp_file_alloc":1705773,"thp_file_fallback":0,"thp_file_fallback_charge":0,"thp_file_mapped":1701258,"thp_split_page":4,"thp_split_page_failed":0,"thp_deferred_split_page":0,"thp_underused_split_page":0,"thp_split_pmd":0,"thp_scan_exceed_none_pte":2,"thp_scan_exceed_swap_pte":0,"thp_scan_exceed_share_pte":0,"thp_zero_page_alloc":1,"thp_zero_page_alloc_failed":0,"thp_swpout":0,"thp_swpout_fallback":0},"meminfo_kb":{"MemFree":1548336404,"AnonHugePages":0,"ShmemHugePages":5466112,"ShmemPmdMapped":0,"FileHugePages":0,"FilePmdMapped":0}}
[t5-b-precompact] ak2-timing	taxo	0.001220	0.567737	88188	4	0.037569	0.085107
[t5-b-precompact] ak2-timing	shard-load-0	0.848981	282.845849	589581	0	607.718150	536.573750
[t5-b-precompact] ak2-timing	rendezvous	285.686875	0.005630	5	2	0.000248	0.000220
[t5-b-precompact] ak2-timing	connect	285.692521	0.000003	0	0	0.000002	0.000001
[t5-b-precompact] ak2-timing	connect-control	285.692528	0.000006	0	0	0.000003	0.000003
[t5-b-precompact] ak2-timing	hash	0.569096	285.123451	591729	11	607.731525	536.578765
[t5-b-precompact] ak2-timing	setup	285.692555	0.000083	2	0	0.000044	0.000039
[t5-b-precompact] ak2-timing	classify	285.692643	2.903739	5214965	1	120.058390	7.498006
[t5-b-precompact] ak2-timing	barrier	288.645272	0.000023	0	0	0.000009	0.000000
[t5-b-precompact] ak2-timing	close	288.645311	0.000012	0	0	0.000013	0.000000
[t5-b-precompact] ak2-engine	result	sequences	10532910	bases	1945093294	classified	9366399
[t5-b-precompact] ak2-timing	report	288.645336	0.082669	128	0	0.083203	0.000000
[t5-b-precompact] ak2-engine	shard	0	n	1	lo	0	hi	297272917942	tail	0	full	true	empty_at	297272917942	keys	415804127	batches	276	probe_s	17.153172	tail_probes	0	wrap_probes	0
[t5-b-precompact] ak2-engine	mem	t_s	288.7	rss_kib	1182305388	hwm_kib	1182305388	heap_inuse	20582531072	sys	22298336288	avail_kib	359795692
[t5-b-precompact] ak2-engine	rendezvous	puts	1	gets	1
[t5-b-precompact] ak2-engine	s3	client	sdk	put	0	get	0	create_multipart	0	upload_part	0	complete_multipart	0	abort_multipart	0	part_bytes	0
[t5-b-precompact] ak2-engine	s3	client	cli	put	0	get	0	create_multipart	0	upload_part	0	complete_multipart	0	abort_multipart	0	part_bytes	0
[t5-b-precompact] ak2-engine	node	rank	0	n	1	emitter	true	blocks_cut	276	blocks_mine	276	read_s	2.268894	window_wait_s	0.385921	send_s	0.000000	sent_bytes	0	emit_wait_s	2.902323	emit_s	0.000338
[t5-b-precompact] ak2-engine	load	seconds	282.845843	requests	17737	retries	0	bytes	1189091737368
[t5-b-precompact] ak2-engine	route	transport	nodes	calls	276	keys	415804127	batches	276	route_s	3.631028	wait_s	17.183805	gather_s	1.699545
[t5-b-precompact] ak2-engine	worker	scan_s	69.687092	lookup_s	22.514582	classify_s	37.464214
[t5-b-precompact] ak2-timing	unmap	288.728474	2.215252	0	0	0.000000	2.213378
[t5-b-precompact] ak2-timing	total	0.000001	290.943780	5895078	16	727.960559	546.375453
ht-record {"kind":"ht","label":"post-t5-b-precompact","t":1791586831.097744667,"enabled":"madvise","defrag":"madvise","proactiveness":"20","page_bytes":4096,"huge_order":9,"free_bytes":1585139445760,"free_huge_bytes":1572775919616,"free_huge_frac":0.992200,"buddy":[42447,39154,35347,29939,21189,13917,7763,4527,2563,2428,373765],"vmstat":{"thp_migration_success":0,"thp_migration_fail":0,"thp_migration_split":0,"compact_migrate_scanned":634880,"compact_free_scanned":1664171,"compact_isolated":22488,"compact_stall":0,"compact_fail":0,"compact_success":0,"compact_daemon_wake":0,"compact_daemon_migrate_scanned":0,"compact_daemon_free_scanned":0,"thp_fault_alloc":1134006,"thp_fault_fallback":0,"thp_fault_fallback_charge":0,"thp_collapse_alloc":2,"thp_collapse_alloc_failed":0,"thp_file_alloc":1706229,"thp_file_fallback":0,"thp_file_fallback_charge":0,"thp_file_mapped":1701258,"thp_split_page":4,"thp_split_page_failed":0,"thp_deferred_split_page":0,"thp_underused_split_page":0,"thp_split_pmd":0,"thp_scan_exceed_none_pte":2,"thp_scan_exceed_swap_pte":0,"thp_scan_exceed_share_pte":0,"thp_zero_page_alloc":1,"thp_zero_page_alloc_failed":0,"thp_swpout":0,"thp_swpout_fallback":0},"meminfo_kb":{"MemFree":1547987980,"AnonHugePages":0,"ShmemHugePages":6400000,"ShmemPmdMapped":0,"FileHugePages":0,"FilePmdMapped":0}}
probe-tune {"kind":"trial","pos":5,"rep":1,"warmup":false,"set":"precompact","regime":"b","applied":true,"ht_apply_rc":0,"ht_writes":1,"precompact_s":0.105,"load_s":282.845849,"classify_s":2.904,"load_exit":0,"classify_exit":0,"classify_wall_s":2.9039998054504395,"teardown_s":3.4159998893737793,"wall_s":293.03399991989136,"total_s":285.854849,"output_sha256":"96b6f88379a4975ee54476cacca96322f04993e187266ffefd8e6cc1b788c39e","report_sha256":"8193638bdb7415fc4f36a60fa27490e708756dba2a64d79cd7586acc78d7ca0a","pre_free_huge_frac":0.994421,"pre_free_bytes":1585497665536,"pre_buddy":[30461,25085,18434,19635,10109,9670,6611,3497,1978,1580,375113],"thp":{"enabled":"madvise","defrag":"madvise","proactiveness":"20"},"vmstat_delta":{"compact_stall":0,"compact_success":0,"compact_fail":0,"compact_migrate_scanned":0,"compact_free_scanned":0,"compact_daemon_wake":0,"thp_fault_alloc":567003,"thp_fault_fallback":0,"thp_file_alloc":456,"thp_file_fallback":0},"shmem_huge_kb_after_load":null,"anon_huge_kb_peak":1161222144,"shmem_pmd_mapped_kb_peak":0,"stderr_tail":"ak2-timing\tunmap\t288.728474\t2.215252\t0\t0\t0.000000\t2.213378 ak2-timing\ttotal\t0.000001\t290.943780\t5895078\t16\t727.960559\t546.375453 "}
ak2-phase	2026-10-09T23:00:32Z	1791586832	t6-b-defermadv	yes
ak2: [2026-10-09T23:00:32Z] drop_caches done; next phase is cold
ht-apply 12 2026-10-09T23:00:32Z defermadv enabled madvise - madvise kept
ht-apply 12 2026-10-09T23:00:32Z defermadv defrag madvise defer+madvise defer+madvise set
ht-apply 12 2026-10-09T23:00:32Z defermadv proactiveness 20 - 20 kept
ht-record {"kind":"ht","label":"pre-t6-b-defermadv","t":1791586833.521379161,"enabled":"madvise","defrag":"defer+madvise","proactiveness":"20","page_bytes":4096,"huge_order":9,"free_bytes":1585944633344,"free_huge_bytes":1573744803840,"free_huge_frac":0.992308,"buddy":[7938,23204,34384,29638,20907,13772,8009,4687,2585,2406,374007],"vmstat":{"thp_migration_success":0,"thp_migration_fail":0,"thp_migration_split":0,"compact_migrate_scanned":634880,"compact_free_scanned":1664171,"compact_isolated":22488,"compact_stall":0,"compact_fail":0,"compact_success":0,"compact_daemon_wake":0,"compact_daemon_migrate_scanned":0,"compact_daemon_free_scanned":0,"thp_fault_alloc":1134006,"thp_fault_fallback":0,"thp_fault_fallback_charge":0,"thp_collapse_alloc":2,"thp_collapse_alloc_failed":0,"thp_file_alloc":1706229,"thp_file_fallback":0,"thp_file_fallback_charge":0,"thp_file_mapped":1701258,"thp_split_page":4,"thp_split_page_failed":0,"thp_deferred_split_page":0,"thp_underused_split_page":0,"thp_split_pmd":0,"thp_scan_exceed_none_pte":2,"thp_scan_exceed_swap_pte":0,"thp_scan_exceed_share_pte":0,"thp_zero_page_alloc":1,"thp_zero_page_alloc_failed":0,"thp_swpout":0,"thp_swpout_fallback":0},"meminfo_kb":{"MemFree":1548774928,"AnonHugePages":0,"ShmemHugePages":5466112,"ShmemPmdMapped":0,"FileHugePages":0,"FilePmdMapped":0}}
[t6-b-defermadv] ak2-timing	taxo	0.001026	1.411028	88199	5	0.031645	0.085508
[t6-b-defermadv] ak2-timing	shard-load-0	1.665391	316.840975	588917	0	621.341066	563.536323
[t6-b-defermadv] ak2-timing	rendezvous	320.668113	0.006418	8	3	0.000266	0.000242
[t6-b-defermadv] ak2-timing	connect	320.674545	0.000003	0	0	0.000002	0.000001
[t6-b-defermadv] ak2-timing	connect-control	320.674553	0.000006	0	0	0.000004	0.000003
[t6-b-defermadv] ak2-timing	hash	1.412186	319.262390	591053	15	621.348049	563.547293
[t6-b-defermadv] ak2-timing	setup	320.674583	0.000071	0	0	0.000037	0.000034
[t6-b-defermadv] ak2-timing	classify	320.674662	3.136271	5799608	1	115.241354	10.516816
[t6-b-defermadv] ak2-timing	barrier	323.860267	0.000025	0	0	0.000011	0.000000
[t6-b-defermadv] ak2-timing	close	323.860317	0.000018	0	0	0.000017	0.000000
[t6-b-defermadv] ak2-engine	result	sequences	10532910	bases	1945093294	classified	9366399
[t6-b-defermadv] ak2-timing	report	323.860348	0.082989	233	0	0.077389	0.005827
[t6-b-defermadv] ak2-engine	shard	0	n	1	lo	0	hi	297272917942	tail	0	full	true	empty_at	297272917942	keys	415804127	batches	276	probe_s	16.983256	tail_probes	0	wrap_probes	0
[t6-b-defermadv] ak2-engine	mem	t_s	323.9	rss_kib	1184571004	hwm_kib	1184571004	heap_inuse	18584576000	sys	24657116752	avail_kib	357474112
[t6-b-defermadv] ak2-engine	rendezvous	puts	1	gets	1
[t6-b-defermadv] ak2-engine	s3	client	sdk	put	0	get	0	create_multipart	0	upload_part	0	complete_multipart	0	abort_multipart	0	part_bytes	0
[t6-b-defermadv] ak2-engine	s3	client	cli	put	0	get	0	create_multipart	0	upload_part	0	complete_multipart	0	abort_multipart	0	part_bytes	0
[t6-b-defermadv] ak2-engine	node	rank	0	n	1	emitter	true	blocks_cut	276	blocks_mine	276	read_s	2.569059	window_wait_s	0.316115	send_s	0.000000	sent_bytes	0	emit_wait_s	3.134772	emit_s	0.000392
[t6-b-defermadv] ak2-engine	load	seconds	316.840971	requests	17737	retries	0	bytes	1189091737368
[t6-b-defermadv] ak2-engine	route	transport	nodes	calls	276	keys	415804127	batches	276	route_s	4.036900	wait_s	17.044220	gather_s	1.717343
[t6-b-defermadv] ak2-engine	worker	scan_s	67.262803	lookup_s	22.798655	classify_s	37.119798
[t6-b-defermadv] ak2-timing	unmap	323.943842	2.190069	0	0	0.000000	2.187705
[t6-b-defermadv] ak2-timing	total	0.000002	326.133955	6479172	21	736.748415	576.343563
ht-record {"kind":"ht","label":"post-t6-b-defermadv","t":1791587163.237906803,"enabled":"madvise","defrag":"defer+madvise","proactiveness":"20","page_bytes":4096,"huge_order":9,"free_bytes":1585297039360,"free_huge_bytes":1570947203072,"free_huge_frac":0.990948,"buddy":[25076,44331,41796,35817,26129,17385,8961,5052,2896,2722,373182],"vmstat":{"thp_migration_success":0,"thp_migration_fail":0,"thp_migration_split":0,"compact_migrate_scanned":634880,"compact_free_scanned":1664171,"compact_isolated":22488,"compact_stall":0,"compact_fail":0,"compact_success":0,"compact_daemon_wake":0,"compact_daemon_migrate_scanned":0,"compact_daemon_free_scanned":0,"thp_fault_alloc":1701009,"thp_fault_fallback":0,"thp_fault_fallback_charge":0,"thp_collapse_alloc":2,"thp_collapse_alloc_failed":0,"thp_file_alloc":1706685,"thp_file_fallback":0,"thp_file_fallback_charge":0,"thp_file_mapped":1701258,"thp_split_page":4,"thp_split_page_failed":0,"thp_deferred_split_page":0,"thp_underused_split_page":0,"thp_split_pmd":0,"thp_scan_exceed_none_pte":2,"thp_scan_exceed_swap_pte":0,"thp_scan_exceed_share_pte":0,"thp_zero_page_alloc":2,"thp_zero_page_alloc_failed":0,"thp_swpout":0,"thp_swpout_fallback":0},"meminfo_kb":{"MemFree":1548143140,"AnonHugePages":0,"ShmemHugePages":6400000,"ShmemPmdMapped":0,"FileHugePages":0,"FilePmdMapped":0}}
probe-tune {"kind":"trial","pos":6,"rep":1,"warmup":false,"set":"defermadv","regime":"b","applied":true,"ht_apply_rc":0,"ht_writes":1,"precompact_s":null,"load_s":316.840975,"classify_s":3.136,"load_exit":0,"classify_exit":0,"classify_wall_s":3.136000156402588,"teardown_s":3.4739999771118164,"wall_s":328.3110001087189,"total_s":319.97697500000004,"output_sha256":"96b6f88379a4975ee54476cacca96322f04993e187266ffefd8e6cc1b788c39e","report_sha256":"8193638bdb7415fc4f36a60fa27490e708756dba2a64d79cd7586acc78d7ca0a","pre_free_huge_frac":0.992308,"pre_free_bytes":1585944633344,"pre_buddy":[7938,23204,34384,29638,20907,13772,8009,4687,2585,2406,374007],"thp":{"enabled":"madvise","defrag":"defer+madvise","proactiveness":"20"},"vmstat_delta":{"compact_stall":0,"compact_success":0,"compact_fail":0,"compact_migrate_scanned":0,"compact_free_scanned":0,"compact_daemon_wake":0,"thp_fault_alloc":567003,"thp_fault_fallback":0,"thp_file_alloc":456,"thp_file_fallback":0},"shmem_huge_kb_after_load":null,"anon_huge_kb_peak":1161222144,"shmem_pmd_mapped_kb_peak":0,"stderr_tail":"ak2-timing\tunmap\t323.943842\t2.190069\t0\t0\t0.000000\t2.187705 ak2-timing\ttotal\t0.000002\t326.133955\t6479172\t21\t736.748415\t576.343563 "}
ak2-phase	2026-10-09T23:06:04Z	1791587164	t7-a-defer	yes
ht-apply 13 2026-10-09T23:06:04Z restore defrag defer+madvise madvise madvise restored
ak2: [2026-10-09T23:06:04Z] drop_caches done; next phase is cold
ht-apply 14 2026-10-09T23:06:04Z defer enabled madvise - madvise kept
ht-apply 14 2026-10-09T23:06:05Z defer defrag madvise defer defer set
ht-apply 14 2026-10-09T23:06:05Z defer proactiveness 20 - 20 kept
ht-record {"kind":"ht","label":"pre-t7-a-defer","t":1791587166.005704373,"enabled":"madvise","defrag":"defer","proactiveness":"20","page_bytes":4096,"huge_order":9,"free_bytes":1586191974400,"free_huge_bytes":1572111122432,"free_huge_frac":0.991123,"buddy":[10806,22611,39698,34475,25033,16736,9084,5213,2978,2677,373482],"vmstat":{"thp_migration_success":0,"thp_migration_fail":0,"thp_migration_split":0,"compact_migrate_scanned":634880,"compact_free_scanned":1664171,"compact_isolated":22488,"compact_stall":0,"compact_fail":0,"compact_success":0,"compact_daemon_wake":0,"compact_daemon_migrate_scanned":0,"compact_daemon_free_scanned":0,"thp_fault_alloc":1701009,"thp_fault_fallback":0,"thp_fault_fallback_charge":0,"thp_collapse_alloc":2,"thp_collapse_alloc_failed":0,"thp_file_alloc":1706685,"thp_file_fallback":0,"thp_file_fallback_charge":0,"thp_file_mapped":1701258,"thp_split_page":4,"thp_split_page_failed":0,"thp_deferred_split_page":0,"thp_underused_split_page":0,"thp_split_pmd":0,"thp_scan_exceed_none_pte":2,"thp_scan_exceed_swap_pte":0,"thp_scan_exceed_share_pte":0,"thp_zero_page_alloc":2,"thp_zero_page_alloc_failed":0,"thp_swpout":0,"thp_swpout_fallback":0},"meminfo_kb":{"MemFree":1549016780,"AnonHugePages":0,"ShmemHugePages":5466112,"ShmemPmdMapped":0,"FileHugePages":0,"FilePmdMapped":0}}
upstream-cohort: shell flags huB
ht-record {"kind":"ht","label":"load-t7-a-defer","t":1791587415.305968022,"enabled":"madvise","defrag":"defer","proactiveness":"20","page_bytes":4096,"huge_order":9,"free_bytes":396919595008,"free_huge_bytes":383386648576,"free_huge_frac":0.965905,"buddy":[15282,12020,21699,33672,24352,16455,8417,5246,3055,209,91302],"vmstat":{"thp_migration_success":0,"thp_migration_fail":0,"thp_migration_split":0,"compact_migrate_scanned":634880,"compact_free_scanned":1664171,"compact_isolated":22488,"compact_stall":0,"compact_fail":0,"compact_success":0,"compact_daemon_wake":0,"compact_daemon_migrate_scanned":0,"compact_daemon_free_scanned":0,"thp_fault_alloc":1701009,"thp_fault_fallback":0,"thp_fault_fallback_charge":0,"thp_collapse_alloc":2,"thp_collapse_alloc_failed":0,"thp_file_alloc":2273778,"thp_file_fallback":0,"thp_file_fallback_charge":0,"thp_file_mapped":1701258,"thp_split_page":4,"thp_split_page_failed":0,"thp_deferred_split_page":0,"thp_underused_split_page":0,"thp_split_pmd":0,"thp_scan_exceed_none_pte":2,"thp_scan_exceed_swap_pte":0,"thp_scan_exceed_share_pte":0,"thp_zero_page_alloc":2,"thp_zero_page_alloc_failed":0,"thp_swpout":0,"thp_swpout_fallback":0},"meminfo_kb":{"MemFree":387616236,"AnonHugePages":0,"ShmemHugePages":1166872576,"ShmemPmdMapped":0,"FileHugePages":0,"FilePmdMapped":0}}
upstream-cohort: shell flags huB
ht-record {"kind":"ht","label":"post-t7-a-defer","t":1791587421.250132696,"enabled":"madvise","defrag":"defer","proactiveness":"20","page_bytes":4096,"huge_order":9,"free_bytes":1583865516032,"free_huge_bytes":1571721052160,"free_huge_frac":0.992332,"buddy":[17411,17373,15514,17181,13237,15948,8428,5242,3050,2787,373334],"vmstat":{"thp_migration_success":0,"thp_migration_fail":0,"thp_migration_split":0,"compact_migrate_scanned":634880,"compact_free_scanned":1664171,"compact_isolated":22488,"compact_stall":0,"compact_fail":0,"compact_success":0,"compact_daemon_wake":0,"compact_daemon_migrate_scanned":0,"compact_daemon_free_scanned":0,"thp_fault_alloc":1701009,"thp_fault_fallback":0,"thp_fault_fallback_charge":0,"thp_collapse_alloc":2,"thp_collapse_alloc_failed":0,"thp_file_alloc":2274233,"thp_file_fallback":0,"thp_file_fallback_charge":0,"thp_file_mapped":2268344,"thp_split_page":4,"thp_split_page_failed":0,"thp_deferred_split_page":0,"thp_underused_split_page":0,"thp_split_pmd":0,"thp_scan_exceed_none_pte":2,"thp_scan_exceed_swap_pte":0,"thp_scan_exceed_share_pte":0,"thp_zero_page_alloc":2,"thp_zero_page_alloc_failed":0,"thp_swpout":0,"thp_swpout_fallback":0},"meminfo_kb":{"MemFree":1546743500,"AnonHugePages":0,"ShmemHugePages":6402048,"ShmemPmdMapped":0,"FileHugePages":0,"FilePmdMapped":0}}
probe-tune {"kind":"trial","pos":7,"rep":1,"warmup":false,"set":"defer","regime":"a","applied":true,"ht_apply_rc":0,"ht_writes":1,"precompact_s":null,"load_s":247.844,"classify_s":2.008,"load_exit":0,"classify_exit":0,"classify_wall_s":2.449000120162964,"teardown_s":2.0939998626708984,"wall_s":253.83200001716614,"total_s":249.852,"output_sha256":"96b6f88379a4975ee54476cacca96322f04993e187266ffefd8e6cc1b788c39e","report_sha256":"8193638bdb7415fc4f36a60fa27490e708756dba2a64d79cd7586acc78d7ca0a","pre_free_huge_frac":0.991123,"pre_free_bytes":1586191974400,"pre_buddy":[10806,22611,39698,34475,25033,16736,9084,5213,2978,2677,373482],"thp":{"enabled":"madvise","defrag":"defer","proactiveness":"20"},"vmstat_delta":{"compact_stall":0,"compact_success":0,"compact_fail":0,"compact_migrate_scanned":0,"compact_free_scanned":0,"compact_daemon_wake":0,"thp_fault_alloc":0,"thp_fault_fallback":0,"thp_file_alloc":567548,"thp_file_fallback":0},"shmem_huge_kb_after_load":1166872576,"anon_huge_kb_peak":0,"shmem_pmd_mapped_kb_peak":1161338880,"stderr_tail":"  9366399 sequences classified (88.93%)   1166511 sequences unclassified (11.07%) "}
ak2-phase	2026-10-09T23:10:22Z	1791587422	t8-b-proactive	yes
ht-apply 15 2026-10-09T23:10:22Z restore defrag defer madvise madvise restored
ak2: [2026-10-09T23:10:22Z] drop_caches done; next phase is cold
ht-apply 16 2026-10-09T23:10:22Z proactive enabled madvise - madvise kept
ht-apply 16 2026-10-09T23:10:22Z proactive defrag madvise - madvise kept
ht-apply 16 2026-10-09T23:10:23Z proactive proactiveness 20 100 100 set
ht-record {"kind":"ht","label":"pre-t8-b-proactive","t":1791587423.963572896,"enabled":"madvise","defrag":"madvise","proactiveness":"100","page_bytes":4096,"huge_order":9,"free_bytes":1585506988032,"free_huge_bytes":1572792696832,"free_huge_frac":0.991981,"buddy":[16759,22784,18453,20232,16306,16305,9042,5215,3036,2822,373572],"vmstat":{"thp_migration_success":0,"thp_migration_fail":0,"thp_migration_split":0,"compact_migrate_scanned":634880,"compact_free_scanned":1664171,"compact_isolated":22488,"compact_stall":0,"compact_fail":0,"compact_success":0,"compact_daemon_wake":0,"compact_daemon_migrate_scanned":0,"compact_daemon_free_scanned":0,"thp_fault_alloc":1701009,"thp_fault_fallback":0,"thp_fault_fallback_charge":0,"thp_collapse_alloc":2,"thp_collapse_alloc_failed":0,"thp_file_alloc":2274233,"thp_file_fallback":0,"thp_file_fallback_charge":0,"thp_file_mapped":2268344,"thp_split_page":4,"thp_split_page_failed":0,"thp_deferred_split_page":0,"thp_underused_split_page":0,"thp_split_pmd":0,"thp_scan_exceed_none_pte":2,"thp_scan_exceed_swap_pte":0,"thp_scan_exceed_share_pte":0,"thp_zero_page_alloc":2,"thp_zero_page_alloc_failed":0,"thp_swpout":0,"thp_swpout_fallback":0},"meminfo_kb":{"MemFree":1548346796,"AnonHugePages":0,"ShmemHugePages":5466112,"ShmemPmdMapped":0,"FileHugePages":0,"FilePmdMapped":0}}
[t8-b-proactive] ak2-timing	taxo	0.001211	0.454195	88172	3	0.048525	0.074609
[t8-b-proactive] ak2-timing	shard-load-0	0.688807	303.572262	589085	1	620.217446	554.548455
[t8-b-proactive] ak2-timing	rendezvous	306.920584	0.004920	6	2	0.000243	0.000217
[t8-b-proactive] ak2-timing	connect	306.925520	0.000003	0	0	0.000001	0.000002
[t8-b-proactive] ak2-timing	connect-control	306.925528	0.000007	0	0	0.000003	0.000003
[t8-b-proactive] ak2-timing	hash	0.455466	306.470089	591271	16	620.221919	554.565282
[t8-b-proactive] ak2-timing	setup	306.925564	0.000087	1	0	0.000045	0.000041
[t8-b-proactive] ak2-timing	classify	306.925657	3.035996	5243388	0	121.727210	9.382028
[t8-b-proactive] ak2-timing	barrier	310.012115	0.000025	0	0	0.000010	0.000000
[t8-b-proactive] ak2-timing	close	310.012163	0.000014	0	0	0.000014	0.000000
[t8-b-proactive] ak2-engine	result	sequences	10532910	bases	1945093294	classified	9366399
[t8-b-proactive] ak2-timing	report	310.012190	0.082998	129	0	0.082725	0.000475
[t8-b-proactive] ak2-engine	shard	0	n	1	lo	0	hi	297272917942	tail	0	full	true	empty_at	297272917942	keys	415804127	batches	276	probe_s	17.519822	tail_probes	0	wrap_probes	0
[t8-b-proactive] ak2-engine	mem	t_s	310.1	rss_kib	1182382836	hwm_kib	1182382836	heap_inuse	21775949824	sys	22440307760	avail_kib	359707556
[t8-b-proactive] ak2-engine	rendezvous	puts	1	gets	1
[t8-b-proactive] ak2-engine	s3	client	sdk	put	0	get	0	create_multipart	0	upload_part	0	complete_multipart	0	abort_multipart	0	part_bytes	0
[t8-b-proactive] ak2-engine	s3	client	cli	put	0	get	0	create_multipart	0	upload_part	0	complete_multipart	0	abort_multipart	0	part_bytes	0
[t8-b-proactive] ak2-engine	node	rank	0	n	1	emitter	true	blocks_cut	276	blocks_mine	276	read_s	2.386513	window_wait_s	0.401410	send_s	0.000000	sent_bytes	0	emit_wait_s	3.034601	emit_s	0.000352
[t8-b-proactive] ak2-engine	load	seconds	303.572256	requests	17737	retries	0	bytes	1189091737368
[t8-b-proactive] ak2-engine	route	transport	nodes	calls	276	keys	415804127	batches	276	route_s	3.941537	wait_s	17.557572	gather_s	1.691826
[t8-b-proactive] ak2-engine	worker	scan_s	71.854633	lookup_s	23.191135	classify_s	38.008766
[t8-b-proactive] ak2-timing	unmap	310.099205	2.247306	0	0	0.000000	2.243813
[t8-b-proactive] ak2-timing	total	0.000002	312.346559	5923017	19	742.135319	566.266327
ht-record {"kind":"ht","label":"post-t8-b-proactive","t":1791587739.806270198,"enabled":"madvise","defrag":"madvise","proactiveness":"100","page_bytes":4096,"huge_order":9,"free_bytes":1585379590144,"free_huge_bytes":1575091175424,"free_huge_frac":0.993510,"buddy":[9720,24246,23122,18610,12249,8142,5719,4327,3265,2638,374212],"vmstat":{"thp_migration_success":0,"thp_migration_fail":0,"thp_migration_split":0,"compact_migrate_scanned":19802112,"compact_free_scanned":5492011,"compact_isolated":383462,"compact_stall":0,"compact_fail":0,"compact_success":0,"compact_daemon_wake":0,"compact_daemon_migrate_scanned":19167232,"compact_daemon_free_scanned":3827840,"thp_fault_alloc":2268012,"thp_fault_fallback":0,"thp_fault_fallback_charge":0,"thp_collapse_alloc":2,"thp_collapse_alloc_failed":0,"thp_file_alloc":2274689,"thp_file_fallback":0,"thp_file_fallback_charge":0,"thp_file_mapped":2268344,"thp_split_page":4,"thp_split_page_failed":0,"thp_deferred_split_page":0,"thp_underused_split_page":0,"thp_split_pmd":0,"thp_scan_exceed_none_pte":2,"thp_scan_exceed_swap_pte":0,"thp_scan_exceed_share_pte":0,"thp_zero_page_alloc":2,"thp_zero_page_alloc_failed":0,"thp_swpout":0,"thp_swpout_fallback":0},"meminfo_kb":{"MemFree":1548223000,"AnonHugePages":0,"ShmemHugePages":6400000,"ShmemPmdMapped":0,"FileHugePages":0,"FilePmdMapped":0}}
probe-tune {"kind":"trial","pos":8,"rep":1,"warmup":false,"set":"proactive","regime":"b","applied":true,"ht_apply_rc":0,"ht_writes":1,"precompact_s":null,"load_s":303.572262,"classify_s":3.036,"load_exit":0,"classify_exit":0,"classify_wall_s":3.0360000133514404,"teardown_s":3.4609999656677246,"wall_s":314.44799995422363,"total_s":306.608262,"output_sha256":"96b6f88379a4975ee54476cacca96322f04993e187266ffefd8e6cc1b788c39e","report_sha256":"8193638bdb7415fc4f36a60fa27490e708756dba2a64d79cd7586acc78d7ca0a","pre_free_huge_frac":0.991981,"pre_free_bytes":1585506988032,"pre_buddy":[16759,22784,18453,20232,16306,16305,9042,5215,3036,2822,373572],"thp":{"enabled":"madvise","defrag":"madvise","proactiveness":"100"},"vmstat_delta":{"compact_stall":0,"compact_success":0,"compact_fail":0,"compact_migrate_scanned":19167232,"compact_free_scanned":3827840,"compact_daemon_wake":0,"thp_fault_alloc":567003,"thp_fault_fallback":0,"thp_file_alloc":456,"thp_file_fallback":0},"shmem_huge_kb_after_load":null,"anon_huge_kb_peak":1161222144,"shmem_pmd_mapped_kb_peak":0,"stderr_tail":"ak2-timing\tunmap\t310.099205\t2.247306\t0\t0\t0.000000\t2.243813 ak2-timing\ttotal\t0.000002\t312.346559\t5923017\t19\t742.135319\t566.266327 "}
ak2-phase	2026-10-09T23:15:40Z	1791587740	t9-b-always	yes
ht-apply 17 2026-10-09T23:15:40Z restore proactiveness 100 20 20 restored
ak2: [2026-10-09T23:15:41Z] drop_caches done; next phase is cold
ht-apply 18 2026-10-09T23:15:41Z always enabled madvise - madvise kept
ht-apply 18 2026-10-09T23:15:41Z always defrag madvise always always set
ht-apply 18 2026-10-09T23:15:41Z always proactiveness 20 - 20 kept
ht-record {"kind":"ht","label":"pre-t9-b-always","t":1791587742.526040489,"enabled":"madvise","defrag":"always","proactiveness":"20","page_bytes":4096,"huge_order":9,"free_bytes":1586214510592,"free_huge_bytes":1576018116608,"free_huge_frac":0.993572,"buddy":[8412,10541,15671,19063,12676,8498,5999,4316,3256,2598,374453],"vmstat":{"thp_migration_success":0,"thp_migration_fail":0,"thp_migration_split":0,"compact_migrate_scanned":19802112,"compact_free_scanned":5492011,"compact_isolated":383462,"compact_stall":0,"compact_fail":0,"compact_success":0,"compact_daemon_wake":0,"compact_daemon_migrate_scanned":19167232,"compact_daemon_free_scanned":3827840,"thp_fault_alloc":2268012,"thp_fault_fallback":0,"thp_fault_fallback_charge":0,"thp_collapse_alloc":2,"thp_collapse_alloc_failed":0,"thp_file_alloc":2274689,"thp_file_fallback":0,"thp_file_fallback_charge":0,"thp_file_mapped":2268344,"thp_split_page":4,"thp_split_page_failed":0,"thp_deferred_split_page":0,"thp_underused_split_page":0,"thp_split_pmd":0,"thp_scan_exceed_none_pte":2,"thp_scan_exceed_swap_pte":0,"thp_scan_exceed_share_pte":0,"thp_zero_page_alloc":2,"thp_zero_page_alloc_failed":0,"thp_swpout":0,"thp_swpout_fallback":0},"meminfo_kb":{"MemFree":1549038236,"AnonHugePages":0,"ShmemHugePages":5466112,"ShmemPmdMapped":0,"FileHugePages":0,"FilePmdMapped":0}}
[t9-b-always] ak2-timing	taxo	0.000796	0.458818	88259	3	0.049128	0.064665
[t9-b-always] ak2-timing	shard-load-0	0.680330	299.203685	588187	1	577.109159	519.500161
[t9-b-always] ak2-timing	rendezvous	301.781442	0.006528	10	3	0.000268	0.000241
[t9-b-always] ak2-timing	connect	301.787986	0.000003	0	0	0.000001	0.000001
[t9-b-always] ak2-timing	connect-control	301.787993	0.000006	0	0	0.000003	0.000003
[t9-b-always] ak2-timing	hash	0.459749	301.328263	590307	15	577.123659	519.503744
[t9-b-always] ak2-timing	setup	301.788019	0.000084	5	0	0.000044	0.000040
[t9-b-always] ak2-timing	classify	301.788110	2.956845	5559030	1	109.614174	11.936707
[t9-b-always] ak2-timing	barrier	304.793882	0.000026	0	0	0.000011	0.000000
[t9-b-always] ak2-timing	close	304.793932	0.000014	0	0	0.000014	0.000000
[t9-b-always] ak2-engine	result	sequences	10532910	bases	1945093294	classified	9366399
[t9-b-always] ak2-timing	report	304.793959	0.083393	117	0	0.083507	0.000000
[t9-b-always] ak2-engine	shard	0	n	1	lo	0	hi	297272917942	tail	0	full	true	empty_at	297272917942	keys	415804127	batches	276	probe_s	16.225709	tail_probes	0	wrap_probes	0
[t9-b-always] ak2-engine	mem	t_s	304.9	rss_kib	1183632056	hwm_kib	1183632056	heap_inuse	19396280320	sys	23697300832	avail_kib	358551008
[t9-b-always] ak2-engine	rendezvous	puts	1	gets	1
[t9-b-always] ak2-engine	s3	client	sdk	put	0	get	0	create_multipart	0	upload_part	0	complete_multipart	0	abort_multipart	0	part_bytes	0
[t9-b-always] ak2-engine	s3	client	cli	put	0	get	0	create_multipart	0	upload_part	0	complete_multipart	0	abort_multipart	0	part_bytes	0
[t9-b-always] ak2-engine	node	rank	0	n	1	emitter	true	blocks_cut	276	blocks_mine	276	read_s	2.456299	window_wait_s	0.252263	send_s	0.000000	sent_bytes	0	emit_wait_s	2.955466	emit_s	0.000378
[t9-b-always] ak2-engine	load	seconds	299.203679	requests	17737	retries	0	bytes	1189091737368
[t9-b-always] ak2-engine	route	transport	nodes	calls	276	keys	415804127	batches	276	route_s	4.129050	wait_s	16.275663	gather_s	1.831035
[t9-b-always] ak2-engine	worker	scan_s	65.109248	lookup_s	22.235940	classify_s	35.986206
[t9-b-always] ak2-timing	unmap	304.877838	2.231221	2	0	0.000000	2.232516
[t9-b-always] ak2-timing	total	0.000001	307.109111	6237814	19	686.920281	533.737811
ht-record {"kind":"ht","label":"post-t9-b-always","t":1791588053.144784337,"enabled":"madvise","defrag":"always","proactiveness":"20","page_bytes":4096,"huge_order":9,"free_bytes":1585311739904,"free_huge_bytes":1573285527552,"free_huge_frac":0.992414,"buddy":[38835,40028,35591,31486,22366,14514,7816,4205,2196,3059,373571],"vmstat":{"thp_migration_success":0,"thp_migration_fail":0,"thp_migration_split":0,"compact_migrate_scanned":19802112,"compact_free_scanned":5492011,"compact_isolated":383462,"compact_stall":0,"compact_fail":0,"compact_success":0,"compact_daemon_wake":0,"compact_daemon_migrate_scanned":19167232,"compact_daemon_free_scanned":3827840,"thp_fault_alloc":2835015,"thp_fault_fallback":0,"thp_fault_fallback_charge":0,"thp_collapse_alloc":2,"thp_collapse_alloc_failed":0,"thp_file_alloc":2275145,"thp_file_fallback":0,"thp_file_fallback_charge":0,"thp_file_mapped":2268344,"thp_split_page":4,"thp_split_page_failed":0,"thp_deferred_split_page":0,"thp_underused_split_page":0,"thp_split_pmd":0,"thp_scan_exceed_none_pte":2,"thp_scan_exceed_swap_pte":0,"thp_scan_exceed_share_pte":0,"thp_zero_page_alloc":3,"thp_zero_page_alloc_failed":0,"thp_swpout":0,"thp_swpout_fallback":0},"meminfo_kb":{"MemFree":1548156248,"AnonHugePages":0,"ShmemHugePages":6400000,"ShmemPmdMapped":0,"FileHugePages":0,"FilePmdMapped":0}}
probe-tune {"kind":"trial","pos":9,"rep":1,"warmup":false,"set":"always","regime":"b","applied":true,"ht_apply_rc":0,"ht_writes":1,"precompact_s":null,"load_s":299.203685,"classify_s":2.957,"load_exit":0,"classify_exit":0,"classify_wall_s":2.9570000171661377,"teardown_s":3.452000141143799,"wall_s":309.2220001220703,"total_s":302.160685,"output_sha256":"96b6f88379a4975ee54476cacca96322f04993e187266ffefd8e6cc1b788c39e","report_sha256":"8193638bdb7415fc4f36a60fa27490e708756dba2a64d79cd7586acc78d7ca0a","pre_free_huge_frac":0.993572,"pre_free_bytes":1586214510592,"pre_buddy":[8412,10541,15671,19063,12676,8498,5999,4316,3256,2598,374453],"thp":{"enabled":"madvise","defrag":"always","proactiveness":"20"},"vmstat_delta":{"compact_stall":0,"compact_success":0,"compact_fail":0,"compact_migrate_scanned":0,"compact_free_scanned":0,"compact_daemon_wake":0,"thp_fault_alloc":567003,"thp_fault_fallback":0,"thp_file_alloc":456,"thp_file_fallback":0},"shmem_huge_kb_after_load":null,"anon_huge_kb_peak":1161222144,"shmem_pmd_mapped_kb_peak":0,"stderr_tail":"ak2-timing\tunmap\t304.877838\t2.231221\t2\t0\t0.000000\t2.232516 ak2-timing\ttotal\t0.000001\t307.109111\t6237814\t19\t686.920281\t533.737811 "}
ak2-phase	2026-10-09T23:20:54Z	1791588054	t10-a-none	yes
ht-apply 19 2026-10-09T23:20:54Z restore defrag always madvise madvise restored
ak2: [2026-10-09T23:20:54Z] drop_caches done; next phase is cold
ht-apply 20 2026-10-09T23:20:54Z none enabled madvise - madvise kept
ht-apply 20 2026-10-09T23:20:54Z none defrag madvise - madvise kept
ht-apply 20 2026-10-09T23:20:54Z none proactiveness 20 - 20 kept
ht-record {"kind":"ht","label":"pre-t10-a-none","t":1791588055.799888913,"enabled":"madvise","defrag":"madvise","proactiveness":"20","page_bytes":4096,"huge_order":9,"free_bytes":1586132201472,"free_huge_bytes":1574178914304,"free_huge_frac":0.992464,"buddy":[12351,28812,34733,31420,22206,14420,8351,4227,2210,3009,373809],"vmstat":{"thp_migration_success":0,"thp_migration_fail":0,"thp_migration_split":0,"compact_migrate_scanned":19802112,"compact_free_scanned":5492011,"compact_isolated":383462,"compact_stall":0,"compact_fail":0,"compact_success":0,"compact_daemon_wake":0,"compact_daemon_migrate_scanned":19167232,"compact_daemon_free_scanned":3827840,"thp_fault_alloc":2835015,"thp_fault_fallback":0,"thp_fault_fallback_charge":0,"thp_collapse_alloc":2,"thp_collapse_alloc_failed":0,"thp_file_alloc":2275145,"thp_file_fallback":0,"thp_file_fallback_charge":0,"thp_file_mapped":2268344,"thp_split_page":4,"thp_split_page_failed":0,"thp_deferred_split_page":0,"thp_underused_split_page":0,"thp_split_pmd":0,"thp_scan_exceed_none_pte":2,"thp_scan_exceed_swap_pte":0,"thp_scan_exceed_share_pte":0,"thp_zero_page_alloc":3,"thp_zero_page_alloc_failed":0,"thp_swpout":0,"thp_swpout_fallback":0},"meminfo_kb":{"MemFree":1548957800,"AnonHugePages":0,"ShmemHugePages":5466112,"ShmemPmdMapped":0,"FileHugePages":0,"FilePmdMapped":0}}
upstream-cohort: shell flags huB
ht-record {"kind":"ht","label":"load-t10-a-none","t":1791588304.382387568,"enabled":"madvise","defrag":"madvise","proactiveness":"20","page_bytes":4096,"huge_order":9,"free_bytes":396864147456,"free_huge_bytes":385462829056,"free_huge_frac":0.971271,"buddy":[12577,12510,12562,29790,21457,14060,7640,4397,2392,115,91844],"vmstat":{"thp_migration_success":0,"thp_migration_fail":0,"thp_migration_split":0,"compact_migrate_scanned":19802112,"compact_free_scanned":5492011,"compact_isolated":383462,"compact_stall":0,"compact_fail":0,"compact_success":0,"compact_daemon_wake":0,"compact_daemon_migrate_scanned":19167232,"compact_daemon_free_scanned":3827840,"thp_fault_alloc":2835015,"thp_fault_fallback":0,"thp_fault_fallback_charge":0,"thp_collapse_alloc":2,"thp_collapse_alloc_failed":0,"thp_file_alloc":2842238,"thp_file_fallback":0,"thp_file_fallback_charge":0,"thp_file_mapped":2268344,"thp_split_page":4,"thp_split_page_failed":0,"thp_deferred_split_page":0,"thp_underused_split_page":0,"thp_split_pmd":0,"thp_scan_exceed_none_pte":2,"thp_scan_exceed_swap_pte":0,"thp_scan_exceed_share_pte":0,"thp_zero_page_alloc":3,"thp_zero_page_alloc_failed":0,"thp_swpout":0,"thp_swpout_fallback":0},"meminfo_kb":{"MemFree":387562536,"AnonHugePages":0,"ShmemHugePages":1166872576,"ShmemPmdMapped":0,"FileHugePages":0,"FilePmdMapped":0}}
upstream-cohort: shell flags huB
ht-record {"kind":"ht","label":"post-t10-a-none","t":1791588310.300329368,"enabled":"madvise","defrag":"madvise","proactiveness":"20","page_bytes":4096,"huge_order":9,"free_bytes":1583863910400,"free_huge_bytes":1573843369984,"free_huge_frac":0.993673,"buddy":[20321,15182,13872,16373,11413,11171,7643,4413,2403,3039,373714],"vmstat":{"thp_migration_success":0,"thp_migration_fail":0,"thp_migration_split":0,"compact_migrate_scanned":19802112,"compact_free_scanned":5492011,"compact_isolated":383462,"compact_stall":0,"compact_fail":0,"compact_success":0,"compact_daemon_wake":0,"compact_daemon_migrate_scanned":19167232,"compact_daemon_free_scanned":3827840,"thp_fault_alloc":2835015,"thp_fault_fallback":0,"thp_fault_fallback_charge":0,"thp_collapse_alloc":2,"thp_collapse_alloc_failed":0,"thp_file_alloc":2842693,"thp_file_fallback":0,"thp_file_fallback_charge":0,"thp_file_mapped":2835430,"thp_split_page":4,"thp_split_page_failed":0,"thp_deferred_split_page":0,"thp_underused_split_page":0,"thp_split_pmd":0,"thp_scan_exceed_none_pte":2,"thp_scan_exceed_swap_pte":0,"thp_scan_exceed_share_pte":0,"thp_zero_page_alloc":3,"thp_zero_page_alloc_failed":0,"thp_swpout":0,"thp_swpout_fallback":0},"meminfo_kb":{"MemFree":1546741828,"AnonHugePages":0,"ShmemHugePages":6402048,"ShmemPmdMapped":0,"FileHugePages":0,"FilePmdMapped":0}}
probe-tune {"kind":"trial","pos":10,"rep":1,"warmup":false,"set":"none","regime":"a","applied":true,"ht_apply_rc":0,"ht_writes":0,"precompact_s":null,"load_s":247.152,"classify_s":2.001,"load_exit":0,"classify_exit":0,"classify_wall_s":2.438999891281128,"teardown_s":2.0920000076293945,"wall_s":253.08599996566772,"total_s":249.153,"output_sha256":"96b6f88379a4975ee54476cacca96322f04993e187266ffefd8e6cc1b788c39e","report_sha256":"8193638bdb7415fc4f36a60fa27490e708756dba2a64d79cd7586acc78d7ca0a","pre_free_huge_frac":0.992464,"pre_free_bytes":1586132201472,"pre_buddy":[12351,28812,34733,31420,22206,14420,8351,4227,2210,3009,373809],"thp":{"enabled":"madvise","defrag":"madvise","proactiveness":"20"},"vmstat_delta":{"compact_stall":0,"compact_success":0,"compact_fail":0,"compact_migrate_scanned":0,"compact_free_scanned":0,"compact_daemon_wake":0,"thp_fault_alloc":0,"thp_fault_fallback":0,"thp_file_alloc":567548,"thp_file_fallback":0},"shmem_huge_kb_after_load":1166872576,"anon_huge_kb_peak":0,"shmem_pmd_mapped_kb_peak":1161338880,"stderr_tail":"  9366399 sequences classified (88.93%)   1166511 sequences unclassified (11.07%) "}
ak2-phase	2026-10-09T23:25:11Z	1791588311	t11-b-none	yes
ak2: [2026-10-09T23:25:11Z] drop_caches done; next phase is cold
ht-apply 22 2026-10-09T23:25:11Z none enabled madvise - madvise kept
ht-apply 22 2026-10-09T23:25:12Z none defrag madvise - madvise kept
ht-apply 22 2026-10-09T23:25:12Z none proactiveness 20 - 20 kept
ht-record {"kind":"ht","label":"pre-t11-b-none","t":1791588313.074103266,"enabled":"madvise","defrag":"madvise","proactiveness":"20","page_bytes":4096,"huge_order":9,"free_bytes":1585529647104,"free_huge_bytes":1574839517184,"free_huge_frac":0.993258,"buddy":[16551,24534,16939,19337,13672,12081,8266,4427,2425,3040,373951],"vmstat":{"thp_migration_success":0,"thp_migration_fail":0,"thp_migration_split":0,"compact_migrate_scanned":19802112,"compact_free_scanned":5492011,"compact_isolated":383462,"compact_stall":0,"compact_fail":0,"compact_success":0,"compact_daemon_wake":0,"compact_daemon_migrate_scanned":19167232,"compact_daemon_free_scanned":3827840,"thp_fault_alloc":2835015,"thp_fault_fallback":0,"thp_fault_fallback_charge":0,"thp_collapse_alloc":2,"thp_collapse_alloc_failed":0,"thp_file_alloc":2842693,"thp_file_fallback":0,"thp_file_fallback_charge":0,"thp_file_mapped":2835430,"thp_split_page":4,"thp_split_page_failed":0,"thp_deferred_split_page":0,"thp_underused_split_page":0,"thp_split_pmd":0,"thp_scan_exceed_none_pte":2,"thp_scan_exceed_swap_pte":0,"thp_scan_exceed_share_pte":0,"thp_zero_page_alloc":3,"thp_zero_page_alloc_failed":0,"thp_swpout":0,"thp_swpout_fallback":0},"meminfo_kb":{"MemFree":1548366996,"AnonHugePages":0,"ShmemHugePages":5466112,"ShmemPmdMapped":0,"FileHugePages":0,"FilePmdMapped":0}}
[t11-b-none] ak2-timing	taxo	0.001222	0.550637	88186	4	0.011056	0.094930
[t11-b-none] ak2-timing	shard-load-0	0.808207	288.645172	590074	0	596.169108	539.876937
[t11-b-none] ak2-timing	rendezvous	291.203239	0.006027	4	2	0.000462	0.000000
[t11-b-none] ak2-timing	connect	291.209282	0.000003	0	0	0.000003	0.000000
[t11-b-none] ak2-timing	connect-control	291.209290	0.000005	0	0	0.000005	0.000000
[t11-b-none] ak2-timing	hash	0.552004	290.657306	592220	11	596.172232	539.892693
[t11-b-none] ak2-timing	setup	291.209318	0.000072	0	0	0.000072	0.000000
[t11-b-none] ak2-timing	classify	291.209397	3.021463	5615261	0	115.333660	9.248695
[t11-b-none] ak2-timing	barrier	294.279857	0.000026	0	0	0.000012	0.000000
[t11-b-none] ak2-timing	close	294.279909	0.000015	0	0	0.000015	0.000000
[t11-b-none] ak2-engine	result	sequences	10532910	bases	1945093294	classified	9366399
[t11-b-none] ak2-timing	report	294.279937	0.082382	102	0	0.082892	0.000000
[t11-b-none] ak2-engine	shard	0	n	1	lo	0	hi	297272917942	tail	0	full	true	empty_at	297272917942	keys	415804127	batches	276	probe_s	16.633657	tail_probes	0	wrap_probes	0
[t11-b-none] ak2-engine	mem	t_s	294.4	rss_kib	1183887140	hwm_kib	1183887140	heap_inuse	19224879104	sys	23949282736	avail_kib	358380392
[t11-b-none] ak2-engine	rendezvous	puts	1	gets	1
[t11-b-none] ak2-engine	s3	client	sdk	put	0	get	0	create_multipart	0	upload_part	0	complete_multipart	0	abort_multipart	0	part_bytes	0
[t11-b-none] ak2-engine	s3	client	cli	put	0	get	0	create_multipart	0	upload_part	0	complete_multipart	0	abort_multipart	0	part_bytes	0
[t11-b-none] ak2-engine	node	rank	0	n	1	emitter	true	blocks_cut	276	blocks_mine	276	read_s	2.456495	window_wait_s	0.313819	send_s	0.000000	sent_bytes	0	emit_wait_s	3.019927	emit_s	0.000387
[t11-b-none] ak2-engine	load	seconds	288.645167	requests	17737	retries	0	bytes	1189091737368
[t11-b-none] ak2-engine	route	transport	nodes	calls	276	keys	415804127	batches	276	route_s	3.562716	wait_s	16.687544	gather_s	1.749988
[t11-b-none] ak2-engine	worker	scan_s	67.098245	lookup_s	22.000790	classify_s	37.342706
[t11-b-none] ak2-timing	unmap	294.362786	2.218448	0	0	0.000000	2.217836
[t11-b-none] ak2-timing	total	0.000001	296.581281	6295845	15	711.649550	551.454453
ht-record {"kind":"ht","label":"post-t11-b-none","t":1791588613.228339787,"enabled":"madvise","defrag":"madvise","proactiveness":"20","page_bytes":4096,"huge_order":9,"free_bytes":1585540890624,"free_huge_bytes":1573436522496,"free_huge_frac":0.992366,"buddy":[31976,30708,28606,24337,17555,12259,8307,5148,2691,3185,373544],"vmstat":{"thp_migration_success":0,"thp_migration_fail":0,"thp_migration_split":0,"compact_migrate_scanned":19802112,"compact_free_scanned":5492011,"compact_isolated":383462,"compact_stall":0,"compact_fail":0,"compact_success":0,"compact_daemon_wake":0,"compact_daemon_migrate_scanned":19167232,"compact_daemon_free_scanned":3827840,"thp_fault_alloc":3402018,"thp_fault_fallback":0,"thp_fault_fallback_charge":0,"thp_collapse_alloc":2,"thp_collapse_alloc_failed":0,"thp_file_alloc":2843149,"thp_file_fallback":0,"thp_file_fallback_charge":0,"thp_file_mapped":2835430,"thp_split_page":4,"thp_split_page_failed":0,"thp_deferred_split_page":0,"thp_underused_split_page":0,"thp_split_pmd":0,"thp_scan_exceed_none_pte":2,"thp_scan_exceed_swap_pte":0,"thp_scan_exceed_share_pte":0,"thp_zero_page_alloc":4,"thp_zero_page_alloc_failed":0,"thp_swpout":0,"thp_swpout_fallback":0},"meminfo_kb":{"MemFree":1548380744,"AnonHugePages":0,"ShmemHugePages":6400000,"ShmemPmdMapped":0,"FileHugePages":0,"FilePmdMapped":0}}
probe-tune {"kind":"trial","pos":11,"rep":1,"warmup":false,"set":"none","regime":"b","applied":true,"ht_apply_rc":0,"ht_writes":0,"precompact_s":null,"load_s":288.645172,"classify_s":3.021,"load_exit":0,"classify_exit":0,"classify_wall_s":3.0209999084472656,"teardown_s":3.490000009536743,"wall_s":298.74699997901917,"total_s":291.666172,"output_sha256":"96b6f88379a4975ee54476cacca96322f04993e187266ffefd8e6cc1b788c39e","report_sha256":"8193638bdb7415fc4f36a60fa27490e708756dba2a64d79cd7586acc78d7ca0a","pre_free_huge_frac":0.993258,"pre_free_bytes":1585529647104,"pre_buddy":[16551,24534,16939,19337,13672,12081,8266,4427,2425,3040,373951],"thp":{"enabled":"madvise","defrag":"madvise","proactiveness":"20"},"vmstat_delta":{"compact_stall":0,"compact_success":0,"compact_fail":0,"compact_migrate_scanned":0,"compact_free_scanned":0,"compact_daemon_wake":0,"thp_fault_alloc":567003,"thp_fault_fallback":0,"thp_file_alloc":456,"thp_file_fallback":0},"shmem_huge_kb_after_load":null,"anon_huge_kb_peak":1161222144,"shmem_pmd_mapped_kb_peak":0,"stderr_tail":"ak2-timing\tunmap\t294.362786\t2.218448\t0\t0\t0.000000\t2.217836 ak2-timing\ttotal\t0.000001\t296.581281\t6295845\t15\t711.649550\t551.454453 "}
ak2-phase	2026-10-09T23:30:14Z	1791588614	t12-b-defer	yes
ak2: [2026-10-09T23:30:14Z] drop_caches done; next phase is cold
ht-apply 24 2026-10-09T23:30:14Z defer enabled madvise - madvise kept
ht-apply 24 2026-10-09T23:30:15Z defer defrag madvise defer defer set
ht-apply 24 2026-10-09T23:30:15Z defer proactiveness 20 - 20 kept
ht-record {"kind":"ht","label":"pre-t12-b-defer","t":1791588616.079707858,"enabled":"madvise","defrag":"defer","proactiveness":"20","page_bytes":4096,"huge_order":9,"free_bytes":1586089189376,"free_huge_bytes":1574118096896,"free_huge_frac":0.992452,"buddy":[11916,12219,24751,24247,17387,12293,8747,5234,2703,3128,373735],"vmstat":{"thp_migration_success":0,"thp_migration_fail":0,"thp_migration_split":0,"compact_migrate_scanned":19802112,"compact_free_scanned":5492011,"compact_isolated":383462,"compact_stall":0,"compact_fail":0,"compact_success":0,"compact_daemon_wake":0,"compact_daemon_migrate_scanned":19167232,"compact_daemon_free_scanned":3827840,"thp_fault_alloc":3402018,"thp_fault_fallback":0,"thp_fault_fallback_charge":0,"thp_collapse_alloc":2,"thp_collapse_alloc_failed":0,"thp_file_alloc":2843149,"thp_file_fallback":0,"thp_file_fallback_charge":0,"thp_file_mapped":2835430,"thp_split_page":4,"thp_split_page_failed":0,"thp_deferred_split_page":0,"thp_underused_split_page":0,"thp_split_pmd":0,"thp_scan_exceed_none_pte":2,"thp_scan_exceed_swap_pte":0,"thp_scan_exceed_share_pte":0,"thp_zero_page_alloc":4,"thp_zero_page_alloc_failed":0,"thp_swpout":0,"thp_swpout_fallback":0},"meminfo_kb":{"MemFree":1548915476,"AnonHugePages":0,"ShmemHugePages":5466112,"ShmemPmdMapped":0,"FileHugePages":0,"FilePmdMapped":0}}
[t12-b-defer] ak2-timing	taxo	0.001256	0.804555	88256	4	0.028154	0.089164
[t12-b-defer] ak2-timing	shard-load-0	1.052667	313.282932	588453	1	672.516510	670.220511
[t12-b-defer] ak2-timing	rendezvous	316.601496	0.003575	6	2	0.000215	0.000214
[t12-b-defer] ak2-timing	connect	316.605087	0.000004	0	0	0.000003	0.000003
[t12-b-defer] ak2-timing	connect-control	316.605097	0.000008	0	0	0.000004	0.000004
[t12-b-defer] ak2-timing	hash	0.805947	315.799176	590555	14	672.533681	670.224792
[t12-b-defer] ak2-timing	setup	316.605130	0.000078	2	0	0.000039	0.000039
[t12-b-defer] ak2-timing	classify	316.605217	3.049874	5583457	0	117.463173	9.718304
[t12-b-defer] ak2-timing	barrier	319.704518	0.000038	0	0	0.000012	0.000000
[t12-b-defer] ak2-timing	close	319.704583	0.000016	0	0	0.000016	0.000000
[t12-b-defer] ak2-engine	result	sequences	10532910	bases	1945093294	classified	9366399
[t12-b-defer] ak2-timing	report	319.704613	0.084000	108	0	0.084169	0.000000
[t12-b-defer] ak2-engine	shard	0	n	1	lo	0	hi	297272917942	tail	0	full	true	empty_at	297272917942	keys	415804127	batches	276	probe_s	17.255801	tail_probes	0	wrap_probes	0
[t12-b-defer] ak2-engine	mem	t_s	319.8	rss_kib	1183729036	hwm_kib	1183729036	heap_inuse	19433398272	sys	23805238656	avail_kib	358312372
[t12-b-defer] ak2-engine	rendezvous	puts	1	gets	1
[t12-b-defer] ak2-engine	s3	client	sdk	put	0	get	0	create_multipart	0	upload_part	0	complete_multipart	0	abort_multipart	0	part_bytes	0
[t12-b-defer] ak2-engine	s3	client	cli	put	0	get	0	create_multipart	0	upload_part	0	complete_multipart	0	abort_multipart	0	part_bytes	0
[t12-b-defer] ak2-engine	node	rank	0	n	1	emitter	true	blocks_cut	276	blocks_mine	276	read_s	2.458176	window_wait_s	0.339977	send_s	0.000000	sent_bytes	0	emit_wait_s	3.048322	emit_s	0.000383
[t12-b-defer] ak2-engine	load	seconds	313.282928	requests	17737	retries	0	bytes	1189091737368
[t12-b-defer] ak2-engine	route	transport	nodes	calls	276	keys	415804127	batches	276	route_s	4.035976	wait_s	17.298554	gather_s	1.854641
[t12-b-defer] ak2-engine	worker	scan_s	68.449707	lookup_s	23.189380	classify_s	37.814007
[t12-b-defer] ak2-timing	unmap	319.789115	2.246572	0	0	0.000000	2.245803
[t12-b-defer] ak2-timing	total	0.000001	322.035747	6262467	18	790.159339	682.278376
ht-record {"kind":"ht","label":"post-t12-b-defer","t":1791588941.663774639,"enabled":"madvise","defrag":"defer","proactiveness":"20","page_bytes":4096,"huge_order":9,"free_bytes":1585233416192,"free_huge_bytes":1572025139200,"free_huge_frac":0.991668,"buddy":[40777,38066,36824,30821,22743,15014,8542,4921,2707,3722,372939],"vmstat":{"thp_migration_success":0,"thp_migration_fail":0,"thp_migration_split":0,"compact_migrate_scanned":19802112,"compact_free_scanned":5492011,"compact_isolated":383462,"compact_stall":0,"compact_fail":0,"compact_success":0,"compact_daemon_wake":0,"compact_daemon_migrate_scanned":19167232,"compact_daemon_free_scanned":3827840,"thp_fault_alloc":3969021,"thp_fault_fallback":0,"thp_fault_fallback_charge":0,"thp_collapse_alloc":2,"thp_collapse_alloc_failed":0,"thp_file_alloc":2843605,"thp_file_fallback":0,"thp_file_fallback_charge":0,"thp_file_mapped":2835430,"thp_split_page":4,"thp_split_page_failed":0,"thp_deferred_split_page":0,"thp_underused_split_page":0,"thp_split_pmd":0,"thp_scan_exceed_none_pte":2,"thp_scan_exceed_swap_pte":0,"thp_scan_exceed_share_pte":0,"thp_zero_page_alloc":4,"thp_zero_page_alloc_failed":0,"thp_swpout":0,"thp_swpout_fallback":0},"meminfo_kb":{"MemFree":1548080012,"AnonHugePages":0,"ShmemHugePages":6400000,"ShmemPmdMapped":0,"FileHugePages":0,"FilePmdMapped":0}}
probe-tune {"kind":"trial","pos":12,"rep":1,"warmup":false,"set":"defer","regime":"b","applied":true,"ht_apply_rc":0,"ht_writes":1,"precompact_s":null,"load_s":313.282932,"classify_s":3.050,"load_exit":0,"classify_exit":0,"classify_wall_s":3.049999952316284,"teardown_s":3.490999937057495,"wall_s":324.1710000038147,"total_s":316.332932,"output_sha256":"96b6f88379a4975ee54476cacca96322f04993e187266ffefd8e6cc1b788c39e","report_sha256":"8193638bdb7415fc4f36a60fa27490e708756dba2a64d79cd7586acc78d7ca0a","pre_free_huge_frac":0.992452,"pre_free_bytes":1586089189376,"pre_buddy":[11916,12219,24751,24247,17387,12293,8747,5234,2703,3128,373735],"thp":{"enabled":"madvise","defrag":"defer","proactiveness":"20"},"vmstat_delta":{"compact_stall":0,"compact_success":0,"compact_fail":0,"compact_migrate_scanned":0,"compact_free_scanned":0,"compact_daemon_wake":0,"thp_fault_alloc":567003,"thp_fault_fallback":0,"thp_file_alloc":456,"thp_file_fallback":0},"shmem_huge_kb_after_load":null,"anon_huge_kb_peak":1161222144,"shmem_pmd_mapped_kb_peak":0,"stderr_tail":"ak2-timing\tunmap\t319.789115\t2.246572\t0\t0\t0.000000\t2.245803 ak2-timing\ttotal\t0.000001\t322.035747\t6262467\t18\t790.159339\t682.278376 "}
ak2-phase	2026-10-09T23:35:42Z	1791588942	t13-a-precompact	yes
ht-apply 25 2026-10-09T23:35:42Z restore defrag defer madvise madvise restored
ak2: [2026-10-09T23:35:43Z] drop_caches done; next phase is cold
ht-apply 26 2026-10-09T23:35:43Z precompact enabled madvise - madvise kept
ht-apply 26 2026-10-09T23:35:43Z precompact defrag madvise - madvise kept
ht-apply 26 2026-10-09T23:35:43Z precompact proactiveness 20 - 20 kept
ht-apply 26 2026-10-09T23:35:44Z precompact precompact - 1 0.888s done
ht-record {"kind":"ht","label":"pre-t13-a-precompact","t":1791588945.231620674,"enabled":"madvise","defrag":"madvise","proactiveness":"20","page_bytes":4096,"huge_order":9,"free_bytes":1586113466368,"free_huge_bytes":1573054840832,"free_huge_frac":0.991767,"buddy":[12809,21840,35779,30725,22501,14910,9001,4987,2700,3659,373216],"vmstat":{"thp_migration_success":0,"thp_migration_fail":0,"thp_migration_split":0,"compact_migrate_scanned":462653440,"compact_free_scanned":7155772,"compact_isolated":418383,"compact_stall":0,"compact_fail":0,"compact_success":0,"compact_daemon_wake":0,"compact_daemon_migrate_scanned":19167232,"compact_daemon_free_scanned":3827840,"thp_fault_alloc":3969021,"thp_fault_fallback":0,"thp_fault_fallback_charge":0,"thp_collapse_alloc":2,"thp_collapse_alloc_failed":0,"thp_file_alloc":2843605,"thp_file_fallback":0,"thp_file_fallback_charge":0,"thp_file_mapped":2835430,"thp_split_page":4,"thp_split_page_failed":0,"thp_deferred_split_page":0,"thp_underused_split_page":0,"thp_split_pmd":0,"thp_scan_exceed_none_pte":2,"thp_scan_exceed_swap_pte":0,"thp_scan_exceed_share_pte":0,"thp_zero_page_alloc":4,"thp_zero_page_alloc_failed":0,"thp_swpout":0,"thp_swpout_fallback":0},"meminfo_kb":{"MemFree":1548939664,"AnonHugePages":0,"ShmemHugePages":5466112,"ShmemPmdMapped":0,"FileHugePages":0,"FilePmdMapped":0}}
upstream-cohort: shell flags huB
ht-record {"kind":"ht","label":"load-t13-a-precompact","t":1791589189.227824950,"enabled":"madvise","defrag":"madvise","proactiveness":"20","page_bytes":4096,"huge_order":9,"free_bytes":396804100096,"free_huge_bytes":384183566336,"free_huge_frac":0.968195,"buddy":[10793,12596,13618,29601,21610,14579,8410,5162,2901,97,91548],"vmstat":{"thp_migration_success":0,"thp_migration_fail":0,"thp_migration_split":0,"compact_migrate_scanned":462653440,"compact_free_scanned":7155772,"compact_isolated":418383,"compact_stall":0,"compact_fail":0,"compact_success":0,"compact_daemon_wake":0,"compact_daemon_migrate_scanned":19167232,"compact_daemon_free_scanned":3827840,"thp_fault_alloc":3969021,"thp_fault_fallback":0,"thp_fault_fallback_charge":0,"thp_collapse_alloc":2,"thp_collapse_alloc_failed":0,"thp_file_alloc":3410698,"thp_file_fallback":0,"thp_file_fallback_charge":0,"thp_file_mapped":2835430,"thp_split_page":4,"thp_split_page_failed":0,"thp_deferred_split_page":0,"thp_underused_split_page":0,"thp_split_pmd":0,"thp_scan_exceed_none_pte":2,"thp_scan_exceed_swap_pte":0,"thp_scan_exceed_share_pte":0,"thp_zero_page_alloc":4,"thp_zero_page_alloc_failed":0,"thp_swpout":0,"thp_swpout_fallback":0},"meminfo_kb":{"MemFree":387504600,"AnonHugePages":0,"ShmemHugePages":1166872576,"ShmemPmdMapped":0,"FileHugePages":0,"FilePmdMapped":0}}
upstream-cohort: shell flags huB
ht-record {"kind":"ht","label":"post-t13-a-precompact","t":1791589195.117667405,"enabled":"madvise","defrag":"madvise","proactiveness":"20","page_bytes":4096,"huge_order":9,"free_bytes":1583706263552,"free_huge_bytes":1572522164224,"free_huge_frac":0.992938,"buddy":[19351,16663,14174,16416,10298,11657,8402,5193,2928,3641,373098],"vmstat":{"thp_migration_success":0,"thp_migration_fail":0,"thp_migration_split":0,"compact_migrate_scanned":462653440,"compact_free_scanned":7155772,"compact_isolated":418383,"compact_stall":0,"compact_fail":0,"compact_success":0,"compact_daemon_wake":0,"compact_daemon_migrate_scanned":19167232,"compact_daemon_free_scanned":3827840,"thp_fault_alloc":3969021,"thp_fault_fallback":0,"thp_fault_fallback_charge":0,"thp_collapse_alloc":2,"thp_collapse_alloc_failed":0,"thp_file_alloc":3411153,"thp_file_fallback":0,"thp_file_fallback_charge":0,"thp_file_mapped":3402516,"thp_split_page":4,"thp_split_page_failed":0,"thp_deferred_split_page":0,"thp_underused_split_page":0,"thp_split_pmd":0,"thp_scan_exceed_none_pte":2,"thp_scan_exceed_swap_pte":0,"thp_scan_exceed_share_pte":0,"thp_zero_page_alloc":4,"thp_zero_page_alloc_failed":0,"thp_swpout":0,"thp_swpout_fallback":0},"meminfo_kb":{"MemFree":1546588204,"AnonHugePages":0,"ShmemHugePages":6402048,"ShmemPmdMapped":0,"FileHugePages":0,"FilePmdMapped":0}}
probe-tune {"kind":"trial","pos":13,"rep":1,"warmup":false,"set":"precompact","regime":"a","applied":true,"ht_apply_rc":0,"ht_writes":1,"precompact_s":0.888,"load_s":242.673,"classify_s":2.001,"load_exit":0,"classify_exit":0,"classify_wall_s":2.437000036239624,"teardown_s":2.0820000171661377,"wall_s":248.46800017356873,"total_s":245.562,"output_sha256":"96b6f88379a4975ee54476cacca96322f04993e187266ffefd8e6cc1b788c39e","report_sha256":"8193638bdb7415fc4f36a60fa27490e708756dba2a64d79cd7586acc78d7ca0a","pre_free_huge_frac":0.991767,"pre_free_bytes":1586113466368,"pre_buddy":[12809,21840,35779,30725,22501,14910,9001,4987,2700,3659,373216],"thp":{"enabled":"madvise","defrag":"madvise","proactiveness":"20"},"vmstat_delta":{"compact_stall":0,"compact_success":0,"compact_fail":0,"compact_migrate_scanned":0,"compact_free_scanned":0,"compact_daemon_wake":0,"thp_fault_alloc":0,"thp_fault_fallback":0,"thp_file_alloc":567548,"thp_file_fallback":0},"shmem_huge_kb_after_load":1166872576,"anon_huge_kb_peak":0,"shmem_pmd_mapped_kb_peak":1161338880,"stderr_tail":"  9366399 sequences classified (88.93%)   1166511 sequences unclassified (11.07%) "}
ak2-phase	2026-10-09T23:39:56Z	1791589196	t14-a-proactive	yes
ak2: [2026-10-09T23:39:56Z] drop_caches done; next phase is cold
ht-apply 28 2026-10-09T23:39:56Z proactive enabled madvise - madvise kept
ht-apply 28 2026-10-09T23:39:56Z proactive defrag madvise - madvise kept
ht-apply 28 2026-10-09T23:39:56Z proactive proactiveness 20 100 100 set
ht-record {"kind":"ht","label":"pre-t14-a-proactive","t":1791589197.877447623,"enabled":"madvise","defrag":"madvise","proactiveness":"100","page_bytes":4096,"huge_order":9,"free_bytes":1585452343296,"free_huge_bytes":1573532991488,"free_huge_frac":0.992482,"buddy":[16938,24108,18269,19983,12430,12767,8978,5247,2962,3653,373333],"vmstat":{"thp_migration_success":0,"thp_migration_fail":0,"thp_migration_split":0,"compact_migrate_scanned":462653440,"compact_free_scanned":7155772,"compact_isolated":418383,"compact_stall":0,"compact_fail":0,"compact_success":0,"compact_daemon_wake":0,"compact_daemon_migrate_scanned":19167232,"compact_daemon_free_scanned":3827840,"thp_fault_alloc":3969021,"thp_fault_fallback":0,"thp_fault_fallback_charge":0,"thp_collapse_alloc":2,"thp_collapse_alloc_failed":0,"thp_file_alloc":3411153,"thp_file_fallback":0,"thp_file_fallback_charge":0,"thp_file_mapped":3402516,"thp_split_page":4,"thp_split_page_failed":0,"thp_deferred_split_page":0,"thp_underused_split_page":0,"thp_split_pmd":0,"thp_scan_exceed_none_pte":2,"thp_scan_exceed_swap_pte":0,"thp_scan_exceed_share_pte":0,"thp_zero_page_alloc":4,"thp_zero_page_alloc_failed":0,"thp_swpout":0,"thp_swpout_fallback":0},"meminfo_kb":{"MemFree":1548293036,"AnonHugePages":0,"ShmemHugePages":5466112,"ShmemPmdMapped":0,"FileHugePages":0,"FilePmdMapped":0}}
upstream-cohort: shell flags huB
ht-record {"kind":"ht","label":"load-t14-a-proactive","t":1791589444.150590348,"enabled":"madvise","defrag":"madvise","proactiveness":"100","page_bytes":4096,"huge_order":9,"free_bytes":396751118336,"free_huge_bytes":384368115712,"free_huge_frac":0.968789,"buddy":[7128,8565,25428,26925,17988,13489,8542,5184,2938,123,91579],"vmstat":{"thp_migration_success":0,"thp_migration_fail":0,"thp_migration_split":0,"compact_migrate_scanned":577593344,"compact_free_scanned":10716419,"compact_isolated":533666,"compact_stall":0,"compact_fail":0,"compact_success":0,"compact_daemon_wake":0,"compact_daemon_migrate_scanned":134107136,"compact_daemon_free_scanned":7388487,"thp_fault_alloc":3969021,"thp_fault_fallback":0,"thp_fault_fallback_charge":0,"thp_collapse_alloc":2,"thp_collapse_alloc_failed":0,"thp_file_alloc":3978246,"thp_file_fallback":0,"thp_file_fallback_charge":0,"thp_file_mapped":3402516,"thp_split_page":4,"thp_split_page_failed":0,"thp_deferred_split_page":0,"thp_underused_split_page":0,"thp_split_pmd":0,"thp_scan_exceed_none_pte":2,"thp_scan_exceed_swap_pte":0,"thp_scan_exceed_share_pte":0,"thp_zero_page_alloc":4,"thp_zero_page_alloc_failed":0,"thp_swpout":0,"thp_swpout_fallback":0},"meminfo_kb":{"MemFree":387452360,"AnonHugePages":0,"ShmemHugePages":1166872576,"ShmemPmdMapped":0,"FileHugePages":0,"FilePmdMapped":0}}
upstream-cohort: shell flags huB
ht-record {"kind":"ht","label":"post-t14-a-proactive","t":1791589450.067939930,"enabled":"madvise","defrag":"madvise","proactiveness":"100","page_bytes":4096,"huge_order":9,"free_bytes":1583930363904,"free_huge_bytes":1572683644928,"free_huge_frac":0.992899,"buddy":[25691,17363,16843,16781,9972,11269,8557,5180,2941,3646,373134],"vmstat":{"thp_migration_success":0,"thp_migration_fail":0,"thp_migration_split":0,"compact_migrate_scanned":577593344,"compact_free_scanned":10716419,"compact_isolated":533666,"compact_stall":0,"compact_fail":0,"compact_success":0,"compact_daemon_wake":0,"compact_daemon_migrate_scanned":134107136,"compact_daemon_free_scanned":7388487,"thp_fault_alloc":3969021,"thp_fault_fallback":0,"thp_fault_fallback_charge":0,"thp_collapse_alloc":2,"thp_collapse_alloc_failed":0,"thp_file_alloc":3978701,"thp_file_fallback":0,"thp_file_fallback_charge":0,"thp_file_mapped":3969602,"thp_split_page":4,"thp_split_page_failed":0,"thp_deferred_split_page":0,"thp_underused_split_page":0,"thp_split_pmd":0,"thp_scan_exceed_none_pte":2,"thp_scan_exceed_swap_pte":0,"thp_scan_exceed_share_pte":0,"thp_zero_page_alloc":4,"thp_zero_page_alloc_failed":0,"thp_swpout":0,"thp_swpout_fallback":0},"meminfo_kb":{"MemFree":1546807732,"AnonHugePages":0,"ShmemHugePages":6402048,"ShmemPmdMapped":0,"FileHugePages":0,"FilePmdMapped":0}}
probe-tune {"kind":"trial","pos":14,"rep":1,"warmup":false,"set":"proactive","regime":"a","applied":true,"ht_apply_rc":0,"ht_writes":1,"precompact_s":null,"load_s":244.976,"classify_s":2.005,"load_exit":0,"classify_exit":0,"classify_wall_s":2.444999933242798,"teardown_s":2.0980000495910645,"wall_s":250.79499983787537,"total_s":246.981,"output_sha256":"96b6f88379a4975ee54476cacca96322f04993e187266ffefd8e6cc1b788c39e","report_sha256":"8193638bdb7415fc4f36a60fa27490e708756dba2a64d79cd7586acc78d7ca0a","pre_free_huge_frac":0.992482,"pre_free_bytes":1585452343296,"pre_buddy":[16938,24108,18269,19983,12430,12767,8978,5247,2962,3653,373333],"thp":{"enabled":"madvise","defrag":"madvise","proactiveness":"100"},"vmstat_delta":{"compact_stall":0,"compact_success":0,"compact_fail":0,"compact_migrate_scanned":114939904,"compact_free_scanned":3560647,"compact_daemon_wake":0,"thp_fault_alloc":0,"thp_fault_fallback":0,"thp_file_alloc":567548,"thp_file_fallback":0},"shmem_huge_kb_after_load":1166872576,"anon_huge_kb_peak":0,"shmem_pmd_mapped_kb_peak":1161336832,"stderr_tail":"  9366399 sequences classified (88.93%)   1166511 sequences unclassified (11.07%) "}
ak2-phase	2026-10-09T23:44:11Z	1791589451	t15-b-none	yes
ht-apply 29 2026-10-09T23:44:11Z restore proactiveness 100 20 20 restored
ak2: [2026-10-09T23:44:11Z] drop_caches done; next phase is cold
ht-apply 30 2026-10-09T23:44:11Z none enabled madvise - madvise kept
ht-apply 30 2026-10-09T23:44:11Z none defrag madvise - madvise kept
ht-apply 30 2026-10-09T23:44:11Z none proactiveness 20 - 20 kept
ht-record {"kind":"ht","label":"pre-t15-b-none","t":1791589452.833225113,"enabled":"madvise","defrag":"madvise","proactiveness":"20","page_bytes":4096,"huge_order":9,"free_bytes":1585521205248,"free_huge_bytes":1573621071872,"free_huge_frac":0.992494,"buddy":[27116,25623,21880,20720,12666,12026,8862,5182,2952,3655,373353],"vmstat":{"thp_migration_success":0,"thp_migration_fail":0,"thp_migration_split":0,"compact_migrate_scanned":577593344,"compact_free_scanned":10716419,"compact_isolated":533666,"compact_stall":0,"compact_fail":0,"compact_success":0,"compact_daemon_wake":0,"compact_daemon_migrate_scanned":134107136,"compact_daemon_free_scanned":7388487,"thp_fault_alloc":3969021,"thp_fault_fallback":0,"thp_fault_fallback_charge":0,"thp_collapse_alloc":2,"thp_collapse_alloc_failed":0,"thp_file_alloc":3978701,"thp_file_fallback":0,"thp_file_fallback_charge":0,"thp_file_mapped":3969602,"thp_split_page":4,"thp_split_page_failed":0,"thp_deferred_split_page":0,"thp_underused_split_page":0,"thp_split_pmd":0,"thp_scan_exceed_none_pte":2,"thp_scan_exceed_swap_pte":0,"thp_scan_exceed_share_pte":0,"thp_zero_page_alloc":4,"thp_zero_page_alloc_failed":0,"thp_swpout":0,"thp_swpout_fallback":0},"meminfo_kb":{"MemFree":1548358808,"AnonHugePages":0,"ShmemHugePages":5466112,"ShmemPmdMapped":0,"FileHugePages":0,"FilePmdMapped":0}}
[t15-b-none] ak2-timing	taxo	0.004401	0.589637	87943	2	0.003860	0.102090
[t15-b-none] ak2-timing	shard-load-0	0.868271	278.015957	590288	0	590.239468	571.518173
[t15-b-none] ak2-timing	rendezvous	280.615444	0.006120	8	2	0.000234	0.000226
[t15-b-none] ak2-timing	connect	280.621579	0.000005	0	0	0.000002	0.000002
[t15-b-none] ak2-timing	connect-control	280.621589	0.000007	0	0	0.000003	0.000004
[t15-b-none] ak2-timing	hash	0.594089	280.027521	592316	13	590.257673	571.521583
[t15-b-none] ak2-timing	setup	280.621618	0.000092	7	0	0.000046	0.000045
[t15-b-none] ak2-timing	classify	280.621717	2.997166	5426320	1	119.204029	9.865431
[t15-b-none] ak2-timing	barrier	283.668007	0.000024	0	0	0.000006	0.000005
[t15-b-none] ak2-timing	close	283.668056	0.000016	0	0	0.000009	0.000007
[t15-b-none] ak2-engine	result	sequences	10532910	bases	1945093294	classified	9366399
[t15-b-none] ak2-timing	report	283.668086	0.082714	117	0	0.083135	0.000000
[t15-b-none] ak2-engine	shard	0	n	1	lo	0	hi	297272917942	tail	0	full	true	empty_at	297272917942	keys	415804127	batches	276	probe_s	17.532075	tail_probes	0	wrap_probes	0
[t15-b-none] ak2-engine	mem	t_s	283.8	rss_kib	1183141648	hwm_kib	1183141648	heap_inuse	19683991552	sys	23175871728	avail_kib	358979908
[t15-b-none] ak2-engine	rendezvous	puts	1	gets	1
[t15-b-none] ak2-engine	s3	client	sdk	put	0	get	0	create_multipart	0	upload_part	0	complete_multipart	0	abort_multipart	0	part_bytes	0
[t15-b-none] ak2-engine	s3	client	cli	put	0	get	0	create_multipart	0	upload_part	0	complete_multipart	0	abort_multipart	0	part_bytes	0
[t15-b-none] ak2-engine	node	rank	0	n	1	emitter	true	blocks_cut	276	blocks_mine	276	read_s	2.360591	window_wait_s	0.381947	send_s	0.000000	sent_bytes	0	emit_wait_s	2.995714	emit_s	0.000370
[t15-b-none] ak2-engine	load	seconds	278.015952	requests	17737	retries	0	bytes	1189091737368
[t15-b-none] ak2-engine	route	transport	nodes	calls	276	keys	415804127	batches	276	route_s	3.645003	wait_s	17.564918	gather_s	1.722342
[t15-b-none] ak2-engine	worker	scan_s	69.838381	lookup_s	22.932475	classify_s	38.635056
[t15-b-none] ak2-timing	unmap	283.751287	2.228741	0	0	0.000000	2.228768
[t15-b-none] ak2-timing	total	0.000001	285.980072	6107279	18	709.596918	583.724066
ht-record {"kind":"ht","label":"post-t15-b-none","t":1791589742.360296422,"enabled":"madvise","defrag":"madvise","proactiveness":"20","page_bytes":4096,"huge_order":9,"free_bytes":1585322483712,"free_huge_bytes":1571534405632,"free_huge_frac":0.991303,"buddy":[38672,36377,35865,31148,22697,15090,8876,5545,2884,3884,372741],"vmstat":{"thp_migration_success":0,"thp_migration_fail":0,"thp_migration_split":0,"compact_migrate_scanned":577593344,"compact_free_scanned":10716419,"compact_isolated":533666,"compact_stall":0,"compact_fail":0,"compact_success":0,"compact_daemon_wake":0,"compact_daemon_migrate_scanned":134107136,"compact_daemon_free_scanned":7388487,"thp_fault_alloc":4536024,"thp_fault_fallback":0,"thp_fault_fallback_charge":0,"thp_collapse_alloc":2,"thp_collapse_alloc_failed":0,"thp_file_alloc":3979157,"thp_file_fallback":0,"thp_file_fallback_charge":0,"thp_file_mapped":3969602,"thp_split_page":4,"thp_split_page_failed":0,"thp_deferred_split_page":0,"thp_underused_split_page":0,"thp_split_pmd":0,"thp_scan_exceed_none_pte":2,"thp_scan_exceed_swap_pte":0,"thp_scan_exceed_share_pte":0,"thp_zero_page_alloc":4,"thp_zero_page_alloc_failed":0,"thp_swpout":0,"thp_swpout_fallback":0},"meminfo_kb":{"MemFree":1548167244,"AnonHugePages":0,"ShmemHugePages":6400000,"ShmemPmdMapped":0,"FileHugePages":0,"FilePmdMapped":0}}
probe-tune {"kind":"trial","pos":15,"rep":2,"warmup":false,"set":"none","regime":"b","applied":true,"ht_apply_rc":0,"ht_writes":0,"precompact_s":null,"load_s":278.015957,"classify_s":2.997,"load_exit":0,"classify_exit":0,"classify_wall_s":2.996999979019165,"teardown_s":3.4720001220703125,"wall_s":288.114000082016,"total_s":281.01295700000003,"output_sha256":"96b6f88379a4975ee54476cacca96322f04993e187266ffefd8e6cc1b788c39e","report_sha256":"8193638bdb7415fc4f36a60fa27490e708756dba2a64d79cd7586acc78d7ca0a","pre_free_huge_frac":0.992494,"pre_free_bytes":1585521205248,"pre_buddy":[27116,25623,21880,20720,12666,12026,8862,5182,2952,3655,373353],"thp":{"enabled":"madvise","defrag":"madvise","proactiveness":"20"},"vmstat_delta":{"compact_stall":0,"compact_success":0,"compact_fail":0,"compact_migrate_scanned":0,"compact_free_scanned":0,"compact_daemon_wake":0,"thp_fault_alloc":567003,"thp_fault_fallback":0,"thp_file_alloc":456,"thp_file_fallback":0},"shmem_huge_kb_after_load":null,"anon_huge_kb_peak":1161222144,"shmem_pmd_mapped_kb_peak":0,"stderr_tail":"ak2-timing\tunmap\t283.751287\t2.228741\t0\t0\t0.000000\t2.228768 ak2-timing\ttotal\t0.000001\t285.980072\t6107279\t18\t709.596918\t583.724066 "}
ak2-phase	2026-10-09T23:49:03Z	1791589743	t16-a-proactive	yes
ak2: [2026-10-09T23:49:04Z] drop_caches done; next phase is cold
ht-apply 32 2026-10-09T23:49:04Z proactive enabled madvise - madvise kept
ht-apply 32 2026-10-09T23:49:04Z proactive defrag madvise - madvise kept
ht-apply 32 2026-10-09T23:49:04Z proactive proactiveness 20 100 100 set
ht-record {"kind":"ht","label":"pre-t16-a-proactive","t":1791589745.203391348,"enabled":"madvise","defrag":"madvise","proactiveness":"100","page_bytes":4096,"huge_order":9,"free_bytes":1586092482560,"free_huge_bytes":1572431986688,"free_huge_frac":0.991387,"buddy":[8946,16822,34757,30727,22266,14951,9264,5659,2952,3842,372976],"vmstat":{"thp_migration_success":0,"thp_migration_fail":0,"thp_migration_split":0,"compact_migrate_scanned":577593344,"compact_free_scanned":10716419,"compact_isolated":533666,"compact_stall":0,"compact_fail":0,"compact_success":0,"compact_daemon_wake":0,"compact_daemon_migrate_scanned":134107136,"compact_daemon_free_scanned":7388487,"thp_fault_alloc":4536024,"thp_fault_fallback":0,"thp_fault_fallback_charge":0,"thp_collapse_alloc":2,"thp_collapse_alloc_failed":0,"thp_file_alloc":3979157,"thp_file_fallback":0,"thp_file_fallback_charge":0,"thp_file_mapped":3969602,"thp_split_page":4,"thp_split_page_failed":0,"thp_deferred_split_page":0,"thp_underused_split_page":0,"thp_split_pmd":0,"thp_scan_exceed_none_pte":2,"thp_scan_exceed_swap_pte":0,"thp_scan_exceed_share_pte":0,"thp_zero_page_alloc":4,"thp_zero_page_alloc_failed":0,"thp_swpout":0,"thp_swpout_fallback":0},"meminfo_kb":{"MemFree":1548919876,"AnonHugePages":0,"ShmemHugePages":5466112,"ShmemPmdMapped":0,"FileHugePages":0,"FilePmdMapped":0}}
upstream-cohort: shell flags huB
ht-record {"kind":"ht","label":"load-t16-a-proactive","t":1791589994.485521462,"enabled":"madvise","defrag":"madvise","proactiveness":"100","page_bytes":4096,"huge_order":9,"free_bytes":396830597120,"free_huge_bytes":383577489408,"free_huge_frac":0.966603,"buddy":[10130,12454,12310,28026,21632,14839,8917,5870,3063,46,91429],"vmstat":{"thp_migration_success":0,"thp_migration_fail":0,"thp_migration_split":0,"compact_migrate_scanned":717045673,"compact_free_scanned":14177765,"compact_isolated":570105,"compact_stall":0,"compact_fail":0,"compact_success":0,"compact_daemon_wake":0,"compact_daemon_migrate_scanned":273559465,"compact_daemon_free_scanned":10849833,"thp_fault_alloc":4536024,"thp_fault_fallback":0,"thp_fault_fallback_charge":0,"thp_collapse_alloc":2,"thp_collapse_alloc_failed":0,"thp_file_alloc":4546250,"thp_file_fallback":0,"thp_file_fallback_charge":0,"thp_file_mapped":3969602,"thp_split_page":4,"thp_split_page_failed":0,"thp_deferred_split_page":0,"thp_underused_split_page":0,"thp_split_pmd":0,"thp_scan_exceed_none_pte":2,"thp_scan_exceed_swap_pte":0,"thp_scan_exceed_share_pte":0,"thp_zero_page_alloc":4,"thp_zero_page_alloc_failed":0,"thp_swpout":0,"thp_swpout_fallback":0},"meminfo_kb":{"MemFree":387529224,"AnonHugePages":0,"ShmemHugePages":1166872576,"ShmemPmdMapped":0,"FileHugePages":0,"FilePmdMapped":0}}
upstream-cohort: shell flags huB
ht-record {"kind":"ht","label":"post-t16-a-proactive","t":1791590000.413927851,"enabled":"madvise","defrag":"madvise","proactiveness":"100","page_bytes":4096,"huge_order":9,"free_bytes":1583911485440,"free_huge_bytes":1571913990144,"free_huge_frac":0.992425,"buddy":[14236,17686,15213,17571,11254,12024,8925,5889,3079,3841,372853],"vmstat":{"thp_migration_success":0,"thp_migration_fail":0,"thp_migration_split":0,"compact_migrate_scanned":717045673,"compact_free_scanned":14177765,"compact_isolated":570105,"compact_stall":0,"compact_fail":0,"compact_success":0,"compact_daemon_wake":0,"compact_daemon_migrate_scanned":273559465,"compact_daemon_free_scanned":10849833,"thp_fault_alloc":4536024,"thp_fault_fallback":0,"thp_fault_fallback_charge":0,"thp_collapse_alloc":2,"thp_collapse_alloc_failed":0,"thp_file_alloc":4546705,"thp_file_fallback":0,"thp_file_fallback_charge":0,"thp_file_mapped":4536688,"thp_split_page":4,"thp_split_page_failed":0,"thp_deferred_split_page":0,"thp_underused_split_page":0,"thp_split_pmd":0,"thp_scan_exceed_none_pte":2,"thp_scan_exceed_swap_pte":0,"thp_scan_exceed_share_pte":0,"thp_zero_page_alloc":4,"thp_zero_page_alloc_failed":0,"thp_swpout":0,"thp_swpout_fallback":0},"meminfo_kb":{"MemFree":1546789480,"AnonHugePages":0,"ShmemHugePages":6402048,"ShmemPmdMapped":0,"FileHugePages":0,"FilePmdMapped":0}}
probe-tune {"kind":"trial","pos":16,"rep":2,"warmup":false,"set":"proactive","regime":"a","applied":true,"ht_apply_rc":0,"ht_writes":1,"precompact_s":null,"load_s":247.903,"classify_s":2.001,"load_exit":0,"classify_exit":0,"classify_wall_s":2.444000005722046,"teardown_s":2.0959999561309814,"wall_s":253.8050000667572,"total_s":249.904,"output_sha256":"96b6f88379a4975ee54476cacca96322f04993e187266ffefd8e6cc1b788c39e","report_sha256":"8193638bdb7415fc4f36a60fa27490e708756dba2a64d79cd7586acc78d7ca0a","pre_free_huge_frac":0.991387,"pre_free_bytes":1586092482560,"pre_buddy":[8946,16822,34757,30727,22266,14951,9264,5659,2952,3842,372976],"thp":{"enabled":"madvise","defrag":"madvise","proactiveness":"100"},"vmstat_delta":{"compact_stall":0,"compact_success":0,"compact_fail":0,"compact_migrate_scanned":139452329,"compact_free_scanned":3461346,"compact_daemon_wake":0,"thp_fault_alloc":0,"thp_fault_fallback":0,"thp_file_alloc":567548,"thp_file_fallback":0},"shmem_huge_kb_after_load":1166872576,"anon_huge_kb_peak":0,"shmem_pmd_mapped_kb_peak":1161338880,"stderr_tail":"  9366399 sequences classified (88.93%)   1166511 sequences unclassified (11.07%) "}
ak2-phase	2026-10-09T23:53:21Z	1791590001	t17-b-defer	yes
ht-apply 33 2026-10-09T23:53:21Z restore proactiveness 100 20 20 restored
ak2: [2026-10-09T23:53:22Z] drop_caches done; next phase is cold
ht-apply 34 2026-10-09T23:53:22Z defer enabled madvise - madvise kept
ht-apply 34 2026-10-09T23:53:22Z defer defrag madvise defer defer set
ht-apply 34 2026-10-09T23:53:22Z defer proactiveness 20 - 20 kept
ht-record {"kind":"ht","label":"pre-t17-b-defer","t":1791590003.278374059,"enabled":"madvise","defrag":"defer","proactiveness":"20","page_bytes":4096,"huge_order":9,"free_bytes":1585585319936,"free_huge_bytes":1572899651584,"free_huge_frac":0.991999,"buddy":[15097,22295,17420,22055,14019,12952,9435,5913,3093,3841,373088],"vmstat":{"thp_migration_success":0,"thp_migration_fail":0,"thp_migration_split":0,"compact_migrate_scanned":717045673,"compact_free_scanned":14177765,"compact_isolated":570105,"compact_stall":0,"compact_fail":0,"compact_success":0,"compact_daemon_wake":0,"compact_daemon_migrate_scanned":273559465,"compact_daemon_free_scanned":10849833,"thp_fault_alloc":4536024,"thp_fault_fallback":0,"thp_fault_fallback_charge":0,"thp_collapse_alloc":2,"thp_collapse_alloc_failed":0,"thp_file_alloc":4546705,"thp_file_fallback":0,"thp_file_fallback_charge":0,"thp_file_mapped":4536688,"thp_split_page":4,"thp_split_page_failed":0,"thp_deferred_split_page":0,"thp_underused_split_page":0,"thp_split_pmd":0,"thp_scan_exceed_none_pte":2,"thp_scan_exceed_swap_pte":0,"thp_scan_exceed_share_pte":0,"thp_zero_page_alloc":4,"thp_zero_page_alloc_failed":0,"thp_swpout":0,"thp_swpout_fallback":0},"meminfo_kb":{"MemFree":1548423224,"AnonHugePages":0,"ShmemHugePages":5466112,"ShmemPmdMapped":0,"FileHugePages":0,"FilePmdMapped":0}}
[t17-b-defer] ak2-timing	taxo	0.000544	0.555033	88204	4	0.025387	0.080685
[t17-b-defer] ak2-timing	shard-load-0	0.771583	267.767191	590165	0	592.204633	579.164212
[t17-b-defer] ak2-timing	rendezvous	270.365749	0.004749	8	0	0.000226	0.000221
[t17-b-defer] ak2-timing	connect	270.370514	0.000003	0	0	0.000002	0.000001
[t17-b-defer] ak2-timing	connect-control	270.370522	0.000007	0	0	0.000004	0.000003
[t17-b-defer] ak2-timing	hash	0.555733	269.814813	592295	12	592.207520	579.180257
[t17-b-defer] ak2-timing	setup	270.370553	0.000086	2	0	0.000045	0.000044
[t17-b-defer] ak2-timing	classify	270.370647	2.979802	5178051	0	120.476405	8.779204
[t17-b-defer] ak2-timing	barrier	273.399813	0.000029	0	0	0.000011	0.000000
[t17-b-defer] ak2-timing	close	273.399867	0.000016	0	0	0.000016	0.000000
[t17-b-defer] ak2-engine	result	sequences	10532910	bases	1945093294	classified	9366399
[t17-b-defer] ak2-timing	report	273.399897	0.082973	99	0	0.083120	0.000000
[t17-b-defer] ak2-engine	shard	0	n	1	lo	0	hi	297272917942	tail	0	full	true	empty_at	297272917942	keys	415804127	batches	276	probe_s	17.441676	tail_probes	0	wrap_probes	0
[t17-b-defer] ak2-engine	mem	t_s	273.5	rss_kib	1182169392	hwm_kib	1182169392	heap_inuse	20819492864	sys	22188411904	avail_kib	360020240
[t17-b-defer] ak2-engine	rendezvous	puts	1	gets	1
[t17-b-defer] ak2-engine	s3	client	sdk	put	0	get	0	create_multipart	0	upload_part	0	complete_multipart	0	abort_multipart	0	part_bytes	0
[t17-b-defer] ak2-engine	s3	client	cli	put	0	get	0	create_multipart	0	upload_part	0	complete_multipart	0	abort_multipart	0	part_bytes	0
[t17-b-defer] ak2-engine	node	rank	0	n	1	emitter	true	blocks_cut	276	blocks_mine	276	read_s	2.311676	window_wait_s	0.418927	send_s	0.000000	sent_bytes	0	emit_wait_s	2.978334	emit_s	0.000397
[t17-b-defer] ak2-engine	load	seconds	267.767186	requests	17737	retries	0	bytes	1189091737368
[t17-b-defer] ak2-engine	route	transport	nodes	calls	276	keys	415804127	batches	276	route_s	3.612211	wait_s	17.473266	gather_s	1.665759
[t17-b-defer] ak2-engine	worker	scan_s	70.730194	lookup_s	22.751443	classify_s	37.484470
[t17-b-defer] ak2-timing	unmap	273.483393	2.227754	2	0	0.000000	2.230135
[t17-b-defer] ak2-timing	total	0.000002	275.711193	5858760	16	712.842706	590.270507
ht-record {"kind":"ht","label":"post-t17-b-defer","t":1791590282.478577945,"enabled":"madvise","defrag":"defer","proactiveness":"20","page_bytes":4096,"huge_order":9,"free_bytes":1585257369600,"free_huge_bytes":1570343223296,"free_huge_frac":0.990592,"buddy":[37305,37340,35673,30675,22259,15031,9473,6223,3520,4340,372229],"vmstat":{"thp_migration_success":0,"thp_migration_fail":0,"thp_migration_split":0,"compact_migrate_scanned":717045673,"compact_free_scanned":14177765,"compact_isolated":570105,"compact_stall":0,"compact_fail":0,"compact_success":0,"compact_daemon_wake":0,"compact_daemon_migrate_scanned":273559465,"compact_daemon_free_scanned":10849833,"thp_fault_alloc":5103027,"thp_fault_fallback":0,"thp_fault_fallback_charge":0,"thp_collapse_alloc":2,"thp_collapse_alloc_failed":0,"thp_file_alloc":4547161,"thp_file_fallback":0,"thp_file_fallback_charge":0,"thp_file_mapped":4536688,"thp_split_page":4,"thp_split_page_failed":0,"thp_deferred_split_page":0,"thp_underused_split_page":0,"thp_split_pmd":0,"thp_scan_exceed_none_pte":2,"thp_scan_exceed_swap_pte":0,"thp_scan_exceed_share_pte":0,"thp_zero_page_alloc":4,"thp_zero_page_alloc_failed":0,"thp_swpout":0,"thp_swpout_fallback":0},"meminfo_kb":{"MemFree":1548102900,"AnonHugePages":0,"ShmemHugePages":6400000,"ShmemPmdMapped":0,"FileHugePages":0,"FilePmdMapped":0}}
probe-tune {"kind":"trial","pos":17,"rep":2,"warmup":false,"set":"defer","regime":"b","applied":true,"ht_apply_rc":0,"ht_writes":1,"precompact_s":null,"load_s":267.767191,"classify_s":2.980,"load_exit":0,"classify_exit":0,"classify_wall_s":2.9800000190734863,"teardown_s":3.430999994277954,"wall_s":277.80599999427795,"total_s":270.74719100000004,"output_sha256":"96b6f88379a4975ee54476cacca96322f04993e187266ffefd8e6cc1b788c39e","report_sha256":"8193638bdb7415fc4f36a60fa27490e708756dba2a64d79cd7586acc78d7ca0a","pre_free_huge_frac":0.991999,"pre_free_bytes":1585585319936,"pre_buddy":[15097,22295,17420,22055,14019,12952,9435,5913,3093,3841,373088],"thp":{"enabled":"madvise","defrag":"defer","proactiveness":"20"},"vmstat_delta":{"compact_stall":0,"compact_success":0,"compact_fail":0,"compact_migrate_scanned":0,"compact_free_scanned":0,"compact_daemon_wake":0,"thp_fault_alloc":567003,"thp_fault_fallback":0,"thp_file_alloc":456,"thp_file_fallback":0},"shmem_huge_kb_after_load":null,"anon_huge_kb_peak":1161222144,"shmem_pmd_mapped_kb_peak":0,"stderr_tail":"ak2-timing\tunmap\t273.483393\t2.227754\t2\t0\t0.000000\t2.230135 ak2-timing\ttotal\t0.000002\t275.711193\t5858760\t16\t712.842706\t590.270507 "}
ak2-phase	2026-10-09T23:58:03Z	1791590283	t18-a-none	yes
ht-apply 35 2026-10-09T23:58:03Z restore defrag defer madvise madvise restored
ak2: [2026-10-09T23:58:04Z] drop_caches done; next phase is cold
ht-apply 36 2026-10-09T23:58:04Z none enabled madvise - madvise kept
ht-apply 36 2026-10-09T23:58:04Z none defrag madvise - madvise kept
ht-apply 36 2026-10-09T23:58:04Z none proactiveness 20 - 20 kept
ht-record {"kind":"ht","label":"pre-t18-a-none","t":1791590285.261801152,"enabled":"madvise","defrag":"madvise","proactiveness":"20","page_bytes":4096,"huge_order":9,"free_bytes":1586191065088,"free_huge_bytes":1571345661952,"free_huge_frac":0.990641,"buddy":[13992,24749,33501,29729,21313,14625,9850,6497,3586,4294,372491],"vmstat":{"thp_migration_success":0,"thp_migration_fail":0,"thp_migration_split":0,"compact_migrate_scanned":717045673,"compact_free_scanned":14177765,"compact_isolated":570105,"compact_stall":0,"compact_fail":0,"compact_success":0,"compact_daemon_wake":0,"compact_daemon_migrate_scanned":273559465,"compact_daemon_free_scanned":10849833,"thp_fault_alloc":5103027,"thp_fault_fallback":0,"thp_fault_fallback_charge":0,"thp_collapse_alloc":2,"thp_collapse_alloc_failed":0,"thp_file_alloc":4547161,"thp_file_fallback":0,"thp_file_fallback_charge":0,"thp_file_mapped":4536688,"thp_split_page":4,"thp_split_page_failed":0,"thp_deferred_split_page":0,"thp_underused_split_page":0,"thp_split_pmd":0,"thp_scan_exceed_none_pte":2,"thp_scan_exceed_swap_pte":0,"thp_scan_exceed_share_pte":0,"thp_zero_page_alloc":4,"thp_zero_page_alloc_failed":0,"thp_swpout":0,"thp_swpout_fallback":0},"meminfo_kb":{"MemFree":1549014732,"AnonHugePages":0,"ShmemHugePages":5466112,"ShmemPmdMapped":0,"FileHugePages":0,"FilePmdMapped":0}}
upstream-cohort: shell flags huB
ht-record {"kind":"ht","label":"load-t18-a-none","t":1791590530.173344551,"enabled":"madvise","defrag":"madvise","proactiveness":"20","page_bytes":4096,"huge_order":9,"free_bytes":396906512384,"free_huge_bytes":382656839680,"free_huge_frac":0.964098,"buddy":[13302,13017,12479,26075,20535,14365,9184,6632,3735,33,91216],"vmstat":{"thp_migration_success":0,"thp_migration_fail":0,"thp_migration_split":0,"compact_migrate_scanned":717045673,"compact_free_scanned":14177765,"compact_isolated":570105,"compact_stall":0,"compact_fail":0,"compact_success":0,"compact_daemon_wake":0,"compact_daemon_migrate_scanned":273559465,"compact_daemon_free_scanned":10849833,"thp_fault_alloc":5103027,"thp_fault_fallback":0,"thp_fault_fallback_charge":0,"thp_collapse_alloc":2,"thp_collapse_alloc_failed":0,"thp_file_alloc":5114254,"thp_file_fallback":0,"thp_file_fallback_charge":0,"thp_file_mapped":4536688,"thp_split_page":4,"thp_split_page_failed":0,"thp_deferred_split_page":0,"thp_underused_split_page":0,"thp_split_pmd":0,"thp_scan_exceed_none_pte":2,"thp_scan_exceed_swap_pte":0,"thp_scan_exceed_share_pte":0,"thp_zero_page_alloc":4,"thp_zero_page_alloc_failed":0,"thp_swpout":0,"thp_swpout_fallback":0},"meminfo_kb":{"MemFree":387605316,"AnonHugePages":0,"ShmemHugePages":1166872576,"ShmemPmdMapped":0,"FileHugePages":0,"FilePmdMapped":0}}
upstream-cohort: shell flags huB
ht-record {"kind":"ht","label":"post-t18-a-none","t":1791590536.086128285,"enabled":"madvise","defrag":"madvise","proactiveness":"20","page_bytes":4096,"huge_order":9,"free_bytes":1583697534976,"free_huge_bytes":1570999631872,"free_huge_frac":0.991982,"buddy":[11274,14468,12938,15176,10917,9621,9183,6659,3766,4199,372456],"vmstat":{"thp_migration_success":0,"thp_migration_fail":0,"thp_migration_split":0,"compact_migrate_scanned":717045673,"compact_free_scanned":14177765,"compact_isolated":570105,"compact_stall":0,"compact_fail":0,"compact_success":0,"compact_daemon_wake":0,"compact_daemon_migrate_scanned":273559465,"compact_daemon_free_scanned":10849833,"thp_fault_alloc":5103027,"thp_fault_fallback":0,"thp_fault_fallback_charge":0,"thp_collapse_alloc":2,"thp_collapse_alloc_failed":0,"thp_file_alloc":5114709,"thp_file_fallback":0,"thp_file_fallback_charge":0,"thp_file_mapped":5103774,"thp_split_page":4,"thp_split_page_failed":0,"thp_deferred_split_page":0,"thp_underused_split_page":0,"thp_split_pmd":0,"thp_scan_exceed_none_pte":2,"thp_scan_exceed_swap_pte":0,"thp_scan_exceed_share_pte":0,"thp_zero_page_alloc":4,"thp_zero_page_alloc_failed":0,"thp_swpout":0,"thp_swpout_fallback":0},"meminfo_kb":{"MemFree":1546580180,"AnonHugePages":0,"ShmemHugePages":6402048,"ShmemPmdMapped":0,"FileHugePages":0,"FilePmdMapped":0}}
probe-tune {"kind":"trial","pos":18,"rep":2,"warmup":false,"set":"none","regime":"a","applied":true,"ht_apply_rc":0,"ht_writes":0,"precompact_s":null,"load_s":243.398,"classify_s":1.999,"load_exit":0,"classify_exit":0,"classify_wall_s":2.436000108718872,"teardown_s":2.0840001106262207,"wall_s":249.40599989891052,"total_s":245.397,"output_sha256":"96b6f88379a4975ee54476cacca96322f04993e187266ffefd8e6cc1b788c39e","report_sha256":"8193638bdb7415fc4f36a60fa27490e708756dba2a64d79cd7586acc78d7ca0a","pre_free_huge_frac":0.990641,"pre_free_bytes":1586191065088,"pre_buddy":[13992,24749,33501,29729,21313,14625,9850,6497,3586,4294,372491],"thp":{"enabled":"madvise","defrag":"madvise","proactiveness":"20"},"vmstat_delta":{"compact_stall":0,"compact_success":0,"compact_fail":0,"compact_migrate_scanned":0,"compact_free_scanned":0,"compact_daemon_wake":0,"thp_fault_alloc":0,"thp_fault_fallback":0,"thp_file_alloc":567548,"thp_file_fallback":0},"shmem_huge_kb_after_load":1166872576,"anon_huge_kb_peak":0,"shmem_pmd_mapped_kb_peak":1161338880,"stderr_tail":"  9366399 sequences classified (88.93%)   1166511 sequences unclassified (11.07%) "}
ak2-phase	2026-10-10T00:02:17Z	1791590537	t19-a-precompact	yes
ak2: [2026-10-10T00:02:17Z] drop_caches done; next phase is cold
ht-apply 38 2026-10-10T00:02:17Z precompact enabled madvise - madvise kept
ht-apply 38 2026-10-10T00:02:17Z precompact defrag madvise - madvise kept
ht-apply 38 2026-10-10T00:02:17Z precompact proactiveness 20 - 20 kept
ht-apply 38 2026-10-10T00:02:18Z precompact precompact - 1 0.904s done
ht-record {"kind":"ht","label":"pre-t19-a-precompact","t":1791590539.631139869,"enabled":"madvise","defrag":"madvise","proactiveness":"20","page_bytes":4096,"huge_order":9,"free_bytes":1585518403584,"free_huge_bytes":1571966418944,"free_huge_frac":0.991453,"buddy":[13996,20699,16499,19836,13852,11227,9742,6681,3785,4198,372687],"vmstat":{"thp_migration_success":0,"thp_migration_fail":0,"thp_migration_split":0,"compact_migrate_scanned":1160320937,"compact_free_scanned":15910376,"compact_isolated":627143,"compact_stall":0,"compact_fail":0,"compact_success":0,"compact_daemon_wake":0,"compact_daemon_migrate_scanned":273559465,"compact_daemon_free_scanned":10849833,"thp_fault_alloc":5103027,"thp_fault_fallback":0,"thp_fault_fallback_charge":0,"thp_collapse_alloc":2,"thp_collapse_alloc_failed":0,"thp_file_alloc":5114709,"thp_file_fallback":0,"thp_file_fallback_charge":0,"thp_file_mapped":5103774,"thp_split_page":4,"thp_split_page_failed":0,"thp_deferred_split_page":0,"thp_underused_split_page":0,"thp_split_pmd":0,"thp_scan_exceed_none_pte":2,"thp_scan_exceed_swap_pte":0,"thp_scan_exceed_share_pte":0,"thp_zero_page_alloc":4,"thp_zero_page_alloc_failed":0,"thp_swpout":0,"thp_swpout_fallback":0},"meminfo_kb":{"MemFree":1548357336,"AnonHugePages":0,"ShmemHugePages":5466112,"ShmemPmdMapped":0,"FileHugePages":0,"FilePmdMapped":0}}
upstream-cohort: shell flags huB
ht-record {"kind":"ht","label":"load-t19-a-precompact","t":1791590790.091923232,"enabled":"madvise","defrag":"madvise","proactiveness":"20","page_bytes":4096,"huge_order":9,"free_bytes":396798717952,"free_huge_bytes":382786863104,"free_huge_frac":0.964688,"buddy":[13547,9016,19597,26316,18073,12708,9047,6676,3793,55,91236],"vmstat":{"thp_migration_success":0,"thp_migration_fail":0,"thp_migration_split":0,"compact_migrate_scanned":1160320937,"compact_free_scanned":15910376,"compact_isolated":627143,"compact_stall":0,"compact_fail":0,"compact_success":0,"compact_daemon_wake":0,"compact_daemon_migrate_scanned":273559465,"compact_daemon_free_scanned":10849833,"thp_fault_alloc":5103027,"thp_fault_fallback":0,"thp_fault_fallback_charge":0,"thp_collapse_alloc":2,"thp_collapse_alloc_failed":0,"thp_file_alloc":5681802,"thp_file_fallback":0,"thp_file_fallback_charge":0,"thp_file_mapped":5103774,"thp_split_page":4,"thp_split_page_failed":0,"thp_deferred_split_page":0,"thp_underused_split_page":0,"thp_split_pmd":0,"thp_scan_exceed_none_pte":2,"thp_scan_exceed_swap_pte":0,"thp_scan_exceed_share_pte":0,"thp_zero_page_alloc":4,"thp_zero_page_alloc_failed":0,"thp_swpout":0,"thp_swpout_fallback":0},"meminfo_kb":{"MemFree":387497128,"AnonHugePages":0,"ShmemHugePages":1166872576,"ShmemPmdMapped":0,"FileHugePages":0,"FilePmdMapped":0}}
upstream-cohort: shell flags huB
ht-record {"kind":"ht","label":"post-t19-a-precompact","t":1791590796.049473933,"enabled":"madvise","defrag":"madvise","proactiveness":"20","page_bytes":4096,"huge_order":9,"free_bytes":1583906238464,"free_huge_bytes":1571102392320,"free_huge_frac":0.991916,"buddy":[19955,14276,15290,17716,10233,9553,9046,6679,3794,4204,372478],"vmstat":{"thp_migration_success":0,"thp_migration_fail":0,"thp_migration_split":0,"compact_migrate_scanned":1160320937,"compact_free_scanned":15910376,"compact_isolated":627143,"compact_stall":0,"compact_fail":0,"compact_success":0,"compact_daemon_wake":0,"compact_daemon_migrate_scanned":273559465,"compact_daemon_free_scanned":10849833,"thp_fault_alloc":5103027,"thp_fault_fallback":0,"thp_fault_fallback_charge":0,"thp_collapse_alloc":2,"thp_collapse_alloc_failed":0,"thp_file_alloc":5682257,"thp_file_fallback":0,"thp_file_fallback_charge":0,"thp_file_mapped":5670860,"thp_split_page":4,"thp_split_page_failed":0,"thp_deferred_split_page":0,"thp_underused_split_page":0,"thp_split_pmd":0,"thp_scan_exceed_none_pte":2,"thp_scan_exceed_swap_pte":0,"thp_scan_exceed_share_pte":0,"thp_zero_page_alloc":4,"thp_zero_page_alloc_failed":0,"thp_swpout":0,"thp_swpout_fallback":0},"meminfo_kb":{"MemFree":1546783364,"AnonHugePages":0,"ShmemHugePages":6402048,"ShmemPmdMapped":0,"FileHugePages":0,"FilePmdMapped":0}}
probe-tune {"kind":"trial","pos":19,"rep":2,"warmup":false,"set":"precompact","regime":"a","applied":true,"ht_apply_rc":0,"ht_writes":1,"precompact_s":0.904,"load_s":249.074,"classify_s":2.008,"load_exit":0,"classify_exit":0,"classify_wall_s":2.447999954223633,"teardown_s":2.1019999980926514,"wall_s":254.99700021743774,"total_s":251.98600000000002,"output_sha256":"96b6f88379a4975ee54476cacca96322f04993e187266ffefd8e6cc1b788c39e","report_sha256":"8193638bdb7415fc4f36a60fa27490e708756dba2a64d79cd7586acc78d7ca0a","pre_free_huge_frac":0.991453,"pre_free_bytes":1585518403584,"pre_buddy":[13996,20699,16499,19836,13852,11227,9742,6681,3785,4198,372687],"thp":{"enabled":"madvise","defrag":"madvise","proactiveness":"20"},"vmstat_delta":{"compact_stall":0,"compact_success":0,"compact_fail":0,"compact_migrate_scanned":0,"compact_free_scanned":0,"compact_daemon_wake":0,"thp_fault_alloc":0,"thp_fault_fallback":0,"thp_file_alloc":567548,"thp_file_fallback":0},"shmem_huge_kb_after_load":1166872576,"anon_huge_kb_peak":0,"shmem_pmd_mapped_kb_peak":1161357312,"stderr_tail":"  9366399 sequences classified (88.93%)   1166511 sequences unclassified (11.07%) "}
ak2-phase	2026-10-10T00:06:37Z	1791590797	t20-b-defermadv	yes
ak2: [2026-10-10T00:06:37Z] drop_caches done; next phase is cold
ht-apply 40 2026-10-10T00:06:37Z defermadv enabled madvise - madvise kept
ht-apply 40 2026-10-10T00:06:37Z defermadv defrag madvise defer+madvise defer+madvise set
ht-apply 40 2026-10-10T00:06:37Z defermadv proactiveness 20 - 20 kept
ht-record {"kind":"ht","label":"pre-t20-b-defermadv","t":1791590798.922334705,"enabled":"madvise","defrag":"defer+madvise","proactiveness":"20","page_bytes":4096,"huge_order":9,"free_bytes":1585645051904,"free_huge_bytes":1572073373696,"free_huge_frac":0.991441,"buddy":[25378,25002,20150,20971,12545,10604,9705,6691,3797,4205,372709],"vmstat":{"thp_migration_success":0,"thp_migration_fail":0,"thp_migration_split":0,"compact_migrate_scanned":1160320937,"compact_free_scanned":15910376,"compact_isolated":627143,"compact_stall":0,"compact_fail":0,"compact_success":0,"compact_daemon_wake":0,"compact_daemon_migrate_scanned":273559465,"compact_daemon_free_scanned":10849833,"thp_fault_alloc":5103027,"thp_fault_fallback":0,"thp_fault_fallback_charge":0,"thp_collapse_alloc":2,"thp_collapse_alloc_failed":0,"thp_file_alloc":5682257,"thp_file_fallback":0,"thp_file_fallback_charge":0,"thp_file_mapped":5670860,"thp_split_page":4,"thp_split_page_failed":0,"thp_deferred_split_page":0,"thp_underused_split_page":0,"thp_split_pmd":0,"thp_scan_exceed_none_pte":2,"thp_scan_exceed_swap_pte":0,"thp_scan_exceed_share_pte":0,"thp_zero_page_alloc":4,"thp_zero_page_alloc_failed":0,"thp_swpout":0,"thp_swpout_fallback":0},"meminfo_kb":{"MemFree":1548481000,"AnonHugePages":0,"ShmemHugePages":5466112,"ShmemPmdMapped":0,"FileHugePages":0,"FilePmdMapped":0}}
[t20-b-defermadv] ak2-timing	taxo	0.000953	0.619917	88243	5	0.020084	0.105349
[t20-b-defermadv] ak2-timing	shard-load-0	0.874472	356.372531	587278	1	607.787579	569.979643
[t20-b-defermadv] ak2-timing	rendezvous	359.629206	0.004853	4	2	0.000228	0.000214
[t20-b-defermadv] ak2-timing	connect	359.634073	0.000003	0	0	0.000001	0.000001
[t20-b-defermadv] ak2-timing	connect-control	359.634081	0.000006	0	0	0.000004	0.000003
[t20-b-defermadv] ak2-timing	hash	0.620930	359.013174	589417	12	607.807796	569.980976
[t20-b-defermadv] ak2-timing	setup	359.634111	0.000071	0	0	0.000037	0.000034
[t20-b-defermadv] ak2-timing	classify	359.634188	3.170209	5343493	1	118.622187	7.829656
[t20-b-defermadv] ak2-timing	barrier	362.854537	0.000028	0	0	0.000010	0.000000
[t20-b-defermadv] ak2-timing	close	362.854591	0.000015	0	0	0.000015	0.000000
[t20-b-defermadv] ak2-engine	result	sequences	10532910	bases	1945093294	classified	9366399
[t20-b-defermadv] ak2-timing	report	362.854618	0.084390	2626	0	0.084524	0.000000
[t20-b-defermadv] ak2-engine	shard	0	n	1	lo	0	hi	297272917942	tail	0	full	true	empty_at	297272917942	keys	415804127	batches	276	probe_s	16.929644	tail_probes	0	wrap_probes	0
[t20-b-defermadv] ak2-engine	mem	t_s	362.9	rss_kib	1182774856	hwm_kib	1182774860	heap_inuse	22512205824	sys	22838738080	avail_kib	359303148
[t20-b-defermadv] ak2-engine	rendezvous	puts	1	gets	1
[t20-b-defermadv] ak2-engine	s3	client	sdk	put	0	get	0	create_multipart	0	upload_part	0	complete_multipart	0	abort_multipart	0	part_bytes	0
[t20-b-defermadv] ak2-engine	s3	client	cli	put	0	get	0	create_multipart	0	upload_part	0	complete_multipart	0	abort_multipart	0	part_bytes	0
[t20-b-defermadv] ak2-engine	node	rank	0	n	1	emitter	true	blocks_cut	276	blocks_mine	276	read_s	2.457081	window_wait_s	0.464651	send_s	0.000000	sent_bytes	0	emit_wait_s	3.168724	emit_s	0.000396
[t20-b-defermadv] ak2-engine	load	seconds	356.372526	requests	17737	retries	0	bytes	1189091737368
[t20-b-defermadv] ak2-engine	route	transport	nodes	calls	276	keys	415804127	batches	276	route_s	3.569820	wait_s	16.967560	gather_s	1.631270
[t20-b-defermadv] ak2-engine	worker	scan_s	69.361368	lookup_s	22.168865	classify_s	36.463001
[t20-b-defermadv] ak2-timing	unmap	362.939566	2.223938	0	0	0.000000	2.222054
[t20-b-defermadv] ak2-timing	total	0.000002	365.163550	6024613	18	726.585580	580.138275
ht-record {"kind":"ht","label":"post-t20-b-defermadv","t":1791591167.606192158,"enabled":"madvise","defrag":"defer+madvise","proactiveness":"20","page_bytes":4096,"huge_order":9,"free_bytes":1585322668032,"free_huge_bytes":1570441789440,"free_huge_frac":0.990613,"buddy":[40553,40451,39017,34834,26230,17392,9510,5352,3152,4417,372214],"vmstat":{"thp_migration_success":0,"thp_migration_fail":0,"thp_migration_split":0,"compact_migrate_scanned":1160320937,"compact_free_scanned":15910376,"compact_isolated":627143,"compact_stall":0,"compact_fail":0,"compact_success":0,"compact_daemon_wake":0,"compact_daemon_migrate_scanned":273559465,"compact_daemon_free_scanned":10849833,"thp_fault_alloc":5670030,"thp_fault_fallback":0,"thp_fault_fallback_charge":0,"thp_collapse_alloc":2,"thp_collapse_alloc_failed":0,"thp_file_alloc":5682713,"thp_file_fallback":0,"thp_file_fallback_charge":0,"thp_file_mapped":5670860,"thp_split_page":4,"thp_split_page_failed":0,"thp_deferred_split_page":0,"thp_underused_split_page":0,"thp_split_pmd":0,"thp_scan_exceed_none_pte":2,"thp_scan_exceed_swap_pte":0,"thp_scan_exceed_share_pte":0,"thp_zero_page_alloc":4,"thp_zero_page_alloc_failed":0,"thp_swpout":0,"thp_swpout_fallback":0},"meminfo_kb":{"MemFree":1548166920,"AnonHugePages":0,"ShmemHugePages":6400000,"ShmemPmdMapped":0,"FileHugePages":0,"FilePmdMapped":0}}
probe-tune {"kind":"trial","pos":20,"rep":2,"warmup":false,"set":"defermadv","regime":"b","applied":true,"ht_apply_rc":0,"ht_writes":1,"precompact_s":null,"load_s":356.372531,"classify_s":3.170,"load_exit":0,"classify_exit":0,"classify_wall_s":3.1700000762939453,"teardown_s":3.444999933242798,"wall_s":367.2760000228882,"total_s":359.542531,"output_sha256":"96b6f88379a4975ee54476cacca96322f04993e187266ffefd8e6cc1b788c39e","report_sha256":"8193638bdb7415fc4f36a60fa27490e708756dba2a64d79cd7586acc78d7ca0a","pre_free_huge_frac":0.991441,"pre_free_bytes":1585645051904,"pre_buddy":[25378,25002,20150,20971,12545,10604,9705,6691,3797,4205,372709],"thp":{"enabled":"madvise","defrag":"defer+madvise","proactiveness":"20"},"vmstat_delta":{"compact_stall":0,"compact_success":0,"compact_fail":0,"compact_migrate_scanned":0,"compact_free_scanned":0,"compact_daemon_wake":0,"thp_fault_alloc":567003,"thp_fault_fallback":0,"thp_file_alloc":456,"thp_file_fallback":0},"shmem_huge_kb_after_load":null,"anon_huge_kb_peak":1161222144,"shmem_pmd_mapped_kb_peak":0,"stderr_tail":"ak2-timing\tunmap\t362.939566\t2.223938\t0\t0\t0.000000\t2.222054 ak2-timing\ttotal\t0.000002\t365.163550\t6024613\t18\t726.585580\t580.138275 "}
ak2-phase	2026-10-10T00:12:48Z	1791591168	t21-a-defermadv	yes
ht-apply 41 2026-10-10T00:12:48Z restore defrag defer+madvise madvise madvise restored
ak2: [2026-10-10T00:12:49Z] drop_caches done; next phase is cold
ht-apply 42 2026-10-10T00:12:49Z defermadv enabled madvise - madvise kept
ht-apply 42 2026-10-10T00:12:49Z defermadv defrag madvise defer+madvise defer+madvise set
ht-apply 42 2026-10-10T00:12:49Z defermadv proactiveness 20 - 20 kept
ht-record {"kind":"ht","label":"pre-t21-a-defermadv","t":1791591170.422733252,"enabled":"madvise","defrag":"defer+madvise","proactiveness":"20","page_bytes":4096,"huge_order":9,"free_bytes":1586140155904,"free_huge_bytes":1571393896448,"free_huge_frac":0.990703,"buddy":[6031,19191,36917,33494,25136,17047,9945,5688,3234,4287,372506],"vmstat":{"thp_migration_success":0,"thp_migration_fail":0,"thp_migration_split":0,"compact_migrate_scanned":1160320937,"compact_free_scanned":15910376,"compact_isolated":627143,"compact_stall":0,"compact_fail":0,"compact_success":0,"compact_daemon_wake":0,"compact_daemon_migrate_scanned":273559465,"compact_daemon_free_scanned":10849833,"thp_fault_alloc":5670030,"thp_fault_fallback":0,"thp_fault_fallback_charge":0,"thp_collapse_alloc":2,"thp_collapse_alloc_failed":0,"thp_file_alloc":5682713,"thp_file_fallback":0,"thp_file_fallback_charge":0,"thp_file_mapped":5670860,"thp_split_page":4,"thp_split_page_failed":0,"thp_deferred_split_page":0,"thp_underused_split_page":0,"thp_split_pmd":0,"thp_scan_exceed_none_pte":2,"thp_scan_exceed_swap_pte":0,"thp_scan_exceed_share_pte":0,"thp_zero_page_alloc":4,"thp_zero_page_alloc_failed":0,"thp_swpout":0,"thp_swpout_fallback":0},"meminfo_kb":{"MemFree":1548965996,"AnonHugePages":0,"ShmemHugePages":5466112,"ShmemPmdMapped":0,"FileHugePages":0,"FilePmdMapped":0}}
upstream-cohort: shell flags huB
ht-record {"kind":"ht","label":"load-t21-a-defermadv","t":1791591419.270682372,"enabled":"madvise","defrag":"defer+madvise","proactiveness":"20","page_bytes":4096,"huge_order":9,"free_bytes":396782354432,"free_huge_bytes":382501650432,"free_huge_frac":0.964009,"buddy":[12520,11970,10684,30129,24480,16916,9509,5909,3392,49,91171],"vmstat":{"thp_migration_success":0,"thp_migration_fail":0,"thp_migration_split":0,"compact_migrate_scanned":1160320937,"compact_free_scanned":15910376,"compact_isolated":627143,"compact_stall":0,"compact_fail":0,"compact_success":0,"compact_daemon_wake":0,"compact_daemon_migrate_scanned":273559465,"compact_daemon_free_scanned":10849833,"thp_fault_alloc":5670030,"thp_fault_fallback":0,"thp_fault_fallback_charge":0,"thp_collapse_alloc":2,"thp_collapse_alloc_failed":0,"thp_file_alloc":6249806,"thp_file_fallback":0,"thp_file_fallback_charge":0,"thp_file_mapped":5670860,"thp_split_page":4,"thp_split_page_failed":0,"thp_deferred_split_page":0,"thp_underused_split_page":0,"thp_split_pmd":0,"thp_scan_exceed_none_pte":2,"thp_scan_exceed_swap_pte":0,"thp_scan_exceed_share_pte":0,"thp_zero_page_alloc":4,"thp_zero_page_alloc_failed":0,"thp_swpout":0,"thp_swpout_fallback":0},"meminfo_kb":{"MemFree":387483444,"AnonHugePages":0,"ShmemHugePages":1166872576,"ShmemPmdMapped":0,"FileHugePages":0,"FilePmdMapped":0}}
upstream-cohort: shell flags huB
ht-record {"kind":"ht","label":"post-t21-a-defermadv","t":1791591425.172898352,"enabled":"madvise","defrag":"defer+madvise","proactiveness":"20","page_bytes":4096,"huge_order":9,"free_bytes":1583823077376,"free_huge_bytes":1570846539776,"free_huge_frac":0.991807,"buddy":[13988,16848,13210,16393,13101,15161,9512,5931,3413,4322,372358],"vmstat":{"thp_migration_success":0,"thp_migration_fail":0,"thp_migration_split":0,"compact_migrate_scanned":1160320937,"compact_free_scanned":15910376,"compact_isolated":627143,"compact_stall":0,"compact_fail":0,"compact_success":0,"compact_daemon_wake":0,"compact_daemon_migrate_scanned":273559465,"compact_daemon_free_scanned":10849833,"thp_fault_alloc":5670030,"thp_fault_fallback":0,"thp_fault_fallback_charge":0,"thp_collapse_alloc":2,"thp_collapse_alloc_failed":0,"thp_file_alloc":6250261,"thp_file_fallback":0,"thp_file_fallback_charge":0,"thp_file_mapped":6237946,"thp_split_page":4,"thp_split_page_failed":0,"thp_deferred_split_page":0,"thp_underused_split_page":0,"thp_split_pmd":0,"thp_scan_exceed_none_pte":2,"thp_scan_exceed_swap_pte":0,"thp_scan_exceed_share_pte":0,"thp_zero_page_alloc":4,"thp_zero_page_alloc_failed":0,"thp_swpout":0,"thp_swpout_fallback":0},"meminfo_kb":{"MemFree":1546699356,"AnonHugePages":0,"ShmemHugePages":6402048,"ShmemPmdMapped":0,"FileHugePages":0,"FilePmdMapped":0}}
probe-tune {"kind":"trial","pos":21,"rep":2,"warmup":false,"set":"defermadv","regime":"a","applied":true,"ht_apply_rc":0,"ht_writes":1,"precompact_s":null,"load_s":247.465,"classify_s":2.003,"load_exit":0,"classify_exit":0,"classify_wall_s":2.439000129699707,"teardown_s":2.0909998416900635,"wall_s":253.33599996566772,"total_s":249.46800000000002,"output_sha256":"96b6f88379a4975ee54476cacca96322f04993e187266ffefd8e6cc1b788c39e","report_sha256":"8193638bdb7415fc4f36a60fa27490e708756dba2a64d79cd7586acc78d7ca0a","pre_free_huge_frac":0.990703,"pre_free_bytes":1586140155904,"pre_buddy":[6031,19191,36917,33494,25136,17047,9945,5688,3234,4287,372506],"thp":{"enabled":"madvise","defrag":"defer+madvise","proactiveness":"20"},"vmstat_delta":{"compact_stall":0,"compact_success":0,"compact_fail":0,"compact_migrate_scanned":0,"compact_free_scanned":0,"compact_daemon_wake":0,"thp_fault_alloc":0,"thp_fault_fallback":0,"thp_file_alloc":567548,"thp_file_fallback":0},"shmem_huge_kb_after_load":1166872576,"anon_huge_kb_peak":0,"shmem_pmd_mapped_kb_peak":1161338880,"stderr_tail":"  9366399 sequences classified (88.93%)   1166511 sequences unclassified (11.07%) "}
ak2-phase	2026-10-10T00:17:06Z	1791591426	t22-b-proactive	yes
ht-apply 43 2026-10-10T00:17:06Z restore defrag defer+madvise madvise madvise restored
ak2: [2026-10-10T00:17:06Z] drop_caches done; next phase is cold
ht-apply 44 2026-10-10T00:17:06Z proactive enabled madvise - madvise kept
ht-apply 44 2026-10-10T00:17:06Z proactive defrag madvise - madvise kept
ht-apply 44 2026-10-10T00:17:06Z proactive proactiveness 20 100 100 set
ht-record {"kind":"ht","label":"pre-t22-b-proactive","t":1791591428.001649506,"enabled":"madvise","defrag":"madvise","proactiveness":"100","page_bytes":4096,"huge_order":9,"free_bytes":1585515618304,"free_huge_bytes":1571781869568,"free_huge_frac":0.991338,"buddy":[17712,25891,16790,20851,15472,15813,10148,5953,3455,4324,372580],"vmstat":{"thp_migration_success":0,"thp_migration_fail":0,"thp_migration_split":0,"compact_migrate_scanned":1160320937,"compact_free_scanned":15910376,"compact_isolated":627143,"compact_stall":0,"compact_fail":0,"compact_success":0,"compact_daemon_wake":0,"compact_daemon_migrate_scanned":273559465,"compact_daemon_free_scanned":10849833,"thp_fault_alloc":5670030,"thp_fault_fallback":0,"thp_fault_fallback_charge":0,"thp_collapse_alloc":2,"thp_collapse_alloc_failed":0,"thp_file_alloc":6250261,"thp_file_fallback":0,"thp_file_fallback_charge":0,"thp_file_mapped":6237946,"thp_split_page":4,"thp_split_page_failed":0,"thp_deferred_split_page":0,"thp_underused_split_page":0,"thp_split_pmd":0,"thp_scan_exceed_none_pte":2,"thp_scan_exceed_swap_pte":0,"thp_scan_exceed_share_pte":0,"thp_zero_page_alloc":4,"thp_zero_page_alloc_failed":0,"thp_swpout":0,"thp_swpout_fallback":0},"meminfo_kb":{"MemFree":1548351784,"AnonHugePages":0,"ShmemHugePages":5466112,"ShmemPmdMapped":0,"FileHugePages":0,"FilePmdMapped":0}}
[t22-b-proactive] ak2-timing	taxo	0.001291	0.574307	88312	5	0.016394	0.106544
[t22-b-proactive] ak2-timing	shard-load-0	0.890830	339.828054	588019	0	600.558179	593.174390
[t22-b-proactive] ak2-timing	rendezvous	342.853492	0.005958	7	2	0.000230	0.000227
[t22-b-proactive] ak2-timing	connect	342.859464	0.000003	0	0	0.000001	0.000001
[t22-b-proactive] ak2-timing	connect-control	342.859471	0.000006	0	0	0.000003	0.000004
[t22-b-proactive] ak2-timing	hash	0.575656	342.283837	590096	10	600.578107	593.178897
[t22-b-proactive] ak2-timing	setup	342.859500	0.000091	1	0	0.000046	0.000045
[t22-b-proactive] ak2-timing	classify	342.859599	2.954751	5179899	1	118.511842	10.428721
[t22-b-proactive] ak2-timing	barrier	345.863405	0.000027	0	0	0.000010	0.000000
[t22-b-proactive] ak2-timing	close	345.863455	0.000016	0	0	0.000016	0.000000
[t22-b-proactive] ak2-engine	result	sequences	10532910	bases	1945093294	classified	9366399
[t22-b-proactive] ak2-timing	report	345.863487	0.086695	114	0	0.085790	0.001204
[t22-b-proactive] ak2-engine	shard	0	n	1	lo	0	hi	297272917942	tail	0	full	true	empty_at	297272917942	keys	415804127	batches	276	probe_s	17.274341	tail_probes	0	wrap_probes	0
[t22-b-proactive] ak2-engine	mem	t_s	346.0	rss_kib	1182114160	hwm_kib	1182114160	heap_inuse	21073084416	sys	22157933568	avail_kib	360012992
[t22-b-proactive] ak2-engine	rendezvous	puts	1	gets	1
[t22-b-proactive] ak2-engine	s3	client	sdk	put	0	get	0	create_multipart	0	upload_part	0	complete_multipart	0	abort_multipart	0	part_bytes	0
[t22-b-proactive] ak2-engine	s3	client	cli	put	0	get	0	create_multipart	0	upload_part	0	complete_multipart	0	abort_multipart	0	part_bytes	0
[t22-b-proactive] ak2-engine	node	rank	0	n	1	emitter	true	blocks_cut	276	blocks_mine	276	read_s	2.332618	window_wait_s	0.372691	send_s	0.000000	sent_bytes	0	emit_wait_s	2.953175	emit_s	0.000332
[t22-b-proactive] ak2-engine	load	seconds	339.828049	requests	17737	retries	0	bytes	1189091737368
[t22-b-proactive] ak2-engine	route	transport	nodes	calls	276	keys	415804127	batches	276	route_s	4.059547	wait_s	17.314334	gather_s	1.664515
[t22-b-proactive] ak2-engine	worker	scan_s	70.654049	lookup_s	23.038593	classify_s	37.673966
[t22-b-proactive] ak2-timing	unmap	345.951892	2.245700	0	0	0.000000	2.244460
[t22-b-proactive] ak2-timing	total	0.000002	348.197642	5858479	16	719.242522	605.960747
ht-record {"kind":"ht","label":"post-t22-b-proactive","t":1791591779.751924290,"enabled":"madvise","defrag":"madvise","proactiveness":"100","page_bytes":4096,"huge_order":9,"free_bytes":1585136320512,"free_huge_bytes":1568734707712,"free_huge_frac":0.989653,"buddy":[23616,47818,44862,39198,29775,20143,11435,6187,2919,4831,371600],"vmstat":{"thp_migration_success":0,"thp_migration_fail":0,"thp_migration_split":0,"compact_migrate_scanned":1362824025,"compact_free_scanned":21856327,"compact_isolated":866036,"compact_stall":0,"compact_fail":0,"compact_success":0,"compact_daemon_wake":0,"compact_daemon_migrate_scanned":476062553,"compact_daemon_free_scanned":16795784,"thp_fault_alloc":6237033,"thp_fault_fallback":0,"thp_fault_fallback_charge":0,"thp_collapse_alloc":2,"thp_collapse_alloc_failed":0,"thp_file_alloc":6250717,"thp_file_fallback":0,"thp_file_fallback_charge":0,"thp_file_mapped":6237946,"thp_split_page":4,"thp_split_page_failed":0,"thp_deferred_split_page":0,"thp_underused_split_page":0,"thp_split_pmd":0,"thp_scan_exceed_none_pte":2,"thp_scan_exceed_swap_pte":0,"thp_scan_exceed_share_pte":0,"thp_zero_page_alloc":5,"thp_zero_page_alloc_failed":0,"thp_swpout":0,"thp_swpout_fallback":0},"meminfo_kb":{"MemFree":1547985936,"AnonHugePages":0,"ShmemHugePages":6400000,"ShmemPmdMapped":0,"FileHugePages":0,"FilePmdMapped":0}}
probe-tune {"kind":"trial","pos":22,"rep":2,"warmup":false,"set":"proactive","regime":"b","applied":true,"ht_apply_rc":0,"ht_writes":1,"precompact_s":null,"load_s":339.828054,"classify_s":2.955,"load_exit":0,"classify_exit":0,"classify_wall_s":2.955000162124634,"teardown_s":3.447999954223633,"wall_s":350.2869999408722,"total_s":342.783054,"output_sha256":"96b6f88379a4975ee54476cacca96322f04993e187266ffefd8e6cc1b788c39e","report_sha256":"8193638bdb7415fc4f36a60fa27490e708756dba2a64d79cd7586acc78d7ca0a","pre_free_huge_frac":0.991338,"pre_free_bytes":1585515618304,"pre_buddy":[17712,25891,16790,20851,15472,15813,10148,5953,3455,4324,372580],"thp":{"enabled":"madvise","defrag":"madvise","proactiveness":"100"},"vmstat_delta":{"compact_stall":0,"compact_success":0,"compact_fail":0,"compact_migrate_scanned":202503088,"compact_free_scanned":5945951,"compact_daemon_wake":0,"thp_fault_alloc":567003,"thp_fault_fallback":0,"thp_file_alloc":456,"thp_file_fallback":0},"shmem_huge_kb_after_load":null,"anon_huge_kb_peak":1161222144,"shmem_pmd_mapped_kb_peak":0,"stderr_tail":"ak2-timing\tunmap\t345.951892\t2.245700\t0\t0\t0.000000\t2.244460 ak2-timing\ttotal\t0.000002\t348.197642\t5858479\t16\t719.242522\t605.960747 "}
ak2-phase	2026-10-10T00:23:00Z	1791591780	t23-b-precompact	yes
ht-apply 45 2026-10-10T00:23:01Z restore proactiveness 100 20 20 restored
ak2: [2026-10-10T00:23:01Z] drop_caches done; next phase is cold
ht-apply 46 2026-10-10T00:23:01Z precompact enabled madvise - madvise kept
ht-apply 46 2026-10-10T00:23:01Z precompact defrag madvise - madvise kept
ht-apply 46 2026-10-10T00:23:01Z precompact proactiveness 20 - 20 kept
ht-apply 46 2026-10-10T00:23:02Z precompact precompact - 1 0.892s done
ht-record {"kind":"ht","label":"pre-t23-b-precompact","t":1791591783.484425704,"enabled":"madvise","defrag":"madvise","proactiveness":"20","page_bytes":4096,"huge_order":9,"free_bytes":1585939202048,"free_huge_bytes":1569678426112,"free_huge_frac":0.989747,"buddy":[8650,27143,42655,38387,29375,20093,11742,6333,2946,4793,371844],"vmstat":{"thp_migration_success":0,"thp_migration_fail":0,"thp_migration_split":0,"compact_migrate_scanned":1805733721,"compact_free_scanned":23572609,"compact_isolated":898528,"compact_stall":0,"compact_fail":0,"compact_success":0,"compact_daemon_wake":0,"compact_daemon_migrate_scanned":476062553,"compact_daemon_free_scanned":16795784,"thp_fault_alloc":6237033,"thp_fault_fallback":0,"thp_fault_fallback_charge":0,"thp_collapse_alloc":2,"thp_collapse_alloc_failed":0,"thp_file_alloc":6250717,"thp_file_fallback":0,"thp_file_fallback_charge":0,"thp_file_mapped":6237946,"thp_split_page":4,"thp_split_page_failed":0,"thp_deferred_split_page":0,"thp_underused_split_page":0,"thp_split_pmd":0,"thp_scan_exceed_none_pte":2,"thp_scan_exceed_swap_pte":0,"thp_scan_exceed_share_pte":0,"thp_zero_page_alloc":5,"thp_zero_page_alloc_failed":0,"thp_swpout":0,"thp_swpout_fallback":0},"meminfo_kb":{"MemFree":1548769260,"AnonHugePages":0,"ShmemHugePages":5466112,"ShmemPmdMapped":0,"FileHugePages":0,"FilePmdMapped":0}}
[t23-b-precompact] ak2-timing	taxo	0.000961	0.556475	88319	4	0.036178	0.068548
[t23-b-precompact] ak2-timing	shard-load-0	0.812791	320.329441	587958	0	566.373583	538.830576
[t23-b-precompact] ak2-timing	rendezvous	323.730295	0.006332	7	2	0.000236	0.000224
[t23-b-precompact] ak2-timing	connect	323.736641	0.000004	0	0	0.000001	0.000001
[t23-b-precompact] ak2-timing	connect-control	323.736649	0.000006	0	0	0.000003	0.000003
[t23-b-precompact] ak2-timing	hash	0.557582	323.179089	590047	10	566.378756	538.845765
[t23-b-precompact] ak2-timing	setup	323.736678	0.000078	2	0	0.000040	0.000038
[t23-b-precompact] ak2-timing	classify	323.736762	3.225176	5496089	0	114.787635	9.890001
[t23-b-precompact] ak2-timing	barrier	327.011445	0.000029	0	0	0.000009	0.000000
[t23-b-precompact] ak2-timing	close	327.011499	0.000013	0	0	0.000013	0.000000
[t23-b-precompact] ak2-engine	result	sequences	10532910	bases	1945093294	classified	9366399
[t23-b-precompact] ak2-timing	report	327.011525	0.083621	2659	0	0.067819	0.015941
[t23-b-precompact] ak2-engine	shard	0	n	1	lo	0	hi	297272917942	tail	0	full	true	empty_at	297272917942	keys	415804127	batches	276	probe_s	16.696024	tail_probes	0	wrap_probes	0
[t23-b-precompact] ak2-engine	mem	t_s	327.1	rss_kib	1183387004	hwm_kib	1183387004	heap_inuse	23159619584	sys	23490596144	avail_kib	358726156
[t23-b-precompact] ak2-engine	rendezvous	puts	1	gets	1
[t23-b-precompact] ak2-engine	s3	client	sdk	put	0	get	0	create_multipart	0	upload_part	0	complete_multipart	0	abort_multipart	0	part_bytes	0
[t23-b-precompact] ak2-engine	s3	client	cli	put	0	get	0	create_multipart	0	upload_part	0	complete_multipart	0	abort_multipart	0	part_bytes	0
[t23-b-precompact] ak2-engine	node	rank	0	n	1	emitter	true	blocks_cut	276	blocks_mine	276	read_s	2.555474	window_wait_s	0.421856	send_s	0.000000	sent_bytes	0	emit_wait_s	3.223670	emit_s	0.000415
[t23-b-precompact] ak2-engine	load	seconds	320.329435	requests	17737	retries	0	bytes	1189091737368
[t23-b-precompact] ak2-engine	route	transport	nodes	calls	276	keys	415804127	batches	276	route_s	3.751040	wait_s	16.729555	gather_s	1.704346
[t23-b-precompact] ak2-engine	worker	scan_s	67.922483	lookup_s	22.185135	classify_s	36.002670
[t23-b-precompact] ak2-timing	unmap	327.095707	2.230826	0	0	0.000000	2.230000
[t23-b-precompact] ak2-timing	total	0.000002	329.326584	6177971	14	681.320574	551.050716
ht-record {"kind":"ht","label":"post-t23-b-precompact","t":1791592116.378339715,"enabled":"madvise","defrag":"madvise","proactiveness":"20","page_bytes":4096,"huge_order":9,"free_bytes":1585301913600,"free_huge_bytes":1570443886592,"free_huge_frac":0.990628,"buddy":[12326,28135,30171,27077,20409,14755,10143,6407,3725,4544,372151],"vmstat":{"thp_migration_success":0,"thp_migration_fail":0,"thp_migration_split":0,"compact_migrate_scanned":1805733721,"compact_free_scanned":23572609,"compact_isolated":898528,"compact_stall":0,"compact_fail":0,"compact_success":0,"compact_daemon_wake":0,"compact_daemon_migrate_scanned":476062553,"compact_daemon_free_scanned":16795784,"thp_fault_alloc":6804036,"thp_fault_fallback":0,"thp_fault_fallback_charge":0,"thp_collapse_alloc":3,"thp_collapse_alloc_failed":0,"thp_file_alloc":6251173,"thp_file_fallback":0,"thp_file_fallback_charge":0,"thp_file_mapped":6237946,"thp_split_page":4,"thp_split_page_failed":0,"thp_deferred_split_page":0,"thp_underused_split_page":0,"thp_split_pmd":0,"thp_scan_exceed_none_pte":3,"thp_scan_exceed_swap_pte":0,"thp_scan_exceed_share_pte":0,"thp_zero_page_alloc":5,"thp_zero_page_alloc_failed":0,"thp_swpout":0,"thp_swpout_fallback":0},"meminfo_kb":{"MemFree":1548146904,"AnonHugePages":0,"ShmemHugePages":6400000,"ShmemPmdMapped":0,"FileHugePages":0,"FilePmdMapped":0}}
probe-tune {"kind":"trial","pos":23,"rep":2,"warmup":false,"set":"precompact","regime":"b","applied":true,"ht_apply_rc":0,"ht_writes":1,"precompact_s":0.892,"load_s":320.329441,"classify_s":3.225,"load_exit":0,"classify_exit":0,"classify_wall_s":3.2250001430511475,"teardown_s":3.4759998321533203,"wall_s":331.4630000591278,"total_s":324.446441,"output_sha256":"96b6f88379a4975ee54476cacca96322f04993e187266ffefd8e6cc1b788c39e","report_sha256":"8193638bdb7415fc4f36a60fa27490e708756dba2a64d79cd7586acc78d7ca0a","pre_free_huge_frac":0.989747,"pre_free_bytes":1585939202048,"pre_buddy":[8650,27143,42655,38387,29375,20093,11742,6333,2946,4793,371844],"thp":{"enabled":"madvise","defrag":"madvise","proactiveness":"20"},"vmstat_delta":{"compact_stall":0,"compact_success":0,"compact_fail":0,"compact_migrate_scanned":0,"compact_free_scanned":0,"compact_daemon_wake":0,"thp_fault_alloc":567003,"thp_fault_fallback":0,"thp_file_alloc":456,"thp_file_fallback":0},"shmem_huge_kb_after_load":null,"anon_huge_kb_peak":1161222144,"shmem_pmd_mapped_kb_peak":0,"stderr_tail":"ak2-timing\tunmap\t327.095707\t2.230826\t0\t0\t0.000000\t2.230000 ak2-timing\ttotal\t0.000002\t329.326584\t6177971\t14\t681.320574\t551.050716 "}
ak2-phase	2026-10-10T00:28:37Z	1791592117	t24-a-defer	yes
ak2: [2026-10-10T00:28:38Z] drop_caches done; next phase is cold
ht-apply 48 2026-10-10T00:28:38Z defer enabled madvise - madvise kept
ht-apply 48 2026-10-10T00:28:38Z defer defrag madvise defer defer set
ht-apply 48 2026-10-10T00:28:38Z defer proactiveness 20 - 20 kept
ht-record {"kind":"ht","label":"pre-t24-a-defer","t":1791592119.193700250,"enabled":"madvise","defrag":"defer","proactiveness":"20","page_bytes":4096,"huge_order":9,"free_bytes":1586080190464,"free_huge_bytes":1571377119232,"free_huge_frac":0.990730,"buddy":[10319,12573,21686,27040,20307,14745,10251,6527,3761,4455,372418],"vmstat":{"thp_migration_success":0,"thp_migration_fail":0,"thp_migration_split":0,"compact_migrate_scanned":1805733721,"compact_free_scanned":23572609,"compact_isolated":898528,"compact_stall":0,"compact_fail":0,"compact_success":0,"compact_daemon_wake":0,"compact_daemon_migrate_scanned":476062553,"compact_daemon_free_scanned":16795784,"thp_fault_alloc":6804036,"thp_fault_fallback":0,"thp_fault_fallback_charge":0,"thp_collapse_alloc":3,"thp_collapse_alloc_failed":0,"thp_file_alloc":6251173,"thp_file_fallback":0,"thp_file_fallback_charge":0,"thp_file_mapped":6237946,"thp_split_page":4,"thp_split_page_failed":0,"thp_deferred_split_page":0,"thp_underused_split_page":0,"thp_split_pmd":0,"thp_scan_exceed_none_pte":3,"thp_scan_exceed_swap_pte":0,"thp_scan_exceed_share_pte":0,"thp_zero_page_alloc":5,"thp_zero_page_alloc_failed":0,"thp_swpout":0,"thp_swpout_fallback":0},"meminfo_kb":{"MemFree":1548907008,"AnonHugePages":0,"ShmemHugePages":5466112,"ShmemPmdMapped":0,"FileHugePages":0,"FilePmdMapped":0}}
upstream-cohort: shell flags huB
ht-record {"kind":"ht","label":"load-t24-a-defer","t":1791592368.728239192,"enabled":"madvise","defrag":"defer","proactiveness":"20","page_bytes":4096,"huge_order":9,"free_bytes":396914950144,"free_huge_bytes":382440833024,"free_huge_frac":0.963533,"buddy":[10462,11031,12029,21447,19808,14691,9778,6847,3876,72,91145],"vmstat":{"thp_migration_success":0,"thp_migration_fail":0,"thp_migration_split":0,"compact_migrate_scanned":1805733721,"compact_free_scanned":23572609,"compact_isolated":898528,"compact_stall":0,"compact_fail":0,"compact_success":0,"compact_daemon_wake":0,"compact_daemon_migrate_scanned":476062553,"compact_daemon_free_scanned":16795784,"thp_fault_alloc":6804036,"thp_fault_fallback":0,"thp_fault_fallback_charge":0,"thp_collapse_alloc":3,"thp_collapse_alloc_failed":0,"thp_file_alloc":6818266,"thp_file_fallback":0,"thp_file_fallback_charge":0,"thp_file_mapped":6237946,"thp_split_page":4,"thp_split_page_failed":0,"thp_deferred_split_page":0,"thp_underused_split_page":0,"thp_split_pmd":0,"thp_scan_exceed_none_pte":3,"thp_scan_exceed_swap_pte":0,"thp_scan_exceed_share_pte":0,"thp_zero_page_alloc":5,"thp_zero_page_alloc_failed":0,"thp_swpout":0,"thp_swpout_fallback":0},"meminfo_kb":{"MemFree":387612160,"AnonHugePages":0,"ShmemHugePages":1166872576,"ShmemPmdMapped":0,"FileHugePages":0,"FilePmdMapped":0}}
upstream-cohort: shell flags huB
ht-record {"kind":"ht","label":"post-t24-a-defer","t":1791592374.702516873,"enabled":"madvise","defrag":"defer","proactiveness":"20","page_bytes":4096,"huge_order":9,"free_bytes":1583739850752,"free_huge_bytes":1570773139456,"free_huge_frac":0.991813,"buddy":[19949,13840,12808,14451,11360,8326,9778,6902,3882,4409,372297],"vmstat":{"thp_migration_success":0,"thp_migration_fail":0,"thp_migration_split":0,"compact_migrate_scanned":1805733721,"compact_free_scanned":23572609,"compact_isolated":898528,"compact_stall":0,"compact_fail":0,"compact_success":0,"compact_daemon_wake":0,"compact_daemon_migrate_scanned":476062553,"compact_daemon_free_scanned":16795784,"thp_fault_alloc":6804036,"thp_fault_fallback":0,"thp_fault_fallback_charge":0,"thp_collapse_alloc":3,"thp_collapse_alloc_failed":0,"thp_file_alloc":6818721,"thp_file_fallback":0,"thp_file_fallback_charge":0,"thp_file_mapped":6805032,"thp_split_page":4,"thp_split_page_failed":0,"thp_deferred_split_page":0,"thp_underused_split_page":0,"thp_split_pmd":0,"thp_scan_exceed_none_pte":3,"thp_scan_exceed_swap_pte":0,"thp_scan_exceed_share_pte":0,"thp_zero_page_alloc":5,"thp_zero_page_alloc_failed":0,"thp_swpout":0,"thp_swpout_fallback":0},"meminfo_kb":{"MemFree":1546619176,"AnonHugePages":0,"ShmemHugePages":6402048,"ShmemPmdMapped":0,"FileHugePages":0,"FilePmdMapped":0}}
probe-tune {"kind":"trial","pos":24,"rep":2,"warmup":false,"set":"defer","regime":"a","applied":true,"ht_apply_rc":0,"ht_writes":1,"precompact_s":null,"load_s":248.155,"classify_s":1.995,"load_exit":0,"classify_exit":0,"classify_wall_s":2.440000057220459,"teardown_s":2.0970001220703125,"wall_s":254.09899997711182,"total_s":250.15,"output_sha256":"96b6f88379a4975ee54476cacca96322f04993e187266ffefd8e6cc1b788c39e","report_sha256":"8193638bdb7415fc4f36a60fa27490e708756dba2a64d79cd7586acc78d7ca0a","pre_free_huge_frac":0.990730,"pre_free_bytes":1586080190464,"pre_buddy":[10319,12573,21686,27040,20307,14745,10251,6527,3761,4455,372418],"thp":{"enabled":"madvise","defrag":"defer","proactiveness":"20"},"vmstat_delta":{"compact_stall":0,"compact_success":0,"compact_fail":0,"compact_migrate_scanned":0,"compact_free_scanned":0,"compact_daemon_wake":0,"thp_fault_alloc":0,"thp_fault_fallback":0,"thp_file_alloc":567548,"thp_file_fallback":0},"shmem_huge_kb_after_load":1166872576,"anon_huge_kb_peak":0,"shmem_pmd_mapped_kb_peak":1161338880,"stderr_tail":"  9366399 sequences classified (88.93%)   1166511 sequences unclassified (11.07%) "}
ak2-phase	2026-10-10T00:32:55Z	1791592375	t25-b-always	yes
ht-apply 49 2026-10-10T00:32:55Z restore defrag defer madvise madvise restored
ak2: [2026-10-10T00:32:56Z] drop_caches done; next phase is cold
ht-apply 50 2026-10-10T00:32:56Z always enabled madvise - madvise kept
ht-apply 50 2026-10-10T00:32:56Z always defrag madvise always always set
ht-apply 50 2026-10-10T00:32:56Z always proactiveness 20 - 20 kept
ht-record {"kind":"ht","label":"pre-t25-b-always","t":1791592377.584107174,"enabled":"madvise","defrag":"always","proactiveness":"20","page_bytes":4096,"huge_order":9,"free_bytes":1585425506304,"free_huge_bytes":1571735732224,"free_huge_frac":0.991365,"buddy":[11496,16363,16080,18435,13436,9872,10431,6958,3895,4398,372532],"vmstat":{"thp_migration_success":0,"thp_migration_fail":0,"thp_migration_split":0,"compact_migrate_scanned":1805733721,"compact_free_scanned":23572609,"compact_isolated":898528,"compact_stall":0,"compact_fail":0,"compact_success":0,"compact_daemon_wake":0,"compact_daemon_migrate_scanned":476062553,"compact_daemon_free_scanned":16795784,"thp_fault_alloc":6804036,"thp_fault_fallback":0,"thp_fault_fallback_charge":0,"thp_collapse_alloc":3,"thp_collapse_alloc_failed":0,"thp_file_alloc":6818721,"thp_file_fallback":0,"thp_file_fallback_charge":0,"thp_file_mapped":6805032,"thp_split_page":4,"thp_split_page_failed":0,"thp_deferred_split_page":0,"thp_underused_split_page":0,"thp_split_pmd":0,"thp_scan_exceed_none_pte":3,"thp_scan_exceed_swap_pte":0,"thp_scan_exceed_share_pte":0,"thp_zero_page_alloc":5,"thp_zero_page_alloc_failed":0,"thp_swpout":0,"thp_swpout_fallback":0},"meminfo_kb":{"MemFree":1548266188,"AnonHugePages":0,"ShmemHugePages":5466112,"ShmemPmdMapped":0,"FileHugePages":0,"FilePmdMapped":0}}
[t25-b-always] ak2-timing	taxo	0.001143	0.569656	88265	4	0.021761	0.097733
[t25-b-always] ak2-timing	shard-load-0	0.863594	311.877522	588319	0	581.214413	529.958991
[t25-b-always] ak2-timing	rendezvous	314.803973	0.005256	6	2	0.000237	0.000216
[t25-b-always] ak2-timing	connect	314.809244	0.000003	0	0	0.000001	0.000002
[t25-b-always] ak2-timing	connect-control	314.809252	0.000006	0	0	0.000003	0.000003
[t25-b-always] ak2-timing	hash	0.570966	314.238309	590399	11	581.217213	529.974858
[t25-b-always] ak2-timing	setup	314.809283	0.000079	1	0	0.000041	0.000038
[t25-b-always] ak2-timing	classify	314.809371	2.988805	5205145	1	118.785235	8.170636
[t25-b-always] ak2-timing	barrier	317.847301	0.000026	0	0	0.000005	0.000004
[t25-b-always] ak2-timing	close	317.847349	0.000014	0	0	0.000008	0.000006
[t25-b-always] ak2-engine	result	sequences	10532910	bases	1945093294	classified	9366399
[t25-b-always] ak2-timing	report	317.847376	0.082786	103	0	0.083375	0.000000
[t25-b-always] ak2-engine	shard	0	n	1	lo	0	hi	297272917942	tail	0	full	true	empty_at	297272917942	keys	415804127	batches	276	probe_s	16.970978	tail_probes	0	wrap_probes	0
[t25-b-always] ak2-engine	mem	t_s	317.9	rss_kib	1182221868	hwm_kib	1182221868	heap_inuse	21295890432	sys	22285970464	avail_kib	360015528
[t25-b-always] ak2-engine	rendezvous	puts	1	gets	1
[t25-b-always] ak2-engine	s3	client	sdk	put	0	get	0	create_multipart	0	upload_part	0	complete_multipart	0	abort_multipart	0	part_bytes	0
[t25-b-always] ak2-engine	s3	client	cli	put	0	get	0	create_multipart	0	upload_part	0	complete_multipart	0	abort_multipart	0	part_bytes	0
[t25-b-always] ak2-engine	node	rank	0	n	1	emitter	true	blocks_cut	276	blocks_mine	276	read_s	2.329943	window_wait_s	0.410356	send_s	0.000000	sent_bytes	0	emit_wait_s	2.987222	emit_s	0.000404
[t25-b-always] ak2-engine	load	seconds	311.877518	requests	17737	retries	0	bytes	1189091737368
[t25-b-always] ak2-engine	route	transport	nodes	calls	276	keys	415804127	batches	276	route_s	3.553289	wait_s	16.998687	gather_s	1.661028
[t25-b-always] ak2-engine	worker	scan_s	69.449675	lookup_s	22.213201	classify_s	37.270026
[t25-b-always] ak2-timing	unmap	317.930658	2.232654	0	0	0.000000	2.233531
[t25-b-always] ak2-timing	total	0.000002	320.163366	5883972	16	700.154065	540.480692
ht-record {"kind":"ht","label":"post-t25-b-always","t":1791592701.268677169,"enabled":"madvise","defrag":"always","proactiveness":"20","page_bytes":4096,"huge_order":9,"free_bytes":1585257664512,"free_huge_bytes":1568153796608,"free_huge_frac":0.989211,"buddy":[45741,49240,46718,42312,32953,22405,11507,6298,2810,4994,371380],"vmstat":{"thp_migration_success":0,"thp_migration_fail":0,"thp_migration_split":0,"compact_migrate_scanned":1805733721,"compact_free_scanned":23572609,"compact_isolated":898528,"compact_stall":0,"compact_fail":0,"compact_success":0,"compact_daemon_wake":0,"compact_daemon_migrate_scanned":476062553,"compact_daemon_free_scanned":16795784,"thp_fault_alloc":7371039,"thp_fault_fallback":0,"thp_fault_fallback_charge":0,"thp_collapse_alloc":4,"thp_collapse_alloc_failed":0,"thp_file_alloc":6819177,"thp_file_fallback":0,"thp_file_fallback_charge":0,"thp_file_mapped":6805032,"thp_split_page":4,"thp_split_page_failed":0,"thp_deferred_split_page":0,"thp_underused_split_page":0,"thp_split_pmd":0,"thp_scan_exceed_none_pte":4,"thp_scan_exceed_swap_pte":0,"thp_scan_exceed_share_pte":0,"thp_zero_page_alloc":6,"thp_zero_page_alloc_failed":0,"thp_swpout":0,"thp_swpout_fallback":0},"meminfo_kb":{"MemFree":1548103680,"AnonHugePages":0,"ShmemHugePages":6400000,"ShmemPmdMapped":0,"FileHugePages":0,"FilePmdMapped":0}}
probe-tune {"kind":"trial","pos":25,"rep":2,"warmup":false,"set":"always","regime":"b","applied":true,"ht_apply_rc":0,"ht_writes":1,"precompact_s":null,"load_s":311.877522,"classify_s":2.989,"load_exit":0,"classify_exit":0,"classify_wall_s":2.989000082015991,"teardown_s":3.428999900817871,"wall_s":322.2519998550415,"total_s":314.866522,"output_sha256":"96b6f88379a4975ee54476cacca96322f04993e187266ffefd8e6cc1b788c39e","report_sha256":"8193638bdb7415fc4f36a60fa27490e708756dba2a64d79cd7586acc78d7ca0a","pre_free_huge_frac":0.991365,"pre_free_bytes":1585425506304,"pre_buddy":[11496,16363,16080,18435,13436,9872,10431,6958,3895,4398,372532],"thp":{"enabled":"madvise","defrag":"always","proactiveness":"20"},"vmstat_delta":{"compact_stall":0,"compact_success":0,"compact_fail":0,"compact_migrate_scanned":0,"compact_free_scanned":0,"compact_daemon_wake":0,"thp_fault_alloc":567003,"thp_fault_fallback":0,"thp_file_alloc":456,"thp_file_fallback":0},"shmem_huge_kb_after_load":null,"anon_huge_kb_peak":1161222144,"shmem_pmd_mapped_kb_peak":0,"stderr_tail":"ak2-timing\tunmap\t317.930658\t2.232654\t0\t0\t0.000000\t2.233531 ak2-timing\ttotal\t0.000002\t320.163366\t5883972\t16\t700.154065\t540.480692 "}
ak2-phase	2026-10-10T00:38:22Z	1791592702	t26-a-always	yes
ht-apply 51 2026-10-10T00:38:22Z restore defrag always madvise madvise restored
ak2: [2026-10-10T00:38:22Z] drop_caches done; next phase is cold
ht-apply 52 2026-10-10T00:38:23Z always enabled madvise - madvise kept
ht-apply 52 2026-10-10T00:38:23Z always defrag madvise always always set
ht-apply 52 2026-10-10T00:38:23Z always proactiveness 20 - 20 kept
ht-record {"kind":"ht","label":"pre-t26-a-always","t":1791592703.721828501,"enabled":"madvise","defrag":"always","proactiveness":"20","page_bytes":4096,"huge_order":9,"free_bytes":1586174832640,"free_huge_bytes":1569206566912,"free_huge_frac":0.989302,"buddy":[7685,38271,45104,41352,32165,21955,11822,6472,2910,4970,371643],"vmstat":{"thp_migration_success":0,"thp_migration_fail":0,"thp_migration_split":0,"compact_migrate_scanned":1805733721,"compact_free_scanned":23572609,"compact_isolated":898528,"compact_stall":0,"compact_fail":0,"compact_success":0,"compact_daemon_wake":0,"compact_daemon_migrate_scanned":476062553,"compact_daemon_free_scanned":16795784,"thp_fault_alloc":7371039,"thp_fault_fallback":0,"thp_fault_fallback_charge":0,"thp_collapse_alloc":4,"thp_collapse_alloc_failed":0,"thp_file_alloc":6819177,"thp_file_fallback":0,"thp_file_fallback_charge":0,"thp_file_mapped":6805032,"thp_split_page":4,"thp_split_page_failed":0,"thp_deferred_split_page":0,"thp_underused_split_page":0,"thp_split_pmd":0,"thp_scan_exceed_none_pte":4,"thp_scan_exceed_swap_pte":0,"thp_scan_exceed_share_pte":0,"thp_zero_page_alloc":6,"thp_zero_page_alloc_failed":0,"thp_swpout":0,"thp_swpout_fallback":0},"meminfo_kb":{"MemFree":1548998992,"AnonHugePages":0,"ShmemHugePages":5466112,"ShmemPmdMapped":0,"FileHugePages":0,"FilePmdMapped":0}}
upstream-cohort: shell flags huB
ht-record {"kind":"ht","label":"load-t26-a-always","t":1791592952.791323958,"enabled":"madvise","defrag":"always","proactiveness":"20","page_bytes":4096,"huge_order":9,"free_bytes":396857180160,"free_huge_bytes":380303835136,"free_huge_frac":0.958289,"buddy":[9658,10255,26278,39218,30638,21631,11717,6737,3116,59,90642],"vmstat":{"thp_migration_success":0,"thp_migration_fail":0,"thp_migration_split":0,"compact_migrate_scanned":1805733721,"compact_free_scanned":23572609,"compact_isolated":898528,"compact_stall":0,"compact_fail":0,"compact_success":0,"compact_daemon_wake":0,"compact_daemon_migrate_scanned":476062553,"compact_daemon_free_scanned":16795784,"thp_fault_alloc":7371039,"thp_fault_fallback":0,"thp_fault_fallback_charge":0,"thp_collapse_alloc":4,"thp_collapse_alloc_failed":0,"thp_file_alloc":7386270,"thp_file_fallback":0,"thp_file_fallback_charge":0,"thp_file_mapped":6805032,"thp_split_page":4,"thp_split_page_failed":0,"thp_deferred_split_page":0,"thp_underused_split_page":0,"thp_split_pmd":0,"thp_scan_exceed_none_pte":4,"thp_scan_exceed_swap_pte":0,"thp_scan_exceed_share_pte":0,"thp_zero_page_alloc":6,"thp_zero_page_alloc_failed":0,"thp_swpout":0,"thp_swpout_fallback":0},"meminfo_kb":{"MemFree":387555908,"AnonHugePages":0,"ShmemHugePages":1166872576,"ShmemPmdMapped":0,"FileHugePages":0,"FilePmdMapped":0}}
upstream-cohort: shell flags huB
ht-record {"kind":"ht","label":"post-t26-a-always","t":1791592958.745387386,"enabled":"madvise","defrag":"always","proactiveness":"20","page_bytes":4096,"huge_order":9,"free_bytes":1583794724864,"free_huge_bytes":1568619364352,"free_huge_frac":0.990418,"buddy":[23382,16256,18643,19941,18959,21623,11729,6771,3134,4904,371536],"vmstat":{"thp_migration_success":0,"thp_migration_fail":0,"thp_migration_split":0,"compact_migrate_scanned":1805733721,"compact_free_scanned":23572609,"compact_isolated":898528,"compact_stall":0,"compact_fail":0,"compact_success":0,"compact_daemon_wake":0,"compact_daemon_migrate_scanned":476062553,"compact_daemon_free_scanned":16795784,"thp_fault_alloc":7371039,"thp_fault_fallback":0,"thp_fault_fallback_charge":0,"thp_collapse_alloc":4,"thp_collapse_alloc_failed":0,"thp_file_alloc":7386725,"thp_file_fallback":0,"thp_file_fallback_charge":0,"thp_file_mapped":7372118,"thp_split_page":4,"thp_split_page_failed":0,"thp_deferred_split_page":0,"thp_underused_split_page":0,"thp_split_pmd":0,"thp_scan_exceed_none_pte":4,"thp_scan_exceed_swap_pte":0,"thp_scan_exceed_share_pte":0,"thp_zero_page_alloc":6,"thp_zero_page_alloc_failed":0,"thp_swpout":0,"thp_swpout_fallback":0},"meminfo_kb":{"MemFree":1546674076,"AnonHugePages":0,"ShmemHugePages":6402048,"ShmemPmdMapped":0,"FileHugePages":0,"FilePmdMapped":0}}
probe-tune {"kind":"trial","pos":26,"rep":2,"warmup":false,"set":"always","regime":"a","applied":true,"ht_apply_rc":0,"ht_writes":1,"precompact_s":null,"load_s":247.647,"classify_s":2.007,"load_exit":0,"classify_exit":0,"classify_wall_s":2.4519999027252197,"teardown_s":2.0869998931884766,"wall_s":253.58200001716614,"total_s":249.654,"output_sha256":"96b6f88379a4975ee54476cacca96322f04993e187266ffefd8e6cc1b788c39e","report_sha256":"8193638bdb7415fc4f36a60fa27490e708756dba2a64d79cd7586acc78d7ca0a","pre_free_huge_frac":0.989302,"pre_free_bytes":1586174832640,"pre_buddy":[7685,38271,45104,41352,32165,21955,11822,6472,2910,4970,371643],"thp":{"enabled":"madvise","defrag":"always","proactiveness":"20"},"vmstat_delta":{"compact_stall":0,"compact_success":0,"compact_fail":0,"compact_migrate_scanned":0,"compact_free_scanned":0,"compact_daemon_wake":0,"thp_fault_alloc":0,"thp_fault_fallback":0,"thp_file_alloc":567548,"thp_file_fallback":0},"shmem_huge_kb_after_load":1166872576,"anon_huge_kb_peak":0,"shmem_pmd_mapped_kb_peak":1161338880,"stderr_tail":"  9366399 sequences classified (88.93%)   1166511 sequences unclassified (11.07%) "}
ak2-phase	2026-10-10T00:42:39Z	1791592959	t27-a-defer	yes
ht-apply 53 2026-10-10T00:42:40Z restore defrag always madvise madvise restored
ak2: [2026-10-10T00:42:40Z] drop_caches done; next phase is cold
ht-apply 54 2026-10-10T00:42:40Z defer enabled madvise - madvise kept
ht-apply 54 2026-10-10T00:42:40Z defer defrag madvise defer defer set
ht-apply 54 2026-10-10T00:42:40Z defer proactiveness 20 - 20 kept
ht-record {"kind":"ht","label":"pre-t27-a-defer","t":1791592961.686365981,"enabled":"madvise","defrag":"defer","proactiveness":"20","page_bytes":4096,"huge_order":9,"free_bytes":1585521266688,"free_huge_bytes":1569609220096,"free_huge_frac":0.989964,"buddy":[11565,24842,26174,25046,22090,21579,12344,6834,3163,4916,371766],"vmstat":{"thp_migration_success":0,"thp_migration_fail":0,"thp_migration_split":0,"compact_migrate_scanned":1805733721,"compact_free_scanned":23572609,"compact_isolated":898528,"compact_stall":0,"compact_fail":0,"compact_success":0,"compact_daemon_wake":0,"compact_daemon_migrate_scanned":476062553,"compact_daemon_free_scanned":16795784,"thp_fault_alloc":7371039,"thp_fault_fallback":0,"thp_fault_fallback_charge":0,"thp_collapse_alloc":4,"thp_collapse_alloc_failed":0,"thp_file_alloc":7386725,"thp_file_fallback":0,"thp_file_fallback_charge":0,"thp_file_mapped":7372118,"thp_split_page":4,"thp_split_page_failed":0,"thp_deferred_split_page":0,"thp_underused_split_page":0,"thp_split_pmd":0,"thp_scan_exceed_none_pte":4,"thp_scan_exceed_swap_pte":0,"thp_scan_exceed_share_pte":0,"thp_zero_page_alloc":6,"thp_zero_page_alloc_failed":0,"thp_swpout":0,"thp_swpout_fallback":0},"meminfo_kb":{"MemFree":1548358944,"AnonHugePages":0,"ShmemHugePages":5466112,"ShmemPmdMapped":0,"FileHugePages":0,"FilePmdMapped":0}}
upstream-cohort: shell flags huB
ht-record {"kind":"ht","label":"load-t27-a-defer","t":1791593206.024546085,"enabled":"madvise","defrag":"defer","proactiveness":"20","page_bytes":4096,"huge_order":9,"free_bytes":396769976320,"free_huge_bytes":380465315840,"free_huge_frac":0.958907,"buddy":[13932,9777,31134,33434,26428,21252,11712,6892,3205,70,90675],"vmstat":{"thp_migration_success":0,"thp_migration_fail":0,"thp_migration_split":0,"compact_migrate_scanned":1805733721,"compact_free_scanned":23572609,"compact_isolated":898528,"compact_stall":0,"compact_fail":0,"compact_success":0,"compact_daemon_wake":0,"compact_daemon_migrate_scanned":476062553,"compact_daemon_free_scanned":16795784,"thp_fault_alloc":7371039,"thp_fault_fallback":0,"thp_fault_fallback_charge":0,"thp_collapse_alloc":4,"thp_collapse_alloc_failed":0,"thp_file_alloc":7953818,"thp_file_fallback":0,"thp_file_fallback_charge":0,"thp_file_mapped":7372118,"thp_split_page":4,"thp_split_page_failed":0,"thp_deferred_split_page":0,"thp_underused_split_page":0,"thp_split_pmd":0,"thp_scan_exceed_none_pte":4,"thp_scan_exceed_swap_pte":0,"thp_scan_exceed_share_pte":0,"thp_zero_page_alloc":6,"thp_zero_page_alloc_failed":0,"thp_swpout":0,"thp_swpout_fallback":0},"meminfo_kb":{"MemFree":387470968,"AnonHugePages":0,"ShmemHugePages":1166872576,"ShmemPmdMapped":0,"FileHugePages":0,"FilePmdMapped":0}}
upstream-cohort: shell flags huB
ht-record {"kind":"ht","label":"post-t27-a-defer","t":1791593211.965236220,"enabled":"madvise","defrag":"defer","proactiveness":"20","page_bytes":4096,"huge_order":9,"free_bytes":1583854637056,"free_huge_bytes":1568757776384,"free_huge_frac":0.990468,"buddy":[16803,14123,19519,19867,16857,21241,11714,6901,3208,4886,371578],"vmstat":{"thp_migration_success":0,"thp_migration_fail":0,"thp_migration_split":0,"compact_migrate_scanned":1805733721,"compact_free_scanned":23572609,"compact_isolated":898528,"compact_stall":0,"compact_fail":0,"compact_success":0,"compact_daemon_wake":0,"compact_daemon_migrate_scanned":476062553,"compact_daemon_free_scanned":16795784,"thp_fault_alloc":7371039,"thp_fault_fallback":0,"thp_fault_fallback_charge":0,"thp_collapse_alloc":4,"thp_collapse_alloc_failed":0,"thp_file_alloc":7954273,"thp_file_fallback":0,"thp_file_fallback_charge":0,"thp_file_mapped":7939204,"thp_split_page":4,"thp_split_page_failed":0,"thp_deferred_split_page":0,"thp_underused_split_page":0,"thp_split_pmd":0,"thp_scan_exceed_none_pte":4,"thp_scan_exceed_swap_pte":0,"thp_scan_exceed_share_pte":0,"thp_zero_page_alloc":6,"thp_zero_page_alloc_failed":0,"thp_swpout":0,"thp_swpout_fallback":0},"meminfo_kb":{"MemFree":1546733344,"AnonHugePages":0,"ShmemHugePages":6402048,"ShmemPmdMapped":0,"FileHugePages":0,"FilePmdMapped":0}}
probe-tune {"kind":"trial","pos":27,"rep":3,"warmup":false,"set":"defer","regime":"a","applied":true,"ht_apply_rc":0,"ht_writes":1,"precompact_s":null,"load_s":242.950,"classify_s":2.013,"load_exit":0,"classify_exit":0,"classify_wall_s":2.4539999961853027,"teardown_s":2.0859999656677246,"wall_s":248.85999989509583,"total_s":244.963,"output_sha256":"96b6f88379a4975ee54476cacca96322f04993e187266ffefd8e6cc1b788c39e","report_sha256":"8193638bdb7415fc4f36a60fa27490e708756dba2a64d79cd7586acc78d7ca0a","pre_free_huge_frac":0.989964,"pre_free_bytes":1585521266688,"pre_buddy":[11565,24842,26174,25046,22090,21579,12344,6834,3163,4916,371766],"thp":{"enabled":"madvise","defrag":"defer","proactiveness":"20"},"vmstat_delta":{"compact_stall":0,"compact_success":0,"compact_fail":0,"compact_migrate_scanned":0,"compact_free_scanned":0,"compact_daemon_wake":0,"thp_fault_alloc":0,"thp_fault_fallback":0,"thp_file_alloc":567548,"thp_file_fallback":0},"shmem_huge_kb_after_load":1166872576,"anon_huge_kb_peak":0,"shmem_pmd_mapped_kb_peak":1161390080,"stderr_tail":"  9366399 sequences classified (88.93%)   1166511 sequences unclassified (11.07%) "}
ak2-phase	2026-10-10T00:46:53Z	1791593213	t28-b-precompact	yes
ht-apply 55 2026-10-10T00:46:53Z restore defrag defer madvise madvise restored
ak2: [2026-10-10T00:46:53Z] drop_caches done; next phase is cold
ht-apply 56 2026-10-10T00:46:53Z precompact enabled madvise - madvise kept
ht-apply 56 2026-10-10T00:46:53Z precompact defrag madvise - madvise kept
ht-apply 56 2026-10-10T00:46:53Z precompact proactiveness 20 - 20 kept
ht-apply 56 2026-10-10T00:46:54Z precompact precompact - 1 0.885s done
ht-record {"kind":"ht","label":"pre-t28-b-precompact","t":1791593215.628764566,"enabled":"madvise","defrag":"madvise","proactiveness":"20","page_bytes":4096,"huge_order":9,"free_bytes":1585585922048,"free_huge_bytes":1569732952064,"free_huge_frac":0.990002,"buddy":[23362,21426,26817,24441,20296,21133,12346,6911,3225,4889,371809],"vmstat":{"thp_migration_success":0,"thp_migration_fail":0,"thp_migration_split":0,"compact_migrate_scanned":2248654681,"compact_free_scanned":25283811,"compact_isolated":918953,"compact_stall":0,"compact_fail":0,"compact_success":0,"compact_daemon_wake":0,"compact_daemon_migrate_scanned":476062553,"compact_daemon_free_scanned":16795784,"thp_fault_alloc":7371039,"thp_fault_fallback":0,"thp_fault_fallback_charge":0,"thp_collapse_alloc":4,"thp_collapse_alloc_failed":0,"thp_file_alloc":7954273,"thp_file_fallback":0,"thp_file_fallback_charge":0,"thp_file_mapped":7939204,"thp_split_page":4,"thp_split_page_failed":0,"thp_deferred_split_page":0,"thp_underused_split_page":0,"thp_split_pmd":0,"thp_scan_exceed_none_pte":4,"thp_scan_exceed_swap_pte":0,"thp_scan_exceed_share_pte":0,"thp_zero_page_alloc":6,"thp_zero_page_alloc_failed":0,"thp_swpout":0,"thp_swpout_fallback":0},"meminfo_kb":{"MemFree":1548422424,"AnonHugePages":0,"ShmemHugePages":5466112,"ShmemPmdMapped":0,"FileHugePages":0,"FilePmdMapped":0}}
[t28-b-precompact] ak2-timing	taxo	0.001217	0.568367	88202	5	0.032333	0.093115
[t28-b-precompact] ak2-timing	shard-load-0	0.882459	299.382480	587367	0	535.280163	496.295235
[t28-b-precompact] ak2-timing	rendezvous	302.031710	0.005532	4	2	0.000236	0.000219
[t28-b-precompact] ak2-timing	connect	302.037257	0.000005	0	0	0.000001	0.000001
[t28-b-precompact] ak2-timing	connect-control	302.037267	0.000007	0	0	0.000003	0.000003
[t28-b-precompact] ak2-timing	hash	0.569713	301.467577	589507	14	535.283276	496.310680
[t28-b-precompact] ak2-timing	setup	302.037297	0.000090	6	0	0.000046	0.000043
[t28-b-precompact] ak2-timing	classify	302.037395	3.073284	5713242	1	115.394779	9.768467
[t28-b-precompact] ak2-timing	barrier	305.160032	0.000025	0	0	0.000010	0.000000
[t28-b-precompact] ak2-timing	close	305.160076	0.000013	0	0	0.000014	0.000000
[t28-b-precompact] ak2-engine	result	sequences	10532910	bases	1945093294	classified	9366399
[t28-b-precompact] ak2-timing	report	305.160102	0.083011	90	0	0.083165	0.000000
[t28-b-precompact] ak2-engine	shard	0	n	1	lo	0	hi	297272917942	tail	0	full	true	empty_at	297272917942	keys	415804127	batches	276	probe_s	16.833119	tail_probes	0	wrap_probes	0
[t28-b-precompact] ak2-engine	mem	t_s	305.2	rss_kib	1184253324	hwm_kib	1184253324	heap_inuse	18889539584	sys	24298610160	avail_kib	357869576
[t28-b-precompact] ak2-engine	rendezvous	puts	1	gets	1
[t28-b-precompact] ak2-engine	s3	client	sdk	put	0	get	0	create_multipart	0	upload_part	0	complete_multipart	0	abort_multipart	0	part_bytes	0
[t28-b-precompact] ak2-engine	s3	client	cli	put	0	get	0	create_multipart	0	upload_part	0	complete_multipart	0	abort_multipart	0	part_bytes	0
[t28-b-precompact] ak2-engine	node	rank	0	n	1	emitter	true	blocks_cut	276	blocks_mine	276	read_s	2.549191	window_wait_s	0.275854	send_s	0.000000	sent_bytes	0	emit_wait_s	3.071859	emit_s	0.000326
[t28-b-precompact] ak2-engine	load	seconds	299.382476	requests	17737	retries	0	bytes	1189091737368
[t28-b-precompact] ak2-engine	route	transport	nodes	calls	276	keys	415804127	batches	276	route_s	3.985122	wait_s	16.858590	gather_s	1.763887
[t28-b-precompact] ak2-engine	worker	scan_s	67.068141	lookup_s	22.607815	classify_s	37.313433
[t28-b-precompact] ak2-timing	unmap	305.243609	2.213132	1	0	0.000000	2.214983
[t28-b-precompact] ak2-timing	total	0.000002	307.456781	6391127	20	650.843764	508.387436
ht-record {"kind":"ht","label":"post-t28-b-precompact","t":1791593526.765091081,"enabled":"madvise","defrag":"madvise","proactiveness":"20","page_bytes":4096,"huge_order":9,"free_bytes":1585231544320,"free_huge_bytes":1568470466560,"free_huge_frac":0.989427,"buddy":[39770,42901,41878,37650,28755,19988,11758,6342,3257,4937,371484],"vmstat":{"thp_migration_success":0,"thp_migration_fail":0,"thp_migration_split":0,"compact_migrate_scanned":2248654681,"compact_free_scanned":25283811,"compact_isolated":918953,"compact_stall":0,"compact_fail":0,"compact_success":0,"compact_daemon_wake":0,"compact_daemon_migrate_scanned":476062553,"compact_daemon_free_scanned":16795784,"thp_fault_alloc":7938042,"thp_fault_fallback":0,"thp_fault_fallback_charge":0,"thp_collapse_alloc":4,"thp_collapse_alloc_failed":0,"thp_file_alloc":7954729,"thp_file_fallback":0,"thp_file_fallback_charge":0,"thp_file_mapped":7939204,"thp_split_page":4,"thp_split_page_failed":0,"thp_deferred_split_page":0,"thp_underused_split_page":0,"thp_split_pmd":0,"thp_scan_exceed_none_pte":4,"thp_scan_exceed_swap_pte":0,"thp_scan_exceed_share_pte":0,"thp_zero_page_alloc":7,"thp_zero_page_alloc_failed":0,"thp_swpout":0,"thp_swpout_fallback":0},"meminfo_kb":{"MemFree":1548078436,"AnonHugePages":0,"ShmemHugePages":6400000,"ShmemPmdMapped":0,"FileHugePages":0,"FilePmdMapped":0}}
probe-tune {"kind":"trial","pos":28,"rep":3,"warmup":false,"set":"precompact","regime":"b","applied":true,"ht_apply_rc":0,"ht_writes":1,"precompact_s":0.885,"load_s":299.382480,"classify_s":3.073,"load_exit":0,"classify_exit":0,"classify_wall_s":3.072999954223633,"teardown_s":3.5199999809265137,"wall_s":309.6569998264313,"total_s":303.34047999999996,"output_sha256":"96b6f88379a4975ee54476cacca96322f04993e187266ffefd8e6cc1b788c39e","report_sha256":"8193638bdb7415fc4f36a60fa27490e708756dba2a64d79cd7586acc78d7ca0a","pre_free_huge_frac":0.990002,"pre_free_bytes":1585585922048,"pre_buddy":[23362,21426,26817,24441,20296,21133,12346,6911,3225,4889,371809],"thp":{"enabled":"madvise","defrag":"madvise","proactiveness":"20"},"vmstat_delta":{"compact_stall":0,"compact_success":0,"compact_fail":0,"compact_migrate_scanned":0,"compact_free_scanned":0,"compact_daemon_wake":0,"thp_fault_alloc":567003,"thp_fault_fallback":0,"thp_file_alloc":456,"thp_file_fallback":0},"shmem_huge_kb_after_load":null,"anon_huge_kb_peak":1161222144,"shmem_pmd_mapped_kb_peak":0,"stderr_tail":"ak2-timing\tunmap\t305.243609\t2.213132\t1\t0\t0.000000\t2.214983 ak2-timing\ttotal\t0.000002\t307.456781\t6391127\t20\t650.843764\t508.387436 "}
ak2-phase	2026-10-10T00:52:07Z	1791593527	t29-b-proactive	yes
ak2: [2026-10-10T00:52:08Z] drop_caches done; next phase is cold
ht-apply 58 2026-10-10T00:52:08Z proactive enabled madvise - madvise kept
ht-apply 58 2026-10-10T00:52:08Z proactive defrag madvise - madvise kept
ht-apply 58 2026-10-10T00:52:08Z proactive proactiveness 20 100 100 set
ht-record {"kind":"ht","label":"pre-t29-b-proactive","t":1791593529.636822835,"enabled":"madvise","defrag":"madvise","proactiveness":"100","page_bytes":4096,"huge_order":9,"free_bytes":1585986703360,"free_huge_bytes":1569240121344,"free_huge_frac":0.989441,"buddy":[12867,33857,40735,37411,28637,20077,12058,6507,3283,4910,371681],"vmstat":{"thp_migration_success":0,"thp_migration_fail":0,"thp_migration_split":0,"compact_migrate_scanned":2248654681,"compact_free_scanned":25283811,"compact_isolated":918953,"compact_stall":0,"compact_fail":0,"compact_success":0,"compact_daemon_wake":0,"compact_daemon_migrate_scanned":476062553,"compact_daemon_free_scanned":16795784,"thp_fault_alloc":7938042,"thp_fault_fallback":0,"thp_fault_fallback_charge":0,"thp_collapse_alloc":4,"thp_collapse_alloc_failed":0,"thp_file_alloc":7954729,"thp_file_fallback":0,"thp_file_fallback_charge":0,"thp_file_mapped":7939204,"thp_split_page":4,"thp_split_page_failed":0,"thp_deferred_split_page":0,"thp_underused_split_page":0,"thp_split_pmd":0,"thp_scan_exceed_none_pte":4,"thp_scan_exceed_swap_pte":0,"thp_scan_exceed_share_pte":0,"thp_zero_page_alloc":7,"thp_zero_page_alloc_failed":0,"thp_swpout":0,"thp_swpout_fallback":0},"meminfo_kb":{"MemFree":1548815504,"AnonHugePages":0,"ShmemHugePages":5466112,"ShmemPmdMapped":0,"FileHugePages":0,"FilePmdMapped":0}}
[t29-b-proactive] ak2-timing	taxo	0.001276	0.551458	88201	3	0.020262	0.086460
[t29-b-proactive] ak2-timing	shard-load-0	0.802443	304.671343	589290	1	589.536522	560.553783
[t29-b-proactive] ak2-timing	rendezvous	307.402382	0.004790	8	2	0.000235	0.000223
[t29-b-proactive] ak2-timing	connect	307.407186	0.000003	0	0	0.000001	0.000001
[t29-b-proactive] ak2-timing	connect-control	307.407194	0.000006	0	0	0.000003	0.000003
[t29-b-proactive] ak2-timing	hash	0.552879	306.854338	591456	14	589.546984	560.561915
[t29-b-proactive] ak2-timing	setup	307.407224	0.000098	2	0	0.000051	0.000049
[t29-b-proactive] ak2-timing	classify	307.407330	3.224232	5499439	1	117.308115	10.227864
[t29-b-proactive] ak2-timing	barrier	310.681831	0.000025	0	0	0.000010	0.000000
[t29-b-proactive] ak2-timing	close	310.681880	0.000015	0	0	0.000015	0.000000
[t29-b-proactive] ak2-engine	result	sequences	10532910	bases	1945093294	classified	9366399
[t29-b-proactive] ak2-timing	report	310.681909	0.084538	2645	0	0.084318	0.000645
[t29-b-proactive] ak2-engine	shard	0	n	1	lo	0	hi	297272917942	tail	0	full	true	empty_at	297272917942	keys	415804127	batches	276	probe_s	17.115392	tail_probes	0	wrap_probes	0
[t29-b-proactive] ak2-engine	mem	t_s	310.8	rss_kib	1183414548	hwm_kib	1183414552	heap_inuse	23184662528	sys	23511457072	avail_kib	358764448
[t29-b-proactive] ak2-engine	rendezvous	puts	1	gets	1
[t29-b-proactive] ak2-engine	s3	client	sdk	put	0	get	0	create_multipart	0	upload_part	0	complete_multipart	0	abort_multipart	0	part_bytes	0
[t29-b-proactive] ak2-engine	s3	client	cli	put	0	get	0	create_multipart	0	upload_part	0	complete_multipart	0	abort_multipart	0	part_bytes	0
[t29-b-proactive] ak2-engine	node	rank	0	n	1	emitter	true	blocks_cut	276	blocks_mine	276	read_s	2.498762	window_wait_s	0.476385	send_s	0.000000	sent_bytes	0	emit_wait_s	3.222744	emit_s	0.000405
[t29-b-proactive] ak2-engine	load	seconds	304.671338	requests	17737	retries	0	bytes	1189091737368
[t29-b-proactive] ak2-engine	route	transport	nodes	calls	276	keys	415804127	batches	276	route_s	3.479000	wait_s	17.177636	gather_s	1.790762
[t29-b-proactive] ak2-engine	worker	scan_s	69.659146	lookup_s	22.447581	classify_s	36.449297
[t29-b-proactive] ak2-timing	unmap	310.766990	2.235799	0	0	0.000000	2.234578
[t29-b-proactive] ak2-timing	total	0.000002	313.002836	6182594	18	707.010638	573.112064
ht-record {"kind":"ht","label":"post-t29-b-proactive","t":1791593846.194151295,"enabled":"madvise","defrag":"madvise","proactiveness":"100","page_bytes":4096,"huge_order":9,"free_bytes":1585166729216,"free_huge_bytes":1570873802752,"free_huge_frac":0.990983,"buddy":[33066,33261,33124,28239,20350,13791,8728,5544,3892,4671,372190],"vmstat":{"thp_migration_success":0,"thp_migration_fail":0,"thp_migration_split":0,"compact_migrate_scanned":2686262105,"compact_free_scanned":35192324,"compact_isolated":1251688,"compact_stall":0,"compact_fail":0,"compact_success":0,"compact_daemon_wake":0,"compact_daemon_migrate_scanned":913669977,"compact_daemon_free_scanned":26704297,"thp_fault_alloc":8505045,"thp_fault_fallback":0,"thp_fault_fallback_charge":0,"thp_collapse_alloc":4,"thp_collapse_alloc_failed":0,"thp_file_alloc":7955185,"thp_file_fallback":0,"thp_file_fallback_charge":0,"thp_file_mapped":7939204,"thp_split_page":4,"thp_split_page_failed":0,"thp_deferred_split_page":0,"thp_underused_split_page":0,"thp_split_pmd":0,"thp_scan_exceed_none_pte":4,"thp_scan_exceed_swap_pte":0,"thp_scan_exceed_share_pte":0,"thp_zero_page_alloc":7,"thp_zero_page_alloc_failed":0,"thp_swpout":0,"thp_swpout_fallback":0},"meminfo_kb":{"MemFree":1548014524,"AnonHugePages":0,"ShmemHugePages":6400000,"ShmemPmdMapped":0,"FileHugePages":0,"FilePmdMapped":0}}
probe-tune {"kind":"trial","pos":29,"rep":3,"warmup":false,"set":"proactive","regime":"b","applied":true,"ht_apply_rc":0,"ht_writes":1,"precompact_s":null,"load_s":304.671343,"classify_s":3.224,"load_exit":0,"classify_exit":0,"classify_wall_s":3.2239999771118164,"teardown_s":3.4639999866485596,"wall_s":315.12199997901917,"total_s":307.89534299999997,"output_sha256":"96b6f88379a4975ee54476cacca96322f04993e187266ffefd8e6cc1b788c39e","report_sha256":"8193638bdb7415fc4f36a60fa27490e708756dba2a64d79cd7586acc78d7ca0a","pre_free_huge_frac":0.989441,"pre_free_bytes":1585986703360,"pre_buddy":[12867,33857,40735,37411,28637,20077,12058,6507,3283,4910,371681],"thp":{"enabled":"madvise","defrag":"madvise","proactiveness":"100"},"vmstat_delta":{"compact_stall":0,"compact_success":0,"compact_fail":0,"compact_migrate_scanned":437607424,"compact_free_scanned":9908513,"compact_daemon_wake":0,"thp_fault_alloc":567003,"thp_fault_fallback":0,"thp_file_alloc":456,"thp_file_fallback":0},"shmem_huge_kb_after_load":null,"anon_huge_kb_peak":1161222144,"shmem_pmd_mapped_kb_peak":0,"stderr_tail":"ak2-timing\tunmap\t310.766990\t2.235799\t0\t0\t0.000000\t2.234578 ak2-timing\ttotal\t0.000002\t313.002836\t6182594\t18\t707.010638\t573.112064 "}
ak2-phase	2026-10-10T00:57:27Z	1791593847	t30-a-always	yes
ht-apply 59 2026-10-10T00:57:27Z restore proactiveness 100 20 20 restored
ak2: [2026-10-10T00:57:27Z] drop_caches done; next phase is cold
ht-apply 60 2026-10-10T00:57:27Z always enabled madvise - madvise kept
ht-apply 60 2026-10-10T00:57:28Z always defrag madvise always always set
ht-apply 60 2026-10-10T00:57:28Z always proactiveness 20 - 20 kept
ht-record {"kind":"ht","label":"pre-t30-a-always","t":1791593849.082103856,"enabled":"madvise","defrag":"always","proactiveness":"20","page_bytes":4096,"huge_order":9,"free_bytes":1586174152704,"free_huge_bytes":1572138385408,"free_huge_frac":0.991151,"buddy":[10789,19204,30774,27497,20032,13860,8985,5533,3856,4466,372594],"vmstat":{"thp_migration_success":0,"thp_migration_fail":0,"thp_migration_split":0,"compact_migrate_scanned":2686262105,"compact_free_scanned":35192324,"compact_isolated":1251688,"compact_stall":0,"compact_fail":0,"compact_success":0,"compact_daemon_wake":0,"compact_daemon_migrate_scanned":913669977,"compact_daemon_free_scanned":26704297,"thp_fault_alloc":8505045,"thp_fault_fallback":0,"thp_fault_fallback_charge":0,"thp_collapse_alloc":4,"thp_collapse_alloc_failed":0,"thp_file_alloc":7955185,"thp_file_fallback":0,"thp_file_fallback_charge":0,"thp_file_mapped":7939204,"thp_split_page":4,"thp_split_page_failed":0,"thp_deferred_split_page":0,"thp_underused_split_page":0,"thp_split_pmd":0,"thp_scan_exceed_none_pte":4,"thp_scan_exceed_swap_pte":0,"thp_scan_exceed_share_pte":0,"thp_zero_page_alloc":7,"thp_zero_page_alloc_failed":0,"thp_swpout":0,"thp_swpout_fallback":0},"meminfo_kb":{"MemFree":1548998440,"AnonHugePages":0,"ShmemHugePages":5466112,"ShmemPmdMapped":0,"FileHugePages":0,"FilePmdMapped":0}}
upstream-cohort: shell flags huB
ht-record {"kind":"ht","label":"load-t30-a-always","t":1791594094.066912467,"enabled":"madvise","defrag":"always","proactiveness":"20","page_bytes":4096,"huge_order":9,"free_bytes":396951097344,"free_huge_bytes":383460048896,"free_huge_frac":0.966013,"buddy":[12543,13673,11576,22056,19658,13666,8389,5758,3927,54,91397],"vmstat":{"thp_migration_success":0,"thp_migration_fail":0,"thp_migration_split":0,"compact_migrate_scanned":2686262105,"compact_free_scanned":35192324,"compact_isolated":1251688,"compact_stall":0,"compact_fail":0,"compact_success":0,"compact_daemon_wake":0,"compact_daemon_migrate_scanned":913669977,"compact_daemon_free_scanned":26704297,"thp_fault_alloc":8505045,"thp_fault_fallback":0,"thp_fault_fallback_charge":0,"thp_collapse_alloc":4,"thp_collapse_alloc_failed":0,"thp_file_alloc":8522278,"thp_file_fallback":0,"thp_file_fallback_charge":0,"thp_file_mapped":7939204,"thp_split_page":4,"thp_split_page_failed":0,"thp_deferred_split_page":0,"thp_underused_split_page":0,"thp_split_pmd":0,"thp_scan_exceed_none_pte":4,"thp_scan_exceed_swap_pte":0,"thp_scan_exceed_share_pte":0,"thp_zero_page_alloc":7,"thp_zero_page_alloc_failed":0,"thp_swpout":0,"thp_swpout_fallback":0},"meminfo_kb":{"MemFree":387645756,"AnonHugePages":0,"ShmemHugePages":1166872576,"ShmemPmdMapped":0,"FileHugePages":0,"FilePmdMapped":0}}
upstream-cohort: shell flags huB
ht-record {"kind":"ht","label":"post-t30-a-always","t":1791594100.029941805,"enabled":"madvise","defrag":"always","proactiveness":"20","page_bytes":4096,"huge_order":9,"free_bytes":1583850471424,"free_huge_bytes":1571744120832,"free_huge_frac":0.992356,"buddy":[10358,17093,14625,15472,11280,8310,8233,5815,3950,4338,372564],"vmstat":{"thp_migration_success":0,"thp_migration_fail":0,"thp_migration_split":0,"compact_migrate_scanned":2686262105,"compact_free_scanned":35192324,"compact_isolated":1251688,"compact_stall":0,"compact_fail":0,"compact_success":0,"compact_daemon_wake":0,"compact_daemon_migrate_scanned":913669977,"compact_daemon_free_scanned":26704297,"thp_fault_alloc":8505045,"thp_fault_fallback":0,"thp_fault_fallback_charge":0,"thp_collapse_alloc":4,"thp_collapse_alloc_failed":0,"thp_file_alloc":8522733,"thp_file_fallback":0,"thp_file_fallback_charge":0,"thp_file_mapped":8506290,"thp_split_page":4,"thp_split_page_failed":0,"thp_deferred_split_page":0,"thp_underused_split_page":0,"thp_split_pmd":0,"thp_scan_exceed_none_pte":4,"thp_scan_exceed_swap_pte":0,"thp_scan_exceed_share_pte":0,"thp_zero_page_alloc":7,"thp_zero_page_alloc_failed":0,"thp_swpout":0,"thp_swpout_fallback":0},"meminfo_kb":{"MemFree":1546729048,"AnonHugePages":0,"ShmemHugePages":6402048,"ShmemPmdMapped":0,"FileHugePages":0,"FilePmdMapped":0}}
probe-tune {"kind":"trial","pos":30,"rep":3,"warmup":false,"set":"always","regime":"a","applied":true,"ht_apply_rc":0,"ht_writes":1,"precompact_s":null,"load_s":243.575,"classify_s":1.999,"load_exit":0,"classify_exit":0,"classify_wall_s":2.437999963760376,"teardown_s":2.0950000286102295,"wall_s":249.50999999046326,"total_s":245.57399999999998,"output_sha256":"96b6f88379a4975ee54476cacca96322f04993e187266ffefd8e6cc1b788c39e","report_sha256":"8193638bdb7415fc4f36a60fa27490e708756dba2a64d79cd7586acc78d7ca0a","pre_free_huge_frac":0.991151,"pre_free_bytes":1586174152704,"pre_buddy":[10789,19204,30774,27497,20032,13860,8985,5533,3856,4466,372594],"thp":{"enabled":"madvise","defrag":"always","proactiveness":"20"},"vmstat_delta":{"compact_stall":0,"compact_success":0,"compact_fail":0,"compact_migrate_scanned":0,"compact_free_scanned":0,"compact_daemon_wake":0,"thp_fault_alloc":0,"thp_fault_fallback":0,"thp_file_alloc":567548,"thp_file_fallback":0},"shmem_huge_kb_after_load":1166872576,"anon_huge_kb_peak":0,"shmem_pmd_mapped_kb_peak":1161338880,"stderr_tail":"  9366399 sequences classified (88.93%)   1166511 sequences unclassified (11.07%) "}
ak2-phase	2026-10-10T01:01:41Z	1791594101	t31-b-always	yes
ht-apply 61 2026-10-10T01:01:41Z restore defrag always madvise madvise restored
ak2: [2026-10-10T01:01:41Z] drop_caches done; next phase is cold
ht-apply 62 2026-10-10T01:01:41Z always enabled madvise - madvise kept
ht-apply 62 2026-10-10T01:01:41Z always defrag madvise always always set
ht-apply 62 2026-10-10T01:01:41Z always proactiveness 20 - 20 kept
ht-record {"kind":"ht","label":"pre-t31-b-always","t":1791594102.946095455,"enabled":"madvise","defrag":"always","proactiveness":"20","page_bytes":4096,"huge_order":9,"free_bytes":1585560260608,"free_huge_bytes":1572692033536,"free_huge_frac":0.991884,"buddy":[14625,23808,18304,18613,13255,9523,8948,5887,3962,4340,372789],"vmstat":{"thp_migration_success":0,"thp_migration_fail":0,"thp_migration_split":0,"compact_migrate_scanned":2686262105,"compact_free_scanned":35192324,"compact_isolated":1251688,"compact_stall":0,"compact_fail":0,"compact_success":0,"compact_daemon_wake":0,"compact_daemon_migrate_scanned":913669977,"compact_daemon_free_scanned":26704297,"thp_fault_alloc":8505045,"thp_fault_fallback":0,"thp_fault_fallback_charge":0,"thp_collapse_alloc":4,"thp_collapse_alloc_failed":0,"thp_file_alloc":8522733,"thp_file_fallback":0,"thp_file_fallback_charge":0,"thp_file_mapped":8506290,"thp_split_page":4,"thp_split_page_failed":0,"thp_deferred_split_page":0,"thp_underused_split_page":0,"thp_split_pmd":0,"thp_scan_exceed_none_pte":4,"thp_scan_exceed_swap_pte":0,"thp_scan_exceed_share_pte":0,"thp_zero_page_alloc":7,"thp_zero_page_alloc_failed":0,"thp_swpout":0,"thp_swpout_fallback":0},"meminfo_kb":{"MemFree":1548396912,"AnonHugePages":0,"ShmemHugePages":5466112,"ShmemPmdMapped":0,"FileHugePages":0,"FilePmdMapped":0}}
[t31-b-always] ak2-timing	taxo	0.001286	0.553612	88219	6	0.006885	0.098616
[t31-b-always] ak2-timing	shard-load-0	0.884556	384.864308	583073	2	652.224674	634.272542
[t31-b-always] ak2-timing	rendezvous	388.241990	0.006869	4	2	0.000242	0.000235
[t31-b-always] ak2-timing	connect	388.248876	0.000004	0	0	0.000002	0.000002
[t31-b-always] ak2-timing	connect-control	388.248886	0.000007	0	0	0.000004	0.000004
[t31-b-always] ak2-timing	hash	0.555034	387.693876	585224	15	652.240188	634.275696
[t31-b-always] ak2-timing	setup	388.248918	0.000077	0	0	0.000039	0.000038
[t31-b-always] ak2-timing	classify	388.249002	2.964423	5375659	1	116.933876	8.338379
[t31-b-always] ak2-timing	barrier	391.262391	0.000033	0	0	0.000006	0.000006
[t31-b-always] ak2-timing	close	391.262448	0.000017	0	0	0.000009	0.000007
[t31-b-always] ak2-engine	result	sequences	10532910	bases	1945093294	classified	9366399
[t31-b-always] ak2-timing	report	391.262479	0.086670	105	0	0.086942	0.000000
[t31-b-always] ak2-engine	shard	0	n	1	lo	0	hi	297272917942	tail	0	full	true	empty_at	297272917942	keys	415804127	batches	276	probe_s	16.630153	tail_probes	0	wrap_probes	0
[t31-b-always] ak2-engine	mem	t_s	391.4	rss_kib	1182908924	hwm_kib	1182908924	heap_inuse	19614441472	sys	22950706352	avail_kib	359212872
[t31-b-always] ak2-engine	rendezvous	puts	1	gets	1
[t31-b-always] ak2-engine	s3	client	sdk	put	0	get	0	create_multipart	0	upload_part	0	complete_multipart	0	abort_multipart	0	part_bytes	0
[t31-b-always] ak2-engine	s3	client	cli	put	0	get	0	create_multipart	0	upload_part	0	complete_multipart	0	abort_multipart	0	part_bytes	0
[t31-b-always] ak2-engine	node	rank	0	n	1	emitter	true	blocks_cut	276	blocks_mine	276	read_s	2.357055	window_wait_s	0.356783	send_s	0.000000	sent_bytes	0	emit_wait_s	2.962985	emit_s	0.000355
[t31-b-always] ak2-engine	load	seconds	384.864303	requests	17737	retries	0	bytes	1189091737368
[t31-b-always] ak2-engine	route	transport	nodes	calls	276	keys	415804127	batches	276	route_s	3.707798	wait_s	16.654084	gather_s	1.659718
[t31-b-always] ak2-engine	worker	scan_s	69.081839	lookup_s	22.021808	classify_s	36.460298
[t31-b-always] ak2-timing	unmap	391.353454	2.251290	0	0	0.000000	2.247322
[t31-b-always] ak2-timing	total	0.000002	393.604815	6049291	22	769.316930	644.965123
ht-record {"kind":"ht","label":"post-t31-b-always","t":1791594500.171558812,"enabled":"madvise","defrag":"always","proactiveness":"20","page_bytes":4096,"huge_order":9,"free_bytes":1585371197440,"free_huge_bytes":1573891604480,"free_huge_frac":0.992759,"buddy":[9303,14916,20539,18710,14339,10241,7600,4950,3338,3772,373359],"vmstat":{"thp_migration_success":0,"thp_migration_fail":0,"thp_migration_split":0,"compact_migrate_scanned":2686262105,"compact_free_scanned":35192324,"compact_isolated":1251688,"compact_stall":0,"compact_fail":0,"compact_success":0,"compact_daemon_wake":0,"compact_daemon_migrate_scanned":913669977,"compact_daemon_free_scanned":26704297,"thp_fault_alloc":9072048,"thp_fault_fallback":0,"thp_fault_fallback_charge":0,"thp_collapse_alloc":4,"thp_collapse_alloc_failed":0,"thp_file_alloc":8523189,"thp_file_fallback":0,"thp_file_fallback_charge":0,"thp_file_mapped":8506290,"thp_split_page":4,"thp_split_page_failed":0,"thp_deferred_split_page":0,"thp_underused_split_page":0,"thp_split_pmd":0,"thp_scan_exceed_none_pte":4,"thp_scan_exceed_swap_pte":0,"thp_scan_exceed_share_pte":0,"thp_zero_page_alloc":7,"thp_zero_page_alloc_failed":0,"thp_swpout":0,"thp_swpout_fallback":0},"meminfo_kb":{"MemFree":1548214300,"AnonHugePages":0,"ShmemHugePages":6400000,"ShmemPmdMapped":0,"FileHugePages":0,"FilePmdMapped":0}}
probe-tune {"kind":"trial","pos":31,"rep":3,"warmup":false,"set":"always","regime":"b","applied":true,"ht_apply_rc":0,"ht_writes":1,"precompact_s":null,"load_s":384.864308,"classify_s":2.964,"load_exit":0,"classify_exit":0,"classify_wall_s":2.9639999866485596,"teardown_s":3.4770002365112305,"wall_s":395.71600008010864,"total_s":387.828308,"output_sha256":"96b6f88379a4975ee54476cacca96322f04993e187266ffefd8e6cc1b788c39e","report_sha256":"8193638bdb7415fc4f36a60fa27490e708756dba2a64d79cd7586acc78d7ca0a","pre_free_huge_frac":0.991884,"pre_free_bytes":1585560260608,"pre_buddy":[14625,23808,18304,18613,13255,9523,8948,5887,3962,4340,372789],"thp":{"enabled":"madvise","defrag":"always","proactiveness":"20"},"vmstat_delta":{"compact_stall":0,"compact_success":0,"compact_fail":0,"compact_migrate_scanned":0,"compact_free_scanned":0,"compact_daemon_wake":0,"thp_fault_alloc":567003,"thp_fault_fallback":0,"thp_file_alloc":456,"thp_file_fallback":0},"shmem_huge_kb_after_load":null,"anon_huge_kb_peak":1161222144,"shmem_pmd_mapped_kb_peak":0,"stderr_tail":"ak2-timing\tunmap\t391.353454\t2.251290\t0\t0\t0.000000\t2.247322 ak2-timing\ttotal\t0.000002\t393.604815\t6049291\t22\t769.316930\t644.965123 "}
ak2-phase	2026-10-10T01:08:21Z	1791594501	t32-a-precompact	yes
ht-apply 63 2026-10-10T01:08:21Z restore defrag always madvise madvise restored
ak2: [2026-10-10T01:08:21Z] drop_caches done; next phase is cold
ht-apply 64 2026-10-10T01:08:21Z precompact enabled madvise - madvise kept
ht-apply 64 2026-10-10T01:08:21Z precompact defrag madvise - madvise kept
ht-apply 64 2026-10-10T01:08:21Z precompact proactiveness 20 - 20 kept
ht-apply 64 2026-10-10T01:08:22Z precompact precompact - 1 0.884s done
ht-record {"kind":"ht","label":"pre-t32-a-precompact","t":1791594503.829765743,"enabled":"madvise","defrag":"madvise","proactiveness":"20","page_bytes":4096,"huge_order":9,"free_bytes":1586256134144,"free_huge_bytes":1575042940928,"free_huge_frac":0.992931,"buddy":[8120,12522,11030,15563,14090,10155,7528,5071,3338,3705,373667],"vmstat":{"thp_migration_success":0,"thp_migration_fail":0,"thp_migration_split":0,"compact_migrate_scanned":3130122073,"compact_free_scanned":36871657,"compact_isolated":1265899,"compact_stall":0,"compact_fail":0,"compact_success":0,"compact_daemon_wake":0,"compact_daemon_migrate_scanned":913669977,"compact_daemon_free_scanned":26704297,"thp_fault_alloc":9072048,"thp_fault_fallback":0,"thp_fault_fallback_charge":0,"thp_collapse_alloc":4,"thp_collapse_alloc_failed":0,"thp_file_alloc":8523189,"thp_file_fallback":0,"thp_file_fallback_charge":0,"thp_file_mapped":8506290,"thp_split_page":4,"thp_split_page_failed":0,"thp_deferred_split_page":0,"thp_underused_split_page":0,"thp_split_pmd":0,"thp_scan_exceed_none_pte":4,"thp_scan_exceed_swap_pte":0,"thp_scan_exceed_share_pte":0,"thp_zero_page_alloc":7,"thp_zero_page_alloc_failed":0,"thp_swpout":0,"thp_swpout_fallback":0},"meminfo_kb":{"MemFree":1549078824,"AnonHugePages":0,"ShmemHugePages":5466112,"ShmemPmdMapped":0,"FileHugePages":0,"FilePmdMapped":0}}
upstream-cohort: shell flags huB
ht-record {"kind":"ht","label":"load-t32-a-precompact","t":1791594747.444425112,"enabled":"madvise","defrag":"madvise","proactiveness":"20","page_bytes":4096,"huge_order":9,"free_bytes":396856344576,"free_huge_bytes":385970339840,"free_huge_frac":0.972569,"buddy":[8862,14211,12002,9543,10707,10371,7019,5224,3418,59,91993],"vmstat":{"thp_migration_success":0,"thp_migration_fail":0,"thp_migration_split":0,"compact_migrate_scanned":3130122073,"compact_free_scanned":36871657,"compact_isolated":1265899,"compact_stall":0,"compact_fail":0,"compact_success":0,"compact_daemon_wake":0,"compact_daemon_migrate_scanned":913669977,"compact_daemon_free_scanned":26704297,"thp_fault_alloc":9072048,"thp_fault_fallback":0,"thp_fault_fallback_charge":0,"thp_collapse_alloc":4,"thp_collapse_alloc_failed":0,"thp_file_alloc":9090282,"thp_file_fallback":0,"thp_file_fallback_charge":0,"thp_file_mapped":8506290,"thp_split_page":4,"thp_split_page_failed":0,"thp_deferred_split_page":0,"thp_underused_split_page":0,"thp_split_pmd":0,"thp_scan_exceed_none_pte":4,"thp_scan_exceed_swap_pte":0,"thp_scan_exceed_share_pte":0,"thp_zero_page_alloc":7,"thp_zero_page_alloc_failed":0,"thp_swpout":0,"thp_swpout_fallback":0},"meminfo_kb":{"MemFree":387554916,"AnonHugePages":0,"ShmemHugePages":1166872576,"ShmemPmdMapped":0,"FileHugePages":0,"FilePmdMapped":0}}
upstream-cohort: shell flags huB
ht-record {"kind":"ht","label":"post-t32-a-precompact","t":1791594753.368975134,"enabled":"madvise","defrag":"madvise","proactiveness":"20","page_bytes":4096,"huge_order":9,"free_bytes":1583829123072,"free_huge_bytes":1574271188992,"free_huge_frac":0.993965,"buddy":[20440,16726,14885,11056,8521,6144,4158,5083,3445,3679,373496],"vmstat":{"thp_migration_success":0,"thp_migration_fail":0,"thp_migration_split":0,"compact_migrate_scanned":3130122073,"compact_free_scanned":36871657,"compact_isolated":1265899,"compact_stall":0,"compact_fail":0,"compact_success":0,"compact_daemon_wake":0,"compact_daemon_migrate_scanned":913669977,"compact_daemon_free_scanned":26704297,"thp_fault_alloc":9072048,"thp_fault_fallback":0,"thp_fault_fallback_charge":0,"thp_collapse_alloc":4,"thp_collapse_alloc_failed":0,"thp_file_alloc":9090737,"thp_file_fallback":0,"thp_file_fallback_charge":0,"thp_file_mapped":9073376,"thp_split_page":4,"thp_split_page_failed":0,"thp_deferred_split_page":0,"thp_underused_split_page":0,"thp_split_pmd":0,"thp_scan_exceed_none_pte":4,"thp_scan_exceed_swap_pte":0,"thp_scan_exceed_share_pte":0,"thp_zero_page_alloc":7,"thp_zero_page_alloc_failed":0,"thp_swpout":0,"thp_swpout_fallback":0},"meminfo_kb":{"MemFree":1546709100,"AnonHugePages":0,"ShmemHugePages":6402048,"ShmemPmdMapped":0,"FileHugePages":0,"FilePmdMapped":0}}
probe-tune {"kind":"trial","pos":32,"rep":3,"warmup":false,"set":"precompact","regime":"a","applied":true,"ht_apply_rc":0,"ht_writes":1,"precompact_s":0.884,"load_s":242.244,"classify_s":1.992,"load_exit":0,"classify_exit":0,"classify_wall_s":2.434000015258789,"teardown_s":2.0889999866485596,"wall_s":248.14000010490417,"total_s":245.11999999999998,"output_sha256":"96b6f88379a4975ee54476cacca96322f04993e187266ffefd8e6cc1b788c39e","report_sha256":"8193638bdb7415fc4f36a60fa27490e708756dba2a64d79cd7586acc78d7ca0a","pre_free_huge_frac":0.992931,"pre_free_bytes":1586256134144,"pre_buddy":[8120,12522,11030,15563,14090,10155,7528,5071,3338,3705,373667],"thp":{"enabled":"madvise","defrag":"madvise","proactiveness":"20"},"vmstat_delta":{"compact_stall":0,"compact_success":0,"compact_fail":0,"compact_migrate_scanned":0,"compact_free_scanned":0,"compact_daemon_wake":0,"thp_fault_alloc":0,"thp_fault_fallback":0,"thp_file_alloc":567548,"thp_file_fallback":0},"shmem_huge_kb_after_load":1166872576,"anon_huge_kb_peak":0,"shmem_pmd_mapped_kb_peak":1161338880,"stderr_tail":"  9366399 sequences classified (88.93%)   1166511 sequences unclassified (11.07%) "}
ak2-phase	2026-10-10T01:12:34Z	1791594754	t33-a-none	yes
ak2: [2026-10-10T01:12:34Z] drop_caches done; next phase is cold
ht-apply 66 2026-10-10T01:12:35Z none enabled madvise - madvise kept
ht-apply 66 2026-10-10T01:12:35Z none defrag madvise - madvise kept
ht-apply 66 2026-10-10T01:12:35Z none proactiveness 20 - 20 kept
ht-record {"kind":"ht","label":"pre-t33-a-none","t":1791594756.135331682,"enabled":"madvise","defrag":"madvise","proactiveness":"20","page_bytes":4096,"huge_order":9,"free_bytes":1585477939200,"free_huge_bytes":1575235878912,"free_huge_frac":0.993540,"buddy":[8121,19933,17605,12990,9796,7035,5410,5180,3465,3689,373721],"vmstat":{"thp_migration_success":0,"thp_migration_fail":0,"thp_migration_split":0,"compact_migrate_scanned":3130122073,"compact_free_scanned":36871657,"compact_isolated":1265899,"compact_stall":0,"compact_fail":0,"compact_success":0,"compact_daemon_wake":0,"compact_daemon_migrate_scanned":913669977,"compact_daemon_free_scanned":26704297,"thp_fault_alloc":9072048,"thp_fault_fallback":0,"thp_fault_fallback_charge":0,"thp_collapse_alloc":4,"thp_collapse_alloc_failed":0,"thp_file_alloc":9090737,"thp_file_fallback":0,"thp_file_fallback_charge":0,"thp_file_mapped":9073376,"thp_split_page":4,"thp_split_page_failed":0,"thp_deferred_split_page":0,"thp_underused_split_page":0,"thp_split_pmd":0,"thp_scan_exceed_none_pte":4,"thp_scan_exceed_swap_pte":0,"thp_scan_exceed_share_pte":0,"thp_zero_page_alloc":7,"thp_zero_page_alloc_failed":0,"thp_swpout":0,"thp_swpout_fallback":0},"meminfo_kb":{"MemFree":1548316868,"AnonHugePages":0,"ShmemHugePages":5466112,"ShmemPmdMapped":0,"FileHugePages":0,"FilePmdMapped":0}}
upstream-cohort: shell flags huB
ht-record {"kind":"ht","label":"load-t33-a-none","t":1791595000.283198186,"enabled":"madvise","defrag":"madvise","proactiveness":"20","page_bytes":4096,"huge_order":9,"free_bytes":396757626880,"free_huge_bytes":386016477184,"free_huge_frac":0.972928,"buddy":[8561,8459,13454,15074,12108,9138,5779,5278,3480,69,91999],"vmstat":{"thp_migration_success":0,"thp_migration_fail":0,"thp_migration_split":0,"compact_migrate_scanned":3130122073,"compact_free_scanned":36871657,"compact_isolated":1265899,"compact_stall":0,"compact_fail":0,"compact_success":0,"compact_daemon_wake":0,"compact_daemon_migrate_scanned":913669977,"compact_daemon_free_scanned":26704297,"thp_fault_alloc":9072048,"thp_fault_fallback":0,"thp_fault_fallback_charge":0,"thp_collapse_alloc":4,"thp_collapse_alloc_failed":0,"thp_file_alloc":9657830,"thp_file_fallback":0,"thp_file_fallback_charge":0,"thp_file_mapped":9073376,"thp_split_page":4,"thp_split_page_failed":0,"thp_deferred_split_page":0,"thp_underused_split_page":0,"thp_split_pmd":0,"thp_scan_exceed_none_pte":4,"thp_scan_exceed_swap_pte":0,"thp_scan_exceed_share_pte":0,"thp_zero_page_alloc":7,"thp_zero_page_alloc_failed":0,"thp_swpout":0,"thp_swpout_fallback":0},"meminfo_kb":{"MemFree":387458728,"AnonHugePages":0,"ShmemHugePages":1166872576,"ShmemPmdMapped":0,"FileHugePages":0,"FilePmdMapped":0}}
upstream-cohort: shell flags huB
ht-record {"kind":"ht","label":"post-t33-a-none","t":1791595006.235307778,"enabled":"madvise","defrag":"madvise","proactiveness":"20","page_bytes":4096,"huge_order":9,"free_bytes":1583961837568,"free_huge_bytes":1574332006400,"free_huge_frac":0.993920,"buddy":[21873,14924,14828,12594,9159,6140,3792,5175,3481,3678,373511],"vmstat":{"thp_migration_success":0,"thp_migration_fail":0,"thp_migration_split":0,"compact_migrate_scanned":3130122073,"compact_free_scanned":36871657,"compact_isolated":1265899,"compact_stall":0,"compact_fail":0,"compact_success":0,"compact_daemon_wake":0,"compact_daemon_migrate_scanned":913669977,"compact_daemon_free_scanned":26704297,"thp_fault_alloc":9072048,"thp_fault_fallback":0,"thp_fault_fallback_charge":0,"thp_collapse_alloc":4,"thp_collapse_alloc_failed":0,"thp_file_alloc":9658285,"thp_file_fallback":0,"thp_file_fallback_charge":0,"thp_file_mapped":9640462,"thp_split_page":4,"thp_split_page_failed":0,"thp_deferred_split_page":0,"thp_underused_split_page":0,"thp_split_pmd":0,"thp_scan_exceed_none_pte":4,"thp_scan_exceed_swap_pte":0,"thp_scan_exceed_share_pte":0,"thp_zero_page_alloc":7,"thp_zero_page_alloc_failed":0,"thp_swpout":0,"thp_swpout_fallback":0},"meminfo_kb":{"MemFree":1546837936,"AnonHugePages":0,"ShmemHugePages":6402048,"ShmemPmdMapped":0,"FileHugePages":0,"FilePmdMapped":0}}
probe-tune {"kind":"trial","pos":33,"rep":3,"warmup":false,"set":"none","regime":"a","applied":true,"ht_apply_rc":0,"ht_writes":0,"precompact_s":null,"load_s":242.702,"classify_s":2.008,"load_exit":0,"classify_exit":0,"classify_wall_s":2.447999954223633,"teardown_s":2.1040000915527344,"wall_s":248.66799998283386,"total_s":244.71,"output_sha256":"96b6f88379a4975ee54476cacca96322f04993e187266ffefd8e6cc1b788c39e","report_sha256":"8193638bdb7415fc4f36a60fa27490e708756dba2a64d79cd7586acc78d7ca0a","pre_free_huge_frac":0.993540,"pre_free_bytes":1585477939200,"pre_buddy":[8121,19933,17605,12990,9796,7035,5410,5180,3465,3689,373721],"thp":{"enabled":"madvise","defrag":"madvise","proactiveness":"20"},"vmstat_delta":{"compact_stall":0,"compact_success":0,"compact_fail":0,"compact_migrate_scanned":0,"compact_free_scanned":0,"compact_daemon_wake":0,"thp_fault_alloc":0,"thp_fault_fallback":0,"thp_file_alloc":567548,"thp_file_fallback":0},"shmem_huge_kb_after_load":1166872576,"anon_huge_kb_peak":0,"shmem_pmd_mapped_kb_peak":1161336832,"stderr_tail":"  9366399 sequences classified (88.93%)   1166511 sequences unclassified (11.07%) "}
ak2-phase	2026-10-10T01:16:47Z	1791595007	t34-b-defer	yes
ak2: [2026-10-10T01:16:47Z] drop_caches done; next phase is cold
ht-apply 68 2026-10-10T01:16:47Z defer enabled madvise - madvise kept
ht-apply 68 2026-10-10T01:16:48Z defer defrag madvise defer defer set
ht-apply 68 2026-10-10T01:16:48Z defer proactiveness 20 - 20 kept
ht-record {"kind":"ht","label":"pre-t34-b-defer","t":1791595009.067799921,"enabled":"madvise","defrag":"defer","proactiveness":"20","page_bytes":4096,"huge_order":9,"free_bytes":1585620017152,"free_huge_bytes":1575231684608,"free_huge_frac":0.993448,"buddy":[22058,22078,17726,14287,10472,7204,4952,5274,3495,3679,373725],"vmstat":{"thp_migration_success":0,"thp_migration_fail":0,"thp_migration_split":0,"compact_migrate_scanned":3130122073,"compact_free_scanned":36871657,"compact_isolated":1265899,"compact_stall":0,"compact_fail":0,"compact_success":0,"compact_daemon_wake":0,"compact_daemon_migrate_scanned":913669977,"compact_daemon_free_scanned":26704297,"thp_fault_alloc":9072048,"thp_fault_fallback":0,"thp_fault_fallback_charge":0,"thp_collapse_alloc":4,"thp_collapse_alloc_failed":0,"thp_file_alloc":9658285,"thp_file_fallback":0,"thp_file_fallback_charge":0,"thp_file_mapped":9640462,"thp_split_page":4,"thp_split_page_failed":0,"thp_deferred_split_page":0,"thp_underused_split_page":0,"thp_split_pmd":0,"thp_scan_exceed_none_pte":4,"thp_scan_exceed_swap_pte":0,"thp_scan_exceed_share_pte":0,"thp_zero_page_alloc":7,"thp_zero_page_alloc_failed":0,"thp_swpout":0,"thp_swpout_fallback":0},"meminfo_kb":{"MemFree":1548455764,"AnonHugePages":0,"ShmemHugePages":5466112,"ShmemPmdMapped":0,"FileHugePages":0,"FilePmdMapped":0}}
[t34-b-defer] ak2-timing	taxo	0.001093	0.561166	88264	5	0.017475	0.089269
[t34-b-defer] ak2-timing	shard-load-0	0.796089	316.022712	587904	0	595.672585	555.707299
[t34-b-defer] ak2-timing	rendezvous	318.743399	0.006662	9	3	0.000258	0.000240
[t34-b-defer] ak2-timing	connect	318.750075	0.000003	0	0	0.000002	0.000001
[t34-b-defer] ak2-timing	connect-control	318.750083	0.000006	0	0	0.000003	0.000002
[t34-b-defer] ak2-timing	hash	0.562320	318.187784	590033	13	595.677558	555.723519
[t34-b-defer] ak2-timing	setup	318.750111	0.000085	3	0	0.000044	0.000041
[t34-b-defer] ak2-timing	classify	318.750202	2.979082	5186411	0	117.700272	10.905296
[t34-b-defer] ak2-timing	barrier	321.778271	0.000024	0	0	0.000009	0.000000
[t34-b-defer] ak2-timing	close	321.778312	0.000014	0	0	0.000013	0.000000
[t34-b-defer] ak2-engine	result	sequences	10532910	bases	1945093294	classified	9366399
[t34-b-defer] ak2-timing	report	321.778338	0.082569	108	0	0.077442	0.005572
[t34-b-defer] ak2-engine	shard	0	n	1	lo	0	hi	297272917942	tail	0	full	true	empty_at	297272917942	keys	415804127	batches	276	probe_s	17.257415	tail_probes	0	wrap_probes	0
[t34-b-defer] ak2-engine	mem	t_s	321.9	rss_kib	1182146468	hwm_kib	1182146468	heap_inuse	20946100224	sys	22176971776	avail_kib	359970308
[t34-b-defer] ak2-engine	rendezvous	puts	1	gets	1
[t34-b-defer] ak2-engine	s3	client	sdk	put	0	get	0	create_multipart	0	upload_part	0	complete_multipart	0	abort_multipart	0	part_bytes	0
[t34-b-defer] ak2-engine	s3	client	cli	put	0	get	0	create_multipart	0	upload_part	0	complete_multipart	0	abort_multipart	0	part_bytes	0
[t34-b-defer] ak2-engine	node	rank	0	n	1	emitter	true	blocks_cut	276	blocks_mine	276	read_s	2.358055	window_wait_s	0.371828	send_s	0.000000	sent_bytes	0	emit_wait_s	2.977580	emit_s	0.000395
[t34-b-defer] ak2-engine	load	seconds	316.022706	requests	17737	retries	0	bytes	1189091737368
[t34-b-defer] ak2-engine	route	transport	nodes	calls	276	keys	415804127	batches	276	route_s	3.757457	wait_s	17.283419	gather_s	1.802265
[t34-b-defer] ak2-engine	worker	scan_s	70.418723	lookup_s	22.843338	classify_s	37.002211
[t34-b-defer] ak2-timing	unmap	321.861386	2.226614	0	0	0.000000	2.227125
[t34-b-defer] ak2-timing	total	0.000002	324.088052	5864880	18	713.522560	568.951124
ht-record {"kind":"ht","label":"post-t34-b-defer","t":1791595336.669736221,"enabled":"madvise","defrag":"defer","proactiveness":"20","page_bytes":4096,"huge_order":9,"free_bytes":1585250709504,"free_huge_bytes":1569693106176,"free_huge_frac":0.990186,"buddy":[30917,45843,44560,39779,30518,20256,9761,5262,2908,4546,371971],"vmstat":{"thp_migration_success":0,"thp_migration_fail":0,"thp_migration_split":0,"compact_migrate_scanned":3130122073,"compact_free_scanned":36871657,"compact_isolated":1265899,"compact_stall":0,"compact_fail":0,"compact_success":0,"compact_daemon_wake":0,"compact_daemon_migrate_scanned":913669977,"compact_daemon_free_scanned":26704297,"thp_fault_alloc":9639051,"thp_fault_fallback":0,"thp_fault_fallback_charge":0,"thp_collapse_alloc":4,"thp_collapse_alloc_failed":0,"thp_file_alloc":9658741,"thp_file_fallback":0,"thp_file_fallback_charge":0,"thp_file_mapped":9640462,"thp_split_page":4,"thp_split_page_failed":0,"thp_deferred_split_page":0,"thp_underused_split_page":0,"thp_split_pmd":0,"thp_scan_exceed_none_pte":4,"thp_scan_exceed_swap_pte":0,"thp_scan_exceed_share_pte":0,"thp_zero_page_alloc":8,"thp_zero_page_alloc_failed":0,"thp_swpout":0,"thp_swpout_fallback":0},"meminfo_kb":{"MemFree":1548096648,"AnonHugePages":0,"ShmemHugePages":6400000,"ShmemPmdMapped":0,"FileHugePages":0,"FilePmdMapped":0}}
probe-tune {"kind":"trial","pos":34,"rep":3,"warmup":false,"set":"defer","regime":"b","applied":true,"ht_apply_rc":0,"ht_writes":1,"precompact_s":null,"load_s":316.022712,"classify_s":2.979,"load_exit":0,"classify_exit":0,"classify_wall_s":2.9789998531341553,"teardown_s":3.4070000648498535,"wall_s":326.1619999408722,"total_s":319.001712,"output_sha256":"96b6f88379a4975ee54476cacca96322f04993e187266ffefd8e6cc1b788c39e","report_sha256":"8193638bdb7415fc4f36a60fa27490e708756dba2a64d79cd7586acc78d7ca0a","pre_free_huge_frac":0.993448,"pre_free_bytes":1585620017152,"pre_buddy":[22058,22078,17726,14287,10472,7204,4952,5274,3495,3679,373725],"thp":{"enabled":"madvise","defrag":"defer","proactiveness":"20"},"vmstat_delta":{"compact_stall":0,"compact_success":0,"compact_fail":0,"compact_migrate_scanned":0,"compact_free_scanned":0,"compact_daemon_wake":0,"thp_fault_alloc":567003,"thp_fault_fallback":0,"thp_file_alloc":456,"thp_file_fallback":0},"shmem_huge_kb_after_load":null,"anon_huge_kb_peak":1161222144,"shmem_pmd_mapped_kb_peak":0,"stderr_tail":"ak2-timing\tunmap\t321.861386\t2.226614\t0\t0\t0.000000\t2.227125 ak2-timing\ttotal\t0.000002\t324.088052\t5864880\t18\t713.522560\t568.951124 "}
ak2-phase	2026-10-10T01:22:17Z	1791595337	t35-a-proactive	yes
ht-apply 69 2026-10-10T01:22:17Z restore defrag defer madvise madvise restored
ak2: [2026-10-10T01:22:18Z] drop_caches done; next phase is cold
ht-apply 70 2026-10-10T01:22:18Z proactive enabled madvise - madvise kept
ht-apply 70 2026-10-10T01:22:18Z proactive defrag madvise - madvise kept
ht-apply 70 2026-10-10T01:22:18Z proactive proactiveness 20 100 100 set
ht-record {"kind":"ht","label":"pre-t35-a-proactive","t":1791595339.519010138,"enabled":"madvise","defrag":"madvise","proactiveness":"100","page_bytes":4096,"huge_order":9,"free_bytes":1586218803200,"free_huge_bytes":1570720710656,"free_huge_frac":0.990230,"buddy":[9430,27854,43072,39112,30037,20149,10316,5465,2923,4500,372239],"vmstat":{"thp_migration_success":0,"thp_migration_fail":0,"thp_migration_split":0,"compact_migrate_scanned":3130122073,"compact_free_scanned":36871657,"compact_isolated":1265899,"compact_stall":0,"compact_fail":0,"compact_success":0,"compact_daemon_wake":0,"compact_daemon_migrate_scanned":913669977,"compact_daemon_free_scanned":26704297,"thp_fault_alloc":9639051,"thp_fault_fallback":0,"thp_fault_fallback_charge":0,"thp_collapse_alloc":4,"thp_collapse_alloc_failed":0,"thp_file_alloc":9658741,"thp_file_fallback":0,"thp_file_fallback_charge":0,"thp_file_mapped":9640462,"thp_split_page":4,"thp_split_page_failed":0,"thp_deferred_split_page":0,"thp_underused_split_page":0,"thp_split_pmd":0,"thp_scan_exceed_none_pte":4,"thp_scan_exceed_swap_pte":0,"thp_scan_exceed_share_pte":0,"thp_zero_page_alloc":8,"thp_zero_page_alloc_failed":0,"thp_swpout":0,"thp_swpout_fallback":0},"meminfo_kb":{"MemFree":1549042532,"AnonHugePages":0,"ShmemHugePages":5466112,"ShmemPmdMapped":0,"FileHugePages":0,"FilePmdMapped":0}}
upstream-cohort: shell flags huB
ht-record {"kind":"ht","label":"load-t35-a-proactive","t":1791595585.614913188,"enabled":"madvise","defrag":"madvise","proactiveness":"100","page_bytes":4096,"huge_order":9,"free_bytes":396906471424,"free_huge_bytes":381698441216,"free_huge_frac":0.961684,"buddy":[9020,13633,29175,37059,28793,19974,10212,5667,3065,46,90981],"vmstat":{"thp_migration_success":0,"thp_migration_fail":0,"thp_migration_split":0,"compact_migrate_scanned":3147946329,"compact_free_scanned":41890261,"compact_isolated":1307436,"compact_stall":0,"compact_fail":0,"compact_success":0,"compact_daemon_wake":0,"compact_daemon_migrate_scanned":931494233,"compact_daemon_free_scanned":31722901,"thp_fault_alloc":9639051,"thp_fault_fallback":0,"thp_fault_fallback_charge":0,"thp_collapse_alloc":4,"thp_collapse_alloc_failed":0,"thp_file_alloc":10225834,"thp_file_fallback":0,"thp_file_fallback_charge":0,"thp_file_mapped":9640462,"thp_split_page":4,"thp_split_page_failed":0,"thp_deferred_split_page":0,"thp_underused_split_page":0,"thp_split_pmd":0,"thp_scan_exceed_none_pte":4,"thp_scan_exceed_swap_pte":0,"thp_scan_exceed_share_pte":0,"thp_zero_page_alloc":8,"thp_zero_page_alloc_failed":0,"thp_swpout":0,"thp_swpout_fallback":0},"meminfo_kb":{"MemFree":387604664,"AnonHugePages":0,"ShmemHugePages":1166872576,"ShmemPmdMapped":0,"FileHugePages":0,"FilePmdMapped":0}}
upstream-cohort: shell flags huB
ht-record {"kind":"ht","label":"post-t35-a-proactive","t":1791595591.539542764,"enabled":"madvise","defrag":"madvise","proactiveness":"100","page_bytes":4096,"huge_order":9,"free_bytes":1583786766336,"free_huge_bytes":1570041233408,"free_huge_frac":0.991321,"buddy":[17773,15565,18657,20383,15846,19983,10242,5711,3085,4456,372099],"vmstat":{"thp_migration_success":0,"thp_migration_fail":0,"thp_migration_split":0,"compact_migrate_scanned":3147946329,"compact_free_scanned":41890261,"compact_isolated":1307436,"compact_stall":0,"compact_fail":0,"compact_success":0,"compact_daemon_wake":0,"compact_daemon_migrate_scanned":931494233,"compact_daemon_free_scanned":31722901,"thp_fault_alloc":9639051,"thp_fault_fallback":0,"thp_fault_fallback_charge":0,"thp_collapse_alloc":4,"thp_collapse_alloc_failed":0,"thp_file_alloc":10226289,"thp_file_fallback":0,"thp_file_fallback_charge":0,"thp_file_mapped":10207548,"thp_split_page":4,"thp_split_page_failed":0,"thp_deferred_split_page":0,"thp_underused_split_page":0,"thp_split_pmd":0,"thp_scan_exceed_none_pte":4,"thp_scan_exceed_swap_pte":0,"thp_scan_exceed_share_pte":0,"thp_zero_page_alloc":8,"thp_zero_page_alloc_failed":0,"thp_swpout":0,"thp_swpout_fallback":0},"meminfo_kb":{"MemFree":1546665176,"AnonHugePages":0,"ShmemHugePages":6402048,"ShmemPmdMapped":0,"FileHugePages":0,"FilePmdMapped":0}}
probe-tune {"kind":"trial","pos":35,"rep":3,"warmup":false,"set":"proactive","regime":"a","applied":true,"ht_apply_rc":0,"ht_writes":1,"precompact_s":null,"load_s":244.688,"classify_s":2.003,"load_exit":0,"classify_exit":0,"classify_wall_s":2.445000171661377,"teardown_s":2.0920000076293945,"wall_s":250.58700013160706,"total_s":246.69099999999997,"output_sha256":"96b6f88379a4975ee54476cacca96322f04993e187266ffefd8e6cc1b788c39e","report_sha256":"8193638bdb7415fc4f36a60fa27490e708756dba2a64d79cd7586acc78d7ca0a","pre_free_huge_frac":0.990230,"pre_free_bytes":1586218803200,"pre_buddy":[9430,27854,43072,39112,30037,20149,10316,5465,2923,4500,372239],"thp":{"enabled":"madvise","defrag":"madvise","proactiveness":"100"},"vmstat_delta":{"compact_stall":0,"compact_success":0,"compact_fail":0,"compact_migrate_scanned":17824256,"compact_free_scanned":5018604,"compact_daemon_wake":0,"thp_fault_alloc":0,"thp_fault_fallback":0,"thp_file_alloc":567548,"thp_file_fallback":0},"shmem_huge_kb_after_load":1166872576,"anon_huge_kb_peak":0,"shmem_pmd_mapped_kb_peak":1161336832,"stderr_tail":"  9366399 sequences classified (88.93%)   1166511 sequences unclassified (11.07%) "}
ak2-phase	2026-10-10T01:26:32Z	1791595592	t36-a-defermadv	yes
ht-apply 71 2026-10-10T01:26:32Z restore proactiveness 100 20 20 restored
ak2: [2026-10-10T01:26:33Z] drop_caches done; next phase is cold
ht-apply 72 2026-10-10T01:26:33Z defermadv enabled madvise - madvise kept
ht-apply 72 2026-10-10T01:26:33Z defermadv defrag madvise defer+madvise defer+madvise set
ht-apply 72 2026-10-10T01:26:33Z defermadv proactiveness 20 - 20 kept
ht-record {"kind":"ht","label":"pre-t36-a-defermadv","t":1791595594.378637055,"enabled":"madvise","defrag":"defer+madvise","proactiveness":"20","page_bytes":4096,"huge_order":9,"free_bytes":1585479909376,"free_huge_bytes":1570966077440,"free_huge_frac":0.990846,"buddy":[14434,21065,24145,25314,19937,20047,10737,5792,3120,4455,372320],"vmstat":{"thp_migration_success":0,"thp_migration_fail":0,"thp_migration_split":0,"compact_migrate_scanned":3147946329,"compact_free_scanned":41890261,"compact_isolated":1307436,"compact_stall":0,"compact_fail":0,"compact_success":0,"compact_daemon_wake":0,"compact_daemon_migrate_scanned":931494233,"compact_daemon_free_scanned":31722901,"thp_fault_alloc":9639051,"thp_fault_fallback":0,"thp_fault_fallback_charge":0,"thp_collapse_alloc":4,"thp_collapse_alloc_failed":0,"thp_file_alloc":10226289,"thp_file_fallback":0,"thp_file_fallback_charge":0,"thp_file_mapped":10207548,"thp_split_page":4,"thp_split_page_failed":0,"thp_deferred_split_page":0,"thp_underused_split_page":0,"thp_split_pmd":0,"thp_scan_exceed_none_pte":4,"thp_scan_exceed_swap_pte":0,"thp_scan_exceed_share_pte":0,"thp_zero_page_alloc":8,"thp_zero_page_alloc_failed":0,"thp_swpout":0,"thp_swpout_fallback":0},"meminfo_kb":{"MemFree":1548318504,"AnonHugePages":0,"ShmemHugePages":5466112,"ShmemPmdMapped":0,"FileHugePages":0,"FilePmdMapped":0}}
upstream-cohort: shell flags huB
ht-record {"kind":"ht","label":"load-t36-a-defermadv","t":1791595843.128169770,"enabled":"madvise","defrag":"defer+madvise","proactiveness":"20","page_bytes":4096,"huge_order":9,"free_bytes":396837052416,"free_huge_bytes":381870407680,"free_huge_frac":0.962285,"buddy":[11046,7256,28614,33286,24991,19666,10318,5881,3146,58,91016],"vmstat":{"thp_migration_success":0,"thp_migration_fail":0,"thp_migration_split":0,"compact_migrate_scanned":3147946329,"compact_free_scanned":41890261,"compact_isolated":1307436,"compact_stall":0,"compact_fail":0,"compact_success":0,"compact_daemon_wake":0,"compact_daemon_migrate_scanned":931494233,"compact_daemon_free_scanned":31722901,"thp_fault_alloc":9639051,"thp_fault_fallback":0,"thp_fault_fallback_charge":0,"thp_collapse_alloc":4,"thp_collapse_alloc_failed":0,"thp_file_alloc":10793382,"thp_file_fallback":0,"thp_file_fallback_charge":0,"thp_file_mapped":10207548,"thp_split_page":4,"thp_split_page_failed":0,"thp_deferred_split_page":0,"thp_underused_split_page":0,"thp_split_pmd":0,"thp_scan_exceed_none_pte":4,"thp_scan_exceed_swap_pte":0,"thp_scan_exceed_share_pte":0,"thp_zero_page_alloc":8,"thp_zero_page_alloc_failed":0,"thp_swpout":0,"thp_swpout_fallback":0},"meminfo_kb":{"MemFree":387537544,"AnonHugePages":0,"ShmemHugePages":1166872576,"ShmemPmdMapped":0,"FileHugePages":0,"FilePmdMapped":0}}
upstream-cohort: shell flags huB
ht-record {"kind":"ht","label":"post-t36-a-defermadv","t":1791595849.092304897,"enabled":"madvise","defrag":"defer+madvise","proactiveness":"20","page_bytes":4096,"huge_order":9,"free_bytes":1583846801408,"free_huge_bytes":1570198519808,"free_huge_frac":0.991383,"buddy":[14824,9170,18812,19177,15008,19106,10320,5878,3148,4449,372140],"vmstat":{"thp_migration_success":0,"thp_migration_fail":0,"thp_migration_split":0,"compact_migrate_scanned":3147946329,"compact_free_scanned":41890261,"compact_isolated":1307436,"compact_stall":0,"compact_fail":0,"compact_success":0,"compact_daemon_wake":0,"compact_daemon_migrate_scanned":931494233,"compact_daemon_free_scanned":31722901,"thp_fault_alloc":9639051,"thp_fault_fallback":0,"thp_fault_fallback_charge":0,"thp_collapse_alloc":4,"thp_collapse_alloc_failed":0,"thp_file_alloc":10793837,"thp_file_fallback":0,"thp_file_fallback_charge":0,"thp_file_mapped":10774634,"thp_split_page":4,"thp_split_page_failed":0,"thp_deferred_split_page":0,"thp_underused_split_page":0,"thp_split_pmd":0,"thp_scan_exceed_none_pte":4,"thp_scan_exceed_swap_pte":0,"thp_scan_exceed_share_pte":0,"thp_zero_page_alloc":8,"thp_zero_page_alloc_failed":0,"thp_swpout":0,"thp_swpout_fallback":0},"meminfo_kb":{"MemFree":1546723316,"AnonHugePages":0,"ShmemHugePages":6402048,"ShmemPmdMapped":0,"FileHugePages":0,"FilePmdMapped":0}}
probe-tune {"kind":"trial","pos":36,"rep":3,"warmup":false,"set":"defermadv","regime":"a","applied":true,"ht_apply_rc":0,"ht_writes":1,"precompact_s":null,"load_s":247.340,"classify_s":2.020,"load_exit":0,"classify_exit":0,"classify_wall_s":2.4619998931884766,"teardown_s":2.1059999465942383,"wall_s":253.27500009536743,"total_s":249.36,"output_sha256":"96b6f88379a4975ee54476cacca96322f04993e187266ffefd8e6cc1b788c39e","report_sha256":"8193638bdb7415fc4f36a60fa27490e708756dba2a64d79cd7586acc78d7ca0a","pre_free_huge_frac":0.990846,"pre_free_bytes":1585479909376,"pre_buddy":[14434,21065,24145,25314,19937,20047,10737,5792,3120,4455,372320],"thp":{"enabled":"madvise","defrag":"defer+madvise","proactiveness":"20"},"vmstat_delta":{"compact_stall":0,"compact_success":0,"compact_fail":0,"compact_migrate_scanned":0,"compact_free_scanned":0,"compact_daemon_wake":0,"thp_fault_alloc":0,"thp_fault_fallback":0,"thp_file_alloc":567548,"thp_file_fallback":0},"shmem_huge_kb_after_load":1166872576,"anon_huge_kb_peak":0,"shmem_pmd_mapped_kb_peak":1161338880,"stderr_tail":"  9366399 sequences classified (88.93%)   1166511 sequences unclassified (11.07%) "}
ak2-phase	2026-10-10T01:30:50Z	1791595850	t37-b-defermadv	yes
ht-apply 73 2026-10-10T01:30:50Z restore defrag defer+madvise madvise madvise restored
ak2: [2026-10-10T01:30:50Z] drop_caches done; next phase is cold
ht-apply 74 2026-10-10T01:30:50Z defermadv enabled madvise - madvise kept
ht-apply 74 2026-10-10T01:30:51Z defermadv defrag madvise defer+madvise defer+madvise set
ht-apply 74 2026-10-10T01:30:51Z defermadv proactiveness 20 - 20 kept
ht-record {"kind":"ht","label":"pre-t37-b-defermadv","t":1791595852.114060480,"enabled":"madvise","defrag":"defer+madvise","proactiveness":"20","page_bytes":4096,"huge_order":9,"free_bytes":1585539973120,"free_huge_bytes":1571127558144,"free_huge_frac":0.990910,"buddy":[27166,20643,25419,22734,17618,19341,10944,5910,3160,4442,372365],"vmstat":{"thp_migration_success":0,"thp_migration_fail":0,"thp_migration_split":0,"compact_migrate_scanned":3147946329,"compact_free_scanned":41890261,"compact_isolated":1307436,"compact_stall":0,"compact_fail":0,"compact_success":0,"compact_daemon_wake":0,"compact_daemon_migrate_scanned":931494233,"compact_daemon_free_scanned":31722901,"thp_fault_alloc":9639051,"thp_fault_fallback":0,"thp_fault_fallback_charge":0,"thp_collapse_alloc":4,"thp_collapse_alloc_failed":0,"thp_file_alloc":10793837,"thp_file_fallback":0,"thp_file_fallback_charge":0,"thp_file_mapped":10774634,"thp_split_page":4,"thp_split_page_failed":0,"thp_deferred_split_page":0,"thp_underused_split_page":0,"thp_split_pmd":0,"thp_scan_exceed_none_pte":4,"thp_scan_exceed_swap_pte":0,"thp_scan_exceed_share_pte":0,"thp_zero_page_alloc":8,"thp_zero_page_alloc_failed":0,"thp_swpout":0,"thp_swpout_fallback":0},"meminfo_kb":{"MemFree":1548377028,"AnonHugePages":0,"ShmemHugePages":5466112,"ShmemPmdMapped":0,"FileHugePages":0,"FilePmdMapped":0}}
[t37-b-defermadv] ak2-timing	taxo	0.001265	0.551480	88285	4	0.013916	0.094839
[t37-b-defermadv] ak2-timing	shard-load-0	0.849486	306.443377	589248	0	604.885291	568.612432
[t37-b-defermadv] ak2-timing	rendezvous	309.175877	0.005924	6	2	0.000234	0.000220
[t37-b-defermadv] ak2-timing	connect	309.181816	0.000005	0	0	0.000001	0.000002
[t37-b-defermadv] ak2-timing	connect-control	309.181825	0.000005	0	0	0.000003	0.000002
[t37-b-defermadv] ak2-timing	hash	0.552886	308.628958	591318	11	604.895311	568.620431
[t37-b-defermadv] ak2-timing	setup	309.181852	0.000090	2	0	0.000047	0.000044
[t37-b-defermadv] ak2-timing	classify	309.181948	2.942186	5502824	1	114.267090	10.377289
[t37-b-defermadv] ak2-timing	barrier	312.173622	0.000028	0	0	0.000011	0.000000
[t37-b-defermadv] ak2-timing	close	312.173672	0.000015	0	0	0.000015	0.000000
[t37-b-defermadv] ak2-engine	result	sequences	10532910	bases	1945093294	classified	9366399
[t37-b-defermadv] ak2-timing	report	312.173700	0.082977	112	0	0.083341	0.000158
[t37-b-defermadv] ak2-engine	shard	0	n	1	lo	0	hi	297272917942	tail	0	full	true	empty_at	297272917942	keys	415804127	batches	276	probe_s	16.779216	tail_probes	0	wrap_probes	0
[t37-b-defermadv] ak2-engine	mem	t_s	312.3	rss_kib	1183422700	hwm_kib	1183422700	heap_inuse	19935469568	sys	23495666992	avail_kib	358743728
[t37-b-defermadv] ak2-engine	rendezvous	puts	1	gets	1
[t37-b-defermadv] ak2-engine	s3	client	sdk	put	0	get	0	create_multipart	0	upload_part	0	complete_multipart	0	abort_multipart	0	part_bytes	0
[t37-b-defermadv] ak2-engine	s3	client	cli	put	0	get	0	create_multipart	0	upload_part	0	complete_multipart	0	abort_multipart	0	part_bytes	0
[t37-b-defermadv] ak2-engine	node	rank	0	n	1	emitter	true	blocks_cut	276	blocks_mine	276	read_s	2.386199	window_wait_s	0.305428	send_s	0.000000	sent_bytes	0	emit_wait_s	2.940796	emit_s	0.000320
[t37-b-defermadv] ak2-engine	load	seconds	306.443372	requests	17737	retries	0	bytes	1189091737368
[t37-b-defermadv] ak2-engine	route	transport	nodes	calls	276	keys	415804127	batches	276	route_s	3.822135	wait_s	16.816861	gather_s	1.929451
[t37-b-defermadv] ak2-engine	worker	scan_s	67.615007	lookup_s	22.568657	classify_s	36.888314
[t37-b-defermadv] ak2-timing	unmap	312.257187	2.264065	0	0	0.000000	2.261969
[t37-b-defermadv] ak2-timing	total	0.000002	314.521312	6182638	16	719.310166	581.355148
ht-record {"kind":"ht","label":"post-t37-b-defermadv","t":1791596170.236361178,"enabled":"madvise","defrag":"defer+madvise","proactiveness":"20","page_bytes":4096,"huge_order":9,"free_bytes":1584899440640,"free_huge_bytes":1564250996736,"free_huge_frac":0.986972,"buddy":[48016,55684,56759,51476,41251,28879,15053,6937,3154,5321,370286],"vmstat":{"thp_migration_success":0,"thp_migration_fail":0,"thp_migration_split":0,"compact_migrate_scanned":3147946329,"compact_free_scanned":41890261,"compact_isolated":1307436,"compact_stall":0,"compact_fail":0,"compact_success":0,"compact_daemon_wake":0,"compact_daemon_migrate_scanned":931494233,"compact_daemon_free_scanned":31722901,"thp_fault_alloc":10206054,"thp_fault_fallback":0,"thp_fault_fallback_charge":0,"thp_collapse_alloc":4,"thp_collapse_alloc_failed":0,"thp_file_alloc":10794293,"thp_file_fallback":0,"thp_file_fallback_charge":0,"thp_file_mapped":10774634,"thp_split_page":4,"thp_split_page_failed":0,"thp_deferred_split_page":0,"thp_underused_split_page":0,"thp_split_pmd":0,"thp_scan_exceed_none_pte":4,"thp_scan_exceed_swap_pte":0,"thp_scan_exceed_share_pte":0,"thp_zero_page_alloc":8,"thp_zero_page_alloc_failed":0,"thp_swpout":0,"thp_swpout_fallback":0},"meminfo_kb":{"MemFree":1547753360,"AnonHugePages":0,"ShmemHugePages":6400000,"ShmemPmdMapped":0,"FileHugePages":0,"FilePmdMapped":0}}
probe-tune {"kind":"trial","pos":37,"rep":3,"warmup":false,"set":"defermadv","regime":"b","applied":true,"ht_apply_rc":0,"ht_writes":1,"precompact_s":null,"load_s":306.443377,"classify_s":2.942,"load_exit":0,"classify_exit":0,"classify_wall_s":2.942000150680542,"teardown_s":3.5269999504089355,"wall_s":316.6769998073578,"total_s":309.385377,"output_sha256":"96b6f88379a4975ee54476cacca96322f04993e187266ffefd8e6cc1b788c39e","report_sha256":"8193638bdb7415fc4f36a60fa27490e708756dba2a64d79cd7586acc78d7ca0a","pre_free_huge_frac":0.990910,"pre_free_bytes":1585539973120,"pre_buddy":[27166,20643,25419,22734,17618,19341,10944,5910,3160,4442,372365],"thp":{"enabled":"madvise","defrag":"defer+madvise","proactiveness":"20"},"vmstat_delta":{"compact_stall":0,"compact_success":0,"compact_fail":0,"compact_migrate_scanned":0,"compact_free_scanned":0,"compact_daemon_wake":0,"thp_fault_alloc":567003,"thp_fault_fallback":0,"thp_file_alloc":456,"thp_file_fallback":0},"shmem_huge_kb_after_load":null,"anon_huge_kb_peak":1161222144,"shmem_pmd_mapped_kb_peak":0,"stderr_tail":"ak2-timing\tunmap\t312.257187\t2.264065\t0\t0\t0.000000\t2.261969 ak2-timing\ttotal\t0.000002\t314.521312\t6182638\t16\t719.310166\t581.355148 "}
ak2-phase	2026-10-10T01:36:11Z	1791596171	t38-b-none	yes
ht-apply 75 2026-10-10T01:36:11Z restore defrag defer+madvise madvise madvise restored
ak2: [2026-10-10T01:36:11Z] drop_caches done; next phase is cold
ht-apply 76 2026-10-10T01:36:11Z none enabled madvise - madvise kept
ht-apply 76 2026-10-10T01:36:12Z none defrag madvise - madvise kept
ht-apply 76 2026-10-10T01:36:12Z none proactiveness 20 - 20 kept
ht-record {"kind":"ht","label":"pre-t38-b-none","t":1791596173.069945346,"enabled":"madvise","defrag":"madvise","proactiveness":"20","page_bytes":4096,"huge_order":9,"free_bytes":1585788755968,"free_huge_bytes":1565186326528,"free_huge_frac":0.987008,"buddy":[8500,48149,54589,50186,40238,28634,15563,7241,3212,5323,370508],"vmstat":{"thp_migration_success":0,"thp_migration_fail":0,"thp_migration_split":0,"compact_migrate_scanned":3147946329,"compact_free_scanned":41890261,"compact_isolated":1307436,"compact_stall":0,"compact_fail":0,"compact_success":0,"compact_daemon_wake":0,"compact_daemon_migrate_scanned":931494233,"compact_daemon_free_scanned":31722901,"thp_fault_alloc":10206054,"thp_fault_fallback":0,"thp_fault_fallback_charge":0,"thp_collapse_alloc":4,"thp_collapse_alloc_failed":0,"thp_file_alloc":10794293,"thp_file_fallback":0,"thp_file_fallback_charge":0,"thp_file_mapped":10774634,"thp_split_page":4,"thp_split_page_failed":0,"thp_deferred_split_page":0,"thp_underused_split_page":0,"thp_split_pmd":0,"thp_scan_exceed_none_pte":4,"thp_scan_exceed_swap_pte":0,"thp_scan_exceed_share_pte":0,"thp_zero_page_alloc":8,"thp_zero_page_alloc_failed":0,"thp_swpout":0,"thp_swpout_fallback":0},"meminfo_kb":{"MemFree":1548622820,"AnonHugePages":0,"ShmemHugePages":5466112,"ShmemPmdMapped":0,"FileHugePages":0,"FilePmdMapped":0}}
[t38-b-none] ak2-timing	taxo	0.001339	0.569516	88213	4	0.042297	0.082640
[t38-b-none] ak2-timing	shard-load-0	0.808607	311.196453	588679	0	599.418369	561.128114
[t38-b-none] ak2-timing	rendezvous	314.209165	0.007015	6	2	0.000249	0.000234
[t38-b-none] ak2-timing	connect	314.216196	0.000003	0	0	0.000001	0.000001
[t38-b-none] ak2-timing	connect-control	314.216204	0.000006	0	0	0.000004	0.000003
[t38-b-none] ak2-timing	hash	0.570991	313.645235	590818	11	599.433355	561.131860
[t38-b-none] ak2-timing	setup	314.216233	0.000097	6	0	0.000050	0.000047
[t38-b-none] ak2-timing	classify	314.216337	2.995833	5219027	0	118.609857	8.702539
[t38-b-none] ak2-timing	barrier	317.260962	0.000025	0	0	0.000005	0.000004
[t38-b-none] ak2-timing	close	317.261006	0.000013	0	0	0.000008	0.000006
[t38-b-none] ak2-engine	result	sequences	10532910	bases	1945093294	classified	9366399
[t38-b-none] ak2-timing	report	317.261031	0.082176	162	0	0.082707	0.000000
[t38-b-none] ak2-engine	shard	0	n	1	lo	0	hi	297272917942	tail	0	full	true	empty_at	297272917942	keys	415804127	batches	276	probe_s	17.218428	tail_probes	0	wrap_probes	0
[t38-b-none] ak2-engine	mem	t_s	317.3	rss_kib	1182281628	hwm_kib	1182281628	heap_inuse	21913821184	sys	22336052256	avail_kib	359834436
[t38-b-none] ak2-engine	rendezvous	puts	1	gets	1
[t38-b-none] ak2-engine	s3	client	sdk	put	0	get	0	create_multipart	0	upload_part	0	complete_multipart	0	abort_multipart	0	part_bytes	0
[t38-b-none] ak2-engine	s3	client	cli	put	0	get	0	create_multipart	0	upload_part	0	complete_multipart	0	abort_multipart	0	part_bytes	0
[t38-b-none] ak2-engine	node	rank	0	n	1	emitter	true	blocks_cut	276	blocks_mine	276	read_s	2.368646	window_wait_s	0.377260	send_s	0.000000	sent_bytes	0	emit_wait_s	2.994252	emit_s	0.000394
[t38-b-none] ak2-engine	load	seconds	311.196446	requests	17737	retries	0	bytes	1189091737368
[t38-b-none] ak2-engine	route	transport	nodes	calls	276	keys	415804127	batches	276	route_s	3.670121	wait_s	17.257560	gather_s	1.663093
[t38-b-none] ak2-engine	worker	scan_s	69.204544	lookup_s	22.590979	classify_s	37.705369
[t38-b-none] ak2-timing	unmap	317.343731	2.230955	0	0	0.000000	2.231831
[t38-b-none] ak2-timing	total	0.000002	319.574731	5898282	15	718.214404	572.152637
ht-record {"kind":"ht","label":"post-t38-b-none","t":1791596496.193271016,"enabled":"madvise","defrag":"madvise","proactiveness":"20","page_bytes":4096,"huge_order":9,"free_bytes":1585266974720,"free_huge_bytes":1565834346496,"free_huge_frac":0.987742,"buddy":[32962,41106,42732,37626,29306,20633,13959,8131,4273,5242,370703],"vmstat":{"thp_migration_success":0,"thp_migration_fail":0,"thp_migration_split":0,"compact_migrate_scanned":3147946329,"compact_free_scanned":41890261,"compact_isolated":1307436,"compact_stall":0,"compact_fail":0,"compact_success":0,"compact_daemon_wake":0,"compact_daemon_migrate_scanned":931494233,"compact_daemon_free_scanned":31722901,"thp_fault_alloc":10773057,"thp_fault_fallback":0,"thp_fault_fallback_charge":0,"thp_collapse_alloc":5,"thp_collapse_alloc_failed":0,"thp_file_alloc":10794749,"thp_file_fallback":0,"thp_file_fallback_charge":0,"thp_file_mapped":10774634,"thp_split_page":4,"thp_split_page_failed":0,"thp_deferred_split_page":0,"thp_underused_split_page":0,"thp_split_pmd":0,"thp_scan_exceed_none_pte":5,"thp_scan_exceed_swap_pte":0,"thp_scan_exceed_share_pte":0,"thp_zero_page_alloc":9,"thp_zero_page_alloc_failed":0,"thp_swpout":0,"thp_swpout_fallback":0},"meminfo_kb":{"MemFree":1548112592,"AnonHugePages":0,"ShmemHugePages":6400000,"ShmemPmdMapped":0,"FileHugePages":0,"FilePmdMapped":0}}
probe-tune {"kind":"trial","pos":38,"rep":3,"warmup":false,"set":"none","regime":"b","applied":true,"ht_apply_rc":0,"ht_writes":0,"precompact_s":null,"load_s":311.196453,"classify_s":2.996,"load_exit":0,"classify_exit":0,"classify_wall_s":2.996000051498413,"teardown_s":3.4600000381469727,"wall_s":321.69799995422363,"total_s":314.192453,"output_sha256":"96b6f88379a4975ee54476cacca96322f04993e187266ffefd8e6cc1b788c39e","report_sha256":"8193638bdb7415fc4f36a60fa27490e708756dba2a64d79cd7586acc78d7ca0a","pre_free_huge_frac":0.987008,"pre_free_bytes":1585788755968,"pre_buddy":[8500,48149,54589,50186,40238,28634,15563,7241,3212,5323,370508],"thp":{"enabled":"madvise","defrag":"madvise","proactiveness":"20"},"vmstat_delta":{"compact_stall":0,"compact_success":0,"compact_fail":0,"compact_migrate_scanned":0,"compact_free_scanned":0,"compact_daemon_wake":0,"thp_fault_alloc":567003,"thp_fault_fallback":0,"thp_file_alloc":456,"thp_file_fallback":0},"shmem_huge_kb_after_load":null,"anon_huge_kb_peak":1161222144,"shmem_pmd_mapped_kb_peak":0,"stderr_tail":"ak2-timing\tunmap\t317.343731\t2.230955\t0\t0\t0.000000\t2.231831 ak2-timing\ttotal\t0.000002\t319.574731\t5898282\t15\t718.214404\t572.152637 "}
ak2-phase	2026-10-10T01:41:37Z	1791596497	net-1	yes
probe-tune {"kind":"net","label":"net-1","exit":0,"workers":64,"gbps":4.8653517439615594,"requests":2239,"object_bytes":1189091671800,"load_floor_s":244.3999394855253}
ak2-phase	2026-10-10T01:42:07Z	1791596527	push	no
ht-record {"kind":"ht","label":"end","t":1791596528.147250264,"enabled":"madvise","defrag":"madvise","proactiveness":"20","page_bytes":4096,"huge_order":9,"free_bytes":1586413752320,"free_huge_bytes":1567694520320,"free_huge_frac":0.988200,"buddy":[18119,32695,36270,32618,25581,18138,13701,8215,4541,5127,371204],"vmstat":{"thp_migration_success":0,"thp_migration_fail":0,"thp_migration_split":0,"compact_migrate_scanned":3147946329,"compact_free_scanned":41890261,"compact_isolated":1307436,"compact_stall":0,"compact_fail":0,"compact_success":0,"compact_daemon_wake":0,"compact_daemon_migrate_scanned":931494233,"compact_daemon_free_scanned":31722901,"thp_fault_alloc":10773057,"thp_fault_fallback":0,"thp_fault_fallback_charge":0,"thp_collapse_alloc":6,"thp_collapse_alloc_failed":0,"thp_file_alloc":10794749,"thp_file_fallback":0,"thp_file_fallback_charge":0,"thp_file_mapped":10774634,"thp_split_page":4,"thp_split_page_failed":0,"thp_deferred_split_page":0,"thp_underused_split_page":0,"thp_split_pmd":0,"thp_scan_exceed_none_pte":8,"thp_scan_exceed_swap_pte":0,"thp_scan_exceed_share_pte":0,"thp_zero_page_alloc":9,"thp_zero_page_alloc_failed":0,"thp_swpout":0,"thp_swpout_fallback":0},"meminfo_kb":{"MemFree":1549231708,"AnonHugePages":0,"ShmemHugePages":5466112,"ShmemPmdMapped":0,"FileHugePages":0,"FilePmdMapped":0}}
upstream-cohort: shell flags huB
ak2: [2026-10-10T01:42:09Z] pushed out/tune.jsonl
ak2: [2026-10-10T01:42:09Z] tune probe done: 38 trials, FAIL=0
spawn: [2026-10-10T01:42:10Z] command exit rc=0
