run_id	rank	invocation	kind	batch	sample	metric	value
20261008-064058-4a8f57c-d64a-n16-r0	0	c100	phase			taxo	0.098162
20261008-064058-4a8f57c-d64a-n16-r0	0	c100	phase			taxo.start_s	0.002836
20261008-064058-4a8f57c-d64a-n16-r0	0	c100	engine.mem			t_s	15.0
20261008-064058-4a8f57c-d64a-n16-r0	0	c100	engine.mem			rss_kib	27041976
20261008-064058-4a8f57c-d64a-n16-r0	0	c100	engine.mem			hwm_kib	27041976
20261008-064058-4a8f57c-d64a-n16-r0	0	c100	engine.mem			heap_inuse	394862592
20261008-064058-4a8f57c-d64a-n16-r0	0	c100	engine.mem			sys	409778536
20261008-064058-4a8f57c-d64a-n16-r0	0	c100	engine.mem			avail_kib	100635044
20261008-064058-4a8f57c-d64a-n16-r0	0	c100	engine.mem			t_s	30.0
20261008-064058-4a8f57c-d64a-n16-r0	0	c100	engine.mem			rss_kib	54225308
20261008-064058-4a8f57c-d64a-n16-r0	0	c100	engine.mem			hwm_kib	54225308
20261008-064058-4a8f57c-d64a-n16-r0	0	c100	engine.mem			heap_inuse	397099008
20261008-064058-4a8f57c-d64a-n16-r0	0	c100	engine.mem			sys	409778536
20261008-064058-4a8f57c-d64a-n16-r0	0	c100	engine.mem			avail_kib	73420236
20261008-064058-4a8f57c-d64a-n16-r0	0	c100	phase			shard-load-0	40.719948
20261008-064058-4a8f57c-d64a-n16-r0	0	c100	phase			shard-load-0.start_s	0.183767
20261008-064058-4a8f57c-d64a-n16-r0	0	c100	engine.mem			t_s	45.0
20261008-064058-4a8f57c-d64a-n16-r0	0	c100	engine.mem			rss_kib	72972444
20261008-064058-4a8f57c-d64a-n16-r0	0	c100	engine.mem			hwm_kib	72972448
20261008-064058-4a8f57c-d64a-n16-r0	0	c100	engine.mem			heap_inuse	403283968
20261008-064058-4a8f57c-d64a-n16-r0	0	c100	engine.mem			sys	418167144
20261008-064058-4a8f57c-d64a-n16-r0	0	c100	engine.mem			avail_kib	54609676
20261008-064058-4a8f57c-d64a-n16-r0	0	c100	engine.mem			t_s	60.0
20261008-064058-4a8f57c-d64a-n16-r0	0	c100	engine.mem			rss_kib	72977760
20261008-064058-4a8f57c-d64a-n16-r0	0	c100	engine.mem			hwm_kib	72977764
20261008-064058-4a8f57c-d64a-n16-r0	0	c100	engine.mem			heap_inuse	409141248
20261008-064058-4a8f57c-d64a-n16-r0	0	c100	engine.mem			sys	422361448
20261008-064058-4a8f57c-d64a-n16-r0	0	c100	engine.mem			avail_kib	54850696
20261008-064058-4a8f57c-d64a-n16-r0	0	c100	engine.mem			t_s	75.0
20261008-064058-4a8f57c-d64a-n16-r0	0	c100	engine.mem			rss_kib	72982192
20261008-064058-4a8f57c-d64a-n16-r0	0	c100	engine.mem			hwm_kib	72982200
20261008-064058-4a8f57c-d64a-n16-r0	0	c100	engine.mem			heap_inuse	413777920
20261008-064058-4a8f57c-d64a-n16-r0	0	c100	engine.mem			sys	426817896
20261008-064058-4a8f57c-d64a-n16-r0	0	c100	engine.mem			avail_kib	54844504
20261008-064058-4a8f57c-d64a-n16-r0	0	c100	phase			rendezvous	42.202333
20261008-064058-4a8f57c-d64a-n16-r0	0	c100	phase			rendezvous.start_s	42.255576
20261008-064058-4a8f57c-d64a-n16-r0	0	c100	phase			connect	0.031531
20261008-064058-4a8f57c-d64a-n16-r0	0	c100	phase			connect.start_s	84.457926
20261008-064058-4a8f57c-d64a-n16-r0	0	c100	phase			hash	84.388446
20261008-064058-4a8f57c-d64a-n16-r0	0	c100	phase			hash.start_s	0.101023
20261008-064058-4a8f57c-d64a-n16-r0	0	c100	engine.mem			t_s	90.0
20261008-064058-4a8f57c-d64a-n16-r0	0	c100	engine.mem			rss_kib	77823408
20261008-064058-4a8f57c-d64a-n16-r0	0	c100	engine.mem			hwm_kib	77823408
20261008-064058-4a8f57c-d64a-n16-r0	0	c100	engine.mem			heap_inuse	5109948416
20261008-064058-4a8f57c-d64a-n16-r0	0	c100	engine.mem			sys	5508108056
20261008-064058-4a8f57c-d64a-n16-r0	0	c100	engine.mem			avail_kib	49657816
20261008-064058-4a8f57c-d64a-n16-r0	0	c100	engine.mem			t_s	105.0
20261008-064058-4a8f57c-d64a-n16-r0	0	c100	engine.mem			rss_kib	78337096
20261008-064058-4a8f57c-d64a-n16-r0	0	c100	engine.mem			hwm_kib	78337096
20261008-064058-4a8f57c-d64a-n16-r0	0	c100	engine.mem			heap_inuse	3625877504
20261008-064058-4a8f57c-d64a-n16-r0	0	c100	engine.mem			sys	6020431752
20261008-064058-4a8f57c-d64a-n16-r0	0	c100	engine.mem			avail_kib	49088140
20261008-064058-4a8f57c-d64a-n16-r0	0	c100	sample	0	0-SRR5935823	mode	parallel
20261008-064058-4a8f57c-d64a-n16-r0	0	c100	sample	0	0-SRR5935823	s3client	sdk
20261008-064058-4a8f57c-d64a-n16-r0	0	c100	sample	0	0-SRR5935823	rank	0
20261008-064058-4a8f57c-d64a-n16-r0	0	c100	sample	0	0-SRR5935823	role	home
20261008-064058-4a8f57c-d64a-n16-r0	0	c100	sample	0	0-SRR5935823	inflight	1
20261008-064058-4a8f57c-d64a-n16-r0	0	c100	sample	0	0-SRR5935823	threads	16
20261008-064058-4a8f57c-d64a-n16-r0	0	c100	sample	0	0-SRR5935823	start_s	84.489503
20261008-064058-4a8f57c-d64a-n16-r0	0	c100	sample	0	0-SRR5935823	wall_s	21.288409
20261008-064058-4a8f57c-d64a-n16-r0	0	c100	sample	0	0-SRR5935823	setup_s	0.000042
20261008-064058-4a8f57c-d64a-n16-r0	0	c100	sample	0	0-SRR5935823	classify_s	20.920679
20261008-064058-4a8f57c-d64a-n16-r0	0	c100	sample	0	0-SRR5935823	close_s	0.226678
20261008-064058-4a8f57c-d64a-n16-r0	0	c100	sample	0	0-SRR5935823	report_s	0.135216
20261008-064058-4a8f57c-d64a-n16-r0	0	c100	sample	0	0-SRR5935823	status	0
20261008-064058-4a8f57c-d64a-n16-r0	0	c100	sample	0	0-SRR5935823	sequences	20770968
20261008-064058-4a8f57c-d64a-n16-r0	0	c100	sample	0	0-SRR5935823	bases	3886695944
20261008-064058-4a8f57c-d64a-n16-r0	0	c100	sample	0	0-SRR5935823	classified	20594735
20261008-064058-4a8f57c-d64a-n16-r0	0	c100	sample	0	0-SRR5935823	place	lpt
20261008-064058-4a8f57c-d64a-n16-r0	0	c100	sample	0	0-SRR5935823	weight	20770968
20261008-064058-4a8f57c-d64a-n16-r0	0	c100	engine.mem			t_s	120.0
20261008-064058-4a8f57c-d64a-n16-r0	0	c100	engine.mem			rss_kib	78717192
20261008-064058-4a8f57c-d64a-n16-r0	0	c100	engine.mem			hwm_kib	78864804
20261008-064058-4a8f57c-d64a-n16-r0	0	c100	engine.mem			heap_inuse	4759502848
20261008-064058-4a8f57c-d64a-n16-r0	0	c100	engine.mem			sys	6710788280
20261008-064058-4a8f57c-d64a-n16-r0	0	c100	engine.mem			avail_kib	48855952
20261008-064058-4a8f57c-d64a-n16-r0	0	c100	sample	0	0-SRR5935753	mode	parallel
20261008-064058-4a8f57c-d64a-n16-r0	0	c100	sample	0	0-SRR5935753	s3client	sdk
20261008-064058-4a8f57c-d64a-n16-r0	0	c100	sample	0	0-SRR5935753	rank	0
20261008-064058-4a8f57c-d64a-n16-r0	0	c100	sample	0	0-SRR5935753	role	home
20261008-064058-4a8f57c-d64a-n16-r0	0	c100	sample	0	0-SRR5935753	inflight	1
20261008-064058-4a8f57c-d64a-n16-r0	0	c100	sample	0	0-SRR5935753	threads	16
20261008-064058-4a8f57c-d64a-n16-r0	0	c100	sample	0	0-SRR5935753	start_s	105.777939
20261008-064058-4a8f57c-d64a-n16-r0	0	c100	sample	0	0-SRR5935753	wall_s	14.561210
20261008-064058-4a8f57c-d64a-n16-r0	0	c100	sample	0	0-SRR5935753	setup_s	0.000066
20261008-064058-4a8f57c-d64a-n16-r0	0	c100	sample	0	0-SRR5935753	classify_s	14.136989
20261008-064058-4a8f57c-d64a-n16-r0	0	c100	sample	0	0-SRR5935753	close_s	0.255455
20261008-064058-4a8f57c-d64a-n16-r0	0	c100	sample	0	0-SRR5935753	report_s	0.159465
20261008-064058-4a8f57c-d64a-n16-r0	0	c100	sample	0	0-SRR5935753	status	0
20261008-064058-4a8f57c-d64a-n16-r0	0	c100	sample	0	0-SRR5935753	sequences	14164085
20261008-064058-4a8f57c-d64a-n16-r0	0	c100	sample	0	0-SRR5935753	bases	2640398097
20261008-064058-4a8f57c-d64a-n16-r0	0	c100	sample	0	0-SRR5935753	classified	13689575
20261008-064058-4a8f57c-d64a-n16-r0	0	c100	sample	0	0-SRR5935753	place	lpt
20261008-064058-4a8f57c-d64a-n16-r0	0	c100	sample	0	0-SRR5935753	weight	14164085
20261008-064058-4a8f57c-d64a-n16-r0	0	c100	sample	0	0-SRR5935748	mode	parallel
20261008-064058-4a8f57c-d64a-n16-r0	0	c100	sample	0	0-SRR5935748	s3client	sdk
20261008-064058-4a8f57c-d64a-n16-r0	0	c100	sample	0	0-SRR5935748	rank	0
20261008-064058-4a8f57c-d64a-n16-r0	0	c100	sample	0	0-SRR5935748	role	home
20261008-064058-4a8f57c-d64a-n16-r0	0	c100	sample	0	0-SRR5935748	inflight	1
20261008-064058-4a8f57c-d64a-n16-r0	0	c100	sample	0	0-SRR5935748	threads	16
20261008-064058-4a8f57c-d64a-n16-r0	0	c100	sample	0	0-SRR5935748	start_s	120.339181
20261008-064058-4a8f57c-d64a-n16-r0	0	c100	sample	0	0-SRR5935748	wall_s	12.456531
20261008-064058-4a8f57c-d64a-n16-r0	0	c100	sample	0	0-SRR5935748	setup_s	0.000064
20261008-064058-4a8f57c-d64a-n16-r0	0	c100	sample	0	0-SRR5935748	classify_s	12.012958
20261008-064058-4a8f57c-d64a-n16-r0	0	c100	sample	0	0-SRR5935748	close_s	0.274474
20261008-064058-4a8f57c-d64a-n16-r0	0	c100	sample	0	0-SRR5935748	report_s	0.155162
20261008-064058-4a8f57c-d64a-n16-r0	0	c100	sample	0	0-SRR5935748	status	0
20261008-064058-4a8f57c-d64a-n16-r0	0	c100	sample	0	0-SRR5935748	sequences	11859598
20261008-064058-4a8f57c-d64a-n16-r0	0	c100	sample	0	0-SRR5935748	bases	2188903487
20261008-064058-4a8f57c-d64a-n16-r0	0	c100	sample	0	0-SRR5935748	classified	10951240
20261008-064058-4a8f57c-d64a-n16-r0	0	c100	sample	0	0-SRR5935748	place	lpt
20261008-064058-4a8f57c-d64a-n16-r0	0	c100	sample	0	0-SRR5935748	weight	11859598
20261008-064058-4a8f57c-d64a-n16-r0	0	c100	engine.mem			t_s	135.1
20261008-064058-4a8f57c-d64a-n16-r0	0	c100	engine.mem			rss_kib	77731488
20261008-064058-4a8f57c-d64a-n16-r0	0	c100	engine.mem			hwm_kib	78864804
20261008-064058-4a8f57c-d64a-n16-r0	0	c100	engine.mem			heap_inuse	4249214976
20261008-064058-4a8f57c-d64a-n16-r0	0	c100	engine.mem			sys	6710796472
20261008-064058-4a8f57c-d64a-n16-r0	0	c100	engine.mem			avail_kib	49604080
20261008-064058-4a8f57c-d64a-n16-r0	0	c100	sample	0	0-SRR5935791	mode	parallel
20261008-064058-4a8f57c-d64a-n16-r0	0	c100	sample	0	0-SRR5935791	s3client	sdk
20261008-064058-4a8f57c-d64a-n16-r0	0	c100	sample	0	0-SRR5935791	rank	0
20261008-064058-4a8f57c-d64a-n16-r0	0	c100	sample	0	0-SRR5935791	role	home
20261008-064058-4a8f57c-d64a-n16-r0	0	c100	sample	0	0-SRR5935791	inflight	1
20261008-064058-4a8f57c-d64a-n16-r0	0	c100	sample	0	0-SRR5935791	threads	16
20261008-064058-4a8f57c-d64a-n16-r0	0	c100	sample	0	0-SRR5935791	start_s	132.795733
20261008-064058-4a8f57c-d64a-n16-r0	0	c100	sample	0	0-SRR5935791	wall_s	10.951471
20261008-064058-4a8f57c-d64a-n16-r0	0	c100	sample	0	0-SRR5935791	setup_s	0.000063
20261008-064058-4a8f57c-d64a-n16-r0	0	c100	sample	0	0-SRR5935791	classify_s	10.602992
20261008-064058-4a8f57c-d64a-n16-r0	0	c100	sample	0	0-SRR5935791	close_s	0.211425
20261008-064058-4a8f57c-d64a-n16-r0	0	c100	sample	0	0-SRR5935791	report_s	0.132592
20261008-064058-4a8f57c-d64a-n16-r0	0	c100	sample	0	0-SRR5935791	status	0
20261008-064058-4a8f57c-d64a-n16-r0	0	c100	sample	0	0-SRR5935791	sequences	10140194
20261008-064058-4a8f57c-d64a-n16-r0	0	c100	sample	0	0-SRR5935791	bases	1929101997
20261008-064058-4a8f57c-d64a-n16-r0	0	c100	sample	0	0-SRR5935791	classified	10096895
20261008-064058-4a8f57c-d64a-n16-r0	0	c100	sample	0	0-SRR5935791	place	lpt
20261008-064058-4a8f57c-d64a-n16-r0	0	c100	sample	0	0-SRR5935791	weight	10140194
20261008-064058-4a8f57c-d64a-n16-r0	0	c100	engine.mem			t_s	150.1
20261008-064058-4a8f57c-d64a-n16-r0	0	c100	engine.mem			rss_kib	78252588
20261008-064058-4a8f57c-d64a-n16-r0	0	c100	engine.mem			hwm_kib	78864804
20261008-064058-4a8f57c-d64a-n16-r0	0	c100	engine.mem			heap_inuse	4859895808
20261008-064058-4a8f57c-d64a-n16-r0	0	c100	engine.mem			sys	6710927544
20261008-064058-4a8f57c-d64a-n16-r0	0	c100	engine.mem			avail_kib	49169084
20261008-064058-4a8f57c-d64a-n16-r0	0	c100	sample	0	0-SRR5935758	mode	parallel
20261008-064058-4a8f57c-d64a-n16-r0	0	c100	sample	0	0-SRR5935758	s3client	sdk
20261008-064058-4a8f57c-d64a-n16-r0	0	c100	sample	0	0-SRR5935758	rank	0
20261008-064058-4a8f57c-d64a-n16-r0	0	c100	sample	0	0-SRR5935758	role	home
20261008-064058-4a8f57c-d64a-n16-r0	0	c100	sample	0	0-SRR5935758	inflight	1
20261008-064058-4a8f57c-d64a-n16-r0	0	c100	sample	0	0-SRR5935758	threads	16
20261008-064058-4a8f57c-d64a-n16-r0	0	c100	sample	0	0-SRR5935758	start_s	143.747229
20261008-064058-4a8f57c-d64a-n16-r0	0	c100	sample	0	0-SRR5935758	wall_s	8.702878
20261008-064058-4a8f57c-d64a-n16-r0	0	c100	sample	0	0-SRR5935758	setup_s	0.000062
20261008-064058-4a8f57c-d64a-n16-r0	0	c100	sample	0	0-SRR5935758	classify_s	8.342722
20261008-064058-4a8f57c-d64a-n16-r0	0	c100	sample	0	0-SRR5935758	close_s	0.225969
20261008-064058-4a8f57c-d64a-n16-r0	0	c100	sample	0	0-SRR5935758	report_s	0.128588
20261008-064058-4a8f57c-d64a-n16-r0	0	c100	sample	0	0-SRR5935758	status	0
20261008-064058-4a8f57c-d64a-n16-r0	0	c100	sample	0	0-SRR5935758	sequences	8206591
20261008-064058-4a8f57c-d64a-n16-r0	0	c100	sample	0	0-SRR5935758	bases	1523967713
20261008-064058-4a8f57c-d64a-n16-r0	0	c100	sample	0	0-SRR5935758	classified	7998445
20261008-064058-4a8f57c-d64a-n16-r0	0	c100	sample	0	0-SRR5935758	place	lpt
20261008-064058-4a8f57c-d64a-n16-r0	0	c100	sample	0	0-SRR5935758	weight	8206591
20261008-064058-4a8f57c-d64a-n16-r0	0	c100	sample	0	0-SRR5935779	mode	parallel
20261008-064058-4a8f57c-d64a-n16-r0	0	c100	sample	0	0-SRR5935779	s3client	sdk
20261008-064058-4a8f57c-d64a-n16-r0	0	c100	sample	0	0-SRR5935779	rank	0
20261008-064058-4a8f57c-d64a-n16-r0	0	c100	sample	0	0-SRR5935779	role	home
20261008-064058-4a8f57c-d64a-n16-r0	0	c100	sample	0	0-SRR5935779	inflight	1
20261008-064058-4a8f57c-d64a-n16-r0	0	c100	sample	0	0-SRR5935779	threads	16
20261008-064058-4a8f57c-d64a-n16-r0	0	c100	sample	0	0-SRR5935779	start_s	152.450131
20261008-064058-4a8f57c-d64a-n16-r0	0	c100	sample	0	0-SRR5935779	wall_s	6.531493
20261008-064058-4a8f57c-d64a-n16-r0	0	c100	sample	0	0-SRR5935779	setup_s	0.000067
20261008-064058-4a8f57c-d64a-n16-r0	0	c100	sample	0	0-SRR5935779	classify_s	6.184014
20261008-064058-4a8f57c-d64a-n16-r0	0	c100	sample	0	0-SRR5935779	close_s	0.201618
20261008-064058-4a8f57c-d64a-n16-r0	0	c100	sample	0	0-SRR5935779	report_s	0.140181
20261008-064058-4a8f57c-d64a-n16-r0	0	c100	sample	0	0-SRR5935779	status	0
20261008-064058-4a8f57c-d64a-n16-r0	0	c100	sample	0	0-SRR5935779	sequences	5948317
20261008-064058-4a8f57c-d64a-n16-r0	0	c100	sample	0	0-SRR5935779	bases	1093467848
20261008-064058-4a8f57c-d64a-n16-r0	0	c100	sample	0	0-SRR5935779	classified	5682744
20261008-064058-4a8f57c-d64a-n16-r0	0	c100	sample	0	0-SRR5935779	place	lpt
20261008-064058-4a8f57c-d64a-n16-r0	0	c100	sample	0	0-SRR5935779	weight	5948317
20261008-064058-4a8f57c-d64a-n16-r0	0	c100	phase			batch-barrier-0	4.637392
20261008-064058-4a8f57c-d64a-n16-r0	0	c100	phase			batch-barrier-0.start_s	158.981646
20261008-064058-4a8f57c-d64a-n16-r0	0	c100	engine.mem			t_s	165.1
20261008-064058-4a8f57c-d64a-n16-r0	0	c100	engine.mem			rss_kib	78483300
20261008-064058-4a8f57c-d64a-n16-r0	0	c100	engine.mem			hwm_kib	78864804
20261008-064058-4a8f57c-d64a-n16-r0	0	c100	engine.mem			heap_inuse	3983097856
20261008-064058-4a8f57c-d64a-n16-r0	0	c100	engine.mem			sys	6718546104
20261008-064058-4a8f57c-d64a-n16-r0	0	c100	engine.mem			avail_kib	49037556
20261008-064058-4a8f57c-d64a-n16-r0	0	c100	sample	1	1-SRR5935740	mode	parallel
20261008-064058-4a8f57c-d64a-n16-r0	0	c100	sample	1	1-SRR5935740	s3client	sdk
20261008-064058-4a8f57c-d64a-n16-r0	0	c100	sample	1	1-SRR5935740	rank	0
20261008-064058-4a8f57c-d64a-n16-r0	0	c100	sample	1	1-SRR5935740	role	home
20261008-064058-4a8f57c-d64a-n16-r0	0	c100	sample	1	1-SRR5935740	inflight	1
20261008-064058-4a8f57c-d64a-n16-r0	0	c100	sample	1	1-SRR5935740	threads	16
20261008-064058-4a8f57c-d64a-n16-r0	0	c100	sample	1	1-SRR5935740	start_s	163.619064
20261008-064058-4a8f57c-d64a-n16-r0	0	c100	sample	1	1-SRR5935740	wall_s	11.061540
20261008-064058-4a8f57c-d64a-n16-r0	0	c100	sample	1	1-SRR5935740	setup_s	0.000053
20261008-064058-4a8f57c-d64a-n16-r0	0	c100	sample	1	1-SRR5935740	classify_s	10.618788
20261008-064058-4a8f57c-d64a-n16-r0	0	c100	sample	1	1-SRR5935740	close_s	0.234831
20261008-064058-4a8f57c-d64a-n16-r0	0	c100	sample	1	1-SRR5935740	report_s	0.191441
20261008-064058-4a8f57c-d64a-n16-r0	0	c100	sample	1	1-SRR5935740	status	0
20261008-064058-4a8f57c-d64a-n16-r0	0	c100	sample	1	1-SRR5935740	sequences	10532910
20261008-064058-4a8f57c-d64a-n16-r0	0	c100	sample	1	1-SRR5935740	bases	1945093294
20261008-064058-4a8f57c-d64a-n16-r0	0	c100	sample	1	1-SRR5935740	classified	9366399
20261008-064058-4a8f57c-d64a-n16-r0	0	c100	sample	1	1-SRR5935740	place	mod
20261008-064058-4a8f57c-d64a-n16-r0	0	c100	sample	1	1-SRR5935740	weight	10532910
20261008-064058-4a8f57c-d64a-n16-r0	0	c100	engine.mem			t_s	180.1
20261008-064058-4a8f57c-d64a-n16-r0	0	c100	engine.mem			rss_kib	77877944
20261008-064058-4a8f57c-d64a-n16-r0	0	c100	engine.mem			hwm_kib	79034948
20261008-064058-4a8f57c-d64a-n16-r0	0	c100	engine.mem			heap_inuse	3675947008
20261008-064058-4a8f57c-d64a-n16-r0	0	c100	engine.mem			sys	6869680344
20261008-064058-4a8f57c-d64a-n16-r0	0	c100	engine.mem			avail_kib	49502308
20261008-064058-4a8f57c-d64a-n16-r0	0	c100	sample	1	1-SRR5935756	mode	parallel
20261008-064058-4a8f57c-d64a-n16-r0	0	c100	sample	1	1-SRR5935756	s3client	sdk
20261008-064058-4a8f57c-d64a-n16-r0	0	c100	sample	1	1-SRR5935756	rank	0
20261008-064058-4a8f57c-d64a-n16-r0	0	c100	sample	1	1-SRR5935756	role	home
20261008-064058-4a8f57c-d64a-n16-r0	0	c100	sample	1	1-SRR5935756	inflight	1
20261008-064058-4a8f57c-d64a-n16-r0	0	c100	sample	1	1-SRR5935756	threads	16
20261008-064058-4a8f57c-d64a-n16-r0	0	c100	sample	1	1-SRR5935756	start_s	174.680629
20261008-064058-4a8f57c-d64a-n16-r0	0	c100	sample	1	1-SRR5935756	wall_s	16.526244
20261008-064058-4a8f57c-d64a-n16-r0	0	c100	sample	1	1-SRR5935756	setup_s	0.000076
20261008-064058-4a8f57c-d64a-n16-r0	0	c100	sample	1	1-SRR5935756	classify_s	16.122563
20261008-064058-4a8f57c-d64a-n16-r0	0	c100	sample	1	1-SRR5935756	close_s	0.228719
20261008-064058-4a8f57c-d64a-n16-r0	0	c100	sample	1	1-SRR5935756	report_s	0.162039
20261008-064058-4a8f57c-d64a-n16-r0	0	c100	sample	1	1-SRR5935756	status	0
20261008-064058-4a8f57c-d64a-n16-r0	0	c100	sample	1	1-SRR5935756	sequences	16053448
20261008-064058-4a8f57c-d64a-n16-r0	0	c100	sample	1	1-SRR5935756	bases	2993468449
20261008-064058-4a8f57c-d64a-n16-r0	0	c100	sample	1	1-SRR5935756	classified	15204484
20261008-064058-4a8f57c-d64a-n16-r0	0	c100	sample	1	1-SRR5935756	place	mod
20261008-064058-4a8f57c-d64a-n16-r0	0	c100	sample	1	1-SRR5935756	weight	16053448
20261008-064058-4a8f57c-d64a-n16-r0	0	c100	engine.mem			t_s	195.1
20261008-064058-4a8f57c-d64a-n16-r0	0	c100	engine.mem			rss_kib	78570944
20261008-064058-4a8f57c-d64a-n16-r0	0	c100	engine.mem			hwm_kib	79034948
20261008-064058-4a8f57c-d64a-n16-r0	0	c100	engine.mem			heap_inuse	3401940992
20261008-064058-4a8f57c-d64a-n16-r0	0	c100	engine.mem			sys	6869680344
20261008-064058-4a8f57c-d64a-n16-r0	0	c100	engine.mem			avail_kib	48707576
20261008-064058-4a8f57c-d64a-n16-r0	0	c100	sample	1	1-SRR5935772	mode	parallel
20261008-064058-4a8f57c-d64a-n16-r0	0	c100	sample	1	1-SRR5935772	s3client	sdk
20261008-064058-4a8f57c-d64a-n16-r0	0	c100	sample	1	1-SRR5935772	rank	0
20261008-064058-4a8f57c-d64a-n16-r0	0	c100	sample	1	1-SRR5935772	role	home
20261008-064058-4a8f57c-d64a-n16-r0	0	c100	sample	1	1-SRR5935772	inflight	1
20261008-064058-4a8f57c-d64a-n16-r0	0	c100	sample	1	1-SRR5935772	threads	16
20261008-064058-4a8f57c-d64a-n16-r0	0	c100	sample	1	1-SRR5935772	start_s	191.206896
20261008-064058-4a8f57c-d64a-n16-r0	0	c100	sample	1	1-SRR5935772	wall_s	15.620688
20261008-064058-4a8f57c-d64a-n16-r0	0	c100	sample	1	1-SRR5935772	setup_s	0.000066
20261008-064058-4a8f57c-d64a-n16-r0	0	c100	sample	1	1-SRR5935772	classify_s	15.214577
20261008-064058-4a8f57c-d64a-n16-r0	0	c100	sample	1	1-SRR5935772	close_s	0.233807
20261008-064058-4a8f57c-d64a-n16-r0	0	c100	sample	1	1-SRR5935772	report_s	0.159986
20261008-064058-4a8f57c-d64a-n16-r0	0	c100	sample	1	1-SRR5935772	status	0
20261008-064058-4a8f57c-d64a-n16-r0	0	c100	sample	1	1-SRR5935772	sequences	15271512
20261008-064058-4a8f57c-d64a-n16-r0	0	c100	sample	1	1-SRR5935772	bases	2845360298
20261008-064058-4a8f57c-d64a-n16-r0	0	c100	sample	1	1-SRR5935772	classified	14502211
20261008-064058-4a8f57c-d64a-n16-r0	0	c100	sample	1	1-SRR5935772	place	mod
20261008-064058-4a8f57c-d64a-n16-r0	0	c100	sample	1	1-SRR5935772	weight	15271512
20261008-064058-4a8f57c-d64a-n16-r0	0	c100	engine.mem			t_s	210.1
20261008-064058-4a8f57c-d64a-n16-r0	0	c100	engine.mem			rss_kib	78596216
20261008-064058-4a8f57c-d64a-n16-r0	0	c100	engine.mem			hwm_kib	79034948
20261008-064058-4a8f57c-d64a-n16-r0	0	c100	engine.mem			heap_inuse	5468184576
20261008-064058-4a8f57c-d64a-n16-r0	0	c100	engine.mem			sys	6869680344
20261008-064058-4a8f57c-d64a-n16-r0	0	c100	engine.mem			avail_kib	48964440
20261008-064058-4a8f57c-d64a-n16-r0	0	c100	sample	1	1-SRR5935788	mode	parallel
20261008-064058-4a8f57c-d64a-n16-r0	0	c100	sample	1	1-SRR5935788	s3client	sdk
20261008-064058-4a8f57c-d64a-n16-r0	0	c100	sample	1	1-SRR5935788	rank	0
20261008-064058-4a8f57c-d64a-n16-r0	0	c100	sample	1	1-SRR5935788	role	home
20261008-064058-4a8f57c-d64a-n16-r0	0	c100	sample	1	1-SRR5935788	inflight	1
20261008-064058-4a8f57c-d64a-n16-r0	0	c100	sample	1	1-SRR5935788	threads	16
20261008-064058-4a8f57c-d64a-n16-r0	0	c100	sample	1	1-SRR5935788	start_s	206.827613
20261008-064058-4a8f57c-d64a-n16-r0	0	c100	sample	1	1-SRR5935788	wall_s	11.697165
20261008-064058-4a8f57c-d64a-n16-r0	0	c100	sample	1	1-SRR5935788	setup_s	0.000065
20261008-064058-4a8f57c-d64a-n16-r0	0	c100	sample	1	1-SRR5935788	classify_s	11.256237
20261008-064058-4a8f57c-d64a-n16-r0	0	c100	sample	1	1-SRR5935788	close_s	0.215243
20261008-064058-4a8f57c-d64a-n16-r0	0	c100	sample	1	1-SRR5935788	report_s	0.219208
20261008-064058-4a8f57c-d64a-n16-r0	0	c100	sample	1	1-SRR5935788	status	0
20261008-064058-4a8f57c-d64a-n16-r0	0	c100	sample	1	1-SRR5935788	sequences	11073410
20261008-064058-4a8f57c-d64a-n16-r0	0	c100	sample	1	1-SRR5935788	bases	2024074094
20261008-064058-4a8f57c-d64a-n16-r0	0	c100	sample	1	1-SRR5935788	classified	10832572
20261008-064058-4a8f57c-d64a-n16-r0	0	c100	sample	1	1-SRR5935788	place	mod
20261008-064058-4a8f57c-d64a-n16-r0	0	c100	sample	1	1-SRR5935788	weight	11073410
20261008-064058-4a8f57c-d64a-n16-r0	0	c100	engine.mem			t_s	225.1
20261008-064058-4a8f57c-d64a-n16-r0	0	c100	engine.mem			rss_kib	78471104
20261008-064058-4a8f57c-d64a-n16-r0	0	c100	engine.mem			hwm_kib	79034948
20261008-064058-4a8f57c-d64a-n16-r0	0	c100	engine.mem			heap_inuse	3678371840
20261008-064058-4a8f57c-d64a-n16-r0	0	c100	engine.mem			sys	6869680344
20261008-064058-4a8f57c-d64a-n16-r0	0	c100	engine.mem			avail_kib	48958600
20261008-064058-4a8f57c-d64a-n16-r0	0	c100	sample	1	1-SRR5935804	mode	parallel
20261008-064058-4a8f57c-d64a-n16-r0	0	c100	sample	1	1-SRR5935804	s3client	sdk
20261008-064058-4a8f57c-d64a-n16-r0	0	c100	sample	1	1-SRR5935804	rank	0
20261008-064058-4a8f57c-d64a-n16-r0	0	c100	sample	1	1-SRR5935804	role	home
20261008-064058-4a8f57c-d64a-n16-r0	0	c100	sample	1	1-SRR5935804	inflight	1
20261008-064058-4a8f57c-d64a-n16-r0	0	c100	sample	1	1-SRR5935804	threads	16
20261008-064058-4a8f57c-d64a-n16-r0	0	c100	sample	1	1-SRR5935804	start_s	218.524802
20261008-064058-4a8f57c-d64a-n16-r0	0	c100	sample	1	1-SRR5935804	wall_s	13.168857
20261008-064058-4a8f57c-d64a-n16-r0	0	c100	sample	1	1-SRR5935804	setup_s	0.000051
20261008-064058-4a8f57c-d64a-n16-r0	0	c100	sample	1	1-SRR5935804	classify_s	12.727675
20261008-064058-4a8f57c-d64a-n16-r0	0	c100	sample	1	1-SRR5935804	close_s	0.223395
20261008-064058-4a8f57c-d64a-n16-r0	0	c100	sample	1	1-SRR5935804	report_s	0.206688
20261008-064058-4a8f57c-d64a-n16-r0	0	c100	sample	1	1-SRR5935804	status	0
20261008-064058-4a8f57c-d64a-n16-r0	0	c100	sample	1	1-SRR5935804	sequences	13253368
20261008-064058-4a8f57c-d64a-n16-r0	0	c100	sample	1	1-SRR5935804	bases	2414153428
20261008-064058-4a8f57c-d64a-n16-r0	0	c100	sample	1	1-SRR5935804	classified	12329188
20261008-064058-4a8f57c-d64a-n16-r0	0	c100	sample	1	1-SRR5935804	place	mod
20261008-064058-4a8f57c-d64a-n16-r0	0	c100	sample	1	1-SRR5935804	weight	13253368
20261008-064058-4a8f57c-d64a-n16-r0	0	c100	engine.mem			t_s	240.1
20261008-064058-4a8f57c-d64a-n16-r0	0	c100	engine.mem			rss_kib	78583316
20261008-064058-4a8f57c-d64a-n16-r0	0	c100	engine.mem			hwm_kib	79034948
20261008-064058-4a8f57c-d64a-n16-r0	0	c100	engine.mem			heap_inuse	4205182976
20261008-064058-4a8f57c-d64a-n16-r0	0	c100	engine.mem			sys	6869680344
20261008-064058-4a8f57c-d64a-n16-r0	0	c100	engine.mem			avail_kib	48718436
20261008-064058-4a8f57c-d64a-n16-r0	0	c100	sample	1	1-SRR5935820	mode	parallel
20261008-064058-4a8f57c-d64a-n16-r0	0	c100	sample	1	1-SRR5935820	s3client	sdk
20261008-064058-4a8f57c-d64a-n16-r0	0	c100	sample	1	1-SRR5935820	rank	0
20261008-064058-4a8f57c-d64a-n16-r0	0	c100	sample	1	1-SRR5935820	role	home
20261008-064058-4a8f57c-d64a-n16-r0	0	c100	sample	1	1-SRR5935820	inflight	1
20261008-064058-4a8f57c-d64a-n16-r0	0	c100	sample	1	1-SRR5935820	threads	16
20261008-064058-4a8f57c-d64a-n16-r0	0	c100	sample	1	1-SRR5935820	start_s	231.693684
20261008-064058-4a8f57c-d64a-n16-r0	0	c100	sample	1	1-SRR5935820	wall_s	11.743443
20261008-064058-4a8f57c-d64a-n16-r0	0	c100	sample	1	1-SRR5935820	setup_s	0.000063
20261008-064058-4a8f57c-d64a-n16-r0	0	c100	sample	1	1-SRR5935820	classify_s	11.322097
20261008-064058-4a8f57c-d64a-n16-r0	0	c100	sample	1	1-SRR5935820	close_s	0.263942
20261008-064058-4a8f57c-d64a-n16-r0	0	c100	sample	1	1-SRR5935820	report_s	0.142456
20261008-064058-4a8f57c-d64a-n16-r0	0	c100	sample	1	1-SRR5935820	status	0
20261008-064058-4a8f57c-d64a-n16-r0	0	c100	sample	1	1-SRR5935820	sequences	12062510
20261008-064058-4a8f57c-d64a-n16-r0	0	c100	sample	1	1-SRR5935820	bases	2207297835
20261008-064058-4a8f57c-d64a-n16-r0	0	c100	sample	1	1-SRR5935820	classified	10926608
20261008-064058-4a8f57c-d64a-n16-r0	0	c100	sample	1	1-SRR5935820	place	mod
20261008-064058-4a8f57c-d64a-n16-r0	0	c100	sample	1	1-SRR5935820	weight	12062510
20261008-064058-4a8f57c-d64a-n16-r0	0	c100	sample	1	1-SRR5935836	mode	parallel
20261008-064058-4a8f57c-d64a-n16-r0	0	c100	sample	1	1-SRR5935836	s3client	sdk
20261008-064058-4a8f57c-d64a-n16-r0	0	c100	sample	1	1-SRR5935836	rank	0
20261008-064058-4a8f57c-d64a-n16-r0	0	c100	sample	1	1-SRR5935836	role	home
20261008-064058-4a8f57c-d64a-n16-r0	0	c100	sample	1	1-SRR5935836	inflight	1
20261008-064058-4a8f57c-d64a-n16-r0	0	c100	sample	1	1-SRR5935836	threads	16
20261008-064058-4a8f57c-d64a-n16-r0	0	c100	sample	1	1-SRR5935836	start_s	243.437152
20261008-064058-4a8f57c-d64a-n16-r0	0	c100	sample	1	1-SRR5935836	wall_s	7.275305
20261008-064058-4a8f57c-d64a-n16-r0	0	c100	sample	1	1-SRR5935836	setup_s	0.000047
20261008-064058-4a8f57c-d64a-n16-r0	0	c100	sample	1	1-SRR5935836	classify_s	6.853412
20261008-064058-4a8f57c-d64a-n16-r0	0	c100	sample	1	1-SRR5935836	close_s	0.282640
20261008-064058-4a8f57c-d64a-n16-r0	0	c100	sample	1	1-SRR5935836	report_s	0.132595
20261008-064058-4a8f57c-d64a-n16-r0	0	c100	sample	1	1-SRR5935836	status	0
20261008-064058-4a8f57c-d64a-n16-r0	0	c100	sample	1	1-SRR5935836	sequences	7326365
20261008-064058-4a8f57c-d64a-n16-r0	0	c100	sample	1	1-SRR5935836	bases	1333066620
20261008-064058-4a8f57c-d64a-n16-r0	0	c100	sample	1	1-SRR5935836	classified	6965607
20261008-064058-4a8f57c-d64a-n16-r0	0	c100	sample	1	1-SRR5935836	place	mod
20261008-064058-4a8f57c-d64a-n16-r0	0	c100	sample	1	1-SRR5935836	weight	7326365
20261008-064058-4a8f57c-d64a-n16-r0	0	c100	phase			batch-barrier-1	3.048417
20261008-064058-4a8f57c-d64a-n16-r0	0	c100	phase			batch-barrier-1.start_s	250.712477
20261008-064058-4a8f57c-d64a-n16-r0	0	c100	engine.mem			t_s	255.1
20261008-064058-4a8f57c-d64a-n16-r0	0	c100	engine.mem			rss_kib	77265144
20261008-064058-4a8f57c-d64a-n16-r0	0	c100	engine.mem			hwm_kib	79034948
20261008-064058-4a8f57c-d64a-n16-r0	0	c100	engine.mem			heap_inuse	3204464640
20261008-064058-4a8f57c-d64a-n16-r0	0	c100	engine.mem			sys	6869713112
20261008-064058-4a8f57c-d64a-n16-r0	0	c100	engine.mem			avail_kib	49859836
20261008-064058-4a8f57c-d64a-n16-r0	0	c100	engine.mem			t_s	270.1
20261008-064058-4a8f57c-d64a-n16-r0	0	c100	engine.mem			rss_kib	78423636
20261008-064058-4a8f57c-d64a-n16-r0	0	c100	engine.mem			hwm_kib	79034948
20261008-064058-4a8f57c-d64a-n16-r0	0	c100	engine.mem			heap_inuse	5626363904
20261008-064058-4a8f57c-d64a-n16-r0	0	c100	engine.mem			sys	6869713112
20261008-064058-4a8f57c-d64a-n16-r0	0	c100	engine.mem			avail_kib	49231436
20261008-064058-4a8f57c-d64a-n16-r0	0	c100	sample	2	2-SRR5935823	mode	parallel
20261008-064058-4a8f57c-d64a-n16-r0	0	c100	sample	2	2-SRR5935823	s3client	sdk
20261008-064058-4a8f57c-d64a-n16-r0	0	c100	sample	2	2-SRR5935823	rank	0
20261008-064058-4a8f57c-d64a-n16-r0	0	c100	sample	2	2-SRR5935823	role	home
20261008-064058-4a8f57c-d64a-n16-r0	0	c100	sample	2	2-SRR5935823	inflight	1
20261008-064058-4a8f57c-d64a-n16-r0	0	c100	sample	2	2-SRR5935823	threads	16
20261008-064058-4a8f57c-d64a-n16-r0	0	c100	sample	2	2-SRR5935823	start_s	253.760938
20261008-064058-4a8f57c-d64a-n16-r0	0	c100	sample	2	2-SRR5935823	wall_s	21.378630
20261008-064058-4a8f57c-d64a-n16-r0	0	c100	sample	2	2-SRR5935823	setup_s	0.000057
20261008-064058-4a8f57c-d64a-n16-r0	0	c100	sample	2	2-SRR5935823	classify_s	20.963174
20261008-064058-4a8f57c-d64a-n16-r0	0	c100	sample	2	2-SRR5935823	close_s	0.273279
20261008-064058-4a8f57c-d64a-n16-r0	0	c100	sample	2	2-SRR5935823	report_s	0.136414
20261008-064058-4a8f57c-d64a-n16-r0	0	c100	sample	2	2-SRR5935823	status	0
20261008-064058-4a8f57c-d64a-n16-r0	0	c100	sample	2	2-SRR5935823	sequences	20770968
20261008-064058-4a8f57c-d64a-n16-r0	0	c100	sample	2	2-SRR5935823	bases	3886695944
20261008-064058-4a8f57c-d64a-n16-r0	0	c100	sample	2	2-SRR5935823	classified	20594735
20261008-064058-4a8f57c-d64a-n16-r0	0	c100	sample	2	2-SRR5935823	place	lpt
20261008-064058-4a8f57c-d64a-n16-r0	0	c100	sample	2	2-SRR5935823	weight	20770968
20261008-064058-4a8f57c-d64a-n16-r0	0	c100	engine.mem			t_s	285.1
20261008-064058-4a8f57c-d64a-n16-r0	0	c100	engine.mem			rss_kib	78549628
20261008-064058-4a8f57c-d64a-n16-r0	0	c100	engine.mem			hwm_kib	79034948
20261008-064058-4a8f57c-d64a-n16-r0	0	c100	engine.mem			heap_inuse	4605698048
20261008-064058-4a8f57c-d64a-n16-r0	0	c100	engine.mem			sys	6869713112
20261008-064058-4a8f57c-d64a-n16-r0	0	c100	engine.mem			avail_kib	49004500
20261008-064058-4a8f57c-d64a-n16-r0	0	c100	sample	2	2-SRR5935753	mode	parallel
20261008-064058-4a8f57c-d64a-n16-r0	0	c100	sample	2	2-SRR5935753	s3client	sdk
20261008-064058-4a8f57c-d64a-n16-r0	0	c100	sample	2	2-SRR5935753	rank	0
20261008-064058-4a8f57c-d64a-n16-r0	0	c100	sample	2	2-SRR5935753	role	home
20261008-064058-4a8f57c-d64a-n16-r0	0	c100	sample	2	2-SRR5935753	inflight	1
20261008-064058-4a8f57c-d64a-n16-r0	0	c100	sample	2	2-SRR5935753	threads	16
20261008-064058-4a8f57c-d64a-n16-r0	0	c100	sample	2	2-SRR5935753	start_s	275.139595
20261008-064058-4a8f57c-d64a-n16-r0	0	c100	sample	2	2-SRR5935753	wall_s	14.772269
20261008-064058-4a8f57c-d64a-n16-r0	0	c100	sample	2	2-SRR5935753	setup_s	0.000069
20261008-064058-4a8f57c-d64a-n16-r0	0	c100	sample	2	2-SRR5935753	classify_s	14.349724
20261008-064058-4a8f57c-d64a-n16-r0	0	c100	sample	2	2-SRR5935753	close_s	0.252359
20261008-064058-4a8f57c-d64a-n16-r0	0	c100	sample	2	2-SRR5935753	report_s	0.160768
20261008-064058-4a8f57c-d64a-n16-r0	0	c100	sample	2	2-SRR5935753	status	0
20261008-064058-4a8f57c-d64a-n16-r0	0	c100	sample	2	2-SRR5935753	sequences	14164085
20261008-064058-4a8f57c-d64a-n16-r0	0	c100	sample	2	2-SRR5935753	bases	2640398097
20261008-064058-4a8f57c-d64a-n16-r0	0	c100	sample	2	2-SRR5935753	classified	13689575
20261008-064058-4a8f57c-d64a-n16-r0	0	c100	sample	2	2-SRR5935753	place	lpt
20261008-064058-4a8f57c-d64a-n16-r0	0	c100	sample	2	2-SRR5935753	weight	14164085
20261008-064058-4a8f57c-d64a-n16-r0	0	c100	engine.mem			t_s	300.1
20261008-064058-4a8f57c-d64a-n16-r0	0	c100	engine.mem			rss_kib	78851644
20261008-064058-4a8f57c-d64a-n16-r0	0	c100	engine.mem			hwm_kib	79203360
20261008-064058-4a8f57c-d64a-n16-r0	0	c100	engine.mem			heap_inuse	5368381440
20261008-064058-4a8f57c-d64a-n16-r0	0	c100	engine.mem			sys	6869713112
20261008-064058-4a8f57c-d64a-n16-r0	0	c100	engine.mem			avail_kib	48239116
20261008-064058-4a8f57c-d64a-n16-r0	0	c100	sample	2	2-SRR5935748	mode	parallel
20261008-064058-4a8f57c-d64a-n16-r0	0	c100	sample	2	2-SRR5935748	s3client	sdk
20261008-064058-4a8f57c-d64a-n16-r0	0	c100	sample	2	2-SRR5935748	rank	0
20261008-064058-4a8f57c-d64a-n16-r0	0	c100	sample	2	2-SRR5935748	role	home
20261008-064058-4a8f57c-d64a-n16-r0	0	c100	sample	2	2-SRR5935748	inflight	1
20261008-064058-4a8f57c-d64a-n16-r0	0	c100	sample	2	2-SRR5935748	threads	16
20261008-064058-4a8f57c-d64a-n16-r0	0	c100	sample	2	2-SRR5935748	start_s	289.911888
20261008-064058-4a8f57c-d64a-n16-r0	0	c100	sample	2	2-SRR5935748	wall_s	12.461838
20261008-064058-4a8f57c-d64a-n16-r0	0	c100	sample	2	2-SRR5935748	setup_s	0.000063
20261008-064058-4a8f57c-d64a-n16-r0	0	c100	sample	2	2-SRR5935748	classify_s	11.944264
20261008-064058-4a8f57c-d64a-n16-r0	0	c100	sample	2	2-SRR5935748	close_s	0.319923
20261008-064058-4a8f57c-d64a-n16-r0	0	c100	sample	2	2-SRR5935748	report_s	0.183619
20261008-064058-4a8f57c-d64a-n16-r0	0	c100	sample	2	2-SRR5935748	status	0
20261008-064058-4a8f57c-d64a-n16-r0	0	c100	sample	2	2-SRR5935748	sequences	11859598
20261008-064058-4a8f57c-d64a-n16-r0	0	c100	sample	2	2-SRR5935748	bases	2188903487
20261008-064058-4a8f57c-d64a-n16-r0	0	c100	sample	2	2-SRR5935748	classified	10951240
20261008-064058-4a8f57c-d64a-n16-r0	0	c100	sample	2	2-SRR5935748	place	lpt
20261008-064058-4a8f57c-d64a-n16-r0	0	c100	sample	2	2-SRR5935748	weight	11859598
20261008-064058-4a8f57c-d64a-n16-r0	0	c100	sample	2	2-SRR5935791	mode	parallel
20261008-064058-4a8f57c-d64a-n16-r0	0	c100	sample	2	2-SRR5935791	s3client	sdk
20261008-064058-4a8f57c-d64a-n16-r0	0	c100	sample	2	2-SRR5935791	rank	0
20261008-064058-4a8f57c-d64a-n16-r0	0	c100	sample	2	2-SRR5935791	role	home
20261008-064058-4a8f57c-d64a-n16-r0	0	c100	sample	2	2-SRR5935791	inflight	1
20261008-064058-4a8f57c-d64a-n16-r0	0	c100	sample	2	2-SRR5935791	threads	16
20261008-064058-4a8f57c-d64a-n16-r0	0	c100	sample	2	2-SRR5935791	start_s	302.373749
20261008-064058-4a8f57c-d64a-n16-r0	0	c100	sample	2	2-SRR5935791	wall_s	11.033513
20261008-064058-4a8f57c-d64a-n16-r0	0	c100	sample	2	2-SRR5935791	setup_s	0.000065
20261008-064058-4a8f57c-d64a-n16-r0	0	c100	sample	2	2-SRR5935791	classify_s	10.671319
20261008-064058-4a8f57c-d64a-n16-r0	0	c100	sample	2	2-SRR5935791	close_s	0.250529
20261008-064058-4a8f57c-d64a-n16-r0	0	c100	sample	2	2-SRR5935791	report_s	0.107685
20261008-064058-4a8f57c-d64a-n16-r0	0	c100	sample	2	2-SRR5935791	status	0
20261008-064058-4a8f57c-d64a-n16-r0	0	c100	sample	2	2-SRR5935791	sequences	10140194
20261008-064058-4a8f57c-d64a-n16-r0	0	c100	sample	2	2-SRR5935791	bases	1929101997
20261008-064058-4a8f57c-d64a-n16-r0	0	c100	sample	2	2-SRR5935791	classified	10096895
20261008-064058-4a8f57c-d64a-n16-r0	0	c100	sample	2	2-SRR5935791	place	lpt
20261008-064058-4a8f57c-d64a-n16-r0	0	c100	sample	2	2-SRR5935791	weight	10140194
20261008-064058-4a8f57c-d64a-n16-r0	0	c100	engine.mem			t_s	315.2
20261008-064058-4a8f57c-d64a-n16-r0	0	c100	engine.mem			rss_kib	78213360
20261008-064058-4a8f57c-d64a-n16-r0	0	c100	engine.mem			hwm_kib	79203360
20261008-064058-4a8f57c-d64a-n16-r0	0	c100	engine.mem			heap_inuse	3902685184
20261008-064058-4a8f57c-d64a-n16-r0	0	c100	engine.mem			sys	6869844184
20261008-064058-4a8f57c-d64a-n16-r0	0	c100	engine.mem			avail_kib	48893300
20261008-064058-4a8f57c-d64a-n16-r0	0	c100	sample	2	2-SRR5935758	mode	parallel
20261008-064058-4a8f57c-d64a-n16-r0	0	c100	sample	2	2-SRR5935758	s3client	sdk
20261008-064058-4a8f57c-d64a-n16-r0	0	c100	sample	2	2-SRR5935758	rank	0
20261008-064058-4a8f57c-d64a-n16-r0	0	c100	sample	2	2-SRR5935758	role	home
20261008-064058-4a8f57c-d64a-n16-r0	0	c100	sample	2	2-SRR5935758	inflight	1
20261008-064058-4a8f57c-d64a-n16-r0	0	c100	sample	2	2-SRR5935758	threads	16
20261008-064058-4a8f57c-d64a-n16-r0	0	c100	sample	2	2-SRR5935758	start_s	313.407287
20261008-064058-4a8f57c-d64a-n16-r0	0	c100	sample	2	2-SRR5935758	wall_s	8.796330
20261008-064058-4a8f57c-d64a-n16-r0	0	c100	sample	2	2-SRR5935758	setup_s	0.000070
20261008-064058-4a8f57c-d64a-n16-r0	0	c100	sample	2	2-SRR5935758	classify_s	8.436084
20261008-064058-4a8f57c-d64a-n16-r0	0	c100	sample	2	2-SRR5935758	close_s	0.234530
20261008-064058-4a8f57c-d64a-n16-r0	0	c100	sample	2	2-SRR5935758	report_s	0.120151
20261008-064058-4a8f57c-d64a-n16-r0	0	c100	sample	2	2-SRR5935758	status	0
20261008-064058-4a8f57c-d64a-n16-r0	0	c100	sample	2	2-SRR5935758	sequences	8206591
20261008-064058-4a8f57c-d64a-n16-r0	0	c100	sample	2	2-SRR5935758	bases	1523967713
20261008-064058-4a8f57c-d64a-n16-r0	0	c100	sample	2	2-SRR5935758	classified	7998445
20261008-064058-4a8f57c-d64a-n16-r0	0	c100	sample	2	2-SRR5935758	place	lpt
20261008-064058-4a8f57c-d64a-n16-r0	0	c100	sample	2	2-SRR5935758	weight	8206591
20261008-064058-4a8f57c-d64a-n16-r0	0	c100	sample	2	2-SRR5935779	mode	parallel
20261008-064058-4a8f57c-d64a-n16-r0	0	c100	sample	2	2-SRR5935779	s3client	sdk
20261008-064058-4a8f57c-d64a-n16-r0	0	c100	sample	2	2-SRR5935779	rank	0
20261008-064058-4a8f57c-d64a-n16-r0	0	c100	sample	2	2-SRR5935779	role	home
20261008-064058-4a8f57c-d64a-n16-r0	0	c100	sample	2	2-SRR5935779	inflight	1
20261008-064058-4a8f57c-d64a-n16-r0	0	c100	sample	2	2-SRR5935779	threads	16
20261008-064058-4a8f57c-d64a-n16-r0	0	c100	sample	2	2-SRR5935779	start_s	322.203644
20261008-064058-4a8f57c-d64a-n16-r0	0	c100	sample	2	2-SRR5935779	wall_s	6.427975
20261008-064058-4a8f57c-d64a-n16-r0	0	c100	sample	2	2-SRR5935779	setup_s	0.000050
20261008-064058-4a8f57c-d64a-n16-r0	0	c100	sample	2	2-SRR5935779	classify_s	6.098274
20261008-064058-4a8f57c-d64a-n16-r0	0	c100	sample	2	2-SRR5935779	close_s	0.201330
20261008-064058-4a8f57c-d64a-n16-r0	0	c100	sample	2	2-SRR5935779	report_s	0.122808
20261008-064058-4a8f57c-d64a-n16-r0	0	c100	sample	2	2-SRR5935779	status	0
20261008-064058-4a8f57c-d64a-n16-r0	0	c100	sample	2	2-SRR5935779	sequences	5948317
20261008-064058-4a8f57c-d64a-n16-r0	0	c100	sample	2	2-SRR5935779	bases	1093467848
20261008-064058-4a8f57c-d64a-n16-r0	0	c100	sample	2	2-SRR5935779	classified	5682744
20261008-064058-4a8f57c-d64a-n16-r0	0	c100	sample	2	2-SRR5935779	place	lpt
20261008-064058-4a8f57c-d64a-n16-r0	0	c100	sample	2	2-SRR5935779	weight	5948317
20261008-064058-4a8f57c-d64a-n16-r0	0	c100	engine.mem			t_s	330.2
20261008-064058-4a8f57c-d64a-n16-r0	0	c100	engine.mem			rss_kib	78351968
20261008-064058-4a8f57c-d64a-n16-r0	0	c100	engine.mem			hwm_kib	79203360
20261008-064058-4a8f57c-d64a-n16-r0	0	c100	engine.mem			heap_inuse	3164897280
20261008-064058-4a8f57c-d64a-n16-r0	0	c100	engine.mem			sys	6995812600
20261008-064058-4a8f57c-d64a-n16-r0	0	c100	engine.mem			avail_kib	49001040
20261008-064058-4a8f57c-d64a-n16-r0	0	c100	phase			batch-barrier-2	5.912972
20261008-064058-4a8f57c-d64a-n16-r0	0	c100	phase			batch-barrier-2.start_s	328.631638
20261008-064058-4a8f57c-d64a-n16-r0	0	c100	phase			barrier	0.006878
20261008-064058-4a8f57c-d64a-n16-r0	0	c100	phase			barrier.start_s	340.965492
20261008-064058-4a8f57c-d64a-n16-r0	0	c100	sample	3	3-SRR5935740	mode	striped
20261008-064058-4a8f57c-d64a-n16-r0	0	c100	sample	3	3-SRR5935740	s3client	sdk
20261008-064058-4a8f57c-d64a-n16-r0	0	c100	sample	3	3-SRR5935740	rank	0
20261008-064058-4a8f57c-d64a-n16-r0	0	c100	sample	3	3-SRR5935740	role	emitter
20261008-064058-4a8f57c-d64a-n16-r0	0	c100	sample	3	3-SRR5935740	inflight	1
20261008-064058-4a8f57c-d64a-n16-r0	0	c100	sample	3	3-SRR5935740	threads	16
20261008-064058-4a8f57c-d64a-n16-r0	0	c100	sample	3	3-SRR5935740	start_s	335.174283
20261008-064058-4a8f57c-d64a-n16-r0	0	c100	sample	3	3-SRR5935740	wall_s	6.192129
20261008-064058-4a8f57c-d64a-n16-r0	0	c100	sample	3	3-SRR5935740	setup_s	0.000041
20261008-064058-4a8f57c-d64a-n16-r0	0	c100	sample	3	3-SRR5935740	classify_s	5.787593
20261008-064058-4a8f57c-d64a-n16-r0	0	c100	sample	3	3-SRR5935740	close_s	0.248389
20261008-064058-4a8f57c-d64a-n16-r0	0	c100	sample	3	3-SRR5935740	report_s	0.145431
20261008-064058-4a8f57c-d64a-n16-r0	0	c100	sample	3	3-SRR5935740	status	0
20261008-064058-4a8f57c-d64a-n16-r0	0	c100	sample	3	3-SRR5935740	sequences	10532910
20261008-064058-4a8f57c-d64a-n16-r0	0	c100	sample	3	3-SRR5935740	bases	1945093294
20261008-064058-4a8f57c-d64a-n16-r0	0	c100	sample	3	3-SRR5935740	classified	9366399
20261008-064058-4a8f57c-d64a-n16-r0	0	c100	sample	3	3-SRR5935740	place	-
20261008-064058-4a8f57c-d64a-n16-r0	0	c100	sample	3	3-SRR5935740	weight	-
20261008-064058-4a8f57c-d64a-n16-r0	0	c100	phase			batch-barrier-3	0.436952
20261008-064058-4a8f57c-d64a-n16-r0	0	c100	phase			batch-barrier-3.start_s	341.366428
20261008-064058-4a8f57c-d64a-n16-r0	0	c100	engine.mem			t_s	345.2
20261008-064058-4a8f57c-d64a-n16-r0	0	c100	engine.mem			rss_kib	75966744
20261008-064058-4a8f57c-d64a-n16-r0	0	c100	engine.mem			hwm_kib	79203360
20261008-064058-4a8f57c-d64a-n16-r0	0	c100	engine.mem			heap_inuse	2542313472
20261008-064058-4a8f57c-d64a-n16-r0	0	c100	engine.mem			sys	6996074744
20261008-064058-4a8f57c-d64a-n16-r0	0	c100	engine.mem			avail_kib	50830304
20261008-064058-4a8f57c-d64a-n16-r0	0	c100	phase			barrier	0.007110
20261008-064058-4a8f57c-d64a-n16-r0	0	c100	phase			barrier.start_s	348.172165
20261008-064058-4a8f57c-d64a-n16-r0	0	c100	sample	4	4-SRR5935740	mode	striped
20261008-064058-4a8f57c-d64a-n16-r0	0	c100	sample	4	4-SRR5935740	s3client	sdk
20261008-064058-4a8f57c-d64a-n16-r0	0	c100	sample	4	4-SRR5935740	rank	0
20261008-064058-4a8f57c-d64a-n16-r0	0	c100	sample	4	4-SRR5935740	role	emitter
20261008-064058-4a8f57c-d64a-n16-r0	0	c100	sample	4	4-SRR5935740	inflight	1
20261008-064058-4a8f57c-d64a-n16-r0	0	c100	sample	4	4-SRR5935740	threads	16
20261008-064058-4a8f57c-d64a-n16-r0	0	c100	sample	4	4-SRR5935740	start_s	342.397879
20261008-064058-4a8f57c-d64a-n16-r0	0	c100	sample	4	4-SRR5935740	wall_s	6.160423
20261008-064058-4a8f57c-d64a-n16-r0	0	c100	sample	4	4-SRR5935740	setup_s	0.000050
20261008-064058-4a8f57c-d64a-n16-r0	0	c100	sample	4	4-SRR5935740	classify_s	5.770659
20261008-064058-4a8f57c-d64a-n16-r0	0	c100	sample	4	4-SRR5935740	close_s	0.235957
20261008-064058-4a8f57c-d64a-n16-r0	0	c100	sample	4	4-SRR5935740	report_s	0.142830
20261008-064058-4a8f57c-d64a-n16-r0	0	c100	sample	4	4-SRR5935740	status	0
20261008-064058-4a8f57c-d64a-n16-r0	0	c100	sample	4	4-SRR5935740	sequences	10532910
20261008-064058-4a8f57c-d64a-n16-r0	0	c100	sample	4	4-SRR5935740	bases	1945093294
20261008-064058-4a8f57c-d64a-n16-r0	0	c100	sample	4	4-SRR5935740	classified	9366399
20261008-064058-4a8f57c-d64a-n16-r0	0	c100	sample	4	4-SRR5935740	place	-
20261008-064058-4a8f57c-d64a-n16-r0	0	c100	sample	4	4-SRR5935740	weight	-
20261008-064058-4a8f57c-d64a-n16-r0	0	c100	phase			batch-barrier-4	0.440549
20261008-064058-4a8f57c-d64a-n16-r0	0	c100	phase			batch-barrier-4.start_s	348.558320
20261008-064058-4a8f57c-d64a-n16-r0	0	c100	phase			barrier	0.007131
20261008-064058-4a8f57c-d64a-n16-r0	0	c100	phase			barrier.start_s	355.237935
20261008-064058-4a8f57c-d64a-n16-r0	0	c100	sample	5	5-SRR5935740	mode	striped
20261008-064058-4a8f57c-d64a-n16-r0	0	c100	sample	5	5-SRR5935740	s3client	sdk
20261008-064058-4a8f57c-d64a-n16-r0	0	c100	sample	5	5-SRR5935740	rank	0
20261008-064058-4a8f57c-d64a-n16-r0	0	c100	sample	5	5-SRR5935740	role	emitter
20261008-064058-4a8f57c-d64a-n16-r0	0	c100	sample	5	5-SRR5935740	inflight	1
20261008-064058-4a8f57c-d64a-n16-r0	0	c100	sample	5	5-SRR5935740	threads	16
20261008-064058-4a8f57c-d64a-n16-r0	0	c100	sample	5	5-SRR5935740	start_s	349.454550
20261008-064058-4a8f57c-d64a-n16-r0	0	c100	sample	5	5-SRR5935740	wall_s	6.224023
20261008-064058-4a8f57c-d64a-n16-r0	0	c100	sample	5	5-SRR5935740	setup_s	0.000045
20261008-064058-4a8f57c-d64a-n16-r0	0	c100	sample	5	5-SRR5935740	classify_s	5.779685
20261008-064058-4a8f57c-d64a-n16-r0	0	c100	sample	5	5-SRR5935740	close_s	0.285685
20261008-064058-4a8f57c-d64a-n16-r0	0	c100	sample	5	5-SRR5935740	report_s	0.147556
20261008-064058-4a8f57c-d64a-n16-r0	0	c100	sample	5	5-SRR5935740	status	0
20261008-064058-4a8f57c-d64a-n16-r0	0	c100	sample	5	5-SRR5935740	sequences	10532910
20261008-064058-4a8f57c-d64a-n16-r0	0	c100	sample	5	5-SRR5935740	bases	1945093294
20261008-064058-4a8f57c-d64a-n16-r0	0	c100	sample	5	5-SRR5935740	classified	9366399
20261008-064058-4a8f57c-d64a-n16-r0	0	c100	sample	5	5-SRR5935740	place	-
20261008-064058-4a8f57c-d64a-n16-r0	0	c100	sample	5	5-SRR5935740	weight	-
20261008-064058-4a8f57c-d64a-n16-r0	0	c100	phase			batch-barrier-5	0.426309
20261008-064058-4a8f57c-d64a-n16-r0	0	c100	phase			batch-barrier-5.start_s	355.678588
20261008-064058-4a8f57c-d64a-n16-r0	0	c100	engine.mem			t_s	360.2
20261008-064058-4a8f57c-d64a-n16-r0	0	c100	engine.mem			rss_kib	78153908
20261008-064058-4a8f57c-d64a-n16-r0	0	c100	engine.mem			hwm_kib	79203360
20261008-064058-4a8f57c-d64a-n16-r0	0	c100	engine.mem			heap_inuse	4500488192
20261008-064058-4a8f57c-d64a-n16-r0	0	c100	engine.mem			sys	6996074744
20261008-064058-4a8f57c-d64a-n16-r0	0	c100	engine.mem			avail_kib	49261784
20261008-064058-4a8f57c-d64a-n16-r0	0	c100	sample	6	6-SRR5935740	mode	parallel
20261008-064058-4a8f57c-d64a-n16-r0	0	c100	sample	6	6-SRR5935740	s3client	sdk
20261008-064058-4a8f57c-d64a-n16-r0	0	c100	sample	6	6-SRR5935740	rank	0
20261008-064058-4a8f57c-d64a-n16-r0	0	c100	sample	6	6-SRR5935740	role	home
20261008-064058-4a8f57c-d64a-n16-r0	0	c100	sample	6	6-SRR5935740	inflight	1
20261008-064058-4a8f57c-d64a-n16-r0	0	c100	sample	6	6-SRR5935740	threads	16
20261008-064058-4a8f57c-d64a-n16-r0	0	c100	sample	6	6-SRR5935740	start_s	356.104927
20261008-064058-4a8f57c-d64a-n16-r0	0	c100	sample	6	6-SRR5935740	wall_s	9.783367
20261008-064058-4a8f57c-d64a-n16-r0	0	c100	sample	6	6-SRR5935740	setup_s	0.000050
20261008-064058-4a8f57c-d64a-n16-r0	0	c100	sample	6	6-SRR5935740	classify_s	9.268142
20261008-064058-4a8f57c-d64a-n16-r0	0	c100	sample	6	6-SRR5935740	close_s	0.332708
20261008-064058-4a8f57c-d64a-n16-r0	0	c100	sample	6	6-SRR5935740	report_s	0.167243
20261008-064058-4a8f57c-d64a-n16-r0	0	c100	sample	6	6-SRR5935740	status	0
20261008-064058-4a8f57c-d64a-n16-r0	0	c100	sample	6	6-SRR5935740	sequences	10532910
20261008-064058-4a8f57c-d64a-n16-r0	0	c100	sample	6	6-SRR5935740	bases	1945093294
20261008-064058-4a8f57c-d64a-n16-r0	0	c100	sample	6	6-SRR5935740	classified	9366399
20261008-064058-4a8f57c-d64a-n16-r0	0	c100	sample	6	6-SRR5935740	place	lpt
20261008-064058-4a8f57c-d64a-n16-r0	0	c100	sample	6	6-SRR5935740	weight	10532910
20261008-064058-4a8f57c-d64a-n16-r0	0	c100	phase			batch-barrier-6	0.462598
20261008-064058-4a8f57c-d64a-n16-r0	0	c100	phase			batch-barrier-6.start_s	365.888311
20261008-064058-4a8f57c-d64a-n16-r0	0	c100	engine.mem			t_s	375.2
20261008-064058-4a8f57c-d64a-n16-r0	0	c100	engine.mem			rss_kib	78346792
20261008-064058-4a8f57c-d64a-n16-r0	0	c100	engine.mem			hwm_kib	79203360
20261008-064058-4a8f57c-d64a-n16-r0	0	c100	engine.mem			heap_inuse	4641218560
20261008-064058-4a8f57c-d64a-n16-r0	0	c100	engine.mem			sys	6996074744
20261008-064058-4a8f57c-d64a-n16-r0	0	c100	engine.mem			avail_kib	48783372
20261008-064058-4a8f57c-d64a-n16-r0	0	c100	sample	7	7-SRR5935740	mode	parallel
20261008-064058-4a8f57c-d64a-n16-r0	0	c100	sample	7	7-SRR5935740	s3client	sdk
20261008-064058-4a8f57c-d64a-n16-r0	0	c100	sample	7	7-SRR5935740	rank	0
20261008-064058-4a8f57c-d64a-n16-r0	0	c100	sample	7	7-SRR5935740	role	home
20261008-064058-4a8f57c-d64a-n16-r0	0	c100	sample	7	7-SRR5935740	inflight	1
20261008-064058-4a8f57c-d64a-n16-r0	0	c100	sample	7	7-SRR5935740	threads	16
20261008-064058-4a8f57c-d64a-n16-r0	0	c100	sample	7	7-SRR5935740	start_s	366.350928
20261008-064058-4a8f57c-d64a-n16-r0	0	c100	sample	7	7-SRR5935740	wall_s	9.622578
20261008-064058-4a8f57c-d64a-n16-r0	0	c100	sample	7	7-SRR5935740	setup_s	0.000050
20261008-064058-4a8f57c-d64a-n16-r0	0	c100	sample	7	7-SRR5935740	classify_s	9.141707
20261008-064058-4a8f57c-d64a-n16-r0	0	c100	sample	7	7-SRR5935740	close_s	0.320337
20261008-064058-4a8f57c-d64a-n16-r0	0	c100	sample	7	7-SRR5935740	report_s	0.144987
20261008-064058-4a8f57c-d64a-n16-r0	0	c100	sample	7	7-SRR5935740	status	0
20261008-064058-4a8f57c-d64a-n16-r0	0	c100	sample	7	7-SRR5935740	sequences	10532910
20261008-064058-4a8f57c-d64a-n16-r0	0	c100	sample	7	7-SRR5935740	bases	1945093294
20261008-064058-4a8f57c-d64a-n16-r0	0	c100	sample	7	7-SRR5935740	classified	9366399
20261008-064058-4a8f57c-d64a-n16-r0	0	c100	sample	7	7-SRR5935740	place	lpt
20261008-064058-4a8f57c-d64a-n16-r0	0	c100	sample	7	7-SRR5935740	weight	10532910
20261008-064058-4a8f57c-d64a-n16-r0	0	c100	phase			batch-barrier-7	0.454996
20261008-064058-4a8f57c-d64a-n16-r0	0	c100	phase			batch-barrier-7.start_s	375.973525
20261008-064058-4a8f57c-d64a-n16-r0	0	c100	sample	8	8-SRR5935740	mode	parallel
20261008-064058-4a8f57c-d64a-n16-r0	0	c100	sample	8	8-SRR5935740	s3client	sdk
20261008-064058-4a8f57c-d64a-n16-r0	0	c100	sample	8	8-SRR5935740	rank	0
20261008-064058-4a8f57c-d64a-n16-r0	0	c100	sample	8	8-SRR5935740	role	home
20261008-064058-4a8f57c-d64a-n16-r0	0	c100	sample	8	8-SRR5935740	inflight	1
20261008-064058-4a8f57c-d64a-n16-r0	0	c100	sample	8	8-SRR5935740	threads	16
20261008-064058-4a8f57c-d64a-n16-r0	0	c100	sample	8	8-SRR5935740	start_s	376.428540
20261008-064058-4a8f57c-d64a-n16-r0	0	c100	sample	8	8-SRR5935740	wall_s	9.559059
20261008-064058-4a8f57c-d64a-n16-r0	0	c100	sample	8	8-SRR5935740	setup_s	0.000049
20261008-064058-4a8f57c-d64a-n16-r0	0	c100	sample	8	8-SRR5935740	classify_s	9.145042
20261008-064058-4a8f57c-d64a-n16-r0	0	c100	sample	8	8-SRR5935740	close_s	0.248007
20261008-064058-4a8f57c-d64a-n16-r0	0	c100	sample	8	8-SRR5935740	report_s	0.150799
20261008-064058-4a8f57c-d64a-n16-r0	0	c100	sample	8	8-SRR5935740	status	0
20261008-064058-4a8f57c-d64a-n16-r0	0	c100	sample	8	8-SRR5935740	sequences	10532910
20261008-064058-4a8f57c-d64a-n16-r0	0	c100	sample	8	8-SRR5935740	bases	1945093294
20261008-064058-4a8f57c-d64a-n16-r0	0	c100	sample	8	8-SRR5935740	classified	9366399
20261008-064058-4a8f57c-d64a-n16-r0	0	c100	sample	8	8-SRR5935740	place	lpt
20261008-064058-4a8f57c-d64a-n16-r0	0	c100	sample	8	8-SRR5935740	weight	10532910
20261008-064058-4a8f57c-d64a-n16-r0	0	c100	phase			batch-barrier-8	0.440321
20261008-064058-4a8f57c-d64a-n16-r0	0	c100	phase			batch-barrier-8.start_s	385.987616
20261008-064058-4a8f57c-d64a-n16-r0	0	c100	engine.shard			index	0
20261008-064058-4a8f57c-d64a-n16-r0	0	c100	engine.shard			n	16
20261008-064058-4a8f57c-d64a-n16-r0	0	c100	engine.shard			lo	0
20261008-064058-4a8f57c-d64a-n16-r0	0	c100	engine.shard			hi	18579557371
20261008-064058-4a8f57c-d64a-n16-r0	0	c100	engine.shard			tail	302
20261008-064058-4a8f57c-d64a-n16-r0	0	c100	engine.shard			full	false
20261008-064058-4a8f57c-d64a-n16-r0	0	c100	engine.shard			empty_at	18579557376
20261008-064058-4a8f57c-d64a-n16-r0	0	c100	engine.shard			keys	8480550252
20261008-064058-4a8f57c-d64a-n16-r0	0	c100	engine.shard			batches	89910
20261008-064058-4a8f57c-d64a-n16-r0	0	c100	engine.shard			probe_s	214.041462
20261008-064058-4a8f57c-d64a-n16-r0	0	c100	engine.shard			tail_probes	0
20261008-064058-4a8f57c-d64a-n16-r0	0	c100	engine.shard			wrap_probes	0
20261008-064058-4a8f57c-d64a-n16-r0	0	c100	engine.mem			t_s	386.4
20261008-064058-4a8f57c-d64a-n16-r0	0	c100	engine.mem			rss_kib	78338100
20261008-064058-4a8f57c-d64a-n16-r0	0	c100	engine.mem			hwm_kib	79203360
20261008-064058-4a8f57c-d64a-n16-r0	0	c100	engine.mem			heap_inuse	5063204864
20261008-064058-4a8f57c-d64a-n16-r0	0	c100	engine.mem			sys	6996074744
20261008-064058-4a8f57c-d64a-n16-r0	0	c100	engine.mem			avail_kib	49099284
20261008-064058-4a8f57c-d64a-n16-r0	0	c100	engine.rendezvous			puts	13
20261008-064058-4a8f57c-d64a-n16-r0	0	c100	engine.rendezvous			gets	612
20261008-064058-4a8f57c-d64a-n16-r0	0	c100	engine.s3			client	sdk
20261008-064058-4a8f57c-d64a-n16-r0	0	c100	engine.s3			put	38
20261008-064058-4a8f57c-d64a-n16-r0	0	c100	engine.s3			get	612
20261008-064058-4a8f57c-d64a-n16-r0	0	c100	engine.s3			create_multipart	25
20261008-064058-4a8f57c-d64a-n16-r0	0	c100	engine.s3			upload_part	3027
20261008-064058-4a8f57c-d64a-n16-r0	0	c100	engine.s3			complete_multipart	25
20261008-064058-4a8f57c-d64a-n16-r0	0	c100	engine.s3			abort_multipart	0
20261008-064058-4a8f57c-d64a-n16-r0	0	c100	engine.s3			part_bytes	25308450271
20261008-064058-4a8f57c-d64a-n16-r0	0	c100	engine.s3			client	cli
20261008-064058-4a8f57c-d64a-n16-r0	0	c100	engine.s3			put	0
20261008-064058-4a8f57c-d64a-n16-r0	0	c100	engine.s3			get	0
20261008-064058-4a8f57c-d64a-n16-r0	0	c100	engine.s3			create_multipart	0
20261008-064058-4a8f57c-d64a-n16-r0	0	c100	engine.s3			upload_part	0
20261008-064058-4a8f57c-d64a-n16-r0	0	c100	engine.s3			complete_multipart	0
20261008-064058-4a8f57c-d64a-n16-r0	0	c100	engine.s3			abort_multipart	0
20261008-064058-4a8f57c-d64a-n16-r0	0	c100	engine.s3			part_bytes	0
20261008-064058-4a8f57c-d64a-n16-r0	0	c100	engine.load			seconds	40.719944
20261008-064058-4a8f57c-d64a-n16-r0	0	c100	engine.load			requests	1126
20261008-064058-4a8f57c-d64a-n16-r0	0	c100	engine.load			retries	0
20261008-064058-4a8f57c-d64a-n16-r0	0	c100	engine.load			bytes	74318296292
20261008-064058-4a8f57c-d64a-n16-r0	0	c100	engine.route			transport	nodes
20261008-064058-4a8f57c-d64a-n16-r0	0	c100	engine.route			calls	6886
20261008-064058-4a8f57c-d64a-n16-r0	0	c100	engine.route			keys	10395711508
20261008-064058-4a8f57c-d64a-n16-r0	0	c100	engine.route			batches	110176
20261008-064058-4a8f57c-d64a-n16-r0	0	c100	engine.route			route_s	119.561764
20261008-064058-4a8f57c-d64a-n16-r0	0	c100	engine.route			wait_s	394.775160
20261008-064058-4a8f57c-d64a-n16-r0	0	c100	engine.route			gather_s	22.931931
20261008-064058-4a8f57c-d64a-n16-r0	0	c100	engine.worker			scan_s	888.045422
20261008-064058-4a8f57c-d64a-n16-r0	0	c100	engine.worker			lookup_s	537.274021
20261008-064058-4a8f57c-d64a-n16-r0	0	c100	engine.worker			classify_s	776.175772
20261008-064058-4a8f57c-d64a-n16-r0	0	c100	phase			total	386.577211
20261008-064058-4a8f57c-d64a-n16-r0	0	c100	phase			total.start_s	0.000001
20261008-064058-4a8f57c-d64a-n16-r1	1	c100	phase			taxo	0.095967
20261008-064058-4a8f57c-d64a-n16-r1	1	c100	phase			taxo.start_s	0.002731
20261008-064058-4a8f57c-d64a-n16-r1	1	c100	engine.mem			t_s	15.0
20261008-064058-4a8f57c-d64a-n16-r1	1	c100	engine.mem			rss_kib	26108032
20261008-064058-4a8f57c-d64a-n16-r1	1	c100	engine.mem			hwm_kib	26108032
20261008-064058-4a8f57c-d64a-n16-r1	1	c100	engine.mem			heap_inuse	394674176
20261008-064058-4a8f57c-d64a-n16-r1	1	c100	engine.mem			sys	409786728
20261008-064058-4a8f57c-d64a-n16-r1	1	c100	engine.mem			avail_kib	101444012
20261008-064058-4a8f57c-d64a-n16-r1	1	c100	engine.mem			t_s	30.0
20261008-064058-4a8f57c-d64a-n16-r1	1	c100	engine.mem			rss_kib	52541532
20261008-064058-4a8f57c-d64a-n16-r1	1	c100	engine.mem			hwm_kib	52541532
20261008-064058-4a8f57c-d64a-n16-r1	1	c100	engine.mem			heap_inuse	396812288
20261008-064058-4a8f57c-d64a-n16-r1	1	c100	engine.mem			sys	410048872
20261008-064058-4a8f57c-d64a-n16-r1	1	c100	engine.mem			avail_kib	75064232
20261008-064058-4a8f57c-d64a-n16-r1	1	c100	phase			shard-load-1	41.499488
20261008-064058-4a8f57c-d64a-n16-r1	1	c100	phase			shard-load-1.start_s	0.288766
20261008-064058-4a8f57c-d64a-n16-r1	1	c100	engine.mem			t_s	45.0
20261008-064058-4a8f57c-d64a-n16-r1	1	c100	engine.mem			rss_kib	72971088
20261008-064058-4a8f57c-d64a-n16-r1	1	c100	engine.mem			hwm_kib	72971096
20261008-064058-4a8f57c-d64a-n16-r1	1	c100	engine.mem			heap_inuse	401694720
20261008-064058-4a8f57c-d64a-n16-r1	1	c100	engine.mem			sys	418699624
20261008-064058-4a8f57c-d64a-n16-r1	1	c100	engine.mem			avail_kib	54596040
20261008-064058-4a8f57c-d64a-n16-r1	1	c100	engine.mem			t_s	60.0
20261008-064058-4a8f57c-d64a-n16-r1	1	c100	engine.mem			rss_kib	72977544
20261008-064058-4a8f57c-d64a-n16-r1	1	c100	engine.mem			hwm_kib	72977548
20261008-064058-4a8f57c-d64a-n16-r1	1	c100	engine.mem			heap_inuse	408600576
20261008-064058-4a8f57c-d64a-n16-r1	1	c100	engine.mem			sys	422893928
20261008-064058-4a8f57c-d64a-n16-r1	1	c100	engine.mem			avail_kib	54831236
20261008-064058-4a8f57c-d64a-n16-r1	1	c100	engine.mem			t_s	75.0
20261008-064058-4a8f57c-d64a-n16-r1	1	c100	engine.mem			rss_kib	72981956
20261008-064058-4a8f57c-d64a-n16-r1	1	c100	engine.mem			hwm_kib	72981960
20261008-064058-4a8f57c-d64a-n16-r1	1	c100	engine.mem			heap_inuse	413360128
20261008-064058-4a8f57c-d64a-n16-r1	1	c100	engine.mem			sys	427157880
20261008-064058-4a8f57c-d64a-n16-r1	1	c100	engine.mem			avail_kib	54833128
20261008-064058-4a8f57c-d64a-n16-r1	1	c100	phase			rendezvous	42.145076
20261008-064058-4a8f57c-d64a-n16-r1	1	c100	phase			rendezvous.start_s	43.736174
20261008-064058-4a8f57c-d64a-n16-r1	1	c100	phase			connect	0.027413
20261008-064058-4a8f57c-d64a-n16-r1	1	c100	phase			connect.start_s	85.881265
20261008-064058-4a8f57c-d64a-n16-r1	1	c100	phase			hash	85.809964
20261008-064058-4a8f57c-d64a-n16-r1	1	c100	phase			hash.start_s	0.098723
20261008-064058-4a8f57c-d64a-n16-r1	1	c100	engine.mem			t_s	90.0
20261008-064058-4a8f57c-d64a-n16-r1	1	c100	engine.mem			rss_kib	77652236
20261008-064058-4a8f57c-d64a-n16-r1	1	c100	engine.mem			hwm_kib	77652236
20261008-064058-4a8f57c-d64a-n16-r1	1	c100	engine.mem			heap_inuse	4158799872
20261008-064058-4a8f57c-d64a-n16-r1	1	c100	engine.mem			sys	5358567160
20261008-064058-4a8f57c-d64a-n16-r1	1	c100	engine.mem			avail_kib	49758636
20261008-064058-4a8f57c-d64a-n16-r1	1	c100	engine.mem			t_s	105.0
20261008-064058-4a8f57c-d64a-n16-r1	1	c100	engine.mem			rss_kib	78410048
20261008-064058-4a8f57c-d64a-n16-r1	1	c100	engine.mem			hwm_kib	78410048
20261008-064058-4a8f57c-d64a-n16-r1	1	c100	engine.mem			heap_inuse	3416055808
20261008-064058-4a8f57c-d64a-n16-r1	1	c100	engine.mem			sys	6084997032
20261008-064058-4a8f57c-d64a-n16-r1	1	c100	engine.mem			avail_kib	48905136
20261008-064058-4a8f57c-d64a-n16-r1	1	c100	sample	0	0-SRR5935773	mode	parallel
20261008-064058-4a8f57c-d64a-n16-r1	1	c100	sample	0	0-SRR5935773	s3client	sdk
20261008-064058-4a8f57c-d64a-n16-r1	1	c100	sample	0	0-SRR5935773	rank	1
20261008-064058-4a8f57c-d64a-n16-r1	1	c100	sample	0	0-SRR5935773	role	home
20261008-064058-4a8f57c-d64a-n16-r1	1	c100	sample	0	0-SRR5935773	inflight	1
20261008-064058-4a8f57c-d64a-n16-r1	1	c100	sample	0	0-SRR5935773	threads	16
20261008-064058-4a8f57c-d64a-n16-r1	1	c100	sample	0	0-SRR5935773	start_s	85.908721
20261008-064058-4a8f57c-d64a-n16-r1	1	c100	sample	0	0-SRR5935773	wall_s	20.351645
20261008-064058-4a8f57c-d64a-n16-r1	1	c100	sample	0	0-SRR5935773	setup_s	0.000053
20261008-064058-4a8f57c-d64a-n16-r1	1	c100	sample	0	0-SRR5935773	classify_s	19.955390
20261008-064058-4a8f57c-d64a-n16-r1	1	c100	sample	0	0-SRR5935773	close_s	0.243004
20261008-064058-4a8f57c-d64a-n16-r1	1	c100	sample	0	0-SRR5935773	report_s	0.144835
20261008-064058-4a8f57c-d64a-n16-r1	1	c100	sample	0	0-SRR5935773	status	0
20261008-064058-4a8f57c-d64a-n16-r1	1	c100	sample	0	0-SRR5935773	sequences	20671571
20261008-064058-4a8f57c-d64a-n16-r1	1	c100	sample	0	0-SRR5935773	bases	3786101975
20261008-064058-4a8f57c-d64a-n16-r1	1	c100	sample	0	0-SRR5935773	classified	19204656
20261008-064058-4a8f57c-d64a-n16-r1	1	c100	sample	0	0-SRR5935773	place	lpt
20261008-064058-4a8f57c-d64a-n16-r1	1	c100	sample	0	0-SRR5935773	weight	20671571
20261008-064058-4a8f57c-d64a-n16-r1	1	c100	engine.mem			t_s	120.1
20261008-064058-4a8f57c-d64a-n16-r1	1	c100	engine.mem			rss_kib	78737204
20261008-064058-4a8f57c-d64a-n16-r1	1	c100	engine.mem			hwm_kib	78751500
20261008-064058-4a8f57c-d64a-n16-r1	1	c100	engine.mem			heap_inuse	4904443904
20261008-064058-4a8f57c-d64a-n16-r1	1	c100	engine.mem			sys	6592037032
20261008-064058-4a8f57c-d64a-n16-r1	1	c100	engine.mem			avail_kib	48710188
20261008-064058-4a8f57c-d64a-n16-r1	1	c100	sample	0	0-SRR5935761	mode	parallel
20261008-064058-4a8f57c-d64a-n16-r1	1	c100	sample	0	0-SRR5935761	s3client	sdk
20261008-064058-4a8f57c-d64a-n16-r1	1	c100	sample	0	0-SRR5935761	rank	1
20261008-064058-4a8f57c-d64a-n16-r1	1	c100	sample	0	0-SRR5935761	role	home
20261008-064058-4a8f57c-d64a-n16-r1	1	c100	sample	0	0-SRR5935761	inflight	1
20261008-064058-4a8f57c-d64a-n16-r1	1	c100	sample	0	0-SRR5935761	threads	16
20261008-064058-4a8f57c-d64a-n16-r1	1	c100	sample	0	0-SRR5935761	start_s	106.260396
20261008-064058-4a8f57c-d64a-n16-r1	1	c100	sample	0	0-SRR5935761	wall_s	14.937139
20261008-064058-4a8f57c-d64a-n16-r1	1	c100	sample	0	0-SRR5935761	setup_s	0.000058
20261008-064058-4a8f57c-d64a-n16-r1	1	c100	sample	0	0-SRR5935761	classify_s	14.269196
20261008-064058-4a8f57c-d64a-n16-r1	1	c100	sample	0	0-SRR5935761	close_s	0.486935
20261008-064058-4a8f57c-d64a-n16-r1	1	c100	sample	0	0-SRR5935761	report_s	0.174246
20261008-064058-4a8f57c-d64a-n16-r1	1	c100	sample	0	0-SRR5935761	status	0
20261008-064058-4a8f57c-d64a-n16-r1	1	c100	sample	0	0-SRR5935761	sequences	14191749
20261008-064058-4a8f57c-d64a-n16-r1	1	c100	sample	0	0-SRR5935761	bases	2646878118
20261008-064058-4a8f57c-d64a-n16-r1	1	c100	sample	0	0-SRR5935761	classified	13987275
20261008-064058-4a8f57c-d64a-n16-r1	1	c100	sample	0	0-SRR5935761	place	lpt
20261008-064058-4a8f57c-d64a-n16-r1	1	c100	sample	0	0-SRR5935761	weight	14191749
20261008-064058-4a8f57c-d64a-n16-r1	1	c100	sample	0	0-SRR5935795	mode	parallel
20261008-064058-4a8f57c-d64a-n16-r1	1	c100	sample	0	0-SRR5935795	s3client	sdk
20261008-064058-4a8f57c-d64a-n16-r1	1	c100	sample	0	0-SRR5935795	rank	1
20261008-064058-4a8f57c-d64a-n16-r1	1	c100	sample	0	0-SRR5935795	role	home
20261008-064058-4a8f57c-d64a-n16-r1	1	c100	sample	0	0-SRR5935795	inflight	1
20261008-064058-4a8f57c-d64a-n16-r1	1	c100	sample	0	0-SRR5935795	threads	16
20261008-064058-4a8f57c-d64a-n16-r1	1	c100	sample	0	0-SRR5935795	start_s	121.197558
20261008-064058-4a8f57c-d64a-n16-r1	1	c100	sample	0	0-SRR5935795	wall_s	12.538802
20261008-064058-4a8f57c-d64a-n16-r1	1	c100	sample	0	0-SRR5935795	setup_s	0.000068
20261008-064058-4a8f57c-d64a-n16-r1	1	c100	sample	0	0-SRR5935795	classify_s	12.177336
20261008-064058-4a8f57c-d64a-n16-r1	1	c100	sample	0	0-SRR5935795	close_s	0.230692
20261008-064058-4a8f57c-d64a-n16-r1	1	c100	sample	0	0-SRR5935795	report_s	0.124356
20261008-064058-4a8f57c-d64a-n16-r1	1	c100	sample	0	0-SRR5935795	status	0
20261008-064058-4a8f57c-d64a-n16-r1	1	c100	sample	0	0-SRR5935795	sequences	11924297
20261008-064058-4a8f57c-d64a-n16-r1	1	c100	sample	0	0-SRR5935795	bases	2214843465
20261008-064058-4a8f57c-d64a-n16-r1	1	c100	sample	0	0-SRR5935795	classified	11742476
20261008-064058-4a8f57c-d64a-n16-r1	1	c100	sample	0	0-SRR5935795	place	lpt
20261008-064058-4a8f57c-d64a-n16-r1	1	c100	sample	0	0-SRR5935795	weight	11924297
20261008-064058-4a8f57c-d64a-n16-r1	1	c100	engine.mem			t_s	135.1
20261008-064058-4a8f57c-d64a-n16-r1	1	c100	engine.mem			rss_kib	77580560
20261008-064058-4a8f57c-d64a-n16-r1	1	c100	engine.mem			hwm_kib	78800324
20261008-064058-4a8f57c-d64a-n16-r1	1	c100	engine.mem			heap_inuse	3720814592
20261008-064058-4a8f57c-d64a-n16-r1	1	c100	engine.mem			sys	6592340136
20261008-064058-4a8f57c-d64a-n16-r1	1	c100	engine.mem			avail_kib	49746492
20261008-064058-4a8f57c-d64a-n16-r1	1	c100	sample	0	0-SRR5935754	mode	parallel
20261008-064058-4a8f57c-d64a-n16-r1	1	c100	sample	0	0-SRR5935754	s3client	sdk
20261008-064058-4a8f57c-d64a-n16-r1	1	c100	sample	0	0-SRR5935754	rank	1
20261008-064058-4a8f57c-d64a-n16-r1	1	c100	sample	0	0-SRR5935754	role	home
20261008-064058-4a8f57c-d64a-n16-r1	1	c100	sample	0	0-SRR5935754	inflight	1
20261008-064058-4a8f57c-d64a-n16-r1	1	c100	sample	0	0-SRR5935754	threads	16
20261008-064058-4a8f57c-d64a-n16-r1	1	c100	sample	0	0-SRR5935754	start_s	133.736385
20261008-064058-4a8f57c-d64a-n16-r1	1	c100	sample	0	0-SRR5935754	wall_s	10.873089
20261008-064058-4a8f57c-d64a-n16-r1	1	c100	sample	0	0-SRR5935754	setup_s	0.000063
20261008-064058-4a8f57c-d64a-n16-r1	1	c100	sample	0	0-SRR5935754	classify_s	10.377124
20261008-064058-4a8f57c-d64a-n16-r1	1	c100	sample	0	0-SRR5935754	close_s	0.329951
20261008-064058-4a8f57c-d64a-n16-r1	1	c100	sample	0	0-SRR5935754	report_s	0.152376
20261008-064058-4a8f57c-d64a-n16-r1	1	c100	sample	0	0-SRR5935754	status	0
20261008-064058-4a8f57c-d64a-n16-r1	1	c100	sample	0	0-SRR5935754	sequences	10479816
20261008-064058-4a8f57c-d64a-n16-r1	1	c100	sample	0	0-SRR5935754	bases	1916830360
20261008-064058-4a8f57c-d64a-n16-r1	1	c100	sample	0	0-SRR5935754	classified	9679024
20261008-064058-4a8f57c-d64a-n16-r1	1	c100	sample	0	0-SRR5935754	place	lpt
20261008-064058-4a8f57c-d64a-n16-r1	1	c100	sample	0	0-SRR5935754	weight	10479816
20261008-064058-4a8f57c-d64a-n16-r1	1	c100	engine.mem			t_s	150.1
20261008-064058-4a8f57c-d64a-n16-r1	1	c100	engine.mem			rss_kib	78001620
20261008-064058-4a8f57c-d64a-n16-r1	1	c100	engine.mem			hwm_kib	78800324
20261008-064058-4a8f57c-d64a-n16-r1	1	c100	engine.mem			heap_inuse	3646160896
20261008-064058-4a8f57c-d64a-n16-r1	1	c100	engine.mem			sys	6592323752
20261008-064058-4a8f57c-d64a-n16-r1	1	c100	engine.mem			avail_kib	49273116
20261008-064058-4a8f57c-d64a-n16-r1	1	c100	sample	0	0-SRR5935777	mode	parallel
20261008-064058-4a8f57c-d64a-n16-r1	1	c100	sample	0	0-SRR5935777	s3client	sdk
20261008-064058-4a8f57c-d64a-n16-r1	1	c100	sample	0	0-SRR5935777	rank	1
20261008-064058-4a8f57c-d64a-n16-r1	1	c100	sample	0	0-SRR5935777	role	home
20261008-064058-4a8f57c-d64a-n16-r1	1	c100	sample	0	0-SRR5935777	inflight	1
20261008-064058-4a8f57c-d64a-n16-r1	1	c100	sample	0	0-SRR5935777	threads	16
20261008-064058-4a8f57c-d64a-n16-r1	1	c100	sample	0	0-SRR5935777	start_s	144.609497
20261008-064058-4a8f57c-d64a-n16-r1	1	c100	sample	0	0-SRR5935777	wall_s	8.707670
20261008-064058-4a8f57c-d64a-n16-r1	1	c100	sample	0	0-SRR5935777	setup_s	0.000056
20261008-064058-4a8f57c-d64a-n16-r1	1	c100	sample	0	0-SRR5935777	classify_s	8.292878
20261008-064058-4a8f57c-d64a-n16-r1	1	c100	sample	0	0-SRR5935777	close_s	0.251400
20261008-064058-4a8f57c-d64a-n16-r1	1	c100	sample	0	0-SRR5935777	report_s	0.156985
20261008-064058-4a8f57c-d64a-n16-r1	1	c100	sample	0	0-SRR5935777	status	0
20261008-064058-4a8f57c-d64a-n16-r1	1	c100	sample	0	0-SRR5935777	sequences	8173049
20261008-064058-4a8f57c-d64a-n16-r1	1	c100	sample	0	0-SRR5935777	bases	1459565869
20261008-064058-4a8f57c-d64a-n16-r1	1	c100	sample	0	0-SRR5935777	classified	7956066
20261008-064058-4a8f57c-d64a-n16-r1	1	c100	sample	0	0-SRR5935777	place	lpt
20261008-064058-4a8f57c-d64a-n16-r1	1	c100	sample	0	0-SRR5935777	weight	8173049
20261008-064058-4a8f57c-d64a-n16-r1	1	c100	sample	0	0-SRR5935783	mode	parallel
20261008-064058-4a8f57c-d64a-n16-r1	1	c100	sample	0	0-SRR5935783	s3client	sdk
20261008-064058-4a8f57c-d64a-n16-r1	1	c100	sample	0	0-SRR5935783	rank	1
20261008-064058-4a8f57c-d64a-n16-r1	1	c100	sample	0	0-SRR5935783	role	home
20261008-064058-4a8f57c-d64a-n16-r1	1	c100	sample	0	0-SRR5935783	inflight	1
20261008-064058-4a8f57c-d64a-n16-r1	1	c100	sample	0	0-SRR5935783	threads	16
20261008-064058-4a8f57c-d64a-n16-r1	1	c100	sample	0	0-SRR5935783	start_s	153.317189
20261008-064058-4a8f57c-d64a-n16-r1	1	c100	sample	0	0-SRR5935783	wall_s	3.364043
20261008-064058-4a8f57c-d64a-n16-r1	1	c100	sample	0	0-SRR5935783	setup_s	0.000060
20261008-064058-4a8f57c-d64a-n16-r1	1	c100	sample	0	0-SRR5935783	classify_s	2.935519
20261008-064058-4a8f57c-d64a-n16-r1	1	c100	sample	0	0-SRR5935783	close_s	0.259536
20261008-064058-4a8f57c-d64a-n16-r1	1	c100	sample	0	0-SRR5935783	report_s	0.165541
20261008-064058-4a8f57c-d64a-n16-r1	1	c100	sample	0	0-SRR5935783	status	0
20261008-064058-4a8f57c-d64a-n16-r1	1	c100	sample	0	0-SRR5935783	sequences	2565282
20261008-064058-4a8f57c-d64a-n16-r1	1	c100	sample	0	0-SRR5935783	bases	465562992
20261008-064058-4a8f57c-d64a-n16-r1	1	c100	sample	0	0-SRR5935783	classified	2508539
20261008-064058-4a8f57c-d64a-n16-r1	1	c100	sample	0	0-SRR5935783	place	lpt
20261008-064058-4a8f57c-d64a-n16-r1	1	c100	sample	0	0-SRR5935783	weight	2565282
20261008-064058-4a8f57c-d64a-n16-r1	1	c100	sample	0	0-SRR5935743	mode	parallel
20261008-064058-4a8f57c-d64a-n16-r1	1	c100	sample	0	0-SRR5935743	s3client	sdk
20261008-064058-4a8f57c-d64a-n16-r1	1	c100	sample	0	0-SRR5935743	rank	1
20261008-064058-4a8f57c-d64a-n16-r1	1	c100	sample	0	0-SRR5935743	role	home
20261008-064058-4a8f57c-d64a-n16-r1	1	c100	sample	0	0-SRR5935743	inflight	1
20261008-064058-4a8f57c-d64a-n16-r1	1	c100	sample	0	0-SRR5935743	threads	16
20261008-064058-4a8f57c-d64a-n16-r1	1	c100	sample	0	0-SRR5935743	start_s	156.681266
20261008-064058-4a8f57c-d64a-n16-r1	1	c100	sample	0	0-SRR5935743	wall_s	0.916053
20261008-064058-4a8f57c-d64a-n16-r1	1	c100	sample	0	0-SRR5935743	setup_s	0.000057
20261008-064058-4a8f57c-d64a-n16-r1	1	c100	sample	0	0-SRR5935743	classify_s	0.491373
20261008-064058-4a8f57c-d64a-n16-r1	1	c100	sample	0	0-SRR5935743	close_s	0.296875
20261008-064058-4a8f57c-d64a-n16-r1	1	c100	sample	0	0-SRR5935743	report_s	0.127004
20261008-064058-4a8f57c-d64a-n16-r1	1	c100	sample	0	0-SRR5935743	status	0
20261008-064058-4a8f57c-d64a-n16-r1	1	c100	sample	0	0-SRR5935743	sequences	201473
20261008-064058-4a8f57c-d64a-n16-r1	1	c100	sample	0	0-SRR5935743	bases	36745424
20261008-064058-4a8f57c-d64a-n16-r1	1	c100	sample	0	0-SRR5935743	classified	197603
20261008-064058-4a8f57c-d64a-n16-r1	1	c100	sample	0	0-SRR5935743	place	lpt
20261008-064058-4a8f57c-d64a-n16-r1	1	c100	sample	0	0-SRR5935743	weight	201473
20261008-064058-4a8f57c-d64a-n16-r1	1	c100	engine.mem			t_s	165.1
20261008-064058-4a8f57c-d64a-n16-r1	1	c100	engine.mem			rss_kib	75160808
20261008-064058-4a8f57c-d64a-n16-r1	1	c100	engine.mem			hwm_kib	78800324
20261008-064058-4a8f57c-d64a-n16-r1	1	c100	engine.mem			heap_inuse	1807122432
20261008-064058-4a8f57c-d64a-n16-r1	1	c100	engine.mem			sys	6593831080
20261008-064058-4a8f57c-d64a-n16-r1	1	c100	engine.mem			avail_kib	52176216
20261008-064058-4a8f57c-d64a-n16-r1	1	c100	phase			batch-barrier-0	8.215888
20261008-064058-4a8f57c-d64a-n16-r1	1	c100	phase			batch-barrier-0.start_s	157.597344
20261008-064058-4a8f57c-d64a-n16-r1	1	c100	engine.mem			t_s	180.1
20261008-064058-4a8f57c-d64a-n16-r1	1	c100	engine.mem			rss_kib	78485888
20261008-064058-4a8f57c-d64a-n16-r1	1	c100	engine.mem			hwm_kib	78800324
20261008-064058-4a8f57c-d64a-n16-r1	1	c100	engine.mem			heap_inuse	4026384384
20261008-064058-4a8f57c-d64a-n16-r1	1	c100	engine.mem			sys	6593896616
20261008-064058-4a8f57c-d64a-n16-r1	1	c100	engine.mem			avail_kib	48754348
20261008-064058-4a8f57c-d64a-n16-r1	1	c100	sample	1	1-SRR5935741	mode	parallel
20261008-064058-4a8f57c-d64a-n16-r1	1	c100	sample	1	1-SRR5935741	s3client	sdk
20261008-064058-4a8f57c-d64a-n16-r1	1	c100	sample	1	1-SRR5935741	rank	1
20261008-064058-4a8f57c-d64a-n16-r1	1	c100	sample	1	1-SRR5935741	role	home
20261008-064058-4a8f57c-d64a-n16-r1	1	c100	sample	1	1-SRR5935741	inflight	1
20261008-064058-4a8f57c-d64a-n16-r1	1	c100	sample	1	1-SRR5935741	threads	16
20261008-064058-4a8f57c-d64a-n16-r1	1	c100	sample	1	1-SRR5935741	start_s	165.813259
20261008-064058-4a8f57c-d64a-n16-r1	1	c100	sample	1	1-SRR5935741	wall_s	17.137763
20261008-064058-4a8f57c-d64a-n16-r1	1	c100	sample	1	1-SRR5935741	setup_s	0.000065
20261008-064058-4a8f57c-d64a-n16-r1	1	c100	sample	1	1-SRR5935741	classify_s	16.685608
20261008-064058-4a8f57c-d64a-n16-r1	1	c100	sample	1	1-SRR5935741	close_s	0.257681
20261008-064058-4a8f57c-d64a-n16-r1	1	c100	sample	1	1-SRR5935741	report_s	0.185633
20261008-064058-4a8f57c-d64a-n16-r1	1	c100	sample	1	1-SRR5935741	status	0
20261008-064058-4a8f57c-d64a-n16-r1	1	c100	sample	1	1-SRR5935741	sequences	16518263
20261008-064058-4a8f57c-d64a-n16-r1	1	c100	sample	1	1-SRR5935741	bases	3051284850
20261008-064058-4a8f57c-d64a-n16-r1	1	c100	sample	1	1-SRR5935741	classified	16141470
20261008-064058-4a8f57c-d64a-n16-r1	1	c100	sample	1	1-SRR5935741	place	mod
20261008-064058-4a8f57c-d64a-n16-r1	1	c100	sample	1	1-SRR5935741	weight	16518263
20261008-064058-4a8f57c-d64a-n16-r1	1	c100	engine.mem			t_s	195.1
20261008-064058-4a8f57c-d64a-n16-r1	1	c100	engine.mem			rss_kib	78953484
20261008-064058-4a8f57c-d64a-n16-r1	1	c100	engine.mem			hwm_kib	79254448
20261008-064058-4a8f57c-d64a-n16-r1	1	c100	engine.mem			heap_inuse	4316684288
20261008-064058-4a8f57c-d64a-n16-r1	1	c100	engine.mem			sys	6935458040
20261008-064058-4a8f57c-d64a-n16-r1	1	c100	engine.mem			avail_kib	48200024
20261008-064058-4a8f57c-d64a-n16-r1	1	c100	sample	1	1-SRR5935757	mode	parallel
20261008-064058-4a8f57c-d64a-n16-r1	1	c100	sample	1	1-SRR5935757	s3client	sdk
20261008-064058-4a8f57c-d64a-n16-r1	1	c100	sample	1	1-SRR5935757	rank	1
20261008-064058-4a8f57c-d64a-n16-r1	1	c100	sample	1	1-SRR5935757	role	home
20261008-064058-4a8f57c-d64a-n16-r1	1	c100	sample	1	1-SRR5935757	inflight	1
20261008-064058-4a8f57c-d64a-n16-r1	1	c100	sample	1	1-SRR5935757	threads	16
20261008-064058-4a8f57c-d64a-n16-r1	1	c100	sample	1	1-SRR5935757	start_s	182.951047
20261008-064058-4a8f57c-d64a-n16-r1	1	c100	sample	1	1-SRR5935757	wall_s	16.777385
20261008-064058-4a8f57c-d64a-n16-r1	1	c100	sample	1	1-SRR5935757	setup_s	0.000073
20261008-064058-4a8f57c-d64a-n16-r1	1	c100	sample	1	1-SRR5935757	classify_s	16.154777
20261008-064058-4a8f57c-d64a-n16-r1	1	c100	sample	1	1-SRR5935757	close_s	0.418384
20261008-064058-4a8f57c-d64a-n16-r1	1	c100	sample	1	1-SRR5935757	report_s	0.190322
20261008-064058-4a8f57c-d64a-n16-r1	1	c100	sample	1	1-SRR5935757	status	0
20261008-064058-4a8f57c-d64a-n16-r1	1	c100	sample	1	1-SRR5935757	sequences	16286650
20261008-064058-4a8f57c-d64a-n16-r1	1	c100	sample	1	1-SRR5935757	bases	3018354004
20261008-064058-4a8f57c-d64a-n16-r1	1	c100	sample	1	1-SRR5935757	classified	15278935
20261008-064058-4a8f57c-d64a-n16-r1	1	c100	sample	1	1-SRR5935757	place	mod
20261008-064058-4a8f57c-d64a-n16-r1	1	c100	sample	1	1-SRR5935757	weight	16286650
20261008-064058-4a8f57c-d64a-n16-r1	1	c100	engine.mem			t_s	210.2
20261008-064058-4a8f57c-d64a-n16-r1	1	c100	engine.mem			rss_kib	78543772
20261008-064058-4a8f57c-d64a-n16-r1	1	c100	engine.mem			hwm_kib	79254448
20261008-064058-4a8f57c-d64a-n16-r1	1	c100	engine.mem			heap_inuse	4671815680
20261008-064058-4a8f57c-d64a-n16-r1	1	c100	engine.mem			sys	6973206776
20261008-064058-4a8f57c-d64a-n16-r1	1	c100	engine.mem			avail_kib	48733272
20261008-064058-4a8f57c-d64a-n16-r1	1	c100	sample	1	1-SRR5935773	mode	parallel
20261008-064058-4a8f57c-d64a-n16-r1	1	c100	sample	1	1-SRR5935773	s3client	sdk
20261008-064058-4a8f57c-d64a-n16-r1	1	c100	sample	1	1-SRR5935773	rank	1
20261008-064058-4a8f57c-d64a-n16-r1	1	c100	sample	1	1-SRR5935773	role	home
20261008-064058-4a8f57c-d64a-n16-r1	1	c100	sample	1	1-SRR5935773	inflight	1
20261008-064058-4a8f57c-d64a-n16-r1	1	c100	sample	1	1-SRR5935773	threads	16
20261008-064058-4a8f57c-d64a-n16-r1	1	c100	sample	1	1-SRR5935773	start_s	199.728458
20261008-064058-4a8f57c-d64a-n16-r1	1	c100	sample	1	1-SRR5935773	wall_s	20.659039
20261008-064058-4a8f57c-d64a-n16-r1	1	c100	sample	1	1-SRR5935773	setup_s	0.000059
20261008-064058-4a8f57c-d64a-n16-r1	1	c100	sample	1	1-SRR5935773	classify_s	20.214047
20261008-064058-4a8f57c-d64a-n16-r1	1	c100	sample	1	1-SRR5935773	close_s	0.225160
20261008-064058-4a8f57c-d64a-n16-r1	1	c100	sample	1	1-SRR5935773	report_s	0.210657
20261008-064058-4a8f57c-d64a-n16-r1	1	c100	sample	1	1-SRR5935773	status	0
20261008-064058-4a8f57c-d64a-n16-r1	1	c100	sample	1	1-SRR5935773	sequences	20671571
20261008-064058-4a8f57c-d64a-n16-r1	1	c100	sample	1	1-SRR5935773	bases	3786101975
20261008-064058-4a8f57c-d64a-n16-r1	1	c100	sample	1	1-SRR5935773	classified	19204656
20261008-064058-4a8f57c-d64a-n16-r1	1	c100	sample	1	1-SRR5935773	place	mod
20261008-064058-4a8f57c-d64a-n16-r1	1	c100	sample	1	1-SRR5935773	weight	20671571
20261008-064058-4a8f57c-d64a-n16-r1	1	c100	sample	1	1-SRR5935789	mode	parallel
20261008-064058-4a8f57c-d64a-n16-r1	1	c100	sample	1	1-SRR5935789	s3client	sdk
20261008-064058-4a8f57c-d64a-n16-r1	1	c100	sample	1	1-SRR5935789	rank	1
20261008-064058-4a8f57c-d64a-n16-r1	1	c100	sample	1	1-SRR5935789	role	home
20261008-064058-4a8f57c-d64a-n16-r1	1	c100	sample	1	1-SRR5935789	inflight	1
20261008-064058-4a8f57c-d64a-n16-r1	1	c100	sample	1	1-SRR5935789	threads	16
20261008-064058-4a8f57c-d64a-n16-r1	1	c100	sample	1	1-SRR5935789	start_s	220.387525
20261008-064058-4a8f57c-d64a-n16-r1	1	c100	sample	1	1-SRR5935789	wall_s	2.250653
20261008-064058-4a8f57c-d64a-n16-r1	1	c100	sample	1	1-SRR5935789	setup_s	0.000072
20261008-064058-4a8f57c-d64a-n16-r1	1	c100	sample	1	1-SRR5935789	classify_s	1.923236
20261008-064058-4a8f57c-d64a-n16-r1	1	c100	sample	1	1-SRR5935789	close_s	0.216700
20261008-064058-4a8f57c-d64a-n16-r1	1	c100	sample	1	1-SRR5935789	report_s	0.108505
20261008-064058-4a8f57c-d64a-n16-r1	1	c100	sample	1	1-SRR5935789	status	0
20261008-064058-4a8f57c-d64a-n16-r1	1	c100	sample	1	1-SRR5935789	sequences	1513694
20261008-064058-4a8f57c-d64a-n16-r1	1	c100	sample	1	1-SRR5935789	bases	270732465
20261008-064058-4a8f57c-d64a-n16-r1	1	c100	sample	1	1-SRR5935789	classified	1488159
20261008-064058-4a8f57c-d64a-n16-r1	1	c100	sample	1	1-SRR5935789	place	mod
20261008-064058-4a8f57c-d64a-n16-r1	1	c100	sample	1	1-SRR5935789	weight	1513694
20261008-064058-4a8f57c-d64a-n16-r1	1	c100	engine.mem			t_s	225.2
20261008-064058-4a8f57c-d64a-n16-r1	1	c100	engine.mem			rss_kib	78148248
20261008-064058-4a8f57c-d64a-n16-r1	1	c100	engine.mem			hwm_kib	79254448
20261008-064058-4a8f57c-d64a-n16-r1	1	c100	engine.mem			heap_inuse	3903365120
20261008-064058-4a8f57c-d64a-n16-r1	1	c100	engine.mem			sys	6974648568
20261008-064058-4a8f57c-d64a-n16-r1	1	c100	engine.mem			avail_kib	49199640
20261008-064058-4a8f57c-d64a-n16-r1	1	c100	sample	1	1-SRR5935805	mode	parallel
20261008-064058-4a8f57c-d64a-n16-r1	1	c100	sample	1	1-SRR5935805	s3client	sdk
20261008-064058-4a8f57c-d64a-n16-r1	1	c100	sample	1	1-SRR5935805	rank	1
20261008-064058-4a8f57c-d64a-n16-r1	1	c100	sample	1	1-SRR5935805	role	home
20261008-064058-4a8f57c-d64a-n16-r1	1	c100	sample	1	1-SRR5935805	inflight	1
20261008-064058-4a8f57c-d64a-n16-r1	1	c100	sample	1	1-SRR5935805	threads	16
20261008-064058-4a8f57c-d64a-n16-r1	1	c100	sample	1	1-SRR5935805	start_s	222.638200
20261008-064058-4a8f57c-d64a-n16-r1	1	c100	sample	1	1-SRR5935805	wall_s	3.543879
20261008-064058-4a8f57c-d64a-n16-r1	1	c100	sample	1	1-SRR5935805	setup_s	0.000048
20261008-064058-4a8f57c-d64a-n16-r1	1	c100	sample	1	1-SRR5935805	classify_s	3.161002
20261008-064058-4a8f57c-d64a-n16-r1	1	c100	sample	1	1-SRR5935805	close_s	0.193768
20261008-064058-4a8f57c-d64a-n16-r1	1	c100	sample	1	1-SRR5935805	report_s	0.185734
20261008-064058-4a8f57c-d64a-n16-r1	1	c100	sample	1	1-SRR5935805	status	0
20261008-064058-4a8f57c-d64a-n16-r1	1	c100	sample	1	1-SRR5935805	sequences	2823474
20261008-064058-4a8f57c-d64a-n16-r1	1	c100	sample	1	1-SRR5935805	bases	526092284
20261008-064058-4a8f57c-d64a-n16-r1	1	c100	sample	1	1-SRR5935805	classified	2761157
20261008-064058-4a8f57c-d64a-n16-r1	1	c100	sample	1	1-SRR5935805	place	mod
20261008-064058-4a8f57c-d64a-n16-r1	1	c100	sample	1	1-SRR5935805	weight	2823474
20261008-064058-4a8f57c-d64a-n16-r1	1	c100	sample	1	1-SRR5935821	mode	parallel
20261008-064058-4a8f57c-d64a-n16-r1	1	c100	sample	1	1-SRR5935821	s3client	sdk
20261008-064058-4a8f57c-d64a-n16-r1	1	c100	sample	1	1-SRR5935821	rank	1
20261008-064058-4a8f57c-d64a-n16-r1	1	c100	sample	1	1-SRR5935821	role	home
20261008-064058-4a8f57c-d64a-n16-r1	1	c100	sample	1	1-SRR5935821	inflight	1
20261008-064058-4a8f57c-d64a-n16-r1	1	c100	sample	1	1-SRR5935821	threads	16
20261008-064058-4a8f57c-d64a-n16-r1	1	c100	sample	1	1-SRR5935821	start_s	226.182101
20261008-064058-4a8f57c-d64a-n16-r1	1	c100	sample	1	1-SRR5935821	wall_s	1.421638
20261008-064058-4a8f57c-d64a-n16-r1	1	c100	sample	1	1-SRR5935821	setup_s	0.000061
20261008-064058-4a8f57c-d64a-n16-r1	1	c100	sample	1	1-SRR5935821	classify_s	0.567887
20261008-064058-4a8f57c-d64a-n16-r1	1	c100	sample	1	1-SRR5935821	close_s	0.752427
20261008-064058-4a8f57c-d64a-n16-r1	1	c100	sample	1	1-SRR5935821	report_s	0.100184
20261008-064058-4a8f57c-d64a-n16-r1	1	c100	sample	1	1-SRR5935821	status	0
20261008-064058-4a8f57c-d64a-n16-r1	1	c100	sample	1	1-SRR5935821	sequences	297656
20261008-064058-4a8f57c-d64a-n16-r1	1	c100	sample	1	1-SRR5935821	bases	54176352
20261008-064058-4a8f57c-d64a-n16-r1	1	c100	sample	1	1-SRR5935821	classified	290837
20261008-064058-4a8f57c-d64a-n16-r1	1	c100	sample	1	1-SRR5935821	place	mod
20261008-064058-4a8f57c-d64a-n16-r1	1	c100	sample	1	1-SRR5935821	weight	297656
20261008-064058-4a8f57c-d64a-n16-r1	1	c100	sample	1	1-SRR5935837	mode	parallel
20261008-064058-4a8f57c-d64a-n16-r1	1	c100	sample	1	1-SRR5935837	s3client	sdk
20261008-064058-4a8f57c-d64a-n16-r1	1	c100	sample	1	1-SRR5935837	rank	1
20261008-064058-4a8f57c-d64a-n16-r1	1	c100	sample	1	1-SRR5935837	role	home
20261008-064058-4a8f57c-d64a-n16-r1	1	c100	sample	1	1-SRR5935837	inflight	1
20261008-064058-4a8f57c-d64a-n16-r1	1	c100	sample	1	1-SRR5935837	threads	16
20261008-064058-4a8f57c-d64a-n16-r1	1	c100	sample	1	1-SRR5935837	start_s	227.603764
20261008-064058-4a8f57c-d64a-n16-r1	1	c100	sample	1	1-SRR5935837	wall_s	9.424326
20261008-064058-4a8f57c-d64a-n16-r1	1	c100	sample	1	1-SRR5935837	setup_s	0.000052
20261008-064058-4a8f57c-d64a-n16-r1	1	c100	sample	1	1-SRR5935837	classify_s	9.019101
20261008-064058-4a8f57c-d64a-n16-r1	1	c100	sample	1	1-SRR5935837	close_s	0.249913
20261008-064058-4a8f57c-d64a-n16-r1	1	c100	sample	1	1-SRR5935837	report_s	0.145792
20261008-064058-4a8f57c-d64a-n16-r1	1	c100	sample	1	1-SRR5935837	status	0
20261008-064058-4a8f57c-d64a-n16-r1	1	c100	sample	1	1-SRR5935837	sequences	9337913
20261008-064058-4a8f57c-d64a-n16-r1	1	c100	sample	1	1-SRR5935837	bases	1691901005
20261008-064058-4a8f57c-d64a-n16-r1	1	c100	sample	1	1-SRR5935837	classified	8897092
20261008-064058-4a8f57c-d64a-n16-r1	1	c100	sample	1	1-SRR5935837	place	mod
20261008-064058-4a8f57c-d64a-n16-r1	1	c100	sample	1	1-SRR5935837	weight	9337913
20261008-064058-4a8f57c-d64a-n16-r1	1	c100	engine.mem			t_s	240.2
20261008-064058-4a8f57c-d64a-n16-r1	1	c100	engine.mem			rss_kib	78230428
20261008-064058-4a8f57c-d64a-n16-r1	1	c100	engine.mem			hwm_kib	79254448
20261008-064058-4a8f57c-d64a-n16-r1	1	c100	engine.mem			heap_inuse	3043844096
20261008-064058-4a8f57c-d64a-n16-r1	1	c100	engine.mem			sys	6974714104
20261008-064058-4a8f57c-d64a-n16-r1	1	c100	engine.mem			avail_kib	48963140
20261008-064058-4a8f57c-d64a-n16-r1	1	c100	engine.mem			t_s	255.2
20261008-064058-4a8f57c-d64a-n16-r1	1	c100	engine.mem			rss_kib	78230432
20261008-064058-4a8f57c-d64a-n16-r1	1	c100	engine.mem			hwm_kib	79254448
20261008-064058-4a8f57c-d64a-n16-r1	1	c100	engine.mem			heap_inuse	3047555072
20261008-064058-4a8f57c-d64a-n16-r1	1	c100	engine.mem			sys	6974714104
20261008-064058-4a8f57c-d64a-n16-r1	1	c100	engine.mem			avail_kib	49489484
20261008-064058-4a8f57c-d64a-n16-r1	1	c100	phase			batch-barrier-1	18.558177
20261008-064058-4a8f57c-d64a-n16-r1	1	c100	phase			batch-barrier-1.start_s	237.028110
20261008-064058-4a8f57c-d64a-n16-r1	1	c100	engine.mem			t_s	270.2
20261008-064058-4a8f57c-d64a-n16-r1	1	c100	engine.mem			rss_kib	78991416
20261008-064058-4a8f57c-d64a-n16-r1	1	c100	engine.mem			hwm_kib	79254448
20261008-064058-4a8f57c-d64a-n16-r1	1	c100	engine.mem			heap_inuse	3945963520
20261008-064058-4a8f57c-d64a-n16-r1	1	c100	engine.mem			sys	7233466680
20261008-064058-4a8f57c-d64a-n16-r1	1	c100	engine.mem			avail_kib	48479708
20261008-064058-4a8f57c-d64a-n16-r1	1	c100	sample	2	2-SRR5935773	mode	parallel
20261008-064058-4a8f57c-d64a-n16-r1	1	c100	sample	2	2-SRR5935773	s3client	sdk
20261008-064058-4a8f57c-d64a-n16-r1	1	c100	sample	2	2-SRR5935773	rank	1
20261008-064058-4a8f57c-d64a-n16-r1	1	c100	sample	2	2-SRR5935773	role	home
20261008-064058-4a8f57c-d64a-n16-r1	1	c100	sample	2	2-SRR5935773	inflight	1
20261008-064058-4a8f57c-d64a-n16-r1	1	c100	sample	2	2-SRR5935773	threads	16
20261008-064058-4a8f57c-d64a-n16-r1	1	c100	sample	2	2-SRR5935773	start_s	255.586334
20261008-064058-4a8f57c-d64a-n16-r1	1	c100	sample	2	2-SRR5935773	wall_s	20.539763
20261008-064058-4a8f57c-d64a-n16-r1	1	c100	sample	2	2-SRR5935773	setup_s	0.000057
20261008-064058-4a8f57c-d64a-n16-r1	1	c100	sample	2	2-SRR5935773	classify_s	20.044161
20261008-064058-4a8f57c-d64a-n16-r1	1	c100	sample	2	2-SRR5935773	close_s	0.348080
20261008-064058-4a8f57c-d64a-n16-r1	1	c100	sample	2	2-SRR5935773	report_s	0.139211
20261008-064058-4a8f57c-d64a-n16-r1	1	c100	sample	2	2-SRR5935773	status	0
20261008-064058-4a8f57c-d64a-n16-r1	1	c100	sample	2	2-SRR5935773	sequences	20671571
20261008-064058-4a8f57c-d64a-n16-r1	1	c100	sample	2	2-SRR5935773	bases	3786101975
20261008-064058-4a8f57c-d64a-n16-r1	1	c100	sample	2	2-SRR5935773	classified	19204656
20261008-064058-4a8f57c-d64a-n16-r1	1	c100	sample	2	2-SRR5935773	place	lpt
20261008-064058-4a8f57c-d64a-n16-r1	1	c100	sample	2	2-SRR5935773	weight	20671571
20261008-064058-4a8f57c-d64a-n16-r1	1	c100	engine.mem			t_s	285.2
20261008-064058-4a8f57c-d64a-n16-r1	1	c100	engine.mem			rss_kib	79004960
20261008-064058-4a8f57c-d64a-n16-r1	1	c100	engine.mem			hwm_kib	79494140
20261008-064058-4a8f57c-d64a-n16-r1	1	c100	engine.mem			heap_inuse	3577085952
20261008-064058-4a8f57c-d64a-n16-r1	1	c100	engine.mem			sys	7233466680
20261008-064058-4a8f57c-d64a-n16-r1	1	c100	engine.mem			avail_kib	48386120
20261008-064058-4a8f57c-d64a-n16-r1	1	c100	sample	2	2-SRR5935761	mode	parallel
20261008-064058-4a8f57c-d64a-n16-r1	1	c100	sample	2	2-SRR5935761	s3client	sdk
20261008-064058-4a8f57c-d64a-n16-r1	1	c100	sample	2	2-SRR5935761	rank	1
20261008-064058-4a8f57c-d64a-n16-r1	1	c100	sample	2	2-SRR5935761	role	home
20261008-064058-4a8f57c-d64a-n16-r1	1	c100	sample	2	2-SRR5935761	inflight	1
20261008-064058-4a8f57c-d64a-n16-r1	1	c100	sample	2	2-SRR5935761	threads	16
20261008-064058-4a8f57c-d64a-n16-r1	1	c100	sample	2	2-SRR5935761	start_s	276.126122
20261008-064058-4a8f57c-d64a-n16-r1	1	c100	sample	2	2-SRR5935761	wall_s	14.680760
20261008-064058-4a8f57c-d64a-n16-r1	1	c100	sample	2	2-SRR5935761	setup_s	0.000059
20261008-064058-4a8f57c-d64a-n16-r1	1	c100	sample	2	2-SRR5935761	classify_s	14.308287
20261008-064058-4a8f57c-d64a-n16-r1	1	c100	sample	2	2-SRR5935761	close_s	0.243126
20261008-064058-4a8f57c-d64a-n16-r1	1	c100	sample	2	2-SRR5935761	report_s	0.122568
20261008-064058-4a8f57c-d64a-n16-r1	1	c100	sample	2	2-SRR5935761	status	0
20261008-064058-4a8f57c-d64a-n16-r1	1	c100	sample	2	2-SRR5935761	sequences	14191749
20261008-064058-4a8f57c-d64a-n16-r1	1	c100	sample	2	2-SRR5935761	bases	2646878118
20261008-064058-4a8f57c-d64a-n16-r1	1	c100	sample	2	2-SRR5935761	classified	13987275
20261008-064058-4a8f57c-d64a-n16-r1	1	c100	sample	2	2-SRR5935761	place	lpt
20261008-064058-4a8f57c-d64a-n16-r1	1	c100	sample	2	2-SRR5935761	weight	14191749
20261008-064058-4a8f57c-d64a-n16-r1	1	c100	engine.mem			t_s	300.2
20261008-064058-4a8f57c-d64a-n16-r1	1	c100	engine.mem			rss_kib	78408880
20261008-064058-4a8f57c-d64a-n16-r1	1	c100	engine.mem			hwm_kib	79494140
20261008-064058-4a8f57c-d64a-n16-r1	1	c100	engine.mem			heap_inuse	3508510720
20261008-064058-4a8f57c-d64a-n16-r1	1	c100	engine.mem			sys	7233466680
20261008-064058-4a8f57c-d64a-n16-r1	1	c100	engine.mem			avail_kib	49181900
20261008-064058-4a8f57c-d64a-n16-r1	1	c100	sample	2	2-SRR5935795	mode	parallel
20261008-064058-4a8f57c-d64a-n16-r1	1	c100	sample	2	2-SRR5935795	s3client	sdk
20261008-064058-4a8f57c-d64a-n16-r1	1	c100	sample	2	2-SRR5935795	rank	1
20261008-064058-4a8f57c-d64a-n16-r1	1	c100	sample	2	2-SRR5935795	role	home
20261008-064058-4a8f57c-d64a-n16-r1	1	c100	sample	2	2-SRR5935795	inflight	1
20261008-064058-4a8f57c-d64a-n16-r1	1	c100	sample	2	2-SRR5935795	threads	16
20261008-064058-4a8f57c-d64a-n16-r1	1	c100	sample	2	2-SRR5935795	start_s	290.806904
20261008-064058-4a8f57c-d64a-n16-r1	1	c100	sample	2	2-SRR5935795	wall_s	12.493518
20261008-064058-4a8f57c-d64a-n16-r1	1	c100	sample	2	2-SRR5935795	setup_s	0.000065
20261008-064058-4a8f57c-d64a-n16-r1	1	c100	sample	2	2-SRR5935795	classify_s	12.102816
20261008-064058-4a8f57c-d64a-n16-r1	1	c100	sample	2	2-SRR5935795	close_s	0.224205
20261008-064058-4a8f57c-d64a-n16-r1	1	c100	sample	2	2-SRR5935795	report_s	0.159914
20261008-064058-4a8f57c-d64a-n16-r1	1	c100	sample	2	2-SRR5935795	status	0
20261008-064058-4a8f57c-d64a-n16-r1	1	c100	sample	2	2-SRR5935795	sequences	11924297
20261008-064058-4a8f57c-d64a-n16-r1	1	c100	sample	2	2-SRR5935795	bases	2214843465
20261008-064058-4a8f57c-d64a-n16-r1	1	c100	sample	2	2-SRR5935795	classified	11742476
20261008-064058-4a8f57c-d64a-n16-r1	1	c100	sample	2	2-SRR5935795	place	lpt
20261008-064058-4a8f57c-d64a-n16-r1	1	c100	sample	2	2-SRR5935795	weight	11924297
20261008-064058-4a8f57c-d64a-n16-r1	1	c100	sample	2	2-SRR5935754	mode	parallel
20261008-064058-4a8f57c-d64a-n16-r1	1	c100	sample	2	2-SRR5935754	s3client	sdk
20261008-064058-4a8f57c-d64a-n16-r1	1	c100	sample	2	2-SRR5935754	rank	1
20261008-064058-4a8f57c-d64a-n16-r1	1	c100	sample	2	2-SRR5935754	role	home
20261008-064058-4a8f57c-d64a-n16-r1	1	c100	sample	2	2-SRR5935754	inflight	1
20261008-064058-4a8f57c-d64a-n16-r1	1	c100	sample	2	2-SRR5935754	threads	16
20261008-064058-4a8f57c-d64a-n16-r1	1	c100	sample	2	2-SRR5935754	start_s	303.300445
20261008-064058-4a8f57c-d64a-n16-r1	1	c100	sample	2	2-SRR5935754	wall_s	10.790676
20261008-064058-4a8f57c-d64a-n16-r1	1	c100	sample	2	2-SRR5935754	setup_s	0.000054
20261008-064058-4a8f57c-d64a-n16-r1	1	c100	sample	2	2-SRR5935754	classify_s	10.333612
20261008-064058-4a8f57c-d64a-n16-r1	1	c100	sample	2	2-SRR5935754	close_s	0.287726
20261008-064058-4a8f57c-d64a-n16-r1	1	c100	sample	2	2-SRR5935754	report_s	0.155751
20261008-064058-4a8f57c-d64a-n16-r1	1	c100	sample	2	2-SRR5935754	status	0
20261008-064058-4a8f57c-d64a-n16-r1	1	c100	sample	2	2-SRR5935754	sequences	10479816
20261008-064058-4a8f57c-d64a-n16-r1	1	c100	sample	2	2-SRR5935754	bases	1916830360
20261008-064058-4a8f57c-d64a-n16-r1	1	c100	sample	2	2-SRR5935754	classified	9679024
20261008-064058-4a8f57c-d64a-n16-r1	1	c100	sample	2	2-SRR5935754	place	lpt
20261008-064058-4a8f57c-d64a-n16-r1	1	c100	sample	2	2-SRR5935754	weight	10479816
20261008-064058-4a8f57c-d64a-n16-r1	1	c100	engine.mem			t_s	315.2
20261008-064058-4a8f57c-d64a-n16-r1	1	c100	engine.mem			rss_kib	78126152
20261008-064058-4a8f57c-d64a-n16-r1	1	c100	engine.mem			hwm_kib	79494140
20261008-064058-4a8f57c-d64a-n16-r1	1	c100	engine.mem			heap_inuse	3545718784
20261008-064058-4a8f57c-d64a-n16-r1	1	c100	engine.mem			sys	7233663288
20261008-064058-4a8f57c-d64a-n16-r1	1	c100	engine.mem			avail_kib	49028292
20261008-064058-4a8f57c-d64a-n16-r1	1	c100	sample	2	2-SRR5935777	mode	parallel
20261008-064058-4a8f57c-d64a-n16-r1	1	c100	sample	2	2-SRR5935777	s3client	sdk
20261008-064058-4a8f57c-d64a-n16-r1	1	c100	sample	2	2-SRR5935777	rank	1
20261008-064058-4a8f57c-d64a-n16-r1	1	c100	sample	2	2-SRR5935777	role	home
20261008-064058-4a8f57c-d64a-n16-r1	1	c100	sample	2	2-SRR5935777	inflight	1
20261008-064058-4a8f57c-d64a-n16-r1	1	c100	sample	2	2-SRR5935777	threads	16
20261008-064058-4a8f57c-d64a-n16-r1	1	c100	sample	2	2-SRR5935777	start_s	314.091144
20261008-064058-4a8f57c-d64a-n16-r1	1	c100	sample	2	2-SRR5935777	wall_s	8.662932
20261008-064058-4a8f57c-d64a-n16-r1	1	c100	sample	2	2-SRR5935777	setup_s	0.000067
20261008-064058-4a8f57c-d64a-n16-r1	1	c100	sample	2	2-SRR5935777	classify_s	8.271767
20261008-064058-4a8f57c-d64a-n16-r1	1	c100	sample	2	2-SRR5935777	close_s	0.252485
20261008-064058-4a8f57c-d64a-n16-r1	1	c100	sample	2	2-SRR5935777	report_s	0.132380
20261008-064058-4a8f57c-d64a-n16-r1	1	c100	sample	2	2-SRR5935777	status	0
20261008-064058-4a8f57c-d64a-n16-r1	1	c100	sample	2	2-SRR5935777	sequences	8173049
20261008-064058-4a8f57c-d64a-n16-r1	1	c100	sample	2	2-SRR5935777	bases	1459565869
20261008-064058-4a8f57c-d64a-n16-r1	1	c100	sample	2	2-SRR5935777	classified	7956066
20261008-064058-4a8f57c-d64a-n16-r1	1	c100	sample	2	2-SRR5935777	place	lpt
20261008-064058-4a8f57c-d64a-n16-r1	1	c100	sample	2	2-SRR5935777	weight	8173049
20261008-064058-4a8f57c-d64a-n16-r1	1	c100	sample	2	2-SRR5935783	mode	parallel
20261008-064058-4a8f57c-d64a-n16-r1	1	c100	sample	2	2-SRR5935783	s3client	sdk
20261008-064058-4a8f57c-d64a-n16-r1	1	c100	sample	2	2-SRR5935783	rank	1
20261008-064058-4a8f57c-d64a-n16-r1	1	c100	sample	2	2-SRR5935783	role	home
20261008-064058-4a8f57c-d64a-n16-r1	1	c100	sample	2	2-SRR5935783	inflight	1
20261008-064058-4a8f57c-d64a-n16-r1	1	c100	sample	2	2-SRR5935783	threads	16
20261008-064058-4a8f57c-d64a-n16-r1	1	c100	sample	2	2-SRR5935783	start_s	322.754099
20261008-064058-4a8f57c-d64a-n16-r1	1	c100	sample	2	2-SRR5935783	wall_s	3.181879
20261008-064058-4a8f57c-d64a-n16-r1	1	c100	sample	2	2-SRR5935783	setup_s	0.000044
20261008-064058-4a8f57c-d64a-n16-r1	1	c100	sample	2	2-SRR5935783	classify_s	2.814119
20261008-064058-4a8f57c-d64a-n16-r1	1	c100	sample	2	2-SRR5935783	close_s	0.194073
20261008-064058-4a8f57c-d64a-n16-r1	1	c100	sample	2	2-SRR5935783	report_s	0.170267
20261008-064058-4a8f57c-d64a-n16-r1	1	c100	sample	2	2-SRR5935783	status	0
20261008-064058-4a8f57c-d64a-n16-r1	1	c100	sample	2	2-SRR5935783	sequences	2565282
20261008-064058-4a8f57c-d64a-n16-r1	1	c100	sample	2	2-SRR5935783	bases	465562992
20261008-064058-4a8f57c-d64a-n16-r1	1	c100	sample	2	2-SRR5935783	classified	2508539
20261008-064058-4a8f57c-d64a-n16-r1	1	c100	sample	2	2-SRR5935783	place	lpt
20261008-064058-4a8f57c-d64a-n16-r1	1	c100	sample	2	2-SRR5935783	weight	2565282
20261008-064058-4a8f57c-d64a-n16-r1	1	c100	sample	2	2-SRR5935743	mode	parallel
20261008-064058-4a8f57c-d64a-n16-r1	1	c100	sample	2	2-SRR5935743	s3client	sdk
20261008-064058-4a8f57c-d64a-n16-r1	1	c100	sample	2	2-SRR5935743	rank	1
20261008-064058-4a8f57c-d64a-n16-r1	1	c100	sample	2	2-SRR5935743	role	home
20261008-064058-4a8f57c-d64a-n16-r1	1	c100	sample	2	2-SRR5935743	inflight	1
20261008-064058-4a8f57c-d64a-n16-r1	1	c100	sample	2	2-SRR5935743	threads	16
20261008-064058-4a8f57c-d64a-n16-r1	1	c100	sample	2	2-SRR5935743	start_s	325.936012
20261008-064058-4a8f57c-d64a-n16-r1	1	c100	sample	2	2-SRR5935743	wall_s	0.851548
20261008-064058-4a8f57c-d64a-n16-r1	1	c100	sample	2	2-SRR5935743	setup_s	0.000064
20261008-064058-4a8f57c-d64a-n16-r1	1	c100	sample	2	2-SRR5935743	classify_s	0.459157
20261008-064058-4a8f57c-d64a-n16-r1	1	c100	sample	2	2-SRR5935743	close_s	0.269430
20261008-064058-4a8f57c-d64a-n16-r1	1	c100	sample	2	2-SRR5935743	report_s	0.122161
20261008-064058-4a8f57c-d64a-n16-r1	1	c100	sample	2	2-SRR5935743	status	0
20261008-064058-4a8f57c-d64a-n16-r1	1	c100	sample	2	2-SRR5935743	sequences	201473
20261008-064058-4a8f57c-d64a-n16-r1	1	c100	sample	2	2-SRR5935743	bases	36745424
20261008-064058-4a8f57c-d64a-n16-r1	1	c100	sample	2	2-SRR5935743	classified	197603
20261008-064058-4a8f57c-d64a-n16-r1	1	c100	sample	2	2-SRR5935743	place	lpt
20261008-064058-4a8f57c-d64a-n16-r1	1	c100	sample	2	2-SRR5935743	weight	201473
20261008-064058-4a8f57c-d64a-n16-r1	1	c100	engine.mem			t_s	330.2
20261008-064058-4a8f57c-d64a-n16-r1	1	c100	engine.mem			rss_kib	76790080
20261008-064058-4a8f57c-d64a-n16-r1	1	c100	engine.mem			hwm_kib	79494140
20261008-064058-4a8f57c-d64a-n16-r1	1	c100	engine.mem			heap_inuse	2157944832
20261008-064058-4a8f57c-d64a-n16-r1	1	c100	engine.mem			sys	7233990968
20261008-064058-4a8f57c-d64a-n16-r1	1	c100	engine.mem			avail_kib	50412500
20261008-064058-4a8f57c-d64a-n16-r1	1	c100	phase			batch-barrier-2	9.134301
20261008-064058-4a8f57c-d64a-n16-r1	1	c100	phase			batch-barrier-2.start_s	326.787581
20261008-064058-4a8f57c-d64a-n16-r1	1	c100	phase			barrier	0.221848
20261008-064058-4a8f57c-d64a-n16-r1	1	c100	phase			barrier.start_s	342.260281
20261008-064058-4a8f57c-d64a-n16-r1	1	c100	sample	3	3-SRR5935740	mode	striped
20261008-064058-4a8f57c-d64a-n16-r1	1	c100	sample	3	3-SRR5935740	s3client	sdk
20261008-064058-4a8f57c-d64a-n16-r1	1	c100	sample	3	3-SRR5935740	rank	1
20261008-064058-4a8f57c-d64a-n16-r1	1	c100	sample	3	3-SRR5935740	role	peer
20261008-064058-4a8f57c-d64a-n16-r1	1	c100	sample	3	3-SRR5935740	inflight	1
20261008-064058-4a8f57c-d64a-n16-r1	1	c100	sample	3	3-SRR5935740	threads	16
20261008-064058-4a8f57c-d64a-n16-r1	1	c100	sample	3	3-SRR5935740	start_s	336.508815
20261008-064058-4a8f57c-d64a-n16-r1	1	c100	sample	3	3-SRR5935740	wall_s	5.973357
20261008-064058-4a8f57c-d64a-n16-r1	1	c100	sample	3	3-SRR5935740	setup_s	0.000043
20261008-064058-4a8f57c-d64a-n16-r1	1	c100	sample	3	3-SRR5935740	classify_s	5.747072
20261008-064058-4a8f57c-d64a-n16-r1	1	c100	sample	3	3-SRR5935740	close_s	0.000000
20261008-064058-4a8f57c-d64a-n16-r1	1	c100	sample	3	3-SRR5935740	report_s	0.000000
20261008-064058-4a8f57c-d64a-n16-r1	1	c100	sample	3	3-SRR5935740	status	0
20261008-064058-4a8f57c-d64a-n16-r1	1	c100	sample	3	3-SRR5935740	sequences	0
20261008-064058-4a8f57c-d64a-n16-r1	1	c100	sample	3	3-SRR5935740	bases	0
20261008-064058-4a8f57c-d64a-n16-r1	1	c100	sample	3	3-SRR5935740	classified	0
20261008-064058-4a8f57c-d64a-n16-r1	1	c100	sample	3	3-SRR5935740	place	-
20261008-064058-4a8f57c-d64a-n16-r1	1	c100	sample	3	3-SRR5935740	weight	-
20261008-064058-4a8f57c-d64a-n16-r1	1	c100	phase			batch-barrier-3	0.513440
20261008-064058-4a8f57c-d64a-n16-r1	1	c100	phase			batch-barrier-3.start_s	342.482184
20261008-064058-4a8f57c-d64a-n16-r1	1	c100	engine.mem			t_s	345.2
20261008-064058-4a8f57c-d64a-n16-r1	1	c100	engine.mem			rss_kib	76288432
20261008-064058-4a8f57c-d64a-n16-r1	1	c100	engine.mem			hwm_kib	79494140
20261008-064058-4a8f57c-d64a-n16-r1	1	c100	engine.mem			heap_inuse	1462329344
20261008-064058-4a8f57c-d64a-n16-r1	1	c100	engine.mem			sys	7234253112
20261008-064058-4a8f57c-d64a-n16-r1	1	c100	engine.mem			avail_kib	50608976
20261008-064058-4a8f57c-d64a-n16-r1	1	c100	phase			barrier	0.208869
20261008-064058-4a8f57c-d64a-n16-r1	1	c100	phase			barrier.start_s	349.480162
20261008-064058-4a8f57c-d64a-n16-r1	1	c100	sample	4	4-SRR5935740	mode	striped
20261008-064058-4a8f57c-d64a-n16-r1	1	c100	sample	4	4-SRR5935740	s3client	sdk
20261008-064058-4a8f57c-d64a-n16-r1	1	c100	sample	4	4-SRR5935740	rank	1
20261008-064058-4a8f57c-d64a-n16-r1	1	c100	sample	4	4-SRR5935740	role	peer
20261008-064058-4a8f57c-d64a-n16-r1	1	c100	sample	4	4-SRR5935740	inflight	1
20261008-064058-4a8f57c-d64a-n16-r1	1	c100	sample	4	4-SRR5935740	threads	16
20261008-064058-4a8f57c-d64a-n16-r1	1	c100	sample	4	4-SRR5935740	start_s	343.745582
20261008-064058-4a8f57c-d64a-n16-r1	1	c100	sample	4	4-SRR5935740	wall_s	5.943491
20261008-064058-4a8f57c-d64a-n16-r1	1	c100	sample	4	4-SRR5935740	setup_s	0.000053
20261008-064058-4a8f57c-d64a-n16-r1	1	c100	sample	4	4-SRR5935740	classify_s	5.730077
20261008-064058-4a8f57c-d64a-n16-r1	1	c100	sample	4	4-SRR5935740	close_s	0.000000
20261008-064058-4a8f57c-d64a-n16-r1	1	c100	sample	4	4-SRR5935740	report_s	0.000000
20261008-064058-4a8f57c-d64a-n16-r1	1	c100	sample	4	4-SRR5935740	status	0
20261008-064058-4a8f57c-d64a-n16-r1	1	c100	sample	4	4-SRR5935740	sequences	0
20261008-064058-4a8f57c-d64a-n16-r1	1	c100	sample	4	4-SRR5935740	bases	0
20261008-064058-4a8f57c-d64a-n16-r1	1	c100	sample	4	4-SRR5935740	classified	0
20261008-064058-4a8f57c-d64a-n16-r1	1	c100	sample	4	4-SRR5935740	place	-
20261008-064058-4a8f57c-d64a-n16-r1	1	c100	sample	4	4-SRR5935740	weight	-
20261008-064058-4a8f57c-d64a-n16-r1	1	c100	phase			batch-barrier-4	0.504813
20261008-064058-4a8f57c-d64a-n16-r1	1	c100	phase			batch-barrier-4.start_s	349.689084
20261008-064058-4a8f57c-d64a-n16-r1	1	c100	phase			barrier	0.043736
20261008-064058-4a8f57c-d64a-n16-r1	1	c100	phase			barrier.start_s	356.711086
20261008-064058-4a8f57c-d64a-n16-r1	1	c100	sample	5	5-SRR5935740	mode	striped
20261008-064058-4a8f57c-d64a-n16-r1	1	c100	sample	5	5-SRR5935740	s3client	sdk
20261008-064058-4a8f57c-d64a-n16-r1	1	c100	sample	5	5-SRR5935740	rank	1
20261008-064058-4a8f57c-d64a-n16-r1	1	c100	sample	5	5-SRR5935740	role	peer
20261008-064058-4a8f57c-d64a-n16-r1	1	c100	sample	5	5-SRR5935740	inflight	1
20261008-064058-4a8f57c-d64a-n16-r1	1	c100	sample	5	5-SRR5935740	threads	16
20261008-064058-4a8f57c-d64a-n16-r1	1	c100	sample	5	5-SRR5935740	start_s	350.963489
20261008-064058-4a8f57c-d64a-n16-r1	1	c100	sample	5	5-SRR5935740	wall_s	5.791374
20261008-064058-4a8f57c-d64a-n16-r1	1	c100	sample	5	5-SRR5935740	setup_s	0.000062
20261008-064058-4a8f57c-d64a-n16-r1	1	c100	sample	5	5-SRR5935740	classify_s	5.743451
20261008-064058-4a8f57c-d64a-n16-r1	1	c100	sample	5	5-SRR5935740	close_s	0.000000
20261008-064058-4a8f57c-d64a-n16-r1	1	c100	sample	5	5-SRR5935740	report_s	0.000000
20261008-064058-4a8f57c-d64a-n16-r1	1	c100	sample	5	5-SRR5935740	status	0
20261008-064058-4a8f57c-d64a-n16-r1	1	c100	sample	5	5-SRR5935740	sequences	0
20261008-064058-4a8f57c-d64a-n16-r1	1	c100	sample	5	5-SRR5935740	bases	0
20261008-064058-4a8f57c-d64a-n16-r1	1	c100	sample	5	5-SRR5935740	classified	0
20261008-064058-4a8f57c-d64a-n16-r1	1	c100	sample	5	5-SRR5935740	place	-
20261008-064058-4a8f57c-d64a-n16-r1	1	c100	sample	5	5-SRR5935740	weight	-
20261008-064058-4a8f57c-d64a-n16-r1	1	c100	phase			batch-barrier-5	0.490218
20261008-064058-4a8f57c-d64a-n16-r1	1	c100	phase			batch-barrier-5.start_s	356.754873
20261008-064058-4a8f57c-d64a-n16-r1	1	c100	engine.mem			t_s	360.2
20261008-064058-4a8f57c-d64a-n16-r1	1	c100	engine.mem			rss_kib	76600952
20261008-064058-4a8f57c-d64a-n16-r1	1	c100	engine.mem			hwm_kib	79494140
20261008-064058-4a8f57c-d64a-n16-r1	1	c100	engine.mem			heap_inuse	2987081728
20261008-064058-4a8f57c-d64a-n16-r1	1	c100	engine.mem			sys	7234253112
20261008-064058-4a8f57c-d64a-n16-r1	1	c100	engine.mem			avail_kib	50940272
20261008-064058-4a8f57c-d64a-n16-r1	1	c100	phase			batch-barrier-6	11.189111
20261008-064058-4a8f57c-d64a-n16-r1	1	c100	phase			batch-barrier-6.start_s	357.245114
20261008-064058-4a8f57c-d64a-n16-r1	1	c100	engine.mem			t_s	375.2
20261008-064058-4a8f57c-d64a-n16-r1	1	c100	engine.mem			rss_kib	76600964
20261008-064058-4a8f57c-d64a-n16-r1	1	c100	engine.mem			hwm_kib	79494140
20261008-064058-4a8f57c-d64a-n16-r1	1	c100	engine.mem			heap_inuse	2988646400
20261008-064058-4a8f57c-d64a-n16-r1	1	c100	engine.mem			sys	7234253112
20261008-064058-4a8f57c-d64a-n16-r1	1	c100	engine.mem			avail_kib	51193532
20261008-064058-4a8f57c-d64a-n16-r1	1	c100	phase			batch-barrier-7	9.124880
20261008-064058-4a8f57c-d64a-n16-r1	1	c100	phase			batch-barrier-7.start_s	368.434245
20261008-064058-4a8f57c-d64a-n16-r1	1	c100	phase			batch-barrier-8	10.310484
20261008-064058-4a8f57c-d64a-n16-r1	1	c100	phase			batch-barrier-8.start_s	377.559146
20261008-064058-4a8f57c-d64a-n16-r1	1	c100	engine.shard			index	0
20261008-064058-4a8f57c-d64a-n16-r1	1	c100	engine.shard			n	16
20261008-064058-4a8f57c-d64a-n16-r1	1	c100	engine.shard			lo	18579557371
20261008-064058-4a8f57c-d64a-n16-r1	1	c100	engine.shard			hi	37159114742
20261008-064058-4a8f57c-d64a-n16-r1	1	c100	engine.shard			tail	302
20261008-064058-4a8f57c-d64a-n16-r1	1	c100	engine.shard			full	false
20261008-064058-4a8f57c-d64a-n16-r1	1	c100	engine.shard			empty_at	18579557385
20261008-064058-4a8f57c-d64a-n16-r1	1	c100	engine.shard			keys	8473234428
20261008-064058-4a8f57c-d64a-n16-r1	1	c100	engine.shard			batches	89910
20261008-064058-4a8f57c-d64a-n16-r1	1	c100	engine.shard			probe_s	211.543896
20261008-064058-4a8f57c-d64a-n16-r1	1	c100	engine.shard			tail_probes	0
20261008-064058-4a8f57c-d64a-n16-r1	1	c100	engine.shard			wrap_probes	0
20261008-064058-4a8f57c-d64a-n16-r1	1	c100	engine.mem			t_s	387.9
20261008-064058-4a8f57c-d64a-n16-r1	1	c100	engine.mem			rss_kib	76600980
20261008-064058-4a8f57c-d64a-n16-r1	1	c100	engine.mem			hwm_kib	79494140
20261008-064058-4a8f57c-d64a-n16-r1	1	c100	engine.mem			heap_inuse	2990841856
20261008-064058-4a8f57c-d64a-n16-r1	1	c100	engine.mem			sys	7234253112
20261008-064058-4a8f57c-d64a-n16-r1	1	c100	engine.mem			avail_kib	51212544
20261008-064058-4a8f57c-d64a-n16-r1	1	c100	engine.rendezvous			puts	13
20261008-064058-4a8f57c-d64a-n16-r1	1	c100	engine.rendezvous			gets	917
20261008-064058-4a8f57c-d64a-n16-r1	1	c100	engine.s3			client	sdk
20261008-064058-4a8f57c-d64a-n16-r1	1	c100	engine.s3			put	34
20261008-064058-4a8f57c-d64a-n16-r1	1	c100	engine.s3			get	917
20261008-064058-4a8f57c-d64a-n16-r1	1	c100	engine.s3			create_multipart	21
20261008-064058-4a8f57c-d64a-n16-r1	1	c100	engine.s3			upload_part	2111
20261008-064058-4a8f57c-d64a-n16-r1	1	c100	engine.s3			complete_multipart	21
20261008-064058-4a8f57c-d64a-n16-r1	1	c100	engine.s3			abort_multipart	0
20261008-064058-4a8f57c-d64a-n16-r1	1	c100	engine.s3			part_bytes	17624130341
20261008-064058-4a8f57c-d64a-n16-r1	1	c100	engine.s3			client	cli
20261008-064058-4a8f57c-d64a-n16-r1	1	c100	engine.s3			put	0
20261008-064058-4a8f57c-d64a-n16-r1	1	c100	engine.s3			get	0
20261008-064058-4a8f57c-d64a-n16-r1	1	c100	engine.s3			create_multipart	0
20261008-064058-4a8f57c-d64a-n16-r1	1	c100	engine.s3			upload_part	0
20261008-064058-4a8f57c-d64a-n16-r1	1	c100	engine.s3			complete_multipart	0
20261008-064058-4a8f57c-d64a-n16-r1	1	c100	engine.s3			abort_multipart	0
20261008-064058-4a8f57c-d64a-n16-r1	1	c100	engine.s3			part_bytes	0
20261008-064058-4a8f57c-d64a-n16-r1	1	c100	engine.load			seconds	41.499484
20261008-064058-4a8f57c-d64a-n16-r1	1	c100	engine.load			requests	1126
20261008-064058-4a8f57c-d64a-n16-r1	1	c100	engine.load			retries	0
20261008-064058-4a8f57c-d64a-n16-r1	1	c100	engine.load			bytes	74318296292
20261008-064058-4a8f57c-d64a-n16-r1	1	c100	engine.route			transport	nodes
20261008-064058-4a8f57c-d64a-n16-r1	1	c100	engine.route			calls	5378
20261008-064058-4a8f57c-d64a-n16-r1	1	c100	engine.route			keys	8071347759
20261008-064058-4a8f57c-d64a-n16-r1	1	c100	engine.route			batches	86048
20261008-064058-4a8f57c-d64a-n16-r1	1	c100	engine.route			route_s	94.576004
20261008-064058-4a8f57c-d64a-n16-r1	1	c100	engine.route			wait_s	319.368531
20261008-064058-4a8f57c-d64a-n16-r1	1	c100	engine.route			gather_s	18.163681
20261008-064058-4a8f57c-d64a-n16-r1	1	c100	engine.worker			scan_s	696.048425
20261008-064058-4a8f57c-d64a-n16-r1	1	c100	engine.worker			lookup_s	432.111973
20261008-064058-4a8f57c-d64a-n16-r1	1	c100	engine.worker			classify_s	607.343620
20261008-064058-4a8f57c-d64a-n16-r1	1	c100	phase			total	388.004654
20261008-064058-4a8f57c-d64a-n16-r1	1	c100	phase			total.start_s	0.000001
20261008-064058-4a8f57c-d64a-n16-r2	2	c100	phase			taxo	0.096667
20261008-064058-4a8f57c-d64a-n16-r2	2	c100	phase			taxo.start_s	0.002812
20261008-064058-4a8f57c-d64a-n16-r2	2	c100	engine.mem			t_s	15.0
20261008-064058-4a8f57c-d64a-n16-r2	2	c100	engine.mem			rss_kib	27031768
20261008-064058-4a8f57c-d64a-n16-r2	2	c100	engine.mem			hwm_kib	27031772
20261008-064058-4a8f57c-d64a-n16-r2	2	c100	engine.mem			heap_inuse	395468800
20261008-064058-4a8f57c-d64a-n16-r2	2	c100	engine.mem			sys	410057064
20261008-064058-4a8f57c-d64a-n16-r2	2	c100	engine.mem			avail_kib	100644652
20261008-064058-4a8f57c-d64a-n16-r2	2	c100	engine.mem			t_s	30.0
20261008-064058-4a8f57c-d64a-n16-r2	2	c100	engine.mem			rss_kib	54218992
20261008-064058-4a8f57c-d64a-n16-r2	2	c100	engine.mem			hwm_kib	54218992
20261008-064058-4a8f57c-d64a-n16-r2	2	c100	engine.mem			heap_inuse	397713408
20261008-064058-4a8f57c-d64a-n16-r2	2	c100	engine.mem			sys	410057064
20261008-064058-4a8f57c-d64a-n16-r2	2	c100	engine.mem			avail_kib	73404832
20261008-064058-4a8f57c-d64a-n16-r2	2	c100	phase			shard-load-2	40.815189
20261008-064058-4a8f57c-d64a-n16-r2	2	c100	phase			shard-load-2.start_s	0.192561
20261008-064058-4a8f57c-d64a-n16-r2	2	c100	engine.mem			t_s	45.0
20261008-064058-4a8f57c-d64a-n16-r2	2	c100	engine.mem			rss_kib	72971988
20261008-064058-4a8f57c-d64a-n16-r2	2	c100	engine.mem			hwm_kib	72971988
20261008-064058-4a8f57c-d64a-n16-r2	2	c100	engine.mem			heap_inuse	403398656
20261008-064058-4a8f57c-d64a-n16-r2	2	c100	engine.mem			sys	418445672
20261008-064058-4a8f57c-d64a-n16-r2	2	c100	engine.mem			avail_kib	54687160
20261008-064058-4a8f57c-d64a-n16-r2	2	c100	engine.mem			t_s	60.0
20261008-064058-4a8f57c-d64a-n16-r2	2	c100	engine.mem			rss_kib	72977256
20261008-064058-4a8f57c-d64a-n16-r2	2	c100	engine.mem			hwm_kib	72977260
20261008-064058-4a8f57c-d64a-n16-r2	2	c100	engine.mem			heap_inuse	409198592
20261008-064058-4a8f57c-d64a-n16-r2	2	c100	engine.mem			sys	422639976
20261008-064058-4a8f57c-d64a-n16-r2	2	c100	engine.mem			avail_kib	54853700
20261008-064058-4a8f57c-d64a-n16-r2	2	c100	engine.mem			t_s	75.0
20261008-064058-4a8f57c-d64a-n16-r2	2	c100	engine.mem			rss_kib	72980664
20261008-064058-4a8f57c-d64a-n16-r2	2	c100	engine.mem			hwm_kib	72980668
20261008-064058-4a8f57c-d64a-n16-r2	2	c100	engine.mem			heap_inuse	412958720
20261008-064058-4a8f57c-d64a-n16-r2	2	c100	engine.mem			sys	427096424
20261008-064058-4a8f57c-d64a-n16-r2	2	c100	engine.mem			avail_kib	54856968
20261008-064058-4a8f57c-d64a-n16-r2	2	c100	phase			rendezvous	39.823385
20261008-064058-4a8f57c-d64a-n16-r2	2	c100	phase			rendezvous.start_s	41.562377
20261008-064058-4a8f57c-d64a-n16-r2	2	c100	phase			connect	0.173182
20261008-064058-4a8f57c-d64a-n16-r2	2	c100	phase			connect.start_s	81.385777
20261008-064058-4a8f57c-d64a-n16-r2	2	c100	phase			hash	81.459420
20261008-064058-4a8f57c-d64a-n16-r2	2	c100	phase			hash.start_s	0.099561
20261008-064058-4a8f57c-d64a-n16-r2	2	c100	engine.mem			t_s	90.0
20261008-064058-4a8f57c-d64a-n16-r2	2	c100	engine.mem			rss_kib	78310572
20261008-064058-4a8f57c-d64a-n16-r2	2	c100	engine.mem			hwm_kib	78310572
20261008-064058-4a8f57c-d64a-n16-r2	2	c100	engine.mem			heap_inuse	3186130944
20261008-064058-4a8f57c-d64a-n16-r2	2	c100	engine.mem			sys	5984841608
20261008-064058-4a8f57c-d64a-n16-r2	2	c100	engine.mem			avail_kib	48835572
20261008-064058-4a8f57c-d64a-n16-r2	2	c100	sample	0	0-SRR5935798	mode	parallel
20261008-064058-4a8f57c-d64a-n16-r2	2	c100	sample	0	0-SRR5935798	s3client	sdk
20261008-064058-4a8f57c-d64a-n16-r2	2	c100	sample	0	0-SRR5935798	rank	2
20261008-064058-4a8f57c-d64a-n16-r2	2	c100	sample	0	0-SRR5935798	role	home
20261008-064058-4a8f57c-d64a-n16-r2	2	c100	sample	0	0-SRR5935798	inflight	1
20261008-064058-4a8f57c-d64a-n16-r2	2	c100	sample	0	0-SRR5935798	threads	16
20261008-064058-4a8f57c-d64a-n16-r2	2	c100	sample	0	0-SRR5935798	start_s	81.559019
20261008-064058-4a8f57c-d64a-n16-r2	2	c100	sample	0	0-SRR5935798	wall_s	20.351965
20261008-064058-4a8f57c-d64a-n16-r2	2	c100	sample	0	0-SRR5935798	setup_s	0.000054
20261008-064058-4a8f57c-d64a-n16-r2	2	c100	sample	0	0-SRR5935798	classify_s	19.954017
20261008-064058-4a8f57c-d64a-n16-r2	2	c100	sample	0	0-SRR5935798	close_s	0.218533
20261008-064058-4a8f57c-d64a-n16-r2	2	c100	sample	0	0-SRR5935798	report_s	0.165007
20261008-064058-4a8f57c-d64a-n16-r2	2	c100	sample	0	0-SRR5935798	status	0
20261008-064058-4a8f57c-d64a-n16-r2	2	c100	sample	0	0-SRR5935798	sequences	20086542
20261008-064058-4a8f57c-d64a-n16-r2	2	c100	sample	0	0-SRR5935798	bases	3689648337
20261008-064058-4a8f57c-d64a-n16-r2	2	c100	sample	0	0-SRR5935798	classified	19142785
20261008-064058-4a8f57c-d64a-n16-r2	2	c100	sample	0	0-SRR5935798	place	lpt
20261008-064058-4a8f57c-d64a-n16-r2	2	c100	sample	0	0-SRR5935798	weight	20086542
20261008-064058-4a8f57c-d64a-n16-r2	2	c100	engine.mem			t_s	105.0
20261008-064058-4a8f57c-d64a-n16-r2	2	c100	engine.mem			rss_kib	78479616
20261008-064058-4a8f57c-d64a-n16-r2	2	c100	engine.mem			hwm_kib	78479616
20261008-064058-4a8f57c-d64a-n16-r2	2	c100	engine.mem			heap_inuse	4194181120
20261008-064058-4a8f57c-d64a-n16-r2	2	c100	engine.mem			sys	6114861096
20261008-064058-4a8f57c-d64a-n16-r2	2	c100	engine.mem			avail_kib	48861676
20261008-064058-4a8f57c-d64a-n16-r2	2	c100	sample	0	0-SRR5935817	mode	parallel
20261008-064058-4a8f57c-d64a-n16-r2	2	c100	sample	0	0-SRR5935817	s3client	sdk
20261008-064058-4a8f57c-d64a-n16-r2	2	c100	sample	0	0-SRR5935817	rank	2
20261008-064058-4a8f57c-d64a-n16-r2	2	c100	sample	0	0-SRR5935817	role	home
20261008-064058-4a8f57c-d64a-n16-r2	2	c100	sample	0	0-SRR5935817	inflight	1
20261008-064058-4a8f57c-d64a-n16-r2	2	c100	sample	0	0-SRR5935817	threads	16
20261008-064058-4a8f57c-d64a-n16-r2	2	c100	sample	0	0-SRR5935817	start_s	101.911010
20261008-064058-4a8f57c-d64a-n16-r2	2	c100	sample	0	0-SRR5935817	wall_s	14.881693
20261008-064058-4a8f57c-d64a-n16-r2	2	c100	sample	0	0-SRR5935817	setup_s	0.000064
20261008-064058-4a8f57c-d64a-n16-r2	2	c100	sample	0	0-SRR5935817	classify_s	14.526645
20261008-064058-4a8f57c-d64a-n16-r2	2	c100	sample	0	0-SRR5935817	close_s	0.198086
20261008-064058-4a8f57c-d64a-n16-r2	2	c100	sample	0	0-SRR5935817	report_s	0.148605
20261008-064058-4a8f57c-d64a-n16-r2	2	c100	sample	0	0-SRR5935817	status	0
20261008-064058-4a8f57c-d64a-n16-r2	2	c100	sample	0	0-SRR5935817	sequences	14261195
20261008-064058-4a8f57c-d64a-n16-r2	2	c100	sample	0	0-SRR5935817	bases	2665696979
20261008-064058-4a8f57c-d64a-n16-r2	2	c100	sample	0	0-SRR5935817	classified	13980324
20261008-064058-4a8f57c-d64a-n16-r2	2	c100	sample	0	0-SRR5935817	place	lpt
20261008-064058-4a8f57c-d64a-n16-r2	2	c100	sample	0	0-SRR5935817	weight	14261195
20261008-064058-4a8f57c-d64a-n16-r2	2	c100	engine.mem			t_s	120.0
20261008-064058-4a8f57c-d64a-n16-r2	2	c100	engine.mem			rss_kib	78476452
20261008-064058-4a8f57c-d64a-n16-r2	2	c100	engine.mem			hwm_kib	79063372
20261008-064058-4a8f57c-d64a-n16-r2	2	c100	engine.mem			heap_inuse	5238136832
20261008-064058-4a8f57c-d64a-n16-r2	2	c100	engine.mem			sys	6811861192
20261008-064058-4a8f57c-d64a-n16-r2	2	c100	engine.mem			avail_kib	48874184
20261008-064058-4a8f57c-d64a-n16-r2	2	c100	sample	0	0-SRR5935820	mode	parallel
20261008-064058-4a8f57c-d64a-n16-r2	2	c100	sample	0	0-SRR5935820	s3client	sdk
20261008-064058-4a8f57c-d64a-n16-r2	2	c100	sample	0	0-SRR5935820	rank	2
20261008-064058-4a8f57c-d64a-n16-r2	2	c100	sample	0	0-SRR5935820	role	home
20261008-064058-4a8f57c-d64a-n16-r2	2	c100	sample	0	0-SRR5935820	inflight	1
20261008-064058-4a8f57c-d64a-n16-r2	2	c100	sample	0	0-SRR5935820	threads	16
20261008-064058-4a8f57c-d64a-n16-r2	2	c100	sample	0	0-SRR5935820	start_s	116.792727
20261008-064058-4a8f57c-d64a-n16-r2	2	c100	sample	0	0-SRR5935820	wall_s	12.619447
20261008-064058-4a8f57c-d64a-n16-r2	2	c100	sample	0	0-SRR5935820	setup_s	0.000063
20261008-064058-4a8f57c-d64a-n16-r2	2	c100	sample	0	0-SRR5935820	classify_s	12.108930
20261008-064058-4a8f57c-d64a-n16-r2	2	c100	sample	0	0-SRR5935820	close_s	0.317916
20261008-064058-4a8f57c-d64a-n16-r2	2	c100	sample	0	0-SRR5935820	report_s	0.177110
20261008-064058-4a8f57c-d64a-n16-r2	2	c100	sample	0	0-SRR5935820	status	0
20261008-064058-4a8f57c-d64a-n16-r2	2	c100	sample	0	0-SRR5935820	sequences	12062510
20261008-064058-4a8f57c-d64a-n16-r2	2	c100	sample	0	0-SRR5935820	bases	2207297835
20261008-064058-4a8f57c-d64a-n16-r2	2	c100	sample	0	0-SRR5935820	classified	10926608
20261008-064058-4a8f57c-d64a-n16-r2	2	c100	sample	0	0-SRR5935820	place	lpt
20261008-064058-4a8f57c-d64a-n16-r2	2	c100	sample	0	0-SRR5935820	weight	12062510
20261008-064058-4a8f57c-d64a-n16-r2	2	c100	engine.mem			t_s	135.0
20261008-064058-4a8f57c-d64a-n16-r2	2	c100	engine.mem			rss_kib	79058724
20261008-064058-4a8f57c-d64a-n16-r2	2	c100	engine.mem			hwm_kib	79285476
20261008-064058-4a8f57c-d64a-n16-r2	2	c100	engine.mem			heap_inuse	4877352960
20261008-064058-4a8f57c-d64a-n16-r2	2	c100	engine.mem			sys	6943613160
20261008-064058-4a8f57c-d64a-n16-r2	2	c100	engine.mem			avail_kib	48220052
20261008-064058-4a8f57c-d64a-n16-r2	2	c100	sample	0	0-SRR5935745	mode	parallel
20261008-064058-4a8f57c-d64a-n16-r2	2	c100	sample	0	0-SRR5935745	s3client	sdk
20261008-064058-4a8f57c-d64a-n16-r2	2	c100	sample	0	0-SRR5935745	rank	2
20261008-064058-4a8f57c-d64a-n16-r2	2	c100	sample	0	0-SRR5935745	role	home
20261008-064058-4a8f57c-d64a-n16-r2	2	c100	sample	0	0-SRR5935745	inflight	1
20261008-064058-4a8f57c-d64a-n16-r2	2	c100	sample	0	0-SRR5935745	threads	16
20261008-064058-4a8f57c-d64a-n16-r2	2	c100	sample	0	0-SRR5935745	start_s	129.412202
20261008-064058-4a8f57c-d64a-n16-r2	2	c100	sample	0	0-SRR5935745	wall_s	11.371113
20261008-064058-4a8f57c-d64a-n16-r2	2	c100	sample	0	0-SRR5935745	setup_s	0.000069
20261008-064058-4a8f57c-d64a-n16-r2	2	c100	sample	0	0-SRR5935745	classify_s	11.010724
20261008-064058-4a8f57c-d64a-n16-r2	2	c100	sample	0	0-SRR5935745	close_s	0.213348
20261008-064058-4a8f57c-d64a-n16-r2	2	c100	sample	0	0-SRR5935745	report_s	0.136406
20261008-064058-4a8f57c-d64a-n16-r2	2	c100	sample	0	0-SRR5935745	status	0
20261008-064058-4a8f57c-d64a-n16-r2	2	c100	sample	0	0-SRR5935745	sequences	10492437
20261008-064058-4a8f57c-d64a-n16-r2	2	c100	sample	0	0-SRR5935745	bases	1984140901
20261008-064058-4a8f57c-d64a-n16-r2	2	c100	sample	0	0-SRR5935745	classified	9889429
20261008-064058-4a8f57c-d64a-n16-r2	2	c100	sample	0	0-SRR5935745	place	lpt
20261008-064058-4a8f57c-d64a-n16-r2	2	c100	sample	0	0-SRR5935745	weight	10492437
20261008-064058-4a8f57c-d64a-n16-r2	2	c100	sample	0	0-SRR5935828	mode	parallel
20261008-064058-4a8f57c-d64a-n16-r2	2	c100	sample	0	0-SRR5935828	s3client	sdk
20261008-064058-4a8f57c-d64a-n16-r2	2	c100	sample	0	0-SRR5935828	rank	2
20261008-064058-4a8f57c-d64a-n16-r2	2	c100	sample	0	0-SRR5935828	role	home
20261008-064058-4a8f57c-d64a-n16-r2	2	c100	sample	0	0-SRR5935828	inflight	1
20261008-064058-4a8f57c-d64a-n16-r2	2	c100	sample	0	0-SRR5935828	threads	16
20261008-064058-4a8f57c-d64a-n16-r2	2	c100	sample	0	0-SRR5935828	start_s	140.783343
20261008-064058-4a8f57c-d64a-n16-r2	2	c100	sample	0	0-SRR5935828	wall_s	9.091328
20261008-064058-4a8f57c-d64a-n16-r2	2	c100	sample	0	0-SRR5935828	setup_s	0.000065
20261008-064058-4a8f57c-d64a-n16-r2	2	c100	sample	0	0-SRR5935828	classify_s	8.739125
20261008-064058-4a8f57c-d64a-n16-r2	2	c100	sample	0	0-SRR5935828	close_s	0.208108
20261008-064058-4a8f57c-d64a-n16-r2	2	c100	sample	0	0-SRR5935828	report_s	0.136717
20261008-064058-4a8f57c-d64a-n16-r2	2	c100	sample	0	0-SRR5935828	status	0
20261008-064058-4a8f57c-d64a-n16-r2	2	c100	sample	0	0-SRR5935828	sequences	8326050
20261008-064058-4a8f57c-d64a-n16-r2	2	c100	sample	0	0-SRR5935828	bases	1540092338
20261008-064058-4a8f57c-d64a-n16-r2	2	c100	sample	0	0-SRR5935828	classified	8094378
20261008-064058-4a8f57c-d64a-n16-r2	2	c100	sample	0	0-SRR5935828	place	lpt
20261008-064058-4a8f57c-d64a-n16-r2	2	c100	sample	0	0-SRR5935828	weight	8326050
20261008-064058-4a8f57c-d64a-n16-r2	2	c100	engine.mem			t_s	150.0
20261008-064058-4a8f57c-d64a-n16-r2	2	c100	engine.mem			rss_kib	78617384
20261008-064058-4a8f57c-d64a-n16-r2	2	c100	engine.mem			hwm_kib	79285476
20261008-064058-4a8f57c-d64a-n16-r2	2	c100	engine.mem			heap_inuse	3897901056
20261008-064058-4a8f57c-d64a-n16-r2	2	c100	engine.mem			sys	7015117048
20261008-064058-4a8f57c-d64a-n16-r2	2	c100	engine.mem			avail_kib	48867848
20261008-064058-4a8f57c-d64a-n16-r2	2	c100	sample	0	0-SRR5935814	mode	parallel
20261008-064058-4a8f57c-d64a-n16-r2	2	c100	sample	0	0-SRR5935814	s3client	sdk
20261008-064058-4a8f57c-d64a-n16-r2	2	c100	sample	0	0-SRR5935814	rank	2
20261008-064058-4a8f57c-d64a-n16-r2	2	c100	sample	0	0-SRR5935814	role	home
20261008-064058-4a8f57c-d64a-n16-r2	2	c100	sample	0	0-SRR5935814	inflight	1
20261008-064058-4a8f57c-d64a-n16-r2	2	c100	sample	0	0-SRR5935814	threads	16
20261008-064058-4a8f57c-d64a-n16-r2	2	c100	sample	0	0-SRR5935814	start_s	149.874699
20261008-064058-4a8f57c-d64a-n16-r2	2	c100	sample	0	0-SRR5935814	wall_s	5.814878
20261008-064058-4a8f57c-d64a-n16-r2	2	c100	sample	0	0-SRR5935814	setup_s	0.000072
20261008-064058-4a8f57c-d64a-n16-r2	2	c100	sample	0	0-SRR5935814	classify_s	5.439743
20261008-064058-4a8f57c-d64a-n16-r2	2	c100	sample	0	0-SRR5935814	close_s	0.241947
20261008-064058-4a8f57c-d64a-n16-r2	2	c100	sample	0	0-SRR5935814	report_s	0.127938
20261008-064058-4a8f57c-d64a-n16-r2	2	c100	sample	0	0-SRR5935814	status	0
20261008-064058-4a8f57c-d64a-n16-r2	2	c100	sample	0	0-SRR5935814	sequences	5072545
20261008-064058-4a8f57c-d64a-n16-r2	2	c100	sample	0	0-SRR5935814	bases	950400325
20261008-064058-4a8f57c-d64a-n16-r2	2	c100	sample	0	0-SRR5935814	classified	4982177
20261008-064058-4a8f57c-d64a-n16-r2	2	c100	sample	0	0-SRR5935814	place	lpt
20261008-064058-4a8f57c-d64a-n16-r2	2	c100	sample	0	0-SRR5935814	weight	5072545
20261008-064058-4a8f57c-d64a-n16-r2	2	c100	phase			batch-barrier-0	4.477569
20261008-064058-4a8f57c-d64a-n16-r2	2	c100	phase			batch-barrier-0.start_s	155.689598
20261008-064058-4a8f57c-d64a-n16-r2	2	c100	engine.mem			t_s	165.1
20261008-064058-4a8f57c-d64a-n16-r2	2	c100	engine.mem			rss_kib	78501408
20261008-064058-4a8f57c-d64a-n16-r2	2	c100	engine.mem			hwm_kib	79285476
20261008-064058-4a8f57c-d64a-n16-r2	2	c100	engine.mem			heap_inuse	5337292800
20261008-064058-4a8f57c-d64a-n16-r2	2	c100	engine.mem			sys	7015641336
20261008-064058-4a8f57c-d64a-n16-r2	2	c100	engine.mem			avail_kib	49105252
20261008-064058-4a8f57c-d64a-n16-r2	2	c100	sample	1	1-SRR5935742	mode	parallel
20261008-064058-4a8f57c-d64a-n16-r2	2	c100	sample	1	1-SRR5935742	s3client	sdk
20261008-064058-4a8f57c-d64a-n16-r2	2	c100	sample	1	1-SRR5935742	rank	2
20261008-064058-4a8f57c-d64a-n16-r2	2	c100	sample	1	1-SRR5935742	role	home
20261008-064058-4a8f57c-d64a-n16-r2	2	c100	sample	1	1-SRR5935742	inflight	1
20261008-064058-4a8f57c-d64a-n16-r2	2	c100	sample	1	1-SRR5935742	threads	16
20261008-064058-4a8f57c-d64a-n16-r2	2	c100	sample	1	1-SRR5935742	start_s	160.167194
20261008-064058-4a8f57c-d64a-n16-r2	2	c100	sample	1	1-SRR5935742	wall_s	12.989280
20261008-064058-4a8f57c-d64a-n16-r2	2	c100	sample	1	1-SRR5935742	setup_s	0.000058
20261008-064058-4a8f57c-d64a-n16-r2	2	c100	sample	1	1-SRR5935742	classify_s	12.504076
20261008-064058-4a8f57c-d64a-n16-r2	2	c100	sample	1	1-SRR5935742	close_s	0.326671
20261008-064058-4a8f57c-d64a-n16-r2	2	c100	sample	1	1-SRR5935742	report_s	0.148562
20261008-064058-4a8f57c-d64a-n16-r2	2	c100	sample	1	1-SRR5935742	status	0
20261008-064058-4a8f57c-d64a-n16-r2	2	c100	sample	1	1-SRR5935742	sequences	12325847
20261008-064058-4a8f57c-d64a-n16-r2	2	c100	sample	1	1-SRR5935742	bases	2261511731
20261008-064058-4a8f57c-d64a-n16-r2	2	c100	sample	1	1-SRR5935742	classified	11791754
20261008-064058-4a8f57c-d64a-n16-r2	2	c100	sample	1	1-SRR5935742	place	mod
20261008-064058-4a8f57c-d64a-n16-r2	2	c100	sample	1	1-SRR5935742	weight	12325847
20261008-064058-4a8f57c-d64a-n16-r2	2	c100	engine.mem			t_s	180.1
20261008-064058-4a8f57c-d64a-n16-r2	2	c100	engine.mem			rss_kib	78100312
20261008-064058-4a8f57c-d64a-n16-r2	2	c100	engine.mem			hwm_kib	79285476
20261008-064058-4a8f57c-d64a-n16-r2	2	c100	engine.mem			heap_inuse	3660767232
20261008-064058-4a8f57c-d64a-n16-r2	2	c100	engine.mem			sys	7015805176
20261008-064058-4a8f57c-d64a-n16-r2	2	c100	engine.mem			avail_kib	49311724
20261008-064058-4a8f57c-d64a-n16-r2	2	c100	sample	1	1-SRR5935758	mode	parallel
20261008-064058-4a8f57c-d64a-n16-r2	2	c100	sample	1	1-SRR5935758	s3client	sdk
20261008-064058-4a8f57c-d64a-n16-r2	2	c100	sample	1	1-SRR5935758	rank	2
20261008-064058-4a8f57c-d64a-n16-r2	2	c100	sample	1	1-SRR5935758	role	home
20261008-064058-4a8f57c-d64a-n16-r2	2	c100	sample	1	1-SRR5935758	inflight	1
20261008-064058-4a8f57c-d64a-n16-r2	2	c100	sample	1	1-SRR5935758	threads	16
20261008-064058-4a8f57c-d64a-n16-r2	2	c100	sample	1	1-SRR5935758	start_s	173.156496
20261008-064058-4a8f57c-d64a-n16-r2	2	c100	sample	1	1-SRR5935758	wall_s	8.999900
20261008-064058-4a8f57c-d64a-n16-r2	2	c100	sample	1	1-SRR5935758	setup_s	0.000085
20261008-064058-4a8f57c-d64a-n16-r2	2	c100	sample	1	1-SRR5935758	classify_s	8.577231
20261008-064058-4a8f57c-d64a-n16-r2	2	c100	sample	1	1-SRR5935758	close_s	0.223413
20261008-064058-4a8f57c-d64a-n16-r2	2	c100	sample	1	1-SRR5935758	report_s	0.193732
20261008-064058-4a8f57c-d64a-n16-r2	2	c100	sample	1	1-SRR5935758	status	0
20261008-064058-4a8f57c-d64a-n16-r2	2	c100	sample	1	1-SRR5935758	sequences	8206591
20261008-064058-4a8f57c-d64a-n16-r2	2	c100	sample	1	1-SRR5935758	bases	1523967713
20261008-064058-4a8f57c-d64a-n16-r2	2	c100	sample	1	1-SRR5935758	classified	7998445
20261008-064058-4a8f57c-d64a-n16-r2	2	c100	sample	1	1-SRR5935758	place	mod
20261008-064058-4a8f57c-d64a-n16-r2	2	c100	sample	1	1-SRR5935758	weight	8206591
20261008-064058-4a8f57c-d64a-n16-r2	2	c100	sample	1	1-SRR5935774	mode	parallel
20261008-064058-4a8f57c-d64a-n16-r2	2	c100	sample	1	1-SRR5935774	s3client	sdk
20261008-064058-4a8f57c-d64a-n16-r2	2	c100	sample	1	1-SRR5935774	rank	2
20261008-064058-4a8f57c-d64a-n16-r2	2	c100	sample	1	1-SRR5935774	role	home
20261008-064058-4a8f57c-d64a-n16-r2	2	c100	sample	1	1-SRR5935774	inflight	1
20261008-064058-4a8f57c-d64a-n16-r2	2	c100	sample	1	1-SRR5935774	threads	16
20261008-064058-4a8f57c-d64a-n16-r2	2	c100	sample	1	1-SRR5935774	start_s	182.156422
20261008-064058-4a8f57c-d64a-n16-r2	2	c100	sample	1	1-SRR5935774	wall_s	12.210341
20261008-064058-4a8f57c-d64a-n16-r2	2	c100	sample	1	1-SRR5935774	setup_s	0.000068
20261008-064058-4a8f57c-d64a-n16-r2	2	c100	sample	1	1-SRR5935774	classify_s	11.846151
20261008-064058-4a8f57c-d64a-n16-r2	2	c100	sample	1	1-SRR5935774	close_s	0.190901
20261008-064058-4a8f57c-d64a-n16-r2	2	c100	sample	1	1-SRR5935774	report_s	0.155484
20261008-064058-4a8f57c-d64a-n16-r2	2	c100	sample	1	1-SRR5935774	status	0
20261008-064058-4a8f57c-d64a-n16-r2	2	c100	sample	1	1-SRR5935774	sequences	12252617
20261008-064058-4a8f57c-d64a-n16-r2	2	c100	sample	1	1-SRR5935774	bases	2212674525
20261008-064058-4a8f57c-d64a-n16-r2	2	c100	sample	1	1-SRR5935774	classified	10208851
20261008-064058-4a8f57c-d64a-n16-r2	2	c100	sample	1	1-SRR5935774	place	mod
20261008-064058-4a8f57c-d64a-n16-r2	2	c100	sample	1	1-SRR5935774	weight	12252617
20261008-064058-4a8f57c-d64a-n16-r2	2	c100	engine.mem			t_s	195.1
20261008-064058-4a8f57c-d64a-n16-r2	2	c100	engine.mem			rss_kib	78015488
20261008-064058-4a8f57c-d64a-n16-r2	2	c100	engine.mem			hwm_kib	79285476
20261008-064058-4a8f57c-d64a-n16-r2	2	c100	engine.mem			heap_inuse	3254059008
20261008-064058-4a8f57c-d64a-n16-r2	2	c100	engine.mem			sys	7015805176
20261008-064058-4a8f57c-d64a-n16-r2	2	c100	engine.mem			avail_kib	49298648
20261008-064058-4a8f57c-d64a-n16-r2	2	c100	sample	1	1-SRR5935790	mode	parallel
20261008-064058-4a8f57c-d64a-n16-r2	2	c100	sample	1	1-SRR5935790	s3client	sdk
20261008-064058-4a8f57c-d64a-n16-r2	2	c100	sample	1	1-SRR5935790	rank	2
20261008-064058-4a8f57c-d64a-n16-r2	2	c100	sample	1	1-SRR5935790	role	home
20261008-064058-4a8f57c-d64a-n16-r2	2	c100	sample	1	1-SRR5935790	inflight	1
20261008-064058-4a8f57c-d64a-n16-r2	2	c100	sample	1	1-SRR5935790	threads	16
20261008-064058-4a8f57c-d64a-n16-r2	2	c100	sample	1	1-SRR5935790	start_s	194.366786
20261008-064058-4a8f57c-d64a-n16-r2	2	c100	sample	1	1-SRR5935790	wall_s	12.387738
20261008-064058-4a8f57c-d64a-n16-r2	2	c100	sample	1	1-SRR5935790	setup_s	0.000065
20261008-064058-4a8f57c-d64a-n16-r2	2	c100	sample	1	1-SRR5935790	classify_s	9.582292
20261008-064058-4a8f57c-d64a-n16-r2	2	c100	sample	1	1-SRR5935790	close_s	2.626241
20261008-064058-4a8f57c-d64a-n16-r2	2	c100	sample	1	1-SRR5935790	report_s	0.170660
20261008-064058-4a8f57c-d64a-n16-r2	2	c100	sample	1	1-SRR5935790	status	0
20261008-064058-4a8f57c-d64a-n16-r2	2	c100	sample	1	1-SRR5935790	sequences	9202475
20261008-064058-4a8f57c-d64a-n16-r2	2	c100	sample	1	1-SRR5935790	bases	1711991411
20261008-064058-4a8f57c-d64a-n16-r2	2	c100	sample	1	1-SRR5935790	classified	8810259
20261008-064058-4a8f57c-d64a-n16-r2	2	c100	sample	1	1-SRR5935790	place	mod
20261008-064058-4a8f57c-d64a-n16-r2	2	c100	sample	1	1-SRR5935790	weight	9202475
20261008-064058-4a8f57c-d64a-n16-r2	2	c100	engine.mem			t_s	210.1
20261008-064058-4a8f57c-d64a-n16-r2	2	c100	engine.mem			rss_kib	78593316
20261008-064058-4a8f57c-d64a-n16-r2	2	c100	engine.mem			hwm_kib	79285476
20261008-064058-4a8f57c-d64a-n16-r2	2	c100	engine.mem			heap_inuse	3629539328
20261008-064058-4a8f57c-d64a-n16-r2	2	c100	engine.mem			sys	7015805176
20261008-064058-4a8f57c-d64a-n16-r2	2	c100	engine.mem			avail_kib	48985176
20261008-064058-4a8f57c-d64a-n16-r2	2	c100	sample	1	1-SRR5935806	mode	parallel
20261008-064058-4a8f57c-d64a-n16-r2	2	c100	sample	1	1-SRR5935806	s3client	sdk
20261008-064058-4a8f57c-d64a-n16-r2	2	c100	sample	1	1-SRR5935806	rank	2
20261008-064058-4a8f57c-d64a-n16-r2	2	c100	sample	1	1-SRR5935806	role	home
20261008-064058-4a8f57c-d64a-n16-r2	2	c100	sample	1	1-SRR5935806	inflight	1
20261008-064058-4a8f57c-d64a-n16-r2	2	c100	sample	1	1-SRR5935806	threads	16
20261008-064058-4a8f57c-d64a-n16-r2	2	c100	sample	1	1-SRR5935806	start_s	206.754550
20261008-064058-4a8f57c-d64a-n16-r2	2	c100	sample	1	1-SRR5935806	wall_s	15.540748
20261008-064058-4a8f57c-d64a-n16-r2	2	c100	sample	1	1-SRR5935806	setup_s	0.000060
20261008-064058-4a8f57c-d64a-n16-r2	2	c100	sample	1	1-SRR5935806	classify_s	15.041390
20261008-064058-4a8f57c-d64a-n16-r2	2	c100	sample	1	1-SRR5935806	close_s	0.235366
20261008-064058-4a8f57c-d64a-n16-r2	2	c100	sample	1	1-SRR5935806	report_s	0.255609
20261008-064058-4a8f57c-d64a-n16-r2	2	c100	sample	1	1-SRR5935806	status	0
20261008-064058-4a8f57c-d64a-n16-r2	2	c100	sample	1	1-SRR5935806	sequences	14472574
20261008-064058-4a8f57c-d64a-n16-r2	2	c100	sample	1	1-SRR5935806	bases	2738529910
20261008-064058-4a8f57c-d64a-n16-r2	2	c100	sample	1	1-SRR5935806	classified	14022498
20261008-064058-4a8f57c-d64a-n16-r2	2	c100	sample	1	1-SRR5935806	place	mod
20261008-064058-4a8f57c-d64a-n16-r2	2	c100	sample	1	1-SRR5935806	weight	14472574
20261008-064058-4a8f57c-d64a-n16-r2	2	c100	engine.mem			t_s	225.1
20261008-064058-4a8f57c-d64a-n16-r2	2	c100	engine.mem			rss_kib	78113972
20261008-064058-4a8f57c-d64a-n16-r2	2	c100	engine.mem			hwm_kib	79285476
20261008-064058-4a8f57c-d64a-n16-r2	2	c100	engine.mem			heap_inuse	5076762624
20261008-064058-4a8f57c-d64a-n16-r2	2	c100	engine.mem			sys	7015805176
20261008-064058-4a8f57c-d64a-n16-r2	2	c100	engine.mem			avail_kib	49136288
20261008-064058-4a8f57c-d64a-n16-r2	2	c100	sample	1	1-SRR5935822	mode	parallel
20261008-064058-4a8f57c-d64a-n16-r2	2	c100	sample	1	1-SRR5935822	s3client	sdk
20261008-064058-4a8f57c-d64a-n16-r2	2	c100	sample	1	1-SRR5935822	rank	2
20261008-064058-4a8f57c-d64a-n16-r2	2	c100	sample	1	1-SRR5935822	role	home
20261008-064058-4a8f57c-d64a-n16-r2	2	c100	sample	1	1-SRR5935822	inflight	1
20261008-064058-4a8f57c-d64a-n16-r2	2	c100	sample	1	1-SRR5935822	threads	16
20261008-064058-4a8f57c-d64a-n16-r2	2	c100	sample	1	1-SRR5935822	start_s	222.295327
20261008-064058-4a8f57c-d64a-n16-r2	2	c100	sample	1	1-SRR5935822	wall_s	13.703298
20261008-064058-4a8f57c-d64a-n16-r2	2	c100	sample	1	1-SRR5935822	setup_s	0.000068
20261008-064058-4a8f57c-d64a-n16-r2	2	c100	sample	1	1-SRR5935822	classify_s	13.310302
20261008-064058-4a8f57c-d64a-n16-r2	2	c100	sample	1	1-SRR5935822	close_s	0.245773
20261008-064058-4a8f57c-d64a-n16-r2	2	c100	sample	1	1-SRR5935822	report_s	0.140182
20261008-064058-4a8f57c-d64a-n16-r2	2	c100	sample	1	1-SRR5935822	status	0
20261008-064058-4a8f57c-d64a-n16-r2	2	c100	sample	1	1-SRR5935822	sequences	13365245
20261008-064058-4a8f57c-d64a-n16-r2	2	c100	sample	1	1-SRR5935822	bases	2460327516
20261008-064058-4a8f57c-d64a-n16-r2	2	c100	sample	1	1-SRR5935822	classified	13192260
20261008-064058-4a8f57c-d64a-n16-r2	2	c100	sample	1	1-SRR5935822	place	mod
20261008-064058-4a8f57c-d64a-n16-r2	2	c100	sample	1	1-SRR5935822	weight	13365245
20261008-064058-4a8f57c-d64a-n16-r2	2	c100	engine.mem			t_s	240.1
20261008-064058-4a8f57c-d64a-n16-r2	2	c100	engine.mem			rss_kib	78340492
20261008-064058-4a8f57c-d64a-n16-r2	2	c100	engine.mem			hwm_kib	79285476
20261008-064058-4a8f57c-d64a-n16-r2	2	c100	engine.mem			heap_inuse	4173602816
20261008-064058-4a8f57c-d64a-n16-r2	2	c100	engine.mem			sys	7015805176
20261008-064058-4a8f57c-d64a-n16-r2	2	c100	engine.mem			avail_kib	48937108
20261008-064058-4a8f57c-d64a-n16-r2	2	c100	sample	1	1-SRR5935838	mode	parallel
20261008-064058-4a8f57c-d64a-n16-r2	2	c100	sample	1	1-SRR5935838	s3client	sdk
20261008-064058-4a8f57c-d64a-n16-r2	2	c100	sample	1	1-SRR5935838	rank	2
20261008-064058-4a8f57c-d64a-n16-r2	2	c100	sample	1	1-SRR5935838	role	home
20261008-064058-4a8f57c-d64a-n16-r2	2	c100	sample	1	1-SRR5935838	inflight	1
20261008-064058-4a8f57c-d64a-n16-r2	2	c100	sample	1	1-SRR5935838	threads	16
20261008-064058-4a8f57c-d64a-n16-r2	2	c100	sample	1	1-SRR5935838	start_s	235.998649
20261008-064058-4a8f57c-d64a-n16-r2	2	c100	sample	1	1-SRR5935838	wall_s	13.835924
20261008-064058-4a8f57c-d64a-n16-r2	2	c100	sample	1	1-SRR5935838	setup_s	0.000065
20261008-064058-4a8f57c-d64a-n16-r2	2	c100	sample	1	1-SRR5935838	classify_s	13.368980
20261008-064058-4a8f57c-d64a-n16-r2	2	c100	sample	1	1-SRR5935838	close_s	0.322306
20261008-064058-4a8f57c-d64a-n16-r2	2	c100	sample	1	1-SRR5935838	report_s	0.137391
20261008-064058-4a8f57c-d64a-n16-r2	2	c100	sample	1	1-SRR5935838	status	0
20261008-064058-4a8f57c-d64a-n16-r2	2	c100	sample	1	1-SRR5935838	sequences	14615323
20261008-064058-4a8f57c-d64a-n16-r2	2	c100	sample	1	1-SRR5935838	bases	2691062094
20261008-064058-4a8f57c-d64a-n16-r2	2	c100	sample	1	1-SRR5935838	classified	14358414
20261008-064058-4a8f57c-d64a-n16-r2	2	c100	sample	1	1-SRR5935838	place	mod
20261008-064058-4a8f57c-d64a-n16-r2	2	c100	sample	1	1-SRR5935838	weight	14615323
20261008-064058-4a8f57c-d64a-n16-r2	2	c100	phase			batch-barrier-1	0.456672
20261008-064058-4a8f57c-d64a-n16-r2	2	c100	phase			batch-barrier-1.start_s	249.834591
20261008-064058-4a8f57c-d64a-n16-r2	2	c100	engine.mem			t_s	255.1
20261008-064058-4a8f57c-d64a-n16-r2	2	c100	engine.mem			rss_kib	78838832
20261008-064058-4a8f57c-d64a-n16-r2	2	c100	engine.mem			hwm_kib	79285476
20261008-064058-4a8f57c-d64a-n16-r2	2	c100	engine.mem			heap_inuse	3946610688
20261008-064058-4a8f57c-d64a-n16-r2	2	c100	engine.mem			sys	7015805176
20261008-064058-4a8f57c-d64a-n16-r2	2	c100	engine.mem			avail_kib	48628416
20261008-064058-4a8f57c-d64a-n16-r2	2	c100	engine.mem			t_s	270.1
20261008-064058-4a8f57c-d64a-n16-r2	2	c100	engine.mem			rss_kib	79031668
20261008-064058-4a8f57c-d64a-n16-r2	2	c100	engine.mem			hwm_kib	79285476
20261008-064058-4a8f57c-d64a-n16-r2	2	c100	engine.mem			heap_inuse	5229690880
20261008-064058-4a8f57c-d64a-n16-r2	2	c100	engine.mem			sys	7015805176
20261008-064058-4a8f57c-d64a-n16-r2	2	c100	engine.mem			avail_kib	48535176
20261008-064058-4a8f57c-d64a-n16-r2	2	c100	sample	2	2-SRR5935798	mode	parallel
20261008-064058-4a8f57c-d64a-n16-r2	2	c100	sample	2	2-SRR5935798	s3client	sdk
20261008-064058-4a8f57c-d64a-n16-r2	2	c100	sample	2	2-SRR5935798	rank	2
20261008-064058-4a8f57c-d64a-n16-r2	2	c100	sample	2	2-SRR5935798	role	home
20261008-064058-4a8f57c-d64a-n16-r2	2	c100	sample	2	2-SRR5935798	inflight	1
20261008-064058-4a8f57c-d64a-n16-r2	2	c100	sample	2	2-SRR5935798	threads	16
20261008-064058-4a8f57c-d64a-n16-r2	2	c100	sample	2	2-SRR5935798	start_s	250.291303
20261008-064058-4a8f57c-d64a-n16-r2	2	c100	sample	2	2-SRR5935798	wall_s	20.293235
20261008-064058-4a8f57c-d64a-n16-r2	2	c100	sample	2	2-SRR5935798	setup_s	0.000053
20261008-064058-4a8f57c-d64a-n16-r2	2	c100	sample	2	2-SRR5935798	classify_s	19.844991
20261008-064058-4a8f57c-d64a-n16-r2	2	c100	sample	2	2-SRR5935798	close_s	0.268175
20261008-064058-4a8f57c-d64a-n16-r2	2	c100	sample	2	2-SRR5935798	report_s	0.165843
20261008-064058-4a8f57c-d64a-n16-r2	2	c100	sample	2	2-SRR5935798	status	0
20261008-064058-4a8f57c-d64a-n16-r2	2	c100	sample	2	2-SRR5935798	sequences	20086542
20261008-064058-4a8f57c-d64a-n16-r2	2	c100	sample	2	2-SRR5935798	bases	3689648337
20261008-064058-4a8f57c-d64a-n16-r2	2	c100	sample	2	2-SRR5935798	classified	19142785
20261008-064058-4a8f57c-d64a-n16-r2	2	c100	sample	2	2-SRR5935798	place	lpt
20261008-064058-4a8f57c-d64a-n16-r2	2	c100	sample	2	2-SRR5935798	weight	20086542
20261008-064058-4a8f57c-d64a-n16-r2	2	c100	engine.mem			t_s	285.1
20261008-064058-4a8f57c-d64a-n16-r2	2	c100	engine.mem			rss_kib	78588388
20261008-064058-4a8f57c-d64a-n16-r2	2	c100	engine.mem			hwm_kib	79285476
20261008-064058-4a8f57c-d64a-n16-r2	2	c100	engine.mem			heap_inuse	5643780096
20261008-064058-4a8f57c-d64a-n16-r2	2	c100	engine.mem			sys	7015805176
20261008-064058-4a8f57c-d64a-n16-r2	2	c100	engine.mem			avail_kib	49048588
20261008-064058-4a8f57c-d64a-n16-r2	2	c100	sample	2	2-SRR5935817	mode	parallel
20261008-064058-4a8f57c-d64a-n16-r2	2	c100	sample	2	2-SRR5935817	s3client	sdk
20261008-064058-4a8f57c-d64a-n16-r2	2	c100	sample	2	2-SRR5935817	rank	2
20261008-064058-4a8f57c-d64a-n16-r2	2	c100	sample	2	2-SRR5935817	role	home
20261008-064058-4a8f57c-d64a-n16-r2	2	c100	sample	2	2-SRR5935817	inflight	1
20261008-064058-4a8f57c-d64a-n16-r2	2	c100	sample	2	2-SRR5935817	threads	16
20261008-064058-4a8f57c-d64a-n16-r2	2	c100	sample	2	2-SRR5935817	start_s	270.584562
20261008-064058-4a8f57c-d64a-n16-r2	2	c100	sample	2	2-SRR5935817	wall_s	15.331592
20261008-064058-4a8f57c-d64a-n16-r2	2	c100	sample	2	2-SRR5935817	setup_s	0.000068
20261008-064058-4a8f57c-d64a-n16-r2	2	c100	sample	2	2-SRR5935817	classify_s	14.919429
20261008-064058-4a8f57c-d64a-n16-r2	2	c100	sample	2	2-SRR5935817	close_s	0.269524
20261008-064058-4a8f57c-d64a-n16-r2	2	c100	sample	2	2-SRR5935817	report_s	0.134495
20261008-064058-4a8f57c-d64a-n16-r2	2	c100	sample	2	2-SRR5935817	status	0
20261008-064058-4a8f57c-d64a-n16-r2	2	c100	sample	2	2-SRR5935817	sequences	14261195
20261008-064058-4a8f57c-d64a-n16-r2	2	c100	sample	2	2-SRR5935817	bases	2665696979
20261008-064058-4a8f57c-d64a-n16-r2	2	c100	sample	2	2-SRR5935817	classified	13980324
20261008-064058-4a8f57c-d64a-n16-r2	2	c100	sample	2	2-SRR5935817	place	lpt
20261008-064058-4a8f57c-d64a-n16-r2	2	c100	sample	2	2-SRR5935817	weight	14261195
20261008-064058-4a8f57c-d64a-n16-r2	2	c100	sample	2	2-SRR5935820	mode	parallel
20261008-064058-4a8f57c-d64a-n16-r2	2	c100	sample	2	2-SRR5935820	s3client	sdk
20261008-064058-4a8f57c-d64a-n16-r2	2	c100	sample	2	2-SRR5935820	rank	2
20261008-064058-4a8f57c-d64a-n16-r2	2	c100	sample	2	2-SRR5935820	role	home
20261008-064058-4a8f57c-d64a-n16-r2	2	c100	sample	2	2-SRR5935820	inflight	1
20261008-064058-4a8f57c-d64a-n16-r2	2	c100	sample	2	2-SRR5935820	threads	16
20261008-064058-4a8f57c-d64a-n16-r2	2	c100	sample	2	2-SRR5935820	start_s	285.916180
20261008-064058-4a8f57c-d64a-n16-r2	2	c100	sample	2	2-SRR5935820	wall_s	12.501321
20261008-064058-4a8f57c-d64a-n16-r2	2	c100	sample	2	2-SRR5935820	setup_s	0.000063
20261008-064058-4a8f57c-d64a-n16-r2	2	c100	sample	2	2-SRR5935820	classify_s	12.052852
20261008-064058-4a8f57c-d64a-n16-r2	2	c100	sample	2	2-SRR5935820	close_s	0.220882
20261008-064058-4a8f57c-d64a-n16-r2	2	c100	sample	2	2-SRR5935820	report_s	0.212116
20261008-064058-4a8f57c-d64a-n16-r2	2	c100	sample	2	2-SRR5935820	status	0
20261008-064058-4a8f57c-d64a-n16-r2	2	c100	sample	2	2-SRR5935820	sequences	12062510
20261008-064058-4a8f57c-d64a-n16-r2	2	c100	sample	2	2-SRR5935820	bases	2207297835
20261008-064058-4a8f57c-d64a-n16-r2	2	c100	sample	2	2-SRR5935820	classified	10926608
20261008-064058-4a8f57c-d64a-n16-r2	2	c100	sample	2	2-SRR5935820	place	lpt
20261008-064058-4a8f57c-d64a-n16-r2	2	c100	sample	2	2-SRR5935820	weight	12062510
20261008-064058-4a8f57c-d64a-n16-r2	2	c100	engine.mem			t_s	300.1
20261008-064058-4a8f57c-d64a-n16-r2	2	c100	engine.mem			rss_kib	78456800
20261008-064058-4a8f57c-d64a-n16-r2	2	c100	engine.mem			hwm_kib	79413416
20261008-064058-4a8f57c-d64a-n16-r2	2	c100	engine.mem			heap_inuse	3905011712
20261008-064058-4a8f57c-d64a-n16-r2	2	c100	engine.mem			sys	7016329464
20261008-064058-4a8f57c-d64a-n16-r2	2	c100	engine.mem			avail_kib	48399864
20261008-064058-4a8f57c-d64a-n16-r2	2	c100	sample	2	2-SRR5935745	mode	parallel
20261008-064058-4a8f57c-d64a-n16-r2	2	c100	sample	2	2-SRR5935745	s3client	sdk
20261008-064058-4a8f57c-d64a-n16-r2	2	c100	sample	2	2-SRR5935745	rank	2
20261008-064058-4a8f57c-d64a-n16-r2	2	c100	sample	2	2-SRR5935745	role	home
20261008-064058-4a8f57c-d64a-n16-r2	2	c100	sample	2	2-SRR5935745	inflight	1
20261008-064058-4a8f57c-d64a-n16-r2	2	c100	sample	2	2-SRR5935745	threads	16
20261008-064058-4a8f57c-d64a-n16-r2	2	c100	sample	2	2-SRR5935745	start_s	298.417527
20261008-064058-4a8f57c-d64a-n16-r2	2	c100	sample	2	2-SRR5935745	wall_s	11.486648
20261008-064058-4a8f57c-d64a-n16-r2	2	c100	sample	2	2-SRR5935745	setup_s	0.000066
20261008-064058-4a8f57c-d64a-n16-r2	2	c100	sample	2	2-SRR5935745	classify_s	11.107665
20261008-064058-4a8f57c-d64a-n16-r2	2	c100	sample	2	2-SRR5935745	close_s	0.222270
20261008-064058-4a8f57c-d64a-n16-r2	2	c100	sample	2	2-SRR5935745	report_s	0.145524
20261008-064058-4a8f57c-d64a-n16-r2	2	c100	sample	2	2-SRR5935745	status	0
20261008-064058-4a8f57c-d64a-n16-r2	2	c100	sample	2	2-SRR5935745	sequences	10492437
20261008-064058-4a8f57c-d64a-n16-r2	2	c100	sample	2	2-SRR5935745	bases	1984140901
20261008-064058-4a8f57c-d64a-n16-r2	2	c100	sample	2	2-SRR5935745	classified	9889429
20261008-064058-4a8f57c-d64a-n16-r2	2	c100	sample	2	2-SRR5935745	place	lpt
20261008-064058-4a8f57c-d64a-n16-r2	2	c100	sample	2	2-SRR5935745	weight	10492437
20261008-064058-4a8f57c-d64a-n16-r2	2	c100	engine.mem			t_s	315.2
20261008-064058-4a8f57c-d64a-n16-r2	2	c100	engine.mem			rss_kib	78628700
20261008-064058-4a8f57c-d64a-n16-r2	2	c100	engine.mem			hwm_kib	79413416
20261008-064058-4a8f57c-d64a-n16-r2	2	c100	engine.mem			heap_inuse	5026390016
20261008-064058-4a8f57c-d64a-n16-r2	2	c100	engine.mem			sys	7096090888
20261008-064058-4a8f57c-d64a-n16-r2	2	c100	engine.mem			avail_kib	48700904
20261008-064058-4a8f57c-d64a-n16-r2	2	c100	sample	2	2-SRR5935828	mode	parallel
20261008-064058-4a8f57c-d64a-n16-r2	2	c100	sample	2	2-SRR5935828	s3client	sdk
20261008-064058-4a8f57c-d64a-n16-r2	2	c100	sample	2	2-SRR5935828	rank	2
20261008-064058-4a8f57c-d64a-n16-r2	2	c100	sample	2	2-SRR5935828	role	home
20261008-064058-4a8f57c-d64a-n16-r2	2	c100	sample	2	2-SRR5935828	inflight	1
20261008-064058-4a8f57c-d64a-n16-r2	2	c100	sample	2	2-SRR5935828	threads	16
20261008-064058-4a8f57c-d64a-n16-r2	2	c100	sample	2	2-SRR5935828	start_s	309.904202
20261008-064058-4a8f57c-d64a-n16-r2	2	c100	sample	2	2-SRR5935828	wall_s	9.165891
20261008-064058-4a8f57c-d64a-n16-r2	2	c100	sample	2	2-SRR5935828	setup_s	0.000058
20261008-064058-4a8f57c-d64a-n16-r2	2	c100	sample	2	2-SRR5935828	classify_s	8.795323
20261008-064058-4a8f57c-d64a-n16-r2	2	c100	sample	2	2-SRR5935828	close_s	0.216243
20261008-064058-4a8f57c-d64a-n16-r2	2	c100	sample	2	2-SRR5935828	report_s	0.146807
20261008-064058-4a8f57c-d64a-n16-r2	2	c100	sample	2	2-SRR5935828	status	0
20261008-064058-4a8f57c-d64a-n16-r2	2	c100	sample	2	2-SRR5935828	sequences	8326050
20261008-064058-4a8f57c-d64a-n16-r2	2	c100	sample	2	2-SRR5935828	bases	1540092338
20261008-064058-4a8f57c-d64a-n16-r2	2	c100	sample	2	2-SRR5935828	classified	8094378
20261008-064058-4a8f57c-d64a-n16-r2	2	c100	sample	2	2-SRR5935828	place	lpt
20261008-064058-4a8f57c-d64a-n16-r2	2	c100	sample	2	2-SRR5935828	weight	8326050
20261008-064058-4a8f57c-d64a-n16-r2	2	c100	sample	2	2-SRR5935814	mode	parallel
20261008-064058-4a8f57c-d64a-n16-r2	2	c100	sample	2	2-SRR5935814	s3client	sdk
20261008-064058-4a8f57c-d64a-n16-r2	2	c100	sample	2	2-SRR5935814	rank	2
20261008-064058-4a8f57c-d64a-n16-r2	2	c100	sample	2	2-SRR5935814	role	home
20261008-064058-4a8f57c-d64a-n16-r2	2	c100	sample	2	2-SRR5935814	inflight	1
20261008-064058-4a8f57c-d64a-n16-r2	2	c100	sample	2	2-SRR5935814	threads	16
20261008-064058-4a8f57c-d64a-n16-r2	2	c100	sample	2	2-SRR5935814	start_s	319.070117
20261008-064058-4a8f57c-d64a-n16-r2	2	c100	sample	2	2-SRR5935814	wall_s	6.095987
20261008-064058-4a8f57c-d64a-n16-r2	2	c100	sample	2	2-SRR5935814	setup_s	0.000066
20261008-064058-4a8f57c-d64a-n16-r2	2	c100	sample	2	2-SRR5935814	classify_s	5.468035
20261008-064058-4a8f57c-d64a-n16-r2	2	c100	sample	2	2-SRR5935814	close_s	0.333842
20261008-064058-4a8f57c-d64a-n16-r2	2	c100	sample	2	2-SRR5935814	report_s	0.287881
20261008-064058-4a8f57c-d64a-n16-r2	2	c100	sample	2	2-SRR5935814	status	0
20261008-064058-4a8f57c-d64a-n16-r2	2	c100	sample	2	2-SRR5935814	sequences	5072545
20261008-064058-4a8f57c-d64a-n16-r2	2	c100	sample	2	2-SRR5935814	bases	950400325
20261008-064058-4a8f57c-d64a-n16-r2	2	c100	sample	2	2-SRR5935814	classified	4982177
20261008-064058-4a8f57c-d64a-n16-r2	2	c100	sample	2	2-SRR5935814	place	lpt
20261008-064058-4a8f57c-d64a-n16-r2	2	c100	sample	2	2-SRR5935814	weight	5072545
20261008-064058-4a8f57c-d64a-n16-r2	2	c100	engine.mem			t_s	330.2
20261008-064058-4a8f57c-d64a-n16-r2	2	c100	engine.mem			rss_kib	79105656
20261008-064058-4a8f57c-d64a-n16-r2	2	c100	engine.mem			hwm_kib	79413416
20261008-064058-4a8f57c-d64a-n16-r2	2	c100	engine.mem			heap_inuse	4551180288
20261008-064058-4a8f57c-d64a-n16-r2	2	c100	engine.mem			sys	7096221960
20261008-064058-4a8f57c-d64a-n16-r2	2	c100	engine.mem			avail_kib	48445732
20261008-064058-4a8f57c-d64a-n16-r2	2	c100	phase			batch-barrier-2	5.427494
20261008-064058-4a8f57c-d64a-n16-r2	2	c100	phase			batch-barrier-2.start_s	325.166125
20261008-064058-4a8f57c-d64a-n16-r2	2	c100	phase			barrier	0.184928
20261008-064058-4a8f57c-d64a-n16-r2	2	c100	phase			barrier.start_s	337.338792
20261008-064058-4a8f57c-d64a-n16-r2	2	c100	sample	3	3-SRR5935740	mode	striped
20261008-064058-4a8f57c-d64a-n16-r2	2	c100	sample	3	3-SRR5935740	s3client	sdk
20261008-064058-4a8f57c-d64a-n16-r2	2	c100	sample	3	3-SRR5935740	rank	2
20261008-064058-4a8f57c-d64a-n16-r2	2	c100	sample	3	3-SRR5935740	role	peer
20261008-064058-4a8f57c-d64a-n16-r2	2	c100	sample	3	3-SRR5935740	inflight	1
20261008-064058-4a8f57c-d64a-n16-r2	2	c100	sample	3	3-SRR5935740	threads	16
20261008-064058-4a8f57c-d64a-n16-r2	2	c100	sample	3	3-SRR5935740	start_s	331.550436
20261008-064058-4a8f57c-d64a-n16-r2	2	c100	sample	3	3-SRR5935740	wall_s	5.973324
20261008-064058-4a8f57c-d64a-n16-r2	2	c100	sample	3	3-SRR5935740	setup_s	0.000056
20261008-064058-4a8f57c-d64a-n16-r2	2	c100	sample	3	3-SRR5935740	classify_s	5.783977
20261008-064058-4a8f57c-d64a-n16-r2	2	c100	sample	3	3-SRR5935740	close_s	0.000000
20261008-064058-4a8f57c-d64a-n16-r2	2	c100	sample	3	3-SRR5935740	report_s	0.000000
20261008-064058-4a8f57c-d64a-n16-r2	2	c100	sample	3	3-SRR5935740	status	0
20261008-064058-4a8f57c-d64a-n16-r2	2	c100	sample	3	3-SRR5935740	sequences	0
20261008-064058-4a8f57c-d64a-n16-r2	2	c100	sample	3	3-SRR5935740	bases	0
20261008-064058-4a8f57c-d64a-n16-r2	2	c100	sample	3	3-SRR5935740	classified	0
20261008-064058-4a8f57c-d64a-n16-r2	2	c100	sample	3	3-SRR5935740	place	-
20261008-064058-4a8f57c-d64a-n16-r2	2	c100	sample	3	3-SRR5935740	weight	-
20261008-064058-4a8f57c-d64a-n16-r2	2	c100	phase			batch-barrier-3	0.501430
20261008-064058-4a8f57c-d64a-n16-r2	2	c100	phase			batch-barrier-3.start_s	337.523770
20261008-064058-4a8f57c-d64a-n16-r2	2	c100	phase			barrier	0.179291
20261008-064058-4a8f57c-d64a-n16-r2	2	c100	phase			barrier.start_s	344.551333
20261008-064058-4a8f57c-d64a-n16-r2	2	c100	sample	4	4-SRR5935740	mode	striped
20261008-064058-4a8f57c-d64a-n16-r2	2	c100	sample	4	4-SRR5935740	s3client	sdk
20261008-064058-4a8f57c-d64a-n16-r2	2	c100	sample	4	4-SRR5935740	rank	2
20261008-064058-4a8f57c-d64a-n16-r2	2	c100	sample	4	4-SRR5935740	role	peer
20261008-064058-4a8f57c-d64a-n16-r2	2	c100	sample	4	4-SRR5935740	inflight	1
20261008-064058-4a8f57c-d64a-n16-r2	2	c100	sample	4	4-SRR5935740	threads	16
20261008-064058-4a8f57c-d64a-n16-r2	2	c100	sample	4	4-SRR5935740	start_s	338.787277
20261008-064058-4a8f57c-d64a-n16-r2	2	c100	sample	4	4-SRR5935740	wall_s	5.943392
20261008-064058-4a8f57c-d64a-n16-r2	2	c100	sample	4	4-SRR5935740	setup_s	0.000051
20261008-064058-4a8f57c-d64a-n16-r2	2	c100	sample	4	4-SRR5935740	classify_s	5.759766
20261008-064058-4a8f57c-d64a-n16-r2	2	c100	sample	4	4-SRR5935740	close_s	0.000000
20261008-064058-4a8f57c-d64a-n16-r2	2	c100	sample	4	4-SRR5935740	report_s	0.000000
20261008-064058-4a8f57c-d64a-n16-r2	2	c100	sample	4	4-SRR5935740	status	0
20261008-064058-4a8f57c-d64a-n16-r2	2	c100	sample	4	4-SRR5935740	sequences	0
20261008-064058-4a8f57c-d64a-n16-r2	2	c100	sample	4	4-SRR5935740	bases	0
20261008-064058-4a8f57c-d64a-n16-r2	2	c100	sample	4	4-SRR5935740	classified	0
20261008-064058-4a8f57c-d64a-n16-r2	2	c100	sample	4	4-SRR5935740	place	-
20261008-064058-4a8f57c-d64a-n16-r2	2	c100	sample	4	4-SRR5935740	weight	-
20261008-064058-4a8f57c-d64a-n16-r2	2	c100	engine.mem			t_s	345.2
20261008-064058-4a8f57c-d64a-n16-r2	2	c100	engine.mem			rss_kib	76542960
20261008-064058-4a8f57c-d64a-n16-r2	2	c100	engine.mem			hwm_kib	79413416
20261008-064058-4a8f57c-d64a-n16-r2	2	c100	engine.mem			heap_inuse	3907166208
20261008-064058-4a8f57c-d64a-n16-r2	2	c100	engine.mem			sys	7096484104
20261008-064058-4a8f57c-d64a-n16-r2	2	c100	engine.mem			avail_kib	51011552
20261008-064058-4a8f57c-d64a-n16-r2	2	c100	phase			batch-barrier-4	0.493650
20261008-064058-4a8f57c-d64a-n16-r2	2	c100	phase			batch-barrier-4.start_s	344.730678
20261008-064058-4a8f57c-d64a-n16-r2	2	c100	phase			barrier	0.015324
20261008-064058-4a8f57c-d64a-n16-r2	2	c100	phase			barrier.start_s	351.781088
20261008-064058-4a8f57c-d64a-n16-r2	2	c100	sample	5	5-SRR5935740	mode	striped
20261008-064058-4a8f57c-d64a-n16-r2	2	c100	sample	5	5-SRR5935740	s3client	sdk
20261008-064058-4a8f57c-d64a-n16-r2	2	c100	sample	5	5-SRR5935740	rank	2
20261008-064058-4a8f57c-d64a-n16-r2	2	c100	sample	5	5-SRR5935740	role	peer
20261008-064058-4a8f57c-d64a-n16-r2	2	c100	sample	5	5-SRR5935740	inflight	1
20261008-064058-4a8f57c-d64a-n16-r2	2	c100	sample	5	5-SRR5935740	threads	16
20261008-064058-4a8f57c-d64a-n16-r2	2	c100	sample	5	5-SRR5935740	start_s	346.005387
20261008-064058-4a8f57c-d64a-n16-r2	2	c100	sample	5	5-SRR5935740	wall_s	5.791063
20261008-064058-4a8f57c-d64a-n16-r2	2	c100	sample	5	5-SRR5935740	setup_s	0.000045
20261008-064058-4a8f57c-d64a-n16-r2	2	c100	sample	5	5-SRR5935740	classify_s	5.771404
20261008-064058-4a8f57c-d64a-n16-r2	2	c100	sample	5	5-SRR5935740	close_s	0.000000
20261008-064058-4a8f57c-d64a-n16-r2	2	c100	sample	5	5-SRR5935740	report_s	0.000000
20261008-064058-4a8f57c-d64a-n16-r2	2	c100	sample	5	5-SRR5935740	status	0
20261008-064058-4a8f57c-d64a-n16-r2	2	c100	sample	5	5-SRR5935740	sequences	0
20261008-064058-4a8f57c-d64a-n16-r2	2	c100	sample	5	5-SRR5935740	bases	0
20261008-064058-4a8f57c-d64a-n16-r2	2	c100	sample	5	5-SRR5935740	classified	0
20261008-064058-4a8f57c-d64a-n16-r2	2	c100	sample	5	5-SRR5935740	place	-
20261008-064058-4a8f57c-d64a-n16-r2	2	c100	sample	5	5-SRR5935740	weight	-
20261008-064058-4a8f57c-d64a-n16-r2	2	c100	phase			batch-barrier-5	0.504676
20261008-064058-4a8f57c-d64a-n16-r2	2	c100	phase			batch-barrier-5.start_s	351.796461
20261008-064058-4a8f57c-d64a-n16-r2	2	c100	engine.mem			t_s	360.2
20261008-064058-4a8f57c-d64a-n16-r2	2	c100	engine.mem			rss_kib	76614040
20261008-064058-4a8f57c-d64a-n16-r2	2	c100	engine.mem			hwm_kib	79413416
20261008-064058-4a8f57c-d64a-n16-r2	2	c100	engine.mem			heap_inuse	2653224960
20261008-064058-4a8f57c-d64a-n16-r2	2	c100	engine.mem			sys	7096484104
20261008-064058-4a8f57c-d64a-n16-r2	2	c100	engine.mem			avail_kib	51019100
20261008-064058-4a8f57c-d64a-n16-r2	2	c100	phase			batch-barrier-6	11.194346
20261008-064058-4a8f57c-d64a-n16-r2	2	c100	phase			batch-barrier-6.start_s	352.301153
20261008-064058-4a8f57c-d64a-n16-r2	2	c100	phase			batch-barrier-7	9.158169
20261008-064058-4a8f57c-d64a-n16-r2	2	c100	phase			batch-barrier-7.start_s	363.495518
20261008-064058-4a8f57c-d64a-n16-r2	2	c100	engine.mem			t_s	375.2
20261008-064058-4a8f57c-d64a-n16-r2	2	c100	engine.mem			rss_kib	76614040
20261008-064058-4a8f57c-d64a-n16-r2	2	c100	engine.mem			hwm_kib	79413416
20261008-064058-4a8f57c-d64a-n16-r2	2	c100	engine.mem			heap_inuse	2656124928
20261008-064058-4a8f57c-d64a-n16-r2	2	c100	engine.mem			sys	7096484104
20261008-064058-4a8f57c-d64a-n16-r2	2	c100	engine.mem			avail_kib	51162820
20261008-064058-4a8f57c-d64a-n16-r2	2	c100	phase			batch-barrier-8	10.272913
20261008-064058-4a8f57c-d64a-n16-r2	2	c100	phase			batch-barrier-8.start_s	372.653704
20261008-064058-4a8f57c-d64a-n16-r2	2	c100	engine.shard			index	0
20261008-064058-4a8f57c-d64a-n16-r2	2	c100	engine.shard			n	16
20261008-064058-4a8f57c-d64a-n16-r2	2	c100	engine.shard			lo	37159114742
20261008-064058-4a8f57c-d64a-n16-r2	2	c100	engine.shard			hi	55738672114
20261008-064058-4a8f57c-d64a-n16-r2	2	c100	engine.shard			tail	302
20261008-064058-4a8f57c-d64a-n16-r2	2	c100	engine.shard			full	false
20261008-064058-4a8f57c-d64a-n16-r2	2	c100	engine.shard			empty_at	18579557378
20261008-064058-4a8f57c-d64a-n16-r2	2	c100	engine.shard			keys	8492407860
20261008-064058-4a8f57c-d64a-n16-r2	2	c100	engine.shard			batches	89910
20261008-064058-4a8f57c-d64a-n16-r2	2	c100	engine.shard			probe_s	220.750187
20261008-064058-4a8f57c-d64a-n16-r2	2	c100	engine.shard			tail_probes	0
20261008-064058-4a8f57c-d64a-n16-r2	2	c100	engine.shard			wrap_probes	0
20261008-064058-4a8f57c-d64a-n16-r2	2	c100	engine.mem			t_s	382.9
20261008-064058-4a8f57c-d64a-n16-r2	2	c100	engine.mem			rss_kib	76614040
20261008-064058-4a8f57c-d64a-n16-r2	2	c100	engine.mem			hwm_kib	79413416
20261008-064058-4a8f57c-d64a-n16-r2	2	c100	engine.mem			heap_inuse	2656468992
20261008-064058-4a8f57c-d64a-n16-r2	2	c100	engine.mem			sys	7096484104
20261008-064058-4a8f57c-d64a-n16-r2	2	c100	engine.mem			avail_kib	51168748
20261008-064058-4a8f57c-d64a-n16-r2	2	c100	engine.rendezvous			puts	13
20261008-064058-4a8f57c-d64a-n16-r2	2	c100	engine.rendezvous			gets	632
20261008-064058-4a8f57c-d64a-n16-r2	2	c100	engine.s3			client	sdk
20261008-064058-4a8f57c-d64a-n16-r2	2	c100	engine.s3			put	32
20261008-064058-4a8f57c-d64a-n16-r2	2	c100	engine.s3			get	632
20261008-064058-4a8f57c-d64a-n16-r2	2	c100	engine.s3			create_multipart	19
20261008-064058-4a8f57c-d64a-n16-r2	2	c100	engine.s3			upload_part	2345
20261008-064058-4a8f57c-d64a-n16-r2	2	c100	engine.s3			complete_multipart	19
20261008-064058-4a8f57c-d64a-n16-r2	2	c100	engine.s3			abort_multipart	0
20261008-064058-4a8f57c-d64a-n16-r2	2	c100	engine.s3			part_bytes	19562523091
20261008-064058-4a8f57c-d64a-n16-r2	2	c100	engine.s3			client	cli
20261008-064058-4a8f57c-d64a-n16-r2	2	c100	engine.s3			put	0
20261008-064058-4a8f57c-d64a-n16-r2	2	c100	engine.s3			get	0
20261008-064058-4a8f57c-d64a-n16-r2	2	c100	engine.s3			create_multipart	0
20261008-064058-4a8f57c-d64a-n16-r2	2	c100	engine.s3			upload_part	0
20261008-064058-4a8f57c-d64a-n16-r2	2	c100	engine.s3			complete_multipart	0
20261008-064058-4a8f57c-d64a-n16-r2	2	c100	engine.s3			abort_multipart	0
20261008-064058-4a8f57c-d64a-n16-r2	2	c100	engine.s3			part_bytes	0
20261008-064058-4a8f57c-d64a-n16-r2	2	c100	engine.load			seconds	40.815185
20261008-064058-4a8f57c-d64a-n16-r2	2	c100	engine.load			requests	1126
20261008-064058-4a8f57c-d64a-n16-r2	2	c100	engine.load			retries	0
20261008-064058-4a8f57c-d64a-n16-r2	2	c100	engine.load			bytes	74318296296
20261008-064058-4a8f57c-d64a-n16-r2	2	c100	engine.route			transport	nodes
20261008-064058-4a8f57c-d64a-n16-r2	2	c100	engine.route			calls	5966
20261008-064058-4a8f57c-d64a-n16-r2	2	c100	engine.route			keys	8986478366
20261008-064058-4a8f57c-d64a-n16-r2	2	c100	engine.route			batches	95456
20261008-064058-4a8f57c-d64a-n16-r2	2	c100	engine.route			route_s	105.390796
20261008-064058-4a8f57c-d64a-n16-r2	2	c100	engine.route			wait_s	364.270178
20261008-064058-4a8f57c-d64a-n16-r2	2	c100	engine.route			gather_s	20.176314
20261008-064058-4a8f57c-d64a-n16-r2	2	c100	engine.worker			scan_s	784.799419
20261008-064058-4a8f57c-d64a-n16-r2	2	c100	engine.worker			lookup_s	489.842021
20261008-064058-4a8f57c-d64a-n16-r2	2	c100	engine.worker			classify_s	700.387164
20261008-064058-4a8f57c-d64a-n16-r2	2	c100	phase			total	383.068833
20261008-064058-4a8f57c-d64a-n16-r2	2	c100	phase			total.start_s	0.000001
20261008-064058-4a8f57c-d64a-n16-r3	3	c100	phase			taxo	0.093677
20261008-064058-4a8f57c-d64a-n16-r3	3	c100	phase			taxo.start_s	0.002786
20261008-064058-4a8f57c-d64a-n16-r3	3	c100	engine.mem			t_s	15.0
20261008-064058-4a8f57c-d64a-n16-r3	3	c100	engine.mem			rss_kib	26357960
20261008-064058-4a8f57c-d64a-n16-r3	3	c100	engine.mem			hwm_kib	26360008
20261008-064058-4a8f57c-d64a-n16-r3	3	c100	engine.mem			heap_inuse	395476992
20261008-064058-4a8f57c-d64a-n16-r3	3	c100	engine.mem			sys	409983336
20261008-064058-4a8f57c-d64a-n16-r3	3	c100	engine.mem			avail_kib	101270368
20261008-064058-4a8f57c-d64a-n16-r3	3	c100	engine.mem			t_s	30.0
20261008-064058-4a8f57c-d64a-n16-r3	3	c100	engine.mem			rss_kib	52791612
20261008-064058-4a8f57c-d64a-n16-r3	3	c100	engine.mem			hwm_kib	52791616
20261008-064058-4a8f57c-d64a-n16-r3	3	c100	engine.mem			heap_inuse	397688832
20261008-064058-4a8f57c-d64a-n16-r3	3	c100	engine.mem			sys	409983336
20261008-064058-4a8f57c-d64a-n16-r3	3	c100	engine.mem			avail_kib	74780880
20261008-064058-4a8f57c-d64a-n16-r3	3	c100	phase			shard-load-3	41.643984
20261008-064058-4a8f57c-d64a-n16-r3	3	c100	phase			shard-load-3.start_s	0.141574
20261008-064058-4a8f57c-d64a-n16-r3	3	c100	engine.mem			t_s	45.0
20261008-064058-4a8f57c-d64a-n16-r3	3	c100	engine.mem			rss_kib	72971644
20261008-064058-4a8f57c-d64a-n16-r3	3	c100	engine.mem			hwm_kib	72971648
20261008-064058-4a8f57c-d64a-n16-r3	3	c100	engine.mem			heap_inuse	403038208
20261008-064058-4a8f57c-d64a-n16-r3	3	c100	engine.mem			sys	418437480
20261008-064058-4a8f57c-d64a-n16-r3	3	c100	engine.mem			avail_kib	54542276
20261008-064058-4a8f57c-d64a-n16-r3	3	c100	engine.mem			t_s	60.0
20261008-064058-4a8f57c-d64a-n16-r3	3	c100	engine.mem			rss_kib	72976384
20261008-064058-4a8f57c-d64a-n16-r3	3	c100	engine.mem			hwm_kib	72976388
20261008-064058-4a8f57c-d64a-n16-r3	3	c100	engine.mem			heap_inuse	408289280
20261008-064058-4a8f57c-d64a-n16-r3	3	c100	engine.mem			sys	422631784
20261008-064058-4a8f57c-d64a-n16-r3	3	c100	engine.mem			avail_kib	54827404
20261008-064058-4a8f57c-d64a-n16-r3	3	c100	engine.mem			t_s	75.0
20261008-064058-4a8f57c-d64a-n16-r3	3	c100	engine.mem			rss_kib	72979460
20261008-064058-4a8f57c-d64a-n16-r3	3	c100	engine.mem			hwm_kib	72979464
20261008-064058-4a8f57c-d64a-n16-r3	3	c100	engine.mem			heap_inuse	411664384
20261008-064058-4a8f57c-d64a-n16-r3	3	c100	engine.mem			sys	426826088
20261008-064058-4a8f57c-d64a-n16-r3	3	c100	engine.mem			avail_kib	54808000
20261008-064058-4a8f57c-d64a-n16-r3	3	c100	phase			rendezvous	37.600394
20261008-064058-4a8f57c-d64a-n16-r3	3	c100	phase			rendezvous.start_s	42.385339
20261008-064058-4a8f57c-d64a-n16-r3	3	c100	phase			connect	0.218245
20261008-064058-4a8f57c-d64a-n16-r3	3	c100	phase			connect.start_s	79.985747
20261008-064058-4a8f57c-d64a-n16-r3	3	c100	phase			hash	80.107523
20261008-064058-4a8f57c-d64a-n16-r3	3	c100	phase			hash.start_s	0.096491
20261008-064058-4a8f57c-d64a-n16-r3	3	c100	engine.mem			t_s	90.0
20261008-064058-4a8f57c-d64a-n16-r3	3	c100	engine.mem			rss_kib	78342696
20261008-064058-4a8f57c-d64a-n16-r3	3	c100	engine.mem			hwm_kib	78354416
20261008-064058-4a8f57c-d64a-n16-r3	3	c100	engine.mem			heap_inuse	4006993920
20261008-064058-4a8f57c-d64a-n16-r3	3	c100	engine.mem			sys	6014410648
20261008-064058-4a8f57c-d64a-n16-r3	3	c100	engine.mem			avail_kib	48842332
20261008-064058-4a8f57c-d64a-n16-r3	3	c100	sample	0	0-SRR5935749	mode	parallel
20261008-064058-4a8f57c-d64a-n16-r3	3	c100	sample	0	0-SRR5935749	s3client	sdk
20261008-064058-4a8f57c-d64a-n16-r3	3	c100	sample	0	0-SRR5935749	rank	3
20261008-064058-4a8f57c-d64a-n16-r3	3	c100	sample	0	0-SRR5935749	role	home
20261008-064058-4a8f57c-d64a-n16-r3	3	c100	sample	0	0-SRR5935749	inflight	1
20261008-064058-4a8f57c-d64a-n16-r3	3	c100	sample	0	0-SRR5935749	threads	16
20261008-064058-4a8f57c-d64a-n16-r3	3	c100	sample	0	0-SRR5935749	start_s	80.204047
20261008-064058-4a8f57c-d64a-n16-r3	3	c100	sample	0	0-SRR5935749	wall_s	19.360218
20261008-064058-4a8f57c-d64a-n16-r3	3	c100	sample	0	0-SRR5935749	setup_s	0.000054
20261008-064058-4a8f57c-d64a-n16-r3	3	c100	sample	0	0-SRR5935749	classify_s	18.971449
20261008-064058-4a8f57c-d64a-n16-r3	3	c100	sample	0	0-SRR5935749	close_s	0.238781
20261008-064058-4a8f57c-d64a-n16-r3	3	c100	sample	0	0-SRR5935749	report_s	0.142775
20261008-064058-4a8f57c-d64a-n16-r3	3	c100	sample	0	0-SRR5935749	status	0
20261008-064058-4a8f57c-d64a-n16-r3	3	c100	sample	0	0-SRR5935749	sequences	18879904
20261008-064058-4a8f57c-d64a-n16-r3	3	c100	sample	0	0-SRR5935749	bases	3539135454
20261008-064058-4a8f57c-d64a-n16-r3	3	c100	sample	0	0-SRR5935749	classified	18627146
20261008-064058-4a8f57c-d64a-n16-r3	3	c100	sample	0	0-SRR5935749	place	lpt
20261008-064058-4a8f57c-d64a-n16-r3	3	c100	sample	0	0-SRR5935749	weight	18879904
20261008-064058-4a8f57c-d64a-n16-r3	3	c100	engine.mem			t_s	105.0
20261008-064058-4a8f57c-d64a-n16-r3	3	c100	engine.mem			rss_kib	78475580
20261008-064058-4a8f57c-d64a-n16-r3	3	c100	engine.mem			hwm_kib	78532328
20261008-064058-4a8f57c-d64a-n16-r3	3	c100	engine.mem			heap_inuse	3596451840
20261008-064058-4a8f57c-d64a-n16-r3	3	c100	engine.mem			sys	6182690744
20261008-064058-4a8f57c-d64a-n16-r3	3	c100	engine.mem			avail_kib	48922508
20261008-064058-4a8f57c-d64a-n16-r3	3	c100	sample	0	0-SRR5935752	mode	parallel
20261008-064058-4a8f57c-d64a-n16-r3	3	c100	sample	0	0-SRR5935752	s3client	sdk
20261008-064058-4a8f57c-d64a-n16-r3	3	c100	sample	0	0-SRR5935752	rank	3
20261008-064058-4a8f57c-d64a-n16-r3	3	c100	sample	0	0-SRR5935752	role	home
20261008-064058-4a8f57c-d64a-n16-r3	3	c100	sample	0	0-SRR5935752	inflight	1
20261008-064058-4a8f57c-d64a-n16-r3	3	c100	sample	0	0-SRR5935752	threads	16
20261008-064058-4a8f57c-d64a-n16-r3	3	c100	sample	0	0-SRR5935752	start_s	99.564293
20261008-064058-4a8f57c-d64a-n16-r3	3	c100	sample	0	0-SRR5935752	wall_s	14.804010
20261008-064058-4a8f57c-d64a-n16-r3	3	c100	sample	0	0-SRR5935752	setup_s	0.000066
20261008-064058-4a8f57c-d64a-n16-r3	3	c100	sample	0	0-SRR5935752	classify_s	14.443570
20261008-064058-4a8f57c-d64a-n16-r3	3	c100	sample	0	0-SRR5935752	close_s	0.238604
20261008-064058-4a8f57c-d64a-n16-r3	3	c100	sample	0	0-SRR5935752	report_s	0.117894
20261008-064058-4a8f57c-d64a-n16-r3	3	c100	sample	0	0-SRR5935752	status	0
20261008-064058-4a8f57c-d64a-n16-r3	3	c100	sample	0	0-SRR5935752	sequences	14298074
20261008-064058-4a8f57c-d64a-n16-r3	3	c100	sample	0	0-SRR5935752	bases	2663280360
20261008-064058-4a8f57c-d64a-n16-r3	3	c100	sample	0	0-SRR5935752	classified	14234512
20261008-064058-4a8f57c-d64a-n16-r3	3	c100	sample	0	0-SRR5935752	place	lpt
20261008-064058-4a8f57c-d64a-n16-r3	3	c100	sample	0	0-SRR5935752	weight	14298074
20261008-064058-4a8f57c-d64a-n16-r3	3	c100	engine.mem			t_s	120.0
20261008-064058-4a8f57c-d64a-n16-r3	3	c100	engine.mem			rss_kib	78349176
20261008-064058-4a8f57c-d64a-n16-r3	3	c100	engine.mem			hwm_kib	78532328
20261008-064058-4a8f57c-d64a-n16-r3	3	c100	engine.mem			heap_inuse	4640874496
20261008-064058-4a8f57c-d64a-n16-r3	3	c100	engine.mem			sys	6182739896
20261008-064058-4a8f57c-d64a-n16-r3	3	c100	engine.mem			avail_kib	49015716
20261008-064058-4a8f57c-d64a-n16-r3	3	c100	sample	0	0-SRR5935816	mode	parallel
20261008-064058-4a8f57c-d64a-n16-r3	3	c100	sample	0	0-SRR5935816	s3client	sdk
20261008-064058-4a8f57c-d64a-n16-r3	3	c100	sample	0	0-SRR5935816	rank	3
20261008-064058-4a8f57c-d64a-n16-r3	3	c100	sample	0	0-SRR5935816	role	home
20261008-064058-4a8f57c-d64a-n16-r3	3	c100	sample	0	0-SRR5935816	inflight	1
20261008-064058-4a8f57c-d64a-n16-r3	3	c100	sample	0	0-SRR5935816	threads	16
20261008-064058-4a8f57c-d64a-n16-r3	3	c100	sample	0	0-SRR5935816	start_s	114.368328
20261008-064058-4a8f57c-d64a-n16-r3	3	c100	sample	0	0-SRR5935816	wall_s	13.015218
20261008-064058-4a8f57c-d64a-n16-r3	3	c100	sample	0	0-SRR5935816	setup_s	0.000074
20261008-064058-4a8f57c-d64a-n16-r3	3	c100	sample	0	0-SRR5935816	classify_s	12.660431
20261008-064058-4a8f57c-d64a-n16-r3	3	c100	sample	0	0-SRR5935816	close_s	0.221541
20261008-064058-4a8f57c-d64a-n16-r3	3	c100	sample	0	0-SRR5935816	report_s	0.125690
20261008-064058-4a8f57c-d64a-n16-r3	3	c100	sample	0	0-SRR5935816	status	0
20261008-064058-4a8f57c-d64a-n16-r3	3	c100	sample	0	0-SRR5935816	sequences	12244248
20261008-064058-4a8f57c-d64a-n16-r3	3	c100	sample	0	0-SRR5935816	bases	2292238030
20261008-064058-4a8f57c-d64a-n16-r3	3	c100	sample	0	0-SRR5935816	classified	11933067
20261008-064058-4a8f57c-d64a-n16-r3	3	c100	sample	0	0-SRR5935816	place	lpt
20261008-064058-4a8f57c-d64a-n16-r3	3	c100	sample	0	0-SRR5935816	weight	12244248
20261008-064058-4a8f57c-d64a-n16-r3	3	c100	engine.mem			t_s	135.0
20261008-064058-4a8f57c-d64a-n16-r3	3	c100	engine.mem			rss_kib	78876860
20261008-064058-4a8f57c-d64a-n16-r3	3	c100	engine.mem			hwm_kib	79031224
20261008-064058-4a8f57c-d64a-n16-r3	3	c100	engine.mem			heap_inuse	5616754688
20261008-064058-4a8f57c-d64a-n16-r3	3	c100	engine.mem			sys	6659334312
20261008-064058-4a8f57c-d64a-n16-r3	3	c100	engine.mem			avail_kib	48667968
20261008-064058-4a8f57c-d64a-n16-r3	3	c100	sample	0	0-SRR5935778	mode	parallel
20261008-064058-4a8f57c-d64a-n16-r3	3	c100	sample	0	0-SRR5935778	s3client	sdk
20261008-064058-4a8f57c-d64a-n16-r3	3	c100	sample	0	0-SRR5935778	rank	3
20261008-064058-4a8f57c-d64a-n16-r3	3	c100	sample	0	0-SRR5935778	role	home
20261008-064058-4a8f57c-d64a-n16-r3	3	c100	sample	0	0-SRR5935778	inflight	1
20261008-064058-4a8f57c-d64a-n16-r3	3	c100	sample	0	0-SRR5935778	threads	16
20261008-064058-4a8f57c-d64a-n16-r3	3	c100	sample	0	0-SRR5935778	start_s	127.383568
20261008-064058-4a8f57c-d64a-n16-r3	3	c100	sample	0	0-SRR5935778	wall_s	11.374990
20261008-064058-4a8f57c-d64a-n16-r3	3	c100	sample	0	0-SRR5935778	setup_s	0.000060
20261008-064058-4a8f57c-d64a-n16-r3	3	c100	sample	0	0-SRR5935778	classify_s	10.973280
20261008-064058-4a8f57c-d64a-n16-r3	3	c100	sample	0	0-SRR5935778	close_s	0.230831
20261008-064058-4a8f57c-d64a-n16-r3	3	c100	sample	0	0-SRR5935778	report_s	0.159330
20261008-064058-4a8f57c-d64a-n16-r3	3	c100	sample	0	0-SRR5935778	status	0
20261008-064058-4a8f57c-d64a-n16-r3	3	c100	sample	0	0-SRR5935778	sequences	10554303
20261008-064058-4a8f57c-d64a-n16-r3	3	c100	sample	0	0-SRR5935778	bases	1946564732
20261008-064058-4a8f57c-d64a-n16-r3	3	c100	sample	0	0-SRR5935778	classified	10062971
20261008-064058-4a8f57c-d64a-n16-r3	3	c100	sample	0	0-SRR5935778	place	lpt
20261008-064058-4a8f57c-d64a-n16-r3	3	c100	sample	0	0-SRR5935778	weight	10554303
20261008-064058-4a8f57c-d64a-n16-r3	3	c100	sample	0	0-SRR5935782	mode	parallel
20261008-064058-4a8f57c-d64a-n16-r3	3	c100	sample	0	0-SRR5935782	s3client	sdk
20261008-064058-4a8f57c-d64a-n16-r3	3	c100	sample	0	0-SRR5935782	rank	3
20261008-064058-4a8f57c-d64a-n16-r3	3	c100	sample	0	0-SRR5935782	role	home
20261008-064058-4a8f57c-d64a-n16-r3	3	c100	sample	0	0-SRR5935782	inflight	1
20261008-064058-4a8f57c-d64a-n16-r3	3	c100	sample	0	0-SRR5935782	threads	16
20261008-064058-4a8f57c-d64a-n16-r3	3	c100	sample	0	0-SRR5935782	start_s	138.758582
20261008-064058-4a8f57c-d64a-n16-r3	3	c100	sample	0	0-SRR5935782	wall_s	10.720031
20261008-064058-4a8f57c-d64a-n16-r3	3	c100	sample	0	0-SRR5935782	setup_s	0.000079
20261008-064058-4a8f57c-d64a-n16-r3	3	c100	sample	0	0-SRR5935782	classify_s	10.335114
20261008-064058-4a8f57c-d64a-n16-r3	3	c100	sample	0	0-SRR5935782	close_s	0.226515
20261008-064058-4a8f57c-d64a-n16-r3	3	c100	sample	0	0-SRR5935782	report_s	0.152339
20261008-064058-4a8f57c-d64a-n16-r3	3	c100	sample	0	0-SRR5935782	status	0
20261008-064058-4a8f57c-d64a-n16-r3	3	c100	sample	0	0-SRR5935782	sequences	10128070
20261008-064058-4a8f57c-d64a-n16-r3	3	c100	sample	0	0-SRR5935782	bases	1876810820
20261008-064058-4a8f57c-d64a-n16-r3	3	c100	sample	0	0-SRR5935782	classified	9942775
20261008-064058-4a8f57c-d64a-n16-r3	3	c100	sample	0	0-SRR5935782	place	lpt
20261008-064058-4a8f57c-d64a-n16-r3	3	c100	sample	0	0-SRR5935782	weight	10128070
20261008-064058-4a8f57c-d64a-n16-r3	3	c100	engine.mem			t_s	150.0
20261008-064058-4a8f57c-d64a-n16-r3	3	c100	engine.mem			rss_kib	78187524
20261008-064058-4a8f57c-d64a-n16-r3	3	c100	engine.mem			hwm_kib	79084856
20261008-064058-4a8f57c-d64a-n16-r3	3	c100	engine.mem			heap_inuse	2510929920
20261008-064058-4a8f57c-d64a-n16-r3	3	c100	engine.mem			sys	6737064120
20261008-064058-4a8f57c-d64a-n16-r3	3	c100	engine.mem			avail_kib	48916124
20261008-064058-4a8f57c-d64a-n16-r3	3	c100	sample	0	0-SRR5935789	mode	parallel
20261008-064058-4a8f57c-d64a-n16-r3	3	c100	sample	0	0-SRR5935789	s3client	sdk
20261008-064058-4a8f57c-d64a-n16-r3	3	c100	sample	0	0-SRR5935789	rank	3
20261008-064058-4a8f57c-d64a-n16-r3	3	c100	sample	0	0-SRR5935789	role	home
20261008-064058-4a8f57c-d64a-n16-r3	3	c100	sample	0	0-SRR5935789	inflight	1
20261008-064058-4a8f57c-d64a-n16-r3	3	c100	sample	0	0-SRR5935789	threads	16
20261008-064058-4a8f57c-d64a-n16-r3	3	c100	sample	0	0-SRR5935789	start_s	149.478636
20261008-064058-4a8f57c-d64a-n16-r3	3	c100	sample	0	0-SRR5935789	wall_s	2.312153
20261008-064058-4a8f57c-d64a-n16-r3	3	c100	sample	0	0-SRR5935789	setup_s	0.000064
20261008-064058-4a8f57c-d64a-n16-r3	3	c100	sample	0	0-SRR5935789	classify_s	1.880984
20261008-064058-4a8f57c-d64a-n16-r3	3	c100	sample	0	0-SRR5935789	close_s	0.261886
20261008-064058-4a8f57c-d64a-n16-r3	3	c100	sample	0	0-SRR5935789	report_s	0.167079
20261008-064058-4a8f57c-d64a-n16-r3	3	c100	sample	0	0-SRR5935789	status	0
20261008-064058-4a8f57c-d64a-n16-r3	3	c100	sample	0	0-SRR5935789	sequences	1513694
20261008-064058-4a8f57c-d64a-n16-r3	3	c100	sample	0	0-SRR5935789	bases	270732465
20261008-064058-4a8f57c-d64a-n16-r3	3	c100	sample	0	0-SRR5935789	classified	1488159
20261008-064058-4a8f57c-d64a-n16-r3	3	c100	sample	0	0-SRR5935789	place	lpt
20261008-064058-4a8f57c-d64a-n16-r3	3	c100	sample	0	0-SRR5935789	weight	1513694
20261008-064058-4a8f57c-d64a-n16-r3	3	c100	sample	0	0-SRR5935835	mode	parallel
20261008-064058-4a8f57c-d64a-n16-r3	3	c100	sample	0	0-SRR5935835	s3client	sdk
20261008-064058-4a8f57c-d64a-n16-r3	3	c100	sample	0	0-SRR5935835	rank	3
20261008-064058-4a8f57c-d64a-n16-r3	3	c100	sample	0	0-SRR5935835	role	home
20261008-064058-4a8f57c-d64a-n16-r3	3	c100	sample	0	0-SRR5935835	inflight	1
20261008-064058-4a8f57c-d64a-n16-r3	3	c100	sample	0	0-SRR5935835	threads	16
20261008-064058-4a8f57c-d64a-n16-r3	3	c100	sample	0	0-SRR5935835	start_s	151.790813
20261008-064058-4a8f57c-d64a-n16-r3	3	c100	sample	0	0-SRR5935835	wall_s	2.198099
20261008-064058-4a8f57c-d64a-n16-r3	3	c100	sample	0	0-SRR5935835	setup_s	0.000083
20261008-064058-4a8f57c-d64a-n16-r3	3	c100	sample	0	0-SRR5935835	classify_s	1.851796
20261008-064058-4a8f57c-d64a-n16-r3	3	c100	sample	0	0-SRR5935835	close_s	0.224904
20261008-064058-4a8f57c-d64a-n16-r3	3	c100	sample	0	0-SRR5935835	report_s	0.118797
20261008-064058-4a8f57c-d64a-n16-r3	3	c100	sample	0	0-SRR5935835	status	0
20261008-064058-4a8f57c-d64a-n16-r3	3	c100	sample	0	0-SRR5935835	sequences	1341509
20261008-064058-4a8f57c-d64a-n16-r3	3	c100	sample	0	0-SRR5935835	bases	254993682
20261008-064058-4a8f57c-d64a-n16-r3	3	c100	sample	0	0-SRR5935835	classified	1320808
20261008-064058-4a8f57c-d64a-n16-r3	3	c100	sample	0	0-SRR5935835	place	lpt
20261008-064058-4a8f57c-d64a-n16-r3	3	c100	sample	0	0-SRR5935835	weight	1341509
20261008-064058-4a8f57c-d64a-n16-r3	3	c100	phase			batch-barrier-0	4.602669
20261008-064058-4a8f57c-d64a-n16-r3	3	c100	phase			batch-barrier-0.start_s	153.988935
20261008-064058-4a8f57c-d64a-n16-r3	3	c100	sample	1	1-SRR5935743	mode	parallel
20261008-064058-4a8f57c-d64a-n16-r3	3	c100	sample	1	1-SRR5935743	s3client	sdk
20261008-064058-4a8f57c-d64a-n16-r3	3	c100	sample	1	1-SRR5935743	rank	3
20261008-064058-4a8f57c-d64a-n16-r3	3	c100	sample	1	1-SRR5935743	role	home
20261008-064058-4a8f57c-d64a-n16-r3	3	c100	sample	1	1-SRR5935743	inflight	1
20261008-064058-4a8f57c-d64a-n16-r3	3	c100	sample	1	1-SRR5935743	threads	16
20261008-064058-4a8f57c-d64a-n16-r3	3	c100	sample	1	1-SRR5935743	start_s	158.591629
20261008-064058-4a8f57c-d64a-n16-r3	3	c100	sample	1	1-SRR5935743	wall_s	0.810946
20261008-064058-4a8f57c-d64a-n16-r3	3	c100	sample	1	1-SRR5935743	setup_s	0.000056
20261008-064058-4a8f57c-d64a-n16-r3	3	c100	sample	1	1-SRR5935743	classify_s	0.510820
20261008-064058-4a8f57c-d64a-n16-r3	3	c100	sample	1	1-SRR5935743	close_s	0.194254
20261008-064058-4a8f57c-d64a-n16-r3	3	c100	sample	1	1-SRR5935743	report_s	0.105064
20261008-064058-4a8f57c-d64a-n16-r3	3	c100	sample	1	1-SRR5935743	status	0
20261008-064058-4a8f57c-d64a-n16-r3	3	c100	sample	1	1-SRR5935743	sequences	201473
20261008-064058-4a8f57c-d64a-n16-r3	3	c100	sample	1	1-SRR5935743	bases	36745424
20261008-064058-4a8f57c-d64a-n16-r3	3	c100	sample	1	1-SRR5935743	classified	197603
20261008-064058-4a8f57c-d64a-n16-r3	3	c100	sample	1	1-SRR5935743	place	mod
20261008-064058-4a8f57c-d64a-n16-r3	3	c100	sample	1	1-SRR5935743	weight	201473
20261008-064058-4a8f57c-d64a-n16-r3	3	c100	engine.mem			t_s	165.0
20261008-064058-4a8f57c-d64a-n16-r3	3	c100	engine.mem			rss_kib	78142160
20261008-064058-4a8f57c-d64a-n16-r3	3	c100	engine.mem			hwm_kib	79084856
20261008-064058-4a8f57c-d64a-n16-r3	3	c100	engine.mem			heap_inuse	4512677888
20261008-064058-4a8f57c-d64a-n16-r3	3	c100	engine.mem			sys	6737391800
20261008-064058-4a8f57c-d64a-n16-r3	3	c100	engine.mem			avail_kib	49206820
20261008-064058-4a8f57c-d64a-n16-r3	3	c100	sample	1	1-SRR5935759	mode	parallel
20261008-064058-4a8f57c-d64a-n16-r3	3	c100	sample	1	1-SRR5935759	s3client	sdk
20261008-064058-4a8f57c-d64a-n16-r3	3	c100	sample	1	1-SRR5935759	rank	3
20261008-064058-4a8f57c-d64a-n16-r3	3	c100	sample	1	1-SRR5935759	role	home
20261008-064058-4a8f57c-d64a-n16-r3	3	c100	sample	1	1-SRR5935759	inflight	1
20261008-064058-4a8f57c-d64a-n16-r3	3	c100	sample	1	1-SRR5935759	threads	16
20261008-064058-4a8f57c-d64a-n16-r3	3	c100	sample	1	1-SRR5935759	start_s	159.402599
20261008-064058-4a8f57c-d64a-n16-r3	3	c100	sample	1	1-SRR5935759	wall_s	15.588994
20261008-064058-4a8f57c-d64a-n16-r3	3	c100	sample	1	1-SRR5935759	setup_s	0.000055
20261008-064058-4a8f57c-d64a-n16-r3	3	c100	sample	1	1-SRR5935759	classify_s	15.116706
20261008-064058-4a8f57c-d64a-n16-r3	3	c100	sample	1	1-SRR5935759	close_s	0.252593
20261008-064058-4a8f57c-d64a-n16-r3	3	c100	sample	1	1-SRR5935759	report_s	0.207298
20261008-064058-4a8f57c-d64a-n16-r3	3	c100	sample	1	1-SRR5935759	status	0
20261008-064058-4a8f57c-d64a-n16-r3	3	c100	sample	1	1-SRR5935759	sequences	15312868
20261008-064058-4a8f57c-d64a-n16-r3	3	c100	sample	1	1-SRR5935759	bases	2847175138
20261008-064058-4a8f57c-d64a-n16-r3	3	c100	sample	1	1-SRR5935759	classified	13152387
20261008-064058-4a8f57c-d64a-n16-r3	3	c100	sample	1	1-SRR5935759	place	mod
20261008-064058-4a8f57c-d64a-n16-r3	3	c100	sample	1	1-SRR5935759	weight	15312868
20261008-064058-4a8f57c-d64a-n16-r3	3	c100	engine.mem			t_s	180.1
20261008-064058-4a8f57c-d64a-n16-r3	3	c100	engine.mem			rss_kib	78912368
20261008-064058-4a8f57c-d64a-n16-r3	3	c100	engine.mem			hwm_kib	79084856
20261008-064058-4a8f57c-d64a-n16-r3	3	c100	engine.mem			heap_inuse	5052178432
20261008-064058-4a8f57c-d64a-n16-r3	3	c100	engine.mem			sys	6737391800
20261008-064058-4a8f57c-d64a-n16-r3	3	c100	engine.mem			avail_kib	48308760
20261008-064058-4a8f57c-d64a-n16-r3	3	c100	sample	1	1-SRR5935775	mode	parallel
20261008-064058-4a8f57c-d64a-n16-r3	3	c100	sample	1	1-SRR5935775	s3client	sdk
20261008-064058-4a8f57c-d64a-n16-r3	3	c100	sample	1	1-SRR5935775	rank	3
20261008-064058-4a8f57c-d64a-n16-r3	3	c100	sample	1	1-SRR5935775	role	home
20261008-064058-4a8f57c-d64a-n16-r3	3	c100	sample	1	1-SRR5935775	inflight	1
20261008-064058-4a8f57c-d64a-n16-r3	3	c100	sample	1	1-SRR5935775	threads	16
20261008-064058-4a8f57c-d64a-n16-r3	3	c100	sample	1	1-SRR5935775	start_s	174.991621
20261008-064058-4a8f57c-d64a-n16-r3	3	c100	sample	1	1-SRR5935775	wall_s	13.282603
20261008-064058-4a8f57c-d64a-n16-r3	3	c100	sample	1	1-SRR5935775	setup_s	0.000061
20261008-064058-4a8f57c-d64a-n16-r3	3	c100	sample	1	1-SRR5935775	classify_s	12.922336
20261008-064058-4a8f57c-d64a-n16-r3	3	c100	sample	1	1-SRR5935775	close_s	0.223082
20261008-064058-4a8f57c-d64a-n16-r3	3	c100	sample	1	1-SRR5935775	report_s	0.132046
20261008-064058-4a8f57c-d64a-n16-r3	3	c100	sample	1	1-SRR5935775	status	0
20261008-064058-4a8f57c-d64a-n16-r3	3	c100	sample	1	1-SRR5935775	sequences	13010149
20261008-064058-4a8f57c-d64a-n16-r3	3	c100	sample	1	1-SRR5935775	bases	2394732661
20261008-064058-4a8f57c-d64a-n16-r3	3	c100	sample	1	1-SRR5935775	classified	12910203
20261008-064058-4a8f57c-d64a-n16-r3	3	c100	sample	1	1-SRR5935775	place	mod
20261008-064058-4a8f57c-d64a-n16-r3	3	c100	sample	1	1-SRR5935775	weight	13010149
20261008-064058-4a8f57c-d64a-n16-r3	3	c100	engine.mem			t_s	195.1
20261008-064058-4a8f57c-d64a-n16-r3	3	c100	engine.mem			rss_kib	78625836
20261008-064058-4a8f57c-d64a-n16-r3	3	c100	engine.mem			hwm_kib	79303472
20261008-064058-4a8f57c-d64a-n16-r3	3	c100	engine.mem			heap_inuse	3614212096
20261008-064058-4a8f57c-d64a-n16-r3	3	c100	engine.mem			sys	6951579896
20261008-064058-4a8f57c-d64a-n16-r3	3	c100	engine.mem			avail_kib	48586404
20261008-064058-4a8f57c-d64a-n16-r3	3	c100	sample	1	1-SRR5935791	mode	parallel
20261008-064058-4a8f57c-d64a-n16-r3	3	c100	sample	1	1-SRR5935791	s3client	sdk
20261008-064058-4a8f57c-d64a-n16-r3	3	c100	sample	1	1-SRR5935791	rank	3
20261008-064058-4a8f57c-d64a-n16-r3	3	c100	sample	1	1-SRR5935791	role	home
20261008-064058-4a8f57c-d64a-n16-r3	3	c100	sample	1	1-SRR5935791	inflight	1
20261008-064058-4a8f57c-d64a-n16-r3	3	c100	sample	1	1-SRR5935791	threads	16
20261008-064058-4a8f57c-d64a-n16-r3	3	c100	sample	1	1-SRR5935791	start_s	188.274252
20261008-064058-4a8f57c-d64a-n16-r3	3	c100	sample	1	1-SRR5935791	wall_s	11.152472
20261008-064058-4a8f57c-d64a-n16-r3	3	c100	sample	1	1-SRR5935791	setup_s	0.000062
20261008-064058-4a8f57c-d64a-n16-r3	3	c100	sample	1	1-SRR5935791	classify_s	10.754311
20261008-064058-4a8f57c-d64a-n16-r3	3	c100	sample	1	1-SRR5935791	close_s	0.263506
20261008-064058-4a8f57c-d64a-n16-r3	3	c100	sample	1	1-SRR5935791	report_s	0.130622
20261008-064058-4a8f57c-d64a-n16-r3	3	c100	sample	1	1-SRR5935791	status	0
20261008-064058-4a8f57c-d64a-n16-r3	3	c100	sample	1	1-SRR5935791	sequences	10140194
20261008-064058-4a8f57c-d64a-n16-r3	3	c100	sample	1	1-SRR5935791	bases	1929101997
20261008-064058-4a8f57c-d64a-n16-r3	3	c100	sample	1	1-SRR5935791	classified	10096895
20261008-064058-4a8f57c-d64a-n16-r3	3	c100	sample	1	1-SRR5935791	place	mod
20261008-064058-4a8f57c-d64a-n16-r3	3	c100	sample	1	1-SRR5935791	weight	10140194
20261008-064058-4a8f57c-d64a-n16-r3	3	c100	engine.mem			t_s	210.1
20261008-064058-4a8f57c-d64a-n16-r3	3	c100	engine.mem			rss_kib	78745348
20261008-064058-4a8f57c-d64a-n16-r3	3	c100	engine.mem			hwm_kib	79303472
20261008-064058-4a8f57c-d64a-n16-r3	3	c100	engine.mem			heap_inuse	5432614912
20261008-064058-4a8f57c-d64a-n16-r3	3	c100	engine.mem			sys	6951579896
20261008-064058-4a8f57c-d64a-n16-r3	3	c100	engine.mem			avail_kib	48737916
20261008-064058-4a8f57c-d64a-n16-r3	3	c100	sample	1	1-SRR5935807	mode	parallel
20261008-064058-4a8f57c-d64a-n16-r3	3	c100	sample	1	1-SRR5935807	s3client	sdk
20261008-064058-4a8f57c-d64a-n16-r3	3	c100	sample	1	1-SRR5935807	rank	3
20261008-064058-4a8f57c-d64a-n16-r3	3	c100	sample	1	1-SRR5935807	role	home
20261008-064058-4a8f57c-d64a-n16-r3	3	c100	sample	1	1-SRR5935807	inflight	1
20261008-064058-4a8f57c-d64a-n16-r3	3	c100	sample	1	1-SRR5935807	threads	16
20261008-064058-4a8f57c-d64a-n16-r3	3	c100	sample	1	1-SRR5935807	start_s	199.426749
20261008-064058-4a8f57c-d64a-n16-r3	3	c100	sample	1	1-SRR5935807	wall_s	16.697507
20261008-064058-4a8f57c-d64a-n16-r3	3	c100	sample	1	1-SRR5935807	setup_s	0.000066
20261008-064058-4a8f57c-d64a-n16-r3	3	c100	sample	1	1-SRR5935807	classify_s	16.264435
20261008-064058-4a8f57c-d64a-n16-r3	3	c100	sample	1	1-SRR5935807	close_s	0.246075
20261008-064058-4a8f57c-d64a-n16-r3	3	c100	sample	1	1-SRR5935807	report_s	0.168716
20261008-064058-4a8f57c-d64a-n16-r3	3	c100	sample	1	1-SRR5935807	status	0
20261008-064058-4a8f57c-d64a-n16-r3	3	c100	sample	1	1-SRR5935807	sequences	16708997
20261008-064058-4a8f57c-d64a-n16-r3	3	c100	sample	1	1-SRR5935807	bases	3043023590
20261008-064058-4a8f57c-d64a-n16-r3	3	c100	sample	1	1-SRR5935807	classified	15000245
20261008-064058-4a8f57c-d64a-n16-r3	3	c100	sample	1	1-SRR5935807	place	mod
20261008-064058-4a8f57c-d64a-n16-r3	3	c100	sample	1	1-SRR5935807	weight	16708997
20261008-064058-4a8f57c-d64a-n16-r3	3	c100	engine.mem			t_s	225.1
20261008-064058-4a8f57c-d64a-n16-r3	3	c100	engine.mem			rss_kib	78508752
20261008-064058-4a8f57c-d64a-n16-r3	3	c100	engine.mem			hwm_kib	79303472
20261008-064058-4a8f57c-d64a-n16-r3	3	c100	engine.mem			heap_inuse	5161091072
20261008-064058-4a8f57c-d64a-n16-r3	3	c100	engine.mem			sys	6951579896
20261008-064058-4a8f57c-d64a-n16-r3	3	c100	engine.mem			avail_kib	49029800
20261008-064058-4a8f57c-d64a-n16-r3	3	c100	sample	1	1-SRR5935823	mode	parallel
20261008-064058-4a8f57c-d64a-n16-r3	3	c100	sample	1	1-SRR5935823	s3client	sdk
20261008-064058-4a8f57c-d64a-n16-r3	3	c100	sample	1	1-SRR5935823	rank	3
20261008-064058-4a8f57c-d64a-n16-r3	3	c100	sample	1	1-SRR5935823	role	home
20261008-064058-4a8f57c-d64a-n16-r3	3	c100	sample	1	1-SRR5935823	inflight	1
20261008-064058-4a8f57c-d64a-n16-r3	3	c100	sample	1	1-SRR5935823	threads	16
20261008-064058-4a8f57c-d64a-n16-r3	3	c100	sample	1	1-SRR5935823	start_s	216.124288
20261008-064058-4a8f57c-d64a-n16-r3	3	c100	sample	1	1-SRR5935823	wall_s	20.528022
20261008-064058-4a8f57c-d64a-n16-r3	3	c100	sample	1	1-SRR5935823	setup_s	0.000062
20261008-064058-4a8f57c-d64a-n16-r3	3	c100	sample	1	1-SRR5935823	classify_s	20.109218
20261008-064058-4a8f57c-d64a-n16-r3	3	c100	sample	1	1-SRR5935823	close_s	0.259458
20261008-064058-4a8f57c-d64a-n16-r3	3	c100	sample	1	1-SRR5935823	report_s	0.153580
20261008-064058-4a8f57c-d64a-n16-r3	3	c100	sample	1	1-SRR5935823	status	0
20261008-064058-4a8f57c-d64a-n16-r3	3	c100	sample	1	1-SRR5935823	sequences	20770968
20261008-064058-4a8f57c-d64a-n16-r3	3	c100	sample	1	1-SRR5935823	bases	3886695944
20261008-064058-4a8f57c-d64a-n16-r3	3	c100	sample	1	1-SRR5935823	classified	20594735
20261008-064058-4a8f57c-d64a-n16-r3	3	c100	sample	1	1-SRR5935823	place	mod
20261008-064058-4a8f57c-d64a-n16-r3	3	c100	sample	1	1-SRR5935823	weight	20770968
20261008-064058-4a8f57c-d64a-n16-r3	3	c100	sample	1	1-SRR5935839	mode	parallel
20261008-064058-4a8f57c-d64a-n16-r3	3	c100	sample	1	1-SRR5935839	s3client	sdk
20261008-064058-4a8f57c-d64a-n16-r3	3	c100	sample	1	1-SRR5935839	rank	3
20261008-064058-4a8f57c-d64a-n16-r3	3	c100	sample	1	1-SRR5935839	role	home
20261008-064058-4a8f57c-d64a-n16-r3	3	c100	sample	1	1-SRR5935839	inflight	1
20261008-064058-4a8f57c-d64a-n16-r3	3	c100	sample	1	1-SRR5935839	threads	16
20261008-064058-4a8f57c-d64a-n16-r3	3	c100	sample	1	1-SRR5935839	start_s	236.652338
20261008-064058-4a8f57c-d64a-n16-r3	3	c100	sample	1	1-SRR5935839	wall_s	1.753125
20261008-064058-4a8f57c-d64a-n16-r3	3	c100	sample	1	1-SRR5935839	setup_s	0.000061
20261008-064058-4a8f57c-d64a-n16-r3	3	c100	sample	1	1-SRR5935839	classify_s	1.407547
20261008-064058-4a8f57c-d64a-n16-r3	3	c100	sample	1	1-SRR5935839	close_s	0.201085
20261008-064058-4a8f57c-d64a-n16-r3	3	c100	sample	1	1-SRR5935839	report_s	0.142064
20261008-064058-4a8f57c-d64a-n16-r3	3	c100	sample	1	1-SRR5935839	status	0
20261008-064058-4a8f57c-d64a-n16-r3	3	c100	sample	1	1-SRR5935839	sequences	1085628
20261008-064058-4a8f57c-d64a-n16-r3	3	c100	sample	1	1-SRR5935839	bases	199244471
20261008-064058-4a8f57c-d64a-n16-r3	3	c100	sample	1	1-SRR5935839	classified	1061820
20261008-064058-4a8f57c-d64a-n16-r3	3	c100	sample	1	1-SRR5935839	place	mod
20261008-064058-4a8f57c-d64a-n16-r3	3	c100	sample	1	1-SRR5935839	weight	1085628
20261008-064058-4a8f57c-d64a-n16-r3	3	c100	engine.mem			t_s	240.1
20261008-064058-4a8f57c-d64a-n16-r3	3	c100	engine.mem			rss_kib	77864008
20261008-064058-4a8f57c-d64a-n16-r3	3	c100	engine.mem			hwm_kib	79303472
20261008-064058-4a8f57c-d64a-n16-r3	3	c100	engine.mem			heap_inuse	3771146240
20261008-064058-4a8f57c-d64a-n16-r3	3	c100	engine.mem			sys	6951579896
20261008-064058-4a8f57c-d64a-n16-r3	3	c100	engine.mem			avail_kib	49747780
20261008-064058-4a8f57c-d64a-n16-r3	3	c100	phase			batch-barrier-1	10.575190
20261008-064058-4a8f57c-d64a-n16-r3	3	c100	phase			batch-barrier-1.start_s	238.405485
20261008-064058-4a8f57c-d64a-n16-r3	3	c100	engine.mem			t_s	255.1
20261008-064058-4a8f57c-d64a-n16-r3	3	c100	engine.mem			rss_kib	78516356
20261008-064058-4a8f57c-d64a-n16-r3	3	c100	engine.mem			hwm_kib	79303472
20261008-064058-4a8f57c-d64a-n16-r3	3	c100	engine.mem			heap_inuse	3265789952
20261008-064058-4a8f57c-d64a-n16-r3	3	c100	engine.mem			sys	6951579896
20261008-064058-4a8f57c-d64a-n16-r3	3	c100	engine.mem			avail_kib	49032292
20261008-064058-4a8f57c-d64a-n16-r3	3	c100	sample	2	2-SRR5935749	mode	parallel
20261008-064058-4a8f57c-d64a-n16-r3	3	c100	sample	2	2-SRR5935749	s3client	sdk
20261008-064058-4a8f57c-d64a-n16-r3	3	c100	sample	2	2-SRR5935749	rank	3
20261008-064058-4a8f57c-d64a-n16-r3	3	c100	sample	2	2-SRR5935749	role	home
20261008-064058-4a8f57c-d64a-n16-r3	3	c100	sample	2	2-SRR5935749	inflight	1
20261008-064058-4a8f57c-d64a-n16-r3	3	c100	sample	2	2-SRR5935749	threads	16
20261008-064058-4a8f57c-d64a-n16-r3	3	c100	sample	2	2-SRR5935749	start_s	248.980722
20261008-064058-4a8f57c-d64a-n16-r3	3	c100	sample	2	2-SRR5935749	wall_s	19.691719
20261008-064058-4a8f57c-d64a-n16-r3	3	c100	sample	2	2-SRR5935749	setup_s	0.000050
20261008-064058-4a8f57c-d64a-n16-r3	3	c100	sample	2	2-SRR5935749	classify_s	19.181119
20261008-064058-4a8f57c-d64a-n16-r3	3	c100	sample	2	2-SRR5935749	close_s	0.281312
20261008-064058-4a8f57c-d64a-n16-r3	3	c100	sample	2	2-SRR5935749	report_s	0.222052
20261008-064058-4a8f57c-d64a-n16-r3	3	c100	sample	2	2-SRR5935749	status	0
20261008-064058-4a8f57c-d64a-n16-r3	3	c100	sample	2	2-SRR5935749	sequences	18879904
20261008-064058-4a8f57c-d64a-n16-r3	3	c100	sample	2	2-SRR5935749	bases	3539135454
20261008-064058-4a8f57c-d64a-n16-r3	3	c100	sample	2	2-SRR5935749	classified	18627146
20261008-064058-4a8f57c-d64a-n16-r3	3	c100	sample	2	2-SRR5935749	place	lpt
20261008-064058-4a8f57c-d64a-n16-r3	3	c100	sample	2	2-SRR5935749	weight	18879904
20261008-064058-4a8f57c-d64a-n16-r3	3	c100	engine.mem			t_s	270.1
20261008-064058-4a8f57c-d64a-n16-r3	3	c100	engine.mem			rss_kib	78359096
20261008-064058-4a8f57c-d64a-n16-r3	3	c100	engine.mem			hwm_kib	79303472
20261008-064058-4a8f57c-d64a-n16-r3	3	c100	engine.mem			heap_inuse	4520304640
20261008-064058-4a8f57c-d64a-n16-r3	3	c100	engine.mem			sys	6951710968
20261008-064058-4a8f57c-d64a-n16-r3	3	c100	engine.mem			avail_kib	49196132
20261008-064058-4a8f57c-d64a-n16-r3	3	c100	sample	2	2-SRR5935752	mode	parallel
20261008-064058-4a8f57c-d64a-n16-r3	3	c100	sample	2	2-SRR5935752	s3client	sdk
20261008-064058-4a8f57c-d64a-n16-r3	3	c100	sample	2	2-SRR5935752	rank	3
20261008-064058-4a8f57c-d64a-n16-r3	3	c100	sample	2	2-SRR5935752	role	home
20261008-064058-4a8f57c-d64a-n16-r3	3	c100	sample	2	2-SRR5935752	inflight	1
20261008-064058-4a8f57c-d64a-n16-r3	3	c100	sample	2	2-SRR5935752	threads	16
20261008-064058-4a8f57c-d64a-n16-r3	3	c100	sample	2	2-SRR5935752	start_s	268.672466
20261008-064058-4a8f57c-d64a-n16-r3	3	c100	sample	2	2-SRR5935752	wall_s	15.091765
20261008-064058-4a8f57c-d64a-n16-r3	3	c100	sample	2	2-SRR5935752	setup_s	0.000061
20261008-064058-4a8f57c-d64a-n16-r3	3	c100	sample	2	2-SRR5935752	classify_s	14.734999
20261008-064058-4a8f57c-d64a-n16-r3	3	c100	sample	2	2-SRR5935752	close_s	0.223268
20261008-064058-4a8f57c-d64a-n16-r3	3	c100	sample	2	2-SRR5935752	report_s	0.129595
20261008-064058-4a8f57c-d64a-n16-r3	3	c100	sample	2	2-SRR5935752	status	0
20261008-064058-4a8f57c-d64a-n16-r3	3	c100	sample	2	2-SRR5935752	sequences	14298074
20261008-064058-4a8f57c-d64a-n16-r3	3	c100	sample	2	2-SRR5935752	bases	2663280360
20261008-064058-4a8f57c-d64a-n16-r3	3	c100	sample	2	2-SRR5935752	classified	14234512
20261008-064058-4a8f57c-d64a-n16-r3	3	c100	sample	2	2-SRR5935752	place	lpt
20261008-064058-4a8f57c-d64a-n16-r3	3	c100	sample	2	2-SRR5935752	weight	14298074
20261008-064058-4a8f57c-d64a-n16-r3	3	c100	engine.mem			t_s	285.1
20261008-064058-4a8f57c-d64a-n16-r3	3	c100	engine.mem			rss_kib	78419032
20261008-064058-4a8f57c-d64a-n16-r3	3	c100	engine.mem			hwm_kib	79303472
20261008-064058-4a8f57c-d64a-n16-r3	3	c100	engine.mem			heap_inuse	3909394432
20261008-064058-4a8f57c-d64a-n16-r3	3	c100	engine.mem			sys	6951710968
20261008-064058-4a8f57c-d64a-n16-r3	3	c100	engine.mem			avail_kib	48901632
20261008-064058-4a8f57c-d64a-n16-r3	3	c100	sample	2	2-SRR5935816	mode	parallel
20261008-064058-4a8f57c-d64a-n16-r3	3	c100	sample	2	2-SRR5935816	s3client	sdk
20261008-064058-4a8f57c-d64a-n16-r3	3	c100	sample	2	2-SRR5935816	rank	3
20261008-064058-4a8f57c-d64a-n16-r3	3	c100	sample	2	2-SRR5935816	role	home
20261008-064058-4a8f57c-d64a-n16-r3	3	c100	sample	2	2-SRR5935816	inflight	1
20261008-064058-4a8f57c-d64a-n16-r3	3	c100	sample	2	2-SRR5935816	threads	16
20261008-064058-4a8f57c-d64a-n16-r3	3	c100	sample	2	2-SRR5935816	start_s	283.764257
20261008-064058-4a8f57c-d64a-n16-r3	3	c100	sample	2	2-SRR5935816	wall_s	13.011623
20261008-064058-4a8f57c-d64a-n16-r3	3	c100	sample	2	2-SRR5935816	setup_s	0.000057
20261008-064058-4a8f57c-d64a-n16-r3	3	c100	sample	2	2-SRR5935816	classify_s	12.602240
20261008-064058-4a8f57c-d64a-n16-r3	3	c100	sample	2	2-SRR5935816	close_s	0.243603
20261008-064058-4a8f57c-d64a-n16-r3	3	c100	sample	2	2-SRR5935816	report_s	0.158910
20261008-064058-4a8f57c-d64a-n16-r3	3	c100	sample	2	2-SRR5935816	status	0
20261008-064058-4a8f57c-d64a-n16-r3	3	c100	sample	2	2-SRR5935816	sequences	12244248
20261008-064058-4a8f57c-d64a-n16-r3	3	c100	sample	2	2-SRR5935816	bases	2292238030
20261008-064058-4a8f57c-d64a-n16-r3	3	c100	sample	2	2-SRR5935816	classified	11933067
20261008-064058-4a8f57c-d64a-n16-r3	3	c100	sample	2	2-SRR5935816	place	lpt
20261008-064058-4a8f57c-d64a-n16-r3	3	c100	sample	2	2-SRR5935816	weight	12244248
20261008-064058-4a8f57c-d64a-n16-r3	3	c100	engine.mem			t_s	300.1
20261008-064058-4a8f57c-d64a-n16-r3	3	c100	engine.mem			rss_kib	78878036
20261008-064058-4a8f57c-d64a-n16-r3	3	c100	engine.mem			hwm_kib	79303472
20261008-064058-4a8f57c-d64a-n16-r3	3	c100	engine.mem			heap_inuse	3528982528
20261008-064058-4a8f57c-d64a-n16-r3	3	c100	engine.mem			sys	6981071096
20261008-064058-4a8f57c-d64a-n16-r3	3	c100	engine.mem			avail_kib	48528332
20261008-064058-4a8f57c-d64a-n16-r3	3	c100	sample	2	2-SRR5935778	mode	parallel
20261008-064058-4a8f57c-d64a-n16-r3	3	c100	sample	2	2-SRR5935778	s3client	sdk
20261008-064058-4a8f57c-d64a-n16-r3	3	c100	sample	2	2-SRR5935778	rank	3
20261008-064058-4a8f57c-d64a-n16-r3	3	c100	sample	2	2-SRR5935778	role	home
20261008-064058-4a8f57c-d64a-n16-r3	3	c100	sample	2	2-SRR5935778	inflight	1
20261008-064058-4a8f57c-d64a-n16-r3	3	c100	sample	2	2-SRR5935778	threads	16
20261008-064058-4a8f57c-d64a-n16-r3	3	c100	sample	2	2-SRR5935778	start_s	296.775904
20261008-064058-4a8f57c-d64a-n16-r3	3	c100	sample	2	2-SRR5935778	wall_s	11.256517
20261008-064058-4a8f57c-d64a-n16-r3	3	c100	sample	2	2-SRR5935778	setup_s	0.000065
20261008-064058-4a8f57c-d64a-n16-r3	3	c100	sample	2	2-SRR5935778	classify_s	10.863006
20261008-064058-4a8f57c-d64a-n16-r3	3	c100	sample	2	2-SRR5935778	close_s	0.222628
20261008-064058-4a8f57c-d64a-n16-r3	3	c100	sample	2	2-SRR5935778	report_s	0.158537
20261008-064058-4a8f57c-d64a-n16-r3	3	c100	sample	2	2-SRR5935778	status	0
20261008-064058-4a8f57c-d64a-n16-r3	3	c100	sample	2	2-SRR5935778	sequences	10554303
20261008-064058-4a8f57c-d64a-n16-r3	3	c100	sample	2	2-SRR5935778	bases	1946564732
20261008-064058-4a8f57c-d64a-n16-r3	3	c100	sample	2	2-SRR5935778	classified	10062971
20261008-064058-4a8f57c-d64a-n16-r3	3	c100	sample	2	2-SRR5935778	place	lpt
20261008-064058-4a8f57c-d64a-n16-r3	3	c100	sample	2	2-SRR5935778	weight	10554303
20261008-064058-4a8f57c-d64a-n16-r3	3	c100	engine.mem			t_s	315.1
20261008-064058-4a8f57c-d64a-n16-r3	3	c100	engine.mem			rss_kib	78394288
20261008-064058-4a8f57c-d64a-n16-r3	3	c100	engine.mem			hwm_kib	79303472
20261008-064058-4a8f57c-d64a-n16-r3	3	c100	engine.mem			heap_inuse	4288397312
20261008-064058-4a8f57c-d64a-n16-r3	3	c100	engine.mem			sys	6981071096
20261008-064058-4a8f57c-d64a-n16-r3	3	c100	engine.mem			avail_kib	49117116
20261008-064058-4a8f57c-d64a-n16-r3	3	c100	sample	2	2-SRR5935782	mode	parallel
20261008-064058-4a8f57c-d64a-n16-r3	3	c100	sample	2	2-SRR5935782	s3client	sdk
20261008-064058-4a8f57c-d64a-n16-r3	3	c100	sample	2	2-SRR5935782	rank	3
20261008-064058-4a8f57c-d64a-n16-r3	3	c100	sample	2	2-SRR5935782	role	home
20261008-064058-4a8f57c-d64a-n16-r3	3	c100	sample	2	2-SRR5935782	inflight	1
20261008-064058-4a8f57c-d64a-n16-r3	3	c100	sample	2	2-SRR5935782	threads	16
20261008-064058-4a8f57c-d64a-n16-r3	3	c100	sample	2	2-SRR5935782	start_s	308.032447
20261008-064058-4a8f57c-d64a-n16-r3	3	c100	sample	2	2-SRR5935782	wall_s	10.930248
20261008-064058-4a8f57c-d64a-n16-r3	3	c100	sample	2	2-SRR5935782	setup_s	0.000060
20261008-064058-4a8f57c-d64a-n16-r3	3	c100	sample	2	2-SRR5935782	classify_s	10.431397
20261008-064058-4a8f57c-d64a-n16-r3	3	c100	sample	2	2-SRR5935782	close_s	0.301015
20261008-064058-4a8f57c-d64a-n16-r3	3	c100	sample	2	2-SRR5935782	report_s	0.191649
20261008-064058-4a8f57c-d64a-n16-r3	3	c100	sample	2	2-SRR5935782	status	0
20261008-064058-4a8f57c-d64a-n16-r3	3	c100	sample	2	2-SRR5935782	sequences	10128070
20261008-064058-4a8f57c-d64a-n16-r3	3	c100	sample	2	2-SRR5935782	bases	1876810820
20261008-064058-4a8f57c-d64a-n16-r3	3	c100	sample	2	2-SRR5935782	classified	9942775
20261008-064058-4a8f57c-d64a-n16-r3	3	c100	sample	2	2-SRR5935782	place	lpt
20261008-064058-4a8f57c-d64a-n16-r3	3	c100	sample	2	2-SRR5935782	weight	10128070
20261008-064058-4a8f57c-d64a-n16-r3	3	c100	sample	2	2-SRR5935789	mode	parallel
20261008-064058-4a8f57c-d64a-n16-r3	3	c100	sample	2	2-SRR5935789	s3client	sdk
20261008-064058-4a8f57c-d64a-n16-r3	3	c100	sample	2	2-SRR5935789	rank	3
20261008-064058-4a8f57c-d64a-n16-r3	3	c100	sample	2	2-SRR5935789	role	home
20261008-064058-4a8f57c-d64a-n16-r3	3	c100	sample	2	2-SRR5935789	inflight	1
20261008-064058-4a8f57c-d64a-n16-r3	3	c100	sample	2	2-SRR5935789	threads	16
20261008-064058-4a8f57c-d64a-n16-r3	3	c100	sample	2	2-SRR5935789	start_s	318.962722
20261008-064058-4a8f57c-d64a-n16-r3	3	c100	sample	2	2-SRR5935789	wall_s	2.199879
20261008-064058-4a8f57c-d64a-n16-r3	3	c100	sample	2	2-SRR5935789	setup_s	0.000053
20261008-064058-4a8f57c-d64a-n16-r3	3	c100	sample	2	2-SRR5935789	classify_s	1.867583
20261008-064058-4a8f57c-d64a-n16-r3	3	c100	sample	2	2-SRR5935789	close_s	0.207491
20261008-064058-4a8f57c-d64a-n16-r3	3	c100	sample	2	2-SRR5935789	report_s	0.122607
20261008-064058-4a8f57c-d64a-n16-r3	3	c100	sample	2	2-SRR5935789	status	0
20261008-064058-4a8f57c-d64a-n16-r3	3	c100	sample	2	2-SRR5935789	sequences	1513694
20261008-064058-4a8f57c-d64a-n16-r3	3	c100	sample	2	2-SRR5935789	bases	270732465
20261008-064058-4a8f57c-d64a-n16-r3	3	c100	sample	2	2-SRR5935789	classified	1488159
20261008-064058-4a8f57c-d64a-n16-r3	3	c100	sample	2	2-SRR5935789	place	lpt
20261008-064058-4a8f57c-d64a-n16-r3	3	c100	sample	2	2-SRR5935789	weight	1513694
20261008-064058-4a8f57c-d64a-n16-r3	3	c100	sample	2	2-SRR5935835	mode	parallel
20261008-064058-4a8f57c-d64a-n16-r3	3	c100	sample	2	2-SRR5935835	s3client	sdk
20261008-064058-4a8f57c-d64a-n16-r3	3	c100	sample	2	2-SRR5935835	rank	3
20261008-064058-4a8f57c-d64a-n16-r3	3	c100	sample	2	2-SRR5935835	role	home
20261008-064058-4a8f57c-d64a-n16-r3	3	c100	sample	2	2-SRR5935835	inflight	1
20261008-064058-4a8f57c-d64a-n16-r3	3	c100	sample	2	2-SRR5935835	threads	16
20261008-064058-4a8f57c-d64a-n16-r3	3	c100	sample	2	2-SRR5935835	start_s	321.162623
20261008-064058-4a8f57c-d64a-n16-r3	3	c100	sample	2	2-SRR5935835	wall_s	2.138489
20261008-064058-4a8f57c-d64a-n16-r3	3	c100	sample	2	2-SRR5935835	setup_s	0.000072
20261008-064058-4a8f57c-d64a-n16-r3	3	c100	sample	2	2-SRR5935835	classify_s	1.798513
20261008-064058-4a8f57c-d64a-n16-r3	3	c100	sample	2	2-SRR5935835	close_s	0.209158
20261008-064058-4a8f57c-d64a-n16-r3	3	c100	sample	2	2-SRR5935835	report_s	0.128274
20261008-064058-4a8f57c-d64a-n16-r3	3	c100	sample	2	2-SRR5935835	status	0
20261008-064058-4a8f57c-d64a-n16-r3	3	c100	sample	2	2-SRR5935835	sequences	1341509
20261008-064058-4a8f57c-d64a-n16-r3	3	c100	sample	2	2-SRR5935835	bases	254993682
20261008-064058-4a8f57c-d64a-n16-r3	3	c100	sample	2	2-SRR5935835	classified	1320808
20261008-064058-4a8f57c-d64a-n16-r3	3	c100	sample	2	2-SRR5935835	place	lpt
20261008-064058-4a8f57c-d64a-n16-r3	3	c100	sample	2	2-SRR5935835	weight	1341509
20261008-064058-4a8f57c-d64a-n16-r3	3	c100	phase			batch-barrier-2	5.593417
20261008-064058-4a8f57c-d64a-n16-r3	3	c100	phase			batch-barrier-2.start_s	323.301133
20261008-064058-4a8f57c-d64a-n16-r3	3	c100	engine.mem			t_s	330.1
20261008-064058-4a8f57c-d64a-n16-r3	3	c100	engine.mem			rss_kib	77728600
20261008-064058-4a8f57c-d64a-n16-r3	3	c100	engine.mem			hwm_kib	79303472
20261008-064058-4a8f57c-d64a-n16-r3	3	c100	engine.mem			heap_inuse	3662454784
20261008-064058-4a8f57c-d64a-n16-r3	3	c100	engine.mem			sys	6981136632
20261008-064058-4a8f57c-d64a-n16-r3	3	c100	engine.mem			avail_kib	49908140
20261008-064058-4a8f57c-d64a-n16-r3	3	c100	phase			barrier	0.255038
20261008-064058-4a8f57c-d64a-n16-r3	3	c100	phase			barrier.start_s	335.719568
20261008-064058-4a8f57c-d64a-n16-r3	3	c100	sample	3	3-SRR5935740	mode	striped
20261008-064058-4a8f57c-d64a-n16-r3	3	c100	sample	3	3-SRR5935740	s3client	sdk
20261008-064058-4a8f57c-d64a-n16-r3	3	c100	sample	3	3-SRR5935740	rank	3
20261008-064058-4a8f57c-d64a-n16-r3	3	c100	sample	3	3-SRR5935740	role	peer
20261008-064058-4a8f57c-d64a-n16-r3	3	c100	sample	3	3-SRR5935740	inflight	1
20261008-064058-4a8f57c-d64a-n16-r3	3	c100	sample	3	3-SRR5935740	threads	16
20261008-064058-4a8f57c-d64a-n16-r3	3	c100	sample	3	3-SRR5935740	start_s	330.001095
20261008-064058-4a8f57c-d64a-n16-r3	3	c100	sample	3	3-SRR5935740	wall_s	5.973555
20261008-064058-4a8f57c-d64a-n16-r3	3	c100	sample	3	3-SRR5935740	setup_s	0.000054
20261008-064058-4a8f57c-d64a-n16-r3	3	c100	sample	3	3-SRR5935740	classify_s	5.714294
20261008-064058-4a8f57c-d64a-n16-r3	3	c100	sample	3	3-SRR5935740	close_s	0.000000
20261008-064058-4a8f57c-d64a-n16-r3	3	c100	sample	3	3-SRR5935740	report_s	0.000000
20261008-064058-4a8f57c-d64a-n16-r3	3	c100	sample	3	3-SRR5935740	status	0
20261008-064058-4a8f57c-d64a-n16-r3	3	c100	sample	3	3-SRR5935740	sequences	0
20261008-064058-4a8f57c-d64a-n16-r3	3	c100	sample	3	3-SRR5935740	bases	0
20261008-064058-4a8f57c-d64a-n16-r3	3	c100	sample	3	3-SRR5935740	classified	0
20261008-064058-4a8f57c-d64a-n16-r3	3	c100	sample	3	3-SRR5935740	place	-
20261008-064058-4a8f57c-d64a-n16-r3	3	c100	sample	3	3-SRR5935740	weight	-
20261008-064058-4a8f57c-d64a-n16-r3	3	c100	phase			batch-barrier-3	0.500393
20261008-064058-4a8f57c-d64a-n16-r3	3	c100	phase			batch-barrier-3.start_s	335.974659
20261008-064058-4a8f57c-d64a-n16-r3	3	c100	phase			barrier	0.220222
20261008-064058-4a8f57c-d64a-n16-r3	3	c100	phase			barrier.start_s	342.961286
20261008-064058-4a8f57c-d64a-n16-r3	3	c100	sample	4	4-SRR5935740	mode	striped
20261008-064058-4a8f57c-d64a-n16-r3	3	c100	sample	4	4-SRR5935740	s3client	sdk
20261008-064058-4a8f57c-d64a-n16-r3	3	c100	sample	4	4-SRR5935740	rank	3
20261008-064058-4a8f57c-d64a-n16-r3	3	c100	sample	4	4-SRR5935740	role	peer
20261008-064058-4a8f57c-d64a-n16-r3	3	c100	sample	4	4-SRR5935740	inflight	1
20261008-064058-4a8f57c-d64a-n16-r3	3	c100	sample	4	4-SRR5935740	threads	16
20261008-064058-4a8f57c-d64a-n16-r3	3	c100	sample	4	4-SRR5935740	start_s	337.237495
20261008-064058-4a8f57c-d64a-n16-r3	3	c100	sample	4	4-SRR5935740	wall_s	5.944054
20261008-064058-4a8f57c-d64a-n16-r3	3	c100	sample	4	4-SRR5935740	setup_s	0.000055
20261008-064058-4a8f57c-d64a-n16-r3	3	c100	sample	4	4-SRR5935740	classify_s	5.719330
20261008-064058-4a8f57c-d64a-n16-r3	3	c100	sample	4	4-SRR5935740	close_s	0.000000
20261008-064058-4a8f57c-d64a-n16-r3	3	c100	sample	4	4-SRR5935740	report_s	0.000000
20261008-064058-4a8f57c-d64a-n16-r3	3	c100	sample	4	4-SRR5935740	status	0
20261008-064058-4a8f57c-d64a-n16-r3	3	c100	sample	4	4-SRR5935740	sequences	0
20261008-064058-4a8f57c-d64a-n16-r3	3	c100	sample	4	4-SRR5935740	bases	0
20261008-064058-4a8f57c-d64a-n16-r3	3	c100	sample	4	4-SRR5935740	classified	0
20261008-064058-4a8f57c-d64a-n16-r3	3	c100	sample	4	4-SRR5935740	place	-
20261008-064058-4a8f57c-d64a-n16-r3	3	c100	sample	4	4-SRR5935740	weight	-
20261008-064058-4a8f57c-d64a-n16-r3	3	c100	phase			batch-barrier-4	0.535952
20261008-064058-4a8f57c-d64a-n16-r3	3	c100	phase			batch-barrier-4.start_s	343.181557
20261008-064058-4a8f57c-d64a-n16-r3	3	c100	engine.mem			t_s	345.1
20261008-064058-4a8f57c-d64a-n16-r3	3	c100	engine.mem			rss_kib	76726788
20261008-064058-4a8f57c-d64a-n16-r3	3	c100	engine.mem			hwm_kib	79303472
20261008-064058-4a8f57c-d64a-n16-r3	3	c100	engine.mem			heap_inuse	3886120960
20261008-064058-4a8f57c-d64a-n16-r3	3	c100	engine.mem			sys	6981136632
20261008-064058-4a8f57c-d64a-n16-r3	3	c100	engine.mem			avail_kib	50940656
20261008-064058-4a8f57c-d64a-n16-r3	3	c100	phase			barrier	0.095852
20261008-064058-4a8f57c-d64a-n16-r3	3	c100	phase			barrier.start_s	350.151453
20261008-064058-4a8f57c-d64a-n16-r3	3	c100	sample	5	5-SRR5935740	mode	striped
20261008-064058-4a8f57c-d64a-n16-r3	3	c100	sample	5	5-SRR5935740	s3client	sdk
20261008-064058-4a8f57c-d64a-n16-r3	3	c100	sample	5	5-SRR5935740	rank	3
20261008-064058-4a8f57c-d64a-n16-r3	3	c100	sample	5	5-SRR5935740	role	peer
20261008-064058-4a8f57c-d64a-n16-r3	3	c100	sample	5	5-SRR5935740	inflight	1
20261008-064058-4a8f57c-d64a-n16-r3	3	c100	sample	5	5-SRR5935740	threads	16
20261008-064058-4a8f57c-d64a-n16-r3	3	c100	sample	5	5-SRR5935740	start_s	344.456554
20261008-064058-4a8f57c-d64a-n16-r3	3	c100	sample	5	5-SRR5935740	wall_s	5.790790
20261008-064058-4a8f57c-d64a-n16-r3	3	c100	sample	5	5-SRR5935740	setup_s	0.000051
20261008-064058-4a8f57c-d64a-n16-r3	3	c100	sample	5	5-SRR5935740	classify_s	5.690725
20261008-064058-4a8f57c-d64a-n16-r3	3	c100	sample	5	5-SRR5935740	close_s	0.000000
20261008-064058-4a8f57c-d64a-n16-r3	3	c100	sample	5	5-SRR5935740	report_s	0.000000
20261008-064058-4a8f57c-d64a-n16-r3	3	c100	sample	5	5-SRR5935740	status	0
20261008-064058-4a8f57c-d64a-n16-r3	3	c100	sample	5	5-SRR5935740	sequences	0
20261008-064058-4a8f57c-d64a-n16-r3	3	c100	sample	5	5-SRR5935740	bases	0
20261008-064058-4a8f57c-d64a-n16-r3	3	c100	sample	5	5-SRR5935740	classified	0
20261008-064058-4a8f57c-d64a-n16-r3	3	c100	sample	5	5-SRR5935740	place	-
20261008-064058-4a8f57c-d64a-n16-r3	3	c100	sample	5	5-SRR5935740	weight	-
20261008-064058-4a8f57c-d64a-n16-r3	3	c100	phase			batch-barrier-5	0.486617
20261008-064058-4a8f57c-d64a-n16-r3	3	c100	phase			batch-barrier-5.start_s	350.247356
20261008-064058-4a8f57c-d64a-n16-r3	3	c100	engine.mem			t_s	360.1
20261008-064058-4a8f57c-d64a-n16-r3	3	c100	engine.mem			rss_kib	76527108
20261008-064058-4a8f57c-d64a-n16-r3	3	c100	engine.mem			hwm_kib	79303472
20261008-064058-4a8f57c-d64a-n16-r3	3	c100	engine.mem			heap_inuse	3756204032
20261008-064058-4a8f57c-d64a-n16-r3	3	c100	engine.mem			sys	6981136632
20261008-064058-4a8f57c-d64a-n16-r3	3	c100	engine.mem			avail_kib	51183620
20261008-064058-4a8f57c-d64a-n16-r3	3	c100	phase			batch-barrier-6	11.176560
20261008-064058-4a8f57c-d64a-n16-r3	3	c100	phase			batch-barrier-6.start_s	350.733991
20261008-064058-4a8f57c-d64a-n16-r3	3	c100	phase			batch-barrier-7	9.177530
20261008-064058-4a8f57c-d64a-n16-r3	3	c100	phase			batch-barrier-7.start_s	361.910571
20261008-064058-4a8f57c-d64a-n16-r3	3	c100	engine.mem			t_s	375.1
20261008-064058-4a8f57c-d64a-n16-r3	3	c100	engine.mem			rss_kib	76527116
20261008-064058-4a8f57c-d64a-n16-r3	3	c100	engine.mem			hwm_kib	79303472
20261008-064058-4a8f57c-d64a-n16-r3	3	c100	engine.mem			heap_inuse	3758948352
20261008-064058-4a8f57c-d64a-n16-r3	3	c100	engine.mem			sys	6981136632
20261008-064058-4a8f57c-d64a-n16-r3	3	c100	engine.mem			avail_kib	51323136
20261008-064058-4a8f57c-d64a-n16-r3	3	c100	phase			batch-barrier-8	10.210014
20261008-064058-4a8f57c-d64a-n16-r3	3	c100	phase			batch-barrier-8.start_s	371.088122
20261008-064058-4a8f57c-d64a-n16-r3	3	c100	engine.shard			index	0
20261008-064058-4a8f57c-d64a-n16-r3	3	c100	engine.shard			n	16
20261008-064058-4a8f57c-d64a-n16-r3	3	c100	engine.shard			lo	55738672114
20261008-064058-4a8f57c-d64a-n16-r3	3	c100	engine.shard			hi	74318229485
20261008-064058-4a8f57c-d64a-n16-r3	3	c100	engine.shard			tail	302
20261008-064058-4a8f57c-d64a-n16-r3	3	c100	engine.shard			full	false
20261008-064058-4a8f57c-d64a-n16-r3	3	c100	engine.shard			empty_at	18579557370
20261008-064058-4a8f57c-d64a-n16-r3	3	c100	engine.shard			keys	8470412349
20261008-064058-4a8f57c-d64a-n16-r3	3	c100	engine.shard			batches	89910
20261008-064058-4a8f57c-d64a-n16-r3	3	c100	engine.shard			probe_s	215.615309
20261008-064058-4a8f57c-d64a-n16-r3	3	c100	engine.shard			tail_probes	0
20261008-064058-4a8f57c-d64a-n16-r3	3	c100	engine.shard			wrap_probes	0
20261008-064058-4a8f57c-d64a-n16-r3	3	c100	engine.mem			t_s	381.3
20261008-064058-4a8f57c-d64a-n16-r3	3	c100	engine.mem			rss_kib	76527116
20261008-064058-4a8f57c-d64a-n16-r3	3	c100	engine.mem			hwm_kib	79303472
20261008-064058-4a8f57c-d64a-n16-r3	3	c100	engine.mem			heap_inuse	3759235072
20261008-064058-4a8f57c-d64a-n16-r3	3	c100	engine.mem			sys	6981136632
20261008-064058-4a8f57c-d64a-n16-r3	3	c100	engine.mem			avail_kib	51274300
20261008-064058-4a8f57c-d64a-n16-r3	3	c100	engine.rendezvous			puts	13
20261008-064058-4a8f57c-d64a-n16-r3	3	c100	engine.rendezvous			gets	672
20261008-064058-4a8f57c-d64a-n16-r3	3	c100	engine.s3			client	sdk
20261008-064058-4a8f57c-d64a-n16-r3	3	c100	engine.s3			put	34
20261008-064058-4a8f57c-d64a-n16-r3	3	c100	engine.s3			get	672
20261008-064058-4a8f57c-d64a-n16-r3	3	c100	engine.s3			create_multipart	21
20261008-064058-4a8f57c-d64a-n16-r3	3	c100	engine.s3			upload_part	2157
20261008-064058-4a8f57c-d64a-n16-r3	3	c100	engine.s3			complete_multipart	21
20261008-064058-4a8f57c-d64a-n16-r3	3	c100	engine.s3			abort_multipart	0
20261008-064058-4a8f57c-d64a-n16-r3	3	c100	engine.s3			part_bytes	18001191177
20261008-064058-4a8f57c-d64a-n16-r3	3	c100	engine.s3			client	cli
20261008-064058-4a8f57c-d64a-n16-r3	3	c100	engine.s3			put	0
20261008-064058-4a8f57c-d64a-n16-r3	3	c100	engine.s3			get	0
20261008-064058-4a8f57c-d64a-n16-r3	3	c100	engine.s3			create_multipart	0
20261008-064058-4a8f57c-d64a-n16-r3	3	c100	engine.s3			upload_part	0
20261008-064058-4a8f57c-d64a-n16-r3	3	c100	engine.s3			complete_multipart	0
20261008-064058-4a8f57c-d64a-n16-r3	3	c100	engine.s3			abort_multipart	0
20261008-064058-4a8f57c-d64a-n16-r3	3	c100	engine.s3			part_bytes	0
20261008-064058-4a8f57c-d64a-n16-r3	3	c100	engine.load			seconds	41.643979
20261008-064058-4a8f57c-d64a-n16-r3	3	c100	engine.load			requests	1126
20261008-064058-4a8f57c-d64a-n16-r3	3	c100	engine.load			retries	0
20261008-064058-4a8f57c-d64a-n16-r3	3	c100	engine.load			bytes	74318296292
20261008-064058-4a8f57c-d64a-n16-r3	3	c100	engine.route			transport	nodes
20261008-064058-4a8f57c-d64a-n16-r3	3	c100	engine.route			calls	5734
20261008-064058-4a8f57c-d64a-n16-r3	3	c100	engine.route			keys	8665196449
20261008-064058-4a8f57c-d64a-n16-r3	3	c100	engine.route			batches	91744
20261008-064058-4a8f57c-d64a-n16-r3	3	c100	engine.route			route_s	101.809690
20261008-064058-4a8f57c-d64a-n16-r3	3	c100	engine.route			wait_s	335.276675
20261008-064058-4a8f57c-d64a-n16-r3	3	c100	engine.route			gather_s	19.303484
20261008-064058-4a8f57c-d64a-n16-r3	3	c100	engine.worker			scan_s	762.237820
20261008-064058-4a8f57c-d64a-n16-r3	3	c100	engine.worker			lookup_s	456.394129
20261008-064058-4a8f57c-d64a-n16-r3	3	c100	engine.worker			classify_s	670.649780
20261008-064058-4a8f57c-d64a-n16-r3	3	c100	phase			total	381.436790
20261008-064058-4a8f57c-d64a-n16-r3	3	c100	phase			total.start_s	0.000001
20261008-064058-4a8f57c-d64a-n16-r4	4	c100	phase			taxo	0.097027
20261008-064058-4a8f57c-d64a-n16-r4	4	c100	phase			taxo.start_s	0.002888
20261008-064058-4a8f57c-d64a-n16-r4	4	c100	engine.mem			t_s	15.0
20261008-064058-4a8f57c-d64a-n16-r4	4	c100	engine.mem			rss_kib	27070620
20261008-064058-4a8f57c-d64a-n16-r4	4	c100	engine.mem			hwm_kib	27070624
20261008-064058-4a8f57c-d64a-n16-r4	4	c100	engine.mem			heap_inuse	394756096
20261008-064058-4a8f57c-d64a-n16-r4	4	c100	engine.mem			sys	414185832
20261008-064058-4a8f57c-d64a-n16-r4	4	c100	engine.mem			avail_kib	100621468
20261008-064058-4a8f57c-d64a-n16-r4	4	c100	engine.mem			t_s	30.0
20261008-064058-4a8f57c-d64a-n16-r4	4	c100	engine.mem			rss_kib	54262128
20261008-064058-4a8f57c-d64a-n16-r4	4	c100	engine.mem			hwm_kib	54262132
20261008-064058-4a8f57c-d64a-n16-r4	4	c100	engine.mem			heap_inuse	397000704
20261008-064058-4a8f57c-d64a-n16-r4	4	c100	engine.mem			sys	414185832
20261008-064058-4a8f57c-d64a-n16-r4	4	c100	engine.mem			avail_kib	73418556
20261008-064058-4a8f57c-d64a-n16-r4	4	c100	phase			shard-load-4	40.622432
20261008-064058-4a8f57c-d64a-n16-r4	4	c100	phase			shard-load-4.start_s	0.170372
20261008-064058-4a8f57c-d64a-n16-r4	4	c100	engine.mem			t_s	45.0
20261008-064058-4a8f57c-d64a-n16-r4	4	c100	engine.mem			rss_kib	72972212
20261008-064058-4a8f57c-d64a-n16-r4	4	c100	engine.mem			hwm_kib	72972216
20261008-064058-4a8f57c-d64a-n16-r4	4	c100	engine.mem			heap_inuse	403161088
20261008-064058-4a8f57c-d64a-n16-r4	4	c100	engine.mem			sys	422639976
20261008-064058-4a8f57c-d64a-n16-r4	4	c100	engine.mem			avail_kib	54780436
20261008-064058-4a8f57c-d64a-n16-r4	4	c100	engine.mem			t_s	60.0
20261008-064058-4a8f57c-d64a-n16-r4	4	c100	engine.mem			rss_kib	72977292
20261008-064058-4a8f57c-d64a-n16-r4	4	c100	engine.mem			hwm_kib	72977296
20261008-064058-4a8f57c-d64a-n16-r4	4	c100	engine.mem			heap_inuse	408756224
20261008-064058-4a8f57c-d64a-n16-r4	4	c100	engine.mem			sys	427096424
20261008-064058-4a8f57c-d64a-n16-r4	4	c100	engine.mem			avail_kib	54864428
20261008-064058-4a8f57c-d64a-n16-r4	4	c100	engine.mem			t_s	75.0
20261008-064058-4a8f57c-d64a-n16-r4	4	c100	engine.mem			rss_kib	72980520
20261008-064058-4a8f57c-d64a-n16-r4	4	c100	engine.mem			hwm_kib	72980524
20261008-064058-4a8f57c-d64a-n16-r4	4	c100	engine.mem			heap_inuse	412319744
20261008-064058-4a8f57c-d64a-n16-r4	4	c100	engine.mem			sys	431290728
20261008-064058-4a8f57c-d64a-n16-r4	4	c100	engine.mem			avail_kib	54867032
20261008-064058-4a8f57c-d64a-n16-r4	4	c100	phase			rendezvous	38.577880
20261008-064058-4a8f57c-d64a-n16-r4	4	c100	phase			rendezvous.start_s	41.306022
20261008-064058-4a8f57c-d64a-n16-r4	4	c100	phase			connect	0.023256
20261008-064058-4a8f57c-d64a-n16-r4	4	c100	phase			connect.start_s	79.883917
20261008-064058-4a8f57c-d64a-n16-r4	4	c100	phase			hash	79.807243
20261008-064058-4a8f57c-d64a-n16-r4	4	c100	phase			hash.start_s	0.099943
20261008-064058-4a8f57c-d64a-n16-r4	4	c100	engine.mem			t_s	90.0
20261008-064058-4a8f57c-d64a-n16-r4	4	c100	engine.mem			rss_kib	78341992
20261008-064058-4a8f57c-d64a-n16-r4	4	c100	engine.mem			hwm_kib	78341992
20261008-064058-4a8f57c-d64a-n16-r4	4	c100	engine.mem			heap_inuse	3976839168
20261008-064058-4a8f57c-d64a-n16-r4	4	c100	engine.mem			sys	6008835992
20261008-064058-4a8f57c-d64a-n16-r4	4	c100	engine.mem			avail_kib	48755244
20261008-064058-4a8f57c-d64a-n16-r4	4	c100	sample	0	0-SRR5935751	mode	parallel
20261008-064058-4a8f57c-d64a-n16-r4	4	c100	sample	0	0-SRR5935751	s3client	sdk
20261008-064058-4a8f57c-d64a-n16-r4	4	c100	sample	0	0-SRR5935751	rank	4
20261008-064058-4a8f57c-d64a-n16-r4	4	c100	sample	0	0-SRR5935751	role	home
20261008-064058-4a8f57c-d64a-n16-r4	4	c100	sample	0	0-SRR5935751	inflight	1
20261008-064058-4a8f57c-d64a-n16-r4	4	c100	sample	0	0-SRR5935751	threads	16
20261008-064058-4a8f57c-d64a-n16-r4	4	c100	sample	0	0-SRR5935751	start_s	79.907223
20261008-064058-4a8f57c-d64a-n16-r4	4	c100	sample	0	0-SRR5935751	wall_s	18.759208
20261008-064058-4a8f57c-d64a-n16-r4	4	c100	sample	0	0-SRR5935751	setup_s	0.000057
20261008-064058-4a8f57c-d64a-n16-r4	4	c100	sample	0	0-SRR5935751	classify_s	18.402774
20261008-064058-4a8f57c-d64a-n16-r4	4	c100	sample	0	0-SRR5935751	close_s	0.217726
20261008-064058-4a8f57c-d64a-n16-r4	4	c100	sample	0	0-SRR5935751	report_s	0.130655
20261008-064058-4a8f57c-d64a-n16-r4	4	c100	sample	0	0-SRR5935751	status	0
20261008-064058-4a8f57c-d64a-n16-r4	4	c100	sample	0	0-SRR5935751	sequences	18645445
20261008-064058-4a8f57c-d64a-n16-r4	4	c100	sample	0	0-SRR5935751	bases	3449573600
20261008-064058-4a8f57c-d64a-n16-r4	4	c100	sample	0	0-SRR5935751	classified	18393099
20261008-064058-4a8f57c-d64a-n16-r4	4	c100	sample	0	0-SRR5935751	place	lpt
20261008-064058-4a8f57c-d64a-n16-r4	4	c100	sample	0	0-SRR5935751	weight	18645445
20261008-064058-4a8f57c-d64a-n16-r4	4	c100	engine.mem			t_s	105.0
20261008-064058-4a8f57c-d64a-n16-r4	4	c100	engine.mem			rss_kib	78858444
20261008-064058-4a8f57c-d64a-n16-r4	4	c100	engine.mem			hwm_kib	78922504
20261008-064058-4a8f57c-d64a-n16-r4	4	c100	engine.mem			heap_inuse	4817526784
20261008-064058-4a8f57c-d64a-n16-r4	4	c100	engine.mem			sys	6565314712
20261008-064058-4a8f57c-d64a-n16-r4	4	c100	engine.mem			avail_kib	48369576
20261008-064058-4a8f57c-d64a-n16-r4	4	c100	sample	0	0-SRR5935830	mode	parallel
20261008-064058-4a8f57c-d64a-n16-r4	4	c100	sample	0	0-SRR5935830	s3client	sdk
20261008-064058-4a8f57c-d64a-n16-r4	4	c100	sample	0	0-SRR5935830	rank	4
20261008-064058-4a8f57c-d64a-n16-r4	4	c100	sample	0	0-SRR5935830	role	home
20261008-064058-4a8f57c-d64a-n16-r4	4	c100	sample	0	0-SRR5935830	inflight	1
20261008-064058-4a8f57c-d64a-n16-r4	4	c100	sample	0	0-SRR5935830	threads	16
20261008-064058-4a8f57c-d64a-n16-r4	4	c100	sample	0	0-SRR5935830	start_s	98.666455
20261008-064058-4a8f57c-d64a-n16-r4	4	c100	sample	0	0-SRR5935830	wall_s	14.706025
20261008-064058-4a8f57c-d64a-n16-r4	4	c100	sample	0	0-SRR5935830	setup_s	0.000060
20261008-064058-4a8f57c-d64a-n16-r4	4	c100	sample	0	0-SRR5935830	classify_s	14.316769
20261008-064058-4a8f57c-d64a-n16-r4	4	c100	sample	0	0-SRR5935830	close_s	0.232587
20261008-064058-4a8f57c-d64a-n16-r4	4	c100	sample	0	0-SRR5935830	report_s	0.148991
20261008-064058-4a8f57c-d64a-n16-r4	4	c100	sample	0	0-SRR5935830	status	0
20261008-064058-4a8f57c-d64a-n16-r4	4	c100	sample	0	0-SRR5935830	sequences	14303962
20261008-064058-4a8f57c-d64a-n16-r4	4	c100	sample	0	0-SRR5935830	bases	2635979010
20261008-064058-4a8f57c-d64a-n16-r4	4	c100	sample	0	0-SRR5935830	classified	14029845
20261008-064058-4a8f57c-d64a-n16-r4	4	c100	sample	0	0-SRR5935830	place	lpt
20261008-064058-4a8f57c-d64a-n16-r4	4	c100	sample	0	0-SRR5935830	weight	14303962
20261008-064058-4a8f57c-d64a-n16-r4	4	c100	engine.mem			t_s	120.0
20261008-064058-4a8f57c-d64a-n16-r4	4	c100	engine.mem			rss_kib	78647572
20261008-064058-4a8f57c-d64a-n16-r4	4	c100	engine.mem			hwm_kib	78922504
20261008-064058-4a8f57c-d64a-n16-r4	4	c100	engine.mem			heap_inuse	4204888064
20261008-064058-4a8f57c-d64a-n16-r4	4	c100	engine.mem			sys	6699794616
20261008-064058-4a8f57c-d64a-n16-r4	4	c100	engine.mem			avail_kib	48560088
20261008-064058-4a8f57c-d64a-n16-r4	4	c100	sample	0	0-SRR5935774	mode	parallel
20261008-064058-4a8f57c-d64a-n16-r4	4	c100	sample	0	0-SRR5935774	s3client	sdk
20261008-064058-4a8f57c-d64a-n16-r4	4	c100	sample	0	0-SRR5935774	rank	4
20261008-064058-4a8f57c-d64a-n16-r4	4	c100	sample	0	0-SRR5935774	role	home
20261008-064058-4a8f57c-d64a-n16-r4	4	c100	sample	0	0-SRR5935774	inflight	1
20261008-064058-4a8f57c-d64a-n16-r4	4	c100	sample	0	0-SRR5935774	threads	16
20261008-064058-4a8f57c-d64a-n16-r4	4	c100	sample	0	0-SRR5935774	start_s	113.372504
20261008-064058-4a8f57c-d64a-n16-r4	4	c100	sample	0	0-SRR5935774	wall_s	12.245767
20261008-064058-4a8f57c-d64a-n16-r4	4	c100	sample	0	0-SRR5935774	setup_s	0.000078
20261008-064058-4a8f57c-d64a-n16-r4	4	c100	sample	0	0-SRR5935774	classify_s	11.834151
20261008-064058-4a8f57c-d64a-n16-r4	4	c100	sample	0	0-SRR5935774	close_s	0.242352
20261008-064058-4a8f57c-d64a-n16-r4	4	c100	sample	0	0-SRR5935774	report_s	0.151978
20261008-064058-4a8f57c-d64a-n16-r4	4	c100	sample	0	0-SRR5935774	status	0
20261008-064058-4a8f57c-d64a-n16-r4	4	c100	sample	0	0-SRR5935774	sequences	12252617
20261008-064058-4a8f57c-d64a-n16-r4	4	c100	sample	0	0-SRR5935774	bases	2212674525
20261008-064058-4a8f57c-d64a-n16-r4	4	c100	sample	0	0-SRR5935774	classified	10208851
20261008-064058-4a8f57c-d64a-n16-r4	4	c100	sample	0	0-SRR5935774	place	lpt
20261008-064058-4a8f57c-d64a-n16-r4	4	c100	sample	0	0-SRR5935774	weight	12252617
20261008-064058-4a8f57c-d64a-n16-r4	4	c100	engine.mem			t_s	135.1
20261008-064058-4a8f57c-d64a-n16-r4	4	c100	engine.mem			rss_kib	78832692
20261008-064058-4a8f57c-d64a-n16-r4	4	c100	engine.mem			hwm_kib	78922504
20261008-064058-4a8f57c-d64a-n16-r4	4	c100	engine.mem			heap_inuse	3279060992
20261008-064058-4a8f57c-d64a-n16-r4	4	c100	engine.mem			sys	6821581000
20261008-064058-4a8f57c-d64a-n16-r4	4	c100	engine.mem			avail_kib	48503660
20261008-064058-4a8f57c-d64a-n16-r4	4	c100	sample	0	0-SRR5935760	mode	parallel
20261008-064058-4a8f57c-d64a-n16-r4	4	c100	sample	0	0-SRR5935760	s3client	sdk
20261008-064058-4a8f57c-d64a-n16-r4	4	c100	sample	0	0-SRR5935760	rank	4
20261008-064058-4a8f57c-d64a-n16-r4	4	c100	sample	0	0-SRR5935760	role	home
20261008-064058-4a8f57c-d64a-n16-r4	4	c100	sample	0	0-SRR5935760	inflight	1
20261008-064058-4a8f57c-d64a-n16-r4	4	c100	sample	0	0-SRR5935760	threads	16
20261008-064058-4a8f57c-d64a-n16-r4	4	c100	sample	0	0-SRR5935760	start_s	125.618297
20261008-064058-4a8f57c-d64a-n16-r4	4	c100	sample	0	0-SRR5935760	wall_s	11.215446
20261008-064058-4a8f57c-d64a-n16-r4	4	c100	sample	0	0-SRR5935760	setup_s	0.000061
20261008-064058-4a8f57c-d64a-n16-r4	4	c100	sample	0	0-SRR5935760	classify_s	10.836202
20261008-064058-4a8f57c-d64a-n16-r4	4	c100	sample	0	0-SRR5935760	close_s	0.239428
20261008-064058-4a8f57c-d64a-n16-r4	4	c100	sample	0	0-SRR5935760	report_s	0.134113
20261008-064058-4a8f57c-d64a-n16-r4	4	c100	sample	0	0-SRR5935760	status	0
20261008-064058-4a8f57c-d64a-n16-r4	4	c100	sample	0	0-SRR5935760	sequences	10834778
20261008-064058-4a8f57c-d64a-n16-r4	4	c100	sample	0	0-SRR5935760	bases	1957586977
20261008-064058-4a8f57c-d64a-n16-r4	4	c100	sample	0	0-SRR5935760	classified	10642489
20261008-064058-4a8f57c-d64a-n16-r4	4	c100	sample	0	0-SRR5935760	place	lpt
20261008-064058-4a8f57c-d64a-n16-r4	4	c100	sample	0	0-SRR5935760	weight	10834778
20261008-064058-4a8f57c-d64a-n16-r4	4	c100	sample	0	0-SRR5935786	mode	parallel
20261008-064058-4a8f57c-d64a-n16-r4	4	c100	sample	0	0-SRR5935786	s3client	sdk
20261008-064058-4a8f57c-d64a-n16-r4	4	c100	sample	0	0-SRR5935786	rank	4
20261008-064058-4a8f57c-d64a-n16-r4	4	c100	sample	0	0-SRR5935786	role	home
20261008-064058-4a8f57c-d64a-n16-r4	4	c100	sample	0	0-SRR5935786	inflight	1
20261008-064058-4a8f57c-d64a-n16-r4	4	c100	sample	0	0-SRR5935786	threads	16
20261008-064058-4a8f57c-d64a-n16-r4	4	c100	sample	0	0-SRR5935786	start_s	136.833768
20261008-064058-4a8f57c-d64a-n16-r4	4	c100	sample	0	0-SRR5935786	wall_s	10.855969
20261008-064058-4a8f57c-d64a-n16-r4	4	c100	sample	0	0-SRR5935786	setup_s	0.000068
20261008-064058-4a8f57c-d64a-n16-r4	4	c100	sample	0	0-SRR5935786	classify_s	10.478181
20261008-064058-4a8f57c-d64a-n16-r4	4	c100	sample	0	0-SRR5935786	close_s	0.205571
20261008-064058-4a8f57c-d64a-n16-r4	4	c100	sample	0	0-SRR5935786	report_s	0.161885
20261008-064058-4a8f57c-d64a-n16-r4	4	c100	sample	0	0-SRR5935786	status	0
20261008-064058-4a8f57c-d64a-n16-r4	4	c100	sample	0	0-SRR5935786	sequences	10054299
20261008-064058-4a8f57c-d64a-n16-r4	4	c100	sample	0	0-SRR5935786	bases	1885642952
20261008-064058-4a8f57c-d64a-n16-r4	4	c100	sample	0	0-SRR5935786	classified	9575405
20261008-064058-4a8f57c-d64a-n16-r4	4	c100	sample	0	0-SRR5935786	place	lpt
20261008-064058-4a8f57c-d64a-n16-r4	4	c100	sample	0	0-SRR5935786	weight	10054299
20261008-064058-4a8f57c-d64a-n16-r4	4	c100	engine.mem			t_s	150.1
20261008-064058-4a8f57c-d64a-n16-r4	4	c100	engine.mem			rss_kib	77827336
20261008-064058-4a8f57c-d64a-n16-r4	4	c100	engine.mem			hwm_kib	78922504
20261008-064058-4a8f57c-d64a-n16-r4	4	c100	engine.mem			heap_inuse	3457802240
20261008-064058-4a8f57c-d64a-n16-r4	4	c100	engine.mem			sys	6821875912
20261008-064058-4a8f57c-d64a-n16-r4	4	c100	engine.mem			avail_kib	49492960
20261008-064058-4a8f57c-d64a-n16-r4	4	c100	sample	0	0-SRR5935809	mode	parallel
20261008-064058-4a8f57c-d64a-n16-r4	4	c100	sample	0	0-SRR5935809	s3client	sdk
20261008-064058-4a8f57c-d64a-n16-r4	4	c100	sample	0	0-SRR5935809	rank	4
20261008-064058-4a8f57c-d64a-n16-r4	4	c100	sample	0	0-SRR5935809	role	home
20261008-064058-4a8f57c-d64a-n16-r4	4	c100	sample	0	0-SRR5935809	inflight	1
20261008-064058-4a8f57c-d64a-n16-r4	4	c100	sample	0	0-SRR5935809	threads	16
20261008-064058-4a8f57c-d64a-n16-r4	4	c100	sample	0	0-SRR5935809	start_s	147.689766
20261008-064058-4a8f57c-d64a-n16-r4	4	c100	sample	0	0-SRR5935809	wall_s	2.424501
20261008-064058-4a8f57c-d64a-n16-r4	4	c100	sample	0	0-SRR5935809	setup_s	0.000067
20261008-064058-4a8f57c-d64a-n16-r4	4	c100	sample	0	0-SRR5935809	classify_s	2.033340
20261008-064058-4a8f57c-d64a-n16-r4	4	c100	sample	0	0-SRR5935809	close_s	0.266584
20261008-064058-4a8f57c-d64a-n16-r4	4	c100	sample	0	0-SRR5935809	report_s	0.120539
20261008-064058-4a8f57c-d64a-n16-r4	4	c100	sample	0	0-SRR5935809	status	0
20261008-064058-4a8f57c-d64a-n16-r4	4	c100	sample	0	0-SRR5935809	sequences	1539039
20261008-064058-4a8f57c-d64a-n16-r4	4	c100	sample	0	0-SRR5935809	bases	293657718
20261008-064058-4a8f57c-d64a-n16-r4	4	c100	sample	0	0-SRR5935809	classified	1494119
20261008-064058-4a8f57c-d64a-n16-r4	4	c100	sample	0	0-SRR5935809	place	lpt
20261008-064058-4a8f57c-d64a-n16-r4	4	c100	sample	0	0-SRR5935809	weight	1539039
20261008-064058-4a8f57c-d64a-n16-r4	4	c100	sample	0	0-SRR5935839	mode	parallel
20261008-064058-4a8f57c-d64a-n16-r4	4	c100	sample	0	0-SRR5935839	s3client	sdk
20261008-064058-4a8f57c-d64a-n16-r4	4	c100	sample	0	0-SRR5935839	rank	4
20261008-064058-4a8f57c-d64a-n16-r4	4	c100	sample	0	0-SRR5935839	role	home
20261008-064058-4a8f57c-d64a-n16-r4	4	c100	sample	0	0-SRR5935839	inflight	1
20261008-064058-4a8f57c-d64a-n16-r4	4	c100	sample	0	0-SRR5935839	threads	16
20261008-064058-4a8f57c-d64a-n16-r4	4	c100	sample	0	0-SRR5935839	start_s	150.114299
20261008-064058-4a8f57c-d64a-n16-r4	4	c100	sample	0	0-SRR5935839	wall_s	1.889919
20261008-064058-4a8f57c-d64a-n16-r4	4	c100	sample	0	0-SRR5935839	setup_s	0.000052
20261008-064058-4a8f57c-d64a-n16-r4	4	c100	sample	0	0-SRR5935839	classify_s	1.534322
20261008-064058-4a8f57c-d64a-n16-r4	4	c100	sample	0	0-SRR5935839	close_s	0.248880
20261008-064058-4a8f57c-d64a-n16-r4	4	c100	sample	0	0-SRR5935839	report_s	0.104264
20261008-064058-4a8f57c-d64a-n16-r4	4	c100	sample	0	0-SRR5935839	status	0
20261008-064058-4a8f57c-d64a-n16-r4	4	c100	sample	0	0-SRR5935839	sequences	1085628
20261008-064058-4a8f57c-d64a-n16-r4	4	c100	sample	0	0-SRR5935839	bases	199244471
20261008-064058-4a8f57c-d64a-n16-r4	4	c100	sample	0	0-SRR5935839	classified	1061820
20261008-064058-4a8f57c-d64a-n16-r4	4	c100	sample	0	0-SRR5935839	place	lpt
20261008-064058-4a8f57c-d64a-n16-r4	4	c100	sample	0	0-SRR5935839	weight	1085628
20261008-064058-4a8f57c-d64a-n16-r4	4	c100	phase			batch-barrier-0	8.201632
20261008-064058-4a8f57c-d64a-n16-r4	4	c100	phase			batch-barrier-0.start_s	152.004240
20261008-064058-4a8f57c-d64a-n16-r4	4	c100	engine.mem			t_s	165.1
20261008-064058-4a8f57c-d64a-n16-r4	4	c100	engine.mem			rss_kib	78540204
20261008-064058-4a8f57c-d64a-n16-r4	4	c100	engine.mem			hwm_kib	78922504
20261008-064058-4a8f57c-d64a-n16-r4	4	c100	engine.mem			heap_inuse	4929921024
20261008-064058-4a8f57c-d64a-n16-r4	4	c100	engine.mem			sys	6822400200
20261008-064058-4a8f57c-d64a-n16-r4	4	c100	engine.mem			avail_kib	49044336
20261008-064058-4a8f57c-d64a-n16-r4	4	c100	sample	1	1-SRR5935744	mode	parallel
20261008-064058-4a8f57c-d64a-n16-r4	4	c100	sample	1	1-SRR5935744	s3client	sdk
20261008-064058-4a8f57c-d64a-n16-r4	4	c100	sample	1	1-SRR5935744	rank	4
20261008-064058-4a8f57c-d64a-n16-r4	4	c100	sample	1	1-SRR5935744	role	home
20261008-064058-4a8f57c-d64a-n16-r4	4	c100	sample	1	1-SRR5935744	inflight	1
20261008-064058-4a8f57c-d64a-n16-r4	4	c100	sample	1	1-SRR5935744	threads	16
20261008-064058-4a8f57c-d64a-n16-r4	4	c100	sample	1	1-SRR5935744	start_s	160.205897
20261008-064058-4a8f57c-d64a-n16-r4	4	c100	sample	1	1-SRR5935744	wall_s	16.222871
20261008-064058-4a8f57c-d64a-n16-r4	4	c100	sample	1	1-SRR5935744	setup_s	0.000059
20261008-064058-4a8f57c-d64a-n16-r4	4	c100	sample	1	1-SRR5935744	classify_s	15.775128
20261008-064058-4a8f57c-d64a-n16-r4	4	c100	sample	1	1-SRR5935744	close_s	0.252814
20261008-064058-4a8f57c-d64a-n16-r4	4	c100	sample	1	1-SRR5935744	report_s	0.186127
20261008-064058-4a8f57c-d64a-n16-r4	4	c100	sample	1	1-SRR5935744	status	0
20261008-064058-4a8f57c-d64a-n16-r4	4	c100	sample	1	1-SRR5935744	sequences	15328347
20261008-064058-4a8f57c-d64a-n16-r4	4	c100	sample	1	1-SRR5935744	bases	2853526686
20261008-064058-4a8f57c-d64a-n16-r4	4	c100	sample	1	1-SRR5935744	classified	14998872
20261008-064058-4a8f57c-d64a-n16-r4	4	c100	sample	1	1-SRR5935744	place	mod
20261008-064058-4a8f57c-d64a-n16-r4	4	c100	sample	1	1-SRR5935744	weight	15328347
20261008-064058-4a8f57c-d64a-n16-r4	4	c100	engine.mem			t_s	180.1
20261008-064058-4a8f57c-d64a-n16-r4	4	c100	engine.mem			rss_kib	78429072
20261008-064058-4a8f57c-d64a-n16-r4	4	c100	engine.mem			hwm_kib	78992092
20261008-064058-4a8f57c-d64a-n16-r4	4	c100	engine.mem			heap_inuse	4516855808
20261008-064058-4a8f57c-d64a-n16-r4	4	c100	engine.mem			sys	6823448776
20261008-064058-4a8f57c-d64a-n16-r4	4	c100	engine.mem			avail_kib	48749104
20261008-064058-4a8f57c-d64a-n16-r4	4	c100	sample	1	1-SRR5935760	mode	parallel
20261008-064058-4a8f57c-d64a-n16-r4	4	c100	sample	1	1-SRR5935760	s3client	sdk
20261008-064058-4a8f57c-d64a-n16-r4	4	c100	sample	1	1-SRR5935760	rank	4
20261008-064058-4a8f57c-d64a-n16-r4	4	c100	sample	1	1-SRR5935760	role	home
20261008-064058-4a8f57c-d64a-n16-r4	4	c100	sample	1	1-SRR5935760	inflight	1
20261008-064058-4a8f57c-d64a-n16-r4	4	c100	sample	1	1-SRR5935760	threads	16
20261008-064058-4a8f57c-d64a-n16-r4	4	c100	sample	1	1-SRR5935760	start_s	176.428792
20261008-064058-4a8f57c-d64a-n16-r4	4	c100	sample	1	1-SRR5935760	wall_s	11.102415
20261008-064058-4a8f57c-d64a-n16-r4	4	c100	sample	1	1-SRR5935760	setup_s	0.000069
20261008-064058-4a8f57c-d64a-n16-r4	4	c100	sample	1	1-SRR5935760	classify_s	10.752712
20261008-064058-4a8f57c-d64a-n16-r4	4	c100	sample	1	1-SRR5935760	close_s	0.220837
20261008-064058-4a8f57c-d64a-n16-r4	4	c100	sample	1	1-SRR5935760	report_s	0.123150
20261008-064058-4a8f57c-d64a-n16-r4	4	c100	sample	1	1-SRR5935760	status	0
20261008-064058-4a8f57c-d64a-n16-r4	4	c100	sample	1	1-SRR5935760	sequences	10834778
20261008-064058-4a8f57c-d64a-n16-r4	4	c100	sample	1	1-SRR5935760	bases	1957586977
20261008-064058-4a8f57c-d64a-n16-r4	4	c100	sample	1	1-SRR5935760	classified	10642489
20261008-064058-4a8f57c-d64a-n16-r4	4	c100	sample	1	1-SRR5935760	place	mod
20261008-064058-4a8f57c-d64a-n16-r4	4	c100	sample	1	1-SRR5935760	weight	10834778
20261008-064058-4a8f57c-d64a-n16-r4	4	c100	sample	1	1-SRR5935776	mode	parallel
20261008-064058-4a8f57c-d64a-n16-r4	4	c100	sample	1	1-SRR5935776	s3client	sdk
20261008-064058-4a8f57c-d64a-n16-r4	4	c100	sample	1	1-SRR5935776	rank	4
20261008-064058-4a8f57c-d64a-n16-r4	4	c100	sample	1	1-SRR5935776	role	home
20261008-064058-4a8f57c-d64a-n16-r4	4	c100	sample	1	1-SRR5935776	inflight	1
20261008-064058-4a8f57c-d64a-n16-r4	4	c100	sample	1	1-SRR5935776	threads	16
20261008-064058-4a8f57c-d64a-n16-r4	4	c100	sample	1	1-SRR5935776	start_s	187.531230
20261008-064058-4a8f57c-d64a-n16-r4	4	c100	sample	1	1-SRR5935776	wall_s	3.874791
20261008-064058-4a8f57c-d64a-n16-r4	4	c100	sample	1	1-SRR5935776	setup_s	0.000060
20261008-064058-4a8f57c-d64a-n16-r4	4	c100	sample	1	1-SRR5935776	classify_s	3.540763
20261008-064058-4a8f57c-d64a-n16-r4	4	c100	sample	1	1-SRR5935776	close_s	0.216549
20261008-064058-4a8f57c-d64a-n16-r4	4	c100	sample	1	1-SRR5935776	report_s	0.113639
20261008-064058-4a8f57c-d64a-n16-r4	4	c100	sample	1	1-SRR5935776	status	0
20261008-064058-4a8f57c-d64a-n16-r4	4	c100	sample	1	1-SRR5935776	sequences	3168882
20261008-064058-4a8f57c-d64a-n16-r4	4	c100	sample	1	1-SRR5935776	bases	592648009
20261008-064058-4a8f57c-d64a-n16-r4	4	c100	sample	1	1-SRR5935776	classified	3127330
20261008-064058-4a8f57c-d64a-n16-r4	4	c100	sample	1	1-SRR5935776	place	mod
20261008-064058-4a8f57c-d64a-n16-r4	4	c100	sample	1	1-SRR5935776	weight	3168882
20261008-064058-4a8f57c-d64a-n16-r4	4	c100	engine.mem			t_s	195.1
20261008-064058-4a8f57c-d64a-n16-r4	4	c100	engine.mem			rss_kib	78248148
20261008-064058-4a8f57c-d64a-n16-r4	4	c100	engine.mem			hwm_kib	79100636
20261008-064058-4a8f57c-d64a-n16-r4	4	c100	engine.mem			heap_inuse	4278894592
20261008-064058-4a8f57c-d64a-n16-r4	4	c100	engine.mem			sys	6829150408
20261008-064058-4a8f57c-d64a-n16-r4	4	c100	engine.mem			avail_kib	49032660
20261008-064058-4a8f57c-d64a-n16-r4	4	c100	sample	1	1-SRR5935792	mode	parallel
20261008-064058-4a8f57c-d64a-n16-r4	4	c100	sample	1	1-SRR5935792	s3client	sdk
20261008-064058-4a8f57c-d64a-n16-r4	4	c100	sample	1	1-SRR5935792	rank	4
20261008-064058-4a8f57c-d64a-n16-r4	4	c100	sample	1	1-SRR5935792	role	home
20261008-064058-4a8f57c-d64a-n16-r4	4	c100	sample	1	1-SRR5935792	inflight	1
20261008-064058-4a8f57c-d64a-n16-r4	4	c100	sample	1	1-SRR5935792	threads	16
20261008-064058-4a8f57c-d64a-n16-r4	4	c100	sample	1	1-SRR5935792	start_s	191.406044
20261008-064058-4a8f57c-d64a-n16-r4	4	c100	sample	1	1-SRR5935792	wall_s	11.751166
20261008-064058-4a8f57c-d64a-n16-r4	4	c100	sample	1	1-SRR5935792	setup_s	0.000065
20261008-064058-4a8f57c-d64a-n16-r4	4	c100	sample	1	1-SRR5935792	classify_s	11.339176
20261008-064058-4a8f57c-d64a-n16-r4	4	c100	sample	1	1-SRR5935792	close_s	0.260159
20261008-064058-4a8f57c-d64a-n16-r4	4	c100	sample	1	1-SRR5935792	report_s	0.143143
20261008-064058-4a8f57c-d64a-n16-r4	4	c100	sample	1	1-SRR5935792	status	0
20261008-064058-4a8f57c-d64a-n16-r4	4	c100	sample	1	1-SRR5935792	sequences	11437813
20261008-064058-4a8f57c-d64a-n16-r4	4	c100	sample	1	1-SRR5935792	bases	2096182336
20261008-064058-4a8f57c-d64a-n16-r4	4	c100	sample	1	1-SRR5935792	classified	10922134
20261008-064058-4a8f57c-d64a-n16-r4	4	c100	sample	1	1-SRR5935792	place	mod
20261008-064058-4a8f57c-d64a-n16-r4	4	c100	sample	1	1-SRR5935792	weight	11437813
20261008-064058-4a8f57c-d64a-n16-r4	4	c100	engine.mem			t_s	210.1
20261008-064058-4a8f57c-d64a-n16-r4	4	c100	engine.mem			rss_kib	78854244
20261008-064058-4a8f57c-d64a-n16-r4	4	c100	engine.mem			hwm_kib	79100636
20261008-064058-4a8f57c-d64a-n16-r4	4	c100	engine.mem			heap_inuse	3602456576
20261008-064058-4a8f57c-d64a-n16-r4	4	c100	engine.mem			sys	6829150408
20261008-064058-4a8f57c-d64a-n16-r4	4	c100	engine.mem			avail_kib	48806616
20261008-064058-4a8f57c-d64a-n16-r4	4	c100	sample	1	1-SRR5935808	mode	parallel
20261008-064058-4a8f57c-d64a-n16-r4	4	c100	sample	1	1-SRR5935808	s3client	sdk
20261008-064058-4a8f57c-d64a-n16-r4	4	c100	sample	1	1-SRR5935808	rank	4
20261008-064058-4a8f57c-d64a-n16-r4	4	c100	sample	1	1-SRR5935808	role	home
20261008-064058-4a8f57c-d64a-n16-r4	4	c100	sample	1	1-SRR5935808	inflight	1
20261008-064058-4a8f57c-d64a-n16-r4	4	c100	sample	1	1-SRR5935808	threads	16
20261008-064058-4a8f57c-d64a-n16-r4	4	c100	sample	1	1-SRR5935808	start_s	203.157236
20261008-064058-4a8f57c-d64a-n16-r4	4	c100	sample	1	1-SRR5935808	wall_s	15.978405
20261008-064058-4a8f57c-d64a-n16-r4	4	c100	sample	1	1-SRR5935808	setup_s	0.000058
20261008-064058-4a8f57c-d64a-n16-r4	4	c100	sample	1	1-SRR5935808	classify_s	15.547482
20261008-064058-4a8f57c-d64a-n16-r4	4	c100	sample	1	1-SRR5935808	close_s	0.264855
20261008-064058-4a8f57c-d64a-n16-r4	4	c100	sample	1	1-SRR5935808	report_s	0.156810
20261008-064058-4a8f57c-d64a-n16-r4	4	c100	sample	1	1-SRR5935808	status	0
20261008-064058-4a8f57c-d64a-n16-r4	4	c100	sample	1	1-SRR5935808	sequences	15500933
20261008-064058-4a8f57c-d64a-n16-r4	4	c100	sample	1	1-SRR5935808	bases	2889469649
20261008-064058-4a8f57c-d64a-n16-r4	4	c100	sample	1	1-SRR5935808	classified	14777244
20261008-064058-4a8f57c-d64a-n16-r4	4	c100	sample	1	1-SRR5935808	place	mod
20261008-064058-4a8f57c-d64a-n16-r4	4	c100	sample	1	1-SRR5935808	weight	15500933
20261008-064058-4a8f57c-d64a-n16-r4	4	c100	engine.mem			t_s	225.1
20261008-064058-4a8f57c-d64a-n16-r4	4	c100	engine.mem			rss_kib	78800368
20261008-064058-4a8f57c-d64a-n16-r4	4	c100	engine.mem			hwm_kib	79100636
20261008-064058-4a8f57c-d64a-n16-r4	4	c100	engine.mem			heap_inuse	4030488576
20261008-064058-4a8f57c-d64a-n16-r4	4	c100	engine.mem			sys	6829150408
20261008-064058-4a8f57c-d64a-n16-r4	4	c100	engine.mem			avail_kib	48695656
20261008-064058-4a8f57c-d64a-n16-r4	4	c100	sample	1	1-SRR5935824	mode	parallel
20261008-064058-4a8f57c-d64a-n16-r4	4	c100	sample	1	1-SRR5935824	s3client	sdk
20261008-064058-4a8f57c-d64a-n16-r4	4	c100	sample	1	1-SRR5935824	rank	4
20261008-064058-4a8f57c-d64a-n16-r4	4	c100	sample	1	1-SRR5935824	role	home
20261008-064058-4a8f57c-d64a-n16-r4	4	c100	sample	1	1-SRR5935824	inflight	1
20261008-064058-4a8f57c-d64a-n16-r4	4	c100	sample	1	1-SRR5935824	threads	16
20261008-064058-4a8f57c-d64a-n16-r4	4	c100	sample	1	1-SRR5935824	start_s	219.135668
20261008-064058-4a8f57c-d64a-n16-r4	4	c100	sample	1	1-SRR5935824	wall_s	9.224338
20261008-064058-4a8f57c-d64a-n16-r4	4	c100	sample	1	1-SRR5935824	setup_s	0.000064
20261008-064058-4a8f57c-d64a-n16-r4	4	c100	sample	1	1-SRR5935824	classify_s	8.770943
20261008-064058-4a8f57c-d64a-n16-r4	4	c100	sample	1	1-SRR5935824	close_s	0.283690
20261008-064058-4a8f57c-d64a-n16-r4	4	c100	sample	1	1-SRR5935824	report_s	0.161578
20261008-064058-4a8f57c-d64a-n16-r4	4	c100	sample	1	1-SRR5935824	status	0
20261008-064058-4a8f57c-d64a-n16-r4	4	c100	sample	1	1-SRR5935824	sequences	8745078
20261008-064058-4a8f57c-d64a-n16-r4	4	c100	sample	1	1-SRR5935824	bases	1626833325
20261008-064058-4a8f57c-d64a-n16-r4	4	c100	sample	1	1-SRR5935824	classified	8520266
20261008-064058-4a8f57c-d64a-n16-r4	4	c100	sample	1	1-SRR5935824	place	mod
20261008-064058-4a8f57c-d64a-n16-r4	4	c100	sample	1	1-SRR5935824	weight	8745078
20261008-064058-4a8f57c-d64a-n16-r4	4	c100	engine.mem			t_s	240.1
20261008-064058-4a8f57c-d64a-n16-r4	4	c100	engine.mem			rss_kib	78736384
20261008-064058-4a8f57c-d64a-n16-r4	4	c100	engine.mem			hwm_kib	79100636
20261008-064058-4a8f57c-d64a-n16-r4	4	c100	engine.mem			heap_inuse	4136206336
20261008-064058-4a8f57c-d64a-n16-r4	4	c100	engine.mem			sys	6829150408
20261008-064058-4a8f57c-d64a-n16-r4	4	c100	engine.mem			avail_kib	48928376
20261008-064058-4a8f57c-d64a-n16-r4	4	c100	phase			batch-barrier-1	21.699959
20261008-064058-4a8f57c-d64a-n16-r4	4	c100	phase			batch-barrier-1.start_s	228.360028
20261008-064058-4a8f57c-d64a-n16-r4	4	c100	engine.mem			t_s	255.1
20261008-064058-4a8f57c-d64a-n16-r4	4	c100	engine.mem			rss_kib	78877276
20261008-064058-4a8f57c-d64a-n16-r4	4	c100	engine.mem			hwm_kib	79100636
20261008-064058-4a8f57c-d64a-n16-r4	4	c100	engine.mem			heap_inuse	4131258368
20261008-064058-4a8f57c-d64a-n16-r4	4	c100	engine.mem			sys	6829150408
20261008-064058-4a8f57c-d64a-n16-r4	4	c100	engine.mem			avail_kib	48803332
20261008-064058-4a8f57c-d64a-n16-r4	4	c100	sample	2	2-SRR5935751	mode	parallel
20261008-064058-4a8f57c-d64a-n16-r4	4	c100	sample	2	2-SRR5935751	s3client	sdk
20261008-064058-4a8f57c-d64a-n16-r4	4	c100	sample	2	2-SRR5935751	rank	4
20261008-064058-4a8f57c-d64a-n16-r4	4	c100	sample	2	2-SRR5935751	role	home
20261008-064058-4a8f57c-d64a-n16-r4	4	c100	sample	2	2-SRR5935751	inflight	1
20261008-064058-4a8f57c-d64a-n16-r4	4	c100	sample	2	2-SRR5935751	threads	16
20261008-064058-4a8f57c-d64a-n16-r4	4	c100	sample	2	2-SRR5935751	start_s	250.060033
20261008-064058-4a8f57c-d64a-n16-r4	4	c100	sample	2	2-SRR5935751	wall_s	19.154710
20261008-064058-4a8f57c-d64a-n16-r4	4	c100	sample	2	2-SRR5935751	setup_s	0.000063
20261008-064058-4a8f57c-d64a-n16-r4	4	c100	sample	2	2-SRR5935751	classify_s	18.657953
20261008-064058-4a8f57c-d64a-n16-r4	4	c100	sample	2	2-SRR5935751	close_s	0.265585
20261008-064058-4a8f57c-d64a-n16-r4	4	c100	sample	2	2-SRR5935751	report_s	0.223232
20261008-064058-4a8f57c-d64a-n16-r4	4	c100	sample	2	2-SRR5935751	status	0
20261008-064058-4a8f57c-d64a-n16-r4	4	c100	sample	2	2-SRR5935751	sequences	18645445
20261008-064058-4a8f57c-d64a-n16-r4	4	c100	sample	2	2-SRR5935751	bases	3449573600
20261008-064058-4a8f57c-d64a-n16-r4	4	c100	sample	2	2-SRR5935751	classified	18393099
20261008-064058-4a8f57c-d64a-n16-r4	4	c100	sample	2	2-SRR5935751	place	lpt
20261008-064058-4a8f57c-d64a-n16-r4	4	c100	sample	2	2-SRR5935751	weight	18645445
20261008-064058-4a8f57c-d64a-n16-r4	4	c100	engine.mem			t_s	270.1
20261008-064058-4a8f57c-d64a-n16-r4	4	c100	engine.mem			rss_kib	78802416
20261008-064058-4a8f57c-d64a-n16-r4	4	c100	engine.mem			hwm_kib	79247032
20261008-064058-4a8f57c-d64a-n16-r4	4	c100	engine.mem			heap_inuse	4054949888
20261008-064058-4a8f57c-d64a-n16-r4	4	c100	engine.mem			sys	6913175784
20261008-064058-4a8f57c-d64a-n16-r4	4	c100	engine.mem			avail_kib	48694704
20261008-064058-4a8f57c-d64a-n16-r4	4	c100	sample	2	2-SRR5935830	mode	parallel
20261008-064058-4a8f57c-d64a-n16-r4	4	c100	sample	2	2-SRR5935830	s3client	sdk
20261008-064058-4a8f57c-d64a-n16-r4	4	c100	sample	2	2-SRR5935830	rank	4
20261008-064058-4a8f57c-d64a-n16-r4	4	c100	sample	2	2-SRR5935830	role	home
20261008-064058-4a8f57c-d64a-n16-r4	4	c100	sample	2	2-SRR5935830	inflight	1
20261008-064058-4a8f57c-d64a-n16-r4	4	c100	sample	2	2-SRR5935830	threads	16
20261008-064058-4a8f57c-d64a-n16-r4	4	c100	sample	2	2-SRR5935830	start_s	269.214771
20261008-064058-4a8f57c-d64a-n16-r4	4	c100	sample	2	2-SRR5935830	wall_s	14.858837
20261008-064058-4a8f57c-d64a-n16-r4	4	c100	sample	2	2-SRR5935830	setup_s	0.000062
20261008-064058-4a8f57c-d64a-n16-r4	4	c100	sample	2	2-SRR5935830	classify_s	14.463441
20261008-064058-4a8f57c-d64a-n16-r4	4	c100	sample	2	2-SRR5935830	close_s	0.236468
20261008-064058-4a8f57c-d64a-n16-r4	4	c100	sample	2	2-SRR5935830	report_s	0.151447
20261008-064058-4a8f57c-d64a-n16-r4	4	c100	sample	2	2-SRR5935830	status	0
20261008-064058-4a8f57c-d64a-n16-r4	4	c100	sample	2	2-SRR5935830	sequences	14303962
20261008-064058-4a8f57c-d64a-n16-r4	4	c100	sample	2	2-SRR5935830	bases	2635979010
20261008-064058-4a8f57c-d64a-n16-r4	4	c100	sample	2	2-SRR5935830	classified	14029845
20261008-064058-4a8f57c-d64a-n16-r4	4	c100	sample	2	2-SRR5935830	place	lpt
20261008-064058-4a8f57c-d64a-n16-r4	4	c100	sample	2	2-SRR5935830	weight	14303962
20261008-064058-4a8f57c-d64a-n16-r4	4	c100	engine.mem			t_s	285.1
20261008-064058-4a8f57c-d64a-n16-r4	4	c100	engine.mem			rss_kib	78230264
20261008-064058-4a8f57c-d64a-n16-r4	4	c100	engine.mem			hwm_kib	79247032
20261008-064058-4a8f57c-d64a-n16-r4	4	c100	engine.mem			heap_inuse	4341587968
20261008-064058-4a8f57c-d64a-n16-r4	4	c100	engine.mem			sys	6913175784
20261008-064058-4a8f57c-d64a-n16-r4	4	c100	engine.mem			avail_kib	48961420
20261008-064058-4a8f57c-d64a-n16-r4	4	c100	sample	2	2-SRR5935774	mode	parallel
20261008-064058-4a8f57c-d64a-n16-r4	4	c100	sample	2	2-SRR5935774	s3client	sdk
20261008-064058-4a8f57c-d64a-n16-r4	4	c100	sample	2	2-SRR5935774	rank	4
20261008-064058-4a8f57c-d64a-n16-r4	4	c100	sample	2	2-SRR5935774	role	home
20261008-064058-4a8f57c-d64a-n16-r4	4	c100	sample	2	2-SRR5935774	inflight	1
20261008-064058-4a8f57c-d64a-n16-r4	4	c100	sample	2	2-SRR5935774	threads	16
20261008-064058-4a8f57c-d64a-n16-r4	4	c100	sample	2	2-SRR5935774	start_s	284.073634
20261008-064058-4a8f57c-d64a-n16-r4	4	c100	sample	2	2-SRR5935774	wall_s	12.261259
20261008-064058-4a8f57c-d64a-n16-r4	4	c100	sample	2	2-SRR5935774	setup_s	0.000061
20261008-064058-4a8f57c-d64a-n16-r4	4	c100	sample	2	2-SRR5935774	classify_s	11.835421
20261008-064058-4a8f57c-d64a-n16-r4	4	c100	sample	2	2-SRR5935774	close_s	0.227510
20261008-064058-4a8f57c-d64a-n16-r4	4	c100	sample	2	2-SRR5935774	report_s	0.181653
20261008-064058-4a8f57c-d64a-n16-r4	4	c100	sample	2	2-SRR5935774	status	0
20261008-064058-4a8f57c-d64a-n16-r4	4	c100	sample	2	2-SRR5935774	sequences	12252617
20261008-064058-4a8f57c-d64a-n16-r4	4	c100	sample	2	2-SRR5935774	bases	2212674525
20261008-064058-4a8f57c-d64a-n16-r4	4	c100	sample	2	2-SRR5935774	classified	10208851
20261008-064058-4a8f57c-d64a-n16-r4	4	c100	sample	2	2-SRR5935774	place	lpt
20261008-064058-4a8f57c-d64a-n16-r4	4	c100	sample	2	2-SRR5935774	weight	12252617
20261008-064058-4a8f57c-d64a-n16-r4	4	c100	engine.mem			t_s	300.1
20261008-064058-4a8f57c-d64a-n16-r4	4	c100	engine.mem			rss_kib	78453972
20261008-064058-4a8f57c-d64a-n16-r4	4	c100	engine.mem			hwm_kib	79247032
20261008-064058-4a8f57c-d64a-n16-r4	4	c100	engine.mem			heap_inuse	4468555776
20261008-064058-4a8f57c-d64a-n16-r4	4	c100	engine.mem			sys	6913241320
20261008-064058-4a8f57c-d64a-n16-r4	4	c100	engine.mem			avail_kib	48791244
20261008-064058-4a8f57c-d64a-n16-r4	4	c100	sample	2	2-SRR5935760	mode	parallel
20261008-064058-4a8f57c-d64a-n16-r4	4	c100	sample	2	2-SRR5935760	s3client	sdk
20261008-064058-4a8f57c-d64a-n16-r4	4	c100	sample	2	2-SRR5935760	rank	4
20261008-064058-4a8f57c-d64a-n16-r4	4	c100	sample	2	2-SRR5935760	role	home
20261008-064058-4a8f57c-d64a-n16-r4	4	c100	sample	2	2-SRR5935760	inflight	1
20261008-064058-4a8f57c-d64a-n16-r4	4	c100	sample	2	2-SRR5935760	threads	16
20261008-064058-4a8f57c-d64a-n16-r4	4	c100	sample	2	2-SRR5935760	start_s	296.334921
20261008-064058-4a8f57c-d64a-n16-r4	4	c100	sample	2	2-SRR5935760	wall_s	11.116706
20261008-064058-4a8f57c-d64a-n16-r4	4	c100	sample	2	2-SRR5935760	setup_s	0.000065
20261008-064058-4a8f57c-d64a-n16-r4	4	c100	sample	2	2-SRR5935760	classify_s	10.737607
20261008-064058-4a8f57c-d64a-n16-r4	4	c100	sample	2	2-SRR5935760	close_s	0.233568
20261008-064058-4a8f57c-d64a-n16-r4	4	c100	sample	2	2-SRR5935760	report_s	0.139829
20261008-064058-4a8f57c-d64a-n16-r4	4	c100	sample	2	2-SRR5935760	status	0
20261008-064058-4a8f57c-d64a-n16-r4	4	c100	sample	2	2-SRR5935760	sequences	10834778
20261008-064058-4a8f57c-d64a-n16-r4	4	c100	sample	2	2-SRR5935760	bases	1957586977
20261008-064058-4a8f57c-d64a-n16-r4	4	c100	sample	2	2-SRR5935760	classified	10642489
20261008-064058-4a8f57c-d64a-n16-r4	4	c100	sample	2	2-SRR5935760	place	lpt
20261008-064058-4a8f57c-d64a-n16-r4	4	c100	sample	2	2-SRR5935760	weight	10834778
20261008-064058-4a8f57c-d64a-n16-r4	4	c100	engine.mem			t_s	315.1
20261008-064058-4a8f57c-d64a-n16-r4	4	c100	engine.mem			rss_kib	79000952
20261008-064058-4a8f57c-d64a-n16-r4	4	c100	engine.mem			hwm_kib	79247032
20261008-064058-4a8f57c-d64a-n16-r4	4	c100	engine.mem			heap_inuse	4930297856
20261008-064058-4a8f57c-d64a-n16-r4	4	c100	engine.mem			sys	6959575272
20261008-064058-4a8f57c-d64a-n16-r4	4	c100	engine.mem			avail_kib	48332080
20261008-064058-4a8f57c-d64a-n16-r4	4	c100	sample	2	2-SRR5935786	mode	parallel
20261008-064058-4a8f57c-d64a-n16-r4	4	c100	sample	2	2-SRR5935786	s3client	sdk
20261008-064058-4a8f57c-d64a-n16-r4	4	c100	sample	2	2-SRR5935786	rank	4
20261008-064058-4a8f57c-d64a-n16-r4	4	c100	sample	2	2-SRR5935786	role	home
20261008-064058-4a8f57c-d64a-n16-r4	4	c100	sample	2	2-SRR5935786	inflight	1
20261008-064058-4a8f57c-d64a-n16-r4	4	c100	sample	2	2-SRR5935786	threads	16
20261008-064058-4a8f57c-d64a-n16-r4	4	c100	sample	2	2-SRR5935786	start_s	307.451652
20261008-064058-4a8f57c-d64a-n16-r4	4	c100	sample	2	2-SRR5935786	wall_s	10.705053
20261008-064058-4a8f57c-d64a-n16-r4	4	c100	sample	2	2-SRR5935786	setup_s	0.000060
20261008-064058-4a8f57c-d64a-n16-r4	4	c100	sample	2	2-SRR5935786	classify_s	10.272332
20261008-064058-4a8f57c-d64a-n16-r4	4	c100	sample	2	2-SRR5935786	close_s	0.280246
20261008-064058-4a8f57c-d64a-n16-r4	4	c100	sample	2	2-SRR5935786	report_s	0.141920
20261008-064058-4a8f57c-d64a-n16-r4	4	c100	sample	2	2-SRR5935786	status	0
20261008-064058-4a8f57c-d64a-n16-r4	4	c100	sample	2	2-SRR5935786	sequences	10054299
20261008-064058-4a8f57c-d64a-n16-r4	4	c100	sample	2	2-SRR5935786	bases	1885642952
20261008-064058-4a8f57c-d64a-n16-r4	4	c100	sample	2	2-SRR5935786	classified	9575405
20261008-064058-4a8f57c-d64a-n16-r4	4	c100	sample	2	2-SRR5935786	place	lpt
20261008-064058-4a8f57c-d64a-n16-r4	4	c100	sample	2	2-SRR5935786	weight	10054299
20261008-064058-4a8f57c-d64a-n16-r4	4	c100	sample	2	2-SRR5935809	mode	parallel
20261008-064058-4a8f57c-d64a-n16-r4	4	c100	sample	2	2-SRR5935809	s3client	sdk
20261008-064058-4a8f57c-d64a-n16-r4	4	c100	sample	2	2-SRR5935809	rank	4
20261008-064058-4a8f57c-d64a-n16-r4	4	c100	sample	2	2-SRR5935809	role	home
20261008-064058-4a8f57c-d64a-n16-r4	4	c100	sample	2	2-SRR5935809	inflight	1
20261008-064058-4a8f57c-d64a-n16-r4	4	c100	sample	2	2-SRR5935809	threads	16
20261008-064058-4a8f57c-d64a-n16-r4	4	c100	sample	2	2-SRR5935809	start_s	318.156730
20261008-064058-4a8f57c-d64a-n16-r4	4	c100	sample	2	2-SRR5935809	wall_s	2.506516
20261008-064058-4a8f57c-d64a-n16-r4	4	c100	sample	2	2-SRR5935809	setup_s	0.000056
20261008-064058-4a8f57c-d64a-n16-r4	4	c100	sample	2	2-SRR5935809	classify_s	2.161142
20261008-064058-4a8f57c-d64a-n16-r4	4	c100	sample	2	2-SRR5935809	close_s	0.238594
20261008-064058-4a8f57c-d64a-n16-r4	4	c100	sample	2	2-SRR5935809	report_s	0.102899
20261008-064058-4a8f57c-d64a-n16-r4	4	c100	sample	2	2-SRR5935809	status	0
20261008-064058-4a8f57c-d64a-n16-r4	4	c100	sample	2	2-SRR5935809	sequences	1539039
20261008-064058-4a8f57c-d64a-n16-r4	4	c100	sample	2	2-SRR5935809	bases	293657718
20261008-064058-4a8f57c-d64a-n16-r4	4	c100	sample	2	2-SRR5935809	classified	1494119
20261008-064058-4a8f57c-d64a-n16-r4	4	c100	sample	2	2-SRR5935809	place	lpt
20261008-064058-4a8f57c-d64a-n16-r4	4	c100	sample	2	2-SRR5935809	weight	1539039
20261008-064058-4a8f57c-d64a-n16-r4	4	c100	sample	2	2-SRR5935839	mode	parallel
20261008-064058-4a8f57c-d64a-n16-r4	4	c100	sample	2	2-SRR5935839	s3client	sdk
20261008-064058-4a8f57c-d64a-n16-r4	4	c100	sample	2	2-SRR5935839	rank	4
20261008-064058-4a8f57c-d64a-n16-r4	4	c100	sample	2	2-SRR5935839	role	home
20261008-064058-4a8f57c-d64a-n16-r4	4	c100	sample	2	2-SRR5935839	inflight	1
20261008-064058-4a8f57c-d64a-n16-r4	4	c100	sample	2	2-SRR5935839	threads	16
20261008-064058-4a8f57c-d64a-n16-r4	4	c100	sample	2	2-SRR5935839	start_s	320.663271
20261008-064058-4a8f57c-d64a-n16-r4	4	c100	sample	2	2-SRR5935839	wall_s	1.785366
20261008-064058-4a8f57c-d64a-n16-r4	4	c100	sample	2	2-SRR5935839	setup_s	0.000052
20261008-064058-4a8f57c-d64a-n16-r4	4	c100	sample	2	2-SRR5935839	classify_s	1.448909
20261008-064058-4a8f57c-d64a-n16-r4	4	c100	sample	2	2-SRR5935839	close_s	0.222166
20261008-064058-4a8f57c-d64a-n16-r4	4	c100	sample	2	2-SRR5935839	report_s	0.111674
20261008-064058-4a8f57c-d64a-n16-r4	4	c100	sample	2	2-SRR5935839	status	0
20261008-064058-4a8f57c-d64a-n16-r4	4	c100	sample	2	2-SRR5935839	sequences	1085628
20261008-064058-4a8f57c-d64a-n16-r4	4	c100	sample	2	2-SRR5935839	bases	199244471
20261008-064058-4a8f57c-d64a-n16-r4	4	c100	sample	2	2-SRR5935839	classified	1061820
20261008-064058-4a8f57c-d64a-n16-r4	4	c100	sample	2	2-SRR5935839	place	lpt
20261008-064058-4a8f57c-d64a-n16-r4	4	c100	sample	2	2-SRR5935839	weight	1085628
20261008-064058-4a8f57c-d64a-n16-r4	4	c100	engine.mem			t_s	330.1
20261008-064058-4a8f57c-d64a-n16-r4	4	c100	engine.mem			rss_kib	78122872
20261008-064058-4a8f57c-d64a-n16-r4	4	c100	engine.mem			hwm_kib	79247032
20261008-064058-4a8f57c-d64a-n16-r4	4	c100	engine.mem			heap_inuse	4357103616
20261008-064058-4a8f57c-d64a-n16-r4	4	c100	engine.mem			sys	6959575272
20261008-064058-4a8f57c-d64a-n16-r4	4	c100	engine.mem			avail_kib	49601944
20261008-064058-4a8f57c-d64a-n16-r4	4	c100	phase			batch-barrier-2	7.843622
20261008-064058-4a8f57c-d64a-n16-r4	4	c100	phase			batch-barrier-2.start_s	322.448660
20261008-064058-4a8f57c-d64a-n16-r4	4	c100	phase			barrier	0.385891
20261008-064058-4a8f57c-d64a-n16-r4	4	c100	phase			barrier.start_s	336.331043
20261008-064058-4a8f57c-d64a-n16-r4	4	c100	sample	3	3-SRR5935740	mode	striped
20261008-064058-4a8f57c-d64a-n16-r4	4	c100	sample	3	3-SRR5935740	s3client	sdk
20261008-064058-4a8f57c-d64a-n16-r4	4	c100	sample	3	3-SRR5935740	rank	4
20261008-064058-4a8f57c-d64a-n16-r4	4	c100	sample	3	3-SRR5935740	role	peer
20261008-064058-4a8f57c-d64a-n16-r4	4	c100	sample	3	3-SRR5935740	inflight	1
20261008-064058-4a8f57c-d64a-n16-r4	4	c100	sample	3	3-SRR5935740	threads	16
20261008-064058-4a8f57c-d64a-n16-r4	4	c100	sample	3	3-SRR5935740	start_s	330.744960
20261008-064058-4a8f57c-d64a-n16-r4	4	c100	sample	3	3-SRR5935740	wall_s	5.972019
20261008-064058-4a8f57c-d64a-n16-r4	4	c100	sample	3	3-SRR5935740	setup_s	0.000047
20261008-064058-4a8f57c-d64a-n16-r4	4	c100	sample	3	3-SRR5935740	classify_s	5.581884
20261008-064058-4a8f57c-d64a-n16-r4	4	c100	sample	3	3-SRR5935740	close_s	0.000000
20261008-064058-4a8f57c-d64a-n16-r4	4	c100	sample	3	3-SRR5935740	report_s	0.000000
20261008-064058-4a8f57c-d64a-n16-r4	4	c100	sample	3	3-SRR5935740	status	0
20261008-064058-4a8f57c-d64a-n16-r4	4	c100	sample	3	3-SRR5935740	sequences	0
20261008-064058-4a8f57c-d64a-n16-r4	4	c100	sample	3	3-SRR5935740	bases	0
20261008-064058-4a8f57c-d64a-n16-r4	4	c100	sample	3	3-SRR5935740	classified	0
20261008-064058-4a8f57c-d64a-n16-r4	4	c100	sample	3	3-SRR5935740	place	-
20261008-064058-4a8f57c-d64a-n16-r4	4	c100	sample	3	3-SRR5935740	weight	-
20261008-064058-4a8f57c-d64a-n16-r4	4	c100	phase			batch-barrier-3	0.497527
20261008-064058-4a8f57c-d64a-n16-r4	4	c100	phase			batch-barrier-3.start_s	336.716990
20261008-064058-4a8f57c-d64a-n16-r4	4	c100	phase			barrier	0.363834
20261008-064058-4a8f57c-d64a-n16-r4	4	c100	phase			barrier.start_s	343.559992
20261008-064058-4a8f57c-d64a-n16-r4	4	c100	sample	4	4-SRR5935740	mode	striped
20261008-064058-4a8f57c-d64a-n16-r4	4	c100	sample	4	4-SRR5935740	s3client	sdk
20261008-064058-4a8f57c-d64a-n16-r4	4	c100	sample	4	4-SRR5935740	rank	4
20261008-064058-4a8f57c-d64a-n16-r4	4	c100	sample	4	4-SRR5935740	role	peer
20261008-064058-4a8f57c-d64a-n16-r4	4	c100	sample	4	4-SRR5935740	inflight	1
20261008-064058-4a8f57c-d64a-n16-r4	4	c100	sample	4	4-SRR5935740	threads	16
20261008-064058-4a8f57c-d64a-n16-r4	4	c100	sample	4	4-SRR5935740	start_s	337.980154
20261008-064058-4a8f57c-d64a-n16-r4	4	c100	sample	4	4-SRR5935740	wall_s	5.943717
20261008-064058-4a8f57c-d64a-n16-r4	4	c100	sample	4	4-SRR5935740	setup_s	0.000049
20261008-064058-4a8f57c-d64a-n16-r4	4	c100	sample	4	4-SRR5935740	classify_s	5.575695
20261008-064058-4a8f57c-d64a-n16-r4	4	c100	sample	4	4-SRR5935740	close_s	0.000000
20261008-064058-4a8f57c-d64a-n16-r4	4	c100	sample	4	4-SRR5935740	report_s	0.000000
20261008-064058-4a8f57c-d64a-n16-r4	4	c100	sample	4	4-SRR5935740	status	0
20261008-064058-4a8f57c-d64a-n16-r4	4	c100	sample	4	4-SRR5935740	sequences	0
20261008-064058-4a8f57c-d64a-n16-r4	4	c100	sample	4	4-SRR5935740	bases	0
20261008-064058-4a8f57c-d64a-n16-r4	4	c100	sample	4	4-SRR5935740	classified	0
20261008-064058-4a8f57c-d64a-n16-r4	4	c100	sample	4	4-SRR5935740	place	-
20261008-064058-4a8f57c-d64a-n16-r4	4	c100	sample	4	4-SRR5935740	weight	-
20261008-064058-4a8f57c-d64a-n16-r4	4	c100	phase			batch-barrier-4	0.507345
20261008-064058-4a8f57c-d64a-n16-r4	4	c100	phase			batch-barrier-4.start_s	343.923882
20261008-064058-4a8f57c-d64a-n16-r4	4	c100	engine.mem			t_s	345.1
20261008-064058-4a8f57c-d64a-n16-r4	4	c100	engine.mem			rss_kib	76337396
20261008-064058-4a8f57c-d64a-n16-r4	4	c100	engine.mem			hwm_kib	79247032
20261008-064058-4a8f57c-d64a-n16-r4	4	c100	engine.mem			heap_inuse	3305086976
20261008-064058-4a8f57c-d64a-n16-r4	4	c100	engine.mem			sys	6959837416
20261008-064058-4a8f57c-d64a-n16-r4	4	c100	engine.mem			avail_kib	51397176
20261008-064058-4a8f57c-d64a-n16-r4	4	c100	phase			barrier	0.213360
20261008-064058-4a8f57c-d64a-n16-r4	4	c100	phase			barrier.start_s	350.776260
20261008-064058-4a8f57c-d64a-n16-r4	4	c100	sample	5	5-SRR5935740	mode	striped
20261008-064058-4a8f57c-d64a-n16-r4	4	c100	sample	5	5-SRR5935740	s3client	sdk
20261008-064058-4a8f57c-d64a-n16-r4	4	c100	sample	5	5-SRR5935740	rank	4
20261008-064058-4a8f57c-d64a-n16-r4	4	c100	sample	5	5-SRR5935740	role	peer
20261008-064058-4a8f57c-d64a-n16-r4	4	c100	sample	5	5-SRR5935740	inflight	1
20261008-064058-4a8f57c-d64a-n16-r4	4	c100	sample	5	5-SRR5935740	threads	16
20261008-064058-4a8f57c-d64a-n16-r4	4	c100	sample	5	5-SRR5935740	start_s	345.198558
20261008-064058-4a8f57c-d64a-n16-r4	4	c100	sample	5	5-SRR5935740	wall_s	5.791100
20261008-064058-4a8f57c-d64a-n16-r4	4	c100	sample	5	5-SRR5935740	setup_s	0.000051
20261008-064058-4a8f57c-d64a-n16-r4	4	c100	sample	5	5-SRR5935740	classify_s	5.573619
20261008-064058-4a8f57c-d64a-n16-r4	4	c100	sample	5	5-SRR5935740	close_s	0.000000
20261008-064058-4a8f57c-d64a-n16-r4	4	c100	sample	5	5-SRR5935740	report_s	0.000000
20261008-064058-4a8f57c-d64a-n16-r4	4	c100	sample	5	5-SRR5935740	status	0
20261008-064058-4a8f57c-d64a-n16-r4	4	c100	sample	5	5-SRR5935740	sequences	0
20261008-064058-4a8f57c-d64a-n16-r4	4	c100	sample	5	5-SRR5935740	bases	0
20261008-064058-4a8f57c-d64a-n16-r4	4	c100	sample	5	5-SRR5935740	classified	0
20261008-064058-4a8f57c-d64a-n16-r4	4	c100	sample	5	5-SRR5935740	place	-
20261008-064058-4a8f57c-d64a-n16-r4	4	c100	sample	5	5-SRR5935740	weight	-
20261008-064058-4a8f57c-d64a-n16-r4	4	c100	phase			batch-barrier-5	0.529792
20261008-064058-4a8f57c-d64a-n16-r4	4	c100	phase			batch-barrier-5.start_s	350.989670
20261008-064058-4a8f57c-d64a-n16-r4	4	c100	engine.mem			t_s	360.1
20261008-064058-4a8f57c-d64a-n16-r4	4	c100	engine.mem			rss_kib	76489748
20261008-064058-4a8f57c-d64a-n16-r4	4	c100	engine.mem			hwm_kib	79247032
20261008-064058-4a8f57c-d64a-n16-r4	4	c100	engine.mem			heap_inuse	3305455616
20261008-064058-4a8f57c-d64a-n16-r4	4	c100	engine.mem			sys	6959837416
20261008-064058-4a8f57c-d64a-n16-r4	4	c100	engine.mem			avail_kib	51185920
20261008-064058-4a8f57c-d64a-n16-r4	4	c100	phase			batch-barrier-6	11.109421
20261008-064058-4a8f57c-d64a-n16-r4	4	c100	phase			batch-barrier-6.start_s	351.519477
20261008-064058-4a8f57c-d64a-n16-r4	4	c100	phase			batch-barrier-7	9.154381
20261008-064058-4a8f57c-d64a-n16-r4	4	c100	phase			batch-barrier-7.start_s	362.628921
20261008-064058-4a8f57c-d64a-n16-r4	4	c100	engine.mem			t_s	375.1
20261008-064058-4a8f57c-d64a-n16-r4	4	c100	engine.mem			rss_kib	76489764
20261008-064058-4a8f57c-d64a-n16-r4	4	c100	engine.mem			hwm_kib	79247032
20261008-064058-4a8f57c-d64a-n16-r4	4	c100	engine.mem			heap_inuse	3308666880
20261008-064058-4a8f57c-d64a-n16-r4	4	c100	engine.mem			sys	6959837416
20261008-064058-4a8f57c-d64a-n16-r4	4	c100	engine.mem			avail_kib	51341396
20261008-064058-4a8f57c-d64a-n16-r4	4	c100	phase			batch-barrier-8	10.238663
20261008-064058-4a8f57c-d64a-n16-r4	4	c100	phase			batch-barrier-8.start_s	371.783322
20261008-064058-4a8f57c-d64a-n16-r4	4	c100	engine.shard			index	0
20261008-064058-4a8f57c-d64a-n16-r4	4	c100	engine.shard			n	16
20261008-064058-4a8f57c-d64a-n16-r4	4	c100	engine.shard			lo	74318229485
20261008-064058-4a8f57c-d64a-n16-r4	4	c100	engine.shard			hi	92897786856
20261008-064058-4a8f57c-d64a-n16-r4	4	c100	engine.shard			tail	302
20261008-064058-4a8f57c-d64a-n16-r4	4	c100	engine.shard			full	false
20261008-064058-4a8f57c-d64a-n16-r4	4	c100	engine.shard			empty_at	18579557370
20261008-064058-4a8f57c-d64a-n16-r4	4	c100	engine.shard			keys	8477552208
20261008-064058-4a8f57c-d64a-n16-r4	4	c100	engine.shard			batches	89910
20261008-064058-4a8f57c-d64a-n16-r4	4	c100	engine.shard			probe_s	216.769768
20261008-064058-4a8f57c-d64a-n16-r4	4	c100	engine.shard			tail_probes	0
20261008-064058-4a8f57c-d64a-n16-r4	4	c100	engine.shard			wrap_probes	0
20261008-064058-4a8f57c-d64a-n16-r4	4	c100	engine.mem			t_s	382.0
20261008-064058-4a8f57c-d64a-n16-r4	4	c100	engine.mem			rss_kib	76489764
20261008-064058-4a8f57c-d64a-n16-r4	4	c100	engine.mem			hwm_kib	79247032
20261008-064058-4a8f57c-d64a-n16-r4	4	c100	engine.mem			heap_inuse	3308879872
20261008-064058-4a8f57c-d64a-n16-r4	4	c100	engine.mem			sys	6959837416
20261008-064058-4a8f57c-d64a-n16-r4	4	c100	engine.mem			avail_kib	51335516
20261008-064058-4a8f57c-d64a-n16-r4	4	c100	engine.rendezvous			puts	13
20261008-064058-4a8f57c-d64a-n16-r4	4	c100	engine.rendezvous			gets	878
20261008-064058-4a8f57c-d64a-n16-r4	4	c100	engine.s3			client	sdk
20261008-064058-4a8f57c-d64a-n16-r4	4	c100	engine.s3			put	33
20261008-064058-4a8f57c-d64a-n16-r4	4	c100	engine.s3			get	878
20261008-064058-4a8f57c-d64a-n16-r4	4	c100	engine.s3			create_multipart	20
20261008-064058-4a8f57c-d64a-n16-r4	4	c100	engine.s3			upload_part	2035
20261008-064058-4a8f57c-d64a-n16-r4	4	c100	engine.s3			complete_multipart	20
20261008-064058-4a8f57c-d64a-n16-r4	4	c100	engine.s3			abort_multipart	0
20261008-064058-4a8f57c-d64a-n16-r4	4	c100	engine.s3			part_bytes	17007170948
20261008-064058-4a8f57c-d64a-n16-r4	4	c100	engine.s3			client	cli
20261008-064058-4a8f57c-d64a-n16-r4	4	c100	engine.s3			put	0
20261008-064058-4a8f57c-d64a-n16-r4	4	c100	engine.s3			get	0
20261008-064058-4a8f57c-d64a-n16-r4	4	c100	engine.s3			create_multipart	0
20261008-064058-4a8f57c-d64a-n16-r4	4	c100	engine.s3			upload_part	0
20261008-064058-4a8f57c-d64a-n16-r4	4	c100	engine.s3			complete_multipart	0
20261008-064058-4a8f57c-d64a-n16-r4	4	c100	engine.s3			abort_multipart	0
20261008-064058-4a8f57c-d64a-n16-r4	4	c100	engine.s3			part_bytes	0
20261008-064058-4a8f57c-d64a-n16-r4	4	c100	engine.load			seconds	40.622427
20261008-064058-4a8f57c-d64a-n16-r4	4	c100	engine.load			requests	1126
20261008-064058-4a8f57c-d64a-n16-r4	4	c100	engine.load			retries	0
20261008-064058-4a8f57c-d64a-n16-r4	4	c100	engine.load			bytes	74318296292
20261008-064058-4a8f57c-d64a-n16-r4	4	c100	engine.route			transport	nodes
20261008-064058-4a8f57c-d64a-n16-r4	4	c100	engine.route			calls	5346
20261008-064058-4a8f57c-d64a-n16-r4	4	c100	engine.route			keys	8037635259
20261008-064058-4a8f57c-d64a-n16-r4	4	c100	engine.route			batches	85536
20261008-064058-4a8f57c-d64a-n16-r4	4	c100	engine.route			route_s	96.970831
20261008-064058-4a8f57c-d64a-n16-r4	4	c100	engine.route			wait_s	325.350036
20261008-064058-4a8f57c-d64a-n16-r4	4	c100	engine.route			gather_s	18.817630
20261008-064058-4a8f57c-d64a-n16-r4	4	c100	engine.worker			scan_s	719.196198
20261008-064058-4a8f57c-d64a-n16-r4	4	c100	engine.worker			lookup_s	441.142751
20261008-064058-4a8f57c-d64a-n16-r4	4	c100	engine.worker			classify_s	625.653383
20261008-064058-4a8f57c-d64a-n16-r4	4	c100	phase			total	382.158805
20261008-064058-4a8f57c-d64a-n16-r4	4	c100	phase			total.start_s	0.000001
20261008-064058-4a8f57c-d64a-n16-r5	5	c100	phase			taxo	0.097461
20261008-064058-4a8f57c-d64a-n16-r5	5	c100	phase			taxo.start_s	0.002796
20261008-064058-4a8f57c-d64a-n16-r5	5	c100	engine.mem			t_s	15.0
20261008-064058-4a8f57c-d64a-n16-r5	5	c100	engine.mem			rss_kib	26050960
20261008-064058-4a8f57c-d64a-n16-r5	5	c100	engine.mem			hwm_kib	26050964
20261008-064058-4a8f57c-d64a-n16-r5	5	c100	engine.mem			heap_inuse	394993664
20261008-064058-4a8f57c-d64a-n16-r5	5	c100	engine.mem			sys	409991528
20261008-064058-4a8f57c-d64a-n16-r5	5	c100	engine.mem			avail_kib	101563768
20261008-064058-4a8f57c-d64a-n16-r5	5	c100	engine.mem			t_s	30.0
20261008-064058-4a8f57c-d64a-n16-r5	5	c100	engine.mem			rss_kib	52189600
20261008-064058-4a8f57c-d64a-n16-r5	5	c100	engine.mem			hwm_kib	52189600
20261008-064058-4a8f57c-d64a-n16-r5	5	c100	engine.mem			heap_inuse	397164544
20261008-064058-4a8f57c-d64a-n16-r5	5	c100	engine.mem			sys	409991528
20261008-064058-4a8f57c-d64a-n16-r5	5	c100	engine.mem			avail_kib	75431140
20261008-064058-4a8f57c-d64a-n16-r5	5	c100	phase			shard-load-5	42.142215
20261008-064058-4a8f57c-d64a-n16-r5	5	c100	phase			shard-load-5.start_s	0.169125
20261008-064058-4a8f57c-d64a-n16-r5	5	c100	engine.mem			t_s	45.0
20261008-064058-4a8f57c-d64a-n16-r5	5	c100	engine.mem			rss_kib	72970836
20261008-064058-4a8f57c-d64a-n16-r5	5	c100	engine.mem			hwm_kib	72970840
20261008-064058-4a8f57c-d64a-n16-r5	5	c100	engine.mem			heap_inuse	401620992
20261008-064058-4a8f57c-d64a-n16-r5	5	c100	engine.mem			sys	418445672
20261008-064058-4a8f57c-d64a-n16-r5	5	c100	engine.mem			avail_kib	54642764
20261008-064058-4a8f57c-d64a-n16-r5	5	c100	engine.mem			t_s	60.0
20261008-064058-4a8f57c-d64a-n16-r5	5	c100	engine.mem			rss_kib	72975200
20261008-064058-4a8f57c-d64a-n16-r5	5	c100	engine.mem			hwm_kib	72975204
20261008-064058-4a8f57c-d64a-n16-r5	5	c100	engine.mem			heap_inuse	406601728
20261008-064058-4a8f57c-d64a-n16-r5	5	c100	engine.mem			sys	422639976
20261008-064058-4a8f57c-d64a-n16-r5	5	c100	engine.mem			avail_kib	54813188
20261008-064058-4a8f57c-d64a-n16-r5	5	c100	engine.mem			t_s	75.0
20261008-064058-4a8f57c-d64a-n16-r5	5	c100	engine.mem			rss_kib	72977956
20261008-064058-4a8f57c-d64a-n16-r5	5	c100	engine.mem			hwm_kib	72977956
20261008-064058-4a8f57c-d64a-n16-r5	5	c100	engine.mem			heap_inuse	409468928
20261008-064058-4a8f57c-d64a-n16-r5	5	c100	engine.mem			sys	426834280
20261008-064058-4a8f57c-d64a-n16-r5	5	c100	engine.mem			avail_kib	54834848
20261008-064058-4a8f57c-d64a-n16-r5	5	c100	phase			rendezvous	34.128117
20261008-064058-4a8f57c-d64a-n16-r5	5	c100	phase			rendezvous.start_s	42.994512
20261008-064058-4a8f57c-d64a-n16-r5	5	c100	phase			connect	0.074566
20261008-064058-4a8f57c-d64a-n16-r5	5	c100	phase			connect.start_s	77.122643
20261008-064058-4a8f57c-d64a-n16-r5	5	c100	phase			hash	77.096943
20261008-064058-4a8f57c-d64a-n16-r5	5	c100	phase			hash.start_s	0.100286
20261008-064058-4a8f57c-d64a-n16-r5	5	c100	engine.mem			t_s	90.0
20261008-064058-4a8f57c-d64a-n16-r5	5	c100	engine.mem			rss_kib	78263360
20261008-064058-4a8f57c-d64a-n16-r5	5	c100	engine.mem			hwm_kib	78263360
20261008-064058-4a8f57c-d64a-n16-r5	5	c100	engine.mem			heap_inuse	4506943488
20261008-064058-4a8f57c-d64a-n16-r5	5	c100	engine.mem			sys	5928423288
20261008-064058-4a8f57c-d64a-n16-r5	5	c100	engine.mem			avail_kib	48930504
20261008-064058-4a8f57c-d64a-n16-r5	5	c100	sample	0	0-SRR5935803	mode	parallel
20261008-064058-4a8f57c-d64a-n16-r5	5	c100	sample	0	0-SRR5935803	s3client	sdk
20261008-064058-4a8f57c-d64a-n16-r5	5	c100	sample	0	0-SRR5935803	rank	5
20261008-064058-4a8f57c-d64a-n16-r5	5	c100	sample	0	0-SRR5935803	role	home
20261008-064058-4a8f57c-d64a-n16-r5	5	c100	sample	0	0-SRR5935803	inflight	1
20261008-064058-4a8f57c-d64a-n16-r5	5	c100	sample	0	0-SRR5935803	threads	16
20261008-064058-4a8f57c-d64a-n16-r5	5	c100	sample	0	0-SRR5935803	start_s	77.197269
20261008-064058-4a8f57c-d64a-n16-r5	5	c100	sample	0	0-SRR5935803	wall_s	18.881815
20261008-064058-4a8f57c-d64a-n16-r5	5	c100	sample	0	0-SRR5935803	setup_s	0.000049
20261008-064058-4a8f57c-d64a-n16-r5	5	c100	sample	0	0-SRR5935803	classify_s	18.501356
20261008-064058-4a8f57c-d64a-n16-r5	5	c100	sample	0	0-SRR5935803	close_s	0.237226
20261008-064058-4a8f57c-d64a-n16-r5	5	c100	sample	0	0-SRR5935803	report_s	0.134195
20261008-064058-4a8f57c-d64a-n16-r5	5	c100	sample	0	0-SRR5935803	status	0
20261008-064058-4a8f57c-d64a-n16-r5	5	c100	sample	0	0-SRR5935803	sequences	18392491
20261008-064058-4a8f57c-d64a-n16-r5	5	c100	sample	0	0-SRR5935803	bases	3418705365
20261008-064058-4a8f57c-d64a-n16-r5	5	c100	sample	0	0-SRR5935803	classified	18064386
20261008-064058-4a8f57c-d64a-n16-r5	5	c100	sample	0	0-SRR5935803	place	lpt
20261008-064058-4a8f57c-d64a-n16-r5	5	c100	sample	0	0-SRR5935803	weight	18392491
20261008-064058-4a8f57c-d64a-n16-r5	5	c100	engine.mem			t_s	105.0
20261008-064058-4a8f57c-d64a-n16-r5	5	c100	engine.mem			rss_kib	78358704
20261008-064058-4a8f57c-d64a-n16-r5	5	c100	engine.mem			hwm_kib	78393996
20261008-064058-4a8f57c-d64a-n16-r5	5	c100	engine.mem			heap_inuse	4413874176
20261008-064058-4a8f57c-d64a-n16-r5	5	c100	engine.mem			sys	6047559576
20261008-064058-4a8f57c-d64a-n16-r5	5	c100	engine.mem			avail_kib	49045144
20261008-064058-4a8f57c-d64a-n16-r5	5	c100	sample	0	0-SRR5935806	mode	parallel
20261008-064058-4a8f57c-d64a-n16-r5	5	c100	sample	0	0-SRR5935806	s3client	sdk
20261008-064058-4a8f57c-d64a-n16-r5	5	c100	sample	0	0-SRR5935806	rank	5
20261008-064058-4a8f57c-d64a-n16-r5	5	c100	sample	0	0-SRR5935806	role	home
20261008-064058-4a8f57c-d64a-n16-r5	5	c100	sample	0	0-SRR5935806	inflight	1
20261008-064058-4a8f57c-d64a-n16-r5	5	c100	sample	0	0-SRR5935806	threads	16
20261008-064058-4a8f57c-d64a-n16-r5	5	c100	sample	0	0-SRR5935806	start_s	96.079111
20261008-064058-4a8f57c-d64a-n16-r5	5	c100	sample	0	0-SRR5935806	wall_s	15.614537
20261008-064058-4a8f57c-d64a-n16-r5	5	c100	sample	0	0-SRR5935806	setup_s	0.000058
20261008-064058-4a8f57c-d64a-n16-r5	5	c100	sample	0	0-SRR5935806	classify_s	15.161954
20261008-064058-4a8f57c-d64a-n16-r5	5	c100	sample	0	0-SRR5935806	close_s	0.309548
20261008-064058-4a8f57c-d64a-n16-r5	5	c100	sample	0	0-SRR5935806	report_s	0.134455
20261008-064058-4a8f57c-d64a-n16-r5	5	c100	sample	0	0-SRR5935806	status	0
20261008-064058-4a8f57c-d64a-n16-r5	5	c100	sample	0	0-SRR5935806	sequences	14472574
20261008-064058-4a8f57c-d64a-n16-r5	5	c100	sample	0	0-SRR5935806	bases	2738529910
20261008-064058-4a8f57c-d64a-n16-r5	5	c100	sample	0	0-SRR5935806	classified	14022498
20261008-064058-4a8f57c-d64a-n16-r5	5	c100	sample	0	0-SRR5935806	place	lpt
20261008-064058-4a8f57c-d64a-n16-r5	5	c100	sample	0	0-SRR5935806	weight	14472574
20261008-064058-4a8f57c-d64a-n16-r5	5	c100	engine.mem			t_s	120.1
20261008-064058-4a8f57c-d64a-n16-r5	5	c100	engine.mem			rss_kib	78390700
20261008-064058-4a8f57c-d64a-n16-r5	5	c100	engine.mem			hwm_kib	78453424
20261008-064058-4a8f57c-d64a-n16-r5	5	c100	engine.mem			heap_inuse	3305848832
20261008-064058-4a8f57c-d64a-n16-r5	5	c100	engine.mem			sys	6102335400
20261008-064058-4a8f57c-d64a-n16-r5	5	c100	engine.mem			avail_kib	49080704
20261008-064058-4a8f57c-d64a-n16-r5	5	c100	sample	0	0-SRR5935742	mode	parallel
20261008-064058-4a8f57c-d64a-n16-r5	5	c100	sample	0	0-SRR5935742	s3client	sdk
20261008-064058-4a8f57c-d64a-n16-r5	5	c100	sample	0	0-SRR5935742	rank	5
20261008-064058-4a8f57c-d64a-n16-r5	5	c100	sample	0	0-SRR5935742	role	home
20261008-064058-4a8f57c-d64a-n16-r5	5	c100	sample	0	0-SRR5935742	inflight	1
20261008-064058-4a8f57c-d64a-n16-r5	5	c100	sample	0	0-SRR5935742	threads	16
20261008-064058-4a8f57c-d64a-n16-r5	5	c100	sample	0	0-SRR5935742	start_s	111.693674
20261008-064058-4a8f57c-d64a-n16-r5	5	c100	sample	0	0-SRR5935742	wall_s	12.946225
20261008-064058-4a8f57c-d64a-n16-r5	5	c100	sample	0	0-SRR5935742	setup_s	0.000065
20261008-064058-4a8f57c-d64a-n16-r5	5	c100	sample	0	0-SRR5935742	classify_s	12.453511
20261008-064058-4a8f57c-d64a-n16-r5	5	c100	sample	0	0-SRR5935742	close_s	0.316077
20261008-064058-4a8f57c-d64a-n16-r5	5	c100	sample	0	0-SRR5935742	report_s	0.167036
20261008-064058-4a8f57c-d64a-n16-r5	5	c100	sample	0	0-SRR5935742	status	0
20261008-064058-4a8f57c-d64a-n16-r5	5	c100	sample	0	0-SRR5935742	sequences	12325847
20261008-064058-4a8f57c-d64a-n16-r5	5	c100	sample	0	0-SRR5935742	bases	2261511731
20261008-064058-4a8f57c-d64a-n16-r5	5	c100	sample	0	0-SRR5935742	classified	11791754
20261008-064058-4a8f57c-d64a-n16-r5	5	c100	sample	0	0-SRR5935742	place	lpt
20261008-064058-4a8f57c-d64a-n16-r5	5	c100	sample	0	0-SRR5935742	weight	12325847
20261008-064058-4a8f57c-d64a-n16-r5	5	c100	engine.mem			t_s	135.1
20261008-064058-4a8f57c-d64a-n16-r5	5	c100	engine.mem			rss_kib	78411788
20261008-064058-4a8f57c-d64a-n16-r5	5	c100	engine.mem			hwm_kib	78453424
20261008-064058-4a8f57c-d64a-n16-r5	5	c100	engine.mem			heap_inuse	3647250432
20261008-064058-4a8f57c-d64a-n16-r5	5	c100	engine.mem			sys	6102351784
20261008-064058-4a8f57c-d64a-n16-r5	5	c100	engine.mem			avail_kib	49069948
20261008-064058-4a8f57c-d64a-n16-r5	5	c100	sample	0	0-SRR5935819	mode	parallel
20261008-064058-4a8f57c-d64a-n16-r5	5	c100	sample	0	0-SRR5935819	s3client	sdk
20261008-064058-4a8f57c-d64a-n16-r5	5	c100	sample	0	0-SRR5935819	rank	5
20261008-064058-4a8f57c-d64a-n16-r5	5	c100	sample	0	0-SRR5935819	role	home
20261008-064058-4a8f57c-d64a-n16-r5	5	c100	sample	0	0-SRR5935819	inflight	1
20261008-064058-4a8f57c-d64a-n16-r5	5	c100	sample	0	0-SRR5935819	threads	16
20261008-064058-4a8f57c-d64a-n16-r5	5	c100	sample	0	0-SRR5935819	start_s	124.639924
20261008-064058-4a8f57c-d64a-n16-r5	5	c100	sample	0	0-SRR5935819	wall_s	11.685190
20261008-064058-4a8f57c-d64a-n16-r5	5	c100	sample	0	0-SRR5935819	setup_s	0.000068
20261008-064058-4a8f57c-d64a-n16-r5	5	c100	sample	0	0-SRR5935819	classify_s	11.332918
20261008-064058-4a8f57c-d64a-n16-r5	5	c100	sample	0	0-SRR5935819	close_s	0.198983
20261008-064058-4a8f57c-d64a-n16-r5	5	c100	sample	0	0-SRR5935819	report_s	0.147399
20261008-064058-4a8f57c-d64a-n16-r5	5	c100	sample	0	0-SRR5935819	status	0
20261008-064058-4a8f57c-d64a-n16-r5	5	c100	sample	0	0-SRR5935819	sequences	10896278
20261008-064058-4a8f57c-d64a-n16-r5	5	c100	sample	0	0-SRR5935819	bases	2024821947
20261008-064058-4a8f57c-d64a-n16-r5	5	c100	sample	0	0-SRR5935819	classified	10712521
20261008-064058-4a8f57c-d64a-n16-r5	5	c100	sample	0	0-SRR5935819	place	lpt
20261008-064058-4a8f57c-d64a-n16-r5	5	c100	sample	0	0-SRR5935819	weight	10896278
20261008-064058-4a8f57c-d64a-n16-r5	5	c100	sample	0	0-SRR5935812	mode	parallel
20261008-064058-4a8f57c-d64a-n16-r5	5	c100	sample	0	0-SRR5935812	s3client	sdk
20261008-064058-4a8f57c-d64a-n16-r5	5	c100	sample	0	0-SRR5935812	rank	5
20261008-064058-4a8f57c-d64a-n16-r5	5	c100	sample	0	0-SRR5935812	role	home
20261008-064058-4a8f57c-d64a-n16-r5	5	c100	sample	0	0-SRR5935812	inflight	1
20261008-064058-4a8f57c-d64a-n16-r5	5	c100	sample	0	0-SRR5935812	threads	16
20261008-064058-4a8f57c-d64a-n16-r5	5	c100	sample	0	0-SRR5935812	start_s	136.325137
20261008-064058-4a8f57c-d64a-n16-r5	5	c100	sample	0	0-SRR5935812	wall_s	9.943659
20261008-064058-4a8f57c-d64a-n16-r5	5	c100	sample	0	0-SRR5935812	setup_s	0.000076
20261008-064058-4a8f57c-d64a-n16-r5	5	c100	sample	0	0-SRR5935812	classify_s	9.546424
20261008-064058-4a8f57c-d64a-n16-r5	5	c100	sample	0	0-SRR5935812	close_s	0.225591
20261008-064058-4a8f57c-d64a-n16-r5	5	c100	sample	0	0-SRR5935812	report_s	0.164706
20261008-064058-4a8f57c-d64a-n16-r5	5	c100	sample	0	0-SRR5935812	status	0
20261008-064058-4a8f57c-d64a-n16-r5	5	c100	sample	0	0-SRR5935812	sequences	9108174
20261008-064058-4a8f57c-d64a-n16-r5	5	c100	sample	0	0-SRR5935812	bases	1698332428
20261008-064058-4a8f57c-d64a-n16-r5	5	c100	sample	0	0-SRR5935812	classified	8923230
20261008-064058-4a8f57c-d64a-n16-r5	5	c100	sample	0	0-SRR5935812	place	lpt
20261008-064058-4a8f57c-d64a-n16-r5	5	c100	sample	0	0-SRR5935812	weight	9108174
20261008-064058-4a8f57c-d64a-n16-r5	5	c100	engine.mem			t_s	150.1
20261008-064058-4a8f57c-d64a-n16-r5	5	c100	engine.mem			rss_kib	78259472
20261008-064058-4a8f57c-d64a-n16-r5	5	c100	engine.mem			hwm_kib	78691792
20261008-064058-4a8f57c-d64a-n16-r5	5	c100	engine.mem			heap_inuse	4708802560
20261008-064058-4a8f57c-d64a-n16-r5	5	c100	engine.mem			sys	6289420360
20261008-064058-4a8f57c-d64a-n16-r5	5	c100	engine.mem			avail_kib	49088604
20261008-064058-4a8f57c-d64a-n16-r5	5	c100	sample	0	0-SRR5935763	mode	parallel
20261008-064058-4a8f57c-d64a-n16-r5	5	c100	sample	0	0-SRR5935763	s3client	sdk
20261008-064058-4a8f57c-d64a-n16-r5	5	c100	sample	0	0-SRR5935763	rank	5
20261008-064058-4a8f57c-d64a-n16-r5	5	c100	sample	0	0-SRR5935763	role	home
20261008-064058-4a8f57c-d64a-n16-r5	5	c100	sample	0	0-SRR5935763	inflight	1
20261008-064058-4a8f57c-d64a-n16-r5	5	c100	sample	0	0-SRR5935763	threads	16
20261008-064058-4a8f57c-d64a-n16-r5	5	c100	sample	0	0-SRR5935763	start_s	146.268820
20261008-064058-4a8f57c-d64a-n16-r5	5	c100	sample	0	0-SRR5935763	wall_s	6.382623
20261008-064058-4a8f57c-d64a-n16-r5	5	c100	sample	0	0-SRR5935763	setup_s	0.000058
20261008-064058-4a8f57c-d64a-n16-r5	5	c100	sample	0	0-SRR5935763	classify_s	5.627530
20261008-064058-4a8f57c-d64a-n16-r5	5	c100	sample	0	0-SRR5935763	close_s	0.631704
20261008-064058-4a8f57c-d64a-n16-r5	5	c100	sample	0	0-SRR5935763	report_s	0.118739
20261008-064058-4a8f57c-d64a-n16-r5	5	c100	sample	0	0-SRR5935763	status	0
20261008-064058-4a8f57c-d64a-n16-r5	5	c100	sample	0	0-SRR5935763	sequences	5174437
20261008-064058-4a8f57c-d64a-n16-r5	5	c100	sample	0	0-SRR5935763	bases	978777662
20261008-064058-4a8f57c-d64a-n16-r5	5	c100	sample	0	0-SRR5935763	classified	5104140
20261008-064058-4a8f57c-d64a-n16-r5	5	c100	sample	0	0-SRR5935763	place	lpt
20261008-064058-4a8f57c-d64a-n16-r5	5	c100	sample	0	0-SRR5935763	weight	5174437
20261008-064058-4a8f57c-d64a-n16-r5	5	c100	phase			batch-barrier-0	4.266750
20261008-064058-4a8f57c-d64a-n16-r5	5	c100	phase			batch-barrier-0.start_s	152.651463
20261008-064058-4a8f57c-d64a-n16-r5	5	c100	engine.mem			t_s	165.1
20261008-064058-4a8f57c-d64a-n16-r5	5	c100	engine.mem			rss_kib	78823184
20261008-064058-4a8f57c-d64a-n16-r5	5	c100	engine.mem			hwm_kib	78842820
20261008-064058-4a8f57c-d64a-n16-r5	5	c100	engine.mem			heap_inuse	5504188416
20261008-064058-4a8f57c-d64a-n16-r5	5	c100	engine.mem			sys	6681972904
20261008-064058-4a8f57c-d64a-n16-r5	5	c100	engine.mem			avail_kib	48535152
20261008-064058-4a8f57c-d64a-n16-r5	5	c100	sample	1	1-SRR5935745	mode	parallel
20261008-064058-4a8f57c-d64a-n16-r5	5	c100	sample	1	1-SRR5935745	s3client	sdk
20261008-064058-4a8f57c-d64a-n16-r5	5	c100	sample	1	1-SRR5935745	rank	5
20261008-064058-4a8f57c-d64a-n16-r5	5	c100	sample	1	1-SRR5935745	role	home
20261008-064058-4a8f57c-d64a-n16-r5	5	c100	sample	1	1-SRR5935745	inflight	1
20261008-064058-4a8f57c-d64a-n16-r5	5	c100	sample	1	1-SRR5935745	threads	16
20261008-064058-4a8f57c-d64a-n16-r5	5	c100	sample	1	1-SRR5935745	start_s	156.918239
20261008-064058-4a8f57c-d64a-n16-r5	5	c100	sample	1	1-SRR5935745	wall_s	11.588056
20261008-064058-4a8f57c-d64a-n16-r5	5	c100	sample	1	1-SRR5935745	setup_s	0.000060
20261008-064058-4a8f57c-d64a-n16-r5	5	c100	sample	1	1-SRR5935745	classify_s	11.208973
20261008-064058-4a8f57c-d64a-n16-r5	5	c100	sample	1	1-SRR5935745	close_s	0.211610
20261008-064058-4a8f57c-d64a-n16-r5	5	c100	sample	1	1-SRR5935745	report_s	0.156356
20261008-064058-4a8f57c-d64a-n16-r5	5	c100	sample	1	1-SRR5935745	status	0
20261008-064058-4a8f57c-d64a-n16-r5	5	c100	sample	1	1-SRR5935745	sequences	10492437
20261008-064058-4a8f57c-d64a-n16-r5	5	c100	sample	1	1-SRR5935745	bases	1984140901
20261008-064058-4a8f57c-d64a-n16-r5	5	c100	sample	1	1-SRR5935745	classified	9889429
20261008-064058-4a8f57c-d64a-n16-r5	5	c100	sample	1	1-SRR5935745	place	mod
20261008-064058-4a8f57c-d64a-n16-r5	5	c100	sample	1	1-SRR5935745	weight	10492437
20261008-064058-4a8f57c-d64a-n16-r5	5	c100	engine.mem			t_s	180.1
20261008-064058-4a8f57c-d64a-n16-r5	5	c100	engine.mem			rss_kib	78966404
20261008-064058-4a8f57c-d64a-n16-r5	5	c100	engine.mem			hwm_kib	79161144
20261008-064058-4a8f57c-d64a-n16-r5	5	c100	engine.mem			heap_inuse	5478031360
20261008-064058-4a8f57c-d64a-n16-r5	5	c100	engine.mem			sys	6853755096
20261008-064058-4a8f57c-d64a-n16-r5	5	c100	engine.mem			avail_kib	48478048
20261008-064058-4a8f57c-d64a-n16-r5	5	c100	sample	1	1-SRR5935761	mode	parallel
20261008-064058-4a8f57c-d64a-n16-r5	5	c100	sample	1	1-SRR5935761	s3client	sdk
20261008-064058-4a8f57c-d64a-n16-r5	5	c100	sample	1	1-SRR5935761	rank	5
20261008-064058-4a8f57c-d64a-n16-r5	5	c100	sample	1	1-SRR5935761	role	home
20261008-064058-4a8f57c-d64a-n16-r5	5	c100	sample	1	1-SRR5935761	inflight	1
20261008-064058-4a8f57c-d64a-n16-r5	5	c100	sample	1	1-SRR5935761	threads	16
20261008-064058-4a8f57c-d64a-n16-r5	5	c100	sample	1	1-SRR5935761	start_s	168.506318
20261008-064058-4a8f57c-d64a-n16-r5	5	c100	sample	1	1-SRR5935761	wall_s	14.909194
20261008-064058-4a8f57c-d64a-n16-r5	5	c100	sample	1	1-SRR5935761	setup_s	0.000066
20261008-064058-4a8f57c-d64a-n16-r5	5	c100	sample	1	1-SRR5935761	classify_s	14.527014
20261008-064058-4a8f57c-d64a-n16-r5	5	c100	sample	1	1-SRR5935761	close_s	0.236186
20261008-064058-4a8f57c-d64a-n16-r5	5	c100	sample	1	1-SRR5935761	report_s	0.138858
20261008-064058-4a8f57c-d64a-n16-r5	5	c100	sample	1	1-SRR5935761	status	0
20261008-064058-4a8f57c-d64a-n16-r5	5	c100	sample	1	1-SRR5935761	sequences	14191749
20261008-064058-4a8f57c-d64a-n16-r5	5	c100	sample	1	1-SRR5935761	bases	2646878118
20261008-064058-4a8f57c-d64a-n16-r5	5	c100	sample	1	1-SRR5935761	classified	13987275
20261008-064058-4a8f57c-d64a-n16-r5	5	c100	sample	1	1-SRR5935761	place	mod
20261008-064058-4a8f57c-d64a-n16-r5	5	c100	sample	1	1-SRR5935761	weight	14191749
20261008-064058-4a8f57c-d64a-n16-r5	5	c100	sample	1	1-SRR5935777	mode	parallel
20261008-064058-4a8f57c-d64a-n16-r5	5	c100	sample	1	1-SRR5935777	s3client	sdk
20261008-064058-4a8f57c-d64a-n16-r5	5	c100	sample	1	1-SRR5935777	rank	5
20261008-064058-4a8f57c-d64a-n16-r5	5	c100	sample	1	1-SRR5935777	role	home
20261008-064058-4a8f57c-d64a-n16-r5	5	c100	sample	1	1-SRR5935777	inflight	1
20261008-064058-4a8f57c-d64a-n16-r5	5	c100	sample	1	1-SRR5935777	threads	16
20261008-064058-4a8f57c-d64a-n16-r5	5	c100	sample	1	1-SRR5935777	start_s	183.415538
20261008-064058-4a8f57c-d64a-n16-r5	5	c100	sample	1	1-SRR5935777	wall_s	8.829108
20261008-064058-4a8f57c-d64a-n16-r5	5	c100	sample	1	1-SRR5935777	setup_s	0.000068
20261008-064058-4a8f57c-d64a-n16-r5	5	c100	sample	1	1-SRR5935777	classify_s	8.451608
20261008-064058-4a8f57c-d64a-n16-r5	5	c100	sample	1	1-SRR5935777	close_s	0.228419
20261008-064058-4a8f57c-d64a-n16-r5	5	c100	sample	1	1-SRR5935777	report_s	0.142676
20261008-064058-4a8f57c-d64a-n16-r5	5	c100	sample	1	1-SRR5935777	status	0
20261008-064058-4a8f57c-d64a-n16-r5	5	c100	sample	1	1-SRR5935777	sequences	8173049
20261008-064058-4a8f57c-d64a-n16-r5	5	c100	sample	1	1-SRR5935777	bases	1459565869
20261008-064058-4a8f57c-d64a-n16-r5	5	c100	sample	1	1-SRR5935777	classified	7956066
20261008-064058-4a8f57c-d64a-n16-r5	5	c100	sample	1	1-SRR5935777	place	mod
20261008-064058-4a8f57c-d64a-n16-r5	5	c100	sample	1	1-SRR5935777	weight	8173049
20261008-064058-4a8f57c-d64a-n16-r5	5	c100	sample	1	1-SRR5935793	mode	parallel
20261008-064058-4a8f57c-d64a-n16-r5	5	c100	sample	1	1-SRR5935793	s3client	sdk
20261008-064058-4a8f57c-d64a-n16-r5	5	c100	sample	1	1-SRR5935793	rank	5
20261008-064058-4a8f57c-d64a-n16-r5	5	c100	sample	1	1-SRR5935793	role	home
20261008-064058-4a8f57c-d64a-n16-r5	5	c100	sample	1	1-SRR5935793	inflight	1
20261008-064058-4a8f57c-d64a-n16-r5	5	c100	sample	1	1-SRR5935793	threads	16
20261008-064058-4a8f57c-d64a-n16-r5	5	c100	sample	1	1-SRR5935793	start_s	192.244675
20261008-064058-4a8f57c-d64a-n16-r5	5	c100	sample	1	1-SRR5935793	wall_s	2.714303
20261008-064058-4a8f57c-d64a-n16-r5	5	c100	sample	1	1-SRR5935793	setup_s	0.000069
20261008-064058-4a8f57c-d64a-n16-r5	5	c100	sample	1	1-SRR5935793	classify_s	2.266737
20261008-064058-4a8f57c-d64a-n16-r5	5	c100	sample	1	1-SRR5935793	close_s	0.250848
20261008-064058-4a8f57c-d64a-n16-r5	5	c100	sample	1	1-SRR5935793	report_s	0.189028
20261008-064058-4a8f57c-d64a-n16-r5	5	c100	sample	1	1-SRR5935793	status	0
20261008-064058-4a8f57c-d64a-n16-r5	5	c100	sample	1	1-SRR5935793	sequences	1771479
20261008-064058-4a8f57c-d64a-n16-r5	5	c100	sample	1	1-SRR5935793	bases	333187068
20261008-064058-4a8f57c-d64a-n16-r5	5	c100	sample	1	1-SRR5935793	classified	1476454
20261008-064058-4a8f57c-d64a-n16-r5	5	c100	sample	1	1-SRR5935793	place	mod
20261008-064058-4a8f57c-d64a-n16-r5	5	c100	sample	1	1-SRR5935793	weight	1771479
20261008-064058-4a8f57c-d64a-n16-r5	5	c100	engine.mem			t_s	195.1
20261008-064058-4a8f57c-d64a-n16-r5	5	c100	engine.mem			rss_kib	78091296
20261008-064058-4a8f57c-d64a-n16-r5	5	c100	engine.mem			hwm_kib	79161144
20261008-064058-4a8f57c-d64a-n16-r5	5	c100	engine.mem			heap_inuse	1952735232
20261008-064058-4a8f57c-d64a-n16-r5	5	c100	engine.mem			sys	6971265256
20261008-064058-4a8f57c-d64a-n16-r5	5	c100	engine.mem			avail_kib	49281984
20261008-064058-4a8f57c-d64a-n16-r5	5	c100	sample	1	1-SRR5935809	mode	parallel
20261008-064058-4a8f57c-d64a-n16-r5	5	c100	sample	1	1-SRR5935809	s3client	sdk
20261008-064058-4a8f57c-d64a-n16-r5	5	c100	sample	1	1-SRR5935809	rank	5
20261008-064058-4a8f57c-d64a-n16-r5	5	c100	sample	1	1-SRR5935809	role	home
20261008-064058-4a8f57c-d64a-n16-r5	5	c100	sample	1	1-SRR5935809	inflight	1
20261008-064058-4a8f57c-d64a-n16-r5	5	c100	sample	1	1-SRR5935809	threads	16
20261008-064058-4a8f57c-d64a-n16-r5	5	c100	sample	1	1-SRR5935809	start_s	194.959005
20261008-064058-4a8f57c-d64a-n16-r5	5	c100	sample	1	1-SRR5935809	wall_s	2.599090
20261008-064058-4a8f57c-d64a-n16-r5	5	c100	sample	1	1-SRR5935809	setup_s	0.000075
20261008-064058-4a8f57c-d64a-n16-r5	5	c100	sample	1	1-SRR5935809	classify_s	2.074544
20261008-064058-4a8f57c-d64a-n16-r5	5	c100	sample	1	1-SRR5935809	close_s	0.425588
20261008-064058-4a8f57c-d64a-n16-r5	5	c100	sample	1	1-SRR5935809	report_s	0.094789
20261008-064058-4a8f57c-d64a-n16-r5	5	c100	sample	1	1-SRR5935809	status	0
20261008-064058-4a8f57c-d64a-n16-r5	5	c100	sample	1	1-SRR5935809	sequences	1539039
20261008-064058-4a8f57c-d64a-n16-r5	5	c100	sample	1	1-SRR5935809	bases	293657718
20261008-064058-4a8f57c-d64a-n16-r5	5	c100	sample	1	1-SRR5935809	classified	1494119
20261008-064058-4a8f57c-d64a-n16-r5	5	c100	sample	1	1-SRR5935809	place	mod
20261008-064058-4a8f57c-d64a-n16-r5	5	c100	sample	1	1-SRR5935809	weight	1539039
20261008-064058-4a8f57c-d64a-n16-r5	5	c100	sample	1	1-SRR5935825	mode	parallel
20261008-064058-4a8f57c-d64a-n16-r5	5	c100	sample	1	1-SRR5935825	s3client	sdk
20261008-064058-4a8f57c-d64a-n16-r5	5	c100	sample	1	1-SRR5935825	rank	5
20261008-064058-4a8f57c-d64a-n16-r5	5	c100	sample	1	1-SRR5935825	role	home
20261008-064058-4a8f57c-d64a-n16-r5	5	c100	sample	1	1-SRR5935825	inflight	1
20261008-064058-4a8f57c-d64a-n16-r5	5	c100	sample	1	1-SRR5935825	threads	16
20261008-064058-4a8f57c-d64a-n16-r5	5	c100	sample	1	1-SRR5935825	start_s	197.558122
20261008-064058-4a8f57c-d64a-n16-r5	5	c100	sample	1	1-SRR5935825	wall_s	12.019090
20261008-064058-4a8f57c-d64a-n16-r5	5	c100	sample	1	1-SRR5935825	setup_s	0.000065
20261008-064058-4a8f57c-d64a-n16-r5	5	c100	sample	1	1-SRR5935825	classify_s	11.588671
20261008-064058-4a8f57c-d64a-n16-r5	5	c100	sample	1	1-SRR5935825	close_s	0.234428
20261008-064058-4a8f57c-d64a-n16-r5	5	c100	sample	1	1-SRR5935825	report_s	0.177638
20261008-064058-4a8f57c-d64a-n16-r5	5	c100	sample	1	1-SRR5935825	status	0
20261008-064058-4a8f57c-d64a-n16-r5	5	c100	sample	1	1-SRR5935825	sequences	11458367
20261008-064058-4a8f57c-d64a-n16-r5	5	c100	sample	1	1-SRR5935825	bases	2115935464
20261008-064058-4a8f57c-d64a-n16-r5	5	c100	sample	1	1-SRR5935825	classified	9654089
20261008-064058-4a8f57c-d64a-n16-r5	5	c100	sample	1	1-SRR5935825	place	mod
20261008-064058-4a8f57c-d64a-n16-r5	5	c100	sample	1	1-SRR5935825	weight	11458367
20261008-064058-4a8f57c-d64a-n16-r5	5	c100	engine.mem			t_s	210.1
20261008-064058-4a8f57c-d64a-n16-r5	5	c100	engine.mem			rss_kib	78352772
20261008-064058-4a8f57c-d64a-n16-r5	5	c100	engine.mem			hwm_kib	79161144
20261008-064058-4a8f57c-d64a-n16-r5	5	c100	engine.mem			heap_inuse	5413380096
20261008-064058-4a8f57c-d64a-n16-r5	5	c100	engine.mem			sys	6971265256
20261008-064058-4a8f57c-d64a-n16-r5	5	c100	engine.mem			avail_kib	49137936
20261008-064058-4a8f57c-d64a-n16-r5	5	c100	engine.mem			t_s	225.1
20261008-064058-4a8f57c-d64a-n16-r5	5	c100	engine.mem			rss_kib	78352784
20261008-064058-4a8f57c-d64a-n16-r5	5	c100	engine.mem			hwm_kib	79161144
20261008-064058-4a8f57c-d64a-n16-r5	5	c100	engine.mem			heap_inuse	5431836672
20261008-064058-4a8f57c-d64a-n16-r5	5	c100	engine.mem			sys	6971265256
20261008-064058-4a8f57c-d64a-n16-r5	5	c100	engine.mem			avail_kib	49331996
20261008-064058-4a8f57c-d64a-n16-r5	5	c100	engine.mem			t_s	240.1
20261008-064058-4a8f57c-d64a-n16-r5	5	c100	engine.mem			rss_kib	78352788
20261008-064058-4a8f57c-d64a-n16-r5	5	c100	engine.mem			hwm_kib	79161144
20261008-064058-4a8f57c-d64a-n16-r5	5	c100	engine.mem			heap_inuse	5438742528
20261008-064058-4a8f57c-d64a-n16-r5	5	c100	engine.mem			sys	6971265256
20261008-064058-4a8f57c-d64a-n16-r5	5	c100	engine.mem			avail_kib	49384248
20261008-064058-4a8f57c-d64a-n16-r5	5	c100	phase			batch-barrier-1	36.743742
20261008-064058-4a8f57c-d64a-n16-r5	5	c100	phase			batch-barrier-1.start_s	209.577239
20261008-064058-4a8f57c-d64a-n16-r5	5	c100	engine.mem			t_s	255.1
20261008-064058-4a8f57c-d64a-n16-r5	5	c100	engine.mem			rss_kib	78478140
20261008-064058-4a8f57c-d64a-n16-r5	5	c100	engine.mem			hwm_kib	79161144
20261008-064058-4a8f57c-d64a-n16-r5	5	c100	engine.mem			heap_inuse	4446642176
20261008-064058-4a8f57c-d64a-n16-r5	5	c100	engine.mem			sys	6971265256
20261008-064058-4a8f57c-d64a-n16-r5	5	c100	engine.mem			avail_kib	49068264
20261008-064058-4a8f57c-d64a-n16-r5	5	c100	sample	2	2-SRR5935803	mode	parallel
20261008-064058-4a8f57c-d64a-n16-r5	5	c100	sample	2	2-SRR5935803	s3client	sdk
20261008-064058-4a8f57c-d64a-n16-r5	5	c100	sample	2	2-SRR5935803	rank	5
20261008-064058-4a8f57c-d64a-n16-r5	5	c100	sample	2	2-SRR5935803	role	home
20261008-064058-4a8f57c-d64a-n16-r5	5	c100	sample	2	2-SRR5935803	inflight	1
20261008-064058-4a8f57c-d64a-n16-r5	5	c100	sample	2	2-SRR5935803	threads	16
20261008-064058-4a8f57c-d64a-n16-r5	5	c100	sample	2	2-SRR5935803	start_s	246.321027
20261008-064058-4a8f57c-d64a-n16-r5	5	c100	sample	2	2-SRR5935803	wall_s	18.956544
20261008-064058-4a8f57c-d64a-n16-r5	5	c100	sample	2	2-SRR5935803	setup_s	0.000060
20261008-064058-4a8f57c-d64a-n16-r5	5	c100	sample	2	2-SRR5935803	classify_s	18.569664
20261008-064058-4a8f57c-d64a-n16-r5	5	c100	sample	2	2-SRR5935803	close_s	0.244091
20261008-064058-4a8f57c-d64a-n16-r5	5	c100	sample	2	2-SRR5935803	report_s	0.133621
20261008-064058-4a8f57c-d64a-n16-r5	5	c100	sample	2	2-SRR5935803	status	0
20261008-064058-4a8f57c-d64a-n16-r5	5	c100	sample	2	2-SRR5935803	sequences	18392491
20261008-064058-4a8f57c-d64a-n16-r5	5	c100	sample	2	2-SRR5935803	bases	3418705365
20261008-064058-4a8f57c-d64a-n16-r5	5	c100	sample	2	2-SRR5935803	classified	18064386
20261008-064058-4a8f57c-d64a-n16-r5	5	c100	sample	2	2-SRR5935803	place	lpt
20261008-064058-4a8f57c-d64a-n16-r5	5	c100	sample	2	2-SRR5935803	weight	18392491
20261008-064058-4a8f57c-d64a-n16-r5	5	c100	engine.mem			t_s	270.1
20261008-064058-4a8f57c-d64a-n16-r5	5	c100	engine.mem			rss_kib	79415464
20261008-064058-4a8f57c-d64a-n16-r5	5	c100	engine.mem			hwm_kib	79415464
20261008-064058-4a8f57c-d64a-n16-r5	5	c100	engine.mem			heap_inuse	4178829312
20261008-064058-4a8f57c-d64a-n16-r5	5	c100	engine.mem			sys	7044743416
20261008-064058-4a8f57c-d64a-n16-r5	5	c100	engine.mem			avail_kib	48161172
20261008-064058-4a8f57c-d64a-n16-r5	5	c100	sample	2	2-SRR5935806	mode	parallel
20261008-064058-4a8f57c-d64a-n16-r5	5	c100	sample	2	2-SRR5935806	s3client	sdk
20261008-064058-4a8f57c-d64a-n16-r5	5	c100	sample	2	2-SRR5935806	rank	5
20261008-064058-4a8f57c-d64a-n16-r5	5	c100	sample	2	2-SRR5935806	role	home
20261008-064058-4a8f57c-d64a-n16-r5	5	c100	sample	2	2-SRR5935806	inflight	1
20261008-064058-4a8f57c-d64a-n16-r5	5	c100	sample	2	2-SRR5935806	threads	16
20261008-064058-4a8f57c-d64a-n16-r5	5	c100	sample	2	2-SRR5935806	start_s	265.277597
20261008-064058-4a8f57c-d64a-n16-r5	5	c100	sample	2	2-SRR5935806	wall_s	15.593259
20261008-064058-4a8f57c-d64a-n16-r5	5	c100	sample	2	2-SRR5935806	setup_s	0.000057
20261008-064058-4a8f57c-d64a-n16-r5	5	c100	sample	2	2-SRR5935806	classify_s	15.157689
20261008-064058-4a8f57c-d64a-n16-r5	5	c100	sample	2	2-SRR5935806	close_s	0.270925
20261008-064058-4a8f57c-d64a-n16-r5	5	c100	sample	2	2-SRR5935806	report_s	0.155971
20261008-064058-4a8f57c-d64a-n16-r5	5	c100	sample	2	2-SRR5935806	status	0
20261008-064058-4a8f57c-d64a-n16-r5	5	c100	sample	2	2-SRR5935806	sequences	14472574
20261008-064058-4a8f57c-d64a-n16-r5	5	c100	sample	2	2-SRR5935806	bases	2738529910
20261008-064058-4a8f57c-d64a-n16-r5	5	c100	sample	2	2-SRR5935806	classified	14022498
20261008-064058-4a8f57c-d64a-n16-r5	5	c100	sample	2	2-SRR5935806	place	lpt
20261008-064058-4a8f57c-d64a-n16-r5	5	c100	sample	2	2-SRR5935806	weight	14472574
20261008-064058-4a8f57c-d64a-n16-r5	5	c100	engine.mem			t_s	285.2
20261008-064058-4a8f57c-d64a-n16-r5	5	c100	engine.mem			rss_kib	78157004
20261008-064058-4a8f57c-d64a-n16-r5	5	c100	engine.mem			hwm_kib	79414848
20261008-064058-4a8f57c-d64a-n16-r5	5	c100	engine.mem			heap_inuse	4710400000
20261008-064058-4a8f57c-d64a-n16-r5	5	c100	engine.mem			sys	7111921928
20261008-064058-4a8f57c-d64a-n16-r5	5	c100	engine.mem			avail_kib	49120012
20261008-064058-4a8f57c-d64a-n16-r5	5	c100	sample	2	2-SRR5935742	mode	parallel
20261008-064058-4a8f57c-d64a-n16-r5	5	c100	sample	2	2-SRR5935742	s3client	sdk
20261008-064058-4a8f57c-d64a-n16-r5	5	c100	sample	2	2-SRR5935742	rank	5
20261008-064058-4a8f57c-d64a-n16-r5	5	c100	sample	2	2-SRR5935742	role	home
20261008-064058-4a8f57c-d64a-n16-r5	5	c100	sample	2	2-SRR5935742	inflight	1
20261008-064058-4a8f57c-d64a-n16-r5	5	c100	sample	2	2-SRR5935742	threads	16
20261008-064058-4a8f57c-d64a-n16-r5	5	c100	sample	2	2-SRR5935742	start_s	280.870880
20261008-064058-4a8f57c-d64a-n16-r5	5	c100	sample	2	2-SRR5935742	wall_s	12.886856
20261008-064058-4a8f57c-d64a-n16-r5	5	c100	sample	2	2-SRR5935742	setup_s	0.000080
20261008-064058-4a8f57c-d64a-n16-r5	5	c100	sample	2	2-SRR5935742	classify_s	12.501993
20261008-064058-4a8f57c-d64a-n16-r5	5	c100	sample	2	2-SRR5935742	close_s	0.207221
20261008-064058-4a8f57c-d64a-n16-r5	5	c100	sample	2	2-SRR5935742	report_s	0.167774
20261008-064058-4a8f57c-d64a-n16-r5	5	c100	sample	2	2-SRR5935742	status	0
20261008-064058-4a8f57c-d64a-n16-r5	5	c100	sample	2	2-SRR5935742	sequences	12325847
20261008-064058-4a8f57c-d64a-n16-r5	5	c100	sample	2	2-SRR5935742	bases	2261511731
20261008-064058-4a8f57c-d64a-n16-r5	5	c100	sample	2	2-SRR5935742	classified	11791754
20261008-064058-4a8f57c-d64a-n16-r5	5	c100	sample	2	2-SRR5935742	place	lpt
20261008-064058-4a8f57c-d64a-n16-r5	5	c100	sample	2	2-SRR5935742	weight	12325847
20261008-064058-4a8f57c-d64a-n16-r5	5	c100	engine.mem			t_s	300.2
20261008-064058-4a8f57c-d64a-n16-r5	5	c100	engine.mem			rss_kib	78237472
20261008-064058-4a8f57c-d64a-n16-r5	5	c100	engine.mem			hwm_kib	79414848
20261008-064058-4a8f57c-d64a-n16-r5	5	c100	engine.mem			heap_inuse	4608917504
20261008-064058-4a8f57c-d64a-n16-r5	5	c100	engine.mem			sys	7111921928
20261008-064058-4a8f57c-d64a-n16-r5	5	c100	engine.mem			avail_kib	49256364
20261008-064058-4a8f57c-d64a-n16-r5	5	c100	sample	2	2-SRR5935819	mode	parallel
20261008-064058-4a8f57c-d64a-n16-r5	5	c100	sample	2	2-SRR5935819	s3client	sdk
20261008-064058-4a8f57c-d64a-n16-r5	5	c100	sample	2	2-SRR5935819	rank	5
20261008-064058-4a8f57c-d64a-n16-r5	5	c100	sample	2	2-SRR5935819	role	home
20261008-064058-4a8f57c-d64a-n16-r5	5	c100	sample	2	2-SRR5935819	inflight	1
20261008-064058-4a8f57c-d64a-n16-r5	5	c100	sample	2	2-SRR5935819	threads	16
20261008-064058-4a8f57c-d64a-n16-r5	5	c100	sample	2	2-SRR5935819	start_s	293.757767
20261008-064058-4a8f57c-d64a-n16-r5	5	c100	sample	2	2-SRR5935819	wall_s	11.551289
20261008-064058-4a8f57c-d64a-n16-r5	5	c100	sample	2	2-SRR5935819	setup_s	0.000074
20261008-064058-4a8f57c-d64a-n16-r5	5	c100	sample	2	2-SRR5935819	classify_s	11.191908
20261008-064058-4a8f57c-d64a-n16-r5	5	c100	sample	2	2-SRR5935819	close_s	0.226912
20261008-064058-4a8f57c-d64a-n16-r5	5	c100	sample	2	2-SRR5935819	report_s	0.126677
20261008-064058-4a8f57c-d64a-n16-r5	5	c100	sample	2	2-SRR5935819	status	0
20261008-064058-4a8f57c-d64a-n16-r5	5	c100	sample	2	2-SRR5935819	sequences	10896278
20261008-064058-4a8f57c-d64a-n16-r5	5	c100	sample	2	2-SRR5935819	bases	2024821947
20261008-064058-4a8f57c-d64a-n16-r5	5	c100	sample	2	2-SRR5935819	classified	10712521
20261008-064058-4a8f57c-d64a-n16-r5	5	c100	sample	2	2-SRR5935819	place	lpt
20261008-064058-4a8f57c-d64a-n16-r5	5	c100	sample	2	2-SRR5935819	weight	10896278
20261008-064058-4a8f57c-d64a-n16-r5	5	c100	engine.mem			t_s	315.2
20261008-064058-4a8f57c-d64a-n16-r5	5	c100	engine.mem			rss_kib	78734024
20261008-064058-4a8f57c-d64a-n16-r5	5	c100	engine.mem			hwm_kib	79414848
20261008-064058-4a8f57c-d64a-n16-r5	5	c100	engine.mem			heap_inuse	5319491584
20261008-064058-4a8f57c-d64a-n16-r5	5	c100	engine.mem			sys	7111921928
20261008-064058-4a8f57c-d64a-n16-r5	5	c100	engine.mem			avail_kib	48641460
20261008-064058-4a8f57c-d64a-n16-r5	5	c100	sample	2	2-SRR5935812	mode	parallel
20261008-064058-4a8f57c-d64a-n16-r5	5	c100	sample	2	2-SRR5935812	s3client	sdk
20261008-064058-4a8f57c-d64a-n16-r5	5	c100	sample	2	2-SRR5935812	rank	5
20261008-064058-4a8f57c-d64a-n16-r5	5	c100	sample	2	2-SRR5935812	role	home
20261008-064058-4a8f57c-d64a-n16-r5	5	c100	sample	2	2-SRR5935812	inflight	1
20261008-064058-4a8f57c-d64a-n16-r5	5	c100	sample	2	2-SRR5935812	threads	16
20261008-064058-4a8f57c-d64a-n16-r5	5	c100	sample	2	2-SRR5935812	start_s	305.309081
20261008-064058-4a8f57c-d64a-n16-r5	5	c100	sample	2	2-SRR5935812	wall_s	9.866972
20261008-064058-4a8f57c-d64a-n16-r5	5	c100	sample	2	2-SRR5935812	setup_s	0.000064
20261008-064058-4a8f57c-d64a-n16-r5	5	c100	sample	2	2-SRR5935812	classify_s	9.479424
20261008-064058-4a8f57c-d64a-n16-r5	5	c100	sample	2	2-SRR5935812	close_s	0.227812
20261008-064058-4a8f57c-d64a-n16-r5	5	c100	sample	2	2-SRR5935812	report_s	0.152960
20261008-064058-4a8f57c-d64a-n16-r5	5	c100	sample	2	2-SRR5935812	status	0
20261008-064058-4a8f57c-d64a-n16-r5	5	c100	sample	2	2-SRR5935812	sequences	9108174
20261008-064058-4a8f57c-d64a-n16-r5	5	c100	sample	2	2-SRR5935812	bases	1698332428
20261008-064058-4a8f57c-d64a-n16-r5	5	c100	sample	2	2-SRR5935812	classified	8923230
20261008-064058-4a8f57c-d64a-n16-r5	5	c100	sample	2	2-SRR5935812	place	lpt
20261008-064058-4a8f57c-d64a-n16-r5	5	c100	sample	2	2-SRR5935812	weight	9108174
20261008-064058-4a8f57c-d64a-n16-r5	5	c100	sample	2	2-SRR5935763	mode	parallel
20261008-064058-4a8f57c-d64a-n16-r5	5	c100	sample	2	2-SRR5935763	s3client	sdk
20261008-064058-4a8f57c-d64a-n16-r5	5	c100	sample	2	2-SRR5935763	rank	5
20261008-064058-4a8f57c-d64a-n16-r5	5	c100	sample	2	2-SRR5935763	role	home
20261008-064058-4a8f57c-d64a-n16-r5	5	c100	sample	2	2-SRR5935763	inflight	1
20261008-064058-4a8f57c-d64a-n16-r5	5	c100	sample	2	2-SRR5935763	threads	16
20261008-064058-4a8f57c-d64a-n16-r5	5	c100	sample	2	2-SRR5935763	start_s	315.176094
20261008-064058-4a8f57c-d64a-n16-r5	5	c100	sample	2	2-SRR5935763	wall_s	5.946843
20261008-064058-4a8f57c-d64a-n16-r5	5	c100	sample	2	2-SRR5935763	setup_s	0.000070
20261008-064058-4a8f57c-d64a-n16-r5	5	c100	sample	2	2-SRR5935763	classify_s	5.597291
20261008-064058-4a8f57c-d64a-n16-r5	5	c100	sample	2	2-SRR5935763	close_s	0.211168
20261008-064058-4a8f57c-d64a-n16-r5	5	c100	sample	2	2-SRR5935763	report_s	0.133948
20261008-064058-4a8f57c-d64a-n16-r5	5	c100	sample	2	2-SRR5935763	status	0
20261008-064058-4a8f57c-d64a-n16-r5	5	c100	sample	2	2-SRR5935763	sequences	5174437
20261008-064058-4a8f57c-d64a-n16-r5	5	c100	sample	2	2-SRR5935763	bases	978777662
20261008-064058-4a8f57c-d64a-n16-r5	5	c100	sample	2	2-SRR5935763	classified	5104140
20261008-064058-4a8f57c-d64a-n16-r5	5	c100	sample	2	2-SRR5935763	place	lpt
20261008-064058-4a8f57c-d64a-n16-r5	5	c100	sample	2	2-SRR5935763	weight	5174437
20261008-064058-4a8f57c-d64a-n16-r5	5	c100	phase			batch-barrier-2	5.488705
20261008-064058-4a8f57c-d64a-n16-r5	5	c100	phase			batch-barrier-2.start_s	321.122959
20261008-064058-4a8f57c-d64a-n16-r5	5	c100	engine.mem			t_s	330.2
20261008-064058-4a8f57c-d64a-n16-r5	5	c100	engine.mem			rss_kib	75745448
20261008-064058-4a8f57c-d64a-n16-r5	5	c100	engine.mem			hwm_kib	79414848
20261008-064058-4a8f57c-d64a-n16-r5	5	c100	engine.mem			heap_inuse	1840078848
20261008-064058-4a8f57c-d64a-n16-r5	5	c100	engine.mem			sys	7111987464
20261008-064058-4a8f57c-d64a-n16-r5	5	c100	engine.mem			avail_kib	51888468
20261008-064058-4a8f57c-d64a-n16-r5	5	c100	phase			barrier	0.382535
20261008-064058-4a8f57c-d64a-n16-r5	5	c100	phase			barrier.start_s	333.322982
20261008-064058-4a8f57c-d64a-n16-r5	5	c100	sample	3	3-SRR5935740	mode	striped
20261008-064058-4a8f57c-d64a-n16-r5	5	c100	sample	3	3-SRR5935740	s3client	sdk
20261008-064058-4a8f57c-d64a-n16-r5	5	c100	sample	3	3-SRR5935740	rank	5
20261008-064058-4a8f57c-d64a-n16-r5	5	c100	sample	3	3-SRR5935740	role	peer
20261008-064058-4a8f57c-d64a-n16-r5	5	c100	sample	3	3-SRR5935740	inflight	1
20261008-064058-4a8f57c-d64a-n16-r5	5	c100	sample	3	3-SRR5935740	threads	16
20261008-064058-4a8f57c-d64a-n16-r5	5	c100	sample	3	3-SRR5935740	start_s	327.731856
20261008-064058-4a8f57c-d64a-n16-r5	5	c100	sample	3	3-SRR5935740	wall_s	5.973702
20261008-064058-4a8f57c-d64a-n16-r5	5	c100	sample	3	3-SRR5935740	setup_s	0.000054
20261008-064058-4a8f57c-d64a-n16-r5	5	c100	sample	3	3-SRR5935740	classify_s	5.586917
20261008-064058-4a8f57c-d64a-n16-r5	5	c100	sample	3	3-SRR5935740	close_s	0.000000
20261008-064058-4a8f57c-d64a-n16-r5	5	c100	sample	3	3-SRR5935740	report_s	0.000000
20261008-064058-4a8f57c-d64a-n16-r5	5	c100	sample	3	3-SRR5935740	status	0
20261008-064058-4a8f57c-d64a-n16-r5	5	c100	sample	3	3-SRR5935740	sequences	0
20261008-064058-4a8f57c-d64a-n16-r5	5	c100	sample	3	3-SRR5935740	bases	0
20261008-064058-4a8f57c-d64a-n16-r5	5	c100	sample	3	3-SRR5935740	classified	0
20261008-064058-4a8f57c-d64a-n16-r5	5	c100	sample	3	3-SRR5935740	place	-
20261008-064058-4a8f57c-d64a-n16-r5	5	c100	sample	3	3-SRR5935740	weight	-
20261008-064058-4a8f57c-d64a-n16-r5	5	c100	phase			batch-barrier-3	0.493787
20261008-064058-4a8f57c-d64a-n16-r5	5	c100	phase			batch-barrier-3.start_s	333.705568
20261008-064058-4a8f57c-d64a-n16-r5	5	c100	phase			barrier	0.358693
20261008-064058-4a8f57c-d64a-n16-r5	5	c100	phase			barrier.start_s	340.553729
20261008-064058-4a8f57c-d64a-n16-r5	5	c100	sample	4	4-SRR5935740	mode	striped
20261008-064058-4a8f57c-d64a-n16-r5	5	c100	sample	4	4-SRR5935740	s3client	sdk
20261008-064058-4a8f57c-d64a-n16-r5	5	c100	sample	4	4-SRR5935740	rank	5
20261008-064058-4a8f57c-d64a-n16-r5	5	c100	sample	4	4-SRR5935740	role	peer
20261008-064058-4a8f57c-d64a-n16-r5	5	c100	sample	4	4-SRR5935740	inflight	1
20261008-064058-4a8f57c-d64a-n16-r5	5	c100	sample	4	4-SRR5935740	threads	16
20261008-064058-4a8f57c-d64a-n16-r5	5	c100	sample	4	4-SRR5935740	start_s	334.968404
20261008-064058-4a8f57c-d64a-n16-r5	5	c100	sample	4	4-SRR5935740	wall_s	5.944069
20261008-064058-4a8f57c-d64a-n16-r5	5	c100	sample	4	4-SRR5935740	setup_s	0.000052
20261008-064058-4a8f57c-d64a-n16-r5	5	c100	sample	4	4-SRR5935740	classify_s	5.579255
20261008-064058-4a8f57c-d64a-n16-r5	5	c100	sample	4	4-SRR5935740	close_s	0.000000
20261008-064058-4a8f57c-d64a-n16-r5	5	c100	sample	4	4-SRR5935740	report_s	0.000000
20261008-064058-4a8f57c-d64a-n16-r5	5	c100	sample	4	4-SRR5935740	status	0
20261008-064058-4a8f57c-d64a-n16-r5	5	c100	sample	4	4-SRR5935740	sequences	0
20261008-064058-4a8f57c-d64a-n16-r5	5	c100	sample	4	4-SRR5935740	bases	0
20261008-064058-4a8f57c-d64a-n16-r5	5	c100	sample	4	4-SRR5935740	classified	0
20261008-064058-4a8f57c-d64a-n16-r5	5	c100	sample	4	4-SRR5935740	place	-
20261008-064058-4a8f57c-d64a-n16-r5	5	c100	sample	4	4-SRR5935740	weight	-
20261008-064058-4a8f57c-d64a-n16-r5	5	c100	phase			batch-barrier-4	0.545218
20261008-064058-4a8f57c-d64a-n16-r5	5	c100	phase			batch-barrier-4.start_s	340.912485
20261008-064058-4a8f57c-d64a-n16-r5	5	c100	engine.mem			t_s	345.2
20261008-064058-4a8f57c-d64a-n16-r5	5	c100	engine.mem			rss_kib	75725380
20261008-064058-4a8f57c-d64a-n16-r5	5	c100	engine.mem			hwm_kib	79414848
20261008-064058-4a8f57c-d64a-n16-r5	5	c100	engine.mem			heap_inuse	2151104512
20261008-064058-4a8f57c-d64a-n16-r5	5	c100	engine.mem			sys	7111987464
20261008-064058-4a8f57c-d64a-n16-r5	5	c100	engine.mem			avail_kib	51152320
20261008-064058-4a8f57c-d64a-n16-r5	5	c100	phase			barrier	0.208110
20261008-064058-4a8f57c-d64a-n16-r5	5	c100	phase			barrier.start_s	347.770103
20261008-064058-4a8f57c-d64a-n16-r5	5	c100	sample	5	5-SRR5935740	mode	striped
20261008-064058-4a8f57c-d64a-n16-r5	5	c100	sample	5	5-SRR5935740	s3client	sdk
20261008-064058-4a8f57c-d64a-n16-r5	5	c100	sample	5	5-SRR5935740	rank	5
20261008-064058-4a8f57c-d64a-n16-r5	5	c100	sample	5	5-SRR5935740	role	peer
20261008-064058-4a8f57c-d64a-n16-r5	5	c100	sample	5	5-SRR5935740	inflight	1
20261008-064058-4a8f57c-d64a-n16-r5	5	c100	sample	5	5-SRR5935740	threads	16
20261008-064058-4a8f57c-d64a-n16-r5	5	c100	sample	5	5-SRR5935740	start_s	342.187345
20261008-064058-4a8f57c-d64a-n16-r5	5	c100	sample	5	5-SRR5935740	wall_s	5.790907
20261008-064058-4a8f57c-d64a-n16-r5	5	c100	sample	5	5-SRR5935740	setup_s	0.000049
20261008-064058-4a8f57c-d64a-n16-r5	5	c100	sample	5	5-SRR5935740	classify_s	5.578637
20261008-064058-4a8f57c-d64a-n16-r5	5	c100	sample	5	5-SRR5935740	close_s	0.000000
20261008-064058-4a8f57c-d64a-n16-r5	5	c100	sample	5	5-SRR5935740	report_s	0.000000
20261008-064058-4a8f57c-d64a-n16-r5	5	c100	sample	5	5-SRR5935740	status	0
20261008-064058-4a8f57c-d64a-n16-r5	5	c100	sample	5	5-SRR5935740	sequences	0
20261008-064058-4a8f57c-d64a-n16-r5	5	c100	sample	5	5-SRR5935740	bases	0
20261008-064058-4a8f57c-d64a-n16-r5	5	c100	sample	5	5-SRR5935740	classified	0
20261008-064058-4a8f57c-d64a-n16-r5	5	c100	sample	5	5-SRR5935740	place	-
20261008-064058-4a8f57c-d64a-n16-r5	5	c100	sample	5	5-SRR5935740	weight	-
20261008-064058-4a8f57c-d64a-n16-r5	5	c100	phase			batch-barrier-5	0.496714
20261008-064058-4a8f57c-d64a-n16-r5	5	c100	phase			batch-barrier-5.start_s	347.978263
20261008-064058-4a8f57c-d64a-n16-r5	5	c100	phase			batch-barrier-6	11.153608
20261008-064058-4a8f57c-d64a-n16-r5	5	c100	phase			batch-barrier-6.start_s	348.474994
20261008-064058-4a8f57c-d64a-n16-r5	5	c100	engine.mem			t_s	360.2
20261008-064058-4a8f57c-d64a-n16-r5	5	c100	engine.mem			rss_kib	76412232
20261008-064058-4a8f57c-d64a-n16-r5	5	c100	engine.mem			hwm_kib	79414848
20261008-064058-4a8f57c-d64a-n16-r5	5	c100	engine.mem			heap_inuse	3682140160
20261008-064058-4a8f57c-d64a-n16-r5	5	c100	engine.mem			sys	7111987464
20261008-064058-4a8f57c-d64a-n16-r5	5	c100	engine.mem			avail_kib	51248172
20261008-064058-4a8f57c-d64a-n16-r5	5	c100	phase			batch-barrier-7	9.182261
20261008-064058-4a8f57c-d64a-n16-r5	5	c100	phase			batch-barrier-7.start_s	359.628621
20261008-064058-4a8f57c-d64a-n16-r5	5	c100	engine.mem			t_s	375.2
20261008-064058-4a8f57c-d64a-n16-r5	5	c100	engine.mem			rss_kib	76412236
20261008-064058-4a8f57c-d64a-n16-r5	5	c100	engine.mem			hwm_kib	79414848
20261008-064058-4a8f57c-d64a-n16-r5	5	c100	engine.mem			heap_inuse	3684139008
20261008-064058-4a8f57c-d64a-n16-r5	5	c100	engine.mem			sys	7111987464
20261008-064058-4a8f57c-d64a-n16-r5	5	c100	engine.mem			avail_kib	51391368
20261008-064058-4a8f57c-d64a-n16-r5	5	c100	phase			batch-barrier-8	10.250161
20261008-064058-4a8f57c-d64a-n16-r5	5	c100	phase			batch-barrier-8.start_s	368.810903
20261008-064058-4a8f57c-d64a-n16-r5	5	c100	engine.shard			index	0
20261008-064058-4a8f57c-d64a-n16-r5	5	c100	engine.shard			n	16
20261008-064058-4a8f57c-d64a-n16-r5	5	c100	engine.shard			lo	92897786856
20261008-064058-4a8f57c-d64a-n16-r5	5	c100	engine.shard			hi	111477344228
20261008-064058-4a8f57c-d64a-n16-r5	5	c100	engine.shard			tail	302
20261008-064058-4a8f57c-d64a-n16-r5	5	c100	engine.shard			full	false
20261008-064058-4a8f57c-d64a-n16-r5	5	c100	engine.shard			empty_at	18579557371
20261008-064058-4a8f57c-d64a-n16-r5	5	c100	engine.shard			keys	8481868707
20261008-064058-4a8f57c-d64a-n16-r5	5	c100	engine.shard			batches	89910
20261008-064058-4a8f57c-d64a-n16-r5	5	c100	engine.shard			probe_s	218.848926
20261008-064058-4a8f57c-d64a-n16-r5	5	c100	engine.shard			tail_probes	0
20261008-064058-4a8f57c-d64a-n16-r5	5	c100	engine.shard			wrap_probes	0
20261008-064058-4a8f57c-d64a-n16-r5	5	c100	engine.mem			t_s	379.1
20261008-064058-4a8f57c-d64a-n16-r5	5	c100	engine.mem			rss_kib	76412236
20261008-064058-4a8f57c-d64a-n16-r5	5	c100	engine.mem			hwm_kib	79414848
20261008-064058-4a8f57c-d64a-n16-r5	5	c100	engine.mem			heap_inuse	3684499456
20261008-064058-4a8f57c-d64a-n16-r5	5	c100	engine.mem			sys	7111987464
20261008-064058-4a8f57c-d64a-n16-r5	5	c100	engine.mem			avail_kib	51372940
20261008-064058-4a8f57c-d64a-n16-r5	5	c100	engine.rendezvous			puts	13
20261008-064058-4a8f57c-d64a-n16-r5	5	c100	engine.rendezvous			gets	926
20261008-064058-4a8f57c-d64a-n16-r5	5	c100	engine.s3			client	sdk
20261008-064058-4a8f57c-d64a-n16-r5	5	c100	engine.s3			put	31
20261008-064058-4a8f57c-d64a-n16-r5	5	c100	engine.s3			get	926
20261008-064058-4a8f57c-d64a-n16-r5	5	c100	engine.s3			create_multipart	18
20261008-064058-4a8f57c-d64a-n16-r5	5	c100	engine.s3			upload_part	1954
20261008-064058-4a8f57c-d64a-n16-r5	5	c100	engine.s3			complete_multipart	18
20261008-064058-4a8f57c-d64a-n16-r5	5	c100	engine.s3			abort_multipart	0
20261008-064058-4a8f57c-d64a-n16-r5	5	c100	engine.s3			part_bytes	16316237306
20261008-064058-4a8f57c-d64a-n16-r5	5	c100	engine.s3			client	cli
20261008-064058-4a8f57c-d64a-n16-r5	5	c100	engine.s3			put	0
20261008-064058-4a8f57c-d64a-n16-r5	5	c100	engine.s3			get	0
20261008-064058-4a8f57c-d64a-n16-r5	5	c100	engine.s3			create_multipart	0
20261008-064058-4a8f57c-d64a-n16-r5	5	c100	engine.s3			upload_part	0
20261008-064058-4a8f57c-d64a-n16-r5	5	c100	engine.s3			complete_multipart	0
20261008-064058-4a8f57c-d64a-n16-r5	5	c100	engine.s3			abort_multipart	0
20261008-064058-4a8f57c-d64a-n16-r5	5	c100	engine.s3			part_bytes	0
20261008-064058-4a8f57c-d64a-n16-r5	5	c100	engine.load			seconds	42.142210
20261008-064058-4a8f57c-d64a-n16-r5	5	c100	engine.load			requests	1126
20261008-064058-4a8f57c-d64a-n16-r5	5	c100	engine.load			retries	0
20261008-064058-4a8f57c-d64a-n16-r5	5	c100	engine.load			bytes	74318296296
20261008-064058-4a8f57c-d64a-n16-r5	5	c100	engine.route			transport	nodes
20261008-064058-4a8f57c-d64a-n16-r5	5	c100	engine.route			calls	5023
20261008-064058-4a8f57c-d64a-n16-r5	5	c100	engine.route			keys	7604277505
20261008-064058-4a8f57c-d64a-n16-r5	5	c100	engine.route			batches	80368
20261008-064058-4a8f57c-d64a-n16-r5	5	c100	engine.route			route_s	92.447733
20261008-064058-4a8f57c-d64a-n16-r5	5	c100	engine.route			wait_s	300.592115
20261008-064058-4a8f57c-d64a-n16-r5	5	c100	engine.route			gather_s	16.664759
20261008-064058-4a8f57c-d64a-n16-r5	5	c100	engine.worker			scan_s	686.884440
20261008-064058-4a8f57c-d64a-n16-r5	5	c100	engine.worker			lookup_s	409.713758
20261008-064058-4a8f57c-d64a-n16-r5	5	c100	engine.worker			classify_s	603.377421
20261008-064058-4a8f57c-d64a-n16-r5	5	c100	phase			total	379.202484
20261008-064058-4a8f57c-d64a-n16-r5	5	c100	phase			total.start_s	0.000001
20261008-064058-4a8f57c-d64a-n16-r6	6	c100	phase			taxo	0.095291
20261008-064058-4a8f57c-d64a-n16-r6	6	c100	phase			taxo.start_s	0.002855
20261008-064058-4a8f57c-d64a-n16-r6	6	c100	engine.mem			t_s	15.0
20261008-064058-4a8f57c-d64a-n16-r6	6	c100	engine.mem			rss_kib	27051856
20261008-064058-4a8f57c-d64a-n16-r6	6	c100	engine.mem			hwm_kib	27053904
20261008-064058-4a8f57c-d64a-n16-r6	6	c100	engine.mem			heap_inuse	394592256
20261008-064058-4a8f57c-d64a-n16-r6	6	c100	engine.mem			sys	409737576
20261008-064058-4a8f57c-d64a-n16-r6	6	c100	engine.mem			avail_kib	100375652
20261008-064058-4a8f57c-d64a-n16-r6	6	c100	engine.mem			t_s	30.0
20261008-064058-4a8f57c-d64a-n16-r6	6	c100	engine.mem			rss_kib	54255568
20261008-064058-4a8f57c-d64a-n16-r6	6	c100	engine.mem			hwm_kib	54255572
20261008-064058-4a8f57c-d64a-n16-r6	6	c100	engine.mem			heap_inuse	396828672
20261008-064058-4a8f57c-d64a-n16-r6	6	c100	engine.mem			sys	409737576
20261008-064058-4a8f57c-d64a-n16-r6	6	c100	engine.mem			avail_kib	73180512
20261008-064058-4a8f57c-d64a-n16-r6	6	c100	phase			shard-load-6	40.530224
20261008-064058-4a8f57c-d64a-n16-r6	6	c100	phase			shard-load-6.start_s	0.170010
20261008-064058-4a8f57c-d64a-n16-r6	6	c100	engine.mem			t_s	45.0
20261008-064058-4a8f57c-d64a-n16-r6	6	c100	engine.mem			rss_kib	72970984
20261008-064058-4a8f57c-d64a-n16-r6	6	c100	engine.mem			hwm_kib	72970988
20261008-064058-4a8f57c-d64a-n16-r6	6	c100	engine.mem			heap_inuse	402014208
20261008-064058-4a8f57c-d64a-n16-r6	6	c100	engine.mem			sys	418453864
20261008-064058-4a8f57c-d64a-n16-r6	6	c100	engine.mem			avail_kib	54560824
20261008-064058-4a8f57c-d64a-n16-r6	6	c100	engine.mem			t_s	60.0
20261008-064058-4a8f57c-d64a-n16-r6	6	c100	engine.mem			rss_kib	72975180
20261008-064058-4a8f57c-d64a-n16-r6	6	c100	engine.mem			hwm_kib	72975184
20261008-064058-4a8f57c-d64a-n16-r6	6	c100	engine.mem			heap_inuse	406781952
20261008-064058-4a8f57c-d64a-n16-r6	6	c100	engine.mem			sys	423172456
20261008-064058-4a8f57c-d64a-n16-r6	6	c100	engine.mem			avail_kib	54794016
20261008-064058-4a8f57c-d64a-n16-r6	6	c100	engine.mem			t_s	75.0
20261008-064058-4a8f57c-d64a-n16-r6	6	c100	engine.mem			rss_kib	72977340
20261008-064058-4a8f57c-d64a-n16-r6	6	c100	engine.mem			hwm_kib	72977344
20261008-064058-4a8f57c-d64a-n16-r6	6	c100	engine.mem			heap_inuse	409116672
20261008-064058-4a8f57c-d64a-n16-r6	6	c100	engine.mem			sys	423172456
20261008-064058-4a8f57c-d64a-n16-r6	6	c100	engine.mem			avail_kib	54817628
20261008-064058-4a8f57c-d64a-n16-r6	6	c100	phase			rendezvous	34.833232
20261008-064058-4a8f57c-d64a-n16-r6	6	c100	phase			rendezvous.start_s	41.275289
20261008-064058-4a8f57c-d64a-n16-r6	6	c100	phase			connect	0.221579
20261008-064058-4a8f57c-d64a-n16-r6	6	c100	phase			connect.start_s	76.108537
20261008-064058-4a8f57c-d64a-n16-r6	6	c100	phase			hash	76.231917
20261008-064058-4a8f57c-d64a-n16-r6	6	c100	phase			hash.start_s	0.098228
20261008-064058-4a8f57c-d64a-n16-r6	6	c100	engine.mem			t_s	90.0
20261008-064058-4a8f57c-d64a-n16-r6	6	c100	engine.mem			rss_kib	78229912
20261008-064058-4a8f57c-d64a-n16-r6	6	c100	engine.mem			hwm_kib	78229912
20261008-064058-4a8f57c-d64a-n16-r6	6	c100	engine.mem			heap_inuse	4345921536
20261008-064058-4a8f57c-d64a-n16-r6	6	c100	engine.mem			sys	5911478136
20261008-064058-4a8f57c-d64a-n16-r6	6	c100	engine.mem			avail_kib	48889740
20261008-064058-4a8f57c-d64a-n16-r6	6	c100	sample	0	0-SRR5935762	mode	parallel
20261008-064058-4a8f57c-d64a-n16-r6	6	c100	sample	0	0-SRR5935762	s3client	sdk
20261008-064058-4a8f57c-d64a-n16-r6	6	c100	sample	0	0-SRR5935762	rank	6
20261008-064058-4a8f57c-d64a-n16-r6	6	c100	sample	0	0-SRR5935762	role	home
20261008-064058-4a8f57c-d64a-n16-r6	6	c100	sample	0	0-SRR5935762	inflight	1
20261008-064058-4a8f57c-d64a-n16-r6	6	c100	sample	0	0-SRR5935762	threads	16
20261008-064058-4a8f57c-d64a-n16-r6	6	c100	sample	0	0-SRR5935762	start_s	76.330188
20261008-064058-4a8f57c-d64a-n16-r6	6	c100	sample	0	0-SRR5935762	wall_s	19.267337
20261008-064058-4a8f57c-d64a-n16-r6	6	c100	sample	0	0-SRR5935762	setup_s	0.000070
20261008-064058-4a8f57c-d64a-n16-r6	6	c100	sample	0	0-SRR5935762	classify_s	18.714235
20261008-064058-4a8f57c-d64a-n16-r6	6	c100	sample	0	0-SRR5935762	close_s	0.213401
20261008-064058-4a8f57c-d64a-n16-r6	6	c100	sample	0	0-SRR5935762	report_s	0.331064
20261008-064058-4a8f57c-d64a-n16-r6	6	c100	sample	0	0-SRR5935762	status	0
20261008-064058-4a8f57c-d64a-n16-r6	6	c100	sample	0	0-SRR5935762	sequences	18129553
20261008-064058-4a8f57c-d64a-n16-r6	6	c100	sample	0	0-SRR5935762	bases	3409028279
20261008-064058-4a8f57c-d64a-n16-r6	6	c100	sample	0	0-SRR5935762	classified	17831449
20261008-064058-4a8f57c-d64a-n16-r6	6	c100	sample	0	0-SRR5935762	place	lpt
20261008-064058-4a8f57c-d64a-n16-r6	6	c100	sample	0	0-SRR5935762	weight	18129553
20261008-064058-4a8f57c-d64a-n16-r6	6	c100	engine.mem			t_s	105.0
20261008-064058-4a8f57c-d64a-n16-r6	6	c100	engine.mem			rss_kib	78719660
20261008-064058-4a8f57c-d64a-n16-r6	6	c100	engine.mem			hwm_kib	78904268
20261008-064058-4a8f57c-d64a-n16-r6	6	c100	engine.mem			heap_inuse	4917657600
20261008-064058-4a8f57c-d64a-n16-r6	6	c100	engine.mem			sys	6604525720
20261008-064058-4a8f57c-d64a-n16-r6	6	c100	engine.mem			avail_kib	48277800
20261008-064058-4a8f57c-d64a-n16-r6	6	c100	sample	0	0-SRR5935838	mode	parallel
20261008-064058-4a8f57c-d64a-n16-r6	6	c100	sample	0	0-SRR5935838	s3client	sdk
20261008-064058-4a8f57c-d64a-n16-r6	6	c100	sample	0	0-SRR5935838	rank	6
20261008-064058-4a8f57c-d64a-n16-r6	6	c100	sample	0	0-SRR5935838	role	home
20261008-064058-4a8f57c-d64a-n16-r6	6	c100	sample	0	0-SRR5935838	inflight	1
20261008-064058-4a8f57c-d64a-n16-r6	6	c100	sample	0	0-SRR5935838	threads	16
20261008-064058-4a8f57c-d64a-n16-r6	6	c100	sample	0	0-SRR5935838	start_s	95.597552
20261008-064058-4a8f57c-d64a-n16-r6	6	c100	sample	0	0-SRR5935838	wall_s	15.253347
20261008-064058-4a8f57c-d64a-n16-r6	6	c100	sample	0	0-SRR5935838	setup_s	0.000070
20261008-064058-4a8f57c-d64a-n16-r6	6	c100	sample	0	0-SRR5935838	classify_s	14.862417
20261008-064058-4a8f57c-d64a-n16-r6	6	c100	sample	0	0-SRR5935838	close_s	0.224812
20261008-064058-4a8f57c-d64a-n16-r6	6	c100	sample	0	0-SRR5935838	report_s	0.158732
20261008-064058-4a8f57c-d64a-n16-r6	6	c100	sample	0	0-SRR5935838	status	0
20261008-064058-4a8f57c-d64a-n16-r6	6	c100	sample	0	0-SRR5935838	sequences	14615323
20261008-064058-4a8f57c-d64a-n16-r6	6	c100	sample	0	0-SRR5935838	bases	2691062094
20261008-064058-4a8f57c-d64a-n16-r6	6	c100	sample	0	0-SRR5935838	classified	14358414
20261008-064058-4a8f57c-d64a-n16-r6	6	c100	sample	0	0-SRR5935838	place	lpt
20261008-064058-4a8f57c-d64a-n16-r6	6	c100	sample	0	0-SRR5935838	weight	14615323
20261008-064058-4a8f57c-d64a-n16-r6	6	c100	engine.mem			t_s	120.0
20261008-064058-4a8f57c-d64a-n16-r6	6	c100	engine.mem			rss_kib	78496424
20261008-064058-4a8f57c-d64a-n16-r6	6	c100	engine.mem			hwm_kib	78904268
20261008-064058-4a8f57c-d64a-n16-r6	6	c100	engine.mem			heap_inuse	4943470592
20261008-064058-4a8f57c-d64a-n16-r6	6	c100	engine.mem			sys	6638235800
20261008-064058-4a8f57c-d64a-n16-r6	6	c100	engine.mem			avail_kib	48682348
20261008-064058-4a8f57c-d64a-n16-r6	6	c100	sample	0	0-SRR5935834	mode	parallel
20261008-064058-4a8f57c-d64a-n16-r6	6	c100	sample	0	0-SRR5935834	s3client	sdk
20261008-064058-4a8f57c-d64a-n16-r6	6	c100	sample	0	0-SRR5935834	rank	6
20261008-064058-4a8f57c-d64a-n16-r6	6	c100	sample	0	0-SRR5935834	role	home
20261008-064058-4a8f57c-d64a-n16-r6	6	c100	sample	0	0-SRR5935834	inflight	1
20261008-064058-4a8f57c-d64a-n16-r6	6	c100	sample	0	0-SRR5935834	threads	16
20261008-064058-4a8f57c-d64a-n16-r6	6	c100	sample	0	0-SRR5935834	start_s	110.850925
20261008-064058-4a8f57c-d64a-n16-r6	6	c100	sample	0	0-SRR5935834	wall_s	13.693801
20261008-064058-4a8f57c-d64a-n16-r6	6	c100	sample	0	0-SRR5935834	setup_s	0.000062
20261008-064058-4a8f57c-d64a-n16-r6	6	c100	sample	0	0-SRR5935834	classify_s	13.320633
20261008-064058-4a8f57c-d64a-n16-r6	6	c100	sample	0	0-SRR5935834	close_s	0.207183
20261008-064058-4a8f57c-d64a-n16-r6	6	c100	sample	0	0-SRR5935834	report_s	0.156444
20261008-064058-4a8f57c-d64a-n16-r6	6	c100	sample	0	0-SRR5935834	status	0
20261008-064058-4a8f57c-d64a-n16-r6	6	c100	sample	0	0-SRR5935834	sequences	12610038
20261008-064058-4a8f57c-d64a-n16-r6	6	c100	sample	0	0-SRR5935834	bases	2321592529
20261008-064058-4a8f57c-d64a-n16-r6	6	c100	sample	0	0-SRR5935834	classified	12099380
20261008-064058-4a8f57c-d64a-n16-r6	6	c100	sample	0	0-SRR5935834	place	lpt
20261008-064058-4a8f57c-d64a-n16-r6	6	c100	sample	0	0-SRR5935834	weight	12610038
20261008-064058-4a8f57c-d64a-n16-r6	6	c100	engine.mem			t_s	135.1
20261008-064058-4a8f57c-d64a-n16-r6	6	c100	engine.mem			rss_kib	78848932
20261008-064058-4a8f57c-d64a-n16-r6	6	c100	engine.mem			hwm_kib	78964964
20261008-064058-4a8f57c-d64a-n16-r6	6	c100	engine.mem			heap_inuse	5679439872
20261008-064058-4a8f57c-d64a-n16-r6	6	c100	engine.mem			sys	6781345992
20261008-064058-4a8f57c-d64a-n16-r6	6	c100	engine.mem			avail_kib	48288016
20261008-064058-4a8f57c-d64a-n16-r6	6	c100	sample	0	0-SRR5935780	mode	parallel
20261008-064058-4a8f57c-d64a-n16-r6	6	c100	sample	0	0-SRR5935780	s3client	sdk
20261008-064058-4a8f57c-d64a-n16-r6	6	c100	sample	0	0-SRR5935780	rank	6
20261008-064058-4a8f57c-d64a-n16-r6	6	c100	sample	0	0-SRR5935780	role	home
20261008-064058-4a8f57c-d64a-n16-r6	6	c100	sample	0	0-SRR5935780	inflight	1
20261008-064058-4a8f57c-d64a-n16-r6	6	c100	sample	0	0-SRR5935780	threads	16
20261008-064058-4a8f57c-d64a-n16-r6	6	c100	sample	0	0-SRR5935780	start_s	124.544752
20261008-064058-4a8f57c-d64a-n16-r6	6	c100	sample	0	0-SRR5935780	wall_s	11.572430
20261008-064058-4a8f57c-d64a-n16-r6	6	c100	sample	0	0-SRR5935780	setup_s	0.000079
20261008-064058-4a8f57c-d64a-n16-r6	6	c100	sample	0	0-SRR5935780	classify_s	11.229167
20261008-064058-4a8f57c-d64a-n16-r6	6	c100	sample	0	0-SRR5935780	close_s	0.202774
20261008-064058-4a8f57c-d64a-n16-r6	6	c100	sample	0	0-SRR5935780	report_s	0.133427
20261008-064058-4a8f57c-d64a-n16-r6	6	c100	sample	0	0-SRR5935780	status	0
20261008-064058-4a8f57c-d64a-n16-r6	6	c100	sample	0	0-SRR5935780	sequences	10716528
20261008-064058-4a8f57c-d64a-n16-r6	6	c100	sample	0	0-SRR5935780	bases	1994960359
20261008-064058-4a8f57c-d64a-n16-r6	6	c100	sample	0	0-SRR5935780	classified	10376259
20261008-064058-4a8f57c-d64a-n16-r6	6	c100	sample	0	0-SRR5935780	place	lpt
20261008-064058-4a8f57c-d64a-n16-r6	6	c100	sample	0	0-SRR5935780	weight	10716528
20261008-064058-4a8f57c-d64a-n16-r6	6	c100	sample	0	0-SRR5935790	mode	parallel
20261008-064058-4a8f57c-d64a-n16-r6	6	c100	sample	0	0-SRR5935790	s3client	sdk
20261008-064058-4a8f57c-d64a-n16-r6	6	c100	sample	0	0-SRR5935790	rank	6
20261008-064058-4a8f57c-d64a-n16-r6	6	c100	sample	0	0-SRR5935790	role	home
20261008-064058-4a8f57c-d64a-n16-r6	6	c100	sample	0	0-SRR5935790	inflight	1
20261008-064058-4a8f57c-d64a-n16-r6	6	c100	sample	0	0-SRR5935790	threads	16
20261008-064058-4a8f57c-d64a-n16-r6	6	c100	sample	0	0-SRR5935790	start_s	136.117211
20261008-064058-4a8f57c-d64a-n16-r6	6	c100	sample	0	0-SRR5935790	wall_s	9.972158
20261008-064058-4a8f57c-d64a-n16-r6	6	c100	sample	0	0-SRR5935790	setup_s	0.000068
20261008-064058-4a8f57c-d64a-n16-r6	6	c100	sample	0	0-SRR5935790	classify_s	9.600641
20261008-064058-4a8f57c-d64a-n16-r6	6	c100	sample	0	0-SRR5935790	close_s	0.212493
20261008-064058-4a8f57c-d64a-n16-r6	6	c100	sample	0	0-SRR5935790	report_s	0.150173
20261008-064058-4a8f57c-d64a-n16-r6	6	c100	sample	0	0-SRR5935790	status	0
20261008-064058-4a8f57c-d64a-n16-r6	6	c100	sample	0	0-SRR5935790	sequences	9202475
20261008-064058-4a8f57c-d64a-n16-r6	6	c100	sample	0	0-SRR5935790	bases	1711991411
20261008-064058-4a8f57c-d64a-n16-r6	6	c100	sample	0	0-SRR5935790	classified	8810259
20261008-064058-4a8f57c-d64a-n16-r6	6	c100	sample	0	0-SRR5935790	place	lpt
20261008-064058-4a8f57c-d64a-n16-r6	6	c100	sample	0	0-SRR5935790	weight	9202475
20261008-064058-4a8f57c-d64a-n16-r6	6	c100	engine.mem			t_s	150.1
20261008-064058-4a8f57c-d64a-n16-r6	6	c100	engine.mem			rss_kib	78514128
20261008-064058-4a8f57c-d64a-n16-r6	6	c100	engine.mem			hwm_kib	79052172
20261008-064058-4a8f57c-d64a-n16-r6	6	c100	engine.mem			heap_inuse	3856064512
20261008-064058-4a8f57c-d64a-n16-r6	6	c100	engine.mem			sys	6849892568
20261008-064058-4a8f57c-d64a-n16-r6	6	c100	engine.mem			avail_kib	48879216
20261008-064058-4a8f57c-d64a-n16-r6	6	c100	sample	0	0-SRR5935776	mode	parallel
20261008-064058-4a8f57c-d64a-n16-r6	6	c100	sample	0	0-SRR5935776	s3client	sdk
20261008-064058-4a8f57c-d64a-n16-r6	6	c100	sample	0	0-SRR5935776	rank	6
20261008-064058-4a8f57c-d64a-n16-r6	6	c100	sample	0	0-SRR5935776	role	home
20261008-064058-4a8f57c-d64a-n16-r6	6	c100	sample	0	0-SRR5935776	inflight	1
20261008-064058-4a8f57c-d64a-n16-r6	6	c100	sample	0	0-SRR5935776	threads	16
20261008-064058-4a8f57c-d64a-n16-r6	6	c100	sample	0	0-SRR5935776	start_s	146.089394
20261008-064058-4a8f57c-d64a-n16-r6	6	c100	sample	0	0-SRR5935776	wall_s	4.142395
20261008-064058-4a8f57c-d64a-n16-r6	6	c100	sample	0	0-SRR5935776	setup_s	0.000075
20261008-064058-4a8f57c-d64a-n16-r6	6	c100	sample	0	0-SRR5935776	classify_s	3.740258
20261008-064058-4a8f57c-d64a-n16-r6	6	c100	sample	0	0-SRR5935776	close_s	0.256266
20261008-064058-4a8f57c-d64a-n16-r6	6	c100	sample	0	0-SRR5935776	report_s	0.141939
20261008-064058-4a8f57c-d64a-n16-r6	6	c100	sample	0	0-SRR5935776	status	0
20261008-064058-4a8f57c-d64a-n16-r6	6	c100	sample	0	0-SRR5935776	sequences	3168882
20261008-064058-4a8f57c-d64a-n16-r6	6	c100	sample	0	0-SRR5935776	bases	592648009
20261008-064058-4a8f57c-d64a-n16-r6	6	c100	sample	0	0-SRR5935776	classified	3127330
20261008-064058-4a8f57c-d64a-n16-r6	6	c100	sample	0	0-SRR5935776	place	lpt
20261008-064058-4a8f57c-d64a-n16-r6	6	c100	sample	0	0-SRR5935776	weight	3168882
20261008-064058-4a8f57c-d64a-n16-r6	6	c100	phase			batch-barrier-0	4.458769
20261008-064058-4a8f57c-d64a-n16-r6	6	c100	phase			batch-barrier-0.start_s	150.231815
20261008-064058-4a8f57c-d64a-n16-r6	6	c100	engine.mem			t_s	165.1
20261008-064058-4a8f57c-d64a-n16-r6	6	c100	engine.mem			rss_kib	78474200
20261008-064058-4a8f57c-d64a-n16-r6	6	c100	engine.mem			hwm_kib	79052172
20261008-064058-4a8f57c-d64a-n16-r6	6	c100	engine.mem			heap_inuse	3391152128
20261008-064058-4a8f57c-d64a-n16-r6	6	c100	engine.mem			sys	6849925336
20261008-064058-4a8f57c-d64a-n16-r6	6	c100	engine.mem			avail_kib	49113468
20261008-064058-4a8f57c-d64a-n16-r6	6	c100	sample	1	1-SRR5935746	mode	parallel
20261008-064058-4a8f57c-d64a-n16-r6	6	c100	sample	1	1-SRR5935746	s3client	sdk
20261008-064058-4a8f57c-d64a-n16-r6	6	c100	sample	1	1-SRR5935746	rank	6
20261008-064058-4a8f57c-d64a-n16-r6	6	c100	sample	1	1-SRR5935746	role	home
20261008-064058-4a8f57c-d64a-n16-r6	6	c100	sample	1	1-SRR5935746	inflight	1
20261008-064058-4a8f57c-d64a-n16-r6	6	c100	sample	1	1-SRR5935746	threads	16
20261008-064058-4a8f57c-d64a-n16-r6	6	c100	sample	1	1-SRR5935746	start_s	154.690609
20261008-064058-4a8f57c-d64a-n16-r6	6	c100	sample	1	1-SRR5935746	wall_s	11.870882
20261008-064058-4a8f57c-d64a-n16-r6	6	c100	sample	1	1-SRR5935746	setup_s	0.000055
20261008-064058-4a8f57c-d64a-n16-r6	6	c100	sample	1	1-SRR5935746	classify_s	11.482319
20261008-064058-4a8f57c-d64a-n16-r6	6	c100	sample	1	1-SRR5935746	close_s	0.203346
20261008-064058-4a8f57c-d64a-n16-r6	6	c100	sample	1	1-SRR5935746	report_s	0.177693
20261008-064058-4a8f57c-d64a-n16-r6	6	c100	sample	1	1-SRR5935746	status	0
20261008-064058-4a8f57c-d64a-n16-r6	6	c100	sample	1	1-SRR5935746	sequences	11012615
20261008-064058-4a8f57c-d64a-n16-r6	6	c100	sample	1	1-SRR5935746	bases	2057953866
20261008-064058-4a8f57c-d64a-n16-r6	6	c100	sample	1	1-SRR5935746	classified	10686469
20261008-064058-4a8f57c-d64a-n16-r6	6	c100	sample	1	1-SRR5935746	place	mod
20261008-064058-4a8f57c-d64a-n16-r6	6	c100	sample	1	1-SRR5935746	weight	11012615
20261008-064058-4a8f57c-d64a-n16-r6	6	c100	engine.mem			t_s	180.1
20261008-064058-4a8f57c-d64a-n16-r6	6	c100	engine.mem			rss_kib	78786272
20261008-064058-4a8f57c-d64a-n16-r6	6	c100	engine.mem			hwm_kib	79052172
20261008-064058-4a8f57c-d64a-n16-r6	6	c100	engine.mem			heap_inuse	4397277184
20261008-064058-4a8f57c-d64a-n16-r6	6	c100	engine.mem			sys	6849958104
20261008-064058-4a8f57c-d64a-n16-r6	6	c100	engine.mem			avail_kib	48476960
20261008-064058-4a8f57c-d64a-n16-r6	6	c100	sample	1	1-SRR5935762	mode	parallel
20261008-064058-4a8f57c-d64a-n16-r6	6	c100	sample	1	1-SRR5935762	s3client	sdk
20261008-064058-4a8f57c-d64a-n16-r6	6	c100	sample	1	1-SRR5935762	rank	6
20261008-064058-4a8f57c-d64a-n16-r6	6	c100	sample	1	1-SRR5935762	role	home
20261008-064058-4a8f57c-d64a-n16-r6	6	c100	sample	1	1-SRR5935762	inflight	1
20261008-064058-4a8f57c-d64a-n16-r6	6	c100	sample	1	1-SRR5935762	threads	16
20261008-064058-4a8f57c-d64a-n16-r6	6	c100	sample	1	1-SRR5935762	start_s	166.561519
20261008-064058-4a8f57c-d64a-n16-r6	6	c100	sample	1	1-SRR5935762	wall_s	19.112127
20261008-064058-4a8f57c-d64a-n16-r6	6	c100	sample	1	1-SRR5935762	setup_s	0.000067
20261008-064058-4a8f57c-d64a-n16-r6	6	c100	sample	1	1-SRR5935762	classify_s	18.650966
20261008-064058-4a8f57c-d64a-n16-r6	6	c100	sample	1	1-SRR5935762	close_s	0.270879
20261008-064058-4a8f57c-d64a-n16-r6	6	c100	sample	1	1-SRR5935762	report_s	0.181723
20261008-064058-4a8f57c-d64a-n16-r6	6	c100	sample	1	1-SRR5935762	status	0
20261008-064058-4a8f57c-d64a-n16-r6	6	c100	sample	1	1-SRR5935762	sequences	18129553
20261008-064058-4a8f57c-d64a-n16-r6	6	c100	sample	1	1-SRR5935762	bases	3409028279
20261008-064058-4a8f57c-d64a-n16-r6	6	c100	sample	1	1-SRR5935762	classified	17831449
20261008-064058-4a8f57c-d64a-n16-r6	6	c100	sample	1	1-SRR5935762	place	mod
20261008-064058-4a8f57c-d64a-n16-r6	6	c100	sample	1	1-SRR5935762	weight	18129553
20261008-064058-4a8f57c-d64a-n16-r6	6	c100	engine.mem			t_s	195.1
20261008-064058-4a8f57c-d64a-n16-r6	6	c100	engine.mem			rss_kib	78887940
20261008-064058-4a8f57c-d64a-n16-r6	6	c100	engine.mem			hwm_kib	79326960
20261008-064058-4a8f57c-d64a-n16-r6	6	c100	engine.mem			heap_inuse	3875356672
20261008-064058-4a8f57c-d64a-n16-r6	6	c100	engine.mem			sys	7056089352
20261008-064058-4a8f57c-d64a-n16-r6	6	c100	engine.mem			avail_kib	48508412
20261008-064058-4a8f57c-d64a-n16-r6	6	c100	sample	1	1-SRR5935778	mode	parallel
20261008-064058-4a8f57c-d64a-n16-r6	6	c100	sample	1	1-SRR5935778	s3client	sdk
20261008-064058-4a8f57c-d64a-n16-r6	6	c100	sample	1	1-SRR5935778	rank	6
20261008-064058-4a8f57c-d64a-n16-r6	6	c100	sample	1	1-SRR5935778	role	home
20261008-064058-4a8f57c-d64a-n16-r6	6	c100	sample	1	1-SRR5935778	inflight	1
20261008-064058-4a8f57c-d64a-n16-r6	6	c100	sample	1	1-SRR5935778	threads	16
20261008-064058-4a8f57c-d64a-n16-r6	6	c100	sample	1	1-SRR5935778	start_s	185.673675
20261008-064058-4a8f57c-d64a-n16-r6	6	c100	sample	1	1-SRR5935778	wall_s	11.354467
20261008-064058-4a8f57c-d64a-n16-r6	6	c100	sample	1	1-SRR5935778	setup_s	0.000070
20261008-064058-4a8f57c-d64a-n16-r6	6	c100	sample	1	1-SRR5935778	classify_s	10.947405
20261008-064058-4a8f57c-d64a-n16-r6	6	c100	sample	1	1-SRR5935778	close_s	0.220777
20261008-064058-4a8f57c-d64a-n16-r6	6	c100	sample	1	1-SRR5935778	report_s	0.174591
20261008-064058-4a8f57c-d64a-n16-r6	6	c100	sample	1	1-SRR5935778	status	0
20261008-064058-4a8f57c-d64a-n16-r6	6	c100	sample	1	1-SRR5935778	sequences	10554303
20261008-064058-4a8f57c-d64a-n16-r6	6	c100	sample	1	1-SRR5935778	bases	1946564732
20261008-064058-4a8f57c-d64a-n16-r6	6	c100	sample	1	1-SRR5935778	classified	10062971
20261008-064058-4a8f57c-d64a-n16-r6	6	c100	sample	1	1-SRR5935778	place	mod
20261008-064058-4a8f57c-d64a-n16-r6	6	c100	sample	1	1-SRR5935778	weight	10554303
20261008-064058-4a8f57c-d64a-n16-r6	6	c100	engine.mem			t_s	210.1
20261008-064058-4a8f57c-d64a-n16-r6	6	c100	engine.mem			rss_kib	78543676
20261008-064058-4a8f57c-d64a-n16-r6	6	c100	engine.mem			hwm_kib	79326960
20261008-064058-4a8f57c-d64a-n16-r6	6	c100	engine.mem			heap_inuse	4279951360
20261008-064058-4a8f57c-d64a-n16-r6	6	c100	engine.mem			sys	7056089352
20261008-064058-4a8f57c-d64a-n16-r6	6	c100	engine.mem			avail_kib	48961668
20261008-064058-4a8f57c-d64a-n16-r6	6	c100	sample	1	1-SRR5935794	mode	parallel
20261008-064058-4a8f57c-d64a-n16-r6	6	c100	sample	1	1-SRR5935794	s3client	sdk
20261008-064058-4a8f57c-d64a-n16-r6	6	c100	sample	1	1-SRR5935794	rank	6
20261008-064058-4a8f57c-d64a-n16-r6	6	c100	sample	1	1-SRR5935794	role	home
20261008-064058-4a8f57c-d64a-n16-r6	6	c100	sample	1	1-SRR5935794	inflight	1
20261008-064058-4a8f57c-d64a-n16-r6	6	c100	sample	1	1-SRR5935794	threads	16
20261008-064058-4a8f57c-d64a-n16-r6	6	c100	sample	1	1-SRR5935794	start_s	197.028168
20261008-064058-4a8f57c-d64a-n16-r6	6	c100	sample	1	1-SRR5935794	wall_s	14.424385
20261008-064058-4a8f57c-d64a-n16-r6	6	c100	sample	1	1-SRR5935794	setup_s	0.000068
20261008-064058-4a8f57c-d64a-n16-r6	6	c100	sample	1	1-SRR5935794	classify_s	14.012207
20261008-064058-4a8f57c-d64a-n16-r6	6	c100	sample	1	1-SRR5935794	close_s	0.281334
20261008-064058-4a8f57c-d64a-n16-r6	6	c100	sample	1	1-SRR5935794	report_s	0.124191
20261008-064058-4a8f57c-d64a-n16-r6	6	c100	sample	1	1-SRR5935794	status	0
20261008-064058-4a8f57c-d64a-n16-r6	6	c100	sample	1	1-SRR5935794	sequences	13404063
20261008-064058-4a8f57c-d64a-n16-r6	6	c100	sample	1	1-SRR5935794	bases	2484447317
20261008-064058-4a8f57c-d64a-n16-r6	6	c100	sample	1	1-SRR5935794	classified	13071600
20261008-064058-4a8f57c-d64a-n16-r6	6	c100	sample	1	1-SRR5935794	place	mod
20261008-064058-4a8f57c-d64a-n16-r6	6	c100	sample	1	1-SRR5935794	weight	13404063
20261008-064058-4a8f57c-d64a-n16-r6	6	c100	engine.mem			t_s	225.2
20261008-064058-4a8f57c-d64a-n16-r6	6	c100	engine.mem			rss_kib	78587456
20261008-064058-4a8f57c-d64a-n16-r6	6	c100	engine.mem			hwm_kib	79326960
20261008-064058-4a8f57c-d64a-n16-r6	6	c100	engine.mem			heap_inuse	5639266304
20261008-064058-4a8f57c-d64a-n16-r6	6	c100	engine.mem			sys	7056417032
20261008-064058-4a8f57c-d64a-n16-r6	6	c100	engine.mem			avail_kib	48903392
20261008-064058-4a8f57c-d64a-n16-r6	6	c100	sample	1	1-SRR5935810	mode	parallel
20261008-064058-4a8f57c-d64a-n16-r6	6	c100	sample	1	1-SRR5935810	s3client	sdk
20261008-064058-4a8f57c-d64a-n16-r6	6	c100	sample	1	1-SRR5935810	rank	6
20261008-064058-4a8f57c-d64a-n16-r6	6	c100	sample	1	1-SRR5935810	role	home
20261008-064058-4a8f57c-d64a-n16-r6	6	c100	sample	1	1-SRR5935810	inflight	1
20261008-064058-4a8f57c-d64a-n16-r6	6	c100	sample	1	1-SRR5935810	threads	16
20261008-064058-4a8f57c-d64a-n16-r6	6	c100	sample	1	1-SRR5935810	start_s	211.452576
20261008-064058-4a8f57c-d64a-n16-r6	6	c100	sample	1	1-SRR5935810	wall_s	15.815174
20261008-064058-4a8f57c-d64a-n16-r6	6	c100	sample	1	1-SRR5935810	setup_s	0.000062
20261008-064058-4a8f57c-d64a-n16-r6	6	c100	sample	1	1-SRR5935810	classify_s	15.399179
20261008-064058-4a8f57c-d64a-n16-r6	6	c100	sample	1	1-SRR5935810	close_s	0.235236
20261008-064058-4a8f57c-d64a-n16-r6	6	c100	sample	1	1-SRR5935810	report_s	0.162022
20261008-064058-4a8f57c-d64a-n16-r6	6	c100	sample	1	1-SRR5935810	status	0
20261008-064058-4a8f57c-d64a-n16-r6	6	c100	sample	1	1-SRR5935810	sequences	15280552
20261008-064058-4a8f57c-d64a-n16-r6	6	c100	sample	1	1-SRR5935810	bases	2858109884
20261008-064058-4a8f57c-d64a-n16-r6	6	c100	sample	1	1-SRR5935810	classified	13785544
20261008-064058-4a8f57c-d64a-n16-r6	6	c100	sample	1	1-SRR5935810	place	mod
20261008-064058-4a8f57c-d64a-n16-r6	6	c100	sample	1	1-SRR5935810	weight	15280552
20261008-064058-4a8f57c-d64a-n16-r6	6	c100	sample	1	1-SRR5935826	mode	parallel
20261008-064058-4a8f57c-d64a-n16-r6	6	c100	sample	1	1-SRR5935826	s3client	sdk
20261008-064058-4a8f57c-d64a-n16-r6	6	c100	sample	1	1-SRR5935826	rank	6
20261008-064058-4a8f57c-d64a-n16-r6	6	c100	sample	1	1-SRR5935826	role	home
20261008-064058-4a8f57c-d64a-n16-r6	6	c100	sample	1	1-SRR5935826	inflight	1
20261008-064058-4a8f57c-d64a-n16-r6	6	c100	sample	1	1-SRR5935826	threads	16
20261008-064058-4a8f57c-d64a-n16-r6	6	c100	sample	1	1-SRR5935826	start_s	227.267779
20261008-064058-4a8f57c-d64a-n16-r6	6	c100	sample	1	1-SRR5935826	wall_s	8.905792
20261008-064058-4a8f57c-d64a-n16-r6	6	c100	sample	1	1-SRR5935826	setup_s	0.000065
20261008-064058-4a8f57c-d64a-n16-r6	6	c100	sample	1	1-SRR5935826	classify_s	8.532718
20261008-064058-4a8f57c-d64a-n16-r6	6	c100	sample	1	1-SRR5935826	close_s	0.233330
20261008-064058-4a8f57c-d64a-n16-r6	6	c100	sample	1	1-SRR5935826	report_s	0.134508
20261008-064058-4a8f57c-d64a-n16-r6	6	c100	sample	1	1-SRR5935826	status	0
20261008-064058-4a8f57c-d64a-n16-r6	6	c100	sample	1	1-SRR5935826	sequences	8766123
20261008-064058-4a8f57c-d64a-n16-r6	6	c100	sample	1	1-SRR5935826	bases	1609927653
20261008-064058-4a8f57c-d64a-n16-r6	6	c100	sample	1	1-SRR5935826	classified	8639469
20261008-064058-4a8f57c-d64a-n16-r6	6	c100	sample	1	1-SRR5935826	place	mod
20261008-064058-4a8f57c-d64a-n16-r6	6	c100	sample	1	1-SRR5935826	weight	8766123
20261008-064058-4a8f57c-d64a-n16-r6	6	c100	engine.mem			t_s	240.2
20261008-064058-4a8f57c-d64a-n16-r6	6	c100	engine.mem			rss_kib	78596704
20261008-064058-4a8f57c-d64a-n16-r6	6	c100	engine.mem			hwm_kib	79326960
20261008-064058-4a8f57c-d64a-n16-r6	6	c100	engine.mem			heap_inuse	3195633664
20261008-064058-4a8f57c-d64a-n16-r6	6	c100	engine.mem			sys	7056384264
20261008-064058-4a8f57c-d64a-n16-r6	6	c100	engine.mem			avail_kib	48854580
20261008-064058-4a8f57c-d64a-n16-r6	6	c100	phase			batch-barrier-1	8.374425
20261008-064058-4a8f57c-d64a-n16-r6	6	c100	phase			batch-barrier-1.start_s	236.173594
20261008-064058-4a8f57c-d64a-n16-r6	6	c100	engine.mem			t_s	255.2
20261008-064058-4a8f57c-d64a-n16-r6	6	c100	engine.mem			rss_kib	78696660
20261008-064058-4a8f57c-d64a-n16-r6	6	c100	engine.mem			hwm_kib	79326960
20261008-064058-4a8f57c-d64a-n16-r6	6	c100	engine.mem			heap_inuse	5223866368
20261008-064058-4a8f57c-d64a-n16-r6	6	c100	engine.mem			sys	7059464456
20261008-064058-4a8f57c-d64a-n16-r6	6	c100	engine.mem			avail_kib	48787608
20261008-064058-4a8f57c-d64a-n16-r6	6	c100	sample	2	2-SRR5935762	mode	parallel
20261008-064058-4a8f57c-d64a-n16-r6	6	c100	sample	2	2-SRR5935762	s3client	sdk
20261008-064058-4a8f57c-d64a-n16-r6	6	c100	sample	2	2-SRR5935762	rank	6
20261008-064058-4a8f57c-d64a-n16-r6	6	c100	sample	2	2-SRR5935762	role	home
20261008-064058-4a8f57c-d64a-n16-r6	6	c100	sample	2	2-SRR5935762	inflight	1
20261008-064058-4a8f57c-d64a-n16-r6	6	c100	sample	2	2-SRR5935762	threads	16
20261008-064058-4a8f57c-d64a-n16-r6	6	c100	sample	2	2-SRR5935762	start_s	244.548064
20261008-064058-4a8f57c-d64a-n16-r6	6	c100	sample	2	2-SRR5935762	wall_s	19.109221
20261008-064058-4a8f57c-d64a-n16-r6	6	c100	sample	2	2-SRR5935762	setup_s	0.000052
20261008-064058-4a8f57c-d64a-n16-r6	6	c100	sample	2	2-SRR5935762	classify_s	18.719275
20261008-064058-4a8f57c-d64a-n16-r6	6	c100	sample	2	2-SRR5935762	close_s	0.246975
20261008-064058-4a8f57c-d64a-n16-r6	6	c100	sample	2	2-SRR5935762	report_s	0.133735
20261008-064058-4a8f57c-d64a-n16-r6	6	c100	sample	2	2-SRR5935762	status	0
20261008-064058-4a8f57c-d64a-n16-r6	6	c100	sample	2	2-SRR5935762	sequences	18129553
20261008-064058-4a8f57c-d64a-n16-r6	6	c100	sample	2	2-SRR5935762	bases	3409028279
20261008-064058-4a8f57c-d64a-n16-r6	6	c100	sample	2	2-SRR5935762	classified	17831449
20261008-064058-4a8f57c-d64a-n16-r6	6	c100	sample	2	2-SRR5935762	place	lpt
20261008-064058-4a8f57c-d64a-n16-r6	6	c100	sample	2	2-SRR5935762	weight	18129553
20261008-064058-4a8f57c-d64a-n16-r6	6	c100	engine.mem			t_s	270.2
20261008-064058-4a8f57c-d64a-n16-r6	6	c100	engine.mem			rss_kib	78413068
20261008-064058-4a8f57c-d64a-n16-r6	6	c100	engine.mem			hwm_kib	79326960
20261008-064058-4a8f57c-d64a-n16-r6	6	c100	engine.mem			heap_inuse	4657717248
20261008-064058-4a8f57c-d64a-n16-r6	6	c100	engine.mem			sys	7059464456
20261008-064058-4a8f57c-d64a-n16-r6	6	c100	engine.mem			avail_kib	48922248
20261008-064058-4a8f57c-d64a-n16-r6	6	c100	sample	2	2-SRR5935838	mode	parallel
20261008-064058-4a8f57c-d64a-n16-r6	6	c100	sample	2	2-SRR5935838	s3client	sdk
20261008-064058-4a8f57c-d64a-n16-r6	6	c100	sample	2	2-SRR5935838	rank	6
20261008-064058-4a8f57c-d64a-n16-r6	6	c100	sample	2	2-SRR5935838	role	home
20261008-064058-4a8f57c-d64a-n16-r6	6	c100	sample	2	2-SRR5935838	inflight	1
20261008-064058-4a8f57c-d64a-n16-r6	6	c100	sample	2	2-SRR5935838	threads	16
20261008-064058-4a8f57c-d64a-n16-r6	6	c100	sample	2	2-SRR5935838	start_s	263.657313
20261008-064058-4a8f57c-d64a-n16-r6	6	c100	sample	2	2-SRR5935838	wall_s	15.323841
20261008-064058-4a8f57c-d64a-n16-r6	6	c100	sample	2	2-SRR5935838	setup_s	0.000065
20261008-064058-4a8f57c-d64a-n16-r6	6	c100	sample	2	2-SRR5935838	classify_s	14.926742
20261008-064058-4a8f57c-d64a-n16-r6	6	c100	sample	2	2-SRR5935838	close_s	0.232387
20261008-064058-4a8f57c-d64a-n16-r6	6	c100	sample	2	2-SRR5935838	report_s	0.157251
20261008-064058-4a8f57c-d64a-n16-r6	6	c100	sample	2	2-SRR5935838	status	0
20261008-064058-4a8f57c-d64a-n16-r6	6	c100	sample	2	2-SRR5935838	sequences	14615323
20261008-064058-4a8f57c-d64a-n16-r6	6	c100	sample	2	2-SRR5935838	bases	2691062094
20261008-064058-4a8f57c-d64a-n16-r6	6	c100	sample	2	2-SRR5935838	classified	14358414
20261008-064058-4a8f57c-d64a-n16-r6	6	c100	sample	2	2-SRR5935838	place	lpt
20261008-064058-4a8f57c-d64a-n16-r6	6	c100	sample	2	2-SRR5935838	weight	14615323
20261008-064058-4a8f57c-d64a-n16-r6	6	c100	engine.mem			t_s	285.2
20261008-064058-4a8f57c-d64a-n16-r6	6	c100	engine.mem			rss_kib	78374652
20261008-064058-4a8f57c-d64a-n16-r6	6	c100	engine.mem			hwm_kib	79326960
20261008-064058-4a8f57c-d64a-n16-r6	6	c100	engine.mem			heap_inuse	5280964608
20261008-064058-4a8f57c-d64a-n16-r6	6	c100	engine.mem			sys	7059529992
20261008-064058-4a8f57c-d64a-n16-r6	6	c100	engine.mem			avail_kib	49141264
20261008-064058-4a8f57c-d64a-n16-r6	6	c100	sample	2	2-SRR5935834	mode	parallel
20261008-064058-4a8f57c-d64a-n16-r6	6	c100	sample	2	2-SRR5935834	s3client	sdk
20261008-064058-4a8f57c-d64a-n16-r6	6	c100	sample	2	2-SRR5935834	rank	6
20261008-064058-4a8f57c-d64a-n16-r6	6	c100	sample	2	2-SRR5935834	role	home
20261008-064058-4a8f57c-d64a-n16-r6	6	c100	sample	2	2-SRR5935834	inflight	1
20261008-064058-4a8f57c-d64a-n16-r6	6	c100	sample	2	2-SRR5935834	threads	16
20261008-064058-4a8f57c-d64a-n16-r6	6	c100	sample	2	2-SRR5935834	start_s	278.981182
20261008-064058-4a8f57c-d64a-n16-r6	6	c100	sample	2	2-SRR5935834	wall_s	13.530922
20261008-064058-4a8f57c-d64a-n16-r6	6	c100	sample	2	2-SRR5935834	setup_s	0.000059
20261008-064058-4a8f57c-d64a-n16-r6	6	c100	sample	2	2-SRR5935834	classify_s	13.096703
20261008-064058-4a8f57c-d64a-n16-r6	6	c100	sample	2	2-SRR5935834	close_s	0.251037
20261008-064058-4a8f57c-d64a-n16-r6	6	c100	sample	2	2-SRR5935834	report_s	0.173268
20261008-064058-4a8f57c-d64a-n16-r6	6	c100	sample	2	2-SRR5935834	status	0
20261008-064058-4a8f57c-d64a-n16-r6	6	c100	sample	2	2-SRR5935834	sequences	12610038
20261008-064058-4a8f57c-d64a-n16-r6	6	c100	sample	2	2-SRR5935834	bases	2321592529
20261008-064058-4a8f57c-d64a-n16-r6	6	c100	sample	2	2-SRR5935834	classified	12099380
20261008-064058-4a8f57c-d64a-n16-r6	6	c100	sample	2	2-SRR5935834	place	lpt
20261008-064058-4a8f57c-d64a-n16-r6	6	c100	sample	2	2-SRR5935834	weight	12610038
20261008-064058-4a8f57c-d64a-n16-r6	6	c100	engine.mem			t_s	300.2
20261008-064058-4a8f57c-d64a-n16-r6	6	c100	engine.mem			rss_kib	78585712
20261008-064058-4a8f57c-d64a-n16-r6	6	c100	engine.mem			hwm_kib	79326960
20261008-064058-4a8f57c-d64a-n16-r6	6	c100	engine.mem			heap_inuse	4593082368
20261008-064058-4a8f57c-d64a-n16-r6	6	c100	engine.mem			sys	7059529992
20261008-064058-4a8f57c-d64a-n16-r6	6	c100	engine.mem			avail_kib	48757484
20261008-064058-4a8f57c-d64a-n16-r6	6	c100	sample	2	2-SRR5935780	mode	parallel
20261008-064058-4a8f57c-d64a-n16-r6	6	c100	sample	2	2-SRR5935780	s3client	sdk
20261008-064058-4a8f57c-d64a-n16-r6	6	c100	sample	2	2-SRR5935780	rank	6
20261008-064058-4a8f57c-d64a-n16-r6	6	c100	sample	2	2-SRR5935780	role	home
20261008-064058-4a8f57c-d64a-n16-r6	6	c100	sample	2	2-SRR5935780	inflight	1
20261008-064058-4a8f57c-d64a-n16-r6	6	c100	sample	2	2-SRR5935780	threads	16
20261008-064058-4a8f57c-d64a-n16-r6	6	c100	sample	2	2-SRR5935780	start_s	292.512131
20261008-064058-4a8f57c-d64a-n16-r6	6	c100	sample	2	2-SRR5935780	wall_s	11.652073
20261008-064058-4a8f57c-d64a-n16-r6	6	c100	sample	2	2-SRR5935780	setup_s	0.000062
20261008-064058-4a8f57c-d64a-n16-r6	6	c100	sample	2	2-SRR5935780	classify_s	11.124656
20261008-064058-4a8f57c-d64a-n16-r6	6	c100	sample	2	2-SRR5935780	close_s	0.287534
20261008-064058-4a8f57c-d64a-n16-r6	6	c100	sample	2	2-SRR5935780	report_s	0.233091
20261008-064058-4a8f57c-d64a-n16-r6	6	c100	sample	2	2-SRR5935780	status	0
20261008-064058-4a8f57c-d64a-n16-r6	6	c100	sample	2	2-SRR5935780	sequences	10716528
20261008-064058-4a8f57c-d64a-n16-r6	6	c100	sample	2	2-SRR5935780	bases	1994960359
20261008-064058-4a8f57c-d64a-n16-r6	6	c100	sample	2	2-SRR5935780	classified	10376259
20261008-064058-4a8f57c-d64a-n16-r6	6	c100	sample	2	2-SRR5935780	place	lpt
20261008-064058-4a8f57c-d64a-n16-r6	6	c100	sample	2	2-SRR5935780	weight	10716528
20261008-064058-4a8f57c-d64a-n16-r6	6	c100	sample	2	2-SRR5935790	mode	parallel
20261008-064058-4a8f57c-d64a-n16-r6	6	c100	sample	2	2-SRR5935790	s3client	sdk
20261008-064058-4a8f57c-d64a-n16-r6	6	c100	sample	2	2-SRR5935790	rank	6
20261008-064058-4a8f57c-d64a-n16-r6	6	c100	sample	2	2-SRR5935790	role	home
20261008-064058-4a8f57c-d64a-n16-r6	6	c100	sample	2	2-SRR5935790	inflight	1
20261008-064058-4a8f57c-d64a-n16-r6	6	c100	sample	2	2-SRR5935790	threads	16
20261008-064058-4a8f57c-d64a-n16-r6	6	c100	sample	2	2-SRR5935790	start_s	304.164245
20261008-064058-4a8f57c-d64a-n16-r6	6	c100	sample	2	2-SRR5935790	wall_s	9.992482
20261008-064058-4a8f57c-d64a-n16-r6	6	c100	sample	2	2-SRR5935790	setup_s	0.000079
20261008-064058-4a8f57c-d64a-n16-r6	6	c100	sample	2	2-SRR5935790	classify_s	9.592495
20261008-064058-4a8f57c-d64a-n16-r6	6	c100	sample	2	2-SRR5935790	close_s	0.202002
20261008-064058-4a8f57c-d64a-n16-r6	6	c100	sample	2	2-SRR5935790	report_s	0.189352
20261008-064058-4a8f57c-d64a-n16-r6	6	c100	sample	2	2-SRR5935790	status	0
20261008-064058-4a8f57c-d64a-n16-r6	6	c100	sample	2	2-SRR5935790	sequences	9202475
20261008-064058-4a8f57c-d64a-n16-r6	6	c100	sample	2	2-SRR5935790	bases	1711991411
20261008-064058-4a8f57c-d64a-n16-r6	6	c100	sample	2	2-SRR5935790	classified	8810259
20261008-064058-4a8f57c-d64a-n16-r6	6	c100	sample	2	2-SRR5935790	place	lpt
20261008-064058-4a8f57c-d64a-n16-r6	6	c100	sample	2	2-SRR5935790	weight	9202475
20261008-064058-4a8f57c-d64a-n16-r6	6	c100	engine.mem			t_s	315.2
20261008-064058-4a8f57c-d64a-n16-r6	6	c100	engine.mem			rss_kib	77999816
20261008-064058-4a8f57c-d64a-n16-r6	6	c100	engine.mem			hwm_kib	79326960
20261008-064058-4a8f57c-d64a-n16-r6	6	c100	engine.mem			heap_inuse	4219674624
20261008-064058-4a8f57c-d64a-n16-r6	6	c100	engine.mem			sys	7059529992
20261008-064058-4a8f57c-d64a-n16-r6	6	c100	engine.mem			avail_kib	49326608
20261008-064058-4a8f57c-d64a-n16-r6	6	c100	sample	2	2-SRR5935776	mode	parallel
20261008-064058-4a8f57c-d64a-n16-r6	6	c100	sample	2	2-SRR5935776	s3client	sdk
20261008-064058-4a8f57c-d64a-n16-r6	6	c100	sample	2	2-SRR5935776	rank	6
20261008-064058-4a8f57c-d64a-n16-r6	6	c100	sample	2	2-SRR5935776	role	home
20261008-064058-4a8f57c-d64a-n16-r6	6	c100	sample	2	2-SRR5935776	inflight	1
20261008-064058-4a8f57c-d64a-n16-r6	6	c100	sample	2	2-SRR5935776	threads	16
20261008-064058-4a8f57c-d64a-n16-r6	6	c100	sample	2	2-SRR5935776	start_s	314.156753
20261008-064058-4a8f57c-d64a-n16-r6	6	c100	sample	2	2-SRR5935776	wall_s	3.987495
20261008-064058-4a8f57c-d64a-n16-r6	6	c100	sample	2	2-SRR5935776	setup_s	0.000064
20261008-064058-4a8f57c-d64a-n16-r6	6	c100	sample	2	2-SRR5935776	classify_s	3.608713
20261008-064058-4a8f57c-d64a-n16-r6	6	c100	sample	2	2-SRR5935776	close_s	0.202066
20261008-064058-4a8f57c-d64a-n16-r6	6	c100	sample	2	2-SRR5935776	report_s	0.172916
20261008-064058-4a8f57c-d64a-n16-r6	6	c100	sample	2	2-SRR5935776	status	0
20261008-064058-4a8f57c-d64a-n16-r6	6	c100	sample	2	2-SRR5935776	sequences	3168882
20261008-064058-4a8f57c-d64a-n16-r6	6	c100	sample	2	2-SRR5935776	bases	592648009
20261008-064058-4a8f57c-d64a-n16-r6	6	c100	sample	2	2-SRR5935776	classified	3127330
20261008-064058-4a8f57c-d64a-n16-r6	6	c100	sample	2	2-SRR5935776	place	lpt
20261008-064058-4a8f57c-d64a-n16-r6	6	c100	sample	2	2-SRR5935776	weight	3168882
20261008-064058-4a8f57c-d64a-n16-r6	6	c100	phase			batch-barrier-2	6.931971
20261008-064058-4a8f57c-d64a-n16-r6	6	c100	phase			batch-barrier-2.start_s	318.144274
20261008-064058-4a8f57c-d64a-n16-r6	6	c100	engine.mem			t_s	330.2
20261008-064058-4a8f57c-d64a-n16-r6	6	c100	engine.mem			rss_kib	76264896
20261008-064058-4a8f57c-d64a-n16-r6	6	c100	engine.mem			hwm_kib	79326960
20261008-064058-4a8f57c-d64a-n16-r6	6	c100	engine.mem			heap_inuse	3193217024
20261008-064058-4a8f57c-d64a-n16-r6	6	c100	engine.mem			sys	7059529992
20261008-064058-4a8f57c-d64a-n16-r6	6	c100	engine.mem			avail_kib	51362060
20261008-064058-4a8f57c-d64a-n16-r6	6	c100	phase			barrier	0.380436
20261008-064058-4a8f57c-d64a-n16-r6	6	c100	phase			barrier.start_s	331.720251
20261008-064058-4a8f57c-d64a-n16-r6	6	c100	sample	3	3-SRR5935740	mode	striped
20261008-064058-4a8f57c-d64a-n16-r6	6	c100	sample	3	3-SRR5935740	s3client	sdk
20261008-064058-4a8f57c-d64a-n16-r6	6	c100	sample	3	3-SRR5935740	rank	6
20261008-064058-4a8f57c-d64a-n16-r6	6	c100	sample	3	3-SRR5935740	role	peer
20261008-064058-4a8f57c-d64a-n16-r6	6	c100	sample	3	3-SRR5935740	inflight	1
20261008-064058-4a8f57c-d64a-n16-r6	6	c100	sample	3	3-SRR5935740	threads	16
20261008-064058-4a8f57c-d64a-n16-r6	6	c100	sample	3	3-SRR5935740	start_s	326.127083
20261008-064058-4a8f57c-d64a-n16-r6	6	c100	sample	3	3-SRR5935740	wall_s	5.973643
20261008-064058-4a8f57c-d64a-n16-r6	6	c100	sample	3	3-SRR5935740	setup_s	0.000053
20261008-064058-4a8f57c-d64a-n16-r6	6	c100	sample	3	3-SRR5935740	classify_s	5.589002
20261008-064058-4a8f57c-d64a-n16-r6	6	c100	sample	3	3-SRR5935740	close_s	0.000000
20261008-064058-4a8f57c-d64a-n16-r6	6	c100	sample	3	3-SRR5935740	report_s	0.000000
20261008-064058-4a8f57c-d64a-n16-r6	6	c100	sample	3	3-SRR5935740	status	0
20261008-064058-4a8f57c-d64a-n16-r6	6	c100	sample	3	3-SRR5935740	sequences	0
20261008-064058-4a8f57c-d64a-n16-r6	6	c100	sample	3	3-SRR5935740	bases	0
20261008-064058-4a8f57c-d64a-n16-r6	6	c100	sample	3	3-SRR5935740	classified	0
20261008-064058-4a8f57c-d64a-n16-r6	6	c100	sample	3	3-SRR5935740	place	-
20261008-064058-4a8f57c-d64a-n16-r6	6	c100	sample	3	3-SRR5935740	weight	-
20261008-064058-4a8f57c-d64a-n16-r6	6	c100	phase			batch-barrier-3	0.527849
20261008-064058-4a8f57c-d64a-n16-r6	6	c100	phase			batch-barrier-3.start_s	332.100735
20261008-064058-4a8f57c-d64a-n16-r6	6	c100	phase			barrier	0.338203
20261008-064058-4a8f57c-d64a-n16-r6	6	c100	phase			barrier.start_s	338.969387
20261008-064058-4a8f57c-d64a-n16-r6	6	c100	sample	4	4-SRR5935740	mode	striped
20261008-064058-4a8f57c-d64a-n16-r6	6	c100	sample	4	4-SRR5935740	s3client	sdk
20261008-064058-4a8f57c-d64a-n16-r6	6	c100	sample	4	4-SRR5935740	rank	6
20261008-064058-4a8f57c-d64a-n16-r6	6	c100	sample	4	4-SRR5935740	role	peer
20261008-064058-4a8f57c-d64a-n16-r6	6	c100	sample	4	4-SRR5935740	inflight	1
20261008-064058-4a8f57c-d64a-n16-r6	6	c100	sample	4	4-SRR5935740	threads	16
20261008-064058-4a8f57c-d64a-n16-r6	6	c100	sample	4	4-SRR5935740	start_s	333.364103
20261008-064058-4a8f57c-d64a-n16-r6	6	c100	sample	4	4-SRR5935740	wall_s	5.943535
20261008-064058-4a8f57c-d64a-n16-r6	6	c100	sample	4	4-SRR5935740	setup_s	0.000055
20261008-064058-4a8f57c-d64a-n16-r6	6	c100	sample	4	4-SRR5935740	classify_s	5.601189
20261008-064058-4a8f57c-d64a-n16-r6	6	c100	sample	4	4-SRR5935740	close_s	0.000000
20261008-064058-4a8f57c-d64a-n16-r6	6	c100	sample	4	4-SRR5935740	report_s	0.000000
20261008-064058-4a8f57c-d64a-n16-r6	6	c100	sample	4	4-SRR5935740	status	0
20261008-064058-4a8f57c-d64a-n16-r6	6	c100	sample	4	4-SRR5935740	sequences	0
20261008-064058-4a8f57c-d64a-n16-r6	6	c100	sample	4	4-SRR5935740	bases	0
20261008-064058-4a8f57c-d64a-n16-r6	6	c100	sample	4	4-SRR5935740	classified	0
20261008-064058-4a8f57c-d64a-n16-r6	6	c100	sample	4	4-SRR5935740	place	-
20261008-064058-4a8f57c-d64a-n16-r6	6	c100	sample	4	4-SRR5935740	weight	-
20261008-064058-4a8f57c-d64a-n16-r6	6	c100	phase			batch-barrier-4	0.574120
20261008-064058-4a8f57c-d64a-n16-r6	6	c100	phase			batch-barrier-4.start_s	339.307648
20261008-064058-4a8f57c-d64a-n16-r6	6	c100	engine.mem			t_s	345.2
20261008-064058-4a8f57c-d64a-n16-r6	6	c100	engine.mem			rss_kib	76021084
20261008-064058-4a8f57c-d64a-n16-r6	6	c100	engine.mem			hwm_kib	79326960
20261008-064058-4a8f57c-d64a-n16-r6	6	c100	engine.mem			heap_inuse	2577661952
20261008-064058-4a8f57c-d64a-n16-r6	6	c100	engine.mem			sys	7059529992
20261008-064058-4a8f57c-d64a-n16-r6	6	c100	engine.mem			avail_kib	51319752
20261008-064058-4a8f57c-d64a-n16-r6	6	c100	phase			barrier	0.194608
20261008-064058-4a8f57c-d64a-n16-r6	6	c100	phase			barrier.start_s	346.178785
20261008-064058-4a8f57c-d64a-n16-r6	6	c100	sample	5	5-SRR5935740	mode	striped
20261008-064058-4a8f57c-d64a-n16-r6	6	c100	sample	5	5-SRR5935740	s3client	sdk
20261008-064058-4a8f57c-d64a-n16-r6	6	c100	sample	5	5-SRR5935740	rank	6
20261008-064058-4a8f57c-d64a-n16-r6	6	c100	sample	5	5-SRR5935740	role	peer
20261008-064058-4a8f57c-d64a-n16-r6	6	c100	sample	5	5-SRR5935740	inflight	1
20261008-064058-4a8f57c-d64a-n16-r6	6	c100	sample	5	5-SRR5935740	threads	16
20261008-064058-4a8f57c-d64a-n16-r6	6	c100	sample	5	5-SRR5935740	start_s	340.582684
20261008-064058-4a8f57c-d64a-n16-r6	6	c100	sample	5	5-SRR5935740	wall_s	5.790758
20261008-064058-4a8f57c-d64a-n16-r6	6	c100	sample	5	5-SRR5935740	setup_s	0.000055
20261008-064058-4a8f57c-d64a-n16-r6	6	c100	sample	5	5-SRR5935740	classify_s	5.591713
20261008-064058-4a8f57c-d64a-n16-r6	6	c100	sample	5	5-SRR5935740	close_s	0.000000
20261008-064058-4a8f57c-d64a-n16-r6	6	c100	sample	5	5-SRR5935740	report_s	0.000000
20261008-064058-4a8f57c-d64a-n16-r6	6	c100	sample	5	5-SRR5935740	status	0
20261008-064058-4a8f57c-d64a-n16-r6	6	c100	sample	5	5-SRR5935740	sequences	0
20261008-064058-4a8f57c-d64a-n16-r6	6	c100	sample	5	5-SRR5935740	bases	0
20261008-064058-4a8f57c-d64a-n16-r6	6	c100	sample	5	5-SRR5935740	classified	0
20261008-064058-4a8f57c-d64a-n16-r6	6	c100	sample	5	5-SRR5935740	place	-
20261008-064058-4a8f57c-d64a-n16-r6	6	c100	sample	5	5-SRR5935740	weight	-
20261008-064058-4a8f57c-d64a-n16-r6	6	c100	phase			batch-barrier-5	0.520919
20261008-064058-4a8f57c-d64a-n16-r6	6	c100	phase			batch-barrier-5.start_s	346.373455
20261008-064058-4a8f57c-d64a-n16-r6	6	c100	phase			batch-barrier-6	11.146552
20261008-064058-4a8f57c-d64a-n16-r6	6	c100	phase			batch-barrier-6.start_s	346.894394
20261008-064058-4a8f57c-d64a-n16-r6	6	c100	engine.mem			t_s	360.2
20261008-064058-4a8f57c-d64a-n16-r6	6	c100	engine.mem			rss_kib	76609904
20261008-064058-4a8f57c-d64a-n16-r6	6	c100	engine.mem			hwm_kib	79326960
20261008-064058-4a8f57c-d64a-n16-r6	6	c100	engine.mem			heap_inuse	2812723200
20261008-064058-4a8f57c-d64a-n16-r6	6	c100	engine.mem			sys	7059529992
20261008-064058-4a8f57c-d64a-n16-r6	6	c100	engine.mem			avail_kib	51041180
20261008-064058-4a8f57c-d64a-n16-r6	6	c100	phase			batch-barrier-7	10.120602
20261008-064058-4a8f57c-d64a-n16-r6	6	c100	phase			batch-barrier-7.start_s	358.040969
20261008-064058-4a8f57c-d64a-n16-r6	6	c100	engine.mem			t_s	375.2
20261008-064058-4a8f57c-d64a-n16-r6	6	c100	engine.mem			rss_kib	76609940
20261008-064058-4a8f57c-d64a-n16-r6	6	c100	engine.mem			hwm_kib	79326960
20261008-064058-4a8f57c-d64a-n16-r6	6	c100	engine.mem			heap_inuse	2814361600
20261008-064058-4a8f57c-d64a-n16-r6	6	c100	engine.mem			sys	7059792136
20261008-064058-4a8f57c-d64a-n16-r6	6	c100	engine.mem			avail_kib	51197672
20261008-064058-4a8f57c-d64a-n16-r6	6	c100	phase			batch-barrier-8	9.106574
20261008-064058-4a8f57c-d64a-n16-r6	6	c100	phase			batch-barrier-8.start_s	368.161592
20261008-064058-4a8f57c-d64a-n16-r6	6	c100	engine.shard			index	0
20261008-064058-4a8f57c-d64a-n16-r6	6	c100	engine.shard			n	16
20261008-064058-4a8f57c-d64a-n16-r6	6	c100	engine.shard			lo	111477344228
20261008-064058-4a8f57c-d64a-n16-r6	6	c100	engine.shard			hi	130056901599
20261008-064058-4a8f57c-d64a-n16-r6	6	c100	engine.shard			tail	302
20261008-064058-4a8f57c-d64a-n16-r6	6	c100	engine.shard			full	false
20261008-064058-4a8f57c-d64a-n16-r6	6	c100	engine.shard			empty_at	18579557370
20261008-064058-4a8f57c-d64a-n16-r6	6	c100	engine.shard			keys	8468165301
20261008-064058-4a8f57c-d64a-n16-r6	6	c100	engine.shard			batches	89910
20261008-064058-4a8f57c-d64a-n16-r6	6	c100	engine.shard			probe_s	224.056678
20261008-064058-4a8f57c-d64a-n16-r6	6	c100	engine.shard			tail_probes	0
20261008-064058-4a8f57c-d64a-n16-r6	6	c100	engine.shard			wrap_probes	0
20261008-064058-4a8f57c-d64a-n16-r6	6	c100	engine.mem			t_s	377.3
20261008-064058-4a8f57c-d64a-n16-r6	6	c100	engine.mem			rss_kib	76609940
20261008-064058-4a8f57c-d64a-n16-r6	6	c100	engine.mem			hwm_kib	79326960
20261008-064058-4a8f57c-d64a-n16-r6	6	c100	engine.mem			heap_inuse	2814459904
20261008-064058-4a8f57c-d64a-n16-r6	6	c100	engine.mem			sys	7059792136
20261008-064058-4a8f57c-d64a-n16-r6	6	c100	engine.mem			avail_kib	51182136
20261008-064058-4a8f57c-d64a-n16-r6	6	c100	engine.rendezvous			puts	13
20261008-064058-4a8f57c-d64a-n16-r6	6	c100	engine.rendezvous			gets	631
20261008-064058-4a8f57c-d64a-n16-r6	6	c100	engine.s3			client	sdk
20261008-064058-4a8f57c-d64a-n16-r6	6	c100	engine.s3			put	31
20261008-064058-4a8f57c-d64a-n16-r6	6	c100	engine.s3			get	631
20261008-064058-4a8f57c-d64a-n16-r6	6	c100	engine.s3			create_multipart	18
20261008-064058-4a8f57c-d64a-n16-r6	6	c100	engine.s3			upload_part	2218
20261008-064058-4a8f57c-d64a-n16-r6	6	c100	engine.s3			complete_multipart	18
20261008-064058-4a8f57c-d64a-n16-r6	6	c100	engine.s3			abort_multipart	0
20261008-064058-4a8f57c-d64a-n16-r6	6	c100	engine.s3			part_bytes	18519412405
20261008-064058-4a8f57c-d64a-n16-r6	6	c100	engine.s3			client	cli
20261008-064058-4a8f57c-d64a-n16-r6	6	c100	engine.s3			put	0
20261008-064058-4a8f57c-d64a-n16-r6	6	c100	engine.s3			get	0
20261008-064058-4a8f57c-d64a-n16-r6	6	c100	engine.s3			create_multipart	0
20261008-064058-4a8f57c-d64a-n16-r6	6	c100	engine.s3			upload_part	0
20261008-064058-4a8f57c-d64a-n16-r6	6	c100	engine.s3			complete_multipart	0
20261008-064058-4a8f57c-d64a-n16-r6	6	c100	engine.s3			abort_multipart	0
20261008-064058-4a8f57c-d64a-n16-r6	6	c100	engine.s3			part_bytes	0
20261008-064058-4a8f57c-d64a-n16-r6	6	c100	engine.load			seconds	40.530220
20261008-064058-4a8f57c-d64a-n16-r6	6	c100	engine.load			requests	1126
20261008-064058-4a8f57c-d64a-n16-r6	6	c100	engine.load			retries	0
20261008-064058-4a8f57c-d64a-n16-r6	6	c100	engine.load			bytes	74318296292
20261008-064058-4a8f57c-d64a-n16-r6	6	c100	engine.route			transport	nodes
20261008-064058-4a8f57c-d64a-n16-r6	6	c100	engine.route			calls	5695
20261008-064058-4a8f57c-d64a-n16-r6	6	c100	engine.route			keys	8622128948
20261008-064058-4a8f57c-d64a-n16-r6	6	c100	engine.route			batches	91120
20261008-064058-4a8f57c-d64a-n16-r6	6	c100	engine.route			route_s	102.772224
20261008-064058-4a8f57c-d64a-n16-r6	6	c100	engine.route			wait_s	331.995192
20261008-064058-4a8f57c-d64a-n16-r6	6	c100	engine.route			gather_s	19.834424
20261008-064058-4a8f57c-d64a-n16-r6	6	c100	engine.worker			scan_s	766.058540
20261008-064058-4a8f57c-d64a-n16-r6	6	c100	engine.worker			lookup_s	454.606845
20261008-064058-4a8f57c-d64a-n16-r6	6	c100	engine.worker			classify_s	690.657473
20261008-064058-4a8f57c-d64a-n16-r6	6	c100	phase			total	377.408323
20261008-064058-4a8f57c-d64a-n16-r6	6	c100	phase			total.start_s	0.000001
20261008-064058-4a8f57c-d64a-n16-r7	7	c100	phase			taxo	0.095145
20261008-064058-4a8f57c-d64a-n16-r7	7	c100	phase			taxo.start_s	0.002898
20261008-064058-4a8f57c-d64a-n16-r7	7	c100	engine.mem			t_s	15.0
20261008-064058-4a8f57c-d64a-n16-r7	7	c100	engine.mem			rss_kib	26270260
20261008-064058-4a8f57c-d64a-n16-r7	7	c100	engine.mem			hwm_kib	26270264
20261008-064058-4a8f57c-d64a-n16-r7	7	c100	engine.mem			heap_inuse	395509760
20261008-064058-4a8f57c-d64a-n16-r7	7	c100	engine.mem			sys	409983336
20261008-064058-4a8f57c-d64a-n16-r7	7	c100	engine.mem			avail_kib	101282368
20261008-064058-4a8f57c-d64a-n16-r7	7	c100	engine.mem			t_s	30.0
20261008-064058-4a8f57c-d64a-n16-r7	7	c100	engine.mem			rss_kib	52703568
20261008-064058-4a8f57c-d64a-n16-r7	7	c100	engine.mem			hwm_kib	52703568
20261008-064058-4a8f57c-d64a-n16-r7	7	c100	engine.mem			heap_inuse	397680640
20261008-064058-4a8f57c-d64a-n16-r7	7	c100	engine.mem			sys	409983336
20261008-064058-4a8f57c-d64a-n16-r7	7	c100	engine.mem			avail_kib	74763228
20261008-064058-4a8f57c-d64a-n16-r7	7	c100	phase			shard-load-7	42.159146
20261008-064058-4a8f57c-d64a-n16-r7	7	c100	phase			shard-load-7.start_s	0.180642
20261008-064058-4a8f57c-d64a-n16-r7	7	c100	engine.mem			t_s	45.0
20261008-064058-4a8f57c-d64a-n16-r7	7	c100	engine.mem			rss_kib	72970628
20261008-064058-4a8f57c-d64a-n16-r7	7	c100	engine.mem			hwm_kib	72970632
20261008-064058-4a8f57c-d64a-n16-r7	7	c100	engine.mem			heap_inuse	402030592
20261008-064058-4a8f57c-d64a-n16-r7	7	c100	engine.mem			sys	418437480
20261008-064058-4a8f57c-d64a-n16-r7	7	c100	engine.mem			avail_kib	54588436
20261008-064058-4a8f57c-d64a-n16-r7	7	c100	engine.mem			t_s	60.0
20261008-064058-4a8f57c-d64a-n16-r7	7	c100	engine.mem			rss_kib	72975020
20261008-064058-4a8f57c-d64a-n16-r7	7	c100	engine.mem			hwm_kib	72975024
20261008-064058-4a8f57c-d64a-n16-r7	7	c100	engine.mem			heap_inuse	406872064
20261008-064058-4a8f57c-d64a-n16-r7	7	c100	engine.mem			sys	422631784
20261008-064058-4a8f57c-d64a-n16-r7	7	c100	engine.mem			avail_kib	54853500
20261008-064058-4a8f57c-d64a-n16-r7	7	c100	engine.mem			t_s	75.0
20261008-064058-4a8f57c-d64a-n16-r7	7	c100	engine.mem			rss_kib	72977476
20261008-064058-4a8f57c-d64a-n16-r7	7	c100	engine.mem			hwm_kib	72977480
20261008-064058-4a8f57c-d64a-n16-r7	7	c100	engine.mem			heap_inuse	409509888
20261008-064058-4a8f57c-d64a-n16-r7	7	c100	engine.mem			sys	422893928
20261008-064058-4a8f57c-d64a-n16-r7	7	c100	engine.mem			avail_kib	54875908
20261008-064058-4a8f57c-d64a-n16-r7	7	c100	phase			rendezvous	33.114973
20261008-064058-4a8f57c-d64a-n16-r7	7	c100	phase			rendezvous.start_s	42.844936
20261008-064058-4a8f57c-d64a-n16-r7	7	c100	phase			connect	0.090963
20261008-064058-4a8f57c-d64a-n16-r7	7	c100	phase			connect.start_s	75.959923
20261008-064058-4a8f57c-d64a-n16-r7	7	c100	phase			hash	75.952831
20261008-064058-4a8f57c-d64a-n16-r7	7	c100	phase			hash.start_s	0.098070
20261008-064058-4a8f57c-d64a-n16-r7	7	c100	engine.mem			t_s	90.0
20261008-064058-4a8f57c-d64a-n16-r7	7	c100	engine.mem			rss_kib	78337348
20261008-064058-4a8f57c-d64a-n16-r7	7	c100	engine.mem			hwm_kib	78337348
20261008-064058-4a8f57c-d64a-n16-r7	7	c100	engine.mem			heap_inuse	3085950976
20261008-064058-4a8f57c-d64a-n16-r7	7	c100	engine.mem			sys	6004027288
20261008-064058-4a8f57c-d64a-n16-r7	7	c100	engine.mem			avail_kib	48842284
20261008-064058-4a8f57c-d64a-n16-r7	7	c100	sample	0	0-SRR5935813	mode	parallel
20261008-064058-4a8f57c-d64a-n16-r7	7	c100	sample	0	0-SRR5935813	s3client	sdk
20261008-064058-4a8f57c-d64a-n16-r7	7	c100	sample	0	0-SRR5935813	rank	7
20261008-064058-4a8f57c-d64a-n16-r7	7	c100	sample	0	0-SRR5935813	role	home
20261008-064058-4a8f57c-d64a-n16-r7	7	c100	sample	0	0-SRR5935813	inflight	1
20261008-064058-4a8f57c-d64a-n16-r7	7	c100	sample	0	0-SRR5935813	threads	16
20261008-064058-4a8f57c-d64a-n16-r7	7	c100	sample	0	0-SRR5935813	start_s	76.050933
20261008-064058-4a8f57c-d64a-n16-r7	7	c100	sample	0	0-SRR5935813	wall_s	17.307700
20261008-064058-4a8f57c-d64a-n16-r7	7	c100	sample	0	0-SRR5935813	setup_s	0.000048
20261008-064058-4a8f57c-d64a-n16-r7	7	c100	sample	0	0-SRR5935813	classify_s	16.902666
20261008-064058-4a8f57c-d64a-n16-r7	7	c100	sample	0	0-SRR5935813	close_s	0.255563
20261008-064058-4a8f57c-d64a-n16-r7	7	c100	sample	0	0-SRR5935813	report_s	0.135528
20261008-064058-4a8f57c-d64a-n16-r7	7	c100	sample	0	0-SRR5935813	status	0
20261008-064058-4a8f57c-d64a-n16-r7	7	c100	sample	0	0-SRR5935813	sequences	16980616
20261008-064058-4a8f57c-d64a-n16-r7	7	c100	sample	0	0-SRR5935813	bases	3155638888
20261008-064058-4a8f57c-d64a-n16-r7	7	c100	sample	0	0-SRR5935813	classified	16106690
20261008-064058-4a8f57c-d64a-n16-r7	7	c100	sample	0	0-SRR5935813	place	lpt
20261008-064058-4a8f57c-d64a-n16-r7	7	c100	sample	0	0-SRR5935813	weight	16980616
20261008-064058-4a8f57c-d64a-n16-r7	7	c100	engine.mem			t_s	105.0
20261008-064058-4a8f57c-d64a-n16-r7	7	c100	engine.mem			rss_kib	79159268
20261008-064058-4a8f57c-d64a-n16-r7	7	c100	engine.mem			hwm_kib	79159432
20261008-064058-4a8f57c-d64a-n16-r7	7	c100	engine.mem			heap_inuse	5764997120
20261008-064058-4a8f57c-d64a-n16-r7	7	c100	engine.mem			sys	7084523800
20261008-064058-4a8f57c-d64a-n16-r7	7	c100	engine.mem			avail_kib	48187744
20261008-064058-4a8f57c-d64a-n16-r7	7	c100	sample	0	0-SRR5935784	mode	parallel
20261008-064058-4a8f57c-d64a-n16-r7	7	c100	sample	0	0-SRR5935784	s3client	sdk
20261008-064058-4a8f57c-d64a-n16-r7	7	c100	sample	0	0-SRR5935784	rank	7
20261008-064058-4a8f57c-d64a-n16-r7	7	c100	sample	0	0-SRR5935784	role	home
20261008-064058-4a8f57c-d64a-n16-r7	7	c100	sample	0	0-SRR5935784	inflight	1
20261008-064058-4a8f57c-d64a-n16-r7	7	c100	sample	0	0-SRR5935784	threads	16
20261008-064058-4a8f57c-d64a-n16-r7	7	c100	sample	0	0-SRR5935784	start_s	93.358678
20261008-064058-4a8f57c-d64a-n16-r7	7	c100	sample	0	0-SRR5935784	wall_s	15.275239
20261008-064058-4a8f57c-d64a-n16-r7	7	c100	sample	0	0-SRR5935784	setup_s	0.000060
20261008-064058-4a8f57c-d64a-n16-r7	7	c100	sample	0	0-SRR5935784	classify_s	14.887002
20261008-064058-4a8f57c-d64a-n16-r7	7	c100	sample	0	0-SRR5935784	close_s	0.217008
20261008-064058-4a8f57c-d64a-n16-r7	7	c100	sample	0	0-SRR5935784	report_s	0.163069
20261008-064058-4a8f57c-d64a-n16-r7	7	c100	sample	0	0-SRR5935784	status	0
20261008-064058-4a8f57c-d64a-n16-r7	7	c100	sample	0	0-SRR5935784	sequences	14800056
20261008-064058-4a8f57c-d64a-n16-r7	7	c100	sample	0	0-SRR5935784	bases	2772790740
20261008-064058-4a8f57c-d64a-n16-r7	7	c100	sample	0	0-SRR5935784	classified	14536791
20261008-064058-4a8f57c-d64a-n16-r7	7	c100	sample	0	0-SRR5935784	place	lpt
20261008-064058-4a8f57c-d64a-n16-r7	7	c100	sample	0	0-SRR5935784	weight	14800056
20261008-064058-4a8f57c-d64a-n16-r7	7	c100	engine.mem			t_s	120.0
20261008-064058-4a8f57c-d64a-n16-r7	7	c100	engine.mem			rss_kib	78899332
20261008-064058-4a8f57c-d64a-n16-r7	7	c100	engine.mem			hwm_kib	79378668
20261008-064058-4a8f57c-d64a-n16-r7	7	c100	engine.mem			heap_inuse	5496414208
20261008-064058-4a8f57c-d64a-n16-r7	7	c100	engine.mem			sys	7106150680
20261008-064058-4a8f57c-d64a-n16-r7	7	c100	engine.mem			avail_kib	48493544
20261008-064058-4a8f57c-d64a-n16-r7	7	c100	sample	0	0-SRR5935801	mode	parallel
20261008-064058-4a8f57c-d64a-n16-r7	7	c100	sample	0	0-SRR5935801	s3client	sdk
20261008-064058-4a8f57c-d64a-n16-r7	7	c100	sample	0	0-SRR5935801	rank	7
20261008-064058-4a8f57c-d64a-n16-r7	7	c100	sample	0	0-SRR5935801	role	home
20261008-064058-4a8f57c-d64a-n16-r7	7	c100	sample	0	0-SRR5935801	inflight	1
20261008-064058-4a8f57c-d64a-n16-r7	7	c100	sample	0	0-SRR5935801	threads	16
20261008-064058-4a8f57c-d64a-n16-r7	7	c100	sample	0	0-SRR5935801	start_s	108.633940
20261008-064058-4a8f57c-d64a-n16-r7	7	c100	sample	0	0-SRR5935801	wall_s	13.779402
20261008-064058-4a8f57c-d64a-n16-r7	7	c100	sample	0	0-SRR5935801	setup_s	0.000058
20261008-064058-4a8f57c-d64a-n16-r7	7	c100	sample	0	0-SRR5935801	classify_s	13.405318
20261008-064058-4a8f57c-d64a-n16-r7	7	c100	sample	0	0-SRR5935801	close_s	0.200292
20261008-064058-4a8f57c-d64a-n16-r7	7	c100	sample	0	0-SRR5935801	report_s	0.160892
20261008-064058-4a8f57c-d64a-n16-r7	7	c100	sample	0	0-SRR5935801	status	0
20261008-064058-4a8f57c-d64a-n16-r7	7	c100	sample	0	0-SRR5935801	sequences	13162386
20261008-064058-4a8f57c-d64a-n16-r7	7	c100	sample	0	0-SRR5935801	bases	2465096767
20261008-064058-4a8f57c-d64a-n16-r7	7	c100	sample	0	0-SRR5935801	classified	12297712
20261008-064058-4a8f57c-d64a-n16-r7	7	c100	sample	0	0-SRR5935801	place	lpt
20261008-064058-4a8f57c-d64a-n16-r7	7	c100	sample	0	0-SRR5935801	weight	13162386
20261008-064058-4a8f57c-d64a-n16-r7	7	c100	sample	0	0-SRR5935829	mode	parallel
20261008-064058-4a8f57c-d64a-n16-r7	7	c100	sample	0	0-SRR5935829	s3client	sdk
20261008-064058-4a8f57c-d64a-n16-r7	7	c100	sample	0	0-SRR5935829	rank	7
20261008-064058-4a8f57c-d64a-n16-r7	7	c100	sample	0	0-SRR5935829	role	home
20261008-064058-4a8f57c-d64a-n16-r7	7	c100	sample	0	0-SRR5935829	inflight	1
20261008-064058-4a8f57c-d64a-n16-r7	7	c100	sample	0	0-SRR5935829	threads	16
20261008-064058-4a8f57c-d64a-n16-r7	7	c100	sample	0	0-SRR5935829	start_s	122.413366
20261008-064058-4a8f57c-d64a-n16-r7	7	c100	sample	0	0-SRR5935829	wall_s	11.655027
20261008-064058-4a8f57c-d64a-n16-r7	7	c100	sample	0	0-SRR5935829	setup_s	0.000050
20261008-064058-4a8f57c-d64a-n16-r7	7	c100	sample	0	0-SRR5935829	classify_s	11.216421
20261008-064058-4a8f57c-d64a-n16-r7	7	c100	sample	0	0-SRR5935829	close_s	0.264984
20261008-064058-4a8f57c-d64a-n16-r7	7	c100	sample	0	0-SRR5935829	report_s	0.161407
20261008-064058-4a8f57c-d64a-n16-r7	7	c100	sample	0	0-SRR5935829	status	0
20261008-064058-4a8f57c-d64a-n16-r7	7	c100	sample	0	0-SRR5935829	sequences	11220767
20261008-064058-4a8f57c-d64a-n16-r7	7	c100	sample	0	0-SRR5935829	bases	2068350513
20261008-064058-4a8f57c-d64a-n16-r7	7	c100	sample	0	0-SRR5935829	classified	10523542
20261008-064058-4a8f57c-d64a-n16-r7	7	c100	sample	0	0-SRR5935829	place	lpt
20261008-064058-4a8f57c-d64a-n16-r7	7	c100	sample	0	0-SRR5935829	weight	11220767
20261008-064058-4a8f57c-d64a-n16-r7	7	c100	engine.mem			t_s	135.1
20261008-064058-4a8f57c-d64a-n16-r7	7	c100	engine.mem			rss_kib	77403928
20261008-064058-4a8f57c-d64a-n16-r7	7	c100	engine.mem			hwm_kib	79378668
20261008-064058-4a8f57c-d64a-n16-r7	7	c100	engine.mem			heap_inuse	3977461760
20261008-064058-4a8f57c-d64a-n16-r7	7	c100	engine.mem			sys	7106511128
20261008-064058-4a8f57c-d64a-n16-r7	7	c100	engine.mem			avail_kib	50040544
20261008-064058-4a8f57c-d64a-n16-r7	7	c100	sample	0	0-SRR5935818	mode	parallel
20261008-064058-4a8f57c-d64a-n16-r7	7	c100	sample	0	0-SRR5935818	s3client	sdk
20261008-064058-4a8f57c-d64a-n16-r7	7	c100	sample	0	0-SRR5935818	rank	7
20261008-064058-4a8f57c-d64a-n16-r7	7	c100	sample	0	0-SRR5935818	role	home
20261008-064058-4a8f57c-d64a-n16-r7	7	c100	sample	0	0-SRR5935818	inflight	1
20261008-064058-4a8f57c-d64a-n16-r7	7	c100	sample	0	0-SRR5935818	threads	16
20261008-064058-4a8f57c-d64a-n16-r7	7	c100	sample	0	0-SRR5935818	start_s	134.068416
20261008-064058-4a8f57c-d64a-n16-r7	7	c100	sample	0	0-SRR5935818	wall_s	9.605642
20261008-064058-4a8f57c-d64a-n16-r7	7	c100	sample	0	0-SRR5935818	setup_s	0.000055
20261008-064058-4a8f57c-d64a-n16-r7	7	c100	sample	0	0-SRR5935818	classify_s	9.126284
20261008-064058-4a8f57c-d64a-n16-r7	7	c100	sample	0	0-SRR5935818	close_s	0.235782
20261008-064058-4a8f57c-d64a-n16-r7	7	c100	sample	0	0-SRR5935818	report_s	0.233647
20261008-064058-4a8f57c-d64a-n16-r7	7	c100	sample	0	0-SRR5935818	status	0
20261008-064058-4a8f57c-d64a-n16-r7	7	c100	sample	0	0-SRR5935818	sequences	8877621
20261008-064058-4a8f57c-d64a-n16-r7	7	c100	sample	0	0-SRR5935818	bases	1663945574
20261008-064058-4a8f57c-d64a-n16-r7	7	c100	sample	0	0-SRR5935818	classified	8212460
20261008-064058-4a8f57c-d64a-n16-r7	7	c100	sample	0	0-SRR5935818	place	lpt
20261008-064058-4a8f57c-d64a-n16-r7	7	c100	sample	0	0-SRR5935818	weight	8877621
20261008-064058-4a8f57c-d64a-n16-r7	7	c100	engine.mem			t_s	150.1
20261008-064058-4a8f57c-d64a-n16-r7	7	c100	engine.mem			rss_kib	78547844
20261008-064058-4a8f57c-d64a-n16-r7	7	c100	engine.mem			hwm_kib	79378668
20261008-064058-4a8f57c-d64a-n16-r7	7	c100	engine.mem			heap_inuse	4177920000
20261008-064058-4a8f57c-d64a-n16-r7	7	c100	engine.mem			sys	7106773272
20261008-064058-4a8f57c-d64a-n16-r7	7	c100	engine.mem			avail_kib	48914776
20261008-064058-4a8f57c-d64a-n16-r7	7	c100	sample	0	0-SRR5935755	mode	parallel
20261008-064058-4a8f57c-d64a-n16-r7	7	c100	sample	0	0-SRR5935755	s3client	sdk
20261008-064058-4a8f57c-d64a-n16-r7	7	c100	sample	0	0-SRR5935755	rank	7
20261008-064058-4a8f57c-d64a-n16-r7	7	c100	sample	0	0-SRR5935755	role	home
20261008-064058-4a8f57c-d64a-n16-r7	7	c100	sample	0	0-SRR5935755	inflight	1
20261008-064058-4a8f57c-d64a-n16-r7	7	c100	sample	0	0-SRR5935755	threads	16
20261008-064058-4a8f57c-d64a-n16-r7	7	c100	sample	0	0-SRR5935755	start_s	143.674083
20261008-064058-4a8f57c-d64a-n16-r7	7	c100	sample	0	0-SRR5935755	wall_s	6.396044
20261008-064058-4a8f57c-d64a-n16-r7	7	c100	sample	0	0-SRR5935755	setup_s	0.000068
20261008-064058-4a8f57c-d64a-n16-r7	7	c100	sample	0	0-SRR5935755	classify_s	6.023571
20261008-064058-4a8f57c-d64a-n16-r7	7	c100	sample	0	0-SRR5935755	close_s	0.215600
20261008-064058-4a8f57c-d64a-n16-r7	7	c100	sample	0	0-SRR5935755	report_s	0.146007
20261008-064058-4a8f57c-d64a-n16-r7	7	c100	sample	0	0-SRR5935755	status	0
20261008-064058-4a8f57c-d64a-n16-r7	7	c100	sample	0	0-SRR5935755	sequences	6071697
20261008-064058-4a8f57c-d64a-n16-r7	7	c100	sample	0	0-SRR5935755	bases	1090388750
20261008-064058-4a8f57c-d64a-n16-r7	7	c100	sample	0	0-SRR5935755	classified	5415115
20261008-064058-4a8f57c-d64a-n16-r7	7	c100	sample	0	0-SRR5935755	place	lpt
20261008-064058-4a8f57c-d64a-n16-r7	7	c100	sample	0	0-SRR5935755	weight	6071697
20261008-064058-4a8f57c-d64a-n16-r7	7	c100	phase			batch-barrier-0	5.518566
20261008-064058-4a8f57c-d64a-n16-r7	7	c100	phase			batch-barrier-0.start_s	150.070138
20261008-064058-4a8f57c-d64a-n16-r7	7	c100	sample	1	1-SRR5935747	mode	parallel
20261008-064058-4a8f57c-d64a-n16-r7	7	c100	sample	1	1-SRR5935747	s3client	sdk
20261008-064058-4a8f57c-d64a-n16-r7	7	c100	sample	1	1-SRR5935747	rank	7
20261008-064058-4a8f57c-d64a-n16-r7	7	c100	sample	1	1-SRR5935747	role	home
20261008-064058-4a8f57c-d64a-n16-r7	7	c100	sample	1	1-SRR5935747	inflight	1
20261008-064058-4a8f57c-d64a-n16-r7	7	c100	sample	1	1-SRR5935747	threads	16
20261008-064058-4a8f57c-d64a-n16-r7	7	c100	sample	1	1-SRR5935747	start_s	155.588729
20261008-064058-4a8f57c-d64a-n16-r7	7	c100	sample	1	1-SRR5935747	wall_s	3.921746
20261008-064058-4a8f57c-d64a-n16-r7	7	c100	sample	1	1-SRR5935747	setup_s	0.000054
20261008-064058-4a8f57c-d64a-n16-r7	7	c100	sample	1	1-SRR5935747	classify_s	3.520654
20261008-064058-4a8f57c-d64a-n16-r7	7	c100	sample	1	1-SRR5935747	close_s	0.204625
20261008-064058-4a8f57c-d64a-n16-r7	7	c100	sample	1	1-SRR5935747	report_s	0.190498
20261008-064058-4a8f57c-d64a-n16-r7	7	c100	sample	1	1-SRR5935747	status	0
20261008-064058-4a8f57c-d64a-n16-r7	7	c100	sample	1	1-SRR5935747	sequences	3036382
20261008-064058-4a8f57c-d64a-n16-r7	7	c100	sample	1	1-SRR5935747	bases	569204188
20261008-064058-4a8f57c-d64a-n16-r7	7	c100	sample	1	1-SRR5935747	classified	2817388
20261008-064058-4a8f57c-d64a-n16-r7	7	c100	sample	1	1-SRR5935747	place	mod
20261008-064058-4a8f57c-d64a-n16-r7	7	c100	sample	1	1-SRR5935747	weight	3036382
20261008-064058-4a8f57c-d64a-n16-r7	7	c100	engine.mem			t_s	165.1
20261008-064058-4a8f57c-d64a-n16-r7	7	c100	engine.mem			rss_kib	78460524
20261008-064058-4a8f57c-d64a-n16-r7	7	c100	engine.mem			hwm_kib	79378668
20261008-064058-4a8f57c-d64a-n16-r7	7	c100	engine.mem			heap_inuse	4455694336
20261008-064058-4a8f57c-d64a-n16-r7	7	c100	engine.mem			sys	7106773272
20261008-064058-4a8f57c-d64a-n16-r7	7	c100	engine.mem			avail_kib	48868460
20261008-064058-4a8f57c-d64a-n16-r7	7	c100	sample	1	1-SRR5935763	mode	parallel
20261008-064058-4a8f57c-d64a-n16-r7	7	c100	sample	1	1-SRR5935763	s3client	sdk
20261008-064058-4a8f57c-d64a-n16-r7	7	c100	sample	1	1-SRR5935763	rank	7
20261008-064058-4a8f57c-d64a-n16-r7	7	c100	sample	1	1-SRR5935763	role	home
20261008-064058-4a8f57c-d64a-n16-r7	7	c100	sample	1	1-SRR5935763	inflight	1
20261008-064058-4a8f57c-d64a-n16-r7	7	c100	sample	1	1-SRR5935763	threads	16
20261008-064058-4a8f57c-d64a-n16-r7	7	c100	sample	1	1-SRR5935763	start_s	159.510500
20261008-064058-4a8f57c-d64a-n16-r7	7	c100	sample	1	1-SRR5935763	wall_s	6.140124
20261008-064058-4a8f57c-d64a-n16-r7	7	c100	sample	1	1-SRR5935763	setup_s	0.000063
20261008-064058-4a8f57c-d64a-n16-r7	7	c100	sample	1	1-SRR5935763	classify_s	5.775426
20261008-064058-4a8f57c-d64a-n16-r7	7	c100	sample	1	1-SRR5935763	close_s	0.238991
20261008-064058-4a8f57c-d64a-n16-r7	7	c100	sample	1	1-SRR5935763	report_s	0.121368
20261008-064058-4a8f57c-d64a-n16-r7	7	c100	sample	1	1-SRR5935763	status	0
20261008-064058-4a8f57c-d64a-n16-r7	7	c100	sample	1	1-SRR5935763	sequences	5174437
20261008-064058-4a8f57c-d64a-n16-r7	7	c100	sample	1	1-SRR5935763	bases	978777662
20261008-064058-4a8f57c-d64a-n16-r7	7	c100	sample	1	1-SRR5935763	classified	5104140
20261008-064058-4a8f57c-d64a-n16-r7	7	c100	sample	1	1-SRR5935763	place	mod
20261008-064058-4a8f57c-d64a-n16-r7	7	c100	sample	1	1-SRR5935763	weight	5174437
20261008-064058-4a8f57c-d64a-n16-r7	7	c100	sample	1	1-SRR5935779	mode	parallel
20261008-064058-4a8f57c-d64a-n16-r7	7	c100	sample	1	1-SRR5935779	s3client	sdk
20261008-064058-4a8f57c-d64a-n16-r7	7	c100	sample	1	1-SRR5935779	rank	7
20261008-064058-4a8f57c-d64a-n16-r7	7	c100	sample	1	1-SRR5935779	role	home
20261008-064058-4a8f57c-d64a-n16-r7	7	c100	sample	1	1-SRR5935779	inflight	1
20261008-064058-4a8f57c-d64a-n16-r7	7	c100	sample	1	1-SRR5935779	threads	16
20261008-064058-4a8f57c-d64a-n16-r7	7	c100	sample	1	1-SRR5935779	start_s	165.650648
20261008-064058-4a8f57c-d64a-n16-r7	7	c100	sample	1	1-SRR5935779	wall_s	6.506300
20261008-064058-4a8f57c-d64a-n16-r7	7	c100	sample	1	1-SRR5935779	setup_s	0.000064
20261008-064058-4a8f57c-d64a-n16-r7	7	c100	sample	1	1-SRR5935779	classify_s	6.181071
20261008-064058-4a8f57c-d64a-n16-r7	7	c100	sample	1	1-SRR5935779	close_s	0.194200
20261008-064058-4a8f57c-d64a-n16-r7	7	c100	sample	1	1-SRR5935779	report_s	0.125496
20261008-064058-4a8f57c-d64a-n16-r7	7	c100	sample	1	1-SRR5935779	status	0
20261008-064058-4a8f57c-d64a-n16-r7	7	c100	sample	1	1-SRR5935779	sequences	5948317
20261008-064058-4a8f57c-d64a-n16-r7	7	c100	sample	1	1-SRR5935779	bases	1093467848
20261008-064058-4a8f57c-d64a-n16-r7	7	c100	sample	1	1-SRR5935779	classified	5682744
20261008-064058-4a8f57c-d64a-n16-r7	7	c100	sample	1	1-SRR5935779	place	mod
20261008-064058-4a8f57c-d64a-n16-r7	7	c100	sample	1	1-SRR5935779	weight	5948317
20261008-064058-4a8f57c-d64a-n16-r7	7	c100	engine.mem			t_s	180.1
20261008-064058-4a8f57c-d64a-n16-r7	7	c100	engine.mem			rss_kib	78482116
20261008-064058-4a8f57c-d64a-n16-r7	7	c100	engine.mem			hwm_kib	79378668
20261008-064058-4a8f57c-d64a-n16-r7	7	c100	engine.mem			heap_inuse	5024677888
20261008-064058-4a8f57c-d64a-n16-r7	7	c100	engine.mem			sys	7106838808
20261008-064058-4a8f57c-d64a-n16-r7	7	c100	engine.mem			avail_kib	48707144
20261008-064058-4a8f57c-d64a-n16-r7	7	c100	sample	1	1-SRR5935795	mode	parallel
20261008-064058-4a8f57c-d64a-n16-r7	7	c100	sample	1	1-SRR5935795	s3client	sdk
20261008-064058-4a8f57c-d64a-n16-r7	7	c100	sample	1	1-SRR5935795	rank	7
20261008-064058-4a8f57c-d64a-n16-r7	7	c100	sample	1	1-SRR5935795	role	home
20261008-064058-4a8f57c-d64a-n16-r7	7	c100	sample	1	1-SRR5935795	inflight	1
20261008-064058-4a8f57c-d64a-n16-r7	7	c100	sample	1	1-SRR5935795	threads	16
20261008-064058-4a8f57c-d64a-n16-r7	7	c100	sample	1	1-SRR5935795	start_s	172.156971
20261008-064058-4a8f57c-d64a-n16-r7	7	c100	sample	1	1-SRR5935795	wall_s	12.414786
20261008-064058-4a8f57c-d64a-n16-r7	7	c100	sample	1	1-SRR5935795	setup_s	0.000070
20261008-064058-4a8f57c-d64a-n16-r7	7	c100	sample	1	1-SRR5935795	classify_s	12.058956
20261008-064058-4a8f57c-d64a-n16-r7	7	c100	sample	1	1-SRR5935795	close_s	0.215625
20261008-064058-4a8f57c-d64a-n16-r7	7	c100	sample	1	1-SRR5935795	report_s	0.133521
20261008-064058-4a8f57c-d64a-n16-r7	7	c100	sample	1	1-SRR5935795	status	0
20261008-064058-4a8f57c-d64a-n16-r7	7	c100	sample	1	1-SRR5935795	sequences	11924297
20261008-064058-4a8f57c-d64a-n16-r7	7	c100	sample	1	1-SRR5935795	bases	2214843465
20261008-064058-4a8f57c-d64a-n16-r7	7	c100	sample	1	1-SRR5935795	classified	11742476
20261008-064058-4a8f57c-d64a-n16-r7	7	c100	sample	1	1-SRR5935795	place	mod
20261008-064058-4a8f57c-d64a-n16-r7	7	c100	sample	1	1-SRR5935795	weight	11924297
20261008-064058-4a8f57c-d64a-n16-r7	7	c100	engine.mem			t_s	195.1
20261008-064058-4a8f57c-d64a-n16-r7	7	c100	engine.mem			rss_kib	78833948
20261008-064058-4a8f57c-d64a-n16-r7	7	c100	engine.mem			hwm_kib	79378668
20261008-064058-4a8f57c-d64a-n16-r7	7	c100	engine.mem			heap_inuse	5579210752
20261008-064058-4a8f57c-d64a-n16-r7	7	c100	engine.mem			sys	7106838808
20261008-064058-4a8f57c-d64a-n16-r7	7	c100	engine.mem			avail_kib	48168052
20261008-064058-4a8f57c-d64a-n16-r7	7	c100	sample	1	1-SRR5935811	mode	parallel
20261008-064058-4a8f57c-d64a-n16-r7	7	c100	sample	1	1-SRR5935811	s3client	sdk
20261008-064058-4a8f57c-d64a-n16-r7	7	c100	sample	1	1-SRR5935811	rank	7
20261008-064058-4a8f57c-d64a-n16-r7	7	c100	sample	1	1-SRR5935811	role	home
20261008-064058-4a8f57c-d64a-n16-r7	7	c100	sample	1	1-SRR5935811	inflight	1
20261008-064058-4a8f57c-d64a-n16-r7	7	c100	sample	1	1-SRR5935811	threads	16
20261008-064058-4a8f57c-d64a-n16-r7	7	c100	sample	1	1-SRR5935811	start_s	184.571784
20261008-064058-4a8f57c-d64a-n16-r7	7	c100	sample	1	1-SRR5935811	wall_s	10.659869
20261008-064058-4a8f57c-d64a-n16-r7	7	c100	sample	1	1-SRR5935811	setup_s	0.000067
20261008-064058-4a8f57c-d64a-n16-r7	7	c100	sample	1	1-SRR5935811	classify_s	10.248968
20261008-064058-4a8f57c-d64a-n16-r7	7	c100	sample	1	1-SRR5935811	close_s	0.268245
20261008-064058-4a8f57c-d64a-n16-r7	7	c100	sample	1	1-SRR5935811	report_s	0.136629
20261008-064058-4a8f57c-d64a-n16-r7	7	c100	sample	1	1-SRR5935811	status	0
20261008-064058-4a8f57c-d64a-n16-r7	7	c100	sample	1	1-SRR5935811	sequences	10067025
20261008-064058-4a8f57c-d64a-n16-r7	7	c100	sample	1	1-SRR5935811	bases	1870494351
20261008-064058-4a8f57c-d64a-n16-r7	7	c100	sample	1	1-SRR5935811	classified	9884918
20261008-064058-4a8f57c-d64a-n16-r7	7	c100	sample	1	1-SRR5935811	place	mod
20261008-064058-4a8f57c-d64a-n16-r7	7	c100	sample	1	1-SRR5935811	weight	10067025
20261008-064058-4a8f57c-d64a-n16-r7	7	c100	engine.mem			t_s	210.1
20261008-064058-4a8f57c-d64a-n16-r7	7	c100	engine.mem			rss_kib	78575176
20261008-064058-4a8f57c-d64a-n16-r7	7	c100	engine.mem			hwm_kib	79378668
20261008-064058-4a8f57c-d64a-n16-r7	7	c100	engine.mem			heap_inuse	4344496128
20261008-064058-4a8f57c-d64a-n16-r7	7	c100	engine.mem			sys	7106838808
20261008-064058-4a8f57c-d64a-n16-r7	7	c100	engine.mem			avail_kib	48752812
20261008-064058-4a8f57c-d64a-n16-r7	7	c100	sample	1	1-SRR5935827	mode	parallel
20261008-064058-4a8f57c-d64a-n16-r7	7	c100	sample	1	1-SRR5935827	s3client	sdk
20261008-064058-4a8f57c-d64a-n16-r7	7	c100	sample	1	1-SRR5935827	rank	7
20261008-064058-4a8f57c-d64a-n16-r7	7	c100	sample	1	1-SRR5935827	role	home
20261008-064058-4a8f57c-d64a-n16-r7	7	c100	sample	1	1-SRR5935827	inflight	1
20261008-064058-4a8f57c-d64a-n16-r7	7	c100	sample	1	1-SRR5935827	threads	16
20261008-064058-4a8f57c-d64a-n16-r7	7	c100	sample	1	1-SRR5935827	start_s	195.231675
20261008-064058-4a8f57c-d64a-n16-r7	7	c100	sample	1	1-SRR5935827	wall_s	16.478723
20261008-064058-4a8f57c-d64a-n16-r7	7	c100	sample	1	1-SRR5935827	setup_s	0.000060
20261008-064058-4a8f57c-d64a-n16-r7	7	c100	sample	1	1-SRR5935827	classify_s	16.095927
20261008-064058-4a8f57c-d64a-n16-r7	7	c100	sample	1	1-SRR5935827	close_s	0.225082
20261008-064058-4a8f57c-d64a-n16-r7	7	c100	sample	1	1-SRR5935827	report_s	0.149808
20261008-064058-4a8f57c-d64a-n16-r7	7	c100	sample	1	1-SRR5935827	status	0
20261008-064058-4a8f57c-d64a-n16-r7	7	c100	sample	1	1-SRR5935827	sequences	16260968
20261008-064058-4a8f57c-d64a-n16-r7	7	c100	sample	1	1-SRR5935827	bases	3012837135
20261008-064058-4a8f57c-d64a-n16-r7	7	c100	sample	1	1-SRR5935827	classified	15948766
20261008-064058-4a8f57c-d64a-n16-r7	7	c100	sample	1	1-SRR5935827	place	mod
20261008-064058-4a8f57c-d64a-n16-r7	7	c100	sample	1	1-SRR5935827	weight	16260968
20261008-064058-4a8f57c-d64a-n16-r7	7	c100	engine.mem			t_s	225.1
20261008-064058-4a8f57c-d64a-n16-r7	7	c100	engine.mem			rss_kib	78575864
20261008-064058-4a8f57c-d64a-n16-r7	7	c100	engine.mem			hwm_kib	79378668
20261008-064058-4a8f57c-d64a-n16-r7	7	c100	engine.mem			heap_inuse	5500190720
20261008-064058-4a8f57c-d64a-n16-r7	7	c100	engine.mem			sys	7106838808
20261008-064058-4a8f57c-d64a-n16-r7	7	c100	engine.mem			avail_kib	48954460
20261008-064058-4a8f57c-d64a-n16-r7	7	c100	engine.mem			t_s	240.1
20261008-064058-4a8f57c-d64a-n16-r7	7	c100	engine.mem			rss_kib	78575872
20261008-064058-4a8f57c-d64a-n16-r7	7	c100	engine.mem			hwm_kib	79378668
20261008-064058-4a8f57c-d64a-n16-r7	7	c100	engine.mem			heap_inuse	5509955584
20261008-064058-4a8f57c-d64a-n16-r7	7	c100	engine.mem			sys	7106838808
20261008-064058-4a8f57c-d64a-n16-r7	7	c100	engine.mem			avail_kib	49165488
20261008-064058-4a8f57c-d64a-n16-r7	7	c100	phase			batch-barrier-1	33.691190
20261008-064058-4a8f57c-d64a-n16-r7	7	c100	phase			batch-barrier-1.start_s	211.710421
20261008-064058-4a8f57c-d64a-n16-r7	7	c100	engine.mem			t_s	255.1
20261008-064058-4a8f57c-d64a-n16-r7	7	c100	engine.mem			rss_kib	78309416
20261008-064058-4a8f57c-d64a-n16-r7	7	c100	engine.mem			hwm_kib	79378668
20261008-064058-4a8f57c-d64a-n16-r7	7	c100	engine.mem			heap_inuse	3920306176
20261008-064058-4a8f57c-d64a-n16-r7	7	c100	engine.mem			sys	7106838808
20261008-064058-4a8f57c-d64a-n16-r7	7	c100	engine.mem			avail_kib	49249848
20261008-064058-4a8f57c-d64a-n16-r7	7	c100	sample	2	2-SRR5935813	mode	parallel
20261008-064058-4a8f57c-d64a-n16-r7	7	c100	sample	2	2-SRR5935813	s3client	sdk
20261008-064058-4a8f57c-d64a-n16-r7	7	c100	sample	2	2-SRR5935813	rank	7
20261008-064058-4a8f57c-d64a-n16-r7	7	c100	sample	2	2-SRR5935813	role	home
20261008-064058-4a8f57c-d64a-n16-r7	7	c100	sample	2	2-SRR5935813	inflight	1
20261008-064058-4a8f57c-d64a-n16-r7	7	c100	sample	2	2-SRR5935813	threads	16
20261008-064058-4a8f57c-d64a-n16-r7	7	c100	sample	2	2-SRR5935813	start_s	245.401660
20261008-064058-4a8f57c-d64a-n16-r7	7	c100	sample	2	2-SRR5935813	wall_s	17.553266
20261008-064058-4a8f57c-d64a-n16-r7	7	c100	sample	2	2-SRR5935813	setup_s	0.000056
20261008-064058-4a8f57c-d64a-n16-r7	7	c100	sample	2	2-SRR5935813	classify_s	16.972638
20261008-064058-4a8f57c-d64a-n16-r7	7	c100	sample	2	2-SRR5935813	close_s	0.328874
20261008-064058-4a8f57c-d64a-n16-r7	7	c100	sample	2	2-SRR5935813	report_s	0.238758
20261008-064058-4a8f57c-d64a-n16-r7	7	c100	sample	2	2-SRR5935813	status	0
20261008-064058-4a8f57c-d64a-n16-r7	7	c100	sample	2	2-SRR5935813	sequences	16980616
20261008-064058-4a8f57c-d64a-n16-r7	7	c100	sample	2	2-SRR5935813	bases	3155638888
20261008-064058-4a8f57c-d64a-n16-r7	7	c100	sample	2	2-SRR5935813	classified	16106690
20261008-064058-4a8f57c-d64a-n16-r7	7	c100	sample	2	2-SRR5935813	place	lpt
20261008-064058-4a8f57c-d64a-n16-r7	7	c100	sample	2	2-SRR5935813	weight	16980616
20261008-064058-4a8f57c-d64a-n16-r7	7	c100	engine.mem			t_s	270.1
20261008-064058-4a8f57c-d64a-n16-r7	7	c100	engine.mem			rss_kib	78261484
20261008-064058-4a8f57c-d64a-n16-r7	7	c100	engine.mem			hwm_kib	79378668
20261008-064058-4a8f57c-d64a-n16-r7	7	c100	engine.mem			heap_inuse	4285177856
20261008-064058-4a8f57c-d64a-n16-r7	7	c100	engine.mem			sys	7106904344
20261008-064058-4a8f57c-d64a-n16-r7	7	c100	engine.mem			avail_kib	49200916
20261008-064058-4a8f57c-d64a-n16-r7	7	c100	sample	2	2-SRR5935784	mode	parallel
20261008-064058-4a8f57c-d64a-n16-r7	7	c100	sample	2	2-SRR5935784	s3client	sdk
20261008-064058-4a8f57c-d64a-n16-r7	7	c100	sample	2	2-SRR5935784	rank	7
20261008-064058-4a8f57c-d64a-n16-r7	7	c100	sample	2	2-SRR5935784	role	home
20261008-064058-4a8f57c-d64a-n16-r7	7	c100	sample	2	2-SRR5935784	inflight	1
20261008-064058-4a8f57c-d64a-n16-r7	7	c100	sample	2	2-SRR5935784	threads	16
20261008-064058-4a8f57c-d64a-n16-r7	7	c100	sample	2	2-SRR5935784	start_s	262.954952
20261008-064058-4a8f57c-d64a-n16-r7	7	c100	sample	2	2-SRR5935784	wall_s	15.550827
20261008-064058-4a8f57c-d64a-n16-r7	7	c100	sample	2	2-SRR5935784	setup_s	0.000053
20261008-064058-4a8f57c-d64a-n16-r7	7	c100	sample	2	2-SRR5935784	classify_s	15.070319
20261008-064058-4a8f57c-d64a-n16-r7	7	c100	sample	2	2-SRR5935784	close_s	0.255013
20261008-064058-4a8f57c-d64a-n16-r7	7	c100	sample	2	2-SRR5935784	report_s	0.217368
20261008-064058-4a8f57c-d64a-n16-r7	7	c100	sample	2	2-SRR5935784	status	0
20261008-064058-4a8f57c-d64a-n16-r7	7	c100	sample	2	2-SRR5935784	sequences	14800056
20261008-064058-4a8f57c-d64a-n16-r7	7	c100	sample	2	2-SRR5935784	bases	2772790740
20261008-064058-4a8f57c-d64a-n16-r7	7	c100	sample	2	2-SRR5935784	classified	14536791
20261008-064058-4a8f57c-d64a-n16-r7	7	c100	sample	2	2-SRR5935784	place	lpt
20261008-064058-4a8f57c-d64a-n16-r7	7	c100	sample	2	2-SRR5935784	weight	14800056
20261008-064058-4a8f57c-d64a-n16-r7	7	c100	engine.mem			t_s	285.1
20261008-064058-4a8f57c-d64a-n16-r7	7	c100	engine.mem			rss_kib	78870356
20261008-064058-4a8f57c-d64a-n16-r7	7	c100	engine.mem			hwm_kib	79378668
20261008-064058-4a8f57c-d64a-n16-r7	7	c100	engine.mem			heap_inuse	5519204352
20261008-064058-4a8f57c-d64a-n16-r7	7	c100	engine.mem			sys	7106904344
20261008-064058-4a8f57c-d64a-n16-r7	7	c100	engine.mem			avail_kib	48446572
20261008-064058-4a8f57c-d64a-n16-r7	7	c100	sample	2	2-SRR5935801	mode	parallel
20261008-064058-4a8f57c-d64a-n16-r7	7	c100	sample	2	2-SRR5935801	s3client	sdk
20261008-064058-4a8f57c-d64a-n16-r7	7	c100	sample	2	2-SRR5935801	rank	7
20261008-064058-4a8f57c-d64a-n16-r7	7	c100	sample	2	2-SRR5935801	role	home
20261008-064058-4a8f57c-d64a-n16-r7	7	c100	sample	2	2-SRR5935801	inflight	1
20261008-064058-4a8f57c-d64a-n16-r7	7	c100	sample	2	2-SRR5935801	threads	16
20261008-064058-4a8f57c-d64a-n16-r7	7	c100	sample	2	2-SRR5935801	start_s	278.505804
20261008-064058-4a8f57c-d64a-n16-r7	7	c100	sample	2	2-SRR5935801	wall_s	13.800518
20261008-064058-4a8f57c-d64a-n16-r7	7	c100	sample	2	2-SRR5935801	setup_s	0.000065
20261008-064058-4a8f57c-d64a-n16-r7	7	c100	sample	2	2-SRR5935801	classify_s	13.405302
20261008-064058-4a8f57c-d64a-n16-r7	7	c100	sample	2	2-SRR5935801	close_s	0.235721
20261008-064058-4a8f57c-d64a-n16-r7	7	c100	sample	2	2-SRR5935801	report_s	0.146729
20261008-064058-4a8f57c-d64a-n16-r7	7	c100	sample	2	2-SRR5935801	status	0
20261008-064058-4a8f57c-d64a-n16-r7	7	c100	sample	2	2-SRR5935801	sequences	13162386
20261008-064058-4a8f57c-d64a-n16-r7	7	c100	sample	2	2-SRR5935801	bases	2465096767
20261008-064058-4a8f57c-d64a-n16-r7	7	c100	sample	2	2-SRR5935801	classified	12297712
20261008-064058-4a8f57c-d64a-n16-r7	7	c100	sample	2	2-SRR5935801	place	lpt
20261008-064058-4a8f57c-d64a-n16-r7	7	c100	sample	2	2-SRR5935801	weight	13162386
20261008-064058-4a8f57c-d64a-n16-r7	7	c100	engine.mem			t_s	300.1
20261008-064058-4a8f57c-d64a-n16-r7	7	c100	engine.mem			rss_kib	78578832
20261008-064058-4a8f57c-d64a-n16-r7	7	c100	engine.mem			hwm_kib	79378668
20261008-064058-4a8f57c-d64a-n16-r7	7	c100	engine.mem			heap_inuse	4473020416
20261008-064058-4a8f57c-d64a-n16-r7	7	c100	engine.mem			sys	7106904344
20261008-064058-4a8f57c-d64a-n16-r7	7	c100	engine.mem			avail_kib	48717824
20261008-064058-4a8f57c-d64a-n16-r7	7	c100	sample	2	2-SRR5935829	mode	parallel
20261008-064058-4a8f57c-d64a-n16-r7	7	c100	sample	2	2-SRR5935829	s3client	sdk
20261008-064058-4a8f57c-d64a-n16-r7	7	c100	sample	2	2-SRR5935829	rank	7
20261008-064058-4a8f57c-d64a-n16-r7	7	c100	sample	2	2-SRR5935829	role	home
20261008-064058-4a8f57c-d64a-n16-r7	7	c100	sample	2	2-SRR5935829	inflight	1
20261008-064058-4a8f57c-d64a-n16-r7	7	c100	sample	2	2-SRR5935829	threads	16
20261008-064058-4a8f57c-d64a-n16-r7	7	c100	sample	2	2-SRR5935829	start_s	292.306350
20261008-064058-4a8f57c-d64a-n16-r7	7	c100	sample	2	2-SRR5935829	wall_s	11.683612
20261008-064058-4a8f57c-d64a-n16-r7	7	c100	sample	2	2-SRR5935829	setup_s	0.000054
20261008-064058-4a8f57c-d64a-n16-r7	7	c100	sample	2	2-SRR5935829	classify_s	11.251380
20261008-064058-4a8f57c-d64a-n16-r7	7	c100	sample	2	2-SRR5935829	close_s	0.254338
20261008-064058-4a8f57c-d64a-n16-r7	7	c100	sample	2	2-SRR5935829	report_s	0.165536
20261008-064058-4a8f57c-d64a-n16-r7	7	c100	sample	2	2-SRR5935829	status	0
20261008-064058-4a8f57c-d64a-n16-r7	7	c100	sample	2	2-SRR5935829	sequences	11220767
20261008-064058-4a8f57c-d64a-n16-r7	7	c100	sample	2	2-SRR5935829	bases	2068350513
20261008-064058-4a8f57c-d64a-n16-r7	7	c100	sample	2	2-SRR5935829	classified	10523542
20261008-064058-4a8f57c-d64a-n16-r7	7	c100	sample	2	2-SRR5935829	place	lpt
20261008-064058-4a8f57c-d64a-n16-r7	7	c100	sample	2	2-SRR5935829	weight	11220767
20261008-064058-4a8f57c-d64a-n16-r7	7	c100	sample	2	2-SRR5935818	mode	parallel
20261008-064058-4a8f57c-d64a-n16-r7	7	c100	sample	2	2-SRR5935818	s3client	sdk
20261008-064058-4a8f57c-d64a-n16-r7	7	c100	sample	2	2-SRR5935818	rank	7
20261008-064058-4a8f57c-d64a-n16-r7	7	c100	sample	2	2-SRR5935818	role	home
20261008-064058-4a8f57c-d64a-n16-r7	7	c100	sample	2	2-SRR5935818	inflight	1
20261008-064058-4a8f57c-d64a-n16-r7	7	c100	sample	2	2-SRR5935818	threads	16
20261008-064058-4a8f57c-d64a-n16-r7	7	c100	sample	2	2-SRR5935818	start_s	303.989989
20261008-064058-4a8f57c-d64a-n16-r7	7	c100	sample	2	2-SRR5935818	wall_s	9.599460
20261008-064058-4a8f57c-d64a-n16-r7	7	c100	sample	2	2-SRR5935818	setup_s	0.000077
20261008-064058-4a8f57c-d64a-n16-r7	7	c100	sample	2	2-SRR5935818	classify_s	9.149405
20261008-064058-4a8f57c-d64a-n16-r7	7	c100	sample	2	2-SRR5935818	close_s	0.268083
20261008-064058-4a8f57c-d64a-n16-r7	7	c100	sample	2	2-SRR5935818	report_s	0.171839
20261008-064058-4a8f57c-d64a-n16-r7	7	c100	sample	2	2-SRR5935818	status	0
20261008-064058-4a8f57c-d64a-n16-r7	7	c100	sample	2	2-SRR5935818	sequences	8877621
20261008-064058-4a8f57c-d64a-n16-r7	7	c100	sample	2	2-SRR5935818	bases	1663945574
20261008-064058-4a8f57c-d64a-n16-r7	7	c100	sample	2	2-SRR5935818	classified	8212460
20261008-064058-4a8f57c-d64a-n16-r7	7	c100	sample	2	2-SRR5935818	place	lpt
20261008-064058-4a8f57c-d64a-n16-r7	7	c100	sample	2	2-SRR5935818	weight	8877621
20261008-064058-4a8f57c-d64a-n16-r7	7	c100	engine.mem			t_s	315.2
20261008-064058-4a8f57c-d64a-n16-r7	7	c100	engine.mem			rss_kib	77715928
20261008-064058-4a8f57c-d64a-n16-r7	7	c100	engine.mem			hwm_kib	79378668
20261008-064058-4a8f57c-d64a-n16-r7	7	c100	engine.mem			heap_inuse	4336164864
20261008-064058-4a8f57c-d64a-n16-r7	7	c100	engine.mem			sys	7106904344
20261008-064058-4a8f57c-d64a-n16-r7	7	c100	engine.mem			avail_kib	49528948
20261008-064058-4a8f57c-d64a-n16-r7	7	c100	sample	2	2-SRR5935755	mode	parallel
20261008-064058-4a8f57c-d64a-n16-r7	7	c100	sample	2	2-SRR5935755	s3client	sdk
20261008-064058-4a8f57c-d64a-n16-r7	7	c100	sample	2	2-SRR5935755	rank	7
20261008-064058-4a8f57c-d64a-n16-r7	7	c100	sample	2	2-SRR5935755	role	home
20261008-064058-4a8f57c-d64a-n16-r7	7	c100	sample	2	2-SRR5935755	inflight	1
20261008-064058-4a8f57c-d64a-n16-r7	7	c100	sample	2	2-SRR5935755	threads	16
20261008-064058-4a8f57c-d64a-n16-r7	7	c100	sample	2	2-SRR5935755	start_s	313.589469
20261008-064058-4a8f57c-d64a-n16-r7	7	c100	sample	2	2-SRR5935755	wall_s	6.383742
20261008-064058-4a8f57c-d64a-n16-r7	7	c100	sample	2	2-SRR5935755	setup_s	0.000059
20261008-064058-4a8f57c-d64a-n16-r7	7	c100	sample	2	2-SRR5935755	classify_s	6.040049
20261008-064058-4a8f57c-d64a-n16-r7	7	c100	sample	2	2-SRR5935755	close_s	0.186527
20261008-064058-4a8f57c-d64a-n16-r7	7	c100	sample	2	2-SRR5935755	report_s	0.145178
20261008-064058-4a8f57c-d64a-n16-r7	7	c100	sample	2	2-SRR5935755	status	0
20261008-064058-4a8f57c-d64a-n16-r7	7	c100	sample	2	2-SRR5935755	sequences	6071697
20261008-064058-4a8f57c-d64a-n16-r7	7	c100	sample	2	2-SRR5935755	bases	1090388750
20261008-064058-4a8f57c-d64a-n16-r7	7	c100	sample	2	2-SRR5935755	classified	5415115
20261008-064058-4a8f57c-d64a-n16-r7	7	c100	sample	2	2-SRR5935755	place	lpt
20261008-064058-4a8f57c-d64a-n16-r7	7	c100	sample	2	2-SRR5935755	weight	6071697
20261008-064058-4a8f57c-d64a-n16-r7	7	c100	phase			batch-barrier-2	5.470813
20261008-064058-4a8f57c-d64a-n16-r7	7	c100	phase			batch-barrier-2.start_s	319.973232
20261008-064058-4a8f57c-d64a-n16-r7	7	c100	engine.mem			t_s	330.2
20261008-064058-4a8f57c-d64a-n16-r7	7	c100	engine.mem			rss_kib	76003476
20261008-064058-4a8f57c-d64a-n16-r7	7	c100	engine.mem			hwm_kib	79378668
20261008-064058-4a8f57c-d64a-n16-r7	7	c100	engine.mem			heap_inuse	2776162304
20261008-064058-4a8f57c-d64a-n16-r7	7	c100	engine.mem			sys	7106904344
20261008-064058-4a8f57c-d64a-n16-r7	7	c100	engine.mem			avail_kib	51624920
20261008-064058-4a8f57c-d64a-n16-r7	7	c100	phase			barrier	0.402004
20261008-064058-4a8f57c-d64a-n16-r7	7	c100	phase			barrier.start_s	332.053057
20261008-064058-4a8f57c-d64a-n16-r7	7	c100	sample	3	3-SRR5935740	mode	striped
20261008-064058-4a8f57c-d64a-n16-r7	7	c100	sample	3	3-SRR5935740	s3client	sdk
20261008-064058-4a8f57c-d64a-n16-r7	7	c100	sample	3	3-SRR5935740	rank	7
20261008-064058-4a8f57c-d64a-n16-r7	7	c100	sample	3	3-SRR5935740	role	peer
20261008-064058-4a8f57c-d64a-n16-r7	7	c100	sample	3	3-SRR5935740	inflight	1
20261008-064058-4a8f57c-d64a-n16-r7	7	c100	sample	3	3-SRR5935740	threads	16
20261008-064058-4a8f57c-d64a-n16-r7	7	c100	sample	3	3-SRR5935740	start_s	326.481330
20261008-064058-4a8f57c-d64a-n16-r7	7	c100	sample	3	3-SRR5935740	wall_s	5.973772
20261008-064058-4a8f57c-d64a-n16-r7	7	c100	sample	3	3-SRR5935740	setup_s	0.000043
20261008-064058-4a8f57c-d64a-n16-r7	7	c100	sample	3	3-SRR5935740	classify_s	5.567649
20261008-064058-4a8f57c-d64a-n16-r7	7	c100	sample	3	3-SRR5935740	close_s	0.000000
20261008-064058-4a8f57c-d64a-n16-r7	7	c100	sample	3	3-SRR5935740	report_s	0.000000
20261008-064058-4a8f57c-d64a-n16-r7	7	c100	sample	3	3-SRR5935740	status	0
20261008-064058-4a8f57c-d64a-n16-r7	7	c100	sample	3	3-SRR5935740	sequences	0
20261008-064058-4a8f57c-d64a-n16-r7	7	c100	sample	3	3-SRR5935740	bases	0
20261008-064058-4a8f57c-d64a-n16-r7	7	c100	sample	3	3-SRR5935740	classified	0
20261008-064058-4a8f57c-d64a-n16-r7	7	c100	sample	3	3-SRR5935740	place	-
20261008-064058-4a8f57c-d64a-n16-r7	7	c100	sample	3	3-SRR5935740	weight	-
20261008-064058-4a8f57c-d64a-n16-r7	7	c100	phase			batch-barrier-3	0.502723
20261008-064058-4a8f57c-d64a-n16-r7	7	c100	phase			batch-barrier-3.start_s	332.455111
20261008-064058-4a8f57c-d64a-n16-r7	7	c100	phase			barrier	0.363517
20261008-064058-4a8f57c-d64a-n16-r7	7	c100	phase			barrier.start_s	339.298440
20261008-064058-4a8f57c-d64a-n16-r7	7	c100	sample	4	4-SRR5935740	mode	striped
20261008-064058-4a8f57c-d64a-n16-r7	7	c100	sample	4	4-SRR5935740	s3client	sdk
20261008-064058-4a8f57c-d64a-n16-r7	7	c100	sample	4	4-SRR5935740	rank	7
20261008-064058-4a8f57c-d64a-n16-r7	7	c100	sample	4	4-SRR5935740	role	peer
20261008-064058-4a8f57c-d64a-n16-r7	7	c100	sample	4	4-SRR5935740	inflight	1
20261008-064058-4a8f57c-d64a-n16-r7	7	c100	sample	4	4-SRR5935740	threads	16
20261008-064058-4a8f57c-d64a-n16-r7	7	c100	sample	4	4-SRR5935740	start_s	333.718116
20261008-064058-4a8f57c-d64a-n16-r7	7	c100	sample	4	4-SRR5935740	wall_s	5.943887
20261008-064058-4a8f57c-d64a-n16-r7	7	c100	sample	4	4-SRR5935740	setup_s	0.000061
20261008-064058-4a8f57c-d64a-n16-r7	7	c100	sample	4	4-SRR5935740	classify_s	5.576006
20261008-064058-4a8f57c-d64a-n16-r7	7	c100	sample	4	4-SRR5935740	close_s	0.000000
20261008-064058-4a8f57c-d64a-n16-r7	7	c100	sample	4	4-SRR5935740	report_s	0.000000
20261008-064058-4a8f57c-d64a-n16-r7	7	c100	sample	4	4-SRR5935740	status	0
20261008-064058-4a8f57c-d64a-n16-r7	7	c100	sample	4	4-SRR5935740	sequences	0
20261008-064058-4a8f57c-d64a-n16-r7	7	c100	sample	4	4-SRR5935740	bases	0
20261008-064058-4a8f57c-d64a-n16-r7	7	c100	sample	4	4-SRR5935740	classified	0
20261008-064058-4a8f57c-d64a-n16-r7	7	c100	sample	4	4-SRR5935740	place	-
20261008-064058-4a8f57c-d64a-n16-r7	7	c100	sample	4	4-SRR5935740	weight	-
20261008-064058-4a8f57c-d64a-n16-r7	7	c100	phase			batch-barrier-4	0.476928
20261008-064058-4a8f57c-d64a-n16-r7	7	c100	phase			batch-barrier-4.start_s	339.662015
20261008-064058-4a8f57c-d64a-n16-r7	7	c100	engine.mem			t_s	345.2
20261008-064058-4a8f57c-d64a-n16-r7	7	c100	engine.mem			rss_kib	75984188
20261008-064058-4a8f57c-d64a-n16-r7	7	c100	engine.mem			hwm_kib	79378668
20261008-064058-4a8f57c-d64a-n16-r7	7	c100	engine.mem			heap_inuse	2919563264
20261008-064058-4a8f57c-d64a-n16-r7	7	c100	engine.mem			sys	7107166488
20261008-064058-4a8f57c-d64a-n16-r7	7	c100	engine.mem			avail_kib	51122144
20261008-064058-4a8f57c-d64a-n16-r7	7	c100	phase			barrier	0.215130
20261008-064058-4a8f57c-d64a-n16-r7	7	c100	phase			barrier.start_s	346.512644
20261008-064058-4a8f57c-d64a-n16-r7	7	c100	sample	5	5-SRR5935740	mode	striped
20261008-064058-4a8f57c-d64a-n16-r7	7	c100	sample	5	5-SRR5935740	s3client	sdk
20261008-064058-4a8f57c-d64a-n16-r7	7	c100	sample	5	5-SRR5935740	rank	7
20261008-064058-4a8f57c-d64a-n16-r7	7	c100	sample	5	5-SRR5935740	role	peer
20261008-064058-4a8f57c-d64a-n16-r7	7	c100	sample	5	5-SRR5935740	inflight	1
20261008-064058-4a8f57c-d64a-n16-r7	7	c100	sample	5	5-SRR5935740	threads	16
20261008-064058-4a8f57c-d64a-n16-r7	7	c100	sample	5	5-SRR5935740	start_s	340.936395
20261008-064058-4a8f57c-d64a-n16-r7	7	c100	sample	5	5-SRR5935740	wall_s	5.791418
20261008-064058-4a8f57c-d64a-n16-r7	7	c100	sample	5	5-SRR5935740	setup_s	0.000050
20261008-064058-4a8f57c-d64a-n16-r7	7	c100	sample	5	5-SRR5935740	classify_s	5.572136
20261008-064058-4a8f57c-d64a-n16-r7	7	c100	sample	5	5-SRR5935740	close_s	0.000000
20261008-064058-4a8f57c-d64a-n16-r7	7	c100	sample	5	5-SRR5935740	report_s	0.000000
20261008-064058-4a8f57c-d64a-n16-r7	7	c100	sample	5	5-SRR5935740	status	0
20261008-064058-4a8f57c-d64a-n16-r7	7	c100	sample	5	5-SRR5935740	sequences	0
20261008-064058-4a8f57c-d64a-n16-r7	7	c100	sample	5	5-SRR5935740	bases	0
20261008-064058-4a8f57c-d64a-n16-r7	7	c100	sample	5	5-SRR5935740	classified	0
20261008-064058-4a8f57c-d64a-n16-r7	7	c100	sample	5	5-SRR5935740	place	-
20261008-064058-4a8f57c-d64a-n16-r7	7	c100	sample	5	5-SRR5935740	weight	-
20261008-064058-4a8f57c-d64a-n16-r7	7	c100	phase			batch-barrier-5	0.560297
20261008-064058-4a8f57c-d64a-n16-r7	7	c100	phase			batch-barrier-5.start_s	346.727823
20261008-064058-4a8f57c-d64a-n16-r7	7	c100	phase			batch-barrier-6	11.140029
20261008-064058-4a8f57c-d64a-n16-r7	7	c100	phase			batch-barrier-6.start_s	347.288134
20261008-064058-4a8f57c-d64a-n16-r7	7	c100	engine.mem			t_s	360.2
20261008-064058-4a8f57c-d64a-n16-r7	7	c100	engine.mem			rss_kib	76713256
20261008-064058-4a8f57c-d64a-n16-r7	7	c100	engine.mem			hwm_kib	79378668
20261008-064058-4a8f57c-d64a-n16-r7	7	c100	engine.mem			heap_inuse	4115521536
20261008-064058-4a8f57c-d64a-n16-r7	7	c100	engine.mem			sys	7107166488
20261008-064058-4a8f57c-d64a-n16-r7	7	c100	engine.mem			avail_kib	51011144
20261008-064058-4a8f57c-d64a-n16-r7	7	c100	phase			batch-barrier-7	9.147118
20261008-064058-4a8f57c-d64a-n16-r7	7	c100	phase			batch-barrier-7.start_s	358.428183
20261008-064058-4a8f57c-d64a-n16-r7	7	c100	engine.mem			t_s	375.2
20261008-064058-4a8f57c-d64a-n16-r7	7	c100	engine.mem			rss_kib	76713272
20261008-064058-4a8f57c-d64a-n16-r7	7	c100	engine.mem			hwm_kib	79378668
20261008-064058-4a8f57c-d64a-n16-r7	7	c100	engine.mem			heap_inuse	4117381120
20261008-064058-4a8f57c-d64a-n16-r7	7	c100	engine.mem			sys	7107166488
20261008-064058-4a8f57c-d64a-n16-r7	7	c100	engine.mem			avail_kib	51109144
20261008-064058-4a8f57c-d64a-n16-r7	7	c100	phase			batch-barrier-8	10.209532
20261008-064058-4a8f57c-d64a-n16-r7	7	c100	phase			batch-barrier-8.start_s	367.575319
20261008-064058-4a8f57c-d64a-n16-r7	7	c100	engine.shard			index	0
20261008-064058-4a8f57c-d64a-n16-r7	7	c100	engine.shard			n	16
20261008-064058-4a8f57c-d64a-n16-r7	7	c100	engine.shard			lo	130056901599
20261008-064058-4a8f57c-d64a-n16-r7	7	c100	engine.shard			hi	148636458971
20261008-064058-4a8f57c-d64a-n16-r7	7	c100	engine.shard			tail	302
20261008-064058-4a8f57c-d64a-n16-r7	7	c100	engine.shard			full	false
20261008-064058-4a8f57c-d64a-n16-r7	7	c100	engine.shard			empty_at	18579557384
20261008-064058-4a8f57c-d64a-n16-r7	7	c100	engine.shard			keys	8474658732
20261008-064058-4a8f57c-d64a-n16-r7	7	c100	engine.shard			batches	89910
20261008-064058-4a8f57c-d64a-n16-r7	7	c100	engine.shard			probe_s	210.517860
20261008-064058-4a8f57c-d64a-n16-r7	7	c100	engine.shard			tail_probes	0
20261008-064058-4a8f57c-d64a-n16-r7	7	c100	engine.shard			wrap_probes	0
20261008-064058-4a8f57c-d64a-n16-r7	7	c100	engine.mem			t_s	377.8
20261008-064058-4a8f57c-d64a-n16-r7	7	c100	engine.mem			rss_kib	76713272
20261008-064058-4a8f57c-d64a-n16-r7	7	c100	engine.mem			hwm_kib	79378668
20261008-064058-4a8f57c-d64a-n16-r7	7	c100	engine.mem			heap_inuse	4117618688
20261008-064058-4a8f57c-d64a-n16-r7	7	c100	engine.mem			sys	7107166488
20261008-064058-4a8f57c-d64a-n16-r7	7	c100	engine.mem			avail_kib	51103624
20261008-064058-4a8f57c-d64a-n16-r7	7	c100	engine.rendezvous			puts	13
20261008-064058-4a8f57c-d64a-n16-r7	7	c100	engine.rendezvous			gets	897
20261008-064058-4a8f57c-d64a-n16-r7	7	c100	engine.s3			client	sdk
20261008-064058-4a8f57c-d64a-n16-r7	7	c100	engine.s3			put	31
20261008-064058-4a8f57c-d64a-n16-r7	7	c100	engine.s3			get	897
20261008-064058-4a8f57c-d64a-n16-r7	7	c100	engine.s3			create_multipart	18
20261008-064058-4a8f57c-d64a-n16-r7	7	c100	engine.s3			upload_part	2058
20261008-064058-4a8f57c-d64a-n16-r7	7	c100	engine.s3			complete_multipart	18
20261008-064058-4a8f57c-d64a-n16-r7	7	c100	engine.s3			abort_multipart	0
20261008-064058-4a8f57c-d64a-n16-r7	7	c100	engine.s3			part_bytes	17182220081
20261008-064058-4a8f57c-d64a-n16-r7	7	c100	engine.s3			client	cli
20261008-064058-4a8f57c-d64a-n16-r7	7	c100	engine.s3			put	0
20261008-064058-4a8f57c-d64a-n16-r7	7	c100	engine.s3			get	0
20261008-064058-4a8f57c-d64a-n16-r7	7	c100	engine.s3			create_multipart	0
20261008-064058-4a8f57c-d64a-n16-r7	7	c100	engine.s3			upload_part	0
20261008-064058-4a8f57c-d64a-n16-r7	7	c100	engine.s3			complete_multipart	0
20261008-064058-4a8f57c-d64a-n16-r7	7	c100	engine.s3			abort_multipart	0
20261008-064058-4a8f57c-d64a-n16-r7	7	c100	engine.s3			part_bytes	0
20261008-064058-4a8f57c-d64a-n16-r7	7	c100	engine.load			seconds	42.159142
20261008-064058-4a8f57c-d64a-n16-r7	7	c100	engine.load			requests	1126
20261008-064058-4a8f57c-d64a-n16-r7	7	c100	engine.load			retries	0
20261008-064058-4a8f57c-d64a-n16-r7	7	c100	engine.load			bytes	74318296296
20261008-064058-4a8f57c-d64a-n16-r7	7	c100	engine.route			transport	nodes
20261008-064058-4a8f57c-d64a-n16-r7	7	c100	engine.route			calls	5180
20261008-064058-4a8f57c-d64a-n16-r7	7	c100	engine.route			keys	7836667637
20261008-064058-4a8f57c-d64a-n16-r7	7	c100	engine.route			batches	82880
20261008-064058-4a8f57c-d64a-n16-r7	7	c100	engine.route			route_s	91.074028
20261008-064058-4a8f57c-d64a-n16-r7	7	c100	engine.route			wait_s	299.302849
20261008-064058-4a8f57c-d64a-n16-r7	7	c100	engine.route			gather_s	17.138377
20261008-064058-4a8f57c-d64a-n16-r7	7	c100	engine.worker			scan_s	687.055741
20261008-064058-4a8f57c-d64a-n16-r7	7	c100	engine.worker			lookup_s	407.518942
20261008-064058-4a8f57c-d64a-n16-r7	7	c100	engine.worker			classify_s	600.577550
20261008-064058-4a8f57c-d64a-n16-r7	7	c100	phase			total	377.920917
20261008-064058-4a8f57c-d64a-n16-r7	7	c100	phase			total.start_s	0.000001
20261008-064058-4a8f57c-d64a-n16-r8	8	c100	phase			taxo	0.103303
20261008-064058-4a8f57c-d64a-n16-r8	8	c100	phase			taxo.start_s	0.002746
20261008-064058-4a8f57c-d64a-n16-r8	8	c100	engine.mem			t_s	15.0
20261008-064058-4a8f57c-d64a-n16-r8	8	c100	engine.mem			rss_kib	21739372
20261008-064058-4a8f57c-d64a-n16-r8	8	c100	engine.mem			hwm_kib	21739376
20261008-064058-4a8f57c-d64a-n16-r8	8	c100	engine.mem			heap_inuse	394682368
20261008-064058-4a8f57c-d64a-n16-r8	8	c100	engine.mem			sys	410065256
20261008-064058-4a8f57c-d64a-n16-r8	8	c100	engine.mem			avail_kib	105843524
20261008-064058-4a8f57c-d64a-n16-r8	8	c100	engine.mem			t_s	30.0
20261008-064058-4a8f57c-d64a-n16-r8	8	c100	engine.mem			rss_kib	39832680
20261008-064058-4a8f57c-d64a-n16-r8	8	c100	engine.mem			hwm_kib	39832684
20261008-064058-4a8f57c-d64a-n16-r8	8	c100	engine.mem			heap_inuse	396042240
20261008-064058-4a8f57c-d64a-n16-r8	8	c100	engine.mem			sys	410065256
20261008-064058-4a8f57c-d64a-n16-r8	8	c100	engine.mem			avail_kib	87774136
20261008-064058-4a8f57c-d64a-n16-r8	8	c100	engine.mem			t_s	45.0
20261008-064058-4a8f57c-d64a-n16-r8	8	c100	engine.mem			rss_kib	55714104
20261008-064058-4a8f57c-d64a-n16-r8	8	c100	engine.mem			hwm_kib	55714108
20261008-064058-4a8f57c-d64a-n16-r8	8	c100	engine.mem			heap_inuse	397443072
20261008-064058-4a8f57c-d64a-n16-r8	8	c100	engine.mem			sys	414259560
20261008-064058-4a8f57c-d64a-n16-r8	8	c100	engine.mem			avail_kib	71935824
20261008-064058-4a8f57c-d64a-n16-r8	8	c100	phase			shard-load-8	58.930841
20261008-064058-4a8f57c-d64a-n16-r8	8	c100	phase			shard-load-8.start_s	0.174141
20261008-064058-4a8f57c-d64a-n16-r8	8	c100	engine.mem			t_s	60.0
20261008-064058-4a8f57c-d64a-n16-r8	8	c100	engine.mem			rss_kib	72968928
20261008-064058-4a8f57c-d64a-n16-r8	8	c100	engine.mem			hwm_kib	72968932
20261008-064058-4a8f57c-d64a-n16-r8	8	c100	engine.mem			heap_inuse	399949824
20261008-064058-4a8f57c-d64a-n16-r8	8	c100	engine.mem			sys	414259560
20261008-064058-4a8f57c-d64a-n16-r8	8	c100	engine.mem			avail_kib	54645012
20261008-064058-4a8f57c-d64a-n16-r8	8	c100	phase			rendezvous	13.569310
20261008-064058-4a8f57c-d64a-n16-r8	8	c100	phase			rendezvous.start_s	59.579396
20261008-064058-4a8f57c-d64a-n16-r8	8	c100	phase			connect	0.022449
20261008-064058-4a8f57c-d64a-n16-r8	8	c100	phase			connect.start_s	73.148721
20261008-064058-4a8f57c-d64a-n16-r8	8	c100	phase			hash	73.065022
20261008-064058-4a8f57c-d64a-n16-r8	8	c100	phase			hash.start_s	0.106162
20261008-064058-4a8f57c-d64a-n16-r8	8	c100	engine.mem			t_s	75.0
20261008-064058-4a8f57c-d64a-n16-r8	8	c100	engine.mem			rss_kib	76822852
20261008-064058-4a8f57c-d64a-n16-r8	8	c100	engine.mem			hwm_kib	76822852
20261008-064058-4a8f57c-d64a-n16-r8	8	c100	engine.mem			heap_inuse	4047118336
20261008-064058-4a8f57c-d64a-n16-r8	8	c100	engine.mem			sys	4476558888
20261008-064058-4a8f57c-d64a-n16-r8	8	c100	engine.mem			avail_kib	50867716
20261008-064058-4a8f57c-d64a-n16-r8	8	c100	engine.mem			t_s	90.0
20261008-064058-4a8f57c-d64a-n16-r8	8	c100	engine.mem			rss_kib	78238128
20261008-064058-4a8f57c-d64a-n16-r8	8	c100	engine.mem			hwm_kib	78238128
20261008-064058-4a8f57c-d64a-n16-r8	8	c100	engine.mem			heap_inuse	4725620736
20261008-064058-4a8f57c-d64a-n16-r8	8	c100	engine.mem			sys	5892059000
20261008-064058-4a8f57c-d64a-n16-r8	8	c100	engine.mem			avail_kib	49076536
20261008-064058-4a8f57c-d64a-n16-r8	8	c100	sample	0	0-SRR5935802	mode	parallel
20261008-064058-4a8f57c-d64a-n16-r8	8	c100	sample	0	0-SRR5935802	s3client	sdk
20261008-064058-4a8f57c-d64a-n16-r8	8	c100	sample	0	0-SRR5935802	rank	8
20261008-064058-4a8f57c-d64a-n16-r8	8	c100	sample	0	0-SRR5935802	role	home
20261008-064058-4a8f57c-d64a-n16-r8	8	c100	sample	0	0-SRR5935802	inflight	1
20261008-064058-4a8f57c-d64a-n16-r8	8	c100	sample	0	0-SRR5935802	threads	16
20261008-064058-4a8f57c-d64a-n16-r8	8	c100	sample	0	0-SRR5935802	start_s	73.171225
20261008-064058-4a8f57c-d64a-n16-r8	8	c100	sample	0	0-SRR5935802	wall_s	18.277905
20261008-064058-4a8f57c-d64a-n16-r8	8	c100	sample	0	0-SRR5935802	setup_s	0.000043
20261008-064058-4a8f57c-d64a-n16-r8	8	c100	sample	0	0-SRR5935802	classify_s	17.800876
20261008-064058-4a8f57c-d64a-n16-r8	8	c100	sample	0	0-SRR5935802	close_s	0.296326
20261008-064058-4a8f57c-d64a-n16-r8	8	c100	sample	0	0-SRR5935802	report_s	0.172121
20261008-064058-4a8f57c-d64a-n16-r8	8	c100	sample	0	0-SRR5935802	status	0
20261008-064058-4a8f57c-d64a-n16-r8	8	c100	sample	0	0-SRR5935802	sequences	16720060
20261008-064058-4a8f57c-d64a-n16-r8	8	c100	sample	0	0-SRR5935802	bases	3103131942
20261008-064058-4a8f57c-d64a-n16-r8	8	c100	sample	0	0-SRR5935802	classified	16427692
20261008-064058-4a8f57c-d64a-n16-r8	8	c100	sample	0	0-SRR5935802	place	lpt
20261008-064058-4a8f57c-d64a-n16-r8	8	c100	sample	0	0-SRR5935802	weight	16720060
20261008-064058-4a8f57c-d64a-n16-r8	8	c100	engine.mem			t_s	105.0
20261008-064058-4a8f57c-d64a-n16-r8	8	c100	engine.mem			rss_kib	78296000
20261008-064058-4a8f57c-d64a-n16-r8	8	c100	engine.mem			hwm_kib	78296000
20261008-064058-4a8f57c-d64a-n16-r8	8	c100	engine.mem			heap_inuse	5156995072
20261008-064058-4a8f57c-d64a-n16-r8	8	c100	engine.mem			sys	5892902776
20261008-064058-4a8f57c-d64a-n16-r8	8	c100	engine.mem			avail_kib	49315116
20261008-064058-4a8f57c-d64a-n16-r8	8	c100	sample	0	0-SRR5935796	mode	parallel
20261008-064058-4a8f57c-d64a-n16-r8	8	c100	sample	0	0-SRR5935796	s3client	sdk
20261008-064058-4a8f57c-d64a-n16-r8	8	c100	sample	0	0-SRR5935796	rank	8
20261008-064058-4a8f57c-d64a-n16-r8	8	c100	sample	0	0-SRR5935796	role	home
20261008-064058-4a8f57c-d64a-n16-r8	8	c100	sample	0	0-SRR5935796	inflight	1
20261008-064058-4a8f57c-d64a-n16-r8	8	c100	sample	0	0-SRR5935796	threads	16
20261008-064058-4a8f57c-d64a-n16-r8	8	c100	sample	0	0-SRR5935796	start_s	91.449160
20261008-064058-4a8f57c-d64a-n16-r8	8	c100	sample	0	0-SRR5935796	wall_s	16.001941
20261008-064058-4a8f57c-d64a-n16-r8	8	c100	sample	0	0-SRR5935796	setup_s	0.000069
20261008-064058-4a8f57c-d64a-n16-r8	8	c100	sample	0	0-SRR5935796	classify_s	15.595137
20261008-064058-4a8f57c-d64a-n16-r8	8	c100	sample	0	0-SRR5935796	close_s	0.222087
20261008-064058-4a8f57c-d64a-n16-r8	8	c100	sample	0	0-SRR5935796	report_s	0.170774
20261008-064058-4a8f57c-d64a-n16-r8	8	c100	sample	0	0-SRR5935796	status	0
20261008-064058-4a8f57c-d64a-n16-r8	8	c100	sample	0	0-SRR5935796	sequences	14959235
20261008-064058-4a8f57c-d64a-n16-r8	8	c100	sample	0	0-SRR5935796	bases	2745665723
20261008-064058-4a8f57c-d64a-n16-r8	8	c100	sample	0	0-SRR5935796	classified	13888405
20261008-064058-4a8f57c-d64a-n16-r8	8	c100	sample	0	0-SRR5935796	place	lpt
20261008-064058-4a8f57c-d64a-n16-r8	8	c100	sample	0	0-SRR5935796	weight	14959235
20261008-064058-4a8f57c-d64a-n16-r8	8	c100	engine.mem			t_s	120.0
20261008-064058-4a8f57c-d64a-n16-r8	8	c100	engine.mem			rss_kib	78595360
20261008-064058-4a8f57c-d64a-n16-r8	8	c100	engine.mem			hwm_kib	78595360
20261008-064058-4a8f57c-d64a-n16-r8	8	c100	engine.mem			heap_inuse	3479281664
20261008-064058-4a8f57c-d64a-n16-r8	8	c100	engine.mem			sys	6435946616
20261008-064058-4a8f57c-d64a-n16-r8	8	c100	engine.mem			avail_kib	48841476
20261008-064058-4a8f57c-d64a-n16-r8	8	c100	sample	0	0-SRR5935822	mode	parallel
20261008-064058-4a8f57c-d64a-n16-r8	8	c100	sample	0	0-SRR5935822	s3client	sdk
20261008-064058-4a8f57c-d64a-n16-r8	8	c100	sample	0	0-SRR5935822	rank	8
20261008-064058-4a8f57c-d64a-n16-r8	8	c100	sample	0	0-SRR5935822	role	home
20261008-064058-4a8f57c-d64a-n16-r8	8	c100	sample	0	0-SRR5935822	inflight	1
20261008-064058-4a8f57c-d64a-n16-r8	8	c100	sample	0	0-SRR5935822	threads	16
20261008-064058-4a8f57c-d64a-n16-r8	8	c100	sample	0	0-SRR5935822	start_s	107.451128
20261008-064058-4a8f57c-d64a-n16-r8	8	c100	sample	0	0-SRR5935822	wall_s	14.674742
20261008-064058-4a8f57c-d64a-n16-r8	8	c100	sample	0	0-SRR5935822	setup_s	0.000058
20261008-064058-4a8f57c-d64a-n16-r8	8	c100	sample	0	0-SRR5935822	classify_s	14.304884
20261008-064058-4a8f57c-d64a-n16-r8	8	c100	sample	0	0-SRR5935822	close_s	0.232818
20261008-064058-4a8f57c-d64a-n16-r8	8	c100	sample	0	0-SRR5935822	report_s	0.129565
20261008-064058-4a8f57c-d64a-n16-r8	8	c100	sample	0	0-SRR5935822	status	0
20261008-064058-4a8f57c-d64a-n16-r8	8	c100	sample	0	0-SRR5935822	sequences	13365245
20261008-064058-4a8f57c-d64a-n16-r8	8	c100	sample	0	0-SRR5935822	bases	2460327516
20261008-064058-4a8f57c-d64a-n16-r8	8	c100	sample	0	0-SRR5935822	classified	13192260
20261008-064058-4a8f57c-d64a-n16-r8	8	c100	sample	0	0-SRR5935822	place	lpt
20261008-064058-4a8f57c-d64a-n16-r8	8	c100	sample	0	0-SRR5935822	weight	13365245
20261008-064058-4a8f57c-d64a-n16-r8	8	c100	sample	0	0-SRR5935746	mode	parallel
20261008-064058-4a8f57c-d64a-n16-r8	8	c100	sample	0	0-SRR5935746	s3client	sdk
20261008-064058-4a8f57c-d64a-n16-r8	8	c100	sample	0	0-SRR5935746	rank	8
20261008-064058-4a8f57c-d64a-n16-r8	8	c100	sample	0	0-SRR5935746	role	home
20261008-064058-4a8f57c-d64a-n16-r8	8	c100	sample	0	0-SRR5935746	inflight	1
20261008-064058-4a8f57c-d64a-n16-r8	8	c100	sample	0	0-SRR5935746	threads	16
20261008-064058-4a8f57c-d64a-n16-r8	8	c100	sample	0	0-SRR5935746	start_s	122.125895
20261008-064058-4a8f57c-d64a-n16-r8	8	c100	sample	0	0-SRR5935746	wall_s	12.299906
20261008-064058-4a8f57c-d64a-n16-r8	8	c100	sample	0	0-SRR5935746	setup_s	0.000077
20261008-064058-4a8f57c-d64a-n16-r8	8	c100	sample	0	0-SRR5935746	classify_s	11.945868
20261008-064058-4a8f57c-d64a-n16-r8	8	c100	sample	0	0-SRR5935746	close_s	0.195986
20261008-064058-4a8f57c-d64a-n16-r8	8	c100	sample	0	0-SRR5935746	report_s	0.150005
20261008-064058-4a8f57c-d64a-n16-r8	8	c100	sample	0	0-SRR5935746	status	0
20261008-064058-4a8f57c-d64a-n16-r8	8	c100	sample	0	0-SRR5935746	sequences	11012615
20261008-064058-4a8f57c-d64a-n16-r8	8	c100	sample	0	0-SRR5935746	bases	2057953866
20261008-064058-4a8f57c-d64a-n16-r8	8	c100	sample	0	0-SRR5935746	classified	10686469
20261008-064058-4a8f57c-d64a-n16-r8	8	c100	sample	0	0-SRR5935746	place	lpt
20261008-064058-4a8f57c-d64a-n16-r8	8	c100	sample	0	0-SRR5935746	weight	11012615
20261008-064058-4a8f57c-d64a-n16-r8	8	c100	engine.mem			t_s	135.1
20261008-064058-4a8f57c-d64a-n16-r8	8	c100	engine.mem			rss_kib	77643556
20261008-064058-4a8f57c-d64a-n16-r8	8	c100	engine.mem			hwm_kib	78598004
20261008-064058-4a8f57c-d64a-n16-r8	8	c100	engine.mem			heap_inuse	3075219456
20261008-064058-4a8f57c-d64a-n16-r8	8	c100	engine.mem			sys	6435946616
20261008-064058-4a8f57c-d64a-n16-r8	8	c100	engine.mem			avail_kib	49801912
20261008-064058-4a8f57c-d64a-n16-r8	8	c100	sample	0	0-SRR5935771	mode	parallel
20261008-064058-4a8f57c-d64a-n16-r8	8	c100	sample	0	0-SRR5935771	s3client	sdk
20261008-064058-4a8f57c-d64a-n16-r8	8	c100	sample	0	0-SRR5935771	rank	8
20261008-064058-4a8f57c-d64a-n16-r8	8	c100	sample	0	0-SRR5935771	role	home
20261008-064058-4a8f57c-d64a-n16-r8	8	c100	sample	0	0-SRR5935771	inflight	1
20261008-064058-4a8f57c-d64a-n16-r8	8	c100	sample	0	0-SRR5935771	threads	16
20261008-064058-4a8f57c-d64a-n16-r8	8	c100	sample	0	0-SRR5935771	start_s	134.425831
20261008-064058-4a8f57c-d64a-n16-r8	8	c100	sample	0	0-SRR5935771	wall_s	10.246125
20261008-064058-4a8f57c-d64a-n16-r8	8	c100	sample	0	0-SRR5935771	setup_s	0.000070
20261008-064058-4a8f57c-d64a-n16-r8	8	c100	sample	0	0-SRR5935771	classify_s	9.843516
20261008-064058-4a8f57c-d64a-n16-r8	8	c100	sample	0	0-SRR5935771	close_s	0.212863
20261008-064058-4a8f57c-d64a-n16-r8	8	c100	sample	0	0-SRR5935771	report_s	0.177338
20261008-064058-4a8f57c-d64a-n16-r8	8	c100	sample	0	0-SRR5935771	status	0
20261008-064058-4a8f57c-d64a-n16-r8	8	c100	sample	0	0-SRR5935771	sequences	9230220
20261008-064058-4a8f57c-d64a-n16-r8	8	c100	sample	0	0-SRR5935771	bases	1688151903
20261008-064058-4a8f57c-d64a-n16-r8	8	c100	sample	0	0-SRR5935771	classified	8736529
20261008-064058-4a8f57c-d64a-n16-r8	8	c100	sample	0	0-SRR5935771	place	lpt
20261008-064058-4a8f57c-d64a-n16-r8	8	c100	sample	0	0-SRR5935771	weight	9230220
20261008-064058-4a8f57c-d64a-n16-r8	8	c100	sample	0	0-SRR5935747	mode	parallel
20261008-064058-4a8f57c-d64a-n16-r8	8	c100	sample	0	0-SRR5935747	s3client	sdk
20261008-064058-4a8f57c-d64a-n16-r8	8	c100	sample	0	0-SRR5935747	rank	8
20261008-064058-4a8f57c-d64a-n16-r8	8	c100	sample	0	0-SRR5935747	role	home
20261008-064058-4a8f57c-d64a-n16-r8	8	c100	sample	0	0-SRR5935747	inflight	1
20261008-064058-4a8f57c-d64a-n16-r8	8	c100	sample	0	0-SRR5935747	threads	16
20261008-064058-4a8f57c-d64a-n16-r8	8	c100	sample	0	0-SRR5935747	start_s	144.671984
20261008-064058-4a8f57c-d64a-n16-r8	8	c100	sample	0	0-SRR5935747	wall_s	4.047078
20261008-064058-4a8f57c-d64a-n16-r8	8	c100	sample	0	0-SRR5935747	setup_s	0.000061
20261008-064058-4a8f57c-d64a-n16-r8	8	c100	sample	0	0-SRR5935747	classify_s	3.557426
20261008-064058-4a8f57c-d64a-n16-r8	8	c100	sample	0	0-SRR5935747	close_s	0.317092
20261008-064058-4a8f57c-d64a-n16-r8	8	c100	sample	0	0-SRR5935747	report_s	0.165863
20261008-064058-4a8f57c-d64a-n16-r8	8	c100	sample	0	0-SRR5935747	status	0
20261008-064058-4a8f57c-d64a-n16-r8	8	c100	sample	0	0-SRR5935747	sequences	3036382
20261008-064058-4a8f57c-d64a-n16-r8	8	c100	sample	0	0-SRR5935747	bases	569204188
20261008-064058-4a8f57c-d64a-n16-r8	8	c100	sample	0	0-SRR5935747	classified	2817388
20261008-064058-4a8f57c-d64a-n16-r8	8	c100	sample	0	0-SRR5935747	place	lpt
20261008-064058-4a8f57c-d64a-n16-r8	8	c100	sample	0	0-SRR5935747	weight	3036382
20261008-064058-4a8f57c-d64a-n16-r8	8	c100	engine.mem			t_s	150.1
20261008-064058-4a8f57c-d64a-n16-r8	8	c100	engine.mem			rss_kib	78679708
20261008-064058-4a8f57c-d64a-n16-r8	8	c100	engine.mem			hwm_kib	78679708
20261008-064058-4a8f57c-d64a-n16-r8	8	c100	engine.mem			heap_inuse	3817144320
20261008-064058-4a8f57c-d64a-n16-r8	8	c100	engine.mem			sys	6443876472
20261008-064058-4a8f57c-d64a-n16-r8	8	c100	engine.mem			avail_kib	48911872
20261008-064058-4a8f57c-d64a-n16-r8	8	c100	phase			batch-barrier-0	4.300755
20261008-064058-4a8f57c-d64a-n16-r8	8	c100	phase			batch-barrier-0.start_s	148.719084
20261008-064058-4a8f57c-d64a-n16-r8	8	c100	engine.mem			t_s	165.1
20261008-064058-4a8f57c-d64a-n16-r8	8	c100	engine.mem			rss_kib	78848732
20261008-064058-4a8f57c-d64a-n16-r8	8	c100	engine.mem			hwm_kib	78848732
20261008-064058-4a8f57c-d64a-n16-r8	8	c100	engine.mem			heap_inuse	4047421440
20261008-064058-4a8f57c-d64a-n16-r8	8	c100	engine.mem			sys	6922514664
20261008-064058-4a8f57c-d64a-n16-r8	8	c100	engine.mem			avail_kib	48748792
20261008-064058-4a8f57c-d64a-n16-r8	8	c100	sample	1	1-SRR5935748	mode	parallel
20261008-064058-4a8f57c-d64a-n16-r8	8	c100	sample	1	1-SRR5935748	s3client	sdk
20261008-064058-4a8f57c-d64a-n16-r8	8	c100	sample	1	1-SRR5935748	rank	8
20261008-064058-4a8f57c-d64a-n16-r8	8	c100	sample	1	1-SRR5935748	role	home
20261008-064058-4a8f57c-d64a-n16-r8	8	c100	sample	1	1-SRR5935748	inflight	1
20261008-064058-4a8f57c-d64a-n16-r8	8	c100	sample	1	1-SRR5935748	threads	16
20261008-064058-4a8f57c-d64a-n16-r8	8	c100	sample	1	1-SRR5935748	start_s	153.019866
20261008-064058-4a8f57c-d64a-n16-r8	8	c100	sample	1	1-SRR5935748	wall_s	13.310931
20261008-064058-4a8f57c-d64a-n16-r8	8	c100	sample	1	1-SRR5935748	setup_s	0.000066
20261008-064058-4a8f57c-d64a-n16-r8	8	c100	sample	1	1-SRR5935748	classify_s	12.869817
20261008-064058-4a8f57c-d64a-n16-r8	8	c100	sample	1	1-SRR5935748	close_s	0.232842
20261008-064058-4a8f57c-d64a-n16-r8	8	c100	sample	1	1-SRR5935748	report_s	0.192645
20261008-064058-4a8f57c-d64a-n16-r8	8	c100	sample	1	1-SRR5935748	status	0
20261008-064058-4a8f57c-d64a-n16-r8	8	c100	sample	1	1-SRR5935748	sequences	11859598
20261008-064058-4a8f57c-d64a-n16-r8	8	c100	sample	1	1-SRR5935748	bases	2188903487
20261008-064058-4a8f57c-d64a-n16-r8	8	c100	sample	1	1-SRR5935748	classified	10951240
20261008-064058-4a8f57c-d64a-n16-r8	8	c100	sample	1	1-SRR5935748	place	mod
20261008-064058-4a8f57c-d64a-n16-r8	8	c100	sample	1	1-SRR5935748	weight	11859598
20261008-064058-4a8f57c-d64a-n16-r8	8	c100	sample	1	1-SRR5935764	mode	parallel
20261008-064058-4a8f57c-d64a-n16-r8	8	c100	sample	1	1-SRR5935764	s3client	sdk
20261008-064058-4a8f57c-d64a-n16-r8	8	c100	sample	1	1-SRR5935764	rank	8
20261008-064058-4a8f57c-d64a-n16-r8	8	c100	sample	1	1-SRR5935764	role	home
20261008-064058-4a8f57c-d64a-n16-r8	8	c100	sample	1	1-SRR5935764	inflight	1
20261008-064058-4a8f57c-d64a-n16-r8	8	c100	sample	1	1-SRR5935764	threads	16
20261008-064058-4a8f57c-d64a-n16-r8	8	c100	sample	1	1-SRR5935764	start_s	166.330827
20261008-064058-4a8f57c-d64a-n16-r8	8	c100	sample	1	1-SRR5935764	wall_s	12.836754
20261008-064058-4a8f57c-d64a-n16-r8	8	c100	sample	1	1-SRR5935764	setup_s	0.000074
20261008-064058-4a8f57c-d64a-n16-r8	8	c100	sample	1	1-SRR5935764	classify_s	12.416606
20261008-064058-4a8f57c-d64a-n16-r8	8	c100	sample	1	1-SRR5935764	close_s	0.260018
20261008-064058-4a8f57c-d64a-n16-r8	8	c100	sample	1	1-SRR5935764	report_s	0.149937
20261008-064058-4a8f57c-d64a-n16-r8	8	c100	sample	1	1-SRR5935764	status	0
20261008-064058-4a8f57c-d64a-n16-r8	8	c100	sample	1	1-SRR5935764	sequences	11689489
20261008-064058-4a8f57c-d64a-n16-r8	8	c100	sample	1	1-SRR5935764	bases	2123440867
20261008-064058-4a8f57c-d64a-n16-r8	8	c100	sample	1	1-SRR5935764	classified	11327502
20261008-064058-4a8f57c-d64a-n16-r8	8	c100	sample	1	1-SRR5935764	place	mod
20261008-064058-4a8f57c-d64a-n16-r8	8	c100	sample	1	1-SRR5935764	weight	11689489
20261008-064058-4a8f57c-d64a-n16-r8	8	c100	engine.mem			t_s	180.1
20261008-064058-4a8f57c-d64a-n16-r8	8	c100	engine.mem			rss_kib	78417960
20261008-064058-4a8f57c-d64a-n16-r8	8	c100	engine.mem			hwm_kib	78959684
20261008-064058-4a8f57c-d64a-n16-r8	8	c100	engine.mem			heap_inuse	4076568576
20261008-064058-4a8f57c-d64a-n16-r8	8	c100	engine.mem			sys	6922514664
20261008-064058-4a8f57c-d64a-n16-r8	8	c100	engine.mem			avail_kib	48676336
20261008-064058-4a8f57c-d64a-n16-r8	8	c100	sample	1	1-SRR5935780	mode	parallel
20261008-064058-4a8f57c-d64a-n16-r8	8	c100	sample	1	1-SRR5935780	s3client	sdk
20261008-064058-4a8f57c-d64a-n16-r8	8	c100	sample	1	1-SRR5935780	rank	8
20261008-064058-4a8f57c-d64a-n16-r8	8	c100	sample	1	1-SRR5935780	role	home
20261008-064058-4a8f57c-d64a-n16-r8	8	c100	sample	1	1-SRR5935780	inflight	1
20261008-064058-4a8f57c-d64a-n16-r8	8	c100	sample	1	1-SRR5935780	threads	16
20261008-064058-4a8f57c-d64a-n16-r8	8	c100	sample	1	1-SRR5935780	start_s	179.167611
20261008-064058-4a8f57c-d64a-n16-r8	8	c100	sample	1	1-SRR5935780	wall_s	11.925470
20261008-064058-4a8f57c-d64a-n16-r8	8	c100	sample	1	1-SRR5935780	setup_s	0.000063
20261008-064058-4a8f57c-d64a-n16-r8	8	c100	sample	1	1-SRR5935780	classify_s	11.539191
20261008-064058-4a8f57c-d64a-n16-r8	8	c100	sample	1	1-SRR5935780	close_s	0.234738
20261008-064058-4a8f57c-d64a-n16-r8	8	c100	sample	1	1-SRR5935780	report_s	0.143549
20261008-064058-4a8f57c-d64a-n16-r8	8	c100	sample	1	1-SRR5935780	status	0
20261008-064058-4a8f57c-d64a-n16-r8	8	c100	sample	1	1-SRR5935780	sequences	10716528
20261008-064058-4a8f57c-d64a-n16-r8	8	c100	sample	1	1-SRR5935780	bases	1994960359
20261008-064058-4a8f57c-d64a-n16-r8	8	c100	sample	1	1-SRR5935780	classified	10376259
20261008-064058-4a8f57c-d64a-n16-r8	8	c100	sample	1	1-SRR5935780	place	mod
20261008-064058-4a8f57c-d64a-n16-r8	8	c100	sample	1	1-SRR5935780	weight	10716528
20261008-064058-4a8f57c-d64a-n16-r8	8	c100	engine.mem			t_s	195.1
20261008-064058-4a8f57c-d64a-n16-r8	8	c100	engine.mem			rss_kib	78246556
20261008-064058-4a8f57c-d64a-n16-r8	8	c100	engine.mem			hwm_kib	79007744
20261008-064058-4a8f57c-d64a-n16-r8	8	c100	engine.mem			heap_inuse	4064542720
20261008-064058-4a8f57c-d64a-n16-r8	8	c100	engine.mem			sys	6922514664
20261008-064058-4a8f57c-d64a-n16-r8	8	c100	engine.mem			avail_kib	49266808
20261008-064058-4a8f57c-d64a-n16-r8	8	c100	sample	1	1-SRR5935796	mode	parallel
20261008-064058-4a8f57c-d64a-n16-r8	8	c100	sample	1	1-SRR5935796	s3client	sdk
20261008-064058-4a8f57c-d64a-n16-r8	8	c100	sample	1	1-SRR5935796	rank	8
20261008-064058-4a8f57c-d64a-n16-r8	8	c100	sample	1	1-SRR5935796	role	home
20261008-064058-4a8f57c-d64a-n16-r8	8	c100	sample	1	1-SRR5935796	inflight	1
20261008-064058-4a8f57c-d64a-n16-r8	8	c100	sample	1	1-SRR5935796	threads	16
20261008-064058-4a8f57c-d64a-n16-r8	8	c100	sample	1	1-SRR5935796	start_s	191.093108
20261008-064058-4a8f57c-d64a-n16-r8	8	c100	sample	1	1-SRR5935796	wall_s	16.286584
20261008-064058-4a8f57c-d64a-n16-r8	8	c100	sample	1	1-SRR5935796	setup_s	0.000071
20261008-064058-4a8f57c-d64a-n16-r8	8	c100	sample	1	1-SRR5935796	classify_s	15.809963
20261008-064058-4a8f57c-d64a-n16-r8	8	c100	sample	1	1-SRR5935796	close_s	0.231449
20261008-064058-4a8f57c-d64a-n16-r8	8	c100	sample	1	1-SRR5935796	report_s	0.230232
20261008-064058-4a8f57c-d64a-n16-r8	8	c100	sample	1	1-SRR5935796	status	0
20261008-064058-4a8f57c-d64a-n16-r8	8	c100	sample	1	1-SRR5935796	sequences	14959235
20261008-064058-4a8f57c-d64a-n16-r8	8	c100	sample	1	1-SRR5935796	bases	2745665723
20261008-064058-4a8f57c-d64a-n16-r8	8	c100	sample	1	1-SRR5935796	classified	13888405
20261008-064058-4a8f57c-d64a-n16-r8	8	c100	sample	1	1-SRR5935796	place	mod
20261008-064058-4a8f57c-d64a-n16-r8	8	c100	sample	1	1-SRR5935796	weight	14959235
20261008-064058-4a8f57c-d64a-n16-r8	8	c100	engine.mem			t_s	210.1
20261008-064058-4a8f57c-d64a-n16-r8	8	c100	engine.mem			rss_kib	78062972
20261008-064058-4a8f57c-d64a-n16-r8	8	c100	engine.mem			hwm_kib	79007744
20261008-064058-4a8f57c-d64a-n16-r8	8	c100	engine.mem			heap_inuse	3249356800
20261008-064058-4a8f57c-d64a-n16-r8	8	c100	engine.mem			sys	6922514664
20261008-064058-4a8f57c-d64a-n16-r8	8	c100	engine.mem			avail_kib	49511724
20261008-064058-4a8f57c-d64a-n16-r8	8	c100	sample	1	1-SRR5935812	mode	parallel
20261008-064058-4a8f57c-d64a-n16-r8	8	c100	sample	1	1-SRR5935812	s3client	sdk
20261008-064058-4a8f57c-d64a-n16-r8	8	c100	sample	1	1-SRR5935812	rank	8
20261008-064058-4a8f57c-d64a-n16-r8	8	c100	sample	1	1-SRR5935812	role	home
20261008-064058-4a8f57c-d64a-n16-r8	8	c100	sample	1	1-SRR5935812	inflight	1
20261008-064058-4a8f57c-d64a-n16-r8	8	c100	sample	1	1-SRR5935812	threads	16
20261008-064058-4a8f57c-d64a-n16-r8	8	c100	sample	1	1-SRR5935812	start_s	207.379718
20261008-064058-4a8f57c-d64a-n16-r8	8	c100	sample	1	1-SRR5935812	wall_s	10.241112
20261008-064058-4a8f57c-d64a-n16-r8	8	c100	sample	1	1-SRR5935812	setup_s	0.000068
20261008-064058-4a8f57c-d64a-n16-r8	8	c100	sample	1	1-SRR5935812	classify_s	9.761201
20261008-064058-4a8f57c-d64a-n16-r8	8	c100	sample	1	1-SRR5935812	close_s	0.320687
20261008-064058-4a8f57c-d64a-n16-r8	8	c100	sample	1	1-SRR5935812	report_s	0.151782
20261008-064058-4a8f57c-d64a-n16-r8	8	c100	sample	1	1-SRR5935812	status	0
20261008-064058-4a8f57c-d64a-n16-r8	8	c100	sample	1	1-SRR5935812	sequences	9108174
20261008-064058-4a8f57c-d64a-n16-r8	8	c100	sample	1	1-SRR5935812	bases	1698332428
20261008-064058-4a8f57c-d64a-n16-r8	8	c100	sample	1	1-SRR5935812	classified	8923230
20261008-064058-4a8f57c-d64a-n16-r8	8	c100	sample	1	1-SRR5935812	place	mod
20261008-064058-4a8f57c-d64a-n16-r8	8	c100	sample	1	1-SRR5935812	weight	9108174
20261008-064058-4a8f57c-d64a-n16-r8	8	c100	engine.mem			t_s	225.1
20261008-064058-4a8f57c-d64a-n16-r8	8	c100	engine.mem			rss_kib	78394268
20261008-064058-4a8f57c-d64a-n16-r8	8	c100	engine.mem			hwm_kib	79007744
20261008-064058-4a8f57c-d64a-n16-r8	8	c100	engine.mem			heap_inuse	3121807360
20261008-064058-4a8f57c-d64a-n16-r8	8	c100	engine.mem			sys	6922612968
20261008-064058-4a8f57c-d64a-n16-r8	8	c100	engine.mem			avail_kib	49005076
20261008-064058-4a8f57c-d64a-n16-r8	8	c100	sample	1	1-SRR5935828	mode	parallel
20261008-064058-4a8f57c-d64a-n16-r8	8	c100	sample	1	1-SRR5935828	s3client	sdk
20261008-064058-4a8f57c-d64a-n16-r8	8	c100	sample	1	1-SRR5935828	rank	8
20261008-064058-4a8f57c-d64a-n16-r8	8	c100	sample	1	1-SRR5935828	role	home
20261008-064058-4a8f57c-d64a-n16-r8	8	c100	sample	1	1-SRR5935828	inflight	1
20261008-064058-4a8f57c-d64a-n16-r8	8	c100	sample	1	1-SRR5935828	threads	16
20261008-064058-4a8f57c-d64a-n16-r8	8	c100	sample	1	1-SRR5935828	start_s	217.620859
20261008-064058-4a8f57c-d64a-n16-r8	8	c100	sample	1	1-SRR5935828	wall_s	9.351576
20261008-064058-4a8f57c-d64a-n16-r8	8	c100	sample	1	1-SRR5935828	setup_s	0.000065
20261008-064058-4a8f57c-d64a-n16-r8	8	c100	sample	1	1-SRR5935828	classify_s	8.928533
20261008-064058-4a8f57c-d64a-n16-r8	8	c100	sample	1	1-SRR5935828	close_s	0.205205
20261008-064058-4a8f57c-d64a-n16-r8	8	c100	sample	1	1-SRR5935828	report_s	0.209788
20261008-064058-4a8f57c-d64a-n16-r8	8	c100	sample	1	1-SRR5935828	status	0
20261008-064058-4a8f57c-d64a-n16-r8	8	c100	sample	1	1-SRR5935828	sequences	8326050
20261008-064058-4a8f57c-d64a-n16-r8	8	c100	sample	1	1-SRR5935828	bases	1540092338
20261008-064058-4a8f57c-d64a-n16-r8	8	c100	sample	1	1-SRR5935828	classified	8094378
20261008-064058-4a8f57c-d64a-n16-r8	8	c100	sample	1	1-SRR5935828	place	mod
20261008-064058-4a8f57c-d64a-n16-r8	8	c100	sample	1	1-SRR5935828	weight	8326050
20261008-064058-4a8f57c-d64a-n16-r8	8	c100	engine.mem			t_s	240.1
20261008-064058-4a8f57c-d64a-n16-r8	8	c100	engine.mem			rss_kib	78392288
20261008-064058-4a8f57c-d64a-n16-r8	8	c100	engine.mem			hwm_kib	79007744
20261008-064058-4a8f57c-d64a-n16-r8	8	c100	engine.mem			heap_inuse	4358160384
20261008-064058-4a8f57c-d64a-n16-r8	8	c100	engine.mem			sys	6922612968
20261008-064058-4a8f57c-d64a-n16-r8	8	c100	engine.mem			avail_kib	49286496
20261008-064058-4a8f57c-d64a-n16-r8	8	c100	phase			batch-barrier-1	15.226164
20261008-064058-4a8f57c-d64a-n16-r8	8	c100	phase			batch-barrier-1.start_s	226.972469
20261008-064058-4a8f57c-d64a-n16-r8	8	c100	engine.mem			t_s	255.1
20261008-064058-4a8f57c-d64a-n16-r8	8	c100	engine.mem			rss_kib	78335644
20261008-064058-4a8f57c-d64a-n16-r8	8	c100	engine.mem			hwm_kib	79007744
20261008-064058-4a8f57c-d64a-n16-r8	8	c100	engine.mem			heap_inuse	5037596672
20261008-064058-4a8f57c-d64a-n16-r8	8	c100	engine.mem			sys	6922612968
20261008-064058-4a8f57c-d64a-n16-r8	8	c100	engine.mem			avail_kib	49264948
20261008-064058-4a8f57c-d64a-n16-r8	8	c100	sample	2	2-SRR5935802	mode	parallel
20261008-064058-4a8f57c-d64a-n16-r8	8	c100	sample	2	2-SRR5935802	s3client	sdk
20261008-064058-4a8f57c-d64a-n16-r8	8	c100	sample	2	2-SRR5935802	rank	8
20261008-064058-4a8f57c-d64a-n16-r8	8	c100	sample	2	2-SRR5935802	role	home
20261008-064058-4a8f57c-d64a-n16-r8	8	c100	sample	2	2-SRR5935802	inflight	1
20261008-064058-4a8f57c-d64a-n16-r8	8	c100	sample	2	2-SRR5935802	threads	16
20261008-064058-4a8f57c-d64a-n16-r8	8	c100	sample	2	2-SRR5935802	start_s	242.198679
20261008-064058-4a8f57c-d64a-n16-r8	8	c100	sample	2	2-SRR5935802	wall_s	18.347502
20261008-064058-4a8f57c-d64a-n16-r8	8	c100	sample	2	2-SRR5935802	setup_s	0.000051
20261008-064058-4a8f57c-d64a-n16-r8	8	c100	sample	2	2-SRR5935802	classify_s	17.877086
20261008-064058-4a8f57c-d64a-n16-r8	8	c100	sample	2	2-SRR5935802	close_s	0.314345
20261008-064058-4a8f57c-d64a-n16-r8	8	c100	sample	2	2-SRR5935802	report_s	0.147369
20261008-064058-4a8f57c-d64a-n16-r8	8	c100	sample	2	2-SRR5935802	status	0
20261008-064058-4a8f57c-d64a-n16-r8	8	c100	sample	2	2-SRR5935802	sequences	16720060
20261008-064058-4a8f57c-d64a-n16-r8	8	c100	sample	2	2-SRR5935802	bases	3103131942
20261008-064058-4a8f57c-d64a-n16-r8	8	c100	sample	2	2-SRR5935802	classified	16427692
20261008-064058-4a8f57c-d64a-n16-r8	8	c100	sample	2	2-SRR5935802	place	lpt
20261008-064058-4a8f57c-d64a-n16-r8	8	c100	sample	2	2-SRR5935802	weight	16720060
20261008-064058-4a8f57c-d64a-n16-r8	8	c100	engine.mem			t_s	270.1
20261008-064058-4a8f57c-d64a-n16-r8	8	c100	engine.mem			rss_kib	78845832
20261008-064058-4a8f57c-d64a-n16-r8	8	c100	engine.mem			hwm_kib	79007744
20261008-064058-4a8f57c-d64a-n16-r8	8	c100	engine.mem			heap_inuse	5164777472
20261008-064058-4a8f57c-d64a-n16-r8	8	c100	engine.mem			sys	6922612968
20261008-064058-4a8f57c-d64a-n16-r8	8	c100	engine.mem			avail_kib	48620716
20261008-064058-4a8f57c-d64a-n16-r8	8	c100	sample	2	2-SRR5935796	mode	parallel
20261008-064058-4a8f57c-d64a-n16-r8	8	c100	sample	2	2-SRR5935796	s3client	sdk
20261008-064058-4a8f57c-d64a-n16-r8	8	c100	sample	2	2-SRR5935796	rank	8
20261008-064058-4a8f57c-d64a-n16-r8	8	c100	sample	2	2-SRR5935796	role	home
20261008-064058-4a8f57c-d64a-n16-r8	8	c100	sample	2	2-SRR5935796	inflight	1
20261008-064058-4a8f57c-d64a-n16-r8	8	c100	sample	2	2-SRR5935796	threads	16
20261008-064058-4a8f57c-d64a-n16-r8	8	c100	sample	2	2-SRR5935796	start_s	260.546211
20261008-064058-4a8f57c-d64a-n16-r8	8	c100	sample	2	2-SRR5935796	wall_s	16.191170
20261008-064058-4a8f57c-d64a-n16-r8	8	c100	sample	2	2-SRR5935796	setup_s	0.000075
20261008-064058-4a8f57c-d64a-n16-r8	8	c100	sample	2	2-SRR5935796	classify_s	15.748169
20261008-064058-4a8f57c-d64a-n16-r8	8	c100	sample	2	2-SRR5935796	close_s	0.263072
20261008-064058-4a8f57c-d64a-n16-r8	8	c100	sample	2	2-SRR5935796	report_s	0.165305
20261008-064058-4a8f57c-d64a-n16-r8	8	c100	sample	2	2-SRR5935796	status	0
20261008-064058-4a8f57c-d64a-n16-r8	8	c100	sample	2	2-SRR5935796	sequences	14959235
20261008-064058-4a8f57c-d64a-n16-r8	8	c100	sample	2	2-SRR5935796	bases	2745665723
20261008-064058-4a8f57c-d64a-n16-r8	8	c100	sample	2	2-SRR5935796	classified	13888405
20261008-064058-4a8f57c-d64a-n16-r8	8	c100	sample	2	2-SRR5935796	place	lpt
20261008-064058-4a8f57c-d64a-n16-r8	8	c100	sample	2	2-SRR5935796	weight	14959235
20261008-064058-4a8f57c-d64a-n16-r8	8	c100	engine.mem			t_s	285.1
20261008-064058-4a8f57c-d64a-n16-r8	8	c100	engine.mem			rss_kib	78466740
20261008-064058-4a8f57c-d64a-n16-r8	8	c100	engine.mem			hwm_kib	79007744
20261008-064058-4a8f57c-d64a-n16-r8	8	c100	engine.mem			heap_inuse	3492380672
20261008-064058-4a8f57c-d64a-n16-r8	8	c100	engine.mem			sys	6922678504
20261008-064058-4a8f57c-d64a-n16-r8	8	c100	engine.mem			avail_kib	49057112
20261008-064058-4a8f57c-d64a-n16-r8	8	c100	sample	2	2-SRR5935822	mode	parallel
20261008-064058-4a8f57c-d64a-n16-r8	8	c100	sample	2	2-SRR5935822	s3client	sdk
20261008-064058-4a8f57c-d64a-n16-r8	8	c100	sample	2	2-SRR5935822	rank	8
20261008-064058-4a8f57c-d64a-n16-r8	8	c100	sample	2	2-SRR5935822	role	home
20261008-064058-4a8f57c-d64a-n16-r8	8	c100	sample	2	2-SRR5935822	inflight	1
20261008-064058-4a8f57c-d64a-n16-r8	8	c100	sample	2	2-SRR5935822	threads	16
20261008-064058-4a8f57c-d64a-n16-r8	8	c100	sample	2	2-SRR5935822	start_s	276.737406
20261008-064058-4a8f57c-d64a-n16-r8	8	c100	sample	2	2-SRR5935822	wall_s	14.613208
20261008-064058-4a8f57c-d64a-n16-r8	8	c100	sample	2	2-SRR5935822	setup_s	0.000064
20261008-064058-4a8f57c-d64a-n16-r8	8	c100	sample	2	2-SRR5935822	classify_s	14.230143
20261008-064058-4a8f57c-d64a-n16-r8	8	c100	sample	2	2-SRR5935822	close_s	0.224941
20261008-064058-4a8f57c-d64a-n16-r8	8	c100	sample	2	2-SRR5935822	report_s	0.150370
20261008-064058-4a8f57c-d64a-n16-r8	8	c100	sample	2	2-SRR5935822	status	0
20261008-064058-4a8f57c-d64a-n16-r8	8	c100	sample	2	2-SRR5935822	sequences	13365245
20261008-064058-4a8f57c-d64a-n16-r8	8	c100	sample	2	2-SRR5935822	bases	2460327516
20261008-064058-4a8f57c-d64a-n16-r8	8	c100	sample	2	2-SRR5935822	classified	13192260
20261008-064058-4a8f57c-d64a-n16-r8	8	c100	sample	2	2-SRR5935822	place	lpt
20261008-064058-4a8f57c-d64a-n16-r8	8	c100	sample	2	2-SRR5935822	weight	13365245
20261008-064058-4a8f57c-d64a-n16-r8	8	c100	engine.mem			t_s	300.1
20261008-064058-4a8f57c-d64a-n16-r8	8	c100	engine.mem			rss_kib	79055764
20261008-064058-4a8f57c-d64a-n16-r8	8	c100	engine.mem			hwm_kib	79247732
20261008-064058-4a8f57c-d64a-n16-r8	8	c100	engine.mem			heap_inuse	5516238848
20261008-064058-4a8f57c-d64a-n16-r8	8	c100	engine.mem			sys	6923923688
20261008-064058-4a8f57c-d64a-n16-r8	8	c100	engine.mem			avail_kib	48318992
20261008-064058-4a8f57c-d64a-n16-r8	8	c100	sample	2	2-SRR5935746	mode	parallel
20261008-064058-4a8f57c-d64a-n16-r8	8	c100	sample	2	2-SRR5935746	s3client	sdk
20261008-064058-4a8f57c-d64a-n16-r8	8	c100	sample	2	2-SRR5935746	rank	8
20261008-064058-4a8f57c-d64a-n16-r8	8	c100	sample	2	2-SRR5935746	role	home
20261008-064058-4a8f57c-d64a-n16-r8	8	c100	sample	2	2-SRR5935746	inflight	1
20261008-064058-4a8f57c-d64a-n16-r8	8	c100	sample	2	2-SRR5935746	threads	16
20261008-064058-4a8f57c-d64a-n16-r8	8	c100	sample	2	2-SRR5935746	start_s	291.350643
20261008-064058-4a8f57c-d64a-n16-r8	8	c100	sample	2	2-SRR5935746	wall_s	12.387824
20261008-064058-4a8f57c-d64a-n16-r8	8	c100	sample	2	2-SRR5935746	setup_s	0.000075
20261008-064058-4a8f57c-d64a-n16-r8	8	c100	sample	2	2-SRR5935746	classify_s	11.870214
20261008-064058-4a8f57c-d64a-n16-r8	8	c100	sample	2	2-SRR5935746	close_s	0.285780
20261008-064058-4a8f57c-d64a-n16-r8	8	c100	sample	2	2-SRR5935746	report_s	0.223830
20261008-064058-4a8f57c-d64a-n16-r8	8	c100	sample	2	2-SRR5935746	status	0
20261008-064058-4a8f57c-d64a-n16-r8	8	c100	sample	2	2-SRR5935746	sequences	11012615
20261008-064058-4a8f57c-d64a-n16-r8	8	c100	sample	2	2-SRR5935746	bases	2057953866
20261008-064058-4a8f57c-d64a-n16-r8	8	c100	sample	2	2-SRR5935746	classified	10686469
20261008-064058-4a8f57c-d64a-n16-r8	8	c100	sample	2	2-SRR5935746	place	lpt
20261008-064058-4a8f57c-d64a-n16-r8	8	c100	sample	2	2-SRR5935746	weight	11012615
20261008-064058-4a8f57c-d64a-n16-r8	8	c100	sample	2	2-SRR5935771	mode	parallel
20261008-064058-4a8f57c-d64a-n16-r8	8	c100	sample	2	2-SRR5935771	s3client	sdk
20261008-064058-4a8f57c-d64a-n16-r8	8	c100	sample	2	2-SRR5935771	rank	8
20261008-064058-4a8f57c-d64a-n16-r8	8	c100	sample	2	2-SRR5935771	role	home
20261008-064058-4a8f57c-d64a-n16-r8	8	c100	sample	2	2-SRR5935771	inflight	1
20261008-064058-4a8f57c-d64a-n16-r8	8	c100	sample	2	2-SRR5935771	threads	16
20261008-064058-4a8f57c-d64a-n16-r8	8	c100	sample	2	2-SRR5935771	start_s	303.738495
20261008-064058-4a8f57c-d64a-n16-r8	8	c100	sample	2	2-SRR5935771	wall_s	10.381380
20261008-064058-4a8f57c-d64a-n16-r8	8	c100	sample	2	2-SRR5935771	setup_s	0.000073
20261008-064058-4a8f57c-d64a-n16-r8	8	c100	sample	2	2-SRR5935771	classify_s	9.953312
20261008-064058-4a8f57c-d64a-n16-r8	8	c100	sample	2	2-SRR5935771	close_s	0.214297
20261008-064058-4a8f57c-d64a-n16-r8	8	c100	sample	2	2-SRR5935771	report_s	0.202004
20261008-064058-4a8f57c-d64a-n16-r8	8	c100	sample	2	2-SRR5935771	status	0
20261008-064058-4a8f57c-d64a-n16-r8	8	c100	sample	2	2-SRR5935771	sequences	9230220
20261008-064058-4a8f57c-d64a-n16-r8	8	c100	sample	2	2-SRR5935771	bases	1688151903
20261008-064058-4a8f57c-d64a-n16-r8	8	c100	sample	2	2-SRR5935771	classified	8736529
20261008-064058-4a8f57c-d64a-n16-r8	8	c100	sample	2	2-SRR5935771	place	lpt
20261008-064058-4a8f57c-d64a-n16-r8	8	c100	sample	2	2-SRR5935771	weight	9230220
20261008-064058-4a8f57c-d64a-n16-r8	8	c100	engine.mem			t_s	315.1
20261008-064058-4a8f57c-d64a-n16-r8	8	c100	engine.mem			rss_kib	77889196
20261008-064058-4a8f57c-d64a-n16-r8	8	c100	engine.mem			hwm_kib	79247732
20261008-064058-4a8f57c-d64a-n16-r8	8	c100	engine.mem			heap_inuse	3824828416
20261008-064058-4a8f57c-d64a-n16-r8	8	c100	engine.mem			sys	6923923688
20261008-064058-4a8f57c-d64a-n16-r8	8	c100	engine.mem			avail_kib	49464932
20261008-064058-4a8f57c-d64a-n16-r8	8	c100	sample	2	2-SRR5935747	mode	parallel
20261008-064058-4a8f57c-d64a-n16-r8	8	c100	sample	2	2-SRR5935747	s3client	sdk
20261008-064058-4a8f57c-d64a-n16-r8	8	c100	sample	2	2-SRR5935747	rank	8
20261008-064058-4a8f57c-d64a-n16-r8	8	c100	sample	2	2-SRR5935747	role	home
20261008-064058-4a8f57c-d64a-n16-r8	8	c100	sample	2	2-SRR5935747	inflight	1
20261008-064058-4a8f57c-d64a-n16-r8	8	c100	sample	2	2-SRR5935747	threads	16
20261008-064058-4a8f57c-d64a-n16-r8	8	c100	sample	2	2-SRR5935747	start_s	314.119904
20261008-064058-4a8f57c-d64a-n16-r8	8	c100	sample	2	2-SRR5935747	wall_s	3.965041
20261008-064058-4a8f57c-d64a-n16-r8	8	c100	sample	2	2-SRR5935747	setup_s	0.000065
20261008-064058-4a8f57c-d64a-n16-r8	8	c100	sample	2	2-SRR5935747	classify_s	3.609495
20261008-064058-4a8f57c-d64a-n16-r8	8	c100	sample	2	2-SRR5935747	close_s	0.208208
20261008-064058-4a8f57c-d64a-n16-r8	8	c100	sample	2	2-SRR5935747	report_s	0.141183
20261008-064058-4a8f57c-d64a-n16-r8	8	c100	sample	2	2-SRR5935747	status	0
20261008-064058-4a8f57c-d64a-n16-r8	8	c100	sample	2	2-SRR5935747	sequences	3036382
20261008-064058-4a8f57c-d64a-n16-r8	8	c100	sample	2	2-SRR5935747	bases	569204188
20261008-064058-4a8f57c-d64a-n16-r8	8	c100	sample	2	2-SRR5935747	classified	2817388
20261008-064058-4a8f57c-d64a-n16-r8	8	c100	sample	2	2-SRR5935747	place	lpt
20261008-064058-4a8f57c-d64a-n16-r8	8	c100	sample	2	2-SRR5935747	weight	3036382
20261008-064058-4a8f57c-d64a-n16-r8	8	c100	phase			batch-barrier-2	5.450621
20261008-064058-4a8f57c-d64a-n16-r8	8	c100	phase			batch-barrier-2.start_s	318.084967
20261008-064058-4a8f57c-d64a-n16-r8	8	c100	phase			barrier	0.166940
20261008-064058-4a8f57c-d64a-n16-r8	8	c100	phase			barrier.start_s	329.621155
20261008-064058-4a8f57c-d64a-n16-r8	8	c100	sample	3	3-SRR5935740	mode	striped
20261008-064058-4a8f57c-d64a-n16-r8	8	c100	sample	3	3-SRR5935740	s3client	sdk
20261008-064058-4a8f57c-d64a-n16-r8	8	c100	sample	3	3-SRR5935740	rank	8
20261008-064058-4a8f57c-d64a-n16-r8	8	c100	sample	3	3-SRR5935740	role	peer
20261008-064058-4a8f57c-d64a-n16-r8	8	c100	sample	3	3-SRR5935740	inflight	1
20261008-064058-4a8f57c-d64a-n16-r8	8	c100	sample	3	3-SRR5935740	threads	16
20261008-064058-4a8f57c-d64a-n16-r8	8	c100	sample	3	3-SRR5935740	start_s	323.989853
20261008-064058-4a8f57c-d64a-n16-r8	8	c100	sample	3	3-SRR5935740	wall_s	5.798292
20261008-064058-4a8f57c-d64a-n16-r8	8	c100	sample	3	3-SRR5935740	setup_s	0.000050
20261008-064058-4a8f57c-d64a-n16-r8	8	c100	sample	3	3-SRR5935740	classify_s	5.627282
20261008-064058-4a8f57c-d64a-n16-r8	8	c100	sample	3	3-SRR5935740	close_s	0.000000
20261008-064058-4a8f57c-d64a-n16-r8	8	c100	sample	3	3-SRR5935740	report_s	0.000000
20261008-064058-4a8f57c-d64a-n16-r8	8	c100	sample	3	3-SRR5935740	status	0
20261008-064058-4a8f57c-d64a-n16-r8	8	c100	sample	3	3-SRR5935740	sequences	0
20261008-064058-4a8f57c-d64a-n16-r8	8	c100	sample	3	3-SRR5935740	bases	0
20261008-064058-4a8f57c-d64a-n16-r8	8	c100	sample	3	3-SRR5935740	classified	0
20261008-064058-4a8f57c-d64a-n16-r8	8	c100	sample	3	3-SRR5935740	place	-
20261008-064058-4a8f57c-d64a-n16-r8	8	c100	sample	3	3-SRR5935740	weight	-
20261008-064058-4a8f57c-d64a-n16-r8	8	c100	engine.mem			t_s	330.1
20261008-064058-4a8f57c-d64a-n16-r8	8	c100	engine.mem			rss_kib	76240840
20261008-064058-4a8f57c-d64a-n16-r8	8	c100	engine.mem			hwm_kib	79247732
20261008-064058-4a8f57c-d64a-n16-r8	8	c100	engine.mem			heap_inuse	3662528512
20261008-064058-4a8f57c-d64a-n16-r8	8	c100	engine.mem			sys	6923923688
20261008-064058-4a8f57c-d64a-n16-r8	8	c100	engine.mem			avail_kib	51486436
20261008-064058-4a8f57c-d64a-n16-r8	8	c100	phase			batch-barrier-3	0.504150
20261008-064058-4a8f57c-d64a-n16-r8	8	c100	phase			batch-barrier-3.start_s	329.788157
20261008-064058-4a8f57c-d64a-n16-r8	8	c100	phase			barrier	0.341049
20261008-064058-4a8f57c-d64a-n16-r8	8	c100	phase			barrier.start_s	336.653943
20261008-064058-4a8f57c-d64a-n16-r8	8	c100	sample	4	4-SRR5935740	mode	striped
20261008-064058-4a8f57c-d64a-n16-r8	8	c100	sample	4	4-SRR5935740	s3client	sdk
20261008-064058-4a8f57c-d64a-n16-r8	8	c100	sample	4	4-SRR5935740	rank	8
20261008-064058-4a8f57c-d64a-n16-r8	8	c100	sample	4	4-SRR5935740	role	peer
20261008-064058-4a8f57c-d64a-n16-r8	8	c100	sample	4	4-SRR5935740	inflight	1
20261008-064058-4a8f57c-d64a-n16-r8	8	c100	sample	4	4-SRR5935740	threads	16
20261008-064058-4a8f57c-d64a-n16-r8	8	c100	sample	4	4-SRR5935740	start_s	331.051424
20261008-064058-4a8f57c-d64a-n16-r8	8	c100	sample	4	4-SRR5935740	wall_s	5.943613
20261008-064058-4a8f57c-d64a-n16-r8	8	c100	sample	4	4-SRR5935740	setup_s	0.000068
20261008-064058-4a8f57c-d64a-n16-r8	8	c100	sample	4	4-SRR5935740	classify_s	5.598202
20261008-064058-4a8f57c-d64a-n16-r8	8	c100	sample	4	4-SRR5935740	close_s	0.000000
20261008-064058-4a8f57c-d64a-n16-r8	8	c100	sample	4	4-SRR5935740	report_s	0.000000
20261008-064058-4a8f57c-d64a-n16-r8	8	c100	sample	4	4-SRR5935740	status	0
20261008-064058-4a8f57c-d64a-n16-r8	8	c100	sample	4	4-SRR5935740	sequences	0
20261008-064058-4a8f57c-d64a-n16-r8	8	c100	sample	4	4-SRR5935740	bases	0
20261008-064058-4a8f57c-d64a-n16-r8	8	c100	sample	4	4-SRR5935740	classified	0
20261008-064058-4a8f57c-d64a-n16-r8	8	c100	sample	4	4-SRR5935740	place	-
20261008-064058-4a8f57c-d64a-n16-r8	8	c100	sample	4	4-SRR5935740	weight	-
20261008-064058-4a8f57c-d64a-n16-r8	8	c100	phase			batch-barrier-4	0.542403
20261008-064058-4a8f57c-d64a-n16-r8	8	c100	phase			batch-barrier-4.start_s	336.995050
20261008-064058-4a8f57c-d64a-n16-r8	8	c100	phase			barrier	0.179769
20261008-064058-4a8f57c-d64a-n16-r8	8	c100	phase			barrier.start_s	343.881044
20261008-064058-4a8f57c-d64a-n16-r8	8	c100	sample	5	5-SRR5935740	mode	striped
20261008-064058-4a8f57c-d64a-n16-r8	8	c100	sample	5	5-SRR5935740	s3client	sdk
20261008-064058-4a8f57c-d64a-n16-r8	8	c100	sample	5	5-SRR5935740	rank	8
20261008-064058-4a8f57c-d64a-n16-r8	8	c100	sample	5	5-SRR5935740	role	peer
20261008-064058-4a8f57c-d64a-n16-r8	8	c100	sample	5	5-SRR5935740	inflight	1
20261008-064058-4a8f57c-d64a-n16-r8	8	c100	sample	5	5-SRR5935740	threads	16
20261008-064058-4a8f57c-d64a-n16-r8	8	c100	sample	5	5-SRR5935740	start_s	338.269918
20261008-064058-4a8f57c-d64a-n16-r8	8	c100	sample	5	5-SRR5935740	wall_s	5.790939
20261008-064058-4a8f57c-d64a-n16-r8	8	c100	sample	5	5-SRR5935740	setup_s	0.000054
20261008-064058-4a8f57c-d64a-n16-r8	8	c100	sample	5	5-SRR5935740	classify_s	5.606888
20261008-064058-4a8f57c-d64a-n16-r8	8	c100	sample	5	5-SRR5935740	close_s	0.000000
20261008-064058-4a8f57c-d64a-n16-r8	8	c100	sample	5	5-SRR5935740	report_s	0.000000
20261008-064058-4a8f57c-d64a-n16-r8	8	c100	sample	5	5-SRR5935740	status	0
20261008-064058-4a8f57c-d64a-n16-r8	8	c100	sample	5	5-SRR5935740	sequences	0
20261008-064058-4a8f57c-d64a-n16-r8	8	c100	sample	5	5-SRR5935740	bases	0
20261008-064058-4a8f57c-d64a-n16-r8	8	c100	sample	5	5-SRR5935740	classified	0
20261008-064058-4a8f57c-d64a-n16-r8	8	c100	sample	5	5-SRR5935740	place	-
20261008-064058-4a8f57c-d64a-n16-r8	8	c100	sample	5	5-SRR5935740	weight	-
20261008-064058-4a8f57c-d64a-n16-r8	8	c100	phase			batch-barrier-5	0.531838
20261008-064058-4a8f57c-d64a-n16-r8	8	c100	phase			batch-barrier-5.start_s	344.060867
20261008-064058-4a8f57c-d64a-n16-r8	8	c100	engine.mem			t_s	345.1
20261008-064058-4a8f57c-d64a-n16-r8	8	c100	engine.mem			rss_kib	76294432
20261008-064058-4a8f57c-d64a-n16-r8	8	c100	engine.mem			hwm_kib	79247732
20261008-064058-4a8f57c-d64a-n16-r8	8	c100	engine.mem			heap_inuse	3544645632
20261008-064058-4a8f57c-d64a-n16-r8	8	c100	engine.mem			sys	6923923688
20261008-064058-4a8f57c-d64a-n16-r8	8	c100	engine.mem			avail_kib	51330876
20261008-064058-4a8f57c-d64a-n16-r8	8	c100	phase			batch-barrier-6	11.102670
20261008-064058-4a8f57c-d64a-n16-r8	8	c100	phase			batch-barrier-6.start_s	344.592723
20261008-064058-4a8f57c-d64a-n16-r8	8	c100	engine.mem			t_s	360.1
20261008-064058-4a8f57c-d64a-n16-r8	8	c100	engine.mem			rss_kib	76294432
20261008-064058-4a8f57c-d64a-n16-r8	8	c100	engine.mem			hwm_kib	79247732
20261008-064058-4a8f57c-d64a-n16-r8	8	c100	engine.mem			heap_inuse	3546259456
20261008-064058-4a8f57c-d64a-n16-r8	8	c100	engine.mem			sys	6923923688
20261008-064058-4a8f57c-d64a-n16-r8	8	c100	engine.mem			avail_kib	51477732
20261008-064058-4a8f57c-d64a-n16-r8	8	c100	phase			batch-barrier-7	9.161600
20261008-064058-4a8f57c-d64a-n16-r8	8	c100	phase			batch-barrier-7.start_s	355.695414
20261008-064058-4a8f57c-d64a-n16-r8	8	c100	engine.mem			t_s	375.1
20261008-064058-4a8f57c-d64a-n16-r8	8	c100	engine.mem			rss_kib	76294440
20261008-064058-4a8f57c-d64a-n16-r8	8	c100	engine.mem			hwm_kib	79247732
20261008-064058-4a8f57c-d64a-n16-r8	8	c100	engine.mem			heap_inuse	3548217344
20261008-064058-4a8f57c-d64a-n16-r8	8	c100	engine.mem			sys	6923923688
20261008-064058-4a8f57c-d64a-n16-r8	8	c100	engine.mem			avail_kib	51519488
20261008-064058-4a8f57c-d64a-n16-r8	8	c100	phase			batch-barrier-8	10.304633
20261008-064058-4a8f57c-d64a-n16-r8	8	c100	phase			batch-barrier-8.start_s	364.857035
20261008-064058-4a8f57c-d64a-n16-r8	8	c100	engine.shard			index	0
20261008-064058-4a8f57c-d64a-n16-r8	8	c100	engine.shard			n	16
20261008-064058-4a8f57c-d64a-n16-r8	8	c100	engine.shard			lo	148636458971
20261008-064058-4a8f57c-d64a-n16-r8	8	c100	engine.shard			hi	167216016342
20261008-064058-4a8f57c-d64a-n16-r8	8	c100	engine.shard			tail	302
20261008-064058-4a8f57c-d64a-n16-r8	8	c100	engine.shard			full	false
20261008-064058-4a8f57c-d64a-n16-r8	8	c100	engine.shard			empty_at	18579557372
20261008-064058-4a8f57c-d64a-n16-r8	8	c100	engine.shard			keys	8480894883
20261008-064058-4a8f57c-d64a-n16-r8	8	c100	engine.shard			batches	89910
20261008-064058-4a8f57c-d64a-n16-r8	8	c100	engine.shard			probe_s	244.079357
20261008-064058-4a8f57c-d64a-n16-r8	8	c100	engine.shard			tail_probes	0
20261008-064058-4a8f57c-d64a-n16-r8	8	c100	engine.shard			wrap_probes	0
20261008-064058-4a8f57c-d64a-n16-r8	8	c100	engine.mem			t_s	375.2
20261008-064058-4a8f57c-d64a-n16-r8	8	c100	engine.mem			rss_kib	76294440
20261008-064058-4a8f57c-d64a-n16-r8	8	c100	engine.mem			hwm_kib	79247732
20261008-064058-4a8f57c-d64a-n16-r8	8	c100	engine.mem			heap_inuse	3548241920
20261008-064058-4a8f57c-d64a-n16-r8	8	c100	engine.mem			sys	6923923688
20261008-064058-4a8f57c-d64a-n16-r8	8	c100	engine.mem			avail_kib	51515928
20261008-064058-4a8f57c-d64a-n16-r8	8	c100	engine.rendezvous			puts	13
20261008-064058-4a8f57c-d64a-n16-r8	8	c100	engine.rendezvous			gets	487
20261008-064058-4a8f57c-d64a-n16-r8	8	c100	engine.s3			client	sdk
20261008-064058-4a8f57c-d64a-n16-r8	8	c100	engine.s3			put	31
20261008-064058-4a8f57c-d64a-n16-r8	8	c100	engine.s3			get	487
20261008-064058-4a8f57c-d64a-n16-r8	8	c100	engine.s3			create_multipart	18
20261008-064058-4a8f57c-d64a-n16-r8	8	c100	engine.s3			upload_part	2148
20261008-064058-4a8f57c-d64a-n16-r8	8	c100	engine.s3			complete_multipart	18
20261008-064058-4a8f57c-d64a-n16-r8	8	c100	engine.s3			abort_multipart	0
20261008-064058-4a8f57c-d64a-n16-r8	8	c100	engine.s3			part_bytes	17957403705
20261008-064058-4a8f57c-d64a-n16-r8	8	c100	engine.s3			client	cli
20261008-064058-4a8f57c-d64a-n16-r8	8	c100	engine.s3			put	0
20261008-064058-4a8f57c-d64a-n16-r8	8	c100	engine.s3			get	0
20261008-064058-4a8f57c-d64a-n16-r8	8	c100	engine.s3			create_multipart	0
20261008-064058-4a8f57c-d64a-n16-r8	8	c100	engine.s3			upload_part	0
20261008-064058-4a8f57c-d64a-n16-r8	8	c100	engine.s3			complete_multipart	0
20261008-064058-4a8f57c-d64a-n16-r8	8	c100	engine.s3			abort_multipart	0
20261008-064058-4a8f57c-d64a-n16-r8	8	c100	engine.s3			part_bytes	0
20261008-064058-4a8f57c-d64a-n16-r8	8	c100	engine.load			seconds	58.930837
20261008-064058-4a8f57c-d64a-n16-r8	8	c100	engine.load			requests	1126
20261008-064058-4a8f57c-d64a-n16-r8	8	c100	engine.load			retries	0
20261008-064058-4a8f57c-d64a-n16-r8	8	c100	engine.load			bytes	74318296292
20261008-064058-4a8f57c-d64a-n16-r8	8	c100	engine.route			transport	nodes
20261008-064058-4a8f57c-d64a-n16-r8	8	c100	engine.route			calls	5383
20261008-064058-4a8f57c-d64a-n16-r8	8	c100	engine.route			keys	8095663616
20261008-064058-4a8f57c-d64a-n16-r8	8	c100	engine.route			batches	86128
20261008-064058-4a8f57c-d64a-n16-r8	8	c100	engine.route			route_s	101.368345
20261008-064058-4a8f57c-d64a-n16-r8	8	c100	engine.route			wait_s	320.948311
20261008-064058-4a8f57c-d64a-n16-r8	8	c100	engine.route			gather_s	19.387796
20261008-064058-4a8f57c-d64a-n16-r8	8	c100	engine.worker			scan_s	756.136883
20261008-064058-4a8f57c-d64a-n16-r8	8	c100	engine.worker			lookup_s	441.710570
20261008-064058-4a8f57c-d64a-n16-r8	8	c100	engine.worker			classify_s	679.631830
20261008-064058-4a8f57c-d64a-n16-r8	8	c100	phase			total	375.304187
20261008-064058-4a8f57c-d64a-n16-r8	8	c100	phase			total.start_s	0.000001
20261008-064058-4a8f57c-d64a-n16-r9	9	c100	phase			taxo	0.105167
20261008-064058-4a8f57c-d64a-n16-r9	9	c100	phase			taxo.start_s	0.002925
20261008-064058-4a8f57c-d64a-n16-r9	9	c100	engine.mem			t_s	15.0
20261008-064058-4a8f57c-d64a-n16-r9	9	c100	engine.mem			rss_kib	25891048
20261008-064058-4a8f57c-d64a-n16-r9	9	c100	engine.mem			hwm_kib	25891052
20261008-064058-4a8f57c-d64a-n16-r9	9	c100	engine.mem			heap_inuse	394805248
20261008-064058-4a8f57c-d64a-n16-r9	9	c100	engine.mem			sys	409745768
20261008-064058-4a8f57c-d64a-n16-r9	9	c100	engine.mem			avail_kib	101767428
20261008-064058-4a8f57c-d64a-n16-r9	9	c100	engine.mem			t_s	30.0
20261008-064058-4a8f57c-d64a-n16-r9	9	c100	engine.mem			rss_kib	46591968
20261008-064058-4a8f57c-d64a-n16-r9	9	c100	engine.mem			hwm_kib	46591972
20261008-064058-4a8f57c-d64a-n16-r9	9	c100	engine.mem			heap_inuse	396550144
20261008-064058-4a8f57c-d64a-n16-r9	9	c100	engine.mem			sys	409745768
20261008-064058-4a8f57c-d64a-n16-r9	9	c100	engine.mem			avail_kib	81007232
20261008-064058-4a8f57c-d64a-n16-r9	9	c100	engine.mem			t_s	45.0
20261008-064058-4a8f57c-d64a-n16-r9	9	c100	engine.mem			rss_kib	67304756
20261008-064058-4a8f57c-d64a-n16-r9	9	c100	engine.mem			hwm_kib	67304760
20261008-064058-4a8f57c-d64a-n16-r9	9	c100	engine.mem			heap_inuse	398221312
20261008-064058-4a8f57c-d64a-n16-r9	9	c100	engine.mem			sys	414005608
20261008-064058-4a8f57c-d64a-n16-r9	9	c100	engine.mem			avail_kib	60257604
20261008-064058-4a8f57c-d64a-n16-r9	9	c100	phase			shard-load-9	48.691043
20261008-064058-4a8f57c-d64a-n16-r9	9	c100	phase			shard-load-9.start_s	0.177914
20261008-064058-4a8f57c-d64a-n16-r9	9	c100	engine.mem			t_s	60.0
20261008-064058-4a8f57c-d64a-n16-r9	9	c100	engine.mem			rss_kib	72972208
20261008-064058-4a8f57c-d64a-n16-r9	9	c100	engine.mem			hwm_kib	72972212
20261008-064058-4a8f57c-d64a-n16-r9	9	c100	engine.mem			heap_inuse	403103744
20261008-064058-4a8f57c-d64a-n16-r9	9	c100	engine.mem			sys	418199912
20261008-064058-4a8f57c-d64a-n16-r9	9	c100	engine.mem			avail_kib	54821016
20261008-064058-4a8f57c-d64a-n16-r9	9	c100	phase			rendezvous	18.977427
20261008-064058-4a8f57c-d64a-n16-r9	9	c100	phase			rendezvous.start_s	49.345021
20261008-064058-4a8f57c-d64a-n16-r9	9	c100	phase			connect	0.028840
20261008-064058-4a8f57c-d64a-n16-r9	9	c100	phase			connect.start_s	68.322462
20261008-064058-4a8f57c-d64a-n16-r9	9	c100	phase			hash	68.243140
20261008-064058-4a8f57c-d64a-n16-r9	9	c100	phase			hash.start_s	0.108176
20261008-064058-4a8f57c-d64a-n16-r9	9	c100	engine.mem			t_s	75.0
20261008-064058-4a8f57c-d64a-n16-r9	9	c100	engine.mem			rss_kib	78176872
20261008-064058-4a8f57c-d64a-n16-r9	9	c100	engine.mem			hwm_kib	78176872
20261008-064058-4a8f57c-d64a-n16-r9	9	c100	engine.mem			heap_inuse	3144581120
20261008-064058-4a8f57c-d64a-n16-r9	9	c100	engine.mem			sys	5870264168
20261008-064058-4a8f57c-d64a-n16-r9	9	c100	engine.mem			avail_kib	49097852
20261008-064058-4a8f57c-d64a-n16-r9	9	c100	sample	0	0-SRR5935807	mode	parallel
20261008-064058-4a8f57c-d64a-n16-r9	9	c100	sample	0	0-SRR5935807	s3client	sdk
20261008-064058-4a8f57c-d64a-n16-r9	9	c100	sample	0	0-SRR5935807	rank	9
20261008-064058-4a8f57c-d64a-n16-r9	9	c100	sample	0	0-SRR5935807	role	home
20261008-064058-4a8f57c-d64a-n16-r9	9	c100	sample	0	0-SRR5935807	inflight	1
20261008-064058-4a8f57c-d64a-n16-r9	9	c100	sample	0	0-SRR5935807	threads	16
20261008-064058-4a8f57c-d64a-n16-r9	9	c100	sample	0	0-SRR5935807	start_s	68.351350
20261008-064058-4a8f57c-d64a-n16-r9	9	c100	sample	0	0-SRR5935807	wall_s	17.548731
20261008-064058-4a8f57c-d64a-n16-r9	9	c100	sample	0	0-SRR5935807	setup_s	0.000066
20261008-064058-4a8f57c-d64a-n16-r9	9	c100	sample	0	0-SRR5935807	classify_s	17.081176
20261008-064058-4a8f57c-d64a-n16-r9	9	c100	sample	0	0-SRR5935807	close_s	0.277623
20261008-064058-4a8f57c-d64a-n16-r9	9	c100	sample	0	0-SRR5935807	report_s	0.168119
20261008-064058-4a8f57c-d64a-n16-r9	9	c100	sample	0	0-SRR5935807	status	0
20261008-064058-4a8f57c-d64a-n16-r9	9	c100	sample	0	0-SRR5935807	sequences	16708997
20261008-064058-4a8f57c-d64a-n16-r9	9	c100	sample	0	0-SRR5935807	bases	3043023590
20261008-064058-4a8f57c-d64a-n16-r9	9	c100	sample	0	0-SRR5935807	classified	15000245
20261008-064058-4a8f57c-d64a-n16-r9	9	c100	sample	0	0-SRR5935807	place	lpt
20261008-064058-4a8f57c-d64a-n16-r9	9	c100	sample	0	0-SRR5935807	weight	16708997
20261008-064058-4a8f57c-d64a-n16-r9	9	c100	engine.mem			t_s	90.0
20261008-064058-4a8f57c-d64a-n16-r9	9	c100	engine.mem			rss_kib	78196320
20261008-064058-4a8f57c-d64a-n16-r9	9	c100	engine.mem			hwm_kib	78411072
20261008-064058-4a8f57c-d64a-n16-r9	9	c100	engine.mem			heap_inuse	3170164736
20261008-064058-4a8f57c-d64a-n16-r9	9	c100	engine.mem			sys	6079340456
20261008-064058-4a8f57c-d64a-n16-r9	9	c100	engine.mem			avail_kib	49035328
20261008-064058-4a8f57c-d64a-n16-r9	9	c100	sample	0	0-SRR5935800	mode	parallel
20261008-064058-4a8f57c-d64a-n16-r9	9	c100	sample	0	0-SRR5935800	s3client	sdk
20261008-064058-4a8f57c-d64a-n16-r9	9	c100	sample	0	0-SRR5935800	rank	9
20261008-064058-4a8f57c-d64a-n16-r9	9	c100	sample	0	0-SRR5935800	role	home
20261008-064058-4a8f57c-d64a-n16-r9	9	c100	sample	0	0-SRR5935800	inflight	1
20261008-064058-4a8f57c-d64a-n16-r9	9	c100	sample	0	0-SRR5935800	threads	16
20261008-064058-4a8f57c-d64a-n16-r9	9	c100	sample	0	0-SRR5935800	start_s	85.900103
20261008-064058-4a8f57c-d64a-n16-r9	9	c100	sample	0	0-SRR5935800	wall_s	16.633973
20261008-064058-4a8f57c-d64a-n16-r9	9	c100	sample	0	0-SRR5935800	setup_s	0.000083
20261008-064058-4a8f57c-d64a-n16-r9	9	c100	sample	0	0-SRR5935800	classify_s	16.270954
20261008-064058-4a8f57c-d64a-n16-r9	9	c100	sample	0	0-SRR5935800	close_s	0.209917
20261008-064058-4a8f57c-d64a-n16-r9	9	c100	sample	0	0-SRR5935800	report_s	0.145018
20261008-064058-4a8f57c-d64a-n16-r9	9	c100	sample	0	0-SRR5935800	status	0
20261008-064058-4a8f57c-d64a-n16-r9	9	c100	sample	0	0-SRR5935800	sequences	15080696
20261008-064058-4a8f57c-d64a-n16-r9	9	c100	sample	0	0-SRR5935800	bases	2770846238
20261008-064058-4a8f57c-d64a-n16-r9	9	c100	sample	0	0-SRR5935800	classified	14478381
20261008-064058-4a8f57c-d64a-n16-r9	9	c100	sample	0	0-SRR5935800	place	lpt
20261008-064058-4a8f57c-d64a-n16-r9	9	c100	sample	0	0-SRR5935800	weight	15080696
20261008-064058-4a8f57c-d64a-n16-r9	9	c100	engine.mem			t_s	105.0
20261008-064058-4a8f57c-d64a-n16-r9	9	c100	engine.mem			rss_kib	78267808
20261008-064058-4a8f57c-d64a-n16-r9	9	c100	engine.mem			hwm_kib	78711516
20261008-064058-4a8f57c-d64a-n16-r9	9	c100	engine.mem			heap_inuse	3805847552
20261008-064058-4a8f57c-d64a-n16-r9	9	c100	engine.mem			sys	6297542744
20261008-064058-4a8f57c-d64a-n16-r9	9	c100	engine.mem			avail_kib	49001948
20261008-064058-4a8f57c-d64a-n16-r9	9	c100	sample	0	0-SRR5935775	mode	parallel
20261008-064058-4a8f57c-d64a-n16-r9	9	c100	sample	0	0-SRR5935775	s3client	sdk
20261008-064058-4a8f57c-d64a-n16-r9	9	c100	sample	0	0-SRR5935775	rank	9
20261008-064058-4a8f57c-d64a-n16-r9	9	c100	sample	0	0-SRR5935775	role	home
20261008-064058-4a8f57c-d64a-n16-r9	9	c100	sample	0	0-SRR5935775	inflight	1
20261008-064058-4a8f57c-d64a-n16-r9	9	c100	sample	0	0-SRR5935775	threads	16
20261008-064058-4a8f57c-d64a-n16-r9	9	c100	sample	0	0-SRR5935775	start_s	102.534101
20261008-064058-4a8f57c-d64a-n16-r9	9	c100	sample	0	0-SRR5935775	wall_s	14.147922
20261008-064058-4a8f57c-d64a-n16-r9	9	c100	sample	0	0-SRR5935775	setup_s	0.000064
20261008-064058-4a8f57c-d64a-n16-r9	9	c100	sample	0	0-SRR5935775	classify_s	13.750312
20261008-064058-4a8f57c-d64a-n16-r9	9	c100	sample	0	0-SRR5935775	close_s	0.266075
20261008-064058-4a8f57c-d64a-n16-r9	9	c100	sample	0	0-SRR5935775	report_s	0.125662
20261008-064058-4a8f57c-d64a-n16-r9	9	c100	sample	0	0-SRR5935775	status	0
20261008-064058-4a8f57c-d64a-n16-r9	9	c100	sample	0	0-SRR5935775	sequences	13010149
20261008-064058-4a8f57c-d64a-n16-r9	9	c100	sample	0	0-SRR5935775	bases	2394732661
20261008-064058-4a8f57c-d64a-n16-r9	9	c100	sample	0	0-SRR5935775	classified	12910203
20261008-064058-4a8f57c-d64a-n16-r9	9	c100	sample	0	0-SRR5935775	place	lpt
20261008-064058-4a8f57c-d64a-n16-r9	9	c100	sample	0	0-SRR5935775	weight	13010149
20261008-064058-4a8f57c-d64a-n16-r9	9	c100	engine.mem			t_s	120.0
20261008-064058-4a8f57c-d64a-n16-r9	9	c100	engine.mem			rss_kib	78184632
20261008-064058-4a8f57c-d64a-n16-r9	9	c100	engine.mem			hwm_kib	78900100
20261008-064058-4a8f57c-d64a-n16-r9	9	c100	engine.mem			heap_inuse	4403601408
20261008-064058-4a8f57c-d64a-n16-r9	9	c100	engine.mem			sys	6594175128
20261008-064058-4a8f57c-d64a-n16-r9	9	c100	engine.mem			avail_kib	49166184
20261008-064058-4a8f57c-d64a-n16-r9	9	c100	sample	0	0-SRR5935792	mode	parallel
20261008-064058-4a8f57c-d64a-n16-r9	9	c100	sample	0	0-SRR5935792	s3client	sdk
20261008-064058-4a8f57c-d64a-n16-r9	9	c100	sample	0	0-SRR5935792	rank	9
20261008-064058-4a8f57c-d64a-n16-r9	9	c100	sample	0	0-SRR5935792	role	home
20261008-064058-4a8f57c-d64a-n16-r9	9	c100	sample	0	0-SRR5935792	inflight	1
20261008-064058-4a8f57c-d64a-n16-r9	9	c100	sample	0	0-SRR5935792	threads	16
20261008-064058-4a8f57c-d64a-n16-r9	9	c100	sample	0	0-SRR5935792	start_s	116.682049
20261008-064058-4a8f57c-d64a-n16-r9	9	c100	sample	0	0-SRR5935792	wall_s	12.364255
20261008-064058-4a8f57c-d64a-n16-r9	9	c100	sample	0	0-SRR5935792	setup_s	0.000076
20261008-064058-4a8f57c-d64a-n16-r9	9	c100	sample	0	0-SRR5935792	classify_s	11.887056
20261008-064058-4a8f57c-d64a-n16-r9	9	c100	sample	0	0-SRR5935792	close_s	0.330341
20261008-064058-4a8f57c-d64a-n16-r9	9	c100	sample	0	0-SRR5935792	report_s	0.137721
20261008-064058-4a8f57c-d64a-n16-r9	9	c100	sample	0	0-SRR5935792	status	0
20261008-064058-4a8f57c-d64a-n16-r9	9	c100	sample	0	0-SRR5935792	sequences	11437813
20261008-064058-4a8f57c-d64a-n16-r9	9	c100	sample	0	0-SRR5935792	bases	2096182336
20261008-064058-4a8f57c-d64a-n16-r9	9	c100	sample	0	0-SRR5935792	classified	10922134
20261008-064058-4a8f57c-d64a-n16-r9	9	c100	sample	0	0-SRR5935792	place	lpt
20261008-064058-4a8f57c-d64a-n16-r9	9	c100	sample	0	0-SRR5935792	weight	11437813
20261008-064058-4a8f57c-d64a-n16-r9	9	c100	engine.mem			t_s	135.1
20261008-064058-4a8f57c-d64a-n16-r9	9	c100	engine.mem			rss_kib	78438856
20261008-064058-4a8f57c-d64a-n16-r9	9	c100	engine.mem			hwm_kib	78986536
20261008-064058-4a8f57c-d64a-n16-r9	9	c100	engine.mem			heap_inuse	5358059520
20261008-064058-4a8f57c-d64a-n16-r9	9	c100	engine.mem			sys	6732726456
20261008-064058-4a8f57c-d64a-n16-r9	9	c100	engine.mem			avail_kib	48637396
20261008-064058-4a8f57c-d64a-n16-r9	9	c100	sample	0	0-SRR5935824	mode	parallel
20261008-064058-4a8f57c-d64a-n16-r9	9	c100	sample	0	0-SRR5935824	s3client	sdk
20261008-064058-4a8f57c-d64a-n16-r9	9	c100	sample	0	0-SRR5935824	rank	9
20261008-064058-4a8f57c-d64a-n16-r9	9	c100	sample	0	0-SRR5935824	role	home
20261008-064058-4a8f57c-d64a-n16-r9	9	c100	sample	0	0-SRR5935824	inflight	1
20261008-064058-4a8f57c-d64a-n16-r9	9	c100	sample	0	0-SRR5935824	threads	16
20261008-064058-4a8f57c-d64a-n16-r9	9	c100	sample	0	0-SRR5935824	start_s	129.046329
20261008-064058-4a8f57c-d64a-n16-r9	9	c100	sample	0	0-SRR5935824	wall_s	10.004040
20261008-064058-4a8f57c-d64a-n16-r9	9	c100	sample	0	0-SRR5935824	setup_s	0.000100
20261008-064058-4a8f57c-d64a-n16-r9	9	c100	sample	0	0-SRR5935824	classify_s	9.601015
20261008-064058-4a8f57c-d64a-n16-r9	9	c100	sample	0	0-SRR5935824	close_s	0.227364
20261008-064058-4a8f57c-d64a-n16-r9	9	c100	sample	0	0-SRR5935824	report_s	0.166558
20261008-064058-4a8f57c-d64a-n16-r9	9	c100	sample	0	0-SRR5935824	status	0
20261008-064058-4a8f57c-d64a-n16-r9	9	c100	sample	0	0-SRR5935824	sequences	8745078
20261008-064058-4a8f57c-d64a-n16-r9	9	c100	sample	0	0-SRR5935824	bases	1626833325
20261008-064058-4a8f57c-d64a-n16-r9	9	c100	sample	0	0-SRR5935824	classified	8520266
20261008-064058-4a8f57c-d64a-n16-r9	9	c100	sample	0	0-SRR5935824	place	lpt
20261008-064058-4a8f57c-d64a-n16-r9	9	c100	sample	0	0-SRR5935824	weight	8745078
20261008-064058-4a8f57c-d64a-n16-r9	9	c100	sample	0	0-SRR5935750	mode	parallel
20261008-064058-4a8f57c-d64a-n16-r9	9	c100	sample	0	0-SRR5935750	s3client	sdk
20261008-064058-4a8f57c-d64a-n16-r9	9	c100	sample	0	0-SRR5935750	rank	9
20261008-064058-4a8f57c-d64a-n16-r9	9	c100	sample	0	0-SRR5935750	role	home
20261008-064058-4a8f57c-d64a-n16-r9	9	c100	sample	0	0-SRR5935750	inflight	1
20261008-064058-4a8f57c-d64a-n16-r9	9	c100	sample	0	0-SRR5935750	threads	16
20261008-064058-4a8f57c-d64a-n16-r9	9	c100	sample	0	0-SRR5935750	start_s	139.050396
20261008-064058-4a8f57c-d64a-n16-r9	9	c100	sample	0	0-SRR5935750	wall_s	7.051090
20261008-064058-4a8f57c-d64a-n16-r9	9	c100	sample	0	0-SRR5935750	setup_s	0.000075
20261008-064058-4a8f57c-d64a-n16-r9	9	c100	sample	0	0-SRR5935750	classify_s	6.728856
20261008-064058-4a8f57c-d64a-n16-r9	9	c100	sample	0	0-SRR5935750	close_s	0.191659
20261008-064058-4a8f57c-d64a-n16-r9	9	c100	sample	0	0-SRR5935750	report_s	0.124298
20261008-064058-4a8f57c-d64a-n16-r9	9	c100	sample	0	0-SRR5935750	status	0
20261008-064058-4a8f57c-d64a-n16-r9	9	c100	sample	0	0-SRR5935750	sequences	6552107
20261008-064058-4a8f57c-d64a-n16-r9	9	c100	sample	0	0-SRR5935750	bases	1182796919
20261008-064058-4a8f57c-d64a-n16-r9	9	c100	sample	0	0-SRR5935750	classified	6331866
20261008-064058-4a8f57c-d64a-n16-r9	9	c100	sample	0	0-SRR5935750	place	lpt
20261008-064058-4a8f57c-d64a-n16-r9	9	c100	sample	0	0-SRR5935750	weight	6552107
20261008-064058-4a8f57c-d64a-n16-r9	9	c100	phase			batch-barrier-0	2.097784
20261008-064058-4a8f57c-d64a-n16-r9	9	c100	phase			batch-barrier-0.start_s	146.101509
20261008-064058-4a8f57c-d64a-n16-r9	9	c100	engine.mem			t_s	150.1
20261008-064058-4a8f57c-d64a-n16-r9	9	c100	engine.mem			rss_kib	78345188
20261008-064058-4a8f57c-d64a-n16-r9	9	c100	engine.mem			hwm_kib	79058116
20261008-064058-4a8f57c-d64a-n16-r9	9	c100	engine.mem			heap_inuse	4702404608
20261008-064058-4a8f57c-d64a-n16-r9	9	c100	engine.mem			sys	6814273736
20261008-064058-4a8f57c-d64a-n16-r9	9	c100	engine.mem			avail_kib	48912996
20261008-064058-4a8f57c-d64a-n16-r9	9	c100	engine.mem			t_s	165.1
20261008-064058-4a8f57c-d64a-n16-r9	9	c100	engine.mem			rss_kib	78894504
20261008-064058-4a8f57c-d64a-n16-r9	9	c100	engine.mem			hwm_kib	79058116
20261008-064058-4a8f57c-d64a-n16-r9	9	c100	engine.mem			heap_inuse	5934907392
20261008-064058-4a8f57c-d64a-n16-r9	9	c100	engine.mem			sys	6923464936
20261008-064058-4a8f57c-d64a-n16-r9	9	c100	engine.mem			avail_kib	48579836
20261008-064058-4a8f57c-d64a-n16-r9	9	c100	sample	1	1-SRR5935749	mode	parallel
20261008-064058-4a8f57c-d64a-n16-r9	9	c100	sample	1	1-SRR5935749	s3client	sdk
20261008-064058-4a8f57c-d64a-n16-r9	9	c100	sample	1	1-SRR5935749	rank	9
20261008-064058-4a8f57c-d64a-n16-r9	9	c100	sample	1	1-SRR5935749	role	home
20261008-064058-4a8f57c-d64a-n16-r9	9	c100	sample	1	1-SRR5935749	inflight	1
20261008-064058-4a8f57c-d64a-n16-r9	9	c100	sample	1	1-SRR5935749	threads	16
20261008-064058-4a8f57c-d64a-n16-r9	9	c100	sample	1	1-SRR5935749	start_s	148.199321
20261008-064058-4a8f57c-d64a-n16-r9	9	c100	sample	1	1-SRR5935749	wall_s	20.481541
20261008-064058-4a8f57c-d64a-n16-r9	9	c100	sample	1	1-SRR5935749	setup_s	0.000064
20261008-064058-4a8f57c-d64a-n16-r9	9	c100	sample	1	1-SRR5935749	classify_s	20.014333
20261008-064058-4a8f57c-d64a-n16-r9	9	c100	sample	1	1-SRR5935749	close_s	0.318701
20261008-064058-4a8f57c-d64a-n16-r9	9	c100	sample	1	1-SRR5935749	report_s	0.140543
20261008-064058-4a8f57c-d64a-n16-r9	9	c100	sample	1	1-SRR5935749	status	0
20261008-064058-4a8f57c-d64a-n16-r9	9	c100	sample	1	1-SRR5935749	sequences	18879904
20261008-064058-4a8f57c-d64a-n16-r9	9	c100	sample	1	1-SRR5935749	bases	3539135454
20261008-064058-4a8f57c-d64a-n16-r9	9	c100	sample	1	1-SRR5935749	classified	18627146
20261008-064058-4a8f57c-d64a-n16-r9	9	c100	sample	1	1-SRR5935749	place	mod
20261008-064058-4a8f57c-d64a-n16-r9	9	c100	sample	1	1-SRR5935749	weight	18879904
20261008-064058-4a8f57c-d64a-n16-r9	9	c100	engine.mem			t_s	180.1
20261008-064058-4a8f57c-d64a-n16-r9	9	c100	engine.mem			rss_kib	78550632
20261008-064058-4a8f57c-d64a-n16-r9	9	c100	engine.mem			hwm_kib	79058116
20261008-064058-4a8f57c-d64a-n16-r9	9	c100	engine.mem			heap_inuse	4439810048
20261008-064058-4a8f57c-d64a-n16-r9	9	c100	engine.mem			sys	6969704696
20261008-064058-4a8f57c-d64a-n16-r9	9	c100	engine.mem			avail_kib	48791984
20261008-064058-4a8f57c-d64a-n16-r9	9	c100	sample	1	1-SRR5935765	mode	parallel
20261008-064058-4a8f57c-d64a-n16-r9	9	c100	sample	1	1-SRR5935765	s3client	sdk
20261008-064058-4a8f57c-d64a-n16-r9	9	c100	sample	1	1-SRR5935765	rank	9
20261008-064058-4a8f57c-d64a-n16-r9	9	c100	sample	1	1-SRR5935765	role	home
20261008-064058-4a8f57c-d64a-n16-r9	9	c100	sample	1	1-SRR5935765	inflight	1
20261008-064058-4a8f57c-d64a-n16-r9	9	c100	sample	1	1-SRR5935765	threads	16
20261008-064058-4a8f57c-d64a-n16-r9	9	c100	sample	1	1-SRR5935765	start_s	168.680891
20261008-064058-4a8f57c-d64a-n16-r9	9	c100	sample	1	1-SRR5935765	wall_s	11.680691
20261008-064058-4a8f57c-d64a-n16-r9	9	c100	sample	1	1-SRR5935765	setup_s	0.000072
20261008-064058-4a8f57c-d64a-n16-r9	9	c100	sample	1	1-SRR5935765	classify_s	11.322224
20261008-064058-4a8f57c-d64a-n16-r9	9	c100	sample	1	1-SRR5935765	close_s	0.209624
20261008-064058-4a8f57c-d64a-n16-r9	9	c100	sample	1	1-SRR5935765	report_s	0.142562
20261008-064058-4a8f57c-d64a-n16-r9	9	c100	sample	1	1-SRR5935765	status	0
20261008-064058-4a8f57c-d64a-n16-r9	9	c100	sample	1	1-SRR5935765	sequences	10590116
20261008-064058-4a8f57c-d64a-n16-r9	9	c100	sample	1	1-SRR5935765	bases	1935908855
20261008-064058-4a8f57c-d64a-n16-r9	9	c100	sample	1	1-SRR5935765	classified	10426493
20261008-064058-4a8f57c-d64a-n16-r9	9	c100	sample	1	1-SRR5935765	place	mod
20261008-064058-4a8f57c-d64a-n16-r9	9	c100	sample	1	1-SRR5935765	weight	10590116
20261008-064058-4a8f57c-d64a-n16-r9	9	c100	sample	1	1-SRR5935781	mode	parallel
20261008-064058-4a8f57c-d64a-n16-r9	9	c100	sample	1	1-SRR5935781	s3client	sdk
20261008-064058-4a8f57c-d64a-n16-r9	9	c100	sample	1	1-SRR5935781	rank	9
20261008-064058-4a8f57c-d64a-n16-r9	9	c100	sample	1	1-SRR5935781	role	home
20261008-064058-4a8f57c-d64a-n16-r9	9	c100	sample	1	1-SRR5935781	inflight	1
20261008-064058-4a8f57c-d64a-n16-r9	9	c100	sample	1	1-SRR5935781	threads	16
20261008-064058-4a8f57c-d64a-n16-r9	9	c100	sample	1	1-SRR5935781	start_s	180.361612
20261008-064058-4a8f57c-d64a-n16-r9	9	c100	sample	1	1-SRR5935781	wall_s	9.974016
20261008-064058-4a8f57c-d64a-n16-r9	9	c100	sample	1	1-SRR5935781	setup_s	0.000070
20261008-064058-4a8f57c-d64a-n16-r9	9	c100	sample	1	1-SRR5935781	classify_s	9.534268
20261008-064058-4a8f57c-d64a-n16-r9	9	c100	sample	1	1-SRR5935781	close_s	0.209227
20261008-064058-4a8f57c-d64a-n16-r9	9	c100	sample	1	1-SRR5935781	report_s	0.224768
20261008-064058-4a8f57c-d64a-n16-r9	9	c100	sample	1	1-SRR5935781	status	0
20261008-064058-4a8f57c-d64a-n16-r9	9	c100	sample	1	1-SRR5935781	sequences	8486948
20261008-064058-4a8f57c-d64a-n16-r9	9	c100	sample	1	1-SRR5935781	bases	1613121343
20261008-064058-4a8f57c-d64a-n16-r9	9	c100	sample	1	1-SRR5935781	classified	8270605
20261008-064058-4a8f57c-d64a-n16-r9	9	c100	sample	1	1-SRR5935781	place	mod
20261008-064058-4a8f57c-d64a-n16-r9	9	c100	sample	1	1-SRR5935781	weight	8486948
20261008-064058-4a8f57c-d64a-n16-r9	9	c100	engine.mem			t_s	195.2
20261008-064058-4a8f57c-d64a-n16-r9	9	c100	engine.mem			rss_kib	78742844
20261008-064058-4a8f57c-d64a-n16-r9	9	c100	engine.mem			hwm_kib	79058116
20261008-064058-4a8f57c-d64a-n16-r9	9	c100	engine.mem			heap_inuse	5506400256
20261008-064058-4a8f57c-d64a-n16-r9	9	c100	engine.mem			sys	6969704696
20261008-064058-4a8f57c-d64a-n16-r9	9	c100	engine.mem			avail_kib	48752304
20261008-064058-4a8f57c-d64a-n16-r9	9	c100	sample	1	1-SRR5935797	mode	parallel
20261008-064058-4a8f57c-d64a-n16-r9	9	c100	sample	1	1-SRR5935797	s3client	sdk
20261008-064058-4a8f57c-d64a-n16-r9	9	c100	sample	1	1-SRR5935797	rank	9
20261008-064058-4a8f57c-d64a-n16-r9	9	c100	sample	1	1-SRR5935797	role	home
20261008-064058-4a8f57c-d64a-n16-r9	9	c100	sample	1	1-SRR5935797	inflight	1
20261008-064058-4a8f57c-d64a-n16-r9	9	c100	sample	1	1-SRR5935797	threads	16
20261008-064058-4a8f57c-d64a-n16-r9	9	c100	sample	1	1-SRR5935797	start_s	190.335656
20261008-064058-4a8f57c-d64a-n16-r9	9	c100	sample	1	1-SRR5935797	wall_s	9.760435
20261008-064058-4a8f57c-d64a-n16-r9	9	c100	sample	1	1-SRR5935797	setup_s	0.000075
20261008-064058-4a8f57c-d64a-n16-r9	9	c100	sample	1	1-SRR5935797	classify_s	9.340655
20261008-064058-4a8f57c-d64a-n16-r9	9	c100	sample	1	1-SRR5935797	close_s	0.242987
20261008-064058-4a8f57c-d64a-n16-r9	9	c100	sample	1	1-SRR5935797	report_s	0.166757
20261008-064058-4a8f57c-d64a-n16-r9	9	c100	sample	1	1-SRR5935797	status	0
20261008-064058-4a8f57c-d64a-n16-r9	9	c100	sample	1	1-SRR5935797	sequences	8439357
20261008-064058-4a8f57c-d64a-n16-r9	9	c100	sample	1	1-SRR5935797	bases	1550811438
20261008-064058-4a8f57c-d64a-n16-r9	9	c100	sample	1	1-SRR5935797	classified	8138623
20261008-064058-4a8f57c-d64a-n16-r9	9	c100	sample	1	1-SRR5935797	place	mod
20261008-064058-4a8f57c-d64a-n16-r9	9	c100	sample	1	1-SRR5935797	weight	8439357
20261008-064058-4a8f57c-d64a-n16-r9	9	c100	engine.mem			t_s	210.2
20261008-064058-4a8f57c-d64a-n16-r9	9	c100	engine.mem			rss_kib	78819664
20261008-064058-4a8f57c-d64a-n16-r9	9	c100	engine.mem			hwm_kib	79060956
20261008-064058-4a8f57c-d64a-n16-r9	9	c100	engine.mem			heap_inuse	5427445760
20261008-064058-4a8f57c-d64a-n16-r9	9	c100	engine.mem			sys	6969737464
20261008-064058-4a8f57c-d64a-n16-r9	9	c100	engine.mem			avail_kib	48539852
20261008-064058-4a8f57c-d64a-n16-r9	9	c100	sample	1	1-SRR5935813	mode	parallel
20261008-064058-4a8f57c-d64a-n16-r9	9	c100	sample	1	1-SRR5935813	s3client	sdk
20261008-064058-4a8f57c-d64a-n16-r9	9	c100	sample	1	1-SRR5935813	rank	9
20261008-064058-4a8f57c-d64a-n16-r9	9	c100	sample	1	1-SRR5935813	role	home
20261008-064058-4a8f57c-d64a-n16-r9	9	c100	sample	1	1-SRR5935813	inflight	1
20261008-064058-4a8f57c-d64a-n16-r9	9	c100	sample	1	1-SRR5935813	threads	16
20261008-064058-4a8f57c-d64a-n16-r9	9	c100	sample	1	1-SRR5935813	start_s	200.096119
20261008-064058-4a8f57c-d64a-n16-r9	9	c100	sample	1	1-SRR5935813	wall_s	17.988535
20261008-064058-4a8f57c-d64a-n16-r9	9	c100	sample	1	1-SRR5935813	setup_s	0.000071
20261008-064058-4a8f57c-d64a-n16-r9	9	c100	sample	1	1-SRR5935813	classify_s	17.611940
20261008-064058-4a8f57c-d64a-n16-r9	9	c100	sample	1	1-SRR5935813	close_s	0.202911
20261008-064058-4a8f57c-d64a-n16-r9	9	c100	sample	1	1-SRR5935813	report_s	0.158807
20261008-064058-4a8f57c-d64a-n16-r9	9	c100	sample	1	1-SRR5935813	status	0
20261008-064058-4a8f57c-d64a-n16-r9	9	c100	sample	1	1-SRR5935813	sequences	16980616
20261008-064058-4a8f57c-d64a-n16-r9	9	c100	sample	1	1-SRR5935813	bases	3155638888
20261008-064058-4a8f57c-d64a-n16-r9	9	c100	sample	1	1-SRR5935813	classified	16106690
20261008-064058-4a8f57c-d64a-n16-r9	9	c100	sample	1	1-SRR5935813	place	mod
20261008-064058-4a8f57c-d64a-n16-r9	9	c100	sample	1	1-SRR5935813	weight	16980616
20261008-064058-4a8f57c-d64a-n16-r9	9	c100	engine.mem			t_s	225.2
20261008-064058-4a8f57c-d64a-n16-r9	9	c100	engine.mem			rss_kib	78714644
20261008-064058-4a8f57c-d64a-n16-r9	9	c100	engine.mem			hwm_kib	79115180
20261008-064058-4a8f57c-d64a-n16-r9	9	c100	engine.mem			heap_inuse	4258734080
20261008-064058-4a8f57c-d64a-n16-r9	9	c100	engine.mem			sys	6969737464
20261008-064058-4a8f57c-d64a-n16-r9	9	c100	engine.mem			avail_kib	48582436
20261008-064058-4a8f57c-d64a-n16-r9	9	c100	sample	1	1-SRR5935829	mode	parallel
20261008-064058-4a8f57c-d64a-n16-r9	9	c100	sample	1	1-SRR5935829	s3client	sdk
20261008-064058-4a8f57c-d64a-n16-r9	9	c100	sample	1	1-SRR5935829	rank	9
20261008-064058-4a8f57c-d64a-n16-r9	9	c100	sample	1	1-SRR5935829	role	home
20261008-064058-4a8f57c-d64a-n16-r9	9	c100	sample	1	1-SRR5935829	inflight	1
20261008-064058-4a8f57c-d64a-n16-r9	9	c100	sample	1	1-SRR5935829	threads	16
20261008-064058-4a8f57c-d64a-n16-r9	9	c100	sample	1	1-SRR5935829	start_s	218.084683
20261008-064058-4a8f57c-d64a-n16-r9	9	c100	sample	1	1-SRR5935829	wall_s	11.461808
20261008-064058-4a8f57c-d64a-n16-r9	9	c100	sample	1	1-SRR5935829	setup_s	0.000062
20261008-064058-4a8f57c-d64a-n16-r9	9	c100	sample	1	1-SRR5935829	classify_s	11.072497
20261008-064058-4a8f57c-d64a-n16-r9	9	c100	sample	1	1-SRR5935829	close_s	0.237532
20261008-064058-4a8f57c-d64a-n16-r9	9	c100	sample	1	1-SRR5935829	report_s	0.139141
20261008-064058-4a8f57c-d64a-n16-r9	9	c100	sample	1	1-SRR5935829	status	0
20261008-064058-4a8f57c-d64a-n16-r9	9	c100	sample	1	1-SRR5935829	sequences	11220767
20261008-064058-4a8f57c-d64a-n16-r9	9	c100	sample	1	1-SRR5935829	bases	2068350513
20261008-064058-4a8f57c-d64a-n16-r9	9	c100	sample	1	1-SRR5935829	classified	10523542
20261008-064058-4a8f57c-d64a-n16-r9	9	c100	sample	1	1-SRR5935829	place	mod
20261008-064058-4a8f57c-d64a-n16-r9	9	c100	sample	1	1-SRR5935829	weight	11220767
20261008-064058-4a8f57c-d64a-n16-r9	9	c100	phase			batch-barrier-1	8.339775
20261008-064058-4a8f57c-d64a-n16-r9	9	c100	phase			batch-barrier-1.start_s	229.546511
20261008-064058-4a8f57c-d64a-n16-r9	9	c100	engine.mem			t_s	240.2
20261008-064058-4a8f57c-d64a-n16-r9	9	c100	engine.mem			rss_kib	78508548
20261008-064058-4a8f57c-d64a-n16-r9	9	c100	engine.mem			hwm_kib	79115180
20261008-064058-4a8f57c-d64a-n16-r9	9	c100	engine.mem			heap_inuse	4641652736
20261008-064058-4a8f57c-d64a-n16-r9	9	c100	engine.mem			sys	6972424440
20261008-064058-4a8f57c-d64a-n16-r9	9	c100	engine.mem			avail_kib	48902964
20261008-064058-4a8f57c-d64a-n16-r9	9	c100	engine.mem			t_s	255.2
20261008-064058-4a8f57c-d64a-n16-r9	9	c100	engine.mem			rss_kib	79031504
20261008-064058-4a8f57c-d64a-n16-r9	9	c100	engine.mem			hwm_kib	79176088
20261008-064058-4a8f57c-d64a-n16-r9	9	c100	engine.mem			heap_inuse	5285093376
20261008-064058-4a8f57c-d64a-n16-r9	9	c100	engine.mem			sys	6972358904
20261008-064058-4a8f57c-d64a-n16-r9	9	c100	engine.mem			avail_kib	48328856
20261008-064058-4a8f57c-d64a-n16-r9	9	c100	sample	2	2-SRR5935807	mode	parallel
20261008-064058-4a8f57c-d64a-n16-r9	9	c100	sample	2	2-SRR5935807	s3client	sdk
20261008-064058-4a8f57c-d64a-n16-r9	9	c100	sample	2	2-SRR5935807	rank	9
20261008-064058-4a8f57c-d64a-n16-r9	9	c100	sample	2	2-SRR5935807	role	home
20261008-064058-4a8f57c-d64a-n16-r9	9	c100	sample	2	2-SRR5935807	inflight	1
20261008-064058-4a8f57c-d64a-n16-r9	9	c100	sample	2	2-SRR5935807	threads	16
20261008-064058-4a8f57c-d64a-n16-r9	9	c100	sample	2	2-SRR5935807	start_s	237.886333
20261008-064058-4a8f57c-d64a-n16-r9	9	c100	sample	2	2-SRR5935807	wall_s	17.626776
20261008-064058-4a8f57c-d64a-n16-r9	9	c100	sample	2	2-SRR5935807	setup_s	0.000063
20261008-064058-4a8f57c-d64a-n16-r9	9	c100	sample	2	2-SRR5935807	classify_s	17.145816
20261008-064058-4a8f57c-d64a-n16-r9	9	c100	sample	2	2-SRR5935807	close_s	0.263962
20261008-064058-4a8f57c-d64a-n16-r9	9	c100	sample	2	2-SRR5935807	report_s	0.197087
20261008-064058-4a8f57c-d64a-n16-r9	9	c100	sample	2	2-SRR5935807	status	0
20261008-064058-4a8f57c-d64a-n16-r9	9	c100	sample	2	2-SRR5935807	sequences	16708997
20261008-064058-4a8f57c-d64a-n16-r9	9	c100	sample	2	2-SRR5935807	bases	3043023590
20261008-064058-4a8f57c-d64a-n16-r9	9	c100	sample	2	2-SRR5935807	classified	15000245
20261008-064058-4a8f57c-d64a-n16-r9	9	c100	sample	2	2-SRR5935807	place	lpt
20261008-064058-4a8f57c-d64a-n16-r9	9	c100	sample	2	2-SRR5935807	weight	16708997
20261008-064058-4a8f57c-d64a-n16-r9	9	c100	engine.mem			t_s	270.2
20261008-064058-4a8f57c-d64a-n16-r9	9	c100	engine.mem			rss_kib	78520072
20261008-064058-4a8f57c-d64a-n16-r9	9	c100	engine.mem			hwm_kib	79176088
20261008-064058-4a8f57c-d64a-n16-r9	9	c100	engine.mem			heap_inuse	5167030272
20261008-064058-4a8f57c-d64a-n16-r9	9	c100	engine.mem			sys	6972358904
20261008-064058-4a8f57c-d64a-n16-r9	9	c100	engine.mem			avail_kib	48873868
20261008-064058-4a8f57c-d64a-n16-r9	9	c100	sample	2	2-SRR5935800	mode	parallel
20261008-064058-4a8f57c-d64a-n16-r9	9	c100	sample	2	2-SRR5935800	s3client	sdk
20261008-064058-4a8f57c-d64a-n16-r9	9	c100	sample	2	2-SRR5935800	rank	9
20261008-064058-4a8f57c-d64a-n16-r9	9	c100	sample	2	2-SRR5935800	role	home
20261008-064058-4a8f57c-d64a-n16-r9	9	c100	sample	2	2-SRR5935800	inflight	1
20261008-064058-4a8f57c-d64a-n16-r9	9	c100	sample	2	2-SRR5935800	threads	16
20261008-064058-4a8f57c-d64a-n16-r9	9	c100	sample	2	2-SRR5935800	start_s	255.513136
20261008-064058-4a8f57c-d64a-n16-r9	9	c100	sample	2	2-SRR5935800	wall_s	16.764242
20261008-064058-4a8f57c-d64a-n16-r9	9	c100	sample	2	2-SRR5935800	setup_s	0.000076
20261008-064058-4a8f57c-d64a-n16-r9	9	c100	sample	2	2-SRR5935800	classify_s	16.306230
20261008-064058-4a8f57c-d64a-n16-r9	9	c100	sample	2	2-SRR5935800	close_s	0.238154
20261008-064058-4a8f57c-d64a-n16-r9	9	c100	sample	2	2-SRR5935800	report_s	0.211765
20261008-064058-4a8f57c-d64a-n16-r9	9	c100	sample	2	2-SRR5935800	status	0
20261008-064058-4a8f57c-d64a-n16-r9	9	c100	sample	2	2-SRR5935800	sequences	15080696
20261008-064058-4a8f57c-d64a-n16-r9	9	c100	sample	2	2-SRR5935800	bases	2770846238
20261008-064058-4a8f57c-d64a-n16-r9	9	c100	sample	2	2-SRR5935800	classified	14478381
20261008-064058-4a8f57c-d64a-n16-r9	9	c100	sample	2	2-SRR5935800	place	lpt
20261008-064058-4a8f57c-d64a-n16-r9	9	c100	sample	2	2-SRR5935800	weight	15080696
20261008-064058-4a8f57c-d64a-n16-r9	9	c100	engine.mem			t_s	285.2
20261008-064058-4a8f57c-d64a-n16-r9	9	c100	engine.mem			rss_kib	78732504
20261008-064058-4a8f57c-d64a-n16-r9	9	c100	engine.mem			hwm_kib	79176088
20261008-064058-4a8f57c-d64a-n16-r9	9	c100	engine.mem			heap_inuse	5293973504
20261008-064058-4a8f57c-d64a-n16-r9	9	c100	engine.mem			sys	6972358904
20261008-064058-4a8f57c-d64a-n16-r9	9	c100	engine.mem			avail_kib	48748208
20261008-064058-4a8f57c-d64a-n16-r9	9	c100	sample	2	2-SRR5935775	mode	parallel
20261008-064058-4a8f57c-d64a-n16-r9	9	c100	sample	2	2-SRR5935775	s3client	sdk
20261008-064058-4a8f57c-d64a-n16-r9	9	c100	sample	2	2-SRR5935775	rank	9
20261008-064058-4a8f57c-d64a-n16-r9	9	c100	sample	2	2-SRR5935775	role	home
20261008-064058-4a8f57c-d64a-n16-r9	9	c100	sample	2	2-SRR5935775	inflight	1
20261008-064058-4a8f57c-d64a-n16-r9	9	c100	sample	2	2-SRR5935775	threads	16
20261008-064058-4a8f57c-d64a-n16-r9	9	c100	sample	2	2-SRR5935775	start_s	272.277409
20261008-064058-4a8f57c-d64a-n16-r9	9	c100	sample	2	2-SRR5935775	wall_s	14.161474
20261008-064058-4a8f57c-d64a-n16-r9	9	c100	sample	2	2-SRR5935775	setup_s	0.000065
20261008-064058-4a8f57c-d64a-n16-r9	9	c100	sample	2	2-SRR5935775	classify_s	13.781516
20261008-064058-4a8f57c-d64a-n16-r9	9	c100	sample	2	2-SRR5935775	close_s	0.232726
20261008-064058-4a8f57c-d64a-n16-r9	9	c100	sample	2	2-SRR5935775	report_s	0.141699
20261008-064058-4a8f57c-d64a-n16-r9	9	c100	sample	2	2-SRR5935775	status	0
20261008-064058-4a8f57c-d64a-n16-r9	9	c100	sample	2	2-SRR5935775	sequences	13010149
20261008-064058-4a8f57c-d64a-n16-r9	9	c100	sample	2	2-SRR5935775	bases	2394732661
20261008-064058-4a8f57c-d64a-n16-r9	9	c100	sample	2	2-SRR5935775	classified	12910203
20261008-064058-4a8f57c-d64a-n16-r9	9	c100	sample	2	2-SRR5935775	place	lpt
20261008-064058-4a8f57c-d64a-n16-r9	9	c100	sample	2	2-SRR5935775	weight	13010149
20261008-064058-4a8f57c-d64a-n16-r9	9	c100	sample	2	2-SRR5935792	mode	parallel
20261008-064058-4a8f57c-d64a-n16-r9	9	c100	sample	2	2-SRR5935792	s3client	sdk
20261008-064058-4a8f57c-d64a-n16-r9	9	c100	sample	2	2-SRR5935792	rank	9
20261008-064058-4a8f57c-d64a-n16-r9	9	c100	sample	2	2-SRR5935792	role	home
20261008-064058-4a8f57c-d64a-n16-r9	9	c100	sample	2	2-SRR5935792	inflight	1
20261008-064058-4a8f57c-d64a-n16-r9	9	c100	sample	2	2-SRR5935792	threads	16
20261008-064058-4a8f57c-d64a-n16-r9	9	c100	sample	2	2-SRR5935792	start_s	286.438918
20261008-064058-4a8f57c-d64a-n16-r9	9	c100	sample	2	2-SRR5935792	wall_s	12.329032
20261008-064058-4a8f57c-d64a-n16-r9	9	c100	sample	2	2-SRR5935792	setup_s	0.000065
20261008-064058-4a8f57c-d64a-n16-r9	9	c100	sample	2	2-SRR5935792	classify_s	11.949474
20261008-064058-4a8f57c-d64a-n16-r9	9	c100	sample	2	2-SRR5935792	close_s	0.231771
20261008-064058-4a8f57c-d64a-n16-r9	9	c100	sample	2	2-SRR5935792	report_s	0.138750
20261008-064058-4a8f57c-d64a-n16-r9	9	c100	sample	2	2-SRR5935792	status	0
20261008-064058-4a8f57c-d64a-n16-r9	9	c100	sample	2	2-SRR5935792	sequences	11437813
20261008-064058-4a8f57c-d64a-n16-r9	9	c100	sample	2	2-SRR5935792	bases	2096182336
20261008-064058-4a8f57c-d64a-n16-r9	9	c100	sample	2	2-SRR5935792	classified	10922134
20261008-064058-4a8f57c-d64a-n16-r9	9	c100	sample	2	2-SRR5935792	place	lpt
20261008-064058-4a8f57c-d64a-n16-r9	9	c100	sample	2	2-SRR5935792	weight	11437813
20261008-064058-4a8f57c-d64a-n16-r9	9	c100	engine.mem			t_s	300.2
20261008-064058-4a8f57c-d64a-n16-r9	9	c100	engine.mem			rss_kib	78308148
20261008-064058-4a8f57c-d64a-n16-r9	9	c100	engine.mem			hwm_kib	79176088
20261008-064058-4a8f57c-d64a-n16-r9	9	c100	engine.mem			heap_inuse	3813203968
20261008-064058-4a8f57c-d64a-n16-r9	9	c100	engine.mem			sys	7022756088
20261008-064058-4a8f57c-d64a-n16-r9	9	c100	engine.mem			avail_kib	48985648
20261008-064058-4a8f57c-d64a-n16-r9	9	c100	sample	2	2-SRR5935824	mode	parallel
20261008-064058-4a8f57c-d64a-n16-r9	9	c100	sample	2	2-SRR5935824	s3client	sdk
20261008-064058-4a8f57c-d64a-n16-r9	9	c100	sample	2	2-SRR5935824	rank	9
20261008-064058-4a8f57c-d64a-n16-r9	9	c100	sample	2	2-SRR5935824	role	home
20261008-064058-4a8f57c-d64a-n16-r9	9	c100	sample	2	2-SRR5935824	inflight	1
20261008-064058-4a8f57c-d64a-n16-r9	9	c100	sample	2	2-SRR5935824	threads	16
20261008-064058-4a8f57c-d64a-n16-r9	9	c100	sample	2	2-SRR5935824	start_s	298.767980
20261008-064058-4a8f57c-d64a-n16-r9	9	c100	sample	2	2-SRR5935824	wall_s	9.907289
20261008-064058-4a8f57c-d64a-n16-r9	9	c100	sample	2	2-SRR5935824	setup_s	0.000081
20261008-064058-4a8f57c-d64a-n16-r9	9	c100	sample	2	2-SRR5935824	classify_s	9.499569
20261008-064058-4a8f57c-d64a-n16-r9	9	c100	sample	2	2-SRR5935824	close_s	0.239931
20261008-064058-4a8f57c-d64a-n16-r9	9	c100	sample	2	2-SRR5935824	report_s	0.158857
20261008-064058-4a8f57c-d64a-n16-r9	9	c100	sample	2	2-SRR5935824	status	0
20261008-064058-4a8f57c-d64a-n16-r9	9	c100	sample	2	2-SRR5935824	sequences	8745078
20261008-064058-4a8f57c-d64a-n16-r9	9	c100	sample	2	2-SRR5935824	bases	1626833325
20261008-064058-4a8f57c-d64a-n16-r9	9	c100	sample	2	2-SRR5935824	classified	8520266
20261008-064058-4a8f57c-d64a-n16-r9	9	c100	sample	2	2-SRR5935824	place	lpt
20261008-064058-4a8f57c-d64a-n16-r9	9	c100	sample	2	2-SRR5935824	weight	8745078
20261008-064058-4a8f57c-d64a-n16-r9	9	c100	engine.mem			t_s	315.2
20261008-064058-4a8f57c-d64a-n16-r9	9	c100	engine.mem			rss_kib	78829836
20261008-064058-4a8f57c-d64a-n16-r9	9	c100	engine.mem			hwm_kib	79176088
20261008-064058-4a8f57c-d64a-n16-r9	9	c100	engine.mem			heap_inuse	4238761984
20261008-064058-4a8f57c-d64a-n16-r9	9	c100	engine.mem			sys	7022756088
20261008-064058-4a8f57c-d64a-n16-r9	9	c100	engine.mem			avail_kib	48351656
20261008-064058-4a8f57c-d64a-n16-r9	9	c100	sample	2	2-SRR5935750	mode	parallel
20261008-064058-4a8f57c-d64a-n16-r9	9	c100	sample	2	2-SRR5935750	s3client	sdk
20261008-064058-4a8f57c-d64a-n16-r9	9	c100	sample	2	2-SRR5935750	rank	9
20261008-064058-4a8f57c-d64a-n16-r9	9	c100	sample	2	2-SRR5935750	role	home
20261008-064058-4a8f57c-d64a-n16-r9	9	c100	sample	2	2-SRR5935750	inflight	1
20261008-064058-4a8f57c-d64a-n16-r9	9	c100	sample	2	2-SRR5935750	threads	16
20261008-064058-4a8f57c-d64a-n16-r9	9	c100	sample	2	2-SRR5935750	start_s	308.675300
20261008-064058-4a8f57c-d64a-n16-r9	9	c100	sample	2	2-SRR5935750	wall_s	7.123593
20261008-064058-4a8f57c-d64a-n16-r9	9	c100	sample	2	2-SRR5935750	setup_s	0.000069
20261008-064058-4a8f57c-d64a-n16-r9	9	c100	sample	2	2-SRR5935750	classify_s	6.765276
20261008-064058-4a8f57c-d64a-n16-r9	9	c100	sample	2	2-SRR5935750	close_s	0.219626
20261008-064058-4a8f57c-d64a-n16-r9	9	c100	sample	2	2-SRR5935750	report_s	0.132760
20261008-064058-4a8f57c-d64a-n16-r9	9	c100	sample	2	2-SRR5935750	status	0
20261008-064058-4a8f57c-d64a-n16-r9	9	c100	sample	2	2-SRR5935750	sequences	6552107
20261008-064058-4a8f57c-d64a-n16-r9	9	c100	sample	2	2-SRR5935750	bases	1182796919
20261008-064058-4a8f57c-d64a-n16-r9	9	c100	sample	2	2-SRR5935750	classified	6331866
20261008-064058-4a8f57c-d64a-n16-r9	9	c100	sample	2	2-SRR5935750	place	lpt
20261008-064058-4a8f57c-d64a-n16-r9	9	c100	sample	2	2-SRR5935750	weight	6552107
20261008-064058-4a8f57c-d64a-n16-r9	9	c100	phase			batch-barrier-2	2.056032
20261008-064058-4a8f57c-d64a-n16-r9	9	c100	phase			batch-barrier-2.start_s	315.798918
20261008-064058-4a8f57c-d64a-n16-r9	9	c100	phase			barrier	0.357163
20261008-064058-4a8f57c-d64a-n16-r9	9	c100	phase			barrier.start_s	324.595832
20261008-064058-4a8f57c-d64a-n16-r9	9	c100	sample	3	3-SRR5935740	mode	striped
20261008-064058-4a8f57c-d64a-n16-r9	9	c100	sample	3	3-SRR5935740	s3client	sdk
20261008-064058-4a8f57c-d64a-n16-r9	9	c100	sample	3	3-SRR5935740	rank	9
20261008-064058-4a8f57c-d64a-n16-r9	9	c100	sample	3	3-SRR5935740	role	peer
20261008-064058-4a8f57c-d64a-n16-r9	9	c100	sample	3	3-SRR5935740	inflight	1
20261008-064058-4a8f57c-d64a-n16-r9	9	c100	sample	3	3-SRR5935740	threads	16
20261008-064058-4a8f57c-d64a-n16-r9	9	c100	sample	3	3-SRR5935740	start_s	318.979058
20261008-064058-4a8f57c-d64a-n16-r9	9	c100	sample	3	3-SRR5935740	wall_s	5.973982
20261008-064058-4a8f57c-d64a-n16-r9	9	c100	sample	3	3-SRR5935740	setup_s	0.000056
20261008-064058-4a8f57c-d64a-n16-r9	9	c100	sample	3	3-SRR5935740	classify_s	5.612510
20261008-064058-4a8f57c-d64a-n16-r9	9	c100	sample	3	3-SRR5935740	close_s	0.000000
20261008-064058-4a8f57c-d64a-n16-r9	9	c100	sample	3	3-SRR5935740	report_s	0.000000
20261008-064058-4a8f57c-d64a-n16-r9	9	c100	sample	3	3-SRR5935740	status	0
20261008-064058-4a8f57c-d64a-n16-r9	9	c100	sample	3	3-SRR5935740	sequences	0
20261008-064058-4a8f57c-d64a-n16-r9	9	c100	sample	3	3-SRR5935740	bases	0
20261008-064058-4a8f57c-d64a-n16-r9	9	c100	sample	3	3-SRR5935740	classified	0
20261008-064058-4a8f57c-d64a-n16-r9	9	c100	sample	3	3-SRR5935740	place	-
20261008-064058-4a8f57c-d64a-n16-r9	9	c100	sample	3	3-SRR5935740	weight	-
20261008-064058-4a8f57c-d64a-n16-r9	9	c100	phase			batch-barrier-3	0.491260
20261008-064058-4a8f57c-d64a-n16-r9	9	c100	phase			batch-barrier-3.start_s	324.953053
20261008-064058-4a8f57c-d64a-n16-r9	9	c100	engine.mem			t_s	330.2
20261008-064058-4a8f57c-d64a-n16-r9	9	c100	engine.mem			rss_kib	75853548
20261008-064058-4a8f57c-d64a-n16-r9	9	c100	engine.mem			hwm_kib	79176088
20261008-064058-4a8f57c-d64a-n16-r9	9	c100	engine.mem			heap_inuse	2942509056
20261008-064058-4a8f57c-d64a-n16-r9	9	c100	engine.mem			sys	7022756088
20261008-064058-4a8f57c-d64a-n16-r9	9	c100	engine.mem			avail_kib	51385112
20261008-064058-4a8f57c-d64a-n16-r9	9	c100	phase			barrier	0.333478
20261008-064058-4a8f57c-d64a-n16-r9	9	c100	phase			barrier.start_s	331.826414
20261008-064058-4a8f57c-d64a-n16-r9	9	c100	sample	4	4-SRR5935740	mode	striped
20261008-064058-4a8f57c-d64a-n16-r9	9	c100	sample	4	4-SRR5935740	s3client	sdk
20261008-064058-4a8f57c-d64a-n16-r9	9	c100	sample	4	4-SRR5935740	rank	9
20261008-064058-4a8f57c-d64a-n16-r9	9	c100	sample	4	4-SRR5935740	role	peer
20261008-064058-4a8f57c-d64a-n16-r9	9	c100	sample	4	4-SRR5935740	inflight	1
20261008-064058-4a8f57c-d64a-n16-r9	9	c100	sample	4	4-SRR5935740	threads	16
20261008-064058-4a8f57c-d64a-n16-r9	9	c100	sample	4	4-SRR5935740	start_s	326.215929
20261008-064058-4a8f57c-d64a-n16-r9	9	c100	sample	4	4-SRR5935740	wall_s	5.944005
20261008-064058-4a8f57c-d64a-n16-r9	9	c100	sample	4	4-SRR5935740	setup_s	0.000050
20261008-064058-4a8f57c-d64a-n16-r9	9	c100	sample	4	4-SRR5935740	classify_s	5.606370
20261008-064058-4a8f57c-d64a-n16-r9	9	c100	sample	4	4-SRR5935740	close_s	0.000000
20261008-064058-4a8f57c-d64a-n16-r9	9	c100	sample	4	4-SRR5935740	report_s	0.000000
20261008-064058-4a8f57c-d64a-n16-r9	9	c100	sample	4	4-SRR5935740	status	0
20261008-064058-4a8f57c-d64a-n16-r9	9	c100	sample	4	4-SRR5935740	sequences	0
20261008-064058-4a8f57c-d64a-n16-r9	9	c100	sample	4	4-SRR5935740	bases	0
20261008-064058-4a8f57c-d64a-n16-r9	9	c100	sample	4	4-SRR5935740	classified	0
20261008-064058-4a8f57c-d64a-n16-r9	9	c100	sample	4	4-SRR5935740	place	-
20261008-064058-4a8f57c-d64a-n16-r9	9	c100	sample	4	4-SRR5935740	weight	-
20261008-064058-4a8f57c-d64a-n16-r9	9	c100	phase			batch-barrier-4	0.716184
20261008-064058-4a8f57c-d64a-n16-r9	9	c100	phase			batch-barrier-4.start_s	332.159944
20261008-064058-4a8f57c-d64a-n16-r9	9	c100	phase			barrier	0.166118
20261008-064058-4a8f57c-d64a-n16-r9	9	c100	phase			barrier.start_s	339.059593
20261008-064058-4a8f57c-d64a-n16-r9	9	c100	sample	5	5-SRR5935740	mode	striped
20261008-064058-4a8f57c-d64a-n16-r9	9	c100	sample	5	5-SRR5935740	s3client	sdk
20261008-064058-4a8f57c-d64a-n16-r9	9	c100	sample	5	5-SRR5935740	rank	9
20261008-064058-4a8f57c-d64a-n16-r9	9	c100	sample	5	5-SRR5935740	role	peer
20261008-064058-4a8f57c-d64a-n16-r9	9	c100	sample	5	5-SRR5935740	inflight	1
20261008-064058-4a8f57c-d64a-n16-r9	9	c100	sample	5	5-SRR5935740	threads	16
20261008-064058-4a8f57c-d64a-n16-r9	9	c100	sample	5	5-SRR5935740	start_s	333.435044
20261008-064058-4a8f57c-d64a-n16-r9	9	c100	sample	5	5-SRR5935740	wall_s	5.790719
20261008-064058-4a8f57c-d64a-n16-r9	9	c100	sample	5	5-SRR5935740	setup_s	0.000053
20261008-064058-4a8f57c-d64a-n16-r9	9	c100	sample	5	5-SRR5935740	classify_s	5.620348
20261008-064058-4a8f57c-d64a-n16-r9	9	c100	sample	5	5-SRR5935740	close_s	0.000000
20261008-064058-4a8f57c-d64a-n16-r9	9	c100	sample	5	5-SRR5935740	report_s	0.000000
20261008-064058-4a8f57c-d64a-n16-r9	9	c100	sample	5	5-SRR5935740	status	0
20261008-064058-4a8f57c-d64a-n16-r9	9	c100	sample	5	5-SRR5935740	sequences	0
20261008-064058-4a8f57c-d64a-n16-r9	9	c100	sample	5	5-SRR5935740	bases	0
20261008-064058-4a8f57c-d64a-n16-r9	9	c100	sample	5	5-SRR5935740	classified	0
20261008-064058-4a8f57c-d64a-n16-r9	9	c100	sample	5	5-SRR5935740	place	-
20261008-064058-4a8f57c-d64a-n16-r9	9	c100	sample	5	5-SRR5935740	weight	-
20261008-064058-4a8f57c-d64a-n16-r9	9	c100	phase			batch-barrier-5	0.586031
20261008-064058-4a8f57c-d64a-n16-r9	9	c100	phase			batch-barrier-5.start_s	339.225777
20261008-064058-4a8f57c-d64a-n16-r9	9	c100	engine.mem			t_s	345.2
20261008-064058-4a8f57c-d64a-n16-r9	9	c100	engine.mem			rss_kib	76245164
20261008-064058-4a8f57c-d64a-n16-r9	9	c100	engine.mem			hwm_kib	79176088
20261008-064058-4a8f57c-d64a-n16-r9	9	c100	engine.mem			heap_inuse	3706650624
20261008-064058-4a8f57c-d64a-n16-r9	9	c100	engine.mem			sys	7022756088
20261008-064058-4a8f57c-d64a-n16-r9	9	c100	engine.mem			avail_kib	51343064
20261008-064058-4a8f57c-d64a-n16-r9	9	c100	phase			batch-barrier-6	10.153763
20261008-064058-4a8f57c-d64a-n16-r9	9	c100	phase			batch-barrier-6.start_s	339.811824
20261008-064058-4a8f57c-d64a-n16-r9	9	c100	engine.mem			t_s	360.2
20261008-064058-4a8f57c-d64a-n16-r9	9	c100	engine.mem			rss_kib	76245172
20261008-064058-4a8f57c-d64a-n16-r9	9	c100	engine.mem			hwm_kib	79176088
20261008-064058-4a8f57c-d64a-n16-r9	9	c100	engine.mem			heap_inuse	3709607936
20261008-064058-4a8f57c-d64a-n16-r9	9	c100	engine.mem			sys	7022756088
20261008-064058-4a8f57c-d64a-n16-r9	9	c100	engine.mem			avail_kib	51615576
20261008-064058-4a8f57c-d64a-n16-r9	9	c100	phase			batch-barrier-7	10.444992
20261008-064058-4a8f57c-d64a-n16-r9	9	c100	phase			batch-barrier-7.start_s	349.965607
20261008-064058-4a8f57c-d64a-n16-r9	9	c100	phase			batch-barrier-8	10.152173
20261008-064058-4a8f57c-d64a-n16-r9	9	c100	phase			batch-barrier-8.start_s	360.410618
20261008-064058-4a8f57c-d64a-n16-r9	9	c100	engine.shard			index	0
20261008-064058-4a8f57c-d64a-n16-r9	9	c100	engine.shard			n	16
20261008-064058-4a8f57c-d64a-n16-r9	9	c100	engine.shard			lo	167216016342
20261008-064058-4a8f57c-d64a-n16-r9	9	c100	engine.shard			hi	185795573713
20261008-064058-4a8f57c-d64a-n16-r9	9	c100	engine.shard			tail	302
20261008-064058-4a8f57c-d64a-n16-r9	9	c100	engine.shard			full	false
20261008-064058-4a8f57c-d64a-n16-r9	9	c100	engine.shard			empty_at	18579557375
20261008-064058-4a8f57c-d64a-n16-r9	9	c100	engine.shard			keys	8474664069
20261008-064058-4a8f57c-d64a-n16-r9	9	c100	engine.shard			batches	89910
20261008-064058-4a8f57c-d64a-n16-r9	9	c100	engine.shard			probe_s	243.888002
20261008-064058-4a8f57c-d64a-n16-r9	9	c100	engine.shard			tail_probes	0
20261008-064058-4a8f57c-d64a-n16-r9	9	c100	engine.shard			wrap_probes	0
20261008-064058-4a8f57c-d64a-n16-r9	9	c100	engine.mem			t_s	370.6
20261008-064058-4a8f57c-d64a-n16-r9	9	c100	engine.mem			rss_kib	76245176
20261008-064058-4a8f57c-d64a-n16-r9	9	c100	engine.mem			hwm_kib	79176088
20261008-064058-4a8f57c-d64a-n16-r9	9	c100	engine.mem			heap_inuse	3711606784
20261008-064058-4a8f57c-d64a-n16-r9	9	c100	engine.mem			sys	7022756088
20261008-064058-4a8f57c-d64a-n16-r9	9	c100	engine.mem			avail_kib	51592916
20261008-064058-4a8f57c-d64a-n16-r9	9	c100	engine.rendezvous			puts	13
20261008-064058-4a8f57c-d64a-n16-r9	9	c100	engine.rendezvous			gets	438
20261008-064058-4a8f57c-d64a-n16-r9	9	c100	engine.s3			client	sdk
20261008-064058-4a8f57c-d64a-n16-r9	9	c100	engine.s3			put	31
20261008-064058-4a8f57c-d64a-n16-r9	9	c100	engine.s3			get	438
20261008-064058-4a8f57c-d64a-n16-r9	9	c100	engine.s3			create_multipart	18
20261008-064058-4a8f57c-d64a-n16-r9	9	c100	engine.s3			upload_part	2249
20261008-064058-4a8f57c-d64a-n16-r9	9	c100	engine.s3			complete_multipart	18
20261008-064058-4a8f57c-d64a-n16-r9	9	c100	engine.s3			abort_multipart	0
20261008-064058-4a8f57c-d64a-n16-r9	9	c100	engine.s3			part_bytes	18831246565
20261008-064058-4a8f57c-d64a-n16-r9	9	c100	engine.s3			client	cli
20261008-064058-4a8f57c-d64a-n16-r9	9	c100	engine.s3			put	0
20261008-064058-4a8f57c-d64a-n16-r9	9	c100	engine.s3			get	0
20261008-064058-4a8f57c-d64a-n16-r9	9	c100	engine.s3			create_multipart	0
20261008-064058-4a8f57c-d64a-n16-r9	9	c100	engine.s3			upload_part	0
20261008-064058-4a8f57c-d64a-n16-r9	9	c100	engine.s3			complete_multipart	0
20261008-064058-4a8f57c-d64a-n16-r9	9	c100	engine.s3			abort_multipart	0
20261008-064058-4a8f57c-d64a-n16-r9	9	c100	engine.s3			part_bytes	0
20261008-064058-4a8f57c-d64a-n16-r9	9	c100	engine.load			seconds	48.691039
20261008-064058-4a8f57c-d64a-n16-r9	9	c100	engine.load			requests	1126
20261008-064058-4a8f57c-d64a-n16-r9	9	c100	engine.load			retries	0
20261008-064058-4a8f57c-d64a-n16-r9	9	c100	engine.load			bytes	74318296292
20261008-064058-4a8f57c-d64a-n16-r9	9	c100	engine.route			transport	nodes
20261008-064058-4a8f57c-d64a-n16-r9	9	c100	engine.route			calls	5741
20261008-064058-4a8f57c-d64a-n16-r9	9	c100	engine.route			keys	8639287715
20261008-064058-4a8f57c-d64a-n16-r9	9	c100	engine.route			batches	91856
20261008-064058-4a8f57c-d64a-n16-r9	9	c100	engine.route			route_s	105.593683
20261008-064058-4a8f57c-d64a-n16-r9	9	c100	engine.route			wait_s	335.442555
20261008-064058-4a8f57c-d64a-n16-r9	9	c100	engine.route			gather_s	20.247334
20261008-064058-4a8f57c-d64a-n16-r9	9	c100	engine.worker			scan_s	790.894706
20261008-064058-4a8f57c-d64a-n16-r9	9	c100	engine.worker			lookup_s	461.291524
20261008-064058-4a8f57c-d64a-n16-r9	9	c100	engine.worker			classify_s	708.580671
20261008-064058-4a8f57c-d64a-n16-r9	9	c100	phase			total	370.706437
20261008-064058-4a8f57c-d64a-n16-r9	9	c100	phase			total.start_s	0.000001
20261008-064058-4a8f57c-d64a-n16-r10	10	c100	phase			taxo	0.102467
20261008-064058-4a8f57c-d64a-n16-r10	10	c100	phase			taxo.start_s	0.002751
20261008-064058-4a8f57c-d64a-n16-r10	10	c100	engine.mem			t_s	15.0
20261008-064058-4a8f57c-d64a-n16-r10	10	c100	engine.mem			rss_kib	26609524
20261008-064058-4a8f57c-d64a-n16-r10	10	c100	engine.mem			hwm_kib	26609524
20261008-064058-4a8f57c-d64a-n16-r10	10	c100	engine.mem			heap_inuse	394739712
20261008-064058-4a8f57c-d64a-n16-r10	10	c100	engine.mem			sys	409983336
20261008-064058-4a8f57c-d64a-n16-r10	10	c100	engine.mem			avail_kib	101065644
20261008-064058-4a8f57c-d64a-n16-r10	10	c100	engine.mem			t_s	30.0
20261008-064058-4a8f57c-d64a-n16-r10	10	c100	engine.mem			rss_kib	48170516
20261008-064058-4a8f57c-d64a-n16-r10	10	c100	engine.mem			hwm_kib	48170520
20261008-064058-4a8f57c-d64a-n16-r10	10	c100	engine.mem			heap_inuse	396582912
20261008-064058-4a8f57c-d64a-n16-r10	10	c100	engine.mem			sys	409983336
20261008-064058-4a8f57c-d64a-n16-r10	10	c100	engine.mem			avail_kib	79493940
20261008-064058-4a8f57c-d64a-n16-r10	10	c100	engine.mem			t_s	45.0
20261008-064058-4a8f57c-d64a-n16-r10	10	c100	engine.mem			rss_kib	69090504
20261008-064058-4a8f57c-d64a-n16-r10	10	c100	engine.mem			hwm_kib	69090508
20261008-064058-4a8f57c-d64a-n16-r10	10	c100	engine.mem			heap_inuse	398352384
20261008-064058-4a8f57c-d64a-n16-r10	10	c100	engine.mem			sys	414243176
20261008-064058-4a8f57c-d64a-n16-r10	10	c100	engine.mem			avail_kib	58519548
20261008-064058-4a8f57c-d64a-n16-r10	10	c100	phase			shard-load-10	48.475272
20261008-064058-4a8f57c-d64a-n16-r10	10	c100	phase			shard-load-10.start_s	0.171359
20261008-064058-4a8f57c-d64a-n16-r10	10	c100	engine.mem			t_s	60.0
20261008-064058-4a8f57c-d64a-n16-r10	10	c100	engine.mem			rss_kib	72972472
20261008-064058-4a8f57c-d64a-n16-r10	10	c100	engine.mem			hwm_kib	72972476
20261008-064058-4a8f57c-d64a-n16-r10	10	c100	engine.mem			heap_inuse	403693568
20261008-064058-4a8f57c-d64a-n16-r10	10	c100	engine.mem			sys	418437480
20261008-064058-4a8f57c-d64a-n16-r10	10	c100	engine.mem			avail_kib	54852192
20261008-064058-4a8f57c-d64a-n16-r10	10	c100	phase			rendezvous	22.034661
20261008-064058-4a8f57c-d64a-n16-r10	10	c100	phase			rendezvous.start_s	49.112187
20261008-064058-4a8f57c-d64a-n16-r10	10	c100	phase			connect	0.078117
20261008-064058-4a8f57c-d64a-n16-r10	10	c100	phase			connect.start_s	71.146863
20261008-064058-4a8f57c-d64a-n16-r10	10	c100	phase			hash	71.119732
20261008-064058-4a8f57c-d64a-n16-r10	10	c100	phase			hash.start_s	0.105268
20261008-064058-4a8f57c-d64a-n16-r10	10	c100	engine.mem			t_s	75.0
20261008-064058-4a8f57c-d64a-n16-r10	10	c100	engine.mem			rss_kib	77986776
20261008-064058-4a8f57c-d64a-n16-r10	10	c100	engine.mem			hwm_kib	77986776
20261008-064058-4a8f57c-d64a-n16-r10	10	c100	engine.mem			heap_inuse	3183689728
20261008-064058-4a8f57c-d64a-n16-r10	10	c100	engine.mem			sys	5702074184
20261008-064058-4a8f57c-d64a-n16-r10	10	c100	engine.mem			avail_kib	49538056
20261008-064058-4a8f57c-d64a-n16-r10	10	c100	sample	0	0-SRR5935741	mode	parallel
20261008-064058-4a8f57c-d64a-n16-r10	10	c100	sample	0	0-SRR5935741	s3client	sdk
20261008-064058-4a8f57c-d64a-n16-r10	10	c100	sample	0	0-SRR5935741	rank	10
20261008-064058-4a8f57c-d64a-n16-r10	10	c100	sample	0	0-SRR5935741	role	home
20261008-064058-4a8f57c-d64a-n16-r10	10	c100	sample	0	0-SRR5935741	inflight	1
20261008-064058-4a8f57c-d64a-n16-r10	10	c100	sample	0	0-SRR5935741	threads	16
20261008-064058-4a8f57c-d64a-n16-r10	10	c100	sample	0	0-SRR5935741	start_s	71.225034
20261008-064058-4a8f57c-d64a-n16-r10	10	c100	sample	0	0-SRR5935741	wall_s	17.992324
20261008-064058-4a8f57c-d64a-n16-r10	10	c100	sample	0	0-SRR5935741	setup_s	0.000052
20261008-064058-4a8f57c-d64a-n16-r10	10	c100	sample	0	0-SRR5935741	classify_s	17.554369
20261008-064058-4a8f57c-d64a-n16-r10	10	c100	sample	0	0-SRR5935741	close_s	0.262132
20261008-064058-4a8f57c-d64a-n16-r10	10	c100	sample	0	0-SRR5935741	report_s	0.166422
20261008-064058-4a8f57c-d64a-n16-r10	10	c100	sample	0	0-SRR5935741	status	0
20261008-064058-4a8f57c-d64a-n16-r10	10	c100	sample	0	0-SRR5935741	sequences	16518263
20261008-064058-4a8f57c-d64a-n16-r10	10	c100	sample	0	0-SRR5935741	bases	3051284850
20261008-064058-4a8f57c-d64a-n16-r10	10	c100	sample	0	0-SRR5935741	classified	16141470
20261008-064058-4a8f57c-d64a-n16-r10	10	c100	sample	0	0-SRR5935741	place	lpt
20261008-064058-4a8f57c-d64a-n16-r10	10	c100	sample	0	0-SRR5935741	weight	16518263
20261008-064058-4a8f57c-d64a-n16-r10	10	c100	engine.mem			t_s	90.0
20261008-064058-4a8f57c-d64a-n16-r10	10	c100	engine.mem			rss_kib	78225776
20261008-064058-4a8f57c-d64a-n16-r10	10	c100	engine.mem			hwm_kib	78430948
20261008-064058-4a8f57c-d64a-n16-r10	10	c100	engine.mem			heap_inuse	3030450176
20261008-064058-4a8f57c-d64a-n16-r10	10	c100	engine.mem			sys	6092586920
20261008-064058-4a8f57c-d64a-n16-r10	10	c100	engine.mem			avail_kib	48882796
20261008-064058-4a8f57c-d64a-n16-r10	10	c100	engine.mem			t_s	105.0
20261008-064058-4a8f57c-d64a-n16-r10	10	c100	engine.mem			rss_kib	78314960
20261008-064058-4a8f57c-d64a-n16-r10	10	c100	engine.mem			hwm_kib	78430948
20261008-064058-4a8f57c-d64a-n16-r10	10	c100	engine.mem			heap_inuse	5142208512
20261008-064058-4a8f57c-d64a-n16-r10	10	c100	engine.mem			sys	6096437160
20261008-064058-4a8f57c-d64a-n16-r10	10	c100	engine.mem			avail_kib	49132712
20261008-064058-4a8f57c-d64a-n16-r10	10	c100	sample	0	0-SRR5935772	mode	parallel
20261008-064058-4a8f57c-d64a-n16-r10	10	c100	sample	0	0-SRR5935772	s3client	sdk
20261008-064058-4a8f57c-d64a-n16-r10	10	c100	sample	0	0-SRR5935772	rank	10
20261008-064058-4a8f57c-d64a-n16-r10	10	c100	sample	0	0-SRR5935772	role	home
20261008-064058-4a8f57c-d64a-n16-r10	10	c100	sample	0	0-SRR5935772	inflight	1
20261008-064058-4a8f57c-d64a-n16-r10	10	c100	sample	0	0-SRR5935772	threads	16
20261008-064058-4a8f57c-d64a-n16-r10	10	c100	sample	0	0-SRR5935772	start_s	89.217381
20261008-064058-4a8f57c-d64a-n16-r10	10	c100	sample	0	0-SRR5935772	wall_s	16.686635
20261008-064058-4a8f57c-d64a-n16-r10	10	c100	sample	0	0-SRR5935772	setup_s	0.000080
20261008-064058-4a8f57c-d64a-n16-r10	10	c100	sample	0	0-SRR5935772	classify_s	16.291391
20261008-064058-4a8f57c-d64a-n16-r10	10	c100	sample	0	0-SRR5935772	close_s	0.207419
20261008-064058-4a8f57c-d64a-n16-r10	10	c100	sample	0	0-SRR5935772	report_s	0.173906
20261008-064058-4a8f57c-d64a-n16-r10	10	c100	sample	0	0-SRR5935772	status	0
20261008-064058-4a8f57c-d64a-n16-r10	10	c100	sample	0	0-SRR5935772	sequences	15271512
20261008-064058-4a8f57c-d64a-n16-r10	10	c100	sample	0	0-SRR5935772	bases	2845360298
20261008-064058-4a8f57c-d64a-n16-r10	10	c100	sample	0	0-SRR5935772	classified	14502211
20261008-064058-4a8f57c-d64a-n16-r10	10	c100	sample	0	0-SRR5935772	place	lpt
20261008-064058-4a8f57c-d64a-n16-r10	10	c100	sample	0	0-SRR5935772	weight	15271512
20261008-064058-4a8f57c-d64a-n16-r10	10	c100	engine.mem			t_s	120.0
20261008-064058-4a8f57c-d64a-n16-r10	10	c100	engine.mem			rss_kib	78389000
20261008-064058-4a8f57c-d64a-n16-r10	10	c100	engine.mem			hwm_kib	78490900
20261008-064058-4a8f57c-d64a-n16-r10	10	c100	engine.mem			heap_inuse	4599930880
20261008-064058-4a8f57c-d64a-n16-r10	10	c100	engine.mem			sys	6096551848
20261008-064058-4a8f57c-d64a-n16-r10	10	c100	engine.mem			avail_kib	49239196
20261008-064058-4a8f57c-d64a-n16-r10	10	c100	sample	0	0-SRR5935831	mode	parallel
20261008-064058-4a8f57c-d64a-n16-r10	10	c100	sample	0	0-SRR5935831	s3client	sdk
20261008-064058-4a8f57c-d64a-n16-r10	10	c100	sample	0	0-SRR5935831	rank	10
20261008-064058-4a8f57c-d64a-n16-r10	10	c100	sample	0	0-SRR5935831	role	home
20261008-064058-4a8f57c-d64a-n16-r10	10	c100	sample	0	0-SRR5935831	inflight	1
20261008-064058-4a8f57c-d64a-n16-r10	10	c100	sample	0	0-SRR5935831	threads	16
20261008-064058-4a8f57c-d64a-n16-r10	10	c100	sample	0	0-SRR5935831	start_s	105.904041
20261008-064058-4a8f57c-d64a-n16-r10	10	c100	sample	0	0-SRR5935831	wall_s	14.230734
20261008-064058-4a8f57c-d64a-n16-r10	10	c100	sample	0	0-SRR5935831	setup_s	0.000085
20261008-064058-4a8f57c-d64a-n16-r10	10	c100	sample	0	0-SRR5935831	classify_s	13.870565
20261008-064058-4a8f57c-d64a-n16-r10	10	c100	sample	0	0-SRR5935831	close_s	0.229339
20261008-064058-4a8f57c-d64a-n16-r10	10	c100	sample	0	0-SRR5935831	report_s	0.125041
20261008-064058-4a8f57c-d64a-n16-r10	10	c100	sample	0	0-SRR5935831	status	0
20261008-064058-4a8f57c-d64a-n16-r10	10	c100	sample	0	0-SRR5935831	sequences	12793053
20261008-064058-4a8f57c-d64a-n16-r10	10	c100	sample	0	0-SRR5935831	bases	2357685670
20261008-064058-4a8f57c-d64a-n16-r10	10	c100	sample	0	0-SRR5935831	classified	12609886
20261008-064058-4a8f57c-d64a-n16-r10	10	c100	sample	0	0-SRR5935831	place	lpt
20261008-064058-4a8f57c-d64a-n16-r10	10	c100	sample	0	0-SRR5935831	weight	12793053
20261008-064058-4a8f57c-d64a-n16-r10	10	c100	sample	0	0-SRR5935825	mode	parallel
20261008-064058-4a8f57c-d64a-n16-r10	10	c100	sample	0	0-SRR5935825	s3client	sdk
20261008-064058-4a8f57c-d64a-n16-r10	10	c100	sample	0	0-SRR5935825	rank	10
20261008-064058-4a8f57c-d64a-n16-r10	10	c100	sample	0	0-SRR5935825	role	home
20261008-064058-4a8f57c-d64a-n16-r10	10	c100	sample	0	0-SRR5935825	inflight	1
20261008-064058-4a8f57c-d64a-n16-r10	10	c100	sample	0	0-SRR5935825	threads	16
20261008-064058-4a8f57c-d64a-n16-r10	10	c100	sample	0	0-SRR5935825	start_s	120.134798
20261008-064058-4a8f57c-d64a-n16-r10	10	c100	sample	0	0-SRR5935825	wall_s	12.607099
20261008-064058-4a8f57c-d64a-n16-r10	10	c100	sample	0	0-SRR5935825	setup_s	0.000055
20261008-064058-4a8f57c-d64a-n16-r10	10	c100	sample	0	0-SRR5935825	classify_s	12.095667
20261008-064058-4a8f57c-d64a-n16-r10	10	c100	sample	0	0-SRR5935825	close_s	0.296514
20261008-064058-4a8f57c-d64a-n16-r10	10	c100	sample	0	0-SRR5935825	report_s	0.193869
20261008-064058-4a8f57c-d64a-n16-r10	10	c100	sample	0	0-SRR5935825	status	0
20261008-064058-4a8f57c-d64a-n16-r10	10	c100	sample	0	0-SRR5935825	sequences	11458367
20261008-064058-4a8f57c-d64a-n16-r10	10	c100	sample	0	0-SRR5935825	bases	2115935464
20261008-064058-4a8f57c-d64a-n16-r10	10	c100	sample	0	0-SRR5935825	classified	9654089
20261008-064058-4a8f57c-d64a-n16-r10	10	c100	sample	0	0-SRR5935825	place	lpt
20261008-064058-4a8f57c-d64a-n16-r10	10	c100	sample	0	0-SRR5935825	weight	11458367
20261008-064058-4a8f57c-d64a-n16-r10	10	c100	engine.mem			t_s	135.0
20261008-064058-4a8f57c-d64a-n16-r10	10	c100	engine.mem			rss_kib	77776604
20261008-064058-4a8f57c-d64a-n16-r10	10	c100	engine.mem			hwm_kib	78672220
20261008-064058-4a8f57c-d64a-n16-r10	10	c100	engine.mem			heap_inuse	3836002304
20261008-064058-4a8f57c-d64a-n16-r10	10	c100	engine.mem			sys	6272020552
20261008-064058-4a8f57c-d64a-n16-r10	10	c100	engine.mem			avail_kib	49289756
20261008-064058-4a8f57c-d64a-n16-r10	10	c100	sample	0	0-SRR5935837	mode	parallel
20261008-064058-4a8f57c-d64a-n16-r10	10	c100	sample	0	0-SRR5935837	s3client	sdk
20261008-064058-4a8f57c-d64a-n16-r10	10	c100	sample	0	0-SRR5935837	rank	10
20261008-064058-4a8f57c-d64a-n16-r10	10	c100	sample	0	0-SRR5935837	role	home
20261008-064058-4a8f57c-d64a-n16-r10	10	c100	sample	0	0-SRR5935837	inflight	1
20261008-064058-4a8f57c-d64a-n16-r10	10	c100	sample	0	0-SRR5935837	threads	16
20261008-064058-4a8f57c-d64a-n16-r10	10	c100	sample	0	0-SRR5935837	start_s	132.741926
20261008-064058-4a8f57c-d64a-n16-r10	10	c100	sample	0	0-SRR5935837	wall_s	10.313095
20261008-064058-4a8f57c-d64a-n16-r10	10	c100	sample	0	0-SRR5935837	setup_s	0.000068
20261008-064058-4a8f57c-d64a-n16-r10	10	c100	sample	0	0-SRR5935837	classify_s	9.883906
20261008-064058-4a8f57c-d64a-n16-r10	10	c100	sample	0	0-SRR5935837	close_s	0.214207
20261008-064058-4a8f57c-d64a-n16-r10	10	c100	sample	0	0-SRR5935837	report_s	0.204301
20261008-064058-4a8f57c-d64a-n16-r10	10	c100	sample	0	0-SRR5935837	status	0
20261008-064058-4a8f57c-d64a-n16-r10	10	c100	sample	0	0-SRR5935837	sequences	9337913
20261008-064058-4a8f57c-d64a-n16-r10	10	c100	sample	0	0-SRR5935837	bases	1691901005
20261008-064058-4a8f57c-d64a-n16-r10	10	c100	sample	0	0-SRR5935837	classified	8897092
20261008-064058-4a8f57c-d64a-n16-r10	10	c100	sample	0	0-SRR5935837	place	lpt
20261008-064058-4a8f57c-d64a-n16-r10	10	c100	sample	0	0-SRR5935837	weight	9337913
20261008-064058-4a8f57c-d64a-n16-r10	10	c100	sample	0	0-SRR5935805	mode	parallel
20261008-064058-4a8f57c-d64a-n16-r10	10	c100	sample	0	0-SRR5935805	s3client	sdk
20261008-064058-4a8f57c-d64a-n16-r10	10	c100	sample	0	0-SRR5935805	rank	10
20261008-064058-4a8f57c-d64a-n16-r10	10	c100	sample	0	0-SRR5935805	role	home
20261008-064058-4a8f57c-d64a-n16-r10	10	c100	sample	0	0-SRR5935805	inflight	1
20261008-064058-4a8f57c-d64a-n16-r10	10	c100	sample	0	0-SRR5935805	threads	16
20261008-064058-4a8f57c-d64a-n16-r10	10	c100	sample	0	0-SRR5935805	start_s	143.055053
20261008-064058-4a8f57c-d64a-n16-r10	10	c100	sample	0	0-SRR5935805	wall_s	3.666080
20261008-064058-4a8f57c-d64a-n16-r10	10	c100	sample	0	0-SRR5935805	setup_s	0.000070
20261008-064058-4a8f57c-d64a-n16-r10	10	c100	sample	0	0-SRR5935805	classify_s	3.315915
20261008-064058-4a8f57c-d64a-n16-r10	10	c100	sample	0	0-SRR5935805	close_s	0.213643
20261008-064058-4a8f57c-d64a-n16-r10	10	c100	sample	0	0-SRR5935805	report_s	0.132365
20261008-064058-4a8f57c-d64a-n16-r10	10	c100	sample	0	0-SRR5935805	status	0
20261008-064058-4a8f57c-d64a-n16-r10	10	c100	sample	0	0-SRR5935805	sequences	2823474
20261008-064058-4a8f57c-d64a-n16-r10	10	c100	sample	0	0-SRR5935805	bases	526092284
20261008-064058-4a8f57c-d64a-n16-r10	10	c100	sample	0	0-SRR5935805	classified	2761157
20261008-064058-4a8f57c-d64a-n16-r10	10	c100	sample	0	0-SRR5935805	place	lpt
20261008-064058-4a8f57c-d64a-n16-r10	10	c100	sample	0	0-SRR5935805	weight	2823474
20261008-064058-4a8f57c-d64a-n16-r10	10	c100	engine.mem			t_s	150.0
20261008-064058-4a8f57c-d64a-n16-r10	10	c100	engine.mem			rss_kib	78646780
20261008-064058-4a8f57c-d64a-n16-r10	10	c100	engine.mem			hwm_kib	78881988
20261008-064058-4a8f57c-d64a-n16-r10	10	c100	engine.mem			heap_inuse	5231501312
20261008-064058-4a8f57c-d64a-n16-r10	10	c100	engine.mem			sys	6498594952
20261008-064058-4a8f57c-d64a-n16-r10	10	c100	engine.mem			avail_kib	48838724
20261008-064058-4a8f57c-d64a-n16-r10	10	c100	phase			batch-barrier-0	3.354869
20261008-064058-4a8f57c-d64a-n16-r10	10	c100	phase			batch-barrier-0.start_s	146.721159
20261008-064058-4a8f57c-d64a-n16-r10	10	c100	sample	1	1-SRR5935750	mode	parallel
20261008-064058-4a8f57c-d64a-n16-r10	10	c100	sample	1	1-SRR5935750	s3client	sdk
20261008-064058-4a8f57c-d64a-n16-r10	10	c100	sample	1	1-SRR5935750	rank	10
20261008-064058-4a8f57c-d64a-n16-r10	10	c100	sample	1	1-SRR5935750	role	home
20261008-064058-4a8f57c-d64a-n16-r10	10	c100	sample	1	1-SRR5935750	inflight	1
20261008-064058-4a8f57c-d64a-n16-r10	10	c100	sample	1	1-SRR5935750	threads	16
20261008-064058-4a8f57c-d64a-n16-r10	10	c100	sample	1	1-SRR5935750	start_s	150.076051
20261008-064058-4a8f57c-d64a-n16-r10	10	c100	sample	1	1-SRR5935750	wall_s	7.631721
20261008-064058-4a8f57c-d64a-n16-r10	10	c100	sample	1	1-SRR5935750	setup_s	0.000053
20261008-064058-4a8f57c-d64a-n16-r10	10	c100	sample	1	1-SRR5935750	classify_s	7.207104
20261008-064058-4a8f57c-d64a-n16-r10	10	c100	sample	1	1-SRR5935750	close_s	0.271182
20261008-064058-4a8f57c-d64a-n16-r10	10	c100	sample	1	1-SRR5935750	report_s	0.147079
20261008-064058-4a8f57c-d64a-n16-r10	10	c100	sample	1	1-SRR5935750	status	0
20261008-064058-4a8f57c-d64a-n16-r10	10	c100	sample	1	1-SRR5935750	sequences	6552107
20261008-064058-4a8f57c-d64a-n16-r10	10	c100	sample	1	1-SRR5935750	bases	1182796919
20261008-064058-4a8f57c-d64a-n16-r10	10	c100	sample	1	1-SRR5935750	classified	6331866
20261008-064058-4a8f57c-d64a-n16-r10	10	c100	sample	1	1-SRR5935750	place	mod
20261008-064058-4a8f57c-d64a-n16-r10	10	c100	sample	1	1-SRR5935750	weight	6552107
20261008-064058-4a8f57c-d64a-n16-r10	10	c100	engine.mem			t_s	165.0
20261008-064058-4a8f57c-d64a-n16-r10	10	c100	engine.mem			rss_kib	78864272
20261008-064058-4a8f57c-d64a-n16-r10	10	c100	engine.mem			hwm_kib	78972064
20261008-064058-4a8f57c-d64a-n16-r10	10	c100	engine.mem			heap_inuse	4169998336
20261008-064058-4a8f57c-d64a-n16-r10	10	c100	engine.mem			sys	6821933256
20261008-064058-4a8f57c-d64a-n16-r10	10	c100	engine.mem			avail_kib	48553104
20261008-064058-4a8f57c-d64a-n16-r10	10	c100	sample	1	1-SRR5935766	mode	parallel
20261008-064058-4a8f57c-d64a-n16-r10	10	c100	sample	1	1-SRR5935766	s3client	sdk
20261008-064058-4a8f57c-d64a-n16-r10	10	c100	sample	1	1-SRR5935766	rank	10
20261008-064058-4a8f57c-d64a-n16-r10	10	c100	sample	1	1-SRR5935766	role	home
20261008-064058-4a8f57c-d64a-n16-r10	10	c100	sample	1	1-SRR5935766	inflight	1
20261008-064058-4a8f57c-d64a-n16-r10	10	c100	sample	1	1-SRR5935766	threads	16
20261008-064058-4a8f57c-d64a-n16-r10	10	c100	sample	1	1-SRR5935766	start_s	157.707802
20261008-064058-4a8f57c-d64a-n16-r10	10	c100	sample	1	1-SRR5935766	wall_s	15.736411
20261008-064058-4a8f57c-d64a-n16-r10	10	c100	sample	1	1-SRR5935766	setup_s	0.000089
20261008-064058-4a8f57c-d64a-n16-r10	10	c100	sample	1	1-SRR5935766	classify_s	15.044416
20261008-064058-4a8f57c-d64a-n16-r10	10	c100	sample	1	1-SRR5935766	close_s	0.504848
20261008-064058-4a8f57c-d64a-n16-r10	10	c100	sample	1	1-SRR5935766	report_s	0.177466
20261008-064058-4a8f57c-d64a-n16-r10	10	c100	sample	1	1-SRR5935766	status	0
20261008-064058-4a8f57c-d64a-n16-r10	10	c100	sample	1	1-SRR5935766	sequences	14120624
20261008-064058-4a8f57c-d64a-n16-r10	10	c100	sample	1	1-SRR5935766	bases	2649393059
20261008-064058-4a8f57c-d64a-n16-r10	10	c100	sample	1	1-SRR5935766	classified	13394795
20261008-064058-4a8f57c-d64a-n16-r10	10	c100	sample	1	1-SRR5935766	place	mod
20261008-064058-4a8f57c-d64a-n16-r10	10	c100	sample	1	1-SRR5935766	weight	14120624
20261008-064058-4a8f57c-d64a-n16-r10	10	c100	engine.mem			t_s	180.1
20261008-064058-4a8f57c-d64a-n16-r10	10	c100	engine.mem			rss_kib	79032468
20261008-064058-4a8f57c-d64a-n16-r10	10	c100	engine.mem			hwm_kib	79299076
20261008-064058-4a8f57c-d64a-n16-r10	10	c100	engine.mem			heap_inuse	5767135232
20261008-064058-4a8f57c-d64a-n16-r10	10	c100	engine.mem			sys	6935318760
20261008-064058-4a8f57c-d64a-n16-r10	10	c100	engine.mem			avail_kib	48204260
20261008-064058-4a8f57c-d64a-n16-r10	10	c100	sample	1	1-SRR5935782	mode	parallel
20261008-064058-4a8f57c-d64a-n16-r10	10	c100	sample	1	1-SRR5935782	s3client	sdk
20261008-064058-4a8f57c-d64a-n16-r10	10	c100	sample	1	1-SRR5935782	rank	10
20261008-064058-4a8f57c-d64a-n16-r10	10	c100	sample	1	1-SRR5935782	role	home
20261008-064058-4a8f57c-d64a-n16-r10	10	c100	sample	1	1-SRR5935782	inflight	1
20261008-064058-4a8f57c-d64a-n16-r10	10	c100	sample	1	1-SRR5935782	threads	16
20261008-064058-4a8f57c-d64a-n16-r10	10	c100	sample	1	1-SRR5935782	start_s	173.444240
20261008-064058-4a8f57c-d64a-n16-r10	10	c100	sample	1	1-SRR5935782	wall_s	11.421006
20261008-064058-4a8f57c-d64a-n16-r10	10	c100	sample	1	1-SRR5935782	setup_s	0.000075
20261008-064058-4a8f57c-d64a-n16-r10	10	c100	sample	1	1-SRR5935782	classify_s	11.063565
20261008-064058-4a8f57c-d64a-n16-r10	10	c100	sample	1	1-SRR5935782	close_s	0.202460
20261008-064058-4a8f57c-d64a-n16-r10	10	c100	sample	1	1-SRR5935782	report_s	0.148579
20261008-064058-4a8f57c-d64a-n16-r10	10	c100	sample	1	1-SRR5935782	status	0
20261008-064058-4a8f57c-d64a-n16-r10	10	c100	sample	1	1-SRR5935782	sequences	10128070
20261008-064058-4a8f57c-d64a-n16-r10	10	c100	sample	1	1-SRR5935782	bases	1876810820
20261008-064058-4a8f57c-d64a-n16-r10	10	c100	sample	1	1-SRR5935782	classified	9942775
20261008-064058-4a8f57c-d64a-n16-r10	10	c100	sample	1	1-SRR5935782	place	mod
20261008-064058-4a8f57c-d64a-n16-r10	10	c100	sample	1	1-SRR5935782	weight	10128070
20261008-064058-4a8f57c-d64a-n16-r10	10	c100	engine.mem			t_s	195.1
20261008-064058-4a8f57c-d64a-n16-r10	10	c100	engine.mem			rss_kib	78719016
20261008-064058-4a8f57c-d64a-n16-r10	10	c100	engine.mem			hwm_kib	79299076
20261008-064058-4a8f57c-d64a-n16-r10	10	c100	engine.mem			heap_inuse	3756703744
20261008-064058-4a8f57c-d64a-n16-r10	10	c100	engine.mem			sys	6973137144
20261008-064058-4a8f57c-d64a-n16-r10	10	c100	engine.mem			avail_kib	48625436
20261008-064058-4a8f57c-d64a-n16-r10	10	c100	sample	1	1-SRR5935798	mode	parallel
20261008-064058-4a8f57c-d64a-n16-r10	10	c100	sample	1	1-SRR5935798	s3client	sdk
20261008-064058-4a8f57c-d64a-n16-r10	10	c100	sample	1	1-SRR5935798	rank	10
20261008-064058-4a8f57c-d64a-n16-r10	10	c100	sample	1	1-SRR5935798	role	home
20261008-064058-4a8f57c-d64a-n16-r10	10	c100	sample	1	1-SRR5935798	inflight	1
20261008-064058-4a8f57c-d64a-n16-r10	10	c100	sample	1	1-SRR5935798	threads	16
20261008-064058-4a8f57c-d64a-n16-r10	10	c100	sample	1	1-SRR5935798	start_s	184.865273
20261008-064058-4a8f57c-d64a-n16-r10	10	c100	sample	1	1-SRR5935798	wall_s	21.248503
20261008-064058-4a8f57c-d64a-n16-r10	10	c100	sample	1	1-SRR5935798	setup_s	0.000075
20261008-064058-4a8f57c-d64a-n16-r10	10	c100	sample	1	1-SRR5935798	classify_s	20.762130
20261008-064058-4a8f57c-d64a-n16-r10	10	c100	sample	1	1-SRR5935798	close_s	0.263866
20261008-064058-4a8f57c-d64a-n16-r10	10	c100	sample	1	1-SRR5935798	report_s	0.204914
20261008-064058-4a8f57c-d64a-n16-r10	10	c100	sample	1	1-SRR5935798	status	0
20261008-064058-4a8f57c-d64a-n16-r10	10	c100	sample	1	1-SRR5935798	sequences	20086542
20261008-064058-4a8f57c-d64a-n16-r10	10	c100	sample	1	1-SRR5935798	bases	3689648337
20261008-064058-4a8f57c-d64a-n16-r10	10	c100	sample	1	1-SRR5935798	classified	19142785
20261008-064058-4a8f57c-d64a-n16-r10	10	c100	sample	1	1-SRR5935798	place	mod
20261008-064058-4a8f57c-d64a-n16-r10	10	c100	sample	1	1-SRR5935798	weight	20086542
20261008-064058-4a8f57c-d64a-n16-r10	10	c100	engine.mem			t_s	210.1
20261008-064058-4a8f57c-d64a-n16-r10	10	c100	engine.mem			rss_kib	78207580
20261008-064058-4a8f57c-d64a-n16-r10	10	c100	engine.mem			hwm_kib	79299076
20261008-064058-4a8f57c-d64a-n16-r10	10	c100	engine.mem			heap_inuse	3950829568
20261008-064058-4a8f57c-d64a-n16-r10	10	c100	engine.mem			sys	6985720056
20261008-064058-4a8f57c-d64a-n16-r10	10	c100	engine.mem			avail_kib	49334784
20261008-064058-4a8f57c-d64a-n16-r10	10	c100	sample	1	1-SRR5935814	mode	parallel
20261008-064058-4a8f57c-d64a-n16-r10	10	c100	sample	1	1-SRR5935814	s3client	sdk
20261008-064058-4a8f57c-d64a-n16-r10	10	c100	sample	1	1-SRR5935814	rank	10
20261008-064058-4a8f57c-d64a-n16-r10	10	c100	sample	1	1-SRR5935814	role	home
20261008-064058-4a8f57c-d64a-n16-r10	10	c100	sample	1	1-SRR5935814	inflight	1
20261008-064058-4a8f57c-d64a-n16-r10	10	c100	sample	1	1-SRR5935814	threads	16
20261008-064058-4a8f57c-d64a-n16-r10	10	c100	sample	1	1-SRR5935814	start_s	206.113803
20261008-064058-4a8f57c-d64a-n16-r10	10	c100	sample	1	1-SRR5935814	wall_s	6.164734
20261008-064058-4a8f57c-d64a-n16-r10	10	c100	sample	1	1-SRR5935814	setup_s	0.000066
20261008-064058-4a8f57c-d64a-n16-r10	10	c100	sample	1	1-SRR5935814	classify_s	5.820288
20261008-064058-4a8f57c-d64a-n16-r10	10	c100	sample	1	1-SRR5935814	close_s	0.219274
20261008-064058-4a8f57c-d64a-n16-r10	10	c100	sample	1	1-SRR5935814	report_s	0.119307
20261008-064058-4a8f57c-d64a-n16-r10	10	c100	sample	1	1-SRR5935814	status	0
20261008-064058-4a8f57c-d64a-n16-r10	10	c100	sample	1	1-SRR5935814	sequences	5072545
20261008-064058-4a8f57c-d64a-n16-r10	10	c100	sample	1	1-SRR5935814	bases	950400325
20261008-064058-4a8f57c-d64a-n16-r10	10	c100	sample	1	1-SRR5935814	classified	4982177
20261008-064058-4a8f57c-d64a-n16-r10	10	c100	sample	1	1-SRR5935814	place	mod
20261008-064058-4a8f57c-d64a-n16-r10	10	c100	sample	1	1-SRR5935814	weight	5072545
20261008-064058-4a8f57c-d64a-n16-r10	10	c100	engine.mem			t_s	225.1
20261008-064058-4a8f57c-d64a-n16-r10	10	c100	engine.mem			rss_kib	78725560
20261008-064058-4a8f57c-d64a-n16-r10	10	c100	engine.mem			hwm_kib	79299076
20261008-064058-4a8f57c-d64a-n16-r10	10	c100	engine.mem			heap_inuse	5189820416
20261008-064058-4a8f57c-d64a-n16-r10	10	c100	engine.mem			sys	6985720056
20261008-064058-4a8f57c-d64a-n16-r10	10	c100	engine.mem			avail_kib	48514748
20261008-064058-4a8f57c-d64a-n16-r10	10	c100	sample	1	1-SRR5935830	mode	parallel
20261008-064058-4a8f57c-d64a-n16-r10	10	c100	sample	1	1-SRR5935830	s3client	sdk
20261008-064058-4a8f57c-d64a-n16-r10	10	c100	sample	1	1-SRR5935830	rank	10
20261008-064058-4a8f57c-d64a-n16-r10	10	c100	sample	1	1-SRR5935830	role	home
20261008-064058-4a8f57c-d64a-n16-r10	10	c100	sample	1	1-SRR5935830	inflight	1
20261008-064058-4a8f57c-d64a-n16-r10	10	c100	sample	1	1-SRR5935830	threads	16
20261008-064058-4a8f57c-d64a-n16-r10	10	c100	sample	1	1-SRR5935830	start_s	212.278565
20261008-064058-4a8f57c-d64a-n16-r10	10	c100	sample	1	1-SRR5935830	wall_s	14.800145
20261008-064058-4a8f57c-d64a-n16-r10	10	c100	sample	1	1-SRR5935830	setup_s	0.000062
20261008-064058-4a8f57c-d64a-n16-r10	10	c100	sample	1	1-SRR5935830	classify_s	14.376684
20261008-064058-4a8f57c-d64a-n16-r10	10	c100	sample	1	1-SRR5935830	close_s	0.266306
20261008-064058-4a8f57c-d64a-n16-r10	10	c100	sample	1	1-SRR5935830	report_s	0.149427
20261008-064058-4a8f57c-d64a-n16-r10	10	c100	sample	1	1-SRR5935830	status	0
20261008-064058-4a8f57c-d64a-n16-r10	10	c100	sample	1	1-SRR5935830	sequences	14303962
20261008-064058-4a8f57c-d64a-n16-r10	10	c100	sample	1	1-SRR5935830	bases	2635979010
20261008-064058-4a8f57c-d64a-n16-r10	10	c100	sample	1	1-SRR5935830	classified	14029845
20261008-064058-4a8f57c-d64a-n16-r10	10	c100	sample	1	1-SRR5935830	place	mod
20261008-064058-4a8f57c-d64a-n16-r10	10	c100	sample	1	1-SRR5935830	weight	14303962
20261008-064058-4a8f57c-d64a-n16-r10	10	c100	engine.mem			t_s	240.1
20261008-064058-4a8f57c-d64a-n16-r10	10	c100	engine.mem			rss_kib	78975580
20261008-064058-4a8f57c-d64a-n16-r10	10	c100	engine.mem			hwm_kib	79299076
20261008-064058-4a8f57c-d64a-n16-r10	10	c100	engine.mem			heap_inuse	3811917824
20261008-064058-4a8f57c-d64a-n16-r10	10	c100	engine.mem			sys	6985720056
20261008-064058-4a8f57c-d64a-n16-r10	10	c100	engine.mem			avail_kib	48603864
20261008-064058-4a8f57c-d64a-n16-r10	10	c100	phase			batch-barrier-1	13.827286
20261008-064058-4a8f57c-d64a-n16-r10	10	c100	phase			batch-barrier-1.start_s	227.078733
20261008-064058-4a8f57c-d64a-n16-r10	10	c100	engine.mem			t_s	255.1
20261008-064058-4a8f57c-d64a-n16-r10	10	c100	engine.mem			rss_kib	78986300
20261008-064058-4a8f57c-d64a-n16-r10	10	c100	engine.mem			hwm_kib	79299076
20261008-064058-4a8f57c-d64a-n16-r10	10	c100	engine.mem			heap_inuse	5687648256
20261008-064058-4a8f57c-d64a-n16-r10	10	c100	engine.mem			sys	6985720056
20261008-064058-4a8f57c-d64a-n16-r10	10	c100	engine.mem			avail_kib	48440116
20261008-064058-4a8f57c-d64a-n16-r10	10	c100	sample	2	2-SRR5935741	mode	parallel
20261008-064058-4a8f57c-d64a-n16-r10	10	c100	sample	2	2-SRR5935741	s3client	sdk
20261008-064058-4a8f57c-d64a-n16-r10	10	c100	sample	2	2-SRR5935741	rank	10
20261008-064058-4a8f57c-d64a-n16-r10	10	c100	sample	2	2-SRR5935741	role	home
20261008-064058-4a8f57c-d64a-n16-r10	10	c100	sample	2	2-SRR5935741	inflight	1
20261008-064058-4a8f57c-d64a-n16-r10	10	c100	sample	2	2-SRR5935741	threads	16
20261008-064058-4a8f57c-d64a-n16-r10	10	c100	sample	2	2-SRR5935741	start_s	240.906070
20261008-064058-4a8f57c-d64a-n16-r10	10	c100	sample	2	2-SRR5935741	wall_s	18.461602
20261008-064058-4a8f57c-d64a-n16-r10	10	c100	sample	2	2-SRR5935741	setup_s	0.000063
20261008-064058-4a8f57c-d64a-n16-r10	10	c100	sample	2	2-SRR5935741	classify_s	17.612389
20261008-064058-4a8f57c-d64a-n16-r10	10	c100	sample	2	2-SRR5935741	close_s	0.693617
20261008-064058-4a8f57c-d64a-n16-r10	10	c100	sample	2	2-SRR5935741	report_s	0.145927
20261008-064058-4a8f57c-d64a-n16-r10	10	c100	sample	2	2-SRR5935741	status	0
20261008-064058-4a8f57c-d64a-n16-r10	10	c100	sample	2	2-SRR5935741	sequences	16518263
20261008-064058-4a8f57c-d64a-n16-r10	10	c100	sample	2	2-SRR5935741	bases	3051284850
20261008-064058-4a8f57c-d64a-n16-r10	10	c100	sample	2	2-SRR5935741	classified	16141470
20261008-064058-4a8f57c-d64a-n16-r10	10	c100	sample	2	2-SRR5935741	place	lpt
20261008-064058-4a8f57c-d64a-n16-r10	10	c100	sample	2	2-SRR5935741	weight	16518263
20261008-064058-4a8f57c-d64a-n16-r10	10	c100	engine.mem			t_s	270.1
20261008-064058-4a8f57c-d64a-n16-r10	10	c100	engine.mem			rss_kib	79083024
20261008-064058-4a8f57c-d64a-n16-r10	10	c100	engine.mem			hwm_kib	79380396
20261008-064058-4a8f57c-d64a-n16-r10	10	c100	engine.mem			heap_inuse	4022050816
20261008-064058-4a8f57c-d64a-n16-r10	10	c100	engine.mem			sys	7107559704
20261008-064058-4a8f57c-d64a-n16-r10	10	c100	engine.mem			avail_kib	47978920
20261008-064058-4a8f57c-d64a-n16-r10	10	c100	sample	2	2-SRR5935772	mode	parallel
20261008-064058-4a8f57c-d64a-n16-r10	10	c100	sample	2	2-SRR5935772	s3client	sdk
20261008-064058-4a8f57c-d64a-n16-r10	10	c100	sample	2	2-SRR5935772	rank	10
20261008-064058-4a8f57c-d64a-n16-r10	10	c100	sample	2	2-SRR5935772	role	home
20261008-064058-4a8f57c-d64a-n16-r10	10	c100	sample	2	2-SRR5935772	inflight	1
20261008-064058-4a8f57c-d64a-n16-r10	10	c100	sample	2	2-SRR5935772	threads	16
20261008-064058-4a8f57c-d64a-n16-r10	10	c100	sample	2	2-SRR5935772	start_s	259.367698
20261008-064058-4a8f57c-d64a-n16-r10	10	c100	sample	2	2-SRR5935772	wall_s	16.783321
20261008-064058-4a8f57c-d64a-n16-r10	10	c100	sample	2	2-SRR5935772	setup_s	0.000074
20261008-064058-4a8f57c-d64a-n16-r10	10	c100	sample	2	2-SRR5935772	classify_s	16.278858
20261008-064058-4a8f57c-d64a-n16-r10	10	c100	sample	2	2-SRR5935772	close_s	0.278941
20261008-064058-4a8f57c-d64a-n16-r10	10	c100	sample	2	2-SRR5935772	report_s	0.210423
20261008-064058-4a8f57c-d64a-n16-r10	10	c100	sample	2	2-SRR5935772	status	0
20261008-064058-4a8f57c-d64a-n16-r10	10	c100	sample	2	2-SRR5935772	sequences	15271512
20261008-064058-4a8f57c-d64a-n16-r10	10	c100	sample	2	2-SRR5935772	bases	2845360298
20261008-064058-4a8f57c-d64a-n16-r10	10	c100	sample	2	2-SRR5935772	classified	14502211
20261008-064058-4a8f57c-d64a-n16-r10	10	c100	sample	2	2-SRR5935772	place	lpt
20261008-064058-4a8f57c-d64a-n16-r10	10	c100	sample	2	2-SRR5935772	weight	15271512
20261008-064058-4a8f57c-d64a-n16-r10	10	c100	engine.mem			t_s	285.1
20261008-064058-4a8f57c-d64a-n16-r10	10	c100	engine.mem			rss_kib	79000000
20261008-064058-4a8f57c-d64a-n16-r10	10	c100	engine.mem			hwm_kib	79389612
20261008-064058-4a8f57c-d64a-n16-r10	10	c100	engine.mem			heap_inuse	5388132352
20261008-064058-4a8f57c-d64a-n16-r10	10	c100	engine.mem			sys	7225069864
20261008-064058-4a8f57c-d64a-n16-r10	10	c100	engine.mem			avail_kib	48142424
20261008-064058-4a8f57c-d64a-n16-r10	10	c100	sample	2	2-SRR5935831	mode	parallel
20261008-064058-4a8f57c-d64a-n16-r10	10	c100	sample	2	2-SRR5935831	s3client	sdk
20261008-064058-4a8f57c-d64a-n16-r10	10	c100	sample	2	2-SRR5935831	rank	10
20261008-064058-4a8f57c-d64a-n16-r10	10	c100	sample	2	2-SRR5935831	role	home
20261008-064058-4a8f57c-d64a-n16-r10	10	c100	sample	2	2-SRR5935831	inflight	1
20261008-064058-4a8f57c-d64a-n16-r10	10	c100	sample	2	2-SRR5935831	threads	16
20261008-064058-4a8f57c-d64a-n16-r10	10	c100	sample	2	2-SRR5935831	start_s	276.151047
20261008-064058-4a8f57c-d64a-n16-r10	10	c100	sample	2	2-SRR5935831	wall_s	14.308577
20261008-064058-4a8f57c-d64a-n16-r10	10	c100	sample	2	2-SRR5935831	setup_s	0.000070
20261008-064058-4a8f57c-d64a-n16-r10	10	c100	sample	2	2-SRR5935831	classify_s	13.903384
20261008-064058-4a8f57c-d64a-n16-r10	10	c100	sample	2	2-SRR5935831	close_s	0.247336
20261008-064058-4a8f57c-d64a-n16-r10	10	c100	sample	2	2-SRR5935831	report_s	0.151848
20261008-064058-4a8f57c-d64a-n16-r10	10	c100	sample	2	2-SRR5935831	status	0
20261008-064058-4a8f57c-d64a-n16-r10	10	c100	sample	2	2-SRR5935831	sequences	12793053
20261008-064058-4a8f57c-d64a-n16-r10	10	c100	sample	2	2-SRR5935831	bases	2357685670
20261008-064058-4a8f57c-d64a-n16-r10	10	c100	sample	2	2-SRR5935831	classified	12609886
20261008-064058-4a8f57c-d64a-n16-r10	10	c100	sample	2	2-SRR5935831	place	lpt
20261008-064058-4a8f57c-d64a-n16-r10	10	c100	sample	2	2-SRR5935831	weight	12793053
20261008-064058-4a8f57c-d64a-n16-r10	10	c100	engine.mem			t_s	300.1
20261008-064058-4a8f57c-d64a-n16-r10	10	c100	engine.mem			rss_kib	78921840
20261008-064058-4a8f57c-d64a-n16-r10	10	c100	engine.mem			hwm_kib	79389612
20261008-064058-4a8f57c-d64a-n16-r10	10	c100	engine.mem			heap_inuse	5552234496
20261008-064058-4a8f57c-d64a-n16-r10	10	c100	engine.mem			sys	7225069864
20261008-064058-4a8f57c-d64a-n16-r10	10	c100	engine.mem			avail_kib	48682556
20261008-064058-4a8f57c-d64a-n16-r10	10	c100	sample	2	2-SRR5935825	mode	parallel
20261008-064058-4a8f57c-d64a-n16-r10	10	c100	sample	2	2-SRR5935825	s3client	sdk
20261008-064058-4a8f57c-d64a-n16-r10	10	c100	sample	2	2-SRR5935825	rank	10
20261008-064058-4a8f57c-d64a-n16-r10	10	c100	sample	2	2-SRR5935825	role	home
20261008-064058-4a8f57c-d64a-n16-r10	10	c100	sample	2	2-SRR5935825	inflight	1
20261008-064058-4a8f57c-d64a-n16-r10	10	c100	sample	2	2-SRR5935825	threads	16
20261008-064058-4a8f57c-d64a-n16-r10	10	c100	sample	2	2-SRR5935825	start_s	290.459652
20261008-064058-4a8f57c-d64a-n16-r10	10	c100	sample	2	2-SRR5935825	wall_s	12.518698
20261008-064058-4a8f57c-d64a-n16-r10	10	c100	sample	2	2-SRR5935825	setup_s	0.000069
20261008-064058-4a8f57c-d64a-n16-r10	10	c100	sample	2	2-SRR5935825	classify_s	12.009602
20261008-064058-4a8f57c-d64a-n16-r10	10	c100	sample	2	2-SRR5935825	close_s	0.213500
20261008-064058-4a8f57c-d64a-n16-r10	10	c100	sample	2	2-SRR5935825	report_s	0.273948
20261008-064058-4a8f57c-d64a-n16-r10	10	c100	sample	2	2-SRR5935825	status	0
20261008-064058-4a8f57c-d64a-n16-r10	10	c100	sample	2	2-SRR5935825	sequences	11458367
20261008-064058-4a8f57c-d64a-n16-r10	10	c100	sample	2	2-SRR5935825	bases	2115935464
20261008-064058-4a8f57c-d64a-n16-r10	10	c100	sample	2	2-SRR5935825	classified	9654089
20261008-064058-4a8f57c-d64a-n16-r10	10	c100	sample	2	2-SRR5935825	place	lpt
20261008-064058-4a8f57c-d64a-n16-r10	10	c100	sample	2	2-SRR5935825	weight	11458367
20261008-064058-4a8f57c-d64a-n16-r10	10	c100	sample	2	2-SRR5935837	mode	parallel
20261008-064058-4a8f57c-d64a-n16-r10	10	c100	sample	2	2-SRR5935837	s3client	sdk
20261008-064058-4a8f57c-d64a-n16-r10	10	c100	sample	2	2-SRR5935837	rank	10
20261008-064058-4a8f57c-d64a-n16-r10	10	c100	sample	2	2-SRR5935837	role	home
20261008-064058-4a8f57c-d64a-n16-r10	10	c100	sample	2	2-SRR5935837	inflight	1
20261008-064058-4a8f57c-d64a-n16-r10	10	c100	sample	2	2-SRR5935837	threads	16
20261008-064058-4a8f57c-d64a-n16-r10	10	c100	sample	2	2-SRR5935837	start_s	302.978381
20261008-064058-4a8f57c-d64a-n16-r10	10	c100	sample	2	2-SRR5935837	wall_s	10.390351
20261008-064058-4a8f57c-d64a-n16-r10	10	c100	sample	2	2-SRR5935837	setup_s	0.000108
20261008-064058-4a8f57c-d64a-n16-r10	10	c100	sample	2	2-SRR5935837	classify_s	9.795204
20261008-064058-4a8f57c-d64a-n16-r10	10	c100	sample	2	2-SRR5935837	close_s	0.427030
20261008-064058-4a8f57c-d64a-n16-r10	10	c100	sample	2	2-SRR5935837	report_s	0.157381
20261008-064058-4a8f57c-d64a-n16-r10	10	c100	sample	2	2-SRR5935837	status	0
20261008-064058-4a8f57c-d64a-n16-r10	10	c100	sample	2	2-SRR5935837	sequences	9337913
20261008-064058-4a8f57c-d64a-n16-r10	10	c100	sample	2	2-SRR5935837	bases	1691901005
20261008-064058-4a8f57c-d64a-n16-r10	10	c100	sample	2	2-SRR5935837	classified	8897092
20261008-064058-4a8f57c-d64a-n16-r10	10	c100	sample	2	2-SRR5935837	place	lpt
20261008-064058-4a8f57c-d64a-n16-r10	10	c100	sample	2	2-SRR5935837	weight	9337913
20261008-064058-4a8f57c-d64a-n16-r10	10	c100	engine.mem			t_s	315.1
20261008-064058-4a8f57c-d64a-n16-r10	10	c100	engine.mem			rss_kib	77849704
20261008-064058-4a8f57c-d64a-n16-r10	10	c100	engine.mem			hwm_kib	79389612
20261008-064058-4a8f57c-d64a-n16-r10	10	c100	engine.mem			heap_inuse	3321946112
20261008-064058-4a8f57c-d64a-n16-r10	10	c100	engine.mem			sys	7225135400
20261008-064058-4a8f57c-d64a-n16-r10	10	c100	engine.mem			avail_kib	49281080
20261008-064058-4a8f57c-d64a-n16-r10	10	c100	sample	2	2-SRR5935805	mode	parallel
20261008-064058-4a8f57c-d64a-n16-r10	10	c100	sample	2	2-SRR5935805	s3client	sdk
20261008-064058-4a8f57c-d64a-n16-r10	10	c100	sample	2	2-SRR5935805	rank	10
20261008-064058-4a8f57c-d64a-n16-r10	10	c100	sample	2	2-SRR5935805	role	home
20261008-064058-4a8f57c-d64a-n16-r10	10	c100	sample	2	2-SRR5935805	inflight	1
20261008-064058-4a8f57c-d64a-n16-r10	10	c100	sample	2	2-SRR5935805	threads	16
20261008-064058-4a8f57c-d64a-n16-r10	10	c100	sample	2	2-SRR5935805	start_s	313.368759
20261008-064058-4a8f57c-d64a-n16-r10	10	c100	sample	2	2-SRR5935805	wall_s	3.878707
20261008-064058-4a8f57c-d64a-n16-r10	10	c100	sample	2	2-SRR5935805	setup_s	0.000064
20261008-064058-4a8f57c-d64a-n16-r10	10	c100	sample	2	2-SRR5935805	classify_s	3.441639
20261008-064058-4a8f57c-d64a-n16-r10	10	c100	sample	2	2-SRR5935805	close_s	0.241179
20261008-064058-4a8f57c-d64a-n16-r10	10	c100	sample	2	2-SRR5935805	report_s	0.192330
20261008-064058-4a8f57c-d64a-n16-r10	10	c100	sample	2	2-SRR5935805	status	0
20261008-064058-4a8f57c-d64a-n16-r10	10	c100	sample	2	2-SRR5935805	sequences	2823474
20261008-064058-4a8f57c-d64a-n16-r10	10	c100	sample	2	2-SRR5935805	bases	526092284
20261008-064058-4a8f57c-d64a-n16-r10	10	c100	sample	2	2-SRR5935805	classified	2761157
20261008-064058-4a8f57c-d64a-n16-r10	10	c100	sample	2	2-SRR5935805	place	lpt
20261008-064058-4a8f57c-d64a-n16-r10	10	c100	sample	2	2-SRR5935805	weight	2823474
20261008-064058-4a8f57c-d64a-n16-r10	10	c100	phase			batch-barrier-2	3.327572
20261008-064058-4a8f57c-d64a-n16-r10	10	c100	phase			batch-barrier-2.start_s	317.247491
20261008-064058-4a8f57c-d64a-n16-r10	10	c100	phase			barrier	0.324634
20261008-064058-4a8f57c-d64a-n16-r10	10	c100	phase			barrier.start_s	327.242174
20261008-064058-4a8f57c-d64a-n16-r10	10	c100	sample	3	3-SRR5935740	mode	striped
20261008-064058-4a8f57c-d64a-n16-r10	10	c100	sample	3	3-SRR5935740	s3client	sdk
20261008-064058-4a8f57c-d64a-n16-r10	10	c100	sample	3	3-SRR5935740	rank	10
20261008-064058-4a8f57c-d64a-n16-r10	10	c100	sample	3	3-SRR5935740	role	peer
20261008-064058-4a8f57c-d64a-n16-r10	10	c100	sample	3	3-SRR5935740	inflight	1
20261008-064058-4a8f57c-d64a-n16-r10	10	c100	sample	3	3-SRR5935740	threads	16
20261008-064058-4a8f57c-d64a-n16-r10	10	c100	sample	3	3-SRR5935740	start_s	321.593287
20261008-064058-4a8f57c-d64a-n16-r10	10	c100	sample	3	3-SRR5935740	wall_s	5.973569
20261008-064058-4a8f57c-d64a-n16-r10	10	c100	sample	3	3-SRR5935740	setup_s	0.000054
20261008-064058-4a8f57c-d64a-n16-r10	10	c100	sample	3	3-SRR5935740	classify_s	5.644627
20261008-064058-4a8f57c-d64a-n16-r10	10	c100	sample	3	3-SRR5935740	close_s	0.000000
20261008-064058-4a8f57c-d64a-n16-r10	10	c100	sample	3	3-SRR5935740	report_s	0.000000
20261008-064058-4a8f57c-d64a-n16-r10	10	c100	sample	3	3-SRR5935740	status	0
20261008-064058-4a8f57c-d64a-n16-r10	10	c100	sample	3	3-SRR5935740	sequences	0
20261008-064058-4a8f57c-d64a-n16-r10	10	c100	sample	3	3-SRR5935740	bases	0
20261008-064058-4a8f57c-d64a-n16-r10	10	c100	sample	3	3-SRR5935740	classified	0
20261008-064058-4a8f57c-d64a-n16-r10	10	c100	sample	3	3-SRR5935740	place	-
20261008-064058-4a8f57c-d64a-n16-r10	10	c100	sample	3	3-SRR5935740	weight	-
20261008-064058-4a8f57c-d64a-n16-r10	10	c100	phase			batch-barrier-3	0.511215
20261008-064058-4a8f57c-d64a-n16-r10	10	c100	phase			batch-barrier-3.start_s	327.566868
20261008-064058-4a8f57c-d64a-n16-r10	10	c100	engine.mem			t_s	330.2
20261008-064058-4a8f57c-d64a-n16-r10	10	c100	engine.mem			rss_kib	76911740
20261008-064058-4a8f57c-d64a-n16-r10	10	c100	engine.mem			hwm_kib	79389612
20261008-064058-4a8f57c-d64a-n16-r10	10	c100	engine.mem			heap_inuse	1303363584
20261008-064058-4a8f57c-d64a-n16-r10	10	c100	engine.mem			sys	7225135400
20261008-064058-4a8f57c-d64a-n16-r10	10	c100	engine.mem			avail_kib	50616404
20261008-064058-4a8f57c-d64a-n16-r10	10	c100	phase			barrier	0.317850
20261008-064058-4a8f57c-d64a-n16-r10	10	c100	phase			barrier.start_s	334.455856
20261008-064058-4a8f57c-d64a-n16-r10	10	c100	sample	4	4-SRR5935740	mode	striped
20261008-064058-4a8f57c-d64a-n16-r10	10	c100	sample	4	4-SRR5935740	s3client	sdk
20261008-064058-4a8f57c-d64a-n16-r10	10	c100	sample	4	4-SRR5935740	rank	10
20261008-064058-4a8f57c-d64a-n16-r10	10	c100	sample	4	4-SRR5935740	role	peer
20261008-064058-4a8f57c-d64a-n16-r10	10	c100	sample	4	4-SRR5935740	inflight	1
20261008-064058-4a8f57c-d64a-n16-r10	10	c100	sample	4	4-SRR5935740	threads	16
20261008-064058-4a8f57c-d64a-n16-r10	10	c100	sample	4	4-SRR5935740	start_s	328.829918
20261008-064058-4a8f57c-d64a-n16-r10	10	c100	sample	4	4-SRR5935740	wall_s	5.943830
20261008-064058-4a8f57c-d64a-n16-r10	10	c100	sample	4	4-SRR5935740	setup_s	0.000055
20261008-064058-4a8f57c-d64a-n16-r10	10	c100	sample	4	4-SRR5935740	classify_s	5.621655
20261008-064058-4a8f57c-d64a-n16-r10	10	c100	sample	4	4-SRR5935740	close_s	0.000000
20261008-064058-4a8f57c-d64a-n16-r10	10	c100	sample	4	4-SRR5935740	report_s	0.000000
20261008-064058-4a8f57c-d64a-n16-r10	10	c100	sample	4	4-SRR5935740	status	0
20261008-064058-4a8f57c-d64a-n16-r10	10	c100	sample	4	4-SRR5935740	sequences	0
20261008-064058-4a8f57c-d64a-n16-r10	10	c100	sample	4	4-SRR5935740	bases	0
20261008-064058-4a8f57c-d64a-n16-r10	10	c100	sample	4	4-SRR5935740	classified	0
20261008-064058-4a8f57c-d64a-n16-r10	10	c100	sample	4	4-SRR5935740	place	-
20261008-064058-4a8f57c-d64a-n16-r10	10	c100	sample	4	4-SRR5935740	weight	-
20261008-064058-4a8f57c-d64a-n16-r10	10	c100	phase			batch-barrier-4	0.488094
20261008-064058-4a8f57c-d64a-n16-r10	10	c100	phase			batch-barrier-4.start_s	334.773757
20261008-064058-4a8f57c-d64a-n16-r10	10	c100	phase			barrier	0.154994
20261008-064058-4a8f57c-d64a-n16-r10	10	c100	phase			barrier.start_s	341.684536
20261008-064058-4a8f57c-d64a-n16-r10	10	c100	sample	5	5-SRR5935740	mode	striped
20261008-064058-4a8f57c-d64a-n16-r10	10	c100	sample	5	5-SRR5935740	s3client	sdk
20261008-064058-4a8f57c-d64a-n16-r10	10	c100	sample	5	5-SRR5935740	rank	10
20261008-064058-4a8f57c-d64a-n16-r10	10	c100	sample	5	5-SRR5935740	role	peer
20261008-064058-4a8f57c-d64a-n16-r10	10	c100	sample	5	5-SRR5935740	inflight	1
20261008-064058-4a8f57c-d64a-n16-r10	10	c100	sample	5	5-SRR5935740	threads	16
20261008-064058-4a8f57c-d64a-n16-r10	10	c100	sample	5	5-SRR5935740	start_s	336.048628
20261008-064058-4a8f57c-d64a-n16-r10	10	c100	sample	5	5-SRR5935740	wall_s	5.790948
20261008-064058-4a8f57c-d64a-n16-r10	10	c100	sample	5	5-SRR5935740	setup_s	0.000049
20261008-064058-4a8f57c-d64a-n16-r10	10	c100	sample	5	5-SRR5935740	classify_s	5.630884
20261008-064058-4a8f57c-d64a-n16-r10	10	c100	sample	5	5-SRR5935740	close_s	0.000000
20261008-064058-4a8f57c-d64a-n16-r10	10	c100	sample	5	5-SRR5935740	report_s	0.000000
20261008-064058-4a8f57c-d64a-n16-r10	10	c100	sample	5	5-SRR5935740	status	0
20261008-064058-4a8f57c-d64a-n16-r10	10	c100	sample	5	5-SRR5935740	sequences	0
20261008-064058-4a8f57c-d64a-n16-r10	10	c100	sample	5	5-SRR5935740	bases	0
20261008-064058-4a8f57c-d64a-n16-r10	10	c100	sample	5	5-SRR5935740	classified	0
20261008-064058-4a8f57c-d64a-n16-r10	10	c100	sample	5	5-SRR5935740	place	-
20261008-064058-4a8f57c-d64a-n16-r10	10	c100	sample	5	5-SRR5935740	weight	-
20261008-064058-4a8f57c-d64a-n16-r10	10	c100	phase			batch-barrier-5	0.494187
20261008-064058-4a8f57c-d64a-n16-r10	10	c100	phase			batch-barrier-5.start_s	341.839585
20261008-064058-4a8f57c-d64a-n16-r10	10	c100	engine.mem			t_s	345.2
20261008-064058-4a8f57c-d64a-n16-r10	10	c100	engine.mem			rss_kib	76597952
20261008-064058-4a8f57c-d64a-n16-r10	10	c100	engine.mem			hwm_kib	79389612
20261008-064058-4a8f57c-d64a-n16-r10	10	c100	engine.mem			heap_inuse	4083449856
20261008-064058-4a8f57c-d64a-n16-r10	10	c100	engine.mem			sys	7225135400
20261008-064058-4a8f57c-d64a-n16-r10	10	c100	engine.mem			avail_kib	51057888
20261008-064058-4a8f57c-d64a-n16-r10	10	c100	phase			batch-barrier-6	10.225397
20261008-064058-4a8f57c-d64a-n16-r10	10	c100	phase			batch-barrier-6.start_s	342.333793
20261008-064058-4a8f57c-d64a-n16-r10	10	c100	engine.mem			t_s	360.2
20261008-064058-4a8f57c-d64a-n16-r10	10	c100	engine.mem			rss_kib	76600460
20261008-064058-4a8f57c-d64a-n16-r10	10	c100	engine.mem			hwm_kib	79389612
20261008-064058-4a8f57c-d64a-n16-r10	10	c100	engine.mem			heap_inuse	4086366208
20261008-064058-4a8f57c-d64a-n16-r10	10	c100	engine.mem			sys	7225135400
20261008-064058-4a8f57c-d64a-n16-r10	10	c100	engine.mem			avail_kib	51216608
20261008-064058-4a8f57c-d64a-n16-r10	10	c100	phase			batch-barrier-7	10.477317
20261008-064058-4a8f57c-d64a-n16-r10	10	c100	phase			batch-barrier-7.start_s	352.559210
20261008-064058-4a8f57c-d64a-n16-r10	10	c100	phase			batch-barrier-8	10.181457
20261008-064058-4a8f57c-d64a-n16-r10	10	c100	phase			batch-barrier-8.start_s	363.036547
20261008-064058-4a8f57c-d64a-n16-r10	10	c100	engine.shard			index	0
20261008-064058-4a8f57c-d64a-n16-r10	10	c100	engine.shard			n	16
20261008-064058-4a8f57c-d64a-n16-r10	10	c100	engine.shard			lo	185795573713
20261008-064058-4a8f57c-d64a-n16-r10	10	c100	engine.shard			hi	204375131085
20261008-064058-4a8f57c-d64a-n16-r10	10	c100	engine.shard			tail	302
20261008-064058-4a8f57c-d64a-n16-r10	10	c100	engine.shard			full	false
20261008-064058-4a8f57c-d64a-n16-r10	10	c100	engine.shard			empty_at	18579557374
20261008-064058-4a8f57c-d64a-n16-r10	10	c100	engine.shard			keys	8480246031
20261008-064058-4a8f57c-d64a-n16-r10	10	c100	engine.shard			batches	89910
20261008-064058-4a8f57c-d64a-n16-r10	10	c100	engine.shard			probe_s	243.621862
20261008-064058-4a8f57c-d64a-n16-r10	10	c100	engine.shard			tail_probes	0
20261008-064058-4a8f57c-d64a-n16-r10	10	c100	engine.shard			wrap_probes	0
20261008-064058-4a8f57c-d64a-n16-r10	10	c100	engine.mem			t_s	373.2
20261008-064058-4a8f57c-d64a-n16-r10	10	c100	engine.mem			rss_kib	76602480
20261008-064058-4a8f57c-d64a-n16-r10	10	c100	engine.mem			hwm_kib	79389612
20261008-064058-4a8f57c-d64a-n16-r10	10	c100	engine.mem			heap_inuse	4088487936
20261008-064058-4a8f57c-d64a-n16-r10	10	c100	engine.mem			sys	7225135400
20261008-064058-4a8f57c-d64a-n16-r10	10	c100	engine.mem			avail_kib	51198928
20261008-064058-4a8f57c-d64a-n16-r10	10	c100	engine.rendezvous			puts	13
20261008-064058-4a8f57c-d64a-n16-r10	10	c100	engine.rendezvous			gets	540
20261008-064058-4a8f57c-d64a-n16-r10	10	c100	engine.s3			client	sdk
20261008-064058-4a8f57c-d64a-n16-r10	10	c100	engine.s3			put	31
20261008-064058-4a8f57c-d64a-n16-r10	10	c100	engine.s3			get	540
20261008-064058-4a8f57c-d64a-n16-r10	10	c100	engine.s3			create_multipart	18
20261008-064058-4a8f57c-d64a-n16-r10	10	c100	engine.s3			upload_part	2163
20261008-064058-4a8f57c-d64a-n16-r10	10	c100	engine.s3			complete_multipart	18
20261008-064058-4a8f57c-d64a-n16-r10	10	c100	engine.s3			abort_multipart	0
20261008-064058-4a8f57c-d64a-n16-r10	10	c100	engine.s3			part_bytes	18072138076
20261008-064058-4a8f57c-d64a-n16-r10	10	c100	engine.s3			client	cli
20261008-064058-4a8f57c-d64a-n16-r10	10	c100	engine.s3			put	0
20261008-064058-4a8f57c-d64a-n16-r10	10	c100	engine.s3			get	0
20261008-064058-4a8f57c-d64a-n16-r10	10	c100	engine.s3			create_multipart	0
20261008-064058-4a8f57c-d64a-n16-r10	10	c100	engine.s3			upload_part	0
20261008-064058-4a8f57c-d64a-n16-r10	10	c100	engine.s3			complete_multipart	0
20261008-064058-4a8f57c-d64a-n16-r10	10	c100	engine.s3			abort_multipart	0
20261008-064058-4a8f57c-d64a-n16-r10	10	c100	engine.s3			part_bytes	0
20261008-064058-4a8f57c-d64a-n16-r10	10	c100	engine.load			seconds	48.475268
20261008-064058-4a8f57c-d64a-n16-r10	10	c100	engine.load			requests	1126
20261008-064058-4a8f57c-d64a-n16-r10	10	c100	engine.load			retries	0
20261008-064058-4a8f57c-d64a-n16-r10	10	c100	engine.load			bytes	74318296296
20261008-064058-4a8f57c-d64a-n16-r10	10	c100	engine.route			transport	nodes
20261008-064058-4a8f57c-d64a-n16-r10	10	c100	engine.route			calls	5469
20261008-064058-4a8f57c-d64a-n16-r10	10	c100	engine.route			keys	8231397607
20261008-064058-4a8f57c-d64a-n16-r10	10	c100	engine.route			batches	87504
20261008-064058-4a8f57c-d64a-n16-r10	10	c100	engine.route			route_s	102.002178
20261008-064058-4a8f57c-d64a-n16-r10	10	c100	engine.route			wait_s	324.397597
20261008-064058-4a8f57c-d64a-n16-r10	10	c100	engine.route			gather_s	19.067064
20261008-064058-4a8f57c-d64a-n16-r10	10	c100	engine.worker			scan_s	766.551832
20261008-064058-4a8f57c-d64a-n16-r10	10	c100	engine.worker			lookup_s	445.471938
20261008-064058-4a8f57c-d64a-n16-r10	10	c100	engine.worker			classify_s	678.264341
20261008-064058-4a8f57c-d64a-n16-r10	10	c100	phase			total	373.359285
20261008-064058-4a8f57c-d64a-n16-r10	10	c100	phase			total.start_s	0.000001
20261008-064058-4a8f57c-d64a-n16-r11	11	c100	phase			taxo	0.104793
20261008-064058-4a8f57c-d64a-n16-r11	11	c100	phase			taxo.start_s	0.002894
20261008-064058-4a8f57c-d64a-n16-r11	11	c100	engine.mem			t_s	15.0
20261008-064058-4a8f57c-d64a-n16-r11	11	c100	engine.mem			rss_kib	21267732
20261008-064058-4a8f57c-d64a-n16-r11	11	c100	engine.mem			hwm_kib	21267736
20261008-064058-4a8f57c-d64a-n16-r11	11	c100	engine.mem			heap_inuse	393756672
20261008-064058-4a8f57c-d64a-n16-r11	11	c100	engine.mem			sys	409794920
20261008-064058-4a8f57c-d64a-n16-r11	11	c100	engine.mem			avail_kib	106420952
20261008-064058-4a8f57c-d64a-n16-r11	11	c100	engine.mem			t_s	30.0
20261008-064058-4a8f57c-d64a-n16-r11	11	c100	engine.mem			rss_kib	38507156
20261008-064058-4a8f57c-d64a-n16-r11	11	c100	engine.mem			hwm_kib	38507156
20261008-064058-4a8f57c-d64a-n16-r11	11	c100	engine.mem			heap_inuse	395157504
20261008-064058-4a8f57c-d64a-n16-r11	11	c100	engine.mem			sys	409794920
20261008-064058-4a8f57c-d64a-n16-r11	11	c100	engine.mem			avail_kib	89175444
20261008-064058-4a8f57c-d64a-n16-r11	11	c100	engine.mem			t_s	45.0
20261008-064058-4a8f57c-d64a-n16-r11	11	c100	engine.mem			rss_kib	55906268
20261008-064058-4a8f57c-d64a-n16-r11	11	c100	engine.mem			hwm_kib	55906272
20261008-064058-4a8f57c-d64a-n16-r11	11	c100	engine.mem			heap_inuse	396591104
20261008-064058-4a8f57c-d64a-n16-r11	11	c100	engine.mem			sys	409794920
20261008-064058-4a8f57c-d64a-n16-r11	11	c100	engine.mem			avail_kib	71801432
20261008-064058-4a8f57c-d64a-n16-r11	11	c100	phase			shard-load-11	55.828560
20261008-064058-4a8f57c-d64a-n16-r11	11	c100	phase			shard-load-11.start_s	0.197787
20261008-064058-4a8f57c-d64a-n16-r11	11	c100	engine.mem			t_s	60.0
20261008-064058-4a8f57c-d64a-n16-r11	11	c100	engine.mem			rss_kib	72969368
20261008-064058-4a8f57c-d64a-n16-r11	11	c100	engine.mem			hwm_kib	72969372
20261008-064058-4a8f57c-d64a-n16-r11	11	c100	engine.mem			heap_inuse	400064512
20261008-064058-4a8f57c-d64a-n16-r11	11	c100	engine.mem			sys	413989224
20261008-064058-4a8f57c-d64a-n16-r11	11	c100	engine.mem			avail_kib	54719364
20261008-064058-4a8f57c-d64a-n16-r11	11	c100	phase			rendezvous	10.385758
20261008-064058-4a8f57c-d64a-n16-r11	11	c100	phase			rendezvous.start_s	56.479708
20261008-064058-4a8f57c-d64a-n16-r11	11	c100	phase			connect	0.018336
20261008-064058-4a8f57c-d64a-n16-r11	11	c100	phase			connect.start_s	66.865480
20261008-064058-4a8f57c-d64a-n16-r11	11	c100	phase			hash	66.776112
20261008-064058-4a8f57c-d64a-n16-r11	11	c100	phase			hash.start_s	0.107717
20261008-064058-4a8f57c-d64a-n16-r11	11	c100	engine.mem			t_s	75.0
20261008-064058-4a8f57c-d64a-n16-r11	11	c100	engine.mem			rss_kib	78347452
20261008-064058-4a8f57c-d64a-n16-r11	11	c100	engine.mem			hwm_kib	78347452
20261008-064058-4a8f57c-d64a-n16-r11	11	c100	engine.mem			heap_inuse	4203986944
20261008-064058-4a8f57c-d64a-n16-r11	11	c100	engine.mem			sys	6050803608
20261008-064058-4a8f57c-d64a-n16-r11	11	c100	engine.mem			avail_kib	48856376
20261008-064058-4a8f57c-d64a-n16-r11	11	c100	sample	0	0-SRR5935787	mode	parallel
20261008-064058-4a8f57c-d64a-n16-r11	11	c100	sample	0	0-SRR5935787	s3client	sdk
20261008-064058-4a8f57c-d64a-n16-r11	11	c100	sample	0	0-SRR5935787	rank	11
20261008-064058-4a8f57c-d64a-n16-r11	11	c100	sample	0	0-SRR5935787	role	home
20261008-064058-4a8f57c-d64a-n16-r11	11	c100	sample	0	0-SRR5935787	inflight	1
20261008-064058-4a8f57c-d64a-n16-r11	11	c100	sample	0	0-SRR5935787	threads	16
20261008-064058-4a8f57c-d64a-n16-r11	11	c100	sample	0	0-SRR5935787	start_s	66.883870
20261008-064058-4a8f57c-d64a-n16-r11	11	c100	sample	0	0-SRR5935787	wall_s	17.944852
20261008-064058-4a8f57c-d64a-n16-r11	11	c100	sample	0	0-SRR5935787	setup_s	0.000046
20261008-064058-4a8f57c-d64a-n16-r11	11	c100	sample	0	0-SRR5935787	classify_s	17.502037
20261008-064058-4a8f57c-d64a-n16-r11	11	c100	sample	0	0-SRR5935787	close_s	0.282189
20261008-064058-4a8f57c-d64a-n16-r11	11	c100	sample	0	0-SRR5935787	report_s	0.153110
20261008-064058-4a8f57c-d64a-n16-r11	11	c100	sample	0	0-SRR5935787	status	0
20261008-064058-4a8f57c-d64a-n16-r11	11	c100	sample	0	0-SRR5935787	sequences	16351397
20261008-064058-4a8f57c-d64a-n16-r11	11	c100	sample	0	0-SRR5935787	bases	3065557655
20261008-064058-4a8f57c-d64a-n16-r11	11	c100	sample	0	0-SRR5935787	classified	16166849
20261008-064058-4a8f57c-d64a-n16-r11	11	c100	sample	0	0-SRR5935787	place	lpt
20261008-064058-4a8f57c-d64a-n16-r11	11	c100	sample	0	0-SRR5935787	weight	16351397
20261008-064058-4a8f57c-d64a-n16-r11	11	c100	engine.mem			t_s	90.0
20261008-064058-4a8f57c-d64a-n16-r11	11	c100	engine.mem			rss_kib	78349524
20261008-064058-4a8f57c-d64a-n16-r11	11	c100	engine.mem			hwm_kib	78374904
20261008-064058-4a8f57c-d64a-n16-r11	11	c100	engine.mem			heap_inuse	4153565184
20261008-064058-4a8f57c-d64a-n16-r11	11	c100	engine.mem			sys	6053334936
20261008-064058-4a8f57c-d64a-n16-r11	11	c100	engine.mem			avail_kib	49068800
20261008-064058-4a8f57c-d64a-n16-r11	11	c100	sample	0	0-SRR5935810	mode	parallel
20261008-064058-4a8f57c-d64a-n16-r11	11	c100	sample	0	0-SRR5935810	s3client	sdk
20261008-064058-4a8f57c-d64a-n16-r11	11	c100	sample	0	0-SRR5935810	rank	11
20261008-064058-4a8f57c-d64a-n16-r11	11	c100	sample	0	0-SRR5935810	role	home
20261008-064058-4a8f57c-d64a-n16-r11	11	c100	sample	0	0-SRR5935810	inflight	1
20261008-064058-4a8f57c-d64a-n16-r11	11	c100	sample	0	0-SRR5935810	threads	16
20261008-064058-4a8f57c-d64a-n16-r11	11	c100	sample	0	0-SRR5935810	start_s	84.828750
20261008-064058-4a8f57c-d64a-n16-r11	11	c100	sample	0	0-SRR5935810	wall_s	16.748500
20261008-064058-4a8f57c-d64a-n16-r11	11	c100	sample	0	0-SRR5935810	setup_s	0.000081
20261008-064058-4a8f57c-d64a-n16-r11	11	c100	sample	0	0-SRR5935810	classify_s	16.244631
20261008-064058-4a8f57c-d64a-n16-r11	11	c100	sample	0	0-SRR5935810	close_s	0.274322
20261008-064058-4a8f57c-d64a-n16-r11	11	c100	sample	0	0-SRR5935810	report_s	0.209904
20261008-064058-4a8f57c-d64a-n16-r11	11	c100	sample	0	0-SRR5935810	status	0
20261008-064058-4a8f57c-d64a-n16-r11	11	c100	sample	0	0-SRR5935810	sequences	15280552
20261008-064058-4a8f57c-d64a-n16-r11	11	c100	sample	0	0-SRR5935810	bases	2858109884
20261008-064058-4a8f57c-d64a-n16-r11	11	c100	sample	0	0-SRR5935810	classified	13785544
20261008-064058-4a8f57c-d64a-n16-r11	11	c100	sample	0	0-SRR5935810	place	lpt
20261008-064058-4a8f57c-d64a-n16-r11	11	c100	sample	0	0-SRR5935810	weight	15280552
20261008-064058-4a8f57c-d64a-n16-r11	11	c100	engine.mem			t_s	105.0
20261008-064058-4a8f57c-d64a-n16-r11	11	c100	engine.mem			rss_kib	78218812
20261008-064058-4a8f57c-d64a-n16-r11	11	c100	engine.mem			hwm_kib	78665032
20261008-064058-4a8f57c-d64a-n16-r11	11	c100	engine.mem			heap_inuse	4626751488
20261008-064058-4a8f57c-d64a-n16-r11	11	c100	engine.mem			sys	6240473160
20261008-064058-4a8f57c-d64a-n16-r11	11	c100	engine.mem			avail_kib	49323388
20261008-064058-4a8f57c-d64a-n16-r11	11	c100	sample	0	0-SRR5935794	mode	parallel
20261008-064058-4a8f57c-d64a-n16-r11	11	c100	sample	0	0-SRR5935794	s3client	sdk
20261008-064058-4a8f57c-d64a-n16-r11	11	c100	sample	0	0-SRR5935794	rank	11
20261008-064058-4a8f57c-d64a-n16-r11	11	c100	sample	0	0-SRR5935794	role	home
20261008-064058-4a8f57c-d64a-n16-r11	11	c100	sample	0	0-SRR5935794	inflight	1
20261008-064058-4a8f57c-d64a-n16-r11	11	c100	sample	0	0-SRR5935794	threads	16
20261008-064058-4a8f57c-d64a-n16-r11	11	c100	sample	0	0-SRR5935794	start_s	101.577275
20261008-064058-4a8f57c-d64a-n16-r11	11	c100	sample	0	0-SRR5935794	wall_s	14.730827
20261008-064058-4a8f57c-d64a-n16-r11	11	c100	sample	0	0-SRR5935794	setup_s	0.000070
20261008-064058-4a8f57c-d64a-n16-r11	11	c100	sample	0	0-SRR5935794	classify_s	14.347875
20261008-064058-4a8f57c-d64a-n16-r11	11	c100	sample	0	0-SRR5935794	close_s	0.240654
20261008-064058-4a8f57c-d64a-n16-r11	11	c100	sample	0	0-SRR5935794	report_s	0.135243
20261008-064058-4a8f57c-d64a-n16-r11	11	c100	sample	0	0-SRR5935794	status	0
20261008-064058-4a8f57c-d64a-n16-r11	11	c100	sample	0	0-SRR5935794	sequences	13404063
20261008-064058-4a8f57c-d64a-n16-r11	11	c100	sample	0	0-SRR5935794	bases	2484447317
20261008-064058-4a8f57c-d64a-n16-r11	11	c100	sample	0	0-SRR5935794	classified	13071600
20261008-064058-4a8f57c-d64a-n16-r11	11	c100	sample	0	0-SRR5935794	place	lpt
20261008-064058-4a8f57c-d64a-n16-r11	11	c100	sample	0	0-SRR5935794	weight	13404063
20261008-064058-4a8f57c-d64a-n16-r11	11	c100	engine.mem			t_s	120.0
20261008-064058-4a8f57c-d64a-n16-r11	11	c100	engine.mem			rss_kib	78216364
20261008-064058-4a8f57c-d64a-n16-r11	11	c100	engine.mem			hwm_kib	78945160
20261008-064058-4a8f57c-d64a-n16-r11	11	c100	engine.mem			heap_inuse	4753252352
20261008-064058-4a8f57c-d64a-n16-r11	11	c100	engine.mem			sys	6614237336
20261008-064058-4a8f57c-d64a-n16-r11	11	c100	engine.mem			avail_kib	49115368
20261008-064058-4a8f57c-d64a-n16-r11	11	c100	sample	0	0-SRR5935788	mode	parallel
20261008-064058-4a8f57c-d64a-n16-r11	11	c100	sample	0	0-SRR5935788	s3client	sdk
20261008-064058-4a8f57c-d64a-n16-r11	11	c100	sample	0	0-SRR5935788	rank	11
20261008-064058-4a8f57c-d64a-n16-r11	11	c100	sample	0	0-SRR5935788	role	home
20261008-064058-4a8f57c-d64a-n16-r11	11	c100	sample	0	0-SRR5935788	inflight	1
20261008-064058-4a8f57c-d64a-n16-r11	11	c100	sample	0	0-SRR5935788	threads	16
20261008-064058-4a8f57c-d64a-n16-r11	11	c100	sample	0	0-SRR5935788	start_s	116.308129
20261008-064058-4a8f57c-d64a-n16-r11	11	c100	sample	0	0-SRR5935788	wall_s	12.336279
20261008-064058-4a8f57c-d64a-n16-r11	11	c100	sample	0	0-SRR5935788	setup_s	0.000076
20261008-064058-4a8f57c-d64a-n16-r11	11	c100	sample	0	0-SRR5935788	classify_s	11.850183
20261008-064058-4a8f57c-d64a-n16-r11	11	c100	sample	0	0-SRR5935788	close_s	0.269579
20261008-064058-4a8f57c-d64a-n16-r11	11	c100	sample	0	0-SRR5935788	report_s	0.209768
20261008-064058-4a8f57c-d64a-n16-r11	11	c100	sample	0	0-SRR5935788	status	0
20261008-064058-4a8f57c-d64a-n16-r11	11	c100	sample	0	0-SRR5935788	sequences	11073410
20261008-064058-4a8f57c-d64a-n16-r11	11	c100	sample	0	0-SRR5935788	bases	2024074094
20261008-064058-4a8f57c-d64a-n16-r11	11	c100	sample	0	0-SRR5935788	classified	10832572
20261008-064058-4a8f57c-d64a-n16-r11	11	c100	sample	0	0-SRR5935788	place	lpt
20261008-064058-4a8f57c-d64a-n16-r11	11	c100	sample	0	0-SRR5935788	weight	11073410
20261008-064058-4a8f57c-d64a-n16-r11	11	c100	engine.mem			t_s	135.0
20261008-064058-4a8f57c-d64a-n16-r11	11	c100	engine.mem			rss_kib	78400916
20261008-064058-4a8f57c-d64a-n16-r11	11	c100	engine.mem			hwm_kib	78945160
20261008-064058-4a8f57c-d64a-n16-r11	11	c100	engine.mem			heap_inuse	5351301120
20261008-064058-4a8f57c-d64a-n16-r11	11	c100	engine.mem			sys	6631014552
20261008-064058-4a8f57c-d64a-n16-r11	11	c100	engine.mem			avail_kib	49180024
20261008-064058-4a8f57c-d64a-n16-r11	11	c100	sample	0	0-SRR5935799	mode	parallel
20261008-064058-4a8f57c-d64a-n16-r11	11	c100	sample	0	0-SRR5935799	s3client	sdk
20261008-064058-4a8f57c-d64a-n16-r11	11	c100	sample	0	0-SRR5935799	rank	11
20261008-064058-4a8f57c-d64a-n16-r11	11	c100	sample	0	0-SRR5935799	role	home
20261008-064058-4a8f57c-d64a-n16-r11	11	c100	sample	0	0-SRR5935799	inflight	1
20261008-064058-4a8f57c-d64a-n16-r11	11	c100	sample	0	0-SRR5935799	threads	16
20261008-064058-4a8f57c-d64a-n16-r11	11	c100	sample	0	0-SRR5935799	start_s	128.644436
20261008-064058-4a8f57c-d64a-n16-r11	11	c100	sample	0	0-SRR5935799	wall_s	10.057004
20261008-064058-4a8f57c-d64a-n16-r11	11	c100	sample	0	0-SRR5935799	setup_s	0.000071
20261008-064058-4a8f57c-d64a-n16-r11	11	c100	sample	0	0-SRR5935799	classify_s	9.638254
20261008-064058-4a8f57c-d64a-n16-r11	11	c100	sample	0	0-SRR5935799	close_s	0.218604
20261008-064058-4a8f57c-d64a-n16-r11	11	c100	sample	0	0-SRR5935799	report_s	0.177724
20261008-064058-4a8f57c-d64a-n16-r11	11	c100	sample	0	0-SRR5935799	status	0
20261008-064058-4a8f57c-d64a-n16-r11	11	c100	sample	0	0-SRR5935799	sequences	9090205
20261008-064058-4a8f57c-d64a-n16-r11	11	c100	sample	0	0-SRR5935799	bases	1661371324
20261008-064058-4a8f57c-d64a-n16-r11	11	c100	sample	0	0-SRR5935799	classified	7439975
20261008-064058-4a8f57c-d64a-n16-r11	11	c100	sample	0	0-SRR5935799	place	lpt
20261008-064058-4a8f57c-d64a-n16-r11	11	c100	sample	0	0-SRR5935799	weight	9090205
20261008-064058-4a8f57c-d64a-n16-r11	11	c100	sample	0	0-SRR5935767	mode	parallel
20261008-064058-4a8f57c-d64a-n16-r11	11	c100	sample	0	0-SRR5935767	s3client	sdk
20261008-064058-4a8f57c-d64a-n16-r11	11	c100	sample	0	0-SRR5935767	rank	11
20261008-064058-4a8f57c-d64a-n16-r11	11	c100	sample	0	0-SRR5935767	role	home
20261008-064058-4a8f57c-d64a-n16-r11	11	c100	sample	0	0-SRR5935767	inflight	1
20261008-064058-4a8f57c-d64a-n16-r11	11	c100	sample	0	0-SRR5935767	threads	16
20261008-064058-4a8f57c-d64a-n16-r11	11	c100	sample	0	0-SRR5935767	start_s	138.701469
20261008-064058-4a8f57c-d64a-n16-r11	11	c100	sample	0	0-SRR5935767	wall_s	5.762612
20261008-064058-4a8f57c-d64a-n16-r11	11	c100	sample	0	0-SRR5935767	setup_s	0.000059
20261008-064058-4a8f57c-d64a-n16-r11	11	c100	sample	0	0-SRR5935767	classify_s	5.389740
20261008-064058-4a8f57c-d64a-n16-r11	11	c100	sample	0	0-SRR5935767	close_s	0.237949
20261008-064058-4a8f57c-d64a-n16-r11	11	c100	sample	0	0-SRR5935767	report_s	0.128295
20261008-064058-4a8f57c-d64a-n16-r11	11	c100	sample	0	0-SRR5935767	status	0
20261008-064058-4a8f57c-d64a-n16-r11	11	c100	sample	0	0-SRR5935767	sequences	5166420
20261008-064058-4a8f57c-d64a-n16-r11	11	c100	sample	0	0-SRR5935767	bases	956191777
20261008-064058-4a8f57c-d64a-n16-r11	11	c100	sample	0	0-SRR5935767	classified	4901709
20261008-064058-4a8f57c-d64a-n16-r11	11	c100	sample	0	0-SRR5935767	place	lpt
20261008-064058-4a8f57c-d64a-n16-r11	11	c100	sample	0	0-SRR5935767	weight	5166420
20261008-064058-4a8f57c-d64a-n16-r11	11	c100	phase			batch-barrier-0	2.124728
20261008-064058-4a8f57c-d64a-n16-r11	11	c100	phase			batch-barrier-0.start_s	144.464099
20261008-064058-4a8f57c-d64a-n16-r11	11	c100	engine.mem			t_s	150.0
20261008-064058-4a8f57c-d64a-n16-r11	11	c100	engine.mem			rss_kib	78354880
20261008-064058-4a8f57c-d64a-n16-r11	11	c100	engine.mem			hwm_kib	79029620
20261008-064058-4a8f57c-d64a-n16-r11	11	c100	engine.mem			heap_inuse	3208568832
20261008-064058-4a8f57c-d64a-n16-r11	11	c100	engine.mem			sys	6651170984
20261008-064058-4a8f57c-d64a-n16-r11	11	c100	engine.mem			avail_kib	49058560
20261008-064058-4a8f57c-d64a-n16-r11	11	c100	engine.mem			t_s	165.1
20261008-064058-4a8f57c-d64a-n16-r11	11	c100	engine.mem			rss_kib	78593892
20261008-064058-4a8f57c-d64a-n16-r11	11	c100	engine.mem			hwm_kib	79029620
20261008-064058-4a8f57c-d64a-n16-r11	11	c100	engine.mem			heap_inuse	4120150016
20261008-064058-4a8f57c-d64a-n16-r11	11	c100	engine.mem			sys	6651170984
20261008-064058-4a8f57c-d64a-n16-r11	11	c100	engine.mem			avail_kib	49091420
20261008-064058-4a8f57c-d64a-n16-r11	11	c100	sample	1	1-SRR5935751	mode	parallel
20261008-064058-4a8f57c-d64a-n16-r11	11	c100	sample	1	1-SRR5935751	s3client	sdk
20261008-064058-4a8f57c-d64a-n16-r11	11	c100	sample	1	1-SRR5935751	rank	11
20261008-064058-4a8f57c-d64a-n16-r11	11	c100	sample	1	1-SRR5935751	role	home
20261008-064058-4a8f57c-d64a-n16-r11	11	c100	sample	1	1-SRR5935751	inflight	1
20261008-064058-4a8f57c-d64a-n16-r11	11	c100	sample	1	1-SRR5935751	threads	16
20261008-064058-4a8f57c-d64a-n16-r11	11	c100	sample	1	1-SRR5935751	start_s	146.588855
20261008-064058-4a8f57c-d64a-n16-r11	11	c100	sample	1	1-SRR5935751	wall_s	19.805501
20261008-064058-4a8f57c-d64a-n16-r11	11	c100	sample	1	1-SRR5935751	setup_s	0.000067
20261008-064058-4a8f57c-d64a-n16-r11	11	c100	sample	1	1-SRR5935751	classify_s	19.396442
20261008-064058-4a8f57c-d64a-n16-r11	11	c100	sample	1	1-SRR5935751	close_s	0.225115
20261008-064058-4a8f57c-d64a-n16-r11	11	c100	sample	1	1-SRR5935751	report_s	0.175263
20261008-064058-4a8f57c-d64a-n16-r11	11	c100	sample	1	1-SRR5935751	status	0
20261008-064058-4a8f57c-d64a-n16-r11	11	c100	sample	1	1-SRR5935751	sequences	18645445
20261008-064058-4a8f57c-d64a-n16-r11	11	c100	sample	1	1-SRR5935751	bases	3449573600
20261008-064058-4a8f57c-d64a-n16-r11	11	c100	sample	1	1-SRR5935751	classified	18393099
20261008-064058-4a8f57c-d64a-n16-r11	11	c100	sample	1	1-SRR5935751	place	mod
20261008-064058-4a8f57c-d64a-n16-r11	11	c100	sample	1	1-SRR5935751	weight	18645445
20261008-064058-4a8f57c-d64a-n16-r11	11	c100	sample	1	1-SRR5935767	mode	parallel
20261008-064058-4a8f57c-d64a-n16-r11	11	c100	sample	1	1-SRR5935767	s3client	sdk
20261008-064058-4a8f57c-d64a-n16-r11	11	c100	sample	1	1-SRR5935767	rank	11
20261008-064058-4a8f57c-d64a-n16-r11	11	c100	sample	1	1-SRR5935767	role	home
20261008-064058-4a8f57c-d64a-n16-r11	11	c100	sample	1	1-SRR5935767	inflight	1
20261008-064058-4a8f57c-d64a-n16-r11	11	c100	sample	1	1-SRR5935767	threads	16
20261008-064058-4a8f57c-d64a-n16-r11	11	c100	sample	1	1-SRR5935767	start_s	166.394385
20261008-064058-4a8f57c-d64a-n16-r11	11	c100	sample	1	1-SRR5935767	wall_s	6.257851
20261008-064058-4a8f57c-d64a-n16-r11	11	c100	sample	1	1-SRR5935767	setup_s	0.000066
20261008-064058-4a8f57c-d64a-n16-r11	11	c100	sample	1	1-SRR5935767	classify_s	5.866342
20261008-064058-4a8f57c-d64a-n16-r11	11	c100	sample	1	1-SRR5935767	close_s	0.239384
20261008-064058-4a8f57c-d64a-n16-r11	11	c100	sample	1	1-SRR5935767	report_s	0.145179
20261008-064058-4a8f57c-d64a-n16-r11	11	c100	sample	1	1-SRR5935767	status	0
20261008-064058-4a8f57c-d64a-n16-r11	11	c100	sample	1	1-SRR5935767	sequences	5166420
20261008-064058-4a8f57c-d64a-n16-r11	11	c100	sample	1	1-SRR5935767	bases	956191777
20261008-064058-4a8f57c-d64a-n16-r11	11	c100	sample	1	1-SRR5935767	classified	4901709
20261008-064058-4a8f57c-d64a-n16-r11	11	c100	sample	1	1-SRR5935767	place	mod
20261008-064058-4a8f57c-d64a-n16-r11	11	c100	sample	1	1-SRR5935767	weight	5166420
20261008-064058-4a8f57c-d64a-n16-r11	11	c100	sample	1	1-SRR5935783	mode	parallel
20261008-064058-4a8f57c-d64a-n16-r11	11	c100	sample	1	1-SRR5935783	s3client	sdk
20261008-064058-4a8f57c-d64a-n16-r11	11	c100	sample	1	1-SRR5935783	rank	11
20261008-064058-4a8f57c-d64a-n16-r11	11	c100	sample	1	1-SRR5935783	role	home
20261008-064058-4a8f57c-d64a-n16-r11	11	c100	sample	1	1-SRR5935783	inflight	1
20261008-064058-4a8f57c-d64a-n16-r11	11	c100	sample	1	1-SRR5935783	threads	16
20261008-064058-4a8f57c-d64a-n16-r11	11	c100	sample	1	1-SRR5935783	start_s	172.652264
20261008-064058-4a8f57c-d64a-n16-r11	11	c100	sample	1	1-SRR5935783	wall_s	3.473381
20261008-064058-4a8f57c-d64a-n16-r11	11	c100	sample	1	1-SRR5935783	setup_s	0.000070
20261008-064058-4a8f57c-d64a-n16-r11	11	c100	sample	1	1-SRR5935783	classify_s	3.167035
20261008-064058-4a8f57c-d64a-n16-r11	11	c100	sample	1	1-SRR5935783	close_s	0.180562
20261008-064058-4a8f57c-d64a-n16-r11	11	c100	sample	1	1-SRR5935783	report_s	0.121873
20261008-064058-4a8f57c-d64a-n16-r11	11	c100	sample	1	1-SRR5935783	status	0
20261008-064058-4a8f57c-d64a-n16-r11	11	c100	sample	1	1-SRR5935783	sequences	2565282
20261008-064058-4a8f57c-d64a-n16-r11	11	c100	sample	1	1-SRR5935783	bases	465562992
20261008-064058-4a8f57c-d64a-n16-r11	11	c100	sample	1	1-SRR5935783	classified	2508539
20261008-064058-4a8f57c-d64a-n16-r11	11	c100	sample	1	1-SRR5935783	place	mod
20261008-064058-4a8f57c-d64a-n16-r11	11	c100	sample	1	1-SRR5935783	weight	2565282
20261008-064058-4a8f57c-d64a-n16-r11	11	c100	engine.mem			t_s	180.1
20261008-064058-4a8f57c-d64a-n16-r11	11	c100	engine.mem			rss_kib	78199120
20261008-064058-4a8f57c-d64a-n16-r11	11	c100	engine.mem			hwm_kib	79029620
20261008-064058-4a8f57c-d64a-n16-r11	11	c100	engine.mem			heap_inuse	3819364352
20261008-064058-4a8f57c-d64a-n16-r11	11	c100	engine.mem			sys	6651433128
20261008-064058-4a8f57c-d64a-n16-r11	11	c100	engine.mem			avail_kib	49346068
20261008-064058-4a8f57c-d64a-n16-r11	11	c100	sample	1	1-SRR5935799	mode	parallel
20261008-064058-4a8f57c-d64a-n16-r11	11	c100	sample	1	1-SRR5935799	s3client	sdk
20261008-064058-4a8f57c-d64a-n16-r11	11	c100	sample	1	1-SRR5935799	rank	11
20261008-064058-4a8f57c-d64a-n16-r11	11	c100	sample	1	1-SRR5935799	role	home
20261008-064058-4a8f57c-d64a-n16-r11	11	c100	sample	1	1-SRR5935799	inflight	1
20261008-064058-4a8f57c-d64a-n16-r11	11	c100	sample	1	1-SRR5935799	threads	16
20261008-064058-4a8f57c-d64a-n16-r11	11	c100	sample	1	1-SRR5935799	start_s	176.125672
20261008-064058-4a8f57c-d64a-n16-r11	11	c100	sample	1	1-SRR5935799	wall_s	9.897547
20261008-064058-4a8f57c-d64a-n16-r11	11	c100	sample	1	1-SRR5935799	setup_s	0.000072
20261008-064058-4a8f57c-d64a-n16-r11	11	c100	sample	1	1-SRR5935799	classify_s	9.474448
20261008-064058-4a8f57c-d64a-n16-r11	11	c100	sample	1	1-SRR5935799	close_s	0.202000
20261008-064058-4a8f57c-d64a-n16-r11	11	c100	sample	1	1-SRR5935799	report_s	0.196197
20261008-064058-4a8f57c-d64a-n16-r11	11	c100	sample	1	1-SRR5935799	status	0
20261008-064058-4a8f57c-d64a-n16-r11	11	c100	sample	1	1-SRR5935799	sequences	9090205
20261008-064058-4a8f57c-d64a-n16-r11	11	c100	sample	1	1-SRR5935799	bases	1661371324
20261008-064058-4a8f57c-d64a-n16-r11	11	c100	sample	1	1-SRR5935799	classified	7439975
20261008-064058-4a8f57c-d64a-n16-r11	11	c100	sample	1	1-SRR5935799	place	mod
20261008-064058-4a8f57c-d64a-n16-r11	11	c100	sample	1	1-SRR5935799	weight	9090205
20261008-064058-4a8f57c-d64a-n16-r11	11	c100	sample	1	1-SRR5935815	mode	parallel
20261008-064058-4a8f57c-d64a-n16-r11	11	c100	sample	1	1-SRR5935815	s3client	sdk
20261008-064058-4a8f57c-d64a-n16-r11	11	c100	sample	1	1-SRR5935815	rank	11
20261008-064058-4a8f57c-d64a-n16-r11	11	c100	sample	1	1-SRR5935815	role	home
20261008-064058-4a8f57c-d64a-n16-r11	11	c100	sample	1	1-SRR5935815	inflight	1
20261008-064058-4a8f57c-d64a-n16-r11	11	c100	sample	1	1-SRR5935815	threads	16
20261008-064058-4a8f57c-d64a-n16-r11	11	c100	sample	1	1-SRR5935815	start_s	186.023245
20261008-064058-4a8f57c-d64a-n16-r11	11	c100	sample	1	1-SRR5935815	wall_s	8.478632
20261008-064058-4a8f57c-d64a-n16-r11	11	c100	sample	1	1-SRR5935815	setup_s	0.000080
20261008-064058-4a8f57c-d64a-n16-r11	11	c100	sample	1	1-SRR5935815	classify_s	8.137630
20261008-064058-4a8f57c-d64a-n16-r11	11	c100	sample	1	1-SRR5935815	close_s	0.196251
20261008-064058-4a8f57c-d64a-n16-r11	11	c100	sample	1	1-SRR5935815	report_s	0.136200
20261008-064058-4a8f57c-d64a-n16-r11	11	c100	sample	1	1-SRR5935815	status	0
20261008-064058-4a8f57c-d64a-n16-r11	11	c100	sample	1	1-SRR5935815	sequences	7153468
20261008-064058-4a8f57c-d64a-n16-r11	11	c100	sample	1	1-SRR5935815	bases	1337267943
20261008-064058-4a8f57c-d64a-n16-r11	11	c100	sample	1	1-SRR5935815	classified	6947959
20261008-064058-4a8f57c-d64a-n16-r11	11	c100	sample	1	1-SRR5935815	place	mod
20261008-064058-4a8f57c-d64a-n16-r11	11	c100	sample	1	1-SRR5935815	weight	7153468
20261008-064058-4a8f57c-d64a-n16-r11	11	c100	engine.mem			t_s	195.1
20261008-064058-4a8f57c-d64a-n16-r11	11	c100	engine.mem			rss_kib	78682760
20261008-064058-4a8f57c-d64a-n16-r11	11	c100	engine.mem			hwm_kib	79029620
20261008-064058-4a8f57c-d64a-n16-r11	11	c100	engine.mem			heap_inuse	3319947264
20261008-064058-4a8f57c-d64a-n16-r11	11	c100	engine.mem			sys	6651564200
20261008-064058-4a8f57c-d64a-n16-r11	11	c100	engine.mem			avail_kib	48706476
20261008-064058-4a8f57c-d64a-n16-r11	11	c100	sample	1	1-SRR5935831	mode	parallel
20261008-064058-4a8f57c-d64a-n16-r11	11	c100	sample	1	1-SRR5935831	s3client	sdk
20261008-064058-4a8f57c-d64a-n16-r11	11	c100	sample	1	1-SRR5935831	rank	11
20261008-064058-4a8f57c-d64a-n16-r11	11	c100	sample	1	1-SRR5935831	role	home
20261008-064058-4a8f57c-d64a-n16-r11	11	c100	sample	1	1-SRR5935831	inflight	1
20261008-064058-4a8f57c-d64a-n16-r11	11	c100	sample	1	1-SRR5935831	threads	16
20261008-064058-4a8f57c-d64a-n16-r11	11	c100	sample	1	1-SRR5935831	start_s	194.501906
20261008-064058-4a8f57c-d64a-n16-r11	11	c100	sample	1	1-SRR5935831	wall_s	13.955555
20261008-064058-4a8f57c-d64a-n16-r11	11	c100	sample	1	1-SRR5935831	setup_s	0.000072
20261008-064058-4a8f57c-d64a-n16-r11	11	c100	sample	1	1-SRR5935831	classify_s	13.593481
20261008-064058-4a8f57c-d64a-n16-r11	11	c100	sample	1	1-SRR5935831	close_s	0.228256
20261008-064058-4a8f57c-d64a-n16-r11	11	c100	sample	1	1-SRR5935831	report_s	0.127606
20261008-064058-4a8f57c-d64a-n16-r11	11	c100	sample	1	1-SRR5935831	status	0
20261008-064058-4a8f57c-d64a-n16-r11	11	c100	sample	1	1-SRR5935831	sequences	12793053
20261008-064058-4a8f57c-d64a-n16-r11	11	c100	sample	1	1-SRR5935831	bases	2357685670
20261008-064058-4a8f57c-d64a-n16-r11	11	c100	sample	1	1-SRR5935831	classified	12609886
20261008-064058-4a8f57c-d64a-n16-r11	11	c100	sample	1	1-SRR5935831	place	mod
20261008-064058-4a8f57c-d64a-n16-r11	11	c100	sample	1	1-SRR5935831	weight	12793053
20261008-064058-4a8f57c-d64a-n16-r11	11	c100	engine.mem			t_s	210.1
20261008-064058-4a8f57c-d64a-n16-r11	11	c100	engine.mem			rss_kib	78903832
20261008-064058-4a8f57c-d64a-n16-r11	11	c100	engine.mem			hwm_kib	79093000
20261008-064058-4a8f57c-d64a-n16-r11	11	c100	engine.mem			heap_inuse	5158748160
20261008-064058-4a8f57c-d64a-n16-r11	11	c100	engine.mem			sys	6769041592
20261008-064058-4a8f57c-d64a-n16-r11	11	c100	engine.mem			avail_kib	48556420
20261008-064058-4a8f57c-d64a-n16-r11	11	c100	engine.mem			t_s	225.1
20261008-064058-4a8f57c-d64a-n16-r11	11	c100	engine.mem			rss_kib	78903840
20261008-064058-4a8f57c-d64a-n16-r11	11	c100	engine.mem			hwm_kib	79093000
20261008-064058-4a8f57c-d64a-n16-r11	11	c100	engine.mem			heap_inuse	5171707904
20261008-064058-4a8f57c-d64a-n16-r11	11	c100	engine.mem			sys	6769041592
20261008-064058-4a8f57c-d64a-n16-r11	11	c100	engine.mem			avail_kib	48849964
20261008-064058-4a8f57c-d64a-n16-r11	11	c100	phase			batch-barrier-1	28.391382
20261008-064058-4a8f57c-d64a-n16-r11	11	c100	phase			batch-barrier-1.start_s	208.457484
20261008-064058-4a8f57c-d64a-n16-r11	11	c100	engine.mem			t_s	240.1
20261008-064058-4a8f57c-d64a-n16-r11	11	c100	engine.mem			rss_kib	78098580
20261008-064058-4a8f57c-d64a-n16-r11	11	c100	engine.mem			hwm_kib	79093000
20261008-064058-4a8f57c-d64a-n16-r11	11	c100	engine.mem			heap_inuse	4470743040
20261008-064058-4a8f57c-d64a-n16-r11	11	c100	engine.mem			sys	6769041592
20261008-064058-4a8f57c-d64a-n16-r11	11	c100	engine.mem			avail_kib	49602404
20261008-064058-4a8f57c-d64a-n16-r11	11	c100	sample	2	2-SRR5935787	mode	parallel
20261008-064058-4a8f57c-d64a-n16-r11	11	c100	sample	2	2-SRR5935787	s3client	sdk
20261008-064058-4a8f57c-d64a-n16-r11	11	c100	sample	2	2-SRR5935787	rank	11
20261008-064058-4a8f57c-d64a-n16-r11	11	c100	sample	2	2-SRR5935787	role	home
20261008-064058-4a8f57c-d64a-n16-r11	11	c100	sample	2	2-SRR5935787	inflight	1
20261008-064058-4a8f57c-d64a-n16-r11	11	c100	sample	2	2-SRR5935787	threads	16
20261008-064058-4a8f57c-d64a-n16-r11	11	c100	sample	2	2-SRR5935787	start_s	236.848911
20261008-064058-4a8f57c-d64a-n16-r11	11	c100	sample	2	2-SRR5935787	wall_s	17.868531
20261008-064058-4a8f57c-d64a-n16-r11	11	c100	sample	2	2-SRR5935787	setup_s	0.000088
20261008-064058-4a8f57c-d64a-n16-r11	11	c100	sample	2	2-SRR5935787	classify_s	17.520706
20261008-064058-4a8f57c-d64a-n16-r11	11	c100	sample	2	2-SRR5935787	close_s	0.211565
20261008-064058-4a8f57c-d64a-n16-r11	11	c100	sample	2	2-SRR5935787	report_s	0.128644
20261008-064058-4a8f57c-d64a-n16-r11	11	c100	sample	2	2-SRR5935787	status	0
20261008-064058-4a8f57c-d64a-n16-r11	11	c100	sample	2	2-SRR5935787	sequences	16351397
20261008-064058-4a8f57c-d64a-n16-r11	11	c100	sample	2	2-SRR5935787	bases	3065557655
20261008-064058-4a8f57c-d64a-n16-r11	11	c100	sample	2	2-SRR5935787	classified	16166849
20261008-064058-4a8f57c-d64a-n16-r11	11	c100	sample	2	2-SRR5935787	place	lpt
20261008-064058-4a8f57c-d64a-n16-r11	11	c100	sample	2	2-SRR5935787	weight	16351397
20261008-064058-4a8f57c-d64a-n16-r11	11	c100	engine.mem			t_s	255.1
20261008-064058-4a8f57c-d64a-n16-r11	11	c100	engine.mem			rss_kib	78779444
20261008-064058-4a8f57c-d64a-n16-r11	11	c100	engine.mem			hwm_kib	79093000
20261008-064058-4a8f57c-d64a-n16-r11	11	c100	engine.mem			heap_inuse	2639724544
20261008-064058-4a8f57c-d64a-n16-r11	11	c100	engine.mem			sys	6769303736
20261008-064058-4a8f57c-d64a-n16-r11	11	c100	engine.mem			avail_kib	48832944
20261008-064058-4a8f57c-d64a-n16-r11	11	c100	engine.mem			t_s	270.1
20261008-064058-4a8f57c-d64a-n16-r11	11	c100	engine.mem			rss_kib	78798260
20261008-064058-4a8f57c-d64a-n16-r11	11	c100	engine.mem			hwm_kib	79093000
20261008-064058-4a8f57c-d64a-n16-r11	11	c100	engine.mem			heap_inuse	5758656512
20261008-064058-4a8f57c-d64a-n16-r11	11	c100	engine.mem			sys	6769303736
20261008-064058-4a8f57c-d64a-n16-r11	11	c100	engine.mem			avail_kib	48727884
20261008-064058-4a8f57c-d64a-n16-r11	11	c100	sample	2	2-SRR5935810	mode	parallel
20261008-064058-4a8f57c-d64a-n16-r11	11	c100	sample	2	2-SRR5935810	s3client	sdk
20261008-064058-4a8f57c-d64a-n16-r11	11	c100	sample	2	2-SRR5935810	rank	11
20261008-064058-4a8f57c-d64a-n16-r11	11	c100	sample	2	2-SRR5935810	role	home
20261008-064058-4a8f57c-d64a-n16-r11	11	c100	sample	2	2-SRR5935810	inflight	1
20261008-064058-4a8f57c-d64a-n16-r11	11	c100	sample	2	2-SRR5935810	threads	16
20261008-064058-4a8f57c-d64a-n16-r11	11	c100	sample	2	2-SRR5935810	start_s	254.717467
20261008-064058-4a8f57c-d64a-n16-r11	11	c100	sample	2	2-SRR5935810	wall_s	16.529049
20261008-064058-4a8f57c-d64a-n16-r11	11	c100	sample	2	2-SRR5935810	setup_s	0.000069
20261008-064058-4a8f57c-d64a-n16-r11	11	c100	sample	2	2-SRR5935810	classify_s	16.088422
20261008-064058-4a8f57c-d64a-n16-r11	11	c100	sample	2	2-SRR5935810	close_s	0.250450
20261008-064058-4a8f57c-d64a-n16-r11	11	c100	sample	2	2-SRR5935810	report_s	0.168959
20261008-064058-4a8f57c-d64a-n16-r11	11	c100	sample	2	2-SRR5935810	status	0
20261008-064058-4a8f57c-d64a-n16-r11	11	c100	sample	2	2-SRR5935810	sequences	15280552
20261008-064058-4a8f57c-d64a-n16-r11	11	c100	sample	2	2-SRR5935810	bases	2858109884
20261008-064058-4a8f57c-d64a-n16-r11	11	c100	sample	2	2-SRR5935810	classified	13785544
20261008-064058-4a8f57c-d64a-n16-r11	11	c100	sample	2	2-SRR5935810	place	lpt
20261008-064058-4a8f57c-d64a-n16-r11	11	c100	sample	2	2-SRR5935810	weight	15280552
20261008-064058-4a8f57c-d64a-n16-r11	11	c100	engine.mem			t_s	285.1
20261008-064058-4a8f57c-d64a-n16-r11	11	c100	engine.mem			rss_kib	78922284
20261008-064058-4a8f57c-d64a-n16-r11	11	c100	engine.mem			hwm_kib	79093000
20261008-064058-4a8f57c-d64a-n16-r11	11	c100	engine.mem			heap_inuse	5593866240
20261008-064058-4a8f57c-d64a-n16-r11	11	c100	engine.mem			sys	6874300632
20261008-064058-4a8f57c-d64a-n16-r11	11	c100	engine.mem			avail_kib	48659924
20261008-064058-4a8f57c-d64a-n16-r11	11	c100	sample	2	2-SRR5935794	mode	parallel
20261008-064058-4a8f57c-d64a-n16-r11	11	c100	sample	2	2-SRR5935794	s3client	sdk
20261008-064058-4a8f57c-d64a-n16-r11	11	c100	sample	2	2-SRR5935794	rank	11
20261008-064058-4a8f57c-d64a-n16-r11	11	c100	sample	2	2-SRR5935794	role	home
20261008-064058-4a8f57c-d64a-n16-r11	11	c100	sample	2	2-SRR5935794	inflight	1
20261008-064058-4a8f57c-d64a-n16-r11	11	c100	sample	2	2-SRR5935794	threads	16
20261008-064058-4a8f57c-d64a-n16-r11	11	c100	sample	2	2-SRR5935794	start_s	271.246543
20261008-064058-4a8f57c-d64a-n16-r11	11	c100	sample	2	2-SRR5935794	wall_s	15.061718
20261008-064058-4a8f57c-d64a-n16-r11	11	c100	sample	2	2-SRR5935794	setup_s	0.000062
20261008-064058-4a8f57c-d64a-n16-r11	11	c100	sample	2	2-SRR5935794	classify_s	14.434983
20261008-064058-4a8f57c-d64a-n16-r11	11	c100	sample	2	2-SRR5935794	close_s	0.275781
20261008-064058-4a8f57c-d64a-n16-r11	11	c100	sample	2	2-SRR5935794	report_s	0.343974
20261008-064058-4a8f57c-d64a-n16-r11	11	c100	sample	2	2-SRR5935794	status	0
20261008-064058-4a8f57c-d64a-n16-r11	11	c100	sample	2	2-SRR5935794	sequences	13404063
20261008-064058-4a8f57c-d64a-n16-r11	11	c100	sample	2	2-SRR5935794	bases	2484447317
20261008-064058-4a8f57c-d64a-n16-r11	11	c100	sample	2	2-SRR5935794	classified	13071600
20261008-064058-4a8f57c-d64a-n16-r11	11	c100	sample	2	2-SRR5935794	place	lpt
20261008-064058-4a8f57c-d64a-n16-r11	11	c100	sample	2	2-SRR5935794	weight	13404063
20261008-064058-4a8f57c-d64a-n16-r11	11	c100	sample	2	2-SRR5935788	mode	parallel
20261008-064058-4a8f57c-d64a-n16-r11	11	c100	sample	2	2-SRR5935788	s3client	sdk
20261008-064058-4a8f57c-d64a-n16-r11	11	c100	sample	2	2-SRR5935788	rank	11
20261008-064058-4a8f57c-d64a-n16-r11	11	c100	sample	2	2-SRR5935788	role	home
20261008-064058-4a8f57c-d64a-n16-r11	11	c100	sample	2	2-SRR5935788	inflight	1
20261008-064058-4a8f57c-d64a-n16-r11	11	c100	sample	2	2-SRR5935788	threads	16
20261008-064058-4a8f57c-d64a-n16-r11	11	c100	sample	2	2-SRR5935788	start_s	286.308286
20261008-064058-4a8f57c-d64a-n16-r11	11	c100	sample	2	2-SRR5935788	wall_s	12.175364
20261008-064058-4a8f57c-d64a-n16-r11	11	c100	sample	2	2-SRR5935788	setup_s	0.000067
20261008-064058-4a8f57c-d64a-n16-r11	11	c100	sample	2	2-SRR5935788	classify_s	11.709878
20261008-064058-4a8f57c-d64a-n16-r11	11	c100	sample	2	2-SRR5935788	close_s	0.305022
20261008-064058-4a8f57c-d64a-n16-r11	11	c100	sample	2	2-SRR5935788	report_s	0.152940
20261008-064058-4a8f57c-d64a-n16-r11	11	c100	sample	2	2-SRR5935788	status	0
20261008-064058-4a8f57c-d64a-n16-r11	11	c100	sample	2	2-SRR5935788	sequences	11073410
20261008-064058-4a8f57c-d64a-n16-r11	11	c100	sample	2	2-SRR5935788	bases	2024074094
20261008-064058-4a8f57c-d64a-n16-r11	11	c100	sample	2	2-SRR5935788	classified	10832572
20261008-064058-4a8f57c-d64a-n16-r11	11	c100	sample	2	2-SRR5935788	place	lpt
20261008-064058-4a8f57c-d64a-n16-r11	11	c100	sample	2	2-SRR5935788	weight	11073410
20261008-064058-4a8f57c-d64a-n16-r11	11	c100	engine.mem			t_s	300.1
20261008-064058-4a8f57c-d64a-n16-r11	11	c100	engine.mem			rss_kib	78096144
20261008-064058-4a8f57c-d64a-n16-r11	11	c100	engine.mem			hwm_kib	79368056
20261008-064058-4a8f57c-d64a-n16-r11	11	c100	engine.mem			heap_inuse	4330323968
20261008-064058-4a8f57c-d64a-n16-r11	11	c100	engine.mem			sys	7022027000
20261008-064058-4a8f57c-d64a-n16-r11	11	c100	engine.mem			avail_kib	49115416
20261008-064058-4a8f57c-d64a-n16-r11	11	c100	sample	2	2-SRR5935799	mode	parallel
20261008-064058-4a8f57c-d64a-n16-r11	11	c100	sample	2	2-SRR5935799	s3client	sdk
20261008-064058-4a8f57c-d64a-n16-r11	11	c100	sample	2	2-SRR5935799	rank	11
20261008-064058-4a8f57c-d64a-n16-r11	11	c100	sample	2	2-SRR5935799	role	home
20261008-064058-4a8f57c-d64a-n16-r11	11	c100	sample	2	2-SRR5935799	inflight	1
20261008-064058-4a8f57c-d64a-n16-r11	11	c100	sample	2	2-SRR5935799	threads	16
20261008-064058-4a8f57c-d64a-n16-r11	11	c100	sample	2	2-SRR5935799	start_s	298.483678
20261008-064058-4a8f57c-d64a-n16-r11	11	c100	sample	2	2-SRR5935799	wall_s	9.882189
20261008-064058-4a8f57c-d64a-n16-r11	11	c100	sample	2	2-SRR5935799	setup_s	0.000065
20261008-064058-4a8f57c-d64a-n16-r11	11	c100	sample	2	2-SRR5935799	classify_s	9.396564
20261008-064058-4a8f57c-d64a-n16-r11	11	c100	sample	2	2-SRR5935799	close_s	0.226777
20261008-064058-4a8f57c-d64a-n16-r11	11	c100	sample	2	2-SRR5935799	report_s	0.236135
20261008-064058-4a8f57c-d64a-n16-r11	11	c100	sample	2	2-SRR5935799	status	0
20261008-064058-4a8f57c-d64a-n16-r11	11	c100	sample	2	2-SRR5935799	sequences	9090205
20261008-064058-4a8f57c-d64a-n16-r11	11	c100	sample	2	2-SRR5935799	bases	1661371324
20261008-064058-4a8f57c-d64a-n16-r11	11	c100	sample	2	2-SRR5935799	classified	7439975
20261008-064058-4a8f57c-d64a-n16-r11	11	c100	sample	2	2-SRR5935799	place	lpt
20261008-064058-4a8f57c-d64a-n16-r11	11	c100	sample	2	2-SRR5935799	weight	9090205
20261008-064058-4a8f57c-d64a-n16-r11	11	c100	sample	2	2-SRR5935767	mode	parallel
20261008-064058-4a8f57c-d64a-n16-r11	11	c100	sample	2	2-SRR5935767	s3client	sdk
20261008-064058-4a8f57c-d64a-n16-r11	11	c100	sample	2	2-SRR5935767	rank	11
20261008-064058-4a8f57c-d64a-n16-r11	11	c100	sample	2	2-SRR5935767	role	home
20261008-064058-4a8f57c-d64a-n16-r11	11	c100	sample	2	2-SRR5935767	inflight	1
20261008-064058-4a8f57c-d64a-n16-r11	11	c100	sample	2	2-SRR5935767	threads	16
20261008-064058-4a8f57c-d64a-n16-r11	11	c100	sample	2	2-SRR5935767	start_s	308.365899
20261008-064058-4a8f57c-d64a-n16-r11	11	c100	sample	2	2-SRR5935767	wall_s	6.115335
20261008-064058-4a8f57c-d64a-n16-r11	11	c100	sample	2	2-SRR5935767	setup_s	0.000062
20261008-064058-4a8f57c-d64a-n16-r11	11	c100	sample	2	2-SRR5935767	classify_s	5.729672
20261008-064058-4a8f57c-d64a-n16-r11	11	c100	sample	2	2-SRR5935767	close_s	0.253343
20261008-064058-4a8f57c-d64a-n16-r11	11	c100	sample	2	2-SRR5935767	report_s	0.125891
20261008-064058-4a8f57c-d64a-n16-r11	11	c100	sample	2	2-SRR5935767	status	0
20261008-064058-4a8f57c-d64a-n16-r11	11	c100	sample	2	2-SRR5935767	sequences	5166420
20261008-064058-4a8f57c-d64a-n16-r11	11	c100	sample	2	2-SRR5935767	bases	956191777
20261008-064058-4a8f57c-d64a-n16-r11	11	c100	sample	2	2-SRR5935767	classified	4901709
20261008-064058-4a8f57c-d64a-n16-r11	11	c100	sample	2	2-SRR5935767	place	lpt
20261008-064058-4a8f57c-d64a-n16-r11	11	c100	sample	2	2-SRR5935767	weight	5166420
20261008-064058-4a8f57c-d64a-n16-r11	11	c100	engine.mem			t_s	315.1
20261008-064058-4a8f57c-d64a-n16-r11	11	c100	engine.mem			rss_kib	78448308
20261008-064058-4a8f57c-d64a-n16-r11	11	c100	engine.mem			hwm_kib	79368056
20261008-064058-4a8f57c-d64a-n16-r11	11	c100	engine.mem			heap_inuse	3434405888
20261008-064058-4a8f57c-d64a-n16-r11	11	c100	engine.mem			sys	7022027000
20261008-064058-4a8f57c-d64a-n16-r11	11	c100	engine.mem			avail_kib	49114184
20261008-064058-4a8f57c-d64a-n16-r11	11	c100	phase			batch-barrier-2	2.077646
20261008-064058-4a8f57c-d64a-n16-r11	11	c100	phase			batch-barrier-2.start_s	314.481254
20261008-064058-4a8f57c-d64a-n16-r11	11	c100	phase			barrier	0.322329
20261008-064058-4a8f57c-d64a-n16-r11	11	c100	phase			barrier.start_s	323.162662
20261008-064058-4a8f57c-d64a-n16-r11	11	c100	sample	3	3-SRR5935740	mode	striped
20261008-064058-4a8f57c-d64a-n16-r11	11	c100	sample	3	3-SRR5935740	s3client	sdk
20261008-064058-4a8f57c-d64a-n16-r11	11	c100	sample	3	3-SRR5935740	rank	11
20261008-064058-4a8f57c-d64a-n16-r11	11	c100	sample	3	3-SRR5935740	role	peer
20261008-064058-4a8f57c-d64a-n16-r11	11	c100	sample	3	3-SRR5935740	inflight	1
20261008-064058-4a8f57c-d64a-n16-r11	11	c100	sample	3	3-SRR5935740	threads	16
20261008-064058-4a8f57c-d64a-n16-r11	11	c100	sample	3	3-SRR5935740	start_s	317.511704
20261008-064058-4a8f57c-d64a-n16-r11	11	c100	sample	3	3-SRR5935740	wall_s	5.973339
20261008-064058-4a8f57c-d64a-n16-r11	11	c100	sample	3	3-SRR5935740	setup_s	0.000069
20261008-064058-4a8f57c-d64a-n16-r11	11	c100	sample	3	3-SRR5935740	classify_s	5.646846
20261008-064058-4a8f57c-d64a-n16-r11	11	c100	sample	3	3-SRR5935740	close_s	0.000000
20261008-064058-4a8f57c-d64a-n16-r11	11	c100	sample	3	3-SRR5935740	report_s	0.000000
20261008-064058-4a8f57c-d64a-n16-r11	11	c100	sample	3	3-SRR5935740	status	0
20261008-064058-4a8f57c-d64a-n16-r11	11	c100	sample	3	3-SRR5935740	sequences	0
20261008-064058-4a8f57c-d64a-n16-r11	11	c100	sample	3	3-SRR5935740	bases	0
20261008-064058-4a8f57c-d64a-n16-r11	11	c100	sample	3	3-SRR5935740	classified	0
20261008-064058-4a8f57c-d64a-n16-r11	11	c100	sample	3	3-SRR5935740	place	-
20261008-064058-4a8f57c-d64a-n16-r11	11	c100	sample	3	3-SRR5935740	weight	-
20261008-064058-4a8f57c-d64a-n16-r11	11	c100	phase			batch-barrier-3	0.488609
20261008-064058-4a8f57c-d64a-n16-r11	11	c100	phase			batch-barrier-3.start_s	323.485054
20261008-064058-4a8f57c-d64a-n16-r11	11	c100	engine.mem			t_s	330.1
20261008-064058-4a8f57c-d64a-n16-r11	11	c100	engine.mem			rss_kib	76342500
20261008-064058-4a8f57c-d64a-n16-r11	11	c100	engine.mem			hwm_kib	79368056
20261008-064058-4a8f57c-d64a-n16-r11	11	c100	engine.mem			heap_inuse	3210076160
20261008-064058-4a8f57c-d64a-n16-r11	11	c100	engine.mem			sys	7022027000
20261008-064058-4a8f57c-d64a-n16-r11	11	c100	engine.mem			avail_kib	51348252
20261008-064058-4a8f57c-d64a-n16-r11	11	c100	phase			barrier	0.291920
20261008-064058-4a8f57c-d64a-n16-r11	11	c100	phase			barrier.start_s	330.399968
20261008-064058-4a8f57c-d64a-n16-r11	11	c100	sample	4	4-SRR5935740	mode	striped
20261008-064058-4a8f57c-d64a-n16-r11	11	c100	sample	4	4-SRR5935740	s3client	sdk
20261008-064058-4a8f57c-d64a-n16-r11	11	c100	sample	4	4-SRR5935740	rank	11
20261008-064058-4a8f57c-d64a-n16-r11	11	c100	sample	4	4-SRR5935740	role	peer
20261008-064058-4a8f57c-d64a-n16-r11	11	c100	sample	4	4-SRR5935740	inflight	1
20261008-064058-4a8f57c-d64a-n16-r11	11	c100	sample	4	4-SRR5935740	threads	16
20261008-064058-4a8f57c-d64a-n16-r11	11	c100	sample	4	4-SRR5935740	start_s	324.748207
20261008-064058-4a8f57c-d64a-n16-r11	11	c100	sample	4	4-SRR5935740	wall_s	5.943719
20261008-064058-4a8f57c-d64a-n16-r11	11	c100	sample	4	4-SRR5935740	setup_s	0.000054
20261008-064058-4a8f57c-d64a-n16-r11	11	c100	sample	4	4-SRR5935740	classify_s	5.647611
20261008-064058-4a8f57c-d64a-n16-r11	11	c100	sample	4	4-SRR5935740	close_s	0.000000
20261008-064058-4a8f57c-d64a-n16-r11	11	c100	sample	4	4-SRR5935740	report_s	0.000000
20261008-064058-4a8f57c-d64a-n16-r11	11	c100	sample	4	4-SRR5935740	status	0
20261008-064058-4a8f57c-d64a-n16-r11	11	c100	sample	4	4-SRR5935740	sequences	0
20261008-064058-4a8f57c-d64a-n16-r11	11	c100	sample	4	4-SRR5935740	bases	0
20261008-064058-4a8f57c-d64a-n16-r11	11	c100	sample	4	4-SRR5935740	classified	0
20261008-064058-4a8f57c-d64a-n16-r11	11	c100	sample	4	4-SRR5935740	place	-
20261008-064058-4a8f57c-d64a-n16-r11	11	c100	sample	4	4-SRR5935740	weight	-
20261008-064058-4a8f57c-d64a-n16-r11	11	c100	phase			batch-barrier-4	0.484896
20261008-064058-4a8f57c-d64a-n16-r11	11	c100	phase			batch-barrier-4.start_s	330.691935
20261008-064058-4a8f57c-d64a-n16-r11	11	c100	phase			barrier	0.139649
20261008-064058-4a8f57c-d64a-n16-r11	11	c100	phase			barrier.start_s	337.618055
20261008-064058-4a8f57c-d64a-n16-r11	11	c100	sample	5	5-SRR5935740	mode	striped
20261008-064058-4a8f57c-d64a-n16-r11	11	c100	sample	5	5-SRR5935740	s3client	sdk
20261008-064058-4a8f57c-d64a-n16-r11	11	c100	sample	5	5-SRR5935740	rank	11
20261008-064058-4a8f57c-d64a-n16-r11	11	c100	sample	5	5-SRR5935740	role	peer
20261008-064058-4a8f57c-d64a-n16-r11	11	c100	sample	5	5-SRR5935740	inflight	1
20261008-064058-4a8f57c-d64a-n16-r11	11	c100	sample	5	5-SRR5935740	threads	16
20261008-064058-4a8f57c-d64a-n16-r11	11	c100	sample	5	5-SRR5935740	start_s	331.966446
20261008-064058-4a8f57c-d64a-n16-r11	11	c100	sample	5	5-SRR5935740	wall_s	5.791307
20261008-064058-4a8f57c-d64a-n16-r11	11	c100	sample	5	5-SRR5935740	setup_s	0.000057
20261008-064058-4a8f57c-d64a-n16-r11	11	c100	sample	5	5-SRR5935740	classify_s	5.647533
20261008-064058-4a8f57c-d64a-n16-r11	11	c100	sample	5	5-SRR5935740	close_s	0.000000
20261008-064058-4a8f57c-d64a-n16-r11	11	c100	sample	5	5-SRR5935740	report_s	0.000000
20261008-064058-4a8f57c-d64a-n16-r11	11	c100	sample	5	5-SRR5935740	status	0
20261008-064058-4a8f57c-d64a-n16-r11	11	c100	sample	5	5-SRR5935740	sequences	0
20261008-064058-4a8f57c-d64a-n16-r11	11	c100	sample	5	5-SRR5935740	bases	0
20261008-064058-4a8f57c-d64a-n16-r11	11	c100	sample	5	5-SRR5935740	classified	0
20261008-064058-4a8f57c-d64a-n16-r11	11	c100	sample	5	5-SRR5935740	place	-
20261008-064058-4a8f57c-d64a-n16-r11	11	c100	sample	5	5-SRR5935740	weight	-
20261008-064058-4a8f57c-d64a-n16-r11	11	c100	phase			batch-barrier-5	0.593166
20261008-064058-4a8f57c-d64a-n16-r11	11	c100	phase			batch-barrier-5.start_s	337.757765
20261008-064058-4a8f57c-d64a-n16-r11	11	c100	engine.mem			t_s	345.1
20261008-064058-4a8f57c-d64a-n16-r11	11	c100	engine.mem			rss_kib	76482180
20261008-064058-4a8f57c-d64a-n16-r11	11	c100	engine.mem			hwm_kib	79368056
20261008-064058-4a8f57c-d64a-n16-r11	11	c100	engine.mem			heap_inuse	3104784384
20261008-064058-4a8f57c-d64a-n16-r11	11	c100	engine.mem			sys	7022027000
20261008-064058-4a8f57c-d64a-n16-r11	11	c100	engine.mem			avail_kib	51159080
20261008-064058-4a8f57c-d64a-n16-r11	11	c100	phase			batch-barrier-6	10.127862
20261008-064058-4a8f57c-d64a-n16-r11	11	c100	phase			batch-barrier-6.start_s	338.350949
20261008-064058-4a8f57c-d64a-n16-r11	11	c100	phase			batch-barrier-7	10.524718
20261008-064058-4a8f57c-d64a-n16-r11	11	c100	phase			batch-barrier-7.start_s	348.478830
20261008-064058-4a8f57c-d64a-n16-r11	11	c100	engine.mem			t_s	360.1
20261008-064058-4a8f57c-d64a-n16-r11	11	c100	engine.mem			rss_kib	76482188
20261008-064058-4a8f57c-d64a-n16-r11	11	c100	engine.mem			hwm_kib	79368056
20261008-064058-4a8f57c-d64a-n16-r11	11	c100	engine.mem			heap_inuse	3109085184
20261008-064058-4a8f57c-d64a-n16-r11	11	c100	engine.mem			sys	7022027000
20261008-064058-4a8f57c-d64a-n16-r11	11	c100	engine.mem			avail_kib	51340568
20261008-064058-4a8f57c-d64a-n16-r11	11	c100	phase			batch-barrier-8	10.172217
20261008-064058-4a8f57c-d64a-n16-r11	11	c100	phase			batch-barrier-8.start_s	359.003566
20261008-064058-4a8f57c-d64a-n16-r11	11	c100	engine.shard			index	0
20261008-064058-4a8f57c-d64a-n16-r11	11	c100	engine.shard			n	16
20261008-064058-4a8f57c-d64a-n16-r11	11	c100	engine.shard			lo	204375131085
20261008-064058-4a8f57c-d64a-n16-r11	11	c100	engine.shard			hi	222954688456
20261008-064058-4a8f57c-d64a-n16-r11	11	c100	engine.shard			tail	302
20261008-064058-4a8f57c-d64a-n16-r11	11	c100	engine.shard			full	false
20261008-064058-4a8f57c-d64a-n16-r11	11	c100	engine.shard			empty_at	18579557371
20261008-064058-4a8f57c-d64a-n16-r11	11	c100	engine.shard			keys	8467632093
20261008-064058-4a8f57c-d64a-n16-r11	11	c100	engine.shard			batches	89910
20261008-064058-4a8f57c-d64a-n16-r11	11	c100	engine.shard			probe_s	240.857166
20261008-064058-4a8f57c-d64a-n16-r11	11	c100	engine.shard			tail_probes	0
20261008-064058-4a8f57c-d64a-n16-r11	11	c100	engine.shard			wrap_probes	0
20261008-064058-4a8f57c-d64a-n16-r11	11	c100	engine.mem			t_s	369.2
20261008-064058-4a8f57c-d64a-n16-r11	11	c100	engine.mem			rss_kib	76482188
20261008-064058-4a8f57c-d64a-n16-r11	11	c100	engine.mem			hwm_kib	79368056
20261008-064058-4a8f57c-d64a-n16-r11	11	c100	engine.mem			heap_inuse	3109576704
20261008-064058-4a8f57c-d64a-n16-r11	11	c100	engine.mem			sys	7022027000
20261008-064058-4a8f57c-d64a-n16-r11	11	c100	engine.mem			avail_kib	51314752
20261008-064058-4a8f57c-d64a-n16-r11	11	c100	engine.rendezvous			puts	13
20261008-064058-4a8f57c-d64a-n16-r11	11	c100	engine.rendezvous			gets	596
20261008-064058-4a8f57c-d64a-n16-r11	11	c100	engine.s3			client	sdk
20261008-064058-4a8f57c-d64a-n16-r11	11	c100	engine.s3			put	31
20261008-064058-4a8f57c-d64a-n16-r11	11	c100	engine.s3			get	596
20261008-064058-4a8f57c-d64a-n16-r11	11	c100	engine.s3			create_multipart	18
20261008-064058-4a8f57c-d64a-n16-r11	11	c100	engine.s3			upload_part	2088
20261008-064058-4a8f57c-d64a-n16-r11	11	c100	engine.s3			complete_multipart	18
20261008-064058-4a8f57c-d64a-n16-r11	11	c100	engine.s3			abort_multipart	0
20261008-064058-4a8f57c-d64a-n16-r11	11	c100	engine.s3			part_bytes	17458072545
20261008-064058-4a8f57c-d64a-n16-r11	11	c100	engine.s3			client	cli
20261008-064058-4a8f57c-d64a-n16-r11	11	c100	engine.s3			put	0
20261008-064058-4a8f57c-d64a-n16-r11	11	c100	engine.s3			get	0
20261008-064058-4a8f57c-d64a-n16-r11	11	c100	engine.s3			create_multipart	0
20261008-064058-4a8f57c-d64a-n16-r11	11	c100	engine.s3			upload_part	0
20261008-064058-4a8f57c-d64a-n16-r11	11	c100	engine.s3			complete_multipart	0
20261008-064058-4a8f57c-d64a-n16-r11	11	c100	engine.s3			abort_multipart	0
20261008-064058-4a8f57c-d64a-n16-r11	11	c100	engine.s3			part_bytes	0
20261008-064058-4a8f57c-d64a-n16-r11	11	c100	engine.load			seconds	55.828556
20261008-064058-4a8f57c-d64a-n16-r11	11	c100	engine.load			requests	1126
20261008-064058-4a8f57c-d64a-n16-r11	11	c100	engine.load			retries	0
20261008-064058-4a8f57c-d64a-n16-r11	11	c100	engine.load			bytes	74318296292
20261008-064058-4a8f57c-d64a-n16-r11	11	c100	engine.route			transport	nodes
20261008-064058-4a8f57c-d64a-n16-r11	11	c100	engine.route			calls	5206
20261008-064058-4a8f57c-d64a-n16-r11	11	c100	engine.route			keys	7865017556
20261008-064058-4a8f57c-d64a-n16-r11	11	c100	engine.route			batches	83296
20261008-064058-4a8f57c-d64a-n16-r11	11	c100	engine.route			route_s	98.386797
20261008-064058-4a8f57c-d64a-n16-r11	11	c100	engine.route			wait_s	315.200804
20261008-064058-4a8f57c-d64a-n16-r11	11	c100	engine.route			gather_s	18.374649
20261008-064058-4a8f57c-d64a-n16-r11	11	c100	engine.worker			scan_s	729.219383
20261008-064058-4a8f57c-d64a-n16-r11	11	c100	engine.worker			lookup_s	431.966831
20261008-064058-4a8f57c-d64a-n16-r11	11	c100	engine.worker			classify_s	650.807065
20261008-064058-4a8f57c-d64a-n16-r11	11	c100	phase			total	369.318194
20261008-064058-4a8f57c-d64a-n16-r11	11	c100	phase			total.start_s	0.000001
20261008-064058-4a8f57c-d64a-n16-r12	12	c100	phase			taxo	0.101369
20261008-064058-4a8f57c-d64a-n16-r12	12	c100	phase			taxo.start_s	0.002845
20261008-064058-4a8f57c-d64a-n16-r12	12	c100	engine.mem			t_s	15.0
20261008-064058-4a8f57c-d64a-n16-r12	12	c100	engine.mem			rss_kib	21127028
20261008-064058-4a8f57c-d64a-n16-r12	12	c100	engine.mem			hwm_kib	21127036
20261008-064058-4a8f57c-d64a-n16-r12	12	c100	engine.mem			heap_inuse	394944512
20261008-064058-4a8f57c-d64a-n16-r12	12	c100	engine.mem			sys	409983336
20261008-064058-4a8f57c-d64a-n16-r12	12	c100	engine.mem			avail_kib	106559896
20261008-064058-4a8f57c-d64a-n16-r12	12	c100	engine.mem			t_s	30.0
20261008-064058-4a8f57c-d64a-n16-r12	12	c100	engine.mem			rss_kib	42055204
20261008-064058-4a8f57c-d64a-n16-r12	12	c100	engine.mem			hwm_kib	42055204
20261008-064058-4a8f57c-d64a-n16-r12	12	c100	engine.mem			heap_inuse	396640256
20261008-064058-4a8f57c-d64a-n16-r12	12	c100	engine.mem			sys	409983336
20261008-064058-4a8f57c-d64a-n16-r12	12	c100	engine.mem			avail_kib	85592912
20261008-064058-4a8f57c-d64a-n16-r12	12	c100	engine.mem			t_s	45.0
20261008-064058-4a8f57c-d64a-n16-r12	12	c100	engine.mem			rss_kib	68011304
20261008-064058-4a8f57c-d64a-n16-r12	12	c100	engine.mem			hwm_kib	68011308
20261008-064058-4a8f57c-d64a-n16-r12	12	c100	engine.mem			heap_inuse	398761984
20261008-064058-4a8f57c-d64a-n16-r12	12	c100	engine.mem			sys	414243176
20261008-064058-4a8f57c-d64a-n16-r12	12	c100	engine.mem			avail_kib	59573876
20261008-064058-4a8f57c-d64a-n16-r12	12	c100	phase			shard-load-12	48.119819
20261008-064058-4a8f57c-d64a-n16-r12	12	c100	phase			shard-load-12.start_s	0.191302
20261008-064058-4a8f57c-d64a-n16-r12	12	c100	phase			rendezvous	6.070776
20261008-064058-4a8f57c-d64a-n16-r12	12	c100	phase			rendezvous.start_s	48.728988
20261008-064058-4a8f57c-d64a-n16-r12	12	c100	phase			connect	0.019359
20261008-064058-4a8f57c-d64a-n16-r12	12	c100	phase			connect.start_s	54.799778
20261008-064058-4a8f57c-d64a-n16-r12	12	c100	phase			hash	54.714904
20261008-064058-4a8f57c-d64a-n16-r12	12	c100	phase			hash.start_s	0.104244
20261008-064058-4a8f57c-d64a-n16-r12	12	c100	engine.mem			t_s	60.0
20261008-064058-4a8f57c-d64a-n16-r12	12	c100	engine.mem			rss_kib	78093900
20261008-064058-4a8f57c-d64a-n16-r12	12	c100	engine.mem			hwm_kib	78093900
20261008-064058-4a8f57c-d64a-n16-r12	12	c100	engine.mem			heap_inuse	4183572480
20261008-064058-4a8f57c-d64a-n16-r12	12	c100	engine.mem			sys	5823823720
20261008-064058-4a8f57c-d64a-n16-r12	12	c100	engine.mem			avail_kib	49233004
20261008-064058-4a8f57c-d64a-n16-r12	12	c100	sample	0	0-SRR5935757	mode	parallel
20261008-064058-4a8f57c-d64a-n16-r12	12	c100	sample	0	0-SRR5935757	s3client	sdk
20261008-064058-4a8f57c-d64a-n16-r12	12	c100	sample	0	0-SRR5935757	rank	12
20261008-064058-4a8f57c-d64a-n16-r12	12	c100	sample	0	0-SRR5935757	role	home
20261008-064058-4a8f57c-d64a-n16-r12	12	c100	sample	0	0-SRR5935757	inflight	1
20261008-064058-4a8f57c-d64a-n16-r12	12	c100	sample	0	0-SRR5935757	threads	16
20261008-064058-4a8f57c-d64a-n16-r12	12	c100	sample	0	0-SRR5935757	start_s	54.819184
20261008-064058-4a8f57c-d64a-n16-r12	12	c100	sample	0	0-SRR5935757	wall_s	17.742726
20261008-064058-4a8f57c-d64a-n16-r12	12	c100	sample	0	0-SRR5935757	setup_s	0.000052
20261008-064058-4a8f57c-d64a-n16-r12	12	c100	sample	0	0-SRR5935757	classify_s	17.324110
20261008-064058-4a8f57c-d64a-n16-r12	12	c100	sample	0	0-SRR5935757	close_s	0.240166
20261008-064058-4a8f57c-d64a-n16-r12	12	c100	sample	0	0-SRR5935757	report_s	0.162675
20261008-064058-4a8f57c-d64a-n16-r12	12	c100	sample	0	0-SRR5935757	status	0
20261008-064058-4a8f57c-d64a-n16-r12	12	c100	sample	0	0-SRR5935757	sequences	16286650
20261008-064058-4a8f57c-d64a-n16-r12	12	c100	sample	0	0-SRR5935757	bases	3018354004
20261008-064058-4a8f57c-d64a-n16-r12	12	c100	sample	0	0-SRR5935757	classified	15278935
20261008-064058-4a8f57c-d64a-n16-r12	12	c100	sample	0	0-SRR5935757	place	lpt
20261008-064058-4a8f57c-d64a-n16-r12	12	c100	sample	0	0-SRR5935757	weight	16286650
20261008-064058-4a8f57c-d64a-n16-r12	12	c100	engine.mem			t_s	75.0
20261008-064058-4a8f57c-d64a-n16-r12	12	c100	engine.mem			rss_kib	77907548
20261008-064058-4a8f57c-d64a-n16-r12	12	c100	engine.mem			hwm_kib	78413296
20261008-064058-4a8f57c-d64a-n16-r12	12	c100	engine.mem			heap_inuse	4097687552
20261008-064058-4a8f57c-d64a-n16-r12	12	c100	engine.mem			sys	6073692056
20261008-064058-4a8f57c-d64a-n16-r12	12	c100	engine.mem			avail_kib	48935436
20261008-064058-4a8f57c-d64a-n16-r12	12	c100	sample	0	0-SRR5935759	mode	parallel
20261008-064058-4a8f57c-d64a-n16-r12	12	c100	sample	0	0-SRR5935759	s3client	sdk
20261008-064058-4a8f57c-d64a-n16-r12	12	c100	sample	0	0-SRR5935759	rank	12
20261008-064058-4a8f57c-d64a-n16-r12	12	c100	sample	0	0-SRR5935759	role	home
20261008-064058-4a8f57c-d64a-n16-r12	12	c100	sample	0	0-SRR5935759	inflight	1
20261008-064058-4a8f57c-d64a-n16-r12	12	c100	sample	0	0-SRR5935759	threads	16
20261008-064058-4a8f57c-d64a-n16-r12	12	c100	sample	0	0-SRR5935759	start_s	72.561939
20261008-064058-4a8f57c-d64a-n16-r12	12	c100	sample	0	0-SRR5935759	wall_s	16.406943
20261008-064058-4a8f57c-d64a-n16-r12	12	c100	sample	0	0-SRR5935759	setup_s	0.000065
20261008-064058-4a8f57c-d64a-n16-r12	12	c100	sample	0	0-SRR5935759	classify_s	16.011116
20261008-064058-4a8f57c-d64a-n16-r12	12	c100	sample	0	0-SRR5935759	close_s	0.226170
20261008-064058-4a8f57c-d64a-n16-r12	12	c100	sample	0	0-SRR5935759	report_s	0.155845
20261008-064058-4a8f57c-d64a-n16-r12	12	c100	sample	0	0-SRR5935759	status	0
20261008-064058-4a8f57c-d64a-n16-r12	12	c100	sample	0	0-SRR5935759	sequences	15312868
20261008-064058-4a8f57c-d64a-n16-r12	12	c100	sample	0	0-SRR5935759	bases	2847175138
20261008-064058-4a8f57c-d64a-n16-r12	12	c100	sample	0	0-SRR5935759	classified	13152387
20261008-064058-4a8f57c-d64a-n16-r12	12	c100	sample	0	0-SRR5935759	place	lpt
20261008-064058-4a8f57c-d64a-n16-r12	12	c100	sample	0	0-SRR5935759	weight	15312868
20261008-064058-4a8f57c-d64a-n16-r12	12	c100	engine.mem			t_s	90.1
20261008-064058-4a8f57c-d64a-n16-r12	12	c100	engine.mem			rss_kib	77971556
20261008-064058-4a8f57c-d64a-n16-r12	12	c100	engine.mem			hwm_kib	78758436
20261008-064058-4a8f57c-d64a-n16-r12	12	c100	engine.mem			heap_inuse	4346003456
20261008-064058-4a8f57c-d64a-n16-r12	12	c100	engine.mem			sys	6349701208
20261008-064058-4a8f57c-d64a-n16-r12	12	c100	engine.mem			avail_kib	49207748
20261008-064058-4a8f57c-d64a-n16-r12	12	c100	sample	0	0-SRR5935785	mode	parallel
20261008-064058-4a8f57c-d64a-n16-r12	12	c100	sample	0	0-SRR5935785	s3client	sdk
20261008-064058-4a8f57c-d64a-n16-r12	12	c100	sample	0	0-SRR5935785	rank	12
20261008-064058-4a8f57c-d64a-n16-r12	12	c100	sample	0	0-SRR5935785	role	home
20261008-064058-4a8f57c-d64a-n16-r12	12	c100	sample	0	0-SRR5935785	inflight	1
20261008-064058-4a8f57c-d64a-n16-r12	12	c100	sample	0	0-SRR5935785	threads	16
20261008-064058-4a8f57c-d64a-n16-r12	12	c100	sample	0	0-SRR5935785	start_s	88.968912
20261008-064058-4a8f57c-d64a-n16-r12	12	c100	sample	0	0-SRR5935785	wall_s	14.853578
20261008-064058-4a8f57c-d64a-n16-r12	12	c100	sample	0	0-SRR5935785	setup_s	0.000062
20261008-064058-4a8f57c-d64a-n16-r12	12	c100	sample	0	0-SRR5935785	classify_s	14.408791
20261008-064058-4a8f57c-d64a-n16-r12	12	c100	sample	0	0-SRR5935785	close_s	0.231283
20261008-064058-4a8f57c-d64a-n16-r12	12	c100	sample	0	0-SRR5935785	report_s	0.197017
20261008-064058-4a8f57c-d64a-n16-r12	12	c100	sample	0	0-SRR5935785	status	0
20261008-064058-4a8f57c-d64a-n16-r12	12	c100	sample	0	0-SRR5935785	sequences	13817496
20261008-064058-4a8f57c-d64a-n16-r12	12	c100	sample	0	0-SRR5935785	bases	2535866229
20261008-064058-4a8f57c-d64a-n16-r12	12	c100	sample	0	0-SRR5935785	classified	12277050
20261008-064058-4a8f57c-d64a-n16-r12	12	c100	sample	0	0-SRR5935785	place	lpt
20261008-064058-4a8f57c-d64a-n16-r12	12	c100	sample	0	0-SRR5935785	weight	13817496
20261008-064058-4a8f57c-d64a-n16-r12	12	c100	engine.mem			t_s	105.1
20261008-064058-4a8f57c-d64a-n16-r12	12	c100	engine.mem			rss_kib	77699584
20261008-064058-4a8f57c-d64a-n16-r12	12	c100	engine.mem			hwm_kib	78758436
20261008-064058-4a8f57c-d64a-n16-r12	12	c100	engine.mem			heap_inuse	3438297088
20261008-064058-4a8f57c-d64a-n16-r12	12	c100	engine.mem			sys	6437888120
20261008-064058-4a8f57c-d64a-n16-r12	12	c100	engine.mem			avail_kib	49323300
20261008-064058-4a8f57c-d64a-n16-r12	12	c100	sample	0	0-SRR5935765	mode	parallel
20261008-064058-4a8f57c-d64a-n16-r12	12	c100	sample	0	0-SRR5935765	s3client	sdk
20261008-064058-4a8f57c-d64a-n16-r12	12	c100	sample	0	0-SRR5935765	rank	12
20261008-064058-4a8f57c-d64a-n16-r12	12	c100	sample	0	0-SRR5935765	role	home
20261008-064058-4a8f57c-d64a-n16-r12	12	c100	sample	0	0-SRR5935765	inflight	1
20261008-064058-4a8f57c-d64a-n16-r12	12	c100	sample	0	0-SRR5935765	threads	16
20261008-064058-4a8f57c-d64a-n16-r12	12	c100	sample	0	0-SRR5935765	start_s	103.822517
20261008-064058-4a8f57c-d64a-n16-r12	12	c100	sample	0	0-SRR5935765	wall_s	11.622198
20261008-064058-4a8f57c-d64a-n16-r12	12	c100	sample	0	0-SRR5935765	setup_s	0.000073
20261008-064058-4a8f57c-d64a-n16-r12	12	c100	sample	0	0-SRR5935765	classify_s	11.168414
20261008-064058-4a8f57c-d64a-n16-r12	12	c100	sample	0	0-SRR5935765	close_s	0.234092
20261008-064058-4a8f57c-d64a-n16-r12	12	c100	sample	0	0-SRR5935765	report_s	0.212337
20261008-064058-4a8f57c-d64a-n16-r12	12	c100	sample	0	0-SRR5935765	status	0
20261008-064058-4a8f57c-d64a-n16-r12	12	c100	sample	0	0-SRR5935765	sequences	10590116
20261008-064058-4a8f57c-d64a-n16-r12	12	c100	sample	0	0-SRR5935765	bases	1935908855
20261008-064058-4a8f57c-d64a-n16-r12	12	c100	sample	0	0-SRR5935765	classified	10426493
20261008-064058-4a8f57c-d64a-n16-r12	12	c100	sample	0	0-SRR5935765	place	lpt
20261008-064058-4a8f57c-d64a-n16-r12	12	c100	sample	0	0-SRR5935765	weight	10590116
20261008-064058-4a8f57c-d64a-n16-r12	12	c100	engine.mem			t_s	120.1
20261008-064058-4a8f57c-d64a-n16-r12	12	c100	engine.mem			rss_kib	78234628
20261008-064058-4a8f57c-d64a-n16-r12	12	c100	engine.mem			hwm_kib	78758436
20261008-064058-4a8f57c-d64a-n16-r12	12	c100	engine.mem			heap_inuse	3233488896
20261008-064058-4a8f57c-d64a-n16-r12	12	c100	engine.mem			sys	6437888120
20261008-064058-4a8f57c-d64a-n16-r12	12	c100	engine.mem			avail_kib	49189112
20261008-064058-4a8f57c-d64a-n16-r12	12	c100	sample	0	0-SRR5935811	mode	parallel
20261008-064058-4a8f57c-d64a-n16-r12	12	c100	sample	0	0-SRR5935811	s3client	sdk
20261008-064058-4a8f57c-d64a-n16-r12	12	c100	sample	0	0-SRR5935811	rank	12
20261008-064058-4a8f57c-d64a-n16-r12	12	c100	sample	0	0-SRR5935811	role	home
20261008-064058-4a8f57c-d64a-n16-r12	12	c100	sample	0	0-SRR5935811	inflight	1
20261008-064058-4a8f57c-d64a-n16-r12	12	c100	sample	0	0-SRR5935811	threads	16
20261008-064058-4a8f57c-d64a-n16-r12	12	c100	sample	0	0-SRR5935811	start_s	115.444742
20261008-064058-4a8f57c-d64a-n16-r12	12	c100	sample	0	0-SRR5935811	wall_s	10.942302
20261008-064058-4a8f57c-d64a-n16-r12	12	c100	sample	0	0-SRR5935811	setup_s	0.000064
20261008-064058-4a8f57c-d64a-n16-r12	12	c100	sample	0	0-SRR5935811	classify_s	10.596684
20261008-064058-4a8f57c-d64a-n16-r12	12	c100	sample	0	0-SRR5935811	close_s	0.200832
20261008-064058-4a8f57c-d64a-n16-r12	12	c100	sample	0	0-SRR5935811	report_s	0.138288
20261008-064058-4a8f57c-d64a-n16-r12	12	c100	sample	0	0-SRR5935811	status	0
20261008-064058-4a8f57c-d64a-n16-r12	12	c100	sample	0	0-SRR5935811	sequences	10067025
20261008-064058-4a8f57c-d64a-n16-r12	12	c100	sample	0	0-SRR5935811	bases	1870494351
20261008-064058-4a8f57c-d64a-n16-r12	12	c100	sample	0	0-SRR5935811	classified	9884918
20261008-064058-4a8f57c-d64a-n16-r12	12	c100	sample	0	0-SRR5935811	place	lpt
20261008-064058-4a8f57c-d64a-n16-r12	12	c100	sample	0	0-SRR5935811	weight	10067025
20261008-064058-4a8f57c-d64a-n16-r12	12	c100	sample	0	0-SRR5935793	mode	parallel
20261008-064058-4a8f57c-d64a-n16-r12	12	c100	sample	0	0-SRR5935793	s3client	sdk
20261008-064058-4a8f57c-d64a-n16-r12	12	c100	sample	0	0-SRR5935793	rank	12
20261008-064058-4a8f57c-d64a-n16-r12	12	c100	sample	0	0-SRR5935793	role	home
20261008-064058-4a8f57c-d64a-n16-r12	12	c100	sample	0	0-SRR5935793	inflight	1
20261008-064058-4a8f57c-d64a-n16-r12	12	c100	sample	0	0-SRR5935793	threads	16
20261008-064058-4a8f57c-d64a-n16-r12	12	c100	sample	0	0-SRR5935793	start_s	126.387074
20261008-064058-4a8f57c-d64a-n16-r12	12	c100	sample	0	0-SRR5935793	wall_s	2.747468
20261008-064058-4a8f57c-d64a-n16-r12	12	c100	sample	0	0-SRR5935793	setup_s	0.000067
20261008-064058-4a8f57c-d64a-n16-r12	12	c100	sample	0	0-SRR5935793	classify_s	2.305537
20261008-064058-4a8f57c-d64a-n16-r12	12	c100	sample	0	0-SRR5935793	close_s	0.209164
20261008-064058-4a8f57c-d64a-n16-r12	12	c100	sample	0	0-SRR5935793	report_s	0.224943
20261008-064058-4a8f57c-d64a-n16-r12	12	c100	sample	0	0-SRR5935793	status	0
20261008-064058-4a8f57c-d64a-n16-r12	12	c100	sample	0	0-SRR5935793	sequences	1771479
20261008-064058-4a8f57c-d64a-n16-r12	12	c100	sample	0	0-SRR5935793	bases	333187068
20261008-064058-4a8f57c-d64a-n16-r12	12	c100	sample	0	0-SRR5935793	classified	1476454
20261008-064058-4a8f57c-d64a-n16-r12	12	c100	sample	0	0-SRR5935793	place	lpt
20261008-064058-4a8f57c-d64a-n16-r12	12	c100	sample	0	0-SRR5935793	weight	1771479
20261008-064058-4a8f57c-d64a-n16-r12	12	c100	sample	0	0-SRR5935821	mode	parallel
20261008-064058-4a8f57c-d64a-n16-r12	12	c100	sample	0	0-SRR5935821	s3client	sdk
20261008-064058-4a8f57c-d64a-n16-r12	12	c100	sample	0	0-SRR5935821	rank	12
20261008-064058-4a8f57c-d64a-n16-r12	12	c100	sample	0	0-SRR5935821	role	home
20261008-064058-4a8f57c-d64a-n16-r12	12	c100	sample	0	0-SRR5935821	inflight	1
20261008-064058-4a8f57c-d64a-n16-r12	12	c100	sample	0	0-SRR5935821	threads	16
20261008-064058-4a8f57c-d64a-n16-r12	12	c100	sample	0	0-SRR5935821	start_s	129.134567
20261008-064058-4a8f57c-d64a-n16-r12	12	c100	sample	0	0-SRR5935821	wall_s	0.984708
20261008-064058-4a8f57c-d64a-n16-r12	12	c100	sample	0	0-SRR5935821	setup_s	0.000068
20261008-064058-4a8f57c-d64a-n16-r12	12	c100	sample	0	0-SRR5935821	classify_s	0.596805
20261008-064058-4a8f57c-d64a-n16-r12	12	c100	sample	0	0-SRR5935821	close_s	0.256045
20261008-064058-4a8f57c-d64a-n16-r12	12	c100	sample	0	0-SRR5935821	report_s	0.130650
20261008-064058-4a8f57c-d64a-n16-r12	12	c100	sample	0	0-SRR5935821	status	0
20261008-064058-4a8f57c-d64a-n16-r12	12	c100	sample	0	0-SRR5935821	sequences	297656
20261008-064058-4a8f57c-d64a-n16-r12	12	c100	sample	0	0-SRR5935821	bases	54176352
20261008-064058-4a8f57c-d64a-n16-r12	12	c100	sample	0	0-SRR5935821	classified	290837
20261008-064058-4a8f57c-d64a-n16-r12	12	c100	sample	0	0-SRR5935821	place	lpt
20261008-064058-4a8f57c-d64a-n16-r12	12	c100	sample	0	0-SRR5935821	weight	297656
20261008-064058-4a8f57c-d64a-n16-r12	12	c100	phase			batch-barrier-0	4.656728
20261008-064058-4a8f57c-d64a-n16-r12	12	c100	phase			batch-barrier-0.start_s	130.119300
20261008-064058-4a8f57c-d64a-n16-r12	12	c100	engine.mem			t_s	135.1
20261008-064058-4a8f57c-d64a-n16-r12	12	c100	engine.mem			rss_kib	76063800
20261008-064058-4a8f57c-d64a-n16-r12	12	c100	engine.mem			hwm_kib	78758436
20261008-064058-4a8f57c-d64a-n16-r12	12	c100	engine.mem			heap_inuse	1604648960
20261008-064058-4a8f57c-d64a-n16-r12	12	c100	engine.mem			sys	6446932088
20261008-064058-4a8f57c-d64a-n16-r12	12	c100	engine.mem			avail_kib	51262704
20261008-064058-4a8f57c-d64a-n16-r12	12	c100	engine.mem			t_s	150.1
20261008-064058-4a8f57c-d64a-n16-r12	12	c100	engine.mem			rss_kib	78652412
20261008-064058-4a8f57c-d64a-n16-r12	12	c100	engine.mem			hwm_kib	78758436
20261008-064058-4a8f57c-d64a-n16-r12	12	c100	engine.mem			heap_inuse	3007299584
20261008-064058-4a8f57c-d64a-n16-r12	12	c100	engine.mem			sys	6518370440
20261008-064058-4a8f57c-d64a-n16-r12	12	c100	engine.mem			avail_kib	48895540
20261008-064058-4a8f57c-d64a-n16-r12	12	c100	sample	1	1-SRR5935752	mode	parallel
20261008-064058-4a8f57c-d64a-n16-r12	12	c100	sample	1	1-SRR5935752	s3client	sdk
20261008-064058-4a8f57c-d64a-n16-r12	12	c100	sample	1	1-SRR5935752	rank	12
20261008-064058-4a8f57c-d64a-n16-r12	12	c100	sample	1	1-SRR5935752	role	home
20261008-064058-4a8f57c-d64a-n16-r12	12	c100	sample	1	1-SRR5935752	inflight	1
20261008-064058-4a8f57c-d64a-n16-r12	12	c100	sample	1	1-SRR5935752	threads	16
20261008-064058-4a8f57c-d64a-n16-r12	12	c100	sample	1	1-SRR5935752	start_s	134.776057
20261008-064058-4a8f57c-d64a-n16-r12	12	c100	sample	1	1-SRR5935752	wall_s	15.614057
20261008-064058-4a8f57c-d64a-n16-r12	12	c100	sample	1	1-SRR5935752	setup_s	0.000079
20261008-064058-4a8f57c-d64a-n16-r12	12	c100	sample	1	1-SRR5935752	classify_s	15.229412
20261008-064058-4a8f57c-d64a-n16-r12	12	c100	sample	1	1-SRR5935752	close_s	0.220631
20261008-064058-4a8f57c-d64a-n16-r12	12	c100	sample	1	1-SRR5935752	report_s	0.159736
20261008-064058-4a8f57c-d64a-n16-r12	12	c100	sample	1	1-SRR5935752	status	0
20261008-064058-4a8f57c-d64a-n16-r12	12	c100	sample	1	1-SRR5935752	sequences	14298074
20261008-064058-4a8f57c-d64a-n16-r12	12	c100	sample	1	1-SRR5935752	bases	2663280360
20261008-064058-4a8f57c-d64a-n16-r12	12	c100	sample	1	1-SRR5935752	classified	14234512
20261008-064058-4a8f57c-d64a-n16-r12	12	c100	sample	1	1-SRR5935752	place	mod
20261008-064058-4a8f57c-d64a-n16-r12	12	c100	sample	1	1-SRR5935752	weight	14298074
20261008-064058-4a8f57c-d64a-n16-r12	12	c100	engine.mem			t_s	165.1
20261008-064058-4a8f57c-d64a-n16-r12	12	c100	engine.mem			rss_kib	79041584
20261008-064058-4a8f57c-d64a-n16-r12	12	c100	engine.mem			hwm_kib	79271552
20261008-064058-4a8f57c-d64a-n16-r12	12	c100	engine.mem			heap_inuse	5487992832
20261008-064058-4a8f57c-d64a-n16-r12	12	c100	engine.mem			sys	7084978440
20261008-064058-4a8f57c-d64a-n16-r12	12	c100	engine.mem			avail_kib	48211532
20261008-064058-4a8f57c-d64a-n16-r12	12	c100	sample	1	1-SRR5935768	mode	parallel
20261008-064058-4a8f57c-d64a-n16-r12	12	c100	sample	1	1-SRR5935768	s3client	sdk
20261008-064058-4a8f57c-d64a-n16-r12	12	c100	sample	1	1-SRR5935768	rank	12
20261008-064058-4a8f57c-d64a-n16-r12	12	c100	sample	1	1-SRR5935768	role	home
20261008-064058-4a8f57c-d64a-n16-r12	12	c100	sample	1	1-SRR5935768	inflight	1
20261008-064058-4a8f57c-d64a-n16-r12	12	c100	sample	1	1-SRR5935768	threads	16
20261008-064058-4a8f57c-d64a-n16-r12	12	c100	sample	1	1-SRR5935768	start_s	150.390155
20261008-064058-4a8f57c-d64a-n16-r12	12	c100	sample	1	1-SRR5935768	wall_s	16.726480
20261008-064058-4a8f57c-d64a-n16-r12	12	c100	sample	1	1-SRR5935768	setup_s	0.000073
20261008-064058-4a8f57c-d64a-n16-r12	12	c100	sample	1	1-SRR5935768	classify_s	16.275152
20261008-064058-4a8f57c-d64a-n16-r12	12	c100	sample	1	1-SRR5935768	close_s	0.253688
20261008-064058-4a8f57c-d64a-n16-r12	12	c100	sample	1	1-SRR5935768	report_s	0.181511
20261008-064058-4a8f57c-d64a-n16-r12	12	c100	sample	1	1-SRR5935768	status	0
20261008-064058-4a8f57c-d64a-n16-r12	12	c100	sample	1	1-SRR5935768	sequences	15746753
20261008-064058-4a8f57c-d64a-n16-r12	12	c100	sample	1	1-SRR5935768	bases	2888337209
20261008-064058-4a8f57c-d64a-n16-r12	12	c100	sample	1	1-SRR5935768	classified	14105631
20261008-064058-4a8f57c-d64a-n16-r12	12	c100	sample	1	1-SRR5935768	place	mod
20261008-064058-4a8f57c-d64a-n16-r12	12	c100	sample	1	1-SRR5935768	weight	15746753
20261008-064058-4a8f57c-d64a-n16-r12	12	c100	engine.mem			t_s	180.1
20261008-064058-4a8f57c-d64a-n16-r12	12	c100	engine.mem			rss_kib	79035348
20261008-064058-4a8f57c-d64a-n16-r12	12	c100	engine.mem			hwm_kib	79350632
20261008-064058-4a8f57c-d64a-n16-r12	12	c100	engine.mem			heap_inuse	4553981952
20261008-064058-4a8f57c-d64a-n16-r12	12	c100	engine.mem			sys	7219335464
20261008-064058-4a8f57c-d64a-n16-r12	12	c100	engine.mem			avail_kib	48153404
20261008-064058-4a8f57c-d64a-n16-r12	12	c100	sample	1	1-SRR5935784	mode	parallel
20261008-064058-4a8f57c-d64a-n16-r12	12	c100	sample	1	1-SRR5935784	s3client	sdk
20261008-064058-4a8f57c-d64a-n16-r12	12	c100	sample	1	1-SRR5935784	rank	12
20261008-064058-4a8f57c-d64a-n16-r12	12	c100	sample	1	1-SRR5935784	role	home
20261008-064058-4a8f57c-d64a-n16-r12	12	c100	sample	1	1-SRR5935784	inflight	1
20261008-064058-4a8f57c-d64a-n16-r12	12	c100	sample	1	1-SRR5935784	threads	16
20261008-064058-4a8f57c-d64a-n16-r12	12	c100	sample	1	1-SRR5935784	start_s	167.116665
20261008-064058-4a8f57c-d64a-n16-r12	12	c100	sample	1	1-SRR5935784	wall_s	16.422619
20261008-064058-4a8f57c-d64a-n16-r12	12	c100	sample	1	1-SRR5935784	setup_s	0.000068
20261008-064058-4a8f57c-d64a-n16-r12	12	c100	sample	1	1-SRR5935784	classify_s	15.863907
20261008-064058-4a8f57c-d64a-n16-r12	12	c100	sample	1	1-SRR5935784	close_s	0.358386
20261008-064058-4a8f57c-d64a-n16-r12	12	c100	sample	1	1-SRR5935784	report_s	0.191669
20261008-064058-4a8f57c-d64a-n16-r12	12	c100	sample	1	1-SRR5935784	status	0
20261008-064058-4a8f57c-d64a-n16-r12	12	c100	sample	1	1-SRR5935784	sequences	14800056
20261008-064058-4a8f57c-d64a-n16-r12	12	c100	sample	1	1-SRR5935784	bases	2772790740
20261008-064058-4a8f57c-d64a-n16-r12	12	c100	sample	1	1-SRR5935784	classified	14536791
20261008-064058-4a8f57c-d64a-n16-r12	12	c100	sample	1	1-SRR5935784	place	mod
20261008-064058-4a8f57c-d64a-n16-r12	12	c100	sample	1	1-SRR5935784	weight	14800056
20261008-064058-4a8f57c-d64a-n16-r12	12	c100	engine.mem			t_s	195.1
20261008-064058-4a8f57c-d64a-n16-r12	12	c100	engine.mem			rss_kib	78899576
20261008-064058-4a8f57c-d64a-n16-r12	12	c100	engine.mem			hwm_kib	79350632
20261008-064058-4a8f57c-d64a-n16-r12	12	c100	engine.mem			heap_inuse	4632657920
20261008-064058-4a8f57c-d64a-n16-r12	12	c100	engine.mem			sys	7219368232
20261008-064058-4a8f57c-d64a-n16-r12	12	c100	engine.mem			avail_kib	48275280
20261008-064058-4a8f57c-d64a-n16-r12	12	c100	sample	1	1-SRR5935800	mode	parallel
20261008-064058-4a8f57c-d64a-n16-r12	12	c100	sample	1	1-SRR5935800	s3client	sdk
20261008-064058-4a8f57c-d64a-n16-r12	12	c100	sample	1	1-SRR5935800	rank	12
20261008-064058-4a8f57c-d64a-n16-r12	12	c100	sample	1	1-SRR5935800	role	home
20261008-064058-4a8f57c-d64a-n16-r12	12	c100	sample	1	1-SRR5935800	inflight	1
20261008-064058-4a8f57c-d64a-n16-r12	12	c100	sample	1	1-SRR5935800	threads	16
20261008-064058-4a8f57c-d64a-n16-r12	12	c100	sample	1	1-SRR5935800	start_s	183.539313
20261008-064058-4a8f57c-d64a-n16-r12	12	c100	sample	1	1-SRR5935800	wall_s	16.172870
20261008-064058-4a8f57c-d64a-n16-r12	12	c100	sample	1	1-SRR5935800	setup_s	0.000072
20261008-064058-4a8f57c-d64a-n16-r12	12	c100	sample	1	1-SRR5935800	classify_s	15.748909
20261008-064058-4a8f57c-d64a-n16-r12	12	c100	sample	1	1-SRR5935800	close_s	0.256736
20261008-064058-4a8f57c-d64a-n16-r12	12	c100	sample	1	1-SRR5935800	report_s	0.159011
20261008-064058-4a8f57c-d64a-n16-r12	12	c100	sample	1	1-SRR5935800	status	0
20261008-064058-4a8f57c-d64a-n16-r12	12	c100	sample	1	1-SRR5935800	sequences	15080696
20261008-064058-4a8f57c-d64a-n16-r12	12	c100	sample	1	1-SRR5935800	bases	2770846238
20261008-064058-4a8f57c-d64a-n16-r12	12	c100	sample	1	1-SRR5935800	classified	14478381
20261008-064058-4a8f57c-d64a-n16-r12	12	c100	sample	1	1-SRR5935800	place	mod
20261008-064058-4a8f57c-d64a-n16-r12	12	c100	sample	1	1-SRR5935800	weight	15080696
20261008-064058-4a8f57c-d64a-n16-r12	12	c100	engine.mem			t_s	210.1
20261008-064058-4a8f57c-d64a-n16-r12	12	c100	engine.mem			rss_kib	79007828
20261008-064058-4a8f57c-d64a-n16-r12	12	c100	engine.mem			hwm_kib	79350632
20261008-064058-4a8f57c-d64a-n16-r12	12	c100	engine.mem			heap_inuse	4572323840
20261008-064058-4a8f57c-d64a-n16-r12	12	c100	engine.mem			sys	7219958056
20261008-064058-4a8f57c-d64a-n16-r12	12	c100	engine.mem			avail_kib	47879960
20261008-064058-4a8f57c-d64a-n16-r12	12	c100	sample	1	1-SRR5935816	mode	parallel
20261008-064058-4a8f57c-d64a-n16-r12	12	c100	sample	1	1-SRR5935816	s3client	sdk
20261008-064058-4a8f57c-d64a-n16-r12	12	c100	sample	1	1-SRR5935816	rank	12
20261008-064058-4a8f57c-d64a-n16-r12	12	c100	sample	1	1-SRR5935816	role	home
20261008-064058-4a8f57c-d64a-n16-r12	12	c100	sample	1	1-SRR5935816	inflight	1
20261008-064058-4a8f57c-d64a-n16-r12	12	c100	sample	1	1-SRR5935816	threads	16
20261008-064058-4a8f57c-d64a-n16-r12	12	c100	sample	1	1-SRR5935816	start_s	199.712211
20261008-064058-4a8f57c-d64a-n16-r12	12	c100	sample	1	1-SRR5935816	wall_s	12.943608
20261008-064058-4a8f57c-d64a-n16-r12	12	c100	sample	1	1-SRR5935816	setup_s	0.000077
20261008-064058-4a8f57c-d64a-n16-r12	12	c100	sample	1	1-SRR5935816	classify_s	12.434009
20261008-064058-4a8f57c-d64a-n16-r12	12	c100	sample	1	1-SRR5935816	close_s	0.371864
20261008-064058-4a8f57c-d64a-n16-r12	12	c100	sample	1	1-SRR5935816	report_s	0.130580
20261008-064058-4a8f57c-d64a-n16-r12	12	c100	sample	1	1-SRR5935816	status	0
20261008-064058-4a8f57c-d64a-n16-r12	12	c100	sample	1	1-SRR5935816	sequences	12244248
20261008-064058-4a8f57c-d64a-n16-r12	12	c100	sample	1	1-SRR5935816	bases	2292238030
20261008-064058-4a8f57c-d64a-n16-r12	12	c100	sample	1	1-SRR5935816	classified	11933067
20261008-064058-4a8f57c-d64a-n16-r12	12	c100	sample	1	1-SRR5935816	place	mod
20261008-064058-4a8f57c-d64a-n16-r12	12	c100	sample	1	1-SRR5935816	weight	12244248
20261008-064058-4a8f57c-d64a-n16-r12	12	c100	sample	1	1-SRR5935832	mode	parallel
20261008-064058-4a8f57c-d64a-n16-r12	12	c100	sample	1	1-SRR5935832	s3client	sdk
20261008-064058-4a8f57c-d64a-n16-r12	12	c100	sample	1	1-SRR5935832	rank	12
20261008-064058-4a8f57c-d64a-n16-r12	12	c100	sample	1	1-SRR5935832	role	home
20261008-064058-4a8f57c-d64a-n16-r12	12	c100	sample	1	1-SRR5935832	inflight	1
20261008-064058-4a8f57c-d64a-n16-r12	12	c100	sample	1	1-SRR5935832	threads	16
20261008-064058-4a8f57c-d64a-n16-r12	12	c100	sample	1	1-SRR5935832	start_s	212.655846
20261008-064058-4a8f57c-d64a-n16-r12	12	c100	sample	1	1-SRR5935832	wall_s	6.926704
20261008-064058-4a8f57c-d64a-n16-r12	12	c100	sample	1	1-SRR5935832	setup_s	0.000064
20261008-064058-4a8f57c-d64a-n16-r12	12	c100	sample	1	1-SRR5935832	classify_s	6.557334
20261008-064058-4a8f57c-d64a-n16-r12	12	c100	sample	1	1-SRR5935832	close_s	0.233948
20261008-064058-4a8f57c-d64a-n16-r12	12	c100	sample	1	1-SRR5935832	report_s	0.128576
20261008-064058-4a8f57c-d64a-n16-r12	12	c100	sample	1	1-SRR5935832	status	0
20261008-064058-4a8f57c-d64a-n16-r12	12	c100	sample	1	1-SRR5935832	sequences	6882441
20261008-064058-4a8f57c-d64a-n16-r12	12	c100	sample	1	1-SRR5935832	bases	1244786679
20261008-064058-4a8f57c-d64a-n16-r12	12	c100	sample	1	1-SRR5935832	classified	6619730
20261008-064058-4a8f57c-d64a-n16-r12	12	c100	sample	1	1-SRR5935832	place	mod
20261008-064058-4a8f57c-d64a-n16-r12	12	c100	sample	1	1-SRR5935832	weight	6882441
20261008-064058-4a8f57c-d64a-n16-r12	12	c100	phase			batch-barrier-1	5.162973
20261008-064058-4a8f57c-d64a-n16-r12	12	c100	phase			batch-barrier-1.start_s	219.582574
20261008-064058-4a8f57c-d64a-n16-r12	12	c100	engine.mem			t_s	225.1
20261008-064058-4a8f57c-d64a-n16-r12	12	c100	engine.mem			rss_kib	78964400
20261008-064058-4a8f57c-d64a-n16-r12	12	c100	engine.mem			hwm_kib	79350632
20261008-064058-4a8f57c-d64a-n16-r12	12	c100	engine.mem			heap_inuse	3023585280
20261008-064058-4a8f57c-d64a-n16-r12	12	c100	engine.mem			sys	7219958056
20261008-064058-4a8f57c-d64a-n16-r12	12	c100	engine.mem			avail_kib	48361128
20261008-064058-4a8f57c-d64a-n16-r12	12	c100	engine.mem			t_s	240.2
20261008-064058-4a8f57c-d64a-n16-r12	12	c100	engine.mem			rss_kib	78874780
20261008-064058-4a8f57c-d64a-n16-r12	12	c100	engine.mem			hwm_kib	79350632
20261008-064058-4a8f57c-d64a-n16-r12	12	c100	engine.mem			heap_inuse	3507650560
20261008-064058-4a8f57c-d64a-n16-r12	12	c100	engine.mem			sys	7219958056
20261008-064058-4a8f57c-d64a-n16-r12	12	c100	engine.mem			avail_kib	48625640
20261008-064058-4a8f57c-d64a-n16-r12	12	c100	sample	2	2-SRR5935757	mode	parallel
20261008-064058-4a8f57c-d64a-n16-r12	12	c100	sample	2	2-SRR5935757	s3client	sdk
20261008-064058-4a8f57c-d64a-n16-r12	12	c100	sample	2	2-SRR5935757	rank	12
20261008-064058-4a8f57c-d64a-n16-r12	12	c100	sample	2	2-SRR5935757	role	home
20261008-064058-4a8f57c-d64a-n16-r12	12	c100	sample	2	2-SRR5935757	inflight	1
20261008-064058-4a8f57c-d64a-n16-r12	12	c100	sample	2	2-SRR5935757	threads	16
20261008-064058-4a8f57c-d64a-n16-r12	12	c100	sample	2	2-SRR5935757	start_s	224.745598
20261008-064058-4a8f57c-d64a-n16-r12	12	c100	sample	2	2-SRR5935757	wall_s	17.890089
20261008-064058-4a8f57c-d64a-n16-r12	12	c100	sample	2	2-SRR5935757	setup_s	0.000053
20261008-064058-4a8f57c-d64a-n16-r12	12	c100	sample	2	2-SRR5935757	classify_s	17.434636
20261008-064058-4a8f57c-d64a-n16-r12	12	c100	sample	2	2-SRR5935757	close_s	0.258078
20261008-064058-4a8f57c-d64a-n16-r12	12	c100	sample	2	2-SRR5935757	report_s	0.181020
20261008-064058-4a8f57c-d64a-n16-r12	12	c100	sample	2	2-SRR5935757	status	0
20261008-064058-4a8f57c-d64a-n16-r12	12	c100	sample	2	2-SRR5935757	sequences	16286650
20261008-064058-4a8f57c-d64a-n16-r12	12	c100	sample	2	2-SRR5935757	bases	3018354004
20261008-064058-4a8f57c-d64a-n16-r12	12	c100	sample	2	2-SRR5935757	classified	15278935
20261008-064058-4a8f57c-d64a-n16-r12	12	c100	sample	2	2-SRR5935757	place	lpt
20261008-064058-4a8f57c-d64a-n16-r12	12	c100	sample	2	2-SRR5935757	weight	16286650
20261008-064058-4a8f57c-d64a-n16-r12	12	c100	engine.mem			t_s	255.2
20261008-064058-4a8f57c-d64a-n16-r12	12	c100	engine.mem			rss_kib	78581740
20261008-064058-4a8f57c-d64a-n16-r12	12	c100	engine.mem			hwm_kib	79350632
20261008-064058-4a8f57c-d64a-n16-r12	12	c100	engine.mem			heap_inuse	4142661632
20261008-064058-4a8f57c-d64a-n16-r12	12	c100	engine.mem			sys	7219958056
20261008-064058-4a8f57c-d64a-n16-r12	12	c100	engine.mem			avail_kib	48965084
20261008-064058-4a8f57c-d64a-n16-r12	12	c100	sample	2	2-SRR5935759	mode	parallel
20261008-064058-4a8f57c-d64a-n16-r12	12	c100	sample	2	2-SRR5935759	s3client	sdk
20261008-064058-4a8f57c-d64a-n16-r12	12	c100	sample	2	2-SRR5935759	rank	12
20261008-064058-4a8f57c-d64a-n16-r12	12	c100	sample	2	2-SRR5935759	role	home
20261008-064058-4a8f57c-d64a-n16-r12	12	c100	sample	2	2-SRR5935759	inflight	1
20261008-064058-4a8f57c-d64a-n16-r12	12	c100	sample	2	2-SRR5935759	threads	16
20261008-064058-4a8f57c-d64a-n16-r12	12	c100	sample	2	2-SRR5935759	start_s	242.635712
20261008-064058-4a8f57c-d64a-n16-r12	12	c100	sample	2	2-SRR5935759	wall_s	16.489990
20261008-064058-4a8f57c-d64a-n16-r12	12	c100	sample	2	2-SRR5935759	setup_s	0.000062
20261008-064058-4a8f57c-d64a-n16-r12	12	c100	sample	2	2-SRR5935759	classify_s	16.039016
20261008-064058-4a8f57c-d64a-n16-r12	12	c100	sample	2	2-SRR5935759	close_s	0.265606
20261008-064058-4a8f57c-d64a-n16-r12	12	c100	sample	2	2-SRR5935759	report_s	0.172629
20261008-064058-4a8f57c-d64a-n16-r12	12	c100	sample	2	2-SRR5935759	status	0
20261008-064058-4a8f57c-d64a-n16-r12	12	c100	sample	2	2-SRR5935759	sequences	15312868
20261008-064058-4a8f57c-d64a-n16-r12	12	c100	sample	2	2-SRR5935759	bases	2847175138
20261008-064058-4a8f57c-d64a-n16-r12	12	c100	sample	2	2-SRR5935759	classified	13152387
20261008-064058-4a8f57c-d64a-n16-r12	12	c100	sample	2	2-SRR5935759	place	lpt
20261008-064058-4a8f57c-d64a-n16-r12	12	c100	sample	2	2-SRR5935759	weight	15312868
20261008-064058-4a8f57c-d64a-n16-r12	12	c100	engine.mem			t_s	270.2
20261008-064058-4a8f57c-d64a-n16-r12	12	c100	engine.mem			rss_kib	78700416
20261008-064058-4a8f57c-d64a-n16-r12	12	c100	engine.mem			hwm_kib	79350632
20261008-064058-4a8f57c-d64a-n16-r12	12	c100	engine.mem			heap_inuse	5476900864
20261008-064058-4a8f57c-d64a-n16-r12	12	c100	engine.mem			sys	7219958056
20261008-064058-4a8f57c-d64a-n16-r12	12	c100	engine.mem			avail_kib	48591600
20261008-064058-4a8f57c-d64a-n16-r12	12	c100	sample	2	2-SRR5935785	mode	parallel
20261008-064058-4a8f57c-d64a-n16-r12	12	c100	sample	2	2-SRR5935785	s3client	sdk
20261008-064058-4a8f57c-d64a-n16-r12	12	c100	sample	2	2-SRR5935785	rank	12
20261008-064058-4a8f57c-d64a-n16-r12	12	c100	sample	2	2-SRR5935785	role	home
20261008-064058-4a8f57c-d64a-n16-r12	12	c100	sample	2	2-SRR5935785	inflight	1
20261008-064058-4a8f57c-d64a-n16-r12	12	c100	sample	2	2-SRR5935785	threads	16
20261008-064058-4a8f57c-d64a-n16-r12	12	c100	sample	2	2-SRR5935785	start_s	259.125731
20261008-064058-4a8f57c-d64a-n16-r12	12	c100	sample	2	2-SRR5935785	wall_s	15.050505
20261008-064058-4a8f57c-d64a-n16-r12	12	c100	sample	2	2-SRR5935785	setup_s	0.000056
20261008-064058-4a8f57c-d64a-n16-r12	12	c100	sample	2	2-SRR5935785	classify_s	14.589131
20261008-064058-4a8f57c-d64a-n16-r12	12	c100	sample	2	2-SRR5935785	close_s	0.216835
20261008-064058-4a8f57c-d64a-n16-r12	12	c100	sample	2	2-SRR5935785	report_s	0.227529
20261008-064058-4a8f57c-d64a-n16-r12	12	c100	sample	2	2-SRR5935785	status	0
20261008-064058-4a8f57c-d64a-n16-r12	12	c100	sample	2	2-SRR5935785	sequences	13817496
20261008-064058-4a8f57c-d64a-n16-r12	12	c100	sample	2	2-SRR5935785	bases	2535866229
20261008-064058-4a8f57c-d64a-n16-r12	12	c100	sample	2	2-SRR5935785	classified	12277050
20261008-064058-4a8f57c-d64a-n16-r12	12	c100	sample	2	2-SRR5935785	place	lpt
20261008-064058-4a8f57c-d64a-n16-r12	12	c100	sample	2	2-SRR5935785	weight	13817496
20261008-064058-4a8f57c-d64a-n16-r12	12	c100	engine.mem			t_s	285.2
20261008-064058-4a8f57c-d64a-n16-r12	12	c100	engine.mem			rss_kib	79012552
20261008-064058-4a8f57c-d64a-n16-r12	12	c100	engine.mem			hwm_kib	79350632
20261008-064058-4a8f57c-d64a-n16-r12	12	c100	engine.mem			heap_inuse	5330706432
20261008-064058-4a8f57c-d64a-n16-r12	12	c100	engine.mem			sys	7219958056
20261008-064058-4a8f57c-d64a-n16-r12	12	c100	engine.mem			avail_kib	48095384
20261008-064058-4a8f57c-d64a-n16-r12	12	c100	sample	2	2-SRR5935765	mode	parallel
20261008-064058-4a8f57c-d64a-n16-r12	12	c100	sample	2	2-SRR5935765	s3client	sdk
20261008-064058-4a8f57c-d64a-n16-r12	12	c100	sample	2	2-SRR5935765	rank	12
20261008-064058-4a8f57c-d64a-n16-r12	12	c100	sample	2	2-SRR5935765	role	home
20261008-064058-4a8f57c-d64a-n16-r12	12	c100	sample	2	2-SRR5935765	inflight	1
20261008-064058-4a8f57c-d64a-n16-r12	12	c100	sample	2	2-SRR5935765	threads	16
20261008-064058-4a8f57c-d64a-n16-r12	12	c100	sample	2	2-SRR5935765	start_s	274.176262
20261008-064058-4a8f57c-d64a-n16-r12	12	c100	sample	2	2-SRR5935765	wall_s	11.596641
20261008-064058-4a8f57c-d64a-n16-r12	12	c100	sample	2	2-SRR5935765	setup_s	0.000065
20261008-064058-4a8f57c-d64a-n16-r12	12	c100	sample	2	2-SRR5935765	classify_s	11.224198
20261008-064058-4a8f57c-d64a-n16-r12	12	c100	sample	2	2-SRR5935765	close_s	0.222454
20261008-064058-4a8f57c-d64a-n16-r12	12	c100	sample	2	2-SRR5935765	report_s	0.143899
20261008-064058-4a8f57c-d64a-n16-r12	12	c100	sample	2	2-SRR5935765	status	0
20261008-064058-4a8f57c-d64a-n16-r12	12	c100	sample	2	2-SRR5935765	sequences	10590116
20261008-064058-4a8f57c-d64a-n16-r12	12	c100	sample	2	2-SRR5935765	bases	1935908855
20261008-064058-4a8f57c-d64a-n16-r12	12	c100	sample	2	2-SRR5935765	classified	10426493
20261008-064058-4a8f57c-d64a-n16-r12	12	c100	sample	2	2-SRR5935765	place	lpt
20261008-064058-4a8f57c-d64a-n16-r12	12	c100	sample	2	2-SRR5935765	weight	10590116
20261008-064058-4a8f57c-d64a-n16-r12	12	c100	sample	2	2-SRR5935811	mode	parallel
20261008-064058-4a8f57c-d64a-n16-r12	12	c100	sample	2	2-SRR5935811	s3client	sdk
20261008-064058-4a8f57c-d64a-n16-r12	12	c100	sample	2	2-SRR5935811	rank	12
20261008-064058-4a8f57c-d64a-n16-r12	12	c100	sample	2	2-SRR5935811	role	home
20261008-064058-4a8f57c-d64a-n16-r12	12	c100	sample	2	2-SRR5935811	inflight	1
20261008-064058-4a8f57c-d64a-n16-r12	12	c100	sample	2	2-SRR5935811	threads	16
20261008-064058-4a8f57c-d64a-n16-r12	12	c100	sample	2	2-SRR5935811	start_s	285.772942
20261008-064058-4a8f57c-d64a-n16-r12	12	c100	sample	2	2-SRR5935811	wall_s	11.242156
20261008-064058-4a8f57c-d64a-n16-r12	12	c100	sample	2	2-SRR5935811	setup_s	0.000105
20261008-064058-4a8f57c-d64a-n16-r12	12	c100	sample	2	2-SRR5935811	classify_s	10.811179
20261008-064058-4a8f57c-d64a-n16-r12	12	c100	sample	2	2-SRR5935811	close_s	0.308808
20261008-064058-4a8f57c-d64a-n16-r12	12	c100	sample	2	2-SRR5935811	report_s	0.115642
20261008-064058-4a8f57c-d64a-n16-r12	12	c100	sample	2	2-SRR5935811	status	0
20261008-064058-4a8f57c-d64a-n16-r12	12	c100	sample	2	2-SRR5935811	sequences	10067025
20261008-064058-4a8f57c-d64a-n16-r12	12	c100	sample	2	2-SRR5935811	bases	1870494351
20261008-064058-4a8f57c-d64a-n16-r12	12	c100	sample	2	2-SRR5935811	classified	9884918
20261008-064058-4a8f57c-d64a-n16-r12	12	c100	sample	2	2-SRR5935811	place	lpt
20261008-064058-4a8f57c-d64a-n16-r12	12	c100	sample	2	2-SRR5935811	weight	10067025
20261008-064058-4a8f57c-d64a-n16-r12	12	c100	sample	2	2-SRR5935793	mode	parallel
20261008-064058-4a8f57c-d64a-n16-r12	12	c100	sample	2	2-SRR5935793	s3client	sdk
20261008-064058-4a8f57c-d64a-n16-r12	12	c100	sample	2	2-SRR5935793	rank	12
20261008-064058-4a8f57c-d64a-n16-r12	12	c100	sample	2	2-SRR5935793	role	home
20261008-064058-4a8f57c-d64a-n16-r12	12	c100	sample	2	2-SRR5935793	inflight	1
20261008-064058-4a8f57c-d64a-n16-r12	12	c100	sample	2	2-SRR5935793	threads	16
20261008-064058-4a8f57c-d64a-n16-r12	12	c100	sample	2	2-SRR5935793	start_s	297.015127
20261008-064058-4a8f57c-d64a-n16-r12	12	c100	sample	2	2-SRR5935793	wall_s	2.600417
20261008-064058-4a8f57c-d64a-n16-r12	12	c100	sample	2	2-SRR5935793	setup_s	0.000066
20261008-064058-4a8f57c-d64a-n16-r12	12	c100	sample	2	2-SRR5935793	classify_s	2.221768
20261008-064058-4a8f57c-d64a-n16-r12	12	c100	sample	2	2-SRR5935793	close_s	0.223435
20261008-064058-4a8f57c-d64a-n16-r12	12	c100	sample	2	2-SRR5935793	report_s	0.147323
20261008-064058-4a8f57c-d64a-n16-r12	12	c100	sample	2	2-SRR5935793	status	0
20261008-064058-4a8f57c-d64a-n16-r12	12	c100	sample	2	2-SRR5935793	sequences	1771479
20261008-064058-4a8f57c-d64a-n16-r12	12	c100	sample	2	2-SRR5935793	bases	333187068
20261008-064058-4a8f57c-d64a-n16-r12	12	c100	sample	2	2-SRR5935793	classified	1476454
20261008-064058-4a8f57c-d64a-n16-r12	12	c100	sample	2	2-SRR5935793	place	lpt
20261008-064058-4a8f57c-d64a-n16-r12	12	c100	sample	2	2-SRR5935793	weight	1771479
20261008-064058-4a8f57c-d64a-n16-r12	12	c100	engine.mem			t_s	300.2
20261008-064058-4a8f57c-d64a-n16-r12	12	c100	engine.mem			rss_kib	77082936
20261008-064058-4a8f57c-d64a-n16-r12	12	c100	engine.mem			hwm_kib	79350632
20261008-064058-4a8f57c-d64a-n16-r12	12	c100	engine.mem			heap_inuse	2382659584
20261008-064058-4a8f57c-d64a-n16-r12	12	c100	engine.mem			sys	7219958056
20261008-064058-4a8f57c-d64a-n16-r12	12	c100	engine.mem			avail_kib	50128836
20261008-064058-4a8f57c-d64a-n16-r12	12	c100	sample	2	2-SRR5935821	mode	parallel
20261008-064058-4a8f57c-d64a-n16-r12	12	c100	sample	2	2-SRR5935821	s3client	sdk
20261008-064058-4a8f57c-d64a-n16-r12	12	c100	sample	2	2-SRR5935821	rank	12
20261008-064058-4a8f57c-d64a-n16-r12	12	c100	sample	2	2-SRR5935821	role	home
20261008-064058-4a8f57c-d64a-n16-r12	12	c100	sample	2	2-SRR5935821	inflight	1
20261008-064058-4a8f57c-d64a-n16-r12	12	c100	sample	2	2-SRR5935821	threads	16
20261008-064058-4a8f57c-d64a-n16-r12	12	c100	sample	2	2-SRR5935821	start_s	299.615570
20261008-064058-4a8f57c-d64a-n16-r12	12	c100	sample	2	2-SRR5935821	wall_s	0.971694
20261008-064058-4a8f57c-d64a-n16-r12	12	c100	sample	2	2-SRR5935821	setup_s	0.000065
20261008-064058-4a8f57c-d64a-n16-r12	12	c100	sample	2	2-SRR5935821	classify_s	0.617928
20261008-064058-4a8f57c-d64a-n16-r12	12	c100	sample	2	2-SRR5935821	close_s	0.212832
20261008-064058-4a8f57c-d64a-n16-r12	12	c100	sample	2	2-SRR5935821	report_s	0.139836
20261008-064058-4a8f57c-d64a-n16-r12	12	c100	sample	2	2-SRR5935821	status	0
20261008-064058-4a8f57c-d64a-n16-r12	12	c100	sample	2	2-SRR5935821	sequences	297656
20261008-064058-4a8f57c-d64a-n16-r12	12	c100	sample	2	2-SRR5935821	bases	54176352
20261008-064058-4a8f57c-d64a-n16-r12	12	c100	sample	2	2-SRR5935821	classified	290837
20261008-064058-4a8f57c-d64a-n16-r12	12	c100	sample	2	2-SRR5935821	place	lpt
20261008-064058-4a8f57c-d64a-n16-r12	12	c100	sample	2	2-SRR5935821	weight	297656
20261008-064058-4a8f57c-d64a-n16-r12	12	c100	phase			batch-barrier-2	4.293937
20261008-064058-4a8f57c-d64a-n16-r12	12	c100	phase			batch-barrier-2.start_s	300.587287
20261008-064058-4a8f57c-d64a-n16-r12	12	c100	phase			barrier	0.299466
20261008-064058-4a8f57c-d64a-n16-r12	12	c100	phase			barrier.start_s	311.121749
20261008-064058-4a8f57c-d64a-n16-r12	12	c100	sample	3	3-SRR5935740	mode	striped
20261008-064058-4a8f57c-d64a-n16-r12	12	c100	sample	3	3-SRR5935740	s3client	sdk
20261008-064058-4a8f57c-d64a-n16-r12	12	c100	sample	3	3-SRR5935740	rank	12
20261008-064058-4a8f57c-d64a-n16-r12	12	c100	sample	3	3-SRR5935740	role	peer
20261008-064058-4a8f57c-d64a-n16-r12	12	c100	sample	3	3-SRR5935740	inflight	1
20261008-064058-4a8f57c-d64a-n16-r12	12	c100	sample	3	3-SRR5935740	threads	16
20261008-064058-4a8f57c-d64a-n16-r12	12	c100	sample	3	3-SRR5935740	start_s	305.447888
20261008-064058-4a8f57c-d64a-n16-r12	12	c100	sample	3	3-SRR5935740	wall_s	5.973374
20261008-064058-4a8f57c-d64a-n16-r12	12	c100	sample	3	3-SRR5935740	setup_s	0.000065
20261008-064058-4a8f57c-d64a-n16-r12	12	c100	sample	3	3-SRR5935740	classify_s	5.669811
20261008-064058-4a8f57c-d64a-n16-r12	12	c100	sample	3	3-SRR5935740	close_s	0.000000
20261008-064058-4a8f57c-d64a-n16-r12	12	c100	sample	3	3-SRR5935740	report_s	0.000000
20261008-064058-4a8f57c-d64a-n16-r12	12	c100	sample	3	3-SRR5935740	status	0
20261008-064058-4a8f57c-d64a-n16-r12	12	c100	sample	3	3-SRR5935740	sequences	0
20261008-064058-4a8f57c-d64a-n16-r12	12	c100	sample	3	3-SRR5935740	bases	0
20261008-064058-4a8f57c-d64a-n16-r12	12	c100	sample	3	3-SRR5935740	classified	0
20261008-064058-4a8f57c-d64a-n16-r12	12	c100	sample	3	3-SRR5935740	place	-
20261008-064058-4a8f57c-d64a-n16-r12	12	c100	sample	3	3-SRR5935740	weight	-
20261008-064058-4a8f57c-d64a-n16-r12	12	c100	phase			batch-barrier-3	0.554183
20261008-064058-4a8f57c-d64a-n16-r12	12	c100	phase			batch-barrier-3.start_s	311.421273
20261008-064058-4a8f57c-d64a-n16-r12	12	c100	engine.mem			t_s	315.2
20261008-064058-4a8f57c-d64a-n16-r12	12	c100	engine.mem			rss_kib	75549828
20261008-064058-4a8f57c-d64a-n16-r12	12	c100	engine.mem			hwm_kib	79350632
20261008-064058-4a8f57c-d64a-n16-r12	12	c100	engine.mem			heap_inuse	1832673280
20261008-064058-4a8f57c-d64a-n16-r12	12	c100	engine.mem			sys	7219958056
20261008-064058-4a8f57c-d64a-n16-r12	12	c100	engine.mem			avail_kib	50969784
20261008-064058-4a8f57c-d64a-n16-r12	12	c100	phase			barrier	0.275605
20261008-064058-4a8f57c-d64a-n16-r12	12	c100	phase			barrier.start_s	318.352511
20261008-064058-4a8f57c-d64a-n16-r12	12	c100	sample	4	4-SRR5935740	mode	striped
20261008-064058-4a8f57c-d64a-n16-r12	12	c100	sample	4	4-SRR5935740	s3client	sdk
20261008-064058-4a8f57c-d64a-n16-r12	12	c100	sample	4	4-SRR5935740	rank	12
20261008-064058-4a8f57c-d64a-n16-r12	12	c100	sample	4	4-SRR5935740	role	peer
20261008-064058-4a8f57c-d64a-n16-r12	12	c100	sample	4	4-SRR5935740	inflight	1
20261008-064058-4a8f57c-d64a-n16-r12	12	c100	sample	4	4-SRR5935740	threads	16
20261008-064058-4a8f57c-d64a-n16-r12	12	c100	sample	4	4-SRR5935740	start_s	312.684681
20261008-064058-4a8f57c-d64a-n16-r12	12	c100	sample	4	4-SRR5935740	wall_s	5.943480
20261008-064058-4a8f57c-d64a-n16-r12	12	c100	sample	4	4-SRR5935740	setup_s	0.000051
20261008-064058-4a8f57c-d64a-n16-r12	12	c100	sample	4	4-SRR5935740	classify_s	5.663336
20261008-064058-4a8f57c-d64a-n16-r12	12	c100	sample	4	4-SRR5935740	close_s	0.000000
20261008-064058-4a8f57c-d64a-n16-r12	12	c100	sample	4	4-SRR5935740	report_s	0.000000
20261008-064058-4a8f57c-d64a-n16-r12	12	c100	sample	4	4-SRR5935740	status	0
20261008-064058-4a8f57c-d64a-n16-r12	12	c100	sample	4	4-SRR5935740	sequences	0
20261008-064058-4a8f57c-d64a-n16-r12	12	c100	sample	4	4-SRR5935740	bases	0
20261008-064058-4a8f57c-d64a-n16-r12	12	c100	sample	4	4-SRR5935740	classified	0
20261008-064058-4a8f57c-d64a-n16-r12	12	c100	sample	4	4-SRR5935740	place	-
20261008-064058-4a8f57c-d64a-n16-r12	12	c100	sample	4	4-SRR5935740	weight	-
20261008-064058-4a8f57c-d64a-n16-r12	12	c100	phase			batch-barrier-4	0.499470
20261008-064058-4a8f57c-d64a-n16-r12	12	c100	phase			batch-barrier-4.start_s	318.628172
20261008-064058-4a8f57c-d64a-n16-r12	12	c100	phase			barrier	0.115151
20261008-064058-4a8f57c-d64a-n16-r12	12	c100	phase			barrier.start_s	325.578781
20261008-064058-4a8f57c-d64a-n16-r12	12	c100	sample	5	5-SRR5935740	mode	striped
20261008-064058-4a8f57c-d64a-n16-r12	12	c100	sample	5	5-SRR5935740	s3client	sdk
20261008-064058-4a8f57c-d64a-n16-r12	12	c100	sample	5	5-SRR5935740	rank	12
20261008-064058-4a8f57c-d64a-n16-r12	12	c100	sample	5	5-SRR5935740	role	peer
20261008-064058-4a8f57c-d64a-n16-r12	12	c100	sample	5	5-SRR5935740	inflight	1
20261008-064058-4a8f57c-d64a-n16-r12	12	c100	sample	5	5-SRR5935740	threads	16
20261008-064058-4a8f57c-d64a-n16-r12	12	c100	sample	5	5-SRR5935740	start_s	319.902603
20261008-064058-4a8f57c-d64a-n16-r12	12	c100	sample	5	5-SRR5935740	wall_s	5.791367
20261008-064058-4a8f57c-d64a-n16-r12	12	c100	sample	5	5-SRR5935740	setup_s	0.000057
20261008-064058-4a8f57c-d64a-n16-r12	12	c100	sample	5	5-SRR5935740	classify_s	5.672120
20261008-064058-4a8f57c-d64a-n16-r12	12	c100	sample	5	5-SRR5935740	close_s	0.000000
20261008-064058-4a8f57c-d64a-n16-r12	12	c100	sample	5	5-SRR5935740	report_s	0.000000
20261008-064058-4a8f57c-d64a-n16-r12	12	c100	sample	5	5-SRR5935740	status	0
20261008-064058-4a8f57c-d64a-n16-r12	12	c100	sample	5	5-SRR5935740	sequences	0
20261008-064058-4a8f57c-d64a-n16-r12	12	c100	sample	5	5-SRR5935740	bases	0
20261008-064058-4a8f57c-d64a-n16-r12	12	c100	sample	5	5-SRR5935740	classified	0
20261008-064058-4a8f57c-d64a-n16-r12	12	c100	sample	5	5-SRR5935740	place	-
20261008-064058-4a8f57c-d64a-n16-r12	12	c100	sample	5	5-SRR5935740	weight	-
20261008-064058-4a8f57c-d64a-n16-r12	12	c100	phase			batch-barrier-5	0.497569
20261008-064058-4a8f57c-d64a-n16-r12	12	c100	phase			batch-barrier-5.start_s	325.693985
20261008-064058-4a8f57c-d64a-n16-r12	12	c100	engine.mem			t_s	330.2
20261008-064058-4a8f57c-d64a-n16-r12	12	c100	engine.mem			rss_kib	76232468
20261008-064058-4a8f57c-d64a-n16-r12	12	c100	engine.mem			hwm_kib	79350632
20261008-064058-4a8f57c-d64a-n16-r12	12	c100	engine.mem			heap_inuse	3585523712
20261008-064058-4a8f57c-d64a-n16-r12	12	c100	engine.mem			sys	7219958056
20261008-064058-4a8f57c-d64a-n16-r12	12	c100	engine.mem			avail_kib	51482752
20261008-064058-4a8f57c-d64a-n16-r12	12	c100	phase			batch-barrier-6	10.232040
20261008-064058-4a8f57c-d64a-n16-r12	12	c100	phase			batch-barrier-6.start_s	326.191571
20261008-064058-4a8f57c-d64a-n16-r12	12	c100	engine.mem			t_s	345.2
20261008-064058-4a8f57c-d64a-n16-r12	12	c100	engine.mem			rss_kib	76232536
20261008-064058-4a8f57c-d64a-n16-r12	12	c100	engine.mem			hwm_kib	79350632
20261008-064058-4a8f57c-d64a-n16-r12	12	c100	engine.mem			heap_inuse	3588481024
20261008-064058-4a8f57c-d64a-n16-r12	12	c100	engine.mem			sys	7219958056
20261008-064058-4a8f57c-d64a-n16-r12	12	c100	engine.mem			avail_kib	51554080
20261008-064058-4a8f57c-d64a-n16-r12	12	c100	phase			batch-barrier-7	10.512827
20261008-064058-4a8f57c-d64a-n16-r12	12	c100	phase			batch-barrier-7.start_s	336.423631
20261008-064058-4a8f57c-d64a-n16-r12	12	c100	phase			batch-barrier-8	10.144980
20261008-064058-4a8f57c-d64a-n16-r12	12	c100	phase			batch-barrier-8.start_s	346.936476
20261008-064058-4a8f57c-d64a-n16-r12	12	c100	engine.shard			index	0
20261008-064058-4a8f57c-d64a-n16-r12	12	c100	engine.shard			n	16
20261008-064058-4a8f57c-d64a-n16-r12	12	c100	engine.shard			lo	222954688456
20261008-064058-4a8f57c-d64a-n16-r12	12	c100	engine.shard			hi	241534245827
20261008-064058-4a8f57c-d64a-n16-r12	12	c100	engine.shard			tail	302
20261008-064058-4a8f57c-d64a-n16-r12	12	c100	engine.shard			full	false
20261008-064058-4a8f57c-d64a-n16-r12	12	c100	engine.shard			empty_at	18579557382
20261008-064058-4a8f57c-d64a-n16-r12	12	c100	engine.shard			keys	8470448595
20261008-064058-4a8f57c-d64a-n16-r12	12	c100	engine.shard			batches	89910
20261008-064058-4a8f57c-d64a-n16-r12	12	c100	engine.shard			probe_s	243.393313
20261008-064058-4a8f57c-d64a-n16-r12	12	c100	engine.shard			tail_probes	0
20261008-064058-4a8f57c-d64a-n16-r12	12	c100	engine.shard			wrap_probes	0
20261008-064058-4a8f57c-d64a-n16-r12	12	c100	engine.mem			t_s	357.1
20261008-064058-4a8f57c-d64a-n16-r12	12	c100	engine.mem			rss_kib	76232536
20261008-064058-4a8f57c-d64a-n16-r12	12	c100	engine.mem			hwm_kib	79350632
20261008-064058-4a8f57c-d64a-n16-r12	12	c100	engine.mem			heap_inuse	3590168576
20261008-064058-4a8f57c-d64a-n16-r12	12	c100	engine.mem			sys	7219958056
20261008-064058-4a8f57c-d64a-n16-r12	12	c100	engine.mem			avail_kib	51577652
20261008-064058-4a8f57c-d64a-n16-r12	12	c100	engine.rendezvous			puts	13
20261008-064058-4a8f57c-d64a-n16-r12	12	c100	engine.rendezvous			gets	376
20261008-064058-4a8f57c-d64a-n16-r12	12	c100	engine.s3			client	sdk
20261008-064058-4a8f57c-d64a-n16-r12	12	c100	engine.s3			put	33
20261008-064058-4a8f57c-d64a-n16-r12	12	c100	engine.s3			get	376
20261008-064058-4a8f57c-d64a-n16-r12	12	c100	engine.s3			create_multipart	20
20261008-064058-4a8f57c-d64a-n16-r12	12	c100	engine.s3			upload_part	2335
20261008-064058-4a8f57c-d64a-n16-r12	12	c100	engine.s3			complete_multipart	20
20261008-064058-4a8f57c-d64a-n16-r12	12	c100	engine.s3			abort_multipart	0
20261008-064058-4a8f57c-d64a-n16-r12	12	c100	engine.s3			part_bytes	19474620358
20261008-064058-4a8f57c-d64a-n16-r12	12	c100	engine.s3			client	cli
20261008-064058-4a8f57c-d64a-n16-r12	12	c100	engine.s3			put	0
20261008-064058-4a8f57c-d64a-n16-r12	12	c100	engine.s3			get	0
20261008-064058-4a8f57c-d64a-n16-r12	12	c100	engine.s3			create_multipart	0
20261008-064058-4a8f57c-d64a-n16-r12	12	c100	engine.s3			upload_part	0
20261008-064058-4a8f57c-d64a-n16-r12	12	c100	engine.s3			complete_multipart	0
20261008-064058-4a8f57c-d64a-n16-r12	12	c100	engine.s3			abort_multipart	0
20261008-064058-4a8f57c-d64a-n16-r12	12	c100	engine.s3			part_bytes	0
20261008-064058-4a8f57c-d64a-n16-r12	12	c100	engine.load			seconds	48.119815
20261008-064058-4a8f57c-d64a-n16-r12	12	c100	engine.load			requests	1126
20261008-064058-4a8f57c-d64a-n16-r12	12	c100	engine.load			retries	0
20261008-064058-4a8f57c-d64a-n16-r12	12	c100	engine.load			bytes	74318296292
20261008-064058-4a8f57c-d64a-n16-r12	12	c100	engine.route			transport	nodes
20261008-064058-4a8f57c-d64a-n16-r12	12	c100	engine.route			calls	5708
20261008-064058-4a8f57c-d64a-n16-r12	12	c100	engine.route			keys	8599684984
20261008-064058-4a8f57c-d64a-n16-r12	12	c100	engine.route			batches	91328
20261008-064058-4a8f57c-d64a-n16-r12	12	c100	engine.route			route_s	105.286161
20261008-064058-4a8f57c-d64a-n16-r12	12	c100	engine.route			wait_s	342.032677
20261008-064058-4a8f57c-d64a-n16-r12	12	c100	engine.route			gather_s	20.305747
20261008-064058-4a8f57c-d64a-n16-r12	12	c100	engine.worker			scan_s	791.322938
20261008-064058-4a8f57c-d64a-n16-r12	12	c100	engine.worker			lookup_s	467.629711
20261008-064058-4a8f57c-d64a-n16-r12	12	c100	engine.worker			classify_s	696.262383
20261008-064058-4a8f57c-d64a-n16-r12	12	c100	phase			total	357.222585
20261008-064058-4a8f57c-d64a-n16-r12	12	c100	phase			total.start_s	0.000001
20261008-064058-4a8f57c-d64a-n16-r13	13	c100	phase			taxo	0.102014
20261008-064058-4a8f57c-d64a-n16-r13	13	c100	phase			taxo.start_s	0.002958
20261008-064058-4a8f57c-d64a-n16-r13	13	c100	engine.mem			t_s	15.0
20261008-064058-4a8f57c-d64a-n16-r13	13	c100	engine.mem			rss_kib	21837412
20261008-064058-4a8f57c-d64a-n16-r13	13	c100	engine.mem			hwm_kib	21839464
20261008-064058-4a8f57c-d64a-n16-r13	13	c100	engine.mem			heap_inuse	395018240
20261008-064058-4a8f57c-d64a-n16-r13	13	c100	engine.mem			sys	414185832
20261008-064058-4a8f57c-d64a-n16-r13	13	c100	engine.mem			avail_kib	105841132
20261008-064058-4a8f57c-d64a-n16-r13	13	c100	engine.mem			t_s	30.0
20261008-064058-4a8f57c-d64a-n16-r13	13	c100	engine.mem			rss_kib	42540140
20261008-064058-4a8f57c-d64a-n16-r13	13	c100	engine.mem			hwm_kib	42540144
20261008-064058-4a8f57c-d64a-n16-r13	13	c100	engine.mem			heap_inuse	396754944
20261008-064058-4a8f57c-d64a-n16-r13	13	c100	engine.mem			sys	414185832
20261008-064058-4a8f57c-d64a-n16-r13	13	c100	engine.mem			avail_kib	85144088
20261008-064058-4a8f57c-d64a-n16-r13	13	c100	engine.mem			t_s	45.0
20261008-064058-4a8f57c-d64a-n16-r13	13	c100	engine.mem			rss_kib	67382296
20261008-064058-4a8f57c-d64a-n16-r13	13	c100	engine.mem			hwm_kib	67382300
20261008-064058-4a8f57c-d64a-n16-r13	13	c100	engine.mem			heap_inuse	398745600
20261008-064058-4a8f57c-d64a-n16-r13	13	c100	engine.mem			sys	418445672
20261008-064058-4a8f57c-d64a-n16-r13	13	c100	engine.mem			avail_kib	60238880
20261008-064058-4a8f57c-d64a-n16-r13	13	c100	phase			shard-load-13	48.216460
20261008-064058-4a8f57c-d64a-n16-r13	13	c100	phase			shard-load-13.start_s	0.176521
20261008-064058-4a8f57c-d64a-n16-r13	13	c100	phase			rendezvous	8.161412
20261008-064058-4a8f57c-d64a-n16-r13	13	c100	phase			rendezvous.start_s	48.837843
20261008-064058-4a8f57c-d64a-n16-r13	13	c100	phase			connect	0.026052
20261008-064058-4a8f57c-d64a-n16-r13	13	c100	phase			connect.start_s	56.999269
20261008-064058-4a8f57c-d64a-n16-r13	13	c100	phase			hash	56.920321
20261008-064058-4a8f57c-d64a-n16-r13	13	c100	phase			hash.start_s	0.105015
20261008-064058-4a8f57c-d64a-n16-r13	13	c100	engine.mem			t_s	60.0
20261008-064058-4a8f57c-d64a-n16-r13	13	c100	engine.mem			rss_kib	77459744
20261008-064058-4a8f57c-d64a-n16-r13	13	c100	engine.mem			hwm_kib	77459892
20261008-064058-4a8f57c-d64a-n16-r13	13	c100	engine.mem			heap_inuse	4775854080
20261008-064058-4a8f57c-d64a-n16-r13	13	c100	engine.mem			sys	5164076744
20261008-064058-4a8f57c-d64a-n16-r13	13	c100	engine.mem			avail_kib	50188076
20261008-064058-4a8f57c-d64a-n16-r13	13	c100	sample	0	0-SRR5935827	mode	parallel
20261008-064058-4a8f57c-d64a-n16-r13	13	c100	sample	0	0-SRR5935827	s3client	sdk
20261008-064058-4a8f57c-d64a-n16-r13	13	c100	sample	0	0-SRR5935827	rank	13
20261008-064058-4a8f57c-d64a-n16-r13	13	c100	sample	0	0-SRR5935827	role	home
20261008-064058-4a8f57c-d64a-n16-r13	13	c100	sample	0	0-SRR5935827	inflight	1
20261008-064058-4a8f57c-d64a-n16-r13	13	c100	sample	0	0-SRR5935827	threads	16
20261008-064058-4a8f57c-d64a-n16-r13	13	c100	sample	0	0-SRR5935827	start_s	57.025367
20261008-064058-4a8f57c-d64a-n16-r13	13	c100	sample	0	0-SRR5935827	wall_s	17.502487
20261008-064058-4a8f57c-d64a-n16-r13	13	c100	sample	0	0-SRR5935827	setup_s	0.000041
20261008-064058-4a8f57c-d64a-n16-r13	13	c100	sample	0	0-SRR5935827	classify_s	17.124979
20261008-064058-4a8f57c-d64a-n16-r13	13	c100	sample	0	0-SRR5935827	close_s	0.208554
20261008-064058-4a8f57c-d64a-n16-r13	13	c100	sample	0	0-SRR5935827	report_s	0.160360
20261008-064058-4a8f57c-d64a-n16-r13	13	c100	sample	0	0-SRR5935827	status	0
20261008-064058-4a8f57c-d64a-n16-r13	13	c100	sample	0	0-SRR5935827	sequences	16260968
20261008-064058-4a8f57c-d64a-n16-r13	13	c100	sample	0	0-SRR5935827	bases	3012837135
20261008-064058-4a8f57c-d64a-n16-r13	13	c100	sample	0	0-SRR5935827	classified	15948766
20261008-064058-4a8f57c-d64a-n16-r13	13	c100	sample	0	0-SRR5935827	place	lpt
20261008-064058-4a8f57c-d64a-n16-r13	13	c100	sample	0	0-SRR5935827	weight	16260968
20261008-064058-4a8f57c-d64a-n16-r13	13	c100	engine.mem			t_s	75.0
20261008-064058-4a8f57c-d64a-n16-r13	13	c100	engine.mem			rss_kib	78454944
20261008-064058-4a8f57c-d64a-n16-r13	13	c100	engine.mem			hwm_kib	78457964
20261008-064058-4a8f57c-d64a-n16-r13	13	c100	engine.mem			heap_inuse	2602205184
20261008-064058-4a8f57c-d64a-n16-r13	13	c100	engine.mem			sys	6134394936
20261008-064058-4a8f57c-d64a-n16-r13	13	c100	engine.mem			avail_kib	48862424
20261008-064058-4a8f57c-d64a-n16-r13	13	c100	engine.mem			t_s	90.0
20261008-064058-4a8f57c-d64a-n16-r13	13	c100	engine.mem			rss_kib	78472420
20261008-064058-4a8f57c-d64a-n16-r13	13	c100	engine.mem			hwm_kib	78493536
20261008-064058-4a8f57c-d64a-n16-r13	13	c100	engine.mem			heap_inuse	4846714880
20261008-064058-4a8f57c-d64a-n16-r13	13	c100	engine.mem			sys	6248726600
20261008-064058-4a8f57c-d64a-n16-r13	13	c100	engine.mem			avail_kib	49061876
20261008-064058-4a8f57c-d64a-n16-r13	13	c100	sample	0	0-SRR5935744	mode	parallel
20261008-064058-4a8f57c-d64a-n16-r13	13	c100	sample	0	0-SRR5935744	s3client	sdk
20261008-064058-4a8f57c-d64a-n16-r13	13	c100	sample	0	0-SRR5935744	rank	13
20261008-064058-4a8f57c-d64a-n16-r13	13	c100	sample	0	0-SRR5935744	role	home
20261008-064058-4a8f57c-d64a-n16-r13	13	c100	sample	0	0-SRR5935744	inflight	1
20261008-064058-4a8f57c-d64a-n16-r13	13	c100	sample	0	0-SRR5935744	threads	16
20261008-064058-4a8f57c-d64a-n16-r13	13	c100	sample	0	0-SRR5935744	start_s	74.527880
20261008-064058-4a8f57c-d64a-n16-r13	13	c100	sample	0	0-SRR5935744	wall_s	16.850587
20261008-064058-4a8f57c-d64a-n16-r13	13	c100	sample	0	0-SRR5935744	setup_s	0.000064
20261008-064058-4a8f57c-d64a-n16-r13	13	c100	sample	0	0-SRR5935744	classify_s	16.470292
20261008-064058-4a8f57c-d64a-n16-r13	13	c100	sample	0	0-SRR5935744	close_s	0.220867
20261008-064058-4a8f57c-d64a-n16-r13	13	c100	sample	0	0-SRR5935744	report_s	0.149792
20261008-064058-4a8f57c-d64a-n16-r13	13	c100	sample	0	0-SRR5935744	status	0
20261008-064058-4a8f57c-d64a-n16-r13	13	c100	sample	0	0-SRR5935744	sequences	15328347
20261008-064058-4a8f57c-d64a-n16-r13	13	c100	sample	0	0-SRR5935744	bases	2853526686
20261008-064058-4a8f57c-d64a-n16-r13	13	c100	sample	0	0-SRR5935744	classified	14998872
20261008-064058-4a8f57c-d64a-n16-r13	13	c100	sample	0	0-SRR5935744	place	lpt
20261008-064058-4a8f57c-d64a-n16-r13	13	c100	sample	0	0-SRR5935744	weight	15328347
20261008-064058-4a8f57c-d64a-n16-r13	13	c100	engine.mem			t_s	105.0
20261008-064058-4a8f57c-d64a-n16-r13	13	c100	engine.mem			rss_kib	78452812
20261008-064058-4a8f57c-d64a-n16-r13	13	c100	engine.mem			hwm_kib	78571856
20261008-064058-4a8f57c-d64a-n16-r13	13	c100	engine.mem			heap_inuse	4526620672
20261008-064058-4a8f57c-d64a-n16-r13	13	c100	engine.mem			sys	6328868968
20261008-064058-4a8f57c-d64a-n16-r13	13	c100	engine.mem			avail_kib	49052176
20261008-064058-4a8f57c-d64a-n16-r13	13	c100	sample	0	0-SRR5935766	mode	parallel
20261008-064058-4a8f57c-d64a-n16-r13	13	c100	sample	0	0-SRR5935766	s3client	sdk
20261008-064058-4a8f57c-d64a-n16-r13	13	c100	sample	0	0-SRR5935766	rank	13
20261008-064058-4a8f57c-d64a-n16-r13	13	c100	sample	0	0-SRR5935766	role	home
20261008-064058-4a8f57c-d64a-n16-r13	13	c100	sample	0	0-SRR5935766	inflight	1
20261008-064058-4a8f57c-d64a-n16-r13	13	c100	sample	0	0-SRR5935766	threads	16
20261008-064058-4a8f57c-d64a-n16-r13	13	c100	sample	0	0-SRR5935766	start_s	91.378491
20261008-064058-4a8f57c-d64a-n16-r13	13	c100	sample	0	0-SRR5935766	wall_s	15.410304
20261008-064058-4a8f57c-d64a-n16-r13	13	c100	sample	0	0-SRR5935766	setup_s	0.000065
20261008-064058-4a8f57c-d64a-n16-r13	13	c100	sample	0	0-SRR5935766	classify_s	15.012207
20261008-064058-4a8f57c-d64a-n16-r13	13	c100	sample	0	0-SRR5935766	close_s	0.228095
20261008-064058-4a8f57c-d64a-n16-r13	13	c100	sample	0	0-SRR5935766	report_s	0.160886
20261008-064058-4a8f57c-d64a-n16-r13	13	c100	sample	0	0-SRR5935766	status	0
20261008-064058-4a8f57c-d64a-n16-r13	13	c100	sample	0	0-SRR5935766	sequences	14120624
20261008-064058-4a8f57c-d64a-n16-r13	13	c100	sample	0	0-SRR5935766	bases	2649393059
20261008-064058-4a8f57c-d64a-n16-r13	13	c100	sample	0	0-SRR5935766	classified	13394795
20261008-064058-4a8f57c-d64a-n16-r13	13	c100	sample	0	0-SRR5935766	place	lpt
20261008-064058-4a8f57c-d64a-n16-r13	13	c100	sample	0	0-SRR5935766	weight	14120624
20261008-064058-4a8f57c-d64a-n16-r13	13	c100	sample	0	0-SRR5935740	mode	parallel
20261008-064058-4a8f57c-d64a-n16-r13	13	c100	sample	0	0-SRR5935740	s3client	sdk
20261008-064058-4a8f57c-d64a-n16-r13	13	c100	sample	0	0-SRR5935740	rank	13
20261008-064058-4a8f57c-d64a-n16-r13	13	c100	sample	0	0-SRR5935740	role	home
20261008-064058-4a8f57c-d64a-n16-r13	13	c100	sample	0	0-SRR5935740	inflight	1
20261008-064058-4a8f57c-d64a-n16-r13	13	c100	sample	0	0-SRR5935740	threads	16
20261008-064058-4a8f57c-d64a-n16-r13	13	c100	sample	0	0-SRR5935740	start_s	106.788822
20261008-064058-4a8f57c-d64a-n16-r13	13	c100	sample	0	0-SRR5935740	wall_s	11.459516
20261008-064058-4a8f57c-d64a-n16-r13	13	c100	sample	0	0-SRR5935740	setup_s	0.000072
20261008-064058-4a8f57c-d64a-n16-r13	13	c100	sample	0	0-SRR5935740	classify_s	11.040614
20261008-064058-4a8f57c-d64a-n16-r13	13	c100	sample	0	0-SRR5935740	close_s	0.183281
20261008-064058-4a8f57c-d64a-n16-r13	13	c100	sample	0	0-SRR5935740	report_s	0.216847
20261008-064058-4a8f57c-d64a-n16-r13	13	c100	sample	0	0-SRR5935740	status	0
20261008-064058-4a8f57c-d64a-n16-r13	13	c100	sample	0	0-SRR5935740	sequences	10532910
20261008-064058-4a8f57c-d64a-n16-r13	13	c100	sample	0	0-SRR5935740	bases	1945093294
20261008-064058-4a8f57c-d64a-n16-r13	13	c100	sample	0	0-SRR5935740	classified	9366399
20261008-064058-4a8f57c-d64a-n16-r13	13	c100	sample	0	0-SRR5935740	place	lpt
20261008-064058-4a8f57c-d64a-n16-r13	13	c100	sample	0	0-SRR5935740	weight	10532910
20261008-064058-4a8f57c-d64a-n16-r13	13	c100	engine.mem			t_s	120.1
20261008-064058-4a8f57c-d64a-n16-r13	13	c100	engine.mem			rss_kib	77978292
20261008-064058-4a8f57c-d64a-n16-r13	13	c100	engine.mem			hwm_kib	78907224
20261008-064058-4a8f57c-d64a-n16-r13	13	c100	engine.mem			heap_inuse	3443302400
20261008-064058-4a8f57c-d64a-n16-r13	13	c100	engine.mem			sys	6827872472
20261008-064058-4a8f57c-d64a-n16-r13	13	c100	engine.mem			avail_kib	49209628
20261008-064058-4a8f57c-d64a-n16-r13	13	c100	sample	0	0-SRR5935781	mode	parallel
20261008-064058-4a8f57c-d64a-n16-r13	13	c100	sample	0	0-SRR5935781	s3client	sdk
20261008-064058-4a8f57c-d64a-n16-r13	13	c100	sample	0	0-SRR5935781	rank	13
20261008-064058-4a8f57c-d64a-n16-r13	13	c100	sample	0	0-SRR5935781	role	home
20261008-064058-4a8f57c-d64a-n16-r13	13	c100	sample	0	0-SRR5935781	inflight	1
20261008-064058-4a8f57c-d64a-n16-r13	13	c100	sample	0	0-SRR5935781	threads	16
20261008-064058-4a8f57c-d64a-n16-r13	13	c100	sample	0	0-SRR5935781	start_s	118.248364
20261008-064058-4a8f57c-d64a-n16-r13	13	c100	sample	0	0-SRR5935781	wall_s	9.772603
20261008-064058-4a8f57c-d64a-n16-r13	13	c100	sample	0	0-SRR5935781	setup_s	0.000068
20261008-064058-4a8f57c-d64a-n16-r13	13	c100	sample	0	0-SRR5935781	classify_s	9.418511
20261008-064058-4a8f57c-d64a-n16-r13	13	c100	sample	0	0-SRR5935781	close_s	0.209106
20261008-064058-4a8f57c-d64a-n16-r13	13	c100	sample	0	0-SRR5935781	report_s	0.139019
20261008-064058-4a8f57c-d64a-n16-r13	13	c100	sample	0	0-SRR5935781	status	0
20261008-064058-4a8f57c-d64a-n16-r13	13	c100	sample	0	0-SRR5935781	sequences	8486948
20261008-064058-4a8f57c-d64a-n16-r13	13	c100	sample	0	0-SRR5935781	bases	1613121343
20261008-064058-4a8f57c-d64a-n16-r13	13	c100	sample	0	0-SRR5935781	classified	8270605
20261008-064058-4a8f57c-d64a-n16-r13	13	c100	sample	0	0-SRR5935781	place	lpt
20261008-064058-4a8f57c-d64a-n16-r13	13	c100	sample	0	0-SRR5935781	weight	8486948
20261008-064058-4a8f57c-d64a-n16-r13	13	c100	engine.mem			t_s	135.1
20261008-064058-4a8f57c-d64a-n16-r13	13	c100	engine.mem			rss_kib	78406164
20261008-064058-4a8f57c-d64a-n16-r13	13	c100	engine.mem			hwm_kib	78907224
20261008-064058-4a8f57c-d64a-n16-r13	13	c100	engine.mem			heap_inuse	3116040192
20261008-064058-4a8f57c-d64a-n16-r13	13	c100	engine.mem			sys	6827872472
20261008-064058-4a8f57c-d64a-n16-r13	13	c100	engine.mem			avail_kib	49012880
20261008-064058-4a8f57c-d64a-n16-r13	13	c100	sample	0	0-SRR5935836	mode	parallel
20261008-064058-4a8f57c-d64a-n16-r13	13	c100	sample	0	0-SRR5935836	s3client	sdk
20261008-064058-4a8f57c-d64a-n16-r13	13	c100	sample	0	0-SRR5935836	rank	13
20261008-064058-4a8f57c-d64a-n16-r13	13	c100	sample	0	0-SRR5935836	role	home
20261008-064058-4a8f57c-d64a-n16-r13	13	c100	sample	0	0-SRR5935836	inflight	1
20261008-064058-4a8f57c-d64a-n16-r13	13	c100	sample	0	0-SRR5935836	threads	16
20261008-064058-4a8f57c-d64a-n16-r13	13	c100	sample	0	0-SRR5935836	start_s	128.020990
20261008-064058-4a8f57c-d64a-n16-r13	13	c100	sample	0	0-SRR5935836	wall_s	8.008437
20261008-064058-4a8f57c-d64a-n16-r13	13	c100	sample	0	0-SRR5935836	setup_s	0.000065
20261008-064058-4a8f57c-d64a-n16-r13	13	c100	sample	0	0-SRR5935836	classify_s	7.471309
20261008-064058-4a8f57c-d64a-n16-r13	13	c100	sample	0	0-SRR5935836	close_s	0.361551
20261008-064058-4a8f57c-d64a-n16-r13	13	c100	sample	0	0-SRR5935836	report_s	0.168785
20261008-064058-4a8f57c-d64a-n16-r13	13	c100	sample	0	0-SRR5935836	status	0
20261008-064058-4a8f57c-d64a-n16-r13	13	c100	sample	0	0-SRR5935836	sequences	7326365
20261008-064058-4a8f57c-d64a-n16-r13	13	c100	sample	0	0-SRR5935836	bases	1333066620
20261008-064058-4a8f57c-d64a-n16-r13	13	c100	sample	0	0-SRR5935836	classified	6965607
20261008-064058-4a8f57c-d64a-n16-r13	13	c100	sample	0	0-SRR5935836	place	lpt
20261008-064058-4a8f57c-d64a-n16-r13	13	c100	sample	0	0-SRR5935836	weight	7326365
20261008-064058-4a8f57c-d64a-n16-r13	13	c100	phase			batch-barrier-0	0.423380
20261008-064058-4a8f57c-d64a-n16-r13	13	c100	phase			batch-barrier-0.start_s	136.029448
20261008-064058-4a8f57c-d64a-n16-r13	13	c100	engine.mem			t_s	150.1
20261008-064058-4a8f57c-d64a-n16-r13	13	c100	engine.mem			rss_kib	78701900
20261008-064058-4a8f57c-d64a-n16-r13	13	c100	engine.mem			hwm_kib	78907224
20261008-064058-4a8f57c-d64a-n16-r13	13	c100	engine.mem			heap_inuse	5579677696
20261008-064058-4a8f57c-d64a-n16-r13	13	c100	engine.mem			sys	6828167384
20261008-064058-4a8f57c-d64a-n16-r13	13	c100	engine.mem			avail_kib	48908336
20261008-064058-4a8f57c-d64a-n16-r13	13	c100	sample	1	1-SRR5935753	mode	parallel
20261008-064058-4a8f57c-d64a-n16-r13	13	c100	sample	1	1-SRR5935753	s3client	sdk
20261008-064058-4a8f57c-d64a-n16-r13	13	c100	sample	1	1-SRR5935753	rank	13
20261008-064058-4a8f57c-d64a-n16-r13	13	c100	sample	1	1-SRR5935753	role	home
20261008-064058-4a8f57c-d64a-n16-r13	13	c100	sample	1	1-SRR5935753	inflight	1
20261008-064058-4a8f57c-d64a-n16-r13	13	c100	sample	1	1-SRR5935753	threads	16
20261008-064058-4a8f57c-d64a-n16-r13	13	c100	sample	1	1-SRR5935753	start_s	136.452854
20261008-064058-4a8f57c-d64a-n16-r13	13	c100	sample	1	1-SRR5935753	wall_s	15.479294
20261008-064058-4a8f57c-d64a-n16-r13	13	c100	sample	1	1-SRR5935753	setup_s	0.000048
20261008-064058-4a8f57c-d64a-n16-r13	13	c100	sample	1	1-SRR5935753	classify_s	14.969129
20261008-064058-4a8f57c-d64a-n16-r13	13	c100	sample	1	1-SRR5935753	close_s	0.290798
20261008-064058-4a8f57c-d64a-n16-r13	13	c100	sample	1	1-SRR5935753	report_s	0.208754
20261008-064058-4a8f57c-d64a-n16-r13	13	c100	sample	1	1-SRR5935753	status	0
20261008-064058-4a8f57c-d64a-n16-r13	13	c100	sample	1	1-SRR5935753	sequences	14164085
20261008-064058-4a8f57c-d64a-n16-r13	13	c100	sample	1	1-SRR5935753	bases	2640398097
20261008-064058-4a8f57c-d64a-n16-r13	13	c100	sample	1	1-SRR5935753	classified	13689575
20261008-064058-4a8f57c-d64a-n16-r13	13	c100	sample	1	1-SRR5935753	place	mod
20261008-064058-4a8f57c-d64a-n16-r13	13	c100	sample	1	1-SRR5935753	weight	14164085
20261008-064058-4a8f57c-d64a-n16-r13	13	c100	sample	1	1-SRR5935769	mode	parallel
20261008-064058-4a8f57c-d64a-n16-r13	13	c100	sample	1	1-SRR5935769	s3client	sdk
20261008-064058-4a8f57c-d64a-n16-r13	13	c100	sample	1	1-SRR5935769	rank	13
20261008-064058-4a8f57c-d64a-n16-r13	13	c100	sample	1	1-SRR5935769	role	home
20261008-064058-4a8f57c-d64a-n16-r13	13	c100	sample	1	1-SRR5935769	inflight	1
20261008-064058-4a8f57c-d64a-n16-r13	13	c100	sample	1	1-SRR5935769	threads	16
20261008-064058-4a8f57c-d64a-n16-r13	13	c100	sample	1	1-SRR5935769	start_s	151.932176
20261008-064058-4a8f57c-d64a-n16-r13	13	c100	sample	1	1-SRR5935769	wall_s	12.335504
20261008-064058-4a8f57c-d64a-n16-r13	13	c100	sample	1	1-SRR5935769	setup_s	0.000069
20261008-064058-4a8f57c-d64a-n16-r13	13	c100	sample	1	1-SRR5935769	classify_s	11.860760
20261008-064058-4a8f57c-d64a-n16-r13	13	c100	sample	1	1-SRR5935769	close_s	0.239149
20261008-064058-4a8f57c-d64a-n16-r13	13	c100	sample	1	1-SRR5935769	report_s	0.222695
20261008-064058-4a8f57c-d64a-n16-r13	13	c100	sample	1	1-SRR5935769	status	0
20261008-064058-4a8f57c-d64a-n16-r13	13	c100	sample	1	1-SRR5935769	sequences	11374148
20261008-064058-4a8f57c-d64a-n16-r13	13	c100	sample	1	1-SRR5935769	bases	2063466726
20261008-064058-4a8f57c-d64a-n16-r13	13	c100	sample	1	1-SRR5935769	classified	10686284
20261008-064058-4a8f57c-d64a-n16-r13	13	c100	sample	1	1-SRR5935769	place	mod
20261008-064058-4a8f57c-d64a-n16-r13	13	c100	sample	1	1-SRR5935769	weight	11374148
20261008-064058-4a8f57c-d64a-n16-r13	13	c100	engine.mem			t_s	165.1
20261008-064058-4a8f57c-d64a-n16-r13	13	c100	engine.mem			rss_kib	78495096
20261008-064058-4a8f57c-d64a-n16-r13	13	c100	engine.mem			hwm_kib	79162024
20261008-064058-4a8f57c-d64a-n16-r13	13	c100	engine.mem			heap_inuse	3896344576
20261008-064058-4a8f57c-d64a-n16-r13	13	c100	engine.mem			sys	7021379848
20261008-064058-4a8f57c-d64a-n16-r13	13	c100	engine.mem			avail_kib	48742120
20261008-064058-4a8f57c-d64a-n16-r13	13	c100	sample	1	1-SRR5935785	mode	parallel
20261008-064058-4a8f57c-d64a-n16-r13	13	c100	sample	1	1-SRR5935785	s3client	sdk
20261008-064058-4a8f57c-d64a-n16-r13	13	c100	sample	1	1-SRR5935785	rank	13
20261008-064058-4a8f57c-d64a-n16-r13	13	c100	sample	1	1-SRR5935785	role	home
20261008-064058-4a8f57c-d64a-n16-r13	13	c100	sample	1	1-SRR5935785	inflight	1
20261008-064058-4a8f57c-d64a-n16-r13	13	c100	sample	1	1-SRR5935785	threads	16
20261008-064058-4a8f57c-d64a-n16-r13	13	c100	sample	1	1-SRR5935785	start_s	164.267708
20261008-064058-4a8f57c-d64a-n16-r13	13	c100	sample	1	1-SRR5935785	wall_s	15.000919
20261008-064058-4a8f57c-d64a-n16-r13	13	c100	sample	1	1-SRR5935785	setup_s	0.000079
20261008-064058-4a8f57c-d64a-n16-r13	13	c100	sample	1	1-SRR5935785	classify_s	14.577900
20261008-064058-4a8f57c-d64a-n16-r13	13	c100	sample	1	1-SRR5935785	close_s	0.208471
20261008-064058-4a8f57c-d64a-n16-r13	13	c100	sample	1	1-SRR5935785	report_s	0.197508
20261008-064058-4a8f57c-d64a-n16-r13	13	c100	sample	1	1-SRR5935785	status	0
20261008-064058-4a8f57c-d64a-n16-r13	13	c100	sample	1	1-SRR5935785	sequences	13817496
20261008-064058-4a8f57c-d64a-n16-r13	13	c100	sample	1	1-SRR5935785	bases	2535866229
20261008-064058-4a8f57c-d64a-n16-r13	13	c100	sample	1	1-SRR5935785	classified	12277050
20261008-064058-4a8f57c-d64a-n16-r13	13	c100	sample	1	1-SRR5935785	place	mod
20261008-064058-4a8f57c-d64a-n16-r13	13	c100	sample	1	1-SRR5935785	weight	13817496
20261008-064058-4a8f57c-d64a-n16-r13	13	c100	engine.mem			t_s	180.1
20261008-064058-4a8f57c-d64a-n16-r13	13	c100	engine.mem			rss_kib	78354528
20261008-064058-4a8f57c-d64a-n16-r13	13	c100	engine.mem			hwm_kib	79162024
20261008-064058-4a8f57c-d64a-n16-r13	13	c100	engine.mem			heap_inuse	3228655616
20261008-064058-4a8f57c-d64a-n16-r13	13	c100	engine.mem			sys	7021379848
20261008-064058-4a8f57c-d64a-n16-r13	13	c100	engine.mem			avail_kib	48885008
20261008-064058-4a8f57c-d64a-n16-r13	13	c100	sample	1	1-SRR5935801	mode	parallel
20261008-064058-4a8f57c-d64a-n16-r13	13	c100	sample	1	1-SRR5935801	s3client	sdk
20261008-064058-4a8f57c-d64a-n16-r13	13	c100	sample	1	1-SRR5935801	rank	13
20261008-064058-4a8f57c-d64a-n16-r13	13	c100	sample	1	1-SRR5935801	role	home
20261008-064058-4a8f57c-d64a-n16-r13	13	c100	sample	1	1-SRR5935801	inflight	1
20261008-064058-4a8f57c-d64a-n16-r13	13	c100	sample	1	1-SRR5935801	threads	16
20261008-064058-4a8f57c-d64a-n16-r13	13	c100	sample	1	1-SRR5935801	start_s	179.268654
20261008-064058-4a8f57c-d64a-n16-r13	13	c100	sample	1	1-SRR5935801	wall_s	14.562729
20261008-064058-4a8f57c-d64a-n16-r13	13	c100	sample	1	1-SRR5935801	setup_s	0.000070
20261008-064058-4a8f57c-d64a-n16-r13	13	c100	sample	1	1-SRR5935801	classify_s	14.184876
20261008-064058-4a8f57c-d64a-n16-r13	13	c100	sample	1	1-SRR5935801	close_s	0.199814
20261008-064058-4a8f57c-d64a-n16-r13	13	c100	sample	1	1-SRR5935801	report_s	0.163734
20261008-064058-4a8f57c-d64a-n16-r13	13	c100	sample	1	1-SRR5935801	status	0
20261008-064058-4a8f57c-d64a-n16-r13	13	c100	sample	1	1-SRR5935801	sequences	13162386
20261008-064058-4a8f57c-d64a-n16-r13	13	c100	sample	1	1-SRR5935801	bases	2465096767
20261008-064058-4a8f57c-d64a-n16-r13	13	c100	sample	1	1-SRR5935801	classified	12297712
20261008-064058-4a8f57c-d64a-n16-r13	13	c100	sample	1	1-SRR5935801	place	mod
20261008-064058-4a8f57c-d64a-n16-r13	13	c100	sample	1	1-SRR5935801	weight	13162386
20261008-064058-4a8f57c-d64a-n16-r13	13	c100	engine.mem			t_s	195.1
20261008-064058-4a8f57c-d64a-n16-r13	13	c100	engine.mem			rss_kib	78244336
20261008-064058-4a8f57c-d64a-n16-r13	13	c100	engine.mem			hwm_kib	79162024
20261008-064058-4a8f57c-d64a-n16-r13	13	c100	engine.mem			heap_inuse	4498530304
20261008-064058-4a8f57c-d64a-n16-r13	13	c100	engine.mem			sys	7034159368
20261008-064058-4a8f57c-d64a-n16-r13	13	c100	engine.mem			avail_kib	49300724
20261008-064058-4a8f57c-d64a-n16-r13	13	c100	sample	1	1-SRR5935817	mode	parallel
20261008-064058-4a8f57c-d64a-n16-r13	13	c100	sample	1	1-SRR5935817	s3client	sdk
20261008-064058-4a8f57c-d64a-n16-r13	13	c100	sample	1	1-SRR5935817	rank	13
20261008-064058-4a8f57c-d64a-n16-r13	13	c100	sample	1	1-SRR5935817	role	home
20261008-064058-4a8f57c-d64a-n16-r13	13	c100	sample	1	1-SRR5935817	inflight	1
20261008-064058-4a8f57c-d64a-n16-r13	13	c100	sample	1	1-SRR5935817	threads	16
20261008-064058-4a8f57c-d64a-n16-r13	13	c100	sample	1	1-SRR5935817	start_s	193.831411
20261008-064058-4a8f57c-d64a-n16-r13	13	c100	sample	1	1-SRR5935817	wall_s	15.188248
20261008-064058-4a8f57c-d64a-n16-r13	13	c100	sample	1	1-SRR5935817	setup_s	0.000073
20261008-064058-4a8f57c-d64a-n16-r13	13	c100	sample	1	1-SRR5935817	classify_s	14.722054
20261008-064058-4a8f57c-d64a-n16-r13	13	c100	sample	1	1-SRR5935817	close_s	0.241124
20261008-064058-4a8f57c-d64a-n16-r13	13	c100	sample	1	1-SRR5935817	report_s	0.216319
20261008-064058-4a8f57c-d64a-n16-r13	13	c100	sample	1	1-SRR5935817	status	0
20261008-064058-4a8f57c-d64a-n16-r13	13	c100	sample	1	1-SRR5935817	sequences	14261195
20261008-064058-4a8f57c-d64a-n16-r13	13	c100	sample	1	1-SRR5935817	bases	2665696979
20261008-064058-4a8f57c-d64a-n16-r13	13	c100	sample	1	1-SRR5935817	classified	13980324
20261008-064058-4a8f57c-d64a-n16-r13	13	c100	sample	1	1-SRR5935817	place	mod
20261008-064058-4a8f57c-d64a-n16-r13	13	c100	sample	1	1-SRR5935817	weight	14261195
20261008-064058-4a8f57c-d64a-n16-r13	13	c100	engine.mem			t_s	210.1
20261008-064058-4a8f57c-d64a-n16-r13	13	c100	engine.mem			rss_kib	77973936
20261008-064058-4a8f57c-d64a-n16-r13	13	c100	engine.mem			hwm_kib	79162024
20261008-064058-4a8f57c-d64a-n16-r13	13	c100	engine.mem			heap_inuse	3835822080
20261008-064058-4a8f57c-d64a-n16-r13	13	c100	engine.mem			sys	7101272344
20261008-064058-4a8f57c-d64a-n16-r13	13	c100	engine.mem			avail_kib	49296668
20261008-064058-4a8f57c-d64a-n16-r13	13	c100	sample	1	1-SRR5935833	mode	parallel
20261008-064058-4a8f57c-d64a-n16-r13	13	c100	sample	1	1-SRR5935833	s3client	sdk
20261008-064058-4a8f57c-d64a-n16-r13	13	c100	sample	1	1-SRR5935833	rank	13
20261008-064058-4a8f57c-d64a-n16-r13	13	c100	sample	1	1-SRR5935833	role	home
20261008-064058-4a8f57c-d64a-n16-r13	13	c100	sample	1	1-SRR5935833	inflight	1
20261008-064058-4a8f57c-d64a-n16-r13	13	c100	sample	1	1-SRR5935833	threads	16
20261008-064058-4a8f57c-d64a-n16-r13	13	c100	sample	1	1-SRR5935833	start_s	209.019688
20261008-064058-4a8f57c-d64a-n16-r13	13	c100	sample	1	1-SRR5935833	wall_s	12.757908
20261008-064058-4a8f57c-d64a-n16-r13	13	c100	sample	1	1-SRR5935833	setup_s	0.000059
20261008-064058-4a8f57c-d64a-n16-r13	13	c100	sample	1	1-SRR5935833	classify_s	12.268033
20261008-064058-4a8f57c-d64a-n16-r13	13	c100	sample	1	1-SRR5935833	close_s	0.317937
20261008-064058-4a8f57c-d64a-n16-r13	13	c100	sample	1	1-SRR5935833	report_s	0.155810
20261008-064058-4a8f57c-d64a-n16-r13	13	c100	sample	1	1-SRR5935833	status	0
20261008-064058-4a8f57c-d64a-n16-r13	13	c100	sample	1	1-SRR5935833	sequences	12711109
20261008-064058-4a8f57c-d64a-n16-r13	13	c100	sample	1	1-SRR5935833	bases	2382418955
20261008-064058-4a8f57c-d64a-n16-r13	13	c100	sample	1	1-SRR5935833	classified	11452616
20261008-064058-4a8f57c-d64a-n16-r13	13	c100	sample	1	1-SRR5935833	place	mod
20261008-064058-4a8f57c-d64a-n16-r13	13	c100	sample	1	1-SRR5935833	weight	12711109
20261008-064058-4a8f57c-d64a-n16-r13	13	c100	engine.mem			t_s	225.1
20261008-064058-4a8f57c-d64a-n16-r13	13	c100	engine.mem			rss_kib	78556656
20261008-064058-4a8f57c-d64a-n16-r13	13	c100	engine.mem			hwm_kib	79162024
20261008-064058-4a8f57c-d64a-n16-r13	13	c100	engine.mem			heap_inuse	3902136320
20261008-064058-4a8f57c-d64a-n16-r13	13	c100	engine.mem			sys	7101272344
20261008-064058-4a8f57c-d64a-n16-r13	13	c100	engine.mem			avail_kib	48933184
20261008-064058-4a8f57c-d64a-n16-r13	13	c100	phase			batch-barrier-1	5.139918
20261008-064058-4a8f57c-d64a-n16-r13	13	c100	phase			batch-barrier-1.start_s	221.777618
20261008-064058-4a8f57c-d64a-n16-r13	13	c100	engine.mem			t_s	240.1
20261008-064058-4a8f57c-d64a-n16-r13	13	c100	engine.mem			rss_kib	78857152
20261008-064058-4a8f57c-d64a-n16-r13	13	c100	engine.mem			hwm_kib	79162024
20261008-064058-4a8f57c-d64a-n16-r13	13	c100	engine.mem			heap_inuse	5535391744
20261008-064058-4a8f57c-d64a-n16-r13	13	c100	engine.mem			sys	7101272344
20261008-064058-4a8f57c-d64a-n16-r13	13	c100	engine.mem			avail_kib	48558896
20261008-064058-4a8f57c-d64a-n16-r13	13	c100	sample	2	2-SRR5935827	mode	parallel
20261008-064058-4a8f57c-d64a-n16-r13	13	c100	sample	2	2-SRR5935827	s3client	sdk
20261008-064058-4a8f57c-d64a-n16-r13	13	c100	sample	2	2-SRR5935827	rank	13
20261008-064058-4a8f57c-d64a-n16-r13	13	c100	sample	2	2-SRR5935827	role	home
20261008-064058-4a8f57c-d64a-n16-r13	13	c100	sample	2	2-SRR5935827	inflight	1
20261008-064058-4a8f57c-d64a-n16-r13	13	c100	sample	2	2-SRR5935827	threads	16
20261008-064058-4a8f57c-d64a-n16-r13	13	c100	sample	2	2-SRR5935827	start_s	226.917584
20261008-064058-4a8f57c-d64a-n16-r13	13	c100	sample	2	2-SRR5935827	wall_s	17.566560
20261008-064058-4a8f57c-d64a-n16-r13	13	c100	sample	2	2-SRR5935827	setup_s	0.000049
20261008-064058-4a8f57c-d64a-n16-r13	13	c100	sample	2	2-SRR5935827	classify_s	17.146295
20261008-064058-4a8f57c-d64a-n16-r13	13	c100	sample	2	2-SRR5935827	close_s	0.273214
20261008-064058-4a8f57c-d64a-n16-r13	13	c100	sample	2	2-SRR5935827	report_s	0.138135
20261008-064058-4a8f57c-d64a-n16-r13	13	c100	sample	2	2-SRR5935827	status	0
20261008-064058-4a8f57c-d64a-n16-r13	13	c100	sample	2	2-SRR5935827	sequences	16260968
20261008-064058-4a8f57c-d64a-n16-r13	13	c100	sample	2	2-SRR5935827	bases	3012837135
20261008-064058-4a8f57c-d64a-n16-r13	13	c100	sample	2	2-SRR5935827	classified	15948766
20261008-064058-4a8f57c-d64a-n16-r13	13	c100	sample	2	2-SRR5935827	place	lpt
20261008-064058-4a8f57c-d64a-n16-r13	13	c100	sample	2	2-SRR5935827	weight	16260968
20261008-064058-4a8f57c-d64a-n16-r13	13	c100	engine.mem			t_s	255.1
20261008-064058-4a8f57c-d64a-n16-r13	13	c100	engine.mem			rss_kib	78880380
20261008-064058-4a8f57c-d64a-n16-r13	13	c100	engine.mem			hwm_kib	79410640
20261008-064058-4a8f57c-d64a-n16-r13	13	c100	engine.mem			heap_inuse	4749271040
20261008-064058-4a8f57c-d64a-n16-r13	13	c100	engine.mem			sys	7101272344
20261008-064058-4a8f57c-d64a-n16-r13	13	c100	engine.mem			avail_kib	48514796
20261008-064058-4a8f57c-d64a-n16-r13	13	c100	sample	2	2-SRR5935744	mode	parallel
20261008-064058-4a8f57c-d64a-n16-r13	13	c100	sample	2	2-SRR5935744	s3client	sdk
20261008-064058-4a8f57c-d64a-n16-r13	13	c100	sample	2	2-SRR5935744	rank	13
20261008-064058-4a8f57c-d64a-n16-r13	13	c100	sample	2	2-SRR5935744	role	home
20261008-064058-4a8f57c-d64a-n16-r13	13	c100	sample	2	2-SRR5935744	inflight	1
20261008-064058-4a8f57c-d64a-n16-r13	13	c100	sample	2	2-SRR5935744	threads	16
20261008-064058-4a8f57c-d64a-n16-r13	13	c100	sample	2	2-SRR5935744	start_s	244.484199
20261008-064058-4a8f57c-d64a-n16-r13	13	c100	sample	2	2-SRR5935744	wall_s	17.211344
20261008-064058-4a8f57c-d64a-n16-r13	13	c100	sample	2	2-SRR5935744	setup_s	0.000071
20261008-064058-4a8f57c-d64a-n16-r13	13	c100	sample	2	2-SRR5935744	classify_s	16.524901
20261008-064058-4a8f57c-d64a-n16-r13	13	c100	sample	2	2-SRR5935744	close_s	0.516949
20261008-064058-4a8f57c-d64a-n16-r13	13	c100	sample	2	2-SRR5935744	report_s	0.160176
20261008-064058-4a8f57c-d64a-n16-r13	13	c100	sample	2	2-SRR5935744	status	0
20261008-064058-4a8f57c-d64a-n16-r13	13	c100	sample	2	2-SRR5935744	sequences	15328347
20261008-064058-4a8f57c-d64a-n16-r13	13	c100	sample	2	2-SRR5935744	bases	2853526686
20261008-064058-4a8f57c-d64a-n16-r13	13	c100	sample	2	2-SRR5935744	classified	14998872
20261008-064058-4a8f57c-d64a-n16-r13	13	c100	sample	2	2-SRR5935744	place	lpt
20261008-064058-4a8f57c-d64a-n16-r13	13	c100	sample	2	2-SRR5935744	weight	15328347
20261008-064058-4a8f57c-d64a-n16-r13	13	c100	engine.mem			t_s	270.2
20261008-064058-4a8f57c-d64a-n16-r13	13	c100	engine.mem			rss_kib	78379052
20261008-064058-4a8f57c-d64a-n16-r13	13	c100	engine.mem			hwm_kib	79410640
20261008-064058-4a8f57c-d64a-n16-r13	13	c100	engine.mem			heap_inuse	3375513600
20261008-064058-4a8f57c-d64a-n16-r13	13	c100	engine.mem			sys	7101272344
20261008-064058-4a8f57c-d64a-n16-r13	13	c100	engine.mem			avail_kib	48743368
20261008-064058-4a8f57c-d64a-n16-r13	13	c100	sample	2	2-SRR5935766	mode	parallel
20261008-064058-4a8f57c-d64a-n16-r13	13	c100	sample	2	2-SRR5935766	s3client	sdk
20261008-064058-4a8f57c-d64a-n16-r13	13	c100	sample	2	2-SRR5935766	rank	13
20261008-064058-4a8f57c-d64a-n16-r13	13	c100	sample	2	2-SRR5935766	role	home
20261008-064058-4a8f57c-d64a-n16-r13	13	c100	sample	2	2-SRR5935766	inflight	1
20261008-064058-4a8f57c-d64a-n16-r13	13	c100	sample	2	2-SRR5935766	threads	16
20261008-064058-4a8f57c-d64a-n16-r13	13	c100	sample	2	2-SRR5935766	start_s	261.695575
20261008-064058-4a8f57c-d64a-n16-r13	13	c100	sample	2	2-SRR5935766	wall_s	15.540367
20261008-064058-4a8f57c-d64a-n16-r13	13	c100	sample	2	2-SRR5935766	setup_s	0.000069
20261008-064058-4a8f57c-d64a-n16-r13	13	c100	sample	2	2-SRR5935766	classify_s	15.163934
20261008-064058-4a8f57c-d64a-n16-r13	13	c100	sample	2	2-SRR5935766	close_s	0.229078
20261008-064058-4a8f57c-d64a-n16-r13	13	c100	sample	2	2-SRR5935766	report_s	0.137100
20261008-064058-4a8f57c-d64a-n16-r13	13	c100	sample	2	2-SRR5935766	status	0
20261008-064058-4a8f57c-d64a-n16-r13	13	c100	sample	2	2-SRR5935766	sequences	14120624
20261008-064058-4a8f57c-d64a-n16-r13	13	c100	sample	2	2-SRR5935766	bases	2649393059
20261008-064058-4a8f57c-d64a-n16-r13	13	c100	sample	2	2-SRR5935766	classified	13394795
20261008-064058-4a8f57c-d64a-n16-r13	13	c100	sample	2	2-SRR5935766	place	lpt
20261008-064058-4a8f57c-d64a-n16-r13	13	c100	sample	2	2-SRR5935766	weight	14120624
20261008-064058-4a8f57c-d64a-n16-r13	13	c100	engine.mem			t_s	285.2
20261008-064058-4a8f57c-d64a-n16-r13	13	c100	engine.mem			rss_kib	78690012
20261008-064058-4a8f57c-d64a-n16-r13	13	c100	engine.mem			hwm_kib	79410640
20261008-064058-4a8f57c-d64a-n16-r13	13	c100	engine.mem			heap_inuse	4436557824
20261008-064058-4a8f57c-d64a-n16-r13	13	c100	engine.mem			sys	7101272344
20261008-064058-4a8f57c-d64a-n16-r13	13	c100	engine.mem			avail_kib	48374656
20261008-064058-4a8f57c-d64a-n16-r13	13	c100	sample	2	2-SRR5935740	mode	parallel
20261008-064058-4a8f57c-d64a-n16-r13	13	c100	sample	2	2-SRR5935740	s3client	sdk
20261008-064058-4a8f57c-d64a-n16-r13	13	c100	sample	2	2-SRR5935740	rank	13
20261008-064058-4a8f57c-d64a-n16-r13	13	c100	sample	2	2-SRR5935740	role	home
20261008-064058-4a8f57c-d64a-n16-r13	13	c100	sample	2	2-SRR5935740	inflight	1
20261008-064058-4a8f57c-d64a-n16-r13	13	c100	sample	2	2-SRR5935740	threads	16
20261008-064058-4a8f57c-d64a-n16-r13	13	c100	sample	2	2-SRR5935740	start_s	277.235969
20261008-064058-4a8f57c-d64a-n16-r13	13	c100	sample	2	2-SRR5935740	wall_s	11.577239
20261008-064058-4a8f57c-d64a-n16-r13	13	c100	sample	2	2-SRR5935740	setup_s	0.000049
20261008-064058-4a8f57c-d64a-n16-r13	13	c100	sample	2	2-SRR5935740	classify_s	11.144189
20261008-064058-4a8f57c-d64a-n16-r13	13	c100	sample	2	2-SRR5935740	close_s	0.244300
20261008-064058-4a8f57c-d64a-n16-r13	13	c100	sample	2	2-SRR5935740	report_s	0.169898
20261008-064058-4a8f57c-d64a-n16-r13	13	c100	sample	2	2-SRR5935740	status	0
20261008-064058-4a8f57c-d64a-n16-r13	13	c100	sample	2	2-SRR5935740	sequences	10532910
20261008-064058-4a8f57c-d64a-n16-r13	13	c100	sample	2	2-SRR5935740	bases	1945093294
20261008-064058-4a8f57c-d64a-n16-r13	13	c100	sample	2	2-SRR5935740	classified	9366399
20261008-064058-4a8f57c-d64a-n16-r13	13	c100	sample	2	2-SRR5935740	place	lpt
20261008-064058-4a8f57c-d64a-n16-r13	13	c100	sample	2	2-SRR5935740	weight	10532910
20261008-064058-4a8f57c-d64a-n16-r13	13	c100	sample	2	2-SRR5935781	mode	parallel
20261008-064058-4a8f57c-d64a-n16-r13	13	c100	sample	2	2-SRR5935781	s3client	sdk
20261008-064058-4a8f57c-d64a-n16-r13	13	c100	sample	2	2-SRR5935781	rank	13
20261008-064058-4a8f57c-d64a-n16-r13	13	c100	sample	2	2-SRR5935781	role	home
20261008-064058-4a8f57c-d64a-n16-r13	13	c100	sample	2	2-SRR5935781	inflight	1
20261008-064058-4a8f57c-d64a-n16-r13	13	c100	sample	2	2-SRR5935781	threads	16
20261008-064058-4a8f57c-d64a-n16-r13	13	c100	sample	2	2-SRR5935781	start_s	288.813237
20261008-064058-4a8f57c-d64a-n16-r13	13	c100	sample	2	2-SRR5935781	wall_s	10.156334
20261008-064058-4a8f57c-d64a-n16-r13	13	c100	sample	2	2-SRR5935781	setup_s	0.000056
20261008-064058-4a8f57c-d64a-n16-r13	13	c100	sample	2	2-SRR5935781	classify_s	9.745569
20261008-064058-4a8f57c-d64a-n16-r13	13	c100	sample	2	2-SRR5935781	close_s	0.200171
20261008-064058-4a8f57c-d64a-n16-r13	13	c100	sample	2	2-SRR5935781	report_s	0.204952
20261008-064058-4a8f57c-d64a-n16-r13	13	c100	sample	2	2-SRR5935781	status	0
20261008-064058-4a8f57c-d64a-n16-r13	13	c100	sample	2	2-SRR5935781	sequences	8486948
20261008-064058-4a8f57c-d64a-n16-r13	13	c100	sample	2	2-SRR5935781	bases	1613121343
20261008-064058-4a8f57c-d64a-n16-r13	13	c100	sample	2	2-SRR5935781	classified	8270605
20261008-064058-4a8f57c-d64a-n16-r13	13	c100	sample	2	2-SRR5935781	place	lpt
20261008-064058-4a8f57c-d64a-n16-r13	13	c100	sample	2	2-SRR5935781	weight	8486948
20261008-064058-4a8f57c-d64a-n16-r13	13	c100	engine.mem			t_s	300.2
20261008-064058-4a8f57c-d64a-n16-r13	13	c100	engine.mem			rss_kib	78065908
20261008-064058-4a8f57c-d64a-n16-r13	13	c100	engine.mem			hwm_kib	79410640
20261008-064058-4a8f57c-d64a-n16-r13	13	c100	engine.mem			heap_inuse	4424769536
20261008-064058-4a8f57c-d64a-n16-r13	13	c100	engine.mem			sys	7101272344
20261008-064058-4a8f57c-d64a-n16-r13	13	c100	engine.mem			avail_kib	49347100
20261008-064058-4a8f57c-d64a-n16-r13	13	c100	sample	2	2-SRR5935836	mode	parallel
20261008-064058-4a8f57c-d64a-n16-r13	13	c100	sample	2	2-SRR5935836	s3client	sdk
20261008-064058-4a8f57c-d64a-n16-r13	13	c100	sample	2	2-SRR5935836	rank	13
20261008-064058-4a8f57c-d64a-n16-r13	13	c100	sample	2	2-SRR5935836	role	home
20261008-064058-4a8f57c-d64a-n16-r13	13	c100	sample	2	2-SRR5935836	inflight	1
20261008-064058-4a8f57c-d64a-n16-r13	13	c100	sample	2	2-SRR5935836	threads	16
20261008-064058-4a8f57c-d64a-n16-r13	13	c100	sample	2	2-SRR5935836	start_s	298.969597
20261008-064058-4a8f57c-d64a-n16-r13	13	c100	sample	2	2-SRR5935836	wall_s	7.624875
20261008-064058-4a8f57c-d64a-n16-r13	13	c100	sample	2	2-SRR5935836	setup_s	0.000065
20261008-064058-4a8f57c-d64a-n16-r13	13	c100	sample	2	2-SRR5935836	classify_s	7.244691
20261008-064058-4a8f57c-d64a-n16-r13	13	c100	sample	2	2-SRR5935836	close_s	0.235339
20261008-064058-4a8f57c-d64a-n16-r13	13	c100	sample	2	2-SRR5935836	report_s	0.138307
20261008-064058-4a8f57c-d64a-n16-r13	13	c100	sample	2	2-SRR5935836	status	0
20261008-064058-4a8f57c-d64a-n16-r13	13	c100	sample	2	2-SRR5935836	sequences	7326365
20261008-064058-4a8f57c-d64a-n16-r13	13	c100	sample	2	2-SRR5935836	bases	1333066620
20261008-064058-4a8f57c-d64a-n16-r13	13	c100	sample	2	2-SRR5935836	classified	6965607
20261008-064058-4a8f57c-d64a-n16-r13	13	c100	sample	2	2-SRR5935836	place	lpt
20261008-064058-4a8f57c-d64a-n16-r13	13	c100	sample	2	2-SRR5935836	weight	7326365
20261008-064058-4a8f57c-d64a-n16-r13	13	c100	phase			batch-barrier-2	0.454612
20261008-064058-4a8f57c-d64a-n16-r13	13	c100	phase			batch-barrier-2.start_s	306.594488
20261008-064058-4a8f57c-d64a-n16-r13	13	c100	phase			barrier	0.280066
20261008-064058-4a8f57c-d64a-n16-r13	13	c100	phase			barrier.start_s	313.512729
20261008-064058-4a8f57c-d64a-n16-r13	13	c100	sample	3	3-SRR5935740	mode	striped
20261008-064058-4a8f57c-d64a-n16-r13	13	c100	sample	3	3-SRR5935740	s3client	sdk
20261008-064058-4a8f57c-d64a-n16-r13	13	c100	sample	3	3-SRR5935740	rank	13
20261008-064058-4a8f57c-d64a-n16-r13	13	c100	sample	3	3-SRR5935740	role	peer
20261008-064058-4a8f57c-d64a-n16-r13	13	c100	sample	3	3-SRR5935740	inflight	1
20261008-064058-4a8f57c-d64a-n16-r13	13	c100	sample	3	3-SRR5935740	threads	16
20261008-064058-4a8f57c-d64a-n16-r13	13	c100	sample	3	3-SRR5935740	start_s	307.818971
20261008-064058-4a8f57c-d64a-n16-r13	13	c100	sample	3	3-SRR5935740	wall_s	5.973870
20261008-064058-4a8f57c-d64a-n16-r13	13	c100	sample	3	3-SRR5935740	setup_s	0.000057
20261008-064058-4a8f57c-d64a-n16-r13	13	c100	sample	3	3-SRR5935740	classify_s	5.689451
20261008-064058-4a8f57c-d64a-n16-r13	13	c100	sample	3	3-SRR5935740	close_s	0.000000
20261008-064058-4a8f57c-d64a-n16-r13	13	c100	sample	3	3-SRR5935740	report_s	0.000000
20261008-064058-4a8f57c-d64a-n16-r13	13	c100	sample	3	3-SRR5935740	status	0
20261008-064058-4a8f57c-d64a-n16-r13	13	c100	sample	3	3-SRR5935740	sequences	0
20261008-064058-4a8f57c-d64a-n16-r13	13	c100	sample	3	3-SRR5935740	bases	0
20261008-064058-4a8f57c-d64a-n16-r13	13	c100	sample	3	3-SRR5935740	classified	0
20261008-064058-4a8f57c-d64a-n16-r13	13	c100	sample	3	3-SRR5935740	place	-
20261008-064058-4a8f57c-d64a-n16-r13	13	c100	sample	3	3-SRR5935740	weight	-
20261008-064058-4a8f57c-d64a-n16-r13	13	c100	phase			batch-barrier-3	0.479519
20261008-064058-4a8f57c-d64a-n16-r13	13	c100	phase			batch-barrier-3.start_s	313.792859
20261008-064058-4a8f57c-d64a-n16-r13	13	c100	engine.mem			t_s	315.2
20261008-064058-4a8f57c-d64a-n16-r13	13	c100	engine.mem			rss_kib	76361480
20261008-064058-4a8f57c-d64a-n16-r13	13	c100	engine.mem			hwm_kib	79410640
20261008-064058-4a8f57c-d64a-n16-r13	13	c100	engine.mem			heap_inuse	3442188288
20261008-064058-4a8f57c-d64a-n16-r13	13	c100	engine.mem			sys	7101272344
20261008-064058-4a8f57c-d64a-n16-r13	13	c100	engine.mem			avail_kib	51279444
20261008-064058-4a8f57c-d64a-n16-r13	13	c100	phase			barrier	0.106258
20261008-064058-4a8f57c-d64a-n16-r13	13	c100	phase			barrier.start_s	320.893434
20261008-064058-4a8f57c-d64a-n16-r13	13	c100	sample	4	4-SRR5935740	mode	striped
20261008-064058-4a8f57c-d64a-n16-r13	13	c100	sample	4	4-SRR5935740	s3client	sdk
20261008-064058-4a8f57c-d64a-n16-r13	13	c100	sample	4	4-SRR5935740	rank	13
20261008-064058-4a8f57c-d64a-n16-r13	13	c100	sample	4	4-SRR5935740	role	peer
20261008-064058-4a8f57c-d64a-n16-r13	13	c100	sample	4	4-SRR5935740	inflight	1
20261008-064058-4a8f57c-d64a-n16-r13	13	c100	sample	4	4-SRR5935740	threads	16
20261008-064058-4a8f57c-d64a-n16-r13	13	c100	sample	4	4-SRR5935740	start_s	315.218132
20261008-064058-4a8f57c-d64a-n16-r13	13	c100	sample	4	4-SRR5935740	wall_s	5.781609
20261008-064058-4a8f57c-d64a-n16-r13	13	c100	sample	4	4-SRR5935740	setup_s	0.000044
20261008-064058-4a8f57c-d64a-n16-r13	13	c100	sample	4	4-SRR5935740	classify_s	5.671286
20261008-064058-4a8f57c-d64a-n16-r13	13	c100	sample	4	4-SRR5935740	close_s	0.000000
20261008-064058-4a8f57c-d64a-n16-r13	13	c100	sample	4	4-SRR5935740	report_s	0.000000
20261008-064058-4a8f57c-d64a-n16-r13	13	c100	sample	4	4-SRR5935740	status	0
20261008-064058-4a8f57c-d64a-n16-r13	13	c100	sample	4	4-SRR5935740	sequences	0
20261008-064058-4a8f57c-d64a-n16-r13	13	c100	sample	4	4-SRR5935740	bases	0
20261008-064058-4a8f57c-d64a-n16-r13	13	c100	sample	4	4-SRR5935740	classified	0
20261008-064058-4a8f57c-d64a-n16-r13	13	c100	sample	4	4-SRR5935740	place	-
20261008-064058-4a8f57c-d64a-n16-r13	13	c100	sample	4	4-SRR5935740	weight	-
20261008-064058-4a8f57c-d64a-n16-r13	13	c100	phase			batch-barrier-4	0.520269
20261008-064058-4a8f57c-d64a-n16-r13	13	c100	phase			batch-barrier-4.start_s	320.999750
20261008-064058-4a8f57c-d64a-n16-r13	13	c100	phase			barrier	0.107459
20261008-064058-4a8f57c-d64a-n16-r13	13	c100	phase			barrier.start_s	327.958054
20261008-064058-4a8f57c-d64a-n16-r13	13	c100	sample	5	5-SRR5935740	mode	striped
20261008-064058-4a8f57c-d64a-n16-r13	13	c100	sample	5	5-SRR5935740	s3client	sdk
20261008-064058-4a8f57c-d64a-n16-r13	13	c100	sample	5	5-SRR5935740	rank	13
20261008-064058-4a8f57c-d64a-n16-r13	13	c100	sample	5	5-SRR5935740	role	peer
20261008-064058-4a8f57c-d64a-n16-r13	13	c100	sample	5	5-SRR5935740	inflight	1
20261008-064058-4a8f57c-d64a-n16-r13	13	c100	sample	5	5-SRR5935740	threads	16
20261008-064058-4a8f57c-d64a-n16-r13	13	c100	sample	5	5-SRR5935740	start_s	322.274492
20261008-064058-4a8f57c-d64a-n16-r13	13	c100	sample	5	5-SRR5935740	wall_s	5.791062
20261008-064058-4a8f57c-d64a-n16-r13	13	c100	sample	5	5-SRR5935740	setup_s	0.000053
20261008-064058-4a8f57c-d64a-n16-r13	13	c100	sample	5	5-SRR5935740	classify_s	5.679055
20261008-064058-4a8f57c-d64a-n16-r13	13	c100	sample	5	5-SRR5935740	close_s	0.000000
20261008-064058-4a8f57c-d64a-n16-r13	13	c100	sample	5	5-SRR5935740	report_s	0.000000
20261008-064058-4a8f57c-d64a-n16-r13	13	c100	sample	5	5-SRR5935740	status	0
20261008-064058-4a8f57c-d64a-n16-r13	13	c100	sample	5	5-SRR5935740	sequences	0
20261008-064058-4a8f57c-d64a-n16-r13	13	c100	sample	5	5-SRR5935740	bases	0
20261008-064058-4a8f57c-d64a-n16-r13	13	c100	sample	5	5-SRR5935740	classified	0
20261008-064058-4a8f57c-d64a-n16-r13	13	c100	sample	5	5-SRR5935740	place	-
20261008-064058-4a8f57c-d64a-n16-r13	13	c100	sample	5	5-SRR5935740	weight	-
20261008-064058-4a8f57c-d64a-n16-r13	13	c100	phase			batch-barrier-5	0.575502
20261008-064058-4a8f57c-d64a-n16-r13	13	c100	phase			batch-barrier-5.start_s	328.065564
20261008-064058-4a8f57c-d64a-n16-r13	13	c100	engine.mem			t_s	330.2
20261008-064058-4a8f57c-d64a-n16-r13	13	c100	engine.mem			rss_kib	76261604
20261008-064058-4a8f57c-d64a-n16-r13	13	c100	engine.mem			hwm_kib	79410640
20261008-064058-4a8f57c-d64a-n16-r13	13	c100	engine.mem			heap_inuse	3721904128
20261008-064058-4a8f57c-d64a-n16-r13	13	c100	engine.mem			sys	7101272344
20261008-064058-4a8f57c-d64a-n16-r13	13	c100	engine.mem			avail_kib	51283456
20261008-064058-4a8f57c-d64a-n16-r13	13	c100	phase			batch-barrier-6	10.234178
20261008-064058-4a8f57c-d64a-n16-r13	13	c100	phase			batch-barrier-6.start_s	328.641082
20261008-064058-4a8f57c-d64a-n16-r13	13	c100	engine.mem			t_s	345.2
20261008-064058-4a8f57c-d64a-n16-r13	13	c100	engine.mem			rss_kib	76264448
20261008-064058-4a8f57c-d64a-n16-r13	13	c100	engine.mem			hwm_kib	79410640
20261008-064058-4a8f57c-d64a-n16-r13	13	c100	engine.mem			heap_inuse	3724886016
20261008-064058-4a8f57c-d64a-n16-r13	13	c100	engine.mem			sys	7101272344
20261008-064058-4a8f57c-d64a-n16-r13	13	c100	engine.mem			avail_kib	51494792
20261008-064058-4a8f57c-d64a-n16-r13	13	c100	phase			batch-barrier-7	10.543199
20261008-064058-4a8f57c-d64a-n16-r13	13	c100	phase			batch-barrier-7.start_s	338.875282
20261008-064058-4a8f57c-d64a-n16-r13	13	c100	phase			batch-barrier-8	10.139681
20261008-064058-4a8f57c-d64a-n16-r13	13	c100	phase			batch-barrier-8.start_s	349.418503
20261008-064058-4a8f57c-d64a-n16-r13	13	c100	engine.shard			index	0
20261008-064058-4a8f57c-d64a-n16-r13	13	c100	engine.shard			n	16
20261008-064058-4a8f57c-d64a-n16-r13	13	c100	engine.shard			lo	241534245827
20261008-064058-4a8f57c-d64a-n16-r13	13	c100	engine.shard			hi	260113803199
20261008-064058-4a8f57c-d64a-n16-r13	13	c100	engine.shard			tail	302
20261008-064058-4a8f57c-d64a-n16-r13	13	c100	engine.shard			full	false
20261008-064058-4a8f57c-d64a-n16-r13	13	c100	engine.shard			empty_at	18579557376
20261008-064058-4a8f57c-d64a-n16-r13	13	c100	engine.shard			keys	8471698086
20261008-064058-4a8f57c-d64a-n16-r13	13	c100	engine.shard			batches	89910
20261008-064058-4a8f57c-d64a-n16-r13	13	c100	engine.shard			probe_s	242.749584
20261008-064058-4a8f57c-d64a-n16-r13	13	c100	engine.shard			tail_probes	0
20261008-064058-4a8f57c-d64a-n16-r13	13	c100	engine.shard			wrap_probes	0
20261008-064058-4a8f57c-d64a-n16-r13	13	c100	engine.mem			t_s	359.6
20261008-064058-4a8f57c-d64a-n16-r13	13	c100	engine.mem			rss_kib	76266332
20261008-064058-4a8f57c-d64a-n16-r13	13	c100	engine.mem			hwm_kib	79410640
20261008-064058-4a8f57c-d64a-n16-r13	13	c100	engine.mem			heap_inuse	3727147008
20261008-064058-4a8f57c-d64a-n16-r13	13	c100	engine.mem			sys	7101272344
20261008-064058-4a8f57c-d64a-n16-r13	13	c100	engine.mem			avail_kib	51518692
20261008-064058-4a8f57c-d64a-n16-r13	13	c100	engine.rendezvous			puts	13
20261008-064058-4a8f57c-d64a-n16-r13	13	c100	engine.rendezvous			gets	323
20261008-064058-4a8f57c-d64a-n16-r13	13	c100	engine.s3			client	sdk
20261008-064058-4a8f57c-d64a-n16-r13	13	c100	engine.s3			put	31
20261008-064058-4a8f57c-d64a-n16-r13	13	c100	engine.s3			get	323
20261008-064058-4a8f57c-d64a-n16-r13	13	c100	engine.s3			create_multipart	18
20261008-064058-4a8f57c-d64a-n16-r13	13	c100	engine.s3			upload_part	2388
20261008-064058-4a8f57c-d64a-n16-r13	13	c100	engine.s3			complete_multipart	18
20261008-064058-4a8f57c-d64a-n16-r13	13	c100	engine.s3			abort_multipart	0
20261008-064058-4a8f57c-d64a-n16-r13	13	c100	engine.s3			part_bytes	19960580095
20261008-064058-4a8f57c-d64a-n16-r13	13	c100	engine.s3			client	cli
20261008-064058-4a8f57c-d64a-n16-r13	13	c100	engine.s3			put	0
20261008-064058-4a8f57c-d64a-n16-r13	13	c100	engine.s3			get	0
20261008-064058-4a8f57c-d64a-n16-r13	13	c100	engine.s3			create_multipart	0
20261008-064058-4a8f57c-d64a-n16-r13	13	c100	engine.s3			upload_part	0
20261008-064058-4a8f57c-d64a-n16-r13	13	c100	engine.s3			complete_multipart	0
20261008-064058-4a8f57c-d64a-n16-r13	13	c100	engine.s3			abort_multipart	0
20261008-064058-4a8f57c-d64a-n16-r13	13	c100	engine.s3			part_bytes	0
20261008-064058-4a8f57c-d64a-n16-r13	13	c100	engine.load			seconds	48.216457
20261008-064058-4a8f57c-d64a-n16-r13	13	c100	engine.load			requests	1126
20261008-064058-4a8f57c-d64a-n16-r13	13	c100	engine.load			retries	0
20261008-064058-4a8f57c-d64a-n16-r13	13	c100	engine.load			bytes	74318296296
20261008-064058-4a8f57c-d64a-n16-r13	13	c100	engine.route			transport	nodes
20261008-064058-4a8f57c-d64a-n16-r13	13	c100	engine.route			calls	5951
20261008-064058-4a8f57c-d64a-n16-r13	13	c100	engine.route			keys	9003002404
20261008-064058-4a8f57c-d64a-n16-r13	13	c100	engine.route			batches	95216
20261008-064058-4a8f57c-d64a-n16-r13	13	c100	engine.route			route_s	112.374674
20261008-064058-4a8f57c-d64a-n16-r13	13	c100	engine.route			wait_s	360.547708
20261008-064058-4a8f57c-d64a-n16-r13	13	c100	engine.route			gather_s	20.904752
20261008-064058-4a8f57c-d64a-n16-r13	13	c100	engine.worker			scan_s	822.359310
20261008-064058-4a8f57c-d64a-n16-r13	13	c100	engine.worker			lookup_s	493.832295
20261008-064058-4a8f57c-d64a-n16-r13	13	c100	engine.worker			classify_s	735.330692
20261008-064058-4a8f57c-d64a-n16-r13	13	c100	phase			total	359.700158
20261008-064058-4a8f57c-d64a-n16-r13	13	c100	phase			total.start_s	0.000001
20261008-064058-4a8f57c-d64a-n16-r14	14	c100	phase			taxo	0.100488
20261008-064058-4a8f57c-d64a-n16-r14	14	c100	phase			taxo.start_s	0.002868
20261008-064058-4a8f57c-d64a-n16-r14	14	c100	engine.mem			t_s	15.0
20261008-064058-4a8f57c-d64a-n16-r14	14	c100	engine.mem			rss_kib	21454288
20261008-064058-4a8f57c-d64a-n16-r14	14	c100	engine.mem			hwm_kib	21454288
20261008-064058-4a8f57c-d64a-n16-r14	14	c100	engine.mem			heap_inuse	394240000
20261008-064058-4a8f57c-d64a-n16-r14	14	c100	engine.mem			sys	409786728
20261008-064058-4a8f57c-d64a-n16-r14	14	c100	engine.mem			avail_kib	106238612
20261008-064058-4a8f57c-d64a-n16-r14	14	c100	engine.mem			t_s	30.0
20261008-064058-4a8f57c-d64a-n16-r14	14	c100	engine.mem			rss_kib	42324936
20261008-064058-4a8f57c-d64a-n16-r14	14	c100	engine.mem			hwm_kib	42324940
20261008-064058-4a8f57c-d64a-n16-r14	14	c100	engine.mem			heap_inuse	395943936
20261008-064058-4a8f57c-d64a-n16-r14	14	c100	engine.mem			sys	409786728
20261008-064058-4a8f57c-d64a-n16-r14	14	c100	engine.mem			avail_kib	85354296
20261008-064058-4a8f57c-d64a-n16-r14	14	c100	engine.mem			t_s	45.0
20261008-064058-4a8f57c-d64a-n16-r14	14	c100	engine.mem			rss_kib	67730476
20261008-064058-4a8f57c-d64a-n16-r14	14	c100	engine.mem			hwm_kib	67730476
20261008-064058-4a8f57c-d64a-n16-r14	14	c100	engine.mem			heap_inuse	398073856
20261008-064058-4a8f57c-d64a-n16-r14	14	c100	engine.mem			sys	413981032
20261008-064058-4a8f57c-d64a-n16-r14	14	c100	engine.mem			avail_kib	59857888
20261008-064058-4a8f57c-d64a-n16-r14	14	c100	phase			shard-load-14	47.839502
20261008-064058-4a8f57c-d64a-n16-r14	14	c100	phase			shard-load-14.start_s	0.179857
20261008-064058-4a8f57c-d64a-n16-r14	14	c100	phase			rendezvous	8.258031
20261008-064058-4a8f57c-d64a-n16-r14	14	c100	phase			rendezvous.start_s	48.408397
20261008-064058-4a8f57c-d64a-n16-r14	14	c100	phase			connect	0.273519
20261008-064058-4a8f57c-d64a-n16-r14	14	c100	phase			connect.start_s	56.666447
20261008-064058-4a8f57c-d64a-n16-r14	14	c100	phase			hash	56.836551
20261008-064058-4a8f57c-d64a-n16-r14	14	c100	phase			hash.start_s	0.103444
20261008-064058-4a8f57c-d64a-n16-r14	14	c100	engine.mem			t_s	60.0
20261008-064058-4a8f57c-d64a-n16-r14	14	c100	engine.mem			rss_kib	77595384
20261008-064058-4a8f57c-d64a-n16-r14	14	c100	engine.mem			hwm_kib	77595384
20261008-064058-4a8f57c-d64a-n16-r14	14	c100	engine.mem			heap_inuse	4829454336
20261008-064058-4a8f57c-d64a-n16-r14	14	c100	engine.mem			sys	5285920488
20261008-064058-4a8f57c-d64a-n16-r14	14	c100	engine.mem			avail_kib	49976628
20261008-064058-4a8f57c-d64a-n16-r14	14	c100	sample	0	0-SRR5935770	mode	parallel
20261008-064058-4a8f57c-d64a-n16-r14	14	c100	sample	0	0-SRR5935770	s3client	sdk
20261008-064058-4a8f57c-d64a-n16-r14	14	c100	sample	0	0-SRR5935770	rank	14
20261008-064058-4a8f57c-d64a-n16-r14	14	c100	sample	0	0-SRR5935770	role	home
20261008-064058-4a8f57c-d64a-n16-r14	14	c100	sample	0	0-SRR5935770	inflight	1
20261008-064058-4a8f57c-d64a-n16-r14	14	c100	sample	0	0-SRR5935770	threads	16
20261008-064058-4a8f57c-d64a-n16-r14	14	c100	sample	0	0-SRR5935770	start_s	56.940043
20261008-064058-4a8f57c-d64a-n16-r14	14	c100	sample	0	0-SRR5935770	wall_s	17.880677
20261008-064058-4a8f57c-d64a-n16-r14	14	c100	sample	0	0-SRR5935770	setup_s	0.000081
20261008-064058-4a8f57c-d64a-n16-r14	14	c100	sample	0	0-SRR5935770	classify_s	17.467946
20261008-064058-4a8f57c-d64a-n16-r14	14	c100	sample	0	0-SRR5935770	close_s	0.243142
20261008-064058-4a8f57c-d64a-n16-r14	14	c100	sample	0	0-SRR5935770	report_s	0.158117
20261008-064058-4a8f57c-d64a-n16-r14	14	c100	sample	0	0-SRR5935770	status	0
20261008-064058-4a8f57c-d64a-n16-r14	14	c100	sample	0	0-SRR5935770	sequences	16180463
20261008-064058-4a8f57c-d64a-n16-r14	14	c100	sample	0	0-SRR5935770	bases	3026482353
20261008-064058-4a8f57c-d64a-n16-r14	14	c100	sample	0	0-SRR5935770	classified	15739294
20261008-064058-4a8f57c-d64a-n16-r14	14	c100	sample	0	0-SRR5935770	place	lpt
20261008-064058-4a8f57c-d64a-n16-r14	14	c100	sample	0	0-SRR5935770	weight	16180463
20261008-064058-4a8f57c-d64a-n16-r14	14	c100	engine.mem			t_s	75.0
20261008-064058-4a8f57c-d64a-n16-r14	14	c100	engine.mem			rss_kib	78442540
20261008-064058-4a8f57c-d64a-n16-r14	14	c100	engine.mem			hwm_kib	78545452
20261008-064058-4a8f57c-d64a-n16-r14	14	c100	engine.mem			heap_inuse	5280251904
20261008-064058-4a8f57c-d64a-n16-r14	14	c100	engine.mem			sys	6243676120
20261008-064058-4a8f57c-d64a-n16-r14	14	c100	engine.mem			avail_kib	48667604
20261008-064058-4a8f57c-d64a-n16-r14	14	c100	engine.mem			t_s	90.0
20261008-064058-4a8f57c-d64a-n16-r14	14	c100	engine.mem			rss_kib	78535520
20261008-064058-4a8f57c-d64a-n16-r14	14	c100	engine.mem			hwm_kib	78545452
20261008-064058-4a8f57c-d64a-n16-r14	14	c100	engine.mem			heap_inuse	5134000128
20261008-064058-4a8f57c-d64a-n16-r14	14	c100	engine.mem			sys	6243692504
20261008-064058-4a8f57c-d64a-n16-r14	14	c100	engine.mem			avail_kib	48902812
20261008-064058-4a8f57c-d64a-n16-r14	14	c100	sample	0	0-SRR5935808	mode	parallel
20261008-064058-4a8f57c-d64a-n16-r14	14	c100	sample	0	0-SRR5935808	s3client	sdk
20261008-064058-4a8f57c-d64a-n16-r14	14	c100	sample	0	0-SRR5935808	rank	14
20261008-064058-4a8f57c-d64a-n16-r14	14	c100	sample	0	0-SRR5935808	role	home
20261008-064058-4a8f57c-d64a-n16-r14	14	c100	sample	0	0-SRR5935808	inflight	1
20261008-064058-4a8f57c-d64a-n16-r14	14	c100	sample	0	0-SRR5935808	threads	16
20261008-064058-4a8f57c-d64a-n16-r14	14	c100	sample	0	0-SRR5935808	start_s	74.820752
20261008-064058-4a8f57c-d64a-n16-r14	14	c100	sample	0	0-SRR5935808	wall_s	16.786358
20261008-064058-4a8f57c-d64a-n16-r14	14	c100	sample	0	0-SRR5935808	setup_s	0.000064
20261008-064058-4a8f57c-d64a-n16-r14	14	c100	sample	0	0-SRR5935808	classify_s	16.328799
20261008-064058-4a8f57c-d64a-n16-r14	14	c100	sample	0	0-SRR5935808	close_s	0.215006
20261008-064058-4a8f57c-d64a-n16-r14	14	c100	sample	0	0-SRR5935808	report_s	0.231855
20261008-064058-4a8f57c-d64a-n16-r14	14	c100	sample	0	0-SRR5935808	status	0
20261008-064058-4a8f57c-d64a-n16-r14	14	c100	sample	0	0-SRR5935808	sequences	15500933
20261008-064058-4a8f57c-d64a-n16-r14	14	c100	sample	0	0-SRR5935808	bases	2889469649
20261008-064058-4a8f57c-d64a-n16-r14	14	c100	sample	0	0-SRR5935808	classified	14777244
20261008-064058-4a8f57c-d64a-n16-r14	14	c100	sample	0	0-SRR5935808	place	lpt
20261008-064058-4a8f57c-d64a-n16-r14	14	c100	sample	0	0-SRR5935808	weight	15500933
20261008-064058-4a8f57c-d64a-n16-r14	14	c100	engine.mem			t_s	105.1
20261008-064058-4a8f57c-d64a-n16-r14	14	c100	engine.mem			rss_kib	78886720
20261008-064058-4a8f57c-d64a-n16-r14	14	c100	engine.mem			hwm_kib	79195028
20261008-064058-4a8f57c-d64a-n16-r14	14	c100	engine.mem			heap_inuse	5156945920
20261008-064058-4a8f57c-d64a-n16-r14	14	c100	engine.mem			sys	6914429160
20261008-064058-4a8f57c-d64a-n16-r14	14	c100	engine.mem			avail_kib	48460296
20261008-064058-4a8f57c-d64a-n16-r14	14	c100	sample	0	0-SRR5935804	mode	parallel
20261008-064058-4a8f57c-d64a-n16-r14	14	c100	sample	0	0-SRR5935804	s3client	sdk
20261008-064058-4a8f57c-d64a-n16-r14	14	c100	sample	0	0-SRR5935804	rank	14
20261008-064058-4a8f57c-d64a-n16-r14	14	c100	sample	0	0-SRR5935804	role	home
20261008-064058-4a8f57c-d64a-n16-r14	14	c100	sample	0	0-SRR5935804	inflight	1
20261008-064058-4a8f57c-d64a-n16-r14	14	c100	sample	0	0-SRR5935804	threads	16
20261008-064058-4a8f57c-d64a-n16-r14	14	c100	sample	0	0-SRR5935804	start_s	91.607144
20261008-064058-4a8f57c-d64a-n16-r14	14	c100	sample	0	0-SRR5935804	wall_s	14.088571
20261008-064058-4a8f57c-d64a-n16-r14	14	c100	sample	0	0-SRR5935804	setup_s	0.000069
20261008-064058-4a8f57c-d64a-n16-r14	14	c100	sample	0	0-SRR5935804	classify_s	13.672643
20261008-064058-4a8f57c-d64a-n16-r14	14	c100	sample	0	0-SRR5935804	close_s	0.215839
20261008-064058-4a8f57c-d64a-n16-r14	14	c100	sample	0	0-SRR5935804	report_s	0.187761
20261008-064058-4a8f57c-d64a-n16-r14	14	c100	sample	0	0-SRR5935804	status	0
20261008-064058-4a8f57c-d64a-n16-r14	14	c100	sample	0	0-SRR5935804	sequences	13253368
20261008-064058-4a8f57c-d64a-n16-r14	14	c100	sample	0	0-SRR5935804	bases	2414153428
20261008-064058-4a8f57c-d64a-n16-r14	14	c100	sample	0	0-SRR5935804	classified	12329188
20261008-064058-4a8f57c-d64a-n16-r14	14	c100	sample	0	0-SRR5935804	place	lpt
20261008-064058-4a8f57c-d64a-n16-r14	14	c100	sample	0	0-SRR5935804	weight	13253368
20261008-064058-4a8f57c-d64a-n16-r14	14	c100	sample	0	0-SRR5935769	mode	parallel
20261008-064058-4a8f57c-d64a-n16-r14	14	c100	sample	0	0-SRR5935769	s3client	sdk
20261008-064058-4a8f57c-d64a-n16-r14	14	c100	sample	0	0-SRR5935769	rank	14
20261008-064058-4a8f57c-d64a-n16-r14	14	c100	sample	0	0-SRR5935769	role	home
20261008-064058-4a8f57c-d64a-n16-r14	14	c100	sample	0	0-SRR5935769	inflight	1
20261008-064058-4a8f57c-d64a-n16-r14	14	c100	sample	0	0-SRR5935769	threads	16
20261008-064058-4a8f57c-d64a-n16-r14	14	c100	sample	0	0-SRR5935769	start_s	105.695741
20261008-064058-4a8f57c-d64a-n16-r14	14	c100	sample	0	0-SRR5935769	wall_s	12.437683
20261008-064058-4a8f57c-d64a-n16-r14	14	c100	sample	0	0-SRR5935769	setup_s	0.000074
20261008-064058-4a8f57c-d64a-n16-r14	14	c100	sample	0	0-SRR5935769	classify_s	12.002803
20261008-064058-4a8f57c-d64a-n16-r14	14	c100	sample	0	0-SRR5935769	close_s	0.250753
20261008-064058-4a8f57c-d64a-n16-r14	14	c100	sample	0	0-SRR5935769	report_s	0.171291
20261008-064058-4a8f57c-d64a-n16-r14	14	c100	sample	0	0-SRR5935769	status	0
20261008-064058-4a8f57c-d64a-n16-r14	14	c100	sample	0	0-SRR5935769	sequences	11374148
20261008-064058-4a8f57c-d64a-n16-r14	14	c100	sample	0	0-SRR5935769	bases	2063466726
20261008-064058-4a8f57c-d64a-n16-r14	14	c100	sample	0	0-SRR5935769	classified	10686284
20261008-064058-4a8f57c-d64a-n16-r14	14	c100	sample	0	0-SRR5935769	place	lpt
20261008-064058-4a8f57c-d64a-n16-r14	14	c100	sample	0	0-SRR5935769	weight	11374148
20261008-064058-4a8f57c-d64a-n16-r14	14	c100	engine.mem			t_s	120.1
20261008-064058-4a8f57c-d64a-n16-r14	14	c100	engine.mem			rss_kib	78061392
20261008-064058-4a8f57c-d64a-n16-r14	14	c100	engine.mem			hwm_kib	79195028
20261008-064058-4a8f57c-d64a-n16-r14	14	c100	engine.mem			heap_inuse	4765114368
20261008-064058-4a8f57c-d64a-n16-r14	14	c100	engine.mem			sys	6914740456
20261008-064058-4a8f57c-d64a-n16-r14	14	c100	engine.mem			avail_kib	49139528
20261008-064058-4a8f57c-d64a-n16-r14	14	c100	sample	0	0-SRR5935797	mode	parallel
20261008-064058-4a8f57c-d64a-n16-r14	14	c100	sample	0	0-SRR5935797	s3client	sdk
20261008-064058-4a8f57c-d64a-n16-r14	14	c100	sample	0	0-SRR5935797	rank	14
20261008-064058-4a8f57c-d64a-n16-r14	14	c100	sample	0	0-SRR5935797	role	home
20261008-064058-4a8f57c-d64a-n16-r14	14	c100	sample	0	0-SRR5935797	inflight	1
20261008-064058-4a8f57c-d64a-n16-r14	14	c100	sample	0	0-SRR5935797	threads	16
20261008-064058-4a8f57c-d64a-n16-r14	14	c100	sample	0	0-SRR5935797	start_s	118.133455
20261008-064058-4a8f57c-d64a-n16-r14	14	c100	sample	0	0-SRR5935797	wall_s	9.381960
20261008-064058-4a8f57c-d64a-n16-r14	14	c100	sample	0	0-SRR5935797	setup_s	0.000083
20261008-064058-4a8f57c-d64a-n16-r14	14	c100	sample	0	0-SRR5935797	classify_s	9.013190
20261008-064058-4a8f57c-d64a-n16-r14	14	c100	sample	0	0-SRR5935797	close_s	0.212351
20261008-064058-4a8f57c-d64a-n16-r14	14	c100	sample	0	0-SRR5935797	report_s	0.147369
20261008-064058-4a8f57c-d64a-n16-r14	14	c100	sample	0	0-SRR5935797	status	0
20261008-064058-4a8f57c-d64a-n16-r14	14	c100	sample	0	0-SRR5935797	sequences	8439357
20261008-064058-4a8f57c-d64a-n16-r14	14	c100	sample	0	0-SRR5935797	bases	1550811438
20261008-064058-4a8f57c-d64a-n16-r14	14	c100	sample	0	0-SRR5935797	classified	8138623
20261008-064058-4a8f57c-d64a-n16-r14	14	c100	sample	0	0-SRR5935797	place	lpt
20261008-064058-4a8f57c-d64a-n16-r14	14	c100	sample	0	0-SRR5935797	weight	8439357
20261008-064058-4a8f57c-d64a-n16-r14	14	c100	engine.mem			t_s	135.1
20261008-064058-4a8f57c-d64a-n16-r14	14	c100	engine.mem			rss_kib	78853328
20261008-064058-4a8f57c-d64a-n16-r14	14	c100	engine.mem			hwm_kib	79195028
20261008-064058-4a8f57c-d64a-n16-r14	14	c100	engine.mem			heap_inuse	5351546880
20261008-064058-4a8f57c-d64a-n16-r14	14	c100	engine.mem			sys	6915068136
20261008-064058-4a8f57c-d64a-n16-r14	14	c100	engine.mem			avail_kib	48483888
20261008-064058-4a8f57c-d64a-n16-r14	14	c100	sample	0	0-SRR5935815	mode	parallel
20261008-064058-4a8f57c-d64a-n16-r14	14	c100	sample	0	0-SRR5935815	s3client	sdk
20261008-064058-4a8f57c-d64a-n16-r14	14	c100	sample	0	0-SRR5935815	rank	14
20261008-064058-4a8f57c-d64a-n16-r14	14	c100	sample	0	0-SRR5935815	role	home
20261008-064058-4a8f57c-d64a-n16-r14	14	c100	sample	0	0-SRR5935815	inflight	1
20261008-064058-4a8f57c-d64a-n16-r14	14	c100	sample	0	0-SRR5935815	threads	16
20261008-064058-4a8f57c-d64a-n16-r14	14	c100	sample	0	0-SRR5935815	start_s	127.515441
20261008-064058-4a8f57c-d64a-n16-r14	14	c100	sample	0	0-SRR5935815	wall_s	7.820488
20261008-064058-4a8f57c-d64a-n16-r14	14	c100	sample	0	0-SRR5935815	setup_s	0.000065
20261008-064058-4a8f57c-d64a-n16-r14	14	c100	sample	0	0-SRR5935815	classify_s	7.386268
20261008-064058-4a8f57c-d64a-n16-r14	14	c100	sample	0	0-SRR5935815	close_s	0.287498
20261008-064058-4a8f57c-d64a-n16-r14	14	c100	sample	0	0-SRR5935815	report_s	0.139498
20261008-064058-4a8f57c-d64a-n16-r14	14	c100	sample	0	0-SRR5935815	status	0
20261008-064058-4a8f57c-d64a-n16-r14	14	c100	sample	0	0-SRR5935815	sequences	7153468
20261008-064058-4a8f57c-d64a-n16-r14	14	c100	sample	0	0-SRR5935815	bases	1337267943
20261008-064058-4a8f57c-d64a-n16-r14	14	c100	sample	0	0-SRR5935815	classified	6947959
20261008-064058-4a8f57c-d64a-n16-r14	14	c100	sample	0	0-SRR5935815	place	lpt
20261008-064058-4a8f57c-d64a-n16-r14	14	c100	sample	0	0-SRR5935815	weight	7153468
20261008-064058-4a8f57c-d64a-n16-r14	14	c100	phase			batch-barrier-0	0.447570
20261008-064058-4a8f57c-d64a-n16-r14	14	c100	phase			batch-barrier-0.start_s	135.335951
20261008-064058-4a8f57c-d64a-n16-r14	14	c100	sample	1	1-SRR5935754	mode	parallel
20261008-064058-4a8f57c-d64a-n16-r14	14	c100	sample	1	1-SRR5935754	s3client	sdk
20261008-064058-4a8f57c-d64a-n16-r14	14	c100	sample	1	1-SRR5935754	rank	14
20261008-064058-4a8f57c-d64a-n16-r14	14	c100	sample	1	1-SRR5935754	role	home
20261008-064058-4a8f57c-d64a-n16-r14	14	c100	sample	1	1-SRR5935754	inflight	1
20261008-064058-4a8f57c-d64a-n16-r14	14	c100	sample	1	1-SRR5935754	threads	16
20261008-064058-4a8f57c-d64a-n16-r14	14	c100	sample	1	1-SRR5935754	start_s	135.783549
20261008-064058-4a8f57c-d64a-n16-r14	14	c100	sample	1	1-SRR5935754	wall_s	11.276169
20261008-064058-4a8f57c-d64a-n16-r14	14	c100	sample	1	1-SRR5935754	setup_s	0.000048
20261008-064058-4a8f57c-d64a-n16-r14	14	c100	sample	1	1-SRR5935754	classify_s	10.848607
20261008-064058-4a8f57c-d64a-n16-r14	14	c100	sample	1	1-SRR5935754	close_s	0.233844
20261008-064058-4a8f57c-d64a-n16-r14	14	c100	sample	1	1-SRR5935754	report_s	0.177500
20261008-064058-4a8f57c-d64a-n16-r14	14	c100	sample	1	1-SRR5935754	status	0
20261008-064058-4a8f57c-d64a-n16-r14	14	c100	sample	1	1-SRR5935754	sequences	10479816
20261008-064058-4a8f57c-d64a-n16-r14	14	c100	sample	1	1-SRR5935754	bases	1916830360
20261008-064058-4a8f57c-d64a-n16-r14	14	c100	sample	1	1-SRR5935754	classified	9679024
20261008-064058-4a8f57c-d64a-n16-r14	14	c100	sample	1	1-SRR5935754	place	mod
20261008-064058-4a8f57c-d64a-n16-r14	14	c100	sample	1	1-SRR5935754	weight	10479816
20261008-064058-4a8f57c-d64a-n16-r14	14	c100	engine.mem			t_s	150.1
20261008-064058-4a8f57c-d64a-n16-r14	14	c100	engine.mem			rss_kib	78215656
20261008-064058-4a8f57c-d64a-n16-r14	14	c100	engine.mem			hwm_kib	79195028
20261008-064058-4a8f57c-d64a-n16-r14	14	c100	engine.mem			heap_inuse	5001969664
20261008-064058-4a8f57c-d64a-n16-r14	14	c100	engine.mem			sys	6915068136
20261008-064058-4a8f57c-d64a-n16-r14	14	c100	engine.mem			avail_kib	49504028
20261008-064058-4a8f57c-d64a-n16-r14	14	c100	sample	1	1-SRR5935770	mode	parallel
20261008-064058-4a8f57c-d64a-n16-r14	14	c100	sample	1	1-SRR5935770	s3client	sdk
20261008-064058-4a8f57c-d64a-n16-r14	14	c100	sample	1	1-SRR5935770	rank	14
20261008-064058-4a8f57c-d64a-n16-r14	14	c100	sample	1	1-SRR5935770	role	home
20261008-064058-4a8f57c-d64a-n16-r14	14	c100	sample	1	1-SRR5935770	inflight	1
20261008-064058-4a8f57c-d64a-n16-r14	14	c100	sample	1	1-SRR5935770	threads	16
20261008-064058-4a8f57c-d64a-n16-r14	14	c100	sample	1	1-SRR5935770	start_s	147.059744
20261008-064058-4a8f57c-d64a-n16-r14	14	c100	sample	1	1-SRR5935770	wall_s	17.740015
20261008-064058-4a8f57c-d64a-n16-r14	14	c100	sample	1	1-SRR5935770	setup_s	0.000060
20261008-064058-4a8f57c-d64a-n16-r14	14	c100	sample	1	1-SRR5935770	classify_s	17.321750
20261008-064058-4a8f57c-d64a-n16-r14	14	c100	sample	1	1-SRR5935770	close_s	0.247043
20261008-064058-4a8f57c-d64a-n16-r14	14	c100	sample	1	1-SRR5935770	report_s	0.159271
20261008-064058-4a8f57c-d64a-n16-r14	14	c100	sample	1	1-SRR5935770	status	0
20261008-064058-4a8f57c-d64a-n16-r14	14	c100	sample	1	1-SRR5935770	sequences	16180463
20261008-064058-4a8f57c-d64a-n16-r14	14	c100	sample	1	1-SRR5935770	bases	3026482353
20261008-064058-4a8f57c-d64a-n16-r14	14	c100	sample	1	1-SRR5935770	classified	15739294
20261008-064058-4a8f57c-d64a-n16-r14	14	c100	sample	1	1-SRR5935770	place	mod
20261008-064058-4a8f57c-d64a-n16-r14	14	c100	sample	1	1-SRR5935770	weight	16180463
20261008-064058-4a8f57c-d64a-n16-r14	14	c100	engine.mem			t_s	165.1
20261008-064058-4a8f57c-d64a-n16-r14	14	c100	engine.mem			rss_kib	78782124
20261008-064058-4a8f57c-d64a-n16-r14	14	c100	engine.mem			hwm_kib	79195028
20261008-064058-4a8f57c-d64a-n16-r14	14	c100	engine.mem			heap_inuse	1476280320
20261008-064058-4a8f57c-d64a-n16-r14	14	c100	engine.mem			sys	6915330280
20261008-064058-4a8f57c-d64a-n16-r14	14	c100	engine.mem			avail_kib	48745576
20261008-064058-4a8f57c-d64a-n16-r14	14	c100	sample	1	1-SRR5935786	mode	parallel
20261008-064058-4a8f57c-d64a-n16-r14	14	c100	sample	1	1-SRR5935786	s3client	sdk
20261008-064058-4a8f57c-d64a-n16-r14	14	c100	sample	1	1-SRR5935786	rank	14
20261008-064058-4a8f57c-d64a-n16-r14	14	c100	sample	1	1-SRR5935786	role	home
20261008-064058-4a8f57c-d64a-n16-r14	14	c100	sample	1	1-SRR5935786	inflight	1
20261008-064058-4a8f57c-d64a-n16-r14	14	c100	sample	1	1-SRR5935786	threads	16
20261008-064058-4a8f57c-d64a-n16-r14	14	c100	sample	1	1-SRR5935786	start_s	164.799785
20261008-064058-4a8f57c-d64a-n16-r14	14	c100	sample	1	1-SRR5935786	wall_s	11.259789
20261008-064058-4a8f57c-d64a-n16-r14	14	c100	sample	1	1-SRR5935786	setup_s	0.000061
20261008-064058-4a8f57c-d64a-n16-r14	14	c100	sample	1	1-SRR5935786	classify_s	10.885208
20261008-064058-4a8f57c-d64a-n16-r14	14	c100	sample	1	1-SRR5935786	close_s	0.193967
20261008-064058-4a8f57c-d64a-n16-r14	14	c100	sample	1	1-SRR5935786	report_s	0.169185
20261008-064058-4a8f57c-d64a-n16-r14	14	c100	sample	1	1-SRR5935786	status	0
20261008-064058-4a8f57c-d64a-n16-r14	14	c100	sample	1	1-SRR5935786	sequences	10054299
20261008-064058-4a8f57c-d64a-n16-r14	14	c100	sample	1	1-SRR5935786	bases	1885642952
20261008-064058-4a8f57c-d64a-n16-r14	14	c100	sample	1	1-SRR5935786	classified	9575405
20261008-064058-4a8f57c-d64a-n16-r14	14	c100	sample	1	1-SRR5935786	place	mod
20261008-064058-4a8f57c-d64a-n16-r14	14	c100	sample	1	1-SRR5935786	weight	10054299
20261008-064058-4a8f57c-d64a-n16-r14	14	c100	engine.mem			t_s	180.1
20261008-064058-4a8f57c-d64a-n16-r14	14	c100	engine.mem			rss_kib	78183316
20261008-064058-4a8f57c-d64a-n16-r14	14	c100	engine.mem			hwm_kib	79195028
20261008-064058-4a8f57c-d64a-n16-r14	14	c100	engine.mem			heap_inuse	3541237760
20261008-064058-4a8f57c-d64a-n16-r14	14	c100	engine.mem			sys	6915363048
20261008-064058-4a8f57c-d64a-n16-r14	14	c100	engine.mem			avail_kib	49376976
20261008-064058-4a8f57c-d64a-n16-r14	14	c100	sample	1	1-SRR5935802	mode	parallel
20261008-064058-4a8f57c-d64a-n16-r14	14	c100	sample	1	1-SRR5935802	s3client	sdk
20261008-064058-4a8f57c-d64a-n16-r14	14	c100	sample	1	1-SRR5935802	rank	14
20261008-064058-4a8f57c-d64a-n16-r14	14	c100	sample	1	1-SRR5935802	role	home
20261008-064058-4a8f57c-d64a-n16-r14	14	c100	sample	1	1-SRR5935802	inflight	1
20261008-064058-4a8f57c-d64a-n16-r14	14	c100	sample	1	1-SRR5935802	threads	16
20261008-064058-4a8f57c-d64a-n16-r14	14	c100	sample	1	1-SRR5935802	start_s	176.059600
20261008-064058-4a8f57c-d64a-n16-r14	14	c100	sample	1	1-SRR5935802	wall_s	18.008324
20261008-064058-4a8f57c-d64a-n16-r14	14	c100	sample	1	1-SRR5935802	setup_s	0.000063
20261008-064058-4a8f57c-d64a-n16-r14	14	c100	sample	1	1-SRR5935802	classify_s	17.555695
20261008-064058-4a8f57c-d64a-n16-r14	14	c100	sample	1	1-SRR5935802	close_s	0.239098
20261008-064058-4a8f57c-d64a-n16-r14	14	c100	sample	1	1-SRR5935802	report_s	0.204809
20261008-064058-4a8f57c-d64a-n16-r14	14	c100	sample	1	1-SRR5935802	status	0
20261008-064058-4a8f57c-d64a-n16-r14	14	c100	sample	1	1-SRR5935802	sequences	16720060
20261008-064058-4a8f57c-d64a-n16-r14	14	c100	sample	1	1-SRR5935802	bases	3103131942
20261008-064058-4a8f57c-d64a-n16-r14	14	c100	sample	1	1-SRR5935802	classified	16427692
20261008-064058-4a8f57c-d64a-n16-r14	14	c100	sample	1	1-SRR5935802	place	mod
20261008-064058-4a8f57c-d64a-n16-r14	14	c100	sample	1	1-SRR5935802	weight	16720060
20261008-064058-4a8f57c-d64a-n16-r14	14	c100	engine.mem			t_s	195.1
20261008-064058-4a8f57c-d64a-n16-r14	14	c100	engine.mem			rss_kib	77591500
20261008-064058-4a8f57c-d64a-n16-r14	14	c100	engine.mem			hwm_kib	79195028
20261008-064058-4a8f57c-d64a-n16-r14	14	c100	engine.mem			heap_inuse	4059045888
20261008-064058-4a8f57c-d64a-n16-r14	14	c100	engine.mem			sys	6915363048
20261008-064058-4a8f57c-d64a-n16-r14	14	c100	engine.mem			avail_kib	49742196
20261008-064058-4a8f57c-d64a-n16-r14	14	c100	sample	1	1-SRR5935818	mode	parallel
20261008-064058-4a8f57c-d64a-n16-r14	14	c100	sample	1	1-SRR5935818	s3client	sdk
20261008-064058-4a8f57c-d64a-n16-r14	14	c100	sample	1	1-SRR5935818	rank	14
20261008-064058-4a8f57c-d64a-n16-r14	14	c100	sample	1	1-SRR5935818	role	home
20261008-064058-4a8f57c-d64a-n16-r14	14	c100	sample	1	1-SRR5935818	inflight	1
20261008-064058-4a8f57c-d64a-n16-r14	14	c100	sample	1	1-SRR5935818	threads	16
20261008-064058-4a8f57c-d64a-n16-r14	14	c100	sample	1	1-SRR5935818	start_s	194.067952
20261008-064058-4a8f57c-d64a-n16-r14	14	c100	sample	1	1-SRR5935818	wall_s	9.861336
20261008-064058-4a8f57c-d64a-n16-r14	14	c100	sample	1	1-SRR5935818	setup_s	0.000070
20261008-064058-4a8f57c-d64a-n16-r14	14	c100	sample	1	1-SRR5935818	classify_s	9.508847
20261008-064058-4a8f57c-d64a-n16-r14	14	c100	sample	1	1-SRR5935818	close_s	0.200598
20261008-064058-4a8f57c-d64a-n16-r14	14	c100	sample	1	1-SRR5935818	report_s	0.141485
20261008-064058-4a8f57c-d64a-n16-r14	14	c100	sample	1	1-SRR5935818	status	0
20261008-064058-4a8f57c-d64a-n16-r14	14	c100	sample	1	1-SRR5935818	sequences	8877621
20261008-064058-4a8f57c-d64a-n16-r14	14	c100	sample	1	1-SRR5935818	bases	1663945574
20261008-064058-4a8f57c-d64a-n16-r14	14	c100	sample	1	1-SRR5935818	classified	8212460
20261008-064058-4a8f57c-d64a-n16-r14	14	c100	sample	1	1-SRR5935818	place	mod
20261008-064058-4a8f57c-d64a-n16-r14	14	c100	sample	1	1-SRR5935818	weight	8877621
20261008-064058-4a8f57c-d64a-n16-r14	14	c100	engine.mem			t_s	210.1
20261008-064058-4a8f57c-d64a-n16-r14	14	c100	engine.mem			rss_kib	78613992
20261008-064058-4a8f57c-d64a-n16-r14	14	c100	engine.mem			hwm_kib	79195028
20261008-064058-4a8f57c-d64a-n16-r14	14	c100	engine.mem			heap_inuse	3143565312
20261008-064058-4a8f57c-d64a-n16-r14	14	c100	engine.mem			sys	6915363048
20261008-064058-4a8f57c-d64a-n16-r14	14	c100	engine.mem			avail_kib	48782712
20261008-064058-4a8f57c-d64a-n16-r14	14	c100	sample	1	1-SRR5935834	mode	parallel
20261008-064058-4a8f57c-d64a-n16-r14	14	c100	sample	1	1-SRR5935834	s3client	sdk
20261008-064058-4a8f57c-d64a-n16-r14	14	c100	sample	1	1-SRR5935834	rank	14
20261008-064058-4a8f57c-d64a-n16-r14	14	c100	sample	1	1-SRR5935834	role	home
20261008-064058-4a8f57c-d64a-n16-r14	14	c100	sample	1	1-SRR5935834	inflight	1
20261008-064058-4a8f57c-d64a-n16-r14	14	c100	sample	1	1-SRR5935834	threads	16
20261008-064058-4a8f57c-d64a-n16-r14	14	c100	sample	1	1-SRR5935834	start_s	203.929315
20261008-064058-4a8f57c-d64a-n16-r14	14	c100	sample	1	1-SRR5935834	wall_s	12.962448
20261008-064058-4a8f57c-d64a-n16-r14	14	c100	sample	1	1-SRR5935834	setup_s	0.000066
20261008-064058-4a8f57c-d64a-n16-r14	14	c100	sample	1	1-SRR5935834	classify_s	12.553595
20261008-064058-4a8f57c-d64a-n16-r14	14	c100	sample	1	1-SRR5935834	close_s	0.193049
20261008-064058-4a8f57c-d64a-n16-r14	14	c100	sample	1	1-SRR5935834	report_s	0.206231
20261008-064058-4a8f57c-d64a-n16-r14	14	c100	sample	1	1-SRR5935834	status	0
20261008-064058-4a8f57c-d64a-n16-r14	14	c100	sample	1	1-SRR5935834	sequences	12610038
20261008-064058-4a8f57c-d64a-n16-r14	14	c100	sample	1	1-SRR5935834	bases	2321592529
20261008-064058-4a8f57c-d64a-n16-r14	14	c100	sample	1	1-SRR5935834	classified	12099380
20261008-064058-4a8f57c-d64a-n16-r14	14	c100	sample	1	1-SRR5935834	place	mod
20261008-064058-4a8f57c-d64a-n16-r14	14	c100	sample	1	1-SRR5935834	weight	12610038
20261008-064058-4a8f57c-d64a-n16-r14	14	c100	engine.mem			t_s	225.1
20261008-064058-4a8f57c-d64a-n16-r14	14	c100	engine.mem			rss_kib	78557196
20261008-064058-4a8f57c-d64a-n16-r14	14	c100	engine.mem			hwm_kib	79195028
20261008-064058-4a8f57c-d64a-n16-r14	14	c100	engine.mem			heap_inuse	4426235904
20261008-064058-4a8f57c-d64a-n16-r14	14	c100	engine.mem			sys	6915363048
20261008-064058-4a8f57c-d64a-n16-r14	14	c100	engine.mem			avail_kib	49058624
20261008-064058-4a8f57c-d64a-n16-r14	14	c100	phase			batch-barrier-1	8.394229
20261008-064058-4a8f57c-d64a-n16-r14	14	c100	phase			batch-barrier-1.start_s	216.891787
20261008-064058-4a8f57c-d64a-n16-r14	14	c100	engine.mem			t_s	240.1
20261008-064058-4a8f57c-d64a-n16-r14	14	c100	engine.mem			rss_kib	78819124
20261008-064058-4a8f57c-d64a-n16-r14	14	c100	engine.mem			hwm_kib	79195028
20261008-064058-4a8f57c-d64a-n16-r14	14	c100	engine.mem			heap_inuse	4375044096
20261008-064058-4a8f57c-d64a-n16-r14	14	c100	engine.mem			sys	6915428584
20261008-064058-4a8f57c-d64a-n16-r14	14	c100	engine.mem			avail_kib	48663396
20261008-064058-4a8f57c-d64a-n16-r14	14	c100	sample	2	2-SRR5935770	mode	parallel
20261008-064058-4a8f57c-d64a-n16-r14	14	c100	sample	2	2-SRR5935770	s3client	sdk
20261008-064058-4a8f57c-d64a-n16-r14	14	c100	sample	2	2-SRR5935770	rank	14
20261008-064058-4a8f57c-d64a-n16-r14	14	c100	sample	2	2-SRR5935770	role	home
20261008-064058-4a8f57c-d64a-n16-r14	14	c100	sample	2	2-SRR5935770	inflight	1
20261008-064058-4a8f57c-d64a-n16-r14	14	c100	sample	2	2-SRR5935770	threads	16
20261008-064058-4a8f57c-d64a-n16-r14	14	c100	sample	2	2-SRR5935770	start_s	225.286058
20261008-064058-4a8f57c-d64a-n16-r14	14	c100	sample	2	2-SRR5935770	wall_s	17.798651
20261008-064058-4a8f57c-d64a-n16-r14	14	c100	sample	2	2-SRR5935770	setup_s	0.000045
20261008-064058-4a8f57c-d64a-n16-r14	14	c100	sample	2	2-SRR5935770	classify_s	17.385348
20261008-064058-4a8f57c-d64a-n16-r14	14	c100	sample	2	2-SRR5935770	close_s	0.245950
20261008-064058-4a8f57c-d64a-n16-r14	14	c100	sample	2	2-SRR5935770	report_s	0.156471
20261008-064058-4a8f57c-d64a-n16-r14	14	c100	sample	2	2-SRR5935770	status	0
20261008-064058-4a8f57c-d64a-n16-r14	14	c100	sample	2	2-SRR5935770	sequences	16180463
20261008-064058-4a8f57c-d64a-n16-r14	14	c100	sample	2	2-SRR5935770	bases	3026482353
20261008-064058-4a8f57c-d64a-n16-r14	14	c100	sample	2	2-SRR5935770	classified	15739294
20261008-064058-4a8f57c-d64a-n16-r14	14	c100	sample	2	2-SRR5935770	place	lpt
20261008-064058-4a8f57c-d64a-n16-r14	14	c100	sample	2	2-SRR5935770	weight	16180463
20261008-064058-4a8f57c-d64a-n16-r14	14	c100	engine.mem			t_s	255.1
20261008-064058-4a8f57c-d64a-n16-r14	14	c100	engine.mem			rss_kib	78775448
20261008-064058-4a8f57c-d64a-n16-r14	14	c100	engine.mem			hwm_kib	79195028
20261008-064058-4a8f57c-d64a-n16-r14	14	c100	engine.mem			heap_inuse	4107059200
20261008-064058-4a8f57c-d64a-n16-r14	14	c100	engine.mem			sys	6915428584
20261008-064058-4a8f57c-d64a-n16-r14	14	c100	engine.mem			avail_kib	48716724
20261008-064058-4a8f57c-d64a-n16-r14	14	c100	sample	2	2-SRR5935808	mode	parallel
20261008-064058-4a8f57c-d64a-n16-r14	14	c100	sample	2	2-SRR5935808	s3client	sdk
20261008-064058-4a8f57c-d64a-n16-r14	14	c100	sample	2	2-SRR5935808	rank	14
20261008-064058-4a8f57c-d64a-n16-r14	14	c100	sample	2	2-SRR5935808	role	home
20261008-064058-4a8f57c-d64a-n16-r14	14	c100	sample	2	2-SRR5935808	inflight	1
20261008-064058-4a8f57c-d64a-n16-r14	14	c100	sample	2	2-SRR5935808	threads	16
20261008-064058-4a8f57c-d64a-n16-r14	14	c100	sample	2	2-SRR5935808	start_s	243.084736
20261008-064058-4a8f57c-d64a-n16-r14	14	c100	sample	2	2-SRR5935808	wall_s	16.764010
20261008-064058-4a8f57c-d64a-n16-r14	14	c100	sample	2	2-SRR5935808	setup_s	0.000063
20261008-064058-4a8f57c-d64a-n16-r14	14	c100	sample	2	2-SRR5935808	classify_s	16.350036
20261008-064058-4a8f57c-d64a-n16-r14	14	c100	sample	2	2-SRR5935808	close_s	0.246285
20261008-064058-4a8f57c-d64a-n16-r14	14	c100	sample	2	2-SRR5935808	report_s	0.158096
20261008-064058-4a8f57c-d64a-n16-r14	14	c100	sample	2	2-SRR5935808	status	0
20261008-064058-4a8f57c-d64a-n16-r14	14	c100	sample	2	2-SRR5935808	sequences	15500933
20261008-064058-4a8f57c-d64a-n16-r14	14	c100	sample	2	2-SRR5935808	bases	2889469649
20261008-064058-4a8f57c-d64a-n16-r14	14	c100	sample	2	2-SRR5935808	classified	14777244
20261008-064058-4a8f57c-d64a-n16-r14	14	c100	sample	2	2-SRR5935808	place	lpt
20261008-064058-4a8f57c-d64a-n16-r14	14	c100	sample	2	2-SRR5935808	weight	15500933
20261008-064058-4a8f57c-d64a-n16-r14	14	c100	engine.mem			t_s	270.1
20261008-064058-4a8f57c-d64a-n16-r14	14	c100	engine.mem			rss_kib	78608288
20261008-064058-4a8f57c-d64a-n16-r14	14	c100	engine.mem			hwm_kib	79195028
20261008-064058-4a8f57c-d64a-n16-r14	14	c100	engine.mem			heap_inuse	4441628672
20261008-064058-4a8f57c-d64a-n16-r14	14	c100	engine.mem			sys	6915428584
20261008-064058-4a8f57c-d64a-n16-r14	14	c100	engine.mem			avail_kib	49004932
20261008-064058-4a8f57c-d64a-n16-r14	14	c100	sample	2	2-SRR5935804	mode	parallel
20261008-064058-4a8f57c-d64a-n16-r14	14	c100	sample	2	2-SRR5935804	s3client	sdk
20261008-064058-4a8f57c-d64a-n16-r14	14	c100	sample	2	2-SRR5935804	rank	14
20261008-064058-4a8f57c-d64a-n16-r14	14	c100	sample	2	2-SRR5935804	role	home
20261008-064058-4a8f57c-d64a-n16-r14	14	c100	sample	2	2-SRR5935804	inflight	1
20261008-064058-4a8f57c-d64a-n16-r14	14	c100	sample	2	2-SRR5935804	threads	16
20261008-064058-4a8f57c-d64a-n16-r14	14	c100	sample	2	2-SRR5935804	start_s	259.848774
20261008-064058-4a8f57c-d64a-n16-r14	14	c100	sample	2	2-SRR5935804	wall_s	14.205025
20261008-064058-4a8f57c-d64a-n16-r14	14	c100	sample	2	2-SRR5935804	setup_s	0.000058
20261008-064058-4a8f57c-d64a-n16-r14	14	c100	sample	2	2-SRR5935804	classify_s	13.824761
20261008-064058-4a8f57c-d64a-n16-r14	14	c100	sample	2	2-SRR5935804	close_s	0.212570
20261008-064058-4a8f57c-d64a-n16-r14	14	c100	sample	2	2-SRR5935804	report_s	0.155137
20261008-064058-4a8f57c-d64a-n16-r14	14	c100	sample	2	2-SRR5935804	status	0
20261008-064058-4a8f57c-d64a-n16-r14	14	c100	sample	2	2-SRR5935804	sequences	13253368
20261008-064058-4a8f57c-d64a-n16-r14	14	c100	sample	2	2-SRR5935804	bases	2414153428
20261008-064058-4a8f57c-d64a-n16-r14	14	c100	sample	2	2-SRR5935804	classified	12329188
20261008-064058-4a8f57c-d64a-n16-r14	14	c100	sample	2	2-SRR5935804	place	lpt
20261008-064058-4a8f57c-d64a-n16-r14	14	c100	sample	2	2-SRR5935804	weight	13253368
20261008-064058-4a8f57c-d64a-n16-r14	14	c100	engine.mem			t_s	285.1
20261008-064058-4a8f57c-d64a-n16-r14	14	c100	engine.mem			rss_kib	78476068
20261008-064058-4a8f57c-d64a-n16-r14	14	c100	engine.mem			hwm_kib	79195028
20261008-064058-4a8f57c-d64a-n16-r14	14	c100	engine.mem			heap_inuse	4986986496
20261008-064058-4a8f57c-d64a-n16-r14	14	c100	engine.mem			sys	6915428584
20261008-064058-4a8f57c-d64a-n16-r14	14	c100	engine.mem			avail_kib	48969744
20261008-064058-4a8f57c-d64a-n16-r14	14	c100	sample	2	2-SRR5935769	mode	parallel
20261008-064058-4a8f57c-d64a-n16-r14	14	c100	sample	2	2-SRR5935769	s3client	sdk
20261008-064058-4a8f57c-d64a-n16-r14	14	c100	sample	2	2-SRR5935769	rank	14
20261008-064058-4a8f57c-d64a-n16-r14	14	c100	sample	2	2-SRR5935769	role	home
20261008-064058-4a8f57c-d64a-n16-r14	14	c100	sample	2	2-SRR5935769	inflight	1
20261008-064058-4a8f57c-d64a-n16-r14	14	c100	sample	2	2-SRR5935769	threads	16
20261008-064058-4a8f57c-d64a-n16-r14	14	c100	sample	2	2-SRR5935769	start_s	274.053827
20261008-064058-4a8f57c-d64a-n16-r14	14	c100	sample	2	2-SRR5935769	wall_s	12.451658
20261008-064058-4a8f57c-d64a-n16-r14	14	c100	sample	2	2-SRR5935769	setup_s	0.000069
20261008-064058-4a8f57c-d64a-n16-r14	14	c100	sample	2	2-SRR5935769	classify_s	12.058732
20261008-064058-4a8f57c-d64a-n16-r14	14	c100	sample	2	2-SRR5935769	close_s	0.226758
20261008-064058-4a8f57c-d64a-n16-r14	14	c100	sample	2	2-SRR5935769	report_s	0.153502
20261008-064058-4a8f57c-d64a-n16-r14	14	c100	sample	2	2-SRR5935769	status	0
20261008-064058-4a8f57c-d64a-n16-r14	14	c100	sample	2	2-SRR5935769	sequences	11374148
20261008-064058-4a8f57c-d64a-n16-r14	14	c100	sample	2	2-SRR5935769	bases	2063466726
20261008-064058-4a8f57c-d64a-n16-r14	14	c100	sample	2	2-SRR5935769	classified	10686284
20261008-064058-4a8f57c-d64a-n16-r14	14	c100	sample	2	2-SRR5935769	place	lpt
20261008-064058-4a8f57c-d64a-n16-r14	14	c100	sample	2	2-SRR5935769	weight	11374148
20261008-064058-4a8f57c-d64a-n16-r14	14	c100	sample	2	2-SRR5935797	mode	parallel
20261008-064058-4a8f57c-d64a-n16-r14	14	c100	sample	2	2-SRR5935797	s3client	sdk
20261008-064058-4a8f57c-d64a-n16-r14	14	c100	sample	2	2-SRR5935797	rank	14
20261008-064058-4a8f57c-d64a-n16-r14	14	c100	sample	2	2-SRR5935797	role	home
20261008-064058-4a8f57c-d64a-n16-r14	14	c100	sample	2	2-SRR5935797	inflight	1
20261008-064058-4a8f57c-d64a-n16-r14	14	c100	sample	2	2-SRR5935797	threads	16
20261008-064058-4a8f57c-d64a-n16-r14	14	c100	sample	2	2-SRR5935797	start_s	286.505521
20261008-064058-4a8f57c-d64a-n16-r14	14	c100	sample	2	2-SRR5935797	wall_s	9.461187
20261008-064058-4a8f57c-d64a-n16-r14	14	c100	sample	2	2-SRR5935797	setup_s	0.000070
20261008-064058-4a8f57c-d64a-n16-r14	14	c100	sample	2	2-SRR5935797	classify_s	9.072088
20261008-064058-4a8f57c-d64a-n16-r14	14	c100	sample	2	2-SRR5935797	close_s	0.222192
20261008-064058-4a8f57c-d64a-n16-r14	14	c100	sample	2	2-SRR5935797	report_s	0.157093
20261008-064058-4a8f57c-d64a-n16-r14	14	c100	sample	2	2-SRR5935797	status	0
20261008-064058-4a8f57c-d64a-n16-r14	14	c100	sample	2	2-SRR5935797	sequences	8439357
20261008-064058-4a8f57c-d64a-n16-r14	14	c100	sample	2	2-SRR5935797	bases	1550811438
20261008-064058-4a8f57c-d64a-n16-r14	14	c100	sample	2	2-SRR5935797	classified	8138623
20261008-064058-4a8f57c-d64a-n16-r14	14	c100	sample	2	2-SRR5935797	place	lpt
20261008-064058-4a8f57c-d64a-n16-r14	14	c100	sample	2	2-SRR5935797	weight	8439357
20261008-064058-4a8f57c-d64a-n16-r14	14	c100	engine.mem			t_s	300.1
20261008-064058-4a8f57c-d64a-n16-r14	14	c100	engine.mem			rss_kib	78411476
20261008-064058-4a8f57c-d64a-n16-r14	14	c100	engine.mem			hwm_kib	79274448
20261008-064058-4a8f57c-d64a-n16-r14	14	c100	engine.mem			heap_inuse	3118022656
20261008-064058-4a8f57c-d64a-n16-r14	14	c100	engine.mem			sys	7035040008
20261008-064058-4a8f57c-d64a-n16-r14	14	c100	engine.mem			avail_kib	48997172
20261008-064058-4a8f57c-d64a-n16-r14	14	c100	sample	2	2-SRR5935815	mode	parallel
20261008-064058-4a8f57c-d64a-n16-r14	14	c100	sample	2	2-SRR5935815	s3client	sdk
20261008-064058-4a8f57c-d64a-n16-r14	14	c100	sample	2	2-SRR5935815	rank	14
20261008-064058-4a8f57c-d64a-n16-r14	14	c100	sample	2	2-SRR5935815	role	home
20261008-064058-4a8f57c-d64a-n16-r14	14	c100	sample	2	2-SRR5935815	inflight	1
20261008-064058-4a8f57c-d64a-n16-r14	14	c100	sample	2	2-SRR5935815	threads	16
20261008-064058-4a8f57c-d64a-n16-r14	14	c100	sample	2	2-SRR5935815	start_s	295.966737
20261008-064058-4a8f57c-d64a-n16-r14	14	c100	sample	2	2-SRR5935815	wall_s	7.927064
20261008-064058-4a8f57c-d64a-n16-r14	14	c100	sample	2	2-SRR5935815	setup_s	0.000056
20261008-064058-4a8f57c-d64a-n16-r14	14	c100	sample	2	2-SRR5935815	classify_s	7.545436
20261008-064058-4a8f57c-d64a-n16-r14	14	c100	sample	2	2-SRR5935815	close_s	0.226914
20261008-064058-4a8f57c-d64a-n16-r14	14	c100	sample	2	2-SRR5935815	report_s	0.147441
20261008-064058-4a8f57c-d64a-n16-r14	14	c100	sample	2	2-SRR5935815	status	0
20261008-064058-4a8f57c-d64a-n16-r14	14	c100	sample	2	2-SRR5935815	sequences	7153468
20261008-064058-4a8f57c-d64a-n16-r14	14	c100	sample	2	2-SRR5935815	bases	1337267943
20261008-064058-4a8f57c-d64a-n16-r14	14	c100	sample	2	2-SRR5935815	classified	6947959
20261008-064058-4a8f57c-d64a-n16-r14	14	c100	sample	2	2-SRR5935815	place	lpt
20261008-064058-4a8f57c-d64a-n16-r14	14	c100	sample	2	2-SRR5935815	weight	7153468
20261008-064058-4a8f57c-d64a-n16-r14	14	c100	phase			batch-barrier-2	2.094498
20261008-064058-4a8f57c-d64a-n16-r14	14	c100	phase			batch-barrier-2.start_s	303.893820
20261008-064058-4a8f57c-d64a-n16-r14	14	c100	phase			barrier	0.253550
20261008-064058-4a8f57c-d64a-n16-r14	14	c100	phase			barrier.start_s	312.648768
20261008-064058-4a8f57c-d64a-n16-r14	14	c100	sample	3	3-SRR5935740	mode	striped
20261008-064058-4a8f57c-d64a-n16-r14	14	c100	sample	3	3-SRR5935740	s3client	sdk
20261008-064058-4a8f57c-d64a-n16-r14	14	c100	sample	3	3-SRR5935740	rank	14
20261008-064058-4a8f57c-d64a-n16-r14	14	c100	sample	3	3-SRR5935740	role	peer
20261008-064058-4a8f57c-d64a-n16-r14	14	c100	sample	3	3-SRR5935740	inflight	1
20261008-064058-4a8f57c-d64a-n16-r14	14	c100	sample	3	3-SRR5935740	threads	16
20261008-064058-4a8f57c-d64a-n16-r14	14	c100	sample	3	3-SRR5935740	start_s	306.928800
20261008-064058-4a8f57c-d64a-n16-r14	14	c100	sample	3	3-SRR5935740	wall_s	5.973568
20261008-064058-4a8f57c-d64a-n16-r14	14	c100	sample	3	3-SRR5935740	setup_s	0.000069
20261008-064058-4a8f57c-d64a-n16-r14	14	c100	sample	3	3-SRR5935740	classify_s	5.715854
20261008-064058-4a8f57c-d64a-n16-r14	14	c100	sample	3	3-SRR5935740	close_s	0.000000
20261008-064058-4a8f57c-d64a-n16-r14	14	c100	sample	3	3-SRR5935740	report_s	0.000000
20261008-064058-4a8f57c-d64a-n16-r14	14	c100	sample	3	3-SRR5935740	status	0
20261008-064058-4a8f57c-d64a-n16-r14	14	c100	sample	3	3-SRR5935740	sequences	0
20261008-064058-4a8f57c-d64a-n16-r14	14	c100	sample	3	3-SRR5935740	bases	0
20261008-064058-4a8f57c-d64a-n16-r14	14	c100	sample	3	3-SRR5935740	classified	0
20261008-064058-4a8f57c-d64a-n16-r14	14	c100	sample	3	3-SRR5935740	place	-
20261008-064058-4a8f57c-d64a-n16-r14	14	c100	sample	3	3-SRR5935740	weight	-
20261008-064058-4a8f57c-d64a-n16-r14	14	c100	phase			batch-barrier-3	0.558724
20261008-064058-4a8f57c-d64a-n16-r14	14	c100	phase			batch-barrier-3.start_s	312.902381
20261008-064058-4a8f57c-d64a-n16-r14	14	c100	engine.mem			t_s	315.1
20261008-064058-4a8f57c-d64a-n16-r14	14	c100	engine.mem			rss_kib	76837356
20261008-064058-4a8f57c-d64a-n16-r14	14	c100	engine.mem			hwm_kib	79274448
20261008-064058-4a8f57c-d64a-n16-r14	14	c100	engine.mem			heap_inuse	1122992128
20261008-064058-4a8f57c-d64a-n16-r14	14	c100	engine.mem			sys	7035040008
20261008-064058-4a8f57c-d64a-n16-r14	14	c100	engine.mem			avail_kib	50795160
20261008-064058-4a8f57c-d64a-n16-r14	14	c100	phase			barrier	0.234105
20261008-064058-4a8f57c-d64a-n16-r14	14	c100	phase			barrier.start_s	319.875122
20261008-064058-4a8f57c-d64a-n16-r14	14	c100	sample	4	4-SRR5935740	mode	striped
20261008-064058-4a8f57c-d64a-n16-r14	14	c100	sample	4	4-SRR5935740	s3client	sdk
20261008-064058-4a8f57c-d64a-n16-r14	14	c100	sample	4	4-SRR5935740	rank	14
20261008-064058-4a8f57c-d64a-n16-r14	14	c100	sample	4	4-SRR5935740	role	peer
20261008-064058-4a8f57c-d64a-n16-r14	14	c100	sample	4	4-SRR5935740	inflight	1
20261008-064058-4a8f57c-d64a-n16-r14	14	c100	sample	4	4-SRR5935740	threads	16
20261008-064058-4a8f57c-d64a-n16-r14	14	c100	sample	4	4-SRR5935740	start_s	314.165823
20261008-064058-4a8f57c-d64a-n16-r14	14	c100	sample	4	4-SRR5935740	wall_s	5.943447
20261008-064058-4a8f57c-d64a-n16-r14	14	c100	sample	4	4-SRR5935740	setup_s	0.000055
20261008-064058-4a8f57c-d64a-n16-r14	14	c100	sample	4	4-SRR5935740	classify_s	5.704710
20261008-064058-4a8f57c-d64a-n16-r14	14	c100	sample	4	4-SRR5935740	close_s	0.000000
20261008-064058-4a8f57c-d64a-n16-r14	14	c100	sample	4	4-SRR5935740	report_s	0.000000
20261008-064058-4a8f57c-d64a-n16-r14	14	c100	sample	4	4-SRR5935740	status	0
20261008-064058-4a8f57c-d64a-n16-r14	14	c100	sample	4	4-SRR5935740	sequences	0
20261008-064058-4a8f57c-d64a-n16-r14	14	c100	sample	4	4-SRR5935740	bases	0
20261008-064058-4a8f57c-d64a-n16-r14	14	c100	sample	4	4-SRR5935740	classified	0
20261008-064058-4a8f57c-d64a-n16-r14	14	c100	sample	4	4-SRR5935740	place	-
20261008-064058-4a8f57c-d64a-n16-r14	14	c100	sample	4	4-SRR5935740	weight	-
20261008-064058-4a8f57c-d64a-n16-r14	14	c100	phase			batch-barrier-4	0.507948
20261008-064058-4a8f57c-d64a-n16-r14	14	c100	phase			batch-barrier-4.start_s	320.109285
20261008-064058-4a8f57c-d64a-n16-r14	14	c100	phase			barrier	0.100193
20261008-064058-4a8f57c-d64a-n16-r14	14	c100	phase			barrier.start_s	327.074857
20261008-064058-4a8f57c-d64a-n16-r14	14	c100	sample	5	5-SRR5935740	mode	striped
20261008-064058-4a8f57c-d64a-n16-r14	14	c100	sample	5	5-SRR5935740	s3client	sdk
20261008-064058-4a8f57c-d64a-n16-r14	14	c100	sample	5	5-SRR5935740	rank	14
20261008-064058-4a8f57c-d64a-n16-r14	14	c100	sample	5	5-SRR5935740	role	peer
20261008-064058-4a8f57c-d64a-n16-r14	14	c100	sample	5	5-SRR5935740	inflight	1
20261008-064058-4a8f57c-d64a-n16-r14	14	c100	sample	5	5-SRR5935740	threads	16
20261008-064058-4a8f57c-d64a-n16-r14	14	c100	sample	5	5-SRR5935740	start_s	321.383686
20261008-064058-4a8f57c-d64a-n16-r14	14	c100	sample	5	5-SRR5935740	wall_s	5.791403
20261008-064058-4a8f57c-d64a-n16-r14	14	c100	sample	5	5-SRR5935740	setup_s	0.000064
20261008-064058-4a8f57c-d64a-n16-r14	14	c100	sample	5	5-SRR5935740	classify_s	5.687061
20261008-064058-4a8f57c-d64a-n16-r14	14	c100	sample	5	5-SRR5935740	close_s	0.000000
20261008-064058-4a8f57c-d64a-n16-r14	14	c100	sample	5	5-SRR5935740	report_s	0.000000
20261008-064058-4a8f57c-d64a-n16-r14	14	c100	sample	5	5-SRR5935740	status	0
20261008-064058-4a8f57c-d64a-n16-r14	14	c100	sample	5	5-SRR5935740	sequences	0
20261008-064058-4a8f57c-d64a-n16-r14	14	c100	sample	5	5-SRR5935740	bases	0
20261008-064058-4a8f57c-d64a-n16-r14	14	c100	sample	5	5-SRR5935740	classified	0
20261008-064058-4a8f57c-d64a-n16-r14	14	c100	sample	5	5-SRR5935740	place	-
20261008-064058-4a8f57c-d64a-n16-r14	14	c100	sample	5	5-SRR5935740	weight	-
20261008-064058-4a8f57c-d64a-n16-r14	14	c100	phase			batch-barrier-5	0.504655
20261008-064058-4a8f57c-d64a-n16-r14	14	c100	phase			batch-barrier-5.start_s	327.175099
20261008-064058-4a8f57c-d64a-n16-r14	14	c100	engine.mem			t_s	330.1
20261008-064058-4a8f57c-d64a-n16-r14	14	c100	engine.mem			rss_kib	76255540
20261008-064058-4a8f57c-d64a-n16-r14	14	c100	engine.mem			hwm_kib	79274448
20261008-064058-4a8f57c-d64a-n16-r14	14	c100	engine.mem			heap_inuse	3578339328
20261008-064058-4a8f57c-d64a-n16-r14	14	c100	engine.mem			sys	7035040008
20261008-064058-4a8f57c-d64a-n16-r14	14	c100	engine.mem			avail_kib	51262032
20261008-064058-4a8f57c-d64a-n16-r14	14	c100	phase			batch-barrier-6	11.114487
20261008-064058-4a8f57c-d64a-n16-r14	14	c100	phase			batch-barrier-6.start_s	327.679770
20261008-064058-4a8f57c-d64a-n16-r14	14	c100	engine.mem			t_s	345.1
20261008-064058-4a8f57c-d64a-n16-r14	14	c100	engine.mem			rss_kib	76255556
20261008-064058-4a8f57c-d64a-n16-r14	14	c100	engine.mem			hwm_kib	79274448
20261008-064058-4a8f57c-d64a-n16-r14	14	c100	engine.mem			heap_inuse	3579863040
20261008-064058-4a8f57c-d64a-n16-r14	14	c100	engine.mem			sys	7035040008
20261008-064058-4a8f57c-d64a-n16-r14	14	c100	engine.mem			avail_kib	51483444
20261008-064058-4a8f57c-d64a-n16-r14	14	c100	phase			batch-barrier-7	9.217998
20261008-064058-4a8f57c-d64a-n16-r14	14	c100	phase			batch-barrier-7.start_s	338.794276
20261008-064058-4a8f57c-d64a-n16-r14	14	c100	phase			batch-barrier-8	10.225625
20261008-064058-4a8f57c-d64a-n16-r14	14	c100	phase			batch-barrier-8.start_s	348.012291
20261008-064058-4a8f57c-d64a-n16-r14	14	c100	engine.shard			index	0
20261008-064058-4a8f57c-d64a-n16-r14	14	c100	engine.shard			n	16
20261008-064058-4a8f57c-d64a-n16-r14	14	c100	engine.shard			lo	260113803199
20261008-064058-4a8f57c-d64a-n16-r14	14	c100	engine.shard			hi	278693360570
20261008-064058-4a8f57c-d64a-n16-r14	14	c100	engine.shard			tail	302
20261008-064058-4a8f57c-d64a-n16-r14	14	c100	engine.shard			full	false
20261008-064058-4a8f57c-d64a-n16-r14	14	c100	engine.shard			empty_at	18579557380
20261008-064058-4a8f57c-d64a-n16-r14	14	c100	engine.shard			keys	8473287081
20261008-064058-4a8f57c-d64a-n16-r14	14	c100	engine.shard			batches	89910
20261008-064058-4a8f57c-d64a-n16-r14	14	c100	engine.shard			probe_s	241.432668
20261008-064058-4a8f57c-d64a-n16-r14	14	c100	engine.shard			tail_probes	0
20261008-064058-4a8f57c-d64a-n16-r14	14	c100	engine.shard			wrap_probes	0
20261008-064058-4a8f57c-d64a-n16-r14	14	c100	engine.mem			t_s	358.2
20261008-064058-4a8f57c-d64a-n16-r14	14	c100	engine.mem			rss_kib	76255564
20261008-064058-4a8f57c-d64a-n16-r14	14	c100	engine.mem			hwm_kib	79274448
20261008-064058-4a8f57c-d64a-n16-r14	14	c100	engine.mem			heap_inuse	3582386176
20261008-064058-4a8f57c-d64a-n16-r14	14	c100	engine.mem			sys	7035040008
20261008-064058-4a8f57c-d64a-n16-r14	14	c100	engine.mem			avail_kib	51579736
20261008-064058-4a8f57c-d64a-n16-r14	14	c100	engine.rendezvous			puts	13
20261008-064058-4a8f57c-d64a-n16-r14	14	c100	engine.rendezvous			gets	331
20261008-064058-4a8f57c-d64a-n16-r14	14	c100	engine.s3			client	sdk
20261008-064058-4a8f57c-d64a-n16-r14	14	c100	engine.s3			put	31
20261008-064058-4a8f57c-d64a-n16-r14	14	c100	engine.s3			get	331
20261008-064058-4a8f57c-d64a-n16-r14	14	c100	engine.s3			create_multipart	18
20261008-064058-4a8f57c-d64a-n16-r14	14	c100	engine.s3			upload_part	2301
20261008-064058-4a8f57c-d64a-n16-r14	14	c100	engine.s3			complete_multipart	18
20261008-064058-4a8f57c-d64a-n16-r14	14	c100	engine.s3			abort_multipart	0
20261008-064058-4a8f57c-d64a-n16-r14	14	c100	engine.s3			part_bytes	19229712437
20261008-064058-4a8f57c-d64a-n16-r14	14	c100	engine.s3			client	cli
20261008-064058-4a8f57c-d64a-n16-r14	14	c100	engine.s3			put	0
20261008-064058-4a8f57c-d64a-n16-r14	14	c100	engine.s3			get	0
20261008-064058-4a8f57c-d64a-n16-r14	14	c100	engine.s3			create_multipart	0
20261008-064058-4a8f57c-d64a-n16-r14	14	c100	engine.s3			upload_part	0
20261008-064058-4a8f57c-d64a-n16-r14	14	c100	engine.s3			complete_multipart	0
20261008-064058-4a8f57c-d64a-n16-r14	14	c100	engine.s3			abort_multipart	0
20261008-064058-4a8f57c-d64a-n16-r14	14	c100	engine.s3			part_bytes	0
20261008-064058-4a8f57c-d64a-n16-r14	14	c100	engine.load			seconds	47.839498
20261008-064058-4a8f57c-d64a-n16-r14	14	c100	engine.load			requests	1126
20261008-064058-4a8f57c-d64a-n16-r14	14	c100	engine.load			retries	0
20261008-064058-4a8f57c-d64a-n16-r14	14	c100	engine.load			bytes	74318296292
20261008-064058-4a8f57c-d64a-n16-r14	14	c100	engine.route			transport	nodes
20261008-064058-4a8f57c-d64a-n16-r14	14	c100	engine.route			calls	5794
20261008-064058-4a8f57c-d64a-n16-r14	14	c100	engine.route			keys	8744465919
20261008-064058-4a8f57c-d64a-n16-r14	14	c100	engine.route			batches	92704
20261008-064058-4a8f57c-d64a-n16-r14	14	c100	engine.route			route_s	106.642119
20261008-064058-4a8f57c-d64a-n16-r14	14	c100	engine.route			wait_s	331.391436
20261008-064058-4a8f57c-d64a-n16-r14	14	c100	engine.route			gather_s	19.766313
20261008-064058-4a8f57c-d64a-n16-r14	14	c100	engine.worker			scan_s	793.923881
20261008-064058-4a8f57c-d64a-n16-r14	14	c100	engine.worker			lookup_s	457.805080
20261008-064058-4a8f57c-d64a-n16-r14	14	c100	engine.worker			classify_s	720.409967
20261008-064058-4a8f57c-d64a-n16-r14	14	c100	phase			total	358.378987
20261008-064058-4a8f57c-d64a-n16-r14	14	c100	phase			total.start_s	0.000001
20261008-064058-4a8f57c-d64a-n16-r15	15	c100	phase			taxo	0.100089
20261008-064058-4a8f57c-d64a-n16-r15	15	c100	phase			taxo.start_s	0.002866
20261008-064058-4a8f57c-d64a-n16-r15	15	c100	engine.mem			t_s	15.0
20261008-064058-4a8f57c-d64a-n16-r15	15	c100	engine.mem			rss_kib	17896916
20261008-064058-4a8f57c-d64a-n16-r15	15	c100	engine.mem			hwm_kib	17896916
20261008-064058-4a8f57c-d64a-n16-r15	15	c100	engine.mem			heap_inuse	394076160
20261008-064058-4a8f57c-d64a-n16-r15	15	c100	engine.mem			sys	409991528
20261008-064058-4a8f57c-d64a-n16-r15	15	c100	engine.mem			avail_kib	109865992
20261008-064058-4a8f57c-d64a-n16-r15	15	c100	engine.mem			t_s	30.0
20261008-064058-4a8f57c-d64a-n16-r15	15	c100	engine.mem			rss_kib	35760976
20261008-064058-4a8f57c-d64a-n16-r15	15	c100	engine.mem			hwm_kib	35760976
20261008-064058-4a8f57c-d64a-n16-r15	15	c100	engine.mem			heap_inuse	395485184
20261008-064058-4a8f57c-d64a-n16-r15	15	c100	engine.mem			sys	409991528
20261008-064058-4a8f57c-d64a-n16-r15	15	c100	engine.mem			avail_kib	91945364
20261008-064058-4a8f57c-d64a-n16-r15	15	c100	engine.mem			t_s	45.0
20261008-064058-4a8f57c-d64a-n16-r15	15	c100	engine.mem			rss_kib	60332636
20261008-064058-4a8f57c-d64a-n16-r15	15	c100	engine.mem			hwm_kib	60332640
20261008-064058-4a8f57c-d64a-n16-r15	15	c100	engine.mem			heap_inuse	397574144
20261008-064058-4a8f57c-d64a-n16-r15	15	c100	engine.mem			sys	414251368
20261008-064058-4a8f57c-d64a-n16-r15	15	c100	engine.mem			avail_kib	67283628
20261008-064058-4a8f57c-d64a-n16-r15	15	c100	phase			shard-load-15	52.443742
20261008-064058-4a8f57c-d64a-n16-r15	15	c100	phase			shard-load-15.start_s	0.165574
20261008-064058-4a8f57c-d64a-n16-r15	15	c100	phase			rendezvous	0.468658
20261008-064058-4a8f57c-d64a-n16-r15	15	c100	phase			rendezvous.start_s	53.033666
20261008-064058-4a8f57c-d64a-n16-r15	15	c100	phase			connect	0.114105
20261008-064058-4a8f57c-d64a-n16-r15	15	c100	phase			connect.start_s	53.502338
20261008-064058-4a8f57c-d64a-n16-r15	15	c100	phase			hash	53.513483
20261008-064058-4a8f57c-d64a-n16-r15	15	c100	phase			hash.start_s	0.102984
20261008-064058-4a8f57c-d64a-n16-r15	15	c100	engine.mem			t_s	60.0
20261008-064058-4a8f57c-d64a-n16-r15	15	c100	engine.mem			rss_kib	78161784
20261008-064058-4a8f57c-d64a-n16-r15	15	c100	engine.mem			hwm_kib	78161784
20261008-064058-4a8f57c-d64a-n16-r15	15	c100	engine.mem			heap_inuse	5295415296
20261008-064058-4a8f57c-d64a-n16-r15	15	c100	engine.mem			sys	5871120248
20261008-064058-4a8f57c-d64a-n16-r15	15	c100	engine.mem			avail_kib	49118416
20261008-064058-4a8f57c-d64a-n16-r15	15	c100	sample	0	0-SRR5935756	mode	parallel
20261008-064058-4a8f57c-d64a-n16-r15	15	c100	sample	0	0-SRR5935756	s3client	sdk
20261008-064058-4a8f57c-d64a-n16-r15	15	c100	sample	0	0-SRR5935756	rank	15
20261008-064058-4a8f57c-d64a-n16-r15	15	c100	sample	0	0-SRR5935756	role	home
20261008-064058-4a8f57c-d64a-n16-r15	15	c100	sample	0	0-SRR5935756	inflight	1
20261008-064058-4a8f57c-d64a-n16-r15	15	c100	sample	0	0-SRR5935756	threads	16
20261008-064058-4a8f57c-d64a-n16-r15	15	c100	sample	0	0-SRR5935756	start_s	53.616506
20261008-064058-4a8f57c-d64a-n16-r15	15	c100	sample	0	0-SRR5935756	wall_s	17.497176
20261008-064058-4a8f57c-d64a-n16-r15	15	c100	sample	0	0-SRR5935756	setup_s	0.000060
20261008-064058-4a8f57c-d64a-n16-r15	15	c100	sample	0	0-SRR5935756	classify_s	17.098852
20261008-064058-4a8f57c-d64a-n16-r15	15	c100	sample	0	0-SRR5935756	close_s	0.206881
20261008-064058-4a8f57c-d64a-n16-r15	15	c100	sample	0	0-SRR5935756	report_s	0.178073
20261008-064058-4a8f57c-d64a-n16-r15	15	c100	sample	0	0-SRR5935756	status	0
20261008-064058-4a8f57c-d64a-n16-r15	15	c100	sample	0	0-SRR5935756	sequences	16053448
20261008-064058-4a8f57c-d64a-n16-r15	15	c100	sample	0	0-SRR5935756	bases	2993468449
20261008-064058-4a8f57c-d64a-n16-r15	15	c100	sample	0	0-SRR5935756	classified	15204484
20261008-064058-4a8f57c-d64a-n16-r15	15	c100	sample	0	0-SRR5935756	place	lpt
20261008-064058-4a8f57c-d64a-n16-r15	15	c100	sample	0	0-SRR5935756	weight	16053448
20261008-064058-4a8f57c-d64a-n16-r15	15	c100	engine.mem			t_s	75.0
20261008-064058-4a8f57c-d64a-n16-r15	15	c100	engine.mem			rss_kib	78573156
20261008-064058-4a8f57c-d64a-n16-r15	15	c100	engine.mem			hwm_kib	78576404
20261008-064058-4a8f57c-d64a-n16-r15	15	c100	engine.mem			heap_inuse	3629965312
20261008-064058-4a8f57c-d64a-n16-r15	15	c100	engine.mem			sys	6187524152
20261008-064058-4a8f57c-d64a-n16-r15	15	c100	engine.mem			avail_kib	48678788
20261008-064058-4a8f57c-d64a-n16-r15	15	c100	sample	0	0-SRR5935768	mode	parallel
20261008-064058-4a8f57c-d64a-n16-r15	15	c100	sample	0	0-SRR5935768	s3client	sdk
20261008-064058-4a8f57c-d64a-n16-r15	15	c100	sample	0	0-SRR5935768	rank	15
20261008-064058-4a8f57c-d64a-n16-r15	15	c100	sample	0	0-SRR5935768	role	home
20261008-064058-4a8f57c-d64a-n16-r15	15	c100	sample	0	0-SRR5935768	inflight	1
20261008-064058-4a8f57c-d64a-n16-r15	15	c100	sample	0	0-SRR5935768	threads	16
20261008-064058-4a8f57c-d64a-n16-r15	15	c100	sample	0	0-SRR5935768	start_s	71.113709
20261008-064058-4a8f57c-d64a-n16-r15	15	c100	sample	0	0-SRR5935768	wall_s	16.764435
20261008-064058-4a8f57c-d64a-n16-r15	15	c100	sample	0	0-SRR5935768	setup_s	0.000080
20261008-064058-4a8f57c-d64a-n16-r15	15	c100	sample	0	0-SRR5935768	classify_s	16.361590
20261008-064058-4a8f57c-d64a-n16-r15	15	c100	sample	0	0-SRR5935768	close_s	0.230554
20261008-064058-4a8f57c-d64a-n16-r15	15	c100	sample	0	0-SRR5935768	report_s	0.156781
20261008-064058-4a8f57c-d64a-n16-r15	15	c100	sample	0	0-SRR5935768	status	0
20261008-064058-4a8f57c-d64a-n16-r15	15	c100	sample	0	0-SRR5935768	sequences	15746753
20261008-064058-4a8f57c-d64a-n16-r15	15	c100	sample	0	0-SRR5935768	bases	2888337209
20261008-064058-4a8f57c-d64a-n16-r15	15	c100	sample	0	0-SRR5935768	classified	14105631
20261008-064058-4a8f57c-d64a-n16-r15	15	c100	sample	0	0-SRR5935768	place	lpt
20261008-064058-4a8f57c-d64a-n16-r15	15	c100	sample	0	0-SRR5935768	weight	15746753
20261008-064058-4a8f57c-d64a-n16-r15	15	c100	engine.mem			t_s	90.1
20261008-064058-4a8f57c-d64a-n16-r15	15	c100	engine.mem			rss_kib	78150200
20261008-064058-4a8f57c-d64a-n16-r15	15	c100	engine.mem			hwm_kib	78776060
20261008-064058-4a8f57c-d64a-n16-r15	15	c100	engine.mem			heap_inuse	4634845184
20261008-064058-4a8f57c-d64a-n16-r15	15	c100	engine.mem			sys	6616387752
20261008-064058-4a8f57c-d64a-n16-r15	15	c100	engine.mem			avail_kib	49307816
20261008-064058-4a8f57c-d64a-n16-r15	15	c100	sample	0	0-SRR5935833	mode	parallel
20261008-064058-4a8f57c-d64a-n16-r15	15	c100	sample	0	0-SRR5935833	s3client	sdk
20261008-064058-4a8f57c-d64a-n16-r15	15	c100	sample	0	0-SRR5935833	rank	15
20261008-064058-4a8f57c-d64a-n16-r15	15	c100	sample	0	0-SRR5935833	role	home
20261008-064058-4a8f57c-d64a-n16-r15	15	c100	sample	0	0-SRR5935833	inflight	1
20261008-064058-4a8f57c-d64a-n16-r15	15	c100	sample	0	0-SRR5935833	threads	16
20261008-064058-4a8f57c-d64a-n16-r15	15	c100	sample	0	0-SRR5935833	start_s	87.878171
20261008-064058-4a8f57c-d64a-n16-r15	15	c100	sample	0	0-SRR5935833	wall_s	14.080220
20261008-064058-4a8f57c-d64a-n16-r15	15	c100	sample	0	0-SRR5935833	setup_s	0.000061
20261008-064058-4a8f57c-d64a-n16-r15	15	c100	sample	0	0-SRR5935833	classify_s	13.641626
20261008-064058-4a8f57c-d64a-n16-r15	15	c100	sample	0	0-SRR5935833	close_s	0.224956
20261008-064058-4a8f57c-d64a-n16-r15	15	c100	sample	0	0-SRR5935833	report_s	0.194131
20261008-064058-4a8f57c-d64a-n16-r15	15	c100	sample	0	0-SRR5935833	status	0
20261008-064058-4a8f57c-d64a-n16-r15	15	c100	sample	0	0-SRR5935833	sequences	12711109
20261008-064058-4a8f57c-d64a-n16-r15	15	c100	sample	0	0-SRR5935833	bases	2382418955
20261008-064058-4a8f57c-d64a-n16-r15	15	c100	sample	0	0-SRR5935833	classified	11452616
20261008-064058-4a8f57c-d64a-n16-r15	15	c100	sample	0	0-SRR5935833	place	lpt
20261008-064058-4a8f57c-d64a-n16-r15	15	c100	sample	0	0-SRR5935833	weight	12711109
20261008-064058-4a8f57c-d64a-n16-r15	15	c100	engine.mem			t_s	105.1
20261008-064058-4a8f57c-d64a-n16-r15	15	c100	engine.mem			rss_kib	78664040
20261008-064058-4a8f57c-d64a-n16-r15	15	c100	engine.mem			hwm_kib	78808240
20261008-064058-4a8f57c-d64a-n16-r15	15	c100	engine.mem			heap_inuse	5241077760
20261008-064058-4a8f57c-d64a-n16-r15	15	c100	engine.mem			sys	6627668136
20261008-064058-4a8f57c-d64a-n16-r15	15	c100	engine.mem			avail_kib	48927732
20261008-064058-4a8f57c-d64a-n16-r15	15	c100	sample	0	0-SRR5935764	mode	parallel
20261008-064058-4a8f57c-d64a-n16-r15	15	c100	sample	0	0-SRR5935764	s3client	sdk
20261008-064058-4a8f57c-d64a-n16-r15	15	c100	sample	0	0-SRR5935764	rank	15
20261008-064058-4a8f57c-d64a-n16-r15	15	c100	sample	0	0-SRR5935764	role	home
20261008-064058-4a8f57c-d64a-n16-r15	15	c100	sample	0	0-SRR5935764	inflight	1
20261008-064058-4a8f57c-d64a-n16-r15	15	c100	sample	0	0-SRR5935764	threads	16
20261008-064058-4a8f57c-d64a-n16-r15	15	c100	sample	0	0-SRR5935764	start_s	101.958421
20261008-064058-4a8f57c-d64a-n16-r15	15	c100	sample	0	0-SRR5935764	wall_s	12.948387
20261008-064058-4a8f57c-d64a-n16-r15	15	c100	sample	0	0-SRR5935764	setup_s	0.000091
20261008-064058-4a8f57c-d64a-n16-r15	15	c100	sample	0	0-SRR5935764	classify_s	12.059213
20261008-064058-4a8f57c-d64a-n16-r15	15	c100	sample	0	0-SRR5935764	close_s	0.739983
20261008-064058-4a8f57c-d64a-n16-r15	15	c100	sample	0	0-SRR5935764	report_s	0.139603
20261008-064058-4a8f57c-d64a-n16-r15	15	c100	sample	0	0-SRR5935764	status	0
20261008-064058-4a8f57c-d64a-n16-r15	15	c100	sample	0	0-SRR5935764	sequences	11689489
20261008-064058-4a8f57c-d64a-n16-r15	15	c100	sample	0	0-SRR5935764	bases	2123440867
20261008-064058-4a8f57c-d64a-n16-r15	15	c100	sample	0	0-SRR5935764	classified	11327502
20261008-064058-4a8f57c-d64a-n16-r15	15	c100	sample	0	0-SRR5935764	place	lpt
20261008-064058-4a8f57c-d64a-n16-r15	15	c100	sample	0	0-SRR5935764	weight	11689489
20261008-064058-4a8f57c-d64a-n16-r15	15	c100	engine.mem			t_s	120.1
20261008-064058-4a8f57c-d64a-n16-r15	15	c100	engine.mem			rss_kib	78188668
20261008-064058-4a8f57c-d64a-n16-r15	15	c100	engine.mem			hwm_kib	79136400
20261008-064058-4a8f57c-d64a-n16-r15	15	c100	engine.mem			heap_inuse	4159160320
20261008-064058-4a8f57c-d64a-n16-r15	15	c100	engine.mem			sys	7018168568
20261008-064058-4a8f57c-d64a-n16-r15	15	c100	engine.mem			avail_kib	49242828
20261008-064058-4a8f57c-d64a-n16-r15	15	c100	sample	0	0-SRR5935826	mode	parallel
20261008-064058-4a8f57c-d64a-n16-r15	15	c100	sample	0	0-SRR5935826	s3client	sdk
20261008-064058-4a8f57c-d64a-n16-r15	15	c100	sample	0	0-SRR5935826	rank	15
20261008-064058-4a8f57c-d64a-n16-r15	15	c100	sample	0	0-SRR5935826	role	home
20261008-064058-4a8f57c-d64a-n16-r15	15	c100	sample	0	0-SRR5935826	inflight	1
20261008-064058-4a8f57c-d64a-n16-r15	15	c100	sample	0	0-SRR5935826	threads	16
20261008-064058-4a8f57c-d64a-n16-r15	15	c100	sample	0	0-SRR5935826	start_s	114.906832
20261008-064058-4a8f57c-d64a-n16-r15	15	c100	sample	0	0-SRR5935826	wall_s	9.655839
20261008-064058-4a8f57c-d64a-n16-r15	15	c100	sample	0	0-SRR5935826	setup_s	0.000066
20261008-064058-4a8f57c-d64a-n16-r15	15	c100	sample	0	0-SRR5935826	classify_s	9.276484
20261008-064058-4a8f57c-d64a-n16-r15	15	c100	sample	0	0-SRR5935826	close_s	0.241568
20261008-064058-4a8f57c-d64a-n16-r15	15	c100	sample	0	0-SRR5935826	report_s	0.132226
20261008-064058-4a8f57c-d64a-n16-r15	15	c100	sample	0	0-SRR5935826	status	0
20261008-064058-4a8f57c-d64a-n16-r15	15	c100	sample	0	0-SRR5935826	sequences	8766123
20261008-064058-4a8f57c-d64a-n16-r15	15	c100	sample	0	0-SRR5935826	bases	1609927653
20261008-064058-4a8f57c-d64a-n16-r15	15	c100	sample	0	0-SRR5935826	classified	8639469
20261008-064058-4a8f57c-d64a-n16-r15	15	c100	sample	0	0-SRR5935826	place	lpt
20261008-064058-4a8f57c-d64a-n16-r15	15	c100	sample	0	0-SRR5935826	weight	8766123
20261008-064058-4a8f57c-d64a-n16-r15	15	c100	sample	0	0-SRR5935832	mode	parallel
20261008-064058-4a8f57c-d64a-n16-r15	15	c100	sample	0	0-SRR5935832	s3client	sdk
20261008-064058-4a8f57c-d64a-n16-r15	15	c100	sample	0	0-SRR5935832	rank	15
20261008-064058-4a8f57c-d64a-n16-r15	15	c100	sample	0	0-SRR5935832	role	home
20261008-064058-4a8f57c-d64a-n16-r15	15	c100	sample	0	0-SRR5935832	inflight	1
20261008-064058-4a8f57c-d64a-n16-r15	15	c100	sample	0	0-SRR5935832	threads	16
20261008-064058-4a8f57c-d64a-n16-r15	15	c100	sample	0	0-SRR5935832	start_s	124.562693
20261008-064058-4a8f57c-d64a-n16-r15	15	c100	sample	0	0-SRR5935832	wall_s	7.201077
20261008-064058-4a8f57c-d64a-n16-r15	15	c100	sample	0	0-SRR5935832	setup_s	0.000070
20261008-064058-4a8f57c-d64a-n16-r15	15	c100	sample	0	0-SRR5935832	classify_s	6.841405
20261008-064058-4a8f57c-d64a-n16-r15	15	c100	sample	0	0-SRR5935832	close_s	0.211211
20261008-064058-4a8f57c-d64a-n16-r15	15	c100	sample	0	0-SRR5935832	report_s	0.141457
20261008-064058-4a8f57c-d64a-n16-r15	15	c100	sample	0	0-SRR5935832	status	0
20261008-064058-4a8f57c-d64a-n16-r15	15	c100	sample	0	0-SRR5935832	sequences	6882441
20261008-064058-4a8f57c-d64a-n16-r15	15	c100	sample	0	0-SRR5935832	bases	1244786679
20261008-064058-4a8f57c-d64a-n16-r15	15	c100	sample	0	0-SRR5935832	classified	6619730
20261008-064058-4a8f57c-d64a-n16-r15	15	c100	sample	0	0-SRR5935832	place	lpt
20261008-064058-4a8f57c-d64a-n16-r15	15	c100	sample	0	0-SRR5935832	weight	6882441
20261008-064058-4a8f57c-d64a-n16-r15	15	c100	phase			batch-barrier-0	0.849740
20261008-064058-4a8f57c-d64a-n16-r15	15	c100	phase			batch-barrier-0.start_s	131.763786
20261008-064058-4a8f57c-d64a-n16-r15	15	c100	engine.mem			t_s	135.1
20261008-064058-4a8f57c-d64a-n16-r15	15	c100	engine.mem			rss_kib	77999540
20261008-064058-4a8f57c-d64a-n16-r15	15	c100	engine.mem			hwm_kib	79136400
20261008-064058-4a8f57c-d64a-n16-r15	15	c100	engine.mem			heap_inuse	4822016000
20261008-064058-4a8f57c-d64a-n16-r15	15	c100	engine.mem			sys	7018168568
20261008-064058-4a8f57c-d64a-n16-r15	15	c100	engine.mem			avail_kib	49497716
20261008-064058-4a8f57c-d64a-n16-r15	15	c100	sample	1	1-SRR5935755	mode	parallel
20261008-064058-4a8f57c-d64a-n16-r15	15	c100	sample	1	1-SRR5935755	s3client	sdk
20261008-064058-4a8f57c-d64a-n16-r15	15	c100	sample	1	1-SRR5935755	rank	15
20261008-064058-4a8f57c-d64a-n16-r15	15	c100	sample	1	1-SRR5935755	role	home
20261008-064058-4a8f57c-d64a-n16-r15	15	c100	sample	1	1-SRR5935755	inflight	1
20261008-064058-4a8f57c-d64a-n16-r15	15	c100	sample	1	1-SRR5935755	threads	16
20261008-064058-4a8f57c-d64a-n16-r15	15	c100	sample	1	1-SRR5935755	start_s	132.613551
20261008-064058-4a8f57c-d64a-n16-r15	15	c100	sample	1	1-SRR5935755	wall_s	6.830048
20261008-064058-4a8f57c-d64a-n16-r15	15	c100	sample	1	1-SRR5935755	setup_s	0.000042
20261008-064058-4a8f57c-d64a-n16-r15	15	c100	sample	1	1-SRR5935755	classify_s	6.448885
20261008-064058-4a8f57c-d64a-n16-r15	15	c100	sample	1	1-SRR5935755	close_s	0.186556
20261008-064058-4a8f57c-d64a-n16-r15	15	c100	sample	1	1-SRR5935755	report_s	0.182313
20261008-064058-4a8f57c-d64a-n16-r15	15	c100	sample	1	1-SRR5935755	status	0
20261008-064058-4a8f57c-d64a-n16-r15	15	c100	sample	1	1-SRR5935755	sequences	6071697
20261008-064058-4a8f57c-d64a-n16-r15	15	c100	sample	1	1-SRR5935755	bases	1090388750
20261008-064058-4a8f57c-d64a-n16-r15	15	c100	sample	1	1-SRR5935755	classified	5415115
20261008-064058-4a8f57c-d64a-n16-r15	15	c100	sample	1	1-SRR5935755	place	mod
20261008-064058-4a8f57c-d64a-n16-r15	15	c100	sample	1	1-SRR5935755	weight	6071697
20261008-064058-4a8f57c-d64a-n16-r15	15	c100	sample	1	1-SRR5935771	mode	parallel
20261008-064058-4a8f57c-d64a-n16-r15	15	c100	sample	1	1-SRR5935771	s3client	sdk
20261008-064058-4a8f57c-d64a-n16-r15	15	c100	sample	1	1-SRR5935771	rank	15
20261008-064058-4a8f57c-d64a-n16-r15	15	c100	sample	1	1-SRR5935771	role	home
20261008-064058-4a8f57c-d64a-n16-r15	15	c100	sample	1	1-SRR5935771	inflight	1
20261008-064058-4a8f57c-d64a-n16-r15	15	c100	sample	1	1-SRR5935771	threads	16
20261008-064058-4a8f57c-d64a-n16-r15	15	c100	sample	1	1-SRR5935771	start_s	139.443625
20261008-064058-4a8f57c-d64a-n16-r15	15	c100	sample	1	1-SRR5935771	wall_s	10.265485
20261008-064058-4a8f57c-d64a-n16-r15	15	c100	sample	1	1-SRR5935771	setup_s	0.000069
20261008-064058-4a8f57c-d64a-n16-r15	15	c100	sample	1	1-SRR5935771	classify_s	9.820877
20261008-064058-4a8f57c-d64a-n16-r15	15	c100	sample	1	1-SRR5935771	close_s	0.250140
20261008-064058-4a8f57c-d64a-n16-r15	15	c100	sample	1	1-SRR5935771	report_s	0.182431
20261008-064058-4a8f57c-d64a-n16-r15	15	c100	sample	1	1-SRR5935771	status	0
20261008-064058-4a8f57c-d64a-n16-r15	15	c100	sample	1	1-SRR5935771	sequences	9230220
20261008-064058-4a8f57c-d64a-n16-r15	15	c100	sample	1	1-SRR5935771	bases	1688151903
20261008-064058-4a8f57c-d64a-n16-r15	15	c100	sample	1	1-SRR5935771	classified	8736529
20261008-064058-4a8f57c-d64a-n16-r15	15	c100	sample	1	1-SRR5935771	place	mod
20261008-064058-4a8f57c-d64a-n16-r15	15	c100	sample	1	1-SRR5935771	weight	9230220
20261008-064058-4a8f57c-d64a-n16-r15	15	c100	engine.mem			t_s	150.1
20261008-064058-4a8f57c-d64a-n16-r15	15	c100	engine.mem			rss_kib	78561032
20261008-064058-4a8f57c-d64a-n16-r15	15	c100	engine.mem			hwm_kib	79136400
20261008-064058-4a8f57c-d64a-n16-r15	15	c100	engine.mem			heap_inuse	1629519872
20261008-064058-4a8f57c-d64a-n16-r15	15	c100	engine.mem			sys	7018758392
20261008-064058-4a8f57c-d64a-n16-r15	15	c100	engine.mem			avail_kib	48776080
20261008-064058-4a8f57c-d64a-n16-r15	15	c100	engine.mem			t_s	165.1
20261008-064058-4a8f57c-d64a-n16-r15	15	c100	engine.mem			rss_kib	78395808
20261008-064058-4a8f57c-d64a-n16-r15	15	c100	engine.mem			hwm_kib	79136400
20261008-064058-4a8f57c-d64a-n16-r15	15	c100	engine.mem			heap_inuse	4331438080
20261008-064058-4a8f57c-d64a-n16-r15	15	c100	engine.mem			sys	7018758392
20261008-064058-4a8f57c-d64a-n16-r15	15	c100	engine.mem			avail_kib	49047880
20261008-064058-4a8f57c-d64a-n16-r15	15	c100	sample	1	1-SRR5935787	mode	parallel
20261008-064058-4a8f57c-d64a-n16-r15	15	c100	sample	1	1-SRR5935787	s3client	sdk
20261008-064058-4a8f57c-d64a-n16-r15	15	c100	sample	1	1-SRR5935787	rank	15
20261008-064058-4a8f57c-d64a-n16-r15	15	c100	sample	1	1-SRR5935787	role	home
20261008-064058-4a8f57c-d64a-n16-r15	15	c100	sample	1	1-SRR5935787	inflight	1
20261008-064058-4a8f57c-d64a-n16-r15	15	c100	sample	1	1-SRR5935787	threads	16
20261008-064058-4a8f57c-d64a-n16-r15	15	c100	sample	1	1-SRR5935787	start_s	149.709139
20261008-064058-4a8f57c-d64a-n16-r15	15	c100	sample	1	1-SRR5935787	wall_s	17.910460
20261008-064058-4a8f57c-d64a-n16-r15	15	c100	sample	1	1-SRR5935787	setup_s	0.000082
20261008-064058-4a8f57c-d64a-n16-r15	15	c100	sample	1	1-SRR5935787	classify_s	17.527563
20261008-064058-4a8f57c-d64a-n16-r15	15	c100	sample	1	1-SRR5935787	close_s	0.234435
20261008-064058-4a8f57c-d64a-n16-r15	15	c100	sample	1	1-SRR5935787	report_s	0.140782
20261008-064058-4a8f57c-d64a-n16-r15	15	c100	sample	1	1-SRR5935787	status	0
20261008-064058-4a8f57c-d64a-n16-r15	15	c100	sample	1	1-SRR5935787	sequences	16351397
20261008-064058-4a8f57c-d64a-n16-r15	15	c100	sample	1	1-SRR5935787	bases	3065557655
20261008-064058-4a8f57c-d64a-n16-r15	15	c100	sample	1	1-SRR5935787	classified	16166849
20261008-064058-4a8f57c-d64a-n16-r15	15	c100	sample	1	1-SRR5935787	place	mod
20261008-064058-4a8f57c-d64a-n16-r15	15	c100	sample	1	1-SRR5935787	weight	16351397
20261008-064058-4a8f57c-d64a-n16-r15	15	c100	engine.mem			t_s	180.1
20261008-064058-4a8f57c-d64a-n16-r15	15	c100	engine.mem			rss_kib	78805540
20261008-064058-4a8f57c-d64a-n16-r15	15	c100	engine.mem			hwm_kib	79136400
20261008-064058-4a8f57c-d64a-n16-r15	15	c100	engine.mem			heap_inuse	3766329344
20261008-064058-4a8f57c-d64a-n16-r15	15	c100	engine.mem			sys	7018758392
20261008-064058-4a8f57c-d64a-n16-r15	15	c100	engine.mem			avail_kib	48586352
20261008-064058-4a8f57c-d64a-n16-r15	15	c100	sample	1	1-SRR5935803	mode	parallel
20261008-064058-4a8f57c-d64a-n16-r15	15	c100	sample	1	1-SRR5935803	s3client	sdk
20261008-064058-4a8f57c-d64a-n16-r15	15	c100	sample	1	1-SRR5935803	rank	15
20261008-064058-4a8f57c-d64a-n16-r15	15	c100	sample	1	1-SRR5935803	role	home
20261008-064058-4a8f57c-d64a-n16-r15	15	c100	sample	1	1-SRR5935803	inflight	1
20261008-064058-4a8f57c-d64a-n16-r15	15	c100	sample	1	1-SRR5935803	threads	16
20261008-064058-4a8f57c-d64a-n16-r15	15	c100	sample	1	1-SRR5935803	start_s	167.619635
20261008-064058-4a8f57c-d64a-n16-r15	15	c100	sample	1	1-SRR5935803	wall_s	19.822370
20261008-064058-4a8f57c-d64a-n16-r15	15	c100	sample	1	1-SRR5935803	setup_s	0.000070
20261008-064058-4a8f57c-d64a-n16-r15	15	c100	sample	1	1-SRR5935803	classify_s	19.342185
20261008-064058-4a8f57c-d64a-n16-r15	15	c100	sample	1	1-SRR5935803	close_s	0.272676
20261008-064058-4a8f57c-d64a-n16-r15	15	c100	sample	1	1-SRR5935803	report_s	0.197167
20261008-064058-4a8f57c-d64a-n16-r15	15	c100	sample	1	1-SRR5935803	status	0
20261008-064058-4a8f57c-d64a-n16-r15	15	c100	sample	1	1-SRR5935803	sequences	18392491
20261008-064058-4a8f57c-d64a-n16-r15	15	c100	sample	1	1-SRR5935803	bases	3418705365
20261008-064058-4a8f57c-d64a-n16-r15	15	c100	sample	1	1-SRR5935803	classified	18064386
20261008-064058-4a8f57c-d64a-n16-r15	15	c100	sample	1	1-SRR5935803	place	mod
20261008-064058-4a8f57c-d64a-n16-r15	15	c100	sample	1	1-SRR5935803	weight	18392491
20261008-064058-4a8f57c-d64a-n16-r15	15	c100	engine.mem			t_s	195.1
20261008-064058-4a8f57c-d64a-n16-r15	15	c100	engine.mem			rss_kib	78436360
20261008-064058-4a8f57c-d64a-n16-r15	15	c100	engine.mem			hwm_kib	79136400
20261008-064058-4a8f57c-d64a-n16-r15	15	c100	engine.mem			heap_inuse	4059176960
20261008-064058-4a8f57c-d64a-n16-r15	15	c100	engine.mem			sys	7018758392
20261008-064058-4a8f57c-d64a-n16-r15	15	c100	engine.mem			avail_kib	49011224
20261008-064058-4a8f57c-d64a-n16-r15	15	c100	sample	1	1-SRR5935819	mode	parallel
20261008-064058-4a8f57c-d64a-n16-r15	15	c100	sample	1	1-SRR5935819	s3client	sdk
20261008-064058-4a8f57c-d64a-n16-r15	15	c100	sample	1	1-SRR5935819	rank	15
20261008-064058-4a8f57c-d64a-n16-r15	15	c100	sample	1	1-SRR5935819	role	home
20261008-064058-4a8f57c-d64a-n16-r15	15	c100	sample	1	1-SRR5935819	inflight	1
20261008-064058-4a8f57c-d64a-n16-r15	15	c100	sample	1	1-SRR5935819	threads	16
20261008-064058-4a8f57c-d64a-n16-r15	15	c100	sample	1	1-SRR5935819	start_s	187.442050
20261008-064058-4a8f57c-d64a-n16-r15	15	c100	sample	1	1-SRR5935819	wall_s	12.112695
20261008-064058-4a8f57c-d64a-n16-r15	15	c100	sample	1	1-SRR5935819	setup_s	0.000067
20261008-064058-4a8f57c-d64a-n16-r15	15	c100	sample	1	1-SRR5935819	classify_s	11.582439
20261008-064058-4a8f57c-d64a-n16-r15	15	c100	sample	1	1-SRR5935819	close_s	0.348699
20261008-064058-4a8f57c-d64a-n16-r15	15	c100	sample	1	1-SRR5935819	report_s	0.175204
20261008-064058-4a8f57c-d64a-n16-r15	15	c100	sample	1	1-SRR5935819	status	0
20261008-064058-4a8f57c-d64a-n16-r15	15	c100	sample	1	1-SRR5935819	sequences	10896278
20261008-064058-4a8f57c-d64a-n16-r15	15	c100	sample	1	1-SRR5935819	bases	2024821947
20261008-064058-4a8f57c-d64a-n16-r15	15	c100	sample	1	1-SRR5935819	classified	10712521
20261008-064058-4a8f57c-d64a-n16-r15	15	c100	sample	1	1-SRR5935819	place	mod
20261008-064058-4a8f57c-d64a-n16-r15	15	c100	sample	1	1-SRR5935819	weight	10896278
20261008-064058-4a8f57c-d64a-n16-r15	15	c100	sample	1	1-SRR5935835	mode	parallel
20261008-064058-4a8f57c-d64a-n16-r15	15	c100	sample	1	1-SRR5935835	s3client	sdk
20261008-064058-4a8f57c-d64a-n16-r15	15	c100	sample	1	1-SRR5935835	rank	15
20261008-064058-4a8f57c-d64a-n16-r15	15	c100	sample	1	1-SRR5935835	role	home
20261008-064058-4a8f57c-d64a-n16-r15	15	c100	sample	1	1-SRR5935835	inflight	1
20261008-064058-4a8f57c-d64a-n16-r15	15	c100	sample	1	1-SRR5935835	threads	16
20261008-064058-4a8f57c-d64a-n16-r15	15	c100	sample	1	1-SRR5935835	start_s	199.554772
20261008-064058-4a8f57c-d64a-n16-r15	15	c100	sample	1	1-SRR5935835	wall_s	2.381919
20261008-064058-4a8f57c-d64a-n16-r15	15	c100	sample	1	1-SRR5935835	setup_s	0.000063
20261008-064058-4a8f57c-d64a-n16-r15	15	c100	sample	1	1-SRR5935835	classify_s	2.060662
20261008-064058-4a8f57c-d64a-n16-r15	15	c100	sample	1	1-SRR5935835	close_s	0.206587
20261008-064058-4a8f57c-d64a-n16-r15	15	c100	sample	1	1-SRR5935835	report_s	0.112015
20261008-064058-4a8f57c-d64a-n16-r15	15	c100	sample	1	1-SRR5935835	status	0
20261008-064058-4a8f57c-d64a-n16-r15	15	c100	sample	1	1-SRR5935835	sequences	1341509
20261008-064058-4a8f57c-d64a-n16-r15	15	c100	sample	1	1-SRR5935835	bases	254993682
20261008-064058-4a8f57c-d64a-n16-r15	15	c100	sample	1	1-SRR5935835	classified	1320808
20261008-064058-4a8f57c-d64a-n16-r15	15	c100	sample	1	1-SRR5935835	place	mod
20261008-064058-4a8f57c-d64a-n16-r15	15	c100	sample	1	1-SRR5935835	weight	1341509
20261008-064058-4a8f57c-d64a-n16-r15	15	c100	engine.mem			t_s	210.1
20261008-064058-4a8f57c-d64a-n16-r15	15	c100	engine.mem			rss_kib	77701192
20261008-064058-4a8f57c-d64a-n16-r15	15	c100	engine.mem			hwm_kib	79136400
20261008-064058-4a8f57c-d64a-n16-r15	15	c100	engine.mem			heap_inuse	4364648448
20261008-064058-4a8f57c-d64a-n16-r15	15	c100	engine.mem			sys	7018758392
20261008-064058-4a8f57c-d64a-n16-r15	15	c100	engine.mem			avail_kib	49915992
20261008-064058-4a8f57c-d64a-n16-r15	15	c100	phase			batch-barrier-1	20.727952
20261008-064058-4a8f57c-d64a-n16-r15	15	c100	phase			batch-barrier-1.start_s	201.936715
20261008-064058-4a8f57c-d64a-n16-r15	15	c100	engine.mem			t_s	225.1
20261008-064058-4a8f57c-d64a-n16-r15	15	c100	engine.mem			rss_kib	77452304
20261008-064058-4a8f57c-d64a-n16-r15	15	c100	engine.mem			hwm_kib	79136400
20261008-064058-4a8f57c-d64a-n16-r15	15	c100	engine.mem			heap_inuse	3512475648
20261008-064058-4a8f57c-d64a-n16-r15	15	c100	engine.mem			sys	7018758392
20261008-064058-4a8f57c-d64a-n16-r15	15	c100	engine.mem			avail_kib	50174376
20261008-064058-4a8f57c-d64a-n16-r15	15	c100	sample	2	2-SRR5935756	mode	parallel
20261008-064058-4a8f57c-d64a-n16-r15	15	c100	sample	2	2-SRR5935756	s3client	sdk
20261008-064058-4a8f57c-d64a-n16-r15	15	c100	sample	2	2-SRR5935756	rank	15
20261008-064058-4a8f57c-d64a-n16-r15	15	c100	sample	2	2-SRR5935756	role	home
20261008-064058-4a8f57c-d64a-n16-r15	15	c100	sample	2	2-SRR5935756	inflight	1
20261008-064058-4a8f57c-d64a-n16-r15	15	c100	sample	2	2-SRR5935756	threads	16
20261008-064058-4a8f57c-d64a-n16-r15	15	c100	sample	2	2-SRR5935756	start_s	222.664713
20261008-064058-4a8f57c-d64a-n16-r15	15	c100	sample	2	2-SRR5935756	wall_s	17.383390
20261008-064058-4a8f57c-d64a-n16-r15	15	c100	sample	2	2-SRR5935756	setup_s	0.000061
20261008-064058-4a8f57c-d64a-n16-r15	15	c100	sample	2	2-SRR5935756	classify_s	16.909852
20261008-064058-4a8f57c-d64a-n16-r15	15	c100	sample	2	2-SRR5935756	close_s	0.269032
20261008-064058-4a8f57c-d64a-n16-r15	15	c100	sample	2	2-SRR5935756	report_s	0.189856
20261008-064058-4a8f57c-d64a-n16-r15	15	c100	sample	2	2-SRR5935756	status	0
20261008-064058-4a8f57c-d64a-n16-r15	15	c100	sample	2	2-SRR5935756	sequences	16053448
20261008-064058-4a8f57c-d64a-n16-r15	15	c100	sample	2	2-SRR5935756	bases	2993468449
20261008-064058-4a8f57c-d64a-n16-r15	15	c100	sample	2	2-SRR5935756	classified	15204484
20261008-064058-4a8f57c-d64a-n16-r15	15	c100	sample	2	2-SRR5935756	place	lpt
20261008-064058-4a8f57c-d64a-n16-r15	15	c100	sample	2	2-SRR5935756	weight	16053448
20261008-064058-4a8f57c-d64a-n16-r15	15	c100	engine.mem			t_s	240.1
20261008-064058-4a8f57c-d64a-n16-r15	15	c100	engine.mem			rss_kib	78669524
20261008-064058-4a8f57c-d64a-n16-r15	15	c100	engine.mem			hwm_kib	79136400
20261008-064058-4a8f57c-d64a-n16-r15	15	c100	engine.mem			heap_inuse	3865731072
20261008-064058-4a8f57c-d64a-n16-r15	15	c100	engine.mem			sys	7018758392
20261008-064058-4a8f57c-d64a-n16-r15	15	c100	engine.mem			avail_kib	49030340
20261008-064058-4a8f57c-d64a-n16-r15	15	c100	engine.mem			t_s	255.2
20261008-064058-4a8f57c-d64a-n16-r15	15	c100	engine.mem			rss_kib	78937916
20261008-064058-4a8f57c-d64a-n16-r15	15	c100	engine.mem			hwm_kib	79136400
20261008-064058-4a8f57c-d64a-n16-r15	15	c100	engine.mem			heap_inuse	4095393792
20261008-064058-4a8f57c-d64a-n16-r15	15	c100	engine.mem			sys	7018758392
20261008-064058-4a8f57c-d64a-n16-r15	15	c100	engine.mem			avail_kib	48609292
20261008-064058-4a8f57c-d64a-n16-r15	15	c100	sample	2	2-SRR5935768	mode	parallel
20261008-064058-4a8f57c-d64a-n16-r15	15	c100	sample	2	2-SRR5935768	s3client	sdk
20261008-064058-4a8f57c-d64a-n16-r15	15	c100	sample	2	2-SRR5935768	rank	15
20261008-064058-4a8f57c-d64a-n16-r15	15	c100	sample	2	2-SRR5935768	role	home
20261008-064058-4a8f57c-d64a-n16-r15	15	c100	sample	2	2-SRR5935768	inflight	1
20261008-064058-4a8f57c-d64a-n16-r15	15	c100	sample	2	2-SRR5935768	threads	16
20261008-064058-4a8f57c-d64a-n16-r15	15	c100	sample	2	2-SRR5935768	start_s	240.048132
20261008-064058-4a8f57c-d64a-n16-r15	15	c100	sample	2	2-SRR5935768	wall_s	16.938019
20261008-064058-4a8f57c-d64a-n16-r15	15	c100	sample	2	2-SRR5935768	setup_s	0.000066
20261008-064058-4a8f57c-d64a-n16-r15	15	c100	sample	2	2-SRR5935768	classify_s	16.404662
20261008-064058-4a8f57c-d64a-n16-r15	15	c100	sample	2	2-SRR5935768	close_s	0.352671
20261008-064058-4a8f57c-d64a-n16-r15	15	c100	sample	2	2-SRR5935768	report_s	0.164603
20261008-064058-4a8f57c-d64a-n16-r15	15	c100	sample	2	2-SRR5935768	status	0
20261008-064058-4a8f57c-d64a-n16-r15	15	c100	sample	2	2-SRR5935768	sequences	15746753
20261008-064058-4a8f57c-d64a-n16-r15	15	c100	sample	2	2-SRR5935768	bases	2888337209
20261008-064058-4a8f57c-d64a-n16-r15	15	c100	sample	2	2-SRR5935768	classified	14105631
20261008-064058-4a8f57c-d64a-n16-r15	15	c100	sample	2	2-SRR5935768	place	lpt
20261008-064058-4a8f57c-d64a-n16-r15	15	c100	sample	2	2-SRR5935768	weight	15746753
20261008-064058-4a8f57c-d64a-n16-r15	15	c100	engine.mem			t_s	270.2
20261008-064058-4a8f57c-d64a-n16-r15	15	c100	engine.mem			rss_kib	78599360
20261008-064058-4a8f57c-d64a-n16-r15	15	c100	engine.mem			hwm_kib	79136400
20261008-064058-4a8f57c-d64a-n16-r15	15	c100	engine.mem			heap_inuse	5254815744
20261008-064058-4a8f57c-d64a-n16-r15	15	c100	engine.mem			sys	7018758392
20261008-064058-4a8f57c-d64a-n16-r15	15	c100	engine.mem			avail_kib	48734092
20261008-064058-4a8f57c-d64a-n16-r15	15	c100	sample	2	2-SRR5935833	mode	parallel
20261008-064058-4a8f57c-d64a-n16-r15	15	c100	sample	2	2-SRR5935833	s3client	sdk
20261008-064058-4a8f57c-d64a-n16-r15	15	c100	sample	2	2-SRR5935833	rank	15
20261008-064058-4a8f57c-d64a-n16-r15	15	c100	sample	2	2-SRR5935833	role	home
20261008-064058-4a8f57c-d64a-n16-r15	15	c100	sample	2	2-SRR5935833	inflight	1
20261008-064058-4a8f57c-d64a-n16-r15	15	c100	sample	2	2-SRR5935833	threads	16
20261008-064058-4a8f57c-d64a-n16-r15	15	c100	sample	2	2-SRR5935833	start_s	256.986177
20261008-064058-4a8f57c-d64a-n16-r15	15	c100	sample	2	2-SRR5935833	wall_s	14.137508
20261008-064058-4a8f57c-d64a-n16-r15	15	c100	sample	2	2-SRR5935833	setup_s	0.000055
20261008-064058-4a8f57c-d64a-n16-r15	15	c100	sample	2	2-SRR5935833	classify_s	13.752612
20261008-064058-4a8f57c-d64a-n16-r15	15	c100	sample	2	2-SRR5935833	close_s	0.201895
20261008-064058-4a8f57c-d64a-n16-r15	15	c100	sample	2	2-SRR5935833	report_s	0.162582
20261008-064058-4a8f57c-d64a-n16-r15	15	c100	sample	2	2-SRR5935833	status	0
20261008-064058-4a8f57c-d64a-n16-r15	15	c100	sample	2	2-SRR5935833	sequences	12711109
20261008-064058-4a8f57c-d64a-n16-r15	15	c100	sample	2	2-SRR5935833	bases	2382418955
20261008-064058-4a8f57c-d64a-n16-r15	15	c100	sample	2	2-SRR5935833	classified	11452616
20261008-064058-4a8f57c-d64a-n16-r15	15	c100	sample	2	2-SRR5935833	place	lpt
20261008-064058-4a8f57c-d64a-n16-r15	15	c100	sample	2	2-SRR5935833	weight	12711109
20261008-064058-4a8f57c-d64a-n16-r15	15	c100	sample	2	2-SRR5935764	mode	parallel
20261008-064058-4a8f57c-d64a-n16-r15	15	c100	sample	2	2-SRR5935764	s3client	sdk
20261008-064058-4a8f57c-d64a-n16-r15	15	c100	sample	2	2-SRR5935764	rank	15
20261008-064058-4a8f57c-d64a-n16-r15	15	c100	sample	2	2-SRR5935764	role	home
20261008-064058-4a8f57c-d64a-n16-r15	15	c100	sample	2	2-SRR5935764	inflight	1
20261008-064058-4a8f57c-d64a-n16-r15	15	c100	sample	2	2-SRR5935764	threads	16
20261008-064058-4a8f57c-d64a-n16-r15	15	c100	sample	2	2-SRR5935764	start_s	271.123706
20261008-064058-4a8f57c-d64a-n16-r15	15	c100	sample	2	2-SRR5935764	wall_s	12.589170
20261008-064058-4a8f57c-d64a-n16-r15	15	c100	sample	2	2-SRR5935764	setup_s	0.000069
20261008-064058-4a8f57c-d64a-n16-r15	15	c100	sample	2	2-SRR5935764	classify_s	12.204178
20261008-064058-4a8f57c-d64a-n16-r15	15	c100	sample	2	2-SRR5935764	close_s	0.219333
20261008-064058-4a8f57c-d64a-n16-r15	15	c100	sample	2	2-SRR5935764	report_s	0.155627
20261008-064058-4a8f57c-d64a-n16-r15	15	c100	sample	2	2-SRR5935764	status	0
20261008-064058-4a8f57c-d64a-n16-r15	15	c100	sample	2	2-SRR5935764	sequences	11689489
20261008-064058-4a8f57c-d64a-n16-r15	15	c100	sample	2	2-SRR5935764	bases	2123440867
20261008-064058-4a8f57c-d64a-n16-r15	15	c100	sample	2	2-SRR5935764	classified	11327502
20261008-064058-4a8f57c-d64a-n16-r15	15	c100	sample	2	2-SRR5935764	place	lpt
20261008-064058-4a8f57c-d64a-n16-r15	15	c100	sample	2	2-SRR5935764	weight	11689489
20261008-064058-4a8f57c-d64a-n16-r15	15	c100	engine.mem			t_s	285.2
20261008-064058-4a8f57c-d64a-n16-r15	15	c100	engine.mem			rss_kib	78652352
20261008-064058-4a8f57c-d64a-n16-r15	15	c100	engine.mem			hwm_kib	79376516
20261008-064058-4a8f57c-d64a-n16-r15	15	c100	engine.mem			heap_inuse	4433477632
20261008-064058-4a8f57c-d64a-n16-r15	15	c100	engine.mem			sys	7179661608
20261008-064058-4a8f57c-d64a-n16-r15	15	c100	engine.mem			avail_kib	48814328
20261008-064058-4a8f57c-d64a-n16-r15	15	c100	sample	2	2-SRR5935826	mode	parallel
20261008-064058-4a8f57c-d64a-n16-r15	15	c100	sample	2	2-SRR5935826	s3client	sdk
20261008-064058-4a8f57c-d64a-n16-r15	15	c100	sample	2	2-SRR5935826	rank	15
20261008-064058-4a8f57c-d64a-n16-r15	15	c100	sample	2	2-SRR5935826	role	home
20261008-064058-4a8f57c-d64a-n16-r15	15	c100	sample	2	2-SRR5935826	inflight	1
20261008-064058-4a8f57c-d64a-n16-r15	15	c100	sample	2	2-SRR5935826	threads	16
20261008-064058-4a8f57c-d64a-n16-r15	15	c100	sample	2	2-SRR5935826	start_s	283.712900
20261008-064058-4a8f57c-d64a-n16-r15	15	c100	sample	2	2-SRR5935826	wall_s	9.796388
20261008-064058-4a8f57c-d64a-n16-r15	15	c100	sample	2	2-SRR5935826	setup_s	0.000066
20261008-064058-4a8f57c-d64a-n16-r15	15	c100	sample	2	2-SRR5935826	classify_s	9.420484
20261008-064058-4a8f57c-d64a-n16-r15	15	c100	sample	2	2-SRR5935826	close_s	0.216916
20261008-064058-4a8f57c-d64a-n16-r15	15	c100	sample	2	2-SRR5935826	report_s	0.153641
20261008-064058-4a8f57c-d64a-n16-r15	15	c100	sample	2	2-SRR5935826	status	0
20261008-064058-4a8f57c-d64a-n16-r15	15	c100	sample	2	2-SRR5935826	sequences	8766123
20261008-064058-4a8f57c-d64a-n16-r15	15	c100	sample	2	2-SRR5935826	bases	1609927653
20261008-064058-4a8f57c-d64a-n16-r15	15	c100	sample	2	2-SRR5935826	classified	8639469
20261008-064058-4a8f57c-d64a-n16-r15	15	c100	sample	2	2-SRR5935826	place	lpt
20261008-064058-4a8f57c-d64a-n16-r15	15	c100	sample	2	2-SRR5935826	weight	8766123
20261008-064058-4a8f57c-d64a-n16-r15	15	c100	engine.mem			t_s	300.2
20261008-064058-4a8f57c-d64a-n16-r15	15	c100	engine.mem			rss_kib	78372832
20261008-064058-4a8f57c-d64a-n16-r15	15	c100	engine.mem			hwm_kib	79376516
20261008-064058-4a8f57c-d64a-n16-r15	15	c100	engine.mem			heap_inuse	4058447872
20261008-064058-4a8f57c-d64a-n16-r15	15	c100	engine.mem			sys	7179661608
20261008-064058-4a8f57c-d64a-n16-r15	15	c100	engine.mem			avail_kib	49282304
20261008-064058-4a8f57c-d64a-n16-r15	15	c100	sample	2	2-SRR5935832	mode	parallel
20261008-064058-4a8f57c-d64a-n16-r15	15	c100	sample	2	2-SRR5935832	s3client	sdk
20261008-064058-4a8f57c-d64a-n16-r15	15	c100	sample	2	2-SRR5935832	rank	15
20261008-064058-4a8f57c-d64a-n16-r15	15	c100	sample	2	2-SRR5935832	role	home
20261008-064058-4a8f57c-d64a-n16-r15	15	c100	sample	2	2-SRR5935832	inflight	1
20261008-064058-4a8f57c-d64a-n16-r15	15	c100	sample	2	2-SRR5935832	threads	16
20261008-064058-4a8f57c-d64a-n16-r15	15	c100	sample	2	2-SRR5935832	start_s	293.509317
20261008-064058-4a8f57c-d64a-n16-r15	15	c100	sample	2	2-SRR5935832	wall_s	7.389390
20261008-064058-4a8f57c-d64a-n16-r15	15	c100	sample	2	2-SRR5935832	setup_s	0.000051
20261008-064058-4a8f57c-d64a-n16-r15	15	c100	sample	2	2-SRR5935832	classify_s	7.017423
20261008-064058-4a8f57c-d64a-n16-r15	15	c100	sample	2	2-SRR5935832	close_s	0.215531
20261008-064058-4a8f57c-d64a-n16-r15	15	c100	sample	2	2-SRR5935832	report_s	0.149602
20261008-064058-4a8f57c-d64a-n16-r15	15	c100	sample	2	2-SRR5935832	status	0
20261008-064058-4a8f57c-d64a-n16-r15	15	c100	sample	2	2-SRR5935832	sequences	6882441
20261008-064058-4a8f57c-d64a-n16-r15	15	c100	sample	2	2-SRR5935832	bases	1244786679
20261008-064058-4a8f57c-d64a-n16-r15	15	c100	sample	2	2-SRR5935832	classified	6619730
20261008-064058-4a8f57c-d64a-n16-r15	15	c100	sample	2	2-SRR5935832	place	lpt
20261008-064058-4a8f57c-d64a-n16-r15	15	c100	sample	2	2-SRR5935832	weight	6882441
20261008-064058-4a8f57c-d64a-n16-r15	15	c100	phase			batch-barrier-2	2.019158
20261008-064058-4a8f57c-d64a-n16-r15	15	c100	phase			batch-barrier-2.start_s	300.898730
20261008-064058-4a8f57c-d64a-n16-r15	15	c100	phase			barrier	0.249560
20261008-064058-4a8f57c-d64a-n16-r15	15	c100	phase			barrier.start_s	309.792298
20261008-064058-4a8f57c-d64a-n16-r15	15	c100	sample	3	3-SRR5935740	mode	striped
20261008-064058-4a8f57c-d64a-n16-r15	15	c100	sample	3	3-SRR5935740	s3client	sdk
20261008-064058-4a8f57c-d64a-n16-r15	15	c100	sample	3	3-SRR5935740	rank	15
20261008-064058-4a8f57c-d64a-n16-r15	15	c100	sample	3	3-SRR5935740	role	peer
20261008-064058-4a8f57c-d64a-n16-r15	15	c100	sample	3	3-SRR5935740	inflight	1
20261008-064058-4a8f57c-d64a-n16-r15	15	c100	sample	3	3-SRR5935740	threads	16
20261008-064058-4a8f57c-d64a-n16-r15	15	c100	sample	3	3-SRR5935740	start_s	304.067941
20261008-064058-4a8f57c-d64a-n16-r15	15	c100	sample	3	3-SRR5935740	wall_s	5.973967
20261008-064058-4a8f57c-d64a-n16-r15	15	c100	sample	3	3-SRR5935740	setup_s	0.000055
20261008-064058-4a8f57c-d64a-n16-r15	15	c100	sample	3	3-SRR5935740	classify_s	5.720124
20261008-064058-4a8f57c-d64a-n16-r15	15	c100	sample	3	3-SRR5935740	close_s	0.000000
20261008-064058-4a8f57c-d64a-n16-r15	15	c100	sample	3	3-SRR5935740	report_s	0.000000
20261008-064058-4a8f57c-d64a-n16-r15	15	c100	sample	3	3-SRR5935740	status	0
20261008-064058-4a8f57c-d64a-n16-r15	15	c100	sample	3	3-SRR5935740	sequences	0
20261008-064058-4a8f57c-d64a-n16-r15	15	c100	sample	3	3-SRR5935740	bases	0
20261008-064058-4a8f57c-d64a-n16-r15	15	c100	sample	3	3-SRR5935740	classified	0
20261008-064058-4a8f57c-d64a-n16-r15	15	c100	sample	3	3-SRR5935740	place	-
20261008-064058-4a8f57c-d64a-n16-r15	15	c100	sample	3	3-SRR5935740	weight	-
20261008-064058-4a8f57c-d64a-n16-r15	15	c100	phase			batch-barrier-3	0.484476
20261008-064058-4a8f57c-d64a-n16-r15	15	c100	phase			batch-barrier-3.start_s	310.041919
20261008-064058-4a8f57c-d64a-n16-r15	15	c100	engine.mem			t_s	315.2
20261008-064058-4a8f57c-d64a-n16-r15	15	c100	engine.mem			rss_kib	75423732
20261008-064058-4a8f57c-d64a-n16-r15	15	c100	engine.mem			hwm_kib	79376516
20261008-064058-4a8f57c-d64a-n16-r15	15	c100	engine.mem			heap_inuse	2229125120
20261008-064058-4a8f57c-d64a-n16-r15	15	c100	engine.mem			sys	7179661608
20261008-064058-4a8f57c-d64a-n16-r15	15	c100	engine.mem			avail_kib	52166592
20261008-064058-4a8f57c-d64a-n16-r15	15	c100	phase			barrier	0.221267
20261008-064058-4a8f57c-d64a-n16-r15	15	c100	phase			barrier.start_s	317.027507
20261008-064058-4a8f57c-d64a-n16-r15	15	c100	sample	4	4-SRR5935740	mode	striped
20261008-064058-4a8f57c-d64a-n16-r15	15	c100	sample	4	4-SRR5935740	s3client	sdk
20261008-064058-4a8f57c-d64a-n16-r15	15	c100	sample	4	4-SRR5935740	rank	15
20261008-064058-4a8f57c-d64a-n16-r15	15	c100	sample	4	4-SRR5935740	role	peer
20261008-064058-4a8f57c-d64a-n16-r15	15	c100	sample	4	4-SRR5935740	inflight	1
20261008-064058-4a8f57c-d64a-n16-r15	15	c100	sample	4	4-SRR5935740	threads	16
20261008-064058-4a8f57c-d64a-n16-r15	15	c100	sample	4	4-SRR5935740	start_s	311.304774
20261008-064058-4a8f57c-d64a-n16-r15	15	c100	sample	4	4-SRR5935740	wall_s	5.944047
20261008-064058-4a8f57c-d64a-n16-r15	15	c100	sample	4	4-SRR5935740	setup_s	0.000050
20261008-064058-4a8f57c-d64a-n16-r15	15	c100	sample	4	4-SRR5935740	classify_s	5.718554
20261008-064058-4a8f57c-d64a-n16-r15	15	c100	sample	4	4-SRR5935740	close_s	0.000000
20261008-064058-4a8f57c-d64a-n16-r15	15	c100	sample	4	4-SRR5935740	report_s	0.000000
20261008-064058-4a8f57c-d64a-n16-r15	15	c100	sample	4	4-SRR5935740	status	0
20261008-064058-4a8f57c-d64a-n16-r15	15	c100	sample	4	4-SRR5935740	sequences	0
20261008-064058-4a8f57c-d64a-n16-r15	15	c100	sample	4	4-SRR5935740	bases	0
20261008-064058-4a8f57c-d64a-n16-r15	15	c100	sample	4	4-SRR5935740	classified	0
20261008-064058-4a8f57c-d64a-n16-r15	15	c100	sample	4	4-SRR5935740	place	-
20261008-064058-4a8f57c-d64a-n16-r15	15	c100	sample	4	4-SRR5935740	weight	-
20261008-064058-4a8f57c-d64a-n16-r15	15	c100	phase			batch-barrier-4	0.517225
20261008-064058-4a8f57c-d64a-n16-r15	15	c100	phase			batch-barrier-4.start_s	317.248833
20261008-064058-4a8f57c-d64a-n16-r15	15	c100	phase			barrier	0.072377
20261008-064058-4a8f57c-d64a-n16-r15	15	c100	phase			barrier.start_s	324.242214
20261008-064058-4a8f57c-d64a-n16-r15	15	c100	sample	5	5-SRR5935740	mode	striped
20261008-064058-4a8f57c-d64a-n16-r15	15	c100	sample	5	5-SRR5935740	s3client	sdk
20261008-064058-4a8f57c-d64a-n16-r15	15	c100	sample	5	5-SRR5935740	rank	15
20261008-064058-4a8f57c-d64a-n16-r15	15	c100	sample	5	5-SRR5935740	role	peer
20261008-064058-4a8f57c-d64a-n16-r15	15	c100	sample	5	5-SRR5935740	inflight	1
20261008-064058-4a8f57c-d64a-n16-r15	15	c100	sample	5	5-SRR5935740	threads	16
20261008-064058-4a8f57c-d64a-n16-r15	15	c100	sample	5	5-SRR5935740	start_s	318.523349
20261008-064058-4a8f57c-d64a-n16-r15	15	c100	sample	5	5-SRR5935740	wall_s	5.791281
20261008-064058-4a8f57c-d64a-n16-r15	15	c100	sample	5	5-SRR5935740	setup_s	0.000060
20261008-064058-4a8f57c-d64a-n16-r15	15	c100	sample	5	5-SRR5935740	classify_s	5.713931
20261008-064058-4a8f57c-d64a-n16-r15	15	c100	sample	5	5-SRR5935740	close_s	0.000000
20261008-064058-4a8f57c-d64a-n16-r15	15	c100	sample	5	5-SRR5935740	report_s	0.000000
20261008-064058-4a8f57c-d64a-n16-r15	15	c100	sample	5	5-SRR5935740	status	0
20261008-064058-4a8f57c-d64a-n16-r15	15	c100	sample	5	5-SRR5935740	sequences	0
20261008-064058-4a8f57c-d64a-n16-r15	15	c100	sample	5	5-SRR5935740	bases	0
20261008-064058-4a8f57c-d64a-n16-r15	15	c100	sample	5	5-SRR5935740	classified	0
20261008-064058-4a8f57c-d64a-n16-r15	15	c100	sample	5	5-SRR5935740	place	-
20261008-064058-4a8f57c-d64a-n16-r15	15	c100	sample	5	5-SRR5935740	weight	-
20261008-064058-4a8f57c-d64a-n16-r15	15	c100	phase			batch-barrier-5	0.523120
20261008-064058-4a8f57c-d64a-n16-r15	15	c100	phase			batch-barrier-5.start_s	324.314640
20261008-064058-4a8f57c-d64a-n16-r15	15	c100	engine.mem			t_s	330.2
20261008-064058-4a8f57c-d64a-n16-r15	15	c100	engine.mem			rss_kib	76588164
20261008-064058-4a8f57c-d64a-n16-r15	15	c100	engine.mem			hwm_kib	79376516
20261008-064058-4a8f57c-d64a-n16-r15	15	c100	engine.mem			heap_inuse	4073283584
20261008-064058-4a8f57c-d64a-n16-r15	15	c100	engine.mem			sys	7179661608
20261008-064058-4a8f57c-d64a-n16-r15	15	c100	engine.mem			avail_kib	51001276
20261008-064058-4a8f57c-d64a-n16-r15	15	c100	phase			batch-barrier-6	11.112809
20261008-064058-4a8f57c-d64a-n16-r15	15	c100	phase			batch-barrier-6.start_s	324.837781
20261008-064058-4a8f57c-d64a-n16-r15	15	c100	phase			batch-barrier-7	9.200269
20261008-064058-4a8f57c-d64a-n16-r15	15	c100	phase			batch-barrier-7.start_s	335.950610
20261008-064058-4a8f57c-d64a-n16-r15	15	c100	engine.mem			t_s	345.2
20261008-064058-4a8f57c-d64a-n16-r15	15	c100	engine.mem			rss_kib	76589940
20261008-064058-4a8f57c-d64a-n16-r15	15	c100	engine.mem			hwm_kib	79376516
20261008-064058-4a8f57c-d64a-n16-r15	15	c100	engine.mem			heap_inuse	4075192320
20261008-064058-4a8f57c-d64a-n16-r15	15	c100	engine.mem			sys	7179661608
20261008-064058-4a8f57c-d64a-n16-r15	15	c100	engine.mem			avail_kib	51227748
20261008-064058-4a8f57c-d64a-n16-r15	15	c100	phase			batch-barrier-8	10.245176
20261008-064058-4a8f57c-d64a-n16-r15	15	c100	phase			batch-barrier-8.start_s	345.150899
20261008-064058-4a8f57c-d64a-n16-r15	15	c100	engine.shard			index	0
20261008-064058-4a8f57c-d64a-n16-r15	15	c100	engine.shard			n	16
20261008-064058-4a8f57c-d64a-n16-r15	15	c100	engine.shard			lo	278693360570
20261008-064058-4a8f57c-d64a-n16-r15	15	c100	engine.shard			hi	297272917942
20261008-064058-4a8f57c-d64a-n16-r15	15	c100	engine.shard			tail	302
20261008-064058-4a8f57c-d64a-n16-r15	15	c100	engine.shard			full	false
20261008-064058-4a8f57c-d64a-n16-r15	15	c100	engine.shard			empty_at	18579557371
20261008-064058-4a8f57c-d64a-n16-r15	15	c100	engine.shard			keys	8468698137
20261008-064058-4a8f57c-d64a-n16-r15	15	c100	engine.shard			batches	89910
20261008-064058-4a8f57c-d64a-n16-r15	15	c100	engine.shard			probe_s	248.114935
20261008-064058-4a8f57c-d64a-n16-r15	15	c100	engine.shard			tail_probes	0
20261008-064058-4a8f57c-d64a-n16-r15	15	c100	engine.shard			wrap_probes	0
20261008-064058-4a8f57c-d64a-n16-r15	15	c100	engine.mem			t_s	355.4
20261008-064058-4a8f57c-d64a-n16-r15	15	c100	engine.mem			rss_kib	76591492
20261008-064058-4a8f57c-d64a-n16-r15	15	c100	engine.mem			hwm_kib	79376516
20261008-064058-4a8f57c-d64a-n16-r15	15	c100	engine.mem			heap_inuse	4076797952
20261008-064058-4a8f57c-d64a-n16-r15	15	c100	engine.mem			sys	7179661608
20261008-064058-4a8f57c-d64a-n16-r15	15	c100	engine.mem			avail_kib	51240964
20261008-064058-4a8f57c-d64a-n16-r15	15	c100	engine.rendezvous			puts	13
20261008-064058-4a8f57c-d64a-n16-r15	15	c100	engine.rendezvous			gets	447
20261008-064058-4a8f57c-d64a-n16-r15	15	c100	engine.s3			client	sdk
20261008-064058-4a8f57c-d64a-n16-r15	15	c100	engine.s3			put	31
20261008-064058-4a8f57c-d64a-n16-r15	15	c100	engine.s3			get	447
20261008-064058-4a8f57c-d64a-n16-r15	15	c100	engine.s3			create_multipart	18
20261008-064058-4a8f57c-d64a-n16-r15	15	c100	engine.s3			upload_part	2132
20261008-064058-4a8f57c-d64a-n16-r15	15	c100	engine.s3			complete_multipart	18
20261008-064058-4a8f57c-d64a-n16-r15	15	c100	engine.s3			abort_multipart	0
20261008-064058-4a8f57c-d64a-n16-r15	15	c100	engine.s3			part_bytes	17819487418
20261008-064058-4a8f57c-d64a-n16-r15	15	c100	engine.s3			client	cli
20261008-064058-4a8f57c-d64a-n16-r15	15	c100	engine.s3			put	0
20261008-064058-4a8f57c-d64a-n16-r15	15	c100	engine.s3			get	0
20261008-064058-4a8f57c-d64a-n16-r15	15	c100	engine.s3			create_multipart	0
20261008-064058-4a8f57c-d64a-n16-r15	15	c100	engine.s3			upload_part	0
20261008-064058-4a8f57c-d64a-n16-r15	15	c100	engine.s3			complete_multipart	0
20261008-064058-4a8f57c-d64a-n16-r15	15	c100	engine.s3			abort_multipart	0
20261008-064058-4a8f57c-d64a-n16-r15	15	c100	engine.s3			part_bytes	0
20261008-064058-4a8f57c-d64a-n16-r15	15	c100	engine.load			seconds	52.443737
20261008-064058-4a8f57c-d64a-n16-r15	15	c100	engine.load			requests	1127
20261008-064058-4a8f57c-d64a-n16-r15	15	c100	engine.load			retries	0
20261008-064058-4a8f57c-d64a-n16-r15	15	c100	engine.load			bytes	74318296296
20261008-064058-4a8f57c-d64a-n16-r15	15	c100	engine.route			transport	nodes
20261008-064058-4a8f57c-d64a-n16-r15	15	c100	engine.route			calls	5450
20261008-064058-4a8f57c-d64a-n16-r15	15	c100	engine.route			keys	8208455580
20261008-064058-4a8f57c-d64a-n16-r15	15	c100	engine.route			batches	87200
20261008-064058-4a8f57c-d64a-n16-r15	15	c100	engine.route			route_s	102.076269
20261008-064058-4a8f57c-d64a-n16-r15	15	c100	engine.route			wait_s	347.230742
20261008-064058-4a8f57c-d64a-n16-r15	15	c100	engine.route			gather_s	19.127761
20261008-064058-4a8f57c-d64a-n16-r15	15	c100	engine.worker			scan_s	758.361084
20261008-064058-4a8f57c-d64a-n16-r15	15	c100	engine.worker			lookup_s	468.446636
20261008-064058-4a8f57c-d64a-n16-r15	15	c100	engine.worker			classify_s	667.843230
20261008-064058-4a8f57c-d64a-n16-r15	15	c100	phase			total	355.536775
20261008-064058-4a8f57c-d64a-n16-r15	15	c100	phase			total.start_s	0.000001
