case	sample	layout	form	args	expected_exit	upstream_exit	ours_exit	upstream_s	ours_s	output_upstream_sha256	output_ours_sha256	report_upstream_sha256	report_ours_sha256	c1_upstream_sha256	c1_ours_sha256	c2_upstream_sha256	c2_ours_sha256	u1_upstream_sha256	u1_ours_sha256	u2_upstream_sha256	u2_ours_sha256	stdout_upstream_sha256	stdout_ours_sha256	files_compared	identical	upstream_exit_ok	stderr_same	control	pass	upstream_classify_s	ours_classify_s	requested_outputs_ok	unexpected_files	engine_n	tail_probes	wrap_probes	peer_exits
se-default-S1@n1	S1	se	fq	-	0	0	0	0.199	0.375	546f76b00aa4dd848e4c55c4ff89001d77b3ac88bc618080c63743712a753531	546f76b00aa4dd848e4c55c4ff89001d77b3ac88bc618080c63743712a753531	b95ddddc241bb40197833c7038974e03472aace37ddf29a2e76ee958185b9d21	b95ddddc241bb40197833c7038974e03472aace37ddf29a2e76ee958185b9d21	86cecce3ed5e86cff7d8edd675ec6b4fc3e2fe13a2525547ded7426d94222d9c	86cecce3ed5e86cff7d8edd675ec6b4fc3e2fe13a2525547ded7426d94222d9c	-	-	967a877e1b6c97d453e8efac411437ddbabedc84322611021545fe94e7e707e3	967a877e1b6c97d453e8efac411437ddbabedc84322611021545fe94e7e707e3	-	-	e3b0c44298fc1c149afbf4c8996fb92427ae41e4649b934ca495991b7852b855	e3b0c44298fc1c149afbf4c8996fb92427ae41e4649b934ca495991b7852b855	5	yes	yes	yes	no	yes	0.133	0.140	yes	-	1	0	0	-
se-default-S1@n2	S1	se	fq	-	0	0	0	0.199	0.193	546f76b00aa4dd848e4c55c4ff89001d77b3ac88bc618080c63743712a753531	546f76b00aa4dd848e4c55c4ff89001d77b3ac88bc618080c63743712a753531	b95ddddc241bb40197833c7038974e03472aace37ddf29a2e76ee958185b9d21	b95ddddc241bb40197833c7038974e03472aace37ddf29a2e76ee958185b9d21	86cecce3ed5e86cff7d8edd675ec6b4fc3e2fe13a2525547ded7426d94222d9c	86cecce3ed5e86cff7d8edd675ec6b4fc3e2fe13a2525547ded7426d94222d9c	-	-	967a877e1b6c97d453e8efac411437ddbabedc84322611021545fe94e7e707e3	967a877e1b6c97d453e8efac411437ddbabedc84322611021545fe94e7e707e3	-	-	e3b0c44298fc1c149afbf4c8996fb92427ae41e4649b934ca495991b7852b855	e3b0c44298fc1c149afbf4c8996fb92427ae41e4649b934ca495991b7852b855	5	yes	yes	yes	no	yes	0.133	0.112	yes	-	2	0	0	0
se-default-S1@n3	S1	se	fq	-	0	0	0	0.199	0.186	546f76b00aa4dd848e4c55c4ff89001d77b3ac88bc618080c63743712a753531	546f76b00aa4dd848e4c55c4ff89001d77b3ac88bc618080c63743712a753531	b95ddddc241bb40197833c7038974e03472aace37ddf29a2e76ee958185b9d21	b95ddddc241bb40197833c7038974e03472aace37ddf29a2e76ee958185b9d21	86cecce3ed5e86cff7d8edd675ec6b4fc3e2fe13a2525547ded7426d94222d9c	86cecce3ed5e86cff7d8edd675ec6b4fc3e2fe13a2525547ded7426d94222d9c	-	-	967a877e1b6c97d453e8efac411437ddbabedc84322611021545fe94e7e707e3	967a877e1b6c97d453e8efac411437ddbabedc84322611021545fe94e7e707e3	-	-	e3b0c44298fc1c149afbf4c8996fb92427ae41e4649b934ca495991b7852b855	e3b0c44298fc1c149afbf4c8996fb92427ae41e4649b934ca495991b7852b855	5	yes	yes	yes	no	yes	0.133	0.106	yes	-	3	0	0	0,0
se-default-S1@n4	S1	se	fq	-	0	0	0	0.199	0.184	546f76b00aa4dd848e4c55c4ff89001d77b3ac88bc618080c63743712a753531	546f76b00aa4dd848e4c55c4ff89001d77b3ac88bc618080c63743712a753531	b95ddddc241bb40197833c7038974e03472aace37ddf29a2e76ee958185b9d21	b95ddddc241bb40197833c7038974e03472aace37ddf29a2e76ee958185b9d21	86cecce3ed5e86cff7d8edd675ec6b4fc3e2fe13a2525547ded7426d94222d9c	86cecce3ed5e86cff7d8edd675ec6b4fc3e2fe13a2525547ded7426d94222d9c	-	-	967a877e1b6c97d453e8efac411437ddbabedc84322611021545fe94e7e707e3	967a877e1b6c97d453e8efac411437ddbabedc84322611021545fe94e7e707e3	-	-	e3b0c44298fc1c149afbf4c8996fb92427ae41e4649b934ca495991b7852b855	e3b0c44298fc1c149afbf4c8996fb92427ae41e4649b934ca495991b7852b855	5	yes	yes	yes	no	yes	0.133	0.096	yes	-	4	0	0	0,0,0
se-default-S1@n8	S1	se	fq	-	0	0	0	0.199	0.186	546f76b00aa4dd848e4c55c4ff89001d77b3ac88bc618080c63743712a753531	546f76b00aa4dd848e4c55c4ff89001d77b3ac88bc618080c63743712a753531	b95ddddc241bb40197833c7038974e03472aace37ddf29a2e76ee958185b9d21	b95ddddc241bb40197833c7038974e03472aace37ddf29a2e76ee958185b9d21	86cecce3ed5e86cff7d8edd675ec6b4fc3e2fe13a2525547ded7426d94222d9c	86cecce3ed5e86cff7d8edd675ec6b4fc3e2fe13a2525547ded7426d94222d9c	-	-	967a877e1b6c97d453e8efac411437ddbabedc84322611021545fe94e7e707e3	967a877e1b6c97d453e8efac411437ddbabedc84322611021545fe94e7e707e3	-	-	e3b0c44298fc1c149afbf4c8996fb92427ae41e4649b934ca495991b7852b855	e3b0c44298fc1c149afbf4c8996fb92427ae41e4649b934ca495991b7852b855	5	yes	yes	yes	no	yes	0.133	0.098	yes	-	8	0	0	0,0,0,0,0,0,0
pe-default-gz-S1@n1	S1	pe	gz	-	0	0	0	0.730	0.346	bebbf3380833d5da28c6a6dce448303048d70fb295acc72b85b7dcb11e2c5c0f	bebbf3380833d5da28c6a6dce448303048d70fb295acc72b85b7dcb11e2c5c0f	14c3ea3aa2f37f0b9b3ecee9f5073289b73b4245ee3c861d104f5d17d481bba7	14c3ea3aa2f37f0b9b3ecee9f5073289b73b4245ee3c861d104f5d17d481bba7	15029537e2f044acdd4e9669a526f0e2daefc10e854fab7766f0bd0e6e890b7e	15029537e2f044acdd4e9669a526f0e2daefc10e854fab7766f0bd0e6e890b7e	ff14da7e23ef4894d072aaa05faae67251074cf25f5e413a3b11f36e8012290f	ff14da7e23ef4894d072aaa05faae67251074cf25f5e413a3b11f36e8012290f	bf883ecd6026c3e1dbfc0ae9cd8f0b490bd77bb8f932d7f72cf2b3b9fc4e52e3	bf883ecd6026c3e1dbfc0ae9cd8f0b490bd77bb8f932d7f72cf2b3b9fc4e52e3	241e14d711f6173eacc3c1f196df563165b6879a88abb996d243fbe6711ca266	241e14d711f6173eacc3c1f196df563165b6879a88abb996d243fbe6711ca266	e3b0c44298fc1c149afbf4c8996fb92427ae41e4649b934ca495991b7852b855	e3b0c44298fc1c149afbf4c8996fb92427ae41e4649b934ca495991b7852b855	7	yes	yes	yes	no	yes	0.682	0.304	yes	-	1	0	0	-
pe-default-gz-S1@n2	S1	pe	gz	-	0	0	0	0.730	0.380	bebbf3380833d5da28c6a6dce448303048d70fb295acc72b85b7dcb11e2c5c0f	bebbf3380833d5da28c6a6dce448303048d70fb295acc72b85b7dcb11e2c5c0f	14c3ea3aa2f37f0b9b3ecee9f5073289b73b4245ee3c861d104f5d17d481bba7	14c3ea3aa2f37f0b9b3ecee9f5073289b73b4245ee3c861d104f5d17d481bba7	15029537e2f044acdd4e9669a526f0e2daefc10e854fab7766f0bd0e6e890b7e	15029537e2f044acdd4e9669a526f0e2daefc10e854fab7766f0bd0e6e890b7e	ff14da7e23ef4894d072aaa05faae67251074cf25f5e413a3b11f36e8012290f	ff14da7e23ef4894d072aaa05faae67251074cf25f5e413a3b11f36e8012290f	bf883ecd6026c3e1dbfc0ae9cd8f0b490bd77bb8f932d7f72cf2b3b9fc4e52e3	bf883ecd6026c3e1dbfc0ae9cd8f0b490bd77bb8f932d7f72cf2b3b9fc4e52e3	241e14d711f6173eacc3c1f196df563165b6879a88abb996d243fbe6711ca266	241e14d711f6173eacc3c1f196df563165b6879a88abb996d243fbe6711ca266	e3b0c44298fc1c149afbf4c8996fb92427ae41e4649b934ca495991b7852b855	e3b0c44298fc1c149afbf4c8996fb92427ae41e4649b934ca495991b7852b855	7	yes	yes	yes	no	yes	0.682	0.296	yes	-	2	0	0	0
pe-default-gz-S1@n3	S1	pe	gz	-	0	0	0	0.730	0.361	bebbf3380833d5da28c6a6dce448303048d70fb295acc72b85b7dcb11e2c5c0f	bebbf3380833d5da28c6a6dce448303048d70fb295acc72b85b7dcb11e2c5c0f	14c3ea3aa2f37f0b9b3ecee9f5073289b73b4245ee3c861d104f5d17d481bba7	14c3ea3aa2f37f0b9b3ecee9f5073289b73b4245ee3c861d104f5d17d481bba7	15029537e2f044acdd4e9669a526f0e2daefc10e854fab7766f0bd0e6e890b7e	15029537e2f044acdd4e9669a526f0e2daefc10e854fab7766f0bd0e6e890b7e	ff14da7e23ef4894d072aaa05faae67251074cf25f5e413a3b11f36e8012290f	ff14da7e23ef4894d072aaa05faae67251074cf25f5e413a3b11f36e8012290f	bf883ecd6026c3e1dbfc0ae9cd8f0b490bd77bb8f932d7f72cf2b3b9fc4e52e3	bf883ecd6026c3e1dbfc0ae9cd8f0b490bd77bb8f932d7f72cf2b3b9fc4e52e3	241e14d711f6173eacc3c1f196df563165b6879a88abb996d243fbe6711ca266	241e14d711f6173eacc3c1f196df563165b6879a88abb996d243fbe6711ca266	e3b0c44298fc1c149afbf4c8996fb92427ae41e4649b934ca495991b7852b855	e3b0c44298fc1c149afbf4c8996fb92427ae41e4649b934ca495991b7852b855	7	yes	yes	yes	no	yes	0.682	0.278	yes	-	3	1	0	0,0
pe-default-gz-S1@n4	S1	pe	gz	-	0	0	0	0.730	0.367	bebbf3380833d5da28c6a6dce448303048d70fb295acc72b85b7dcb11e2c5c0f	bebbf3380833d5da28c6a6dce448303048d70fb295acc72b85b7dcb11e2c5c0f	14c3ea3aa2f37f0b9b3ecee9f5073289b73b4245ee3c861d104f5d17d481bba7	14c3ea3aa2f37f0b9b3ecee9f5073289b73b4245ee3c861d104f5d17d481bba7	15029537e2f044acdd4e9669a526f0e2daefc10e854fab7766f0bd0e6e890b7e	15029537e2f044acdd4e9669a526f0e2daefc10e854fab7766f0bd0e6e890b7e	ff14da7e23ef4894d072aaa05faae67251074cf25f5e413a3b11f36e8012290f	ff14da7e23ef4894d072aaa05faae67251074cf25f5e413a3b11f36e8012290f	bf883ecd6026c3e1dbfc0ae9cd8f0b490bd77bb8f932d7f72cf2b3b9fc4e52e3	bf883ecd6026c3e1dbfc0ae9cd8f0b490bd77bb8f932d7f72cf2b3b9fc4e52e3	241e14d711f6173eacc3c1f196df563165b6879a88abb996d243fbe6711ca266	241e14d711f6173eacc3c1f196df563165b6879a88abb996d243fbe6711ca266	e3b0c44298fc1c149afbf4c8996fb92427ae41e4649b934ca495991b7852b855	e3b0c44298fc1c149afbf4c8996fb92427ae41e4649b934ca495991b7852b855	7	yes	yes	yes	no	yes	0.682	0.278	yes	-	4	0	0	0,0,0
pe-default-gz-S1@n8	S1	pe	gz	-	0	0	0	0.730	0.426	bebbf3380833d5da28c6a6dce448303048d70fb295acc72b85b7dcb11e2c5c0f	bebbf3380833d5da28c6a6dce448303048d70fb295acc72b85b7dcb11e2c5c0f	14c3ea3aa2f37f0b9b3ecee9f5073289b73b4245ee3c861d104f5d17d481bba7	14c3ea3aa2f37f0b9b3ecee9f5073289b73b4245ee3c861d104f5d17d481bba7	15029537e2f044acdd4e9669a526f0e2daefc10e854fab7766f0bd0e6e890b7e	15029537e2f044acdd4e9669a526f0e2daefc10e854fab7766f0bd0e6e890b7e	ff14da7e23ef4894d072aaa05faae67251074cf25f5e413a3b11f36e8012290f	ff14da7e23ef4894d072aaa05faae67251074cf25f5e413a3b11f36e8012290f	bf883ecd6026c3e1dbfc0ae9cd8f0b490bd77bb8f932d7f72cf2b3b9fc4e52e3	bf883ecd6026c3e1dbfc0ae9cd8f0b490bd77bb8f932d7f72cf2b3b9fc4e52e3	241e14d711f6173eacc3c1f196df563165b6879a88abb996d243fbe6711ca266	241e14d711f6173eacc3c1f196df563165b6879a88abb996d243fbe6711ca266	e3b0c44298fc1c149afbf4c8996fb92427ae41e4649b934ca495991b7852b855	e3b0c44298fc1c149afbf4c8996fb92427ae41e4649b934ca495991b7852b855	7	yes	yes	yes	no	yes	0.682	0.335	yes	-	8	0	0	0,0,0,0,0,0,0
se-default-S2@n1	S2	se	fq	-	0	0	0	0.171	0.146	4453c272c2a88d03f845e0ad9b10b240a89505ade11a2c31360226078597dc19	4453c272c2a88d03f845e0ad9b10b240a89505ade11a2c31360226078597dc19	73c42d13542ec2cd22ccdb598f00e6366ed23f26009eee544c77bdf38e83ebae	73c42d13542ec2cd22ccdb598f00e6366ed23f26009eee544c77bdf38e83ebae	96dd8811a9457f68db590f25a5a612bcc2554f829bcc60cf7e71cb7cd8c26a37	96dd8811a9457f68db590f25a5a612bcc2554f829bcc60cf7e71cb7cd8c26a37	-	-	4c3a1001b3bd9032ab4ef729976f6dbe746eec807eb7fbba88328d2288a23fbc	4c3a1001b3bd9032ab4ef729976f6dbe746eec807eb7fbba88328d2288a23fbc	-	-	e3b0c44298fc1c149afbf4c8996fb92427ae41e4649b934ca495991b7852b855	e3b0c44298fc1c149afbf4c8996fb92427ae41e4649b934ca495991b7852b855	5	yes	yes	yes	no	yes	0.127	0.109	yes	-	1	0	0	-
se-default-S2@n2	S2	se	fq	-	0	0	0	0.171	0.187	4453c272c2a88d03f845e0ad9b10b240a89505ade11a2c31360226078597dc19	4453c272c2a88d03f845e0ad9b10b240a89505ade11a2c31360226078597dc19	73c42d13542ec2cd22ccdb598f00e6366ed23f26009eee544c77bdf38e83ebae	73c42d13542ec2cd22ccdb598f00e6366ed23f26009eee544c77bdf38e83ebae	96dd8811a9457f68db590f25a5a612bcc2554f829bcc60cf7e71cb7cd8c26a37	96dd8811a9457f68db590f25a5a612bcc2554f829bcc60cf7e71cb7cd8c26a37	-	-	4c3a1001b3bd9032ab4ef729976f6dbe746eec807eb7fbba88328d2288a23fbc	4c3a1001b3bd9032ab4ef729976f6dbe746eec807eb7fbba88328d2288a23fbc	-	-	e3b0c44298fc1c149afbf4c8996fb92427ae41e4649b934ca495991b7852b855	e3b0c44298fc1c149afbf4c8996fb92427ae41e4649b934ca495991b7852b855	5	yes	yes	yes	no	yes	0.127	0.100	yes	-	2	0	0	0
se-default-S2@n3	S2	se	fq	-	0	0	0	0.171	0.182	4453c272c2a88d03f845e0ad9b10b240a89505ade11a2c31360226078597dc19	4453c272c2a88d03f845e0ad9b10b240a89505ade11a2c31360226078597dc19	73c42d13542ec2cd22ccdb598f00e6366ed23f26009eee544c77bdf38e83ebae	73c42d13542ec2cd22ccdb598f00e6366ed23f26009eee544c77bdf38e83ebae	96dd8811a9457f68db590f25a5a612bcc2554f829bcc60cf7e71cb7cd8c26a37	96dd8811a9457f68db590f25a5a612bcc2554f829bcc60cf7e71cb7cd8c26a37	-	-	4c3a1001b3bd9032ab4ef729976f6dbe746eec807eb7fbba88328d2288a23fbc	4c3a1001b3bd9032ab4ef729976f6dbe746eec807eb7fbba88328d2288a23fbc	-	-	e3b0c44298fc1c149afbf4c8996fb92427ae41e4649b934ca495991b7852b855	e3b0c44298fc1c149afbf4c8996fb92427ae41e4649b934ca495991b7852b855	5	yes	yes	yes	no	yes	0.127	0.098	yes	-	3	0	0	0,0
se-default-S2@n4	S2	se	fq	-	0	0	0	0.171	0.178	4453c272c2a88d03f845e0ad9b10b240a89505ade11a2c31360226078597dc19	4453c272c2a88d03f845e0ad9b10b240a89505ade11a2c31360226078597dc19	73c42d13542ec2cd22ccdb598f00e6366ed23f26009eee544c77bdf38e83ebae	73c42d13542ec2cd22ccdb598f00e6366ed23f26009eee544c77bdf38e83ebae	96dd8811a9457f68db590f25a5a612bcc2554f829bcc60cf7e71cb7cd8c26a37	96dd8811a9457f68db590f25a5a612bcc2554f829bcc60cf7e71cb7cd8c26a37	-	-	4c3a1001b3bd9032ab4ef729976f6dbe746eec807eb7fbba88328d2288a23fbc	4c3a1001b3bd9032ab4ef729976f6dbe746eec807eb7fbba88328d2288a23fbc	-	-	e3b0c44298fc1c149afbf4c8996fb92427ae41e4649b934ca495991b7852b855	e3b0c44298fc1c149afbf4c8996fb92427ae41e4649b934ca495991b7852b855	5	yes	yes	yes	no	yes	0.127	0.095	yes	-	4	0	0	0,0,0
se-default-S2@n8	S2	se	fq	-	0	0	0	0.171	0.180	4453c272c2a88d03f845e0ad9b10b240a89505ade11a2c31360226078597dc19	4453c272c2a88d03f845e0ad9b10b240a89505ade11a2c31360226078597dc19	73c42d13542ec2cd22ccdb598f00e6366ed23f26009eee544c77bdf38e83ebae	73c42d13542ec2cd22ccdb598f00e6366ed23f26009eee544c77bdf38e83ebae	96dd8811a9457f68db590f25a5a612bcc2554f829bcc60cf7e71cb7cd8c26a37	96dd8811a9457f68db590f25a5a612bcc2554f829bcc60cf7e71cb7cd8c26a37	-	-	4c3a1001b3bd9032ab4ef729976f6dbe746eec807eb7fbba88328d2288a23fbc	4c3a1001b3bd9032ab4ef729976f6dbe746eec807eb7fbba88328d2288a23fbc	-	-	e3b0c44298fc1c149afbf4c8996fb92427ae41e4649b934ca495991b7852b855	e3b0c44298fc1c149afbf4c8996fb92427ae41e4649b934ca495991b7852b855	5	yes	yes	yes	no	yes	0.127	0.094	yes	-	8	0	0	0,0,0,0,0,0,0
pe-default-gz-S2@n1	S2	pe	gz	-	0	0	0	0.631	0.306	339ce5ad82a601e08280fa109ffe36c986262d6fdae7476439c44d88e833c81e	339ce5ad82a601e08280fa109ffe36c986262d6fdae7476439c44d88e833c81e	1f7a65806fcef7c6e2fc00a8dbafe5cff741499992b1332e3e3ecd56287ff3db	1f7a65806fcef7c6e2fc00a8dbafe5cff741499992b1332e3e3ecd56287ff3db	48482a7a3d27a136de97d84484ad13bfb4956f0a9cd65baacc6077dded2f3558	48482a7a3d27a136de97d84484ad13bfb4956f0a9cd65baacc6077dded2f3558	d6c95d5d2108cf0f48509b145f049568add789c637a9d0f6b2503b0b255e79c9	d6c95d5d2108cf0f48509b145f049568add789c637a9d0f6b2503b0b255e79c9	43ad6cd126fc648140749ceb350b37aacb3e84b101d0922431c96f1e2f2976d2	43ad6cd126fc648140749ceb350b37aacb3e84b101d0922431c96f1e2f2976d2	4357af8196fe960939a2d0d87d971e3eddec829be8068beb1f363378750e839c	4357af8196fe960939a2d0d87d971e3eddec829be8068beb1f363378750e839c	e3b0c44298fc1c149afbf4c8996fb92427ae41e4649b934ca495991b7852b855	e3b0c44298fc1c149afbf4c8996fb92427ae41e4649b934ca495991b7852b855	7	yes	yes	yes	no	yes	0.583	0.264	yes	-	1	0	0	-
pe-default-gz-S2@n2	S2	pe	gz	-	0	0	0	0.631	0.334	339ce5ad82a601e08280fa109ffe36c986262d6fdae7476439c44d88e833c81e	339ce5ad82a601e08280fa109ffe36c986262d6fdae7476439c44d88e833c81e	1f7a65806fcef7c6e2fc00a8dbafe5cff741499992b1332e3e3ecd56287ff3db	1f7a65806fcef7c6e2fc00a8dbafe5cff741499992b1332e3e3ecd56287ff3db	48482a7a3d27a136de97d84484ad13bfb4956f0a9cd65baacc6077dded2f3558	48482a7a3d27a136de97d84484ad13bfb4956f0a9cd65baacc6077dded2f3558	d6c95d5d2108cf0f48509b145f049568add789c637a9d0f6b2503b0b255e79c9	d6c95d5d2108cf0f48509b145f049568add789c637a9d0f6b2503b0b255e79c9	43ad6cd126fc648140749ceb350b37aacb3e84b101d0922431c96f1e2f2976d2	43ad6cd126fc648140749ceb350b37aacb3e84b101d0922431c96f1e2f2976d2	4357af8196fe960939a2d0d87d971e3eddec829be8068beb1f363378750e839c	4357af8196fe960939a2d0d87d971e3eddec829be8068beb1f363378750e839c	e3b0c44298fc1c149afbf4c8996fb92427ae41e4649b934ca495991b7852b855	e3b0c44298fc1c149afbf4c8996fb92427ae41e4649b934ca495991b7852b855	7	yes	yes	yes	no	yes	0.583	0.251	yes	-	2	0	0	0
pe-default-gz-S2@n3	S2	pe	gz	-	0	0	0	0.631	0.328	339ce5ad82a601e08280fa109ffe36c986262d6fdae7476439c44d88e833c81e	339ce5ad82a601e08280fa109ffe36c986262d6fdae7476439c44d88e833c81e	1f7a65806fcef7c6e2fc00a8dbafe5cff741499992b1332e3e3ecd56287ff3db	1f7a65806fcef7c6e2fc00a8dbafe5cff741499992b1332e3e3ecd56287ff3db	48482a7a3d27a136de97d84484ad13bfb4956f0a9cd65baacc6077dded2f3558	48482a7a3d27a136de97d84484ad13bfb4956f0a9cd65baacc6077dded2f3558	d6c95d5d2108cf0f48509b145f049568add789c637a9d0f6b2503b0b255e79c9	d6c95d5d2108cf0f48509b145f049568add789c637a9d0f6b2503b0b255e79c9	43ad6cd126fc648140749ceb350b37aacb3e84b101d0922431c96f1e2f2976d2	43ad6cd126fc648140749ceb350b37aacb3e84b101d0922431c96f1e2f2976d2	4357af8196fe960939a2d0d87d971e3eddec829be8068beb1f363378750e839c	4357af8196fe960939a2d0d87d971e3eddec829be8068beb1f363378750e839c	e3b0c44298fc1c149afbf4c8996fb92427ae41e4649b934ca495991b7852b855	e3b0c44298fc1c149afbf4c8996fb92427ae41e4649b934ca495991b7852b855	7	yes	yes	yes	no	yes	0.583	0.245	yes	-	3	0	0	0,0
pe-default-gz-S2@n4	S2	pe	gz	-	0	0	0	0.631	0.332	339ce5ad82a601e08280fa109ffe36c986262d6fdae7476439c44d88e833c81e	339ce5ad82a601e08280fa109ffe36c986262d6fdae7476439c44d88e833c81e	1f7a65806fcef7c6e2fc00a8dbafe5cff741499992b1332e3e3ecd56287ff3db	1f7a65806fcef7c6e2fc00a8dbafe5cff741499992b1332e3e3ecd56287ff3db	48482a7a3d27a136de97d84484ad13bfb4956f0a9cd65baacc6077dded2f3558	48482a7a3d27a136de97d84484ad13bfb4956f0a9cd65baacc6077dded2f3558	d6c95d5d2108cf0f48509b145f049568add789c637a9d0f6b2503b0b255e79c9	d6c95d5d2108cf0f48509b145f049568add789c637a9d0f6b2503b0b255e79c9	43ad6cd126fc648140749ceb350b37aacb3e84b101d0922431c96f1e2f2976d2	43ad6cd126fc648140749ceb350b37aacb3e84b101d0922431c96f1e2f2976d2	4357af8196fe960939a2d0d87d971e3eddec829be8068beb1f363378750e839c	4357af8196fe960939a2d0d87d971e3eddec829be8068beb1f363378750e839c	e3b0c44298fc1c149afbf4c8996fb92427ae41e4649b934ca495991b7852b855	e3b0c44298fc1c149afbf4c8996fb92427ae41e4649b934ca495991b7852b855	7	yes	yes	yes	no	yes	0.583	0.245	yes	-	4	0	0	0,0,0
pe-default-gz-S2@n8	S2	pe	gz	-	0	0	0	0.631	0.378	339ce5ad82a601e08280fa109ffe36c986262d6fdae7476439c44d88e833c81e	339ce5ad82a601e08280fa109ffe36c986262d6fdae7476439c44d88e833c81e	1f7a65806fcef7c6e2fc00a8dbafe5cff741499992b1332e3e3ecd56287ff3db	1f7a65806fcef7c6e2fc00a8dbafe5cff741499992b1332e3e3ecd56287ff3db	48482a7a3d27a136de97d84484ad13bfb4956f0a9cd65baacc6077dded2f3558	48482a7a3d27a136de97d84484ad13bfb4956f0a9cd65baacc6077dded2f3558	d6c95d5d2108cf0f48509b145f049568add789c637a9d0f6b2503b0b255e79c9	d6c95d5d2108cf0f48509b145f049568add789c637a9d0f6b2503b0b255e79c9	43ad6cd126fc648140749ceb350b37aacb3e84b101d0922431c96f1e2f2976d2	43ad6cd126fc648140749ceb350b37aacb3e84b101d0922431c96f1e2f2976d2	4357af8196fe960939a2d0d87d971e3eddec829be8068beb1f363378750e839c	4357af8196fe960939a2d0d87d971e3eddec829be8068beb1f363378750e839c	e3b0c44298fc1c149afbf4c8996fb92427ae41e4649b934ca495991b7852b855	e3b0c44298fc1c149afbf4c8996fb92427ae41e4649b934ca495991b7852b855	7	yes	yes	yes	no	yes	0.583	0.292	yes	-	8	0	0	0,0,0,0,0,0,0
se-default-gz-S3@n1	S3	se	gz	-	0	0	0	0.362	0.229	2dd121e3bac34ae6091c0ac8cbf0a8512cb9c35c6f399f8af11e0f14b9ae97b6	2dd121e3bac34ae6091c0ac8cbf0a8512cb9c35c6f399f8af11e0f14b9ae97b6	af96dfbe74f6ee9ecf9fe52f077628c7c99d2d09960ba0e94bcb11a8e843a3e6	af96dfbe74f6ee9ecf9fe52f077628c7c99d2d09960ba0e94bcb11a8e843a3e6	8797612a20d5bd9d60be580d0b32bf24dc0ed368e1864c356d45806bf0805597	8797612a20d5bd9d60be580d0b32bf24dc0ed368e1864c356d45806bf0805597	-	-	c73b9d68840579ddb154dce15bbdf843250e33e4df78fda4fbc6f2599b1442af	c73b9d68840579ddb154dce15bbdf843250e33e4df78fda4fbc6f2599b1442af	-	-	e3b0c44298fc1c149afbf4c8996fb92427ae41e4649b934ca495991b7852b855	e3b0c44298fc1c149afbf4c8996fb92427ae41e4649b934ca495991b7852b855	5	yes	yes	yes	no	yes	0.315	0.191	yes	-	1	0	0	-
se-default-gz-S3@n2	S3	se	gz	-	0	0	0	0.362	0.269	2dd121e3bac34ae6091c0ac8cbf0a8512cb9c35c6f399f8af11e0f14b9ae97b6	2dd121e3bac34ae6091c0ac8cbf0a8512cb9c35c6f399f8af11e0f14b9ae97b6	af96dfbe74f6ee9ecf9fe52f077628c7c99d2d09960ba0e94bcb11a8e843a3e6	af96dfbe74f6ee9ecf9fe52f077628c7c99d2d09960ba0e94bcb11a8e843a3e6	8797612a20d5bd9d60be580d0b32bf24dc0ed368e1864c356d45806bf0805597	8797612a20d5bd9d60be580d0b32bf24dc0ed368e1864c356d45806bf0805597	-	-	c73b9d68840579ddb154dce15bbdf843250e33e4df78fda4fbc6f2599b1442af	c73b9d68840579ddb154dce15bbdf843250e33e4df78fda4fbc6f2599b1442af	-	-	e3b0c44298fc1c149afbf4c8996fb92427ae41e4649b934ca495991b7852b855	e3b0c44298fc1c149afbf4c8996fb92427ae41e4649b934ca495991b7852b855	5	yes	yes	yes	no	yes	0.315	0.186	yes	-	2	0	0	0
se-default-gz-S3@n3	S3	se	gz	-	0	0	0	0.362	0.258	2dd121e3bac34ae6091c0ac8cbf0a8512cb9c35c6f399f8af11e0f14b9ae97b6	2dd121e3bac34ae6091c0ac8cbf0a8512cb9c35c6f399f8af11e0f14b9ae97b6	af96dfbe74f6ee9ecf9fe52f077628c7c99d2d09960ba0e94bcb11a8e843a3e6	af96dfbe74f6ee9ecf9fe52f077628c7c99d2d09960ba0e94bcb11a8e843a3e6	8797612a20d5bd9d60be580d0b32bf24dc0ed368e1864c356d45806bf0805597	8797612a20d5bd9d60be580d0b32bf24dc0ed368e1864c356d45806bf0805597	-	-	c73b9d68840579ddb154dce15bbdf843250e33e4df78fda4fbc6f2599b1442af	c73b9d68840579ddb154dce15bbdf843250e33e4df78fda4fbc6f2599b1442af	-	-	e3b0c44298fc1c149afbf4c8996fb92427ae41e4649b934ca495991b7852b855	e3b0c44298fc1c149afbf4c8996fb92427ae41e4649b934ca495991b7852b855	5	yes	yes	yes	no	yes	0.315	0.173	yes	-	3	0	0	0,0
se-default-gz-S3@n4	S3	se	gz	-	0	0	0	0.362	0.260	2dd121e3bac34ae6091c0ac8cbf0a8512cb9c35c6f399f8af11e0f14b9ae97b6	2dd121e3bac34ae6091c0ac8cbf0a8512cb9c35c6f399f8af11e0f14b9ae97b6	af96dfbe74f6ee9ecf9fe52f077628c7c99d2d09960ba0e94bcb11a8e843a3e6	af96dfbe74f6ee9ecf9fe52f077628c7c99d2d09960ba0e94bcb11a8e843a3e6	8797612a20d5bd9d60be580d0b32bf24dc0ed368e1864c356d45806bf0805597	8797612a20d5bd9d60be580d0b32bf24dc0ed368e1864c356d45806bf0805597	-	-	c73b9d68840579ddb154dce15bbdf843250e33e4df78fda4fbc6f2599b1442af	c73b9d68840579ddb154dce15bbdf843250e33e4df78fda4fbc6f2599b1442af	-	-	e3b0c44298fc1c149afbf4c8996fb92427ae41e4649b934ca495991b7852b855	e3b0c44298fc1c149afbf4c8996fb92427ae41e4649b934ca495991b7852b855	5	yes	yes	yes	no	yes	0.315	0.174	yes	-	4	0	0	0,0,0
se-default-gz-S3@n8	S3	se	gz	-	0	0	0	0.362	0.253	2dd121e3bac34ae6091c0ac8cbf0a8512cb9c35c6f399f8af11e0f14b9ae97b6	2dd121e3bac34ae6091c0ac8cbf0a8512cb9c35c6f399f8af11e0f14b9ae97b6	af96dfbe74f6ee9ecf9fe52f077628c7c99d2d09960ba0e94bcb11a8e843a3e6	af96dfbe74f6ee9ecf9fe52f077628c7c99d2d09960ba0e94bcb11a8e843a3e6	8797612a20d5bd9d60be580d0b32bf24dc0ed368e1864c356d45806bf0805597	8797612a20d5bd9d60be580d0b32bf24dc0ed368e1864c356d45806bf0805597	-	-	c73b9d68840579ddb154dce15bbdf843250e33e4df78fda4fbc6f2599b1442af	c73b9d68840579ddb154dce15bbdf843250e33e4df78fda4fbc6f2599b1442af	-	-	e3b0c44298fc1c149afbf4c8996fb92427ae41e4649b934ca495991b7852b855	e3b0c44298fc1c149afbf4c8996fb92427ae41e4649b934ca495991b7852b855	5	yes	yes	yes	no	yes	0.315	0.167	yes	-	8	0	0	0,0,0,0,0,0,0
pe-default-S3@n1	S3	pe	fq	-	0	0	0	0.438	0.342	1b3fef049ca7fc93c4635b44164ef8d7fdd8877d97c7ca43315343073380847e	1b3fef049ca7fc93c4635b44164ef8d7fdd8877d97c7ca43315343073380847e	f5ffc9beb513b2359624f6162421f504b65c2f984276de683142dfd67e9bea5e	f5ffc9beb513b2359624f6162421f504b65c2f984276de683142dfd67e9bea5e	3d402021735127d7941b653cd3403be35533229f2c0967fa4dcba2df731a07f4	3d402021735127d7941b653cd3403be35533229f2c0967fa4dcba2df731a07f4	1791148d3ab43800efed085006c71290406a51b5793a557aef0642ee86fcd772	1791148d3ab43800efed085006c71290406a51b5793a557aef0642ee86fcd772	bc30150d7e31a6b8964dfa96fbd3e5fd2b0a518c238b136b7c6db514ee4e9c90	bc30150d7e31a6b8964dfa96fbd3e5fd2b0a518c238b136b7c6db514ee4e9c90	0887bef3b72a0a8af0b3e5679bfb9db4a09a36c0ebdfaf91fcc7e77c01ffd9cd	0887bef3b72a0a8af0b3e5679bfb9db4a09a36c0ebdfaf91fcc7e77c01ffd9cd	e3b0c44298fc1c149afbf4c8996fb92427ae41e4649b934ca495991b7852b855	e3b0c44298fc1c149afbf4c8996fb92427ae41e4649b934ca495991b7852b855	7	yes	yes	yes	no	yes	0.392	0.297	yes	-	1	0	0	-
pe-default-S3@n2	S3	pe	fq	-	0	0	0	0.438	0.315	1b3fef049ca7fc93c4635b44164ef8d7fdd8877d97c7ca43315343073380847e	1b3fef049ca7fc93c4635b44164ef8d7fdd8877d97c7ca43315343073380847e	f5ffc9beb513b2359624f6162421f504b65c2f984276de683142dfd67e9bea5e	f5ffc9beb513b2359624f6162421f504b65c2f984276de683142dfd67e9bea5e	3d402021735127d7941b653cd3403be35533229f2c0967fa4dcba2df731a07f4	3d402021735127d7941b653cd3403be35533229f2c0967fa4dcba2df731a07f4	1791148d3ab43800efed085006c71290406a51b5793a557aef0642ee86fcd772	1791148d3ab43800efed085006c71290406a51b5793a557aef0642ee86fcd772	bc30150d7e31a6b8964dfa96fbd3e5fd2b0a518c238b136b7c6db514ee4e9c90	bc30150d7e31a6b8964dfa96fbd3e5fd2b0a518c238b136b7c6db514ee4e9c90	0887bef3b72a0a8af0b3e5679bfb9db4a09a36c0ebdfaf91fcc7e77c01ffd9cd	0887bef3b72a0a8af0b3e5679bfb9db4a09a36c0ebdfaf91fcc7e77c01ffd9cd	e3b0c44298fc1c149afbf4c8996fb92427ae41e4649b934ca495991b7852b855	e3b0c44298fc1c149afbf4c8996fb92427ae41e4649b934ca495991b7852b855	7	yes	yes	yes	no	yes	0.392	0.224	yes	-	2	0	0	0
pe-default-S3@n3	S3	pe	fq	-	0	0	0	0.438	0.305	1b3fef049ca7fc93c4635b44164ef8d7fdd8877d97c7ca43315343073380847e	1b3fef049ca7fc93c4635b44164ef8d7fdd8877d97c7ca43315343073380847e	f5ffc9beb513b2359624f6162421f504b65c2f984276de683142dfd67e9bea5e	f5ffc9beb513b2359624f6162421f504b65c2f984276de683142dfd67e9bea5e	3d402021735127d7941b653cd3403be35533229f2c0967fa4dcba2df731a07f4	3d402021735127d7941b653cd3403be35533229f2c0967fa4dcba2df731a07f4	1791148d3ab43800efed085006c71290406a51b5793a557aef0642ee86fcd772	1791148d3ab43800efed085006c71290406a51b5793a557aef0642ee86fcd772	bc30150d7e31a6b8964dfa96fbd3e5fd2b0a518c238b136b7c6db514ee4e9c90	bc30150d7e31a6b8964dfa96fbd3e5fd2b0a518c238b136b7c6db514ee4e9c90	0887bef3b72a0a8af0b3e5679bfb9db4a09a36c0ebdfaf91fcc7e77c01ffd9cd	0887bef3b72a0a8af0b3e5679bfb9db4a09a36c0ebdfaf91fcc7e77c01ffd9cd	e3b0c44298fc1c149afbf4c8996fb92427ae41e4649b934ca495991b7852b855	e3b0c44298fc1c149afbf4c8996fb92427ae41e4649b934ca495991b7852b855	7	yes	yes	yes	no	yes	0.392	0.215	yes	-	3	0	0	0,0
pe-default-S3@n4	S3	pe	fq	-	0	0	0	0.438	0.301	1b3fef049ca7fc93c4635b44164ef8d7fdd8877d97c7ca43315343073380847e	1b3fef049ca7fc93c4635b44164ef8d7fdd8877d97c7ca43315343073380847e	f5ffc9beb513b2359624f6162421f504b65c2f984276de683142dfd67e9bea5e	f5ffc9beb513b2359624f6162421f504b65c2f984276de683142dfd67e9bea5e	3d402021735127d7941b653cd3403be35533229f2c0967fa4dcba2df731a07f4	3d402021735127d7941b653cd3403be35533229f2c0967fa4dcba2df731a07f4	1791148d3ab43800efed085006c71290406a51b5793a557aef0642ee86fcd772	1791148d3ab43800efed085006c71290406a51b5793a557aef0642ee86fcd772	bc30150d7e31a6b8964dfa96fbd3e5fd2b0a518c238b136b7c6db514ee4e9c90	bc30150d7e31a6b8964dfa96fbd3e5fd2b0a518c238b136b7c6db514ee4e9c90	0887bef3b72a0a8af0b3e5679bfb9db4a09a36c0ebdfaf91fcc7e77c01ffd9cd	0887bef3b72a0a8af0b3e5679bfb9db4a09a36c0ebdfaf91fcc7e77c01ffd9cd	e3b0c44298fc1c149afbf4c8996fb92427ae41e4649b934ca495991b7852b855	e3b0c44298fc1c149afbf4c8996fb92427ae41e4649b934ca495991b7852b855	7	yes	yes	yes	no	yes	0.392	0.211	yes	-	4	3	0	0,0,0
pe-default-S3@n8	S3	pe	fq	-	0	0	0	0.438	0.295	1b3fef049ca7fc93c4635b44164ef8d7fdd8877d97c7ca43315343073380847e	1b3fef049ca7fc93c4635b44164ef8d7fdd8877d97c7ca43315343073380847e	f5ffc9beb513b2359624f6162421f504b65c2f984276de683142dfd67e9bea5e	f5ffc9beb513b2359624f6162421f504b65c2f984276de683142dfd67e9bea5e	3d402021735127d7941b653cd3403be35533229f2c0967fa4dcba2df731a07f4	3d402021735127d7941b653cd3403be35533229f2c0967fa4dcba2df731a07f4	1791148d3ab43800efed085006c71290406a51b5793a557aef0642ee86fcd772	1791148d3ab43800efed085006c71290406a51b5793a557aef0642ee86fcd772	bc30150d7e31a6b8964dfa96fbd3e5fd2b0a518c238b136b7c6db514ee4e9c90	bc30150d7e31a6b8964dfa96fbd3e5fd2b0a518c238b136b7c6db514ee4e9c90	0887bef3b72a0a8af0b3e5679bfb9db4a09a36c0ebdfaf91fcc7e77c01ffd9cd	0887bef3b72a0a8af0b3e5679bfb9db4a09a36c0ebdfaf91fcc7e77c01ffd9cd	e3b0c44298fc1c149afbf4c8996fb92427ae41e4649b934ca495991b7852b855	e3b0c44298fc1c149afbf4c8996fb92427ae41e4649b934ca495991b7852b855	7	yes	yes	yes	no	yes	0.392	0.204	yes	-	8	3	0	0,0,0,0,0,0,0
pe-t1-S1@n1	S1	pe	fq	--threads 1	0	0	0	1.444	0.741	bebbf3380833d5da28c6a6dce448303048d70fb295acc72b85b7dcb11e2c5c0f	bebbf3380833d5da28c6a6dce448303048d70fb295acc72b85b7dcb11e2c5c0f	14c3ea3aa2f37f0b9b3ecee9f5073289b73b4245ee3c861d104f5d17d481bba7	14c3ea3aa2f37f0b9b3ecee9f5073289b73b4245ee3c861d104f5d17d481bba7	15029537e2f044acdd4e9669a526f0e2daefc10e854fab7766f0bd0e6e890b7e	15029537e2f044acdd4e9669a526f0e2daefc10e854fab7766f0bd0e6e890b7e	ff14da7e23ef4894d072aaa05faae67251074cf25f5e413a3b11f36e8012290f	ff14da7e23ef4894d072aaa05faae67251074cf25f5e413a3b11f36e8012290f	bf883ecd6026c3e1dbfc0ae9cd8f0b490bd77bb8f932d7f72cf2b3b9fc4e52e3	bf883ecd6026c3e1dbfc0ae9cd8f0b490bd77bb8f932d7f72cf2b3b9fc4e52e3	241e14d711f6173eacc3c1f196df563165b6879a88abb996d243fbe6711ca266	241e14d711f6173eacc3c1f196df563165b6879a88abb996d243fbe6711ca266	e3b0c44298fc1c149afbf4c8996fb92427ae41e4649b934ca495991b7852b855	e3b0c44298fc1c149afbf4c8996fb92427ae41e4649b934ca495991b7852b855	7	yes	yes	yes	no	yes	1.399	0.706	yes	-	1	0	0	-
pe-t1-S1@n2	S1	pe	fq	--threads 1	0	0	0	1.444	0.452	bebbf3380833d5da28c6a6dce448303048d70fb295acc72b85b7dcb11e2c5c0f	bebbf3380833d5da28c6a6dce448303048d70fb295acc72b85b7dcb11e2c5c0f	14c3ea3aa2f37f0b9b3ecee9f5073289b73b4245ee3c861d104f5d17d481bba7	14c3ea3aa2f37f0b9b3ecee9f5073289b73b4245ee3c861d104f5d17d481bba7	15029537e2f044acdd4e9669a526f0e2daefc10e854fab7766f0bd0e6e890b7e	15029537e2f044acdd4e9669a526f0e2daefc10e854fab7766f0bd0e6e890b7e	ff14da7e23ef4894d072aaa05faae67251074cf25f5e413a3b11f36e8012290f	ff14da7e23ef4894d072aaa05faae67251074cf25f5e413a3b11f36e8012290f	bf883ecd6026c3e1dbfc0ae9cd8f0b490bd77bb8f932d7f72cf2b3b9fc4e52e3	bf883ecd6026c3e1dbfc0ae9cd8f0b490bd77bb8f932d7f72cf2b3b9fc4e52e3	241e14d711f6173eacc3c1f196df563165b6879a88abb996d243fbe6711ca266	241e14d711f6173eacc3c1f196df563165b6879a88abb996d243fbe6711ca266	e3b0c44298fc1c149afbf4c8996fb92427ae41e4649b934ca495991b7852b855	e3b0c44298fc1c149afbf4c8996fb92427ae41e4649b934ca495991b7852b855	7	yes	yes	yes	no	yes	1.399	0.376	yes	-	2	0	0	0
pe-t1-S1@n3	S1	pe	fq	--threads 1	0	0	0	1.444	0.347	bebbf3380833d5da28c6a6dce448303048d70fb295acc72b85b7dcb11e2c5c0f	bebbf3380833d5da28c6a6dce448303048d70fb295acc72b85b7dcb11e2c5c0f	14c3ea3aa2f37f0b9b3ecee9f5073289b73b4245ee3c861d104f5d17d481bba7	14c3ea3aa2f37f0b9b3ecee9f5073289b73b4245ee3c861d104f5d17d481bba7	15029537e2f044acdd4e9669a526f0e2daefc10e854fab7766f0bd0e6e890b7e	15029537e2f044acdd4e9669a526f0e2daefc10e854fab7766f0bd0e6e890b7e	ff14da7e23ef4894d072aaa05faae67251074cf25f5e413a3b11f36e8012290f	ff14da7e23ef4894d072aaa05faae67251074cf25f5e413a3b11f36e8012290f	bf883ecd6026c3e1dbfc0ae9cd8f0b490bd77bb8f932d7f72cf2b3b9fc4e52e3	bf883ecd6026c3e1dbfc0ae9cd8f0b490bd77bb8f932d7f72cf2b3b9fc4e52e3	241e14d711f6173eacc3c1f196df563165b6879a88abb996d243fbe6711ca266	241e14d711f6173eacc3c1f196df563165b6879a88abb996d243fbe6711ca266	e3b0c44298fc1c149afbf4c8996fb92427ae41e4649b934ca495991b7852b855	e3b0c44298fc1c149afbf4c8996fb92427ae41e4649b934ca495991b7852b855	7	yes	yes	yes	no	yes	1.399	0.263	yes	-	3	1	0	0,0
pe-t1-S1@n4	S1	pe	fq	--threads 1	0	0	0	1.444	0.336	bebbf3380833d5da28c6a6dce448303048d70fb295acc72b85b7dcb11e2c5c0f	bebbf3380833d5da28c6a6dce448303048d70fb295acc72b85b7dcb11e2c5c0f	14c3ea3aa2f37f0b9b3ecee9f5073289b73b4245ee3c861d104f5d17d481bba7	14c3ea3aa2f37f0b9b3ecee9f5073289b73b4245ee3c861d104f5d17d481bba7	15029537e2f044acdd4e9669a526f0e2daefc10e854fab7766f0bd0e6e890b7e	15029537e2f044acdd4e9669a526f0e2daefc10e854fab7766f0bd0e6e890b7e	ff14da7e23ef4894d072aaa05faae67251074cf25f5e413a3b11f36e8012290f	ff14da7e23ef4894d072aaa05faae67251074cf25f5e413a3b11f36e8012290f	bf883ecd6026c3e1dbfc0ae9cd8f0b490bd77bb8f932d7f72cf2b3b9fc4e52e3	bf883ecd6026c3e1dbfc0ae9cd8f0b490bd77bb8f932d7f72cf2b3b9fc4e52e3	241e14d711f6173eacc3c1f196df563165b6879a88abb996d243fbe6711ca266	241e14d711f6173eacc3c1f196df563165b6879a88abb996d243fbe6711ca266	e3b0c44298fc1c149afbf4c8996fb92427ae41e4649b934ca495991b7852b855	e3b0c44298fc1c149afbf4c8996fb92427ae41e4649b934ca495991b7852b855	7	yes	yes	yes	no	yes	1.399	0.251	yes	-	4	0	0	0,0,0
pe-t1-S1@n8	S1	pe	fq	--threads 1	0	0	0	1.444	0.260	bebbf3380833d5da28c6a6dce448303048d70fb295acc72b85b7dcb11e2c5c0f	bebbf3380833d5da28c6a6dce448303048d70fb295acc72b85b7dcb11e2c5c0f	14c3ea3aa2f37f0b9b3ecee9f5073289b73b4245ee3c861d104f5d17d481bba7	14c3ea3aa2f37f0b9b3ecee9f5073289b73b4245ee3c861d104f5d17d481bba7	15029537e2f044acdd4e9669a526f0e2daefc10e854fab7766f0bd0e6e890b7e	15029537e2f044acdd4e9669a526f0e2daefc10e854fab7766f0bd0e6e890b7e	ff14da7e23ef4894d072aaa05faae67251074cf25f5e413a3b11f36e8012290f	ff14da7e23ef4894d072aaa05faae67251074cf25f5e413a3b11f36e8012290f	bf883ecd6026c3e1dbfc0ae9cd8f0b490bd77bb8f932d7f72cf2b3b9fc4e52e3	bf883ecd6026c3e1dbfc0ae9cd8f0b490bd77bb8f932d7f72cf2b3b9fc4e52e3	241e14d711f6173eacc3c1f196df563165b6879a88abb996d243fbe6711ca266	241e14d711f6173eacc3c1f196df563165b6879a88abb996d243fbe6711ca266	e3b0c44298fc1c149afbf4c8996fb92427ae41e4649b934ca495991b7852b855	e3b0c44298fc1c149afbf4c8996fb92427ae41e4649b934ca495991b7852b855	7	yes	yes	yes	no	yes	1.399	0.173	yes	-	8	0	0	0,0,0,0,0,0,0
se-t1-gz-S3@n1	S3	se	gz	--threads 1	0	0	0	1.164	0.618	2dd121e3bac34ae6091c0ac8cbf0a8512cb9c35c6f399f8af11e0f14b9ae97b6	2dd121e3bac34ae6091c0ac8cbf0a8512cb9c35c6f399f8af11e0f14b9ae97b6	af96dfbe74f6ee9ecf9fe52f077628c7c99d2d09960ba0e94bcb11a8e843a3e6	af96dfbe74f6ee9ecf9fe52f077628c7c99d2d09960ba0e94bcb11a8e843a3e6	8797612a20d5bd9d60be580d0b32bf24dc0ed368e1864c356d45806bf0805597	8797612a20d5bd9d60be580d0b32bf24dc0ed368e1864c356d45806bf0805597	-	-	c73b9d68840579ddb154dce15bbdf843250e33e4df78fda4fbc6f2599b1442af	c73b9d68840579ddb154dce15bbdf843250e33e4df78fda4fbc6f2599b1442af	-	-	e3b0c44298fc1c149afbf4c8996fb92427ae41e4649b934ca495991b7852b855	e3b0c44298fc1c149afbf4c8996fb92427ae41e4649b934ca495991b7852b855	5	yes	yes	yes	no	yes	1.118	0.585	yes	-	1	0	0	-
se-t1-gz-S3@n2	S3	se	gz	--threads 1	0	0	0	1.164	0.393	2dd121e3bac34ae6091c0ac8cbf0a8512cb9c35c6f399f8af11e0f14b9ae97b6	2dd121e3bac34ae6091c0ac8cbf0a8512cb9c35c6f399f8af11e0f14b9ae97b6	af96dfbe74f6ee9ecf9fe52f077628c7c99d2d09960ba0e94bcb11a8e843a3e6	af96dfbe74f6ee9ecf9fe52f077628c7c99d2d09960ba0e94bcb11a8e843a3e6	8797612a20d5bd9d60be580d0b32bf24dc0ed368e1864c356d45806bf0805597	8797612a20d5bd9d60be580d0b32bf24dc0ed368e1864c356d45806bf0805597	-	-	c73b9d68840579ddb154dce15bbdf843250e33e4df78fda4fbc6f2599b1442af	c73b9d68840579ddb154dce15bbdf843250e33e4df78fda4fbc6f2599b1442af	-	-	e3b0c44298fc1c149afbf4c8996fb92427ae41e4649b934ca495991b7852b855	e3b0c44298fc1c149afbf4c8996fb92427ae41e4649b934ca495991b7852b855	5	yes	yes	yes	no	yes	1.118	0.311	yes	-	2	0	0	0
se-t1-gz-S3@n3	S3	se	gz	--threads 1	0	0	0	1.164	0.302	2dd121e3bac34ae6091c0ac8cbf0a8512cb9c35c6f399f8af11e0f14b9ae97b6	2dd121e3bac34ae6091c0ac8cbf0a8512cb9c35c6f399f8af11e0f14b9ae97b6	af96dfbe74f6ee9ecf9fe52f077628c7c99d2d09960ba0e94bcb11a8e843a3e6	af96dfbe74f6ee9ecf9fe52f077628c7c99d2d09960ba0e94bcb11a8e843a3e6	8797612a20d5bd9d60be580d0b32bf24dc0ed368e1864c356d45806bf0805597	8797612a20d5bd9d60be580d0b32bf24dc0ed368e1864c356d45806bf0805597	-	-	c73b9d68840579ddb154dce15bbdf843250e33e4df78fda4fbc6f2599b1442af	c73b9d68840579ddb154dce15bbdf843250e33e4df78fda4fbc6f2599b1442af	-	-	e3b0c44298fc1c149afbf4c8996fb92427ae41e4649b934ca495991b7852b855	e3b0c44298fc1c149afbf4c8996fb92427ae41e4649b934ca495991b7852b855	5	yes	yes	yes	no	yes	1.118	0.227	yes	-	3	0	0	0,0
se-t1-gz-S3@n4	S3	se	gz	--threads 1	0	0	0	1.164	0.275	2dd121e3bac34ae6091c0ac8cbf0a8512cb9c35c6f399f8af11e0f14b9ae97b6	2dd121e3bac34ae6091c0ac8cbf0a8512cb9c35c6f399f8af11e0f14b9ae97b6	af96dfbe74f6ee9ecf9fe52f077628c7c99d2d09960ba0e94bcb11a8e843a3e6	af96dfbe74f6ee9ecf9fe52f077628c7c99d2d09960ba0e94bcb11a8e843a3e6	8797612a20d5bd9d60be580d0b32bf24dc0ed368e1864c356d45806bf0805597	8797612a20d5bd9d60be580d0b32bf24dc0ed368e1864c356d45806bf0805597	-	-	c73b9d68840579ddb154dce15bbdf843250e33e4df78fda4fbc6f2599b1442af	c73b9d68840579ddb154dce15bbdf843250e33e4df78fda4fbc6f2599b1442af	-	-	e3b0c44298fc1c149afbf4c8996fb92427ae41e4649b934ca495991b7852b855	e3b0c44298fc1c149afbf4c8996fb92427ae41e4649b934ca495991b7852b855	5	yes	yes	yes	no	yes	1.118	0.188	yes	-	4	0	0	0,0,0
se-t1-gz-S3@n8	S3	se	gz	--threads 1	0	0	0	1.164	0.255	2dd121e3bac34ae6091c0ac8cbf0a8512cb9c35c6f399f8af11e0f14b9ae97b6	2dd121e3bac34ae6091c0ac8cbf0a8512cb9c35c6f399f8af11e0f14b9ae97b6	af96dfbe74f6ee9ecf9fe52f077628c7c99d2d09960ba0e94bcb11a8e843a3e6	af96dfbe74f6ee9ecf9fe52f077628c7c99d2d09960ba0e94bcb11a8e843a3e6	8797612a20d5bd9d60be580d0b32bf24dc0ed368e1864c356d45806bf0805597	8797612a20d5bd9d60be580d0b32bf24dc0ed368e1864c356d45806bf0805597	-	-	c73b9d68840579ddb154dce15bbdf843250e33e4df78fda4fbc6f2599b1442af	c73b9d68840579ddb154dce15bbdf843250e33e4df78fda4fbc6f2599b1442af	-	-	e3b0c44298fc1c149afbf4c8996fb92427ae41e4649b934ca495991b7852b855	e3b0c44298fc1c149afbf4c8996fb92427ae41e4649b934ca495991b7852b855	5	yes	yes	yes	no	yes	1.118	0.167	yes	-	8	0	0	0,0,0,0,0,0,0
pe-gzflag-S2@n1	S2	pe	gz	--gzip-compressed	0	0	0	0.622	0.291	339ce5ad82a601e08280fa109ffe36c986262d6fdae7476439c44d88e833c81e	339ce5ad82a601e08280fa109ffe36c986262d6fdae7476439c44d88e833c81e	1f7a65806fcef7c6e2fc00a8dbafe5cff741499992b1332e3e3ecd56287ff3db	1f7a65806fcef7c6e2fc00a8dbafe5cff741499992b1332e3e3ecd56287ff3db	-	-	-	-	-	-	-	-	e3b0c44298fc1c149afbf4c8996fb92427ae41e4649b934ca495991b7852b855	e3b0c44298fc1c149afbf4c8996fb92427ae41e4649b934ca495991b7852b855	3	yes	yes	yes	no	yes	0.574	0.252	yes	-	1	0	0	-
pe-gzflag-S2@n2	S2	pe	gz	--gzip-compressed	0	0	0	0.622	0.324	339ce5ad82a601e08280fa109ffe36c986262d6fdae7476439c44d88e833c81e	339ce5ad82a601e08280fa109ffe36c986262d6fdae7476439c44d88e833c81e	1f7a65806fcef7c6e2fc00a8dbafe5cff741499992b1332e3e3ecd56287ff3db	1f7a65806fcef7c6e2fc00a8dbafe5cff741499992b1332e3e3ecd56287ff3db	-	-	-	-	-	-	-	-	e3b0c44298fc1c149afbf4c8996fb92427ae41e4649b934ca495991b7852b855	e3b0c44298fc1c149afbf4c8996fb92427ae41e4649b934ca495991b7852b855	3	yes	yes	yes	no	yes	0.574	0.244	yes	-	2	0	0	0
pe-gzflag-S2@n3	S2	pe	gz	--gzip-compressed	0	0	0	0.622	0.316	339ce5ad82a601e08280fa109ffe36c986262d6fdae7476439c44d88e833c81e	339ce5ad82a601e08280fa109ffe36c986262d6fdae7476439c44d88e833c81e	1f7a65806fcef7c6e2fc00a8dbafe5cff741499992b1332e3e3ecd56287ff3db	1f7a65806fcef7c6e2fc00a8dbafe5cff741499992b1332e3e3ecd56287ff3db	-	-	-	-	-	-	-	-	e3b0c44298fc1c149afbf4c8996fb92427ae41e4649b934ca495991b7852b855	e3b0c44298fc1c149afbf4c8996fb92427ae41e4649b934ca495991b7852b855	3	yes	yes	yes	no	yes	0.574	0.231	yes	-	3	0	0	0,0
pe-gzflag-S2@n4	S2	pe	gz	--gzip-compressed	0	0	0	0.622	0.319	339ce5ad82a601e08280fa109ffe36c986262d6fdae7476439c44d88e833c81e	339ce5ad82a601e08280fa109ffe36c986262d6fdae7476439c44d88e833c81e	1f7a65806fcef7c6e2fc00a8dbafe5cff741499992b1332e3e3ecd56287ff3db	1f7a65806fcef7c6e2fc00a8dbafe5cff741499992b1332e3e3ecd56287ff3db	-	-	-	-	-	-	-	-	e3b0c44298fc1c149afbf4c8996fb92427ae41e4649b934ca495991b7852b855	e3b0c44298fc1c149afbf4c8996fb92427ae41e4649b934ca495991b7852b855	3	yes	yes	yes	no	yes	0.574	0.233	yes	-	4	0	0	0,0,0
pe-gzflag-S2@n8	S2	pe	gz	--gzip-compressed	0	0	0	0.622	0.370	339ce5ad82a601e08280fa109ffe36c986262d6fdae7476439c44d88e833c81e	339ce5ad82a601e08280fa109ffe36c986262d6fdae7476439c44d88e833c81e	1f7a65806fcef7c6e2fc00a8dbafe5cff741499992b1332e3e3ecd56287ff3db	1f7a65806fcef7c6e2fc00a8dbafe5cff741499992b1332e3e3ecd56287ff3db	-	-	-	-	-	-	-	-	e3b0c44298fc1c149afbf4c8996fb92427ae41e4649b934ca495991b7852b855	e3b0c44298fc1c149afbf4c8996fb92427ae41e4649b934ca495991b7852b855	3	yes	yes	yes	no	yes	0.574	0.281	yes	-	8	0	0	0,0,0,0,0,0,0
pe-conf0-S1@n1	S1	pe	fq	--confidence 0	0	0	0	0.296	0.244	bebbf3380833d5da28c6a6dce448303048d70fb295acc72b85b7dcb11e2c5c0f	bebbf3380833d5da28c6a6dce448303048d70fb295acc72b85b7dcb11e2c5c0f	14c3ea3aa2f37f0b9b3ecee9f5073289b73b4245ee3c861d104f5d17d481bba7	14c3ea3aa2f37f0b9b3ecee9f5073289b73b4245ee3c861d104f5d17d481bba7	-	-	-	-	-	-	-	-	e3b0c44298fc1c149afbf4c8996fb92427ae41e4649b934ca495991b7852b855	e3b0c44298fc1c149afbf4c8996fb92427ae41e4649b934ca495991b7852b855	3	yes	yes	yes	no	yes	0.250	0.203	yes	-	1	0	0	-
pe-conf0-S1@n2	S1	pe	fq	--confidence 0	0	0	0	0.296	0.267	bebbf3380833d5da28c6a6dce448303048d70fb295acc72b85b7dcb11e2c5c0f	bebbf3380833d5da28c6a6dce448303048d70fb295acc72b85b7dcb11e2c5c0f	14c3ea3aa2f37f0b9b3ecee9f5073289b73b4245ee3c861d104f5d17d481bba7	14c3ea3aa2f37f0b9b3ecee9f5073289b73b4245ee3c861d104f5d17d481bba7	-	-	-	-	-	-	-	-	e3b0c44298fc1c149afbf4c8996fb92427ae41e4649b934ca495991b7852b855	e3b0c44298fc1c149afbf4c8996fb92427ae41e4649b934ca495991b7852b855	3	yes	yes	yes	no	yes	0.250	0.184	yes	-	2	0	0	0
pe-conf0-S1@n3	S1	pe	fq	--confidence 0	0	0	0	0.296	0.251	bebbf3380833d5da28c6a6dce448303048d70fb295acc72b85b7dcb11e2c5c0f	bebbf3380833d5da28c6a6dce448303048d70fb295acc72b85b7dcb11e2c5c0f	14c3ea3aa2f37f0b9b3ecee9f5073289b73b4245ee3c861d104f5d17d481bba7	14c3ea3aa2f37f0b9b3ecee9f5073289b73b4245ee3c861d104f5d17d481bba7	-	-	-	-	-	-	-	-	e3b0c44298fc1c149afbf4c8996fb92427ae41e4649b934ca495991b7852b855	e3b0c44298fc1c149afbf4c8996fb92427ae41e4649b934ca495991b7852b855	3	yes	yes	yes	no	yes	0.250	0.166	yes	-	3	1	0	0,0
pe-conf0-S1@n4	S1	pe	fq	--confidence 0	0	0	0	0.296	0.259	bebbf3380833d5da28c6a6dce448303048d70fb295acc72b85b7dcb11e2c5c0f	bebbf3380833d5da28c6a6dce448303048d70fb295acc72b85b7dcb11e2c5c0f	14c3ea3aa2f37f0b9b3ecee9f5073289b73b4245ee3c861d104f5d17d481bba7	14c3ea3aa2f37f0b9b3ecee9f5073289b73b4245ee3c861d104f5d17d481bba7	-	-	-	-	-	-	-	-	e3b0c44298fc1c149afbf4c8996fb92427ae41e4649b934ca495991b7852b855	e3b0c44298fc1c149afbf4c8996fb92427ae41e4649b934ca495991b7852b855	3	yes	yes	yes	no	yes	0.250	0.172	yes	-	4	0	0	0,0,0
pe-conf0-S1@n8	S1	pe	fq	--confidence 0	0	0	0	0.296	0.242	bebbf3380833d5da28c6a6dce448303048d70fb295acc72b85b7dcb11e2c5c0f	bebbf3380833d5da28c6a6dce448303048d70fb295acc72b85b7dcb11e2c5c0f	14c3ea3aa2f37f0b9b3ecee9f5073289b73b4245ee3c861d104f5d17d481bba7	14c3ea3aa2f37f0b9b3ecee9f5073289b73b4245ee3c861d104f5d17d481bba7	-	-	-	-	-	-	-	-	e3b0c44298fc1c149afbf4c8996fb92427ae41e4649b934ca495991b7852b855	e3b0c44298fc1c149afbf4c8996fb92427ae41e4649b934ca495991b7852b855	3	yes	yes	yes	no	yes	0.250	0.156	yes	-	8	0	0	0,0,0,0,0,0,0
pe-conf0.1-S1@n1	S1	pe	fq	--confidence 0.1	0	0	0	0.305	0.259	b2f523c0719cecb4c55c402f6181ec0bfcd5cede4257b21b580d12470438d7ec	b2f523c0719cecb4c55c402f6181ec0bfcd5cede4257b21b580d12470438d7ec	2b6d7304bc794ccb5892a8f34a4f883eea3d4816ebea0fe8649678c2f7d8f9aa	2b6d7304bc794ccb5892a8f34a4f883eea3d4816ebea0fe8649678c2f7d8f9aa	c499a4061ee0de060825235513a0cce648d6128a46448be5d0115d5530864618	c499a4061ee0de060825235513a0cce648d6128a46448be5d0115d5530864618	b212cb3ef8aafaec5ad1e547ac8208c39cd0790bb73e46419f3faf716e072f2c	b212cb3ef8aafaec5ad1e547ac8208c39cd0790bb73e46419f3faf716e072f2c	3b0d2a57e7289f7b571b017b28778881af296921a28a419cf4d5dfcb561bf6c0	3b0d2a57e7289f7b571b017b28778881af296921a28a419cf4d5dfcb561bf6c0	051b2bcf8482ca18a6646837230668afe8300edb2b9c7228c888e8fe460d2f71	051b2bcf8482ca18a6646837230668afe8300edb2b9c7228c888e8fe460d2f71	e3b0c44298fc1c149afbf4c8996fb92427ae41e4649b934ca495991b7852b855	e3b0c44298fc1c149afbf4c8996fb92427ae41e4649b934ca495991b7852b855	7	yes	yes	yes	no	yes	0.259	0.219	yes	-	1	0	0	-
pe-conf0.1-S1@n2	S1	pe	fq	--confidence 0.1	0	0	0	0.305	0.288	b2f523c0719cecb4c55c402f6181ec0bfcd5cede4257b21b580d12470438d7ec	b2f523c0719cecb4c55c402f6181ec0bfcd5cede4257b21b580d12470438d7ec	2b6d7304bc794ccb5892a8f34a4f883eea3d4816ebea0fe8649678c2f7d8f9aa	2b6d7304bc794ccb5892a8f34a4f883eea3d4816ebea0fe8649678c2f7d8f9aa	c499a4061ee0de060825235513a0cce648d6128a46448be5d0115d5530864618	c499a4061ee0de060825235513a0cce648d6128a46448be5d0115d5530864618	b212cb3ef8aafaec5ad1e547ac8208c39cd0790bb73e46419f3faf716e072f2c	b212cb3ef8aafaec5ad1e547ac8208c39cd0790bb73e46419f3faf716e072f2c	3b0d2a57e7289f7b571b017b28778881af296921a28a419cf4d5dfcb561bf6c0	3b0d2a57e7289f7b571b017b28778881af296921a28a419cf4d5dfcb561bf6c0	051b2bcf8482ca18a6646837230668afe8300edb2b9c7228c888e8fe460d2f71	051b2bcf8482ca18a6646837230668afe8300edb2b9c7228c888e8fe460d2f71	e3b0c44298fc1c149afbf4c8996fb92427ae41e4649b934ca495991b7852b855	e3b0c44298fc1c149afbf4c8996fb92427ae41e4649b934ca495991b7852b855	7	yes	yes	yes	no	yes	0.259	0.200	yes	-	2	0	0	0
pe-conf0.1-S1@n3	S1	pe	fq	--confidence 0.1	0	0	0	0.305	0.272	b2f523c0719cecb4c55c402f6181ec0bfcd5cede4257b21b580d12470438d7ec	b2f523c0719cecb4c55c402f6181ec0bfcd5cede4257b21b580d12470438d7ec	2b6d7304bc794ccb5892a8f34a4f883eea3d4816ebea0fe8649678c2f7d8f9aa	2b6d7304bc794ccb5892a8f34a4f883eea3d4816ebea0fe8649678c2f7d8f9aa	c499a4061ee0de060825235513a0cce648d6128a46448be5d0115d5530864618	c499a4061ee0de060825235513a0cce648d6128a46448be5d0115d5530864618	b212cb3ef8aafaec5ad1e547ac8208c39cd0790bb73e46419f3faf716e072f2c	b212cb3ef8aafaec5ad1e547ac8208c39cd0790bb73e46419f3faf716e072f2c	3b0d2a57e7289f7b571b017b28778881af296921a28a419cf4d5dfcb561bf6c0	3b0d2a57e7289f7b571b017b28778881af296921a28a419cf4d5dfcb561bf6c0	051b2bcf8482ca18a6646837230668afe8300edb2b9c7228c888e8fe460d2f71	051b2bcf8482ca18a6646837230668afe8300edb2b9c7228c888e8fe460d2f71	e3b0c44298fc1c149afbf4c8996fb92427ae41e4649b934ca495991b7852b855	e3b0c44298fc1c149afbf4c8996fb92427ae41e4649b934ca495991b7852b855	7	yes	yes	yes	no	yes	0.259	0.185	yes	-	3	1	0	0,0
pe-conf0.1-S1@n4	S1	pe	fq	--confidence 0.1	0	0	0	0.305	0.276	b2f523c0719cecb4c55c402f6181ec0bfcd5cede4257b21b580d12470438d7ec	b2f523c0719cecb4c55c402f6181ec0bfcd5cede4257b21b580d12470438d7ec	2b6d7304bc794ccb5892a8f34a4f883eea3d4816ebea0fe8649678c2f7d8f9aa	2b6d7304bc794ccb5892a8f34a4f883eea3d4816ebea0fe8649678c2f7d8f9aa	c499a4061ee0de060825235513a0cce648d6128a46448be5d0115d5530864618	c499a4061ee0de060825235513a0cce648d6128a46448be5d0115d5530864618	b212cb3ef8aafaec5ad1e547ac8208c39cd0790bb73e46419f3faf716e072f2c	b212cb3ef8aafaec5ad1e547ac8208c39cd0790bb73e46419f3faf716e072f2c	3b0d2a57e7289f7b571b017b28778881af296921a28a419cf4d5dfcb561bf6c0	3b0d2a57e7289f7b571b017b28778881af296921a28a419cf4d5dfcb561bf6c0	051b2bcf8482ca18a6646837230668afe8300edb2b9c7228c888e8fe460d2f71	051b2bcf8482ca18a6646837230668afe8300edb2b9c7228c888e8fe460d2f71	e3b0c44298fc1c149afbf4c8996fb92427ae41e4649b934ca495991b7852b855	e3b0c44298fc1c149afbf4c8996fb92427ae41e4649b934ca495991b7852b855	7	yes	yes	yes	no	yes	0.259	0.188	yes	-	4	0	0	0,0,0
pe-conf0.1-S1@n8	S1	pe	fq	--confidence 0.1	0	0	0	0.305	0.275	b2f523c0719cecb4c55c402f6181ec0bfcd5cede4257b21b580d12470438d7ec	b2f523c0719cecb4c55c402f6181ec0bfcd5cede4257b21b580d12470438d7ec	2b6d7304bc794ccb5892a8f34a4f883eea3d4816ebea0fe8649678c2f7d8f9aa	2b6d7304bc794ccb5892a8f34a4f883eea3d4816ebea0fe8649678c2f7d8f9aa	c499a4061ee0de060825235513a0cce648d6128a46448be5d0115d5530864618	c499a4061ee0de060825235513a0cce648d6128a46448be5d0115d5530864618	b212cb3ef8aafaec5ad1e547ac8208c39cd0790bb73e46419f3faf716e072f2c	b212cb3ef8aafaec5ad1e547ac8208c39cd0790bb73e46419f3faf716e072f2c	3b0d2a57e7289f7b571b017b28778881af296921a28a419cf4d5dfcb561bf6c0	3b0d2a57e7289f7b571b017b28778881af296921a28a419cf4d5dfcb561bf6c0	051b2bcf8482ca18a6646837230668afe8300edb2b9c7228c888e8fe460d2f71	051b2bcf8482ca18a6646837230668afe8300edb2b9c7228c888e8fe460d2f71	e3b0c44298fc1c149afbf4c8996fb92427ae41e4649b934ca495991b7852b855	e3b0c44298fc1c149afbf4c8996fb92427ae41e4649b934ca495991b7852b855	7	yes	yes	yes	no	yes	0.259	0.186	yes	-	8	0	0	0,0,0,0,0,0,0
pe-conf0.5-S1@n1	S1	pe	fq	--confidence 0.5	0	0	0	0.297	0.242	51ad4176f31378774ccbe5d7426c5853dc63246be74751c67a6dfc29d291e1fc	51ad4176f31378774ccbe5d7426c5853dc63246be74751c67a6dfc29d291e1fc	6f68fcd10729331cc41d44bfb128be42d3384680d48dda28264b3eb9288a54f5	6f68fcd10729331cc41d44bfb128be42d3384680d48dda28264b3eb9288a54f5	-	-	-	-	-	-	-	-	e3b0c44298fc1c149afbf4c8996fb92427ae41e4649b934ca495991b7852b855	e3b0c44298fc1c149afbf4c8996fb92427ae41e4649b934ca495991b7852b855	3	yes	yes	yes	no	yes	0.249	0.202	yes	-	1	0	0	-
pe-conf0.5-S1@n2	S1	pe	fq	--confidence 0.5	0	0	0	0.297	0.268	51ad4176f31378774ccbe5d7426c5853dc63246be74751c67a6dfc29d291e1fc	51ad4176f31378774ccbe5d7426c5853dc63246be74751c67a6dfc29d291e1fc	6f68fcd10729331cc41d44bfb128be42d3384680d48dda28264b3eb9288a54f5	6f68fcd10729331cc41d44bfb128be42d3384680d48dda28264b3eb9288a54f5	-	-	-	-	-	-	-	-	e3b0c44298fc1c149afbf4c8996fb92427ae41e4649b934ca495991b7852b855	e3b0c44298fc1c149afbf4c8996fb92427ae41e4649b934ca495991b7852b855	3	yes	yes	yes	no	yes	0.249	0.180	yes	-	2	0	0	0
pe-conf0.5-S1@n3	S1	pe	fq	--confidence 0.5	0	0	0	0.297	0.261	51ad4176f31378774ccbe5d7426c5853dc63246be74751c67a6dfc29d291e1fc	51ad4176f31378774ccbe5d7426c5853dc63246be74751c67a6dfc29d291e1fc	6f68fcd10729331cc41d44bfb128be42d3384680d48dda28264b3eb9288a54f5	6f68fcd10729331cc41d44bfb128be42d3384680d48dda28264b3eb9288a54f5	-	-	-	-	-	-	-	-	e3b0c44298fc1c149afbf4c8996fb92427ae41e4649b934ca495991b7852b855	e3b0c44298fc1c149afbf4c8996fb92427ae41e4649b934ca495991b7852b855	3	yes	yes	yes	no	yes	0.249	0.174	yes	-	3	1	0	0,0
pe-conf0.5-S1@n4	S1	pe	fq	--confidence 0.5	0	0	0	0.297	0.256	51ad4176f31378774ccbe5d7426c5853dc63246be74751c67a6dfc29d291e1fc	51ad4176f31378774ccbe5d7426c5853dc63246be74751c67a6dfc29d291e1fc	6f68fcd10729331cc41d44bfb128be42d3384680d48dda28264b3eb9288a54f5	6f68fcd10729331cc41d44bfb128be42d3384680d48dda28264b3eb9288a54f5	-	-	-	-	-	-	-	-	e3b0c44298fc1c149afbf4c8996fb92427ae41e4649b934ca495991b7852b855	e3b0c44298fc1c149afbf4c8996fb92427ae41e4649b934ca495991b7852b855	3	yes	yes	yes	no	yes	0.249	0.168	yes	-	4	0	0	0,0,0
pe-conf0.5-S1@n8	S1	pe	fq	--confidence 0.5	0	0	0	0.297	0.254	51ad4176f31378774ccbe5d7426c5853dc63246be74751c67a6dfc29d291e1fc	51ad4176f31378774ccbe5d7426c5853dc63246be74751c67a6dfc29d291e1fc	6f68fcd10729331cc41d44bfb128be42d3384680d48dda28264b3eb9288a54f5	6f68fcd10729331cc41d44bfb128be42d3384680d48dda28264b3eb9288a54f5	-	-	-	-	-	-	-	-	e3b0c44298fc1c149afbf4c8996fb92427ae41e4649b934ca495991b7852b855	e3b0c44298fc1c149afbf4c8996fb92427ae41e4649b934ca495991b7852b855	3	yes	yes	yes	no	yes	0.249	0.166	yes	-	8	0	0	0,0,0,0,0,0,0
se-conf0.1-S3@n1	S3	se	fq	--confidence 0.1	0	0	0	0.229	0.206	f658b6f217e88d57513a304ae6bca94b7557d44c8444bf26e7cf7e962c00a991	f658b6f217e88d57513a304ae6bca94b7557d44c8444bf26e7cf7e962c00a991	05203c0ecd196b039d12448558f1aecda90839b949870417004f1f038860ad59	05203c0ecd196b039d12448558f1aecda90839b949870417004f1f038860ad59	-	-	-	-	-	-	-	-	e3b0c44298fc1c149afbf4c8996fb92427ae41e4649b934ca495991b7852b855	e3b0c44298fc1c149afbf4c8996fb92427ae41e4649b934ca495991b7852b855	3	yes	yes	yes	no	yes	0.186	0.166	yes	-	1	0	0	-
se-conf0.1-S3@n2	S3	se	fq	--confidence 0.1	0	0	0	0.229	0.198	f658b6f217e88d57513a304ae6bca94b7557d44c8444bf26e7cf7e962c00a991	f658b6f217e88d57513a304ae6bca94b7557d44c8444bf26e7cf7e962c00a991	05203c0ecd196b039d12448558f1aecda90839b949870417004f1f038860ad59	05203c0ecd196b039d12448558f1aecda90839b949870417004f1f038860ad59	-	-	-	-	-	-	-	-	e3b0c44298fc1c149afbf4c8996fb92427ae41e4649b934ca495991b7852b855	e3b0c44298fc1c149afbf4c8996fb92427ae41e4649b934ca495991b7852b855	3	yes	yes	yes	no	yes	0.186	0.117	yes	-	2	0	0	0
se-conf0.1-S3@n3	S3	se	fq	--confidence 0.1	0	0	0	0.229	0.201	f658b6f217e88d57513a304ae6bca94b7557d44c8444bf26e7cf7e962c00a991	f658b6f217e88d57513a304ae6bca94b7557d44c8444bf26e7cf7e962c00a991	05203c0ecd196b039d12448558f1aecda90839b949870417004f1f038860ad59	05203c0ecd196b039d12448558f1aecda90839b949870417004f1f038860ad59	-	-	-	-	-	-	-	-	e3b0c44298fc1c149afbf4c8996fb92427ae41e4649b934ca495991b7852b855	e3b0c44298fc1c149afbf4c8996fb92427ae41e4649b934ca495991b7852b855	3	yes	yes	yes	no	yes	0.186	0.114	yes	-	3	0	0	0,0
se-conf0.1-S3@n4	S3	se	fq	--confidence 0.1	0	0	0	0.229	0.195	f658b6f217e88d57513a304ae6bca94b7557d44c8444bf26e7cf7e962c00a991	f658b6f217e88d57513a304ae6bca94b7557d44c8444bf26e7cf7e962c00a991	05203c0ecd196b039d12448558f1aecda90839b949870417004f1f038860ad59	05203c0ecd196b039d12448558f1aecda90839b949870417004f1f038860ad59	-	-	-	-	-	-	-	-	e3b0c44298fc1c149afbf4c8996fb92427ae41e4649b934ca495991b7852b855	e3b0c44298fc1c149afbf4c8996fb92427ae41e4649b934ca495991b7852b855	3	yes	yes	yes	no	yes	0.186	0.109	yes	-	4	0	0	0,0,0
se-conf0.1-S3@n8	S3	se	fq	--confidence 0.1	0	0	0	0.229	0.192	f658b6f217e88d57513a304ae6bca94b7557d44c8444bf26e7cf7e962c00a991	f658b6f217e88d57513a304ae6bca94b7557d44c8444bf26e7cf7e962c00a991	05203c0ecd196b039d12448558f1aecda90839b949870417004f1f038860ad59	05203c0ecd196b039d12448558f1aecda90839b949870417004f1f038860ad59	-	-	-	-	-	-	-	-	e3b0c44298fc1c149afbf4c8996fb92427ae41e4649b934ca495991b7852b855	e3b0c44298fc1c149afbf4c8996fb92427ae41e4649b934ca495991b7852b855	3	yes	yes	yes	no	yes	0.186	0.106	yes	-	8	0	0	0,0,0,0,0,0,0
pe-conf0.5-gz-S2@n1	S2	pe	gz	--confidence 0.5	0	0	0	0.630	0.293	94b6d1c44f132db9e997864535a78f8542f80852be5c329fcd23909aab5c493f	94b6d1c44f132db9e997864535a78f8542f80852be5c329fcd23909aab5c493f	04c398a1dfee9d37988bfc707dfa3a4e9abd1f0531dd43d023533def9bf68b40	04c398a1dfee9d37988bfc707dfa3a4e9abd1f0531dd43d023533def9bf68b40	-	-	-	-	-	-	-	-	e3b0c44298fc1c149afbf4c8996fb92427ae41e4649b934ca495991b7852b855	e3b0c44298fc1c149afbf4c8996fb92427ae41e4649b934ca495991b7852b855	3	yes	yes	yes	no	yes	0.582	0.254	yes	-	1	0	0	-
pe-conf0.5-gz-S2@n2	S2	pe	gz	--confidence 0.5	0	0	0	0.630	0.323	94b6d1c44f132db9e997864535a78f8542f80852be5c329fcd23909aab5c493f	94b6d1c44f132db9e997864535a78f8542f80852be5c329fcd23909aab5c493f	04c398a1dfee9d37988bfc707dfa3a4e9abd1f0531dd43d023533def9bf68b40	04c398a1dfee9d37988bfc707dfa3a4e9abd1f0531dd43d023533def9bf68b40	-	-	-	-	-	-	-	-	e3b0c44298fc1c149afbf4c8996fb92427ae41e4649b934ca495991b7852b855	e3b0c44298fc1c149afbf4c8996fb92427ae41e4649b934ca495991b7852b855	3	yes	yes	yes	no	yes	0.582	0.242	yes	-	2	0	0	0
pe-conf0.5-gz-S2@n3	S2	pe	gz	--confidence 0.5	0	0	0	0.630	0.323	94b6d1c44f132db9e997864535a78f8542f80852be5c329fcd23909aab5c493f	94b6d1c44f132db9e997864535a78f8542f80852be5c329fcd23909aab5c493f	04c398a1dfee9d37988bfc707dfa3a4e9abd1f0531dd43d023533def9bf68b40	04c398a1dfee9d37988bfc707dfa3a4e9abd1f0531dd43d023533def9bf68b40	-	-	-	-	-	-	-	-	e3b0c44298fc1c149afbf4c8996fb92427ae41e4649b934ca495991b7852b855	e3b0c44298fc1c149afbf4c8996fb92427ae41e4649b934ca495991b7852b855	3	yes	yes	yes	no	yes	0.582	0.236	yes	-	3	0	0	0,0
pe-conf0.5-gz-S2@n4	S2	pe	gz	--confidence 0.5	0	0	0	0.630	0.322	94b6d1c44f132db9e997864535a78f8542f80852be5c329fcd23909aab5c493f	94b6d1c44f132db9e997864535a78f8542f80852be5c329fcd23909aab5c493f	04c398a1dfee9d37988bfc707dfa3a4e9abd1f0531dd43d023533def9bf68b40	04c398a1dfee9d37988bfc707dfa3a4e9abd1f0531dd43d023533def9bf68b40	-	-	-	-	-	-	-	-	e3b0c44298fc1c149afbf4c8996fb92427ae41e4649b934ca495991b7852b855	e3b0c44298fc1c149afbf4c8996fb92427ae41e4649b934ca495991b7852b855	3	yes	yes	yes	no	yes	0.582	0.236	yes	-	4	0	0	0,0,0
pe-conf0.5-gz-S2@n8	S2	pe	gz	--confidence 0.5	0	0	0	0.630	0.373	94b6d1c44f132db9e997864535a78f8542f80852be5c329fcd23909aab5c493f	94b6d1c44f132db9e997864535a78f8542f80852be5c329fcd23909aab5c493f	04c398a1dfee9d37988bfc707dfa3a4e9abd1f0531dd43d023533def9bf68b40	04c398a1dfee9d37988bfc707dfa3a4e9abd1f0531dd43d023533def9bf68b40	-	-	-	-	-	-	-	-	e3b0c44298fc1c149afbf4c8996fb92427ae41e4649b934ca495991b7852b855	e3b0c44298fc1c149afbf4c8996fb92427ae41e4649b934ca495991b7852b855	3	yes	yes	yes	no	yes	0.582	0.285	yes	-	8	0	0	0,0,0,0,0,0,0
pe-mhg1-S1@n1	S1	pe	fq	--minimum-hit-groups 1	0	0	0	0.300	0.612	417893a4bf0228bf1016afd865ceaf0daf718dfee5a5d8f00d59a80320fc59cb	417893a4bf0228bf1016afd865ceaf0daf718dfee5a5d8f00d59a80320fc59cb	6c2f861111a2fa396d79cd7c7a679da1f1184699c3ae810955419224a7481681	6c2f861111a2fa396d79cd7c7a679da1f1184699c3ae810955419224a7481681	-	-	-	-	-	-	-	-	e3b0c44298fc1c149afbf4c8996fb92427ae41e4649b934ca495991b7852b855	e3b0c44298fc1c149afbf4c8996fb92427ae41e4649b934ca495991b7852b855	3	yes	yes	yes	no	yes	0.250	0.233	yes	-	1	0	0	-
pe-mhg1-S1@n2	S1	pe	fq	--minimum-hit-groups 1	0	0	0	0.300	0.276	417893a4bf0228bf1016afd865ceaf0daf718dfee5a5d8f00d59a80320fc59cb	417893a4bf0228bf1016afd865ceaf0daf718dfee5a5d8f00d59a80320fc59cb	6c2f861111a2fa396d79cd7c7a679da1f1184699c3ae810955419224a7481681	6c2f861111a2fa396d79cd7c7a679da1f1184699c3ae810955419224a7481681	-	-	-	-	-	-	-	-	e3b0c44298fc1c149afbf4c8996fb92427ae41e4649b934ca495991b7852b855	e3b0c44298fc1c149afbf4c8996fb92427ae41e4649b934ca495991b7852b855	3	yes	yes	yes	no	yes	0.250	0.188	yes	-	2	0	0	0
pe-mhg1-S1@n3	S1	pe	fq	--minimum-hit-groups 1	0	0	0	0.300	0.261	417893a4bf0228bf1016afd865ceaf0daf718dfee5a5d8f00d59a80320fc59cb	417893a4bf0228bf1016afd865ceaf0daf718dfee5a5d8f00d59a80320fc59cb	6c2f861111a2fa396d79cd7c7a679da1f1184699c3ae810955419224a7481681	6c2f861111a2fa396d79cd7c7a679da1f1184699c3ae810955419224a7481681	-	-	-	-	-	-	-	-	e3b0c44298fc1c149afbf4c8996fb92427ae41e4649b934ca495991b7852b855	e3b0c44298fc1c149afbf4c8996fb92427ae41e4649b934ca495991b7852b855	3	yes	yes	yes	no	yes	0.250	0.174	yes	-	3	1	0	0,0
pe-mhg1-S1@n4	S1	pe	fq	--minimum-hit-groups 1	0	0	0	0.300	0.257	417893a4bf0228bf1016afd865ceaf0daf718dfee5a5d8f00d59a80320fc59cb	417893a4bf0228bf1016afd865ceaf0daf718dfee5a5d8f00d59a80320fc59cb	6c2f861111a2fa396d79cd7c7a679da1f1184699c3ae810955419224a7481681	6c2f861111a2fa396d79cd7c7a679da1f1184699c3ae810955419224a7481681	-	-	-	-	-	-	-	-	e3b0c44298fc1c149afbf4c8996fb92427ae41e4649b934ca495991b7852b855	e3b0c44298fc1c149afbf4c8996fb92427ae41e4649b934ca495991b7852b855	3	yes	yes	yes	no	yes	0.250	0.170	yes	-	4	0	0	0,0,0
pe-mhg1-S1@n8	S1	pe	fq	--minimum-hit-groups 1	0	0	0	0.300	0.246	417893a4bf0228bf1016afd865ceaf0daf718dfee5a5d8f00d59a80320fc59cb	417893a4bf0228bf1016afd865ceaf0daf718dfee5a5d8f00d59a80320fc59cb	6c2f861111a2fa396d79cd7c7a679da1f1184699c3ae810955419224a7481681	6c2f861111a2fa396d79cd7c7a679da1f1184699c3ae810955419224a7481681	-	-	-	-	-	-	-	-	e3b0c44298fc1c149afbf4c8996fb92427ae41e4649b934ca495991b7852b855	e3b0c44298fc1c149afbf4c8996fb92427ae41e4649b934ca495991b7852b855	3	yes	yes	yes	no	yes	0.250	0.159	yes	-	8	0	0	0,0,0,0,0,0,0
pe-mhg3-S1@n1	S1	pe	fq	--minimum-hit-groups 3	0	0	0	0.293	0.252	c5561434a82d5d1178306a05ccd6b4177c2a5f62c8e4a60a4eae8a3f056ec95e	c5561434a82d5d1178306a05ccd6b4177c2a5f62c8e4a60a4eae8a3f056ec95e	3c288f5d70a3c14c0d6f4f32344bfe5e433eba284f6b4594d7dab54b8b5a9e02	3c288f5d70a3c14c0d6f4f32344bfe5e433eba284f6b4594d7dab54b8b5a9e02	-	-	-	-	-	-	-	-	e3b0c44298fc1c149afbf4c8996fb92427ae41e4649b934ca495991b7852b855	e3b0c44298fc1c149afbf4c8996fb92427ae41e4649b934ca495991b7852b855	3	yes	yes	yes	no	yes	0.248	0.210	yes	-	1	0	0	-
pe-mhg3-S1@n2	S1	pe	fq	--minimum-hit-groups 3	0	0	0	0.293	0.265	c5561434a82d5d1178306a05ccd6b4177c2a5f62c8e4a60a4eae8a3f056ec95e	c5561434a82d5d1178306a05ccd6b4177c2a5f62c8e4a60a4eae8a3f056ec95e	3c288f5d70a3c14c0d6f4f32344bfe5e433eba284f6b4594d7dab54b8b5a9e02	3c288f5d70a3c14c0d6f4f32344bfe5e433eba284f6b4594d7dab54b8b5a9e02	-	-	-	-	-	-	-	-	e3b0c44298fc1c149afbf4c8996fb92427ae41e4649b934ca495991b7852b855	e3b0c44298fc1c149afbf4c8996fb92427ae41e4649b934ca495991b7852b855	3	yes	yes	yes	no	yes	0.248	0.183	yes	-	2	0	0	0
pe-mhg3-S1@n3	S1	pe	fq	--minimum-hit-groups 3	0	0	0	0.293	0.252	c5561434a82d5d1178306a05ccd6b4177c2a5f62c8e4a60a4eae8a3f056ec95e	c5561434a82d5d1178306a05ccd6b4177c2a5f62c8e4a60a4eae8a3f056ec95e	3c288f5d70a3c14c0d6f4f32344bfe5e433eba284f6b4594d7dab54b8b5a9e02	3c288f5d70a3c14c0d6f4f32344bfe5e433eba284f6b4594d7dab54b8b5a9e02	-	-	-	-	-	-	-	-	e3b0c44298fc1c149afbf4c8996fb92427ae41e4649b934ca495991b7852b855	e3b0c44298fc1c149afbf4c8996fb92427ae41e4649b934ca495991b7852b855	3	yes	yes	yes	no	yes	0.248	0.171	yes	-	3	1	0	0,0
pe-mhg3-S1@n4	S1	pe	fq	--minimum-hit-groups 3	0	0	0	0.293	0.258	c5561434a82d5d1178306a05ccd6b4177c2a5f62c8e4a60a4eae8a3f056ec95e	c5561434a82d5d1178306a05ccd6b4177c2a5f62c8e4a60a4eae8a3f056ec95e	3c288f5d70a3c14c0d6f4f32344bfe5e433eba284f6b4594d7dab54b8b5a9e02	3c288f5d70a3c14c0d6f4f32344bfe5e433eba284f6b4594d7dab54b8b5a9e02	-	-	-	-	-	-	-	-	e3b0c44298fc1c149afbf4c8996fb92427ae41e4649b934ca495991b7852b855	e3b0c44298fc1c149afbf4c8996fb92427ae41e4649b934ca495991b7852b855	3	yes	yes	yes	no	yes	0.248	0.170	yes	-	4	0	0	0,0,0
pe-mhg3-S1@n8	S1	pe	fq	--minimum-hit-groups 3	0	0	0	0.293	0.247	c5561434a82d5d1178306a05ccd6b4177c2a5f62c8e4a60a4eae8a3f056ec95e	c5561434a82d5d1178306a05ccd6b4177c2a5f62c8e4a60a4eae8a3f056ec95e	3c288f5d70a3c14c0d6f4f32344bfe5e433eba284f6b4594d7dab54b8b5a9e02	3c288f5d70a3c14c0d6f4f32344bfe5e433eba284f6b4594d7dab54b8b5a9e02	-	-	-	-	-	-	-	-	e3b0c44298fc1c149afbf4c8996fb92427ae41e4649b934ca495991b7852b855	e3b0c44298fc1c149afbf4c8996fb92427ae41e4649b934ca495991b7852b855	3	yes	yes	yes	no	yes	0.248	0.160	yes	-	8	0	0	0,0,0,0,0,0,0
se-mhg3-S2@n1	S2	se	fq	--minimum-hit-groups 3	0	0	0	0.201	0.141	206717f46f4abc6d1e5aeb6e068beda816e95082fb0fdce62bbc6b698f22c7af	206717f46f4abc6d1e5aeb6e068beda816e95082fb0fdce62bbc6b698f22c7af	8608a67fd5950ff777513b5cc8d1a2ad25f322e4a55bc022c9e3c7b7392301a9	8608a67fd5950ff777513b5cc8d1a2ad25f322e4a55bc022c9e3c7b7392301a9	-	-	-	-	-	-	-	-	e3b0c44298fc1c149afbf4c8996fb92427ae41e4649b934ca495991b7852b855	e3b0c44298fc1c149afbf4c8996fb92427ae41e4649b934ca495991b7852b855	3	yes	yes	yes	no	yes	0.140	0.104	yes	-	1	0	0	-
se-mhg3-S2@n2	S2	se	fq	--minimum-hit-groups 3	0	0	0	0.201	0.177	206717f46f4abc6d1e5aeb6e068beda816e95082fb0fdce62bbc6b698f22c7af	206717f46f4abc6d1e5aeb6e068beda816e95082fb0fdce62bbc6b698f22c7af	8608a67fd5950ff777513b5cc8d1a2ad25f322e4a55bc022c9e3c7b7392301a9	8608a67fd5950ff777513b5cc8d1a2ad25f322e4a55bc022c9e3c7b7392301a9	-	-	-	-	-	-	-	-	e3b0c44298fc1c149afbf4c8996fb92427ae41e4649b934ca495991b7852b855	e3b0c44298fc1c149afbf4c8996fb92427ae41e4649b934ca495991b7852b855	3	yes	yes	yes	no	yes	0.140	0.091	yes	-	2	0	0	0
se-mhg3-S2@n3	S2	se	fq	--minimum-hit-groups 3	0	0	0	0.201	0.175	206717f46f4abc6d1e5aeb6e068beda816e95082fb0fdce62bbc6b698f22c7af	206717f46f4abc6d1e5aeb6e068beda816e95082fb0fdce62bbc6b698f22c7af	8608a67fd5950ff777513b5cc8d1a2ad25f322e4a55bc022c9e3c7b7392301a9	8608a67fd5950ff777513b5cc8d1a2ad25f322e4a55bc022c9e3c7b7392301a9	-	-	-	-	-	-	-	-	e3b0c44298fc1c149afbf4c8996fb92427ae41e4649b934ca495991b7852b855	e3b0c44298fc1c149afbf4c8996fb92427ae41e4649b934ca495991b7852b855	3	yes	yes	yes	no	yes	0.140	0.090	yes	-	3	0	0	0,0
se-mhg3-S2@n4	S2	se	fq	--minimum-hit-groups 3	0	0	0	0.201	0.169	206717f46f4abc6d1e5aeb6e068beda816e95082fb0fdce62bbc6b698f22c7af	206717f46f4abc6d1e5aeb6e068beda816e95082fb0fdce62bbc6b698f22c7af	8608a67fd5950ff777513b5cc8d1a2ad25f322e4a55bc022c9e3c7b7392301a9	8608a67fd5950ff777513b5cc8d1a2ad25f322e4a55bc022c9e3c7b7392301a9	-	-	-	-	-	-	-	-	e3b0c44298fc1c149afbf4c8996fb92427ae41e4649b934ca495991b7852b855	e3b0c44298fc1c149afbf4c8996fb92427ae41e4649b934ca495991b7852b855	3	yes	yes	yes	no	yes	0.140	0.084	yes	-	4	0	0	0,0,0
se-mhg3-S2@n8	S2	se	fq	--minimum-hit-groups 3	0	0	0	0.201	0.166	206717f46f4abc6d1e5aeb6e068beda816e95082fb0fdce62bbc6b698f22c7af	206717f46f4abc6d1e5aeb6e068beda816e95082fb0fdce62bbc6b698f22c7af	8608a67fd5950ff777513b5cc8d1a2ad25f322e4a55bc022c9e3c7b7392301a9	8608a67fd5950ff777513b5cc8d1a2ad25f322e4a55bc022c9e3c7b7392301a9	-	-	-	-	-	-	-	-	e3b0c44298fc1c149afbf4c8996fb92427ae41e4649b934ca495991b7852b855	e3b0c44298fc1c149afbf4c8996fb92427ae41e4649b934ca495991b7852b855	3	yes	yes	yes	no	yes	0.140	0.081	yes	-	8	0	0	0,0,0,0,0,0,0
pe-mhg2-S3@n1	S3	pe	fq	--minimum-hit-groups 2	0	0	0	0.423	0.330	1b3fef049ca7fc93c4635b44164ef8d7fdd8877d97c7ca43315343073380847e	1b3fef049ca7fc93c4635b44164ef8d7fdd8877d97c7ca43315343073380847e	f5ffc9beb513b2359624f6162421f504b65c2f984276de683142dfd67e9bea5e	f5ffc9beb513b2359624f6162421f504b65c2f984276de683142dfd67e9bea5e	-	-	-	-	-	-	-	-	e3b0c44298fc1c149afbf4c8996fb92427ae41e4649b934ca495991b7852b855	e3b0c44298fc1c149afbf4c8996fb92427ae41e4649b934ca495991b7852b855	3	yes	yes	yes	no	yes	0.377	0.288	yes	-	1	0	0	-
pe-mhg2-S3@n2	S3	pe	fq	--minimum-hit-groups 2	0	0	0	0.423	0.300	1b3fef049ca7fc93c4635b44164ef8d7fdd8877d97c7ca43315343073380847e	1b3fef049ca7fc93c4635b44164ef8d7fdd8877d97c7ca43315343073380847e	f5ffc9beb513b2359624f6162421f504b65c2f984276de683142dfd67e9bea5e	f5ffc9beb513b2359624f6162421f504b65c2f984276de683142dfd67e9bea5e	-	-	-	-	-	-	-	-	e3b0c44298fc1c149afbf4c8996fb92427ae41e4649b934ca495991b7852b855	e3b0c44298fc1c149afbf4c8996fb92427ae41e4649b934ca495991b7852b855	3	yes	yes	yes	no	yes	0.377	0.216	yes	-	2	0	0	0
pe-mhg2-S3@n3	S3	pe	fq	--minimum-hit-groups 2	0	0	0	0.423	0.294	1b3fef049ca7fc93c4635b44164ef8d7fdd8877d97c7ca43315343073380847e	1b3fef049ca7fc93c4635b44164ef8d7fdd8877d97c7ca43315343073380847e	f5ffc9beb513b2359624f6162421f504b65c2f984276de683142dfd67e9bea5e	f5ffc9beb513b2359624f6162421f504b65c2f984276de683142dfd67e9bea5e	-	-	-	-	-	-	-	-	e3b0c44298fc1c149afbf4c8996fb92427ae41e4649b934ca495991b7852b855	e3b0c44298fc1c149afbf4c8996fb92427ae41e4649b934ca495991b7852b855	3	yes	yes	yes	no	yes	0.377	0.206	yes	-	3	0	0	0,0
pe-mhg2-S3@n4	S3	pe	fq	--minimum-hit-groups 2	0	0	0	0.423	0.286	1b3fef049ca7fc93c4635b44164ef8d7fdd8877d97c7ca43315343073380847e	1b3fef049ca7fc93c4635b44164ef8d7fdd8877d97c7ca43315343073380847e	f5ffc9beb513b2359624f6162421f504b65c2f984276de683142dfd67e9bea5e	f5ffc9beb513b2359624f6162421f504b65c2f984276de683142dfd67e9bea5e	-	-	-	-	-	-	-	-	e3b0c44298fc1c149afbf4c8996fb92427ae41e4649b934ca495991b7852b855	e3b0c44298fc1c149afbf4c8996fb92427ae41e4649b934ca495991b7852b855	3	yes	yes	yes	no	yes	0.377	0.198	yes	-	4	3	0	0,0,0
pe-mhg2-S3@n8	S3	pe	fq	--minimum-hit-groups 2	0	0	0	0.423	0.281	1b3fef049ca7fc93c4635b44164ef8d7fdd8877d97c7ca43315343073380847e	1b3fef049ca7fc93c4635b44164ef8d7fdd8877d97c7ca43315343073380847e	f5ffc9beb513b2359624f6162421f504b65c2f984276de683142dfd67e9bea5e	f5ffc9beb513b2359624f6162421f504b65c2f984276de683142dfd67e9bea5e	-	-	-	-	-	-	-	-	e3b0c44298fc1c149afbf4c8996fb92427ae41e4649b934ca495991b7852b855	e3b0c44298fc1c149afbf4c8996fb92427ae41e4649b934ca495991b7852b855	3	yes	yes	yes	no	yes	0.377	0.191	yes	-	8	3	0	0,0,0,0,0,0,0
pe-quick-S1@n1	S1	pe	fq	--quick	0	0	0	0.301	0.248	187aae78b2bbc90851eaf1e3c6b453cae4ffbbc5c0c0db05d2fe59f3c56abbe3	187aae78b2bbc90851eaf1e3c6b453cae4ffbbc5c0c0db05d2fe59f3c56abbe3	2588d84027f1eb452332e4ed883bb800ad21107d547cb8f67f5abd8a47b820b5	2588d84027f1eb452332e4ed883bb800ad21107d547cb8f67f5abd8a47b820b5	b57a3b846982720659d47b88fa6b64ca1d1c1aba6b512329cf8505e1a22478c6	b57a3b846982720659d47b88fa6b64ca1d1c1aba6b512329cf8505e1a22478c6	f545fd14769031e6615473dd417bd435ad7260baaf6a996ff48e464908b332ec	f545fd14769031e6615473dd417bd435ad7260baaf6a996ff48e464908b332ec	bf883ecd6026c3e1dbfc0ae9cd8f0b490bd77bb8f932d7f72cf2b3b9fc4e52e3	bf883ecd6026c3e1dbfc0ae9cd8f0b490bd77bb8f932d7f72cf2b3b9fc4e52e3	241e14d711f6173eacc3c1f196df563165b6879a88abb996d243fbe6711ca266	241e14d711f6173eacc3c1f196df563165b6879a88abb996d243fbe6711ca266	e3b0c44298fc1c149afbf4c8996fb92427ae41e4649b934ca495991b7852b855	e3b0c44298fc1c149afbf4c8996fb92427ae41e4649b934ca495991b7852b855	7	yes	yes	yes	no	yes	0.254	0.207	yes	-	1	0	0	-
pe-quick-S1@n2	S1	pe	fq	--quick	0	0	0	0.301	0.273	187aae78b2bbc90851eaf1e3c6b453cae4ffbbc5c0c0db05d2fe59f3c56abbe3	187aae78b2bbc90851eaf1e3c6b453cae4ffbbc5c0c0db05d2fe59f3c56abbe3	2588d84027f1eb452332e4ed883bb800ad21107d547cb8f67f5abd8a47b820b5	2588d84027f1eb452332e4ed883bb800ad21107d547cb8f67f5abd8a47b820b5	b57a3b846982720659d47b88fa6b64ca1d1c1aba6b512329cf8505e1a22478c6	b57a3b846982720659d47b88fa6b64ca1d1c1aba6b512329cf8505e1a22478c6	f545fd14769031e6615473dd417bd435ad7260baaf6a996ff48e464908b332ec	f545fd14769031e6615473dd417bd435ad7260baaf6a996ff48e464908b332ec	bf883ecd6026c3e1dbfc0ae9cd8f0b490bd77bb8f932d7f72cf2b3b9fc4e52e3	bf883ecd6026c3e1dbfc0ae9cd8f0b490bd77bb8f932d7f72cf2b3b9fc4e52e3	241e14d711f6173eacc3c1f196df563165b6879a88abb996d243fbe6711ca266	241e14d711f6173eacc3c1f196df563165b6879a88abb996d243fbe6711ca266	e3b0c44298fc1c149afbf4c8996fb92427ae41e4649b934ca495991b7852b855	e3b0c44298fc1c149afbf4c8996fb92427ae41e4649b934ca495991b7852b855	7	yes	yes	yes	no	yes	0.254	0.191	yes	-	2	0	0	0
pe-quick-S1@n3	S1	pe	fq	--quick	0	0	0	0.301	0.270	187aae78b2bbc90851eaf1e3c6b453cae4ffbbc5c0c0db05d2fe59f3c56abbe3	187aae78b2bbc90851eaf1e3c6b453cae4ffbbc5c0c0db05d2fe59f3c56abbe3	2588d84027f1eb452332e4ed883bb800ad21107d547cb8f67f5abd8a47b820b5	2588d84027f1eb452332e4ed883bb800ad21107d547cb8f67f5abd8a47b820b5	b57a3b846982720659d47b88fa6b64ca1d1c1aba6b512329cf8505e1a22478c6	b57a3b846982720659d47b88fa6b64ca1d1c1aba6b512329cf8505e1a22478c6	f545fd14769031e6615473dd417bd435ad7260baaf6a996ff48e464908b332ec	f545fd14769031e6615473dd417bd435ad7260baaf6a996ff48e464908b332ec	bf883ecd6026c3e1dbfc0ae9cd8f0b490bd77bb8f932d7f72cf2b3b9fc4e52e3	bf883ecd6026c3e1dbfc0ae9cd8f0b490bd77bb8f932d7f72cf2b3b9fc4e52e3	241e14d711f6173eacc3c1f196df563165b6879a88abb996d243fbe6711ca266	241e14d711f6173eacc3c1f196df563165b6879a88abb996d243fbe6711ca266	e3b0c44298fc1c149afbf4c8996fb92427ae41e4649b934ca495991b7852b855	e3b0c44298fc1c149afbf4c8996fb92427ae41e4649b934ca495991b7852b855	7	yes	yes	yes	no	yes	0.254	0.184	yes	-	3	1	0	0,0
pe-quick-S1@n4	S1	pe	fq	--quick	0	0	0	0.301	0.266	187aae78b2bbc90851eaf1e3c6b453cae4ffbbc5c0c0db05d2fe59f3c56abbe3	187aae78b2bbc90851eaf1e3c6b453cae4ffbbc5c0c0db05d2fe59f3c56abbe3	2588d84027f1eb452332e4ed883bb800ad21107d547cb8f67f5abd8a47b820b5	2588d84027f1eb452332e4ed883bb800ad21107d547cb8f67f5abd8a47b820b5	b57a3b846982720659d47b88fa6b64ca1d1c1aba6b512329cf8505e1a22478c6	b57a3b846982720659d47b88fa6b64ca1d1c1aba6b512329cf8505e1a22478c6	f545fd14769031e6615473dd417bd435ad7260baaf6a996ff48e464908b332ec	f545fd14769031e6615473dd417bd435ad7260baaf6a996ff48e464908b332ec	bf883ecd6026c3e1dbfc0ae9cd8f0b490bd77bb8f932d7f72cf2b3b9fc4e52e3	bf883ecd6026c3e1dbfc0ae9cd8f0b490bd77bb8f932d7f72cf2b3b9fc4e52e3	241e14d711f6173eacc3c1f196df563165b6879a88abb996d243fbe6711ca266	241e14d711f6173eacc3c1f196df563165b6879a88abb996d243fbe6711ca266	e3b0c44298fc1c149afbf4c8996fb92427ae41e4649b934ca495991b7852b855	e3b0c44298fc1c149afbf4c8996fb92427ae41e4649b934ca495991b7852b855	7	yes	yes	yes	no	yes	0.254	0.177	yes	-	4	0	0	0,0,0
pe-quick-S1@n8	S1	pe	fq	--quick	0	0	0	0.301	0.264	187aae78b2bbc90851eaf1e3c6b453cae4ffbbc5c0c0db05d2fe59f3c56abbe3	187aae78b2bbc90851eaf1e3c6b453cae4ffbbc5c0c0db05d2fe59f3c56abbe3	2588d84027f1eb452332e4ed883bb800ad21107d547cb8f67f5abd8a47b820b5	2588d84027f1eb452332e4ed883bb800ad21107d547cb8f67f5abd8a47b820b5	b57a3b846982720659d47b88fa6b64ca1d1c1aba6b512329cf8505e1a22478c6	b57a3b846982720659d47b88fa6b64ca1d1c1aba6b512329cf8505e1a22478c6	f545fd14769031e6615473dd417bd435ad7260baaf6a996ff48e464908b332ec	f545fd14769031e6615473dd417bd435ad7260baaf6a996ff48e464908b332ec	bf883ecd6026c3e1dbfc0ae9cd8f0b490bd77bb8f932d7f72cf2b3b9fc4e52e3	bf883ecd6026c3e1dbfc0ae9cd8f0b490bd77bb8f932d7f72cf2b3b9fc4e52e3	241e14d711f6173eacc3c1f196df563165b6879a88abb996d243fbe6711ca266	241e14d711f6173eacc3c1f196df563165b6879a88abb996d243fbe6711ca266	e3b0c44298fc1c149afbf4c8996fb92427ae41e4649b934ca495991b7852b855	e3b0c44298fc1c149afbf4c8996fb92427ae41e4649b934ca495991b7852b855	7	yes	yes	yes	no	yes	0.254	0.177	yes	-	8	0	0	0,0,0,0,0,0,0
pe-quick-conf0.5-S1@n1	S1	pe	fq	--quick --confidence 0.5	0	0	0	0.292	0.242	b365feffa690e06d617cde4e639a9093f009d2d12feb43b03a3802adf31bc4d7	b365feffa690e06d617cde4e639a9093f009d2d12feb43b03a3802adf31bc4d7	f83433a488b86e0fb8031f708aa1776ee56afd5dbf6e8b265114bbe1f4d26824	f83433a488b86e0fb8031f708aa1776ee56afd5dbf6e8b265114bbe1f4d26824	-	-	-	-	-	-	-	-	e3b0c44298fc1c149afbf4c8996fb92427ae41e4649b934ca495991b7852b855	e3b0c44298fc1c149afbf4c8996fb92427ae41e4649b934ca495991b7852b855	3	yes	yes	yes	no	yes	0.244	0.202	yes	-	1	0	0	-
pe-quick-conf0.5-S1@n2	S1	pe	fq	--quick --confidence 0.5	0	0	0	0.292	0.268	b365feffa690e06d617cde4e639a9093f009d2d12feb43b03a3802adf31bc4d7	b365feffa690e06d617cde4e639a9093f009d2d12feb43b03a3802adf31bc4d7	f83433a488b86e0fb8031f708aa1776ee56afd5dbf6e8b265114bbe1f4d26824	f83433a488b86e0fb8031f708aa1776ee56afd5dbf6e8b265114bbe1f4d26824	-	-	-	-	-	-	-	-	e3b0c44298fc1c149afbf4c8996fb92427ae41e4649b934ca495991b7852b855	e3b0c44298fc1c149afbf4c8996fb92427ae41e4649b934ca495991b7852b855	3	yes	yes	yes	no	yes	0.244	0.180	yes	-	2	0	0	0
pe-quick-conf0.5-S1@n3	S1	pe	fq	--quick --confidence 0.5	0	0	0	0.292	0.255	b365feffa690e06d617cde4e639a9093f009d2d12feb43b03a3802adf31bc4d7	b365feffa690e06d617cde4e639a9093f009d2d12feb43b03a3802adf31bc4d7	f83433a488b86e0fb8031f708aa1776ee56afd5dbf6e8b265114bbe1f4d26824	f83433a488b86e0fb8031f708aa1776ee56afd5dbf6e8b265114bbe1f4d26824	-	-	-	-	-	-	-	-	e3b0c44298fc1c149afbf4c8996fb92427ae41e4649b934ca495991b7852b855	e3b0c44298fc1c149afbf4c8996fb92427ae41e4649b934ca495991b7852b855	3	yes	yes	yes	no	yes	0.244	0.169	yes	-	3	1	0	0,0
pe-quick-conf0.5-S1@n4	S1	pe	fq	--quick --confidence 0.5	0	0	0	0.292	0.253	b365feffa690e06d617cde4e639a9093f009d2d12feb43b03a3802adf31bc4d7	b365feffa690e06d617cde4e639a9093f009d2d12feb43b03a3802adf31bc4d7	f83433a488b86e0fb8031f708aa1776ee56afd5dbf6e8b265114bbe1f4d26824	f83433a488b86e0fb8031f708aa1776ee56afd5dbf6e8b265114bbe1f4d26824	-	-	-	-	-	-	-	-	e3b0c44298fc1c149afbf4c8996fb92427ae41e4649b934ca495991b7852b855	e3b0c44298fc1c149afbf4c8996fb92427ae41e4649b934ca495991b7852b855	3	yes	yes	yes	no	yes	0.244	0.173	yes	-	4	0	0	0,0,0
pe-quick-conf0.5-S1@n8	S1	pe	fq	--quick --confidence 0.5	0	0	0	0.292	0.250	b365feffa690e06d617cde4e639a9093f009d2d12feb43b03a3802adf31bc4d7	b365feffa690e06d617cde4e639a9093f009d2d12feb43b03a3802adf31bc4d7	f83433a488b86e0fb8031f708aa1776ee56afd5dbf6e8b265114bbe1f4d26824	f83433a488b86e0fb8031f708aa1776ee56afd5dbf6e8b265114bbe1f4d26824	-	-	-	-	-	-	-	-	e3b0c44298fc1c149afbf4c8996fb92427ae41e4649b934ca495991b7852b855	e3b0c44298fc1c149afbf4c8996fb92427ae41e4649b934ca495991b7852b855	3	yes	yes	yes	no	yes	0.244	0.162	yes	-	8	0	0	0,0,0,0,0,0,0
se-quick-mhg1-gz-S3@n1	S3	se	gz	--quick --minimum-hit-groups 1	0	0	0	0.356	0.224	88bb54679cee1195e45e3ac0993d7b86f72f43007edcc58f279727141ea15b05	88bb54679cee1195e45e3ac0993d7b86f72f43007edcc58f279727141ea15b05	ec52cee289a6f707a56aaf2b0524e22fafa1fe15bd79a5d35c22dd4e53faa497	ec52cee289a6f707a56aaf2b0524e22fafa1fe15bd79a5d35c22dd4e53faa497	-	-	-	-	-	-	-	-	e3b0c44298fc1c149afbf4c8996fb92427ae41e4649b934ca495991b7852b855	e3b0c44298fc1c149afbf4c8996fb92427ae41e4649b934ca495991b7852b855	3	yes	yes	yes	no	yes	0.308	0.185	yes	-	1	0	0	-
se-quick-mhg1-gz-S3@n2	S3	se	gz	--quick --minimum-hit-groups 1	0	0	0	0.356	0.257	88bb54679cee1195e45e3ac0993d7b86f72f43007edcc58f279727141ea15b05	88bb54679cee1195e45e3ac0993d7b86f72f43007edcc58f279727141ea15b05	ec52cee289a6f707a56aaf2b0524e22fafa1fe15bd79a5d35c22dd4e53faa497	ec52cee289a6f707a56aaf2b0524e22fafa1fe15bd79a5d35c22dd4e53faa497	-	-	-	-	-	-	-	-	e3b0c44298fc1c149afbf4c8996fb92427ae41e4649b934ca495991b7852b855	e3b0c44298fc1c149afbf4c8996fb92427ae41e4649b934ca495991b7852b855	3	yes	yes	yes	no	yes	0.308	0.171	yes	-	2	0	0	0
se-quick-mhg1-gz-S3@n3	S3	se	gz	--quick --minimum-hit-groups 1	0	0	0	0.356	0.250	88bb54679cee1195e45e3ac0993d7b86f72f43007edcc58f279727141ea15b05	88bb54679cee1195e45e3ac0993d7b86f72f43007edcc58f279727141ea15b05	ec52cee289a6f707a56aaf2b0524e22fafa1fe15bd79a5d35c22dd4e53faa497	ec52cee289a6f707a56aaf2b0524e22fafa1fe15bd79a5d35c22dd4e53faa497	-	-	-	-	-	-	-	-	e3b0c44298fc1c149afbf4c8996fb92427ae41e4649b934ca495991b7852b855	e3b0c44298fc1c149afbf4c8996fb92427ae41e4649b934ca495991b7852b855	3	yes	yes	yes	no	yes	0.308	0.168	yes	-	3	0	0	0,0
se-quick-mhg1-gz-S3@n4	S3	se	gz	--quick --minimum-hit-groups 1	0	0	0	0.356	0.252	88bb54679cee1195e45e3ac0993d7b86f72f43007edcc58f279727141ea15b05	88bb54679cee1195e45e3ac0993d7b86f72f43007edcc58f279727141ea15b05	ec52cee289a6f707a56aaf2b0524e22fafa1fe15bd79a5d35c22dd4e53faa497	ec52cee289a6f707a56aaf2b0524e22fafa1fe15bd79a5d35c22dd4e53faa497	-	-	-	-	-	-	-	-	e3b0c44298fc1c149afbf4c8996fb92427ae41e4649b934ca495991b7852b855	e3b0c44298fc1c149afbf4c8996fb92427ae41e4649b934ca495991b7852b855	3	yes	yes	yes	no	yes	0.308	0.166	yes	-	4	0	0	0,0,0
se-quick-mhg1-gz-S3@n8	S3	se	gz	--quick --minimum-hit-groups 1	0	0	0	0.356	0.249	88bb54679cee1195e45e3ac0993d7b86f72f43007edcc58f279727141ea15b05	88bb54679cee1195e45e3ac0993d7b86f72f43007edcc58f279727141ea15b05	ec52cee289a6f707a56aaf2b0524e22fafa1fe15bd79a5d35c22dd4e53faa497	ec52cee289a6f707a56aaf2b0524e22fafa1fe15bd79a5d35c22dd4e53faa497	-	-	-	-	-	-	-	-	e3b0c44298fc1c149afbf4c8996fb92427ae41e4649b934ca495991b7852b855	e3b0c44298fc1c149afbf4c8996fb92427ae41e4649b934ca495991b7852b855	3	yes	yes	yes	no	yes	0.308	0.162	yes	-	8	0	0	0,0,0,0,0,0,0
pe-zero-S1@n1	S1	pe	fq	--report-zero-counts	0	0	0	0.347	0.251	-	-	cf3ebbdbf97d5b510466ff7aef9d7e999c1f401806527130c78f8f68fd9be9c2	cf3ebbdbf97d5b510466ff7aef9d7e999c1f401806527130c78f8f68fd9be9c2	-	-	-	-	-	-	-	-	e3b0c44298fc1c149afbf4c8996fb92427ae41e4649b934ca495991b7852b855	e3b0c44298fc1c149afbf4c8996fb92427ae41e4649b934ca495991b7852b855	2	yes	yes	yes	no	yes	0.243	0.208	yes	-	1	0	0	-
pe-zero-S1@n2	S1	pe	fq	--report-zero-counts	0	0	0	0.347	0.262	-	-	cf3ebbdbf97d5b510466ff7aef9d7e999c1f401806527130c78f8f68fd9be9c2	cf3ebbdbf97d5b510466ff7aef9d7e999c1f401806527130c78f8f68fd9be9c2	-	-	-	-	-	-	-	-	e3b0c44298fc1c149afbf4c8996fb92427ae41e4649b934ca495991b7852b855	e3b0c44298fc1c149afbf4c8996fb92427ae41e4649b934ca495991b7852b855	2	yes	yes	yes	no	yes	0.243	0.177	yes	-	2	0	0	0
pe-zero-S1@n3	S1	pe	fq	--report-zero-counts	0	0	0	0.347	0.244	-	-	cf3ebbdbf97d5b510466ff7aef9d7e999c1f401806527130c78f8f68fd9be9c2	cf3ebbdbf97d5b510466ff7aef9d7e999c1f401806527130c78f8f68fd9be9c2	-	-	-	-	-	-	-	-	e3b0c44298fc1c149afbf4c8996fb92427ae41e4649b934ca495991b7852b855	e3b0c44298fc1c149afbf4c8996fb92427ae41e4649b934ca495991b7852b855	2	yes	yes	yes	no	yes	0.243	0.161	yes	-	3	1	0	0,0
pe-zero-S1@n4	S1	pe	fq	--report-zero-counts	0	0	0	0.347	0.256	-	-	cf3ebbdbf97d5b510466ff7aef9d7e999c1f401806527130c78f8f68fd9be9c2	cf3ebbdbf97d5b510466ff7aef9d7e999c1f401806527130c78f8f68fd9be9c2	-	-	-	-	-	-	-	-	e3b0c44298fc1c149afbf4c8996fb92427ae41e4649b934ca495991b7852b855	e3b0c44298fc1c149afbf4c8996fb92427ae41e4649b934ca495991b7852b855	2	yes	yes	yes	no	yes	0.243	0.165	yes	-	4	0	0	0,0,0
pe-zero-S1@n8	S1	pe	fq	--report-zero-counts	0	0	0	0.347	0.254	-	-	cf3ebbdbf97d5b510466ff7aef9d7e999c1f401806527130c78f8f68fd9be9c2	cf3ebbdbf97d5b510466ff7aef9d7e999c1f401806527130c78f8f68fd9be9c2	-	-	-	-	-	-	-	-	e3b0c44298fc1c149afbf4c8996fb92427ae41e4649b934ca495991b7852b855	e3b0c44298fc1c149afbf4c8996fb92427ae41e4649b934ca495991b7852b855	2	yes	yes	yes	no	yes	0.243	0.165	yes	-	8	0	0	0,0,0,0,0,0,0
se-mpa-S1@n1	S1	se	fq	--use-mpa-style	0	0	0	0.168	0.157	-	-	6ac8a37ac2cf359350b673eb50a1af2135ed3707a02b0cabcf0a942800fc7465	6ac8a37ac2cf359350b673eb50a1af2135ed3707a02b0cabcf0a942800fc7465	-	-	-	-	-	-	-	-	e3b0c44298fc1c149afbf4c8996fb92427ae41e4649b934ca495991b7852b855	e3b0c44298fc1c149afbf4c8996fb92427ae41e4649b934ca495991b7852b855	2	yes	yes	yes	no	yes	0.123	0.120	yes	-	1	0	0	-
se-mpa-S1@n2	S1	se	fq	--use-mpa-style	0	0	0	0.168	0.194	-	-	6ac8a37ac2cf359350b673eb50a1af2135ed3707a02b0cabcf0a942800fc7465	6ac8a37ac2cf359350b673eb50a1af2135ed3707a02b0cabcf0a942800fc7465	-	-	-	-	-	-	-	-	e3b0c44298fc1c149afbf4c8996fb92427ae41e4649b934ca495991b7852b855	e3b0c44298fc1c149afbf4c8996fb92427ae41e4649b934ca495991b7852b855	2	yes	yes	yes	no	yes	0.123	0.106	yes	-	2	0	0	0
se-mpa-S1@n3	S1	se	fq	--use-mpa-style	0	0	0	0.168	0.175	-	-	6ac8a37ac2cf359350b673eb50a1af2135ed3707a02b0cabcf0a942800fc7465	6ac8a37ac2cf359350b673eb50a1af2135ed3707a02b0cabcf0a942800fc7465	-	-	-	-	-	-	-	-	e3b0c44298fc1c149afbf4c8996fb92427ae41e4649b934ca495991b7852b855	e3b0c44298fc1c149afbf4c8996fb92427ae41e4649b934ca495991b7852b855	2	yes	yes	yes	no	yes	0.123	0.097	yes	-	3	0	0	0,0
se-mpa-S1@n4	S1	se	fq	--use-mpa-style	0	0	0	0.168	0.183	-	-	6ac8a37ac2cf359350b673eb50a1af2135ed3707a02b0cabcf0a942800fc7465	6ac8a37ac2cf359350b673eb50a1af2135ed3707a02b0cabcf0a942800fc7465	-	-	-	-	-	-	-	-	e3b0c44298fc1c149afbf4c8996fb92427ae41e4649b934ca495991b7852b855	e3b0c44298fc1c149afbf4c8996fb92427ae41e4649b934ca495991b7852b855	2	yes	yes	yes	no	yes	0.123	0.096	yes	-	4	0	0	0,0,0
se-mpa-S1@n8	S1	se	fq	--use-mpa-style	0	0	0	0.168	0.178	-	-	6ac8a37ac2cf359350b673eb50a1af2135ed3707a02b0cabcf0a942800fc7465	6ac8a37ac2cf359350b673eb50a1af2135ed3707a02b0cabcf0a942800fc7465	-	-	-	-	-	-	-	-	e3b0c44298fc1c149afbf4c8996fb92427ae41e4649b934ca495991b7852b855	e3b0c44298fc1c149afbf4c8996fb92427ae41e4649b934ca495991b7852b855	2	yes	yes	yes	no	yes	0.123	0.091	yes	-	8	0	0	0,0,0,0,0,0,0
pe-mpa-zero-gz-S3@n1	S3	pe	gz	--use-mpa-style --report-zero-counts	0	0	0	0.707	0.337	-	-	5b8e1654f169a1a5c35cec3f3bb0fdf5f5fdaaa122169e483f2bf80f99c08cd4	5b8e1654f169a1a5c35cec3f3bb0fdf5f5fdaaa122169e483f2bf80f99c08cd4	-	-	-	-	-	-	-	-	e3b0c44298fc1c149afbf4c8996fb92427ae41e4649b934ca495991b7852b855	e3b0c44298fc1c149afbf4c8996fb92427ae41e4649b934ca495991b7852b855	2	yes	yes	yes	no	yes	0.625	0.290	yes	-	1	0	0	-
pe-mpa-zero-gz-S3@n2	S3	pe	gz	--use-mpa-style --report-zero-counts	0	0	0	0.707	0.346	-	-	5b8e1654f169a1a5c35cec3f3bb0fdf5f5fdaaa122169e483f2bf80f99c08cd4	5b8e1654f169a1a5c35cec3f3bb0fdf5f5fdaaa122169e483f2bf80f99c08cd4	-	-	-	-	-	-	-	-	e3b0c44298fc1c149afbf4c8996fb92427ae41e4649b934ca495991b7852b855	e3b0c44298fc1c149afbf4c8996fb92427ae41e4649b934ca495991b7852b855	2	yes	yes	yes	no	yes	0.625	0.258	yes	-	2	0	0	0
pe-mpa-zero-gz-S3@n3	S3	pe	gz	--use-mpa-style --report-zero-counts	0	0	0	0.707	0.327	-	-	5b8e1654f169a1a5c35cec3f3bb0fdf5f5fdaaa122169e483f2bf80f99c08cd4	5b8e1654f169a1a5c35cec3f3bb0fdf5f5fdaaa122169e483f2bf80f99c08cd4	-	-	-	-	-	-	-	-	e3b0c44298fc1c149afbf4c8996fb92427ae41e4649b934ca495991b7852b855	e3b0c44298fc1c149afbf4c8996fb92427ae41e4649b934ca495991b7852b855	2	yes	yes	yes	no	yes	0.625	0.244	yes	-	3	0	0	0,0
pe-mpa-zero-gz-S3@n4	S3	pe	gz	--use-mpa-style --report-zero-counts	0	0	0	0.707	0.332	-	-	5b8e1654f169a1a5c35cec3f3bb0fdf5f5fdaaa122169e483f2bf80f99c08cd4	5b8e1654f169a1a5c35cec3f3bb0fdf5f5fdaaa122169e483f2bf80f99c08cd4	-	-	-	-	-	-	-	-	e3b0c44298fc1c149afbf4c8996fb92427ae41e4649b934ca495991b7852b855	e3b0c44298fc1c149afbf4c8996fb92427ae41e4649b934ca495991b7852b855	2	yes	yes	yes	no	yes	0.625	0.241	yes	-	4	3	0	0,0,0
pe-mpa-zero-gz-S3@n8	S3	pe	gz	--use-mpa-style --report-zero-counts	0	0	0	0.707	0.390	-	-	5b8e1654f169a1a5c35cec3f3bb0fdf5f5fdaaa122169e483f2bf80f99c08cd4	5b8e1654f169a1a5c35cec3f3bb0fdf5f5fdaaa122169e483f2bf80f99c08cd4	-	-	-	-	-	-	-	-	e3b0c44298fc1c149afbf4c8996fb92427ae41e4649b934ca495991b7852b855	e3b0c44298fc1c149afbf4c8996fb92427ae41e4649b934ca495991b7852b855	2	yes	yes	yes	no	yes	0.625	0.298	yes	-	8	3	0	0,0,0,0,0,0,0
pe-conf0.1-zero-S2@n1	S2	pe	fq	--confidence 0.1 --report-zero-counts	0	0	0	0.339	0.221	-	-	bee387cc40f37ef342132aedb437a8faaf5222b5f2f2a6458c8d1a1514126a32	bee387cc40f37ef342132aedb437a8faaf5222b5f2f2a6458c8d1a1514126a32	-	-	-	-	-	-	-	-	e3b0c44298fc1c149afbf4c8996fb92427ae41e4649b934ca495991b7852b855	e3b0c44298fc1c149afbf4c8996fb92427ae41e4649b934ca495991b7852b855	2	yes	yes	yes	no	yes	0.230	0.178	yes	-	1	0	0	-
pe-conf0.1-zero-S2@n2	S2	pe	fq	--confidence 0.1 --report-zero-counts	0	0	0	0.339	0.195	-	-	bee387cc40f37ef342132aedb437a8faaf5222b5f2f2a6458c8d1a1514126a32	bee387cc40f37ef342132aedb437a8faaf5222b5f2f2a6458c8d1a1514126a32	-	-	-	-	-	-	-	-	e3b0c44298fc1c149afbf4c8996fb92427ae41e4649b934ca495991b7852b855	e3b0c44298fc1c149afbf4c8996fb92427ae41e4649b934ca495991b7852b855	2	yes	yes	yes	no	yes	0.230	0.159	yes	-	2	0	0	0
pe-conf0.1-zero-S2@n3	S2	pe	fq	--confidence 0.1 --report-zero-counts	0	0	0	0.339	0.236	-	-	bee387cc40f37ef342132aedb437a8faaf5222b5f2f2a6458c8d1a1514126a32	bee387cc40f37ef342132aedb437a8faaf5222b5f2f2a6458c8d1a1514126a32	-	-	-	-	-	-	-	-	e3b0c44298fc1c149afbf4c8996fb92427ae41e4649b934ca495991b7852b855	e3b0c44298fc1c149afbf4c8996fb92427ae41e4649b934ca495991b7852b855	2	yes	yes	yes	no	yes	0.230	0.147	yes	-	3	0	0	0,0
pe-conf0.1-zero-S2@n4	S2	pe	fq	--confidence 0.1 --report-zero-counts	0	0	0	0.339	0.236	-	-	bee387cc40f37ef342132aedb437a8faaf5222b5f2f2a6458c8d1a1514126a32	bee387cc40f37ef342132aedb437a8faaf5222b5f2f2a6458c8d1a1514126a32	-	-	-	-	-	-	-	-	e3b0c44298fc1c149afbf4c8996fb92427ae41e4649b934ca495991b7852b855	e3b0c44298fc1c149afbf4c8996fb92427ae41e4649b934ca495991b7852b855	2	yes	yes	yes	no	yes	0.230	0.147	yes	-	4	0	0	0,0,0
pe-conf0.1-zero-S2@n8	S2	pe	fq	--confidence 0.1 --report-zero-counts	0	0	0	0.339	0.228	-	-	bee387cc40f37ef342132aedb437a8faaf5222b5f2f2a6458c8d1a1514126a32	bee387cc40f37ef342132aedb437a8faaf5222b5f2f2a6458c8d1a1514126a32	-	-	-	-	-	-	-	-	e3b0c44298fc1c149afbf4c8996fb92427ae41e4649b934ca495991b7852b855	e3b0c44298fc1c149afbf4c8996fb92427ae41e4649b934ca495991b7852b855	2	yes	yes	yes	no	yes	0.230	0.137	yes	-	8	0	0	0,0,0,0,0,0,0
pe-names-S1@n1	S1	pe	fq	--use-names	0	0	0	0.301	0.248	d5bfe0fe75e1a4cfb92bd653ed9d1107ce4c24e1cb6dd03302ac59a2b0e330d5	d5bfe0fe75e1a4cfb92bd653ed9d1107ce4c24e1cb6dd03302ac59a2b0e330d5	14c3ea3aa2f37f0b9b3ecee9f5073289b73b4245ee3c861d104f5d17d481bba7	14c3ea3aa2f37f0b9b3ecee9f5073289b73b4245ee3c861d104f5d17d481bba7	-	-	-	-	-	-	-	-	e3b0c44298fc1c149afbf4c8996fb92427ae41e4649b934ca495991b7852b855	e3b0c44298fc1c149afbf4c8996fb92427ae41e4649b934ca495991b7852b855	3	yes	yes	yes	no	yes	0.250	0.207	yes	-	1	0	0	-
pe-names-S1@n2	S1	pe	fq	--use-names	0	0	0	0.301	0.265	d5bfe0fe75e1a4cfb92bd653ed9d1107ce4c24e1cb6dd03302ac59a2b0e330d5	d5bfe0fe75e1a4cfb92bd653ed9d1107ce4c24e1cb6dd03302ac59a2b0e330d5	14c3ea3aa2f37f0b9b3ecee9f5073289b73b4245ee3c861d104f5d17d481bba7	14c3ea3aa2f37f0b9b3ecee9f5073289b73b4245ee3c861d104f5d17d481bba7	-	-	-	-	-	-	-	-	e3b0c44298fc1c149afbf4c8996fb92427ae41e4649b934ca495991b7852b855	e3b0c44298fc1c149afbf4c8996fb92427ae41e4649b934ca495991b7852b855	3	yes	yes	yes	no	yes	0.250	0.184	yes	-	2	0	0	0
pe-names-S1@n3	S1	pe	fq	--use-names	0	0	0	0.301	0.245	d5bfe0fe75e1a4cfb92bd653ed9d1107ce4c24e1cb6dd03302ac59a2b0e330d5	d5bfe0fe75e1a4cfb92bd653ed9d1107ce4c24e1cb6dd03302ac59a2b0e330d5	14c3ea3aa2f37f0b9b3ecee9f5073289b73b4245ee3c861d104f5d17d481bba7	14c3ea3aa2f37f0b9b3ecee9f5073289b73b4245ee3c861d104f5d17d481bba7	-	-	-	-	-	-	-	-	e3b0c44298fc1c149afbf4c8996fb92427ae41e4649b934ca495991b7852b855	e3b0c44298fc1c149afbf4c8996fb92427ae41e4649b934ca495991b7852b855	3	yes	yes	yes	no	yes	0.250	0.165	yes	-	3	1	0	0,0
pe-names-S1@n4	S1	pe	fq	--use-names	0	0	0	0.301	0.262	d5bfe0fe75e1a4cfb92bd653ed9d1107ce4c24e1cb6dd03302ac59a2b0e330d5	d5bfe0fe75e1a4cfb92bd653ed9d1107ce4c24e1cb6dd03302ac59a2b0e330d5	14c3ea3aa2f37f0b9b3ecee9f5073289b73b4245ee3c861d104f5d17d481bba7	14c3ea3aa2f37f0b9b3ecee9f5073289b73b4245ee3c861d104f5d17d481bba7	-	-	-	-	-	-	-	-	e3b0c44298fc1c149afbf4c8996fb92427ae41e4649b934ca495991b7852b855	e3b0c44298fc1c149afbf4c8996fb92427ae41e4649b934ca495991b7852b855	3	yes	yes	yes	no	yes	0.250	0.174	yes	-	4	0	0	0,0,0
pe-names-S1@n8	S1	pe	fq	--use-names	0	0	0	0.301	0.245	d5bfe0fe75e1a4cfb92bd653ed9d1107ce4c24e1cb6dd03302ac59a2b0e330d5	d5bfe0fe75e1a4cfb92bd653ed9d1107ce4c24e1cb6dd03302ac59a2b0e330d5	14c3ea3aa2f37f0b9b3ecee9f5073289b73b4245ee3c861d104f5d17d481bba7	14c3ea3aa2f37f0b9b3ecee9f5073289b73b4245ee3c861d104f5d17d481bba7	-	-	-	-	-	-	-	-	e3b0c44298fc1c149afbf4c8996fb92427ae41e4649b934ca495991b7852b855	e3b0c44298fc1c149afbf4c8996fb92427ae41e4649b934ca495991b7852b855	3	yes	yes	yes	no	yes	0.250	0.157	yes	-	8	0	0	0,0,0,0,0,0,0
se-names-conf0.5-S3@n1	S3	se	fq	--use-names --confidence 0.5	0	0	0	0.235	0.208	8bceaeb9ce290bd683a7afe275fd935b9574f2584381d9dfdb9e53d0cbc25589	8bceaeb9ce290bd683a7afe275fd935b9574f2584381d9dfdb9e53d0cbc25589	b4d8d57005a26f723878e405294116f23570ed7a2198c34928614627b8332979	b4d8d57005a26f723878e405294116f23570ed7a2198c34928614627b8332979	-	-	-	-	-	-	-	-	e3b0c44298fc1c149afbf4c8996fb92427ae41e4649b934ca495991b7852b855	e3b0c44298fc1c149afbf4c8996fb92427ae41e4649b934ca495991b7852b855	3	yes	yes	yes	no	yes	0.190	0.169	yes	-	1	0	0	-
se-names-conf0.5-S3@n2	S3	se	fq	--use-names --confidence 0.5	0	0	0	0.235	0.149	8bceaeb9ce290bd683a7afe275fd935b9574f2584381d9dfdb9e53d0cbc25589	8bceaeb9ce290bd683a7afe275fd935b9574f2584381d9dfdb9e53d0cbc25589	b4d8d57005a26f723878e405294116f23570ed7a2198c34928614627b8332979	b4d8d57005a26f723878e405294116f23570ed7a2198c34928614627b8332979	-	-	-	-	-	-	-	-	e3b0c44298fc1c149afbf4c8996fb92427ae41e4649b934ca495991b7852b855	e3b0c44298fc1c149afbf4c8996fb92427ae41e4649b934ca495991b7852b855	3	yes	yes	yes	no	yes	0.190	0.119	yes	-	2	0	0	0
se-names-conf0.5-S3@n3	S3	se	fq	--use-names --confidence 0.5	0	0	0	0.235	0.200	8bceaeb9ce290bd683a7afe275fd935b9574f2584381d9dfdb9e53d0cbc25589	8bceaeb9ce290bd683a7afe275fd935b9574f2584381d9dfdb9e53d0cbc25589	b4d8d57005a26f723878e405294116f23570ed7a2198c34928614627b8332979	b4d8d57005a26f723878e405294116f23570ed7a2198c34928614627b8332979	-	-	-	-	-	-	-	-	e3b0c44298fc1c149afbf4c8996fb92427ae41e4649b934ca495991b7852b855	e3b0c44298fc1c149afbf4c8996fb92427ae41e4649b934ca495991b7852b855	3	yes	yes	yes	no	yes	0.190	0.114	yes	-	3	0	0	0,0
se-names-conf0.5-S3@n4	S3	se	fq	--use-names --confidence 0.5	0	0	0	0.235	0.200	8bceaeb9ce290bd683a7afe275fd935b9574f2584381d9dfdb9e53d0cbc25589	8bceaeb9ce290bd683a7afe275fd935b9574f2584381d9dfdb9e53d0cbc25589	b4d8d57005a26f723878e405294116f23570ed7a2198c34928614627b8332979	b4d8d57005a26f723878e405294116f23570ed7a2198c34928614627b8332979	-	-	-	-	-	-	-	-	e3b0c44298fc1c149afbf4c8996fb92427ae41e4649b934ca495991b7852b855	e3b0c44298fc1c149afbf4c8996fb92427ae41e4649b934ca495991b7852b855	3	yes	yes	yes	no	yes	0.190	0.112	yes	-	4	0	0	0,0,0
se-names-conf0.5-S3@n8	S3	se	fq	--use-names --confidence 0.5	0	0	0	0.235	0.196	8bceaeb9ce290bd683a7afe275fd935b9574f2584381d9dfdb9e53d0cbc25589	8bceaeb9ce290bd683a7afe275fd935b9574f2584381d9dfdb9e53d0cbc25589	b4d8d57005a26f723878e405294116f23570ed7a2198c34928614627b8332979	b4d8d57005a26f723878e405294116f23570ed7a2198c34928614627b8332979	-	-	-	-	-	-	-	-	e3b0c44298fc1c149afbf4c8996fb92427ae41e4649b934ca495991b7852b855	e3b0c44298fc1c149afbf4c8996fb92427ae41e4649b934ca495991b7852b855	3	yes	yes	yes	no	yes	0.190	0.109	yes	-	8	0	0	0,0,0,0,0,0,0
se-q20-S1@n1	S1	se	fq	--minimum-base-quality 20	0	0	0	0.169	0.166	9cedeb5c56b1fa9e686737b8d599bce15b07faac4d9b4e123c9255ab5dd151ed	9cedeb5c56b1fa9e686737b8d599bce15b07faac4d9b4e123c9255ab5dd151ed	b23e5b46fc58a0accb081d4c16db0b53944af0ffb9177eadbacbd281feac81d7	b23e5b46fc58a0accb081d4c16db0b53944af0ffb9177eadbacbd281feac81d7	cb3dbf15c2ff55780f542289675992b7367a967500afa30c707ec8a68816cd4c	cb3dbf15c2ff55780f542289675992b7367a967500afa30c707ec8a68816cd4c	-	-	da010e897a9ad482ce55a9f669ed75acfb4a3df077bf8735eb569a470c89acf3	da010e897a9ad482ce55a9f669ed75acfb4a3df077bf8735eb569a470c89acf3	-	-	e3b0c44298fc1c149afbf4c8996fb92427ae41e4649b934ca495991b7852b855	e3b0c44298fc1c149afbf4c8996fb92427ae41e4649b934ca495991b7852b855	5	yes	yes	yes	no	yes	0.122	0.126	yes	-	1	0	0	-
se-q20-S1@n2	S1	se	fq	--minimum-base-quality 20	0	0	0	0.169	0.191	9cedeb5c56b1fa9e686737b8d599bce15b07faac4d9b4e123c9255ab5dd151ed	9cedeb5c56b1fa9e686737b8d599bce15b07faac4d9b4e123c9255ab5dd151ed	b23e5b46fc58a0accb081d4c16db0b53944af0ffb9177eadbacbd281feac81d7	b23e5b46fc58a0accb081d4c16db0b53944af0ffb9177eadbacbd281feac81d7	cb3dbf15c2ff55780f542289675992b7367a967500afa30c707ec8a68816cd4c	cb3dbf15c2ff55780f542289675992b7367a967500afa30c707ec8a68816cd4c	-	-	da010e897a9ad482ce55a9f669ed75acfb4a3df077bf8735eb569a470c89acf3	da010e897a9ad482ce55a9f669ed75acfb4a3df077bf8735eb569a470c89acf3	-	-	e3b0c44298fc1c149afbf4c8996fb92427ae41e4649b934ca495991b7852b855	e3b0c44298fc1c149afbf4c8996fb92427ae41e4649b934ca495991b7852b855	5	yes	yes	yes	no	yes	0.122	0.107	yes	-	2	0	0	0
se-q20-S1@n3	S1	se	fq	--minimum-base-quality 20	0	0	0	0.169	0.180	9cedeb5c56b1fa9e686737b8d599bce15b07faac4d9b4e123c9255ab5dd151ed	9cedeb5c56b1fa9e686737b8d599bce15b07faac4d9b4e123c9255ab5dd151ed	b23e5b46fc58a0accb081d4c16db0b53944af0ffb9177eadbacbd281feac81d7	b23e5b46fc58a0accb081d4c16db0b53944af0ffb9177eadbacbd281feac81d7	cb3dbf15c2ff55780f542289675992b7367a967500afa30c707ec8a68816cd4c	cb3dbf15c2ff55780f542289675992b7367a967500afa30c707ec8a68816cd4c	-	-	da010e897a9ad482ce55a9f669ed75acfb4a3df077bf8735eb569a470c89acf3	da010e897a9ad482ce55a9f669ed75acfb4a3df077bf8735eb569a470c89acf3	-	-	e3b0c44298fc1c149afbf4c8996fb92427ae41e4649b934ca495991b7852b855	e3b0c44298fc1c149afbf4c8996fb92427ae41e4649b934ca495991b7852b855	5	yes	yes	yes	no	yes	0.122	0.098	yes	-	3	0	0	0,0
se-q20-S1@n4	S1	se	fq	--minimum-base-quality 20	0	0	0	0.169	0.182	9cedeb5c56b1fa9e686737b8d599bce15b07faac4d9b4e123c9255ab5dd151ed	9cedeb5c56b1fa9e686737b8d599bce15b07faac4d9b4e123c9255ab5dd151ed	b23e5b46fc58a0accb081d4c16db0b53944af0ffb9177eadbacbd281feac81d7	b23e5b46fc58a0accb081d4c16db0b53944af0ffb9177eadbacbd281feac81d7	cb3dbf15c2ff55780f542289675992b7367a967500afa30c707ec8a68816cd4c	cb3dbf15c2ff55780f542289675992b7367a967500afa30c707ec8a68816cd4c	-	-	da010e897a9ad482ce55a9f669ed75acfb4a3df077bf8735eb569a470c89acf3	da010e897a9ad482ce55a9f669ed75acfb4a3df077bf8735eb569a470c89acf3	-	-	e3b0c44298fc1c149afbf4c8996fb92427ae41e4649b934ca495991b7852b855	e3b0c44298fc1c149afbf4c8996fb92427ae41e4649b934ca495991b7852b855	5	yes	yes	yes	no	yes	0.122	0.095	yes	-	4	0	0	0,0,0
se-q20-S1@n8	S1	se	fq	--minimum-base-quality 20	0	0	0	0.169	0.179	9cedeb5c56b1fa9e686737b8d599bce15b07faac4d9b4e123c9255ab5dd151ed	9cedeb5c56b1fa9e686737b8d599bce15b07faac4d9b4e123c9255ab5dd151ed	b23e5b46fc58a0accb081d4c16db0b53944af0ffb9177eadbacbd281feac81d7	b23e5b46fc58a0accb081d4c16db0b53944af0ffb9177eadbacbd281feac81d7	cb3dbf15c2ff55780f542289675992b7367a967500afa30c707ec8a68816cd4c	cb3dbf15c2ff55780f542289675992b7367a967500afa30c707ec8a68816cd4c	-	-	da010e897a9ad482ce55a9f669ed75acfb4a3df077bf8735eb569a470c89acf3	da010e897a9ad482ce55a9f669ed75acfb4a3df077bf8735eb569a470c89acf3	-	-	e3b0c44298fc1c149afbf4c8996fb92427ae41e4649b934ca495991b7852b855	e3b0c44298fc1c149afbf4c8996fb92427ae41e4649b934ca495991b7852b855	5	yes	yes	yes	no	yes	0.122	0.094	yes	-	8	0	0	0,0,0,0,0,0,0
pe-q20-gz-S2@n1	S2	pe	gz	--minimum-base-quality 20	0	0	0	0.642	0.311	339ce5ad82a601e08280fa109ffe36c986262d6fdae7476439c44d88e833c81e	339ce5ad82a601e08280fa109ffe36c986262d6fdae7476439c44d88e833c81e	1f7a65806fcef7c6e2fc00a8dbafe5cff741499992b1332e3e3ecd56287ff3db	1f7a65806fcef7c6e2fc00a8dbafe5cff741499992b1332e3e3ecd56287ff3db	48482a7a3d27a136de97d84484ad13bfb4956f0a9cd65baacc6077dded2f3558	48482a7a3d27a136de97d84484ad13bfb4956f0a9cd65baacc6077dded2f3558	d6c95d5d2108cf0f48509b145f049568add789c637a9d0f6b2503b0b255e79c9	d6c95d5d2108cf0f48509b145f049568add789c637a9d0f6b2503b0b255e79c9	43ad6cd126fc648140749ceb350b37aacb3e84b101d0922431c96f1e2f2976d2	43ad6cd126fc648140749ceb350b37aacb3e84b101d0922431c96f1e2f2976d2	4357af8196fe960939a2d0d87d971e3eddec829be8068beb1f363378750e839c	4357af8196fe960939a2d0d87d971e3eddec829be8068beb1f363378750e839c	e3b0c44298fc1c149afbf4c8996fb92427ae41e4649b934ca495991b7852b855	e3b0c44298fc1c149afbf4c8996fb92427ae41e4649b934ca495991b7852b855	7	yes	yes	yes	no	yes	0.593	0.270	yes	-	1	0	0	-
pe-q20-gz-S2@n2	S2	pe	gz	--minimum-base-quality 20	0	0	0	0.642	0.334	339ce5ad82a601e08280fa109ffe36c986262d6fdae7476439c44d88e833c81e	339ce5ad82a601e08280fa109ffe36c986262d6fdae7476439c44d88e833c81e	1f7a65806fcef7c6e2fc00a8dbafe5cff741499992b1332e3e3ecd56287ff3db	1f7a65806fcef7c6e2fc00a8dbafe5cff741499992b1332e3e3ecd56287ff3db	48482a7a3d27a136de97d84484ad13bfb4956f0a9cd65baacc6077dded2f3558	48482a7a3d27a136de97d84484ad13bfb4956f0a9cd65baacc6077dded2f3558	d6c95d5d2108cf0f48509b145f049568add789c637a9d0f6b2503b0b255e79c9	d6c95d5d2108cf0f48509b145f049568add789c637a9d0f6b2503b0b255e79c9	43ad6cd126fc648140749ceb350b37aacb3e84b101d0922431c96f1e2f2976d2	43ad6cd126fc648140749ceb350b37aacb3e84b101d0922431c96f1e2f2976d2	4357af8196fe960939a2d0d87d971e3eddec829be8068beb1f363378750e839c	4357af8196fe960939a2d0d87d971e3eddec829be8068beb1f363378750e839c	e3b0c44298fc1c149afbf4c8996fb92427ae41e4649b934ca495991b7852b855	e3b0c44298fc1c149afbf4c8996fb92427ae41e4649b934ca495991b7852b855	7	yes	yes	yes	no	yes	0.593	0.249	yes	-	2	0	0	0
pe-q20-gz-S2@n3	S2	pe	gz	--minimum-base-quality 20	0	0	0	0.642	0.326	339ce5ad82a601e08280fa109ffe36c986262d6fdae7476439c44d88e833c81e	339ce5ad82a601e08280fa109ffe36c986262d6fdae7476439c44d88e833c81e	1f7a65806fcef7c6e2fc00a8dbafe5cff741499992b1332e3e3ecd56287ff3db	1f7a65806fcef7c6e2fc00a8dbafe5cff741499992b1332e3e3ecd56287ff3db	48482a7a3d27a136de97d84484ad13bfb4956f0a9cd65baacc6077dded2f3558	48482a7a3d27a136de97d84484ad13bfb4956f0a9cd65baacc6077dded2f3558	d6c95d5d2108cf0f48509b145f049568add789c637a9d0f6b2503b0b255e79c9	d6c95d5d2108cf0f48509b145f049568add789c637a9d0f6b2503b0b255e79c9	43ad6cd126fc648140749ceb350b37aacb3e84b101d0922431c96f1e2f2976d2	43ad6cd126fc648140749ceb350b37aacb3e84b101d0922431c96f1e2f2976d2	4357af8196fe960939a2d0d87d971e3eddec829be8068beb1f363378750e839c	4357af8196fe960939a2d0d87d971e3eddec829be8068beb1f363378750e839c	e3b0c44298fc1c149afbf4c8996fb92427ae41e4649b934ca495991b7852b855	e3b0c44298fc1c149afbf4c8996fb92427ae41e4649b934ca495991b7852b855	7	yes	yes	yes	no	yes	0.593	0.244	yes	-	3	0	0	0,0
pe-q20-gz-S2@n4	S2	pe	gz	--minimum-base-quality 20	0	0	0	0.642	0.323	339ce5ad82a601e08280fa109ffe36c986262d6fdae7476439c44d88e833c81e	339ce5ad82a601e08280fa109ffe36c986262d6fdae7476439c44d88e833c81e	1f7a65806fcef7c6e2fc00a8dbafe5cff741499992b1332e3e3ecd56287ff3db	1f7a65806fcef7c6e2fc00a8dbafe5cff741499992b1332e3e3ecd56287ff3db	48482a7a3d27a136de97d84484ad13bfb4956f0a9cd65baacc6077dded2f3558	48482a7a3d27a136de97d84484ad13bfb4956f0a9cd65baacc6077dded2f3558	d6c95d5d2108cf0f48509b145f049568add789c637a9d0f6b2503b0b255e79c9	d6c95d5d2108cf0f48509b145f049568add789c637a9d0f6b2503b0b255e79c9	43ad6cd126fc648140749ceb350b37aacb3e84b101d0922431c96f1e2f2976d2	43ad6cd126fc648140749ceb350b37aacb3e84b101d0922431c96f1e2f2976d2	4357af8196fe960939a2d0d87d971e3eddec829be8068beb1f363378750e839c	4357af8196fe960939a2d0d87d971e3eddec829be8068beb1f363378750e839c	e3b0c44298fc1c149afbf4c8996fb92427ae41e4649b934ca495991b7852b855	e3b0c44298fc1c149afbf4c8996fb92427ae41e4649b934ca495991b7852b855	7	yes	yes	yes	no	yes	0.593	0.236	yes	-	4	0	0	0,0,0
pe-q20-gz-S2@n8	S2	pe	gz	--minimum-base-quality 20	0	0	0	0.642	0.389	339ce5ad82a601e08280fa109ffe36c986262d6fdae7476439c44d88e833c81e	339ce5ad82a601e08280fa109ffe36c986262d6fdae7476439c44d88e833c81e	1f7a65806fcef7c6e2fc00a8dbafe5cff741499992b1332e3e3ecd56287ff3db	1f7a65806fcef7c6e2fc00a8dbafe5cff741499992b1332e3e3ecd56287ff3db	48482a7a3d27a136de97d84484ad13bfb4956f0a9cd65baacc6077dded2f3558	48482a7a3d27a136de97d84484ad13bfb4956f0a9cd65baacc6077dded2f3558	d6c95d5d2108cf0f48509b145f049568add789c637a9d0f6b2503b0b255e79c9	d6c95d5d2108cf0f48509b145f049568add789c637a9d0f6b2503b0b255e79c9	43ad6cd126fc648140749ceb350b37aacb3e84b101d0922431c96f1e2f2976d2	43ad6cd126fc648140749ceb350b37aacb3e84b101d0922431c96f1e2f2976d2	4357af8196fe960939a2d0d87d971e3eddec829be8068beb1f363378750e839c	4357af8196fe960939a2d0d87d971e3eddec829be8068beb1f363378750e839c	e3b0c44298fc1c149afbf4c8996fb92427ae41e4649b934ca495991b7852b855	e3b0c44298fc1c149afbf4c8996fb92427ae41e4649b934ca495991b7852b855	7	yes	yes	yes	no	yes	0.593	0.300	yes	-	8	0	0	0,0,0,0,0,0,0
pe-mmap-S1@n1	S1	pe	fq	--memory-mapping	0	0	0	0.305	0.258	bebbf3380833d5da28c6a6dce448303048d70fb295acc72b85b7dcb11e2c5c0f	bebbf3380833d5da28c6a6dce448303048d70fb295acc72b85b7dcb11e2c5c0f	14c3ea3aa2f37f0b9b3ecee9f5073289b73b4245ee3c861d104f5d17d481bba7	14c3ea3aa2f37f0b9b3ecee9f5073289b73b4245ee3c861d104f5d17d481bba7	15029537e2f044acdd4e9669a526f0e2daefc10e854fab7766f0bd0e6e890b7e	15029537e2f044acdd4e9669a526f0e2daefc10e854fab7766f0bd0e6e890b7e	ff14da7e23ef4894d072aaa05faae67251074cf25f5e413a3b11f36e8012290f	ff14da7e23ef4894d072aaa05faae67251074cf25f5e413a3b11f36e8012290f	bf883ecd6026c3e1dbfc0ae9cd8f0b490bd77bb8f932d7f72cf2b3b9fc4e52e3	bf883ecd6026c3e1dbfc0ae9cd8f0b490bd77bb8f932d7f72cf2b3b9fc4e52e3	241e14d711f6173eacc3c1f196df563165b6879a88abb996d243fbe6711ca266	241e14d711f6173eacc3c1f196df563165b6879a88abb996d243fbe6711ca266	e3b0c44298fc1c149afbf4c8996fb92427ae41e4649b934ca495991b7852b855	e3b0c44298fc1c149afbf4c8996fb92427ae41e4649b934ca495991b7852b855	7	yes	yes	yes	no	yes	0.268	0.216	yes	-	1	0	0	-
pe-mmap-S1@n2	S1	pe	fq	--memory-mapping	0	0	0	0.305	0.288	bebbf3380833d5da28c6a6dce448303048d70fb295acc72b85b7dcb11e2c5c0f	bebbf3380833d5da28c6a6dce448303048d70fb295acc72b85b7dcb11e2c5c0f	14c3ea3aa2f37f0b9b3ecee9f5073289b73b4245ee3c861d104f5d17d481bba7	14c3ea3aa2f37f0b9b3ecee9f5073289b73b4245ee3c861d104f5d17d481bba7	15029537e2f044acdd4e9669a526f0e2daefc10e854fab7766f0bd0e6e890b7e	15029537e2f044acdd4e9669a526f0e2daefc10e854fab7766f0bd0e6e890b7e	ff14da7e23ef4894d072aaa05faae67251074cf25f5e413a3b11f36e8012290f	ff14da7e23ef4894d072aaa05faae67251074cf25f5e413a3b11f36e8012290f	bf883ecd6026c3e1dbfc0ae9cd8f0b490bd77bb8f932d7f72cf2b3b9fc4e52e3	bf883ecd6026c3e1dbfc0ae9cd8f0b490bd77bb8f932d7f72cf2b3b9fc4e52e3	241e14d711f6173eacc3c1f196df563165b6879a88abb996d243fbe6711ca266	241e14d711f6173eacc3c1f196df563165b6879a88abb996d243fbe6711ca266	e3b0c44298fc1c149afbf4c8996fb92427ae41e4649b934ca495991b7852b855	e3b0c44298fc1c149afbf4c8996fb92427ae41e4649b934ca495991b7852b855	7	yes	yes	yes	no	yes	0.268	0.200	yes	-	2	0	0	0
pe-mmap-S1@n3	S1	pe	fq	--memory-mapping	0	0	0	0.305	0.275	bebbf3380833d5da28c6a6dce448303048d70fb295acc72b85b7dcb11e2c5c0f	bebbf3380833d5da28c6a6dce448303048d70fb295acc72b85b7dcb11e2c5c0f	14c3ea3aa2f37f0b9b3ecee9f5073289b73b4245ee3c861d104f5d17d481bba7	14c3ea3aa2f37f0b9b3ecee9f5073289b73b4245ee3c861d104f5d17d481bba7	15029537e2f044acdd4e9669a526f0e2daefc10e854fab7766f0bd0e6e890b7e	15029537e2f044acdd4e9669a526f0e2daefc10e854fab7766f0bd0e6e890b7e	ff14da7e23ef4894d072aaa05faae67251074cf25f5e413a3b11f36e8012290f	ff14da7e23ef4894d072aaa05faae67251074cf25f5e413a3b11f36e8012290f	bf883ecd6026c3e1dbfc0ae9cd8f0b490bd77bb8f932d7f72cf2b3b9fc4e52e3	bf883ecd6026c3e1dbfc0ae9cd8f0b490bd77bb8f932d7f72cf2b3b9fc4e52e3	241e14d711f6173eacc3c1f196df563165b6879a88abb996d243fbe6711ca266	241e14d711f6173eacc3c1f196df563165b6879a88abb996d243fbe6711ca266	e3b0c44298fc1c149afbf4c8996fb92427ae41e4649b934ca495991b7852b855	e3b0c44298fc1c149afbf4c8996fb92427ae41e4649b934ca495991b7852b855	7	yes	yes	yes	no	yes	0.268	0.196	yes	-	3	1	0	0,0
pe-mmap-S1@n4	S1	pe	fq	--memory-mapping	0	0	0	0.305	0.272	bebbf3380833d5da28c6a6dce448303048d70fb295acc72b85b7dcb11e2c5c0f	bebbf3380833d5da28c6a6dce448303048d70fb295acc72b85b7dcb11e2c5c0f	14c3ea3aa2f37f0b9b3ecee9f5073289b73b4245ee3c861d104f5d17d481bba7	14c3ea3aa2f37f0b9b3ecee9f5073289b73b4245ee3c861d104f5d17d481bba7	15029537e2f044acdd4e9669a526f0e2daefc10e854fab7766f0bd0e6e890b7e	15029537e2f044acdd4e9669a526f0e2daefc10e854fab7766f0bd0e6e890b7e	ff14da7e23ef4894d072aaa05faae67251074cf25f5e413a3b11f36e8012290f	ff14da7e23ef4894d072aaa05faae67251074cf25f5e413a3b11f36e8012290f	bf883ecd6026c3e1dbfc0ae9cd8f0b490bd77bb8f932d7f72cf2b3b9fc4e52e3	bf883ecd6026c3e1dbfc0ae9cd8f0b490bd77bb8f932d7f72cf2b3b9fc4e52e3	241e14d711f6173eacc3c1f196df563165b6879a88abb996d243fbe6711ca266	241e14d711f6173eacc3c1f196df563165b6879a88abb996d243fbe6711ca266	e3b0c44298fc1c149afbf4c8996fb92427ae41e4649b934ca495991b7852b855	e3b0c44298fc1c149afbf4c8996fb92427ae41e4649b934ca495991b7852b855	7	yes	yes	yes	no	yes	0.268	0.184	yes	-	4	0	0	0,0,0
pe-mmap-S1@n8	S1	pe	fq	--memory-mapping	0	0	0	0.305	0.266	bebbf3380833d5da28c6a6dce448303048d70fb295acc72b85b7dcb11e2c5c0f	bebbf3380833d5da28c6a6dce448303048d70fb295acc72b85b7dcb11e2c5c0f	14c3ea3aa2f37f0b9b3ecee9f5073289b73b4245ee3c861d104f5d17d481bba7	14c3ea3aa2f37f0b9b3ecee9f5073289b73b4245ee3c861d104f5d17d481bba7	15029537e2f044acdd4e9669a526f0e2daefc10e854fab7766f0bd0e6e890b7e	15029537e2f044acdd4e9669a526f0e2daefc10e854fab7766f0bd0e6e890b7e	ff14da7e23ef4894d072aaa05faae67251074cf25f5e413a3b11f36e8012290f	ff14da7e23ef4894d072aaa05faae67251074cf25f5e413a3b11f36e8012290f	bf883ecd6026c3e1dbfc0ae9cd8f0b490bd77bb8f932d7f72cf2b3b9fc4e52e3	bf883ecd6026c3e1dbfc0ae9cd8f0b490bd77bb8f932d7f72cf2b3b9fc4e52e3	241e14d711f6173eacc3c1f196df563165b6879a88abb996d243fbe6711ca266	241e14d711f6173eacc3c1f196df563165b6879a88abb996d243fbe6711ca266	e3b0c44298fc1c149afbf4c8996fb92427ae41e4649b934ca495991b7852b855	e3b0c44298fc1c149afbf4c8996fb92427ae41e4649b934ca495991b7852b855	7	yes	yes	yes	no	yes	0.268	0.179	yes	-	8	0	0	0,0,0,0,0,0,0
se-mmap-t1-S3@n1	S3	se	fq	--memory-mapping --threads 1	0	0	0	0.963	0.589	2dd121e3bac34ae6091c0ac8cbf0a8512cb9c35c6f399f8af11e0f14b9ae97b6	2dd121e3bac34ae6091c0ac8cbf0a8512cb9c35c6f399f8af11e0f14b9ae97b6	af96dfbe74f6ee9ecf9fe52f077628c7c99d2d09960ba0e94bcb11a8e843a3e6	af96dfbe74f6ee9ecf9fe52f077628c7c99d2d09960ba0e94bcb11a8e843a3e6	-	-	-	-	-	-	-	-	e3b0c44298fc1c149afbf4c8996fb92427ae41e4649b934ca495991b7852b855	e3b0c44298fc1c149afbf4c8996fb92427ae41e4649b934ca495991b7852b855	3	yes	yes	yes	no	yes	0.929	0.555	yes	-	1	0	0	-
se-mmap-t1-S3@n2	S3	se	fq	--memory-mapping --threads 1	0	0	0	0.963	0.391	2dd121e3bac34ae6091c0ac8cbf0a8512cb9c35c6f399f8af11e0f14b9ae97b6	2dd121e3bac34ae6091c0ac8cbf0a8512cb9c35c6f399f8af11e0f14b9ae97b6	af96dfbe74f6ee9ecf9fe52f077628c7c99d2d09960ba0e94bcb11a8e843a3e6	af96dfbe74f6ee9ecf9fe52f077628c7c99d2d09960ba0e94bcb11a8e843a3e6	-	-	-	-	-	-	-	-	e3b0c44298fc1c149afbf4c8996fb92427ae41e4649b934ca495991b7852b855	e3b0c44298fc1c149afbf4c8996fb92427ae41e4649b934ca495991b7852b855	3	yes	yes	yes	no	yes	0.929	0.305	yes	-	2	0	0	0
se-mmap-t1-S3@n3	S3	se	fq	--memory-mapping --threads 1	0	0	0	0.963	0.285	2dd121e3bac34ae6091c0ac8cbf0a8512cb9c35c6f399f8af11e0f14b9ae97b6	2dd121e3bac34ae6091c0ac8cbf0a8512cb9c35c6f399f8af11e0f14b9ae97b6	af96dfbe74f6ee9ecf9fe52f077628c7c99d2d09960ba0e94bcb11a8e843a3e6	af96dfbe74f6ee9ecf9fe52f077628c7c99d2d09960ba0e94bcb11a8e843a3e6	-	-	-	-	-	-	-	-	e3b0c44298fc1c149afbf4c8996fb92427ae41e4649b934ca495991b7852b855	e3b0c44298fc1c149afbf4c8996fb92427ae41e4649b934ca495991b7852b855	3	yes	yes	yes	no	yes	0.929	0.201	yes	-	3	0	0	0,0
se-mmap-t1-S3@n4	S3	se	fq	--memory-mapping --threads 1	0	0	0	0.963	0.273	2dd121e3bac34ae6091c0ac8cbf0a8512cb9c35c6f399f8af11e0f14b9ae97b6	2dd121e3bac34ae6091c0ac8cbf0a8512cb9c35c6f399f8af11e0f14b9ae97b6	af96dfbe74f6ee9ecf9fe52f077628c7c99d2d09960ba0e94bcb11a8e843a3e6	af96dfbe74f6ee9ecf9fe52f077628c7c99d2d09960ba0e94bcb11a8e843a3e6	-	-	-	-	-	-	-	-	e3b0c44298fc1c149afbf4c8996fb92427ae41e4649b934ca495991b7852b855	e3b0c44298fc1c149afbf4c8996fb92427ae41e4649b934ca495991b7852b855	3	yes	yes	yes	no	yes	0.929	0.188	yes	-	4	0	0	0,0,0
se-mmap-t1-S3@n8	S3	se	fq	--memory-mapping --threads 1	0	0	0	0.963	0.215	2dd121e3bac34ae6091c0ac8cbf0a8512cb9c35c6f399f8af11e0f14b9ae97b6	2dd121e3bac34ae6091c0ac8cbf0a8512cb9c35c6f399f8af11e0f14b9ae97b6	af96dfbe74f6ee9ecf9fe52f077628c7c99d2d09960ba0e94bcb11a8e843a3e6	af96dfbe74f6ee9ecf9fe52f077628c7c99d2d09960ba0e94bcb11a8e843a3e6	-	-	-	-	-	-	-	-	e3b0c44298fc1c149afbf4c8996fb92427ae41e4649b934ca495991b7852b855	e3b0c44298fc1c149afbf4c8996fb92427ae41e4649b934ca495991b7852b855	3	yes	yes	yes	no	yes	0.929	0.127	yes	-	8	0	0	0,0,0,0,0,0,0
pe-slash-slash@n1	slash	pe	fq	-	0	0	0	0.305	0.255	bebbf3380833d5da28c6a6dce448303048d70fb295acc72b85b7dcb11e2c5c0f	bebbf3380833d5da28c6a6dce448303048d70fb295acc72b85b7dcb11e2c5c0f	14c3ea3aa2f37f0b9b3ecee9f5073289b73b4245ee3c861d104f5d17d481bba7	14c3ea3aa2f37f0b9b3ecee9f5073289b73b4245ee3c861d104f5d17d481bba7	7f44a5b5e314a50d0bd818fc34eb473091bff6567446e78194657127347562ff	7f44a5b5e314a50d0bd818fc34eb473091bff6567446e78194657127347562ff	a6328186ef13ed1faf92c5c5d61728816e791a2af62288c52ac8430da2295e5e	a6328186ef13ed1faf92c5c5d61728816e791a2af62288c52ac8430da2295e5e	cd21e79b30ec318e4a9ad50f5701220ad13146b309cdef26d5164b90fa209b2c	cd21e79b30ec318e4a9ad50f5701220ad13146b309cdef26d5164b90fa209b2c	ea97790c6bde2c92bced8a4ec20eed3550e659faa72ae64424de6d3febf3ce01	ea97790c6bde2c92bced8a4ec20eed3550e659faa72ae64424de6d3febf3ce01	e3b0c44298fc1c149afbf4c8996fb92427ae41e4649b934ca495991b7852b855	e3b0c44298fc1c149afbf4c8996fb92427ae41e4649b934ca495991b7852b855	7	yes	yes	yes	no	yes	0.255	0.214	yes	-	1	0	0	-
pe-slash-slash@n2	slash	pe	fq	-	0	0	0	0.305	0.286	bebbf3380833d5da28c6a6dce448303048d70fb295acc72b85b7dcb11e2c5c0f	bebbf3380833d5da28c6a6dce448303048d70fb295acc72b85b7dcb11e2c5c0f	14c3ea3aa2f37f0b9b3ecee9f5073289b73b4245ee3c861d104f5d17d481bba7	14c3ea3aa2f37f0b9b3ecee9f5073289b73b4245ee3c861d104f5d17d481bba7	7f44a5b5e314a50d0bd818fc34eb473091bff6567446e78194657127347562ff	7f44a5b5e314a50d0bd818fc34eb473091bff6567446e78194657127347562ff	a6328186ef13ed1faf92c5c5d61728816e791a2af62288c52ac8430da2295e5e	a6328186ef13ed1faf92c5c5d61728816e791a2af62288c52ac8430da2295e5e	cd21e79b30ec318e4a9ad50f5701220ad13146b309cdef26d5164b90fa209b2c	cd21e79b30ec318e4a9ad50f5701220ad13146b309cdef26d5164b90fa209b2c	ea97790c6bde2c92bced8a4ec20eed3550e659faa72ae64424de6d3febf3ce01	ea97790c6bde2c92bced8a4ec20eed3550e659faa72ae64424de6d3febf3ce01	e3b0c44298fc1c149afbf4c8996fb92427ae41e4649b934ca495991b7852b855	e3b0c44298fc1c149afbf4c8996fb92427ae41e4649b934ca495991b7852b855	7	yes	yes	yes	no	yes	0.255	0.202	yes	-	2	0	0	0
pe-slash-slash@n3	slash	pe	fq	-	0	0	0	0.305	0.268	bebbf3380833d5da28c6a6dce448303048d70fb295acc72b85b7dcb11e2c5c0f	bebbf3380833d5da28c6a6dce448303048d70fb295acc72b85b7dcb11e2c5c0f	14c3ea3aa2f37f0b9b3ecee9f5073289b73b4245ee3c861d104f5d17d481bba7	14c3ea3aa2f37f0b9b3ecee9f5073289b73b4245ee3c861d104f5d17d481bba7	7f44a5b5e314a50d0bd818fc34eb473091bff6567446e78194657127347562ff	7f44a5b5e314a50d0bd818fc34eb473091bff6567446e78194657127347562ff	a6328186ef13ed1faf92c5c5d61728816e791a2af62288c52ac8430da2295e5e	a6328186ef13ed1faf92c5c5d61728816e791a2af62288c52ac8430da2295e5e	cd21e79b30ec318e4a9ad50f5701220ad13146b309cdef26d5164b90fa209b2c	cd21e79b30ec318e4a9ad50f5701220ad13146b309cdef26d5164b90fa209b2c	ea97790c6bde2c92bced8a4ec20eed3550e659faa72ae64424de6d3febf3ce01	ea97790c6bde2c92bced8a4ec20eed3550e659faa72ae64424de6d3febf3ce01	e3b0c44298fc1c149afbf4c8996fb92427ae41e4649b934ca495991b7852b855	e3b0c44298fc1c149afbf4c8996fb92427ae41e4649b934ca495991b7852b855	7	yes	yes	yes	no	yes	0.255	0.180	yes	-	3	1	0	0,0
pe-slash-slash@n4	slash	pe	fq	-	0	0	0	0.305	0.268	bebbf3380833d5da28c6a6dce448303048d70fb295acc72b85b7dcb11e2c5c0f	bebbf3380833d5da28c6a6dce448303048d70fb295acc72b85b7dcb11e2c5c0f	14c3ea3aa2f37f0b9b3ecee9f5073289b73b4245ee3c861d104f5d17d481bba7	14c3ea3aa2f37f0b9b3ecee9f5073289b73b4245ee3c861d104f5d17d481bba7	7f44a5b5e314a50d0bd818fc34eb473091bff6567446e78194657127347562ff	7f44a5b5e314a50d0bd818fc34eb473091bff6567446e78194657127347562ff	a6328186ef13ed1faf92c5c5d61728816e791a2af62288c52ac8430da2295e5e	a6328186ef13ed1faf92c5c5d61728816e791a2af62288c52ac8430da2295e5e	cd21e79b30ec318e4a9ad50f5701220ad13146b309cdef26d5164b90fa209b2c	cd21e79b30ec318e4a9ad50f5701220ad13146b309cdef26d5164b90fa209b2c	ea97790c6bde2c92bced8a4ec20eed3550e659faa72ae64424de6d3febf3ce01	ea97790c6bde2c92bced8a4ec20eed3550e659faa72ae64424de6d3febf3ce01	e3b0c44298fc1c149afbf4c8996fb92427ae41e4649b934ca495991b7852b855	e3b0c44298fc1c149afbf4c8996fb92427ae41e4649b934ca495991b7852b855	7	yes	yes	yes	no	yes	0.255	0.178	yes	-	4	0	0	0,0,0
pe-slash-slash@n8	slash	pe	fq	-	0	0	0	0.305	0.260	bebbf3380833d5da28c6a6dce448303048d70fb295acc72b85b7dcb11e2c5c0f	bebbf3380833d5da28c6a6dce448303048d70fb295acc72b85b7dcb11e2c5c0f	14c3ea3aa2f37f0b9b3ecee9f5073289b73b4245ee3c861d104f5d17d481bba7	14c3ea3aa2f37f0b9b3ecee9f5073289b73b4245ee3c861d104f5d17d481bba7	7f44a5b5e314a50d0bd818fc34eb473091bff6567446e78194657127347562ff	7f44a5b5e314a50d0bd818fc34eb473091bff6567446e78194657127347562ff	a6328186ef13ed1faf92c5c5d61728816e791a2af62288c52ac8430da2295e5e	a6328186ef13ed1faf92c5c5d61728816e791a2af62288c52ac8430da2295e5e	cd21e79b30ec318e4a9ad50f5701220ad13146b309cdef26d5164b90fa209b2c	cd21e79b30ec318e4a9ad50f5701220ad13146b309cdef26d5164b90fa209b2c	ea97790c6bde2c92bced8a4ec20eed3550e659faa72ae64424de6d3febf3ce01	ea97790c6bde2c92bced8a4ec20eed3550e659faa72ae64424de6d3febf3ce01	e3b0c44298fc1c149afbf4c8996fb92427ae41e4649b934ca495991b7852b855	e3b0c44298fc1c149afbf4c8996fb92427ae41e4649b934ca495991b7852b855	7	yes	yes	yes	no	yes	0.255	0.173	yes	-	8	0	0	0,0,0,0,0,0,0
se-slash-slash@n1	slash	se	fq	-	0	0	0	0.177	0.168	a0a97519554d0bf445bb8b470804fb13973157630381a7055f38555907b4b3d0	a0a97519554d0bf445bb8b470804fb13973157630381a7055f38555907b4b3d0	-	-	c2d608a638e0e6d51a9e975383a6170571586c439c302404acc354d095560cd3	c2d608a638e0e6d51a9e975383a6170571586c439c302404acc354d095560cd3	-	-	b500693e0dc59e7d90f952d931959a0fee1369c44971d33a5e70df1230730143	b500693e0dc59e7d90f952d931959a0fee1369c44971d33a5e70df1230730143	-	-	e3b0c44298fc1c149afbf4c8996fb92427ae41e4649b934ca495991b7852b855	e3b0c44298fc1c149afbf4c8996fb92427ae41e4649b934ca495991b7852b855	4	yes	yes	yes	no	yes	0.131	0.130	yes	-	1	0	0	-
se-slash-slash@n2	slash	se	fq	-	0	0	0	0.177	0.137	a0a97519554d0bf445bb8b470804fb13973157630381a7055f38555907b4b3d0	a0a97519554d0bf445bb8b470804fb13973157630381a7055f38555907b4b3d0	-	-	c2d608a638e0e6d51a9e975383a6170571586c439c302404acc354d095560cd3	c2d608a638e0e6d51a9e975383a6170571586c439c302404acc354d095560cd3	-	-	b500693e0dc59e7d90f952d931959a0fee1369c44971d33a5e70df1230730143	b500693e0dc59e7d90f952d931959a0fee1369c44971d33a5e70df1230730143	-	-	e3b0c44298fc1c149afbf4c8996fb92427ae41e4649b934ca495991b7852b855	e3b0c44298fc1c149afbf4c8996fb92427ae41e4649b934ca495991b7852b855	4	yes	yes	yes	no	yes	0.131	0.108	yes	-	2	0	0	0
se-slash-slash@n3	slash	se	fq	-	0	0	0	0.177	0.188	a0a97519554d0bf445bb8b470804fb13973157630381a7055f38555907b4b3d0	a0a97519554d0bf445bb8b470804fb13973157630381a7055f38555907b4b3d0	-	-	c2d608a638e0e6d51a9e975383a6170571586c439c302404acc354d095560cd3	c2d608a638e0e6d51a9e975383a6170571586c439c302404acc354d095560cd3	-	-	b500693e0dc59e7d90f952d931959a0fee1369c44971d33a5e70df1230730143	b500693e0dc59e7d90f952d931959a0fee1369c44971d33a5e70df1230730143	-	-	e3b0c44298fc1c149afbf4c8996fb92427ae41e4649b934ca495991b7852b855	e3b0c44298fc1c149afbf4c8996fb92427ae41e4649b934ca495991b7852b855	4	yes	yes	yes	no	yes	0.131	0.103	yes	-	3	0	0	0,0
se-slash-slash@n4	slash	se	fq	-	0	0	0	0.177	0.189	a0a97519554d0bf445bb8b470804fb13973157630381a7055f38555907b4b3d0	a0a97519554d0bf445bb8b470804fb13973157630381a7055f38555907b4b3d0	-	-	c2d608a638e0e6d51a9e975383a6170571586c439c302404acc354d095560cd3	c2d608a638e0e6d51a9e975383a6170571586c439c302404acc354d095560cd3	-	-	b500693e0dc59e7d90f952d931959a0fee1369c44971d33a5e70df1230730143	b500693e0dc59e7d90f952d931959a0fee1369c44971d33a5e70df1230730143	-	-	e3b0c44298fc1c149afbf4c8996fb92427ae41e4649b934ca495991b7852b855	e3b0c44298fc1c149afbf4c8996fb92427ae41e4649b934ca495991b7852b855	4	yes	yes	yes	no	yes	0.131	0.102	yes	-	4	0	0	0,0,0
se-slash-slash@n8	slash	se	fq	-	0	0	0	0.177	0.182	a0a97519554d0bf445bb8b470804fb13973157630381a7055f38555907b4b3d0	a0a97519554d0bf445bb8b470804fb13973157630381a7055f38555907b4b3d0	-	-	c2d608a638e0e6d51a9e975383a6170571586c439c302404acc354d095560cd3	c2d608a638e0e6d51a9e975383a6170571586c439c302404acc354d095560cd3	-	-	b500693e0dc59e7d90f952d931959a0fee1369c44971d33a5e70df1230730143	b500693e0dc59e7d90f952d931959a0fee1369c44971d33a5e70df1230730143	-	-	e3b0c44298fc1c149afbf4c8996fb92427ae41e4649b934ca495991b7852b855	e3b0c44298fc1c149afbf4c8996fb92427ae41e4649b934ca495991b7852b855	4	yes	yes	yes	no	yes	0.131	0.095	yes	-	8	0	0	0,0,0,0,0,0,0
se-short-short@n1	short	se	fq	-	0	0	0	0.162	0.132	0d4d9695e1fa29f52f1ccc56c7461c4a861e21b704d8db89d525a96a5a1140e0	0d4d9695e1fa29f52f1ccc56c7461c4a861e21b704d8db89d525a96a5a1140e0	41c7cb5a12431a157878c72b2011ecd99736b877f9aa5142c831ba9585df1baa	41c7cb5a12431a157878c72b2011ecd99736b877f9aa5142c831ba9585df1baa	a688621efb2fcefe52c985baea1407ad275dddd1aab1901962ae128fdbebe534	a688621efb2fcefe52c985baea1407ad275dddd1aab1901962ae128fdbebe534	-	-	76c66c076fb18984b9252de44ba21a7eac82e8e5a11fab62bf49493e24b95b00	76c66c076fb18984b9252de44ba21a7eac82e8e5a11fab62bf49493e24b95b00	-	-	e3b0c44298fc1c149afbf4c8996fb92427ae41e4649b934ca495991b7852b855	e3b0c44298fc1c149afbf4c8996fb92427ae41e4649b934ca495991b7852b855	5	yes	yes	yes	no	yes	0.115	0.095	yes	-	1	0	0	-
se-short-short@n2	short	se	fq	-	0	0	0	0.162	0.167	0d4d9695e1fa29f52f1ccc56c7461c4a861e21b704d8db89d525a96a5a1140e0	0d4d9695e1fa29f52f1ccc56c7461c4a861e21b704d8db89d525a96a5a1140e0	41c7cb5a12431a157878c72b2011ecd99736b877f9aa5142c831ba9585df1baa	41c7cb5a12431a157878c72b2011ecd99736b877f9aa5142c831ba9585df1baa	a688621efb2fcefe52c985baea1407ad275dddd1aab1901962ae128fdbebe534	a688621efb2fcefe52c985baea1407ad275dddd1aab1901962ae128fdbebe534	-	-	76c66c076fb18984b9252de44ba21a7eac82e8e5a11fab62bf49493e24b95b00	76c66c076fb18984b9252de44ba21a7eac82e8e5a11fab62bf49493e24b95b00	-	-	e3b0c44298fc1c149afbf4c8996fb92427ae41e4649b934ca495991b7852b855	e3b0c44298fc1c149afbf4c8996fb92427ae41e4649b934ca495991b7852b855	5	yes	yes	yes	no	yes	0.115	0.087	yes	-	2	0	0	0
se-short-short@n3	short	se	fq	-	0	0	0	0.162	0.172	0d4d9695e1fa29f52f1ccc56c7461c4a861e21b704d8db89d525a96a5a1140e0	0d4d9695e1fa29f52f1ccc56c7461c4a861e21b704d8db89d525a96a5a1140e0	41c7cb5a12431a157878c72b2011ecd99736b877f9aa5142c831ba9585df1baa	41c7cb5a12431a157878c72b2011ecd99736b877f9aa5142c831ba9585df1baa	a688621efb2fcefe52c985baea1407ad275dddd1aab1901962ae128fdbebe534	a688621efb2fcefe52c985baea1407ad275dddd1aab1901962ae128fdbebe534	-	-	76c66c076fb18984b9252de44ba21a7eac82e8e5a11fab62bf49493e24b95b00	76c66c076fb18984b9252de44ba21a7eac82e8e5a11fab62bf49493e24b95b00	-	-	e3b0c44298fc1c149afbf4c8996fb92427ae41e4649b934ca495991b7852b855	e3b0c44298fc1c149afbf4c8996fb92427ae41e4649b934ca495991b7852b855	5	yes	yes	yes	no	yes	0.115	0.086	yes	-	3	0	0	0,0
se-short-short@n4	short	se	fq	-	0	0	0	0.162	0.171	0d4d9695e1fa29f52f1ccc56c7461c4a861e21b704d8db89d525a96a5a1140e0	0d4d9695e1fa29f52f1ccc56c7461c4a861e21b704d8db89d525a96a5a1140e0	41c7cb5a12431a157878c72b2011ecd99736b877f9aa5142c831ba9585df1baa	41c7cb5a12431a157878c72b2011ecd99736b877f9aa5142c831ba9585df1baa	a688621efb2fcefe52c985baea1407ad275dddd1aab1901962ae128fdbebe534	a688621efb2fcefe52c985baea1407ad275dddd1aab1901962ae128fdbebe534	-	-	76c66c076fb18984b9252de44ba21a7eac82e8e5a11fab62bf49493e24b95b00	76c66c076fb18984b9252de44ba21a7eac82e8e5a11fab62bf49493e24b95b00	-	-	e3b0c44298fc1c149afbf4c8996fb92427ae41e4649b934ca495991b7852b855	e3b0c44298fc1c149afbf4c8996fb92427ae41e4649b934ca495991b7852b855	5	yes	yes	yes	no	yes	0.115	0.085	yes	-	4	0	0	0,0,0
se-short-short@n8	short	se	fq	-	0	0	0	0.162	0.168	0d4d9695e1fa29f52f1ccc56c7461c4a861e21b704d8db89d525a96a5a1140e0	0d4d9695e1fa29f52f1ccc56c7461c4a861e21b704d8db89d525a96a5a1140e0	41c7cb5a12431a157878c72b2011ecd99736b877f9aa5142c831ba9585df1baa	41c7cb5a12431a157878c72b2011ecd99736b877f9aa5142c831ba9585df1baa	a688621efb2fcefe52c985baea1407ad275dddd1aab1901962ae128fdbebe534	a688621efb2fcefe52c985baea1407ad275dddd1aab1901962ae128fdbebe534	-	-	76c66c076fb18984b9252de44ba21a7eac82e8e5a11fab62bf49493e24b95b00	76c66c076fb18984b9252de44ba21a7eac82e8e5a11fab62bf49493e24b95b00	-	-	e3b0c44298fc1c149afbf4c8996fb92427ae41e4649b934ca495991b7852b855	e3b0c44298fc1c149afbf4c8996fb92427ae41e4649b934ca495991b7852b855	5	yes	yes	yes	no	yes	0.115	0.081	yes	-	8	0	0	0,0,0,0,0,0,0
pe-short-short@n1	short	pe	fq	-	0	0	0	0.256	0.207	a310200ba7da41626016ec4b76a53af57f8aed0e872706580297bd85c01f64e1	a310200ba7da41626016ec4b76a53af57f8aed0e872706580297bd85c01f64e1	8880ec5465a8996f196bd15bf76c83c9f69f198b39f68c334ef4cf23255b5f0a	8880ec5465a8996f196bd15bf76c83c9f69f198b39f68c334ef4cf23255b5f0a	ba0040bbfbba8fb054b18df1602cf5ea2832bb81833d4b90036d6af50a19b57c	ba0040bbfbba8fb054b18df1602cf5ea2832bb81833d4b90036d6af50a19b57c	dd5ba49255343931cac8222348805ec659c683ee190066ad55cad1b3e537fc54	dd5ba49255343931cac8222348805ec659c683ee190066ad55cad1b3e537fc54	e7c430b9385221e00aaccdb13b6f328ac774acecaced563e7b5e3120e1c5270c	e7c430b9385221e00aaccdb13b6f328ac774acecaced563e7b5e3120e1c5270c	157df6936a07dda1bac941a799a9ad4f1efd0d93313ff3a7b3d416203f8c3a2a	157df6936a07dda1bac941a799a9ad4f1efd0d93313ff3a7b3d416203f8c3a2a	e3b0c44298fc1c149afbf4c8996fb92427ae41e4649b934ca495991b7852b855	e3b0c44298fc1c149afbf4c8996fb92427ae41e4649b934ca495991b7852b855	7	yes	yes	yes	no	yes	0.209	0.167	yes	-	1	0	0	-
pe-short-short@n2	short	pe	fq	-	0	0	0	0.256	0.231	a310200ba7da41626016ec4b76a53af57f8aed0e872706580297bd85c01f64e1	a310200ba7da41626016ec4b76a53af57f8aed0e872706580297bd85c01f64e1	8880ec5465a8996f196bd15bf76c83c9f69f198b39f68c334ef4cf23255b5f0a	8880ec5465a8996f196bd15bf76c83c9f69f198b39f68c334ef4cf23255b5f0a	ba0040bbfbba8fb054b18df1602cf5ea2832bb81833d4b90036d6af50a19b57c	ba0040bbfbba8fb054b18df1602cf5ea2832bb81833d4b90036d6af50a19b57c	dd5ba49255343931cac8222348805ec659c683ee190066ad55cad1b3e537fc54	dd5ba49255343931cac8222348805ec659c683ee190066ad55cad1b3e537fc54	e7c430b9385221e00aaccdb13b6f328ac774acecaced563e7b5e3120e1c5270c	e7c430b9385221e00aaccdb13b6f328ac774acecaced563e7b5e3120e1c5270c	157df6936a07dda1bac941a799a9ad4f1efd0d93313ff3a7b3d416203f8c3a2a	157df6936a07dda1bac941a799a9ad4f1efd0d93313ff3a7b3d416203f8c3a2a	e3b0c44298fc1c149afbf4c8996fb92427ae41e4649b934ca495991b7852b855	e3b0c44298fc1c149afbf4c8996fb92427ae41e4649b934ca495991b7852b855	7	yes	yes	yes	no	yes	0.209	0.151	yes	-	2	0	0	0
pe-short-short@n3	short	pe	fq	-	0	0	0	0.256	0.231	a310200ba7da41626016ec4b76a53af57f8aed0e872706580297bd85c01f64e1	a310200ba7da41626016ec4b76a53af57f8aed0e872706580297bd85c01f64e1	8880ec5465a8996f196bd15bf76c83c9f69f198b39f68c334ef4cf23255b5f0a	8880ec5465a8996f196bd15bf76c83c9f69f198b39f68c334ef4cf23255b5f0a	ba0040bbfbba8fb054b18df1602cf5ea2832bb81833d4b90036d6af50a19b57c	ba0040bbfbba8fb054b18df1602cf5ea2832bb81833d4b90036d6af50a19b57c	dd5ba49255343931cac8222348805ec659c683ee190066ad55cad1b3e537fc54	dd5ba49255343931cac8222348805ec659c683ee190066ad55cad1b3e537fc54	e7c430b9385221e00aaccdb13b6f328ac774acecaced563e7b5e3120e1c5270c	e7c430b9385221e00aaccdb13b6f328ac774acecaced563e7b5e3120e1c5270c	157df6936a07dda1bac941a799a9ad4f1efd0d93313ff3a7b3d416203f8c3a2a	157df6936a07dda1bac941a799a9ad4f1efd0d93313ff3a7b3d416203f8c3a2a	e3b0c44298fc1c149afbf4c8996fb92427ae41e4649b934ca495991b7852b855	e3b0c44298fc1c149afbf4c8996fb92427ae41e4649b934ca495991b7852b855	7	yes	yes	yes	no	yes	0.209	0.146	yes	-	3	0	0	0,0
pe-short-short@n4	short	pe	fq	-	0	0	0	0.256	0.227	a310200ba7da41626016ec4b76a53af57f8aed0e872706580297bd85c01f64e1	a310200ba7da41626016ec4b76a53af57f8aed0e872706580297bd85c01f64e1	8880ec5465a8996f196bd15bf76c83c9f69f198b39f68c334ef4cf23255b5f0a	8880ec5465a8996f196bd15bf76c83c9f69f198b39f68c334ef4cf23255b5f0a	ba0040bbfbba8fb054b18df1602cf5ea2832bb81833d4b90036d6af50a19b57c	ba0040bbfbba8fb054b18df1602cf5ea2832bb81833d4b90036d6af50a19b57c	dd5ba49255343931cac8222348805ec659c683ee190066ad55cad1b3e537fc54	dd5ba49255343931cac8222348805ec659c683ee190066ad55cad1b3e537fc54	e7c430b9385221e00aaccdb13b6f328ac774acecaced563e7b5e3120e1c5270c	e7c430b9385221e00aaccdb13b6f328ac774acecaced563e7b5e3120e1c5270c	157df6936a07dda1bac941a799a9ad4f1efd0d93313ff3a7b3d416203f8c3a2a	157df6936a07dda1bac941a799a9ad4f1efd0d93313ff3a7b3d416203f8c3a2a	e3b0c44298fc1c149afbf4c8996fb92427ae41e4649b934ca495991b7852b855	e3b0c44298fc1c149afbf4c8996fb92427ae41e4649b934ca495991b7852b855	7	yes	yes	yes	no	yes	0.209	0.137	yes	-	4	0	0	0,0,0
pe-short-short@n8	short	pe	fq	-	0	0	0	0.256	0.221	a310200ba7da41626016ec4b76a53af57f8aed0e872706580297bd85c01f64e1	a310200ba7da41626016ec4b76a53af57f8aed0e872706580297bd85c01f64e1	8880ec5465a8996f196bd15bf76c83c9f69f198b39f68c334ef4cf23255b5f0a	8880ec5465a8996f196bd15bf76c83c9f69f198b39f68c334ef4cf23255b5f0a	ba0040bbfbba8fb054b18df1602cf5ea2832bb81833d4b90036d6af50a19b57c	ba0040bbfbba8fb054b18df1602cf5ea2832bb81833d4b90036d6af50a19b57c	dd5ba49255343931cac8222348805ec659c683ee190066ad55cad1b3e537fc54	dd5ba49255343931cac8222348805ec659c683ee190066ad55cad1b3e537fc54	e7c430b9385221e00aaccdb13b6f328ac774acecaced563e7b5e3120e1c5270c	e7c430b9385221e00aaccdb13b6f328ac774acecaced563e7b5e3120e1c5270c	157df6936a07dda1bac941a799a9ad4f1efd0d93313ff3a7b3d416203f8c3a2a	157df6936a07dda1bac941a799a9ad4f1efd0d93313ff3a7b3d416203f8c3a2a	e3b0c44298fc1c149afbf4c8996fb92427ae41e4649b934ca495991b7852b855	e3b0c44298fc1c149afbf4c8996fb92427ae41e4649b934ca495991b7852b855	7	yes	yes	yes	no	yes	0.209	0.135	yes	-	8	0	0	0,0,0,0,0,0,0
pe-short-q20-gz-short@n1	short	pe	gz	--minimum-base-quality 20	0	0	0	0.539	0.258	a310200ba7da41626016ec4b76a53af57f8aed0e872706580297bd85c01f64e1	a310200ba7da41626016ec4b76a53af57f8aed0e872706580297bd85c01f64e1	8880ec5465a8996f196bd15bf76c83c9f69f198b39f68c334ef4cf23255b5f0a	8880ec5465a8996f196bd15bf76c83c9f69f198b39f68c334ef4cf23255b5f0a	ba0040bbfbba8fb054b18df1602cf5ea2832bb81833d4b90036d6af50a19b57c	ba0040bbfbba8fb054b18df1602cf5ea2832bb81833d4b90036d6af50a19b57c	dd5ba49255343931cac8222348805ec659c683ee190066ad55cad1b3e537fc54	dd5ba49255343931cac8222348805ec659c683ee190066ad55cad1b3e537fc54	e7c430b9385221e00aaccdb13b6f328ac774acecaced563e7b5e3120e1c5270c	e7c430b9385221e00aaccdb13b6f328ac774acecaced563e7b5e3120e1c5270c	157df6936a07dda1bac941a799a9ad4f1efd0d93313ff3a7b3d416203f8c3a2a	157df6936a07dda1bac941a799a9ad4f1efd0d93313ff3a7b3d416203f8c3a2a	e3b0c44298fc1c149afbf4c8996fb92427ae41e4649b934ca495991b7852b855	e3b0c44298fc1c149afbf4c8996fb92427ae41e4649b934ca495991b7852b855	7	yes	yes	yes	no	yes	0.489	0.218	yes	-	1	0	0	-
pe-short-q20-gz-short@n2	short	pe	gz	--minimum-base-quality 20	0	0	0	0.539	0.294	a310200ba7da41626016ec4b76a53af57f8aed0e872706580297bd85c01f64e1	a310200ba7da41626016ec4b76a53af57f8aed0e872706580297bd85c01f64e1	8880ec5465a8996f196bd15bf76c83c9f69f198b39f68c334ef4cf23255b5f0a	8880ec5465a8996f196bd15bf76c83c9f69f198b39f68c334ef4cf23255b5f0a	ba0040bbfbba8fb054b18df1602cf5ea2832bb81833d4b90036d6af50a19b57c	ba0040bbfbba8fb054b18df1602cf5ea2832bb81833d4b90036d6af50a19b57c	dd5ba49255343931cac8222348805ec659c683ee190066ad55cad1b3e537fc54	dd5ba49255343931cac8222348805ec659c683ee190066ad55cad1b3e537fc54	e7c430b9385221e00aaccdb13b6f328ac774acecaced563e7b5e3120e1c5270c	e7c430b9385221e00aaccdb13b6f328ac774acecaced563e7b5e3120e1c5270c	157df6936a07dda1bac941a799a9ad4f1efd0d93313ff3a7b3d416203f8c3a2a	157df6936a07dda1bac941a799a9ad4f1efd0d93313ff3a7b3d416203f8c3a2a	e3b0c44298fc1c149afbf4c8996fb92427ae41e4649b934ca495991b7852b855	e3b0c44298fc1c149afbf4c8996fb92427ae41e4649b934ca495991b7852b855	7	yes	yes	yes	no	yes	0.489	0.211	yes	-	2	0	0	0
pe-short-q20-gz-short@n3	short	pe	gz	--minimum-base-quality 20	0	0	0	0.539	0.283	a310200ba7da41626016ec4b76a53af57f8aed0e872706580297bd85c01f64e1	a310200ba7da41626016ec4b76a53af57f8aed0e872706580297bd85c01f64e1	8880ec5465a8996f196bd15bf76c83c9f69f198b39f68c334ef4cf23255b5f0a	8880ec5465a8996f196bd15bf76c83c9f69f198b39f68c334ef4cf23255b5f0a	ba0040bbfbba8fb054b18df1602cf5ea2832bb81833d4b90036d6af50a19b57c	ba0040bbfbba8fb054b18df1602cf5ea2832bb81833d4b90036d6af50a19b57c	dd5ba49255343931cac8222348805ec659c683ee190066ad55cad1b3e537fc54	dd5ba49255343931cac8222348805ec659c683ee190066ad55cad1b3e537fc54	e7c430b9385221e00aaccdb13b6f328ac774acecaced563e7b5e3120e1c5270c	e7c430b9385221e00aaccdb13b6f328ac774acecaced563e7b5e3120e1c5270c	157df6936a07dda1bac941a799a9ad4f1efd0d93313ff3a7b3d416203f8c3a2a	157df6936a07dda1bac941a799a9ad4f1efd0d93313ff3a7b3d416203f8c3a2a	e3b0c44298fc1c149afbf4c8996fb92427ae41e4649b934ca495991b7852b855	e3b0c44298fc1c149afbf4c8996fb92427ae41e4649b934ca495991b7852b855	7	yes	yes	yes	no	yes	0.489	0.201	yes	-	3	0	0	0,0
pe-short-q20-gz-short@n4	short	pe	gz	--minimum-base-quality 20	0	0	0	0.539	0.288	a310200ba7da41626016ec4b76a53af57f8aed0e872706580297bd85c01f64e1	a310200ba7da41626016ec4b76a53af57f8aed0e872706580297bd85c01f64e1	8880ec5465a8996f196bd15bf76c83c9f69f198b39f68c334ef4cf23255b5f0a	8880ec5465a8996f196bd15bf76c83c9f69f198b39f68c334ef4cf23255b5f0a	ba0040bbfbba8fb054b18df1602cf5ea2832bb81833d4b90036d6af50a19b57c	ba0040bbfbba8fb054b18df1602cf5ea2832bb81833d4b90036d6af50a19b57c	dd5ba49255343931cac8222348805ec659c683ee190066ad55cad1b3e537fc54	dd5ba49255343931cac8222348805ec659c683ee190066ad55cad1b3e537fc54	e7c430b9385221e00aaccdb13b6f328ac774acecaced563e7b5e3120e1c5270c	e7c430b9385221e00aaccdb13b6f328ac774acecaced563e7b5e3120e1c5270c	157df6936a07dda1bac941a799a9ad4f1efd0d93313ff3a7b3d416203f8c3a2a	157df6936a07dda1bac941a799a9ad4f1efd0d93313ff3a7b3d416203f8c3a2a	e3b0c44298fc1c149afbf4c8996fb92427ae41e4649b934ca495991b7852b855	e3b0c44298fc1c149afbf4c8996fb92427ae41e4649b934ca495991b7852b855	7	yes	yes	yes	no	yes	0.489	0.201	yes	-	4	0	0	0,0,0
pe-short-q20-gz-short@n8	short	pe	gz	--minimum-base-quality 20	0	0	0	0.539	0.321	a310200ba7da41626016ec4b76a53af57f8aed0e872706580297bd85c01f64e1	a310200ba7da41626016ec4b76a53af57f8aed0e872706580297bd85c01f64e1	8880ec5465a8996f196bd15bf76c83c9f69f198b39f68c334ef4cf23255b5f0a	8880ec5465a8996f196bd15bf76c83c9f69f198b39f68c334ef4cf23255b5f0a	ba0040bbfbba8fb054b18df1602cf5ea2832bb81833d4b90036d6af50a19b57c	ba0040bbfbba8fb054b18df1602cf5ea2832bb81833d4b90036d6af50a19b57c	dd5ba49255343931cac8222348805ec659c683ee190066ad55cad1b3e537fc54	dd5ba49255343931cac8222348805ec659c683ee190066ad55cad1b3e537fc54	e7c430b9385221e00aaccdb13b6f328ac774acecaced563e7b5e3120e1c5270c	e7c430b9385221e00aaccdb13b6f328ac774acecaced563e7b5e3120e1c5270c	157df6936a07dda1bac941a799a9ad4f1efd0d93313ff3a7b3d416203f8c3a2a	157df6936a07dda1bac941a799a9ad4f1efd0d93313ff3a7b3d416203f8c3a2a	e3b0c44298fc1c149afbf4c8996fb92427ae41e4649b934ca495991b7852b855	e3b0c44298fc1c149afbf4c8996fb92427ae41e4649b934ca495991b7852b855	7	yes	yes	yes	no	yes	0.489	0.209	yes	-	8	0	0	0,0,0,0,0,0,0
pe-short-quick-short@n1	short	pe	fq	--quick	0	0	0	0.242	0.240	b9f0f2b9affc48a2115f5f53a9fb9df92900ba4852f39bbcca3949cb70f0a0d2	b9f0f2b9affc48a2115f5f53a9fb9df92900ba4852f39bbcca3949cb70f0a0d2	7ee33a2a3624fe0ceb1766b6147e43bafe50f7f93ac4d93329b4152b15ebb6dc	7ee33a2a3624fe0ceb1766b6147e43bafe50f7f93ac4d93329b4152b15ebb6dc	-	-	-	-	-	-	-	-	e3b0c44298fc1c149afbf4c8996fb92427ae41e4649b934ca495991b7852b855	e3b0c44298fc1c149afbf4c8996fb92427ae41e4649b934ca495991b7852b855	3	yes	yes	yes	no	yes	0.195	0.166	yes	-	1	0	0	-
pe-short-quick-short@n2	short	pe	fq	--quick	0	0	0	0.242	0.222	b9f0f2b9affc48a2115f5f53a9fb9df92900ba4852f39bbcca3949cb70f0a0d2	b9f0f2b9affc48a2115f5f53a9fb9df92900ba4852f39bbcca3949cb70f0a0d2	7ee33a2a3624fe0ceb1766b6147e43bafe50f7f93ac4d93329b4152b15ebb6dc	7ee33a2a3624fe0ceb1766b6147e43bafe50f7f93ac4d93329b4152b15ebb6dc	-	-	-	-	-	-	-	-	e3b0c44298fc1c149afbf4c8996fb92427ae41e4649b934ca495991b7852b855	e3b0c44298fc1c149afbf4c8996fb92427ae41e4649b934ca495991b7852b855	3	yes	yes	yes	no	yes	0.195	0.135	yes	-	2	0	0	0
pe-short-quick-short@n3	short	pe	fq	--quick	0	0	0	0.242	0.250	b9f0f2b9affc48a2115f5f53a9fb9df92900ba4852f39bbcca3949cb70f0a0d2	b9f0f2b9affc48a2115f5f53a9fb9df92900ba4852f39bbcca3949cb70f0a0d2	7ee33a2a3624fe0ceb1766b6147e43bafe50f7f93ac4d93329b4152b15ebb6dc	7ee33a2a3624fe0ceb1766b6147e43bafe50f7f93ac4d93329b4152b15ebb6dc	-	-	-	-	-	-	-	-	e3b0c44298fc1c149afbf4c8996fb92427ae41e4649b934ca495991b7852b855	e3b0c44298fc1c149afbf4c8996fb92427ae41e4649b934ca495991b7852b855	3	yes	yes	yes	no	yes	0.195	0.139	yes	-	3	0	0	0,0
pe-short-quick-short@n4	short	pe	fq	--quick	0	0	0	0.242	0.237	b9f0f2b9affc48a2115f5f53a9fb9df92900ba4852f39bbcca3949cb70f0a0d2	b9f0f2b9affc48a2115f5f53a9fb9df92900ba4852f39bbcca3949cb70f0a0d2	7ee33a2a3624fe0ceb1766b6147e43bafe50f7f93ac4d93329b4152b15ebb6dc	7ee33a2a3624fe0ceb1766b6147e43bafe50f7f93ac4d93329b4152b15ebb6dc	-	-	-	-	-	-	-	-	e3b0c44298fc1c149afbf4c8996fb92427ae41e4649b934ca495991b7852b855	e3b0c44298fc1c149afbf4c8996fb92427ae41e4649b934ca495991b7852b855	3	yes	yes	yes	no	yes	0.195	0.125	yes	-	4	0	0	0,0,0
pe-short-quick-short@n8	short	pe	fq	--quick	0	0	0	0.242	0.233	b9f0f2b9affc48a2115f5f53a9fb9df92900ba4852f39bbcca3949cb70f0a0d2	b9f0f2b9affc48a2115f5f53a9fb9df92900ba4852f39bbcca3949cb70f0a0d2	7ee33a2a3624fe0ceb1766b6147e43bafe50f7f93ac4d93329b4152b15ebb6dc	7ee33a2a3624fe0ceb1766b6147e43bafe50f7f93ac4d93329b4152b15ebb6dc	-	-	-	-	-	-	-	-	e3b0c44298fc1c149afbf4c8996fb92427ae41e4649b934ca495991b7852b855	e3b0c44298fc1c149afbf4c8996fb92427ae41e4649b934ca495991b7852b855	3	yes	yes	yes	no	yes	0.195	0.114	yes	-	8	0	0	0,0,0,0,0,0,0
se-multi-S1,S2@n1	S1,S2	se	fq	-	0	0	0	0.328	0.281	4c992585f5cf24cb9e77a7c5d86f6b681a16f1bb7d86582fc05e33b3b0b7799a	4c992585f5cf24cb9e77a7c5d86f6b681a16f1bb7d86582fc05e33b3b0b7799a	7141cced663996adf4ba77d0636be02f27535ac986d69b0d8f15e7eb394c606b	7141cced663996adf4ba77d0636be02f27535ac986d69b0d8f15e7eb394c606b	581e719643fe2a183886bc21c1b427ae6d68f6f436a195f62f25cfd9b08f47c4	581e719643fe2a183886bc21c1b427ae6d68f6f436a195f62f25cfd9b08f47c4	-	-	b49da16cdbeba6bab0ee4282e59e272c3772d609e1fcb6e1aa309f2432fa739c	b49da16cdbeba6bab0ee4282e59e272c3772d609e1fcb6e1aa309f2432fa739c	-	-	e3b0c44298fc1c149afbf4c8996fb92427ae41e4649b934ca495991b7852b855	e3b0c44298fc1c149afbf4c8996fb92427ae41e4649b934ca495991b7852b855	5	yes	yes	yes	no	yes	0.267	0.229	yes	-	1	0	0	-
se-multi-S1,S2@n2	S1,S2	se	fq	-	0	0	0	0.328	0.217	4c992585f5cf24cb9e77a7c5d86f6b681a16f1bb7d86582fc05e33b3b0b7799a	4c992585f5cf24cb9e77a7c5d86f6b681a16f1bb7d86582fc05e33b3b0b7799a	7141cced663996adf4ba77d0636be02f27535ac986d69b0d8f15e7eb394c606b	7141cced663996adf4ba77d0636be02f27535ac986d69b0d8f15e7eb394c606b	581e719643fe2a183886bc21c1b427ae6d68f6f436a195f62f25cfd9b08f47c4	581e719643fe2a183886bc21c1b427ae6d68f6f436a195f62f25cfd9b08f47c4	-	-	b49da16cdbeba6bab0ee4282e59e272c3772d609e1fcb6e1aa309f2432fa739c	b49da16cdbeba6bab0ee4282e59e272c3772d609e1fcb6e1aa309f2432fa739c	-	-	e3b0c44298fc1c149afbf4c8996fb92427ae41e4649b934ca495991b7852b855	e3b0c44298fc1c149afbf4c8996fb92427ae41e4649b934ca495991b7852b855	5	yes	yes	yes	no	yes	0.267	0.180	yes	-	2	0	0	0
se-multi-S1,S2@n3	S1,S2	se	fq	-	0	0	0	0.328	0.276	4c992585f5cf24cb9e77a7c5d86f6b681a16f1bb7d86582fc05e33b3b0b7799a	4c992585f5cf24cb9e77a7c5d86f6b681a16f1bb7d86582fc05e33b3b0b7799a	7141cced663996adf4ba77d0636be02f27535ac986d69b0d8f15e7eb394c606b	7141cced663996adf4ba77d0636be02f27535ac986d69b0d8f15e7eb394c606b	581e719643fe2a183886bc21c1b427ae6d68f6f436a195f62f25cfd9b08f47c4	581e719643fe2a183886bc21c1b427ae6d68f6f436a195f62f25cfd9b08f47c4	-	-	b49da16cdbeba6bab0ee4282e59e272c3772d609e1fcb6e1aa309f2432fa739c	b49da16cdbeba6bab0ee4282e59e272c3772d609e1fcb6e1aa309f2432fa739c	-	-	e3b0c44298fc1c149afbf4c8996fb92427ae41e4649b934ca495991b7852b855	e3b0c44298fc1c149afbf4c8996fb92427ae41e4649b934ca495991b7852b855	5	yes	yes	yes	no	yes	0.267	0.185	yes	-	3	0	0	0,0
se-multi-S1,S2@n4	S1,S2	se	fq	-	0	0	0	0.328	0.398	4c992585f5cf24cb9e77a7c5d86f6b681a16f1bb7d86582fc05e33b3b0b7799a	4c992585f5cf24cb9e77a7c5d86f6b681a16f1bb7d86582fc05e33b3b0b7799a	7141cced663996adf4ba77d0636be02f27535ac986d69b0d8f15e7eb394c606b	7141cced663996adf4ba77d0636be02f27535ac986d69b0d8f15e7eb394c606b	581e719643fe2a183886bc21c1b427ae6d68f6f436a195f62f25cfd9b08f47c4	581e719643fe2a183886bc21c1b427ae6d68f6f436a195f62f25cfd9b08f47c4	-	-	b49da16cdbeba6bab0ee4282e59e272c3772d609e1fcb6e1aa309f2432fa739c	b49da16cdbeba6bab0ee4282e59e272c3772d609e1fcb6e1aa309f2432fa739c	-	-	e3b0c44298fc1c149afbf4c8996fb92427ae41e4649b934ca495991b7852b855	e3b0c44298fc1c149afbf4c8996fb92427ae41e4649b934ca495991b7852b855	5	yes	yes	yes	no	yes	0.267	0.221	yes	-	4	0	0	0,0,0
se-multi-S1,S2@n8	S1,S2	se	fq	-	0	0	0	0.328	0.279	4c992585f5cf24cb9e77a7c5d86f6b681a16f1bb7d86582fc05e33b3b0b7799a	4c992585f5cf24cb9e77a7c5d86f6b681a16f1bb7d86582fc05e33b3b0b7799a	7141cced663996adf4ba77d0636be02f27535ac986d69b0d8f15e7eb394c606b	7141cced663996adf4ba77d0636be02f27535ac986d69b0d8f15e7eb394c606b	581e719643fe2a183886bc21c1b427ae6d68f6f436a195f62f25cfd9b08f47c4	581e719643fe2a183886bc21c1b427ae6d68f6f436a195f62f25cfd9b08f47c4	-	-	b49da16cdbeba6bab0ee4282e59e272c3772d609e1fcb6e1aa309f2432fa739c	b49da16cdbeba6bab0ee4282e59e272c3772d609e1fcb6e1aa309f2432fa739c	-	-	e3b0c44298fc1c149afbf4c8996fb92427ae41e4649b934ca495991b7852b855	e3b0c44298fc1c149afbf4c8996fb92427ae41e4649b934ca495991b7852b855	5	yes	yes	yes	no	yes	0.267	0.158	yes	-	8	0	0	0,0,0,0,0,0,0
pe-multi-gz-S2,S3@n1	S2,S3	pe	gz	--report-zero-counts	0	0	0	1.371	0.614	066acece20bb29febe15b8a001981faa7e8fecefa45e80385aa9b1b7a3ca218d	066acece20bb29febe15b8a001981faa7e8fecefa45e80385aa9b1b7a3ca218d	e458e150ea599f90808380b64836e7359c469d3bf5343bc0d80fd1d869a4b177	e458e150ea599f90808380b64836e7359c469d3bf5343bc0d80fd1d869a4b177	c69ad188e1913b3a5a1c26007e8ea2fc61afd748bafb668fef1b6960b8342ca3	c69ad188e1913b3a5a1c26007e8ea2fc61afd748bafb668fef1b6960b8342ca3	ba11e19d6b838e5e8d55be9bcbc6dc9170b01b8756f8e9440312e3f2dc414a3d	ba11e19d6b838e5e8d55be9bcbc6dc9170b01b8756f8e9440312e3f2dc414a3d	f71c7d83d5e967755c54b0b8f21664a2978afeb67c775c7bf72da94fbfe66d6d	f71c7d83d5e967755c54b0b8f21664a2978afeb67c775c7bf72da94fbfe66d6d	094f202fd2e37f271a48bcc2f3bf0ba7ade351c8b6a091216fd44bc50c229497	094f202fd2e37f271a48bcc2f3bf0ba7ade351c8b6a091216fd44bc50c229497	e3b0c44298fc1c149afbf4c8996fb92427ae41e4649b934ca495991b7852b855	e3b0c44298fc1c149afbf4c8996fb92427ae41e4649b934ca495991b7852b855	7	yes	yes	yes	no	yes	1.246	0.535	yes	-	1	0	0	-
pe-multi-gz-S2,S3@n2	S2,S3	pe	gz	--report-zero-counts	0	0	0	1.371	0.593	066acece20bb29febe15b8a001981faa7e8fecefa45e80385aa9b1b7a3ca218d	066acece20bb29febe15b8a001981faa7e8fecefa45e80385aa9b1b7a3ca218d	e458e150ea599f90808380b64836e7359c469d3bf5343bc0d80fd1d869a4b177	e458e150ea599f90808380b64836e7359c469d3bf5343bc0d80fd1d869a4b177	c69ad188e1913b3a5a1c26007e8ea2fc61afd748bafb668fef1b6960b8342ca3	c69ad188e1913b3a5a1c26007e8ea2fc61afd748bafb668fef1b6960b8342ca3	ba11e19d6b838e5e8d55be9bcbc6dc9170b01b8756f8e9440312e3f2dc414a3d	ba11e19d6b838e5e8d55be9bcbc6dc9170b01b8756f8e9440312e3f2dc414a3d	f71c7d83d5e967755c54b0b8f21664a2978afeb67c775c7bf72da94fbfe66d6d	f71c7d83d5e967755c54b0b8f21664a2978afeb67c775c7bf72da94fbfe66d6d	094f202fd2e37f271a48bcc2f3bf0ba7ade351c8b6a091216fd44bc50c229497	094f202fd2e37f271a48bcc2f3bf0ba7ade351c8b6a091216fd44bc50c229497	e3b0c44298fc1c149afbf4c8996fb92427ae41e4649b934ca495991b7852b855	e3b0c44298fc1c149afbf4c8996fb92427ae41e4649b934ca495991b7852b855	7	yes	yes	yes	no	yes	1.246	0.496	yes	-	2	0	0	0
pe-multi-gz-S2,S3@n3	S2,S3	pe	gz	--report-zero-counts	0	0	0	1.371	0.576	066acece20bb29febe15b8a001981faa7e8fecefa45e80385aa9b1b7a3ca218d	066acece20bb29febe15b8a001981faa7e8fecefa45e80385aa9b1b7a3ca218d	e458e150ea599f90808380b64836e7359c469d3bf5343bc0d80fd1d869a4b177	e458e150ea599f90808380b64836e7359c469d3bf5343bc0d80fd1d869a4b177	c69ad188e1913b3a5a1c26007e8ea2fc61afd748bafb668fef1b6960b8342ca3	c69ad188e1913b3a5a1c26007e8ea2fc61afd748bafb668fef1b6960b8342ca3	ba11e19d6b838e5e8d55be9bcbc6dc9170b01b8756f8e9440312e3f2dc414a3d	ba11e19d6b838e5e8d55be9bcbc6dc9170b01b8756f8e9440312e3f2dc414a3d	f71c7d83d5e967755c54b0b8f21664a2978afeb67c775c7bf72da94fbfe66d6d	f71c7d83d5e967755c54b0b8f21664a2978afeb67c775c7bf72da94fbfe66d6d	094f202fd2e37f271a48bcc2f3bf0ba7ade351c8b6a091216fd44bc50c229497	094f202fd2e37f271a48bcc2f3bf0ba7ade351c8b6a091216fd44bc50c229497	e3b0c44298fc1c149afbf4c8996fb92427ae41e4649b934ca495991b7852b855	e3b0c44298fc1c149afbf4c8996fb92427ae41e4649b934ca495991b7852b855	7	yes	yes	yes	no	yes	1.246	0.483	yes	-	3	0	0	0,0
pe-multi-gz-S2,S3@n4	S2,S3	pe	gz	--report-zero-counts	0	0	0	1.371	0.557	066acece20bb29febe15b8a001981faa7e8fecefa45e80385aa9b1b7a3ca218d	066acece20bb29febe15b8a001981faa7e8fecefa45e80385aa9b1b7a3ca218d	e458e150ea599f90808380b64836e7359c469d3bf5343bc0d80fd1d869a4b177	e458e150ea599f90808380b64836e7359c469d3bf5343bc0d80fd1d869a4b177	c69ad188e1913b3a5a1c26007e8ea2fc61afd748bafb668fef1b6960b8342ca3	c69ad188e1913b3a5a1c26007e8ea2fc61afd748bafb668fef1b6960b8342ca3	ba11e19d6b838e5e8d55be9bcbc6dc9170b01b8756f8e9440312e3f2dc414a3d	ba11e19d6b838e5e8d55be9bcbc6dc9170b01b8756f8e9440312e3f2dc414a3d	f71c7d83d5e967755c54b0b8f21664a2978afeb67c775c7bf72da94fbfe66d6d	f71c7d83d5e967755c54b0b8f21664a2978afeb67c775c7bf72da94fbfe66d6d	094f202fd2e37f271a48bcc2f3bf0ba7ade351c8b6a091216fd44bc50c229497	094f202fd2e37f271a48bcc2f3bf0ba7ade351c8b6a091216fd44bc50c229497	e3b0c44298fc1c149afbf4c8996fb92427ae41e4649b934ca495991b7852b855	e3b0c44298fc1c149afbf4c8996fb92427ae41e4649b934ca495991b7852b855	7	yes	yes	yes	no	yes	1.246	0.465	yes	-	4	3	0	0,0,0
pe-multi-gz-S2,S3@n8	S2,S3	pe	gz	--report-zero-counts	0	0	0	1.371	0.625	066acece20bb29febe15b8a001981faa7e8fecefa45e80385aa9b1b7a3ca218d	066acece20bb29febe15b8a001981faa7e8fecefa45e80385aa9b1b7a3ca218d	e458e150ea599f90808380b64836e7359c469d3bf5343bc0d80fd1d869a4b177	e458e150ea599f90808380b64836e7359c469d3bf5343bc0d80fd1d869a4b177	c69ad188e1913b3a5a1c26007e8ea2fc61afd748bafb668fef1b6960b8342ca3	c69ad188e1913b3a5a1c26007e8ea2fc61afd748bafb668fef1b6960b8342ca3	ba11e19d6b838e5e8d55be9bcbc6dc9170b01b8756f8e9440312e3f2dc414a3d	ba11e19d6b838e5e8d55be9bcbc6dc9170b01b8756f8e9440312e3f2dc414a3d	f71c7d83d5e967755c54b0b8f21664a2978afeb67c775c7bf72da94fbfe66d6d	f71c7d83d5e967755c54b0b8f21664a2978afeb67c775c7bf72da94fbfe66d6d	094f202fd2e37f271a48bcc2f3bf0ba7ade351c8b6a091216fd44bc50c229497	094f202fd2e37f271a48bcc2f3bf0ba7ade351c8b6a091216fd44bc50c229497	e3b0c44298fc1c149afbf4c8996fb92427ae41e4649b934ca495991b7852b855	e3b0c44298fc1c149afbf4c8996fb92427ae41e4649b934ca495991b7852b855	7	yes	yes	yes	no	yes	1.246	0.533	yes	-	8	3	0	0,0,0,0,0,0,0
se-empty-empty@n1	empty	se	fq	-	0	0	0	0.046	0.035	absent	absent	e3b0c44298fc1c149afbf4c8996fb92427ae41e4649b934ca495991b7852b855	e3b0c44298fc1c149afbf4c8996fb92427ae41e4649b934ca495991b7852b855	absent	absent	-	-	absent	absent	-	-	e3b0c44298fc1c149afbf4c8996fb92427ae41e4649b934ca495991b7852b855	e3b0c44298fc1c149afbf4c8996fb92427ae41e4649b934ca495991b7852b855	5	yes	yes	yes	no	yes	0.000	0.000	yes	-	1	0	0	-
se-empty-empty@n2	empty	se	fq	-	0	0	0	0.046	0.077	absent	absent	e3b0c44298fc1c149afbf4c8996fb92427ae41e4649b934ca495991b7852b855	e3b0c44298fc1c149afbf4c8996fb92427ae41e4649b934ca495991b7852b855	absent	absent	-	-	absent	absent	-	-	e3b0c44298fc1c149afbf4c8996fb92427ae41e4649b934ca495991b7852b855	e3b0c44298fc1c149afbf4c8996fb92427ae41e4649b934ca495991b7852b855	5	yes	yes	yes	no	yes	0.000	0.000	yes	-	2	0	0	0
se-empty-empty@n3	empty	se	fq	-	0	0	0	0.046	0.078	absent	absent	e3b0c44298fc1c149afbf4c8996fb92427ae41e4649b934ca495991b7852b855	e3b0c44298fc1c149afbf4c8996fb92427ae41e4649b934ca495991b7852b855	absent	absent	-	-	absent	absent	-	-	e3b0c44298fc1c149afbf4c8996fb92427ae41e4649b934ca495991b7852b855	e3b0c44298fc1c149afbf4c8996fb92427ae41e4649b934ca495991b7852b855	5	yes	yes	yes	no	yes	0.000	0.000	yes	-	3	0	0	0,0
se-empty-empty@n4	empty	se	fq	-	0	0	0	0.046	0.083	absent	absent	e3b0c44298fc1c149afbf4c8996fb92427ae41e4649b934ca495991b7852b855	e3b0c44298fc1c149afbf4c8996fb92427ae41e4649b934ca495991b7852b855	absent	absent	-	-	absent	absent	-	-	e3b0c44298fc1c149afbf4c8996fb92427ae41e4649b934ca495991b7852b855	e3b0c44298fc1c149afbf4c8996fb92427ae41e4649b934ca495991b7852b855	5	yes	yes	yes	no	yes	0.000	0.000	yes	-	4	0	0	0,0,0
se-empty-empty@n8	empty	se	fq	-	0	0	0	0.046	0.085	absent	absent	e3b0c44298fc1c149afbf4c8996fb92427ae41e4649b934ca495991b7852b855	e3b0c44298fc1c149afbf4c8996fb92427ae41e4649b934ca495991b7852b855	absent	absent	-	-	absent	absent	-	-	e3b0c44298fc1c149afbf4c8996fb92427ae41e4649b934ca495991b7852b855	e3b0c44298fc1c149afbf4c8996fb92427ae41e4649b934ca495991b7852b855	5	yes	yes	yes	no	yes	0.000	0.000	yes	-	8	0	0	0,0,0,0,0,0,0
se-empty-zero-empty@n1	empty	se	fq	--report-zero-counts	0	0	0	0.103	0.037	absent	absent	96d26f6caf074219ceb1fb208a5da2e73db45bf4b1548b1eb7887ef959b07ed0	96d26f6caf074219ceb1fb208a5da2e73db45bf4b1548b1eb7887ef959b07ed0	-	-	-	-	-	-	-	-	e3b0c44298fc1c149afbf4c8996fb92427ae41e4649b934ca495991b7852b855	e3b0c44298fc1c149afbf4c8996fb92427ae41e4649b934ca495991b7852b855	3	yes	yes	yes	no	yes	0.000	0.000	yes	-	1	0	0	-
se-empty-zero-empty@n2	empty	se	fq	--report-zero-counts	0	0	0	0.103	0.079	absent	absent	96d26f6caf074219ceb1fb208a5da2e73db45bf4b1548b1eb7887ef959b07ed0	96d26f6caf074219ceb1fb208a5da2e73db45bf4b1548b1eb7887ef959b07ed0	-	-	-	-	-	-	-	-	e3b0c44298fc1c149afbf4c8996fb92427ae41e4649b934ca495991b7852b855	e3b0c44298fc1c149afbf4c8996fb92427ae41e4649b934ca495991b7852b855	3	yes	yes	yes	no	yes	0.000	0.000	yes	-	2	0	0	0
se-empty-zero-empty@n3	empty	se	fq	--report-zero-counts	0	0	0	0.103	0.079	absent	absent	96d26f6caf074219ceb1fb208a5da2e73db45bf4b1548b1eb7887ef959b07ed0	96d26f6caf074219ceb1fb208a5da2e73db45bf4b1548b1eb7887ef959b07ed0	-	-	-	-	-	-	-	-	e3b0c44298fc1c149afbf4c8996fb92427ae41e4649b934ca495991b7852b855	e3b0c44298fc1c149afbf4c8996fb92427ae41e4649b934ca495991b7852b855	3	yes	yes	yes	no	yes	0.000	0.000	yes	-	3	0	0	0,0
se-empty-zero-empty@n4	empty	se	fq	--report-zero-counts	0	0	0	0.103	0.087	absent	absent	96d26f6caf074219ceb1fb208a5da2e73db45bf4b1548b1eb7887ef959b07ed0	96d26f6caf074219ceb1fb208a5da2e73db45bf4b1548b1eb7887ef959b07ed0	-	-	-	-	-	-	-	-	e3b0c44298fc1c149afbf4c8996fb92427ae41e4649b934ca495991b7852b855	e3b0c44298fc1c149afbf4c8996fb92427ae41e4649b934ca495991b7852b855	3	yes	yes	yes	no	yes	0.000	0.000	yes	-	4	0	0	0,0,0
se-empty-zero-empty@n8	empty	se	fq	--report-zero-counts	0	0	0	0.103	0.091	absent	absent	96d26f6caf074219ceb1fb208a5da2e73db45bf4b1548b1eb7887ef959b07ed0	96d26f6caf074219ceb1fb208a5da2e73db45bf4b1548b1eb7887ef959b07ed0	-	-	-	-	-	-	-	-	e3b0c44298fc1c149afbf4c8996fb92427ae41e4649b934ca495991b7852b855	e3b0c44298fc1c149afbf4c8996fb92427ae41e4649b934ca495991b7852b855	3	yes	yes	yes	no	yes	0.000	0.000	yes	-	8	0	0	0,0,0,0,0,0,0
se-stdout-S1@n1	S1	se	fq	-	0	0	0	0.173	0.158	-	-	b95ddddc241bb40197833c7038974e03472aace37ddf29a2e76ee958185b9d21	b95ddddc241bb40197833c7038974e03472aace37ddf29a2e76ee958185b9d21	-	-	-	-	-	-	-	-	546f76b00aa4dd848e4c55c4ff89001d77b3ac88bc618080c63743712a753531	546f76b00aa4dd848e4c55c4ff89001d77b3ac88bc618080c63743712a753531	2	yes	yes	yes	no	yes	0.127	0.121	yes	-	1	0	0	-
se-stdout-S1@n2	S1	se	fq	-	0	0	0	0.173	0.185	-	-	b95ddddc241bb40197833c7038974e03472aace37ddf29a2e76ee958185b9d21	b95ddddc241bb40197833c7038974e03472aace37ddf29a2e76ee958185b9d21	-	-	-	-	-	-	-	-	546f76b00aa4dd848e4c55c4ff89001d77b3ac88bc618080c63743712a753531	546f76b00aa4dd848e4c55c4ff89001d77b3ac88bc618080c63743712a753531	2	yes	yes	yes	no	yes	0.127	0.104	yes	-	2	0	0	0
se-stdout-S1@n3	S1	se	fq	-	0	0	0	0.173	0.177	-	-	b95ddddc241bb40197833c7038974e03472aace37ddf29a2e76ee958185b9d21	b95ddddc241bb40197833c7038974e03472aace37ddf29a2e76ee958185b9d21	-	-	-	-	-	-	-	-	546f76b00aa4dd848e4c55c4ff89001d77b3ac88bc618080c63743712a753531	546f76b00aa4dd848e4c55c4ff89001d77b3ac88bc618080c63743712a753531	2	yes	yes	yes	no	yes	0.127	0.098	yes	-	3	0	0	0,0
se-stdout-S1@n4	S1	se	fq	-	0	0	0	0.173	0.190	-	-	b95ddddc241bb40197833c7038974e03472aace37ddf29a2e76ee958185b9d21	b95ddddc241bb40197833c7038974e03472aace37ddf29a2e76ee958185b9d21	-	-	-	-	-	-	-	-	546f76b00aa4dd848e4c55c4ff89001d77b3ac88bc618080c63743712a753531	546f76b00aa4dd848e4c55c4ff89001d77b3ac88bc618080c63743712a753531	2	yes	yes	yes	no	yes	0.127	0.097	yes	-	4	0	0	0,0,0
se-stdout-S1@n8	S1	se	fq	-	0	0	0	0.173	0.197	-	-	b95ddddc241bb40197833c7038974e03472aace37ddf29a2e76ee958185b9d21	b95ddddc241bb40197833c7038974e03472aace37ddf29a2e76ee958185b9d21	-	-	-	-	-	-	-	-	546f76b00aa4dd848e4c55c4ff89001d77b3ac88bc618080c63743712a753531	546f76b00aa4dd848e4c55c4ff89001d77b3ac88bc618080c63743712a753531	2	yes	yes	yes	no	yes	0.127	0.090	yes	-	8	0	0	0,0,0,0,0,0,0
pe-stdout-cls-gz-S3@n1	S3	pe	gz	--threads 4	0	0	0	0.891	0.539	-	-	f5ffc9beb513b2359624f6162421f504b65c2f984276de683142dfd67e9bea5e	f5ffc9beb513b2359624f6162421f504b65c2f984276de683142dfd67e9bea5e	3d402021735127d7941b653cd3403be35533229f2c0967fa4dcba2df731a07f4	3d402021735127d7941b653cd3403be35533229f2c0967fa4dcba2df731a07f4	1791148d3ab43800efed085006c71290406a51b5793a557aef0642ee86fcd772	1791148d3ab43800efed085006c71290406a51b5793a557aef0642ee86fcd772	bc30150d7e31a6b8964dfa96fbd3e5fd2b0a518c238b136b7c6db514ee4e9c90	bc30150d7e31a6b8964dfa96fbd3e5fd2b0a518c238b136b7c6db514ee4e9c90	0887bef3b72a0a8af0b3e5679bfb9db4a09a36c0ebdfaf91fcc7e77c01ffd9cd	0887bef3b72a0a8af0b3e5679bfb9db4a09a36c0ebdfaf91fcc7e77c01ffd9cd	1b3fef049ca7fc93c4635b44164ef8d7fdd8877d97c7ca43315343073380847e	1b3fef049ca7fc93c4635b44164ef8d7fdd8877d97c7ca43315343073380847e	6	yes	yes	yes	no	yes	0.818	0.448	yes	-	1	0	0	-
pe-stdout-cls-gz-S3@n2	S3	pe	gz	--threads 4	0	0	0	0.891	0.375	-	-	f5ffc9beb513b2359624f6162421f504b65c2f984276de683142dfd67e9bea5e	f5ffc9beb513b2359624f6162421f504b65c2f984276de683142dfd67e9bea5e	3d402021735127d7941b653cd3403be35533229f2c0967fa4dcba2df731a07f4	3d402021735127d7941b653cd3403be35533229f2c0967fa4dcba2df731a07f4	1791148d3ab43800efed085006c71290406a51b5793a557aef0642ee86fcd772	1791148d3ab43800efed085006c71290406a51b5793a557aef0642ee86fcd772	bc30150d7e31a6b8964dfa96fbd3e5fd2b0a518c238b136b7c6db514ee4e9c90	bc30150d7e31a6b8964dfa96fbd3e5fd2b0a518c238b136b7c6db514ee4e9c90	0887bef3b72a0a8af0b3e5679bfb9db4a09a36c0ebdfaf91fcc7e77c01ffd9cd	0887bef3b72a0a8af0b3e5679bfb9db4a09a36c0ebdfaf91fcc7e77c01ffd9cd	1b3fef049ca7fc93c4635b44164ef8d7fdd8877d97c7ca43315343073380847e	1b3fef049ca7fc93c4635b44164ef8d7fdd8877d97c7ca43315343073380847e	6	yes	yes	yes	no	yes	0.818	0.285	yes	-	2	0	0	0
pe-stdout-cls-gz-S3@n3	S3	pe	gz	--threads 4	0	0	0	0.891	0.353	-	-	f5ffc9beb513b2359624f6162421f504b65c2f984276de683142dfd67e9bea5e	f5ffc9beb513b2359624f6162421f504b65c2f984276de683142dfd67e9bea5e	3d402021735127d7941b653cd3403be35533229f2c0967fa4dcba2df731a07f4	3d402021735127d7941b653cd3403be35533229f2c0967fa4dcba2df731a07f4	1791148d3ab43800efed085006c71290406a51b5793a557aef0642ee86fcd772	1791148d3ab43800efed085006c71290406a51b5793a557aef0642ee86fcd772	bc30150d7e31a6b8964dfa96fbd3e5fd2b0a518c238b136b7c6db514ee4e9c90	bc30150d7e31a6b8964dfa96fbd3e5fd2b0a518c238b136b7c6db514ee4e9c90	0887bef3b72a0a8af0b3e5679bfb9db4a09a36c0ebdfaf91fcc7e77c01ffd9cd	0887bef3b72a0a8af0b3e5679bfb9db4a09a36c0ebdfaf91fcc7e77c01ffd9cd	1b3fef049ca7fc93c4635b44164ef8d7fdd8877d97c7ca43315343073380847e	1b3fef049ca7fc93c4635b44164ef8d7fdd8877d97c7ca43315343073380847e	6	yes	yes	yes	no	yes	0.818	0.263	yes	-	3	0	0	0,0
pe-stdout-cls-gz-S3@n4	S3	pe	gz	--threads 4	0	0	0	0.891	0.357	-	-	f5ffc9beb513b2359624f6162421f504b65c2f984276de683142dfd67e9bea5e	f5ffc9beb513b2359624f6162421f504b65c2f984276de683142dfd67e9bea5e	3d402021735127d7941b653cd3403be35533229f2c0967fa4dcba2df731a07f4	3d402021735127d7941b653cd3403be35533229f2c0967fa4dcba2df731a07f4	1791148d3ab43800efed085006c71290406a51b5793a557aef0642ee86fcd772	1791148d3ab43800efed085006c71290406a51b5793a557aef0642ee86fcd772	bc30150d7e31a6b8964dfa96fbd3e5fd2b0a518c238b136b7c6db514ee4e9c90	bc30150d7e31a6b8964dfa96fbd3e5fd2b0a518c238b136b7c6db514ee4e9c90	0887bef3b72a0a8af0b3e5679bfb9db4a09a36c0ebdfaf91fcc7e77c01ffd9cd	0887bef3b72a0a8af0b3e5679bfb9db4a09a36c0ebdfaf91fcc7e77c01ffd9cd	1b3fef049ca7fc93c4635b44164ef8d7fdd8877d97c7ca43315343073380847e	1b3fef049ca7fc93c4635b44164ef8d7fdd8877d97c7ca43315343073380847e	6	yes	yes	yes	no	yes	0.818	0.266	yes	-	4	3	0	0,0,0
pe-stdout-cls-gz-S3@n8	S3	pe	gz	--threads 4	0	0	0	0.891	0.389	-	-	f5ffc9beb513b2359624f6162421f504b65c2f984276de683142dfd67e9bea5e	f5ffc9beb513b2359624f6162421f504b65c2f984276de683142dfd67e9bea5e	3d402021735127d7941b653cd3403be35533229f2c0967fa4dcba2df731a07f4	3d402021735127d7941b653cd3403be35533229f2c0967fa4dcba2df731a07f4	1791148d3ab43800efed085006c71290406a51b5793a557aef0642ee86fcd772	1791148d3ab43800efed085006c71290406a51b5793a557aef0642ee86fcd772	bc30150d7e31a6b8964dfa96fbd3e5fd2b0a518c238b136b7c6db514ee4e9c90	bc30150d7e31a6b8964dfa96fbd3e5fd2b0a518c238b136b7c6db514ee4e9c90	0887bef3b72a0a8af0b3e5679bfb9db4a09a36c0ebdfaf91fcc7e77c01ffd9cd	0887bef3b72a0a8af0b3e5679bfb9db4a09a36c0ebdfaf91fcc7e77c01ffd9cd	1b3fef049ca7fc93c4635b44164ef8d7fdd8877d97c7ca43315343073380847e	1b3fef049ca7fc93c4635b44164ef8d7fdd8877d97c7ca43315343073380847e	6	yes	yes	yes	no	yes	0.818	0.299	yes	-	8	3	0	0,0,0,0,0,0,0
pe-fasta-fasta@n1	fasta	pe	fa	-	0	0	0	0.450	0.337	bebbf3380833d5da28c6a6dce448303048d70fb295acc72b85b7dcb11e2c5c0f	bebbf3380833d5da28c6a6dce448303048d70fb295acc72b85b7dcb11e2c5c0f	14c3ea3aa2f37f0b9b3ecee9f5073289b73b4245ee3c861d104f5d17d481bba7	14c3ea3aa2f37f0b9b3ecee9f5073289b73b4245ee3c861d104f5d17d481bba7	7d4703610dea48e7f02c10be582c55bb4066ecb50b046a53c50a19c0f3a0792f	7d4703610dea48e7f02c10be582c55bb4066ecb50b046a53c50a19c0f3a0792f	7e024765c806a92714705bc2a27f1e733380ba11aea819523dded09b412be9cb	7e024765c806a92714705bc2a27f1e733380ba11aea819523dded09b412be9cb	e259dfb68fc8ba1c2621a8d86302458acee4edd26e8bb0cd8b3ac14e0d2a7ee7	e259dfb68fc8ba1c2621a8d86302458acee4edd26e8bb0cd8b3ac14e0d2a7ee7	1658e8185a864921107198068c9b2997701ad8efd61d86046ed74dd35cc0dd6d	1658e8185a864921107198068c9b2997701ad8efd61d86046ed74dd35cc0dd6d	e3b0c44298fc1c149afbf4c8996fb92427ae41e4649b934ca495991b7852b855	e3b0c44298fc1c149afbf4c8996fb92427ae41e4649b934ca495991b7852b855	7	yes	yes	yes	no	yes	0.400	0.296	yes	-	1	0	0	-
pe-fasta-fasta@n2	fasta	pe	fa	-	0	0	0	0.450	0.346	bebbf3380833d5da28c6a6dce448303048d70fb295acc72b85b7dcb11e2c5c0f	bebbf3380833d5da28c6a6dce448303048d70fb295acc72b85b7dcb11e2c5c0f	14c3ea3aa2f37f0b9b3ecee9f5073289b73b4245ee3c861d104f5d17d481bba7	14c3ea3aa2f37f0b9b3ecee9f5073289b73b4245ee3c861d104f5d17d481bba7	7d4703610dea48e7f02c10be582c55bb4066ecb50b046a53c50a19c0f3a0792f	7d4703610dea48e7f02c10be582c55bb4066ecb50b046a53c50a19c0f3a0792f	7e024765c806a92714705bc2a27f1e733380ba11aea819523dded09b412be9cb	7e024765c806a92714705bc2a27f1e733380ba11aea819523dded09b412be9cb	e259dfb68fc8ba1c2621a8d86302458acee4edd26e8bb0cd8b3ac14e0d2a7ee7	e259dfb68fc8ba1c2621a8d86302458acee4edd26e8bb0cd8b3ac14e0d2a7ee7	1658e8185a864921107198068c9b2997701ad8efd61d86046ed74dd35cc0dd6d	1658e8185a864921107198068c9b2997701ad8efd61d86046ed74dd35cc0dd6d	e3b0c44298fc1c149afbf4c8996fb92427ae41e4649b934ca495991b7852b855	e3b0c44298fc1c149afbf4c8996fb92427ae41e4649b934ca495991b7852b855	7	yes	yes	yes	no	yes	0.400	0.263	yes	-	2	0	0	0
pe-fasta-fasta@n3	fasta	pe	fa	-	0	0	0	0.450	0.330	bebbf3380833d5da28c6a6dce448303048d70fb295acc72b85b7dcb11e2c5c0f	bebbf3380833d5da28c6a6dce448303048d70fb295acc72b85b7dcb11e2c5c0f	14c3ea3aa2f37f0b9b3ecee9f5073289b73b4245ee3c861d104f5d17d481bba7	14c3ea3aa2f37f0b9b3ecee9f5073289b73b4245ee3c861d104f5d17d481bba7	7d4703610dea48e7f02c10be582c55bb4066ecb50b046a53c50a19c0f3a0792f	7d4703610dea48e7f02c10be582c55bb4066ecb50b046a53c50a19c0f3a0792f	7e024765c806a92714705bc2a27f1e733380ba11aea819523dded09b412be9cb	7e024765c806a92714705bc2a27f1e733380ba11aea819523dded09b412be9cb	e259dfb68fc8ba1c2621a8d86302458acee4edd26e8bb0cd8b3ac14e0d2a7ee7	e259dfb68fc8ba1c2621a8d86302458acee4edd26e8bb0cd8b3ac14e0d2a7ee7	1658e8185a864921107198068c9b2997701ad8efd61d86046ed74dd35cc0dd6d	1658e8185a864921107198068c9b2997701ad8efd61d86046ed74dd35cc0dd6d	e3b0c44298fc1c149afbf4c8996fb92427ae41e4649b934ca495991b7852b855	e3b0c44298fc1c149afbf4c8996fb92427ae41e4649b934ca495991b7852b855	7	yes	yes	yes	no	yes	0.400	0.243	yes	-	3	1	0	0,0
pe-fasta-fasta@n4	fasta	pe	fa	-	0	0	0	0.450	0.324	bebbf3380833d5da28c6a6dce448303048d70fb295acc72b85b7dcb11e2c5c0f	bebbf3380833d5da28c6a6dce448303048d70fb295acc72b85b7dcb11e2c5c0f	14c3ea3aa2f37f0b9b3ecee9f5073289b73b4245ee3c861d104f5d17d481bba7	14c3ea3aa2f37f0b9b3ecee9f5073289b73b4245ee3c861d104f5d17d481bba7	7d4703610dea48e7f02c10be582c55bb4066ecb50b046a53c50a19c0f3a0792f	7d4703610dea48e7f02c10be582c55bb4066ecb50b046a53c50a19c0f3a0792f	7e024765c806a92714705bc2a27f1e733380ba11aea819523dded09b412be9cb	7e024765c806a92714705bc2a27f1e733380ba11aea819523dded09b412be9cb	e259dfb68fc8ba1c2621a8d86302458acee4edd26e8bb0cd8b3ac14e0d2a7ee7	e259dfb68fc8ba1c2621a8d86302458acee4edd26e8bb0cd8b3ac14e0d2a7ee7	1658e8185a864921107198068c9b2997701ad8efd61d86046ed74dd35cc0dd6d	1658e8185a864921107198068c9b2997701ad8efd61d86046ed74dd35cc0dd6d	e3b0c44298fc1c149afbf4c8996fb92427ae41e4649b934ca495991b7852b855	e3b0c44298fc1c149afbf4c8996fb92427ae41e4649b934ca495991b7852b855	7	yes	yes	yes	no	yes	0.400	0.238	yes	-	4	0	0	0,0,0
pe-fasta-fasta@n8	fasta	pe	fa	-	0	0	0	0.450	0.321	bebbf3380833d5da28c6a6dce448303048d70fb295acc72b85b7dcb11e2c5c0f	bebbf3380833d5da28c6a6dce448303048d70fb295acc72b85b7dcb11e2c5c0f	14c3ea3aa2f37f0b9b3ecee9f5073289b73b4245ee3c861d104f5d17d481bba7	14c3ea3aa2f37f0b9b3ecee9f5073289b73b4245ee3c861d104f5d17d481bba7	7d4703610dea48e7f02c10be582c55bb4066ecb50b046a53c50a19c0f3a0792f	7d4703610dea48e7f02c10be582c55bb4066ecb50b046a53c50a19c0f3a0792f	7e024765c806a92714705bc2a27f1e733380ba11aea819523dded09b412be9cb	7e024765c806a92714705bc2a27f1e733380ba11aea819523dded09b412be9cb	e259dfb68fc8ba1c2621a8d86302458acee4edd26e8bb0cd8b3ac14e0d2a7ee7	e259dfb68fc8ba1c2621a8d86302458acee4edd26e8bb0cd8b3ac14e0d2a7ee7	1658e8185a864921107198068c9b2997701ad8efd61d86046ed74dd35cc0dd6d	1658e8185a864921107198068c9b2997701ad8efd61d86046ed74dd35cc0dd6d	e3b0c44298fc1c149afbf4c8996fb92427ae41e4649b934ca495991b7852b855	e3b0c44298fc1c149afbf4c8996fb92427ae41e4649b934ca495991b7852b855	7	yes	yes	yes	no	yes	0.400	0.233	yes	-	8	0	0	0,0,0,0,0,0,0
se-fasta-wrap-fastaw@n1	fastaw	se	fa	-	0	0	0	0.242	0.229	2dd121e3bac34ae6091c0ac8cbf0a8512cb9c35c6f399f8af11e0f14b9ae97b6	2dd121e3bac34ae6091c0ac8cbf0a8512cb9c35c6f399f8af11e0f14b9ae97b6	af96dfbe74f6ee9ecf9fe52f077628c7c99d2d09960ba0e94bcb11a8e843a3e6	af96dfbe74f6ee9ecf9fe52f077628c7c99d2d09960ba0e94bcb11a8e843a3e6	3205ad7e3ac3a2316d79bfc1fed4a16f841ca73257aba4e68076f3d8fc8071b5	3205ad7e3ac3a2316d79bfc1fed4a16f841ca73257aba4e68076f3d8fc8071b5	-	-	875a019f52df9efe621479da78681df639319280ebd5948c180cda84d9c93cc4	875a019f52df9efe621479da78681df639319280ebd5948c180cda84d9c93cc4	-	-	e3b0c44298fc1c149afbf4c8996fb92427ae41e4649b934ca495991b7852b855	e3b0c44298fc1c149afbf4c8996fb92427ae41e4649b934ca495991b7852b855	5	yes	yes	yes	no	yes	0.196	0.190	yes	-	1	0	0	-
se-fasta-wrap-fastaw@n2	fastaw	se	fa	-	0	0	0	0.242	0.261	2dd121e3bac34ae6091c0ac8cbf0a8512cb9c35c6f399f8af11e0f14b9ae97b6	2dd121e3bac34ae6091c0ac8cbf0a8512cb9c35c6f399f8af11e0f14b9ae97b6	af96dfbe74f6ee9ecf9fe52f077628c7c99d2d09960ba0e94bcb11a8e843a3e6	af96dfbe74f6ee9ecf9fe52f077628c7c99d2d09960ba0e94bcb11a8e843a3e6	3205ad7e3ac3a2316d79bfc1fed4a16f841ca73257aba4e68076f3d8fc8071b5	3205ad7e3ac3a2316d79bfc1fed4a16f841ca73257aba4e68076f3d8fc8071b5	-	-	875a019f52df9efe621479da78681df639319280ebd5948c180cda84d9c93cc4	875a019f52df9efe621479da78681df639319280ebd5948c180cda84d9c93cc4	-	-	e3b0c44298fc1c149afbf4c8996fb92427ae41e4649b934ca495991b7852b855	e3b0c44298fc1c149afbf4c8996fb92427ae41e4649b934ca495991b7852b855	5	yes	yes	yes	no	yes	0.196	0.180	yes	-	2	0	0	0
se-fasta-wrap-fastaw@n3	fastaw	se	fa	-	0	0	0	0.242	0.250	2dd121e3bac34ae6091c0ac8cbf0a8512cb9c35c6f399f8af11e0f14b9ae97b6	2dd121e3bac34ae6091c0ac8cbf0a8512cb9c35c6f399f8af11e0f14b9ae97b6	af96dfbe74f6ee9ecf9fe52f077628c7c99d2d09960ba0e94bcb11a8e843a3e6	af96dfbe74f6ee9ecf9fe52f077628c7c99d2d09960ba0e94bcb11a8e843a3e6	3205ad7e3ac3a2316d79bfc1fed4a16f841ca73257aba4e68076f3d8fc8071b5	3205ad7e3ac3a2316d79bfc1fed4a16f841ca73257aba4e68076f3d8fc8071b5	-	-	875a019f52df9efe621479da78681df639319280ebd5948c180cda84d9c93cc4	875a019f52df9efe621479da78681df639319280ebd5948c180cda84d9c93cc4	-	-	e3b0c44298fc1c149afbf4c8996fb92427ae41e4649b934ca495991b7852b855	e3b0c44298fc1c149afbf4c8996fb92427ae41e4649b934ca495991b7852b855	5	yes	yes	yes	no	yes	0.196	0.161	yes	-	3	0	0	0,0
se-fasta-wrap-fastaw@n4	fastaw	se	fa	-	0	0	0	0.242	0.246	2dd121e3bac34ae6091c0ac8cbf0a8512cb9c35c6f399f8af11e0f14b9ae97b6	2dd121e3bac34ae6091c0ac8cbf0a8512cb9c35c6f399f8af11e0f14b9ae97b6	af96dfbe74f6ee9ecf9fe52f077628c7c99d2d09960ba0e94bcb11a8e843a3e6	af96dfbe74f6ee9ecf9fe52f077628c7c99d2d09960ba0e94bcb11a8e843a3e6	3205ad7e3ac3a2316d79bfc1fed4a16f841ca73257aba4e68076f3d8fc8071b5	3205ad7e3ac3a2316d79bfc1fed4a16f841ca73257aba4e68076f3d8fc8071b5	-	-	875a019f52df9efe621479da78681df639319280ebd5948c180cda84d9c93cc4	875a019f52df9efe621479da78681df639319280ebd5948c180cda84d9c93cc4	-	-	e3b0c44298fc1c149afbf4c8996fb92427ae41e4649b934ca495991b7852b855	e3b0c44298fc1c149afbf4c8996fb92427ae41e4649b934ca495991b7852b855	5	yes	yes	yes	no	yes	0.196	0.158	yes	-	4	0	0	0,0,0
se-fasta-wrap-fastaw@n8	fastaw	se	fa	-	0	0	0	0.242	0.246	2dd121e3bac34ae6091c0ac8cbf0a8512cb9c35c6f399f8af11e0f14b9ae97b6	2dd121e3bac34ae6091c0ac8cbf0a8512cb9c35c6f399f8af11e0f14b9ae97b6	af96dfbe74f6ee9ecf9fe52f077628c7c99d2d09960ba0e94bcb11a8e843a3e6	af96dfbe74f6ee9ecf9fe52f077628c7c99d2d09960ba0e94bcb11a8e843a3e6	3205ad7e3ac3a2316d79bfc1fed4a16f841ca73257aba4e68076f3d8fc8071b5	3205ad7e3ac3a2316d79bfc1fed4a16f841ca73257aba4e68076f3d8fc8071b5	-	-	875a019f52df9efe621479da78681df639319280ebd5948c180cda84d9c93cc4	875a019f52df9efe621479da78681df639319280ebd5948c180cda84d9c93cc4	-	-	e3b0c44298fc1c149afbf4c8996fb92427ae41e4649b934ca495991b7852b855	e3b0c44298fc1c149afbf4c8996fb92427ae41e4649b934ca495991b7852b855	5	yes	yes	yes	no	yes	0.196	0.159	yes	-	8	0	0	0,0,0,0,0,0,0
pe-bz2-auto-bz@n1	bz	pe	bz2	-	0	0	0	1.756	1.342	339ce5ad82a601e08280fa109ffe36c986262d6fdae7476439c44d88e833c81e	339ce5ad82a601e08280fa109ffe36c986262d6fdae7476439c44d88e833c81e	1f7a65806fcef7c6e2fc00a8dbafe5cff741499992b1332e3e3ecd56287ff3db	1f7a65806fcef7c6e2fc00a8dbafe5cff741499992b1332e3e3ecd56287ff3db	48482a7a3d27a136de97d84484ad13bfb4956f0a9cd65baacc6077dded2f3558	48482a7a3d27a136de97d84484ad13bfb4956f0a9cd65baacc6077dded2f3558	d6c95d5d2108cf0f48509b145f049568add789c637a9d0f6b2503b0b255e79c9	d6c95d5d2108cf0f48509b145f049568add789c637a9d0f6b2503b0b255e79c9	43ad6cd126fc648140749ceb350b37aacb3e84b101d0922431c96f1e2f2976d2	43ad6cd126fc648140749ceb350b37aacb3e84b101d0922431c96f1e2f2976d2	4357af8196fe960939a2d0d87d971e3eddec829be8068beb1f363378750e839c	4357af8196fe960939a2d0d87d971e3eddec829be8068beb1f363378750e839c	e3b0c44298fc1c149afbf4c8996fb92427ae41e4649b934ca495991b7852b855	e3b0c44298fc1c149afbf4c8996fb92427ae41e4649b934ca495991b7852b855	7	yes	yes	yes	no	yes	1.705	1.302	yes	-	1	0	0	-
pe-bz2-auto-bz@n2	bz	pe	bz2	-	0	0	0	1.756	1.431	339ce5ad82a601e08280fa109ffe36c986262d6fdae7476439c44d88e833c81e	339ce5ad82a601e08280fa109ffe36c986262d6fdae7476439c44d88e833c81e	1f7a65806fcef7c6e2fc00a8dbafe5cff741499992b1332e3e3ecd56287ff3db	1f7a65806fcef7c6e2fc00a8dbafe5cff741499992b1332e3e3ecd56287ff3db	48482a7a3d27a136de97d84484ad13bfb4956f0a9cd65baacc6077dded2f3558	48482a7a3d27a136de97d84484ad13bfb4956f0a9cd65baacc6077dded2f3558	d6c95d5d2108cf0f48509b145f049568add789c637a9d0f6b2503b0b255e79c9	d6c95d5d2108cf0f48509b145f049568add789c637a9d0f6b2503b0b255e79c9	43ad6cd126fc648140749ceb350b37aacb3e84b101d0922431c96f1e2f2976d2	43ad6cd126fc648140749ceb350b37aacb3e84b101d0922431c96f1e2f2976d2	4357af8196fe960939a2d0d87d971e3eddec829be8068beb1f363378750e839c	4357af8196fe960939a2d0d87d971e3eddec829be8068beb1f363378750e839c	e3b0c44298fc1c149afbf4c8996fb92427ae41e4649b934ca495991b7852b855	e3b0c44298fc1c149afbf4c8996fb92427ae41e4649b934ca495991b7852b855	7	yes	yes	yes	no	yes	1.705	1.341	yes	-	2	0	0	0
pe-bz2-auto-bz@n3	bz	pe	bz2	-	0	0	0	1.756	1.367	339ce5ad82a601e08280fa109ffe36c986262d6fdae7476439c44d88e833c81e	339ce5ad82a601e08280fa109ffe36c986262d6fdae7476439c44d88e833c81e	1f7a65806fcef7c6e2fc00a8dbafe5cff741499992b1332e3e3ecd56287ff3db	1f7a65806fcef7c6e2fc00a8dbafe5cff741499992b1332e3e3ecd56287ff3db	48482a7a3d27a136de97d84484ad13bfb4956f0a9cd65baacc6077dded2f3558	48482a7a3d27a136de97d84484ad13bfb4956f0a9cd65baacc6077dded2f3558	d6c95d5d2108cf0f48509b145f049568add789c637a9d0f6b2503b0b255e79c9	d6c95d5d2108cf0f48509b145f049568add789c637a9d0f6b2503b0b255e79c9	43ad6cd126fc648140749ceb350b37aacb3e84b101d0922431c96f1e2f2976d2	43ad6cd126fc648140749ceb350b37aacb3e84b101d0922431c96f1e2f2976d2	4357af8196fe960939a2d0d87d971e3eddec829be8068beb1f363378750e839c	4357af8196fe960939a2d0d87d971e3eddec829be8068beb1f363378750e839c	e3b0c44298fc1c149afbf4c8996fb92427ae41e4649b934ca495991b7852b855	e3b0c44298fc1c149afbf4c8996fb92427ae41e4649b934ca495991b7852b855	7	yes	yes	yes	no	yes	1.705	1.286	yes	-	3	0	0	0,0
pe-bz2-auto-bz@n4	bz	pe	bz2	-	0	0	0	1.756	1.424	339ce5ad82a601e08280fa109ffe36c986262d6fdae7476439c44d88e833c81e	339ce5ad82a601e08280fa109ffe36c986262d6fdae7476439c44d88e833c81e	1f7a65806fcef7c6e2fc00a8dbafe5cff741499992b1332e3e3ecd56287ff3db	1f7a65806fcef7c6e2fc00a8dbafe5cff741499992b1332e3e3ecd56287ff3db	48482a7a3d27a136de97d84484ad13bfb4956f0a9cd65baacc6077dded2f3558	48482a7a3d27a136de97d84484ad13bfb4956f0a9cd65baacc6077dded2f3558	d6c95d5d2108cf0f48509b145f049568add789c637a9d0f6b2503b0b255e79c9	d6c95d5d2108cf0f48509b145f049568add789c637a9d0f6b2503b0b255e79c9	43ad6cd126fc648140749ceb350b37aacb3e84b101d0922431c96f1e2f2976d2	43ad6cd126fc648140749ceb350b37aacb3e84b101d0922431c96f1e2f2976d2	4357af8196fe960939a2d0d87d971e3eddec829be8068beb1f363378750e839c	4357af8196fe960939a2d0d87d971e3eddec829be8068beb1f363378750e839c	e3b0c44298fc1c149afbf4c8996fb92427ae41e4649b934ca495991b7852b855	e3b0c44298fc1c149afbf4c8996fb92427ae41e4649b934ca495991b7852b855	7	yes	yes	yes	no	yes	1.705	1.336	yes	-	4	0	0	0,0,0
pe-bz2-auto-bz@n8	bz	pe	bz2	-	0	0	0	1.756	1.710	339ce5ad82a601e08280fa109ffe36c986262d6fdae7476439c44d88e833c81e	339ce5ad82a601e08280fa109ffe36c986262d6fdae7476439c44d88e833c81e	1f7a65806fcef7c6e2fc00a8dbafe5cff741499992b1332e3e3ecd56287ff3db	1f7a65806fcef7c6e2fc00a8dbafe5cff741499992b1332e3e3ecd56287ff3db	48482a7a3d27a136de97d84484ad13bfb4956f0a9cd65baacc6077dded2f3558	48482a7a3d27a136de97d84484ad13bfb4956f0a9cd65baacc6077dded2f3558	d6c95d5d2108cf0f48509b145f049568add789c637a9d0f6b2503b0b255e79c9	d6c95d5d2108cf0f48509b145f049568add789c637a9d0f6b2503b0b255e79c9	43ad6cd126fc648140749ceb350b37aacb3e84b101d0922431c96f1e2f2976d2	43ad6cd126fc648140749ceb350b37aacb3e84b101d0922431c96f1e2f2976d2	4357af8196fe960939a2d0d87d971e3eddec829be8068beb1f363378750e839c	4357af8196fe960939a2d0d87d971e3eddec829be8068beb1f363378750e839c	e3b0c44298fc1c149afbf4c8996fb92427ae41e4649b934ca495991b7852b855	e3b0c44298fc1c149afbf4c8996fb92427ae41e4649b934ca495991b7852b855	7	yes	yes	yes	no	yes	1.705	1.621	yes	-	8	0	0	0,0,0,0,0,0,0
se-bz2-flag-bz@n1	bz	se	bz2	--bzip2-compressed	0	0	0	0.899	1.279	4453c272c2a88d03f845e0ad9b10b240a89505ade11a2c31360226078597dc19	4453c272c2a88d03f845e0ad9b10b240a89505ade11a2c31360226078597dc19	73c42d13542ec2cd22ccdb598f00e6366ed23f26009eee544c77bdf38e83ebae	73c42d13542ec2cd22ccdb598f00e6366ed23f26009eee544c77bdf38e83ebae	-	-	-	-	-	-	-	-	e3b0c44298fc1c149afbf4c8996fb92427ae41e4649b934ca495991b7852b855	e3b0c44298fc1c149afbf4c8996fb92427ae41e4649b934ca495991b7852b855	3	yes	yes	yes	no	yes	0.852	1.242	yes	-	1	0	0	-
se-bz2-flag-bz@n2	bz	se	bz2	--bzip2-compressed	0	0	0	0.899	1.333	4453c272c2a88d03f845e0ad9b10b240a89505ade11a2c31360226078597dc19	4453c272c2a88d03f845e0ad9b10b240a89505ade11a2c31360226078597dc19	73c42d13542ec2cd22ccdb598f00e6366ed23f26009eee544c77bdf38e83ebae	73c42d13542ec2cd22ccdb598f00e6366ed23f26009eee544c77bdf38e83ebae	-	-	-	-	-	-	-	-	e3b0c44298fc1c149afbf4c8996fb92427ae41e4649b934ca495991b7852b855	e3b0c44298fc1c149afbf4c8996fb92427ae41e4649b934ca495991b7852b855	3	yes	yes	yes	no	yes	0.852	1.250	yes	-	2	0	0	0
se-bz2-flag-bz@n3	bz	se	bz2	--bzip2-compressed	0	0	0	0.899	1.346	4453c272c2a88d03f845e0ad9b10b240a89505ade11a2c31360226078597dc19	4453c272c2a88d03f845e0ad9b10b240a89505ade11a2c31360226078597dc19	73c42d13542ec2cd22ccdb598f00e6366ed23f26009eee544c77bdf38e83ebae	73c42d13542ec2cd22ccdb598f00e6366ed23f26009eee544c77bdf38e83ebae	-	-	-	-	-	-	-	-	e3b0c44298fc1c149afbf4c8996fb92427ae41e4649b934ca495991b7852b855	e3b0c44298fc1c149afbf4c8996fb92427ae41e4649b934ca495991b7852b855	3	yes	yes	yes	no	yes	0.852	1.260	yes	-	3	0	0	0,0
se-bz2-flag-bz@n4	bz	se	bz2	--bzip2-compressed	0	0	0	0.899	1.327	4453c272c2a88d03f845e0ad9b10b240a89505ade11a2c31360226078597dc19	4453c272c2a88d03f845e0ad9b10b240a89505ade11a2c31360226078597dc19	73c42d13542ec2cd22ccdb598f00e6366ed23f26009eee544c77bdf38e83ebae	73c42d13542ec2cd22ccdb598f00e6366ed23f26009eee544c77bdf38e83ebae	-	-	-	-	-	-	-	-	e3b0c44298fc1c149afbf4c8996fb92427ae41e4649b934ca495991b7852b855	e3b0c44298fc1c149afbf4c8996fb92427ae41e4649b934ca495991b7852b855	3	yes	yes	yes	no	yes	0.852	1.243	yes	-	4	0	0	0,0,0
se-bz2-flag-bz@n8	bz	se	bz2	--bzip2-compressed	0	0	0	0.899	1.416	4453c272c2a88d03f845e0ad9b10b240a89505ade11a2c31360226078597dc19	4453c272c2a88d03f845e0ad9b10b240a89505ade11a2c31360226078597dc19	73c42d13542ec2cd22ccdb598f00e6366ed23f26009eee544c77bdf38e83ebae	73c42d13542ec2cd22ccdb598f00e6366ed23f26009eee544c77bdf38e83ebae	-	-	-	-	-	-	-	-	e3b0c44298fc1c149afbf4c8996fb92427ae41e4649b934ca495991b7852b855	e3b0c44298fc1c149afbf4c8996fb92427ae41e4649b934ca495991b7852b855	3	yes	yes	yes	no	yes	0.852	1.330	yes	-	8	0	0	0,0,0,0,0,0,0
pe-db-by-name-S1@n1	S1	pe	fq	ENV:KRAKEN2_DB_PATH=/nonexistent::@DBPARENT --db @DBNAME	0	0	0	0.294	0.246	bebbf3380833d5da28c6a6dce448303048d70fb295acc72b85b7dcb11e2c5c0f	bebbf3380833d5da28c6a6dce448303048d70fb295acc72b85b7dcb11e2c5c0f	14c3ea3aa2f37f0b9b3ecee9f5073289b73b4245ee3c861d104f5d17d481bba7	14c3ea3aa2f37f0b9b3ecee9f5073289b73b4245ee3c861d104f5d17d481bba7	-	-	-	-	-	-	-	-	e3b0c44298fc1c149afbf4c8996fb92427ae41e4649b934ca495991b7852b855	e3b0c44298fc1c149afbf4c8996fb92427ae41e4649b934ca495991b7852b855	3	yes	yes	yes	no	yes	0.248	0.206	yes	-	1	0	0	-
pe-db-by-name-S1@n2	S1	pe	fq	ENV:KRAKEN2_DB_PATH=/nonexistent::@DBPARENT --db @DBNAME	0	0	0	0.294	0.267	bebbf3380833d5da28c6a6dce448303048d70fb295acc72b85b7dcb11e2c5c0f	bebbf3380833d5da28c6a6dce448303048d70fb295acc72b85b7dcb11e2c5c0f	14c3ea3aa2f37f0b9b3ecee9f5073289b73b4245ee3c861d104f5d17d481bba7	14c3ea3aa2f37f0b9b3ecee9f5073289b73b4245ee3c861d104f5d17d481bba7	-	-	-	-	-	-	-	-	e3b0c44298fc1c149afbf4c8996fb92427ae41e4649b934ca495991b7852b855	e3b0c44298fc1c149afbf4c8996fb92427ae41e4649b934ca495991b7852b855	3	yes	yes	yes	no	yes	0.248	0.179	yes	-	2	0	0	0
pe-db-by-name-S1@n3	S1	pe	fq	ENV:KRAKEN2_DB_PATH=/nonexistent::@DBPARENT --db @DBNAME	0	0	0	0.294	0.243	bebbf3380833d5da28c6a6dce448303048d70fb295acc72b85b7dcb11e2c5c0f	bebbf3380833d5da28c6a6dce448303048d70fb295acc72b85b7dcb11e2c5c0f	14c3ea3aa2f37f0b9b3ecee9f5073289b73b4245ee3c861d104f5d17d481bba7	14c3ea3aa2f37f0b9b3ecee9f5073289b73b4245ee3c861d104f5d17d481bba7	-	-	-	-	-	-	-	-	e3b0c44298fc1c149afbf4c8996fb92427ae41e4649b934ca495991b7852b855	e3b0c44298fc1c149afbf4c8996fb92427ae41e4649b934ca495991b7852b855	3	yes	yes	yes	no	yes	0.248	0.163	yes	-	3	1	0	0,0
pe-db-by-name-S1@n4	S1	pe	fq	ENV:KRAKEN2_DB_PATH=/nonexistent::@DBPARENT --db @DBNAME	0	0	0	0.294	0.259	bebbf3380833d5da28c6a6dce448303048d70fb295acc72b85b7dcb11e2c5c0f	bebbf3380833d5da28c6a6dce448303048d70fb295acc72b85b7dcb11e2c5c0f	14c3ea3aa2f37f0b9b3ecee9f5073289b73b4245ee3c861d104f5d17d481bba7	14c3ea3aa2f37f0b9b3ecee9f5073289b73b4245ee3c861d104f5d17d481bba7	-	-	-	-	-	-	-	-	e3b0c44298fc1c149afbf4c8996fb92427ae41e4649b934ca495991b7852b855	e3b0c44298fc1c149afbf4c8996fb92427ae41e4649b934ca495991b7852b855	3	yes	yes	yes	no	yes	0.248	0.171	yes	-	4	0	0	0,0,0
pe-db-by-name-S1@n8	S1	pe	fq	ENV:KRAKEN2_DB_PATH=/nonexistent::@DBPARENT --db @DBNAME	0	0	0	0.294	0.251	bebbf3380833d5da28c6a6dce448303048d70fb295acc72b85b7dcb11e2c5c0f	bebbf3380833d5da28c6a6dce448303048d70fb295acc72b85b7dcb11e2c5c0f	14c3ea3aa2f37f0b9b3ecee9f5073289b73b4245ee3c861d104f5d17d481bba7	14c3ea3aa2f37f0b9b3ecee9f5073289b73b4245ee3c861d104f5d17d481bba7	-	-	-	-	-	-	-	-	e3b0c44298fc1c149afbf4c8996fb92427ae41e4649b934ca495991b7852b855	e3b0c44298fc1c149afbf4c8996fb92427ae41e4649b934ca495991b7852b855	3	yes	yes	yes	no	yes	0.248	0.165	yes	-	8	0	0	0,0,0,0,0,0,0
se-env-threads-S3@n1	S3	se	fq	ENV:KRAKEN2_NUM_THREADS=3 NOTHREADS	0	0	0	0.365	0.262	2dd121e3bac34ae6091c0ac8cbf0a8512cb9c35c6f399f8af11e0f14b9ae97b6	2dd121e3bac34ae6091c0ac8cbf0a8512cb9c35c6f399f8af11e0f14b9ae97b6	af96dfbe74f6ee9ecf9fe52f077628c7c99d2d09960ba0e94bcb11a8e843a3e6	af96dfbe74f6ee9ecf9fe52f077628c7c99d2d09960ba0e94bcb11a8e843a3e6	-	-	-	-	-	-	-	-	e3b0c44298fc1c149afbf4c8996fb92427ae41e4649b934ca495991b7852b855	e3b0c44298fc1c149afbf4c8996fb92427ae41e4649b934ca495991b7852b855	3	yes	yes	yes	no	yes	0.321	0.225	yes	-	1	0	0	-
se-env-threads-S3@n2	S3	se	fq	ENV:KRAKEN2_NUM_THREADS=3 NOTHREADS	0	0	0	0.365	0.236	2dd121e3bac34ae6091c0ac8cbf0a8512cb9c35c6f399f8af11e0f14b9ae97b6	2dd121e3bac34ae6091c0ac8cbf0a8512cb9c35c6f399f8af11e0f14b9ae97b6	af96dfbe74f6ee9ecf9fe52f077628c7c99d2d09960ba0e94bcb11a8e843a3e6	af96dfbe74f6ee9ecf9fe52f077628c7c99d2d09960ba0e94bcb11a8e843a3e6	-	-	-	-	-	-	-	-	e3b0c44298fc1c149afbf4c8996fb92427ae41e4649b934ca495991b7852b855	e3b0c44298fc1c149afbf4c8996fb92427ae41e4649b934ca495991b7852b855	3	yes	yes	yes	no	yes	0.321	0.156	yes	-	2	0	0	0
se-env-threads-S3@n3	S3	se	fq	ENV:KRAKEN2_NUM_THREADS=3 NOTHREADS	0	0	0	0.365	0.198	2dd121e3bac34ae6091c0ac8cbf0a8512cb9c35c6f399f8af11e0f14b9ae97b6	2dd121e3bac34ae6091c0ac8cbf0a8512cb9c35c6f399f8af11e0f14b9ae97b6	af96dfbe74f6ee9ecf9fe52f077628c7c99d2d09960ba0e94bcb11a8e843a3e6	af96dfbe74f6ee9ecf9fe52f077628c7c99d2d09960ba0e94bcb11a8e843a3e6	-	-	-	-	-	-	-	-	e3b0c44298fc1c149afbf4c8996fb92427ae41e4649b934ca495991b7852b855	e3b0c44298fc1c149afbf4c8996fb92427ae41e4649b934ca495991b7852b855	3	yes	yes	yes	no	yes	0.321	0.112	yes	-	3	0	0	0,0
se-env-threads-S3@n4	S3	se	fq	ENV:KRAKEN2_NUM_THREADS=3 NOTHREADS	0	0	0	0.365	0.196	2dd121e3bac34ae6091c0ac8cbf0a8512cb9c35c6f399f8af11e0f14b9ae97b6	2dd121e3bac34ae6091c0ac8cbf0a8512cb9c35c6f399f8af11e0f14b9ae97b6	af96dfbe74f6ee9ecf9fe52f077628c7c99d2d09960ba0e94bcb11a8e843a3e6	af96dfbe74f6ee9ecf9fe52f077628c7c99d2d09960ba0e94bcb11a8e843a3e6	-	-	-	-	-	-	-	-	e3b0c44298fc1c149afbf4c8996fb92427ae41e4649b934ca495991b7852b855	e3b0c44298fc1c149afbf4c8996fb92427ae41e4649b934ca495991b7852b855	3	yes	yes	yes	no	yes	0.321	0.109	yes	-	4	0	0	0,0,0
se-env-threads-S3@n8	S3	se	fq	ENV:KRAKEN2_NUM_THREADS=3 NOTHREADS	0	0	0	0.365	0.183	2dd121e3bac34ae6091c0ac8cbf0a8512cb9c35c6f399f8af11e0f14b9ae97b6	2dd121e3bac34ae6091c0ac8cbf0a8512cb9c35c6f399f8af11e0f14b9ae97b6	af96dfbe74f6ee9ecf9fe52f077628c7c99d2d09960ba0e94bcb11a8e843a3e6	af96dfbe74f6ee9ecf9fe52f077628c7c99d2d09960ba0e94bcb11a8e843a3e6	-	-	-	-	-	-	-	-	e3b0c44298fc1c149afbf4c8996fb92427ae41e4649b934ca495991b7852b855	e3b0c44298fc1c149afbf4c8996fb92427ae41e4649b934ca495991b7852b855	3	yes	yes	yes	no	yes	0.321	0.097	yes	-	8	0	0	0,0,0,0,0,0,0
se-report-unwritable-S1@n1	S1	se	fq	-	0	0	0	0.172	0.164	546f76b00aa4dd848e4c55c4ff89001d77b3ac88bc618080c63743712a753531	546f76b00aa4dd848e4c55c4ff89001d77b3ac88bc618080c63743712a753531	absent	absent	-	-	-	-	-	-	-	-	e3b0c44298fc1c149afbf4c8996fb92427ae41e4649b934ca495991b7852b855	e3b0c44298fc1c149afbf4c8996fb92427ae41e4649b934ca495991b7852b855	3	yes	yes	yes	no	yes	0.127	0.126	yes	-	1	0	0	-
se-report-unwritable-S1@n2	S1	se	fq	-	0	0	0	0.172	0.188	546f76b00aa4dd848e4c55c4ff89001d77b3ac88bc618080c63743712a753531	546f76b00aa4dd848e4c55c4ff89001d77b3ac88bc618080c63743712a753531	absent	absent	-	-	-	-	-	-	-	-	e3b0c44298fc1c149afbf4c8996fb92427ae41e4649b934ca495991b7852b855	e3b0c44298fc1c149afbf4c8996fb92427ae41e4649b934ca495991b7852b855	3	yes	yes	yes	no	yes	0.127	0.108	yes	-	2	0	0	0
se-report-unwritable-S1@n3	S1	se	fq	-	0	0	0	0.172	0.183	546f76b00aa4dd848e4c55c4ff89001d77b3ac88bc618080c63743712a753531	546f76b00aa4dd848e4c55c4ff89001d77b3ac88bc618080c63743712a753531	absent	absent	-	-	-	-	-	-	-	-	e3b0c44298fc1c149afbf4c8996fb92427ae41e4649b934ca495991b7852b855	e3b0c44298fc1c149afbf4c8996fb92427ae41e4649b934ca495991b7852b855	3	yes	yes	yes	no	yes	0.127	0.098	yes	-	3	0	0	0,0
se-report-unwritable-S1@n4	S1	se	fq	-	0	0	0	0.172	0.184	546f76b00aa4dd848e4c55c4ff89001d77b3ac88bc618080c63743712a753531	546f76b00aa4dd848e4c55c4ff89001d77b3ac88bc618080c63743712a753531	absent	absent	-	-	-	-	-	-	-	-	e3b0c44298fc1c149afbf4c8996fb92427ae41e4649b934ca495991b7852b855	e3b0c44298fc1c149afbf4c8996fb92427ae41e4649b934ca495991b7852b855	3	yes	yes	yes	no	yes	0.127	0.098	yes	-	4	0	0	0,0,0
se-report-unwritable-S1@n8	S1	se	fq	-	0	0	0	0.172	0.174	546f76b00aa4dd848e4c55c4ff89001d77b3ac88bc618080c63743712a753531	546f76b00aa4dd848e4c55c4ff89001d77b3ac88bc618080c63743712a753531	absent	absent	-	-	-	-	-	-	-	-	e3b0c44298fc1c149afbf4c8996fb92427ae41e4649b934ca495991b7852b855	e3b0c44298fc1c149afbf4c8996fb92427ae41e4649b934ca495991b7852b855	3	yes	yes	yes	no	yes	0.127	0.087	yes	-	8	0	0	0,0,0,0,0,0,0
se-seqout-unwritable-S1@n1	S1	se	fq	-	0	0	0	0.175	0.166	546f76b00aa4dd848e4c55c4ff89001d77b3ac88bc618080c63743712a753531	546f76b00aa4dd848e4c55c4ff89001d77b3ac88bc618080c63743712a753531	-	-	absent	absent	-	-	absent	absent	-	-	e3b0c44298fc1c149afbf4c8996fb92427ae41e4649b934ca495991b7852b855	e3b0c44298fc1c149afbf4c8996fb92427ae41e4649b934ca495991b7852b855	4	yes	yes	yes	no	yes	0.130	0.128	yes	-	1	0	0	-
se-seqout-unwritable-S1@n2	S1	se	fq	-	0	0	0	0.175	0.187	546f76b00aa4dd848e4c55c4ff89001d77b3ac88bc618080c63743712a753531	546f76b00aa4dd848e4c55c4ff89001d77b3ac88bc618080c63743712a753531	-	-	absent	absent	-	-	absent	absent	-	-	e3b0c44298fc1c149afbf4c8996fb92427ae41e4649b934ca495991b7852b855	e3b0c44298fc1c149afbf4c8996fb92427ae41e4649b934ca495991b7852b855	4	yes	yes	yes	no	yes	0.130	0.108	yes	-	2	0	0	0
se-seqout-unwritable-S1@n3	S1	se	fq	-	0	0	0	0.175	0.186	546f76b00aa4dd848e4c55c4ff89001d77b3ac88bc618080c63743712a753531	546f76b00aa4dd848e4c55c4ff89001d77b3ac88bc618080c63743712a753531	-	-	absent	absent	-	-	absent	absent	-	-	e3b0c44298fc1c149afbf4c8996fb92427ae41e4649b934ca495991b7852b855	e3b0c44298fc1c149afbf4c8996fb92427ae41e4649b934ca495991b7852b855	4	yes	yes	yes	no	yes	0.130	0.101	yes	-	3	0	0	0,0
se-seqout-unwritable-S1@n4	S1	se	fq	-	0	0	0	0.175	0.192	546f76b00aa4dd848e4c55c4ff89001d77b3ac88bc618080c63743712a753531	546f76b00aa4dd848e4c55c4ff89001d77b3ac88bc618080c63743712a753531	-	-	absent	absent	-	-	absent	absent	-	-	e3b0c44298fc1c149afbf4c8996fb92427ae41e4649b934ca495991b7852b855	e3b0c44298fc1c149afbf4c8996fb92427ae41e4649b934ca495991b7852b855	4	yes	yes	yes	no	yes	0.130	0.107	yes	-	4	0	0	0,0,0
se-seqout-unwritable-S1@n8	S1	se	fq	-	0	0	0	0.175	0.186	546f76b00aa4dd848e4c55c4ff89001d77b3ac88bc618080c63743712a753531	546f76b00aa4dd848e4c55c4ff89001d77b3ac88bc618080c63743712a753531	-	-	absent	absent	-	-	absent	absent	-	-	e3b0c44298fc1c149afbf4c8996fb92427ae41e4649b934ca495991b7852b855	e3b0c44298fc1c149afbf4c8996fb92427ae41e4649b934ca495991b7852b855	4	yes	yes	yes	no	yes	0.130	0.100	yes	-	8	0	0	0,0,0,0,0,0,0
pe-seqout-unwritable-S1@n1	S1	pe	fq	-	1	1	1	0.044	0.032	absent	absent	-	-	absent	absent	absent	absent	absent	absent	absent	absent	e3b0c44298fc1c149afbf4c8996fb92427ae41e4649b934ca495991b7852b855	e3b0c44298fc1c149afbf4c8996fb92427ae41e4649b934ca495991b7852b855	6	yes	yes	yes	no	yes	-	-	yes	-	1	0	0	-
pe-seqout-unwritable-S1@n2	S1	pe	fq	-	1	1	1	0.044	0.087	absent	absent	-	-	absent	absent	absent	absent	absent	absent	absent	absent	e3b0c44298fc1c149afbf4c8996fb92427ae41e4649b934ca495991b7852b855	e3b0c44298fc1c149afbf4c8996fb92427ae41e4649b934ca495991b7852b855	6	yes	yes	yes	no	yes	-	-	yes	-	2	0	0	1
pe-seqout-unwritable-S1@n3	S1	pe	fq	-	1	1	1	0.044	0.096	absent	absent	-	-	absent	absent	absent	absent	absent	absent	absent	absent	e3b0c44298fc1c149afbf4c8996fb92427ae41e4649b934ca495991b7852b855	e3b0c44298fc1c149afbf4c8996fb92427ae41e4649b934ca495991b7852b855	6	yes	yes	yes	no	yes	-	-	yes	-	3	0	0	1,1
pe-seqout-unwritable-S1@n4	S1	pe	fq	-	1	1	1	0.044	0.096	absent	absent	-	-	absent	absent	absent	absent	absent	absent	absent	absent	e3b0c44298fc1c149afbf4c8996fb92427ae41e4649b934ca495991b7852b855	e3b0c44298fc1c149afbf4c8996fb92427ae41e4649b934ca495991b7852b855	6	yes	yes	yes	no	yes	-	-	yes	-	4	0	0	1,1,1
pe-seqout-unwritable-S1@n8	S1	pe	fq	-	1	1	1	0.044	0.108	absent	absent	-	-	absent	absent	absent	absent	absent	absent	absent	absent	e3b0c44298fc1c149afbf4c8996fb92427ae41e4649b934ca495991b7852b855	e3b0c44298fc1c149afbf4c8996fb92427ae41e4649b934ca495991b7852b855	6	yes	yes	yes	no	yes	-	-	yes	-	8	0	0	1,1,1,1,1,1,1
se-output-unwritable-S1@n1	S1	se	fq	-	1	1	1	0.043	0.033	absent	absent	absent	absent	-	-	-	-	-	-	-	-	e3b0c44298fc1c149afbf4c8996fb92427ae41e4649b934ca495991b7852b855	e3b0c44298fc1c149afbf4c8996fb92427ae41e4649b934ca495991b7852b855	3	yes	yes	yes	no	yes	-	-	yes	-	1	0	0	-
se-output-unwritable-S1@n2	S1	se	fq	-	1	1	1	0.043	0.081	absent	absent	absent	absent	-	-	-	-	-	-	-	-	e3b0c44298fc1c149afbf4c8996fb92427ae41e4649b934ca495991b7852b855	e3b0c44298fc1c149afbf4c8996fb92427ae41e4649b934ca495991b7852b855	3	yes	yes	yes	no	yes	-	-	yes	-	2	0	0	1
se-output-unwritable-S1@n3	S1	se	fq	-	1	1	1	0.043	0.138	absent	absent	absent	absent	-	-	-	-	-	-	-	-	e3b0c44298fc1c149afbf4c8996fb92427ae41e4649b934ca495991b7852b855	e3b0c44298fc1c149afbf4c8996fb92427ae41e4649b934ca495991b7852b855	3	yes	yes	yes	no	yes	-	-	yes	-	3	0	0	1,1
se-output-unwritable-S1@n4	S1	se	fq	-	1	1	1	0.043	0.092	absent	absent	absent	absent	-	-	-	-	-	-	-	-	e3b0c44298fc1c149afbf4c8996fb92427ae41e4649b934ca495991b7852b855	e3b0c44298fc1c149afbf4c8996fb92427ae41e4649b934ca495991b7852b855	3	yes	yes	yes	no	yes	-	-	yes	-	4	0	0	1,1,1
se-output-unwritable-S1@n8	S1	se	fq	-	1	1	1	0.043	0.100	absent	absent	absent	absent	-	-	-	-	-	-	-	-	e3b0c44298fc1c149afbf4c8996fb92427ae41e4649b934ca495991b7852b855	e3b0c44298fc1c149afbf4c8996fb92427ae41e4649b934ca495991b7852b855	3	yes	yes	yes	no	yes	-	-	yes	-	8	0	0	1,1,1,1,1,1,1
pe-empty-then-S1-empty,S1@n1	empty,S1	pe	fq	-	0	0	0	0.307	0.259	bebbf3380833d5da28c6a6dce448303048d70fb295acc72b85b7dcb11e2c5c0f	bebbf3380833d5da28c6a6dce448303048d70fb295acc72b85b7dcb11e2c5c0f	14c3ea3aa2f37f0b9b3ecee9f5073289b73b4245ee3c861d104f5d17d481bba7	14c3ea3aa2f37f0b9b3ecee9f5073289b73b4245ee3c861d104f5d17d481bba7	15029537e2f044acdd4e9669a526f0e2daefc10e854fab7766f0bd0e6e890b7e	15029537e2f044acdd4e9669a526f0e2daefc10e854fab7766f0bd0e6e890b7e	ff14da7e23ef4894d072aaa05faae67251074cf25f5e413a3b11f36e8012290f	ff14da7e23ef4894d072aaa05faae67251074cf25f5e413a3b11f36e8012290f	bf883ecd6026c3e1dbfc0ae9cd8f0b490bd77bb8f932d7f72cf2b3b9fc4e52e3	bf883ecd6026c3e1dbfc0ae9cd8f0b490bd77bb8f932d7f72cf2b3b9fc4e52e3	241e14d711f6173eacc3c1f196df563165b6879a88abb996d243fbe6711ca266	241e14d711f6173eacc3c1f196df563165b6879a88abb996d243fbe6711ca266	e3b0c44298fc1c149afbf4c8996fb92427ae41e4649b934ca495991b7852b855	e3b0c44298fc1c149afbf4c8996fb92427ae41e4649b934ca495991b7852b855	7	yes	yes	yes	no	yes	0.259	0.216	yes	-	1	0	0	-
pe-empty-then-S1-empty,S1@n2	empty,S1	pe	fq	-	0	0	0	0.307	0.284	bebbf3380833d5da28c6a6dce448303048d70fb295acc72b85b7dcb11e2c5c0f	bebbf3380833d5da28c6a6dce448303048d70fb295acc72b85b7dcb11e2c5c0f	14c3ea3aa2f37f0b9b3ecee9f5073289b73b4245ee3c861d104f5d17d481bba7	14c3ea3aa2f37f0b9b3ecee9f5073289b73b4245ee3c861d104f5d17d481bba7	15029537e2f044acdd4e9669a526f0e2daefc10e854fab7766f0bd0e6e890b7e	15029537e2f044acdd4e9669a526f0e2daefc10e854fab7766f0bd0e6e890b7e	ff14da7e23ef4894d072aaa05faae67251074cf25f5e413a3b11f36e8012290f	ff14da7e23ef4894d072aaa05faae67251074cf25f5e413a3b11f36e8012290f	bf883ecd6026c3e1dbfc0ae9cd8f0b490bd77bb8f932d7f72cf2b3b9fc4e52e3	bf883ecd6026c3e1dbfc0ae9cd8f0b490bd77bb8f932d7f72cf2b3b9fc4e52e3	241e14d711f6173eacc3c1f196df563165b6879a88abb996d243fbe6711ca266	241e14d711f6173eacc3c1f196df563165b6879a88abb996d243fbe6711ca266	e3b0c44298fc1c149afbf4c8996fb92427ae41e4649b934ca495991b7852b855	e3b0c44298fc1c149afbf4c8996fb92427ae41e4649b934ca495991b7852b855	7	yes	yes	yes	no	yes	0.259	0.199	yes	-	2	0	0	0
pe-empty-then-S1-empty,S1@n3	empty,S1	pe	fq	-	0	0	0	0.307	0.261	bebbf3380833d5da28c6a6dce448303048d70fb295acc72b85b7dcb11e2c5c0f	bebbf3380833d5da28c6a6dce448303048d70fb295acc72b85b7dcb11e2c5c0f	14c3ea3aa2f37f0b9b3ecee9f5073289b73b4245ee3c861d104f5d17d481bba7	14c3ea3aa2f37f0b9b3ecee9f5073289b73b4245ee3c861d104f5d17d481bba7	15029537e2f044acdd4e9669a526f0e2daefc10e854fab7766f0bd0e6e890b7e	15029537e2f044acdd4e9669a526f0e2daefc10e854fab7766f0bd0e6e890b7e	ff14da7e23ef4894d072aaa05faae67251074cf25f5e413a3b11f36e8012290f	ff14da7e23ef4894d072aaa05faae67251074cf25f5e413a3b11f36e8012290f	bf883ecd6026c3e1dbfc0ae9cd8f0b490bd77bb8f932d7f72cf2b3b9fc4e52e3	bf883ecd6026c3e1dbfc0ae9cd8f0b490bd77bb8f932d7f72cf2b3b9fc4e52e3	241e14d711f6173eacc3c1f196df563165b6879a88abb996d243fbe6711ca266	241e14d711f6173eacc3c1f196df563165b6879a88abb996d243fbe6711ca266	e3b0c44298fc1c149afbf4c8996fb92427ae41e4649b934ca495991b7852b855	e3b0c44298fc1c149afbf4c8996fb92427ae41e4649b934ca495991b7852b855	7	yes	yes	yes	no	yes	0.259	0.180	yes	-	3	1	0	0,0
pe-empty-then-S1-empty,S1@n4	empty,S1	pe	fq	-	0	0	0	0.307	0.265	bebbf3380833d5da28c6a6dce448303048d70fb295acc72b85b7dcb11e2c5c0f	bebbf3380833d5da28c6a6dce448303048d70fb295acc72b85b7dcb11e2c5c0f	14c3ea3aa2f37f0b9b3ecee9f5073289b73b4245ee3c861d104f5d17d481bba7	14c3ea3aa2f37f0b9b3ecee9f5073289b73b4245ee3c861d104f5d17d481bba7	15029537e2f044acdd4e9669a526f0e2daefc10e854fab7766f0bd0e6e890b7e	15029537e2f044acdd4e9669a526f0e2daefc10e854fab7766f0bd0e6e890b7e	ff14da7e23ef4894d072aaa05faae67251074cf25f5e413a3b11f36e8012290f	ff14da7e23ef4894d072aaa05faae67251074cf25f5e413a3b11f36e8012290f	bf883ecd6026c3e1dbfc0ae9cd8f0b490bd77bb8f932d7f72cf2b3b9fc4e52e3	bf883ecd6026c3e1dbfc0ae9cd8f0b490bd77bb8f932d7f72cf2b3b9fc4e52e3	241e14d711f6173eacc3c1f196df563165b6879a88abb996d243fbe6711ca266	241e14d711f6173eacc3c1f196df563165b6879a88abb996d243fbe6711ca266	e3b0c44298fc1c149afbf4c8996fb92427ae41e4649b934ca495991b7852b855	e3b0c44298fc1c149afbf4c8996fb92427ae41e4649b934ca495991b7852b855	7	yes	yes	yes	no	yes	0.259	0.178	yes	-	4	0	0	0,0,0
pe-empty-then-S1-empty,S1@n8	empty,S1	pe	fq	-	0	0	0	0.307	0.272	bebbf3380833d5da28c6a6dce448303048d70fb295acc72b85b7dcb11e2c5c0f	bebbf3380833d5da28c6a6dce448303048d70fb295acc72b85b7dcb11e2c5c0f	14c3ea3aa2f37f0b9b3ecee9f5073289b73b4245ee3c861d104f5d17d481bba7	14c3ea3aa2f37f0b9b3ecee9f5073289b73b4245ee3c861d104f5d17d481bba7	15029537e2f044acdd4e9669a526f0e2daefc10e854fab7766f0bd0e6e890b7e	15029537e2f044acdd4e9669a526f0e2daefc10e854fab7766f0bd0e6e890b7e	ff14da7e23ef4894d072aaa05faae67251074cf25f5e413a3b11f36e8012290f	ff14da7e23ef4894d072aaa05faae67251074cf25f5e413a3b11f36e8012290f	bf883ecd6026c3e1dbfc0ae9cd8f0b490bd77bb8f932d7f72cf2b3b9fc4e52e3	bf883ecd6026c3e1dbfc0ae9cd8f0b490bd77bb8f932d7f72cf2b3b9fc4e52e3	241e14d711f6173eacc3c1f196df563165b6879a88abb996d243fbe6711ca266	241e14d711f6173eacc3c1f196df563165b6879a88abb996d243fbe6711ca266	e3b0c44298fc1c149afbf4c8996fb92427ae41e4649b934ca495991b7852b855	e3b0c44298fc1c149afbf4c8996fb92427ae41e4649b934ca495991b7852b855	7	yes	yes	yes	no	yes	0.259	0.184	yes	-	8	0	0	0,0,0,0,0,0,0
pe-mates-differ-mates@n1	mates	pe	fq	-	65	65	65	0.292	0.230	276d3269e3a77ee06ac6e3c0d46bcefe67b039039539c5345cd5f9ea9f4de8c7	276d3269e3a77ee06ac6e3c0d46bcefe67b039039539c5345cd5f9ea9f4de8c7	absent	absent	48482a7a3d27a136de97d84484ad13bfb4956f0a9cd65baacc6077dded2f3558	48482a7a3d27a136de97d84484ad13bfb4956f0a9cd65baacc6077dded2f3558	d6c95d5d2108cf0f48509b145f049568add789c637a9d0f6b2503b0b255e79c9	d6c95d5d2108cf0f48509b145f049568add789c637a9d0f6b2503b0b255e79c9	52a8d786f177302d64a3c5810e24c4d723582ac8cc71340f5717242b107563d2	52a8d786f177302d64a3c5810e24c4d723582ac8cc71340f5717242b107563d2	a24108c1be1849e59b9d081ff0b2d7d20191af01c80fc736da98b695246154f0	a24108c1be1849e59b9d081ff0b2d7d20191af01c80fc736da98b695246154f0	e3b0c44298fc1c149afbf4c8996fb92427ae41e4649b934ca495991b7852b855	e3b0c44298fc1c149afbf4c8996fb92427ae41e4649b934ca495991b7852b855	7	yes	yes	yes	no	yes	-	-	yes	-	1	0	0	-
pe-mates-differ-mates@n2	mates	pe	fq	-	65	65	65	0.292	0.254	276d3269e3a77ee06ac6e3c0d46bcefe67b039039539c5345cd5f9ea9f4de8c7	276d3269e3a77ee06ac6e3c0d46bcefe67b039039539c5345cd5f9ea9f4de8c7	absent	absent	48482a7a3d27a136de97d84484ad13bfb4956f0a9cd65baacc6077dded2f3558	48482a7a3d27a136de97d84484ad13bfb4956f0a9cd65baacc6077dded2f3558	d6c95d5d2108cf0f48509b145f049568add789c637a9d0f6b2503b0b255e79c9	d6c95d5d2108cf0f48509b145f049568add789c637a9d0f6b2503b0b255e79c9	52a8d786f177302d64a3c5810e24c4d723582ac8cc71340f5717242b107563d2	52a8d786f177302d64a3c5810e24c4d723582ac8cc71340f5717242b107563d2	a24108c1be1849e59b9d081ff0b2d7d20191af01c80fc736da98b695246154f0	a24108c1be1849e59b9d081ff0b2d7d20191af01c80fc736da98b695246154f0	e3b0c44298fc1c149afbf4c8996fb92427ae41e4649b934ca495991b7852b855	e3b0c44298fc1c149afbf4c8996fb92427ae41e4649b934ca495991b7852b855	7	yes	yes	yes	no	yes	-	-	yes	-	2	0	0	65
pe-mates-differ-mates@n3	mates	pe	fq	-	65	65	65	0.292	0.254	276d3269e3a77ee06ac6e3c0d46bcefe67b039039539c5345cd5f9ea9f4de8c7	276d3269e3a77ee06ac6e3c0d46bcefe67b039039539c5345cd5f9ea9f4de8c7	absent	absent	48482a7a3d27a136de97d84484ad13bfb4956f0a9cd65baacc6077dded2f3558	48482a7a3d27a136de97d84484ad13bfb4956f0a9cd65baacc6077dded2f3558	d6c95d5d2108cf0f48509b145f049568add789c637a9d0f6b2503b0b255e79c9	d6c95d5d2108cf0f48509b145f049568add789c637a9d0f6b2503b0b255e79c9	52a8d786f177302d64a3c5810e24c4d723582ac8cc71340f5717242b107563d2	52a8d786f177302d64a3c5810e24c4d723582ac8cc71340f5717242b107563d2	a24108c1be1849e59b9d081ff0b2d7d20191af01c80fc736da98b695246154f0	a24108c1be1849e59b9d081ff0b2d7d20191af01c80fc736da98b695246154f0	e3b0c44298fc1c149afbf4c8996fb92427ae41e4649b934ca495991b7852b855	e3b0c44298fc1c149afbf4c8996fb92427ae41e4649b934ca495991b7852b855	7	yes	yes	yes	no	yes	-	-	yes	-	3	0	0	65,65
pe-mates-differ-mates@n4	mates	pe	fq	-	65	65	65	0.292	0.244	276d3269e3a77ee06ac6e3c0d46bcefe67b039039539c5345cd5f9ea9f4de8c7	276d3269e3a77ee06ac6e3c0d46bcefe67b039039539c5345cd5f9ea9f4de8c7	absent	absent	48482a7a3d27a136de97d84484ad13bfb4956f0a9cd65baacc6077dded2f3558	48482a7a3d27a136de97d84484ad13bfb4956f0a9cd65baacc6077dded2f3558	d6c95d5d2108cf0f48509b145f049568add789c637a9d0f6b2503b0b255e79c9	d6c95d5d2108cf0f48509b145f049568add789c637a9d0f6b2503b0b255e79c9	52a8d786f177302d64a3c5810e24c4d723582ac8cc71340f5717242b107563d2	52a8d786f177302d64a3c5810e24c4d723582ac8cc71340f5717242b107563d2	a24108c1be1849e59b9d081ff0b2d7d20191af01c80fc736da98b695246154f0	a24108c1be1849e59b9d081ff0b2d7d20191af01c80fc736da98b695246154f0	e3b0c44298fc1c149afbf4c8996fb92427ae41e4649b934ca495991b7852b855	e3b0c44298fc1c149afbf4c8996fb92427ae41e4649b934ca495991b7852b855	7	yes	yes	yes	no	yes	-	-	yes	-	4	0	0	65,65,65
pe-mates-differ-mates@n8	mates	pe	fq	-	65	65	65	0.292	0.251	276d3269e3a77ee06ac6e3c0d46bcefe67b039039539c5345cd5f9ea9f4de8c7	276d3269e3a77ee06ac6e3c0d46bcefe67b039039539c5345cd5f9ea9f4de8c7	absent	absent	48482a7a3d27a136de97d84484ad13bfb4956f0a9cd65baacc6077dded2f3558	48482a7a3d27a136de97d84484ad13bfb4956f0a9cd65baacc6077dded2f3558	d6c95d5d2108cf0f48509b145f049568add789c637a9d0f6b2503b0b255e79c9	d6c95d5d2108cf0f48509b145f049568add789c637a9d0f6b2503b0b255e79c9	52a8d786f177302d64a3c5810e24c4d723582ac8cc71340f5717242b107563d2	52a8d786f177302d64a3c5810e24c4d723582ac8cc71340f5717242b107563d2	a24108c1be1849e59b9d081ff0b2d7d20191af01c80fc736da98b695246154f0	a24108c1be1849e59b9d081ff0b2d7d20191af01c80fc736da98b695246154f0	e3b0c44298fc1c149afbf4c8996fb92427ae41e4649b934ca495991b7852b855	e3b0c44298fc1c149afbf4c8996fb92427ae41e4649b934ca495991b7852b855	7	yes	yes	yes	no	yes	-	-	yes	-	8	0	0	65,65,65,65,65,65,65
pe-cls-nohash-S1@n1	S1	pe	fq	-	65	65	65	0.045	0.033	absent	absent	-	-	absent	absent	-	-	-	-	-	-	e3b0c44298fc1c149afbf4c8996fb92427ae41e4649b934ca495991b7852b855	e3b0c44298fc1c149afbf4c8996fb92427ae41e4649b934ca495991b7852b855	3	yes	yes	yes	no	yes	-	-	yes	-	1	0	0	-
pe-cls-nohash-S1@n2	S1	pe	fq	-	65	65	65	0.045	0.085	absent	absent	-	-	absent	absent	-	-	-	-	-	-	e3b0c44298fc1c149afbf4c8996fb92427ae41e4649b934ca495991b7852b855	e3b0c44298fc1c149afbf4c8996fb92427ae41e4649b934ca495991b7852b855	3	yes	yes	yes	no	yes	-	-	yes	-	2	0	0	1
pe-cls-nohash-S1@n3	S1	pe	fq	-	65	65	65	0.045	0.096	absent	absent	-	-	absent	absent	-	-	-	-	-	-	e3b0c44298fc1c149afbf4c8996fb92427ae41e4649b934ca495991b7852b855	e3b0c44298fc1c149afbf4c8996fb92427ae41e4649b934ca495991b7852b855	3	yes	yes	yes	no	yes	-	-	yes	-	3	0	0	1,1
pe-cls-nohash-S1@n4	S1	pe	fq	-	65	65	65	0.045	0.100	absent	absent	-	-	absent	absent	-	-	-	-	-	-	e3b0c44298fc1c149afbf4c8996fb92427ae41e4649b934ca495991b7852b855	e3b0c44298fc1c149afbf4c8996fb92427ae41e4649b934ca495991b7852b855	3	yes	yes	yes	no	yes	-	-	yes	-	4	0	0	1,1,1
pe-cls-nohash-S1@n8	S1	pe	fq	-	65	65	65	0.045	0.109	absent	absent	-	-	absent	absent	-	-	-	-	-	-	e3b0c44298fc1c149afbf4c8996fb92427ae41e4649b934ca495991b7852b855	e3b0c44298fc1c149afbf4c8996fb92427ae41e4649b934ca495991b7852b855	3	yes	yes	yes	no	yes	-	-	yes	-	8	0	0	1,1,1,1,1,1,1
pe-conf-range-S1@n1	S1	pe	fq	--confidence 1.5	255	255	255	0.020	0.011	absent	absent	absent	absent	-	-	-	-	-	-	-	-	e3b0c44298fc1c149afbf4c8996fb92427ae41e4649b934ca495991b7852b855	e3b0c44298fc1c149afbf4c8996fb92427ae41e4649b934ca495991b7852b855	3	yes	yes	yes	no	yes	-	-	yes	-	1	0	0	-
pe-conf-range-S1@n2	S1	pe	fq	--confidence 1.5	255	255	255	0.020	0.012	absent	absent	absent	absent	-	-	-	-	-	-	-	-	e3b0c44298fc1c149afbf4c8996fb92427ae41e4649b934ca495991b7852b855	e3b0c44298fc1c149afbf4c8996fb92427ae41e4649b934ca495991b7852b855	3	yes	yes	yes	no	yes	-	-	yes	-	2	0	0	255
pe-conf-range-S1@n3	S1	pe	fq	--confidence 1.5	255	255	255	0.020	0.012	absent	absent	absent	absent	-	-	-	-	-	-	-	-	e3b0c44298fc1c149afbf4c8996fb92427ae41e4649b934ca495991b7852b855	e3b0c44298fc1c149afbf4c8996fb92427ae41e4649b934ca495991b7852b855	3	yes	yes	yes	no	yes	-	-	yes	-	3	0	0	255,255
pe-conf-range-S1@n4	S1	pe	fq	--confidence 1.5	255	255	255	0.020	0.014	absent	absent	absent	absent	-	-	-	-	-	-	-	-	e3b0c44298fc1c149afbf4c8996fb92427ae41e4649b934ca495991b7852b855	e3b0c44298fc1c149afbf4c8996fb92427ae41e4649b934ca495991b7852b855	3	yes	yes	yes	no	yes	-	-	yes	-	4	0	0	255,255,255
pe-conf-range-S1@n8	S1	pe	fq	--confidence 1.5	255	255	255	0.020	0.016	absent	absent	absent	absent	-	-	-	-	-	-	-	-	e3b0c44298fc1c149afbf4c8996fb92427ae41e4649b934ca495991b7852b855	e3b0c44298fc1c149afbf4c8996fb92427ae41e4649b934ca495991b7852b855	3	yes	yes	yes	no	yes	-	-	yes	-	8	0	0	255,255,255,255,255,255,255
se-mpa-noreport-S1@n1	S1	se	fq	--use-mpa-style	64	64	64	0.028	0.011	absent	absent	-	-	-	-	-	-	-	-	-	-	e3b0c44298fc1c149afbf4c8996fb92427ae41e4649b934ca495991b7852b855	e3b0c44298fc1c149afbf4c8996fb92427ae41e4649b934ca495991b7852b855	2	yes	yes	yes	no	yes	-	-	yes	-	1	0	0	-
se-mpa-noreport-S1@n2	S1	se	fq	--use-mpa-style	64	64	64	0.028	0.011	absent	absent	-	-	-	-	-	-	-	-	-	-	e3b0c44298fc1c149afbf4c8996fb92427ae41e4649b934ca495991b7852b855	e3b0c44298fc1c149afbf4c8996fb92427ae41e4649b934ca495991b7852b855	2	yes	yes	yes	no	yes	-	-	yes	-	2	0	0	64
se-mpa-noreport-S1@n3	S1	se	fq	--use-mpa-style	64	64	64	0.028	0.011	absent	absent	-	-	-	-	-	-	-	-	-	-	e3b0c44298fc1c149afbf4c8996fb92427ae41e4649b934ca495991b7852b855	e3b0c44298fc1c149afbf4c8996fb92427ae41e4649b934ca495991b7852b855	2	yes	yes	yes	no	yes	-	-	yes	-	3	0	0	64,64
se-mpa-noreport-S1@n4	S1	se	fq	--use-mpa-style	64	64	64	0.028	0.013	absent	absent	-	-	-	-	-	-	-	-	-	-	e3b0c44298fc1c149afbf4c8996fb92427ae41e4649b934ca495991b7852b855	e3b0c44298fc1c149afbf4c8996fb92427ae41e4649b934ca495991b7852b855	2	yes	yes	yes	no	yes	-	-	yes	-	4	0	0	64,64,64
se-mpa-noreport-S1@n8	S1	se	fq	--use-mpa-style	64	64	64	0.028	0.016	absent	absent	-	-	-	-	-	-	-	-	-	-	e3b0c44298fc1c149afbf4c8996fb92427ae41e4649b934ca495991b7852b855	e3b0c44298fc1c149afbf4c8996fb92427ae41e4649b934ca495991b7852b855	2	yes	yes	yes	no	yes	-	-	yes	-	8	0	0	64,64,64,64,64,64,64
se-threads0-S1@n1	S1	se	fq	--threads 0	64	64	64	0.028	0.011	absent	absent	-	-	-	-	-	-	-	-	-	-	e3b0c44298fc1c149afbf4c8996fb92427ae41e4649b934ca495991b7852b855	e3b0c44298fc1c149afbf4c8996fb92427ae41e4649b934ca495991b7852b855	2	yes	yes	yes	no	yes	-	-	yes	-	1	0	0	-
se-threads0-S1@n2	S1	se	fq	--threads 0	64	64	64	0.028	0.012	absent	absent	-	-	-	-	-	-	-	-	-	-	e3b0c44298fc1c149afbf4c8996fb92427ae41e4649b934ca495991b7852b855	e3b0c44298fc1c149afbf4c8996fb92427ae41e4649b934ca495991b7852b855	2	yes	yes	yes	no	yes	-	-	yes	-	2	0	0	64
se-threads0-S1@n3	S1	se	fq	--threads 0	64	64	64	0.028	0.012	absent	absent	-	-	-	-	-	-	-	-	-	-	e3b0c44298fc1c149afbf4c8996fb92427ae41e4649b934ca495991b7852b855	e3b0c44298fc1c149afbf4c8996fb92427ae41e4649b934ca495991b7852b855	2	yes	yes	yes	no	yes	-	-	yes	-	3	0	0	64,64
se-threads0-S1@n4	S1	se	fq	--threads 0	64	64	64	0.028	0.013	absent	absent	-	-	-	-	-	-	-	-	-	-	e3b0c44298fc1c149afbf4c8996fb92427ae41e4649b934ca495991b7852b855	e3b0c44298fc1c149afbf4c8996fb92427ae41e4649b934ca495991b7852b855	2	yes	yes	yes	no	yes	-	-	yes	-	4	0	0	64,64,64
se-threads0-S1@n8	S1	se	fq	--threads 0	64	64	64	0.028	0.016	absent	absent	-	-	-	-	-	-	-	-	-	-	e3b0c44298fc1c149afbf4c8996fb92427ae41e4649b934ca495991b7852b855	e3b0c44298fc1c149afbf4c8996fb92427ae41e4649b934ca495991b7852b855	2	yes	yes	yes	no	yes	-	-	yes	-	8	0	0	64,64,64,64,64,64,64
control-conf-S1@n1	S1	pe	fq	-	0	0	0	0.291	0.243	bebbf3380833d5da28c6a6dce448303048d70fb295acc72b85b7dcb11e2c5c0f	bb31e121f6a17101d17178e4a4fa3f3b004c2a1968c868f5b48593581b2cb996	14c3ea3aa2f37f0b9b3ecee9f5073289b73b4245ee3c861d104f5d17d481bba7	b0439c5397c30e40f5d5bfbe7da9bdf4a91eed108526f78c41080102902c269f	-	-	-	-	-	-	-	-	e3b0c44298fc1c149afbf4c8996fb92427ae41e4649b934ca495991b7852b855	e3b0c44298fc1c149afbf4c8996fb92427ae41e4649b934ca495991b7852b855	3	no	yes	no	yes	yes	0.245	0.203	yes	-	1	0	0	-
control-conf-S1@n2	S1	pe	fq	-	0	0	0	0.291	0.270	bebbf3380833d5da28c6a6dce448303048d70fb295acc72b85b7dcb11e2c5c0f	bb31e121f6a17101d17178e4a4fa3f3b004c2a1968c868f5b48593581b2cb996	14c3ea3aa2f37f0b9b3ecee9f5073289b73b4245ee3c861d104f5d17d481bba7	b0439c5397c30e40f5d5bfbe7da9bdf4a91eed108526f78c41080102902c269f	-	-	-	-	-	-	-	-	e3b0c44298fc1c149afbf4c8996fb92427ae41e4649b934ca495991b7852b855	e3b0c44298fc1c149afbf4c8996fb92427ae41e4649b934ca495991b7852b855	3	no	yes	no	yes	yes	0.245	0.183	yes	-	2	0	0	0
control-conf-S1@n3	S1	pe	fq	-	0	0	0	0.291	0.249	bebbf3380833d5da28c6a6dce448303048d70fb295acc72b85b7dcb11e2c5c0f	bb31e121f6a17101d17178e4a4fa3f3b004c2a1968c868f5b48593581b2cb996	14c3ea3aa2f37f0b9b3ecee9f5073289b73b4245ee3c861d104f5d17d481bba7	b0439c5397c30e40f5d5bfbe7da9bdf4a91eed108526f78c41080102902c269f	-	-	-	-	-	-	-	-	e3b0c44298fc1c149afbf4c8996fb92427ae41e4649b934ca495991b7852b855	e3b0c44298fc1c149afbf4c8996fb92427ae41e4649b934ca495991b7852b855	3	no	yes	no	yes	yes	0.245	0.168	yes	-	3	1	0	0,0
control-conf-S1@n4	S1	pe	fq	-	0	0	0	0.291	0.254	bebbf3380833d5da28c6a6dce448303048d70fb295acc72b85b7dcb11e2c5c0f	bb31e121f6a17101d17178e4a4fa3f3b004c2a1968c868f5b48593581b2cb996	14c3ea3aa2f37f0b9b3ecee9f5073289b73b4245ee3c861d104f5d17d481bba7	b0439c5397c30e40f5d5bfbe7da9bdf4a91eed108526f78c41080102902c269f	-	-	-	-	-	-	-	-	e3b0c44298fc1c149afbf4c8996fb92427ae41e4649b934ca495991b7852b855	e3b0c44298fc1c149afbf4c8996fb92427ae41e4649b934ca495991b7852b855	3	no	yes	no	yes	yes	0.245	0.167	yes	-	4	0	0	0,0,0
control-conf-S1@n8	S1	pe	fq	-	0	0	0	0.291	0.253	bebbf3380833d5da28c6a6dce448303048d70fb295acc72b85b7dcb11e2c5c0f	bb31e121f6a17101d17178e4a4fa3f3b004c2a1968c868f5b48593581b2cb996	14c3ea3aa2f37f0b9b3ecee9f5073289b73b4245ee3c861d104f5d17d481bba7	b0439c5397c30e40f5d5bfbe7da9bdf4a91eed108526f78c41080102902c269f	-	-	-	-	-	-	-	-	e3b0c44298fc1c149afbf4c8996fb92427ae41e4649b934ca495991b7852b855	e3b0c44298fc1c149afbf4c8996fb92427ae41e4649b934ca495991b7852b855	3	no	yes	no	yes	yes	0.245	0.164	yes	-	8	0	0	0,0,0,0,0,0,0
control-mhg-S3@n1	S3	se	fq	-	0	0	0	0.235	0.212	2dd121e3bac34ae6091c0ac8cbf0a8512cb9c35c6f399f8af11e0f14b9ae97b6	836aae8bdfd526dd274be35402a6c088e8105f961952f07e8d6444b143eb5279	af96dfbe74f6ee9ecf9fe52f077628c7c99d2d09960ba0e94bcb11a8e843a3e6	49d7c08d095242cfc56e5b5a1cf1ac2db012314840aa13a1079ba4ed0c96ecbf	8797612a20d5bd9d60be580d0b32bf24dc0ed368e1864c356d45806bf0805597	59a6ee80b6321c89b516c6596423c4251cc67251d12eb0722bc6ac8df2de9bdb	-	-	c73b9d68840579ddb154dce15bbdf843250e33e4df78fda4fbc6f2599b1442af	ab59bc5bca42ef8c3fa6af6bc38e8517c67f9f02833cec2c52dba718735667fc	-	-	e3b0c44298fc1c149afbf4c8996fb92427ae41e4649b934ca495991b7852b855	e3b0c44298fc1c149afbf4c8996fb92427ae41e4649b934ca495991b7852b855	5	no	yes	no	yes	yes	0.188	0.169	yes	-	1	0	0	-
control-mhg-S3@n2	S3	se	fq	-	0	0	0	0.235	0.159	2dd121e3bac34ae6091c0ac8cbf0a8512cb9c35c6f399f8af11e0f14b9ae97b6	836aae8bdfd526dd274be35402a6c088e8105f961952f07e8d6444b143eb5279	af96dfbe74f6ee9ecf9fe52f077628c7c99d2d09960ba0e94bcb11a8e843a3e6	49d7c08d095242cfc56e5b5a1cf1ac2db012314840aa13a1079ba4ed0c96ecbf	8797612a20d5bd9d60be580d0b32bf24dc0ed368e1864c356d45806bf0805597	59a6ee80b6321c89b516c6596423c4251cc67251d12eb0722bc6ac8df2de9bdb	-	-	c73b9d68840579ddb154dce15bbdf843250e33e4df78fda4fbc6f2599b1442af	ab59bc5bca42ef8c3fa6af6bc38e8517c67f9f02833cec2c52dba718735667fc	-	-	e3b0c44298fc1c149afbf4c8996fb92427ae41e4649b934ca495991b7852b855	e3b0c44298fc1c149afbf4c8996fb92427ae41e4649b934ca495991b7852b855	5	no	yes	no	yes	yes	0.188	0.127	yes	-	2	0	0	0
control-mhg-S3@n3	S3	se	fq	-	0	0	0	0.235	0.194	2dd121e3bac34ae6091c0ac8cbf0a8512cb9c35c6f399f8af11e0f14b9ae97b6	836aae8bdfd526dd274be35402a6c088e8105f961952f07e8d6444b143eb5279	af96dfbe74f6ee9ecf9fe52f077628c7c99d2d09960ba0e94bcb11a8e843a3e6	49d7c08d095242cfc56e5b5a1cf1ac2db012314840aa13a1079ba4ed0c96ecbf	8797612a20d5bd9d60be580d0b32bf24dc0ed368e1864c356d45806bf0805597	59a6ee80b6321c89b516c6596423c4251cc67251d12eb0722bc6ac8df2de9bdb	-	-	c73b9d68840579ddb154dce15bbdf843250e33e4df78fda4fbc6f2599b1442af	ab59bc5bca42ef8c3fa6af6bc38e8517c67f9f02833cec2c52dba718735667fc	-	-	e3b0c44298fc1c149afbf4c8996fb92427ae41e4649b934ca495991b7852b855	e3b0c44298fc1c149afbf4c8996fb92427ae41e4649b934ca495991b7852b855	5	no	yes	no	yes	yes	0.188	0.115	yes	-	3	0	0	0,0
control-mhg-S3@n4	S3	se	fq	-	0	0	0	0.235	0.202	2dd121e3bac34ae6091c0ac8cbf0a8512cb9c35c6f399f8af11e0f14b9ae97b6	836aae8bdfd526dd274be35402a6c088e8105f961952f07e8d6444b143eb5279	af96dfbe74f6ee9ecf9fe52f077628c7c99d2d09960ba0e94bcb11a8e843a3e6	49d7c08d095242cfc56e5b5a1cf1ac2db012314840aa13a1079ba4ed0c96ecbf	8797612a20d5bd9d60be580d0b32bf24dc0ed368e1864c356d45806bf0805597	59a6ee80b6321c89b516c6596423c4251cc67251d12eb0722bc6ac8df2de9bdb	-	-	c73b9d68840579ddb154dce15bbdf843250e33e4df78fda4fbc6f2599b1442af	ab59bc5bca42ef8c3fa6af6bc38e8517c67f9f02833cec2c52dba718735667fc	-	-	e3b0c44298fc1c149afbf4c8996fb92427ae41e4649b934ca495991b7852b855	e3b0c44298fc1c149afbf4c8996fb92427ae41e4649b934ca495991b7852b855	5	no	yes	no	yes	yes	0.188	0.114	yes	-	4	0	0	0,0,0
control-mhg-S3@n8	S3	se	fq	-	0	0	0	0.235	0.207	2dd121e3bac34ae6091c0ac8cbf0a8512cb9c35c6f399f8af11e0f14b9ae97b6	836aae8bdfd526dd274be35402a6c088e8105f961952f07e8d6444b143eb5279	af96dfbe74f6ee9ecf9fe52f077628c7c99d2d09960ba0e94bcb11a8e843a3e6	49d7c08d095242cfc56e5b5a1cf1ac2db012314840aa13a1079ba4ed0c96ecbf	8797612a20d5bd9d60be580d0b32bf24dc0ed368e1864c356d45806bf0805597	59a6ee80b6321c89b516c6596423c4251cc67251d12eb0722bc6ac8df2de9bdb	-	-	c73b9d68840579ddb154dce15bbdf843250e33e4df78fda4fbc6f2599b1442af	ab59bc5bca42ef8c3fa6af6bc38e8517c67f9f02833cec2c52dba718735667fc	-	-	e3b0c44298fc1c149afbf4c8996fb92427ae41e4649b934ca495991b7852b855	e3b0c44298fc1c149afbf4c8996fb92427ae41e4649b934ca495991b7852b855	5	no	yes	no	yes	yes	0.188	0.116	yes	-	8	0	0	0,0,0,0,0,0,0
