run_id	rank	invocation	kind	batch	sample	metric	value
20261008-155257-b74c0f2-6d43-n16-r0	0	c100	phase			taxo	0.078460
20261008-155257-b74c0f2-6d43-n16-r0	0	c100	phase			taxo.start_s	0.002680
20261008-155257-b74c0f2-6d43-n16-r0	0	c100	engine.mem			t_s	15.0
20261008-155257-b74c0f2-6d43-n16-r0	0	c100	engine.mem			rss_kib	42905520
20261008-155257-b74c0f2-6d43-n16-r0	0	c100	engine.mem			hwm_kib	42905528
20261008-155257-b74c0f2-6d43-n16-r0	0	c100	engine.mem			heap_inuse	405143552
20261008-155257-b74c0f2-6d43-n16-r0	0	c100	engine.mem			sys	439802216
20261008-155257-b74c0f2-6d43-n16-r0	0	c100	engine.mem			avail_kib	51939508
20261008-155257-b74c0f2-6d43-n16-r0	0	c100	phase			shard-load-0	25.434707
20261008-155257-b74c0f2-6d43-n16-r0	0	c100	phase			shard-load-0.start_s	0.336041
20261008-155257-b74c0f2-6d43-n16-r0	0	c100	engine.mem			t_s	30.0
20261008-155257-b74c0f2-6d43-n16-r0	0	c100	engine.mem			rss_kib	72978788
20261008-155257-b74c0f2-6d43-n16-r0	0	c100	engine.mem			hwm_kib	72978792
20261008-155257-b74c0f2-6d43-n16-r0	0	c100	engine.mem			heap_inuse	410042368
20261008-155257-b74c0f2-6d43-n16-r0	0	c100	engine.mem			sys	439802216
20261008-155257-b74c0f2-6d43-n16-r0	0	c100	engine.mem			avail_kib	21905600
20261008-155257-b74c0f2-6d43-n16-r0	0	c100	engine.mem			t_s	45.0
20261008-155257-b74c0f2-6d43-n16-r0	0	c100	engine.mem			rss_kib	72983472
20261008-155257-b74c0f2-6d43-n16-r0	0	c100	engine.mem			hwm_kib	72983476
20261008-155257-b74c0f2-6d43-n16-r0	0	c100	engine.mem			heap_inuse	415424512
20261008-155257-b74c0f2-6d43-n16-r0	0	c100	engine.mem			sys	448190824
20261008-155257-b74c0f2-6d43-n16-r0	0	c100	engine.mem			avail_kib	22209376
20261008-155257-b74c0f2-6d43-n16-r0	0	c100	phase			rendezvous	27.282010
20261008-155257-b74c0f2-6d43-n16-r0	0	c100	phase			rendezvous.start_s	27.557602
20261008-155257-b74c0f2-6d43-n16-r0	0	c100	phase			connect	0.009444
20261008-155257-b74c0f2-6d43-n16-r0	0	c100	phase			connect.start_s	54.839624
20261008-155257-b74c0f2-6d43-n16-r0	0	c100	phase			hash	54.767921
20261008-155257-b74c0f2-6d43-n16-r0	0	c100	phase			hash.start_s	0.081155
20261008-155257-b74c0f2-6d43-n16-r0	0	c100	engine.mem			t_s	60.0
20261008-155257-b74c0f2-6d43-n16-r0	0	c100	engine.mem			rss_kib	78388840
20261008-155257-b74c0f2-6d43-n16-r0	0	c100	engine.mem			hwm_kib	78388840
20261008-155257-b74c0f2-6d43-n16-r0	0	c100	engine.mem			heap_inuse	4099383296
20261008-155257-b74c0f2-6d43-n16-r0	0	c100	engine.mem			sys	6043946904
20261008-155257-b74c0f2-6d43-n16-r0	0	c100	engine.mem			avail_kib	17024428
20261008-155257-b74c0f2-6d43-n16-r0	0	c100	sample	0	0-SRR5935823	mode	parallel
20261008-155257-b74c0f2-6d43-n16-r0	0	c100	sample	0	0-SRR5935823	s3client	sdk
20261008-155257-b74c0f2-6d43-n16-r0	0	c100	sample	0	0-SRR5935823	rank	0
20261008-155257-b74c0f2-6d43-n16-r0	0	c100	sample	0	0-SRR5935823	role	home
20261008-155257-b74c0f2-6d43-n16-r0	0	c100	sample	0	0-SRR5935823	inflight	1
20261008-155257-b74c0f2-6d43-n16-r0	0	c100	sample	0	0-SRR5935823	threads	16
20261008-155257-b74c0f2-6d43-n16-r0	0	c100	sample	0	0-SRR5935823	start_s	54.849101
20261008-155257-b74c0f2-6d43-n16-r0	0	c100	sample	0	0-SRR5935823	wall_s	9.970340
20261008-155257-b74c0f2-6d43-n16-r0	0	c100	sample	0	0-SRR5935823	setup_s	0.000067
20261008-155257-b74c0f2-6d43-n16-r0	0	c100	sample	0	0-SRR5935823	classify_s	9.604200
20261008-155257-b74c0f2-6d43-n16-r0	0	c100	sample	0	0-SRR5935823	close_s	0.235543
20261008-155257-b74c0f2-6d43-n16-r0	0	c100	sample	0	0-SRR5935823	report_s	0.126167
20261008-155257-b74c0f2-6d43-n16-r0	0	c100	sample	0	0-SRR5935823	status	0
20261008-155257-b74c0f2-6d43-n16-r0	0	c100	sample	0	0-SRR5935823	sequences	20770968
20261008-155257-b74c0f2-6d43-n16-r0	0	c100	sample	0	0-SRR5935823	bases	3886695944
20261008-155257-b74c0f2-6d43-n16-r0	0	c100	sample	0	0-SRR5935823	classified	20594735
20261008-155257-b74c0f2-6d43-n16-r0	0	c100	sample	0	0-SRR5935823	place	lpt
20261008-155257-b74c0f2-6d43-n16-r0	0	c100	sample	0	0-SRR5935823	weight	20770968
20261008-155257-b74c0f2-6d43-n16-r0	0	c100	sample	0	0-SRR5935753	mode	parallel
20261008-155257-b74c0f2-6d43-n16-r0	0	c100	sample	0	0-SRR5935753	s3client	sdk
20261008-155257-b74c0f2-6d43-n16-r0	0	c100	sample	0	0-SRR5935753	rank	0
20261008-155257-b74c0f2-6d43-n16-r0	0	c100	sample	0	0-SRR5935753	role	home
20261008-155257-b74c0f2-6d43-n16-r0	0	c100	sample	0	0-SRR5935753	inflight	1
20261008-155257-b74c0f2-6d43-n16-r0	0	c100	sample	0	0-SRR5935753	threads	16
20261008-155257-b74c0f2-6d43-n16-r0	0	c100	sample	0	0-SRR5935753	start_s	64.819457
20261008-155257-b74c0f2-6d43-n16-r0	0	c100	sample	0	0-SRR5935753	wall_s	6.814568
20261008-155257-b74c0f2-6d43-n16-r0	0	c100	sample	0	0-SRR5935753	setup_s	0.000036
20261008-155257-b74c0f2-6d43-n16-r0	0	c100	sample	0	0-SRR5935753	classify_s	6.456410
20261008-155257-b74c0f2-6d43-n16-r0	0	c100	sample	0	0-SRR5935753	close_s	0.220636
20261008-155257-b74c0f2-6d43-n16-r0	0	c100	sample	0	0-SRR5935753	report_s	0.129963
20261008-155257-b74c0f2-6d43-n16-r0	0	c100	sample	0	0-SRR5935753	status	0
20261008-155257-b74c0f2-6d43-n16-r0	0	c100	sample	0	0-SRR5935753	sequences	14164085
20261008-155257-b74c0f2-6d43-n16-r0	0	c100	sample	0	0-SRR5935753	bases	2640398097
20261008-155257-b74c0f2-6d43-n16-r0	0	c100	sample	0	0-SRR5935753	classified	13689575
20261008-155257-b74c0f2-6d43-n16-r0	0	c100	sample	0	0-SRR5935753	place	lpt
20261008-155257-b74c0f2-6d43-n16-r0	0	c100	sample	0	0-SRR5935753	weight	14164085
20261008-155257-b74c0f2-6d43-n16-r0	0	c100	engine.mem			t_s	75.0
20261008-155257-b74c0f2-6d43-n16-r0	0	c100	engine.mem			rss_kib	79085456
20261008-155257-b74c0f2-6d43-n16-r0	0	c100	engine.mem			hwm_kib	79517508
20261008-155257-b74c0f2-6d43-n16-r0	0	c100	engine.mem			heap_inuse	3782500352
20261008-155257-b74c0f2-6d43-n16-r0	0	c100	engine.mem			sys	7186247976
20261008-155257-b74c0f2-6d43-n16-r0	0	c100	engine.mem			avail_kib	16004244
20261008-155257-b74c0f2-6d43-n16-r0	0	c100	sample	0	0-SRR5935748	mode	parallel
20261008-155257-b74c0f2-6d43-n16-r0	0	c100	sample	0	0-SRR5935748	s3client	sdk
20261008-155257-b74c0f2-6d43-n16-r0	0	c100	sample	0	0-SRR5935748	rank	0
20261008-155257-b74c0f2-6d43-n16-r0	0	c100	sample	0	0-SRR5935748	role	home
20261008-155257-b74c0f2-6d43-n16-r0	0	c100	sample	0	0-SRR5935748	inflight	1
20261008-155257-b74c0f2-6d43-n16-r0	0	c100	sample	0	0-SRR5935748	threads	16
20261008-155257-b74c0f2-6d43-n16-r0	0	c100	sample	0	0-SRR5935748	start_s	71.634040
20261008-155257-b74c0f2-6d43-n16-r0	0	c100	sample	0	0-SRR5935748	wall_s	5.921527
20261008-155257-b74c0f2-6d43-n16-r0	0	c100	sample	0	0-SRR5935748	setup_s	0.000040
20261008-155257-b74c0f2-6d43-n16-r0	0	c100	sample	0	0-SRR5935748	classify_s	5.487591
20261008-155257-b74c0f2-6d43-n16-r0	0	c100	sample	0	0-SRR5935748	close_s	0.241954
20261008-155257-b74c0f2-6d43-n16-r0	0	c100	sample	0	0-SRR5935748	report_s	0.181184
20261008-155257-b74c0f2-6d43-n16-r0	0	c100	sample	0	0-SRR5935748	status	0
20261008-155257-b74c0f2-6d43-n16-r0	0	c100	sample	0	0-SRR5935748	sequences	11859598
20261008-155257-b74c0f2-6d43-n16-r0	0	c100	sample	0	0-SRR5935748	bases	2188903487
20261008-155257-b74c0f2-6d43-n16-r0	0	c100	sample	0	0-SRR5935748	classified	10951240
20261008-155257-b74c0f2-6d43-n16-r0	0	c100	sample	0	0-SRR5935748	place	lpt
20261008-155257-b74c0f2-6d43-n16-r0	0	c100	sample	0	0-SRR5935748	weight	11859598
20261008-155257-b74c0f2-6d43-n16-r0	0	c100	sample	0	0-SRR5935791	mode	parallel
20261008-155257-b74c0f2-6d43-n16-r0	0	c100	sample	0	0-SRR5935791	s3client	sdk
20261008-155257-b74c0f2-6d43-n16-r0	0	c100	sample	0	0-SRR5935791	rank	0
20261008-155257-b74c0f2-6d43-n16-r0	0	c100	sample	0	0-SRR5935791	role	home
20261008-155257-b74c0f2-6d43-n16-r0	0	c100	sample	0	0-SRR5935791	inflight	1
20261008-155257-b74c0f2-6d43-n16-r0	0	c100	sample	0	0-SRR5935791	threads	16
20261008-155257-b74c0f2-6d43-n16-r0	0	c100	sample	0	0-SRR5935791	start_s	77.555581
20261008-155257-b74c0f2-6d43-n16-r0	0	c100	sample	0	0-SRR5935791	wall_s	5.286896
20261008-155257-b74c0f2-6d43-n16-r0	0	c100	sample	0	0-SRR5935791	setup_s	0.000040
20261008-155257-b74c0f2-6d43-n16-r0	0	c100	sample	0	0-SRR5935791	classify_s	4.891292
20261008-155257-b74c0f2-6d43-n16-r0	0	c100	sample	0	0-SRR5935791	close_s	0.263719
20261008-155257-b74c0f2-6d43-n16-r0	0	c100	sample	0	0-SRR5935791	report_s	0.128800
20261008-155257-b74c0f2-6d43-n16-r0	0	c100	sample	0	0-SRR5935791	status	0
20261008-155257-b74c0f2-6d43-n16-r0	0	c100	sample	0	0-SRR5935791	sequences	10140194
20261008-155257-b74c0f2-6d43-n16-r0	0	c100	sample	0	0-SRR5935791	bases	1929101997
20261008-155257-b74c0f2-6d43-n16-r0	0	c100	sample	0	0-SRR5935791	classified	10096895
20261008-155257-b74c0f2-6d43-n16-r0	0	c100	sample	0	0-SRR5935791	place	lpt
20261008-155257-b74c0f2-6d43-n16-r0	0	c100	sample	0	0-SRR5935791	weight	10140194
20261008-155257-b74c0f2-6d43-n16-r0	0	c100	sample	0	0-SRR5935758	mode	parallel
20261008-155257-b74c0f2-6d43-n16-r0	0	c100	sample	0	0-SRR5935758	s3client	sdk
20261008-155257-b74c0f2-6d43-n16-r0	0	c100	sample	0	0-SRR5935758	rank	0
20261008-155257-b74c0f2-6d43-n16-r0	0	c100	sample	0	0-SRR5935758	role	home
20261008-155257-b74c0f2-6d43-n16-r0	0	c100	sample	0	0-SRR5935758	inflight	1
20261008-155257-b74c0f2-6d43-n16-r0	0	c100	sample	0	0-SRR5935758	threads	16
20261008-155257-b74c0f2-6d43-n16-r0	0	c100	sample	0	0-SRR5935758	start_s	82.842491
20261008-155257-b74c0f2-6d43-n16-r0	0	c100	sample	0	0-SRR5935758	wall_s	4.293920
20261008-155257-b74c0f2-6d43-n16-r0	0	c100	sample	0	0-SRR5935758	setup_s	0.000041
20261008-155257-b74c0f2-6d43-n16-r0	0	c100	sample	0	0-SRR5935758	classify_s	3.870138
20261008-155257-b74c0f2-6d43-n16-r0	0	c100	sample	0	0-SRR5935758	close_s	0.230856
20261008-155257-b74c0f2-6d43-n16-r0	0	c100	sample	0	0-SRR5935758	report_s	0.188725
20261008-155257-b74c0f2-6d43-n16-r0	0	c100	sample	0	0-SRR5935758	status	0
20261008-155257-b74c0f2-6d43-n16-r0	0	c100	sample	0	0-SRR5935758	sequences	8206591
20261008-155257-b74c0f2-6d43-n16-r0	0	c100	sample	0	0-SRR5935758	bases	1523967713
20261008-155257-b74c0f2-6d43-n16-r0	0	c100	sample	0	0-SRR5935758	classified	7998445
20261008-155257-b74c0f2-6d43-n16-r0	0	c100	sample	0	0-SRR5935758	place	lpt
20261008-155257-b74c0f2-6d43-n16-r0	0	c100	sample	0	0-SRR5935758	weight	8206591
20261008-155257-b74c0f2-6d43-n16-r0	0	c100	engine.mem			t_s	90.0
20261008-155257-b74c0f2-6d43-n16-r0	0	c100	engine.mem			rss_kib	79548044
20261008-155257-b74c0f2-6d43-n16-r0	0	c100	engine.mem			hwm_kib	79548044
20261008-155257-b74c0f2-6d43-n16-r0	0	c100	engine.mem			heap_inuse	6047293440
20261008-155257-b74c0f2-6d43-n16-r0	0	c100	engine.mem			sys	7317201208
20261008-155257-b74c0f2-6d43-n16-r0	0	c100	engine.mem			avail_kib	15566812
20261008-155257-b74c0f2-6d43-n16-r0	0	c100	sample	0	0-SRR5935779	mode	parallel
20261008-155257-b74c0f2-6d43-n16-r0	0	c100	sample	0	0-SRR5935779	s3client	sdk
20261008-155257-b74c0f2-6d43-n16-r0	0	c100	sample	0	0-SRR5935779	rank	0
20261008-155257-b74c0f2-6d43-n16-r0	0	c100	sample	0	0-SRR5935779	role	home
20261008-155257-b74c0f2-6d43-n16-r0	0	c100	sample	0	0-SRR5935779	inflight	1
20261008-155257-b74c0f2-6d43-n16-r0	0	c100	sample	0	0-SRR5935779	threads	16
20261008-155257-b74c0f2-6d43-n16-r0	0	c100	sample	0	0-SRR5935779	start_s	87.136425
20261008-155257-b74c0f2-6d43-n16-r0	0	c100	sample	0	0-SRR5935779	wall_s	3.259415
20261008-155257-b74c0f2-6d43-n16-r0	0	c100	sample	0	0-SRR5935779	setup_s	0.000041
20261008-155257-b74c0f2-6d43-n16-r0	0	c100	sample	0	0-SRR5935779	classify_s	2.885326
20261008-155257-b74c0f2-6d43-n16-r0	0	c100	sample	0	0-SRR5935779	close_s	0.265375
20261008-155257-b74c0f2-6d43-n16-r0	0	c100	sample	0	0-SRR5935779	report_s	0.104616
20261008-155257-b74c0f2-6d43-n16-r0	0	c100	sample	0	0-SRR5935779	status	0
20261008-155257-b74c0f2-6d43-n16-r0	0	c100	sample	0	0-SRR5935779	sequences	5948317
20261008-155257-b74c0f2-6d43-n16-r0	0	c100	sample	0	0-SRR5935779	bases	1093467848
20261008-155257-b74c0f2-6d43-n16-r0	0	c100	sample	0	0-SRR5935779	classified	5682744
20261008-155257-b74c0f2-6d43-n16-r0	0	c100	sample	0	0-SRR5935779	place	lpt
20261008-155257-b74c0f2-6d43-n16-r0	0	c100	sample	0	0-SRR5935779	weight	5948317
20261008-155257-b74c0f2-6d43-n16-r0	0	c100	phase			batch-barrier-0	1.006599
20261008-155257-b74c0f2-6d43-n16-r0	0	c100	phase			batch-barrier-0.start_s	90.395851
20261008-155257-b74c0f2-6d43-n16-r0	0	c100	sample	1	1-SRR5935740	mode	parallel
20261008-155257-b74c0f2-6d43-n16-r0	0	c100	sample	1	1-SRR5935740	s3client	sdk
20261008-155257-b74c0f2-6d43-n16-r0	0	c100	sample	1	1-SRR5935740	rank	0
20261008-155257-b74c0f2-6d43-n16-r0	0	c100	sample	1	1-SRR5935740	role	home
20261008-155257-b74c0f2-6d43-n16-r0	0	c100	sample	1	1-SRR5935740	inflight	1
20261008-155257-b74c0f2-6d43-n16-r0	0	c100	sample	1	1-SRR5935740	threads	16
20261008-155257-b74c0f2-6d43-n16-r0	0	c100	sample	1	1-SRR5935740	start_s	91.402467
20261008-155257-b74c0f2-6d43-n16-r0	0	c100	sample	1	1-SRR5935740	wall_s	5.221509
20261008-155257-b74c0f2-6d43-n16-r0	0	c100	sample	1	1-SRR5935740	setup_s	0.000037
20261008-155257-b74c0f2-6d43-n16-r0	0	c100	sample	1	1-SRR5935740	classify_s	4.823149
20261008-155257-b74c0f2-6d43-n16-r0	0	c100	sample	1	1-SRR5935740	close_s	0.249099
20261008-155257-b74c0f2-6d43-n16-r0	0	c100	sample	1	1-SRR5935740	report_s	0.136505
20261008-155257-b74c0f2-6d43-n16-r0	0	c100	sample	1	1-SRR5935740	status	0
20261008-155257-b74c0f2-6d43-n16-r0	0	c100	sample	1	1-SRR5935740	sequences	10532910
20261008-155257-b74c0f2-6d43-n16-r0	0	c100	sample	1	1-SRR5935740	bases	1945093294
20261008-155257-b74c0f2-6d43-n16-r0	0	c100	sample	1	1-SRR5935740	classified	9366399
20261008-155257-b74c0f2-6d43-n16-r0	0	c100	sample	1	1-SRR5935740	place	mod
20261008-155257-b74c0f2-6d43-n16-r0	0	c100	sample	1	1-SRR5935740	weight	10532910
20261008-155257-b74c0f2-6d43-n16-r0	0	c100	sample	1	1-SRR5935756	mode	parallel
20261008-155257-b74c0f2-6d43-n16-r0	0	c100	sample	1	1-SRR5935756	s3client	sdk
20261008-155257-b74c0f2-6d43-n16-r0	0	c100	sample	1	1-SRR5935756	rank	0
20261008-155257-b74c0f2-6d43-n16-r0	0	c100	sample	1	1-SRR5935756	role	home
20261008-155257-b74c0f2-6d43-n16-r0	0	c100	sample	1	1-SRR5935756	inflight	1
20261008-155257-b74c0f2-6d43-n16-r0	0	c100	sample	1	1-SRR5935756	threads	16
20261008-155257-b74c0f2-6d43-n16-r0	0	c100	sample	1	1-SRR5935756	start_s	96.623990
20261008-155257-b74c0f2-6d43-n16-r0	0	c100	sample	1	1-SRR5935756	wall_s	7.866308
20261008-155257-b74c0f2-6d43-n16-r0	0	c100	sample	1	1-SRR5935756	setup_s	0.000058
20261008-155257-b74c0f2-6d43-n16-r0	0	c100	sample	1	1-SRR5935756	classify_s	7.343517
20261008-155257-b74c0f2-6d43-n16-r0	0	c100	sample	1	1-SRR5935756	close_s	0.389633
20261008-155257-b74c0f2-6d43-n16-r0	0	c100	sample	1	1-SRR5935756	report_s	0.123626
20261008-155257-b74c0f2-6d43-n16-r0	0	c100	sample	1	1-SRR5935756	status	0
20261008-155257-b74c0f2-6d43-n16-r0	0	c100	sample	1	1-SRR5935756	sequences	16053448
20261008-155257-b74c0f2-6d43-n16-r0	0	c100	sample	1	1-SRR5935756	bases	2993468449
20261008-155257-b74c0f2-6d43-n16-r0	0	c100	sample	1	1-SRR5935756	classified	15204484
20261008-155257-b74c0f2-6d43-n16-r0	0	c100	sample	1	1-SRR5935756	place	mod
20261008-155257-b74c0f2-6d43-n16-r0	0	c100	sample	1	1-SRR5935756	weight	16053448
20261008-155257-b74c0f2-6d43-n16-r0	0	c100	engine.mem			t_s	105.0
20261008-155257-b74c0f2-6d43-n16-r0	0	c100	engine.mem			rss_kib	77481740
20261008-155257-b74c0f2-6d43-n16-r0	0	c100	engine.mem			hwm_kib	79591540
20261008-155257-b74c0f2-6d43-n16-r0	0	c100	engine.mem			heap_inuse	4305149952
20261008-155257-b74c0f2-6d43-n16-r0	0	c100	engine.mem			sys	7379136840
20261008-155257-b74c0f2-6d43-n16-r0	0	c100	engine.mem			avail_kib	16480500
20261008-155257-b74c0f2-6d43-n16-r0	0	c100	sample	1	1-SRR5935772	mode	parallel
20261008-155257-b74c0f2-6d43-n16-r0	0	c100	sample	1	1-SRR5935772	s3client	sdk
20261008-155257-b74c0f2-6d43-n16-r0	0	c100	sample	1	1-SRR5935772	rank	0
20261008-155257-b74c0f2-6d43-n16-r0	0	c100	sample	1	1-SRR5935772	role	home
20261008-155257-b74c0f2-6d43-n16-r0	0	c100	sample	1	1-SRR5935772	inflight	1
20261008-155257-b74c0f2-6d43-n16-r0	0	c100	sample	1	1-SRR5935772	threads	16
20261008-155257-b74c0f2-6d43-n16-r0	0	c100	sample	1	1-SRR5935772	start_s	104.490313
20261008-155257-b74c0f2-6d43-n16-r0	0	c100	sample	1	1-SRR5935772	wall_s	7.578875
20261008-155257-b74c0f2-6d43-n16-r0	0	c100	sample	1	1-SRR5935772	setup_s	0.000041
20261008-155257-b74c0f2-6d43-n16-r0	0	c100	sample	1	1-SRR5935772	classify_s	7.214826
20261008-155257-b74c0f2-6d43-n16-r0	0	c100	sample	1	1-SRR5935772	close_s	0.234915
20261008-155257-b74c0f2-6d43-n16-r0	0	c100	sample	1	1-SRR5935772	report_s	0.119674
20261008-155257-b74c0f2-6d43-n16-r0	0	c100	sample	1	1-SRR5935772	status	0
20261008-155257-b74c0f2-6d43-n16-r0	0	c100	sample	1	1-SRR5935772	sequences	15271512
20261008-155257-b74c0f2-6d43-n16-r0	0	c100	sample	1	1-SRR5935772	bases	2845360298
20261008-155257-b74c0f2-6d43-n16-r0	0	c100	sample	1	1-SRR5935772	classified	14502211
20261008-155257-b74c0f2-6d43-n16-r0	0	c100	sample	1	1-SRR5935772	place	mod
20261008-155257-b74c0f2-6d43-n16-r0	0	c100	sample	1	1-SRR5935772	weight	15271512
20261008-155257-b74c0f2-6d43-n16-r0	0	c100	sample	1	1-SRR5935788	mode	parallel
20261008-155257-b74c0f2-6d43-n16-r0	0	c100	sample	1	1-SRR5935788	s3client	sdk
20261008-155257-b74c0f2-6d43-n16-r0	0	c100	sample	1	1-SRR5935788	rank	0
20261008-155257-b74c0f2-6d43-n16-r0	0	c100	sample	1	1-SRR5935788	role	home
20261008-155257-b74c0f2-6d43-n16-r0	0	c100	sample	1	1-SRR5935788	inflight	1
20261008-155257-b74c0f2-6d43-n16-r0	0	c100	sample	1	1-SRR5935788	threads	16
20261008-155257-b74c0f2-6d43-n16-r0	0	c100	sample	1	1-SRR5935788	start_s	112.069201
20261008-155257-b74c0f2-6d43-n16-r0	0	c100	sample	1	1-SRR5935788	wall_s	5.619403
20261008-155257-b74c0f2-6d43-n16-r0	0	c100	sample	1	1-SRR5935788	setup_s	0.000044
20261008-155257-b74c0f2-6d43-n16-r0	0	c100	sample	1	1-SRR5935788	classify_s	5.157318
20261008-155257-b74c0f2-6d43-n16-r0	0	c100	sample	1	1-SRR5935788	close_s	0.272201
20261008-155257-b74c0f2-6d43-n16-r0	0	c100	sample	1	1-SRR5935788	report_s	0.185028
20261008-155257-b74c0f2-6d43-n16-r0	0	c100	sample	1	1-SRR5935788	status	0
20261008-155257-b74c0f2-6d43-n16-r0	0	c100	sample	1	1-SRR5935788	sequences	11073410
20261008-155257-b74c0f2-6d43-n16-r0	0	c100	sample	1	1-SRR5935788	bases	2024074094
20261008-155257-b74c0f2-6d43-n16-r0	0	c100	sample	1	1-SRR5935788	classified	10832572
20261008-155257-b74c0f2-6d43-n16-r0	0	c100	sample	1	1-SRR5935788	place	mod
20261008-155257-b74c0f2-6d43-n16-r0	0	c100	sample	1	1-SRR5935788	weight	11073410
20261008-155257-b74c0f2-6d43-n16-r0	0	c100	engine.mem			t_s	120.0
20261008-155257-b74c0f2-6d43-n16-r0	0	c100	engine.mem			rss_kib	78747616
20261008-155257-b74c0f2-6d43-n16-r0	0	c100	engine.mem			hwm_kib	79591540
20261008-155257-b74c0f2-6d43-n16-r0	0	c100	engine.mem			heap_inuse	3375284224
20261008-155257-b74c0f2-6d43-n16-r0	0	c100	engine.mem			sys	7379136840
20261008-155257-b74c0f2-6d43-n16-r0	0	c100	engine.mem			avail_kib	15927728
20261008-155257-b74c0f2-6d43-n16-r0	0	c100	sample	1	1-SRR5935804	mode	parallel
20261008-155257-b74c0f2-6d43-n16-r0	0	c100	sample	1	1-SRR5935804	s3client	sdk
20261008-155257-b74c0f2-6d43-n16-r0	0	c100	sample	1	1-SRR5935804	rank	0
20261008-155257-b74c0f2-6d43-n16-r0	0	c100	sample	1	1-SRR5935804	role	home
20261008-155257-b74c0f2-6d43-n16-r0	0	c100	sample	1	1-SRR5935804	inflight	1
20261008-155257-b74c0f2-6d43-n16-r0	0	c100	sample	1	1-SRR5935804	threads	16
20261008-155257-b74c0f2-6d43-n16-r0	0	c100	sample	1	1-SRR5935804	start_s	117.688618
20261008-155257-b74c0f2-6d43-n16-r0	0	c100	sample	1	1-SRR5935804	wall_s	6.507980
20261008-155257-b74c0f2-6d43-n16-r0	0	c100	sample	1	1-SRR5935804	setup_s	0.000042
20261008-155257-b74c0f2-6d43-n16-r0	0	c100	sample	1	1-SRR5935804	classify_s	5.943904
20261008-155257-b74c0f2-6d43-n16-r0	0	c100	sample	1	1-SRR5935804	close_s	0.411065
20261008-155257-b74c0f2-6d43-n16-r0	0	c100	sample	1	1-SRR5935804	report_s	0.144524
20261008-155257-b74c0f2-6d43-n16-r0	0	c100	sample	1	1-SRR5935804	status	0
20261008-155257-b74c0f2-6d43-n16-r0	0	c100	sample	1	1-SRR5935804	sequences	13253368
20261008-155257-b74c0f2-6d43-n16-r0	0	c100	sample	1	1-SRR5935804	bases	2414153428
20261008-155257-b74c0f2-6d43-n16-r0	0	c100	sample	1	1-SRR5935804	classified	12329188
20261008-155257-b74c0f2-6d43-n16-r0	0	c100	sample	1	1-SRR5935804	place	mod
20261008-155257-b74c0f2-6d43-n16-r0	0	c100	sample	1	1-SRR5935804	weight	13253368
20261008-155257-b74c0f2-6d43-n16-r0	0	c100	sample	1	1-SRR5935820	mode	parallel
20261008-155257-b74c0f2-6d43-n16-r0	0	c100	sample	1	1-SRR5935820	s3client	sdk
20261008-155257-b74c0f2-6d43-n16-r0	0	c100	sample	1	1-SRR5935820	rank	0
20261008-155257-b74c0f2-6d43-n16-r0	0	c100	sample	1	1-SRR5935820	role	home
20261008-155257-b74c0f2-6d43-n16-r0	0	c100	sample	1	1-SRR5935820	inflight	1
20261008-155257-b74c0f2-6d43-n16-r0	0	c100	sample	1	1-SRR5935820	threads	16
20261008-155257-b74c0f2-6d43-n16-r0	0	c100	sample	1	1-SRR5935820	start_s	124.196611
20261008-155257-b74c0f2-6d43-n16-r0	0	c100	sample	1	1-SRR5935820	wall_s	5.922510
20261008-155257-b74c0f2-6d43-n16-r0	0	c100	sample	1	1-SRR5935820	setup_s	0.000049
20261008-155257-b74c0f2-6d43-n16-r0	0	c100	sample	1	1-SRR5935820	classify_s	5.553782
20261008-155257-b74c0f2-6d43-n16-r0	0	c100	sample	1	1-SRR5935820	close_s	0.220544
20261008-155257-b74c0f2-6d43-n16-r0	0	c100	sample	1	1-SRR5935820	report_s	0.136659
20261008-155257-b74c0f2-6d43-n16-r0	0	c100	sample	1	1-SRR5935820	status	0
20261008-155257-b74c0f2-6d43-n16-r0	0	c100	sample	1	1-SRR5935820	sequences	12062510
20261008-155257-b74c0f2-6d43-n16-r0	0	c100	sample	1	1-SRR5935820	bases	2207297835
20261008-155257-b74c0f2-6d43-n16-r0	0	c100	sample	1	1-SRR5935820	classified	10926608
20261008-155257-b74c0f2-6d43-n16-r0	0	c100	sample	1	1-SRR5935820	place	mod
20261008-155257-b74c0f2-6d43-n16-r0	0	c100	sample	1	1-SRR5935820	weight	12062510
20261008-155257-b74c0f2-6d43-n16-r0	0	c100	sample	1	1-SRR5935836	mode	parallel
20261008-155257-b74c0f2-6d43-n16-r0	0	c100	sample	1	1-SRR5935836	s3client	sdk
20261008-155257-b74c0f2-6d43-n16-r0	0	c100	sample	1	1-SRR5935836	rank	0
20261008-155257-b74c0f2-6d43-n16-r0	0	c100	sample	1	1-SRR5935836	role	home
20261008-155257-b74c0f2-6d43-n16-r0	0	c100	sample	1	1-SRR5935836	inflight	1
20261008-155257-b74c0f2-6d43-n16-r0	0	c100	sample	1	1-SRR5935836	threads	16
20261008-155257-b74c0f2-6d43-n16-r0	0	c100	sample	1	1-SRR5935836	start_s	130.119133
20261008-155257-b74c0f2-6d43-n16-r0	0	c100	sample	1	1-SRR5935836	wall_s	3.780757
20261008-155257-b74c0f2-6d43-n16-r0	0	c100	sample	1	1-SRR5935836	setup_s	0.000038
20261008-155257-b74c0f2-6d43-n16-r0	0	c100	sample	1	1-SRR5935836	classify_s	3.363825
20261008-155257-b74c0f2-6d43-n16-r0	0	c100	sample	1	1-SRR5935836	close_s	0.244589
20261008-155257-b74c0f2-6d43-n16-r0	0	c100	sample	1	1-SRR5935836	report_s	0.167162
20261008-155257-b74c0f2-6d43-n16-r0	0	c100	sample	1	1-SRR5935836	status	0
20261008-155257-b74c0f2-6d43-n16-r0	0	c100	sample	1	1-SRR5935836	sequences	7326365
20261008-155257-b74c0f2-6d43-n16-r0	0	c100	sample	1	1-SRR5935836	bases	1333066620
20261008-155257-b74c0f2-6d43-n16-r0	0	c100	sample	1	1-SRR5935836	classified	6965607
20261008-155257-b74c0f2-6d43-n16-r0	0	c100	sample	1	1-SRR5935836	place	mod
20261008-155257-b74c0f2-6d43-n16-r0	0	c100	sample	1	1-SRR5935836	weight	7326365
20261008-155257-b74c0f2-6d43-n16-r0	0	c100	engine.mem			t_s	135.0
20261008-155257-b74c0f2-6d43-n16-r0	0	c100	engine.mem			rss_kib	78885488
20261008-155257-b74c0f2-6d43-n16-r0	0	c100	engine.mem			hwm_kib	79591540
20261008-155257-b74c0f2-6d43-n16-r0	0	c100	engine.mem			heap_inuse	4333535232
20261008-155257-b74c0f2-6d43-n16-r0	0	c100	engine.mem			sys	7379136840
20261008-155257-b74c0f2-6d43-n16-r0	0	c100	engine.mem			avail_kib	15910260
20261008-155257-b74c0f2-6d43-n16-r0	0	c100	phase			batch-barrier-1	5.105414
20261008-155257-b74c0f2-6d43-n16-r0	0	c100	phase			batch-barrier-1.start_s	133.899901
20261008-155257-b74c0f2-6d43-n16-r0	0	c100	sample	2	2-SRR5935823	mode	parallel
20261008-155257-b74c0f2-6d43-n16-r0	0	c100	sample	2	2-SRR5935823	s3client	sdk
20261008-155257-b74c0f2-6d43-n16-r0	0	c100	sample	2	2-SRR5935823	rank	0
20261008-155257-b74c0f2-6d43-n16-r0	0	c100	sample	2	2-SRR5935823	role	home
20261008-155257-b74c0f2-6d43-n16-r0	0	c100	sample	2	2-SRR5935823	inflight	1
20261008-155257-b74c0f2-6d43-n16-r0	0	c100	sample	2	2-SRR5935823	threads	16
20261008-155257-b74c0f2-6d43-n16-r0	0	c100	sample	2	2-SRR5935823	start_s	139.005353
20261008-155257-b74c0f2-6d43-n16-r0	0	c100	sample	2	2-SRR5935823	wall_s	10.035248
20261008-155257-b74c0f2-6d43-n16-r0	0	c100	sample	2	2-SRR5935823	setup_s	0.000041
20261008-155257-b74c0f2-6d43-n16-r0	0	c100	sample	2	2-SRR5935823	classify_s	9.531247
20261008-155257-b74c0f2-6d43-n16-r0	0	c100	sample	2	2-SRR5935823	close_s	0.351392
20261008-155257-b74c0f2-6d43-n16-r0	0	c100	sample	2	2-SRR5935823	report_s	0.148117
20261008-155257-b74c0f2-6d43-n16-r0	0	c100	sample	2	2-SRR5935823	status	0
20261008-155257-b74c0f2-6d43-n16-r0	0	c100	sample	2	2-SRR5935823	sequences	20770968
20261008-155257-b74c0f2-6d43-n16-r0	0	c100	sample	2	2-SRR5935823	bases	3886695944
20261008-155257-b74c0f2-6d43-n16-r0	0	c100	sample	2	2-SRR5935823	classified	20594735
20261008-155257-b74c0f2-6d43-n16-r0	0	c100	sample	2	2-SRR5935823	place	lpt
20261008-155257-b74c0f2-6d43-n16-r0	0	c100	sample	2	2-SRR5935823	weight	20770968
20261008-155257-b74c0f2-6d43-n16-r0	0	c100	engine.mem			t_s	150.0
20261008-155257-b74c0f2-6d43-n16-r0	0	c100	engine.mem			rss_kib	78071300
20261008-155257-b74c0f2-6d43-n16-r0	0	c100	engine.mem			hwm_kib	79591540
20261008-155257-b74c0f2-6d43-n16-r0	0	c100	engine.mem			heap_inuse	5043634176
20261008-155257-b74c0f2-6d43-n16-r0	0	c100	engine.mem			sys	7379145032
20261008-155257-b74c0f2-6d43-n16-r0	0	c100	engine.mem			avail_kib	16227212
20261008-155257-b74c0f2-6d43-n16-r0	0	c100	sample	2	2-SRR5935753	mode	parallel
20261008-155257-b74c0f2-6d43-n16-r0	0	c100	sample	2	2-SRR5935753	s3client	sdk
20261008-155257-b74c0f2-6d43-n16-r0	0	c100	sample	2	2-SRR5935753	rank	0
20261008-155257-b74c0f2-6d43-n16-r0	0	c100	sample	2	2-SRR5935753	role	home
20261008-155257-b74c0f2-6d43-n16-r0	0	c100	sample	2	2-SRR5935753	inflight	1
20261008-155257-b74c0f2-6d43-n16-r0	0	c100	sample	2	2-SRR5935753	threads	16
20261008-155257-b74c0f2-6d43-n16-r0	0	c100	sample	2	2-SRR5935753	start_s	149.040618
20261008-155257-b74c0f2-6d43-n16-r0	0	c100	sample	2	2-SRR5935753	wall_s	6.889526
20261008-155257-b74c0f2-6d43-n16-r0	0	c100	sample	2	2-SRR5935753	setup_s	0.000046
20261008-155257-b74c0f2-6d43-n16-r0	0	c100	sample	2	2-SRR5935753	classify_s	6.495555
20261008-155257-b74c0f2-6d43-n16-r0	0	c100	sample	2	2-SRR5935753	close_s	0.250448
20261008-155257-b74c0f2-6d43-n16-r0	0	c100	sample	2	2-SRR5935753	report_s	0.136204
20261008-155257-b74c0f2-6d43-n16-r0	0	c100	sample	2	2-SRR5935753	status	0
20261008-155257-b74c0f2-6d43-n16-r0	0	c100	sample	2	2-SRR5935753	sequences	14164085
20261008-155257-b74c0f2-6d43-n16-r0	0	c100	sample	2	2-SRR5935753	bases	2640398097
20261008-155257-b74c0f2-6d43-n16-r0	0	c100	sample	2	2-SRR5935753	classified	13689575
20261008-155257-b74c0f2-6d43-n16-r0	0	c100	sample	2	2-SRR5935753	place	lpt
20261008-155257-b74c0f2-6d43-n16-r0	0	c100	sample	2	2-SRR5935753	weight	14164085
20261008-155257-b74c0f2-6d43-n16-r0	0	c100	sample	2	2-SRR5935748	mode	parallel
20261008-155257-b74c0f2-6d43-n16-r0	0	c100	sample	2	2-SRR5935748	s3client	sdk
20261008-155257-b74c0f2-6d43-n16-r0	0	c100	sample	2	2-SRR5935748	rank	0
20261008-155257-b74c0f2-6d43-n16-r0	0	c100	sample	2	2-SRR5935748	role	home
20261008-155257-b74c0f2-6d43-n16-r0	0	c100	sample	2	2-SRR5935748	inflight	1
20261008-155257-b74c0f2-6d43-n16-r0	0	c100	sample	2	2-SRR5935748	threads	16
20261008-155257-b74c0f2-6d43-n16-r0	0	c100	sample	2	2-SRR5935748	start_s	155.930161
20261008-155257-b74c0f2-6d43-n16-r0	0	c100	sample	2	2-SRR5935748	wall_s	5.920617
20261008-155257-b74c0f2-6d43-n16-r0	0	c100	sample	2	2-SRR5935748	setup_s	0.000040
20261008-155257-b74c0f2-6d43-n16-r0	0	c100	sample	2	2-SRR5935748	classify_s	5.496599
20261008-155257-b74c0f2-6d43-n16-r0	0	c100	sample	2	2-SRR5935748	close_s	0.238948
20261008-155257-b74c0f2-6d43-n16-r0	0	c100	sample	2	2-SRR5935748	report_s	0.174320
20261008-155257-b74c0f2-6d43-n16-r0	0	c100	sample	2	2-SRR5935748	status	0
20261008-155257-b74c0f2-6d43-n16-r0	0	c100	sample	2	2-SRR5935748	sequences	11859598
20261008-155257-b74c0f2-6d43-n16-r0	0	c100	sample	2	2-SRR5935748	bases	2188903487
20261008-155257-b74c0f2-6d43-n16-r0	0	c100	sample	2	2-SRR5935748	classified	10951240
20261008-155257-b74c0f2-6d43-n16-r0	0	c100	sample	2	2-SRR5935748	place	lpt
20261008-155257-b74c0f2-6d43-n16-r0	0	c100	sample	2	2-SRR5935748	weight	11859598
20261008-155257-b74c0f2-6d43-n16-r0	0	c100	engine.mem			t_s	165.0
20261008-155257-b74c0f2-6d43-n16-r0	0	c100	engine.mem			rss_kib	79063188
20261008-155257-b74c0f2-6d43-n16-r0	0	c100	engine.mem			hwm_kib	79591540
20261008-155257-b74c0f2-6d43-n16-r0	0	c100	engine.mem			heap_inuse	4651278336
20261008-155257-b74c0f2-6d43-n16-r0	0	c100	engine.mem			sys	7379145032
20261008-155257-b74c0f2-6d43-n16-r0	0	c100	engine.mem			avail_kib	15799008
20261008-155257-b74c0f2-6d43-n16-r0	0	c100	sample	2	2-SRR5935791	mode	parallel
20261008-155257-b74c0f2-6d43-n16-r0	0	c100	sample	2	2-SRR5935791	s3client	sdk
20261008-155257-b74c0f2-6d43-n16-r0	0	c100	sample	2	2-SRR5935791	rank	0
20261008-155257-b74c0f2-6d43-n16-r0	0	c100	sample	2	2-SRR5935791	role	home
20261008-155257-b74c0f2-6d43-n16-r0	0	c100	sample	2	2-SRR5935791	inflight	1
20261008-155257-b74c0f2-6d43-n16-r0	0	c100	sample	2	2-SRR5935791	threads	16
20261008-155257-b74c0f2-6d43-n16-r0	0	c100	sample	2	2-SRR5935791	start_s	161.850793
20261008-155257-b74c0f2-6d43-n16-r0	0	c100	sample	2	2-SRR5935791	wall_s	5.371919
20261008-155257-b74c0f2-6d43-n16-r0	0	c100	sample	2	2-SRR5935791	setup_s	0.000046
20261008-155257-b74c0f2-6d43-n16-r0	0	c100	sample	2	2-SRR5935791	classify_s	4.882706
20261008-155257-b74c0f2-6d43-n16-r0	0	c100	sample	2	2-SRR5935791	close_s	0.272620
20261008-155257-b74c0f2-6d43-n16-r0	0	c100	sample	2	2-SRR5935791	report_s	0.213564
20261008-155257-b74c0f2-6d43-n16-r0	0	c100	sample	2	2-SRR5935791	status	0
20261008-155257-b74c0f2-6d43-n16-r0	0	c100	sample	2	2-SRR5935791	sequences	10140194
20261008-155257-b74c0f2-6d43-n16-r0	0	c100	sample	2	2-SRR5935791	bases	1929101997
20261008-155257-b74c0f2-6d43-n16-r0	0	c100	sample	2	2-SRR5935791	classified	10096895
20261008-155257-b74c0f2-6d43-n16-r0	0	c100	sample	2	2-SRR5935791	place	lpt
20261008-155257-b74c0f2-6d43-n16-r0	0	c100	sample	2	2-SRR5935791	weight	10140194
20261008-155257-b74c0f2-6d43-n16-r0	0	c100	sample	2	2-SRR5935758	mode	parallel
20261008-155257-b74c0f2-6d43-n16-r0	0	c100	sample	2	2-SRR5935758	s3client	sdk
20261008-155257-b74c0f2-6d43-n16-r0	0	c100	sample	2	2-SRR5935758	rank	0
20261008-155257-b74c0f2-6d43-n16-r0	0	c100	sample	2	2-SRR5935758	role	home
20261008-155257-b74c0f2-6d43-n16-r0	0	c100	sample	2	2-SRR5935758	inflight	1
20261008-155257-b74c0f2-6d43-n16-r0	0	c100	sample	2	2-SRR5935758	threads	16
20261008-155257-b74c0f2-6d43-n16-r0	0	c100	sample	2	2-SRR5935758	start_s	167.222726
20261008-155257-b74c0f2-6d43-n16-r0	0	c100	sample	2	2-SRR5935758	wall_s	4.301683
20261008-155257-b74c0f2-6d43-n16-r0	0	c100	sample	2	2-SRR5935758	setup_s	0.000035
20261008-155257-b74c0f2-6d43-n16-r0	0	c100	sample	2	2-SRR5935758	classify_s	3.899447
20261008-155257-b74c0f2-6d43-n16-r0	0	c100	sample	2	2-SRR5935758	close_s	0.281230
20261008-155257-b74c0f2-6d43-n16-r0	0	c100	sample	2	2-SRR5935758	report_s	0.116860
20261008-155257-b74c0f2-6d43-n16-r0	0	c100	sample	2	2-SRR5935758	status	0
20261008-155257-b74c0f2-6d43-n16-r0	0	c100	sample	2	2-SRR5935758	sequences	8206591
20261008-155257-b74c0f2-6d43-n16-r0	0	c100	sample	2	2-SRR5935758	bases	1523967713
20261008-155257-b74c0f2-6d43-n16-r0	0	c100	sample	2	2-SRR5935758	classified	7998445
20261008-155257-b74c0f2-6d43-n16-r0	0	c100	sample	2	2-SRR5935758	place	lpt
20261008-155257-b74c0f2-6d43-n16-r0	0	c100	sample	2	2-SRR5935758	weight	8206591
20261008-155257-b74c0f2-6d43-n16-r0	0	c100	sample	2	2-SRR5935779	mode	parallel
20261008-155257-b74c0f2-6d43-n16-r0	0	c100	sample	2	2-SRR5935779	s3client	sdk
20261008-155257-b74c0f2-6d43-n16-r0	0	c100	sample	2	2-SRR5935779	rank	0
20261008-155257-b74c0f2-6d43-n16-r0	0	c100	sample	2	2-SRR5935779	role	home
20261008-155257-b74c0f2-6d43-n16-r0	0	c100	sample	2	2-SRR5935779	inflight	1
20261008-155257-b74c0f2-6d43-n16-r0	0	c100	sample	2	2-SRR5935779	threads	16
20261008-155257-b74c0f2-6d43-n16-r0	0	c100	sample	2	2-SRR5935779	start_s	171.524422
20261008-155257-b74c0f2-6d43-n16-r0	0	c100	sample	2	2-SRR5935779	wall_s	3.591593
20261008-155257-b74c0f2-6d43-n16-r0	0	c100	sample	2	2-SRR5935779	setup_s	0.000039
20261008-155257-b74c0f2-6d43-n16-r0	0	c100	sample	2	2-SRR5935779	classify_s	2.888689
20261008-155257-b74c0f2-6d43-n16-r0	0	c100	sample	2	2-SRR5935779	close_s	0.292521
20261008-155257-b74c0f2-6d43-n16-r0	0	c100	sample	2	2-SRR5935779	report_s	0.406422
20261008-155257-b74c0f2-6d43-n16-r0	0	c100	sample	2	2-SRR5935779	status	0
20261008-155257-b74c0f2-6d43-n16-r0	0	c100	sample	2	2-SRR5935779	sequences	5948317
20261008-155257-b74c0f2-6d43-n16-r0	0	c100	sample	2	2-SRR5935779	bases	1093467848
20261008-155257-b74c0f2-6d43-n16-r0	0	c100	sample	2	2-SRR5935779	classified	5682744
20261008-155257-b74c0f2-6d43-n16-r0	0	c100	sample	2	2-SRR5935779	place	lpt
20261008-155257-b74c0f2-6d43-n16-r0	0	c100	sample	2	2-SRR5935779	weight	5948317
20261008-155257-b74c0f2-6d43-n16-r0	0	c100	phase			batch-barrier-2	0.476400
20261008-155257-b74c0f2-6d43-n16-r0	0	c100	phase			batch-barrier-2.start_s	175.116025
20261008-155257-b74c0f2-6d43-n16-r0	0	c100	engine.mem			t_s	180.0
20261008-155257-b74c0f2-6d43-n16-r0	0	c100	engine.mem			rss_kib	76694804
20261008-155257-b74c0f2-6d43-n16-r0	0	c100	engine.mem			hwm_kib	79591540
20261008-155257-b74c0f2-6d43-n16-r0	0	c100	engine.mem			heap_inuse	3381149696
20261008-155257-b74c0f2-6d43-n16-r0	0	c100	engine.mem			sys	7379448136
20261008-155257-b74c0f2-6d43-n16-r0	0	c100	engine.mem			avail_kib	17398688
20261008-155257-b74c0f2-6d43-n16-r0	0	c100	phase			barrier	0.005258
20261008-155257-b74c0f2-6d43-n16-r0	0	c100	phase			barrier.start_s	181.791183
20261008-155257-b74c0f2-6d43-n16-r0	0	c100	sample	3	3-SRR5935740	mode	striped
20261008-155257-b74c0f2-6d43-n16-r0	0	c100	sample	3	3-SRR5935740	s3client	sdk
20261008-155257-b74c0f2-6d43-n16-r0	0	c100	sample	3	3-SRR5935740	rank	0
20261008-155257-b74c0f2-6d43-n16-r0	0	c100	sample	3	3-SRR5935740	role	emitter
20261008-155257-b74c0f2-6d43-n16-r0	0	c100	sample	3	3-SRR5935740	inflight	1
20261008-155257-b74c0f2-6d43-n16-r0	0	c100	sample	3	3-SRR5935740	threads	16
20261008-155257-b74c0f2-6d43-n16-r0	0	c100	sample	3	3-SRR5935740	start_s	176.708299
20261008-155257-b74c0f2-6d43-n16-r0	0	c100	sample	3	3-SRR5935740	wall_s	5.556914
20261008-155257-b74c0f2-6d43-n16-r0	0	c100	sample	3	3-SRR5935740	setup_s	0.000035
20261008-155257-b74c0f2-6d43-n16-r0	0	c100	sample	3	3-SRR5935740	classify_s	5.079997
20261008-155257-b74c0f2-6d43-n16-r0	0	c100	sample	3	3-SRR5935740	close_s	0.307371
20261008-155257-b74c0f2-6d43-n16-r0	0	c100	sample	3	3-SRR5935740	report_s	0.161226
20261008-155257-b74c0f2-6d43-n16-r0	0	c100	sample	3	3-SRR5935740	status	0
20261008-155257-b74c0f2-6d43-n16-r0	0	c100	sample	3	3-SRR5935740	sequences	10532910
20261008-155257-b74c0f2-6d43-n16-r0	0	c100	sample	3	3-SRR5935740	bases	1945093294
20261008-155257-b74c0f2-6d43-n16-r0	0	c100	sample	3	3-SRR5935740	classified	9366399
20261008-155257-b74c0f2-6d43-n16-r0	0	c100	sample	3	3-SRR5935740	place	-
20261008-155257-b74c0f2-6d43-n16-r0	0	c100	sample	3	3-SRR5935740	weight	-
20261008-155257-b74c0f2-6d43-n16-r0	0	c100	phase			batch-barrier-3	0.459932
20261008-155257-b74c0f2-6d43-n16-r0	0	c100	phase			batch-barrier-3.start_s	182.265226
20261008-155257-b74c0f2-6d43-n16-r0	0	c100	phase			barrier	0.005041
20261008-155257-b74c0f2-6d43-n16-r0	0	c100	phase			barrier.start_s	187.978892
20261008-155257-b74c0f2-6d43-n16-r0	0	c100	sample	4	4-SRR5935740	mode	striped
20261008-155257-b74c0f2-6d43-n16-r0	0	c100	sample	4	4-SRR5935740	s3client	sdk
20261008-155257-b74c0f2-6d43-n16-r0	0	c100	sample	4	4-SRR5935740	rank	0
20261008-155257-b74c0f2-6d43-n16-r0	0	c100	sample	4	4-SRR5935740	role	emitter
20261008-155257-b74c0f2-6d43-n16-r0	0	c100	sample	4	4-SRR5935740	inflight	1
20261008-155257-b74c0f2-6d43-n16-r0	0	c100	sample	4	4-SRR5935740	threads	16
20261008-155257-b74c0f2-6d43-n16-r0	0	c100	sample	4	4-SRR5935740	start_s	183.159756
20261008-155257-b74c0f2-6d43-n16-r0	0	c100	sample	4	4-SRR5935740	wall_s	5.241669
20261008-155257-b74c0f2-6d43-n16-r0	0	c100	sample	4	4-SRR5935740	setup_s	0.000035
20261008-155257-b74c0f2-6d43-n16-r0	0	c100	sample	4	4-SRR5935740	classify_s	4.816333
20261008-155257-b74c0f2-6d43-n16-r0	0	c100	sample	4	4-SRR5935740	close_s	0.283841
20261008-155257-b74c0f2-6d43-n16-r0	0	c100	sample	4	4-SRR5935740	report_s	0.133470
20261008-155257-b74c0f2-6d43-n16-r0	0	c100	sample	4	4-SRR5935740	status	0
20261008-155257-b74c0f2-6d43-n16-r0	0	c100	sample	4	4-SRR5935740	sequences	10532910
20261008-155257-b74c0f2-6d43-n16-r0	0	c100	sample	4	4-SRR5935740	bases	1945093294
20261008-155257-b74c0f2-6d43-n16-r0	0	c100	sample	4	4-SRR5935740	classified	9366399
20261008-155257-b74c0f2-6d43-n16-r0	0	c100	sample	4	4-SRR5935740	place	-
20261008-155257-b74c0f2-6d43-n16-r0	0	c100	sample	4	4-SRR5935740	weight	-
20261008-155257-b74c0f2-6d43-n16-r0	0	c100	phase			batch-barrier-4	0.434079
20261008-155257-b74c0f2-6d43-n16-r0	0	c100	phase			batch-barrier-4.start_s	188.401435
20261008-155257-b74c0f2-6d43-n16-r0	0	c100	phase			barrier	0.005057
20261008-155257-b74c0f2-6d43-n16-r0	0	c100	phase			barrier.start_s	194.010628
20261008-155257-b74c0f2-6d43-n16-r0	0	c100	sample	5	5-SRR5935740	mode	striped
20261008-155257-b74c0f2-6d43-n16-r0	0	c100	sample	5	5-SRR5935740	s3client	sdk
20261008-155257-b74c0f2-6d43-n16-r0	0	c100	sample	5	5-SRR5935740	rank	0
20261008-155257-b74c0f2-6d43-n16-r0	0	c100	sample	5	5-SRR5935740	role	emitter
20261008-155257-b74c0f2-6d43-n16-r0	0	c100	sample	5	5-SRR5935740	inflight	1
20261008-155257-b74c0f2-6d43-n16-r0	0	c100	sample	5	5-SRR5935740	threads	16
20261008-155257-b74c0f2-6d43-n16-r0	0	c100	sample	5	5-SRR5935740	start_s	189.259370
20261008-155257-b74c0f2-6d43-n16-r0	0	c100	sample	5	5-SRR5935740	wall_s	5.145184
20261008-155257-b74c0f2-6d43-n16-r0	0	c100	sample	5	5-SRR5935740	setup_s	0.000030
20261008-155257-b74c0f2-6d43-n16-r0	0	c100	sample	5	5-SRR5935740	classify_s	4.748496
20261008-155257-b74c0f2-6d43-n16-r0	0	c100	sample	5	5-SRR5935740	close_s	0.258694
20261008-155257-b74c0f2-6d43-n16-r0	0	c100	sample	5	5-SRR5935740	report_s	0.129985
20261008-155257-b74c0f2-6d43-n16-r0	0	c100	sample	5	5-SRR5935740	status	0
20261008-155257-b74c0f2-6d43-n16-r0	0	c100	sample	5	5-SRR5935740	sequences	10532910
20261008-155257-b74c0f2-6d43-n16-r0	0	c100	sample	5	5-SRR5935740	bases	1945093294
20261008-155257-b74c0f2-6d43-n16-r0	0	c100	sample	5	5-SRR5935740	classified	9366399
20261008-155257-b74c0f2-6d43-n16-r0	0	c100	sample	5	5-SRR5935740	place	-
20261008-155257-b74c0f2-6d43-n16-r0	0	c100	sample	5	5-SRR5935740	weight	-
20261008-155257-b74c0f2-6d43-n16-r0	0	c100	phase			batch-barrier-5	0.423256
20261008-155257-b74c0f2-6d43-n16-r0	0	c100	phase			batch-barrier-5.start_s	194.404562
20261008-155257-b74c0f2-6d43-n16-r0	0	c100	engine.mem			t_s	195.0
20261008-155257-b74c0f2-6d43-n16-r0	0	c100	engine.mem			rss_kib	77379476
20261008-155257-b74c0f2-6d43-n16-r0	0	c100	engine.mem			hwm_kib	79591540
20261008-155257-b74c0f2-6d43-n16-r0	0	c100	engine.mem			heap_inuse	4887257088
20261008-155257-b74c0f2-6d43-n16-r0	0	c100	engine.mem			sys	7379448136
20261008-155257-b74c0f2-6d43-n16-r0	0	c100	engine.mem			avail_kib	17513100
20261008-155257-b74c0f2-6d43-n16-r0	0	c100	sample	6	6-SRR5935740	mode	parallel
20261008-155257-b74c0f2-6d43-n16-r0	0	c100	sample	6	6-SRR5935740	s3client	sdk
20261008-155257-b74c0f2-6d43-n16-r0	0	c100	sample	6	6-SRR5935740	rank	0
20261008-155257-b74c0f2-6d43-n16-r0	0	c100	sample	6	6-SRR5935740	role	home
20261008-155257-b74c0f2-6d43-n16-r0	0	c100	sample	6	6-SRR5935740	inflight	1
20261008-155257-b74c0f2-6d43-n16-r0	0	c100	sample	6	6-SRR5935740	threads	16
20261008-155257-b74c0f2-6d43-n16-r0	0	c100	sample	6	6-SRR5935740	start_s	194.827832
20261008-155257-b74c0f2-6d43-n16-r0	0	c100	sample	6	6-SRR5935740	wall_s	5.168172
20261008-155257-b74c0f2-6d43-n16-r0	0	c100	sample	6	6-SRR5935740	setup_s	0.000033
20261008-155257-b74c0f2-6d43-n16-r0	0	c100	sample	6	6-SRR5935740	classify_s	4.792268
20261008-155257-b74c0f2-6d43-n16-r0	0	c100	sample	6	6-SRR5935740	close_s	0.224258
20261008-155257-b74c0f2-6d43-n16-r0	0	c100	sample	6	6-SRR5935740	report_s	0.139649
20261008-155257-b74c0f2-6d43-n16-r0	0	c100	sample	6	6-SRR5935740	status	0
20261008-155257-b74c0f2-6d43-n16-r0	0	c100	sample	6	6-SRR5935740	sequences	10532910
20261008-155257-b74c0f2-6d43-n16-r0	0	c100	sample	6	6-SRR5935740	bases	1945093294
20261008-155257-b74c0f2-6d43-n16-r0	0	c100	sample	6	6-SRR5935740	classified	9366399
20261008-155257-b74c0f2-6d43-n16-r0	0	c100	sample	6	6-SRR5935740	place	lpt
20261008-155257-b74c0f2-6d43-n16-r0	0	c100	sample	6	6-SRR5935740	weight	10532910
20261008-155257-b74c0f2-6d43-n16-r0	0	c100	phase			batch-barrier-6	0.453212
20261008-155257-b74c0f2-6d43-n16-r0	0	c100	phase			batch-barrier-6.start_s	199.996015
20261008-155257-b74c0f2-6d43-n16-r0	0	c100	sample	7	7-SRR5935740	mode	parallel
20261008-155257-b74c0f2-6d43-n16-r0	0	c100	sample	7	7-SRR5935740	s3client	sdk
20261008-155257-b74c0f2-6d43-n16-r0	0	c100	sample	7	7-SRR5935740	rank	0
20261008-155257-b74c0f2-6d43-n16-r0	0	c100	sample	7	7-SRR5935740	role	home
20261008-155257-b74c0f2-6d43-n16-r0	0	c100	sample	7	7-SRR5935740	inflight	1
20261008-155257-b74c0f2-6d43-n16-r0	0	c100	sample	7	7-SRR5935740	threads	16
20261008-155257-b74c0f2-6d43-n16-r0	0	c100	sample	7	7-SRR5935740	start_s	200.449240
20261008-155257-b74c0f2-6d43-n16-r0	0	c100	sample	7	7-SRR5935740	wall_s	5.161045
20261008-155257-b74c0f2-6d43-n16-r0	0	c100	sample	7	7-SRR5935740	setup_s	0.000029
20261008-155257-b74c0f2-6d43-n16-r0	0	c100	sample	7	7-SRR5935740	classify_s	4.785833
20261008-155257-b74c0f2-6d43-n16-r0	0	c100	sample	7	7-SRR5935740	close_s	0.234271
20261008-155257-b74c0f2-6d43-n16-r0	0	c100	sample	7	7-SRR5935740	report_s	0.128657
20261008-155257-b74c0f2-6d43-n16-r0	0	c100	sample	7	7-SRR5935740	status	0
20261008-155257-b74c0f2-6d43-n16-r0	0	c100	sample	7	7-SRR5935740	sequences	10532910
20261008-155257-b74c0f2-6d43-n16-r0	0	c100	sample	7	7-SRR5935740	bases	1945093294
20261008-155257-b74c0f2-6d43-n16-r0	0	c100	sample	7	7-SRR5935740	classified	9366399
20261008-155257-b74c0f2-6d43-n16-r0	0	c100	sample	7	7-SRR5935740	place	lpt
20261008-155257-b74c0f2-6d43-n16-r0	0	c100	sample	7	7-SRR5935740	weight	10532910
20261008-155257-b74c0f2-6d43-n16-r0	0	c100	phase			batch-barrier-7	0.428918
20261008-155257-b74c0f2-6d43-n16-r0	0	c100	phase			batch-barrier-7.start_s	205.610295
20261008-155257-b74c0f2-6d43-n16-r0	0	c100	engine.mem			t_s	210.0
20261008-155257-b74c0f2-6d43-n16-r0	0	c100	engine.mem			rss_kib	78710296
20261008-155257-b74c0f2-6d43-n16-r0	0	c100	engine.mem			hwm_kib	79591540
20261008-155257-b74c0f2-6d43-n16-r0	0	c100	engine.mem			heap_inuse	3124256768
20261008-155257-b74c0f2-6d43-n16-r0	0	c100	engine.mem			sys	7379448136
20261008-155257-b74c0f2-6d43-n16-r0	0	c100	engine.mem			avail_kib	16123848
20261008-155257-b74c0f2-6d43-n16-r0	0	c100	sample	8	8-SRR5935740	mode	parallel
20261008-155257-b74c0f2-6d43-n16-r0	0	c100	sample	8	8-SRR5935740	s3client	sdk
20261008-155257-b74c0f2-6d43-n16-r0	0	c100	sample	8	8-SRR5935740	rank	0
20261008-155257-b74c0f2-6d43-n16-r0	0	c100	sample	8	8-SRR5935740	role	home
20261008-155257-b74c0f2-6d43-n16-r0	0	c100	sample	8	8-SRR5935740	inflight	1
20261008-155257-b74c0f2-6d43-n16-r0	0	c100	sample	8	8-SRR5935740	threads	16
20261008-155257-b74c0f2-6d43-n16-r0	0	c100	sample	8	8-SRR5935740	start_s	206.039226
20261008-155257-b74c0f2-6d43-n16-r0	0	c100	sample	8	8-SRR5935740	wall_s	5.219188
20261008-155257-b74c0f2-6d43-n16-r0	0	c100	sample	8	8-SRR5935740	setup_s	0.000028
20261008-155257-b74c0f2-6d43-n16-r0	0	c100	sample	8	8-SRR5935740	classify_s	4.827963
20261008-155257-b74c0f2-6d43-n16-r0	0	c100	sample	8	8-SRR5935740	close_s	0.254028
20261008-155257-b74c0f2-6d43-n16-r0	0	c100	sample	8	8-SRR5935740	report_s	0.124782
20261008-155257-b74c0f2-6d43-n16-r0	0	c100	sample	8	8-SRR5935740	status	0
20261008-155257-b74c0f2-6d43-n16-r0	0	c100	sample	8	8-SRR5935740	sequences	10532910
20261008-155257-b74c0f2-6d43-n16-r0	0	c100	sample	8	8-SRR5935740	bases	1945093294
20261008-155257-b74c0f2-6d43-n16-r0	0	c100	sample	8	8-SRR5935740	classified	9366399
20261008-155257-b74c0f2-6d43-n16-r0	0	c100	sample	8	8-SRR5935740	place	lpt
20261008-155257-b74c0f2-6d43-n16-r0	0	c100	sample	8	8-SRR5935740	weight	10532910
20261008-155257-b74c0f2-6d43-n16-r0	0	c100	phase			batch-barrier-8	0.455651
20261008-155257-b74c0f2-6d43-n16-r0	0	c100	phase			batch-barrier-8.start_s	211.258425
20261008-155257-b74c0f2-6d43-n16-r0	0	c100	engine.shard			index	0
20261008-155257-b74c0f2-6d43-n16-r0	0	c100	engine.shard			n	16
20261008-155257-b74c0f2-6d43-n16-r0	0	c100	engine.shard			lo	0
20261008-155257-b74c0f2-6d43-n16-r0	0	c100	engine.shard			hi	18579557371
20261008-155257-b74c0f2-6d43-n16-r0	0	c100	engine.shard			tail	302
20261008-155257-b74c0f2-6d43-n16-r0	0	c100	engine.shard			full	false
20261008-155257-b74c0f2-6d43-n16-r0	0	c100	engine.shard			empty_at	18579557376
20261008-155257-b74c0f2-6d43-n16-r0	0	c100	engine.shard			keys	8480550252
20261008-155257-b74c0f2-6d43-n16-r0	0	c100	engine.shard			batches	89910
20261008-155257-b74c0f2-6d43-n16-r0	0	c100	engine.shard			probe_s	165.776783
20261008-155257-b74c0f2-6d43-n16-r0	0	c100	engine.shard			tail_probes	0
20261008-155257-b74c0f2-6d43-n16-r0	0	c100	engine.shard			wrap_probes	0
20261008-155257-b74c0f2-6d43-n16-r0	0	c100	engine.mem			t_s	211.7
20261008-155257-b74c0f2-6d43-n16-r0	0	c100	engine.mem			rss_kib	78684620
20261008-155257-b74c0f2-6d43-n16-r0	0	c100	engine.mem			hwm_kib	79591540
20261008-155257-b74c0f2-6d43-n16-r0	0	c100	engine.mem			heap_inuse	4877926400
20261008-155257-b74c0f2-6d43-n16-r0	0	c100	engine.mem			sys	7379448136
20261008-155257-b74c0f2-6d43-n16-r0	0	c100	engine.mem			avail_kib	16156468
20261008-155257-b74c0f2-6d43-n16-r0	0	c100	engine.rendezvous			puts	13
20261008-155257-b74c0f2-6d43-n16-r0	0	c100	engine.rendezvous			gets	460
20261008-155257-b74c0f2-6d43-n16-r0	0	c100	engine.s3			client	sdk
20261008-155257-b74c0f2-6d43-n16-r0	0	c100	engine.s3			put	38
20261008-155257-b74c0f2-6d43-n16-r0	0	c100	engine.s3			get	460
20261008-155257-b74c0f2-6d43-n16-r0	0	c100	engine.s3			create_multipart	25
20261008-155257-b74c0f2-6d43-n16-r0	0	c100	engine.s3			upload_part	3027
20261008-155257-b74c0f2-6d43-n16-r0	0	c100	engine.s3			complete_multipart	25
20261008-155257-b74c0f2-6d43-n16-r0	0	c100	engine.s3			abort_multipart	0
20261008-155257-b74c0f2-6d43-n16-r0	0	c100	engine.s3			part_bytes	25308450271
20261008-155257-b74c0f2-6d43-n16-r0	0	c100	engine.s3			client	cli
20261008-155257-b74c0f2-6d43-n16-r0	0	c100	engine.s3			put	0
20261008-155257-b74c0f2-6d43-n16-r0	0	c100	engine.s3			get	0
20261008-155257-b74c0f2-6d43-n16-r0	0	c100	engine.s3			create_multipart	0
20261008-155257-b74c0f2-6d43-n16-r0	0	c100	engine.s3			upload_part	0
20261008-155257-b74c0f2-6d43-n16-r0	0	c100	engine.s3			complete_multipart	0
20261008-155257-b74c0f2-6d43-n16-r0	0	c100	engine.s3			abort_multipart	0
20261008-155257-b74c0f2-6d43-n16-r0	0	c100	engine.s3			part_bytes	0
20261008-155257-b74c0f2-6d43-n16-r0	0	c100	engine.load			seconds	25.434704
20261008-155257-b74c0f2-6d43-n16-r0	0	c100	engine.load			requests	1126
20261008-155257-b74c0f2-6d43-n16-r0	0	c100	engine.load			retries	0
20261008-155257-b74c0f2-6d43-n16-r0	0	c100	engine.load			bytes	74318296292
20261008-155257-b74c0f2-6d43-n16-r0	0	c100	engine.route			transport	nodes
20261008-155257-b74c0f2-6d43-n16-r0	0	c100	engine.route			calls	6886
20261008-155257-b74c0f2-6d43-n16-r0	0	c100	engine.route			keys	10395711508
20261008-155257-b74c0f2-6d43-n16-r0	0	c100	engine.route			batches	110176
20261008-155257-b74c0f2-6d43-n16-r0	0	c100	engine.route			route_s	69.231607
20261008-155257-b74c0f2-6d43-n16-r0	0	c100	engine.route			wait_s	51.730890
20261008-155257-b74c0f2-6d43-n16-r0	0	c100	engine.route			gather_s	15.236494
20261008-155257-b74c0f2-6d43-n16-r0	0	c100	engine.worker			scan_s	526.762199
20261008-155257-b74c0f2-6d43-n16-r0	0	c100	engine.worker			lookup_s	136.201208
20261008-155257-b74c0f2-6d43-n16-r0	0	c100	engine.worker			classify_s	445.026516
20261008-155257-b74c0f2-6d43-n16-r0	0	c100	phase			total	211.821446
20261008-155257-b74c0f2-6d43-n16-r0	0	c100	phase			total.start_s	0.000001
20261008-155257-b74c0f2-6d43-n16-r1	1	c100	phase			taxo	0.076393
20261008-155257-b74c0f2-6d43-n16-r1	1	c100	phase			taxo.start_s	0.002817
20261008-155257-b74c0f2-6d43-n16-r1	1	c100	engine.mem			t_s	15.0
20261008-155257-b74c0f2-6d43-n16-r1	1	c100	engine.mem			rss_kib	44831592
20261008-155257-b74c0f2-6d43-n16-r1	1	c100	engine.mem			hwm_kib	44831596
20261008-155257-b74c0f2-6d43-n16-r1	1	c100	engine.mem			heap_inuse	404365312
20261008-155257-b74c0f2-6d43-n16-r1	1	c100	engine.mem			sys	438622568
20261008-155257-b74c0f2-6d43-n16-r1	1	c100	engine.mem			avail_kib	49967004
20261008-155257-b74c0f2-6d43-n16-r1	1	c100	phase			shard-load-1	25.162641
20261008-155257-b74c0f2-6d43-n16-r1	1	c100	phase			shard-load-1.start_s	0.147575
20261008-155257-b74c0f2-6d43-n16-r1	1	c100	engine.mem			t_s	30.0
20261008-155257-b74c0f2-6d43-n16-r1	1	c100	engine.mem			rss_kib	72978352
20261008-155257-b74c0f2-6d43-n16-r1	1	c100	engine.mem			hwm_kib	72978356
20261008-155257-b74c0f2-6d43-n16-r1	1	c100	engine.mem			heap_inuse	409935872
20261008-155257-b74c0f2-6d43-n16-r1	1	c100	engine.mem			sys	443410808
20261008-155257-b74c0f2-6d43-n16-r1	1	c100	engine.mem			avail_kib	21855948
20261008-155257-b74c0f2-6d43-n16-r1	1	c100	engine.mem			t_s	45.0
20261008-155257-b74c0f2-6d43-n16-r1	1	c100	engine.mem			rss_kib	72981128
20261008-155257-b74c0f2-6d43-n16-r1	1	c100	engine.mem			hwm_kib	72981132
20261008-155257-b74c0f2-6d43-n16-r1	1	c100	engine.mem			heap_inuse	413507584
20261008-155257-b74c0f2-6d43-n16-r1	1	c100	engine.mem			sys	443410808
20261008-155257-b74c0f2-6d43-n16-r1	1	c100	engine.mem			avail_kib	22202376
20261008-155257-b74c0f2-6d43-n16-r1	1	c100	phase			rendezvous	23.994213
20261008-155257-b74c0f2-6d43-n16-r1	1	c100	phase			rendezvous.start_s	25.877763
20261008-155257-b74c0f2-6d43-n16-r1	1	c100	phase			connect	0.010714
20261008-155257-b74c0f2-6d43-n16-r1	1	c100	phase			connect.start_s	49.871988
20261008-155257-b74c0f2-6d43-n16-r1	1	c100	phase			hash	49.803485
20261008-155257-b74c0f2-6d43-n16-r1	1	c100	phase			hash.start_s	0.079228
20261008-155257-b74c0f2-6d43-n16-r1	1	c100	engine.mem			t_s	60.0
20261008-155257-b74c0f2-6d43-n16-r1	1	c100	engine.mem			rss_kib	78369372
20261008-155257-b74c0f2-6d43-n16-r1	1	c100	engine.mem			hwm_kib	78369372
20261008-155257-b74c0f2-6d43-n16-r1	1	c100	engine.mem			heap_inuse	3196837888
20261008-155257-b74c0f2-6d43-n16-r1	1	c100	engine.mem			sys	6014824344
20261008-155257-b74c0f2-6d43-n16-r1	1	c100	engine.mem			avail_kib	16735764
20261008-155257-b74c0f2-6d43-n16-r1	1	c100	sample	0	0-SRR5935773	mode	parallel
20261008-155257-b74c0f2-6d43-n16-r1	1	c100	sample	0	0-SRR5935773	s3client	sdk
20261008-155257-b74c0f2-6d43-n16-r1	1	c100	sample	0	0-SRR5935773	rank	1
20261008-155257-b74c0f2-6d43-n16-r1	1	c100	sample	0	0-SRR5935773	role	home
20261008-155257-b74c0f2-6d43-n16-r1	1	c100	sample	0	0-SRR5935773	inflight	1
20261008-155257-b74c0f2-6d43-n16-r1	1	c100	sample	0	0-SRR5935773	threads	16
20261008-155257-b74c0f2-6d43-n16-r1	1	c100	sample	0	0-SRR5935773	start_s	49.882758
20261008-155257-b74c0f2-6d43-n16-r1	1	c100	sample	0	0-SRR5935773	wall_s	10.229737
20261008-155257-b74c0f2-6d43-n16-r1	1	c100	sample	0	0-SRR5935773	setup_s	0.000031
20261008-155257-b74c0f2-6d43-n16-r1	1	c100	sample	0	0-SRR5935773	classify_s	9.821300
20261008-155257-b74c0f2-6d43-n16-r1	1	c100	sample	0	0-SRR5935773	close_s	0.248227
20261008-155257-b74c0f2-6d43-n16-r1	1	c100	sample	0	0-SRR5935773	report_s	0.153915
20261008-155257-b74c0f2-6d43-n16-r1	1	c100	sample	0	0-SRR5935773	status	0
20261008-155257-b74c0f2-6d43-n16-r1	1	c100	sample	0	0-SRR5935773	sequences	20671571
20261008-155257-b74c0f2-6d43-n16-r1	1	c100	sample	0	0-SRR5935773	bases	3786101975
20261008-155257-b74c0f2-6d43-n16-r1	1	c100	sample	0	0-SRR5935773	classified	19204656
20261008-155257-b74c0f2-6d43-n16-r1	1	c100	sample	0	0-SRR5935773	place	lpt
20261008-155257-b74c0f2-6d43-n16-r1	1	c100	sample	0	0-SRR5935773	weight	20671571
20261008-155257-b74c0f2-6d43-n16-r1	1	c100	sample	0	0-SRR5935761	mode	parallel
20261008-155257-b74c0f2-6d43-n16-r1	1	c100	sample	0	0-SRR5935761	s3client	sdk
20261008-155257-b74c0f2-6d43-n16-r1	1	c100	sample	0	0-SRR5935761	rank	1
20261008-155257-b74c0f2-6d43-n16-r1	1	c100	sample	0	0-SRR5935761	role	home
20261008-155257-b74c0f2-6d43-n16-r1	1	c100	sample	0	0-SRR5935761	inflight	1
20261008-155257-b74c0f2-6d43-n16-r1	1	c100	sample	0	0-SRR5935761	threads	16
20261008-155257-b74c0f2-6d43-n16-r1	1	c100	sample	0	0-SRR5935761	start_s	60.112511
20261008-155257-b74c0f2-6d43-n16-r1	1	c100	sample	0	0-SRR5935761	wall_s	7.123437
20261008-155257-b74c0f2-6d43-n16-r1	1	c100	sample	0	0-SRR5935761	setup_s	0.000038
20261008-155257-b74c0f2-6d43-n16-r1	1	c100	sample	0	0-SRR5935761	classify_s	6.740436
20261008-155257-b74c0f2-6d43-n16-r1	1	c100	sample	0	0-SRR5935761	close_s	0.250392
20261008-155257-b74c0f2-6d43-n16-r1	1	c100	sample	0	0-SRR5935761	report_s	0.127227
20261008-155257-b74c0f2-6d43-n16-r1	1	c100	sample	0	0-SRR5935761	status	0
20261008-155257-b74c0f2-6d43-n16-r1	1	c100	sample	0	0-SRR5935761	sequences	14191749
20261008-155257-b74c0f2-6d43-n16-r1	1	c100	sample	0	0-SRR5935761	bases	2646878118
20261008-155257-b74c0f2-6d43-n16-r1	1	c100	sample	0	0-SRR5935761	classified	13987275
20261008-155257-b74c0f2-6d43-n16-r1	1	c100	sample	0	0-SRR5935761	place	lpt
20261008-155257-b74c0f2-6d43-n16-r1	1	c100	sample	0	0-SRR5935761	weight	14191749
20261008-155257-b74c0f2-6d43-n16-r1	1	c100	sample	0	0-SRR5935795	mode	parallel
20261008-155257-b74c0f2-6d43-n16-r1	1	c100	sample	0	0-SRR5935795	s3client	sdk
20261008-155257-b74c0f2-6d43-n16-r1	1	c100	sample	0	0-SRR5935795	rank	1
20261008-155257-b74c0f2-6d43-n16-r1	1	c100	sample	0	0-SRR5935795	role	home
20261008-155257-b74c0f2-6d43-n16-r1	1	c100	sample	0	0-SRR5935795	inflight	1
20261008-155257-b74c0f2-6d43-n16-r1	1	c100	sample	0	0-SRR5935795	threads	16
20261008-155257-b74c0f2-6d43-n16-r1	1	c100	sample	0	0-SRR5935795	start_s	67.235964
20261008-155257-b74c0f2-6d43-n16-r1	1	c100	sample	0	0-SRR5935795	wall_s	5.841257
20261008-155257-b74c0f2-6d43-n16-r1	1	c100	sample	0	0-SRR5935795	setup_s	0.000041
20261008-155257-b74c0f2-6d43-n16-r1	1	c100	sample	0	0-SRR5935795	classify_s	5.443218
20261008-155257-b74c0f2-6d43-n16-r1	1	c100	sample	0	0-SRR5935795	close_s	0.234578
20261008-155257-b74c0f2-6d43-n16-r1	1	c100	sample	0	0-SRR5935795	report_s	0.158651
20261008-155257-b74c0f2-6d43-n16-r1	1	c100	sample	0	0-SRR5935795	status	0
20261008-155257-b74c0f2-6d43-n16-r1	1	c100	sample	0	0-SRR5935795	sequences	11924297
20261008-155257-b74c0f2-6d43-n16-r1	1	c100	sample	0	0-SRR5935795	bases	2214843465
20261008-155257-b74c0f2-6d43-n16-r1	1	c100	sample	0	0-SRR5935795	classified	11742476
20261008-155257-b74c0f2-6d43-n16-r1	1	c100	sample	0	0-SRR5935795	place	lpt
20261008-155257-b74c0f2-6d43-n16-r1	1	c100	sample	0	0-SRR5935795	weight	11924297
20261008-155257-b74c0f2-6d43-n16-r1	1	c100	engine.mem			t_s	75.0
20261008-155257-b74c0f2-6d43-n16-r1	1	c100	engine.mem			rss_kib	78282012
20261008-155257-b74c0f2-6d43-n16-r1	1	c100	engine.mem			hwm_kib	79308352
20261008-155257-b74c0f2-6d43-n16-r1	1	c100	engine.mem			heap_inuse	4838834176
20261008-155257-b74c0f2-6d43-n16-r1	1	c100	engine.mem			sys	6972088568
20261008-155257-b74c0f2-6d43-n16-r1	1	c100	engine.mem			avail_kib	15633568
20261008-155257-b74c0f2-6d43-n16-r1	1	c100	sample	0	0-SRR5935754	mode	parallel
20261008-155257-b74c0f2-6d43-n16-r1	1	c100	sample	0	0-SRR5935754	s3client	sdk
20261008-155257-b74c0f2-6d43-n16-r1	1	c100	sample	0	0-SRR5935754	rank	1
20261008-155257-b74c0f2-6d43-n16-r1	1	c100	sample	0	0-SRR5935754	role	home
20261008-155257-b74c0f2-6d43-n16-r1	1	c100	sample	0	0-SRR5935754	inflight	1
20261008-155257-b74c0f2-6d43-n16-r1	1	c100	sample	0	0-SRR5935754	threads	16
20261008-155257-b74c0f2-6d43-n16-r1	1	c100	sample	0	0-SRR5935754	start_s	73.077237
20261008-155257-b74c0f2-6d43-n16-r1	1	c100	sample	0	0-SRR5935754	wall_s	5.172745
20261008-155257-b74c0f2-6d43-n16-r1	1	c100	sample	0	0-SRR5935754	setup_s	0.000041
20261008-155257-b74c0f2-6d43-n16-r1	1	c100	sample	0	0-SRR5935754	classify_s	4.788876
20261008-155257-b74c0f2-6d43-n16-r1	1	c100	sample	0	0-SRR5935754	close_s	0.237453
20261008-155257-b74c0f2-6d43-n16-r1	1	c100	sample	0	0-SRR5935754	report_s	0.135687
20261008-155257-b74c0f2-6d43-n16-r1	1	c100	sample	0	0-SRR5935754	status	0
20261008-155257-b74c0f2-6d43-n16-r1	1	c100	sample	0	0-SRR5935754	sequences	10479816
20261008-155257-b74c0f2-6d43-n16-r1	1	c100	sample	0	0-SRR5935754	bases	1916830360
20261008-155257-b74c0f2-6d43-n16-r1	1	c100	sample	0	0-SRR5935754	classified	9679024
20261008-155257-b74c0f2-6d43-n16-r1	1	c100	sample	0	0-SRR5935754	place	lpt
20261008-155257-b74c0f2-6d43-n16-r1	1	c100	sample	0	0-SRR5935754	weight	10479816
20261008-155257-b74c0f2-6d43-n16-r1	1	c100	sample	0	0-SRR5935777	mode	parallel
20261008-155257-b74c0f2-6d43-n16-r1	1	c100	sample	0	0-SRR5935777	s3client	sdk
20261008-155257-b74c0f2-6d43-n16-r1	1	c100	sample	0	0-SRR5935777	rank	1
20261008-155257-b74c0f2-6d43-n16-r1	1	c100	sample	0	0-SRR5935777	role	home
20261008-155257-b74c0f2-6d43-n16-r1	1	c100	sample	0	0-SRR5935777	inflight	1
20261008-155257-b74c0f2-6d43-n16-r1	1	c100	sample	0	0-SRR5935777	threads	16
20261008-155257-b74c0f2-6d43-n16-r1	1	c100	sample	0	0-SRR5935777	start_s	78.250002
20261008-155257-b74c0f2-6d43-n16-r1	1	c100	sample	0	0-SRR5935777	wall_s	4.272002
20261008-155257-b74c0f2-6d43-n16-r1	1	c100	sample	0	0-SRR5935777	setup_s	0.000040
20261008-155257-b74c0f2-6d43-n16-r1	1	c100	sample	0	0-SRR5935777	classify_s	3.936791
20261008-155257-b74c0f2-6d43-n16-r1	1	c100	sample	0	0-SRR5935777	close_s	0.216366
20261008-155257-b74c0f2-6d43-n16-r1	1	c100	sample	0	0-SRR5935777	report_s	0.114237
20261008-155257-b74c0f2-6d43-n16-r1	1	c100	sample	0	0-SRR5935777	status	0
20261008-155257-b74c0f2-6d43-n16-r1	1	c100	sample	0	0-SRR5935777	sequences	8173049
20261008-155257-b74c0f2-6d43-n16-r1	1	c100	sample	0	0-SRR5935777	bases	1459565869
20261008-155257-b74c0f2-6d43-n16-r1	1	c100	sample	0	0-SRR5935777	classified	7956066
20261008-155257-b74c0f2-6d43-n16-r1	1	c100	sample	0	0-SRR5935777	place	lpt
20261008-155257-b74c0f2-6d43-n16-r1	1	c100	sample	0	0-SRR5935777	weight	8173049
20261008-155257-b74c0f2-6d43-n16-r1	1	c100	sample	0	0-SRR5935783	mode	parallel
20261008-155257-b74c0f2-6d43-n16-r1	1	c100	sample	0	0-SRR5935783	s3client	sdk
20261008-155257-b74c0f2-6d43-n16-r1	1	c100	sample	0	0-SRR5935783	rank	1
20261008-155257-b74c0f2-6d43-n16-r1	1	c100	sample	0	0-SRR5935783	role	home
20261008-155257-b74c0f2-6d43-n16-r1	1	c100	sample	0	0-SRR5935783	inflight	1
20261008-155257-b74c0f2-6d43-n16-r1	1	c100	sample	0	0-SRR5935783	threads	16
20261008-155257-b74c0f2-6d43-n16-r1	1	c100	sample	0	0-SRR5935783	start_s	82.522016
20261008-155257-b74c0f2-6d43-n16-r1	1	c100	sample	0	0-SRR5935783	wall_s	2.595431
20261008-155257-b74c0f2-6d43-n16-r1	1	c100	sample	0	0-SRR5935783	setup_s	0.000043
20261008-155257-b74c0f2-6d43-n16-r1	1	c100	sample	0	0-SRR5935783	classify_s	1.802654
20261008-155257-b74c0f2-6d43-n16-r1	1	c100	sample	0	0-SRR5935783	close_s	0.593167
20261008-155257-b74c0f2-6d43-n16-r1	1	c100	sample	0	0-SRR5935783	report_s	0.197032
20261008-155257-b74c0f2-6d43-n16-r1	1	c100	sample	0	0-SRR5935783	status	0
20261008-155257-b74c0f2-6d43-n16-r1	1	c100	sample	0	0-SRR5935783	sequences	2565282
20261008-155257-b74c0f2-6d43-n16-r1	1	c100	sample	0	0-SRR5935783	bases	465562992
20261008-155257-b74c0f2-6d43-n16-r1	1	c100	sample	0	0-SRR5935783	classified	2508539
20261008-155257-b74c0f2-6d43-n16-r1	1	c100	sample	0	0-SRR5935783	place	lpt
20261008-155257-b74c0f2-6d43-n16-r1	1	c100	sample	0	0-SRR5935783	weight	2565282
20261008-155257-b74c0f2-6d43-n16-r1	1	c100	sample	0	0-SRR5935743	mode	parallel
20261008-155257-b74c0f2-6d43-n16-r1	1	c100	sample	0	0-SRR5935743	s3client	sdk
20261008-155257-b74c0f2-6d43-n16-r1	1	c100	sample	0	0-SRR5935743	rank	1
20261008-155257-b74c0f2-6d43-n16-r1	1	c100	sample	0	0-SRR5935743	role	home
20261008-155257-b74c0f2-6d43-n16-r1	1	c100	sample	0	0-SRR5935743	inflight	1
20261008-155257-b74c0f2-6d43-n16-r1	1	c100	sample	0	0-SRR5935743	threads	16
20261008-155257-b74c0f2-6d43-n16-r1	1	c100	sample	0	0-SRR5935743	start_s	85.117458
20261008-155257-b74c0f2-6d43-n16-r1	1	c100	sample	0	0-SRR5935743	wall_s	0.787814
20261008-155257-b74c0f2-6d43-n16-r1	1	c100	sample	0	0-SRR5935743	setup_s	0.000036
20261008-155257-b74c0f2-6d43-n16-r1	1	c100	sample	0	0-SRR5935743	classify_s	0.323033
20261008-155257-b74c0f2-6d43-n16-r1	1	c100	sample	0	0-SRR5935743	close_s	0.373163
20261008-155257-b74c0f2-6d43-n16-r1	1	c100	sample	0	0-SRR5935743	report_s	0.091052
20261008-155257-b74c0f2-6d43-n16-r1	1	c100	sample	0	0-SRR5935743	status	0
20261008-155257-b74c0f2-6d43-n16-r1	1	c100	sample	0	0-SRR5935743	sequences	201473
20261008-155257-b74c0f2-6d43-n16-r1	1	c100	sample	0	0-SRR5935743	bases	36745424
20261008-155257-b74c0f2-6d43-n16-r1	1	c100	sample	0	0-SRR5935743	classified	197603
20261008-155257-b74c0f2-6d43-n16-r1	1	c100	sample	0	0-SRR5935743	place	lpt
20261008-155257-b74c0f2-6d43-n16-r1	1	c100	sample	0	0-SRR5935743	weight	201473
20261008-155257-b74c0f2-6d43-n16-r1	1	c100	phase			batch-barrier-0	0.479424
20261008-155257-b74c0f2-6d43-n16-r1	1	c100	phase			batch-barrier-0.start_s	85.905281
20261008-155257-b74c0f2-6d43-n16-r1	1	c100	engine.mem			t_s	90.0
20261008-155257-b74c0f2-6d43-n16-r1	1	c100	engine.mem			rss_kib	78582060
20261008-155257-b74c0f2-6d43-n16-r1	1	c100	engine.mem			hwm_kib	79308352
20261008-155257-b74c0f2-6d43-n16-r1	1	c100	engine.mem			heap_inuse	3603439616
20261008-155257-b74c0f2-6d43-n16-r1	1	c100	engine.mem			sys	6972113144
20261008-155257-b74c0f2-6d43-n16-r1	1	c100	engine.mem			avail_kib	14901316
20261008-155257-b74c0f2-6d43-n16-r1	1	c100	sample	1	1-SRR5935741	mode	parallel
20261008-155257-b74c0f2-6d43-n16-r1	1	c100	sample	1	1-SRR5935741	s3client	sdk
20261008-155257-b74c0f2-6d43-n16-r1	1	c100	sample	1	1-SRR5935741	rank	1
20261008-155257-b74c0f2-6d43-n16-r1	1	c100	sample	1	1-SRR5935741	role	home
20261008-155257-b74c0f2-6d43-n16-r1	1	c100	sample	1	1-SRR5935741	inflight	1
20261008-155257-b74c0f2-6d43-n16-r1	1	c100	sample	1	1-SRR5935741	threads	16
20261008-155257-b74c0f2-6d43-n16-r1	1	c100	sample	1	1-SRR5935741	start_s	86.384722
20261008-155257-b74c0f2-6d43-n16-r1	1	c100	sample	1	1-SRR5935741	wall_s	8.577041
20261008-155257-b74c0f2-6d43-n16-r1	1	c100	sample	1	1-SRR5935741	setup_s	0.000033
20261008-155257-b74c0f2-6d43-n16-r1	1	c100	sample	1	1-SRR5935741	classify_s	7.989367
20261008-155257-b74c0f2-6d43-n16-r1	1	c100	sample	1	1-SRR5935741	close_s	0.372338
20261008-155257-b74c0f2-6d43-n16-r1	1	c100	sample	1	1-SRR5935741	report_s	0.208691
20261008-155257-b74c0f2-6d43-n16-r1	1	c100	sample	1	1-SRR5935741	status	0
20261008-155257-b74c0f2-6d43-n16-r1	1	c100	sample	1	1-SRR5935741	sequences	16518263
20261008-155257-b74c0f2-6d43-n16-r1	1	c100	sample	1	1-SRR5935741	bases	3051284850
20261008-155257-b74c0f2-6d43-n16-r1	1	c100	sample	1	1-SRR5935741	classified	16141470
20261008-155257-b74c0f2-6d43-n16-r1	1	c100	sample	1	1-SRR5935741	place	mod
20261008-155257-b74c0f2-6d43-n16-r1	1	c100	sample	1	1-SRR5935741	weight	16518263
20261008-155257-b74c0f2-6d43-n16-r1	1	c100	sample	1	1-SRR5935757	mode	parallel
20261008-155257-b74c0f2-6d43-n16-r1	1	c100	sample	1	1-SRR5935757	s3client	sdk
20261008-155257-b74c0f2-6d43-n16-r1	1	c100	sample	1	1-SRR5935757	rank	1
20261008-155257-b74c0f2-6d43-n16-r1	1	c100	sample	1	1-SRR5935757	role	home
20261008-155257-b74c0f2-6d43-n16-r1	1	c100	sample	1	1-SRR5935757	inflight	1
20261008-155257-b74c0f2-6d43-n16-r1	1	c100	sample	1	1-SRR5935757	threads	16
20261008-155257-b74c0f2-6d43-n16-r1	1	c100	sample	1	1-SRR5935757	start_s	94.961776
20261008-155257-b74c0f2-6d43-n16-r1	1	c100	sample	1	1-SRR5935757	wall_s	7.851212
20261008-155257-b74c0f2-6d43-n16-r1	1	c100	sample	1	1-SRR5935757	setup_s	0.000038
20261008-155257-b74c0f2-6d43-n16-r1	1	c100	sample	1	1-SRR5935757	classify_s	7.470025
20261008-155257-b74c0f2-6d43-n16-r1	1	c100	sample	1	1-SRR5935757	close_s	0.250013
20261008-155257-b74c0f2-6d43-n16-r1	1	c100	sample	1	1-SRR5935757	report_s	0.120016
20261008-155257-b74c0f2-6d43-n16-r1	1	c100	sample	1	1-SRR5935757	status	0
20261008-155257-b74c0f2-6d43-n16-r1	1	c100	sample	1	1-SRR5935757	sequences	16286650
20261008-155257-b74c0f2-6d43-n16-r1	1	c100	sample	1	1-SRR5935757	bases	3018354004
20261008-155257-b74c0f2-6d43-n16-r1	1	c100	sample	1	1-SRR5935757	classified	15278935
20261008-155257-b74c0f2-6d43-n16-r1	1	c100	sample	1	1-SRR5935757	place	mod
20261008-155257-b74c0f2-6d43-n16-r1	1	c100	sample	1	1-SRR5935757	weight	16286650
20261008-155257-b74c0f2-6d43-n16-r1	1	c100	engine.mem			t_s	105.0
20261008-155257-b74c0f2-6d43-n16-r1	1	c100	engine.mem			rss_kib	79054024
20261008-155257-b74c0f2-6d43-n16-r1	1	c100	engine.mem			hwm_kib	79308352
20261008-155257-b74c0f2-6d43-n16-r1	1	c100	engine.mem			heap_inuse	4733853696
20261008-155257-b74c0f2-6d43-n16-r1	1	c100	engine.mem			sys	6974103800
20261008-155257-b74c0f2-6d43-n16-r1	1	c100	engine.mem			avail_kib	14405404
20261008-155257-b74c0f2-6d43-n16-r1	1	c100	sample	1	1-SRR5935773	mode	parallel
20261008-155257-b74c0f2-6d43-n16-r1	1	c100	sample	1	1-SRR5935773	s3client	sdk
20261008-155257-b74c0f2-6d43-n16-r1	1	c100	sample	1	1-SRR5935773	rank	1
20261008-155257-b74c0f2-6d43-n16-r1	1	c100	sample	1	1-SRR5935773	role	home
20261008-155257-b74c0f2-6d43-n16-r1	1	c100	sample	1	1-SRR5935773	inflight	1
20261008-155257-b74c0f2-6d43-n16-r1	1	c100	sample	1	1-SRR5935773	threads	16
20261008-155257-b74c0f2-6d43-n16-r1	1	c100	sample	1	1-SRR5935773	start_s	102.813003
20261008-155257-b74c0f2-6d43-n16-r1	1	c100	sample	1	1-SRR5935773	wall_s	10.187061
20261008-155257-b74c0f2-6d43-n16-r1	1	c100	sample	1	1-SRR5935773	setup_s	0.000046
20261008-155257-b74c0f2-6d43-n16-r1	1	c100	sample	1	1-SRR5935773	classify_s	9.816383
20261008-155257-b74c0f2-6d43-n16-r1	1	c100	sample	1	1-SRR5935773	close_s	0.221697
20261008-155257-b74c0f2-6d43-n16-r1	1	c100	sample	1	1-SRR5935773	report_s	0.142647
20261008-155257-b74c0f2-6d43-n16-r1	1	c100	sample	1	1-SRR5935773	status	0
20261008-155257-b74c0f2-6d43-n16-r1	1	c100	sample	1	1-SRR5935773	sequences	20671571
20261008-155257-b74c0f2-6d43-n16-r1	1	c100	sample	1	1-SRR5935773	bases	3786101975
20261008-155257-b74c0f2-6d43-n16-r1	1	c100	sample	1	1-SRR5935773	classified	19204656
20261008-155257-b74c0f2-6d43-n16-r1	1	c100	sample	1	1-SRR5935773	place	mod
20261008-155257-b74c0f2-6d43-n16-r1	1	c100	sample	1	1-SRR5935773	weight	20671571
20261008-155257-b74c0f2-6d43-n16-r1	1	c100	sample	1	1-SRR5935789	mode	parallel
20261008-155257-b74c0f2-6d43-n16-r1	1	c100	sample	1	1-SRR5935789	s3client	sdk
20261008-155257-b74c0f2-6d43-n16-r1	1	c100	sample	1	1-SRR5935789	rank	1
20261008-155257-b74c0f2-6d43-n16-r1	1	c100	sample	1	1-SRR5935789	role	home
20261008-155257-b74c0f2-6d43-n16-r1	1	c100	sample	1	1-SRR5935789	inflight	1
20261008-155257-b74c0f2-6d43-n16-r1	1	c100	sample	1	1-SRR5935789	threads	16
20261008-155257-b74c0f2-6d43-n16-r1	1	c100	sample	1	1-SRR5935789	start_s	113.000078
20261008-155257-b74c0f2-6d43-n16-r1	1	c100	sample	1	1-SRR5935789	wall_s	1.293949
20261008-155257-b74c0f2-6d43-n16-r1	1	c100	sample	1	1-SRR5935789	setup_s	0.000039
20261008-155257-b74c0f2-6d43-n16-r1	1	c100	sample	1	1-SRR5935789	classify_s	0.834003
20261008-155257-b74c0f2-6d43-n16-r1	1	c100	sample	1	1-SRR5935789	close_s	0.266585
20261008-155257-b74c0f2-6d43-n16-r1	1	c100	sample	1	1-SRR5935789	report_s	0.191683
20261008-155257-b74c0f2-6d43-n16-r1	1	c100	sample	1	1-SRR5935789	status	0
20261008-155257-b74c0f2-6d43-n16-r1	1	c100	sample	1	1-SRR5935789	sequences	1513694
20261008-155257-b74c0f2-6d43-n16-r1	1	c100	sample	1	1-SRR5935789	bases	270732465
20261008-155257-b74c0f2-6d43-n16-r1	1	c100	sample	1	1-SRR5935789	classified	1488159
20261008-155257-b74c0f2-6d43-n16-r1	1	c100	sample	1	1-SRR5935789	place	mod
20261008-155257-b74c0f2-6d43-n16-r1	1	c100	sample	1	1-SRR5935789	weight	1513694
20261008-155257-b74c0f2-6d43-n16-r1	1	c100	sample	1	1-SRR5935805	mode	parallel
20261008-155257-b74c0f2-6d43-n16-r1	1	c100	sample	1	1-SRR5935805	s3client	sdk
20261008-155257-b74c0f2-6d43-n16-r1	1	c100	sample	1	1-SRR5935805	rank	1
20261008-155257-b74c0f2-6d43-n16-r1	1	c100	sample	1	1-SRR5935805	role	home
20261008-155257-b74c0f2-6d43-n16-r1	1	c100	sample	1	1-SRR5935805	inflight	1
20261008-155257-b74c0f2-6d43-n16-r1	1	c100	sample	1	1-SRR5935805	threads	16
20261008-155257-b74c0f2-6d43-n16-r1	1	c100	sample	1	1-SRR5935805	start_s	114.294040
20261008-155257-b74c0f2-6d43-n16-r1	1	c100	sample	1	1-SRR5935805	wall_s	2.079454
20261008-155257-b74c0f2-6d43-n16-r1	1	c100	sample	1	1-SRR5935805	setup_s	0.000046
20261008-155257-b74c0f2-6d43-n16-r1	1	c100	sample	1	1-SRR5935805	classify_s	1.496051
20261008-155257-b74c0f2-6d43-n16-r1	1	c100	sample	1	1-SRR5935805	close_s	0.276298
20261008-155257-b74c0f2-6d43-n16-r1	1	c100	sample	1	1-SRR5935805	report_s	0.304685
20261008-155257-b74c0f2-6d43-n16-r1	1	c100	sample	1	1-SRR5935805	status	0
20261008-155257-b74c0f2-6d43-n16-r1	1	c100	sample	1	1-SRR5935805	sequences	2823474
20261008-155257-b74c0f2-6d43-n16-r1	1	c100	sample	1	1-SRR5935805	bases	526092284
20261008-155257-b74c0f2-6d43-n16-r1	1	c100	sample	1	1-SRR5935805	classified	2761157
20261008-155257-b74c0f2-6d43-n16-r1	1	c100	sample	1	1-SRR5935805	place	mod
20261008-155257-b74c0f2-6d43-n16-r1	1	c100	sample	1	1-SRR5935805	weight	2823474
20261008-155257-b74c0f2-6d43-n16-r1	1	c100	sample	1	1-SRR5935821	mode	parallel
20261008-155257-b74c0f2-6d43-n16-r1	1	c100	sample	1	1-SRR5935821	s3client	sdk
20261008-155257-b74c0f2-6d43-n16-r1	1	c100	sample	1	1-SRR5935821	rank	1
20261008-155257-b74c0f2-6d43-n16-r1	1	c100	sample	1	1-SRR5935821	role	home
20261008-155257-b74c0f2-6d43-n16-r1	1	c100	sample	1	1-SRR5935821	inflight	1
20261008-155257-b74c0f2-6d43-n16-r1	1	c100	sample	1	1-SRR5935821	threads	16
20261008-155257-b74c0f2-6d43-n16-r1	1	c100	sample	1	1-SRR5935821	start_s	116.373508
20261008-155257-b74c0f2-6d43-n16-r1	1	c100	sample	1	1-SRR5935821	wall_s	0.830644
20261008-155257-b74c0f2-6d43-n16-r1	1	c100	sample	1	1-SRR5935821	setup_s	0.000040
20261008-155257-b74c0f2-6d43-n16-r1	1	c100	sample	1	1-SRR5935821	classify_s	0.353202
20261008-155257-b74c0f2-6d43-n16-r1	1	c100	sample	1	1-SRR5935821	close_s	0.383435
20261008-155257-b74c0f2-6d43-n16-r1	1	c100	sample	1	1-SRR5935821	report_s	0.093196
20261008-155257-b74c0f2-6d43-n16-r1	1	c100	sample	1	1-SRR5935821	status	0
20261008-155257-b74c0f2-6d43-n16-r1	1	c100	sample	1	1-SRR5935821	sequences	297656
20261008-155257-b74c0f2-6d43-n16-r1	1	c100	sample	1	1-SRR5935821	bases	54176352
20261008-155257-b74c0f2-6d43-n16-r1	1	c100	sample	1	1-SRR5935821	classified	290837
20261008-155257-b74c0f2-6d43-n16-r1	1	c100	sample	1	1-SRR5935821	place	mod
20261008-155257-b74c0f2-6d43-n16-r1	1	c100	sample	1	1-SRR5935821	weight	297656
20261008-155257-b74c0f2-6d43-n16-r1	1	c100	engine.mem			t_s	120.0
20261008-155257-b74c0f2-6d43-n16-r1	1	c100	engine.mem			rss_kib	78551640
20261008-155257-b74c0f2-6d43-n16-r1	1	c100	engine.mem			hwm_kib	79308352
20261008-155257-b74c0f2-6d43-n16-r1	1	c100	engine.mem			heap_inuse	4029038592
20261008-155257-b74c0f2-6d43-n16-r1	1	c100	engine.mem			sys	7104307480
20261008-155257-b74c0f2-6d43-n16-r1	1	c100	engine.mem			avail_kib	14889076
20261008-155257-b74c0f2-6d43-n16-r1	1	c100	sample	1	1-SRR5935837	mode	parallel
20261008-155257-b74c0f2-6d43-n16-r1	1	c100	sample	1	1-SRR5935837	s3client	sdk
20261008-155257-b74c0f2-6d43-n16-r1	1	c100	sample	1	1-SRR5935837	rank	1
20261008-155257-b74c0f2-6d43-n16-r1	1	c100	sample	1	1-SRR5935837	role	home
20261008-155257-b74c0f2-6d43-n16-r1	1	c100	sample	1	1-SRR5935837	inflight	1
20261008-155257-b74c0f2-6d43-n16-r1	1	c100	sample	1	1-SRR5935837	threads	16
20261008-155257-b74c0f2-6d43-n16-r1	1	c100	sample	1	1-SRR5935837	start_s	117.204165
20261008-155257-b74c0f2-6d43-n16-r1	1	c100	sample	1	1-SRR5935837	wall_s	4.572332
20261008-155257-b74c0f2-6d43-n16-r1	1	c100	sample	1	1-SRR5935837	setup_s	0.000035
20261008-155257-b74c0f2-6d43-n16-r1	1	c100	sample	1	1-SRR5935837	classify_s	4.209684
20261008-155257-b74c0f2-6d43-n16-r1	1	c100	sample	1	1-SRR5935837	close_s	0.221672
20261008-155257-b74c0f2-6d43-n16-r1	1	c100	sample	1	1-SRR5935837	report_s	0.133957
20261008-155257-b74c0f2-6d43-n16-r1	1	c100	sample	1	1-SRR5935837	status	0
20261008-155257-b74c0f2-6d43-n16-r1	1	c100	sample	1	1-SRR5935837	sequences	9337913
20261008-155257-b74c0f2-6d43-n16-r1	1	c100	sample	1	1-SRR5935837	bases	1691901005
20261008-155257-b74c0f2-6d43-n16-r1	1	c100	sample	1	1-SRR5935837	classified	8897092
20261008-155257-b74c0f2-6d43-n16-r1	1	c100	sample	1	1-SRR5935837	place	mod
20261008-155257-b74c0f2-6d43-n16-r1	1	c100	sample	1	1-SRR5935837	weight	9337913
20261008-155257-b74c0f2-6d43-n16-r1	1	c100	phase			batch-barrier-1	11.758260
20261008-155257-b74c0f2-6d43-n16-r1	1	c100	phase			batch-barrier-1.start_s	121.776509
20261008-155257-b74c0f2-6d43-n16-r1	1	c100	engine.mem			t_s	135.0
20261008-155257-b74c0f2-6d43-n16-r1	1	c100	engine.mem			rss_kib	78248532
20261008-155257-b74c0f2-6d43-n16-r1	1	c100	engine.mem			hwm_kib	79308352
20261008-155257-b74c0f2-6d43-n16-r1	1	c100	engine.mem			heap_inuse	5056643072
20261008-155257-b74c0f2-6d43-n16-r1	1	c100	engine.mem			sys	7104307480
20261008-155257-b74c0f2-6d43-n16-r1	1	c100	engine.mem			avail_kib	16155808
20261008-155257-b74c0f2-6d43-n16-r1	1	c100	sample	2	2-SRR5935773	mode	parallel
20261008-155257-b74c0f2-6d43-n16-r1	1	c100	sample	2	2-SRR5935773	s3client	sdk
20261008-155257-b74c0f2-6d43-n16-r1	1	c100	sample	2	2-SRR5935773	rank	1
20261008-155257-b74c0f2-6d43-n16-r1	1	c100	sample	2	2-SRR5935773	role	home
20261008-155257-b74c0f2-6d43-n16-r1	1	c100	sample	2	2-SRR5935773	inflight	1
20261008-155257-b74c0f2-6d43-n16-r1	1	c100	sample	2	2-SRR5935773	threads	16
20261008-155257-b74c0f2-6d43-n16-r1	1	c100	sample	2	2-SRR5935773	start_s	133.534801
20261008-155257-b74c0f2-6d43-n16-r1	1	c100	sample	2	2-SRR5935773	wall_s	10.256971
20261008-155257-b74c0f2-6d43-n16-r1	1	c100	sample	2	2-SRR5935773	setup_s	0.000035
20261008-155257-b74c0f2-6d43-n16-r1	1	c100	sample	2	2-SRR5935773	classify_s	9.833983
20261008-155257-b74c0f2-6d43-n16-r1	1	c100	sample	2	2-SRR5935773	close_s	0.290225
20261008-155257-b74c0f2-6d43-n16-r1	1	c100	sample	2	2-SRR5935773	report_s	0.126465
20261008-155257-b74c0f2-6d43-n16-r1	1	c100	sample	2	2-SRR5935773	status	0
20261008-155257-b74c0f2-6d43-n16-r1	1	c100	sample	2	2-SRR5935773	sequences	20671571
20261008-155257-b74c0f2-6d43-n16-r1	1	c100	sample	2	2-SRR5935773	bases	3786101975
20261008-155257-b74c0f2-6d43-n16-r1	1	c100	sample	2	2-SRR5935773	classified	19204656
20261008-155257-b74c0f2-6d43-n16-r1	1	c100	sample	2	2-SRR5935773	place	lpt
20261008-155257-b74c0f2-6d43-n16-r1	1	c100	sample	2	2-SRR5935773	weight	20671571
20261008-155257-b74c0f2-6d43-n16-r1	1	c100	engine.mem			t_s	150.0
20261008-155257-b74c0f2-6d43-n16-r1	1	c100	engine.mem			rss_kib	78880172
20261008-155257-b74c0f2-6d43-n16-r1	1	c100	engine.mem			hwm_kib	79308352
20261008-155257-b74c0f2-6d43-n16-r1	1	c100	engine.mem			heap_inuse	3574030336
20261008-155257-b74c0f2-6d43-n16-r1	1	c100	engine.mem			sys	7104315672
20261008-155257-b74c0f2-6d43-n16-r1	1	c100	engine.mem			avail_kib	15004804
20261008-155257-b74c0f2-6d43-n16-r1	1	c100	sample	2	2-SRR5935761	mode	parallel
20261008-155257-b74c0f2-6d43-n16-r1	1	c100	sample	2	2-SRR5935761	s3client	sdk
20261008-155257-b74c0f2-6d43-n16-r1	1	c100	sample	2	2-SRR5935761	rank	1
20261008-155257-b74c0f2-6d43-n16-r1	1	c100	sample	2	2-SRR5935761	role	home
20261008-155257-b74c0f2-6d43-n16-r1	1	c100	sample	2	2-SRR5935761	inflight	1
20261008-155257-b74c0f2-6d43-n16-r1	1	c100	sample	2	2-SRR5935761	threads	16
20261008-155257-b74c0f2-6d43-n16-r1	1	c100	sample	2	2-SRR5935761	start_s	143.791786
20261008-155257-b74c0f2-6d43-n16-r1	1	c100	sample	2	2-SRR5935761	wall_s	6.895117
20261008-155257-b74c0f2-6d43-n16-r1	1	c100	sample	2	2-SRR5935761	setup_s	0.000043
20261008-155257-b74c0f2-6d43-n16-r1	1	c100	sample	2	2-SRR5935761	classify_s	6.504238
20261008-155257-b74c0f2-6d43-n16-r1	1	c100	sample	2	2-SRR5935761	close_s	0.257297
20261008-155257-b74c0f2-6d43-n16-r1	1	c100	sample	2	2-SRR5935761	report_s	0.128457
20261008-155257-b74c0f2-6d43-n16-r1	1	c100	sample	2	2-SRR5935761	status	0
20261008-155257-b74c0f2-6d43-n16-r1	1	c100	sample	2	2-SRR5935761	sequences	14191749
20261008-155257-b74c0f2-6d43-n16-r1	1	c100	sample	2	2-SRR5935761	bases	2646878118
20261008-155257-b74c0f2-6d43-n16-r1	1	c100	sample	2	2-SRR5935761	classified	13987275
20261008-155257-b74c0f2-6d43-n16-r1	1	c100	sample	2	2-SRR5935761	place	lpt
20261008-155257-b74c0f2-6d43-n16-r1	1	c100	sample	2	2-SRR5935761	weight	14191749
20261008-155257-b74c0f2-6d43-n16-r1	1	c100	sample	2	2-SRR5935795	mode	parallel
20261008-155257-b74c0f2-6d43-n16-r1	1	c100	sample	2	2-SRR5935795	s3client	sdk
20261008-155257-b74c0f2-6d43-n16-r1	1	c100	sample	2	2-SRR5935795	rank	1
20261008-155257-b74c0f2-6d43-n16-r1	1	c100	sample	2	2-SRR5935795	role	home
20261008-155257-b74c0f2-6d43-n16-r1	1	c100	sample	2	2-SRR5935795	inflight	1
20261008-155257-b74c0f2-6d43-n16-r1	1	c100	sample	2	2-SRR5935795	threads	16
20261008-155257-b74c0f2-6d43-n16-r1	1	c100	sample	2	2-SRR5935795	start_s	150.686916
20261008-155257-b74c0f2-6d43-n16-r1	1	c100	sample	2	2-SRR5935795	wall_s	5.872801
20261008-155257-b74c0f2-6d43-n16-r1	1	c100	sample	2	2-SRR5935795	setup_s	0.000037
20261008-155257-b74c0f2-6d43-n16-r1	1	c100	sample	2	2-SRR5935795	classify_s	5.424970
20261008-155257-b74c0f2-6d43-n16-r1	1	c100	sample	2	2-SRR5935795	close_s	0.278982
20261008-155257-b74c0f2-6d43-n16-r1	1	c100	sample	2	2-SRR5935795	report_s	0.164109
20261008-155257-b74c0f2-6d43-n16-r1	1	c100	sample	2	2-SRR5935795	status	0
20261008-155257-b74c0f2-6d43-n16-r1	1	c100	sample	2	2-SRR5935795	sequences	11924297
20261008-155257-b74c0f2-6d43-n16-r1	1	c100	sample	2	2-SRR5935795	bases	2214843465
20261008-155257-b74c0f2-6d43-n16-r1	1	c100	sample	2	2-SRR5935795	classified	11742476
20261008-155257-b74c0f2-6d43-n16-r1	1	c100	sample	2	2-SRR5935795	place	lpt
20261008-155257-b74c0f2-6d43-n16-r1	1	c100	sample	2	2-SRR5935795	weight	11924297
20261008-155257-b74c0f2-6d43-n16-r1	1	c100	sample	2	2-SRR5935754	mode	parallel
20261008-155257-b74c0f2-6d43-n16-r1	1	c100	sample	2	2-SRR5935754	s3client	sdk
20261008-155257-b74c0f2-6d43-n16-r1	1	c100	sample	2	2-SRR5935754	rank	1
20261008-155257-b74c0f2-6d43-n16-r1	1	c100	sample	2	2-SRR5935754	role	home
20261008-155257-b74c0f2-6d43-n16-r1	1	c100	sample	2	2-SRR5935754	inflight	1
20261008-155257-b74c0f2-6d43-n16-r1	1	c100	sample	2	2-SRR5935754	threads	16
20261008-155257-b74c0f2-6d43-n16-r1	1	c100	sample	2	2-SRR5935754	start_s	156.559730
20261008-155257-b74c0f2-6d43-n16-r1	1	c100	sample	2	2-SRR5935754	wall_s	5.122920
20261008-155257-b74c0f2-6d43-n16-r1	1	c100	sample	2	2-SRR5935754	setup_s	0.000044
20261008-155257-b74c0f2-6d43-n16-r1	1	c100	sample	2	2-SRR5935754	classify_s	4.732519
20261008-155257-b74c0f2-6d43-n16-r1	1	c100	sample	2	2-SRR5935754	close_s	0.255016
20261008-155257-b74c0f2-6d43-n16-r1	1	c100	sample	2	2-SRR5935754	report_s	0.124675
20261008-155257-b74c0f2-6d43-n16-r1	1	c100	sample	2	2-SRR5935754	status	0
20261008-155257-b74c0f2-6d43-n16-r1	1	c100	sample	2	2-SRR5935754	sequences	10479816
20261008-155257-b74c0f2-6d43-n16-r1	1	c100	sample	2	2-SRR5935754	bases	1916830360
20261008-155257-b74c0f2-6d43-n16-r1	1	c100	sample	2	2-SRR5935754	classified	9679024
20261008-155257-b74c0f2-6d43-n16-r1	1	c100	sample	2	2-SRR5935754	place	lpt
20261008-155257-b74c0f2-6d43-n16-r1	1	c100	sample	2	2-SRR5935754	weight	10479816
20261008-155257-b74c0f2-6d43-n16-r1	1	c100	engine.mem			t_s	165.0
20261008-155257-b74c0f2-6d43-n16-r1	1	c100	engine.mem			rss_kib	79267180
20261008-155257-b74c0f2-6d43-n16-r1	1	c100	engine.mem			hwm_kib	79426308
20261008-155257-b74c0f2-6d43-n16-r1	1	c100	engine.mem			heap_inuse	5505630208
20261008-155257-b74c0f2-6d43-n16-r1	1	c100	engine.mem			sys	7360708952
20261008-155257-b74c0f2-6d43-n16-r1	1	c100	engine.mem			avail_kib	14365756
20261008-155257-b74c0f2-6d43-n16-r1	1	c100	sample	2	2-SRR5935777	mode	parallel
20261008-155257-b74c0f2-6d43-n16-r1	1	c100	sample	2	2-SRR5935777	s3client	sdk
20261008-155257-b74c0f2-6d43-n16-r1	1	c100	sample	2	2-SRR5935777	rank	1
20261008-155257-b74c0f2-6d43-n16-r1	1	c100	sample	2	2-SRR5935777	role	home
20261008-155257-b74c0f2-6d43-n16-r1	1	c100	sample	2	2-SRR5935777	inflight	1
20261008-155257-b74c0f2-6d43-n16-r1	1	c100	sample	2	2-SRR5935777	threads	16
20261008-155257-b74c0f2-6d43-n16-r1	1	c100	sample	2	2-SRR5935777	start_s	161.682664
20261008-155257-b74c0f2-6d43-n16-r1	1	c100	sample	2	2-SRR5935777	wall_s	4.229386
20261008-155257-b74c0f2-6d43-n16-r1	1	c100	sample	2	2-SRR5935777	setup_s	0.000041
20261008-155257-b74c0f2-6d43-n16-r1	1	c100	sample	2	2-SRR5935777	classify_s	3.890682
20261008-155257-b74c0f2-6d43-n16-r1	1	c100	sample	2	2-SRR5935777	close_s	0.206805
20261008-155257-b74c0f2-6d43-n16-r1	1	c100	sample	2	2-SRR5935777	report_s	0.127093
20261008-155257-b74c0f2-6d43-n16-r1	1	c100	sample	2	2-SRR5935777	status	0
20261008-155257-b74c0f2-6d43-n16-r1	1	c100	sample	2	2-SRR5935777	sequences	8173049
20261008-155257-b74c0f2-6d43-n16-r1	1	c100	sample	2	2-SRR5935777	bases	1459565869
20261008-155257-b74c0f2-6d43-n16-r1	1	c100	sample	2	2-SRR5935777	classified	7956066
20261008-155257-b74c0f2-6d43-n16-r1	1	c100	sample	2	2-SRR5935777	place	lpt
20261008-155257-b74c0f2-6d43-n16-r1	1	c100	sample	2	2-SRR5935777	weight	8173049
20261008-155257-b74c0f2-6d43-n16-r1	1	c100	sample	2	2-SRR5935783	mode	parallel
20261008-155257-b74c0f2-6d43-n16-r1	1	c100	sample	2	2-SRR5935783	s3client	sdk
20261008-155257-b74c0f2-6d43-n16-r1	1	c100	sample	2	2-SRR5935783	rank	1
20261008-155257-b74c0f2-6d43-n16-r1	1	c100	sample	2	2-SRR5935783	role	home
20261008-155257-b74c0f2-6d43-n16-r1	1	c100	sample	2	2-SRR5935783	inflight	1
20261008-155257-b74c0f2-6d43-n16-r1	1	c100	sample	2	2-SRR5935783	threads	16
20261008-155257-b74c0f2-6d43-n16-r1	1	c100	sample	2	2-SRR5935783	start_s	165.912064
20261008-155257-b74c0f2-6d43-n16-r1	1	c100	sample	2	2-SRR5935783	wall_s	1.742751
20261008-155257-b74c0f2-6d43-n16-r1	1	c100	sample	2	2-SRR5935783	setup_s	0.000038
20261008-155257-b74c0f2-6d43-n16-r1	1	c100	sample	2	2-SRR5935783	classify_s	1.297466
20261008-155257-b74c0f2-6d43-n16-r1	1	c100	sample	2	2-SRR5935783	close_s	0.280920
20261008-155257-b74c0f2-6d43-n16-r1	1	c100	sample	2	2-SRR5935783	report_s	0.161784
20261008-155257-b74c0f2-6d43-n16-r1	1	c100	sample	2	2-SRR5935783	status	0
20261008-155257-b74c0f2-6d43-n16-r1	1	c100	sample	2	2-SRR5935783	sequences	2565282
20261008-155257-b74c0f2-6d43-n16-r1	1	c100	sample	2	2-SRR5935783	bases	465562992
20261008-155257-b74c0f2-6d43-n16-r1	1	c100	sample	2	2-SRR5935783	classified	2508539
20261008-155257-b74c0f2-6d43-n16-r1	1	c100	sample	2	2-SRR5935783	place	lpt
20261008-155257-b74c0f2-6d43-n16-r1	1	c100	sample	2	2-SRR5935783	weight	2565282
20261008-155257-b74c0f2-6d43-n16-r1	1	c100	sample	2	2-SRR5935743	mode	parallel
20261008-155257-b74c0f2-6d43-n16-r1	1	c100	sample	2	2-SRR5935743	s3client	sdk
20261008-155257-b74c0f2-6d43-n16-r1	1	c100	sample	2	2-SRR5935743	rank	1
20261008-155257-b74c0f2-6d43-n16-r1	1	c100	sample	2	2-SRR5935743	role	home
20261008-155257-b74c0f2-6d43-n16-r1	1	c100	sample	2	2-SRR5935743	inflight	1
20261008-155257-b74c0f2-6d43-n16-r1	1	c100	sample	2	2-SRR5935743	threads	16
20261008-155257-b74c0f2-6d43-n16-r1	1	c100	sample	2	2-SRR5935743	start_s	167.654827
20261008-155257-b74c0f2-6d43-n16-r1	1	c100	sample	2	2-SRR5935743	wall_s	0.678043
20261008-155257-b74c0f2-6d43-n16-r1	1	c100	sample	2	2-SRR5935743	setup_s	0.000040
20261008-155257-b74c0f2-6d43-n16-r1	1	c100	sample	2	2-SRR5935743	classify_s	0.326359
20261008-155257-b74c0f2-6d43-n16-r1	1	c100	sample	2	2-SRR5935743	close_s	0.251515
20261008-155257-b74c0f2-6d43-n16-r1	1	c100	sample	2	2-SRR5935743	report_s	0.099570
20261008-155257-b74c0f2-6d43-n16-r1	1	c100	sample	2	2-SRR5935743	status	0
20261008-155257-b74c0f2-6d43-n16-r1	1	c100	sample	2	2-SRR5935743	sequences	201473
20261008-155257-b74c0f2-6d43-n16-r1	1	c100	sample	2	2-SRR5935743	bases	36745424
20261008-155257-b74c0f2-6d43-n16-r1	1	c100	sample	2	2-SRR5935743	classified	197603
20261008-155257-b74c0f2-6d43-n16-r1	1	c100	sample	2	2-SRR5935743	place	lpt
20261008-155257-b74c0f2-6d43-n16-r1	1	c100	sample	2	2-SRR5935743	weight	201473
20261008-155257-b74c0f2-6d43-n16-r1	1	c100	phase			batch-barrier-2	2.333578
20261008-155257-b74c0f2-6d43-n16-r1	1	c100	phase			batch-barrier-2.start_s	168.332882
20261008-155257-b74c0f2-6d43-n16-r1	1	c100	phase			barrier	0.927637
20261008-155257-b74c0f2-6d43-n16-r1	1	c100	phase			barrier.start_s	175.917411
20261008-155257-b74c0f2-6d43-n16-r1	1	c100	sample	3	3-SRR5935740	mode	striped
20261008-155257-b74c0f2-6d43-n16-r1	1	c100	sample	3	3-SRR5935740	s3client	sdk
20261008-155257-b74c0f2-6d43-n16-r1	1	c100	sample	3	3-SRR5935740	rank	1
20261008-155257-b74c0f2-6d43-n16-r1	1	c100	sample	3	3-SRR5935740	role	peer
20261008-155257-b74c0f2-6d43-n16-r1	1	c100	sample	3	3-SRR5935740	inflight	1
20261008-155257-b74c0f2-6d43-n16-r1	1	c100	sample	3	3-SRR5935740	threads	16
20261008-155257-b74c0f2-6d43-n16-r1	1	c100	sample	3	3-SRR5935740	start_s	171.187218
20261008-155257-b74c0f2-6d43-n16-r1	1	c100	sample	3	3-SRR5935740	wall_s	5.657864
20261008-155257-b74c0f2-6d43-n16-r1	1	c100	sample	3	3-SRR5935740	setup_s	0.000031
20261008-155257-b74c0f2-6d43-n16-r1	1	c100	sample	3	3-SRR5935740	classify_s	4.727062
20261008-155257-b74c0f2-6d43-n16-r1	1	c100	sample	3	3-SRR5935740	close_s	0.000000
20261008-155257-b74c0f2-6d43-n16-r1	1	c100	sample	3	3-SRR5935740	report_s	0.000000
20261008-155257-b74c0f2-6d43-n16-r1	1	c100	sample	3	3-SRR5935740	status	0
20261008-155257-b74c0f2-6d43-n16-r1	1	c100	sample	3	3-SRR5935740	sequences	0
20261008-155257-b74c0f2-6d43-n16-r1	1	c100	sample	3	3-SRR5935740	bases	0
20261008-155257-b74c0f2-6d43-n16-r1	1	c100	sample	3	3-SRR5935740	classified	0
20261008-155257-b74c0f2-6d43-n16-r1	1	c100	sample	3	3-SRR5935740	place	-
20261008-155257-b74c0f2-6d43-n16-r1	1	c100	sample	3	3-SRR5935740	weight	-
20261008-155257-b74c0f2-6d43-n16-r1	1	c100	phase			batch-barrier-3	0.599753
20261008-155257-b74c0f2-6d43-n16-r1	1	c100	phase			batch-barrier-3.start_s	176.845090
20261008-155257-b74c0f2-6d43-n16-r1	1	c100	engine.mem			t_s	180.0
20261008-155257-b74c0f2-6d43-n16-r1	1	c100	engine.mem			rss_kib	74945092
20261008-155257-b74c0f2-6d43-n16-r1	1	c100	engine.mem			hwm_kib	79426308
20261008-155257-b74c0f2-6d43-n16-r1	1	c100	engine.mem			heap_inuse	1643380736
20261008-155257-b74c0f2-6d43-n16-r1	1	c100	engine.mem			sys	7360708952
20261008-155257-b74c0f2-6d43-n16-r1	1	c100	engine.mem			avail_kib	19077892
20261008-155257-b74c0f2-6d43-n16-r1	1	c100	phase			barrier	0.106843
20261008-155257-b74c0f2-6d43-n16-r1	1	c100	phase			barrier.start_s	182.925697
20261008-155257-b74c0f2-6d43-n16-r1	1	c100	sample	4	4-SRR5935740	mode	striped
20261008-155257-b74c0f2-6d43-n16-r1	1	c100	sample	4	4-SRR5935740	s3client	sdk
20261008-155257-b74c0f2-6d43-n16-r1	1	c100	sample	4	4-SRR5935740	rank	1
20261008-155257-b74c0f2-6d43-n16-r1	1	c100	sample	4	4-SRR5935740	role	peer
20261008-155257-b74c0f2-6d43-n16-r1	1	c100	sample	4	4-SRR5935740	inflight	1
20261008-155257-b74c0f2-6d43-n16-r1	1	c100	sample	4	4-SRR5935740	threads	16
20261008-155257-b74c0f2-6d43-n16-r1	1	c100	sample	4	4-SRR5935740	start_s	178.207923
20261008-155257-b74c0f2-6d43-n16-r1	1	c100	sample	4	4-SRR5935740	wall_s	4.824664
20261008-155257-b74c0f2-6d43-n16-r1	1	c100	sample	4	4-SRR5935740	setup_s	0.000032
20261008-155257-b74c0f2-6d43-n16-r1	1	c100	sample	4	4-SRR5935740	classify_s	4.714279
20261008-155257-b74c0f2-6d43-n16-r1	1	c100	sample	4	4-SRR5935740	close_s	0.000000
20261008-155257-b74c0f2-6d43-n16-r1	1	c100	sample	4	4-SRR5935740	report_s	0.000000
20261008-155257-b74c0f2-6d43-n16-r1	1	c100	sample	4	4-SRR5935740	status	0
20261008-155257-b74c0f2-6d43-n16-r1	1	c100	sample	4	4-SRR5935740	sequences	0
20261008-155257-b74c0f2-6d43-n16-r1	1	c100	sample	4	4-SRR5935740	bases	0
20261008-155257-b74c0f2-6d43-n16-r1	1	c100	sample	4	4-SRR5935740	classified	0
20261008-155257-b74c0f2-6d43-n16-r1	1	c100	sample	4	4-SRR5935740	place	-
20261008-155257-b74c0f2-6d43-n16-r1	1	c100	sample	4	4-SRR5935740	weight	-
20261008-155257-b74c0f2-6d43-n16-r1	1	c100	phase			batch-barrier-4	0.503502
20261008-155257-b74c0f2-6d43-n16-r1	1	c100	phase			batch-barrier-4.start_s	183.032593
20261008-155257-b74c0f2-6d43-n16-r1	1	c100	phase			barrier	0.006232
20261008-155257-b74c0f2-6d43-n16-r1	1	c100	phase			barrier.start_s	189.058064
20261008-155257-b74c0f2-6d43-n16-r1	1	c100	sample	5	5-SRR5935740	mode	striped
20261008-155257-b74c0f2-6d43-n16-r1	1	c100	sample	5	5-SRR5935740	s3client	sdk
20261008-155257-b74c0f2-6d43-n16-r1	1	c100	sample	5	5-SRR5935740	rank	1
20261008-155257-b74c0f2-6d43-n16-r1	1	c100	sample	5	5-SRR5935740	role	peer
20261008-155257-b74c0f2-6d43-n16-r1	1	c100	sample	5	5-SRR5935740	inflight	1
20261008-155257-b74c0f2-6d43-n16-r1	1	c100	sample	5	5-SRR5935740	threads	16
20261008-155257-b74c0f2-6d43-n16-r1	1	c100	sample	5	5-SRR5935740	start_s	184.307481
20261008-155257-b74c0f2-6d43-n16-r1	1	c100	sample	5	5-SRR5935740	wall_s	4.756849
20261008-155257-b74c0f2-6d43-n16-r1	1	c100	sample	5	5-SRR5935740	setup_s	0.000032
20261008-155257-b74c0f2-6d43-n16-r1	1	c100	sample	5	5-SRR5935740	classify_s	4.747424
20261008-155257-b74c0f2-6d43-n16-r1	1	c100	sample	5	5-SRR5935740	close_s	0.000000
20261008-155257-b74c0f2-6d43-n16-r1	1	c100	sample	5	5-SRR5935740	report_s	0.000000
20261008-155257-b74c0f2-6d43-n16-r1	1	c100	sample	5	5-SRR5935740	status	0
20261008-155257-b74c0f2-6d43-n16-r1	1	c100	sample	5	5-SRR5935740	sequences	0
20261008-155257-b74c0f2-6d43-n16-r1	1	c100	sample	5	5-SRR5935740	bases	0
20261008-155257-b74c0f2-6d43-n16-r1	1	c100	sample	5	5-SRR5935740	classified	0
20261008-155257-b74c0f2-6d43-n16-r1	1	c100	sample	5	5-SRR5935740	place	-
20261008-155257-b74c0f2-6d43-n16-r1	1	c100	sample	5	5-SRR5935740	weight	-
20261008-155257-b74c0f2-6d43-n16-r1	1	c100	phase			batch-barrier-5	0.515872
20261008-155257-b74c0f2-6d43-n16-r1	1	c100	phase			batch-barrier-5.start_s	189.064338
20261008-155257-b74c0f2-6d43-n16-r1	1	c100	engine.mem			t_s	195.0
20261008-155257-b74c0f2-6d43-n16-r1	1	c100	engine.mem			rss_kib	76697088
20261008-155257-b74c0f2-6d43-n16-r1	1	c100	engine.mem			hwm_kib	79426308
20261008-155257-b74c0f2-6d43-n16-r1	1	c100	engine.mem			heap_inuse	2535235584
20261008-155257-b74c0f2-6d43-n16-r1	1	c100	engine.mem			sys	7360708952
20261008-155257-b74c0f2-6d43-n16-r1	1	c100	engine.mem			avail_kib	18170668
20261008-155257-b74c0f2-6d43-n16-r1	1	c100	phase			batch-barrier-6	6.099812
20261008-155257-b74c0f2-6d43-n16-r1	1	c100	phase			batch-barrier-6.start_s	189.580220
20261008-155257-b74c0f2-6d43-n16-r1	1	c100	phase			batch-barrier-7	5.085887
20261008-155257-b74c0f2-6d43-n16-r1	1	c100	phase			batch-barrier-7.start_s	195.680047
20261008-155257-b74c0f2-6d43-n16-r1	1	c100	phase			batch-barrier-8	6.112007
20261008-155257-b74c0f2-6d43-n16-r1	1	c100	phase			batch-barrier-8.start_s	200.765950
20261008-155257-b74c0f2-6d43-n16-r1	1	c100	engine.shard			index	0
20261008-155257-b74c0f2-6d43-n16-r1	1	c100	engine.shard			n	16
20261008-155257-b74c0f2-6d43-n16-r1	1	c100	engine.shard			lo	18579557371
20261008-155257-b74c0f2-6d43-n16-r1	1	c100	engine.shard			hi	37159114742
20261008-155257-b74c0f2-6d43-n16-r1	1	c100	engine.shard			tail	302
20261008-155257-b74c0f2-6d43-n16-r1	1	c100	engine.shard			full	false
20261008-155257-b74c0f2-6d43-n16-r1	1	c100	engine.shard			empty_at	18579557385
20261008-155257-b74c0f2-6d43-n16-r1	1	c100	engine.shard			keys	8473234428
20261008-155257-b74c0f2-6d43-n16-r1	1	c100	engine.shard			batches	89910
20261008-155257-b74c0f2-6d43-n16-r1	1	c100	engine.shard			probe_s	161.140901
20261008-155257-b74c0f2-6d43-n16-r1	1	c100	engine.shard			tail_probes	0
20261008-155257-b74c0f2-6d43-n16-r1	1	c100	engine.shard			wrap_probes	0
20261008-155257-b74c0f2-6d43-n16-r1	1	c100	engine.mem			t_s	206.9
20261008-155257-b74c0f2-6d43-n16-r1	1	c100	engine.mem			rss_kib	76697092
20261008-155257-b74c0f2-6d43-n16-r1	1	c100	engine.mem			hwm_kib	79426308
20261008-155257-b74c0f2-6d43-n16-r1	1	c100	engine.mem			heap_inuse	2537562112
20261008-155257-b74c0f2-6d43-n16-r1	1	c100	engine.mem			sys	7360708952
20261008-155257-b74c0f2-6d43-n16-r1	1	c100	engine.mem			avail_kib	18474860
20261008-155257-b74c0f2-6d43-n16-r1	1	c100	engine.rendezvous			puts	13
20261008-155257-b74c0f2-6d43-n16-r1	1	c100	engine.rendezvous			gets	530
20261008-155257-b74c0f2-6d43-n16-r1	1	c100	engine.s3			client	sdk
20261008-155257-b74c0f2-6d43-n16-r1	1	c100	engine.s3			put	34
20261008-155257-b74c0f2-6d43-n16-r1	1	c100	engine.s3			get	530
20261008-155257-b74c0f2-6d43-n16-r1	1	c100	engine.s3			create_multipart	21
20261008-155257-b74c0f2-6d43-n16-r1	1	c100	engine.s3			upload_part	2111
20261008-155257-b74c0f2-6d43-n16-r1	1	c100	engine.s3			complete_multipart	21
20261008-155257-b74c0f2-6d43-n16-r1	1	c100	engine.s3			abort_multipart	0
20261008-155257-b74c0f2-6d43-n16-r1	1	c100	engine.s3			part_bytes	17624130341
20261008-155257-b74c0f2-6d43-n16-r1	1	c100	engine.s3			client	cli
20261008-155257-b74c0f2-6d43-n16-r1	1	c100	engine.s3			put	0
20261008-155257-b74c0f2-6d43-n16-r1	1	c100	engine.s3			get	0
20261008-155257-b74c0f2-6d43-n16-r1	1	c100	engine.s3			create_multipart	0
20261008-155257-b74c0f2-6d43-n16-r1	1	c100	engine.s3			upload_part	0
20261008-155257-b74c0f2-6d43-n16-r1	1	c100	engine.s3			complete_multipart	0
20261008-155257-b74c0f2-6d43-n16-r1	1	c100	engine.s3			abort_multipart	0
20261008-155257-b74c0f2-6d43-n16-r1	1	c100	engine.s3			part_bytes	0
20261008-155257-b74c0f2-6d43-n16-r1	1	c100	engine.load			seconds	25.162639
20261008-155257-b74c0f2-6d43-n16-r1	1	c100	engine.load			requests	1126
20261008-155257-b74c0f2-6d43-n16-r1	1	c100	engine.load			retries	0
20261008-155257-b74c0f2-6d43-n16-r1	1	c100	engine.load			bytes	74318296292
20261008-155257-b74c0f2-6d43-n16-r1	1	c100	engine.route			transport	nodes
20261008-155257-b74c0f2-6d43-n16-r1	1	c100	engine.route			calls	5378
20261008-155257-b74c0f2-6d43-n16-r1	1	c100	engine.route			keys	8071347759
20261008-155257-b74c0f2-6d43-n16-r1	1	c100	engine.route			batches	86048
20261008-155257-b74c0f2-6d43-n16-r1	1	c100	engine.route			route_s	54.359738
20261008-155257-b74c0f2-6d43-n16-r1	1	c100	engine.route			wait_s	43.666269
20261008-155257-b74c0f2-6d43-n16-r1	1	c100	engine.route			gather_s	11.869733
20261008-155257-b74c0f2-6d43-n16-r1	1	c100	engine.worker			scan_s	410.421313
20261008-155257-b74c0f2-6d43-n16-r1	1	c100	engine.worker			lookup_s	109.897492
20261008-155257-b74c0f2-6d43-n16-r1	1	c100	engine.worker			classify_s	344.468860
20261008-155257-b74c0f2-6d43-n16-r1	1	c100	phase			total	206.982780
20261008-155257-b74c0f2-6d43-n16-r1	1	c100	phase			total.start_s	0.000000
20261008-155257-b74c0f2-6d43-n16-r2	2	c100	phase			taxo	0.078256
20261008-155257-b74c0f2-6d43-n16-r2	2	c100	phase			taxo.start_s	0.003275
20261008-155257-b74c0f2-6d43-n16-r2	2	c100	engine.mem			t_s	15.0
20261008-155257-b74c0f2-6d43-n16-r2	2	c100	engine.mem			rss_kib	44828412
20261008-155257-b74c0f2-6d43-n16-r2	2	c100	engine.mem			hwm_kib	44828416
20261008-155257-b74c0f2-6d43-n16-r2	2	c100	engine.mem			heap_inuse	407617536
20261008-155257-b74c0f2-6d43-n16-r2	2	c100	engine.mem			sys	444316008
20261008-155257-b74c0f2-6d43-n16-r2	2	c100	engine.mem			avail_kib	49966872
20261008-155257-b74c0f2-6d43-n16-r2	2	c100	phase			shard-load-2	24.780361
20261008-155257-b74c0f2-6d43-n16-r2	2	c100	phase			shard-load-2.start_s	0.168671
20261008-155257-b74c0f2-6d43-n16-r2	2	c100	engine.mem			t_s	30.0
20261008-155257-b74c0f2-6d43-n16-r2	2	c100	engine.mem			rss_kib	72980156
20261008-155257-b74c0f2-6d43-n16-r2	2	c100	engine.mem			hwm_kib	72980160
20261008-155257-b74c0f2-6d43-n16-r2	2	c100	engine.mem			heap_inuse	412278784
20261008-155257-b74c0f2-6d43-n16-r2	2	c100	engine.mem			sys	444578152
20261008-155257-b74c0f2-6d43-n16-r2	2	c100	engine.mem			avail_kib	21930736
20261008-155257-b74c0f2-6d43-n16-r2	2	c100	engine.mem			t_s	45.0
20261008-155257-b74c0f2-6d43-n16-r2	2	c100	engine.mem			rss_kib	72983412
20261008-155257-b74c0f2-6d43-n16-r2	2	c100	engine.mem			hwm_kib	72983416
20261008-155257-b74c0f2-6d43-n16-r2	2	c100	engine.mem			heap_inuse	416243712
20261008-155257-b74c0f2-6d43-n16-r2	2	c100	engine.mem			sys	448772456
20261008-155257-b74c0f2-6d43-n16-r2	2	c100	engine.mem			avail_kib	22248116
20261008-155257-b74c0f2-6d43-n16-r2	2	c100	phase			rendezvous	25.360488
20261008-155257-b74c0f2-6d43-n16-r2	2	c100	phase			rendezvous.start_s	26.034034
20261008-155257-b74c0f2-6d43-n16-r2	2	c100	phase			connect	0.020686
20261008-155257-b74c0f2-6d43-n16-r2	2	c100	phase			connect.start_s	51.394534
20261008-155257-b74c0f2-6d43-n16-r2	2	c100	phase			hash	51.333614
20261008-155257-b74c0f2-6d43-n16-r2	2	c100	phase			hash.start_s	0.081616
20261008-155257-b74c0f2-6d43-n16-r2	2	c100	engine.mem			t_s	60.0
20261008-155257-b74c0f2-6d43-n16-r2	2	c100	engine.mem			rss_kib	78466736
20261008-155257-b74c0f2-6d43-n16-r2	2	c100	engine.mem			hwm_kib	78466736
20261008-155257-b74c0f2-6d43-n16-r2	2	c100	engine.mem			heap_inuse	4177715200
20261008-155257-b74c0f2-6d43-n16-r2	2	c100	engine.mem			sys	6115622824
20261008-155257-b74c0f2-6d43-n16-r2	2	c100	engine.mem			avail_kib	16854940
20261008-155257-b74c0f2-6d43-n16-r2	2	c100	sample	0	0-SRR5935798	mode	parallel
20261008-155257-b74c0f2-6d43-n16-r2	2	c100	sample	0	0-SRR5935798	s3client	sdk
20261008-155257-b74c0f2-6d43-n16-r2	2	c100	sample	0	0-SRR5935798	rank	2
20261008-155257-b74c0f2-6d43-n16-r2	2	c100	sample	0	0-SRR5935798	role	home
20261008-155257-b74c0f2-6d43-n16-r2	2	c100	sample	0	0-SRR5935798	inflight	1
20261008-155257-b74c0f2-6d43-n16-r2	2	c100	sample	0	0-SRR5935798	threads	16
20261008-155257-b74c0f2-6d43-n16-r2	2	c100	sample	0	0-SRR5935798	start_s	51.415264
20261008-155257-b74c0f2-6d43-n16-r2	2	c100	sample	0	0-SRR5935798	wall_s	9.591047
20261008-155257-b74c0f2-6d43-n16-r2	2	c100	sample	0	0-SRR5935798	setup_s	0.000031
20261008-155257-b74c0f2-6d43-n16-r2	2	c100	sample	0	0-SRR5935798	classify_s	9.163278
20261008-155257-b74c0f2-6d43-n16-r2	2	c100	sample	0	0-SRR5935798	close_s	0.270534
20261008-155257-b74c0f2-6d43-n16-r2	2	c100	sample	0	0-SRR5935798	report_s	0.146566
20261008-155257-b74c0f2-6d43-n16-r2	2	c100	sample	0	0-SRR5935798	status	0
20261008-155257-b74c0f2-6d43-n16-r2	2	c100	sample	0	0-SRR5935798	sequences	20086542
20261008-155257-b74c0f2-6d43-n16-r2	2	c100	sample	0	0-SRR5935798	bases	3689648337
20261008-155257-b74c0f2-6d43-n16-r2	2	c100	sample	0	0-SRR5935798	classified	19142785
20261008-155257-b74c0f2-6d43-n16-r2	2	c100	sample	0	0-SRR5935798	place	lpt
20261008-155257-b74c0f2-6d43-n16-r2	2	c100	sample	0	0-SRR5935798	weight	20086542
20261008-155257-b74c0f2-6d43-n16-r2	2	c100	sample	0	0-SRR5935817	mode	parallel
20261008-155257-b74c0f2-6d43-n16-r2	2	c100	sample	0	0-SRR5935817	s3client	sdk
20261008-155257-b74c0f2-6d43-n16-r2	2	c100	sample	0	0-SRR5935817	rank	2
20261008-155257-b74c0f2-6d43-n16-r2	2	c100	sample	0	0-SRR5935817	role	home
20261008-155257-b74c0f2-6d43-n16-r2	2	c100	sample	0	0-SRR5935817	inflight	1
20261008-155257-b74c0f2-6d43-n16-r2	2	c100	sample	0	0-SRR5935817	threads	16
20261008-155257-b74c0f2-6d43-n16-r2	2	c100	sample	0	0-SRR5935817	start_s	61.006326
20261008-155257-b74c0f2-6d43-n16-r2	2	c100	sample	0	0-SRR5935817	wall_s	6.914981
20261008-155257-b74c0f2-6d43-n16-r2	2	c100	sample	0	0-SRR5935817	setup_s	0.000041
20261008-155257-b74c0f2-6d43-n16-r2	2	c100	sample	0	0-SRR5935817	classify_s	6.497070
20261008-155257-b74c0f2-6d43-n16-r2	2	c100	sample	0	0-SRR5935817	close_s	0.278402
20261008-155257-b74c0f2-6d43-n16-r2	2	c100	sample	0	0-SRR5935817	report_s	0.132974
20261008-155257-b74c0f2-6d43-n16-r2	2	c100	sample	0	0-SRR5935817	status	0
20261008-155257-b74c0f2-6d43-n16-r2	2	c100	sample	0	0-SRR5935817	sequences	14261195
20261008-155257-b74c0f2-6d43-n16-r2	2	c100	sample	0	0-SRR5935817	bases	2665696979
20261008-155257-b74c0f2-6d43-n16-r2	2	c100	sample	0	0-SRR5935817	classified	13980324
20261008-155257-b74c0f2-6d43-n16-r2	2	c100	sample	0	0-SRR5935817	place	lpt
20261008-155257-b74c0f2-6d43-n16-r2	2	c100	sample	0	0-SRR5935817	weight	14261195
20261008-155257-b74c0f2-6d43-n16-r2	2	c100	sample	0	0-SRR5935820	mode	parallel
20261008-155257-b74c0f2-6d43-n16-r2	2	c100	sample	0	0-SRR5935820	s3client	sdk
20261008-155257-b74c0f2-6d43-n16-r2	2	c100	sample	0	0-SRR5935820	rank	2
20261008-155257-b74c0f2-6d43-n16-r2	2	c100	sample	0	0-SRR5935820	role	home
20261008-155257-b74c0f2-6d43-n16-r2	2	c100	sample	0	0-SRR5935820	inflight	1
20261008-155257-b74c0f2-6d43-n16-r2	2	c100	sample	0	0-SRR5935820	threads	16
20261008-155257-b74c0f2-6d43-n16-r2	2	c100	sample	0	0-SRR5935820	start_s	67.921322
20261008-155257-b74c0f2-6d43-n16-r2	2	c100	sample	0	0-SRR5935820	wall_s	5.927729
20261008-155257-b74c0f2-6d43-n16-r2	2	c100	sample	0	0-SRR5935820	setup_s	0.000039
20261008-155257-b74c0f2-6d43-n16-r2	2	c100	sample	0	0-SRR5935820	classify_s	5.563089
20261008-155257-b74c0f2-6d43-n16-r2	2	c100	sample	0	0-SRR5935820	close_s	0.223158
20261008-155257-b74c0f2-6d43-n16-r2	2	c100	sample	0	0-SRR5935820	report_s	0.129397
20261008-155257-b74c0f2-6d43-n16-r2	2	c100	sample	0	0-SRR5935820	status	0
20261008-155257-b74c0f2-6d43-n16-r2	2	c100	sample	0	0-SRR5935820	sequences	12062510
20261008-155257-b74c0f2-6d43-n16-r2	2	c100	sample	0	0-SRR5935820	bases	2207297835
20261008-155257-b74c0f2-6d43-n16-r2	2	c100	sample	0	0-SRR5935820	classified	10926608
20261008-155257-b74c0f2-6d43-n16-r2	2	c100	sample	0	0-SRR5935820	place	lpt
20261008-155257-b74c0f2-6d43-n16-r2	2	c100	sample	0	0-SRR5935820	weight	12062510
20261008-155257-b74c0f2-6d43-n16-r2	2	c100	engine.mem			t_s	75.0
20261008-155257-b74c0f2-6d43-n16-r2	2	c100	engine.mem			rss_kib	77736092
20261008-155257-b74c0f2-6d43-n16-r2	2	c100	engine.mem			hwm_kib	79368320
20261008-155257-b74c0f2-6d43-n16-r2	2	c100	engine.mem			heap_inuse	3127246848
20261008-155257-b74c0f2-6d43-n16-r2	2	c100	engine.mem			sys	7002169592
20261008-155257-b74c0f2-6d43-n16-r2	2	c100	engine.mem			avail_kib	16985952
20261008-155257-b74c0f2-6d43-n16-r2	2	c100	sample	0	0-SRR5935745	mode	parallel
20261008-155257-b74c0f2-6d43-n16-r2	2	c100	sample	0	0-SRR5935745	s3client	sdk
20261008-155257-b74c0f2-6d43-n16-r2	2	c100	sample	0	0-SRR5935745	rank	2
20261008-155257-b74c0f2-6d43-n16-r2	2	c100	sample	0	0-SRR5935745	role	home
20261008-155257-b74c0f2-6d43-n16-r2	2	c100	sample	0	0-SRR5935745	inflight	1
20261008-155257-b74c0f2-6d43-n16-r2	2	c100	sample	0	0-SRR5935745	threads	16
20261008-155257-b74c0f2-6d43-n16-r2	2	c100	sample	0	0-SRR5935745	start_s	73.849064
20261008-155257-b74c0f2-6d43-n16-r2	2	c100	sample	0	0-SRR5935745	wall_s	6.237903
20261008-155257-b74c0f2-6d43-n16-r2	2	c100	sample	0	0-SRR5935745	setup_s	0.005292
20261008-155257-b74c0f2-6d43-n16-r2	2	c100	sample	0	0-SRR5935745	classify_s	5.839274
20261008-155257-b74c0f2-6d43-n16-r2	2	c100	sample	0	0-SRR5935745	close_s	0.243828
20261008-155257-b74c0f2-6d43-n16-r2	2	c100	sample	0	0-SRR5935745	report_s	0.141252
20261008-155257-b74c0f2-6d43-n16-r2	2	c100	sample	0	0-SRR5935745	status	0
20261008-155257-b74c0f2-6d43-n16-r2	2	c100	sample	0	0-SRR5935745	sequences	10492437
20261008-155257-b74c0f2-6d43-n16-r2	2	c100	sample	0	0-SRR5935745	bases	1984140901
20261008-155257-b74c0f2-6d43-n16-r2	2	c100	sample	0	0-SRR5935745	classified	9889429
20261008-155257-b74c0f2-6d43-n16-r2	2	c100	sample	0	0-SRR5935745	place	lpt
20261008-155257-b74c0f2-6d43-n16-r2	2	c100	sample	0	0-SRR5935745	weight	10492437
20261008-155257-b74c0f2-6d43-n16-r2	2	c100	sample	0	0-SRR5935828	mode	parallel
20261008-155257-b74c0f2-6d43-n16-r2	2	c100	sample	0	0-SRR5935828	s3client	sdk
20261008-155257-b74c0f2-6d43-n16-r2	2	c100	sample	0	0-SRR5935828	rank	2
20261008-155257-b74c0f2-6d43-n16-r2	2	c100	sample	0	0-SRR5935828	role	home
20261008-155257-b74c0f2-6d43-n16-r2	2	c100	sample	0	0-SRR5935828	inflight	1
20261008-155257-b74c0f2-6d43-n16-r2	2	c100	sample	0	0-SRR5935828	threads	16
20261008-155257-b74c0f2-6d43-n16-r2	2	c100	sample	0	0-SRR5935828	start_s	80.086981
20261008-155257-b74c0f2-6d43-n16-r2	2	c100	sample	0	0-SRR5935828	wall_s	4.296180
20261008-155257-b74c0f2-6d43-n16-r2	2	c100	sample	0	0-SRR5935828	setup_s	0.000038
20261008-155257-b74c0f2-6d43-n16-r2	2	c100	sample	0	0-SRR5935828	classify_s	3.880513
20261008-155257-b74c0f2-6d43-n16-r2	2	c100	sample	0	0-SRR5935828	close_s	0.271676
20261008-155257-b74c0f2-6d43-n16-r2	2	c100	sample	0	0-SRR5935828	report_s	0.138431
20261008-155257-b74c0f2-6d43-n16-r2	2	c100	sample	0	0-SRR5935828	status	0
20261008-155257-b74c0f2-6d43-n16-r2	2	c100	sample	0	0-SRR5935828	sequences	8326050
20261008-155257-b74c0f2-6d43-n16-r2	2	c100	sample	0	0-SRR5935828	bases	1540092338
20261008-155257-b74c0f2-6d43-n16-r2	2	c100	sample	0	0-SRR5935828	classified	8094378
20261008-155257-b74c0f2-6d43-n16-r2	2	c100	sample	0	0-SRR5935828	place	lpt
20261008-155257-b74c0f2-6d43-n16-r2	2	c100	sample	0	0-SRR5935828	weight	8326050
20261008-155257-b74c0f2-6d43-n16-r2	2	c100	sample	0	0-SRR5935814	mode	parallel
20261008-155257-b74c0f2-6d43-n16-r2	2	c100	sample	0	0-SRR5935814	s3client	sdk
20261008-155257-b74c0f2-6d43-n16-r2	2	c100	sample	0	0-SRR5935814	rank	2
20261008-155257-b74c0f2-6d43-n16-r2	2	c100	sample	0	0-SRR5935814	role	home
20261008-155257-b74c0f2-6d43-n16-r2	2	c100	sample	0	0-SRR5935814	inflight	1
20261008-155257-b74c0f2-6d43-n16-r2	2	c100	sample	0	0-SRR5935814	threads	16
20261008-155257-b74c0f2-6d43-n16-r2	2	c100	sample	0	0-SRR5935814	start_s	84.383177
20261008-155257-b74c0f2-6d43-n16-r2	2	c100	sample	0	0-SRR5935814	wall_s	3.001523
20261008-155257-b74c0f2-6d43-n16-r2	2	c100	sample	0	0-SRR5935814	setup_s	0.000048
20261008-155257-b74c0f2-6d43-n16-r2	2	c100	sample	0	0-SRR5935814	classify_s	2.467018
20261008-155257-b74c0f2-6d43-n16-r2	2	c100	sample	0	0-SRR5935814	close_s	0.403419
20261008-155257-b74c0f2-6d43-n16-r2	2	c100	sample	0	0-SRR5935814	report_s	0.127217
20261008-155257-b74c0f2-6d43-n16-r2	2	c100	sample	0	0-SRR5935814	status	0
20261008-155257-b74c0f2-6d43-n16-r2	2	c100	sample	0	0-SRR5935814	sequences	5072545
20261008-155257-b74c0f2-6d43-n16-r2	2	c100	sample	0	0-SRR5935814	bases	950400325
20261008-155257-b74c0f2-6d43-n16-r2	2	c100	sample	0	0-SRR5935814	classified	4982177
20261008-155257-b74c0f2-6d43-n16-r2	2	c100	sample	0	0-SRR5935814	place	lpt
20261008-155257-b74c0f2-6d43-n16-r2	2	c100	sample	0	0-SRR5935814	weight	5072545
20261008-155257-b74c0f2-6d43-n16-r2	2	c100	phase			batch-barrier-0	0.861301
20261008-155257-b74c0f2-6d43-n16-r2	2	c100	phase			batch-barrier-0.start_s	87.384712
20261008-155257-b74c0f2-6d43-n16-r2	2	c100	engine.mem			t_s	90.0
20261008-155257-b74c0f2-6d43-n16-r2	2	c100	engine.mem			rss_kib	78748348
20261008-155257-b74c0f2-6d43-n16-r2	2	c100	engine.mem			hwm_kib	79368320
20261008-155257-b74c0f2-6d43-n16-r2	2	c100	engine.mem			heap_inuse	3964280832
20261008-155257-b74c0f2-6d43-n16-r2	2	c100	engine.mem			sys	7002177784
20261008-155257-b74c0f2-6d43-n16-r2	2	c100	engine.mem			avail_kib	16143672
20261008-155257-b74c0f2-6d43-n16-r2	2	c100	sample	1	1-SRR5935742	mode	parallel
20261008-155257-b74c0f2-6d43-n16-r2	2	c100	sample	1	1-SRR5935742	s3client	sdk
20261008-155257-b74c0f2-6d43-n16-r2	2	c100	sample	1	1-SRR5935742	rank	2
20261008-155257-b74c0f2-6d43-n16-r2	2	c100	sample	1	1-SRR5935742	role	home
20261008-155257-b74c0f2-6d43-n16-r2	2	c100	sample	1	1-SRR5935742	inflight	1
20261008-155257-b74c0f2-6d43-n16-r2	2	c100	sample	1	1-SRR5935742	threads	16
20261008-155257-b74c0f2-6d43-n16-r2	2	c100	sample	1	1-SRR5935742	start_s	88.246028
20261008-155257-b74c0f2-6d43-n16-r2	2	c100	sample	1	1-SRR5935742	wall_s	5.972386
20261008-155257-b74c0f2-6d43-n16-r2	2	c100	sample	1	1-SRR5935742	setup_s	0.000038
20261008-155257-b74c0f2-6d43-n16-r2	2	c100	sample	1	1-SRR5935742	classify_s	5.567050
20261008-155257-b74c0f2-6d43-n16-r2	2	c100	sample	1	1-SRR5935742	close_s	0.248656
20261008-155257-b74c0f2-6d43-n16-r2	2	c100	sample	1	1-SRR5935742	report_s	0.149578
20261008-155257-b74c0f2-6d43-n16-r2	2	c100	sample	1	1-SRR5935742	status	0
20261008-155257-b74c0f2-6d43-n16-r2	2	c100	sample	1	1-SRR5935742	sequences	12325847
20261008-155257-b74c0f2-6d43-n16-r2	2	c100	sample	1	1-SRR5935742	bases	2261511731
20261008-155257-b74c0f2-6d43-n16-r2	2	c100	sample	1	1-SRR5935742	classified	11791754
20261008-155257-b74c0f2-6d43-n16-r2	2	c100	sample	1	1-SRR5935742	place	mod
20261008-155257-b74c0f2-6d43-n16-r2	2	c100	sample	1	1-SRR5935742	weight	12325847
20261008-155257-b74c0f2-6d43-n16-r2	2	c100	sample	1	1-SRR5935758	mode	parallel
20261008-155257-b74c0f2-6d43-n16-r2	2	c100	sample	1	1-SRR5935758	s3client	sdk
20261008-155257-b74c0f2-6d43-n16-r2	2	c100	sample	1	1-SRR5935758	rank	2
20261008-155257-b74c0f2-6d43-n16-r2	2	c100	sample	1	1-SRR5935758	role	home
20261008-155257-b74c0f2-6d43-n16-r2	2	c100	sample	1	1-SRR5935758	inflight	1
20261008-155257-b74c0f2-6d43-n16-r2	2	c100	sample	1	1-SRR5935758	threads	16
20261008-155257-b74c0f2-6d43-n16-r2	2	c100	sample	1	1-SRR5935758	start_s	94.218428
20261008-155257-b74c0f2-6d43-n16-r2	2	c100	sample	1	1-SRR5935758	wall_s	8.025904
20261008-155257-b74c0f2-6d43-n16-r2	2	c100	sample	1	1-SRR5935758	setup_s	0.044339
20261008-155257-b74c0f2-6d43-n16-r2	2	c100	sample	1	1-SRR5935758	classify_s	7.461349
20261008-155257-b74c0f2-6d43-n16-r2	2	c100	sample	1	1-SRR5935758	close_s	0.373186
20261008-155257-b74c0f2-6d43-n16-r2	2	c100	sample	1	1-SRR5935758	report_s	0.142955
20261008-155257-b74c0f2-6d43-n16-r2	2	c100	sample	1	1-SRR5935758	status	0
20261008-155257-b74c0f2-6d43-n16-r2	2	c100	sample	1	1-SRR5935758	sequences	8206591
20261008-155257-b74c0f2-6d43-n16-r2	2	c100	sample	1	1-SRR5935758	bases	1523967713
20261008-155257-b74c0f2-6d43-n16-r2	2	c100	sample	1	1-SRR5935758	classified	7998445
20261008-155257-b74c0f2-6d43-n16-r2	2	c100	sample	1	1-SRR5935758	place	mod
20261008-155257-b74c0f2-6d43-n16-r2	2	c100	sample	1	1-SRR5935758	weight	8206591
20261008-155257-b74c0f2-6d43-n16-r2	2	c100	engine.mem			t_s	105.0
20261008-155257-b74c0f2-6d43-n16-r2	2	c100	engine.mem			rss_kib	78816324
20261008-155257-b74c0f2-6d43-n16-r2	2	c100	engine.mem			hwm_kib	79525836
20261008-155257-b74c0f2-6d43-n16-r2	2	c100	engine.mem			heap_inuse	5428969472
20261008-155257-b74c0f2-6d43-n16-r2	2	c100	engine.mem			sys	7195337000
20261008-155257-b74c0f2-6d43-n16-r2	2	c100	engine.mem			avail_kib	16242052
20261008-155257-b74c0f2-6d43-n16-r2	2	c100	sample	1	1-SRR5935774	mode	parallel
20261008-155257-b74c0f2-6d43-n16-r2	2	c100	sample	1	1-SRR5935774	s3client	sdk
20261008-155257-b74c0f2-6d43-n16-r2	2	c100	sample	1	1-SRR5935774	rank	2
20261008-155257-b74c0f2-6d43-n16-r2	2	c100	sample	1	1-SRR5935774	role	home
20261008-155257-b74c0f2-6d43-n16-r2	2	c100	sample	1	1-SRR5935774	inflight	1
20261008-155257-b74c0f2-6d43-n16-r2	2	c100	sample	1	1-SRR5935774	threads	16
20261008-155257-b74c0f2-6d43-n16-r2	2	c100	sample	1	1-SRR5935774	start_s	102.244347
20261008-155257-b74c0f2-6d43-n16-r2	2	c100	sample	1	1-SRR5935774	wall_s	5.824670
20261008-155257-b74c0f2-6d43-n16-r2	2	c100	sample	1	1-SRR5935774	setup_s	0.000043
20261008-155257-b74c0f2-6d43-n16-r2	2	c100	sample	1	1-SRR5935774	classify_s	5.459540
20261008-155257-b74c0f2-6d43-n16-r2	2	c100	sample	1	1-SRR5935774	close_s	0.213347
20261008-155257-b74c0f2-6d43-n16-r2	2	c100	sample	1	1-SRR5935774	report_s	0.139053
20261008-155257-b74c0f2-6d43-n16-r2	2	c100	sample	1	1-SRR5935774	status	0
20261008-155257-b74c0f2-6d43-n16-r2	2	c100	sample	1	1-SRR5935774	sequences	12252617
20261008-155257-b74c0f2-6d43-n16-r2	2	c100	sample	1	1-SRR5935774	bases	2212674525
20261008-155257-b74c0f2-6d43-n16-r2	2	c100	sample	1	1-SRR5935774	classified	10208851
20261008-155257-b74c0f2-6d43-n16-r2	2	c100	sample	1	1-SRR5935774	place	mod
20261008-155257-b74c0f2-6d43-n16-r2	2	c100	sample	1	1-SRR5935774	weight	12252617
20261008-155257-b74c0f2-6d43-n16-r2	2	c100	sample	1	1-SRR5935790	mode	parallel
20261008-155257-b74c0f2-6d43-n16-r2	2	c100	sample	1	1-SRR5935790	s3client	sdk
20261008-155257-b74c0f2-6d43-n16-r2	2	c100	sample	1	1-SRR5935790	rank	2
20261008-155257-b74c0f2-6d43-n16-r2	2	c100	sample	1	1-SRR5935790	role	home
20261008-155257-b74c0f2-6d43-n16-r2	2	c100	sample	1	1-SRR5935790	inflight	1
20261008-155257-b74c0f2-6d43-n16-r2	2	c100	sample	1	1-SRR5935790	threads	16
20261008-155257-b74c0f2-6d43-n16-r2	2	c100	sample	1	1-SRR5935790	start_s	108.069030
20261008-155257-b74c0f2-6d43-n16-r2	2	c100	sample	1	1-SRR5935790	wall_s	4.663280
20261008-155257-b74c0f2-6d43-n16-r2	2	c100	sample	1	1-SRR5935790	setup_s	0.000045
20261008-155257-b74c0f2-6d43-n16-r2	2	c100	sample	1	1-SRR5935790	classify_s	4.283736
20261008-155257-b74c0f2-6d43-n16-r2	2	c100	sample	1	1-SRR5935790	close_s	0.222596
20261008-155257-b74c0f2-6d43-n16-r2	2	c100	sample	1	1-SRR5935790	report_s	0.150703
20261008-155257-b74c0f2-6d43-n16-r2	2	c100	sample	1	1-SRR5935790	status	0
20261008-155257-b74c0f2-6d43-n16-r2	2	c100	sample	1	1-SRR5935790	sequences	9202475
20261008-155257-b74c0f2-6d43-n16-r2	2	c100	sample	1	1-SRR5935790	bases	1711991411
20261008-155257-b74c0f2-6d43-n16-r2	2	c100	sample	1	1-SRR5935790	classified	8810259
20261008-155257-b74c0f2-6d43-n16-r2	2	c100	sample	1	1-SRR5935790	place	mod
20261008-155257-b74c0f2-6d43-n16-r2	2	c100	sample	1	1-SRR5935790	weight	9202475
20261008-155257-b74c0f2-6d43-n16-r2	2	c100	sample	1	1-SRR5935806	mode	parallel
20261008-155257-b74c0f2-6d43-n16-r2	2	c100	sample	1	1-SRR5935806	s3client	sdk
20261008-155257-b74c0f2-6d43-n16-r2	2	c100	sample	1	1-SRR5935806	rank	2
20261008-155257-b74c0f2-6d43-n16-r2	2	c100	sample	1	1-SRR5935806	role	home
20261008-155257-b74c0f2-6d43-n16-r2	2	c100	sample	1	1-SRR5935806	inflight	1
20261008-155257-b74c0f2-6d43-n16-r2	2	c100	sample	1	1-SRR5935806	threads	16
20261008-155257-b74c0f2-6d43-n16-r2	2	c100	sample	1	1-SRR5935806	start_s	112.732324
20261008-155257-b74c0f2-6d43-n16-r2	2	c100	sample	1	1-SRR5935806	wall_s	7.167305
20261008-155257-b74c0f2-6d43-n16-r2	2	c100	sample	1	1-SRR5935806	setup_s	0.000043
20261008-155257-b74c0f2-6d43-n16-r2	2	c100	sample	1	1-SRR5935806	classify_s	6.796337
20261008-155257-b74c0f2-6d43-n16-r2	2	c100	sample	1	1-SRR5935806	close_s	0.237112
20261008-155257-b74c0f2-6d43-n16-r2	2	c100	sample	1	1-SRR5935806	report_s	0.127399
20261008-155257-b74c0f2-6d43-n16-r2	2	c100	sample	1	1-SRR5935806	status	0
20261008-155257-b74c0f2-6d43-n16-r2	2	c100	sample	1	1-SRR5935806	sequences	14472574
20261008-155257-b74c0f2-6d43-n16-r2	2	c100	sample	1	1-SRR5935806	bases	2738529910
20261008-155257-b74c0f2-6d43-n16-r2	2	c100	sample	1	1-SRR5935806	classified	14022498
20261008-155257-b74c0f2-6d43-n16-r2	2	c100	sample	1	1-SRR5935806	place	mod
20261008-155257-b74c0f2-6d43-n16-r2	2	c100	sample	1	1-SRR5935806	weight	14472574
20261008-155257-b74c0f2-6d43-n16-r2	2	c100	engine.mem			t_s	120.0
20261008-155257-b74c0f2-6d43-n16-r2	2	c100	engine.mem			rss_kib	78679700
20261008-155257-b74c0f2-6d43-n16-r2	2	c100	engine.mem			hwm_kib	79525836
20261008-155257-b74c0f2-6d43-n16-r2	2	c100	engine.mem			heap_inuse	4367810560
20261008-155257-b74c0f2-6d43-n16-r2	2	c100	engine.mem			sys	7195353384
20261008-155257-b74c0f2-6d43-n16-r2	2	c100	engine.mem			avail_kib	16372316
20261008-155257-b74c0f2-6d43-n16-r2	2	c100	sample	1	1-SRR5935822	mode	parallel
20261008-155257-b74c0f2-6d43-n16-r2	2	c100	sample	1	1-SRR5935822	s3client	sdk
20261008-155257-b74c0f2-6d43-n16-r2	2	c100	sample	1	1-SRR5935822	rank	2
20261008-155257-b74c0f2-6d43-n16-r2	2	c100	sample	1	1-SRR5935822	role	home
20261008-155257-b74c0f2-6d43-n16-r2	2	c100	sample	1	1-SRR5935822	inflight	1
20261008-155257-b74c0f2-6d43-n16-r2	2	c100	sample	1	1-SRR5935822	threads	16
20261008-155257-b74c0f2-6d43-n16-r2	2	c100	sample	1	1-SRR5935822	start_s	119.899643
20261008-155257-b74c0f2-6d43-n16-r2	2	c100	sample	1	1-SRR5935822	wall_s	7.638896
20261008-155257-b74c0f2-6d43-n16-r2	2	c100	sample	1	1-SRR5935822	setup_s	0.041187
20261008-155257-b74c0f2-6d43-n16-r2	2	c100	sample	1	1-SRR5935822	classify_s	7.008243
20261008-155257-b74c0f2-6d43-n16-r2	2	c100	sample	1	1-SRR5935822	close_s	0.250730
20261008-155257-b74c0f2-6d43-n16-r2	2	c100	sample	1	1-SRR5935822	report_s	0.333737
20261008-155257-b74c0f2-6d43-n16-r2	2	c100	sample	1	1-SRR5935822	status	0
20261008-155257-b74c0f2-6d43-n16-r2	2	c100	sample	1	1-SRR5935822	sequences	13365245
20261008-155257-b74c0f2-6d43-n16-r2	2	c100	sample	1	1-SRR5935822	bases	2460327516
20261008-155257-b74c0f2-6d43-n16-r2	2	c100	sample	1	1-SRR5935822	classified	13192260
20261008-155257-b74c0f2-6d43-n16-r2	2	c100	sample	1	1-SRR5935822	place	mod
20261008-155257-b74c0f2-6d43-n16-r2	2	c100	sample	1	1-SRR5935822	weight	13365245
20261008-155257-b74c0f2-6d43-n16-r2	2	c100	sample	1	1-SRR5935838	mode	parallel
20261008-155257-b74c0f2-6d43-n16-r2	2	c100	sample	1	1-SRR5935838	s3client	sdk
20261008-155257-b74c0f2-6d43-n16-r2	2	c100	sample	1	1-SRR5935838	rank	2
20261008-155257-b74c0f2-6d43-n16-r2	2	c100	sample	1	1-SRR5935838	role	home
20261008-155257-b74c0f2-6d43-n16-r2	2	c100	sample	1	1-SRR5935838	inflight	1
20261008-155257-b74c0f2-6d43-n16-r2	2	c100	sample	1	1-SRR5935838	threads	16
20261008-155257-b74c0f2-6d43-n16-r2	2	c100	sample	1	1-SRR5935838	start_s	127.538552
20261008-155257-b74c0f2-6d43-n16-r2	2	c100	sample	1	1-SRR5935838	wall_s	7.215845
20261008-155257-b74c0f2-6d43-n16-r2	2	c100	sample	1	1-SRR5935838	setup_s	0.000035
20261008-155257-b74c0f2-6d43-n16-r2	2	c100	sample	1	1-SRR5935838	classify_s	6.771197
20261008-155257-b74c0f2-6d43-n16-r2	2	c100	sample	1	1-SRR5935838	close_s	0.319178
20261008-155257-b74c0f2-6d43-n16-r2	2	c100	sample	1	1-SRR5935838	report_s	0.120344
20261008-155257-b74c0f2-6d43-n16-r2	2	c100	sample	1	1-SRR5935838	status	0
20261008-155257-b74c0f2-6d43-n16-r2	2	c100	sample	1	1-SRR5935838	sequences	14615323
20261008-155257-b74c0f2-6d43-n16-r2	2	c100	sample	1	1-SRR5935838	bases	2691062094
20261008-155257-b74c0f2-6d43-n16-r2	2	c100	sample	1	1-SRR5935838	classified	14358414
20261008-155257-b74c0f2-6d43-n16-r2	2	c100	sample	1	1-SRR5935838	place	mod
20261008-155257-b74c0f2-6d43-n16-r2	2	c100	sample	1	1-SRR5935838	weight	14615323
20261008-155257-b74c0f2-6d43-n16-r2	2	c100	engine.mem			t_s	135.0
20261008-155257-b74c0f2-6d43-n16-r2	2	c100	engine.mem			rss_kib	78961588
20261008-155257-b74c0f2-6d43-n16-r2	2	c100	engine.mem			hwm_kib	79525836
20261008-155257-b74c0f2-6d43-n16-r2	2	c100	engine.mem			heap_inuse	5194973184
20261008-155257-b74c0f2-6d43-n16-r2	2	c100	engine.mem			sys	7195353384
20261008-155257-b74c0f2-6d43-n16-r2	2	c100	engine.mem			avail_kib	15953436
20261008-155257-b74c0f2-6d43-n16-r2	2	c100	phase			batch-barrier-1	0.479975
20261008-155257-b74c0f2-6d43-n16-r2	2	c100	phase			batch-barrier-1.start_s	134.754408
20261008-155257-b74c0f2-6d43-n16-r2	2	c100	sample	2	2-SRR5935798	mode	parallel
20261008-155257-b74c0f2-6d43-n16-r2	2	c100	sample	2	2-SRR5935798	s3client	sdk
20261008-155257-b74c0f2-6d43-n16-r2	2	c100	sample	2	2-SRR5935798	rank	2
20261008-155257-b74c0f2-6d43-n16-r2	2	c100	sample	2	2-SRR5935798	role	home
20261008-155257-b74c0f2-6d43-n16-r2	2	c100	sample	2	2-SRR5935798	inflight	1
20261008-155257-b74c0f2-6d43-n16-r2	2	c100	sample	2	2-SRR5935798	threads	16
20261008-155257-b74c0f2-6d43-n16-r2	2	c100	sample	2	2-SRR5935798	start_s	135.234414
20261008-155257-b74c0f2-6d43-n16-r2	2	c100	sample	2	2-SRR5935798	wall_s	9.495674
20261008-155257-b74c0f2-6d43-n16-r2	2	c100	sample	2	2-SRR5935798	setup_s	0.000030
20261008-155257-b74c0f2-6d43-n16-r2	2	c100	sample	2	2-SRR5935798	classify_s	9.124543
20261008-155257-b74c0f2-6d43-n16-r2	2	c100	sample	2	2-SRR5935798	close_s	0.239621
20261008-155257-b74c0f2-6d43-n16-r2	2	c100	sample	2	2-SRR5935798	report_s	0.121175
20261008-155257-b74c0f2-6d43-n16-r2	2	c100	sample	2	2-SRR5935798	status	0
20261008-155257-b74c0f2-6d43-n16-r2	2	c100	sample	2	2-SRR5935798	sequences	20086542
20261008-155257-b74c0f2-6d43-n16-r2	2	c100	sample	2	2-SRR5935798	bases	3689648337
20261008-155257-b74c0f2-6d43-n16-r2	2	c100	sample	2	2-SRR5935798	classified	19142785
20261008-155257-b74c0f2-6d43-n16-r2	2	c100	sample	2	2-SRR5935798	place	lpt
20261008-155257-b74c0f2-6d43-n16-r2	2	c100	sample	2	2-SRR5935798	weight	20086542
20261008-155257-b74c0f2-6d43-n16-r2	2	c100	engine.mem			t_s	150.0
20261008-155257-b74c0f2-6d43-n16-r2	2	c100	engine.mem			rss_kib	78926748
20261008-155257-b74c0f2-6d43-n16-r2	2	c100	engine.mem			hwm_kib	79525836
20261008-155257-b74c0f2-6d43-n16-r2	2	c100	engine.mem			heap_inuse	3413483520
20261008-155257-b74c0f2-6d43-n16-r2	2	c100	engine.mem			sys	7195377960
20261008-155257-b74c0f2-6d43-n16-r2	2	c100	engine.mem			avail_kib	16017800
20261008-155257-b74c0f2-6d43-n16-r2	2	c100	sample	2	2-SRR5935817	mode	parallel
20261008-155257-b74c0f2-6d43-n16-r2	2	c100	sample	2	2-SRR5935817	s3client	sdk
20261008-155257-b74c0f2-6d43-n16-r2	2	c100	sample	2	2-SRR5935817	rank	2
20261008-155257-b74c0f2-6d43-n16-r2	2	c100	sample	2	2-SRR5935817	role	home
20261008-155257-b74c0f2-6d43-n16-r2	2	c100	sample	2	2-SRR5935817	inflight	1
20261008-155257-b74c0f2-6d43-n16-r2	2	c100	sample	2	2-SRR5935817	threads	16
20261008-155257-b74c0f2-6d43-n16-r2	2	c100	sample	2	2-SRR5935817	start_s	144.730101
20261008-155257-b74c0f2-6d43-n16-r2	2	c100	sample	2	2-SRR5935817	wall_s	6.965672
20261008-155257-b74c0f2-6d43-n16-r2	2	c100	sample	2	2-SRR5935817	setup_s	0.000041
20261008-155257-b74c0f2-6d43-n16-r2	2	c100	sample	2	2-SRR5935817	classify_s	6.492108
20261008-155257-b74c0f2-6d43-n16-r2	2	c100	sample	2	2-SRR5935817	close_s	0.253720
20261008-155257-b74c0f2-6d43-n16-r2	2	c100	sample	2	2-SRR5935817	report_s	0.213752
20261008-155257-b74c0f2-6d43-n16-r2	2	c100	sample	2	2-SRR5935817	status	0
20261008-155257-b74c0f2-6d43-n16-r2	2	c100	sample	2	2-SRR5935817	sequences	14261195
20261008-155257-b74c0f2-6d43-n16-r2	2	c100	sample	2	2-SRR5935817	bases	2665696979
20261008-155257-b74c0f2-6d43-n16-r2	2	c100	sample	2	2-SRR5935817	classified	13980324
20261008-155257-b74c0f2-6d43-n16-r2	2	c100	sample	2	2-SRR5935817	place	lpt
20261008-155257-b74c0f2-6d43-n16-r2	2	c100	sample	2	2-SRR5935817	weight	14261195
20261008-155257-b74c0f2-6d43-n16-r2	2	c100	sample	2	2-SRR5935820	mode	parallel
20261008-155257-b74c0f2-6d43-n16-r2	2	c100	sample	2	2-SRR5935820	s3client	sdk
20261008-155257-b74c0f2-6d43-n16-r2	2	c100	sample	2	2-SRR5935820	rank	2
20261008-155257-b74c0f2-6d43-n16-r2	2	c100	sample	2	2-SRR5935820	role	home
20261008-155257-b74c0f2-6d43-n16-r2	2	c100	sample	2	2-SRR5935820	inflight	1
20261008-155257-b74c0f2-6d43-n16-r2	2	c100	sample	2	2-SRR5935820	threads	16
20261008-155257-b74c0f2-6d43-n16-r2	2	c100	sample	2	2-SRR5935820	start_s	151.695789
20261008-155257-b74c0f2-6d43-n16-r2	2	c100	sample	2	2-SRR5935820	wall_s	5.913668
20261008-155257-b74c0f2-6d43-n16-r2	2	c100	sample	2	2-SRR5935820	setup_s	0.000032
20261008-155257-b74c0f2-6d43-n16-r2	2	c100	sample	2	2-SRR5935820	classify_s	5.535763
20261008-155257-b74c0f2-6d43-n16-r2	2	c100	sample	2	2-SRR5935820	close_s	0.236310
20261008-155257-b74c0f2-6d43-n16-r2	2	c100	sample	2	2-SRR5935820	report_s	0.130152
20261008-155257-b74c0f2-6d43-n16-r2	2	c100	sample	2	2-SRR5935820	status	0
20261008-155257-b74c0f2-6d43-n16-r2	2	c100	sample	2	2-SRR5935820	sequences	12062510
20261008-155257-b74c0f2-6d43-n16-r2	2	c100	sample	2	2-SRR5935820	bases	2207297835
20261008-155257-b74c0f2-6d43-n16-r2	2	c100	sample	2	2-SRR5935820	classified	10926608
20261008-155257-b74c0f2-6d43-n16-r2	2	c100	sample	2	2-SRR5935820	place	lpt
20261008-155257-b74c0f2-6d43-n16-r2	2	c100	sample	2	2-SRR5935820	weight	12062510
20261008-155257-b74c0f2-6d43-n16-r2	2	c100	sample	2	2-SRR5935745	mode	parallel
20261008-155257-b74c0f2-6d43-n16-r2	2	c100	sample	2	2-SRR5935745	s3client	sdk
20261008-155257-b74c0f2-6d43-n16-r2	2	c100	sample	2	2-SRR5935745	rank	2
20261008-155257-b74c0f2-6d43-n16-r2	2	c100	sample	2	2-SRR5935745	role	home
20261008-155257-b74c0f2-6d43-n16-r2	2	c100	sample	2	2-SRR5935745	inflight	1
20261008-155257-b74c0f2-6d43-n16-r2	2	c100	sample	2	2-SRR5935745	threads	16
20261008-155257-b74c0f2-6d43-n16-r2	2	c100	sample	2	2-SRR5935745	start_s	157.609473
20261008-155257-b74c0f2-6d43-n16-r2	2	c100	sample	2	2-SRR5935745	wall_s	5.394280
20261008-155257-b74c0f2-6d43-n16-r2	2	c100	sample	2	2-SRR5935745	setup_s	0.000031
20261008-155257-b74c0f2-6d43-n16-r2	2	c100	sample	2	2-SRR5935745	classify_s	5.031018
20261008-155257-b74c0f2-6d43-n16-r2	2	c100	sample	2	2-SRR5935745	close_s	0.211822
20261008-155257-b74c0f2-6d43-n16-r2	2	c100	sample	2	2-SRR5935745	report_s	0.142921
20261008-155257-b74c0f2-6d43-n16-r2	2	c100	sample	2	2-SRR5935745	status	0
20261008-155257-b74c0f2-6d43-n16-r2	2	c100	sample	2	2-SRR5935745	sequences	10492437
20261008-155257-b74c0f2-6d43-n16-r2	2	c100	sample	2	2-SRR5935745	bases	1984140901
20261008-155257-b74c0f2-6d43-n16-r2	2	c100	sample	2	2-SRR5935745	classified	9889429
20261008-155257-b74c0f2-6d43-n16-r2	2	c100	sample	2	2-SRR5935745	place	lpt
20261008-155257-b74c0f2-6d43-n16-r2	2	c100	sample	2	2-SRR5935745	weight	10492437
20261008-155257-b74c0f2-6d43-n16-r2	2	c100	engine.mem			t_s	165.0
20261008-155257-b74c0f2-6d43-n16-r2	2	c100	engine.mem			rss_kib	78272684
20261008-155257-b74c0f2-6d43-n16-r2	2	c100	engine.mem			hwm_kib	79525836
20261008-155257-b74c0f2-6d43-n16-r2	2	c100	engine.mem			heap_inuse	4894179328
20261008-155257-b74c0f2-6d43-n16-r2	2	c100	engine.mem			sys	7195435304
20261008-155257-b74c0f2-6d43-n16-r2	2	c100	engine.mem			avail_kib	16364884
20261008-155257-b74c0f2-6d43-n16-r2	2	c100	sample	2	2-SRR5935828	mode	parallel
20261008-155257-b74c0f2-6d43-n16-r2	2	c100	sample	2	2-SRR5935828	s3client	sdk
20261008-155257-b74c0f2-6d43-n16-r2	2	c100	sample	2	2-SRR5935828	rank	2
20261008-155257-b74c0f2-6d43-n16-r2	2	c100	sample	2	2-SRR5935828	role	home
20261008-155257-b74c0f2-6d43-n16-r2	2	c100	sample	2	2-SRR5935828	inflight	1
20261008-155257-b74c0f2-6d43-n16-r2	2	c100	sample	2	2-SRR5935828	threads	16
20261008-155257-b74c0f2-6d43-n16-r2	2	c100	sample	2	2-SRR5935828	start_s	163.003768
20261008-155257-b74c0f2-6d43-n16-r2	2	c100	sample	2	2-SRR5935828	wall_s	4.229524
20261008-155257-b74c0f2-6d43-n16-r2	2	c100	sample	2	2-SRR5935828	setup_s	0.000039
20261008-155257-b74c0f2-6d43-n16-r2	2	c100	sample	2	2-SRR5935828	classify_s	3.883987
20261008-155257-b74c0f2-6d43-n16-r2	2	c100	sample	2	2-SRR5935828	close_s	0.224059
20261008-155257-b74c0f2-6d43-n16-r2	2	c100	sample	2	2-SRR5935828	report_s	0.115961
20261008-155257-b74c0f2-6d43-n16-r2	2	c100	sample	2	2-SRR5935828	status	0
20261008-155257-b74c0f2-6d43-n16-r2	2	c100	sample	2	2-SRR5935828	sequences	8326050
20261008-155257-b74c0f2-6d43-n16-r2	2	c100	sample	2	2-SRR5935828	bases	1540092338
20261008-155257-b74c0f2-6d43-n16-r2	2	c100	sample	2	2-SRR5935828	classified	8094378
20261008-155257-b74c0f2-6d43-n16-r2	2	c100	sample	2	2-SRR5935828	place	lpt
20261008-155257-b74c0f2-6d43-n16-r2	2	c100	sample	2	2-SRR5935828	weight	8326050
20261008-155257-b74c0f2-6d43-n16-r2	2	c100	sample	2	2-SRR5935814	mode	parallel
20261008-155257-b74c0f2-6d43-n16-r2	2	c100	sample	2	2-SRR5935814	s3client	sdk
20261008-155257-b74c0f2-6d43-n16-r2	2	c100	sample	2	2-SRR5935814	rank	2
20261008-155257-b74c0f2-6d43-n16-r2	2	c100	sample	2	2-SRR5935814	role	home
20261008-155257-b74c0f2-6d43-n16-r2	2	c100	sample	2	2-SRR5935814	inflight	1
20261008-155257-b74c0f2-6d43-n16-r2	2	c100	sample	2	2-SRR5935814	threads	16
20261008-155257-b74c0f2-6d43-n16-r2	2	c100	sample	2	2-SRR5935814	start_s	167.233304
20261008-155257-b74c0f2-6d43-n16-r2	2	c100	sample	2	2-SRR5935814	wall_s	2.941080
20261008-155257-b74c0f2-6d43-n16-r2	2	c100	sample	2	2-SRR5935814	setup_s	0.000040
20261008-155257-b74c0f2-6d43-n16-r2	2	c100	sample	2	2-SRR5935814	classify_s	2.441774
20261008-155257-b74c0f2-6d43-n16-r2	2	c100	sample	2	2-SRR5935814	close_s	0.312563
20261008-155257-b74c0f2-6d43-n16-r2	2	c100	sample	2	2-SRR5935814	report_s	0.183000
20261008-155257-b74c0f2-6d43-n16-r2	2	c100	sample	2	2-SRR5935814	status	0
20261008-155257-b74c0f2-6d43-n16-r2	2	c100	sample	2	2-SRR5935814	sequences	5072545
20261008-155257-b74c0f2-6d43-n16-r2	2	c100	sample	2	2-SRR5935814	bases	950400325
20261008-155257-b74c0f2-6d43-n16-r2	2	c100	sample	2	2-SRR5935814	classified	4982177
20261008-155257-b74c0f2-6d43-n16-r2	2	c100	sample	2	2-SRR5935814	place	lpt
20261008-155257-b74c0f2-6d43-n16-r2	2	c100	sample	2	2-SRR5935814	weight	5072545
20261008-155257-b74c0f2-6d43-n16-r2	2	c100	phase			batch-barrier-2	2.446058
20261008-155257-b74c0f2-6d43-n16-r2	2	c100	phase			batch-barrier-2.start_s	170.174397
20261008-155257-b74c0f2-6d43-n16-r2	2	c100	phase			barrier	0.006141
20261008-155257-b74c0f2-6d43-n16-r2	2	c100	phase			barrier.start_s	178.525951
20261008-155257-b74c0f2-6d43-n16-r2	2	c100	sample	3	3-SRR5935740	mode	striped
20261008-155257-b74c0f2-6d43-n16-r2	2	c100	sample	3	3-SRR5935740	s3client	sdk
20261008-155257-b74c0f2-6d43-n16-r2	2	c100	sample	3	3-SRR5935740	rank	2
20261008-155257-b74c0f2-6d43-n16-r2	2	c100	sample	3	3-SRR5935740	role	peer
20261008-155257-b74c0f2-6d43-n16-r2	2	c100	sample	3	3-SRR5935740	inflight	1
20261008-155257-b74c0f2-6d43-n16-r2	2	c100	sample	3	3-SRR5935740	threads	16
20261008-155257-b74c0f2-6d43-n16-r2	2	c100	sample	3	3-SRR5935740	start_s	173.048298
20261008-155257-b74c0f2-6d43-n16-r2	2	c100	sample	3	3-SRR5935740	wall_s	5.483829
20261008-155257-b74c0f2-6d43-n16-r2	2	c100	sample	3	3-SRR5935740	setup_s	0.000031
20261008-155257-b74c0f2-6d43-n16-r2	2	c100	sample	3	3-SRR5935740	classify_s	5.474513
20261008-155257-b74c0f2-6d43-n16-r2	2	c100	sample	3	3-SRR5935740	close_s	0.000000
20261008-155257-b74c0f2-6d43-n16-r2	2	c100	sample	3	3-SRR5935740	report_s	0.000000
20261008-155257-b74c0f2-6d43-n16-r2	2	c100	sample	3	3-SRR5935740	status	0
20261008-155257-b74c0f2-6d43-n16-r2	2	c100	sample	3	3-SRR5935740	sequences	0
20261008-155257-b74c0f2-6d43-n16-r2	2	c100	sample	3	3-SRR5935740	bases	0
20261008-155257-b74c0f2-6d43-n16-r2	2	c100	sample	3	3-SRR5935740	classified	0
20261008-155257-b74c0f2-6d43-n16-r2	2	c100	sample	3	3-SRR5935740	place	-
20261008-155257-b74c0f2-6d43-n16-r2	2	c100	sample	3	3-SRR5935740	weight	-
20261008-155257-b74c0f2-6d43-n16-r2	2	c100	phase			batch-barrier-3	0.622353
20261008-155257-b74c0f2-6d43-n16-r2	2	c100	phase			batch-barrier-3.start_s	178.532133
20261008-155257-b74c0f2-6d43-n16-r2	2	c100	engine.mem			t_s	180.0
20261008-155257-b74c0f2-6d43-n16-r2	2	c100	engine.mem			rss_kib	76537004
20261008-155257-b74c0f2-6d43-n16-r2	2	c100	engine.mem			hwm_kib	79525836
20261008-155257-b74c0f2-6d43-n16-r2	2	c100	engine.mem			heap_inuse	3280805888
20261008-155257-b74c0f2-6d43-n16-r2	2	c100	engine.mem			sys	7195697448
20261008-155257-b74c0f2-6d43-n16-r2	2	c100	engine.mem			avail_kib	18157128
20261008-155257-b74c0f2-6d43-n16-r2	2	c100	phase			barrier	0.085159
20261008-155257-b74c0f2-6d43-n16-r2	2	c100	phase			barrier.start_s	184.634424
20261008-155257-b74c0f2-6d43-n16-r2	2	c100	sample	4	4-SRR5935740	mode	striped
20261008-155257-b74c0f2-6d43-n16-r2	2	c100	sample	4	4-SRR5935740	s3client	sdk
20261008-155257-b74c0f2-6d43-n16-r2	2	c100	sample	4	4-SRR5935740	rank	2
20261008-155257-b74c0f2-6d43-n16-r2	2	c100	sample	4	4-SRR5935740	role	peer
20261008-155257-b74c0f2-6d43-n16-r2	2	c100	sample	4	4-SRR5935740	inflight	1
20261008-155257-b74c0f2-6d43-n16-r2	2	c100	sample	4	4-SRR5935740	threads	16
20261008-155257-b74c0f2-6d43-n16-r2	2	c100	sample	4	4-SRR5935740	start_s	179.895169
20261008-155257-b74c0f2-6d43-n16-r2	2	c100	sample	4	4-SRR5935740	wall_s	4.824449
20261008-155257-b74c0f2-6d43-n16-r2	2	c100	sample	4	4-SRR5935740	setup_s	0.000030
20261008-155257-b74c0f2-6d43-n16-r2	2	c100	sample	4	4-SRR5935740	classify_s	4.736047
20261008-155257-b74c0f2-6d43-n16-r2	2	c100	sample	4	4-SRR5935740	close_s	0.000000
20261008-155257-b74c0f2-6d43-n16-r2	2	c100	sample	4	4-SRR5935740	report_s	0.000000
20261008-155257-b74c0f2-6d43-n16-r2	2	c100	sample	4	4-SRR5935740	status	0
20261008-155257-b74c0f2-6d43-n16-r2	2	c100	sample	4	4-SRR5935740	sequences	0
20261008-155257-b74c0f2-6d43-n16-r2	2	c100	sample	4	4-SRR5935740	bases	0
20261008-155257-b74c0f2-6d43-n16-r2	2	c100	sample	4	4-SRR5935740	classified	0
20261008-155257-b74c0f2-6d43-n16-r2	2	c100	sample	4	4-SRR5935740	place	-
20261008-155257-b74c0f2-6d43-n16-r2	2	c100	sample	4	4-SRR5935740	weight	-
20261008-155257-b74c0f2-6d43-n16-r2	2	c100	phase			batch-barrier-4	0.525400
20261008-155257-b74c0f2-6d43-n16-r2	2	c100	phase			batch-barrier-4.start_s	184.719625
20261008-155257-b74c0f2-6d43-n16-r2	2	c100	phase			barrier	0.020602
20261008-155257-b74c0f2-6d43-n16-r2	2	c100	phase			barrier.start_s	190.730735
20261008-155257-b74c0f2-6d43-n16-r2	2	c100	sample	5	5-SRR5935740	mode	striped
20261008-155257-b74c0f2-6d43-n16-r2	2	c100	sample	5	5-SRR5935740	s3client	sdk
20261008-155257-b74c0f2-6d43-n16-r2	2	c100	sample	5	5-SRR5935740	rank	2
20261008-155257-b74c0f2-6d43-n16-r2	2	c100	sample	5	5-SRR5935740	role	peer
20261008-155257-b74c0f2-6d43-n16-r2	2	c100	sample	5	5-SRR5935740	inflight	1
20261008-155257-b74c0f2-6d43-n16-r2	2	c100	sample	5	5-SRR5935740	threads	16
20261008-155257-b74c0f2-6d43-n16-r2	2	c100	sample	5	5-SRR5935740	start_s	185.994717
20261008-155257-b74c0f2-6d43-n16-r2	2	c100	sample	5	5-SRR5935740	wall_s	4.756651
20261008-155257-b74c0f2-6d43-n16-r2	2	c100	sample	5	5-SRR5935740	setup_s	0.000030
20261008-155257-b74c0f2-6d43-n16-r2	2	c100	sample	5	5-SRR5935740	classify_s	4.732940
20261008-155257-b74c0f2-6d43-n16-r2	2	c100	sample	5	5-SRR5935740	close_s	0.000000
20261008-155257-b74c0f2-6d43-n16-r2	2	c100	sample	5	5-SRR5935740	report_s	0.000000
20261008-155257-b74c0f2-6d43-n16-r2	2	c100	sample	5	5-SRR5935740	status	0
20261008-155257-b74c0f2-6d43-n16-r2	2	c100	sample	5	5-SRR5935740	sequences	0
20261008-155257-b74c0f2-6d43-n16-r2	2	c100	sample	5	5-SRR5935740	bases	0
20261008-155257-b74c0f2-6d43-n16-r2	2	c100	sample	5	5-SRR5935740	classified	0
20261008-155257-b74c0f2-6d43-n16-r2	2	c100	sample	5	5-SRR5935740	place	-
20261008-155257-b74c0f2-6d43-n16-r2	2	c100	sample	5	5-SRR5935740	weight	-
20261008-155257-b74c0f2-6d43-n16-r2	2	c100	phase			batch-barrier-5	0.504539
20261008-155257-b74c0f2-6d43-n16-r2	2	c100	phase			batch-barrier-5.start_s	190.751375
20261008-155257-b74c0f2-6d43-n16-r2	2	c100	engine.mem			t_s	195.0
20261008-155257-b74c0f2-6d43-n16-r2	2	c100	engine.mem			rss_kib	76484360
20261008-155257-b74c0f2-6d43-n16-r2	2	c100	engine.mem			hwm_kib	79525836
20261008-155257-b74c0f2-6d43-n16-r2	2	c100	engine.mem			heap_inuse	3272482816
20261008-155257-b74c0f2-6d43-n16-r2	2	c100	engine.mem			sys	7195959592
20261008-155257-b74c0f2-6d43-n16-r2	2	c100	engine.mem			avail_kib	18307184
20261008-155257-b74c0f2-6d43-n16-r2	2	c100	phase			batch-barrier-6	6.115635
20261008-155257-b74c0f2-6d43-n16-r2	2	c100	phase			batch-barrier-6.start_s	191.255931
20261008-155257-b74c0f2-6d43-n16-r2	2	c100	phase			batch-barrier-7	5.099494
20261008-155257-b74c0f2-6d43-n16-r2	2	c100	phase			batch-barrier-7.start_s	197.371580
20261008-155257-b74c0f2-6d43-n16-r2	2	c100	phase			batch-barrier-8	6.172732
20261008-155257-b74c0f2-6d43-n16-r2	2	c100	phase			batch-barrier-8.start_s	202.471090
20261008-155257-b74c0f2-6d43-n16-r2	2	c100	engine.shard			index	0
20261008-155257-b74c0f2-6d43-n16-r2	2	c100	engine.shard			n	16
20261008-155257-b74c0f2-6d43-n16-r2	2	c100	engine.shard			lo	37159114742
20261008-155257-b74c0f2-6d43-n16-r2	2	c100	engine.shard			hi	55738672114
20261008-155257-b74c0f2-6d43-n16-r2	2	c100	engine.shard			tail	302
20261008-155257-b74c0f2-6d43-n16-r2	2	c100	engine.shard			full	false
20261008-155257-b74c0f2-6d43-n16-r2	2	c100	engine.shard			empty_at	18579557378
20261008-155257-b74c0f2-6d43-n16-r2	2	c100	engine.shard			keys	8492407860
20261008-155257-b74c0f2-6d43-n16-r2	2	c100	engine.shard			batches	89910
20261008-155257-b74c0f2-6d43-n16-r2	2	c100	engine.shard			probe_s	163.095485
20261008-155257-b74c0f2-6d43-n16-r2	2	c100	engine.shard			tail_probes	0
20261008-155257-b74c0f2-6d43-n16-r2	2	c100	engine.shard			wrap_probes	0
20261008-155257-b74c0f2-6d43-n16-r2	2	c100	engine.mem			t_s	208.6
20261008-155257-b74c0f2-6d43-n16-r2	2	c100	engine.mem			rss_kib	76484236
20261008-155257-b74c0f2-6d43-n16-r2	2	c100	engine.mem			hwm_kib	79525836
20261008-155257-b74c0f2-6d43-n16-r2	2	c100	engine.mem			heap_inuse	3274670080
20261008-155257-b74c0f2-6d43-n16-r2	2	c100	engine.mem			sys	7195959592
20261008-155257-b74c0f2-6d43-n16-r2	2	c100	engine.mem			avail_kib	18588208
20261008-155257-b74c0f2-6d43-n16-r2	2	c100	engine.rendezvous			puts	13
20261008-155257-b74c0f2-6d43-n16-r2	2	c100	engine.rendezvous			gets	480
20261008-155257-b74c0f2-6d43-n16-r2	2	c100	engine.s3			client	sdk
20261008-155257-b74c0f2-6d43-n16-r2	2	c100	engine.s3			put	32
20261008-155257-b74c0f2-6d43-n16-r2	2	c100	engine.s3			get	480
20261008-155257-b74c0f2-6d43-n16-r2	2	c100	engine.s3			create_multipart	19
20261008-155257-b74c0f2-6d43-n16-r2	2	c100	engine.s3			upload_part	2345
20261008-155257-b74c0f2-6d43-n16-r2	2	c100	engine.s3			complete_multipart	19
20261008-155257-b74c0f2-6d43-n16-r2	2	c100	engine.s3			abort_multipart	0
20261008-155257-b74c0f2-6d43-n16-r2	2	c100	engine.s3			part_bytes	19562523091
20261008-155257-b74c0f2-6d43-n16-r2	2	c100	engine.s3			client	cli
20261008-155257-b74c0f2-6d43-n16-r2	2	c100	engine.s3			put	0
20261008-155257-b74c0f2-6d43-n16-r2	2	c100	engine.s3			get	0
20261008-155257-b74c0f2-6d43-n16-r2	2	c100	engine.s3			create_multipart	0
20261008-155257-b74c0f2-6d43-n16-r2	2	c100	engine.s3			upload_part	0
20261008-155257-b74c0f2-6d43-n16-r2	2	c100	engine.s3			complete_multipart	0
20261008-155257-b74c0f2-6d43-n16-r2	2	c100	engine.s3			abort_multipart	0
20261008-155257-b74c0f2-6d43-n16-r2	2	c100	engine.s3			part_bytes	0
20261008-155257-b74c0f2-6d43-n16-r2	2	c100	engine.load			seconds	24.780360
20261008-155257-b74c0f2-6d43-n16-r2	2	c100	engine.load			requests	1126
20261008-155257-b74c0f2-6d43-n16-r2	2	c100	engine.load			retries	0
20261008-155257-b74c0f2-6d43-n16-r2	2	c100	engine.load			bytes	74318296296
20261008-155257-b74c0f2-6d43-n16-r2	2	c100	engine.route			transport	nodes
20261008-155257-b74c0f2-6d43-n16-r2	2	c100	engine.route			calls	5966
20261008-155257-b74c0f2-6d43-n16-r2	2	c100	engine.route			keys	8986478366
20261008-155257-b74c0f2-6d43-n16-r2	2	c100	engine.route			batches	95456
20261008-155257-b74c0f2-6d43-n16-r2	2	c100	engine.route			route_s	60.059705
20261008-155257-b74c0f2-6d43-n16-r2	2	c100	engine.route			wait_s	43.240904
20261008-155257-b74c0f2-6d43-n16-r2	2	c100	engine.route			gather_s	13.128363
20261008-155257-b74c0f2-6d43-n16-r2	2	c100	engine.worker			scan_s	453.164832
20261008-155257-b74c0f2-6d43-n16-r2	2	c100	engine.worker			lookup_s	116.430881
20261008-155257-b74c0f2-6d43-n16-r2	2	c100	engine.worker			classify_s	386.930686
20261008-155257-b74c0f2-6d43-n16-r2	2	c100	phase			total	208.750193
20261008-155257-b74c0f2-6d43-n16-r2	2	c100	phase			total.start_s	0.000001
20261008-155257-b74c0f2-6d43-n16-r3	3	c100	phase			taxo	0.076772
20261008-155257-b74c0f2-6d43-n16-r3	3	c100	phase			taxo.start_s	0.002982
20261008-155257-b74c0f2-6d43-n16-r3	3	c100	engine.mem			t_s	15.0
20261008-155257-b74c0f2-6d43-n16-r3	3	c100	engine.mem			rss_kib	41998272
20261008-155257-b74c0f2-6d43-n16-r3	3	c100	engine.mem			hwm_kib	41998280
20261008-155257-b74c0f2-6d43-n16-r3	3	c100	engine.mem			heap_inuse	403496960
20261008-155257-b74c0f2-6d43-n16-r3	3	c100	engine.mem			sys	437893480
20261008-155257-b74c0f2-6d43-n16-r3	3	c100	engine.mem			avail_kib	52803500
20261008-155257-b74c0f2-6d43-n16-r3	3	c100	phase			shard-load-3	26.333702
20261008-155257-b74c0f2-6d43-n16-r3	3	c100	phase			shard-load-3.start_s	0.144384
20261008-155257-b74c0f2-6d43-n16-r3	3	c100	engine.mem			t_s	30.0
20261008-155257-b74c0f2-6d43-n16-r3	3	c100	engine.mem			rss_kib	72977088
20261008-155257-b74c0f2-6d43-n16-r3	3	c100	engine.mem			hwm_kib	72977092
20261008-155257-b74c0f2-6d43-n16-r3	3	c100	engine.mem			heap_inuse	409092096
20261008-155257-b74c0f2-6d43-n16-r3	3	c100	engine.mem			sys	438155624
20261008-155257-b74c0f2-6d43-n16-r3	3	c100	engine.mem			avail_kib	21896420
20261008-155257-b74c0f2-6d43-n16-r3	3	c100	engine.mem			t_s	45.0
20261008-155257-b74c0f2-6d43-n16-r3	3	c100	engine.mem			rss_kib	72978816
20261008-155257-b74c0f2-6d43-n16-r3	3	c100	engine.mem			hwm_kib	72978820
20261008-155257-b74c0f2-6d43-n16-r3	3	c100	engine.mem			heap_inuse	411377664
20261008-155257-b74c0f2-6d43-n16-r3	3	c100	engine.mem			sys	442349928
20261008-155257-b74c0f2-6d43-n16-r3	3	c100	engine.mem			avail_kib	22191452
20261008-155257-b74c0f2-6d43-n16-r3	3	c100	phase			rendezvous	19.424876
20261008-155257-b74c0f2-6d43-n16-r3	3	c100	phase			rendezvous.start_s	26.954084
20261008-155257-b74c0f2-6d43-n16-r3	3	c100	phase			connect	0.013491
20261008-155257-b74c0f2-6d43-n16-r3	3	c100	phase			connect.start_s	46.378972
20261008-155257-b74c0f2-6d43-n16-r3	3	c100	phase			hash	46.312704
20261008-155257-b74c0f2-6d43-n16-r3	3	c100	phase			hash.start_s	0.079770
20261008-155257-b74c0f2-6d43-n16-r3	3	c100	sample	0	0-SRR5935749	mode	parallel
20261008-155257-b74c0f2-6d43-n16-r3	3	c100	sample	0	0-SRR5935749	s3client	sdk
20261008-155257-b74c0f2-6d43-n16-r3	3	c100	sample	0	0-SRR5935749	rank	3
20261008-155257-b74c0f2-6d43-n16-r3	3	c100	sample	0	0-SRR5935749	role	home
20261008-155257-b74c0f2-6d43-n16-r3	3	c100	sample	0	0-SRR5935749	inflight	1
20261008-155257-b74c0f2-6d43-n16-r3	3	c100	sample	0	0-SRR5935749	threads	16
20261008-155257-b74c0f2-6d43-n16-r3	3	c100	sample	0	0-SRR5935749	start_s	46.392506
20261008-155257-b74c0f2-6d43-n16-r3	3	c100	sample	0	0-SRR5935749	wall_s	8.959419
20261008-155257-b74c0f2-6d43-n16-r3	3	c100	sample	0	0-SRR5935749	setup_s	0.000030
20261008-155257-b74c0f2-6d43-n16-r3	3	c100	sample	0	0-SRR5935749	classify_s	8.551655
20261008-155257-b74c0f2-6d43-n16-r3	3	c100	sample	0	0-SRR5935749	close_s	0.270443
20261008-155257-b74c0f2-6d43-n16-r3	3	c100	sample	0	0-SRR5935749	report_s	0.131907
20261008-155257-b74c0f2-6d43-n16-r3	3	c100	sample	0	0-SRR5935749	status	0
20261008-155257-b74c0f2-6d43-n16-r3	3	c100	sample	0	0-SRR5935749	sequences	18879904
20261008-155257-b74c0f2-6d43-n16-r3	3	c100	sample	0	0-SRR5935749	bases	3539135454
20261008-155257-b74c0f2-6d43-n16-r3	3	c100	sample	0	0-SRR5935749	classified	18627146
20261008-155257-b74c0f2-6d43-n16-r3	3	c100	sample	0	0-SRR5935749	place	lpt
20261008-155257-b74c0f2-6d43-n16-r3	3	c100	sample	0	0-SRR5935749	weight	18879904
20261008-155257-b74c0f2-6d43-n16-r3	3	c100	engine.mem			t_s	60.0
20261008-155257-b74c0f2-6d43-n16-r3	3	c100	engine.mem			rss_kib	78942780
20261008-155257-b74c0f2-6d43-n16-r3	3	c100	engine.mem			hwm_kib	79113744
20261008-155257-b74c0f2-6d43-n16-r3	3	c100	engine.mem			heap_inuse	3860439040
20261008-155257-b74c0f2-6d43-n16-r3	3	c100	engine.mem			sys	6809096392
20261008-155257-b74c0f2-6d43-n16-r3	3	c100	engine.mem			avail_kib	16292620
20261008-155257-b74c0f2-6d43-n16-r3	3	c100	sample	0	0-SRR5935752	mode	parallel
20261008-155257-b74c0f2-6d43-n16-r3	3	c100	sample	0	0-SRR5935752	s3client	sdk
20261008-155257-b74c0f2-6d43-n16-r3	3	c100	sample	0	0-SRR5935752	rank	3
20261008-155257-b74c0f2-6d43-n16-r3	3	c100	sample	0	0-SRR5935752	role	home
20261008-155257-b74c0f2-6d43-n16-r3	3	c100	sample	0	0-SRR5935752	inflight	1
20261008-155257-b74c0f2-6d43-n16-r3	3	c100	sample	0	0-SRR5935752	threads	16
20261008-155257-b74c0f2-6d43-n16-r3	3	c100	sample	0	0-SRR5935752	start_s	55.351937
20261008-155257-b74c0f2-6d43-n16-r3	3	c100	sample	0	0-SRR5935752	wall_s	7.037536
20261008-155257-b74c0f2-6d43-n16-r3	3	c100	sample	0	0-SRR5935752	setup_s	0.000037
20261008-155257-b74c0f2-6d43-n16-r3	3	c100	sample	0	0-SRR5935752	classify_s	6.661403
20261008-155257-b74c0f2-6d43-n16-r3	3	c100	sample	0	0-SRR5935752	close_s	0.278641
20261008-155257-b74c0f2-6d43-n16-r3	3	c100	sample	0	0-SRR5935752	report_s	0.094553
20261008-155257-b74c0f2-6d43-n16-r3	3	c100	sample	0	0-SRR5935752	status	0
20261008-155257-b74c0f2-6d43-n16-r3	3	c100	sample	0	0-SRR5935752	sequences	14298074
20261008-155257-b74c0f2-6d43-n16-r3	3	c100	sample	0	0-SRR5935752	bases	2663280360
20261008-155257-b74c0f2-6d43-n16-r3	3	c100	sample	0	0-SRR5935752	classified	14234512
20261008-155257-b74c0f2-6d43-n16-r3	3	c100	sample	0	0-SRR5935752	place	lpt
20261008-155257-b74c0f2-6d43-n16-r3	3	c100	sample	0	0-SRR5935752	weight	14298074
20261008-155257-b74c0f2-6d43-n16-r3	3	c100	sample	0	0-SRR5935816	mode	parallel
20261008-155257-b74c0f2-6d43-n16-r3	3	c100	sample	0	0-SRR5935816	s3client	sdk
20261008-155257-b74c0f2-6d43-n16-r3	3	c100	sample	0	0-SRR5935816	rank	3
20261008-155257-b74c0f2-6d43-n16-r3	3	c100	sample	0	0-SRR5935816	role	home
20261008-155257-b74c0f2-6d43-n16-r3	3	c100	sample	0	0-SRR5935816	inflight	1
20261008-155257-b74c0f2-6d43-n16-r3	3	c100	sample	0	0-SRR5935816	threads	16
20261008-155257-b74c0f2-6d43-n16-r3	3	c100	sample	0	0-SRR5935816	start_s	62.389489
20261008-155257-b74c0f2-6d43-n16-r3	3	c100	sample	0	0-SRR5935816	wall_s	6.228034
20261008-155257-b74c0f2-6d43-n16-r3	3	c100	sample	0	0-SRR5935816	setup_s	0.000035
20261008-155257-b74c0f2-6d43-n16-r3	3	c100	sample	0	0-SRR5935816	classify_s	5.805773
20261008-155257-b74c0f2-6d43-n16-r3	3	c100	sample	0	0-SRR5935816	close_s	0.259816
20261008-155257-b74c0f2-6d43-n16-r3	3	c100	sample	0	0-SRR5935816	report_s	0.157477
20261008-155257-b74c0f2-6d43-n16-r3	3	c100	sample	0	0-SRR5935816	status	0
20261008-155257-b74c0f2-6d43-n16-r3	3	c100	sample	0	0-SRR5935816	sequences	12244248
20261008-155257-b74c0f2-6d43-n16-r3	3	c100	sample	0	0-SRR5935816	bases	2292238030
20261008-155257-b74c0f2-6d43-n16-r3	3	c100	sample	0	0-SRR5935816	classified	11933067
20261008-155257-b74c0f2-6d43-n16-r3	3	c100	sample	0	0-SRR5935816	place	lpt
20261008-155257-b74c0f2-6d43-n16-r3	3	c100	sample	0	0-SRR5935816	weight	12244248
20261008-155257-b74c0f2-6d43-n16-r3	3	c100	sample	0	0-SRR5935778	mode	parallel
20261008-155257-b74c0f2-6d43-n16-r3	3	c100	sample	0	0-SRR5935778	s3client	sdk
20261008-155257-b74c0f2-6d43-n16-r3	3	c100	sample	0	0-SRR5935778	rank	3
20261008-155257-b74c0f2-6d43-n16-r3	3	c100	sample	0	0-SRR5935778	role	home
20261008-155257-b74c0f2-6d43-n16-r3	3	c100	sample	0	0-SRR5935778	inflight	1
20261008-155257-b74c0f2-6d43-n16-r3	3	c100	sample	0	0-SRR5935778	threads	16
20261008-155257-b74c0f2-6d43-n16-r3	3	c100	sample	0	0-SRR5935778	start_s	68.617536
20261008-155257-b74c0f2-6d43-n16-r3	3	c100	sample	0	0-SRR5935778	wall_s	5.498429
20261008-155257-b74c0f2-6d43-n16-r3	3	c100	sample	0	0-SRR5935778	setup_s	0.000035
20261008-155257-b74c0f2-6d43-n16-r3	3	c100	sample	0	0-SRR5935778	classify_s	5.154978
20261008-155257-b74c0f2-6d43-n16-r3	3	c100	sample	0	0-SRR5935778	close_s	0.214478
20261008-155257-b74c0f2-6d43-n16-r3	3	c100	sample	0	0-SRR5935778	report_s	0.120646
20261008-155257-b74c0f2-6d43-n16-r3	3	c100	sample	0	0-SRR5935778	status	0
20261008-155257-b74c0f2-6d43-n16-r3	3	c100	sample	0	0-SRR5935778	sequences	10554303
20261008-155257-b74c0f2-6d43-n16-r3	3	c100	sample	0	0-SRR5935778	bases	1946564732
20261008-155257-b74c0f2-6d43-n16-r3	3	c100	sample	0	0-SRR5935778	classified	10062971
20261008-155257-b74c0f2-6d43-n16-r3	3	c100	sample	0	0-SRR5935778	place	lpt
20261008-155257-b74c0f2-6d43-n16-r3	3	c100	sample	0	0-SRR5935778	weight	10554303
20261008-155257-b74c0f2-6d43-n16-r3	3	c100	engine.mem			t_s	75.0
20261008-155257-b74c0f2-6d43-n16-r3	3	c100	engine.mem			rss_kib	77604892
20261008-155257-b74c0f2-6d43-n16-r3	3	c100	engine.mem			hwm_kib	79113744
20261008-155257-b74c0f2-6d43-n16-r3	3	c100	engine.mem			heap_inuse	4810588160
20261008-155257-b74c0f2-6d43-n16-r3	3	c100	engine.mem			sys	6809120968
20261008-155257-b74c0f2-6d43-n16-r3	3	c100	engine.mem			avail_kib	16867352
20261008-155257-b74c0f2-6d43-n16-r3	3	c100	sample	0	0-SRR5935782	mode	parallel
20261008-155257-b74c0f2-6d43-n16-r3	3	c100	sample	0	0-SRR5935782	s3client	sdk
20261008-155257-b74c0f2-6d43-n16-r3	3	c100	sample	0	0-SRR5935782	rank	3
20261008-155257-b74c0f2-6d43-n16-r3	3	c100	sample	0	0-SRR5935782	role	home
20261008-155257-b74c0f2-6d43-n16-r3	3	c100	sample	0	0-SRR5935782	inflight	1
20261008-155257-b74c0f2-6d43-n16-r3	3	c100	sample	0	0-SRR5935782	threads	16
20261008-155257-b74c0f2-6d43-n16-r3	3	c100	sample	0	0-SRR5935782	start_s	74.115981
20261008-155257-b74c0f2-6d43-n16-r3	3	c100	sample	0	0-SRR5935782	wall_s	5.328018
20261008-155257-b74c0f2-6d43-n16-r3	3	c100	sample	0	0-SRR5935782	setup_s	0.000045
20261008-155257-b74c0f2-6d43-n16-r3	3	c100	sample	0	0-SRR5935782	classify_s	4.914899
20261008-155257-b74c0f2-6d43-n16-r3	3	c100	sample	0	0-SRR5935782	close_s	0.279900
20261008-155257-b74c0f2-6d43-n16-r3	3	c100	sample	0	0-SRR5935782	report_s	0.128794
20261008-155257-b74c0f2-6d43-n16-r3	3	c100	sample	0	0-SRR5935782	status	0
20261008-155257-b74c0f2-6d43-n16-r3	3	c100	sample	0	0-SRR5935782	sequences	10128070
20261008-155257-b74c0f2-6d43-n16-r3	3	c100	sample	0	0-SRR5935782	bases	1876810820
20261008-155257-b74c0f2-6d43-n16-r3	3	c100	sample	0	0-SRR5935782	classified	9942775
20261008-155257-b74c0f2-6d43-n16-r3	3	c100	sample	0	0-SRR5935782	place	lpt
20261008-155257-b74c0f2-6d43-n16-r3	3	c100	sample	0	0-SRR5935782	weight	10128070
20261008-155257-b74c0f2-6d43-n16-r3	3	c100	sample	0	0-SRR5935789	mode	parallel
20261008-155257-b74c0f2-6d43-n16-r3	3	c100	sample	0	0-SRR5935789	s3client	sdk
20261008-155257-b74c0f2-6d43-n16-r3	3	c100	sample	0	0-SRR5935789	rank	3
20261008-155257-b74c0f2-6d43-n16-r3	3	c100	sample	0	0-SRR5935789	role	home
20261008-155257-b74c0f2-6d43-n16-r3	3	c100	sample	0	0-SRR5935789	inflight	1
20261008-155257-b74c0f2-6d43-n16-r3	3	c100	sample	0	0-SRR5935789	threads	16
20261008-155257-b74c0f2-6d43-n16-r3	3	c100	sample	0	0-SRR5935789	start_s	79.444016
20261008-155257-b74c0f2-6d43-n16-r3	3	c100	sample	0	0-SRR5935789	wall_s	1.234984
20261008-155257-b74c0f2-6d43-n16-r3	3	c100	sample	0	0-SRR5935789	setup_s	0.000038
20261008-155257-b74c0f2-6d43-n16-r3	3	c100	sample	0	0-SRR5935789	classify_s	0.831109
20261008-155257-b74c0f2-6d43-n16-r3	3	c100	sample	0	0-SRR5935789	close_s	0.239177
20261008-155257-b74c0f2-6d43-n16-r3	3	c100	sample	0	0-SRR5935789	report_s	0.161083
20261008-155257-b74c0f2-6d43-n16-r3	3	c100	sample	0	0-SRR5935789	status	0
20261008-155257-b74c0f2-6d43-n16-r3	3	c100	sample	0	0-SRR5935789	sequences	1513694
20261008-155257-b74c0f2-6d43-n16-r3	3	c100	sample	0	0-SRR5935789	bases	270732465
20261008-155257-b74c0f2-6d43-n16-r3	3	c100	sample	0	0-SRR5935789	classified	1488159
20261008-155257-b74c0f2-6d43-n16-r3	3	c100	sample	0	0-SRR5935789	place	lpt
20261008-155257-b74c0f2-6d43-n16-r3	3	c100	sample	0	0-SRR5935789	weight	1513694
20261008-155257-b74c0f2-6d43-n16-r3	3	c100	sample	0	0-SRR5935835	mode	parallel
20261008-155257-b74c0f2-6d43-n16-r3	3	c100	sample	0	0-SRR5935835	s3client	sdk
20261008-155257-b74c0f2-6d43-n16-r3	3	c100	sample	0	0-SRR5935835	rank	3
20261008-155257-b74c0f2-6d43-n16-r3	3	c100	sample	0	0-SRR5935835	role	home
20261008-155257-b74c0f2-6d43-n16-r3	3	c100	sample	0	0-SRR5935835	inflight	1
20261008-155257-b74c0f2-6d43-n16-r3	3	c100	sample	0	0-SRR5935835	threads	16
20261008-155257-b74c0f2-6d43-n16-r3	3	c100	sample	0	0-SRR5935835	start_s	80.679015
20261008-155257-b74c0f2-6d43-n16-r3	3	c100	sample	0	0-SRR5935835	wall_s	1.218234
20261008-155257-b74c0f2-6d43-n16-r3	3	c100	sample	0	0-SRR5935835	setup_s	0.000036
20261008-155257-b74c0f2-6d43-n16-r3	3	c100	sample	0	0-SRR5935835	classify_s	0.785880
20261008-155257-b74c0f2-6d43-n16-r3	3	c100	sample	0	0-SRR5935835	close_s	0.220221
20261008-155257-b74c0f2-6d43-n16-r3	3	c100	sample	0	0-SRR5935835	report_s	0.210353
20261008-155257-b74c0f2-6d43-n16-r3	3	c100	sample	0	0-SRR5935835	status	0
20261008-155257-b74c0f2-6d43-n16-r3	3	c100	sample	0	0-SRR5935835	sequences	1341509
20261008-155257-b74c0f2-6d43-n16-r3	3	c100	sample	0	0-SRR5935835	bases	254993682
20261008-155257-b74c0f2-6d43-n16-r3	3	c100	sample	0	0-SRR5935835	classified	1320808
20261008-155257-b74c0f2-6d43-n16-r3	3	c100	sample	0	0-SRR5935835	place	lpt
20261008-155257-b74c0f2-6d43-n16-r3	3	c100	sample	0	0-SRR5935835	weight	1341509
20261008-155257-b74c0f2-6d43-n16-r3	3	c100	phase			batch-barrier-0	1.264016
20261008-155257-b74c0f2-6d43-n16-r3	3	c100	phase			batch-barrier-0.start_s	81.897261
20261008-155257-b74c0f2-6d43-n16-r3	3	c100	sample	1	1-SRR5935743	mode	parallel
20261008-155257-b74c0f2-6d43-n16-r3	3	c100	sample	1	1-SRR5935743	s3client	sdk
20261008-155257-b74c0f2-6d43-n16-r3	3	c100	sample	1	1-SRR5935743	rank	3
20261008-155257-b74c0f2-6d43-n16-r3	3	c100	sample	1	1-SRR5935743	role	home
20261008-155257-b74c0f2-6d43-n16-r3	3	c100	sample	1	1-SRR5935743	inflight	1
20261008-155257-b74c0f2-6d43-n16-r3	3	c100	sample	1	1-SRR5935743	threads	16
20261008-155257-b74c0f2-6d43-n16-r3	3	c100	sample	1	1-SRR5935743	start_s	83.161299
20261008-155257-b74c0f2-6d43-n16-r3	3	c100	sample	1	1-SRR5935743	wall_s	0.663895
20261008-155257-b74c0f2-6d43-n16-r3	3	c100	sample	1	1-SRR5935743	setup_s	0.000035
20261008-155257-b74c0f2-6d43-n16-r3	3	c100	sample	1	1-SRR5935743	classify_s	0.333543
20261008-155257-b74c0f2-6d43-n16-r3	3	c100	sample	1	1-SRR5935743	close_s	0.229951
20261008-155257-b74c0f2-6d43-n16-r3	3	c100	sample	1	1-SRR5935743	report_s	0.099764
20261008-155257-b74c0f2-6d43-n16-r3	3	c100	sample	1	1-SRR5935743	status	0
20261008-155257-b74c0f2-6d43-n16-r3	3	c100	sample	1	1-SRR5935743	sequences	201473
20261008-155257-b74c0f2-6d43-n16-r3	3	c100	sample	1	1-SRR5935743	bases	36745424
20261008-155257-b74c0f2-6d43-n16-r3	3	c100	sample	1	1-SRR5935743	classified	197603
20261008-155257-b74c0f2-6d43-n16-r3	3	c100	sample	1	1-SRR5935743	place	mod
20261008-155257-b74c0f2-6d43-n16-r3	3	c100	sample	1	1-SRR5935743	weight	201473
20261008-155257-b74c0f2-6d43-n16-r3	3	c100	engine.mem			t_s	90.0
20261008-155257-b74c0f2-6d43-n16-r3	3	c100	engine.mem			rss_kib	78711928
20261008-155257-b74c0f2-6d43-n16-r3	3	c100	engine.mem			hwm_kib	79113744
20261008-155257-b74c0f2-6d43-n16-r3	3	c100	engine.mem			heap_inuse	3313041408
20261008-155257-b74c0f2-6d43-n16-r3	3	c100	engine.mem			sys	6816665800
20261008-155257-b74c0f2-6d43-n16-r3	3	c100	engine.mem			avail_kib	16624496
20261008-155257-b74c0f2-6d43-n16-r3	3	c100	sample	1	1-SRR5935759	mode	parallel
20261008-155257-b74c0f2-6d43-n16-r3	3	c100	sample	1	1-SRR5935759	s3client	sdk
20261008-155257-b74c0f2-6d43-n16-r3	3	c100	sample	1	1-SRR5935759	rank	3
20261008-155257-b74c0f2-6d43-n16-r3	3	c100	sample	1	1-SRR5935759	role	home
20261008-155257-b74c0f2-6d43-n16-r3	3	c100	sample	1	1-SRR5935759	inflight	1
20261008-155257-b74c0f2-6d43-n16-r3	3	c100	sample	1	1-SRR5935759	threads	16
20261008-155257-b74c0f2-6d43-n16-r3	3	c100	sample	1	1-SRR5935759	start_s	83.825209
20261008-155257-b74c0f2-6d43-n16-r3	3	c100	sample	1	1-SRR5935759	wall_s	7.450657
20261008-155257-b74c0f2-6d43-n16-r3	3	c100	sample	1	1-SRR5935759	setup_s	0.000041
20261008-155257-b74c0f2-6d43-n16-r3	3	c100	sample	1	1-SRR5935759	classify_s	7.016870
20261008-155257-b74c0f2-6d43-n16-r3	3	c100	sample	1	1-SRR5935759	close_s	0.284235
20261008-155257-b74c0f2-6d43-n16-r3	3	c100	sample	1	1-SRR5935759	report_s	0.140466
20261008-155257-b74c0f2-6d43-n16-r3	3	c100	sample	1	1-SRR5935759	status	0
20261008-155257-b74c0f2-6d43-n16-r3	3	c100	sample	1	1-SRR5935759	sequences	15312868
20261008-155257-b74c0f2-6d43-n16-r3	3	c100	sample	1	1-SRR5935759	bases	2847175138
20261008-155257-b74c0f2-6d43-n16-r3	3	c100	sample	1	1-SRR5935759	classified	13152387
20261008-155257-b74c0f2-6d43-n16-r3	3	c100	sample	1	1-SRR5935759	place	mod
20261008-155257-b74c0f2-6d43-n16-r3	3	c100	sample	1	1-SRR5935759	weight	15312868
20261008-155257-b74c0f2-6d43-n16-r3	3	c100	sample	1	1-SRR5935775	mode	parallel
20261008-155257-b74c0f2-6d43-n16-r3	3	c100	sample	1	1-SRR5935775	s3client	sdk
20261008-155257-b74c0f2-6d43-n16-r3	3	c100	sample	1	1-SRR5935775	rank	3
20261008-155257-b74c0f2-6d43-n16-r3	3	c100	sample	1	1-SRR5935775	role	home
20261008-155257-b74c0f2-6d43-n16-r3	3	c100	sample	1	1-SRR5935775	inflight	1
20261008-155257-b74c0f2-6d43-n16-r3	3	c100	sample	1	1-SRR5935775	threads	16
20261008-155257-b74c0f2-6d43-n16-r3	3	c100	sample	1	1-SRR5935775	start_s	91.275879
20261008-155257-b74c0f2-6d43-n16-r3	3	c100	sample	1	1-SRR5935775	wall_s	6.296801
20261008-155257-b74c0f2-6d43-n16-r3	3	c100	sample	1	1-SRR5935775	setup_s	0.000044
20261008-155257-b74c0f2-6d43-n16-r3	3	c100	sample	1	1-SRR5935775	classify_s	5.871836
20261008-155257-b74c0f2-6d43-n16-r3	3	c100	sample	1	1-SRR5935775	close_s	0.261015
20261008-155257-b74c0f2-6d43-n16-r3	3	c100	sample	1	1-SRR5935775	report_s	0.160084
20261008-155257-b74c0f2-6d43-n16-r3	3	c100	sample	1	1-SRR5935775	status	0
20261008-155257-b74c0f2-6d43-n16-r3	3	c100	sample	1	1-SRR5935775	sequences	13010149
20261008-155257-b74c0f2-6d43-n16-r3	3	c100	sample	1	1-SRR5935775	bases	2394732661
20261008-155257-b74c0f2-6d43-n16-r3	3	c100	sample	1	1-SRR5935775	classified	12910203
20261008-155257-b74c0f2-6d43-n16-r3	3	c100	sample	1	1-SRR5935775	place	mod
20261008-155257-b74c0f2-6d43-n16-r3	3	c100	sample	1	1-SRR5935775	weight	13010149
20261008-155257-b74c0f2-6d43-n16-r3	3	c100	sample	1	1-SRR5935791	mode	parallel
20261008-155257-b74c0f2-6d43-n16-r3	3	c100	sample	1	1-SRR5935791	s3client	sdk
20261008-155257-b74c0f2-6d43-n16-r3	3	c100	sample	1	1-SRR5935791	rank	3
20261008-155257-b74c0f2-6d43-n16-r3	3	c100	sample	1	1-SRR5935791	role	home
20261008-155257-b74c0f2-6d43-n16-r3	3	c100	sample	1	1-SRR5935791	inflight	1
20261008-155257-b74c0f2-6d43-n16-r3	3	c100	sample	1	1-SRR5935791	threads	16
20261008-155257-b74c0f2-6d43-n16-r3	3	c100	sample	1	1-SRR5935791	start_s	97.572695
20261008-155257-b74c0f2-6d43-n16-r3	3	c100	sample	1	1-SRR5935791	wall_s	5.293614
20261008-155257-b74c0f2-6d43-n16-r3	3	c100	sample	1	1-SRR5935791	setup_s	0.000039
20261008-155257-b74c0f2-6d43-n16-r3	3	c100	sample	1	1-SRR5935791	classify_s	4.892797
20261008-155257-b74c0f2-6d43-n16-r3	3	c100	sample	1	1-SRR5935791	close_s	0.225908
20261008-155257-b74c0f2-6d43-n16-r3	3	c100	sample	1	1-SRR5935791	report_s	0.171853
20261008-155257-b74c0f2-6d43-n16-r3	3	c100	sample	1	1-SRR5935791	status	0
20261008-155257-b74c0f2-6d43-n16-r3	3	c100	sample	1	1-SRR5935791	sequences	10140194
20261008-155257-b74c0f2-6d43-n16-r3	3	c100	sample	1	1-SRR5935791	bases	1929101997
20261008-155257-b74c0f2-6d43-n16-r3	3	c100	sample	1	1-SRR5935791	classified	10096895
20261008-155257-b74c0f2-6d43-n16-r3	3	c100	sample	1	1-SRR5935791	place	mod
20261008-155257-b74c0f2-6d43-n16-r3	3	c100	sample	1	1-SRR5935791	weight	10140194
20261008-155257-b74c0f2-6d43-n16-r3	3	c100	engine.mem			t_s	105.0
20261008-155257-b74c0f2-6d43-n16-r3	3	c100	engine.mem			rss_kib	78752620
20261008-155257-b74c0f2-6d43-n16-r3	3	c100	engine.mem			hwm_kib	79113744
20261008-155257-b74c0f2-6d43-n16-r3	3	c100	engine.mem			heap_inuse	4574355456
20261008-155257-b74c0f2-6d43-n16-r3	3	c100	engine.mem			sys	6816673992
20261008-155257-b74c0f2-6d43-n16-r3	3	c100	engine.mem			avail_kib	16348480
20261008-155257-b74c0f2-6d43-n16-r3	3	c100	sample	1	1-SRR5935807	mode	parallel
20261008-155257-b74c0f2-6d43-n16-r3	3	c100	sample	1	1-SRR5935807	s3client	sdk
20261008-155257-b74c0f2-6d43-n16-r3	3	c100	sample	1	1-SRR5935807	rank	3
20261008-155257-b74c0f2-6d43-n16-r3	3	c100	sample	1	1-SRR5935807	role	home
20261008-155257-b74c0f2-6d43-n16-r3	3	c100	sample	1	1-SRR5935807	inflight	1
20261008-155257-b74c0f2-6d43-n16-r3	3	c100	sample	1	1-SRR5935807	threads	16
20261008-155257-b74c0f2-6d43-n16-r3	3	c100	sample	1	1-SRR5935807	start_s	102.866324
20261008-155257-b74c0f2-6d43-n16-r3	3	c100	sample	1	1-SRR5935807	wall_s	7.805431
20261008-155257-b74c0f2-6d43-n16-r3	3	c100	sample	1	1-SRR5935807	setup_s	0.000040
20261008-155257-b74c0f2-6d43-n16-r3	3	c100	sample	1	1-SRR5935807	classify_s	7.395767
20261008-155257-b74c0f2-6d43-n16-r3	3	c100	sample	1	1-SRR5935807	close_s	0.232341
20261008-155257-b74c0f2-6d43-n16-r3	3	c100	sample	1	1-SRR5935807	report_s	0.163907
20261008-155257-b74c0f2-6d43-n16-r3	3	c100	sample	1	1-SRR5935807	status	0
20261008-155257-b74c0f2-6d43-n16-r3	3	c100	sample	1	1-SRR5935807	sequences	16708997
20261008-155257-b74c0f2-6d43-n16-r3	3	c100	sample	1	1-SRR5935807	bases	3043023590
20261008-155257-b74c0f2-6d43-n16-r3	3	c100	sample	1	1-SRR5935807	classified	15000245
20261008-155257-b74c0f2-6d43-n16-r3	3	c100	sample	1	1-SRR5935807	place	mod
20261008-155257-b74c0f2-6d43-n16-r3	3	c100	sample	1	1-SRR5935807	weight	16708997
20261008-155257-b74c0f2-6d43-n16-r3	3	c100	engine.mem			t_s	120.0
20261008-155257-b74c0f2-6d43-n16-r3	3	c100	engine.mem			rss_kib	78813808
20261008-155257-b74c0f2-6d43-n16-r3	3	c100	engine.mem			hwm_kib	79115712
20261008-155257-b74c0f2-6d43-n16-r3	3	c100	engine.mem			heap_inuse	3173310464
20261008-155257-b74c0f2-6d43-n16-r3	3	c100	engine.mem			sys	6862897368
20261008-155257-b74c0f2-6d43-n16-r3	3	c100	engine.mem			avail_kib	16584396
20261008-155257-b74c0f2-6d43-n16-r3	3	c100	sample	1	1-SRR5935823	mode	parallel
20261008-155257-b74c0f2-6d43-n16-r3	3	c100	sample	1	1-SRR5935823	s3client	sdk
20261008-155257-b74c0f2-6d43-n16-r3	3	c100	sample	1	1-SRR5935823	rank	3
20261008-155257-b74c0f2-6d43-n16-r3	3	c100	sample	1	1-SRR5935823	role	home
20261008-155257-b74c0f2-6d43-n16-r3	3	c100	sample	1	1-SRR5935823	inflight	1
20261008-155257-b74c0f2-6d43-n16-r3	3	c100	sample	1	1-SRR5935823	threads	16
20261008-155257-b74c0f2-6d43-n16-r3	3	c100	sample	1	1-SRR5935823	start_s	110.671768
20261008-155257-b74c0f2-6d43-n16-r3	3	c100	sample	1	1-SRR5935823	wall_s	9.908996
20261008-155257-b74c0f2-6d43-n16-r3	3	c100	sample	1	1-SRR5935823	setup_s	0.000037
20261008-155257-b74c0f2-6d43-n16-r3	3	c100	sample	1	1-SRR5935823	classify_s	9.517029
20261008-155257-b74c0f2-6d43-n16-r3	3	c100	sample	1	1-SRR5935823	close_s	0.258118
20261008-155257-b74c0f2-6d43-n16-r3	3	c100	sample	1	1-SRR5935823	report_s	0.129729
20261008-155257-b74c0f2-6d43-n16-r3	3	c100	sample	1	1-SRR5935823	status	0
20261008-155257-b74c0f2-6d43-n16-r3	3	c100	sample	1	1-SRR5935823	sequences	20770968
20261008-155257-b74c0f2-6d43-n16-r3	3	c100	sample	1	1-SRR5935823	bases	3886695944
20261008-155257-b74c0f2-6d43-n16-r3	3	c100	sample	1	1-SRR5935823	classified	20594735
20261008-155257-b74c0f2-6d43-n16-r3	3	c100	sample	1	1-SRR5935823	place	mod
20261008-155257-b74c0f2-6d43-n16-r3	3	c100	sample	1	1-SRR5935823	weight	20770968
20261008-155257-b74c0f2-6d43-n16-r3	3	c100	sample	1	1-SRR5935839	mode	parallel
20261008-155257-b74c0f2-6d43-n16-r3	3	c100	sample	1	1-SRR5935839	s3client	sdk
20261008-155257-b74c0f2-6d43-n16-r3	3	c100	sample	1	1-SRR5935839	rank	3
20261008-155257-b74c0f2-6d43-n16-r3	3	c100	sample	1	1-SRR5935839	role	home
20261008-155257-b74c0f2-6d43-n16-r3	3	c100	sample	1	1-SRR5935839	inflight	1
20261008-155257-b74c0f2-6d43-n16-r3	3	c100	sample	1	1-SRR5935839	threads	16
20261008-155257-b74c0f2-6d43-n16-r3	3	c100	sample	1	1-SRR5935839	start_s	120.580776
20261008-155257-b74c0f2-6d43-n16-r3	3	c100	sample	1	1-SRR5935839	wall_s	1.188686
20261008-155257-b74c0f2-6d43-n16-r3	3	c100	sample	1	1-SRR5935839	setup_s	0.000043
20261008-155257-b74c0f2-6d43-n16-r3	3	c100	sample	1	1-SRR5935839	classify_s	0.787770
20261008-155257-b74c0f2-6d43-n16-r3	3	c100	sample	1	1-SRR5935839	close_s	0.283753
20261008-155257-b74c0f2-6d43-n16-r3	3	c100	sample	1	1-SRR5935839	report_s	0.115452
20261008-155257-b74c0f2-6d43-n16-r3	3	c100	sample	1	1-SRR5935839	status	0
20261008-155257-b74c0f2-6d43-n16-r3	3	c100	sample	1	1-SRR5935839	sequences	1085628
20261008-155257-b74c0f2-6d43-n16-r3	3	c100	sample	1	1-SRR5935839	bases	199244471
20261008-155257-b74c0f2-6d43-n16-r3	3	c100	sample	1	1-SRR5935839	classified	1061820
20261008-155257-b74c0f2-6d43-n16-r3	3	c100	sample	1	1-SRR5935839	place	mod
20261008-155257-b74c0f2-6d43-n16-r3	3	c100	sample	1	1-SRR5935839	weight	1085628
20261008-155257-b74c0f2-6d43-n16-r3	3	c100	phase			batch-barrier-1	8.338906
20261008-155257-b74c0f2-6d43-n16-r3	3	c100	phase			batch-barrier-1.start_s	121.769473
20261008-155257-b74c0f2-6d43-n16-r3	3	c100	engine.mem			t_s	135.0
20261008-155257-b74c0f2-6d43-n16-r3	3	c100	engine.mem			rss_kib	79039132
20261008-155257-b74c0f2-6d43-n16-r3	3	c100	engine.mem			hwm_kib	79156912
20261008-155257-b74c0f2-6d43-n16-r3	3	c100	engine.mem			heap_inuse	5350481920
20261008-155257-b74c0f2-6d43-n16-r3	3	c100	engine.mem			sys	6972018920
20261008-155257-b74c0f2-6d43-n16-r3	3	c100	engine.mem			avail_kib	16341604
20261008-155257-b74c0f2-6d43-n16-r3	3	c100	sample	2	2-SRR5935749	mode	parallel
20261008-155257-b74c0f2-6d43-n16-r3	3	c100	sample	2	2-SRR5935749	s3client	sdk
20261008-155257-b74c0f2-6d43-n16-r3	3	c100	sample	2	2-SRR5935749	rank	3
20261008-155257-b74c0f2-6d43-n16-r3	3	c100	sample	2	2-SRR5935749	role	home
20261008-155257-b74c0f2-6d43-n16-r3	3	c100	sample	2	2-SRR5935749	inflight	1
20261008-155257-b74c0f2-6d43-n16-r3	3	c100	sample	2	2-SRR5935749	threads	16
20261008-155257-b74c0f2-6d43-n16-r3	3	c100	sample	2	2-SRR5935749	start_s	130.108413
20261008-155257-b74c0f2-6d43-n16-r3	3	c100	sample	2	2-SRR5935749	wall_s	8.872680
20261008-155257-b74c0f2-6d43-n16-r3	3	c100	sample	2	2-SRR5935749	setup_s	0.000031
20261008-155257-b74c0f2-6d43-n16-r3	3	c100	sample	2	2-SRR5935749	classify_s	8.482565
20261008-155257-b74c0f2-6d43-n16-r3	3	c100	sample	2	2-SRR5935749	close_s	0.217772
20261008-155257-b74c0f2-6d43-n16-r3	3	c100	sample	2	2-SRR5935749	report_s	0.167044
20261008-155257-b74c0f2-6d43-n16-r3	3	c100	sample	2	2-SRR5935749	status	0
20261008-155257-b74c0f2-6d43-n16-r3	3	c100	sample	2	2-SRR5935749	sequences	18879904
20261008-155257-b74c0f2-6d43-n16-r3	3	c100	sample	2	2-SRR5935749	bases	3539135454
20261008-155257-b74c0f2-6d43-n16-r3	3	c100	sample	2	2-SRR5935749	classified	18627146
20261008-155257-b74c0f2-6d43-n16-r3	3	c100	sample	2	2-SRR5935749	place	lpt
20261008-155257-b74c0f2-6d43-n16-r3	3	c100	sample	2	2-SRR5935749	weight	18879904
20261008-155257-b74c0f2-6d43-n16-r3	3	c100	sample	2	2-SRR5935752	mode	parallel
20261008-155257-b74c0f2-6d43-n16-r3	3	c100	sample	2	2-SRR5935752	s3client	sdk
20261008-155257-b74c0f2-6d43-n16-r3	3	c100	sample	2	2-SRR5935752	rank	3
20261008-155257-b74c0f2-6d43-n16-r3	3	c100	sample	2	2-SRR5935752	role	home
20261008-155257-b74c0f2-6d43-n16-r3	3	c100	sample	2	2-SRR5935752	inflight	1
20261008-155257-b74c0f2-6d43-n16-r3	3	c100	sample	2	2-SRR5935752	threads	16
20261008-155257-b74c0f2-6d43-n16-r3	3	c100	sample	2	2-SRR5935752	start_s	138.981108
20261008-155257-b74c0f2-6d43-n16-r3	3	c100	sample	2	2-SRR5935752	wall_s	7.003216
20261008-155257-b74c0f2-6d43-n16-r3	3	c100	sample	2	2-SRR5935752	setup_s	0.000038
20261008-155257-b74c0f2-6d43-n16-r3	3	c100	sample	2	2-SRR5935752	classify_s	6.653069
20261008-155257-b74c0f2-6d43-n16-r3	3	c100	sample	2	2-SRR5935752	close_s	0.240284
20261008-155257-b74c0f2-6d43-n16-r3	3	c100	sample	2	2-SRR5935752	report_s	0.107014
20261008-155257-b74c0f2-6d43-n16-r3	3	c100	sample	2	2-SRR5935752	status	0
20261008-155257-b74c0f2-6d43-n16-r3	3	c100	sample	2	2-SRR5935752	sequences	14298074
20261008-155257-b74c0f2-6d43-n16-r3	3	c100	sample	2	2-SRR5935752	bases	2663280360
20261008-155257-b74c0f2-6d43-n16-r3	3	c100	sample	2	2-SRR5935752	classified	14234512
20261008-155257-b74c0f2-6d43-n16-r3	3	c100	sample	2	2-SRR5935752	place	lpt
20261008-155257-b74c0f2-6d43-n16-r3	3	c100	sample	2	2-SRR5935752	weight	14298074
20261008-155257-b74c0f2-6d43-n16-r3	3	c100	engine.mem			t_s	150.0
20261008-155257-b74c0f2-6d43-n16-r3	3	c100	engine.mem			rss_kib	79046120
20261008-155257-b74c0f2-6d43-n16-r3	3	c100	engine.mem			hwm_kib	79246500
20261008-155257-b74c0f2-6d43-n16-r3	3	c100	engine.mem			heap_inuse	4071227392
20261008-155257-b74c0f2-6d43-n16-r3	3	c100	engine.mem			sys	7148388632
20261008-155257-b74c0f2-6d43-n16-r3	3	c100	engine.mem			avail_kib	16179852
20261008-155257-b74c0f2-6d43-n16-r3	3	c100	sample	2	2-SRR5935816	mode	parallel
20261008-155257-b74c0f2-6d43-n16-r3	3	c100	sample	2	2-SRR5935816	s3client	sdk
20261008-155257-b74c0f2-6d43-n16-r3	3	c100	sample	2	2-SRR5935816	rank	3
20261008-155257-b74c0f2-6d43-n16-r3	3	c100	sample	2	2-SRR5935816	role	home
20261008-155257-b74c0f2-6d43-n16-r3	3	c100	sample	2	2-SRR5935816	inflight	1
20261008-155257-b74c0f2-6d43-n16-r3	3	c100	sample	2	2-SRR5935816	threads	16
20261008-155257-b74c0f2-6d43-n16-r3	3	c100	sample	2	2-SRR5935816	start_s	145.984339
20261008-155257-b74c0f2-6d43-n16-r3	3	c100	sample	2	2-SRR5935816	wall_s	6.169460
20261008-155257-b74c0f2-6d43-n16-r3	3	c100	sample	2	2-SRR5935816	setup_s	0.000051
20261008-155257-b74c0f2-6d43-n16-r3	3	c100	sample	2	2-SRR5935816	classify_s	5.798933
20261008-155257-b74c0f2-6d43-n16-r3	3	c100	sample	2	2-SRR5935816	close_s	0.228617
20261008-155257-b74c0f2-6d43-n16-r3	3	c100	sample	2	2-SRR5935816	report_s	0.136237
20261008-155257-b74c0f2-6d43-n16-r3	3	c100	sample	2	2-SRR5935816	status	0
20261008-155257-b74c0f2-6d43-n16-r3	3	c100	sample	2	2-SRR5935816	sequences	12244248
20261008-155257-b74c0f2-6d43-n16-r3	3	c100	sample	2	2-SRR5935816	bases	2292238030
20261008-155257-b74c0f2-6d43-n16-r3	3	c100	sample	2	2-SRR5935816	classified	11933067
20261008-155257-b74c0f2-6d43-n16-r3	3	c100	sample	2	2-SRR5935816	place	lpt
20261008-155257-b74c0f2-6d43-n16-r3	3	c100	sample	2	2-SRR5935816	weight	12244248
20261008-155257-b74c0f2-6d43-n16-r3	3	c100	sample	2	2-SRR5935778	mode	parallel
20261008-155257-b74c0f2-6d43-n16-r3	3	c100	sample	2	2-SRR5935778	s3client	sdk
20261008-155257-b74c0f2-6d43-n16-r3	3	c100	sample	2	2-SRR5935778	rank	3
20261008-155257-b74c0f2-6d43-n16-r3	3	c100	sample	2	2-SRR5935778	role	home
20261008-155257-b74c0f2-6d43-n16-r3	3	c100	sample	2	2-SRR5935778	inflight	1
20261008-155257-b74c0f2-6d43-n16-r3	3	c100	sample	2	2-SRR5935778	threads	16
20261008-155257-b74c0f2-6d43-n16-r3	3	c100	sample	2	2-SRR5935778	start_s	152.153813
20261008-155257-b74c0f2-6d43-n16-r3	3	c100	sample	2	2-SRR5935778	wall_s	5.598460
20261008-155257-b74c0f2-6d43-n16-r3	3	c100	sample	2	2-SRR5935778	setup_s	0.000036
20261008-155257-b74c0f2-6d43-n16-r3	3	c100	sample	2	2-SRR5935778	classify_s	5.180882
20261008-155257-b74c0f2-6d43-n16-r3	3	c100	sample	2	2-SRR5935778	close_s	0.218692
20261008-155257-b74c0f2-6d43-n16-r3	3	c100	sample	2	2-SRR5935778	report_s	0.190259
20261008-155257-b74c0f2-6d43-n16-r3	3	c100	sample	2	2-SRR5935778	status	0
20261008-155257-b74c0f2-6d43-n16-r3	3	c100	sample	2	2-SRR5935778	sequences	10554303
20261008-155257-b74c0f2-6d43-n16-r3	3	c100	sample	2	2-SRR5935778	bases	1946564732
20261008-155257-b74c0f2-6d43-n16-r3	3	c100	sample	2	2-SRR5935778	classified	10062971
20261008-155257-b74c0f2-6d43-n16-r3	3	c100	sample	2	2-SRR5935778	place	lpt
20261008-155257-b74c0f2-6d43-n16-r3	3	c100	sample	2	2-SRR5935778	weight	10554303
20261008-155257-b74c0f2-6d43-n16-r3	3	c100	sample	2	2-SRR5935782	mode	parallel
20261008-155257-b74c0f2-6d43-n16-r3	3	c100	sample	2	2-SRR5935782	s3client	sdk
20261008-155257-b74c0f2-6d43-n16-r3	3	c100	sample	2	2-SRR5935782	rank	3
20261008-155257-b74c0f2-6d43-n16-r3	3	c100	sample	2	2-SRR5935782	role	home
20261008-155257-b74c0f2-6d43-n16-r3	3	c100	sample	2	2-SRR5935782	inflight	1
20261008-155257-b74c0f2-6d43-n16-r3	3	c100	sample	2	2-SRR5935782	threads	16
20261008-155257-b74c0f2-6d43-n16-r3	3	c100	sample	2	2-SRR5935782	start_s	157.752285
20261008-155257-b74c0f2-6d43-n16-r3	3	c100	sample	2	2-SRR5935782	wall_s	5.396453
20261008-155257-b74c0f2-6d43-n16-r3	3	c100	sample	2	2-SRR5935782	setup_s	0.000038
20261008-155257-b74c0f2-6d43-n16-r3	3	c100	sample	2	2-SRR5935782	classify_s	4.948911
20261008-155257-b74c0f2-6d43-n16-r3	3	c100	sample	2	2-SRR5935782	close_s	0.316728
20261008-155257-b74c0f2-6d43-n16-r3	3	c100	sample	2	2-SRR5935782	report_s	0.126274
20261008-155257-b74c0f2-6d43-n16-r3	3	c100	sample	2	2-SRR5935782	status	0
20261008-155257-b74c0f2-6d43-n16-r3	3	c100	sample	2	2-SRR5935782	sequences	10128070
20261008-155257-b74c0f2-6d43-n16-r3	3	c100	sample	2	2-SRR5935782	bases	1876810820
20261008-155257-b74c0f2-6d43-n16-r3	3	c100	sample	2	2-SRR5935782	classified	9942775
20261008-155257-b74c0f2-6d43-n16-r3	3	c100	sample	2	2-SRR5935782	place	lpt
20261008-155257-b74c0f2-6d43-n16-r3	3	c100	sample	2	2-SRR5935782	weight	10128070
20261008-155257-b74c0f2-6d43-n16-r3	3	c100	sample	2	2-SRR5935789	mode	parallel
20261008-155257-b74c0f2-6d43-n16-r3	3	c100	sample	2	2-SRR5935789	s3client	sdk
20261008-155257-b74c0f2-6d43-n16-r3	3	c100	sample	2	2-SRR5935789	rank	3
20261008-155257-b74c0f2-6d43-n16-r3	3	c100	sample	2	2-SRR5935789	role	home
20261008-155257-b74c0f2-6d43-n16-r3	3	c100	sample	2	2-SRR5935789	inflight	1
20261008-155257-b74c0f2-6d43-n16-r3	3	c100	sample	2	2-SRR5935789	threads	16
20261008-155257-b74c0f2-6d43-n16-r3	3	c100	sample	2	2-SRR5935789	start_s	163.148753
20261008-155257-b74c0f2-6d43-n16-r3	3	c100	sample	2	2-SRR5935789	wall_s	1.170534
20261008-155257-b74c0f2-6d43-n16-r3	3	c100	sample	2	2-SRR5935789	setup_s	0.000038
20261008-155257-b74c0f2-6d43-n16-r3	3	c100	sample	2	2-SRR5935789	classify_s	0.829633
20261008-155257-b74c0f2-6d43-n16-r3	3	c100	sample	2	2-SRR5935789	close_s	0.240129
20261008-155257-b74c0f2-6d43-n16-r3	3	c100	sample	2	2-SRR5935789	report_s	0.099134
20261008-155257-b74c0f2-6d43-n16-r3	3	c100	sample	2	2-SRR5935789	status	0
20261008-155257-b74c0f2-6d43-n16-r3	3	c100	sample	2	2-SRR5935789	sequences	1513694
20261008-155257-b74c0f2-6d43-n16-r3	3	c100	sample	2	2-SRR5935789	bases	270732465
20261008-155257-b74c0f2-6d43-n16-r3	3	c100	sample	2	2-SRR5935789	classified	1488159
20261008-155257-b74c0f2-6d43-n16-r3	3	c100	sample	2	2-SRR5935789	place	lpt
20261008-155257-b74c0f2-6d43-n16-r3	3	c100	sample	2	2-SRR5935789	weight	1513694
20261008-155257-b74c0f2-6d43-n16-r3	3	c100	engine.mem			t_s	165.0
20261008-155257-b74c0f2-6d43-n16-r3	3	c100	engine.mem			rss_kib	77492004
20261008-155257-b74c0f2-6d43-n16-r3	3	c100	engine.mem			hwm_kib	79246500
20261008-155257-b74c0f2-6d43-n16-r3	3	c100	engine.mem			heap_inuse	3534503936
20261008-155257-b74c0f2-6d43-n16-r3	3	c100	engine.mem			sys	7148929304
20261008-155257-b74c0f2-6d43-n16-r3	3	c100	engine.mem			avail_kib	16837096
20261008-155257-b74c0f2-6d43-n16-r3	3	c100	sample	2	2-SRR5935835	mode	parallel
20261008-155257-b74c0f2-6d43-n16-r3	3	c100	sample	2	2-SRR5935835	s3client	sdk
20261008-155257-b74c0f2-6d43-n16-r3	3	c100	sample	2	2-SRR5935835	rank	3
20261008-155257-b74c0f2-6d43-n16-r3	3	c100	sample	2	2-SRR5935835	role	home
20261008-155257-b74c0f2-6d43-n16-r3	3	c100	sample	2	2-SRR5935835	inflight	1
20261008-155257-b74c0f2-6d43-n16-r3	3	c100	sample	2	2-SRR5935835	threads	16
20261008-155257-b74c0f2-6d43-n16-r3	3	c100	sample	2	2-SRR5935835	start_s	164.319301
20261008-155257-b74c0f2-6d43-n16-r3	3	c100	sample	2	2-SRR5935835	wall_s	1.319829
20261008-155257-b74c0f2-6d43-n16-r3	3	c100	sample	2	2-SRR5935835	setup_s	0.000036
20261008-155257-b74c0f2-6d43-n16-r3	3	c100	sample	2	2-SRR5935835	classify_s	0.894847
20261008-155257-b74c0f2-6d43-n16-r3	3	c100	sample	2	2-SRR5935835	close_s	0.271740
20261008-155257-b74c0f2-6d43-n16-r3	3	c100	sample	2	2-SRR5935835	report_s	0.151359
20261008-155257-b74c0f2-6d43-n16-r3	3	c100	sample	2	2-SRR5935835	status	0
20261008-155257-b74c0f2-6d43-n16-r3	3	c100	sample	2	2-SRR5935835	sequences	1341509
20261008-155257-b74c0f2-6d43-n16-r3	3	c100	sample	2	2-SRR5935835	bases	254993682
20261008-155257-b74c0f2-6d43-n16-r3	3	c100	sample	2	2-SRR5935835	classified	1320808
20261008-155257-b74c0f2-6d43-n16-r3	3	c100	sample	2	2-SRR5935835	place	lpt
20261008-155257-b74c0f2-6d43-n16-r3	3	c100	sample	2	2-SRR5935835	weight	1341509
20261008-155257-b74c0f2-6d43-n16-r3	3	c100	phase			batch-barrier-2	1.132387
20261008-155257-b74c0f2-6d43-n16-r3	3	c100	phase			batch-barrier-2.start_s	165.639141
20261008-155257-b74c0f2-6d43-n16-r3	3	c100	phase			barrier	0.837269
20261008-155257-b74c0f2-6d43-n16-r3	3	c100	phase			barrier.start_s	172.517407
20261008-155257-b74c0f2-6d43-n16-r3	3	c100	sample	3	3-SRR5935740	mode	striped
20261008-155257-b74c0f2-6d43-n16-r3	3	c100	sample	3	3-SRR5935740	s3client	sdk
20261008-155257-b74c0f2-6d43-n16-r3	3	c100	sample	3	3-SRR5935740	rank	3
20261008-155257-b74c0f2-6d43-n16-r3	3	c100	sample	3	3-SRR5935740	role	peer
20261008-155257-b74c0f2-6d43-n16-r3	3	c100	sample	3	3-SRR5935740	inflight	1
20261008-155257-b74c0f2-6d43-n16-r3	3	c100	sample	3	3-SRR5935740	threads	16
20261008-155257-b74c0f2-6d43-n16-r3	3	c100	sample	3	3-SRR5935740	start_s	167.805859
20261008-155257-b74c0f2-6d43-n16-r3	3	c100	sample	3	3-SRR5935740	wall_s	5.548851
20261008-155257-b74c0f2-6d43-n16-r3	3	c100	sample	3	3-SRR5935740	setup_s	0.000031
20261008-155257-b74c0f2-6d43-n16-r3	3	c100	sample	3	3-SRR5935740	classify_s	4.708391
20261008-155257-b74c0f2-6d43-n16-r3	3	c100	sample	3	3-SRR5935740	close_s	0.000000
20261008-155257-b74c0f2-6d43-n16-r3	3	c100	sample	3	3-SRR5935740	report_s	0.000000
20261008-155257-b74c0f2-6d43-n16-r3	3	c100	sample	3	3-SRR5935740	status	0
20261008-155257-b74c0f2-6d43-n16-r3	3	c100	sample	3	3-SRR5935740	sequences	0
20261008-155257-b74c0f2-6d43-n16-r3	3	c100	sample	3	3-SRR5935740	bases	0
20261008-155257-b74c0f2-6d43-n16-r3	3	c100	sample	3	3-SRR5935740	classified	0
20261008-155257-b74c0f2-6d43-n16-r3	3	c100	sample	3	3-SRR5935740	place	-
20261008-155257-b74c0f2-6d43-n16-r3	3	c100	sample	3	3-SRR5935740	weight	-
20261008-155257-b74c0f2-6d43-n16-r3	3	c100	phase			batch-barrier-3	0.530957
20261008-155257-b74c0f2-6d43-n16-r3	3	c100	phase			batch-barrier-3.start_s	173.354718
20261008-155257-b74c0f2-6d43-n16-r3	3	c100	phase			barrier	0.134600
20261008-155257-b74c0f2-6d43-n16-r3	3	c100	phase			barrier.start_s	179.407565
20261008-155257-b74c0f2-6d43-n16-r3	3	c100	sample	4	4-SRR5935740	mode	striped
20261008-155257-b74c0f2-6d43-n16-r3	3	c100	sample	4	4-SRR5935740	s3client	sdk
20261008-155257-b74c0f2-6d43-n16-r3	3	c100	sample	4	4-SRR5935740	rank	3
20261008-155257-b74c0f2-6d43-n16-r3	3	c100	sample	4	4-SRR5935740	role	peer
20261008-155257-b74c0f2-6d43-n16-r3	3	c100	sample	4	4-SRR5935740	inflight	1
20261008-155257-b74c0f2-6d43-n16-r3	3	c100	sample	4	4-SRR5935740	threads	16
20261008-155257-b74c0f2-6d43-n16-r3	3	c100	sample	4	4-SRR5935740	start_s	174.717236
20261008-155257-b74c0f2-6d43-n16-r3	3	c100	sample	4	4-SRR5935740	wall_s	4.824967
20261008-155257-b74c0f2-6d43-n16-r3	3	c100	sample	4	4-SRR5935740	setup_s	0.000030
20261008-155257-b74c0f2-6d43-n16-r3	3	c100	sample	4	4-SRR5935740	classify_s	4.687232
20261008-155257-b74c0f2-6d43-n16-r3	3	c100	sample	4	4-SRR5935740	close_s	0.000000
20261008-155257-b74c0f2-6d43-n16-r3	3	c100	sample	4	4-SRR5935740	report_s	0.000000
20261008-155257-b74c0f2-6d43-n16-r3	3	c100	sample	4	4-SRR5935740	status	0
20261008-155257-b74c0f2-6d43-n16-r3	3	c100	sample	4	4-SRR5935740	sequences	0
20261008-155257-b74c0f2-6d43-n16-r3	3	c100	sample	4	4-SRR5935740	bases	0
20261008-155257-b74c0f2-6d43-n16-r3	3	c100	sample	4	4-SRR5935740	classified	0
20261008-155257-b74c0f2-6d43-n16-r3	3	c100	sample	4	4-SRR5935740	place	-
20261008-155257-b74c0f2-6d43-n16-r3	3	c100	sample	4	4-SRR5935740	weight	-
20261008-155257-b74c0f2-6d43-n16-r3	3	c100	engine.mem			t_s	180.0
20261008-155257-b74c0f2-6d43-n16-r3	3	c100	engine.mem			rss_kib	76506896
20261008-155257-b74c0f2-6d43-n16-r3	3	c100	engine.mem			hwm_kib	79246500
20261008-155257-b74c0f2-6d43-n16-r3	3	c100	engine.mem			heap_inuse	3804274688
20261008-155257-b74c0f2-6d43-n16-r3	3	c100	engine.mem			sys	7148929304
20261008-155257-b74c0f2-6d43-n16-r3	3	c100	engine.mem			avail_kib	18350628
20261008-155257-b74c0f2-6d43-n16-r3	3	c100	phase			batch-barrier-4	0.517017
20261008-155257-b74c0f2-6d43-n16-r3	3	c100	phase			batch-barrier-4.start_s	179.542210
20261008-155257-b74c0f2-6d43-n16-r3	3	c100	phase			barrier	0.046573
20261008-155257-b74c0f2-6d43-n16-r3	3	c100	phase			barrier.start_s	185.527344
20261008-155257-b74c0f2-6d43-n16-r3	3	c100	sample	5	5-SRR5935740	mode	striped
20261008-155257-b74c0f2-6d43-n16-r3	3	c100	sample	5	5-SRR5935740	s3client	sdk
20261008-155257-b74c0f2-6d43-n16-r3	3	c100	sample	5	5-SRR5935740	rank	3
20261008-155257-b74c0f2-6d43-n16-r3	3	c100	sample	5	5-SRR5935740	role	peer
20261008-155257-b74c0f2-6d43-n16-r3	3	c100	sample	5	5-SRR5935740	inflight	1
20261008-155257-b74c0f2-6d43-n16-r3	3	c100	sample	5	5-SRR5935740	threads	16
20261008-155257-b74c0f2-6d43-n16-r3	3	c100	sample	5	5-SRR5935740	start_s	180.817044
20261008-155257-b74c0f2-6d43-n16-r3	3	c100	sample	5	5-SRR5935740	wall_s	4.756905
20261008-155257-b74c0f2-6d43-n16-r3	3	c100	sample	5	5-SRR5935740	setup_s	0.000026
20261008-155257-b74c0f2-6d43-n16-r3	3	c100	sample	5	5-SRR5935740	classify_s	4.707114
20261008-155257-b74c0f2-6d43-n16-r3	3	c100	sample	5	5-SRR5935740	close_s	0.000000
20261008-155257-b74c0f2-6d43-n16-r3	3	c100	sample	5	5-SRR5935740	report_s	0.000000
20261008-155257-b74c0f2-6d43-n16-r3	3	c100	sample	5	5-SRR5935740	status	0
20261008-155257-b74c0f2-6d43-n16-r3	3	c100	sample	5	5-SRR5935740	sequences	0
20261008-155257-b74c0f2-6d43-n16-r3	3	c100	sample	5	5-SRR5935740	bases	0
20261008-155257-b74c0f2-6d43-n16-r3	3	c100	sample	5	5-SRR5935740	classified	0
20261008-155257-b74c0f2-6d43-n16-r3	3	c100	sample	5	5-SRR5935740	place	-
20261008-155257-b74c0f2-6d43-n16-r3	3	c100	sample	5	5-SRR5935740	weight	-
20261008-155257-b74c0f2-6d43-n16-r3	3	c100	phase			batch-barrier-5	0.511579
20261008-155257-b74c0f2-6d43-n16-r3	3	c100	phase			batch-barrier-5.start_s	185.573956
20261008-155257-b74c0f2-6d43-n16-r3	3	c100	phase			batch-barrier-6	6.064172
20261008-155257-b74c0f2-6d43-n16-r3	3	c100	phase			batch-barrier-6.start_s	186.085544
20261008-155257-b74c0f2-6d43-n16-r3	3	c100	engine.mem			t_s	195.0
20261008-155257-b74c0f2-6d43-n16-r3	3	c100	engine.mem			rss_kib	76550204
20261008-155257-b74c0f2-6d43-n16-r3	3	c100	engine.mem			hwm_kib	79246500
20261008-155257-b74c0f2-6d43-n16-r3	3	c100	engine.mem			heap_inuse	3251388416
20261008-155257-b74c0f2-6d43-n16-r3	3	c100	engine.mem			sys	7149191448
20261008-155257-b74c0f2-6d43-n16-r3	3	c100	engine.mem			avail_kib	18550480
20261008-155257-b74c0f2-6d43-n16-r3	3	c100	phase			batch-barrier-7	5.101551
20261008-155257-b74c0f2-6d43-n16-r3	3	c100	phase			batch-barrier-7.start_s	192.149734
20261008-155257-b74c0f2-6d43-n16-r3	3	c100	phase			batch-barrier-8	6.162025
20261008-155257-b74c0f2-6d43-n16-r3	3	c100	phase			batch-barrier-8.start_s	197.251306
20261008-155257-b74c0f2-6d43-n16-r3	3	c100	engine.shard			index	0
20261008-155257-b74c0f2-6d43-n16-r3	3	c100	engine.shard			n	16
20261008-155257-b74c0f2-6d43-n16-r3	3	c100	engine.shard			lo	55738672114
20261008-155257-b74c0f2-6d43-n16-r3	3	c100	engine.shard			hi	74318229485
20261008-155257-b74c0f2-6d43-n16-r3	3	c100	engine.shard			tail	302
20261008-155257-b74c0f2-6d43-n16-r3	3	c100	engine.shard			full	false
20261008-155257-b74c0f2-6d43-n16-r3	3	c100	engine.shard			empty_at	18579557370
20261008-155257-b74c0f2-6d43-n16-r3	3	c100	engine.shard			keys	8470412349
20261008-155257-b74c0f2-6d43-n16-r3	3	c100	engine.shard			batches	89910
20261008-155257-b74c0f2-6d43-n16-r3	3	c100	engine.shard			probe_s	162.736193
20261008-155257-b74c0f2-6d43-n16-r3	3	c100	engine.shard			tail_probes	0
20261008-155257-b74c0f2-6d43-n16-r3	3	c100	engine.shard			wrap_probes	0
20261008-155257-b74c0f2-6d43-n16-r3	3	c100	engine.mem			t_s	203.4
20261008-155257-b74c0f2-6d43-n16-r3	3	c100	engine.mem			rss_kib	76550308
20261008-155257-b74c0f2-6d43-n16-r3	3	c100	engine.mem			hwm_kib	79246500
20261008-155257-b74c0f2-6d43-n16-r3	3	c100	engine.mem			heap_inuse	3252822016
20261008-155257-b74c0f2-6d43-n16-r3	3	c100	engine.mem			sys	7149191448
20261008-155257-b74c0f2-6d43-n16-r3	3	c100	engine.mem			avail_kib	18669124
20261008-155257-b74c0f2-6d43-n16-r3	3	c100	engine.rendezvous			puts	13
20261008-155257-b74c0f2-6d43-n16-r3	3	c100	engine.rendezvous			gets	438
20261008-155257-b74c0f2-6d43-n16-r3	3	c100	engine.s3			client	sdk
20261008-155257-b74c0f2-6d43-n16-r3	3	c100	engine.s3			put	34
20261008-155257-b74c0f2-6d43-n16-r3	3	c100	engine.s3			get	438
20261008-155257-b74c0f2-6d43-n16-r3	3	c100	engine.s3			create_multipart	21
20261008-155257-b74c0f2-6d43-n16-r3	3	c100	engine.s3			upload_part	2157
20261008-155257-b74c0f2-6d43-n16-r3	3	c100	engine.s3			complete_multipart	21
20261008-155257-b74c0f2-6d43-n16-r3	3	c100	engine.s3			abort_multipart	0
20261008-155257-b74c0f2-6d43-n16-r3	3	c100	engine.s3			part_bytes	18001191177
20261008-155257-b74c0f2-6d43-n16-r3	3	c100	engine.s3			client	cli
20261008-155257-b74c0f2-6d43-n16-r3	3	c100	engine.s3			put	0
20261008-155257-b74c0f2-6d43-n16-r3	3	c100	engine.s3			get	0
20261008-155257-b74c0f2-6d43-n16-r3	3	c100	engine.s3			create_multipart	0
20261008-155257-b74c0f2-6d43-n16-r3	3	c100	engine.s3			upload_part	0
20261008-155257-b74c0f2-6d43-n16-r3	3	c100	engine.s3			complete_multipart	0
20261008-155257-b74c0f2-6d43-n16-r3	3	c100	engine.s3			abort_multipart	0
20261008-155257-b74c0f2-6d43-n16-r3	3	c100	engine.s3			part_bytes	0
20261008-155257-b74c0f2-6d43-n16-r3	3	c100	engine.load			seconds	26.333699
20261008-155257-b74c0f2-6d43-n16-r3	3	c100	engine.load			requests	1126
20261008-155257-b74c0f2-6d43-n16-r3	3	c100	engine.load			retries	0
20261008-155257-b74c0f2-6d43-n16-r3	3	c100	engine.load			bytes	74318296292
20261008-155257-b74c0f2-6d43-n16-r3	3	c100	engine.route			transport	nodes
20261008-155257-b74c0f2-6d43-n16-r3	3	c100	engine.route			calls	5734
20261008-155257-b74c0f2-6d43-n16-r3	3	c100	engine.route			keys	8665196449
20261008-155257-b74c0f2-6d43-n16-r3	3	c100	engine.route			batches	91744
20261008-155257-b74c0f2-6d43-n16-r3	3	c100	engine.route			route_s	58.701895
20261008-155257-b74c0f2-6d43-n16-r3	3	c100	engine.route			wait_s	43.754937
20261008-155257-b74c0f2-6d43-n16-r3	3	c100	engine.route			gather_s	12.657229
20261008-155257-b74c0f2-6d43-n16-r3	3	c100	engine.worker			scan_s	440.147128
20261008-155257-b74c0f2-6d43-n16-r3	3	c100	engine.worker			lookup_s	115.115914
20261008-155257-b74c0f2-6d43-n16-r3	3	c100	engine.worker			classify_s	371.667876
20261008-155257-b74c0f2-6d43-n16-r3	3	c100	phase			total	203.518144
20261008-155257-b74c0f2-6d43-n16-r3	3	c100	phase			total.start_s	0.000000
20261008-155257-b74c0f2-6d43-n16-r4	4	c100	phase			taxo	0.091940
20261008-155257-b74c0f2-6d43-n16-r4	4	c100	phase			taxo.start_s	0.002505
20261008-155257-b74c0f2-6d43-n16-r4	4	c100	engine.mem			t_s	15.0
20261008-155257-b74c0f2-6d43-n16-r4	4	c100	engine.mem			rss_kib	35864632
20261008-155257-b74c0f2-6d43-n16-r4	4	c100	engine.mem			hwm_kib	35864636
20261008-155257-b74c0f2-6d43-n16-r4	4	c100	engine.mem			heap_inuse	400474112
20261008-155257-b74c0f2-6d43-n16-r4	4	c100	engine.mem			sys	428390760
20261008-155257-b74c0f2-6d43-n16-r4	4	c100	engine.mem			avail_kib	58897524
20261008-155257-b74c0f2-6d43-n16-r4	4	c100	engine.mem			t_s	30.0
20261008-155257-b74c0f2-6d43-n16-r4	4	c100	engine.mem			rss_kib	72042744
20261008-155257-b74c0f2-6d43-n16-r4	4	c100	engine.mem			hwm_kib	72042748
20261008-155257-b74c0f2-6d43-n16-r4	4	c100	engine.mem			heap_inuse	403038208
20261008-155257-b74c0f2-6d43-n16-r4	4	c100	engine.mem			sys	428652904
20261008-155257-b74c0f2-6d43-n16-r4	4	c100	engine.mem			avail_kib	22820776
20261008-155257-b74c0f2-6d43-n16-r4	4	c100	phase			shard-load-4	30.882910
20261008-155257-b74c0f2-6d43-n16-r4	4	c100	phase			shard-load-4.start_s	0.178439
20261008-155257-b74c0f2-6d43-n16-r4	4	c100	engine.mem			t_s	45.0
20261008-155257-b74c0f2-6d43-n16-r4	4	c100	engine.mem			rss_kib	72975920
20261008-155257-b74c0f2-6d43-n16-r4	4	c100	engine.mem			hwm_kib	72975924
20261008-155257-b74c0f2-6d43-n16-r4	4	c100	engine.mem			heap_inuse	407101440
20261008-155257-b74c0f2-6d43-n16-r4	4	c100	engine.mem			sys	433981816
20261008-155257-b74c0f2-6d43-n16-r4	4	c100	engine.mem			avail_kib	22150284
20261008-155257-b74c0f2-6d43-n16-r4	4	c100	phase			rendezvous	15.946855
20261008-155257-b74c0f2-6d43-n16-r4	4	c100	phase			rendezvous.start_s	31.618251
20261008-155257-b74c0f2-6d43-n16-r4	4	c100	phase			connect	0.013774
20261008-155257-b74c0f2-6d43-n16-r4	4	c100	phase			connect.start_s	47.565117
20261008-155257-b74c0f2-6d43-n16-r4	4	c100	phase			hash	47.484441
20261008-155257-b74c0f2-6d43-n16-r4	4	c100	phase			hash.start_s	0.094461
20261008-155257-b74c0f2-6d43-n16-r4	4	c100	sample	0	0-SRR5935751	mode	parallel
20261008-155257-b74c0f2-6d43-n16-r4	4	c100	sample	0	0-SRR5935751	s3client	sdk
20261008-155257-b74c0f2-6d43-n16-r4	4	c100	sample	0	0-SRR5935751	rank	4
20261008-155257-b74c0f2-6d43-n16-r4	4	c100	sample	0	0-SRR5935751	role	home
20261008-155257-b74c0f2-6d43-n16-r4	4	c100	sample	0	0-SRR5935751	inflight	1
20261008-155257-b74c0f2-6d43-n16-r4	4	c100	sample	0	0-SRR5935751	threads	16
20261008-155257-b74c0f2-6d43-n16-r4	4	c100	sample	0	0-SRR5935751	start_s	47.578926
20261008-155257-b74c0f2-6d43-n16-r4	4	c100	sample	0	0-SRR5935751	wall_s	8.930979
20261008-155257-b74c0f2-6d43-n16-r4	4	c100	sample	0	0-SRR5935751	setup_s	0.000034
20261008-155257-b74c0f2-6d43-n16-r4	4	c100	sample	0	0-SRR5935751	classify_s	8.512843
20261008-155257-b74c0f2-6d43-n16-r4	4	c100	sample	0	0-SRR5935751	close_s	0.246679
20261008-155257-b74c0f2-6d43-n16-r4	4	c100	sample	0	0-SRR5935751	report_s	0.165676
20261008-155257-b74c0f2-6d43-n16-r4	4	c100	sample	0	0-SRR5935751	status	0
20261008-155257-b74c0f2-6d43-n16-r4	4	c100	sample	0	0-SRR5935751	sequences	18645445
20261008-155257-b74c0f2-6d43-n16-r4	4	c100	sample	0	0-SRR5935751	bases	3449573600
20261008-155257-b74c0f2-6d43-n16-r4	4	c100	sample	0	0-SRR5935751	classified	18393099
20261008-155257-b74c0f2-6d43-n16-r4	4	c100	sample	0	0-SRR5935751	place	lpt
20261008-155257-b74c0f2-6d43-n16-r4	4	c100	sample	0	0-SRR5935751	weight	18645445
20261008-155257-b74c0f2-6d43-n16-r4	4	c100	engine.mem			t_s	60.0
20261008-155257-b74c0f2-6d43-n16-r4	4	c100	engine.mem			rss_kib	78981892
20261008-155257-b74c0f2-6d43-n16-r4	4	c100	engine.mem			hwm_kib	79228856
20261008-155257-b74c0f2-6d43-n16-r4	4	c100	engine.mem			heap_inuse	4026826752
20261008-155257-b74c0f2-6d43-n16-r4	4	c100	engine.mem			sys	6860980440
20261008-155257-b74c0f2-6d43-n16-r4	4	c100	engine.mem			avail_kib	15906100
20261008-155257-b74c0f2-6d43-n16-r4	4	c100	sample	0	0-SRR5935830	mode	parallel
20261008-155257-b74c0f2-6d43-n16-r4	4	c100	sample	0	0-SRR5935830	s3client	sdk
20261008-155257-b74c0f2-6d43-n16-r4	4	c100	sample	0	0-SRR5935830	rank	4
20261008-155257-b74c0f2-6d43-n16-r4	4	c100	sample	0	0-SRR5935830	role	home
20261008-155257-b74c0f2-6d43-n16-r4	4	c100	sample	0	0-SRR5935830	inflight	1
20261008-155257-b74c0f2-6d43-n16-r4	4	c100	sample	0	0-SRR5935830	threads	16
20261008-155257-b74c0f2-6d43-n16-r4	4	c100	sample	0	0-SRR5935830	start_s	56.509920
20261008-155257-b74c0f2-6d43-n16-r4	4	c100	sample	0	0-SRR5935830	wall_s	6.875807
20261008-155257-b74c0f2-6d43-n16-r4	4	c100	sample	0	0-SRR5935830	setup_s	0.000044
20261008-155257-b74c0f2-6d43-n16-r4	4	c100	sample	0	0-SRR5935830	classify_s	6.422783
20261008-155257-b74c0f2-6d43-n16-r4	4	c100	sample	0	0-SRR5935830	close_s	0.262557
20261008-155257-b74c0f2-6d43-n16-r4	4	c100	sample	0	0-SRR5935830	report_s	0.185003
20261008-155257-b74c0f2-6d43-n16-r4	4	c100	sample	0	0-SRR5935830	status	0
20261008-155257-b74c0f2-6d43-n16-r4	4	c100	sample	0	0-SRR5935830	sequences	14303962
20261008-155257-b74c0f2-6d43-n16-r4	4	c100	sample	0	0-SRR5935830	bases	2635979010
20261008-155257-b74c0f2-6d43-n16-r4	4	c100	sample	0	0-SRR5935830	classified	14029845
20261008-155257-b74c0f2-6d43-n16-r4	4	c100	sample	0	0-SRR5935830	place	lpt
20261008-155257-b74c0f2-6d43-n16-r4	4	c100	sample	0	0-SRR5935830	weight	14303962
20261008-155257-b74c0f2-6d43-n16-r4	4	c100	sample	0	0-SRR5935774	mode	parallel
20261008-155257-b74c0f2-6d43-n16-r4	4	c100	sample	0	0-SRR5935774	s3client	sdk
20261008-155257-b74c0f2-6d43-n16-r4	4	c100	sample	0	0-SRR5935774	rank	4
20261008-155257-b74c0f2-6d43-n16-r4	4	c100	sample	0	0-SRR5935774	role	home
20261008-155257-b74c0f2-6d43-n16-r4	4	c100	sample	0	0-SRR5935774	inflight	1
20261008-155257-b74c0f2-6d43-n16-r4	4	c100	sample	0	0-SRR5935774	threads	16
20261008-155257-b74c0f2-6d43-n16-r4	4	c100	sample	0	0-SRR5935774	start_s	63.385740
20261008-155257-b74c0f2-6d43-n16-r4	4	c100	sample	0	0-SRR5935774	wall_s	5.849063
20261008-155257-b74c0f2-6d43-n16-r4	4	c100	sample	0	0-SRR5935774	setup_s	0.000040
20261008-155257-b74c0f2-6d43-n16-r4	4	c100	sample	0	0-SRR5935774	classify_s	5.435877
20261008-155257-b74c0f2-6d43-n16-r4	4	c100	sample	0	0-SRR5935774	close_s	0.238445
20261008-155257-b74c0f2-6d43-n16-r4	4	c100	sample	0	0-SRR5935774	report_s	0.162144
20261008-155257-b74c0f2-6d43-n16-r4	4	c100	sample	0	0-SRR5935774	status	0
20261008-155257-b74c0f2-6d43-n16-r4	4	c100	sample	0	0-SRR5935774	sequences	12252617
20261008-155257-b74c0f2-6d43-n16-r4	4	c100	sample	0	0-SRR5935774	bases	2212674525
20261008-155257-b74c0f2-6d43-n16-r4	4	c100	sample	0	0-SRR5935774	classified	10208851
20261008-155257-b74c0f2-6d43-n16-r4	4	c100	sample	0	0-SRR5935774	place	lpt
20261008-155257-b74c0f2-6d43-n16-r4	4	c100	sample	0	0-SRR5935774	weight	12252617
20261008-155257-b74c0f2-6d43-n16-r4	4	c100	sample	0	0-SRR5935760	mode	parallel
20261008-155257-b74c0f2-6d43-n16-r4	4	c100	sample	0	0-SRR5935760	s3client	sdk
20261008-155257-b74c0f2-6d43-n16-r4	4	c100	sample	0	0-SRR5935760	rank	4
20261008-155257-b74c0f2-6d43-n16-r4	4	c100	sample	0	0-SRR5935760	role	home
20261008-155257-b74c0f2-6d43-n16-r4	4	c100	sample	0	0-SRR5935760	inflight	1
20261008-155257-b74c0f2-6d43-n16-r4	4	c100	sample	0	0-SRR5935760	threads	16
20261008-155257-b74c0f2-6d43-n16-r4	4	c100	sample	0	0-SRR5935760	start_s	69.234816
20261008-155257-b74c0f2-6d43-n16-r4	4	c100	sample	0	0-SRR5935760	wall_s	5.394923
20261008-155257-b74c0f2-6d43-n16-r4	4	c100	sample	0	0-SRR5935760	setup_s	0.000035
20261008-155257-b74c0f2-6d43-n16-r4	4	c100	sample	0	0-SRR5935760	classify_s	4.977695
20261008-155257-b74c0f2-6d43-n16-r4	4	c100	sample	0	0-SRR5935760	close_s	0.217994
20261008-155257-b74c0f2-6d43-n16-r4	4	c100	sample	0	0-SRR5935760	report_s	0.195020
20261008-155257-b74c0f2-6d43-n16-r4	4	c100	sample	0	0-SRR5935760	status	0
20261008-155257-b74c0f2-6d43-n16-r4	4	c100	sample	0	0-SRR5935760	sequences	10834778
20261008-155257-b74c0f2-6d43-n16-r4	4	c100	sample	0	0-SRR5935760	bases	1957586977
20261008-155257-b74c0f2-6d43-n16-r4	4	c100	sample	0	0-SRR5935760	classified	10642489
20261008-155257-b74c0f2-6d43-n16-r4	4	c100	sample	0	0-SRR5935760	place	lpt
20261008-155257-b74c0f2-6d43-n16-r4	4	c100	sample	0	0-SRR5935760	weight	10834778
20261008-155257-b74c0f2-6d43-n16-r4	4	c100	engine.mem			t_s	75.0
20261008-155257-b74c0f2-6d43-n16-r4	4	c100	engine.mem			rss_kib	78423412
20261008-155257-b74c0f2-6d43-n16-r4	4	c100	engine.mem			hwm_kib	79228856
20261008-155257-b74c0f2-6d43-n16-r4	4	c100	engine.mem			heap_inuse	3433742336
20261008-155257-b74c0f2-6d43-n16-r4	4	c100	engine.mem			sys	6864928984
20261008-155257-b74c0f2-6d43-n16-r4	4	c100	engine.mem			avail_kib	15159256
20261008-155257-b74c0f2-6d43-n16-r4	4	c100	sample	0	0-SRR5935786	mode	parallel
20261008-155257-b74c0f2-6d43-n16-r4	4	c100	sample	0	0-SRR5935786	s3client	sdk
20261008-155257-b74c0f2-6d43-n16-r4	4	c100	sample	0	0-SRR5935786	rank	4
20261008-155257-b74c0f2-6d43-n16-r4	4	c100	sample	0	0-SRR5935786	role	home
20261008-155257-b74c0f2-6d43-n16-r4	4	c100	sample	0	0-SRR5935786	inflight	1
20261008-155257-b74c0f2-6d43-n16-r4	4	c100	sample	0	0-SRR5935786	threads	16
20261008-155257-b74c0f2-6d43-n16-r4	4	c100	sample	0	0-SRR5935786	start_s	74.629752
20261008-155257-b74c0f2-6d43-n16-r4	4	c100	sample	0	0-SRR5935786	wall_s	5.063633
20261008-155257-b74c0f2-6d43-n16-r4	4	c100	sample	0	0-SRR5935786	setup_s	0.000041
20261008-155257-b74c0f2-6d43-n16-r4	4	c100	sample	0	0-SRR5935786	classify_s	4.658983
20261008-155257-b74c0f2-6d43-n16-r4	4	c100	sample	0	0-SRR5935786	close_s	0.229167
20261008-155257-b74c0f2-6d43-n16-r4	4	c100	sample	0	0-SRR5935786	report_s	0.167965
20261008-155257-b74c0f2-6d43-n16-r4	4	c100	sample	0	0-SRR5935786	status	0
20261008-155257-b74c0f2-6d43-n16-r4	4	c100	sample	0	0-SRR5935786	sequences	10054299
20261008-155257-b74c0f2-6d43-n16-r4	4	c100	sample	0	0-SRR5935786	bases	1885642952
20261008-155257-b74c0f2-6d43-n16-r4	4	c100	sample	0	0-SRR5935786	classified	9575405
20261008-155257-b74c0f2-6d43-n16-r4	4	c100	sample	0	0-SRR5935786	place	lpt
20261008-155257-b74c0f2-6d43-n16-r4	4	c100	sample	0	0-SRR5935786	weight	10054299
20261008-155257-b74c0f2-6d43-n16-r4	4	c100	sample	0	0-SRR5935809	mode	parallel
20261008-155257-b74c0f2-6d43-n16-r4	4	c100	sample	0	0-SRR5935809	s3client	sdk
20261008-155257-b74c0f2-6d43-n16-r4	4	c100	sample	0	0-SRR5935809	rank	4
20261008-155257-b74c0f2-6d43-n16-r4	4	c100	sample	0	0-SRR5935809	role	home
20261008-155257-b74c0f2-6d43-n16-r4	4	c100	sample	0	0-SRR5935809	inflight	1
20261008-155257-b74c0f2-6d43-n16-r4	4	c100	sample	0	0-SRR5935809	threads	16
20261008-155257-b74c0f2-6d43-n16-r4	4	c100	sample	0	0-SRR5935809	start_s	79.693397
20261008-155257-b74c0f2-6d43-n16-r4	4	c100	sample	0	0-SRR5935809	wall_s	1.350731
20261008-155257-b74c0f2-6d43-n16-r4	4	c100	sample	0	0-SRR5935809	setup_s	0.000046
20261008-155257-b74c0f2-6d43-n16-r4	4	c100	sample	0	0-SRR5935809	classify_s	0.899391
20261008-155257-b74c0f2-6d43-n16-r4	4	c100	sample	0	0-SRR5935809	close_s	0.256018
20261008-155257-b74c0f2-6d43-n16-r4	4	c100	sample	0	0-SRR5935809	report_s	0.192375
20261008-155257-b74c0f2-6d43-n16-r4	4	c100	sample	0	0-SRR5935809	status	0
20261008-155257-b74c0f2-6d43-n16-r4	4	c100	sample	0	0-SRR5935809	sequences	1539039
20261008-155257-b74c0f2-6d43-n16-r4	4	c100	sample	0	0-SRR5935809	bases	293657718
20261008-155257-b74c0f2-6d43-n16-r4	4	c100	sample	0	0-SRR5935809	classified	1494119
20261008-155257-b74c0f2-6d43-n16-r4	4	c100	sample	0	0-SRR5935809	place	lpt
20261008-155257-b74c0f2-6d43-n16-r4	4	c100	sample	0	0-SRR5935809	weight	1539039
20261008-155257-b74c0f2-6d43-n16-r4	4	c100	sample	0	0-SRR5935839	mode	parallel
20261008-155257-b74c0f2-6d43-n16-r4	4	c100	sample	0	0-SRR5935839	s3client	sdk
20261008-155257-b74c0f2-6d43-n16-r4	4	c100	sample	0	0-SRR5935839	rank	4
20261008-155257-b74c0f2-6d43-n16-r4	4	c100	sample	0	0-SRR5935839	role	home
20261008-155257-b74c0f2-6d43-n16-r4	4	c100	sample	0	0-SRR5935839	inflight	1
20261008-155257-b74c0f2-6d43-n16-r4	4	c100	sample	0	0-SRR5935839	threads	16
20261008-155257-b74c0f2-6d43-n16-r4	4	c100	sample	0	0-SRR5935839	start_s	81.044140
20261008-155257-b74c0f2-6d43-n16-r4	4	c100	sample	0	0-SRR5935839	wall_s	1.286829
20261008-155257-b74c0f2-6d43-n16-r4	4	c100	sample	0	0-SRR5935839	setup_s	0.000044
20261008-155257-b74c0f2-6d43-n16-r4	4	c100	sample	0	0-SRR5935839	classify_s	0.914638
20261008-155257-b74c0f2-6d43-n16-r4	4	c100	sample	0	0-SRR5935839	close_s	0.234750
20261008-155257-b74c0f2-6d43-n16-r4	4	c100	sample	0	0-SRR5935839	report_s	0.135685
20261008-155257-b74c0f2-6d43-n16-r4	4	c100	sample	0	0-SRR5935839	status	0
20261008-155257-b74c0f2-6d43-n16-r4	4	c100	sample	0	0-SRR5935839	sequences	1085628
20261008-155257-b74c0f2-6d43-n16-r4	4	c100	sample	0	0-SRR5935839	bases	199244471
20261008-155257-b74c0f2-6d43-n16-r4	4	c100	sample	0	0-SRR5935839	classified	1061820
20261008-155257-b74c0f2-6d43-n16-r4	4	c100	sample	0	0-SRR5935839	place	lpt
20261008-155257-b74c0f2-6d43-n16-r4	4	c100	sample	0	0-SRR5935839	weight	1085628
20261008-155257-b74c0f2-6d43-n16-r4	4	c100	phase			batch-barrier-0	2.355747
20261008-155257-b74c0f2-6d43-n16-r4	4	c100	phase			batch-barrier-0.start_s	82.330982
20261008-155257-b74c0f2-6d43-n16-r4	4	c100	engine.mem			t_s	90.0
20261008-155257-b74c0f2-6d43-n16-r4	4	c100	engine.mem			rss_kib	79039872
20261008-155257-b74c0f2-6d43-n16-r4	4	c100	engine.mem			hwm_kib	79393072
20261008-155257-b74c0f2-6d43-n16-r4	4	c100	engine.mem			heap_inuse	4254875648
20261008-155257-b74c0f2-6d43-n16-r4	4	c100	engine.mem			sys	7058845960
20261008-155257-b74c0f2-6d43-n16-r4	4	c100	engine.mem			avail_kib	14712464
20261008-155257-b74c0f2-6d43-n16-r4	4	c100	sample	1	1-SRR5935744	mode	parallel
20261008-155257-b74c0f2-6d43-n16-r4	4	c100	sample	1	1-SRR5935744	s3client	sdk
20261008-155257-b74c0f2-6d43-n16-r4	4	c100	sample	1	1-SRR5935744	rank	4
20261008-155257-b74c0f2-6d43-n16-r4	4	c100	sample	1	1-SRR5935744	role	home
20261008-155257-b74c0f2-6d43-n16-r4	4	c100	sample	1	1-SRR5935744	inflight	1
20261008-155257-b74c0f2-6d43-n16-r4	4	c100	sample	1	1-SRR5935744	threads	16
20261008-155257-b74c0f2-6d43-n16-r4	4	c100	sample	1	1-SRR5935744	start_s	84.686751
20261008-155257-b74c0f2-6d43-n16-r4	4	c100	sample	1	1-SRR5935744	wall_s	7.556572
20261008-155257-b74c0f2-6d43-n16-r4	4	c100	sample	1	1-SRR5935744	setup_s	0.000031
20261008-155257-b74c0f2-6d43-n16-r4	4	c100	sample	1	1-SRR5935744	classify_s	7.189853
20261008-155257-b74c0f2-6d43-n16-r4	4	c100	sample	1	1-SRR5935744	close_s	0.226597
20261008-155257-b74c0f2-6d43-n16-r4	4	c100	sample	1	1-SRR5935744	report_s	0.133541
20261008-155257-b74c0f2-6d43-n16-r4	4	c100	sample	1	1-SRR5935744	status	0
20261008-155257-b74c0f2-6d43-n16-r4	4	c100	sample	1	1-SRR5935744	sequences	15328347
20261008-155257-b74c0f2-6d43-n16-r4	4	c100	sample	1	1-SRR5935744	bases	2853526686
20261008-155257-b74c0f2-6d43-n16-r4	4	c100	sample	1	1-SRR5935744	classified	14998872
20261008-155257-b74c0f2-6d43-n16-r4	4	c100	sample	1	1-SRR5935744	place	mod
20261008-155257-b74c0f2-6d43-n16-r4	4	c100	sample	1	1-SRR5935744	weight	15328347
20261008-155257-b74c0f2-6d43-n16-r4	4	c100	sample	1	1-SRR5935760	mode	parallel
20261008-155257-b74c0f2-6d43-n16-r4	4	c100	sample	1	1-SRR5935760	s3client	sdk
20261008-155257-b74c0f2-6d43-n16-r4	4	c100	sample	1	1-SRR5935760	rank	4
20261008-155257-b74c0f2-6d43-n16-r4	4	c100	sample	1	1-SRR5935760	role	home
20261008-155257-b74c0f2-6d43-n16-r4	4	c100	sample	1	1-SRR5935760	inflight	1
20261008-155257-b74c0f2-6d43-n16-r4	4	c100	sample	1	1-SRR5935760	threads	16
20261008-155257-b74c0f2-6d43-n16-r4	4	c100	sample	1	1-SRR5935760	start_s	92.243338
20261008-155257-b74c0f2-6d43-n16-r4	4	c100	sample	1	1-SRR5935760	wall_s	5.354118
20261008-155257-b74c0f2-6d43-n16-r4	4	c100	sample	1	1-SRR5935760	setup_s	0.000033
20261008-155257-b74c0f2-6d43-n16-r4	4	c100	sample	1	1-SRR5935760	classify_s	5.004142
20261008-155257-b74c0f2-6d43-n16-r4	4	c100	sample	1	1-SRR5935760	close_s	0.212292
20261008-155257-b74c0f2-6d43-n16-r4	4	c100	sample	1	1-SRR5935760	report_s	0.133526
20261008-155257-b74c0f2-6d43-n16-r4	4	c100	sample	1	1-SRR5935760	status	0
20261008-155257-b74c0f2-6d43-n16-r4	4	c100	sample	1	1-SRR5935760	sequences	10834778
20261008-155257-b74c0f2-6d43-n16-r4	4	c100	sample	1	1-SRR5935760	bases	1957586977
20261008-155257-b74c0f2-6d43-n16-r4	4	c100	sample	1	1-SRR5935760	classified	10642489
20261008-155257-b74c0f2-6d43-n16-r4	4	c100	sample	1	1-SRR5935760	place	mod
20261008-155257-b74c0f2-6d43-n16-r4	4	c100	sample	1	1-SRR5935760	weight	10834778
20261008-155257-b74c0f2-6d43-n16-r4	4	c100	sample	1	1-SRR5935776	mode	parallel
20261008-155257-b74c0f2-6d43-n16-r4	4	c100	sample	1	1-SRR5935776	s3client	sdk
20261008-155257-b74c0f2-6d43-n16-r4	4	c100	sample	1	1-SRR5935776	rank	4
20261008-155257-b74c0f2-6d43-n16-r4	4	c100	sample	1	1-SRR5935776	role	home
20261008-155257-b74c0f2-6d43-n16-r4	4	c100	sample	1	1-SRR5935776	inflight	1
20261008-155257-b74c0f2-6d43-n16-r4	4	c100	sample	1	1-SRR5935776	threads	16
20261008-155257-b74c0f2-6d43-n16-r4	4	c100	sample	1	1-SRR5935776	start_s	97.597469
20261008-155257-b74c0f2-6d43-n16-r4	4	c100	sample	1	1-SRR5935776	wall_s	1.979166
20261008-155257-b74c0f2-6d43-n16-r4	4	c100	sample	1	1-SRR5935776	setup_s	0.000039
20261008-155257-b74c0f2-6d43-n16-r4	4	c100	sample	1	1-SRR5935776	classify_s	1.637031
20261008-155257-b74c0f2-6d43-n16-r4	4	c100	sample	1	1-SRR5935776	close_s	0.223922
20261008-155257-b74c0f2-6d43-n16-r4	4	c100	sample	1	1-SRR5935776	report_s	0.115368
20261008-155257-b74c0f2-6d43-n16-r4	4	c100	sample	1	1-SRR5935776	status	0
20261008-155257-b74c0f2-6d43-n16-r4	4	c100	sample	1	1-SRR5935776	sequences	3168882
20261008-155257-b74c0f2-6d43-n16-r4	4	c100	sample	1	1-SRR5935776	bases	592648009
20261008-155257-b74c0f2-6d43-n16-r4	4	c100	sample	1	1-SRR5935776	classified	3127330
20261008-155257-b74c0f2-6d43-n16-r4	4	c100	sample	1	1-SRR5935776	place	mod
20261008-155257-b74c0f2-6d43-n16-r4	4	c100	sample	1	1-SRR5935776	weight	3168882
20261008-155257-b74c0f2-6d43-n16-r4	4	c100	engine.mem			t_s	105.0
20261008-155257-b74c0f2-6d43-n16-r4	4	c100	engine.mem			rss_kib	78661420
20261008-155257-b74c0f2-6d43-n16-r4	4	c100	engine.mem			hwm_kib	79393072
20261008-155257-b74c0f2-6d43-n16-r4	4	c100	engine.mem			heap_inuse	4450369536
20261008-155257-b74c0f2-6d43-n16-r4	4	c100	engine.mem			sys	7058854152
20261008-155257-b74c0f2-6d43-n16-r4	4	c100	engine.mem			avail_kib	14938344
20261008-155257-b74c0f2-6d43-n16-r4	4	c100	sample	1	1-SRR5935792	mode	parallel
20261008-155257-b74c0f2-6d43-n16-r4	4	c100	sample	1	1-SRR5935792	s3client	sdk
20261008-155257-b74c0f2-6d43-n16-r4	4	c100	sample	1	1-SRR5935792	rank	4
20261008-155257-b74c0f2-6d43-n16-r4	4	c100	sample	1	1-SRR5935792	role	home
20261008-155257-b74c0f2-6d43-n16-r4	4	c100	sample	1	1-SRR5935792	inflight	1
20261008-155257-b74c0f2-6d43-n16-r4	4	c100	sample	1	1-SRR5935792	threads	16
20261008-155257-b74c0f2-6d43-n16-r4	4	c100	sample	1	1-SRR5935792	start_s	99.576649
20261008-155257-b74c0f2-6d43-n16-r4	4	c100	sample	1	1-SRR5935792	wall_s	5.498760
20261008-155257-b74c0f2-6d43-n16-r4	4	c100	sample	1	1-SRR5935792	setup_s	0.000043
20261008-155257-b74c0f2-6d43-n16-r4	4	c100	sample	1	1-SRR5935792	classify_s	5.114938
20261008-155257-b74c0f2-6d43-n16-r4	4	c100	sample	1	1-SRR5935792	close_s	0.234509
20261008-155257-b74c0f2-6d43-n16-r4	4	c100	sample	1	1-SRR5935792	report_s	0.143371
20261008-155257-b74c0f2-6d43-n16-r4	4	c100	sample	1	1-SRR5935792	status	0
20261008-155257-b74c0f2-6d43-n16-r4	4	c100	sample	1	1-SRR5935792	sequences	11437813
20261008-155257-b74c0f2-6d43-n16-r4	4	c100	sample	1	1-SRR5935792	bases	2096182336
20261008-155257-b74c0f2-6d43-n16-r4	4	c100	sample	1	1-SRR5935792	classified	10922134
20261008-155257-b74c0f2-6d43-n16-r4	4	c100	sample	1	1-SRR5935792	place	mod
20261008-155257-b74c0f2-6d43-n16-r4	4	c100	sample	1	1-SRR5935792	weight	11437813
20261008-155257-b74c0f2-6d43-n16-r4	4	c100	sample	1	1-SRR5935808	mode	parallel
20261008-155257-b74c0f2-6d43-n16-r4	4	c100	sample	1	1-SRR5935808	s3client	sdk
20261008-155257-b74c0f2-6d43-n16-r4	4	c100	sample	1	1-SRR5935808	rank	4
20261008-155257-b74c0f2-6d43-n16-r4	4	c100	sample	1	1-SRR5935808	role	home
20261008-155257-b74c0f2-6d43-n16-r4	4	c100	sample	1	1-SRR5935808	inflight	1
20261008-155257-b74c0f2-6d43-n16-r4	4	c100	sample	1	1-SRR5935808	threads	16
20261008-155257-b74c0f2-6d43-n16-r4	4	c100	sample	1	1-SRR5935808	start_s	105.075426
20261008-155257-b74c0f2-6d43-n16-r4	4	c100	sample	1	1-SRR5935808	wall_s	7.567423
20261008-155257-b74c0f2-6d43-n16-r4	4	c100	sample	1	1-SRR5935808	setup_s	0.000042
20261008-155257-b74c0f2-6d43-n16-r4	4	c100	sample	1	1-SRR5935808	classify_s	7.140042
20261008-155257-b74c0f2-6d43-n16-r4	4	c100	sample	1	1-SRR5935808	close_s	0.291850
20261008-155257-b74c0f2-6d43-n16-r4	4	c100	sample	1	1-SRR5935808	report_s	0.128627
20261008-155257-b74c0f2-6d43-n16-r4	4	c100	sample	1	1-SRR5935808	status	0
20261008-155257-b74c0f2-6d43-n16-r4	4	c100	sample	1	1-SRR5935808	sequences	15500933
20261008-155257-b74c0f2-6d43-n16-r4	4	c100	sample	1	1-SRR5935808	bases	2889469649
20261008-155257-b74c0f2-6d43-n16-r4	4	c100	sample	1	1-SRR5935808	classified	14777244
20261008-155257-b74c0f2-6d43-n16-r4	4	c100	sample	1	1-SRR5935808	place	mod
20261008-155257-b74c0f2-6d43-n16-r4	4	c100	sample	1	1-SRR5935808	weight	15500933
20261008-155257-b74c0f2-6d43-n16-r4	4	c100	sample	1	1-SRR5935824	mode	parallel
20261008-155257-b74c0f2-6d43-n16-r4	4	c100	sample	1	1-SRR5935824	s3client	sdk
20261008-155257-b74c0f2-6d43-n16-r4	4	c100	sample	1	1-SRR5935824	rank	4
20261008-155257-b74c0f2-6d43-n16-r4	4	c100	sample	1	1-SRR5935824	role	home
20261008-155257-b74c0f2-6d43-n16-r4	4	c100	sample	1	1-SRR5935824	inflight	1
20261008-155257-b74c0f2-6d43-n16-r4	4	c100	sample	1	1-SRR5935824	threads	16
20261008-155257-b74c0f2-6d43-n16-r4	4	c100	sample	1	1-SRR5935824	start_s	112.642872
20261008-155257-b74c0f2-6d43-n16-r4	4	c100	sample	1	1-SRR5935824	wall_s	4.559970
20261008-155257-b74c0f2-6d43-n16-r4	4	c100	sample	1	1-SRR5935824	setup_s	0.000039
20261008-155257-b74c0f2-6d43-n16-r4	4	c100	sample	1	1-SRR5935824	classify_s	4.120160
20261008-155257-b74c0f2-6d43-n16-r4	4	c100	sample	1	1-SRR5935824	close_s	0.225843
20261008-155257-b74c0f2-6d43-n16-r4	4	c100	sample	1	1-SRR5935824	report_s	0.207600
20261008-155257-b74c0f2-6d43-n16-r4	4	c100	sample	1	1-SRR5935824	status	0
20261008-155257-b74c0f2-6d43-n16-r4	4	c100	sample	1	1-SRR5935824	sequences	8745078
20261008-155257-b74c0f2-6d43-n16-r4	4	c100	sample	1	1-SRR5935824	bases	1626833325
20261008-155257-b74c0f2-6d43-n16-r4	4	c100	sample	1	1-SRR5935824	classified	8520266
20261008-155257-b74c0f2-6d43-n16-r4	4	c100	sample	1	1-SRR5935824	place	mod
20261008-155257-b74c0f2-6d43-n16-r4	4	c100	sample	1	1-SRR5935824	weight	8745078
20261008-155257-b74c0f2-6d43-n16-r4	4	c100	engine.mem			t_s	120.0
20261008-155257-b74c0f2-6d43-n16-r4	4	c100	engine.mem			rss_kib	79022184
20261008-155257-b74c0f2-6d43-n16-r4	4	c100	engine.mem			hwm_kib	79393072
20261008-155257-b74c0f2-6d43-n16-r4	4	c100	engine.mem			heap_inuse	3973341184
20261008-155257-b74c0f2-6d43-n16-r4	4	c100	engine.mem			sys	7058878728
20261008-155257-b74c0f2-6d43-n16-r4	4	c100	engine.mem			avail_kib	14978616
20261008-155257-b74c0f2-6d43-n16-r4	4	c100	phase			batch-barrier-1	13.996435
20261008-155257-b74c0f2-6d43-n16-r4	4	c100	phase			batch-barrier-1.start_s	117.202855
20261008-155257-b74c0f2-6d43-n16-r4	4	c100	engine.mem			t_s	135.0
20261008-155257-b74c0f2-6d43-n16-r4	4	c100	engine.mem			rss_kib	79061632
20261008-155257-b74c0f2-6d43-n16-r4	4	c100	engine.mem			hwm_kib	79393072
20261008-155257-b74c0f2-6d43-n16-r4	4	c100	engine.mem			heap_inuse	4760313856
20261008-155257-b74c0f2-6d43-n16-r4	4	c100	engine.mem			sys	7058878728
20261008-155257-b74c0f2-6d43-n16-r4	4	c100	engine.mem			avail_kib	15332720
20261008-155257-b74c0f2-6d43-n16-r4	4	c100	sample	2	2-SRR5935751	mode	parallel
20261008-155257-b74c0f2-6d43-n16-r4	4	c100	sample	2	2-SRR5935751	s3client	sdk
20261008-155257-b74c0f2-6d43-n16-r4	4	c100	sample	2	2-SRR5935751	rank	4
20261008-155257-b74c0f2-6d43-n16-r4	4	c100	sample	2	2-SRR5935751	role	home
20261008-155257-b74c0f2-6d43-n16-r4	4	c100	sample	2	2-SRR5935751	inflight	1
20261008-155257-b74c0f2-6d43-n16-r4	4	c100	sample	2	2-SRR5935751	threads	16
20261008-155257-b74c0f2-6d43-n16-r4	4	c100	sample	2	2-SRR5935751	start_s	131.199327
20261008-155257-b74c0f2-6d43-n16-r4	4	c100	sample	2	2-SRR5935751	wall_s	8.883611
20261008-155257-b74c0f2-6d43-n16-r4	4	c100	sample	2	2-SRR5935751	setup_s	0.000046
20261008-155257-b74c0f2-6d43-n16-r4	4	c100	sample	2	2-SRR5935751	classify_s	8.478267
20261008-155257-b74c0f2-6d43-n16-r4	4	c100	sample	2	2-SRR5935751	close_s	0.244403
20261008-155257-b74c0f2-6d43-n16-r4	4	c100	sample	2	2-SRR5935751	report_s	0.154995
20261008-155257-b74c0f2-6d43-n16-r4	4	c100	sample	2	2-SRR5935751	status	0
20261008-155257-b74c0f2-6d43-n16-r4	4	c100	sample	2	2-SRR5935751	sequences	18645445
20261008-155257-b74c0f2-6d43-n16-r4	4	c100	sample	2	2-SRR5935751	bases	3449573600
20261008-155257-b74c0f2-6d43-n16-r4	4	c100	sample	2	2-SRR5935751	classified	18393099
20261008-155257-b74c0f2-6d43-n16-r4	4	c100	sample	2	2-SRR5935751	place	lpt
20261008-155257-b74c0f2-6d43-n16-r4	4	c100	sample	2	2-SRR5935751	weight	18645445
20261008-155257-b74c0f2-6d43-n16-r4	4	c100	sample	2	2-SRR5935830	mode	parallel
20261008-155257-b74c0f2-6d43-n16-r4	4	c100	sample	2	2-SRR5935830	s3client	sdk
20261008-155257-b74c0f2-6d43-n16-r4	4	c100	sample	2	2-SRR5935830	rank	4
20261008-155257-b74c0f2-6d43-n16-r4	4	c100	sample	2	2-SRR5935830	role	home
20261008-155257-b74c0f2-6d43-n16-r4	4	c100	sample	2	2-SRR5935830	inflight	1
20261008-155257-b74c0f2-6d43-n16-r4	4	c100	sample	2	2-SRR5935830	threads	16
20261008-155257-b74c0f2-6d43-n16-r4	4	c100	sample	2	2-SRR5935830	start_s	140.082952
20261008-155257-b74c0f2-6d43-n16-r4	4	c100	sample	2	2-SRR5935830	wall_s	6.824317
20261008-155257-b74c0f2-6d43-n16-r4	4	c100	sample	2	2-SRR5935830	setup_s	0.000045
20261008-155257-b74c0f2-6d43-n16-r4	4	c100	sample	2	2-SRR5935830	classify_s	6.431048
20261008-155257-b74c0f2-6d43-n16-r4	4	c100	sample	2	2-SRR5935830	close_s	0.256028
20261008-155257-b74c0f2-6d43-n16-r4	4	c100	sample	2	2-SRR5935830	report_s	0.131755
20261008-155257-b74c0f2-6d43-n16-r4	4	c100	sample	2	2-SRR5935830	status	0
20261008-155257-b74c0f2-6d43-n16-r4	4	c100	sample	2	2-SRR5935830	sequences	14303962
20261008-155257-b74c0f2-6d43-n16-r4	4	c100	sample	2	2-SRR5935830	bases	2635979010
20261008-155257-b74c0f2-6d43-n16-r4	4	c100	sample	2	2-SRR5935830	classified	14029845
20261008-155257-b74c0f2-6d43-n16-r4	4	c100	sample	2	2-SRR5935830	place	lpt
20261008-155257-b74c0f2-6d43-n16-r4	4	c100	sample	2	2-SRR5935830	weight	14303962
20261008-155257-b74c0f2-6d43-n16-r4	4	c100	engine.mem			t_s	150.0
20261008-155257-b74c0f2-6d43-n16-r4	4	c100	engine.mem			rss_kib	79352328
20261008-155257-b74c0f2-6d43-n16-r4	4	c100	engine.mem			hwm_kib	79544556
20261008-155257-b74c0f2-6d43-n16-r4	4	c100	engine.mem			heap_inuse	4853473280
20261008-155257-b74c0f2-6d43-n16-r4	4	c100	engine.mem			sys	7357038936
20261008-155257-b74c0f2-6d43-n16-r4	4	c100	engine.mem			avail_kib	14707112
20261008-155257-b74c0f2-6d43-n16-r4	4	c100	sample	2	2-SRR5935774	mode	parallel
20261008-155257-b74c0f2-6d43-n16-r4	4	c100	sample	2	2-SRR5935774	s3client	sdk
20261008-155257-b74c0f2-6d43-n16-r4	4	c100	sample	2	2-SRR5935774	rank	4
20261008-155257-b74c0f2-6d43-n16-r4	4	c100	sample	2	2-SRR5935774	role	home
20261008-155257-b74c0f2-6d43-n16-r4	4	c100	sample	2	2-SRR5935774	inflight	1
20261008-155257-b74c0f2-6d43-n16-r4	4	c100	sample	2	2-SRR5935774	threads	16
20261008-155257-b74c0f2-6d43-n16-r4	4	c100	sample	2	2-SRR5935774	start_s	146.907283
20261008-155257-b74c0f2-6d43-n16-r4	4	c100	sample	2	2-SRR5935774	wall_s	5.888710
20261008-155257-b74c0f2-6d43-n16-r4	4	c100	sample	2	2-SRR5935774	setup_s	0.000035
20261008-155257-b74c0f2-6d43-n16-r4	4	c100	sample	2	2-SRR5935774	classify_s	5.430263
20261008-155257-b74c0f2-6d43-n16-r4	4	c100	sample	2	2-SRR5935774	close_s	0.302829
20261008-155257-b74c0f2-6d43-n16-r4	4	c100	sample	2	2-SRR5935774	report_s	0.142956
20261008-155257-b74c0f2-6d43-n16-r4	4	c100	sample	2	2-SRR5935774	status	0
20261008-155257-b74c0f2-6d43-n16-r4	4	c100	sample	2	2-SRR5935774	sequences	12252617
20261008-155257-b74c0f2-6d43-n16-r4	4	c100	sample	2	2-SRR5935774	bases	2212674525
20261008-155257-b74c0f2-6d43-n16-r4	4	c100	sample	2	2-SRR5935774	classified	10208851
20261008-155257-b74c0f2-6d43-n16-r4	4	c100	sample	2	2-SRR5935774	place	lpt
20261008-155257-b74c0f2-6d43-n16-r4	4	c100	sample	2	2-SRR5935774	weight	12252617
20261008-155257-b74c0f2-6d43-n16-r4	4	c100	sample	2	2-SRR5935760	mode	parallel
20261008-155257-b74c0f2-6d43-n16-r4	4	c100	sample	2	2-SRR5935760	s3client	sdk
20261008-155257-b74c0f2-6d43-n16-r4	4	c100	sample	2	2-SRR5935760	rank	4
20261008-155257-b74c0f2-6d43-n16-r4	4	c100	sample	2	2-SRR5935760	role	home
20261008-155257-b74c0f2-6d43-n16-r4	4	c100	sample	2	2-SRR5935760	inflight	1
20261008-155257-b74c0f2-6d43-n16-r4	4	c100	sample	2	2-SRR5935760	threads	16
20261008-155257-b74c0f2-6d43-n16-r4	4	c100	sample	2	2-SRR5935760	start_s	152.796009
20261008-155257-b74c0f2-6d43-n16-r4	4	c100	sample	2	2-SRR5935760	wall_s	5.360444
20261008-155257-b74c0f2-6d43-n16-r4	4	c100	sample	2	2-SRR5935760	setup_s	0.000036
20261008-155257-b74c0f2-6d43-n16-r4	4	c100	sample	2	2-SRR5935760	classify_s	4.988362
20261008-155257-b74c0f2-6d43-n16-r4	4	c100	sample	2	2-SRR5935760	close_s	0.211783
20261008-155257-b74c0f2-6d43-n16-r4	4	c100	sample	2	2-SRR5935760	report_s	0.156133
20261008-155257-b74c0f2-6d43-n16-r4	4	c100	sample	2	2-SRR5935760	status	0
20261008-155257-b74c0f2-6d43-n16-r4	4	c100	sample	2	2-SRR5935760	sequences	10834778
20261008-155257-b74c0f2-6d43-n16-r4	4	c100	sample	2	2-SRR5935760	bases	1957586977
20261008-155257-b74c0f2-6d43-n16-r4	4	c100	sample	2	2-SRR5935760	classified	10642489
20261008-155257-b74c0f2-6d43-n16-r4	4	c100	sample	2	2-SRR5935760	place	lpt
20261008-155257-b74c0f2-6d43-n16-r4	4	c100	sample	2	2-SRR5935760	weight	10834778
20261008-155257-b74c0f2-6d43-n16-r4	4	c100	sample	2	2-SRR5935786	mode	parallel
20261008-155257-b74c0f2-6d43-n16-r4	4	c100	sample	2	2-SRR5935786	s3client	sdk
20261008-155257-b74c0f2-6d43-n16-r4	4	c100	sample	2	2-SRR5935786	rank	4
20261008-155257-b74c0f2-6d43-n16-r4	4	c100	sample	2	2-SRR5935786	role	home
20261008-155257-b74c0f2-6d43-n16-r4	4	c100	sample	2	2-SRR5935786	inflight	1
20261008-155257-b74c0f2-6d43-n16-r4	4	c100	sample	2	2-SRR5935786	threads	16
20261008-155257-b74c0f2-6d43-n16-r4	4	c100	sample	2	2-SRR5935786	start_s	158.156468
20261008-155257-b74c0f2-6d43-n16-r4	4	c100	sample	2	2-SRR5935786	wall_s	5.156496
20261008-155257-b74c0f2-6d43-n16-r4	4	c100	sample	2	2-SRR5935786	setup_s	0.000035
20261008-155257-b74c0f2-6d43-n16-r4	4	c100	sample	2	2-SRR5935786	classify_s	4.677530
20261008-155257-b74c0f2-6d43-n16-r4	4	c100	sample	2	2-SRR5935786	close_s	0.247730
20261008-155257-b74c0f2-6d43-n16-r4	4	c100	sample	2	2-SRR5935786	report_s	0.223859
20261008-155257-b74c0f2-6d43-n16-r4	4	c100	sample	2	2-SRR5935786	status	0
20261008-155257-b74c0f2-6d43-n16-r4	4	c100	sample	2	2-SRR5935786	sequences	10054299
20261008-155257-b74c0f2-6d43-n16-r4	4	c100	sample	2	2-SRR5935786	bases	1885642952
20261008-155257-b74c0f2-6d43-n16-r4	4	c100	sample	2	2-SRR5935786	classified	9575405
20261008-155257-b74c0f2-6d43-n16-r4	4	c100	sample	2	2-SRR5935786	place	lpt
20261008-155257-b74c0f2-6d43-n16-r4	4	c100	sample	2	2-SRR5935786	weight	10054299
20261008-155257-b74c0f2-6d43-n16-r4	4	c100	sample	2	2-SRR5935809	mode	parallel
20261008-155257-b74c0f2-6d43-n16-r4	4	c100	sample	2	2-SRR5935809	s3client	sdk
20261008-155257-b74c0f2-6d43-n16-r4	4	c100	sample	2	2-SRR5935809	rank	4
20261008-155257-b74c0f2-6d43-n16-r4	4	c100	sample	2	2-SRR5935809	role	home
20261008-155257-b74c0f2-6d43-n16-r4	4	c100	sample	2	2-SRR5935809	inflight	1
20261008-155257-b74c0f2-6d43-n16-r4	4	c100	sample	2	2-SRR5935809	threads	16
20261008-155257-b74c0f2-6d43-n16-r4	4	c100	sample	2	2-SRR5935809	start_s	163.312977
20261008-155257-b74c0f2-6d43-n16-r4	4	c100	sample	2	2-SRR5935809	wall_s	1.344962
20261008-155257-b74c0f2-6d43-n16-r4	4	c100	sample	2	2-SRR5935809	setup_s	0.000038
20261008-155257-b74c0f2-6d43-n16-r4	4	c100	sample	2	2-SRR5935809	classify_s	0.908055
20261008-155257-b74c0f2-6d43-n16-r4	4	c100	sample	2	2-SRR5935809	close_s	0.294531
20261008-155257-b74c0f2-6d43-n16-r4	4	c100	sample	2	2-SRR5935809	report_s	0.139417
20261008-155257-b74c0f2-6d43-n16-r4	4	c100	sample	2	2-SRR5935809	status	0
20261008-155257-b74c0f2-6d43-n16-r4	4	c100	sample	2	2-SRR5935809	sequences	1539039
20261008-155257-b74c0f2-6d43-n16-r4	4	c100	sample	2	2-SRR5935809	bases	293657718
20261008-155257-b74c0f2-6d43-n16-r4	4	c100	sample	2	2-SRR5935809	classified	1494119
20261008-155257-b74c0f2-6d43-n16-r4	4	c100	sample	2	2-SRR5935809	place	lpt
20261008-155257-b74c0f2-6d43-n16-r4	4	c100	sample	2	2-SRR5935809	weight	1539039
20261008-155257-b74c0f2-6d43-n16-r4	4	c100	engine.mem			t_s	165.0
20261008-155257-b74c0f2-6d43-n16-r4	4	c100	engine.mem			rss_kib	77658588
20261008-155257-b74c0f2-6d43-n16-r4	4	c100	engine.mem			hwm_kib	79544556
20261008-155257-b74c0f2-6d43-n16-r4	4	c100	engine.mem			heap_inuse	2492301312
20261008-155257-b74c0f2-6d43-n16-r4	4	c100	engine.mem			sys	7357571416
20261008-155257-b74c0f2-6d43-n16-r4	4	c100	engine.mem			avail_kib	15483324
20261008-155257-b74c0f2-6d43-n16-r4	4	c100	sample	2	2-SRR5935839	mode	parallel
20261008-155257-b74c0f2-6d43-n16-r4	4	c100	sample	2	2-SRR5935839	s3client	sdk
20261008-155257-b74c0f2-6d43-n16-r4	4	c100	sample	2	2-SRR5935839	rank	4
20261008-155257-b74c0f2-6d43-n16-r4	4	c100	sample	2	2-SRR5935839	role	home
20261008-155257-b74c0f2-6d43-n16-r4	4	c100	sample	2	2-SRR5935839	inflight	1
20261008-155257-b74c0f2-6d43-n16-r4	4	c100	sample	2	2-SRR5935839	threads	16
20261008-155257-b74c0f2-6d43-n16-r4	4	c100	sample	2	2-SRR5935839	start_s	164.657953
20261008-155257-b74c0f2-6d43-n16-r4	4	c100	sample	2	2-SRR5935839	wall_s	1.149247
20261008-155257-b74c0f2-6d43-n16-r4	4	c100	sample	2	2-SRR5935839	setup_s	0.000042
20261008-155257-b74c0f2-6d43-n16-r4	4	c100	sample	2	2-SRR5935839	classify_s	0.677614
20261008-155257-b74c0f2-6d43-n16-r4	4	c100	sample	2	2-SRR5935839	close_s	0.335630
20261008-155257-b74c0f2-6d43-n16-r4	4	c100	sample	2	2-SRR5935839	report_s	0.134236
20261008-155257-b74c0f2-6d43-n16-r4	4	c100	sample	2	2-SRR5935839	status	0
20261008-155257-b74c0f2-6d43-n16-r4	4	c100	sample	2	2-SRR5935839	sequences	1085628
20261008-155257-b74c0f2-6d43-n16-r4	4	c100	sample	2	2-SRR5935839	bases	199244471
20261008-155257-b74c0f2-6d43-n16-r4	4	c100	sample	2	2-SRR5935839	classified	1061820
20261008-155257-b74c0f2-6d43-n16-r4	4	c100	sample	2	2-SRR5935839	place	lpt
20261008-155257-b74c0f2-6d43-n16-r4	4	c100	sample	2	2-SRR5935839	weight	1085628
20261008-155257-b74c0f2-6d43-n16-r4	4	c100	phase			batch-barrier-2	2.492443
20261008-155257-b74c0f2-6d43-n16-r4	4	c100	phase			batch-barrier-2.start_s	165.807211
20261008-155257-b74c0f2-6d43-n16-r4	4	c100	phase			barrier	1.044965
20261008-155257-b74c0f2-6d43-n16-r4	4	c100	phase			barrier.start_s	173.421661
20261008-155257-b74c0f2-6d43-n16-r4	4	c100	sample	3	3-SRR5935740	mode	striped
20261008-155257-b74c0f2-6d43-n16-r4	4	c100	sample	3	3-SRR5935740	s3client	sdk
20261008-155257-b74c0f2-6d43-n16-r4	4	c100	sample	3	3-SRR5935740	rank	4
20261008-155257-b74c0f2-6d43-n16-r4	4	c100	sample	3	3-SRR5935740	role	peer
20261008-155257-b74c0f2-6d43-n16-r4	4	c100	sample	3	3-SRR5935740	inflight	1
20261008-155257-b74c0f2-6d43-n16-r4	4	c100	sample	3	3-SRR5935740	threads	16
20261008-155257-b74c0f2-6d43-n16-r4	4	c100	sample	3	3-SRR5935740	start_s	168.824555
20261008-155257-b74c0f2-6d43-n16-r4	4	c100	sample	3	3-SRR5935740	wall_s	5.642104
20261008-155257-b74c0f2-6d43-n16-r4	4	c100	sample	3	3-SRR5935740	setup_s	0.000034
20261008-155257-b74c0f2-6d43-n16-r4	4	c100	sample	3	3-SRR5935740	classify_s	4.593985
20261008-155257-b74c0f2-6d43-n16-r4	4	c100	sample	3	3-SRR5935740	close_s	0.000000
20261008-155257-b74c0f2-6d43-n16-r4	4	c100	sample	3	3-SRR5935740	report_s	0.000000
20261008-155257-b74c0f2-6d43-n16-r4	4	c100	sample	3	3-SRR5935740	status	0
20261008-155257-b74c0f2-6d43-n16-r4	4	c100	sample	3	3-SRR5935740	sequences	0
20261008-155257-b74c0f2-6d43-n16-r4	4	c100	sample	3	3-SRR5935740	bases	0
20261008-155257-b74c0f2-6d43-n16-r4	4	c100	sample	3	3-SRR5935740	classified	0
20261008-155257-b74c0f2-6d43-n16-r4	4	c100	sample	3	3-SRR5935740	place	-
20261008-155257-b74c0f2-6d43-n16-r4	4	c100	sample	3	3-SRR5935740	weight	-
20261008-155257-b74c0f2-6d43-n16-r4	4	c100	phase			batch-barrier-3	0.526002
20261008-155257-b74c0f2-6d43-n16-r4	4	c100	phase			batch-barrier-3.start_s	174.466665
20261008-155257-b74c0f2-6d43-n16-r4	4	c100	engine.mem			t_s	180.0
20261008-155257-b74c0f2-6d43-n16-r4	4	c100	engine.mem			rss_kib	76239456
20261008-155257-b74c0f2-6d43-n16-r4	4	c100	engine.mem			hwm_kib	79544556
20261008-155257-b74c0f2-6d43-n16-r4	4	c100	engine.mem			heap_inuse	2860490752
20261008-155257-b74c0f2-6d43-n16-r4	4	c100	engine.mem			sys	7357571416
20261008-155257-b74c0f2-6d43-n16-r4	4	c100	engine.mem			avail_kib	18123392
20261008-155257-b74c0f2-6d43-n16-r4	4	c100	phase			barrier	0.189404
20261008-155257-b74c0f2-6d43-n16-r4	4	c100	phase			barrier.start_s	180.464714
20261008-155257-b74c0f2-6d43-n16-r4	4	c100	sample	4	4-SRR5935740	mode	striped
20261008-155257-b74c0f2-6d43-n16-r4	4	c100	sample	4	4-SRR5935740	s3client	sdk
20261008-155257-b74c0f2-6d43-n16-r4	4	c100	sample	4	4-SRR5935740	rank	4
20261008-155257-b74c0f2-6d43-n16-r4	4	c100	sample	4	4-SRR5935740	role	peer
20261008-155257-b74c0f2-6d43-n16-r4	4	c100	sample	4	4-SRR5935740	inflight	1
20261008-155257-b74c0f2-6d43-n16-r4	4	c100	sample	4	4-SRR5935740	threads	16
20261008-155257-b74c0f2-6d43-n16-r4	4	c100	sample	4	4-SRR5935740	start_s	175.829061
20261008-155257-b74c0f2-6d43-n16-r4	4	c100	sample	4	4-SRR5935740	wall_s	4.825090
20261008-155257-b74c0f2-6d43-n16-r4	4	c100	sample	4	4-SRR5935740	setup_s	0.000032
20261008-155257-b74c0f2-6d43-n16-r4	4	c100	sample	4	4-SRR5935740	classify_s	4.632261
20261008-155257-b74c0f2-6d43-n16-r4	4	c100	sample	4	4-SRR5935740	close_s	0.000000
20261008-155257-b74c0f2-6d43-n16-r4	4	c100	sample	4	4-SRR5935740	report_s	0.000000
20261008-155257-b74c0f2-6d43-n16-r4	4	c100	sample	4	4-SRR5935740	status	0
20261008-155257-b74c0f2-6d43-n16-r4	4	c100	sample	4	4-SRR5935740	sequences	0
20261008-155257-b74c0f2-6d43-n16-r4	4	c100	sample	4	4-SRR5935740	bases	0
20261008-155257-b74c0f2-6d43-n16-r4	4	c100	sample	4	4-SRR5935740	classified	0
20261008-155257-b74c0f2-6d43-n16-r4	4	c100	sample	4	4-SRR5935740	place	-
20261008-155257-b74c0f2-6d43-n16-r4	4	c100	sample	4	4-SRR5935740	weight	-
20261008-155257-b74c0f2-6d43-n16-r4	4	c100	phase			batch-barrier-4	0.506265
20261008-155257-b74c0f2-6d43-n16-r4	4	c100	phase			batch-barrier-4.start_s	180.654157
20261008-155257-b74c0f2-6d43-n16-r4	4	c100	phase			barrier	0.144068
20261008-155257-b74c0f2-6d43-n16-r4	4	c100	phase			barrier.start_s	186.541801
20261008-155257-b74c0f2-6d43-n16-r4	4	c100	sample	5	5-SRR5935740	mode	striped
20261008-155257-b74c0f2-6d43-n16-r4	4	c100	sample	5	5-SRR5935740	s3client	sdk
20261008-155257-b74c0f2-6d43-n16-r4	4	c100	sample	5	5-SRR5935740	rank	4
20261008-155257-b74c0f2-6d43-n16-r4	4	c100	sample	5	5-SRR5935740	role	peer
20261008-155257-b74c0f2-6d43-n16-r4	4	c100	sample	5	5-SRR5935740	inflight	1
20261008-155257-b74c0f2-6d43-n16-r4	4	c100	sample	5	5-SRR5935740	threads	16
20261008-155257-b74c0f2-6d43-n16-r4	4	c100	sample	5	5-SRR5935740	start_s	181.929209
20261008-155257-b74c0f2-6d43-n16-r4	4	c100	sample	5	5-SRR5935740	wall_s	4.756696
20261008-155257-b74c0f2-6d43-n16-r4	4	c100	sample	5	5-SRR5935740	setup_s	0.000027
20261008-155257-b74c0f2-6d43-n16-r4	4	c100	sample	5	5-SRR5935740	classify_s	4.609521
20261008-155257-b74c0f2-6d43-n16-r4	4	c100	sample	5	5-SRR5935740	close_s	0.000000
20261008-155257-b74c0f2-6d43-n16-r4	4	c100	sample	5	5-SRR5935740	report_s	0.000000
20261008-155257-b74c0f2-6d43-n16-r4	4	c100	sample	5	5-SRR5935740	status	0
20261008-155257-b74c0f2-6d43-n16-r4	4	c100	sample	5	5-SRR5935740	sequences	0
20261008-155257-b74c0f2-6d43-n16-r4	4	c100	sample	5	5-SRR5935740	bases	0
20261008-155257-b74c0f2-6d43-n16-r4	4	c100	sample	5	5-SRR5935740	classified	0
20261008-155257-b74c0f2-6d43-n16-r4	4	c100	sample	5	5-SRR5935740	place	-
20261008-155257-b74c0f2-6d43-n16-r4	4	c100	sample	5	5-SRR5935740	weight	-
20261008-155257-b74c0f2-6d43-n16-r4	4	c100	phase			batch-barrier-5	0.546379
20261008-155257-b74c0f2-6d43-n16-r4	4	c100	phase			batch-barrier-5.start_s	186.685912
20261008-155257-b74c0f2-6d43-n16-r4	4	c100	phase			batch-barrier-6	6.107191
20261008-155257-b74c0f2-6d43-n16-r4	4	c100	phase			batch-barrier-6.start_s	187.232301
20261008-155257-b74c0f2-6d43-n16-r4	4	c100	engine.mem			t_s	195.0
20261008-155257-b74c0f2-6d43-n16-r4	4	c100	engine.mem			rss_kib	76297076
20261008-155257-b74c0f2-6d43-n16-r4	4	c100	engine.mem			hwm_kib	79544556
20261008-155257-b74c0f2-6d43-n16-r4	4	c100	engine.mem			heap_inuse	3657252864
20261008-155257-b74c0f2-6d43-n16-r4	4	c100	engine.mem			sys	7357571416
20261008-155257-b74c0f2-6d43-n16-r4	4	c100	engine.mem			avail_kib	18644276
20261008-155257-b74c0f2-6d43-n16-r4	4	c100	phase			batch-barrier-7	5.058412
20261008-155257-b74c0f2-6d43-n16-r4	4	c100	phase			batch-barrier-7.start_s	193.339509
20261008-155257-b74c0f2-6d43-n16-r4	4	c100	phase			batch-barrier-8	6.101979
20261008-155257-b74c0f2-6d43-n16-r4	4	c100	phase			batch-barrier-8.start_s	198.397936
20261008-155257-b74c0f2-6d43-n16-r4	4	c100	engine.shard			index	0
20261008-155257-b74c0f2-6d43-n16-r4	4	c100	engine.shard			n	16
20261008-155257-b74c0f2-6d43-n16-r4	4	c100	engine.shard			lo	74318229485
20261008-155257-b74c0f2-6d43-n16-r4	4	c100	engine.shard			hi	92897786856
20261008-155257-b74c0f2-6d43-n16-r4	4	c100	engine.shard			tail	302
20261008-155257-b74c0f2-6d43-n16-r4	4	c100	engine.shard			full	false
20261008-155257-b74c0f2-6d43-n16-r4	4	c100	engine.shard			empty_at	18579557370
20261008-155257-b74c0f2-6d43-n16-r4	4	c100	engine.shard			keys	8477552208
20261008-155257-b74c0f2-6d43-n16-r4	4	c100	engine.shard			batches	89910
20261008-155257-b74c0f2-6d43-n16-r4	4	c100	engine.shard			probe_s	161.896856
20261008-155257-b74c0f2-6d43-n16-r4	4	c100	engine.shard			tail_probes	0
20261008-155257-b74c0f2-6d43-n16-r4	4	c100	engine.shard			wrap_probes	0
20261008-155257-b74c0f2-6d43-n16-r4	4	c100	engine.mem			t_s	204.5
20261008-155257-b74c0f2-6d43-n16-r4	4	c100	engine.mem			rss_kib	76297080
20261008-155257-b74c0f2-6d43-n16-r4	4	c100	engine.mem			hwm_kib	79544556
20261008-155257-b74c0f2-6d43-n16-r4	4	c100	engine.mem			heap_inuse	3658596352
20261008-155257-b74c0f2-6d43-n16-r4	4	c100	engine.mem			sys	7357571416
20261008-155257-b74c0f2-6d43-n16-r4	4	c100	engine.mem			avail_kib	18764452
20261008-155257-b74c0f2-6d43-n16-r4	4	c100	engine.rendezvous			puts	13
20261008-155257-b74c0f2-6d43-n16-r4	4	c100	engine.rendezvous			gets	492
20261008-155257-b74c0f2-6d43-n16-r4	4	c100	engine.s3			client	sdk
20261008-155257-b74c0f2-6d43-n16-r4	4	c100	engine.s3			put	33
20261008-155257-b74c0f2-6d43-n16-r4	4	c100	engine.s3			get	492
20261008-155257-b74c0f2-6d43-n16-r4	4	c100	engine.s3			create_multipart	20
20261008-155257-b74c0f2-6d43-n16-r4	4	c100	engine.s3			upload_part	2035
20261008-155257-b74c0f2-6d43-n16-r4	4	c100	engine.s3			complete_multipart	20
20261008-155257-b74c0f2-6d43-n16-r4	4	c100	engine.s3			abort_multipart	0
20261008-155257-b74c0f2-6d43-n16-r4	4	c100	engine.s3			part_bytes	17007170948
20261008-155257-b74c0f2-6d43-n16-r4	4	c100	engine.s3			client	cli
20261008-155257-b74c0f2-6d43-n16-r4	4	c100	engine.s3			put	0
20261008-155257-b74c0f2-6d43-n16-r4	4	c100	engine.s3			get	0
20261008-155257-b74c0f2-6d43-n16-r4	4	c100	engine.s3			create_multipart	0
20261008-155257-b74c0f2-6d43-n16-r4	4	c100	engine.s3			upload_part	0
20261008-155257-b74c0f2-6d43-n16-r4	4	c100	engine.s3			complete_multipart	0
20261008-155257-b74c0f2-6d43-n16-r4	4	c100	engine.s3			abort_multipart	0
20261008-155257-b74c0f2-6d43-n16-r4	4	c100	engine.s3			part_bytes	0
20261008-155257-b74c0f2-6d43-n16-r4	4	c100	engine.load			seconds	30.882907
20261008-155257-b74c0f2-6d43-n16-r4	4	c100	engine.load			requests	1126
20261008-155257-b74c0f2-6d43-n16-r4	4	c100	engine.load			retries	0
20261008-155257-b74c0f2-6d43-n16-r4	4	c100	engine.load			bytes	74318296292
20261008-155257-b74c0f2-6d43-n16-r4	4	c100	engine.route			transport	nodes
20261008-155257-b74c0f2-6d43-n16-r4	4	c100	engine.route			calls	5346
20261008-155257-b74c0f2-6d43-n16-r4	4	c100	engine.route			keys	8037635259
20261008-155257-b74c0f2-6d43-n16-r4	4	c100	engine.route			batches	85536
20261008-155257-b74c0f2-6d43-n16-r4	4	c100	engine.route			route_s	54.364198
20261008-155257-b74c0f2-6d43-n16-r4	4	c100	engine.route			wait_s	40.576085
20261008-155257-b74c0f2-6d43-n16-r4	4	c100	engine.route			gather_s	11.879214
20261008-155257-b74c0f2-6d43-n16-r4	4	c100	engine.worker			scan_s	412.660158
20261008-155257-b74c0f2-6d43-n16-r4	4	c100	engine.worker			lookup_s	106.821118
20261008-155257-b74c0f2-6d43-n16-r4	4	c100	engine.worker			classify_s	344.881320
20261008-155257-b74c0f2-6d43-n16-r4	4	c100	phase			total	204.605455
20261008-155257-b74c0f2-6d43-n16-r4	4	c100	phase			total.start_s	0.000000
20261008-155257-b74c0f2-6d43-n16-r5	5	c100	phase			taxo	0.077412
20261008-155257-b74c0f2-6d43-n16-r5	5	c100	phase			taxo.start_s	0.002817
20261008-155257-b74c0f2-6d43-n16-r5	5	c100	engine.mem			t_s	15.0
20261008-155257-b74c0f2-6d43-n16-r5	5	c100	engine.mem			rss_kib	44719588
20261008-155257-b74c0f2-6d43-n16-r5	5	c100	engine.mem			hwm_kib	44719592
20261008-155257-b74c0f2-6d43-n16-r5	5	c100	engine.mem			heap_inuse	404848640
20261008-155257-b74c0f2-6d43-n16-r5	5	c100	engine.mem			sys	439867752
20261008-155257-b74c0f2-6d43-n16-r5	5	c100	engine.mem			avail_kib	49982936
20261008-155257-b74c0f2-6d43-n16-r5	5	c100	phase			shard-load-5	24.842469
20261008-155257-b74c0f2-6d43-n16-r5	5	c100	phase			shard-load-5.start_s	0.145536
20261008-155257-b74c0f2-6d43-n16-r5	5	c100	engine.mem			t_s	30.0
20261008-155257-b74c0f2-6d43-n16-r5	5	c100	engine.mem			rss_kib	72978688
20261008-155257-b74c0f2-6d43-n16-r5	5	c100	engine.mem			hwm_kib	72978692
20261008-155257-b74c0f2-6d43-n16-r5	5	c100	engine.mem			heap_inuse	409968640
20261008-155257-b74c0f2-6d43-n16-r5	5	c100	engine.mem			sys	444062056
20261008-155257-b74c0f2-6d43-n16-r5	5	c100	engine.mem			avail_kib	21867584
20261008-155257-b74c0f2-6d43-n16-r5	5	c100	engine.mem			t_s	45.0
20261008-155257-b74c0f2-6d43-n16-r5	5	c100	engine.mem			rss_kib	72981612
20261008-155257-b74c0f2-6d43-n16-r5	5	c100	engine.mem			hwm_kib	72981616
20261008-155257-b74c0f2-6d43-n16-r5	5	c100	engine.mem			heap_inuse	413556736
20261008-155257-b74c0f2-6d43-n16-r5	5	c100	engine.mem			sys	444062056
20261008-155257-b74c0f2-6d43-n16-r5	5	c100	engine.mem			avail_kib	22225968
20261008-155257-b74c0f2-6d43-n16-r5	5	c100	phase			rendezvous	23.925009
20261008-155257-b74c0f2-6d43-n16-r5	5	c100	phase			rendezvous.start_s	25.591290
20261008-155257-b74c0f2-6d43-n16-r5	5	c100	phase			connect	0.006122
20261008-155257-b74c0f2-6d43-n16-r5	5	c100	phase			connect.start_s	49.516312
20261008-155257-b74c0f2-6d43-n16-r5	5	c100	phase			hash	49.442119
20261008-155257-b74c0f2-6d43-n16-r5	5	c100	phase			hash.start_s	0.080324
20261008-155257-b74c0f2-6d43-n16-r5	5	c100	sample	0	0-SRR5935803	mode	parallel
20261008-155257-b74c0f2-6d43-n16-r5	5	c100	sample	0	0-SRR5935803	s3client	sdk
20261008-155257-b74c0f2-6d43-n16-r5	5	c100	sample	0	0-SRR5935803	rank	5
20261008-155257-b74c0f2-6d43-n16-r5	5	c100	sample	0	0-SRR5935803	role	home
20261008-155257-b74c0f2-6d43-n16-r5	5	c100	sample	0	0-SRR5935803	inflight	1
20261008-155257-b74c0f2-6d43-n16-r5	5	c100	sample	0	0-SRR5935803	threads	16
20261008-155257-b74c0f2-6d43-n16-r5	5	c100	sample	0	0-SRR5935803	start_s	49.522466
20261008-155257-b74c0f2-6d43-n16-r5	5	c100	sample	0	0-SRR5935803	wall_s	8.793172
20261008-155257-b74c0f2-6d43-n16-r5	5	c100	sample	0	0-SRR5935803	setup_s	0.000030
20261008-155257-b74c0f2-6d43-n16-r5	5	c100	sample	0	0-SRR5935803	classify_s	8.330029
20261008-155257-b74c0f2-6d43-n16-r5	5	c100	sample	0	0-SRR5935803	close_s	0.300999
20261008-155257-b74c0f2-6d43-n16-r5	5	c100	sample	0	0-SRR5935803	report_s	0.155439
20261008-155257-b74c0f2-6d43-n16-r5	5	c100	sample	0	0-SRR5935803	status	0
20261008-155257-b74c0f2-6d43-n16-r5	5	c100	sample	0	0-SRR5935803	sequences	18392491
20261008-155257-b74c0f2-6d43-n16-r5	5	c100	sample	0	0-SRR5935803	bases	3418705365
20261008-155257-b74c0f2-6d43-n16-r5	5	c100	sample	0	0-SRR5935803	classified	18064386
20261008-155257-b74c0f2-6d43-n16-r5	5	c100	sample	0	0-SRR5935803	place	lpt
20261008-155257-b74c0f2-6d43-n16-r5	5	c100	sample	0	0-SRR5935803	weight	18392491
20261008-155257-b74c0f2-6d43-n16-r5	5	c100	engine.mem			t_s	60.0
20261008-155257-b74c0f2-6d43-n16-r5	5	c100	engine.mem			rss_kib	78482880
20261008-155257-b74c0f2-6d43-n16-r5	5	c100	engine.mem			hwm_kib	78482880
20261008-155257-b74c0f2-6d43-n16-r5	5	c100	engine.mem			heap_inuse	4916903936
20261008-155257-b74c0f2-6d43-n16-r5	5	c100	engine.mem			sys	6062907416
20261008-155257-b74c0f2-6d43-n16-r5	5	c100	engine.mem			avail_kib	16644636
20261008-155257-b74c0f2-6d43-n16-r5	5	c100	sample	0	0-SRR5935806	mode	parallel
20261008-155257-b74c0f2-6d43-n16-r5	5	c100	sample	0	0-SRR5935806	s3client	sdk
20261008-155257-b74c0f2-6d43-n16-r5	5	c100	sample	0	0-SRR5935806	rank	5
20261008-155257-b74c0f2-6d43-n16-r5	5	c100	sample	0	0-SRR5935806	role	home
20261008-155257-b74c0f2-6d43-n16-r5	5	c100	sample	0	0-SRR5935806	inflight	1
20261008-155257-b74c0f2-6d43-n16-r5	5	c100	sample	0	0-SRR5935806	threads	16
20261008-155257-b74c0f2-6d43-n16-r5	5	c100	sample	0	0-SRR5935806	start_s	58.315650
20261008-155257-b74c0f2-6d43-n16-r5	5	c100	sample	0	0-SRR5935806	wall_s	7.152007
20261008-155257-b74c0f2-6d43-n16-r5	5	c100	sample	0	0-SRR5935806	setup_s	0.000040
20261008-155257-b74c0f2-6d43-n16-r5	5	c100	sample	0	0-SRR5935806	classify_s	6.778796
20261008-155257-b74c0f2-6d43-n16-r5	5	c100	sample	0	0-SRR5935806	close_s	0.241171
20261008-155257-b74c0f2-6d43-n16-r5	5	c100	sample	0	0-SRR5935806	report_s	0.125694
20261008-155257-b74c0f2-6d43-n16-r5	5	c100	sample	0	0-SRR5935806	status	0
20261008-155257-b74c0f2-6d43-n16-r5	5	c100	sample	0	0-SRR5935806	sequences	14472574
20261008-155257-b74c0f2-6d43-n16-r5	5	c100	sample	0	0-SRR5935806	bases	2738529910
20261008-155257-b74c0f2-6d43-n16-r5	5	c100	sample	0	0-SRR5935806	classified	14022498
20261008-155257-b74c0f2-6d43-n16-r5	5	c100	sample	0	0-SRR5935806	place	lpt
20261008-155257-b74c0f2-6d43-n16-r5	5	c100	sample	0	0-SRR5935806	weight	14472574
20261008-155257-b74c0f2-6d43-n16-r5	5	c100	sample	0	0-SRR5935742	mode	parallel
20261008-155257-b74c0f2-6d43-n16-r5	5	c100	sample	0	0-SRR5935742	s3client	sdk
20261008-155257-b74c0f2-6d43-n16-r5	5	c100	sample	0	0-SRR5935742	rank	5
20261008-155257-b74c0f2-6d43-n16-r5	5	c100	sample	0	0-SRR5935742	role	home
20261008-155257-b74c0f2-6d43-n16-r5	5	c100	sample	0	0-SRR5935742	inflight	1
20261008-155257-b74c0f2-6d43-n16-r5	5	c100	sample	0	0-SRR5935742	threads	16
20261008-155257-b74c0f2-6d43-n16-r5	5	c100	sample	0	0-SRR5935742	start_s	65.467670
20261008-155257-b74c0f2-6d43-n16-r5	5	c100	sample	0	0-SRR5935742	wall_s	5.946028
20261008-155257-b74c0f2-6d43-n16-r5	5	c100	sample	0	0-SRR5935742	setup_s	0.000036
20261008-155257-b74c0f2-6d43-n16-r5	5	c100	sample	0	0-SRR5935742	classify_s	5.543771
20261008-155257-b74c0f2-6d43-n16-r5	5	c100	sample	0	0-SRR5935742	close_s	0.237336
20261008-155257-b74c0f2-6d43-n16-r5	5	c100	sample	0	0-SRR5935742	report_s	0.157773
20261008-155257-b74c0f2-6d43-n16-r5	5	c100	sample	0	0-SRR5935742	status	0
20261008-155257-b74c0f2-6d43-n16-r5	5	c100	sample	0	0-SRR5935742	sequences	12325847
20261008-155257-b74c0f2-6d43-n16-r5	5	c100	sample	0	0-SRR5935742	bases	2261511731
20261008-155257-b74c0f2-6d43-n16-r5	5	c100	sample	0	0-SRR5935742	classified	11791754
20261008-155257-b74c0f2-6d43-n16-r5	5	c100	sample	0	0-SRR5935742	place	lpt
20261008-155257-b74c0f2-6d43-n16-r5	5	c100	sample	0	0-SRR5935742	weight	12325847
20261008-155257-b74c0f2-6d43-n16-r5	5	c100	engine.mem			t_s	75.0
20261008-155257-b74c0f2-6d43-n16-r5	5	c100	engine.mem			rss_kib	78468560
20261008-155257-b74c0f2-6d43-n16-r5	5	c100	engine.mem			hwm_kib	79331888
20261008-155257-b74c0f2-6d43-n16-r5	5	c100	engine.mem			heap_inuse	4274864128
20261008-155257-b74c0f2-6d43-n16-r5	5	c100	engine.mem			sys	6974288104
20261008-155257-b74c0f2-6d43-n16-r5	5	c100	engine.mem			avail_kib	15432368
20261008-155257-b74c0f2-6d43-n16-r5	5	c100	sample	0	0-SRR5935819	mode	parallel
20261008-155257-b74c0f2-6d43-n16-r5	5	c100	sample	0	0-SRR5935819	s3client	sdk
20261008-155257-b74c0f2-6d43-n16-r5	5	c100	sample	0	0-SRR5935819	rank	5
20261008-155257-b74c0f2-6d43-n16-r5	5	c100	sample	0	0-SRR5935819	role	home
20261008-155257-b74c0f2-6d43-n16-r5	5	c100	sample	0	0-SRR5935819	inflight	1
20261008-155257-b74c0f2-6d43-n16-r5	5	c100	sample	0	0-SRR5935819	threads	16
20261008-155257-b74c0f2-6d43-n16-r5	5	c100	sample	0	0-SRR5935819	start_s	71.413712
20261008-155257-b74c0f2-6d43-n16-r5	5	c100	sample	0	0-SRR5935819	wall_s	5.604695
20261008-155257-b74c0f2-6d43-n16-r5	5	c100	sample	0	0-SRR5935819	setup_s	0.000069
20261008-155257-b74c0f2-6d43-n16-r5	5	c100	sample	0	0-SRR5935819	classify_s	5.194466
20261008-155257-b74c0f2-6d43-n16-r5	5	c100	sample	0	0-SRR5935819	close_s	0.273634
20261008-155257-b74c0f2-6d43-n16-r5	5	c100	sample	0	0-SRR5935819	report_s	0.132576
20261008-155257-b74c0f2-6d43-n16-r5	5	c100	sample	0	0-SRR5935819	status	0
20261008-155257-b74c0f2-6d43-n16-r5	5	c100	sample	0	0-SRR5935819	sequences	10896278
20261008-155257-b74c0f2-6d43-n16-r5	5	c100	sample	0	0-SRR5935819	bases	2024821947
20261008-155257-b74c0f2-6d43-n16-r5	5	c100	sample	0	0-SRR5935819	classified	10712521
20261008-155257-b74c0f2-6d43-n16-r5	5	c100	sample	0	0-SRR5935819	place	lpt
20261008-155257-b74c0f2-6d43-n16-r5	5	c100	sample	0	0-SRR5935819	weight	10896278
20261008-155257-b74c0f2-6d43-n16-r5	5	c100	sample	0	0-SRR5935812	mode	parallel
20261008-155257-b74c0f2-6d43-n16-r5	5	c100	sample	0	0-SRR5935812	s3client	sdk
20261008-155257-b74c0f2-6d43-n16-r5	5	c100	sample	0	0-SRR5935812	rank	5
20261008-155257-b74c0f2-6d43-n16-r5	5	c100	sample	0	0-SRR5935812	role	home
20261008-155257-b74c0f2-6d43-n16-r5	5	c100	sample	0	0-SRR5935812	inflight	1
20261008-155257-b74c0f2-6d43-n16-r5	5	c100	sample	0	0-SRR5935812	threads	16
20261008-155257-b74c0f2-6d43-n16-r5	5	c100	sample	0	0-SRR5935812	start_s	77.018419
20261008-155257-b74c0f2-6d43-n16-r5	5	c100	sample	0	0-SRR5935812	wall_s	4.588411
20261008-155257-b74c0f2-6d43-n16-r5	5	c100	sample	0	0-SRR5935812	setup_s	0.000037
20261008-155257-b74c0f2-6d43-n16-r5	5	c100	sample	0	0-SRR5935812	classify_s	4.208613
20261008-155257-b74c0f2-6d43-n16-r5	5	c100	sample	0	0-SRR5935812	close_s	0.228395
20261008-155257-b74c0f2-6d43-n16-r5	5	c100	sample	0	0-SRR5935812	report_s	0.146261
20261008-155257-b74c0f2-6d43-n16-r5	5	c100	sample	0	0-SRR5935812	status	0
20261008-155257-b74c0f2-6d43-n16-r5	5	c100	sample	0	0-SRR5935812	sequences	9108174
20261008-155257-b74c0f2-6d43-n16-r5	5	c100	sample	0	0-SRR5935812	bases	1698332428
20261008-155257-b74c0f2-6d43-n16-r5	5	c100	sample	0	0-SRR5935812	classified	8923230
20261008-155257-b74c0f2-6d43-n16-r5	5	c100	sample	0	0-SRR5935812	place	lpt
20261008-155257-b74c0f2-6d43-n16-r5	5	c100	sample	0	0-SRR5935812	weight	9108174
20261008-155257-b74c0f2-6d43-n16-r5	5	c100	sample	0	0-SRR5935763	mode	parallel
20261008-155257-b74c0f2-6d43-n16-r5	5	c100	sample	0	0-SRR5935763	s3client	sdk
20261008-155257-b74c0f2-6d43-n16-r5	5	c100	sample	0	0-SRR5935763	rank	5
20261008-155257-b74c0f2-6d43-n16-r5	5	c100	sample	0	0-SRR5935763	role	home
20261008-155257-b74c0f2-6d43-n16-r5	5	c100	sample	0	0-SRR5935763	inflight	1
20261008-155257-b74c0f2-6d43-n16-r5	5	c100	sample	0	0-SRR5935763	threads	16
20261008-155257-b74c0f2-6d43-n16-r5	5	c100	sample	0	0-SRR5935763	start_s	81.606843
20261008-155257-b74c0f2-6d43-n16-r5	5	c100	sample	0	0-SRR5935763	wall_s	3.046955
20261008-155257-b74c0f2-6d43-n16-r5	5	c100	sample	0	0-SRR5935763	setup_s	0.000044
20261008-155257-b74c0f2-6d43-n16-r5	5	c100	sample	0	0-SRR5935763	classify_s	2.501176
20261008-155257-b74c0f2-6d43-n16-r5	5	c100	sample	0	0-SRR5935763	close_s	0.377220
20261008-155257-b74c0f2-6d43-n16-r5	5	c100	sample	0	0-SRR5935763	report_s	0.165370
20261008-155257-b74c0f2-6d43-n16-r5	5	c100	sample	0	0-SRR5935763	status	0
20261008-155257-b74c0f2-6d43-n16-r5	5	c100	sample	0	0-SRR5935763	sequences	5174437
20261008-155257-b74c0f2-6d43-n16-r5	5	c100	sample	0	0-SRR5935763	bases	978777662
20261008-155257-b74c0f2-6d43-n16-r5	5	c100	sample	0	0-SRR5935763	classified	5104140
20261008-155257-b74c0f2-6d43-n16-r5	5	c100	sample	0	0-SRR5935763	place	lpt
20261008-155257-b74c0f2-6d43-n16-r5	5	c100	sample	0	0-SRR5935763	weight	5174437
20261008-155257-b74c0f2-6d43-n16-r5	5	c100	phase			batch-barrier-0	2.201580
20261008-155257-b74c0f2-6d43-n16-r5	5	c100	phase			batch-barrier-0.start_s	84.653811
20261008-155257-b74c0f2-6d43-n16-r5	5	c100	engine.mem			t_s	90.0
20261008-155257-b74c0f2-6d43-n16-r5	5	c100	engine.mem			rss_kib	78737064
20261008-155257-b74c0f2-6d43-n16-r5	5	c100	engine.mem			hwm_kib	79331888
20261008-155257-b74c0f2-6d43-n16-r5	5	c100	engine.mem			heap_inuse	4047265792
20261008-155257-b74c0f2-6d43-n16-r5	5	c100	engine.mem			sys	6974288104
20261008-155257-b74c0f2-6d43-n16-r5	5	c100	engine.mem			avail_kib	14791160
20261008-155257-b74c0f2-6d43-n16-r5	5	c100	sample	1	1-SRR5935745	mode	parallel
20261008-155257-b74c0f2-6d43-n16-r5	5	c100	sample	1	1-SRR5935745	s3client	sdk
20261008-155257-b74c0f2-6d43-n16-r5	5	c100	sample	1	1-SRR5935745	rank	5
20261008-155257-b74c0f2-6d43-n16-r5	5	c100	sample	1	1-SRR5935745	role	home
20261008-155257-b74c0f2-6d43-n16-r5	5	c100	sample	1	1-SRR5935745	inflight	1
20261008-155257-b74c0f2-6d43-n16-r5	5	c100	sample	1	1-SRR5935745	threads	16
20261008-155257-b74c0f2-6d43-n16-r5	5	c100	sample	1	1-SRR5935745	start_s	86.855411
20261008-155257-b74c0f2-6d43-n16-r5	5	c100	sample	1	1-SRR5935745	wall_s	5.463000
20261008-155257-b74c0f2-6d43-n16-r5	5	c100	sample	1	1-SRR5935745	setup_s	0.000040
20261008-155257-b74c0f2-6d43-n16-r5	5	c100	sample	1	1-SRR5935745	classify_s	5.031332
20261008-155257-b74c0f2-6d43-n16-r5	5	c100	sample	1	1-SRR5935745	close_s	0.297323
20261008-155257-b74c0f2-6d43-n16-r5	5	c100	sample	1	1-SRR5935745	report_s	0.126526
20261008-155257-b74c0f2-6d43-n16-r5	5	c100	sample	1	1-SRR5935745	status	0
20261008-155257-b74c0f2-6d43-n16-r5	5	c100	sample	1	1-SRR5935745	sequences	10492437
20261008-155257-b74c0f2-6d43-n16-r5	5	c100	sample	1	1-SRR5935745	bases	1984140901
20261008-155257-b74c0f2-6d43-n16-r5	5	c100	sample	1	1-SRR5935745	classified	9889429
20261008-155257-b74c0f2-6d43-n16-r5	5	c100	sample	1	1-SRR5935745	place	mod
20261008-155257-b74c0f2-6d43-n16-r5	5	c100	sample	1	1-SRR5935745	weight	10492437
20261008-155257-b74c0f2-6d43-n16-r5	5	c100	sample	1	1-SRR5935761	mode	parallel
20261008-155257-b74c0f2-6d43-n16-r5	5	c100	sample	1	1-SRR5935761	s3client	sdk
20261008-155257-b74c0f2-6d43-n16-r5	5	c100	sample	1	1-SRR5935761	rank	5
20261008-155257-b74c0f2-6d43-n16-r5	5	c100	sample	1	1-SRR5935761	role	home
20261008-155257-b74c0f2-6d43-n16-r5	5	c100	sample	1	1-SRR5935761	inflight	1
20261008-155257-b74c0f2-6d43-n16-r5	5	c100	sample	1	1-SRR5935761	threads	16
20261008-155257-b74c0f2-6d43-n16-r5	5	c100	sample	1	1-SRR5935761	start_s	92.318423
20261008-155257-b74c0f2-6d43-n16-r5	5	c100	sample	1	1-SRR5935761	wall_s	6.890220
20261008-155257-b74c0f2-6d43-n16-r5	5	c100	sample	1	1-SRR5935761	setup_s	0.000038
20261008-155257-b74c0f2-6d43-n16-r5	5	c100	sample	1	1-SRR5935761	classify_s	6.532314
20261008-155257-b74c0f2-6d43-n16-r5	5	c100	sample	1	1-SRR5935761	close_s	0.213921
20261008-155257-b74c0f2-6d43-n16-r5	5	c100	sample	1	1-SRR5935761	report_s	0.138649
20261008-155257-b74c0f2-6d43-n16-r5	5	c100	sample	1	1-SRR5935761	status	0
20261008-155257-b74c0f2-6d43-n16-r5	5	c100	sample	1	1-SRR5935761	sequences	14191749
20261008-155257-b74c0f2-6d43-n16-r5	5	c100	sample	1	1-SRR5935761	bases	2646878118
20261008-155257-b74c0f2-6d43-n16-r5	5	c100	sample	1	1-SRR5935761	classified	13987275
20261008-155257-b74c0f2-6d43-n16-r5	5	c100	sample	1	1-SRR5935761	place	mod
20261008-155257-b74c0f2-6d43-n16-r5	5	c100	sample	1	1-SRR5935761	weight	14191749
20261008-155257-b74c0f2-6d43-n16-r5	5	c100	sample	1	1-SRR5935777	mode	parallel
20261008-155257-b74c0f2-6d43-n16-r5	5	c100	sample	1	1-SRR5935777	s3client	sdk
20261008-155257-b74c0f2-6d43-n16-r5	5	c100	sample	1	1-SRR5935777	rank	5
20261008-155257-b74c0f2-6d43-n16-r5	5	c100	sample	1	1-SRR5935777	role	home
20261008-155257-b74c0f2-6d43-n16-r5	5	c100	sample	1	1-SRR5935777	inflight	1
20261008-155257-b74c0f2-6d43-n16-r5	5	c100	sample	1	1-SRR5935777	threads	16
20261008-155257-b74c0f2-6d43-n16-r5	5	c100	sample	1	1-SRR5935777	start_s	99.208657
20261008-155257-b74c0f2-6d43-n16-r5	5	c100	sample	1	1-SRR5935777	wall_s	4.355971
20261008-155257-b74c0f2-6d43-n16-r5	5	c100	sample	1	1-SRR5935777	setup_s	0.000043
20261008-155257-b74c0f2-6d43-n16-r5	5	c100	sample	1	1-SRR5935777	classify_s	3.899620
20261008-155257-b74c0f2-6d43-n16-r5	5	c100	sample	1	1-SRR5935777	close_s	0.299629
20261008-155257-b74c0f2-6d43-n16-r5	5	c100	sample	1	1-SRR5935777	report_s	0.152040
20261008-155257-b74c0f2-6d43-n16-r5	5	c100	sample	1	1-SRR5935777	status	0
20261008-155257-b74c0f2-6d43-n16-r5	5	c100	sample	1	1-SRR5935777	sequences	8173049
20261008-155257-b74c0f2-6d43-n16-r5	5	c100	sample	1	1-SRR5935777	bases	1459565869
20261008-155257-b74c0f2-6d43-n16-r5	5	c100	sample	1	1-SRR5935777	classified	7956066
20261008-155257-b74c0f2-6d43-n16-r5	5	c100	sample	1	1-SRR5935777	place	mod
20261008-155257-b74c0f2-6d43-n16-r5	5	c100	sample	1	1-SRR5935777	weight	8173049
20261008-155257-b74c0f2-6d43-n16-r5	5	c100	sample	1	1-SRR5935793	mode	parallel
20261008-155257-b74c0f2-6d43-n16-r5	5	c100	sample	1	1-SRR5935793	s3client	sdk
20261008-155257-b74c0f2-6d43-n16-r5	5	c100	sample	1	1-SRR5935793	rank	5
20261008-155257-b74c0f2-6d43-n16-r5	5	c100	sample	1	1-SRR5935793	role	home
20261008-155257-b74c0f2-6d43-n16-r5	5	c100	sample	1	1-SRR5935793	inflight	1
20261008-155257-b74c0f2-6d43-n16-r5	5	c100	sample	1	1-SRR5935793	threads	16
20261008-155257-b74c0f2-6d43-n16-r5	5	c100	sample	1	1-SRR5935793	start_s	103.564640
20261008-155257-b74c0f2-6d43-n16-r5	5	c100	sample	1	1-SRR5935793	wall_s	1.366856
20261008-155257-b74c0f2-6d43-n16-r5	5	c100	sample	1	1-SRR5935793	setup_s	0.000043
20261008-155257-b74c0f2-6d43-n16-r5	5	c100	sample	1	1-SRR5935793	classify_s	0.978919
20261008-155257-b74c0f2-6d43-n16-r5	5	c100	sample	1	1-SRR5935793	close_s	0.217713
20261008-155257-b74c0f2-6d43-n16-r5	5	c100	sample	1	1-SRR5935793	report_s	0.164595
20261008-155257-b74c0f2-6d43-n16-r5	5	c100	sample	1	1-SRR5935793	status	0
20261008-155257-b74c0f2-6d43-n16-r5	5	c100	sample	1	1-SRR5935793	sequences	1771479
20261008-155257-b74c0f2-6d43-n16-r5	5	c100	sample	1	1-SRR5935793	bases	333187068
20261008-155257-b74c0f2-6d43-n16-r5	5	c100	sample	1	1-SRR5935793	classified	1476454
20261008-155257-b74c0f2-6d43-n16-r5	5	c100	sample	1	1-SRR5935793	place	mod
20261008-155257-b74c0f2-6d43-n16-r5	5	c100	sample	1	1-SRR5935793	weight	1771479
20261008-155257-b74c0f2-6d43-n16-r5	5	c100	engine.mem			t_s	105.0
20261008-155257-b74c0f2-6d43-n16-r5	5	c100	engine.mem			rss_kib	77388188
20261008-155257-b74c0f2-6d43-n16-r5	5	c100	engine.mem			hwm_kib	79331888
20261008-155257-b74c0f2-6d43-n16-r5	5	c100	engine.mem			heap_inuse	1863131136
20261008-155257-b74c0f2-6d43-n16-r5	5	c100	engine.mem			sys	6978523368
20261008-155257-b74c0f2-6d43-n16-r5	5	c100	engine.mem			avail_kib	15711284
20261008-155257-b74c0f2-6d43-n16-r5	5	c100	sample	1	1-SRR5935809	mode	parallel
20261008-155257-b74c0f2-6d43-n16-r5	5	c100	sample	1	1-SRR5935809	s3client	sdk
20261008-155257-b74c0f2-6d43-n16-r5	5	c100	sample	1	1-SRR5935809	rank	5
20261008-155257-b74c0f2-6d43-n16-r5	5	c100	sample	1	1-SRR5935809	role	home
20261008-155257-b74c0f2-6d43-n16-r5	5	c100	sample	1	1-SRR5935809	inflight	1
20261008-155257-b74c0f2-6d43-n16-r5	5	c100	sample	1	1-SRR5935809	threads	16
20261008-155257-b74c0f2-6d43-n16-r5	5	c100	sample	1	1-SRR5935809	start_s	104.931509
20261008-155257-b74c0f2-6d43-n16-r5	5	c100	sample	1	1-SRR5935809	wall_s	1.287827
20261008-155257-b74c0f2-6d43-n16-r5	5	c100	sample	1	1-SRR5935809	setup_s	0.000042
20261008-155257-b74c0f2-6d43-n16-r5	5	c100	sample	1	1-SRR5935809	classify_s	0.911695
20261008-155257-b74c0f2-6d43-n16-r5	5	c100	sample	1	1-SRR5935809	close_s	0.223145
20261008-155257-b74c0f2-6d43-n16-r5	5	c100	sample	1	1-SRR5935809	report_s	0.150130
20261008-155257-b74c0f2-6d43-n16-r5	5	c100	sample	1	1-SRR5935809	status	0
20261008-155257-b74c0f2-6d43-n16-r5	5	c100	sample	1	1-SRR5935809	sequences	1539039
20261008-155257-b74c0f2-6d43-n16-r5	5	c100	sample	1	1-SRR5935809	bases	293657718
20261008-155257-b74c0f2-6d43-n16-r5	5	c100	sample	1	1-SRR5935809	classified	1494119
20261008-155257-b74c0f2-6d43-n16-r5	5	c100	sample	1	1-SRR5935809	place	mod
20261008-155257-b74c0f2-6d43-n16-r5	5	c100	sample	1	1-SRR5935809	weight	1539039
20261008-155257-b74c0f2-6d43-n16-r5	5	c100	sample	1	1-SRR5935825	mode	parallel
20261008-155257-b74c0f2-6d43-n16-r5	5	c100	sample	1	1-SRR5935825	s3client	sdk
20261008-155257-b74c0f2-6d43-n16-r5	5	c100	sample	1	1-SRR5935825	rank	5
20261008-155257-b74c0f2-6d43-n16-r5	5	c100	sample	1	1-SRR5935825	role	home
20261008-155257-b74c0f2-6d43-n16-r5	5	c100	sample	1	1-SRR5935825	inflight	1
20261008-155257-b74c0f2-6d43-n16-r5	5	c100	sample	1	1-SRR5935825	threads	16
20261008-155257-b74c0f2-6d43-n16-r5	5	c100	sample	1	1-SRR5935825	start_s	106.219349
20261008-155257-b74c0f2-6d43-n16-r5	5	c100	sample	1	1-SRR5935825	wall_s	5.609566
20261008-155257-b74c0f2-6d43-n16-r5	5	c100	sample	1	1-SRR5935825	setup_s	0.000042
20261008-155257-b74c0f2-6d43-n16-r5	5	c100	sample	1	1-SRR5935825	classify_s	5.223283
20261008-155257-b74c0f2-6d43-n16-r5	5	c100	sample	1	1-SRR5935825	close_s	0.240623
20261008-155257-b74c0f2-6d43-n16-r5	5	c100	sample	1	1-SRR5935825	report_s	0.132279
20261008-155257-b74c0f2-6d43-n16-r5	5	c100	sample	1	1-SRR5935825	status	0
20261008-155257-b74c0f2-6d43-n16-r5	5	c100	sample	1	1-SRR5935825	sequences	11458367
20261008-155257-b74c0f2-6d43-n16-r5	5	c100	sample	1	1-SRR5935825	bases	2115935464
20261008-155257-b74c0f2-6d43-n16-r5	5	c100	sample	1	1-SRR5935825	classified	9654089
20261008-155257-b74c0f2-6d43-n16-r5	5	c100	sample	1	1-SRR5935825	place	mod
20261008-155257-b74c0f2-6d43-n16-r5	5	c100	sample	1	1-SRR5935825	weight	11458367
20261008-155257-b74c0f2-6d43-n16-r5	5	c100	engine.mem			t_s	120.0
20261008-155257-b74c0f2-6d43-n16-r5	5	c100	engine.mem			rss_kib	78588604
20261008-155257-b74c0f2-6d43-n16-r5	5	c100	engine.mem			hwm_kib	79331888
20261008-155257-b74c0f2-6d43-n16-r5	5	c100	engine.mem			heap_inuse	5402394624
20261008-155257-b74c0f2-6d43-n16-r5	5	c100	engine.mem			sys	6978523368
20261008-155257-b74c0f2-6d43-n16-r5	5	c100	engine.mem			avail_kib	15405208
20261008-155257-b74c0f2-6d43-n16-r5	5	c100	phase			batch-barrier-1	22.020757
20261008-155257-b74c0f2-6d43-n16-r5	5	c100	phase			batch-barrier-1.start_s	111.828928
20261008-155257-b74c0f2-6d43-n16-r5	5	c100	engine.mem			t_s	135.0
20261008-155257-b74c0f2-6d43-n16-r5	5	c100	engine.mem			rss_kib	77717824
20261008-155257-b74c0f2-6d43-n16-r5	5	c100	engine.mem			hwm_kib	79331888
20261008-155257-b74c0f2-6d43-n16-r5	5	c100	engine.mem			heap_inuse	3182567424
20261008-155257-b74c0f2-6d43-n16-r5	5	c100	engine.mem			sys	6978785512
20261008-155257-b74c0f2-6d43-n16-r5	5	c100	engine.mem			avail_kib	17000120
20261008-155257-b74c0f2-6d43-n16-r5	5	c100	sample	2	2-SRR5935803	mode	parallel
20261008-155257-b74c0f2-6d43-n16-r5	5	c100	sample	2	2-SRR5935803	s3client	sdk
20261008-155257-b74c0f2-6d43-n16-r5	5	c100	sample	2	2-SRR5935803	rank	5
20261008-155257-b74c0f2-6d43-n16-r5	5	c100	sample	2	2-SRR5935803	role	home
20261008-155257-b74c0f2-6d43-n16-r5	5	c100	sample	2	2-SRR5935803	inflight	1
20261008-155257-b74c0f2-6d43-n16-r5	5	c100	sample	2	2-SRR5935803	threads	16
20261008-155257-b74c0f2-6d43-n16-r5	5	c100	sample	2	2-SRR5935803	start_s	133.849721
20261008-155257-b74c0f2-6d43-n16-r5	5	c100	sample	2	2-SRR5935803	wall_s	8.785782
20261008-155257-b74c0f2-6d43-n16-r5	5	c100	sample	2	2-SRR5935803	setup_s	0.000037
20261008-155257-b74c0f2-6d43-n16-r5	5	c100	sample	2	2-SRR5935803	classify_s	8.347230
20261008-155257-b74c0f2-6d43-n16-r5	5	c100	sample	2	2-SRR5935803	close_s	0.278397
20261008-155257-b74c0f2-6d43-n16-r5	5	c100	sample	2	2-SRR5935803	report_s	0.153410
20261008-155257-b74c0f2-6d43-n16-r5	5	c100	sample	2	2-SRR5935803	status	0
20261008-155257-b74c0f2-6d43-n16-r5	5	c100	sample	2	2-SRR5935803	sequences	18392491
20261008-155257-b74c0f2-6d43-n16-r5	5	c100	sample	2	2-SRR5935803	bases	3418705365
20261008-155257-b74c0f2-6d43-n16-r5	5	c100	sample	2	2-SRR5935803	classified	18064386
20261008-155257-b74c0f2-6d43-n16-r5	5	c100	sample	2	2-SRR5935803	place	lpt
20261008-155257-b74c0f2-6d43-n16-r5	5	c100	sample	2	2-SRR5935803	weight	18392491
20261008-155257-b74c0f2-6d43-n16-r5	5	c100	sample	2	2-SRR5935806	mode	parallel
20261008-155257-b74c0f2-6d43-n16-r5	5	c100	sample	2	2-SRR5935806	s3client	sdk
20261008-155257-b74c0f2-6d43-n16-r5	5	c100	sample	2	2-SRR5935806	rank	5
20261008-155257-b74c0f2-6d43-n16-r5	5	c100	sample	2	2-SRR5935806	role	home
20261008-155257-b74c0f2-6d43-n16-r5	5	c100	sample	2	2-SRR5935806	inflight	1
20261008-155257-b74c0f2-6d43-n16-r5	5	c100	sample	2	2-SRR5935806	threads	16
20261008-155257-b74c0f2-6d43-n16-r5	5	c100	sample	2	2-SRR5935806	start_s	142.635518
20261008-155257-b74c0f2-6d43-n16-r5	5	c100	sample	2	2-SRR5935806	wall_s	7.139683
20261008-155257-b74c0f2-6d43-n16-r5	5	c100	sample	2	2-SRR5935806	setup_s	0.000049
20261008-155257-b74c0f2-6d43-n16-r5	5	c100	sample	2	2-SRR5935806	classify_s	6.760040
20261008-155257-b74c0f2-6d43-n16-r5	5	c100	sample	2	2-SRR5935806	close_s	0.238568
20261008-155257-b74c0f2-6d43-n16-r5	5	c100	sample	2	2-SRR5935806	report_s	0.134499
20261008-155257-b74c0f2-6d43-n16-r5	5	c100	sample	2	2-SRR5935806	status	0
20261008-155257-b74c0f2-6d43-n16-r5	5	c100	sample	2	2-SRR5935806	sequences	14472574
20261008-155257-b74c0f2-6d43-n16-r5	5	c100	sample	2	2-SRR5935806	bases	2738529910
20261008-155257-b74c0f2-6d43-n16-r5	5	c100	sample	2	2-SRR5935806	classified	14022498
20261008-155257-b74c0f2-6d43-n16-r5	5	c100	sample	2	2-SRR5935806	place	lpt
20261008-155257-b74c0f2-6d43-n16-r5	5	c100	sample	2	2-SRR5935806	weight	14472574
20261008-155257-b74c0f2-6d43-n16-r5	5	c100	engine.mem			t_s	150.0
20261008-155257-b74c0f2-6d43-n16-r5	5	c100	engine.mem			rss_kib	78740796
20261008-155257-b74c0f2-6d43-n16-r5	5	c100	engine.mem			hwm_kib	79331888
20261008-155257-b74c0f2-6d43-n16-r5	5	c100	engine.mem			heap_inuse	3428728832
20261008-155257-b74c0f2-6d43-n16-r5	5	c100	engine.mem			sys	7130784024
20261008-155257-b74c0f2-6d43-n16-r5	5	c100	engine.mem			avail_kib	15491216
20261008-155257-b74c0f2-6d43-n16-r5	5	c100	sample	2	2-SRR5935742	mode	parallel
20261008-155257-b74c0f2-6d43-n16-r5	5	c100	sample	2	2-SRR5935742	s3client	sdk
20261008-155257-b74c0f2-6d43-n16-r5	5	c100	sample	2	2-SRR5935742	rank	5
20261008-155257-b74c0f2-6d43-n16-r5	5	c100	sample	2	2-SRR5935742	role	home
20261008-155257-b74c0f2-6d43-n16-r5	5	c100	sample	2	2-SRR5935742	inflight	1
20261008-155257-b74c0f2-6d43-n16-r5	5	c100	sample	2	2-SRR5935742	threads	16
20261008-155257-b74c0f2-6d43-n16-r5	5	c100	sample	2	2-SRR5935742	start_s	149.775215
20261008-155257-b74c0f2-6d43-n16-r5	5	c100	sample	2	2-SRR5935742	wall_s	5.947549
20261008-155257-b74c0f2-6d43-n16-r5	5	c100	sample	2	2-SRR5935742	setup_s	0.000040
20261008-155257-b74c0f2-6d43-n16-r5	5	c100	sample	2	2-SRR5935742	classify_s	5.542896
20261008-155257-b74c0f2-6d43-n16-r5	5	c100	sample	2	2-SRR5935742	close_s	0.245894
20261008-155257-b74c0f2-6d43-n16-r5	5	c100	sample	2	2-SRR5935742	report_s	0.151734
20261008-155257-b74c0f2-6d43-n16-r5	5	c100	sample	2	2-SRR5935742	status	0
20261008-155257-b74c0f2-6d43-n16-r5	5	c100	sample	2	2-SRR5935742	sequences	12325847
20261008-155257-b74c0f2-6d43-n16-r5	5	c100	sample	2	2-SRR5935742	bases	2261511731
20261008-155257-b74c0f2-6d43-n16-r5	5	c100	sample	2	2-SRR5935742	classified	11791754
20261008-155257-b74c0f2-6d43-n16-r5	5	c100	sample	2	2-SRR5935742	place	lpt
20261008-155257-b74c0f2-6d43-n16-r5	5	c100	sample	2	2-SRR5935742	weight	12325847
20261008-155257-b74c0f2-6d43-n16-r5	5	c100	sample	2	2-SRR5935819	mode	parallel
20261008-155257-b74c0f2-6d43-n16-r5	5	c100	sample	2	2-SRR5935819	s3client	sdk
20261008-155257-b74c0f2-6d43-n16-r5	5	c100	sample	2	2-SRR5935819	rank	5
20261008-155257-b74c0f2-6d43-n16-r5	5	c100	sample	2	2-SRR5935819	role	home
20261008-155257-b74c0f2-6d43-n16-r5	5	c100	sample	2	2-SRR5935819	inflight	1
20261008-155257-b74c0f2-6d43-n16-r5	5	c100	sample	2	2-SRR5935819	threads	16
20261008-155257-b74c0f2-6d43-n16-r5	5	c100	sample	2	2-SRR5935819	start_s	155.722778
20261008-155257-b74c0f2-6d43-n16-r5	5	c100	sample	2	2-SRR5935819	wall_s	5.592614
20261008-155257-b74c0f2-6d43-n16-r5	5	c100	sample	2	2-SRR5935819	setup_s	0.000039
20261008-155257-b74c0f2-6d43-n16-r5	5	c100	sample	2	2-SRR5935819	classify_s	5.208207
20261008-155257-b74c0f2-6d43-n16-r5	5	c100	sample	2	2-SRR5935819	close_s	0.217840
20261008-155257-b74c0f2-6d43-n16-r5	5	c100	sample	2	2-SRR5935819	report_s	0.162491
20261008-155257-b74c0f2-6d43-n16-r5	5	c100	sample	2	2-SRR5935819	status	0
20261008-155257-b74c0f2-6d43-n16-r5	5	c100	sample	2	2-SRR5935819	sequences	10896278
20261008-155257-b74c0f2-6d43-n16-r5	5	c100	sample	2	2-SRR5935819	bases	2024821947
20261008-155257-b74c0f2-6d43-n16-r5	5	c100	sample	2	2-SRR5935819	classified	10712521
20261008-155257-b74c0f2-6d43-n16-r5	5	c100	sample	2	2-SRR5935819	place	lpt
20261008-155257-b74c0f2-6d43-n16-r5	5	c100	sample	2	2-SRR5935819	weight	10896278
20261008-155257-b74c0f2-6d43-n16-r5	5	c100	engine.mem			t_s	165.0
20261008-155257-b74c0f2-6d43-n16-r5	5	c100	engine.mem			rss_kib	79189188
20261008-155257-b74c0f2-6d43-n16-r5	5	c100	engine.mem			hwm_kib	79807244
20261008-155257-b74c0f2-6d43-n16-r5	5	c100	engine.mem			heap_inuse	4322369536
20261008-155257-b74c0f2-6d43-n16-r5	5	c100	engine.mem			sys	7659848088
20261008-155257-b74c0f2-6d43-n16-r5	5	c100	engine.mem			avail_kib	14482764
20261008-155257-b74c0f2-6d43-n16-r5	5	c100	sample	2	2-SRR5935812	mode	parallel
20261008-155257-b74c0f2-6d43-n16-r5	5	c100	sample	2	2-SRR5935812	s3client	sdk
20261008-155257-b74c0f2-6d43-n16-r5	5	c100	sample	2	2-SRR5935812	rank	5
20261008-155257-b74c0f2-6d43-n16-r5	5	c100	sample	2	2-SRR5935812	role	home
20261008-155257-b74c0f2-6d43-n16-r5	5	c100	sample	2	2-SRR5935812	inflight	1
20261008-155257-b74c0f2-6d43-n16-r5	5	c100	sample	2	2-SRR5935812	threads	16
20261008-155257-b74c0f2-6d43-n16-r5	5	c100	sample	2	2-SRR5935812	start_s	161.315418
20261008-155257-b74c0f2-6d43-n16-r5	5	c100	sample	2	2-SRR5935812	wall_s	4.620157
20261008-155257-b74c0f2-6d43-n16-r5	5	c100	sample	2	2-SRR5935812	setup_s	0.000057
20261008-155257-b74c0f2-6d43-n16-r5	5	c100	sample	2	2-SRR5935812	classify_s	4.203876
20261008-155257-b74c0f2-6d43-n16-r5	5	c100	sample	2	2-SRR5935812	close_s	0.265825
20261008-155257-b74c0f2-6d43-n16-r5	5	c100	sample	2	2-SRR5935812	report_s	0.145594
20261008-155257-b74c0f2-6d43-n16-r5	5	c100	sample	2	2-SRR5935812	status	0
20261008-155257-b74c0f2-6d43-n16-r5	5	c100	sample	2	2-SRR5935812	sequences	9108174
20261008-155257-b74c0f2-6d43-n16-r5	5	c100	sample	2	2-SRR5935812	bases	1698332428
20261008-155257-b74c0f2-6d43-n16-r5	5	c100	sample	2	2-SRR5935812	classified	8923230
20261008-155257-b74c0f2-6d43-n16-r5	5	c100	sample	2	2-SRR5935812	place	lpt
20261008-155257-b74c0f2-6d43-n16-r5	5	c100	sample	2	2-SRR5935812	weight	9108174
20261008-155257-b74c0f2-6d43-n16-r5	5	c100	sample	2	2-SRR5935763	mode	parallel
20261008-155257-b74c0f2-6d43-n16-r5	5	c100	sample	2	2-SRR5935763	s3client	sdk
20261008-155257-b74c0f2-6d43-n16-r5	5	c100	sample	2	2-SRR5935763	rank	5
20261008-155257-b74c0f2-6d43-n16-r5	5	c100	sample	2	2-SRR5935763	role	home
20261008-155257-b74c0f2-6d43-n16-r5	5	c100	sample	2	2-SRR5935763	inflight	1
20261008-155257-b74c0f2-6d43-n16-r5	5	c100	sample	2	2-SRR5935763	threads	16
20261008-155257-b74c0f2-6d43-n16-r5	5	c100	sample	2	2-SRR5935763	start_s	165.935588
20261008-155257-b74c0f2-6d43-n16-r5	5	c100	sample	2	2-SRR5935763	wall_s	2.885652
20261008-155257-b74c0f2-6d43-n16-r5	5	c100	sample	2	2-SRR5935763	setup_s	0.000044
20261008-155257-b74c0f2-6d43-n16-r5	5	c100	sample	2	2-SRR5935763	classify_s	2.500565
20261008-155257-b74c0f2-6d43-n16-r5	5	c100	sample	2	2-SRR5935763	close_s	0.287956
20261008-155257-b74c0f2-6d43-n16-r5	5	c100	sample	2	2-SRR5935763	report_s	0.094002
20261008-155257-b74c0f2-6d43-n16-r5	5	c100	sample	2	2-SRR5935763	status	0
20261008-155257-b74c0f2-6d43-n16-r5	5	c100	sample	2	2-SRR5935763	sequences	5174437
20261008-155257-b74c0f2-6d43-n16-r5	5	c100	sample	2	2-SRR5935763	bases	978777662
20261008-155257-b74c0f2-6d43-n16-r5	5	c100	sample	2	2-SRR5935763	classified	5104140
20261008-155257-b74c0f2-6d43-n16-r5	5	c100	sample	2	2-SRR5935763	place	lpt
20261008-155257-b74c0f2-6d43-n16-r5	5	c100	sample	2	2-SRR5935763	weight	5174437
20261008-155257-b74c0f2-6d43-n16-r5	5	c100	phase			batch-barrier-2	1.392588
20261008-155257-b74c0f2-6d43-n16-r5	5	c100	phase			batch-barrier-2.start_s	168.821253
20261008-155257-b74c0f2-6d43-n16-r5	5	c100	phase			barrier	1.027861
20261008-155257-b74c0f2-6d43-n16-r5	5	c100	phase			barrier.start_s	175.557029
20261008-155257-b74c0f2-6d43-n16-r5	5	c100	sample	3	3-SRR5935740	mode	striped
20261008-155257-b74c0f2-6d43-n16-r5	5	c100	sample	3	3-SRR5935740	s3client	sdk
20261008-155257-b74c0f2-6d43-n16-r5	5	c100	sample	3	3-SRR5935740	rank	5
20261008-155257-b74c0f2-6d43-n16-r5	5	c100	sample	3	3-SRR5935740	role	peer
20261008-155257-b74c0f2-6d43-n16-r5	5	c100	sample	3	3-SRR5935740	inflight	1
20261008-155257-b74c0f2-6d43-n16-r5	5	c100	sample	3	3-SRR5935740	threads	16
20261008-155257-b74c0f2-6d43-n16-r5	5	c100	sample	3	3-SRR5935740	start_s	170.951946
20261008-155257-b74c0f2-6d43-n16-r5	5	c100	sample	3	3-SRR5935740	wall_s	5.632976
20261008-155257-b74c0f2-6d43-n16-r5	5	c100	sample	3	3-SRR5935740	setup_s	0.000030
20261008-155257-b74c0f2-6d43-n16-r5	5	c100	sample	3	3-SRR5935740	classify_s	4.601228
20261008-155257-b74c0f2-6d43-n16-r5	5	c100	sample	3	3-SRR5935740	close_s	0.000000
20261008-155257-b74c0f2-6d43-n16-r5	5	c100	sample	3	3-SRR5935740	report_s	0.000000
20261008-155257-b74c0f2-6d43-n16-r5	5	c100	sample	3	3-SRR5935740	status	0
20261008-155257-b74c0f2-6d43-n16-r5	5	c100	sample	3	3-SRR5935740	sequences	0
20261008-155257-b74c0f2-6d43-n16-r5	5	c100	sample	3	3-SRR5935740	bases	0
20261008-155257-b74c0f2-6d43-n16-r5	5	c100	sample	3	3-SRR5935740	classified	0
20261008-155257-b74c0f2-6d43-n16-r5	5	c100	sample	3	3-SRR5935740	place	-
20261008-155257-b74c0f2-6d43-n16-r5	5	c100	sample	3	3-SRR5935740	weight	-
20261008-155257-b74c0f2-6d43-n16-r5	5	c100	phase			batch-barrier-3	0.566142
20261008-155257-b74c0f2-6d43-n16-r5	5	c100	phase			batch-barrier-3.start_s	176.584929
20261008-155257-b74c0f2-6d43-n16-r5	5	c100	engine.mem			t_s	180.0
20261008-155257-b74c0f2-6d43-n16-r5	5	c100	engine.mem			rss_kib	74761212
20261008-155257-b74c0f2-6d43-n16-r5	5	c100	engine.mem			hwm_kib	79807244
20261008-155257-b74c0f2-6d43-n16-r5	5	c100	engine.mem			heap_inuse	2135924736
20261008-155257-b74c0f2-6d43-n16-r5	5	c100	engine.mem			sys	7659856280
20261008-155257-b74c0f2-6d43-n16-r5	5	c100	engine.mem			avail_kib	19559272
20261008-155257-b74c0f2-6d43-n16-r5	5	c100	phase			barrier	0.225260
20261008-155257-b74c0f2-6d43-n16-r5	5	c100	phase			barrier.start_s	182.547118
20261008-155257-b74c0f2-6d43-n16-r5	5	c100	sample	4	4-SRR5935740	mode	striped
20261008-155257-b74c0f2-6d43-n16-r5	5	c100	sample	4	4-SRR5935740	s3client	sdk
20261008-155257-b74c0f2-6d43-n16-r5	5	c100	sample	4	4-SRR5935740	rank	5
20261008-155257-b74c0f2-6d43-n16-r5	5	c100	sample	4	4-SRR5935740	role	peer
20261008-155257-b74c0f2-6d43-n16-r5	5	c100	sample	4	4-SRR5935740	inflight	1
20261008-155257-b74c0f2-6d43-n16-r5	5	c100	sample	4	4-SRR5935740	threads	16
20261008-155257-b74c0f2-6d43-n16-r5	5	c100	sample	4	4-SRR5935740	start_s	177.947508
20261008-155257-b74c0f2-6d43-n16-r5	5	c100	sample	4	4-SRR5935740	wall_s	4.824906
20261008-155257-b74c0f2-6d43-n16-r5	5	c100	sample	4	4-SRR5935740	setup_s	0.000029
20261008-155257-b74c0f2-6d43-n16-r5	5	c100	sample	4	4-SRR5935740	classify_s	4.596473
20261008-155257-b74c0f2-6d43-n16-r5	5	c100	sample	4	4-SRR5935740	close_s	0.000000
20261008-155257-b74c0f2-6d43-n16-r5	5	c100	sample	4	4-SRR5935740	report_s	0.000000
20261008-155257-b74c0f2-6d43-n16-r5	5	c100	sample	4	4-SRR5935740	status	0
20261008-155257-b74c0f2-6d43-n16-r5	5	c100	sample	4	4-SRR5935740	sequences	0
20261008-155257-b74c0f2-6d43-n16-r5	5	c100	sample	4	4-SRR5935740	bases	0
20261008-155257-b74c0f2-6d43-n16-r5	5	c100	sample	4	4-SRR5935740	classified	0
20261008-155257-b74c0f2-6d43-n16-r5	5	c100	sample	4	4-SRR5935740	place	-
20261008-155257-b74c0f2-6d43-n16-r5	5	c100	sample	4	4-SRR5935740	weight	-
20261008-155257-b74c0f2-6d43-n16-r5	5	c100	phase			batch-barrier-4	0.591501
20261008-155257-b74c0f2-6d43-n16-r5	5	c100	phase			batch-barrier-4.start_s	182.772420
20261008-155257-b74c0f2-6d43-n16-r5	5	c100	phase			barrier	0.147808
20261008-155257-b74c0f2-6d43-n16-r5	5	c100	phase			barrier.start_s	188.656323
20261008-155257-b74c0f2-6d43-n16-r5	5	c100	sample	5	5-SRR5935740	mode	striped
20261008-155257-b74c0f2-6d43-n16-r5	5	c100	sample	5	5-SRR5935740	s3client	sdk
20261008-155257-b74c0f2-6d43-n16-r5	5	c100	sample	5	5-SRR5935740	rank	5
20261008-155257-b74c0f2-6d43-n16-r5	5	c100	sample	5	5-SRR5935740	role	peer
20261008-155257-b74c0f2-6d43-n16-r5	5	c100	sample	5	5-SRR5935740	inflight	1
20261008-155257-b74c0f2-6d43-n16-r5	5	c100	sample	5	5-SRR5935740	threads	16
20261008-155257-b74c0f2-6d43-n16-r5	5	c100	sample	5	5-SRR5935740	start_s	184.047745
20261008-155257-b74c0f2-6d43-n16-r5	5	c100	sample	5	5-SRR5935740	wall_s	4.756422
20261008-155257-b74c0f2-6d43-n16-r5	5	c100	sample	5	5-SRR5935740	setup_s	0.000031
20261008-155257-b74c0f2-6d43-n16-r5	5	c100	sample	5	5-SRR5935740	classify_s	4.605139
20261008-155257-b74c0f2-6d43-n16-r5	5	c100	sample	5	5-SRR5935740	close_s	0.000000
20261008-155257-b74c0f2-6d43-n16-r5	5	c100	sample	5	5-SRR5935740	report_s	0.000000
20261008-155257-b74c0f2-6d43-n16-r5	5	c100	sample	5	5-SRR5935740	status	0
20261008-155257-b74c0f2-6d43-n16-r5	5	c100	sample	5	5-SRR5935740	sequences	0
20261008-155257-b74c0f2-6d43-n16-r5	5	c100	sample	5	5-SRR5935740	bases	0
20261008-155257-b74c0f2-6d43-n16-r5	5	c100	sample	5	5-SRR5935740	classified	0
20261008-155257-b74c0f2-6d43-n16-r5	5	c100	sample	5	5-SRR5935740	place	-
20261008-155257-b74c0f2-6d43-n16-r5	5	c100	sample	5	5-SRR5935740	weight	-
20261008-155257-b74c0f2-6d43-n16-r5	5	c100	phase			batch-barrier-5	0.486101
20261008-155257-b74c0f2-6d43-n16-r5	5	c100	phase			batch-barrier-5.start_s	188.804174
20261008-155257-b74c0f2-6d43-n16-r5	5	c100	engine.mem			t_s	195.0
20261008-155257-b74c0f2-6d43-n16-r5	5	c100	engine.mem			rss_kib	76312844
20261008-155257-b74c0f2-6d43-n16-r5	5	c100	engine.mem			hwm_kib	79807244
20261008-155257-b74c0f2-6d43-n16-r5	5	c100	engine.mem			heap_inuse	3740639232
20261008-155257-b74c0f2-6d43-n16-r5	5	c100	engine.mem			sys	7659856280
20261008-155257-b74c0f2-6d43-n16-r5	5	c100	engine.mem			avail_kib	18553388
20261008-155257-b74c0f2-6d43-n16-r5	5	c100	phase			batch-barrier-6	6.121164
20261008-155257-b74c0f2-6d43-n16-r5	5	c100	phase			batch-barrier-6.start_s	189.290285
20261008-155257-b74c0f2-6d43-n16-r5	5	c100	phase			batch-barrier-7	5.129525
20261008-155257-b74c0f2-6d43-n16-r5	5	c100	phase			batch-barrier-7.start_s	195.411464
20261008-155257-b74c0f2-6d43-n16-r5	5	c100	phase			batch-barrier-8	6.106931
20261008-155257-b74c0f2-6d43-n16-r5	5	c100	phase			batch-barrier-8.start_s	200.541002
20261008-155257-b74c0f2-6d43-n16-r5	5	c100	engine.shard			index	0
20261008-155257-b74c0f2-6d43-n16-r5	5	c100	engine.shard			n	16
20261008-155257-b74c0f2-6d43-n16-r5	5	c100	engine.shard			lo	92897786856
20261008-155257-b74c0f2-6d43-n16-r5	5	c100	engine.shard			hi	111477344228
20261008-155257-b74c0f2-6d43-n16-r5	5	c100	engine.shard			tail	302
20261008-155257-b74c0f2-6d43-n16-r5	5	c100	engine.shard			full	false
20261008-155257-b74c0f2-6d43-n16-r5	5	c100	engine.shard			empty_at	18579557371
20261008-155257-b74c0f2-6d43-n16-r5	5	c100	engine.shard			keys	8481868707
20261008-155257-b74c0f2-6d43-n16-r5	5	c100	engine.shard			batches	89910
20261008-155257-b74c0f2-6d43-n16-r5	5	c100	engine.shard			probe_s	160.515594
20261008-155257-b74c0f2-6d43-n16-r5	5	c100	engine.shard			tail_probes	0
20261008-155257-b74c0f2-6d43-n16-r5	5	c100	engine.shard			wrap_probes	0
20261008-155257-b74c0f2-6d43-n16-r5	5	c100	engine.mem			t_s	206.6
20261008-155257-b74c0f2-6d43-n16-r5	5	c100	engine.mem			rss_kib	76312848
20261008-155257-b74c0f2-6d43-n16-r5	5	c100	engine.mem			hwm_kib	79807244
20261008-155257-b74c0f2-6d43-n16-r5	5	c100	engine.mem			heap_inuse	3742801920
20261008-155257-b74c0f2-6d43-n16-r5	5	c100	engine.mem			sys	7659856280
20261008-155257-b74c0f2-6d43-n16-r5	5	c100	engine.mem			avail_kib	18802040
20261008-155257-b74c0f2-6d43-n16-r5	5	c100	engine.rendezvous			puts	13
20261008-155257-b74c0f2-6d43-n16-r5	5	c100	engine.rendezvous			gets	668
20261008-155257-b74c0f2-6d43-n16-r5	5	c100	engine.s3			client	sdk
20261008-155257-b74c0f2-6d43-n16-r5	5	c100	engine.s3			put	31
20261008-155257-b74c0f2-6d43-n16-r5	5	c100	engine.s3			get	668
20261008-155257-b74c0f2-6d43-n16-r5	5	c100	engine.s3			create_multipart	18
20261008-155257-b74c0f2-6d43-n16-r5	5	c100	engine.s3			upload_part	1954
20261008-155257-b74c0f2-6d43-n16-r5	5	c100	engine.s3			complete_multipart	18
20261008-155257-b74c0f2-6d43-n16-r5	5	c100	engine.s3			abort_multipart	0
20261008-155257-b74c0f2-6d43-n16-r5	5	c100	engine.s3			part_bytes	16316237306
20261008-155257-b74c0f2-6d43-n16-r5	5	c100	engine.s3			client	cli
20261008-155257-b74c0f2-6d43-n16-r5	5	c100	engine.s3			put	0
20261008-155257-b74c0f2-6d43-n16-r5	5	c100	engine.s3			get	0
20261008-155257-b74c0f2-6d43-n16-r5	5	c100	engine.s3			create_multipart	0
20261008-155257-b74c0f2-6d43-n16-r5	5	c100	engine.s3			upload_part	0
20261008-155257-b74c0f2-6d43-n16-r5	5	c100	engine.s3			complete_multipart	0
20261008-155257-b74c0f2-6d43-n16-r5	5	c100	engine.s3			abort_multipart	0
20261008-155257-b74c0f2-6d43-n16-r5	5	c100	engine.s3			part_bytes	0
20261008-155257-b74c0f2-6d43-n16-r5	5	c100	engine.load			seconds	24.842468
20261008-155257-b74c0f2-6d43-n16-r5	5	c100	engine.load			requests	1126
20261008-155257-b74c0f2-6d43-n16-r5	5	c100	engine.load			retries	0
20261008-155257-b74c0f2-6d43-n16-r5	5	c100	engine.load			bytes	74318296296
20261008-155257-b74c0f2-6d43-n16-r5	5	c100	engine.route			transport	nodes
20261008-155257-b74c0f2-6d43-n16-r5	5	c100	engine.route			calls	5023
20261008-155257-b74c0f2-6d43-n16-r5	5	c100	engine.route			keys	7604277505
20261008-155257-b74c0f2-6d43-n16-r5	5	c100	engine.route			batches	80368
20261008-155257-b74c0f2-6d43-n16-r5	5	c100	engine.route			route_s	51.040749
20261008-155257-b74c0f2-6d43-n16-r5	5	c100	engine.route			wait_s	42.633625
20261008-155257-b74c0f2-6d43-n16-r5	5	c100	engine.route			gather_s	11.012225
20261008-155257-b74c0f2-6d43-n16-r5	5	c100	engine.worker			scan_s	386.023923
20261008-155257-b74c0f2-6d43-n16-r5	5	c100	engine.worker			lookup_s	104.688211
20261008-155257-b74c0f2-6d43-n16-r5	5	c100	engine.worker			classify_s	328.848239
20261008-155257-b74c0f2-6d43-n16-r5	5	c100	phase			total	206.753281
20261008-155257-b74c0f2-6d43-n16-r5	5	c100	phase			total.start_s	0.000000
20261008-155257-b74c0f2-6d43-n16-r6	6	c100	phase			taxo	0.090614
20261008-155257-b74c0f2-6d43-n16-r6	6	c100	phase			taxo.start_s	0.002533
20261008-155257-b74c0f2-6d43-n16-r6	6	c100	engine.mem			t_s	15.0
20261008-155257-b74c0f2-6d43-n16-r6	6	c100	engine.mem			rss_kib	44854680
20261008-155257-b74c0f2-6d43-n16-r6	6	c100	engine.mem			hwm_kib	44854688
20261008-155257-b74c0f2-6d43-n16-r6	6	c100	engine.mem			heap_inuse	404922368
20261008-155257-b74c0f2-6d43-n16-r6	6	c100	engine.mem			sys	439400808
20261008-155257-b74c0f2-6d43-n16-r6	6	c100	engine.mem			avail_kib	49820016
20261008-155257-b74c0f2-6d43-n16-r6	6	c100	phase			shard-load-6	25.204682
20261008-155257-b74c0f2-6d43-n16-r6	6	c100	phase			shard-load-6.start_s	0.161058
20261008-155257-b74c0f2-6d43-n16-r6	6	c100	engine.mem			t_s	30.0
20261008-155257-b74c0f2-6d43-n16-r6	6	c100	engine.mem			rss_kib	72977592
20261008-155257-b74c0f2-6d43-n16-r6	6	c100	engine.mem			hwm_kib	72977596
20261008-155257-b74c0f2-6d43-n16-r6	6	c100	engine.mem			heap_inuse	409436160
20261008-155257-b74c0f2-6d43-n16-r6	6	c100	engine.mem			sys	440187240
20261008-155257-b74c0f2-6d43-n16-r6	6	c100	engine.mem			avail_kib	21862356
20261008-155257-b74c0f2-6d43-n16-r6	6	c100	engine.mem			t_s	45.0
20261008-155257-b74c0f2-6d43-n16-r6	6	c100	engine.mem			rss_kib	72982380
20261008-155257-b74c0f2-6d43-n16-r6	6	c100	engine.mem			hwm_kib	72982384
20261008-155257-b74c0f2-6d43-n16-r6	6	c100	engine.mem			heap_inuse	414892032
20261008-155257-b74c0f2-6d43-n16-r6	6	c100	engine.mem			sys	444381544
20261008-155257-b74c0f2-6d43-n16-r6	6	c100	engine.mem			avail_kib	22193584
20261008-155257-b74c0f2-6d43-n16-r6	6	c100	phase			rendezvous	19.420629
20261008-155257-b74c0f2-6d43-n16-r6	6	c100	phase			rendezvous.start_s	25.790649
20261008-155257-b74c0f2-6d43-n16-r6	6	c100	phase			connect	0.013609
20261008-155257-b74c0f2-6d43-n16-r6	6	c100	phase			connect.start_s	45.211289
20261008-155257-b74c0f2-6d43-n16-r6	6	c100	phase			hash	45.131673
20261008-155257-b74c0f2-6d43-n16-r6	6	c100	phase			hash.start_s	0.093241
20261008-155257-b74c0f2-6d43-n16-r6	6	c100	sample	0	0-SRR5935762	mode	parallel
20261008-155257-b74c0f2-6d43-n16-r6	6	c100	sample	0	0-SRR5935762	s3client	sdk
20261008-155257-b74c0f2-6d43-n16-r6	6	c100	sample	0	0-SRR5935762	rank	6
20261008-155257-b74c0f2-6d43-n16-r6	6	c100	sample	0	0-SRR5935762	role	home
20261008-155257-b74c0f2-6d43-n16-r6	6	c100	sample	0	0-SRR5935762	inflight	1
20261008-155257-b74c0f2-6d43-n16-r6	6	c100	sample	0	0-SRR5935762	threads	16
20261008-155257-b74c0f2-6d43-n16-r6	6	c100	sample	0	0-SRR5935762	start_s	45.224941
20261008-155257-b74c0f2-6d43-n16-r6	6	c100	sample	0	0-SRR5935762	wall_s	8.821539
20261008-155257-b74c0f2-6d43-n16-r6	6	c100	sample	0	0-SRR5935762	setup_s	0.000045
20261008-155257-b74c0f2-6d43-n16-r6	6	c100	sample	0	0-SRR5935762	classify_s	8.461775
20261008-155257-b74c0f2-6d43-n16-r6	6	c100	sample	0	0-SRR5935762	close_s	0.224472
20261008-155257-b74c0f2-6d43-n16-r6	6	c100	sample	0	0-SRR5935762	report_s	0.128949
20261008-155257-b74c0f2-6d43-n16-r6	6	c100	sample	0	0-SRR5935762	status	0
20261008-155257-b74c0f2-6d43-n16-r6	6	c100	sample	0	0-SRR5935762	sequences	18129553
20261008-155257-b74c0f2-6d43-n16-r6	6	c100	sample	0	0-SRR5935762	bases	3409028279
20261008-155257-b74c0f2-6d43-n16-r6	6	c100	sample	0	0-SRR5935762	classified	17831449
20261008-155257-b74c0f2-6d43-n16-r6	6	c100	sample	0	0-SRR5935762	place	lpt
20261008-155257-b74c0f2-6d43-n16-r6	6	c100	sample	0	0-SRR5935762	weight	18129553
20261008-155257-b74c0f2-6d43-n16-r6	6	c100	engine.mem			t_s	60.0
20261008-155257-b74c0f2-6d43-n16-r6	6	c100	engine.mem			rss_kib	79113996
20261008-155257-b74c0f2-6d43-n16-r6	6	c100	engine.mem			hwm_kib	79282324
20261008-155257-b74c0f2-6d43-n16-r6	6	c100	engine.mem			heap_inuse	5508284416
20261008-155257-b74c0f2-6d43-n16-r6	6	c100	engine.mem			sys	6938398952
20261008-155257-b74c0f2-6d43-n16-r6	6	c100	engine.mem			avail_kib	15475040
20261008-155257-b74c0f2-6d43-n16-r6	6	c100	sample	0	0-SRR5935838	mode	parallel
20261008-155257-b74c0f2-6d43-n16-r6	6	c100	sample	0	0-SRR5935838	s3client	sdk
20261008-155257-b74c0f2-6d43-n16-r6	6	c100	sample	0	0-SRR5935838	rank	6
20261008-155257-b74c0f2-6d43-n16-r6	6	c100	sample	0	0-SRR5935838	role	home
20261008-155257-b74c0f2-6d43-n16-r6	6	c100	sample	0	0-SRR5935838	inflight	1
20261008-155257-b74c0f2-6d43-n16-r6	6	c100	sample	0	0-SRR5935838	threads	16
20261008-155257-b74c0f2-6d43-n16-r6	6	c100	sample	0	0-SRR5935838	start_s	54.046493
20261008-155257-b74c0f2-6d43-n16-r6	6	c100	sample	0	0-SRR5935838	wall_s	7.247348
20261008-155257-b74c0f2-6d43-n16-r6	6	c100	sample	0	0-SRR5935838	setup_s	0.000046
20261008-155257-b74c0f2-6d43-n16-r6	6	c100	sample	0	0-SRR5935838	classify_s	6.828136
20261008-155257-b74c0f2-6d43-n16-r6	6	c100	sample	0	0-SRR5935838	close_s	0.295813
20261008-155257-b74c0f2-6d43-n16-r6	6	c100	sample	0	0-SRR5935838	report_s	0.117960
20261008-155257-b74c0f2-6d43-n16-r6	6	c100	sample	0	0-SRR5935838	status	0
20261008-155257-b74c0f2-6d43-n16-r6	6	c100	sample	0	0-SRR5935838	sequences	14615323
20261008-155257-b74c0f2-6d43-n16-r6	6	c100	sample	0	0-SRR5935838	bases	2691062094
20261008-155257-b74c0f2-6d43-n16-r6	6	c100	sample	0	0-SRR5935838	classified	14358414
20261008-155257-b74c0f2-6d43-n16-r6	6	c100	sample	0	0-SRR5935838	place	lpt
20261008-155257-b74c0f2-6d43-n16-r6	6	c100	sample	0	0-SRR5935838	weight	14615323
20261008-155257-b74c0f2-6d43-n16-r6	6	c100	sample	0	0-SRR5935834	mode	parallel
20261008-155257-b74c0f2-6d43-n16-r6	6	c100	sample	0	0-SRR5935834	s3client	sdk
20261008-155257-b74c0f2-6d43-n16-r6	6	c100	sample	0	0-SRR5935834	rank	6
20261008-155257-b74c0f2-6d43-n16-r6	6	c100	sample	0	0-SRR5935834	role	home
20261008-155257-b74c0f2-6d43-n16-r6	6	c100	sample	0	0-SRR5935834	inflight	1
20261008-155257-b74c0f2-6d43-n16-r6	6	c100	sample	0	0-SRR5935834	threads	16
20261008-155257-b74c0f2-6d43-n16-r6	6	c100	sample	0	0-SRR5935834	start_s	61.293855
20261008-155257-b74c0f2-6d43-n16-r6	6	c100	sample	0	0-SRR5935834	wall_s	6.242130
20261008-155257-b74c0f2-6d43-n16-r6	6	c100	sample	0	0-SRR5935834	setup_s	0.000039
20261008-155257-b74c0f2-6d43-n16-r6	6	c100	sample	0	0-SRR5935834	classify_s	5.840526
20261008-155257-b74c0f2-6d43-n16-r6	6	c100	sample	0	0-SRR5935834	close_s	0.268436
20261008-155257-b74c0f2-6d43-n16-r6	6	c100	sample	0	0-SRR5935834	report_s	0.126260
20261008-155257-b74c0f2-6d43-n16-r6	6	c100	sample	0	0-SRR5935834	status	0
20261008-155257-b74c0f2-6d43-n16-r6	6	c100	sample	0	0-SRR5935834	sequences	12610038
20261008-155257-b74c0f2-6d43-n16-r6	6	c100	sample	0	0-SRR5935834	bases	2321592529
20261008-155257-b74c0f2-6d43-n16-r6	6	c100	sample	0	0-SRR5935834	classified	12099380
20261008-155257-b74c0f2-6d43-n16-r6	6	c100	sample	0	0-SRR5935834	place	lpt
20261008-155257-b74c0f2-6d43-n16-r6	6	c100	sample	0	0-SRR5935834	weight	12610038
20261008-155257-b74c0f2-6d43-n16-r6	6	c100	sample	0	0-SRR5935780	mode	parallel
20261008-155257-b74c0f2-6d43-n16-r6	6	c100	sample	0	0-SRR5935780	s3client	sdk
20261008-155257-b74c0f2-6d43-n16-r6	6	c100	sample	0	0-SRR5935780	rank	6
20261008-155257-b74c0f2-6d43-n16-r6	6	c100	sample	0	0-SRR5935780	role	home
20261008-155257-b74c0f2-6d43-n16-r6	6	c100	sample	0	0-SRR5935780	inflight	1
20261008-155257-b74c0f2-6d43-n16-r6	6	c100	sample	0	0-SRR5935780	threads	16
20261008-155257-b74c0f2-6d43-n16-r6	6	c100	sample	0	0-SRR5935780	start_s	67.535998
20261008-155257-b74c0f2-6d43-n16-r6	6	c100	sample	0	0-SRR5935780	wall_s	5.398436
20261008-155257-b74c0f2-6d43-n16-r6	6	c100	sample	0	0-SRR5935780	setup_s	0.000043
20261008-155257-b74c0f2-6d43-n16-r6	6	c100	sample	0	0-SRR5935780	classify_s	4.976391
20261008-155257-b74c0f2-6d43-n16-r6	6	c100	sample	0	0-SRR5935780	close_s	0.231381
20261008-155257-b74c0f2-6d43-n16-r6	6	c100	sample	0	0-SRR5935780	report_s	0.185709
20261008-155257-b74c0f2-6d43-n16-r6	6	c100	sample	0	0-SRR5935780	status	0
20261008-155257-b74c0f2-6d43-n16-r6	6	c100	sample	0	0-SRR5935780	sequences	10716528
20261008-155257-b74c0f2-6d43-n16-r6	6	c100	sample	0	0-SRR5935780	bases	1994960359
20261008-155257-b74c0f2-6d43-n16-r6	6	c100	sample	0	0-SRR5935780	classified	10376259
20261008-155257-b74c0f2-6d43-n16-r6	6	c100	sample	0	0-SRR5935780	place	lpt
20261008-155257-b74c0f2-6d43-n16-r6	6	c100	sample	0	0-SRR5935780	weight	10716528
20261008-155257-b74c0f2-6d43-n16-r6	6	c100	engine.mem			t_s	75.0
20261008-155257-b74c0f2-6d43-n16-r6	6	c100	engine.mem			rss_kib	78399492
20261008-155257-b74c0f2-6d43-n16-r6	6	c100	engine.mem			hwm_kib	79282324
20261008-155257-b74c0f2-6d43-n16-r6	6	c100	engine.mem			heap_inuse	5219811328
20261008-155257-b74c0f2-6d43-n16-r6	6	c100	engine.mem			sys	6938947816
20261008-155257-b74c0f2-6d43-n16-r6	6	c100	engine.mem			avail_kib	15398856
20261008-155257-b74c0f2-6d43-n16-r6	6	c100	sample	0	0-SRR5935790	mode	parallel
20261008-155257-b74c0f2-6d43-n16-r6	6	c100	sample	0	0-SRR5935790	s3client	sdk
20261008-155257-b74c0f2-6d43-n16-r6	6	c100	sample	0	0-SRR5935790	rank	6
20261008-155257-b74c0f2-6d43-n16-r6	6	c100	sample	0	0-SRR5935790	role	home
20261008-155257-b74c0f2-6d43-n16-r6	6	c100	sample	0	0-SRR5935790	inflight	1
20261008-155257-b74c0f2-6d43-n16-r6	6	c100	sample	0	0-SRR5935790	threads	16
20261008-155257-b74c0f2-6d43-n16-r6	6	c100	sample	0	0-SRR5935790	start_s	72.934448
20261008-155257-b74c0f2-6d43-n16-r6	6	c100	sample	0	0-SRR5935790	wall_s	4.690820
20261008-155257-b74c0f2-6d43-n16-r6	6	c100	sample	0	0-SRR5935790	setup_s	0.000039
20261008-155257-b74c0f2-6d43-n16-r6	6	c100	sample	0	0-SRR5935790	classify_s	4.282947
20261008-155257-b74c0f2-6d43-n16-r6	6	c100	sample	0	0-SRR5935790	close_s	0.270765
20261008-155257-b74c0f2-6d43-n16-r6	6	c100	sample	0	0-SRR5935790	report_s	0.130947
20261008-155257-b74c0f2-6d43-n16-r6	6	c100	sample	0	0-SRR5935790	status	0
20261008-155257-b74c0f2-6d43-n16-r6	6	c100	sample	0	0-SRR5935790	sequences	9202475
20261008-155257-b74c0f2-6d43-n16-r6	6	c100	sample	0	0-SRR5935790	bases	1711991411
20261008-155257-b74c0f2-6d43-n16-r6	6	c100	sample	0	0-SRR5935790	classified	8810259
20261008-155257-b74c0f2-6d43-n16-r6	6	c100	sample	0	0-SRR5935790	place	lpt
20261008-155257-b74c0f2-6d43-n16-r6	6	c100	sample	0	0-SRR5935790	weight	9202475
20261008-155257-b74c0f2-6d43-n16-r6	6	c100	sample	0	0-SRR5935776	mode	parallel
20261008-155257-b74c0f2-6d43-n16-r6	6	c100	sample	0	0-SRR5935776	s3client	sdk
20261008-155257-b74c0f2-6d43-n16-r6	6	c100	sample	0	0-SRR5935776	rank	6
20261008-155257-b74c0f2-6d43-n16-r6	6	c100	sample	0	0-SRR5935776	role	home
20261008-155257-b74c0f2-6d43-n16-r6	6	c100	sample	0	0-SRR5935776	inflight	1
20261008-155257-b74c0f2-6d43-n16-r6	6	c100	sample	0	0-SRR5935776	threads	16
20261008-155257-b74c0f2-6d43-n16-r6	6	c100	sample	0	0-SRR5935776	start_s	77.625281
20261008-155257-b74c0f2-6d43-n16-r6	6	c100	sample	0	0-SRR5935776	wall_s	2.017101
20261008-155257-b74c0f2-6d43-n16-r6	6	c100	sample	0	0-SRR5935776	setup_s	0.000035
20261008-155257-b74c0f2-6d43-n16-r6	6	c100	sample	0	0-SRR5935776	classify_s	1.643931
20261008-155257-b74c0f2-6d43-n16-r6	6	c100	sample	0	0-SRR5935776	close_s	0.231649
20261008-155257-b74c0f2-6d43-n16-r6	6	c100	sample	0	0-SRR5935776	report_s	0.138815
20261008-155257-b74c0f2-6d43-n16-r6	6	c100	sample	0	0-SRR5935776	status	0
20261008-155257-b74c0f2-6d43-n16-r6	6	c100	sample	0	0-SRR5935776	sequences	3168882
20261008-155257-b74c0f2-6d43-n16-r6	6	c100	sample	0	0-SRR5935776	bases	592648009
20261008-155257-b74c0f2-6d43-n16-r6	6	c100	sample	0	0-SRR5935776	classified	3127330
20261008-155257-b74c0f2-6d43-n16-r6	6	c100	sample	0	0-SRR5935776	place	lpt
20261008-155257-b74c0f2-6d43-n16-r6	6	c100	sample	0	0-SRR5935776	weight	3168882
20261008-155257-b74c0f2-6d43-n16-r6	6	c100	phase			batch-barrier-0	2.449295
20261008-155257-b74c0f2-6d43-n16-r6	6	c100	phase			batch-barrier-0.start_s	79.642396
20261008-155257-b74c0f2-6d43-n16-r6	6	c100	sample	1	1-SRR5935746	mode	parallel
20261008-155257-b74c0f2-6d43-n16-r6	6	c100	sample	1	1-SRR5935746	s3client	sdk
20261008-155257-b74c0f2-6d43-n16-r6	6	c100	sample	1	1-SRR5935746	rank	6
20261008-155257-b74c0f2-6d43-n16-r6	6	c100	sample	1	1-SRR5935746	role	home
20261008-155257-b74c0f2-6d43-n16-r6	6	c100	sample	1	1-SRR5935746	inflight	1
20261008-155257-b74c0f2-6d43-n16-r6	6	c100	sample	1	1-SRR5935746	threads	16
20261008-155257-b74c0f2-6d43-n16-r6	6	c100	sample	1	1-SRR5935746	start_s	82.091714
20261008-155257-b74c0f2-6d43-n16-r6	6	c100	sample	1	1-SRR5935746	wall_s	5.523771
20261008-155257-b74c0f2-6d43-n16-r6	6	c100	sample	1	1-SRR5935746	setup_s	0.000037
20261008-155257-b74c0f2-6d43-n16-r6	6	c100	sample	1	1-SRR5935746	classify_s	5.045009
20261008-155257-b74c0f2-6d43-n16-r6	6	c100	sample	1	1-SRR5935746	close_s	0.316632
20261008-155257-b74c0f2-6d43-n16-r6	6	c100	sample	1	1-SRR5935746	report_s	0.156567
20261008-155257-b74c0f2-6d43-n16-r6	6	c100	sample	1	1-SRR5935746	status	0
20261008-155257-b74c0f2-6d43-n16-r6	6	c100	sample	1	1-SRR5935746	sequences	11012615
20261008-155257-b74c0f2-6d43-n16-r6	6	c100	sample	1	1-SRR5935746	bases	2057953866
20261008-155257-b74c0f2-6d43-n16-r6	6	c100	sample	1	1-SRR5935746	classified	10686469
20261008-155257-b74c0f2-6d43-n16-r6	6	c100	sample	1	1-SRR5935746	place	mod
20261008-155257-b74c0f2-6d43-n16-r6	6	c100	sample	1	1-SRR5935746	weight	11012615
20261008-155257-b74c0f2-6d43-n16-r6	6	c100	engine.mem			t_s	90.0
20261008-155257-b74c0f2-6d43-n16-r6	6	c100	engine.mem			rss_kib	78563084
20261008-155257-b74c0f2-6d43-n16-r6	6	c100	engine.mem			hwm_kib	79282324
20261008-155257-b74c0f2-6d43-n16-r6	6	c100	engine.mem			heap_inuse	5578006528
20261008-155257-b74c0f2-6d43-n16-r6	6	c100	engine.mem			sys	6938972392
20261008-155257-b74c0f2-6d43-n16-r6	6	c100	engine.mem			avail_kib	15629076
20261008-155257-b74c0f2-6d43-n16-r6	6	c100	sample	1	1-SRR5935762	mode	parallel
20261008-155257-b74c0f2-6d43-n16-r6	6	c100	sample	1	1-SRR5935762	s3client	sdk
20261008-155257-b74c0f2-6d43-n16-r6	6	c100	sample	1	1-SRR5935762	rank	6
20261008-155257-b74c0f2-6d43-n16-r6	6	c100	sample	1	1-SRR5935762	role	home
20261008-155257-b74c0f2-6d43-n16-r6	6	c100	sample	1	1-SRR5935762	inflight	1
20261008-155257-b74c0f2-6d43-n16-r6	6	c100	sample	1	1-SRR5935762	threads	16
20261008-155257-b74c0f2-6d43-n16-r6	6	c100	sample	1	1-SRR5935762	start_s	87.615497
20261008-155257-b74c0f2-6d43-n16-r6	6	c100	sample	1	1-SRR5935762	wall_s	8.932207
20261008-155257-b74c0f2-6d43-n16-r6	6	c100	sample	1	1-SRR5935762	setup_s	0.000039
20261008-155257-b74c0f2-6d43-n16-r6	6	c100	sample	1	1-SRR5935762	classify_s	8.440649
20261008-155257-b74c0f2-6d43-n16-r6	6	c100	sample	1	1-SRR5935762	close_s	0.314579
20261008-155257-b74c0f2-6d43-n16-r6	6	c100	sample	1	1-SRR5935762	report_s	0.170898
20261008-155257-b74c0f2-6d43-n16-r6	6	c100	sample	1	1-SRR5935762	status	0
20261008-155257-b74c0f2-6d43-n16-r6	6	c100	sample	1	1-SRR5935762	sequences	18129553
20261008-155257-b74c0f2-6d43-n16-r6	6	c100	sample	1	1-SRR5935762	bases	3409028279
20261008-155257-b74c0f2-6d43-n16-r6	6	c100	sample	1	1-SRR5935762	classified	17831449
20261008-155257-b74c0f2-6d43-n16-r6	6	c100	sample	1	1-SRR5935762	place	mod
20261008-155257-b74c0f2-6d43-n16-r6	6	c100	sample	1	1-SRR5935762	weight	18129553
20261008-155257-b74c0f2-6d43-n16-r6	6	c100	sample	1	1-SRR5935778	mode	parallel
20261008-155257-b74c0f2-6d43-n16-r6	6	c100	sample	1	1-SRR5935778	s3client	sdk
20261008-155257-b74c0f2-6d43-n16-r6	6	c100	sample	1	1-SRR5935778	rank	6
20261008-155257-b74c0f2-6d43-n16-r6	6	c100	sample	1	1-SRR5935778	role	home
20261008-155257-b74c0f2-6d43-n16-r6	6	c100	sample	1	1-SRR5935778	inflight	1
20261008-155257-b74c0f2-6d43-n16-r6	6	c100	sample	1	1-SRR5935778	threads	16
20261008-155257-b74c0f2-6d43-n16-r6	6	c100	sample	1	1-SRR5935778	start_s	96.547719
20261008-155257-b74c0f2-6d43-n16-r6	6	c100	sample	1	1-SRR5935778	wall_s	5.775770
20261008-155257-b74c0f2-6d43-n16-r6	6	c100	sample	1	1-SRR5935778	setup_s	0.000050
20261008-155257-b74c0f2-6d43-n16-r6	6	c100	sample	1	1-SRR5935778	classify_s	5.215033
20261008-155257-b74c0f2-6d43-n16-r6	6	c100	sample	1	1-SRR5935778	close_s	0.265987
20261008-155257-b74c0f2-6d43-n16-r6	6	c100	sample	1	1-SRR5935778	report_s	0.286269
20261008-155257-b74c0f2-6d43-n16-r6	6	c100	sample	1	1-SRR5935778	status	0
20261008-155257-b74c0f2-6d43-n16-r6	6	c100	sample	1	1-SRR5935778	sequences	10554303
20261008-155257-b74c0f2-6d43-n16-r6	6	c100	sample	1	1-SRR5935778	bases	1946564732
20261008-155257-b74c0f2-6d43-n16-r6	6	c100	sample	1	1-SRR5935778	classified	10062971
20261008-155257-b74c0f2-6d43-n16-r6	6	c100	sample	1	1-SRR5935778	place	mod
20261008-155257-b74c0f2-6d43-n16-r6	6	c100	sample	1	1-SRR5935778	weight	10554303
20261008-155257-b74c0f2-6d43-n16-r6	6	c100	engine.mem			t_s	105.0
20261008-155257-b74c0f2-6d43-n16-r6	6	c100	engine.mem			rss_kib	78513052
20261008-155257-b74c0f2-6d43-n16-r6	6	c100	engine.mem			hwm_kib	79282324
20261008-155257-b74c0f2-6d43-n16-r6	6	c100	engine.mem			heap_inuse	5526183936
20261008-155257-b74c0f2-6d43-n16-r6	6	c100	engine.mem			sys	6938988776
20261008-155257-b74c0f2-6d43-n16-r6	6	c100	engine.mem			avail_kib	15367740
20261008-155257-b74c0f2-6d43-n16-r6	6	c100	sample	1	1-SRR5935794	mode	parallel
20261008-155257-b74c0f2-6d43-n16-r6	6	c100	sample	1	1-SRR5935794	s3client	sdk
20261008-155257-b74c0f2-6d43-n16-r6	6	c100	sample	1	1-SRR5935794	rank	6
20261008-155257-b74c0f2-6d43-n16-r6	6	c100	sample	1	1-SRR5935794	role	home
20261008-155257-b74c0f2-6d43-n16-r6	6	c100	sample	1	1-SRR5935794	inflight	1
20261008-155257-b74c0f2-6d43-n16-r6	6	c100	sample	1	1-SRR5935794	threads	16
20261008-155257-b74c0f2-6d43-n16-r6	6	c100	sample	1	1-SRR5935794	start_s	102.323505
20261008-155257-b74c0f2-6d43-n16-r6	6	c100	sample	1	1-SRR5935794	wall_s	6.497821
20261008-155257-b74c0f2-6d43-n16-r6	6	c100	sample	1	1-SRR5935794	setup_s	0.000042
20261008-155257-b74c0f2-6d43-n16-r6	6	c100	sample	1	1-SRR5935794	classify_s	6.107612
20261008-155257-b74c0f2-6d43-n16-r6	6	c100	sample	1	1-SRR5935794	close_s	0.243182
20261008-155257-b74c0f2-6d43-n16-r6	6	c100	sample	1	1-SRR5935794	report_s	0.142354
20261008-155257-b74c0f2-6d43-n16-r6	6	c100	sample	1	1-SRR5935794	status	0
20261008-155257-b74c0f2-6d43-n16-r6	6	c100	sample	1	1-SRR5935794	sequences	13404063
20261008-155257-b74c0f2-6d43-n16-r6	6	c100	sample	1	1-SRR5935794	bases	2484447317
20261008-155257-b74c0f2-6d43-n16-r6	6	c100	sample	1	1-SRR5935794	classified	13071600
20261008-155257-b74c0f2-6d43-n16-r6	6	c100	sample	1	1-SRR5935794	place	mod
20261008-155257-b74c0f2-6d43-n16-r6	6	c100	sample	1	1-SRR5935794	weight	13404063
20261008-155257-b74c0f2-6d43-n16-r6	6	c100	sample	1	1-SRR5935810	mode	parallel
20261008-155257-b74c0f2-6d43-n16-r6	6	c100	sample	1	1-SRR5935810	s3client	sdk
20261008-155257-b74c0f2-6d43-n16-r6	6	c100	sample	1	1-SRR5935810	rank	6
20261008-155257-b74c0f2-6d43-n16-r6	6	c100	sample	1	1-SRR5935810	role	home
20261008-155257-b74c0f2-6d43-n16-r6	6	c100	sample	1	1-SRR5935810	inflight	1
20261008-155257-b74c0f2-6d43-n16-r6	6	c100	sample	1	1-SRR5935810	threads	16
20261008-155257-b74c0f2-6d43-n16-r6	6	c100	sample	1	1-SRR5935810	start_s	108.821342
20261008-155257-b74c0f2-6d43-n16-r6	6	c100	sample	1	1-SRR5935810	wall_s	7.369862
20261008-155257-b74c0f2-6d43-n16-r6	6	c100	sample	1	1-SRR5935810	setup_s	0.000048
20261008-155257-b74c0f2-6d43-n16-r6	6	c100	sample	1	1-SRR5935810	classify_s	6.986528
20261008-155257-b74c0f2-6d43-n16-r6	6	c100	sample	1	1-SRR5935810	close_s	0.240461
20261008-155257-b74c0f2-6d43-n16-r6	6	c100	sample	1	1-SRR5935810	report_s	0.130111
20261008-155257-b74c0f2-6d43-n16-r6	6	c100	sample	1	1-SRR5935810	status	0
20261008-155257-b74c0f2-6d43-n16-r6	6	c100	sample	1	1-SRR5935810	sequences	15280552
20261008-155257-b74c0f2-6d43-n16-r6	6	c100	sample	1	1-SRR5935810	bases	2858109884
20261008-155257-b74c0f2-6d43-n16-r6	6	c100	sample	1	1-SRR5935810	classified	13785544
20261008-155257-b74c0f2-6d43-n16-r6	6	c100	sample	1	1-SRR5935810	place	mod
20261008-155257-b74c0f2-6d43-n16-r6	6	c100	sample	1	1-SRR5935810	weight	15280552
20261008-155257-b74c0f2-6d43-n16-r6	6	c100	engine.mem			t_s	120.0
20261008-155257-b74c0f2-6d43-n16-r6	6	c100	engine.mem			rss_kib	78949940
20261008-155257-b74c0f2-6d43-n16-r6	6	c100	engine.mem			hwm_kib	79282324
20261008-155257-b74c0f2-6d43-n16-r6	6	c100	engine.mem			heap_inuse	4606533632
20261008-155257-b74c0f2-6d43-n16-r6	6	c100	engine.mem			sys	6938996968
20261008-155257-b74c0f2-6d43-n16-r6	6	c100	engine.mem			avail_kib	15572732
20261008-155257-b74c0f2-6d43-n16-r6	6	c100	sample	1	1-SRR5935826	mode	parallel
20261008-155257-b74c0f2-6d43-n16-r6	6	c100	sample	1	1-SRR5935826	s3client	sdk
20261008-155257-b74c0f2-6d43-n16-r6	6	c100	sample	1	1-SRR5935826	rank	6
20261008-155257-b74c0f2-6d43-n16-r6	6	c100	sample	1	1-SRR5935826	role	home
20261008-155257-b74c0f2-6d43-n16-r6	6	c100	sample	1	1-SRR5935826	inflight	1
20261008-155257-b74c0f2-6d43-n16-r6	6	c100	sample	1	1-SRR5935826	threads	16
20261008-155257-b74c0f2-6d43-n16-r6	6	c100	sample	1	1-SRR5935826	start_s	116.191218
20261008-155257-b74c0f2-6d43-n16-r6	6	c100	sample	1	1-SRR5935826	wall_s	4.403480
20261008-155257-b74c0f2-6d43-n16-r6	6	c100	sample	1	1-SRR5935826	setup_s	0.000046
20261008-155257-b74c0f2-6d43-n16-r6	6	c100	sample	1	1-SRR5935826	classify_s	4.038867
20261008-155257-b74c0f2-6d43-n16-r6	6	c100	sample	1	1-SRR5935826	close_s	0.246693
20261008-155257-b74c0f2-6d43-n16-r6	6	c100	sample	1	1-SRR5935826	report_s	0.114254
20261008-155257-b74c0f2-6d43-n16-r6	6	c100	sample	1	1-SRR5935826	status	0
20261008-155257-b74c0f2-6d43-n16-r6	6	c100	sample	1	1-SRR5935826	sequences	8766123
20261008-155257-b74c0f2-6d43-n16-r6	6	c100	sample	1	1-SRR5935826	bases	1609927653
20261008-155257-b74c0f2-6d43-n16-r6	6	c100	sample	1	1-SRR5935826	classified	8639469
20261008-155257-b74c0f2-6d43-n16-r6	6	c100	sample	1	1-SRR5935826	place	mod
20261008-155257-b74c0f2-6d43-n16-r6	6	c100	sample	1	1-SRR5935826	weight	8766123
20261008-155257-b74c0f2-6d43-n16-r6	6	c100	phase			batch-barrier-1	8.256626
20261008-155257-b74c0f2-6d43-n16-r6	6	c100	phase			batch-barrier-1.start_s	120.594710
20261008-155257-b74c0f2-6d43-n16-r6	6	c100	engine.mem			t_s	135.0
20261008-155257-b74c0f2-6d43-n16-r6	6	c100	engine.mem			rss_kib	78825956
20261008-155257-b74c0f2-6d43-n16-r6	6	c100	engine.mem			hwm_kib	79282324
20261008-155257-b74c0f2-6d43-n16-r6	6	c100	engine.mem			heap_inuse	4777000960
20261008-155257-b74c0f2-6d43-n16-r6	6	c100	engine.mem			sys	6938996968
20261008-155257-b74c0f2-6d43-n16-r6	6	c100	engine.mem			avail_kib	15478932
20261008-155257-b74c0f2-6d43-n16-r6	6	c100	sample	2	2-SRR5935762	mode	parallel
20261008-155257-b74c0f2-6d43-n16-r6	6	c100	sample	2	2-SRR5935762	s3client	sdk
20261008-155257-b74c0f2-6d43-n16-r6	6	c100	sample	2	2-SRR5935762	rank	6
20261008-155257-b74c0f2-6d43-n16-r6	6	c100	sample	2	2-SRR5935762	role	home
20261008-155257-b74c0f2-6d43-n16-r6	6	c100	sample	2	2-SRR5935762	inflight	1
20261008-155257-b74c0f2-6d43-n16-r6	6	c100	sample	2	2-SRR5935762	threads	16
20261008-155257-b74c0f2-6d43-n16-r6	6	c100	sample	2	2-SRR5935762	start_s	128.851370
20261008-155257-b74c0f2-6d43-n16-r6	6	c100	sample	2	2-SRR5935762	wall_s	8.858463
20261008-155257-b74c0f2-6d43-n16-r6	6	c100	sample	2	2-SRR5935762	setup_s	0.000032
20261008-155257-b74c0f2-6d43-n16-r6	6	c100	sample	2	2-SRR5935762	classify_s	8.446181
20261008-155257-b74c0f2-6d43-n16-r6	6	c100	sample	2	2-SRR5935762	close_s	0.261838
20261008-155257-b74c0f2-6d43-n16-r6	6	c100	sample	2	2-SRR5935762	report_s	0.144396
20261008-155257-b74c0f2-6d43-n16-r6	6	c100	sample	2	2-SRR5935762	status	0
20261008-155257-b74c0f2-6d43-n16-r6	6	c100	sample	2	2-SRR5935762	sequences	18129553
20261008-155257-b74c0f2-6d43-n16-r6	6	c100	sample	2	2-SRR5935762	bases	3409028279
20261008-155257-b74c0f2-6d43-n16-r6	6	c100	sample	2	2-SRR5935762	classified	17831449
20261008-155257-b74c0f2-6d43-n16-r6	6	c100	sample	2	2-SRR5935762	place	lpt
20261008-155257-b74c0f2-6d43-n16-r6	6	c100	sample	2	2-SRR5935762	weight	18129553
20261008-155257-b74c0f2-6d43-n16-r6	6	c100	sample	2	2-SRR5935838	mode	parallel
20261008-155257-b74c0f2-6d43-n16-r6	6	c100	sample	2	2-SRR5935838	s3client	sdk
20261008-155257-b74c0f2-6d43-n16-r6	6	c100	sample	2	2-SRR5935838	rank	6
20261008-155257-b74c0f2-6d43-n16-r6	6	c100	sample	2	2-SRR5935838	role	home
20261008-155257-b74c0f2-6d43-n16-r6	6	c100	sample	2	2-SRR5935838	inflight	1
20261008-155257-b74c0f2-6d43-n16-r6	6	c100	sample	2	2-SRR5935838	threads	16
20261008-155257-b74c0f2-6d43-n16-r6	6	c100	sample	2	2-SRR5935838	start_s	137.709847
20261008-155257-b74c0f2-6d43-n16-r6	6	c100	sample	2	2-SRR5935838	wall_s	7.224514
20261008-155257-b74c0f2-6d43-n16-r6	6	c100	sample	2	2-SRR5935838	setup_s	0.000047
20261008-155257-b74c0f2-6d43-n16-r6	6	c100	sample	2	2-SRR5935838	classify_s	6.845107
20261008-155257-b74c0f2-6d43-n16-r6	6	c100	sample	2	2-SRR5935838	close_s	0.216929
20261008-155257-b74c0f2-6d43-n16-r6	6	c100	sample	2	2-SRR5935838	report_s	0.157103
20261008-155257-b74c0f2-6d43-n16-r6	6	c100	sample	2	2-SRR5935838	status	0
20261008-155257-b74c0f2-6d43-n16-r6	6	c100	sample	2	2-SRR5935838	sequences	14615323
20261008-155257-b74c0f2-6d43-n16-r6	6	c100	sample	2	2-SRR5935838	bases	2691062094
20261008-155257-b74c0f2-6d43-n16-r6	6	c100	sample	2	2-SRR5935838	classified	14358414
20261008-155257-b74c0f2-6d43-n16-r6	6	c100	sample	2	2-SRR5935838	place	lpt
20261008-155257-b74c0f2-6d43-n16-r6	6	c100	sample	2	2-SRR5935838	weight	14615323
20261008-155257-b74c0f2-6d43-n16-r6	6	c100	engine.mem			t_s	150.0
20261008-155257-b74c0f2-6d43-n16-r6	6	c100	engine.mem			rss_kib	79096220
20261008-155257-b74c0f2-6d43-n16-r6	6	c100	engine.mem			hwm_kib	79282324
20261008-155257-b74c0f2-6d43-n16-r6	6	c100	engine.mem			heap_inuse	5784444928
20261008-155257-b74c0f2-6d43-n16-r6	6	c100	engine.mem			sys	6939046120
20261008-155257-b74c0f2-6d43-n16-r6	6	c100	engine.mem			avail_kib	15455784
20261008-155257-b74c0f2-6d43-n16-r6	6	c100	sample	2	2-SRR5935834	mode	parallel
20261008-155257-b74c0f2-6d43-n16-r6	6	c100	sample	2	2-SRR5935834	s3client	sdk
20261008-155257-b74c0f2-6d43-n16-r6	6	c100	sample	2	2-SRR5935834	rank	6
20261008-155257-b74c0f2-6d43-n16-r6	6	c100	sample	2	2-SRR5935834	role	home
20261008-155257-b74c0f2-6d43-n16-r6	6	c100	sample	2	2-SRR5935834	inflight	1
20261008-155257-b74c0f2-6d43-n16-r6	6	c100	sample	2	2-SRR5935834	threads	16
20261008-155257-b74c0f2-6d43-n16-r6	6	c100	sample	2	2-SRR5935834	start_s	144.934375
20261008-155257-b74c0f2-6d43-n16-r6	6	c100	sample	2	2-SRR5935834	wall_s	6.214925
20261008-155257-b74c0f2-6d43-n16-r6	6	c100	sample	2	2-SRR5935834	setup_s	0.000039
20261008-155257-b74c0f2-6d43-n16-r6	6	c100	sample	2	2-SRR5935834	classify_s	5.836488
20261008-155257-b74c0f2-6d43-n16-r6	6	c100	sample	2	2-SRR5935834	close_s	0.229936
20261008-155257-b74c0f2-6d43-n16-r6	6	c100	sample	2	2-SRR5935834	report_s	0.141762
20261008-155257-b74c0f2-6d43-n16-r6	6	c100	sample	2	2-SRR5935834	status	0
20261008-155257-b74c0f2-6d43-n16-r6	6	c100	sample	2	2-SRR5935834	sequences	12610038
20261008-155257-b74c0f2-6d43-n16-r6	6	c100	sample	2	2-SRR5935834	bases	2321592529
20261008-155257-b74c0f2-6d43-n16-r6	6	c100	sample	2	2-SRR5935834	classified	12099380
20261008-155257-b74c0f2-6d43-n16-r6	6	c100	sample	2	2-SRR5935834	place	lpt
20261008-155257-b74c0f2-6d43-n16-r6	6	c100	sample	2	2-SRR5935834	weight	12610038
20261008-155257-b74c0f2-6d43-n16-r6	6	c100	sample	2	2-SRR5935780	mode	parallel
20261008-155257-b74c0f2-6d43-n16-r6	6	c100	sample	2	2-SRR5935780	s3client	sdk
20261008-155257-b74c0f2-6d43-n16-r6	6	c100	sample	2	2-SRR5935780	rank	6
20261008-155257-b74c0f2-6d43-n16-r6	6	c100	sample	2	2-SRR5935780	role	home
20261008-155257-b74c0f2-6d43-n16-r6	6	c100	sample	2	2-SRR5935780	inflight	1
20261008-155257-b74c0f2-6d43-n16-r6	6	c100	sample	2	2-SRR5935780	threads	16
20261008-155257-b74c0f2-6d43-n16-r6	6	c100	sample	2	2-SRR5935780	start_s	151.149316
20261008-155257-b74c0f2-6d43-n16-r6	6	c100	sample	2	2-SRR5935780	wall_s	5.406010
20261008-155257-b74c0f2-6d43-n16-r6	6	c100	sample	2	2-SRR5935780	setup_s	0.000040
20261008-155257-b74c0f2-6d43-n16-r6	6	c100	sample	2	2-SRR5935780	classify_s	4.965974
20261008-155257-b74c0f2-6d43-n16-r6	6	c100	sample	2	2-SRR5935780	close_s	0.318942
20261008-155257-b74c0f2-6d43-n16-r6	6	c100	sample	2	2-SRR5935780	report_s	0.116055
20261008-155257-b74c0f2-6d43-n16-r6	6	c100	sample	2	2-SRR5935780	status	0
20261008-155257-b74c0f2-6d43-n16-r6	6	c100	sample	2	2-SRR5935780	sequences	10716528
20261008-155257-b74c0f2-6d43-n16-r6	6	c100	sample	2	2-SRR5935780	bases	1994960359
20261008-155257-b74c0f2-6d43-n16-r6	6	c100	sample	2	2-SRR5935780	classified	10376259
20261008-155257-b74c0f2-6d43-n16-r6	6	c100	sample	2	2-SRR5935780	place	lpt
20261008-155257-b74c0f2-6d43-n16-r6	6	c100	sample	2	2-SRR5935780	weight	10716528
20261008-155257-b74c0f2-6d43-n16-r6	6	c100	sample	2	2-SRR5935790	mode	parallel
20261008-155257-b74c0f2-6d43-n16-r6	6	c100	sample	2	2-SRR5935790	s3client	sdk
20261008-155257-b74c0f2-6d43-n16-r6	6	c100	sample	2	2-SRR5935790	rank	6
20261008-155257-b74c0f2-6d43-n16-r6	6	c100	sample	2	2-SRR5935790	role	home
20261008-155257-b74c0f2-6d43-n16-r6	6	c100	sample	2	2-SRR5935790	inflight	1
20261008-155257-b74c0f2-6d43-n16-r6	6	c100	sample	2	2-SRR5935790	threads	16
20261008-155257-b74c0f2-6d43-n16-r6	6	c100	sample	2	2-SRR5935790	start_s	156.555338
20261008-155257-b74c0f2-6d43-n16-r6	6	c100	sample	2	2-SRR5935790	wall_s	4.642296
20261008-155257-b74c0f2-6d43-n16-r6	6	c100	sample	2	2-SRR5935790	setup_s	0.000041
20261008-155257-b74c0f2-6d43-n16-r6	6	c100	sample	2	2-SRR5935790	classify_s	4.279980
20261008-155257-b74c0f2-6d43-n16-r6	6	c100	sample	2	2-SRR5935790	close_s	0.225029
20261008-155257-b74c0f2-6d43-n16-r6	6	c100	sample	2	2-SRR5935790	report_s	0.130811
20261008-155257-b74c0f2-6d43-n16-r6	6	c100	sample	2	2-SRR5935790	status	0
20261008-155257-b74c0f2-6d43-n16-r6	6	c100	sample	2	2-SRR5935790	sequences	9202475
20261008-155257-b74c0f2-6d43-n16-r6	6	c100	sample	2	2-SRR5935790	bases	1711991411
20261008-155257-b74c0f2-6d43-n16-r6	6	c100	sample	2	2-SRR5935790	classified	8810259
20261008-155257-b74c0f2-6d43-n16-r6	6	c100	sample	2	2-SRR5935790	place	lpt
20261008-155257-b74c0f2-6d43-n16-r6	6	c100	sample	2	2-SRR5935790	weight	9202475
20261008-155257-b74c0f2-6d43-n16-r6	6	c100	sample	2	2-SRR5935776	mode	parallel
20261008-155257-b74c0f2-6d43-n16-r6	6	c100	sample	2	2-SRR5935776	s3client	sdk
20261008-155257-b74c0f2-6d43-n16-r6	6	c100	sample	2	2-SRR5935776	rank	6
20261008-155257-b74c0f2-6d43-n16-r6	6	c100	sample	2	2-SRR5935776	role	home
20261008-155257-b74c0f2-6d43-n16-r6	6	c100	sample	2	2-SRR5935776	inflight	1
20261008-155257-b74c0f2-6d43-n16-r6	6	c100	sample	2	2-SRR5935776	threads	16
20261008-155257-b74c0f2-6d43-n16-r6	6	c100	sample	2	2-SRR5935776	start_s	161.197648
20261008-155257-b74c0f2-6d43-n16-r6	6	c100	sample	2	2-SRR5935776	wall_s	1.998208
20261008-155257-b74c0f2-6d43-n16-r6	6	c100	sample	2	2-SRR5935776	setup_s	0.000039
20261008-155257-b74c0f2-6d43-n16-r6	6	c100	sample	2	2-SRR5935776	classify_s	1.642916
20261008-155257-b74c0f2-6d43-n16-r6	6	c100	sample	2	2-SRR5935776	close_s	0.245207
20261008-155257-b74c0f2-6d43-n16-r6	6	c100	sample	2	2-SRR5935776	report_s	0.107321
20261008-155257-b74c0f2-6d43-n16-r6	6	c100	sample	2	2-SRR5935776	status	0
20261008-155257-b74c0f2-6d43-n16-r6	6	c100	sample	2	2-SRR5935776	sequences	3168882
20261008-155257-b74c0f2-6d43-n16-r6	6	c100	sample	2	2-SRR5935776	bases	592648009
20261008-155257-b74c0f2-6d43-n16-r6	6	c100	sample	2	2-SRR5935776	classified	3127330
20261008-155257-b74c0f2-6d43-n16-r6	6	c100	sample	2	2-SRR5935776	place	lpt
20261008-155257-b74c0f2-6d43-n16-r6	6	c100	sample	2	2-SRR5935776	weight	3168882
20261008-155257-b74c0f2-6d43-n16-r6	6	c100	engine.mem			t_s	165.0
20261008-155257-b74c0f2-6d43-n16-r6	6	c100	engine.mem			rss_kib	78814364
20261008-155257-b74c0f2-6d43-n16-r6	6	c100	engine.mem			hwm_kib	79339868
20261008-155257-b74c0f2-6d43-n16-r6	6	c100	engine.mem			heap_inuse	5695619072
20261008-155257-b74c0f2-6d43-n16-r6	6	c100	engine.mem			sys	7061115144
20261008-155257-b74c0f2-6d43-n16-r6	6	c100	engine.mem			avail_kib	15511464
20261008-155257-b74c0f2-6d43-n16-r6	6	c100	phase			batch-barrier-2	2.527905
20261008-155257-b74c0f2-6d43-n16-r6	6	c100	phase			batch-barrier-2.start_s	163.195867
20261008-155257-b74c0f2-6d43-n16-r6	6	c100	phase			barrier	1.055804
20261008-155257-b74c0f2-6d43-n16-r6	6	c100	phase			barrier.start_s	171.011320
20261008-155257-b74c0f2-6d43-n16-r6	6	c100	sample	3	3-SRR5935740	mode	striped
20261008-155257-b74c0f2-6d43-n16-r6	6	c100	sample	3	3-SRR5935740	s3client	sdk
20261008-155257-b74c0f2-6d43-n16-r6	6	c100	sample	3	3-SRR5935740	rank	6
20261008-155257-b74c0f2-6d43-n16-r6	6	c100	sample	3	3-SRR5935740	role	peer
20261008-155257-b74c0f2-6d43-n16-r6	6	c100	sample	3	3-SRR5935740	inflight	1
20261008-155257-b74c0f2-6d43-n16-r6	6	c100	sample	3	3-SRR5935740	threads	16
20261008-155257-b74c0f2-6d43-n16-r6	6	c100	sample	3	3-SRR5935740	start_s	166.394270
20261008-155257-b74c0f2-6d43-n16-r6	6	c100	sample	3	3-SRR5935740	wall_s	5.672884
20261008-155257-b74c0f2-6d43-n16-r6	6	c100	sample	3	3-SRR5935740	setup_s	0.000030
20261008-155257-b74c0f2-6d43-n16-r6	6	c100	sample	3	3-SRR5935740	classify_s	4.613961
20261008-155257-b74c0f2-6d43-n16-r6	6	c100	sample	3	3-SRR5935740	close_s	0.000000
20261008-155257-b74c0f2-6d43-n16-r6	6	c100	sample	3	3-SRR5935740	report_s	0.000000
20261008-155257-b74c0f2-6d43-n16-r6	6	c100	sample	3	3-SRR5935740	status	0
20261008-155257-b74c0f2-6d43-n16-r6	6	c100	sample	3	3-SRR5935740	sequences	0
20261008-155257-b74c0f2-6d43-n16-r6	6	c100	sample	3	3-SRR5935740	bases	0
20261008-155257-b74c0f2-6d43-n16-r6	6	c100	sample	3	3-SRR5935740	classified	0
20261008-155257-b74c0f2-6d43-n16-r6	6	c100	sample	3	3-SRR5935740	place	-
20261008-155257-b74c0f2-6d43-n16-r6	6	c100	sample	3	3-SRR5935740	weight	-
20261008-155257-b74c0f2-6d43-n16-r6	6	c100	phase			batch-barrier-3	0.567210
20261008-155257-b74c0f2-6d43-n16-r6	6	c100	phase			batch-barrier-3.start_s	172.067160
20261008-155257-b74c0f2-6d43-n16-r6	6	c100	phase			barrier	0.229533
20261008-155257-b74c0f2-6d43-n16-r6	6	c100	phase			barrier.start_s	178.025077
20261008-155257-b74c0f2-6d43-n16-r6	6	c100	sample	4	4-SRR5935740	mode	striped
20261008-155257-b74c0f2-6d43-n16-r6	6	c100	sample	4	4-SRR5935740	s3client	sdk
20261008-155257-b74c0f2-6d43-n16-r6	6	c100	sample	4	4-SRR5935740	rank	6
20261008-155257-b74c0f2-6d43-n16-r6	6	c100	sample	4	4-SRR5935740	role	peer
20261008-155257-b74c0f2-6d43-n16-r6	6	c100	sample	4	4-SRR5935740	inflight	1
20261008-155257-b74c0f2-6d43-n16-r6	6	c100	sample	4	4-SRR5935740	threads	16
20261008-155257-b74c0f2-6d43-n16-r6	6	c100	sample	4	4-SRR5935740	start_s	173.429697
20261008-155257-b74c0f2-6d43-n16-r6	6	c100	sample	4	4-SRR5935740	wall_s	4.824951
20261008-155257-b74c0f2-6d43-n16-r6	6	c100	sample	4	4-SRR5935740	setup_s	0.000032
20261008-155257-b74c0f2-6d43-n16-r6	6	c100	sample	4	4-SRR5935740	classify_s	4.592236
20261008-155257-b74c0f2-6d43-n16-r6	6	c100	sample	4	4-SRR5935740	close_s	0.000000
20261008-155257-b74c0f2-6d43-n16-r6	6	c100	sample	4	4-SRR5935740	report_s	0.000000
20261008-155257-b74c0f2-6d43-n16-r6	6	c100	sample	4	4-SRR5935740	status	0
20261008-155257-b74c0f2-6d43-n16-r6	6	c100	sample	4	4-SRR5935740	sequences	0
20261008-155257-b74c0f2-6d43-n16-r6	6	c100	sample	4	4-SRR5935740	bases	0
20261008-155257-b74c0f2-6d43-n16-r6	6	c100	sample	4	4-SRR5935740	classified	0
20261008-155257-b74c0f2-6d43-n16-r6	6	c100	sample	4	4-SRR5935740	place	-
20261008-155257-b74c0f2-6d43-n16-r6	6	c100	sample	4	4-SRR5935740	weight	-
20261008-155257-b74c0f2-6d43-n16-r6	6	c100	phase			batch-barrier-4	0.508780
20261008-155257-b74c0f2-6d43-n16-r6	6	c100	phase			batch-barrier-4.start_s	178.254655
20261008-155257-b74c0f2-6d43-n16-r6	6	c100	engine.mem			t_s	180.0
20261008-155257-b74c0f2-6d43-n16-r6	6	c100	engine.mem			rss_kib	76975496
20261008-155257-b74c0f2-6d43-n16-r6	6	c100	engine.mem			hwm_kib	79339868
20261008-155257-b74c0f2-6d43-n16-r6	6	c100	engine.mem			heap_inuse	4488552448
20261008-155257-b74c0f2-6d43-n16-r6	6	c100	engine.mem			sys	7061377288
20261008-155257-b74c0f2-6d43-n16-r6	6	c100	engine.mem			avail_kib	17751164
20261008-155257-b74c0f2-6d43-n16-r6	6	c100	phase			barrier	0.141736
20261008-155257-b74c0f2-6d43-n16-r6	6	c100	phase			barrier.start_s	184.144626
20261008-155257-b74c0f2-6d43-n16-r6	6	c100	sample	5	5-SRR5935740	mode	striped
20261008-155257-b74c0f2-6d43-n16-r6	6	c100	sample	5	5-SRR5935740	s3client	sdk
20261008-155257-b74c0f2-6d43-n16-r6	6	c100	sample	5	5-SRR5935740	rank	6
20261008-155257-b74c0f2-6d43-n16-r6	6	c100	sample	5	5-SRR5935740	role	peer
20261008-155257-b74c0f2-6d43-n16-r6	6	c100	sample	5	5-SRR5935740	inflight	1
20261008-155257-b74c0f2-6d43-n16-r6	6	c100	sample	5	5-SRR5935740	threads	16
20261008-155257-b74c0f2-6d43-n16-r6	6	c100	sample	5	5-SRR5935740	start_s	179.529462
20261008-155257-b74c0f2-6d43-n16-r6	6	c100	sample	5	5-SRR5935740	wall_s	4.756954
20261008-155257-b74c0f2-6d43-n16-r6	6	c100	sample	5	5-SRR5935740	setup_s	0.000030
20261008-155257-b74c0f2-6d43-n16-r6	6	c100	sample	5	5-SRR5935740	classify_s	4.612094
20261008-155257-b74c0f2-6d43-n16-r6	6	c100	sample	5	5-SRR5935740	close_s	0.000000
20261008-155257-b74c0f2-6d43-n16-r6	6	c100	sample	5	5-SRR5935740	report_s	0.000000
20261008-155257-b74c0f2-6d43-n16-r6	6	c100	sample	5	5-SRR5935740	status	0
20261008-155257-b74c0f2-6d43-n16-r6	6	c100	sample	5	5-SRR5935740	sequences	0
20261008-155257-b74c0f2-6d43-n16-r6	6	c100	sample	5	5-SRR5935740	bases	0
20261008-155257-b74c0f2-6d43-n16-r6	6	c100	sample	5	5-SRR5935740	classified	0
20261008-155257-b74c0f2-6d43-n16-r6	6	c100	sample	5	5-SRR5935740	place	-
20261008-155257-b74c0f2-6d43-n16-r6	6	c100	sample	5	5-SRR5935740	weight	-
20261008-155257-b74c0f2-6d43-n16-r6	6	c100	phase			batch-barrier-5	0.507179
20261008-155257-b74c0f2-6d43-n16-r6	6	c100	phase			batch-barrier-5.start_s	184.286424
20261008-155257-b74c0f2-6d43-n16-r6	6	c100	phase			batch-barrier-6	6.072296
20261008-155257-b74c0f2-6d43-n16-r6	6	c100	phase			batch-barrier-6.start_s	184.793611
20261008-155257-b74c0f2-6d43-n16-r6	6	c100	engine.mem			t_s	195.0
20261008-155257-b74c0f2-6d43-n16-r6	6	c100	engine.mem			rss_kib	76305556
20261008-155257-b74c0f2-6d43-n16-r6	6	c100	engine.mem			hwm_kib	79339868
20261008-155257-b74c0f2-6d43-n16-r6	6	c100	engine.mem			heap_inuse	3554967552
20261008-155257-b74c0f2-6d43-n16-r6	6	c100	engine.mem			sys	7061377288
20261008-155257-b74c0f2-6d43-n16-r6	6	c100	engine.mem			avail_kib	18795380
20261008-155257-b74c0f2-6d43-n16-r6	6	c100	phase			batch-barrier-7	5.156774
20261008-155257-b74c0f2-6d43-n16-r6	6	c100	phase			batch-barrier-7.start_s	190.865921
20261008-155257-b74c0f2-6d43-n16-r6	6	c100	phase			batch-barrier-8	6.150335
20261008-155257-b74c0f2-6d43-n16-r6	6	c100	phase			batch-barrier-8.start_s	196.022711
20261008-155257-b74c0f2-6d43-n16-r6	6	c100	engine.shard			index	0
20261008-155257-b74c0f2-6d43-n16-r6	6	c100	engine.shard			n	16
20261008-155257-b74c0f2-6d43-n16-r6	6	c100	engine.shard			lo	111477344228
20261008-155257-b74c0f2-6d43-n16-r6	6	c100	engine.shard			hi	130056901599
20261008-155257-b74c0f2-6d43-n16-r6	6	c100	engine.shard			tail	302
20261008-155257-b74c0f2-6d43-n16-r6	6	c100	engine.shard			full	false
20261008-155257-b74c0f2-6d43-n16-r6	6	c100	engine.shard			empty_at	18579557370
20261008-155257-b74c0f2-6d43-n16-r6	6	c100	engine.shard			keys	8468165301
20261008-155257-b74c0f2-6d43-n16-r6	6	c100	engine.shard			batches	89910
20261008-155257-b74c0f2-6d43-n16-r6	6	c100	engine.shard			probe_s	162.751233
20261008-155257-b74c0f2-6d43-n16-r6	6	c100	engine.shard			tail_probes	0
20261008-155257-b74c0f2-6d43-n16-r6	6	c100	engine.shard			wrap_probes	0
20261008-155257-b74c0f2-6d43-n16-r6	6	c100	engine.mem			t_s	202.2
20261008-155257-b74c0f2-6d43-n16-r6	6	c100	engine.mem			rss_kib	76305560
20261008-155257-b74c0f2-6d43-n16-r6	6	c100	engine.mem			hwm_kib	79339868
20261008-155257-b74c0f2-6d43-n16-r6	6	c100	engine.mem			heap_inuse	3556139008
20261008-155257-b74c0f2-6d43-n16-r6	6	c100	engine.mem			sys	7061377288
20261008-155257-b74c0f2-6d43-n16-r6	6	c100	engine.mem			avail_kib	18904544
20261008-155257-b74c0f2-6d43-n16-r6	6	c100	engine.rendezvous			puts	13
20261008-155257-b74c0f2-6d43-n16-r6	6	c100	engine.rendezvous			gets	482
20261008-155257-b74c0f2-6d43-n16-r6	6	c100	engine.s3			client	sdk
20261008-155257-b74c0f2-6d43-n16-r6	6	c100	engine.s3			put	31
20261008-155257-b74c0f2-6d43-n16-r6	6	c100	engine.s3			get	482
20261008-155257-b74c0f2-6d43-n16-r6	6	c100	engine.s3			create_multipart	18
20261008-155257-b74c0f2-6d43-n16-r6	6	c100	engine.s3			upload_part	2218
20261008-155257-b74c0f2-6d43-n16-r6	6	c100	engine.s3			complete_multipart	18
20261008-155257-b74c0f2-6d43-n16-r6	6	c100	engine.s3			abort_multipart	0
20261008-155257-b74c0f2-6d43-n16-r6	6	c100	engine.s3			part_bytes	18519412405
20261008-155257-b74c0f2-6d43-n16-r6	6	c100	engine.s3			client	cli
20261008-155257-b74c0f2-6d43-n16-r6	6	c100	engine.s3			put	0
20261008-155257-b74c0f2-6d43-n16-r6	6	c100	engine.s3			get	0
20261008-155257-b74c0f2-6d43-n16-r6	6	c100	engine.s3			create_multipart	0
20261008-155257-b74c0f2-6d43-n16-r6	6	c100	engine.s3			upload_part	0
20261008-155257-b74c0f2-6d43-n16-r6	6	c100	engine.s3			complete_multipart	0
20261008-155257-b74c0f2-6d43-n16-r6	6	c100	engine.s3			abort_multipart	0
20261008-155257-b74c0f2-6d43-n16-r6	6	c100	engine.s3			part_bytes	0
20261008-155257-b74c0f2-6d43-n16-r6	6	c100	engine.load			seconds	25.204679
20261008-155257-b74c0f2-6d43-n16-r6	6	c100	engine.load			requests	1126
20261008-155257-b74c0f2-6d43-n16-r6	6	c100	engine.load			retries	0
20261008-155257-b74c0f2-6d43-n16-r6	6	c100	engine.load			bytes	74318296292
20261008-155257-b74c0f2-6d43-n16-r6	6	c100	engine.route			transport	nodes
20261008-155257-b74c0f2-6d43-n16-r6	6	c100	engine.route			calls	5695
20261008-155257-b74c0f2-6d43-n16-r6	6	c100	engine.route			keys	8622128948
20261008-155257-b74c0f2-6d43-n16-r6	6	c100	engine.route			batches	91120
20261008-155257-b74c0f2-6d43-n16-r6	6	c100	engine.route			route_s	58.382640
20261008-155257-b74c0f2-6d43-n16-r6	6	c100	engine.route			wait_s	43.997927
20261008-155257-b74c0f2-6d43-n16-r6	6	c100	engine.route			gather_s	12.669659
20261008-155257-b74c0f2-6d43-n16-r6	6	c100	engine.worker			scan_s	435.259611
20261008-155257-b74c0f2-6d43-n16-r6	6	c100	engine.worker			lookup_s	115.052120
20261008-155257-b74c0f2-6d43-n16-r6	6	c100	engine.worker			classify_s	373.448814
20261008-155257-b74c0f2-6d43-n16-r6	6	c100	phase			total	202.277306
20261008-155257-b74c0f2-6d43-n16-r6	6	c100	phase			total.start_s	0.000000
20261008-155257-b74c0f2-6d43-n16-r7	7	c100	phase			taxo	0.089712
20261008-155257-b74c0f2-6d43-n16-r7	7	c100	phase			taxo.start_s	0.002525
20261008-155257-b74c0f2-6d43-n16-r7	7	c100	engine.mem			t_s	15.0
20261008-155257-b74c0f2-6d43-n16-r7	7	c100	engine.mem			rss_kib	44694080
20261008-155257-b74c0f2-6d43-n16-r7	7	c100	engine.mem			hwm_kib	44694084
20261008-155257-b74c0f2-6d43-n16-r7	7	c100	engine.mem			heap_inuse	405610496
20261008-155257-b74c0f2-6d43-n16-r7	7	c100	engine.mem			sys	435550568
20261008-155257-b74c0f2-6d43-n16-r7	7	c100	engine.mem			avail_kib	49970348
20261008-155257-b74c0f2-6d43-n16-r7	7	c100	phase			shard-load-7	25.108621
20261008-155257-b74c0f2-6d43-n16-r7	7	c100	phase			shard-load-7.start_s	0.184592
20261008-155257-b74c0f2-6d43-n16-r7	7	c100	engine.mem			t_s	30.0
20261008-155257-b74c0f2-6d43-n16-r7	7	c100	engine.mem			rss_kib	72977616
20261008-155257-b74c0f2-6d43-n16-r7	7	c100	engine.mem			hwm_kib	72977620
20261008-155257-b74c0f2-6d43-n16-r7	7	c100	engine.mem			heap_inuse	409001984
20261008-155257-b74c0f2-6d43-n16-r7	7	c100	engine.mem			sys	435812712
20261008-155257-b74c0f2-6d43-n16-r7	7	c100	engine.mem			avail_kib	21930756
20261008-155257-b74c0f2-6d43-n16-r7	7	c100	phase			rendezvous	12.777584
20261008-155257-b74c0f2-6d43-n16-r7	7	c100	phase			rendezvous.start_s	26.393092
20261008-155257-b74c0f2-6d43-n16-r7	7	c100	phase			connect	0.012276
20261008-155257-b74c0f2-6d43-n16-r7	7	c100	phase			connect.start_s	39.170688
20261008-155257-b74c0f2-6d43-n16-r7	7	c100	phase			hash	39.090718
20261008-155257-b74c0f2-6d43-n16-r7	7	c100	phase			hash.start_s	0.092253
20261008-155257-b74c0f2-6d43-n16-r7	7	c100	engine.mem			t_s	45.0
20261008-155257-b74c0f2-6d43-n16-r7	7	c100	engine.mem			rss_kib	78378040
20261008-155257-b74c0f2-6d43-n16-r7	7	c100	engine.mem			hwm_kib	78378040
20261008-155257-b74c0f2-6d43-n16-r7	7	c100	engine.mem			heap_inuse	5588025344
20261008-155257-b74c0f2-6d43-n16-r7	7	c100	engine.mem			sys	6026792856
20261008-155257-b74c0f2-6d43-n16-r7	7	c100	engine.mem			avail_kib	16810760
20261008-155257-b74c0f2-6d43-n16-r7	7	c100	sample	0	0-SRR5935813	mode	parallel
20261008-155257-b74c0f2-6d43-n16-r7	7	c100	sample	0	0-SRR5935813	s3client	sdk
20261008-155257-b74c0f2-6d43-n16-r7	7	c100	sample	0	0-SRR5935813	rank	7
20261008-155257-b74c0f2-6d43-n16-r7	7	c100	sample	0	0-SRR5935813	role	home
20261008-155257-b74c0f2-6d43-n16-r7	7	c100	sample	0	0-SRR5935813	inflight	1
20261008-155257-b74c0f2-6d43-n16-r7	7	c100	sample	0	0-SRR5935813	threads	16
20261008-155257-b74c0f2-6d43-n16-r7	7	c100	sample	0	0-SRR5935813	start_s	39.182994
20261008-155257-b74c0f2-6d43-n16-r7	7	c100	sample	0	0-SRR5935813	wall_s	8.365118
20261008-155257-b74c0f2-6d43-n16-r7	7	c100	sample	0	0-SRR5935813	setup_s	0.000028
20261008-155257-b74c0f2-6d43-n16-r7	7	c100	sample	0	0-SRR5935813	classify_s	7.963664
20261008-155257-b74c0f2-6d43-n16-r7	7	c100	sample	0	0-SRR5935813	close_s	0.255104
20261008-155257-b74c0f2-6d43-n16-r7	7	c100	sample	0	0-SRR5935813	report_s	0.136351
20261008-155257-b74c0f2-6d43-n16-r7	7	c100	sample	0	0-SRR5935813	status	0
20261008-155257-b74c0f2-6d43-n16-r7	7	c100	sample	0	0-SRR5935813	sequences	16980616
20261008-155257-b74c0f2-6d43-n16-r7	7	c100	sample	0	0-SRR5935813	bases	3155638888
20261008-155257-b74c0f2-6d43-n16-r7	7	c100	sample	0	0-SRR5935813	classified	16106690
20261008-155257-b74c0f2-6d43-n16-r7	7	c100	sample	0	0-SRR5935813	place	lpt
20261008-155257-b74c0f2-6d43-n16-r7	7	c100	sample	0	0-SRR5935813	weight	16980616
20261008-155257-b74c0f2-6d43-n16-r7	7	c100	sample	0	0-SRR5935784	mode	parallel
20261008-155257-b74c0f2-6d43-n16-r7	7	c100	sample	0	0-SRR5935784	s3client	sdk
20261008-155257-b74c0f2-6d43-n16-r7	7	c100	sample	0	0-SRR5935784	rank	7
20261008-155257-b74c0f2-6d43-n16-r7	7	c100	sample	0	0-SRR5935784	role	home
20261008-155257-b74c0f2-6d43-n16-r7	7	c100	sample	0	0-SRR5935784	inflight	1
20261008-155257-b74c0f2-6d43-n16-r7	7	c100	sample	0	0-SRR5935784	threads	16
20261008-155257-b74c0f2-6d43-n16-r7	7	c100	sample	0	0-SRR5935784	start_s	47.548127
20261008-155257-b74c0f2-6d43-n16-r7	7	c100	sample	0	0-SRR5935784	wall_s	7.210334
20261008-155257-b74c0f2-6d43-n16-r7	7	c100	sample	0	0-SRR5935784	setup_s	0.000031
20261008-155257-b74c0f2-6d43-n16-r7	7	c100	sample	0	0-SRR5935784	classify_s	6.797824
20261008-155257-b74c0f2-6d43-n16-r7	7	c100	sample	0	0-SRR5935784	close_s	0.227152
20261008-155257-b74c0f2-6d43-n16-r7	7	c100	sample	0	0-SRR5935784	report_s	0.179474
20261008-155257-b74c0f2-6d43-n16-r7	7	c100	sample	0	0-SRR5935784	status	0
20261008-155257-b74c0f2-6d43-n16-r7	7	c100	sample	0	0-SRR5935784	sequences	14800056
20261008-155257-b74c0f2-6d43-n16-r7	7	c100	sample	0	0-SRR5935784	bases	2772790740
20261008-155257-b74c0f2-6d43-n16-r7	7	c100	sample	0	0-SRR5935784	classified	14536791
20261008-155257-b74c0f2-6d43-n16-r7	7	c100	sample	0	0-SRR5935784	place	lpt
20261008-155257-b74c0f2-6d43-n16-r7	7	c100	sample	0	0-SRR5935784	weight	14800056
20261008-155257-b74c0f2-6d43-n16-r7	7	c100	engine.mem			t_s	60.0
20261008-155257-b74c0f2-6d43-n16-r7	7	c100	engine.mem			rss_kib	78876676
20261008-155257-b74c0f2-6d43-n16-r7	7	c100	engine.mem			hwm_kib	78882536
20261008-155257-b74c0f2-6d43-n16-r7	7	c100	engine.mem			heap_inuse	4581302272
20261008-155257-b74c0f2-6d43-n16-r7	7	c100	engine.mem			sys	6517764232
20261008-155257-b74c0f2-6d43-n16-r7	7	c100	engine.mem			avail_kib	15684788
20261008-155257-b74c0f2-6d43-n16-r7	7	c100	sample	0	0-SRR5935801	mode	parallel
20261008-155257-b74c0f2-6d43-n16-r7	7	c100	sample	0	0-SRR5935801	s3client	sdk
20261008-155257-b74c0f2-6d43-n16-r7	7	c100	sample	0	0-SRR5935801	rank	7
20261008-155257-b74c0f2-6d43-n16-r7	7	c100	sample	0	0-SRR5935801	role	home
20261008-155257-b74c0f2-6d43-n16-r7	7	c100	sample	0	0-SRR5935801	inflight	1
20261008-155257-b74c0f2-6d43-n16-r7	7	c100	sample	0	0-SRR5935801	threads	16
20261008-155257-b74c0f2-6d43-n16-r7	7	c100	sample	0	0-SRR5935801	start_s	54.758476
20261008-155257-b74c0f2-6d43-n16-r7	7	c100	sample	0	0-SRR5935801	wall_s	6.496756
20261008-155257-b74c0f2-6d43-n16-r7	7	c100	sample	0	0-SRR5935801	setup_s	0.000034
20261008-155257-b74c0f2-6d43-n16-r7	7	c100	sample	0	0-SRR5935801	classify_s	6.072664
20261008-155257-b74c0f2-6d43-n16-r7	7	c100	sample	0	0-SRR5935801	close_s	0.267376
20261008-155257-b74c0f2-6d43-n16-r7	7	c100	sample	0	0-SRR5935801	report_s	0.147251
20261008-155257-b74c0f2-6d43-n16-r7	7	c100	sample	0	0-SRR5935801	status	0
20261008-155257-b74c0f2-6d43-n16-r7	7	c100	sample	0	0-SRR5935801	sequences	13162386
20261008-155257-b74c0f2-6d43-n16-r7	7	c100	sample	0	0-SRR5935801	bases	2465096767
20261008-155257-b74c0f2-6d43-n16-r7	7	c100	sample	0	0-SRR5935801	classified	12297712
20261008-155257-b74c0f2-6d43-n16-r7	7	c100	sample	0	0-SRR5935801	place	lpt
20261008-155257-b74c0f2-6d43-n16-r7	7	c100	sample	0	0-SRR5935801	weight	13162386
20261008-155257-b74c0f2-6d43-n16-r7	7	c100	sample	0	0-SRR5935829	mode	parallel
20261008-155257-b74c0f2-6d43-n16-r7	7	c100	sample	0	0-SRR5935829	s3client	sdk
20261008-155257-b74c0f2-6d43-n16-r7	7	c100	sample	0	0-SRR5935829	rank	7
20261008-155257-b74c0f2-6d43-n16-r7	7	c100	sample	0	0-SRR5935829	role	home
20261008-155257-b74c0f2-6d43-n16-r7	7	c100	sample	0	0-SRR5935829	inflight	1
20261008-155257-b74c0f2-6d43-n16-r7	7	c100	sample	0	0-SRR5935829	threads	16
20261008-155257-b74c0f2-6d43-n16-r7	7	c100	sample	0	0-SRR5935829	start_s	61.255250
20261008-155257-b74c0f2-6d43-n16-r7	7	c100	sample	0	0-SRR5935829	wall_s	5.491271
20261008-155257-b74c0f2-6d43-n16-r7	7	c100	sample	0	0-SRR5935829	setup_s	0.000038
20261008-155257-b74c0f2-6d43-n16-r7	7	c100	sample	0	0-SRR5935829	classify_s	5.112305
20261008-155257-b74c0f2-6d43-n16-r7	7	c100	sample	0	0-SRR5935829	close_s	0.238158
20261008-155257-b74c0f2-6d43-n16-r7	7	c100	sample	0	0-SRR5935829	report_s	0.131575
20261008-155257-b74c0f2-6d43-n16-r7	7	c100	sample	0	0-SRR5935829	status	0
20261008-155257-b74c0f2-6d43-n16-r7	7	c100	sample	0	0-SRR5935829	sequences	11220767
20261008-155257-b74c0f2-6d43-n16-r7	7	c100	sample	0	0-SRR5935829	bases	2068350513
20261008-155257-b74c0f2-6d43-n16-r7	7	c100	sample	0	0-SRR5935829	classified	10523542
20261008-155257-b74c0f2-6d43-n16-r7	7	c100	sample	0	0-SRR5935829	place	lpt
20261008-155257-b74c0f2-6d43-n16-r7	7	c100	sample	0	0-SRR5935829	weight	11220767
20261008-155257-b74c0f2-6d43-n16-r7	7	c100	sample	0	0-SRR5935818	mode	parallel
20261008-155257-b74c0f2-6d43-n16-r7	7	c100	sample	0	0-SRR5935818	s3client	sdk
20261008-155257-b74c0f2-6d43-n16-r7	7	c100	sample	0	0-SRR5935818	rank	7
20261008-155257-b74c0f2-6d43-n16-r7	7	c100	sample	0	0-SRR5935818	role	home
20261008-155257-b74c0f2-6d43-n16-r7	7	c100	sample	0	0-SRR5935818	inflight	1
20261008-155257-b74c0f2-6d43-n16-r7	7	c100	sample	0	0-SRR5935818	threads	16
20261008-155257-b74c0f2-6d43-n16-r7	7	c100	sample	0	0-SRR5935818	start_s	66.746535
20261008-155257-b74c0f2-6d43-n16-r7	7	c100	sample	0	0-SRR5935818	wall_s	4.551818
20261008-155257-b74c0f2-6d43-n16-r7	7	c100	sample	0	0-SRR5935818	setup_s	0.000046
20261008-155257-b74c0f2-6d43-n16-r7	7	c100	sample	0	0-SRR5935818	classify_s	4.166702
20261008-155257-b74c0f2-6d43-n16-r7	7	c100	sample	0	0-SRR5935818	close_s	0.219115
20261008-155257-b74c0f2-6d43-n16-r7	7	c100	sample	0	0-SRR5935818	report_s	0.158900
20261008-155257-b74c0f2-6d43-n16-r7	7	c100	sample	0	0-SRR5935818	status	0
20261008-155257-b74c0f2-6d43-n16-r7	7	c100	sample	0	0-SRR5935818	sequences	8877621
20261008-155257-b74c0f2-6d43-n16-r7	7	c100	sample	0	0-SRR5935818	bases	1663945574
20261008-155257-b74c0f2-6d43-n16-r7	7	c100	sample	0	0-SRR5935818	classified	8212460
20261008-155257-b74c0f2-6d43-n16-r7	7	c100	sample	0	0-SRR5935818	place	lpt
20261008-155257-b74c0f2-6d43-n16-r7	7	c100	sample	0	0-SRR5935818	weight	8877621
20261008-155257-b74c0f2-6d43-n16-r7	7	c100	sample	0	0-SRR5935755	mode	parallel
20261008-155257-b74c0f2-6d43-n16-r7	7	c100	sample	0	0-SRR5935755	s3client	sdk
20261008-155257-b74c0f2-6d43-n16-r7	7	c100	sample	0	0-SRR5935755	rank	7
20261008-155257-b74c0f2-6d43-n16-r7	7	c100	sample	0	0-SRR5935755	role	home
20261008-155257-b74c0f2-6d43-n16-r7	7	c100	sample	0	0-SRR5935755	inflight	1
20261008-155257-b74c0f2-6d43-n16-r7	7	c100	sample	0	0-SRR5935755	threads	16
20261008-155257-b74c0f2-6d43-n16-r7	7	c100	sample	0	0-SRR5935755	start_s	71.298369
20261008-155257-b74c0f2-6d43-n16-r7	7	c100	sample	0	0-SRR5935755	wall_s	3.137854
20261008-155257-b74c0f2-6d43-n16-r7	7	c100	sample	0	0-SRR5935755	setup_s	0.000033
20261008-155257-b74c0f2-6d43-n16-r7	7	c100	sample	0	0-SRR5935755	classify_s	2.752942
20261008-155257-b74c0f2-6d43-n16-r7	7	c100	sample	0	0-SRR5935755	close_s	0.221126
20261008-155257-b74c0f2-6d43-n16-r7	7	c100	sample	0	0-SRR5935755	report_s	0.155843
20261008-155257-b74c0f2-6d43-n16-r7	7	c100	sample	0	0-SRR5935755	status	0
20261008-155257-b74c0f2-6d43-n16-r7	7	c100	sample	0	0-SRR5935755	sequences	6071697
20261008-155257-b74c0f2-6d43-n16-r7	7	c100	sample	0	0-SRR5935755	bases	1090388750
20261008-155257-b74c0f2-6d43-n16-r7	7	c100	sample	0	0-SRR5935755	classified	5415115
20261008-155257-b74c0f2-6d43-n16-r7	7	c100	sample	0	0-SRR5935755	place	lpt
20261008-155257-b74c0f2-6d43-n16-r7	7	c100	sample	0	0-SRR5935755	weight	6071697
20261008-155257-b74c0f2-6d43-n16-r7	7	c100	engine.mem			t_s	75.0
20261008-155257-b74c0f2-6d43-n16-r7	7	c100	engine.mem			rss_kib	78967328
20261008-155257-b74c0f2-6d43-n16-r7	7	c100	engine.mem			hwm_kib	79362012
20261008-155257-b74c0f2-6d43-n16-r7	7	c100	engine.mem			heap_inuse	4708614144
20261008-155257-b74c0f2-6d43-n16-r7	7	c100	engine.mem			sys	7062425864
20261008-155257-b74c0f2-6d43-n16-r7	7	c100	engine.mem			avail_kib	14903344
20261008-155257-b74c0f2-6d43-n16-r7	7	c100	phase			batch-barrier-0	2.332306
20261008-155257-b74c0f2-6d43-n16-r7	7	c100	phase			batch-barrier-0.start_s	74.436235
20261008-155257-b74c0f2-6d43-n16-r7	7	c100	sample	1	1-SRR5935747	mode	parallel
20261008-155257-b74c0f2-6d43-n16-r7	7	c100	sample	1	1-SRR5935747	s3client	sdk
20261008-155257-b74c0f2-6d43-n16-r7	7	c100	sample	1	1-SRR5935747	rank	7
20261008-155257-b74c0f2-6d43-n16-r7	7	c100	sample	1	1-SRR5935747	role	home
20261008-155257-b74c0f2-6d43-n16-r7	7	c100	sample	1	1-SRR5935747	inflight	1
20261008-155257-b74c0f2-6d43-n16-r7	7	c100	sample	1	1-SRR5935747	threads	16
20261008-155257-b74c0f2-6d43-n16-r7	7	c100	sample	1	1-SRR5935747	start_s	76.768563
20261008-155257-b74c0f2-6d43-n16-r7	7	c100	sample	1	1-SRR5935747	wall_s	1.929667
20261008-155257-b74c0f2-6d43-n16-r7	7	c100	sample	1	1-SRR5935747	setup_s	0.000041
20261008-155257-b74c0f2-6d43-n16-r7	7	c100	sample	1	1-SRR5935747	classify_s	1.569048
20261008-155257-b74c0f2-6d43-n16-r7	7	c100	sample	1	1-SRR5935747	close_s	0.240905
20261008-155257-b74c0f2-6d43-n16-r7	7	c100	sample	1	1-SRR5935747	report_s	0.115176
20261008-155257-b74c0f2-6d43-n16-r7	7	c100	sample	1	1-SRR5935747	status	0
20261008-155257-b74c0f2-6d43-n16-r7	7	c100	sample	1	1-SRR5935747	sequences	3036382
20261008-155257-b74c0f2-6d43-n16-r7	7	c100	sample	1	1-SRR5935747	bases	569204188
20261008-155257-b74c0f2-6d43-n16-r7	7	c100	sample	1	1-SRR5935747	classified	2817388
20261008-155257-b74c0f2-6d43-n16-r7	7	c100	sample	1	1-SRR5935747	place	mod
20261008-155257-b74c0f2-6d43-n16-r7	7	c100	sample	1	1-SRR5935747	weight	3036382
20261008-155257-b74c0f2-6d43-n16-r7	7	c100	sample	1	1-SRR5935763	mode	parallel
20261008-155257-b74c0f2-6d43-n16-r7	7	c100	sample	1	1-SRR5935763	s3client	sdk
20261008-155257-b74c0f2-6d43-n16-r7	7	c100	sample	1	1-SRR5935763	rank	7
20261008-155257-b74c0f2-6d43-n16-r7	7	c100	sample	1	1-SRR5935763	role	home
20261008-155257-b74c0f2-6d43-n16-r7	7	c100	sample	1	1-SRR5935763	inflight	1
20261008-155257-b74c0f2-6d43-n16-r7	7	c100	sample	1	1-SRR5935763	threads	16
20261008-155257-b74c0f2-6d43-n16-r7	7	c100	sample	1	1-SRR5935763	start_s	78.698244
20261008-155257-b74c0f2-6d43-n16-r7	7	c100	sample	1	1-SRR5935763	wall_s	2.989524
20261008-155257-b74c0f2-6d43-n16-r7	7	c100	sample	1	1-SRR5935763	setup_s	0.000044
20261008-155257-b74c0f2-6d43-n16-r7	7	c100	sample	1	1-SRR5935763	classify_s	2.509311
20261008-155257-b74c0f2-6d43-n16-r7	7	c100	sample	1	1-SRR5935763	close_s	0.367589
20261008-155257-b74c0f2-6d43-n16-r7	7	c100	sample	1	1-SRR5935763	report_s	0.109197
20261008-155257-b74c0f2-6d43-n16-r7	7	c100	sample	1	1-SRR5935763	status	0
20261008-155257-b74c0f2-6d43-n16-r7	7	c100	sample	1	1-SRR5935763	sequences	5174437
20261008-155257-b74c0f2-6d43-n16-r7	7	c100	sample	1	1-SRR5935763	bases	978777662
20261008-155257-b74c0f2-6d43-n16-r7	7	c100	sample	1	1-SRR5935763	classified	5104140
20261008-155257-b74c0f2-6d43-n16-r7	7	c100	sample	1	1-SRR5935763	place	mod
20261008-155257-b74c0f2-6d43-n16-r7	7	c100	sample	1	1-SRR5935763	weight	5174437
20261008-155257-b74c0f2-6d43-n16-r7	7	c100	sample	1	1-SRR5935779	mode	parallel
20261008-155257-b74c0f2-6d43-n16-r7	7	c100	sample	1	1-SRR5935779	s3client	sdk
20261008-155257-b74c0f2-6d43-n16-r7	7	c100	sample	1	1-SRR5935779	rank	7
20261008-155257-b74c0f2-6d43-n16-r7	7	c100	sample	1	1-SRR5935779	role	home
20261008-155257-b74c0f2-6d43-n16-r7	7	c100	sample	1	1-SRR5935779	inflight	1
20261008-155257-b74c0f2-6d43-n16-r7	7	c100	sample	1	1-SRR5935779	threads	16
20261008-155257-b74c0f2-6d43-n16-r7	7	c100	sample	1	1-SRR5935779	start_s	81.687783
20261008-155257-b74c0f2-6d43-n16-r7	7	c100	sample	1	1-SRR5935779	wall_s	3.249079
20261008-155257-b74c0f2-6d43-n16-r7	7	c100	sample	1	1-SRR5935779	setup_s	0.000037
20261008-155257-b74c0f2-6d43-n16-r7	7	c100	sample	1	1-SRR5935779	classify_s	2.881278
20261008-155257-b74c0f2-6d43-n16-r7	7	c100	sample	1	1-SRR5935779	close_s	0.236622
20261008-155257-b74c0f2-6d43-n16-r7	7	c100	sample	1	1-SRR5935779	report_s	0.127162
20261008-155257-b74c0f2-6d43-n16-r7	7	c100	sample	1	1-SRR5935779	status	0
20261008-155257-b74c0f2-6d43-n16-r7	7	c100	sample	1	1-SRR5935779	sequences	5948317
20261008-155257-b74c0f2-6d43-n16-r7	7	c100	sample	1	1-SRR5935779	bases	1093467848
20261008-155257-b74c0f2-6d43-n16-r7	7	c100	sample	1	1-SRR5935779	classified	5682744
20261008-155257-b74c0f2-6d43-n16-r7	7	c100	sample	1	1-SRR5935779	place	mod
20261008-155257-b74c0f2-6d43-n16-r7	7	c100	sample	1	1-SRR5935779	weight	5948317
20261008-155257-b74c0f2-6d43-n16-r7	7	c100	engine.mem			t_s	90.0
20261008-155257-b74c0f2-6d43-n16-r7	7	c100	engine.mem			rss_kib	78835632
20261008-155257-b74c0f2-6d43-n16-r7	7	c100	engine.mem			hwm_kib	79362012
20261008-155257-b74c0f2-6d43-n16-r7	7	c100	engine.mem			heap_inuse	4448575488
20261008-155257-b74c0f2-6d43-n16-r7	7	c100	engine.mem			sys	7087649032
20261008-155257-b74c0f2-6d43-n16-r7	7	c100	engine.mem			avail_kib	15155220
20261008-155257-b74c0f2-6d43-n16-r7	7	c100	sample	1	1-SRR5935795	mode	parallel
20261008-155257-b74c0f2-6d43-n16-r7	7	c100	sample	1	1-SRR5935795	s3client	sdk
20261008-155257-b74c0f2-6d43-n16-r7	7	c100	sample	1	1-SRR5935795	rank	7
20261008-155257-b74c0f2-6d43-n16-r7	7	c100	sample	1	1-SRR5935795	role	home
20261008-155257-b74c0f2-6d43-n16-r7	7	c100	sample	1	1-SRR5935795	inflight	1
20261008-155257-b74c0f2-6d43-n16-r7	7	c100	sample	1	1-SRR5935795	threads	16
20261008-155257-b74c0f2-6d43-n16-r7	7	c100	sample	1	1-SRR5935795	start_s	84.936882
20261008-155257-b74c0f2-6d43-n16-r7	7	c100	sample	1	1-SRR5935795	wall_s	5.863283
20261008-155257-b74c0f2-6d43-n16-r7	7	c100	sample	1	1-SRR5935795	setup_s	0.000039
20261008-155257-b74c0f2-6d43-n16-r7	7	c100	sample	1	1-SRR5935795	classify_s	5.446596
20261008-155257-b74c0f2-6d43-n16-r7	7	c100	sample	1	1-SRR5935795	close_s	0.269393
20261008-155257-b74c0f2-6d43-n16-r7	7	c100	sample	1	1-SRR5935795	report_s	0.142443
20261008-155257-b74c0f2-6d43-n16-r7	7	c100	sample	1	1-SRR5935795	status	0
20261008-155257-b74c0f2-6d43-n16-r7	7	c100	sample	1	1-SRR5935795	sequences	11924297
20261008-155257-b74c0f2-6d43-n16-r7	7	c100	sample	1	1-SRR5935795	bases	2214843465
20261008-155257-b74c0f2-6d43-n16-r7	7	c100	sample	1	1-SRR5935795	classified	11742476
20261008-155257-b74c0f2-6d43-n16-r7	7	c100	sample	1	1-SRR5935795	place	mod
20261008-155257-b74c0f2-6d43-n16-r7	7	c100	sample	1	1-SRR5935795	weight	11924297
20261008-155257-b74c0f2-6d43-n16-r7	7	c100	sample	1	1-SRR5935811	mode	parallel
20261008-155257-b74c0f2-6d43-n16-r7	7	c100	sample	1	1-SRR5935811	s3client	sdk
20261008-155257-b74c0f2-6d43-n16-r7	7	c100	sample	1	1-SRR5935811	rank	7
20261008-155257-b74c0f2-6d43-n16-r7	7	c100	sample	1	1-SRR5935811	role	home
20261008-155257-b74c0f2-6d43-n16-r7	7	c100	sample	1	1-SRR5935811	inflight	1
20261008-155257-b74c0f2-6d43-n16-r7	7	c100	sample	1	1-SRR5935811	threads	16
20261008-155257-b74c0f2-6d43-n16-r7	7	c100	sample	1	1-SRR5935811	start_s	90.800180
20261008-155257-b74c0f2-6d43-n16-r7	7	c100	sample	1	1-SRR5935811	wall_s	5.006087
20261008-155257-b74c0f2-6d43-n16-r7	7	c100	sample	1	1-SRR5935811	setup_s	0.000035
20261008-155257-b74c0f2-6d43-n16-r7	7	c100	sample	1	1-SRR5935811	classify_s	4.637408
20261008-155257-b74c0f2-6d43-n16-r7	7	c100	sample	1	1-SRR5935811	close_s	0.218267
20261008-155257-b74c0f2-6d43-n16-r7	7	c100	sample	1	1-SRR5935811	report_s	0.145928
20261008-155257-b74c0f2-6d43-n16-r7	7	c100	sample	1	1-SRR5935811	status	0
20261008-155257-b74c0f2-6d43-n16-r7	7	c100	sample	1	1-SRR5935811	sequences	10067025
20261008-155257-b74c0f2-6d43-n16-r7	7	c100	sample	1	1-SRR5935811	bases	1870494351
20261008-155257-b74c0f2-6d43-n16-r7	7	c100	sample	1	1-SRR5935811	classified	9884918
20261008-155257-b74c0f2-6d43-n16-r7	7	c100	sample	1	1-SRR5935811	place	mod
20261008-155257-b74c0f2-6d43-n16-r7	7	c100	sample	1	1-SRR5935811	weight	10067025
20261008-155257-b74c0f2-6d43-n16-r7	7	c100	sample	1	1-SRR5935827	mode	parallel
20261008-155257-b74c0f2-6d43-n16-r7	7	c100	sample	1	1-SRR5935827	s3client	sdk
20261008-155257-b74c0f2-6d43-n16-r7	7	c100	sample	1	1-SRR5935827	rank	7
20261008-155257-b74c0f2-6d43-n16-r7	7	c100	sample	1	1-SRR5935827	role	home
20261008-155257-b74c0f2-6d43-n16-r7	7	c100	sample	1	1-SRR5935827	inflight	1
20261008-155257-b74c0f2-6d43-n16-r7	7	c100	sample	1	1-SRR5935827	threads	16
20261008-155257-b74c0f2-6d43-n16-r7	7	c100	sample	1	1-SRR5935827	start_s	95.806279
20261008-155257-b74c0f2-6d43-n16-r7	7	c100	sample	1	1-SRR5935827	wall_s	7.923144
20261008-155257-b74c0f2-6d43-n16-r7	7	c100	sample	1	1-SRR5935827	setup_s	0.000039
20261008-155257-b74c0f2-6d43-n16-r7	7	c100	sample	1	1-SRR5935827	classify_s	7.396797
20261008-155257-b74c0f2-6d43-n16-r7	7	c100	sample	1	1-SRR5935827	close_s	0.416913
20261008-155257-b74c0f2-6d43-n16-r7	7	c100	sample	1	1-SRR5935827	report_s	0.103386
20261008-155257-b74c0f2-6d43-n16-r7	7	c100	sample	1	1-SRR5935827	status	0
20261008-155257-b74c0f2-6d43-n16-r7	7	c100	sample	1	1-SRR5935827	sequences	16260968
20261008-155257-b74c0f2-6d43-n16-r7	7	c100	sample	1	1-SRR5935827	bases	3012837135
20261008-155257-b74c0f2-6d43-n16-r7	7	c100	sample	1	1-SRR5935827	classified	15948766
20261008-155257-b74c0f2-6d43-n16-r7	7	c100	sample	1	1-SRR5935827	place	mod
20261008-155257-b74c0f2-6d43-n16-r7	7	c100	sample	1	1-SRR5935827	weight	16260968
20261008-155257-b74c0f2-6d43-n16-r7	7	c100	engine.mem			t_s	105.0
20261008-155257-b74c0f2-6d43-n16-r7	7	c100	engine.mem			rss_kib	78577432
20261008-155257-b74c0f2-6d43-n16-r7	7	c100	engine.mem			hwm_kib	79362012
20261008-155257-b74c0f2-6d43-n16-r7	7	c100	engine.mem			heap_inuse	4691148800
20261008-155257-b74c0f2-6d43-n16-r7	7	c100	engine.mem			sys	7087657224
20261008-155257-b74c0f2-6d43-n16-r7	7	c100	engine.mem			avail_kib	15170120
20261008-155257-b74c0f2-6d43-n16-r7	7	c100	engine.mem			t_s	120.0
20261008-155257-b74c0f2-6d43-n16-r7	7	c100	engine.mem			rss_kib	78577436
20261008-155257-b74c0f2-6d43-n16-r7	7	c100	engine.mem			hwm_kib	79362012
20261008-155257-b74c0f2-6d43-n16-r7	7	c100	engine.mem			heap_inuse	4699709440
20261008-155257-b74c0f2-6d43-n16-r7	7	c100	engine.mem			sys	7087657224
20261008-155257-b74c0f2-6d43-n16-r7	7	c100	engine.mem			avail_kib	15722856
20261008-155257-b74c0f2-6d43-n16-r7	7	c100	phase			batch-barrier-1	19.714225
20261008-155257-b74c0f2-6d43-n16-r7	7	c100	phase			batch-barrier-1.start_s	103.729437
20261008-155257-b74c0f2-6d43-n16-r7	7	c100	sample	2	2-SRR5935813	mode	parallel
20261008-155257-b74c0f2-6d43-n16-r7	7	c100	sample	2	2-SRR5935813	s3client	sdk
20261008-155257-b74c0f2-6d43-n16-r7	7	c100	sample	2	2-SRR5935813	rank	7
20261008-155257-b74c0f2-6d43-n16-r7	7	c100	sample	2	2-SRR5935813	role	home
20261008-155257-b74c0f2-6d43-n16-r7	7	c100	sample	2	2-SRR5935813	inflight	1
20261008-155257-b74c0f2-6d43-n16-r7	7	c100	sample	2	2-SRR5935813	threads	16
20261008-155257-b74c0f2-6d43-n16-r7	7	c100	sample	2	2-SRR5935813	start_s	123.443701
20261008-155257-b74c0f2-6d43-n16-r7	7	c100	sample	2	2-SRR5935813	wall_s	8.336610
20261008-155257-b74c0f2-6d43-n16-r7	7	c100	sample	2	2-SRR5935813	setup_s	0.000034
20261008-155257-b74c0f2-6d43-n16-r7	7	c100	sample	2	2-SRR5935813	classify_s	7.954565
20261008-155257-b74c0f2-6d43-n16-r7	7	c100	sample	2	2-SRR5935813	close_s	0.223851
20261008-155257-b74c0f2-6d43-n16-r7	7	c100	sample	2	2-SRR5935813	report_s	0.148176
20261008-155257-b74c0f2-6d43-n16-r7	7	c100	sample	2	2-SRR5935813	status	0
20261008-155257-b74c0f2-6d43-n16-r7	7	c100	sample	2	2-SRR5935813	sequences	16980616
20261008-155257-b74c0f2-6d43-n16-r7	7	c100	sample	2	2-SRR5935813	bases	3155638888
20261008-155257-b74c0f2-6d43-n16-r7	7	c100	sample	2	2-SRR5935813	classified	16106690
20261008-155257-b74c0f2-6d43-n16-r7	7	c100	sample	2	2-SRR5935813	place	lpt
20261008-155257-b74c0f2-6d43-n16-r7	7	c100	sample	2	2-SRR5935813	weight	16980616
20261008-155257-b74c0f2-6d43-n16-r7	7	c100	engine.mem			t_s	135.0
20261008-155257-b74c0f2-6d43-n16-r7	7	c100	engine.mem			rss_kib	78546616
20261008-155257-b74c0f2-6d43-n16-r7	7	c100	engine.mem			hwm_kib	79362012
20261008-155257-b74c0f2-6d43-n16-r7	7	c100	engine.mem			heap_inuse	4023640064
20261008-155257-b74c0f2-6d43-n16-r7	7	c100	engine.mem			sys	7087657224
20261008-155257-b74c0f2-6d43-n16-r7	7	c100	engine.mem			avail_kib	16038608
20261008-155257-b74c0f2-6d43-n16-r7	7	c100	sample	2	2-SRR5935784	mode	parallel
20261008-155257-b74c0f2-6d43-n16-r7	7	c100	sample	2	2-SRR5935784	s3client	sdk
20261008-155257-b74c0f2-6d43-n16-r7	7	c100	sample	2	2-SRR5935784	rank	7
20261008-155257-b74c0f2-6d43-n16-r7	7	c100	sample	2	2-SRR5935784	role	home
20261008-155257-b74c0f2-6d43-n16-r7	7	c100	sample	2	2-SRR5935784	inflight	1
20261008-155257-b74c0f2-6d43-n16-r7	7	c100	sample	2	2-SRR5935784	threads	16
20261008-155257-b74c0f2-6d43-n16-r7	7	c100	sample	2	2-SRR5935784	start_s	131.780324
20261008-155257-b74c0f2-6d43-n16-r7	7	c100	sample	2	2-SRR5935784	wall_s	7.168027
20261008-155257-b74c0f2-6d43-n16-r7	7	c100	sample	2	2-SRR5935784	setup_s	0.000038
20261008-155257-b74c0f2-6d43-n16-r7	7	c100	sample	2	2-SRR5935784	classify_s	6.786324
20261008-155257-b74c0f2-6d43-n16-r7	7	c100	sample	2	2-SRR5935784	close_s	0.230970
20261008-155257-b74c0f2-6d43-n16-r7	7	c100	sample	2	2-SRR5935784	report_s	0.144831
20261008-155257-b74c0f2-6d43-n16-r7	7	c100	sample	2	2-SRR5935784	status	0
20261008-155257-b74c0f2-6d43-n16-r7	7	c100	sample	2	2-SRR5935784	sequences	14800056
20261008-155257-b74c0f2-6d43-n16-r7	7	c100	sample	2	2-SRR5935784	bases	2772790740
20261008-155257-b74c0f2-6d43-n16-r7	7	c100	sample	2	2-SRR5935784	classified	14536791
20261008-155257-b74c0f2-6d43-n16-r7	7	c100	sample	2	2-SRR5935784	place	lpt
20261008-155257-b74c0f2-6d43-n16-r7	7	c100	sample	2	2-SRR5935784	weight	14800056
20261008-155257-b74c0f2-6d43-n16-r7	7	c100	sample	2	2-SRR5935801	mode	parallel
20261008-155257-b74c0f2-6d43-n16-r7	7	c100	sample	2	2-SRR5935801	s3client	sdk
20261008-155257-b74c0f2-6d43-n16-r7	7	c100	sample	2	2-SRR5935801	rank	7
20261008-155257-b74c0f2-6d43-n16-r7	7	c100	sample	2	2-SRR5935801	role	home
20261008-155257-b74c0f2-6d43-n16-r7	7	c100	sample	2	2-SRR5935801	inflight	1
20261008-155257-b74c0f2-6d43-n16-r7	7	c100	sample	2	2-SRR5935801	threads	16
20261008-155257-b74c0f2-6d43-n16-r7	7	c100	sample	2	2-SRR5935801	start_s	138.948367
20261008-155257-b74c0f2-6d43-n16-r7	7	c100	sample	2	2-SRR5935801	wall_s	6.539314
20261008-155257-b74c0f2-6d43-n16-r7	7	c100	sample	2	2-SRR5935801	setup_s	0.000037
20261008-155257-b74c0f2-6d43-n16-r7	7	c100	sample	2	2-SRR5935801	classify_s	6.106641
20261008-155257-b74c0f2-6d43-n16-r7	7	c100	sample	2	2-SRR5935801	close_s	0.276833
20261008-155257-b74c0f2-6d43-n16-r7	7	c100	sample	2	2-SRR5935801	report_s	0.146476
20261008-155257-b74c0f2-6d43-n16-r7	7	c100	sample	2	2-SRR5935801	status	0
20261008-155257-b74c0f2-6d43-n16-r7	7	c100	sample	2	2-SRR5935801	sequences	13162386
20261008-155257-b74c0f2-6d43-n16-r7	7	c100	sample	2	2-SRR5935801	bases	2465096767
20261008-155257-b74c0f2-6d43-n16-r7	7	c100	sample	2	2-SRR5935801	classified	12297712
20261008-155257-b74c0f2-6d43-n16-r7	7	c100	sample	2	2-SRR5935801	place	lpt
20261008-155257-b74c0f2-6d43-n16-r7	7	c100	sample	2	2-SRR5935801	weight	13162386
20261008-155257-b74c0f2-6d43-n16-r7	7	c100	engine.mem			t_s	150.0
20261008-155257-b74c0f2-6d43-n16-r7	7	c100	engine.mem			rss_kib	78726996
20261008-155257-b74c0f2-6d43-n16-r7	7	c100	engine.mem			hwm_kib	79362012
20261008-155257-b74c0f2-6d43-n16-r7	7	c100	engine.mem			heap_inuse	3394174976
20261008-155257-b74c0f2-6d43-n16-r7	7	c100	engine.mem			sys	7087665416
20261008-155257-b74c0f2-6d43-n16-r7	7	c100	engine.mem			avail_kib	15316408
20261008-155257-b74c0f2-6d43-n16-r7	7	c100	sample	2	2-SRR5935829	mode	parallel
20261008-155257-b74c0f2-6d43-n16-r7	7	c100	sample	2	2-SRR5935829	s3client	sdk
20261008-155257-b74c0f2-6d43-n16-r7	7	c100	sample	2	2-SRR5935829	rank	7
20261008-155257-b74c0f2-6d43-n16-r7	7	c100	sample	2	2-SRR5935829	role	home
20261008-155257-b74c0f2-6d43-n16-r7	7	c100	sample	2	2-SRR5935829	inflight	1
20261008-155257-b74c0f2-6d43-n16-r7	7	c100	sample	2	2-SRR5935829	threads	16
20261008-155257-b74c0f2-6d43-n16-r7	7	c100	sample	2	2-SRR5935829	start_s	145.487697
20261008-155257-b74c0f2-6d43-n16-r7	7	c100	sample	2	2-SRR5935829	wall_s	5.582363
20261008-155257-b74c0f2-6d43-n16-r7	7	c100	sample	2	2-SRR5935829	setup_s	0.000038
20261008-155257-b74c0f2-6d43-n16-r7	7	c100	sample	2	2-SRR5935829	classify_s	5.121216
20261008-155257-b74c0f2-6d43-n16-r7	7	c100	sample	2	2-SRR5935829	close_s	0.321959
20261008-155257-b74c0f2-6d43-n16-r7	7	c100	sample	2	2-SRR5935829	report_s	0.130036
20261008-155257-b74c0f2-6d43-n16-r7	7	c100	sample	2	2-SRR5935829	status	0
20261008-155257-b74c0f2-6d43-n16-r7	7	c100	sample	2	2-SRR5935829	sequences	11220767
20261008-155257-b74c0f2-6d43-n16-r7	7	c100	sample	2	2-SRR5935829	bases	2068350513
20261008-155257-b74c0f2-6d43-n16-r7	7	c100	sample	2	2-SRR5935829	classified	10523542
20261008-155257-b74c0f2-6d43-n16-r7	7	c100	sample	2	2-SRR5935829	place	lpt
20261008-155257-b74c0f2-6d43-n16-r7	7	c100	sample	2	2-SRR5935829	weight	11220767
20261008-155257-b74c0f2-6d43-n16-r7	7	c100	sample	2	2-SRR5935818	mode	parallel
20261008-155257-b74c0f2-6d43-n16-r7	7	c100	sample	2	2-SRR5935818	s3client	sdk
20261008-155257-b74c0f2-6d43-n16-r7	7	c100	sample	2	2-SRR5935818	rank	7
20261008-155257-b74c0f2-6d43-n16-r7	7	c100	sample	2	2-SRR5935818	role	home
20261008-155257-b74c0f2-6d43-n16-r7	7	c100	sample	2	2-SRR5935818	inflight	1
20261008-155257-b74c0f2-6d43-n16-r7	7	c100	sample	2	2-SRR5935818	threads	16
20261008-155257-b74c0f2-6d43-n16-r7	7	c100	sample	2	2-SRR5935818	start_s	151.070073
20261008-155257-b74c0f2-6d43-n16-r7	7	c100	sample	2	2-SRR5935818	wall_s	4.566595
20261008-155257-b74c0f2-6d43-n16-r7	7	c100	sample	2	2-SRR5935818	setup_s	0.000034
20261008-155257-b74c0f2-6d43-n16-r7	7	c100	sample	2	2-SRR5935818	classify_s	4.161271
20261008-155257-b74c0f2-6d43-n16-r7	7	c100	sample	2	2-SRR5935818	close_s	0.218278
20261008-155257-b74c0f2-6d43-n16-r7	7	c100	sample	2	2-SRR5935818	report_s	0.179831
20261008-155257-b74c0f2-6d43-n16-r7	7	c100	sample	2	2-SRR5935818	status	0
20261008-155257-b74c0f2-6d43-n16-r7	7	c100	sample	2	2-SRR5935818	sequences	8877621
20261008-155257-b74c0f2-6d43-n16-r7	7	c100	sample	2	2-SRR5935818	bases	1663945574
20261008-155257-b74c0f2-6d43-n16-r7	7	c100	sample	2	2-SRR5935818	classified	8212460
20261008-155257-b74c0f2-6d43-n16-r7	7	c100	sample	2	2-SRR5935818	place	lpt
20261008-155257-b74c0f2-6d43-n16-r7	7	c100	sample	2	2-SRR5935818	weight	8877621
20261008-155257-b74c0f2-6d43-n16-r7	7	c100	sample	2	2-SRR5935755	mode	parallel
20261008-155257-b74c0f2-6d43-n16-r7	7	c100	sample	2	2-SRR5935755	s3client	sdk
20261008-155257-b74c0f2-6d43-n16-r7	7	c100	sample	2	2-SRR5935755	rank	7
20261008-155257-b74c0f2-6d43-n16-r7	7	c100	sample	2	2-SRR5935755	role	home
20261008-155257-b74c0f2-6d43-n16-r7	7	c100	sample	2	2-SRR5935755	inflight	1
20261008-155257-b74c0f2-6d43-n16-r7	7	c100	sample	2	2-SRR5935755	threads	16
20261008-155257-b74c0f2-6d43-n16-r7	7	c100	sample	2	2-SRR5935755	start_s	155.636683
20261008-155257-b74c0f2-6d43-n16-r7	7	c100	sample	2	2-SRR5935755	wall_s	3.375829
20261008-155257-b74c0f2-6d43-n16-r7	7	c100	sample	2	2-SRR5935755	setup_s	0.000040
20261008-155257-b74c0f2-6d43-n16-r7	7	c100	sample	2	2-SRR5935755	classify_s	2.952547
20261008-155257-b74c0f2-6d43-n16-r7	7	c100	sample	2	2-SRR5935755	close_s	0.221782
20261008-155257-b74c0f2-6d43-n16-r7	7	c100	sample	2	2-SRR5935755	report_s	0.193202
20261008-155257-b74c0f2-6d43-n16-r7	7	c100	sample	2	2-SRR5935755	status	0
20261008-155257-b74c0f2-6d43-n16-r7	7	c100	sample	2	2-SRR5935755	sequences	6071697
20261008-155257-b74c0f2-6d43-n16-r7	7	c100	sample	2	2-SRR5935755	bases	1090388750
20261008-155257-b74c0f2-6d43-n16-r7	7	c100	sample	2	2-SRR5935755	classified	5415115
20261008-155257-b74c0f2-6d43-n16-r7	7	c100	sample	2	2-SRR5935755	place	lpt
20261008-155257-b74c0f2-6d43-n16-r7	7	c100	sample	2	2-SRR5935755	weight	6071697
20261008-155257-b74c0f2-6d43-n16-r7	7	c100	phase			batch-barrier-2	1.305202
20261008-155257-b74c0f2-6d43-n16-r7	7	c100	phase			batch-barrier-2.start_s	159.012523
20261008-155257-b74c0f2-6d43-n16-r7	7	c100	engine.mem			t_s	165.0
20261008-155257-b74c0f2-6d43-n16-r7	7	c100	engine.mem			rss_kib	76215764
20261008-155257-b74c0f2-6d43-n16-r7	7	c100	engine.mem			hwm_kib	79362012
20261008-155257-b74c0f2-6d43-n16-r7	7	c100	engine.mem			heap_inuse	2748874752
20261008-155257-b74c0f2-6d43-n16-r7	7	c100	engine.mem			sys	7087927560
20261008-155257-b74c0f2-6d43-n16-r7	7	c100	engine.mem			avail_kib	17605472
20261008-155257-b74c0f2-6d43-n16-r7	7	c100	phase			barrier	1.057194
20261008-155257-b74c0f2-6d43-n16-r7	7	c100	phase			barrier.start_s	165.499179
20261008-155257-b74c0f2-6d43-n16-r7	7	c100	sample	3	3-SRR5935740	mode	striped
20261008-155257-b74c0f2-6d43-n16-r7	7	c100	sample	3	3-SRR5935740	s3client	sdk
20261008-155257-b74c0f2-6d43-n16-r7	7	c100	sample	3	3-SRR5935740	rank	7
20261008-155257-b74c0f2-6d43-n16-r7	7	c100	sample	3	3-SRR5935740	role	peer
20261008-155257-b74c0f2-6d43-n16-r7	7	c100	sample	3	3-SRR5935740	inflight	1
20261008-155257-b74c0f2-6d43-n16-r7	7	c100	sample	3	3-SRR5935740	threads	16
20261008-155257-b74c0f2-6d43-n16-r7	7	c100	sample	3	3-SRR5935740	start_s	160.896152
20261008-155257-b74c0f2-6d43-n16-r7	7	c100	sample	3	3-SRR5935740	wall_s	5.660255
20261008-155257-b74c0f2-6d43-n16-r7	7	c100	sample	3	3-SRR5935740	setup_s	0.000030
20261008-155257-b74c0f2-6d43-n16-r7	7	c100	sample	3	3-SRR5935740	classify_s	4.599326
20261008-155257-b74c0f2-6d43-n16-r7	7	c100	sample	3	3-SRR5935740	close_s	0.000000
20261008-155257-b74c0f2-6d43-n16-r7	7	c100	sample	3	3-SRR5935740	report_s	0.000000
20261008-155257-b74c0f2-6d43-n16-r7	7	c100	sample	3	3-SRR5935740	status	0
20261008-155257-b74c0f2-6d43-n16-r7	7	c100	sample	3	3-SRR5935740	sequences	0
20261008-155257-b74c0f2-6d43-n16-r7	7	c100	sample	3	3-SRR5935740	bases	0
20261008-155257-b74c0f2-6d43-n16-r7	7	c100	sample	3	3-SRR5935740	classified	0
20261008-155257-b74c0f2-6d43-n16-r7	7	c100	sample	3	3-SRR5935740	place	-
20261008-155257-b74c0f2-6d43-n16-r7	7	c100	sample	3	3-SRR5935740	weight	-
20261008-155257-b74c0f2-6d43-n16-r7	7	c100	phase			batch-barrier-3	0.608226
20261008-155257-b74c0f2-6d43-n16-r7	7	c100	phase			batch-barrier-3.start_s	166.556416
20261008-155257-b74c0f2-6d43-n16-r7	7	c100	phase			barrier	0.218143
20261008-155257-b74c0f2-6d43-n16-r7	7	c100	phase			barrier.start_s	172.525725
20261008-155257-b74c0f2-6d43-n16-r7	7	c100	sample	4	4-SRR5935740	mode	striped
20261008-155257-b74c0f2-6d43-n16-r7	7	c100	sample	4	4-SRR5935740	s3client	sdk
20261008-155257-b74c0f2-6d43-n16-r7	7	c100	sample	4	4-SRR5935740	rank	7
20261008-155257-b74c0f2-6d43-n16-r7	7	c100	sample	4	4-SRR5935740	role	peer
20261008-155257-b74c0f2-6d43-n16-r7	7	c100	sample	4	4-SRR5935740	inflight	1
20261008-155257-b74c0f2-6d43-n16-r7	7	c100	sample	4	4-SRR5935740	threads	16
20261008-155257-b74c0f2-6d43-n16-r7	7	c100	sample	4	4-SRR5935740	start_s	167.919396
20261008-155257-b74c0f2-6d43-n16-r7	7	c100	sample	4	4-SRR5935740	wall_s	4.824510
20261008-155257-b74c0f2-6d43-n16-r7	7	c100	sample	4	4-SRR5935740	setup_s	0.000032
20261008-155257-b74c0f2-6d43-n16-r7	7	c100	sample	4	4-SRR5935740	classify_s	4.603225
20261008-155257-b74c0f2-6d43-n16-r7	7	c100	sample	4	4-SRR5935740	close_s	0.000000
20261008-155257-b74c0f2-6d43-n16-r7	7	c100	sample	4	4-SRR5935740	report_s	0.000000
20261008-155257-b74c0f2-6d43-n16-r7	7	c100	sample	4	4-SRR5935740	status	0
20261008-155257-b74c0f2-6d43-n16-r7	7	c100	sample	4	4-SRR5935740	sequences	0
20261008-155257-b74c0f2-6d43-n16-r7	7	c100	sample	4	4-SRR5935740	bases	0
20261008-155257-b74c0f2-6d43-n16-r7	7	c100	sample	4	4-SRR5935740	classified	0
20261008-155257-b74c0f2-6d43-n16-r7	7	c100	sample	4	4-SRR5935740	place	-
20261008-155257-b74c0f2-6d43-n16-r7	7	c100	sample	4	4-SRR5935740	weight	-
20261008-155257-b74c0f2-6d43-n16-r7	7	c100	phase			batch-barrier-4	0.522802
20261008-155257-b74c0f2-6d43-n16-r7	7	c100	phase			batch-barrier-4.start_s	172.743914
20261008-155257-b74c0f2-6d43-n16-r7	7	c100	phase			barrier	0.142253
20261008-155257-b74c0f2-6d43-n16-r7	7	c100	phase			barrier.start_s	178.633362
20261008-155257-b74c0f2-6d43-n16-r7	7	c100	sample	5	5-SRR5935740	mode	striped
20261008-155257-b74c0f2-6d43-n16-r7	7	c100	sample	5	5-SRR5935740	s3client	sdk
20261008-155257-b74c0f2-6d43-n16-r7	7	c100	sample	5	5-SRR5935740	rank	7
20261008-155257-b74c0f2-6d43-n16-r7	7	c100	sample	5	5-SRR5935740	role	peer
20261008-155257-b74c0f2-6d43-n16-r7	7	c100	sample	5	5-SRR5935740	inflight	1
20261008-155257-b74c0f2-6d43-n16-r7	7	c100	sample	5	5-SRR5935740	threads	16
20261008-155257-b74c0f2-6d43-n16-r7	7	c100	sample	5	5-SRR5935740	start_s	174.018890
20261008-155257-b74c0f2-6d43-n16-r7	7	c100	sample	5	5-SRR5935740	wall_s	4.756763
20261008-155257-b74c0f2-6d43-n16-r7	7	c100	sample	5	5-SRR5935740	setup_s	0.000034
20261008-155257-b74c0f2-6d43-n16-r7	7	c100	sample	5	5-SRR5935740	classify_s	4.611341
20261008-155257-b74c0f2-6d43-n16-r7	7	c100	sample	5	5-SRR5935740	close_s	0.000000
20261008-155257-b74c0f2-6d43-n16-r7	7	c100	sample	5	5-SRR5935740	report_s	0.000000
20261008-155257-b74c0f2-6d43-n16-r7	7	c100	sample	5	5-SRR5935740	status	0
20261008-155257-b74c0f2-6d43-n16-r7	7	c100	sample	5	5-SRR5935740	sequences	0
20261008-155257-b74c0f2-6d43-n16-r7	7	c100	sample	5	5-SRR5935740	bases	0
20261008-155257-b74c0f2-6d43-n16-r7	7	c100	sample	5	5-SRR5935740	classified	0
20261008-155257-b74c0f2-6d43-n16-r7	7	c100	sample	5	5-SRR5935740	place	-
20261008-155257-b74c0f2-6d43-n16-r7	7	c100	sample	5	5-SRR5935740	weight	-
20261008-155257-b74c0f2-6d43-n16-r7	7	c100	phase			batch-barrier-5	0.525606
20261008-155257-b74c0f2-6d43-n16-r7	7	c100	phase			batch-barrier-5.start_s	178.775661
20261008-155257-b74c0f2-6d43-n16-r7	7	c100	engine.mem			t_s	180.0
20261008-155257-b74c0f2-6d43-n16-r7	7	c100	engine.mem			rss_kib	76412416
20261008-155257-b74c0f2-6d43-n16-r7	7	c100	engine.mem			hwm_kib	79362012
20261008-155257-b74c0f2-6d43-n16-r7	7	c100	engine.mem			heap_inuse	3106816000
20261008-155257-b74c0f2-6d43-n16-r7	7	c100	engine.mem			sys	7087927560
20261008-155257-b74c0f2-6d43-n16-r7	7	c100	engine.mem			avail_kib	18270708
20261008-155257-b74c0f2-6d43-n16-r7	7	c100	phase			batch-barrier-6	6.139906
20261008-155257-b74c0f2-6d43-n16-r7	7	c100	phase			batch-barrier-6.start_s	179.301276
20261008-155257-b74c0f2-6d43-n16-r7	7	c100	phase			batch-barrier-7	5.106708
20261008-155257-b74c0f2-6d43-n16-r7	7	c100	phase			batch-barrier-7.start_s	185.441199
20261008-155257-b74c0f2-6d43-n16-r7	7	c100	engine.mem			t_s	195.0
20261008-155257-b74c0f2-6d43-n16-r7	7	c100	engine.mem			rss_kib	76412424
20261008-155257-b74c0f2-6d43-n16-r7	7	c100	engine.mem			hwm_kib	79362012
20261008-155257-b74c0f2-6d43-n16-r7	7	c100	engine.mem			heap_inuse	3109101568
20261008-155257-b74c0f2-6d43-n16-r7	7	c100	engine.mem			sys	7087927560
20261008-155257-b74c0f2-6d43-n16-r7	7	c100	engine.mem			avail_kib	18693456
20261008-155257-b74c0f2-6d43-n16-r7	7	c100	phase			batch-barrier-8	6.144189
20261008-155257-b74c0f2-6d43-n16-r7	7	c100	phase			batch-barrier-8.start_s	190.547923
20261008-155257-b74c0f2-6d43-n16-r7	7	c100	engine.shard			index	0
20261008-155257-b74c0f2-6d43-n16-r7	7	c100	engine.shard			n	16
20261008-155257-b74c0f2-6d43-n16-r7	7	c100	engine.shard			lo	130056901599
20261008-155257-b74c0f2-6d43-n16-r7	7	c100	engine.shard			hi	148636458971
20261008-155257-b74c0f2-6d43-n16-r7	7	c100	engine.shard			tail	302
20261008-155257-b74c0f2-6d43-n16-r7	7	c100	engine.shard			full	false
20261008-155257-b74c0f2-6d43-n16-r7	7	c100	engine.shard			empty_at	18579557384
20261008-155257-b74c0f2-6d43-n16-r7	7	c100	engine.shard			keys	8474658732
20261008-155257-b74c0f2-6d43-n16-r7	7	c100	engine.shard			batches	89910
20261008-155257-b74c0f2-6d43-n16-r7	7	c100	engine.shard			probe_s	161.400959
20261008-155257-b74c0f2-6d43-n16-r7	7	c100	engine.shard			tail_probes	0
20261008-155257-b74c0f2-6d43-n16-r7	7	c100	engine.shard			wrap_probes	0
20261008-155257-b74c0f2-6d43-n16-r7	7	c100	engine.mem			t_s	196.7
20261008-155257-b74c0f2-6d43-n16-r7	7	c100	engine.mem			rss_kib	76412424
20261008-155257-b74c0f2-6d43-n16-r7	7	c100	engine.mem			hwm_kib	79362012
20261008-155257-b74c0f2-6d43-n16-r7	7	c100	engine.mem			heap_inuse	3109199872
20261008-155257-b74c0f2-6d43-n16-r7	7	c100	engine.mem			sys	7087927560
20261008-155257-b74c0f2-6d43-n16-r7	7	c100	engine.mem			avail_kib	18634956
20261008-155257-b74c0f2-6d43-n16-r7	7	c100	engine.rendezvous			puts	13
20261008-155257-b74c0f2-6d43-n16-r7	7	c100	engine.rendezvous			gets	512
20261008-155257-b74c0f2-6d43-n16-r7	7	c100	engine.s3			client	sdk
20261008-155257-b74c0f2-6d43-n16-r7	7	c100	engine.s3			put	31
20261008-155257-b74c0f2-6d43-n16-r7	7	c100	engine.s3			get	512
20261008-155257-b74c0f2-6d43-n16-r7	7	c100	engine.s3			create_multipart	18
20261008-155257-b74c0f2-6d43-n16-r7	7	c100	engine.s3			upload_part	2058
20261008-155257-b74c0f2-6d43-n16-r7	7	c100	engine.s3			complete_multipart	18
20261008-155257-b74c0f2-6d43-n16-r7	7	c100	engine.s3			abort_multipart	0
20261008-155257-b74c0f2-6d43-n16-r7	7	c100	engine.s3			part_bytes	17182220081
20261008-155257-b74c0f2-6d43-n16-r7	7	c100	engine.s3			client	cli
20261008-155257-b74c0f2-6d43-n16-r7	7	c100	engine.s3			put	0
20261008-155257-b74c0f2-6d43-n16-r7	7	c100	engine.s3			get	0
20261008-155257-b74c0f2-6d43-n16-r7	7	c100	engine.s3			create_multipart	0
20261008-155257-b74c0f2-6d43-n16-r7	7	c100	engine.s3			upload_part	0
20261008-155257-b74c0f2-6d43-n16-r7	7	c100	engine.s3			complete_multipart	0
20261008-155257-b74c0f2-6d43-n16-r7	7	c100	engine.s3			abort_multipart	0
20261008-155257-b74c0f2-6d43-n16-r7	7	c100	engine.s3			part_bytes	0
20261008-155257-b74c0f2-6d43-n16-r7	7	c100	engine.load			seconds	25.108618
20261008-155257-b74c0f2-6d43-n16-r7	7	c100	engine.load			requests	1126
20261008-155257-b74c0f2-6d43-n16-r7	7	c100	engine.load			retries	0
20261008-155257-b74c0f2-6d43-n16-r7	7	c100	engine.load			bytes	74318296296
20261008-155257-b74c0f2-6d43-n16-r7	7	c100	engine.route			transport	nodes
20261008-155257-b74c0f2-6d43-n16-r7	7	c100	engine.route			calls	5180
20261008-155257-b74c0f2-6d43-n16-r7	7	c100	engine.route			keys	7836667637
20261008-155257-b74c0f2-6d43-n16-r7	7	c100	engine.route			batches	82880
20261008-155257-b74c0f2-6d43-n16-r7	7	c100	engine.route			route_s	52.516237
20261008-155257-b74c0f2-6d43-n16-r7	7	c100	engine.route			wait_s	42.577814
20261008-155257-b74c0f2-6d43-n16-r7	7	c100	engine.route			gather_s	11.514599
20261008-155257-b74c0f2-6d43-n16-r7	7	c100	engine.worker			scan_s	398.059071
20261008-155257-b74c0f2-6d43-n16-r7	7	c100	engine.worker			lookup_s	106.610371
20261008-155257-b74c0f2-6d43-n16-r7	7	c100	engine.worker			classify_s	336.804358
20261008-155257-b74c0f2-6d43-n16-r7	7	c100	phase			total	196.798492
20261008-155257-b74c0f2-6d43-n16-r7	7	c100	phase			total.start_s	0.000001
20261008-155257-b74c0f2-6d43-n16-r8	8	c100	phase			taxo	0.091412
20261008-155257-b74c0f2-6d43-n16-r8	8	c100	phase			taxo.start_s	0.002466
20261008-155257-b74c0f2-6d43-n16-r8	8	c100	engine.mem			t_s	15.0
20261008-155257-b74c0f2-6d43-n16-r8	8	c100	engine.mem			rss_kib	43488008
20261008-155257-b74c0f2-6d43-n16-r8	8	c100	engine.mem			hwm_kib	43488012
20261008-155257-b74c0f2-6d43-n16-r8	8	c100	engine.mem			heap_inuse	404070400
20261008-155257-b74c0f2-6d43-n16-r8	8	c100	engine.mem			sys	435292536
20261008-155257-b74c0f2-6d43-n16-r8	8	c100	engine.mem			avail_kib	51127524
20261008-155257-b74c0f2-6d43-n16-r8	8	c100	phase			shard-load-8	25.216431
20261008-155257-b74c0f2-6d43-n16-r8	8	c100	phase			shard-load-8.start_s	0.158931
20261008-155257-b74c0f2-6d43-n16-r8	8	c100	engine.mem			t_s	30.0
20261008-155257-b74c0f2-6d43-n16-r8	8	c100	engine.mem			rss_kib	72977488
20261008-155257-b74c0f2-6d43-n16-r8	8	c100	engine.mem			hwm_kib	72977492
20261008-155257-b74c0f2-6d43-n16-r8	8	c100	engine.mem			heap_inuse	409182208
20261008-155257-b74c0f2-6d43-n16-r8	8	c100	engine.mem			sys	439748984
20261008-155257-b74c0f2-6d43-n16-r8	8	c100	engine.mem			avail_kib	21829660
20261008-155257-b74c0f2-6d43-n16-r8	8	c100	phase			rendezvous	14.866834
20261008-155257-b74c0f2-6d43-n16-r8	8	c100	phase			rendezvous.start_s	25.848005
20261008-155257-b74c0f2-6d43-n16-r8	8	c100	phase			connect	0.183278
20261008-155257-b74c0f2-6d43-n16-r8	8	c100	phase			connect.start_s	40.714850
20261008-155257-b74c0f2-6d43-n16-r8	8	c100	phase			hash	40.804149
20261008-155257-b74c0f2-6d43-n16-r8	8	c100	phase			hash.start_s	0.093996
20261008-155257-b74c0f2-6d43-n16-r8	8	c100	engine.mem			t_s	45.0
20261008-155257-b74c0f2-6d43-n16-r8	8	c100	engine.mem			rss_kib	78218628
20261008-155257-b74c0f2-6d43-n16-r8	8	c100	engine.mem			hwm_kib	78218628
20261008-155257-b74c0f2-6d43-n16-r8	8	c100	engine.mem			heap_inuse	4826316800
20261008-155257-b74c0f2-6d43-n16-r8	8	c100	engine.mem			sys	5887737720
20261008-155257-b74c0f2-6d43-n16-r8	8	c100	engine.mem			avail_kib	17007756
20261008-155257-b74c0f2-6d43-n16-r8	8	c100	sample	0	0-SRR5935802	mode	parallel
20261008-155257-b74c0f2-6d43-n16-r8	8	c100	sample	0	0-SRR5935802	s3client	sdk
20261008-155257-b74c0f2-6d43-n16-r8	8	c100	sample	0	0-SRR5935802	rank	8
20261008-155257-b74c0f2-6d43-n16-r8	8	c100	sample	0	0-SRR5935802	role	home
20261008-155257-b74c0f2-6d43-n16-r8	8	c100	sample	0	0-SRR5935802	inflight	1
20261008-155257-b74c0f2-6d43-n16-r8	8	c100	sample	0	0-SRR5935802	threads	16
20261008-155257-b74c0f2-6d43-n16-r8	8	c100	sample	0	0-SRR5935802	start_s	40.898173
20261008-155257-b74c0f2-6d43-n16-r8	8	c100	sample	0	0-SRR5935802	wall_s	8.115619
20261008-155257-b74c0f2-6d43-n16-r8	8	c100	sample	0	0-SRR5935802	setup_s	0.000034
20261008-155257-b74c0f2-6d43-n16-r8	8	c100	sample	0	0-SRR5935802	classify_s	7.665702
20261008-155257-b74c0f2-6d43-n16-r8	8	c100	sample	0	0-SRR5935802	close_s	0.232992
20261008-155257-b74c0f2-6d43-n16-r8	8	c100	sample	0	0-SRR5935802	report_s	0.211179
20261008-155257-b74c0f2-6d43-n16-r8	8	c100	sample	0	0-SRR5935802	status	0
20261008-155257-b74c0f2-6d43-n16-r8	8	c100	sample	0	0-SRR5935802	sequences	16720060
20261008-155257-b74c0f2-6d43-n16-r8	8	c100	sample	0	0-SRR5935802	bases	3103131942
20261008-155257-b74c0f2-6d43-n16-r8	8	c100	sample	0	0-SRR5935802	classified	16427692
20261008-155257-b74c0f2-6d43-n16-r8	8	c100	sample	0	0-SRR5935802	place	lpt
20261008-155257-b74c0f2-6d43-n16-r8	8	c100	sample	0	0-SRR5935802	weight	16720060
20261008-155257-b74c0f2-6d43-n16-r8	8	c100	sample	0	0-SRR5935796	mode	parallel
20261008-155257-b74c0f2-6d43-n16-r8	8	c100	sample	0	0-SRR5935796	s3client	sdk
20261008-155257-b74c0f2-6d43-n16-r8	8	c100	sample	0	0-SRR5935796	rank	8
20261008-155257-b74c0f2-6d43-n16-r8	8	c100	sample	0	0-SRR5935796	role	home
20261008-155257-b74c0f2-6d43-n16-r8	8	c100	sample	0	0-SRR5935796	inflight	1
20261008-155257-b74c0f2-6d43-n16-r8	8	c100	sample	0	0-SRR5935796	threads	16
20261008-155257-b74c0f2-6d43-n16-r8	8	c100	sample	0	0-SRR5935796	start_s	49.013807
20261008-155257-b74c0f2-6d43-n16-r8	8	c100	sample	0	0-SRR5935796	wall_s	7.054873
20261008-155257-b74c0f2-6d43-n16-r8	8	c100	sample	0	0-SRR5935796	setup_s	0.000031
20261008-155257-b74c0f2-6d43-n16-r8	8	c100	sample	0	0-SRR5935796	classify_s	6.683123
20261008-155257-b74c0f2-6d43-n16-r8	8	c100	sample	0	0-SRR5935796	close_s	0.219743
20261008-155257-b74c0f2-6d43-n16-r8	8	c100	sample	0	0-SRR5935796	report_s	0.142125
20261008-155257-b74c0f2-6d43-n16-r8	8	c100	sample	0	0-SRR5935796	status	0
20261008-155257-b74c0f2-6d43-n16-r8	8	c100	sample	0	0-SRR5935796	sequences	14959235
20261008-155257-b74c0f2-6d43-n16-r8	8	c100	sample	0	0-SRR5935796	bases	2745665723
20261008-155257-b74c0f2-6d43-n16-r8	8	c100	sample	0	0-SRR5935796	classified	13888405
20261008-155257-b74c0f2-6d43-n16-r8	8	c100	sample	0	0-SRR5935796	place	lpt
20261008-155257-b74c0f2-6d43-n16-r8	8	c100	sample	0	0-SRR5935796	weight	14959235
20261008-155257-b74c0f2-6d43-n16-r8	8	c100	engine.mem			t_s	60.0
20261008-155257-b74c0f2-6d43-n16-r8	8	c100	engine.mem			rss_kib	78852276
20261008-155257-b74c0f2-6d43-n16-r8	8	c100	engine.mem			hwm_kib	78857564
20261008-155257-b74c0f2-6d43-n16-r8	8	c100	engine.mem			heap_inuse	3188187136
20261008-155257-b74c0f2-6d43-n16-r8	8	c100	engine.mem			sys	6486581384
20261008-155257-b74c0f2-6d43-n16-r8	8	c100	engine.mem			avail_kib	15645296
20261008-155257-b74c0f2-6d43-n16-r8	8	c100	sample	0	0-SRR5935822	mode	parallel
20261008-155257-b74c0f2-6d43-n16-r8	8	c100	sample	0	0-SRR5935822	s3client	sdk
20261008-155257-b74c0f2-6d43-n16-r8	8	c100	sample	0	0-SRR5935822	rank	8
20261008-155257-b74c0f2-6d43-n16-r8	8	c100	sample	0	0-SRR5935822	role	home
20261008-155257-b74c0f2-6d43-n16-r8	8	c100	sample	0	0-SRR5935822	inflight	1
20261008-155257-b74c0f2-6d43-n16-r8	8	c100	sample	0	0-SRR5935822	threads	16
20261008-155257-b74c0f2-6d43-n16-r8	8	c100	sample	0	0-SRR5935822	start_s	56.068693
20261008-155257-b74c0f2-6d43-n16-r8	8	c100	sample	0	0-SRR5935822	wall_s	6.661528
20261008-155257-b74c0f2-6d43-n16-r8	8	c100	sample	0	0-SRR5935822	setup_s	0.000036
20261008-155257-b74c0f2-6d43-n16-r8	8	c100	sample	0	0-SRR5935822	classify_s	6.248668
20261008-155257-b74c0f2-6d43-n16-r8	8	c100	sample	0	0-SRR5935822	close_s	0.258146
20261008-155257-b74c0f2-6d43-n16-r8	8	c100	sample	0	0-SRR5935822	report_s	0.149702
20261008-155257-b74c0f2-6d43-n16-r8	8	c100	sample	0	0-SRR5935822	status	0
20261008-155257-b74c0f2-6d43-n16-r8	8	c100	sample	0	0-SRR5935822	sequences	13365245
20261008-155257-b74c0f2-6d43-n16-r8	8	c100	sample	0	0-SRR5935822	bases	2460327516
20261008-155257-b74c0f2-6d43-n16-r8	8	c100	sample	0	0-SRR5935822	classified	13192260
20261008-155257-b74c0f2-6d43-n16-r8	8	c100	sample	0	0-SRR5935822	place	lpt
20261008-155257-b74c0f2-6d43-n16-r8	8	c100	sample	0	0-SRR5935822	weight	13365245
20261008-155257-b74c0f2-6d43-n16-r8	8	c100	sample	0	0-SRR5935746	mode	parallel
20261008-155257-b74c0f2-6d43-n16-r8	8	c100	sample	0	0-SRR5935746	s3client	sdk
20261008-155257-b74c0f2-6d43-n16-r8	8	c100	sample	0	0-SRR5935746	rank	8
20261008-155257-b74c0f2-6d43-n16-r8	8	c100	sample	0	0-SRR5935746	role	home
20261008-155257-b74c0f2-6d43-n16-r8	8	c100	sample	0	0-SRR5935746	inflight	1
20261008-155257-b74c0f2-6d43-n16-r8	8	c100	sample	0	0-SRR5935746	threads	16
20261008-155257-b74c0f2-6d43-n16-r8	8	c100	sample	0	0-SRR5935746	start_s	62.730236
20261008-155257-b74c0f2-6d43-n16-r8	8	c100	sample	0	0-SRR5935746	wall_s	5.394482
20261008-155257-b74c0f2-6d43-n16-r8	8	c100	sample	0	0-SRR5935746	setup_s	0.000038
20261008-155257-b74c0f2-6d43-n16-r8	8	c100	sample	0	0-SRR5935746	classify_s	5.054519
20261008-155257-b74c0f2-6d43-n16-r8	8	c100	sample	0	0-SRR5935746	close_s	0.195800
20261008-155257-b74c0f2-6d43-n16-r8	8	c100	sample	0	0-SRR5935746	report_s	0.138774
20261008-155257-b74c0f2-6d43-n16-r8	8	c100	sample	0	0-SRR5935746	status	0
20261008-155257-b74c0f2-6d43-n16-r8	8	c100	sample	0	0-SRR5935746	sequences	11012615
20261008-155257-b74c0f2-6d43-n16-r8	8	c100	sample	0	0-SRR5935746	bases	2057953866
20261008-155257-b74c0f2-6d43-n16-r8	8	c100	sample	0	0-SRR5935746	classified	10686469
20261008-155257-b74c0f2-6d43-n16-r8	8	c100	sample	0	0-SRR5935746	place	lpt
20261008-155257-b74c0f2-6d43-n16-r8	8	c100	sample	0	0-SRR5935746	weight	11012615
20261008-155257-b74c0f2-6d43-n16-r8	8	c100	sample	0	0-SRR5935771	mode	parallel
20261008-155257-b74c0f2-6d43-n16-r8	8	c100	sample	0	0-SRR5935771	s3client	sdk
20261008-155257-b74c0f2-6d43-n16-r8	8	c100	sample	0	0-SRR5935771	rank	8
20261008-155257-b74c0f2-6d43-n16-r8	8	c100	sample	0	0-SRR5935771	role	home
20261008-155257-b74c0f2-6d43-n16-r8	8	c100	sample	0	0-SRR5935771	inflight	1
20261008-155257-b74c0f2-6d43-n16-r8	8	c100	sample	0	0-SRR5935771	threads	16
20261008-155257-b74c0f2-6d43-n16-r8	8	c100	sample	0	0-SRR5935771	start_s	68.124731
20261008-155257-b74c0f2-6d43-n16-r8	8	c100	sample	0	0-SRR5935771	wall_s	4.701244
20261008-155257-b74c0f2-6d43-n16-r8	8	c100	sample	0	0-SRR5935771	setup_s	0.000039
20261008-155257-b74c0f2-6d43-n16-r8	8	c100	sample	0	0-SRR5935771	classify_s	4.280716
20261008-155257-b74c0f2-6d43-n16-r8	8	c100	sample	0	0-SRR5935771	close_s	0.233331
20261008-155257-b74c0f2-6d43-n16-r8	8	c100	sample	0	0-SRR5935771	report_s	0.179483
20261008-155257-b74c0f2-6d43-n16-r8	8	c100	sample	0	0-SRR5935771	status	0
20261008-155257-b74c0f2-6d43-n16-r8	8	c100	sample	0	0-SRR5935771	sequences	9230220
20261008-155257-b74c0f2-6d43-n16-r8	8	c100	sample	0	0-SRR5935771	bases	1688151903
20261008-155257-b74c0f2-6d43-n16-r8	8	c100	sample	0	0-SRR5935771	classified	8736529
20261008-155257-b74c0f2-6d43-n16-r8	8	c100	sample	0	0-SRR5935771	place	lpt
20261008-155257-b74c0f2-6d43-n16-r8	8	c100	sample	0	0-SRR5935771	weight	9230220
20261008-155257-b74c0f2-6d43-n16-r8	8	c100	sample	0	0-SRR5935747	mode	parallel
20261008-155257-b74c0f2-6d43-n16-r8	8	c100	sample	0	0-SRR5935747	s3client	sdk
20261008-155257-b74c0f2-6d43-n16-r8	8	c100	sample	0	0-SRR5935747	rank	8
20261008-155257-b74c0f2-6d43-n16-r8	8	c100	sample	0	0-SRR5935747	role	home
20261008-155257-b74c0f2-6d43-n16-r8	8	c100	sample	0	0-SRR5935747	inflight	1
20261008-155257-b74c0f2-6d43-n16-r8	8	c100	sample	0	0-SRR5935747	threads	16
20261008-155257-b74c0f2-6d43-n16-r8	8	c100	sample	0	0-SRR5935747	start_s	72.825988
20261008-155257-b74c0f2-6d43-n16-r8	8	c100	sample	0	0-SRR5935747	wall_s	1.889102
20261008-155257-b74c0f2-6d43-n16-r8	8	c100	sample	0	0-SRR5935747	setup_s	0.000035
20261008-155257-b74c0f2-6d43-n16-r8	8	c100	sample	0	0-SRR5935747	classify_s	1.565837
20261008-155257-b74c0f2-6d43-n16-r8	8	c100	sample	0	0-SRR5935747	close_s	0.199264
20261008-155257-b74c0f2-6d43-n16-r8	8	c100	sample	0	0-SRR5935747	report_s	0.119514
20261008-155257-b74c0f2-6d43-n16-r8	8	c100	sample	0	0-SRR5935747	status	0
20261008-155257-b74c0f2-6d43-n16-r8	8	c100	sample	0	0-SRR5935747	sequences	3036382
20261008-155257-b74c0f2-6d43-n16-r8	8	c100	sample	0	0-SRR5935747	bases	569204188
20261008-155257-b74c0f2-6d43-n16-r8	8	c100	sample	0	0-SRR5935747	classified	2817388
20261008-155257-b74c0f2-6d43-n16-r8	8	c100	sample	0	0-SRR5935747	place	lpt
20261008-155257-b74c0f2-6d43-n16-r8	8	c100	sample	0	0-SRR5935747	weight	3036382
20261008-155257-b74c0f2-6d43-n16-r8	8	c100	engine.mem			t_s	75.0
20261008-155257-b74c0f2-6d43-n16-r8	8	c100	engine.mem			rss_kib	77863068
20261008-155257-b74c0f2-6d43-n16-r8	8	c100	engine.mem			hwm_kib	78857564
20261008-155257-b74c0f2-6d43-n16-r8	8	c100	engine.mem			heap_inuse	3989340160
20261008-155257-b74c0f2-6d43-n16-r8	8	c100	engine.mem			sys	6486589576
20261008-155257-b74c0f2-6d43-n16-r8	8	c100	engine.mem			avail_kib	15562628
20261008-155257-b74c0f2-6d43-n16-r8	8	c100	phase			batch-barrier-0	2.574279
20261008-155257-b74c0f2-6d43-n16-r8	8	c100	phase			batch-barrier-0.start_s	74.715104
20261008-155257-b74c0f2-6d43-n16-r8	8	c100	sample	1	1-SRR5935748	mode	parallel
20261008-155257-b74c0f2-6d43-n16-r8	8	c100	sample	1	1-SRR5935748	s3client	sdk
20261008-155257-b74c0f2-6d43-n16-r8	8	c100	sample	1	1-SRR5935748	rank	8
20261008-155257-b74c0f2-6d43-n16-r8	8	c100	sample	1	1-SRR5935748	role	home
20261008-155257-b74c0f2-6d43-n16-r8	8	c100	sample	1	1-SRR5935748	inflight	1
20261008-155257-b74c0f2-6d43-n16-r8	8	c100	sample	1	1-SRR5935748	threads	16
20261008-155257-b74c0f2-6d43-n16-r8	8	c100	sample	1	1-SRR5935748	start_s	77.289405
20261008-155257-b74c0f2-6d43-n16-r8	8	c100	sample	1	1-SRR5935748	wall_s	5.927837
20261008-155257-b74c0f2-6d43-n16-r8	8	c100	sample	1	1-SRR5935748	setup_s	0.000041
20261008-155257-b74c0f2-6d43-n16-r8	8	c100	sample	1	1-SRR5935748	classify_s	5.511705
20261008-155257-b74c0f2-6d43-n16-r8	8	c100	sample	1	1-SRR5935748	close_s	0.230453
20261008-155257-b74c0f2-6d43-n16-r8	8	c100	sample	1	1-SRR5935748	report_s	0.174802
20261008-155257-b74c0f2-6d43-n16-r8	8	c100	sample	1	1-SRR5935748	status	0
20261008-155257-b74c0f2-6d43-n16-r8	8	c100	sample	1	1-SRR5935748	sequences	11859598
20261008-155257-b74c0f2-6d43-n16-r8	8	c100	sample	1	1-SRR5935748	bases	2188903487
20261008-155257-b74c0f2-6d43-n16-r8	8	c100	sample	1	1-SRR5935748	classified	10951240
20261008-155257-b74c0f2-6d43-n16-r8	8	c100	sample	1	1-SRR5935748	place	mod
20261008-155257-b74c0f2-6d43-n16-r8	8	c100	sample	1	1-SRR5935748	weight	11859598
20261008-155257-b74c0f2-6d43-n16-r8	8	c100	sample	1	1-SRR5935764	mode	parallel
20261008-155257-b74c0f2-6d43-n16-r8	8	c100	sample	1	1-SRR5935764	s3client	sdk
20261008-155257-b74c0f2-6d43-n16-r8	8	c100	sample	1	1-SRR5935764	rank	8
20261008-155257-b74c0f2-6d43-n16-r8	8	c100	sample	1	1-SRR5935764	role	home
20261008-155257-b74c0f2-6d43-n16-r8	8	c100	sample	1	1-SRR5935764	inflight	1
20261008-155257-b74c0f2-6d43-n16-r8	8	c100	sample	1	1-SRR5935764	threads	16
20261008-155257-b74c0f2-6d43-n16-r8	8	c100	sample	1	1-SRR5935764	start_s	83.217255
20261008-155257-b74c0f2-6d43-n16-r8	8	c100	sample	1	1-SRR5935764	wall_s	5.771674
20261008-155257-b74c0f2-6d43-n16-r8	8	c100	sample	1	1-SRR5935764	setup_s	0.000042
20261008-155257-b74c0f2-6d43-n16-r8	8	c100	sample	1	1-SRR5935764	classify_s	5.359936
20261008-155257-b74c0f2-6d43-n16-r8	8	c100	sample	1	1-SRR5935764	close_s	0.230332
20261008-155257-b74c0f2-6d43-n16-r8	8	c100	sample	1	1-SRR5935764	report_s	0.173783
20261008-155257-b74c0f2-6d43-n16-r8	8	c100	sample	1	1-SRR5935764	status	0
20261008-155257-b74c0f2-6d43-n16-r8	8	c100	sample	1	1-SRR5935764	sequences	11689489
20261008-155257-b74c0f2-6d43-n16-r8	8	c100	sample	1	1-SRR5935764	bases	2123440867
20261008-155257-b74c0f2-6d43-n16-r8	8	c100	sample	1	1-SRR5935764	classified	11327502
20261008-155257-b74c0f2-6d43-n16-r8	8	c100	sample	1	1-SRR5935764	place	mod
20261008-155257-b74c0f2-6d43-n16-r8	8	c100	sample	1	1-SRR5935764	weight	11689489
20261008-155257-b74c0f2-6d43-n16-r8	8	c100	engine.mem			t_s	90.0
20261008-155257-b74c0f2-6d43-n16-r8	8	c100	engine.mem			rss_kib	77858692
20261008-155257-b74c0f2-6d43-n16-r8	8	c100	engine.mem			hwm_kib	79454248
20261008-155257-b74c0f2-6d43-n16-r8	8	c100	engine.mem			heap_inuse	4835311616
20261008-155257-b74c0f2-6d43-n16-r8	8	c100	engine.mem			sys	7154491688
20261008-155257-b74c0f2-6d43-n16-r8	8	c100	engine.mem			avail_kib	15136412
20261008-155257-b74c0f2-6d43-n16-r8	8	c100	sample	1	1-SRR5935780	mode	parallel
20261008-155257-b74c0f2-6d43-n16-r8	8	c100	sample	1	1-SRR5935780	s3client	sdk
20261008-155257-b74c0f2-6d43-n16-r8	8	c100	sample	1	1-SRR5935780	rank	8
20261008-155257-b74c0f2-6d43-n16-r8	8	c100	sample	1	1-SRR5935780	role	home
20261008-155257-b74c0f2-6d43-n16-r8	8	c100	sample	1	1-SRR5935780	inflight	1
20261008-155257-b74c0f2-6d43-n16-r8	8	c100	sample	1	1-SRR5935780	threads	16
20261008-155257-b74c0f2-6d43-n16-r8	8	c100	sample	1	1-SRR5935780	start_s	88.988942
20261008-155257-b74c0f2-6d43-n16-r8	8	c100	sample	1	1-SRR5935780	wall_s	5.481957
20261008-155257-b74c0f2-6d43-n16-r8	8	c100	sample	1	1-SRR5935780	setup_s	0.000040
20261008-155257-b74c0f2-6d43-n16-r8	8	c100	sample	1	1-SRR5935780	classify_s	4.959627
20261008-155257-b74c0f2-6d43-n16-r8	8	c100	sample	1	1-SRR5935780	close_s	0.351568
20261008-155257-b74c0f2-6d43-n16-r8	8	c100	sample	1	1-SRR5935780	report_s	0.165668
20261008-155257-b74c0f2-6d43-n16-r8	8	c100	sample	1	1-SRR5935780	status	0
20261008-155257-b74c0f2-6d43-n16-r8	8	c100	sample	1	1-SRR5935780	sequences	10716528
20261008-155257-b74c0f2-6d43-n16-r8	8	c100	sample	1	1-SRR5935780	bases	1994960359
20261008-155257-b74c0f2-6d43-n16-r8	8	c100	sample	1	1-SRR5935780	classified	10376259
20261008-155257-b74c0f2-6d43-n16-r8	8	c100	sample	1	1-SRR5935780	place	mod
20261008-155257-b74c0f2-6d43-n16-r8	8	c100	sample	1	1-SRR5935780	weight	10716528
20261008-155257-b74c0f2-6d43-n16-r8	8	c100	sample	1	1-SRR5935796	mode	parallel
20261008-155257-b74c0f2-6d43-n16-r8	8	c100	sample	1	1-SRR5935796	s3client	sdk
20261008-155257-b74c0f2-6d43-n16-r8	8	c100	sample	1	1-SRR5935796	rank	8
20261008-155257-b74c0f2-6d43-n16-r8	8	c100	sample	1	1-SRR5935796	role	home
20261008-155257-b74c0f2-6d43-n16-r8	8	c100	sample	1	1-SRR5935796	inflight	1
20261008-155257-b74c0f2-6d43-n16-r8	8	c100	sample	1	1-SRR5935796	threads	16
20261008-155257-b74c0f2-6d43-n16-r8	8	c100	sample	1	1-SRR5935796	start_s	94.470915
20261008-155257-b74c0f2-6d43-n16-r8	8	c100	sample	1	1-SRR5935796	wall_s	7.087543
20261008-155257-b74c0f2-6d43-n16-r8	8	c100	sample	1	1-SRR5935796	setup_s	0.000044
20261008-155257-b74c0f2-6d43-n16-r8	8	c100	sample	1	1-SRR5935796	classify_s	6.686406
20261008-155257-b74c0f2-6d43-n16-r8	8	c100	sample	1	1-SRR5935796	close_s	0.243312
20261008-155257-b74c0f2-6d43-n16-r8	8	c100	sample	1	1-SRR5935796	report_s	0.147593
20261008-155257-b74c0f2-6d43-n16-r8	8	c100	sample	1	1-SRR5935796	status	0
20261008-155257-b74c0f2-6d43-n16-r8	8	c100	sample	1	1-SRR5935796	sequences	14959235
20261008-155257-b74c0f2-6d43-n16-r8	8	c100	sample	1	1-SRR5935796	bases	2745665723
20261008-155257-b74c0f2-6d43-n16-r8	8	c100	sample	1	1-SRR5935796	classified	13888405
20261008-155257-b74c0f2-6d43-n16-r8	8	c100	sample	1	1-SRR5935796	place	mod
20261008-155257-b74c0f2-6d43-n16-r8	8	c100	sample	1	1-SRR5935796	weight	14959235
20261008-155257-b74c0f2-6d43-n16-r8	8	c100	engine.mem			t_s	105.0
20261008-155257-b74c0f2-6d43-n16-r8	8	c100	engine.mem			rss_kib	79287208
20261008-155257-b74c0f2-6d43-n16-r8	8	c100	engine.mem			hwm_kib	79454248
20261008-155257-b74c0f2-6d43-n16-r8	8	c100	engine.mem			heap_inuse	5386452992
20261008-155257-b74c0f2-6d43-n16-r8	8	c100	engine.mem			sys	7161569576
20261008-155257-b74c0f2-6d43-n16-r8	8	c100	engine.mem			avail_kib	14652260
20261008-155257-b74c0f2-6d43-n16-r8	8	c100	sample	1	1-SRR5935812	mode	parallel
20261008-155257-b74c0f2-6d43-n16-r8	8	c100	sample	1	1-SRR5935812	s3client	sdk
20261008-155257-b74c0f2-6d43-n16-r8	8	c100	sample	1	1-SRR5935812	rank	8
20261008-155257-b74c0f2-6d43-n16-r8	8	c100	sample	1	1-SRR5935812	role	home
20261008-155257-b74c0f2-6d43-n16-r8	8	c100	sample	1	1-SRR5935812	inflight	1
20261008-155257-b74c0f2-6d43-n16-r8	8	c100	sample	1	1-SRR5935812	threads	16
20261008-155257-b74c0f2-6d43-n16-r8	8	c100	sample	1	1-SRR5935812	start_s	101.558472
20261008-155257-b74c0f2-6d43-n16-r8	8	c100	sample	1	1-SRR5935812	wall_s	4.658819
20261008-155257-b74c0f2-6d43-n16-r8	8	c100	sample	1	1-SRR5935812	setup_s	0.000035
20261008-155257-b74c0f2-6d43-n16-r8	8	c100	sample	1	1-SRR5935812	classify_s	4.206642
20261008-155257-b74c0f2-6d43-n16-r8	8	c100	sample	1	1-SRR5935812	close_s	0.236136
20261008-155257-b74c0f2-6d43-n16-r8	8	c100	sample	1	1-SRR5935812	report_s	0.210929
20261008-155257-b74c0f2-6d43-n16-r8	8	c100	sample	1	1-SRR5935812	status	0
20261008-155257-b74c0f2-6d43-n16-r8	8	c100	sample	1	1-SRR5935812	sequences	9108174
20261008-155257-b74c0f2-6d43-n16-r8	8	c100	sample	1	1-SRR5935812	bases	1698332428
20261008-155257-b74c0f2-6d43-n16-r8	8	c100	sample	1	1-SRR5935812	classified	8923230
20261008-155257-b74c0f2-6d43-n16-r8	8	c100	sample	1	1-SRR5935812	place	mod
20261008-155257-b74c0f2-6d43-n16-r8	8	c100	sample	1	1-SRR5935812	weight	9108174
20261008-155257-b74c0f2-6d43-n16-r8	8	c100	sample	1	1-SRR5935828	mode	parallel
20261008-155257-b74c0f2-6d43-n16-r8	8	c100	sample	1	1-SRR5935828	s3client	sdk
20261008-155257-b74c0f2-6d43-n16-r8	8	c100	sample	1	1-SRR5935828	rank	8
20261008-155257-b74c0f2-6d43-n16-r8	8	c100	sample	1	1-SRR5935828	role	home
20261008-155257-b74c0f2-6d43-n16-r8	8	c100	sample	1	1-SRR5935828	inflight	1
20261008-155257-b74c0f2-6d43-n16-r8	8	c100	sample	1	1-SRR5935828	threads	16
20261008-155257-b74c0f2-6d43-n16-r8	8	c100	sample	1	1-SRR5935828	start_s	106.217304
20261008-155257-b74c0f2-6d43-n16-r8	8	c100	sample	1	1-SRR5935828	wall_s	4.294014
20261008-155257-b74c0f2-6d43-n16-r8	8	c100	sample	1	1-SRR5935828	setup_s	0.000044
20261008-155257-b74c0f2-6d43-n16-r8	8	c100	sample	1	1-SRR5935828	classify_s	3.859003
20261008-155257-b74c0f2-6d43-n16-r8	8	c100	sample	1	1-SRR5935828	close_s	0.246243
20261008-155257-b74c0f2-6d43-n16-r8	8	c100	sample	1	1-SRR5935828	report_s	0.183210
20261008-155257-b74c0f2-6d43-n16-r8	8	c100	sample	1	1-SRR5935828	status	0
20261008-155257-b74c0f2-6d43-n16-r8	8	c100	sample	1	1-SRR5935828	sequences	8326050
20261008-155257-b74c0f2-6d43-n16-r8	8	c100	sample	1	1-SRR5935828	bases	1540092338
20261008-155257-b74c0f2-6d43-n16-r8	8	c100	sample	1	1-SRR5935828	classified	8094378
20261008-155257-b74c0f2-6d43-n16-r8	8	c100	sample	1	1-SRR5935828	place	mod
20261008-155257-b74c0f2-6d43-n16-r8	8	c100	sample	1	1-SRR5935828	weight	8326050
20261008-155257-b74c0f2-6d43-n16-r8	8	c100	engine.mem			t_s	120.0
20261008-155257-b74c0f2-6d43-n16-r8	8	c100	engine.mem			rss_kib	79291544
20261008-155257-b74c0f2-6d43-n16-r8	8	c100	engine.mem			hwm_kib	79454248
20261008-155257-b74c0f2-6d43-n16-r8	8	c100	engine.mem			heap_inuse	5142585344
20261008-155257-b74c0f2-6d43-n16-r8	8	c100	engine.mem			sys	7207706920
20261008-155257-b74c0f2-6d43-n16-r8	8	c100	engine.mem			avail_kib	14927048
20261008-155257-b74c0f2-6d43-n16-r8	8	c100	phase			batch-barrier-1	13.889611
20261008-155257-b74c0f2-6d43-n16-r8	8	c100	phase			batch-barrier-1.start_s	110.511332
20261008-155257-b74c0f2-6d43-n16-r8	8	c100	sample	2	2-SRR5935802	mode	parallel
20261008-155257-b74c0f2-6d43-n16-r8	8	c100	sample	2	2-SRR5935802	s3client	sdk
20261008-155257-b74c0f2-6d43-n16-r8	8	c100	sample	2	2-SRR5935802	rank	8
20261008-155257-b74c0f2-6d43-n16-r8	8	c100	sample	2	2-SRR5935802	role	home
20261008-155257-b74c0f2-6d43-n16-r8	8	c100	sample	2	2-SRR5935802	inflight	1
20261008-155257-b74c0f2-6d43-n16-r8	8	c100	sample	2	2-SRR5935802	threads	16
20261008-155257-b74c0f2-6d43-n16-r8	8	c100	sample	2	2-SRR5935802	start_s	124.400979
20261008-155257-b74c0f2-6d43-n16-r8	8	c100	sample	2	2-SRR5935802	wall_s	8.044923
20261008-155257-b74c0f2-6d43-n16-r8	8	c100	sample	2	2-SRR5935802	setup_s	0.000031
20261008-155257-b74c0f2-6d43-n16-r8	8	c100	sample	2	2-SRR5935802	classify_s	7.681688
20261008-155257-b74c0f2-6d43-n16-r8	8	c100	sample	2	2-SRR5935802	close_s	0.227779
20261008-155257-b74c0f2-6d43-n16-r8	8	c100	sample	2	2-SRR5935802	report_s	0.129428
20261008-155257-b74c0f2-6d43-n16-r8	8	c100	sample	2	2-SRR5935802	status	0
20261008-155257-b74c0f2-6d43-n16-r8	8	c100	sample	2	2-SRR5935802	sequences	16720060
20261008-155257-b74c0f2-6d43-n16-r8	8	c100	sample	2	2-SRR5935802	bases	3103131942
20261008-155257-b74c0f2-6d43-n16-r8	8	c100	sample	2	2-SRR5935802	classified	16427692
20261008-155257-b74c0f2-6d43-n16-r8	8	c100	sample	2	2-SRR5935802	place	lpt
20261008-155257-b74c0f2-6d43-n16-r8	8	c100	sample	2	2-SRR5935802	weight	16720060
20261008-155257-b74c0f2-6d43-n16-r8	8	c100	engine.mem			t_s	135.0
20261008-155257-b74c0f2-6d43-n16-r8	8	c100	engine.mem			rss_kib	79409460
20261008-155257-b74c0f2-6d43-n16-r8	8	c100	engine.mem			hwm_kib	79454248
20261008-155257-b74c0f2-6d43-n16-r8	8	c100	engine.mem			heap_inuse	3421691904
20261008-155257-b74c0f2-6d43-n16-r8	8	c100	engine.mem			sys	7208698152
20261008-155257-b74c0f2-6d43-n16-r8	8	c100	engine.mem			avail_kib	15067620
20261008-155257-b74c0f2-6d43-n16-r8	8	c100	sample	2	2-SRR5935796	mode	parallel
20261008-155257-b74c0f2-6d43-n16-r8	8	c100	sample	2	2-SRR5935796	s3client	sdk
20261008-155257-b74c0f2-6d43-n16-r8	8	c100	sample	2	2-SRR5935796	rank	8
20261008-155257-b74c0f2-6d43-n16-r8	8	c100	sample	2	2-SRR5935796	role	home
20261008-155257-b74c0f2-6d43-n16-r8	8	c100	sample	2	2-SRR5935796	inflight	1
20261008-155257-b74c0f2-6d43-n16-r8	8	c100	sample	2	2-SRR5935796	threads	16
20261008-155257-b74c0f2-6d43-n16-r8	8	c100	sample	2	2-SRR5935796	start_s	132.445917
20261008-155257-b74c0f2-6d43-n16-r8	8	c100	sample	2	2-SRR5935796	wall_s	7.084652
20261008-155257-b74c0f2-6d43-n16-r8	8	c100	sample	2	2-SRR5935796	setup_s	0.000042
20261008-155257-b74c0f2-6d43-n16-r8	8	c100	sample	2	2-SRR5935796	classify_s	6.696296
20261008-155257-b74c0f2-6d43-n16-r8	8	c100	sample	2	2-SRR5935796	close_s	0.234927
20261008-155257-b74c0f2-6d43-n16-r8	8	c100	sample	2	2-SRR5935796	report_s	0.143464
20261008-155257-b74c0f2-6d43-n16-r8	8	c100	sample	2	2-SRR5935796	status	0
20261008-155257-b74c0f2-6d43-n16-r8	8	c100	sample	2	2-SRR5935796	sequences	14959235
20261008-155257-b74c0f2-6d43-n16-r8	8	c100	sample	2	2-SRR5935796	bases	2745665723
20261008-155257-b74c0f2-6d43-n16-r8	8	c100	sample	2	2-SRR5935796	classified	13888405
20261008-155257-b74c0f2-6d43-n16-r8	8	c100	sample	2	2-SRR5935796	place	lpt
20261008-155257-b74c0f2-6d43-n16-r8	8	c100	sample	2	2-SRR5935796	weight	14959235
20261008-155257-b74c0f2-6d43-n16-r8	8	c100	sample	2	2-SRR5935822	mode	parallel
20261008-155257-b74c0f2-6d43-n16-r8	8	c100	sample	2	2-SRR5935822	s3client	sdk
20261008-155257-b74c0f2-6d43-n16-r8	8	c100	sample	2	2-SRR5935822	rank	8
20261008-155257-b74c0f2-6d43-n16-r8	8	c100	sample	2	2-SRR5935822	role	home
20261008-155257-b74c0f2-6d43-n16-r8	8	c100	sample	2	2-SRR5935822	inflight	1
20261008-155257-b74c0f2-6d43-n16-r8	8	c100	sample	2	2-SRR5935822	threads	16
20261008-155257-b74c0f2-6d43-n16-r8	8	c100	sample	2	2-SRR5935822	start_s	139.530581
20261008-155257-b74c0f2-6d43-n16-r8	8	c100	sample	2	2-SRR5935822	wall_s	6.660110
20261008-155257-b74c0f2-6d43-n16-r8	8	c100	sample	2	2-SRR5935822	setup_s	0.000034
20261008-155257-b74c0f2-6d43-n16-r8	8	c100	sample	2	2-SRR5935822	classify_s	6.248331
20261008-155257-b74c0f2-6d43-n16-r8	8	c100	sample	2	2-SRR5935822	close_s	0.280354
20261008-155257-b74c0f2-6d43-n16-r8	8	c100	sample	2	2-SRR5935822	report_s	0.126444
20261008-155257-b74c0f2-6d43-n16-r8	8	c100	sample	2	2-SRR5935822	status	0
20261008-155257-b74c0f2-6d43-n16-r8	8	c100	sample	2	2-SRR5935822	sequences	13365245
20261008-155257-b74c0f2-6d43-n16-r8	8	c100	sample	2	2-SRR5935822	bases	2460327516
20261008-155257-b74c0f2-6d43-n16-r8	8	c100	sample	2	2-SRR5935822	classified	13192260
20261008-155257-b74c0f2-6d43-n16-r8	8	c100	sample	2	2-SRR5935822	place	lpt
20261008-155257-b74c0f2-6d43-n16-r8	8	c100	sample	2	2-SRR5935822	weight	13365245
20261008-155257-b74c0f2-6d43-n16-r8	8	c100	engine.mem			t_s	150.0
20261008-155257-b74c0f2-6d43-n16-r8	8	c100	engine.mem			rss_kib	79003292
20261008-155257-b74c0f2-6d43-n16-r8	8	c100	engine.mem			hwm_kib	79690632
20261008-155257-b74c0f2-6d43-n16-r8	8	c100	engine.mem			heap_inuse	5412995072
20261008-155257-b74c0f2-6d43-n16-r8	8	c100	engine.mem			sys	7569842568
20261008-155257-b74c0f2-6d43-n16-r8	8	c100	engine.mem			avail_kib	14649812
20261008-155257-b74c0f2-6d43-n16-r8	8	c100	sample	2	2-SRR5935746	mode	parallel
20261008-155257-b74c0f2-6d43-n16-r8	8	c100	sample	2	2-SRR5935746	s3client	sdk
20261008-155257-b74c0f2-6d43-n16-r8	8	c100	sample	2	2-SRR5935746	rank	8
20261008-155257-b74c0f2-6d43-n16-r8	8	c100	sample	2	2-SRR5935746	role	home
20261008-155257-b74c0f2-6d43-n16-r8	8	c100	sample	2	2-SRR5935746	inflight	1
20261008-155257-b74c0f2-6d43-n16-r8	8	c100	sample	2	2-SRR5935746	threads	16
20261008-155257-b74c0f2-6d43-n16-r8	8	c100	sample	2	2-SRR5935746	start_s	146.190704
20261008-155257-b74c0f2-6d43-n16-r8	8	c100	sample	2	2-SRR5935746	wall_s	5.418858
20261008-155257-b74c0f2-6d43-n16-r8	8	c100	sample	2	2-SRR5935746	setup_s	0.000041
20261008-155257-b74c0f2-6d43-n16-r8	8	c100	sample	2	2-SRR5935746	classify_s	5.027699
20261008-155257-b74c0f2-6d43-n16-r8	8	c100	sample	2	2-SRR5935746	close_s	0.251490
20261008-155257-b74c0f2-6d43-n16-r8	8	c100	sample	2	2-SRR5935746	report_s	0.134130
20261008-155257-b74c0f2-6d43-n16-r8	8	c100	sample	2	2-SRR5935746	status	0
20261008-155257-b74c0f2-6d43-n16-r8	8	c100	sample	2	2-SRR5935746	sequences	11012615
20261008-155257-b74c0f2-6d43-n16-r8	8	c100	sample	2	2-SRR5935746	bases	2057953866
20261008-155257-b74c0f2-6d43-n16-r8	8	c100	sample	2	2-SRR5935746	classified	10686469
20261008-155257-b74c0f2-6d43-n16-r8	8	c100	sample	2	2-SRR5935746	place	lpt
20261008-155257-b74c0f2-6d43-n16-r8	8	c100	sample	2	2-SRR5935746	weight	11012615
20261008-155257-b74c0f2-6d43-n16-r8	8	c100	sample	2	2-SRR5935771	mode	parallel
20261008-155257-b74c0f2-6d43-n16-r8	8	c100	sample	2	2-SRR5935771	s3client	sdk
20261008-155257-b74c0f2-6d43-n16-r8	8	c100	sample	2	2-SRR5935771	rank	8
20261008-155257-b74c0f2-6d43-n16-r8	8	c100	sample	2	2-SRR5935771	role	home
20261008-155257-b74c0f2-6d43-n16-r8	8	c100	sample	2	2-SRR5935771	inflight	1
20261008-155257-b74c0f2-6d43-n16-r8	8	c100	sample	2	2-SRR5935771	threads	16
20261008-155257-b74c0f2-6d43-n16-r8	8	c100	sample	2	2-SRR5935771	start_s	151.609575
20261008-155257-b74c0f2-6d43-n16-r8	8	c100	sample	2	2-SRR5935771	wall_s	4.626357
20261008-155257-b74c0f2-6d43-n16-r8	8	c100	sample	2	2-SRR5935771	setup_s	0.000042
20261008-155257-b74c0f2-6d43-n16-r8	8	c100	sample	2	2-SRR5935771	classify_s	4.288204
20261008-155257-b74c0f2-6d43-n16-r8	8	c100	sample	2	2-SRR5935771	close_s	0.207545
20261008-155257-b74c0f2-6d43-n16-r8	8	c100	sample	2	2-SRR5935771	report_s	0.122752
20261008-155257-b74c0f2-6d43-n16-r8	8	c100	sample	2	2-SRR5935771	status	0
20261008-155257-b74c0f2-6d43-n16-r8	8	c100	sample	2	2-SRR5935771	sequences	9230220
20261008-155257-b74c0f2-6d43-n16-r8	8	c100	sample	2	2-SRR5935771	bases	1688151903
20261008-155257-b74c0f2-6d43-n16-r8	8	c100	sample	2	2-SRR5935771	classified	8736529
20261008-155257-b74c0f2-6d43-n16-r8	8	c100	sample	2	2-SRR5935771	place	lpt
20261008-155257-b74c0f2-6d43-n16-r8	8	c100	sample	2	2-SRR5935771	weight	9230220
20261008-155257-b74c0f2-6d43-n16-r8	8	c100	sample	2	2-SRR5935747	mode	parallel
20261008-155257-b74c0f2-6d43-n16-r8	8	c100	sample	2	2-SRR5935747	s3client	sdk
20261008-155257-b74c0f2-6d43-n16-r8	8	c100	sample	2	2-SRR5935747	rank	8
20261008-155257-b74c0f2-6d43-n16-r8	8	c100	sample	2	2-SRR5935747	role	home
20261008-155257-b74c0f2-6d43-n16-r8	8	c100	sample	2	2-SRR5935747	inflight	1
20261008-155257-b74c0f2-6d43-n16-r8	8	c100	sample	2	2-SRR5935747	threads	16
20261008-155257-b74c0f2-6d43-n16-r8	8	c100	sample	2	2-SRR5935747	start_s	156.235944
20261008-155257-b74c0f2-6d43-n16-r8	8	c100	sample	2	2-SRR5935747	wall_s	1.953598
20261008-155257-b74c0f2-6d43-n16-r8	8	c100	sample	2	2-SRR5935747	setup_s	0.000034
20261008-155257-b74c0f2-6d43-n16-r8	8	c100	sample	2	2-SRR5935747	classify_s	1.565388
20261008-155257-b74c0f2-6d43-n16-r8	8	c100	sample	2	2-SRR5935747	close_s	0.246016
20261008-155257-b74c0f2-6d43-n16-r8	8	c100	sample	2	2-SRR5935747	report_s	0.137728
20261008-155257-b74c0f2-6d43-n16-r8	8	c100	sample	2	2-SRR5935747	status	0
20261008-155257-b74c0f2-6d43-n16-r8	8	c100	sample	2	2-SRR5935747	sequences	3036382
20261008-155257-b74c0f2-6d43-n16-r8	8	c100	sample	2	2-SRR5935747	bases	569204188
20261008-155257-b74c0f2-6d43-n16-r8	8	c100	sample	2	2-SRR5935747	classified	2817388
20261008-155257-b74c0f2-6d43-n16-r8	8	c100	sample	2	2-SRR5935747	place	lpt
20261008-155257-b74c0f2-6d43-n16-r8	8	c100	sample	2	2-SRR5935747	weight	3036382
20261008-155257-b74c0f2-6d43-n16-r8	8	c100	phase			batch-barrier-2	2.685593
20261008-155257-b74c0f2-6d43-n16-r8	8	c100	phase			batch-barrier-2.start_s	158.189555
20261008-155257-b74c0f2-6d43-n16-r8	8	c100	engine.mem			t_s	165.0
20261008-155257-b74c0f2-6d43-n16-r8	8	c100	engine.mem			rss_kib	75431432
20261008-155257-b74c0f2-6d43-n16-r8	8	c100	engine.mem			hwm_kib	79690632
20261008-155257-b74c0f2-6d43-n16-r8	8	c100	engine.mem			heap_inuse	2814451712
20261008-155257-b74c0f2-6d43-n16-r8	8	c100	engine.mem			sys	7570112904
20261008-155257-b74c0f2-6d43-n16-r8	8	c100	engine.mem			avail_kib	17654632
20261008-155257-b74c0f2-6d43-n16-r8	8	c100	phase			barrier	0.941820
20261008-155257-b74c0f2-6d43-n16-r8	8	c100	phase			barrier.start_s	166.423870
20261008-155257-b74c0f2-6d43-n16-r8	8	c100	sample	3	3-SRR5935740	mode	striped
20261008-155257-b74c0f2-6d43-n16-r8	8	c100	sample	3	3-SRR5935740	s3client	sdk
20261008-155257-b74c0f2-6d43-n16-r8	8	c100	sample	3	3-SRR5935740	rank	8
20261008-155257-b74c0f2-6d43-n16-r8	8	c100	sample	3	3-SRR5935740	role	peer
20261008-155257-b74c0f2-6d43-n16-r8	8	c100	sample	3	3-SRR5935740	inflight	1
20261008-155257-b74c0f2-6d43-n16-r8	8	c100	sample	3	3-SRR5935740	threads	16
20261008-155257-b74c0f2-6d43-n16-r8	8	c100	sample	3	3-SRR5935740	start_s	161.801850
20261008-155257-b74c0f2-6d43-n16-r8	8	c100	sample	3	3-SRR5935740	wall_s	5.563870
20261008-155257-b74c0f2-6d43-n16-r8	8	c100	sample	3	3-SRR5935740	setup_s	0.000032
20261008-155257-b74c0f2-6d43-n16-r8	8	c100	sample	3	3-SRR5935740	classify_s	4.618676
20261008-155257-b74c0f2-6d43-n16-r8	8	c100	sample	3	3-SRR5935740	close_s	0.000000
20261008-155257-b74c0f2-6d43-n16-r8	8	c100	sample	3	3-SRR5935740	report_s	0.000000
20261008-155257-b74c0f2-6d43-n16-r8	8	c100	sample	3	3-SRR5935740	status	0
20261008-155257-b74c0f2-6d43-n16-r8	8	c100	sample	3	3-SRR5935740	sequences	0
20261008-155257-b74c0f2-6d43-n16-r8	8	c100	sample	3	3-SRR5935740	bases	0
20261008-155257-b74c0f2-6d43-n16-r8	8	c100	sample	3	3-SRR5935740	classified	0
20261008-155257-b74c0f2-6d43-n16-r8	8	c100	sample	3	3-SRR5935740	place	-
20261008-155257-b74c0f2-6d43-n16-r8	8	c100	sample	3	3-SRR5935740	weight	-
20261008-155257-b74c0f2-6d43-n16-r8	8	c100	phase			batch-barrier-3	0.605964
20261008-155257-b74c0f2-6d43-n16-r8	8	c100	phase			batch-barrier-3.start_s	167.365727
20261008-155257-b74c0f2-6d43-n16-r8	8	c100	phase			barrier	0.225225
20261008-155257-b74c0f2-6d43-n16-r8	8	c100	phase			barrier.start_s	173.327953
20261008-155257-b74c0f2-6d43-n16-r8	8	c100	sample	4	4-SRR5935740	mode	striped
20261008-155257-b74c0f2-6d43-n16-r8	8	c100	sample	4	4-SRR5935740	s3client	sdk
20261008-155257-b74c0f2-6d43-n16-r8	8	c100	sample	4	4-SRR5935740	rank	8
20261008-155257-b74c0f2-6d43-n16-r8	8	c100	sample	4	4-SRR5935740	role	peer
20261008-155257-b74c0f2-6d43-n16-r8	8	c100	sample	4	4-SRR5935740	inflight	1
20261008-155257-b74c0f2-6d43-n16-r8	8	c100	sample	4	4-SRR5935740	threads	16
20261008-155257-b74c0f2-6d43-n16-r8	8	c100	sample	4	4-SRR5935740	start_s	168.728397
20261008-155257-b74c0f2-6d43-n16-r8	8	c100	sample	4	4-SRR5935740	wall_s	4.824817
20261008-155257-b74c0f2-6d43-n16-r8	8	c100	sample	4	4-SRR5935740	setup_s	0.000030
20261008-155257-b74c0f2-6d43-n16-r8	8	c100	sample	4	4-SRR5935740	classify_s	4.596432
20261008-155257-b74c0f2-6d43-n16-r8	8	c100	sample	4	4-SRR5935740	close_s	0.000000
20261008-155257-b74c0f2-6d43-n16-r8	8	c100	sample	4	4-SRR5935740	report_s	0.000000
20261008-155257-b74c0f2-6d43-n16-r8	8	c100	sample	4	4-SRR5935740	status	0
20261008-155257-b74c0f2-6d43-n16-r8	8	c100	sample	4	4-SRR5935740	sequences	0
20261008-155257-b74c0f2-6d43-n16-r8	8	c100	sample	4	4-SRR5935740	bases	0
20261008-155257-b74c0f2-6d43-n16-r8	8	c100	sample	4	4-SRR5935740	classified	0
20261008-155257-b74c0f2-6d43-n16-r8	8	c100	sample	4	4-SRR5935740	place	-
20261008-155257-b74c0f2-6d43-n16-r8	8	c100	sample	4	4-SRR5935740	weight	-
20261008-155257-b74c0f2-6d43-n16-r8	8	c100	phase			batch-barrier-4	0.520165
20261008-155257-b74c0f2-6d43-n16-r8	8	c100	phase			batch-barrier-4.start_s	173.553221
20261008-155257-b74c0f2-6d43-n16-r8	8	c100	phase			barrier	0.141880
20261008-155257-b74c0f2-6d43-n16-r8	8	c100	phase			barrier.start_s	179.443056
20261008-155257-b74c0f2-6d43-n16-r8	8	c100	sample	5	5-SRR5935740	mode	striped
20261008-155257-b74c0f2-6d43-n16-r8	8	c100	sample	5	5-SRR5935740	s3client	sdk
20261008-155257-b74c0f2-6d43-n16-r8	8	c100	sample	5	5-SRR5935740	rank	8
20261008-155257-b74c0f2-6d43-n16-r8	8	c100	sample	5	5-SRR5935740	role	peer
20261008-155257-b74c0f2-6d43-n16-r8	8	c100	sample	5	5-SRR5935740	inflight	1
20261008-155257-b74c0f2-6d43-n16-r8	8	c100	sample	5	5-SRR5935740	threads	16
20261008-155257-b74c0f2-6d43-n16-r8	8	c100	sample	5	5-SRR5935740	start_s	174.828284
20261008-155257-b74c0f2-6d43-n16-r8	8	c100	sample	5	5-SRR5935740	wall_s	4.756690
20261008-155257-b74c0f2-6d43-n16-r8	8	c100	sample	5	5-SRR5935740	setup_s	0.000029
20261008-155257-b74c0f2-6d43-n16-r8	8	c100	sample	5	5-SRR5935740	classify_s	4.611612
20261008-155257-b74c0f2-6d43-n16-r8	8	c100	sample	5	5-SRR5935740	close_s	0.000000
20261008-155257-b74c0f2-6d43-n16-r8	8	c100	sample	5	5-SRR5935740	report_s	0.000000
20261008-155257-b74c0f2-6d43-n16-r8	8	c100	sample	5	5-SRR5935740	status	0
20261008-155257-b74c0f2-6d43-n16-r8	8	c100	sample	5	5-SRR5935740	sequences	0
20261008-155257-b74c0f2-6d43-n16-r8	8	c100	sample	5	5-SRR5935740	bases	0
20261008-155257-b74c0f2-6d43-n16-r8	8	c100	sample	5	5-SRR5935740	classified	0
20261008-155257-b74c0f2-6d43-n16-r8	8	c100	sample	5	5-SRR5935740	place	-
20261008-155257-b74c0f2-6d43-n16-r8	8	c100	sample	5	5-SRR5935740	weight	-
20261008-155257-b74c0f2-6d43-n16-r8	8	c100	engine.mem			t_s	180.0
20261008-155257-b74c0f2-6d43-n16-r8	8	c100	engine.mem			rss_kib	76285520
20261008-155257-b74c0f2-6d43-n16-r8	8	c100	engine.mem			hwm_kib	79690632
20261008-155257-b74c0f2-6d43-n16-r8	8	c100	engine.mem			heap_inuse	3735871488
20261008-155257-b74c0f2-6d43-n16-r8	8	c100	engine.mem			sys	7570112904
20261008-155257-b74c0f2-6d43-n16-r8	8	c100	engine.mem			avail_kib	18450956
20261008-155257-b74c0f2-6d43-n16-r8	8	c100	phase			batch-barrier-5	0.517948
20261008-155257-b74c0f2-6d43-n16-r8	8	c100	phase			batch-barrier-5.start_s	179.584983
20261008-155257-b74c0f2-6d43-n16-r8	8	c100	phase			batch-barrier-6	6.136357
20261008-155257-b74c0f2-6d43-n16-r8	8	c100	phase			batch-barrier-6.start_s	180.102941
20261008-155257-b74c0f2-6d43-n16-r8	8	c100	phase			batch-barrier-7	5.137265
20261008-155257-b74c0f2-6d43-n16-r8	8	c100	phase			batch-barrier-7.start_s	186.239315
20261008-155257-b74c0f2-6d43-n16-r8	8	c100	engine.mem			t_s	195.0
20261008-155257-b74c0f2-6d43-n16-r8	8	c100	engine.mem			rss_kib	76285932
20261008-155257-b74c0f2-6d43-n16-r8	8	c100	engine.mem			hwm_kib	79690632
20261008-155257-b74c0f2-6d43-n16-r8	8	c100	engine.mem			heap_inuse	3739017216
20261008-155257-b74c0f2-6d43-n16-r8	8	c100	engine.mem			sys	7570112904
20261008-155257-b74c0f2-6d43-n16-r8	8	c100	engine.mem			avail_kib	18783804
20261008-155257-b74c0f2-6d43-n16-r8	8	c100	phase			batch-barrier-8	6.195733
20261008-155257-b74c0f2-6d43-n16-r8	8	c100	phase			batch-barrier-8.start_s	191.376594
20261008-155257-b74c0f2-6d43-n16-r8	8	c100	engine.shard			index	0
20261008-155257-b74c0f2-6d43-n16-r8	8	c100	engine.shard			n	16
20261008-155257-b74c0f2-6d43-n16-r8	8	c100	engine.shard			lo	148636458971
20261008-155257-b74c0f2-6d43-n16-r8	8	c100	engine.shard			hi	167216016342
20261008-155257-b74c0f2-6d43-n16-r8	8	c100	engine.shard			tail	302
20261008-155257-b74c0f2-6d43-n16-r8	8	c100	engine.shard			full	false
20261008-155257-b74c0f2-6d43-n16-r8	8	c100	engine.shard			empty_at	18579557372
20261008-155257-b74c0f2-6d43-n16-r8	8	c100	engine.shard			keys	8480894883
20261008-155257-b74c0f2-6d43-n16-r8	8	c100	engine.shard			batches	89910
20261008-155257-b74c0f2-6d43-n16-r8	8	c100	engine.shard			probe_s	161.560512
20261008-155257-b74c0f2-6d43-n16-r8	8	c100	engine.shard			tail_probes	0
20261008-155257-b74c0f2-6d43-n16-r8	8	c100	engine.shard			wrap_probes	0
20261008-155257-b74c0f2-6d43-n16-r8	8	c100	engine.mem			t_s	197.6
20261008-155257-b74c0f2-6d43-n16-r8	8	c100	engine.mem			rss_kib	76285984
20261008-155257-b74c0f2-6d43-n16-r8	8	c100	engine.mem			hwm_kib	79690632
20261008-155257-b74c0f2-6d43-n16-r8	8	c100	engine.mem			heap_inuse	3739090944
20261008-155257-b74c0f2-6d43-n16-r8	8	c100	engine.mem			sys	7570112904
20261008-155257-b74c0f2-6d43-n16-r8	8	c100	engine.mem			avail_kib	18824536
20261008-155257-b74c0f2-6d43-n16-r8	8	c100	engine.rendezvous			puts	13
20261008-155257-b74c0f2-6d43-n16-r8	8	c100	engine.rendezvous			gets	516
20261008-155257-b74c0f2-6d43-n16-r8	8	c100	engine.s3			client	sdk
20261008-155257-b74c0f2-6d43-n16-r8	8	c100	engine.s3			put	31
20261008-155257-b74c0f2-6d43-n16-r8	8	c100	engine.s3			get	516
20261008-155257-b74c0f2-6d43-n16-r8	8	c100	engine.s3			create_multipart	18
20261008-155257-b74c0f2-6d43-n16-r8	8	c100	engine.s3			upload_part	2148
20261008-155257-b74c0f2-6d43-n16-r8	8	c100	engine.s3			complete_multipart	18
20261008-155257-b74c0f2-6d43-n16-r8	8	c100	engine.s3			abort_multipart	0
20261008-155257-b74c0f2-6d43-n16-r8	8	c100	engine.s3			part_bytes	17957403705
20261008-155257-b74c0f2-6d43-n16-r8	8	c100	engine.s3			client	cli
20261008-155257-b74c0f2-6d43-n16-r8	8	c100	engine.s3			put	0
20261008-155257-b74c0f2-6d43-n16-r8	8	c100	engine.s3			get	0
20261008-155257-b74c0f2-6d43-n16-r8	8	c100	engine.s3			create_multipart	0
20261008-155257-b74c0f2-6d43-n16-r8	8	c100	engine.s3			upload_part	0
20261008-155257-b74c0f2-6d43-n16-r8	8	c100	engine.s3			complete_multipart	0
20261008-155257-b74c0f2-6d43-n16-r8	8	c100	engine.s3			abort_multipart	0
20261008-155257-b74c0f2-6d43-n16-r8	8	c100	engine.s3			part_bytes	0
20261008-155257-b74c0f2-6d43-n16-r8	8	c100	engine.load			seconds	25.216428
20261008-155257-b74c0f2-6d43-n16-r8	8	c100	engine.load			requests	1126
20261008-155257-b74c0f2-6d43-n16-r8	8	c100	engine.load			retries	0
20261008-155257-b74c0f2-6d43-n16-r8	8	c100	engine.load			bytes	74318296292
20261008-155257-b74c0f2-6d43-n16-r8	8	c100	engine.route			transport	nodes
20261008-155257-b74c0f2-6d43-n16-r8	8	c100	engine.route			calls	5383
20261008-155257-b74c0f2-6d43-n16-r8	8	c100	engine.route			keys	8095663616
20261008-155257-b74c0f2-6d43-n16-r8	8	c100	engine.route			batches	86128
20261008-155257-b74c0f2-6d43-n16-r8	8	c100	engine.route			route_s	54.589305
20261008-155257-b74c0f2-6d43-n16-r8	8	c100	engine.route			wait_s	44.617579
20261008-155257-b74c0f2-6d43-n16-r8	8	c100	engine.route			gather_s	11.784176
20261008-155257-b74c0f2-6d43-n16-r8	8	c100	engine.worker			scan_s	412.467130
20261008-155257-b74c0f2-6d43-n16-r8	8	c100	engine.worker			lookup_s	110.992847
20261008-155257-b74c0f2-6d43-n16-r8	8	c100	engine.worker			classify_s	351.746734
20261008-155257-b74c0f2-6d43-n16-r8	8	c100	phase			total	197.676712
20261008-155257-b74c0f2-6d43-n16-r8	8	c100	phase			total.start_s	0.000000
20261008-155257-b74c0f2-6d43-n16-r9	9	c100	phase			taxo	0.074107
20261008-155257-b74c0f2-6d43-n16-r9	9	c100	phase			taxo.start_s	0.002543
20261008-155257-b74c0f2-6d43-n16-r9	9	c100	engine.mem			t_s	15.0
20261008-155257-b74c0f2-6d43-n16-r9	9	c100	engine.mem			rss_kib	43626876
20261008-155257-b74c0f2-6d43-n16-r9	9	c100	engine.mem			hwm_kib	43626876
20261008-155257-b74c0f2-6d43-n16-r9	9	c100	engine.mem			heap_inuse	404103168
20261008-155257-b74c0f2-6d43-n16-r9	9	c100	engine.mem			sys	433510760
20261008-155257-b74c0f2-6d43-n16-r9	9	c100	engine.mem			avail_kib	51034996
20261008-155257-b74c0f2-6d43-n16-r9	9	c100	phase			shard-load-9	25.140130
20261008-155257-b74c0f2-6d43-n16-r9	9	c100	phase			shard-load-9.start_s	0.145647
20261008-155257-b74c0f2-6d43-n16-r9	9	c100	engine.mem			t_s	30.0
20261008-155257-b74c0f2-6d43-n16-r9	9	c100	engine.mem			rss_kib	72975876
20261008-155257-b74c0f2-6d43-n16-r9	9	c100	engine.mem			hwm_kib	72975880
20261008-155257-b74c0f2-6d43-n16-r9	9	c100	engine.mem			heap_inuse	408059904
20261008-155257-b74c0f2-6d43-n16-r9	9	c100	engine.mem			sys	433772904
20261008-155257-b74c0f2-6d43-n16-r9	9	c100	engine.mem			avail_kib	21868276
20261008-155257-b74c0f2-6d43-n16-r9	9	c100	phase			rendezvous	9.311451
20261008-155257-b74c0f2-6d43-n16-r9	9	c100	phase			rendezvous.start_s	25.724443
20261008-155257-b74c0f2-6d43-n16-r9	9	c100	phase			connect	0.028430
20261008-155257-b74c0f2-6d43-n16-r9	9	c100	phase			connect.start_s	35.035903
20261008-155257-b74c0f2-6d43-n16-r9	9	c100	phase			hash	34.987677
20261008-155257-b74c0f2-6d43-n16-r9	9	c100	phase			hash.start_s	0.076665
20261008-155257-b74c0f2-6d43-n16-r9	9	c100	sample	0	0-SRR5935807	mode	parallel
20261008-155257-b74c0f2-6d43-n16-r9	9	c100	sample	0	0-SRR5935807	s3client	sdk
20261008-155257-b74c0f2-6d43-n16-r9	9	c100	sample	0	0-SRR5935807	rank	9
20261008-155257-b74c0f2-6d43-n16-r9	9	c100	sample	0	0-SRR5935807	role	home
20261008-155257-b74c0f2-6d43-n16-r9	9	c100	sample	0	0-SRR5935807	inflight	1
20261008-155257-b74c0f2-6d43-n16-r9	9	c100	sample	0	0-SRR5935807	threads	16
20261008-155257-b74c0f2-6d43-n16-r9	9	c100	sample	0	0-SRR5935807	start_s	35.064365
20261008-155257-b74c0f2-6d43-n16-r9	9	c100	sample	0	0-SRR5935807	wall_s	7.877688
20261008-155257-b74c0f2-6d43-n16-r9	9	c100	sample	0	0-SRR5935807	setup_s	0.000029
20261008-155257-b74c0f2-6d43-n16-r9	9	c100	sample	0	0-SRR5935807	classify_s	7.369111
20261008-155257-b74c0f2-6d43-n16-r9	9	c100	sample	0	0-SRR5935807	close_s	0.356630
20261008-155257-b74c0f2-6d43-n16-r9	9	c100	sample	0	0-SRR5935807	report_s	0.138905
20261008-155257-b74c0f2-6d43-n16-r9	9	c100	sample	0	0-SRR5935807	status	0
20261008-155257-b74c0f2-6d43-n16-r9	9	c100	sample	0	0-SRR5935807	sequences	16708997
20261008-155257-b74c0f2-6d43-n16-r9	9	c100	sample	0	0-SRR5935807	bases	3043023590
20261008-155257-b74c0f2-6d43-n16-r9	9	c100	sample	0	0-SRR5935807	classified	15000245
20261008-155257-b74c0f2-6d43-n16-r9	9	c100	sample	0	0-SRR5935807	place	lpt
20261008-155257-b74c0f2-6d43-n16-r9	9	c100	sample	0	0-SRR5935807	weight	16708997
20261008-155257-b74c0f2-6d43-n16-r9	9	c100	engine.mem			t_s	45.0
20261008-155257-b74c0f2-6d43-n16-r9	9	c100	engine.mem			rss_kib	78468096
20261008-155257-b74c0f2-6d43-n16-r9	9	c100	engine.mem			hwm_kib	78468096
20261008-155257-b74c0f2-6d43-n16-r9	9	c100	engine.mem			heap_inuse	5460787200
20261008-155257-b74c0f2-6d43-n16-r9	9	c100	engine.mem			sys	6091657256
20261008-155257-b74c0f2-6d43-n16-r9	9	c100	engine.mem			avail_kib	16924804
20261008-155257-b74c0f2-6d43-n16-r9	9	c100	sample	0	0-SRR5935800	mode	parallel
20261008-155257-b74c0f2-6d43-n16-r9	9	c100	sample	0	0-SRR5935800	s3client	sdk
20261008-155257-b74c0f2-6d43-n16-r9	9	c100	sample	0	0-SRR5935800	rank	9
20261008-155257-b74c0f2-6d43-n16-r9	9	c100	sample	0	0-SRR5935800	role	home
20261008-155257-b74c0f2-6d43-n16-r9	9	c100	sample	0	0-SRR5935800	inflight	1
20261008-155257-b74c0f2-6d43-n16-r9	9	c100	sample	0	0-SRR5935800	threads	16
20261008-155257-b74c0f2-6d43-n16-r9	9	c100	sample	0	0-SRR5935800	start_s	42.942066
20261008-155257-b74c0f2-6d43-n16-r9	9	c100	sample	0	0-SRR5935800	wall_s	7.690649
20261008-155257-b74c0f2-6d43-n16-r9	9	c100	sample	0	0-SRR5935800	setup_s	0.000037
20261008-155257-b74c0f2-6d43-n16-r9	9	c100	sample	0	0-SRR5935800	classify_s	7.284746
20261008-155257-b74c0f2-6d43-n16-r9	9	c100	sample	0	0-SRR5935800	close_s	0.243914
20261008-155257-b74c0f2-6d43-n16-r9	9	c100	sample	0	0-SRR5935800	report_s	0.156173
20261008-155257-b74c0f2-6d43-n16-r9	9	c100	sample	0	0-SRR5935800	status	0
20261008-155257-b74c0f2-6d43-n16-r9	9	c100	sample	0	0-SRR5935800	sequences	15080696
20261008-155257-b74c0f2-6d43-n16-r9	9	c100	sample	0	0-SRR5935800	bases	2770846238
20261008-155257-b74c0f2-6d43-n16-r9	9	c100	sample	0	0-SRR5935800	classified	14478381
20261008-155257-b74c0f2-6d43-n16-r9	9	c100	sample	0	0-SRR5935800	place	lpt
20261008-155257-b74c0f2-6d43-n16-r9	9	c100	sample	0	0-SRR5935800	weight	15080696
20261008-155257-b74c0f2-6d43-n16-r9	9	c100	sample	0	0-SRR5935775	mode	parallel
20261008-155257-b74c0f2-6d43-n16-r9	9	c100	sample	0	0-SRR5935775	s3client	sdk
20261008-155257-b74c0f2-6d43-n16-r9	9	c100	sample	0	0-SRR5935775	rank	9
20261008-155257-b74c0f2-6d43-n16-r9	9	c100	sample	0	0-SRR5935775	role	home
20261008-155257-b74c0f2-6d43-n16-r9	9	c100	sample	0	0-SRR5935775	inflight	1
20261008-155257-b74c0f2-6d43-n16-r9	9	c100	sample	0	0-SRR5935775	threads	16
20261008-155257-b74c0f2-6d43-n16-r9	9	c100	sample	0	0-SRR5935775	start_s	50.632729
20261008-155257-b74c0f2-6d43-n16-r9	9	c100	sample	0	0-SRR5935775	wall_s	6.392217
20261008-155257-b74c0f2-6d43-n16-r9	9	c100	sample	0	0-SRR5935775	setup_s	0.000039
20261008-155257-b74c0f2-6d43-n16-r9	9	c100	sample	0	0-SRR5935775	classify_s	5.835814
20261008-155257-b74c0f2-6d43-n16-r9	9	c100	sample	0	0-SRR5935775	close_s	0.325937
20261008-155257-b74c0f2-6d43-n16-r9	9	c100	sample	0	0-SRR5935775	report_s	0.226481
20261008-155257-b74c0f2-6d43-n16-r9	9	c100	sample	0	0-SRR5935775	status	0
20261008-155257-b74c0f2-6d43-n16-r9	9	c100	sample	0	0-SRR5935775	sequences	13010149
20261008-155257-b74c0f2-6d43-n16-r9	9	c100	sample	0	0-SRR5935775	bases	2394732661
20261008-155257-b74c0f2-6d43-n16-r9	9	c100	sample	0	0-SRR5935775	classified	12910203
20261008-155257-b74c0f2-6d43-n16-r9	9	c100	sample	0	0-SRR5935775	place	lpt
20261008-155257-b74c0f2-6d43-n16-r9	9	c100	sample	0	0-SRR5935775	weight	13010149
20261008-155257-b74c0f2-6d43-n16-r9	9	c100	engine.mem			t_s	60.0
20261008-155257-b74c0f2-6d43-n16-r9	9	c100	engine.mem			rss_kib	79060696
20261008-155257-b74c0f2-6d43-n16-r9	9	c100	engine.mem			hwm_kib	79231264
20261008-155257-b74c0f2-6d43-n16-r9	9	c100	engine.mem			heap_inuse	4579426304
20261008-155257-b74c0f2-6d43-n16-r9	9	c100	engine.mem			sys	6946644216
20261008-155257-b74c0f2-6d43-n16-r9	9	c100	engine.mem			avail_kib	16197636
20261008-155257-b74c0f2-6d43-n16-r9	9	c100	sample	0	0-SRR5935792	mode	parallel
20261008-155257-b74c0f2-6d43-n16-r9	9	c100	sample	0	0-SRR5935792	s3client	sdk
20261008-155257-b74c0f2-6d43-n16-r9	9	c100	sample	0	0-SRR5935792	rank	9
20261008-155257-b74c0f2-6d43-n16-r9	9	c100	sample	0	0-SRR5935792	role	home
20261008-155257-b74c0f2-6d43-n16-r9	9	c100	sample	0	0-SRR5935792	inflight	1
20261008-155257-b74c0f2-6d43-n16-r9	9	c100	sample	0	0-SRR5935792	threads	16
20261008-155257-b74c0f2-6d43-n16-r9	9	c100	sample	0	0-SRR5935792	start_s	57.024963
20261008-155257-b74c0f2-6d43-n16-r9	9	c100	sample	0	0-SRR5935792	wall_s	5.505957
20261008-155257-b74c0f2-6d43-n16-r9	9	c100	sample	0	0-SRR5935792	setup_s	0.000046
20261008-155257-b74c0f2-6d43-n16-r9	9	c100	sample	0	0-SRR5935792	classify_s	5.106691
20261008-155257-b74c0f2-6d43-n16-r9	9	c100	sample	0	0-SRR5935792	close_s	0.232600
20261008-155257-b74c0f2-6d43-n16-r9	9	c100	sample	0	0-SRR5935792	report_s	0.160438
20261008-155257-b74c0f2-6d43-n16-r9	9	c100	sample	0	0-SRR5935792	status	0
20261008-155257-b74c0f2-6d43-n16-r9	9	c100	sample	0	0-SRR5935792	sequences	11437813
20261008-155257-b74c0f2-6d43-n16-r9	9	c100	sample	0	0-SRR5935792	bases	2096182336
20261008-155257-b74c0f2-6d43-n16-r9	9	c100	sample	0	0-SRR5935792	classified	10922134
20261008-155257-b74c0f2-6d43-n16-r9	9	c100	sample	0	0-SRR5935792	place	lpt
20261008-155257-b74c0f2-6d43-n16-r9	9	c100	sample	0	0-SRR5935792	weight	11437813
20261008-155257-b74c0f2-6d43-n16-r9	9	c100	sample	0	0-SRR5935824	mode	parallel
20261008-155257-b74c0f2-6d43-n16-r9	9	c100	sample	0	0-SRR5935824	s3client	sdk
20261008-155257-b74c0f2-6d43-n16-r9	9	c100	sample	0	0-SRR5935824	rank	9
20261008-155257-b74c0f2-6d43-n16-r9	9	c100	sample	0	0-SRR5935824	role	home
20261008-155257-b74c0f2-6d43-n16-r9	9	c100	sample	0	0-SRR5935824	inflight	1
20261008-155257-b74c0f2-6d43-n16-r9	9	c100	sample	0	0-SRR5935824	threads	16
20261008-155257-b74c0f2-6d43-n16-r9	9	c100	sample	0	0-SRR5935824	start_s	62.530933
20261008-155257-b74c0f2-6d43-n16-r9	9	c100	sample	0	0-SRR5935824	wall_s	4.567133
20261008-155257-b74c0f2-6d43-n16-r9	9	c100	sample	0	0-SRR5935824	setup_s	0.000049
20261008-155257-b74c0f2-6d43-n16-r9	9	c100	sample	0	0-SRR5935824	classify_s	4.126567
20261008-155257-b74c0f2-6d43-n16-r9	9	c100	sample	0	0-SRR5935824	close_s	0.229827
20261008-155257-b74c0f2-6d43-n16-r9	9	c100	sample	0	0-SRR5935824	report_s	0.204566
20261008-155257-b74c0f2-6d43-n16-r9	9	c100	sample	0	0-SRR5935824	status	0
20261008-155257-b74c0f2-6d43-n16-r9	9	c100	sample	0	0-SRR5935824	sequences	8745078
20261008-155257-b74c0f2-6d43-n16-r9	9	c100	sample	0	0-SRR5935824	bases	1626833325
20261008-155257-b74c0f2-6d43-n16-r9	9	c100	sample	0	0-SRR5935824	classified	8520266
20261008-155257-b74c0f2-6d43-n16-r9	9	c100	sample	0	0-SRR5935824	place	lpt
20261008-155257-b74c0f2-6d43-n16-r9	9	c100	sample	0	0-SRR5935824	weight	8745078
20261008-155257-b74c0f2-6d43-n16-r9	9	c100	sample	0	0-SRR5935750	mode	parallel
20261008-155257-b74c0f2-6d43-n16-r9	9	c100	sample	0	0-SRR5935750	s3client	sdk
20261008-155257-b74c0f2-6d43-n16-r9	9	c100	sample	0	0-SRR5935750	rank	9
20261008-155257-b74c0f2-6d43-n16-r9	9	c100	sample	0	0-SRR5935750	role	home
20261008-155257-b74c0f2-6d43-n16-r9	9	c100	sample	0	0-SRR5935750	inflight	1
20261008-155257-b74c0f2-6d43-n16-r9	9	c100	sample	0	0-SRR5935750	threads	16
20261008-155257-b74c0f2-6d43-n16-r9	9	c100	sample	0	0-SRR5935750	start_s	67.098079
20261008-155257-b74c0f2-6d43-n16-r9	9	c100	sample	0	0-SRR5935750	wall_s	3.679093
20261008-155257-b74c0f2-6d43-n16-r9	9	c100	sample	0	0-SRR5935750	setup_s	0.000056
20261008-155257-b74c0f2-6d43-n16-r9	9	c100	sample	0	0-SRR5935750	classify_s	3.244966
20261008-155257-b74c0f2-6d43-n16-r9	9	c100	sample	0	0-SRR5935750	close_s	0.228551
20261008-155257-b74c0f2-6d43-n16-r9	9	c100	sample	0	0-SRR5935750	report_s	0.201171
20261008-155257-b74c0f2-6d43-n16-r9	9	c100	sample	0	0-SRR5935750	status	0
20261008-155257-b74c0f2-6d43-n16-r9	9	c100	sample	0	0-SRR5935750	sequences	6552107
20261008-155257-b74c0f2-6d43-n16-r9	9	c100	sample	0	0-SRR5935750	bases	1182796919
20261008-155257-b74c0f2-6d43-n16-r9	9	c100	sample	0	0-SRR5935750	classified	6331866
20261008-155257-b74c0f2-6d43-n16-r9	9	c100	sample	0	0-SRR5935750	place	lpt
20261008-155257-b74c0f2-6d43-n16-r9	9	c100	sample	0	0-SRR5935750	weight	6552107
20261008-155257-b74c0f2-6d43-n16-r9	9	c100	phase			batch-barrier-0	1.292490
20261008-155257-b74c0f2-6d43-n16-r9	9	c100	phase			batch-barrier-0.start_s	70.777184
20261008-155257-b74c0f2-6d43-n16-r9	9	c100	engine.mem			t_s	75.0
20261008-155257-b74c0f2-6d43-n16-r9	9	c100	engine.mem			rss_kib	78435516
20261008-155257-b74c0f2-6d43-n16-r9	9	c100	engine.mem			hwm_kib	79534684
20261008-155257-b74c0f2-6d43-n16-r9	9	c100	engine.mem			heap_inuse	4038311936
20261008-155257-b74c0f2-6d43-n16-r9	9	c100	engine.mem			sys	7341519176
20261008-155257-b74c0f2-6d43-n16-r9	9	c100	engine.mem			avail_kib	16140888
20261008-155257-b74c0f2-6d43-n16-r9	9	c100	sample	1	1-SRR5935749	mode	parallel
20261008-155257-b74c0f2-6d43-n16-r9	9	c100	sample	1	1-SRR5935749	s3client	sdk
20261008-155257-b74c0f2-6d43-n16-r9	9	c100	sample	1	1-SRR5935749	rank	9
20261008-155257-b74c0f2-6d43-n16-r9	9	c100	sample	1	1-SRR5935749	role	home
20261008-155257-b74c0f2-6d43-n16-r9	9	c100	sample	1	1-SRR5935749	inflight	1
20261008-155257-b74c0f2-6d43-n16-r9	9	c100	sample	1	1-SRR5935749	threads	16
20261008-155257-b74c0f2-6d43-n16-r9	9	c100	sample	1	1-SRR5935749	start_s	72.069695
20261008-155257-b74c0f2-6d43-n16-r9	9	c100	sample	1	1-SRR5935749	wall_s	8.866707
20261008-155257-b74c0f2-6d43-n16-r9	9	c100	sample	1	1-SRR5935749	setup_s	0.000035
20261008-155257-b74c0f2-6d43-n16-r9	9	c100	sample	1	1-SRR5935749	classify_s	8.514895
20261008-155257-b74c0f2-6d43-n16-r9	9	c100	sample	1	1-SRR5935749	close_s	0.219103
20261008-155257-b74c0f2-6d43-n16-r9	9	c100	sample	1	1-SRR5935749	report_s	0.127375
20261008-155257-b74c0f2-6d43-n16-r9	9	c100	sample	1	1-SRR5935749	status	0
20261008-155257-b74c0f2-6d43-n16-r9	9	c100	sample	1	1-SRR5935749	sequences	18879904
20261008-155257-b74c0f2-6d43-n16-r9	9	c100	sample	1	1-SRR5935749	bases	3539135454
20261008-155257-b74c0f2-6d43-n16-r9	9	c100	sample	1	1-SRR5935749	classified	18627146
20261008-155257-b74c0f2-6d43-n16-r9	9	c100	sample	1	1-SRR5935749	place	mod
20261008-155257-b74c0f2-6d43-n16-r9	9	c100	sample	1	1-SRR5935749	weight	18879904
20261008-155257-b74c0f2-6d43-n16-r9	9	c100	sample	1	1-SRR5935765	mode	parallel
20261008-155257-b74c0f2-6d43-n16-r9	9	c100	sample	1	1-SRR5935765	s3client	sdk
20261008-155257-b74c0f2-6d43-n16-r9	9	c100	sample	1	1-SRR5935765	rank	9
20261008-155257-b74c0f2-6d43-n16-r9	9	c100	sample	1	1-SRR5935765	role	home
20261008-155257-b74c0f2-6d43-n16-r9	9	c100	sample	1	1-SRR5935765	inflight	1
20261008-155257-b74c0f2-6d43-n16-r9	9	c100	sample	1	1-SRR5935765	threads	16
20261008-155257-b74c0f2-6d43-n16-r9	9	c100	sample	1	1-SRR5935765	start_s	80.936415
20261008-155257-b74c0f2-6d43-n16-r9	9	c100	sample	1	1-SRR5935765	wall_s	5.368206
20261008-155257-b74c0f2-6d43-n16-r9	9	c100	sample	1	1-SRR5935765	setup_s	0.000047
20261008-155257-b74c0f2-6d43-n16-r9	9	c100	sample	1	1-SRR5935765	classify_s	4.962770
20261008-155257-b74c0f2-6d43-n16-r9	9	c100	sample	1	1-SRR5935765	close_s	0.245407
20261008-155257-b74c0f2-6d43-n16-r9	9	c100	sample	1	1-SRR5935765	report_s	0.155655
20261008-155257-b74c0f2-6d43-n16-r9	9	c100	sample	1	1-SRR5935765	status	0
20261008-155257-b74c0f2-6d43-n16-r9	9	c100	sample	1	1-SRR5935765	sequences	10590116
20261008-155257-b74c0f2-6d43-n16-r9	9	c100	sample	1	1-SRR5935765	bases	1935908855
20261008-155257-b74c0f2-6d43-n16-r9	9	c100	sample	1	1-SRR5935765	classified	10426493
20261008-155257-b74c0f2-6d43-n16-r9	9	c100	sample	1	1-SRR5935765	place	mod
20261008-155257-b74c0f2-6d43-n16-r9	9	c100	sample	1	1-SRR5935765	weight	10590116
20261008-155257-b74c0f2-6d43-n16-r9	9	c100	engine.mem			t_s	90.0
20261008-155257-b74c0f2-6d43-n16-r9	9	c100	engine.mem			rss_kib	79025324
20261008-155257-b74c0f2-6d43-n16-r9	9	c100	engine.mem			hwm_kib	79534684
20261008-155257-b74c0f2-6d43-n16-r9	9	c100	engine.mem			heap_inuse	3935150080
20261008-155257-b74c0f2-6d43-n16-r9	9	c100	engine.mem			sys	7341551944
20261008-155257-b74c0f2-6d43-n16-r9	9	c100	engine.mem			avail_kib	15890416
20261008-155257-b74c0f2-6d43-n16-r9	9	c100	sample	1	1-SRR5935781	mode	parallel
20261008-155257-b74c0f2-6d43-n16-r9	9	c100	sample	1	1-SRR5935781	s3client	sdk
20261008-155257-b74c0f2-6d43-n16-r9	9	c100	sample	1	1-SRR5935781	rank	9
20261008-155257-b74c0f2-6d43-n16-r9	9	c100	sample	1	1-SRR5935781	role	home
20261008-155257-b74c0f2-6d43-n16-r9	9	c100	sample	1	1-SRR5935781	inflight	1
20261008-155257-b74c0f2-6d43-n16-r9	9	c100	sample	1	1-SRR5935781	threads	16
20261008-155257-b74c0f2-6d43-n16-r9	9	c100	sample	1	1-SRR5935781	start_s	86.304637
20261008-155257-b74c0f2-6d43-n16-r9	9	c100	sample	1	1-SRR5935781	wall_s	4.566473
20261008-155257-b74c0f2-6d43-n16-r9	9	c100	sample	1	1-SRR5935781	setup_s	0.000048
20261008-155257-b74c0f2-6d43-n16-r9	9	c100	sample	1	1-SRR5935781	classify_s	4.115616
20261008-155257-b74c0f2-6d43-n16-r9	9	c100	sample	1	1-SRR5935781	close_s	0.275433
20261008-155257-b74c0f2-6d43-n16-r9	9	c100	sample	1	1-SRR5935781	report_s	0.171460
20261008-155257-b74c0f2-6d43-n16-r9	9	c100	sample	1	1-SRR5935781	status	0
20261008-155257-b74c0f2-6d43-n16-r9	9	c100	sample	1	1-SRR5935781	sequences	8486948
20261008-155257-b74c0f2-6d43-n16-r9	9	c100	sample	1	1-SRR5935781	bases	1613121343
20261008-155257-b74c0f2-6d43-n16-r9	9	c100	sample	1	1-SRR5935781	classified	8270605
20261008-155257-b74c0f2-6d43-n16-r9	9	c100	sample	1	1-SRR5935781	place	mod
20261008-155257-b74c0f2-6d43-n16-r9	9	c100	sample	1	1-SRR5935781	weight	8486948
20261008-155257-b74c0f2-6d43-n16-r9	9	c100	sample	1	1-SRR5935797	mode	parallel
20261008-155257-b74c0f2-6d43-n16-r9	9	c100	sample	1	1-SRR5935797	s3client	sdk
20261008-155257-b74c0f2-6d43-n16-r9	9	c100	sample	1	1-SRR5935797	rank	9
20261008-155257-b74c0f2-6d43-n16-r9	9	c100	sample	1	1-SRR5935797	role	home
20261008-155257-b74c0f2-6d43-n16-r9	9	c100	sample	1	1-SRR5935797	inflight	1
20261008-155257-b74c0f2-6d43-n16-r9	9	c100	sample	1	1-SRR5935797	threads	16
20261008-155257-b74c0f2-6d43-n16-r9	9	c100	sample	1	1-SRR5935797	start_s	90.871138
20261008-155257-b74c0f2-6d43-n16-r9	9	c100	sample	1	1-SRR5935797	wall_s	4.529202
20261008-155257-b74c0f2-6d43-n16-r9	9	c100	sample	1	1-SRR5935797	setup_s	0.000043
20261008-155257-b74c0f2-6d43-n16-r9	9	c100	sample	1	1-SRR5935797	classify_s	4.127917
20261008-155257-b74c0f2-6d43-n16-r9	9	c100	sample	1	1-SRR5935797	close_s	0.256141
20261008-155257-b74c0f2-6d43-n16-r9	9	c100	sample	1	1-SRR5935797	report_s	0.138641
20261008-155257-b74c0f2-6d43-n16-r9	9	c100	sample	1	1-SRR5935797	status	0
20261008-155257-b74c0f2-6d43-n16-r9	9	c100	sample	1	1-SRR5935797	sequences	8439357
20261008-155257-b74c0f2-6d43-n16-r9	9	c100	sample	1	1-SRR5935797	bases	1550811438
20261008-155257-b74c0f2-6d43-n16-r9	9	c100	sample	1	1-SRR5935797	classified	8138623
20261008-155257-b74c0f2-6d43-n16-r9	9	c100	sample	1	1-SRR5935797	place	mod
20261008-155257-b74c0f2-6d43-n16-r9	9	c100	sample	1	1-SRR5935797	weight	8439357
20261008-155257-b74c0f2-6d43-n16-r9	9	c100	sample	1	1-SRR5935813	mode	parallel
20261008-155257-b74c0f2-6d43-n16-r9	9	c100	sample	1	1-SRR5935813	s3client	sdk
20261008-155257-b74c0f2-6d43-n16-r9	9	c100	sample	1	1-SRR5935813	rank	9
20261008-155257-b74c0f2-6d43-n16-r9	9	c100	sample	1	1-SRR5935813	role	home
20261008-155257-b74c0f2-6d43-n16-r9	9	c100	sample	1	1-SRR5935813	inflight	1
20261008-155257-b74c0f2-6d43-n16-r9	9	c100	sample	1	1-SRR5935813	threads	16
20261008-155257-b74c0f2-6d43-n16-r9	9	c100	sample	1	1-SRR5935813	start_s	95.400355
20261008-155257-b74c0f2-6d43-n16-r9	9	c100	sample	1	1-SRR5935813	wall_s	8.306422
20261008-155257-b74c0f2-6d43-n16-r9	9	c100	sample	1	1-SRR5935813	setup_s	0.000041
20261008-155257-b74c0f2-6d43-n16-r9	9	c100	sample	1	1-SRR5935813	classify_s	7.938265
20261008-155257-b74c0f2-6d43-n16-r9	9	c100	sample	1	1-SRR5935813	close_s	0.230580
20261008-155257-b74c0f2-6d43-n16-r9	9	c100	sample	1	1-SRR5935813	report_s	0.127352
20261008-155257-b74c0f2-6d43-n16-r9	9	c100	sample	1	1-SRR5935813	status	0
20261008-155257-b74c0f2-6d43-n16-r9	9	c100	sample	1	1-SRR5935813	sequences	16980616
20261008-155257-b74c0f2-6d43-n16-r9	9	c100	sample	1	1-SRR5935813	bases	3155638888
20261008-155257-b74c0f2-6d43-n16-r9	9	c100	sample	1	1-SRR5935813	classified	16106690
20261008-155257-b74c0f2-6d43-n16-r9	9	c100	sample	1	1-SRR5935813	place	mod
20261008-155257-b74c0f2-6d43-n16-r9	9	c100	sample	1	1-SRR5935813	weight	16980616
20261008-155257-b74c0f2-6d43-n16-r9	9	c100	engine.mem			t_s	105.0
20261008-155257-b74c0f2-6d43-n16-r9	9	c100	engine.mem			rss_kib	78254384
20261008-155257-b74c0f2-6d43-n16-r9	9	c100	engine.mem			hwm_kib	79534684
20261008-155257-b74c0f2-6d43-n16-r9	9	c100	engine.mem			heap_inuse	3322806272
20261008-155257-b74c0f2-6d43-n16-r9	9	c100	engine.mem			sys	7341551944
20261008-155257-b74c0f2-6d43-n16-r9	9	c100	engine.mem			avail_kib	16128468
20261008-155257-b74c0f2-6d43-n16-r9	9	c100	sample	1	1-SRR5935829	mode	parallel
20261008-155257-b74c0f2-6d43-n16-r9	9	c100	sample	1	1-SRR5935829	s3client	sdk
20261008-155257-b74c0f2-6d43-n16-r9	9	c100	sample	1	1-SRR5935829	rank	9
20261008-155257-b74c0f2-6d43-n16-r9	9	c100	sample	1	1-SRR5935829	role	home
20261008-155257-b74c0f2-6d43-n16-r9	9	c100	sample	1	1-SRR5935829	inflight	1
20261008-155257-b74c0f2-6d43-n16-r9	9	c100	sample	1	1-SRR5935829	threads	16
20261008-155257-b74c0f2-6d43-n16-r9	9	c100	sample	1	1-SRR5935829	start_s	103.706790
20261008-155257-b74c0f2-6d43-n16-r9	9	c100	sample	1	1-SRR5935829	wall_s	5.603681
20261008-155257-b74c0f2-6d43-n16-r9	9	c100	sample	1	1-SRR5935829	setup_s	0.000040
20261008-155257-b74c0f2-6d43-n16-r9	9	c100	sample	1	1-SRR5935829	classify_s	5.121240
20261008-155257-b74c0f2-6d43-n16-r9	9	c100	sample	1	1-SRR5935829	close_s	0.338129
20261008-155257-b74c0f2-6d43-n16-r9	9	c100	sample	1	1-SRR5935829	report_s	0.134976
20261008-155257-b74c0f2-6d43-n16-r9	9	c100	sample	1	1-SRR5935829	status	0
20261008-155257-b74c0f2-6d43-n16-r9	9	c100	sample	1	1-SRR5935829	sequences	11220767
20261008-155257-b74c0f2-6d43-n16-r9	9	c100	sample	1	1-SRR5935829	bases	2068350513
20261008-155257-b74c0f2-6d43-n16-r9	9	c100	sample	1	1-SRR5935829	classified	10523542
20261008-155257-b74c0f2-6d43-n16-r9	9	c100	sample	1	1-SRR5935829	place	mod
20261008-155257-b74c0f2-6d43-n16-r9	9	c100	sample	1	1-SRR5935829	weight	11220767
20261008-155257-b74c0f2-6d43-n16-r9	9	c100	phase			batch-barrier-1	9.452701
20261008-155257-b74c0f2-6d43-n16-r9	9	c100	phase			batch-barrier-1.start_s	109.310483
20261008-155257-b74c0f2-6d43-n16-r9	9	c100	engine.mem			t_s	120.0
20261008-155257-b74c0f2-6d43-n16-r9	9	c100	engine.mem			rss_kib	78267288
20261008-155257-b74c0f2-6d43-n16-r9	9	c100	engine.mem			hwm_kib	79534684
20261008-155257-b74c0f2-6d43-n16-r9	9	c100	engine.mem			heap_inuse	5149310976
20261008-155257-b74c0f2-6d43-n16-r9	9	c100	engine.mem			sys	7341551944
20261008-155257-b74c0f2-6d43-n16-r9	9	c100	engine.mem			avail_kib	16617824
20261008-155257-b74c0f2-6d43-n16-r9	9	c100	sample	2	2-SRR5935807	mode	parallel
20261008-155257-b74c0f2-6d43-n16-r9	9	c100	sample	2	2-SRR5935807	s3client	sdk
20261008-155257-b74c0f2-6d43-n16-r9	9	c100	sample	2	2-SRR5935807	rank	9
20261008-155257-b74c0f2-6d43-n16-r9	9	c100	sample	2	2-SRR5935807	role	home
20261008-155257-b74c0f2-6d43-n16-r9	9	c100	sample	2	2-SRR5935807	inflight	1
20261008-155257-b74c0f2-6d43-n16-r9	9	c100	sample	2	2-SRR5935807	threads	16
20261008-155257-b74c0f2-6d43-n16-r9	9	c100	sample	2	2-SRR5935807	start_s	118.763217
20261008-155257-b74c0f2-6d43-n16-r9	9	c100	sample	2	2-SRR5935807	wall_s	7.750538
20261008-155257-b74c0f2-6d43-n16-r9	9	c100	sample	2	2-SRR5935807	setup_s	0.000031
20261008-155257-b74c0f2-6d43-n16-r9	9	c100	sample	2	2-SRR5935807	classify_s	7.361400
20261008-155257-b74c0f2-6d43-n16-r9	9	c100	sample	2	2-SRR5935807	close_s	0.241714
20261008-155257-b74c0f2-6d43-n16-r9	9	c100	sample	2	2-SRR5935807	report_s	0.133920
20261008-155257-b74c0f2-6d43-n16-r9	9	c100	sample	2	2-SRR5935807	status	0
20261008-155257-b74c0f2-6d43-n16-r9	9	c100	sample	2	2-SRR5935807	sequences	16708997
20261008-155257-b74c0f2-6d43-n16-r9	9	c100	sample	2	2-SRR5935807	bases	3043023590
20261008-155257-b74c0f2-6d43-n16-r9	9	c100	sample	2	2-SRR5935807	classified	15000245
20261008-155257-b74c0f2-6d43-n16-r9	9	c100	sample	2	2-SRR5935807	place	lpt
20261008-155257-b74c0f2-6d43-n16-r9	9	c100	sample	2	2-SRR5935807	weight	16708997
20261008-155257-b74c0f2-6d43-n16-r9	9	c100	sample	2	2-SRR5935800	mode	parallel
20261008-155257-b74c0f2-6d43-n16-r9	9	c100	sample	2	2-SRR5935800	s3client	sdk
20261008-155257-b74c0f2-6d43-n16-r9	9	c100	sample	2	2-SRR5935800	rank	9
20261008-155257-b74c0f2-6d43-n16-r9	9	c100	sample	2	2-SRR5935800	role	home
20261008-155257-b74c0f2-6d43-n16-r9	9	c100	sample	2	2-SRR5935800	inflight	1
20261008-155257-b74c0f2-6d43-n16-r9	9	c100	sample	2	2-SRR5935800	threads	16
20261008-155257-b74c0f2-6d43-n16-r9	9	c100	sample	2	2-SRR5935800	start_s	126.513768
20261008-155257-b74c0f2-6d43-n16-r9	9	c100	sample	2	2-SRR5935800	wall_s	7.647543
20261008-155257-b74c0f2-6d43-n16-r9	9	c100	sample	2	2-SRR5935800	setup_s	0.000042
20261008-155257-b74c0f2-6d43-n16-r9	9	c100	sample	2	2-SRR5935800	classify_s	7.287261
20261008-155257-b74c0f2-6d43-n16-r9	9	c100	sample	2	2-SRR5935800	close_s	0.232228
20261008-155257-b74c0f2-6d43-n16-r9	9	c100	sample	2	2-SRR5935800	report_s	0.122372
20261008-155257-b74c0f2-6d43-n16-r9	9	c100	sample	2	2-SRR5935800	status	0
20261008-155257-b74c0f2-6d43-n16-r9	9	c100	sample	2	2-SRR5935800	sequences	15080696
20261008-155257-b74c0f2-6d43-n16-r9	9	c100	sample	2	2-SRR5935800	bases	2770846238
20261008-155257-b74c0f2-6d43-n16-r9	9	c100	sample	2	2-SRR5935800	classified	14478381
20261008-155257-b74c0f2-6d43-n16-r9	9	c100	sample	2	2-SRR5935800	place	lpt
20261008-155257-b74c0f2-6d43-n16-r9	9	c100	sample	2	2-SRR5935800	weight	15080696
20261008-155257-b74c0f2-6d43-n16-r9	9	c100	engine.mem			t_s	135.0
20261008-155257-b74c0f2-6d43-n16-r9	9	c100	engine.mem			rss_kib	77276788
20261008-155257-b74c0f2-6d43-n16-r9	9	c100	engine.mem			hwm_kib	79534684
20261008-155257-b74c0f2-6d43-n16-r9	9	c100	engine.mem			heap_inuse	3605946368
20261008-155257-b74c0f2-6d43-n16-r9	9	c100	engine.mem			sys	7341551944
20261008-155257-b74c0f2-6d43-n16-r9	9	c100	engine.mem			avail_kib	16903988
20261008-155257-b74c0f2-6d43-n16-r9	9	c100	sample	2	2-SRR5935775	mode	parallel
20261008-155257-b74c0f2-6d43-n16-r9	9	c100	sample	2	2-SRR5935775	s3client	sdk
20261008-155257-b74c0f2-6d43-n16-r9	9	c100	sample	2	2-SRR5935775	rank	9
20261008-155257-b74c0f2-6d43-n16-r9	9	c100	sample	2	2-SRR5935775	role	home
20261008-155257-b74c0f2-6d43-n16-r9	9	c100	sample	2	2-SRR5935775	inflight	1
20261008-155257-b74c0f2-6d43-n16-r9	9	c100	sample	2	2-SRR5935775	threads	16
20261008-155257-b74c0f2-6d43-n16-r9	9	c100	sample	2	2-SRR5935775	start_s	134.161326
20261008-155257-b74c0f2-6d43-n16-r9	9	c100	sample	2	2-SRR5935775	wall_s	6.322655
20261008-155257-b74c0f2-6d43-n16-r9	9	c100	sample	2	2-SRR5935775	setup_s	0.000033
20261008-155257-b74c0f2-6d43-n16-r9	9	c100	sample	2	2-SRR5935775	classify_s	5.872022
20261008-155257-b74c0f2-6d43-n16-r9	9	c100	sample	2	2-SRR5935775	close_s	0.275401
20261008-155257-b74c0f2-6d43-n16-r9	9	c100	sample	2	2-SRR5935775	report_s	0.171410
20261008-155257-b74c0f2-6d43-n16-r9	9	c100	sample	2	2-SRR5935775	status	0
20261008-155257-b74c0f2-6d43-n16-r9	9	c100	sample	2	2-SRR5935775	sequences	13010149
20261008-155257-b74c0f2-6d43-n16-r9	9	c100	sample	2	2-SRR5935775	bases	2394732661
20261008-155257-b74c0f2-6d43-n16-r9	9	c100	sample	2	2-SRR5935775	classified	12910203
20261008-155257-b74c0f2-6d43-n16-r9	9	c100	sample	2	2-SRR5935775	place	lpt
20261008-155257-b74c0f2-6d43-n16-r9	9	c100	sample	2	2-SRR5935775	weight	13010149
20261008-155257-b74c0f2-6d43-n16-r9	9	c100	sample	2	2-SRR5935792	mode	parallel
20261008-155257-b74c0f2-6d43-n16-r9	9	c100	sample	2	2-SRR5935792	s3client	sdk
20261008-155257-b74c0f2-6d43-n16-r9	9	c100	sample	2	2-SRR5935792	rank	9
20261008-155257-b74c0f2-6d43-n16-r9	9	c100	sample	2	2-SRR5935792	role	home
20261008-155257-b74c0f2-6d43-n16-r9	9	c100	sample	2	2-SRR5935792	inflight	1
20261008-155257-b74c0f2-6d43-n16-r9	9	c100	sample	2	2-SRR5935792	threads	16
20261008-155257-b74c0f2-6d43-n16-r9	9	c100	sample	2	2-SRR5935792	start_s	140.483994
20261008-155257-b74c0f2-6d43-n16-r9	9	c100	sample	2	2-SRR5935792	wall_s	5.465559
20261008-155257-b74c0f2-6d43-n16-r9	9	c100	sample	2	2-SRR5935792	setup_s	0.000037
20261008-155257-b74c0f2-6d43-n16-r9	9	c100	sample	2	2-SRR5935792	classify_s	5.104525
20261008-155257-b74c0f2-6d43-n16-r9	9	c100	sample	2	2-SRR5935792	close_s	0.242331
20261008-155257-b74c0f2-6d43-n16-r9	9	c100	sample	2	2-SRR5935792	report_s	0.112647
20261008-155257-b74c0f2-6d43-n16-r9	9	c100	sample	2	2-SRR5935792	status	0
20261008-155257-b74c0f2-6d43-n16-r9	9	c100	sample	2	2-SRR5935792	sequences	11437813
20261008-155257-b74c0f2-6d43-n16-r9	9	c100	sample	2	2-SRR5935792	bases	2096182336
20261008-155257-b74c0f2-6d43-n16-r9	9	c100	sample	2	2-SRR5935792	classified	10922134
20261008-155257-b74c0f2-6d43-n16-r9	9	c100	sample	2	2-SRR5935792	place	lpt
20261008-155257-b74c0f2-6d43-n16-r9	9	c100	sample	2	2-SRR5935792	weight	11437813
20261008-155257-b74c0f2-6d43-n16-r9	9	c100	engine.mem			t_s	150.0
20261008-155257-b74c0f2-6d43-n16-r9	9	c100	engine.mem			rss_kib	78766104
20261008-155257-b74c0f2-6d43-n16-r9	9	c100	engine.mem			hwm_kib	79534684
20261008-155257-b74c0f2-6d43-n16-r9	9	c100	engine.mem			heap_inuse	5381611520
20261008-155257-b74c0f2-6d43-n16-r9	9	c100	engine.mem			sys	7341551944
20261008-155257-b74c0f2-6d43-n16-r9	9	c100	engine.mem			avail_kib	16058644
20261008-155257-b74c0f2-6d43-n16-r9	9	c100	sample	2	2-SRR5935824	mode	parallel
20261008-155257-b74c0f2-6d43-n16-r9	9	c100	sample	2	2-SRR5935824	s3client	sdk
20261008-155257-b74c0f2-6d43-n16-r9	9	c100	sample	2	2-SRR5935824	rank	9
20261008-155257-b74c0f2-6d43-n16-r9	9	c100	sample	2	2-SRR5935824	role	home
20261008-155257-b74c0f2-6d43-n16-r9	9	c100	sample	2	2-SRR5935824	inflight	1
20261008-155257-b74c0f2-6d43-n16-r9	9	c100	sample	2	2-SRR5935824	threads	16
20261008-155257-b74c0f2-6d43-n16-r9	9	c100	sample	2	2-SRR5935824	start_s	145.949567
20261008-155257-b74c0f2-6d43-n16-r9	9	c100	sample	2	2-SRR5935824	wall_s	4.527981
20261008-155257-b74c0f2-6d43-n16-r9	9	c100	sample	2	2-SRR5935824	setup_s	0.000035
20261008-155257-b74c0f2-6d43-n16-r9	9	c100	sample	2	2-SRR5935824	classify_s	4.129403
20261008-155257-b74c0f2-6d43-n16-r9	9	c100	sample	2	2-SRR5935824	close_s	0.262088
20261008-155257-b74c0f2-6d43-n16-r9	9	c100	sample	2	2-SRR5935824	report_s	0.129883
20261008-155257-b74c0f2-6d43-n16-r9	9	c100	sample	2	2-SRR5935824	status	0
20261008-155257-b74c0f2-6d43-n16-r9	9	c100	sample	2	2-SRR5935824	sequences	8745078
20261008-155257-b74c0f2-6d43-n16-r9	9	c100	sample	2	2-SRR5935824	bases	1626833325
20261008-155257-b74c0f2-6d43-n16-r9	9	c100	sample	2	2-SRR5935824	classified	8520266
20261008-155257-b74c0f2-6d43-n16-r9	9	c100	sample	2	2-SRR5935824	place	lpt
20261008-155257-b74c0f2-6d43-n16-r9	9	c100	sample	2	2-SRR5935824	weight	8745078
20261008-155257-b74c0f2-6d43-n16-r9	9	c100	sample	2	2-SRR5935750	mode	parallel
20261008-155257-b74c0f2-6d43-n16-r9	9	c100	sample	2	2-SRR5935750	s3client	sdk
20261008-155257-b74c0f2-6d43-n16-r9	9	c100	sample	2	2-SRR5935750	rank	9
20261008-155257-b74c0f2-6d43-n16-r9	9	c100	sample	2	2-SRR5935750	role	home
20261008-155257-b74c0f2-6d43-n16-r9	9	c100	sample	2	2-SRR5935750	inflight	1
20261008-155257-b74c0f2-6d43-n16-r9	9	c100	sample	2	2-SRR5935750	threads	16
20261008-155257-b74c0f2-6d43-n16-r9	9	c100	sample	2	2-SRR5935750	start_s	150.477561
20261008-155257-b74c0f2-6d43-n16-r9	9	c100	sample	2	2-SRR5935750	wall_s	3.582833
20261008-155257-b74c0f2-6d43-n16-r9	9	c100	sample	2	2-SRR5935750	setup_s	0.000036
20261008-155257-b74c0f2-6d43-n16-r9	9	c100	sample	2	2-SRR5935750	classify_s	3.245776
20261008-155257-b74c0f2-6d43-n16-r9	9	c100	sample	2	2-SRR5935750	close_s	0.219532
20261008-155257-b74c0f2-6d43-n16-r9	9	c100	sample	2	2-SRR5935750	report_s	0.113166
20261008-155257-b74c0f2-6d43-n16-r9	9	c100	sample	2	2-SRR5935750	status	0
20261008-155257-b74c0f2-6d43-n16-r9	9	c100	sample	2	2-SRR5935750	sequences	6552107
20261008-155257-b74c0f2-6d43-n16-r9	9	c100	sample	2	2-SRR5935750	bases	1182796919
20261008-155257-b74c0f2-6d43-n16-r9	9	c100	sample	2	2-SRR5935750	classified	6331866
20261008-155257-b74c0f2-6d43-n16-r9	9	c100	sample	2	2-SRR5935750	place	lpt
20261008-155257-b74c0f2-6d43-n16-r9	9	c100	sample	2	2-SRR5935750	weight	6552107
20261008-155257-b74c0f2-6d43-n16-r9	9	c100	phase			batch-barrier-2	2.318174
20261008-155257-b74c0f2-6d43-n16-r9	9	c100	phase			batch-barrier-2.start_s	154.060406
20261008-155257-b74c0f2-6d43-n16-r9	9	c100	phase			barrier	0.482200
20261008-155257-b74c0f2-6d43-n16-r9	9	c100	phase			barrier.start_s	161.698652
20261008-155257-b74c0f2-6d43-n16-r9	9	c100	sample	3	3-SRR5935740	mode	striped
20261008-155257-b74c0f2-6d43-n16-r9	9	c100	sample	3	3-SRR5935740	s3client	sdk
20261008-155257-b74c0f2-6d43-n16-r9	9	c100	sample	3	3-SRR5935740	rank	9
20261008-155257-b74c0f2-6d43-n16-r9	9	c100	sample	3	3-SRR5935740	role	peer
20261008-155257-b74c0f2-6d43-n16-r9	9	c100	sample	3	3-SRR5935740	inflight	1
20261008-155257-b74c0f2-6d43-n16-r9	9	c100	sample	3	3-SRR5935740	threads	16
20261008-155257-b74c0f2-6d43-n16-r9	9	c100	sample	3	3-SRR5935740	start_s	157.092733
20261008-155257-b74c0f2-6d43-n16-r9	9	c100	sample	3	3-SRR5935740	wall_s	5.088154
20261008-155257-b74c0f2-6d43-n16-r9	9	c100	sample	3	3-SRR5935740	setup_s	0.000039
20261008-155257-b74c0f2-6d43-n16-r9	9	c100	sample	3	3-SRR5935740	classify_s	4.602643
20261008-155257-b74c0f2-6d43-n16-r9	9	c100	sample	3	3-SRR5935740	close_s	0.000000
20261008-155257-b74c0f2-6d43-n16-r9	9	c100	sample	3	3-SRR5935740	report_s	0.000000
20261008-155257-b74c0f2-6d43-n16-r9	9	c100	sample	3	3-SRR5935740	status	0
20261008-155257-b74c0f2-6d43-n16-r9	9	c100	sample	3	3-SRR5935740	sequences	0
20261008-155257-b74c0f2-6d43-n16-r9	9	c100	sample	3	3-SRR5935740	bases	0
20261008-155257-b74c0f2-6d43-n16-r9	9	c100	sample	3	3-SRR5935740	classified	0
20261008-155257-b74c0f2-6d43-n16-r9	9	c100	sample	3	3-SRR5935740	place	-
20261008-155257-b74c0f2-6d43-n16-r9	9	c100	sample	3	3-SRR5935740	weight	-
20261008-155257-b74c0f2-6d43-n16-r9	9	c100	phase			batch-barrier-3	0.626466
20261008-155257-b74c0f2-6d43-n16-r9	9	c100	phase			batch-barrier-3.start_s	162.180893
20261008-155257-b74c0f2-6d43-n16-r9	9	c100	engine.mem			t_s	165.0
20261008-155257-b74c0f2-6d43-n16-r9	9	c100	engine.mem			rss_kib	74239020
20261008-155257-b74c0f2-6d43-n16-r9	9	c100	engine.mem			hwm_kib	79534684
20261008-155257-b74c0f2-6d43-n16-r9	9	c100	engine.mem			heap_inuse	1327104000
20261008-155257-b74c0f2-6d43-n16-r9	9	c100	engine.mem			sys	7341822280
20261008-155257-b74c0f2-6d43-n16-r9	9	c100	engine.mem			avail_kib	20189248
20261008-155257-b74c0f2-6d43-n16-r9	9	c100	phase			barrier	0.209836
20261008-155257-b74c0f2-6d43-n16-r9	9	c100	phase			barrier.start_s	168.158504
20261008-155257-b74c0f2-6d43-n16-r9	9	c100	sample	4	4-SRR5935740	mode	striped
20261008-155257-b74c0f2-6d43-n16-r9	9	c100	sample	4	4-SRR5935740	s3client	sdk
20261008-155257-b74c0f2-6d43-n16-r9	9	c100	sample	4	4-SRR5935740	rank	9
20261008-155257-b74c0f2-6d43-n16-r9	9	c100	sample	4	4-SRR5935740	role	peer
20261008-155257-b74c0f2-6d43-n16-r9	9	c100	sample	4	4-SRR5935740	inflight	1
20261008-155257-b74c0f2-6d43-n16-r9	9	c100	sample	4	4-SRR5935740	threads	16
20261008-155257-b74c0f2-6d43-n16-r9	9	c100	sample	4	4-SRR5935740	start_s	163.543747
20261008-155257-b74c0f2-6d43-n16-r9	9	c100	sample	4	4-SRR5935740	wall_s	4.824628
20261008-155257-b74c0f2-6d43-n16-r9	9	c100	sample	4	4-SRR5935740	setup_s	0.000029
20261008-155257-b74c0f2-6d43-n16-r9	9	c100	sample	4	4-SRR5935740	classify_s	4.611571
20261008-155257-b74c0f2-6d43-n16-r9	9	c100	sample	4	4-SRR5935740	close_s	0.000000
20261008-155257-b74c0f2-6d43-n16-r9	9	c100	sample	4	4-SRR5935740	report_s	0.000000
20261008-155257-b74c0f2-6d43-n16-r9	9	c100	sample	4	4-SRR5935740	status	0
20261008-155257-b74c0f2-6d43-n16-r9	9	c100	sample	4	4-SRR5935740	sequences	0
20261008-155257-b74c0f2-6d43-n16-r9	9	c100	sample	4	4-SRR5935740	bases	0
20261008-155257-b74c0f2-6d43-n16-r9	9	c100	sample	4	4-SRR5935740	classified	0
20261008-155257-b74c0f2-6d43-n16-r9	9	c100	sample	4	4-SRR5935740	place	-
20261008-155257-b74c0f2-6d43-n16-r9	9	c100	sample	4	4-SRR5935740	weight	-
20261008-155257-b74c0f2-6d43-n16-r9	9	c100	phase			batch-barrier-4	0.503895
20261008-155257-b74c0f2-6d43-n16-r9	9	c100	phase			batch-barrier-4.start_s	168.368384
20261008-155257-b74c0f2-6d43-n16-r9	9	c100	phase			barrier	0.146111
20261008-155257-b74c0f2-6d43-n16-r9	9	c100	phase			barrier.start_s	174.253992
20261008-155257-b74c0f2-6d43-n16-r9	9	c100	sample	5	5-SRR5935740	mode	striped
20261008-155257-b74c0f2-6d43-n16-r9	9	c100	sample	5	5-SRR5935740	s3client	sdk
20261008-155257-b74c0f2-6d43-n16-r9	9	c100	sample	5	5-SRR5935740	rank	9
20261008-155257-b74c0f2-6d43-n16-r9	9	c100	sample	5	5-SRR5935740	role	peer
20261008-155257-b74c0f2-6d43-n16-r9	9	c100	sample	5	5-SRR5935740	inflight	1
20261008-155257-b74c0f2-6d43-n16-r9	9	c100	sample	5	5-SRR5935740	threads	16
20261008-155257-b74c0f2-6d43-n16-r9	9	c100	sample	5	5-SRR5935740	start_s	169.643138
20261008-155257-b74c0f2-6d43-n16-r9	9	c100	sample	5	5-SRR5935740	wall_s	4.757006
20261008-155257-b74c0f2-6d43-n16-r9	9	c100	sample	5	5-SRR5935740	setup_s	0.000027
20261008-155257-b74c0f2-6d43-n16-r9	9	c100	sample	5	5-SRR5935740	classify_s	4.607471
20261008-155257-b74c0f2-6d43-n16-r9	9	c100	sample	5	5-SRR5935740	close_s	0.000000
20261008-155257-b74c0f2-6d43-n16-r9	9	c100	sample	5	5-SRR5935740	report_s	0.000000
20261008-155257-b74c0f2-6d43-n16-r9	9	c100	sample	5	5-SRR5935740	status	0
20261008-155257-b74c0f2-6d43-n16-r9	9	c100	sample	5	5-SRR5935740	sequences	0
20261008-155257-b74c0f2-6d43-n16-r9	9	c100	sample	5	5-SRR5935740	bases	0
20261008-155257-b74c0f2-6d43-n16-r9	9	c100	sample	5	5-SRR5935740	classified	0
20261008-155257-b74c0f2-6d43-n16-r9	9	c100	sample	5	5-SRR5935740	place	-
20261008-155257-b74c0f2-6d43-n16-r9	9	c100	sample	5	5-SRR5935740	weight	-
20261008-155257-b74c0f2-6d43-n16-r9	9	c100	phase			batch-barrier-5	0.515434
20261008-155257-b74c0f2-6d43-n16-r9	9	c100	phase			batch-barrier-5.start_s	174.400155
20261008-155257-b74c0f2-6d43-n16-r9	9	c100	engine.mem			t_s	180.0
20261008-155257-b74c0f2-6d43-n16-r9	9	c100	engine.mem			rss_kib	76388708
20261008-155257-b74c0f2-6d43-n16-r9	9	c100	engine.mem			hwm_kib	79534684
20261008-155257-b74c0f2-6d43-n16-r9	9	c100	engine.mem			heap_inuse	3807731712
20261008-155257-b74c0f2-6d43-n16-r9	9	c100	engine.mem			sys	7341822280
20261008-155257-b74c0f2-6d43-n16-r9	9	c100	engine.mem			avail_kib	18617356
20261008-155257-b74c0f2-6d43-n16-r9	9	c100	phase			batch-barrier-6	6.130493
20261008-155257-b74c0f2-6d43-n16-r9	9	c100	phase			batch-barrier-6.start_s	174.915599
20261008-155257-b74c0f2-6d43-n16-r9	9	c100	phase			batch-barrier-7	5.124673
20261008-155257-b74c0f2-6d43-n16-r9	9	c100	phase			batch-barrier-7.start_s	181.046107
20261008-155257-b74c0f2-6d43-n16-r9	9	c100	phase			batch-barrier-8	6.198340
20261008-155257-b74c0f2-6d43-n16-r9	9	c100	phase			batch-barrier-8.start_s	186.170795
20261008-155257-b74c0f2-6d43-n16-r9	9	c100	engine.shard			index	0
20261008-155257-b74c0f2-6d43-n16-r9	9	c100	engine.shard			n	16
20261008-155257-b74c0f2-6d43-n16-r9	9	c100	engine.shard			lo	167216016342
20261008-155257-b74c0f2-6d43-n16-r9	9	c100	engine.shard			hi	185795573713
20261008-155257-b74c0f2-6d43-n16-r9	9	c100	engine.shard			tail	302
20261008-155257-b74c0f2-6d43-n16-r9	9	c100	engine.shard			full	false
20261008-155257-b74c0f2-6d43-n16-r9	9	c100	engine.shard			empty_at	18579557375
20261008-155257-b74c0f2-6d43-n16-r9	9	c100	engine.shard			keys	8474664069
20261008-155257-b74c0f2-6d43-n16-r9	9	c100	engine.shard			batches	89910
20261008-155257-b74c0f2-6d43-n16-r9	9	c100	engine.shard			probe_s	161.699339
20261008-155257-b74c0f2-6d43-n16-r9	9	c100	engine.shard			tail_probes	0
20261008-155257-b74c0f2-6d43-n16-r9	9	c100	engine.shard			wrap_probes	0
20261008-155257-b74c0f2-6d43-n16-r9	9	c100	engine.mem			t_s	192.4
20261008-155257-b74c0f2-6d43-n16-r9	9	c100	engine.mem			rss_kib	76390816
20261008-155257-b74c0f2-6d43-n16-r9	9	c100	engine.mem			hwm_kib	79534684
20261008-155257-b74c0f2-6d43-n16-r9	9	c100	engine.mem			heap_inuse	3809902592
20261008-155257-b74c0f2-6d43-n16-r9	9	c100	engine.mem			sys	7341822280
20261008-155257-b74c0f2-6d43-n16-r9	9	c100	engine.mem			avail_kib	18707872
20261008-155257-b74c0f2-6d43-n16-r9	9	c100	engine.rendezvous			puts	13
20261008-155257-b74c0f2-6d43-n16-r9	9	c100	engine.rendezvous			gets	347
20261008-155257-b74c0f2-6d43-n16-r9	9	c100	engine.s3			client	sdk
20261008-155257-b74c0f2-6d43-n16-r9	9	c100	engine.s3			put	31
20261008-155257-b74c0f2-6d43-n16-r9	9	c100	engine.s3			get	347
20261008-155257-b74c0f2-6d43-n16-r9	9	c100	engine.s3			create_multipart	18
20261008-155257-b74c0f2-6d43-n16-r9	9	c100	engine.s3			upload_part	2249
20261008-155257-b74c0f2-6d43-n16-r9	9	c100	engine.s3			complete_multipart	18
20261008-155257-b74c0f2-6d43-n16-r9	9	c100	engine.s3			abort_multipart	0
20261008-155257-b74c0f2-6d43-n16-r9	9	c100	engine.s3			part_bytes	18831246565
20261008-155257-b74c0f2-6d43-n16-r9	9	c100	engine.s3			client	cli
20261008-155257-b74c0f2-6d43-n16-r9	9	c100	engine.s3			put	0
20261008-155257-b74c0f2-6d43-n16-r9	9	c100	engine.s3			get	0
20261008-155257-b74c0f2-6d43-n16-r9	9	c100	engine.s3			create_multipart	0
20261008-155257-b74c0f2-6d43-n16-r9	9	c100	engine.s3			upload_part	0
20261008-155257-b74c0f2-6d43-n16-r9	9	c100	engine.s3			complete_multipart	0
20261008-155257-b74c0f2-6d43-n16-r9	9	c100	engine.s3			abort_multipart	0
20261008-155257-b74c0f2-6d43-n16-r9	9	c100	engine.s3			part_bytes	0
20261008-155257-b74c0f2-6d43-n16-r9	9	c100	engine.load			seconds	25.140129
20261008-155257-b74c0f2-6d43-n16-r9	9	c100	engine.load			requests	1126
20261008-155257-b74c0f2-6d43-n16-r9	9	c100	engine.load			retries	0
20261008-155257-b74c0f2-6d43-n16-r9	9	c100	engine.load			bytes	74318296292
20261008-155257-b74c0f2-6d43-n16-r9	9	c100	engine.route			transport	nodes
20261008-155257-b74c0f2-6d43-n16-r9	9	c100	engine.route			calls	5741
20261008-155257-b74c0f2-6d43-n16-r9	9	c100	engine.route			keys	8639287715
20261008-155257-b74c0f2-6d43-n16-r9	9	c100	engine.route			batches	91856
20261008-155257-b74c0f2-6d43-n16-r9	9	c100	engine.route			route_s	57.921336
20261008-155257-b74c0f2-6d43-n16-r9	9	c100	engine.route			wait_s	43.800091
20261008-155257-b74c0f2-6d43-n16-r9	9	c100	engine.route			gather_s	12.408831
20261008-155257-b74c0f2-6d43-n16-r9	9	c100	engine.worker			scan_s	434.921671
20261008-155257-b74c0f2-6d43-n16-r9	9	c100	engine.worker			lookup_s	114.131929
20261008-155257-b74c0f2-6d43-n16-r9	9	c100	engine.worker			classify_s	371.851251
20261008-155257-b74c0f2-6d43-n16-r9	9	c100	phase			total	192.474330
20261008-155257-b74c0f2-6d43-n16-r9	9	c100	phase			total.start_s	0.000000
20261008-155257-b74c0f2-6d43-n16-r10	10	c100	phase			taxo	0.078624
20261008-155257-b74c0f2-6d43-n16-r10	10	c100	phase			taxo.start_s	0.002572
20261008-155257-b74c0f2-6d43-n16-r10	10	c100	engine.mem			t_s	15.0
20261008-155257-b74c0f2-6d43-n16-r10	10	c100	engine.mem			rss_kib	44859604
20261008-155257-b74c0f2-6d43-n16-r10	10	c100	engine.mem			hwm_kib	44859608
20261008-155257-b74c0f2-6d43-n16-r10	10	c100	engine.mem			heap_inuse	401481728
20261008-155257-b74c0f2-6d43-n16-r10	10	c100	engine.mem			sys	428136808
20261008-155257-b74c0f2-6d43-n16-r10	10	c100	engine.mem			avail_kib	49815588
20261008-155257-b74c0f2-6d43-n16-r10	10	c100	phase			shard-load-10	24.843434
20261008-155257-b74c0f2-6d43-n16-r10	10	c100	phase			shard-load-10.start_s	0.161346
20261008-155257-b74c0f2-6d43-n16-r10	10	c100	engine.mem			t_s	30.0
20261008-155257-b74c0f2-6d43-n16-r10	10	c100	engine.mem			rss_kib	72975720
20261008-155257-b74c0f2-6d43-n16-r10	10	c100	engine.mem			hwm_kib	72975724
20261008-155257-b74c0f2-6d43-n16-r10	10	c100	engine.mem			heap_inuse	407076864
20261008-155257-b74c0f2-6d43-n16-r10	10	c100	engine.mem			sys	433641832
20261008-155257-b74c0f2-6d43-n16-r10	10	c100	engine.mem			avail_kib	21861336
20261008-155257-b74c0f2-6d43-n16-r10	10	c100	phase			rendezvous	11.728510
20261008-155257-b74c0f2-6d43-n16-r10	10	c100	phase			rendezvous.start_s	25.454328
20261008-155257-b74c0f2-6d43-n16-r10	10	c100	phase			connect	0.008183
20261008-155257-b74c0f2-6d43-n16-r10	10	c100	phase			connect.start_s	37.182848
20261008-155257-b74c0f2-6d43-n16-r10	10	c100	phase			hash	37.109828
20261008-155257-b74c0f2-6d43-n16-r10	10	c100	phase			hash.start_s	0.081213
20261008-155257-b74c0f2-6d43-n16-r10	10	c100	engine.mem			t_s	45.0
20261008-155257-b74c0f2-6d43-n16-r10	10	c100	engine.mem			rss_kib	78356936
20261008-155257-b74c0f2-6d43-n16-r10	10	c100	engine.mem			hwm_kib	78356936
20261008-155257-b74c0f2-6d43-n16-r10	10	c100	engine.mem			heap_inuse	4759412736
20261008-155257-b74c0f2-6d43-n16-r10	10	c100	engine.mem			sys	6006103944
20261008-155257-b74c0f2-6d43-n16-r10	10	c100	engine.mem			avail_kib	16861728
20261008-155257-b74c0f2-6d43-n16-r10	10	c100	sample	0	0-SRR5935741	mode	parallel
20261008-155257-b74c0f2-6d43-n16-r10	10	c100	sample	0	0-SRR5935741	s3client	sdk
20261008-155257-b74c0f2-6d43-n16-r10	10	c100	sample	0	0-SRR5935741	rank	10
20261008-155257-b74c0f2-6d43-n16-r10	10	c100	sample	0	0-SRR5935741	role	home
20261008-155257-b74c0f2-6d43-n16-r10	10	c100	sample	0	0-SRR5935741	inflight	1
20261008-155257-b74c0f2-6d43-n16-r10	10	c100	sample	0	0-SRR5935741	threads	16
20261008-155257-b74c0f2-6d43-n16-r10	10	c100	sample	0	0-SRR5935741	start_s	37.191064
20261008-155257-b74c0f2-6d43-n16-r10	10	c100	sample	0	0-SRR5935741	wall_s	8.331405
20261008-155257-b74c0f2-6d43-n16-r10	10	c100	sample	0	0-SRR5935741	setup_s	0.000028
20261008-155257-b74c0f2-6d43-n16-r10	10	c100	sample	0	0-SRR5935741	classify_s	7.957901
20261008-155257-b74c0f2-6d43-n16-r10	10	c100	sample	0	0-SRR5935741	close_s	0.215664
20261008-155257-b74c0f2-6d43-n16-r10	10	c100	sample	0	0-SRR5935741	report_s	0.151259
20261008-155257-b74c0f2-6d43-n16-r10	10	c100	sample	0	0-SRR5935741	status	0
20261008-155257-b74c0f2-6d43-n16-r10	10	c100	sample	0	0-SRR5935741	sequences	16518263
20261008-155257-b74c0f2-6d43-n16-r10	10	c100	sample	0	0-SRR5935741	bases	3051284850
20261008-155257-b74c0f2-6d43-n16-r10	10	c100	sample	0	0-SRR5935741	classified	16141470
20261008-155257-b74c0f2-6d43-n16-r10	10	c100	sample	0	0-SRR5935741	place	lpt
20261008-155257-b74c0f2-6d43-n16-r10	10	c100	sample	0	0-SRR5935741	weight	16518263
20261008-155257-b74c0f2-6d43-n16-r10	10	c100	sample	0	0-SRR5935772	mode	parallel
20261008-155257-b74c0f2-6d43-n16-r10	10	c100	sample	0	0-SRR5935772	s3client	sdk
20261008-155257-b74c0f2-6d43-n16-r10	10	c100	sample	0	0-SRR5935772	rank	10
20261008-155257-b74c0f2-6d43-n16-r10	10	c100	sample	0	0-SRR5935772	role	home
20261008-155257-b74c0f2-6d43-n16-r10	10	c100	sample	0	0-SRR5935772	inflight	1
20261008-155257-b74c0f2-6d43-n16-r10	10	c100	sample	0	0-SRR5935772	threads	16
20261008-155257-b74c0f2-6d43-n16-r10	10	c100	sample	0	0-SRR5935772	start_s	45.522484
20261008-155257-b74c0f2-6d43-n16-r10	10	c100	sample	0	0-SRR5935772	wall_s	7.535516
20261008-155257-b74c0f2-6d43-n16-r10	10	c100	sample	0	0-SRR5935772	setup_s	0.000040
20261008-155257-b74c0f2-6d43-n16-r10	10	c100	sample	0	0-SRR5935772	classify_s	7.182699
20261008-155257-b74c0f2-6d43-n16-r10	10	c100	sample	0	0-SRR5935772	close_s	0.217175
20261008-155257-b74c0f2-6d43-n16-r10	10	c100	sample	0	0-SRR5935772	report_s	0.126817
20261008-155257-b74c0f2-6d43-n16-r10	10	c100	sample	0	0-SRR5935772	status	0
20261008-155257-b74c0f2-6d43-n16-r10	10	c100	sample	0	0-SRR5935772	sequences	15271512
20261008-155257-b74c0f2-6d43-n16-r10	10	c100	sample	0	0-SRR5935772	bases	2845360298
20261008-155257-b74c0f2-6d43-n16-r10	10	c100	sample	0	0-SRR5935772	classified	14502211
20261008-155257-b74c0f2-6d43-n16-r10	10	c100	sample	0	0-SRR5935772	place	lpt
20261008-155257-b74c0f2-6d43-n16-r10	10	c100	sample	0	0-SRR5935772	weight	15271512
20261008-155257-b74c0f2-6d43-n16-r10	10	c100	sample	0	0-SRR5935831	mode	parallel
20261008-155257-b74c0f2-6d43-n16-r10	10	c100	sample	0	0-SRR5935831	s3client	sdk
20261008-155257-b74c0f2-6d43-n16-r10	10	c100	sample	0	0-SRR5935831	rank	10
20261008-155257-b74c0f2-6d43-n16-r10	10	c100	sample	0	0-SRR5935831	role	home
20261008-155257-b74c0f2-6d43-n16-r10	10	c100	sample	0	0-SRR5935831	inflight	1
20261008-155257-b74c0f2-6d43-n16-r10	10	c100	sample	0	0-SRR5935831	threads	16
20261008-155257-b74c0f2-6d43-n16-r10	10	c100	sample	0	0-SRR5935831	start_s	53.058012
20261008-155257-b74c0f2-6d43-n16-r10	10	c100	sample	0	0-SRR5935831	wall_s	6.302252
20261008-155257-b74c0f2-6d43-n16-r10	10	c100	sample	0	0-SRR5935831	setup_s	0.000036
20261008-155257-b74c0f2-6d43-n16-r10	10	c100	sample	0	0-SRR5935831	classify_s	5.827884
20261008-155257-b74c0f2-6d43-n16-r10	10	c100	sample	0	0-SRR5935831	close_s	0.333649
20261008-155257-b74c0f2-6d43-n16-r10	10	c100	sample	0	0-SRR5935831	report_s	0.136800
20261008-155257-b74c0f2-6d43-n16-r10	10	c100	sample	0	0-SRR5935831	status	0
20261008-155257-b74c0f2-6d43-n16-r10	10	c100	sample	0	0-SRR5935831	sequences	12793053
20261008-155257-b74c0f2-6d43-n16-r10	10	c100	sample	0	0-SRR5935831	bases	2357685670
20261008-155257-b74c0f2-6d43-n16-r10	10	c100	sample	0	0-SRR5935831	classified	12609886
20261008-155257-b74c0f2-6d43-n16-r10	10	c100	sample	0	0-SRR5935831	place	lpt
20261008-155257-b74c0f2-6d43-n16-r10	10	c100	sample	0	0-SRR5935831	weight	12793053
20261008-155257-b74c0f2-6d43-n16-r10	10	c100	engine.mem			t_s	60.0
20261008-155257-b74c0f2-6d43-n16-r10	10	c100	engine.mem			rss_kib	77851912
20261008-155257-b74c0f2-6d43-n16-r10	10	c100	engine.mem			hwm_kib	78490016
20261008-155257-b74c0f2-6d43-n16-r10	10	c100	engine.mem			heap_inuse	3244802048
20261008-155257-b74c0f2-6d43-n16-r10	10	c100	engine.mem			sys	6087852056
20261008-155257-b74c0f2-6d43-n16-r10	10	c100	engine.mem			avail_kib	16741512
20261008-155257-b74c0f2-6d43-n16-r10	10	c100	sample	0	0-SRR5935825	mode	parallel
20261008-155257-b74c0f2-6d43-n16-r10	10	c100	sample	0	0-SRR5935825	s3client	sdk
20261008-155257-b74c0f2-6d43-n16-r10	10	c100	sample	0	0-SRR5935825	rank	10
20261008-155257-b74c0f2-6d43-n16-r10	10	c100	sample	0	0-SRR5935825	role	home
20261008-155257-b74c0f2-6d43-n16-r10	10	c100	sample	0	0-SRR5935825	inflight	1
20261008-155257-b74c0f2-6d43-n16-r10	10	c100	sample	0	0-SRR5935825	threads	16
20261008-155257-b74c0f2-6d43-n16-r10	10	c100	sample	0	0-SRR5935825	start_s	59.360280
20261008-155257-b74c0f2-6d43-n16-r10	10	c100	sample	0	0-SRR5935825	wall_s	5.643234
20261008-155257-b74c0f2-6d43-n16-r10	10	c100	sample	0	0-SRR5935825	setup_s	0.000036
20261008-155257-b74c0f2-6d43-n16-r10	10	c100	sample	0	0-SRR5935825	classify_s	5.231955
20261008-155257-b74c0f2-6d43-n16-r10	10	c100	sample	0	0-SRR5935825	close_s	0.251816
20261008-155257-b74c0f2-6d43-n16-r10	10	c100	sample	0	0-SRR5935825	report_s	0.146288
20261008-155257-b74c0f2-6d43-n16-r10	10	c100	sample	0	0-SRR5935825	status	0
20261008-155257-b74c0f2-6d43-n16-r10	10	c100	sample	0	0-SRR5935825	sequences	11458367
20261008-155257-b74c0f2-6d43-n16-r10	10	c100	sample	0	0-SRR5935825	bases	2115935464
20261008-155257-b74c0f2-6d43-n16-r10	10	c100	sample	0	0-SRR5935825	classified	9654089
20261008-155257-b74c0f2-6d43-n16-r10	10	c100	sample	0	0-SRR5935825	place	lpt
20261008-155257-b74c0f2-6d43-n16-r10	10	c100	sample	0	0-SRR5935825	weight	11458367
20261008-155257-b74c0f2-6d43-n16-r10	10	c100	sample	0	0-SRR5935837	mode	parallel
20261008-155257-b74c0f2-6d43-n16-r10	10	c100	sample	0	0-SRR5935837	s3client	sdk
20261008-155257-b74c0f2-6d43-n16-r10	10	c100	sample	0	0-SRR5935837	rank	10
20261008-155257-b74c0f2-6d43-n16-r10	10	c100	sample	0	0-SRR5935837	role	home
20261008-155257-b74c0f2-6d43-n16-r10	10	c100	sample	0	0-SRR5935837	inflight	1
20261008-155257-b74c0f2-6d43-n16-r10	10	c100	sample	0	0-SRR5935837	threads	16
20261008-155257-b74c0f2-6d43-n16-r10	10	c100	sample	0	0-SRR5935837	start_s	65.003528
20261008-155257-b74c0f2-6d43-n16-r10	10	c100	sample	0	0-SRR5935837	wall_s	4.657566
20261008-155257-b74c0f2-6d43-n16-r10	10	c100	sample	0	0-SRR5935837	setup_s	0.000034
20261008-155257-b74c0f2-6d43-n16-r10	10	c100	sample	0	0-SRR5935837	classify_s	4.219858
20261008-155257-b74c0f2-6d43-n16-r10	10	c100	sample	0	0-SRR5935837	close_s	0.292601
20261008-155257-b74c0f2-6d43-n16-r10	10	c100	sample	0	0-SRR5935837	report_s	0.138024
20261008-155257-b74c0f2-6d43-n16-r10	10	c100	sample	0	0-SRR5935837	status	0
20261008-155257-b74c0f2-6d43-n16-r10	10	c100	sample	0	0-SRR5935837	sequences	9337913
20261008-155257-b74c0f2-6d43-n16-r10	10	c100	sample	0	0-SRR5935837	bases	1691901005
20261008-155257-b74c0f2-6d43-n16-r10	10	c100	sample	0	0-SRR5935837	classified	8897092
20261008-155257-b74c0f2-6d43-n16-r10	10	c100	sample	0	0-SRR5935837	place	lpt
20261008-155257-b74c0f2-6d43-n16-r10	10	c100	sample	0	0-SRR5935837	weight	9337913
20261008-155257-b74c0f2-6d43-n16-r10	10	c100	sample	0	0-SRR5935805	mode	parallel
20261008-155257-b74c0f2-6d43-n16-r10	10	c100	sample	0	0-SRR5935805	s3client	sdk
20261008-155257-b74c0f2-6d43-n16-r10	10	c100	sample	0	0-SRR5935805	rank	10
20261008-155257-b74c0f2-6d43-n16-r10	10	c100	sample	0	0-SRR5935805	role	home
20261008-155257-b74c0f2-6d43-n16-r10	10	c100	sample	0	0-SRR5935805	inflight	1
20261008-155257-b74c0f2-6d43-n16-r10	10	c100	sample	0	0-SRR5935805	threads	16
20261008-155257-b74c0f2-6d43-n16-r10	10	c100	sample	0	0-SRR5935805	start_s	69.661106
20261008-155257-b74c0f2-6d43-n16-r10	10	c100	sample	0	0-SRR5935805	wall_s	1.847667
20261008-155257-b74c0f2-6d43-n16-r10	10	c100	sample	0	0-SRR5935805	setup_s	0.000043
20261008-155257-b74c0f2-6d43-n16-r10	10	c100	sample	0	0-SRR5935805	classify_s	1.484788
20261008-155257-b74c0f2-6d43-n16-r10	10	c100	sample	0	0-SRR5935805	close_s	0.211105
20261008-155257-b74c0f2-6d43-n16-r10	10	c100	sample	0	0-SRR5935805	report_s	0.149224
20261008-155257-b74c0f2-6d43-n16-r10	10	c100	sample	0	0-SRR5935805	status	0
20261008-155257-b74c0f2-6d43-n16-r10	10	c100	sample	0	0-SRR5935805	sequences	2823474
20261008-155257-b74c0f2-6d43-n16-r10	10	c100	sample	0	0-SRR5935805	bases	526092284
20261008-155257-b74c0f2-6d43-n16-r10	10	c100	sample	0	0-SRR5935805	classified	2761157
20261008-155257-b74c0f2-6d43-n16-r10	10	c100	sample	0	0-SRR5935805	place	lpt
20261008-155257-b74c0f2-6d43-n16-r10	10	c100	sample	0	0-SRR5935805	weight	2823474
20261008-155257-b74c0f2-6d43-n16-r10	10	c100	phase			batch-barrier-0	2.681129
20261008-155257-b74c0f2-6d43-n16-r10	10	c100	phase			batch-barrier-0.start_s	71.508785
20261008-155257-b74c0f2-6d43-n16-r10	10	c100	engine.mem			t_s	75.0
20261008-155257-b74c0f2-6d43-n16-r10	10	c100	engine.mem			rss_kib	77892088
20261008-155257-b74c0f2-6d43-n16-r10	10	c100	engine.mem			hwm_kib	79440132
20261008-155257-b74c0f2-6d43-n16-r10	10	c100	engine.mem			heap_inuse	4762443776
20261008-155257-b74c0f2-6d43-n16-r10	10	c100	engine.mem			sys	7218712872
20261008-155257-b74c0f2-6d43-n16-r10	10	c100	engine.mem			avail_kib	16353172
20261008-155257-b74c0f2-6d43-n16-r10	10	c100	sample	1	1-SRR5935750	mode	parallel
20261008-155257-b74c0f2-6d43-n16-r10	10	c100	sample	1	1-SRR5935750	s3client	sdk
20261008-155257-b74c0f2-6d43-n16-r10	10	c100	sample	1	1-SRR5935750	rank	10
20261008-155257-b74c0f2-6d43-n16-r10	10	c100	sample	1	1-SRR5935750	role	home
20261008-155257-b74c0f2-6d43-n16-r10	10	c100	sample	1	1-SRR5935750	inflight	1
20261008-155257-b74c0f2-6d43-n16-r10	10	c100	sample	1	1-SRR5935750	threads	16
20261008-155257-b74c0f2-6d43-n16-r10	10	c100	sample	1	1-SRR5935750	start_s	74.189935
20261008-155257-b74c0f2-6d43-n16-r10	10	c100	sample	1	1-SRR5935750	wall_s	3.577448
20261008-155257-b74c0f2-6d43-n16-r10	10	c100	sample	1	1-SRR5935750	setup_s	0.000050
20261008-155257-b74c0f2-6d43-n16-r10	10	c100	sample	1	1-SRR5935750	classify_s	3.227892
20261008-155257-b74c0f2-6d43-n16-r10	10	c100	sample	1	1-SRR5935750	close_s	0.219619
20261008-155257-b74c0f2-6d43-n16-r10	10	c100	sample	1	1-SRR5935750	report_s	0.125480
20261008-155257-b74c0f2-6d43-n16-r10	10	c100	sample	1	1-SRR5935750	status	0
20261008-155257-b74c0f2-6d43-n16-r10	10	c100	sample	1	1-SRR5935750	sequences	6552107
20261008-155257-b74c0f2-6d43-n16-r10	10	c100	sample	1	1-SRR5935750	bases	1182796919
20261008-155257-b74c0f2-6d43-n16-r10	10	c100	sample	1	1-SRR5935750	classified	6331866
20261008-155257-b74c0f2-6d43-n16-r10	10	c100	sample	1	1-SRR5935750	place	mod
20261008-155257-b74c0f2-6d43-n16-r10	10	c100	sample	1	1-SRR5935750	weight	6552107
20261008-155257-b74c0f2-6d43-n16-r10	10	c100	sample	1	1-SRR5935766	mode	parallel
20261008-155257-b74c0f2-6d43-n16-r10	10	c100	sample	1	1-SRR5935766	s3client	sdk
20261008-155257-b74c0f2-6d43-n16-r10	10	c100	sample	1	1-SRR5935766	rank	10
20261008-155257-b74c0f2-6d43-n16-r10	10	c100	sample	1	1-SRR5935766	role	home
20261008-155257-b74c0f2-6d43-n16-r10	10	c100	sample	1	1-SRR5935766	inflight	1
20261008-155257-b74c0f2-6d43-n16-r10	10	c100	sample	1	1-SRR5935766	threads	16
20261008-155257-b74c0f2-6d43-n16-r10	10	c100	sample	1	1-SRR5935766	start_s	77.767397
20261008-155257-b74c0f2-6d43-n16-r10	10	c100	sample	1	1-SRR5935766	wall_s	7.042460
20261008-155257-b74c0f2-6d43-n16-r10	10	c100	sample	1	1-SRR5935766	setup_s	0.000040
20261008-155257-b74c0f2-6d43-n16-r10	10	c100	sample	1	1-SRR5935766	classify_s	6.617966
20261008-155257-b74c0f2-6d43-n16-r10	10	c100	sample	1	1-SRR5935766	close_s	0.260190
20261008-155257-b74c0f2-6d43-n16-r10	10	c100	sample	1	1-SRR5935766	report_s	0.157610
20261008-155257-b74c0f2-6d43-n16-r10	10	c100	sample	1	1-SRR5935766	status	0
20261008-155257-b74c0f2-6d43-n16-r10	10	c100	sample	1	1-SRR5935766	sequences	14120624
20261008-155257-b74c0f2-6d43-n16-r10	10	c100	sample	1	1-SRR5935766	bases	2649393059
20261008-155257-b74c0f2-6d43-n16-r10	10	c100	sample	1	1-SRR5935766	classified	13394795
20261008-155257-b74c0f2-6d43-n16-r10	10	c100	sample	1	1-SRR5935766	place	mod
20261008-155257-b74c0f2-6d43-n16-r10	10	c100	sample	1	1-SRR5935766	weight	14120624
20261008-155257-b74c0f2-6d43-n16-r10	10	c100	engine.mem			t_s	90.0
20261008-155257-b74c0f2-6d43-n16-r10	10	c100	engine.mem			rss_kib	78905660
20261008-155257-b74c0f2-6d43-n16-r10	10	c100	engine.mem			hwm_kib	79440132
20261008-155257-b74c0f2-6d43-n16-r10	10	c100	engine.mem			heap_inuse	4270579712
20261008-155257-b74c0f2-6d43-n16-r10	10	c100	engine.mem			sys	7218712872
20261008-155257-b74c0f2-6d43-n16-r10	10	c100	engine.mem			avail_kib	16267272
20261008-155257-b74c0f2-6d43-n16-r10	10	c100	sample	1	1-SRR5935782	mode	parallel
20261008-155257-b74c0f2-6d43-n16-r10	10	c100	sample	1	1-SRR5935782	s3client	sdk
20261008-155257-b74c0f2-6d43-n16-r10	10	c100	sample	1	1-SRR5935782	rank	10
20261008-155257-b74c0f2-6d43-n16-r10	10	c100	sample	1	1-SRR5935782	role	home
20261008-155257-b74c0f2-6d43-n16-r10	10	c100	sample	1	1-SRR5935782	inflight	1
20261008-155257-b74c0f2-6d43-n16-r10	10	c100	sample	1	1-SRR5935782	threads	16
20261008-155257-b74c0f2-6d43-n16-r10	10	c100	sample	1	1-SRR5935782	start_s	84.809871
20261008-155257-b74c0f2-6d43-n16-r10	10	c100	sample	1	1-SRR5935782	wall_s	5.318320
20261008-155257-b74c0f2-6d43-n16-r10	10	c100	sample	1	1-SRR5935782	setup_s	0.000042
20261008-155257-b74c0f2-6d43-n16-r10	10	c100	sample	1	1-SRR5935782	classify_s	4.929762
20261008-155257-b74c0f2-6d43-n16-r10	10	c100	sample	1	1-SRR5935782	close_s	0.263988
20261008-155257-b74c0f2-6d43-n16-r10	10	c100	sample	1	1-SRR5935782	report_s	0.119968
20261008-155257-b74c0f2-6d43-n16-r10	10	c100	sample	1	1-SRR5935782	status	0
20261008-155257-b74c0f2-6d43-n16-r10	10	c100	sample	1	1-SRR5935782	sequences	10128070
20261008-155257-b74c0f2-6d43-n16-r10	10	c100	sample	1	1-SRR5935782	bases	1876810820
20261008-155257-b74c0f2-6d43-n16-r10	10	c100	sample	1	1-SRR5935782	classified	9942775
20261008-155257-b74c0f2-6d43-n16-r10	10	c100	sample	1	1-SRR5935782	place	mod
20261008-155257-b74c0f2-6d43-n16-r10	10	c100	sample	1	1-SRR5935782	weight	10128070
20261008-155257-b74c0f2-6d43-n16-r10	10	c100	sample	1	1-SRR5935798	mode	parallel
20261008-155257-b74c0f2-6d43-n16-r10	10	c100	sample	1	1-SRR5935798	s3client	sdk
20261008-155257-b74c0f2-6d43-n16-r10	10	c100	sample	1	1-SRR5935798	rank	10
20261008-155257-b74c0f2-6d43-n16-r10	10	c100	sample	1	1-SRR5935798	role	home
20261008-155257-b74c0f2-6d43-n16-r10	10	c100	sample	1	1-SRR5935798	inflight	1
20261008-155257-b74c0f2-6d43-n16-r10	10	c100	sample	1	1-SRR5935798	threads	16
20261008-155257-b74c0f2-6d43-n16-r10	10	c100	sample	1	1-SRR5935798	start_s	90.128205
20261008-155257-b74c0f2-6d43-n16-r10	10	c100	sample	1	1-SRR5935798	wall_s	9.598874
20261008-155257-b74c0f2-6d43-n16-r10	10	c100	sample	1	1-SRR5935798	setup_s	0.000040
20261008-155257-b74c0f2-6d43-n16-r10	10	c100	sample	1	1-SRR5935798	classify_s	9.152573
20261008-155257-b74c0f2-6d43-n16-r10	10	c100	sample	1	1-SRR5935798	close_s	0.296483
20261008-155257-b74c0f2-6d43-n16-r10	10	c100	sample	1	1-SRR5935798	report_s	0.139245
20261008-155257-b74c0f2-6d43-n16-r10	10	c100	sample	1	1-SRR5935798	status	0
20261008-155257-b74c0f2-6d43-n16-r10	10	c100	sample	1	1-SRR5935798	sequences	20086542
20261008-155257-b74c0f2-6d43-n16-r10	10	c100	sample	1	1-SRR5935798	bases	3689648337
20261008-155257-b74c0f2-6d43-n16-r10	10	c100	sample	1	1-SRR5935798	classified	19142785
20261008-155257-b74c0f2-6d43-n16-r10	10	c100	sample	1	1-SRR5935798	place	mod
20261008-155257-b74c0f2-6d43-n16-r10	10	c100	sample	1	1-SRR5935798	weight	20086542
20261008-155257-b74c0f2-6d43-n16-r10	10	c100	sample	1	1-SRR5935814	mode	parallel
20261008-155257-b74c0f2-6d43-n16-r10	10	c100	sample	1	1-SRR5935814	s3client	sdk
20261008-155257-b74c0f2-6d43-n16-r10	10	c100	sample	1	1-SRR5935814	rank	10
20261008-155257-b74c0f2-6d43-n16-r10	10	c100	sample	1	1-SRR5935814	role	home
20261008-155257-b74c0f2-6d43-n16-r10	10	c100	sample	1	1-SRR5935814	inflight	1
20261008-155257-b74c0f2-6d43-n16-r10	10	c100	sample	1	1-SRR5935814	threads	16
20261008-155257-b74c0f2-6d43-n16-r10	10	c100	sample	1	1-SRR5935814	start_s	99.727092
20261008-155257-b74c0f2-6d43-n16-r10	10	c100	sample	1	1-SRR5935814	wall_s	2.849262
20261008-155257-b74c0f2-6d43-n16-r10	10	c100	sample	1	1-SRR5935814	setup_s	0.000046
20261008-155257-b74c0f2-6d43-n16-r10	10	c100	sample	1	1-SRR5935814	classify_s	2.478234
20261008-155257-b74c0f2-6d43-n16-r10	10	c100	sample	1	1-SRR5935814	close_s	0.244225
20261008-155257-b74c0f2-6d43-n16-r10	10	c100	sample	1	1-SRR5935814	report_s	0.123003
20261008-155257-b74c0f2-6d43-n16-r10	10	c100	sample	1	1-SRR5935814	status	0
20261008-155257-b74c0f2-6d43-n16-r10	10	c100	sample	1	1-SRR5935814	sequences	5072545
20261008-155257-b74c0f2-6d43-n16-r10	10	c100	sample	1	1-SRR5935814	bases	950400325
20261008-155257-b74c0f2-6d43-n16-r10	10	c100	sample	1	1-SRR5935814	classified	4982177
20261008-155257-b74c0f2-6d43-n16-r10	10	c100	sample	1	1-SRR5935814	place	mod
20261008-155257-b74c0f2-6d43-n16-r10	10	c100	sample	1	1-SRR5935814	weight	5072545
20261008-155257-b74c0f2-6d43-n16-r10	10	c100	engine.mem			t_s	105.0
20261008-155257-b74c0f2-6d43-n16-r10	10	c100	engine.mem			rss_kib	78899132
20261008-155257-b74c0f2-6d43-n16-r10	10	c100	engine.mem			hwm_kib	79440132
20261008-155257-b74c0f2-6d43-n16-r10	10	c100	engine.mem			heap_inuse	5031542784
20261008-155257-b74c0f2-6d43-n16-r10	10	c100	engine.mem			sys	7218737448
20261008-155257-b74c0f2-6d43-n16-r10	10	c100	engine.mem			avail_kib	15902552
20261008-155257-b74c0f2-6d43-n16-r10	10	c100	sample	1	1-SRR5935830	mode	parallel
20261008-155257-b74c0f2-6d43-n16-r10	10	c100	sample	1	1-SRR5935830	s3client	sdk
20261008-155257-b74c0f2-6d43-n16-r10	10	c100	sample	1	1-SRR5935830	rank	10
20261008-155257-b74c0f2-6d43-n16-r10	10	c100	sample	1	1-SRR5935830	role	home
20261008-155257-b74c0f2-6d43-n16-r10	10	c100	sample	1	1-SRR5935830	inflight	1
20261008-155257-b74c0f2-6d43-n16-r10	10	c100	sample	1	1-SRR5935830	threads	16
20261008-155257-b74c0f2-6d43-n16-r10	10	c100	sample	1	1-SRR5935830	start_s	102.576368
20261008-155257-b74c0f2-6d43-n16-r10	10	c100	sample	1	1-SRR5935830	wall_s	6.803693
20261008-155257-b74c0f2-6d43-n16-r10	10	c100	sample	1	1-SRR5935830	setup_s	0.000043
20261008-155257-b74c0f2-6d43-n16-r10	10	c100	sample	1	1-SRR5935830	classify_s	6.418362
20261008-155257-b74c0f2-6d43-n16-r10	10	c100	sample	1	1-SRR5935830	close_s	0.249341
20261008-155257-b74c0f2-6d43-n16-r10	10	c100	sample	1	1-SRR5935830	report_s	0.130439
20261008-155257-b74c0f2-6d43-n16-r10	10	c100	sample	1	1-SRR5935830	status	0
20261008-155257-b74c0f2-6d43-n16-r10	10	c100	sample	1	1-SRR5935830	sequences	14303962
20261008-155257-b74c0f2-6d43-n16-r10	10	c100	sample	1	1-SRR5935830	bases	2635979010
20261008-155257-b74c0f2-6d43-n16-r10	10	c100	sample	1	1-SRR5935830	classified	14029845
20261008-155257-b74c0f2-6d43-n16-r10	10	c100	sample	1	1-SRR5935830	place	mod
20261008-155257-b74c0f2-6d43-n16-r10	10	c100	sample	1	1-SRR5935830	weight	14303962
20261008-155257-b74c0f2-6d43-n16-r10	10	c100	engine.mem			t_s	120.0
20261008-155257-b74c0f2-6d43-n16-r10	10	c100	engine.mem			rss_kib	79052628
20261008-155257-b74c0f2-6d43-n16-r10	10	c100	engine.mem			hwm_kib	79440132
20261008-155257-b74c0f2-6d43-n16-r10	10	c100	engine.mem			heap_inuse	3711467520
20261008-155257-b74c0f2-6d43-n16-r10	10	c100	engine.mem			sys	7218737448
20261008-155257-b74c0f2-6d43-n16-r10	10	c100	engine.mem			avail_kib	15975664
20261008-155257-b74c0f2-6d43-n16-r10	10	c100	phase			batch-barrier-1	11.658748
20261008-155257-b74c0f2-6d43-n16-r10	10	c100	phase			batch-barrier-1.start_s	109.380075
20261008-155257-b74c0f2-6d43-n16-r10	10	c100	sample	2	2-SRR5935741	mode	parallel
20261008-155257-b74c0f2-6d43-n16-r10	10	c100	sample	2	2-SRR5935741	s3client	sdk
20261008-155257-b74c0f2-6d43-n16-r10	10	c100	sample	2	2-SRR5935741	rank	10
20261008-155257-b74c0f2-6d43-n16-r10	10	c100	sample	2	2-SRR5935741	role	home
20261008-155257-b74c0f2-6d43-n16-r10	10	c100	sample	2	2-SRR5935741	inflight	1
20261008-155257-b74c0f2-6d43-n16-r10	10	c100	sample	2	2-SRR5935741	threads	16
20261008-155257-b74c0f2-6d43-n16-r10	10	c100	sample	2	2-SRR5935741	start_s	121.038856
20261008-155257-b74c0f2-6d43-n16-r10	10	c100	sample	2	2-SRR5935741	wall_s	8.330792
20261008-155257-b74c0f2-6d43-n16-r10	10	c100	sample	2	2-SRR5935741	setup_s	0.000033
20261008-155257-b74c0f2-6d43-n16-r10	10	c100	sample	2	2-SRR5935741	classify_s	7.944539
20261008-155257-b74c0f2-6d43-n16-r10	10	c100	sample	2	2-SRR5935741	close_s	0.228572
20261008-155257-b74c0f2-6d43-n16-r10	10	c100	sample	2	2-SRR5935741	report_s	0.151173
20261008-155257-b74c0f2-6d43-n16-r10	10	c100	sample	2	2-SRR5935741	status	0
20261008-155257-b74c0f2-6d43-n16-r10	10	c100	sample	2	2-SRR5935741	sequences	16518263
20261008-155257-b74c0f2-6d43-n16-r10	10	c100	sample	2	2-SRR5935741	bases	3051284850
20261008-155257-b74c0f2-6d43-n16-r10	10	c100	sample	2	2-SRR5935741	classified	16141470
20261008-155257-b74c0f2-6d43-n16-r10	10	c100	sample	2	2-SRR5935741	place	lpt
20261008-155257-b74c0f2-6d43-n16-r10	10	c100	sample	2	2-SRR5935741	weight	16518263
20261008-155257-b74c0f2-6d43-n16-r10	10	c100	engine.mem			t_s	135.0
20261008-155257-b74c0f2-6d43-n16-r10	10	c100	engine.mem			rss_kib	79186520
20261008-155257-b74c0f2-6d43-n16-r10	10	c100	engine.mem			hwm_kib	79440132
20261008-155257-b74c0f2-6d43-n16-r10	10	c100	engine.mem			heap_inuse	5760737280
20261008-155257-b74c0f2-6d43-n16-r10	10	c100	engine.mem			sys	7218745640
20261008-155257-b74c0f2-6d43-n16-r10	10	c100	engine.mem			avail_kib	15957904
20261008-155257-b74c0f2-6d43-n16-r10	10	c100	sample	2	2-SRR5935772	mode	parallel
20261008-155257-b74c0f2-6d43-n16-r10	10	c100	sample	2	2-SRR5935772	s3client	sdk
20261008-155257-b74c0f2-6d43-n16-r10	10	c100	sample	2	2-SRR5935772	rank	10
20261008-155257-b74c0f2-6d43-n16-r10	10	c100	sample	2	2-SRR5935772	role	home
20261008-155257-b74c0f2-6d43-n16-r10	10	c100	sample	2	2-SRR5935772	inflight	1
20261008-155257-b74c0f2-6d43-n16-r10	10	c100	sample	2	2-SRR5935772	threads	16
20261008-155257-b74c0f2-6d43-n16-r10	10	c100	sample	2	2-SRR5935772	start_s	129.369661
20261008-155257-b74c0f2-6d43-n16-r10	10	c100	sample	2	2-SRR5935772	wall_s	7.684441
20261008-155257-b74c0f2-6d43-n16-r10	10	c100	sample	2	2-SRR5935772	setup_s	0.000045
20261008-155257-b74c0f2-6d43-n16-r10	10	c100	sample	2	2-SRR5935772	classify_s	7.165117
20261008-155257-b74c0f2-6d43-n16-r10	10	c100	sample	2	2-SRR5935772	close_s	0.336915
20261008-155257-b74c0f2-6d43-n16-r10	10	c100	sample	2	2-SRR5935772	report_s	0.172744
20261008-155257-b74c0f2-6d43-n16-r10	10	c100	sample	2	2-SRR5935772	status	0
20261008-155257-b74c0f2-6d43-n16-r10	10	c100	sample	2	2-SRR5935772	sequences	15271512
20261008-155257-b74c0f2-6d43-n16-r10	10	c100	sample	2	2-SRR5935772	bases	2845360298
20261008-155257-b74c0f2-6d43-n16-r10	10	c100	sample	2	2-SRR5935772	classified	14502211
20261008-155257-b74c0f2-6d43-n16-r10	10	c100	sample	2	2-SRR5935772	place	lpt
20261008-155257-b74c0f2-6d43-n16-r10	10	c100	sample	2	2-SRR5935772	weight	15271512
20261008-155257-b74c0f2-6d43-n16-r10	10	c100	sample	2	2-SRR5935831	mode	parallel
20261008-155257-b74c0f2-6d43-n16-r10	10	c100	sample	2	2-SRR5935831	s3client	sdk
20261008-155257-b74c0f2-6d43-n16-r10	10	c100	sample	2	2-SRR5935831	rank	10
20261008-155257-b74c0f2-6d43-n16-r10	10	c100	sample	2	2-SRR5935831	role	home
20261008-155257-b74c0f2-6d43-n16-r10	10	c100	sample	2	2-SRR5935831	inflight	1
20261008-155257-b74c0f2-6d43-n16-r10	10	c100	sample	2	2-SRR5935831	threads	16
20261008-155257-b74c0f2-6d43-n16-r10	10	c100	sample	2	2-SRR5935831	start_s	137.054117
20261008-155257-b74c0f2-6d43-n16-r10	10	c100	sample	2	2-SRR5935831	wall_s	6.204516
20261008-155257-b74c0f2-6d43-n16-r10	10	c100	sample	2	2-SRR5935831	setup_s	0.000037
20261008-155257-b74c0f2-6d43-n16-r10	10	c100	sample	2	2-SRR5935831	classify_s	5.806736
20261008-155257-b74c0f2-6d43-n16-r10	10	c100	sample	2	2-SRR5935831	close_s	0.279385
20261008-155257-b74c0f2-6d43-n16-r10	10	c100	sample	2	2-SRR5935831	report_s	0.114428
20261008-155257-b74c0f2-6d43-n16-r10	10	c100	sample	2	2-SRR5935831	status	0
20261008-155257-b74c0f2-6d43-n16-r10	10	c100	sample	2	2-SRR5935831	sequences	12793053
20261008-155257-b74c0f2-6d43-n16-r10	10	c100	sample	2	2-SRR5935831	bases	2357685670
20261008-155257-b74c0f2-6d43-n16-r10	10	c100	sample	2	2-SRR5935831	classified	12609886
20261008-155257-b74c0f2-6d43-n16-r10	10	c100	sample	2	2-SRR5935831	place	lpt
20261008-155257-b74c0f2-6d43-n16-r10	10	c100	sample	2	2-SRR5935831	weight	12793053
20261008-155257-b74c0f2-6d43-n16-r10	10	c100	sample	2	2-SRR5935825	mode	parallel
20261008-155257-b74c0f2-6d43-n16-r10	10	c100	sample	2	2-SRR5935825	s3client	sdk
20261008-155257-b74c0f2-6d43-n16-r10	10	c100	sample	2	2-SRR5935825	rank	10
20261008-155257-b74c0f2-6d43-n16-r10	10	c100	sample	2	2-SRR5935825	role	home
20261008-155257-b74c0f2-6d43-n16-r10	10	c100	sample	2	2-SRR5935825	inflight	1
20261008-155257-b74c0f2-6d43-n16-r10	10	c100	sample	2	2-SRR5935825	threads	16
20261008-155257-b74c0f2-6d43-n16-r10	10	c100	sample	2	2-SRR5935825	start_s	143.258646
20261008-155257-b74c0f2-6d43-n16-r10	10	c100	sample	2	2-SRR5935825	wall_s	5.614434
20261008-155257-b74c0f2-6d43-n16-r10	10	c100	sample	2	2-SRR5935825	setup_s	0.000039
20261008-155257-b74c0f2-6d43-n16-r10	10	c100	sample	2	2-SRR5935825	classify_s	5.237815
20261008-155257-b74c0f2-6d43-n16-r10	10	c100	sample	2	2-SRR5935825	close_s	0.232076
20261008-155257-b74c0f2-6d43-n16-r10	10	c100	sample	2	2-SRR5935825	report_s	0.131048
20261008-155257-b74c0f2-6d43-n16-r10	10	c100	sample	2	2-SRR5935825	status	0
20261008-155257-b74c0f2-6d43-n16-r10	10	c100	sample	2	2-SRR5935825	sequences	11458367
20261008-155257-b74c0f2-6d43-n16-r10	10	c100	sample	2	2-SRR5935825	bases	2115935464
20261008-155257-b74c0f2-6d43-n16-r10	10	c100	sample	2	2-SRR5935825	classified	9654089
20261008-155257-b74c0f2-6d43-n16-r10	10	c100	sample	2	2-SRR5935825	place	lpt
20261008-155257-b74c0f2-6d43-n16-r10	10	c100	sample	2	2-SRR5935825	weight	11458367
20261008-155257-b74c0f2-6d43-n16-r10	10	c100	engine.mem			t_s	150.0
20261008-155257-b74c0f2-6d43-n16-r10	10	c100	engine.mem			rss_kib	77919692
20261008-155257-b74c0f2-6d43-n16-r10	10	c100	engine.mem			hwm_kib	79475396
20261008-155257-b74c0f2-6d43-n16-r10	10	c100	engine.mem			heap_inuse	4644012032
20261008-155257-b74c0f2-6d43-n16-r10	10	c100	engine.mem			sys	7324983608
20261008-155257-b74c0f2-6d43-n16-r10	10	c100	engine.mem			avail_kib	16305652
20261008-155257-b74c0f2-6d43-n16-r10	10	c100	sample	2	2-SRR5935837	mode	parallel
20261008-155257-b74c0f2-6d43-n16-r10	10	c100	sample	2	2-SRR5935837	s3client	sdk
20261008-155257-b74c0f2-6d43-n16-r10	10	c100	sample	2	2-SRR5935837	rank	10
20261008-155257-b74c0f2-6d43-n16-r10	10	c100	sample	2	2-SRR5935837	role	home
20261008-155257-b74c0f2-6d43-n16-r10	10	c100	sample	2	2-SRR5935837	inflight	1
20261008-155257-b74c0f2-6d43-n16-r10	10	c100	sample	2	2-SRR5935837	threads	16
20261008-155257-b74c0f2-6d43-n16-r10	10	c100	sample	2	2-SRR5935837	start_s	148.873093
20261008-155257-b74c0f2-6d43-n16-r10	10	c100	sample	2	2-SRR5935837	wall_s	4.605282
20261008-155257-b74c0f2-6d43-n16-r10	10	c100	sample	2	2-SRR5935837	setup_s	0.000039
20261008-155257-b74c0f2-6d43-n16-r10	10	c100	sample	2	2-SRR5935837	classify_s	4.213746
20261008-155257-b74c0f2-6d43-n16-r10	10	c100	sample	2	2-SRR5935837	close_s	0.223371
20261008-155257-b74c0f2-6d43-n16-r10	10	c100	sample	2	2-SRR5935837	report_s	0.161055
20261008-155257-b74c0f2-6d43-n16-r10	10	c100	sample	2	2-SRR5935837	status	0
20261008-155257-b74c0f2-6d43-n16-r10	10	c100	sample	2	2-SRR5935837	sequences	9337913
20261008-155257-b74c0f2-6d43-n16-r10	10	c100	sample	2	2-SRR5935837	bases	1691901005
20261008-155257-b74c0f2-6d43-n16-r10	10	c100	sample	2	2-SRR5935837	classified	8897092
20261008-155257-b74c0f2-6d43-n16-r10	10	c100	sample	2	2-SRR5935837	place	lpt
20261008-155257-b74c0f2-6d43-n16-r10	10	c100	sample	2	2-SRR5935837	weight	9337913
20261008-155257-b74c0f2-6d43-n16-r10	10	c100	sample	2	2-SRR5935805	mode	parallel
20261008-155257-b74c0f2-6d43-n16-r10	10	c100	sample	2	2-SRR5935805	s3client	sdk
20261008-155257-b74c0f2-6d43-n16-r10	10	c100	sample	2	2-SRR5935805	rank	10
20261008-155257-b74c0f2-6d43-n16-r10	10	c100	sample	2	2-SRR5935805	role	home
20261008-155257-b74c0f2-6d43-n16-r10	10	c100	sample	2	2-SRR5935805	inflight	1
20261008-155257-b74c0f2-6d43-n16-r10	10	c100	sample	2	2-SRR5935805	threads	16
20261008-155257-b74c0f2-6d43-n16-r10	10	c100	sample	2	2-SRR5935805	start_s	153.478388
20261008-155257-b74c0f2-6d43-n16-r10	10	c100	sample	2	2-SRR5935805	wall_s	1.862051
20261008-155257-b74c0f2-6d43-n16-r10	10	c100	sample	2	2-SRR5935805	setup_s	0.000047
20261008-155257-b74c0f2-6d43-n16-r10	10	c100	sample	2	2-SRR5935805	classify_s	1.530943
20261008-155257-b74c0f2-6d43-n16-r10	10	c100	sample	2	2-SRR5935805	close_s	0.207747
20261008-155257-b74c0f2-6d43-n16-r10	10	c100	sample	2	2-SRR5935805	report_s	0.120845
20261008-155257-b74c0f2-6d43-n16-r10	10	c100	sample	2	2-SRR5935805	status	0
20261008-155257-b74c0f2-6d43-n16-r10	10	c100	sample	2	2-SRR5935805	sequences	2823474
20261008-155257-b74c0f2-6d43-n16-r10	10	c100	sample	2	2-SRR5935805	bases	526092284
20261008-155257-b74c0f2-6d43-n16-r10	10	c100	sample	2	2-SRR5935805	classified	2761157
20261008-155257-b74c0f2-6d43-n16-r10	10	c100	sample	2	2-SRR5935805	place	lpt
20261008-155257-b74c0f2-6d43-n16-r10	10	c100	sample	2	2-SRR5935805	weight	2823474
20261008-155257-b74c0f2-6d43-n16-r10	10	c100	phase			batch-barrier-2	2.816852
20261008-155257-b74c0f2-6d43-n16-r10	10	c100	phase			batch-barrier-2.start_s	155.340451
20261008-155257-b74c0f2-6d43-n16-r10	10	c100	phase			barrier	0.897523
20261008-155257-b74c0f2-6d43-n16-r10	10	c100	phase			barrier.start_s	163.333275
20261008-155257-b74c0f2-6d43-n16-r10	10	c100	sample	3	3-SRR5935740	mode	striped
20261008-155257-b74c0f2-6d43-n16-r10	10	c100	sample	3	3-SRR5935740	s3client	sdk
20261008-155257-b74c0f2-6d43-n16-r10	10	c100	sample	3	3-SRR5935740	rank	10
20261008-155257-b74c0f2-6d43-n16-r10	10	c100	sample	3	3-SRR5935740	role	peer
20261008-155257-b74c0f2-6d43-n16-r10	10	c100	sample	3	3-SRR5935740	inflight	1
20261008-155257-b74c0f2-6d43-n16-r10	10	c100	sample	3	3-SRR5935740	threads	16
20261008-155257-b74c0f2-6d43-n16-r10	10	c100	sample	3	3-SRR5935740	start_s	158.705710
20261008-155257-b74c0f2-6d43-n16-r10	10	c100	sample	3	3-SRR5935740	wall_s	5.525122
20261008-155257-b74c0f2-6d43-n16-r10	10	c100	sample	3	3-SRR5935740	setup_s	0.000031
20261008-155257-b74c0f2-6d43-n16-r10	10	c100	sample	3	3-SRR5935740	classify_s	4.624499
20261008-155257-b74c0f2-6d43-n16-r10	10	c100	sample	3	3-SRR5935740	close_s	0.000000
20261008-155257-b74c0f2-6d43-n16-r10	10	c100	sample	3	3-SRR5935740	report_s	0.000000
20261008-155257-b74c0f2-6d43-n16-r10	10	c100	sample	3	3-SRR5935740	status	0
20261008-155257-b74c0f2-6d43-n16-r10	10	c100	sample	3	3-SRR5935740	sequences	0
20261008-155257-b74c0f2-6d43-n16-r10	10	c100	sample	3	3-SRR5935740	bases	0
20261008-155257-b74c0f2-6d43-n16-r10	10	c100	sample	3	3-SRR5935740	classified	0
20261008-155257-b74c0f2-6d43-n16-r10	10	c100	sample	3	3-SRR5935740	place	-
20261008-155257-b74c0f2-6d43-n16-r10	10	c100	sample	3	3-SRR5935740	weight	-
20261008-155257-b74c0f2-6d43-n16-r10	10	c100	phase			batch-barrier-3	0.618664
20261008-155257-b74c0f2-6d43-n16-r10	10	c100	phase			batch-barrier-3.start_s	164.230838
20261008-155257-b74c0f2-6d43-n16-r10	10	c100	engine.mem			t_s	165.0
20261008-155257-b74c0f2-6d43-n16-r10	10	c100	engine.mem			rss_kib	76497140
20261008-155257-b74c0f2-6d43-n16-r10	10	c100	engine.mem			hwm_kib	79475396
20261008-155257-b74c0f2-6d43-n16-r10	10	c100	engine.mem			heap_inuse	3116171264
20261008-155257-b74c0f2-6d43-n16-r10	10	c100	engine.mem			sys	7325245752
20261008-155257-b74c0f2-6d43-n16-r10	10	c100	engine.mem			avail_kib	18226464
20261008-155257-b74c0f2-6d43-n16-r10	10	c100	phase			barrier	0.211970
20261008-155257-b74c0f2-6d43-n16-r10	10	c100	phase			barrier.start_s	170.206320
20261008-155257-b74c0f2-6d43-n16-r10	10	c100	sample	4	4-SRR5935740	mode	striped
20261008-155257-b74c0f2-6d43-n16-r10	10	c100	sample	4	4-SRR5935740	s3client	sdk
20261008-155257-b74c0f2-6d43-n16-r10	10	c100	sample	4	4-SRR5935740	rank	10
20261008-155257-b74c0f2-6d43-n16-r10	10	c100	sample	4	4-SRR5935740	role	peer
20261008-155257-b74c0f2-6d43-n16-r10	10	c100	sample	4	4-SRR5935740	inflight	1
20261008-155257-b74c0f2-6d43-n16-r10	10	c100	sample	4	4-SRR5935740	threads	16
20261008-155257-b74c0f2-6d43-n16-r10	10	c100	sample	4	4-SRR5935740	start_s	165.593956
20261008-155257-b74c0f2-6d43-n16-r10	10	c100	sample	4	4-SRR5935740	wall_s	4.824371
20261008-155257-b74c0f2-6d43-n16-r10	10	c100	sample	4	4-SRR5935740	setup_s	0.000029
20261008-155257-b74c0f2-6d43-n16-r10	10	c100	sample	4	4-SRR5935740	classify_s	4.608939
20261008-155257-b74c0f2-6d43-n16-r10	10	c100	sample	4	4-SRR5935740	close_s	0.000000
20261008-155257-b74c0f2-6d43-n16-r10	10	c100	sample	4	4-SRR5935740	report_s	0.000000
20261008-155257-b74c0f2-6d43-n16-r10	10	c100	sample	4	4-SRR5935740	status	0
20261008-155257-b74c0f2-6d43-n16-r10	10	c100	sample	4	4-SRR5935740	sequences	0
20261008-155257-b74c0f2-6d43-n16-r10	10	c100	sample	4	4-SRR5935740	bases	0
20261008-155257-b74c0f2-6d43-n16-r10	10	c100	sample	4	4-SRR5935740	classified	0
20261008-155257-b74c0f2-6d43-n16-r10	10	c100	sample	4	4-SRR5935740	place	-
20261008-155257-b74c0f2-6d43-n16-r10	10	c100	sample	4	4-SRR5935740	weight	-
20261008-155257-b74c0f2-6d43-n16-r10	10	c100	phase			batch-barrier-4	0.517498
20261008-155257-b74c0f2-6d43-n16-r10	10	c100	phase			batch-barrier-4.start_s	170.418336
20261008-155257-b74c0f2-6d43-n16-r10	10	c100	phase			barrier	0.138311
20261008-155257-b74c0f2-6d43-n16-r10	10	c100	phase			barrier.start_s	176.311737
20261008-155257-b74c0f2-6d43-n16-r10	10	c100	sample	5	5-SRR5935740	mode	striped
20261008-155257-b74c0f2-6d43-n16-r10	10	c100	sample	5	5-SRR5935740	s3client	sdk
20261008-155257-b74c0f2-6d43-n16-r10	10	c100	sample	5	5-SRR5935740	rank	10
20261008-155257-b74c0f2-6d43-n16-r10	10	c100	sample	5	5-SRR5935740	role	peer
20261008-155257-b74c0f2-6d43-n16-r10	10	c100	sample	5	5-SRR5935740	inflight	1
20261008-155257-b74c0f2-6d43-n16-r10	10	c100	sample	5	5-SRR5935740	threads	16
20261008-155257-b74c0f2-6d43-n16-r10	10	c100	sample	5	5-SRR5935740	start_s	171.693394
20261008-155257-b74c0f2-6d43-n16-r10	10	c100	sample	5	5-SRR5935740	wall_s	4.756701
20261008-155257-b74c0f2-6d43-n16-r10	10	c100	sample	5	5-SRR5935740	setup_s	0.000029
20261008-155257-b74c0f2-6d43-n16-r10	10	c100	sample	5	5-SRR5935740	classify_s	4.614430
20261008-155257-b74c0f2-6d43-n16-r10	10	c100	sample	5	5-SRR5935740	close_s	0.000000
20261008-155257-b74c0f2-6d43-n16-r10	10	c100	sample	5	5-SRR5935740	report_s	0.000000
20261008-155257-b74c0f2-6d43-n16-r10	10	c100	sample	5	5-SRR5935740	status	0
20261008-155257-b74c0f2-6d43-n16-r10	10	c100	sample	5	5-SRR5935740	sequences	0
20261008-155257-b74c0f2-6d43-n16-r10	10	c100	sample	5	5-SRR5935740	bases	0
20261008-155257-b74c0f2-6d43-n16-r10	10	c100	sample	5	5-SRR5935740	classified	0
20261008-155257-b74c0f2-6d43-n16-r10	10	c100	sample	5	5-SRR5935740	place	-
20261008-155257-b74c0f2-6d43-n16-r10	10	c100	sample	5	5-SRR5935740	weight	-
20261008-155257-b74c0f2-6d43-n16-r10	10	c100	phase			batch-barrier-5	0.497735
20261008-155257-b74c0f2-6d43-n16-r10	10	c100	phase			batch-barrier-5.start_s	176.450105
20261008-155257-b74c0f2-6d43-n16-r10	10	c100	engine.mem			t_s	180.0
20261008-155257-b74c0f2-6d43-n16-r10	10	c100	engine.mem			rss_kib	76542312
20261008-155257-b74c0f2-6d43-n16-r10	10	c100	engine.mem			hwm_kib	79475396
20261008-155257-b74c0f2-6d43-n16-r10	10	c100	engine.mem			heap_inuse	4050452480
20261008-155257-b74c0f2-6d43-n16-r10	10	c100	engine.mem			sys	7325245752
20261008-155257-b74c0f2-6d43-n16-r10	10	c100	engine.mem			avail_kib	18374600
20261008-155257-b74c0f2-6d43-n16-r10	10	c100	phase			batch-barrier-6	6.073737
20261008-155257-b74c0f2-6d43-n16-r10	10	c100	phase			batch-barrier-6.start_s	176.947849
20261008-155257-b74c0f2-6d43-n16-r10	10	c100	phase			batch-barrier-7	5.123747
20261008-155257-b74c0f2-6d43-n16-r10	10	c100	phase			batch-barrier-7.start_s	183.021601
20261008-155257-b74c0f2-6d43-n16-r10	10	c100	phase			batch-barrier-8	6.105029
20261008-155257-b74c0f2-6d43-n16-r10	10	c100	phase			batch-barrier-8.start_s	188.145364
20261008-155257-b74c0f2-6d43-n16-r10	10	c100	engine.shard			index	0
20261008-155257-b74c0f2-6d43-n16-r10	10	c100	engine.shard			n	16
20261008-155257-b74c0f2-6d43-n16-r10	10	c100	engine.shard			lo	185795573713
20261008-155257-b74c0f2-6d43-n16-r10	10	c100	engine.shard			hi	204375131085
20261008-155257-b74c0f2-6d43-n16-r10	10	c100	engine.shard			tail	302
20261008-155257-b74c0f2-6d43-n16-r10	10	c100	engine.shard			full	false
20261008-155257-b74c0f2-6d43-n16-r10	10	c100	engine.shard			empty_at	18579557374
20261008-155257-b74c0f2-6d43-n16-r10	10	c100	engine.shard			keys	8480246031
20261008-155257-b74c0f2-6d43-n16-r10	10	c100	engine.shard			batches	89910
20261008-155257-b74c0f2-6d43-n16-r10	10	c100	engine.shard			probe_s	162.297252
20261008-155257-b74c0f2-6d43-n16-r10	10	c100	engine.shard			tail_probes	0
20261008-155257-b74c0f2-6d43-n16-r10	10	c100	engine.shard			wrap_probes	0
20261008-155257-b74c0f2-6d43-n16-r10	10	c100	engine.mem			t_s	194.3
20261008-155257-b74c0f2-6d43-n16-r10	10	c100	engine.mem			rss_kib	76544416
20261008-155257-b74c0f2-6d43-n16-r10	10	c100	engine.mem			hwm_kib	79475396
20261008-155257-b74c0f2-6d43-n16-r10	10	c100	engine.mem			heap_inuse	4052656128
20261008-155257-b74c0f2-6d43-n16-r10	10	c100	engine.mem			sys	7325245752
20261008-155257-b74c0f2-6d43-n16-r10	10	c100	engine.mem			avail_kib	18639896
20261008-155257-b74c0f2-6d43-n16-r10	10	c100	engine.rendezvous			puts	13
20261008-155257-b74c0f2-6d43-n16-r10	10	c100	engine.rendezvous			gets	449
20261008-155257-b74c0f2-6d43-n16-r10	10	c100	engine.s3			client	sdk
20261008-155257-b74c0f2-6d43-n16-r10	10	c100	engine.s3			put	31
20261008-155257-b74c0f2-6d43-n16-r10	10	c100	engine.s3			get	449
20261008-155257-b74c0f2-6d43-n16-r10	10	c100	engine.s3			create_multipart	18
20261008-155257-b74c0f2-6d43-n16-r10	10	c100	engine.s3			upload_part	2163
20261008-155257-b74c0f2-6d43-n16-r10	10	c100	engine.s3			complete_multipart	18
20261008-155257-b74c0f2-6d43-n16-r10	10	c100	engine.s3			abort_multipart	0
20261008-155257-b74c0f2-6d43-n16-r10	10	c100	engine.s3			part_bytes	18072138076
20261008-155257-b74c0f2-6d43-n16-r10	10	c100	engine.s3			client	cli
20261008-155257-b74c0f2-6d43-n16-r10	10	c100	engine.s3			put	0
20261008-155257-b74c0f2-6d43-n16-r10	10	c100	engine.s3			get	0
20261008-155257-b74c0f2-6d43-n16-r10	10	c100	engine.s3			create_multipart	0
20261008-155257-b74c0f2-6d43-n16-r10	10	c100	engine.s3			upload_part	0
20261008-155257-b74c0f2-6d43-n16-r10	10	c100	engine.s3			complete_multipart	0
20261008-155257-b74c0f2-6d43-n16-r10	10	c100	engine.s3			abort_multipart	0
20261008-155257-b74c0f2-6d43-n16-r10	10	c100	engine.s3			part_bytes	0
20261008-155257-b74c0f2-6d43-n16-r10	10	c100	engine.load			seconds	24.843431
20261008-155257-b74c0f2-6d43-n16-r10	10	c100	engine.load			requests	1126
20261008-155257-b74c0f2-6d43-n16-r10	10	c100	engine.load			retries	0
20261008-155257-b74c0f2-6d43-n16-r10	10	c100	engine.load			bytes	74318296296
20261008-155257-b74c0f2-6d43-n16-r10	10	c100	engine.route			transport	nodes
20261008-155257-b74c0f2-6d43-n16-r10	10	c100	engine.route			calls	5469
20261008-155257-b74c0f2-6d43-n16-r10	10	c100	engine.route			keys	8231397607
20261008-155257-b74c0f2-6d43-n16-r10	10	c100	engine.route			batches	87504
20261008-155257-b74c0f2-6d43-n16-r10	10	c100	engine.route			route_s	55.244725
20261008-155257-b74c0f2-6d43-n16-r10	10	c100	engine.route			wait_s	41.163646
20261008-155257-b74c0f2-6d43-n16-r10	10	c100	engine.route			gather_s	12.023608
20261008-155257-b74c0f2-6d43-n16-r10	10	c100	engine.worker			scan_s	416.392241
20261008-155257-b74c0f2-6d43-n16-r10	10	c100	engine.worker			lookup_s	108.433807
20261008-155257-b74c0f2-6d43-n16-r10	10	c100	engine.worker			classify_s	354.371350
20261008-155257-b74c0f2-6d43-n16-r10	10	c100	phase			total	194.356555
20261008-155257-b74c0f2-6d43-n16-r10	10	c100	phase			total.start_s	0.000001
20261008-155257-b74c0f2-6d43-n16-r11	11	c100	phase			taxo	0.090756
20261008-155257-b74c0f2-6d43-n16-r11	11	c100	phase			taxo.start_s	0.002496
20261008-155257-b74c0f2-6d43-n16-r11	11	c100	engine.mem			t_s	15.0
20261008-155257-b74c0f2-6d43-n16-r11	11	c100	engine.mem			rss_kib	44835232
20261008-155257-b74c0f2-6d43-n16-r11	11	c100	engine.mem			hwm_kib	44835236
20261008-155257-b74c0f2-6d43-n16-r11	11	c100	engine.mem			heap_inuse	405938176
20261008-155257-b74c0f2-6d43-n16-r11	11	c100	engine.mem			sys	440785256
20261008-155257-b74c0f2-6d43-n16-r11	11	c100	engine.mem			avail_kib	49892672
20261008-155257-b74c0f2-6d43-n16-r11	11	c100	phase			shard-load-11	24.839066
20261008-155257-b74c0f2-6d43-n16-r11	11	c100	phase			shard-load-11.start_s	0.165310
20261008-155257-b74c0f2-6d43-n16-r11	11	c100	engine.mem			t_s	30.0
20261008-155257-b74c0f2-6d43-n16-r11	11	c100	engine.mem			rss_kib	72976864
20261008-155257-b74c0f2-6d43-n16-r11	11	c100	engine.mem			hwm_kib	72976868
20261008-155257-b74c0f2-6d43-n16-r11	11	c100	engine.mem			heap_inuse	408666112
20261008-155257-b74c0f2-6d43-n16-r11	11	c100	engine.mem			sys	444979560
20261008-155257-b74c0f2-6d43-n16-r11	11	c100	engine.mem			avail_kib	21894984
20261008-155257-b74c0f2-6d43-n16-r11	11	c100	phase			rendezvous	9.356961
20261008-155257-b74c0f2-6d43-n16-r11	11	c100	phase			rendezvous.start_s	25.440127
20261008-155257-b74c0f2-6d43-n16-r11	11	c100	phase			connect	0.014658
20261008-155257-b74c0f2-6d43-n16-r11	11	c100	phase			connect.start_s	34.797100
20261008-155257-b74c0f2-6d43-n16-r11	11	c100	phase			hash	34.718497
20261008-155257-b74c0f2-6d43-n16-r11	11	c100	phase			hash.start_s	0.093272
20261008-155257-b74c0f2-6d43-n16-r11	11	c100	sample	0	0-SRR5935787	mode	parallel
20261008-155257-b74c0f2-6d43-n16-r11	11	c100	sample	0	0-SRR5935787	s3client	sdk
20261008-155257-b74c0f2-6d43-n16-r11	11	c100	sample	0	0-SRR5935787	rank	11
20261008-155257-b74c0f2-6d43-n16-r11	11	c100	sample	0	0-SRR5935787	role	home
20261008-155257-b74c0f2-6d43-n16-r11	11	c100	sample	0	0-SRR5935787	inflight	1
20261008-155257-b74c0f2-6d43-n16-r11	11	c100	sample	0	0-SRR5935787	threads	16
20261008-155257-b74c0f2-6d43-n16-r11	11	c100	sample	0	0-SRR5935787	start_s	34.811802
20261008-155257-b74c0f2-6d43-n16-r11	11	c100	sample	0	0-SRR5935787	wall_s	8.126505
20261008-155257-b74c0f2-6d43-n16-r11	11	c100	sample	0	0-SRR5935787	setup_s	0.000030
20261008-155257-b74c0f2-6d43-n16-r11	11	c100	sample	0	0-SRR5935787	classify_s	7.746641
20261008-155257-b74c0f2-6d43-n16-r11	11	c100	sample	0	0-SRR5935787	close_s	0.259299
20261008-155257-b74c0f2-6d43-n16-r11	11	c100	sample	0	0-SRR5935787	report_s	0.115382
20261008-155257-b74c0f2-6d43-n16-r11	11	c100	sample	0	0-SRR5935787	status	0
20261008-155257-b74c0f2-6d43-n16-r11	11	c100	sample	0	0-SRR5935787	sequences	16351397
20261008-155257-b74c0f2-6d43-n16-r11	11	c100	sample	0	0-SRR5935787	bases	3065557655
20261008-155257-b74c0f2-6d43-n16-r11	11	c100	sample	0	0-SRR5935787	classified	16166849
20261008-155257-b74c0f2-6d43-n16-r11	11	c100	sample	0	0-SRR5935787	place	lpt
20261008-155257-b74c0f2-6d43-n16-r11	11	c100	sample	0	0-SRR5935787	weight	16351397
20261008-155257-b74c0f2-6d43-n16-r11	11	c100	engine.mem			t_s	45.0
20261008-155257-b74c0f2-6d43-n16-r11	11	c100	engine.mem			rss_kib	78892756
20261008-155257-b74c0f2-6d43-n16-r11	11	c100	engine.mem			hwm_kib	78892756
20261008-155257-b74c0f2-6d43-n16-r11	11	c100	engine.mem			heap_inuse	4022509568
20261008-155257-b74c0f2-6d43-n16-r11	11	c100	engine.mem			sys	6502625416
20261008-155257-b74c0f2-6d43-n16-r11	11	c100	engine.mem			avail_kib	16061524
20261008-155257-b74c0f2-6d43-n16-r11	11	c100	sample	0	0-SRR5935810	mode	parallel
20261008-155257-b74c0f2-6d43-n16-r11	11	c100	sample	0	0-SRR5935810	s3client	sdk
20261008-155257-b74c0f2-6d43-n16-r11	11	c100	sample	0	0-SRR5935810	rank	11
20261008-155257-b74c0f2-6d43-n16-r11	11	c100	sample	0	0-SRR5935810	role	home
20261008-155257-b74c0f2-6d43-n16-r11	11	c100	sample	0	0-SRR5935810	inflight	1
20261008-155257-b74c0f2-6d43-n16-r11	11	c100	sample	0	0-SRR5935810	threads	16
20261008-155257-b74c0f2-6d43-n16-r11	11	c100	sample	0	0-SRR5935810	start_s	42.938323
20261008-155257-b74c0f2-6d43-n16-r11	11	c100	sample	0	0-SRR5935810	wall_s	7.344537
20261008-155257-b74c0f2-6d43-n16-r11	11	c100	sample	0	0-SRR5935810	setup_s	0.000060
20261008-155257-b74c0f2-6d43-n16-r11	11	c100	sample	0	0-SRR5935810	classify_s	6.975644
20261008-155257-b74c0f2-6d43-n16-r11	11	c100	sample	0	0-SRR5935810	close_s	0.211157
20261008-155257-b74c0f2-6d43-n16-r11	11	c100	sample	0	0-SRR5935810	report_s	0.144496
20261008-155257-b74c0f2-6d43-n16-r11	11	c100	sample	0	0-SRR5935810	status	0
20261008-155257-b74c0f2-6d43-n16-r11	11	c100	sample	0	0-SRR5935810	sequences	15280552
20261008-155257-b74c0f2-6d43-n16-r11	11	c100	sample	0	0-SRR5935810	bases	2858109884
20261008-155257-b74c0f2-6d43-n16-r11	11	c100	sample	0	0-SRR5935810	classified	13785544
20261008-155257-b74c0f2-6d43-n16-r11	11	c100	sample	0	0-SRR5935810	place	lpt
20261008-155257-b74c0f2-6d43-n16-r11	11	c100	sample	0	0-SRR5935810	weight	15280552
20261008-155257-b74c0f2-6d43-n16-r11	11	c100	sample	0	0-SRR5935794	mode	parallel
20261008-155257-b74c0f2-6d43-n16-r11	11	c100	sample	0	0-SRR5935794	s3client	sdk
20261008-155257-b74c0f2-6d43-n16-r11	11	c100	sample	0	0-SRR5935794	rank	11
20261008-155257-b74c0f2-6d43-n16-r11	11	c100	sample	0	0-SRR5935794	role	home
20261008-155257-b74c0f2-6d43-n16-r11	11	c100	sample	0	0-SRR5935794	inflight	1
20261008-155257-b74c0f2-6d43-n16-r11	11	c100	sample	0	0-SRR5935794	threads	16
20261008-155257-b74c0f2-6d43-n16-r11	11	c100	sample	0	0-SRR5935794	start_s	50.282872
20261008-155257-b74c0f2-6d43-n16-r11	11	c100	sample	0	0-SRR5935794	wall_s	6.537335
20261008-155257-b74c0f2-6d43-n16-r11	11	c100	sample	0	0-SRR5935794	setup_s	0.000038
20261008-155257-b74c0f2-6d43-n16-r11	11	c100	sample	0	0-SRR5935794	classify_s	6.108788
20261008-155257-b74c0f2-6d43-n16-r11	11	c100	sample	0	0-SRR5935794	close_s	0.315233
20261008-155257-b74c0f2-6d43-n16-r11	11	c100	sample	0	0-SRR5935794	report_s	0.108618
20261008-155257-b74c0f2-6d43-n16-r11	11	c100	sample	0	0-SRR5935794	status	0
20261008-155257-b74c0f2-6d43-n16-r11	11	c100	sample	0	0-SRR5935794	sequences	13404063
20261008-155257-b74c0f2-6d43-n16-r11	11	c100	sample	0	0-SRR5935794	bases	2484447317
20261008-155257-b74c0f2-6d43-n16-r11	11	c100	sample	0	0-SRR5935794	classified	13071600
20261008-155257-b74c0f2-6d43-n16-r11	11	c100	sample	0	0-SRR5935794	place	lpt
20261008-155257-b74c0f2-6d43-n16-r11	11	c100	sample	0	0-SRR5935794	weight	13404063
20261008-155257-b74c0f2-6d43-n16-r11	11	c100	engine.mem			t_s	60.0
20261008-155257-b74c0f2-6d43-n16-r11	11	c100	engine.mem			rss_kib	78775628
20261008-155257-b74c0f2-6d43-n16-r11	11	c100	engine.mem			hwm_kib	79293748
20261008-155257-b74c0f2-6d43-n16-r11	11	c100	engine.mem			heap_inuse	4056186880
20261008-155257-b74c0f2-6d43-n16-r11	11	c100	engine.mem			sys	7010894072
20261008-155257-b74c0f2-6d43-n16-r11	11	c100	engine.mem			avail_kib	15214152
20261008-155257-b74c0f2-6d43-n16-r11	11	c100	sample	0	0-SRR5935788	mode	parallel
20261008-155257-b74c0f2-6d43-n16-r11	11	c100	sample	0	0-SRR5935788	s3client	sdk
20261008-155257-b74c0f2-6d43-n16-r11	11	c100	sample	0	0-SRR5935788	rank	11
20261008-155257-b74c0f2-6d43-n16-r11	11	c100	sample	0	0-SRR5935788	role	home
20261008-155257-b74c0f2-6d43-n16-r11	11	c100	sample	0	0-SRR5935788	inflight	1
20261008-155257-b74c0f2-6d43-n16-r11	11	c100	sample	0	0-SRR5935788	threads	16
20261008-155257-b74c0f2-6d43-n16-r11	11	c100	sample	0	0-SRR5935788	start_s	56.820223
20261008-155257-b74c0f2-6d43-n16-r11	11	c100	sample	0	0-SRR5935788	wall_s	5.527520
20261008-155257-b74c0f2-6d43-n16-r11	11	c100	sample	0	0-SRR5935788	setup_s	0.000034
20261008-155257-b74c0f2-6d43-n16-r11	11	c100	sample	0	0-SRR5935788	classify_s	5.164555
20261008-155257-b74c0f2-6d43-n16-r11	11	c100	sample	0	0-SRR5935788	close_s	0.241811
20261008-155257-b74c0f2-6d43-n16-r11	11	c100	sample	0	0-SRR5935788	report_s	0.116373
20261008-155257-b74c0f2-6d43-n16-r11	11	c100	sample	0	0-SRR5935788	status	0
20261008-155257-b74c0f2-6d43-n16-r11	11	c100	sample	0	0-SRR5935788	sequences	11073410
20261008-155257-b74c0f2-6d43-n16-r11	11	c100	sample	0	0-SRR5935788	bases	2024074094
20261008-155257-b74c0f2-6d43-n16-r11	11	c100	sample	0	0-SRR5935788	classified	10832572
20261008-155257-b74c0f2-6d43-n16-r11	11	c100	sample	0	0-SRR5935788	place	lpt
20261008-155257-b74c0f2-6d43-n16-r11	11	c100	sample	0	0-SRR5935788	weight	11073410
20261008-155257-b74c0f2-6d43-n16-r11	11	c100	sample	0	0-SRR5935799	mode	parallel
20261008-155257-b74c0f2-6d43-n16-r11	11	c100	sample	0	0-SRR5935799	s3client	sdk
20261008-155257-b74c0f2-6d43-n16-r11	11	c100	sample	0	0-SRR5935799	rank	11
20261008-155257-b74c0f2-6d43-n16-r11	11	c100	sample	0	0-SRR5935799	role	home
20261008-155257-b74c0f2-6d43-n16-r11	11	c100	sample	0	0-SRR5935799	inflight	1
20261008-155257-b74c0f2-6d43-n16-r11	11	c100	sample	0	0-SRR5935799	threads	16
20261008-155257-b74c0f2-6d43-n16-r11	11	c100	sample	0	0-SRR5935799	start_s	62.347755
20261008-155257-b74c0f2-6d43-n16-r11	11	c100	sample	0	0-SRR5935799	wall_s	4.575611
20261008-155257-b74c0f2-6d43-n16-r11	11	c100	sample	0	0-SRR5935799	setup_s	0.000035
20261008-155257-b74c0f2-6d43-n16-r11	11	c100	sample	0	0-SRR5935799	classify_s	4.135240
20261008-155257-b74c0f2-6d43-n16-r11	11	c100	sample	0	0-SRR5935799	close_s	0.276977
20261008-155257-b74c0f2-6d43-n16-r11	11	c100	sample	0	0-SRR5935799	report_s	0.150066
20261008-155257-b74c0f2-6d43-n16-r11	11	c100	sample	0	0-SRR5935799	status	0
20261008-155257-b74c0f2-6d43-n16-r11	11	c100	sample	0	0-SRR5935799	sequences	9090205
20261008-155257-b74c0f2-6d43-n16-r11	11	c100	sample	0	0-SRR5935799	bases	1661371324
20261008-155257-b74c0f2-6d43-n16-r11	11	c100	sample	0	0-SRR5935799	classified	7439975
20261008-155257-b74c0f2-6d43-n16-r11	11	c100	sample	0	0-SRR5935799	place	lpt
20261008-155257-b74c0f2-6d43-n16-r11	11	c100	sample	0	0-SRR5935799	weight	9090205
20261008-155257-b74c0f2-6d43-n16-r11	11	c100	sample	0	0-SRR5935767	mode	parallel
20261008-155257-b74c0f2-6d43-n16-r11	11	c100	sample	0	0-SRR5935767	s3client	sdk
20261008-155257-b74c0f2-6d43-n16-r11	11	c100	sample	0	0-SRR5935767	rank	11
20261008-155257-b74c0f2-6d43-n16-r11	11	c100	sample	0	0-SRR5935767	role	home
20261008-155257-b74c0f2-6d43-n16-r11	11	c100	sample	0	0-SRR5935767	inflight	1
20261008-155257-b74c0f2-6d43-n16-r11	11	c100	sample	0	0-SRR5935767	threads	16
20261008-155257-b74c0f2-6d43-n16-r11	11	c100	sample	0	0-SRR5935767	start_s	66.923380
20261008-155257-b74c0f2-6d43-n16-r11	11	c100	sample	0	0-SRR5935767	wall_s	2.834347
20261008-155257-b74c0f2-6d43-n16-r11	11	c100	sample	0	0-SRR5935767	setup_s	0.000041
20261008-155257-b74c0f2-6d43-n16-r11	11	c100	sample	0	0-SRR5935767	classify_s	2.485274
20261008-155257-b74c0f2-6d43-n16-r11	11	c100	sample	0	0-SRR5935767	close_s	0.208429
20261008-155257-b74c0f2-6d43-n16-r11	11	c100	sample	0	0-SRR5935767	report_s	0.135876
20261008-155257-b74c0f2-6d43-n16-r11	11	c100	sample	0	0-SRR5935767	status	0
20261008-155257-b74c0f2-6d43-n16-r11	11	c100	sample	0	0-SRR5935767	sequences	5166420
20261008-155257-b74c0f2-6d43-n16-r11	11	c100	sample	0	0-SRR5935767	bases	956191777
20261008-155257-b74c0f2-6d43-n16-r11	11	c100	sample	0	0-SRR5935767	classified	4901709
20261008-155257-b74c0f2-6d43-n16-r11	11	c100	sample	0	0-SRR5935767	place	lpt
20261008-155257-b74c0f2-6d43-n16-r11	11	c100	sample	0	0-SRR5935767	weight	5166420
20261008-155257-b74c0f2-6d43-n16-r11	11	c100	phase			batch-barrier-0	1.445772
20261008-155257-b74c0f2-6d43-n16-r11	11	c100	phase			batch-barrier-0.start_s	69.757739
20261008-155257-b74c0f2-6d43-n16-r11	11	c100	engine.mem			t_s	75.0
20261008-155257-b74c0f2-6d43-n16-r11	11	c100	engine.mem			rss_kib	78746856
20261008-155257-b74c0f2-6d43-n16-r11	11	c100	engine.mem			hwm_kib	79293748
20261008-155257-b74c0f2-6d43-n16-r11	11	c100	engine.mem			heap_inuse	4470636544
20261008-155257-b74c0f2-6d43-n16-r11	11	c100	engine.mem			sys	7010926840
20261008-155257-b74c0f2-6d43-n16-r11	11	c100	engine.mem			avail_kib	15264248
20261008-155257-b74c0f2-6d43-n16-r11	11	c100	sample	1	1-SRR5935751	mode	parallel
20261008-155257-b74c0f2-6d43-n16-r11	11	c100	sample	1	1-SRR5935751	s3client	sdk
20261008-155257-b74c0f2-6d43-n16-r11	11	c100	sample	1	1-SRR5935751	rank	11
20261008-155257-b74c0f2-6d43-n16-r11	11	c100	sample	1	1-SRR5935751	role	home
20261008-155257-b74c0f2-6d43-n16-r11	11	c100	sample	1	1-SRR5935751	inflight	1
20261008-155257-b74c0f2-6d43-n16-r11	11	c100	sample	1	1-SRR5935751	threads	16
20261008-155257-b74c0f2-6d43-n16-r11	11	c100	sample	1	1-SRR5935751	start_s	71.203531
20261008-155257-b74c0f2-6d43-n16-r11	11	c100	sample	1	1-SRR5935751	wall_s	8.894447
20261008-155257-b74c0f2-6d43-n16-r11	11	c100	sample	1	1-SRR5935751	setup_s	0.000035
20261008-155257-b74c0f2-6d43-n16-r11	11	c100	sample	1	1-SRR5935751	classify_s	8.496618
20261008-155257-b74c0f2-6d43-n16-r11	11	c100	sample	1	1-SRR5935751	close_s	0.242423
20261008-155257-b74c0f2-6d43-n16-r11	11	c100	sample	1	1-SRR5935751	report_s	0.149433
20261008-155257-b74c0f2-6d43-n16-r11	11	c100	sample	1	1-SRR5935751	status	0
20261008-155257-b74c0f2-6d43-n16-r11	11	c100	sample	1	1-SRR5935751	sequences	18645445
20261008-155257-b74c0f2-6d43-n16-r11	11	c100	sample	1	1-SRR5935751	bases	3449573600
20261008-155257-b74c0f2-6d43-n16-r11	11	c100	sample	1	1-SRR5935751	classified	18393099
20261008-155257-b74c0f2-6d43-n16-r11	11	c100	sample	1	1-SRR5935751	place	mod
20261008-155257-b74c0f2-6d43-n16-r11	11	c100	sample	1	1-SRR5935751	weight	18645445
20261008-155257-b74c0f2-6d43-n16-r11	11	c100	sample	1	1-SRR5935767	mode	parallel
20261008-155257-b74c0f2-6d43-n16-r11	11	c100	sample	1	1-SRR5935767	s3client	sdk
20261008-155257-b74c0f2-6d43-n16-r11	11	c100	sample	1	1-SRR5935767	rank	11
20261008-155257-b74c0f2-6d43-n16-r11	11	c100	sample	1	1-SRR5935767	role	home
20261008-155257-b74c0f2-6d43-n16-r11	11	c100	sample	1	1-SRR5935767	inflight	1
20261008-155257-b74c0f2-6d43-n16-r11	11	c100	sample	1	1-SRR5935767	threads	16
20261008-155257-b74c0f2-6d43-n16-r11	11	c100	sample	1	1-SRR5935767	start_s	80.097995
20261008-155257-b74c0f2-6d43-n16-r11	11	c100	sample	1	1-SRR5935767	wall_s	2.894375
20261008-155257-b74c0f2-6d43-n16-r11	11	c100	sample	1	1-SRR5935767	setup_s	0.000033
20261008-155257-b74c0f2-6d43-n16-r11	11	c100	sample	1	1-SRR5935767	classify_s	2.488186
20261008-155257-b74c0f2-6d43-n16-r11	11	c100	sample	1	1-SRR5935767	close_s	0.279274
20261008-155257-b74c0f2-6d43-n16-r11	11	c100	sample	1	1-SRR5935767	report_s	0.121903
20261008-155257-b74c0f2-6d43-n16-r11	11	c100	sample	1	1-SRR5935767	status	0
20261008-155257-b74c0f2-6d43-n16-r11	11	c100	sample	1	1-SRR5935767	sequences	5166420
20261008-155257-b74c0f2-6d43-n16-r11	11	c100	sample	1	1-SRR5935767	bases	956191777
20261008-155257-b74c0f2-6d43-n16-r11	11	c100	sample	1	1-SRR5935767	classified	4901709
20261008-155257-b74c0f2-6d43-n16-r11	11	c100	sample	1	1-SRR5935767	place	mod
20261008-155257-b74c0f2-6d43-n16-r11	11	c100	sample	1	1-SRR5935767	weight	5166420
20261008-155257-b74c0f2-6d43-n16-r11	11	c100	sample	1	1-SRR5935783	mode	parallel
20261008-155257-b74c0f2-6d43-n16-r11	11	c100	sample	1	1-SRR5935783	s3client	sdk
20261008-155257-b74c0f2-6d43-n16-r11	11	c100	sample	1	1-SRR5935783	rank	11
20261008-155257-b74c0f2-6d43-n16-r11	11	c100	sample	1	1-SRR5935783	role	home
20261008-155257-b74c0f2-6d43-n16-r11	11	c100	sample	1	1-SRR5935783	inflight	1
20261008-155257-b74c0f2-6d43-n16-r11	11	c100	sample	1	1-SRR5935783	threads	16
20261008-155257-b74c0f2-6d43-n16-r11	11	c100	sample	1	1-SRR5935783	start_s	82.992383
20261008-155257-b74c0f2-6d43-n16-r11	11	c100	sample	1	1-SRR5935783	wall_s	1.827343
20261008-155257-b74c0f2-6d43-n16-r11	11	c100	sample	1	1-SRR5935783	setup_s	0.000046
20261008-155257-b74c0f2-6d43-n16-r11	11	c100	sample	1	1-SRR5935783	classify_s	1.311167
20261008-155257-b74c0f2-6d43-n16-r11	11	c100	sample	1	1-SRR5935783	close_s	0.401639
20261008-155257-b74c0f2-6d43-n16-r11	11	c100	sample	1	1-SRR5935783	report_s	0.112019
20261008-155257-b74c0f2-6d43-n16-r11	11	c100	sample	1	1-SRR5935783	status	0
20261008-155257-b74c0f2-6d43-n16-r11	11	c100	sample	1	1-SRR5935783	sequences	2565282
20261008-155257-b74c0f2-6d43-n16-r11	11	c100	sample	1	1-SRR5935783	bases	465562992
20261008-155257-b74c0f2-6d43-n16-r11	11	c100	sample	1	1-SRR5935783	classified	2508539
20261008-155257-b74c0f2-6d43-n16-r11	11	c100	sample	1	1-SRR5935783	place	mod
20261008-155257-b74c0f2-6d43-n16-r11	11	c100	sample	1	1-SRR5935783	weight	2565282
20261008-155257-b74c0f2-6d43-n16-r11	11	c100	sample	1	1-SRR5935799	mode	parallel
20261008-155257-b74c0f2-6d43-n16-r11	11	c100	sample	1	1-SRR5935799	s3client	sdk
20261008-155257-b74c0f2-6d43-n16-r11	11	c100	sample	1	1-SRR5935799	rank	11
20261008-155257-b74c0f2-6d43-n16-r11	11	c100	sample	1	1-SRR5935799	role	home
20261008-155257-b74c0f2-6d43-n16-r11	11	c100	sample	1	1-SRR5935799	inflight	1
20261008-155257-b74c0f2-6d43-n16-r11	11	c100	sample	1	1-SRR5935799	threads	16
20261008-155257-b74c0f2-6d43-n16-r11	11	c100	sample	1	1-SRR5935799	start_s	84.819738
20261008-155257-b74c0f2-6d43-n16-r11	11	c100	sample	1	1-SRR5935799	wall_s	4.516989
20261008-155257-b74c0f2-6d43-n16-r11	11	c100	sample	1	1-SRR5935799	setup_s	0.000035
20261008-155257-b74c0f2-6d43-n16-r11	11	c100	sample	1	1-SRR5935799	classify_s	4.123018
20261008-155257-b74c0f2-6d43-n16-r11	11	c100	sample	1	1-SRR5935799	close_s	0.230990
20261008-155257-b74c0f2-6d43-n16-r11	11	c100	sample	1	1-SRR5935799	report_s	0.149473
20261008-155257-b74c0f2-6d43-n16-r11	11	c100	sample	1	1-SRR5935799	status	0
20261008-155257-b74c0f2-6d43-n16-r11	11	c100	sample	1	1-SRR5935799	sequences	9090205
20261008-155257-b74c0f2-6d43-n16-r11	11	c100	sample	1	1-SRR5935799	bases	1661371324
20261008-155257-b74c0f2-6d43-n16-r11	11	c100	sample	1	1-SRR5935799	classified	7439975
20261008-155257-b74c0f2-6d43-n16-r11	11	c100	sample	1	1-SRR5935799	place	mod
20261008-155257-b74c0f2-6d43-n16-r11	11	c100	sample	1	1-SRR5935799	weight	9090205
20261008-155257-b74c0f2-6d43-n16-r11	11	c100	engine.mem			t_s	90.0
20261008-155257-b74c0f2-6d43-n16-r11	11	c100	engine.mem			rss_kib	77982560
20261008-155257-b74c0f2-6d43-n16-r11	11	c100	engine.mem			hwm_kib	79293748
20261008-155257-b74c0f2-6d43-n16-r11	11	c100	engine.mem			heap_inuse	4199653376
20261008-155257-b74c0f2-6d43-n16-r11	11	c100	engine.mem			sys	7020822776
20261008-155257-b74c0f2-6d43-n16-r11	11	c100	engine.mem			avail_kib	14835264
20261008-155257-b74c0f2-6d43-n16-r11	11	c100	sample	1	1-SRR5935815	mode	parallel
20261008-155257-b74c0f2-6d43-n16-r11	11	c100	sample	1	1-SRR5935815	s3client	sdk
20261008-155257-b74c0f2-6d43-n16-r11	11	c100	sample	1	1-SRR5935815	rank	11
20261008-155257-b74c0f2-6d43-n16-r11	11	c100	sample	1	1-SRR5935815	role	home
20261008-155257-b74c0f2-6d43-n16-r11	11	c100	sample	1	1-SRR5935815	inflight	1
20261008-155257-b74c0f2-6d43-n16-r11	11	c100	sample	1	1-SRR5935815	threads	16
20261008-155257-b74c0f2-6d43-n16-r11	11	c100	sample	1	1-SRR5935815	start_s	89.336742
20261008-155257-b74c0f2-6d43-n16-r11	11	c100	sample	1	1-SRR5935815	wall_s	4.024770
20261008-155257-b74c0f2-6d43-n16-r11	11	c100	sample	1	1-SRR5935815	setup_s	0.000041
20261008-155257-b74c0f2-6d43-n16-r11	11	c100	sample	1	1-SRR5935815	classify_s	3.473032
20261008-155257-b74c0f2-6d43-n16-r11	11	c100	sample	1	1-SRR5935815	close_s	0.334042
20261008-155257-b74c0f2-6d43-n16-r11	11	c100	sample	1	1-SRR5935815	report_s	0.212030
20261008-155257-b74c0f2-6d43-n16-r11	11	c100	sample	1	1-SRR5935815	status	0
20261008-155257-b74c0f2-6d43-n16-r11	11	c100	sample	1	1-SRR5935815	sequences	7153468
20261008-155257-b74c0f2-6d43-n16-r11	11	c100	sample	1	1-SRR5935815	bases	1337267943
20261008-155257-b74c0f2-6d43-n16-r11	11	c100	sample	1	1-SRR5935815	classified	6947959
20261008-155257-b74c0f2-6d43-n16-r11	11	c100	sample	1	1-SRR5935815	place	mod
20261008-155257-b74c0f2-6d43-n16-r11	11	c100	sample	1	1-SRR5935815	weight	7153468
20261008-155257-b74c0f2-6d43-n16-r11	11	c100	sample	1	1-SRR5935831	mode	parallel
20261008-155257-b74c0f2-6d43-n16-r11	11	c100	sample	1	1-SRR5935831	s3client	sdk
20261008-155257-b74c0f2-6d43-n16-r11	11	c100	sample	1	1-SRR5935831	rank	11
20261008-155257-b74c0f2-6d43-n16-r11	11	c100	sample	1	1-SRR5935831	role	home
20261008-155257-b74c0f2-6d43-n16-r11	11	c100	sample	1	1-SRR5935831	inflight	1
20261008-155257-b74c0f2-6d43-n16-r11	11	c100	sample	1	1-SRR5935831	threads	16
20261008-155257-b74c0f2-6d43-n16-r11	11	c100	sample	1	1-SRR5935831	start_s	93.361525
20261008-155257-b74c0f2-6d43-n16-r11	11	c100	sample	1	1-SRR5935831	wall_s	6.266067
20261008-155257-b74c0f2-6d43-n16-r11	11	c100	sample	1	1-SRR5935831	setup_s	0.000038
20261008-155257-b74c0f2-6d43-n16-r11	11	c100	sample	1	1-SRR5935831	classify_s	5.831756
20261008-155257-b74c0f2-6d43-n16-r11	11	c100	sample	1	1-SRR5935831	close_s	0.319756
20261008-155257-b74c0f2-6d43-n16-r11	11	c100	sample	1	1-SRR5935831	report_s	0.110636
20261008-155257-b74c0f2-6d43-n16-r11	11	c100	sample	1	1-SRR5935831	status	0
20261008-155257-b74c0f2-6d43-n16-r11	11	c100	sample	1	1-SRR5935831	sequences	12793053
20261008-155257-b74c0f2-6d43-n16-r11	11	c100	sample	1	1-SRR5935831	bases	2357685670
20261008-155257-b74c0f2-6d43-n16-r11	11	c100	sample	1	1-SRR5935831	classified	12609886
20261008-155257-b74c0f2-6d43-n16-r11	11	c100	sample	1	1-SRR5935831	place	mod
20261008-155257-b74c0f2-6d43-n16-r11	11	c100	sample	1	1-SRR5935831	weight	12793053
20261008-155257-b74c0f2-6d43-n16-r11	11	c100	engine.mem			t_s	105.0
20261008-155257-b74c0f2-6d43-n16-r11	11	c100	engine.mem			rss_kib	78799036
20261008-155257-b74c0f2-6d43-n16-r11	11	c100	engine.mem			hwm_kib	79293748
20261008-155257-b74c0f2-6d43-n16-r11	11	c100	engine.mem			heap_inuse	3632545792
20261008-155257-b74c0f2-6d43-n16-r11	11	c100	engine.mem			sys	7025025272
20261008-155257-b74c0f2-6d43-n16-r11	11	c100	engine.mem			avail_kib	14419244
20261008-155257-b74c0f2-6d43-n16-r11	11	c100	phase			batch-barrier-1	18.745366
20261008-155257-b74c0f2-6d43-n16-r11	11	c100	phase			batch-barrier-1.start_s	99.627603
20261008-155257-b74c0f2-6d43-n16-r11	11	c100	engine.mem			t_s	120.0
20261008-155257-b74c0f2-6d43-n16-r11	11	c100	engine.mem			rss_kib	78676572
20261008-155257-b74c0f2-6d43-n16-r11	11	c100	engine.mem			hwm_kib	79293748
20261008-155257-b74c0f2-6d43-n16-r11	11	c100	engine.mem			heap_inuse	4416061440
20261008-155257-b74c0f2-6d43-n16-r11	11	c100	engine.mem			sys	7025025272
20261008-155257-b74c0f2-6d43-n16-r11	11	c100	engine.mem			avail_kib	15758056
20261008-155257-b74c0f2-6d43-n16-r11	11	c100	sample	2	2-SRR5935787	mode	parallel
20261008-155257-b74c0f2-6d43-n16-r11	11	c100	sample	2	2-SRR5935787	s3client	sdk
20261008-155257-b74c0f2-6d43-n16-r11	11	c100	sample	2	2-SRR5935787	rank	11
20261008-155257-b74c0f2-6d43-n16-r11	11	c100	sample	2	2-SRR5935787	role	home
20261008-155257-b74c0f2-6d43-n16-r11	11	c100	sample	2	2-SRR5935787	inflight	1
20261008-155257-b74c0f2-6d43-n16-r11	11	c100	sample	2	2-SRR5935787	threads	16
20261008-155257-b74c0f2-6d43-n16-r11	11	c100	sample	2	2-SRR5935787	start_s	118.373006
20261008-155257-b74c0f2-6d43-n16-r11	11	c100	sample	2	2-SRR5935787	wall_s	7.964932
20261008-155257-b74c0f2-6d43-n16-r11	11	c100	sample	2	2-SRR5935787	setup_s	0.000037
20261008-155257-b74c0f2-6d43-n16-r11	11	c100	sample	2	2-SRR5935787	classify_s	7.576779
20261008-155257-b74c0f2-6d43-n16-r11	11	c100	sample	2	2-SRR5935787	close_s	0.265124
20261008-155257-b74c0f2-6d43-n16-r11	11	c100	sample	2	2-SRR5935787	report_s	0.117792
20261008-155257-b74c0f2-6d43-n16-r11	11	c100	sample	2	2-SRR5935787	status	0
20261008-155257-b74c0f2-6d43-n16-r11	11	c100	sample	2	2-SRR5935787	sequences	16351397
20261008-155257-b74c0f2-6d43-n16-r11	11	c100	sample	2	2-SRR5935787	bases	3065557655
20261008-155257-b74c0f2-6d43-n16-r11	11	c100	sample	2	2-SRR5935787	classified	16166849
20261008-155257-b74c0f2-6d43-n16-r11	11	c100	sample	2	2-SRR5935787	place	lpt
20261008-155257-b74c0f2-6d43-n16-r11	11	c100	sample	2	2-SRR5935787	weight	16351397
20261008-155257-b74c0f2-6d43-n16-r11	11	c100	sample	2	2-SRR5935810	mode	parallel
20261008-155257-b74c0f2-6d43-n16-r11	11	c100	sample	2	2-SRR5935810	s3client	sdk
20261008-155257-b74c0f2-6d43-n16-r11	11	c100	sample	2	2-SRR5935810	rank	11
20261008-155257-b74c0f2-6d43-n16-r11	11	c100	sample	2	2-SRR5935810	role	home
20261008-155257-b74c0f2-6d43-n16-r11	11	c100	sample	2	2-SRR5935810	inflight	1
20261008-155257-b74c0f2-6d43-n16-r11	11	c100	sample	2	2-SRR5935810	threads	16
20261008-155257-b74c0f2-6d43-n16-r11	11	c100	sample	2	2-SRR5935810	start_s	126.337952
20261008-155257-b74c0f2-6d43-n16-r11	11	c100	sample	2	2-SRR5935810	wall_s	7.351993
20261008-155257-b74c0f2-6d43-n16-r11	11	c100	sample	2	2-SRR5935810	setup_s	0.000039
20261008-155257-b74c0f2-6d43-n16-r11	11	c100	sample	2	2-SRR5935810	classify_s	6.961888
20261008-155257-b74c0f2-6d43-n16-r11	11	c100	sample	2	2-SRR5935810	close_s	0.213513
20261008-155257-b74c0f2-6d43-n16-r11	11	c100	sample	2	2-SRR5935810	report_s	0.163462
20261008-155257-b74c0f2-6d43-n16-r11	11	c100	sample	2	2-SRR5935810	status	0
20261008-155257-b74c0f2-6d43-n16-r11	11	c100	sample	2	2-SRR5935810	sequences	15280552
20261008-155257-b74c0f2-6d43-n16-r11	11	c100	sample	2	2-SRR5935810	bases	2858109884
20261008-155257-b74c0f2-6d43-n16-r11	11	c100	sample	2	2-SRR5935810	classified	13785544
20261008-155257-b74c0f2-6d43-n16-r11	11	c100	sample	2	2-SRR5935810	place	lpt
20261008-155257-b74c0f2-6d43-n16-r11	11	c100	sample	2	2-SRR5935810	weight	15280552
20261008-155257-b74c0f2-6d43-n16-r11	11	c100	engine.mem			t_s	135.0
20261008-155257-b74c0f2-6d43-n16-r11	11	c100	engine.mem			rss_kib	78398340
20261008-155257-b74c0f2-6d43-n16-r11	11	c100	engine.mem			hwm_kib	79403088
20261008-155257-b74c0f2-6d43-n16-r11	11	c100	engine.mem			heap_inuse	4967505920
20261008-155257-b74c0f2-6d43-n16-r11	11	c100	engine.mem			sys	7234965800
20261008-155257-b74c0f2-6d43-n16-r11	11	c100	engine.mem			avail_kib	15288300
20261008-155257-b74c0f2-6d43-n16-r11	11	c100	sample	2	2-SRR5935794	mode	parallel
20261008-155257-b74c0f2-6d43-n16-r11	11	c100	sample	2	2-SRR5935794	s3client	sdk
20261008-155257-b74c0f2-6d43-n16-r11	11	c100	sample	2	2-SRR5935794	rank	11
20261008-155257-b74c0f2-6d43-n16-r11	11	c100	sample	2	2-SRR5935794	role	home
20261008-155257-b74c0f2-6d43-n16-r11	11	c100	sample	2	2-SRR5935794	inflight	1
20261008-155257-b74c0f2-6d43-n16-r11	11	c100	sample	2	2-SRR5935794	threads	16
20261008-155257-b74c0f2-6d43-n16-r11	11	c100	sample	2	2-SRR5935794	start_s	133.689957
20261008-155257-b74c0f2-6d43-n16-r11	11	c100	sample	2	2-SRR5935794	wall_s	6.456277
20261008-155257-b74c0f2-6d43-n16-r11	11	c100	sample	2	2-SRR5935794	setup_s	0.000040
20261008-155257-b74c0f2-6d43-n16-r11	11	c100	sample	2	2-SRR5935794	classify_s	6.093397
20261008-155257-b74c0f2-6d43-n16-r11	11	c100	sample	2	2-SRR5935794	close_s	0.231753
20261008-155257-b74c0f2-6d43-n16-r11	11	c100	sample	2	2-SRR5935794	report_s	0.126413
20261008-155257-b74c0f2-6d43-n16-r11	11	c100	sample	2	2-SRR5935794	status	0
20261008-155257-b74c0f2-6d43-n16-r11	11	c100	sample	2	2-SRR5935794	sequences	13404063
20261008-155257-b74c0f2-6d43-n16-r11	11	c100	sample	2	2-SRR5935794	bases	2484447317
20261008-155257-b74c0f2-6d43-n16-r11	11	c100	sample	2	2-SRR5935794	classified	13071600
20261008-155257-b74c0f2-6d43-n16-r11	11	c100	sample	2	2-SRR5935794	place	lpt
20261008-155257-b74c0f2-6d43-n16-r11	11	c100	sample	2	2-SRR5935794	weight	13404063
20261008-155257-b74c0f2-6d43-n16-r11	11	c100	sample	2	2-SRR5935788	mode	parallel
20261008-155257-b74c0f2-6d43-n16-r11	11	c100	sample	2	2-SRR5935788	s3client	sdk
20261008-155257-b74c0f2-6d43-n16-r11	11	c100	sample	2	2-SRR5935788	rank	11
20261008-155257-b74c0f2-6d43-n16-r11	11	c100	sample	2	2-SRR5935788	role	home
20261008-155257-b74c0f2-6d43-n16-r11	11	c100	sample	2	2-SRR5935788	inflight	1
20261008-155257-b74c0f2-6d43-n16-r11	11	c100	sample	2	2-SRR5935788	threads	16
20261008-155257-b74c0f2-6d43-n16-r11	11	c100	sample	2	2-SRR5935788	start_s	140.146248
20261008-155257-b74c0f2-6d43-n16-r11	11	c100	sample	2	2-SRR5935788	wall_s	5.559796
20261008-155257-b74c0f2-6d43-n16-r11	11	c100	sample	2	2-SRR5935788	setup_s	0.000040
20261008-155257-b74c0f2-6d43-n16-r11	11	c100	sample	2	2-SRR5935788	classify_s	5.142826
20261008-155257-b74c0f2-6d43-n16-r11	11	c100	sample	2	2-SRR5935788	close_s	0.291003
20261008-155257-b74c0f2-6d43-n16-r11	11	c100	sample	2	2-SRR5935788	report_s	0.121135
20261008-155257-b74c0f2-6d43-n16-r11	11	c100	sample	2	2-SRR5935788	status	0
20261008-155257-b74c0f2-6d43-n16-r11	11	c100	sample	2	2-SRR5935788	sequences	11073410
20261008-155257-b74c0f2-6d43-n16-r11	11	c100	sample	2	2-SRR5935788	bases	2024074094
20261008-155257-b74c0f2-6d43-n16-r11	11	c100	sample	2	2-SRR5935788	classified	10832572
20261008-155257-b74c0f2-6d43-n16-r11	11	c100	sample	2	2-SRR5935788	place	lpt
20261008-155257-b74c0f2-6d43-n16-r11	11	c100	sample	2	2-SRR5935788	weight	11073410
20261008-155257-b74c0f2-6d43-n16-r11	11	c100	engine.mem			t_s	150.0
20261008-155257-b74c0f2-6d43-n16-r11	11	c100	engine.mem			rss_kib	78718544
20261008-155257-b74c0f2-6d43-n16-r11	11	c100	engine.mem			hwm_kib	79403088
20261008-155257-b74c0f2-6d43-n16-r11	11	c100	engine.mem			heap_inuse	5048426496
20261008-155257-b74c0f2-6d43-n16-r11	11	c100	engine.mem			sys	7234982184
20261008-155257-b74c0f2-6d43-n16-r11	11	c100	engine.mem			avail_kib	14588136
20261008-155257-b74c0f2-6d43-n16-r11	11	c100	sample	2	2-SRR5935799	mode	parallel
20261008-155257-b74c0f2-6d43-n16-r11	11	c100	sample	2	2-SRR5935799	s3client	sdk
20261008-155257-b74c0f2-6d43-n16-r11	11	c100	sample	2	2-SRR5935799	rank	11
20261008-155257-b74c0f2-6d43-n16-r11	11	c100	sample	2	2-SRR5935799	role	home
20261008-155257-b74c0f2-6d43-n16-r11	11	c100	sample	2	2-SRR5935799	inflight	1
20261008-155257-b74c0f2-6d43-n16-r11	11	c100	sample	2	2-SRR5935799	threads	16
20261008-155257-b74c0f2-6d43-n16-r11	11	c100	sample	2	2-SRR5935799	start_s	145.706058
20261008-155257-b74c0f2-6d43-n16-r11	11	c100	sample	2	2-SRR5935799	wall_s	4.549016
20261008-155257-b74c0f2-6d43-n16-r11	11	c100	sample	2	2-SRR5935799	setup_s	0.000037
20261008-155257-b74c0f2-6d43-n16-r11	11	c100	sample	2	2-SRR5935799	classify_s	4.135773
20261008-155257-b74c0f2-6d43-n16-r11	11	c100	sample	2	2-SRR5935799	close_s	0.229747
20261008-155257-b74c0f2-6d43-n16-r11	11	c100	sample	2	2-SRR5935799	report_s	0.170409
20261008-155257-b74c0f2-6d43-n16-r11	11	c100	sample	2	2-SRR5935799	status	0
20261008-155257-b74c0f2-6d43-n16-r11	11	c100	sample	2	2-SRR5935799	sequences	9090205
20261008-155257-b74c0f2-6d43-n16-r11	11	c100	sample	2	2-SRR5935799	bases	1661371324
20261008-155257-b74c0f2-6d43-n16-r11	11	c100	sample	2	2-SRR5935799	classified	7439975
20261008-155257-b74c0f2-6d43-n16-r11	11	c100	sample	2	2-SRR5935799	place	lpt
20261008-155257-b74c0f2-6d43-n16-r11	11	c100	sample	2	2-SRR5935799	weight	9090205
20261008-155257-b74c0f2-6d43-n16-r11	11	c100	sample	2	2-SRR5935767	mode	parallel
20261008-155257-b74c0f2-6d43-n16-r11	11	c100	sample	2	2-SRR5935767	s3client	sdk
20261008-155257-b74c0f2-6d43-n16-r11	11	c100	sample	2	2-SRR5935767	rank	11
20261008-155257-b74c0f2-6d43-n16-r11	11	c100	sample	2	2-SRR5935767	role	home
20261008-155257-b74c0f2-6d43-n16-r11	11	c100	sample	2	2-SRR5935767	inflight	1
20261008-155257-b74c0f2-6d43-n16-r11	11	c100	sample	2	2-SRR5935767	threads	16
20261008-155257-b74c0f2-6d43-n16-r11	11	c100	sample	2	2-SRR5935767	start_s	150.255090
20261008-155257-b74c0f2-6d43-n16-r11	11	c100	sample	2	2-SRR5935767	wall_s	2.858819
20261008-155257-b74c0f2-6d43-n16-r11	11	c100	sample	2	2-SRR5935767	setup_s	0.000038
20261008-155257-b74c0f2-6d43-n16-r11	11	c100	sample	2	2-SRR5935767	classify_s	2.491015
20261008-155257-b74c0f2-6d43-n16-r11	11	c100	sample	2	2-SRR5935767	close_s	0.250546
20261008-155257-b74c0f2-6d43-n16-r11	11	c100	sample	2	2-SRR5935767	report_s	0.112258
20261008-155257-b74c0f2-6d43-n16-r11	11	c100	sample	2	2-SRR5935767	status	0
20261008-155257-b74c0f2-6d43-n16-r11	11	c100	sample	2	2-SRR5935767	sequences	5166420
20261008-155257-b74c0f2-6d43-n16-r11	11	c100	sample	2	2-SRR5935767	bases	956191777
20261008-155257-b74c0f2-6d43-n16-r11	11	c100	sample	2	2-SRR5935767	classified	4901709
20261008-155257-b74c0f2-6d43-n16-r11	11	c100	sample	2	2-SRR5935767	place	lpt
20261008-155257-b74c0f2-6d43-n16-r11	11	c100	sample	2	2-SRR5935767	weight	5166420
20261008-155257-b74c0f2-6d43-n16-r11	11	c100	phase			batch-barrier-2	2.423162
20261008-155257-b74c0f2-6d43-n16-r11	11	c100	phase			batch-barrier-2.start_s	153.113923
20261008-155257-b74c0f2-6d43-n16-r11	11	c100	phase			barrier	0.927574
20261008-155257-b74c0f2-6d43-n16-r11	11	c100	phase			barrier.start_s	160.690426
20261008-155257-b74c0f2-6d43-n16-r11	11	c100	sample	3	3-SRR5935740	mode	striped
20261008-155257-b74c0f2-6d43-n16-r11	11	c100	sample	3	3-SRR5935740	s3client	sdk
20261008-155257-b74c0f2-6d43-n16-r11	11	c100	sample	3	3-SRR5935740	rank	11
20261008-155257-b74c0f2-6d43-n16-r11	11	c100	sample	3	3-SRR5935740	role	peer
20261008-155257-b74c0f2-6d43-n16-r11	11	c100	sample	3	3-SRR5935740	inflight	1
20261008-155257-b74c0f2-6d43-n16-r11	11	c100	sample	3	3-SRR5935740	threads	16
20261008-155257-b74c0f2-6d43-n16-r11	11	c100	sample	3	3-SRR5935740	start_s	156.055858
20261008-155257-b74c0f2-6d43-n16-r11	11	c100	sample	3	3-SRR5935740	wall_s	5.562172
20261008-155257-b74c0f2-6d43-n16-r11	11	c100	sample	3	3-SRR5935740	setup_s	0.000029
20261008-155257-b74c0f2-6d43-n16-r11	11	c100	sample	3	3-SRR5935740	classify_s	4.631218
20261008-155257-b74c0f2-6d43-n16-r11	11	c100	sample	3	3-SRR5935740	close_s	0.000000
20261008-155257-b74c0f2-6d43-n16-r11	11	c100	sample	3	3-SRR5935740	report_s	0.000000
20261008-155257-b74c0f2-6d43-n16-r11	11	c100	sample	3	3-SRR5935740	status	0
20261008-155257-b74c0f2-6d43-n16-r11	11	c100	sample	3	3-SRR5935740	sequences	0
20261008-155257-b74c0f2-6d43-n16-r11	11	c100	sample	3	3-SRR5935740	bases	0
20261008-155257-b74c0f2-6d43-n16-r11	11	c100	sample	3	3-SRR5935740	classified	0
20261008-155257-b74c0f2-6d43-n16-r11	11	c100	sample	3	3-SRR5935740	place	-
20261008-155257-b74c0f2-6d43-n16-r11	11	c100	sample	3	3-SRR5935740	weight	-
20261008-155257-b74c0f2-6d43-n16-r11	11	c100	phase			batch-barrier-3	0.567324
20261008-155257-b74c0f2-6d43-n16-r11	11	c100	phase			batch-barrier-3.start_s	161.618037
20261008-155257-b74c0f2-6d43-n16-r11	11	c100	engine.mem			t_s	165.0
20261008-155257-b74c0f2-6d43-n16-r11	11	c100	engine.mem			rss_kib	74652524
20261008-155257-b74c0f2-6d43-n16-r11	11	c100	engine.mem			hwm_kib	79403088
20261008-155257-b74c0f2-6d43-n16-r11	11	c100	engine.mem			heap_inuse	1601265664
20261008-155257-b74c0f2-6d43-n16-r11	11	c100	engine.mem			sys	7234982184
20261008-155257-b74c0f2-6d43-n16-r11	11	c100	engine.mem			avail_kib	19221964
20261008-155257-b74c0f2-6d43-n16-r11	11	c100	phase			barrier	0.182873
20261008-155257-b74c0f2-6d43-n16-r11	11	c100	phase			barrier.start_s	167.622618
20261008-155257-b74c0f2-6d43-n16-r11	11	c100	sample	4	4-SRR5935740	mode	striped
20261008-155257-b74c0f2-6d43-n16-r11	11	c100	sample	4	4-SRR5935740	s3client	sdk
20261008-155257-b74c0f2-6d43-n16-r11	11	c100	sample	4	4-SRR5935740	rank	11
20261008-155257-b74c0f2-6d43-n16-r11	11	c100	sample	4	4-SRR5935740	role	peer
20261008-155257-b74c0f2-6d43-n16-r11	11	c100	sample	4	4-SRR5935740	inflight	1
20261008-155257-b74c0f2-6d43-n16-r11	11	c100	sample	4	4-SRR5935740	threads	16
20261008-155257-b74c0f2-6d43-n16-r11	11	c100	sample	4	4-SRR5935740	start_s	162.980401
20261008-155257-b74c0f2-6d43-n16-r11	11	c100	sample	4	4-SRR5935740	wall_s	4.825126
20261008-155257-b74c0f2-6d43-n16-r11	11	c100	sample	4	4-SRR5935740	setup_s	0.000028
20261008-155257-b74c0f2-6d43-n16-r11	11	c100	sample	4	4-SRR5935740	classify_s	4.639122
20261008-155257-b74c0f2-6d43-n16-r11	11	c100	sample	4	4-SRR5935740	close_s	0.000000
20261008-155257-b74c0f2-6d43-n16-r11	11	c100	sample	4	4-SRR5935740	report_s	0.000000
20261008-155257-b74c0f2-6d43-n16-r11	11	c100	sample	4	4-SRR5935740	status	0
20261008-155257-b74c0f2-6d43-n16-r11	11	c100	sample	4	4-SRR5935740	sequences	0
20261008-155257-b74c0f2-6d43-n16-r11	11	c100	sample	4	4-SRR5935740	bases	0
20261008-155257-b74c0f2-6d43-n16-r11	11	c100	sample	4	4-SRR5935740	classified	0
20261008-155257-b74c0f2-6d43-n16-r11	11	c100	sample	4	4-SRR5935740	place	-
20261008-155257-b74c0f2-6d43-n16-r11	11	c100	sample	4	4-SRR5935740	weight	-
20261008-155257-b74c0f2-6d43-n16-r11	11	c100	phase			batch-barrier-4	0.517710
20261008-155257-b74c0f2-6d43-n16-r11	11	c100	phase			batch-barrier-4.start_s	167.805533
20261008-155257-b74c0f2-6d43-n16-r11	11	c100	phase			barrier	0.115071
20261008-155257-b74c0f2-6d43-n16-r11	11	c100	phase			barrier.start_s	173.722181
20261008-155257-b74c0f2-6d43-n16-r11	11	c100	sample	5	5-SRR5935740	mode	striped
20261008-155257-b74c0f2-6d43-n16-r11	11	c100	sample	5	5-SRR5935740	s3client	sdk
20261008-155257-b74c0f2-6d43-n16-r11	11	c100	sample	5	5-SRR5935740	rank	11
20261008-155257-b74c0f2-6d43-n16-r11	11	c100	sample	5	5-SRR5935740	role	peer
20261008-155257-b74c0f2-6d43-n16-r11	11	c100	sample	5	5-SRR5935740	inflight	1
20261008-155257-b74c0f2-6d43-n16-r11	11	c100	sample	5	5-SRR5935740	threads	16
20261008-155257-b74c0f2-6d43-n16-r11	11	c100	sample	5	5-SRR5935740	start_s	169.080299
20261008-155257-b74c0f2-6d43-n16-r11	11	c100	sample	5	5-SRR5935740	wall_s	4.756988
20261008-155257-b74c0f2-6d43-n16-r11	11	c100	sample	5	5-SRR5935740	setup_s	0.000030
20261008-155257-b74c0f2-6d43-n16-r11	11	c100	sample	5	5-SRR5935740	classify_s	4.638885
20261008-155257-b74c0f2-6d43-n16-r11	11	c100	sample	5	5-SRR5935740	close_s	0.000000
20261008-155257-b74c0f2-6d43-n16-r11	11	c100	sample	5	5-SRR5935740	report_s	0.000000
20261008-155257-b74c0f2-6d43-n16-r11	11	c100	sample	5	5-SRR5935740	status	0
20261008-155257-b74c0f2-6d43-n16-r11	11	c100	sample	5	5-SRR5935740	sequences	0
20261008-155257-b74c0f2-6d43-n16-r11	11	c100	sample	5	5-SRR5935740	bases	0
20261008-155257-b74c0f2-6d43-n16-r11	11	c100	sample	5	5-SRR5935740	classified	0
20261008-155257-b74c0f2-6d43-n16-r11	11	c100	sample	5	5-SRR5935740	place	-
20261008-155257-b74c0f2-6d43-n16-r11	11	c100	sample	5	5-SRR5935740	weight	-
20261008-155257-b74c0f2-6d43-n16-r11	11	c100	phase			batch-barrier-5	0.504822
20261008-155257-b74c0f2-6d43-n16-r11	11	c100	phase			batch-barrier-5.start_s	173.837293
20261008-155257-b74c0f2-6d43-n16-r11	11	c100	engine.mem			t_s	180.0
20261008-155257-b74c0f2-6d43-n16-r11	11	c100	engine.mem			rss_kib	76647592
20261008-155257-b74c0f2-6d43-n16-r11	11	c100	engine.mem			hwm_kib	79403088
20261008-155257-b74c0f2-6d43-n16-r11	11	c100	engine.mem			heap_inuse	2646491136
20261008-155257-b74c0f2-6d43-n16-r11	11	c100	engine.mem			sys	7234982184
20261008-155257-b74c0f2-6d43-n16-r11	11	c100	engine.mem			avail_kib	18307944
20261008-155257-b74c0f2-6d43-n16-r11	11	c100	phase			batch-barrier-6	6.123532
20261008-155257-b74c0f2-6d43-n16-r11	11	c100	phase			batch-barrier-6.start_s	174.342126
20261008-155257-b74c0f2-6d43-n16-r11	11	c100	phase			batch-barrier-7	5.066686
20261008-155257-b74c0f2-6d43-n16-r11	11	c100	phase			batch-barrier-7.start_s	180.465674
20261008-155257-b74c0f2-6d43-n16-r11	11	c100	phase			batch-barrier-8	6.124160
20261008-155257-b74c0f2-6d43-n16-r11	11	c100	phase			batch-barrier-8.start_s	185.532378
20261008-155257-b74c0f2-6d43-n16-r11	11	c100	engine.shard			index	0
20261008-155257-b74c0f2-6d43-n16-r11	11	c100	engine.shard			n	16
20261008-155257-b74c0f2-6d43-n16-r11	11	c100	engine.shard			lo	204375131085
20261008-155257-b74c0f2-6d43-n16-r11	11	c100	engine.shard			hi	222954688456
20261008-155257-b74c0f2-6d43-n16-r11	11	c100	engine.shard			tail	302
20261008-155257-b74c0f2-6d43-n16-r11	11	c100	engine.shard			full	false
20261008-155257-b74c0f2-6d43-n16-r11	11	c100	engine.shard			empty_at	18579557371
20261008-155257-b74c0f2-6d43-n16-r11	11	c100	engine.shard			keys	8467632093
20261008-155257-b74c0f2-6d43-n16-r11	11	c100	engine.shard			batches	89910
20261008-155257-b74c0f2-6d43-n16-r11	11	c100	engine.shard			probe_s	161.487530
20261008-155257-b74c0f2-6d43-n16-r11	11	c100	engine.shard			tail_probes	0
20261008-155257-b74c0f2-6d43-n16-r11	11	c100	engine.shard			wrap_probes	0
20261008-155257-b74c0f2-6d43-n16-r11	11	c100	engine.mem			t_s	191.7
20261008-155257-b74c0f2-6d43-n16-r11	11	c100	engine.mem			rss_kib	76647612
20261008-155257-b74c0f2-6d43-n16-r11	11	c100	engine.mem			hwm_kib	79403088
20261008-155257-b74c0f2-6d43-n16-r11	11	c100	engine.mem			heap_inuse	2648817664
20261008-155257-b74c0f2-6d43-n16-r11	11	c100	engine.mem			sys	7234982184
20261008-155257-b74c0f2-6d43-n16-r11	11	c100	engine.mem			avail_kib	18510576
20261008-155257-b74c0f2-6d43-n16-r11	11	c100	engine.rendezvous			puts	13
20261008-155257-b74c0f2-6d43-n16-r11	11	c100	engine.rendezvous			gets	479
20261008-155257-b74c0f2-6d43-n16-r11	11	c100	engine.s3			client	sdk
20261008-155257-b74c0f2-6d43-n16-r11	11	c100	engine.s3			put	31
20261008-155257-b74c0f2-6d43-n16-r11	11	c100	engine.s3			get	479
20261008-155257-b74c0f2-6d43-n16-r11	11	c100	engine.s3			create_multipart	18
20261008-155257-b74c0f2-6d43-n16-r11	11	c100	engine.s3			upload_part	2088
20261008-155257-b74c0f2-6d43-n16-r11	11	c100	engine.s3			complete_multipart	18
20261008-155257-b74c0f2-6d43-n16-r11	11	c100	engine.s3			abort_multipart	0
20261008-155257-b74c0f2-6d43-n16-r11	11	c100	engine.s3			part_bytes	17458072545
20261008-155257-b74c0f2-6d43-n16-r11	11	c100	engine.s3			client	cli
20261008-155257-b74c0f2-6d43-n16-r11	11	c100	engine.s3			put	0
20261008-155257-b74c0f2-6d43-n16-r11	11	c100	engine.s3			get	0
20261008-155257-b74c0f2-6d43-n16-r11	11	c100	engine.s3			create_multipart	0
20261008-155257-b74c0f2-6d43-n16-r11	11	c100	engine.s3			upload_part	0
20261008-155257-b74c0f2-6d43-n16-r11	11	c100	engine.s3			complete_multipart	0
20261008-155257-b74c0f2-6d43-n16-r11	11	c100	engine.s3			abort_multipart	0
20261008-155257-b74c0f2-6d43-n16-r11	11	c100	engine.s3			part_bytes	0
20261008-155257-b74c0f2-6d43-n16-r11	11	c100	engine.load			seconds	24.839063
20261008-155257-b74c0f2-6d43-n16-r11	11	c100	engine.load			requests	1126
20261008-155257-b74c0f2-6d43-n16-r11	11	c100	engine.load			retries	0
20261008-155257-b74c0f2-6d43-n16-r11	11	c100	engine.load			bytes	74318296292
20261008-155257-b74c0f2-6d43-n16-r11	11	c100	engine.route			transport	nodes
20261008-155257-b74c0f2-6d43-n16-r11	11	c100	engine.route			calls	5206
20261008-155257-b74c0f2-6d43-n16-r11	11	c100	engine.route			keys	7865017556
20261008-155257-b74c0f2-6d43-n16-r11	11	c100	engine.route			batches	83296
20261008-155257-b74c0f2-6d43-n16-r11	11	c100	engine.route			route_s	53.559078
20261008-155257-b74c0f2-6d43-n16-r11	11	c100	engine.route			wait_s	38.218083
20261008-155257-b74c0f2-6d43-n16-r11	11	c100	engine.route			gather_s	11.628923
20261008-155257-b74c0f2-6d43-n16-r11	11	c100	engine.worker			scan_s	399.032632
20261008-155257-b74c0f2-6d43-n16-r11	11	c100	engine.worker			lookup_s	103.407831
20261008-155257-b74c0f2-6d43-n16-r11	11	c100	engine.worker			classify_s	339.299071
20261008-155257-b74c0f2-6d43-n16-r11	11	c100	phase			total	191.762378
20261008-155257-b74c0f2-6d43-n16-r11	11	c100	phase			total.start_s	0.000001
20261008-155257-b74c0f2-6d43-n16-r12	12	c100	phase			taxo	0.077024
20261008-155257-b74c0f2-6d43-n16-r12	12	c100	phase			taxo.start_s	0.002718
20261008-155257-b74c0f2-6d43-n16-r12	12	c100	engine.mem			t_s	15.0
20261008-155257-b74c0f2-6d43-n16-r12	12	c100	engine.mem			rss_kib	44891844
20261008-155257-b74c0f2-6d43-n16-r12	12	c100	engine.mem			hwm_kib	44893896
20261008-155257-b74c0f2-6d43-n16-r12	12	c100	engine.mem			heap_inuse	405544960
20261008-155257-b74c0f2-6d43-n16-r12	12	c100	engine.mem			sys	435337576
20261008-155257-b74c0f2-6d43-n16-r12	12	c100	engine.mem			avail_kib	49892416
20261008-155257-b74c0f2-6d43-n16-r12	12	c100	phase			shard-load-12	24.700499
20261008-155257-b74c0f2-6d43-n16-r12	12	c100	phase			shard-load-12.start_s	0.158143
20261008-155257-b74c0f2-6d43-n16-r12	12	c100	phase			rendezvous	4.126884
20261008-155257-b74c0f2-6d43-n16-r12	12	c100	phase			rendezvous.start_s	25.323070
20261008-155257-b74c0f2-6d43-n16-r12	12	c100	phase			connect	0.077273
20261008-155257-b74c0f2-6d43-n16-r12	12	c100	phase			connect.start_s	29.449963
20261008-155257-b74c0f2-6d43-n16-r12	12	c100	phase			hash	29.447488
20261008-155257-b74c0f2-6d43-n16-r12	12	c100	phase			hash.start_s	0.079758
20261008-155257-b74c0f2-6d43-n16-r12	12	c100	engine.mem			t_s	30.0
20261008-155257-b74c0f2-6d43-n16-r12	12	c100	engine.mem			rss_kib	76236936
20261008-155257-b74c0f2-6d43-n16-r12	12	c100	engine.mem			hwm_kib	76236936
20261008-155257-b74c0f2-6d43-n16-r12	12	c100	engine.mem			heap_inuse	3434692608
20261008-155257-b74c0f2-6d43-n16-r12	12	c100	engine.mem			sys	3862584712
20261008-155257-b74c0f2-6d43-n16-r12	12	c100	engine.mem			avail_kib	19017860
20261008-155257-b74c0f2-6d43-n16-r12	12	c100	sample	0	0-SRR5935757	mode	parallel
20261008-155257-b74c0f2-6d43-n16-r12	12	c100	sample	0	0-SRR5935757	s3client	sdk
20261008-155257-b74c0f2-6d43-n16-r12	12	c100	sample	0	0-SRR5935757	rank	12
20261008-155257-b74c0f2-6d43-n16-r12	12	c100	sample	0	0-SRR5935757	role	home
20261008-155257-b74c0f2-6d43-n16-r12	12	c100	sample	0	0-SRR5935757	inflight	1
20261008-155257-b74c0f2-6d43-n16-r12	12	c100	sample	0	0-SRR5935757	threads	16
20261008-155257-b74c0f2-6d43-n16-r12	12	c100	sample	0	0-SRR5935757	start_s	29.527269
20261008-155257-b74c0f2-6d43-n16-r12	12	c100	sample	0	0-SRR5935757	wall_s	7.899810
20261008-155257-b74c0f2-6d43-n16-r12	12	c100	sample	0	0-SRR5935757	setup_s	0.000036
20261008-155257-b74c0f2-6d43-n16-r12	12	c100	sample	0	0-SRR5935757	classify_s	7.461590
20261008-155257-b74c0f2-6d43-n16-r12	12	c100	sample	0	0-SRR5935757	close_s	0.282004
20261008-155257-b74c0f2-6d43-n16-r12	12	c100	sample	0	0-SRR5935757	report_s	0.145265
20261008-155257-b74c0f2-6d43-n16-r12	12	c100	sample	0	0-SRR5935757	status	0
20261008-155257-b74c0f2-6d43-n16-r12	12	c100	sample	0	0-SRR5935757	sequences	16286650
20261008-155257-b74c0f2-6d43-n16-r12	12	c100	sample	0	0-SRR5935757	bases	3018354004
20261008-155257-b74c0f2-6d43-n16-r12	12	c100	sample	0	0-SRR5935757	classified	15278935
20261008-155257-b74c0f2-6d43-n16-r12	12	c100	sample	0	0-SRR5935757	place	lpt
20261008-155257-b74c0f2-6d43-n16-r12	12	c100	sample	0	0-SRR5935757	weight	16286650
20261008-155257-b74c0f2-6d43-n16-r12	12	c100	engine.mem			t_s	45.0
20261008-155257-b74c0f2-6d43-n16-r12	12	c100	engine.mem			rss_kib	78600636
20261008-155257-b74c0f2-6d43-n16-r12	12	c100	engine.mem			hwm_kib	78600636
20261008-155257-b74c0f2-6d43-n16-r12	12	c100	engine.mem			heap_inuse	4742283264
20261008-155257-b74c0f2-6d43-n16-r12	12	c100	engine.mem			sys	6371868760
20261008-155257-b74c0f2-6d43-n16-r12	12	c100	engine.mem			avail_kib	16797464
20261008-155257-b74c0f2-6d43-n16-r12	12	c100	sample	0	0-SRR5935759	mode	parallel
20261008-155257-b74c0f2-6d43-n16-r12	12	c100	sample	0	0-SRR5935759	s3client	sdk
20261008-155257-b74c0f2-6d43-n16-r12	12	c100	sample	0	0-SRR5935759	rank	12
20261008-155257-b74c0f2-6d43-n16-r12	12	c100	sample	0	0-SRR5935759	role	home
20261008-155257-b74c0f2-6d43-n16-r12	12	c100	sample	0	0-SRR5935759	inflight	1
20261008-155257-b74c0f2-6d43-n16-r12	12	c100	sample	0	0-SRR5935759	threads	16
20261008-155257-b74c0f2-6d43-n16-r12	12	c100	sample	0	0-SRR5935759	start_s	37.427094
20261008-155257-b74c0f2-6d43-n16-r12	12	c100	sample	0	0-SRR5935759	wall_s	7.676810
20261008-155257-b74c0f2-6d43-n16-r12	12	c100	sample	0	0-SRR5935759	setup_s	0.000035
20261008-155257-b74c0f2-6d43-n16-r12	12	c100	sample	0	0-SRR5935759	classify_s	7.023032
20261008-155257-b74c0f2-6d43-n16-r12	12	c100	sample	0	0-SRR5935759	close_s	0.234473
20261008-155257-b74c0f2-6d43-n16-r12	12	c100	sample	0	0-SRR5935759	report_s	0.410261
20261008-155257-b74c0f2-6d43-n16-r12	12	c100	sample	0	0-SRR5935759	status	0
20261008-155257-b74c0f2-6d43-n16-r12	12	c100	sample	0	0-SRR5935759	sequences	15312868
20261008-155257-b74c0f2-6d43-n16-r12	12	c100	sample	0	0-SRR5935759	bases	2847175138
20261008-155257-b74c0f2-6d43-n16-r12	12	c100	sample	0	0-SRR5935759	classified	13152387
20261008-155257-b74c0f2-6d43-n16-r12	12	c100	sample	0	0-SRR5935759	place	lpt
20261008-155257-b74c0f2-6d43-n16-r12	12	c100	sample	0	0-SRR5935759	weight	15312868
20261008-155257-b74c0f2-6d43-n16-r12	12	c100	sample	0	0-SRR5935785	mode	parallel
20261008-155257-b74c0f2-6d43-n16-r12	12	c100	sample	0	0-SRR5935785	s3client	sdk
20261008-155257-b74c0f2-6d43-n16-r12	12	c100	sample	0	0-SRR5935785	rank	12
20261008-155257-b74c0f2-6d43-n16-r12	12	c100	sample	0	0-SRR5935785	role	home
20261008-155257-b74c0f2-6d43-n16-r12	12	c100	sample	0	0-SRR5935785	inflight	1
20261008-155257-b74c0f2-6d43-n16-r12	12	c100	sample	0	0-SRR5935785	threads	16
20261008-155257-b74c0f2-6d43-n16-r12	12	c100	sample	0	0-SRR5935785	start_s	45.103923
20261008-155257-b74c0f2-6d43-n16-r12	12	c100	sample	0	0-SRR5935785	wall_s	6.741109
20261008-155257-b74c0f2-6d43-n16-r12	12	c100	sample	0	0-SRR5935785	setup_s	0.000042
20261008-155257-b74c0f2-6d43-n16-r12	12	c100	sample	0	0-SRR5935785	classify_s	6.367274
20261008-155257-b74c0f2-6d43-n16-r12	12	c100	sample	0	0-SRR5935785	close_s	0.253557
20261008-155257-b74c0f2-6d43-n16-r12	12	c100	sample	0	0-SRR5935785	report_s	0.109471
20261008-155257-b74c0f2-6d43-n16-r12	12	c100	sample	0	0-SRR5935785	status	0
20261008-155257-b74c0f2-6d43-n16-r12	12	c100	sample	0	0-SRR5935785	sequences	13817496
20261008-155257-b74c0f2-6d43-n16-r12	12	c100	sample	0	0-SRR5935785	bases	2535866229
20261008-155257-b74c0f2-6d43-n16-r12	12	c100	sample	0	0-SRR5935785	classified	12277050
20261008-155257-b74c0f2-6d43-n16-r12	12	c100	sample	0	0-SRR5935785	place	lpt
20261008-155257-b74c0f2-6d43-n16-r12	12	c100	sample	0	0-SRR5935785	weight	13817496
20261008-155257-b74c0f2-6d43-n16-r12	12	c100	sample	0	0-SRR5935765	mode	parallel
20261008-155257-b74c0f2-6d43-n16-r12	12	c100	sample	0	0-SRR5935765	s3client	sdk
20261008-155257-b74c0f2-6d43-n16-r12	12	c100	sample	0	0-SRR5935765	rank	12
20261008-155257-b74c0f2-6d43-n16-r12	12	c100	sample	0	0-SRR5935765	role	home
20261008-155257-b74c0f2-6d43-n16-r12	12	c100	sample	0	0-SRR5935765	inflight	1
20261008-155257-b74c0f2-6d43-n16-r12	12	c100	sample	0	0-SRR5935765	threads	16
20261008-155257-b74c0f2-6d43-n16-r12	12	c100	sample	0	0-SRR5935765	start_s	51.845044
20261008-155257-b74c0f2-6d43-n16-r12	12	c100	sample	0	0-SRR5935765	wall_s	5.471221
20261008-155257-b74c0f2-6d43-n16-r12	12	c100	sample	0	0-SRR5935765	setup_s	0.000037
20261008-155257-b74c0f2-6d43-n16-r12	12	c100	sample	0	0-SRR5935765	classify_s	4.967623
20261008-155257-b74c0f2-6d43-n16-r12	12	c100	sample	0	0-SRR5935765	close_s	0.319478
20261008-155257-b74c0f2-6d43-n16-r12	12	c100	sample	0	0-SRR5935765	report_s	0.179665
20261008-155257-b74c0f2-6d43-n16-r12	12	c100	sample	0	0-SRR5935765	status	0
20261008-155257-b74c0f2-6d43-n16-r12	12	c100	sample	0	0-SRR5935765	sequences	10590116
20261008-155257-b74c0f2-6d43-n16-r12	12	c100	sample	0	0-SRR5935765	bases	1935908855
20261008-155257-b74c0f2-6d43-n16-r12	12	c100	sample	0	0-SRR5935765	classified	10426493
20261008-155257-b74c0f2-6d43-n16-r12	12	c100	sample	0	0-SRR5935765	place	lpt
20261008-155257-b74c0f2-6d43-n16-r12	12	c100	sample	0	0-SRR5935765	weight	10590116
20261008-155257-b74c0f2-6d43-n16-r12	12	c100	engine.mem			t_s	60.0
20261008-155257-b74c0f2-6d43-n16-r12	12	c100	engine.mem			rss_kib	78504500
20261008-155257-b74c0f2-6d43-n16-r12	12	c100	engine.mem			hwm_kib	78783448
20261008-155257-b74c0f2-6d43-n16-r12	12	c100	engine.mem			heap_inuse	4759257088
20261008-155257-b74c0f2-6d43-n16-r12	12	c100	engine.mem			sys	6523072648
20261008-155257-b74c0f2-6d43-n16-r12	12	c100	engine.mem			avail_kib	16792684
20261008-155257-b74c0f2-6d43-n16-r12	12	c100	sample	0	0-SRR5935811	mode	parallel
20261008-155257-b74c0f2-6d43-n16-r12	12	c100	sample	0	0-SRR5935811	s3client	sdk
20261008-155257-b74c0f2-6d43-n16-r12	12	c100	sample	0	0-SRR5935811	rank	12
20261008-155257-b74c0f2-6d43-n16-r12	12	c100	sample	0	0-SRR5935811	role	home
20261008-155257-b74c0f2-6d43-n16-r12	12	c100	sample	0	0-SRR5935811	inflight	1
20261008-155257-b74c0f2-6d43-n16-r12	12	c100	sample	0	0-SRR5935811	threads	16
20261008-155257-b74c0f2-6d43-n16-r12	12	c100	sample	0	0-SRR5935811	start_s	57.316278
20261008-155257-b74c0f2-6d43-n16-r12	12	c100	sample	0	0-SRR5935811	wall_s	5.043351
20261008-155257-b74c0f2-6d43-n16-r12	12	c100	sample	0	0-SRR5935811	setup_s	0.000076
20261008-155257-b74c0f2-6d43-n16-r12	12	c100	sample	0	0-SRR5935811	classify_s	4.700377
20261008-155257-b74c0f2-6d43-n16-r12	12	c100	sample	0	0-SRR5935811	close_s	0.234916
20261008-155257-b74c0f2-6d43-n16-r12	12	c100	sample	0	0-SRR5935811	report_s	0.103454
20261008-155257-b74c0f2-6d43-n16-r12	12	c100	sample	0	0-SRR5935811	status	0
20261008-155257-b74c0f2-6d43-n16-r12	12	c100	sample	0	0-SRR5935811	sequences	10067025
20261008-155257-b74c0f2-6d43-n16-r12	12	c100	sample	0	0-SRR5935811	bases	1870494351
20261008-155257-b74c0f2-6d43-n16-r12	12	c100	sample	0	0-SRR5935811	classified	9884918
20261008-155257-b74c0f2-6d43-n16-r12	12	c100	sample	0	0-SRR5935811	place	lpt
20261008-155257-b74c0f2-6d43-n16-r12	12	c100	sample	0	0-SRR5935811	weight	10067025
20261008-155257-b74c0f2-6d43-n16-r12	12	c100	sample	0	0-SRR5935793	mode	parallel
20261008-155257-b74c0f2-6d43-n16-r12	12	c100	sample	0	0-SRR5935793	s3client	sdk
20261008-155257-b74c0f2-6d43-n16-r12	12	c100	sample	0	0-SRR5935793	rank	12
20261008-155257-b74c0f2-6d43-n16-r12	12	c100	sample	0	0-SRR5935793	role	home
20261008-155257-b74c0f2-6d43-n16-r12	12	c100	sample	0	0-SRR5935793	inflight	1
20261008-155257-b74c0f2-6d43-n16-r12	12	c100	sample	0	0-SRR5935793	threads	16
20261008-155257-b74c0f2-6d43-n16-r12	12	c100	sample	0	0-SRR5935793	start_s	62.359645
20261008-155257-b74c0f2-6d43-n16-r12	12	c100	sample	0	0-SRR5935793	wall_s	1.336812
20261008-155257-b74c0f2-6d43-n16-r12	12	c100	sample	0	0-SRR5935793	setup_s	0.000042
20261008-155257-b74c0f2-6d43-n16-r12	12	c100	sample	0	0-SRR5935793	classify_s	0.951854
20261008-155257-b74c0f2-6d43-n16-r12	12	c100	sample	0	0-SRR5935793	close_s	0.243615
20261008-155257-b74c0f2-6d43-n16-r12	12	c100	sample	0	0-SRR5935793	report_s	0.135494
20261008-155257-b74c0f2-6d43-n16-r12	12	c100	sample	0	0-SRR5935793	status	0
20261008-155257-b74c0f2-6d43-n16-r12	12	c100	sample	0	0-SRR5935793	sequences	1771479
20261008-155257-b74c0f2-6d43-n16-r12	12	c100	sample	0	0-SRR5935793	bases	333187068
20261008-155257-b74c0f2-6d43-n16-r12	12	c100	sample	0	0-SRR5935793	classified	1476454
20261008-155257-b74c0f2-6d43-n16-r12	12	c100	sample	0	0-SRR5935793	place	lpt
20261008-155257-b74c0f2-6d43-n16-r12	12	c100	sample	0	0-SRR5935793	weight	1771479
20261008-155257-b74c0f2-6d43-n16-r12	12	c100	sample	0	0-SRR5935821	mode	parallel
20261008-155257-b74c0f2-6d43-n16-r12	12	c100	sample	0	0-SRR5935821	s3client	sdk
20261008-155257-b74c0f2-6d43-n16-r12	12	c100	sample	0	0-SRR5935821	rank	12
20261008-155257-b74c0f2-6d43-n16-r12	12	c100	sample	0	0-SRR5935821	role	home
20261008-155257-b74c0f2-6d43-n16-r12	12	c100	sample	0	0-SRR5935821	inflight	1
20261008-155257-b74c0f2-6d43-n16-r12	12	c100	sample	0	0-SRR5935821	threads	16
20261008-155257-b74c0f2-6d43-n16-r12	12	c100	sample	0	0-SRR5935821	start_s	63.696478
20261008-155257-b74c0f2-6d43-n16-r12	12	c100	sample	0	0-SRR5935821	wall_s	0.803621
20261008-155257-b74c0f2-6d43-n16-r12	12	c100	sample	0	0-SRR5935821	setup_s	0.000037
20261008-155257-b74c0f2-6d43-n16-r12	12	c100	sample	0	0-SRR5935821	classify_s	0.352775
20261008-155257-b74c0f2-6d43-n16-r12	12	c100	sample	0	0-SRR5935821	close_s	0.314059
20261008-155257-b74c0f2-6d43-n16-r12	12	c100	sample	0	0-SRR5935821	report_s	0.135998
20261008-155257-b74c0f2-6d43-n16-r12	12	c100	sample	0	0-SRR5935821	status	0
20261008-155257-b74c0f2-6d43-n16-r12	12	c100	sample	0	0-SRR5935821	sequences	297656
20261008-155257-b74c0f2-6d43-n16-r12	12	c100	sample	0	0-SRR5935821	bases	54176352
20261008-155257-b74c0f2-6d43-n16-r12	12	c100	sample	0	0-SRR5935821	classified	290837
20261008-155257-b74c0f2-6d43-n16-r12	12	c100	sample	0	0-SRR5935821	place	lpt
20261008-155257-b74c0f2-6d43-n16-r12	12	c100	sample	0	0-SRR5935821	weight	297656
20261008-155257-b74c0f2-6d43-n16-r12	12	c100	phase			batch-barrier-0	2.245539
20261008-155257-b74c0f2-6d43-n16-r12	12	c100	phase			batch-barrier-0.start_s	64.500110
20261008-155257-b74c0f2-6d43-n16-r12	12	c100	sample	1	1-SRR5935752	mode	parallel
20261008-155257-b74c0f2-6d43-n16-r12	12	c100	sample	1	1-SRR5935752	s3client	sdk
20261008-155257-b74c0f2-6d43-n16-r12	12	c100	sample	1	1-SRR5935752	rank	12
20261008-155257-b74c0f2-6d43-n16-r12	12	c100	sample	1	1-SRR5935752	role	home
20261008-155257-b74c0f2-6d43-n16-r12	12	c100	sample	1	1-SRR5935752	inflight	1
20261008-155257-b74c0f2-6d43-n16-r12	12	c100	sample	1	1-SRR5935752	threads	16
20261008-155257-b74c0f2-6d43-n16-r12	12	c100	sample	1	1-SRR5935752	start_s	66.745671
20261008-155257-b74c0f2-6d43-n16-r12	12	c100	sample	1	1-SRR5935752	wall_s	7.163852
20261008-155257-b74c0f2-6d43-n16-r12	12	c100	sample	1	1-SRR5935752	setup_s	0.000035
20261008-155257-b74c0f2-6d43-n16-r12	12	c100	sample	1	1-SRR5935752	classify_s	6.810180
20261008-155257-b74c0f2-6d43-n16-r12	12	c100	sample	1	1-SRR5935752	close_s	0.220958
20261008-155257-b74c0f2-6d43-n16-r12	12	c100	sample	1	1-SRR5935752	report_s	0.129865
20261008-155257-b74c0f2-6d43-n16-r12	12	c100	sample	1	1-SRR5935752	status	0
20261008-155257-b74c0f2-6d43-n16-r12	12	c100	sample	1	1-SRR5935752	sequences	14298074
20261008-155257-b74c0f2-6d43-n16-r12	12	c100	sample	1	1-SRR5935752	bases	2663280360
20261008-155257-b74c0f2-6d43-n16-r12	12	c100	sample	1	1-SRR5935752	classified	14234512
20261008-155257-b74c0f2-6d43-n16-r12	12	c100	sample	1	1-SRR5935752	place	mod
20261008-155257-b74c0f2-6d43-n16-r12	12	c100	sample	1	1-SRR5935752	weight	14298074
20261008-155257-b74c0f2-6d43-n16-r12	12	c100	engine.mem			t_s	75.0
20261008-155257-b74c0f2-6d43-n16-r12	12	c100	engine.mem			rss_kib	78162756
20261008-155257-b74c0f2-6d43-n16-r12	12	c100	engine.mem			hwm_kib	78783448
20261008-155257-b74c0f2-6d43-n16-r12	12	c100	engine.mem			heap_inuse	5221982208
20261008-155257-b74c0f2-6d43-n16-r12	12	c100	engine.mem			sys	6531551368
20261008-155257-b74c0f2-6d43-n16-r12	12	c100	engine.mem			avail_kib	16811524
20261008-155257-b74c0f2-6d43-n16-r12	12	c100	sample	1	1-SRR5935768	mode	parallel
20261008-155257-b74c0f2-6d43-n16-r12	12	c100	sample	1	1-SRR5935768	s3client	sdk
20261008-155257-b74c0f2-6d43-n16-r12	12	c100	sample	1	1-SRR5935768	rank	12
20261008-155257-b74c0f2-6d43-n16-r12	12	c100	sample	1	1-SRR5935768	role	home
20261008-155257-b74c0f2-6d43-n16-r12	12	c100	sample	1	1-SRR5935768	inflight	1
20261008-155257-b74c0f2-6d43-n16-r12	12	c100	sample	1	1-SRR5935768	threads	16
20261008-155257-b74c0f2-6d43-n16-r12	12	c100	sample	1	1-SRR5935768	start_s	73.909538
20261008-155257-b74c0f2-6d43-n16-r12	12	c100	sample	1	1-SRR5935768	wall_s	7.644477
20261008-155257-b74c0f2-6d43-n16-r12	12	c100	sample	1	1-SRR5935768	setup_s	0.000038
20261008-155257-b74c0f2-6d43-n16-r12	12	c100	sample	1	1-SRR5935768	classify_s	7.231956
20261008-155257-b74c0f2-6d43-n16-r12	12	c100	sample	1	1-SRR5935768	close_s	0.256854
20261008-155257-b74c0f2-6d43-n16-r12	12	c100	sample	1	1-SRR5935768	report_s	0.144843
20261008-155257-b74c0f2-6d43-n16-r12	12	c100	sample	1	1-SRR5935768	status	0
20261008-155257-b74c0f2-6d43-n16-r12	12	c100	sample	1	1-SRR5935768	sequences	15746753
20261008-155257-b74c0f2-6d43-n16-r12	12	c100	sample	1	1-SRR5935768	bases	2888337209
20261008-155257-b74c0f2-6d43-n16-r12	12	c100	sample	1	1-SRR5935768	classified	14105631
20261008-155257-b74c0f2-6d43-n16-r12	12	c100	sample	1	1-SRR5935768	place	mod
20261008-155257-b74c0f2-6d43-n16-r12	12	c100	sample	1	1-SRR5935768	weight	15746753
20261008-155257-b74c0f2-6d43-n16-r12	12	c100	sample	1	1-SRR5935784	mode	parallel
20261008-155257-b74c0f2-6d43-n16-r12	12	c100	sample	1	1-SRR5935784	s3client	sdk
20261008-155257-b74c0f2-6d43-n16-r12	12	c100	sample	1	1-SRR5935784	rank	12
20261008-155257-b74c0f2-6d43-n16-r12	12	c100	sample	1	1-SRR5935784	role	home
20261008-155257-b74c0f2-6d43-n16-r12	12	c100	sample	1	1-SRR5935784	inflight	1
20261008-155257-b74c0f2-6d43-n16-r12	12	c100	sample	1	1-SRR5935784	threads	16
20261008-155257-b74c0f2-6d43-n16-r12	12	c100	sample	1	1-SRR5935784	start_s	81.554027
20261008-155257-b74c0f2-6d43-n16-r12	12	c100	sample	1	1-SRR5935784	wall_s	7.347855
20261008-155257-b74c0f2-6d43-n16-r12	12	c100	sample	1	1-SRR5935784	setup_s	0.000036
20261008-155257-b74c0f2-6d43-n16-r12	12	c100	sample	1	1-SRR5935784	classify_s	6.804525
20261008-155257-b74c0f2-6d43-n16-r12	12	c100	sample	1	1-SRR5935784	close_s	0.225326
20261008-155257-b74c0f2-6d43-n16-r12	12	c100	sample	1	1-SRR5935784	report_s	0.311829
20261008-155257-b74c0f2-6d43-n16-r12	12	c100	sample	1	1-SRR5935784	status	0
20261008-155257-b74c0f2-6d43-n16-r12	12	c100	sample	1	1-SRR5935784	sequences	14800056
20261008-155257-b74c0f2-6d43-n16-r12	12	c100	sample	1	1-SRR5935784	bases	2772790740
20261008-155257-b74c0f2-6d43-n16-r12	12	c100	sample	1	1-SRR5935784	classified	14536791
20261008-155257-b74c0f2-6d43-n16-r12	12	c100	sample	1	1-SRR5935784	place	mod
20261008-155257-b74c0f2-6d43-n16-r12	12	c100	sample	1	1-SRR5935784	weight	14800056
20261008-155257-b74c0f2-6d43-n16-r12	12	c100	engine.mem			t_s	90.0
20261008-155257-b74c0f2-6d43-n16-r12	12	c100	engine.mem			rss_kib	78436320
20261008-155257-b74c0f2-6d43-n16-r12	12	c100	engine.mem			hwm_kib	78967268
20261008-155257-b74c0f2-6d43-n16-r12	12	c100	engine.mem			heap_inuse	5429690368
20261008-155257-b74c0f2-6d43-n16-r12	12	c100	engine.mem			sys	6684520616
20261008-155257-b74c0f2-6d43-n16-r12	12	c100	engine.mem			avail_kib	16395552
20261008-155257-b74c0f2-6d43-n16-r12	12	c100	sample	1	1-SRR5935800	mode	parallel
20261008-155257-b74c0f2-6d43-n16-r12	12	c100	sample	1	1-SRR5935800	s3client	sdk
20261008-155257-b74c0f2-6d43-n16-r12	12	c100	sample	1	1-SRR5935800	rank	12
20261008-155257-b74c0f2-6d43-n16-r12	12	c100	sample	1	1-SRR5935800	role	home
20261008-155257-b74c0f2-6d43-n16-r12	12	c100	sample	1	1-SRR5935800	inflight	1
20261008-155257-b74c0f2-6d43-n16-r12	12	c100	sample	1	1-SRR5935800	threads	16
20261008-155257-b74c0f2-6d43-n16-r12	12	c100	sample	1	1-SRR5935800	start_s	88.901898
20261008-155257-b74c0f2-6d43-n16-r12	12	c100	sample	1	1-SRR5935800	wall_s	7.707193
20261008-155257-b74c0f2-6d43-n16-r12	12	c100	sample	1	1-SRR5935800	setup_s	0.000046
20261008-155257-b74c0f2-6d43-n16-r12	12	c100	sample	1	1-SRR5935800	classify_s	7.285820
20261008-155257-b74c0f2-6d43-n16-r12	12	c100	sample	1	1-SRR5935800	close_s	0.292478
20261008-155257-b74c0f2-6d43-n16-r12	12	c100	sample	1	1-SRR5935800	report_s	0.122986
20261008-155257-b74c0f2-6d43-n16-r12	12	c100	sample	1	1-SRR5935800	status	0
20261008-155257-b74c0f2-6d43-n16-r12	12	c100	sample	1	1-SRR5935800	sequences	15080696
20261008-155257-b74c0f2-6d43-n16-r12	12	c100	sample	1	1-SRR5935800	bases	2770846238
20261008-155257-b74c0f2-6d43-n16-r12	12	c100	sample	1	1-SRR5935800	classified	14478381
20261008-155257-b74c0f2-6d43-n16-r12	12	c100	sample	1	1-SRR5935800	place	mod
20261008-155257-b74c0f2-6d43-n16-r12	12	c100	sample	1	1-SRR5935800	weight	15080696
20261008-155257-b74c0f2-6d43-n16-r12	12	c100	sample	1	1-SRR5935816	mode	parallel
20261008-155257-b74c0f2-6d43-n16-r12	12	c100	sample	1	1-SRR5935816	s3client	sdk
20261008-155257-b74c0f2-6d43-n16-r12	12	c100	sample	1	1-SRR5935816	rank	12
20261008-155257-b74c0f2-6d43-n16-r12	12	c100	sample	1	1-SRR5935816	role	home
20261008-155257-b74c0f2-6d43-n16-r12	12	c100	sample	1	1-SRR5935816	inflight	1
20261008-155257-b74c0f2-6d43-n16-r12	12	c100	sample	1	1-SRR5935816	threads	16
20261008-155257-b74c0f2-6d43-n16-r12	12	c100	sample	1	1-SRR5935816	start_s	96.609104
20261008-155257-b74c0f2-6d43-n16-r12	12	c100	sample	1	1-SRR5935816	wall_s	6.155390
20261008-155257-b74c0f2-6d43-n16-r12	12	c100	sample	1	1-SRR5935816	setup_s	0.000036
20261008-155257-b74c0f2-6d43-n16-r12	12	c100	sample	1	1-SRR5935816	classify_s	5.791069
20261008-155257-b74c0f2-6d43-n16-r12	12	c100	sample	1	1-SRR5935816	close_s	0.237806
20261008-155257-b74c0f2-6d43-n16-r12	12	c100	sample	1	1-SRR5935816	report_s	0.121537
20261008-155257-b74c0f2-6d43-n16-r12	12	c100	sample	1	1-SRR5935816	status	0
20261008-155257-b74c0f2-6d43-n16-r12	12	c100	sample	1	1-SRR5935816	sequences	12244248
20261008-155257-b74c0f2-6d43-n16-r12	12	c100	sample	1	1-SRR5935816	bases	2292238030
20261008-155257-b74c0f2-6d43-n16-r12	12	c100	sample	1	1-SRR5935816	classified	11933067
20261008-155257-b74c0f2-6d43-n16-r12	12	c100	sample	1	1-SRR5935816	place	mod
20261008-155257-b74c0f2-6d43-n16-r12	12	c100	sample	1	1-SRR5935816	weight	12244248
20261008-155257-b74c0f2-6d43-n16-r12	12	c100	engine.mem			t_s	105.0
20261008-155257-b74c0f2-6d43-n16-r12	12	c100	engine.mem			rss_kib	78454448
20261008-155257-b74c0f2-6d43-n16-r12	12	c100	engine.mem			hwm_kib	79245840
20261008-155257-b74c0f2-6d43-n16-r12	12	c100	engine.mem			heap_inuse	4648001536
20261008-155257-b74c0f2-6d43-n16-r12	12	c100	engine.mem			sys	6974206184
20261008-155257-b74c0f2-6d43-n16-r12	12	c100	engine.mem			avail_kib	16248488
20261008-155257-b74c0f2-6d43-n16-r12	12	c100	sample	1	1-SRR5935832	mode	parallel
20261008-155257-b74c0f2-6d43-n16-r12	12	c100	sample	1	1-SRR5935832	s3client	sdk
20261008-155257-b74c0f2-6d43-n16-r12	12	c100	sample	1	1-SRR5935832	rank	12
20261008-155257-b74c0f2-6d43-n16-r12	12	c100	sample	1	1-SRR5935832	role	home
20261008-155257-b74c0f2-6d43-n16-r12	12	c100	sample	1	1-SRR5935832	inflight	1
20261008-155257-b74c0f2-6d43-n16-r12	12	c100	sample	1	1-SRR5935832	threads	16
20261008-155257-b74c0f2-6d43-n16-r12	12	c100	sample	1	1-SRR5935832	start_s	102.764509
20261008-155257-b74c0f2-6d43-n16-r12	12	c100	sample	1	1-SRR5935832	wall_s	3.619878
20261008-155257-b74c0f2-6d43-n16-r12	12	c100	sample	1	1-SRR5935832	setup_s	0.000039
20261008-155257-b74c0f2-6d43-n16-r12	12	c100	sample	1	1-SRR5935832	classify_s	3.144655
20261008-155257-b74c0f2-6d43-n16-r12	12	c100	sample	1	1-SRR5935832	close_s	0.274450
20261008-155257-b74c0f2-6d43-n16-r12	12	c100	sample	1	1-SRR5935832	report_s	0.195671
20261008-155257-b74c0f2-6d43-n16-r12	12	c100	sample	1	1-SRR5935832	status	0
20261008-155257-b74c0f2-6d43-n16-r12	12	c100	sample	1	1-SRR5935832	sequences	6882441
20261008-155257-b74c0f2-6d43-n16-r12	12	c100	sample	1	1-SRR5935832	bases	1244786679
20261008-155257-b74c0f2-6d43-n16-r12	12	c100	sample	1	1-SRR5935832	classified	6619730
20261008-155257-b74c0f2-6d43-n16-r12	12	c100	sample	1	1-SRR5935832	place	mod
20261008-155257-b74c0f2-6d43-n16-r12	12	c100	sample	1	1-SRR5935832	weight	6882441
20261008-155257-b74c0f2-6d43-n16-r12	12	c100	phase			batch-barrier-1	7.221988
20261008-155257-b74c0f2-6d43-n16-r12	12	c100	phase			batch-barrier-1.start_s	106.384398
20261008-155257-b74c0f2-6d43-n16-r12	12	c100	engine.mem			t_s	120.0
20261008-155257-b74c0f2-6d43-n16-r12	12	c100	engine.mem			rss_kib	79069184
20261008-155257-b74c0f2-6d43-n16-r12	12	c100	engine.mem			hwm_kib	79245840
20261008-155257-b74c0f2-6d43-n16-r12	12	c100	engine.mem			heap_inuse	5656109056
20261008-155257-b74c0f2-6d43-n16-r12	12	c100	engine.mem			sys	6974206184
20261008-155257-b74c0f2-6d43-n16-r12	12	c100	engine.mem			avail_kib	16043108
20261008-155257-b74c0f2-6d43-n16-r12	12	c100	sample	2	2-SRR5935757	mode	parallel
20261008-155257-b74c0f2-6d43-n16-r12	12	c100	sample	2	2-SRR5935757	s3client	sdk
20261008-155257-b74c0f2-6d43-n16-r12	12	c100	sample	2	2-SRR5935757	rank	12
20261008-155257-b74c0f2-6d43-n16-r12	12	c100	sample	2	2-SRR5935757	role	home
20261008-155257-b74c0f2-6d43-n16-r12	12	c100	sample	2	2-SRR5935757	inflight	1
20261008-155257-b74c0f2-6d43-n16-r12	12	c100	sample	2	2-SRR5935757	threads	16
20261008-155257-b74c0f2-6d43-n16-r12	12	c100	sample	2	2-SRR5935757	start_s	113.606425
20261008-155257-b74c0f2-6d43-n16-r12	12	c100	sample	2	2-SRR5935757	wall_s	7.948188
20261008-155257-b74c0f2-6d43-n16-r12	12	c100	sample	2	2-SRR5935757	setup_s	0.000034
20261008-155257-b74c0f2-6d43-n16-r12	12	c100	sample	2	2-SRR5935757	classify_s	7.473210
20261008-155257-b74c0f2-6d43-n16-r12	12	c100	sample	2	2-SRR5935757	close_s	0.308208
20261008-155257-b74c0f2-6d43-n16-r12	12	c100	sample	2	2-SRR5935757	report_s	0.156240
20261008-155257-b74c0f2-6d43-n16-r12	12	c100	sample	2	2-SRR5935757	status	0
20261008-155257-b74c0f2-6d43-n16-r12	12	c100	sample	2	2-SRR5935757	sequences	16286650
20261008-155257-b74c0f2-6d43-n16-r12	12	c100	sample	2	2-SRR5935757	bases	3018354004
20261008-155257-b74c0f2-6d43-n16-r12	12	c100	sample	2	2-SRR5935757	classified	15278935
20261008-155257-b74c0f2-6d43-n16-r12	12	c100	sample	2	2-SRR5935757	place	lpt
20261008-155257-b74c0f2-6d43-n16-r12	12	c100	sample	2	2-SRR5935757	weight	16286650
20261008-155257-b74c0f2-6d43-n16-r12	12	c100	sample	2	2-SRR5935759	mode	parallel
20261008-155257-b74c0f2-6d43-n16-r12	12	c100	sample	2	2-SRR5935759	s3client	sdk
20261008-155257-b74c0f2-6d43-n16-r12	12	c100	sample	2	2-SRR5935759	rank	12
20261008-155257-b74c0f2-6d43-n16-r12	12	c100	sample	2	2-SRR5935759	role	home
20261008-155257-b74c0f2-6d43-n16-r12	12	c100	sample	2	2-SRR5935759	inflight	1
20261008-155257-b74c0f2-6d43-n16-r12	12	c100	sample	2	2-SRR5935759	threads	16
20261008-155257-b74c0f2-6d43-n16-r12	12	c100	sample	2	2-SRR5935759	start_s	121.554629
20261008-155257-b74c0f2-6d43-n16-r12	12	c100	sample	2	2-SRR5935759	wall_s	7.437503
20261008-155257-b74c0f2-6d43-n16-r12	12	c100	sample	2	2-SRR5935759	setup_s	0.000037
20261008-155257-b74c0f2-6d43-n16-r12	12	c100	sample	2	2-SRR5935759	classify_s	7.011294
20261008-155257-b74c0f2-6d43-n16-r12	12	c100	sample	2	2-SRR5935759	close_s	0.257242
20261008-155257-b74c0f2-6d43-n16-r12	12	c100	sample	2	2-SRR5935759	report_s	0.160056
20261008-155257-b74c0f2-6d43-n16-r12	12	c100	sample	2	2-SRR5935759	status	0
20261008-155257-b74c0f2-6d43-n16-r12	12	c100	sample	2	2-SRR5935759	sequences	15312868
20261008-155257-b74c0f2-6d43-n16-r12	12	c100	sample	2	2-SRR5935759	bases	2847175138
20261008-155257-b74c0f2-6d43-n16-r12	12	c100	sample	2	2-SRR5935759	classified	13152387
20261008-155257-b74c0f2-6d43-n16-r12	12	c100	sample	2	2-SRR5935759	place	lpt
20261008-155257-b74c0f2-6d43-n16-r12	12	c100	sample	2	2-SRR5935759	weight	15312868
20261008-155257-b74c0f2-6d43-n16-r12	12	c100	engine.mem			t_s	135.0
20261008-155257-b74c0f2-6d43-n16-r12	12	c100	engine.mem			rss_kib	78709704
20261008-155257-b74c0f2-6d43-n16-r12	12	c100	engine.mem			hwm_kib	79245840
20261008-155257-b74c0f2-6d43-n16-r12	12	c100	engine.mem			heap_inuse	4128522240
20261008-155257-b74c0f2-6d43-n16-r12	12	c100	engine.mem			sys	6974214376
20261008-155257-b74c0f2-6d43-n16-r12	12	c100	engine.mem			avail_kib	16298656
20261008-155257-b74c0f2-6d43-n16-r12	12	c100	sample	2	2-SRR5935785	mode	parallel
20261008-155257-b74c0f2-6d43-n16-r12	12	c100	sample	2	2-SRR5935785	s3client	sdk
20261008-155257-b74c0f2-6d43-n16-r12	12	c100	sample	2	2-SRR5935785	rank	12
20261008-155257-b74c0f2-6d43-n16-r12	12	c100	sample	2	2-SRR5935785	role	home
20261008-155257-b74c0f2-6d43-n16-r12	12	c100	sample	2	2-SRR5935785	inflight	1
20261008-155257-b74c0f2-6d43-n16-r12	12	c100	sample	2	2-SRR5935785	threads	16
20261008-155257-b74c0f2-6d43-n16-r12	12	c100	sample	2	2-SRR5935785	start_s	128.992145
20261008-155257-b74c0f2-6d43-n16-r12	12	c100	sample	2	2-SRR5935785	wall_s	6.746966
20261008-155257-b74c0f2-6d43-n16-r12	12	c100	sample	2	2-SRR5935785	setup_s	0.000038
20261008-155257-b74c0f2-6d43-n16-r12	12	c100	sample	2	2-SRR5935785	classify_s	6.353571
20261008-155257-b74c0f2-6d43-n16-r12	12	c100	sample	2	2-SRR5935785	close_s	0.255066
20261008-155257-b74c0f2-6d43-n16-r12	12	c100	sample	2	2-SRR5935785	report_s	0.127501
20261008-155257-b74c0f2-6d43-n16-r12	12	c100	sample	2	2-SRR5935785	status	0
20261008-155257-b74c0f2-6d43-n16-r12	12	c100	sample	2	2-SRR5935785	sequences	13817496
20261008-155257-b74c0f2-6d43-n16-r12	12	c100	sample	2	2-SRR5935785	bases	2535866229
20261008-155257-b74c0f2-6d43-n16-r12	12	c100	sample	2	2-SRR5935785	classified	12277050
20261008-155257-b74c0f2-6d43-n16-r12	12	c100	sample	2	2-SRR5935785	place	lpt
20261008-155257-b74c0f2-6d43-n16-r12	12	c100	sample	2	2-SRR5935785	weight	13817496
20261008-155257-b74c0f2-6d43-n16-r12	12	c100	sample	2	2-SRR5935765	mode	parallel
20261008-155257-b74c0f2-6d43-n16-r12	12	c100	sample	2	2-SRR5935765	s3client	sdk
20261008-155257-b74c0f2-6d43-n16-r12	12	c100	sample	2	2-SRR5935765	rank	12
20261008-155257-b74c0f2-6d43-n16-r12	12	c100	sample	2	2-SRR5935765	role	home
20261008-155257-b74c0f2-6d43-n16-r12	12	c100	sample	2	2-SRR5935765	inflight	1
20261008-155257-b74c0f2-6d43-n16-r12	12	c100	sample	2	2-SRR5935765	threads	16
20261008-155257-b74c0f2-6d43-n16-r12	12	c100	sample	2	2-SRR5935765	start_s	135.739125
20261008-155257-b74c0f2-6d43-n16-r12	12	c100	sample	2	2-SRR5935765	wall_s	5.359902
20261008-155257-b74c0f2-6d43-n16-r12	12	c100	sample	2	2-SRR5935765	setup_s	0.000041
20261008-155257-b74c0f2-6d43-n16-r12	12	c100	sample	2	2-SRR5935765	classify_s	4.967733
20261008-155257-b74c0f2-6d43-n16-r12	12	c100	sample	2	2-SRR5935765	close_s	0.238382
20261008-155257-b74c0f2-6d43-n16-r12	12	c100	sample	2	2-SRR5935765	report_s	0.149515
20261008-155257-b74c0f2-6d43-n16-r12	12	c100	sample	2	2-SRR5935765	status	0
20261008-155257-b74c0f2-6d43-n16-r12	12	c100	sample	2	2-SRR5935765	sequences	10590116
20261008-155257-b74c0f2-6d43-n16-r12	12	c100	sample	2	2-SRR5935765	bases	1935908855
20261008-155257-b74c0f2-6d43-n16-r12	12	c100	sample	2	2-SRR5935765	classified	10426493
20261008-155257-b74c0f2-6d43-n16-r12	12	c100	sample	2	2-SRR5935765	place	lpt
20261008-155257-b74c0f2-6d43-n16-r12	12	c100	sample	2	2-SRR5935765	weight	10590116
20261008-155257-b74c0f2-6d43-n16-r12	12	c100	sample	2	2-SRR5935811	mode	parallel
20261008-155257-b74c0f2-6d43-n16-r12	12	c100	sample	2	2-SRR5935811	s3client	sdk
20261008-155257-b74c0f2-6d43-n16-r12	12	c100	sample	2	2-SRR5935811	rank	12
20261008-155257-b74c0f2-6d43-n16-r12	12	c100	sample	2	2-SRR5935811	role	home
20261008-155257-b74c0f2-6d43-n16-r12	12	c100	sample	2	2-SRR5935811	inflight	1
20261008-155257-b74c0f2-6d43-n16-r12	12	c100	sample	2	2-SRR5935811	threads	16
20261008-155257-b74c0f2-6d43-n16-r12	12	c100	sample	2	2-SRR5935811	start_s	141.099039
20261008-155257-b74c0f2-6d43-n16-r12	12	c100	sample	2	2-SRR5935811	wall_s	4.972622
20261008-155257-b74c0f2-6d43-n16-r12	12	c100	sample	2	2-SRR5935811	setup_s	0.000040
20261008-155257-b74c0f2-6d43-n16-r12	12	c100	sample	2	2-SRR5935811	classify_s	4.620644
20261008-155257-b74c0f2-6d43-n16-r12	12	c100	sample	2	2-SRR5935811	close_s	0.214360
20261008-155257-b74c0f2-6d43-n16-r12	12	c100	sample	2	2-SRR5935811	report_s	0.133145
20261008-155257-b74c0f2-6d43-n16-r12	12	c100	sample	2	2-SRR5935811	status	0
20261008-155257-b74c0f2-6d43-n16-r12	12	c100	sample	2	2-SRR5935811	sequences	10067025
20261008-155257-b74c0f2-6d43-n16-r12	12	c100	sample	2	2-SRR5935811	bases	1870494351
20261008-155257-b74c0f2-6d43-n16-r12	12	c100	sample	2	2-SRR5935811	classified	9884918
20261008-155257-b74c0f2-6d43-n16-r12	12	c100	sample	2	2-SRR5935811	place	lpt
20261008-155257-b74c0f2-6d43-n16-r12	12	c100	sample	2	2-SRR5935811	weight	10067025
20261008-155257-b74c0f2-6d43-n16-r12	12	c100	sample	2	2-SRR5935793	mode	parallel
20261008-155257-b74c0f2-6d43-n16-r12	12	c100	sample	2	2-SRR5935793	s3client	sdk
20261008-155257-b74c0f2-6d43-n16-r12	12	c100	sample	2	2-SRR5935793	rank	12
20261008-155257-b74c0f2-6d43-n16-r12	12	c100	sample	2	2-SRR5935793	role	home
20261008-155257-b74c0f2-6d43-n16-r12	12	c100	sample	2	2-SRR5935793	inflight	1
20261008-155257-b74c0f2-6d43-n16-r12	12	c100	sample	2	2-SRR5935793	threads	16
20261008-155257-b74c0f2-6d43-n16-r12	12	c100	sample	2	2-SRR5935793	start_s	146.071673
20261008-155257-b74c0f2-6d43-n16-r12	12	c100	sample	2	2-SRR5935793	wall_s	2.682959
20261008-155257-b74c0f2-6d43-n16-r12	12	c100	sample	2	2-SRR5935793	setup_s	0.000046
20261008-155257-b74c0f2-6d43-n16-r12	12	c100	sample	2	2-SRR5935793	classify_s	0.961945
20261008-155257-b74c0f2-6d43-n16-r12	12	c100	sample	2	2-SRR5935793	close_s	1.558642
20261008-155257-b74c0f2-6d43-n16-r12	12	c100	sample	2	2-SRR5935793	report_s	0.156631
20261008-155257-b74c0f2-6d43-n16-r12	12	c100	sample	2	2-SRR5935793	status	0
20261008-155257-b74c0f2-6d43-n16-r12	12	c100	sample	2	2-SRR5935793	sequences	1771479
20261008-155257-b74c0f2-6d43-n16-r12	12	c100	sample	2	2-SRR5935793	bases	333187068
20261008-155257-b74c0f2-6d43-n16-r12	12	c100	sample	2	2-SRR5935793	classified	1476454
20261008-155257-b74c0f2-6d43-n16-r12	12	c100	sample	2	2-SRR5935793	place	lpt
20261008-155257-b74c0f2-6d43-n16-r12	12	c100	sample	2	2-SRR5935793	weight	1771479
20261008-155257-b74c0f2-6d43-n16-r12	12	c100	sample	2	2-SRR5935821	mode	parallel
20261008-155257-b74c0f2-6d43-n16-r12	12	c100	sample	2	2-SRR5935821	s3client	sdk
20261008-155257-b74c0f2-6d43-n16-r12	12	c100	sample	2	2-SRR5935821	rank	12
20261008-155257-b74c0f2-6d43-n16-r12	12	c100	sample	2	2-SRR5935821	role	home
20261008-155257-b74c0f2-6d43-n16-r12	12	c100	sample	2	2-SRR5935821	inflight	1
20261008-155257-b74c0f2-6d43-n16-r12	12	c100	sample	2	2-SRR5935821	threads	16
20261008-155257-b74c0f2-6d43-n16-r12	12	c100	sample	2	2-SRR5935821	start_s	148.754643
20261008-155257-b74c0f2-6d43-n16-r12	12	c100	sample	2	2-SRR5935821	wall_s	0.748966
20261008-155257-b74c0f2-6d43-n16-r12	12	c100	sample	2	2-SRR5935821	setup_s	0.000033
20261008-155257-b74c0f2-6d43-n16-r12	12	c100	sample	2	2-SRR5935821	classify_s	0.415914
20261008-155257-b74c0f2-6d43-n16-r12	12	c100	sample	2	2-SRR5935821	close_s	0.238841
20261008-155257-b74c0f2-6d43-n16-r12	12	c100	sample	2	2-SRR5935821	report_s	0.093461
20261008-155257-b74c0f2-6d43-n16-r12	12	c100	sample	2	2-SRR5935821	status	0
20261008-155257-b74c0f2-6d43-n16-r12	12	c100	sample	2	2-SRR5935821	sequences	297656
20261008-155257-b74c0f2-6d43-n16-r12	12	c100	sample	2	2-SRR5935821	bases	54176352
20261008-155257-b74c0f2-6d43-n16-r12	12	c100	sample	2	2-SRR5935821	classified	290837
20261008-155257-b74c0f2-6d43-n16-r12	12	c100	sample	2	2-SRR5935821	place	lpt
20261008-155257-b74c0f2-6d43-n16-r12	12	c100	sample	2	2-SRR5935821	weight	297656
20261008-155257-b74c0f2-6d43-n16-r12	12	c100	engine.mem			t_s	150.0
20261008-155257-b74c0f2-6d43-n16-r12	12	c100	engine.mem			rss_kib	75473320
20261008-155257-b74c0f2-6d43-n16-r12	12	c100	engine.mem			hwm_kib	79245840
20261008-155257-b74c0f2-6d43-n16-r12	12	c100	engine.mem			heap_inuse	1955225600
20261008-155257-b74c0f2-6d43-n16-r12	12	c100	engine.mem			sys	6974255336
20261008-155257-b74c0f2-6d43-n16-r12	12	c100	engine.mem			avail_kib	18285832
20261008-155257-b74c0f2-6d43-n16-r12	12	c100	phase			batch-barrier-2	0.603644
20261008-155257-b74c0f2-6d43-n16-r12	12	c100	phase			batch-barrier-2.start_s	149.503622
20261008-155257-b74c0f2-6d43-n16-r12	12	c100	phase			barrier	1.015144
20261008-155257-b74c0f2-6d43-n16-r12	12	c100	phase			barrier.start_s	155.623594
20261008-155257-b74c0f2-6d43-n16-r12	12	c100	sample	3	3-SRR5935740	mode	striped
20261008-155257-b74c0f2-6d43-n16-r12	12	c100	sample	3	3-SRR5935740	s3client	sdk
20261008-155257-b74c0f2-6d43-n16-r12	12	c100	sample	3	3-SRR5935740	rank	12
20261008-155257-b74c0f2-6d43-n16-r12	12	c100	sample	3	3-SRR5935740	role	peer
20261008-155257-b74c0f2-6d43-n16-r12	12	c100	sample	3	3-SRR5935740	inflight	1
20261008-155257-b74c0f2-6d43-n16-r12	12	c100	sample	3	3-SRR5935740	threads	16
20261008-155257-b74c0f2-6d43-n16-r12	12	c100	sample	3	3-SRR5935740	start_s	150.965683
20261008-155257-b74c0f2-6d43-n16-r12	12	c100	sample	3	3-SRR5935740	wall_s	5.673102
20261008-155257-b74c0f2-6d43-n16-r12	12	c100	sample	3	3-SRR5935740	setup_s	0.000042
20261008-155257-b74c0f2-6d43-n16-r12	12	c100	sample	3	3-SRR5935740	classify_s	4.654102
20261008-155257-b74c0f2-6d43-n16-r12	12	c100	sample	3	3-SRR5935740	close_s	0.000000
20261008-155257-b74c0f2-6d43-n16-r12	12	c100	sample	3	3-SRR5935740	report_s	0.000000
20261008-155257-b74c0f2-6d43-n16-r12	12	c100	sample	3	3-SRR5935740	status	0
20261008-155257-b74c0f2-6d43-n16-r12	12	c100	sample	3	3-SRR5935740	sequences	0
20261008-155257-b74c0f2-6d43-n16-r12	12	c100	sample	3	3-SRR5935740	bases	0
20261008-155257-b74c0f2-6d43-n16-r12	12	c100	sample	3	3-SRR5935740	classified	0
20261008-155257-b74c0f2-6d43-n16-r12	12	c100	sample	3	3-SRR5935740	place	-
20261008-155257-b74c0f2-6d43-n16-r12	12	c100	sample	3	3-SRR5935740	weight	-
20261008-155257-b74c0f2-6d43-n16-r12	12	c100	phase			batch-barrier-3	0.618091
20261008-155257-b74c0f2-6d43-n16-r12	12	c100	phase			batch-barrier-3.start_s	156.638791
20261008-155257-b74c0f2-6d43-n16-r12	12	c100	phase			barrier	0.187134
20261008-155257-b74c0f2-6d43-n16-r12	12	c100	phase			barrier.start_s	162.639098
20261008-155257-b74c0f2-6d43-n16-r12	12	c100	sample	4	4-SRR5935740	mode	striped
20261008-155257-b74c0f2-6d43-n16-r12	12	c100	sample	4	4-SRR5935740	s3client	sdk
20261008-155257-b74c0f2-6d43-n16-r12	12	c100	sample	4	4-SRR5935740	rank	12
20261008-155257-b74c0f2-6d43-n16-r12	12	c100	sample	4	4-SRR5935740	role	peer
20261008-155257-b74c0f2-6d43-n16-r12	12	c100	sample	4	4-SRR5935740	inflight	1
20261008-155257-b74c0f2-6d43-n16-r12	12	c100	sample	4	4-SRR5935740	threads	16
20261008-155257-b74c0f2-6d43-n16-r12	12	c100	sample	4	4-SRR5935740	start_s	158.001869
20261008-155257-b74c0f2-6d43-n16-r12	12	c100	sample	4	4-SRR5935740	wall_s	4.824396
20261008-155257-b74c0f2-6d43-n16-r12	12	c100	sample	4	4-SRR5935740	setup_s	0.000030
20261008-155257-b74c0f2-6d43-n16-r12	12	c100	sample	4	4-SRR5935740	classify_s	4.634156
20261008-155257-b74c0f2-6d43-n16-r12	12	c100	sample	4	4-SRR5935740	close_s	0.000000
20261008-155257-b74c0f2-6d43-n16-r12	12	c100	sample	4	4-SRR5935740	report_s	0.000000
20261008-155257-b74c0f2-6d43-n16-r12	12	c100	sample	4	4-SRR5935740	status	0
20261008-155257-b74c0f2-6d43-n16-r12	12	c100	sample	4	4-SRR5935740	sequences	0
20261008-155257-b74c0f2-6d43-n16-r12	12	c100	sample	4	4-SRR5935740	bases	0
20261008-155257-b74c0f2-6d43-n16-r12	12	c100	sample	4	4-SRR5935740	classified	0
20261008-155257-b74c0f2-6d43-n16-r12	12	c100	sample	4	4-SRR5935740	place	-
20261008-155257-b74c0f2-6d43-n16-r12	12	c100	sample	4	4-SRR5935740	weight	-
20261008-155257-b74c0f2-6d43-n16-r12	12	c100	phase			batch-barrier-4	0.500424
20261008-155257-b74c0f2-6d43-n16-r12	12	c100	phase			batch-barrier-4.start_s	162.826272
20261008-155257-b74c0f2-6d43-n16-r12	12	c100	engine.mem			t_s	165.0
20261008-155257-b74c0f2-6d43-n16-r12	12	c100	engine.mem			rss_kib	77144216
20261008-155257-b74c0f2-6d43-n16-r12	12	c100	engine.mem			hwm_kib	79245840
20261008-155257-b74c0f2-6d43-n16-r12	12	c100	engine.mem			heap_inuse	1223344128
20261008-155257-b74c0f2-6d43-n16-r12	12	c100	engine.mem			sys	6974255336
20261008-155257-b74c0f2-6d43-n16-r12	12	c100	engine.mem			avail_kib	17736472
20261008-155257-b74c0f2-6d43-n16-r12	12	c100	phase			barrier	0.091969
20261008-155257-b74c0f2-6d43-n16-r12	12	c100	phase			barrier.start_s	168.766020
20261008-155257-b74c0f2-6d43-n16-r12	12	c100	sample	5	5-SRR5935740	mode	striped
20261008-155257-b74c0f2-6d43-n16-r12	12	c100	sample	5	5-SRR5935740	s3client	sdk
20261008-155257-b74c0f2-6d43-n16-r12	12	c100	sample	5	5-SRR5935740	rank	12
20261008-155257-b74c0f2-6d43-n16-r12	12	c100	sample	5	5-SRR5935740	role	peer
20261008-155257-b74c0f2-6d43-n16-r12	12	c100	sample	5	5-SRR5935740	inflight	1
20261008-155257-b74c0f2-6d43-n16-r12	12	c100	sample	5	5-SRR5935740	threads	16
20261008-155257-b74c0f2-6d43-n16-r12	12	c100	sample	5	5-SRR5935740	start_s	164.101234
20261008-155257-b74c0f2-6d43-n16-r12	12	c100	sample	5	5-SRR5935740	wall_s	4.756791
20261008-155257-b74c0f2-6d43-n16-r12	12	c100	sample	5	5-SRR5935740	setup_s	0.000033
20261008-155257-b74c0f2-6d43-n16-r12	12	c100	sample	5	5-SRR5935740	classify_s	4.661696
20261008-155257-b74c0f2-6d43-n16-r12	12	c100	sample	5	5-SRR5935740	close_s	0.000000
20261008-155257-b74c0f2-6d43-n16-r12	12	c100	sample	5	5-SRR5935740	report_s	0.000000
20261008-155257-b74c0f2-6d43-n16-r12	12	c100	sample	5	5-SRR5935740	status	0
20261008-155257-b74c0f2-6d43-n16-r12	12	c100	sample	5	5-SRR5935740	sequences	0
20261008-155257-b74c0f2-6d43-n16-r12	12	c100	sample	5	5-SRR5935740	bases	0
20261008-155257-b74c0f2-6d43-n16-r12	12	c100	sample	5	5-SRR5935740	classified	0
20261008-155257-b74c0f2-6d43-n16-r12	12	c100	sample	5	5-SRR5935740	place	-
20261008-155257-b74c0f2-6d43-n16-r12	12	c100	sample	5	5-SRR5935740	weight	-
20261008-155257-b74c0f2-6d43-n16-r12	12	c100	phase			batch-barrier-5	0.495659
20261008-155257-b74c0f2-6d43-n16-r12	12	c100	phase			batch-barrier-5.start_s	168.858032
20261008-155257-b74c0f2-6d43-n16-r12	12	c100	phase			batch-barrier-6	6.075517
20261008-155257-b74c0f2-6d43-n16-r12	12	c100	phase			batch-barrier-6.start_s	169.353702
20261008-155257-b74c0f2-6d43-n16-r12	12	c100	engine.mem			t_s	180.0
20261008-155257-b74c0f2-6d43-n16-r12	12	c100	engine.mem			rss_kib	76574968
20261008-155257-b74c0f2-6d43-n16-r12	12	c100	engine.mem			hwm_kib	79245840
20261008-155257-b74c0f2-6d43-n16-r12	12	c100	engine.mem			heap_inuse	2687107072
20261008-155257-b74c0f2-6d43-n16-r12	12	c100	engine.mem			sys	6974255336
20261008-155257-b74c0f2-6d43-n16-r12	12	c100	engine.mem			avail_kib	18450156
20261008-155257-b74c0f2-6d43-n16-r12	12	c100	phase			batch-barrier-7	5.215147
20261008-155257-b74c0f2-6d43-n16-r12	12	c100	phase			batch-barrier-7.start_s	175.429235
20261008-155257-b74c0f2-6d43-n16-r12	12	c100	phase			batch-barrier-8	6.183834
20261008-155257-b74c0f2-6d43-n16-r12	12	c100	phase			batch-barrier-8.start_s	180.644399
20261008-155257-b74c0f2-6d43-n16-r12	12	c100	engine.shard			index	0
20261008-155257-b74c0f2-6d43-n16-r12	12	c100	engine.shard			n	16
20261008-155257-b74c0f2-6d43-n16-r12	12	c100	engine.shard			lo	222954688456
20261008-155257-b74c0f2-6d43-n16-r12	12	c100	engine.shard			hi	241534245827
20261008-155257-b74c0f2-6d43-n16-r12	12	c100	engine.shard			tail	302
20261008-155257-b74c0f2-6d43-n16-r12	12	c100	engine.shard			full	false
20261008-155257-b74c0f2-6d43-n16-r12	12	c100	engine.shard			empty_at	18579557382
20261008-155257-b74c0f2-6d43-n16-r12	12	c100	engine.shard			keys	8470448595
20261008-155257-b74c0f2-6d43-n16-r12	12	c100	engine.shard			batches	89910
20261008-155257-b74c0f2-6d43-n16-r12	12	c100	engine.shard			probe_s	162.339549
20261008-155257-b74c0f2-6d43-n16-r12	12	c100	engine.shard			tail_probes	0
20261008-155257-b74c0f2-6d43-n16-r12	12	c100	engine.shard			wrap_probes	0
20261008-155257-b74c0f2-6d43-n16-r12	12	c100	engine.mem			t_s	186.8
20261008-155257-b74c0f2-6d43-n16-r12	12	c100	engine.mem			rss_kib	76574976
20261008-155257-b74c0f2-6d43-n16-r12	12	c100	engine.mem			hwm_kib	79245840
20261008-155257-b74c0f2-6d43-n16-r12	12	c100	engine.mem			heap_inuse	2688237568
20261008-155257-b74c0f2-6d43-n16-r12	12	c100	engine.mem			sys	6974255336
20261008-155257-b74c0f2-6d43-n16-r12	12	c100	engine.mem			avail_kib	18579888
20261008-155257-b74c0f2-6d43-n16-r12	12	c100	engine.rendezvous			puts	13
20261008-155257-b74c0f2-6d43-n16-r12	12	c100	engine.rendezvous			gets	312
20261008-155257-b74c0f2-6d43-n16-r12	12	c100	engine.s3			client	sdk
20261008-155257-b74c0f2-6d43-n16-r12	12	c100	engine.s3			put	33
20261008-155257-b74c0f2-6d43-n16-r12	12	c100	engine.s3			get	312
20261008-155257-b74c0f2-6d43-n16-r12	12	c100	engine.s3			create_multipart	20
20261008-155257-b74c0f2-6d43-n16-r12	12	c100	engine.s3			upload_part	2335
20261008-155257-b74c0f2-6d43-n16-r12	12	c100	engine.s3			complete_multipart	20
20261008-155257-b74c0f2-6d43-n16-r12	12	c100	engine.s3			abort_multipart	0
20261008-155257-b74c0f2-6d43-n16-r12	12	c100	engine.s3			part_bytes	19474620358
20261008-155257-b74c0f2-6d43-n16-r12	12	c100	engine.s3			client	cli
20261008-155257-b74c0f2-6d43-n16-r12	12	c100	engine.s3			put	0
20261008-155257-b74c0f2-6d43-n16-r12	12	c100	engine.s3			get	0
20261008-155257-b74c0f2-6d43-n16-r12	12	c100	engine.s3			create_multipart	0
20261008-155257-b74c0f2-6d43-n16-r12	12	c100	engine.s3			upload_part	0
20261008-155257-b74c0f2-6d43-n16-r12	12	c100	engine.s3			complete_multipart	0
20261008-155257-b74c0f2-6d43-n16-r12	12	c100	engine.s3			abort_multipart	0
20261008-155257-b74c0f2-6d43-n16-r12	12	c100	engine.s3			part_bytes	0
20261008-155257-b74c0f2-6d43-n16-r12	12	c100	engine.load			seconds	24.700496
20261008-155257-b74c0f2-6d43-n16-r12	12	c100	engine.load			requests	1126
20261008-155257-b74c0f2-6d43-n16-r12	12	c100	engine.load			retries	0
20261008-155257-b74c0f2-6d43-n16-r12	12	c100	engine.load			bytes	74318296292
20261008-155257-b74c0f2-6d43-n16-r12	12	c100	engine.route			transport	nodes
20261008-155257-b74c0f2-6d43-n16-r12	12	c100	engine.route			calls	5708
20261008-155257-b74c0f2-6d43-n16-r12	12	c100	engine.route			keys	8599684984
20261008-155257-b74c0f2-6d43-n16-r12	12	c100	engine.route			batches	91328
20261008-155257-b74c0f2-6d43-n16-r12	12	c100	engine.route			route_s	57.711723
20261008-155257-b74c0f2-6d43-n16-r12	12	c100	engine.route			wait_s	41.887709
20261008-155257-b74c0f2-6d43-n16-r12	12	c100	engine.route			gather_s	12.481062
20261008-155257-b74c0f2-6d43-n16-r12	12	c100	engine.worker			scan_s	434.706846
20261008-155257-b74c0f2-6d43-n16-r12	12	c100	engine.worker			lookup_s	112.082230
20261008-155257-b74c0f2-6d43-n16-r12	12	c100	engine.worker			classify_s	366.038858
20261008-155257-b74c0f2-6d43-n16-r12	12	c100	phase			total	186.932493
20261008-155257-b74c0f2-6d43-n16-r12	12	c100	phase			total.start_s	0.000001
20261008-155257-b74c0f2-6d43-n16-r13	13	c100	phase			taxo	0.078125
20261008-155257-b74c0f2-6d43-n16-r13	13	c100	phase			taxo.start_s	0.002537
20261008-155257-b74c0f2-6d43-n16-r13	13	c100	engine.mem			t_s	15.0
20261008-155257-b74c0f2-6d43-n16-r13	13	c100	engine.mem			rss_kib	43705744
20261008-155257-b74c0f2-6d43-n16-r13	13	c100	engine.mem			hwm_kib	43705748
20261008-155257-b74c0f2-6d43-n16-r13	13	c100	engine.mem			heap_inuse	402980864
20261008-155257-b74c0f2-6d43-n16-r13	13	c100	engine.mem			sys	430119272
20261008-155257-b74c0f2-6d43-n16-r13	13	c100	engine.mem			avail_kib	50947620
20261008-155257-b74c0f2-6d43-n16-r13	13	c100	phase			shard-load-13	25.185385
20261008-155257-b74c0f2-6d43-n16-r13	13	c100	phase			shard-load-13.start_s	0.142848
20261008-155257-b74c0f2-6d43-n16-r13	13	c100	engine.mem			t_s	30.0
20261008-155257-b74c0f2-6d43-n16-r13	13	c100	engine.mem			rss_kib	72974664
20261008-155257-b74c0f2-6d43-n16-r13	13	c100	engine.mem			hwm_kib	72974668
20261008-155257-b74c0f2-6d43-n16-r13	13	c100	engine.mem			heap_inuse	406822912
20261008-155257-b74c0f2-6d43-n16-r13	13	c100	engine.mem			sys	434313576
20261008-155257-b74c0f2-6d43-n16-r13	13	c100	engine.mem			avail_kib	21820880
20261008-155257-b74c0f2-6d43-n16-r13	13	c100	phase			rendezvous	6.284082
20261008-155257-b74c0f2-6d43-n16-r13	13	c100	phase			rendezvous.start_s	25.826166
20261008-155257-b74c0f2-6d43-n16-r13	13	c100	phase			connect	0.016603
20261008-155257-b74c0f2-6d43-n16-r13	13	c100	phase			connect.start_s	32.110255
20261008-155257-b74c0f2-6d43-n16-r13	13	c100	phase			hash	32.046184
20261008-155257-b74c0f2-6d43-n16-r13	13	c100	phase			hash.start_s	0.080682
20261008-155257-b74c0f2-6d43-n16-r13	13	c100	sample	0	0-SRR5935827	mode	parallel
20261008-155257-b74c0f2-6d43-n16-r13	13	c100	sample	0	0-SRR5935827	s3client	sdk
20261008-155257-b74c0f2-6d43-n16-r13	13	c100	sample	0	0-SRR5935827	rank	13
20261008-155257-b74c0f2-6d43-n16-r13	13	c100	sample	0	0-SRR5935827	role	home
20261008-155257-b74c0f2-6d43-n16-r13	13	c100	sample	0	0-SRR5935827	inflight	1
20261008-155257-b74c0f2-6d43-n16-r13	13	c100	sample	0	0-SRR5935827	threads	16
20261008-155257-b74c0f2-6d43-n16-r13	13	c100	sample	0	0-SRR5935827	start_s	32.126891
20261008-155257-b74c0f2-6d43-n16-r13	13	c100	sample	0	0-SRR5935827	wall_s	7.809741
20261008-155257-b74c0f2-6d43-n16-r13	13	c100	sample	0	0-SRR5935827	setup_s	0.000028
20261008-155257-b74c0f2-6d43-n16-r13	13	c100	sample	0	0-SRR5935827	classify_s	7.368149
20261008-155257-b74c0f2-6d43-n16-r13	13	c100	sample	0	0-SRR5935827	close_s	0.234492
20261008-155257-b74c0f2-6d43-n16-r13	13	c100	sample	0	0-SRR5935827	report_s	0.201095
20261008-155257-b74c0f2-6d43-n16-r13	13	c100	sample	0	0-SRR5935827	status	0
20261008-155257-b74c0f2-6d43-n16-r13	13	c100	sample	0	0-SRR5935827	sequences	16260968
20261008-155257-b74c0f2-6d43-n16-r13	13	c100	sample	0	0-SRR5935827	bases	3012837135
20261008-155257-b74c0f2-6d43-n16-r13	13	c100	sample	0	0-SRR5935827	classified	15948766
20261008-155257-b74c0f2-6d43-n16-r13	13	c100	sample	0	0-SRR5935827	place	lpt
20261008-155257-b74c0f2-6d43-n16-r13	13	c100	sample	0	0-SRR5935827	weight	16260968
20261008-155257-b74c0f2-6d43-n16-r13	13	c100	engine.mem			t_s	45.0
20261008-155257-b74c0f2-6d43-n16-r13	13	c100	engine.mem			rss_kib	78917080
20261008-155257-b74c0f2-6d43-n16-r13	13	c100	engine.mem			hwm_kib	78917080
20261008-155257-b74c0f2-6d43-n16-r13	13	c100	engine.mem			heap_inuse	3777748992
20261008-155257-b74c0f2-6d43-n16-r13	13	c100	engine.mem			sys	6518292616
20261008-155257-b74c0f2-6d43-n16-r13	13	c100	engine.mem			avail_kib	16215264
20261008-155257-b74c0f2-6d43-n16-r13	13	c100	sample	0	0-SRR5935744	mode	parallel
20261008-155257-b74c0f2-6d43-n16-r13	13	c100	sample	0	0-SRR5935744	s3client	sdk
20261008-155257-b74c0f2-6d43-n16-r13	13	c100	sample	0	0-SRR5935744	rank	13
20261008-155257-b74c0f2-6d43-n16-r13	13	c100	sample	0	0-SRR5935744	role	home
20261008-155257-b74c0f2-6d43-n16-r13	13	c100	sample	0	0-SRR5935744	inflight	1
20261008-155257-b74c0f2-6d43-n16-r13	13	c100	sample	0	0-SRR5935744	threads	16
20261008-155257-b74c0f2-6d43-n16-r13	13	c100	sample	0	0-SRR5935744	start_s	39.936648
20261008-155257-b74c0f2-6d43-n16-r13	13	c100	sample	0	0-SRR5935744	wall_s	7.572994
20261008-155257-b74c0f2-6d43-n16-r13	13	c100	sample	0	0-SRR5935744	setup_s	0.000035
20261008-155257-b74c0f2-6d43-n16-r13	13	c100	sample	0	0-SRR5935744	classify_s	7.173853
20261008-155257-b74c0f2-6d43-n16-r13	13	c100	sample	0	0-SRR5935744	close_s	0.241255
20261008-155257-b74c0f2-6d43-n16-r13	13	c100	sample	0	0-SRR5935744	report_s	0.151369
20261008-155257-b74c0f2-6d43-n16-r13	13	c100	sample	0	0-SRR5935744	status	0
20261008-155257-b74c0f2-6d43-n16-r13	13	c100	sample	0	0-SRR5935744	sequences	15328347
20261008-155257-b74c0f2-6d43-n16-r13	13	c100	sample	0	0-SRR5935744	bases	2853526686
20261008-155257-b74c0f2-6d43-n16-r13	13	c100	sample	0	0-SRR5935744	classified	14998872
20261008-155257-b74c0f2-6d43-n16-r13	13	c100	sample	0	0-SRR5935744	place	lpt
20261008-155257-b74c0f2-6d43-n16-r13	13	c100	sample	0	0-SRR5935744	weight	15328347
20261008-155257-b74c0f2-6d43-n16-r13	13	c100	sample	0	0-SRR5935766	mode	parallel
20261008-155257-b74c0f2-6d43-n16-r13	13	c100	sample	0	0-SRR5935766	s3client	sdk
20261008-155257-b74c0f2-6d43-n16-r13	13	c100	sample	0	0-SRR5935766	rank	13
20261008-155257-b74c0f2-6d43-n16-r13	13	c100	sample	0	0-SRR5935766	role	home
20261008-155257-b74c0f2-6d43-n16-r13	13	c100	sample	0	0-SRR5935766	inflight	1
20261008-155257-b74c0f2-6d43-n16-r13	13	c100	sample	0	0-SRR5935766	threads	16
20261008-155257-b74c0f2-6d43-n16-r13	13	c100	sample	0	0-SRR5935766	start_s	47.509657
20261008-155257-b74c0f2-6d43-n16-r13	13	c100	sample	0	0-SRR5935766	wall_s	7.086590
20261008-155257-b74c0f2-6d43-n16-r13	13	c100	sample	0	0-SRR5935766	setup_s	0.000035
20261008-155257-b74c0f2-6d43-n16-r13	13	c100	sample	0	0-SRR5935766	classify_s	6.628738
20261008-155257-b74c0f2-6d43-n16-r13	13	c100	sample	0	0-SRR5935766	close_s	0.254558
20261008-155257-b74c0f2-6d43-n16-r13	13	c100	sample	0	0-SRR5935766	report_s	0.196883
20261008-155257-b74c0f2-6d43-n16-r13	13	c100	sample	0	0-SRR5935766	status	0
20261008-155257-b74c0f2-6d43-n16-r13	13	c100	sample	0	0-SRR5935766	sequences	14120624
20261008-155257-b74c0f2-6d43-n16-r13	13	c100	sample	0	0-SRR5935766	bases	2649393059
20261008-155257-b74c0f2-6d43-n16-r13	13	c100	sample	0	0-SRR5935766	classified	13394795
20261008-155257-b74c0f2-6d43-n16-r13	13	c100	sample	0	0-SRR5935766	place	lpt
20261008-155257-b74c0f2-6d43-n16-r13	13	c100	sample	0	0-SRR5935766	weight	14120624
20261008-155257-b74c0f2-6d43-n16-r13	13	c100	sample	0	0-SRR5935740	mode	parallel
20261008-155257-b74c0f2-6d43-n16-r13	13	c100	sample	0	0-SRR5935740	s3client	sdk
20261008-155257-b74c0f2-6d43-n16-r13	13	c100	sample	0	0-SRR5935740	rank	13
20261008-155257-b74c0f2-6d43-n16-r13	13	c100	sample	0	0-SRR5935740	role	home
20261008-155257-b74c0f2-6d43-n16-r13	13	c100	sample	0	0-SRR5935740	inflight	1
20261008-155257-b74c0f2-6d43-n16-r13	13	c100	sample	0	0-SRR5935740	threads	16
20261008-155257-b74c0f2-6d43-n16-r13	13	c100	sample	0	0-SRR5935740	start_s	54.596264
20261008-155257-b74c0f2-6d43-n16-r13	13	c100	sample	0	0-SRR5935740	wall_s	5.208642
20261008-155257-b74c0f2-6d43-n16-r13	13	c100	sample	0	0-SRR5935740	setup_s	0.000040
20261008-155257-b74c0f2-6d43-n16-r13	13	c100	sample	0	0-SRR5935740	classify_s	4.781132
20261008-155257-b74c0f2-6d43-n16-r13	13	c100	sample	0	0-SRR5935740	close_s	0.227666
20261008-155257-b74c0f2-6d43-n16-r13	13	c100	sample	0	0-SRR5935740	report_s	0.187510
20261008-155257-b74c0f2-6d43-n16-r13	13	c100	sample	0	0-SRR5935740	status	0
20261008-155257-b74c0f2-6d43-n16-r13	13	c100	sample	0	0-SRR5935740	sequences	10532910
20261008-155257-b74c0f2-6d43-n16-r13	13	c100	sample	0	0-SRR5935740	bases	1945093294
20261008-155257-b74c0f2-6d43-n16-r13	13	c100	sample	0	0-SRR5935740	classified	9366399
20261008-155257-b74c0f2-6d43-n16-r13	13	c100	sample	0	0-SRR5935740	place	lpt
20261008-155257-b74c0f2-6d43-n16-r13	13	c100	sample	0	0-SRR5935740	weight	10532910
20261008-155257-b74c0f2-6d43-n16-r13	13	c100	engine.mem			t_s	60.0
20261008-155257-b74c0f2-6d43-n16-r13	13	c100	engine.mem			rss_kib	78703612
20261008-155257-b74c0f2-6d43-n16-r13	13	c100	engine.mem			hwm_kib	78916688
20261008-155257-b74c0f2-6d43-n16-r13	13	c100	engine.mem			heap_inuse	2197184512
20261008-155257-b74c0f2-6d43-n16-r13	13	c100	engine.mem			sys	6543466632
20261008-155257-b74c0f2-6d43-n16-r13	13	c100	engine.mem			avail_kib	16413356
20261008-155257-b74c0f2-6d43-n16-r13	13	c100	sample	0	0-SRR5935781	mode	parallel
20261008-155257-b74c0f2-6d43-n16-r13	13	c100	sample	0	0-SRR5935781	s3client	sdk
20261008-155257-b74c0f2-6d43-n16-r13	13	c100	sample	0	0-SRR5935781	rank	13
20261008-155257-b74c0f2-6d43-n16-r13	13	c100	sample	0	0-SRR5935781	role	home
20261008-155257-b74c0f2-6d43-n16-r13	13	c100	sample	0	0-SRR5935781	inflight	1
20261008-155257-b74c0f2-6d43-n16-r13	13	c100	sample	0	0-SRR5935781	threads	16
20261008-155257-b74c0f2-6d43-n16-r13	13	c100	sample	0	0-SRR5935781	start_s	59.804921
20261008-155257-b74c0f2-6d43-n16-r13	13	c100	sample	0	0-SRR5935781	wall_s	4.608953
20261008-155257-b74c0f2-6d43-n16-r13	13	c100	sample	0	0-SRR5935781	setup_s	0.000041
20261008-155257-b74c0f2-6d43-n16-r13	13	c100	sample	0	0-SRR5935781	classify_s	4.204211
20261008-155257-b74c0f2-6d43-n16-r13	13	c100	sample	0	0-SRR5935781	close_s	0.204744
20261008-155257-b74c0f2-6d43-n16-r13	13	c100	sample	0	0-SRR5935781	report_s	0.195948
20261008-155257-b74c0f2-6d43-n16-r13	13	c100	sample	0	0-SRR5935781	status	0
20261008-155257-b74c0f2-6d43-n16-r13	13	c100	sample	0	0-SRR5935781	sequences	8486948
20261008-155257-b74c0f2-6d43-n16-r13	13	c100	sample	0	0-SRR5935781	bases	1613121343
20261008-155257-b74c0f2-6d43-n16-r13	13	c100	sample	0	0-SRR5935781	classified	8270605
20261008-155257-b74c0f2-6d43-n16-r13	13	c100	sample	0	0-SRR5935781	place	lpt
20261008-155257-b74c0f2-6d43-n16-r13	13	c100	sample	0	0-SRR5935781	weight	8486948
20261008-155257-b74c0f2-6d43-n16-r13	13	c100	sample	0	0-SRR5935836	mode	parallel
20261008-155257-b74c0f2-6d43-n16-r13	13	c100	sample	0	0-SRR5935836	s3client	sdk
20261008-155257-b74c0f2-6d43-n16-r13	13	c100	sample	0	0-SRR5935836	rank	13
20261008-155257-b74c0f2-6d43-n16-r13	13	c100	sample	0	0-SRR5935836	role	home
20261008-155257-b74c0f2-6d43-n16-r13	13	c100	sample	0	0-SRR5935836	inflight	1
20261008-155257-b74c0f2-6d43-n16-r13	13	c100	sample	0	0-SRR5935836	threads	16
20261008-155257-b74c0f2-6d43-n16-r13	13	c100	sample	0	0-SRR5935836	start_s	64.413889
20261008-155257-b74c0f2-6d43-n16-r13	13	c100	sample	0	0-SRR5935836	wall_s	3.711162
20261008-155257-b74c0f2-6d43-n16-r13	13	c100	sample	0	0-SRR5935836	setup_s	0.000037
20261008-155257-b74c0f2-6d43-n16-r13	13	c100	sample	0	0-SRR5935836	classify_s	3.357002
20261008-155257-b74c0f2-6d43-n16-r13	13	c100	sample	0	0-SRR5935836	close_s	0.203202
20261008-155257-b74c0f2-6d43-n16-r13	13	c100	sample	0	0-SRR5935836	report_s	0.146088
20261008-155257-b74c0f2-6d43-n16-r13	13	c100	sample	0	0-SRR5935836	status	0
20261008-155257-b74c0f2-6d43-n16-r13	13	c100	sample	0	0-SRR5935836	sequences	7326365
20261008-155257-b74c0f2-6d43-n16-r13	13	c100	sample	0	0-SRR5935836	bases	1333066620
20261008-155257-b74c0f2-6d43-n16-r13	13	c100	sample	0	0-SRR5935836	classified	6965607
20261008-155257-b74c0f2-6d43-n16-r13	13	c100	sample	0	0-SRR5935836	place	lpt
20261008-155257-b74c0f2-6d43-n16-r13	13	c100	sample	0	0-SRR5935836	weight	7326365
20261008-155257-b74c0f2-6d43-n16-r13	13	c100	phase			batch-barrier-0	1.288722
20261008-155257-b74c0f2-6d43-n16-r13	13	c100	phase			batch-barrier-0.start_s	68.125061
20261008-155257-b74c0f2-6d43-n16-r13	13	c100	engine.mem			t_s	75.0
20261008-155257-b74c0f2-6d43-n16-r13	13	c100	engine.mem			rss_kib	78740260
20261008-155257-b74c0f2-6d43-n16-r13	13	c100	engine.mem			hwm_kib	79340420
20261008-155257-b74c0f2-6d43-n16-r13	13	c100	engine.mem			heap_inuse	4654309376
20261008-155257-b74c0f2-6d43-n16-r13	13	c100	engine.mem			sys	7042638088
20261008-155257-b74c0f2-6d43-n16-r13	13	c100	engine.mem			avail_kib	16351712
20261008-155257-b74c0f2-6d43-n16-r13	13	c100	sample	1	1-SRR5935753	mode	parallel
20261008-155257-b74c0f2-6d43-n16-r13	13	c100	sample	1	1-SRR5935753	s3client	sdk
20261008-155257-b74c0f2-6d43-n16-r13	13	c100	sample	1	1-SRR5935753	rank	13
20261008-155257-b74c0f2-6d43-n16-r13	13	c100	sample	1	1-SRR5935753	role	home
20261008-155257-b74c0f2-6d43-n16-r13	13	c100	sample	1	1-SRR5935753	inflight	1
20261008-155257-b74c0f2-6d43-n16-r13	13	c100	sample	1	1-SRR5935753	threads	16
20261008-155257-b74c0f2-6d43-n16-r13	13	c100	sample	1	1-SRR5935753	start_s	69.413802
20261008-155257-b74c0f2-6d43-n16-r13	13	c100	sample	1	1-SRR5935753	wall_s	6.876014
20261008-155257-b74c0f2-6d43-n16-r13	13	c100	sample	1	1-SRR5935753	setup_s	0.000044
20261008-155257-b74c0f2-6d43-n16-r13	13	c100	sample	1	1-SRR5935753	classify_s	6.464939
20261008-155257-b74c0f2-6d43-n16-r13	13	c100	sample	1	1-SRR5935753	close_s	0.248784
20261008-155257-b74c0f2-6d43-n16-r13	13	c100	sample	1	1-SRR5935753	report_s	0.154901
20261008-155257-b74c0f2-6d43-n16-r13	13	c100	sample	1	1-SRR5935753	status	0
20261008-155257-b74c0f2-6d43-n16-r13	13	c100	sample	1	1-SRR5935753	sequences	14164085
20261008-155257-b74c0f2-6d43-n16-r13	13	c100	sample	1	1-SRR5935753	bases	2640398097
20261008-155257-b74c0f2-6d43-n16-r13	13	c100	sample	1	1-SRR5935753	classified	13689575
20261008-155257-b74c0f2-6d43-n16-r13	13	c100	sample	1	1-SRR5935753	place	mod
20261008-155257-b74c0f2-6d43-n16-r13	13	c100	sample	1	1-SRR5935753	weight	14164085
20261008-155257-b74c0f2-6d43-n16-r13	13	c100	sample	1	1-SRR5935769	mode	parallel
20261008-155257-b74c0f2-6d43-n16-r13	13	c100	sample	1	1-SRR5935769	s3client	sdk
20261008-155257-b74c0f2-6d43-n16-r13	13	c100	sample	1	1-SRR5935769	rank	13
20261008-155257-b74c0f2-6d43-n16-r13	13	c100	sample	1	1-SRR5935769	role	home
20261008-155257-b74c0f2-6d43-n16-r13	13	c100	sample	1	1-SRR5935769	inflight	1
20261008-155257-b74c0f2-6d43-n16-r13	13	c100	sample	1	1-SRR5935769	threads	16
20261008-155257-b74c0f2-6d43-n16-r13	13	c100	sample	1	1-SRR5935769	start_s	76.289831
20261008-155257-b74c0f2-6d43-n16-r13	13	c100	sample	1	1-SRR5935769	wall_s	5.590267
20261008-155257-b74c0f2-6d43-n16-r13	13	c100	sample	1	1-SRR5935769	setup_s	0.000041
20261008-155257-b74c0f2-6d43-n16-r13	13	c100	sample	1	1-SRR5935769	classify_s	5.188148
20261008-155257-b74c0f2-6d43-n16-r13	13	c100	sample	1	1-SRR5935769	close_s	0.244267
20261008-155257-b74c0f2-6d43-n16-r13	13	c100	sample	1	1-SRR5935769	report_s	0.149708
20261008-155257-b74c0f2-6d43-n16-r13	13	c100	sample	1	1-SRR5935769	status	0
20261008-155257-b74c0f2-6d43-n16-r13	13	c100	sample	1	1-SRR5935769	sequences	11374148
20261008-155257-b74c0f2-6d43-n16-r13	13	c100	sample	1	1-SRR5935769	bases	2063466726
20261008-155257-b74c0f2-6d43-n16-r13	13	c100	sample	1	1-SRR5935769	classified	10686284
20261008-155257-b74c0f2-6d43-n16-r13	13	c100	sample	1	1-SRR5935769	place	mod
20261008-155257-b74c0f2-6d43-n16-r13	13	c100	sample	1	1-SRR5935769	weight	11374148
20261008-155257-b74c0f2-6d43-n16-r13	13	c100	sample	1	1-SRR5935785	mode	parallel
20261008-155257-b74c0f2-6d43-n16-r13	13	c100	sample	1	1-SRR5935785	s3client	sdk
20261008-155257-b74c0f2-6d43-n16-r13	13	c100	sample	1	1-SRR5935785	rank	13
20261008-155257-b74c0f2-6d43-n16-r13	13	c100	sample	1	1-SRR5935785	role	home
20261008-155257-b74c0f2-6d43-n16-r13	13	c100	sample	1	1-SRR5935785	inflight	1
20261008-155257-b74c0f2-6d43-n16-r13	13	c100	sample	1	1-SRR5935785	threads	16
20261008-155257-b74c0f2-6d43-n16-r13	13	c100	sample	1	1-SRR5935785	start_s	81.880112
20261008-155257-b74c0f2-6d43-n16-r13	13	c100	sample	1	1-SRR5935785	wall_s	6.862120
20261008-155257-b74c0f2-6d43-n16-r13	13	c100	sample	1	1-SRR5935785	setup_s	0.000035
20261008-155257-b74c0f2-6d43-n16-r13	13	c100	sample	1	1-SRR5935785	classify_s	6.373592
20261008-155257-b74c0f2-6d43-n16-r13	13	c100	sample	1	1-SRR5935785	close_s	0.322741
20261008-155257-b74c0f2-6d43-n16-r13	13	c100	sample	1	1-SRR5935785	report_s	0.154709
20261008-155257-b74c0f2-6d43-n16-r13	13	c100	sample	1	1-SRR5935785	status	0
20261008-155257-b74c0f2-6d43-n16-r13	13	c100	sample	1	1-SRR5935785	sequences	13817496
20261008-155257-b74c0f2-6d43-n16-r13	13	c100	sample	1	1-SRR5935785	bases	2535866229
20261008-155257-b74c0f2-6d43-n16-r13	13	c100	sample	1	1-SRR5935785	classified	12277050
20261008-155257-b74c0f2-6d43-n16-r13	13	c100	sample	1	1-SRR5935785	place	mod
20261008-155257-b74c0f2-6d43-n16-r13	13	c100	sample	1	1-SRR5935785	weight	13817496
20261008-155257-b74c0f2-6d43-n16-r13	13	c100	engine.mem			t_s	90.0
20261008-155257-b74c0f2-6d43-n16-r13	13	c100	engine.mem			rss_kib	78437176
20261008-155257-b74c0f2-6d43-n16-r13	13	c100	engine.mem			hwm_kib	79837508
20261008-155257-b74c0f2-6d43-n16-r13	13	c100	engine.mem			heap_inuse	4045438976
20261008-155257-b74c0f2-6d43-n16-r13	13	c100	engine.mem			sys	7605502344
20261008-155257-b74c0f2-6d43-n16-r13	13	c100	engine.mem			avail_kib	15859356
20261008-155257-b74c0f2-6d43-n16-r13	13	c100	sample	1	1-SRR5935801	mode	parallel
20261008-155257-b74c0f2-6d43-n16-r13	13	c100	sample	1	1-SRR5935801	s3client	sdk
20261008-155257-b74c0f2-6d43-n16-r13	13	c100	sample	1	1-SRR5935801	rank	13
20261008-155257-b74c0f2-6d43-n16-r13	13	c100	sample	1	1-SRR5935801	role	home
20261008-155257-b74c0f2-6d43-n16-r13	13	c100	sample	1	1-SRR5935801	inflight	1
20261008-155257-b74c0f2-6d43-n16-r13	13	c100	sample	1	1-SRR5935801	threads	16
20261008-155257-b74c0f2-6d43-n16-r13	13	c100	sample	1	1-SRR5935801	start_s	88.742245
20261008-155257-b74c0f2-6d43-n16-r13	13	c100	sample	1	1-SRR5935801	wall_s	6.569781
20261008-155257-b74c0f2-6d43-n16-r13	13	c100	sample	1	1-SRR5935801	setup_s	0.000037
20261008-155257-b74c0f2-6d43-n16-r13	13	c100	sample	1	1-SRR5935801	classify_s	6.094574
20261008-155257-b74c0f2-6d43-n16-r13	13	c100	sample	1	1-SRR5935801	close_s	0.245596
20261008-155257-b74c0f2-6d43-n16-r13	13	c100	sample	1	1-SRR5935801	report_s	0.220151
20261008-155257-b74c0f2-6d43-n16-r13	13	c100	sample	1	1-SRR5935801	status	0
20261008-155257-b74c0f2-6d43-n16-r13	13	c100	sample	1	1-SRR5935801	sequences	13162386
20261008-155257-b74c0f2-6d43-n16-r13	13	c100	sample	1	1-SRR5935801	bases	2465096767
20261008-155257-b74c0f2-6d43-n16-r13	13	c100	sample	1	1-SRR5935801	classified	12297712
20261008-155257-b74c0f2-6d43-n16-r13	13	c100	sample	1	1-SRR5935801	place	mod
20261008-155257-b74c0f2-6d43-n16-r13	13	c100	sample	1	1-SRR5935801	weight	13162386
20261008-155257-b74c0f2-6d43-n16-r13	13	c100	sample	1	1-SRR5935817	mode	parallel
20261008-155257-b74c0f2-6d43-n16-r13	13	c100	sample	1	1-SRR5935817	s3client	sdk
20261008-155257-b74c0f2-6d43-n16-r13	13	c100	sample	1	1-SRR5935817	rank	13
20261008-155257-b74c0f2-6d43-n16-r13	13	c100	sample	1	1-SRR5935817	role	home
20261008-155257-b74c0f2-6d43-n16-r13	13	c100	sample	1	1-SRR5935817	inflight	1
20261008-155257-b74c0f2-6d43-n16-r13	13	c100	sample	1	1-SRR5935817	threads	16
20261008-155257-b74c0f2-6d43-n16-r13	13	c100	sample	1	1-SRR5935817	start_s	95.312039
20261008-155257-b74c0f2-6d43-n16-r13	13	c100	sample	1	1-SRR5935817	wall_s	6.962691
20261008-155257-b74c0f2-6d43-n16-r13	13	c100	sample	1	1-SRR5935817	setup_s	0.000041
20261008-155257-b74c0f2-6d43-n16-r13	13	c100	sample	1	1-SRR5935817	classify_s	6.472181
20261008-155257-b74c0f2-6d43-n16-r13	13	c100	sample	1	1-SRR5935817	close_s	0.355599
20261008-155257-b74c0f2-6d43-n16-r13	13	c100	sample	1	1-SRR5935817	report_s	0.128987
20261008-155257-b74c0f2-6d43-n16-r13	13	c100	sample	1	1-SRR5935817	status	0
20261008-155257-b74c0f2-6d43-n16-r13	13	c100	sample	1	1-SRR5935817	sequences	14261195
20261008-155257-b74c0f2-6d43-n16-r13	13	c100	sample	1	1-SRR5935817	bases	2665696979
20261008-155257-b74c0f2-6d43-n16-r13	13	c100	sample	1	1-SRR5935817	classified	13980324
20261008-155257-b74c0f2-6d43-n16-r13	13	c100	sample	1	1-SRR5935817	place	mod
20261008-155257-b74c0f2-6d43-n16-r13	13	c100	sample	1	1-SRR5935817	weight	14261195
20261008-155257-b74c0f2-6d43-n16-r13	13	c100	engine.mem			t_s	105.0
20261008-155257-b74c0f2-6d43-n16-r13	13	c100	engine.mem			rss_kib	78874032
20261008-155257-b74c0f2-6d43-n16-r13	13	c100	engine.mem			hwm_kib	79837508
20261008-155257-b74c0f2-6d43-n16-r13	13	c100	engine.mem			heap_inuse	5528207360
20261008-155257-b74c0f2-6d43-n16-r13	13	c100	engine.mem			sys	7605535112
20261008-155257-b74c0f2-6d43-n16-r13	13	c100	engine.mem			avail_kib	15736988
20261008-155257-b74c0f2-6d43-n16-r13	13	c100	sample	1	1-SRR5935833	mode	parallel
20261008-155257-b74c0f2-6d43-n16-r13	13	c100	sample	1	1-SRR5935833	s3client	sdk
20261008-155257-b74c0f2-6d43-n16-r13	13	c100	sample	1	1-SRR5935833	rank	13
20261008-155257-b74c0f2-6d43-n16-r13	13	c100	sample	1	1-SRR5935833	role	home
20261008-155257-b74c0f2-6d43-n16-r13	13	c100	sample	1	1-SRR5935833	inflight	1
20261008-155257-b74c0f2-6d43-n16-r13	13	c100	sample	1	1-SRR5935833	threads	16
20261008-155257-b74c0f2-6d43-n16-r13	13	c100	sample	1	1-SRR5935833	start_s	102.274743
20261008-155257-b74c0f2-6d43-n16-r13	13	c100	sample	1	1-SRR5935833	wall_s	6.289104
20261008-155257-b74c0f2-6d43-n16-r13	13	c100	sample	1	1-SRR5935833	setup_s	0.000038
20261008-155257-b74c0f2-6d43-n16-r13	13	c100	sample	1	1-SRR5935833	classify_s	5.862474
20261008-155257-b74c0f2-6d43-n16-r13	13	c100	sample	1	1-SRR5935833	close_s	0.207760
20261008-155257-b74c0f2-6d43-n16-r13	13	c100	sample	1	1-SRR5935833	report_s	0.206827
20261008-155257-b74c0f2-6d43-n16-r13	13	c100	sample	1	1-SRR5935833	status	0
20261008-155257-b74c0f2-6d43-n16-r13	13	c100	sample	1	1-SRR5935833	sequences	12711109
20261008-155257-b74c0f2-6d43-n16-r13	13	c100	sample	1	1-SRR5935833	bases	2382418955
20261008-155257-b74c0f2-6d43-n16-r13	13	c100	sample	1	1-SRR5935833	classified	11452616
20261008-155257-b74c0f2-6d43-n16-r13	13	c100	sample	1	1-SRR5935833	place	mod
20261008-155257-b74c0f2-6d43-n16-r13	13	c100	sample	1	1-SRR5935833	weight	12711109
20261008-155257-b74c0f2-6d43-n16-r13	13	c100	phase			batch-barrier-1	8.189004
20261008-155257-b74c0f2-6d43-n16-r13	13	c100	phase			batch-barrier-1.start_s	108.563859
20261008-155257-b74c0f2-6d43-n16-r13	13	c100	engine.mem			t_s	120.0
20261008-155257-b74c0f2-6d43-n16-r13	13	c100	engine.mem			rss_kib	78844472
20261008-155257-b74c0f2-6d43-n16-r13	13	c100	engine.mem			hwm_kib	79837508
20261008-155257-b74c0f2-6d43-n16-r13	13	c100	engine.mem			heap_inuse	3095994368
20261008-155257-b74c0f2-6d43-n16-r13	13	c100	engine.mem			sys	7605535112
20261008-155257-b74c0f2-6d43-n16-r13	13	c100	engine.mem			avail_kib	15828724
20261008-155257-b74c0f2-6d43-n16-r13	13	c100	sample	2	2-SRR5935827	mode	parallel
20261008-155257-b74c0f2-6d43-n16-r13	13	c100	sample	2	2-SRR5935827	s3client	sdk
20261008-155257-b74c0f2-6d43-n16-r13	13	c100	sample	2	2-SRR5935827	rank	13
20261008-155257-b74c0f2-6d43-n16-r13	13	c100	sample	2	2-SRR5935827	role	home
20261008-155257-b74c0f2-6d43-n16-r13	13	c100	sample	2	2-SRR5935827	inflight	1
20261008-155257-b74c0f2-6d43-n16-r13	13	c100	sample	2	2-SRR5935827	threads	16
20261008-155257-b74c0f2-6d43-n16-r13	13	c100	sample	2	2-SRR5935827	start_s	116.752897
20261008-155257-b74c0f2-6d43-n16-r13	13	c100	sample	2	2-SRR5935827	wall_s	7.748618
20261008-155257-b74c0f2-6d43-n16-r13	13	c100	sample	2	2-SRR5935827	setup_s	0.000033
20261008-155257-b74c0f2-6d43-n16-r13	13	c100	sample	2	2-SRR5935827	classify_s	7.388847
20261008-155257-b74c0f2-6d43-n16-r13	13	c100	sample	2	2-SRR5935827	close_s	0.216854
20261008-155257-b74c0f2-6d43-n16-r13	13	c100	sample	2	2-SRR5935827	report_s	0.137004
20261008-155257-b74c0f2-6d43-n16-r13	13	c100	sample	2	2-SRR5935827	status	0
20261008-155257-b74c0f2-6d43-n16-r13	13	c100	sample	2	2-SRR5935827	sequences	16260968
20261008-155257-b74c0f2-6d43-n16-r13	13	c100	sample	2	2-SRR5935827	bases	3012837135
20261008-155257-b74c0f2-6d43-n16-r13	13	c100	sample	2	2-SRR5935827	classified	15948766
20261008-155257-b74c0f2-6d43-n16-r13	13	c100	sample	2	2-SRR5935827	place	lpt
20261008-155257-b74c0f2-6d43-n16-r13	13	c100	sample	2	2-SRR5935827	weight	16260968
20261008-155257-b74c0f2-6d43-n16-r13	13	c100	sample	2	2-SRR5935744	mode	parallel
20261008-155257-b74c0f2-6d43-n16-r13	13	c100	sample	2	2-SRR5935744	s3client	sdk
20261008-155257-b74c0f2-6d43-n16-r13	13	c100	sample	2	2-SRR5935744	rank	13
20261008-155257-b74c0f2-6d43-n16-r13	13	c100	sample	2	2-SRR5935744	role	home
20261008-155257-b74c0f2-6d43-n16-r13	13	c100	sample	2	2-SRR5935744	inflight	1
20261008-155257-b74c0f2-6d43-n16-r13	13	c100	sample	2	2-SRR5935744	threads	16
20261008-155257-b74c0f2-6d43-n16-r13	13	c100	sample	2	2-SRR5935744	start_s	124.501530
20261008-155257-b74c0f2-6d43-n16-r13	13	c100	sample	2	2-SRR5935744	wall_s	7.537886
20261008-155257-b74c0f2-6d43-n16-r13	13	c100	sample	2	2-SRR5935744	setup_s	0.000045
20261008-155257-b74c0f2-6d43-n16-r13	13	c100	sample	2	2-SRR5935744	classify_s	7.201071
20261008-155257-b74c0f2-6d43-n16-r13	13	c100	sample	2	2-SRR5935744	close_s	0.210269
20261008-155257-b74c0f2-6d43-n16-r13	13	c100	sample	2	2-SRR5935744	report_s	0.120070
20261008-155257-b74c0f2-6d43-n16-r13	13	c100	sample	2	2-SRR5935744	status	0
20261008-155257-b74c0f2-6d43-n16-r13	13	c100	sample	2	2-SRR5935744	sequences	15328347
20261008-155257-b74c0f2-6d43-n16-r13	13	c100	sample	2	2-SRR5935744	bases	2853526686
20261008-155257-b74c0f2-6d43-n16-r13	13	c100	sample	2	2-SRR5935744	classified	14998872
20261008-155257-b74c0f2-6d43-n16-r13	13	c100	sample	2	2-SRR5935744	place	lpt
20261008-155257-b74c0f2-6d43-n16-r13	13	c100	sample	2	2-SRR5935744	weight	15328347
20261008-155257-b74c0f2-6d43-n16-r13	13	c100	engine.mem			t_s	135.0
20261008-155257-b74c0f2-6d43-n16-r13	13	c100	engine.mem			rss_kib	78468540
20261008-155257-b74c0f2-6d43-n16-r13	13	c100	engine.mem			hwm_kib	79837508
20261008-155257-b74c0f2-6d43-n16-r13	13	c100	engine.mem			heap_inuse	5322448896
20261008-155257-b74c0f2-6d43-n16-r13	13	c100	engine.mem			sys	7605543304
20261008-155257-b74c0f2-6d43-n16-r13	13	c100	engine.mem			avail_kib	15925396
20261008-155257-b74c0f2-6d43-n16-r13	13	c100	sample	2	2-SRR5935766	mode	parallel
20261008-155257-b74c0f2-6d43-n16-r13	13	c100	sample	2	2-SRR5935766	s3client	sdk
20261008-155257-b74c0f2-6d43-n16-r13	13	c100	sample	2	2-SRR5935766	rank	13
20261008-155257-b74c0f2-6d43-n16-r13	13	c100	sample	2	2-SRR5935766	role	home
20261008-155257-b74c0f2-6d43-n16-r13	13	c100	sample	2	2-SRR5935766	inflight	1
20261008-155257-b74c0f2-6d43-n16-r13	13	c100	sample	2	2-SRR5935766	threads	16
20261008-155257-b74c0f2-6d43-n16-r13	13	c100	sample	2	2-SRR5935766	start_s	132.039430
20261008-155257-b74c0f2-6d43-n16-r13	13	c100	sample	2	2-SRR5935766	wall_s	7.221382
20261008-155257-b74c0f2-6d43-n16-r13	13	c100	sample	2	2-SRR5935766	setup_s	0.000047
20261008-155257-b74c0f2-6d43-n16-r13	13	c100	sample	2	2-SRR5935766	classify_s	6.862578
20261008-155257-b74c0f2-6d43-n16-r13	13	c100	sample	2	2-SRR5935766	close_s	0.228828
20261008-155257-b74c0f2-6d43-n16-r13	13	c100	sample	2	2-SRR5935766	report_s	0.123007
20261008-155257-b74c0f2-6d43-n16-r13	13	c100	sample	2	2-SRR5935766	status	0
20261008-155257-b74c0f2-6d43-n16-r13	13	c100	sample	2	2-SRR5935766	sequences	14120624
20261008-155257-b74c0f2-6d43-n16-r13	13	c100	sample	2	2-SRR5935766	bases	2649393059
20261008-155257-b74c0f2-6d43-n16-r13	13	c100	sample	2	2-SRR5935766	classified	13394795
20261008-155257-b74c0f2-6d43-n16-r13	13	c100	sample	2	2-SRR5935766	place	lpt
20261008-155257-b74c0f2-6d43-n16-r13	13	c100	sample	2	2-SRR5935766	weight	14120624
20261008-155257-b74c0f2-6d43-n16-r13	13	c100	sample	2	2-SRR5935740	mode	parallel
20261008-155257-b74c0f2-6d43-n16-r13	13	c100	sample	2	2-SRR5935740	s3client	sdk
20261008-155257-b74c0f2-6d43-n16-r13	13	c100	sample	2	2-SRR5935740	rank	13
20261008-155257-b74c0f2-6d43-n16-r13	13	c100	sample	2	2-SRR5935740	role	home
20261008-155257-b74c0f2-6d43-n16-r13	13	c100	sample	2	2-SRR5935740	inflight	1
20261008-155257-b74c0f2-6d43-n16-r13	13	c100	sample	2	2-SRR5935740	threads	16
20261008-155257-b74c0f2-6d43-n16-r13	13	c100	sample	2	2-SRR5935740	start_s	139.260827
20261008-155257-b74c0f2-6d43-n16-r13	13	c100	sample	2	2-SRR5935740	wall_s	5.212915
20261008-155257-b74c0f2-6d43-n16-r13	13	c100	sample	2	2-SRR5935740	setup_s	0.000040
20261008-155257-b74c0f2-6d43-n16-r13	13	c100	sample	2	2-SRR5935740	classify_s	4.823644
20261008-155257-b74c0f2-6d43-n16-r13	13	c100	sample	2	2-SRR5935740	close_s	0.234116
20261008-155257-b74c0f2-6d43-n16-r13	13	c100	sample	2	2-SRR5935740	report_s	0.141723
20261008-155257-b74c0f2-6d43-n16-r13	13	c100	sample	2	2-SRR5935740	status	0
20261008-155257-b74c0f2-6d43-n16-r13	13	c100	sample	2	2-SRR5935740	sequences	10532910
20261008-155257-b74c0f2-6d43-n16-r13	13	c100	sample	2	2-SRR5935740	bases	1945093294
20261008-155257-b74c0f2-6d43-n16-r13	13	c100	sample	2	2-SRR5935740	classified	9366399
20261008-155257-b74c0f2-6d43-n16-r13	13	c100	sample	2	2-SRR5935740	place	lpt
20261008-155257-b74c0f2-6d43-n16-r13	13	c100	sample	2	2-SRR5935740	weight	10532910
20261008-155257-b74c0f2-6d43-n16-r13	13	c100	sample	2	2-SRR5935781	mode	parallel
20261008-155257-b74c0f2-6d43-n16-r13	13	c100	sample	2	2-SRR5935781	s3client	sdk
20261008-155257-b74c0f2-6d43-n16-r13	13	c100	sample	2	2-SRR5935781	rank	13
20261008-155257-b74c0f2-6d43-n16-r13	13	c100	sample	2	2-SRR5935781	role	home
20261008-155257-b74c0f2-6d43-n16-r13	13	c100	sample	2	2-SRR5935781	inflight	1
20261008-155257-b74c0f2-6d43-n16-r13	13	c100	sample	2	2-SRR5935781	threads	16
20261008-155257-b74c0f2-6d43-n16-r13	13	c100	sample	2	2-SRR5935781	start_s	144.473756
20261008-155257-b74c0f2-6d43-n16-r13	13	c100	sample	2	2-SRR5935781	wall_s	4.502533
20261008-155257-b74c0f2-6d43-n16-r13	13	c100	sample	2	2-SRR5935781	setup_s	0.000044
20261008-155257-b74c0f2-6d43-n16-r13	13	c100	sample	2	2-SRR5935781	classify_s	4.112624
20261008-155257-b74c0f2-6d43-n16-r13	13	c100	sample	2	2-SRR5935781	close_s	0.230888
20261008-155257-b74c0f2-6d43-n16-r13	13	c100	sample	2	2-SRR5935781	report_s	0.155170
20261008-155257-b74c0f2-6d43-n16-r13	13	c100	sample	2	2-SRR5935781	status	0
20261008-155257-b74c0f2-6d43-n16-r13	13	c100	sample	2	2-SRR5935781	sequences	8486948
20261008-155257-b74c0f2-6d43-n16-r13	13	c100	sample	2	2-SRR5935781	bases	1613121343
20261008-155257-b74c0f2-6d43-n16-r13	13	c100	sample	2	2-SRR5935781	classified	8270605
20261008-155257-b74c0f2-6d43-n16-r13	13	c100	sample	2	2-SRR5935781	place	lpt
20261008-155257-b74c0f2-6d43-n16-r13	13	c100	sample	2	2-SRR5935781	weight	8486948
20261008-155257-b74c0f2-6d43-n16-r13	13	c100	engine.mem			t_s	150.0
20261008-155257-b74c0f2-6d43-n16-r13	13	c100	engine.mem			rss_kib	77960972
20261008-155257-b74c0f2-6d43-n16-r13	13	c100	engine.mem			hwm_kib	79837508
20261008-155257-b74c0f2-6d43-n16-r13	13	c100	engine.mem			heap_inuse	5079465984
20261008-155257-b74c0f2-6d43-n16-r13	13	c100	engine.mem			sys	7605600648
20261008-155257-b74c0f2-6d43-n16-r13	13	c100	engine.mem			avail_kib	15996512
20261008-155257-b74c0f2-6d43-n16-r13	13	c100	sample	2	2-SRR5935836	mode	parallel
20261008-155257-b74c0f2-6d43-n16-r13	13	c100	sample	2	2-SRR5935836	s3client	sdk
20261008-155257-b74c0f2-6d43-n16-r13	13	c100	sample	2	2-SRR5935836	rank	13
20261008-155257-b74c0f2-6d43-n16-r13	13	c100	sample	2	2-SRR5935836	role	home
20261008-155257-b74c0f2-6d43-n16-r13	13	c100	sample	2	2-SRR5935836	inflight	1
20261008-155257-b74c0f2-6d43-n16-r13	13	c100	sample	2	2-SRR5935836	threads	16
20261008-155257-b74c0f2-6d43-n16-r13	13	c100	sample	2	2-SRR5935836	start_s	148.976305
20261008-155257-b74c0f2-6d43-n16-r13	13	c100	sample	2	2-SRR5935836	wall_s	3.746237
20261008-155257-b74c0f2-6d43-n16-r13	13	c100	sample	2	2-SRR5935836	setup_s	0.000039
20261008-155257-b74c0f2-6d43-n16-r13	13	c100	sample	2	2-SRR5935836	classify_s	3.344534
20261008-155257-b74c0f2-6d43-n16-r13	13	c100	sample	2	2-SRR5935836	close_s	0.245205
20261008-155257-b74c0f2-6d43-n16-r13	13	c100	sample	2	2-SRR5935836	report_s	0.151601
20261008-155257-b74c0f2-6d43-n16-r13	13	c100	sample	2	2-SRR5935836	status	0
20261008-155257-b74c0f2-6d43-n16-r13	13	c100	sample	2	2-SRR5935836	sequences	7326365
20261008-155257-b74c0f2-6d43-n16-r13	13	c100	sample	2	2-SRR5935836	bases	1333066620
20261008-155257-b74c0f2-6d43-n16-r13	13	c100	sample	2	2-SRR5935836	classified	6965607
20261008-155257-b74c0f2-6d43-n16-r13	13	c100	sample	2	2-SRR5935836	place	lpt
20261008-155257-b74c0f2-6d43-n16-r13	13	c100	sample	2	2-SRR5935836	weight	7326365
20261008-155257-b74c0f2-6d43-n16-r13	13	c100	phase			batch-barrier-2	0.544852
20261008-155257-b74c0f2-6d43-n16-r13	13	c100	phase			batch-barrier-2.start_s	152.722552
20261008-155257-b74c0f2-6d43-n16-r13	13	c100	phase			barrier	1.000921
20261008-155257-b74c0f2-6d43-n16-r13	13	c100	phase			barrier.start_s	158.502594
20261008-155257-b74c0f2-6d43-n16-r13	13	c100	sample	3	3-SRR5935740	mode	striped
20261008-155257-b74c0f2-6d43-n16-r13	13	c100	sample	3	3-SRR5935740	s3client	sdk
20261008-155257-b74c0f2-6d43-n16-r13	13	c100	sample	3	3-SRR5935740	rank	13
20261008-155257-b74c0f2-6d43-n16-r13	13	c100	sample	3	3-SRR5935740	role	peer
20261008-155257-b74c0f2-6d43-n16-r13	13	c100	sample	3	3-SRR5935740	inflight	1
20261008-155257-b74c0f2-6d43-n16-r13	13	c100	sample	3	3-SRR5935740	threads	16
20261008-155257-b74c0f2-6d43-n16-r13	13	c100	sample	3	3-SRR5935740	start_s	153.830507
20261008-155257-b74c0f2-6d43-n16-r13	13	c100	sample	3	3-SRR5935740	wall_s	5.673060
20261008-155257-b74c0f2-6d43-n16-r13	13	c100	sample	3	3-SRR5935740	setup_s	0.000028
20261008-155257-b74c0f2-6d43-n16-r13	13	c100	sample	3	3-SRR5935740	classify_s	4.668057
20261008-155257-b74c0f2-6d43-n16-r13	13	c100	sample	3	3-SRR5935740	close_s	0.000000
20261008-155257-b74c0f2-6d43-n16-r13	13	c100	sample	3	3-SRR5935740	report_s	0.000000
20261008-155257-b74c0f2-6d43-n16-r13	13	c100	sample	3	3-SRR5935740	status	0
20261008-155257-b74c0f2-6d43-n16-r13	13	c100	sample	3	3-SRR5935740	sequences	0
20261008-155257-b74c0f2-6d43-n16-r13	13	c100	sample	3	3-SRR5935740	bases	0
20261008-155257-b74c0f2-6d43-n16-r13	13	c100	sample	3	3-SRR5935740	classified	0
20261008-155257-b74c0f2-6d43-n16-r13	13	c100	sample	3	3-SRR5935740	place	-
20261008-155257-b74c0f2-6d43-n16-r13	13	c100	sample	3	3-SRR5935740	weight	-
20261008-155257-b74c0f2-6d43-n16-r13	13	c100	phase			batch-barrier-3	0.612341
20261008-155257-b74c0f2-6d43-n16-r13	13	c100	phase			batch-barrier-3.start_s	159.503577
20261008-155257-b74c0f2-6d43-n16-r13	13	c100	engine.mem			t_s	165.0
20261008-155257-b74c0f2-6d43-n16-r13	13	c100	engine.mem			rss_kib	76158328
20261008-155257-b74c0f2-6d43-n16-r13	13	c100	engine.mem			hwm_kib	79837508
20261008-155257-b74c0f2-6d43-n16-r13	13	c100	engine.mem			heap_inuse	2731745280
20261008-155257-b74c0f2-6d43-n16-r13	13	c100	engine.mem			sys	7605862792
20261008-155257-b74c0f2-6d43-n16-r13	13	c100	engine.mem			avail_kib	18550588
20261008-155257-b74c0f2-6d43-n16-r13	13	c100	phase			barrier	0.161100
20261008-155257-b74c0f2-6d43-n16-r13	13	c100	phase			barrier.start_s	165.529935
20261008-155257-b74c0f2-6d43-n16-r13	13	c100	sample	4	4-SRR5935740	mode	striped
20261008-155257-b74c0f2-6d43-n16-r13	13	c100	sample	4	4-SRR5935740	s3client	sdk
20261008-155257-b74c0f2-6d43-n16-r13	13	c100	sample	4	4-SRR5935740	rank	13
20261008-155257-b74c0f2-6d43-n16-r13	13	c100	sample	4	4-SRR5935740	role	peer
20261008-155257-b74c0f2-6d43-n16-r13	13	c100	sample	4	4-SRR5935740	inflight	1
20261008-155257-b74c0f2-6d43-n16-r13	13	c100	sample	4	4-SRR5935740	threads	16
20261008-155257-b74c0f2-6d43-n16-r13	13	c100	sample	4	4-SRR5935740	start_s	160.866145
20261008-155257-b74c0f2-6d43-n16-r13	13	c100	sample	4	4-SRR5935740	wall_s	4.824918
20261008-155257-b74c0f2-6d43-n16-r13	13	c100	sample	4	4-SRR5935740	setup_s	0.000031
20261008-155257-b74c0f2-6d43-n16-r13	13	c100	sample	4	4-SRR5935740	classify_s	4.660680
20261008-155257-b74c0f2-6d43-n16-r13	13	c100	sample	4	4-SRR5935740	close_s	0.000000
20261008-155257-b74c0f2-6d43-n16-r13	13	c100	sample	4	4-SRR5935740	report_s	0.000000
20261008-155257-b74c0f2-6d43-n16-r13	13	c100	sample	4	4-SRR5935740	status	0
20261008-155257-b74c0f2-6d43-n16-r13	13	c100	sample	4	4-SRR5935740	sequences	0
20261008-155257-b74c0f2-6d43-n16-r13	13	c100	sample	4	4-SRR5935740	bases	0
20261008-155257-b74c0f2-6d43-n16-r13	13	c100	sample	4	4-SRR5935740	classified	0
20261008-155257-b74c0f2-6d43-n16-r13	13	c100	sample	4	4-SRR5935740	place	-
20261008-155257-b74c0f2-6d43-n16-r13	13	c100	sample	4	4-SRR5935740	weight	-
20261008-155257-b74c0f2-6d43-n16-r13	13	c100	phase			batch-barrier-4	0.485842
20261008-155257-b74c0f2-6d43-n16-r13	13	c100	phase			batch-barrier-4.start_s	165.691069
20261008-155257-b74c0f2-6d43-n16-r13	13	c100	phase			barrier	0.076687
20261008-155257-b74c0f2-6d43-n16-r13	13	c100	phase			barrier.start_s	171.646072
20261008-155257-b74c0f2-6d43-n16-r13	13	c100	sample	5	5-SRR5935740	mode	striped
20261008-155257-b74c0f2-6d43-n16-r13	13	c100	sample	5	5-SRR5935740	s3client	sdk
20261008-155257-b74c0f2-6d43-n16-r13	13	c100	sample	5	5-SRR5935740	rank	13
20261008-155257-b74c0f2-6d43-n16-r13	13	c100	sample	5	5-SRR5935740	role	peer
20261008-155257-b74c0f2-6d43-n16-r13	13	c100	sample	5	5-SRR5935740	inflight	1
20261008-155257-b74c0f2-6d43-n16-r13	13	c100	sample	5	5-SRR5935740	threads	16
20261008-155257-b74c0f2-6d43-n16-r13	13	c100	sample	5	5-SRR5935740	start_s	166.965802
20261008-155257-b74c0f2-6d43-n16-r13	13	c100	sample	5	5-SRR5935740	wall_s	4.756989
20261008-155257-b74c0f2-6d43-n16-r13	13	c100	sample	5	5-SRR5935740	setup_s	0.000027
20261008-155257-b74c0f2-6d43-n16-r13	13	c100	sample	5	5-SRR5935740	classify_s	4.676953
20261008-155257-b74c0f2-6d43-n16-r13	13	c100	sample	5	5-SRR5935740	close_s	0.000000
20261008-155257-b74c0f2-6d43-n16-r13	13	c100	sample	5	5-SRR5935740	report_s	0.000000
20261008-155257-b74c0f2-6d43-n16-r13	13	c100	sample	5	5-SRR5935740	status	0
20261008-155257-b74c0f2-6d43-n16-r13	13	c100	sample	5	5-SRR5935740	sequences	0
20261008-155257-b74c0f2-6d43-n16-r13	13	c100	sample	5	5-SRR5935740	bases	0
20261008-155257-b74c0f2-6d43-n16-r13	13	c100	sample	5	5-SRR5935740	classified	0
20261008-155257-b74c0f2-6d43-n16-r13	13	c100	sample	5	5-SRR5935740	place	-
20261008-155257-b74c0f2-6d43-n16-r13	13	c100	sample	5	5-SRR5935740	weight	-
20261008-155257-b74c0f2-6d43-n16-r13	13	c100	phase			batch-barrier-5	0.474872
20261008-155257-b74c0f2-6d43-n16-r13	13	c100	phase			batch-barrier-5.start_s	171.722798
20261008-155257-b74c0f2-6d43-n16-r13	13	c100	phase			batch-barrier-6	6.151087
20261008-155257-b74c0f2-6d43-n16-r13	13	c100	phase			batch-barrier-6.start_s	172.197680
20261008-155257-b74c0f2-6d43-n16-r13	13	c100	engine.mem			t_s	180.0
20261008-155257-b74c0f2-6d43-n16-r13	13	c100	engine.mem			rss_kib	76476220
20261008-155257-b74c0f2-6d43-n16-r13	13	c100	engine.mem			hwm_kib	79837508
20261008-155257-b74c0f2-6d43-n16-r13	13	c100	engine.mem			heap_inuse	3086893056
20261008-155257-b74c0f2-6d43-n16-r13	13	c100	engine.mem			sys	7605862792
20261008-155257-b74c0f2-6d43-n16-r13	13	c100	engine.mem			avail_kib	18335832
20261008-155257-b74c0f2-6d43-n16-r13	13	c100	phase			batch-barrier-7	5.066311
20261008-155257-b74c0f2-6d43-n16-r13	13	c100	phase			batch-barrier-7.start_s	178.348784
20261008-155257-b74c0f2-6d43-n16-r13	13	c100	phase			batch-barrier-8	6.134306
20261008-155257-b74c0f2-6d43-n16-r13	13	c100	phase			batch-barrier-8.start_s	183.415111
20261008-155257-b74c0f2-6d43-n16-r13	13	c100	engine.shard			index	0
20261008-155257-b74c0f2-6d43-n16-r13	13	c100	engine.shard			n	16
20261008-155257-b74c0f2-6d43-n16-r13	13	c100	engine.shard			lo	241534245827
20261008-155257-b74c0f2-6d43-n16-r13	13	c100	engine.shard			hi	260113803199
20261008-155257-b74c0f2-6d43-n16-r13	13	c100	engine.shard			tail	302
20261008-155257-b74c0f2-6d43-n16-r13	13	c100	engine.shard			full	false
20261008-155257-b74c0f2-6d43-n16-r13	13	c100	engine.shard			empty_at	18579557376
20261008-155257-b74c0f2-6d43-n16-r13	13	c100	engine.shard			keys	8471698086
20261008-155257-b74c0f2-6d43-n16-r13	13	c100	engine.shard			batches	89910
20261008-155257-b74c0f2-6d43-n16-r13	13	c100	engine.shard			probe_s	162.833005
20261008-155257-b74c0f2-6d43-n16-r13	13	c100	engine.shard			tail_probes	0
20261008-155257-b74c0f2-6d43-n16-r13	13	c100	engine.shard			wrap_probes	0
20261008-155257-b74c0f2-6d43-n16-r13	13	c100	engine.mem			t_s	189.5
20261008-155257-b74c0f2-6d43-n16-r13	13	c100	engine.mem			rss_kib	76476264
20261008-155257-b74c0f2-6d43-n16-r13	13	c100	engine.mem			hwm_kib	79837508
20261008-155257-b74c0f2-6d43-n16-r13	13	c100	engine.mem			heap_inuse	3088261120
20261008-155257-b74c0f2-6d43-n16-r13	13	c100	engine.mem			sys	7605862792
20261008-155257-b74c0f2-6d43-n16-r13	13	c100	engine.mem			avail_kib	18485064
20261008-155257-b74c0f2-6d43-n16-r13	13	c100	engine.rendezvous			puts	13
20261008-155257-b74c0f2-6d43-n16-r13	13	c100	engine.rendezvous			gets	295
20261008-155257-b74c0f2-6d43-n16-r13	13	c100	engine.s3			client	sdk
20261008-155257-b74c0f2-6d43-n16-r13	13	c100	engine.s3			put	31
20261008-155257-b74c0f2-6d43-n16-r13	13	c100	engine.s3			get	295
20261008-155257-b74c0f2-6d43-n16-r13	13	c100	engine.s3			create_multipart	18
20261008-155257-b74c0f2-6d43-n16-r13	13	c100	engine.s3			upload_part	2388
20261008-155257-b74c0f2-6d43-n16-r13	13	c100	engine.s3			complete_multipart	18
20261008-155257-b74c0f2-6d43-n16-r13	13	c100	engine.s3			abort_multipart	0
20261008-155257-b74c0f2-6d43-n16-r13	13	c100	engine.s3			part_bytes	19960580095
20261008-155257-b74c0f2-6d43-n16-r13	13	c100	engine.s3			client	cli
20261008-155257-b74c0f2-6d43-n16-r13	13	c100	engine.s3			put	0
20261008-155257-b74c0f2-6d43-n16-r13	13	c100	engine.s3			get	0
20261008-155257-b74c0f2-6d43-n16-r13	13	c100	engine.s3			create_multipart	0
20261008-155257-b74c0f2-6d43-n16-r13	13	c100	engine.s3			upload_part	0
20261008-155257-b74c0f2-6d43-n16-r13	13	c100	engine.s3			complete_multipart	0
20261008-155257-b74c0f2-6d43-n16-r13	13	c100	engine.s3			abort_multipart	0
20261008-155257-b74c0f2-6d43-n16-r13	13	c100	engine.s3			part_bytes	0
20261008-155257-b74c0f2-6d43-n16-r13	13	c100	engine.load			seconds	25.185383
20261008-155257-b74c0f2-6d43-n16-r13	13	c100	engine.load			requests	1126
20261008-155257-b74c0f2-6d43-n16-r13	13	c100	engine.load			retries	0
20261008-155257-b74c0f2-6d43-n16-r13	13	c100	engine.load			bytes	74318296296
20261008-155257-b74c0f2-6d43-n16-r13	13	c100	engine.route			transport	nodes
20261008-155257-b74c0f2-6d43-n16-r13	13	c100	engine.route			calls	5951
20261008-155257-b74c0f2-6d43-n16-r13	13	c100	engine.route			keys	9003002404
20261008-155257-b74c0f2-6d43-n16-r13	13	c100	engine.route			batches	95216
20261008-155257-b74c0f2-6d43-n16-r13	13	c100	engine.route			route_s	60.443480
20261008-155257-b74c0f2-6d43-n16-r13	13	c100	engine.route			wait_s	44.302976
20261008-155257-b74c0f2-6d43-n16-r13	13	c100	engine.route			gather_s	13.037891
20261008-155257-b74c0f2-6d43-n16-r13	13	c100	engine.worker			scan_s	453.756524
20261008-155257-b74c0f2-6d43-n16-r13	13	c100	engine.worker			lookup_s	117.786372
20261008-155257-b74c0f2-6d43-n16-r13	13	c100	engine.worker			classify_s	388.183053
20261008-155257-b74c0f2-6d43-n16-r13	13	c100	phase			total	189.654656
20261008-155257-b74c0f2-6d43-n16-r13	13	c100	phase			total.start_s	0.000001
20261008-155257-b74c0f2-6d43-n16-r14	14	c100	phase			taxo	0.075226
20261008-155257-b74c0f2-6d43-n16-r14	14	c100	phase			taxo.start_s	0.002506
20261008-155257-b74c0f2-6d43-n16-r14	14	c100	engine.mem			t_s	15.0
20261008-155257-b74c0f2-6d43-n16-r14	14	c100	engine.mem			rss_kib	43098872
20261008-155257-b74c0f2-6d43-n16-r14	14	c100	engine.mem			hwm_kib	43098876
20261008-155257-b74c0f2-6d43-n16-r14	14	c100	engine.mem			heap_inuse	403906560
20261008-155257-b74c0f2-6d43-n16-r14	14	c100	engine.mem			sys	434231656
20261008-155257-b74c0f2-6d43-n16-r14	14	c100	engine.mem			avail_kib	51669808
20261008-155257-b74c0f2-6d43-n16-r14	14	c100	phase			shard-load-14	25.464909
20261008-155257-b74c0f2-6d43-n16-r14	14	c100	phase			shard-load-14.start_s	0.140822
20261008-155257-b74c0f2-6d43-n16-r14	14	c100	engine.mem			t_s	30.0
20261008-155257-b74c0f2-6d43-n16-r14	14	c100	engine.mem			rss_kib	72975400
20261008-155257-b74c0f2-6d43-n16-r14	14	c100	engine.mem			hwm_kib	72975404
20261008-155257-b74c0f2-6d43-n16-r14	14	c100	engine.mem			heap_inuse	407027712
20261008-155257-b74c0f2-6d43-n16-r14	14	c100	engine.mem			sys	434493800
20261008-155257-b74c0f2-6d43-n16-r14	14	c100	engine.mem			avail_kib	21902868
20261008-155257-b74c0f2-6d43-n16-r14	14	c100	phase			rendezvous	5.135480
20261008-155257-b74c0f2-6d43-n16-r14	14	c100	phase			rendezvous.start_s	26.042900
20261008-155257-b74c0f2-6d43-n16-r14	14	c100	phase			connect	0.017134
20261008-155257-b74c0f2-6d43-n16-r14	14	c100	phase			connect.start_s	31.178390
20261008-155257-b74c0f2-6d43-n16-r14	14	c100	phase			hash	31.117767
20261008-155257-b74c0f2-6d43-n16-r14	14	c100	phase			hash.start_s	0.077767
20261008-155257-b74c0f2-6d43-n16-r14	14	c100	sample	0	0-SRR5935770	mode	parallel
20261008-155257-b74c0f2-6d43-n16-r14	14	c100	sample	0	0-SRR5935770	s3client	sdk
20261008-155257-b74c0f2-6d43-n16-r14	14	c100	sample	0	0-SRR5935770	rank	14
20261008-155257-b74c0f2-6d43-n16-r14	14	c100	sample	0	0-SRR5935770	role	home
20261008-155257-b74c0f2-6d43-n16-r14	14	c100	sample	0	0-SRR5935770	inflight	1
20261008-155257-b74c0f2-6d43-n16-r14	14	c100	sample	0	0-SRR5935770	threads	16
20261008-155257-b74c0f2-6d43-n16-r14	14	c100	sample	0	0-SRR5935770	start_s	31.195572
20261008-155257-b74c0f2-6d43-n16-r14	14	c100	sample	0	0-SRR5935770	wall_s	8.357261
20261008-155257-b74c0f2-6d43-n16-r14	14	c100	sample	0	0-SRR5935770	setup_s	0.000036
20261008-155257-b74c0f2-6d43-n16-r14	14	c100	sample	0	0-SRR5935770	classify_s	7.557948
20261008-155257-b74c0f2-6d43-n16-r14	14	c100	sample	0	0-SRR5935770	close_s	0.221381
20261008-155257-b74c0f2-6d43-n16-r14	14	c100	sample	0	0-SRR5935770	report_s	0.570091
20261008-155257-b74c0f2-6d43-n16-r14	14	c100	sample	0	0-SRR5935770	status	0
20261008-155257-b74c0f2-6d43-n16-r14	14	c100	sample	0	0-SRR5935770	sequences	16180463
20261008-155257-b74c0f2-6d43-n16-r14	14	c100	sample	0	0-SRR5935770	bases	3026482353
20261008-155257-b74c0f2-6d43-n16-r14	14	c100	sample	0	0-SRR5935770	classified	15739294
20261008-155257-b74c0f2-6d43-n16-r14	14	c100	sample	0	0-SRR5935770	place	lpt
20261008-155257-b74c0f2-6d43-n16-r14	14	c100	sample	0	0-SRR5935770	weight	16180463
20261008-155257-b74c0f2-6d43-n16-r14	14	c100	engine.mem			t_s	45.0
20261008-155257-b74c0f2-6d43-n16-r14	14	c100	engine.mem			rss_kib	78394752
20261008-155257-b74c0f2-6d43-n16-r14	14	c100	engine.mem			hwm_kib	78455720
20261008-155257-b74c0f2-6d43-n16-r14	14	c100	engine.mem			heap_inuse	3093749760
20261008-155257-b74c0f2-6d43-n16-r14	14	c100	engine.mem			sys	6158290872
20261008-155257-b74c0f2-6d43-n16-r14	14	c100	engine.mem			avail_kib	15969692
20261008-155257-b74c0f2-6d43-n16-r14	14	c100	sample	0	0-SRR5935808	mode	parallel
20261008-155257-b74c0f2-6d43-n16-r14	14	c100	sample	0	0-SRR5935808	s3client	sdk
20261008-155257-b74c0f2-6d43-n16-r14	14	c100	sample	0	0-SRR5935808	rank	14
20261008-155257-b74c0f2-6d43-n16-r14	14	c100	sample	0	0-SRR5935808	role	home
20261008-155257-b74c0f2-6d43-n16-r14	14	c100	sample	0	0-SRR5935808	inflight	1
20261008-155257-b74c0f2-6d43-n16-r14	14	c100	sample	0	0-SRR5935808	threads	16
20261008-155257-b74c0f2-6d43-n16-r14	14	c100	sample	0	0-SRR5935808	start_s	39.552849
20261008-155257-b74c0f2-6d43-n16-r14	14	c100	sample	0	0-SRR5935808	wall_s	7.677010
20261008-155257-b74c0f2-6d43-n16-r14	14	c100	sample	0	0-SRR5935808	setup_s	0.000040
20261008-155257-b74c0f2-6d43-n16-r14	14	c100	sample	0	0-SRR5935808	classify_s	7.138246
20261008-155257-b74c0f2-6d43-n16-r14	14	c100	sample	0	0-SRR5935808	close_s	0.329363
20261008-155257-b74c0f2-6d43-n16-r14	14	c100	sample	0	0-SRR5935808	report_s	0.202571
20261008-155257-b74c0f2-6d43-n16-r14	14	c100	sample	0	0-SRR5935808	status	0
20261008-155257-b74c0f2-6d43-n16-r14	14	c100	sample	0	0-SRR5935808	sequences	15500933
20261008-155257-b74c0f2-6d43-n16-r14	14	c100	sample	0	0-SRR5935808	bases	2889469649
20261008-155257-b74c0f2-6d43-n16-r14	14	c100	sample	0	0-SRR5935808	classified	14777244
20261008-155257-b74c0f2-6d43-n16-r14	14	c100	sample	0	0-SRR5935808	place	lpt
20261008-155257-b74c0f2-6d43-n16-r14	14	c100	sample	0	0-SRR5935808	weight	15500933
20261008-155257-b74c0f2-6d43-n16-r14	14	c100	sample	0	0-SRR5935804	mode	parallel
20261008-155257-b74c0f2-6d43-n16-r14	14	c100	sample	0	0-SRR5935804	s3client	sdk
20261008-155257-b74c0f2-6d43-n16-r14	14	c100	sample	0	0-SRR5935804	rank	14
20261008-155257-b74c0f2-6d43-n16-r14	14	c100	sample	0	0-SRR5935804	role	home
20261008-155257-b74c0f2-6d43-n16-r14	14	c100	sample	0	0-SRR5935804	inflight	1
20261008-155257-b74c0f2-6d43-n16-r14	14	c100	sample	0	0-SRR5935804	threads	16
20261008-155257-b74c0f2-6d43-n16-r14	14	c100	sample	0	0-SRR5935804	start_s	47.229873
20261008-155257-b74c0f2-6d43-n16-r14	14	c100	sample	0	0-SRR5935804	wall_s	6.392410
20261008-155257-b74c0f2-6d43-n16-r14	14	c100	sample	0	0-SRR5935804	setup_s	0.000038
20261008-155257-b74c0f2-6d43-n16-r14	14	c100	sample	0	0-SRR5935804	classify_s	5.939927
20261008-155257-b74c0f2-6d43-n16-r14	14	c100	sample	0	0-SRR5935804	close_s	0.300377
20261008-155257-b74c0f2-6d43-n16-r14	14	c100	sample	0	0-SRR5935804	report_s	0.144068
20261008-155257-b74c0f2-6d43-n16-r14	14	c100	sample	0	0-SRR5935804	status	0
20261008-155257-b74c0f2-6d43-n16-r14	14	c100	sample	0	0-SRR5935804	sequences	13253368
20261008-155257-b74c0f2-6d43-n16-r14	14	c100	sample	0	0-SRR5935804	bases	2414153428
20261008-155257-b74c0f2-6d43-n16-r14	14	c100	sample	0	0-SRR5935804	classified	12329188
20261008-155257-b74c0f2-6d43-n16-r14	14	c100	sample	0	0-SRR5935804	place	lpt
20261008-155257-b74c0f2-6d43-n16-r14	14	c100	sample	0	0-SRR5935804	weight	13253368
20261008-155257-b74c0f2-6d43-n16-r14	14	c100	sample	0	0-SRR5935769	mode	parallel
20261008-155257-b74c0f2-6d43-n16-r14	14	c100	sample	0	0-SRR5935769	s3client	sdk
20261008-155257-b74c0f2-6d43-n16-r14	14	c100	sample	0	0-SRR5935769	rank	14
20261008-155257-b74c0f2-6d43-n16-r14	14	c100	sample	0	0-SRR5935769	role	home
20261008-155257-b74c0f2-6d43-n16-r14	14	c100	sample	0	0-SRR5935769	inflight	1
20261008-155257-b74c0f2-6d43-n16-r14	14	c100	sample	0	0-SRR5935769	threads	16
20261008-155257-b74c0f2-6d43-n16-r14	14	c100	sample	0	0-SRR5935769	start_s	53.622296
20261008-155257-b74c0f2-6d43-n16-r14	14	c100	sample	0	0-SRR5935769	wall_s	5.597177
20261008-155257-b74c0f2-6d43-n16-r14	14	c100	sample	0	0-SRR5935769	setup_s	0.000038
20261008-155257-b74c0f2-6d43-n16-r14	14	c100	sample	0	0-SRR5935769	classify_s	5.203222
20261008-155257-b74c0f2-6d43-n16-r14	14	c100	sample	0	0-SRR5935769	close_s	0.242055
20261008-155257-b74c0f2-6d43-n16-r14	14	c100	sample	0	0-SRR5935769	report_s	0.143460
20261008-155257-b74c0f2-6d43-n16-r14	14	c100	sample	0	0-SRR5935769	status	0
20261008-155257-b74c0f2-6d43-n16-r14	14	c100	sample	0	0-SRR5935769	sequences	11374148
20261008-155257-b74c0f2-6d43-n16-r14	14	c100	sample	0	0-SRR5935769	bases	2063466726
20261008-155257-b74c0f2-6d43-n16-r14	14	c100	sample	0	0-SRR5935769	classified	10686284
20261008-155257-b74c0f2-6d43-n16-r14	14	c100	sample	0	0-SRR5935769	place	lpt
20261008-155257-b74c0f2-6d43-n16-r14	14	c100	sample	0	0-SRR5935769	weight	11374148
20261008-155257-b74c0f2-6d43-n16-r14	14	c100	engine.mem			t_s	60.0
20261008-155257-b74c0f2-6d43-n16-r14	14	c100	engine.mem			rss_kib	77517296
20261008-155257-b74c0f2-6d43-n16-r14	14	c100	engine.mem			hwm_kib	78955672
20261008-155257-b74c0f2-6d43-n16-r14	14	c100	engine.mem			heap_inuse	4662018048
20261008-155257-b74c0f2-6d43-n16-r14	14	c100	engine.mem			sys	6667153576
20261008-155257-b74c0f2-6d43-n16-r14	14	c100	engine.mem			avail_kib	16007184
20261008-155257-b74c0f2-6d43-n16-r14	14	c100	sample	0	0-SRR5935797	mode	parallel
20261008-155257-b74c0f2-6d43-n16-r14	14	c100	sample	0	0-SRR5935797	s3client	sdk
20261008-155257-b74c0f2-6d43-n16-r14	14	c100	sample	0	0-SRR5935797	rank	14
20261008-155257-b74c0f2-6d43-n16-r14	14	c100	sample	0	0-SRR5935797	role	home
20261008-155257-b74c0f2-6d43-n16-r14	14	c100	sample	0	0-SRR5935797	inflight	1
20261008-155257-b74c0f2-6d43-n16-r14	14	c100	sample	0	0-SRR5935797	threads	16
20261008-155257-b74c0f2-6d43-n16-r14	14	c100	sample	0	0-SRR5935797	start_s	59.219486
20261008-155257-b74c0f2-6d43-n16-r14	14	c100	sample	0	0-SRR5935797	wall_s	4.503761
20261008-155257-b74c0f2-6d43-n16-r14	14	c100	sample	0	0-SRR5935797	setup_s	0.000048
20261008-155257-b74c0f2-6d43-n16-r14	14	c100	sample	0	0-SRR5935797	classify_s	4.104937
20261008-155257-b74c0f2-6d43-n16-r14	14	c100	sample	0	0-SRR5935797	close_s	0.256769
20261008-155257-b74c0f2-6d43-n16-r14	14	c100	sample	0	0-SRR5935797	report_s	0.135847
20261008-155257-b74c0f2-6d43-n16-r14	14	c100	sample	0	0-SRR5935797	status	0
20261008-155257-b74c0f2-6d43-n16-r14	14	c100	sample	0	0-SRR5935797	sequences	8439357
20261008-155257-b74c0f2-6d43-n16-r14	14	c100	sample	0	0-SRR5935797	bases	1550811438
20261008-155257-b74c0f2-6d43-n16-r14	14	c100	sample	0	0-SRR5935797	classified	8138623
20261008-155257-b74c0f2-6d43-n16-r14	14	c100	sample	0	0-SRR5935797	place	lpt
20261008-155257-b74c0f2-6d43-n16-r14	14	c100	sample	0	0-SRR5935797	weight	8439357
20261008-155257-b74c0f2-6d43-n16-r14	14	c100	sample	0	0-SRR5935815	mode	parallel
20261008-155257-b74c0f2-6d43-n16-r14	14	c100	sample	0	0-SRR5935815	s3client	sdk
20261008-155257-b74c0f2-6d43-n16-r14	14	c100	sample	0	0-SRR5935815	rank	14
20261008-155257-b74c0f2-6d43-n16-r14	14	c100	sample	0	0-SRR5935815	role	home
20261008-155257-b74c0f2-6d43-n16-r14	14	c100	sample	0	0-SRR5935815	inflight	1
20261008-155257-b74c0f2-6d43-n16-r14	14	c100	sample	0	0-SRR5935815	threads	16
20261008-155257-b74c0f2-6d43-n16-r14	14	c100	sample	0	0-SRR5935815	start_s	63.723259
20261008-155257-b74c0f2-6d43-n16-r14	14	c100	sample	0	0-SRR5935815	wall_s	3.919612
20261008-155257-b74c0f2-6d43-n16-r14	14	c100	sample	0	0-SRR5935815	setup_s	0.000040
20261008-155257-b74c0f2-6d43-n16-r14	14	c100	sample	0	0-SRR5935815	classify_s	3.468818
20261008-155257-b74c0f2-6d43-n16-r14	14	c100	sample	0	0-SRR5935815	close_s	0.301350
20261008-155257-b74c0f2-6d43-n16-r14	14	c100	sample	0	0-SRR5935815	report_s	0.144110
20261008-155257-b74c0f2-6d43-n16-r14	14	c100	sample	0	0-SRR5935815	status	0
20261008-155257-b74c0f2-6d43-n16-r14	14	c100	sample	0	0-SRR5935815	sequences	7153468
20261008-155257-b74c0f2-6d43-n16-r14	14	c100	sample	0	0-SRR5935815	bases	1337267943
20261008-155257-b74c0f2-6d43-n16-r14	14	c100	sample	0	0-SRR5935815	classified	6947959
20261008-155257-b74c0f2-6d43-n16-r14	14	c100	sample	0	0-SRR5935815	place	lpt
20261008-155257-b74c0f2-6d43-n16-r14	14	c100	sample	0	0-SRR5935815	weight	7153468
20261008-155257-b74c0f2-6d43-n16-r14	14	c100	phase			batch-barrier-0	0.503386
20261008-155257-b74c0f2-6d43-n16-r14	14	c100	phase			batch-barrier-0.start_s	67.642881
20261008-155257-b74c0f2-6d43-n16-r14	14	c100	sample	1	1-SRR5935754	mode	parallel
20261008-155257-b74c0f2-6d43-n16-r14	14	c100	sample	1	1-SRR5935754	s3client	sdk
20261008-155257-b74c0f2-6d43-n16-r14	14	c100	sample	1	1-SRR5935754	rank	14
20261008-155257-b74c0f2-6d43-n16-r14	14	c100	sample	1	1-SRR5935754	role	home
20261008-155257-b74c0f2-6d43-n16-r14	14	c100	sample	1	1-SRR5935754	inflight	1
20261008-155257-b74c0f2-6d43-n16-r14	14	c100	sample	1	1-SRR5935754	threads	16
20261008-155257-b74c0f2-6d43-n16-r14	14	c100	sample	1	1-SRR5935754	start_s	68.146290
20261008-155257-b74c0f2-6d43-n16-r14	14	c100	sample	1	1-SRR5935754	wall_s	5.120439
20261008-155257-b74c0f2-6d43-n16-r14	14	c100	sample	1	1-SRR5935754	setup_s	0.000039
20261008-155257-b74c0f2-6d43-n16-r14	14	c100	sample	1	1-SRR5935754	classify_s	4.735605
20261008-155257-b74c0f2-6d43-n16-r14	14	c100	sample	1	1-SRR5935754	close_s	0.236806
20261008-155257-b74c0f2-6d43-n16-r14	14	c100	sample	1	1-SRR5935754	report_s	0.137541
20261008-155257-b74c0f2-6d43-n16-r14	14	c100	sample	1	1-SRR5935754	status	0
20261008-155257-b74c0f2-6d43-n16-r14	14	c100	sample	1	1-SRR5935754	sequences	10479816
20261008-155257-b74c0f2-6d43-n16-r14	14	c100	sample	1	1-SRR5935754	bases	1916830360
20261008-155257-b74c0f2-6d43-n16-r14	14	c100	sample	1	1-SRR5935754	classified	9679024
20261008-155257-b74c0f2-6d43-n16-r14	14	c100	sample	1	1-SRR5935754	place	mod
20261008-155257-b74c0f2-6d43-n16-r14	14	c100	sample	1	1-SRR5935754	weight	10479816
20261008-155257-b74c0f2-6d43-n16-r14	14	c100	engine.mem			t_s	75.0
20261008-155257-b74c0f2-6d43-n16-r14	14	c100	engine.mem			rss_kib	78848392
20261008-155257-b74c0f2-6d43-n16-r14	14	c100	engine.mem			hwm_kib	79156356
20261008-155257-b74c0f2-6d43-n16-r14	14	c100	engine.mem			heap_inuse	4760584192
20261008-155257-b74c0f2-6d43-n16-r14	14	c100	engine.mem			sys	6926045416
20261008-155257-b74c0f2-6d43-n16-r14	14	c100	engine.mem			avail_kib	15553868
20261008-155257-b74c0f2-6d43-n16-r14	14	c100	sample	1	1-SRR5935770	mode	parallel
20261008-155257-b74c0f2-6d43-n16-r14	14	c100	sample	1	1-SRR5935770	s3client	sdk
20261008-155257-b74c0f2-6d43-n16-r14	14	c100	sample	1	1-SRR5935770	rank	14
20261008-155257-b74c0f2-6d43-n16-r14	14	c100	sample	1	1-SRR5935770	role	home
20261008-155257-b74c0f2-6d43-n16-r14	14	c100	sample	1	1-SRR5935770	inflight	1
20261008-155257-b74c0f2-6d43-n16-r14	14	c100	sample	1	1-SRR5935770	threads	16
20261008-155257-b74c0f2-6d43-n16-r14	14	c100	sample	1	1-SRR5935770	start_s	73.266741
20261008-155257-b74c0f2-6d43-n16-r14	14	c100	sample	1	1-SRR5935770	wall_s	7.935378
20261008-155257-b74c0f2-6d43-n16-r14	14	c100	sample	1	1-SRR5935770	setup_s	0.000034
20261008-155257-b74c0f2-6d43-n16-r14	14	c100	sample	1	1-SRR5935770	classify_s	7.523037
20261008-155257-b74c0f2-6d43-n16-r14	14	c100	sample	1	1-SRR5935770	close_s	0.248609
20261008-155257-b74c0f2-6d43-n16-r14	14	c100	sample	1	1-SRR5935770	report_s	0.156161
20261008-155257-b74c0f2-6d43-n16-r14	14	c100	sample	1	1-SRR5935770	status	0
20261008-155257-b74c0f2-6d43-n16-r14	14	c100	sample	1	1-SRR5935770	sequences	16180463
20261008-155257-b74c0f2-6d43-n16-r14	14	c100	sample	1	1-SRR5935770	bases	3026482353
20261008-155257-b74c0f2-6d43-n16-r14	14	c100	sample	1	1-SRR5935770	classified	15739294
20261008-155257-b74c0f2-6d43-n16-r14	14	c100	sample	1	1-SRR5935770	place	mod
20261008-155257-b74c0f2-6d43-n16-r14	14	c100	sample	1	1-SRR5935770	weight	16180463
20261008-155257-b74c0f2-6d43-n16-r14	14	c100	sample	1	1-SRR5935786	mode	parallel
20261008-155257-b74c0f2-6d43-n16-r14	14	c100	sample	1	1-SRR5935786	s3client	sdk
20261008-155257-b74c0f2-6d43-n16-r14	14	c100	sample	1	1-SRR5935786	rank	14
20261008-155257-b74c0f2-6d43-n16-r14	14	c100	sample	1	1-SRR5935786	role	home
20261008-155257-b74c0f2-6d43-n16-r14	14	c100	sample	1	1-SRR5935786	inflight	1
20261008-155257-b74c0f2-6d43-n16-r14	14	c100	sample	1	1-SRR5935786	threads	16
20261008-155257-b74c0f2-6d43-n16-r14	14	c100	sample	1	1-SRR5935786	start_s	81.202137
20261008-155257-b74c0f2-6d43-n16-r14	14	c100	sample	1	1-SRR5935786	wall_s	5.085880
20261008-155257-b74c0f2-6d43-n16-r14	14	c100	sample	1	1-SRR5935786	setup_s	0.000034
20261008-155257-b74c0f2-6d43-n16-r14	14	c100	sample	1	1-SRR5935786	classify_s	4.670369
20261008-155257-b74c0f2-6d43-n16-r14	14	c100	sample	1	1-SRR5935786	close_s	0.223843
20261008-155257-b74c0f2-6d43-n16-r14	14	c100	sample	1	1-SRR5935786	report_s	0.184368
20261008-155257-b74c0f2-6d43-n16-r14	14	c100	sample	1	1-SRR5935786	status	0
20261008-155257-b74c0f2-6d43-n16-r14	14	c100	sample	1	1-SRR5935786	sequences	10054299
20261008-155257-b74c0f2-6d43-n16-r14	14	c100	sample	1	1-SRR5935786	bases	1885642952
20261008-155257-b74c0f2-6d43-n16-r14	14	c100	sample	1	1-SRR5935786	classified	9575405
20261008-155257-b74c0f2-6d43-n16-r14	14	c100	sample	1	1-SRR5935786	place	mod
20261008-155257-b74c0f2-6d43-n16-r14	14	c100	sample	1	1-SRR5935786	weight	10054299
20261008-155257-b74c0f2-6d43-n16-r14	14	c100	engine.mem			t_s	90.0
20261008-155257-b74c0f2-6d43-n16-r14	14	c100	engine.mem			rss_kib	78705940
20261008-155257-b74c0f2-6d43-n16-r14	14	c100	engine.mem			hwm_kib	79647436
20261008-155257-b74c0f2-6d43-n16-r14	14	c100	engine.mem			heap_inuse	3361529856
20261008-155257-b74c0f2-6d43-n16-r14	14	c100	engine.mem			sys	7471214952
20261008-155257-b74c0f2-6d43-n16-r14	14	c100	engine.mem			avail_kib	15462100
20261008-155257-b74c0f2-6d43-n16-r14	14	c100	sample	1	1-SRR5935802	mode	parallel
20261008-155257-b74c0f2-6d43-n16-r14	14	c100	sample	1	1-SRR5935802	s3client	sdk
20261008-155257-b74c0f2-6d43-n16-r14	14	c100	sample	1	1-SRR5935802	rank	14
20261008-155257-b74c0f2-6d43-n16-r14	14	c100	sample	1	1-SRR5935802	role	home
20261008-155257-b74c0f2-6d43-n16-r14	14	c100	sample	1	1-SRR5935802	inflight	1
20261008-155257-b74c0f2-6d43-n16-r14	14	c100	sample	1	1-SRR5935802	threads	16
20261008-155257-b74c0f2-6d43-n16-r14	14	c100	sample	1	1-SRR5935802	start_s	86.288031
20261008-155257-b74c0f2-6d43-n16-r14	14	c100	sample	1	1-SRR5935802	wall_s	8.080218
20261008-155257-b74c0f2-6d43-n16-r14	14	c100	sample	1	1-SRR5935802	setup_s	0.000043
20261008-155257-b74c0f2-6d43-n16-r14	14	c100	sample	1	1-SRR5935802	classify_s	7.682680
20261008-155257-b74c0f2-6d43-n16-r14	14	c100	sample	1	1-SRR5935802	close_s	0.271456
20261008-155257-b74c0f2-6d43-n16-r14	14	c100	sample	1	1-SRR5935802	report_s	0.120186
20261008-155257-b74c0f2-6d43-n16-r14	14	c100	sample	1	1-SRR5935802	status	0
20261008-155257-b74c0f2-6d43-n16-r14	14	c100	sample	1	1-SRR5935802	sequences	16720060
20261008-155257-b74c0f2-6d43-n16-r14	14	c100	sample	1	1-SRR5935802	bases	3103131942
20261008-155257-b74c0f2-6d43-n16-r14	14	c100	sample	1	1-SRR5935802	classified	16427692
20261008-155257-b74c0f2-6d43-n16-r14	14	c100	sample	1	1-SRR5935802	place	mod
20261008-155257-b74c0f2-6d43-n16-r14	14	c100	sample	1	1-SRR5935802	weight	16720060
20261008-155257-b74c0f2-6d43-n16-r14	14	c100	sample	1	1-SRR5935818	mode	parallel
20261008-155257-b74c0f2-6d43-n16-r14	14	c100	sample	1	1-SRR5935818	s3client	sdk
20261008-155257-b74c0f2-6d43-n16-r14	14	c100	sample	1	1-SRR5935818	rank	14
20261008-155257-b74c0f2-6d43-n16-r14	14	c100	sample	1	1-SRR5935818	role	home
20261008-155257-b74c0f2-6d43-n16-r14	14	c100	sample	1	1-SRR5935818	inflight	1
20261008-155257-b74c0f2-6d43-n16-r14	14	c100	sample	1	1-SRR5935818	threads	16
20261008-155257-b74c0f2-6d43-n16-r14	14	c100	sample	1	1-SRR5935818	start_s	94.368264
20261008-155257-b74c0f2-6d43-n16-r14	14	c100	sample	1	1-SRR5935818	wall_s	4.534075
20261008-155257-b74c0f2-6d43-n16-r14	14	c100	sample	1	1-SRR5935818	setup_s	0.000041
20261008-155257-b74c0f2-6d43-n16-r14	14	c100	sample	1	1-SRR5935818	classify_s	4.172893
20261008-155257-b74c0f2-6d43-n16-r14	14	c100	sample	1	1-SRR5935818	close_s	0.214965
20261008-155257-b74c0f2-6d43-n16-r14	14	c100	sample	1	1-SRR5935818	report_s	0.138755
20261008-155257-b74c0f2-6d43-n16-r14	14	c100	sample	1	1-SRR5935818	status	0
20261008-155257-b74c0f2-6d43-n16-r14	14	c100	sample	1	1-SRR5935818	sequences	8877621
20261008-155257-b74c0f2-6d43-n16-r14	14	c100	sample	1	1-SRR5935818	bases	1663945574
20261008-155257-b74c0f2-6d43-n16-r14	14	c100	sample	1	1-SRR5935818	classified	8212460
20261008-155257-b74c0f2-6d43-n16-r14	14	c100	sample	1	1-SRR5935818	place	mod
20261008-155257-b74c0f2-6d43-n16-r14	14	c100	sample	1	1-SRR5935818	weight	8877621
20261008-155257-b74c0f2-6d43-n16-r14	14	c100	engine.mem			t_s	105.0
20261008-155257-b74c0f2-6d43-n16-r14	14	c100	engine.mem			rss_kib	78691748
20261008-155257-b74c0f2-6d43-n16-r14	14	c100	engine.mem			hwm_kib	79647436
20261008-155257-b74c0f2-6d43-n16-r14	14	c100	engine.mem			heap_inuse	3554705408
20261008-155257-b74c0f2-6d43-n16-r14	14	c100	engine.mem			sys	7471247720
20261008-155257-b74c0f2-6d43-n16-r14	14	c100	engine.mem			avail_kib	15646556
20261008-155257-b74c0f2-6d43-n16-r14	14	c100	sample	1	1-SRR5935834	mode	parallel
20261008-155257-b74c0f2-6d43-n16-r14	14	c100	sample	1	1-SRR5935834	s3client	sdk
20261008-155257-b74c0f2-6d43-n16-r14	14	c100	sample	1	1-SRR5935834	rank	14
20261008-155257-b74c0f2-6d43-n16-r14	14	c100	sample	1	1-SRR5935834	role	home
20261008-155257-b74c0f2-6d43-n16-r14	14	c100	sample	1	1-SRR5935834	inflight	1
20261008-155257-b74c0f2-6d43-n16-r14	14	c100	sample	1	1-SRR5935834	threads	16
20261008-155257-b74c0f2-6d43-n16-r14	14	c100	sample	1	1-SRR5935834	start_s	98.902352
20261008-155257-b74c0f2-6d43-n16-r14	14	c100	sample	1	1-SRR5935834	wall_s	6.256605
20261008-155257-b74c0f2-6d43-n16-r14	14	c100	sample	1	1-SRR5935834	setup_s	0.000035
20261008-155257-b74c0f2-6d43-n16-r14	14	c100	sample	1	1-SRR5935834	classify_s	5.860831
20261008-155257-b74c0f2-6d43-n16-r14	14	c100	sample	1	1-SRR5935834	close_s	0.260289
20261008-155257-b74c0f2-6d43-n16-r14	14	c100	sample	1	1-SRR5935834	report_s	0.128632
20261008-155257-b74c0f2-6d43-n16-r14	14	c100	sample	1	1-SRR5935834	status	0
20261008-155257-b74c0f2-6d43-n16-r14	14	c100	sample	1	1-SRR5935834	sequences	12610038
20261008-155257-b74c0f2-6d43-n16-r14	14	c100	sample	1	1-SRR5935834	bases	2321592529
20261008-155257-b74c0f2-6d43-n16-r14	14	c100	sample	1	1-SRR5935834	classified	12099380
20261008-155257-b74c0f2-6d43-n16-r14	14	c100	sample	1	1-SRR5935834	place	mod
20261008-155257-b74c0f2-6d43-n16-r14	14	c100	sample	1	1-SRR5935834	weight	12610038
20261008-155257-b74c0f2-6d43-n16-r14	14	c100	phase			batch-barrier-1	9.394216
20261008-155257-b74c0f2-6d43-n16-r14	14	c100	phase			batch-barrier-1.start_s	105.158969
20261008-155257-b74c0f2-6d43-n16-r14	14	c100	engine.mem			t_s	120.0
20261008-155257-b74c0f2-6d43-n16-r14	14	c100	engine.mem			rss_kib	79333500
20261008-155257-b74c0f2-6d43-n16-r14	14	c100	engine.mem			hwm_kib	79909036
20261008-155257-b74c0f2-6d43-n16-r14	14	c100	engine.mem			heap_inuse	5552414720
20261008-155257-b74c0f2-6d43-n16-r14	14	c100	engine.mem			sys	7593283976
20261008-155257-b74c0f2-6d43-n16-r14	14	c100	engine.mem			avail_kib	15188764
20261008-155257-b74c0f2-6d43-n16-r14	14	c100	sample	2	2-SRR5935770	mode	parallel
20261008-155257-b74c0f2-6d43-n16-r14	14	c100	sample	2	2-SRR5935770	s3client	sdk
20261008-155257-b74c0f2-6d43-n16-r14	14	c100	sample	2	2-SRR5935770	rank	14
20261008-155257-b74c0f2-6d43-n16-r14	14	c100	sample	2	2-SRR5935770	role	home
20261008-155257-b74c0f2-6d43-n16-r14	14	c100	sample	2	2-SRR5935770	inflight	1
20261008-155257-b74c0f2-6d43-n16-r14	14	c100	sample	2	2-SRR5935770	threads	16
20261008-155257-b74c0f2-6d43-n16-r14	14	c100	sample	2	2-SRR5935770	start_s	114.553218
20261008-155257-b74c0f2-6d43-n16-r14	14	c100	sample	2	2-SRR5935770	wall_s	8.031751
20261008-155257-b74c0f2-6d43-n16-r14	14	c100	sample	2	2-SRR5935770	setup_s	0.000034
20261008-155257-b74c0f2-6d43-n16-r14	14	c100	sample	2	2-SRR5935770	classify_s	7.556460
20261008-155257-b74c0f2-6d43-n16-r14	14	c100	sample	2	2-SRR5935770	close_s	0.331695
20261008-155257-b74c0f2-6d43-n16-r14	14	c100	sample	2	2-SRR5935770	report_s	0.136005
20261008-155257-b74c0f2-6d43-n16-r14	14	c100	sample	2	2-SRR5935770	status	0
20261008-155257-b74c0f2-6d43-n16-r14	14	c100	sample	2	2-SRR5935770	sequences	16180463
20261008-155257-b74c0f2-6d43-n16-r14	14	c100	sample	2	2-SRR5935770	bases	3026482353
20261008-155257-b74c0f2-6d43-n16-r14	14	c100	sample	2	2-SRR5935770	classified	15739294
20261008-155257-b74c0f2-6d43-n16-r14	14	c100	sample	2	2-SRR5935770	place	lpt
20261008-155257-b74c0f2-6d43-n16-r14	14	c100	sample	2	2-SRR5935770	weight	16180463
20261008-155257-b74c0f2-6d43-n16-r14	14	c100	sample	2	2-SRR5935808	mode	parallel
20261008-155257-b74c0f2-6d43-n16-r14	14	c100	sample	2	2-SRR5935808	s3client	sdk
20261008-155257-b74c0f2-6d43-n16-r14	14	c100	sample	2	2-SRR5935808	rank	14
20261008-155257-b74c0f2-6d43-n16-r14	14	c100	sample	2	2-SRR5935808	role	home
20261008-155257-b74c0f2-6d43-n16-r14	14	c100	sample	2	2-SRR5935808	inflight	1
20261008-155257-b74c0f2-6d43-n16-r14	14	c100	sample	2	2-SRR5935808	threads	16
20261008-155257-b74c0f2-6d43-n16-r14	14	c100	sample	2	2-SRR5935808	start_s	122.584984
20261008-155257-b74c0f2-6d43-n16-r14	14	c100	sample	2	2-SRR5935808	wall_s	7.572070
20261008-155257-b74c0f2-6d43-n16-r14	14	c100	sample	2	2-SRR5935808	setup_s	0.000032
20261008-155257-b74c0f2-6d43-n16-r14	14	c100	sample	2	2-SRR5935808	classify_s	7.128494
20261008-155257-b74c0f2-6d43-n16-r14	14	c100	sample	2	2-SRR5935808	close_s	0.226867
20261008-155257-b74c0f2-6d43-n16-r14	14	c100	sample	2	2-SRR5935808	report_s	0.209704
20261008-155257-b74c0f2-6d43-n16-r14	14	c100	sample	2	2-SRR5935808	status	0
20261008-155257-b74c0f2-6d43-n16-r14	14	c100	sample	2	2-SRR5935808	sequences	15500933
20261008-155257-b74c0f2-6d43-n16-r14	14	c100	sample	2	2-SRR5935808	bases	2889469649
20261008-155257-b74c0f2-6d43-n16-r14	14	c100	sample	2	2-SRR5935808	classified	14777244
20261008-155257-b74c0f2-6d43-n16-r14	14	c100	sample	2	2-SRR5935808	place	lpt
20261008-155257-b74c0f2-6d43-n16-r14	14	c100	sample	2	2-SRR5935808	weight	15500933
20261008-155257-b74c0f2-6d43-n16-r14	14	c100	engine.mem			t_s	135.0
20261008-155257-b74c0f2-6d43-n16-r14	14	c100	engine.mem			rss_kib	78912156
20261008-155257-b74c0f2-6d43-n16-r14	14	c100	engine.mem			hwm_kib	79909036
20261008-155257-b74c0f2-6d43-n16-r14	14	c100	engine.mem			heap_inuse	5570199552
20261008-155257-b74c0f2-6d43-n16-r14	14	c100	engine.mem			sys	7593283976
20261008-155257-b74c0f2-6d43-n16-r14	14	c100	engine.mem			avail_kib	15408984
20261008-155257-b74c0f2-6d43-n16-r14	14	c100	sample	2	2-SRR5935804	mode	parallel
20261008-155257-b74c0f2-6d43-n16-r14	14	c100	sample	2	2-SRR5935804	s3client	sdk
20261008-155257-b74c0f2-6d43-n16-r14	14	c100	sample	2	2-SRR5935804	rank	14
20261008-155257-b74c0f2-6d43-n16-r14	14	c100	sample	2	2-SRR5935804	role	home
20261008-155257-b74c0f2-6d43-n16-r14	14	c100	sample	2	2-SRR5935804	inflight	1
20261008-155257-b74c0f2-6d43-n16-r14	14	c100	sample	2	2-SRR5935804	threads	16
20261008-155257-b74c0f2-6d43-n16-r14	14	c100	sample	2	2-SRR5935804	start_s	130.157068
20261008-155257-b74c0f2-6d43-n16-r14	14	c100	sample	2	2-SRR5935804	wall_s	6.434610
20261008-155257-b74c0f2-6d43-n16-r14	14	c100	sample	2	2-SRR5935804	setup_s	0.000043
20261008-155257-b74c0f2-6d43-n16-r14	14	c100	sample	2	2-SRR5935804	classify_s	5.961499
20261008-155257-b74c0f2-6d43-n16-r14	14	c100	sample	2	2-SRR5935804	close_s	0.323484
20261008-155257-b74c0f2-6d43-n16-r14	14	c100	sample	2	2-SRR5935804	report_s	0.141259
20261008-155257-b74c0f2-6d43-n16-r14	14	c100	sample	2	2-SRR5935804	status	0
20261008-155257-b74c0f2-6d43-n16-r14	14	c100	sample	2	2-SRR5935804	sequences	13253368
20261008-155257-b74c0f2-6d43-n16-r14	14	c100	sample	2	2-SRR5935804	bases	2414153428
20261008-155257-b74c0f2-6d43-n16-r14	14	c100	sample	2	2-SRR5935804	classified	12329188
20261008-155257-b74c0f2-6d43-n16-r14	14	c100	sample	2	2-SRR5935804	place	lpt
20261008-155257-b74c0f2-6d43-n16-r14	14	c100	sample	2	2-SRR5935804	weight	13253368
20261008-155257-b74c0f2-6d43-n16-r14	14	c100	sample	2	2-SRR5935769	mode	parallel
20261008-155257-b74c0f2-6d43-n16-r14	14	c100	sample	2	2-SRR5935769	s3client	sdk
20261008-155257-b74c0f2-6d43-n16-r14	14	c100	sample	2	2-SRR5935769	rank	14
20261008-155257-b74c0f2-6d43-n16-r14	14	c100	sample	2	2-SRR5935769	role	home
20261008-155257-b74c0f2-6d43-n16-r14	14	c100	sample	2	2-SRR5935769	inflight	1
20261008-155257-b74c0f2-6d43-n16-r14	14	c100	sample	2	2-SRR5935769	threads	16
20261008-155257-b74c0f2-6d43-n16-r14	14	c100	sample	2	2-SRR5935769	start_s	136.591692
20261008-155257-b74c0f2-6d43-n16-r14	14	c100	sample	2	2-SRR5935769	wall_s	5.638669
20261008-155257-b74c0f2-6d43-n16-r14	14	c100	sample	2	2-SRR5935769	setup_s	0.000081
20261008-155257-b74c0f2-6d43-n16-r14	14	c100	sample	2	2-SRR5935769	classify_s	5.212504
20261008-155257-b74c0f2-6d43-n16-r14	14	c100	sample	2	2-SRR5935769	close_s	0.277448
20261008-155257-b74c0f2-6d43-n16-r14	14	c100	sample	2	2-SRR5935769	report_s	0.139527
20261008-155257-b74c0f2-6d43-n16-r14	14	c100	sample	2	2-SRR5935769	status	0
20261008-155257-b74c0f2-6d43-n16-r14	14	c100	sample	2	2-SRR5935769	sequences	11374148
20261008-155257-b74c0f2-6d43-n16-r14	14	c100	sample	2	2-SRR5935769	bases	2063466726
20261008-155257-b74c0f2-6d43-n16-r14	14	c100	sample	2	2-SRR5935769	classified	10686284
20261008-155257-b74c0f2-6d43-n16-r14	14	c100	sample	2	2-SRR5935769	place	lpt
20261008-155257-b74c0f2-6d43-n16-r14	14	c100	sample	2	2-SRR5935769	weight	11374148
20261008-155257-b74c0f2-6d43-n16-r14	14	c100	sample	2	2-SRR5935797	mode	parallel
20261008-155257-b74c0f2-6d43-n16-r14	14	c100	sample	2	2-SRR5935797	s3client	sdk
20261008-155257-b74c0f2-6d43-n16-r14	14	c100	sample	2	2-SRR5935797	rank	14
20261008-155257-b74c0f2-6d43-n16-r14	14	c100	sample	2	2-SRR5935797	role	home
20261008-155257-b74c0f2-6d43-n16-r14	14	c100	sample	2	2-SRR5935797	inflight	1
20261008-155257-b74c0f2-6d43-n16-r14	14	c100	sample	2	2-SRR5935797	threads	16
20261008-155257-b74c0f2-6d43-n16-r14	14	c100	sample	2	2-SRR5935797	start_s	142.230376
20261008-155257-b74c0f2-6d43-n16-r14	14	c100	sample	2	2-SRR5935797	wall_s	4.520791
20261008-155257-b74c0f2-6d43-n16-r14	14	c100	sample	2	2-SRR5935797	setup_s	0.000037
20261008-155257-b74c0f2-6d43-n16-r14	14	c100	sample	2	2-SRR5935797	classify_s	4.134487
20261008-155257-b74c0f2-6d43-n16-r14	14	c100	sample	2	2-SRR5935797	close_s	0.213795
20261008-155257-b74c0f2-6d43-n16-r14	14	c100	sample	2	2-SRR5935797	report_s	0.166256
20261008-155257-b74c0f2-6d43-n16-r14	14	c100	sample	2	2-SRR5935797	status	0
20261008-155257-b74c0f2-6d43-n16-r14	14	c100	sample	2	2-SRR5935797	sequences	8439357
20261008-155257-b74c0f2-6d43-n16-r14	14	c100	sample	2	2-SRR5935797	bases	1550811438
20261008-155257-b74c0f2-6d43-n16-r14	14	c100	sample	2	2-SRR5935797	classified	8138623
20261008-155257-b74c0f2-6d43-n16-r14	14	c100	sample	2	2-SRR5935797	place	lpt
20261008-155257-b74c0f2-6d43-n16-r14	14	c100	sample	2	2-SRR5935797	weight	8439357
20261008-155257-b74c0f2-6d43-n16-r14	14	c100	engine.mem			t_s	150.0
20261008-155257-b74c0f2-6d43-n16-r14	14	c100	engine.mem			rss_kib	79192776
20261008-155257-b74c0f2-6d43-n16-r14	14	c100	engine.mem			hwm_kib	79909036
20261008-155257-b74c0f2-6d43-n16-r14	14	c100	engine.mem			heap_inuse	4391067648
20261008-155257-b74c0f2-6d43-n16-r14	14	c100	engine.mem			sys	7593283976
20261008-155257-b74c0f2-6d43-n16-r14	14	c100	engine.mem			avail_kib	15108904
20261008-155257-b74c0f2-6d43-n16-r14	14	c100	sample	2	2-SRR5935815	mode	parallel
20261008-155257-b74c0f2-6d43-n16-r14	14	c100	sample	2	2-SRR5935815	s3client	sdk
20261008-155257-b74c0f2-6d43-n16-r14	14	c100	sample	2	2-SRR5935815	rank	14
20261008-155257-b74c0f2-6d43-n16-r14	14	c100	sample	2	2-SRR5935815	role	home
20261008-155257-b74c0f2-6d43-n16-r14	14	c100	sample	2	2-SRR5935815	inflight	1
20261008-155257-b74c0f2-6d43-n16-r14	14	c100	sample	2	2-SRR5935815	threads	16
20261008-155257-b74c0f2-6d43-n16-r14	14	c100	sample	2	2-SRR5935815	start_s	146.751182
20261008-155257-b74c0f2-6d43-n16-r14	14	c100	sample	2	2-SRR5935815	wall_s	3.802682
20261008-155257-b74c0f2-6d43-n16-r14	14	c100	sample	2	2-SRR5935815	setup_s	0.000038
20261008-155257-b74c0f2-6d43-n16-r14	14	c100	sample	2	2-SRR5935815	classify_s	3.460352
20261008-155257-b74c0f2-6d43-n16-r14	14	c100	sample	2	2-SRR5935815	close_s	0.223250
20261008-155257-b74c0f2-6d43-n16-r14	14	c100	sample	2	2-SRR5935815	report_s	0.113473
20261008-155257-b74c0f2-6d43-n16-r14	14	c100	sample	2	2-SRR5935815	status	0
20261008-155257-b74c0f2-6d43-n16-r14	14	c100	sample	2	2-SRR5935815	sequences	7153468
20261008-155257-b74c0f2-6d43-n16-r14	14	c100	sample	2	2-SRR5935815	bases	1337267943
20261008-155257-b74c0f2-6d43-n16-r14	14	c100	sample	2	2-SRR5935815	classified	6947959
20261008-155257-b74c0f2-6d43-n16-r14	14	c100	sample	2	2-SRR5935815	place	lpt
20261008-155257-b74c0f2-6d43-n16-r14	14	c100	sample	2	2-SRR5935815	weight	7153468
20261008-155257-b74c0f2-6d43-n16-r14	14	c100	phase			batch-barrier-2	1.309756
20261008-155257-b74c0f2-6d43-n16-r14	14	c100	phase			batch-barrier-2.start_s	150.553876
20261008-155257-b74c0f2-6d43-n16-r14	14	c100	phase			barrier	0.988159
20261008-155257-b74c0f2-6d43-n16-r14	14	c100	phase			barrier.start_s	157.171104
20261008-155257-b74c0f2-6d43-n16-r14	14	c100	sample	3	3-SRR5935740	mode	striped
20261008-155257-b74c0f2-6d43-n16-r14	14	c100	sample	3	3-SRR5935740	s3client	sdk
20261008-155257-b74c0f2-6d43-n16-r14	14	c100	sample	3	3-SRR5935740	rank	14
20261008-155257-b74c0f2-6d43-n16-r14	14	c100	sample	3	3-SRR5935740	role	peer
20261008-155257-b74c0f2-6d43-n16-r14	14	c100	sample	3	3-SRR5935740	inflight	1
20261008-155257-b74c0f2-6d43-n16-r14	14	c100	sample	3	3-SRR5935740	threads	16
20261008-155257-b74c0f2-6d43-n16-r14	14	c100	sample	3	3-SRR5935740	start_s	152.486308
20261008-155257-b74c0f2-6d43-n16-r14	14	c100	sample	3	3-SRR5935740	wall_s	5.673010
20261008-155257-b74c0f2-6d43-n16-r14	14	c100	sample	3	3-SRR5935740	setup_s	0.000030
20261008-155257-b74c0f2-6d43-n16-r14	14	c100	sample	3	3-SRR5935740	classify_s	4.680759
20261008-155257-b74c0f2-6d43-n16-r14	14	c100	sample	3	3-SRR5935740	close_s	0.000000
20261008-155257-b74c0f2-6d43-n16-r14	14	c100	sample	3	3-SRR5935740	report_s	0.000000
20261008-155257-b74c0f2-6d43-n16-r14	14	c100	sample	3	3-SRR5935740	status	0
20261008-155257-b74c0f2-6d43-n16-r14	14	c100	sample	3	3-SRR5935740	sequences	0
20261008-155257-b74c0f2-6d43-n16-r14	14	c100	sample	3	3-SRR5935740	bases	0
20261008-155257-b74c0f2-6d43-n16-r14	14	c100	sample	3	3-SRR5935740	classified	0
20261008-155257-b74c0f2-6d43-n16-r14	14	c100	sample	3	3-SRR5935740	place	-
20261008-155257-b74c0f2-6d43-n16-r14	14	c100	sample	3	3-SRR5935740	weight	-
20261008-155257-b74c0f2-6d43-n16-r14	14	c100	phase			batch-barrier-3	0.531628
20261008-155257-b74c0f2-6d43-n16-r14	14	c100	phase			batch-barrier-3.start_s	158.159328
20261008-155257-b74c0f2-6d43-n16-r14	14	c100	phase			barrier	0.147965
20261008-155257-b74c0f2-6d43-n16-r14	14	c100	phase			barrier.start_s	164.198793
20261008-155257-b74c0f2-6d43-n16-r14	14	c100	sample	4	4-SRR5935740	mode	striped
20261008-155257-b74c0f2-6d43-n16-r14	14	c100	sample	4	4-SRR5935740	s3client	sdk
20261008-155257-b74c0f2-6d43-n16-r14	14	c100	sample	4	4-SRR5935740	rank	14
20261008-155257-b74c0f2-6d43-n16-r14	14	c100	sample	4	4-SRR5935740	role	peer
20261008-155257-b74c0f2-6d43-n16-r14	14	c100	sample	4	4-SRR5935740	inflight	1
20261008-155257-b74c0f2-6d43-n16-r14	14	c100	sample	4	4-SRR5935740	threads	16
20261008-155257-b74c0f2-6d43-n16-r14	14	c100	sample	4	4-SRR5935740	start_s	159.521525
20261008-155257-b74c0f2-6d43-n16-r14	14	c100	sample	4	4-SRR5935740	wall_s	4.825269
20261008-155257-b74c0f2-6d43-n16-r14	14	c100	sample	4	4-SRR5935740	setup_s	0.000034
20261008-155257-b74c0f2-6d43-n16-r14	14	c100	sample	4	4-SRR5935740	classify_s	4.674155
20261008-155257-b74c0f2-6d43-n16-r14	14	c100	sample	4	4-SRR5935740	close_s	0.000000
20261008-155257-b74c0f2-6d43-n16-r14	14	c100	sample	4	4-SRR5935740	report_s	0.000000
20261008-155257-b74c0f2-6d43-n16-r14	14	c100	sample	4	4-SRR5935740	status	0
20261008-155257-b74c0f2-6d43-n16-r14	14	c100	sample	4	4-SRR5935740	sequences	0
20261008-155257-b74c0f2-6d43-n16-r14	14	c100	sample	4	4-SRR5935740	bases	0
20261008-155257-b74c0f2-6d43-n16-r14	14	c100	sample	4	4-SRR5935740	classified	0
20261008-155257-b74c0f2-6d43-n16-r14	14	c100	sample	4	4-SRR5935740	place	-
20261008-155257-b74c0f2-6d43-n16-r14	14	c100	sample	4	4-SRR5935740	weight	-
20261008-155257-b74c0f2-6d43-n16-r14	14	c100	phase			batch-barrier-4	0.499732
20261008-155257-b74c0f2-6d43-n16-r14	14	c100	phase			batch-barrier-4.start_s	164.346801
20261008-155257-b74c0f2-6d43-n16-r14	14	c100	engine.mem			t_s	165.0
20261008-155257-b74c0f2-6d43-n16-r14	14	c100	engine.mem			rss_kib	76221968
20261008-155257-b74c0f2-6d43-n16-r14	14	c100	engine.mem			hwm_kib	79909036
20261008-155257-b74c0f2-6d43-n16-r14	14	c100	engine.mem			heap_inuse	3478749184
20261008-155257-b74c0f2-6d43-n16-r14	14	c100	engine.mem			sys	7593283976
20261008-155257-b74c0f2-6d43-n16-r14	14	c100	engine.mem			avail_kib	18638488
20261008-155257-b74c0f2-6d43-n16-r14	14	c100	phase			barrier	0.067833
20261008-155257-b74c0f2-6d43-n16-r14	14	c100	phase			barrier.start_s	170.310710
20261008-155257-b74c0f2-6d43-n16-r14	14	c100	sample	5	5-SRR5935740	mode	striped
20261008-155257-b74c0f2-6d43-n16-r14	14	c100	sample	5	5-SRR5935740	s3client	sdk
20261008-155257-b74c0f2-6d43-n16-r14	14	c100	sample	5	5-SRR5935740	rank	14
20261008-155257-b74c0f2-6d43-n16-r14	14	c100	sample	5	5-SRR5935740	role	peer
20261008-155257-b74c0f2-6d43-n16-r14	14	c100	sample	5	5-SRR5935740	inflight	1
20261008-155257-b74c0f2-6d43-n16-r14	14	c100	sample	5	5-SRR5935740	threads	16
20261008-155257-b74c0f2-6d43-n16-r14	14	c100	sample	5	5-SRR5935740	start_s	165.621820
20261008-155257-b74c0f2-6d43-n16-r14	14	c100	sample	5	5-SRR5935740	wall_s	4.756757
20261008-155257-b74c0f2-6d43-n16-r14	14	c100	sample	5	5-SRR5935740	setup_s	0.000030
20261008-155257-b74c0f2-6d43-n16-r14	14	c100	sample	5	5-SRR5935740	classify_s	4.685869
20261008-155257-b74c0f2-6d43-n16-r14	14	c100	sample	5	5-SRR5935740	close_s	0.000000
20261008-155257-b74c0f2-6d43-n16-r14	14	c100	sample	5	5-SRR5935740	report_s	0.000000
20261008-155257-b74c0f2-6d43-n16-r14	14	c100	sample	5	5-SRR5935740	status	0
20261008-155257-b74c0f2-6d43-n16-r14	14	c100	sample	5	5-SRR5935740	sequences	0
20261008-155257-b74c0f2-6d43-n16-r14	14	c100	sample	5	5-SRR5935740	bases	0
20261008-155257-b74c0f2-6d43-n16-r14	14	c100	sample	5	5-SRR5935740	classified	0
20261008-155257-b74c0f2-6d43-n16-r14	14	c100	sample	5	5-SRR5935740	place	-
20261008-155257-b74c0f2-6d43-n16-r14	14	c100	sample	5	5-SRR5935740	weight	-
20261008-155257-b74c0f2-6d43-n16-r14	14	c100	phase			batch-barrier-5	0.509716
20261008-155257-b74c0f2-6d43-n16-r14	14	c100	phase			batch-barrier-5.start_s	170.378584
20261008-155257-b74c0f2-6d43-n16-r14	14	c100	phase			batch-barrier-6	6.091015
20261008-155257-b74c0f2-6d43-n16-r14	14	c100	phase			batch-barrier-6.start_s	170.888311
20261008-155257-b74c0f2-6d43-n16-r14	14	c100	engine.mem			t_s	180.0
20261008-155257-b74c0f2-6d43-n16-r14	14	c100	engine.mem			rss_kib	76457188
20261008-155257-b74c0f2-6d43-n16-r14	14	c100	engine.mem			hwm_kib	79909036
20261008-155257-b74c0f2-6d43-n16-r14	14	c100	engine.mem			heap_inuse	2934300672
20261008-155257-b74c0f2-6d43-n16-r14	14	c100	engine.mem			sys	7593283976
20261008-155257-b74c0f2-6d43-n16-r14	14	c100	engine.mem			avail_kib	18520996
20261008-155257-b74c0f2-6d43-n16-r14	14	c100	phase			batch-barrier-7	5.050413
20261008-155257-b74c0f2-6d43-n16-r14	14	c100	phase			batch-barrier-7.start_s	176.979340
20261008-155257-b74c0f2-6d43-n16-r14	14	c100	phase			batch-barrier-8	6.127574
20261008-155257-b74c0f2-6d43-n16-r14	14	c100	phase			batch-barrier-8.start_s	182.029770
20261008-155257-b74c0f2-6d43-n16-r14	14	c100	engine.shard			index	0
20261008-155257-b74c0f2-6d43-n16-r14	14	c100	engine.shard			n	16
20261008-155257-b74c0f2-6d43-n16-r14	14	c100	engine.shard			lo	260113803199
20261008-155257-b74c0f2-6d43-n16-r14	14	c100	engine.shard			hi	278693360570
20261008-155257-b74c0f2-6d43-n16-r14	14	c100	engine.shard			tail	302
20261008-155257-b74c0f2-6d43-n16-r14	14	c100	engine.shard			full	false
20261008-155257-b74c0f2-6d43-n16-r14	14	c100	engine.shard			empty_at	18579557380
20261008-155257-b74c0f2-6d43-n16-r14	14	c100	engine.shard			keys	8473287081
20261008-155257-b74c0f2-6d43-n16-r14	14	c100	engine.shard			batches	89910
20261008-155257-b74c0f2-6d43-n16-r14	14	c100	engine.shard			probe_s	162.640446
20261008-155257-b74c0f2-6d43-n16-r14	14	c100	engine.shard			tail_probes	0
20261008-155257-b74c0f2-6d43-n16-r14	14	c100	engine.shard			wrap_probes	0
20261008-155257-b74c0f2-6d43-n16-r14	14	c100	engine.mem			t_s	188.2
20261008-155257-b74c0f2-6d43-n16-r14	14	c100	engine.mem			rss_kib	76457200
20261008-155257-b74c0f2-6d43-n16-r14	14	c100	engine.mem			hwm_kib	79909036
20261008-155257-b74c0f2-6d43-n16-r14	14	c100	engine.mem			heap_inuse	2935545856
20261008-155257-b74c0f2-6d43-n16-r14	14	c100	engine.mem			sys	7593283976
20261008-155257-b74c0f2-6d43-n16-r14	14	c100	engine.mem			avail_kib	18709964
20261008-155257-b74c0f2-6d43-n16-r14	14	c100	engine.rendezvous			puts	13
20261008-155257-b74c0f2-6d43-n16-r14	14	c100	engine.rendezvous			gets	318
20261008-155257-b74c0f2-6d43-n16-r14	14	c100	engine.s3			client	sdk
20261008-155257-b74c0f2-6d43-n16-r14	14	c100	engine.s3			put	31
20261008-155257-b74c0f2-6d43-n16-r14	14	c100	engine.s3			get	318
20261008-155257-b74c0f2-6d43-n16-r14	14	c100	engine.s3			create_multipart	18
20261008-155257-b74c0f2-6d43-n16-r14	14	c100	engine.s3			upload_part	2301
20261008-155257-b74c0f2-6d43-n16-r14	14	c100	engine.s3			complete_multipart	18
20261008-155257-b74c0f2-6d43-n16-r14	14	c100	engine.s3			abort_multipart	0
20261008-155257-b74c0f2-6d43-n16-r14	14	c100	engine.s3			part_bytes	19229712437
20261008-155257-b74c0f2-6d43-n16-r14	14	c100	engine.s3			client	cli
20261008-155257-b74c0f2-6d43-n16-r14	14	c100	engine.s3			put	0
20261008-155257-b74c0f2-6d43-n16-r14	14	c100	engine.s3			get	0
20261008-155257-b74c0f2-6d43-n16-r14	14	c100	engine.s3			create_multipart	0
20261008-155257-b74c0f2-6d43-n16-r14	14	c100	engine.s3			upload_part	0
20261008-155257-b74c0f2-6d43-n16-r14	14	c100	engine.s3			complete_multipart	0
20261008-155257-b74c0f2-6d43-n16-r14	14	c100	engine.s3			abort_multipart	0
20261008-155257-b74c0f2-6d43-n16-r14	14	c100	engine.s3			part_bytes	0
20261008-155257-b74c0f2-6d43-n16-r14	14	c100	engine.load			seconds	25.464907
20261008-155257-b74c0f2-6d43-n16-r14	14	c100	engine.load			requests	1126
20261008-155257-b74c0f2-6d43-n16-r14	14	c100	engine.load			retries	0
20261008-155257-b74c0f2-6d43-n16-r14	14	c100	engine.load			bytes	74318296292
20261008-155257-b74c0f2-6d43-n16-r14	14	c100	engine.route			transport	nodes
20261008-155257-b74c0f2-6d43-n16-r14	14	c100	engine.route			calls	5794
20261008-155257-b74c0f2-6d43-n16-r14	14	c100	engine.route			keys	8744465919
20261008-155257-b74c0f2-6d43-n16-r14	14	c100	engine.route			batches	92704
20261008-155257-b74c0f2-6d43-n16-r14	14	c100	engine.route			route_s	58.873954
20261008-155257-b74c0f2-6d43-n16-r14	14	c100	engine.route			wait_s	47.617993
20261008-155257-b74c0f2-6d43-n16-r14	14	c100	engine.route			gather_s	12.662410
20261008-155257-b74c0f2-6d43-n16-r14	14	c100	engine.worker			scan_s	440.840992
20261008-155257-b74c0f2-6d43-n16-r14	14	c100	engine.worker			lookup_s	119.156454
20261008-155257-b74c0f2-6d43-n16-r14	14	c100	engine.worker			classify_s	379.111988
20261008-155257-b74c0f2-6d43-n16-r14	14	c100	phase			total	188.262643
20261008-155257-b74c0f2-6d43-n16-r14	14	c100	phase			total.start_s	0.000000
20261008-155257-b74c0f2-6d43-n16-r15	15	c100	phase			taxo	0.078923
20261008-155257-b74c0f2-6d43-n16-r15	15	c100	phase			taxo.start_s	0.002483
20261008-155257-b74c0f2-6d43-n16-r15	15	c100	engine.mem			t_s	15.0
20261008-155257-b74c0f2-6d43-n16-r15	15	c100	engine.mem			rss_kib	45016212
20261008-155257-b74c0f2-6d43-n16-r15	15	c100	engine.mem			hwm_kib	45016216
20261008-155257-b74c0f2-6d43-n16-r15	15	c100	engine.mem			heap_inuse	406487040
20261008-155257-b74c0f2-6d43-n16-r15	15	c100	engine.mem			sys	443672952
20261008-155257-b74c0f2-6d43-n16-r15	15	c100	engine.mem			avail_kib	49805272
20261008-155257-b74c0f2-6d43-n16-r15	15	c100	phase			shard-load-15	24.643343
20261008-155257-b74c0f2-6d43-n16-r15	15	c100	phase			shard-load-15.start_s	0.137087
20261008-155257-b74c0f2-6d43-n16-r15	15	c100	phase			rendezvous	0.443985
20261008-155257-b74c0f2-6d43-n16-r15	15	c100	phase			rendezvous.start_s	25.214830
20261008-155257-b74c0f2-6d43-n16-r15	15	c100	phase			connect	0.133604
20261008-155257-b74c0f2-6d43-n16-r15	15	c100	phase			connect.start_s	25.658824
20261008-155257-b74c0f2-6d43-n16-r15	15	c100	phase			hash	25.711013
20261008-155257-b74c0f2-6d43-n16-r15	15	c100	phase			hash.start_s	0.081426
20261008-155257-b74c0f2-6d43-n16-r15	15	c100	engine.mem			t_s	30.0
20261008-155257-b74c0f2-6d43-n16-r15	15	c100	engine.mem			rss_kib	78278876
20261008-155257-b74c0f2-6d43-n16-r15	15	c100	engine.mem			hwm_kib	78278876
20261008-155257-b74c0f2-6d43-n16-r15	15	c100	engine.mem			heap_inuse	5033943040
20261008-155257-b74c0f2-6d43-n16-r15	15	c100	engine.mem			sys	5959692168
20261008-155257-b74c0f2-6d43-n16-r15	15	c100	engine.mem			avail_kib	16975864
20261008-155257-b74c0f2-6d43-n16-r15	15	c100	sample	0	0-SRR5935756	mode	parallel
20261008-155257-b74c0f2-6d43-n16-r15	15	c100	sample	0	0-SRR5935756	s3client	sdk
20261008-155257-b74c0f2-6d43-n16-r15	15	c100	sample	0	0-SRR5935756	rank	15
20261008-155257-b74c0f2-6d43-n16-r15	15	c100	sample	0	0-SRR5935756	role	home
20261008-155257-b74c0f2-6d43-n16-r15	15	c100	sample	0	0-SRR5935756	inflight	1
20261008-155257-b74c0f2-6d43-n16-r15	15	c100	sample	0	0-SRR5935756	threads	16
20261008-155257-b74c0f2-6d43-n16-r15	15	c100	sample	0	0-SRR5935756	start_s	25.792463
20261008-155257-b74c0f2-6d43-n16-r15	15	c100	sample	0	0-SRR5935756	wall_s	7.714803
20261008-155257-b74c0f2-6d43-n16-r15	15	c100	sample	0	0-SRR5935756	setup_s	0.000036
20261008-155257-b74c0f2-6d43-n16-r15	15	c100	sample	0	0-SRR5935756	classify_s	7.316693
20261008-155257-b74c0f2-6d43-n16-r15	15	c100	sample	0	0-SRR5935756	close_s	0.266247
20261008-155257-b74c0f2-6d43-n16-r15	15	c100	sample	0	0-SRR5935756	report_s	0.122310
20261008-155257-b74c0f2-6d43-n16-r15	15	c100	sample	0	0-SRR5935756	status	0
20261008-155257-b74c0f2-6d43-n16-r15	15	c100	sample	0	0-SRR5935756	sequences	16053448
20261008-155257-b74c0f2-6d43-n16-r15	15	c100	sample	0	0-SRR5935756	bases	2993468449
20261008-155257-b74c0f2-6d43-n16-r15	15	c100	sample	0	0-SRR5935756	classified	15204484
20261008-155257-b74c0f2-6d43-n16-r15	15	c100	sample	0	0-SRR5935756	place	lpt
20261008-155257-b74c0f2-6d43-n16-r15	15	c100	sample	0	0-SRR5935756	weight	16053448
20261008-155257-b74c0f2-6d43-n16-r15	15	c100	sample	0	0-SRR5935768	mode	parallel
20261008-155257-b74c0f2-6d43-n16-r15	15	c100	sample	0	0-SRR5935768	s3client	sdk
20261008-155257-b74c0f2-6d43-n16-r15	15	c100	sample	0	0-SRR5935768	rank	15
20261008-155257-b74c0f2-6d43-n16-r15	15	c100	sample	0	0-SRR5935768	role	home
20261008-155257-b74c0f2-6d43-n16-r15	15	c100	sample	0	0-SRR5935768	inflight	1
20261008-155257-b74c0f2-6d43-n16-r15	15	c100	sample	0	0-SRR5935768	threads	16
20261008-155257-b74c0f2-6d43-n16-r15	15	c100	sample	0	0-SRR5935768	start_s	33.507278
20261008-155257-b74c0f2-6d43-n16-r15	15	c100	sample	0	0-SRR5935768	wall_s	7.618517
20261008-155257-b74c0f2-6d43-n16-r15	15	c100	sample	0	0-SRR5935768	setup_s	0.000044
20261008-155257-b74c0f2-6d43-n16-r15	15	c100	sample	0	0-SRR5935768	classify_s	7.200416
20261008-155257-b74c0f2-6d43-n16-r15	15	c100	sample	0	0-SRR5935768	close_s	0.268967
20261008-155257-b74c0f2-6d43-n16-r15	15	c100	sample	0	0-SRR5935768	report_s	0.138301
20261008-155257-b74c0f2-6d43-n16-r15	15	c100	sample	0	0-SRR5935768	status	0
20261008-155257-b74c0f2-6d43-n16-r15	15	c100	sample	0	0-SRR5935768	sequences	15746753
20261008-155257-b74c0f2-6d43-n16-r15	15	c100	sample	0	0-SRR5935768	bases	2888337209
20261008-155257-b74c0f2-6d43-n16-r15	15	c100	sample	0	0-SRR5935768	classified	14105631
20261008-155257-b74c0f2-6d43-n16-r15	15	c100	sample	0	0-SRR5935768	place	lpt
20261008-155257-b74c0f2-6d43-n16-r15	15	c100	sample	0	0-SRR5935768	weight	15746753
20261008-155257-b74c0f2-6d43-n16-r15	15	c100	engine.mem			t_s	45.0
20261008-155257-b74c0f2-6d43-n16-r15	15	c100	engine.mem			rss_kib	78661284
20261008-155257-b74c0f2-6d43-n16-r15	15	c100	engine.mem			hwm_kib	79091264
20261008-155257-b74c0f2-6d43-n16-r15	15	c100	engine.mem			heap_inuse	4570931200
20261008-155257-b74c0f2-6d43-n16-r15	15	c100	engine.mem			sys	6714814648
20261008-155257-b74c0f2-6d43-n16-r15	15	c100	engine.mem			avail_kib	15901368
20261008-155257-b74c0f2-6d43-n16-r15	15	c100	sample	0	0-SRR5935833	mode	parallel
20261008-155257-b74c0f2-6d43-n16-r15	15	c100	sample	0	0-SRR5935833	s3client	sdk
20261008-155257-b74c0f2-6d43-n16-r15	15	c100	sample	0	0-SRR5935833	rank	15
20261008-155257-b74c0f2-6d43-n16-r15	15	c100	sample	0	0-SRR5935833	role	home
20261008-155257-b74c0f2-6d43-n16-r15	15	c100	sample	0	0-SRR5935833	inflight	1
20261008-155257-b74c0f2-6d43-n16-r15	15	c100	sample	0	0-SRR5935833	threads	16
20261008-155257-b74c0f2-6d43-n16-r15	15	c100	sample	0	0-SRR5935833	start_s	41.125810
20261008-155257-b74c0f2-6d43-n16-r15	15	c100	sample	0	0-SRR5935833	wall_s	6.257600
20261008-155257-b74c0f2-6d43-n16-r15	15	c100	sample	0	0-SRR5935833	setup_s	0.000035
20261008-155257-b74c0f2-6d43-n16-r15	15	c100	sample	0	0-SRR5935833	classify_s	5.887644
20261008-155257-b74c0f2-6d43-n16-r15	15	c100	sample	0	0-SRR5935833	close_s	0.217358
20261008-155257-b74c0f2-6d43-n16-r15	15	c100	sample	0	0-SRR5935833	report_s	0.139500
20261008-155257-b74c0f2-6d43-n16-r15	15	c100	sample	0	0-SRR5935833	status	0
20261008-155257-b74c0f2-6d43-n16-r15	15	c100	sample	0	0-SRR5935833	sequences	12711109
20261008-155257-b74c0f2-6d43-n16-r15	15	c100	sample	0	0-SRR5935833	bases	2382418955
20261008-155257-b74c0f2-6d43-n16-r15	15	c100	sample	0	0-SRR5935833	classified	11452616
20261008-155257-b74c0f2-6d43-n16-r15	15	c100	sample	0	0-SRR5935833	place	lpt
20261008-155257-b74c0f2-6d43-n16-r15	15	c100	sample	0	0-SRR5935833	weight	12711109
20261008-155257-b74c0f2-6d43-n16-r15	15	c100	sample	0	0-SRR5935764	mode	parallel
20261008-155257-b74c0f2-6d43-n16-r15	15	c100	sample	0	0-SRR5935764	s3client	sdk
20261008-155257-b74c0f2-6d43-n16-r15	15	c100	sample	0	0-SRR5935764	rank	15
20261008-155257-b74c0f2-6d43-n16-r15	15	c100	sample	0	0-SRR5935764	role	home
20261008-155257-b74c0f2-6d43-n16-r15	15	c100	sample	0	0-SRR5935764	inflight	1
20261008-155257-b74c0f2-6d43-n16-r15	15	c100	sample	0	0-SRR5935764	threads	16
20261008-155257-b74c0f2-6d43-n16-r15	15	c100	sample	0	0-SRR5935764	start_s	47.383424
20261008-155257-b74c0f2-6d43-n16-r15	15	c100	sample	0	0-SRR5935764	wall_s	5.789763
20261008-155257-b74c0f2-6d43-n16-r15	15	c100	sample	0	0-SRR5935764	setup_s	0.000035
20261008-155257-b74c0f2-6d43-n16-r15	15	c100	sample	0	0-SRR5935764	classify_s	5.332371
20261008-155257-b74c0f2-6d43-n16-r15	15	c100	sample	0	0-SRR5935764	close_s	0.287692
20261008-155257-b74c0f2-6d43-n16-r15	15	c100	sample	0	0-SRR5935764	report_s	0.162876
20261008-155257-b74c0f2-6d43-n16-r15	15	c100	sample	0	0-SRR5935764	status	0
20261008-155257-b74c0f2-6d43-n16-r15	15	c100	sample	0	0-SRR5935764	sequences	11689489
20261008-155257-b74c0f2-6d43-n16-r15	15	c100	sample	0	0-SRR5935764	bases	2123440867
20261008-155257-b74c0f2-6d43-n16-r15	15	c100	sample	0	0-SRR5935764	classified	11327502
20261008-155257-b74c0f2-6d43-n16-r15	15	c100	sample	0	0-SRR5935764	place	lpt
20261008-155257-b74c0f2-6d43-n16-r15	15	c100	sample	0	0-SRR5935764	weight	11689489
20261008-155257-b74c0f2-6d43-n16-r15	15	c100	sample	0	0-SRR5935826	mode	parallel
20261008-155257-b74c0f2-6d43-n16-r15	15	c100	sample	0	0-SRR5935826	s3client	sdk
20261008-155257-b74c0f2-6d43-n16-r15	15	c100	sample	0	0-SRR5935826	rank	15
20261008-155257-b74c0f2-6d43-n16-r15	15	c100	sample	0	0-SRR5935826	role	home
20261008-155257-b74c0f2-6d43-n16-r15	15	c100	sample	0	0-SRR5935826	inflight	1
20261008-155257-b74c0f2-6d43-n16-r15	15	c100	sample	0	0-SRR5935826	threads	16
20261008-155257-b74c0f2-6d43-n16-r15	15	c100	sample	0	0-SRR5935826	start_s	53.173200
20261008-155257-b74c0f2-6d43-n16-r15	15	c100	sample	0	0-SRR5935826	wall_s	4.453150
20261008-155257-b74c0f2-6d43-n16-r15	15	c100	sample	0	0-SRR5935826	setup_s	0.000038
20261008-155257-b74c0f2-6d43-n16-r15	15	c100	sample	0	0-SRR5935826	classify_s	4.052834
20261008-155257-b74c0f2-6d43-n16-r15	15	c100	sample	0	0-SRR5935826	close_s	0.260907
20261008-155257-b74c0f2-6d43-n16-r15	15	c100	sample	0	0-SRR5935826	report_s	0.135575
20261008-155257-b74c0f2-6d43-n16-r15	15	c100	sample	0	0-SRR5935826	status	0
20261008-155257-b74c0f2-6d43-n16-r15	15	c100	sample	0	0-SRR5935826	sequences	8766123
20261008-155257-b74c0f2-6d43-n16-r15	15	c100	sample	0	0-SRR5935826	bases	1609927653
20261008-155257-b74c0f2-6d43-n16-r15	15	c100	sample	0	0-SRR5935826	classified	8639469
20261008-155257-b74c0f2-6d43-n16-r15	15	c100	sample	0	0-SRR5935826	place	lpt
20261008-155257-b74c0f2-6d43-n16-r15	15	c100	sample	0	0-SRR5935826	weight	8766123
20261008-155257-b74c0f2-6d43-n16-r15	15	c100	engine.mem			t_s	60.0
20261008-155257-b74c0f2-6d43-n16-r15	15	c100	engine.mem			rss_kib	79103248
20261008-155257-b74c0f2-6d43-n16-r15	15	c100	engine.mem			hwm_kib	79113596
20261008-155257-b74c0f2-6d43-n16-r15	15	c100	engine.mem			heap_inuse	5780824064
20261008-155257-b74c0f2-6d43-n16-r15	15	c100	engine.mem			sys	6832410840
20261008-155257-b74c0f2-6d43-n16-r15	15	c100	engine.mem			avail_kib	15407696
20261008-155257-b74c0f2-6d43-n16-r15	15	c100	sample	0	0-SRR5935832	mode	parallel
20261008-155257-b74c0f2-6d43-n16-r15	15	c100	sample	0	0-SRR5935832	s3client	sdk
20261008-155257-b74c0f2-6d43-n16-r15	15	c100	sample	0	0-SRR5935832	rank	15
20261008-155257-b74c0f2-6d43-n16-r15	15	c100	sample	0	0-SRR5935832	role	home
20261008-155257-b74c0f2-6d43-n16-r15	15	c100	sample	0	0-SRR5935832	inflight	1
20261008-155257-b74c0f2-6d43-n16-r15	15	c100	sample	0	0-SRR5935832	threads	16
20261008-155257-b74c0f2-6d43-n16-r15	15	c100	sample	0	0-SRR5935832	start_s	57.626363
20261008-155257-b74c0f2-6d43-n16-r15	15	c100	sample	0	0-SRR5935832	wall_s	3.574895
20261008-155257-b74c0f2-6d43-n16-r15	15	c100	sample	0	0-SRR5935832	setup_s	0.000040
20261008-155257-b74c0f2-6d43-n16-r15	15	c100	sample	0	0-SRR5935832	classify_s	3.155934
20261008-155257-b74c0f2-6d43-n16-r15	15	c100	sample	0	0-SRR5935832	close_s	0.261133
20261008-155257-b74c0f2-6d43-n16-r15	15	c100	sample	0	0-SRR5935832	report_s	0.152768
20261008-155257-b74c0f2-6d43-n16-r15	15	c100	sample	0	0-SRR5935832	status	0
20261008-155257-b74c0f2-6d43-n16-r15	15	c100	sample	0	0-SRR5935832	sequences	6882441
20261008-155257-b74c0f2-6d43-n16-r15	15	c100	sample	0	0-SRR5935832	bases	1244786679
20261008-155257-b74c0f2-6d43-n16-r15	15	c100	sample	0	0-SRR5935832	classified	6619730
20261008-155257-b74c0f2-6d43-n16-r15	15	c100	sample	0	0-SRR5935832	place	lpt
20261008-155257-b74c0f2-6d43-n16-r15	15	c100	sample	0	0-SRR5935832	weight	6882441
20261008-155257-b74c0f2-6d43-n16-r15	15	c100	phase			batch-barrier-0	1.381424
20261008-155257-b74c0f2-6d43-n16-r15	15	c100	phase			batch-barrier-0.start_s	61.201272
20261008-155257-b74c0f2-6d43-n16-r15	15	c100	sample	1	1-SRR5935755	mode	parallel
20261008-155257-b74c0f2-6d43-n16-r15	15	c100	sample	1	1-SRR5935755	s3client	sdk
20261008-155257-b74c0f2-6d43-n16-r15	15	c100	sample	1	1-SRR5935755	rank	15
20261008-155257-b74c0f2-6d43-n16-r15	15	c100	sample	1	1-SRR5935755	role	home
20261008-155257-b74c0f2-6d43-n16-r15	15	c100	sample	1	1-SRR5935755	inflight	1
20261008-155257-b74c0f2-6d43-n16-r15	15	c100	sample	1	1-SRR5935755	threads	16
20261008-155257-b74c0f2-6d43-n16-r15	15	c100	sample	1	1-SRR5935755	start_s	62.582715
20261008-155257-b74c0f2-6d43-n16-r15	15	c100	sample	1	1-SRR5935755	wall_s	3.122397
20261008-155257-b74c0f2-6d43-n16-r15	15	c100	sample	1	1-SRR5935755	setup_s	0.000034
20261008-155257-b74c0f2-6d43-n16-r15	15	c100	sample	1	1-SRR5935755	classify_s	2.753793
20261008-155257-b74c0f2-6d43-n16-r15	15	c100	sample	1	1-SRR5935755	close_s	0.219561
20261008-155257-b74c0f2-6d43-n16-r15	15	c100	sample	1	1-SRR5935755	report_s	0.140774
20261008-155257-b74c0f2-6d43-n16-r15	15	c100	sample	1	1-SRR5935755	status	0
20261008-155257-b74c0f2-6d43-n16-r15	15	c100	sample	1	1-SRR5935755	sequences	6071697
20261008-155257-b74c0f2-6d43-n16-r15	15	c100	sample	1	1-SRR5935755	bases	1090388750
20261008-155257-b74c0f2-6d43-n16-r15	15	c100	sample	1	1-SRR5935755	classified	5415115
20261008-155257-b74c0f2-6d43-n16-r15	15	c100	sample	1	1-SRR5935755	place	mod
20261008-155257-b74c0f2-6d43-n16-r15	15	c100	sample	1	1-SRR5935755	weight	6071697
20261008-155257-b74c0f2-6d43-n16-r15	15	c100	sample	1	1-SRR5935771	mode	parallel
20261008-155257-b74c0f2-6d43-n16-r15	15	c100	sample	1	1-SRR5935771	s3client	sdk
20261008-155257-b74c0f2-6d43-n16-r15	15	c100	sample	1	1-SRR5935771	rank	15
20261008-155257-b74c0f2-6d43-n16-r15	15	c100	sample	1	1-SRR5935771	role	home
20261008-155257-b74c0f2-6d43-n16-r15	15	c100	sample	1	1-SRR5935771	inflight	1
20261008-155257-b74c0f2-6d43-n16-r15	15	c100	sample	1	1-SRR5935771	threads	16
20261008-155257-b74c0f2-6d43-n16-r15	15	c100	sample	1	1-SRR5935771	start_s	65.705126
20261008-155257-b74c0f2-6d43-n16-r15	15	c100	sample	1	1-SRR5935771	wall_s	4.655181
20261008-155257-b74c0f2-6d43-n16-r15	15	c100	sample	1	1-SRR5935771	setup_s	0.000037
20261008-155257-b74c0f2-6d43-n16-r15	15	c100	sample	1	1-SRR5935771	classify_s	4.305000
20261008-155257-b74c0f2-6d43-n16-r15	15	c100	sample	1	1-SRR5935771	close_s	0.208137
20261008-155257-b74c0f2-6d43-n16-r15	15	c100	sample	1	1-SRR5935771	report_s	0.133978
20261008-155257-b74c0f2-6d43-n16-r15	15	c100	sample	1	1-SRR5935771	status	0
20261008-155257-b74c0f2-6d43-n16-r15	15	c100	sample	1	1-SRR5935771	sequences	9230220
20261008-155257-b74c0f2-6d43-n16-r15	15	c100	sample	1	1-SRR5935771	bases	1688151903
20261008-155257-b74c0f2-6d43-n16-r15	15	c100	sample	1	1-SRR5935771	classified	8736529
20261008-155257-b74c0f2-6d43-n16-r15	15	c100	sample	1	1-SRR5935771	place	mod
20261008-155257-b74c0f2-6d43-n16-r15	15	c100	sample	1	1-SRR5935771	weight	9230220
20261008-155257-b74c0f2-6d43-n16-r15	15	c100	engine.mem			t_s	75.0
20261008-155257-b74c0f2-6d43-n16-r15	15	c100	engine.mem			rss_kib	78489564
20261008-155257-b74c0f2-6d43-n16-r15	15	c100	engine.mem			hwm_kib	79361400
20261008-155257-b74c0f2-6d43-n16-r15	15	c100	engine.mem			heap_inuse	4629422080
20261008-155257-b74c0f2-6d43-n16-r15	15	c100	engine.mem			sys	7042875656
20261008-155257-b74c0f2-6d43-n16-r15	15	c100	engine.mem			avail_kib	15644948
20261008-155257-b74c0f2-6d43-n16-r15	15	c100	sample	1	1-SRR5935787	mode	parallel
20261008-155257-b74c0f2-6d43-n16-r15	15	c100	sample	1	1-SRR5935787	s3client	sdk
20261008-155257-b74c0f2-6d43-n16-r15	15	c100	sample	1	1-SRR5935787	rank	15
20261008-155257-b74c0f2-6d43-n16-r15	15	c100	sample	1	1-SRR5935787	role	home
20261008-155257-b74c0f2-6d43-n16-r15	15	c100	sample	1	1-SRR5935787	inflight	1
20261008-155257-b74c0f2-6d43-n16-r15	15	c100	sample	1	1-SRR5935787	threads	16
20261008-155257-b74c0f2-6d43-n16-r15	15	c100	sample	1	1-SRR5935787	start_s	70.360320
20261008-155257-b74c0f2-6d43-n16-r15	15	c100	sample	1	1-SRR5935787	wall_s	7.987182
20261008-155257-b74c0f2-6d43-n16-r15	15	c100	sample	1	1-SRR5935787	setup_s	0.000037
20261008-155257-b74c0f2-6d43-n16-r15	15	c100	sample	1	1-SRR5935787	classify_s	7.579588
20261008-155257-b74c0f2-6d43-n16-r15	15	c100	sample	1	1-SRR5935787	close_s	0.276260
20261008-155257-b74c0f2-6d43-n16-r15	15	c100	sample	1	1-SRR5935787	report_s	0.126196
20261008-155257-b74c0f2-6d43-n16-r15	15	c100	sample	1	1-SRR5935787	status	0
20261008-155257-b74c0f2-6d43-n16-r15	15	c100	sample	1	1-SRR5935787	sequences	16351397
20261008-155257-b74c0f2-6d43-n16-r15	15	c100	sample	1	1-SRR5935787	bases	3065557655
20261008-155257-b74c0f2-6d43-n16-r15	15	c100	sample	1	1-SRR5935787	classified	16166849
20261008-155257-b74c0f2-6d43-n16-r15	15	c100	sample	1	1-SRR5935787	place	mod
20261008-155257-b74c0f2-6d43-n16-r15	15	c100	sample	1	1-SRR5935787	weight	16351397
20261008-155257-b74c0f2-6d43-n16-r15	15	c100	sample	1	1-SRR5935803	mode	parallel
20261008-155257-b74c0f2-6d43-n16-r15	15	c100	sample	1	1-SRR5935803	s3client	sdk
20261008-155257-b74c0f2-6d43-n16-r15	15	c100	sample	1	1-SRR5935803	rank	15
20261008-155257-b74c0f2-6d43-n16-r15	15	c100	sample	1	1-SRR5935803	role	home
20261008-155257-b74c0f2-6d43-n16-r15	15	c100	sample	1	1-SRR5935803	inflight	1
20261008-155257-b74c0f2-6d43-n16-r15	15	c100	sample	1	1-SRR5935803	threads	16
20261008-155257-b74c0f2-6d43-n16-r15	15	c100	sample	1	1-SRR5935803	start_s	78.347516
20261008-155257-b74c0f2-6d43-n16-r15	15	c100	sample	1	1-SRR5935803	wall_s	8.779419
20261008-155257-b74c0f2-6d43-n16-r15	15	c100	sample	1	1-SRR5935803	setup_s	0.000044
20261008-155257-b74c0f2-6d43-n16-r15	15	c100	sample	1	1-SRR5935803	classify_s	8.324716
20261008-155257-b74c0f2-6d43-n16-r15	15	c100	sample	1	1-SRR5935803	close_s	0.301706
20261008-155257-b74c0f2-6d43-n16-r15	15	c100	sample	1	1-SRR5935803	report_s	0.146306
20261008-155257-b74c0f2-6d43-n16-r15	15	c100	sample	1	1-SRR5935803	status	0
20261008-155257-b74c0f2-6d43-n16-r15	15	c100	sample	1	1-SRR5935803	sequences	18392491
20261008-155257-b74c0f2-6d43-n16-r15	15	c100	sample	1	1-SRR5935803	bases	3418705365
20261008-155257-b74c0f2-6d43-n16-r15	15	c100	sample	1	1-SRR5935803	classified	18064386
20261008-155257-b74c0f2-6d43-n16-r15	15	c100	sample	1	1-SRR5935803	place	mod
20261008-155257-b74c0f2-6d43-n16-r15	15	c100	sample	1	1-SRR5935803	weight	18392491
20261008-155257-b74c0f2-6d43-n16-r15	15	c100	engine.mem			t_s	90.0
20261008-155257-b74c0f2-6d43-n16-r15	15	c100	engine.mem			rss_kib	79171052
20261008-155257-b74c0f2-6d43-n16-r15	15	c100	engine.mem			hwm_kib	79361400
20261008-155257-b74c0f2-6d43-n16-r15	15	c100	engine.mem			heap_inuse	5635039232
20261008-155257-b74c0f2-6d43-n16-r15	15	c100	engine.mem			sys	7044784392
20261008-155257-b74c0f2-6d43-n16-r15	15	c100	engine.mem			avail_kib	15322660
20261008-155257-b74c0f2-6d43-n16-r15	15	c100	sample	1	1-SRR5935819	mode	parallel
20261008-155257-b74c0f2-6d43-n16-r15	15	c100	sample	1	1-SRR5935819	s3client	sdk
20261008-155257-b74c0f2-6d43-n16-r15	15	c100	sample	1	1-SRR5935819	rank	15
20261008-155257-b74c0f2-6d43-n16-r15	15	c100	sample	1	1-SRR5935819	role	home
20261008-155257-b74c0f2-6d43-n16-r15	15	c100	sample	1	1-SRR5935819	inflight	1
20261008-155257-b74c0f2-6d43-n16-r15	15	c100	sample	1	1-SRR5935819	threads	16
20261008-155257-b74c0f2-6d43-n16-r15	15	c100	sample	1	1-SRR5935819	start_s	87.126956
20261008-155257-b74c0f2-6d43-n16-r15	15	c100	sample	1	1-SRR5935819	wall_s	5.585095
20261008-155257-b74c0f2-6d43-n16-r15	15	c100	sample	1	1-SRR5935819	setup_s	0.000042
20261008-155257-b74c0f2-6d43-n16-r15	15	c100	sample	1	1-SRR5935819	classify_s	5.180102
20261008-155257-b74c0f2-6d43-n16-r15	15	c100	sample	1	1-SRR5935819	close_s	0.267191
20261008-155257-b74c0f2-6d43-n16-r15	15	c100	sample	1	1-SRR5935819	report_s	0.133668
20261008-155257-b74c0f2-6d43-n16-r15	15	c100	sample	1	1-SRR5935819	status	0
20261008-155257-b74c0f2-6d43-n16-r15	15	c100	sample	1	1-SRR5935819	sequences	10896278
20261008-155257-b74c0f2-6d43-n16-r15	15	c100	sample	1	1-SRR5935819	bases	2024821947
20261008-155257-b74c0f2-6d43-n16-r15	15	c100	sample	1	1-SRR5935819	classified	10712521
20261008-155257-b74c0f2-6d43-n16-r15	15	c100	sample	1	1-SRR5935819	place	mod
20261008-155257-b74c0f2-6d43-n16-r15	15	c100	sample	1	1-SRR5935819	weight	10896278
20261008-155257-b74c0f2-6d43-n16-r15	15	c100	sample	1	1-SRR5935835	mode	parallel
20261008-155257-b74c0f2-6d43-n16-r15	15	c100	sample	1	1-SRR5935835	s3client	sdk
20261008-155257-b74c0f2-6d43-n16-r15	15	c100	sample	1	1-SRR5935835	rank	15
20261008-155257-b74c0f2-6d43-n16-r15	15	c100	sample	1	1-SRR5935835	role	home
20261008-155257-b74c0f2-6d43-n16-r15	15	c100	sample	1	1-SRR5935835	inflight	1
20261008-155257-b74c0f2-6d43-n16-r15	15	c100	sample	1	1-SRR5935835	threads	16
20261008-155257-b74c0f2-6d43-n16-r15	15	c100	sample	1	1-SRR5935835	start_s	92.712067
20261008-155257-b74c0f2-6d43-n16-r15	15	c100	sample	1	1-SRR5935835	wall_s	1.245680
20261008-155257-b74c0f2-6d43-n16-r15	15	c100	sample	1	1-SRR5935835	setup_s	0.000046
20261008-155257-b74c0f2-6d43-n16-r15	15	c100	sample	1	1-SRR5935835	classify_s	0.856592
20261008-155257-b74c0f2-6d43-n16-r15	15	c100	sample	1	1-SRR5935835	close_s	0.244346
20261008-155257-b74c0f2-6d43-n16-r15	15	c100	sample	1	1-SRR5935835	report_s	0.142836
20261008-155257-b74c0f2-6d43-n16-r15	15	c100	sample	1	1-SRR5935835	status	0
20261008-155257-b74c0f2-6d43-n16-r15	15	c100	sample	1	1-SRR5935835	sequences	1341509
20261008-155257-b74c0f2-6d43-n16-r15	15	c100	sample	1	1-SRR5935835	bases	254993682
20261008-155257-b74c0f2-6d43-n16-r15	15	c100	sample	1	1-SRR5935835	classified	1320808
20261008-155257-b74c0f2-6d43-n16-r15	15	c100	sample	1	1-SRR5935835	place	mod
20261008-155257-b74c0f2-6d43-n16-r15	15	c100	sample	1	1-SRR5935835	weight	1341509
20261008-155257-b74c0f2-6d43-n16-r15	15	c100	engine.mem			t_s	105.0
20261008-155257-b74c0f2-6d43-n16-r15	15	c100	engine.mem			rss_kib	77676888
20261008-155257-b74c0f2-6d43-n16-r15	15	c100	engine.mem			hwm_kib	79716380
20261008-155257-b74c0f2-6d43-n16-r15	15	c100	engine.mem			heap_inuse	3847290880
20261008-155257-b74c0f2-6d43-n16-r15	15	c100	engine.mem			sys	7426883944
20261008-155257-b74c0f2-6d43-n16-r15	15	c100	engine.mem			avail_kib	16567880
20261008-155257-b74c0f2-6d43-n16-r15	15	c100	phase			batch-barrier-1	16.189788
20261008-155257-b74c0f2-6d43-n16-r15	15	c100	phase			batch-barrier-1.start_s	93.957772
20261008-155257-b74c0f2-6d43-n16-r15	15	c100	sample	2	2-SRR5935756	mode	parallel
20261008-155257-b74c0f2-6d43-n16-r15	15	c100	sample	2	2-SRR5935756	s3client	sdk
20261008-155257-b74c0f2-6d43-n16-r15	15	c100	sample	2	2-SRR5935756	rank	15
20261008-155257-b74c0f2-6d43-n16-r15	15	c100	sample	2	2-SRR5935756	role	home
20261008-155257-b74c0f2-6d43-n16-r15	15	c100	sample	2	2-SRR5935756	inflight	1
20261008-155257-b74c0f2-6d43-n16-r15	15	c100	sample	2	2-SRR5935756	threads	16
20261008-155257-b74c0f2-6d43-n16-r15	15	c100	sample	2	2-SRR5935756	start_s	110.147595
20261008-155257-b74c0f2-6d43-n16-r15	15	c100	sample	2	2-SRR5935756	wall_s	7.838913
20261008-155257-b74c0f2-6d43-n16-r15	15	c100	sample	2	2-SRR5935756	setup_s	0.000038
20261008-155257-b74c0f2-6d43-n16-r15	15	c100	sample	2	2-SRR5935756	classify_s	7.341201
20261008-155257-b74c0f2-6d43-n16-r15	15	c100	sample	2	2-SRR5935756	close_s	0.367312
20261008-155257-b74c0f2-6d43-n16-r15	15	c100	sample	2	2-SRR5935756	report_s	0.121077
20261008-155257-b74c0f2-6d43-n16-r15	15	c100	sample	2	2-SRR5935756	status	0
20261008-155257-b74c0f2-6d43-n16-r15	15	c100	sample	2	2-SRR5935756	sequences	16053448
20261008-155257-b74c0f2-6d43-n16-r15	15	c100	sample	2	2-SRR5935756	bases	2993468449
20261008-155257-b74c0f2-6d43-n16-r15	15	c100	sample	2	2-SRR5935756	classified	15204484
20261008-155257-b74c0f2-6d43-n16-r15	15	c100	sample	2	2-SRR5935756	place	lpt
20261008-155257-b74c0f2-6d43-n16-r15	15	c100	sample	2	2-SRR5935756	weight	16053448
20261008-155257-b74c0f2-6d43-n16-r15	15	c100	engine.mem			t_s	120.0
20261008-155257-b74c0f2-6d43-n16-r15	15	c100	engine.mem			rss_kib	78779964
20261008-155257-b74c0f2-6d43-n16-r15	15	c100	engine.mem			hwm_kib	79716380
20261008-155257-b74c0f2-6d43-n16-r15	15	c100	engine.mem			heap_inuse	4867522560
20261008-155257-b74c0f2-6d43-n16-r15	15	c100	engine.mem			sys	7426892136
20261008-155257-b74c0f2-6d43-n16-r15	15	c100	engine.mem			avail_kib	15371824
20261008-155257-b74c0f2-6d43-n16-r15	15	c100	sample	2	2-SRR5935768	mode	parallel
20261008-155257-b74c0f2-6d43-n16-r15	15	c100	sample	2	2-SRR5935768	s3client	sdk
20261008-155257-b74c0f2-6d43-n16-r15	15	c100	sample	2	2-SRR5935768	rank	15
20261008-155257-b74c0f2-6d43-n16-r15	15	c100	sample	2	2-SRR5935768	role	home
20261008-155257-b74c0f2-6d43-n16-r15	15	c100	sample	2	2-SRR5935768	inflight	1
20261008-155257-b74c0f2-6d43-n16-r15	15	c100	sample	2	2-SRR5935768	threads	16
20261008-155257-b74c0f2-6d43-n16-r15	15	c100	sample	2	2-SRR5935768	start_s	117.986523
20261008-155257-b74c0f2-6d43-n16-r15	15	c100	sample	2	2-SRR5935768	wall_s	7.736631
20261008-155257-b74c0f2-6d43-n16-r15	15	c100	sample	2	2-SRR5935768	setup_s	0.000042
20261008-155257-b74c0f2-6d43-n16-r15	15	c100	sample	2	2-SRR5935768	classify_s	7.233997
20261008-155257-b74c0f2-6d43-n16-r15	15	c100	sample	2	2-SRR5935768	close_s	0.294146
20261008-155257-b74c0f2-6d43-n16-r15	15	c100	sample	2	2-SRR5935768	report_s	0.197700
20261008-155257-b74c0f2-6d43-n16-r15	15	c100	sample	2	2-SRR5935768	status	0
20261008-155257-b74c0f2-6d43-n16-r15	15	c100	sample	2	2-SRR5935768	sequences	15746753
20261008-155257-b74c0f2-6d43-n16-r15	15	c100	sample	2	2-SRR5935768	bases	2888337209
20261008-155257-b74c0f2-6d43-n16-r15	15	c100	sample	2	2-SRR5935768	classified	14105631
20261008-155257-b74c0f2-6d43-n16-r15	15	c100	sample	2	2-SRR5935768	place	lpt
20261008-155257-b74c0f2-6d43-n16-r15	15	c100	sample	2	2-SRR5935768	weight	15746753
20261008-155257-b74c0f2-6d43-n16-r15	15	c100	sample	2	2-SRR5935833	mode	parallel
20261008-155257-b74c0f2-6d43-n16-r15	15	c100	sample	2	2-SRR5935833	s3client	sdk
20261008-155257-b74c0f2-6d43-n16-r15	15	c100	sample	2	2-SRR5935833	rank	15
20261008-155257-b74c0f2-6d43-n16-r15	15	c100	sample	2	2-SRR5935833	role	home
20261008-155257-b74c0f2-6d43-n16-r15	15	c100	sample	2	2-SRR5935833	inflight	1
20261008-155257-b74c0f2-6d43-n16-r15	15	c100	sample	2	2-SRR5935833	threads	16
20261008-155257-b74c0f2-6d43-n16-r15	15	c100	sample	2	2-SRR5935833	start_s	125.723168
20261008-155257-b74c0f2-6d43-n16-r15	15	c100	sample	2	2-SRR5935833	wall_s	6.255508
20261008-155257-b74c0f2-6d43-n16-r15	15	c100	sample	2	2-SRR5935833	setup_s	0.000038
20261008-155257-b74c0f2-6d43-n16-r15	15	c100	sample	2	2-SRR5935833	classify_s	5.882270
20261008-155257-b74c0f2-6d43-n16-r15	15	c100	sample	2	2-SRR5935833	close_s	0.207494
20261008-155257-b74c0f2-6d43-n16-r15	15	c100	sample	2	2-SRR5935833	report_s	0.153576
20261008-155257-b74c0f2-6d43-n16-r15	15	c100	sample	2	2-SRR5935833	status	0
20261008-155257-b74c0f2-6d43-n16-r15	15	c100	sample	2	2-SRR5935833	sequences	12711109
20261008-155257-b74c0f2-6d43-n16-r15	15	c100	sample	2	2-SRR5935833	bases	2382418955
20261008-155257-b74c0f2-6d43-n16-r15	15	c100	sample	2	2-SRR5935833	classified	11452616
20261008-155257-b74c0f2-6d43-n16-r15	15	c100	sample	2	2-SRR5935833	place	lpt
20261008-155257-b74c0f2-6d43-n16-r15	15	c100	sample	2	2-SRR5935833	weight	12711109
20261008-155257-b74c0f2-6d43-n16-r15	15	c100	engine.mem			t_s	135.0
20261008-155257-b74c0f2-6d43-n16-r15	15	c100	engine.mem			rss_kib	78962112
20261008-155257-b74c0f2-6d43-n16-r15	15	c100	engine.mem			hwm_kib	79716380
20261008-155257-b74c0f2-6d43-n16-r15	15	c100	engine.mem			heap_inuse	4622336000
20261008-155257-b74c0f2-6d43-n16-r15	15	c100	engine.mem			sys	7426892136
20261008-155257-b74c0f2-6d43-n16-r15	15	c100	engine.mem			avail_kib	15265700
20261008-155257-b74c0f2-6d43-n16-r15	15	c100	sample	2	2-SRR5935764	mode	parallel
20261008-155257-b74c0f2-6d43-n16-r15	15	c100	sample	2	2-SRR5935764	s3client	sdk
20261008-155257-b74c0f2-6d43-n16-r15	15	c100	sample	2	2-SRR5935764	rank	15
20261008-155257-b74c0f2-6d43-n16-r15	15	c100	sample	2	2-SRR5935764	role	home
20261008-155257-b74c0f2-6d43-n16-r15	15	c100	sample	2	2-SRR5935764	inflight	1
20261008-155257-b74c0f2-6d43-n16-r15	15	c100	sample	2	2-SRR5935764	threads	16
20261008-155257-b74c0f2-6d43-n16-r15	15	c100	sample	2	2-SRR5935764	start_s	131.978692
20261008-155257-b74c0f2-6d43-n16-r15	15	c100	sample	2	2-SRR5935764	wall_s	5.985185
20261008-155257-b74c0f2-6d43-n16-r15	15	c100	sample	2	2-SRR5935764	setup_s	0.000039
20261008-155257-b74c0f2-6d43-n16-r15	15	c100	sample	2	2-SRR5935764	classify_s	5.380703
20261008-155257-b74c0f2-6d43-n16-r15	15	c100	sample	2	2-SRR5935764	close_s	0.394424
20261008-155257-b74c0f2-6d43-n16-r15	15	c100	sample	2	2-SRR5935764	report_s	0.202842
20261008-155257-b74c0f2-6d43-n16-r15	15	c100	sample	2	2-SRR5935764	status	0
20261008-155257-b74c0f2-6d43-n16-r15	15	c100	sample	2	2-SRR5935764	sequences	11689489
20261008-155257-b74c0f2-6d43-n16-r15	15	c100	sample	2	2-SRR5935764	bases	2123440867
20261008-155257-b74c0f2-6d43-n16-r15	15	c100	sample	2	2-SRR5935764	classified	11327502
20261008-155257-b74c0f2-6d43-n16-r15	15	c100	sample	2	2-SRR5935764	place	lpt
20261008-155257-b74c0f2-6d43-n16-r15	15	c100	sample	2	2-SRR5935764	weight	11689489
20261008-155257-b74c0f2-6d43-n16-r15	15	c100	sample	2	2-SRR5935826	mode	parallel
20261008-155257-b74c0f2-6d43-n16-r15	15	c100	sample	2	2-SRR5935826	s3client	sdk
20261008-155257-b74c0f2-6d43-n16-r15	15	c100	sample	2	2-SRR5935826	rank	15
20261008-155257-b74c0f2-6d43-n16-r15	15	c100	sample	2	2-SRR5935826	role	home
20261008-155257-b74c0f2-6d43-n16-r15	15	c100	sample	2	2-SRR5935826	inflight	1
20261008-155257-b74c0f2-6d43-n16-r15	15	c100	sample	2	2-SRR5935826	threads	16
20261008-155257-b74c0f2-6d43-n16-r15	15	c100	sample	2	2-SRR5935826	start_s	137.963893
20261008-155257-b74c0f2-6d43-n16-r15	15	c100	sample	2	2-SRR5935826	wall_s	4.434770
20261008-155257-b74c0f2-6d43-n16-r15	15	c100	sample	2	2-SRR5935826	setup_s	0.000050
20261008-155257-b74c0f2-6d43-n16-r15	15	c100	sample	2	2-SRR5935826	classify_s	4.050391
20261008-155257-b74c0f2-6d43-n16-r15	15	c100	sample	2	2-SRR5935826	close_s	0.264502
20261008-155257-b74c0f2-6d43-n16-r15	15	c100	sample	2	2-SRR5935826	report_s	0.116251
20261008-155257-b74c0f2-6d43-n16-r15	15	c100	sample	2	2-SRR5935826	status	0
20261008-155257-b74c0f2-6d43-n16-r15	15	c100	sample	2	2-SRR5935826	sequences	8766123
20261008-155257-b74c0f2-6d43-n16-r15	15	c100	sample	2	2-SRR5935826	bases	1609927653
20261008-155257-b74c0f2-6d43-n16-r15	15	c100	sample	2	2-SRR5935826	classified	8639469
20261008-155257-b74c0f2-6d43-n16-r15	15	c100	sample	2	2-SRR5935826	place	lpt
20261008-155257-b74c0f2-6d43-n16-r15	15	c100	sample	2	2-SRR5935826	weight	8766123
20261008-155257-b74c0f2-6d43-n16-r15	15	c100	sample	2	2-SRR5935832	mode	parallel
20261008-155257-b74c0f2-6d43-n16-r15	15	c100	sample	2	2-SRR5935832	s3client	sdk
20261008-155257-b74c0f2-6d43-n16-r15	15	c100	sample	2	2-SRR5935832	rank	15
20261008-155257-b74c0f2-6d43-n16-r15	15	c100	sample	2	2-SRR5935832	role	home
20261008-155257-b74c0f2-6d43-n16-r15	15	c100	sample	2	2-SRR5935832	inflight	1
20261008-155257-b74c0f2-6d43-n16-r15	15	c100	sample	2	2-SRR5935832	threads	16
20261008-155257-b74c0f2-6d43-n16-r15	15	c100	sample	2	2-SRR5935832	start_s	142.398675
20261008-155257-b74c0f2-6d43-n16-r15	15	c100	sample	2	2-SRR5935832	wall_s	3.521397
20261008-155257-b74c0f2-6d43-n16-r15	15	c100	sample	2	2-SRR5935832	setup_s	0.000039
20261008-155257-b74c0f2-6d43-n16-r15	15	c100	sample	2	2-SRR5935832	classify_s	3.141119
20261008-155257-b74c0f2-6d43-n16-r15	15	c100	sample	2	2-SRR5935832	close_s	0.262202
20261008-155257-b74c0f2-6d43-n16-r15	15	c100	sample	2	2-SRR5935832	report_s	0.113026
20261008-155257-b74c0f2-6d43-n16-r15	15	c100	sample	2	2-SRR5935832	status	0
20261008-155257-b74c0f2-6d43-n16-r15	15	c100	sample	2	2-SRR5935832	sequences	6882441
20261008-155257-b74c0f2-6d43-n16-r15	15	c100	sample	2	2-SRR5935832	bases	1244786679
20261008-155257-b74c0f2-6d43-n16-r15	15	c100	sample	2	2-SRR5935832	classified	6619730
20261008-155257-b74c0f2-6d43-n16-r15	15	c100	sample	2	2-SRR5935832	place	lpt
20261008-155257-b74c0f2-6d43-n16-r15	15	c100	sample	2	2-SRR5935832	weight	6882441
20261008-155257-b74c0f2-6d43-n16-r15	15	c100	phase			batch-barrier-2	0.482546
20261008-155257-b74c0f2-6d43-n16-r15	15	c100	phase			batch-barrier-2.start_s	145.920082
20261008-155257-b74c0f2-6d43-n16-r15	15	c100	engine.mem			t_s	150.0
20261008-155257-b74c0f2-6d43-n16-r15	15	c100	engine.mem			rss_kib	75434772
20261008-155257-b74c0f2-6d43-n16-r15	15	c100	engine.mem			hwm_kib	79716380
20261008-155257-b74c0f2-6d43-n16-r15	15	c100	engine.mem			heap_inuse	2231820288
20261008-155257-b74c0f2-6d43-n16-r15	15	c100	engine.mem			sys	7427170664
20261008-155257-b74c0f2-6d43-n16-r15	15	c100	engine.mem			avail_kib	18337984
20261008-155257-b74c0f2-6d43-n16-r15	15	c100	phase			barrier	0.831821
20261008-155257-b74c0f2-6d43-n16-r15	15	c100	phase			barrier.start_s	152.077440
20261008-155257-b74c0f2-6d43-n16-r15	15	c100	sample	3	3-SRR5935740	mode	striped
20261008-155257-b74c0f2-6d43-n16-r15	15	c100	sample	3	3-SRR5935740	s3client	sdk
20261008-155257-b74c0f2-6d43-n16-r15	15	c100	sample	3	3-SRR5935740	rank	15
20261008-155257-b74c0f2-6d43-n16-r15	15	c100	sample	3	3-SRR5935740	role	peer
20261008-155257-b74c0f2-6d43-n16-r15	15	c100	sample	3	3-SRR5935740	inflight	1
20261008-155257-b74c0f2-6d43-n16-r15	15	c100	sample	3	3-SRR5935740	threads	16
20261008-155257-b74c0f2-6d43-n16-r15	15	c100	sample	3	3-SRR5935740	start_s	147.382943
20261008-155257-b74c0f2-6d43-n16-r15	15	c100	sample	3	3-SRR5935740	wall_s	5.526354
20261008-155257-b74c0f2-6d43-n16-r15	15	c100	sample	3	3-SRR5935740	setup_s	0.000032
20261008-155257-b74c0f2-6d43-n16-r15	15	c100	sample	3	3-SRR5935740	classify_s	4.691470
20261008-155257-b74c0f2-6d43-n16-r15	15	c100	sample	3	3-SRR5935740	close_s	0.000000
20261008-155257-b74c0f2-6d43-n16-r15	15	c100	sample	3	3-SRR5935740	report_s	0.000000
20261008-155257-b74c0f2-6d43-n16-r15	15	c100	sample	3	3-SRR5935740	status	0
20261008-155257-b74c0f2-6d43-n16-r15	15	c100	sample	3	3-SRR5935740	sequences	0
20261008-155257-b74c0f2-6d43-n16-r15	15	c100	sample	3	3-SRR5935740	bases	0
20261008-155257-b74c0f2-6d43-n16-r15	15	c100	sample	3	3-SRR5935740	classified	0
20261008-155257-b74c0f2-6d43-n16-r15	15	c100	sample	3	3-SRR5935740	place	-
20261008-155257-b74c0f2-6d43-n16-r15	15	c100	sample	3	3-SRR5935740	weight	-
20261008-155257-b74c0f2-6d43-n16-r15	15	c100	phase			batch-barrier-3	0.631490
20261008-155257-b74c0f2-6d43-n16-r15	15	c100	phase			batch-barrier-3.start_s	152.909306
20261008-155257-b74c0f2-6d43-n16-r15	15	c100	phase			barrier	0.126597
20261008-155257-b74c0f2-6d43-n16-r15	15	c100	phase			barrier.start_s	158.970153
20261008-155257-b74c0f2-6d43-n16-r15	15	c100	sample	4	4-SRR5935740	mode	striped
20261008-155257-b74c0f2-6d43-n16-r15	15	c100	sample	4	4-SRR5935740	s3client	sdk
20261008-155257-b74c0f2-6d43-n16-r15	15	c100	sample	4	4-SRR5935740	rank	15
20261008-155257-b74c0f2-6d43-n16-r15	15	c100	sample	4	4-SRR5935740	role	peer
20261008-155257-b74c0f2-6d43-n16-r15	15	c100	sample	4	4-SRR5935740	inflight	1
20261008-155257-b74c0f2-6d43-n16-r15	15	c100	sample	4	4-SRR5935740	threads	16
20261008-155257-b74c0f2-6d43-n16-r15	15	c100	sample	4	4-SRR5935740	start_s	154.272360
20261008-155257-b74c0f2-6d43-n16-r15	15	c100	sample	4	4-SRR5935740	wall_s	4.824422
20261008-155257-b74c0f2-6d43-n16-r15	15	c100	sample	4	4-SRR5935740	setup_s	0.000031
20261008-155257-b74c0f2-6d43-n16-r15	15	c100	sample	4	4-SRR5935740	classify_s	4.694718
20261008-155257-b74c0f2-6d43-n16-r15	15	c100	sample	4	4-SRR5935740	close_s	0.000000
20261008-155257-b74c0f2-6d43-n16-r15	15	c100	sample	4	4-SRR5935740	report_s	0.000000
20261008-155257-b74c0f2-6d43-n16-r15	15	c100	sample	4	4-SRR5935740	status	0
20261008-155257-b74c0f2-6d43-n16-r15	15	c100	sample	4	4-SRR5935740	sequences	0
20261008-155257-b74c0f2-6d43-n16-r15	15	c100	sample	4	4-SRR5935740	bases	0
20261008-155257-b74c0f2-6d43-n16-r15	15	c100	sample	4	4-SRR5935740	classified	0
20261008-155257-b74c0f2-6d43-n16-r15	15	c100	sample	4	4-SRR5935740	place	-
20261008-155257-b74c0f2-6d43-n16-r15	15	c100	sample	4	4-SRR5935740	weight	-
20261008-155257-b74c0f2-6d43-n16-r15	15	c100	phase			batch-barrier-4	0.521280
20261008-155257-b74c0f2-6d43-n16-r15	15	c100	phase			batch-barrier-4.start_s	159.096789
20261008-155257-b74c0f2-6d43-n16-r15	15	c100	engine.mem			t_s	165.0
20261008-155257-b74c0f2-6d43-n16-r15	15	c100	engine.mem			rss_kib	76611668
20261008-155257-b74c0f2-6d43-n16-r15	15	c100	engine.mem			hwm_kib	79716380
20261008-155257-b74c0f2-6d43-n16-r15	15	c100	engine.mem			heap_inuse	2531975168
20261008-155257-b74c0f2-6d43-n16-r15	15	c100	engine.mem			sys	7427170664
20261008-155257-b74c0f2-6d43-n16-r15	15	c100	engine.mem			avail_kib	18163876
20261008-155257-b74c0f2-6d43-n16-r15	15	c100	phase			barrier	0.055280
20261008-155257-b74c0f2-6d43-n16-r15	15	c100	phase			barrier.start_s	165.073249
20261008-155257-b74c0f2-6d43-n16-r15	15	c100	sample	5	5-SRR5935740	mode	striped
20261008-155257-b74c0f2-6d43-n16-r15	15	c100	sample	5	5-SRR5935740	s3client	sdk
20261008-155257-b74c0f2-6d43-n16-r15	15	c100	sample	5	5-SRR5935740	rank	15
20261008-155257-b74c0f2-6d43-n16-r15	15	c100	sample	5	5-SRR5935740	role	peer
20261008-155257-b74c0f2-6d43-n16-r15	15	c100	sample	5	5-SRR5935740	inflight	1
20261008-155257-b74c0f2-6d43-n16-r15	15	c100	sample	5	5-SRR5935740	threads	16
20261008-155257-b74c0f2-6d43-n16-r15	15	c100	sample	5	5-SRR5935740	start_s	160.371644
20261008-155257-b74c0f2-6d43-n16-r15	15	c100	sample	5	5-SRR5935740	wall_s	4.756914
20261008-155257-b74c0f2-6d43-n16-r15	15	c100	sample	5	5-SRR5935740	setup_s	0.000031
20261008-155257-b74c0f2-6d43-n16-r15	15	c100	sample	5	5-SRR5935740	classify_s	4.698555
20261008-155257-b74c0f2-6d43-n16-r15	15	c100	sample	5	5-SRR5935740	close_s	0.000000
20261008-155257-b74c0f2-6d43-n16-r15	15	c100	sample	5	5-SRR5935740	report_s	0.000000
20261008-155257-b74c0f2-6d43-n16-r15	15	c100	sample	5	5-SRR5935740	status	0
20261008-155257-b74c0f2-6d43-n16-r15	15	c100	sample	5	5-SRR5935740	sequences	0
20261008-155257-b74c0f2-6d43-n16-r15	15	c100	sample	5	5-SRR5935740	bases	0
20261008-155257-b74c0f2-6d43-n16-r15	15	c100	sample	5	5-SRR5935740	classified	0
20261008-155257-b74c0f2-6d43-n16-r15	15	c100	sample	5	5-SRR5935740	place	-
20261008-155257-b74c0f2-6d43-n16-r15	15	c100	sample	5	5-SRR5935740	weight	-
20261008-155257-b74c0f2-6d43-n16-r15	15	c100	phase			batch-barrier-5	0.491191
20261008-155257-b74c0f2-6d43-n16-r15	15	c100	phase			batch-barrier-5.start_s	165.128564
20261008-155257-b74c0f2-6d43-n16-r15	15	c100	phase			batch-barrier-6	6.117608
20261008-155257-b74c0f2-6d43-n16-r15	15	c100	phase			batch-barrier-6.start_s	165.619767
20261008-155257-b74c0f2-6d43-n16-r15	15	c100	phase			batch-barrier-7	5.056394
20261008-155257-b74c0f2-6d43-n16-r15	15	c100	phase			batch-barrier-7.start_s	171.737390
20261008-155257-b74c0f2-6d43-n16-r15	15	c100	engine.mem			t_s	180.0
20261008-155257-b74c0f2-6d43-n16-r15	15	c100	engine.mem			rss_kib	76611780
20261008-155257-b74c0f2-6d43-n16-r15	15	c100	engine.mem			hwm_kib	79716380
20261008-155257-b74c0f2-6d43-n16-r15	15	c100	engine.mem			heap_inuse	2560450560
20261008-155257-b74c0f2-6d43-n16-r15	15	c100	engine.mem			sys	7427170664
20261008-155257-b74c0f2-6d43-n16-r15	15	c100	engine.mem			avail_kib	18474128
20261008-155257-b74c0f2-6d43-n16-r15	15	c100	phase			batch-barrier-8	6.110771
20261008-155257-b74c0f2-6d43-n16-r15	15	c100	phase			batch-barrier-8.start_s	176.793802
20261008-155257-b74c0f2-6d43-n16-r15	15	c100	engine.shard			index	0
20261008-155257-b74c0f2-6d43-n16-r15	15	c100	engine.shard			n	16
20261008-155257-b74c0f2-6d43-n16-r15	15	c100	engine.shard			lo	278693360570
20261008-155257-b74c0f2-6d43-n16-r15	15	c100	engine.shard			hi	297272917942
20261008-155257-b74c0f2-6d43-n16-r15	15	c100	engine.shard			tail	302
20261008-155257-b74c0f2-6d43-n16-r15	15	c100	engine.shard			full	false
20261008-155257-b74c0f2-6d43-n16-r15	15	c100	engine.shard			empty_at	18579557371
20261008-155257-b74c0f2-6d43-n16-r15	15	c100	engine.shard			keys	8468698137
20261008-155257-b74c0f2-6d43-n16-r15	15	c100	engine.shard			batches	89910
20261008-155257-b74c0f2-6d43-n16-r15	15	c100	engine.shard			probe_s	161.794423
20261008-155257-b74c0f2-6d43-n16-r15	15	c100	engine.shard			tail_probes	0
20261008-155257-b74c0f2-6d43-n16-r15	15	c100	engine.shard			wrap_probes	0
20261008-155257-b74c0f2-6d43-n16-r15	15	c100	engine.mem			t_s	182.9
20261008-155257-b74c0f2-6d43-n16-r15	15	c100	engine.mem			rss_kib	76611780
20261008-155257-b74c0f2-6d43-n16-r15	15	c100	engine.mem			hwm_kib	79716380
20261008-155257-b74c0f2-6d43-n16-r15	15	c100	engine.mem			heap_inuse	2560557056
20261008-155257-b74c0f2-6d43-n16-r15	15	c100	engine.mem			sys	7427170664
20261008-155257-b74c0f2-6d43-n16-r15	15	c100	engine.mem			avail_kib	18524004
20261008-155257-b74c0f2-6d43-n16-r15	15	c100	engine.rendezvous			puts	13
20261008-155257-b74c0f2-6d43-n16-r15	15	c100	engine.rendezvous			gets	394
20261008-155257-b74c0f2-6d43-n16-r15	15	c100	engine.s3			client	sdk
20261008-155257-b74c0f2-6d43-n16-r15	15	c100	engine.s3			put	31
20261008-155257-b74c0f2-6d43-n16-r15	15	c100	engine.s3			get	394
20261008-155257-b74c0f2-6d43-n16-r15	15	c100	engine.s3			create_multipart	18
20261008-155257-b74c0f2-6d43-n16-r15	15	c100	engine.s3			upload_part	2132
20261008-155257-b74c0f2-6d43-n16-r15	15	c100	engine.s3			complete_multipart	18
20261008-155257-b74c0f2-6d43-n16-r15	15	c100	engine.s3			abort_multipart	0
20261008-155257-b74c0f2-6d43-n16-r15	15	c100	engine.s3			part_bytes	17819487418
20261008-155257-b74c0f2-6d43-n16-r15	15	c100	engine.s3			client	cli
20261008-155257-b74c0f2-6d43-n16-r15	15	c100	engine.s3			put	0
20261008-155257-b74c0f2-6d43-n16-r15	15	c100	engine.s3			get	0
20261008-155257-b74c0f2-6d43-n16-r15	15	c100	engine.s3			create_multipart	0
20261008-155257-b74c0f2-6d43-n16-r15	15	c100	engine.s3			upload_part	0
20261008-155257-b74c0f2-6d43-n16-r15	15	c100	engine.s3			complete_multipart	0
20261008-155257-b74c0f2-6d43-n16-r15	15	c100	engine.s3			abort_multipart	0
20261008-155257-b74c0f2-6d43-n16-r15	15	c100	engine.s3			part_bytes	0
20261008-155257-b74c0f2-6d43-n16-r15	15	c100	engine.load			seconds	24.643340
20261008-155257-b74c0f2-6d43-n16-r15	15	c100	engine.load			requests	1127
20261008-155257-b74c0f2-6d43-n16-r15	15	c100	engine.load			retries	0
20261008-155257-b74c0f2-6d43-n16-r15	15	c100	engine.load			bytes	74318296296
20261008-155257-b74c0f2-6d43-n16-r15	15	c100	engine.route			transport	nodes
20261008-155257-b74c0f2-6d43-n16-r15	15	c100	engine.route			calls	5450
20261008-155257-b74c0f2-6d43-n16-r15	15	c100	engine.route			keys	8208455580
20261008-155257-b74c0f2-6d43-n16-r15	15	c100	engine.route			batches	87200
20261008-155257-b74c0f2-6d43-n16-r15	15	c100	engine.route			route_s	55.056793
20261008-155257-b74c0f2-6d43-n16-r15	15	c100	engine.route			wait_s	42.375934
20261008-155257-b74c0f2-6d43-n16-r15	15	c100	engine.route			gather_s	11.946582
20261008-155257-b74c0f2-6d43-n16-r15	15	c100	engine.worker			scan_s	414.721460
20261008-155257-b74c0f2-6d43-n16-r15	15	c100	engine.worker			lookup_s	109.380943
20261008-155257-b74c0f2-6d43-n16-r15	15	c100	engine.worker			classify_s	351.916730
20261008-155257-b74c0f2-6d43-n16-r15	15	c100	phase			total	183.010899
20261008-155257-b74c0f2-6d43-n16-r15	15	c100	phase			total.start_s	0.000001
