0	2	parallel:lpt	sdk	0-SRR5935740	weight=10532910	--threads	16	--output	s3://aws-kraken2-942542972736-us-west-2/aws-kraken2/g3/20261008-044702-3c2153c-55a5-n16/out/c100/0-SRR5935740/output	--report	s3://aws-kraken2-942542972736-us-west-2/aws-kraken2/g3/20261008-044702-3c2153c-55a5-n16/out/c100/0-SRR5935740/report	/home/ec2-user/ak2/cohort/SRR5935740_1.fastq.gz	/home/ec2-user/ak2/cohort/SRR5935740_2.fastq.gz
0	2	parallel:lpt	sdk	0-SRR5935741	weight=16518263	--threads	16	--output	s3://aws-kraken2-942542972736-us-west-2/aws-kraken2/g3/20261008-044702-3c2153c-55a5-n16/out/c100/0-SRR5935741/output	--report	s3://aws-kraken2-942542972736-us-west-2/aws-kraken2/g3/20261008-044702-3c2153c-55a5-n16/out/c100/0-SRR5935741/report	/home/ec2-user/ak2/cohort/SRR5935741_1.fastq.gz	/home/ec2-user/ak2/cohort/SRR5935741_2.fastq.gz
0	2	parallel:lpt	sdk	0-SRR5935742	weight=12325847	--threads	16	--output	s3://aws-kraken2-942542972736-us-west-2/aws-kraken2/g3/20261008-044702-3c2153c-55a5-n16/out/c100/0-SRR5935742/output	--report	s3://aws-kraken2-942542972736-us-west-2/aws-kraken2/g3/20261008-044702-3c2153c-55a5-n16/out/c100/0-SRR5935742/report	/home/ec2-user/ak2/cohort/SRR5935742_1.fastq.gz	/home/ec2-user/ak2/cohort/SRR5935742_2.fastq.gz
0	2	parallel:lpt	sdk	0-SRR5935743	weight=201473	--threads	16	--output	s3://aws-kraken2-942542972736-us-west-2/aws-kraken2/g3/20261008-044702-3c2153c-55a5-n16/out/c100/0-SRR5935743/output	--report	s3://aws-kraken2-942542972736-us-west-2/aws-kraken2/g3/20261008-044702-3c2153c-55a5-n16/out/c100/0-SRR5935743/report	/home/ec2-user/ak2/cohort/SRR5935743_1.fastq.gz	/home/ec2-user/ak2/cohort/SRR5935743_2.fastq.gz
0	2	parallel:lpt	sdk	0-SRR5935744	weight=15328347	--threads	16	--output	s3://aws-kraken2-942542972736-us-west-2/aws-kraken2/g3/20261008-044702-3c2153c-55a5-n16/out/c100/0-SRR5935744/output	--report	s3://aws-kraken2-942542972736-us-west-2/aws-kraken2/g3/20261008-044702-3c2153c-55a5-n16/out/c100/0-SRR5935744/report	/home/ec2-user/ak2/cohort/SRR5935744_1.fastq.gz	/home/ec2-user/ak2/cohort/SRR5935744_2.fastq.gz
0	2	parallel:lpt	sdk	0-SRR5935745	weight=10492437	--threads	16	--output	s3://aws-kraken2-942542972736-us-west-2/aws-kraken2/g3/20261008-044702-3c2153c-55a5-n16/out/c100/0-SRR5935745/output	--report	s3://aws-kraken2-942542972736-us-west-2/aws-kraken2/g3/20261008-044702-3c2153c-55a5-n16/out/c100/0-SRR5935745/report	/home/ec2-user/ak2/cohort/SRR5935745_1.fastq.gz	/home/ec2-user/ak2/cohort/SRR5935745_2.fastq.gz
0	2	parallel:lpt	sdk	0-SRR5935746	weight=11012615	--threads	16	--output	s3://aws-kraken2-942542972736-us-west-2/aws-kraken2/g3/20261008-044702-3c2153c-55a5-n16/out/c100/0-SRR5935746/output	--report	s3://aws-kraken2-942542972736-us-west-2/aws-kraken2/g3/20261008-044702-3c2153c-55a5-n16/out/c100/0-SRR5935746/report	/home/ec2-user/ak2/cohort/SRR5935746_1.fastq.gz	/home/ec2-user/ak2/cohort/SRR5935746_2.fastq.gz
0	2	parallel:lpt	sdk	0-SRR5935747	weight=3036382	--threads	16	--output	s3://aws-kraken2-942542972736-us-west-2/aws-kraken2/g3/20261008-044702-3c2153c-55a5-n16/out/c100/0-SRR5935747/output	--report	s3://aws-kraken2-942542972736-us-west-2/aws-kraken2/g3/20261008-044702-3c2153c-55a5-n16/out/c100/0-SRR5935747/report	/home/ec2-user/ak2/cohort/SRR5935747_1.fastq.gz	/home/ec2-user/ak2/cohort/SRR5935747_2.fastq.gz
0	2	parallel:lpt	sdk	0-SRR5935748	weight=11859598	--threads	16	--output	s3://aws-kraken2-942542972736-us-west-2/aws-kraken2/g3/20261008-044702-3c2153c-55a5-n16/out/c100/0-SRR5935748/output	--report	s3://aws-kraken2-942542972736-us-west-2/aws-kraken2/g3/20261008-044702-3c2153c-55a5-n16/out/c100/0-SRR5935748/report	/home/ec2-user/ak2/cohort/SRR5935748_1.fastq.gz	/home/ec2-user/ak2/cohort/SRR5935748_2.fastq.gz
0	2	parallel:lpt	sdk	0-SRR5935749	weight=18879904	--threads	16	--output	s3://aws-kraken2-942542972736-us-west-2/aws-kraken2/g3/20261008-044702-3c2153c-55a5-n16/out/c100/0-SRR5935749/output	--report	s3://aws-kraken2-942542972736-us-west-2/aws-kraken2/g3/20261008-044702-3c2153c-55a5-n16/out/c100/0-SRR5935749/report	/home/ec2-user/ak2/cohort/SRR5935749_1.fastq.gz	/home/ec2-user/ak2/cohort/SRR5935749_2.fastq.gz
0	2	parallel:lpt	sdk	0-SRR5935750	weight=6552107	--threads	16	--output	s3://aws-kraken2-942542972736-us-west-2/aws-kraken2/g3/20261008-044702-3c2153c-55a5-n16/out/c100/0-SRR5935750/output	--report	s3://aws-kraken2-942542972736-us-west-2/aws-kraken2/g3/20261008-044702-3c2153c-55a5-n16/out/c100/0-SRR5935750/report	/home/ec2-user/ak2/cohort/SRR5935750_1.fastq.gz	/home/ec2-user/ak2/cohort/SRR5935750_2.fastq.gz
0	2	parallel:lpt	sdk	0-SRR5935751	weight=18645445	--threads	16	--output	s3://aws-kraken2-942542972736-us-west-2/aws-kraken2/g3/20261008-044702-3c2153c-55a5-n16/out/c100/0-SRR5935751/output	--report	s3://aws-kraken2-942542972736-us-west-2/aws-kraken2/g3/20261008-044702-3c2153c-55a5-n16/out/c100/0-SRR5935751/report	/home/ec2-user/ak2/cohort/SRR5935751_1.fastq.gz	/home/ec2-user/ak2/cohort/SRR5935751_2.fastq.gz
0	2	parallel:lpt	sdk	0-SRR5935752	weight=14298074	--threads	16	--output	s3://aws-kraken2-942542972736-us-west-2/aws-kraken2/g3/20261008-044702-3c2153c-55a5-n16/out/c100/0-SRR5935752/output	--report	s3://aws-kraken2-942542972736-us-west-2/aws-kraken2/g3/20261008-044702-3c2153c-55a5-n16/out/c100/0-SRR5935752/report	/home/ec2-user/ak2/cohort/SRR5935752_1.fastq.gz	/home/ec2-user/ak2/cohort/SRR5935752_2.fastq.gz
0	2	parallel:lpt	sdk	0-SRR5935753	weight=14164085	--threads	16	--output	s3://aws-kraken2-942542972736-us-west-2/aws-kraken2/g3/20261008-044702-3c2153c-55a5-n16/out/c100/0-SRR5935753/output	--report	s3://aws-kraken2-942542972736-us-west-2/aws-kraken2/g3/20261008-044702-3c2153c-55a5-n16/out/c100/0-SRR5935753/report	/home/ec2-user/ak2/cohort/SRR5935753_1.fastq.gz	/home/ec2-user/ak2/cohort/SRR5935753_2.fastq.gz
0	2	parallel:lpt	sdk	0-SRR5935754	weight=10479816	--threads	16	--output	s3://aws-kraken2-942542972736-us-west-2/aws-kraken2/g3/20261008-044702-3c2153c-55a5-n16/out/c100/0-SRR5935754/output	--report	s3://aws-kraken2-942542972736-us-west-2/aws-kraken2/g3/20261008-044702-3c2153c-55a5-n16/out/c100/0-SRR5935754/report	/home/ec2-user/ak2/cohort/SRR5935754_1.fastq.gz	/home/ec2-user/ak2/cohort/SRR5935754_2.fastq.gz
0	2	parallel:lpt	sdk	0-SRR5935755	weight=6071697	--threads	16	--output	s3://aws-kraken2-942542972736-us-west-2/aws-kraken2/g3/20261008-044702-3c2153c-55a5-n16/out/c100/0-SRR5935755/output	--report	s3://aws-kraken2-942542972736-us-west-2/aws-kraken2/g3/20261008-044702-3c2153c-55a5-n16/out/c100/0-SRR5935755/report	/home/ec2-user/ak2/cohort/SRR5935755_1.fastq.gz	/home/ec2-user/ak2/cohort/SRR5935755_2.fastq.gz
0	2	parallel:lpt	sdk	0-SRR5935756	weight=16053448	--threads	16	--output	s3://aws-kraken2-942542972736-us-west-2/aws-kraken2/g3/20261008-044702-3c2153c-55a5-n16/out/c100/0-SRR5935756/output	--report	s3://aws-kraken2-942542972736-us-west-2/aws-kraken2/g3/20261008-044702-3c2153c-55a5-n16/out/c100/0-SRR5935756/report	/home/ec2-user/ak2/cohort/SRR5935756_1.fastq.gz	/home/ec2-user/ak2/cohort/SRR5935756_2.fastq.gz
0	2	parallel:lpt	sdk	0-SRR5935757	weight=16286650	--threads	16	--output	s3://aws-kraken2-942542972736-us-west-2/aws-kraken2/g3/20261008-044702-3c2153c-55a5-n16/out/c100/0-SRR5935757/output	--report	s3://aws-kraken2-942542972736-us-west-2/aws-kraken2/g3/20261008-044702-3c2153c-55a5-n16/out/c100/0-SRR5935757/report	/home/ec2-user/ak2/cohort/SRR5935757_1.fastq.gz	/home/ec2-user/ak2/cohort/SRR5935757_2.fastq.gz
0	2	parallel:lpt	sdk	0-SRR5935758	weight=8206591	--threads	16	--output	s3://aws-kraken2-942542972736-us-west-2/aws-kraken2/g3/20261008-044702-3c2153c-55a5-n16/out/c100/0-SRR5935758/output	--report	s3://aws-kraken2-942542972736-us-west-2/aws-kraken2/g3/20261008-044702-3c2153c-55a5-n16/out/c100/0-SRR5935758/report	/home/ec2-user/ak2/cohort/SRR5935758_1.fastq.gz	/home/ec2-user/ak2/cohort/SRR5935758_2.fastq.gz
0	2	parallel:lpt	sdk	0-SRR5935759	weight=15312868	--threads	16	--output	s3://aws-kraken2-942542972736-us-west-2/aws-kraken2/g3/20261008-044702-3c2153c-55a5-n16/out/c100/0-SRR5935759/output	--report	s3://aws-kraken2-942542972736-us-west-2/aws-kraken2/g3/20261008-044702-3c2153c-55a5-n16/out/c100/0-SRR5935759/report	/home/ec2-user/ak2/cohort/SRR5935759_1.fastq.gz	/home/ec2-user/ak2/cohort/SRR5935759_2.fastq.gz
0	2	parallel:lpt	sdk	0-SRR5935760	weight=10834778	--threads	16	--output	s3://aws-kraken2-942542972736-us-west-2/aws-kraken2/g3/20261008-044702-3c2153c-55a5-n16/out/c100/0-SRR5935760/output	--report	s3://aws-kraken2-942542972736-us-west-2/aws-kraken2/g3/20261008-044702-3c2153c-55a5-n16/out/c100/0-SRR5935760/report	/home/ec2-user/ak2/cohort/SRR5935760_1.fastq.gz	/home/ec2-user/ak2/cohort/SRR5935760_2.fastq.gz
0	2	parallel:lpt	sdk	0-SRR5935761	weight=14191749	--threads	16	--output	s3://aws-kraken2-942542972736-us-west-2/aws-kraken2/g3/20261008-044702-3c2153c-55a5-n16/out/c100/0-SRR5935761/output	--report	s3://aws-kraken2-942542972736-us-west-2/aws-kraken2/g3/20261008-044702-3c2153c-55a5-n16/out/c100/0-SRR5935761/report	/home/ec2-user/ak2/cohort/SRR5935761_1.fastq.gz	/home/ec2-user/ak2/cohort/SRR5935761_2.fastq.gz
0	2	parallel:lpt	sdk	0-SRR5935762	weight=18129553	--threads	16	--output	s3://aws-kraken2-942542972736-us-west-2/aws-kraken2/g3/20261008-044702-3c2153c-55a5-n16/out/c100/0-SRR5935762/output	--report	s3://aws-kraken2-942542972736-us-west-2/aws-kraken2/g3/20261008-044702-3c2153c-55a5-n16/out/c100/0-SRR5935762/report	/home/ec2-user/ak2/cohort/SRR5935762_1.fastq.gz	/home/ec2-user/ak2/cohort/SRR5935762_2.fastq.gz
0	2	parallel:lpt	sdk	0-SRR5935763	weight=5174437	--threads	16	--output	s3://aws-kraken2-942542972736-us-west-2/aws-kraken2/g3/20261008-044702-3c2153c-55a5-n16/out/c100/0-SRR5935763/output	--report	s3://aws-kraken2-942542972736-us-west-2/aws-kraken2/g3/20261008-044702-3c2153c-55a5-n16/out/c100/0-SRR5935763/report	/home/ec2-user/ak2/cohort/SRR5935763_1.fastq.gz	/home/ec2-user/ak2/cohort/SRR5935763_2.fastq.gz
0	2	parallel:lpt	sdk	0-SRR5935764	weight=11689489	--threads	16	--output	s3://aws-kraken2-942542972736-us-west-2/aws-kraken2/g3/20261008-044702-3c2153c-55a5-n16/out/c100/0-SRR5935764/output	--report	s3://aws-kraken2-942542972736-us-west-2/aws-kraken2/g3/20261008-044702-3c2153c-55a5-n16/out/c100/0-SRR5935764/report	/home/ec2-user/ak2/cohort/SRR5935764_1.fastq.gz	/home/ec2-user/ak2/cohort/SRR5935764_2.fastq.gz
0	2	parallel:lpt	sdk	0-SRR5935765	weight=10590116	--threads	16	--output	s3://aws-kraken2-942542972736-us-west-2/aws-kraken2/g3/20261008-044702-3c2153c-55a5-n16/out/c100/0-SRR5935765/output	--report	s3://aws-kraken2-942542972736-us-west-2/aws-kraken2/g3/20261008-044702-3c2153c-55a5-n16/out/c100/0-SRR5935765/report	/home/ec2-user/ak2/cohort/SRR5935765_1.fastq.gz	/home/ec2-user/ak2/cohort/SRR5935765_2.fastq.gz
0	2	parallel:lpt	sdk	0-SRR5935766	weight=14120624	--threads	16	--output	s3://aws-kraken2-942542972736-us-west-2/aws-kraken2/g3/20261008-044702-3c2153c-55a5-n16/out/c100/0-SRR5935766/output	--report	s3://aws-kraken2-942542972736-us-west-2/aws-kraken2/g3/20261008-044702-3c2153c-55a5-n16/out/c100/0-SRR5935766/report	/home/ec2-user/ak2/cohort/SRR5935766_1.fastq.gz	/home/ec2-user/ak2/cohort/SRR5935766_2.fastq.gz
0	2	parallel:lpt	sdk	0-SRR5935767	weight=5166420	--threads	16	--output	s3://aws-kraken2-942542972736-us-west-2/aws-kraken2/g3/20261008-044702-3c2153c-55a5-n16/out/c100/0-SRR5935767/output	--report	s3://aws-kraken2-942542972736-us-west-2/aws-kraken2/g3/20261008-044702-3c2153c-55a5-n16/out/c100/0-SRR5935767/report	/home/ec2-user/ak2/cohort/SRR5935767_1.fastq.gz	/home/ec2-user/ak2/cohort/SRR5935767_2.fastq.gz
0	2	parallel:lpt	sdk	0-SRR5935768	weight=15746753	--threads	16	--output	s3://aws-kraken2-942542972736-us-west-2/aws-kraken2/g3/20261008-044702-3c2153c-55a5-n16/out/c100/0-SRR5935768/output	--report	s3://aws-kraken2-942542972736-us-west-2/aws-kraken2/g3/20261008-044702-3c2153c-55a5-n16/out/c100/0-SRR5935768/report	/home/ec2-user/ak2/cohort/SRR5935768_1.fastq.gz	/home/ec2-user/ak2/cohort/SRR5935768_2.fastq.gz
0	2	parallel:lpt	sdk	0-SRR5935769	weight=11374148	--threads	16	--output	s3://aws-kraken2-942542972736-us-west-2/aws-kraken2/g3/20261008-044702-3c2153c-55a5-n16/out/c100/0-SRR5935769/output	--report	s3://aws-kraken2-942542972736-us-west-2/aws-kraken2/g3/20261008-044702-3c2153c-55a5-n16/out/c100/0-SRR5935769/report	/home/ec2-user/ak2/cohort/SRR5935769_1.fastq.gz	/home/ec2-user/ak2/cohort/SRR5935769_2.fastq.gz
0	2	parallel:lpt	sdk	0-SRR5935770	weight=16180463	--threads	16	--output	s3://aws-kraken2-942542972736-us-west-2/aws-kraken2/g3/20261008-044702-3c2153c-55a5-n16/out/c100/0-SRR5935770/output	--report	s3://aws-kraken2-942542972736-us-west-2/aws-kraken2/g3/20261008-044702-3c2153c-55a5-n16/out/c100/0-SRR5935770/report	/home/ec2-user/ak2/cohort/SRR5935770_1.fastq.gz	/home/ec2-user/ak2/cohort/SRR5935770_2.fastq.gz
0	2	parallel:lpt	sdk	0-SRR5935771	weight=9230220	--threads	16	--output	s3://aws-kraken2-942542972736-us-west-2/aws-kraken2/g3/20261008-044702-3c2153c-55a5-n16/out/c100/0-SRR5935771/output	--report	s3://aws-kraken2-942542972736-us-west-2/aws-kraken2/g3/20261008-044702-3c2153c-55a5-n16/out/c100/0-SRR5935771/report	/home/ec2-user/ak2/cohort/SRR5935771_1.fastq.gz	/home/ec2-user/ak2/cohort/SRR5935771_2.fastq.gz
0	2	parallel:lpt	sdk	0-SRR5935772	weight=15271512	--threads	16	--output	s3://aws-kraken2-942542972736-us-west-2/aws-kraken2/g3/20261008-044702-3c2153c-55a5-n16/out/c100/0-SRR5935772/output	--report	s3://aws-kraken2-942542972736-us-west-2/aws-kraken2/g3/20261008-044702-3c2153c-55a5-n16/out/c100/0-SRR5935772/report	/home/ec2-user/ak2/cohort/SRR5935772_1.fastq.gz	/home/ec2-user/ak2/cohort/SRR5935772_2.fastq.gz
0	2	parallel:lpt	sdk	0-SRR5935773	weight=20671571	--threads	16	--output	s3://aws-kraken2-942542972736-us-west-2/aws-kraken2/g3/20261008-044702-3c2153c-55a5-n16/out/c100/0-SRR5935773/output	--report	s3://aws-kraken2-942542972736-us-west-2/aws-kraken2/g3/20261008-044702-3c2153c-55a5-n16/out/c100/0-SRR5935773/report	/home/ec2-user/ak2/cohort/SRR5935773_1.fastq.gz	/home/ec2-user/ak2/cohort/SRR5935773_2.fastq.gz
0	2	parallel:lpt	sdk	0-SRR5935774	weight=12252617	--threads	16	--output	s3://aws-kraken2-942542972736-us-west-2/aws-kraken2/g3/20261008-044702-3c2153c-55a5-n16/out/c100/0-SRR5935774/output	--report	s3://aws-kraken2-942542972736-us-west-2/aws-kraken2/g3/20261008-044702-3c2153c-55a5-n16/out/c100/0-SRR5935774/report	/home/ec2-user/ak2/cohort/SRR5935774_1.fastq.gz	/home/ec2-user/ak2/cohort/SRR5935774_2.fastq.gz
0	2	parallel:lpt	sdk	0-SRR5935775	weight=13010149	--threads	16	--output	s3://aws-kraken2-942542972736-us-west-2/aws-kraken2/g3/20261008-044702-3c2153c-55a5-n16/out/c100/0-SRR5935775/output	--report	s3://aws-kraken2-942542972736-us-west-2/aws-kraken2/g3/20261008-044702-3c2153c-55a5-n16/out/c100/0-SRR5935775/report	/home/ec2-user/ak2/cohort/SRR5935775_1.fastq.gz	/home/ec2-user/ak2/cohort/SRR5935775_2.fastq.gz
0	2	parallel:lpt	sdk	0-SRR5935776	weight=3168882	--threads	16	--output	s3://aws-kraken2-942542972736-us-west-2/aws-kraken2/g3/20261008-044702-3c2153c-55a5-n16/out/c100/0-SRR5935776/output	--report	s3://aws-kraken2-942542972736-us-west-2/aws-kraken2/g3/20261008-044702-3c2153c-55a5-n16/out/c100/0-SRR5935776/report	/home/ec2-user/ak2/cohort/SRR5935776_1.fastq.gz	/home/ec2-user/ak2/cohort/SRR5935776_2.fastq.gz
0	2	parallel:lpt	sdk	0-SRR5935777	weight=8173049	--threads	16	--output	s3://aws-kraken2-942542972736-us-west-2/aws-kraken2/g3/20261008-044702-3c2153c-55a5-n16/out/c100/0-SRR5935777/output	--report	s3://aws-kraken2-942542972736-us-west-2/aws-kraken2/g3/20261008-044702-3c2153c-55a5-n16/out/c100/0-SRR5935777/report	/home/ec2-user/ak2/cohort/SRR5935777_1.fastq.gz	/home/ec2-user/ak2/cohort/SRR5935777_2.fastq.gz
0	2	parallel:lpt	sdk	0-SRR5935778	weight=10554303	--threads	16	--output	s3://aws-kraken2-942542972736-us-west-2/aws-kraken2/g3/20261008-044702-3c2153c-55a5-n16/out/c100/0-SRR5935778/output	--report	s3://aws-kraken2-942542972736-us-west-2/aws-kraken2/g3/20261008-044702-3c2153c-55a5-n16/out/c100/0-SRR5935778/report	/home/ec2-user/ak2/cohort/SRR5935778_1.fastq.gz	/home/ec2-user/ak2/cohort/SRR5935778_2.fastq.gz
0	2	parallel:lpt	sdk	0-SRR5935779	weight=5948317	--threads	16	--output	s3://aws-kraken2-942542972736-us-west-2/aws-kraken2/g3/20261008-044702-3c2153c-55a5-n16/out/c100/0-SRR5935779/output	--report	s3://aws-kraken2-942542972736-us-west-2/aws-kraken2/g3/20261008-044702-3c2153c-55a5-n16/out/c100/0-SRR5935779/report	/home/ec2-user/ak2/cohort/SRR5935779_1.fastq.gz	/home/ec2-user/ak2/cohort/SRR5935779_2.fastq.gz
0	2	parallel:lpt	sdk	0-SRR5935780	weight=10716528	--threads	16	--output	s3://aws-kraken2-942542972736-us-west-2/aws-kraken2/g3/20261008-044702-3c2153c-55a5-n16/out/c100/0-SRR5935780/output	--report	s3://aws-kraken2-942542972736-us-west-2/aws-kraken2/g3/20261008-044702-3c2153c-55a5-n16/out/c100/0-SRR5935780/report	/home/ec2-user/ak2/cohort/SRR5935780_1.fastq.gz	/home/ec2-user/ak2/cohort/SRR5935780_2.fastq.gz
0	2	parallel:lpt	sdk	0-SRR5935781	weight=8486948	--threads	16	--output	s3://aws-kraken2-942542972736-us-west-2/aws-kraken2/g3/20261008-044702-3c2153c-55a5-n16/out/c100/0-SRR5935781/output	--report	s3://aws-kraken2-942542972736-us-west-2/aws-kraken2/g3/20261008-044702-3c2153c-55a5-n16/out/c100/0-SRR5935781/report	/home/ec2-user/ak2/cohort/SRR5935781_1.fastq.gz	/home/ec2-user/ak2/cohort/SRR5935781_2.fastq.gz
0	2	parallel:lpt	sdk	0-SRR5935782	weight=10128070	--threads	16	--output	s3://aws-kraken2-942542972736-us-west-2/aws-kraken2/g3/20261008-044702-3c2153c-55a5-n16/out/c100/0-SRR5935782/output	--report	s3://aws-kraken2-942542972736-us-west-2/aws-kraken2/g3/20261008-044702-3c2153c-55a5-n16/out/c100/0-SRR5935782/report	/home/ec2-user/ak2/cohort/SRR5935782_1.fastq.gz	/home/ec2-user/ak2/cohort/SRR5935782_2.fastq.gz
0	2	parallel:lpt	sdk	0-SRR5935783	weight=2565282	--threads	16	--output	s3://aws-kraken2-942542972736-us-west-2/aws-kraken2/g3/20261008-044702-3c2153c-55a5-n16/out/c100/0-SRR5935783/output	--report	s3://aws-kraken2-942542972736-us-west-2/aws-kraken2/g3/20261008-044702-3c2153c-55a5-n16/out/c100/0-SRR5935783/report	/home/ec2-user/ak2/cohort/SRR5935783_1.fastq.gz	/home/ec2-user/ak2/cohort/SRR5935783_2.fastq.gz
0	2	parallel:lpt	sdk	0-SRR5935784	weight=14800056	--threads	16	--output	s3://aws-kraken2-942542972736-us-west-2/aws-kraken2/g3/20261008-044702-3c2153c-55a5-n16/out/c100/0-SRR5935784/output	--report	s3://aws-kraken2-942542972736-us-west-2/aws-kraken2/g3/20261008-044702-3c2153c-55a5-n16/out/c100/0-SRR5935784/report	/home/ec2-user/ak2/cohort/SRR5935784_1.fastq.gz	/home/ec2-user/ak2/cohort/SRR5935784_2.fastq.gz
0	2	parallel:lpt	sdk	0-SRR5935785	weight=13817496	--threads	16	--output	s3://aws-kraken2-942542972736-us-west-2/aws-kraken2/g3/20261008-044702-3c2153c-55a5-n16/out/c100/0-SRR5935785/output	--report	s3://aws-kraken2-942542972736-us-west-2/aws-kraken2/g3/20261008-044702-3c2153c-55a5-n16/out/c100/0-SRR5935785/report	/home/ec2-user/ak2/cohort/SRR5935785_1.fastq.gz	/home/ec2-user/ak2/cohort/SRR5935785_2.fastq.gz
0	2	parallel:lpt	sdk	0-SRR5935786	weight=10054299	--threads	16	--output	s3://aws-kraken2-942542972736-us-west-2/aws-kraken2/g3/20261008-044702-3c2153c-55a5-n16/out/c100/0-SRR5935786/output	--report	s3://aws-kraken2-942542972736-us-west-2/aws-kraken2/g3/20261008-044702-3c2153c-55a5-n16/out/c100/0-SRR5935786/report	/home/ec2-user/ak2/cohort/SRR5935786_1.fastq.gz	/home/ec2-user/ak2/cohort/SRR5935786_2.fastq.gz
0	2	parallel:lpt	sdk	0-SRR5935787	weight=16351397	--threads	16	--output	s3://aws-kraken2-942542972736-us-west-2/aws-kraken2/g3/20261008-044702-3c2153c-55a5-n16/out/c100/0-SRR5935787/output	--report	s3://aws-kraken2-942542972736-us-west-2/aws-kraken2/g3/20261008-044702-3c2153c-55a5-n16/out/c100/0-SRR5935787/report	/home/ec2-user/ak2/cohort/SRR5935787_1.fastq.gz	/home/ec2-user/ak2/cohort/SRR5935787_2.fastq.gz
0	2	parallel:lpt	sdk	0-SRR5935788	weight=11073410	--threads	16	--output	s3://aws-kraken2-942542972736-us-west-2/aws-kraken2/g3/20261008-044702-3c2153c-55a5-n16/out/c100/0-SRR5935788/output	--report	s3://aws-kraken2-942542972736-us-west-2/aws-kraken2/g3/20261008-044702-3c2153c-55a5-n16/out/c100/0-SRR5935788/report	/home/ec2-user/ak2/cohort/SRR5935788_1.fastq.gz	/home/ec2-user/ak2/cohort/SRR5935788_2.fastq.gz
0	2	parallel:lpt	sdk	0-SRR5935789	weight=1513694	--threads	16	--output	s3://aws-kraken2-942542972736-us-west-2/aws-kraken2/g3/20261008-044702-3c2153c-55a5-n16/out/c100/0-SRR5935789/output	--report	s3://aws-kraken2-942542972736-us-west-2/aws-kraken2/g3/20261008-044702-3c2153c-55a5-n16/out/c100/0-SRR5935789/report	/home/ec2-user/ak2/cohort/SRR5935789_1.fastq.gz	/home/ec2-user/ak2/cohort/SRR5935789_2.fastq.gz
0	2	parallel:lpt	sdk	0-SRR5935790	weight=9202475	--threads	16	--output	s3://aws-kraken2-942542972736-us-west-2/aws-kraken2/g3/20261008-044702-3c2153c-55a5-n16/out/c100/0-SRR5935790/output	--report	s3://aws-kraken2-942542972736-us-west-2/aws-kraken2/g3/20261008-044702-3c2153c-55a5-n16/out/c100/0-SRR5935790/report	/home/ec2-user/ak2/cohort/SRR5935790_1.fastq.gz	/home/ec2-user/ak2/cohort/SRR5935790_2.fastq.gz
0	2	parallel:lpt	sdk	0-SRR5935791	weight=10140194	--threads	16	--output	s3://aws-kraken2-942542972736-us-west-2/aws-kraken2/g3/20261008-044702-3c2153c-55a5-n16/out/c100/0-SRR5935791/output	--report	s3://aws-kraken2-942542972736-us-west-2/aws-kraken2/g3/20261008-044702-3c2153c-55a5-n16/out/c100/0-SRR5935791/report	/home/ec2-user/ak2/cohort/SRR5935791_1.fastq.gz	/home/ec2-user/ak2/cohort/SRR5935791_2.fastq.gz
0	2	parallel:lpt	sdk	0-SRR5935792	weight=11437813	--threads	16	--output	s3://aws-kraken2-942542972736-us-west-2/aws-kraken2/g3/20261008-044702-3c2153c-55a5-n16/out/c100/0-SRR5935792/output	--report	s3://aws-kraken2-942542972736-us-west-2/aws-kraken2/g3/20261008-044702-3c2153c-55a5-n16/out/c100/0-SRR5935792/report	/home/ec2-user/ak2/cohort/SRR5935792_1.fastq.gz	/home/ec2-user/ak2/cohort/SRR5935792_2.fastq.gz
0	2	parallel:lpt	sdk	0-SRR5935793	weight=1771479	--threads	16	--output	s3://aws-kraken2-942542972736-us-west-2/aws-kraken2/g3/20261008-044702-3c2153c-55a5-n16/out/c100/0-SRR5935793/output	--report	s3://aws-kraken2-942542972736-us-west-2/aws-kraken2/g3/20261008-044702-3c2153c-55a5-n16/out/c100/0-SRR5935793/report	/home/ec2-user/ak2/cohort/SRR5935793_1.fastq.gz	/home/ec2-user/ak2/cohort/SRR5935793_2.fastq.gz
0	2	parallel:lpt	sdk	0-SRR5935794	weight=13404063	--threads	16	--output	s3://aws-kraken2-942542972736-us-west-2/aws-kraken2/g3/20261008-044702-3c2153c-55a5-n16/out/c100/0-SRR5935794/output	--report	s3://aws-kraken2-942542972736-us-west-2/aws-kraken2/g3/20261008-044702-3c2153c-55a5-n16/out/c100/0-SRR5935794/report	/home/ec2-user/ak2/cohort/SRR5935794_1.fastq.gz	/home/ec2-user/ak2/cohort/SRR5935794_2.fastq.gz
0	2	parallel:lpt	sdk	0-SRR5935795	weight=11924297	--threads	16	--output	s3://aws-kraken2-942542972736-us-west-2/aws-kraken2/g3/20261008-044702-3c2153c-55a5-n16/out/c100/0-SRR5935795/output	--report	s3://aws-kraken2-942542972736-us-west-2/aws-kraken2/g3/20261008-044702-3c2153c-55a5-n16/out/c100/0-SRR5935795/report	/home/ec2-user/ak2/cohort/SRR5935795_1.fastq.gz	/home/ec2-user/ak2/cohort/SRR5935795_2.fastq.gz
0	2	parallel:lpt	sdk	0-SRR5935796	weight=14959235	--threads	16	--output	s3://aws-kraken2-942542972736-us-west-2/aws-kraken2/g3/20261008-044702-3c2153c-55a5-n16/out/c100/0-SRR5935796/output	--report	s3://aws-kraken2-942542972736-us-west-2/aws-kraken2/g3/20261008-044702-3c2153c-55a5-n16/out/c100/0-SRR5935796/report	/home/ec2-user/ak2/cohort/SRR5935796_1.fastq.gz	/home/ec2-user/ak2/cohort/SRR5935796_2.fastq.gz
0	2	parallel:lpt	sdk	0-SRR5935797	weight=8439357	--threads	16	--output	s3://aws-kraken2-942542972736-us-west-2/aws-kraken2/g3/20261008-044702-3c2153c-55a5-n16/out/c100/0-SRR5935797/output	--report	s3://aws-kraken2-942542972736-us-west-2/aws-kraken2/g3/20261008-044702-3c2153c-55a5-n16/out/c100/0-SRR5935797/report	/home/ec2-user/ak2/cohort/SRR5935797_1.fastq.gz	/home/ec2-user/ak2/cohort/SRR5935797_2.fastq.gz
0	2	parallel:lpt	sdk	0-SRR5935798	weight=20086542	--threads	16	--output	s3://aws-kraken2-942542972736-us-west-2/aws-kraken2/g3/20261008-044702-3c2153c-55a5-n16/out/c100/0-SRR5935798/output	--report	s3://aws-kraken2-942542972736-us-west-2/aws-kraken2/g3/20261008-044702-3c2153c-55a5-n16/out/c100/0-SRR5935798/report	/home/ec2-user/ak2/cohort/SRR5935798_1.fastq.gz	/home/ec2-user/ak2/cohort/SRR5935798_2.fastq.gz
0	2	parallel:lpt	sdk	0-SRR5935799	weight=9090205	--threads	16	--output	s3://aws-kraken2-942542972736-us-west-2/aws-kraken2/g3/20261008-044702-3c2153c-55a5-n16/out/c100/0-SRR5935799/output	--report	s3://aws-kraken2-942542972736-us-west-2/aws-kraken2/g3/20261008-044702-3c2153c-55a5-n16/out/c100/0-SRR5935799/report	/home/ec2-user/ak2/cohort/SRR5935799_1.fastq.gz	/home/ec2-user/ak2/cohort/SRR5935799_2.fastq.gz
0	2	parallel:lpt	sdk	0-SRR5935800	weight=15080696	--threads	16	--output	s3://aws-kraken2-942542972736-us-west-2/aws-kraken2/g3/20261008-044702-3c2153c-55a5-n16/out/c100/0-SRR5935800/output	--report	s3://aws-kraken2-942542972736-us-west-2/aws-kraken2/g3/20261008-044702-3c2153c-55a5-n16/out/c100/0-SRR5935800/report	/home/ec2-user/ak2/cohort/SRR5935800_1.fastq.gz	/home/ec2-user/ak2/cohort/SRR5935800_2.fastq.gz
0	2	parallel:lpt	sdk	0-SRR5935801	weight=13162386	--threads	16	--output	s3://aws-kraken2-942542972736-us-west-2/aws-kraken2/g3/20261008-044702-3c2153c-55a5-n16/out/c100/0-SRR5935801/output	--report	s3://aws-kraken2-942542972736-us-west-2/aws-kraken2/g3/20261008-044702-3c2153c-55a5-n16/out/c100/0-SRR5935801/report	/home/ec2-user/ak2/cohort/SRR5935801_1.fastq.gz	/home/ec2-user/ak2/cohort/SRR5935801_2.fastq.gz
0	2	parallel:lpt	sdk	0-SRR5935802	weight=16720060	--threads	16	--output	s3://aws-kraken2-942542972736-us-west-2/aws-kraken2/g3/20261008-044702-3c2153c-55a5-n16/out/c100/0-SRR5935802/output	--report	s3://aws-kraken2-942542972736-us-west-2/aws-kraken2/g3/20261008-044702-3c2153c-55a5-n16/out/c100/0-SRR5935802/report	/home/ec2-user/ak2/cohort/SRR5935802_1.fastq.gz	/home/ec2-user/ak2/cohort/SRR5935802_2.fastq.gz
0	2	parallel:lpt	sdk	0-SRR5935803	weight=18392491	--threads	16	--output	s3://aws-kraken2-942542972736-us-west-2/aws-kraken2/g3/20261008-044702-3c2153c-55a5-n16/out/c100/0-SRR5935803/output	--report	s3://aws-kraken2-942542972736-us-west-2/aws-kraken2/g3/20261008-044702-3c2153c-55a5-n16/out/c100/0-SRR5935803/report	/home/ec2-user/ak2/cohort/SRR5935803_1.fastq.gz	/home/ec2-user/ak2/cohort/SRR5935803_2.fastq.gz
0	2	parallel:lpt	sdk	0-SRR5935804	weight=13253368	--threads	16	--output	s3://aws-kraken2-942542972736-us-west-2/aws-kraken2/g3/20261008-044702-3c2153c-55a5-n16/out/c100/0-SRR5935804/output	--report	s3://aws-kraken2-942542972736-us-west-2/aws-kraken2/g3/20261008-044702-3c2153c-55a5-n16/out/c100/0-SRR5935804/report	/home/ec2-user/ak2/cohort/SRR5935804_1.fastq.gz	/home/ec2-user/ak2/cohort/SRR5935804_2.fastq.gz
0	2	parallel:lpt	sdk	0-SRR5935805	weight=2823474	--threads	16	--output	s3://aws-kraken2-942542972736-us-west-2/aws-kraken2/g3/20261008-044702-3c2153c-55a5-n16/out/c100/0-SRR5935805/output	--report	s3://aws-kraken2-942542972736-us-west-2/aws-kraken2/g3/20261008-044702-3c2153c-55a5-n16/out/c100/0-SRR5935805/report	/home/ec2-user/ak2/cohort/SRR5935805_1.fastq.gz	/home/ec2-user/ak2/cohort/SRR5935805_2.fastq.gz
0	2	parallel:lpt	sdk	0-SRR5935806	weight=14472574	--threads	16	--output	s3://aws-kraken2-942542972736-us-west-2/aws-kraken2/g3/20261008-044702-3c2153c-55a5-n16/out/c100/0-SRR5935806/output	--report	s3://aws-kraken2-942542972736-us-west-2/aws-kraken2/g3/20261008-044702-3c2153c-55a5-n16/out/c100/0-SRR5935806/report	/home/ec2-user/ak2/cohort/SRR5935806_1.fastq.gz	/home/ec2-user/ak2/cohort/SRR5935806_2.fastq.gz
0	2	parallel:lpt	sdk	0-SRR5935807	weight=16708997	--threads	16	--output	s3://aws-kraken2-942542972736-us-west-2/aws-kraken2/g3/20261008-044702-3c2153c-55a5-n16/out/c100/0-SRR5935807/output	--report	s3://aws-kraken2-942542972736-us-west-2/aws-kraken2/g3/20261008-044702-3c2153c-55a5-n16/out/c100/0-SRR5935807/report	/home/ec2-user/ak2/cohort/SRR5935807_1.fastq.gz	/home/ec2-user/ak2/cohort/SRR5935807_2.fastq.gz
0	2	parallel:lpt	sdk	0-SRR5935808	weight=15500933	--threads	16	--output	s3://aws-kraken2-942542972736-us-west-2/aws-kraken2/g3/20261008-044702-3c2153c-55a5-n16/out/c100/0-SRR5935808/output	--report	s3://aws-kraken2-942542972736-us-west-2/aws-kraken2/g3/20261008-044702-3c2153c-55a5-n16/out/c100/0-SRR5935808/report	/home/ec2-user/ak2/cohort/SRR5935808_1.fastq.gz	/home/ec2-user/ak2/cohort/SRR5935808_2.fastq.gz
0	2	parallel:lpt	sdk	0-SRR5935809	weight=1539039	--threads	16	--output	s3://aws-kraken2-942542972736-us-west-2/aws-kraken2/g3/20261008-044702-3c2153c-55a5-n16/out/c100/0-SRR5935809/output	--report	s3://aws-kraken2-942542972736-us-west-2/aws-kraken2/g3/20261008-044702-3c2153c-55a5-n16/out/c100/0-SRR5935809/report	/home/ec2-user/ak2/cohort/SRR5935809_1.fastq.gz	/home/ec2-user/ak2/cohort/SRR5935809_2.fastq.gz
0	2	parallel:lpt	sdk	0-SRR5935810	weight=15280552	--threads	16	--output	s3://aws-kraken2-942542972736-us-west-2/aws-kraken2/g3/20261008-044702-3c2153c-55a5-n16/out/c100/0-SRR5935810/output	--report	s3://aws-kraken2-942542972736-us-west-2/aws-kraken2/g3/20261008-044702-3c2153c-55a5-n16/out/c100/0-SRR5935810/report	/home/ec2-user/ak2/cohort/SRR5935810_1.fastq.gz	/home/ec2-user/ak2/cohort/SRR5935810_2.fastq.gz
0	2	parallel:lpt	sdk	0-SRR5935811	weight=10067025	--threads	16	--output	s3://aws-kraken2-942542972736-us-west-2/aws-kraken2/g3/20261008-044702-3c2153c-55a5-n16/out/c100/0-SRR5935811/output	--report	s3://aws-kraken2-942542972736-us-west-2/aws-kraken2/g3/20261008-044702-3c2153c-55a5-n16/out/c100/0-SRR5935811/report	/home/ec2-user/ak2/cohort/SRR5935811_1.fastq.gz	/home/ec2-user/ak2/cohort/SRR5935811_2.fastq.gz
0	2	parallel:lpt	sdk	0-SRR5935812	weight=9108174	--threads	16	--output	s3://aws-kraken2-942542972736-us-west-2/aws-kraken2/g3/20261008-044702-3c2153c-55a5-n16/out/c100/0-SRR5935812/output	--report	s3://aws-kraken2-942542972736-us-west-2/aws-kraken2/g3/20261008-044702-3c2153c-55a5-n16/out/c100/0-SRR5935812/report	/home/ec2-user/ak2/cohort/SRR5935812_1.fastq.gz	/home/ec2-user/ak2/cohort/SRR5935812_2.fastq.gz
0	2	parallel:lpt	sdk	0-SRR5935813	weight=16980616	--threads	16	--output	s3://aws-kraken2-942542972736-us-west-2/aws-kraken2/g3/20261008-044702-3c2153c-55a5-n16/out/c100/0-SRR5935813/output	--report	s3://aws-kraken2-942542972736-us-west-2/aws-kraken2/g3/20261008-044702-3c2153c-55a5-n16/out/c100/0-SRR5935813/report	/home/ec2-user/ak2/cohort/SRR5935813_1.fastq.gz	/home/ec2-user/ak2/cohort/SRR5935813_2.fastq.gz
0	2	parallel:lpt	sdk	0-SRR5935814	weight=5072545	--threads	16	--output	s3://aws-kraken2-942542972736-us-west-2/aws-kraken2/g3/20261008-044702-3c2153c-55a5-n16/out/c100/0-SRR5935814/output	--report	s3://aws-kraken2-942542972736-us-west-2/aws-kraken2/g3/20261008-044702-3c2153c-55a5-n16/out/c100/0-SRR5935814/report	/home/ec2-user/ak2/cohort/SRR5935814_1.fastq.gz	/home/ec2-user/ak2/cohort/SRR5935814_2.fastq.gz
0	2	parallel:lpt	sdk	0-SRR5935815	weight=7153468	--threads	16	--output	s3://aws-kraken2-942542972736-us-west-2/aws-kraken2/g3/20261008-044702-3c2153c-55a5-n16/out/c100/0-SRR5935815/output	--report	s3://aws-kraken2-942542972736-us-west-2/aws-kraken2/g3/20261008-044702-3c2153c-55a5-n16/out/c100/0-SRR5935815/report	/home/ec2-user/ak2/cohort/SRR5935815_1.fastq.gz	/home/ec2-user/ak2/cohort/SRR5935815_2.fastq.gz
0	2	parallel:lpt	sdk	0-SRR5935816	weight=12244248	--threads	16	--output	s3://aws-kraken2-942542972736-us-west-2/aws-kraken2/g3/20261008-044702-3c2153c-55a5-n16/out/c100/0-SRR5935816/output	--report	s3://aws-kraken2-942542972736-us-west-2/aws-kraken2/g3/20261008-044702-3c2153c-55a5-n16/out/c100/0-SRR5935816/report	/home/ec2-user/ak2/cohort/SRR5935816_1.fastq.gz	/home/ec2-user/ak2/cohort/SRR5935816_2.fastq.gz
0	2	parallel:lpt	sdk	0-SRR5935817	weight=14261195	--threads	16	--output	s3://aws-kraken2-942542972736-us-west-2/aws-kraken2/g3/20261008-044702-3c2153c-55a5-n16/out/c100/0-SRR5935817/output	--report	s3://aws-kraken2-942542972736-us-west-2/aws-kraken2/g3/20261008-044702-3c2153c-55a5-n16/out/c100/0-SRR5935817/report	/home/ec2-user/ak2/cohort/SRR5935817_1.fastq.gz	/home/ec2-user/ak2/cohort/SRR5935817_2.fastq.gz
0	2	parallel:lpt	sdk	0-SRR5935818	weight=8877621	--threads	16	--output	s3://aws-kraken2-942542972736-us-west-2/aws-kraken2/g3/20261008-044702-3c2153c-55a5-n16/out/c100/0-SRR5935818/output	--report	s3://aws-kraken2-942542972736-us-west-2/aws-kraken2/g3/20261008-044702-3c2153c-55a5-n16/out/c100/0-SRR5935818/report	/home/ec2-user/ak2/cohort/SRR5935818_1.fastq.gz	/home/ec2-user/ak2/cohort/SRR5935818_2.fastq.gz
0	2	parallel:lpt	sdk	0-SRR5935819	weight=10896278	--threads	16	--output	s3://aws-kraken2-942542972736-us-west-2/aws-kraken2/g3/20261008-044702-3c2153c-55a5-n16/out/c100/0-SRR5935819/output	--report	s3://aws-kraken2-942542972736-us-west-2/aws-kraken2/g3/20261008-044702-3c2153c-55a5-n16/out/c100/0-SRR5935819/report	/home/ec2-user/ak2/cohort/SRR5935819_1.fastq.gz	/home/ec2-user/ak2/cohort/SRR5935819_2.fastq.gz
0	2	parallel:lpt	sdk	0-SRR5935820	weight=12062510	--threads	16	--output	s3://aws-kraken2-942542972736-us-west-2/aws-kraken2/g3/20261008-044702-3c2153c-55a5-n16/out/c100/0-SRR5935820/output	--report	s3://aws-kraken2-942542972736-us-west-2/aws-kraken2/g3/20261008-044702-3c2153c-55a5-n16/out/c100/0-SRR5935820/report	/home/ec2-user/ak2/cohort/SRR5935820_1.fastq.gz	/home/ec2-user/ak2/cohort/SRR5935820_2.fastq.gz
0	2	parallel:lpt	sdk	0-SRR5935821	weight=297656	--threads	16	--output	s3://aws-kraken2-942542972736-us-west-2/aws-kraken2/g3/20261008-044702-3c2153c-55a5-n16/out/c100/0-SRR5935821/output	--report	s3://aws-kraken2-942542972736-us-west-2/aws-kraken2/g3/20261008-044702-3c2153c-55a5-n16/out/c100/0-SRR5935821/report	/home/ec2-user/ak2/cohort/SRR5935821_1.fastq.gz	/home/ec2-user/ak2/cohort/SRR5935821_2.fastq.gz
0	2	parallel:lpt	sdk	0-SRR5935822	weight=13365245	--threads	16	--output	s3://aws-kraken2-942542972736-us-west-2/aws-kraken2/g3/20261008-044702-3c2153c-55a5-n16/out/c100/0-SRR5935822/output	--report	s3://aws-kraken2-942542972736-us-west-2/aws-kraken2/g3/20261008-044702-3c2153c-55a5-n16/out/c100/0-SRR5935822/report	/home/ec2-user/ak2/cohort/SRR5935822_1.fastq.gz	/home/ec2-user/ak2/cohort/SRR5935822_2.fastq.gz
0	2	parallel:lpt	sdk	0-SRR5935823	weight=20770968	--threads	16	--output	s3://aws-kraken2-942542972736-us-west-2/aws-kraken2/g3/20261008-044702-3c2153c-55a5-n16/out/c100/0-SRR5935823/output	--report	s3://aws-kraken2-942542972736-us-west-2/aws-kraken2/g3/20261008-044702-3c2153c-55a5-n16/out/c100/0-SRR5935823/report	/home/ec2-user/ak2/cohort/SRR5935823_1.fastq.gz	/home/ec2-user/ak2/cohort/SRR5935823_2.fastq.gz
0	2	parallel:lpt	sdk	0-SRR5935824	weight=8745078	--threads	16	--output	s3://aws-kraken2-942542972736-us-west-2/aws-kraken2/g3/20261008-044702-3c2153c-55a5-n16/out/c100/0-SRR5935824/output	--report	s3://aws-kraken2-942542972736-us-west-2/aws-kraken2/g3/20261008-044702-3c2153c-55a5-n16/out/c100/0-SRR5935824/report	/home/ec2-user/ak2/cohort/SRR5935824_1.fastq.gz	/home/ec2-user/ak2/cohort/SRR5935824_2.fastq.gz
0	2	parallel:lpt	sdk	0-SRR5935825	weight=11458367	--threads	16	--output	s3://aws-kraken2-942542972736-us-west-2/aws-kraken2/g3/20261008-044702-3c2153c-55a5-n16/out/c100/0-SRR5935825/output	--report	s3://aws-kraken2-942542972736-us-west-2/aws-kraken2/g3/20261008-044702-3c2153c-55a5-n16/out/c100/0-SRR5935825/report	/home/ec2-user/ak2/cohort/SRR5935825_1.fastq.gz	/home/ec2-user/ak2/cohort/SRR5935825_2.fastq.gz
0	2	parallel:lpt	sdk	0-SRR5935826	weight=8766123	--threads	16	--output	s3://aws-kraken2-942542972736-us-west-2/aws-kraken2/g3/20261008-044702-3c2153c-55a5-n16/out/c100/0-SRR5935826/output	--report	s3://aws-kraken2-942542972736-us-west-2/aws-kraken2/g3/20261008-044702-3c2153c-55a5-n16/out/c100/0-SRR5935826/report	/home/ec2-user/ak2/cohort/SRR5935826_1.fastq.gz	/home/ec2-user/ak2/cohort/SRR5935826_2.fastq.gz
0	2	parallel:lpt	sdk	0-SRR5935827	weight=16260968	--threads	16	--output	s3://aws-kraken2-942542972736-us-west-2/aws-kraken2/g3/20261008-044702-3c2153c-55a5-n16/out/c100/0-SRR5935827/output	--report	s3://aws-kraken2-942542972736-us-west-2/aws-kraken2/g3/20261008-044702-3c2153c-55a5-n16/out/c100/0-SRR5935827/report	/home/ec2-user/ak2/cohort/SRR5935827_1.fastq.gz	/home/ec2-user/ak2/cohort/SRR5935827_2.fastq.gz
0	2	parallel:lpt	sdk	0-SRR5935828	weight=8326050	--threads	16	--output	s3://aws-kraken2-942542972736-us-west-2/aws-kraken2/g3/20261008-044702-3c2153c-55a5-n16/out/c100/0-SRR5935828/output	--report	s3://aws-kraken2-942542972736-us-west-2/aws-kraken2/g3/20261008-044702-3c2153c-55a5-n16/out/c100/0-SRR5935828/report	/home/ec2-user/ak2/cohort/SRR5935828_1.fastq.gz	/home/ec2-user/ak2/cohort/SRR5935828_2.fastq.gz
0	2	parallel:lpt	sdk	0-SRR5935829	weight=11220767	--threads	16	--output	s3://aws-kraken2-942542972736-us-west-2/aws-kraken2/g3/20261008-044702-3c2153c-55a5-n16/out/c100/0-SRR5935829/output	--report	s3://aws-kraken2-942542972736-us-west-2/aws-kraken2/g3/20261008-044702-3c2153c-55a5-n16/out/c100/0-SRR5935829/report	/home/ec2-user/ak2/cohort/SRR5935829_1.fastq.gz	/home/ec2-user/ak2/cohort/SRR5935829_2.fastq.gz
0	2	parallel:lpt	sdk	0-SRR5935830	weight=14303962	--threads	16	--output	s3://aws-kraken2-942542972736-us-west-2/aws-kraken2/g3/20261008-044702-3c2153c-55a5-n16/out/c100/0-SRR5935830/output	--report	s3://aws-kraken2-942542972736-us-west-2/aws-kraken2/g3/20261008-044702-3c2153c-55a5-n16/out/c100/0-SRR5935830/report	/home/ec2-user/ak2/cohort/SRR5935830_1.fastq.gz	/home/ec2-user/ak2/cohort/SRR5935830_2.fastq.gz
0	2	parallel:lpt	sdk	0-SRR5935831	weight=12793053	--threads	16	--output	s3://aws-kraken2-942542972736-us-west-2/aws-kraken2/g3/20261008-044702-3c2153c-55a5-n16/out/c100/0-SRR5935831/output	--report	s3://aws-kraken2-942542972736-us-west-2/aws-kraken2/g3/20261008-044702-3c2153c-55a5-n16/out/c100/0-SRR5935831/report	/home/ec2-user/ak2/cohort/SRR5935831_1.fastq.gz	/home/ec2-user/ak2/cohort/SRR5935831_2.fastq.gz
0	2	parallel:lpt	sdk	0-SRR5935832	weight=6882441	--threads	16	--output	s3://aws-kraken2-942542972736-us-west-2/aws-kraken2/g3/20261008-044702-3c2153c-55a5-n16/out/c100/0-SRR5935832/output	--report	s3://aws-kraken2-942542972736-us-west-2/aws-kraken2/g3/20261008-044702-3c2153c-55a5-n16/out/c100/0-SRR5935832/report	/home/ec2-user/ak2/cohort/SRR5935832_1.fastq.gz	/home/ec2-user/ak2/cohort/SRR5935832_2.fastq.gz
0	2	parallel:lpt	sdk	0-SRR5935833	weight=12711109	--threads	16	--output	s3://aws-kraken2-942542972736-us-west-2/aws-kraken2/g3/20261008-044702-3c2153c-55a5-n16/out/c100/0-SRR5935833/output	--report	s3://aws-kraken2-942542972736-us-west-2/aws-kraken2/g3/20261008-044702-3c2153c-55a5-n16/out/c100/0-SRR5935833/report	/home/ec2-user/ak2/cohort/SRR5935833_1.fastq.gz	/home/ec2-user/ak2/cohort/SRR5935833_2.fastq.gz
0	2	parallel:lpt	sdk	0-SRR5935834	weight=12610038	--threads	16	--output	s3://aws-kraken2-942542972736-us-west-2/aws-kraken2/g3/20261008-044702-3c2153c-55a5-n16/out/c100/0-SRR5935834/output	--report	s3://aws-kraken2-942542972736-us-west-2/aws-kraken2/g3/20261008-044702-3c2153c-55a5-n16/out/c100/0-SRR5935834/report	/home/ec2-user/ak2/cohort/SRR5935834_1.fastq.gz	/home/ec2-user/ak2/cohort/SRR5935834_2.fastq.gz
0	2	parallel:lpt	sdk	0-SRR5935835	weight=1341509	--threads	16	--output	s3://aws-kraken2-942542972736-us-west-2/aws-kraken2/g3/20261008-044702-3c2153c-55a5-n16/out/c100/0-SRR5935835/output	--report	s3://aws-kraken2-942542972736-us-west-2/aws-kraken2/g3/20261008-044702-3c2153c-55a5-n16/out/c100/0-SRR5935835/report	/home/ec2-user/ak2/cohort/SRR5935835_1.fastq.gz	/home/ec2-user/ak2/cohort/SRR5935835_2.fastq.gz
0	2	parallel:lpt	sdk	0-SRR5935836	weight=7326365	--threads	16	--output	s3://aws-kraken2-942542972736-us-west-2/aws-kraken2/g3/20261008-044702-3c2153c-55a5-n16/out/c100/0-SRR5935836/output	--report	s3://aws-kraken2-942542972736-us-west-2/aws-kraken2/g3/20261008-044702-3c2153c-55a5-n16/out/c100/0-SRR5935836/report	/home/ec2-user/ak2/cohort/SRR5935836_1.fastq.gz	/home/ec2-user/ak2/cohort/SRR5935836_2.fastq.gz
0	2	parallel:lpt	sdk	0-SRR5935837	weight=9337913	--threads	16	--output	s3://aws-kraken2-942542972736-us-west-2/aws-kraken2/g3/20261008-044702-3c2153c-55a5-n16/out/c100/0-SRR5935837/output	--report	s3://aws-kraken2-942542972736-us-west-2/aws-kraken2/g3/20261008-044702-3c2153c-55a5-n16/out/c100/0-SRR5935837/report	/home/ec2-user/ak2/cohort/SRR5935837_1.fastq.gz	/home/ec2-user/ak2/cohort/SRR5935837_2.fastq.gz
0	2	parallel:lpt	sdk	0-SRR5935838	weight=14615323	--threads	16	--output	s3://aws-kraken2-942542972736-us-west-2/aws-kraken2/g3/20261008-044702-3c2153c-55a5-n16/out/c100/0-SRR5935838/output	--report	s3://aws-kraken2-942542972736-us-west-2/aws-kraken2/g3/20261008-044702-3c2153c-55a5-n16/out/c100/0-SRR5935838/report	/home/ec2-user/ak2/cohort/SRR5935838_1.fastq.gz	/home/ec2-user/ak2/cohort/SRR5935838_2.fastq.gz
0	2	parallel:lpt	sdk	0-SRR5935839	weight=1085628	--threads	16	--output	s3://aws-kraken2-942542972736-us-west-2/aws-kraken2/g3/20261008-044702-3c2153c-55a5-n16/out/c100/0-SRR5935839/output	--report	s3://aws-kraken2-942542972736-us-west-2/aws-kraken2/g3/20261008-044702-3c2153c-55a5-n16/out/c100/0-SRR5935839/report	/home/ec2-user/ak2/cohort/SRR5935839_1.fastq.gz	/home/ec2-user/ak2/cohort/SRR5935839_2.fastq.gz
1	2	parallel:mod	sdk	1-SRR5935740	weight=10532910	--threads	16	--output	s3://aws-kraken2-942542972736-us-west-2/aws-kraken2/g3/20261008-044702-3c2153c-55a5-n16/out/c100/1-SRR5935740/output	--report	s3://aws-kraken2-942542972736-us-west-2/aws-kraken2/g3/20261008-044702-3c2153c-55a5-n16/out/c100/1-SRR5935740/report	/home/ec2-user/ak2/cohort/SRR5935740_1.fastq.gz	/home/ec2-user/ak2/cohort/SRR5935740_2.fastq.gz
1	2	parallel:mod	sdk	1-SRR5935741	weight=16518263	--threads	16	--output	s3://aws-kraken2-942542972736-us-west-2/aws-kraken2/g3/20261008-044702-3c2153c-55a5-n16/out/c100/1-SRR5935741/output	--report	s3://aws-kraken2-942542972736-us-west-2/aws-kraken2/g3/20261008-044702-3c2153c-55a5-n16/out/c100/1-SRR5935741/report	/home/ec2-user/ak2/cohort/SRR5935741_1.fastq.gz	/home/ec2-user/ak2/cohort/SRR5935741_2.fastq.gz
1	2	parallel:mod	sdk	1-SRR5935742	weight=12325847	--threads	16	--output	s3://aws-kraken2-942542972736-us-west-2/aws-kraken2/g3/20261008-044702-3c2153c-55a5-n16/out/c100/1-SRR5935742/output	--report	s3://aws-kraken2-942542972736-us-west-2/aws-kraken2/g3/20261008-044702-3c2153c-55a5-n16/out/c100/1-SRR5935742/report	/home/ec2-user/ak2/cohort/SRR5935742_1.fastq.gz	/home/ec2-user/ak2/cohort/SRR5935742_2.fastq.gz
1	2	parallel:mod	sdk	1-SRR5935743	weight=201473	--threads	16	--output	s3://aws-kraken2-942542972736-us-west-2/aws-kraken2/g3/20261008-044702-3c2153c-55a5-n16/out/c100/1-SRR5935743/output	--report	s3://aws-kraken2-942542972736-us-west-2/aws-kraken2/g3/20261008-044702-3c2153c-55a5-n16/out/c100/1-SRR5935743/report	/home/ec2-user/ak2/cohort/SRR5935743_1.fastq.gz	/home/ec2-user/ak2/cohort/SRR5935743_2.fastq.gz
1	2	parallel:mod	sdk	1-SRR5935744	weight=15328347	--threads	16	--output	s3://aws-kraken2-942542972736-us-west-2/aws-kraken2/g3/20261008-044702-3c2153c-55a5-n16/out/c100/1-SRR5935744/output	--report	s3://aws-kraken2-942542972736-us-west-2/aws-kraken2/g3/20261008-044702-3c2153c-55a5-n16/out/c100/1-SRR5935744/report	/home/ec2-user/ak2/cohort/SRR5935744_1.fastq.gz	/home/ec2-user/ak2/cohort/SRR5935744_2.fastq.gz
1	2	parallel:mod	sdk	1-SRR5935745	weight=10492437	--threads	16	--output	s3://aws-kraken2-942542972736-us-west-2/aws-kraken2/g3/20261008-044702-3c2153c-55a5-n16/out/c100/1-SRR5935745/output	--report	s3://aws-kraken2-942542972736-us-west-2/aws-kraken2/g3/20261008-044702-3c2153c-55a5-n16/out/c100/1-SRR5935745/report	/home/ec2-user/ak2/cohort/SRR5935745_1.fastq.gz	/home/ec2-user/ak2/cohort/SRR5935745_2.fastq.gz
1	2	parallel:mod	sdk	1-SRR5935746	weight=11012615	--threads	16	--output	s3://aws-kraken2-942542972736-us-west-2/aws-kraken2/g3/20261008-044702-3c2153c-55a5-n16/out/c100/1-SRR5935746/output	--report	s3://aws-kraken2-942542972736-us-west-2/aws-kraken2/g3/20261008-044702-3c2153c-55a5-n16/out/c100/1-SRR5935746/report	/home/ec2-user/ak2/cohort/SRR5935746_1.fastq.gz	/home/ec2-user/ak2/cohort/SRR5935746_2.fastq.gz
1	2	parallel:mod	sdk	1-SRR5935747	weight=3036382	--threads	16	--output	s3://aws-kraken2-942542972736-us-west-2/aws-kraken2/g3/20261008-044702-3c2153c-55a5-n16/out/c100/1-SRR5935747/output	--report	s3://aws-kraken2-942542972736-us-west-2/aws-kraken2/g3/20261008-044702-3c2153c-55a5-n16/out/c100/1-SRR5935747/report	/home/ec2-user/ak2/cohort/SRR5935747_1.fastq.gz	/home/ec2-user/ak2/cohort/SRR5935747_2.fastq.gz
1	2	parallel:mod	sdk	1-SRR5935748	weight=11859598	--threads	16	--output	s3://aws-kraken2-942542972736-us-west-2/aws-kraken2/g3/20261008-044702-3c2153c-55a5-n16/out/c100/1-SRR5935748/output	--report	s3://aws-kraken2-942542972736-us-west-2/aws-kraken2/g3/20261008-044702-3c2153c-55a5-n16/out/c100/1-SRR5935748/report	/home/ec2-user/ak2/cohort/SRR5935748_1.fastq.gz	/home/ec2-user/ak2/cohort/SRR5935748_2.fastq.gz
1	2	parallel:mod	sdk	1-SRR5935749	weight=18879904	--threads	16	--output	s3://aws-kraken2-942542972736-us-west-2/aws-kraken2/g3/20261008-044702-3c2153c-55a5-n16/out/c100/1-SRR5935749/output	--report	s3://aws-kraken2-942542972736-us-west-2/aws-kraken2/g3/20261008-044702-3c2153c-55a5-n16/out/c100/1-SRR5935749/report	/home/ec2-user/ak2/cohort/SRR5935749_1.fastq.gz	/home/ec2-user/ak2/cohort/SRR5935749_2.fastq.gz
1	2	parallel:mod	sdk	1-SRR5935750	weight=6552107	--threads	16	--output	s3://aws-kraken2-942542972736-us-west-2/aws-kraken2/g3/20261008-044702-3c2153c-55a5-n16/out/c100/1-SRR5935750/output	--report	s3://aws-kraken2-942542972736-us-west-2/aws-kraken2/g3/20261008-044702-3c2153c-55a5-n16/out/c100/1-SRR5935750/report	/home/ec2-user/ak2/cohort/SRR5935750_1.fastq.gz	/home/ec2-user/ak2/cohort/SRR5935750_2.fastq.gz
1	2	parallel:mod	sdk	1-SRR5935751	weight=18645445	--threads	16	--output	s3://aws-kraken2-942542972736-us-west-2/aws-kraken2/g3/20261008-044702-3c2153c-55a5-n16/out/c100/1-SRR5935751/output	--report	s3://aws-kraken2-942542972736-us-west-2/aws-kraken2/g3/20261008-044702-3c2153c-55a5-n16/out/c100/1-SRR5935751/report	/home/ec2-user/ak2/cohort/SRR5935751_1.fastq.gz	/home/ec2-user/ak2/cohort/SRR5935751_2.fastq.gz
1	2	parallel:mod	sdk	1-SRR5935752	weight=14298074	--threads	16	--output	s3://aws-kraken2-942542972736-us-west-2/aws-kraken2/g3/20261008-044702-3c2153c-55a5-n16/out/c100/1-SRR5935752/output	--report	s3://aws-kraken2-942542972736-us-west-2/aws-kraken2/g3/20261008-044702-3c2153c-55a5-n16/out/c100/1-SRR5935752/report	/home/ec2-user/ak2/cohort/SRR5935752_1.fastq.gz	/home/ec2-user/ak2/cohort/SRR5935752_2.fastq.gz
1	2	parallel:mod	sdk	1-SRR5935753	weight=14164085	--threads	16	--output	s3://aws-kraken2-942542972736-us-west-2/aws-kraken2/g3/20261008-044702-3c2153c-55a5-n16/out/c100/1-SRR5935753/output	--report	s3://aws-kraken2-942542972736-us-west-2/aws-kraken2/g3/20261008-044702-3c2153c-55a5-n16/out/c100/1-SRR5935753/report	/home/ec2-user/ak2/cohort/SRR5935753_1.fastq.gz	/home/ec2-user/ak2/cohort/SRR5935753_2.fastq.gz
1	2	parallel:mod	sdk	1-SRR5935754	weight=10479816	--threads	16	--output	s3://aws-kraken2-942542972736-us-west-2/aws-kraken2/g3/20261008-044702-3c2153c-55a5-n16/out/c100/1-SRR5935754/output	--report	s3://aws-kraken2-942542972736-us-west-2/aws-kraken2/g3/20261008-044702-3c2153c-55a5-n16/out/c100/1-SRR5935754/report	/home/ec2-user/ak2/cohort/SRR5935754_1.fastq.gz	/home/ec2-user/ak2/cohort/SRR5935754_2.fastq.gz
1	2	parallel:mod	sdk	1-SRR5935755	weight=6071697	--threads	16	--output	s3://aws-kraken2-942542972736-us-west-2/aws-kraken2/g3/20261008-044702-3c2153c-55a5-n16/out/c100/1-SRR5935755/output	--report	s3://aws-kraken2-942542972736-us-west-2/aws-kraken2/g3/20261008-044702-3c2153c-55a5-n16/out/c100/1-SRR5935755/report	/home/ec2-user/ak2/cohort/SRR5935755_1.fastq.gz	/home/ec2-user/ak2/cohort/SRR5935755_2.fastq.gz
1	2	parallel:mod	sdk	1-SRR5935756	weight=16053448	--threads	16	--output	s3://aws-kraken2-942542972736-us-west-2/aws-kraken2/g3/20261008-044702-3c2153c-55a5-n16/out/c100/1-SRR5935756/output	--report	s3://aws-kraken2-942542972736-us-west-2/aws-kraken2/g3/20261008-044702-3c2153c-55a5-n16/out/c100/1-SRR5935756/report	/home/ec2-user/ak2/cohort/SRR5935756_1.fastq.gz	/home/ec2-user/ak2/cohort/SRR5935756_2.fastq.gz
1	2	parallel:mod	sdk	1-SRR5935757	weight=16286650	--threads	16	--output	s3://aws-kraken2-942542972736-us-west-2/aws-kraken2/g3/20261008-044702-3c2153c-55a5-n16/out/c100/1-SRR5935757/output	--report	s3://aws-kraken2-942542972736-us-west-2/aws-kraken2/g3/20261008-044702-3c2153c-55a5-n16/out/c100/1-SRR5935757/report	/home/ec2-user/ak2/cohort/SRR5935757_1.fastq.gz	/home/ec2-user/ak2/cohort/SRR5935757_2.fastq.gz
1	2	parallel:mod	sdk	1-SRR5935758	weight=8206591	--threads	16	--output	s3://aws-kraken2-942542972736-us-west-2/aws-kraken2/g3/20261008-044702-3c2153c-55a5-n16/out/c100/1-SRR5935758/output	--report	s3://aws-kraken2-942542972736-us-west-2/aws-kraken2/g3/20261008-044702-3c2153c-55a5-n16/out/c100/1-SRR5935758/report	/home/ec2-user/ak2/cohort/SRR5935758_1.fastq.gz	/home/ec2-user/ak2/cohort/SRR5935758_2.fastq.gz
1	2	parallel:mod	sdk	1-SRR5935759	weight=15312868	--threads	16	--output	s3://aws-kraken2-942542972736-us-west-2/aws-kraken2/g3/20261008-044702-3c2153c-55a5-n16/out/c100/1-SRR5935759/output	--report	s3://aws-kraken2-942542972736-us-west-2/aws-kraken2/g3/20261008-044702-3c2153c-55a5-n16/out/c100/1-SRR5935759/report	/home/ec2-user/ak2/cohort/SRR5935759_1.fastq.gz	/home/ec2-user/ak2/cohort/SRR5935759_2.fastq.gz
1	2	parallel:mod	sdk	1-SRR5935760	weight=10834778	--threads	16	--output	s3://aws-kraken2-942542972736-us-west-2/aws-kraken2/g3/20261008-044702-3c2153c-55a5-n16/out/c100/1-SRR5935760/output	--report	s3://aws-kraken2-942542972736-us-west-2/aws-kraken2/g3/20261008-044702-3c2153c-55a5-n16/out/c100/1-SRR5935760/report	/home/ec2-user/ak2/cohort/SRR5935760_1.fastq.gz	/home/ec2-user/ak2/cohort/SRR5935760_2.fastq.gz
1	2	parallel:mod	sdk	1-SRR5935761	weight=14191749	--threads	16	--output	s3://aws-kraken2-942542972736-us-west-2/aws-kraken2/g3/20261008-044702-3c2153c-55a5-n16/out/c100/1-SRR5935761/output	--report	s3://aws-kraken2-942542972736-us-west-2/aws-kraken2/g3/20261008-044702-3c2153c-55a5-n16/out/c100/1-SRR5935761/report	/home/ec2-user/ak2/cohort/SRR5935761_1.fastq.gz	/home/ec2-user/ak2/cohort/SRR5935761_2.fastq.gz
1	2	parallel:mod	sdk	1-SRR5935762	weight=18129553	--threads	16	--output	s3://aws-kraken2-942542972736-us-west-2/aws-kraken2/g3/20261008-044702-3c2153c-55a5-n16/out/c100/1-SRR5935762/output	--report	s3://aws-kraken2-942542972736-us-west-2/aws-kraken2/g3/20261008-044702-3c2153c-55a5-n16/out/c100/1-SRR5935762/report	/home/ec2-user/ak2/cohort/SRR5935762_1.fastq.gz	/home/ec2-user/ak2/cohort/SRR5935762_2.fastq.gz
1	2	parallel:mod	sdk	1-SRR5935763	weight=5174437	--threads	16	--output	s3://aws-kraken2-942542972736-us-west-2/aws-kraken2/g3/20261008-044702-3c2153c-55a5-n16/out/c100/1-SRR5935763/output	--report	s3://aws-kraken2-942542972736-us-west-2/aws-kraken2/g3/20261008-044702-3c2153c-55a5-n16/out/c100/1-SRR5935763/report	/home/ec2-user/ak2/cohort/SRR5935763_1.fastq.gz	/home/ec2-user/ak2/cohort/SRR5935763_2.fastq.gz
1	2	parallel:mod	sdk	1-SRR5935764	weight=11689489	--threads	16	--output	s3://aws-kraken2-942542972736-us-west-2/aws-kraken2/g3/20261008-044702-3c2153c-55a5-n16/out/c100/1-SRR5935764/output	--report	s3://aws-kraken2-942542972736-us-west-2/aws-kraken2/g3/20261008-044702-3c2153c-55a5-n16/out/c100/1-SRR5935764/report	/home/ec2-user/ak2/cohort/SRR5935764_1.fastq.gz	/home/ec2-user/ak2/cohort/SRR5935764_2.fastq.gz
1	2	parallel:mod	sdk	1-SRR5935765	weight=10590116	--threads	16	--output	s3://aws-kraken2-942542972736-us-west-2/aws-kraken2/g3/20261008-044702-3c2153c-55a5-n16/out/c100/1-SRR5935765/output	--report	s3://aws-kraken2-942542972736-us-west-2/aws-kraken2/g3/20261008-044702-3c2153c-55a5-n16/out/c100/1-SRR5935765/report	/home/ec2-user/ak2/cohort/SRR5935765_1.fastq.gz	/home/ec2-user/ak2/cohort/SRR5935765_2.fastq.gz
1	2	parallel:mod	sdk	1-SRR5935766	weight=14120624	--threads	16	--output	s3://aws-kraken2-942542972736-us-west-2/aws-kraken2/g3/20261008-044702-3c2153c-55a5-n16/out/c100/1-SRR5935766/output	--report	s3://aws-kraken2-942542972736-us-west-2/aws-kraken2/g3/20261008-044702-3c2153c-55a5-n16/out/c100/1-SRR5935766/report	/home/ec2-user/ak2/cohort/SRR5935766_1.fastq.gz	/home/ec2-user/ak2/cohort/SRR5935766_2.fastq.gz
1	2	parallel:mod	sdk	1-SRR5935767	weight=5166420	--threads	16	--output	s3://aws-kraken2-942542972736-us-west-2/aws-kraken2/g3/20261008-044702-3c2153c-55a5-n16/out/c100/1-SRR5935767/output	--report	s3://aws-kraken2-942542972736-us-west-2/aws-kraken2/g3/20261008-044702-3c2153c-55a5-n16/out/c100/1-SRR5935767/report	/home/ec2-user/ak2/cohort/SRR5935767_1.fastq.gz	/home/ec2-user/ak2/cohort/SRR5935767_2.fastq.gz
1	2	parallel:mod	sdk	1-SRR5935768	weight=15746753	--threads	16	--output	s3://aws-kraken2-942542972736-us-west-2/aws-kraken2/g3/20261008-044702-3c2153c-55a5-n16/out/c100/1-SRR5935768/output	--report	s3://aws-kraken2-942542972736-us-west-2/aws-kraken2/g3/20261008-044702-3c2153c-55a5-n16/out/c100/1-SRR5935768/report	/home/ec2-user/ak2/cohort/SRR5935768_1.fastq.gz	/home/ec2-user/ak2/cohort/SRR5935768_2.fastq.gz
1	2	parallel:mod	sdk	1-SRR5935769	weight=11374148	--threads	16	--output	s3://aws-kraken2-942542972736-us-west-2/aws-kraken2/g3/20261008-044702-3c2153c-55a5-n16/out/c100/1-SRR5935769/output	--report	s3://aws-kraken2-942542972736-us-west-2/aws-kraken2/g3/20261008-044702-3c2153c-55a5-n16/out/c100/1-SRR5935769/report	/home/ec2-user/ak2/cohort/SRR5935769_1.fastq.gz	/home/ec2-user/ak2/cohort/SRR5935769_2.fastq.gz
1	2	parallel:mod	sdk	1-SRR5935770	weight=16180463	--threads	16	--output	s3://aws-kraken2-942542972736-us-west-2/aws-kraken2/g3/20261008-044702-3c2153c-55a5-n16/out/c100/1-SRR5935770/output	--report	s3://aws-kraken2-942542972736-us-west-2/aws-kraken2/g3/20261008-044702-3c2153c-55a5-n16/out/c100/1-SRR5935770/report	/home/ec2-user/ak2/cohort/SRR5935770_1.fastq.gz	/home/ec2-user/ak2/cohort/SRR5935770_2.fastq.gz
1	2	parallel:mod	sdk	1-SRR5935771	weight=9230220	--threads	16	--output	s3://aws-kraken2-942542972736-us-west-2/aws-kraken2/g3/20261008-044702-3c2153c-55a5-n16/out/c100/1-SRR5935771/output	--report	s3://aws-kraken2-942542972736-us-west-2/aws-kraken2/g3/20261008-044702-3c2153c-55a5-n16/out/c100/1-SRR5935771/report	/home/ec2-user/ak2/cohort/SRR5935771_1.fastq.gz	/home/ec2-user/ak2/cohort/SRR5935771_2.fastq.gz
1	2	parallel:mod	sdk	1-SRR5935772	weight=15271512	--threads	16	--output	s3://aws-kraken2-942542972736-us-west-2/aws-kraken2/g3/20261008-044702-3c2153c-55a5-n16/out/c100/1-SRR5935772/output	--report	s3://aws-kraken2-942542972736-us-west-2/aws-kraken2/g3/20261008-044702-3c2153c-55a5-n16/out/c100/1-SRR5935772/report	/home/ec2-user/ak2/cohort/SRR5935772_1.fastq.gz	/home/ec2-user/ak2/cohort/SRR5935772_2.fastq.gz
1	2	parallel:mod	sdk	1-SRR5935773	weight=20671571	--threads	16	--output	s3://aws-kraken2-942542972736-us-west-2/aws-kraken2/g3/20261008-044702-3c2153c-55a5-n16/out/c100/1-SRR5935773/output	--report	s3://aws-kraken2-942542972736-us-west-2/aws-kraken2/g3/20261008-044702-3c2153c-55a5-n16/out/c100/1-SRR5935773/report	/home/ec2-user/ak2/cohort/SRR5935773_1.fastq.gz	/home/ec2-user/ak2/cohort/SRR5935773_2.fastq.gz
1	2	parallel:mod	sdk	1-SRR5935774	weight=12252617	--threads	16	--output	s3://aws-kraken2-942542972736-us-west-2/aws-kraken2/g3/20261008-044702-3c2153c-55a5-n16/out/c100/1-SRR5935774/output	--report	s3://aws-kraken2-942542972736-us-west-2/aws-kraken2/g3/20261008-044702-3c2153c-55a5-n16/out/c100/1-SRR5935774/report	/home/ec2-user/ak2/cohort/SRR5935774_1.fastq.gz	/home/ec2-user/ak2/cohort/SRR5935774_2.fastq.gz
1	2	parallel:mod	sdk	1-SRR5935775	weight=13010149	--threads	16	--output	s3://aws-kraken2-942542972736-us-west-2/aws-kraken2/g3/20261008-044702-3c2153c-55a5-n16/out/c100/1-SRR5935775/output	--report	s3://aws-kraken2-942542972736-us-west-2/aws-kraken2/g3/20261008-044702-3c2153c-55a5-n16/out/c100/1-SRR5935775/report	/home/ec2-user/ak2/cohort/SRR5935775_1.fastq.gz	/home/ec2-user/ak2/cohort/SRR5935775_2.fastq.gz
1	2	parallel:mod	sdk	1-SRR5935776	weight=3168882	--threads	16	--output	s3://aws-kraken2-942542972736-us-west-2/aws-kraken2/g3/20261008-044702-3c2153c-55a5-n16/out/c100/1-SRR5935776/output	--report	s3://aws-kraken2-942542972736-us-west-2/aws-kraken2/g3/20261008-044702-3c2153c-55a5-n16/out/c100/1-SRR5935776/report	/home/ec2-user/ak2/cohort/SRR5935776_1.fastq.gz	/home/ec2-user/ak2/cohort/SRR5935776_2.fastq.gz
1	2	parallel:mod	sdk	1-SRR5935777	weight=8173049	--threads	16	--output	s3://aws-kraken2-942542972736-us-west-2/aws-kraken2/g3/20261008-044702-3c2153c-55a5-n16/out/c100/1-SRR5935777/output	--report	s3://aws-kraken2-942542972736-us-west-2/aws-kraken2/g3/20261008-044702-3c2153c-55a5-n16/out/c100/1-SRR5935777/report	/home/ec2-user/ak2/cohort/SRR5935777_1.fastq.gz	/home/ec2-user/ak2/cohort/SRR5935777_2.fastq.gz
1	2	parallel:mod	sdk	1-SRR5935778	weight=10554303	--threads	16	--output	s3://aws-kraken2-942542972736-us-west-2/aws-kraken2/g3/20261008-044702-3c2153c-55a5-n16/out/c100/1-SRR5935778/output	--report	s3://aws-kraken2-942542972736-us-west-2/aws-kraken2/g3/20261008-044702-3c2153c-55a5-n16/out/c100/1-SRR5935778/report	/home/ec2-user/ak2/cohort/SRR5935778_1.fastq.gz	/home/ec2-user/ak2/cohort/SRR5935778_2.fastq.gz
1	2	parallel:mod	sdk	1-SRR5935779	weight=5948317	--threads	16	--output	s3://aws-kraken2-942542972736-us-west-2/aws-kraken2/g3/20261008-044702-3c2153c-55a5-n16/out/c100/1-SRR5935779/output	--report	s3://aws-kraken2-942542972736-us-west-2/aws-kraken2/g3/20261008-044702-3c2153c-55a5-n16/out/c100/1-SRR5935779/report	/home/ec2-user/ak2/cohort/SRR5935779_1.fastq.gz	/home/ec2-user/ak2/cohort/SRR5935779_2.fastq.gz
1	2	parallel:mod	sdk	1-SRR5935780	weight=10716528	--threads	16	--output	s3://aws-kraken2-942542972736-us-west-2/aws-kraken2/g3/20261008-044702-3c2153c-55a5-n16/out/c100/1-SRR5935780/output	--report	s3://aws-kraken2-942542972736-us-west-2/aws-kraken2/g3/20261008-044702-3c2153c-55a5-n16/out/c100/1-SRR5935780/report	/home/ec2-user/ak2/cohort/SRR5935780_1.fastq.gz	/home/ec2-user/ak2/cohort/SRR5935780_2.fastq.gz
1	2	parallel:mod	sdk	1-SRR5935781	weight=8486948	--threads	16	--output	s3://aws-kraken2-942542972736-us-west-2/aws-kraken2/g3/20261008-044702-3c2153c-55a5-n16/out/c100/1-SRR5935781/output	--report	s3://aws-kraken2-942542972736-us-west-2/aws-kraken2/g3/20261008-044702-3c2153c-55a5-n16/out/c100/1-SRR5935781/report	/home/ec2-user/ak2/cohort/SRR5935781_1.fastq.gz	/home/ec2-user/ak2/cohort/SRR5935781_2.fastq.gz
1	2	parallel:mod	sdk	1-SRR5935782	weight=10128070	--threads	16	--output	s3://aws-kraken2-942542972736-us-west-2/aws-kraken2/g3/20261008-044702-3c2153c-55a5-n16/out/c100/1-SRR5935782/output	--report	s3://aws-kraken2-942542972736-us-west-2/aws-kraken2/g3/20261008-044702-3c2153c-55a5-n16/out/c100/1-SRR5935782/report	/home/ec2-user/ak2/cohort/SRR5935782_1.fastq.gz	/home/ec2-user/ak2/cohort/SRR5935782_2.fastq.gz
1	2	parallel:mod	sdk	1-SRR5935783	weight=2565282	--threads	16	--output	s3://aws-kraken2-942542972736-us-west-2/aws-kraken2/g3/20261008-044702-3c2153c-55a5-n16/out/c100/1-SRR5935783/output	--report	s3://aws-kraken2-942542972736-us-west-2/aws-kraken2/g3/20261008-044702-3c2153c-55a5-n16/out/c100/1-SRR5935783/report	/home/ec2-user/ak2/cohort/SRR5935783_1.fastq.gz	/home/ec2-user/ak2/cohort/SRR5935783_2.fastq.gz
1	2	parallel:mod	sdk	1-SRR5935784	weight=14800056	--threads	16	--output	s3://aws-kraken2-942542972736-us-west-2/aws-kraken2/g3/20261008-044702-3c2153c-55a5-n16/out/c100/1-SRR5935784/output	--report	s3://aws-kraken2-942542972736-us-west-2/aws-kraken2/g3/20261008-044702-3c2153c-55a5-n16/out/c100/1-SRR5935784/report	/home/ec2-user/ak2/cohort/SRR5935784_1.fastq.gz	/home/ec2-user/ak2/cohort/SRR5935784_2.fastq.gz
1	2	parallel:mod	sdk	1-SRR5935785	weight=13817496	--threads	16	--output	s3://aws-kraken2-942542972736-us-west-2/aws-kraken2/g3/20261008-044702-3c2153c-55a5-n16/out/c100/1-SRR5935785/output	--report	s3://aws-kraken2-942542972736-us-west-2/aws-kraken2/g3/20261008-044702-3c2153c-55a5-n16/out/c100/1-SRR5935785/report	/home/ec2-user/ak2/cohort/SRR5935785_1.fastq.gz	/home/ec2-user/ak2/cohort/SRR5935785_2.fastq.gz
1	2	parallel:mod	sdk	1-SRR5935786	weight=10054299	--threads	16	--output	s3://aws-kraken2-942542972736-us-west-2/aws-kraken2/g3/20261008-044702-3c2153c-55a5-n16/out/c100/1-SRR5935786/output	--report	s3://aws-kraken2-942542972736-us-west-2/aws-kraken2/g3/20261008-044702-3c2153c-55a5-n16/out/c100/1-SRR5935786/report	/home/ec2-user/ak2/cohort/SRR5935786_1.fastq.gz	/home/ec2-user/ak2/cohort/SRR5935786_2.fastq.gz
1	2	parallel:mod	sdk	1-SRR5935787	weight=16351397	--threads	16	--output	s3://aws-kraken2-942542972736-us-west-2/aws-kraken2/g3/20261008-044702-3c2153c-55a5-n16/out/c100/1-SRR5935787/output	--report	s3://aws-kraken2-942542972736-us-west-2/aws-kraken2/g3/20261008-044702-3c2153c-55a5-n16/out/c100/1-SRR5935787/report	/home/ec2-user/ak2/cohort/SRR5935787_1.fastq.gz	/home/ec2-user/ak2/cohort/SRR5935787_2.fastq.gz
1	2	parallel:mod	sdk	1-SRR5935788	weight=11073410	--threads	16	--output	s3://aws-kraken2-942542972736-us-west-2/aws-kraken2/g3/20261008-044702-3c2153c-55a5-n16/out/c100/1-SRR5935788/output	--report	s3://aws-kraken2-942542972736-us-west-2/aws-kraken2/g3/20261008-044702-3c2153c-55a5-n16/out/c100/1-SRR5935788/report	/home/ec2-user/ak2/cohort/SRR5935788_1.fastq.gz	/home/ec2-user/ak2/cohort/SRR5935788_2.fastq.gz
1	2	parallel:mod	sdk	1-SRR5935789	weight=1513694	--threads	16	--output	s3://aws-kraken2-942542972736-us-west-2/aws-kraken2/g3/20261008-044702-3c2153c-55a5-n16/out/c100/1-SRR5935789/output	--report	s3://aws-kraken2-942542972736-us-west-2/aws-kraken2/g3/20261008-044702-3c2153c-55a5-n16/out/c100/1-SRR5935789/report	/home/ec2-user/ak2/cohort/SRR5935789_1.fastq.gz	/home/ec2-user/ak2/cohort/SRR5935789_2.fastq.gz
1	2	parallel:mod	sdk	1-SRR5935790	weight=9202475	--threads	16	--output	s3://aws-kraken2-942542972736-us-west-2/aws-kraken2/g3/20261008-044702-3c2153c-55a5-n16/out/c100/1-SRR5935790/output	--report	s3://aws-kraken2-942542972736-us-west-2/aws-kraken2/g3/20261008-044702-3c2153c-55a5-n16/out/c100/1-SRR5935790/report	/home/ec2-user/ak2/cohort/SRR5935790_1.fastq.gz	/home/ec2-user/ak2/cohort/SRR5935790_2.fastq.gz
1	2	parallel:mod	sdk	1-SRR5935791	weight=10140194	--threads	16	--output	s3://aws-kraken2-942542972736-us-west-2/aws-kraken2/g3/20261008-044702-3c2153c-55a5-n16/out/c100/1-SRR5935791/output	--report	s3://aws-kraken2-942542972736-us-west-2/aws-kraken2/g3/20261008-044702-3c2153c-55a5-n16/out/c100/1-SRR5935791/report	/home/ec2-user/ak2/cohort/SRR5935791_1.fastq.gz	/home/ec2-user/ak2/cohort/SRR5935791_2.fastq.gz
1	2	parallel:mod	sdk	1-SRR5935792	weight=11437813	--threads	16	--output	s3://aws-kraken2-942542972736-us-west-2/aws-kraken2/g3/20261008-044702-3c2153c-55a5-n16/out/c100/1-SRR5935792/output	--report	s3://aws-kraken2-942542972736-us-west-2/aws-kraken2/g3/20261008-044702-3c2153c-55a5-n16/out/c100/1-SRR5935792/report	/home/ec2-user/ak2/cohort/SRR5935792_1.fastq.gz	/home/ec2-user/ak2/cohort/SRR5935792_2.fastq.gz
1	2	parallel:mod	sdk	1-SRR5935793	weight=1771479	--threads	16	--output	s3://aws-kraken2-942542972736-us-west-2/aws-kraken2/g3/20261008-044702-3c2153c-55a5-n16/out/c100/1-SRR5935793/output	--report	s3://aws-kraken2-942542972736-us-west-2/aws-kraken2/g3/20261008-044702-3c2153c-55a5-n16/out/c100/1-SRR5935793/report	/home/ec2-user/ak2/cohort/SRR5935793_1.fastq.gz	/home/ec2-user/ak2/cohort/SRR5935793_2.fastq.gz
1	2	parallel:mod	sdk	1-SRR5935794	weight=13404063	--threads	16	--output	s3://aws-kraken2-942542972736-us-west-2/aws-kraken2/g3/20261008-044702-3c2153c-55a5-n16/out/c100/1-SRR5935794/output	--report	s3://aws-kraken2-942542972736-us-west-2/aws-kraken2/g3/20261008-044702-3c2153c-55a5-n16/out/c100/1-SRR5935794/report	/home/ec2-user/ak2/cohort/SRR5935794_1.fastq.gz	/home/ec2-user/ak2/cohort/SRR5935794_2.fastq.gz
1	2	parallel:mod	sdk	1-SRR5935795	weight=11924297	--threads	16	--output	s3://aws-kraken2-942542972736-us-west-2/aws-kraken2/g3/20261008-044702-3c2153c-55a5-n16/out/c100/1-SRR5935795/output	--report	s3://aws-kraken2-942542972736-us-west-2/aws-kraken2/g3/20261008-044702-3c2153c-55a5-n16/out/c100/1-SRR5935795/report	/home/ec2-user/ak2/cohort/SRR5935795_1.fastq.gz	/home/ec2-user/ak2/cohort/SRR5935795_2.fastq.gz
1	2	parallel:mod	sdk	1-SRR5935796	weight=14959235	--threads	16	--output	s3://aws-kraken2-942542972736-us-west-2/aws-kraken2/g3/20261008-044702-3c2153c-55a5-n16/out/c100/1-SRR5935796/output	--report	s3://aws-kraken2-942542972736-us-west-2/aws-kraken2/g3/20261008-044702-3c2153c-55a5-n16/out/c100/1-SRR5935796/report	/home/ec2-user/ak2/cohort/SRR5935796_1.fastq.gz	/home/ec2-user/ak2/cohort/SRR5935796_2.fastq.gz
1	2	parallel:mod	sdk	1-SRR5935797	weight=8439357	--threads	16	--output	s3://aws-kraken2-942542972736-us-west-2/aws-kraken2/g3/20261008-044702-3c2153c-55a5-n16/out/c100/1-SRR5935797/output	--report	s3://aws-kraken2-942542972736-us-west-2/aws-kraken2/g3/20261008-044702-3c2153c-55a5-n16/out/c100/1-SRR5935797/report	/home/ec2-user/ak2/cohort/SRR5935797_1.fastq.gz	/home/ec2-user/ak2/cohort/SRR5935797_2.fastq.gz
1	2	parallel:mod	sdk	1-SRR5935798	weight=20086542	--threads	16	--output	s3://aws-kraken2-942542972736-us-west-2/aws-kraken2/g3/20261008-044702-3c2153c-55a5-n16/out/c100/1-SRR5935798/output	--report	s3://aws-kraken2-942542972736-us-west-2/aws-kraken2/g3/20261008-044702-3c2153c-55a5-n16/out/c100/1-SRR5935798/report	/home/ec2-user/ak2/cohort/SRR5935798_1.fastq.gz	/home/ec2-user/ak2/cohort/SRR5935798_2.fastq.gz
1	2	parallel:mod	sdk	1-SRR5935799	weight=9090205	--threads	16	--output	s3://aws-kraken2-942542972736-us-west-2/aws-kraken2/g3/20261008-044702-3c2153c-55a5-n16/out/c100/1-SRR5935799/output	--report	s3://aws-kraken2-942542972736-us-west-2/aws-kraken2/g3/20261008-044702-3c2153c-55a5-n16/out/c100/1-SRR5935799/report	/home/ec2-user/ak2/cohort/SRR5935799_1.fastq.gz	/home/ec2-user/ak2/cohort/SRR5935799_2.fastq.gz
1	2	parallel:mod	sdk	1-SRR5935800	weight=15080696	--threads	16	--output	s3://aws-kraken2-942542972736-us-west-2/aws-kraken2/g3/20261008-044702-3c2153c-55a5-n16/out/c100/1-SRR5935800/output	--report	s3://aws-kraken2-942542972736-us-west-2/aws-kraken2/g3/20261008-044702-3c2153c-55a5-n16/out/c100/1-SRR5935800/report	/home/ec2-user/ak2/cohort/SRR5935800_1.fastq.gz	/home/ec2-user/ak2/cohort/SRR5935800_2.fastq.gz
1	2	parallel:mod	sdk	1-SRR5935801	weight=13162386	--threads	16	--output	s3://aws-kraken2-942542972736-us-west-2/aws-kraken2/g3/20261008-044702-3c2153c-55a5-n16/out/c100/1-SRR5935801/output	--report	s3://aws-kraken2-942542972736-us-west-2/aws-kraken2/g3/20261008-044702-3c2153c-55a5-n16/out/c100/1-SRR5935801/report	/home/ec2-user/ak2/cohort/SRR5935801_1.fastq.gz	/home/ec2-user/ak2/cohort/SRR5935801_2.fastq.gz
1	2	parallel:mod	sdk	1-SRR5935802	weight=16720060	--threads	16	--output	s3://aws-kraken2-942542972736-us-west-2/aws-kraken2/g3/20261008-044702-3c2153c-55a5-n16/out/c100/1-SRR5935802/output	--report	s3://aws-kraken2-942542972736-us-west-2/aws-kraken2/g3/20261008-044702-3c2153c-55a5-n16/out/c100/1-SRR5935802/report	/home/ec2-user/ak2/cohort/SRR5935802_1.fastq.gz	/home/ec2-user/ak2/cohort/SRR5935802_2.fastq.gz
1	2	parallel:mod	sdk	1-SRR5935803	weight=18392491	--threads	16	--output	s3://aws-kraken2-942542972736-us-west-2/aws-kraken2/g3/20261008-044702-3c2153c-55a5-n16/out/c100/1-SRR5935803/output	--report	s3://aws-kraken2-942542972736-us-west-2/aws-kraken2/g3/20261008-044702-3c2153c-55a5-n16/out/c100/1-SRR5935803/report	/home/ec2-user/ak2/cohort/SRR5935803_1.fastq.gz	/home/ec2-user/ak2/cohort/SRR5935803_2.fastq.gz
1	2	parallel:mod	sdk	1-SRR5935804	weight=13253368	--threads	16	--output	s3://aws-kraken2-942542972736-us-west-2/aws-kraken2/g3/20261008-044702-3c2153c-55a5-n16/out/c100/1-SRR5935804/output	--report	s3://aws-kraken2-942542972736-us-west-2/aws-kraken2/g3/20261008-044702-3c2153c-55a5-n16/out/c100/1-SRR5935804/report	/home/ec2-user/ak2/cohort/SRR5935804_1.fastq.gz	/home/ec2-user/ak2/cohort/SRR5935804_2.fastq.gz
1	2	parallel:mod	sdk	1-SRR5935805	weight=2823474	--threads	16	--output	s3://aws-kraken2-942542972736-us-west-2/aws-kraken2/g3/20261008-044702-3c2153c-55a5-n16/out/c100/1-SRR5935805/output	--report	s3://aws-kraken2-942542972736-us-west-2/aws-kraken2/g3/20261008-044702-3c2153c-55a5-n16/out/c100/1-SRR5935805/report	/home/ec2-user/ak2/cohort/SRR5935805_1.fastq.gz	/home/ec2-user/ak2/cohort/SRR5935805_2.fastq.gz
1	2	parallel:mod	sdk	1-SRR5935806	weight=14472574	--threads	16	--output	s3://aws-kraken2-942542972736-us-west-2/aws-kraken2/g3/20261008-044702-3c2153c-55a5-n16/out/c100/1-SRR5935806/output	--report	s3://aws-kraken2-942542972736-us-west-2/aws-kraken2/g3/20261008-044702-3c2153c-55a5-n16/out/c100/1-SRR5935806/report	/home/ec2-user/ak2/cohort/SRR5935806_1.fastq.gz	/home/ec2-user/ak2/cohort/SRR5935806_2.fastq.gz
1	2	parallel:mod	sdk	1-SRR5935807	weight=16708997	--threads	16	--output	s3://aws-kraken2-942542972736-us-west-2/aws-kraken2/g3/20261008-044702-3c2153c-55a5-n16/out/c100/1-SRR5935807/output	--report	s3://aws-kraken2-942542972736-us-west-2/aws-kraken2/g3/20261008-044702-3c2153c-55a5-n16/out/c100/1-SRR5935807/report	/home/ec2-user/ak2/cohort/SRR5935807_1.fastq.gz	/home/ec2-user/ak2/cohort/SRR5935807_2.fastq.gz
1	2	parallel:mod	sdk	1-SRR5935808	weight=15500933	--threads	16	--output	s3://aws-kraken2-942542972736-us-west-2/aws-kraken2/g3/20261008-044702-3c2153c-55a5-n16/out/c100/1-SRR5935808/output	--report	s3://aws-kraken2-942542972736-us-west-2/aws-kraken2/g3/20261008-044702-3c2153c-55a5-n16/out/c100/1-SRR5935808/report	/home/ec2-user/ak2/cohort/SRR5935808_1.fastq.gz	/home/ec2-user/ak2/cohort/SRR5935808_2.fastq.gz
1	2	parallel:mod	sdk	1-SRR5935809	weight=1539039	--threads	16	--output	s3://aws-kraken2-942542972736-us-west-2/aws-kraken2/g3/20261008-044702-3c2153c-55a5-n16/out/c100/1-SRR5935809/output	--report	s3://aws-kraken2-942542972736-us-west-2/aws-kraken2/g3/20261008-044702-3c2153c-55a5-n16/out/c100/1-SRR5935809/report	/home/ec2-user/ak2/cohort/SRR5935809_1.fastq.gz	/home/ec2-user/ak2/cohort/SRR5935809_2.fastq.gz
1	2	parallel:mod	sdk	1-SRR5935810	weight=15280552	--threads	16	--output	s3://aws-kraken2-942542972736-us-west-2/aws-kraken2/g3/20261008-044702-3c2153c-55a5-n16/out/c100/1-SRR5935810/output	--report	s3://aws-kraken2-942542972736-us-west-2/aws-kraken2/g3/20261008-044702-3c2153c-55a5-n16/out/c100/1-SRR5935810/report	/home/ec2-user/ak2/cohort/SRR5935810_1.fastq.gz	/home/ec2-user/ak2/cohort/SRR5935810_2.fastq.gz
1	2	parallel:mod	sdk	1-SRR5935811	weight=10067025	--threads	16	--output	s3://aws-kraken2-942542972736-us-west-2/aws-kraken2/g3/20261008-044702-3c2153c-55a5-n16/out/c100/1-SRR5935811/output	--report	s3://aws-kraken2-942542972736-us-west-2/aws-kraken2/g3/20261008-044702-3c2153c-55a5-n16/out/c100/1-SRR5935811/report	/home/ec2-user/ak2/cohort/SRR5935811_1.fastq.gz	/home/ec2-user/ak2/cohort/SRR5935811_2.fastq.gz
1	2	parallel:mod	sdk	1-SRR5935812	weight=9108174	--threads	16	--output	s3://aws-kraken2-942542972736-us-west-2/aws-kraken2/g3/20261008-044702-3c2153c-55a5-n16/out/c100/1-SRR5935812/output	--report	s3://aws-kraken2-942542972736-us-west-2/aws-kraken2/g3/20261008-044702-3c2153c-55a5-n16/out/c100/1-SRR5935812/report	/home/ec2-user/ak2/cohort/SRR5935812_1.fastq.gz	/home/ec2-user/ak2/cohort/SRR5935812_2.fastq.gz
1	2	parallel:mod	sdk	1-SRR5935813	weight=16980616	--threads	16	--output	s3://aws-kraken2-942542972736-us-west-2/aws-kraken2/g3/20261008-044702-3c2153c-55a5-n16/out/c100/1-SRR5935813/output	--report	s3://aws-kraken2-942542972736-us-west-2/aws-kraken2/g3/20261008-044702-3c2153c-55a5-n16/out/c100/1-SRR5935813/report	/home/ec2-user/ak2/cohort/SRR5935813_1.fastq.gz	/home/ec2-user/ak2/cohort/SRR5935813_2.fastq.gz
1	2	parallel:mod	sdk	1-SRR5935814	weight=5072545	--threads	16	--output	s3://aws-kraken2-942542972736-us-west-2/aws-kraken2/g3/20261008-044702-3c2153c-55a5-n16/out/c100/1-SRR5935814/output	--report	s3://aws-kraken2-942542972736-us-west-2/aws-kraken2/g3/20261008-044702-3c2153c-55a5-n16/out/c100/1-SRR5935814/report	/home/ec2-user/ak2/cohort/SRR5935814_1.fastq.gz	/home/ec2-user/ak2/cohort/SRR5935814_2.fastq.gz
1	2	parallel:mod	sdk	1-SRR5935815	weight=7153468	--threads	16	--output	s3://aws-kraken2-942542972736-us-west-2/aws-kraken2/g3/20261008-044702-3c2153c-55a5-n16/out/c100/1-SRR5935815/output	--report	s3://aws-kraken2-942542972736-us-west-2/aws-kraken2/g3/20261008-044702-3c2153c-55a5-n16/out/c100/1-SRR5935815/report	/home/ec2-user/ak2/cohort/SRR5935815_1.fastq.gz	/home/ec2-user/ak2/cohort/SRR5935815_2.fastq.gz
1	2	parallel:mod	sdk	1-SRR5935816	weight=12244248	--threads	16	--output	s3://aws-kraken2-942542972736-us-west-2/aws-kraken2/g3/20261008-044702-3c2153c-55a5-n16/out/c100/1-SRR5935816/output	--report	s3://aws-kraken2-942542972736-us-west-2/aws-kraken2/g3/20261008-044702-3c2153c-55a5-n16/out/c100/1-SRR5935816/report	/home/ec2-user/ak2/cohort/SRR5935816_1.fastq.gz	/home/ec2-user/ak2/cohort/SRR5935816_2.fastq.gz
1	2	parallel:mod	sdk	1-SRR5935817	weight=14261195	--threads	16	--output	s3://aws-kraken2-942542972736-us-west-2/aws-kraken2/g3/20261008-044702-3c2153c-55a5-n16/out/c100/1-SRR5935817/output	--report	s3://aws-kraken2-942542972736-us-west-2/aws-kraken2/g3/20261008-044702-3c2153c-55a5-n16/out/c100/1-SRR5935817/report	/home/ec2-user/ak2/cohort/SRR5935817_1.fastq.gz	/home/ec2-user/ak2/cohort/SRR5935817_2.fastq.gz
1	2	parallel:mod	sdk	1-SRR5935818	weight=8877621	--threads	16	--output	s3://aws-kraken2-942542972736-us-west-2/aws-kraken2/g3/20261008-044702-3c2153c-55a5-n16/out/c100/1-SRR5935818/output	--report	s3://aws-kraken2-942542972736-us-west-2/aws-kraken2/g3/20261008-044702-3c2153c-55a5-n16/out/c100/1-SRR5935818/report	/home/ec2-user/ak2/cohort/SRR5935818_1.fastq.gz	/home/ec2-user/ak2/cohort/SRR5935818_2.fastq.gz
1	2	parallel:mod	sdk	1-SRR5935819	weight=10896278	--threads	16	--output	s3://aws-kraken2-942542972736-us-west-2/aws-kraken2/g3/20261008-044702-3c2153c-55a5-n16/out/c100/1-SRR5935819/output	--report	s3://aws-kraken2-942542972736-us-west-2/aws-kraken2/g3/20261008-044702-3c2153c-55a5-n16/out/c100/1-SRR5935819/report	/home/ec2-user/ak2/cohort/SRR5935819_1.fastq.gz	/home/ec2-user/ak2/cohort/SRR5935819_2.fastq.gz
1	2	parallel:mod	sdk	1-SRR5935820	weight=12062510	--threads	16	--output	s3://aws-kraken2-942542972736-us-west-2/aws-kraken2/g3/20261008-044702-3c2153c-55a5-n16/out/c100/1-SRR5935820/output	--report	s3://aws-kraken2-942542972736-us-west-2/aws-kraken2/g3/20261008-044702-3c2153c-55a5-n16/out/c100/1-SRR5935820/report	/home/ec2-user/ak2/cohort/SRR5935820_1.fastq.gz	/home/ec2-user/ak2/cohort/SRR5935820_2.fastq.gz
1	2	parallel:mod	sdk	1-SRR5935821	weight=297656	--threads	16	--output	s3://aws-kraken2-942542972736-us-west-2/aws-kraken2/g3/20261008-044702-3c2153c-55a5-n16/out/c100/1-SRR5935821/output	--report	s3://aws-kraken2-942542972736-us-west-2/aws-kraken2/g3/20261008-044702-3c2153c-55a5-n16/out/c100/1-SRR5935821/report	/home/ec2-user/ak2/cohort/SRR5935821_1.fastq.gz	/home/ec2-user/ak2/cohort/SRR5935821_2.fastq.gz
1	2	parallel:mod	sdk	1-SRR5935822	weight=13365245	--threads	16	--output	s3://aws-kraken2-942542972736-us-west-2/aws-kraken2/g3/20261008-044702-3c2153c-55a5-n16/out/c100/1-SRR5935822/output	--report	s3://aws-kraken2-942542972736-us-west-2/aws-kraken2/g3/20261008-044702-3c2153c-55a5-n16/out/c100/1-SRR5935822/report	/home/ec2-user/ak2/cohort/SRR5935822_1.fastq.gz	/home/ec2-user/ak2/cohort/SRR5935822_2.fastq.gz
1	2	parallel:mod	sdk	1-SRR5935823	weight=20770968	--threads	16	--output	s3://aws-kraken2-942542972736-us-west-2/aws-kraken2/g3/20261008-044702-3c2153c-55a5-n16/out/c100/1-SRR5935823/output	--report	s3://aws-kraken2-942542972736-us-west-2/aws-kraken2/g3/20261008-044702-3c2153c-55a5-n16/out/c100/1-SRR5935823/report	/home/ec2-user/ak2/cohort/SRR5935823_1.fastq.gz	/home/ec2-user/ak2/cohort/SRR5935823_2.fastq.gz
1	2	parallel:mod	sdk	1-SRR5935824	weight=8745078	--threads	16	--output	s3://aws-kraken2-942542972736-us-west-2/aws-kraken2/g3/20261008-044702-3c2153c-55a5-n16/out/c100/1-SRR5935824/output	--report	s3://aws-kraken2-942542972736-us-west-2/aws-kraken2/g3/20261008-044702-3c2153c-55a5-n16/out/c100/1-SRR5935824/report	/home/ec2-user/ak2/cohort/SRR5935824_1.fastq.gz	/home/ec2-user/ak2/cohort/SRR5935824_2.fastq.gz
1	2	parallel:mod	sdk	1-SRR5935825	weight=11458367	--threads	16	--output	s3://aws-kraken2-942542972736-us-west-2/aws-kraken2/g3/20261008-044702-3c2153c-55a5-n16/out/c100/1-SRR5935825/output	--report	s3://aws-kraken2-942542972736-us-west-2/aws-kraken2/g3/20261008-044702-3c2153c-55a5-n16/out/c100/1-SRR5935825/report	/home/ec2-user/ak2/cohort/SRR5935825_1.fastq.gz	/home/ec2-user/ak2/cohort/SRR5935825_2.fastq.gz
1	2	parallel:mod	sdk	1-SRR5935826	weight=8766123	--threads	16	--output	s3://aws-kraken2-942542972736-us-west-2/aws-kraken2/g3/20261008-044702-3c2153c-55a5-n16/out/c100/1-SRR5935826/output	--report	s3://aws-kraken2-942542972736-us-west-2/aws-kraken2/g3/20261008-044702-3c2153c-55a5-n16/out/c100/1-SRR5935826/report	/home/ec2-user/ak2/cohort/SRR5935826_1.fastq.gz	/home/ec2-user/ak2/cohort/SRR5935826_2.fastq.gz
1	2	parallel:mod	sdk	1-SRR5935827	weight=16260968	--threads	16	--output	s3://aws-kraken2-942542972736-us-west-2/aws-kraken2/g3/20261008-044702-3c2153c-55a5-n16/out/c100/1-SRR5935827/output	--report	s3://aws-kraken2-942542972736-us-west-2/aws-kraken2/g3/20261008-044702-3c2153c-55a5-n16/out/c100/1-SRR5935827/report	/home/ec2-user/ak2/cohort/SRR5935827_1.fastq.gz	/home/ec2-user/ak2/cohort/SRR5935827_2.fastq.gz
1	2	parallel:mod	sdk	1-SRR5935828	weight=8326050	--threads	16	--output	s3://aws-kraken2-942542972736-us-west-2/aws-kraken2/g3/20261008-044702-3c2153c-55a5-n16/out/c100/1-SRR5935828/output	--report	s3://aws-kraken2-942542972736-us-west-2/aws-kraken2/g3/20261008-044702-3c2153c-55a5-n16/out/c100/1-SRR5935828/report	/home/ec2-user/ak2/cohort/SRR5935828_1.fastq.gz	/home/ec2-user/ak2/cohort/SRR5935828_2.fastq.gz
1	2	parallel:mod	sdk	1-SRR5935829	weight=11220767	--threads	16	--output	s3://aws-kraken2-942542972736-us-west-2/aws-kraken2/g3/20261008-044702-3c2153c-55a5-n16/out/c100/1-SRR5935829/output	--report	s3://aws-kraken2-942542972736-us-west-2/aws-kraken2/g3/20261008-044702-3c2153c-55a5-n16/out/c100/1-SRR5935829/report	/home/ec2-user/ak2/cohort/SRR5935829_1.fastq.gz	/home/ec2-user/ak2/cohort/SRR5935829_2.fastq.gz
1	2	parallel:mod	sdk	1-SRR5935830	weight=14303962	--threads	16	--output	s3://aws-kraken2-942542972736-us-west-2/aws-kraken2/g3/20261008-044702-3c2153c-55a5-n16/out/c100/1-SRR5935830/output	--report	s3://aws-kraken2-942542972736-us-west-2/aws-kraken2/g3/20261008-044702-3c2153c-55a5-n16/out/c100/1-SRR5935830/report	/home/ec2-user/ak2/cohort/SRR5935830_1.fastq.gz	/home/ec2-user/ak2/cohort/SRR5935830_2.fastq.gz
1	2	parallel:mod	sdk	1-SRR5935831	weight=12793053	--threads	16	--output	s3://aws-kraken2-942542972736-us-west-2/aws-kraken2/g3/20261008-044702-3c2153c-55a5-n16/out/c100/1-SRR5935831/output	--report	s3://aws-kraken2-942542972736-us-west-2/aws-kraken2/g3/20261008-044702-3c2153c-55a5-n16/out/c100/1-SRR5935831/report	/home/ec2-user/ak2/cohort/SRR5935831_1.fastq.gz	/home/ec2-user/ak2/cohort/SRR5935831_2.fastq.gz
1	2	parallel:mod	sdk	1-SRR5935832	weight=6882441	--threads	16	--output	s3://aws-kraken2-942542972736-us-west-2/aws-kraken2/g3/20261008-044702-3c2153c-55a5-n16/out/c100/1-SRR5935832/output	--report	s3://aws-kraken2-942542972736-us-west-2/aws-kraken2/g3/20261008-044702-3c2153c-55a5-n16/out/c100/1-SRR5935832/report	/home/ec2-user/ak2/cohort/SRR5935832_1.fastq.gz	/home/ec2-user/ak2/cohort/SRR5935832_2.fastq.gz
1	2	parallel:mod	sdk	1-SRR5935833	weight=12711109	--threads	16	--output	s3://aws-kraken2-942542972736-us-west-2/aws-kraken2/g3/20261008-044702-3c2153c-55a5-n16/out/c100/1-SRR5935833/output	--report	s3://aws-kraken2-942542972736-us-west-2/aws-kraken2/g3/20261008-044702-3c2153c-55a5-n16/out/c100/1-SRR5935833/report	/home/ec2-user/ak2/cohort/SRR5935833_1.fastq.gz	/home/ec2-user/ak2/cohort/SRR5935833_2.fastq.gz
1	2	parallel:mod	sdk	1-SRR5935834	weight=12610038	--threads	16	--output	s3://aws-kraken2-942542972736-us-west-2/aws-kraken2/g3/20261008-044702-3c2153c-55a5-n16/out/c100/1-SRR5935834/output	--report	s3://aws-kraken2-942542972736-us-west-2/aws-kraken2/g3/20261008-044702-3c2153c-55a5-n16/out/c100/1-SRR5935834/report	/home/ec2-user/ak2/cohort/SRR5935834_1.fastq.gz	/home/ec2-user/ak2/cohort/SRR5935834_2.fastq.gz
1	2	parallel:mod	sdk	1-SRR5935835	weight=1341509	--threads	16	--output	s3://aws-kraken2-942542972736-us-west-2/aws-kraken2/g3/20261008-044702-3c2153c-55a5-n16/out/c100/1-SRR5935835/output	--report	s3://aws-kraken2-942542972736-us-west-2/aws-kraken2/g3/20261008-044702-3c2153c-55a5-n16/out/c100/1-SRR5935835/report	/home/ec2-user/ak2/cohort/SRR5935835_1.fastq.gz	/home/ec2-user/ak2/cohort/SRR5935835_2.fastq.gz
1	2	parallel:mod	sdk	1-SRR5935836	weight=7326365	--threads	16	--output	s3://aws-kraken2-942542972736-us-west-2/aws-kraken2/g3/20261008-044702-3c2153c-55a5-n16/out/c100/1-SRR5935836/output	--report	s3://aws-kraken2-942542972736-us-west-2/aws-kraken2/g3/20261008-044702-3c2153c-55a5-n16/out/c100/1-SRR5935836/report	/home/ec2-user/ak2/cohort/SRR5935836_1.fastq.gz	/home/ec2-user/ak2/cohort/SRR5935836_2.fastq.gz
1	2	parallel:mod	sdk	1-SRR5935837	weight=9337913	--threads	16	--output	s3://aws-kraken2-942542972736-us-west-2/aws-kraken2/g3/20261008-044702-3c2153c-55a5-n16/out/c100/1-SRR5935837/output	--report	s3://aws-kraken2-942542972736-us-west-2/aws-kraken2/g3/20261008-044702-3c2153c-55a5-n16/out/c100/1-SRR5935837/report	/home/ec2-user/ak2/cohort/SRR5935837_1.fastq.gz	/home/ec2-user/ak2/cohort/SRR5935837_2.fastq.gz
1	2	parallel:mod	sdk	1-SRR5935838	weight=14615323	--threads	16	--output	s3://aws-kraken2-942542972736-us-west-2/aws-kraken2/g3/20261008-044702-3c2153c-55a5-n16/out/c100/1-SRR5935838/output	--report	s3://aws-kraken2-942542972736-us-west-2/aws-kraken2/g3/20261008-044702-3c2153c-55a5-n16/out/c100/1-SRR5935838/report	/home/ec2-user/ak2/cohort/SRR5935838_1.fastq.gz	/home/ec2-user/ak2/cohort/SRR5935838_2.fastq.gz
1	2	parallel:mod	sdk	1-SRR5935839	weight=1085628	--threads	16	--output	s3://aws-kraken2-942542972736-us-west-2/aws-kraken2/g3/20261008-044702-3c2153c-55a5-n16/out/c100/1-SRR5935839/output	--report	s3://aws-kraken2-942542972736-us-west-2/aws-kraken2/g3/20261008-044702-3c2153c-55a5-n16/out/c100/1-SRR5935839/report	/home/ec2-user/ak2/cohort/SRR5935839_1.fastq.gz	/home/ec2-user/ak2/cohort/SRR5935839_2.fastq.gz
2	2	parallel:lpt	sdk	2-SRR5935740	weight=10532910	--threads	16	--output	s3://aws-kraken2-942542972736-us-west-2/aws-kraken2/g3/20261008-044702-3c2153c-55a5-n16/out/c100/2-SRR5935740/output	--report	s3://aws-kraken2-942542972736-us-west-2/aws-kraken2/g3/20261008-044702-3c2153c-55a5-n16/out/c100/2-SRR5935740/report	/home/ec2-user/ak2/cohort/SRR5935740_1.fastq.gz	/home/ec2-user/ak2/cohort/SRR5935740_2.fastq.gz
2	2	parallel:lpt	sdk	2-SRR5935741	weight=16518263	--threads	16	--output	s3://aws-kraken2-942542972736-us-west-2/aws-kraken2/g3/20261008-044702-3c2153c-55a5-n16/out/c100/2-SRR5935741/output	--report	s3://aws-kraken2-942542972736-us-west-2/aws-kraken2/g3/20261008-044702-3c2153c-55a5-n16/out/c100/2-SRR5935741/report	/home/ec2-user/ak2/cohort/SRR5935741_1.fastq.gz	/home/ec2-user/ak2/cohort/SRR5935741_2.fastq.gz
2	2	parallel:lpt	sdk	2-SRR5935742	weight=12325847	--threads	16	--output	s3://aws-kraken2-942542972736-us-west-2/aws-kraken2/g3/20261008-044702-3c2153c-55a5-n16/out/c100/2-SRR5935742/output	--report	s3://aws-kraken2-942542972736-us-west-2/aws-kraken2/g3/20261008-044702-3c2153c-55a5-n16/out/c100/2-SRR5935742/report	/home/ec2-user/ak2/cohort/SRR5935742_1.fastq.gz	/home/ec2-user/ak2/cohort/SRR5935742_2.fastq.gz
2	2	parallel:lpt	sdk	2-SRR5935743	weight=201473	--threads	16	--output	s3://aws-kraken2-942542972736-us-west-2/aws-kraken2/g3/20261008-044702-3c2153c-55a5-n16/out/c100/2-SRR5935743/output	--report	s3://aws-kraken2-942542972736-us-west-2/aws-kraken2/g3/20261008-044702-3c2153c-55a5-n16/out/c100/2-SRR5935743/report	/home/ec2-user/ak2/cohort/SRR5935743_1.fastq.gz	/home/ec2-user/ak2/cohort/SRR5935743_2.fastq.gz
2	2	parallel:lpt	sdk	2-SRR5935744	weight=15328347	--threads	16	--output	s3://aws-kraken2-942542972736-us-west-2/aws-kraken2/g3/20261008-044702-3c2153c-55a5-n16/out/c100/2-SRR5935744/output	--report	s3://aws-kraken2-942542972736-us-west-2/aws-kraken2/g3/20261008-044702-3c2153c-55a5-n16/out/c100/2-SRR5935744/report	/home/ec2-user/ak2/cohort/SRR5935744_1.fastq.gz	/home/ec2-user/ak2/cohort/SRR5935744_2.fastq.gz
2	2	parallel:lpt	sdk	2-SRR5935745	weight=10492437	--threads	16	--output	s3://aws-kraken2-942542972736-us-west-2/aws-kraken2/g3/20261008-044702-3c2153c-55a5-n16/out/c100/2-SRR5935745/output	--report	s3://aws-kraken2-942542972736-us-west-2/aws-kraken2/g3/20261008-044702-3c2153c-55a5-n16/out/c100/2-SRR5935745/report	/home/ec2-user/ak2/cohort/SRR5935745_1.fastq.gz	/home/ec2-user/ak2/cohort/SRR5935745_2.fastq.gz
2	2	parallel:lpt	sdk	2-SRR5935746	weight=11012615	--threads	16	--output	s3://aws-kraken2-942542972736-us-west-2/aws-kraken2/g3/20261008-044702-3c2153c-55a5-n16/out/c100/2-SRR5935746/output	--report	s3://aws-kraken2-942542972736-us-west-2/aws-kraken2/g3/20261008-044702-3c2153c-55a5-n16/out/c100/2-SRR5935746/report	/home/ec2-user/ak2/cohort/SRR5935746_1.fastq.gz	/home/ec2-user/ak2/cohort/SRR5935746_2.fastq.gz
2	2	parallel:lpt	sdk	2-SRR5935747	weight=3036382	--threads	16	--output	s3://aws-kraken2-942542972736-us-west-2/aws-kraken2/g3/20261008-044702-3c2153c-55a5-n16/out/c100/2-SRR5935747/output	--report	s3://aws-kraken2-942542972736-us-west-2/aws-kraken2/g3/20261008-044702-3c2153c-55a5-n16/out/c100/2-SRR5935747/report	/home/ec2-user/ak2/cohort/SRR5935747_1.fastq.gz	/home/ec2-user/ak2/cohort/SRR5935747_2.fastq.gz
2	2	parallel:lpt	sdk	2-SRR5935748	weight=11859598	--threads	16	--output	s3://aws-kraken2-942542972736-us-west-2/aws-kraken2/g3/20261008-044702-3c2153c-55a5-n16/out/c100/2-SRR5935748/output	--report	s3://aws-kraken2-942542972736-us-west-2/aws-kraken2/g3/20261008-044702-3c2153c-55a5-n16/out/c100/2-SRR5935748/report	/home/ec2-user/ak2/cohort/SRR5935748_1.fastq.gz	/home/ec2-user/ak2/cohort/SRR5935748_2.fastq.gz
2	2	parallel:lpt	sdk	2-SRR5935749	weight=18879904	--threads	16	--output	s3://aws-kraken2-942542972736-us-west-2/aws-kraken2/g3/20261008-044702-3c2153c-55a5-n16/out/c100/2-SRR5935749/output	--report	s3://aws-kraken2-942542972736-us-west-2/aws-kraken2/g3/20261008-044702-3c2153c-55a5-n16/out/c100/2-SRR5935749/report	/home/ec2-user/ak2/cohort/SRR5935749_1.fastq.gz	/home/ec2-user/ak2/cohort/SRR5935749_2.fastq.gz
2	2	parallel:lpt	sdk	2-SRR5935750	weight=6552107	--threads	16	--output	s3://aws-kraken2-942542972736-us-west-2/aws-kraken2/g3/20261008-044702-3c2153c-55a5-n16/out/c100/2-SRR5935750/output	--report	s3://aws-kraken2-942542972736-us-west-2/aws-kraken2/g3/20261008-044702-3c2153c-55a5-n16/out/c100/2-SRR5935750/report	/home/ec2-user/ak2/cohort/SRR5935750_1.fastq.gz	/home/ec2-user/ak2/cohort/SRR5935750_2.fastq.gz
2	2	parallel:lpt	sdk	2-SRR5935751	weight=18645445	--threads	16	--output	s3://aws-kraken2-942542972736-us-west-2/aws-kraken2/g3/20261008-044702-3c2153c-55a5-n16/out/c100/2-SRR5935751/output	--report	s3://aws-kraken2-942542972736-us-west-2/aws-kraken2/g3/20261008-044702-3c2153c-55a5-n16/out/c100/2-SRR5935751/report	/home/ec2-user/ak2/cohort/SRR5935751_1.fastq.gz	/home/ec2-user/ak2/cohort/SRR5935751_2.fastq.gz
2	2	parallel:lpt	sdk	2-SRR5935752	weight=14298074	--threads	16	--output	s3://aws-kraken2-942542972736-us-west-2/aws-kraken2/g3/20261008-044702-3c2153c-55a5-n16/out/c100/2-SRR5935752/output	--report	s3://aws-kraken2-942542972736-us-west-2/aws-kraken2/g3/20261008-044702-3c2153c-55a5-n16/out/c100/2-SRR5935752/report	/home/ec2-user/ak2/cohort/SRR5935752_1.fastq.gz	/home/ec2-user/ak2/cohort/SRR5935752_2.fastq.gz
2	2	parallel:lpt	sdk	2-SRR5935753	weight=14164085	--threads	16	--output	s3://aws-kraken2-942542972736-us-west-2/aws-kraken2/g3/20261008-044702-3c2153c-55a5-n16/out/c100/2-SRR5935753/output	--report	s3://aws-kraken2-942542972736-us-west-2/aws-kraken2/g3/20261008-044702-3c2153c-55a5-n16/out/c100/2-SRR5935753/report	/home/ec2-user/ak2/cohort/SRR5935753_1.fastq.gz	/home/ec2-user/ak2/cohort/SRR5935753_2.fastq.gz
2	2	parallel:lpt	sdk	2-SRR5935754	weight=10479816	--threads	16	--output	s3://aws-kraken2-942542972736-us-west-2/aws-kraken2/g3/20261008-044702-3c2153c-55a5-n16/out/c100/2-SRR5935754/output	--report	s3://aws-kraken2-942542972736-us-west-2/aws-kraken2/g3/20261008-044702-3c2153c-55a5-n16/out/c100/2-SRR5935754/report	/home/ec2-user/ak2/cohort/SRR5935754_1.fastq.gz	/home/ec2-user/ak2/cohort/SRR5935754_2.fastq.gz
2	2	parallel:lpt	sdk	2-SRR5935755	weight=6071697	--threads	16	--output	s3://aws-kraken2-942542972736-us-west-2/aws-kraken2/g3/20261008-044702-3c2153c-55a5-n16/out/c100/2-SRR5935755/output	--report	s3://aws-kraken2-942542972736-us-west-2/aws-kraken2/g3/20261008-044702-3c2153c-55a5-n16/out/c100/2-SRR5935755/report	/home/ec2-user/ak2/cohort/SRR5935755_1.fastq.gz	/home/ec2-user/ak2/cohort/SRR5935755_2.fastq.gz
2	2	parallel:lpt	sdk	2-SRR5935756	weight=16053448	--threads	16	--output	s3://aws-kraken2-942542972736-us-west-2/aws-kraken2/g3/20261008-044702-3c2153c-55a5-n16/out/c100/2-SRR5935756/output	--report	s3://aws-kraken2-942542972736-us-west-2/aws-kraken2/g3/20261008-044702-3c2153c-55a5-n16/out/c100/2-SRR5935756/report	/home/ec2-user/ak2/cohort/SRR5935756_1.fastq.gz	/home/ec2-user/ak2/cohort/SRR5935756_2.fastq.gz
2	2	parallel:lpt	sdk	2-SRR5935757	weight=16286650	--threads	16	--output	s3://aws-kraken2-942542972736-us-west-2/aws-kraken2/g3/20261008-044702-3c2153c-55a5-n16/out/c100/2-SRR5935757/output	--report	s3://aws-kraken2-942542972736-us-west-2/aws-kraken2/g3/20261008-044702-3c2153c-55a5-n16/out/c100/2-SRR5935757/report	/home/ec2-user/ak2/cohort/SRR5935757_1.fastq.gz	/home/ec2-user/ak2/cohort/SRR5935757_2.fastq.gz
2	2	parallel:lpt	sdk	2-SRR5935758	weight=8206591	--threads	16	--output	s3://aws-kraken2-942542972736-us-west-2/aws-kraken2/g3/20261008-044702-3c2153c-55a5-n16/out/c100/2-SRR5935758/output	--report	s3://aws-kraken2-942542972736-us-west-2/aws-kraken2/g3/20261008-044702-3c2153c-55a5-n16/out/c100/2-SRR5935758/report	/home/ec2-user/ak2/cohort/SRR5935758_1.fastq.gz	/home/ec2-user/ak2/cohort/SRR5935758_2.fastq.gz
2	2	parallel:lpt	sdk	2-SRR5935759	weight=15312868	--threads	16	--output	s3://aws-kraken2-942542972736-us-west-2/aws-kraken2/g3/20261008-044702-3c2153c-55a5-n16/out/c100/2-SRR5935759/output	--report	s3://aws-kraken2-942542972736-us-west-2/aws-kraken2/g3/20261008-044702-3c2153c-55a5-n16/out/c100/2-SRR5935759/report	/home/ec2-user/ak2/cohort/SRR5935759_1.fastq.gz	/home/ec2-user/ak2/cohort/SRR5935759_2.fastq.gz
2	2	parallel:lpt	sdk	2-SRR5935760	weight=10834778	--threads	16	--output	s3://aws-kraken2-942542972736-us-west-2/aws-kraken2/g3/20261008-044702-3c2153c-55a5-n16/out/c100/2-SRR5935760/output	--report	s3://aws-kraken2-942542972736-us-west-2/aws-kraken2/g3/20261008-044702-3c2153c-55a5-n16/out/c100/2-SRR5935760/report	/home/ec2-user/ak2/cohort/SRR5935760_1.fastq.gz	/home/ec2-user/ak2/cohort/SRR5935760_2.fastq.gz
2	2	parallel:lpt	sdk	2-SRR5935761	weight=14191749	--threads	16	--output	s3://aws-kraken2-942542972736-us-west-2/aws-kraken2/g3/20261008-044702-3c2153c-55a5-n16/out/c100/2-SRR5935761/output	--report	s3://aws-kraken2-942542972736-us-west-2/aws-kraken2/g3/20261008-044702-3c2153c-55a5-n16/out/c100/2-SRR5935761/report	/home/ec2-user/ak2/cohort/SRR5935761_1.fastq.gz	/home/ec2-user/ak2/cohort/SRR5935761_2.fastq.gz
2	2	parallel:lpt	sdk	2-SRR5935762	weight=18129553	--threads	16	--output	s3://aws-kraken2-942542972736-us-west-2/aws-kraken2/g3/20261008-044702-3c2153c-55a5-n16/out/c100/2-SRR5935762/output	--report	s3://aws-kraken2-942542972736-us-west-2/aws-kraken2/g3/20261008-044702-3c2153c-55a5-n16/out/c100/2-SRR5935762/report	/home/ec2-user/ak2/cohort/SRR5935762_1.fastq.gz	/home/ec2-user/ak2/cohort/SRR5935762_2.fastq.gz
2	2	parallel:lpt	sdk	2-SRR5935763	weight=5174437	--threads	16	--output	s3://aws-kraken2-942542972736-us-west-2/aws-kraken2/g3/20261008-044702-3c2153c-55a5-n16/out/c100/2-SRR5935763/output	--report	s3://aws-kraken2-942542972736-us-west-2/aws-kraken2/g3/20261008-044702-3c2153c-55a5-n16/out/c100/2-SRR5935763/report	/home/ec2-user/ak2/cohort/SRR5935763_1.fastq.gz	/home/ec2-user/ak2/cohort/SRR5935763_2.fastq.gz
2	2	parallel:lpt	sdk	2-SRR5935764	weight=11689489	--threads	16	--output	s3://aws-kraken2-942542972736-us-west-2/aws-kraken2/g3/20261008-044702-3c2153c-55a5-n16/out/c100/2-SRR5935764/output	--report	s3://aws-kraken2-942542972736-us-west-2/aws-kraken2/g3/20261008-044702-3c2153c-55a5-n16/out/c100/2-SRR5935764/report	/home/ec2-user/ak2/cohort/SRR5935764_1.fastq.gz	/home/ec2-user/ak2/cohort/SRR5935764_2.fastq.gz
2	2	parallel:lpt	sdk	2-SRR5935765	weight=10590116	--threads	16	--output	s3://aws-kraken2-942542972736-us-west-2/aws-kraken2/g3/20261008-044702-3c2153c-55a5-n16/out/c100/2-SRR5935765/output	--report	s3://aws-kraken2-942542972736-us-west-2/aws-kraken2/g3/20261008-044702-3c2153c-55a5-n16/out/c100/2-SRR5935765/report	/home/ec2-user/ak2/cohort/SRR5935765_1.fastq.gz	/home/ec2-user/ak2/cohort/SRR5935765_2.fastq.gz
2	2	parallel:lpt	sdk	2-SRR5935766	weight=14120624	--threads	16	--output	s3://aws-kraken2-942542972736-us-west-2/aws-kraken2/g3/20261008-044702-3c2153c-55a5-n16/out/c100/2-SRR5935766/output	--report	s3://aws-kraken2-942542972736-us-west-2/aws-kraken2/g3/20261008-044702-3c2153c-55a5-n16/out/c100/2-SRR5935766/report	/home/ec2-user/ak2/cohort/SRR5935766_1.fastq.gz	/home/ec2-user/ak2/cohort/SRR5935766_2.fastq.gz
2	2	parallel:lpt	sdk	2-SRR5935767	weight=5166420	--threads	16	--output	s3://aws-kraken2-942542972736-us-west-2/aws-kraken2/g3/20261008-044702-3c2153c-55a5-n16/out/c100/2-SRR5935767/output	--report	s3://aws-kraken2-942542972736-us-west-2/aws-kraken2/g3/20261008-044702-3c2153c-55a5-n16/out/c100/2-SRR5935767/report	/home/ec2-user/ak2/cohort/SRR5935767_1.fastq.gz	/home/ec2-user/ak2/cohort/SRR5935767_2.fastq.gz
2	2	parallel:lpt	sdk	2-SRR5935768	weight=15746753	--threads	16	--output	s3://aws-kraken2-942542972736-us-west-2/aws-kraken2/g3/20261008-044702-3c2153c-55a5-n16/out/c100/2-SRR5935768/output	--report	s3://aws-kraken2-942542972736-us-west-2/aws-kraken2/g3/20261008-044702-3c2153c-55a5-n16/out/c100/2-SRR5935768/report	/home/ec2-user/ak2/cohort/SRR5935768_1.fastq.gz	/home/ec2-user/ak2/cohort/SRR5935768_2.fastq.gz
2	2	parallel:lpt	sdk	2-SRR5935769	weight=11374148	--threads	16	--output	s3://aws-kraken2-942542972736-us-west-2/aws-kraken2/g3/20261008-044702-3c2153c-55a5-n16/out/c100/2-SRR5935769/output	--report	s3://aws-kraken2-942542972736-us-west-2/aws-kraken2/g3/20261008-044702-3c2153c-55a5-n16/out/c100/2-SRR5935769/report	/home/ec2-user/ak2/cohort/SRR5935769_1.fastq.gz	/home/ec2-user/ak2/cohort/SRR5935769_2.fastq.gz
2	2	parallel:lpt	sdk	2-SRR5935770	weight=16180463	--threads	16	--output	s3://aws-kraken2-942542972736-us-west-2/aws-kraken2/g3/20261008-044702-3c2153c-55a5-n16/out/c100/2-SRR5935770/output	--report	s3://aws-kraken2-942542972736-us-west-2/aws-kraken2/g3/20261008-044702-3c2153c-55a5-n16/out/c100/2-SRR5935770/report	/home/ec2-user/ak2/cohort/SRR5935770_1.fastq.gz	/home/ec2-user/ak2/cohort/SRR5935770_2.fastq.gz
2	2	parallel:lpt	sdk	2-SRR5935771	weight=9230220	--threads	16	--output	s3://aws-kraken2-942542972736-us-west-2/aws-kraken2/g3/20261008-044702-3c2153c-55a5-n16/out/c100/2-SRR5935771/output	--report	s3://aws-kraken2-942542972736-us-west-2/aws-kraken2/g3/20261008-044702-3c2153c-55a5-n16/out/c100/2-SRR5935771/report	/home/ec2-user/ak2/cohort/SRR5935771_1.fastq.gz	/home/ec2-user/ak2/cohort/SRR5935771_2.fastq.gz
2	2	parallel:lpt	sdk	2-SRR5935772	weight=15271512	--threads	16	--output	s3://aws-kraken2-942542972736-us-west-2/aws-kraken2/g3/20261008-044702-3c2153c-55a5-n16/out/c100/2-SRR5935772/output	--report	s3://aws-kraken2-942542972736-us-west-2/aws-kraken2/g3/20261008-044702-3c2153c-55a5-n16/out/c100/2-SRR5935772/report	/home/ec2-user/ak2/cohort/SRR5935772_1.fastq.gz	/home/ec2-user/ak2/cohort/SRR5935772_2.fastq.gz
2	2	parallel:lpt	sdk	2-SRR5935773	weight=20671571	--threads	16	--output	s3://aws-kraken2-942542972736-us-west-2/aws-kraken2/g3/20261008-044702-3c2153c-55a5-n16/out/c100/2-SRR5935773/output	--report	s3://aws-kraken2-942542972736-us-west-2/aws-kraken2/g3/20261008-044702-3c2153c-55a5-n16/out/c100/2-SRR5935773/report	/home/ec2-user/ak2/cohort/SRR5935773_1.fastq.gz	/home/ec2-user/ak2/cohort/SRR5935773_2.fastq.gz
2	2	parallel:lpt	sdk	2-SRR5935774	weight=12252617	--threads	16	--output	s3://aws-kraken2-942542972736-us-west-2/aws-kraken2/g3/20261008-044702-3c2153c-55a5-n16/out/c100/2-SRR5935774/output	--report	s3://aws-kraken2-942542972736-us-west-2/aws-kraken2/g3/20261008-044702-3c2153c-55a5-n16/out/c100/2-SRR5935774/report	/home/ec2-user/ak2/cohort/SRR5935774_1.fastq.gz	/home/ec2-user/ak2/cohort/SRR5935774_2.fastq.gz
2	2	parallel:lpt	sdk	2-SRR5935775	weight=13010149	--threads	16	--output	s3://aws-kraken2-942542972736-us-west-2/aws-kraken2/g3/20261008-044702-3c2153c-55a5-n16/out/c100/2-SRR5935775/output	--report	s3://aws-kraken2-942542972736-us-west-2/aws-kraken2/g3/20261008-044702-3c2153c-55a5-n16/out/c100/2-SRR5935775/report	/home/ec2-user/ak2/cohort/SRR5935775_1.fastq.gz	/home/ec2-user/ak2/cohort/SRR5935775_2.fastq.gz
2	2	parallel:lpt	sdk	2-SRR5935776	weight=3168882	--threads	16	--output	s3://aws-kraken2-942542972736-us-west-2/aws-kraken2/g3/20261008-044702-3c2153c-55a5-n16/out/c100/2-SRR5935776/output	--report	s3://aws-kraken2-942542972736-us-west-2/aws-kraken2/g3/20261008-044702-3c2153c-55a5-n16/out/c100/2-SRR5935776/report	/home/ec2-user/ak2/cohort/SRR5935776_1.fastq.gz	/home/ec2-user/ak2/cohort/SRR5935776_2.fastq.gz
2	2	parallel:lpt	sdk	2-SRR5935777	weight=8173049	--threads	16	--output	s3://aws-kraken2-942542972736-us-west-2/aws-kraken2/g3/20261008-044702-3c2153c-55a5-n16/out/c100/2-SRR5935777/output	--report	s3://aws-kraken2-942542972736-us-west-2/aws-kraken2/g3/20261008-044702-3c2153c-55a5-n16/out/c100/2-SRR5935777/report	/home/ec2-user/ak2/cohort/SRR5935777_1.fastq.gz	/home/ec2-user/ak2/cohort/SRR5935777_2.fastq.gz
2	2	parallel:lpt	sdk	2-SRR5935778	weight=10554303	--threads	16	--output	s3://aws-kraken2-942542972736-us-west-2/aws-kraken2/g3/20261008-044702-3c2153c-55a5-n16/out/c100/2-SRR5935778/output	--report	s3://aws-kraken2-942542972736-us-west-2/aws-kraken2/g3/20261008-044702-3c2153c-55a5-n16/out/c100/2-SRR5935778/report	/home/ec2-user/ak2/cohort/SRR5935778_1.fastq.gz	/home/ec2-user/ak2/cohort/SRR5935778_2.fastq.gz
2	2	parallel:lpt	sdk	2-SRR5935779	weight=5948317	--threads	16	--output	s3://aws-kraken2-942542972736-us-west-2/aws-kraken2/g3/20261008-044702-3c2153c-55a5-n16/out/c100/2-SRR5935779/output	--report	s3://aws-kraken2-942542972736-us-west-2/aws-kraken2/g3/20261008-044702-3c2153c-55a5-n16/out/c100/2-SRR5935779/report	/home/ec2-user/ak2/cohort/SRR5935779_1.fastq.gz	/home/ec2-user/ak2/cohort/SRR5935779_2.fastq.gz
2	2	parallel:lpt	sdk	2-SRR5935780	weight=10716528	--threads	16	--output	s3://aws-kraken2-942542972736-us-west-2/aws-kraken2/g3/20261008-044702-3c2153c-55a5-n16/out/c100/2-SRR5935780/output	--report	s3://aws-kraken2-942542972736-us-west-2/aws-kraken2/g3/20261008-044702-3c2153c-55a5-n16/out/c100/2-SRR5935780/report	/home/ec2-user/ak2/cohort/SRR5935780_1.fastq.gz	/home/ec2-user/ak2/cohort/SRR5935780_2.fastq.gz
2	2	parallel:lpt	sdk	2-SRR5935781	weight=8486948	--threads	16	--output	s3://aws-kraken2-942542972736-us-west-2/aws-kraken2/g3/20261008-044702-3c2153c-55a5-n16/out/c100/2-SRR5935781/output	--report	s3://aws-kraken2-942542972736-us-west-2/aws-kraken2/g3/20261008-044702-3c2153c-55a5-n16/out/c100/2-SRR5935781/report	/home/ec2-user/ak2/cohort/SRR5935781_1.fastq.gz	/home/ec2-user/ak2/cohort/SRR5935781_2.fastq.gz
2	2	parallel:lpt	sdk	2-SRR5935782	weight=10128070	--threads	16	--output	s3://aws-kraken2-942542972736-us-west-2/aws-kraken2/g3/20261008-044702-3c2153c-55a5-n16/out/c100/2-SRR5935782/output	--report	s3://aws-kraken2-942542972736-us-west-2/aws-kraken2/g3/20261008-044702-3c2153c-55a5-n16/out/c100/2-SRR5935782/report	/home/ec2-user/ak2/cohort/SRR5935782_1.fastq.gz	/home/ec2-user/ak2/cohort/SRR5935782_2.fastq.gz
2	2	parallel:lpt	sdk	2-SRR5935783	weight=2565282	--threads	16	--output	s3://aws-kraken2-942542972736-us-west-2/aws-kraken2/g3/20261008-044702-3c2153c-55a5-n16/out/c100/2-SRR5935783/output	--report	s3://aws-kraken2-942542972736-us-west-2/aws-kraken2/g3/20261008-044702-3c2153c-55a5-n16/out/c100/2-SRR5935783/report	/home/ec2-user/ak2/cohort/SRR5935783_1.fastq.gz	/home/ec2-user/ak2/cohort/SRR5935783_2.fastq.gz
2	2	parallel:lpt	sdk	2-SRR5935784	weight=14800056	--threads	16	--output	s3://aws-kraken2-942542972736-us-west-2/aws-kraken2/g3/20261008-044702-3c2153c-55a5-n16/out/c100/2-SRR5935784/output	--report	s3://aws-kraken2-942542972736-us-west-2/aws-kraken2/g3/20261008-044702-3c2153c-55a5-n16/out/c100/2-SRR5935784/report	/home/ec2-user/ak2/cohort/SRR5935784_1.fastq.gz	/home/ec2-user/ak2/cohort/SRR5935784_2.fastq.gz
2	2	parallel:lpt	sdk	2-SRR5935785	weight=13817496	--threads	16	--output	s3://aws-kraken2-942542972736-us-west-2/aws-kraken2/g3/20261008-044702-3c2153c-55a5-n16/out/c100/2-SRR5935785/output	--report	s3://aws-kraken2-942542972736-us-west-2/aws-kraken2/g3/20261008-044702-3c2153c-55a5-n16/out/c100/2-SRR5935785/report	/home/ec2-user/ak2/cohort/SRR5935785_1.fastq.gz	/home/ec2-user/ak2/cohort/SRR5935785_2.fastq.gz
2	2	parallel:lpt	sdk	2-SRR5935786	weight=10054299	--threads	16	--output	s3://aws-kraken2-942542972736-us-west-2/aws-kraken2/g3/20261008-044702-3c2153c-55a5-n16/out/c100/2-SRR5935786/output	--report	s3://aws-kraken2-942542972736-us-west-2/aws-kraken2/g3/20261008-044702-3c2153c-55a5-n16/out/c100/2-SRR5935786/report	/home/ec2-user/ak2/cohort/SRR5935786_1.fastq.gz	/home/ec2-user/ak2/cohort/SRR5935786_2.fastq.gz
2	2	parallel:lpt	sdk	2-SRR5935787	weight=16351397	--threads	16	--output	s3://aws-kraken2-942542972736-us-west-2/aws-kraken2/g3/20261008-044702-3c2153c-55a5-n16/out/c100/2-SRR5935787/output	--report	s3://aws-kraken2-942542972736-us-west-2/aws-kraken2/g3/20261008-044702-3c2153c-55a5-n16/out/c100/2-SRR5935787/report	/home/ec2-user/ak2/cohort/SRR5935787_1.fastq.gz	/home/ec2-user/ak2/cohort/SRR5935787_2.fastq.gz
2	2	parallel:lpt	sdk	2-SRR5935788	weight=11073410	--threads	16	--output	s3://aws-kraken2-942542972736-us-west-2/aws-kraken2/g3/20261008-044702-3c2153c-55a5-n16/out/c100/2-SRR5935788/output	--report	s3://aws-kraken2-942542972736-us-west-2/aws-kraken2/g3/20261008-044702-3c2153c-55a5-n16/out/c100/2-SRR5935788/report	/home/ec2-user/ak2/cohort/SRR5935788_1.fastq.gz	/home/ec2-user/ak2/cohort/SRR5935788_2.fastq.gz
2	2	parallel:lpt	sdk	2-SRR5935789	weight=1513694	--threads	16	--output	s3://aws-kraken2-942542972736-us-west-2/aws-kraken2/g3/20261008-044702-3c2153c-55a5-n16/out/c100/2-SRR5935789/output	--report	s3://aws-kraken2-942542972736-us-west-2/aws-kraken2/g3/20261008-044702-3c2153c-55a5-n16/out/c100/2-SRR5935789/report	/home/ec2-user/ak2/cohort/SRR5935789_1.fastq.gz	/home/ec2-user/ak2/cohort/SRR5935789_2.fastq.gz
2	2	parallel:lpt	sdk	2-SRR5935790	weight=9202475	--threads	16	--output	s3://aws-kraken2-942542972736-us-west-2/aws-kraken2/g3/20261008-044702-3c2153c-55a5-n16/out/c100/2-SRR5935790/output	--report	s3://aws-kraken2-942542972736-us-west-2/aws-kraken2/g3/20261008-044702-3c2153c-55a5-n16/out/c100/2-SRR5935790/report	/home/ec2-user/ak2/cohort/SRR5935790_1.fastq.gz	/home/ec2-user/ak2/cohort/SRR5935790_2.fastq.gz
2	2	parallel:lpt	sdk	2-SRR5935791	weight=10140194	--threads	16	--output	s3://aws-kraken2-942542972736-us-west-2/aws-kraken2/g3/20261008-044702-3c2153c-55a5-n16/out/c100/2-SRR5935791/output	--report	s3://aws-kraken2-942542972736-us-west-2/aws-kraken2/g3/20261008-044702-3c2153c-55a5-n16/out/c100/2-SRR5935791/report	/home/ec2-user/ak2/cohort/SRR5935791_1.fastq.gz	/home/ec2-user/ak2/cohort/SRR5935791_2.fastq.gz
2	2	parallel:lpt	sdk	2-SRR5935792	weight=11437813	--threads	16	--output	s3://aws-kraken2-942542972736-us-west-2/aws-kraken2/g3/20261008-044702-3c2153c-55a5-n16/out/c100/2-SRR5935792/output	--report	s3://aws-kraken2-942542972736-us-west-2/aws-kraken2/g3/20261008-044702-3c2153c-55a5-n16/out/c100/2-SRR5935792/report	/home/ec2-user/ak2/cohort/SRR5935792_1.fastq.gz	/home/ec2-user/ak2/cohort/SRR5935792_2.fastq.gz
2	2	parallel:lpt	sdk	2-SRR5935793	weight=1771479	--threads	16	--output	s3://aws-kraken2-942542972736-us-west-2/aws-kraken2/g3/20261008-044702-3c2153c-55a5-n16/out/c100/2-SRR5935793/output	--report	s3://aws-kraken2-942542972736-us-west-2/aws-kraken2/g3/20261008-044702-3c2153c-55a5-n16/out/c100/2-SRR5935793/report	/home/ec2-user/ak2/cohort/SRR5935793_1.fastq.gz	/home/ec2-user/ak2/cohort/SRR5935793_2.fastq.gz
2	2	parallel:lpt	sdk	2-SRR5935794	weight=13404063	--threads	16	--output	s3://aws-kraken2-942542972736-us-west-2/aws-kraken2/g3/20261008-044702-3c2153c-55a5-n16/out/c100/2-SRR5935794/output	--report	s3://aws-kraken2-942542972736-us-west-2/aws-kraken2/g3/20261008-044702-3c2153c-55a5-n16/out/c100/2-SRR5935794/report	/home/ec2-user/ak2/cohort/SRR5935794_1.fastq.gz	/home/ec2-user/ak2/cohort/SRR5935794_2.fastq.gz
2	2	parallel:lpt	sdk	2-SRR5935795	weight=11924297	--threads	16	--output	s3://aws-kraken2-942542972736-us-west-2/aws-kraken2/g3/20261008-044702-3c2153c-55a5-n16/out/c100/2-SRR5935795/output	--report	s3://aws-kraken2-942542972736-us-west-2/aws-kraken2/g3/20261008-044702-3c2153c-55a5-n16/out/c100/2-SRR5935795/report	/home/ec2-user/ak2/cohort/SRR5935795_1.fastq.gz	/home/ec2-user/ak2/cohort/SRR5935795_2.fastq.gz
2	2	parallel:lpt	sdk	2-SRR5935796	weight=14959235	--threads	16	--output	s3://aws-kraken2-942542972736-us-west-2/aws-kraken2/g3/20261008-044702-3c2153c-55a5-n16/out/c100/2-SRR5935796/output	--report	s3://aws-kraken2-942542972736-us-west-2/aws-kraken2/g3/20261008-044702-3c2153c-55a5-n16/out/c100/2-SRR5935796/report	/home/ec2-user/ak2/cohort/SRR5935796_1.fastq.gz	/home/ec2-user/ak2/cohort/SRR5935796_2.fastq.gz
2	2	parallel:lpt	sdk	2-SRR5935797	weight=8439357	--threads	16	--output	s3://aws-kraken2-942542972736-us-west-2/aws-kraken2/g3/20261008-044702-3c2153c-55a5-n16/out/c100/2-SRR5935797/output	--report	s3://aws-kraken2-942542972736-us-west-2/aws-kraken2/g3/20261008-044702-3c2153c-55a5-n16/out/c100/2-SRR5935797/report	/home/ec2-user/ak2/cohort/SRR5935797_1.fastq.gz	/home/ec2-user/ak2/cohort/SRR5935797_2.fastq.gz
2	2	parallel:lpt	sdk	2-SRR5935798	weight=20086542	--threads	16	--output	s3://aws-kraken2-942542972736-us-west-2/aws-kraken2/g3/20261008-044702-3c2153c-55a5-n16/out/c100/2-SRR5935798/output	--report	s3://aws-kraken2-942542972736-us-west-2/aws-kraken2/g3/20261008-044702-3c2153c-55a5-n16/out/c100/2-SRR5935798/report	/home/ec2-user/ak2/cohort/SRR5935798_1.fastq.gz	/home/ec2-user/ak2/cohort/SRR5935798_2.fastq.gz
2	2	parallel:lpt	sdk	2-SRR5935799	weight=9090205	--threads	16	--output	s3://aws-kraken2-942542972736-us-west-2/aws-kraken2/g3/20261008-044702-3c2153c-55a5-n16/out/c100/2-SRR5935799/output	--report	s3://aws-kraken2-942542972736-us-west-2/aws-kraken2/g3/20261008-044702-3c2153c-55a5-n16/out/c100/2-SRR5935799/report	/home/ec2-user/ak2/cohort/SRR5935799_1.fastq.gz	/home/ec2-user/ak2/cohort/SRR5935799_2.fastq.gz
2	2	parallel:lpt	sdk	2-SRR5935800	weight=15080696	--threads	16	--output	s3://aws-kraken2-942542972736-us-west-2/aws-kraken2/g3/20261008-044702-3c2153c-55a5-n16/out/c100/2-SRR5935800/output	--report	s3://aws-kraken2-942542972736-us-west-2/aws-kraken2/g3/20261008-044702-3c2153c-55a5-n16/out/c100/2-SRR5935800/report	/home/ec2-user/ak2/cohort/SRR5935800_1.fastq.gz	/home/ec2-user/ak2/cohort/SRR5935800_2.fastq.gz
2	2	parallel:lpt	sdk	2-SRR5935801	weight=13162386	--threads	16	--output	s3://aws-kraken2-942542972736-us-west-2/aws-kraken2/g3/20261008-044702-3c2153c-55a5-n16/out/c100/2-SRR5935801/output	--report	s3://aws-kraken2-942542972736-us-west-2/aws-kraken2/g3/20261008-044702-3c2153c-55a5-n16/out/c100/2-SRR5935801/report	/home/ec2-user/ak2/cohort/SRR5935801_1.fastq.gz	/home/ec2-user/ak2/cohort/SRR5935801_2.fastq.gz
2	2	parallel:lpt	sdk	2-SRR5935802	weight=16720060	--threads	16	--output	s3://aws-kraken2-942542972736-us-west-2/aws-kraken2/g3/20261008-044702-3c2153c-55a5-n16/out/c100/2-SRR5935802/output	--report	s3://aws-kraken2-942542972736-us-west-2/aws-kraken2/g3/20261008-044702-3c2153c-55a5-n16/out/c100/2-SRR5935802/report	/home/ec2-user/ak2/cohort/SRR5935802_1.fastq.gz	/home/ec2-user/ak2/cohort/SRR5935802_2.fastq.gz
2	2	parallel:lpt	sdk	2-SRR5935803	weight=18392491	--threads	16	--output	s3://aws-kraken2-942542972736-us-west-2/aws-kraken2/g3/20261008-044702-3c2153c-55a5-n16/out/c100/2-SRR5935803/output	--report	s3://aws-kraken2-942542972736-us-west-2/aws-kraken2/g3/20261008-044702-3c2153c-55a5-n16/out/c100/2-SRR5935803/report	/home/ec2-user/ak2/cohort/SRR5935803_1.fastq.gz	/home/ec2-user/ak2/cohort/SRR5935803_2.fastq.gz
2	2	parallel:lpt	sdk	2-SRR5935804	weight=13253368	--threads	16	--output	s3://aws-kraken2-942542972736-us-west-2/aws-kraken2/g3/20261008-044702-3c2153c-55a5-n16/out/c100/2-SRR5935804/output	--report	s3://aws-kraken2-942542972736-us-west-2/aws-kraken2/g3/20261008-044702-3c2153c-55a5-n16/out/c100/2-SRR5935804/report	/home/ec2-user/ak2/cohort/SRR5935804_1.fastq.gz	/home/ec2-user/ak2/cohort/SRR5935804_2.fastq.gz
2	2	parallel:lpt	sdk	2-SRR5935805	weight=2823474	--threads	16	--output	s3://aws-kraken2-942542972736-us-west-2/aws-kraken2/g3/20261008-044702-3c2153c-55a5-n16/out/c100/2-SRR5935805/output	--report	s3://aws-kraken2-942542972736-us-west-2/aws-kraken2/g3/20261008-044702-3c2153c-55a5-n16/out/c100/2-SRR5935805/report	/home/ec2-user/ak2/cohort/SRR5935805_1.fastq.gz	/home/ec2-user/ak2/cohort/SRR5935805_2.fastq.gz
2	2	parallel:lpt	sdk	2-SRR5935806	weight=14472574	--threads	16	--output	s3://aws-kraken2-942542972736-us-west-2/aws-kraken2/g3/20261008-044702-3c2153c-55a5-n16/out/c100/2-SRR5935806/output	--report	s3://aws-kraken2-942542972736-us-west-2/aws-kraken2/g3/20261008-044702-3c2153c-55a5-n16/out/c100/2-SRR5935806/report	/home/ec2-user/ak2/cohort/SRR5935806_1.fastq.gz	/home/ec2-user/ak2/cohort/SRR5935806_2.fastq.gz
2	2	parallel:lpt	sdk	2-SRR5935807	weight=16708997	--threads	16	--output	s3://aws-kraken2-942542972736-us-west-2/aws-kraken2/g3/20261008-044702-3c2153c-55a5-n16/out/c100/2-SRR5935807/output	--report	s3://aws-kraken2-942542972736-us-west-2/aws-kraken2/g3/20261008-044702-3c2153c-55a5-n16/out/c100/2-SRR5935807/report	/home/ec2-user/ak2/cohort/SRR5935807_1.fastq.gz	/home/ec2-user/ak2/cohort/SRR5935807_2.fastq.gz
2	2	parallel:lpt	sdk	2-SRR5935808	weight=15500933	--threads	16	--output	s3://aws-kraken2-942542972736-us-west-2/aws-kraken2/g3/20261008-044702-3c2153c-55a5-n16/out/c100/2-SRR5935808/output	--report	s3://aws-kraken2-942542972736-us-west-2/aws-kraken2/g3/20261008-044702-3c2153c-55a5-n16/out/c100/2-SRR5935808/report	/home/ec2-user/ak2/cohort/SRR5935808_1.fastq.gz	/home/ec2-user/ak2/cohort/SRR5935808_2.fastq.gz
2	2	parallel:lpt	sdk	2-SRR5935809	weight=1539039	--threads	16	--output	s3://aws-kraken2-942542972736-us-west-2/aws-kraken2/g3/20261008-044702-3c2153c-55a5-n16/out/c100/2-SRR5935809/output	--report	s3://aws-kraken2-942542972736-us-west-2/aws-kraken2/g3/20261008-044702-3c2153c-55a5-n16/out/c100/2-SRR5935809/report	/home/ec2-user/ak2/cohort/SRR5935809_1.fastq.gz	/home/ec2-user/ak2/cohort/SRR5935809_2.fastq.gz
2	2	parallel:lpt	sdk	2-SRR5935810	weight=15280552	--threads	16	--output	s3://aws-kraken2-942542972736-us-west-2/aws-kraken2/g3/20261008-044702-3c2153c-55a5-n16/out/c100/2-SRR5935810/output	--report	s3://aws-kraken2-942542972736-us-west-2/aws-kraken2/g3/20261008-044702-3c2153c-55a5-n16/out/c100/2-SRR5935810/report	/home/ec2-user/ak2/cohort/SRR5935810_1.fastq.gz	/home/ec2-user/ak2/cohort/SRR5935810_2.fastq.gz
2	2	parallel:lpt	sdk	2-SRR5935811	weight=10067025	--threads	16	--output	s3://aws-kraken2-942542972736-us-west-2/aws-kraken2/g3/20261008-044702-3c2153c-55a5-n16/out/c100/2-SRR5935811/output	--report	s3://aws-kraken2-942542972736-us-west-2/aws-kraken2/g3/20261008-044702-3c2153c-55a5-n16/out/c100/2-SRR5935811/report	/home/ec2-user/ak2/cohort/SRR5935811_1.fastq.gz	/home/ec2-user/ak2/cohort/SRR5935811_2.fastq.gz
2	2	parallel:lpt	sdk	2-SRR5935812	weight=9108174	--threads	16	--output	s3://aws-kraken2-942542972736-us-west-2/aws-kraken2/g3/20261008-044702-3c2153c-55a5-n16/out/c100/2-SRR5935812/output	--report	s3://aws-kraken2-942542972736-us-west-2/aws-kraken2/g3/20261008-044702-3c2153c-55a5-n16/out/c100/2-SRR5935812/report	/home/ec2-user/ak2/cohort/SRR5935812_1.fastq.gz	/home/ec2-user/ak2/cohort/SRR5935812_2.fastq.gz
2	2	parallel:lpt	sdk	2-SRR5935813	weight=16980616	--threads	16	--output	s3://aws-kraken2-942542972736-us-west-2/aws-kraken2/g3/20261008-044702-3c2153c-55a5-n16/out/c100/2-SRR5935813/output	--report	s3://aws-kraken2-942542972736-us-west-2/aws-kraken2/g3/20261008-044702-3c2153c-55a5-n16/out/c100/2-SRR5935813/report	/home/ec2-user/ak2/cohort/SRR5935813_1.fastq.gz	/home/ec2-user/ak2/cohort/SRR5935813_2.fastq.gz
2	2	parallel:lpt	sdk	2-SRR5935814	weight=5072545	--threads	16	--output	s3://aws-kraken2-942542972736-us-west-2/aws-kraken2/g3/20261008-044702-3c2153c-55a5-n16/out/c100/2-SRR5935814/output	--report	s3://aws-kraken2-942542972736-us-west-2/aws-kraken2/g3/20261008-044702-3c2153c-55a5-n16/out/c100/2-SRR5935814/report	/home/ec2-user/ak2/cohort/SRR5935814_1.fastq.gz	/home/ec2-user/ak2/cohort/SRR5935814_2.fastq.gz
2	2	parallel:lpt	sdk	2-SRR5935815	weight=7153468	--threads	16	--output	s3://aws-kraken2-942542972736-us-west-2/aws-kraken2/g3/20261008-044702-3c2153c-55a5-n16/out/c100/2-SRR5935815/output	--report	s3://aws-kraken2-942542972736-us-west-2/aws-kraken2/g3/20261008-044702-3c2153c-55a5-n16/out/c100/2-SRR5935815/report	/home/ec2-user/ak2/cohort/SRR5935815_1.fastq.gz	/home/ec2-user/ak2/cohort/SRR5935815_2.fastq.gz
2	2	parallel:lpt	sdk	2-SRR5935816	weight=12244248	--threads	16	--output	s3://aws-kraken2-942542972736-us-west-2/aws-kraken2/g3/20261008-044702-3c2153c-55a5-n16/out/c100/2-SRR5935816/output	--report	s3://aws-kraken2-942542972736-us-west-2/aws-kraken2/g3/20261008-044702-3c2153c-55a5-n16/out/c100/2-SRR5935816/report	/home/ec2-user/ak2/cohort/SRR5935816_1.fastq.gz	/home/ec2-user/ak2/cohort/SRR5935816_2.fastq.gz
2	2	parallel:lpt	sdk	2-SRR5935817	weight=14261195	--threads	16	--output	s3://aws-kraken2-942542972736-us-west-2/aws-kraken2/g3/20261008-044702-3c2153c-55a5-n16/out/c100/2-SRR5935817/output	--report	s3://aws-kraken2-942542972736-us-west-2/aws-kraken2/g3/20261008-044702-3c2153c-55a5-n16/out/c100/2-SRR5935817/report	/home/ec2-user/ak2/cohort/SRR5935817_1.fastq.gz	/home/ec2-user/ak2/cohort/SRR5935817_2.fastq.gz
2	2	parallel:lpt	sdk	2-SRR5935818	weight=8877621	--threads	16	--output	s3://aws-kraken2-942542972736-us-west-2/aws-kraken2/g3/20261008-044702-3c2153c-55a5-n16/out/c100/2-SRR5935818/output	--report	s3://aws-kraken2-942542972736-us-west-2/aws-kraken2/g3/20261008-044702-3c2153c-55a5-n16/out/c100/2-SRR5935818/report	/home/ec2-user/ak2/cohort/SRR5935818_1.fastq.gz	/home/ec2-user/ak2/cohort/SRR5935818_2.fastq.gz
2	2	parallel:lpt	sdk	2-SRR5935819	weight=10896278	--threads	16	--output	s3://aws-kraken2-942542972736-us-west-2/aws-kraken2/g3/20261008-044702-3c2153c-55a5-n16/out/c100/2-SRR5935819/output	--report	s3://aws-kraken2-942542972736-us-west-2/aws-kraken2/g3/20261008-044702-3c2153c-55a5-n16/out/c100/2-SRR5935819/report	/home/ec2-user/ak2/cohort/SRR5935819_1.fastq.gz	/home/ec2-user/ak2/cohort/SRR5935819_2.fastq.gz
2	2	parallel:lpt	sdk	2-SRR5935820	weight=12062510	--threads	16	--output	s3://aws-kraken2-942542972736-us-west-2/aws-kraken2/g3/20261008-044702-3c2153c-55a5-n16/out/c100/2-SRR5935820/output	--report	s3://aws-kraken2-942542972736-us-west-2/aws-kraken2/g3/20261008-044702-3c2153c-55a5-n16/out/c100/2-SRR5935820/report	/home/ec2-user/ak2/cohort/SRR5935820_1.fastq.gz	/home/ec2-user/ak2/cohort/SRR5935820_2.fastq.gz
2	2	parallel:lpt	sdk	2-SRR5935821	weight=297656	--threads	16	--output	s3://aws-kraken2-942542972736-us-west-2/aws-kraken2/g3/20261008-044702-3c2153c-55a5-n16/out/c100/2-SRR5935821/output	--report	s3://aws-kraken2-942542972736-us-west-2/aws-kraken2/g3/20261008-044702-3c2153c-55a5-n16/out/c100/2-SRR5935821/report	/home/ec2-user/ak2/cohort/SRR5935821_1.fastq.gz	/home/ec2-user/ak2/cohort/SRR5935821_2.fastq.gz
2	2	parallel:lpt	sdk	2-SRR5935822	weight=13365245	--threads	16	--output	s3://aws-kraken2-942542972736-us-west-2/aws-kraken2/g3/20261008-044702-3c2153c-55a5-n16/out/c100/2-SRR5935822/output	--report	s3://aws-kraken2-942542972736-us-west-2/aws-kraken2/g3/20261008-044702-3c2153c-55a5-n16/out/c100/2-SRR5935822/report	/home/ec2-user/ak2/cohort/SRR5935822_1.fastq.gz	/home/ec2-user/ak2/cohort/SRR5935822_2.fastq.gz
2	2	parallel:lpt	sdk	2-SRR5935823	weight=20770968	--threads	16	--output	s3://aws-kraken2-942542972736-us-west-2/aws-kraken2/g3/20261008-044702-3c2153c-55a5-n16/out/c100/2-SRR5935823/output	--report	s3://aws-kraken2-942542972736-us-west-2/aws-kraken2/g3/20261008-044702-3c2153c-55a5-n16/out/c100/2-SRR5935823/report	/home/ec2-user/ak2/cohort/SRR5935823_1.fastq.gz	/home/ec2-user/ak2/cohort/SRR5935823_2.fastq.gz
2	2	parallel:lpt	sdk	2-SRR5935824	weight=8745078	--threads	16	--output	s3://aws-kraken2-942542972736-us-west-2/aws-kraken2/g3/20261008-044702-3c2153c-55a5-n16/out/c100/2-SRR5935824/output	--report	s3://aws-kraken2-942542972736-us-west-2/aws-kraken2/g3/20261008-044702-3c2153c-55a5-n16/out/c100/2-SRR5935824/report	/home/ec2-user/ak2/cohort/SRR5935824_1.fastq.gz	/home/ec2-user/ak2/cohort/SRR5935824_2.fastq.gz
2	2	parallel:lpt	sdk	2-SRR5935825	weight=11458367	--threads	16	--output	s3://aws-kraken2-942542972736-us-west-2/aws-kraken2/g3/20261008-044702-3c2153c-55a5-n16/out/c100/2-SRR5935825/output	--report	s3://aws-kraken2-942542972736-us-west-2/aws-kraken2/g3/20261008-044702-3c2153c-55a5-n16/out/c100/2-SRR5935825/report	/home/ec2-user/ak2/cohort/SRR5935825_1.fastq.gz	/home/ec2-user/ak2/cohort/SRR5935825_2.fastq.gz
2	2	parallel:lpt	sdk	2-SRR5935826	weight=8766123	--threads	16	--output	s3://aws-kraken2-942542972736-us-west-2/aws-kraken2/g3/20261008-044702-3c2153c-55a5-n16/out/c100/2-SRR5935826/output	--report	s3://aws-kraken2-942542972736-us-west-2/aws-kraken2/g3/20261008-044702-3c2153c-55a5-n16/out/c100/2-SRR5935826/report	/home/ec2-user/ak2/cohort/SRR5935826_1.fastq.gz	/home/ec2-user/ak2/cohort/SRR5935826_2.fastq.gz
2	2	parallel:lpt	sdk	2-SRR5935827	weight=16260968	--threads	16	--output	s3://aws-kraken2-942542972736-us-west-2/aws-kraken2/g3/20261008-044702-3c2153c-55a5-n16/out/c100/2-SRR5935827/output	--report	s3://aws-kraken2-942542972736-us-west-2/aws-kraken2/g3/20261008-044702-3c2153c-55a5-n16/out/c100/2-SRR5935827/report	/home/ec2-user/ak2/cohort/SRR5935827_1.fastq.gz	/home/ec2-user/ak2/cohort/SRR5935827_2.fastq.gz
2	2	parallel:lpt	sdk	2-SRR5935828	weight=8326050	--threads	16	--output	s3://aws-kraken2-942542972736-us-west-2/aws-kraken2/g3/20261008-044702-3c2153c-55a5-n16/out/c100/2-SRR5935828/output	--report	s3://aws-kraken2-942542972736-us-west-2/aws-kraken2/g3/20261008-044702-3c2153c-55a5-n16/out/c100/2-SRR5935828/report	/home/ec2-user/ak2/cohort/SRR5935828_1.fastq.gz	/home/ec2-user/ak2/cohort/SRR5935828_2.fastq.gz
2	2	parallel:lpt	sdk	2-SRR5935829	weight=11220767	--threads	16	--output	s3://aws-kraken2-942542972736-us-west-2/aws-kraken2/g3/20261008-044702-3c2153c-55a5-n16/out/c100/2-SRR5935829/output	--report	s3://aws-kraken2-942542972736-us-west-2/aws-kraken2/g3/20261008-044702-3c2153c-55a5-n16/out/c100/2-SRR5935829/report	/home/ec2-user/ak2/cohort/SRR5935829_1.fastq.gz	/home/ec2-user/ak2/cohort/SRR5935829_2.fastq.gz
2	2	parallel:lpt	sdk	2-SRR5935830	weight=14303962	--threads	16	--output	s3://aws-kraken2-942542972736-us-west-2/aws-kraken2/g3/20261008-044702-3c2153c-55a5-n16/out/c100/2-SRR5935830/output	--report	s3://aws-kraken2-942542972736-us-west-2/aws-kraken2/g3/20261008-044702-3c2153c-55a5-n16/out/c100/2-SRR5935830/report	/home/ec2-user/ak2/cohort/SRR5935830_1.fastq.gz	/home/ec2-user/ak2/cohort/SRR5935830_2.fastq.gz
2	2	parallel:lpt	sdk	2-SRR5935831	weight=12793053	--threads	16	--output	s3://aws-kraken2-942542972736-us-west-2/aws-kraken2/g3/20261008-044702-3c2153c-55a5-n16/out/c100/2-SRR5935831/output	--report	s3://aws-kraken2-942542972736-us-west-2/aws-kraken2/g3/20261008-044702-3c2153c-55a5-n16/out/c100/2-SRR5935831/report	/home/ec2-user/ak2/cohort/SRR5935831_1.fastq.gz	/home/ec2-user/ak2/cohort/SRR5935831_2.fastq.gz
2	2	parallel:lpt	sdk	2-SRR5935832	weight=6882441	--threads	16	--output	s3://aws-kraken2-942542972736-us-west-2/aws-kraken2/g3/20261008-044702-3c2153c-55a5-n16/out/c100/2-SRR5935832/output	--report	s3://aws-kraken2-942542972736-us-west-2/aws-kraken2/g3/20261008-044702-3c2153c-55a5-n16/out/c100/2-SRR5935832/report	/home/ec2-user/ak2/cohort/SRR5935832_1.fastq.gz	/home/ec2-user/ak2/cohort/SRR5935832_2.fastq.gz
2	2	parallel:lpt	sdk	2-SRR5935833	weight=12711109	--threads	16	--output	s3://aws-kraken2-942542972736-us-west-2/aws-kraken2/g3/20261008-044702-3c2153c-55a5-n16/out/c100/2-SRR5935833/output	--report	s3://aws-kraken2-942542972736-us-west-2/aws-kraken2/g3/20261008-044702-3c2153c-55a5-n16/out/c100/2-SRR5935833/report	/home/ec2-user/ak2/cohort/SRR5935833_1.fastq.gz	/home/ec2-user/ak2/cohort/SRR5935833_2.fastq.gz
2	2	parallel:lpt	sdk	2-SRR5935834	weight=12610038	--threads	16	--output	s3://aws-kraken2-942542972736-us-west-2/aws-kraken2/g3/20261008-044702-3c2153c-55a5-n16/out/c100/2-SRR5935834/output	--report	s3://aws-kraken2-942542972736-us-west-2/aws-kraken2/g3/20261008-044702-3c2153c-55a5-n16/out/c100/2-SRR5935834/report	/home/ec2-user/ak2/cohort/SRR5935834_1.fastq.gz	/home/ec2-user/ak2/cohort/SRR5935834_2.fastq.gz
2	2	parallel:lpt	sdk	2-SRR5935835	weight=1341509	--threads	16	--output	s3://aws-kraken2-942542972736-us-west-2/aws-kraken2/g3/20261008-044702-3c2153c-55a5-n16/out/c100/2-SRR5935835/output	--report	s3://aws-kraken2-942542972736-us-west-2/aws-kraken2/g3/20261008-044702-3c2153c-55a5-n16/out/c100/2-SRR5935835/report	/home/ec2-user/ak2/cohort/SRR5935835_1.fastq.gz	/home/ec2-user/ak2/cohort/SRR5935835_2.fastq.gz
2	2	parallel:lpt	sdk	2-SRR5935836	weight=7326365	--threads	16	--output	s3://aws-kraken2-942542972736-us-west-2/aws-kraken2/g3/20261008-044702-3c2153c-55a5-n16/out/c100/2-SRR5935836/output	--report	s3://aws-kraken2-942542972736-us-west-2/aws-kraken2/g3/20261008-044702-3c2153c-55a5-n16/out/c100/2-SRR5935836/report	/home/ec2-user/ak2/cohort/SRR5935836_1.fastq.gz	/home/ec2-user/ak2/cohort/SRR5935836_2.fastq.gz
2	2	parallel:lpt	sdk	2-SRR5935837	weight=9337913	--threads	16	--output	s3://aws-kraken2-942542972736-us-west-2/aws-kraken2/g3/20261008-044702-3c2153c-55a5-n16/out/c100/2-SRR5935837/output	--report	s3://aws-kraken2-942542972736-us-west-2/aws-kraken2/g3/20261008-044702-3c2153c-55a5-n16/out/c100/2-SRR5935837/report	/home/ec2-user/ak2/cohort/SRR5935837_1.fastq.gz	/home/ec2-user/ak2/cohort/SRR5935837_2.fastq.gz
2	2	parallel:lpt	sdk	2-SRR5935838	weight=14615323	--threads	16	--output	s3://aws-kraken2-942542972736-us-west-2/aws-kraken2/g3/20261008-044702-3c2153c-55a5-n16/out/c100/2-SRR5935838/output	--report	s3://aws-kraken2-942542972736-us-west-2/aws-kraken2/g3/20261008-044702-3c2153c-55a5-n16/out/c100/2-SRR5935838/report	/home/ec2-user/ak2/cohort/SRR5935838_1.fastq.gz	/home/ec2-user/ak2/cohort/SRR5935838_2.fastq.gz
2	2	parallel:lpt	sdk	2-SRR5935839	weight=1085628	--threads	16	--output	s3://aws-kraken2-942542972736-us-west-2/aws-kraken2/g3/20261008-044702-3c2153c-55a5-n16/out/c100/2-SRR5935839/output	--report	s3://aws-kraken2-942542972736-us-west-2/aws-kraken2/g3/20261008-044702-3c2153c-55a5-n16/out/c100/2-SRR5935839/report	/home/ec2-user/ak2/cohort/SRR5935839_1.fastq.gz	/home/ec2-user/ak2/cohort/SRR5935839_2.fastq.gz
3	1	striped	sdk	3-SRR5935740	--threads	16	--output	s3://aws-kraken2-942542972736-us-west-2/aws-kraken2/g3/20261008-044702-3c2153c-55a5-n16/out/c100/3-SRR5935740/output	--report	s3://aws-kraken2-942542972736-us-west-2/aws-kraken2/g3/20261008-044702-3c2153c-55a5-n16/out/c100/3-SRR5935740/report	/home/ec2-user/ak2/cohort/SRR5935740_1.fastq.gz	/home/ec2-user/ak2/cohort/SRR5935740_2.fastq.gz
4	1	striped	sdk	4-SRR5935740	--threads	16	--output	s3://aws-kraken2-942542972736-us-west-2/aws-kraken2/g3/20261008-044702-3c2153c-55a5-n16/out/c100/4-SRR5935740/output	--report	s3://aws-kraken2-942542972736-us-west-2/aws-kraken2/g3/20261008-044702-3c2153c-55a5-n16/out/c100/4-SRR5935740/report	/home/ec2-user/ak2/cohort/SRR5935740_1.fastq.gz	/home/ec2-user/ak2/cohort/SRR5935740_2.fastq.gz
5	1	striped	sdk	5-SRR5935740	--threads	16	--output	s3://aws-kraken2-942542972736-us-west-2/aws-kraken2/g3/20261008-044702-3c2153c-55a5-n16/out/c100/5-SRR5935740/output	--report	s3://aws-kraken2-942542972736-us-west-2/aws-kraken2/g3/20261008-044702-3c2153c-55a5-n16/out/c100/5-SRR5935740/report	/home/ec2-user/ak2/cohort/SRR5935740_1.fastq.gz	/home/ec2-user/ak2/cohort/SRR5935740_2.fastq.gz
6	2	parallel:lpt	sdk	6-SRR5935740	weight=10532910	--threads	16	--output	s3://aws-kraken2-942542972736-us-west-2/aws-kraken2/g3/20261008-044702-3c2153c-55a5-n16/out/c100/6-SRR5935740/output	--report	s3://aws-kraken2-942542972736-us-west-2/aws-kraken2/g3/20261008-044702-3c2153c-55a5-n16/out/c100/6-SRR5935740/report	/home/ec2-user/ak2/cohort/SRR5935740_1.fastq.gz	/home/ec2-user/ak2/cohort/SRR5935740_2.fastq.gz
7	2	parallel:lpt	sdk	7-SRR5935740	weight=10532910	--threads	16	--output	s3://aws-kraken2-942542972736-us-west-2/aws-kraken2/g3/20261008-044702-3c2153c-55a5-n16/out/c100/7-SRR5935740/output	--report	s3://aws-kraken2-942542972736-us-west-2/aws-kraken2/g3/20261008-044702-3c2153c-55a5-n16/out/c100/7-SRR5935740/report	/home/ec2-user/ak2/cohort/SRR5935740_1.fastq.gz	/home/ec2-user/ak2/cohort/SRR5935740_2.fastq.gz
8	2	parallel:lpt	sdk	8-SRR5935740	weight=10532910	--threads	16	--output	s3://aws-kraken2-942542972736-us-west-2/aws-kraken2/g3/20261008-044702-3c2153c-55a5-n16/out/c100/8-SRR5935740/output	--report	s3://aws-kraken2-942542972736-us-west-2/aws-kraken2/g3/20261008-044702-3c2153c-55a5-n16/out/c100/8-SRR5935740/report	/home/ec2-user/ak2/cohort/SRR5935740_1.fastq.gz	/home/ec2-user/ak2/cohort/SRR5935740_2.fastq.gz
