rehearse: record results/rehearse/g3-probe-stage-x8g.24xlarge-20261009T055802Z-6935115.log
rehearse: runs/g3-probe-stage-x8g.24xlarge.json (stage) at 6935115, work /var/folders/x5/_jwxtjjx347635h39vn8hcxm0000gn/T//ak2-prehearse.flRglu
rehearse: stand-in hash.k2d 320 MiB, ETag 3246d5fffaefdcfff7661120f58ed946-3, at http://127.0.0.1:62808/Kraken2_RefSeqCompleteV205/hash.k2d
rehearse: body exit 0
rehearse: streamed 10 lines, stage.jsonl 10; sweep done 3 (want 3); full rget 1, s5cmd 1 complete; ETag ok 2 (want 2); aws sample 1
probe_tables: /var/folders/x5/_jwxtjjx347635h39vn8hcxm0000gn/T//ak2-prehearse.flRglu/run/tables/probe-staging.tsv (6 rows)
rehearse: ok
rm: /var/folders/x5/_jwxtjjx347635h39vn8hcxm0000gn/T//ak2-prehearse.flRglu/home/go/pkg/mod/github.com/klauspost/compress@v1.20.0/testdata/dec-hang1.bin: Permission denied
rm: /var/folders/x5/_jwxtjjx347635h39vn8hcxm0000gn/T//ak2-prehearse.flRglu/home/go/pkg/mod/github.com/klauspost/compress@v1.20.0/testdata/dec-hang2.bin: Permission denied
rm: /var/folders/x5/_jwxtjjx347635h39vn8hcxm0000gn/T//ak2-prehearse.flRglu/home/go/pkg/mod/github.com/klauspost/compress@v1.20.0/testdata/fse-artifact3.bin: Permission denied
rm: /var/folders/x5/_jwxtjjx347635h39vn8hcxm0000gn/T//ak2-prehearse.flRglu/home/go/pkg/mod/github.com/klauspost/compress@v1.20.0/testdata/dec-hang3.bin: Permission denied
rm: /var/folders/x5/_jwxtjjx347635h39vn8hcxm0000gn/T//ak2-prehearse.flRglu/home/go/pkg/mod/github.com/klauspost/compress@v1.20.0/testdata/sharnd.out: Permission denied
rm: /var/folders/x5/_jwxtjjx347635h39vn8hcxm0000gn/T//ak2-prehearse.flRglu/home/go/pkg/mod/github.com/klauspost/compress@v1.20.0/testdata/pi.txt: Permission denied
rm: /var/folders/x5/_jwxtjjx347635h39vn8hcxm0000gn/T//ak2-prehearse.flRglu/home/go/pkg/mod/github.com/klauspost/compress@v1.20.0/testdata/endnonzero.bin: Permission denied
rm: /var/folders/x5/_jwxtjjx347635h39vn8hcxm0000gn/T//ak2-prehearse.flRglu/home/go/pkg/mod/github.com/klauspost/compress@v1.20.0/testdata/Mark.Twain-Tom.Sawyer.txt: Permission denied
rm: /var/folders/x5/_jwxtjjx347635h39vn8hcxm0000gn/T//ak2-prehearse.flRglu/home/go/pkg/mod/github.com/klauspost/compress@v1.20.0/testdata/crash4.bin: Permission denied
rm: /var/folders/x5/_jwxtjjx347635h39vn8hcxm0000gn/T//ak2-prehearse.flRglu/home/go/pkg/mod/github.com/klauspost/compress@v1.20.0/testdata/crash5.bin: Permission denied
rm: /var/folders/x5/_jwxtjjx347635h39vn8hcxm0000gn/T//ak2-prehearse.flRglu/home/go/pkg/mod/github.com/klauspost/compress@v1.20.0/testdata/crash1.bin: Permission denied
rm: /var/folders/x5/_jwxtjjx347635h39vn8hcxm0000gn/T//ak2-prehearse.flRglu/home/go/pkg/mod/github.com/klauspost/compress@v1.20.0/testdata/crash2.bin: Permission denied
rm: /var/folders/x5/_jwxtjjx347635h39vn8hcxm0000gn/T//ak2-prehearse.flRglu/home/go/pkg/mod/github.com/klauspost/compress@v1.20.0/testdata/crash3.bin: Permission denied
rm: /var/folders/x5/_jwxtjjx347635h39vn8hcxm0000gn/T//ak2-prehearse.flRglu/home/go/pkg/mod/github.com/klauspost/compress@v1.20.0/testdata/gettysburg.txt: Permission denied
rm: /var/folders/x5/_jwxtjjx347635h39vn8hcxm0000gn/T//ak2-prehearse.flRglu/home/go/pkg/mod/github.com/klauspost/compress@v1.20.0/testdata/endzerobits.bin: Permission denied
rm: /var/folders/x5/_jwxtjjx347635h39vn8hcxm0000gn/T//ak2-prehearse.flRglu/home/go/pkg/mod/github.com/klauspost/compress@v1.20.0/testdata/e.txt: Permission denied
rm: /var/folders/x5/_jwxtjjx347635h39vn8hcxm0000gn/T//ak2-prehearse.flRglu/home/go/pkg/mod/github.com/klauspost/compress@v1.20.0/testdata/case3.bin: Permission denied
rm: /var/folders/x5/_jwxtjjx347635h39vn8hcxm0000gn/T//ak2-prehearse.flRglu/home/go/pkg/mod/github.com/klauspost/compress@v1.20.0/testdata/dec-crash6.bin: Permission denied
rm: /var/folders/x5/_jwxtjjx347635h39vn8hcxm0000gn/T//ak2-prehearse.flRglu/home/go/pkg/mod/github.com/klauspost/compress@v1.20.0/testdata/case2.bin: Permission denied
rm: /var/folders/x5/_jwxtjjx347635h39vn8hcxm0000gn/T//ak2-prehearse.flRglu/home/go/pkg/mod/github.com/klauspost/compress@v1.20.0/testdata/pngdata.bin: Permission denied
rm: /var/folders/x5/_jwxtjjx347635h39vn8hcxm0000gn/T//ak2-prehearse.flRglu/home/go/pkg/mod/github.com/klauspost/compress@v1.20.0/testdata/case1.bin: Permission denied
rm: /var/folders/x5/_jwxtjjx347635h39vn8hcxm0000gn/T//ak2-prehearse.flRglu/home/go/pkg/mod/github.com/klauspost/compress@v1.20.0/testdata/dec-symlen1.bin: Permission denied
rm: /var/folders/x5/_jwxtjjx347635h39vn8hcxm0000gn/T//ak2-prehearse.flRglu/home/go/pkg/mod/github.com/klauspost/compress@v1.20.0/testdata/normcount2.bin: Permission denied
rm: /var/folders/x5/_jwxtjjx347635h39vn8hcxm0000gn/T//ak2-prehearse.flRglu/home/go/pkg/mod/github.com/klauspost/compress@v1.20.0/testdata/html.txt: Permission denied
rm: /var/folders/x5/_jwxtjjx347635h39vn8hcxm0000gn/T//ak2-prehearse.flRglu/home/go/pkg/mod/github.com/klauspost/compress@v1.20.0/testdata: Permission denied
rm: /var/folders/x5/_jwxtjjx347635h39vn8hcxm0000gn/T//ak2-prehearse.flRglu/home/go/pkg/mod/github.com/klauspost/compress@v1.20.0/s2/encode_asm.go: Permission denied
rm: /var/folders/x5/_jwxtjjx347635h39vn8hcxm0000gn/T//ak2-prehearse.flRglu/home/go/pkg/mod/github.com/klauspost/compress@v1.20.0/s2/fuzz_test.go: Permission denied
rm: /var/folders/x5/_jwxtjjx347635h39vn8hcxm0000gn/T//ak2-prehearse.flRglu/home/go/pkg/mod/github.com/klauspost/compress@v1.20.0/s2/index.go: Permission denied
rm: /var/folders/x5/_jwxtjjx347635h39vn8hcxm0000gn/T//ak2-prehearse.flRglu/home/go/pkg/mod/github.com/klauspost/compress@v1.20.0/s2/decode_test.go: Permission denied
rm: /var/folders/x5/_jwxtjjx347635h39vn8hcxm0000gn/T//ak2-prehearse.flRglu/home/go/pkg/mod/github.com/klauspost/compress@v1.20.0/s2/cmd/internal/readahead/LICENSE: Permission denied
rm: /var/folders/x5/_jwxtjjx347635h39vn8hcxm0000gn/T//ak2-prehearse.flRglu/home/go/pkg/mod/github.com/klauspost/compress@v1.20.0/s2/cmd/internal/readahead/README.md: Permission denied
rm: /var/folders/x5/_jwxtjjx347635h39vn8hcxm0000gn/T//ak2-prehearse.flRglu/home/go/pkg/mod/github.com/klauspost/compress@v1.20.0/s2/cmd/internal/readahead/reader.go: Permission denied
rm: /var/folders/x5/_jwxtjjx347635h39vn8hcxm0000gn/T//ak2-prehearse.flRglu/home/go/pkg/mod/github.com/klauspost/compress@v1.20.0/s2/cmd/internal/readahead: Permission denied
rm: /var/folders/x5/_jwxtjjx347635h39vn8hcxm0000gn/T//ak2-prehearse.flRglu/home/go/pkg/mod/github.com/klauspost/compress@v1.20.0/s2/cmd/internal/filepathx/LICENSE: Permission denied
rm: /var/folders/x5/_jwxtjjx347635h39vn8hcxm0000gn/T//ak2-prehearse.flRglu/home/go/pkg/mod/github.com/klauspost/compress@v1.20.0/s2/cmd/internal/filepathx/README.md: Permission denied
rm: /var/folders/x5/_jwxtjjx347635h39vn8hcxm0000gn/T//ak2-prehearse.flRglu/home/go/pkg/mod/github.com/klauspost/compress@v1.20.0/s2/cmd/internal/filepathx/filepathx.go: Permission denied
rm: /var/folders/x5/_jwxtjjx347635h39vn8hcxm0000gn/T//ak2-prehearse.flRglu/home/go/pkg/mod/github.com/klauspost/compress@v1.20.0/s2/cmd/internal/filepathx/filepathx_test.go: Permission denied
rm: /var/folders/x5/_jwxtjjx347635h39vn8hcxm0000gn/T//ak2-prehearse.flRglu/home/go/pkg/mod/github.com/klauspost/compress@v1.20.0/s2/cmd/internal/filepathx: Permission denied
rm: /var/folders/x5/_jwxtjjx347635h39vn8hcxm0000gn/T//ak2-prehearse.flRglu/home/go/pkg/mod/github.com/klauspost/compress@v1.20.0/s2/cmd/internal: Permission denied
rm: /var/folders/x5/_jwxtjjx347635h39vn8hcxm0000gn/T//ak2-prehearse.flRglu/home/go/pkg/mod/github.com/klauspost/compress@v1.20.0/s2/cmd/s2c/main.go: Permission denied
rm: /var/folders/x5/_jwxtjjx347635h39vn8hcxm0000gn/T//ak2-prehearse.flRglu/home/go/pkg/mod/github.com/klauspost/compress@v1.20.0/s2/cmd/s2c: Permission denied
rm: /var/folders/x5/_jwxtjjx347635h39vn8hcxm0000gn/T//ak2-prehearse.flRglu/home/go/pkg/mod/github.com/klauspost/compress@v1.20.0/s2/cmd/s2d/main.go: Permission denied
rm: /var/folders/x5/_jwxtjjx347635h39vn8hcxm0000gn/T//ak2-prehearse.flRglu/home/go/pkg/mod/github.com/klauspost/compress@v1.20.0/s2/cmd/s2d: Permission denied
rm: /var/folders/x5/_jwxtjjx347635h39vn8hcxm0000gn/T//ak2-prehearse.flRglu/home/go/pkg/mod/github.com/klauspost/compress@v1.20.0/s2/cmd: Permission denied
rm: /var/folders/x5/_jwxtjjx347635h39vn8hcxm0000gn/T//ak2-prehearse.flRglu/home/go/pkg/mod/github.com/klauspost/compress@v1.20.0/s2/testdata/Mark.Twain-Tom.Sawyer.txt: Permission denied
rm: /var/folders/x5/_jwxtjjx347635h39vn8hcxm0000gn/T//ak2-prehearse.flRglu/home/go/pkg/mod/github.com/klauspost/compress@v1.20.0/s2/testdata/s2-dict.bin.gz: Permission denied
rm: /var/folders/x5/_jwxtjjx347635h39vn8hcxm0000gn/T//ak2-prehearse.flRglu/home/go/pkg/mod/github.com/klauspost/compress@v1.20.0/s2/testdata/4f9e1a0da7915a3d69632f5613ed78bc998a8a23.zst: Permission denied
rm: /var/folders/x5/_jwxtjjx347635h39vn8hcxm0000gn/T//ak2-prehearse.flRglu/home/go/pkg/mod/github.com/klauspost/compress@v1.20.0/s2/testdata/dec-block-regressions.zip: Permission denied
rm: /var/folders/x5/_jwxtjjx347635h39vn8hcxm0000gn/T//ak2-prehearse.flRglu/home/go/pkg/mod/github.com/klauspost/compress@v1.20.0/s2/testdata/Mark.Twain-Tom.Sawyer.txt.rawsnappy: Permission denied
rm: /var/folders/x5/_jwxtjjx347635h39vn8hcxm0000gn/T//ak2-prehearse.flRglu/home/go/pkg/mod/github.com/klauspost/compress@v1.20.0/s2/testdata/fuzz/lz4-convert-corpus-raw.zip: Permission denied
rm: /var/folders/x5/_jwxtjjx347635h39vn8hcxm0000gn/T//ak2-prehearse.flRglu/home/go/pkg/mod/github.com/klauspost/compress@v1.20.0/s2/testdata/fuzz/dict-corpus-oss.zip: Permission denied
rm: /var/folders/x5/_jwxtjjx347635h39vn8hcxm0000gn/T//ak2-prehearse.flRglu/home/go/pkg/mod/github.com/klauspost/compress@v1.20.0/s2/testdata/fuzz/block-corpus-enc.zip: Permission denied
rm: /var/folders/x5/_jwxtjjx347635h39vn8hcxm0000gn/T//ak2-prehearse.flRglu/home/go/pkg/mod/github.com/klauspost/compress@v1.20.0/s2/testdata/fuzz/block-corpus-raw.zip: Permission denied
rm: /var/folders/x5/_jwxtjjx347635h39vn8hcxm0000gn/T//ak2-prehearse.flRglu/home/go/pkg/mod/github.com/klauspost/compress@v1.20.0/s2/testdata/fuzz/FuzzLZ4Block.zip: Permission denied
rm: /var/folders/x5/_jwxtjjx347635h39vn8hcxm0000gn/T//ak2-prehearse.flRglu/home/go/pkg/mod/github.com/klauspost/compress@v1.20.0/s2/testdata/fuzz: Permission denied
rm: /var/folders/x5/_jwxtjjx347635h39vn8hcxm0000gn/T//ak2-prehearse.flRglu/home/go/pkg/mod/github.com/klauspost/compress@v1.20.0/s2/testdata/random: Permission denied
rm: /var/folders/x5/_jwxtjjx347635h39vn8hcxm0000gn/T//ak2-prehearse.flRglu/home/go/pkg/mod/github.com/klauspost/compress@v1.20.0/s2/testdata/enc_regressions.zip: Permission denied
rm: /var/folders/x5/_jwxtjjx347635h39vn8hcxm0000gn/T//ak2-prehearse.flRglu/home/go/pkg/mod/github.com/klauspost/compress@v1.20.0/s2/testdata: Permission denied
rm: /var/folders/x5/_jwxtjjx347635h39vn8hcxm0000gn/T//ak2-prehearse.flRglu/home/go/pkg/mod/github.com/klauspost/compress@v1.20.0/s2/encode.go: Permission denied
rm: /var/folders/x5/_jwxtjjx347635h39vn8hcxm0000gn/T//ak2-prehearse.flRglu/home/go/pkg/mod/github.com/klauspost/compress@v1.20.0/s2/lz4sconvert.go: Permission denied
rm: /var/folders/x5/_jwxtjjx347635h39vn8hcxm0000gn/T//ak2-prehearse.flRglu/home/go/pkg/mod/github.com/klauspost/compress@v1.20.0/s2/encodeblock_asm.go: Permission denied
rm: /var/folders/x5/_jwxtjjx347635h39vn8hcxm0000gn/T//ak2-prehearse.flRglu/home/go/pkg/mod/github.com/klauspost/compress@v1.20.0/s2/lz4convert_test.go: Permission denied
rm: /var/folders/x5/_jwxtjjx347635h39vn8hcxm0000gn/T//ak2-prehearse.flRglu/home/go/pkg/mod/github.com/klauspost/compress@v1.20.0/s2/dict_test.go: Permission denied
rm: /var/folders/x5/_jwxtjjx347635h39vn8hcxm0000gn/T//ak2-prehearse.flRglu/home/go/pkg/mod/github.com/klauspost/compress@v1.20.0/s2/examples_test.go: Permission denied
rm: /var/folders/x5/_jwxtjjx347635h39vn8hcxm0000gn/T//ak2-prehearse.flRglu/home/go/pkg/mod/github.com/klauspost/compress@v1.20.0/s2/LICENSE: Permission denied
rm: /var/folders/x5/_jwxtjjx347635h39vn8hcxm0000gn/T//ak2-prehearse.flRglu/home/go/pkg/mod/github.com/klauspost/compress@v1.20.0/s2/writer_test.go: Permission denied
rm: /var/folders/x5/_jwxtjjx347635h39vn8hcxm0000gn/T//ak2-prehearse.flRglu/home/go/pkg/mod/github.com/klauspost/compress@v1.20.0/s2/index_test.go: Permission denied
rm: /var/folders/x5/_jwxtjjx347635h39vn8hcxm0000gn/T//ak2-prehearse.flRglu/home/go/pkg/mod/github.com/klauspost/compress@v1.20.0/s2/encodeblock_amd64.s: Permission denied
rm: /var/folders/x5/_jwxtjjx347635h39vn8hcxm0000gn/T//ak2-prehearse.flRglu/home/go/pkg/mod/github.com/klauspost/compress@v1.20.0/s2/encode_best.go: Permission denied
rm: /var/folders/x5/_jwxtjjx347635h39vn8hcxm0000gn/T//ak2-prehearse.flRglu/home/go/pkg/mod/github.com/klauspost/compress@v1.20.0/s2/decode_amd64.s: Permission denied
rm: /var/folders/x5/_jwxtjjx347635h39vn8hcxm0000gn/T//ak2-prehearse.flRglu/home/go/pkg/mod/github.com/klauspost/compress@v1.20.0/s2/decode_asm.go: Permission denied
rm: /var/folders/x5/_jwxtjjx347635h39vn8hcxm0000gn/T//ak2-prehearse.flRglu/home/go/pkg/mod/github.com/klauspost/compress@v1.20.0/s2/hashtable_pool.go: Permission denied
rm: /var/folders/x5/_jwxtjjx347635h39vn8hcxm0000gn/T//ak2-prehearse.flRglu/home/go/pkg/mod/github.com/klauspost/compress@v1.20.0/s2/README.md: Permission denied
rm: /var/folders/x5/_jwxtjjx347635h39vn8hcxm0000gn/T//ak2-prehearse.flRglu/home/go/pkg/mod/github.com/klauspost/compress@v1.20.0/s2/encode_better.go: Permission denied
rm: /var/folders/x5/_jwxtjjx347635h39vn8hcxm0000gn/T//ak2-prehearse.flRglu/home/go/pkg/mod/github.com/klauspost/compress@v1.20.0/s2/writer.go: Permission denied
rm: /var/folders/x5/_jwxtjjx347635h39vn8hcxm0000gn/T//ak2-prehearse.flRglu/home/go/pkg/mod/github.com/klauspost/compress@v1.20.0/s2/.gitignore: Permission denied
rm: /var/folders/x5/_jwxtjjx347635h39vn8hcxm0000gn/T//ak2-prehearse.flRglu/home/go/pkg/mod/github.com/klauspost/compress@v1.20.0/s2/encode_go.go: Permission denied
rm: /var/folders/x5/_jwxtjjx347635h39vn8hcxm0000gn/T//ak2-prehearse.flRglu/home/go/pkg/mod/github.com/klauspost/compress@v1.20.0/s2/lz4convert.go: Permission denied
rm: /var/folders/x5/_jwxtjjx347635h39vn8hcxm0000gn/T//ak2-prehearse.flRglu/home/go/pkg/mod/github.com/klauspost/compress@v1.20.0/s2/reader.go: Permission denied
rm: /var/folders/x5/_jwxtjjx347635h39vn8hcxm0000gn/T//ak2-prehearse.flRglu/home/go/pkg/mod/github.com/klauspost/compress@v1.20.0/s2/reader_test.go: Permission denied
rm: /var/folders/x5/_jwxtjjx347635h39vn8hcxm0000gn/T//ak2-prehearse.flRglu/home/go/pkg/mod/github.com/klauspost/compress@v1.20.0/s2/encode_skip_test.go: Permission denied
rm: /var/folders/x5/_jwxtjjx347635h39vn8hcxm0000gn/T//ak2-prehearse.flRglu/home/go/pkg/mod/github.com/klauspost/compress@v1.20.0/s2/s2_test.go: Permission denied
rm: /var/folders/x5/_jwxtjjx347635h39vn8hcxm0000gn/T//ak2-prehearse.flRglu/home/go/pkg/mod/github.com/klauspost/compress@v1.20.0/s2/s2.go: Permission denied
rm: /var/folders/x5/_jwxtjjx347635h39vn8hcxm0000gn/T//ak2-prehearse.flRglu/home/go/pkg/mod/github.com/klauspost/compress@v1.20.0/s2/decode_other.go: Permission denied
rm: /var/folders/x5/_jwxtjjx347635h39vn8hcxm0000gn/T//ak2-prehearse.flRglu/home/go/pkg/mod/github.com/klauspost/compress@v1.20.0/s2/encodeblock_arm64.s: Permission denied
rm: /var/folders/x5/_jwxtjjx347635h39vn8hcxm0000gn/T//ak2-prehearse.flRglu/home/go/pkg/mod/github.com/klauspost/compress@v1.20.0/s2/decode.go: Permission denied
rm: /var/folders/x5/_jwxtjjx347635h39vn8hcxm0000gn/T//ak2-prehearse.flRglu/home/go/pkg/mod/github.com/klauspost/compress@v1.20.0/s2/decode_arm64.s: Permission denied
rm: /var/folders/x5/_jwxtjjx347635h39vn8hcxm0000gn/T//ak2-prehearse.flRglu/home/go/pkg/mod/github.com/klauspost/compress@v1.20.0/s2/encode_test.go: Permission denied
rm: /var/folders/x5/_jwxtjjx347635h39vn8hcxm0000gn/T//ak2-prehearse.flRglu/home/go/pkg/mod/github.com/klauspost/compress@v1.20.0/s2/encode_all.go: Permission denied
rm: /var/folders/x5/_jwxtjjx347635h39vn8hcxm0000gn/T//ak2-prehearse.flRglu/home/go/pkg/mod/github.com/klauspost/compress@v1.20.0/s2/lz4sconvert_test.go: Permission denied
rm: /var/folders/x5/_jwxtjjx347635h39vn8hcxm0000gn/T//ak2-prehearse.flRglu/home/go/pkg/mod/github.com/klauspost/compress@v1.20.0/s2/dict.go: Permission denied
rm: /var/folders/x5/_jwxtjjx347635h39vn8hcxm0000gn/T//ak2-prehearse.flRglu/home/go/pkg/mod/github.com/klauspost/compress@v1.20.0/s2: Permission denied
rm: /var/folders/x5/_jwxtjjx347635h39vn8hcxm0000gn/T//ak2-prehearse.flRglu/home/go/pkg/mod/github.com/klauspost/compress@v1.20.0/go.mod: Permission denied
rm: /var/folders/x5/_jwxtjjx347635h39vn8hcxm0000gn/T//ak2-prehearse.flRglu/home/go/pkg/mod/github.com/klauspost/compress@v1.20.0/LICENSE: Permission denied
rm: /var/folders/x5/_jwxtjjx347635h39vn8hcxm0000gn/T//ak2-prehearse.flRglu/home/go/pkg/mod/github.com/klauspost/compress@v1.20.0/huff0/fuzz_test.go: Permission denied
rm: /var/folders/x5/_jwxtjjx347635h39vn8hcxm0000gn/T//ak2-prehearse.flRglu/home/go/pkg/mod/github.com/klauspost/compress@v1.20.0/huff0/testdata/decompress1x_regression.zip: Permission denied
rm: /var/folders/x5/_jwxtjjx347635h39vn8hcxm0000gn/T//ak2-prehearse.flRglu/home/go/pkg/mod/github.com/klauspost/compress@v1.20.0/huff0/testdata/regression.zip: Permission denied
rm: /var/folders/x5/_jwxtjjx347635h39vn8hcxm0000gn/T//ak2-prehearse.flRglu/home/go/pkg/mod/github.com/klauspost/compress@v1.20.0/huff0/testdata/huff0_decompress1x.zip: Permission denied
rm: /var/folders/x5/_jwxtjjx347635h39vn8hcxm0000gn/T//ak2-prehearse.flRglu/home/go/pkg/mod/github.com/klauspost/compress@v1.20.0/huff0/testdata/fse_compress.zip: Permission denied
rm: /var/folders/x5/_jwxtjjx347635h39vn8hcxm0000gn/T//ak2-prehearse.flRglu/home/go/pkg/mod/github.com/klauspost/compress@v1.20.0/huff0/testdata: Permission denied
rm: /var/folders/x5/_jwxtjjx347635h39vn8hcxm0000gn/T//ak2-prehearse.flRglu/home/go/pkg/mod/github.com/klauspost/compress@v1.20.0/huff0/decompress_amd64.s: Permission denied
rm: /var/folders/x5/_jwxtjjx347635h39vn8hcxm0000gn/T//ak2-prehearse.flRglu/home/go/pkg/mod/github.com/klauspost/compress@v1.20.0/huff0/decompress.go: Permission denied
rm: /var/folders/x5/_jwxtjjx347635h39vn8hcxm0000gn/T//ak2-prehearse.flRglu/home/go/pkg/mod/github.com/klauspost/compress@v1.20.0/huff0/decompress_amd64.go: Permission denied
rm: /var/folders/x5/_jwxtjjx347635h39vn8hcxm0000gn/T//ak2-prehearse.flRglu/home/go/pkg/mod/github.com/klauspost/compress@v1.20.0/huff0/compress_test.go: Permission denied
rm: /var/folders/x5/_jwxtjjx347635h39vn8hcxm0000gn/T//ak2-prehearse.flRglu/home/go/pkg/mod/github.com/klauspost/compress@v1.20.0/huff0/decompress_test.go: Permission denied
rm: /var/folders/x5/_jwxtjjx347635h39vn8hcxm0000gn/T//ak2-prehearse.flRglu/home/go/pkg/mod/github.com/klauspost/compress@v1.20.0/huff0/decompress_asm.go: Permission denied
rm: /var/folders/x5/_jwxtjjx347635h39vn8hcxm0000gn/T//ak2-prehearse.flRglu/home/go/pkg/mod/github.com/klauspost/compress@v1.20.0/huff0/README.md: Permission denied
rm: /var/folders/x5/_jwxtjjx347635h39vn8hcxm0000gn/T//ak2-prehearse.flRglu/home/go/pkg/mod/github.com/klauspost/compress@v1.20.0/huff0/bitreader.go: Permission denied
rm: /var/folders/x5/_jwxtjjx347635h39vn8hcxm0000gn/T//ak2-prehearse.flRglu/home/go/pkg/mod/github.com/klauspost/compress@v1.20.0/huff0/.gitignore: Permission denied
rm: /var/folders/x5/_jwxtjjx347635h39vn8hcxm0000gn/T//ak2-prehearse.flRglu/home/go/pkg/mod/github.com/klauspost/compress@v1.20.0/huff0/decompress_arm64.s: Permission denied
rm: /var/folders/x5/_jwxtjjx347635h39vn8hcxm0000gn/T//ak2-prehearse.flRglu/home/go/pkg/mod/github.com/klauspost/compress@v1.20.0/huff0/compress.go: Permission denied
rm: /var/folders/x5/_jwxtjjx347635h39vn8hcxm0000gn/T//ak2-prehearse.flRglu/home/go/pkg/mod/github.com/klauspost/compress@v1.20.0/huff0/decompress_arm64.go: Permission denied
rm: /var/folders/x5/_jwxtjjx347635h39vn8hcxm0000gn/T//ak2-prehearse.flRglu/home/go/pkg/mod/github.com/klauspost/compress@v1.20.0/huff0/bitwriter.go: Permission denied
rm: /var/folders/x5/_jwxtjjx347635h39vn8hcxm0000gn/T//ak2-prehearse.flRglu/home/go/pkg/mod/github.com/klauspost/compress@v1.20.0/huff0/huff0.go: Permission denied
rm: /var/folders/x5/_jwxtjjx347635h39vn8hcxm0000gn/T//ak2-prehearse.flRglu/home/go/pkg/mod/github.com/klauspost/compress@v1.20.0/huff0/build_table.go: Permission denied
rm: /var/folders/x5/_jwxtjjx347635h39vn8hcxm0000gn/T//ak2-prehearse.flRglu/home/go/pkg/mod/github.com/klauspost/compress@v1.20.0/huff0/decompress_generic.go: Permission denied
rm: /var/folders/x5/_jwxtjjx347635h39vn8hcxm0000gn/T//ak2-prehearse.flRglu/home/go/pkg/mod/github.com/klauspost/compress@v1.20.0/huff0/build_table_test.go: Permission denied
rm: /var/folders/x5/_jwxtjjx347635h39vn8hcxm0000gn/T//ak2-prehearse.flRglu/home/go/pkg/mod/github.com/klauspost/compress@v1.20.0/huff0: Permission denied
rm: /var/folders/x5/_jwxtjjx347635h39vn8hcxm0000gn/T//ak2-prehearse.flRglu/home/go/pkg/mod/github.com/klauspost/compress@v1.20.0/internal/regmask/regmask.go: Permission denied
rm: /var/folders/x5/_jwxtjjx347635h39vn8hcxm0000gn/T//ak2-prehearse.flRglu/home/go/pkg/mod/github.com/klauspost/compress@v1.20.0/internal/regmask/regmask_386.go: Permission denied
rm: /var/folders/x5/_jwxtjjx347635h39vn8hcxm0000gn/T//ak2-prehearse.flRglu/home/go/pkg/mod/github.com/klauspost/compress@v1.20.0/internal/regmask: Permission denied
rm: /var/folders/x5/_jwxtjjx347635h39vn8hcxm0000gn/T//ak2-prehearse.flRglu/home/go/pkg/mod/github.com/klauspost/compress@v1.20.0/internal/snapref/encode.go: Permission denied
rm: /var/folders/x5/_jwxtjjx347635h39vn8hcxm0000gn/T//ak2-prehearse.flRglu/home/go/pkg/mod/github.com/klauspost/compress@v1.20.0/internal/snapref/snappy.go: Permission denied
rm: /var/folders/x5/_jwxtjjx347635h39vn8hcxm0000gn/T//ak2-prehearse.flRglu/home/go/pkg/mod/github.com/klauspost/compress@v1.20.0/internal/snapref/LICENSE: Permission denied
rm: /var/folders/x5/_jwxtjjx347635h39vn8hcxm0000gn/T//ak2-prehearse.flRglu/home/go/pkg/mod/github.com/klauspost/compress@v1.20.0/internal/snapref/encode_other.go: Permission denied
rm: /var/folders/x5/_jwxtjjx347635h39vn8hcxm0000gn/T//ak2-prehearse.flRglu/home/go/pkg/mod/github.com/klauspost/compress@v1.20.0/internal/snapref/decode_other.go: Permission denied
rm: /var/folders/x5/_jwxtjjx347635h39vn8hcxm0000gn/T//ak2-prehearse.flRglu/home/go/pkg/mod/github.com/klauspost/compress@v1.20.0/internal/snapref/decode.go: Permission denied
rm: /var/folders/x5/_jwxtjjx347635h39vn8hcxm0000gn/T//ak2-prehearse.flRglu/home/go/pkg/mod/github.com/klauspost/compress@v1.20.0/internal/snapref: Permission denied
rm: /var/folders/x5/_jwxtjjx347635h39vn8hcxm0000gn/T//ak2-prehearse.flRglu/home/go/pkg/mod/github.com/klauspost/compress@v1.20.0/internal/godebug/godebug.go: Permission denied
rm: /var/folders/x5/_jwxtjjx347635h39vn8hcxm0000gn/T//ak2-prehearse.flRglu/home/go/pkg/mod/github.com/klauspost/compress@v1.20.0/internal/godebug: Permission denied
rm: /var/folders/x5/_jwxtjjx347635h39vn8hcxm0000gn/T//ak2-prehearse.flRglu/home/go/pkg/mod/github.com/klauspost/compress@v1.20.0/internal/lz4ref/LICENSE: Permission denied
rm: /var/folders/x5/_jwxtjjx347635h39vn8hcxm0000gn/T//ak2-prehearse.flRglu/home/go/pkg/mod/github.com/klauspost/compress@v1.20.0/internal/lz4ref/block.go: Permission denied
rm: /var/folders/x5/_jwxtjjx347635h39vn8hcxm0000gn/T//ak2-prehearse.flRglu/home/go/pkg/mod/github.com/klauspost/compress@v1.20.0/internal/lz4ref/errors.go: Permission denied
rm: /var/folders/x5/_jwxtjjx347635h39vn8hcxm0000gn/T//ak2-prehearse.flRglu/home/go/pkg/mod/github.com/klauspost/compress@v1.20.0/internal/lz4ref: Permission denied
rm: /var/folders/x5/_jwxtjjx347635h39vn8hcxm0000gn/T//ak2-prehearse.flRglu/home/go/pkg/mod/github.com/klauspost/compress@v1.20.0/internal/le/le.go: Permission denied
rm: /var/folders/x5/_jwxtjjx347635h39vn8hcxm0000gn/T//ak2-prehearse.flRglu/home/go/pkg/mod/github.com/klauspost/compress@v1.20.0/internal/le/unsafe_disabled.go: Permission denied
rm: /var/folders/x5/_jwxtjjx347635h39vn8hcxm0000gn/T//ak2-prehearse.flRglu/home/go/pkg/mod/github.com/klauspost/compress@v1.20.0/internal/le/unsafe_enabled.go: Permission denied
rm: /var/folders/x5/_jwxtjjx347635h39vn8hcxm0000gn/T//ak2-prehearse.flRglu/home/go/pkg/mod/github.com/klauspost/compress@v1.20.0/internal/le: Permission denied
rm: /var/folders/x5/_jwxtjjx347635h39vn8hcxm0000gn/T//ak2-prehearse.flRglu/home/go/pkg/mod/github.com/klauspost/compress@v1.20.0/internal/race/race.go: Permission denied
rm: /var/folders/x5/_jwxtjjx347635h39vn8hcxm0000gn/T//ak2-prehearse.flRglu/home/go/pkg/mod/github.com/klauspost/compress@v1.20.0/internal/race/norace.go: Permission denied
rm: /var/folders/x5/_jwxtjjx347635h39vn8hcxm0000gn/T//ak2-prehearse.flRglu/home/go/pkg/mod/github.com/klauspost/compress@v1.20.0/internal/race: Permission denied
rm: /var/folders/x5/_jwxtjjx347635h39vn8hcxm0000gn/T//ak2-prehearse.flRglu/home/go/pkg/mod/github.com/klauspost/compress@v1.20.0/internal/fuzz/helpers.go: Permission denied
rm: /var/folders/x5/_jwxtjjx347635h39vn8hcxm0000gn/T//ak2-prehearse.flRglu/home/go/pkg/mod/github.com/klauspost/compress@v1.20.0/internal/fuzz: Permission denied
rm: /var/folders/x5/_jwxtjjx347635h39vn8hcxm0000gn/T//ak2-prehearse.flRglu/home/go/pkg/mod/github.com/klauspost/compress@v1.20.0/internal/cpuinfo/cpuinfo_amd64.s: Permission denied
rm: /var/folders/x5/_jwxtjjx347635h39vn8hcxm0000gn/T//ak2-prehearse.flRglu/home/go/pkg/mod/github.com/klauspost/compress@v1.20.0/internal/cpuinfo/cpuinfo.go: Permission denied
rm: /var/folders/x5/_jwxtjjx347635h39vn8hcxm0000gn/T//ak2-prehearse.flRglu/home/go/pkg/mod/github.com/klauspost/compress@v1.20.0/internal/cpuinfo/cpuinfo_amd64.go: Permission denied
rm: /var/folders/x5/_jwxtjjx347635h39vn8hcxm0000gn/T//ak2-prehearse.flRglu/home/go/pkg/mod/github.com/klauspost/compress@v1.20.0/internal/cpuinfo: Permission denied
rm: /var/folders/x5/_jwxtjjx347635h39vn8hcxm0000gn/T//ak2-prehearse.flRglu/home/go/pkg/mod/github.com/klauspost/compress@v1.20.0/internal: Permission denied
rm: /var/folders/x5/_jwxtjjx347635h39vn8hcxm0000gn/T//ak2-prehearse.flRglu/home/go/pkg/mod/github.com/klauspost/compress@v1.20.0/flate/fuzz_test.go: Permission denied
rm: /var/folders/x5/_jwxtjjx347635h39vn8hcxm0000gn/T//ak2-prehearse.flRglu/home/go/pkg/mod/github.com/klauspost/compress@v1.20.0/flate/testdata/huffman-null-max.golden: Permission denied
rm: /var/folders/x5/_jwxtjjx347635h39vn8hcxm0000gn/T//ak2-prehearse.flRglu/home/go/pkg/mod/github.com/klauspost/compress@v1.20.0/flate/testdata/huffman-rand-max.in: Permission denied
rm: /var/folders/x5/_jwxtjjx347635h39vn8hcxm0000gn/T//ak2-prehearse.flRglu/home/go/pkg/mod/github.com/klauspost/compress@v1.20.0/flate/testdata/huffman-zero.sync.expect: Permission denied
rm: /var/folders/x5/_jwxtjjx347635h39vn8hcxm0000gn/T//ak2-prehearse.flRglu/home/go/pkg/mod/github.com/klauspost/compress@v1.20.0/flate/testdata/huffman-text-shift.dyn.expect-noinput: Permission denied
rm: /var/folders/x5/_jwxtjjx347635h39vn8hcxm0000gn/T//ak2-prehearse.flRglu/home/go/pkg/mod/github.com/klauspost/compress@v1.20.0/flate/testdata/huffman-null-max.dyn.expect-noinput: Permission denied
rm: /var/folders/x5/_jwxtjjx347635h39vn8hcxm0000gn/T//ak2-prehearse.flRglu/home/go/pkg/mod/github.com/klauspost/compress@v1.20.0/flate/testdata/huffman-rand-1k.wb.expect: Permission denied
rm: /var/folders/x5/_jwxtjjx347635h39vn8hcxm0000gn/T//ak2-prehearse.flRglu/home/go/pkg/mod/github.com/klauspost/compress@v1.20.0/flate/testdata/huffman-text-shift.golden: Permission denied
rm: /var/folders/x5/_jwxtjjx347635h39vn8hcxm0000gn/T//ak2-prehearse.flRglu/home/go/pkg/mod/github.com/klauspost/compress@v1.20.0/flate/testdata/huffman-shifts.sync.expect: Permission denied
rm: /var/folders/x5/_jwxtjjx347635h39vn8hcxm0000gn/T//ak2-prehearse.flRglu/home/go/pkg/mod/github.com/klauspost/compress@v1.20.0/flate/testdata/huffman-text.dyn.expect: Permission denied
rm: /var/folders/x5/_jwxtjjx347635h39vn8hcxm0000gn/T//ak2-prehearse.flRglu/home/go/pkg/mod/github.com/klauspost/compress@v1.20.0/flate/testdata/huffman-pi.golden: Permission denied
rm: /var/folders/x5/_jwxtjjx347635h39vn8hcxm0000gn/T//ak2-prehearse.flRglu/home/go/pkg/mod/github.com/klauspost/compress@v1.20.0/flate/testdata/huffman-rand-1k.dyn.expect-noinput: Permission denied
rm: /var/folders/x5/_jwxtjjx347635h39vn8hcxm0000gn/T//ak2-prehearse.flRglu/home/go/pkg/mod/github.com/klauspost/compress@v1.20.0/flate/testdata/huffman-text.wb.expect: Permission denied
rm: /var/folders/x5/_jwxtjjx347635h39vn8hcxm0000gn/T//ak2-prehearse.flRglu/home/go/pkg/mod/github.com/klauspost/compress@v1.20.0/flate/testdata/huffman-rand-1k.dyn.expect: Permission denied
rm: /var/folders/x5/_jwxtjjx347635h39vn8hcxm0000gn/T//ak2-prehearse.flRglu/home/go/pkg/mod/github.com/klauspost/compress@v1.20.0/flate/testdata/huffman-zero.wb.expect: Permission denied
rm: /var/folders/x5/_jwxtjjx347635h39vn8hcxm0000gn/T//ak2-prehearse.flRglu/home/go/pkg/mod/github.com/klauspost/compress@v1.20.0/flate/testdata/huffman-rand-limit.golden: Permission denied
rm: /var/folders/x5/_jwxtjjx347635h39vn8hcxm0000gn/T//ak2-prehearse.flRglu/home/go/pkg/mod/github.com/klauspost/compress@v1.20.0/flate/testdata/huffman-pi.wb.expect-noinput: Permission denied
rm: /var/folders/x5/_jwxtjjx347635h39vn8hcxm0000gn/T//ak2-prehearse.flRglu/home/go/pkg/mod/github.com/klauspost/compress@v1.20.0/flate/testdata/huffman-pi.wb.expect: Permission denied
rm: /var/folders/x5/_jwxtjjx347635h39vn8hcxm0000gn/T//ak2-prehearse.flRglu/home/go/pkg/mod/github.com/klauspost/compress@v1.20.0/flate/testdata/huffman-pi.dyn.expect-noinput: Permission denied
rm: /var/folders/x5/_jwxtjjx347635h39vn8hcxm0000gn/T//ak2-prehearse.flRglu/home/go/pkg/mod/github.com/klauspost/compress@v1.20.0/flate/testdata/huffman-text.in: Permission denied
rm: /var/folders/x5/_jwxtjjx347635h39vn8hcxm0000gn/T//ak2-prehearse.flRglu/home/go/pkg/mod/github.com/klauspost/compress@v1.20.0/flate/testdata/huffman-zero.dyn.expect: Permission denied
rm: /var/folders/x5/_jwxtjjx347635h39vn8hcxm0000gn/T//ak2-prehearse.flRglu/home/go/pkg/mod/github.com/klauspost/compress@v1.20.0/flate/testdata/null-long-match.wb.expect-noinput: Permission denied
rm: /var/folders/x5/_jwxtjjx347635h39vn8hcxm0000gn/T//ak2-prehearse.flRglu/home/go/pkg/mod/github.com/klauspost/compress@v1.20.0/flate/testdata/regression.zip: Permission denied
rm: /var/folders/x5/_jwxtjjx347635h39vn8hcxm0000gn/T//ak2-prehearse.flRglu/home/go/pkg/mod/github.com/klauspost/compress@v1.20.0/flate/testdata/huffman-rand-limit.sync.expect-noinput: Permission denied
rm: /var/folders/x5/_jwxtjjx347635h39vn8hcxm0000gn/T//ak2-prehearse.flRglu/home/go/pkg/mod/github.com/klauspost/compress@v1.20.0/flate/testdata/huffman-pi.sync.expect-noinput: Permission denied
rm: /var/folders/x5/_jwxtjjx347635h39vn8hcxm0000gn/T//ak2-prehearse.flRglu/home/go/pkg/mod/github.com/klauspost/compress@v1.20.0/flate/testdata/huffman-zero.dyn.expect-noinput: Permission denied
rm: /var/folders/x5/_jwxtjjx347635h39vn8hcxm0000gn/T//ak2-prehearse.flRglu/home/go/pkg/mod/github.com/klauspost/compress@v1.20.0/flate/testdata/huffman-pi.sync.expect: Permission denied
rm: /var/folders/x5/_jwxtjjx347635h39vn8hcxm0000gn/T//ak2-prehearse.flRglu/home/go/pkg/mod/github.com/klauspost/compress@v1.20.0/flate/testdata/huffman-rand-limit.dyn.expect-noinput: Permission denied
rm: /var/folders/x5/_jwxtjjx347635h39vn8hcxm0000gn/T//ak2-prehearse.flRglu/home/go/pkg/mod/github.com/klauspost/compress@v1.20.0/flate/testdata/huffman-null-max.sync.expect: Permission denied
rm: /var/folders/x5/_jwxtjjx347635h39vn8hcxm0000gn/T//ak2-prehearse.flRglu/home/go/pkg/mod/github.com/klauspost/compress@v1.20.0/flate/testdata/huffman-rand-limit.sync.expect: Permission denied
rm: /var/folders/x5/_jwxtjjx347635h39vn8hcxm0000gn/T//ak2-prehearse.flRglu/home/go/pkg/mod/github.com/klauspost/compress@v1.20.0/flate/testdata/null-long-match.sync.expect-noinput: Permission denied
rm: /var/folders/x5/_jwxtjjx347635h39vn8hcxm0000gn/T//ak2-prehearse.flRglu/home/go/pkg/mod/github.com/klauspost/compress@v1.20.0/flate/testdata/huffman-text-shift.sync.expect-noinput: Permission denied
rm: /var/folders/x5/_jwxtjjx347635h39vn8hcxm0000gn/T//ak2-prehearse.flRglu/home/go/pkg/mod/github.com/klauspost/compress@v1.20.0/flate/testdata/huffman-null-max.dyn.expect: Permission denied
rm: /var/folders/x5/_jwxtjjx347635h39vn8hcxm0000gn/T//ak2-prehearse.flRglu/home/go/pkg/mod/github.com/klauspost/compress@v1.20.0/flate/testdata/partial-block: Permission denied
rm: /var/folders/x5/_jwxtjjx347635h39vn8hcxm0000gn/T//ak2-prehearse.flRglu/home/go/pkg/mod/github.com/klauspost/compress@v1.20.0/flate/testdata/huffman-text.wb.expect-noinput: Permission denied
rm: /var/folders/x5/_jwxtjjx347635h39vn8hcxm0000gn/T//ak2-prehearse.flRglu/home/go/pkg/mod/github.com/klauspost/compress@v1.20.0/flate/testdata/tokens.bin: Permission denied
rm: /var/folders/x5/_jwxtjjx347635h39vn8hcxm0000gn/T//ak2-prehearse.flRglu/home/go/pkg/mod/github.com/klauspost/compress@v1.20.0/flate/testdata/huffman-null-max.wb.expect: Permission denied
rm: /var/folders/x5/_jwxtjjx347635h39vn8hcxm0000gn/T//ak2-prehearse.flRglu/home/go/pkg/mod/github.com/klauspost/compress@v1.20.0/flate/testdata/huffman-null-max.sync.expect-noinput: Permission denied
rm: /var/folders/x5/_jwxtjjx347635h39vn8hcxm0000gn/T//ak2-prehearse.flRglu/home/go/pkg/mod/github.com/klauspost/compress@v1.20.0/flate/testdata/huffman-text-shift.wb.expect: Permission denied
rm: /var/folders/x5/_jwxtjjx347635h39vn8hcxm0000gn/T//ak2-prehearse.flRglu/home/go/pkg/mod/github.com/klauspost/compress@v1.20.0/flate/testdata/huffman-text-shift.dyn.expect: Permission denied
rm: /var/folders/x5/_jwxtjjx347635h39vn8hcxm0000gn/T//ak2-prehearse.flRglu/home/go/pkg/mod/github.com/klauspost/compress@v1.20.0/flate/testdata/huffman-shifts.golden: Permission denied
rm: /var/folders/x5/_jwxtjjx347635h39vn8hcxm0000gn/T//ak2-prehearse.flRglu/home/go/pkg/mod/github.com/klauspost/compress@v1.20.0/flate/testdata/huffman-text.sync.expect-noinput: Permission denied
rm: /var/folders/x5/_jwxtjjx347635h39vn8hcxm0000gn/T//ak2-prehearse.flRglu/home/go/pkg/mod/github.com/klauspost/compress@v1.20.0/flate/testdata/huffman-pi.dyn.expect: Permission denied
rm: /var/folders/x5/_jwxtjjx347635h39vn8hcxm0000gn/T//ak2-prehearse.flRglu/home/go/pkg/mod/github.com/klauspost/compress@v1.20.0/flate/testdata/null-long-match.dyn.expect-noinput: Permission denied
rm: /var/folders/x5/_jwxtjjx347635h39vn8hcxm0000gn/T//ak2-prehearse.flRglu/home/go/pkg/mod/github.com/klauspost/compress@v1.20.0/flate/testdata/huffman-text-shift.sync.expect: Permission denied
rm: /var/folders/x5/_jwxtjjx347635h39vn8hcxm0000gn/T//ak2-prehearse.flRglu/home/go/pkg/mod/github.com/klauspost/compress@v1.20.0/flate/testdata/huffman-text.dyn.expect-noinput: Permission denied
rm: /var/folders/x5/_jwxtjjx347635h39vn8hcxm0000gn/T//ak2-prehearse.flRglu/home/go/pkg/mod/github.com/klauspost/compress@v1.20.0/flate/testdata/huffman-rand-limit.in: Permission denied
rm: /var/folders/x5/_jwxtjjx347635h39vn8hcxm0000gn/T//ak2-prehearse.flRglu/home/go/pkg/mod/github.com/klauspost/compress@v1.20.0/flate/testdata/huffman-null-max.wb.expect-noinput: Permission denied
rm: /var/folders/x5/_jwxtjjx347635h39vn8hcxm0000gn/T//ak2-prehearse.flRglu/home/go/pkg/mod/github.com/klauspost/compress@v1.20.0/flate/testdata/huffman-text-shift.in: Permission denied
rm: /var/folders/x5/_jwxtjjx347635h39vn8hcxm0000gn/T//ak2-prehearse.flRglu/home/go/pkg/mod/github.com/klauspost/compress@v1.20.0/flate/testdata/huffman-zero.golden: Permission denied
rm: /var/folders/x5/_jwxtjjx347635h39vn8hcxm0000gn/T//ak2-prehearse.flRglu/home/go/pkg/mod/github.com/klauspost/compress@v1.20.0/flate/testdata/huffman-shifts.dyn.expect: Permission denied
rm: /var/folders/x5/_jwxtjjx347635h39vn8hcxm0000gn/T//ak2-prehearse.flRglu/home/go/pkg/mod/github.com/klauspost/compress@v1.20.0/flate/testdata/huffman-null-max.in: Permission denied
rm: /var/folders/x5/_jwxtjjx347635h39vn8hcxm0000gn/T//ak2-prehearse.flRglu/home/go/pkg/mod/github.com/klauspost/compress@v1.20.0/flate/testdata/huffman-zero.wb.expect-noinput: Permission denied
rm: /var/folders/x5/_jwxtjjx347635h39vn8hcxm0000gn/T//ak2-prehearse.flRglu/home/go/pkg/mod/github.com/klauspost/compress@v1.20.0/flate/testdata/huffman-text.golden: Permission denied
rm: /var/folders/x5/_jwxtjjx347635h39vn8hcxm0000gn/T//ak2-prehearse.flRglu/home/go/pkg/mod/github.com/klauspost/compress@v1.20.0/flate/testdata/huffman-shifts.in: Permission denied
rm: /var/folders/x5/_jwxtjjx347635h39vn8hcxm0000gn/T//ak2-prehearse.flRglu/home/go/pkg/mod/github.com/klauspost/compress@v1.20.0/flate/testdata/huffman-rand-1k.sync.expect: Permission denied
rm: /var/folders/x5/_jwxtjjx347635h39vn8hcxm0000gn/T//ak2-prehearse.flRglu/home/go/pkg/mod/github.com/klauspost/compress@v1.20.0/flate/testdata/huffman-text-shift.wb.expect-noinput: Permission denied
rm: /var/folders/x5/_jwxtjjx347635h39vn8hcxm0000gn/T//ak2-prehearse.flRglu/home/go/pkg/mod/github.com/klauspost/compress@v1.20.0/flate/testdata/huffman-shifts.wb.expect-noinput: Permission denied
rm: /var/folders/x5/_jwxtjjx347635h39vn8hcxm0000gn/T//ak2-prehearse.flRglu/home/go/pkg/mod/github.com/klauspost/compress@v1.20.0/flate/testdata/fuzz/encode-raw-corpus.zip: Permission denied
rm: /var/folders/x5/_jwxtjjx347635h39vn8hcxm0000gn/T//ak2-prehearse.flRglu/home/go/pkg/mod/github.com/klauspost/compress@v1.20.0/flate/testdata/fuzz/FuzzEncoding.zip: Permission denied
rm: /var/folders/x5/_jwxtjjx347635h39vn8hcxm0000gn/T//ak2-prehearse.flRglu/home/go/pkg/mod/github.com/klauspost/compress@v1.20.0/flate/testdata/fuzz: Permission denied
rm: /var/folders/x5/_jwxtjjx347635h39vn8hcxm0000gn/T//ak2-prehearse.flRglu/home/go/pkg/mod/github.com/klauspost/compress@v1.20.0/flate/testdata/huffman-rand-limit.wb.expect: Permission denied
rm: /var/folders/x5/_jwxtjjx347635h39vn8hcxm0000gn/T//ak2-prehearse.flRglu/home/go/pkg/mod/github.com/klauspost/compress@v1.20.0/flate/testdata/huffman-rand-1k.golden: Permission denied
rm: /var/folders/x5/_jwxtjjx347635h39vn8hcxm0000gn/T//ak2-prehearse.flRglu/home/go/pkg/mod/github.com/klauspost/compress@v1.20.0/flate/testdata/huffman-rand-limit.dyn.expect: Permission denied
rm: /var/folders/x5/_jwxtjjx347635h39vn8hcxm0000gn/T//ak2-prehearse.flRglu/home/go/pkg/mod/github.com/klauspost/compress@v1.20.0/flate/testdata/huffman-text.sync.expect: Permission denied
rm: /var/folders/x5/_jwxtjjx347635h39vn8hcxm0000gn/T//ak2-prehearse.flRglu/home/go/pkg/mod/github.com/klauspost/compress@v1.20.0/flate/testdata/huffman-shifts.wb.expect: Permission denied
rm: /var/folders/x5/_jwxtjjx347635h39vn8hcxm0000gn/T//ak2-prehearse.flRglu/home/go/pkg/mod/github.com/klauspost/compress@v1.20.0/flate/testdata/huffman-shifts.sync.expect-noinput: Permission denied
rm: /var/folders/x5/_jwxtjjx347635h39vn8hcxm0000gn/T//ak2-prehearse.flRglu/home/go/pkg/mod/github.com/klauspost/compress@v1.20.0/flate/testdata/huffman-zero.in: Permission denied
rm: /var/folders/x5/_jwxtjjx347635h39vn8hcxm0000gn/T//ak2-prehearse.flRglu/home/go/pkg/mod/github.com/klauspost/compress@v1.20.0/flate/testdata/huffman-zero.sync.expect-noinput: Permission denied
rm: /var/folders/x5/_jwxtjjx347635h39vn8hcxm0000gn/T//ak2-prehearse.flRglu/home/go/pkg/mod/github.com/klauspost/compress@v1.20.0/flate/testdata/huffman-shifts.dyn.expect-noinput: Permission denied
rm: /var/folders/x5/_jwxtjjx347635h39vn8hcxm0000gn/T//ak2-prehearse.flRglu/home/go/pkg/mod/github.com/klauspost/compress@v1.20.0/flate/testdata/huffman-pi.in: Permission denied
rm: /var/folders/x5/_jwxtjjx347635h39vn8hcxm0000gn/T//ak2-prehearse.flRglu/home/go/pkg/mod/github.com/klauspost/compress@v1.20.0/flate/testdata/huffman-rand-1k.in: Permission denied
rm: /var/folders/x5/_jwxtjjx347635h39vn8hcxm0000gn/T//ak2-prehearse.flRglu/home/go/pkg/mod/github.com/klauspost/compress@v1.20.0/flate/testdata/huffman-rand-max.golden: Permission denied
rm: /var/folders/x5/_jwxtjjx347635h39vn8hcxm0000gn/T//ak2-prehearse.flRglu/home/go/pkg/mod/github.com/klauspost/compress@v1.20.0/flate/testdata/huffman-rand-limit.wb.expect-noinput: Permission denied
rm: /var/folders/x5/_jwxtjjx347635h39vn8hcxm0000gn/T//ak2-prehearse.flRglu/home/go/pkg/mod/github.com/klauspost/compress@v1.20.0/flate/testdata/huffman-rand-1k.wb.expect-noinput: Permission denied
rm: /var/folders/x5/_jwxtjjx347635h39vn8hcxm0000gn/T//ak2-prehearse.flRglu/home/go/pkg/mod/github.com/klauspost/compress@v1.20.0/flate/testdata/huffman-rand-1k.sync.expect-noinput: Permission denied
rm: /var/folders/x5/_jwxtjjx347635h39vn8hcxm0000gn/T//ak2-prehearse.flRglu/home/go/pkg/mod/github.com/klauspost/compress@v1.20.0/flate/testdata: Permission denied
rm: /var/folders/x5/_jwxtjjx347635h39vn8hcxm0000gn/T//ak2-prehearse.flRglu/home/go/pkg/mod/github.com/klauspost/compress@v1.20.0/flate/flate_test.go: Permission denied
rm: /var/folders/x5/_jwxtjjx347635h39vn8hcxm0000gn/T//ak2-prehearse.flRglu/home/go/pkg/mod/github.com/klauspost/compress@v1.20.0/flate/example_test.go: Permission denied
rm: /var/folders/x5/_jwxtjjx347635h39vn8hcxm0000gn/T//ak2-prehearse.flRglu/home/go/pkg/mod/github.com/klauspost/compress@v1.20.0/flate/token.go: Permission denied
rm: /var/folders/x5/_jwxtjjx347635h39vn8hcxm0000gn/T//ak2-prehearse.flRglu/home/go/pkg/mod/github.com/klauspost/compress@v1.20.0/flate/stateless.go: Permission denied
rm: /var/folders/x5/_jwxtjjx347635h39vn8hcxm0000gn/T//ak2-prehearse.flRglu/home/go/pkg/mod/github.com/klauspost/compress@v1.20.0/flate/writer_test.go: Permission denied
rm: /var/folders/x5/_jwxtjjx347635h39vn8hcxm0000gn/T//ak2-prehearse.flRglu/home/go/pkg/mod/github.com/klauspost/compress@v1.20.0/flate/huffman_sortByFreq.go: Permission denied
rm: /var/folders/x5/_jwxtjjx347635h39vn8hcxm0000gn/T//ak2-prehearse.flRglu/home/go/pkg/mod/github.com/klauspost/compress@v1.20.0/flate/level1.go: Permission denied
rm: /var/folders/x5/_jwxtjjx347635h39vn8hcxm0000gn/T//ak2-prehearse.flRglu/home/go/pkg/mod/github.com/klauspost/compress@v1.20.0/flate/level5.go: Permission denied
rm: /var/folders/x5/_jwxtjjx347635h39vn8hcxm0000gn/T//ak2-prehearse.flRglu/home/go/pkg/mod/github.com/klauspost/compress@v1.20.0/flate/inflate_bufio_test.go: Permission denied
rm: /var/folders/x5/_jwxtjjx347635h39vn8hcxm0000gn/T//ak2-prehearse.flRglu/home/go/pkg/mod/github.com/klauspost/compress@v1.20.0/flate/inflate.go: Permission denied
rm: /var/folders/x5/_jwxtjjx347635h39vn8hcxm0000gn/T//ak2-prehearse.flRglu/home/go/pkg/mod/github.com/klauspost/compress@v1.20.0/flate/level4.go: Permission denied
rm: /var/folders/x5/_jwxtjjx347635h39vn8hcxm0000gn/T//ak2-prehearse.flRglu/home/go/pkg/mod/github.com/klauspost/compress@v1.20.0/flate/deflate.go: Permission denied
rm: /var/folders/x5/_jwxtjjx347635h39vn8hcxm0000gn/T//ak2-prehearse.flRglu/home/go/pkg/mod/github.com/klauspost/compress@v1.20.0/flate/fast_encoder.go: Permission denied
rm: /var/folders/x5/_jwxtjjx347635h39vn8hcxm0000gn/T//ak2-prehearse.flRglu/home/go/pkg/mod/github.com/klauspost/compress@v1.20.0/flate/inflate_gen.go: Permission denied
rm: /var/folders/x5/_jwxtjjx347635h39vn8hcxm0000gn/T//ak2-prehearse.flRglu/home/go/pkg/mod/github.com/klauspost/compress@v1.20.0/flate/huffman_bit_writer_test.go: Permission denied
rm: /var/folders/x5/_jwxtjjx347635h39vn8hcxm0000gn/T//ak2-prehearse.flRglu/home/go/pkg/mod/github.com/klauspost/compress@v1.20.0/flate/level3.go: Permission denied
rm: /var/folders/x5/_jwxtjjx347635h39vn8hcxm0000gn/T//ak2-prehearse.flRglu/home/go/pkg/mod/github.com/klauspost/compress@v1.20.0/flate/matchlen_generic.go: Permission denied
rm: /var/folders/x5/_jwxtjjx347635h39vn8hcxm0000gn/T//ak2-prehearse.flRglu/home/go/pkg/mod/github.com/klauspost/compress@v1.20.0/flate/token_test.go: Permission denied
rm: /var/folders/x5/_jwxtjjx347635h39vn8hcxm0000gn/T//ak2-prehearse.flRglu/home/go/pkg/mod/github.com/klauspost/compress@v1.20.0/flate/dict_decoder_test.go: Permission denied
rm: /var/folders/x5/_jwxtjjx347635h39vn8hcxm0000gn/T//ak2-prehearse.flRglu/home/go/pkg/mod/github.com/klauspost/compress@v1.20.0/flate/deflate_test.go: Permission denied
rm: /var/folders/x5/_jwxtjjx347635h39vn8hcxm0000gn/T//ak2-prehearse.flRglu/home/go/pkg/mod/github.com/klauspost/compress@v1.20.0/flate/level2.go: Permission denied
rm: /var/folders/x5/_jwxtjjx347635h39vn8hcxm0000gn/T//ak2-prehearse.flRglu/home/go/pkg/mod/github.com/klauspost/compress@v1.20.0/flate/_gen/gen_inflate.go: Permission denied
rm: /var/folders/x5/_jwxtjjx347635h39vn8hcxm0000gn/T//ak2-prehearse.flRglu/home/go/pkg/mod/github.com/klauspost/compress@v1.20.0/flate/_gen: Permission denied
rm: /var/folders/x5/_jwxtjjx347635h39vn8hcxm0000gn/T//ak2-prehearse.flRglu/home/go/pkg/mod/github.com/klauspost/compress@v1.20.0/flate/inflate_test.go: Permission denied
rm: /var/folders/x5/_jwxtjjx347635h39vn8hcxm0000gn/T//ak2-prehearse.flRglu/home/go/pkg/mod/github.com/klauspost/compress@v1.20.0/flate/huffman_bit_writer.go: Permission denied
rm: /var/folders/x5/_jwxtjjx347635h39vn8hcxm0000gn/T//ak2-prehearse.flRglu/home/go/pkg/mod/github.com/klauspost/compress@v1.20.0/flate/level6.go: Permission denied
rm: /var/folders/x5/_jwxtjjx347635h39vn8hcxm0000gn/T//ak2-prehearse.flRglu/home/go/pkg/mod/github.com/klauspost/compress@v1.20.0/flate/reader_test.go: Permission denied
rm: /var/folders/x5/_jwxtjjx347635h39vn8hcxm0000gn/T//ak2-prehearse.flRglu/home/go/pkg/mod/github.com/klauspost/compress@v1.20.0/flate/dict_decoder.go: Permission denied
rm: /var/folders/x5/_jwxtjjx347635h39vn8hcxm0000gn/T//ak2-prehearse.flRglu/home/go/pkg/mod/github.com/klauspost/compress@v1.20.0/flate/huffman_code.go: Permission denied
rm: /var/folders/x5/_jwxtjjx347635h39vn8hcxm0000gn/T//ak2-prehearse.flRglu/home/go/pkg/mod/github.com/klauspost/compress@v1.20.0/flate/huffman_sortByLiteral.go: Permission denied
rm: /var/folders/x5/_jwxtjjx347635h39vn8hcxm0000gn/T//ak2-prehearse.flRglu/home/go/pkg/mod/github.com/klauspost/compress@v1.20.0/flate: Permission denied
rm: /var/folders/x5/_jwxtjjx347635h39vn8hcxm0000gn/T//ak2-prehearse.flRglu/home/go/pkg/mod/github.com/klauspost/compress@v1.20.0/fse/fuzz_test.go: Permission denied
rm: /var/folders/x5/_jwxtjjx347635h39vn8hcxm0000gn/T//ak2-prehearse.flRglu/home/go/pkg/mod/github.com/klauspost/compress@v1.20.0/fse/testdata/fse_decompress.zip: Permission denied
rm: /var/folders/x5/_jwxtjjx347635h39vn8hcxm0000gn/T//ak2-prehearse.flRglu/home/go/pkg/mod/github.com/klauspost/compress@v1.20.0/fse/testdata/fse_compress.zip: Permission denied
rm: /var/folders/x5/_jwxtjjx347635h39vn8hcxm0000gn/T//ak2-prehearse.flRglu/home/go/pkg/mod/github.com/klauspost/compress@v1.20.0/fse/testdata: Permission denied
rm: /var/folders/x5/_jwxtjjx347635h39vn8hcxm0000gn/T//ak2-prehearse.flRglu/home/go/pkg/mod/github.com/klauspost/compress@v1.20.0/fse/decompress.go: Permission denied
rm: /var/folders/x5/_jwxtjjx347635h39vn8hcxm0000gn/T//ak2-prehearse.flRglu/home/go/pkg/mod/github.com/klauspost/compress@v1.20.0/fse/fse.go: Permission denied
rm: /var/folders/x5/_jwxtjjx347635h39vn8hcxm0000gn/T//ak2-prehearse.flRglu/home/go/pkg/mod/github.com/klauspost/compress@v1.20.0/fse/README.md: Permission denied
rm: /var/folders/x5/_jwxtjjx347635h39vn8hcxm0000gn/T//ak2-prehearse.flRglu/home/go/pkg/mod/github.com/klauspost/compress@v1.20.0/fse/bitreader.go: Permission denied
rm: /var/folders/x5/_jwxtjjx347635h39vn8hcxm0000gn/T//ak2-prehearse.flRglu/home/go/pkg/mod/github.com/klauspost/compress@v1.20.0/fse/compress.go: Permission denied
rm: /var/folders/x5/_jwxtjjx347635h39vn8hcxm0000gn/T//ak2-prehearse.flRglu/home/go/pkg/mod/github.com/klauspost/compress@v1.20.0/fse/bytereader.go: Permission denied
rm: /var/folders/x5/_jwxtjjx347635h39vn8hcxm0000gn/T//ak2-prehearse.flRglu/home/go/pkg/mod/github.com/klauspost/compress@v1.20.0/fse/bitwriter.go: Permission denied
rm: /var/folders/x5/_jwxtjjx347635h39vn8hcxm0000gn/T//ak2-prehearse.flRglu/home/go/pkg/mod/github.com/klauspost/compress@v1.20.0/fse/fse_test.go: Permission denied
rm: /var/folders/x5/_jwxtjjx347635h39vn8hcxm0000gn/T//ak2-prehearse.flRglu/home/go/pkg/mod/github.com/klauspost/compress@v1.20.0/fse: Permission denied
rm: /var/folders/x5/_jwxtjjx347635h39vn8hcxm0000gn/T//ak2-prehearse.flRglu/home/go/pkg/mod/github.com/klauspost/compress@v1.20.0/gzip/testdata/issue6550.gz: Permission denied
rm: /var/folders/x5/_jwxtjjx347635h39vn8hcxm0000gn/T//ak2-prehearse.flRglu/home/go/pkg/mod/github.com/klauspost/compress@v1.20.0/gzip/testdata/test.json: Permission denied
rm: /var/folders/x5/_jwxtjjx347635h39vn8hcxm0000gn/T//ak2-prehearse.flRglu/home/go/pkg/mod/github.com/klauspost/compress@v1.20.0/gzip/testdata: Permission denied
rm: /var/folders/x5/_jwxtjjx347635h39vn8hcxm0000gn/T//ak2-prehearse.flRglu/home/go/pkg/mod/github.com/klauspost/compress@v1.20.0/gzip/example_test.go: Permission denied
rm: /var/folders/x5/_jwxtjjx347635h39vn8hcxm0000gn/T//ak2-prehearse.flRglu/home/go/pkg/mod/github.com/klauspost/compress@v1.20.0/gzip/gzip.go: Permission denied
rm: /var/folders/x5/_jwxtjjx347635h39vn8hcxm0000gn/T//ak2-prehearse.flRglu/home/go/pkg/mod/github.com/klauspost/compress@v1.20.0/gzip/gunzip.go: Permission denied
rm: /var/folders/x5/_jwxtjjx347635h39vn8hcxm0000gn/T//ak2-prehearse.flRglu/home/go/pkg/mod/github.com/klauspost/compress@v1.20.0/gzip/gzip_test.go: Permission denied
rm: /var/folders/x5/_jwxtjjx347635h39vn8hcxm0000gn/T//ak2-prehearse.flRglu/home/go/pkg/mod/github.com/klauspost/compress@v1.20.0/gzip/gunzip_test.go: Permission denied
rm: /var/folders/x5/_jwxtjjx347635h39vn8hcxm0000gn/T//ak2-prehearse.flRglu/home/go/pkg/mod/github.com/klauspost/compress@v1.20.0/gzip: Permission denied
rm: /var/folders/x5/_jwxtjjx347635h39vn8hcxm0000gn/T//ak2-prehearse.flRglu/home/go/pkg/mod/github.com/klauspost/compress@v1.20.0/lzw/ref_aldus_test.go: Permission denied
rm: /var/folders/x5/_jwxtjjx347635h39vn8hcxm0000gn/T//ak2-prehearse.flRglu/home/go/pkg/mod/github.com/klauspost/compress@v1.20.0/lzw/writer_test.go: Permission denied
rm: /var/folders/x5/_jwxtjjx347635h39vn8hcxm0000gn/T//ak2-prehearse.flRglu/home/go/pkg/mod/github.com/klauspost/compress@v1.20.0/lzw/aldus_test.go: Permission denied
rm: /var/folders/x5/_jwxtjjx347635h39vn8hcxm0000gn/T//ak2-prehearse.flRglu/home/go/pkg/mod/github.com/klauspost/compress@v1.20.0/lzw/source_test.go: Permission denied
rm: /var/folders/x5/_jwxtjjx347635h39vn8hcxm0000gn/T//ak2-prehearse.flRglu/home/go/pkg/mod/github.com/klauspost/compress@v1.20.0/lzw/README.md: Permission denied
rm: /var/folders/x5/_jwxtjjx347635h39vn8hcxm0000gn/T//ak2-prehearse.flRglu/home/go/pkg/mod/github.com/klauspost/compress@v1.20.0/lzw/writer.go: Permission denied
rm: /var/folders/x5/_jwxtjjx347635h39vn8hcxm0000gn/T//ak2-prehearse.flRglu/home/go/pkg/mod/github.com/klauspost/compress@v1.20.0/lzw/reader.go: Permission denied
rm: /var/folders/x5/_jwxtjjx347635h39vn8hcxm0000gn/T//ak2-prehearse.flRglu/home/go/pkg/mod/github.com/klauspost/compress@v1.20.0/lzw/reader_test.go: Permission denied
rm: /var/folders/x5/_jwxtjjx347635h39vn8hcxm0000gn/T//ak2-prehearse.flRglu/home/go/pkg/mod/github.com/klauspost/compress@v1.20.0/lzw/bench_test.go: Permission denied
rm: /var/folders/x5/_jwxtjjx347635h39vn8hcxm0000gn/T//ak2-prehearse.flRglu/home/go/pkg/mod/github.com/klauspost/compress@v1.20.0/lzw/compat_test.go: Permission denied
rm: /var/folders/x5/_jwxtjjx347635h39vn8hcxm0000gn/T//ak2-prehearse.flRglu/home/go/pkg/mod/github.com/klauspost/compress@v1.20.0/lzw: Permission denied
rm: /var/folders/x5/_jwxtjjx347635h39vn8hcxm0000gn/T//ak2-prehearse.flRglu/home/go/pkg/mod/github.com/klauspost/compress@v1.20.0/go.sum: Permission denied
rm: /var/folders/x5/_jwxtjjx347635h39vn8hcxm0000gn/T//ak2-prehearse.flRglu/home/go/pkg/mod/github.com/klauspost/compress@v1.20.0/gzhttp/transport.go: Permission denied
rm: /var/folders/x5/_jwxtjjx347635h39vn8hcxm0000gn/T//ak2-prehearse.flRglu/home/go/pkg/mod/github.com/klauspost/compress@v1.20.0/gzhttp/testdata/benchmark.json: Permission denied
rm: /var/folders/x5/_jwxtjjx347635h39vn8hcxm0000gn/T//ak2-prehearse.flRglu/home/go/pkg/mod/github.com/klauspost/compress@v1.20.0/gzhttp/testdata: Permission denied
rm: /var/folders/x5/_jwxtjjx347635h39vn8hcxm0000gn/T//ak2-prehearse.flRglu/home/go/pkg/mod/github.com/klauspost/compress@v1.20.0/gzhttp/examples_test.go: Permission denied
rm: /var/folders/x5/_jwxtjjx347635h39vn8hcxm0000gn/T//ak2-prehearse.flRglu/home/go/pkg/mod/github.com/klauspost/compress@v1.20.0/gzhttp/LICENSE: Permission denied
rm: /var/folders/x5/_jwxtjjx347635h39vn8hcxm0000gn/T//ak2-prehearse.flRglu/home/go/pkg/mod/github.com/klauspost/compress@v1.20.0/gzhttp/compress_test.go: Permission denied
rm: /var/folders/x5/_jwxtjjx347635h39vn8hcxm0000gn/T//ak2-prehearse.flRglu/home/go/pkg/mod/github.com/klauspost/compress@v1.20.0/gzhttp/asserts_test.go: Permission denied
rm: /var/folders/x5/_jwxtjjx347635h39vn8hcxm0000gn/T//ak2-prehearse.flRglu/home/go/pkg/mod/github.com/klauspost/compress@v1.20.0/gzhttp/README.md: Permission denied
rm: /var/folders/x5/_jwxtjjx347635h39vn8hcxm0000gn/T//ak2-prehearse.flRglu/home/go/pkg/mod/github.com/klauspost/compress@v1.20.0/gzhttp/writer/gzstd/stdlib_test.go: Permission denied
rm: /var/folders/x5/_jwxtjjx347635h39vn8hcxm0000gn/T//ak2-prehearse.flRglu/home/go/pkg/mod/github.com/klauspost/compress@v1.20.0/gzhttp/writer/gzstd/stdlib.go: Permission denied
rm: /var/folders/x5/_jwxtjjx347635h39vn8hcxm0000gn/T//ak2-prehearse.flRglu/home/go/pkg/mod/github.com/klauspost/compress@v1.20.0/gzhttp/writer/gzstd: Permission denied
rm: /var/folders/x5/_jwxtjjx347635h39vn8hcxm0000gn/T//ak2-prehearse.flRglu/home/go/pkg/mod/github.com/klauspost/compress@v1.20.0/gzhttp/writer/interface.go: Permission denied
rm: /var/folders/x5/_jwxtjjx347635h39vn8hcxm0000gn/T//ak2-prehearse.flRglu/home/go/pkg/mod/github.com/klauspost/compress@v1.20.0/gzhttp/writer/gzkp/gzkp.go: Permission denied
rm: /var/folders/x5/_jwxtjjx347635h39vn8hcxm0000gn/T//ak2-prehearse.flRglu/home/go/pkg/mod/github.com/klauspost/compress@v1.20.0/gzhttp/writer/gzkp/gzkp_test.go: Permission denied
rm: /var/folders/x5/_jwxtjjx347635h39vn8hcxm0000gn/T//ak2-prehearse.flRglu/home/go/pkg/mod/github.com/klauspost/compress@v1.20.0/gzhttp/writer/gzkp: Permission denied
rm: /var/folders/x5/_jwxtjjx347635h39vn8hcxm0000gn/T//ak2-prehearse.flRglu/home/go/pkg/mod/github.com/klauspost/compress@v1.20.0/gzhttp/writer/zstdkp/zstdkp.go: Permission denied
rm: /var/folders/x5/_jwxtjjx347635h39vn8hcxm0000gn/T//ak2-prehearse.flRglu/home/go/pkg/mod/github.com/klauspost/compress@v1.20.0/gzhttp/writer/zstdkp: Permission denied
rm: /var/folders/x5/_jwxtjjx347635h39vn8hcxm0000gn/T//ak2-prehearse.flRglu/home/go/pkg/mod/github.com/klauspost/compress@v1.20.0/gzhttp/writer: Permission denied
rm: /var/folders/x5/_jwxtjjx347635h39vn8hcxm0000gn/T//ak2-prehearse.flRglu/home/go/pkg/mod/github.com/klauspost/compress@v1.20.0/gzhttp/compress.go: Permission denied
rm: /var/folders/x5/_jwxtjjx347635h39vn8hcxm0000gn/T//ak2-prehearse.flRglu/home/go/pkg/mod/github.com/klauspost/compress@v1.20.0/gzhttp/transport_test.go: Permission denied
rm: /var/folders/x5/_jwxtjjx347635h39vn8hcxm0000gn/T//ak2-prehearse.flRglu/home/go/pkg/mod/github.com/klauspost/compress@v1.20.0/gzhttp: Permission denied
rm: /var/folders/x5/_jwxtjjx347635h39vn8hcxm0000gn/T//ak2-prehearse.flRglu/home/go/pkg/mod/github.com/klauspost/compress@v1.20.0/zlib/example_test.go: Permission denied
rm: /var/folders/x5/_jwxtjjx347635h39vn8hcxm0000gn/T//ak2-prehearse.flRglu/home/go/pkg/mod/github.com/klauspost/compress@v1.20.0/zlib/writer_test.go: Permission denied
rm: /var/folders/x5/_jwxtjjx347635h39vn8hcxm0000gn/T//ak2-prehearse.flRglu/home/go/pkg/mod/github.com/klauspost/compress@v1.20.0/zlib/writer.go: Permission denied
rm: /var/folders/x5/_jwxtjjx347635h39vn8hcxm0000gn/T//ak2-prehearse.flRglu/home/go/pkg/mod/github.com/klauspost/compress@v1.20.0/zlib/reader.go: Permission denied
rm: /var/folders/x5/_jwxtjjx347635h39vn8hcxm0000gn/T//ak2-prehearse.flRglu/home/go/pkg/mod/github.com/klauspost/compress@v1.20.0/zlib/reader_test.go: Permission denied
rm: /var/folders/x5/_jwxtjjx347635h39vn8hcxm0000gn/T//ak2-prehearse.flRglu/home/go/pkg/mod/github.com/klauspost/compress@v1.20.0/zlib: Permission denied
rm: /var/folders/x5/_jwxtjjx347635h39vn8hcxm0000gn/T//ak2-prehearse.flRglu/home/go/pkg/mod/github.com/klauspost/compress@v1.20.0/README.md: Permission denied
rm: /var/folders/x5/_jwxtjjx347635h39vn8hcxm0000gn/T//ak2-prehearse.flRglu/home/go/pkg/mod/github.com/klauspost/compress@v1.20.0/zip/fuzz_test.go: Permission denied
rm: /var/folders/x5/_jwxtjjx347635h39vn8hcxm0000gn/T//ak2-prehearse.flRglu/home/go/pkg/mod/github.com/klauspost/compress@v1.20.0/zip/register.go: Permission denied
rm: /var/folders/x5/_jwxtjjx347635h39vn8hcxm0000gn/T//ak2-prehearse.flRglu/home/go/pkg/mod/github.com/klauspost/compress@v1.20.0/zip/testdata/readme.zip: Permission denied
rm: /var/folders/x5/_jwxtjjx347635h39vn8hcxm0000gn/T//ak2-prehearse.flRglu/home/go/pkg/mod/github.com/klauspost/compress@v1.20.0/zip/testdata/dupdir.zip: Permission denied
rm: /var/folders/x5/_jwxtjjx347635h39vn8hcxm0000gn/T//ak2-prehearse.flRglu/home/go/pkg/mod/github.com/klauspost/compress@v1.20.0/zip/testdata/time-7zip.zip: Permission denied
rm: /var/folders/x5/_jwxtjjx347635h39vn8hcxm0000gn/T//ak2-prehearse.flRglu/home/go/pkg/mod/github.com/klauspost/compress@v1.20.0/zip/testdata/utf8-infozip.zip: Permission denied
rm: /var/folders/x5/_jwxtjjx347635h39vn8hcxm0000gn/T//ak2-prehearse.flRglu/home/go/pkg/mod/github.com/klauspost/compress@v1.20.0/zip/testdata/gophercolor16x16.png: Permission denied
rm: /var/folders/x5/_jwxtjjx347635h39vn8hcxm0000gn/T//ak2-prehearse.flRglu/home/go/pkg/mod/github.com/klauspost/compress@v1.20.0/zip/testdata/zip64-2.zip: Permission denied
rm: /var/folders/x5/_jwxtjjx347635h39vn8hcxm0000gn/T//ak2-prehearse.flRglu/home/go/pkg/mod/github.com/klauspost/compress@v1.20.0/zip/testdata/dd.zip: Permission denied
rm: /var/folders/x5/_jwxtjjx347635h39vn8hcxm0000gn/T//ak2-prehearse.flRglu/home/go/pkg/mod/github.com/klauspost/compress@v1.20.0/zip/testdata/test-badbase.zip: Permission denied
rm: /var/folders/x5/_jwxtjjx347635h39vn8hcxm0000gn/T//ak2-prehearse.flRglu/home/go/pkg/mod/github.com/klauspost/compress@v1.20.0/zip/testdata/utf8-osx.zip: Permission denied
rm: /var/folders/x5/_jwxtjjx347635h39vn8hcxm0000gn/T//ak2-prehearse.flRglu/home/go/pkg/mod/github.com/klauspost/compress@v1.20.0/zip/testdata/time-go.zip: Permission denied
rm: /var/folders/x5/_jwxtjjx347635h39vn8hcxm0000gn/T//ak2-prehearse.flRglu/home/go/pkg/mod/github.com/klauspost/compress@v1.20.0/zip/testdata/time-22738.zip: Permission denied
rm: /var/folders/x5/_jwxtjjx347635h39vn8hcxm0000gn/T//ak2-prehearse.flRglu/home/go/pkg/mod/github.com/klauspost/compress@v1.20.0/zip/testdata/unix.zip: Permission denied
rm: /var/folders/x5/_jwxtjjx347635h39vn8hcxm0000gn/T//ak2-prehearse.flRglu/home/go/pkg/mod/github.com/klauspost/compress@v1.20.0/zip/testdata/zip64.zip: Permission denied
rm: /var/folders/x5/_jwxtjjx347635h39vn8hcxm0000gn/T//ak2-prehearse.flRglu/home/go/pkg/mod/github.com/klauspost/compress@v1.20.0/zip/testdata/test.zip: Permission denied
rm: /var/folders/x5/_jwxtjjx347635h39vn8hcxm0000gn/T//ak2-prehearse.flRglu/home/go/pkg/mod/github.com/klauspost/compress@v1.20.0/zip/testdata/symlink.zip: Permission denied
rm: /var/folders/x5/_jwxtjjx347635h39vn8hcxm0000gn/T//ak2-prehearse.flRglu/home/go/pkg/mod/github.com/klauspost/compress@v1.20.0/zip/testdata/FuzzReader-enc.zip: Permission denied
rm: /var/folders/x5/_jwxtjjx347635h39vn8hcxm0000gn/T//ak2-prehearse.flRglu/home/go/pkg/mod/github.com/klauspost/compress@v1.20.0/zip/testdata/utf8-winrar.zip: Permission denied
rm: /var/folders/x5/_jwxtjjx347635h39vn8hcxm0000gn/T//ak2-prehearse.flRglu/home/go/pkg/mod/github.com/klauspost/compress@v1.20.0/zip/testdata/FuzzReader-raw.zip: Permission denied
rm: /var/folders/x5/_jwxtjjx347635h39vn8hcxm0000gn/T//ak2-prehearse.flRglu/home/go/pkg/mod/github.com/klauspost/compress@v1.20.0/zip/testdata/test-trailing-junk.zip: Permission denied
rm: /var/folders/x5/_jwxtjjx347635h39vn8hcxm0000gn/T//ak2-prehearse.flRglu/home/go/pkg/mod/github.com/klauspost/compress@v1.20.0/zip/testdata/time-winrar.zip: Permission denied
rm: /var/folders/x5/_jwxtjjx347635h39vn8hcxm0000gn/T//ak2-prehearse.flRglu/home/go/pkg/mod/github.com/klauspost/compress@v1.20.0/zip/testdata/go-with-datadesc-sig.zip: Permission denied
rm: /var/folders/x5/_jwxtjjx347635h39vn8hcxm0000gn/T//ak2-prehearse.flRglu/home/go/pkg/mod/github.com/klauspost/compress@v1.20.0/zip/testdata/crc32-not-streamed.zip: Permission denied
rm: /var/folders/x5/_jwxtjjx347635h39vn8hcxm0000gn/T//ak2-prehearse.flRglu/home/go/pkg/mod/github.com/klauspost/compress@v1.20.0/zip/testdata/utf8-winzip.zip: Permission denied
rm: /var/folders/x5/_jwxtjjx347635h39vn8hcxm0000gn/T//ak2-prehearse.flRglu/home/go/pkg/mod/github.com/klauspost/compress@v1.20.0/zip/testdata/readme.notzip: Permission denied
rm: /var/folders/x5/_jwxtjjx347635h39vn8hcxm0000gn/T//ak2-prehearse.flRglu/home/go/pkg/mod/github.com/klauspost/compress@v1.20.0/zip/testdata/test-prefix.zip: Permission denied
rm: /var/folders/x5/_jwxtjjx347635h39vn8hcxm0000gn/T//ak2-prehearse.flRglu/home/go/pkg/mod/github.com/klauspost/compress@v1.20.0/zip/testdata/subdir.zip: Permission denied
rm: /var/folders/x5/_jwxtjjx347635h39vn8hcxm0000gn/T//ak2-prehearse.flRglu/home/go/pkg/mod/github.com/klauspost/compress@v1.20.0/zip/testdata/go-no-datadesc-sig.zip.base64: Permission denied
rm: /var/folders/x5/_jwxtjjx347635h39vn8hcxm0000gn/T//ak2-prehearse.flRglu/home/go/pkg/mod/github.com/klauspost/compress@v1.20.0/zip/testdata/time-win7.zip: Permission denied
rm: /var/folders/x5/_jwxtjjx347635h39vn8hcxm0000gn/T//ak2-prehearse.flRglu/home/go/pkg/mod/github.com/klauspost/compress@v1.20.0/zip/testdata/time-infozip.zip: Permission denied
rm: /var/folders/x5/_jwxtjjx347635h39vn8hcxm0000gn/T//ak2-prehearse.flRglu/home/go/pkg/mod/github.com/klauspost/compress@v1.20.0/zip/testdata/go-no-datadesc-sig.zip: Permission denied
rm: /var/folders/x5/_jwxtjjx347635h39vn8hcxm0000gn/T//ak2-prehearse.flRglu/home/go/pkg/mod/github.com/klauspost/compress@v1.20.0/zip/testdata/utf8-7zip.zip: Permission denied
rm: /var/folders/x5/_jwxtjjx347635h39vn8hcxm0000gn/T//ak2-prehearse.flRglu/home/go/pkg/mod/github.com/klauspost/compress@v1.20.0/zip/testdata/test-baddirsz.zip: Permission denied
rm: /var/folders/x5/_jwxtjjx347635h39vn8hcxm0000gn/T//ak2-prehearse.flRglu/home/go/pkg/mod/github.com/klauspost/compress@v1.20.0/zip/testdata/time-winzip.zip: Permission denied
rm: /var/folders/x5/_jwxtjjx347635h39vn8hcxm0000gn/T//ak2-prehearse.flRglu/home/go/pkg/mod/github.com/klauspost/compress@v1.20.0/zip/testdata/comment-truncated.zip: Permission denied
rm: /var/folders/x5/_jwxtjjx347635h39vn8hcxm0000gn/T//ak2-prehearse.flRglu/home/go/pkg/mod/github.com/klauspost/compress@v1.20.0/zip/testdata/winxp.zip: Permission denied
rm: /var/folders/x5/_jwxtjjx347635h39vn8hcxm0000gn/T//ak2-prehearse.flRglu/home/go/pkg/mod/github.com/klauspost/compress@v1.20.0/zip/testdata/time-osx.zip: Permission denied
rm: /var/folders/x5/_jwxtjjx347635h39vn8hcxm0000gn/T//ak2-prehearse.flRglu/home/go/pkg/mod/github.com/klauspost/compress@v1.20.0/zip/testdata: Permission denied
rm: /var/folders/x5/_jwxtjjx347635h39vn8hcxm0000gn/T//ak2-prehearse.flRglu/home/go/pkg/mod/github.com/klauspost/compress@v1.20.0/zip/example_test.go: Permission denied
rm: /var/folders/x5/_jwxtjjx347635h39vn8hcxm0000gn/T//ak2-prehearse.flRglu/home/go/pkg/mod/github.com/klauspost/compress@v1.20.0/zip/writer_test.go: Permission denied
rm: /var/folders/x5/_jwxtjjx347635h39vn8hcxm0000gn/T//ak2-prehearse.flRglu/home/go/pkg/mod/github.com/klauspost/compress@v1.20.0/zip/internal/obscuretestdata/obscuretestdata.go: Permission denied
rm: /var/folders/x5/_jwxtjjx347635h39vn8hcxm0000gn/T//ak2-prehearse.flRglu/home/go/pkg/mod/github.com/klauspost/compress@v1.20.0/zip/internal/obscuretestdata: Permission denied
rm: /var/folders/x5/_jwxtjjx347635h39vn8hcxm0000gn/T//ak2-prehearse.flRglu/home/go/pkg/mod/github.com/klauspost/compress@v1.20.0/zip/internal: Permission denied
rm: /var/folders/x5/_jwxtjjx347635h39vn8hcxm0000gn/T//ak2-prehearse.flRglu/home/go/pkg/mod/github.com/klauspost/compress@v1.20.0/zip/zip_test.go: Permission denied
rm: /var/folders/x5/_jwxtjjx347635h39vn8hcxm0000gn/T//ak2-prehearse.flRglu/home/go/pkg/mod/github.com/klauspost/compress@v1.20.0/zip/writer.go: Permission denied
rm: /var/folders/x5/_jwxtjjx347635h39vn8hcxm0000gn/T//ak2-prehearse.flRglu/home/go/pkg/mod/github.com/klauspost/compress@v1.20.0/zip/reader.go: Permission denied
rm: /var/folders/x5/_jwxtjjx347635h39vn8hcxm0000gn/T//ak2-prehearse.flRglu/home/go/pkg/mod/github.com/klauspost/compress@v1.20.0/zip/reader_test.go: Permission denied
rm: /var/folders/x5/_jwxtjjx347635h39vn8hcxm0000gn/T//ak2-prehearse.flRglu/home/go/pkg/mod/github.com/klauspost/compress@v1.20.0/zip/struct.go: Permission denied
rm: /var/folders/x5/_jwxtjjx347635h39vn8hcxm0000gn/T//ak2-prehearse.flRglu/home/go/pkg/mod/github.com/klauspost/compress@v1.20.0/zip: Permission denied
rm: /var/folders/x5/_jwxtjjx347635h39vn8hcxm0000gn/T//ak2-prehearse.flRglu/home/go/pkg/mod/github.com/klauspost/compress@v1.20.0/.goreleaser.yml: Permission denied
rm: /var/folders/x5/_jwxtjjx347635h39vn8hcxm0000gn/T//ak2-prehearse.flRglu/home/go/pkg/mod/github.com/klauspost/compress@v1.20.0/s2sx.sum: Permission denied
rm: /var/folders/x5/_jwxtjjx347635h39vn8hcxm0000gn/T//ak2-prehearse.flRglu/home/go/pkg/mod/github.com/klauspost/compress@v1.20.0/snappy/testdata/Isaac.Newton-Opticks.txt: Permission denied
rm: /var/folders/x5/_jwxtjjx347635h39vn8hcxm0000gn/T//ak2-prehearse.flRglu/home/go/pkg/mod/github.com/klauspost/compress@v1.20.0/snappy/testdata/Isaac.Newton-Opticks.txt.rawsnappy: Permission denied
rm: /var/folders/x5/_jwxtjjx347635h39vn8hcxm0000gn/T//ak2-prehearse.flRglu/home/go/pkg/mod/github.com/klauspost/compress@v1.20.0/snappy/testdata: Permission denied
rm: /var/folders/x5/_jwxtjjx347635h39vn8hcxm0000gn/T//ak2-prehearse.flRglu/home/go/pkg/mod/github.com/klauspost/compress@v1.20.0/snappy/encode.go: Permission denied
rm: /var/folders/x5/_jwxtjjx347635h39vn8hcxm0000gn/T//ak2-prehearse.flRglu/home/go/pkg/mod/github.com/klauspost/compress@v1.20.0/snappy/snappy.go: Permission denied
rm: /var/folders/x5/_jwxtjjx347635h39vn8hcxm0000gn/T//ak2-prehearse.flRglu/home/go/pkg/mod/github.com/klauspost/compress@v1.20.0/snappy/LICENSE: Permission denied
rm: /var/folders/x5/_jwxtjjx347635h39vn8hcxm0000gn/T//ak2-prehearse.flRglu/home/go/pkg/mod/github.com/klauspost/compress@v1.20.0/snappy/AUTHORS: Permission denied
rm: /var/folders/x5/_jwxtjjx347635h39vn8hcxm0000gn/T//ak2-prehearse.flRglu/home/go/pkg/mod/github.com/klauspost/compress@v1.20.0/snappy/snappy_test.go: Permission denied
rm: /var/folders/x5/_jwxtjjx347635h39vn8hcxm0000gn/T//ak2-prehearse.flRglu/home/go/pkg/mod/github.com/klauspost/compress@v1.20.0/snappy/decode_strict.go: Permission denied
rm: /var/folders/x5/_jwxtjjx347635h39vn8hcxm0000gn/T//ak2-prehearse.flRglu/home/go/pkg/mod/github.com/klauspost/compress@v1.20.0/snappy/CONTRIBUTORS: Permission denied
rm: /var/folders/x5/_jwxtjjx347635h39vn8hcxm0000gn/T//ak2-prehearse.flRglu/home/go/pkg/mod/github.com/klauspost/compress@v1.20.0/snappy/README.md: Permission denied
rm: /var/folders/x5/_jwxtjjx347635h39vn8hcxm0000gn/T//ak2-prehearse.flRglu/home/go/pkg/mod/github.com/klauspost/compress@v1.20.0/snappy/xerial/fuzz_test.go: Permission denied
rm: /var/folders/x5/_jwxtjjx347635h39vn8hcxm0000gn/T//ak2-prehearse.flRglu/home/go/pkg/mod/github.com/klauspost/compress@v1.20.0/snappy/xerial/testdata/FuzzDecode_raw.zip: Permission denied
rm: /var/folders/x5/_jwxtjjx347635h39vn8hcxm0000gn/T//ak2-prehearse.flRglu/home/go/pkg/mod/github.com/klauspost/compress@v1.20.0/snappy/xerial/testdata/block-corpus-raw.zip: Permission denied
rm: /var/folders/x5/_jwxtjjx347635h39vn8hcxm0000gn/T//ak2-prehearse.flRglu/home/go/pkg/mod/github.com/klauspost/compress@v1.20.0/snappy/xerial/testdata/FuzzDecoder.zip: Permission denied
rm: /var/folders/x5/_jwxtjjx347635h39vn8hcxm0000gn/T//ak2-prehearse.flRglu/home/go/pkg/mod/github.com/klauspost/compress@v1.20.0/snappy/xerial/testdata: Permission denied
rm: /var/folders/x5/_jwxtjjx347635h39vn8hcxm0000gn/T//ak2-prehearse.flRglu/home/go/pkg/mod/github.com/klauspost/compress@v1.20.0/snappy/xerial/LICENSE: Permission denied
rm: /var/folders/x5/_jwxtjjx347635h39vn8hcxm0000gn/T//ak2-prehearse.flRglu/home/go/pkg/mod/github.com/klauspost/compress@v1.20.0/snappy/xerial/xerial_test.go: Permission denied
rm: /var/folders/x5/_jwxtjjx347635h39vn8hcxm0000gn/T//ak2-prehearse.flRglu/home/go/pkg/mod/github.com/klauspost/compress@v1.20.0/snappy/xerial/README.md: Permission denied
rm: /var/folders/x5/_jwxtjjx347635h39vn8hcxm0000gn/T//ak2-prehearse.flRglu/home/go/pkg/mod/github.com/klauspost/compress@v1.20.0/snappy/xerial/xerial.go: Permission denied
rm: /var/folders/x5/_jwxtjjx347635h39vn8hcxm0000gn/T//ak2-prehearse.flRglu/home/go/pkg/mod/github.com/klauspost/compress@v1.20.0/snappy/xerial: Permission denied
rm: /var/folders/x5/_jwxtjjx347635h39vn8hcxm0000gn/T//ak2-prehearse.flRglu/home/go/pkg/mod/github.com/klauspost/compress@v1.20.0/snappy/.gitignore: Permission denied
rm: /var/folders/x5/_jwxtjjx347635h39vn8hcxm0000gn/T//ak2-prehearse.flRglu/home/go/pkg/mod/github.com/klauspost/compress@v1.20.0/snappy/decode.go: Permission denied
rm: /var/folders/x5/_jwxtjjx347635h39vn8hcxm0000gn/T//ak2-prehearse.flRglu/home/go/pkg/mod/github.com/klauspost/compress@v1.20.0/snappy: Permission denied
rm: /var/folders/x5/_jwxtjjx347635h39vn8hcxm0000gn/T//ak2-prehearse.flRglu/home/go/pkg/mod/github.com/klauspost/compress@v1.20.0/.gitignore: Permission denied
rm: /var/folders/x5/_jwxtjjx347635h39vn8hcxm0000gn/T//ak2-prehearse.flRglu/home/go/pkg/mod/github.com/klauspost/compress@v1.20.0/compressible_test.go: Permission denied
rm: /var/folders/x5/_jwxtjjx347635h39vn8hcxm0000gn/T//ak2-prehearse.flRglu/home/go/pkg/mod/github.com/klauspost/compress@v1.20.0/gen.sh: Permission denied
rm: /var/folders/x5/_jwxtjjx347635h39vn8hcxm0000gn/T//ak2-prehearse.flRglu/home/go/pkg/mod/github.com/klauspost/compress@v1.20.0/zstd/decoder_test.go: Permission denied
rm: /var/folders/x5/_jwxtjjx347635h39vn8hcxm0000gn/T//ak2-prehearse.flRglu/home/go/pkg/mod/github.com/klauspost/compress@v1.20.0/zstd/encoder_options.go: Permission denied
rm: /var/folders/x5/_jwxtjjx347635h39vn8hcxm0000gn/T//ak2-prehearse.flRglu/home/go/pkg/mod/github.com/klauspost/compress@v1.20.0/zstd/fuzz_test.go: Permission denied
rm: /var/folders/x5/_jwxtjjx347635h39vn8hcxm0000gn/T//ak2-prehearse.flRglu/home/go/pkg/mod/github.com/klauspost/compress@v1.20.0/zstd/testdata/delta/target.txt: Permission denied
rm: /var/folders/x5/_jwxtjjx347635h39vn8hcxm0000gn/T//ak2-prehearse.flRglu/home/go/pkg/mod/github.com/klauspost/compress@v1.20.0/zstd/testdata/delta/target.txt.zst: Permission denied
rm: /var/folders/x5/_jwxtjjx347635h39vn8hcxm0000gn/T//ak2-prehearse.flRglu/home/go/pkg/mod/github.com/klauspost/compress@v1.20.0/zstd/testdata/delta/source.txt: Permission denied
rm: /var/folders/x5/_jwxtjjx347635h39vn8hcxm0000gn/T//ak2-prehearse.flRglu/home/go/pkg/mod/github.com/klauspost/compress@v1.20.0/zstd/testdata/delta: Permission denied
rm: /var/folders/x5/_jwxtjjx347635h39vn8hcxm0000gn/T//ak2-prehearse.flRglu/home/go/pkg/mod/github.com/klauspost/compress@v1.20.0/zstd/testdata/decode-regression.zip: Permission denied
rm: /var/folders/x5/_jwxtjjx347635h39vn8hcxm0000gn/T//ak2-prehearse.flRglu/home/go/pkg/mod/github.com/klauspost/compress@v1.20.0/zstd/testdata/bad.zip: Permission denied
rm: /var/folders/x5/_jwxtjjx347635h39vn8hcxm0000gn/T//ak2-prehearse.flRglu/home/go/pkg/mod/github.com/klauspost/compress@v1.20.0/zstd/testdata/regression.zip: Permission denied
rm: /var/folders/x5/_jwxtjjx347635h39vn8hcxm0000gn/T//ak2-prehearse.flRglu/home/go/pkg/mod/github.com/klauspost/compress@v1.20.0/zstd/testdata/large.zip: Permission denied
rm: /var/folders/x5/_jwxtjjx347635h39vn8hcxm0000gn/T//ak2-prehearse.flRglu/home/go/pkg/mod/github.com/klauspost/compress@v1.20.0/zstd/testdata/seqs.zip: Permission denied
rm: /var/folders/x5/_jwxtjjx347635h39vn8hcxm0000gn/T//ak2-prehearse.flRglu/home/go/pkg/mod/github.com/klauspost/compress@v1.20.0/zstd/testdata/dict-tests-small.zip: Permission denied
rm: /var/folders/x5/_jwxtjjx347635h39vn8hcxm0000gn/T//ak2-prehearse.flRglu/home/go/pkg/mod/github.com/klauspost/compress@v1.20.0/zstd/testdata/z000028.zst: Permission denied
rm: /var/folders/x5/_jwxtjjx347635h39vn8hcxm0000gn/T//ak2-prehearse.flRglu/home/go/pkg/mod/github.com/klauspost/compress@v1.20.0/zstd/testdata/seqs-want.zip: Permission denied
rm: /var/folders/x5/_jwxtjjx347635h39vn8hcxm0000gn/T//ak2-prehearse.flRglu/home/go/pkg/mod/github.com/klauspost/compress@v1.20.0/zstd/testdata/comp-crashers.zip: Permission denied
rm: /var/folders/x5/_jwxtjjx347635h39vn8hcxm0000gn/T//ak2-prehearse.flRglu/home/go/pkg/mod/github.com/klauspost/compress@v1.20.0/zstd/testdata/decoder.zip: Permission denied
rm: /var/folders/x5/_jwxtjjx347635h39vn8hcxm0000gn/T//ak2-prehearse.flRglu/home/go/pkg/mod/github.com/klauspost/compress@v1.20.0/zstd/testdata/headers-want.json.zst: Permission denied
rm: /var/folders/x5/_jwxtjjx347635h39vn8hcxm0000gn/T//ak2-prehearse.flRglu/home/go/pkg/mod/github.com/klauspost/compress@v1.20.0/zstd/testdata/fuzz/decode-corpus-encoded.zip: Permission denied
rm: /var/folders/x5/_jwxtjjx347635h39vn8hcxm0000gn/T//ak2-prehearse.flRglu/home/go/pkg/mod/github.com/klauspost/compress@v1.20.0/zstd/testdata/fuzz/encode-corpus-raw.zip: Permission denied
rm: /var/folders/x5/_jwxtjjx347635h39vn8hcxm0000gn/T//ak2-prehearse.flRglu/home/go/pkg/mod/github.com/klauspost/compress@v1.20.0/zstd/testdata/fuzz/decode-corpus-raw.zip: Permission denied
rm: /var/folders/x5/_jwxtjjx347635h39vn8hcxm0000gn/T//ak2-prehearse.flRglu/home/go/pkg/mod/github.com/klauspost/compress@v1.20.0/zstd/testdata/fuzz/encode-corpus-encoded.zip: Permission denied
rm: /var/folders/x5/_jwxtjjx347635h39vn8hcxm0000gn/T//ak2-prehearse.flRglu/home/go/pkg/mod/github.com/klauspost/compress@v1.20.0/zstd/testdata/fuzz/decode-oss.zip: Permission denied
rm: /var/folders/x5/_jwxtjjx347635h39vn8hcxm0000gn/T//ak2-prehearse.flRglu/home/go/pkg/mod/github.com/klauspost/compress@v1.20.0/zstd/testdata/fuzz: Permission denied
rm: /var/folders/x5/_jwxtjjx347635h39vn8hcxm0000gn/T//ak2-prehearse.flRglu/home/go/pkg/mod/github.com/klauspost/compress@v1.20.0/zstd/testdata/xml.zst: Permission denied
rm: /var/folders/x5/_jwxtjjx347635h39vn8hcxm0000gn/T//ak2-prehearse.flRglu/home/go/pkg/mod/github.com/klauspost/compress@v1.20.0/zstd/testdata/benchdecoder.zip: Permission denied
rm: /var/folders/x5/_jwxtjjx347635h39vn8hcxm0000gn/T//ak2-prehearse.flRglu/home/go/pkg/mod/github.com/klauspost/compress@v1.20.0/zstd/testdata/z000028: Permission denied
rm: /var/folders/x5/_jwxtjjx347635h39vn8hcxm0000gn/T//ak2-prehearse.flRglu/home/go/pkg/mod/github.com/klauspost/compress@v1.20.0/zstd/testdata/headers.zip: Permission denied
rm: /var/folders/x5/_jwxtjjx347635h39vn8hcxm0000gn/T//ak2-prehearse.flRglu/home/go/pkg/mod/github.com/klauspost/compress@v1.20.0/zstd/testdata/good.zip: Permission denied
rm: /var/folders/x5/_jwxtjjx347635h39vn8hcxm0000gn/T//ak2-prehearse.flRglu/home/go/pkg/mod/github.com/klauspost/compress@v1.20.0/zstd/testdata: Permission denied
rm: /var/folders/x5/_jwxtjjx347635h39vn8hcxm0000gn/T//ak2-prehearse.flRglu/home/go/pkg/mod/github.com/klauspost/compress@v1.20.0/zstd/fse_decoder_arm64_test.go: Permission denied
rm: /var/folders/x5/_jwxtjjx347635h39vn8hcxm0000gn/T//ak2-prehearse.flRglu/home/go/pkg/mod/github.com/klauspost/compress@v1.20.0/zstd/seqdec_generic.go: Permission denied
rm: /var/folders/x5/_jwxtjjx347635h39vn8hcxm0000gn/T//ak2-prehearse.flRglu/home/go/pkg/mod/github.com/klauspost/compress@v1.20.0/zstd/example_test.go: Permission denied
rm: /var/folders/x5/_jwxtjjx347635h39vn8hcxm0000gn/T//ak2-prehearse.flRglu/home/go/pkg/mod/github.com/klauspost/compress@v1.20.0/zstd/matchlen_amd64.go: Permission denied
rm: /var/folders/x5/_jwxtjjx347635h39vn8hcxm0000gn/T//ak2-prehearse.flRglu/home/go/pkg/mod/github.com/klauspost/compress@v1.20.0/zstd/encoder_options_test.go: Permission denied
rm: /var/folders/x5/_jwxtjjx347635h39vn8hcxm0000gn/T//ak2-prehearse.flRglu/home/go/pkg/mod/github.com/klauspost/compress@v1.20.0/zstd/snappy.go: Permission denied
rm: /var/folders/x5/_jwxtjjx347635h39vn8hcxm0000gn/T//ak2-prehearse.flRglu/home/go/pkg/mod/github.com/klauspost/compress@v1.20.0/zstd/seqdec_oob_test.go: Permission denied
rm: /var/folders/x5/_jwxtjjx347635h39vn8hcxm0000gn/T//ak2-prehearse.flRglu/home/go/pkg/mod/github.com/klauspost/compress@v1.20.0/zstd/dict_test.go: Permission denied
rm: /var/folders/x5/_jwxtjjx347635h39vn8hcxm0000gn/T//ak2-prehearse.flRglu/home/go/pkg/mod/github.com/klauspost/compress@v1.20.0/zstd/fse_decoder_generic.go: Permission denied
rm: /var/folders/x5/_jwxtjjx347635h39vn8hcxm0000gn/T//ak2-prehearse.flRglu/home/go/pkg/mod/github.com/klauspost/compress@v1.20.0/zstd/decoder.go: Permission denied
rm: /var/folders/x5/_jwxtjjx347635h39vn8hcxm0000gn/T//ak2-prehearse.flRglu/home/go/pkg/mod/github.com/klauspost/compress@v1.20.0/zstd/enc_fast.go: Permission denied
rm: /var/folders/x5/_jwxtjjx347635h39vn8hcxm0000gn/T//ak2-prehearse.flRglu/home/go/pkg/mod/github.com/klauspost/compress@v1.20.0/zstd/encoder.go: Permission denied
rm: /var/folders/x5/_jwxtjjx347635h39vn8hcxm0000gn/T//ak2-prehearse.flRglu/home/go/pkg/mod/github.com/klauspost/compress@v1.20.0/zstd/seqdec_arm64.go: Permission denied
rm: /var/folders/x5/_jwxtjjx347635h39vn8hcxm0000gn/T//ak2-prehearse.flRglu/home/go/pkg/mod/github.com/klauspost/compress@v1.20.0/zstd/seqenc.go: Permission denied
rm: /var/folders/x5/_jwxtjjx347635h39vn8hcxm0000gn/T//ak2-prehearse.flRglu/home/go/pkg/mod/github.com/klauspost/compress@v1.20.0/zstd/seqdec_arm64.s: Permission denied
rm: /var/folders/x5/_jwxtjjx347635h39vn8hcxm0000gn/T//ak2-prehearse.flRglu/home/go/pkg/mod/github.com/klauspost/compress@v1.20.0/zstd/frameenc.go: Permission denied
rm: /var/folders/x5/_jwxtjjx347635h39vn8hcxm0000gn/T//ak2-prehearse.flRglu/home/go/pkg/mod/github.com/klauspost/compress@v1.20.0/zstd/snappy_test.go: Permission denied
rm: /var/folders/x5/_jwxtjjx347635h39vn8hcxm0000gn/T//ak2-prehearse.flRglu/home/go/pkg/mod/github.com/klauspost/compress@v1.20.0/zstd/internal/xxhash/xxhash_safe.go: Permission denied
rm: /var/folders/x5/_jwxtjjx347635h39vn8hcxm0000gn/T//ak2-prehearse.flRglu/home/go/pkg/mod/github.com/klauspost/compress@v1.20.0/zstd/internal/xxhash/xxhash_amd64.s: Permission denied
rm: /var/folders/x5/_jwxtjjx347635h39vn8hcxm0000gn/T//ak2-prehearse.flRglu/home/go/pkg/mod/github.com/klauspost/compress@v1.20.0/zstd/internal/xxhash/xxhash_test.go: Permission denied
rm: /var/folders/x5/_jwxtjjx347635h39vn8hcxm0000gn/T//ak2-prehearse.flRglu/home/go/pkg/mod/github.com/klauspost/compress@v1.20.0/zstd/internal/xxhash/README.md: Permission denied
rm: /var/folders/x5/_jwxtjjx347635h39vn8hcxm0000gn/T//ak2-prehearse.flRglu/home/go/pkg/mod/github.com/klauspost/compress@v1.20.0/zstd/internal/xxhash/xxhash_other.go: Permission denied
rm: /var/folders/x5/_jwxtjjx347635h39vn8hcxm0000gn/T//ak2-prehearse.flRglu/home/go/pkg/mod/github.com/klauspost/compress@v1.20.0/zstd/internal/xxhash/xxhash_arm64.s: Permission denied
rm: /var/folders/x5/_jwxtjjx347635h39vn8hcxm0000gn/T//ak2-prehearse.flRglu/home/go/pkg/mod/github.com/klauspost/compress@v1.20.0/zstd/internal/xxhash/bench_test.go: Permission denied
rm: /var/folders/x5/_jwxtjjx347635h39vn8hcxm0000gn/T//ak2-prehearse.flRglu/home/go/pkg/mod/github.com/klauspost/compress@v1.20.0/zstd/internal/xxhash/LICENSE.txt: Permission denied
rm: /var/folders/x5/_jwxtjjx347635h39vn8hcxm0000gn/T//ak2-prehearse.flRglu/home/go/pkg/mod/github.com/klauspost/compress@v1.20.0/zstd/internal/xxhash/xxhash_asm.go: Permission denied
rm: /var/folders/x5/_jwxtjjx347635h39vn8hcxm0000gn/T//ak2-prehearse.flRglu/home/go/pkg/mod/github.com/klauspost/compress@v1.20.0/zstd/internal/xxhash/xxhash.go: Permission denied
rm: /var/folders/x5/_jwxtjjx347635h39vn8hcxm0000gn/T//ak2-prehearse.flRglu/home/go/pkg/mod/github.com/klauspost/compress@v1.20.0/zstd/internal/xxhash: Permission denied
rm: /var/folders/x5/_jwxtjjx347635h39vn8hcxm0000gn/T//ak2-prehearse.flRglu/home/go/pkg/mod/github.com/klauspost/compress@v1.20.0/zstd/internal: Permission denied
rm: /var/folders/x5/_jwxtjjx347635h39vn8hcxm0000gn/T//ak2-prehearse.flRglu/home/go/pkg/mod/github.com/klauspost/compress@v1.20.0/zstd/blockdec.go: Permission denied
rm: /var/folders/x5/_jwxtjjx347635h39vn8hcxm0000gn/T//ak2-prehearse.flRglu/home/go/pkg/mod/github.com/klauspost/compress@v1.20.0/zstd/enc_better.go: Permission denied
rm: /var/folders/x5/_jwxtjjx347635h39vn8hcxm0000gn/T//ak2-prehearse.flRglu/home/go/pkg/mod/github.com/klauspost/compress@v1.20.0/zstd/fse_decoder_arm64.s: Permission denied
rm: /var/folders/x5/_jwxtjjx347635h39vn8hcxm0000gn/T//ak2-prehearse.flRglu/home/go/pkg/mod/github.com/klauspost/compress@v1.20.0/zstd/seqdec_amd64_test.go: Permission denied
rm: /var/folders/x5/_jwxtjjx347635h39vn8hcxm0000gn/T//ak2-prehearse.flRglu/home/go/pkg/mod/github.com/klauspost/compress@v1.20.0/zstd/zip_test.go: Permission denied
rm: /var/folders/x5/_jwxtjjx347635h39vn8hcxm0000gn/T//ak2-prehearse.flRglu/home/go/pkg/mod/github.com/klauspost/compress@v1.20.0/zstd/README.md: Permission denied
rm: /var/folders/x5/_jwxtjjx347635h39vn8hcxm0000gn/T//ak2-prehearse.flRglu/home/go/pkg/mod/github.com/klauspost/compress@v1.20.0/zstd/matchlen_amd64.s: Permission denied
rm: /var/folders/x5/_jwxtjjx347635h39vn8hcxm0000gn/T//ak2-prehearse.flRglu/home/go/pkg/mod/github.com/klauspost/compress@v1.20.0/zstd/fse_encoder.go: Permission denied
rm: /var/folders/x5/_jwxtjjx347635h39vn8hcxm0000gn/T//ak2-prehearse.flRglu/home/go/pkg/mod/github.com/klauspost/compress@v1.20.0/zstd/fse_decoder_asm.go: Permission denied
rm: /var/folders/x5/_jwxtjjx347635h39vn8hcxm0000gn/T//ak2-prehearse.flRglu/home/go/pkg/mod/github.com/klauspost/compress@v1.20.0/zstd/blockenc.go: Permission denied
rm: /var/folders/x5/_jwxtjjx347635h39vn8hcxm0000gn/T//ak2-prehearse.flRglu/home/go/pkg/mod/github.com/klauspost/compress@v1.20.0/zstd/enc_best.go: Permission denied
rm: /var/folders/x5/_jwxtjjx347635h39vn8hcxm0000gn/T//ak2-prehearse.flRglu/home/go/pkg/mod/github.com/klauspost/compress@v1.20.0/zstd/matchlen_generic.go: Permission denied
rm: /var/folders/x5/_jwxtjjx347635h39vn8hcxm0000gn/T//ak2-prehearse.flRglu/home/go/pkg/mod/github.com/klauspost/compress@v1.20.0/zstd/bitreader.go: Permission denied
rm: /var/folders/x5/_jwxtjjx347635h39vn8hcxm0000gn/T//ak2-prehearse.flRglu/home/go/pkg/mod/github.com/klauspost/compress@v1.20.0/zstd/decodeheader_test.go: Permission denied
rm: /var/folders/x5/_jwxtjjx347635h39vn8hcxm0000gn/T//ak2-prehearse.flRglu/home/go/pkg/mod/github.com/klauspost/compress@v1.20.0/zstd/bytereader.go: Permission denied
rm: /var/folders/x5/_jwxtjjx347635h39vn8hcxm0000gn/T//ak2-prehearse.flRglu/home/go/pkg/mod/github.com/klauspost/compress@v1.20.0/zstd/enc_base.go: Permission denied
rm: /var/folders/x5/_jwxtjjx347635h39vn8hcxm0000gn/T//ak2-prehearse.flRglu/home/go/pkg/mod/github.com/klauspost/compress@v1.20.0/zstd/seqdec.go: Permission denied
rm: /var/folders/x5/_jwxtjjx347635h39vn8hcxm0000gn/T//ak2-prehearse.flRglu/home/go/pkg/mod/github.com/klauspost/compress@v1.20.0/zstd/seqdec_test.go: Permission denied
rm: /var/folders/x5/_jwxtjjx347635h39vn8hcxm0000gn/T//ak2-prehearse.flRglu/home/go/pkg/mod/github.com/klauspost/compress@v1.20.0/zstd/blocktype_string.go: Permission denied
rm: /var/folders/x5/_jwxtjjx347635h39vn8hcxm0000gn/T//ak2-prehearse.flRglu/home/go/pkg/mod/github.com/klauspost/compress@v1.20.0/zstd/bitwriter.go: Permission denied
rm: /var/folders/x5/_jwxtjjx347635h39vn8hcxm0000gn/T//ak2-prehearse.flRglu/home/go/pkg/mod/github.com/klauspost/compress@v1.20.0/zstd/zip.go: Permission denied
rm: /var/folders/x5/_jwxtjjx347635h39vn8hcxm0000gn/T//ak2-prehearse.flRglu/home/go/pkg/mod/github.com/klauspost/compress@v1.20.0/zstd/framedec.go: Permission denied
rm: /var/folders/x5/_jwxtjjx347635h39vn8hcxm0000gn/T//ak2-prehearse.flRglu/home/go/pkg/mod/github.com/klauspost/compress@v1.20.0/zstd/enc_dfast.go: Permission denied
rm: /var/folders/x5/_jwxtjjx347635h39vn8hcxm0000gn/T//ak2-prehearse.flRglu/home/go/pkg/mod/github.com/klauspost/compress@v1.20.0/zstd/hash.go: Permission denied
rm: /var/folders/x5/_jwxtjjx347635h39vn8hcxm0000gn/T//ak2-prehearse.flRglu/home/go/pkg/mod/github.com/klauspost/compress@v1.20.0/zstd/encoder_test.go: Permission denied
rm: /var/folders/x5/_jwxtjjx347635h39vn8hcxm0000gn/T//ak2-prehearse.flRglu/home/go/pkg/mod/github.com/klauspost/compress@v1.20.0/zstd/simple_go124_test.go: Permission denied
rm: /var/folders/x5/_jwxtjjx347635h39vn8hcxm0000gn/T//ak2-prehearse.flRglu/home/go/pkg/mod/github.com/klauspost/compress@v1.20.0/zstd/fse_decoder_bench_test.go: Permission denied
rm: /var/folders/x5/_jwxtjjx347635h39vn8hcxm0000gn/T//ak2-prehearse.flRglu/home/go/pkg/mod/github.com/klauspost/compress@v1.20.0/zstd/enc_jobs.go: Permission denied
rm: /var/folders/x5/_jwxtjjx347635h39vn8hcxm0000gn/T//ak2-prehearse.flRglu/home/go/pkg/mod/github.com/klauspost/compress@v1.20.0/zstd/decoder_options.go: Permission denied
rm: /var/folders/x5/_jwxtjjx347635h39vn8hcxm0000gn/T//ak2-prehearse.flRglu/home/go/pkg/mod/github.com/klauspost/compress@v1.20.0/zstd/seqdec_amd64.s: Permission denied
rm: /var/folders/x5/_jwxtjjx347635h39vn8hcxm0000gn/T//ak2-prehearse.flRglu/home/go/pkg/mod/github.com/klauspost/compress@v1.20.0/zstd/history.go: Permission denied
rm: /var/folders/x5/_jwxtjjx347635h39vn8hcxm0000gn/T//ak2-prehearse.flRglu/home/go/pkg/mod/github.com/klauspost/compress@v1.20.0/zstd/seqdec_amd64.go: Permission denied
rm: /var/folders/x5/_jwxtjjx347635h39vn8hcxm0000gn/T//ak2-prehearse.flRglu/home/go/pkg/mod/github.com/klauspost/compress@v1.20.0/zstd/bytebuf.go: Permission denied
rm: /var/folders/x5/_jwxtjjx347635h39vn8hcxm0000gn/T//ak2-prehearse.flRglu/home/go/pkg/mod/github.com/klauspost/compress@v1.20.0/zstd/seqdec_asm.go: Permission denied
rm: /var/folders/x5/_jwxtjjx347635h39vn8hcxm0000gn/T//ak2-prehearse.flRglu/home/go/pkg/mod/github.com/klauspost/compress@v1.20.0/zstd/zstd_test.go: Permission denied
rm: /var/folders/x5/_jwxtjjx347635h39vn8hcxm0000gn/T//ak2-prehearse.flRglu/home/go/pkg/mod/github.com/klauspost/compress@v1.20.0/zstd/zstd.go: Permission denied
rm: /var/folders/x5/_jwxtjjx347635h39vn8hcxm0000gn/T//ak2-prehearse.flRglu/home/go/pkg/mod/github.com/klauspost/compress@v1.20.0/zstd/enc_jobs_test.go: Permission denied
rm: /var/folders/x5/_jwxtjjx347635h39vn8hcxm0000gn/T//ak2-prehearse.flRglu/home/go/pkg/mod/github.com/klauspost/compress@v1.20.0/zstd/decodeheader.go: Permission denied
rm: /var/folders/x5/_jwxtjjx347635h39vn8hcxm0000gn/T//ak2-prehearse.flRglu/home/go/pkg/mod/github.com/klauspost/compress@v1.20.0/zstd/fse_decoder_amd64.s: Permission denied
rm: /var/folders/x5/_jwxtjjx347635h39vn8hcxm0000gn/T//ak2-prehearse.flRglu/home/go/pkg/mod/github.com/klauspost/compress@v1.20.0/zstd/race_enabled_test.go: Permission denied
rm: /var/folders/x5/_jwxtjjx347635h39vn8hcxm0000gn/T//ak2-prehearse.flRglu/home/go/pkg/mod/github.com/klauspost/compress@v1.20.0/zstd/fse_decoder.go: Permission denied
rm: /var/folders/x5/_jwxtjjx347635h39vn8hcxm0000gn/T//ak2-prehearse.flRglu/home/go/pkg/mod/github.com/klauspost/compress@v1.20.0/zstd/fse_predefined.go: Permission denied
rm: /var/folders/x5/_jwxtjjx347635h39vn8hcxm0000gn/T//ak2-prehearse.flRglu/home/go/pkg/mod/github.com/klauspost/compress@v1.20.0/zstd/dict.go: Permission denied
rm: /var/folders/x5/_jwxtjjx347635h39vn8hcxm0000gn/T//ak2-prehearse.flRglu/home/go/pkg/mod/github.com/klauspost/compress@v1.20.0/zstd/simple_go124.go: Permission denied
rm: /var/folders/x5/_jwxtjjx347635h39vn8hcxm0000gn/T//ak2-prehearse.flRglu/home/go/pkg/mod/github.com/klauspost/compress@v1.20.0/zstd: Permission denied
rm: /var/folders/x5/_jwxtjjx347635h39vn8hcxm0000gn/T//ak2-prehearse.flRglu/home/go/pkg/mod/github.com/klauspost/compress@v1.20.0/compressible.go: Permission denied
rm: /var/folders/x5/_jwxtjjx347635h39vn8hcxm0000gn/T//ak2-prehearse.flRglu/home/go/pkg/mod/github.com/klauspost/compress@v1.20.0/.github/workflows/release.yml: Permission denied
rm: /var/folders/x5/_jwxtjjx347635h39vn8hcxm0000gn/T//ak2-prehearse.flRglu/home/go/pkg/mod/github.com/klauspost/compress@v1.20.0/.github/workflows/codeql-analysis.yml: Permission denied
rm: /var/folders/x5/_jwxtjjx347635h39vn8hcxm0000gn/T//ak2-prehearse.flRglu/home/go/pkg/mod/github.com/klauspost/compress@v1.20.0/.github/workflows/go.yml: Permission denied
rm: /var/folders/x5/_jwxtjjx347635h39vn8hcxm0000gn/T//ak2-prehearse.flRglu/home/go/pkg/mod/github.com/klauspost/compress@v1.20.0/.github/workflows/scorecard.yml: Permission denied
rm: /var/folders/x5/_jwxtjjx347635h39vn8hcxm0000gn/T//ak2-prehearse.flRglu/home/go/pkg/mod/github.com/klauspost/compress@v1.20.0/.github/workflows: Permission denied
rm: /var/folders/x5/_jwxtjjx347635h39vn8hcxm0000gn/T//ak2-prehearse.flRglu/home/go/pkg/mod/github.com/klauspost/compress@v1.20.0/.github/dependabot.yml: Permission denied
rm: /var/folders/x5/_jwxtjjx347635h39vn8hcxm0000gn/T//ak2-prehearse.flRglu/home/go/pkg/mod/github.com/klauspost/compress@v1.20.0/.github: Permission denied
rm: /var/folders/x5/_jwxtjjx347635h39vn8hcxm0000gn/T//ak2-prehearse.flRglu/home/go/pkg/mod/github.com/klauspost/compress@v1.20.0/.gitattributes: Permission denied
rm: /var/folders/x5/_jwxtjjx347635h39vn8hcxm0000gn/T//ak2-prehearse.flRglu/home/go/pkg/mod/github.com/klauspost/compress@v1.20.0/xpress/fuzz_test.go: Permission denied
rm: /var/folders/x5/_jwxtjjx347635h39vn8hcxm0000gn/T//ak2-prehearse.flRglu/home/go/pkg/mod/github.com/klauspost/compress@v1.20.0/xpress/testdata/fuzz/FuzzXpressPlain/6f5de66d80144acb: Permission denied
rm: /var/folders/x5/_jwxtjjx347635h39vn8hcxm0000gn/T//ak2-prehearse.flRglu/home/go/pkg/mod/github.com/klauspost/compress@v1.20.0/xpress/testdata/fuzz/FuzzXpressPlain: Permission denied
rm: /var/folders/x5/_jwxtjjx347635h39vn8hcxm0000gn/T//ak2-prehearse.flRglu/home/go/pkg/mod/github.com/klauspost/compress@v1.20.0/xpress/testdata/fuzz: Permission denied
rm: /var/folders/x5/_jwxtjjx347635h39vn8hcxm0000gn/T//ak2-prehearse.flRglu/home/go/pkg/mod/github.com/klauspost/compress@v1.20.0/xpress/testdata: Permission denied
rm: /var/folders/x5/_jwxtjjx347635h39vn8hcxm0000gn/T//ak2-prehearse.flRglu/home/go/pkg/mod/github.com/klauspost/compress@v1.20.0/xpress/xpress_test.go: Permission denied
rm: /var/folders/x5/_jwxtjjx347635h39vn8hcxm0000gn/T//ak2-prehearse.flRglu/home/go/pkg/mod/github.com/klauspost/compress@v1.20.0/xpress/xpress.go: Permission denied
rm: /var/folders/x5/_jwxtjjx347635h39vn8hcxm0000gn/T//ak2-prehearse.flRglu/home/go/pkg/mod/github.com/klauspost/compress@v1.20.0/xpress/xpress_data_test.go: Permission denied
rm: /var/folders/x5/_jwxtjjx347635h39vn8hcxm0000gn/T//ak2-prehearse.flRglu/home/go/pkg/mod/github.com/klauspost/compress@v1.20.0/xpress: Permission denied
rm: /var/folders/x5/_jwxtjjx347635h39vn8hcxm0000gn/T//ak2-prehearse.flRglu/home/go/pkg/mod/github.com/klauspost/compress@v1.20.0/ossfuzz/cmd/setup_dicts.go: Permission denied
rm: /var/folders/x5/_jwxtjjx347635h39vn8hcxm0000gn/T//ak2-prehearse.flRglu/home/go/pkg/mod/github.com/klauspost/compress@v1.20.0/ossfuzz/cmd: Permission denied
rm: /var/folders/x5/_jwxtjjx347635h39vn8hcxm0000gn/T//ak2-prehearse.flRglu/home/go/pkg/mod/github.com/klauspost/compress@v1.20.0/ossfuzz/ossfuzz.sh: Permission denied
rm: /var/folders/x5/_jwxtjjx347635h39vn8hcxm0000gn/T//ak2-prehearse.flRglu/home/go/pkg/mod/github.com/klauspost/compress@v1.20.0/ossfuzz: Permission denied
rm: /var/folders/x5/_jwxtjjx347635h39vn8hcxm0000gn/T//ak2-prehearse.flRglu/home/go/pkg/mod/github.com/klauspost/compress@v1.20.0/dict/cmd/builddict/main.go: Permission denied
rm: /var/folders/x5/_jwxtjjx347635h39vn8hcxm0000gn/T//ak2-prehearse.flRglu/home/go/pkg/mod/github.com/klauspost/compress@v1.20.0/dict/cmd/builddict: Permission denied
rm: /var/folders/x5/_jwxtjjx347635h39vn8hcxm0000gn/T//ak2-prehearse.flRglu/home/go/pkg/mod/github.com/klauspost/compress@v1.20.0/dict/cmd: Permission denied
rm: /var/folders/x5/_jwxtjjx347635h39vn8hcxm0000gn/T//ak2-prehearse.flRglu/home/go/pkg/mod/github.com/klauspost/compress@v1.20.0/dict/README.md: Permission denied
rm: /var/folders/x5/_jwxtjjx347635h39vn8hcxm0000gn/T//ak2-prehearse.flRglu/home/go/pkg/mod/github.com/klauspost/compress@v1.20.0/dict/builder.go: Permission denied
rm: /var/folders/x5/_jwxtjjx347635h39vn8hcxm0000gn/T//ak2-prehearse.flRglu/home/go/pkg/mod/github.com/klauspost/compress@v1.20.0/dict: Permission denied
rm: /var/folders/x5/_jwxtjjx347635h39vn8hcxm0000gn/T//ak2-prehearse.flRglu/home/go/pkg/mod/github.com/klauspost/compress@v1.20.0/s2sx.mod: Permission denied
rm: /var/folders/x5/_jwxtjjx347635h39vn8hcxm0000gn/T//ak2-prehearse.flRglu/home/go/pkg/mod/github.com/klauspost/compress@v1.20.0/SECURITY.md: Permission denied
rm: /var/folders/x5/_jwxtjjx347635h39vn8hcxm0000gn/T//ak2-prehearse.flRglu/home/go/pkg/mod/github.com/klauspost/compress@v1.20.0: Directory not empty
rm: /var/folders/x5/_jwxtjjx347635h39vn8hcxm0000gn/T//ak2-prehearse.flRglu/home/go/pkg/mod/github.com/klauspost: Directory not empty
rm: /var/folders/x5/_jwxtjjx347635h39vn8hcxm0000gn/T//ak2-prehearse.flRglu/home/go/pkg/mod/github.com/aws/aws-sdk-go-v2/credentials@v1.20.7/go.mod: Permission denied
rm: /var/folders/x5/_jwxtjjx347635h39vn8hcxm0000gn/T//ak2-prehearse.flRglu/home/go/pkg/mod/github.com/aws/aws-sdk-go-v2/credentials@v1.20.7/CHANGELOG.md: Permission denied
rm: /var/folders/x5/_jwxtjjx347635h39vn8hcxm0000gn/T//ak2-prehearse.flRglu/home/go/pkg/mod/github.com/aws/aws-sdk-go-v2/credentials@v1.20.7/go_module_metadata.go: Permission denied
rm: /var/folders/x5/_jwxtjjx347635h39vn8hcxm0000gn/T//ak2-prehearse.flRglu/home/go/pkg/mod/github.com/aws/aws-sdk-go-v2/credentials@v1.20.7/ssocreds/sso_token_provider_test.go: Permission denied
rm: /var/folders/x5/_jwxtjjx347635h39vn8hcxm0000gn/T//ak2-prehearse.flRglu/home/go/pkg/mod/github.com/aws/aws-sdk-go-v2/credentials@v1.20.7/ssocreds/testdata/non_utc_token.json: Permission denied
rm: /var/folders/x5/_jwxtjjx347635h39vn8hcxm0000gn/T//ak2-prehearse.flRglu/home/go/pkg/mod/github.com/aws/aws-sdk-go-v2/credentials@v1.20.7/ssocreds/testdata/expired_token.json: Permission denied
rm: /var/folders/x5/_jwxtjjx347635h39vn8hcxm0000gn/T//ak2-prehearse.flRglu/home/go/pkg/mod/github.com/aws/aws-sdk-go-v2/credentials@v1.20.7/ssocreds/testdata/missing_clientId.json: Permission denied
rm: /var/folders/x5/_jwxtjjx347635h39vn8hcxm0000gn/T//ak2-prehearse.flRglu/home/go/pkg/mod/github.com/aws/aws-sdk-go-v2/credentials@v1.20.7/ssocreds/testdata/missing_refreshToken.json: Permission denied
rm: /var/folders/x5/_jwxtjjx347635h39vn8hcxm0000gn/T//ak2-prehearse.flRglu/home/go/pkg/mod/github.com/aws/aws-sdk-go-v2/credentials@v1.20.7/ssocreds/testdata/missing_accessToken.json: Permission denied
rm: /var/folders/x5/_jwxtjjx347635h39vn8hcxm0000gn/T//ak2-prehearse.flRglu/home/go/pkg/mod/github.com/aws/aws-sdk-go-v2/credentials@v1.20.7/ssocreds/testdata/valid_token.json: Permission denied
rm: /var/folders/x5/_jwxtjjx347635h39vn8hcxm0000gn/T//ak2-prehearse.flRglu/home/go/pkg/mod/github.com/aws/aws-sdk-go-v2/credentials@v1.20.7/ssocreds/testdata/missing_expiresAt.json: Permission denied
rm: /var/folders/x5/_jwxtjjx347635h39vn8hcxm0000gn/T//ak2-prehearse.flRglu/home/go/pkg/mod/github.com/aws/aws-sdk-go-v2/credentials@v1.20.7/ssocreds/testdata/invalid_json.json: Permission denied
rm: /var/folders/x5/_jwxtjjx347635h39vn8hcxm0000gn/T//ak2-prehearse.flRglu/home/go/pkg/mod/github.com/aws/aws-sdk-go-v2/credentials@v1.20.7/ssocreds/testdata/missing_clientSecret.json: Permission denied
rm: /var/folders/x5/_jwxtjjx347635h39vn8hcxm0000gn/T//ak2-prehearse.flRglu/home/go/pkg/mod/github.com/aws/aws-sdk-go-v2/credentials@v1.20.7/ssocreds/testdata/.aws/sso/cache/f7f7ff326478d8c33d47eeb3408cf1c783cb611e.json: Permission denied
rm: /var/folders/x5/_jwxtjjx347635h39vn8hcxm0000gn/T//ak2-prehearse.flRglu/home/go/pkg/mod/github.com/aws/aws-sdk-go-v2/credentials@v1.20.7/ssocreds/testdata/.aws/sso/cache/00126f0eb29dc1310529dcc8fc178693e1493135.json: Permission denied
rm: /var/folders/x5/_jwxtjjx347635h39vn8hcxm0000gn/T//ak2-prehearse.flRglu/home/go/pkg/mod/github.com/aws/aws-sdk-go-v2/credentials@v1.20.7/ssocreds/testdata/.aws/sso/cache/b5f90cb535abf87a12eb4c57db2b1e837e229ea0.json: Permission denied
rm: /var/folders/x5/_jwxtjjx347635h39vn8hcxm0000gn/T//ak2-prehearse.flRglu/home/go/pkg/mod/github.com/aws/aws-sdk-go-v2/credentials@v1.20.7/ssocreds/testdata/.aws/sso/cache: Permission denied
rm: /var/folders/x5/_jwxtjjx347635h39vn8hcxm0000gn/T//ak2-prehearse.flRglu/home/go/pkg/mod/github.com/aws/aws-sdk-go-v2/credentials@v1.20.7/ssocreds/testdata/.aws/sso: Permission denied
rm: /var/folders/x5/_jwxtjjx347635h39vn8hcxm0000gn/T//ak2-prehearse.flRglu/home/go/pkg/mod/github.com/aws/aws-sdk-go-v2/credentials@v1.20.7/ssocreds/testdata/.aws: Permission denied
rm: /var/folders/x5/_jwxtjjx347635h39vn8hcxm0000gn/T//ak2-prehearse.flRglu/home/go/pkg/mod/github.com/aws/aws-sdk-go-v2/credentials@v1.20.7/ssocreds/testdata: Permission denied
rm: /var/folders/x5/_jwxtjjx347635h39vn8hcxm0000gn/T//ak2-prehearse.flRglu/home/go/pkg/mod/github.com/aws/aws-sdk-go-v2/credentials@v1.20.7/ssocreds/sso_credentials_provider_test.go: Permission denied
rm: /var/folders/x5/_jwxtjjx347635h39vn8hcxm0000gn/T//ak2-prehearse.flRglu/home/go/pkg/mod/github.com/aws/aws-sdk-go-v2/credentials@v1.20.7/ssocreds/sso_cached_token_test.go: Permission denied
rm: /var/folders/x5/_jwxtjjx347635h39vn8hcxm0000gn/T//ak2-prehearse.flRglu/home/go/pkg/mod/github.com/aws/aws-sdk-go-v2/credentials@v1.20.7/ssocreds/sso_cached_token.go: Permission denied
rm: /var/folders/x5/_jwxtjjx347635h39vn8hcxm0000gn/T//ak2-prehearse.flRglu/home/go/pkg/mod/github.com/aws/aws-sdk-go-v2/credentials@v1.20.7/ssocreds/doc.go: Permission denied
rm: /var/folders/x5/_jwxtjjx347635h39vn8hcxm0000gn/T//ak2-prehearse.flRglu/home/go/pkg/mod/github.com/aws/aws-sdk-go-v2/credentials@v1.20.7/ssocreds/sso_credentials_provider.go: Permission denied
rm: /var/folders/x5/_jwxtjjx347635h39vn8hcxm0000gn/T//ak2-prehearse.flRglu/home/go/pkg/mod/github.com/aws/aws-sdk-go-v2/credentials@v1.20.7/ssocreds/sso_token_provider.go: Permission denied
rm: /var/folders/x5/_jwxtjjx347635h39vn8hcxm0000gn/T//ak2-prehearse.flRglu/home/go/pkg/mod/github.com/aws/aws-sdk-go-v2/credentials@v1.20.7/ssocreds: Permission denied
rm: /var/folders/x5/_jwxtjjx347635h39vn8hcxm0000gn/T//ak2-prehearse.flRglu/home/go/pkg/mod/github.com/aws/aws-sdk-go-v2/credentials@v1.20.7/go.sum: Permission denied
rm: /var/folders/x5/_jwxtjjx347635h39vn8hcxm0000gn/T//ak2-prehearse.flRglu/home/go/pkg/mod/github.com/aws/aws-sdk-go-v2/credentials@v1.20.7/ec2rolecreds/provider.go: Permission denied
rm: /var/folders/x5/_jwxtjjx347635h39vn8hcxm0000gn/T//ak2-prehearse.flRglu/home/go/pkg/mod/github.com/aws/aws-sdk-go-v2/credentials@v1.20.7/ec2rolecreds/provider_test.go: Permission denied
rm: /var/folders/x5/_jwxtjjx347635h39vn8hcxm0000gn/T//ak2-prehearse.flRglu/home/go/pkg/mod/github.com/aws/aws-sdk-go-v2/credentials@v1.20.7/ec2rolecreds/doc.go: Permission denied
rm: /var/folders/x5/_jwxtjjx347635h39vn8hcxm0000gn/T//ak2-prehearse.flRglu/home/go/pkg/mod/github.com/aws/aws-sdk-go-v2/credentials@v1.20.7/ec2rolecreds/integration_test.go: Permission denied
rm: /var/folders/x5/_jwxtjjx347635h39vn8hcxm0000gn/T//ak2-prehearse.flRglu/home/go/pkg/mod/github.com/aws/aws-sdk-go-v2/credentials@v1.20.7/ec2rolecreds: Permission denied
rm: /var/folders/x5/_jwxtjjx347635h39vn8hcxm0000gn/T//ak2-prehearse.flRglu/home/go/pkg/mod/github.com/aws/aws-sdk-go-v2/credentials@v1.20.7/endpointcreds/provider.go: Permission denied
rm: /var/folders/x5/_jwxtjjx347635h39vn8hcxm0000gn/T//ak2-prehearse.flRglu/home/go/pkg/mod/github.com/aws/aws-sdk-go-v2/credentials@v1.20.7/endpointcreds/provider_test.go: Permission denied
rm: /var/folders/x5/_jwxtjjx347635h39vn8hcxm0000gn/T//ak2-prehearse.flRglu/home/go/pkg/mod/github.com/aws/aws-sdk-go-v2/credentials@v1.20.7/endpointcreds/internal/client/auth.go: Permission denied
rm: /var/folders/x5/_jwxtjjx347635h39vn8hcxm0000gn/T//ak2-prehearse.flRglu/home/go/pkg/mod/github.com/aws/aws-sdk-go-v2/credentials@v1.20.7/endpointcreds/internal/client/client.go: Permission denied
rm: /var/folders/x5/_jwxtjjx347635h39vn8hcxm0000gn/T//ak2-prehearse.flRglu/home/go/pkg/mod/github.com/aws/aws-sdk-go-v2/credentials@v1.20.7/endpointcreds/internal/client/middleware.go: Permission denied
rm: /var/folders/x5/_jwxtjjx347635h39vn8hcxm0000gn/T//ak2-prehearse.flRglu/home/go/pkg/mod/github.com/aws/aws-sdk-go-v2/credentials@v1.20.7/endpointcreds/internal/client/client_test.go: Permission denied
rm: /var/folders/x5/_jwxtjjx347635h39vn8hcxm0000gn/T//ak2-prehearse.flRglu/home/go/pkg/mod/github.com/aws/aws-sdk-go-v2/credentials@v1.20.7/endpointcreds/internal/client/endpoints.go: Permission denied
rm: /var/folders/x5/_jwxtjjx347635h39vn8hcxm0000gn/T//ak2-prehearse.flRglu/home/go/pkg/mod/github.com/aws/aws-sdk-go-v2/credentials@v1.20.7/endpointcreds/internal/client: Permission denied
rm: /var/folders/x5/_jwxtjjx347635h39vn8hcxm0000gn/T//ak2-prehearse.flRglu/home/go/pkg/mod/github.com/aws/aws-sdk-go-v2/credentials@v1.20.7/endpointcreds/internal: Permission denied
rm: /var/folders/x5/_jwxtjjx347635h39vn8hcxm0000gn/T//ak2-prehearse.flRglu/home/go/pkg/mod/github.com/aws/aws-sdk-go-v2/credentials@v1.20.7/endpointcreds: Permission denied
rm: /var/folders/x5/_jwxtjjx347635h39vn8hcxm0000gn/T//ak2-prehearse.flRglu/home/go/pkg/mod/github.com/aws/aws-sdk-go-v2/credentials@v1.20.7/stscreds/testdata/token.jwt: Permission denied
rm: /var/folders/x5/_jwxtjjx347635h39vn8hcxm0000gn/T//ak2-prehearse.flRglu/home/go/pkg/mod/github.com/aws/aws-sdk-go-v2/credentials@v1.20.7/stscreds/testdata: Permission denied
rm: /var/folders/x5/_jwxtjjx347635h39vn8hcxm0000gn/T//ak2-prehearse.flRglu/home/go/pkg/mod/github.com/aws/aws-sdk-go-v2/credentials@v1.20.7/stscreds/web_identity_provider_test.go: Permission denied
rm: /var/folders/x5/_jwxtjjx347635h39vn8hcxm0000gn/T//ak2-prehearse.flRglu/home/go/pkg/mod/github.com/aws/aws-sdk-go-v2/credentials@v1.20.7/stscreds/assume_role_provider.go: Permission denied
rm: /var/folders/x5/_jwxtjjx347635h39vn8hcxm0000gn/T//ak2-prehearse.flRglu/home/go/pkg/mod/github.com/aws/aws-sdk-go-v2/credentials@v1.20.7/stscreds/web_identity_provider.go: Permission denied
rm: /var/folders/x5/_jwxtjjx347635h39vn8hcxm0000gn/T//ak2-prehearse.flRglu/home/go/pkg/mod/github.com/aws/aws-sdk-go-v2/credentials@v1.20.7/stscreds/assume_role_provider_test.go: Permission denied
rm: /var/folders/x5/_jwxtjjx347635h39vn8hcxm0000gn/T//ak2-prehearse.flRglu/home/go/pkg/mod/github.com/aws/aws-sdk-go-v2/credentials@v1.20.7/stscreds: Permission denied
rm: /var/folders/x5/_jwxtjjx347635h39vn8hcxm0000gn/T//ak2-prehearse.flRglu/home/go/pkg/mod/github.com/aws/aws-sdk-go-v2/credentials@v1.20.7/doc.go: Permission denied
rm: /var/folders/x5/_jwxtjjx347635h39vn8hcxm0000gn/T//ak2-prehearse.flRglu/home/go/pkg/mod/github.com/aws/aws-sdk-go-v2/credentials@v1.20.7/static_provider_test.go: Permission denied
rm: /var/folders/x5/_jwxtjjx347635h39vn8hcxm0000gn/T//ak2-prehearse.flRglu/home/go/pkg/mod/github.com/aws/aws-sdk-go-v2/credentials@v1.20.7/logincreds/dpop.go: Permission denied
rm: /var/folders/x5/_jwxtjjx347635h39vn8hcxm0000gn/T//ak2-prehearse.flRglu/home/go/pkg/mod/github.com/aws/aws-sdk-go-v2/credentials@v1.20.7/logincreds/provider.go: Permission denied
rm: /var/folders/x5/_jwxtjjx347635h39vn8hcxm0000gn/T//ak2-prehearse.flRglu/home/go/pkg/mod/github.com/aws/aws-sdk-go-v2/credentials@v1.20.7/logincreds/provider_test.go: Permission denied
rm: /var/folders/x5/_jwxtjjx347635h39vn8hcxm0000gn/T//ak2-prehearse.flRglu/home/go/pkg/mod/github.com/aws/aws-sdk-go-v2/credentials@v1.20.7/logincreds/token.go: Permission denied
rm: /var/folders/x5/_jwxtjjx347635h39vn8hcxm0000gn/T//ak2-prehearse.flRglu/home/go/pkg/mod/github.com/aws/aws-sdk-go-v2/credentials@v1.20.7/logincreds/file.go: Permission denied
rm: /var/folders/x5/_jwxtjjx347635h39vn8hcxm0000gn/T//ak2-prehearse.flRglu/home/go/pkg/mod/github.com/aws/aws-sdk-go-v2/credentials@v1.20.7/logincreds/dpop_test.go: Permission denied
rm: /var/folders/x5/_jwxtjjx347635h39vn8hcxm0000gn/T//ak2-prehearse.flRglu/home/go/pkg/mod/github.com/aws/aws-sdk-go-v2/credentials@v1.20.7/logincreds: Permission denied
rm: /var/folders/x5/_jwxtjjx347635h39vn8hcxm0000gn/T//ak2-prehearse.flRglu/home/go/pkg/mod/github.com/aws/aws-sdk-go-v2/credentials@v1.20.7/static_provider.go: Permission denied
rm: /var/folders/x5/_jwxtjjx347635h39vn8hcxm0000gn/T//ak2-prehearse.flRglu/home/go/pkg/mod/github.com/aws/aws-sdk-go-v2/credentials@v1.20.7/LICENSE.txt: Permission denied
rm: /var/folders/x5/_jwxtjjx347635h39vn8hcxm0000gn/T//ak2-prehearse.flRglu/home/go/pkg/mod/github.com/aws/aws-sdk-go-v2/credentials@v1.20.7/processcreds/provider.go: Permission denied
rm: /var/folders/x5/_jwxtjjx347635h39vn8hcxm0000gn/T//ak2-prehearse.flRglu/home/go/pkg/mod/github.com/aws/aws-sdk-go-v2/credentials@v1.20.7/processcreds/testdata/accountid.json: Permission denied
rm: /var/folders/x5/_jwxtjjx347635h39vn8hcxm0000gn/T//ak2-prehearse.flRglu/home/go/pkg/mod/github.com/aws/aws-sdk-go-v2/credentials@v1.20.7/processcreds/testdata/static.json: Permission denied
rm: /var/folders/x5/_jwxtjjx347635h39vn8hcxm0000gn/T//ak2-prehearse.flRglu/home/go/pkg/mod/github.com/aws/aws-sdk-go-v2/credentials@v1.20.7/processcreds/testdata/longsessiontoken.json: Permission denied
rm: /var/folders/x5/_jwxtjjx347635h39vn8hcxm0000gn/T//ak2-prehearse.flRglu/home/go/pkg/mod/github.com/aws/aws-sdk-go-v2/credentials@v1.20.7/processcreds/testdata/wrongversion.json: Permission denied
rm: /var/folders/x5/_jwxtjjx347635h39vn8hcxm0000gn/T//ak2-prehearse.flRglu/home/go/pkg/mod/github.com/aws/aws-sdk-go-v2/credentials@v1.20.7/processcreds/testdata/missingsecret.json: Permission denied
rm: /var/folders/x5/_jwxtjjx347635h39vn8hcxm0000gn/T//ak2-prehearse.flRglu/home/go/pkg/mod/github.com/aws/aws-sdk-go-v2/credentials@v1.20.7/processcreds/testdata/missingkey.json: Permission denied
rm: /var/folders/x5/_jwxtjjx347635h39vn8hcxm0000gn/T//ak2-prehearse.flRglu/home/go/pkg/mod/github.com/aws/aws-sdk-go-v2/credentials@v1.20.7/processcreds/testdata/malformed.json: Permission denied
rm: /var/folders/x5/_jwxtjjx347635h39vn8hcxm0000gn/T//ak2-prehearse.flRglu/home/go/pkg/mod/github.com/aws/aws-sdk-go-v2/credentials@v1.20.7/processcreds/testdata: Permission denied
rm: /var/folders/x5/_jwxtjjx347635h39vn8hcxm0000gn/T//ak2-prehearse.flRglu/home/go/pkg/mod/github.com/aws/aws-sdk-go-v2/credentials@v1.20.7/processcreds/provider_test.go: Permission denied
rm: /var/folders/x5/_jwxtjjx347635h39vn8hcxm0000gn/T//ak2-prehearse.flRglu/home/go/pkg/mod/github.com/aws/aws-sdk-go-v2/credentials@v1.20.7/processcreds/doc.go: Permission denied
rm: /var/folders/x5/_jwxtjjx347635h39vn8hcxm0000gn/T//ak2-prehearse.flRglu/home/go/pkg/mod/github.com/aws/aws-sdk-go-v2/credentials@v1.20.7/processcreds: Permission denied
rm: /var/folders/x5/_jwxtjjx347635h39vn8hcxm0000gn/T//ak2-prehearse.flRglu/home/go/pkg/mod/github.com/aws/aws-sdk-go-v2/credentials@v1.20.7: Directory not empty
rm: /var/folders/x5/_jwxtjjx347635h39vn8hcxm0000gn/T//ak2-prehearse.flRglu/home/go/pkg/mod/github.com/aws/aws-sdk-go-v2/config@v1.33.7/resolve_bearer_token_test.go: Permission denied
rm: /var/folders/x5/_jwxtjjx347635h39vn8hcxm0000gn/T//ak2-prehearse.flRglu/home/go/pkg/mod/github.com/aws/aws-sdk-go-v2/config@v1.33.7/generate.go: Permission denied
rm: /var/folders/x5/_jwxtjjx347635h39vn8hcxm0000gn/T//ak2-prehearse.flRglu/home/go/pkg/mod/github.com/aws/aws-sdk-go-v2/config@v1.33.7/provider.go: Permission denied
rm: /var/folders/x5/_jwxtjjx347635h39vn8hcxm0000gn/T//ak2-prehearse.flRglu/home/go/pkg/mod/github.com/aws/aws-sdk-go-v2/config@v1.33.7/shared_config.go: Permission denied
rm: /var/folders/x5/_jwxtjjx347635h39vn8hcxm0000gn/T//ak2-prehearse.flRglu/home/go/pkg/mod/github.com/aws/aws-sdk-go-v2/config@v1.33.7/testdata/leading_ws: Permission denied
rm: /var/folders/x5/_jwxtjjx347635h39vn8hcxm0000gn/T//ak2-prehearse.flRglu/home/go/pkg/mod/github.com/aws/aws-sdk-go-v2/config@v1.33.7/testdata/shared_credentials: Permission denied
rm: /var/folders/x5/_jwxtjjx347635h39vn8hcxm0000gn/T//ak2-prehearse.flRglu/home/go/pkg/mod/github.com/aws/aws-sdk-go-v2/config@v1.33.7/testdata/config_ua_credential_provider: Permission denied
rm: /var/folders/x5/_jwxtjjx347635h39vn8hcxm0000gn/T//ak2-prehearse.flRglu/home/go/pkg/mod/github.com/aws/aws-sdk-go-v2/config@v1.33.7/testdata/proc_creds_config.ini: Permission denied
rm: /var/folders/x5/_jwxtjjx347635h39vn8hcxm0000gn/T//ak2-prehearse.flRglu/home/go/pkg/mod/github.com/aws/aws-sdk-go-v2/config@v1.33.7/testdata/test_json.json: Permission denied
rm: /var/folders/x5/_jwxtjjx347635h39vn8hcxm0000gn/T//ak2-prehearse.flRglu/home/go/pkg/mod/github.com/aws/aws-sdk-go-v2/config@v1.33.7/testdata/proc_creds_not_expire.json: Permission denied
rm: /var/folders/x5/_jwxtjjx347635h39vn8hcxm0000gn/T//ak2-prehearse.flRglu/home/go/pkg/mod/github.com/aws/aws-sdk-go-v2/config@v1.33.7/testdata/load_credentials_secondary: Permission denied
rm: /var/folders/x5/_jwxtjjx347635h39vn8hcxm0000gn/T//ak2-prehearse.flRglu/home/go/pkg/mod/github.com/aws/aws-sdk-go-v2/config@v1.33.7/testdata/config_source_shared: Permission denied
rm: /var/folders/x5/_jwxtjjx347635h39vn8hcxm0000gn/T//ak2-prehearse.flRglu/home/go/pkg/mod/github.com/aws/aws-sdk-go-v2/config@v1.33.7/testdata/load_credentials: Permission denied
rm: /var/folders/x5/_jwxtjjx347635h39vn8hcxm0000gn/T//ak2-prehearse.flRglu/home/go/pkg/mod/github.com/aws/aws-sdk-go-v2/config@v1.33.7/testdata/proc_creds_config_win.ini: Permission denied
rm: /var/folders/x5/_jwxtjjx347635h39vn8hcxm0000gn/T//ak2-prehearse.flRglu/home/go/pkg/mod/github.com/aws/aws-sdk-go-v2/config@v1.33.7/testdata/load_config_secondary: Permission denied
rm: /var/folders/x5/_jwxtjjx347635h39vn8hcxm0000gn/T//ak2-prehearse.flRglu/home/go/pkg/mod/github.com/aws/aws-sdk-go-v2/config@v1.33.7/testdata/proc_creds_verybad.json: Permission denied
rm: /var/folders/x5/_jwxtjjx347635h39vn8hcxm0000gn/T//ak2-prehearse.flRglu/home/go/pkg/mod/github.com/aws/aws-sdk-go-v2/config@v1.33.7/testdata/proc_creds_credentials_win.ini: Permission denied
rm: /var/folders/x5/_jwxtjjx347635h39vn8hcxm0000gn/T//ak2-prehearse.flRglu/home/go/pkg/mod/github.com/aws/aws-sdk-go-v2/config@v1.33.7/testdata/credentials_source_shared_for_windows: Permission denied
rm: /var/folders/x5/_jwxtjjx347635h39vn8hcxm0000gn/T//ak2-prehearse.flRglu/home/go/pkg/mod/github.com/aws/aws-sdk-go-v2/config@v1.33.7/testdata/cached_sso_token.json: Permission denied
rm: /var/folders/x5/_jwxtjjx347635h39vn8hcxm0000gn/T//ak2-prehearse.flRglu/home/go/pkg/mod/github.com/aws/aws-sdk-go-v2/config@v1.33.7/testdata/proc_creds_expired.json: Permission denied
rm: /var/folders/x5/_jwxtjjx347635h39vn8hcxm0000gn/T//ak2-prehearse.flRglu/home/go/pkg/mod/github.com/aws/aws-sdk-go-v2/config@v1.33.7/testdata/load_config: Permission denied
rm: /var/folders/x5/_jwxtjjx347635h39vn8hcxm0000gn/T//ak2-prehearse.flRglu/home/go/pkg/mod/github.com/aws/aws-sdk-go-v2/config@v1.33.7/testdata/config_source_shared_for_windows: Permission denied
rm: /var/folders/x5/_jwxtjjx347635h39vn8hcxm0000gn/T//ak2-prehearse.flRglu/home/go/pkg/mod/github.com/aws/aws-sdk-go-v2/config@v1.33.7/testdata/credentials_source_shared: Permission denied
rm: /var/folders/x5/_jwxtjjx347635h39vn8hcxm0000gn/T//ak2-prehearse.flRglu/home/go/pkg/mod/github.com/aws/aws-sdk-go-v2/config@v1.33.7/testdata/proc_creds_credentials.ini: Permission denied
rm: /var/folders/x5/_jwxtjjx347635h39vn8hcxm0000gn/T//ak2-prehearse.flRglu/home/go/pkg/mod/github.com/aws/aws-sdk-go-v2/config@v1.33.7/testdata/leading_ws_trailing_nl: Permission denied
rm: /var/folders/x5/_jwxtjjx347635h39vn8hcxm0000gn/T//ak2-prehearse.flRglu/home/go/pkg/mod/github.com/aws/aws-sdk-go-v2/config@v1.33.7/testdata/shared_config_other: Permission denied
rm: /var/folders/x5/_jwxtjjx347635h39vn8hcxm0000gn/T//ak2-prehearse.flRglu/home/go/pkg/mod/github.com/aws/aws-sdk-go-v2/config@v1.33.7/testdata/empty_creds_config: Permission denied
rm: /var/folders/x5/_jwxtjjx347635h39vn8hcxm0000gn/T//ak2-prehearse.flRglu/home/go/pkg/mod/github.com/aws/aws-sdk-go-v2/config@v1.33.7/testdata/wit.txt: Permission denied
rm: /var/folders/x5/_jwxtjjx347635h39vn8hcxm0000gn/T//ak2-prehearse.flRglu/home/go/pkg/mod/github.com/aws/aws-sdk-go-v2/config@v1.33.7/testdata/shared_config: Permission denied
rm: /var/folders/x5/_jwxtjjx347635h39vn8hcxm0000gn/T//ak2-prehearse.flRglu/home/go/pkg/mod/github.com/aws/aws-sdk-go-v2/config@v1.33.7/testdata/shared_config_invalid_ini: Permission denied
rm: /var/folders/x5/_jwxtjjx347635h39vn8hcxm0000gn/T//ak2-prehearse.flRglu/home/go/pkg/mod/github.com/aws/aws-sdk-go-v2/config@v1.33.7/testdata/config_ua_credential_provider_windows: Permission denied
rm: /var/folders/x5/_jwxtjjx347635h39vn8hcxm0000gn/T//ak2-prehearse.flRglu/home/go/pkg/mod/github.com/aws/aws-sdk-go-v2/config@v1.33.7/testdata: Permission denied
rm: /var/folders/x5/_jwxtjjx347635h39vn8hcxm0000gn/T//ak2-prehearse.flRglu/home/go/pkg/mod/github.com/aws/aws-sdk-go-v2/config@v1.33.7/resolve.go: Permission denied
rm: /var/folders/x5/_jwxtjjx347635h39vn8hcxm0000gn/T//ak2-prehearse.flRglu/home/go/pkg/mod/github.com/aws/aws-sdk-go-v2/config@v1.33.7/config.go: Permission denied
rm: /var/folders/x5/_jwxtjjx347635h39vn8hcxm0000gn/T//ak2-prehearse.flRglu/home/go/pkg/mod/github.com/aws/aws-sdk-go-v2/config@v1.33.7/example_test.go: Permission denied
rm: /var/folders/x5/_jwxtjjx347635h39vn8hcxm0000gn/T//ak2-prehearse.flRglu/home/go/pkg/mod/github.com/aws/aws-sdk-go-v2/config@v1.33.7/go.mod: Permission denied
rm: /var/folders/x5/_jwxtjjx347635h39vn8hcxm0000gn/T//ak2-prehearse.flRglu/home/go/pkg/mod/github.com/aws/aws-sdk-go-v2/config@v1.33.7/local_test.go: Permission denied
rm: /var/folders/x5/_jwxtjjx347635h39vn8hcxm0000gn/T//ak2-prehearse.flRglu/home/go/pkg/mod/github.com/aws/aws-sdk-go-v2/config@v1.33.7/CHANGELOG.md: Permission denied
rm: /var/folders/x5/_jwxtjjx347635h39vn8hcxm0000gn/T//ak2-prehearse.flRglu/home/go/pkg/mod/github.com/aws/aws-sdk-go-v2/config@v1.33.7/provider_assert_test.go: Permission denied
rm: /var/folders/x5/_jwxtjjx347635h39vn8hcxm0000gn/T//ak2-prehearse.flRglu/home/go/pkg/mod/github.com/aws/aws-sdk-go-v2/config@v1.33.7/go_module_metadata.go: Permission denied
rm: /var/folders/x5/_jwxtjjx347635h39vn8hcxm0000gn/T//ak2-prehearse.flRglu/home/go/pkg/mod/github.com/aws/aws-sdk-go-v2/config@v1.33.7/shared_config_windows_test.go: Permission denied
rm: /var/folders/x5/_jwxtjjx347635h39vn8hcxm0000gn/T//ak2-prehearse.flRglu/home/go/pkg/mod/github.com/aws/aws-sdk-go-v2/config@v1.33.7/load_options.go: Permission denied
rm: /var/folders/x5/_jwxtjjx347635h39vn8hcxm0000gn/T//ak2-prehearse.flRglu/home/go/pkg/mod/github.com/aws/aws-sdk-go-v2/config@v1.33.7/internal/ini/testdata/valid/arn_profile_expected: Permission denied
rm: /var/folders/x5/_jwxtjjx347635h39vn8hcxm0000gn/T//ak2-prehearse.flRglu/home/go/pkg/mod/github.com/aws/aws-sdk-go-v2/config@v1.33.7/internal/ini/testdata/valid/comments: Permission denied
rm: /var/folders/x5/_jwxtjjx347635h39vn8hcxm0000gn/T//ak2-prehearse.flRglu/home/go/pkg/mod/github.com/aws/aws-sdk-go-v2/config@v1.33.7/internal/ini/testdata/valid/simple_profile_expected: Permission denied
rm: /var/folders/x5/_jwxtjjx347635h39vn8hcxm0000gn/T//ak2-prehearse.flRglu/home/go/pkg/mod/github.com/aws/aws-sdk-go-v2/config@v1.33.7/internal/ini/testdata/valid/commented_profile_expected: Permission denied
rm: /var/folders/x5/_jwxtjjx347635h39vn8hcxm0000gn/T//ak2-prehearse.flRglu/home/go/pkg/mod/github.com/aws/aws-sdk-go-v2/config@v1.33.7/internal/ini/testdata/valid/arn_profile: Permission denied
rm: /var/folders/x5/_jwxtjjx347635h39vn8hcxm0000gn/T//ak2-prehearse.flRglu/home/go/pkg/mod/github.com/aws/aws-sdk-go-v2/config@v1.33.7/internal/ini/testdata/valid/global_values_profile: Permission denied
rm: /var/folders/x5/_jwxtjjx347635h39vn8hcxm0000gn/T//ak2-prehearse.flRglu/home/go/pkg/mod/github.com/aws/aws-sdk-go-v2/config@v1.33.7/internal/ini/testdata/valid/array_profile: Permission denied
rm: /var/folders/x5/_jwxtjjx347635h39vn8hcxm0000gn/T//ak2-prehearse.flRglu/home/go/pkg/mod/github.com/aws/aws-sdk-go-v2/config@v1.33.7/internal/ini/testdata/valid/mixed_case_keys_expected: Permission denied
rm: /var/folders/x5/_jwxtjjx347635h39vn8hcxm0000gn/T//ak2-prehearse.flRglu/home/go/pkg/mod/github.com/aws/aws-sdk-go-v2/config@v1.33.7/internal/ini/testdata/valid/empty_profile_expected: Permission denied
rm: /var/folders/x5/_jwxtjjx347635h39vn8hcxm0000gn/T//ak2-prehearse.flRglu/home/go/pkg/mod/github.com/aws/aws-sdk-go-v2/config@v1.33.7/internal/ini/testdata/valid/sections_profile_expected: Permission denied
rm: /var/folders/x5/_jwxtjjx347635h39vn8hcxm0000gn/T//ak2-prehearse.flRglu/home/go/pkg/mod/github.com/aws/aws-sdk-go-v2/config@v1.33.7/internal/ini/testdata/valid/issue_2253: Permission denied
rm: /var/folders/x5/_jwxtjjx347635h39vn8hcxm0000gn/T//ak2-prehearse.flRglu/home/go/pkg/mod/github.com/aws/aws-sdk-go-v2/config@v1.33.7/internal/ini/testdata/valid/simple_profile: Permission denied
rm: /var/folders/x5/_jwxtjjx347635h39vn8hcxm0000gn/T//ak2-prehearse.flRglu/home/go/pkg/mod/github.com/aws/aws-sdk-go-v2/config@v1.33.7/internal/ini/testdata/valid/nested_fields_expected: Permission denied
rm: /var/folders/x5/_jwxtjjx347635h39vn8hcxm0000gn/T//ak2-prehearse.flRglu/home/go/pkg/mod/github.com/aws/aws-sdk-go-v2/config@v1.33.7/internal/ini/testdata/valid/mixed_case_keys: Permission denied
rm: /var/folders/x5/_jwxtjjx347635h39vn8hcxm0000gn/T//ak2-prehearse.flRglu/home/go/pkg/mod/github.com/aws/aws-sdk-go-v2/config@v1.33.7/internal/ini/testdata/valid/space_lhs: Permission denied
rm: /var/folders/x5/_jwxtjjx347635h39vn8hcxm0000gn/T//ak2-prehearse.flRglu/home/go/pkg/mod/github.com/aws/aws-sdk-go-v2/config@v1.33.7/internal/ini/testdata/valid/array_profile_expected: Permission denied
rm: /var/folders/x5/_jwxtjjx347635h39vn8hcxm0000gn/T//ak2-prehearse.flRglu/home/go/pkg/mod/github.com/aws/aws-sdk-go-v2/config@v1.33.7/internal/ini/testdata/valid/comments_expected: Permission denied
rm: /var/folders/x5/_jwxtjjx347635h39vn8hcxm0000gn/T//ak2-prehearse.flRglu/home/go/pkg/mod/github.com/aws/aws-sdk-go-v2/config@v1.33.7/internal/ini/testdata/valid/utf_8_profile_expected: Permission denied
rm: /var/folders/x5/_jwxtjjx347635h39vn8hcxm0000gn/T//ak2-prehearse.flRglu/home/go/pkg/mod/github.com/aws/aws-sdk-go-v2/config@v1.33.7/internal/ini/testdata/valid/op_sep_in_values_expected: Permission denied
rm: /var/folders/x5/_jwxtjjx347635h39vn8hcxm0000gn/T//ak2-prehearse.flRglu/home/go/pkg/mod/github.com/aws/aws-sdk-go-v2/config@v1.33.7/internal/ini/testdata/valid/space_lhs_expected: Permission denied
rm: /var/folders/x5/_jwxtjjx347635h39vn8hcxm0000gn/T//ak2-prehearse.flRglu/home/go/pkg/mod/github.com/aws/aws-sdk-go-v2/config@v1.33.7/internal/ini/testdata/valid/issue_259: Permission denied
rm: /var/folders/x5/_jwxtjjx347635h39vn8hcxm0000gn/T//ak2-prehearse.flRglu/home/go/pkg/mod/github.com/aws/aws-sdk-go-v2/config@v1.33.7/internal/ini/testdata/valid/base_numbers_profile: Permission denied
rm: /var/folders/x5/_jwxtjjx347635h39vn8hcxm0000gn/T//ak2-prehearse.flRglu/home/go/pkg/mod/github.com/aws/aws-sdk-go-v2/config@v1.33.7/internal/ini/testdata/valid/empty_profile: Permission denied
rm: /var/folders/x5/_jwxtjjx347635h39vn8hcxm0000gn/T//ak2-prehearse.flRglu/home/go/pkg/mod/github.com/aws/aws-sdk-go-v2/config@v1.33.7/internal/ini/testdata/valid/exponent_profile: Permission denied
rm: /var/folders/x5/_jwxtjjx347635h39vn8hcxm0000gn/T//ak2-prehearse.flRglu/home/go/pkg/mod/github.com/aws/aws-sdk-go-v2/config@v1.33.7/internal/ini/testdata/valid/empty_values: Permission denied
rm: /var/folders/x5/_jwxtjjx347635h39vn8hcxm0000gn/T//ak2-prehearse.flRglu/home/go/pkg/mod/github.com/aws/aws-sdk-go-v2/config@v1.33.7/internal/ini/testdata/valid/exponent_profile_expected: Permission denied
rm: /var/folders/x5/_jwxtjjx347635h39vn8hcxm0000gn/T//ak2-prehearse.flRglu/home/go/pkg/mod/github.com/aws/aws-sdk-go-v2/config@v1.33.7/internal/ini/testdata/valid/nested_fields: Permission denied
rm: /var/folders/x5/_jwxtjjx347635h39vn8hcxm0000gn/T//ak2-prehearse.flRglu/home/go/pkg/mod/github.com/aws/aws-sdk-go-v2/config@v1.33.7/internal/ini/testdata/valid/profile_name: Permission denied
rm: /var/folders/x5/_jwxtjjx347635h39vn8hcxm0000gn/T//ak2-prehearse.flRglu/home/go/pkg/mod/github.com/aws/aws-sdk-go-v2/config@v1.33.7/internal/ini/testdata/valid/issue_2253_expected: Permission denied
rm: /var/folders/x5/_jwxtjjx347635h39vn8hcxm0000gn/T//ak2-prehearse.flRglu/home/go/pkg/mod/github.com/aws/aws-sdk-go-v2/config@v1.33.7/internal/ini/testdata/valid/issue_259_expected: Permission denied
rm: /var/folders/x5/_jwxtjjx347635h39vn8hcxm0000gn/T//ak2-prehearse.flRglu/home/go/pkg/mod/github.com/aws/aws-sdk-go-v2/config@v1.33.7/internal/ini/testdata/valid/profile_name_expected: Permission denied
rm: /var/folders/x5/_jwxtjjx347635h39vn8hcxm0000gn/T//ak2-prehearse.flRglu/home/go/pkg/mod/github.com/aws/aws-sdk-go-v2/config@v1.33.7/internal/ini/testdata/valid/sections_profile: Permission denied
rm: /var/folders/x5/_jwxtjjx347635h39vn8hcxm0000gn/T//ak2-prehearse.flRglu/home/go/pkg/mod/github.com/aws/aws-sdk-go-v2/config@v1.33.7/internal/ini/testdata/valid/number_lhs_expr: Permission denied
rm: /var/folders/x5/_jwxtjjx347635h39vn8hcxm0000gn/T//ak2-prehearse.flRglu/home/go/pkg/mod/github.com/aws/aws-sdk-go-v2/config@v1.33.7/internal/ini/testdata/valid/op_sep_in_values: Permission denied
rm: /var/folders/x5/_jwxtjjx347635h39vn8hcxm0000gn/T//ak2-prehearse.flRglu/home/go/pkg/mod/github.com/aws/aws-sdk-go-v2/config@v1.33.7/internal/ini/testdata/valid/commented_profile: Permission denied
rm: /var/folders/x5/_jwxtjjx347635h39vn8hcxm0000gn/T//ak2-prehearse.flRglu/home/go/pkg/mod/github.com/aws/aws-sdk-go-v2/config@v1.33.7/internal/ini/testdata/valid/utf_8_profile: Permission denied
rm: /var/folders/x5/_jwxtjjx347635h39vn8hcxm0000gn/T//ak2-prehearse.flRglu/home/go/pkg/mod/github.com/aws/aws-sdk-go-v2/config@v1.33.7/internal/ini/testdata/valid/number_lhs_expr_expected: Permission denied
rm: /var/folders/x5/_jwxtjjx347635h39vn8hcxm0000gn/T//ak2-prehearse.flRglu/home/go/pkg/mod/github.com/aws/aws-sdk-go-v2/config@v1.33.7/internal/ini/testdata/valid/global_values_profile_expected: Permission denied
rm: /var/folders/x5/_jwxtjjx347635h39vn8hcxm0000gn/T//ak2-prehearse.flRglu/home/go/pkg/mod/github.com/aws/aws-sdk-go-v2/config@v1.33.7/internal/ini/testdata/valid/base_numbers_profile_expected: Permission denied
rm: /var/folders/x5/_jwxtjjx347635h39vn8hcxm0000gn/T//ak2-prehearse.flRglu/home/go/pkg/mod/github.com/aws/aws-sdk-go-v2/config@v1.33.7/internal/ini/testdata/valid/empty_values_expected: Permission denied
rm: /var/folders/x5/_jwxtjjx347635h39vn8hcxm0000gn/T//ak2-prehearse.flRglu/home/go/pkg/mod/github.com/aws/aws-sdk-go-v2/config@v1.33.7/internal/ini/testdata/valid: Permission denied
rm: /var/folders/x5/_jwxtjjx347635h39vn8hcxm0000gn/T//ak2-prehearse.flRglu/home/go/pkg/mod/github.com/aws/aws-sdk-go-v2/config@v1.33.7/internal/ini/testdata: Permission denied
rm: /var/folders/x5/_jwxtjjx347635h39vn8hcxm0000gn/T//ak2-prehearse.flRglu/home/go/pkg/mod/github.com/aws/aws-sdk-go-v2/config@v1.33.7/internal/ini/sections.go: Permission denied
rm: /var/folders/x5/_jwxtjjx347635h39vn8hcxm0000gn/T//ak2-prehearse.flRglu/home/go/pkg/mod/github.com/aws/aws-sdk-go-v2/config@v1.33.7/internal/ini/token.go: Permission denied
rm: /var/folders/x5/_jwxtjjx347635h39vn8hcxm0000gn/T//ak2-prehearse.flRglu/home/go/pkg/mod/github.com/aws/aws-sdk-go-v2/config@v1.33.7/internal/ini/ini_test.go: Permission denied
rm: /var/folders/x5/_jwxtjjx347635h39vn8hcxm0000gn/T//ak2-prehearse.flRglu/home/go/pkg/mod/github.com/aws/aws-sdk-go-v2/config@v1.33.7/internal/ini/strings.go: Permission denied
rm: /var/folders/x5/_jwxtjjx347635h39vn8hcxm0000gn/T//ak2-prehearse.flRglu/home/go/pkg/mod/github.com/aws/aws-sdk-go-v2/config@v1.33.7/internal/ini/tokenize.go: Permission denied
rm: /var/folders/x5/_jwxtjjx347635h39vn8hcxm0000gn/T//ak2-prehearse.flRglu/home/go/pkg/mod/github.com/aws/aws-sdk-go-v2/config@v1.33.7/internal/ini/parse.go: Permission denied
rm: /var/folders/x5/_jwxtjjx347635h39vn8hcxm0000gn/T//ak2-prehearse.flRglu/home/go/pkg/mod/github.com/aws/aws-sdk-go-v2/config@v1.33.7/internal/ini/value.go: Permission denied
rm: /var/folders/x5/_jwxtjjx347635h39vn8hcxm0000gn/T//ak2-prehearse.flRglu/home/go/pkg/mod/github.com/aws/aws-sdk-go-v2/config@v1.33.7/internal/ini/ini.go: Permission denied
rm: /var/folders/x5/_jwxtjjx347635h39vn8hcxm0000gn/T//ak2-prehearse.flRglu/home/go/pkg/mod/github.com/aws/aws-sdk-go-v2/config@v1.33.7/internal/ini/errors.go: Permission denied
rm: /var/folders/x5/_jwxtjjx347635h39vn8hcxm0000gn/T//ak2-prehearse.flRglu/home/go/pkg/mod/github.com/aws/aws-sdk-go-v2/config@v1.33.7/internal/ini: Permission denied
rm: /var/folders/x5/_jwxtjjx347635h39vn8hcxm0000gn/T//ak2-prehearse.flRglu/home/go/pkg/mod/github.com/aws/aws-sdk-go-v2/config@v1.33.7/internal: Permission denied
rm: /var/folders/x5/_jwxtjjx347635h39vn8hcxm0000gn/T//ak2-prehearse.flRglu/home/go/pkg/mod/github.com/aws/aws-sdk-go-v2/config@v1.33.7/env_config.go: Permission denied
rm: /var/folders/x5/_jwxtjjx347635h39vn8hcxm0000gn/T//ak2-prehearse.flRglu/home/go/pkg/mod/github.com/aws/aws-sdk-go-v2/config@v1.33.7/go.sum: Permission denied
rm: /var/folders/x5/_jwxtjjx347635h39vn8hcxm0000gn/T//ak2-prehearse.flRglu/home/go/pkg/mod/github.com/aws/aws-sdk-go-v2/config@v1.33.7/auth_scheme_preference.go: Permission denied
rm: /var/folders/x5/_jwxtjjx347635h39vn8hcxm0000gn/T//ak2-prehearse.flRglu/home/go/pkg/mod/github.com/aws/aws-sdk-go-v2/config@v1.33.7/local.go: Permission denied
rm: /var/folders/x5/_jwxtjjx347635h39vn8hcxm0000gn/T//ak2-prehearse.flRglu/home/go/pkg/mod/github.com/aws/aws-sdk-go-v2/config@v1.33.7/doc_test.go: Permission denied
rm: /var/folders/x5/_jwxtjjx347635h39vn8hcxm0000gn/T//ak2-prehearse.flRglu/home/go/pkg/mod/github.com/aws/aws-sdk-go-v2/config@v1.33.7/codegen/main.go: Permission denied
rm: /var/folders/x5/_jwxtjjx347635h39vn8hcxm0000gn/T//ak2-prehearse.flRglu/home/go/pkg/mod/github.com/aws/aws-sdk-go-v2/config@v1.33.7/codegen: Permission denied
rm: /var/folders/x5/_jwxtjjx347635h39vn8hcxm0000gn/T//ak2-prehearse.flRglu/home/go/pkg/mod/github.com/aws/aws-sdk-go-v2/config@v1.33.7/shared_config_other_test.go: Permission denied
rm: /var/folders/x5/_jwxtjjx347635h39vn8hcxm0000gn/T//ak2-prehearse.flRglu/home/go/pkg/mod/github.com/aws/aws-sdk-go-v2/config@v1.33.7/env_config_test.go: Permission denied
rm: /var/folders/x5/_jwxtjjx347635h39vn8hcxm0000gn/T//ak2-prehearse.flRglu/home/go/pkg/mod/github.com/aws/aws-sdk-go-v2/config@v1.33.7/shared_test.go: Permission denied
rm: /var/folders/x5/_jwxtjjx347635h39vn8hcxm0000gn/T//ak2-prehearse.flRglu/home/go/pkg/mod/github.com/aws/aws-sdk-go-v2/config@v1.33.7/doc.go: Permission denied
rm: /var/folders/x5/_jwxtjjx347635h39vn8hcxm0000gn/T//ak2-prehearse.flRglu/home/go/pkg/mod/github.com/aws/aws-sdk-go-v2/config@v1.33.7/resolve_test.go: Permission denied
rm: /var/folders/x5/_jwxtjjx347635h39vn8hcxm0000gn/T//ak2-prehearse.flRglu/home/go/pkg/mod/github.com/aws/aws-sdk-go-v2/config@v1.33.7/resolve_web_identity_test.go: Permission denied
rm: /var/folders/x5/_jwxtjjx347635h39vn8hcxm0000gn/T//ak2-prehearse.flRglu/home/go/pkg/mod/github.com/aws/aws-sdk-go-v2/config@v1.33.7/config_source_test.go: Permission denied
rm: /var/folders/x5/_jwxtjjx347635h39vn8hcxm0000gn/T//ak2-prehearse.flRglu/home/go/pkg/mod/github.com/aws/aws-sdk-go-v2/config@v1.33.7/config_test.go: Permission denied
rm: /var/folders/x5/_jwxtjjx347635h39vn8hcxm0000gn/T//ak2-prehearse.flRglu/home/go/pkg/mod/github.com/aws/aws-sdk-go-v2/config@v1.33.7/LICENSE.txt: Permission denied
rm: /var/folders/x5/_jwxtjjx347635h39vn8hcxm0000gn/T//ak2-prehearse.flRglu/home/go/pkg/mod/github.com/aws/aws-sdk-go-v2/config@v1.33.7/resolve_credentials_test.go: Permission denied
rm: /var/folders/x5/_jwxtjjx347635h39vn8hcxm0000gn/T//ak2-prehearse.flRglu/home/go/pkg/mod/github.com/aws/aws-sdk-go-v2/config@v1.33.7/resolve_assume_role_test.go: Permission denied
rm: /var/folders/x5/_jwxtjjx347635h39vn8hcxm0000gn/T//ak2-prehearse.flRglu/home/go/pkg/mod/github.com/aws/aws-sdk-go-v2/config@v1.33.7/shared_config_test.go: Permission denied
rm: /var/folders/x5/_jwxtjjx347635h39vn8hcxm0000gn/T//ak2-prehearse.flRglu/home/go/pkg/mod/github.com/aws/aws-sdk-go-v2/config@v1.33.7/defaultsmode.go: Permission denied
rm: /var/folders/x5/_jwxtjjx347635h39vn8hcxm0000gn/T//ak2-prehearse.flRglu/home/go/pkg/mod/github.com/aws/aws-sdk-go-v2/config@v1.33.7/resolve_processcreds_test.go: Permission denied
rm: /var/folders/x5/_jwxtjjx347635h39vn8hcxm0000gn/T//ak2-prehearse.flRglu/home/go/pkg/mod/github.com/aws/aws-sdk-go-v2/config@v1.33.7/clockskew_test.go: Permission denied
rm: /var/folders/x5/_jwxtjjx347635h39vn8hcxm0000gn/T//ak2-prehearse.flRglu/home/go/pkg/mod/github.com/aws/aws-sdk-go-v2/config@v1.33.7/resolve_credentials.go: Permission denied
rm: /var/folders/x5/_jwxtjjx347635h39vn8hcxm0000gn/T//ak2-prehearse.flRglu/home/go/pkg/mod/github.com/aws/aws-sdk-go-v2/config@v1.33.7/resolve_bearer_token.go: Permission denied
rm: /var/folders/x5/_jwxtjjx347635h39vn8hcxm0000gn/T//ak2-prehearse.flRglu/home/go/pkg/mod/github.com/aws/aws-sdk-go-v2/config@v1.33.7: Directory not empty
rm: /var/folders/x5/_jwxtjjx347635h39vn8hcxm0000gn/T//ak2-prehearse.flRglu/home/go/pkg/mod/github.com/aws/aws-sdk-go-v2/internal/configsources@v1.5.4/config.go: Permission denied
rm: /var/folders/x5/_jwxtjjx347635h39vn8hcxm0000gn/T//ak2-prehearse.flRglu/home/go/pkg/mod/github.com/aws/aws-sdk-go-v2/internal/configsources@v1.5.4/go.mod: Permission denied
rm: /var/folders/x5/_jwxtjjx347635h39vn8hcxm0000gn/T//ak2-prehearse.flRglu/home/go/pkg/mod/github.com/aws/aws-sdk-go-v2/internal/configsources@v1.5.4/CHANGELOG.md: Permission denied
rm: /var/folders/x5/_jwxtjjx347635h39vn8hcxm0000gn/T//ak2-prehearse.flRglu/home/go/pkg/mod/github.com/aws/aws-sdk-go-v2/internal/configsources@v1.5.4/go_module_metadata.go: Permission denied
rm: /var/folders/x5/_jwxtjjx347635h39vn8hcxm0000gn/T//ak2-prehearse.flRglu/home/go/pkg/mod/github.com/aws/aws-sdk-go-v2/internal/configsources@v1.5.4/go.sum: Permission denied
rm: /var/folders/x5/_jwxtjjx347635h39vn8hcxm0000gn/T//ak2-prehearse.flRglu/home/go/pkg/mod/github.com/aws/aws-sdk-go-v2/internal/configsources@v1.5.4/LICENSE.txt: Permission denied
rm: /var/folders/x5/_jwxtjjx347635h39vn8hcxm0000gn/T//ak2-prehearse.flRglu/home/go/pkg/mod/github.com/aws/aws-sdk-go-v2/internal/configsources@v1.5.4/endpoints.go: Permission denied
rm: /var/folders/x5/_jwxtjjx347635h39vn8hcxm0000gn/T//ak2-prehearse.flRglu/home/go/pkg/mod/github.com/aws/aws-sdk-go-v2/internal/configsources@v1.5.4: Directory not empty
rm: /var/folders/x5/_jwxtjjx347635h39vn8hcxm0000gn/T//ak2-prehearse.flRglu/home/go/pkg/mod/github.com/aws/aws-sdk-go-v2/internal/endpoints/v2@v2.8.4/go.mod: Permission denied
rm: /var/folders/x5/_jwxtjjx347635h39vn8hcxm0000gn/T//ak2-prehearse.flRglu/home/go/pkg/mod/github.com/aws/aws-sdk-go-v2/internal/endpoints/v2@v2.8.4/CHANGELOG.md: Permission denied
rm: /var/folders/x5/_jwxtjjx347635h39vn8hcxm0000gn/T//ak2-prehearse.flRglu/home/go/pkg/mod/github.com/aws/aws-sdk-go-v2/internal/endpoints/v2@v2.8.4/go_module_metadata.go: Permission denied
rm: /var/folders/x5/_jwxtjjx347635h39vn8hcxm0000gn/T//ak2-prehearse.flRglu/home/go/pkg/mod/github.com/aws/aws-sdk-go-v2/internal/endpoints/v2@v2.8.4/go.sum: Permission denied
rm: /var/folders/x5/_jwxtjjx347635h39vn8hcxm0000gn/T//ak2-prehearse.flRglu/home/go/pkg/mod/github.com/aws/aws-sdk-go-v2/internal/endpoints/v2@v2.8.4/package_test.go: Permission denied
rm: /var/folders/x5/_jwxtjjx347635h39vn8hcxm0000gn/T//ak2-prehearse.flRglu/home/go/pkg/mod/github.com/aws/aws-sdk-go-v2/internal/endpoints/v2@v2.8.4/endpoints_test.go: Permission denied
rm: /var/folders/x5/_jwxtjjx347635h39vn8hcxm0000gn/T//ak2-prehearse.flRglu/home/go/pkg/mod/github.com/aws/aws-sdk-go-v2/internal/endpoints/v2@v2.8.4/LICENSE.txt: Permission denied
rm: /var/folders/x5/_jwxtjjx347635h39vn8hcxm0000gn/T//ak2-prehearse.flRglu/home/go/pkg/mod/github.com/aws/aws-sdk-go-v2/internal/endpoints/v2@v2.8.4/endpoints.go: Permission denied
rm: /var/folders/x5/_jwxtjjx347635h39vn8hcxm0000gn/T//ak2-prehearse.flRglu/home/go/pkg/mod/github.com/aws/aws-sdk-go-v2/internal/endpoints/v2@v2.8.4: Directory not empty
rm: /var/folders/x5/_jwxtjjx347635h39vn8hcxm0000gn/T//ak2-prehearse.flRglu/home/go/pkg/mod/github.com/aws/aws-sdk-go-v2/internal/endpoints: Directory not empty
rm: /var/folders/x5/_jwxtjjx347635h39vn8hcxm0000gn/T//ak2-prehearse.flRglu/home/go/pkg/mod/github.com/aws/aws-sdk-go-v2/internal/v4a@v1.5.4/credentials.go: Permission denied
rm: /var/folders/x5/_jwxtjjx347635h39vn8hcxm0000gn/T//ak2-prehearse.flRglu/home/go/pkg/mod/github.com/aws/aws-sdk-go-v2/internal/v4a@v1.5.4/smithy.go: Permission denied
rm: /var/folders/x5/_jwxtjjx347635h39vn8hcxm0000gn/T//ak2-prehearse.flRglu/home/go/pkg/mod/github.com/aws/aws-sdk-go-v2/internal/v4a@v1.5.4/error.go: Permission denied
rm: /var/folders/x5/_jwxtjjx347635h39vn8hcxm0000gn/T//ak2-prehearse.flRglu/home/go/pkg/mod/github.com/aws/aws-sdk-go-v2/internal/v4a@v1.5.4/go.mod: Permission denied
rm: /var/folders/x5/_jwxtjjx347635h39vn8hcxm0000gn/T//ak2-prehearse.flRglu/home/go/pkg/mod/github.com/aws/aws-sdk-go-v2/internal/v4a@v1.5.4/CHANGELOG.md: Permission denied
rm: /var/folders/x5/_jwxtjjx347635h39vn8hcxm0000gn/T//ak2-prehearse.flRglu/home/go/pkg/mod/github.com/aws/aws-sdk-go-v2/internal/v4a@v1.5.4/middleware_test.go: Permission denied
rm: /var/folders/x5/_jwxtjjx347635h39vn8hcxm0000gn/T//ak2-prehearse.flRglu/home/go/pkg/mod/github.com/aws/aws-sdk-go-v2/internal/v4a@v1.5.4/go_module_metadata.go: Permission denied
rm: /var/folders/x5/_jwxtjjx347635h39vn8hcxm0000gn/T//ak2-prehearse.flRglu/home/go/pkg/mod/github.com/aws/aws-sdk-go-v2/internal/v4a@v1.5.4/internal/crypto/compare_test.go: Permission denied
rm: /var/folders/x5/_jwxtjjx347635h39vn8hcxm0000gn/T//ak2-prehearse.flRglu/home/go/pkg/mod/github.com/aws/aws-sdk-go-v2/internal/v4a@v1.5.4/internal/crypto/ecc_test.go: Permission denied
rm: /var/folders/x5/_jwxtjjx347635h39vn8hcxm0000gn/T//ak2-prehearse.flRglu/home/go/pkg/mod/github.com/aws/aws-sdk-go-v2/internal/v4a@v1.5.4/internal/crypto/ecc.go: Permission denied
rm: /var/folders/x5/_jwxtjjx347635h39vn8hcxm0000gn/T//ak2-prehearse.flRglu/home/go/pkg/mod/github.com/aws/aws-sdk-go-v2/internal/v4a@v1.5.4/internal/crypto/compare.go: Permission denied
rm: /var/folders/x5/_jwxtjjx347635h39vn8hcxm0000gn/T//ak2-prehearse.flRglu/home/go/pkg/mod/github.com/aws/aws-sdk-go-v2/internal/v4a@v1.5.4/internal/crypto: Permission denied
rm: /var/folders/x5/_jwxtjjx347635h39vn8hcxm0000gn/T//ak2-prehearse.flRglu/home/go/pkg/mod/github.com/aws/aws-sdk-go-v2/internal/v4a@v1.5.4/internal/v4/time.go: Permission denied
rm: /var/folders/x5/_jwxtjjx347635h39vn8hcxm0000gn/T//ak2-prehearse.flRglu/home/go/pkg/mod/github.com/aws/aws-sdk-go-v2/internal/v4a@v1.5.4/internal/v4/util_test.go: Permission denied
rm: /var/folders/x5/_jwxtjjx347635h39vn8hcxm0000gn/T//ak2-prehearse.flRglu/home/go/pkg/mod/github.com/aws/aws-sdk-go-v2/internal/v4a@v1.5.4/internal/v4/util.go: Permission denied
rm: /var/folders/x5/_jwxtjjx347635h39vn8hcxm0000gn/T//ak2-prehearse.flRglu/home/go/pkg/mod/github.com/aws/aws-sdk-go-v2/internal/v4a@v1.5.4/internal/v4/host.go: Permission denied
rm: /var/folders/x5/_jwxtjjx347635h39vn8hcxm0000gn/T//ak2-prehearse.flRglu/home/go/pkg/mod/github.com/aws/aws-sdk-go-v2/internal/v4a@v1.5.4/internal/v4/header_rules.go: Permission denied
rm: /var/folders/x5/_jwxtjjx347635h39vn8hcxm0000gn/T//ak2-prehearse.flRglu/home/go/pkg/mod/github.com/aws/aws-sdk-go-v2/internal/v4a@v1.5.4/internal/v4/const.go: Permission denied
rm: /var/folders/x5/_jwxtjjx347635h39vn8hcxm0000gn/T//ak2-prehearse.flRglu/home/go/pkg/mod/github.com/aws/aws-sdk-go-v2/internal/v4a@v1.5.4/internal/v4/hmac.go: Permission denied
rm: /var/folders/x5/_jwxtjjx347635h39vn8hcxm0000gn/T//ak2-prehearse.flRglu/home/go/pkg/mod/github.com/aws/aws-sdk-go-v2/internal/v4a@v1.5.4/internal/v4/headers.go: Permission denied
rm: /var/folders/x5/_jwxtjjx347635h39vn8hcxm0000gn/T//ak2-prehearse.flRglu/home/go/pkg/mod/github.com/aws/aws-sdk-go-v2/internal/v4a@v1.5.4/internal/v4: Permission denied
rm: /var/folders/x5/_jwxtjjx347635h39vn8hcxm0000gn/T//ak2-prehearse.flRglu/home/go/pkg/mod/github.com/aws/aws-sdk-go-v2/internal/v4a@v1.5.4/internal: Permission denied
rm: /var/folders/x5/_jwxtjjx347635h39vn8hcxm0000gn/T//ak2-prehearse.flRglu/home/go/pkg/mod/github.com/aws/aws-sdk-go-v2/internal/v4a@v1.5.4/presign_middleware_test.go: Permission denied
rm: /var/folders/x5/_jwxtjjx347635h39vn8hcxm0000gn/T//ak2-prehearse.flRglu/home/go/pkg/mod/github.com/aws/aws-sdk-go-v2/internal/v4a@v1.5.4/go.sum: Permission denied
rm: /var/folders/x5/_jwxtjjx347635h39vn8hcxm0000gn/T//ak2-prehearse.flRglu/home/go/pkg/mod/github.com/aws/aws-sdk-go-v2/internal/v4a@v1.5.4/shared_test.go: Permission denied
rm: /var/folders/x5/_jwxtjjx347635h39vn8hcxm0000gn/T//ak2-prehearse.flRglu/home/go/pkg/mod/github.com/aws/aws-sdk-go-v2/internal/v4a@v1.5.4/v4a_test.go: Permission denied
rm: /var/folders/x5/_jwxtjjx347635h39vn8hcxm0000gn/T//ak2-prehearse.flRglu/home/go/pkg/mod/github.com/aws/aws-sdk-go-v2/internal/v4a@v1.5.4/credentials_test.go: Permission denied
rm: /var/folders/x5/_jwxtjjx347635h39vn8hcxm0000gn/T//ak2-prehearse.flRglu/home/go/pkg/mod/github.com/aws/aws-sdk-go-v2/internal/v4a@v1.5.4/middleware.go: Permission denied
rm: /var/folders/x5/_jwxtjjx347635h39vn8hcxm0000gn/T//ak2-prehearse.flRglu/home/go/pkg/mod/github.com/aws/aws-sdk-go-v2/internal/v4a@v1.5.4/presign_middleware.go: Permission denied
rm: /var/folders/x5/_jwxtjjx347635h39vn8hcxm0000gn/T//ak2-prehearse.flRglu/home/go/pkg/mod/github.com/aws/aws-sdk-go-v2/internal/v4a@v1.5.4/v4a.go: Permission denied
rm: /var/folders/x5/_jwxtjjx347635h39vn8hcxm0000gn/T//ak2-prehearse.flRglu/home/go/pkg/mod/github.com/aws/aws-sdk-go-v2/internal/v4a@v1.5.4/LICENSE.txt: Permission denied
rm: /var/folders/x5/_jwxtjjx347635h39vn8hcxm0000gn/T//ak2-prehearse.flRglu/home/go/pkg/mod/github.com/aws/aws-sdk-go-v2/internal/v4a@v1.5.4: Directory not empty
rm: /var/folders/x5/_jwxtjjx347635h39vn8hcxm0000gn/T//ak2-prehearse.flRglu/home/go/pkg/mod/github.com/aws/aws-sdk-go-v2/internal: Directory not empty
rm: /var/folders/x5/_jwxtjjx347635h39vn8hcxm0000gn/T//ak2-prehearse.flRglu/home/go/pkg/mod/github.com/aws/aws-sdk-go-v2/aws/protocol/eventstream@v1.7.20/decode_test.go: Permission denied
rm: /var/folders/x5/_jwxtjjx347635h39vn8hcxm0000gn/T//ak2-prehearse.flRglu/home/go/pkg/mod/github.com/aws/aws-sdk-go-v2/aws/protocol/eventstream@v1.7.20/header.go: Permission denied
rm: /var/folders/x5/_jwxtjjx347635h39vn8hcxm0000gn/T//ak2-prehearse.flRglu/home/go/pkg/mod/github.com/aws/aws-sdk-go-v2/aws/protocol/eventstream@v1.7.20/header_value.go: Permission denied
rm: /var/folders/x5/_jwxtjjx347635h39vn8hcxm0000gn/T//ak2-prehearse.flRglu/home/go/pkg/mod/github.com/aws/aws-sdk-go-v2/aws/protocol/eventstream@v1.7.20/testdata/encoded/positive/payload_one_str_header: Permission denied
rm: /var/folders/x5/_jwxtjjx347635h39vn8hcxm0000gn/T//ak2-prehearse.flRglu/home/go/pkg/mod/github.com/aws/aws-sdk-go-v2/aws/protocol/eventstream@v1.7.20/testdata/encoded/positive/payload_no_headers: Permission denied
rm: /var/folders/x5/_jwxtjjx347635h39vn8hcxm0000gn/T//ak2-prehearse.flRglu/home/go/pkg/mod/github.com/aws/aws-sdk-go-v2/aws/protocol/eventstream@v1.7.20/testdata/encoded/positive/all_headers: Permission denied
rm: /var/folders/x5/_jwxtjjx347635h39vn8hcxm0000gn/T//ak2-prehearse.flRglu/home/go/pkg/mod/github.com/aws/aws-sdk-go-v2/aws/protocol/eventstream@v1.7.20/testdata/encoded/positive/empty_message: Permission denied
rm: /var/folders/x5/_jwxtjjx347635h39vn8hcxm0000gn/T//ak2-prehearse.flRglu/home/go/pkg/mod/github.com/aws/aws-sdk-go-v2/aws/protocol/eventstream@v1.7.20/testdata/encoded/positive/int32_header: Permission denied
rm: /var/folders/x5/_jwxtjjx347635h39vn8hcxm0000gn/T//ak2-prehearse.flRglu/home/go/pkg/mod/github.com/aws/aws-sdk-go-v2/aws/protocol/eventstream@v1.7.20/testdata/encoded/positive: Permission denied
rm: /var/folders/x5/_jwxtjjx347635h39vn8hcxm0000gn/T//ak2-prehearse.flRglu/home/go/pkg/mod/github.com/aws/aws-sdk-go-v2/aws/protocol/eventstream@v1.7.20/testdata/encoded/negative/corrupted_payload: Permission denied
rm: /var/folders/x5/_jwxtjjx347635h39vn8hcxm0000gn/T//ak2-prehearse.flRglu/home/go/pkg/mod/github.com/aws/aws-sdk-go-v2/aws/protocol/eventstream@v1.7.20/testdata/encoded/negative/corrupted_length: Permission denied
rm: /var/folders/x5/_jwxtjjx347635h39vn8hcxm0000gn/T//ak2-prehearse.flRglu/home/go/pkg/mod/github.com/aws/aws-sdk-go-v2/aws/protocol/eventstream@v1.7.20/testdata/encoded/negative/corrupted_header_len: Permission denied
rm: /var/folders/x5/_jwxtjjx347635h39vn8hcxm0000gn/T//ak2-prehearse.flRglu/home/go/pkg/mod/github.com/aws/aws-sdk-go-v2/aws/protocol/eventstream@v1.7.20/testdata/encoded/negative/corrupted_headers: Permission denied
rm: /var/folders/x5/_jwxtjjx347635h39vn8hcxm0000gn/T//ak2-prehearse.flRglu/home/go/pkg/mod/github.com/aws/aws-sdk-go-v2/aws/protocol/eventstream@v1.7.20/testdata/encoded/negative: Permission denied
rm: /var/folders/x5/_jwxtjjx347635h39vn8hcxm0000gn/T//ak2-prehearse.flRglu/home/go/pkg/mod/github.com/aws/aws-sdk-go-v2/aws/protocol/eventstream@v1.7.20/testdata/encoded: Permission denied
rm: /var/folders/x5/_jwxtjjx347635h39vn8hcxm0000gn/T//ak2-prehearse.flRglu/home/go/pkg/mod/github.com/aws/aws-sdk-go-v2/aws/protocol/eventstream@v1.7.20/testdata/decoded/positive/payload_one_str_header: Permission denied
rm: /var/folders/x5/_jwxtjjx347635h39vn8hcxm0000gn/T//ak2-prehearse.flRglu/home/go/pkg/mod/github.com/aws/aws-sdk-go-v2/aws/protocol/eventstream@v1.7.20/testdata/decoded/positive/payload_no_headers: Permission denied
rm: /var/folders/x5/_jwxtjjx347635h39vn8hcxm0000gn/T//ak2-prehearse.flRglu/home/go/pkg/mod/github.com/aws/aws-sdk-go-v2/aws/protocol/eventstream@v1.7.20/testdata/decoded/positive/all_headers: Permission denied
rm: /var/folders/x5/_jwxtjjx347635h39vn8hcxm0000gn/T//ak2-prehearse.flRglu/home/go/pkg/mod/github.com/aws/aws-sdk-go-v2/aws/protocol/eventstream@v1.7.20/testdata/decoded/positive/empty_message: Permission denied
rm: /var/folders/x5/_jwxtjjx347635h39vn8hcxm0000gn/T//ak2-prehearse.flRglu/home/go/pkg/mod/github.com/aws/aws-sdk-go-v2/aws/protocol/eventstream@v1.7.20/testdata/decoded/positive/int32_header: Permission denied
rm: /var/folders/x5/_jwxtjjx347635h39vn8hcxm0000gn/T//ak2-prehearse.flRglu/home/go/pkg/mod/github.com/aws/aws-sdk-go-v2/aws/protocol/eventstream@v1.7.20/testdata/decoded/positive: Permission denied
rm: /var/folders/x5/_jwxtjjx347635h39vn8hcxm0000gn/T//ak2-prehearse.flRglu/home/go/pkg/mod/github.com/aws/aws-sdk-go-v2/aws/protocol/eventstream@v1.7.20/testdata/decoded/negative/corrupted_payload: Permission denied
rm: /var/folders/x5/_jwxtjjx347635h39vn8hcxm0000gn/T//ak2-prehearse.flRglu/home/go/pkg/mod/github.com/aws/aws-sdk-go-v2/aws/protocol/eventstream@v1.7.20/testdata/decoded/negative/corrupted_length: Permission denied
rm: /var/folders/x5/_jwxtjjx347635h39vn8hcxm0000gn/T//ak2-prehearse.flRglu/home/go/pkg/mod/github.com/aws/aws-sdk-go-v2/aws/protocol/eventstream@v1.7.20/testdata/decoded/negative/corrupted_header_len: Permission denied
rm: /var/folders/x5/_jwxtjjx347635h39vn8hcxm0000gn/T//ak2-prehearse.flRglu/home/go/pkg/mod/github.com/aws/aws-sdk-go-v2/aws/protocol/eventstream@v1.7.20/testdata/decoded/negative/corrupted_headers: Permission denied
rm: /var/folders/x5/_jwxtjjx347635h39vn8hcxm0000gn/T//ak2-prehearse.flRglu/home/go/pkg/mod/github.com/aws/aws-sdk-go-v2/aws/protocol/eventstream@v1.7.20/testdata/decoded/negative: Permission denied
rm: /var/folders/x5/_jwxtjjx347635h39vn8hcxm0000gn/T//ak2-prehearse.flRglu/home/go/pkg/mod/github.com/aws/aws-sdk-go-v2/aws/protocol/eventstream@v1.7.20/testdata/decoded: Permission denied
rm: /var/folders/x5/_jwxtjjx347635h39vn8hcxm0000gn/T//ak2-prehearse.flRglu/home/go/pkg/mod/github.com/aws/aws-sdk-go-v2/aws/protocol/eventstream@v1.7.20/testdata: Permission denied
rm: /var/folders/x5/_jwxtjjx347635h39vn8hcxm0000gn/T//ak2-prehearse.flRglu/home/go/pkg/mod/github.com/aws/aws-sdk-go-v2/aws/protocol/eventstream@v1.7.20/encode.go: Permission denied
rm: /var/folders/x5/_jwxtjjx347635h39vn8hcxm0000gn/T//ak2-prehearse.flRglu/home/go/pkg/mod/github.com/aws/aws-sdk-go-v2/aws/protocol/eventstream@v1.7.20/error.go: Permission denied
rm: /var/folders/x5/_jwxtjjx347635h39vn8hcxm0000gn/T//ak2-prehearse.flRglu/home/go/pkg/mod/github.com/aws/aws-sdk-go-v2/aws/protocol/eventstream@v1.7.20/go.mod: Permission denied
rm: /var/folders/x5/_jwxtjjx347635h39vn8hcxm0000gn/T//ak2-prehearse.flRglu/home/go/pkg/mod/github.com/aws/aws-sdk-go-v2/aws/protocol/eventstream@v1.7.20/CHANGELOG.md: Permission denied
rm: /var/folders/x5/_jwxtjjx347635h39vn8hcxm0000gn/T//ak2-prehearse.flRglu/home/go/pkg/mod/github.com/aws/aws-sdk-go-v2/aws/protocol/eventstream@v1.7.20/eventstreamapi/transport.go: Permission denied
rm: /var/folders/x5/_jwxtjjx347635h39vn8hcxm0000gn/T//ak2-prehearse.flRglu/home/go/pkg/mod/github.com/aws/aws-sdk-go-v2/aws/protocol/eventstream@v1.7.20/eventstreamapi/transport_go117.go: Permission denied
rm: /var/folders/x5/_jwxtjjx347635h39vn8hcxm0000gn/T//ak2-prehearse.flRglu/home/go/pkg/mod/github.com/aws/aws-sdk-go-v2/aws/protocol/eventstream@v1.7.20/eventstreamapi/middleware.go: Permission denied
rm: /var/folders/x5/_jwxtjjx347635h39vn8hcxm0000gn/T//ak2-prehearse.flRglu/home/go/pkg/mod/github.com/aws/aws-sdk-go-v2/aws/protocol/eventstream@v1.7.20/eventstreamapi/headers.go: Permission denied
rm: /var/folders/x5/_jwxtjjx347635h39vn8hcxm0000gn/T//ak2-prehearse.flRglu/home/go/pkg/mod/github.com/aws/aws-sdk-go-v2/aws/protocol/eventstream@v1.7.20/eventstreamapi: Permission denied
rm: /var/folders/x5/_jwxtjjx347635h39vn8hcxm0000gn/T//ak2-prehearse.flRglu/home/go/pkg/mod/github.com/aws/aws-sdk-go-v2/aws/protocol/eventstream@v1.7.20/go_module_metadata.go: Permission denied
rm: /var/folders/x5/_jwxtjjx347635h39vn8hcxm0000gn/T//ak2-prehearse.flRglu/home/go/pkg/mod/github.com/aws/aws-sdk-go-v2/aws/protocol/eventstream@v1.7.20/header_test.go: Permission denied
rm: /var/folders/x5/_jwxtjjx347635h39vn8hcxm0000gn/T//ak2-prehearse.flRglu/home/go/pkg/mod/github.com/aws/aws-sdk-go-v2/aws/protocol/eventstream@v1.7.20/message.go: Permission denied
rm: /var/folders/x5/_jwxtjjx347635h39vn8hcxm0000gn/T//ak2-prehearse.flRglu/home/go/pkg/mod/github.com/aws/aws-sdk-go-v2/aws/protocol/eventstream@v1.7.20/go.sum: Permission denied
rm: /var/folders/x5/_jwxtjjx347635h39vn8hcxm0000gn/T//ak2-prehearse.flRglu/home/go/pkg/mod/github.com/aws/aws-sdk-go-v2/aws/protocol/eventstream@v1.7.20/debug.go: Permission denied
rm: /var/folders/x5/_jwxtjjx347635h39vn8hcxm0000gn/T//ak2-prehearse.flRglu/home/go/pkg/mod/github.com/aws/aws-sdk-go-v2/aws/protocol/eventstream@v1.7.20/shared_test.go: Permission denied
rm: /var/folders/x5/_jwxtjjx347635h39vn8hcxm0000gn/T//ak2-prehearse.flRglu/home/go/pkg/mod/github.com/aws/aws-sdk-go-v2/aws/protocol/eventstream@v1.7.20/LICENSE.txt: Permission denied
rm: /var/folders/x5/_jwxtjjx347635h39vn8hcxm0000gn/T//ak2-prehearse.flRglu/home/go/pkg/mod/github.com/aws/aws-sdk-go-v2/aws/protocol/eventstream@v1.7.20/decode.go: Permission denied
rm: /var/folders/x5/_jwxtjjx347635h39vn8hcxm0000gn/T//ak2-prehearse.flRglu/home/go/pkg/mod/github.com/aws/aws-sdk-go-v2/aws/protocol/eventstream@v1.7.20/header_value_test.go: Permission denied
rm: /var/folders/x5/_jwxtjjx347635h39vn8hcxm0000gn/T//ak2-prehearse.flRglu/home/go/pkg/mod/github.com/aws/aws-sdk-go-v2/aws/protocol/eventstream@v1.7.20/encode_test.go: Permission denied
rm: /var/folders/x5/_jwxtjjx347635h39vn8hcxm0000gn/T//ak2-prehearse.flRglu/home/go/pkg/mod/github.com/aws/aws-sdk-go-v2/aws/protocol/eventstream@v1.7.20: Directory not empty
rm: /var/folders/x5/_jwxtjjx347635h39vn8hcxm0000gn/T//ak2-prehearse.flRglu/home/go/pkg/mod/github.com/aws/aws-sdk-go-v2/aws/protocol: Directory not empty
rm: /var/folders/x5/_jwxtjjx347635h39vn8hcxm0000gn/T//ak2-prehearse.flRglu/home/go/pkg/mod/github.com/aws/aws-sdk-go-v2/aws: Directory not empty
rm: /var/folders/x5/_jwxtjjx347635h39vn8hcxm0000gn/T//ak2-prehearse.flRglu/home/go/pkg/mod/github.com/aws/aws-sdk-go-v2/feature/ec2/imds@v1.20.1/api_op_GetIAMInfo.go: Permission denied
rm: /var/folders/x5/_jwxtjjx347635h39vn8hcxm0000gn/T//ak2-prehearse.flRglu/home/go/pkg/mod/github.com/aws/aws-sdk-go-v2/feature/ec2/imds@v1.20.1/go.mod: Permission denied
rm: /var/folders/x5/_jwxtjjx347635h39vn8hcxm0000gn/T//ak2-prehearse.flRglu/home/go/pkg/mod/github.com/aws/aws-sdk-go-v2/feature/ec2/imds@v1.20.1/auth.go: Permission denied
rm: /var/folders/x5/_jwxtjjx347635h39vn8hcxm0000gn/T//ak2-prehearse.flRglu/home/go/pkg/mod/github.com/aws/aws-sdk-go-v2/feature/ec2/imds@v1.20.1/CHANGELOG.md: Permission denied
rm: /var/folders/x5/_jwxtjjx347635h39vn8hcxm0000gn/T//ak2-prehearse.flRglu/home/go/pkg/mod/github.com/aws/aws-sdk-go-v2/feature/ec2/imds@v1.20.1/request_middleware.go: Permission denied
rm: /var/folders/x5/_jwxtjjx347635h39vn8hcxm0000gn/T//ak2-prehearse.flRglu/home/go/pkg/mod/github.com/aws/aws-sdk-go-v2/feature/ec2/imds@v1.20.1/request_middleware_test.go: Permission denied
rm: /var/folders/x5/_jwxtjjx347635h39vn8hcxm0000gn/T//ak2-prehearse.flRglu/home/go/pkg/mod/github.com/aws/aws-sdk-go-v2/feature/ec2/imds@v1.20.1/api_op_GetUserData_test.go: Permission denied
rm: /var/folders/x5/_jwxtjjx347635h39vn8hcxm0000gn/T//ak2-prehearse.flRglu/home/go/pkg/mod/github.com/aws/aws-sdk-go-v2/feature/ec2/imds@v1.20.1/api_op_GetMetadata_test.go: Permission denied
rm: /var/folders/x5/_jwxtjjx347635h39vn8hcxm0000gn/T//ak2-prehearse.flRglu/home/go/pkg/mod/github.com/aws/aws-sdk-go-v2/feature/ec2/imds@v1.20.1/token_provider.go: Permission denied
rm: /var/folders/x5/_jwxtjjx347635h39vn8hcxm0000gn/T//ak2-prehearse.flRglu/home/go/pkg/mod/github.com/aws/aws-sdk-go-v2/feature/ec2/imds@v1.20.1/go_module_metadata.go: Permission denied
rm: /var/folders/x5/_jwxtjjx347635h39vn8hcxm0000gn/T//ak2-prehearse.flRglu/home/go/pkg/mod/github.com/aws/aws-sdk-go-v2/feature/ec2/imds@v1.20.1/api_op_GetToken_test.go: Permission denied
rm: /var/folders/x5/_jwxtjjx347635h39vn8hcxm0000gn/T//ak2-prehearse.flRglu/home/go/pkg/mod/github.com/aws/aws-sdk-go-v2/feature/ec2/imds@v1.20.1/api_op_GetUserData.go: Permission denied
rm: /var/folders/x5/_jwxtjjx347635h39vn8hcxm0000gn/T//ak2-prehearse.flRglu/home/go/pkg/mod/github.com/aws/aws-sdk-go-v2/feature/ec2/imds@v1.20.1/api_op_GetInstanceIdentityDocument_test.go: Permission denied
rm: /var/folders/x5/_jwxtjjx347635h39vn8hcxm0000gn/T//ak2-prehearse.flRglu/home/go/pkg/mod/github.com/aws/aws-sdk-go-v2/feature/ec2/imds@v1.20.1/internal/config/resolvers_test.go: Permission denied
rm: /var/folders/x5/_jwxtjjx347635h39vn8hcxm0000gn/T//ak2-prehearse.flRglu/home/go/pkg/mod/github.com/aws/aws-sdk-go-v2/feature/ec2/imds@v1.20.1/internal/config/resolvers.go: Permission denied
rm: /var/folders/x5/_jwxtjjx347635h39vn8hcxm0000gn/T//ak2-prehearse.flRglu/home/go/pkg/mod/github.com/aws/aws-sdk-go-v2/feature/ec2/imds@v1.20.1/internal/config: Permission denied
rm: /var/folders/x5/_jwxtjjx347635h39vn8hcxm0000gn/T//ak2-prehearse.flRglu/home/go/pkg/mod/github.com/aws/aws-sdk-go-v2/feature/ec2/imds@v1.20.1/internal: Permission denied
rm: /var/folders/x5/_jwxtjjx347635h39vn8hcxm0000gn/T//ak2-prehearse.flRglu/home/go/pkg/mod/github.com/aws/aws-sdk-go-v2/feature/ec2/imds@v1.20.1/go.sum: Permission denied
rm: /var/folders/x5/_jwxtjjx347635h39vn8hcxm0000gn/T//ak2-prehearse.flRglu/home/go/pkg/mod/github.com/aws/aws-sdk-go-v2/feature/ec2/imds@v1.20.1/api_op_GetRegion.go: Permission denied
rm: /var/folders/x5/_jwxtjjx347635h39vn8hcxm0000gn/T//ak2-prehearse.flRglu/home/go/pkg/mod/github.com/aws/aws-sdk-go-v2/feature/ec2/imds@v1.20.1/api_client_test.go: Permission denied
rm: /var/folders/x5/_jwxtjjx347635h39vn8hcxm0000gn/T//ak2-prehearse.flRglu/home/go/pkg/mod/github.com/aws/aws-sdk-go-v2/feature/ec2/imds@v1.20.1/shared_test.go: Permission denied
rm: /var/folders/x5/_jwxtjjx347635h39vn8hcxm0000gn/T//ak2-prehearse.flRglu/home/go/pkg/mod/github.com/aws/aws-sdk-go-v2/feature/ec2/imds@v1.20.1/doc.go: Permission denied
rm: /var/folders/x5/_jwxtjjx347635h39vn8hcxm0000gn/T//ak2-prehearse.flRglu/home/go/pkg/mod/github.com/aws/aws-sdk-go-v2/feature/ec2/imds@v1.20.1/api_op_GetIAMInfo_test.go: Permission denied
rm: /var/folders/x5/_jwxtjjx347635h39vn8hcxm0000gn/T//ak2-prehearse.flRglu/home/go/pkg/mod/github.com/aws/aws-sdk-go-v2/feature/ec2/imds@v1.20.1/integration_test.go: Permission denied
rm: /var/folders/x5/_jwxtjjx347635h39vn8hcxm0000gn/T//ak2-prehearse.flRglu/home/go/pkg/mod/github.com/aws/aws-sdk-go-v2/feature/ec2/imds@v1.20.1/LICENSE.txt: Permission denied
rm: /var/folders/x5/_jwxtjjx347635h39vn8hcxm0000gn/T//ak2-prehearse.flRglu/home/go/pkg/mod/github.com/aws/aws-sdk-go-v2/feature/ec2/imds@v1.20.1/api_op_GetMetadata.go: Permission denied
rm: /var/folders/x5/_jwxtjjx347635h39vn8hcxm0000gn/T//ak2-prehearse.flRglu/home/go/pkg/mod/github.com/aws/aws-sdk-go-v2/feature/ec2/imds@v1.20.1/endpoints.go: Permission denied
rm: /var/folders/x5/_jwxtjjx347635h39vn8hcxm0000gn/T//ak2-prehearse.flRglu/home/go/pkg/mod/github.com/aws/aws-sdk-go-v2/feature/ec2/imds@v1.20.1/api_client.go: Permission denied
rm: /var/folders/x5/_jwxtjjx347635h39vn8hcxm0000gn/T//ak2-prehearse.flRglu/home/go/pkg/mod/github.com/aws/aws-sdk-go-v2/feature/ec2/imds@v1.20.1/api_op_GetRegion_test.go: Permission denied
rm: /var/folders/x5/_jwxtjjx347635h39vn8hcxm0000gn/T//ak2-prehearse.flRglu/home/go/pkg/mod/github.com/aws/aws-sdk-go-v2/feature/ec2/imds@v1.20.1/api_op_GetDynamicData_test.go: Permission denied
rm: /var/folders/x5/_jwxtjjx347635h39vn8hcxm0000gn/T//ak2-prehearse.flRglu/home/go/pkg/mod/github.com/aws/aws-sdk-go-v2/feature/ec2/imds@v1.20.1/api_op_GetToken.go: Permission denied
rm: /var/folders/x5/_jwxtjjx347635h39vn8hcxm0000gn/T//ak2-prehearse.flRglu/home/go/pkg/mod/github.com/aws/aws-sdk-go-v2/feature/ec2/imds@v1.20.1/api_op_GetInstanceIdentityDocument.go: Permission denied
rm: /var/folders/x5/_jwxtjjx347635h39vn8hcxm0000gn/T//ak2-prehearse.flRglu/home/go/pkg/mod/github.com/aws/aws-sdk-go-v2/feature/ec2/imds@v1.20.1/api_op_GetDynamicData.go: Permission denied
rm: /var/folders/x5/_jwxtjjx347635h39vn8hcxm0000gn/T//ak2-prehearse.flRglu/home/go/pkg/mod/github.com/aws/aws-sdk-go-v2/feature/ec2/imds@v1.20.1: Directory not empty
rm: /var/folders/x5/_jwxtjjx347635h39vn8hcxm0000gn/T//ak2-prehearse.flRglu/home/go/pkg/mod/github.com/aws/aws-sdk-go-v2/feature/ec2: Directory not empty
rm: /var/folders/x5/_jwxtjjx347635h39vn8hcxm0000gn/T//ak2-prehearse.flRglu/home/go/pkg/mod/github.com/aws/aws-sdk-go-v2/feature: Directory not empty
rm: /var/folders/x5/_jwxtjjx347635h39vn8hcxm0000gn/T//ak2-prehearse.flRglu/home/go/pkg/mod/github.com/aws/aws-sdk-go-v2/service/sso@v1.38.2/deserializers.go: Permission denied
rm: /var/folders/x5/_jwxtjjx347635h39vn8hcxm0000gn/T//ak2-prehearse.flRglu/home/go/pkg/mod/github.com/aws/aws-sdk-go-v2/service/sso@v1.38.2/api_op_GetRoleCredentials.go: Permission denied
rm: /var/folders/x5/_jwxtjjx347635h39vn8hcxm0000gn/T//ak2-prehearse.flRglu/home/go/pkg/mod/github.com/aws/aws-sdk-go-v2/service/sso@v1.38.2/snapshot/api_op_ListAccountRoles.go.snap: Permission denied
rm: /var/folders/x5/_jwxtjjx347635h39vn8hcxm0000gn/T//ak2-prehearse.flRglu/home/go/pkg/mod/github.com/aws/aws-sdk-go-v2/service/sso@v1.38.2/snapshot/api_op_GetRoleCredentials.go.snap: Permission denied
rm: /var/folders/x5/_jwxtjjx347635h39vn8hcxm0000gn/T//ak2-prehearse.flRglu/home/go/pkg/mod/github.com/aws/aws-sdk-go-v2/service/sso@v1.38.2/snapshot/api_op_Logout.go.snap: Permission denied
rm: /var/folders/x5/_jwxtjjx347635h39vn8hcxm0000gn/T//ak2-prehearse.flRglu/home/go/pkg/mod/github.com/aws/aws-sdk-go-v2/service/sso@v1.38.2/snapshot/api_op_ListAccounts.go.snap: Permission denied
rm: /var/folders/x5/_jwxtjjx347635h39vn8hcxm0000gn/T//ak2-prehearse.flRglu/home/go/pkg/mod/github.com/aws/aws-sdk-go-v2/service/sso@v1.38.2/snapshot: Permission denied
rm: /var/folders/x5/_jwxtjjx347635h39vn8hcxm0000gn/T//ak2-prehearse.flRglu/home/go/pkg/mod/github.com/aws/aws-sdk-go-v2/service/sso@v1.38.2/go.mod: Permission denied
rm: /var/folders/x5/_jwxtjjx347635h39vn8hcxm0000gn/T//ak2-prehearse.flRglu/home/go/pkg/mod/github.com/aws/aws-sdk-go-v2/service/sso@v1.38.2/types/types.go: Permission denied
rm: /var/folders/x5/_jwxtjjx347635h39vn8hcxm0000gn/T//ak2-prehearse.flRglu/home/go/pkg/mod/github.com/aws/aws-sdk-go-v2/service/sso@v1.38.2/types/errors.go: Permission denied
rm: /var/folders/x5/_jwxtjjx347635h39vn8hcxm0000gn/T//ak2-prehearse.flRglu/home/go/pkg/mod/github.com/aws/aws-sdk-go-v2/service/sso@v1.38.2/types: Permission denied
rm: /var/folders/x5/_jwxtjjx347635h39vn8hcxm0000gn/T//ak2-prehearse.flRglu/home/go/pkg/mod/github.com/aws/aws-sdk-go-v2/service/sso@v1.38.2/request_snapshot_test.go: Permission denied
rm: /var/folders/x5/_jwxtjjx347635h39vn8hcxm0000gn/T//ak2-prehearse.flRglu/home/go/pkg/mod/github.com/aws/aws-sdk-go-v2/service/sso@v1.38.2/generated.json: Permission denied
rm: /var/folders/x5/_jwxtjjx347635h39vn8hcxm0000gn/T//ak2-prehearse.flRglu/home/go/pkg/mod/github.com/aws/aws-sdk-go-v2/service/sso@v1.38.2/api_op_ListAccountRoles.go: Permission denied
rm: /var/folders/x5/_jwxtjjx347635h39vn8hcxm0000gn/T//ak2-prehearse.flRglu/home/go/pkg/mod/github.com/aws/aws-sdk-go-v2/service/sso@v1.38.2/auth.go: Permission denied
rm: /var/folders/x5/_jwxtjjx347635h39vn8hcxm0000gn/T//ak2-prehearse.flRglu/home/go/pkg/mod/github.com/aws/aws-sdk-go-v2/service/sso@v1.38.2/options.go: Permission denied
rm: /var/folders/x5/_jwxtjjx347635h39vn8hcxm0000gn/T//ak2-prehearse.flRglu/home/go/pkg/mod/github.com/aws/aws-sdk-go-v2/service/sso@v1.38.2/api_op_Logout.go: Permission denied
rm: /var/folders/x5/_jwxtjjx347635h39vn8hcxm0000gn/T//ak2-prehearse.flRglu/home/go/pkg/mod/github.com/aws/aws-sdk-go-v2/service/sso@v1.38.2/CHANGELOG.md: Permission denied
rm: /var/folders/x5/_jwxtjjx347635h39vn8hcxm0000gn/T//ak2-prehearse.flRglu/home/go/pkg/mod/github.com/aws/aws-sdk-go-v2/service/sso@v1.38.2/api_op_ListAccounts.go: Permission denied
rm: /var/folders/x5/_jwxtjjx347635h39vn8hcxm0000gn/T//ak2-prehearse.flRglu/home/go/pkg/mod/github.com/aws/aws-sdk-go-v2/service/sso@v1.38.2/go_module_metadata.go: Permission denied
rm: /var/folders/x5/_jwxtjjx347635h39vn8hcxm0000gn/T//ak2-prehearse.flRglu/home/go/pkg/mod/github.com/aws/aws-sdk-go-v2/service/sso@v1.38.2/internal/endpoints/endpoints_test.go: Permission denied
rm: /var/folders/x5/_jwxtjjx347635h39vn8hcxm0000gn/T//ak2-prehearse.flRglu/home/go/pkg/mod/github.com/aws/aws-sdk-go-v2/service/sso@v1.38.2/internal/endpoints/endpoints.go: Permission denied
rm: /var/folders/x5/_jwxtjjx347635h39vn8hcxm0000gn/T//ak2-prehearse.flRglu/home/go/pkg/mod/github.com/aws/aws-sdk-go-v2/service/sso@v1.38.2/internal/endpoints: Permission denied
rm: /var/folders/x5/_jwxtjjx347635h39vn8hcxm0000gn/T//ak2-prehearse.flRglu/home/go/pkg/mod/github.com/aws/aws-sdk-go-v2/service/sso@v1.38.2/internal: Permission denied
rm: /var/folders/x5/_jwxtjjx347635h39vn8hcxm0000gn/T//ak2-prehearse.flRglu/home/go/pkg/mod/github.com/aws/aws-sdk-go-v2/service/sso@v1.38.2/serializers.go: Permission denied
rm: /var/folders/x5/_jwxtjjx347635h39vn8hcxm0000gn/T//ak2-prehearse.flRglu/home/go/pkg/mod/github.com/aws/aws-sdk-go-v2/service/sso@v1.38.2/validators.go: Permission denied
rm: /var/folders/x5/_jwxtjjx347635h39vn8hcxm0000gn/T//ak2-prehearse.flRglu/home/go/pkg/mod/github.com/aws/aws-sdk-go-v2/service/sso@v1.38.2/go.sum: Permission denied
rm: /var/folders/x5/_jwxtjjx347635h39vn8hcxm0000gn/T//ak2-prehearse.flRglu/home/go/pkg/mod/github.com/aws/aws-sdk-go-v2/service/sso@v1.38.2/snapshot_test.go: Permission denied
rm: /var/folders/x5/_jwxtjjx347635h39vn8hcxm0000gn/T//ak2-prehearse.flRglu/home/go/pkg/mod/github.com/aws/aws-sdk-go-v2/service/sso@v1.38.2/api_client_test.go: Permission denied
rm: /var/folders/x5/_jwxtjjx347635h39vn8hcxm0000gn/T//ak2-prehearse.flRglu/home/go/pkg/mod/github.com/aws/aws-sdk-go-v2/service/sso@v1.38.2/doc.go: Permission denied
rm: /var/folders/x5/_jwxtjjx347635h39vn8hcxm0000gn/T//ak2-prehearse.flRglu/home/go/pkg/mod/github.com/aws/aws-sdk-go-v2/service/sso@v1.38.2/endpoints_config_test.go: Permission denied
rm: /var/folders/x5/_jwxtjjx347635h39vn8hcxm0000gn/T//ak2-prehearse.flRglu/home/go/pkg/mod/github.com/aws/aws-sdk-go-v2/service/sso@v1.38.2/request_snapshot/ListAccountRoles.request.snap: Permission denied
rm: /var/folders/x5/_jwxtjjx347635h39vn8hcxm0000gn/T//ak2-prehearse.flRglu/home/go/pkg/mod/github.com/aws/aws-sdk-go-v2/service/sso@v1.38.2/request_snapshot/ListAccounts.request.snap: Permission denied
rm: /var/folders/x5/_jwxtjjx347635h39vn8hcxm0000gn/T//ak2-prehearse.flRglu/home/go/pkg/mod/github.com/aws/aws-sdk-go-v2/service/sso@v1.38.2/request_snapshot/Logout.request.snap: Permission denied
rm: /var/folders/x5/_jwxtjjx347635h39vn8hcxm0000gn/T//ak2-prehearse.flRglu/home/go/pkg/mod/github.com/aws/aws-sdk-go-v2/service/sso@v1.38.2/request_snapshot/GetRoleCredentials.request.snap: Permission denied
rm: /var/folders/x5/_jwxtjjx347635h39vn8hcxm0000gn/T//ak2-prehearse.flRglu/home/go/pkg/mod/github.com/aws/aws-sdk-go-v2/service/sso@v1.38.2/request_snapshot: Permission denied
rm: /var/folders/x5/_jwxtjjx347635h39vn8hcxm0000gn/T//ak2-prehearse.flRglu/home/go/pkg/mod/github.com/aws/aws-sdk-go-v2/service/sso@v1.38.2/endpoints_test.go: Permission denied
rm: /var/folders/x5/_jwxtjjx347635h39vn8hcxm0000gn/T//ak2-prehearse.flRglu/home/go/pkg/mod/github.com/aws/aws-sdk-go-v2/service/sso@v1.38.2/LICENSE.txt: Permission denied
rm: /var/folders/x5/_jwxtjjx347635h39vn8hcxm0000gn/T//ak2-prehearse.flRglu/home/go/pkg/mod/github.com/aws/aws-sdk-go-v2/service/sso@v1.38.2/endpoints.go: Permission denied
rm: /var/folders/x5/_jwxtjjx347635h39vn8hcxm0000gn/T//ak2-prehearse.flRglu/home/go/pkg/mod/github.com/aws/aws-sdk-go-v2/service/sso@v1.38.2/response_snapshot_test.go: Permission denied
rm: /var/folders/x5/_jwxtjjx347635h39vn8hcxm0000gn/T//ak2-prehearse.flRglu/home/go/pkg/mod/github.com/aws/aws-sdk-go-v2/service/sso@v1.38.2/api_client.go: Permission denied
rm: /var/folders/x5/_jwxtjjx347635h39vn8hcxm0000gn/T//ak2-prehearse.flRglu/home/go/pkg/mod/github.com/aws/aws-sdk-go-v2/service/sso@v1.38.2/sra_operation_order_test.go: Permission denied
rm: /var/folders/x5/_jwxtjjx347635h39vn8hcxm0000gn/T//ak2-prehearse.flRglu/home/go/pkg/mod/github.com/aws/aws-sdk-go-v2/service/sso@v1.38.2: Directory not empty
rm: /var/folders/x5/_jwxtjjx347635h39vn8hcxm0000gn/T//ak2-prehearse.flRglu/home/go/pkg/mod/github.com/aws/aws-sdk-go-v2/service/internal/accept-encoding@v1.13.19/go.mod: Permission denied
rm: /var/folders/x5/_jwxtjjx347635h39vn8hcxm0000gn/T//ak2-prehearse.flRglu/home/go/pkg/mod/github.com/aws/aws-sdk-go-v2/service/internal/accept-encoding@v1.13.19/CHANGELOG.md: Permission denied
rm: /var/folders/x5/_jwxtjjx347635h39vn8hcxm0000gn/T//ak2-prehearse.flRglu/home/go/pkg/mod/github.com/aws/aws-sdk-go-v2/service/internal/accept-encoding@v1.13.19/go_module_metadata.go: Permission denied
rm: /var/folders/x5/_jwxtjjx347635h39vn8hcxm0000gn/T//ak2-prehearse.flRglu/home/go/pkg/mod/github.com/aws/aws-sdk-go-v2/service/internal/accept-encoding@v1.13.19/accept_encoding_gzip_test.go: Permission denied
rm: /var/folders/x5/_jwxtjjx347635h39vn8hcxm0000gn/T//ak2-prehearse.flRglu/home/go/pkg/mod/github.com/aws/aws-sdk-go-v2/service/internal/accept-encoding@v1.13.19/go.sum: Permission denied
rm: /var/folders/x5/_jwxtjjx347635h39vn8hcxm0000gn/T//ak2-prehearse.flRglu/home/go/pkg/mod/github.com/aws/aws-sdk-go-v2/service/internal/accept-encoding@v1.13.19/doc.go: Permission denied
rm: /var/folders/x5/_jwxtjjx347635h39vn8hcxm0000gn/T//ak2-prehearse.flRglu/home/go/pkg/mod/github.com/aws/aws-sdk-go-v2/service/internal/accept-encoding@v1.13.19/accept_encoding_gzip.go: Permission denied
rm: /var/folders/x5/_jwxtjjx347635h39vn8hcxm0000gn/T//ak2-prehearse.flRglu/home/go/pkg/mod/github.com/aws/aws-sdk-go-v2/service/internal/accept-encoding@v1.13.19/LICENSE.txt: Permission denied
rm: /var/folders/x5/_jwxtjjx347635h39vn8hcxm0000gn/T//ak2-prehearse.flRglu/home/go/pkg/mod/github.com/aws/aws-sdk-go-v2/service/internal/accept-encoding@v1.13.19: Directory not empty
rm: /var/folders/x5/_jwxtjjx347635h39vn8hcxm0000gn/T//ak2-prehearse.flRglu/home/go/pkg/mod/github.com/aws/aws-sdk-go-v2/service/internal/s3shared@v1.20.4/metadata.go: Permission denied
rm: /var/folders/x5/_jwxtjjx347635h39vn8hcxm0000gn/T//ak2-prehearse.flRglu/home/go/pkg/mod/github.com/aws/aws-sdk-go-v2/service/internal/s3shared@v1.20.4/go.mod: Permission denied
rm: /var/folders/x5/_jwxtjjx347635h39vn8hcxm0000gn/T//ak2-prehearse.flRglu/home/go/pkg/mod/github.com/aws/aws-sdk-go-v2/service/internal/s3shared@v1.20.4/CHANGELOG.md: Permission denied
rm: /var/folders/x5/_jwxtjjx347635h39vn8hcxm0000gn/T//ak2-prehearse.flRglu/home/go/pkg/mod/github.com/aws/aws-sdk-go-v2/service/internal/s3shared@v1.20.4/config/config.go: Permission denied
rm: /var/folders/x5/_jwxtjjx347635h39vn8hcxm0000gn/T//ak2-prehearse.flRglu/home/go/pkg/mod/github.com/aws/aws-sdk-go-v2/service/internal/s3shared@v1.20.4/config: Permission denied
rm: /var/folders/x5/_jwxtjjx347635h39vn8hcxm0000gn/T//ak2-prehearse.flRglu/home/go/pkg/mod/github.com/aws/aws-sdk-go-v2/service/internal/s3shared@v1.20.4/go_module_metadata.go: Permission denied
rm: /var/folders/x5/_jwxtjjx347635h39vn8hcxm0000gn/T//ak2-prehearse.flRglu/home/go/pkg/mod/github.com/aws/aws-sdk-go-v2/service/internal/s3shared@v1.20.4/arn/outpost_arn_test.go: Permission denied
rm: /var/folders/x5/_jwxtjjx347635h39vn8hcxm0000gn/T//ak2-prehearse.flRglu/home/go/pkg/mod/github.com/aws/aws-sdk-go-v2/service/internal/s3shared@v1.20.4/arn/s3_object_lambda_arn.go: Permission denied
rm: /var/folders/x5/_jwxtjjx347635h39vn8hcxm0000gn/T//ak2-prehearse.flRglu/home/go/pkg/mod/github.com/aws/aws-sdk-go-v2/service/internal/s3shared@v1.20.4/arn/arn.go: Permission denied
rm: /var/folders/x5/_jwxtjjx347635h39vn8hcxm0000gn/T//ak2-prehearse.flRglu/home/go/pkg/mod/github.com/aws/aws-sdk-go-v2/service/internal/s3shared@v1.20.4/arn/arn_test.go: Permission denied
rm: /var/folders/x5/_jwxtjjx347635h39vn8hcxm0000gn/T//ak2-prehearse.flRglu/home/go/pkg/mod/github.com/aws/aws-sdk-go-v2/service/internal/s3shared@v1.20.4/arn/outpost_arn.go: Permission denied
rm: /var/folders/x5/_jwxtjjx347635h39vn8hcxm0000gn/T//ak2-prehearse.flRglu/home/go/pkg/mod/github.com/aws/aws-sdk-go-v2/service/internal/s3shared@v1.20.4/arn/accesspoint_arn_test.go: Permission denied
rm: /var/folders/x5/_jwxtjjx347635h39vn8hcxm0000gn/T//ak2-prehearse.flRglu/home/go/pkg/mod/github.com/aws/aws-sdk-go-v2/service/internal/s3shared@v1.20.4/arn/arn_member.go: Permission denied
rm: /var/folders/x5/_jwxtjjx347635h39vn8hcxm0000gn/T//ak2-prehearse.flRglu/home/go/pkg/mod/github.com/aws/aws-sdk-go-v2/service/internal/s3shared@v1.20.4/arn/accesspoint_arn.go: Permission denied
rm: /var/folders/x5/_jwxtjjx347635h39vn8hcxm0000gn/T//ak2-prehearse.flRglu/home/go/pkg/mod/github.com/aws/aws-sdk-go-v2/service/internal/s3shared@v1.20.4/arn: Permission denied
rm: /var/folders/x5/_jwxtjjx347635h39vn8hcxm0000gn/T//ak2-prehearse.flRglu/home/go/pkg/mod/github.com/aws/aws-sdk-go-v2/service/internal/s3shared@v1.20.4/response_error.go: Permission denied
rm: /var/folders/x5/_jwxtjjx347635h39vn8hcxm0000gn/T//ak2-prehearse.flRglu/home/go/pkg/mod/github.com/aws/aws-sdk-go-v2/service/internal/s3shared@v1.20.4/s3100continue_test.go: Permission denied
rm: /var/folders/x5/_jwxtjjx347635h39vn8hcxm0000gn/T//ak2-prehearse.flRglu/home/go/pkg/mod/github.com/aws/aws-sdk-go-v2/service/internal/s3shared@v1.20.4/endpoint_error.go: Permission denied
rm: /var/folders/x5/_jwxtjjx347635h39vn8hcxm0000gn/T//ak2-prehearse.flRglu/home/go/pkg/mod/github.com/aws/aws-sdk-go-v2/service/internal/s3shared@v1.20.4/go.sum: Permission denied
rm: /var/folders/x5/_jwxtjjx347635h39vn8hcxm0000gn/T//ak2-prehearse.flRglu/home/go/pkg/mod/github.com/aws/aws-sdk-go-v2/service/internal/s3shared@v1.20.4/xml_utils.go: Permission denied
rm: /var/folders/x5/_jwxtjjx347635h39vn8hcxm0000gn/T//ak2-prehearse.flRglu/home/go/pkg/mod/github.com/aws/aws-sdk-go-v2/service/internal/s3shared@v1.20.4/update_endpoint.go: Permission denied
rm: /var/folders/x5/_jwxtjjx347635h39vn8hcxm0000gn/T//ak2-prehearse.flRglu/home/go/pkg/mod/github.com/aws/aws-sdk-go-v2/service/internal/s3shared@v1.20.4/metadata_retriever.go: Permission denied
rm: /var/folders/x5/_jwxtjjx347635h39vn8hcxm0000gn/T//ak2-prehearse.flRglu/home/go/pkg/mod/github.com/aws/aws-sdk-go-v2/service/internal/s3shared@v1.20.4/response_error_middleware.go: Permission denied
rm: /var/folders/x5/_jwxtjjx347635h39vn8hcxm0000gn/T//ak2-prehearse.flRglu/home/go/pkg/mod/github.com/aws/aws-sdk-go-v2/service/internal/s3shared@v1.20.4/arn_lookup.go: Permission denied
rm: /var/folders/x5/_jwxtjjx347635h39vn8hcxm0000gn/T//ak2-prehearse.flRglu/home/go/pkg/mod/github.com/aws/aws-sdk-go-v2/service/internal/s3shared@v1.20.4/resource_request.go: Permission denied
rm: /var/folders/x5/_jwxtjjx347635h39vn8hcxm0000gn/T//ak2-prehearse.flRglu/home/go/pkg/mod/github.com/aws/aws-sdk-go-v2/service/internal/s3shared@v1.20.4/LICENSE.txt: Permission denied
rm: /var/folders/x5/_jwxtjjx347635h39vn8hcxm0000gn/T//ak2-prehearse.flRglu/home/go/pkg/mod/github.com/aws/aws-sdk-go-v2/service/internal/s3shared@v1.20.4/xml_utils_test.go: Permission denied
rm: /var/folders/x5/_jwxtjjx347635h39vn8hcxm0000gn/T//ak2-prehearse.flRglu/home/go/pkg/mod/github.com/aws/aws-sdk-go-v2/service/internal/s3shared@v1.20.4/host_id.go: Permission denied
rm: /var/folders/x5/_jwxtjjx347635h39vn8hcxm0000gn/T//ak2-prehearse.flRglu/home/go/pkg/mod/github.com/aws/aws-sdk-go-v2/service/internal/s3shared@v1.20.4/s3100continue.go: Permission denied
rm: /var/folders/x5/_jwxtjjx347635h39vn8hcxm0000gn/T//ak2-prehearse.flRglu/home/go/pkg/mod/github.com/aws/aws-sdk-go-v2/service/internal/s3shared@v1.20.4: Directory not empty
rm: /var/folders/x5/_jwxtjjx347635h39vn8hcxm0000gn/T//ak2-prehearse.flRglu/home/go/pkg/mod/github.com/aws/aws-sdk-go-v2/service/internal/checksum@v1.11.5/algorithms.go: Permission denied
rm: /var/folders/x5/_jwxtjjx347635h39vn8hcxm0000gn/T//ak2-prehearse.flRglu/home/go/pkg/mod/github.com/aws/aws-sdk-go-v2/service/internal/checksum@v1.11.5/go.mod: Permission denied
rm: /var/folders/x5/_jwxtjjx347635h39vn8hcxm0000gn/T//ak2-prehearse.flRglu/home/go/pkg/mod/github.com/aws/aws-sdk-go-v2/service/internal/checksum@v1.11.5/aws_chunked_encoding.go: Permission denied
rm: /var/folders/x5/_jwxtjjx347635h39vn8hcxm0000gn/T//ak2-prehearse.flRglu/home/go/pkg/mod/github.com/aws/aws-sdk-go-v2/service/internal/checksum@v1.11.5/CHANGELOG.md: Permission denied
rm: /var/folders/x5/_jwxtjjx347635h39vn8hcxm0000gn/T//ak2-prehearse.flRglu/home/go/pkg/mod/github.com/aws/aws-sdk-go-v2/service/internal/checksum@v1.11.5/go_module_metadata.go: Permission denied
rm: /var/folders/x5/_jwxtjjx347635h39vn8hcxm0000gn/T//ak2-prehearse.flRglu/home/go/pkg/mod/github.com/aws/aws-sdk-go-v2/service/internal/checksum@v1.11.5/middleware_validate_output_test.go: Permission denied
rm: /var/folders/x5/_jwxtjjx347635h39vn8hcxm0000gn/T//ak2-prehearse.flRglu/home/go/pkg/mod/github.com/aws/aws-sdk-go-v2/service/internal/checksum@v1.11.5/middleware_checksum_metrics_tracking_test.go: Permission denied
rm: /var/folders/x5/_jwxtjjx347635h39vn8hcxm0000gn/T//ak2-prehearse.flRglu/home/go/pkg/mod/github.com/aws/aws-sdk-go-v2/service/internal/checksum@v1.11.5/go.sum: Permission denied
rm: /var/folders/x5/_jwxtjjx347635h39vn8hcxm0000gn/T//ak2-prehearse.flRglu/home/go/pkg/mod/github.com/aws/aws-sdk-go-v2/service/internal/checksum@v1.11.5/middleware_setup_context.go: Permission denied
rm: /var/folders/x5/_jwxtjjx347635h39vn8hcxm0000gn/T//ak2-prehearse.flRglu/home/go/pkg/mod/github.com/aws/aws-sdk-go-v2/service/internal/checksum@v1.11.5/middleware_checksum_metrics_tracking.go: Permission denied
rm: /var/folders/x5/_jwxtjjx347635h39vn8hcxm0000gn/T//ak2-prehearse.flRglu/home/go/pkg/mod/github.com/aws/aws-sdk-go-v2/service/internal/checksum@v1.11.5/middleware_compute_input_checksum_test.go: Permission denied
rm: /var/folders/x5/_jwxtjjx347635h39vn8hcxm0000gn/T//ak2-prehearse.flRglu/home/go/pkg/mod/github.com/aws/aws-sdk-go-v2/service/internal/checksum@v1.11.5/middleware_setup_context_test.go: Permission denied
rm: /var/folders/x5/_jwxtjjx347635h39vn8hcxm0000gn/T//ak2-prehearse.flRglu/home/go/pkg/mod/github.com/aws/aws-sdk-go-v2/service/internal/checksum@v1.11.5/algorithms_test.go: Permission denied
rm: /var/folders/x5/_jwxtjjx347635h39vn8hcxm0000gn/T//ak2-prehearse.flRglu/home/go/pkg/mod/github.com/aws/aws-sdk-go-v2/service/internal/checksum@v1.11.5/LICENSE.txt: Permission denied
rm: /var/folders/x5/_jwxtjjx347635h39vn8hcxm0000gn/T//ak2-prehearse.flRglu/home/go/pkg/mod/github.com/aws/aws-sdk-go-v2/service/internal/checksum@v1.11.5/middleware_add.go: Permission denied
rm: /var/folders/x5/_jwxtjjx347635h39vn8hcxm0000gn/T//ak2-prehearse.flRglu/home/go/pkg/mod/github.com/aws/aws-sdk-go-v2/service/internal/checksum@v1.11.5/aws_chunked_encoding_test.go: Permission denied
rm: /var/folders/x5/_jwxtjjx347635h39vn8hcxm0000gn/T//ak2-prehearse.flRglu/home/go/pkg/mod/github.com/aws/aws-sdk-go-v2/service/internal/checksum@v1.11.5/middleware_compute_input_checksum.go: Permission denied
rm: /var/folders/x5/_jwxtjjx347635h39vn8hcxm0000gn/T//ak2-prehearse.flRglu/home/go/pkg/mod/github.com/aws/aws-sdk-go-v2/service/internal/checksum@v1.11.5/middleware_add_test.go: Permission denied
rm: /var/folders/x5/_jwxtjjx347635h39vn8hcxm0000gn/T//ak2-prehearse.flRglu/home/go/pkg/mod/github.com/aws/aws-sdk-go-v2/service/internal/checksum@v1.11.5/middleware_validate_output.go: Permission denied
rm: /var/folders/x5/_jwxtjjx347635h39vn8hcxm0000gn/T//ak2-prehearse.flRglu/home/go/pkg/mod/github.com/aws/aws-sdk-go-v2/service/internal/checksum@v1.11.5: Directory not empty
rm: /var/folders/x5/_jwxtjjx347635h39vn8hcxm0000gn/T//ak2-prehearse.flRglu/home/go/pkg/mod/github.com/aws/aws-sdk-go-v2/service/internal/presigned-url@v1.14.4/go.mod: Permission denied
rm: /var/folders/x5/_jwxtjjx347635h39vn8hcxm0000gn/T//ak2-prehearse.flRglu/home/go/pkg/mod/github.com/aws/aws-sdk-go-v2/service/internal/presigned-url@v1.14.4/CHANGELOG.md: Permission denied
rm: /var/folders/x5/_jwxtjjx347635h39vn8hcxm0000gn/T//ak2-prehearse.flRglu/home/go/pkg/mod/github.com/aws/aws-sdk-go-v2/service/internal/presigned-url@v1.14.4/middleware_test.go: Permission denied
rm: /var/folders/x5/_jwxtjjx347635h39vn8hcxm0000gn/T//ak2-prehearse.flRglu/home/go/pkg/mod/github.com/aws/aws-sdk-go-v2/service/internal/presigned-url@v1.14.4/go_module_metadata.go: Permission denied
rm: /var/folders/x5/_jwxtjjx347635h39vn8hcxm0000gn/T//ak2-prehearse.flRglu/home/go/pkg/mod/github.com/aws/aws-sdk-go-v2/service/internal/presigned-url@v1.14.4/go.sum: Permission denied
rm: /var/folders/x5/_jwxtjjx347635h39vn8hcxm0000gn/T//ak2-prehearse.flRglu/home/go/pkg/mod/github.com/aws/aws-sdk-go-v2/service/internal/presigned-url@v1.14.4/doc.go: Permission denied
rm: /var/folders/x5/_jwxtjjx347635h39vn8hcxm0000gn/T//ak2-prehearse.flRglu/home/go/pkg/mod/github.com/aws/aws-sdk-go-v2/service/internal/presigned-url@v1.14.4/context.go: Permission denied
rm: /var/folders/x5/_jwxtjjx347635h39vn8hcxm0000gn/T//ak2-prehearse.flRglu/home/go/pkg/mod/github.com/aws/aws-sdk-go-v2/service/internal/presigned-url@v1.14.4/middleware.go: Permission denied
rm: /var/folders/x5/_jwxtjjx347635h39vn8hcxm0000gn/T//ak2-prehearse.flRglu/home/go/pkg/mod/github.com/aws/aws-sdk-go-v2/service/internal/presigned-url@v1.14.4/LICENSE.txt: Permission denied
rm: /var/folders/x5/_jwxtjjx347635h39vn8hcxm0000gn/T//ak2-prehearse.flRglu/home/go/pkg/mod/github.com/aws/aws-sdk-go-v2/service/internal/presigned-url@v1.14.4: Directory not empty
rm: /var/folders/x5/_jwxtjjx347635h39vn8hcxm0000gn/T//ak2-prehearse.flRglu/home/go/pkg/mod/github.com/aws/aws-sdk-go-v2/service/internal: Directory not empty
rm: /var/folders/x5/_jwxtjjx347635h39vn8hcxm0000gn/T//ak2-prehearse.flRglu/home/go/pkg/mod/github.com/aws/aws-sdk-go-v2/service/s3@v1.114.1/api_op_PutBucketIntelligentTieringConfiguration.go: Permission denied
rm: /var/folders/x5/_jwxtjjx347635h39vn8hcxm0000gn/T//ak2-prehearse.flRglu/home/go/pkg/mod/github.com/aws/aws-sdk-go-v2/service/s3@v1.114.1/api_op_UpdateBucketMetadataJournalTableConfiguration.go: Permission denied
rm: /var/folders/x5/_jwxtjjx347635h39vn8hcxm0000gn/T//ak2-prehearse.flRglu/home/go/pkg/mod/github.com/aws/aws-sdk-go-v2/service/s3@v1.114.1/api_op_CreateSession.go: Permission denied
rm: /var/folders/x5/_jwxtjjx347635h39vn8hcxm0000gn/T//ak2-prehearse.flRglu/home/go/pkg/mod/github.com/aws/aws-sdk-go-v2/service/s3@v1.114.1/api_op_PutObjectTagging.go: Permission denied
rm: /var/folders/x5/_jwxtjjx347635h39vn8hcxm0000gn/T//ak2-prehearse.flRglu/home/go/pkg/mod/github.com/aws/aws-sdk-go-v2/service/s3@v1.114.1/api_op_CreateBucketMetadataTableConfiguration.go: Permission denied
rm: /var/folders/x5/_jwxtjjx347635h39vn8hcxm0000gn/T//ak2-prehearse.flRglu/home/go/pkg/mod/github.com/aws/aws-sdk-go-v2/service/s3@v1.114.1/api_op_DeleteBucketInventoryConfiguration.go: Permission denied
rm: /var/folders/x5/_jwxtjjx347635h39vn8hcxm0000gn/T//ak2-prehearse.flRglu/home/go/pkg/mod/github.com/aws/aws-sdk-go-v2/service/s3@v1.114.1/api_op_DeletePublicAccessBlock.go: Permission denied
rm: /var/folders/x5/_jwxtjjx347635h39vn8hcxm0000gn/T//ak2-prehearse.flRglu/home/go/pkg/mod/github.com/aws/aws-sdk-go-v2/service/s3@v1.114.1/api_op_GetBucketRequestPayment.go: Permission denied
rm: /var/folders/x5/_jwxtjjx347635h39vn8hcxm0000gn/T//ak2-prehearse.flRglu/home/go/pkg/mod/github.com/aws/aws-sdk-go-v2/service/s3@v1.114.1/api_op_PutBucketPolicy.go: Permission denied
rm: /var/folders/x5/_jwxtjjx347635h39vn8hcxm0000gn/T//ak2-prehearse.flRglu/home/go/pkg/mod/github.com/aws/aws-sdk-go-v2/service/s3@v1.114.1/deserializers.go: Permission denied
rm: /var/folders/x5/_jwxtjjx347635h39vn8hcxm0000gn/T//ak2-prehearse.flRglu/home/go/pkg/mod/github.com/aws/aws-sdk-go-v2/service/s3@v1.114.1/api_op_PutObjectAnnotation.go: Permission denied
rm: /var/folders/x5/_jwxtjjx347635h39vn8hcxm0000gn/T//ak2-prehearse.flRglu/home/go/pkg/mod/github.com/aws/aws-sdk-go-v2/service/s3@v1.114.1/api_op_ListObjectVersions.go: Permission denied
rm: /var/folders/x5/_jwxtjjx347635h39vn8hcxm0000gn/T//ak2-prehearse.flRglu/home/go/pkg/mod/github.com/aws/aws-sdk-go-v2/service/s3@v1.114.1/handwritten_paginators_test.go: Permission denied
rm: /var/folders/x5/_jwxtjjx347635h39vn8hcxm0000gn/T//ak2-prehearse.flRglu/home/go/pkg/mod/github.com/aws/aws-sdk-go-v2/service/s3@v1.114.1/api_op_GetObjectLegalHold.go: Permission denied
rm: /var/folders/x5/_jwxtjjx347635h39vn8hcxm0000gn/T//ak2-prehearse.flRglu/home/go/pkg/mod/github.com/aws/aws-sdk-go-v2/service/s3@v1.114.1/snapshot/api_op_GetPublicAccessBlock.go.snap: Permission denied
rm: /var/folders/x5/_jwxtjjx347635h39vn8hcxm0000gn/T//ak2-prehearse.flRglu/home/go/pkg/mod/github.com/aws/aws-sdk-go-v2/service/s3@v1.114.1/snapshot/api_op_PutBucketPolicy.go.snap: Permission denied
rm: /var/folders/x5/_jwxtjjx347635h39vn8hcxm0000gn/T//ak2-prehearse.flRglu/home/go/pkg/mod/github.com/aws/aws-sdk-go-v2/service/s3@v1.114.1/snapshot/api_op_GetBucketPolicy.go.snap: Permission denied
rm: /var/folders/x5/_jwxtjjx347635h39vn8hcxm0000gn/T//ak2-prehearse.flRglu/home/go/pkg/mod/github.com/aws/aws-sdk-go-v2/service/s3@v1.114.1/snapshot/api_op_GetObjectLockConfiguration.go.snap: Permission denied
rm: /var/folders/x5/_jwxtjjx347635h39vn8hcxm0000gn/T//ak2-prehearse.flRglu/home/go/pkg/mod/github.com/aws/aws-sdk-go-v2/service/s3@v1.114.1/snapshot/api_op_PutObjectTagging.go.snap: Permission denied
rm: /var/folders/x5/_jwxtjjx347635h39vn8hcxm0000gn/T//ak2-prehearse.flRglu/home/go/pkg/mod/github.com/aws/aws-sdk-go-v2/service/s3@v1.114.1/snapshot/api_op_PutBucketCors.go.snap: Permission denied
rm: /var/folders/x5/_jwxtjjx347635h39vn8hcxm0000gn/T//ak2-prehearse.flRglu/home/go/pkg/mod/github.com/aws/aws-sdk-go-v2/service/s3@v1.114.1/snapshot/api_op_GetBucketAnalyticsConfiguration.go.snap: Permission denied
rm: /var/folders/x5/_jwxtjjx347635h39vn8hcxm0000gn/T//ak2-prehearse.flRglu/home/go/pkg/mod/github.com/aws/aws-sdk-go-v2/service/s3@v1.114.1/snapshot/api_op_ListMultipartUploads.go.snap: Permission denied
rm: /var/folders/x5/_jwxtjjx347635h39vn8hcxm0000gn/T//ak2-prehearse.flRglu/home/go/pkg/mod/github.com/aws/aws-sdk-go-v2/service/s3@v1.114.1/snapshot/api_op_DeleteObjectTagging.go.snap: Permission denied
rm: /var/folders/x5/_jwxtjjx347635h39vn8hcxm0000gn/T//ak2-prehearse.flRglu/home/go/pkg/mod/github.com/aws/aws-sdk-go-v2/service/s3@v1.114.1/snapshot/api_op_GetObjectAcl.go.snap: Permission denied
rm: /var/folders/x5/_jwxtjjx347635h39vn8hcxm0000gn/T//ak2-prehearse.flRglu/home/go/pkg/mod/github.com/aws/aws-sdk-go-v2/service/s3@v1.114.1/snapshot/api_op_UpdateBucketMetadataJournalTableConfiguration.go.snap: Permission denied
rm: /var/folders/x5/_jwxtjjx347635h39vn8hcxm0000gn/T//ak2-prehearse.flRglu/home/go/pkg/mod/github.com/aws/aws-sdk-go-v2/service/s3@v1.114.1/snapshot/api_op_CreateBucket.go.snap: Permission denied
rm: /var/folders/x5/_jwxtjjx347635h39vn8hcxm0000gn/T//ak2-prehearse.flRglu/home/go/pkg/mod/github.com/aws/aws-sdk-go-v2/service/s3@v1.114.1/snapshot/api_op_GetBucketLifecycleConfiguration.go.snap: Permission denied
rm: /var/folders/x5/_jwxtjjx347635h39vn8hcxm0000gn/T//ak2-prehearse.flRglu/home/go/pkg/mod/github.com/aws/aws-sdk-go-v2/service/s3@v1.114.1/snapshot/api_op_GetBucketRequestPayment.go.snap: Permission denied
rm: /var/folders/x5/_jwxtjjx347635h39vn8hcxm0000gn/T//ak2-prehearse.flRglu/home/go/pkg/mod/github.com/aws/aws-sdk-go-v2/service/s3@v1.114.1/snapshot/api_op_GetObjectTagging.go.snap: Permission denied
rm: /var/folders/x5/_jwxtjjx347635h39vn8hcxm0000gn/T//ak2-prehearse.flRglu/home/go/pkg/mod/github.com/aws/aws-sdk-go-v2/service/s3@v1.114.1/snapshot/api_op_GetBucketMetricsConfiguration.go.snap: Permission denied
rm: /var/folders/x5/_jwxtjjx347635h39vn8hcxm0000gn/T//ak2-prehearse.flRglu/home/go/pkg/mod/github.com/aws/aws-sdk-go-v2/service/s3@v1.114.1/snapshot/api_op_ListBucketIntelligentTieringConfigurations.go.snap: Permission denied
rm: /var/folders/x5/_jwxtjjx347635h39vn8hcxm0000gn/T//ak2-prehearse.flRglu/home/go/pkg/mod/github.com/aws/aws-sdk-go-v2/service/s3@v1.114.1/snapshot/api_op_DeleteBucketPolicy.go.snap: Permission denied
rm: /var/folders/x5/_jwxtjjx347635h39vn8hcxm0000gn/T//ak2-prehearse.flRglu/home/go/pkg/mod/github.com/aws/aws-sdk-go-v2/service/s3@v1.114.1/snapshot/api_op_PutBucketVersioning.go.snap: Permission denied
rm: /var/folders/x5/_jwxtjjx347635h39vn8hcxm0000gn/T//ak2-prehearse.flRglu/home/go/pkg/mod/github.com/aws/aws-sdk-go-v2/service/s3@v1.114.1/snapshot/api_op_GetBucketReplication.go.snap: Permission denied
rm: /var/folders/x5/_jwxtjjx347635h39vn8hcxm0000gn/T//ak2-prehearse.flRglu/home/go/pkg/mod/github.com/aws/aws-sdk-go-v2/service/s3@v1.114.1/snapshot/api_op_GetBucketPolicyStatus.go.snap: Permission denied
rm: /var/folders/x5/_jwxtjjx347635h39vn8hcxm0000gn/T//ak2-prehearse.flRglu/home/go/pkg/mod/github.com/aws/aws-sdk-go-v2/service/s3@v1.114.1/snapshot/api_op_DeleteObjects.go.snap: Permission denied
rm: /var/folders/x5/_jwxtjjx347635h39vn8hcxm0000gn/T//ak2-prehearse.flRglu/home/go/pkg/mod/github.com/aws/aws-sdk-go-v2/service/s3@v1.114.1/snapshot/api_op_DeleteBucketInventoryConfiguration.go.snap: Permission denied
rm: /var/folders/x5/_jwxtjjx347635h39vn8hcxm0000gn/T//ak2-prehearse.flRglu/home/go/pkg/mod/github.com/aws/aws-sdk-go-v2/service/s3@v1.114.1/snapshot/api_op_PutBucketEncryption.go.snap: Permission denied
rm: /var/folders/x5/_jwxtjjx347635h39vn8hcxm0000gn/T//ak2-prehearse.flRglu/home/go/pkg/mod/github.com/aws/aws-sdk-go-v2/service/s3@v1.114.1/snapshot/api_op_ListBucketAnalyticsConfigurations.go.snap: Permission denied
rm: /var/folders/x5/_jwxtjjx347635h39vn8hcxm0000gn/T//ak2-prehearse.flRglu/home/go/pkg/mod/github.com/aws/aws-sdk-go-v2/service/s3@v1.114.1/snapshot/api_op_PutBucketRequestPayment.go.snap: Permission denied
rm: /var/folders/x5/_jwxtjjx347635h39vn8hcxm0000gn/T//ak2-prehearse.flRglu/home/go/pkg/mod/github.com/aws/aws-sdk-go-v2/service/s3@v1.114.1/snapshot/api_op_PutObjectLockConfiguration.go.snap: Permission denied
rm: /var/folders/x5/_jwxtjjx347635h39vn8hcxm0000gn/T//ak2-prehearse.flRglu/home/go/pkg/mod/github.com/aws/aws-sdk-go-v2/service/s3@v1.114.1/snapshot/api_op_ListBucketInventoryConfigurations.go.snap: Permission denied
rm: /var/folders/x5/_jwxtjjx347635h39vn8hcxm0000gn/T//ak2-prehearse.flRglu/home/go/pkg/mod/github.com/aws/aws-sdk-go-v2/service/s3@v1.114.1/snapshot/api_op_GetBucketLogging.go.snap: Permission denied
rm: /var/folders/x5/_jwxtjjx347635h39vn8hcxm0000gn/T//ak2-prehearse.flRglu/home/go/pkg/mod/github.com/aws/aws-sdk-go-v2/service/s3@v1.114.1/snapshot/api_op_RestoreObject.go.snap: Permission denied
rm: /var/folders/x5/_jwxtjjx347635h39vn8hcxm0000gn/T//ak2-prehearse.flRglu/home/go/pkg/mod/github.com/aws/aws-sdk-go-v2/service/s3@v1.114.1/snapshot/api_op_CreateSession.go.snap: Permission denied
rm: /var/folders/x5/_jwxtjjx347635h39vn8hcxm0000gn/T//ak2-prehearse.flRglu/home/go/pkg/mod/github.com/aws/aws-sdk-go-v2/service/s3@v1.114.1/snapshot/api_op_SelectObjectContent.go.snap: Permission denied
rm: /var/folders/x5/_jwxtjjx347635h39vn8hcxm0000gn/T//ak2-prehearse.flRglu/home/go/pkg/mod/github.com/aws/aws-sdk-go-v2/service/s3@v1.114.1/snapshot/api_op_PutObjectLegalHold.go.snap: Permission denied
rm: /var/folders/x5/_jwxtjjx347635h39vn8hcxm0000gn/T//ak2-prehearse.flRglu/home/go/pkg/mod/github.com/aws/aws-sdk-go-v2/service/s3@v1.114.1/snapshot/api_op_GetBucketAbac.go.snap: Permission denied
rm: /var/folders/x5/_jwxtjjx347635h39vn8hcxm0000gn/T//ak2-prehearse.flRglu/home/go/pkg/mod/github.com/aws/aws-sdk-go-v2/service/s3@v1.114.1/snapshot/api_op_CopyObject.go.snap: Permission denied
rm: /var/folders/x5/_jwxtjjx347635h39vn8hcxm0000gn/T//ak2-prehearse.flRglu/home/go/pkg/mod/github.com/aws/aws-sdk-go-v2/service/s3@v1.114.1/snapshot/api_op_DeletePublicAccessBlock.go.snap: Permission denied
rm: /var/folders/x5/_jwxtjjx347635h39vn8hcxm0000gn/T//ak2-prehearse.flRglu/home/go/pkg/mod/github.com/aws/aws-sdk-go-v2/service/s3@v1.114.1/snapshot/api_op_GetBucketIntelligentTieringConfiguration.go.snap: Permission denied
rm: /var/folders/x5/_jwxtjjx347635h39vn8hcxm0000gn/T//ak2-prehearse.flRglu/home/go/pkg/mod/github.com/aws/aws-sdk-go-v2/service/s3@v1.114.1/snapshot/api_op_PutBucketLogging.go.snap: Permission denied
rm: /var/folders/x5/_jwxtjjx347635h39vn8hcxm0000gn/T//ak2-prehearse.flRglu/home/go/pkg/mod/github.com/aws/aws-sdk-go-v2/service/s3@v1.114.1/snapshot/api_op_DeleteBucketMetricsConfiguration.go.snap: Permission denied
rm: /var/folders/x5/_jwxtjjx347635h39vn8hcxm0000gn/T//ak2-prehearse.flRglu/home/go/pkg/mod/github.com/aws/aws-sdk-go-v2/service/s3@v1.114.1/snapshot/api_op_ListBucketMetricsConfigurations.go.snap: Permission denied
rm: /var/folders/x5/_jwxtjjx347635h39vn8hcxm0000gn/T//ak2-prehearse.flRglu/home/go/pkg/mod/github.com/aws/aws-sdk-go-v2/service/s3@v1.114.1/snapshot/api_op_UpdateObjectEncryption.go.snap: Permission denied
rm: /var/folders/x5/_jwxtjjx347635h39vn8hcxm0000gn/T//ak2-prehearse.flRglu/home/go/pkg/mod/github.com/aws/aws-sdk-go-v2/service/s3@v1.114.1/snapshot/api_op_DeleteBucketEncryption.go.snap: Permission denied
rm: /var/folders/x5/_jwxtjjx347635h39vn8hcxm0000gn/T//ak2-prehearse.flRglu/home/go/pkg/mod/github.com/aws/aws-sdk-go-v2/service/s3@v1.114.1/snapshot/api_op_DeleteBucketAnalyticsConfiguration.go.snap: Permission denied
rm: /var/folders/x5/_jwxtjjx347635h39vn8hcxm0000gn/T//ak2-prehearse.flRglu/home/go/pkg/mod/github.com/aws/aws-sdk-go-v2/service/s3@v1.114.1/snapshot/api_op_GetBucketInventoryConfiguration.go.snap: Permission denied
rm: /var/folders/x5/_jwxtjjx347635h39vn8hcxm0000gn/T//ak2-prehearse.flRglu/home/go/pkg/mod/github.com/aws/aws-sdk-go-v2/service/s3@v1.114.1/snapshot/api_op_UploadPartCopy.go.snap: Permission denied
rm: /var/folders/x5/_jwxtjjx347635h39vn8hcxm0000gn/T//ak2-prehearse.flRglu/home/go/pkg/mod/github.com/aws/aws-sdk-go-v2/service/s3@v1.114.1/snapshot/api_op_GetObjectAnnotation.go.snap: Permission denied
rm: /var/folders/x5/_jwxtjjx347635h39vn8hcxm0000gn/T//ak2-prehearse.flRglu/home/go/pkg/mod/github.com/aws/aws-sdk-go-v2/service/s3@v1.114.1/snapshot/api_op_ListParts.go.snap: Permission denied
rm: /var/folders/x5/_jwxtjjx347635h39vn8hcxm0000gn/T//ak2-prehearse.flRglu/home/go/pkg/mod/github.com/aws/aws-sdk-go-v2/service/s3@v1.114.1/snapshot/api_op_DeleteBucketMetadataTableConfiguration.go.snap: Permission denied
rm: /var/folders/x5/_jwxtjjx347635h39vn8hcxm0000gn/T//ak2-prehearse.flRglu/home/go/pkg/mod/github.com/aws/aws-sdk-go-v2/service/s3@v1.114.1/snapshot/api_op_DeleteBucket.go.snap: Permission denied
rm: /var/folders/x5/_jwxtjjx347635h39vn8hcxm0000gn/T//ak2-prehearse.flRglu/home/go/pkg/mod/github.com/aws/aws-sdk-go-v2/service/s3@v1.114.1/snapshot/api_op_GetBucketAccelerateConfiguration.go.snap: Permission denied
rm: /var/folders/x5/_jwxtjjx347635h39vn8hcxm0000gn/T//ak2-prehearse.flRglu/home/go/pkg/mod/github.com/aws/aws-sdk-go-v2/service/s3@v1.114.1/snapshot/api_op_PutBucketMetricsConfiguration.go.snap: Permission denied
rm: /var/folders/x5/_jwxtjjx347635h39vn8hcxm0000gn/T//ak2-prehearse.flRglu/home/go/pkg/mod/github.com/aws/aws-sdk-go-v2/service/s3@v1.114.1/snapshot/api_op_GetBucketNotificationConfiguration.go.snap: Permission denied
rm: /var/folders/x5/_jwxtjjx347635h39vn8hcxm0000gn/T//ak2-prehearse.flRglu/home/go/pkg/mod/github.com/aws/aws-sdk-go-v2/service/s3@v1.114.1/snapshot/api_op_PutBucketAcl.go.snap: Permission denied
rm: /var/folders/x5/_jwxtjjx347635h39vn8hcxm0000gn/T//ak2-prehearse.flRglu/home/go/pkg/mod/github.com/aws/aws-sdk-go-v2/service/s3@v1.114.1/snapshot/api_op_HeadBucket.go.snap: Permission denied
rm: /var/folders/x5/_jwxtjjx347635h39vn8hcxm0000gn/T//ak2-prehearse.flRglu/home/go/pkg/mod/github.com/aws/aws-sdk-go-v2/service/s3@v1.114.1/snapshot/api_op_DeleteBucketReplication.go.snap: Permission denied
rm: /var/folders/x5/_jwxtjjx347635h39vn8hcxm0000gn/T//ak2-prehearse.flRglu/home/go/pkg/mod/github.com/aws/aws-sdk-go-v2/service/s3@v1.114.1/snapshot/api_op_GetObjectLegalHold.go.snap: Permission denied
rm: /var/folders/x5/_jwxtjjx347635h39vn8hcxm0000gn/T//ak2-prehearse.flRglu/home/go/pkg/mod/github.com/aws/aws-sdk-go-v2/service/s3@v1.114.1/snapshot/api_op_ListObjectsV2.go.snap: Permission denied
rm: /var/folders/x5/_jwxtjjx347635h39vn8hcxm0000gn/T//ak2-prehearse.flRglu/home/go/pkg/mod/github.com/aws/aws-sdk-go-v2/service/s3@v1.114.1/snapshot/api_op_GetBucketOwnershipControls.go.snap: Permission denied
rm: /var/folders/x5/_jwxtjjx347635h39vn8hcxm0000gn/T//ak2-prehearse.flRglu/home/go/pkg/mod/github.com/aws/aws-sdk-go-v2/service/s3@v1.114.1/snapshot/api_op_GetBucketEncryption.go.snap: Permission denied
rm: /var/folders/x5/_jwxtjjx347635h39vn8hcxm0000gn/T//ak2-prehearse.flRglu/home/go/pkg/mod/github.com/aws/aws-sdk-go-v2/service/s3@v1.114.1/snapshot/api_op_GetObject.go.snap: Permission denied
rm: /var/folders/x5/_jwxtjjx347635h39vn8hcxm0000gn/T//ak2-prehearse.flRglu/home/go/pkg/mod/github.com/aws/aws-sdk-go-v2/service/s3@v1.114.1/snapshot/api_op_GetBucketWebsite.go.snap: Permission denied
rm: /var/folders/x5/_jwxtjjx347635h39vn8hcxm0000gn/T//ak2-prehearse.flRglu/home/go/pkg/mod/github.com/aws/aws-sdk-go-v2/service/s3@v1.114.1/snapshot/api_op_DeleteObject.go.snap: Permission denied
rm: /var/folders/x5/_jwxtjjx347635h39vn8hcxm0000gn/T//ak2-prehearse.flRglu/home/go/pkg/mod/github.com/aws/aws-sdk-go-v2/service/s3@v1.114.1/snapshot/api_op_PutObjectRetention.go.snap: Permission denied
rm: /var/folders/x5/_jwxtjjx347635h39vn8hcxm0000gn/T//ak2-prehearse.flRglu/home/go/pkg/mod/github.com/aws/aws-sdk-go-v2/service/s3@v1.114.1/snapshot/api_op_GetBucketVersioning.go.snap: Permission denied
rm: /var/folders/x5/_jwxtjjx347635h39vn8hcxm0000gn/T//ak2-prehearse.flRglu/home/go/pkg/mod/github.com/aws/aws-sdk-go-v2/service/s3@v1.114.1/snapshot/api_op_PutBucketReplication.go.snap: Permission denied
rm: /var/folders/x5/_jwxtjjx347635h39vn8hcxm0000gn/T//ak2-prehearse.flRglu/home/go/pkg/mod/github.com/aws/aws-sdk-go-v2/service/s3@v1.114.1/snapshot/api_op_GetBucketLocation.go.snap: Permission denied
rm: /var/folders/x5/_jwxtjjx347635h39vn8hcxm0000gn/T//ak2-prehearse.flRglu/home/go/pkg/mod/github.com/aws/aws-sdk-go-v2/service/s3@v1.114.1/snapshot/api_op_UpdateBucketMetadataInventoryTableConfiguration.go.snap: Permission denied
rm: /var/folders/x5/_jwxtjjx347635h39vn8hcxm0000gn/T//ak2-prehearse.flRglu/home/go/pkg/mod/github.com/aws/aws-sdk-go-v2/service/s3@v1.114.1/snapshot/api_op_DeleteBucketWebsite.go.snap: Permission denied
rm: /var/folders/x5/_jwxtjjx347635h39vn8hcxm0000gn/T//ak2-prehearse.flRglu/home/go/pkg/mod/github.com/aws/aws-sdk-go-v2/service/s3@v1.114.1/snapshot/api_op_PutBucketWebsite.go.snap: Permission denied
rm: /var/folders/x5/_jwxtjjx347635h39vn8hcxm0000gn/T//ak2-prehearse.flRglu/home/go/pkg/mod/github.com/aws/aws-sdk-go-v2/service/s3@v1.114.1/snapshot/api_op_HeadObject.go.snap: Permission denied
rm: /var/folders/x5/_jwxtjjx347635h39vn8hcxm0000gn/T//ak2-prehearse.flRglu/home/go/pkg/mod/github.com/aws/aws-sdk-go-v2/service/s3@v1.114.1/snapshot/api_op_PutObjectAcl.go.snap: Permission denied
rm: /var/folders/x5/_jwxtjjx347635h39vn8hcxm0000gn/T//ak2-prehearse.flRglu/home/go/pkg/mod/github.com/aws/aws-sdk-go-v2/service/s3@v1.114.1/snapshot/api_op_GetObjectRetention.go.snap: Permission denied
rm: /var/folders/x5/_jwxtjjx347635h39vn8hcxm0000gn/T//ak2-prehearse.flRglu/home/go/pkg/mod/github.com/aws/aws-sdk-go-v2/service/s3@v1.114.1/snapshot/api_op_GetBucketCors.go.snap: Permission denied
rm: /var/folders/x5/_jwxtjjx347635h39vn8hcxm0000gn/T//ak2-prehearse.flRglu/home/go/pkg/mod/github.com/aws/aws-sdk-go-v2/service/s3@v1.114.1/snapshot/api_op_PutBucketLifecycleConfiguration.go.snap: Permission denied
rm: /var/folders/x5/_jwxtjjx347635h39vn8hcxm0000gn/T//ak2-prehearse.flRglu/home/go/pkg/mod/github.com/aws/aws-sdk-go-v2/service/s3@v1.114.1/snapshot/api_op_GetBucketTagging.go.snap: Permission denied
rm: /var/folders/x5/_jwxtjjx347635h39vn8hcxm0000gn/T//ak2-prehearse.flRglu/home/go/pkg/mod/github.com/aws/aws-sdk-go-v2/service/s3@v1.114.1/snapshot/api_op_ListObjectAnnotations.go.snap: Permission denied
rm: /var/folders/x5/_jwxtjjx347635h39vn8hcxm0000gn/T//ak2-prehearse.flRglu/home/go/pkg/mod/github.com/aws/aws-sdk-go-v2/service/s3@v1.114.1/snapshot/api_op_PutBucketAnalyticsConfiguration.go.snap: Permission denied
rm: /var/folders/x5/_jwxtjjx347635h39vn8hcxm0000gn/T//ak2-prehearse.flRglu/home/go/pkg/mod/github.com/aws/aws-sdk-go-v2/service/s3@v1.114.1/snapshot/api_op_DeleteBucketCors.go.snap: Permission denied
rm: /var/folders/x5/_jwxtjjx347635h39vn8hcxm0000gn/T//ak2-prehearse.flRglu/home/go/pkg/mod/github.com/aws/aws-sdk-go-v2/service/s3@v1.114.1/snapshot/api_op_UpdateBucketMetadataAnnotationTableConfiguration.go.snap: Permission denied
rm: /var/folders/x5/_jwxtjjx347635h39vn8hcxm0000gn/T//ak2-prehearse.flRglu/home/go/pkg/mod/github.com/aws/aws-sdk-go-v2/service/s3@v1.114.1/snapshot/api_op_GetBucketMetadataTableConfiguration.go.snap: Permission denied
rm: /var/folders/x5/_jwxtjjx347635h39vn8hcxm0000gn/T//ak2-prehearse.flRglu/home/go/pkg/mod/github.com/aws/aws-sdk-go-v2/service/s3@v1.114.1/snapshot/api_op_DeleteBucketTagging.go.snap: Permission denied
rm: /var/folders/x5/_jwxtjjx347635h39vn8hcxm0000gn/T//ak2-prehearse.flRglu/home/go/pkg/mod/github.com/aws/aws-sdk-go-v2/service/s3@v1.114.1/snapshot/api_op_DeleteBucketIntelligentTieringConfiguration.go.snap: Permission denied
rm: /var/folders/x5/_jwxtjjx347635h39vn8hcxm0000gn/T//ak2-prehearse.flRglu/home/go/pkg/mod/github.com/aws/aws-sdk-go-v2/service/s3@v1.114.1/snapshot/api_op_DeleteObjectAnnotation.go.snap: Permission denied
rm: /var/folders/x5/_jwxtjjx347635h39vn8hcxm0000gn/T//ak2-prehearse.flRglu/home/go/pkg/mod/github.com/aws/aws-sdk-go-v2/service/s3@v1.114.1/snapshot/api_op_PutBucketTagging.go.snap: Permission denied
rm: /var/folders/x5/_jwxtjjx347635h39vn8hcxm0000gn/T//ak2-prehearse.flRglu/home/go/pkg/mod/github.com/aws/aws-sdk-go-v2/service/s3@v1.114.1/snapshot/api_op_PutPublicAccessBlock.go.snap: Permission denied
rm: /var/folders/x5/_jwxtjjx347635h39vn8hcxm0000gn/T//ak2-prehearse.flRglu/home/go/pkg/mod/github.com/aws/aws-sdk-go-v2/service/s3@v1.114.1/snapshot/api_op_ListObjectVersions.go.snap: Permission denied
rm: /var/folders/x5/_jwxtjjx347635h39vn8hcxm0000gn/T//ak2-prehearse.flRglu/home/go/pkg/mod/github.com/aws/aws-sdk-go-v2/service/s3@v1.114.1/snapshot/api_op_ListDirectoryBuckets.go.snap: Permission denied
rm: /var/folders/x5/_jwxtjjx347635h39vn8hcxm0000gn/T//ak2-prehearse.flRglu/home/go/pkg/mod/github.com/aws/aws-sdk-go-v2/service/s3@v1.114.1/snapshot/api_op_PutBucketOwnershipControls.go.snap: Permission denied
rm: /var/folders/x5/_jwxtjjx347635h39vn8hcxm0000gn/T//ak2-prehearse.flRglu/home/go/pkg/mod/github.com/aws/aws-sdk-go-v2/service/s3@v1.114.1/snapshot/api_op_GetBucketMetadataConfiguration.go.snap: Permission denied
rm: /var/folders/x5/_jwxtjjx347635h39vn8hcxm0000gn/T//ak2-prehearse.flRglu/home/go/pkg/mod/github.com/aws/aws-sdk-go-v2/service/s3@v1.114.1/snapshot/api_op_CreateMultipartUpload.go.snap: Permission denied
rm: /var/folders/x5/_jwxtjjx347635h39vn8hcxm0000gn/T//ak2-prehearse.flRglu/home/go/pkg/mod/github.com/aws/aws-sdk-go-v2/service/s3@v1.114.1/snapshot/api_op_CreateBucketMetadataTableConfiguration.go.snap: Permission denied
rm: /var/folders/x5/_jwxtjjx347635h39vn8hcxm0000gn/T//ak2-prehearse.flRglu/home/go/pkg/mod/github.com/aws/aws-sdk-go-v2/service/s3@v1.114.1/snapshot/api_op_AbortMultipartUpload.go.snap: Permission denied
rm: /var/folders/x5/_jwxtjjx347635h39vn8hcxm0000gn/T//ak2-prehearse.flRglu/home/go/pkg/mod/github.com/aws/aws-sdk-go-v2/service/s3@v1.114.1/snapshot/api_op_GetBucketAcl.go.snap: Permission denied
rm: /var/folders/x5/_jwxtjjx347635h39vn8hcxm0000gn/T//ak2-prehearse.flRglu/home/go/pkg/mod/github.com/aws/aws-sdk-go-v2/service/s3@v1.114.1/snapshot/api_op_PutBucketIntelligentTieringConfiguration.go.snap: Permission denied
rm: /var/folders/x5/_jwxtjjx347635h39vn8hcxm0000gn/T//ak2-prehearse.flRglu/home/go/pkg/mod/github.com/aws/aws-sdk-go-v2/service/s3@v1.114.1/snapshot/api_op_PutObjectAnnotation.go.snap: Permission denied
rm: /var/folders/x5/_jwxtjjx347635h39vn8hcxm0000gn/T//ak2-prehearse.flRglu/home/go/pkg/mod/github.com/aws/aws-sdk-go-v2/service/s3@v1.114.1/snapshot/api_op_WriteGetObjectResponse.go.snap: Permission denied
rm: /var/folders/x5/_jwxtjjx347635h39vn8hcxm0000gn/T//ak2-prehearse.flRglu/home/go/pkg/mod/github.com/aws/aws-sdk-go-v2/service/s3@v1.114.1/snapshot/api_op_PutBucketInventoryConfiguration.go.snap: Permission denied
rm: /var/folders/x5/_jwxtjjx347635h39vn8hcxm0000gn/T//ak2-prehearse.flRglu/home/go/pkg/mod/github.com/aws/aws-sdk-go-v2/service/s3@v1.114.1/snapshot/api_op_CompleteMultipartUpload.go.snap: Permission denied
rm: /var/folders/x5/_jwxtjjx347635h39vn8hcxm0000gn/T//ak2-prehearse.flRglu/home/go/pkg/mod/github.com/aws/aws-sdk-go-v2/service/s3@v1.114.1/snapshot/api_op_UploadPart.go.snap: Permission denied
rm: /var/folders/x5/_jwxtjjx347635h39vn8hcxm0000gn/T//ak2-prehearse.flRglu/home/go/pkg/mod/github.com/aws/aws-sdk-go-v2/service/s3@v1.114.1/snapshot/api_op_PutObject.go.snap: Permission denied
rm: /var/folders/x5/_jwxtjjx347635h39vn8hcxm0000gn/T//ak2-prehearse.flRglu/home/go/pkg/mod/github.com/aws/aws-sdk-go-v2/service/s3@v1.114.1/snapshot/api_op_PutBucketAbac.go.snap: Permission denied
rm: /var/folders/x5/_jwxtjjx347635h39vn8hcxm0000gn/T//ak2-prehearse.flRglu/home/go/pkg/mod/github.com/aws/aws-sdk-go-v2/service/s3@v1.114.1/snapshot/api_op_CreateBucketMetadataConfiguration.go.snap: Permission denied
rm: /var/folders/x5/_jwxtjjx347635h39vn8hcxm0000gn/T//ak2-prehearse.flRglu/home/go/pkg/mod/github.com/aws/aws-sdk-go-v2/service/s3@v1.114.1/snapshot/api_op_PutBucketAccelerateConfiguration.go.snap: Permission denied
rm: /var/folders/x5/_jwxtjjx347635h39vn8hcxm0000gn/T//ak2-prehearse.flRglu/home/go/pkg/mod/github.com/aws/aws-sdk-go-v2/service/s3@v1.114.1/snapshot/api_op_ListBuckets.go.snap: Permission denied
rm: /var/folders/x5/_jwxtjjx347635h39vn8hcxm0000gn/T//ak2-prehearse.flRglu/home/go/pkg/mod/github.com/aws/aws-sdk-go-v2/service/s3@v1.114.1/snapshot/api_op_GetObjectTorrent.go.snap: Permission denied
rm: /var/folders/x5/_jwxtjjx347635h39vn8hcxm0000gn/T//ak2-prehearse.flRglu/home/go/pkg/mod/github.com/aws/aws-sdk-go-v2/service/s3@v1.114.1/snapshot/api_op_RenameObject.go.snap: Permission denied
rm: /var/folders/x5/_jwxtjjx347635h39vn8hcxm0000gn/T//ak2-prehearse.flRglu/home/go/pkg/mod/github.com/aws/aws-sdk-go-v2/service/s3@v1.114.1/snapshot/api_op_DeleteBucketLifecycle.go.snap: Permission denied
rm: /var/folders/x5/_jwxtjjx347635h39vn8hcxm0000gn/T//ak2-prehearse.flRglu/home/go/pkg/mod/github.com/aws/aws-sdk-go-v2/service/s3@v1.114.1/snapshot/api_op_DeleteBucketOwnershipControls.go.snap: Permission denied
rm: /var/folders/x5/_jwxtjjx347635h39vn8hcxm0000gn/T//ak2-prehearse.flRglu/home/go/pkg/mod/github.com/aws/aws-sdk-go-v2/service/s3@v1.114.1/snapshot/api_op_PutBucketNotificationConfiguration.go.snap: Permission denied
rm: /var/folders/x5/_jwxtjjx347635h39vn8hcxm0000gn/T//ak2-prehearse.flRglu/home/go/pkg/mod/github.com/aws/aws-sdk-go-v2/service/s3@v1.114.1/snapshot/api_op_ListObjects.go.snap: Permission denied
rm: /var/folders/x5/_jwxtjjx347635h39vn8hcxm0000gn/T//ak2-prehearse.flRglu/home/go/pkg/mod/github.com/aws/aws-sdk-go-v2/service/s3@v1.114.1/snapshot/api_op_GetObjectAttributes.go.snap: Permission denied
rm: /var/folders/x5/_jwxtjjx347635h39vn8hcxm0000gn/T//ak2-prehearse.flRglu/home/go/pkg/mod/github.com/aws/aws-sdk-go-v2/service/s3@v1.114.1/snapshot/api_op_DeleteBucketMetadataConfiguration.go.snap: Permission denied
rm: /var/folders/x5/_jwxtjjx347635h39vn8hcxm0000gn/T//ak2-prehearse.flRglu/home/go/pkg/mod/github.com/aws/aws-sdk-go-v2/service/s3@v1.114.1/snapshot: Permission denied
rm: /var/folders/x5/_jwxtjjx347635h39vn8hcxm0000gn/T//ak2-prehearse.flRglu/home/go/pkg/mod/github.com/aws/aws-sdk-go-v2/service/s3@v1.114.1/api_op_DeleteBucketAnalyticsConfiguration.go: Permission denied
rm: /var/folders/x5/_jwxtjjx347635h39vn8hcxm0000gn/T//ak2-prehearse.flRglu/home/go/pkg/mod/github.com/aws/aws-sdk-go-v2/service/s3@v1.114.1/api_op_PutBucketAcl.go: Permission denied
rm: /var/folders/x5/_jwxtjjx347635h39vn8hcxm0000gn/T//ak2-prehearse.flRglu/home/go/pkg/mod/github.com/aws/aws-sdk-go-v2/service/s3@v1.114.1/api_op_CreateBucket.go: Permission denied
rm: /var/folders/x5/_jwxtjjx347635h39vn8hcxm0000gn/T//ak2-prehearse.flRglu/home/go/pkg/mod/github.com/aws/aws-sdk-go-v2/service/s3@v1.114.1/api_op_PutObjectLockConfiguration.go: Permission denied
rm: /var/folders/x5/_jwxtjjx347635h39vn8hcxm0000gn/T//ak2-prehearse.flRglu/home/go/pkg/mod/github.com/aws/aws-sdk-go-v2/service/s3@v1.114.1/expires_test.go: Permission denied
rm: /var/folders/x5/_jwxtjjx347635h39vn8hcxm0000gn/T//ak2-prehearse.flRglu/home/go/pkg/mod/github.com/aws/aws-sdk-go-v2/service/s3@v1.114.1/api_op_RenameObject.go: Permission denied
rm: /var/folders/x5/_jwxtjjx347635h39vn8hcxm0000gn/T//ak2-prehearse.flRglu/home/go/pkg/mod/github.com/aws/aws-sdk-go-v2/service/s3@v1.114.1/api_op_DeleteBucketMetadataTableConfiguration.go: Permission denied
rm: /var/folders/x5/_jwxtjjx347635h39vn8hcxm0000gn/T//ak2-prehearse.flRglu/home/go/pkg/mod/github.com/aws/aws-sdk-go-v2/service/s3@v1.114.1/go.mod: Permission denied
rm: /var/folders/x5/_jwxtjjx347635h39vn8hcxm0000gn/T//ak2-prehearse.flRglu/home/go/pkg/mod/github.com/aws/aws-sdk-go-v2/service/s3@v1.114.1/api_op_PutBucketVersioning.go: Permission denied
rm: /var/folders/x5/_jwxtjjx347635h39vn8hcxm0000gn/T//ak2-prehearse.flRglu/home/go/pkg/mod/github.com/aws/aws-sdk-go-v2/service/s3@v1.114.1/api_op_GetBucketPolicyStatus.go: Permission denied
rm: /var/folders/x5/_jwxtjjx347635h39vn8hcxm0000gn/T//ak2-prehearse.flRglu/home/go/pkg/mod/github.com/aws/aws-sdk-go-v2/service/s3@v1.114.1/api_op_GetObjectLockConfiguration.go: Permission denied
rm: /var/folders/x5/_jwxtjjx347635h39vn8hcxm0000gn/T//ak2-prehearse.flRglu/home/go/pkg/mod/github.com/aws/aws-sdk-go-v2/service/s3@v1.114.1/api_op_GetBucketIntelligentTieringConfiguration.go: Permission denied
rm: /var/folders/x5/_jwxtjjx347635h39vn8hcxm0000gn/T//ak2-prehearse.flRglu/home/go/pkg/mod/github.com/aws/aws-sdk-go-v2/service/s3@v1.114.1/types/enums.go: Permission denied
rm: /var/folders/x5/_jwxtjjx347635h39vn8hcxm0000gn/T//ak2-prehearse.flRglu/home/go/pkg/mod/github.com/aws/aws-sdk-go-v2/service/s3@v1.114.1/types/types.go: Permission denied
rm: /var/folders/x5/_jwxtjjx347635h39vn8hcxm0000gn/T//ak2-prehearse.flRglu/home/go/pkg/mod/github.com/aws/aws-sdk-go-v2/service/s3@v1.114.1/types/types_exported_test.go: Permission denied
rm: /var/folders/x5/_jwxtjjx347635h39vn8hcxm0000gn/T//ak2-prehearse.flRglu/home/go/pkg/mod/github.com/aws/aws-sdk-go-v2/service/s3@v1.114.1/types/errors.go: Permission denied
rm: /var/folders/x5/_jwxtjjx347635h39vn8hcxm0000gn/T//ak2-prehearse.flRglu/home/go/pkg/mod/github.com/aws/aws-sdk-go-v2/service/s3@v1.114.1/types: Permission denied
rm: /var/folders/x5/_jwxtjjx347635h39vn8hcxm0000gn/T//ak2-prehearse.flRglu/home/go/pkg/mod/github.com/aws/aws-sdk-go-v2/service/s3@v1.114.1/request_snapshot_test.go: Permission denied
rm: /var/folders/x5/_jwxtjjx347635h39vn8hcxm0000gn/T//ak2-prehearse.flRglu/home/go/pkg/mod/github.com/aws/aws-sdk-go-v2/service/s3@v1.114.1/api_op_PutBucketAccelerateConfiguration.go: Permission denied
rm: /var/folders/x5/_jwxtjjx347635h39vn8hcxm0000gn/T//ak2-prehearse.flRglu/home/go/pkg/mod/github.com/aws/aws-sdk-go-v2/service/s3@v1.114.1/api_op_PutBucketAnalyticsConfiguration.go: Permission denied
rm: /var/folders/x5/_jwxtjjx347635h39vn8hcxm0000gn/T//ak2-prehearse.flRglu/home/go/pkg/mod/github.com/aws/aws-sdk-go-v2/service/s3@v1.114.1/api_op_GetBucketPolicy.go: Permission denied
rm: /var/folders/x5/_jwxtjjx347635h39vn8hcxm0000gn/T//ak2-prehearse.flRglu/home/go/pkg/mod/github.com/aws/aws-sdk-go-v2/service/s3@v1.114.1/generated.json: Permission denied
rm: /var/folders/x5/_jwxtjjx347635h39vn8hcxm0000gn/T//ak2-prehearse.flRglu/home/go/pkg/mod/github.com/aws/aws-sdk-go-v2/service/s3@v1.114.1/api_op_PutBucketTagging.go: Permission denied
rm: /var/folders/x5/_jwxtjjx347635h39vn8hcxm0000gn/T//ak2-prehearse.flRglu/home/go/pkg/mod/github.com/aws/aws-sdk-go-v2/service/s3@v1.114.1/api_op_GetPublicAccessBlock.go: Permission denied
rm: /var/folders/x5/_jwxtjjx347635h39vn8hcxm0000gn/T//ak2-prehearse.flRglu/home/go/pkg/mod/github.com/aws/aws-sdk-go-v2/service/s3@v1.114.1/api_op_DeleteBucket.go: Permission denied
rm: /var/folders/x5/_jwxtjjx347635h39vn8hcxm0000gn/T//ak2-prehearse.flRglu/home/go/pkg/mod/github.com/aws/aws-sdk-go-v2/service/s3@v1.114.1/api_op_GetBucketMetadataTableConfiguration.go: Permission denied
rm: /var/folders/x5/_jwxtjjx347635h39vn8hcxm0000gn/T//ak2-prehearse.flRglu/home/go/pkg/mod/github.com/aws/aws-sdk-go-v2/service/s3@v1.114.1/api_op_PutPublicAccessBlock.go: Permission denied
rm: /var/folders/x5/_jwxtjjx347635h39vn8hcxm0000gn/T//ak2-prehearse.flRglu/home/go/pkg/mod/github.com/aws/aws-sdk-go-v2/service/s3@v1.114.1/uri_context.go: Permission denied
rm: /var/folders/x5/_jwxtjjx347635h39vn8hcxm0000gn/T//ak2-prehearse.flRglu/home/go/pkg/mod/github.com/aws/aws-sdk-go-v2/service/s3@v1.114.1/api_op_RestoreObject.go: Permission denied
rm: /var/folders/x5/_jwxtjjx347635h39vn8hcxm0000gn/T//ak2-prehearse.flRglu/home/go/pkg/mod/github.com/aws/aws-sdk-go-v2/service/s3@v1.114.1/auth.go: Permission denied
rm: /var/folders/x5/_jwxtjjx347635h39vn8hcxm0000gn/T//ak2-prehearse.flRglu/home/go/pkg/mod/github.com/aws/aws-sdk-go-v2/service/s3@v1.114.1/api_op_UpdateBucketMetadataAnnotationTableConfiguration.go: Permission denied
rm: /var/folders/x5/_jwxtjjx347635h39vn8hcxm0000gn/T//ak2-prehearse.flRglu/home/go/pkg/mod/github.com/aws/aws-sdk-go-v2/service/s3@v1.114.1/api_op_PutBucketWebsite.go: Permission denied
rm: /var/folders/x5/_jwxtjjx347635h39vn8hcxm0000gn/T//ak2-prehearse.flRglu/home/go/pkg/mod/github.com/aws/aws-sdk-go-v2/service/s3@v1.114.1/api_op_PutBucketCors.go: Permission denied
rm: /var/folders/x5/_jwxtjjx347635h39vn8hcxm0000gn/T//ak2-prehearse.flRglu/home/go/pkg/mod/github.com/aws/aws-sdk-go-v2/service/s3@v1.114.1/options.go: Permission denied
rm: /var/folders/x5/_jwxtjjx347635h39vn8hcxm0000gn/T//ak2-prehearse.flRglu/home/go/pkg/mod/github.com/aws/aws-sdk-go-v2/service/s3@v1.114.1/api_op_GetBucketLogging.go: Permission denied
rm: /var/folders/x5/_jwxtjjx347635h39vn8hcxm0000gn/T//ak2-prehearse.flRglu/home/go/pkg/mod/github.com/aws/aws-sdk-go-v2/service/s3@v1.114.1/api_op_PutBucketRequestPayment.go: Permission denied
rm: /var/folders/x5/_jwxtjjx347635h39vn8hcxm0000gn/T//ak2-prehearse.flRglu/home/go/pkg/mod/github.com/aws/aws-sdk-go-v2/service/s3@v1.114.1/api_op_ListObjectAnnotations.go: Permission denied
rm: /var/folders/x5/_jwxtjjx347635h39vn8hcxm0000gn/T//ak2-prehearse.flRglu/home/go/pkg/mod/github.com/aws/aws-sdk-go-v2/service/s3@v1.114.1/api_op_PutBucketInventoryConfiguration.go: Permission denied
rm: /var/folders/x5/_jwxtjjx347635h39vn8hcxm0000gn/T//ak2-prehearse.flRglu/home/go/pkg/mod/github.com/aws/aws-sdk-go-v2/service/s3@v1.114.1/express_test.go: Permission denied
rm: /var/folders/x5/_jwxtjjx347635h39vn8hcxm0000gn/T//ak2-prehearse.flRglu/home/go/pkg/mod/github.com/aws/aws-sdk-go-v2/service/s3@v1.114.1/api_op_ListBucketAnalyticsConfigurations.go: Permission denied
rm: /var/folders/x5/_jwxtjjx347635h39vn8hcxm0000gn/T//ak2-prehearse.flRglu/home/go/pkg/mod/github.com/aws/aws-sdk-go-v2/service/s3@v1.114.1/CHANGELOG.md: Permission denied
rm: /var/folders/x5/_jwxtjjx347635h39vn8hcxm0000gn/T//ak2-prehearse.flRglu/home/go/pkg/mod/github.com/aws/aws-sdk-go-v2/service/s3@v1.114.1/api_op_DeleteBucketMetricsConfiguration.go: Permission denied
rm: /var/folders/x5/_jwxtjjx347635h39vn8hcxm0000gn/T//ak2-prehearse.flRglu/home/go/pkg/mod/github.com/aws/aws-sdk-go-v2/service/s3@v1.114.1/api_op_DeleteObject.go: Permission denied
rm: /var/folders/x5/_jwxtjjx347635h39vn8hcxm0000gn/T//ak2-prehearse.flRglu/home/go/pkg/mod/github.com/aws/aws-sdk-go-v2/service/s3@v1.114.1/api_op_UpdateBucketMetadataInventoryTableConfiguration.go: Permission denied
rm: /var/folders/x5/_jwxtjjx347635h39vn8hcxm0000gn/T//ak2-prehearse.flRglu/home/go/pkg/mod/github.com/aws/aws-sdk-go-v2/service/s3@v1.114.1/api_op_GetBucketMetadataConfiguration.go: Permission denied
rm: /var/folders/x5/_jwxtjjx347635h39vn8hcxm0000gn/T//ak2-prehearse.flRglu/home/go/pkg/mod/github.com/aws/aws-sdk-go-v2/service/s3@v1.114.1/manual_protocol_test.go: Permission denied
rm: /var/folders/x5/_jwxtjjx347635h39vn8hcxm0000gn/T//ak2-prehearse.flRglu/home/go/pkg/mod/github.com/aws/aws-sdk-go-v2/service/s3@v1.114.1/api_op_CreateBucketMetadataConfiguration.go: Permission denied
rm: /var/folders/x5/_jwxtjjx347635h39vn8hcxm0000gn/T//ak2-prehearse.flRglu/home/go/pkg/mod/github.com/aws/aws-sdk-go-v2/service/s3@v1.114.1/bucketer.go: Permission denied
rm: /var/folders/x5/_jwxtjjx347635h39vn8hcxm0000gn/T//ak2-prehearse.flRglu/home/go/pkg/mod/github.com/aws/aws-sdk-go-v2/service/s3@v1.114.1/go_module_metadata.go: Permission denied
rm: /var/folders/x5/_jwxtjjx347635h39vn8hcxm0000gn/T//ak2-prehearse.flRglu/home/go/pkg/mod/github.com/aws/aws-sdk-go-v2/service/s3@v1.114.1/api_op_GetBucketEncryption.go: Permission denied
rm: /var/folders/x5/_jwxtjjx347635h39vn8hcxm0000gn/T//ak2-prehearse.flRglu/home/go/pkg/mod/github.com/aws/aws-sdk-go-v2/service/s3@v1.114.1/api_op_SelectObjectContent.go: Permission denied
rm: /var/folders/x5/_jwxtjjx347635h39vn8hcxm0000gn/T//ak2-prehearse.flRglu/home/go/pkg/mod/github.com/aws/aws-sdk-go-v2/service/s3@v1.114.1/express_resolve.go: Permission denied
rm: /var/folders/x5/_jwxtjjx347635h39vn8hcxm0000gn/T//ak2-prehearse.flRglu/home/go/pkg/mod/github.com/aws/aws-sdk-go-v2/service/s3@v1.114.1/handwritten_paginators.go: Permission denied
rm: /var/folders/x5/_jwxtjjx347635h39vn8hcxm0000gn/T//ak2-prehearse.flRglu/home/go/pkg/mod/github.com/aws/aws-sdk-go-v2/service/s3@v1.114.1/api_op_DeleteBucketOwnershipControls.go: Permission denied
rm: /var/folders/x5/_jwxtjjx347635h39vn8hcxm0000gn/T//ak2-prehearse.flRglu/home/go/pkg/mod/github.com/aws/aws-sdk-go-v2/service/s3@v1.114.1/api_op_ListBucketInventoryConfigurations.go: Permission denied
rm: /var/folders/x5/_jwxtjjx347635h39vn8hcxm0000gn/T//ak2-prehearse.flRglu/home/go/pkg/mod/github.com/aws/aws-sdk-go-v2/service/s3@v1.114.1/api_op_GetObjectTorrent.go: Permission denied
rm: /var/folders/x5/_jwxtjjx347635h39vn8hcxm0000gn/T//ak2-prehearse.flRglu/home/go/pkg/mod/github.com/aws/aws-sdk-go-v2/service/s3@v1.114.1/api_op_PutBucketReplication.go: Permission denied
rm: /var/folders/x5/_jwxtjjx347635h39vn8hcxm0000gn/T//ak2-prehearse.flRglu/home/go/pkg/mod/github.com/aws/aws-sdk-go-v2/service/s3@v1.114.1/api_op_GetBucketReplication.go: Permission denied
rm: /var/folders/x5/_jwxtjjx347635h39vn8hcxm0000gn/T//ak2-prehearse.flRglu/home/go/pkg/mod/github.com/aws/aws-sdk-go-v2/service/s3@v1.114.1/api_op_PutBucketMetricsConfiguration.go: Permission denied
rm: /var/folders/x5/_jwxtjjx347635h39vn8hcxm0000gn/T//ak2-prehearse.flRglu/home/go/pkg/mod/github.com/aws/aws-sdk-go-v2/service/s3@v1.114.1/api_op_DeleteBucketPolicy.go: Permission denied
rm: /var/folders/x5/_jwxtjjx347635h39vn8hcxm0000gn/T//ak2-prehearse.flRglu/home/go/pkg/mod/github.com/aws/aws-sdk-go-v2/service/s3@v1.114.1/api_op_DeleteObjects.go: Permission denied
rm: /var/folders/x5/_jwxtjjx347635h39vn8hcxm0000gn/T//ak2-prehearse.flRglu/home/go/pkg/mod/github.com/aws/aws-sdk-go-v2/service/s3@v1.114.1/api_op_GetBucketAcl.go: Permission denied
rm: /var/folders/x5/_jwxtjjx347635h39vn8hcxm0000gn/T//ak2-prehearse.flRglu/home/go/pkg/mod/github.com/aws/aws-sdk-go-v2/service/s3@v1.114.1/api_op_WriteGetObjectResponse.go: Permission denied
rm: /var/folders/x5/_jwxtjjx347635h39vn8hcxm0000gn/T//ak2-prehearse.flRglu/home/go/pkg/mod/github.com/aws/aws-sdk-go-v2/service/s3@v1.114.1/api_op_GetBucketAnalyticsConfiguration.go: Permission denied
rm: /var/folders/x5/_jwxtjjx347635h39vn8hcxm0000gn/T//ak2-prehearse.flRglu/home/go/pkg/mod/github.com/aws/aws-sdk-go-v2/service/s3@v1.114.1/api_op_DeleteObjectAnnotation.go: Permission denied
rm: /var/folders/x5/_jwxtjjx347635h39vn8hcxm0000gn/T//ak2-prehearse.flRglu/home/go/pkg/mod/github.com/aws/aws-sdk-go-v2/service/s3@v1.114.1/internal/s3testing/s3testing.go: Permission denied
rm: /var/folders/x5/_jwxtjjx347635h39vn8hcxm0000gn/T//ak2-prehearse.flRglu/home/go/pkg/mod/github.com/aws/aws-sdk-go-v2/service/s3@v1.114.1/internal/s3testing: Permission denied
rm: /var/folders/x5/_jwxtjjx347635h39vn8hcxm0000gn/T//ak2-prehearse.flRglu/home/go/pkg/mod/github.com/aws/aws-sdk-go-v2/service/s3@v1.114.1/internal/endpoints/endpoints_test.go: Permission denied
rm: /var/folders/x5/_jwxtjjx347635h39vn8hcxm0000gn/T//ak2-prehearse.flRglu/home/go/pkg/mod/github.com/aws/aws-sdk-go-v2/service/s3@v1.114.1/internal/endpoints/endpoints.go: Permission denied
rm: /var/folders/x5/_jwxtjjx347635h39vn8hcxm0000gn/T//ak2-prehearse.flRglu/home/go/pkg/mod/github.com/aws/aws-sdk-go-v2/service/s3@v1.114.1/internal/endpoints: Permission denied
rm: /var/folders/x5/_jwxtjjx347635h39vn8hcxm0000gn/T//ak2-prehearse.flRglu/home/go/pkg/mod/github.com/aws/aws-sdk-go-v2/service/s3@v1.114.1/internal/customizations/signer_wrapper.go: Permission denied
rm: /var/folders/x5/_jwxtjjx347635h39vn8hcxm0000gn/T//ak2-prehearse.flRglu/home/go/pkg/mod/github.com/aws/aws-sdk-go-v2/service/s3@v1.114.1/internal/customizations/unit_test.go: Permission denied
rm: /var/folders/x5/_jwxtjjx347635h39vn8hcxm0000gn/T//ak2-prehearse.flRglu/home/go/pkg/mod/github.com/aws/aws-sdk-go-v2/service/s3@v1.114.1/internal/customizations/write_get_object_response_test.go: Permission denied
rm: /var/folders/x5/_jwxtjjx347635h39vn8hcxm0000gn/T//ak2-prehearse.flRglu/home/go/pkg/mod/github.com/aws/aws-sdk-go-v2/service/s3@v1.114.1/internal/customizations/express_signer.go: Permission denied
rm: /var/folders/x5/_jwxtjjx347635h39vn8hcxm0000gn/T//ak2-prehearse.flRglu/home/go/pkg/mod/github.com/aws/aws-sdk-go-v2/service/s3@v1.114.1/internal/customizations/update_endpoint_test.go: Permission denied
rm: /var/folders/x5/_jwxtjjx347635h39vn8hcxm0000gn/T//ak2-prehearse.flRglu/home/go/pkg/mod/github.com/aws/aws-sdk-go-v2/service/s3@v1.114.1/internal/customizations/handle_200_error.go: Permission denied
rm: /var/folders/x5/_jwxtjjx347635h39vn8hcxm0000gn/T//ak2-prehearse.flRglu/home/go/pkg/mod/github.com/aws/aws-sdk-go-v2/service/s3@v1.114.1/internal/customizations/handle_200_error_test.go: Permission denied
rm: /var/folders/x5/_jwxtjjx347635h39vn8hcxm0000gn/T//ak2-prehearse.flRglu/home/go/pkg/mod/github.com/aws/aws-sdk-go-v2/service/s3@v1.114.1/internal/customizations/s3_object_lambda.go: Permission denied
rm: /var/folders/x5/_jwxtjjx347635h39vn8hcxm0000gn/T//ak2-prehearse.flRglu/home/go/pkg/mod/github.com/aws/aws-sdk-go-v2/service/s3@v1.114.1/internal/customizations/host.go: Permission denied
rm: /var/folders/x5/_jwxtjjx347635h39vn8hcxm0000gn/T//ak2-prehearse.flRglu/home/go/pkg/mod/github.com/aws/aws-sdk-go-v2/service/s3@v1.114.1/internal/customizations/express_signer_smithy.go: Permission denied
rm: /var/folders/x5/_jwxtjjx347635h39vn8hcxm0000gn/T//ak2-prehearse.flRglu/home/go/pkg/mod/github.com/aws/aws-sdk-go-v2/service/s3@v1.114.1/internal/customizations/remove_bucket_middleware.go: Permission denied
rm: /var/folders/x5/_jwxtjjx347635h39vn8hcxm0000gn/T//ak2-prehearse.flRglu/home/go/pkg/mod/github.com/aws/aws-sdk-go-v2/service/s3@v1.114.1/internal/customizations/update_endpoint_internal_test.go: Permission denied
rm: /var/folders/x5/_jwxtjjx347635h39vn8hcxm0000gn/T//ak2-prehearse.flRglu/home/go/pkg/mod/github.com/aws/aws-sdk-go-v2/service/s3@v1.114.1/internal/customizations/update_endpoint.go: Permission denied
rm: /var/folders/x5/_jwxtjjx347635h39vn8hcxm0000gn/T//ak2-prehearse.flRglu/home/go/pkg/mod/github.com/aws/aws-sdk-go-v2/service/s3@v1.114.1/internal/customizations/presigned_expires.go: Permission denied
rm: /var/folders/x5/_jwxtjjx347635h39vn8hcxm0000gn/T//ak2-prehearse.flRglu/home/go/pkg/mod/github.com/aws/aws-sdk-go-v2/service/s3@v1.114.1/internal/customizations/doc.go: Permission denied
rm: /var/folders/x5/_jwxtjjx347635h39vn8hcxm0000gn/T//ak2-prehearse.flRglu/home/go/pkg/mod/github.com/aws/aws-sdk-go-v2/service/s3@v1.114.1/internal/customizations/context.go: Permission denied
rm: /var/folders/x5/_jwxtjjx347635h39vn8hcxm0000gn/T//ak2-prehearse.flRglu/home/go/pkg/mod/github.com/aws/aws-sdk-go-v2/service/s3@v1.114.1/internal/customizations/process_arn_resource.go: Permission denied
rm: /var/folders/x5/_jwxtjjx347635h39vn8hcxm0000gn/T//ak2-prehearse.flRglu/home/go/pkg/mod/github.com/aws/aws-sdk-go-v2/service/s3@v1.114.1/internal/customizations/express_properties.go: Permission denied
rm: /var/folders/x5/_jwxtjjx347635h39vn8hcxm0000gn/T//ak2-prehearse.flRglu/home/go/pkg/mod/github.com/aws/aws-sdk-go-v2/service/s3@v1.114.1/internal/customizations/express_default_checksum.go: Permission denied
rm: /var/folders/x5/_jwxtjjx347635h39vn8hcxm0000gn/T//ak2-prehearse.flRglu/home/go/pkg/mod/github.com/aws/aws-sdk-go-v2/service/s3@v1.114.1/internal/customizations/presign_test.go: Permission denied
rm: /var/folders/x5/_jwxtjjx347635h39vn8hcxm0000gn/T//ak2-prehearse.flRglu/home/go/pkg/mod/github.com/aws/aws-sdk-go-v2/service/s3@v1.114.1/internal/customizations/express_config.go: Permission denied
rm: /var/folders/x5/_jwxtjjx347635h39vn8hcxm0000gn/T//ak2-prehearse.flRglu/home/go/pkg/mod/github.com/aws/aws-sdk-go-v2/service/s3@v1.114.1/internal/customizations/express.go: Permission denied
rm: /var/folders/x5/_jwxtjjx347635h39vn8hcxm0000gn/T//ak2-prehearse.flRglu/home/go/pkg/mod/github.com/aws/aws-sdk-go-v2/service/s3@v1.114.1/internal/customizations: Permission denied
rm: /var/folders/x5/_jwxtjjx347635h39vn8hcxm0000gn/T//ak2-prehearse.flRglu/home/go/pkg/mod/github.com/aws/aws-sdk-go-v2/service/s3@v1.114.1/internal/arn/arn_parser.go: Permission denied
rm: /var/folders/x5/_jwxtjjx347635h39vn8hcxm0000gn/T//ak2-prehearse.flRglu/home/go/pkg/mod/github.com/aws/aws-sdk-go-v2/service/s3@v1.114.1/internal/arn: Permission denied
rm: /var/folders/x5/_jwxtjjx347635h39vn8hcxm0000gn/T//ak2-prehearse.flRglu/home/go/pkg/mod/github.com/aws/aws-sdk-go-v2/service/s3@v1.114.1/internal: Permission denied
rm: /var/folders/x5/_jwxtjjx347635h39vn8hcxm0000gn/T//ak2-prehearse.flRglu/home/go/pkg/mod/github.com/aws/aws-sdk-go-v2/service/s3@v1.114.1/serializers.go: Permission denied
rm: /var/folders/x5/_jwxtjjx347635h39vn8hcxm0000gn/T//ak2-prehearse.flRglu/home/go/pkg/mod/github.com/aws/aws-sdk-go-v2/service/s3@v1.114.1/api_op_ListParts.go: Permission denied
rm: /var/folders/x5/_jwxtjjx347635h39vn8hcxm0000gn/T//ak2-prehearse.flRglu/home/go/pkg/mod/github.com/aws/aws-sdk-go-v2/service/s3@v1.114.1/api_op_CopyObject.go: Permission denied
rm: /var/folders/x5/_jwxtjjx347635h39vn8hcxm0000gn/T//ak2-prehearse.flRglu/home/go/pkg/mod/github.com/aws/aws-sdk-go-v2/service/s3@v1.114.1/validators.go: Permission denied
rm: /var/folders/x5/_jwxtjjx347635h39vn8hcxm0000gn/T//ak2-prehearse.flRglu/home/go/pkg/mod/github.com/aws/aws-sdk-go-v2/service/s3@v1.114.1/api_op_CompleteMultipartUpload.go: Permission denied
rm: /var/folders/x5/_jwxtjjx347635h39vn8hcxm0000gn/T//ak2-prehearse.flRglu/home/go/pkg/mod/github.com/aws/aws-sdk-go-v2/service/s3@v1.114.1/api_op_GetBucketCors.go: Permission denied
rm: /var/folders/x5/_jwxtjjx347635h39vn8hcxm0000gn/T//ak2-prehearse.flRglu/home/go/pkg/mod/github.com/aws/aws-sdk-go-v2/service/s3@v1.114.1/api_op_GetBucketInventoryConfiguration.go: Permission denied
rm: /var/folders/x5/_jwxtjjx347635h39vn8hcxm0000gn/T//ak2-prehearse.flRglu/home/go/pkg/mod/github.com/aws/aws-sdk-go-v2/service/s3@v1.114.1/go.sum: Permission denied
rm: /var/folders/x5/_jwxtjjx347635h39vn8hcxm0000gn/T//ak2-prehearse.flRglu/home/go/pkg/mod/github.com/aws/aws-sdk-go-v2/service/s3@v1.114.1/api_op_PutObjectRetention.go: Permission denied
rm: /var/folders/x5/_jwxtjjx347635h39vn8hcxm0000gn/T//ak2-prehearse.flRglu/home/go/pkg/mod/github.com/aws/aws-sdk-go-v2/service/s3@v1.114.1/api_op_CreateMultipartUpload.go: Permission denied
rm: /var/folders/x5/_jwxtjjx347635h39vn8hcxm0000gn/T//ak2-prehearse.flRglu/home/go/pkg/mod/github.com/aws/aws-sdk-go-v2/service/s3@v1.114.1/api_op_DeleteBucketReplication.go: Permission denied
rm: /var/folders/x5/_jwxtjjx347635h39vn8hcxm0000gn/T//ak2-prehearse.flRglu/home/go/pkg/mod/github.com/aws/aws-sdk-go-v2/service/s3@v1.114.1/express_user_agent.go: Permission denied
rm: /var/folders/x5/_jwxtjjx347635h39vn8hcxm0000gn/T//ak2-prehearse.flRglu/home/go/pkg/mod/github.com/aws/aws-sdk-go-v2/service/s3@v1.114.1/snapshot_test.go: Permission denied
rm: /var/folders/x5/_jwxtjjx347635h39vn8hcxm0000gn/T//ak2-prehearse.flRglu/home/go/pkg/mod/github.com/aws/aws-sdk-go-v2/service/s3@v1.114.1/serialize_immutable_hostname_bucket.go: Permission denied
rm: /var/folders/x5/_jwxtjjx347635h39vn8hcxm0000gn/T//ak2-prehearse.flRglu/home/go/pkg/mod/github.com/aws/aws-sdk-go-v2/service/s3@v1.114.1/api_op_ListBuckets.go: Permission denied
rm: /var/folders/x5/_jwxtjjx347635h39vn8hcxm0000gn/T//ak2-prehearse.flRglu/home/go/pkg/mod/github.com/aws/aws-sdk-go-v2/service/s3@v1.114.1/endpoint_auth_resolver_test.go: Permission denied
rm: /var/folders/x5/_jwxtjjx347635h39vn8hcxm0000gn/T//ak2-prehearse.flRglu/home/go/pkg/mod/github.com/aws/aws-sdk-go-v2/service/s3@v1.114.1/endpoint_auth_resolver.go: Permission denied
rm: /var/folders/x5/_jwxtjjx347635h39vn8hcxm0000gn/T//ak2-prehearse.flRglu/home/go/pkg/mod/github.com/aws/aws-sdk-go-v2/service/s3@v1.114.1/api_client_test.go: Permission denied
rm: /var/folders/x5/_jwxtjjx347635h39vn8hcxm0000gn/T//ak2-prehearse.flRglu/home/go/pkg/mod/github.com/aws/aws-sdk-go-v2/service/s3@v1.114.1/doc.go: Permission denied
rm: /var/folders/x5/_jwxtjjx347635h39vn8hcxm0000gn/T//ak2-prehearse.flRglu/home/go/pkg/mod/github.com/aws/aws-sdk-go-v2/service/s3@v1.114.1/api_op_PutObject.go: Permission denied
rm: /var/folders/x5/_jwxtjjx347635h39vn8hcxm0000gn/T//ak2-prehearse.flRglu/home/go/pkg/mod/github.com/aws/aws-sdk-go-v2/service/s3@v1.114.1/api_op_PutBucketEncryption.go: Permission denied
rm: /var/folders/x5/_jwxtjjx347635h39vn8hcxm0000gn/T//ak2-prehearse.flRglu/home/go/pkg/mod/github.com/aws/aws-sdk-go-v2/service/s3@v1.114.1/api_op_DeleteObjectTagging.go: Permission denied
rm: /var/folders/x5/_jwxtjjx347635h39vn8hcxm0000gn/T//ak2-prehearse.flRglu/home/go/pkg/mod/github.com/aws/aws-sdk-go-v2/service/s3@v1.114.1/endpoints_config_test.go: Permission denied
rm: /var/folders/x5/_jwxtjjx347635h39vn8hcxm0000gn/T//ak2-prehearse.flRglu/home/go/pkg/mod/github.com/aws/aws-sdk-go-v2/service/s3@v1.114.1/api_op_PutBucketLifecycleConfiguration.go: Permission denied
rm: /var/folders/x5/_jwxtjjx347635h39vn8hcxm0000gn/T//ak2-prehearse.flRglu/home/go/pkg/mod/github.com/aws/aws-sdk-go-v2/service/s3@v1.114.1/api_op_PutBucketAbac.go: Permission denied
rm: /var/folders/x5/_jwxtjjx347635h39vn8hcxm0000gn/T//ak2-prehearse.flRglu/home/go/pkg/mod/github.com/aws/aws-sdk-go-v2/service/s3@v1.114.1/api_op_DeleteBucketWebsite.go: Permission denied
rm: /var/folders/x5/_jwxtjjx347635h39vn8hcxm0000gn/T//ak2-prehearse.flRglu/home/go/pkg/mod/github.com/aws/aws-sdk-go-v2/service/s3@v1.114.1/api_op_GetBucketNotificationConfiguration.go: Permission denied
rm: /var/folders/x5/_jwxtjjx347635h39vn8hcxm0000gn/T//ak2-prehearse.flRglu/home/go/pkg/mod/github.com/aws/aws-sdk-go-v2/service/s3@v1.114.1/eventstream.go: Permission denied
rm: /var/folders/x5/_jwxtjjx347635h39vn8hcxm0000gn/T//ak2-prehearse.flRglu/home/go/pkg/mod/github.com/aws/aws-sdk-go-v2/service/s3@v1.114.1/create_mpu_checksum.go: Permission denied
rm: /var/folders/x5/_jwxtjjx347635h39vn8hcxm0000gn/T//ak2-prehearse.flRglu/home/go/pkg/mod/github.com/aws/aws-sdk-go-v2/service/s3@v1.114.1/api_op_GetObjectAcl.go: Permission denied
rm: /var/folders/x5/_jwxtjjx347635h39vn8hcxm0000gn/T//ak2-prehearse.flRglu/home/go/pkg/mod/github.com/aws/aws-sdk-go-v2/service/s3@v1.114.1/request_snapshot/GetBucketMetadataConfiguration.request.snap: Permission denied
rm: /var/folders/x5/_jwxtjjx347635h39vn8hcxm0000gn/T//ak2-prehearse.flRglu/home/go/pkg/mod/github.com/aws/aws-sdk-go-v2/service/s3@v1.114.1/request_snapshot/DeleteBucketReplication.request.snap: Permission denied
rm: /var/folders/x5/_jwxtjjx347635h39vn8hcxm0000gn/T//ak2-prehearse.flRglu/home/go/pkg/mod/github.com/aws/aws-sdk-go-v2/service/s3@v1.114.1/request_snapshot/GetBucketNotificationConfiguration.request.snap: Permission denied
rm: /var/folders/x5/_jwxtjjx347635h39vn8hcxm0000gn/T//ak2-prehearse.flRglu/home/go/pkg/mod/github.com/aws/aws-sdk-go-v2/service/s3@v1.114.1/request_snapshot/GetBucketAcl.request.snap: Permission denied
rm: /var/folders/x5/_jwxtjjx347635h39vn8hcxm0000gn/T//ak2-prehearse.flRglu/home/go/pkg/mod/github.com/aws/aws-sdk-go-v2/service/s3@v1.114.1/request_snapshot/ListBucketMetricsConfigurations.request.snap: Permission denied
rm: /var/folders/x5/_jwxtjjx347635h39vn8hcxm0000gn/T//ak2-prehearse.flRglu/home/go/pkg/mod/github.com/aws/aws-sdk-go-v2/service/s3@v1.114.1/request_snapshot/PutBucketIntelligentTieringConfiguration.request.snap: Permission denied
rm: /var/folders/x5/_jwxtjjx347635h39vn8hcxm0000gn/T//ak2-prehearse.flRglu/home/go/pkg/mod/github.com/aws/aws-sdk-go-v2/service/s3@v1.114.1/request_snapshot/GetBucketIntelligentTieringConfiguration.request.snap: Permission denied
rm: /var/folders/x5/_jwxtjjx347635h39vn8hcxm0000gn/T//ak2-prehearse.flRglu/home/go/pkg/mod/github.com/aws/aws-sdk-go-v2/service/s3@v1.114.1/request_snapshot/PutBucketLogging.request.snap: Permission denied
rm: /var/folders/x5/_jwxtjjx347635h39vn8hcxm0000gn/T//ak2-prehearse.flRglu/home/go/pkg/mod/github.com/aws/aws-sdk-go-v2/service/s3@v1.114.1/request_snapshot/PutBucketWebsite.request.snap: Permission denied
rm: /var/folders/x5/_jwxtjjx347635h39vn8hcxm0000gn/T//ak2-prehearse.flRglu/home/go/pkg/mod/github.com/aws/aws-sdk-go-v2/service/s3@v1.114.1/request_snapshot/GetBucketCors.request.snap: Permission denied
rm: /var/folders/x5/_jwxtjjx347635h39vn8hcxm0000gn/T//ak2-prehearse.flRglu/home/go/pkg/mod/github.com/aws/aws-sdk-go-v2/service/s3@v1.114.1/request_snapshot/GetBucketEncryption.request.snap: Permission denied
rm: /var/folders/x5/_jwxtjjx347635h39vn8hcxm0000gn/T//ak2-prehearse.flRglu/home/go/pkg/mod/github.com/aws/aws-sdk-go-v2/service/s3@v1.114.1/request_snapshot/GetBucketAnalyticsConfiguration.request.snap: Permission denied
rm: /var/folders/x5/_jwxtjjx347635h39vn8hcxm0000gn/T//ak2-prehearse.flRglu/home/go/pkg/mod/github.com/aws/aws-sdk-go-v2/service/s3@v1.114.1/request_snapshot/CreateMultipartUpload.request.snap: Permission denied
rm: /var/folders/x5/_jwxtjjx347635h39vn8hcxm0000gn/T//ak2-prehearse.flRglu/home/go/pkg/mod/github.com/aws/aws-sdk-go-v2/service/s3@v1.114.1/request_snapshot/GetBucketLocation.request.snap: Permission denied
rm: /var/folders/x5/_jwxtjjx347635h39vn8hcxm0000gn/T//ak2-prehearse.flRglu/home/go/pkg/mod/github.com/aws/aws-sdk-go-v2/service/s3@v1.114.1/request_snapshot/PutObject.request.snap: Permission denied
rm: /var/folders/x5/_jwxtjjx347635h39vn8hcxm0000gn/T//ak2-prehearse.flRglu/home/go/pkg/mod/github.com/aws/aws-sdk-go-v2/service/s3@v1.114.1/request_snapshot/WriteGetObjectResponse.request.snap: Permission denied
rm: /var/folders/x5/_jwxtjjx347635h39vn8hcxm0000gn/T//ak2-prehearse.flRglu/home/go/pkg/mod/github.com/aws/aws-sdk-go-v2/service/s3@v1.114.1/request_snapshot/DeleteObjectAnnotation.request.snap: Permission denied
rm: /var/folders/x5/_jwxtjjx347635h39vn8hcxm0000gn/T//ak2-prehearse.flRglu/home/go/pkg/mod/github.com/aws/aws-sdk-go-v2/service/s3@v1.114.1/request_snapshot/PutBucketCors.request.snap: Permission denied
rm: /var/folders/x5/_jwxtjjx347635h39vn8hcxm0000gn/T//ak2-prehearse.flRglu/home/go/pkg/mod/github.com/aws/aws-sdk-go-v2/service/s3@v1.114.1/request_snapshot/GetBucketRequestPayment.request.snap: Permission denied
rm: /var/folders/x5/_jwxtjjx347635h39vn8hcxm0000gn/T//ak2-prehearse.flRglu/home/go/pkg/mod/github.com/aws/aws-sdk-go-v2/service/s3@v1.114.1/request_snapshot/GetBucketAccelerateConfiguration.request.snap: Permission denied
rm: /var/folders/x5/_jwxtjjx347635h39vn8hcxm0000gn/T//ak2-prehearse.flRglu/home/go/pkg/mod/github.com/aws/aws-sdk-go-v2/service/s3@v1.114.1/request_snapshot/ListParts.request.snap: Permission denied
rm: /var/folders/x5/_jwxtjjx347635h39vn8hcxm0000gn/T//ak2-prehearse.flRglu/home/go/pkg/mod/github.com/aws/aws-sdk-go-v2/service/s3@v1.114.1/request_snapshot/GetObjectAcl.request.snap: Permission denied
rm: /var/folders/x5/_jwxtjjx347635h39vn8hcxm0000gn/T//ak2-prehearse.flRglu/home/go/pkg/mod/github.com/aws/aws-sdk-go-v2/service/s3@v1.114.1/request_snapshot/GetBucketWebsite.request.snap: Permission denied
rm: /var/folders/x5/_jwxtjjx347635h39vn8hcxm0000gn/T//ak2-prehearse.flRglu/home/go/pkg/mod/github.com/aws/aws-sdk-go-v2/service/s3@v1.114.1/request_snapshot/UpdateObjectEncryption.request.snap: Permission denied
rm: /var/folders/x5/_jwxtjjx347635h39vn8hcxm0000gn/T//ak2-prehearse.flRglu/home/go/pkg/mod/github.com/aws/aws-sdk-go-v2/service/s3@v1.114.1/request_snapshot/GetBucketReplication.request.snap: Permission denied
rm: /var/folders/x5/_jwxtjjx347635h39vn8hcxm0000gn/T//ak2-prehearse.flRglu/home/go/pkg/mod/github.com/aws/aws-sdk-go-v2/service/s3@v1.114.1/request_snapshot/ListDirectoryBuckets.request.snap: Permission denied
rm: /var/folders/x5/_jwxtjjx347635h39vn8hcxm0000gn/T//ak2-prehearse.flRglu/home/go/pkg/mod/github.com/aws/aws-sdk-go-v2/service/s3@v1.114.1/request_snapshot/DeleteBucketIntelligentTieringConfiguration.request.snap: Permission denied
rm: /var/folders/x5/_jwxtjjx347635h39vn8hcxm0000gn/T//ak2-prehearse.flRglu/home/go/pkg/mod/github.com/aws/aws-sdk-go-v2/service/s3@v1.114.1/request_snapshot/GetBucketLogging.request.snap: Permission denied
rm: /var/folders/x5/_jwxtjjx347635h39vn8hcxm0000gn/T//ak2-prehearse.flRglu/home/go/pkg/mod/github.com/aws/aws-sdk-go-v2/service/s3@v1.114.1/request_snapshot/PutBucketNotificationConfiguration.request.snap: Permission denied
rm: /var/folders/x5/_jwxtjjx347635h39vn8hcxm0000gn/T//ak2-prehearse.flRglu/home/go/pkg/mod/github.com/aws/aws-sdk-go-v2/service/s3@v1.114.1/request_snapshot/GetBucketOwnershipControls.request.snap: Permission denied
rm: /var/folders/x5/_jwxtjjx347635h39vn8hcxm0000gn/T//ak2-prehearse.flRglu/home/go/pkg/mod/github.com/aws/aws-sdk-go-v2/service/s3@v1.114.1/request_snapshot/HeadBucket.request.snap: Permission denied
rm: /var/folders/x5/_jwxtjjx347635h39vn8hcxm0000gn/T//ak2-prehearse.flRglu/home/go/pkg/mod/github.com/aws/aws-sdk-go-v2/service/s3@v1.114.1/request_snapshot/DeleteObject.request.snap: Permission denied
rm: /var/folders/x5/_jwxtjjx347635h39vn8hcxm0000gn/T//ak2-prehearse.flRglu/home/go/pkg/mod/github.com/aws/aws-sdk-go-v2/service/s3@v1.114.1/request_snapshot/PutBucketRequestPayment.request.snap: Permission denied
rm: /var/folders/x5/_jwxtjjx347635h39vn8hcxm0000gn/T//ak2-prehearse.flRglu/home/go/pkg/mod/github.com/aws/aws-sdk-go-v2/service/s3@v1.114.1/request_snapshot/PutObjectRetention.request.snap: Permission denied
rm: /var/folders/x5/_jwxtjjx347635h39vn8hcxm0000gn/T//ak2-prehearse.flRglu/home/go/pkg/mod/github.com/aws/aws-sdk-go-v2/service/s3@v1.114.1/request_snapshot/DeleteBucketMetricsConfiguration.request.snap: Permission denied
rm: /var/folders/x5/_jwxtjjx347635h39vn8hcxm0000gn/T//ak2-prehearse.flRglu/home/go/pkg/mod/github.com/aws/aws-sdk-go-v2/service/s3@v1.114.1/request_snapshot/PutObjectAcl.request.snap: Permission denied
rm: /var/folders/x5/_jwxtjjx347635h39vn8hcxm0000gn/T//ak2-prehearse.flRglu/home/go/pkg/mod/github.com/aws/aws-sdk-go-v2/service/s3@v1.114.1/request_snapshot/ListObjectVersions.request.snap: Permission denied
rm: /var/folders/x5/_jwxtjjx347635h39vn8hcxm0000gn/T//ak2-prehearse.flRglu/home/go/pkg/mod/github.com/aws/aws-sdk-go-v2/service/s3@v1.114.1/request_snapshot/PutObjectLockConfiguration.request.snap: Permission denied
rm: /var/folders/x5/_jwxtjjx347635h39vn8hcxm0000gn/T//ak2-prehearse.flRglu/home/go/pkg/mod/github.com/aws/aws-sdk-go-v2/service/s3@v1.114.1/request_snapshot/GetObjectAnnotation.request.snap: Permission denied
rm: /var/folders/x5/_jwxtjjx347635h39vn8hcxm0000gn/T//ak2-prehearse.flRglu/home/go/pkg/mod/github.com/aws/aws-sdk-go-v2/service/s3@v1.114.1/request_snapshot/PutObjectTagging.request.snap: Permission denied
rm: /var/folders/x5/_jwxtjjx347635h39vn8hcxm0000gn/T//ak2-prehearse.flRglu/home/go/pkg/mod/github.com/aws/aws-sdk-go-v2/service/s3@v1.114.1/request_snapshot/GetPublicAccessBlock.request.snap: Permission denied
rm: /var/folders/x5/_jwxtjjx347635h39vn8hcxm0000gn/T//ak2-prehearse.flRglu/home/go/pkg/mod/github.com/aws/aws-sdk-go-v2/service/s3@v1.114.1/request_snapshot/CompleteMultipartUpload.request.snap: Permission denied
rm: /var/folders/x5/_jwxtjjx347635h39vn8hcxm0000gn/T//ak2-prehearse.flRglu/home/go/pkg/mod/github.com/aws/aws-sdk-go-v2/service/s3@v1.114.1/request_snapshot/RenameObject.request.snap: Permission denied
rm: /var/folders/x5/_jwxtjjx347635h39vn8hcxm0000gn/T//ak2-prehearse.flRglu/home/go/pkg/mod/github.com/aws/aws-sdk-go-v2/service/s3@v1.114.1/request_snapshot/UpdateBucketMetadataAnnotationTableConfiguration.request.snap: Permission denied
rm: /var/folders/x5/_jwxtjjx347635h39vn8hcxm0000gn/T//ak2-prehearse.flRglu/home/go/pkg/mod/github.com/aws/aws-sdk-go-v2/service/s3@v1.114.1/request_snapshot/ListMultipartUploads.request.snap: Permission denied
rm: /var/folders/x5/_jwxtjjx347635h39vn8hcxm0000gn/T//ak2-prehearse.flRglu/home/go/pkg/mod/github.com/aws/aws-sdk-go-v2/service/s3@v1.114.1/request_snapshot/PutObjectLegalHold.request.snap: Permission denied
rm: /var/folders/x5/_jwxtjjx347635h39vn8hcxm0000gn/T//ak2-prehearse.flRglu/home/go/pkg/mod/github.com/aws/aws-sdk-go-v2/service/s3@v1.114.1/request_snapshot/GetBucketMetadataTableConfiguration.request.snap: Permission denied
rm: /var/folders/x5/_jwxtjjx347635h39vn8hcxm0000gn/T//ak2-prehearse.flRglu/home/go/pkg/mod/github.com/aws/aws-sdk-go-v2/service/s3@v1.114.1/request_snapshot/PutBucketLifecycleConfiguration.request.snap: Permission denied
rm: /var/folders/x5/_jwxtjjx347635h39vn8hcxm0000gn/T//ak2-prehearse.flRglu/home/go/pkg/mod/github.com/aws/aws-sdk-go-v2/service/s3@v1.114.1/request_snapshot/GetBucketTagging.request.snap: Permission denied
rm: /var/folders/x5/_jwxtjjx347635h39vn8hcxm0000gn/T//ak2-prehearse.flRglu/home/go/pkg/mod/github.com/aws/aws-sdk-go-v2/service/s3@v1.114.1/request_snapshot/PutBucketTagging.request.snap: Permission denied
rm: /var/folders/x5/_jwxtjjx347635h39vn8hcxm0000gn/T//ak2-prehearse.flRglu/home/go/pkg/mod/github.com/aws/aws-sdk-go-v2/service/s3@v1.114.1/request_snapshot/PutBucketAcl.request.snap: Permission denied
rm: /var/folders/x5/_jwxtjjx347635h39vn8hcxm0000gn/T//ak2-prehearse.flRglu/home/go/pkg/mod/github.com/aws/aws-sdk-go-v2/service/s3@v1.114.1/request_snapshot/PutBucketMetricsConfiguration.request.snap: Permission denied
rm: /var/folders/x5/_jwxtjjx347635h39vn8hcxm0000gn/T//ak2-prehearse.flRglu/home/go/pkg/mod/github.com/aws/aws-sdk-go-v2/service/s3@v1.114.1/request_snapshot/GetBucketVersioning.request.snap: Permission denied
rm: /var/folders/x5/_jwxtjjx347635h39vn8hcxm0000gn/T//ak2-prehearse.flRglu/home/go/pkg/mod/github.com/aws/aws-sdk-go-v2/service/s3@v1.114.1/request_snapshot/ListBucketInventoryConfigurations.request.snap: Permission denied
rm: /var/folders/x5/_jwxtjjx347635h39vn8hcxm0000gn/T//ak2-prehearse.flRglu/home/go/pkg/mod/github.com/aws/aws-sdk-go-v2/service/s3@v1.114.1/request_snapshot/DeleteBucketOwnershipControls.request.snap: Permission denied
rm: /var/folders/x5/_jwxtjjx347635h39vn8hcxm0000gn/T//ak2-prehearse.flRglu/home/go/pkg/mod/github.com/aws/aws-sdk-go-v2/service/s3@v1.114.1/request_snapshot/GetObjectAttributes.request.snap: Permission denied
rm: /var/folders/x5/_jwxtjjx347635h39vn8hcxm0000gn/T//ak2-prehearse.flRglu/home/go/pkg/mod/github.com/aws/aws-sdk-go-v2/service/s3@v1.114.1/request_snapshot/GetObjectRetention.request.snap: Permission denied
rm: /var/folders/x5/_jwxtjjx347635h39vn8hcxm0000gn/T//ak2-prehearse.flRglu/home/go/pkg/mod/github.com/aws/aws-sdk-go-v2/service/s3@v1.114.1/request_snapshot/DeleteBucketEncryption.request.snap: Permission denied
rm: /var/folders/x5/_jwxtjjx347635h39vn8hcxm0000gn/T//ak2-prehearse.flRglu/home/go/pkg/mod/github.com/aws/aws-sdk-go-v2/service/s3@v1.114.1/request_snapshot/PutBucketPolicy.request.snap: Permission denied
rm: /var/folders/x5/_jwxtjjx347635h39vn8hcxm0000gn/T//ak2-prehearse.flRglu/home/go/pkg/mod/github.com/aws/aws-sdk-go-v2/service/s3@v1.114.1/request_snapshot/DeleteBucketInventoryConfiguration.request.snap: Permission denied
rm: /var/folders/x5/_jwxtjjx347635h39vn8hcxm0000gn/T//ak2-prehearse.flRglu/home/go/pkg/mod/github.com/aws/aws-sdk-go-v2/service/s3@v1.114.1/request_snapshot/GetObjectTagging.request.snap: Permission denied
rm: /var/folders/x5/_jwxtjjx347635h39vn8hcxm0000gn/T//ak2-prehearse.flRglu/home/go/pkg/mod/github.com/aws/aws-sdk-go-v2/service/s3@v1.114.1/request_snapshot/GetObjectLegalHold.request.snap: Permission denied
rm: /var/folders/x5/_jwxtjjx347635h39vn8hcxm0000gn/T//ak2-prehearse.flRglu/home/go/pkg/mod/github.com/aws/aws-sdk-go-v2/service/s3@v1.114.1/request_snapshot/DeleteBucketMetadataConfiguration.request.snap: Permission denied
rm: /var/folders/x5/_jwxtjjx347635h39vn8hcxm0000gn/T//ak2-prehearse.flRglu/home/go/pkg/mod/github.com/aws/aws-sdk-go-v2/service/s3@v1.114.1/request_snapshot/PutBucketInventoryConfiguration.request.snap: Permission denied
rm: /var/folders/x5/_jwxtjjx347635h39vn8hcxm0000gn/T//ak2-prehearse.flRglu/home/go/pkg/mod/github.com/aws/aws-sdk-go-v2/service/s3@v1.114.1/request_snapshot/DeleteBucketPolicy.request.snap: Permission denied
rm: /var/folders/x5/_jwxtjjx347635h39vn8hcxm0000gn/T//ak2-prehearse.flRglu/home/go/pkg/mod/github.com/aws/aws-sdk-go-v2/service/s3@v1.114.1/request_snapshot/CreateBucketMetadataTableConfiguration.request.snap: Permission denied
rm: /var/folders/x5/_jwxtjjx347635h39vn8hcxm0000gn/T//ak2-prehearse.flRglu/home/go/pkg/mod/github.com/aws/aws-sdk-go-v2/service/s3@v1.114.1/request_snapshot/AbortMultipartUpload.request.snap: Permission denied
rm: /var/folders/x5/_jwxtjjx347635h39vn8hcxm0000gn/T//ak2-prehearse.flRglu/home/go/pkg/mod/github.com/aws/aws-sdk-go-v2/service/s3@v1.114.1/request_snapshot/DeletePublicAccessBlock.request.snap: Permission denied
rm: /var/folders/x5/_jwxtjjx347635h39vn8hcxm0000gn/T//ak2-prehearse.flRglu/home/go/pkg/mod/github.com/aws/aws-sdk-go-v2/service/s3@v1.114.1/request_snapshot/CreateSession.request.snap: Permission denied
rm: /var/folders/x5/_jwxtjjx347635h39vn8hcxm0000gn/T//ak2-prehearse.flRglu/home/go/pkg/mod/github.com/aws/aws-sdk-go-v2/service/s3@v1.114.1/request_snapshot/DeleteBucketWebsite.request.snap: Permission denied
rm: /var/folders/x5/_jwxtjjx347635h39vn8hcxm0000gn/T//ak2-prehearse.flRglu/home/go/pkg/mod/github.com/aws/aws-sdk-go-v2/service/s3@v1.114.1/request_snapshot/GetObjectTorrent.request.snap: Permission denied
rm: /var/folders/x5/_jwxtjjx347635h39vn8hcxm0000gn/T//ak2-prehearse.flRglu/home/go/pkg/mod/github.com/aws/aws-sdk-go-v2/service/s3@v1.114.1/request_snapshot/ListObjectsV2.request.snap: Permission denied
rm: /var/folders/x5/_jwxtjjx347635h39vn8hcxm0000gn/T//ak2-prehearse.flRglu/home/go/pkg/mod/github.com/aws/aws-sdk-go-v2/service/s3@v1.114.1/request_snapshot/DeleteObjects.request.snap: Permission denied
rm: /var/folders/x5/_jwxtjjx347635h39vn8hcxm0000gn/T//ak2-prehearse.flRglu/home/go/pkg/mod/github.com/aws/aws-sdk-go-v2/service/s3@v1.114.1/request_snapshot/UpdateBucketMetadataJournalTableConfiguration.request.snap: Permission denied
rm: /var/folders/x5/_jwxtjjx347635h39vn8hcxm0000gn/T//ak2-prehearse.flRglu/home/go/pkg/mod/github.com/aws/aws-sdk-go-v2/service/s3@v1.114.1/request_snapshot/PutBucketOwnershipControls.request.snap: Permission denied
rm: /var/folders/x5/_jwxtjjx347635h39vn8hcxm0000gn/T//ak2-prehearse.flRglu/home/go/pkg/mod/github.com/aws/aws-sdk-go-v2/service/s3@v1.114.1/request_snapshot/CreateBucket.request.snap: Permission denied
rm: /var/folders/x5/_jwxtjjx347635h39vn8hcxm0000gn/T//ak2-prehearse.flRglu/home/go/pkg/mod/github.com/aws/aws-sdk-go-v2/service/s3@v1.114.1/request_snapshot/DeleteBucketCors.request.snap: Permission denied
rm: /var/folders/x5/_jwxtjjx347635h39vn8hcxm0000gn/T//ak2-prehearse.flRglu/home/go/pkg/mod/github.com/aws/aws-sdk-go-v2/service/s3@v1.114.1/request_snapshot/HeadObject.request.snap: Permission denied
rm: /var/folders/x5/_jwxtjjx347635h39vn8hcxm0000gn/T//ak2-prehearse.flRglu/home/go/pkg/mod/github.com/aws/aws-sdk-go-v2/service/s3@v1.114.1/request_snapshot/PutBucketAccelerateConfiguration.request.snap: Permission denied
rm: /var/folders/x5/_jwxtjjx347635h39vn8hcxm0000gn/T//ak2-prehearse.flRglu/home/go/pkg/mod/github.com/aws/aws-sdk-go-v2/service/s3@v1.114.1/request_snapshot/GetBucketLifecycleConfiguration.request.snap: Permission denied
rm: /var/folders/x5/_jwxtjjx347635h39vn8hcxm0000gn/T//ak2-prehearse.flRglu/home/go/pkg/mod/github.com/aws/aws-sdk-go-v2/service/s3@v1.114.1/request_snapshot/ListObjectAnnotations.request.snap: Permission denied
rm: /var/folders/x5/_jwxtjjx347635h39vn8hcxm0000gn/T//ak2-prehearse.flRglu/home/go/pkg/mod/github.com/aws/aws-sdk-go-v2/service/s3@v1.114.1/request_snapshot/PutBucketEncryption.request.snap: Permission denied
rm: /var/folders/x5/_jwxtjjx347635h39vn8hcxm0000gn/T//ak2-prehearse.flRglu/home/go/pkg/mod/github.com/aws/aws-sdk-go-v2/service/s3@v1.114.1/request_snapshot/DeleteBucket.request.snap: Permission denied
rm: /var/folders/x5/_jwxtjjx347635h39vn8hcxm0000gn/T//ak2-prehearse.flRglu/home/go/pkg/mod/github.com/aws/aws-sdk-go-v2/service/s3@v1.114.1/request_snapshot/PutPublicAccessBlock.request.snap: Permission denied
rm: /var/folders/x5/_jwxtjjx347635h39vn8hcxm0000gn/T//ak2-prehearse.flRglu/home/go/pkg/mod/github.com/aws/aws-sdk-go-v2/service/s3@v1.114.1/request_snapshot/DeleteBucketMetadataTableConfiguration.request.snap: Permission denied
rm: /var/folders/x5/_jwxtjjx347635h39vn8hcxm0000gn/T//ak2-prehearse.flRglu/home/go/pkg/mod/github.com/aws/aws-sdk-go-v2/service/s3@v1.114.1/request_snapshot/ListBucketIntelligentTieringConfigurations.request.snap: Permission denied
rm: /var/folders/x5/_jwxtjjx347635h39vn8hcxm0000gn/T//ak2-prehearse.flRglu/home/go/pkg/mod/github.com/aws/aws-sdk-go-v2/service/s3@v1.114.1/request_snapshot/CopyObject.request.snap: Permission denied
rm: /var/folders/x5/_jwxtjjx347635h39vn8hcxm0000gn/T//ak2-prehearse.flRglu/home/go/pkg/mod/github.com/aws/aws-sdk-go-v2/service/s3@v1.114.1/request_snapshot/GetBucketInventoryConfiguration.request.snap: Permission denied
rm: /var/folders/x5/_jwxtjjx347635h39vn8hcxm0000gn/T//ak2-prehearse.flRglu/home/go/pkg/mod/github.com/aws/aws-sdk-go-v2/service/s3@v1.114.1/request_snapshot/GetBucketPolicyStatus.request.snap: Permission denied
rm: /var/folders/x5/_jwxtjjx347635h39vn8hcxm0000gn/T//ak2-prehearse.flRglu/home/go/pkg/mod/github.com/aws/aws-sdk-go-v2/service/s3@v1.114.1/request_snapshot/PutBucketAbac.request.snap: Permission denied
rm: /var/folders/x5/_jwxtjjx347635h39vn8hcxm0000gn/T//ak2-prehearse.flRglu/home/go/pkg/mod/github.com/aws/aws-sdk-go-v2/service/s3@v1.114.1/request_snapshot/ListBucketAnalyticsConfigurations.request.snap: Permission denied
rm: /var/folders/x5/_jwxtjjx347635h39vn8hcxm0000gn/T//ak2-prehearse.flRglu/home/go/pkg/mod/github.com/aws/aws-sdk-go-v2/service/s3@v1.114.1/request_snapshot/GetBucketPolicy.request.snap: Permission denied
rm: /var/folders/x5/_jwxtjjx347635h39vn8hcxm0000gn/T//ak2-prehearse.flRglu/home/go/pkg/mod/github.com/aws/aws-sdk-go-v2/service/s3@v1.114.1/request_snapshot/GetObject.request.snap: Permission denied
rm: /var/folders/x5/_jwxtjjx347635h39vn8hcxm0000gn/T//ak2-prehearse.flRglu/home/go/pkg/mod/github.com/aws/aws-sdk-go-v2/service/s3@v1.114.1/request_snapshot/PutObjectAnnotation.request.snap: Permission denied
rm: /var/folders/x5/_jwxtjjx347635h39vn8hcxm0000gn/T//ak2-prehearse.flRglu/home/go/pkg/mod/github.com/aws/aws-sdk-go-v2/service/s3@v1.114.1/request_snapshot/DeleteBucketLifecycle.request.snap: Permission denied
rm: /var/folders/x5/_jwxtjjx347635h39vn8hcxm0000gn/T//ak2-prehearse.flRglu/home/go/pkg/mod/github.com/aws/aws-sdk-go-v2/service/s3@v1.114.1/request_snapshot/UploadPartCopy.request.snap: Permission denied
rm: /var/folders/x5/_jwxtjjx347635h39vn8hcxm0000gn/T//ak2-prehearse.flRglu/home/go/pkg/mod/github.com/aws/aws-sdk-go-v2/service/s3@v1.114.1/request_snapshot/CreateBucketMetadataConfiguration.request.snap: Permission denied
rm: /var/folders/x5/_jwxtjjx347635h39vn8hcxm0000gn/T//ak2-prehearse.flRglu/home/go/pkg/mod/github.com/aws/aws-sdk-go-v2/service/s3@v1.114.1/request_snapshot/RestoreObject.request.snap: Permission denied
rm: /var/folders/x5/_jwxtjjx347635h39vn8hcxm0000gn/T//ak2-prehearse.flRglu/home/go/pkg/mod/github.com/aws/aws-sdk-go-v2/service/s3@v1.114.1/request_snapshot/DeleteObjectTagging.request.snap: Permission denied
rm: /var/folders/x5/_jwxtjjx347635h39vn8hcxm0000gn/T//ak2-prehearse.flRglu/home/go/pkg/mod/github.com/aws/aws-sdk-go-v2/service/s3@v1.114.1/request_snapshot/PutBucketAnalyticsConfiguration.request.snap: Permission denied
rm: /var/folders/x5/_jwxtjjx347635h39vn8hcxm0000gn/T//ak2-prehearse.flRglu/home/go/pkg/mod/github.com/aws/aws-sdk-go-v2/service/s3@v1.114.1/request_snapshot/UpdateBucketMetadataInventoryTableConfiguration.request.snap: Permission denied
rm: /var/folders/x5/_jwxtjjx347635h39vn8hcxm0000gn/T//ak2-prehearse.flRglu/home/go/pkg/mod/github.com/aws/aws-sdk-go-v2/service/s3@v1.114.1/request_snapshot/PutBucketReplication.request.snap: Permission denied
rm: /var/folders/x5/_jwxtjjx347635h39vn8hcxm0000gn/T//ak2-prehearse.flRglu/home/go/pkg/mod/github.com/aws/aws-sdk-go-v2/service/s3@v1.114.1/request_snapshot/DeleteBucketAnalyticsConfiguration.request.snap: Permission denied
rm: /var/folders/x5/_jwxtjjx347635h39vn8hcxm0000gn/T//ak2-prehearse.flRglu/home/go/pkg/mod/github.com/aws/aws-sdk-go-v2/service/s3@v1.114.1/request_snapshot/ListObjects.request.snap: Permission denied
rm: /var/folders/x5/_jwxtjjx347635h39vn8hcxm0000gn/T//ak2-prehearse.flRglu/home/go/pkg/mod/github.com/aws/aws-sdk-go-v2/service/s3@v1.114.1/request_snapshot/PutBucketVersioning.request.snap: Permission denied
rm: /var/folders/x5/_jwxtjjx347635h39vn8hcxm0000gn/T//ak2-prehearse.flRglu/home/go/pkg/mod/github.com/aws/aws-sdk-go-v2/service/s3@v1.114.1/request_snapshot/GetBucketMetricsConfiguration.request.snap: Permission denied
rm: /var/folders/x5/_jwxtjjx347635h39vn8hcxm0000gn/T//ak2-prehearse.flRglu/home/go/pkg/mod/github.com/aws/aws-sdk-go-v2/service/s3@v1.114.1/request_snapshot/GetBucketAbac.request.snap: Permission denied
rm: /var/folders/x5/_jwxtjjx347635h39vn8hcxm0000gn/T//ak2-prehearse.flRglu/home/go/pkg/mod/github.com/aws/aws-sdk-go-v2/service/s3@v1.114.1/request_snapshot/GetObjectLockConfiguration.request.snap: Permission denied
rm: /var/folders/x5/_jwxtjjx347635h39vn8hcxm0000gn/T//ak2-prehearse.flRglu/home/go/pkg/mod/github.com/aws/aws-sdk-go-v2/service/s3@v1.114.1/request_snapshot/DeleteBucketTagging.request.snap: Permission denied
rm: /var/folders/x5/_jwxtjjx347635h39vn8hcxm0000gn/T//ak2-prehearse.flRglu/home/go/pkg/mod/github.com/aws/aws-sdk-go-v2/service/s3@v1.114.1/request_snapshot/ListBuckets.request.snap: Permission denied
rm: /var/folders/x5/_jwxtjjx347635h39vn8hcxm0000gn/T//ak2-prehearse.flRglu/home/go/pkg/mod/github.com/aws/aws-sdk-go-v2/service/s3@v1.114.1/request_snapshot/UploadPart.request.snap: Permission denied
rm: /var/folders/x5/_jwxtjjx347635h39vn8hcxm0000gn/T//ak2-prehearse.flRglu/home/go/pkg/mod/github.com/aws/aws-sdk-go-v2/service/s3@v1.114.1/request_snapshot: Permission denied
rm: /var/folders/x5/_jwxtjjx347635h39vn8hcxm0000gn/T//ak2-prehearse.flRglu/home/go/pkg/mod/github.com/aws/aws-sdk-go-v2/service/s3@v1.114.1/presign_post.go: Permission denied
rm: /var/folders/x5/_jwxtjjx347635h39vn8hcxm0000gn/T//ak2-prehearse.flRglu/home/go/pkg/mod/github.com/aws/aws-sdk-go-v2/service/s3@v1.114.1/api_op_PutObjectLegalHold.go: Permission denied
rm: /var/folders/x5/_jwxtjjx347635h39vn8hcxm0000gn/T//ak2-prehearse.flRglu/home/go/pkg/mod/github.com/aws/aws-sdk-go-v2/service/s3@v1.114.1/api_op_DeleteBucketTagging.go: Permission denied
rm: /var/folders/x5/_jwxtjjx347635h39vn8hcxm0000gn/T//ak2-prehearse.flRglu/home/go/pkg/mod/github.com/aws/aws-sdk-go-v2/service/s3@v1.114.1/api_op_GetBucketOwnershipControls.go: Permission denied
rm: /var/folders/x5/_jwxtjjx347635h39vn8hcxm0000gn/T//ak2-prehearse.flRglu/home/go/pkg/mod/github.com/aws/aws-sdk-go-v2/service/s3@v1.114.1/api_op_GetObjectTagging.go: Permission denied
rm: /var/folders/x5/_jwxtjjx347635h39vn8hcxm0000gn/T//ak2-prehearse.flRglu/home/go/pkg/mod/github.com/aws/aws-sdk-go-v2/service/s3@v1.114.1/api_op_UploadPart.go: Permission denied
rm: /var/folders/x5/_jwxtjjx347635h39vn8hcxm0000gn/T//ak2-prehearse.flRglu/home/go/pkg/mod/github.com/aws/aws-sdk-go-v2/service/s3@v1.114.1/api_op_ListMultipartUploads.go: Permission denied
rm: /var/folders/x5/_jwxtjjx347635h39vn8hcxm0000gn/T//ak2-prehearse.flRglu/home/go/pkg/mod/github.com/aws/aws-sdk-go-v2/service/s3@v1.114.1/api_op_UpdateObjectEncryption.go: Permission denied
rm: /var/folders/x5/_jwxtjjx347635h39vn8hcxm0000gn/T//ak2-prehearse.flRglu/home/go/pkg/mod/github.com/aws/aws-sdk-go-v2/service/s3@v1.114.1/endpoints_test.go: Permission denied
rm: /var/folders/x5/_jwxtjjx347635h39vn8hcxm0000gn/T//ak2-prehearse.flRglu/home/go/pkg/mod/github.com/aws/aws-sdk-go-v2/service/s3@v1.114.1/api_op_GetBucketAccelerateConfiguration.go: Permission denied
rm: /var/folders/x5/_jwxtjjx347635h39vn8hcxm0000gn/T//ak2-prehearse.flRglu/home/go/pkg/mod/github.com/aws/aws-sdk-go-v2/service/s3@v1.114.1/api_op_ListBucketMetricsConfigurations.go: Permission denied
rm: /var/folders/x5/_jwxtjjx347635h39vn8hcxm0000gn/T//ak2-prehearse.flRglu/home/go/pkg/mod/github.com/aws/aws-sdk-go-v2/service/s3@v1.114.1/api_op_GetBucketVersioning.go: Permission denied
rm: /var/folders/x5/_jwxtjjx347635h39vn8hcxm0000gn/T//ak2-prehearse.flRglu/home/go/pkg/mod/github.com/aws/aws-sdk-go-v2/service/s3@v1.114.1/api_op_GetBucketMetricsConfiguration.go: Permission denied
rm: /var/folders/x5/_jwxtjjx347635h39vn8hcxm0000gn/T//ak2-prehearse.flRglu/home/go/pkg/mod/github.com/aws/aws-sdk-go-v2/service/s3@v1.114.1/bucket_context.go: Permission denied
rm: /var/folders/x5/_jwxtjjx347635h39vn8hcxm0000gn/T//ak2-prehearse.flRglu/home/go/pkg/mod/github.com/aws/aws-sdk-go-v2/service/s3@v1.114.1/LICENSE.txt: Permission denied
rm: /var/folders/x5/_jwxtjjx347635h39vn8hcxm0000gn/T//ak2-prehearse.flRglu/home/go/pkg/mod/github.com/aws/aws-sdk-go-v2/service/s3@v1.114.1/api_op_ListObjectsV2.go: Permission denied
rm: /var/folders/x5/_jwxtjjx347635h39vn8hcxm0000gn/T//ak2-prehearse.flRglu/home/go/pkg/mod/github.com/aws/aws-sdk-go-v2/service/s3@v1.114.1/api_op_DeleteBucketLifecycle.go: Permission denied
rm: /var/folders/x5/_jwxtjjx347635h39vn8hcxm0000gn/T//ak2-prehearse.flRglu/home/go/pkg/mod/github.com/aws/aws-sdk-go-v2/service/s3@v1.114.1/api_op_GetBucketLocation.go: Permission denied
rm: /var/folders/x5/_jwxtjjx347635h39vn8hcxm0000gn/T//ak2-prehearse.flRglu/home/go/pkg/mod/github.com/aws/aws-sdk-go-v2/service/s3@v1.114.1/endpoints.go: Permission denied
rm: /var/folders/x5/_jwxtjjx347635h39vn8hcxm0000gn/T//ak2-prehearse.flRglu/home/go/pkg/mod/github.com/aws/aws-sdk-go-v2/service/s3@v1.114.1/api_op_GetObjectRetention.go: Permission denied
rm: /var/folders/x5/_jwxtjjx347635h39vn8hcxm0000gn/T//ak2-prehearse.flRglu/home/go/pkg/mod/github.com/aws/aws-sdk-go-v2/service/s3@v1.114.1/api_op_GetObjectAnnotation.go: Permission denied
rm: /var/folders/x5/_jwxtjjx347635h39vn8hcxm0000gn/T//ak2-prehearse.flRglu/home/go/pkg/mod/github.com/aws/aws-sdk-go-v2/service/s3@v1.114.1/auth_scheme_test.go: Permission denied
rm: /var/folders/x5/_jwxtjjx347635h39vn8hcxm0000gn/T//ak2-prehearse.flRglu/home/go/pkg/mod/github.com/aws/aws-sdk-go-v2/service/s3@v1.114.1/api_op_ListObjects.go: Permission denied
rm: /var/folders/x5/_jwxtjjx347635h39vn8hcxm0000gn/T//ak2-prehearse.flRglu/home/go/pkg/mod/github.com/aws/aws-sdk-go-v2/service/s3@v1.114.1/response_snapshot_test.go: Permission denied
rm: /var/folders/x5/_jwxtjjx347635h39vn8hcxm0000gn/T//ak2-prehearse.flRglu/home/go/pkg/mod/github.com/aws/aws-sdk-go-v2/service/s3@v1.114.1/api_op_GetBucketTagging.go: Permission denied
rm: /var/folders/x5/_jwxtjjx347635h39vn8hcxm0000gn/T//ak2-prehearse.flRglu/home/go/pkg/mod/github.com/aws/aws-sdk-go-v2/service/s3@v1.114.1/api_op_GetBucketLifecycleConfiguration.go: Permission denied
rm: /var/folders/x5/_jwxtjjx347635h39vn8hcxm0000gn/T//ak2-prehearse.flRglu/home/go/pkg/mod/github.com/aws/aws-sdk-go-v2/service/s3@v1.114.1/api_client.go: Permission denied
rm: /var/folders/x5/_jwxtjjx347635h39vn8hcxm0000gn/T//ak2-prehearse.flRglu/home/go/pkg/mod/github.com/aws/aws-sdk-go-v2/service/s3@v1.114.1/api_op_HeadBucket.go: Permission denied
rm: /var/folders/x5/_jwxtjjx347635h39vn8hcxm0000gn/T//ak2-prehearse.flRglu/home/go/pkg/mod/github.com/aws/aws-sdk-go-v2/service/s3@v1.114.1/api_op_GetBucketAbac.go: Permission denied
rm: /var/folders/x5/_jwxtjjx347635h39vn8hcxm0000gn/T//ak2-prehearse.flRglu/home/go/pkg/mod/github.com/aws/aws-sdk-go-v2/service/s3@v1.114.1/api_op_DeleteBucketMetadataConfiguration.go: Permission denied
rm: /var/folders/x5/_jwxtjjx347635h39vn8hcxm0000gn/T//ak2-prehearse.flRglu/home/go/pkg/mod/github.com/aws/aws-sdk-go-v2/service/s3@v1.114.1/api_op_ListBucketIntelligentTieringConfigurations.go: Permission denied
rm: /var/folders/x5/_jwxtjjx347635h39vn8hcxm0000gn/T//ak2-prehearse.flRglu/home/go/pkg/mod/github.com/aws/aws-sdk-go-v2/service/s3@v1.114.1/presign_post_test.go: Permission denied
rm: /var/folders/x5/_jwxtjjx347635h39vn8hcxm0000gn/T//ak2-prehearse.flRglu/home/go/pkg/mod/github.com/aws/aws-sdk-go-v2/service/s3@v1.114.1/api_op_DeleteBucketCors.go: Permission denied
rm: /var/folders/x5/_jwxtjjx347635h39vn8hcxm0000gn/T//ak2-prehearse.flRglu/home/go/pkg/mod/github.com/aws/aws-sdk-go-v2/service/s3@v1.114.1/express_default.go: Permission denied
rm: /var/folders/x5/_jwxtjjx347635h39vn8hcxm0000gn/T//ak2-prehearse.flRglu/home/go/pkg/mod/github.com/aws/aws-sdk-go-v2/service/s3@v1.114.1/api_op_AbortMultipartUpload.go: Permission denied
rm: /var/folders/x5/_jwxtjjx347635h39vn8hcxm0000gn/T//ak2-prehearse.flRglu/home/go/pkg/mod/github.com/aws/aws-sdk-go-v2/service/s3@v1.114.1/api_op_ListDirectoryBuckets.go: Permission denied
rm: /var/folders/x5/_jwxtjjx347635h39vn8hcxm0000gn/T//ak2-prehearse.flRglu/home/go/pkg/mod/github.com/aws/aws-sdk-go-v2/service/s3@v1.114.1/api_op_UploadPartCopy.go: Permission denied
rm: /var/folders/x5/_jwxtjjx347635h39vn8hcxm0000gn/T//ak2-prehearse.flRglu/home/go/pkg/mod/github.com/aws/aws-sdk-go-v2/service/s3@v1.114.1/api_op_PutBucketLogging.go: Permission denied
rm: /var/folders/x5/_jwxtjjx347635h39vn8hcxm0000gn/T//ak2-prehearse.flRglu/home/go/pkg/mod/github.com/aws/aws-sdk-go-v2/service/s3@v1.114.1/api_op_PutObjectAcl.go: Permission denied
rm: /var/folders/x5/_jwxtjjx347635h39vn8hcxm0000gn/T//ak2-prehearse.flRglu/home/go/pkg/mod/github.com/aws/aws-sdk-go-v2/service/s3@v1.114.1/api_op_HeadObject.go: Permission denied
rm: /var/folders/x5/_jwxtjjx347635h39vn8hcxm0000gn/T//ak2-prehearse.flRglu/home/go/pkg/mod/github.com/aws/aws-sdk-go-v2/service/s3@v1.114.1/api_op_DeleteBucketIntelligentTieringConfiguration.go: Permission denied
rm: /var/folders/x5/_jwxtjjx347635h39vn8hcxm0000gn/T//ak2-prehearse.flRglu/home/go/pkg/mod/github.com/aws/aws-sdk-go-v2/service/s3@v1.114.1/api_op_PutBucketNotificationConfiguration.go: Permission denied
rm: /var/folders/x5/_jwxtjjx347635h39vn8hcxm0000gn/T//ak2-prehearse.flRglu/home/go/pkg/mod/github.com/aws/aws-sdk-go-v2/service/s3@v1.114.1/api_op_GetBucketWebsite.go: Permission denied
rm: /var/folders/x5/_jwxtjjx347635h39vn8hcxm0000gn/T//ak2-prehearse.flRglu/home/go/pkg/mod/github.com/aws/aws-sdk-go-v2/service/s3@v1.114.1/api_op_DeleteBucketEncryption.go: Permission denied
rm: /var/folders/x5/_jwxtjjx347635h39vn8hcxm0000gn/T//ak2-prehearse.flRglu/home/go/pkg/mod/github.com/aws/aws-sdk-go-v2/service/s3@v1.114.1/express.go: Permission denied
rm: /var/folders/x5/_jwxtjjx347635h39vn8hcxm0000gn/T//ak2-prehearse.flRglu/home/go/pkg/mod/github.com/aws/aws-sdk-go-v2/service/s3@v1.114.1/api_op_GetObject.go: Permission denied
rm: /var/folders/x5/_jwxtjjx347635h39vn8hcxm0000gn/T//ak2-prehearse.flRglu/home/go/pkg/mod/github.com/aws/aws-sdk-go-v2/service/s3@v1.114.1/api_op_PutBucketOwnershipControls.go: Permission denied
rm: /var/folders/x5/_jwxtjjx347635h39vn8hcxm0000gn/T//ak2-prehearse.flRglu/home/go/pkg/mod/github.com/aws/aws-sdk-go-v2/service/s3@v1.114.1/sra_operation_order_test.go: Permission denied
rm: /var/folders/x5/_jwxtjjx347635h39vn8hcxm0000gn/T//ak2-prehearse.flRglu/home/go/pkg/mod/github.com/aws/aws-sdk-go-v2/service/s3@v1.114.1/api_op_GetObjectAttributes.go: Permission denied
rm: /var/folders/x5/_jwxtjjx347635h39vn8hcxm0000gn/T//ak2-prehearse.flRglu/home/go/pkg/mod/github.com/aws/aws-sdk-go-v2/service/s3@v1.114.1: Directory not empty
rm: /var/folders/x5/_jwxtjjx347635h39vn8hcxm0000gn/T//ak2-prehearse.flRglu/home/go/pkg/mod/github.com/aws/aws-sdk-go-v2/service/ssooidc@v1.43.2/deserializers.go: Permission denied
rm: /var/folders/x5/_jwxtjjx347635h39vn8hcxm0000gn/T//ak2-prehearse.flRglu/home/go/pkg/mod/github.com/aws/aws-sdk-go-v2/service/ssooidc@v1.43.2/snapshot/api_op_RegisterClient.go.snap: Permission denied
rm: /var/folders/x5/_jwxtjjx347635h39vn8hcxm0000gn/T//ak2-prehearse.flRglu/home/go/pkg/mod/github.com/aws/aws-sdk-go-v2/service/ssooidc@v1.43.2/snapshot/api_op_StartDeviceAuthorization.go.snap: Permission denied
rm: /var/folders/x5/_jwxtjjx347635h39vn8hcxm0000gn/T//ak2-prehearse.flRglu/home/go/pkg/mod/github.com/aws/aws-sdk-go-v2/service/ssooidc@v1.43.2/snapshot/api_op_CreateToken.go.snap: Permission denied
rm: /var/folders/x5/_jwxtjjx347635h39vn8hcxm0000gn/T//ak2-prehearse.flRglu/home/go/pkg/mod/github.com/aws/aws-sdk-go-v2/service/ssooidc@v1.43.2/snapshot/api_op_CreateTokenWithIAM.go.snap: Permission denied
rm: /var/folders/x5/_jwxtjjx347635h39vn8hcxm0000gn/T//ak2-prehearse.flRglu/home/go/pkg/mod/github.com/aws/aws-sdk-go-v2/service/ssooidc@v1.43.2/snapshot: Permission denied
rm: /var/folders/x5/_jwxtjjx347635h39vn8hcxm0000gn/T//ak2-prehearse.flRglu/home/go/pkg/mod/github.com/aws/aws-sdk-go-v2/service/ssooidc@v1.43.2/go.mod: Permission denied
rm: /var/folders/x5/_jwxtjjx347635h39vn8hcxm0000gn/T//ak2-prehearse.flRglu/home/go/pkg/mod/github.com/aws/aws-sdk-go-v2/service/ssooidc@v1.43.2/types/enums.go: Permission denied
rm: /var/folders/x5/_jwxtjjx347635h39vn8hcxm0000gn/T//ak2-prehearse.flRglu/home/go/pkg/mod/github.com/aws/aws-sdk-go-v2/service/ssooidc@v1.43.2/types/types.go: Permission denied
rm: /var/folders/x5/_jwxtjjx347635h39vn8hcxm0000gn/T//ak2-prehearse.flRglu/home/go/pkg/mod/github.com/aws/aws-sdk-go-v2/service/ssooidc@v1.43.2/types/errors.go: Permission denied
rm: /var/folders/x5/_jwxtjjx347635h39vn8hcxm0000gn/T//ak2-prehearse.flRglu/home/go/pkg/mod/github.com/aws/aws-sdk-go-v2/service/ssooidc@v1.43.2/types: Permission denied
rm: /var/folders/x5/_jwxtjjx347635h39vn8hcxm0000gn/T//ak2-prehearse.flRglu/home/go/pkg/mod/github.com/aws/aws-sdk-go-v2/service/ssooidc@v1.43.2/request_snapshot_test.go: Permission denied
rm: /var/folders/x5/_jwxtjjx347635h39vn8hcxm0000gn/T//ak2-prehearse.flRglu/home/go/pkg/mod/github.com/aws/aws-sdk-go-v2/service/ssooidc@v1.43.2/generated.json: Permission denied
rm: /var/folders/x5/_jwxtjjx347635h39vn8hcxm0000gn/T//ak2-prehearse.flRglu/home/go/pkg/mod/github.com/aws/aws-sdk-go-v2/service/ssooidc@v1.43.2/auth.go: Permission denied
rm: /var/folders/x5/_jwxtjjx347635h39vn8hcxm0000gn/T//ak2-prehearse.flRglu/home/go/pkg/mod/github.com/aws/aws-sdk-go-v2/service/ssooidc@v1.43.2/options.go: Permission denied
rm: /var/folders/x5/_jwxtjjx347635h39vn8hcxm0000gn/T//ak2-prehearse.flRglu/home/go/pkg/mod/github.com/aws/aws-sdk-go-v2/service/ssooidc@v1.43.2/CHANGELOG.md: Permission denied
rm: /var/folders/x5/_jwxtjjx347635h39vn8hcxm0000gn/T//ak2-prehearse.flRglu/home/go/pkg/mod/github.com/aws/aws-sdk-go-v2/service/ssooidc@v1.43.2/api_op_CreateTokenWithIAM.go: Permission denied
rm: /var/folders/x5/_jwxtjjx347635h39vn8hcxm0000gn/T//ak2-prehearse.flRglu/home/go/pkg/mod/github.com/aws/aws-sdk-go-v2/service/ssooidc@v1.43.2/go_module_metadata.go: Permission denied
rm: /var/folders/x5/_jwxtjjx347635h39vn8hcxm0000gn/T//ak2-prehearse.flRglu/home/go/pkg/mod/github.com/aws/aws-sdk-go-v2/service/ssooidc@v1.43.2/api_op_StartDeviceAuthorization.go: Permission denied
rm: /var/folders/x5/_jwxtjjx347635h39vn8hcxm0000gn/T//ak2-prehearse.flRglu/home/go/pkg/mod/github.com/aws/aws-sdk-go-v2/service/ssooidc@v1.43.2/internal/endpoints/endpoints_test.go: Permission denied
rm: /var/folders/x5/_jwxtjjx347635h39vn8hcxm0000gn/T//ak2-prehearse.flRglu/home/go/pkg/mod/github.com/aws/aws-sdk-go-v2/service/ssooidc@v1.43.2/internal/endpoints/endpoints.go: Permission denied
rm: /var/folders/x5/_jwxtjjx347635h39vn8hcxm0000gn/T//ak2-prehearse.flRglu/home/go/pkg/mod/github.com/aws/aws-sdk-go-v2/service/ssooidc@v1.43.2/internal/endpoints: Permission denied
rm: /var/folders/x5/_jwxtjjx347635h39vn8hcxm0000gn/T//ak2-prehearse.flRglu/home/go/pkg/mod/github.com/aws/aws-sdk-go-v2/service/ssooidc@v1.43.2/internal: Permission denied
rm: /var/folders/x5/_jwxtjjx347635h39vn8hcxm0000gn/T//ak2-prehearse.flRglu/home/go/pkg/mod/github.com/aws/aws-sdk-go-v2/service/ssooidc@v1.43.2/serializers.go: Permission denied
rm: /var/folders/x5/_jwxtjjx347635h39vn8hcxm0000gn/T//ak2-prehearse.flRglu/home/go/pkg/mod/github.com/aws/aws-sdk-go-v2/service/ssooidc@v1.43.2/validators.go: Permission denied
rm: /var/folders/x5/_jwxtjjx347635h39vn8hcxm0000gn/T//ak2-prehearse.flRglu/home/go/pkg/mod/github.com/aws/aws-sdk-go-v2/service/ssooidc@v1.43.2/go.sum: Permission denied
rm: /var/folders/x5/_jwxtjjx347635h39vn8hcxm0000gn/T//ak2-prehearse.flRglu/home/go/pkg/mod/github.com/aws/aws-sdk-go-v2/service/ssooidc@v1.43.2/snapshot_test.go: Permission denied
rm: /var/folders/x5/_jwxtjjx347635h39vn8hcxm0000gn/T//ak2-prehearse.flRglu/home/go/pkg/mod/github.com/aws/aws-sdk-go-v2/service/ssooidc@v1.43.2/api_client_test.go: Permission denied
rm: /var/folders/x5/_jwxtjjx347635h39vn8hcxm0000gn/T//ak2-prehearse.flRglu/home/go/pkg/mod/github.com/aws/aws-sdk-go-v2/service/ssooidc@v1.43.2/doc.go: Permission denied
rm: /var/folders/x5/_jwxtjjx347635h39vn8hcxm0000gn/T//ak2-prehearse.flRglu/home/go/pkg/mod/github.com/aws/aws-sdk-go-v2/service/ssooidc@v1.43.2/api_op_CreateToken.go: Permission denied
rm: /var/folders/x5/_jwxtjjx347635h39vn8hcxm0000gn/T//ak2-prehearse.flRglu/home/go/pkg/mod/github.com/aws/aws-sdk-go-v2/service/ssooidc@v1.43.2/endpoints_config_test.go: Permission denied
rm: /var/folders/x5/_jwxtjjx347635h39vn8hcxm0000gn/T//ak2-prehearse.flRglu/home/go/pkg/mod/github.com/aws/aws-sdk-go-v2/service/ssooidc@v1.43.2/api_op_RegisterClient.go: Permission denied
rm: /var/folders/x5/_jwxtjjx347635h39vn8hcxm0000gn/T//ak2-prehearse.flRglu/home/go/pkg/mod/github.com/aws/aws-sdk-go-v2/service/ssooidc@v1.43.2/request_snapshot/RegisterClient.request.snap: Permission denied
rm: /var/folders/x5/_jwxtjjx347635h39vn8hcxm0000gn/T//ak2-prehearse.flRglu/home/go/pkg/mod/github.com/aws/aws-sdk-go-v2/service/ssooidc@v1.43.2/request_snapshot/CreateTokenWithIAM.request.snap: Permission denied
rm: /var/folders/x5/_jwxtjjx347635h39vn8hcxm0000gn/T//ak2-prehearse.flRglu/home/go/pkg/mod/github.com/aws/aws-sdk-go-v2/service/ssooidc@v1.43.2/request_snapshot/CreateToken.request.snap: Permission denied
rm: /var/folders/x5/_jwxtjjx347635h39vn8hcxm0000gn/T//ak2-prehearse.flRglu/home/go/pkg/mod/github.com/aws/aws-sdk-go-v2/service/ssooidc@v1.43.2/request_snapshot/StartDeviceAuthorization.request.snap: Permission denied
rm: /var/folders/x5/_jwxtjjx347635h39vn8hcxm0000gn/T//ak2-prehearse.flRglu/home/go/pkg/mod/github.com/aws/aws-sdk-go-v2/service/ssooidc@v1.43.2/request_snapshot: Permission denied
rm: /var/folders/x5/_jwxtjjx347635h39vn8hcxm0000gn/T//ak2-prehearse.flRglu/home/go/pkg/mod/github.com/aws/aws-sdk-go-v2/service/ssooidc@v1.43.2/endpoints_test.go: Permission denied
rm: /var/folders/x5/_jwxtjjx347635h39vn8hcxm0000gn/T//ak2-prehearse.flRglu/home/go/pkg/mod/github.com/aws/aws-sdk-go-v2/service/ssooidc@v1.43.2/LICENSE.txt: Permission denied
rm: /var/folders/x5/_jwxtjjx347635h39vn8hcxm0000gn/T//ak2-prehearse.flRglu/home/go/pkg/mod/github.com/aws/aws-sdk-go-v2/service/ssooidc@v1.43.2/endpoints.go: Permission denied
rm: /var/folders/x5/_jwxtjjx347635h39vn8hcxm0000gn/T//ak2-prehearse.flRglu/home/go/pkg/mod/github.com/aws/aws-sdk-go-v2/service/ssooidc@v1.43.2/response_snapshot_test.go: Permission denied
rm: /var/folders/x5/_jwxtjjx347635h39vn8hcxm0000gn/T//ak2-prehearse.flRglu/home/go/pkg/mod/github.com/aws/aws-sdk-go-v2/service/ssooidc@v1.43.2/api_client.go: Permission denied
rm: /var/folders/x5/_jwxtjjx347635h39vn8hcxm0000gn/T//ak2-prehearse.flRglu/home/go/pkg/mod/github.com/aws/aws-sdk-go-v2/service/ssooidc@v1.43.2/sra_operation_order_test.go: Permission denied
rm: /var/folders/x5/_jwxtjjx347635h39vn8hcxm0000gn/T//ak2-prehearse.flRglu/home/go/pkg/mod/github.com/aws/aws-sdk-go-v2/service/ssooidc@v1.43.2: Directory not empty
rm: /var/folders/x5/_jwxtjjx347635h39vn8hcxm0000gn/T//ak2-prehearse.flRglu/home/go/pkg/mod/github.com/aws/aws-sdk-go-v2/service/sts@v1.51.2/deserializers.go: Permission denied
rm: /var/folders/x5/_jwxtjjx347635h39vn8hcxm0000gn/T//ak2-prehearse.flRglu/home/go/pkg/mod/github.com/aws/aws-sdk-go-v2/service/sts@v1.51.2/api_op_AssumeRoot.go: Permission denied
rm: /var/folders/x5/_jwxtjjx347635h39vn8hcxm0000gn/T//ak2-prehearse.flRglu/home/go/pkg/mod/github.com/aws/aws-sdk-go-v2/service/sts@v1.51.2/snapshot/api_op_DecodeAuthorizationMessage.go.snap: Permission denied
rm: /var/folders/x5/_jwxtjjx347635h39vn8hcxm0000gn/T//ak2-prehearse.flRglu/home/go/pkg/mod/github.com/aws/aws-sdk-go-v2/service/sts@v1.51.2/snapshot/api_op_AssumeRoleWithWebIdentity.go.snap: Permission denied
rm: /var/folders/x5/_jwxtjjx347635h39vn8hcxm0000gn/T//ak2-prehearse.flRglu/home/go/pkg/mod/github.com/aws/aws-sdk-go-v2/service/sts@v1.51.2/snapshot/api_op_GetCallerIdentity.go.snap: Permission denied
rm: /var/folders/x5/_jwxtjjx347635h39vn8hcxm0000gn/T//ak2-prehearse.flRglu/home/go/pkg/mod/github.com/aws/aws-sdk-go-v2/service/sts@v1.51.2/snapshot/api_op_GetDelegatedAccessToken.go.snap: Permission denied
rm: /var/folders/x5/_jwxtjjx347635h39vn8hcxm0000gn/T//ak2-prehearse.flRglu/home/go/pkg/mod/github.com/aws/aws-sdk-go-v2/service/sts@v1.51.2/snapshot/api_op_GetWebIdentityToken.go.snap: Permission denied
rm: /var/folders/x5/_jwxtjjx347635h39vn8hcxm0000gn/T//ak2-prehearse.flRglu/home/go/pkg/mod/github.com/aws/aws-sdk-go-v2/service/sts@v1.51.2/snapshot/api_op_GetAccessKeyInfo.go.snap: Permission denied
rm: /var/folders/x5/_jwxtjjx347635h39vn8hcxm0000gn/T//ak2-prehearse.flRglu/home/go/pkg/mod/github.com/aws/aws-sdk-go-v2/service/sts@v1.51.2/snapshot/api_op_GetFederationToken.go.snap: Permission denied
rm: /var/folders/x5/_jwxtjjx347635h39vn8hcxm0000gn/T//ak2-prehearse.flRglu/home/go/pkg/mod/github.com/aws/aws-sdk-go-v2/service/sts@v1.51.2/snapshot/api_op_AssumeRoot.go.snap: Permission denied
rm: /var/folders/x5/_jwxtjjx347635h39vn8hcxm0000gn/T//ak2-prehearse.flRglu/home/go/pkg/mod/github.com/aws/aws-sdk-go-v2/service/sts@v1.51.2/snapshot/api_op_AssumeRole.go.snap: Permission denied
rm: /var/folders/x5/_jwxtjjx347635h39vn8hcxm0000gn/T//ak2-prehearse.flRglu/home/go/pkg/mod/github.com/aws/aws-sdk-go-v2/service/sts@v1.51.2/snapshot/api_op_GetSessionToken.go.snap: Permission denied
rm: /var/folders/x5/_jwxtjjx347635h39vn8hcxm0000gn/T//ak2-prehearse.flRglu/home/go/pkg/mod/github.com/aws/aws-sdk-go-v2/service/sts@v1.51.2/snapshot/api_op_AssumeRoleWithSAML.go.snap: Permission denied
rm: /var/folders/x5/_jwxtjjx347635h39vn8hcxm0000gn/T//ak2-prehearse.flRglu/home/go/pkg/mod/github.com/aws/aws-sdk-go-v2/service/sts@v1.51.2/snapshot: Permission denied
rm: /var/folders/x5/_jwxtjjx347635h39vn8hcxm0000gn/T//ak2-prehearse.flRglu/home/go/pkg/mod/github.com/aws/aws-sdk-go-v2/service/sts@v1.51.2/go.mod: Permission denied
rm: /var/folders/x5/_jwxtjjx347635h39vn8hcxm0000gn/T//ak2-prehearse.flRglu/home/go/pkg/mod/github.com/aws/aws-sdk-go-v2/service/sts@v1.51.2/types/types.go: Permission denied
rm: /var/folders/x5/_jwxtjjx347635h39vn8hcxm0000gn/T//ak2-prehearse.flRglu/home/go/pkg/mod/github.com/aws/aws-sdk-go-v2/service/sts@v1.51.2/types/errors.go: Permission denied
rm: /var/folders/x5/_jwxtjjx347635h39vn8hcxm0000gn/T//ak2-prehearse.flRglu/home/go/pkg/mod/github.com/aws/aws-sdk-go-v2/service/sts@v1.51.2/types: Permission denied
rm: /var/folders/x5/_jwxtjjx347635h39vn8hcxm0000gn/T//ak2-prehearse.flRglu/home/go/pkg/mod/github.com/aws/aws-sdk-go-v2/service/sts@v1.51.2/request_snapshot_test.go: Permission denied
rm: /var/folders/x5/_jwxtjjx347635h39vn8hcxm0000gn/T//ak2-prehearse.flRglu/home/go/pkg/mod/github.com/aws/aws-sdk-go-v2/service/sts@v1.51.2/generated.json: Permission denied
rm: /var/folders/x5/_jwxtjjx347635h39vn8hcxm0000gn/T//ak2-prehearse.flRglu/home/go/pkg/mod/github.com/aws/aws-sdk-go-v2/service/sts@v1.51.2/auth.go: Permission denied
rm: /var/folders/x5/_jwxtjjx347635h39vn8hcxm0000gn/T//ak2-prehearse.flRglu/home/go/pkg/mod/github.com/aws/aws-sdk-go-v2/service/sts@v1.51.2/options.go: Permission denied
rm: /var/folders/x5/_jwxtjjx347635h39vn8hcxm0000gn/T//ak2-prehearse.flRglu/home/go/pkg/mod/github.com/aws/aws-sdk-go-v2/service/sts@v1.51.2/api_op_GetDelegatedAccessToken.go: Permission denied
rm: /var/folders/x5/_jwxtjjx347635h39vn8hcxm0000gn/T//ak2-prehearse.flRglu/home/go/pkg/mod/github.com/aws/aws-sdk-go-v2/service/sts@v1.51.2/CHANGELOG.md: Permission denied
rm: /var/folders/x5/_jwxtjjx347635h39vn8hcxm0000gn/T//ak2-prehearse.flRglu/home/go/pkg/mod/github.com/aws/aws-sdk-go-v2/service/sts@v1.51.2/api_op_DecodeAuthorizationMessage.go: Permission denied
rm: /var/folders/x5/_jwxtjjx347635h39vn8hcxm0000gn/T//ak2-prehearse.flRglu/home/go/pkg/mod/github.com/aws/aws-sdk-go-v2/service/sts@v1.51.2/api_op_AssumeRoleWithWebIdentity.go: Permission denied
rm: /var/folders/x5/_jwxtjjx347635h39vn8hcxm0000gn/T//ak2-prehearse.flRglu/home/go/pkg/mod/github.com/aws/aws-sdk-go-v2/service/sts@v1.51.2/go_module_metadata.go: Permission denied
rm: /var/folders/x5/_jwxtjjx347635h39vn8hcxm0000gn/T//ak2-prehearse.flRglu/home/go/pkg/mod/github.com/aws/aws-sdk-go-v2/service/sts@v1.51.2/api_op_GetAccessKeyInfo.go: Permission denied
rm: /var/folders/x5/_jwxtjjx347635h39vn8hcxm0000gn/T//ak2-prehearse.flRglu/home/go/pkg/mod/github.com/aws/aws-sdk-go-v2/service/sts@v1.51.2/internal/endpoints/endpoints_test.go: Permission denied
rm: /var/folders/x5/_jwxtjjx347635h39vn8hcxm0000gn/T//ak2-prehearse.flRglu/home/go/pkg/mod/github.com/aws/aws-sdk-go-v2/service/sts@v1.51.2/internal/endpoints/endpoints.go: Permission denied
rm: /var/folders/x5/_jwxtjjx347635h39vn8hcxm0000gn/T//ak2-prehearse.flRglu/home/go/pkg/mod/github.com/aws/aws-sdk-go-v2/service/sts@v1.51.2/internal/endpoints: Permission denied
rm: /var/folders/x5/_jwxtjjx347635h39vn8hcxm0000gn/T//ak2-prehearse.flRglu/home/go/pkg/mod/github.com/aws/aws-sdk-go-v2/service/sts@v1.51.2/internal: Permission denied
rm: /var/folders/x5/_jwxtjjx347635h39vn8hcxm0000gn/T//ak2-prehearse.flRglu/home/go/pkg/mod/github.com/aws/aws-sdk-go-v2/service/sts@v1.51.2/serializers.go: Permission denied
rm: /var/folders/x5/_jwxtjjx347635h39vn8hcxm0000gn/T//ak2-prehearse.flRglu/home/go/pkg/mod/github.com/aws/aws-sdk-go-v2/service/sts@v1.51.2/api_op_GetCallerIdentity.go: Permission denied
rm: /var/folders/x5/_jwxtjjx347635h39vn8hcxm0000gn/T//ak2-prehearse.flRglu/home/go/pkg/mod/github.com/aws/aws-sdk-go-v2/service/sts@v1.51.2/validators.go: Permission denied
rm: /var/folders/x5/_jwxtjjx347635h39vn8hcxm0000gn/T//ak2-prehearse.flRglu/home/go/pkg/mod/github.com/aws/aws-sdk-go-v2/service/sts@v1.51.2/go.sum: Permission denied
rm: /var/folders/x5/_jwxtjjx347635h39vn8hcxm0000gn/T//ak2-prehearse.flRglu/home/go/pkg/mod/github.com/aws/aws-sdk-go-v2/service/sts@v1.51.2/snapshot_test.go: Permission denied
rm: /var/folders/x5/_jwxtjjx347635h39vn8hcxm0000gn/T//ak2-prehearse.flRglu/home/go/pkg/mod/github.com/aws/aws-sdk-go-v2/service/sts@v1.51.2/api_client_test.go: Permission denied
rm: /var/folders/x5/_jwxtjjx347635h39vn8hcxm0000gn/T//ak2-prehearse.flRglu/home/go/pkg/mod/github.com/aws/aws-sdk-go-v2/service/sts@v1.51.2/api_op_AssumeRoleWithSAML.go: Permission denied
rm: /var/folders/x5/_jwxtjjx347635h39vn8hcxm0000gn/T//ak2-prehearse.flRglu/home/go/pkg/mod/github.com/aws/aws-sdk-go-v2/service/sts@v1.51.2/doc.go: Permission denied
rm: /var/folders/x5/_jwxtjjx347635h39vn8hcxm0000gn/T//ak2-prehearse.flRglu/home/go/pkg/mod/github.com/aws/aws-sdk-go-v2/service/sts@v1.51.2/api_op_GetSessionToken.go: Permission denied
rm: /var/folders/x5/_jwxtjjx347635h39vn8hcxm0000gn/T//ak2-prehearse.flRglu/home/go/pkg/mod/github.com/aws/aws-sdk-go-v2/service/sts@v1.51.2/endpoints_config_test.go: Permission denied
rm: /var/folders/x5/_jwxtjjx347635h39vn8hcxm0000gn/T//ak2-prehearse.flRglu/home/go/pkg/mod/github.com/aws/aws-sdk-go-v2/service/sts@v1.51.2/api_op_AssumeRole.go: Permission denied
rm: /var/folders/x5/_jwxtjjx347635h39vn8hcxm0000gn/T//ak2-prehearse.flRglu/home/go/pkg/mod/github.com/aws/aws-sdk-go-v2/service/sts@v1.51.2/api_op_GetWebIdentityToken.go: Permission denied
rm: /var/folders/x5/_jwxtjjx347635h39vn8hcxm0000gn/T//ak2-prehearse.flRglu/home/go/pkg/mod/github.com/aws/aws-sdk-go-v2/service/sts@v1.51.2/request_snapshot/GetAccessKeyInfo.request.snap: Permission denied
rm: /var/folders/x5/_jwxtjjx347635h39vn8hcxm0000gn/T//ak2-prehearse.flRglu/home/go/pkg/mod/github.com/aws/aws-sdk-go-v2/service/sts@v1.51.2/request_snapshot/GetFederationToken.request.snap: Permission denied
rm: /var/folders/x5/_jwxtjjx347635h39vn8hcxm0000gn/T//ak2-prehearse.flRglu/home/go/pkg/mod/github.com/aws/aws-sdk-go-v2/service/sts@v1.51.2/request_snapshot/DecodeAuthorizationMessage.request.snap: Permission denied
rm: /var/folders/x5/_jwxtjjx347635h39vn8hcxm0000gn/T//ak2-prehearse.flRglu/home/go/pkg/mod/github.com/aws/aws-sdk-go-v2/service/sts@v1.51.2/request_snapshot/GetSessionToken.request.snap: Permission denied
rm: /var/folders/x5/_jwxtjjx347635h39vn8hcxm0000gn/T//ak2-prehearse.flRglu/home/go/pkg/mod/github.com/aws/aws-sdk-go-v2/service/sts@v1.51.2/request_snapshot/GetWebIdentityToken.request.snap: Permission denied
rm: /var/folders/x5/_jwxtjjx347635h39vn8hcxm0000gn/T//ak2-prehearse.flRglu/home/go/pkg/mod/github.com/aws/aws-sdk-go-v2/service/sts@v1.51.2/request_snapshot/AssumeRoot.request.snap: Permission denied
rm: /var/folders/x5/_jwxtjjx347635h39vn8hcxm0000gn/T//ak2-prehearse.flRglu/home/go/pkg/mod/github.com/aws/aws-sdk-go-v2/service/sts@v1.51.2/request_snapshot/AssumeRoleWithWebIdentity.request.snap: Permission denied
rm: /var/folders/x5/_jwxtjjx347635h39vn8hcxm0000gn/T//ak2-prehearse.flRglu/home/go/pkg/mod/github.com/aws/aws-sdk-go-v2/service/sts@v1.51.2/request_snapshot/GetDelegatedAccessToken.request.snap: Permission denied
rm: /var/folders/x5/_jwxtjjx347635h39vn8hcxm0000gn/T//ak2-prehearse.flRglu/home/go/pkg/mod/github.com/aws/aws-sdk-go-v2/service/sts@v1.51.2/request_snapshot/AssumeRoleWithSAML.request.snap: Permission denied
rm: /var/folders/x5/_jwxtjjx347635h39vn8hcxm0000gn/T//ak2-prehearse.flRglu/home/go/pkg/mod/github.com/aws/aws-sdk-go-v2/service/sts@v1.51.2/request_snapshot/GetCallerIdentity.request.snap: Permission denied
rm: /var/folders/x5/_jwxtjjx347635h39vn8hcxm0000gn/T//ak2-prehearse.flRglu/home/go/pkg/mod/github.com/aws/aws-sdk-go-v2/service/sts@v1.51.2/request_snapshot/AssumeRole.request.snap: Permission denied
rm: /var/folders/x5/_jwxtjjx347635h39vn8hcxm0000gn/T//ak2-prehearse.flRglu/home/go/pkg/mod/github.com/aws/aws-sdk-go-v2/service/sts@v1.51.2/request_snapshot: Permission denied
rm: /var/folders/x5/_jwxtjjx347635h39vn8hcxm0000gn/T//ak2-prehearse.flRglu/home/go/pkg/mod/github.com/aws/aws-sdk-go-v2/service/sts@v1.51.2/api_op_GetFederationToken.go: Permission denied
rm: /var/folders/x5/_jwxtjjx347635h39vn8hcxm0000gn/T//ak2-prehearse.flRglu/home/go/pkg/mod/github.com/aws/aws-sdk-go-v2/service/sts@v1.51.2/endpoints_test.go: Permission denied
rm: /var/folders/x5/_jwxtjjx347635h39vn8hcxm0000gn/T//ak2-prehearse.flRglu/home/go/pkg/mod/github.com/aws/aws-sdk-go-v2/service/sts@v1.51.2/LICENSE.txt: Permission denied
rm: /var/folders/x5/_jwxtjjx347635h39vn8hcxm0000gn/T//ak2-prehearse.flRglu/home/go/pkg/mod/github.com/aws/aws-sdk-go-v2/service/sts@v1.51.2/endpoints.go: Permission denied
rm: /var/folders/x5/_jwxtjjx347635h39vn8hcxm0000gn/T//ak2-prehearse.flRglu/home/go/pkg/mod/github.com/aws/aws-sdk-go-v2/service/sts@v1.51.2/response_snapshot_test.go: Permission denied
rm: /var/folders/x5/_jwxtjjx347635h39vn8hcxm0000gn/T//ak2-prehearse.flRglu/home/go/pkg/mod/github.com/aws/aws-sdk-go-v2/service/sts@v1.51.2/api_client.go: Permission denied
rm: /var/folders/x5/_jwxtjjx347635h39vn8hcxm0000gn/T//ak2-prehearse.flRglu/home/go/pkg/mod/github.com/aws/aws-sdk-go-v2/service/sts@v1.51.2/sra_operation_order_test.go: Permission denied
rm: /var/folders/x5/_jwxtjjx347635h39vn8hcxm0000gn/T//ak2-prehearse.flRglu/home/go/pkg/mod/github.com/aws/aws-sdk-go-v2/service/sts@v1.51.2: Directory not empty
rm: /var/folders/x5/_jwxtjjx347635h39vn8hcxm0000gn/T//ak2-prehearse.flRglu/home/go/pkg/mod/github.com/aws/aws-sdk-go-v2/service/signin@v1.10.2/api_op_DeleteConsoleAuthorizationConfiguration.go: Permission denied
rm: /var/folders/x5/_jwxtjjx347635h39vn8hcxm0000gn/T//ak2-prehearse.flRglu/home/go/pkg/mod/github.com/aws/aws-sdk-go-v2/service/signin@v1.10.2/deserializers.go: Permission denied
rm: /var/folders/x5/_jwxtjjx347635h39vn8hcxm0000gn/T//ak2-prehearse.flRglu/home/go/pkg/mod/github.com/aws/aws-sdk-go-v2/service/signin@v1.10.2/api_op_ListResourcePermissionStatements.go: Permission denied
rm: /var/folders/x5/_jwxtjjx347635h39vn8hcxm0000gn/T//ak2-prehearse.flRglu/home/go/pkg/mod/github.com/aws/aws-sdk-go-v2/service/signin@v1.10.2/snapshot/api_op_GetResourcePolicy.go.snap: Permission denied
rm: /var/folders/x5/_jwxtjjx347635h39vn8hcxm0000gn/T//ak2-prehearse.flRglu/home/go/pkg/mod/github.com/aws/aws-sdk-go-v2/service/signin@v1.10.2/snapshot/api_op_DeleteResourcePermissionStatement.go.snap: Permission denied
rm: /var/folders/x5/_jwxtjjx347635h39vn8hcxm0000gn/T//ak2-prehearse.flRglu/home/go/pkg/mod/github.com/aws/aws-sdk-go-v2/service/signin@v1.10.2/snapshot/api_op_GetConsoleAuthorizationConfiguration.go.snap: Permission denied
rm: /var/folders/x5/_jwxtjjx347635h39vn8hcxm0000gn/T//ak2-prehearse.flRglu/home/go/pkg/mod/github.com/aws/aws-sdk-go-v2/service/signin@v1.10.2/snapshot/api_op_RevokeOAuth2TokenWithIAM.go.snap: Permission denied
rm: /var/folders/x5/_jwxtjjx347635h39vn8hcxm0000gn/T//ak2-prehearse.flRglu/home/go/pkg/mod/github.com/aws/aws-sdk-go-v2/service/signin@v1.10.2/snapshot/api_op_PutResourcePermissionStatement.go.snap: Permission denied
rm: /var/folders/x5/_jwxtjjx347635h39vn8hcxm0000gn/T//ak2-prehearse.flRglu/home/go/pkg/mod/github.com/aws/aws-sdk-go-v2/service/signin@v1.10.2/snapshot/api_op_CreateOAuth2Token.go.snap: Permission denied
rm: /var/folders/x5/_jwxtjjx347635h39vn8hcxm0000gn/T//ak2-prehearse.flRglu/home/go/pkg/mod/github.com/aws/aws-sdk-go-v2/service/signin@v1.10.2/snapshot/api_op_CreateOAuth2TokenWithIAM.go.snap: Permission denied
rm: /var/folders/x5/_jwxtjjx347635h39vn8hcxm0000gn/T//ak2-prehearse.flRglu/home/go/pkg/mod/github.com/aws/aws-sdk-go-v2/service/signin@v1.10.2/snapshot/api_op_DeleteConsoleAuthorizationConfiguration.go.snap: Permission denied
rm: /var/folders/x5/_jwxtjjx347635h39vn8hcxm0000gn/T//ak2-prehearse.flRglu/home/go/pkg/mod/github.com/aws/aws-sdk-go-v2/service/signin@v1.10.2/snapshot/api_op_ListResourcePermissionStatements.go.snap: Permission denied
rm: /var/folders/x5/_jwxtjjx347635h39vn8hcxm0000gn/T//ak2-prehearse.flRglu/home/go/pkg/mod/github.com/aws/aws-sdk-go-v2/service/signin@v1.10.2/snapshot/api_op_IntrospectOAuth2TokenWithIAM.go.snap: Permission denied
rm: /var/folders/x5/_jwxtjjx347635h39vn8hcxm0000gn/T//ak2-prehearse.flRglu/home/go/pkg/mod/github.com/aws/aws-sdk-go-v2/service/signin@v1.10.2/snapshot/api_op_PutConsoleAuthorizationConfiguration.go.snap: Permission denied
rm: /var/folders/x5/_jwxtjjx347635h39vn8hcxm0000gn/T//ak2-prehearse.flRglu/home/go/pkg/mod/github.com/aws/aws-sdk-go-v2/service/signin@v1.10.2/snapshot: Permission denied
rm: /var/folders/x5/_jwxtjjx347635h39vn8hcxm0000gn/T//ak2-prehearse.flRglu/home/go/pkg/mod/github.com/aws/aws-sdk-go-v2/service/signin@v1.10.2/go.mod: Permission denied
rm: /var/folders/x5/_jwxtjjx347635h39vn8hcxm0000gn/T//ak2-prehearse.flRglu/home/go/pkg/mod/github.com/aws/aws-sdk-go-v2/service/signin@v1.10.2/types/enums.go: Permission denied
rm: /var/folders/x5/_jwxtjjx347635h39vn8hcxm0000gn/T//ak2-prehearse.flRglu/home/go/pkg/mod/github.com/aws/aws-sdk-go-v2/service/signin@v1.10.2/types/types.go: Permission denied
rm: /var/folders/x5/_jwxtjjx347635h39vn8hcxm0000gn/T//ak2-prehearse.flRglu/home/go/pkg/mod/github.com/aws/aws-sdk-go-v2/service/signin@v1.10.2/types/errors.go: Permission denied
rm: /var/folders/x5/_jwxtjjx347635h39vn8hcxm0000gn/T//ak2-prehearse.flRglu/home/go/pkg/mod/github.com/aws/aws-sdk-go-v2/service/signin@v1.10.2/types: Permission denied
rm: /var/folders/x5/_jwxtjjx347635h39vn8hcxm0000gn/T//ak2-prehearse.flRglu/home/go/pkg/mod/github.com/aws/aws-sdk-go-v2/service/signin@v1.10.2/request_snapshot_test.go: Permission denied
rm: /var/folders/x5/_jwxtjjx347635h39vn8hcxm0000gn/T//ak2-prehearse.flRglu/home/go/pkg/mod/github.com/aws/aws-sdk-go-v2/service/signin@v1.10.2/generated.json: Permission denied
rm: /var/folders/x5/_jwxtjjx347635h39vn8hcxm0000gn/T//ak2-prehearse.flRglu/home/go/pkg/mod/github.com/aws/aws-sdk-go-v2/service/signin@v1.10.2/auth.go: Permission denied
rm: /var/folders/x5/_jwxtjjx347635h39vn8hcxm0000gn/T//ak2-prehearse.flRglu/home/go/pkg/mod/github.com/aws/aws-sdk-go-v2/service/signin@v1.10.2/options.go: Permission denied
rm: /var/folders/x5/_jwxtjjx347635h39vn8hcxm0000gn/T//ak2-prehearse.flRglu/home/go/pkg/mod/github.com/aws/aws-sdk-go-v2/service/signin@v1.10.2/api_op_PutResourcePermissionStatement.go: Permission denied
rm: /var/folders/x5/_jwxtjjx347635h39vn8hcxm0000gn/T//ak2-prehearse.flRglu/home/go/pkg/mod/github.com/aws/aws-sdk-go-v2/service/signin@v1.10.2/CHANGELOG.md: Permission denied
rm: /var/folders/x5/_jwxtjjx347635h39vn8hcxm0000gn/T//ak2-prehearse.flRglu/home/go/pkg/mod/github.com/aws/aws-sdk-go-v2/service/signin@v1.10.2/go_module_metadata.go: Permission denied
rm: /var/folders/x5/_jwxtjjx347635h39vn8hcxm0000gn/T//ak2-prehearse.flRglu/home/go/pkg/mod/github.com/aws/aws-sdk-go-v2/service/signin@v1.10.2/api_op_GetConsoleAuthorizationConfiguration.go: Permission denied
rm: /var/folders/x5/_jwxtjjx347635h39vn8hcxm0000gn/T//ak2-prehearse.flRglu/home/go/pkg/mod/github.com/aws/aws-sdk-go-v2/service/signin@v1.10.2/internal/endpoints/endpoints_test.go: Permission denied
rm: /var/folders/x5/_jwxtjjx347635h39vn8hcxm0000gn/T//ak2-prehearse.flRglu/home/go/pkg/mod/github.com/aws/aws-sdk-go-v2/service/signin@v1.10.2/internal/endpoints/endpoints.go: Permission denied
rm: /var/folders/x5/_jwxtjjx347635h39vn8hcxm0000gn/T//ak2-prehearse.flRglu/home/go/pkg/mod/github.com/aws/aws-sdk-go-v2/service/signin@v1.10.2/internal/endpoints: Permission denied
rm: /var/folders/x5/_jwxtjjx347635h39vn8hcxm0000gn/T//ak2-prehearse.flRglu/home/go/pkg/mod/github.com/aws/aws-sdk-go-v2/service/signin@v1.10.2/internal: Permission denied
rm: /var/folders/x5/_jwxtjjx347635h39vn8hcxm0000gn/T//ak2-prehearse.flRglu/home/go/pkg/mod/github.com/aws/aws-sdk-go-v2/service/signin@v1.10.2/serializers.go: Permission denied
rm: /var/folders/x5/_jwxtjjx347635h39vn8hcxm0000gn/T//ak2-prehearse.flRglu/home/go/pkg/mod/github.com/aws/aws-sdk-go-v2/service/signin@v1.10.2/api_op_DeleteResourcePermissionStatement.go: Permission denied
rm: /var/folders/x5/_jwxtjjx347635h39vn8hcxm0000gn/T//ak2-prehearse.flRglu/home/go/pkg/mod/github.com/aws/aws-sdk-go-v2/service/signin@v1.10.2/api_op_IntrospectOAuth2TokenWithIAM.go: Permission denied
rm: /var/folders/x5/_jwxtjjx347635h39vn8hcxm0000gn/T//ak2-prehearse.flRglu/home/go/pkg/mod/github.com/aws/aws-sdk-go-v2/service/signin@v1.10.2/validators.go: Permission denied
rm: /var/folders/x5/_jwxtjjx347635h39vn8hcxm0000gn/T//ak2-prehearse.flRglu/home/go/pkg/mod/github.com/aws/aws-sdk-go-v2/service/signin@v1.10.2/go.sum: Permission denied
rm: /var/folders/x5/_jwxtjjx347635h39vn8hcxm0000gn/T//ak2-prehearse.flRglu/home/go/pkg/mod/github.com/aws/aws-sdk-go-v2/service/signin@v1.10.2/snapshot_test.go: Permission denied
rm: /var/folders/x5/_jwxtjjx347635h39vn8hcxm0000gn/T//ak2-prehearse.flRglu/home/go/pkg/mod/github.com/aws/aws-sdk-go-v2/service/signin@v1.10.2/api_client_test.go: Permission denied
rm: /var/folders/x5/_jwxtjjx347635h39vn8hcxm0000gn/T//ak2-prehearse.flRglu/home/go/pkg/mod/github.com/aws/aws-sdk-go-v2/service/signin@v1.10.2/api_op_CreateOAuth2Token.go: Permission denied
rm: /var/folders/x5/_jwxtjjx347635h39vn8hcxm0000gn/T//ak2-prehearse.flRglu/home/go/pkg/mod/github.com/aws/aws-sdk-go-v2/service/signin@v1.10.2/doc.go: Permission denied
rm: /var/folders/x5/_jwxtjjx347635h39vn8hcxm0000gn/T//ak2-prehearse.flRglu/home/go/pkg/mod/github.com/aws/aws-sdk-go-v2/service/signin@v1.10.2/endpoints_config_test.go: Permission denied
rm: /var/folders/x5/_jwxtjjx347635h39vn8hcxm0000gn/T//ak2-prehearse.flRglu/home/go/pkg/mod/github.com/aws/aws-sdk-go-v2/service/signin@v1.10.2/api_op_RevokeOAuth2TokenWithIAM.go: Permission denied
rm: /var/folders/x5/_jwxtjjx347635h39vn8hcxm0000gn/T//ak2-prehearse.flRglu/home/go/pkg/mod/github.com/aws/aws-sdk-go-v2/service/signin@v1.10.2/request_snapshot/DeleteResourcePermissionStatement.request.snap: Permission denied
rm: /var/folders/x5/_jwxtjjx347635h39vn8hcxm0000gn/T//ak2-prehearse.flRglu/home/go/pkg/mod/github.com/aws/aws-sdk-go-v2/service/signin@v1.10.2/request_snapshot/PutConsoleAuthorizationConfiguration.request.snap: Permission denied
rm: /var/folders/x5/_jwxtjjx347635h39vn8hcxm0000gn/T//ak2-prehearse.flRglu/home/go/pkg/mod/github.com/aws/aws-sdk-go-v2/service/signin@v1.10.2/request_snapshot/IntrospectOAuth2TokenWithIAM.request.snap: Permission denied
rm: /var/folders/x5/_jwxtjjx347635h39vn8hcxm0000gn/T//ak2-prehearse.flRglu/home/go/pkg/mod/github.com/aws/aws-sdk-go-v2/service/signin@v1.10.2/request_snapshot/PutResourcePermissionStatement.request.snap: Permission denied
rm: /var/folders/x5/_jwxtjjx347635h39vn8hcxm0000gn/T//ak2-prehearse.flRglu/home/go/pkg/mod/github.com/aws/aws-sdk-go-v2/service/signin@v1.10.2/request_snapshot/RevokeOAuth2TokenWithIAM.request.snap: Permission denied
rm: /var/folders/x5/_jwxtjjx347635h39vn8hcxm0000gn/T//ak2-prehearse.flRglu/home/go/pkg/mod/github.com/aws/aws-sdk-go-v2/service/signin@v1.10.2/request_snapshot/DeleteConsoleAuthorizationConfiguration.request.snap: Permission denied
rm: /var/folders/x5/_jwxtjjx347635h39vn8hcxm0000gn/T//ak2-prehearse.flRglu/home/go/pkg/mod/github.com/aws/aws-sdk-go-v2/service/signin@v1.10.2/request_snapshot/CreateOAuth2TokenWithIAM.request.snap: Permission denied
rm: /var/folders/x5/_jwxtjjx347635h39vn8hcxm0000gn/T//ak2-prehearse.flRglu/home/go/pkg/mod/github.com/aws/aws-sdk-go-v2/service/signin@v1.10.2/request_snapshot/GetConsoleAuthorizationConfiguration.request.snap: Permission denied
rm: /var/folders/x5/_jwxtjjx347635h39vn8hcxm0000gn/T//ak2-prehearse.flRglu/home/go/pkg/mod/github.com/aws/aws-sdk-go-v2/service/signin@v1.10.2/request_snapshot/GetResourcePolicy.request.snap: Permission denied
rm: /var/folders/x5/_jwxtjjx347635h39vn8hcxm0000gn/T//ak2-prehearse.flRglu/home/go/pkg/mod/github.com/aws/aws-sdk-go-v2/service/signin@v1.10.2/request_snapshot/CreateOAuth2Token.request.snap: Permission denied
rm: /var/folders/x5/_jwxtjjx347635h39vn8hcxm0000gn/T//ak2-prehearse.flRglu/home/go/pkg/mod/github.com/aws/aws-sdk-go-v2/service/signin@v1.10.2/request_snapshot/ListResourcePermissionStatements.request.snap: Permission denied
rm: /var/folders/x5/_jwxtjjx347635h39vn8hcxm0000gn/T//ak2-prehearse.flRglu/home/go/pkg/mod/github.com/aws/aws-sdk-go-v2/service/signin@v1.10.2/request_snapshot: Permission denied
rm: /var/folders/x5/_jwxtjjx347635h39vn8hcxm0000gn/T//ak2-prehearse.flRglu/home/go/pkg/mod/github.com/aws/aws-sdk-go-v2/service/signin@v1.10.2/endpoints_test.go: Permission denied
rm: /var/folders/x5/_jwxtjjx347635h39vn8hcxm0000gn/T//ak2-prehearse.flRglu/home/go/pkg/mod/github.com/aws/aws-sdk-go-v2/service/signin@v1.10.2/LICENSE.txt: Permission denied
rm: /var/folders/x5/_jwxtjjx347635h39vn8hcxm0000gn/T//ak2-prehearse.flRglu/home/go/pkg/mod/github.com/aws/aws-sdk-go-v2/service/signin@v1.10.2/endpoints.go: Permission denied
rm: /var/folders/x5/_jwxtjjx347635h39vn8hcxm0000gn/T//ak2-prehearse.flRglu/home/go/pkg/mod/github.com/aws/aws-sdk-go-v2/service/signin@v1.10.2/response_snapshot_test.go: Permission denied
rm: /var/folders/x5/_jwxtjjx347635h39vn8hcxm0000gn/T//ak2-prehearse.flRglu/home/go/pkg/mod/github.com/aws/aws-sdk-go-v2/service/signin@v1.10.2/api_client.go: Permission denied
rm: /var/folders/x5/_jwxtjjx347635h39vn8hcxm0000gn/T//ak2-prehearse.flRglu/home/go/pkg/mod/github.com/aws/aws-sdk-go-v2/service/signin@v1.10.2/api_op_PutConsoleAuthorizationConfiguration.go: Permission denied
rm: /var/folders/x5/_jwxtjjx347635h39vn8hcxm0000gn/T//ak2-prehearse.flRglu/home/go/pkg/mod/github.com/aws/aws-sdk-go-v2/service/signin@v1.10.2/api_op_GetResourcePolicy.go: Permission denied
rm: /var/folders/x5/_jwxtjjx347635h39vn8hcxm0000gn/T//ak2-prehearse.flRglu/home/go/pkg/mod/github.com/aws/aws-sdk-go-v2/service/signin@v1.10.2/api_op_CreateOAuth2TokenWithIAM.go: Permission denied
rm: /var/folders/x5/_jwxtjjx347635h39vn8hcxm0000gn/T//ak2-prehearse.flRglu/home/go/pkg/mod/github.com/aws/aws-sdk-go-v2/service/signin@v1.10.2/sra_operation_order_test.go: Permission denied
rm: /var/folders/x5/_jwxtjjx347635h39vn8hcxm0000gn/T//ak2-prehearse.flRglu/home/go/pkg/mod/github.com/aws/aws-sdk-go-v2/service/signin@v1.10.2: Directory not empty
rm: /var/folders/x5/_jwxtjjx347635h39vn8hcxm0000gn/T//ak2-prehearse.flRglu/home/go/pkg/mod/github.com/aws/aws-sdk-go-v2/service: Directory not empty
rm: /var/folders/x5/_jwxtjjx347635h39vn8hcxm0000gn/T//ak2-prehearse.flRglu/home/go/pkg/mod/github.com/aws/aws-sdk-go-v2: Directory not empty
rm: /var/folders/x5/_jwxtjjx347635h39vn8hcxm0000gn/T//ak2-prehearse.flRglu/home/go/pkg/mod/github.com/aws/aws-sdk-go-v2@v1.47.1/ci-find-smithy-go.sh: Permission denied
rm: /var/folders/x5/_jwxtjjx347635h39vn8hcxm0000gn/T//ak2-prehearse.flRglu/home/go/pkg/mod/github.com/aws/aws-sdk-go-v2@v1.47.1/.golangci.toml: Permission denied
rm: /var/folders/x5/_jwxtjjx347635h39vn8hcxm0000gn/T//ak2-prehearse.flRglu/home/go/pkg/mod/github.com/aws/aws-sdk-go-v2@v1.47.1/CODE_OF_CONDUCT.md: Permission denied
rm: /var/folders/x5/_jwxtjjx347635h39vn8hcxm0000gn/T//ak2-prehearse.flRglu/home/go/pkg/mod/github.com/aws/aws-sdk-go-v2@v1.47.1/SMITHY_GO_CODEGEN_VERSION: Permission denied
rm: /var/folders/x5/_jwxtjjx347635h39vn8hcxm0000gn/T//ak2-prehearse.flRglu/home/go/pkg/mod/github.com/aws/aws-sdk-go-v2@v1.47.1/go.mod: Permission denied
rm: /var/folders/x5/_jwxtjjx347635h39vn8hcxm0000gn/T//ak2-prehearse.flRglu/home/go/pkg/mod/github.com/aws/aws-sdk-go-v2@v1.47.1/changelog-template.json: Permission denied
rm: /var/folders/x5/_jwxtjjx347635h39vn8hcxm0000gn/T//ak2-prehearse.flRglu/home/go/pkg/mod/github.com/aws/aws-sdk-go-v2@v1.47.1/CHANGELOG.md: Permission denied
rm: /var/folders/x5/_jwxtjjx347635h39vn8hcxm0000gn/T//ak2-prehearse.flRglu/home/go/pkg/mod/github.com/aws/aws-sdk-go-v2@v1.47.1/Makefile: Permission denied
rm: /var/folders/x5/_jwxtjjx347635h39vn8hcxm0000gn/T//ak2-prehearse.flRglu/home/go/pkg/mod/github.com/aws/aws-sdk-go-v2@v1.47.1/buildspec.yml: Permission denied
rm: /var/folders/x5/_jwxtjjx347635h39vn8hcxm0000gn/T//ak2-prehearse.flRglu/home/go/pkg/mod/github.com/aws/aws-sdk-go-v2@v1.47.1/.changelog/5fba1a1236534c2ca5aee123020cabe7.json: Permission denied
rm: /var/folders/x5/_jwxtjjx347635h39vn8hcxm0000gn/T//ak2-prehearse.flRglu/home/go/pkg/mod/github.com/aws/aws-sdk-go-v2@v1.47.1/.changelog: Permission denied
rm: /var/folders/x5/_jwxtjjx347635h39vn8hcxm0000gn/T//ak2-prehearse.flRglu/home/go/pkg/mod/github.com/aws/aws-sdk-go-v2@v1.47.1/MAINTAINERS.md: Permission denied
rm: /var/folders/x5/_jwxtjjx347635h39vn8hcxm0000gn/T//ak2-prehearse.flRglu/home/go/pkg/mod/github.com/aws/aws-sdk-go-v2@v1.47.1/internal/middleware/middleware.go: Permission denied
rm: /var/folders/x5/_jwxtjjx347635h39vn8hcxm0000gn/T//ak2-prehearse.flRglu/home/go/pkg/mod/github.com/aws/aws-sdk-go-v2@v1.47.1/internal/middleware: Permission denied
rm: /var/folders/x5/_jwxtjjx347635h39vn8hcxm0000gn/T//ak2-prehearse.flRglu/home/go/pkg/mod/github.com/aws/aws-sdk-go-v2@v1.47.1/internal/timeconv/duration.go: Permission denied
rm: /var/folders/x5/_jwxtjjx347635h39vn8hcxm0000gn/T//ak2-prehearse.flRglu/home/go/pkg/mod/github.com/aws/aws-sdk-go-v2@v1.47.1/internal/timeconv: Permission denied
rm: /var/folders/x5/_jwxtjjx347635h39vn8hcxm0000gn/T//ak2-prehearse.flRglu/home/go/pkg/mod/github.com/aws/aws-sdk-go-v2@v1.47.1/internal/strings/strings_test.go: Permission denied
rm: /var/folders/x5/_jwxtjjx347635h39vn8hcxm0000gn/T//ak2-prehearse.flRglu/home/go/pkg/mod/github.com/aws/aws-sdk-go-v2@v1.47.1/internal/strings/strings.go: Permission denied
rm: /var/folders/x5/_jwxtjjx347635h39vn8hcxm0000gn/T//ak2-prehearse.flRglu/home/go/pkg/mod/github.com/aws/aws-sdk-go-v2@v1.47.1/internal/strings: Permission denied
rm: /var/folders/x5/_jwxtjjx347635h39vn8hcxm0000gn/T//ak2-prehearse.flRglu/home/go/pkg/mod/github.com/aws/aws-sdk-go-v2@v1.47.1/internal/context/context.go: Permission denied
rm: /var/folders/x5/_jwxtjjx347635h39vn8hcxm0000gn/T//ak2-prehearse.flRglu/home/go/pkg/mod/github.com/aws/aws-sdk-go-v2@v1.47.1/internal/context: Permission denied
rm: /var/folders/x5/_jwxtjjx347635h39vn8hcxm0000gn/T//ak2-prehearse.flRglu/home/go/pkg/mod/github.com/aws/aws-sdk-go-v2@v1.47.1/internal/awstesting/unit/unit.go: Permission denied
rm: /var/folders/x5/_jwxtjjx347635h39vn8hcxm0000gn/T//ak2-prehearse.flRglu/home/go/pkg/mod/github.com/aws/aws-sdk-go-v2@v1.47.1/internal/awstesting/unit: Permission denied
rm: /var/folders/x5/_jwxtjjx347635h39vn8hcxm0000gn/T//ak2-prehearse.flRglu/home/go/pkg/mod/github.com/aws/aws-sdk-go-v2@v1.47.1/internal/awstesting/endless_reader.go: Permission denied
rm: /var/folders/x5/_jwxtjjx347635h39vn8hcxm0000gn/T//ak2-prehearse.flRglu/home/go/pkg/mod/github.com/aws/aws-sdk-go-v2@v1.47.1/internal/awstesting/assert_test.go: Permission denied
rm: /var/folders/x5/_jwxtjjx347635h39vn8hcxm0000gn/T//ak2-prehearse.flRglu/home/go/pkg/mod/github.com/aws/aws-sdk-go-v2@v1.47.1/internal/awstesting/util_test.go: Permission denied
rm: /var/folders/x5/_jwxtjjx347635h39vn8hcxm0000gn/T//ak2-prehearse.flRglu/home/go/pkg/mod/github.com/aws/aws-sdk-go-v2@v1.47.1/internal/awstesting/assert.go: Permission denied
rm: /var/folders/x5/_jwxtjjx347635h39vn8hcxm0000gn/T//ak2-prehearse.flRglu/home/go/pkg/mod/github.com/aws/aws-sdk-go-v2@v1.47.1/internal/awstesting/util.go: Permission denied
rm: /var/folders/x5/_jwxtjjx347635h39vn8hcxm0000gn/T//ak2-prehearse.flRglu/home/go/pkg/mod/github.com/aws/aws-sdk-go-v2@v1.47.1/internal/awstesting/discard.go: Permission denied
rm: /var/folders/x5/_jwxtjjx347635h39vn8hcxm0000gn/T//ak2-prehearse.flRglu/home/go/pkg/mod/github.com/aws/aws-sdk-go-v2@v1.47.1/internal/awstesting/certificate_utils.go: Permission denied
rm: /var/folders/x5/_jwxtjjx347635h39vn8hcxm0000gn/T//ak2-prehearse.flRglu/home/go/pkg/mod/github.com/aws/aws-sdk-go-v2@v1.47.1/internal/awstesting: Permission denied
rm: /var/folders/x5/_jwxtjjx347635h39vn8hcxm0000gn/T//ak2-prehearse.flRglu/home/go/pkg/mod/github.com/aws/aws-sdk-go-v2@v1.47.1/internal/endpoints/awsrulesfn/generate.go: Permission denied
rm: /var/folders/x5/_jwxtjjx347635h39vn8hcxm0000gn/T//ak2-prehearse.flRglu/home/go/pkg/mod/github.com/aws/aws-sdk-go-v2@v1.47.1/internal/endpoints/awsrulesfn/partition.go: Permission denied
rm: /var/folders/x5/_jwxtjjx347635h39vn8hcxm0000gn/T//ak2-prehearse.flRglu/home/go/pkg/mod/github.com/aws/aws-sdk-go-v2@v1.47.1/internal/endpoints/awsrulesfn/partitions.go: Permission denied
rm: /var/folders/x5/_jwxtjjx347635h39vn8hcxm0000gn/T//ak2-prehearse.flRglu/home/go/pkg/mod/github.com/aws/aws-sdk-go-v2@v1.47.1/internal/endpoints/awsrulesfn/partition_test.go: Permission denied
rm: /var/folders/x5/_jwxtjjx347635h39vn8hcxm0000gn/T//ak2-prehearse.flRglu/home/go/pkg/mod/github.com/aws/aws-sdk-go-v2@v1.47.1/internal/endpoints/awsrulesfn/host_test.go: Permission denied
rm: /var/folders/x5/_jwxtjjx347635h39vn8hcxm0000gn/T//ak2-prehearse.flRglu/home/go/pkg/mod/github.com/aws/aws-sdk-go-v2@v1.47.1/internal/endpoints/awsrulesfn/arn.go: Permission denied
rm: /var/folders/x5/_jwxtjjx347635h39vn8hcxm0000gn/T//ak2-prehearse.flRglu/home/go/pkg/mod/github.com/aws/aws-sdk-go-v2@v1.47.1/internal/endpoints/awsrulesfn/internal/partition/codegen.go: Permission denied
rm: /var/folders/x5/_jwxtjjx347635h39vn8hcxm0000gn/T//ak2-prehearse.flRglu/home/go/pkg/mod/github.com/aws/aws-sdk-go-v2@v1.47.1/internal/endpoints/awsrulesfn/internal/partition: Permission denied
rm: /var/folders/x5/_jwxtjjx347635h39vn8hcxm0000gn/T//ak2-prehearse.flRglu/home/go/pkg/mod/github.com/aws/aws-sdk-go-v2@v1.47.1/internal/endpoints/awsrulesfn/internal: Permission denied
rm: /var/folders/x5/_jwxtjjx347635h39vn8hcxm0000gn/T//ak2-prehearse.flRglu/home/go/pkg/mod/github.com/aws/aws-sdk-go-v2@v1.47.1/internal/endpoints/awsrulesfn/host.go: Permission denied
rm: /var/folders/x5/_jwxtjjx347635h39vn8hcxm0000gn/T//ak2-prehearse.flRglu/home/go/pkg/mod/github.com/aws/aws-sdk-go-v2@v1.47.1/internal/endpoints/awsrulesfn/doc.go: Permission denied
rm: /var/folders/x5/_jwxtjjx347635h39vn8hcxm0000gn/T//ak2-prehearse.flRglu/home/go/pkg/mod/github.com/aws/aws-sdk-go-v2@v1.47.1/internal/endpoints/awsrulesfn/partitions.json: Permission denied
rm: /var/folders/x5/_jwxtjjx347635h39vn8hcxm0000gn/T//ak2-prehearse.flRglu/home/go/pkg/mod/github.com/aws/aws-sdk-go-v2@v1.47.1/internal/endpoints/awsrulesfn/arn_test.go: Permission denied
rm: /var/folders/x5/_jwxtjjx347635h39vn8hcxm0000gn/T//ak2-prehearse.flRglu/home/go/pkg/mod/github.com/aws/aws-sdk-go-v2@v1.47.1/internal/endpoints/awsrulesfn: Permission denied
rm: /var/folders/x5/_jwxtjjx347635h39vn8hcxm0000gn/T//ak2-prehearse.flRglu/home/go/pkg/mod/github.com/aws/aws-sdk-go-v2@v1.47.1/internal/endpoints/endpoints_test.go: Permission denied
rm: /var/folders/x5/_jwxtjjx347635h39vn8hcxm0000gn/T//ak2-prehearse.flRglu/home/go/pkg/mod/github.com/aws/aws-sdk-go-v2@v1.47.1/internal/endpoints/endpoints.go: Permission denied
rm: /var/folders/x5/_jwxtjjx347635h39vn8hcxm0000gn/T//ak2-prehearse.flRglu/home/go/pkg/mod/github.com/aws/aws-sdk-go-v2@v1.47.1/internal/endpoints: Permission denied
rm: /var/folders/x5/_jwxtjjx347635h39vn8hcxm0000gn/T//ak2-prehearse.flRglu/home/go/pkg/mod/github.com/aws/aws-sdk-go-v2@v1.47.1/internal/awsutil/equal.go: Permission denied
rm: /var/folders/x5/_jwxtjjx347635h39vn8hcxm0000gn/T//ak2-prehearse.flRglu/home/go/pkg/mod/github.com/aws/aws-sdk-go-v2@v1.47.1/internal/awsutil/prettify.go: Permission denied
rm: /var/folders/x5/_jwxtjjx347635h39vn8hcxm0000gn/T//ak2-prehearse.flRglu/home/go/pkg/mod/github.com/aws/aws-sdk-go-v2@v1.47.1/internal/awsutil/copy.go: Permission denied
rm: /var/folders/x5/_jwxtjjx347635h39vn8hcxm0000gn/T//ak2-prehearse.flRglu/home/go/pkg/mod/github.com/aws/aws-sdk-go-v2@v1.47.1/internal/awsutil/copy_test.go: Permission denied
rm: /var/folders/x5/_jwxtjjx347635h39vn8hcxm0000gn/T//ak2-prehearse.flRglu/home/go/pkg/mod/github.com/aws/aws-sdk-go-v2@v1.47.1/internal/awsutil/string_value.go: Permission denied
rm: /var/folders/x5/_jwxtjjx347635h39vn8hcxm0000gn/T//ak2-prehearse.flRglu/home/go/pkg/mod/github.com/aws/aws-sdk-go-v2@v1.47.1/internal/awsutil/string_value_test.go: Permission denied
rm: /var/folders/x5/_jwxtjjx347635h39vn8hcxm0000gn/T//ak2-prehearse.flRglu/home/go/pkg/mod/github.com/aws/aws-sdk-go-v2@v1.47.1/internal/awsutil/equal_test.go: Permission denied
rm: /var/folders/x5/_jwxtjjx347635h39vn8hcxm0000gn/T//ak2-prehearse.flRglu/home/go/pkg/mod/github.com/aws/aws-sdk-go-v2@v1.47.1/internal/awsutil: Permission denied
rm: /var/folders/x5/_jwxtjjx347635h39vn8hcxm0000gn/T//ak2-prehearse.flRglu/home/go/pkg/mod/github.com/aws/aws-sdk-go-v2@v1.47.1/internal/auth/auth.go: Permission denied
rm: /var/folders/x5/_jwxtjjx347635h39vn8hcxm0000gn/T//ak2-prehearse.flRglu/home/go/pkg/mod/github.com/aws/aws-sdk-go-v2@v1.47.1/internal/auth/smithy/smithy.go: Permission denied
rm: /var/folders/x5/_jwxtjjx347635h39vn8hcxm0000gn/T//ak2-prehearse.flRglu/home/go/pkg/mod/github.com/aws/aws-sdk-go-v2@v1.47.1/internal/auth/smithy/v4signer_adapter.go: Permission denied
rm: /var/folders/x5/_jwxtjjx347635h39vn8hcxm0000gn/T//ak2-prehearse.flRglu/home/go/pkg/mod/github.com/aws/aws-sdk-go-v2@v1.47.1/internal/auth/smithy/credentials_adapter.go: Permission denied
rm: /var/folders/x5/_jwxtjjx347635h39vn8hcxm0000gn/T//ak2-prehearse.flRglu/home/go/pkg/mod/github.com/aws/aws-sdk-go-v2@v1.47.1/internal/auth/smithy/v4signer_adapter_eventstream.go: Permission denied
rm: /var/folders/x5/_jwxtjjx347635h39vn8hcxm0000gn/T//ak2-prehearse.flRglu/home/go/pkg/mod/github.com/aws/aws-sdk-go-v2@v1.47.1/internal/auth/smithy/bearer_token_signer_adapter.go: Permission denied
rm: /var/folders/x5/_jwxtjjx347635h39vn8hcxm0000gn/T//ak2-prehearse.flRglu/home/go/pkg/mod/github.com/aws/aws-sdk-go-v2@v1.47.1/internal/auth/smithy/bearer_token_adapter.go: Permission denied
rm: /var/folders/x5/_jwxtjjx347635h39vn8hcxm0000gn/T//ak2-prehearse.flRglu/home/go/pkg/mod/github.com/aws/aws-sdk-go-v2@v1.47.1/internal/auth/smithy: Permission denied
rm: /var/folders/x5/_jwxtjjx347635h39vn8hcxm0000gn/T//ak2-prehearse.flRglu/home/go/pkg/mod/github.com/aws/aws-sdk-go-v2@v1.47.1/internal/auth/scheme.go: Permission denied
rm: /var/folders/x5/_jwxtjjx347635h39vn8hcxm0000gn/T//ak2-prehearse.flRglu/home/go/pkg/mod/github.com/aws/aws-sdk-go-v2@v1.47.1/internal/auth/scheme_test.go: Permission denied
rm: /var/folders/x5/_jwxtjjx347635h39vn8hcxm0000gn/T//ak2-prehearse.flRglu/home/go/pkg/mod/github.com/aws/aws-sdk-go-v2@v1.47.1/internal/auth: Permission denied
rm: /var/folders/x5/_jwxtjjx347635h39vn8hcxm0000gn/T//ak2-prehearse.flRglu/home/go/pkg/mod/github.com/aws/aws-sdk-go-v2@v1.47.1/internal/timeouts/timeouts.go: Permission denied
rm: /var/folders/x5/_jwxtjjx347635h39vn8hcxm0000gn/T//ak2-prehearse.flRglu/home/go/pkg/mod/github.com/aws/aws-sdk-go-v2@v1.47.1/internal/timeouts/timeouts_test.go: Permission denied
rm: /var/folders/x5/_jwxtjjx347635h39vn8hcxm0000gn/T//ak2-prehearse.flRglu/home/go/pkg/mod/github.com/aws/aws-sdk-go-v2@v1.47.1/internal/timeouts/awsinternal.go: Permission denied
rm: /var/folders/x5/_jwxtjjx347635h39vn8hcxm0000gn/T//ak2-prehearse.flRglu/home/go/pkg/mod/github.com/aws/aws-sdk-go-v2@v1.47.1/internal/timeouts/timeouts_services.go: Permission denied
rm: /var/folders/x5/_jwxtjjx347635h39vn8hcxm0000gn/T//ak2-prehearse.flRglu/home/go/pkg/mod/github.com/aws/aws-sdk-go-v2@v1.47.1/internal/timeouts: Permission denied
rm: /var/folders/x5/_jwxtjjx347635h39vn8hcxm0000gn/T//ak2-prehearse.flRglu/home/go/pkg/mod/github.com/aws/aws-sdk-go-v2@v1.47.1/internal/protocoltest/README.md: Permission denied
rm: /var/folders/x5/_jwxtjjx347635h39vn8hcxm0000gn/T//ak2-prehearse.flRglu/home/go/pkg/mod/github.com/aws/aws-sdk-go-v2@v1.47.1/internal/protocoltest/mockHttpClient.go: Permission denied
rm: /var/folders/x5/_jwxtjjx347635h39vn8hcxm0000gn/T//ak2-prehearse.flRglu/home/go/pkg/mod/github.com/aws/aws-sdk-go-v2@v1.47.1/internal/protocoltest: Permission denied
rm: /var/folders/x5/_jwxtjjx347635h39vn8hcxm0000gn/T//ak2-prehearse.flRglu/home/go/pkg/mod/github.com/aws/aws-sdk-go-v2@v1.47.1/internal/sdk/interfaces.go: Permission denied
rm: /var/folders/x5/_jwxtjjx347635h39vn8hcxm0000gn/T//ak2-prehearse.flRglu/home/go/pkg/mod/github.com/aws/aws-sdk-go-v2@v1.47.1/internal/sdk/time.go: Permission denied
rm: /var/folders/x5/_jwxtjjx347635h39vn8hcxm0000gn/T//ak2-prehearse.flRglu/home/go/pkg/mod/github.com/aws/aws-sdk-go-v2@v1.47.1/internal/sdk/time_test.go: Permission denied
rm: /var/folders/x5/_jwxtjjx347635h39vn8hcxm0000gn/T//ak2-prehearse.flRglu/home/go/pkg/mod/github.com/aws/aws-sdk-go-v2@v1.47.1/internal/sdk: Permission denied
rm: /var/folders/x5/_jwxtjjx347635h39vn8hcxm0000gn/T//ak2-prehearse.flRglu/home/go/pkg/mod/github.com/aws/aws-sdk-go-v2@v1.47.1/internal/shareddefaults/shared_config.go: Permission denied
rm: /var/folders/x5/_jwxtjjx347635h39vn8hcxm0000gn/T//ak2-prehearse.flRglu/home/go/pkg/mod/github.com/aws/aws-sdk-go-v2@v1.47.1/internal/shareddefaults/shared_config_windows_test.go: Permission denied
rm: /var/folders/x5/_jwxtjjx347635h39vn8hcxm0000gn/T//ak2-prehearse.flRglu/home/go/pkg/mod/github.com/aws/aws-sdk-go-v2@v1.47.1/internal/shareddefaults/shared_config_other_test.go: Permission denied
rm: /var/folders/x5/_jwxtjjx347635h39vn8hcxm0000gn/T//ak2-prehearse.flRglu/home/go/pkg/mod/github.com/aws/aws-sdk-go-v2@v1.47.1/internal/shareddefaults: Permission denied
rm: /var/folders/x5/_jwxtjjx347635h39vn8hcxm0000gn/T//ak2-prehearse.flRglu/home/go/pkg/mod/github.com/aws/aws-sdk-go-v2@v1.47.1/internal/rand/rand_test.go: Permission denied
rm: /var/folders/x5/_jwxtjjx347635h39vn8hcxm0000gn/T//ak2-prehearse.flRglu/home/go/pkg/mod/github.com/aws/aws-sdk-go-v2@v1.47.1/internal/rand/rand.go: Permission denied
rm: /var/folders/x5/_jwxtjjx347635h39vn8hcxm0000gn/T//ak2-prehearse.flRglu/home/go/pkg/mod/github.com/aws/aws-sdk-go-v2@v1.47.1/internal/rand: Permission denied
rm: /var/folders/x5/_jwxtjjx347635h39vn8hcxm0000gn/T//ak2-prehearse.flRglu/home/go/pkg/mod/github.com/aws/aws-sdk-go-v2@v1.47.1/internal/sync/singleflight/LICENSE: Permission denied
rm: /var/folders/x5/_jwxtjjx347635h39vn8hcxm0000gn/T//ak2-prehearse.flRglu/home/go/pkg/mod/github.com/aws/aws-sdk-go-v2@v1.47.1/internal/sync/singleflight/singleflight.go: Permission denied
rm: /var/folders/x5/_jwxtjjx347635h39vn8hcxm0000gn/T//ak2-prehearse.flRglu/home/go/pkg/mod/github.com/aws/aws-sdk-go-v2@v1.47.1/internal/sync/singleflight/docs.go: Permission denied
rm: /var/folders/x5/_jwxtjjx347635h39vn8hcxm0000gn/T//ak2-prehearse.flRglu/home/go/pkg/mod/github.com/aws/aws-sdk-go-v2@v1.47.1/internal/sync/singleflight/singleflight_test.go: Permission denied
rm: /var/folders/x5/_jwxtjjx347635h39vn8hcxm0000gn/T//ak2-prehearse.flRglu/home/go/pkg/mod/github.com/aws/aws-sdk-go-v2@v1.47.1/internal/sync/singleflight: Permission denied
rm: /var/folders/x5/_jwxtjjx347635h39vn8hcxm0000gn/T//ak2-prehearse.flRglu/home/go/pkg/mod/github.com/aws/aws-sdk-go-v2@v1.47.1/internal/sync: Permission denied
rm: /var/folders/x5/_jwxtjjx347635h39vn8hcxm0000gn/T//ak2-prehearse.flRglu/home/go/pkg/mod/github.com/aws/aws-sdk-go-v2@v1.47.1/internal/sdkio/byte.go: Permission denied
rm: /var/folders/x5/_jwxtjjx347635h39vn8hcxm0000gn/T//ak2-prehearse.flRglu/home/go/pkg/mod/github.com/aws/aws-sdk-go-v2@v1.47.1/internal/sdkio: Permission denied
rm: /var/folders/x5/_jwxtjjx347635h39vn8hcxm0000gn/T//ak2-prehearse.flRglu/home/go/pkg/mod/github.com/aws/aws-sdk-go-v2@v1.47.1/internal: Permission denied
rm: /var/folders/x5/_jwxtjjx347635h39vn8hcxm0000gn/T//ak2-prehearse.flRglu/home/go/pkg/mod/github.com/aws/aws-sdk-go-v2@v1.47.1/go.sum: Permission denied
rm: /var/folders/x5/_jwxtjjx347635h39vn8hcxm0000gn/T//ak2-prehearse.flRglu/home/go/pkg/mod/github.com/aws/aws-sdk-go-v2@v1.47.1/README.md: Permission denied
rm: /var/folders/x5/_jwxtjjx347635h39vn8hcxm0000gn/T//ak2-prehearse.flRglu/home/go/pkg/mod/github.com/aws/aws-sdk-go-v2@v1.47.1/NOTICE.txt: Permission denied
rm: /var/folders/x5/_jwxtjjx347635h39vn8hcxm0000gn/T//ak2-prehearse.flRglu/home/go/pkg/mod/github.com/aws/aws-sdk-go-v2@v1.47.1/doc.go: Permission denied
rm: /var/folders/x5/_jwxtjjx347635h39vn8hcxm0000gn/T//ak2-prehearse.flRglu/home/go/pkg/mod/github.com/aws/aws-sdk-go-v2@v1.47.1/.gitignore: Permission denied
rm: /var/folders/x5/_jwxtjjx347635h39vn8hcxm0000gn/T//ak2-prehearse.flRglu/home/go/pkg/mod/github.com/aws/aws-sdk-go-v2@v1.47.1/CONTRIBUTING.md: Permission denied
rm: /var/folders/x5/_jwxtjjx347635h39vn8hcxm0000gn/T//ak2-prehearse.flRglu/home/go/pkg/mod/github.com/aws/aws-sdk-go-v2@v1.47.1/.github/CODEOWNERS: Permission denied
rm: /var/folders/x5/_jwxtjjx347635h39vn8hcxm0000gn/T//ak2-prehearse.flRglu/home/go/pkg/mod/github.com/aws/aws-sdk-go-v2@v1.47.1/.github/workflows/request-snapshot.yml: Permission denied
rm: /var/folders/x5/_jwxtjjx347635h39vn8hcxm0000gn/T//ak2-prehearse.flRglu/home/go/pkg/mod/github.com/aws/aws-sdk-go-v2@v1.47.1/.github/workflows/issue-regression-labeler.yml: Permission denied
rm: /var/folders/x5/_jwxtjjx347635h39vn8hcxm0000gn/T//ak2-prehearse.flRglu/home/go/pkg/mod/github.com/aws/aws-sdk-go-v2@v1.47.1/.github/workflows/go.yml: Permission denied
rm: /var/folders/x5/_jwxtjjx347635h39vn8hcxm0000gn/T//ak2-prehearse.flRglu/home/go/pkg/mod/github.com/aws/aws-sdk-go-v2@v1.47.1/.github/workflows/slack.yml: Permission denied
rm: /var/folders/x5/_jwxtjjx347635h39vn8hcxm0000gn/T//ak2-prehearse.flRglu/home/go/pkg/mod/github.com/aws/aws-sdk-go-v2@v1.47.1/.github/workflows/snapshot.yml: Permission denied
rm: /var/folders/x5/_jwxtjjx347635h39vn8hcxm0000gn/T//ak2-prehearse.flRglu/home/go/pkg/mod/github.com/aws/aws-sdk-go-v2@v1.47.1/.github/workflows/integration-tests.yml: Permission denied
rm: /var/folders/x5/_jwxtjjx347635h39vn8hcxm0000gn/T//ak2-prehearse.flRglu/home/go/pkg/mod/github.com/aws/aws-sdk-go-v2@v1.47.1/.github/workflows/codegen.yml: Permission denied
rm: /var/folders/x5/_jwxtjjx347635h39vn8hcxm0000gn/T//ak2-prehearse.flRglu/home/go/pkg/mod/github.com/aws/aws-sdk-go-v2@v1.47.1/.github/workflows/response-snapshot.yml: Permission denied
rm: /var/folders/x5/_jwxtjjx347635h39vn8hcxm0000gn/T//ak2-prehearse.flRglu/home/go/pkg/mod/github.com/aws/aws-sdk-go-v2@v1.47.1/.github/workflows/license-check.yml: Permission denied
rm: /var/folders/x5/_jwxtjjx347635h39vn8hcxm0000gn/T//ak2-prehearse.flRglu/home/go/pkg/mod/github.com/aws/aws-sdk-go-v2@v1.47.1/.github/workflows: Permission denied
rm: /var/folders/x5/_jwxtjjx347635h39vn8hcxm0000gn/T//ak2-prehearse.flRglu/home/go/pkg/mod/github.com/aws/aws-sdk-go-v2@v1.47.1/.github/PULL_REQUEST_TEMPLATE.md: Permission denied
rm: /var/folders/x5/_jwxtjjx347635h39vn8hcxm0000gn/T//ak2-prehearse.flRglu/home/go/pkg/mod/github.com/aws/aws-sdk-go-v2@v1.47.1/.github/ISSUE_TEMPLATE.md: Permission denied
rm: /var/folders/x5/_jwxtjjx347635h39vn8hcxm0000gn/T//ak2-prehearse.flRglu/home/go/pkg/mod/github.com/aws/aws-sdk-go-v2@v1.47.1/.github/ISSUE_TEMPLATE/migration-issue.yml: Permission denied
rm: /var/folders/x5/_jwxtjjx347635h39vn8hcxm0000gn/T//ak2-prehearse.flRglu/home/go/pkg/mod/github.com/aws/aws-sdk-go-v2@v1.47.1/.github/ISSUE_TEMPLATE/bug-report.yml: Permission denied
rm: /var/folders/x5/_jwxtjjx347635h39vn8hcxm0000gn/T//ak2-prehearse.flRglu/home/go/pkg/mod/github.com/aws/aws-sdk-go-v2@v1.47.1/.github/ISSUE_TEMPLATE/config.yml: Permission denied
rm: /var/folders/x5/_jwxtjjx347635h39vn8hcxm0000gn/T//ak2-prehearse.flRglu/home/go/pkg/mod/github.com/aws/aws-sdk-go-v2@v1.47.1/.github/ISSUE_TEMPLATE/feature-request.yml: Permission denied
rm: /var/folders/x5/_jwxtjjx347635h39vn8hcxm0000gn/T//ak2-prehearse.flRglu/home/go/pkg/mod/github.com/aws/aws-sdk-go-v2@v1.47.1/.github/ISSUE_TEMPLATE/documentation.yml: Permission denied
rm: /var/folders/x5/_jwxtjjx347635h39vn8hcxm0000gn/T//ak2-prehearse.flRglu/home/go/pkg/mod/github.com/aws/aws-sdk-go-v2@v1.47.1/.github/ISSUE_TEMPLATE: Permission denied
rm: /var/folders/x5/_jwxtjjx347635h39vn8hcxm0000gn/T//ak2-prehearse.flRglu/home/go/pkg/mod/github.com/aws/aws-sdk-go-v2@v1.47.1/.github: Permission denied
rm: /var/folders/x5/_jwxtjjx347635h39vn8hcxm0000gn/T//ak2-prehearse.flRglu/home/go/pkg/mod/github.com/aws/aws-sdk-go-v2@v1.47.1/local-mod-replace.sh: Permission denied
rm: /var/folders/x5/_jwxtjjx347635h39vn8hcxm0000gn/T//ak2-prehearse.flRglu/home/go/pkg/mod/github.com/aws/aws-sdk-go-v2@v1.47.1/aws/generate.go: Permission denied
rm: /var/folders/x5/_jwxtjjx347635h39vn8hcxm0000gn/T//ak2-prehearse.flRglu/home/go/pkg/mod/github.com/aws/aws-sdk-go-v2@v1.47.1/aws/credentials.go: Permission denied
rm: /var/folders/x5/_jwxtjjx347635h39vn8hcxm0000gn/T//ak2-prehearse.flRglu/home/go/pkg/mod/github.com/aws/aws-sdk-go-v2@v1.47.1/aws/middleware/testdata/clock-skew-test-cases.json: Permission denied
rm: /var/folders/x5/_jwxtjjx347635h39vn8hcxm0000gn/T//ak2-prehearse.flRglu/home/go/pkg/mod/github.com/aws/aws-sdk-go-v2@v1.47.1/aws/middleware/testdata: Permission denied
rm: /var/folders/x5/_jwxtjjx347635h39vn8hcxm0000gn/T//ak2-prehearse.flRglu/home/go/pkg/mod/github.com/aws/aws-sdk-go-v2@v1.47.1/aws/middleware/metadata.go: Permission denied
rm: /var/folders/x5/_jwxtjjx347635h39vn8hcxm0000gn/T//ak2-prehearse.flRglu/home/go/pkg/mod/github.com/aws/aws-sdk-go-v2@v1.47.1/aws/middleware/osname_go115.go: Permission denied
rm: /var/folders/x5/_jwxtjjx347635h39vn8hcxm0000gn/T//ak2-prehearse.flRglu/home/go/pkg/mod/github.com/aws/aws-sdk-go-v2@v1.47.1/aws/middleware/osname.go: Permission denied
rm: /var/folders/x5/_jwxtjjx347635h39vn8hcxm0000gn/T//ak2-prehearse.flRglu/home/go/pkg/mod/github.com/aws/aws-sdk-go-v2@v1.47.1/aws/middleware/user_agent.go: Permission denied
rm: /var/folders/x5/_jwxtjjx347635h39vn8hcxm0000gn/T//ak2-prehearse.flRglu/home/go/pkg/mod/github.com/aws/aws-sdk-go-v2@v1.47.1/aws/middleware/middleware_test.go: Permission denied
rm: /var/folders/x5/_jwxtjjx347635h39vn8hcxm0000gn/T//ak2-prehearse.flRglu/home/go/pkg/mod/github.com/aws/aws-sdk-go-v2@v1.47.1/aws/middleware/request_id_retriever.go: Permission denied
rm: /var/folders/x5/_jwxtjjx347635h39vn8hcxm0000gn/T//ak2-prehearse.flRglu/home/go/pkg/mod/github.com/aws/aws-sdk-go-v2@v1.47.1/aws/middleware/recursion_detection.go: Permission denied
rm: /var/folders/x5/_jwxtjjx347635h39vn8hcxm0000gn/T//ak2-prehearse.flRglu/home/go/pkg/mod/github.com/aws/aws-sdk-go-v2@v1.47.1/aws/middleware/request_id.go: Permission denied
rm: /var/folders/x5/_jwxtjjx347635h39vn8hcxm0000gn/T//ak2-prehearse.flRglu/home/go/pkg/mod/github.com/aws/aws-sdk-go-v2@v1.47.1/aws/middleware/metadata_test.go: Permission denied
rm: /var/folders/x5/_jwxtjjx347635h39vn8hcxm0000gn/T//ak2-prehearse.flRglu/home/go/pkg/mod/github.com/aws/aws-sdk-go-v2@v1.47.1/aws/middleware/middleware.go: Permission denied
rm: /var/folders/x5/_jwxtjjx347635h39vn8hcxm0000gn/T//ak2-prehearse.flRglu/home/go/pkg/mod/github.com/aws/aws-sdk-go-v2@v1.47.1/aws/middleware/user_agent_test.go: Permission denied
rm: /var/folders/x5/_jwxtjjx347635h39vn8hcxm0000gn/T//ak2-prehearse.flRglu/home/go/pkg/mod/github.com/aws/aws-sdk-go-v2@v1.47.1/aws/middleware/clockskew_test.go: Permission denied
rm: /var/folders/x5/_jwxtjjx347635h39vn8hcxm0000gn/T//ak2-prehearse.flRglu/home/go/pkg/mod/github.com/aws/aws-sdk-go-v2@v1.47.1/aws/middleware/recursion_detection_test.go: Permission denied
rm: /var/folders/x5/_jwxtjjx347635h39vn8hcxm0000gn/T//ak2-prehearse.flRglu/home/go/pkg/mod/github.com/aws/aws-sdk-go-v2@v1.47.1/aws/middleware: Permission denied
rm: /var/folders/x5/_jwxtjjx347635h39vn8hcxm0000gn/T//ak2-prehearse.flRglu/home/go/pkg/mod/github.com/aws/aws-sdk-go-v2@v1.47.1/aws/signer/internal/v4/time.go: Permission denied
rm: /var/folders/x5/_jwxtjjx347635h39vn8hcxm0000gn/T//ak2-prehearse.flRglu/home/go/pkg/mod/github.com/aws/aws-sdk-go-v2@v1.47.1/aws/signer/internal/v4/util_test.go: Permission denied
rm: /var/folders/x5/_jwxtjjx347635h39vn8hcxm0000gn/T//ak2-prehearse.flRglu/home/go/pkg/mod/github.com/aws/aws-sdk-go-v2@v1.47.1/aws/signer/internal/v4/headers_test.go: Permission denied
rm: /var/folders/x5/_jwxtjjx347635h39vn8hcxm0000gn/T//ak2-prehearse.flRglu/home/go/pkg/mod/github.com/aws/aws-sdk-go-v2@v1.47.1/aws/signer/internal/v4/cache.go: Permission denied
rm: /var/folders/x5/_jwxtjjx347635h39vn8hcxm0000gn/T//ak2-prehearse.flRglu/home/go/pkg/mod/github.com/aws/aws-sdk-go-v2@v1.47.1/aws/signer/internal/v4/util.go: Permission denied
rm: /var/folders/x5/_jwxtjjx347635h39vn8hcxm0000gn/T//ak2-prehearse.flRglu/home/go/pkg/mod/github.com/aws/aws-sdk-go-v2@v1.47.1/aws/signer/internal/v4/host.go: Permission denied
rm: /var/folders/x5/_jwxtjjx347635h39vn8hcxm0000gn/T//ak2-prehearse.flRglu/home/go/pkg/mod/github.com/aws/aws-sdk-go-v2@v1.47.1/aws/signer/internal/v4/header_rules.go: Permission denied
rm: /var/folders/x5/_jwxtjjx347635h39vn8hcxm0000gn/T//ak2-prehearse.flRglu/home/go/pkg/mod/github.com/aws/aws-sdk-go-v2@v1.47.1/aws/signer/internal/v4/const.go: Permission denied
rm: /var/folders/x5/_jwxtjjx347635h39vn8hcxm0000gn/T//ak2-prehearse.flRglu/home/go/pkg/mod/github.com/aws/aws-sdk-go-v2@v1.47.1/aws/signer/internal/v4/scope.go: Permission denied
rm: /var/folders/x5/_jwxtjjx347635h39vn8hcxm0000gn/T//ak2-prehearse.flRglu/home/go/pkg/mod/github.com/aws/aws-sdk-go-v2@v1.47.1/aws/signer/internal/v4/hmac.go: Permission denied
rm: /var/folders/x5/_jwxtjjx347635h39vn8hcxm0000gn/T//ak2-prehearse.flRglu/home/go/pkg/mod/github.com/aws/aws-sdk-go-v2@v1.47.1/aws/signer/internal/v4/headers.go: Permission denied
rm: /var/folders/x5/_jwxtjjx347635h39vn8hcxm0000gn/T//ak2-prehearse.flRglu/home/go/pkg/mod/github.com/aws/aws-sdk-go-v2@v1.47.1/aws/signer/internal/v4: Permission denied
rm: /var/folders/x5/_jwxtjjx347635h39vn8hcxm0000gn/T//ak2-prehearse.flRglu/home/go/pkg/mod/github.com/aws/aws-sdk-go-v2@v1.47.1/aws/signer/internal: Permission denied
rm: /var/folders/x5/_jwxtjjx347635h39vn8hcxm0000gn/T//ak2-prehearse.flRglu/home/go/pkg/mod/github.com/aws/aws-sdk-go-v2@v1.47.1/aws/signer/v4/v4.go: Permission denied
rm: /var/folders/x5/_jwxtjjx347635h39vn8hcxm0000gn/T//ak2-prehearse.flRglu/home/go/pkg/mod/github.com/aws/aws-sdk-go-v2@v1.47.1/aws/signer/v4/stream.go: Permission denied
rm: /var/folders/x5/_jwxtjjx347635h39vn8hcxm0000gn/T//ak2-prehearse.flRglu/home/go/pkg/mod/github.com/aws/aws-sdk-go-v2@v1.47.1/aws/signer/v4/middleware_test.go: Permission denied
rm: /var/folders/x5/_jwxtjjx347635h39vn8hcxm0000gn/T//ak2-prehearse.flRglu/home/go/pkg/mod/github.com/aws/aws-sdk-go-v2@v1.47.1/aws/signer/v4/presign_middleware_test.go: Permission denied
rm: /var/folders/x5/_jwxtjjx347635h39vn8hcxm0000gn/T//ak2-prehearse.flRglu/home/go/pkg/mod/github.com/aws/aws-sdk-go-v2@v1.47.1/aws/signer/v4/functional_test.go: Permission denied
rm: /var/folders/x5/_jwxtjjx347635h39vn8hcxm0000gn/T//ak2-prehearse.flRglu/home/go/pkg/mod/github.com/aws/aws-sdk-go-v2@v1.47.1/aws/signer/v4/v4_test.go: Permission denied
rm: /var/folders/x5/_jwxtjjx347635h39vn8hcxm0000gn/T//ak2-prehearse.flRglu/home/go/pkg/mod/github.com/aws/aws-sdk-go-v2@v1.47.1/aws/signer/v4/stream_test.go: Permission denied
rm: /var/folders/x5/_jwxtjjx347635h39vn8hcxm0000gn/T//ak2-prehearse.flRglu/home/go/pkg/mod/github.com/aws/aws-sdk-go-v2@v1.47.1/aws/signer/v4/middleware.go: Permission denied
rm: /var/folders/x5/_jwxtjjx347635h39vn8hcxm0000gn/T//ak2-prehearse.flRglu/home/go/pkg/mod/github.com/aws/aws-sdk-go-v2@v1.47.1/aws/signer/v4/presign_middleware.go: Permission denied
rm: /var/folders/x5/_jwxtjjx347635h39vn8hcxm0000gn/T//ak2-prehearse.flRglu/home/go/pkg/mod/github.com/aws/aws-sdk-go-v2@v1.47.1/aws/signer/v4: Permission denied
rm: /var/folders/x5/_jwxtjjx347635h39vn8hcxm0000gn/T//ak2-prehearse.flRglu/home/go/pkg/mod/github.com/aws/aws-sdk-go-v2@v1.47.1/aws/signer: Permission denied
rm: /var/folders/x5/_jwxtjjx347635h39vn8hcxm0000gn/T//ak2-prehearse.flRglu/home/go/pkg/mod/github.com/aws/aws-sdk-go-v2@v1.47.1/aws/config.go: Permission denied
rm: /var/folders/x5/_jwxtjjx347635h39vn8hcxm0000gn/T//ak2-prehearse.flRglu/home/go/pkg/mod/github.com/aws/aws-sdk-go-v2@v1.47.1/aws/version.go: Permission denied
rm: /var/folders/x5/_jwxtjjx347635h39vn8hcxm0000gn/T//ak2-prehearse.flRglu/home/go/pkg/mod/github.com/aws/aws-sdk-go-v2@v1.47.1/aws/checksum.go: Permission denied
rm: /var/folders/x5/_jwxtjjx347635h39vn8hcxm0000gn/T//ak2-prehearse.flRglu/home/go/pkg/mod/github.com/aws/aws-sdk-go-v2@v1.47.1/aws/to_ptr.go: Permission denied
rm: /var/folders/x5/_jwxtjjx347635h39vn8hcxm0000gn/T//ak2-prehearse.flRglu/home/go/pkg/mod/github.com/aws/aws-sdk-go-v2@v1.47.1/aws/credential_cache.go: Permission denied
rm: /var/folders/x5/_jwxtjjx347635h39vn8hcxm0000gn/T//ak2-prehearse.flRglu/home/go/pkg/mod/github.com/aws/aws-sdk-go-v2@v1.47.1/aws/transport/http/content_type.go: Permission denied
rm: /var/folders/x5/_jwxtjjx347635h39vn8hcxm0000gn/T//ak2-prehearse.flRglu/home/go/pkg/mod/github.com/aws/aws-sdk-go-v2@v1.47.1/aws/transport/http/timeout_read_closer_test.go: Permission denied
rm: /var/folders/x5/_jwxtjjx347635h39vn8hcxm0000gn/T//ak2-prehearse.flRglu/home/go/pkg/mod/github.com/aws/aws-sdk-go-v2@v1.47.1/aws/transport/http/timeouts.go: Permission denied
rm: /var/folders/x5/_jwxtjjx347635h39vn8hcxm0000gn/T//ak2-prehearse.flRglu/home/go/pkg/mod/github.com/aws/aws-sdk-go-v2@v1.47.1/aws/transport/http/timeouts_test.go: Permission denied
rm: /var/folders/x5/_jwxtjjx347635h39vn8hcxm0000gn/T//ak2-prehearse.flRglu/home/go/pkg/mod/github.com/aws/aws-sdk-go-v2@v1.47.1/aws/transport/http/response_error.go: Permission denied
rm: /var/folders/x5/_jwxtjjx347635h39vn8hcxm0000gn/T//ak2-prehearse.flRglu/home/go/pkg/mod/github.com/aws/aws-sdk-go-v2@v1.47.1/aws/transport/http/client.go: Permission denied
rm: /var/folders/x5/_jwxtjjx347635h39vn8hcxm0000gn/T//ak2-prehearse.flRglu/home/go/pkg/mod/github.com/aws/aws-sdk-go-v2@v1.47.1/aws/transport/http/response_error_middleware.go: Permission denied
rm: /var/folders/x5/_jwxtjjx347635h39vn8hcxm0000gn/T//ak2-prehearse.flRglu/home/go/pkg/mod/github.com/aws/aws-sdk-go-v2@v1.47.1/aws/transport/http/client_test.go: Permission denied
rm: /var/folders/x5/_jwxtjjx347635h39vn8hcxm0000gn/T//ak2-prehearse.flRglu/home/go/pkg/mod/github.com/aws/aws-sdk-go-v2@v1.47.1/aws/transport/http/timeout_read_closer.go: Permission denied
rm: /var/folders/x5/_jwxtjjx347635h39vn8hcxm0000gn/T//ak2-prehearse.flRglu/home/go/pkg/mod/github.com/aws/aws-sdk-go-v2@v1.47.1/aws/transport/http: Permission denied
rm: /var/folders/x5/_jwxtjjx347635h39vn8hcxm0000gn/T//ak2-prehearse.flRglu/home/go/pkg/mod/github.com/aws/aws-sdk-go-v2@v1.47.1/aws/transport: Permission denied
rm: /var/folders/x5/_jwxtjjx347635h39vn8hcxm0000gn/T//ak2-prehearse.flRglu/home/go/pkg/mod/github.com/aws/aws-sdk-go-v2@v1.47.1/aws/retry/adaptive_ratelimit.go: Permission denied
rm: /var/folders/x5/_jwxtjjx347635h39vn8hcxm0000gn/T//ak2-prehearse.flRglu/home/go/pkg/mod/github.com/aws/aws-sdk-go-v2@v1.47.1/aws/retry/adaptive_ratelimit_test.go: Permission denied
rm: /var/folders/x5/_jwxtjjx347635h39vn8hcxm0000gn/T//ak2-prehearse.flRglu/home/go/pkg/mod/github.com/aws/aws-sdk-go-v2@v1.47.1/aws/retry/metadata.go: Permission denied
rm: /var/folders/x5/_jwxtjjx347635h39vn8hcxm0000gn/T//ak2-prehearse.flRglu/home/go/pkg/mod/github.com/aws/aws-sdk-go-v2@v1.47.1/aws/retry/example_test.go: Permission denied
rm: /var/folders/x5/_jwxtjjx347635h39vn8hcxm0000gn/T//ak2-prehearse.flRglu/home/go/pkg/mod/github.com/aws/aws-sdk-go-v2@v1.47.1/aws/retry/retry_test.go: Permission denied
rm: /var/folders/x5/_jwxtjjx347635h39vn8hcxm0000gn/T//ak2-prehearse.flRglu/home/go/pkg/mod/github.com/aws/aws-sdk-go-v2@v1.47.1/aws/retry/retryable_error.go: Permission denied
rm: /var/folders/x5/_jwxtjjx347635h39vn8hcxm0000gn/T//ak2-prehearse.flRglu/home/go/pkg/mod/github.com/aws/aws-sdk-go-v2@v1.47.1/aws/retry/middleware_test.go: Permission denied
rm: /var/folders/x5/_jwxtjjx347635h39vn8hcxm0000gn/T//ak2-prehearse.flRglu/home/go/pkg/mod/github.com/aws/aws-sdk-go-v2@v1.47.1/aws/retry/timeout_error_test.go: Permission denied
rm: /var/folders/x5/_jwxtjjx347635h39vn8hcxm0000gn/T//ak2-prehearse.flRglu/home/go/pkg/mod/github.com/aws/aws-sdk-go-v2@v1.47.1/aws/retry/internal/mock/config.go: Permission denied
rm: /var/folders/x5/_jwxtjjx347635h39vn8hcxm0000gn/T//ak2-prehearse.flRglu/home/go/pkg/mod/github.com/aws/aws-sdk-go-v2@v1.47.1/aws/retry/internal/mock/types.go: Permission denied
rm: /var/folders/x5/_jwxtjjx347635h39vn8hcxm0000gn/T//ak2-prehearse.flRglu/home/go/pkg/mod/github.com/aws/aws-sdk-go-v2@v1.47.1/aws/retry/internal/mock/client.go: Permission denied
rm: /var/folders/x5/_jwxtjjx347635h39vn8hcxm0000gn/T//ak2-prehearse.flRglu/home/go/pkg/mod/github.com/aws/aws-sdk-go-v2@v1.47.1/aws/retry/internal/mock: Permission denied
rm: /var/folders/x5/_jwxtjjx347635h39vn8hcxm0000gn/T//ak2-prehearse.flRglu/home/go/pkg/mod/github.com/aws/aws-sdk-go-v2@v1.47.1/aws/retry/internal: Permission denied
rm: /var/folders/x5/_jwxtjjx347635h39vn8hcxm0000gn/T//ak2-prehearse.flRglu/home/go/pkg/mod/github.com/aws/aws-sdk-go-v2@v1.47.1/aws/retry/standard.go: Permission denied
rm: /var/folders/x5/_jwxtjjx347635h39vn8hcxm0000gn/T//ak2-prehearse.flRglu/home/go/pkg/mod/github.com/aws/aws-sdk-go-v2@v1.47.1/aws/retry/jitter_backoff_test.go: Permission denied
rm: /var/folders/x5/_jwxtjjx347635h39vn8hcxm0000gn/T//ak2-prehearse.flRglu/home/go/pkg/mod/github.com/aws/aws-sdk-go-v2@v1.47.1/aws/retry/adaptive_test.go: Permission denied
rm: /var/folders/x5/_jwxtjjx347635h39vn8hcxm0000gn/T//ak2-prehearse.flRglu/home/go/pkg/mod/github.com/aws/aws-sdk-go-v2@v1.47.1/aws/retry/adaptive_token_bucket_test.go: Permission denied
rm: /var/folders/x5/_jwxtjjx347635h39vn8hcxm0000gn/T//ak2-prehearse.flRglu/home/go/pkg/mod/github.com/aws/aws-sdk-go-v2@v1.47.1/aws/retry/doc.go: Permission denied
rm: /var/folders/x5/_jwxtjjx347635h39vn8hcxm0000gn/T//ak2-prehearse.flRglu/home/go/pkg/mod/github.com/aws/aws-sdk-go-v2@v1.47.1/aws/retry/adaptive_token_bucket.go: Permission denied
rm: /var/folders/x5/_jwxtjjx347635h39vn8hcxm0000gn/T//ak2-prehearse.flRglu/home/go/pkg/mod/github.com/aws/aws-sdk-go-v2@v1.47.1/aws/retry/retry2026_test.go: Permission denied
rm: /var/folders/x5/_jwxtjjx347635h39vn8hcxm0000gn/T//ak2-prehearse.flRglu/home/go/pkg/mod/github.com/aws/aws-sdk-go-v2@v1.47.1/aws/retry/adaptive.go: Permission denied
rm: /var/folders/x5/_jwxtjjx347635h39vn8hcxm0000gn/T//ak2-prehearse.flRglu/home/go/pkg/mod/github.com/aws/aws-sdk-go-v2@v1.47.1/aws/retry/retry.go: Permission denied
rm: /var/folders/x5/_jwxtjjx347635h39vn8hcxm0000gn/T//ak2-prehearse.flRglu/home/go/pkg/mod/github.com/aws/aws-sdk-go-v2@v1.47.1/aws/retry/middleware.go: Permission denied
rm: /var/folders/x5/_jwxtjjx347635h39vn8hcxm0000gn/T//ak2-prehearse.flRglu/home/go/pkg/mod/github.com/aws/aws-sdk-go-v2@v1.47.1/aws/retry/retryable_error_test.go: Permission denied
rm: /var/folders/x5/_jwxtjjx347635h39vn8hcxm0000gn/T//ak2-prehearse.flRglu/home/go/pkg/mod/github.com/aws/aws-sdk-go-v2@v1.47.1/aws/retry/jitter_backoff.go: Permission denied
rm: /var/folders/x5/_jwxtjjx347635h39vn8hcxm0000gn/T//ak2-prehearse.flRglu/home/go/pkg/mod/github.com/aws/aws-sdk-go-v2@v1.47.1/aws/retry/clockskew_test.go: Permission denied
rm: /var/folders/x5/_jwxtjjx347635h39vn8hcxm0000gn/T//ak2-prehearse.flRglu/home/go/pkg/mod/github.com/aws/aws-sdk-go-v2@v1.47.1/aws/retry/standard_test.go: Permission denied
rm: /var/folders/x5/_jwxtjjx347635h39vn8hcxm0000gn/T//ak2-prehearse.flRglu/home/go/pkg/mod/github.com/aws/aws-sdk-go-v2@v1.47.1/aws/retry/timeout_error.go: Permission denied
rm: /var/folders/x5/_jwxtjjx347635h39vn8hcxm0000gn/T//ak2-prehearse.flRglu/home/go/pkg/mod/github.com/aws/aws-sdk-go-v2@v1.47.1/aws/retry/attempt_metrics.go: Permission denied
rm: /var/folders/x5/_jwxtjjx347635h39vn8hcxm0000gn/T//ak2-prehearse.flRglu/home/go/pkg/mod/github.com/aws/aws-sdk-go-v2@v1.47.1/aws/retry/errors.go: Permission denied
rm: /var/folders/x5/_jwxtjjx347635h39vn8hcxm0000gn/T//ak2-prehearse.flRglu/home/go/pkg/mod/github.com/aws/aws-sdk-go-v2@v1.47.1/aws/retry/throttle_error.go: Permission denied
rm: /var/folders/x5/_jwxtjjx347635h39vn8hcxm0000gn/T//ak2-prehearse.flRglu/home/go/pkg/mod/github.com/aws/aws-sdk-go-v2@v1.47.1/aws/retry: Permission denied
rm: /var/folders/x5/_jwxtjjx347635h39vn8hcxm0000gn/T//ak2-prehearse.flRglu/home/go/pkg/mod/github.com/aws/aws-sdk-go-v2@v1.47.1/aws/logging.go: Permission denied
rm: /var/folders/x5/_jwxtjjx347635h39vn8hcxm0000gn/T//ak2-prehearse.flRglu/home/go/pkg/mod/github.com/aws/aws-sdk-go-v2@v1.47.1/aws/accountid_endpoint_mode.go: Permission denied
rm: /var/folders/x5/_jwxtjjx347635h39vn8hcxm0000gn/T//ak2-prehearse.flRglu/home/go/pkg/mod/github.com/aws/aws-sdk-go-v2@v1.47.1/aws/runtime.go: Permission denied
rm: /var/folders/x5/_jwxtjjx347635h39vn8hcxm0000gn/T//ak2-prehearse.flRglu/home/go/pkg/mod/github.com/aws/aws-sdk-go-v2@v1.47.1/aws/go_module_metadata.go: Permission denied
rm: /var/folders/x5/_jwxtjjx347635h39vn8hcxm0000gn/T//ak2-prehearse.flRglu/home/go/pkg/mod/github.com/aws/aws-sdk-go-v2@v1.47.1/aws/types.go: Permission denied
rm: /var/folders/x5/_jwxtjjx347635h39vn8hcxm0000gn/T//ak2-prehearse.flRglu/home/go/pkg/mod/github.com/aws/aws-sdk-go-v2@v1.47.1/aws/request.go: Permission denied
rm: /var/folders/x5/_jwxtjjx347635h39vn8hcxm0000gn/T//ak2-prehearse.flRglu/home/go/pkg/mod/github.com/aws/aws-sdk-go-v2@v1.47.1/aws/arn/arn.go: Permission denied
rm: /var/folders/x5/_jwxtjjx347635h39vn8hcxm0000gn/T//ak2-prehearse.flRglu/home/go/pkg/mod/github.com/aws/aws-sdk-go-v2@v1.47.1/aws/arn/arn_test.go: Permission denied
rm: /var/folders/x5/_jwxtjjx347635h39vn8hcxm0000gn/T//ak2-prehearse.flRglu/home/go/pkg/mod/github.com/aws/aws-sdk-go-v2@v1.47.1/aws/arn: Permission denied
rm: /var/folders/x5/_jwxtjjx347635h39vn8hcxm0000gn/T//ak2-prehearse.flRglu/home/go/pkg/mod/github.com/aws/aws-sdk-go-v2@v1.47.1/aws/logging_generate.go: Permission denied
rm: /var/folders/x5/_jwxtjjx347635h39vn8hcxm0000gn/T//ak2-prehearse.flRglu/home/go/pkg/mod/github.com/aws/aws-sdk-go-v2@v1.47.1/aws/protocol/restjson/decoder_util.go: Permission denied
rm: /var/folders/x5/_jwxtjjx347635h39vn8hcxm0000gn/T//ak2-prehearse.flRglu/home/go/pkg/mod/github.com/aws/aws-sdk-go-v2@v1.47.1/aws/protocol/restjson/decoder_util_test.go: Permission denied
rm: /var/folders/x5/_jwxtjjx347635h39vn8hcxm0000gn/T//ak2-prehearse.flRglu/home/go/pkg/mod/github.com/aws/aws-sdk-go-v2@v1.47.1/aws/protocol/restjson: Permission denied
rm: /var/folders/x5/_jwxtjjx347635h39vn8hcxm0000gn/T//ak2-prehearse.flRglu/home/go/pkg/mod/github.com/aws/aws-sdk-go-v2@v1.47.1/aws/protocol/xml/error_utils.go: Permission denied
rm: /var/folders/x5/_jwxtjjx347635h39vn8hcxm0000gn/T//ak2-prehearse.flRglu/home/go/pkg/mod/github.com/aws/aws-sdk-go-v2@v1.47.1/aws/protocol/xml/error_utils_test.go: Permission denied
rm: /var/folders/x5/_jwxtjjx347635h39vn8hcxm0000gn/T//ak2-prehearse.flRglu/home/go/pkg/mod/github.com/aws/aws-sdk-go-v2@v1.47.1/aws/protocol/xml: Permission denied
rm: /var/folders/x5/_jwxtjjx347635h39vn8hcxm0000gn/T//ak2-prehearse.flRglu/home/go/pkg/mod/github.com/aws/aws-sdk-go-v2@v1.47.1/aws/protocol/ec2query/error_utils.go: Permission denied
rm: /var/folders/x5/_jwxtjjx347635h39vn8hcxm0000gn/T//ak2-prehearse.flRglu/home/go/pkg/mod/github.com/aws/aws-sdk-go-v2@v1.47.1/aws/protocol/ec2query/error_utils_test.go: Permission denied
rm: /var/folders/x5/_jwxtjjx347635h39vn8hcxm0000gn/T//ak2-prehearse.flRglu/home/go/pkg/mod/github.com/aws/aws-sdk-go-v2@v1.47.1/aws/protocol/ec2query: Permission denied
rm: /var/folders/x5/_jwxtjjx347635h39vn8hcxm0000gn/T//ak2-prehearse.flRglu/home/go/pkg/mod/github.com/aws/aws-sdk-go-v2@v1.47.1/aws/protocol/query/object.go: Permission denied
rm: /var/folders/x5/_jwxtjjx347635h39vn8hcxm0000gn/T//ak2-prehearse.flRglu/home/go/pkg/mod/github.com/aws/aws-sdk-go-v2@v1.47.1/aws/protocol/query/encoder.go: Permission denied
rm: /var/folders/x5/_jwxtjjx347635h39vn8hcxm0000gn/T//ak2-prehearse.flRglu/home/go/pkg/mod/github.com/aws/aws-sdk-go-v2@v1.47.1/aws/protocol/query/value_test.go: Permission denied
rm: /var/folders/x5/_jwxtjjx347635h39vn8hcxm0000gn/T//ak2-prehearse.flRglu/home/go/pkg/mod/github.com/aws/aws-sdk-go-v2@v1.47.1/aws/protocol/query/middleware_test.go: Permission denied
rm: /var/folders/x5/_jwxtjjx347635h39vn8hcxm0000gn/T//ak2-prehearse.flRglu/home/go/pkg/mod/github.com/aws/aws-sdk-go-v2@v1.47.1/aws/protocol/query/encoder_test.go: Permission denied
rm: /var/folders/x5/_jwxtjjx347635h39vn8hcxm0000gn/T//ak2-prehearse.flRglu/home/go/pkg/mod/github.com/aws/aws-sdk-go-v2@v1.47.1/aws/protocol/query/map.go: Permission denied
rm: /var/folders/x5/_jwxtjjx347635h39vn8hcxm0000gn/T//ak2-prehearse.flRglu/home/go/pkg/mod/github.com/aws/aws-sdk-go-v2@v1.47.1/aws/protocol/query/middleware.go: Permission denied
rm: /var/folders/x5/_jwxtjjx347635h39vn8hcxm0000gn/T//ak2-prehearse.flRglu/home/go/pkg/mod/github.com/aws/aws-sdk-go-v2@v1.47.1/aws/protocol/query/array.go: Permission denied
rm: /var/folders/x5/_jwxtjjx347635h39vn8hcxm0000gn/T//ak2-prehearse.flRglu/home/go/pkg/mod/github.com/aws/aws-sdk-go-v2@v1.47.1/aws/protocol/query/value.go: Permission denied
rm: /var/folders/x5/_jwxtjjx347635h39vn8hcxm0000gn/T//ak2-prehearse.flRglu/home/go/pkg/mod/github.com/aws/aws-sdk-go-v2@v1.47.1/aws/protocol/query: Permission denied
rm: /var/folders/x5/_jwxtjjx347635h39vn8hcxm0000gn/T//ak2-prehearse.flRglu/home/go/pkg/mod/github.com/aws/aws-sdk-go-v2@v1.47.1/aws/protocol: Permission denied
rm: /var/folders/x5/_jwxtjjx347635h39vn8hcxm0000gn/T//ak2-prehearse.flRglu/home/go/pkg/mod/github.com/aws/aws-sdk-go-v2@v1.47.1/aws/credential_cache_test.go: Permission denied
rm: /var/folders/x5/_jwxtjjx347635h39vn8hcxm0000gn/T//ak2-prehearse.flRglu/home/go/pkg/mod/github.com/aws/aws-sdk-go-v2@v1.47.1/aws/ratelimit/none.go: Permission denied
rm: /var/folders/x5/_jwxtjjx347635h39vn8hcxm0000gn/T//ak2-prehearse.flRglu/home/go/pkg/mod/github.com/aws/aws-sdk-go-v2@v1.47.1/aws/ratelimit/token_rate_limit.go: Permission denied
rm: /var/folders/x5/_jwxtjjx347635h39vn8hcxm0000gn/T//ak2-prehearse.flRglu/home/go/pkg/mod/github.com/aws/aws-sdk-go-v2@v1.47.1/aws/ratelimit/token_bucket.go: Permission denied
rm: /var/folders/x5/_jwxtjjx347635h39vn8hcxm0000gn/T//ak2-prehearse.flRglu/home/go/pkg/mod/github.com/aws/aws-sdk-go-v2@v1.47.1/aws/ratelimit/token_rate_limit_test.go: Permission denied
rm: /var/folders/x5/_jwxtjjx347635h39vn8hcxm0000gn/T//ak2-prehearse.flRglu/home/go/pkg/mod/github.com/aws/aws-sdk-go-v2@v1.47.1/aws/ratelimit/token_bucket_test.go: Permission denied
rm: /var/folders/x5/_jwxtjjx347635h39vn8hcxm0000gn/T//ak2-prehearse.flRglu/home/go/pkg/mod/github.com/aws/aws-sdk-go-v2@v1.47.1/aws/ratelimit: Permission denied
rm: /var/folders/x5/_jwxtjjx347635h39vn8hcxm0000gn/T//ak2-prehearse.flRglu/home/go/pkg/mod/github.com/aws/aws-sdk-go-v2@v1.47.1/aws/defaults/configuration.go: Permission denied
rm: /var/folders/x5/_jwxtjjx347635h39vn8hcxm0000gn/T//ak2-prehearse.flRglu/home/go/pkg/mod/github.com/aws/aws-sdk-go-v2@v1.47.1/aws/defaults/defaults_test.go: Permission denied
rm: /var/folders/x5/_jwxtjjx347635h39vn8hcxm0000gn/T//ak2-prehearse.flRglu/home/go/pkg/mod/github.com/aws/aws-sdk-go-v2@v1.47.1/aws/defaults/defaults_codegen_test.go: Permission denied
rm: /var/folders/x5/_jwxtjjx347635h39vn8hcxm0000gn/T//ak2-prehearse.flRglu/home/go/pkg/mod/github.com/aws/aws-sdk-go-v2@v1.47.1/aws/defaults/defaults.go: Permission denied
rm: /var/folders/x5/_jwxtjjx347635h39vn8hcxm0000gn/T//ak2-prehearse.flRglu/home/go/pkg/mod/github.com/aws/aws-sdk-go-v2@v1.47.1/aws/defaults/doc.go: Permission denied
rm: /var/folders/x5/_jwxtjjx347635h39vn8hcxm0000gn/T//ak2-prehearse.flRglu/home/go/pkg/mod/github.com/aws/aws-sdk-go-v2@v1.47.1/aws/defaults/auto_test.go: Permission denied
rm: /var/folders/x5/_jwxtjjx347635h39vn8hcxm0000gn/T//ak2-prehearse.flRglu/home/go/pkg/mod/github.com/aws/aws-sdk-go-v2@v1.47.1/aws/defaults/auto.go: Permission denied
rm: /var/folders/x5/_jwxtjjx347635h39vn8hcxm0000gn/T//ak2-prehearse.flRglu/home/go/pkg/mod/github.com/aws/aws-sdk-go-v2@v1.47.1/aws/defaults: Permission denied
rm: /var/folders/x5/_jwxtjjx347635h39vn8hcxm0000gn/T//ak2-prehearse.flRglu/home/go/pkg/mod/github.com/aws/aws-sdk-go-v2@v1.47.1/aws/retryer_test.go: Permission denied
rm: /var/folders/x5/_jwxtjjx347635h39vn8hcxm0000gn/T//ak2-prehearse.flRglu/home/go/pkg/mod/github.com/aws/aws-sdk-go-v2@v1.47.1/aws/doc.go: Permission denied
rm: /var/folders/x5/_jwxtjjx347635h39vn8hcxm0000gn/T//ak2-prehearse.flRglu/home/go/pkg/mod/github.com/aws/aws-sdk-go-v2@v1.47.1/aws/context.go: Permission denied
rm: /var/folders/x5/_jwxtjjx347635h39vn8hcxm0000gn/T//ak2-prehearse.flRglu/home/go/pkg/mod/github.com/aws/aws-sdk-go-v2@v1.47.1/aws/retryer.go: Permission denied
rm: /var/folders/x5/_jwxtjjx347635h39vn8hcxm0000gn/T//ak2-prehearse.flRglu/home/go/pkg/mod/github.com/aws/aws-sdk-go-v2@v1.47.1/aws/restrict_file_permissions.go: Permission denied
rm: /var/folders/x5/_jwxtjjx347635h39vn8hcxm0000gn/T//ak2-prehearse.flRglu/home/go/pkg/mod/github.com/aws/aws-sdk-go-v2@v1.47.1/aws/credential_cache_bench_test.go: Permission denied
rm: /var/folders/x5/_jwxtjjx347635h39vn8hcxm0000gn/T//ak2-prehearse.flRglu/home/go/pkg/mod/github.com/aws/aws-sdk-go-v2@v1.47.1/aws/credentials_test.go: Permission denied
rm: /var/folders/x5/_jwxtjjx347635h39vn8hcxm0000gn/T//ak2-prehearse.flRglu/home/go/pkg/mod/github.com/aws/aws-sdk-go-v2@v1.47.1/aws/from_ptr.go: Permission denied
rm: /var/folders/x5/_jwxtjjx347635h39vn8hcxm0000gn/T//ak2-prehearse.flRglu/home/go/pkg/mod/github.com/aws/aws-sdk-go-v2@v1.47.1/aws/endpoints_test.go: Permission denied
rm: /var/folders/x5/_jwxtjjx347635h39vn8hcxm0000gn/T//ak2-prehearse.flRglu/home/go/pkg/mod/github.com/aws/aws-sdk-go-v2@v1.47.1/aws/config_test.go: Permission denied
rm: /var/folders/x5/_jwxtjjx347635h39vn8hcxm0000gn/T//ak2-prehearse.flRglu/home/go/pkg/mod/github.com/aws/aws-sdk-go-v2@v1.47.1/aws/endpoints.go: Permission denied
rm: /var/folders/x5/_jwxtjjx347635h39vn8hcxm0000gn/T//ak2-prehearse.flRglu/home/go/pkg/mod/github.com/aws/aws-sdk-go-v2@v1.47.1/aws/defaultsmode.go: Permission denied
rm: /var/folders/x5/_jwxtjjx347635h39vn8hcxm0000gn/T//ak2-prehearse.flRglu/home/go/pkg/mod/github.com/aws/aws-sdk-go-v2@v1.47.1/aws/errors.go: Permission denied
rm: /var/folders/x5/_jwxtjjx347635h39vn8hcxm0000gn/T//ak2-prehearse.flRglu/home/go/pkg/mod/github.com/aws/aws-sdk-go-v2@v1.47.1/aws: Permission denied
rm: /var/folders/x5/_jwxtjjx347635h39vn8hcxm0000gn/T//ak2-prehearse.flRglu/home/go/pkg/mod/github.com/aws/aws-sdk-go-v2@v1.47.1/DESIGN.md: Permission denied
rm: /var/folders/x5/_jwxtjjx347635h39vn8hcxm0000gn/T//ak2-prehearse.flRglu/home/go/pkg/mod/github.com/aws/aws-sdk-go-v2@v1.47.1/service/internal/serdebenchmark/merge.go: Permission denied
rm: /var/folders/x5/_jwxtjjx347635h39vn8hcxm0000gn/T//ak2-prehearse.flRglu/home/go/pkg/mod/github.com/aws/aws-sdk-go-v2@v1.47.1/service/internal/serdebenchmark/mergebenchmark.json: Permission denied
rm: /var/folders/x5/_jwxtjjx347635h39vn8hcxm0000gn/T//ak2-prehearse.flRglu/home/go/pkg/mod/github.com/aws/aws-sdk-go-v2@v1.47.1/service/internal/serdebenchmark: Permission denied
rm: /var/folders/x5/_jwxtjjx347635h39vn8hcxm0000gn/T//ak2-prehearse.flRglu/home/go/pkg/mod/github.com/aws/aws-sdk-go-v2@v1.47.1/service/internal/awschunked/decoding_test.go: Permission denied
rm: /var/folders/x5/_jwxtjjx347635h39vn8hcxm0000gn/T//ak2-prehearse.flRglu/home/go/pkg/mod/github.com/aws/aws-sdk-go-v2@v1.47.1/service/internal/awschunked/decoding.go: Permission denied
rm: /var/folders/x5/_jwxtjjx347635h39vn8hcxm0000gn/T//ak2-prehearse.flRglu/home/go/pkg/mod/github.com/aws/aws-sdk-go-v2@v1.47.1/service/internal/awschunked/decoding_middleware_test.go: Permission denied
rm: /var/folders/x5/_jwxtjjx347635h39vn8hcxm0000gn/T//ak2-prehearse.flRglu/home/go/pkg/mod/github.com/aws/aws-sdk-go-v2@v1.47.1/service/internal/awschunked: Permission denied
rm: /var/folders/x5/_jwxtjjx347635h39vn8hcxm0000gn/T//ak2-prehearse.flRglu/home/go/pkg/mod/github.com/aws/aws-sdk-go-v2@v1.47.1/service/internal: Permission denied
rm: /var/folders/x5/_jwxtjjx347635h39vn8hcxm0000gn/T//ak2-prehearse.flRglu/home/go/pkg/mod/github.com/aws/aws-sdk-go-v2@v1.47.1/service: Permission denied
rm: /var/folders/x5/_jwxtjjx347635h39vn8hcxm0000gn/T//ak2-prehearse.flRglu/home/go/pkg/mod/github.com/aws/aws-sdk-go-v2@v1.47.1/LICENSE.txt: Permission denied
rm: /var/folders/x5/_jwxtjjx347635h39vn8hcxm0000gn/T//ak2-prehearse.flRglu/home/go/pkg/mod/github.com/aws/aws-sdk-go-v2@v1.47.1/.travis.yml: Permission denied
rm: /var/folders/x5/_jwxtjjx347635h39vn8hcxm0000gn/T//ak2-prehearse.flRglu/home/go/pkg/mod/github.com/aws/aws-sdk-go-v2@v1.47.1/modman.toml: Permission denied
rm: /var/folders/x5/_jwxtjjx347635h39vn8hcxm0000gn/T//ak2-prehearse.flRglu/home/go/pkg/mod/github.com/aws/aws-sdk-go-v2@v1.47.1: Directory not empty
rm: /var/folders/x5/_jwxtjjx347635h39vn8hcxm0000gn/T//ak2-prehearse.flRglu/home/go/pkg/mod/github.com/aws/smithy-go@v1.28.1/properties.go: Permission denied
rm: /var/folders/x5/_jwxtjjx347635h39vn8hcxm0000gn/T//ak2-prehearse.flRglu/home/go/pkg/mod/github.com/aws/smithy-go@v1.28.1/CODE_OF_CONDUCT.md: Permission denied
rm: /var/folders/x5/_jwxtjjx347635h39vn8hcxm0000gn/T//ak2-prehearse.flRglu/home/go/pkg/mod/github.com/aws/smithy-go@v1.28.1/metrics/metrics.go: Permission denied
rm: /var/folders/x5/_jwxtjjx347635h39vn8hcxm0000gn/T//ak2-prehearse.flRglu/home/go/pkg/mod/github.com/aws/smithy-go@v1.28.1/metrics/nop.go: Permission denied
rm: /var/folders/x5/_jwxtjjx347635h39vn8hcxm0000gn/T//ak2-prehearse.flRglu/home/go/pkg/mod/github.com/aws/smithy-go@v1.28.1/metrics: Permission denied
rm: /var/folders/x5/_jwxtjjx347635h39vn8hcxm0000gn/T//ak2-prehearse.flRglu/home/go/pkg/mod/github.com/aws/smithy-go@v1.28.1/middleware/step_build.go: Permission denied
rm: /var/folders/x5/_jwxtjjx347635h39vn8hcxm0000gn/T//ak2-prehearse.flRglu/home/go/pkg/mod/github.com/aws/smithy-go@v1.28.1/middleware/generate.go: Permission denied
rm: /var/folders/x5/_jwxtjjx347635h39vn8hcxm0000gn/T//ak2-prehearse.flRglu/home/go/pkg/mod/github.com/aws/smithy-go@v1.28.1/middleware/metadata.go: Permission denied
rm: /var/folders/x5/_jwxtjjx347635h39vn8hcxm0000gn/T//ak2-prehearse.flRglu/home/go/pkg/mod/github.com/aws/smithy-go@v1.28.1/middleware/step_initialize.go: Permission denied
rm: /var/folders/x5/_jwxtjjx347635h39vn8hcxm0000gn/T//ak2-prehearse.flRglu/home/go/pkg/mod/github.com/aws/smithy-go@v1.28.1/middleware/step_initialize_test.go: Permission denied
rm: /var/folders/x5/_jwxtjjx347635h39vn8hcxm0000gn/T//ak2-prehearse.flRglu/home/go/pkg/mod/github.com/aws/smithy-go@v1.28.1/middleware/logging.go: Permission denied
rm: /var/folders/x5/_jwxtjjx347635h39vn8hcxm0000gn/T//ak2-prehearse.flRglu/home/go/pkg/mod/github.com/aws/smithy-go@v1.28.1/middleware/step_finalize.go: Permission denied
rm: /var/folders/x5/_jwxtjjx347635h39vn8hcxm0000gn/T//ak2-prehearse.flRglu/home/go/pkg/mod/github.com/aws/smithy-go@v1.28.1/middleware/middleware_test.go: Permission denied
rm: /var/folders/x5/_jwxtjjx347635h39vn8hcxm0000gn/T//ak2-prehearse.flRglu/home/go/pkg/mod/github.com/aws/smithy-go@v1.28.1/middleware/stack_values_test.go: Permission denied
rm: /var/folders/x5/_jwxtjjx347635h39vn8hcxm0000gn/T//ak2-prehearse.flRglu/home/go/pkg/mod/github.com/aws/smithy-go@v1.28.1/middleware/step_deserialize.go: Permission denied
rm: /var/folders/x5/_jwxtjjx347635h39vn8hcxm0000gn/T//ak2-prehearse.flRglu/home/go/pkg/mod/github.com/aws/smithy-go@v1.28.1/middleware/logging_test.go: Permission denied
rm: /var/folders/x5/_jwxtjjx347635h39vn8hcxm0000gn/T//ak2-prehearse.flRglu/home/go/pkg/mod/github.com/aws/smithy-go@v1.28.1/middleware/shared_test.go: Permission denied
rm: /var/folders/x5/_jwxtjjx347635h39vn8hcxm0000gn/T//ak2-prehearse.flRglu/home/go/pkg/mod/github.com/aws/smithy-go@v1.28.1/middleware/doc.go: Permission denied
rm: /var/folders/x5/_jwxtjjx347635h39vn8hcxm0000gn/T//ak2-prehearse.flRglu/home/go/pkg/mod/github.com/aws/smithy-go@v1.28.1/middleware/stack.go: Permission denied
rm: /var/folders/x5/_jwxtjjx347635h39vn8hcxm0000gn/T//ak2-prehearse.flRglu/home/go/pkg/mod/github.com/aws/smithy-go@v1.28.1/middleware/context.go: Permission denied
rm: /var/folders/x5/_jwxtjjx347635h39vn8hcxm0000gn/T//ak2-prehearse.flRglu/home/go/pkg/mod/github.com/aws/smithy-go@v1.28.1/middleware/ordered_group.go: Permission denied
rm: /var/folders/x5/_jwxtjjx347635h39vn8hcxm0000gn/T//ak2-prehearse.flRglu/home/go/pkg/mod/github.com/aws/smithy-go@v1.28.1/middleware/stack_test.go: Permission denied
rm: /var/folders/x5/_jwxtjjx347635h39vn8hcxm0000gn/T//ak2-prehearse.flRglu/home/go/pkg/mod/github.com/aws/smithy-go@v1.28.1/middleware/metadata_test.go: Permission denied
rm: /var/folders/x5/_jwxtjjx347635h39vn8hcxm0000gn/T//ak2-prehearse.flRglu/home/go/pkg/mod/github.com/aws/smithy-go@v1.28.1/middleware/step_serialize.go: Permission denied
rm: /var/folders/x5/_jwxtjjx347635h39vn8hcxm0000gn/T//ak2-prehearse.flRglu/home/go/pkg/mod/github.com/aws/smithy-go@v1.28.1/middleware/middleware.go: Permission denied
rm: /var/folders/x5/_jwxtjjx347635h39vn8hcxm0000gn/T//ak2-prehearse.flRglu/home/go/pkg/mod/github.com/aws/smithy-go@v1.28.1/middleware/ordered_group_test.go: Permission denied
rm: /var/folders/x5/_jwxtjjx347635h39vn8hcxm0000gn/T//ak2-prehearse.flRglu/home/go/pkg/mod/github.com/aws/smithy-go@v1.28.1/middleware/stack_values.go: Permission denied
rm: /var/folders/x5/_jwxtjjx347635h39vn8hcxm0000gn/T//ak2-prehearse.flRglu/home/go/pkg/mod/github.com/aws/smithy-go@v1.28.1/middleware/eventstream_middleware.go: Permission denied
rm: /var/folders/x5/_jwxtjjx347635h39vn8hcxm0000gn/T//ak2-prehearse.flRglu/home/go/pkg/mod/github.com/aws/smithy-go@v1.28.1/middleware: Permission denied
rm: /var/folders/x5/_jwxtjjx347635h39vn8hcxm0000gn/T//ak2-prehearse.flRglu/home/go/pkg/mod/github.com/aws/smithy-go@v1.28.1/eventstream/decode_test.go: Permission denied
rm: /var/folders/x5/_jwxtjjx347635h39vn8hcxm0000gn/T//ak2-prehearse.flRglu/home/go/pkg/mod/github.com/aws/smithy-go@v1.28.1/eventstream/header.go: Permission denied
rm: /var/folders/x5/_jwxtjjx347635h39vn8hcxm0000gn/T//ak2-prehearse.flRglu/home/go/pkg/mod/github.com/aws/smithy-go@v1.28.1/eventstream/header_value.go: Permission denied
rm: /var/folders/x5/_jwxtjjx347635h39vn8hcxm0000gn/T//ak2-prehearse.flRglu/home/go/pkg/mod/github.com/aws/smithy-go@v1.28.1/eventstream/testdata/encoded/positive/payload_one_str_header: Permission denied
rm: /var/folders/x5/_jwxtjjx347635h39vn8hcxm0000gn/T//ak2-prehearse.flRglu/home/go/pkg/mod/github.com/aws/smithy-go@v1.28.1/eventstream/testdata/encoded/positive/payload_no_headers: Permission denied
rm: /var/folders/x5/_jwxtjjx347635h39vn8hcxm0000gn/T//ak2-prehearse.flRglu/home/go/pkg/mod/github.com/aws/smithy-go@v1.28.1/eventstream/testdata/encoded/positive/all_headers: Permission denied
rm: /var/folders/x5/_jwxtjjx347635h39vn8hcxm0000gn/T//ak2-prehearse.flRglu/home/go/pkg/mod/github.com/aws/smithy-go@v1.28.1/eventstream/testdata/encoded/positive/empty_message: Permission denied
rm: /var/folders/x5/_jwxtjjx347635h39vn8hcxm0000gn/T//ak2-prehearse.flRglu/home/go/pkg/mod/github.com/aws/smithy-go@v1.28.1/eventstream/testdata/encoded/positive/int32_header: Permission denied
rm: /var/folders/x5/_jwxtjjx347635h39vn8hcxm0000gn/T//ak2-prehearse.flRglu/home/go/pkg/mod/github.com/aws/smithy-go@v1.28.1/eventstream/testdata/encoded/positive: Permission denied
rm: /var/folders/x5/_jwxtjjx347635h39vn8hcxm0000gn/T//ak2-prehearse.flRglu/home/go/pkg/mod/github.com/aws/smithy-go@v1.28.1/eventstream/testdata/encoded/negative/corrupted_payload: Permission denied
rm: /var/folders/x5/_jwxtjjx347635h39vn8hcxm0000gn/T//ak2-prehearse.flRglu/home/go/pkg/mod/github.com/aws/smithy-go@v1.28.1/eventstream/testdata/encoded/negative/corrupted_length: Permission denied
rm: /var/folders/x5/_jwxtjjx347635h39vn8hcxm0000gn/T//ak2-prehearse.flRglu/home/go/pkg/mod/github.com/aws/smithy-go@v1.28.1/eventstream/testdata/encoded/negative/corrupted_header_len: Permission denied
rm: /var/folders/x5/_jwxtjjx347635h39vn8hcxm0000gn/T//ak2-prehearse.flRglu/home/go/pkg/mod/github.com/aws/smithy-go@v1.28.1/eventstream/testdata/encoded/negative/corrupted_headers: Permission denied
rm: /var/folders/x5/_jwxtjjx347635h39vn8hcxm0000gn/T//ak2-prehearse.flRglu/home/go/pkg/mod/github.com/aws/smithy-go@v1.28.1/eventstream/testdata/encoded/negative: Permission denied
rm: /var/folders/x5/_jwxtjjx347635h39vn8hcxm0000gn/T//ak2-prehearse.flRglu/home/go/pkg/mod/github.com/aws/smithy-go@v1.28.1/eventstream/testdata/encoded: Permission denied
rm: /var/folders/x5/_jwxtjjx347635h39vn8hcxm0000gn/T//ak2-prehearse.flRglu/home/go/pkg/mod/github.com/aws/smithy-go@v1.28.1/eventstream/testdata/decoded/positive/payload_one_str_header: Permission denied
rm: /var/folders/x5/_jwxtjjx347635h39vn8hcxm0000gn/T//ak2-prehearse.flRglu/home/go/pkg/mod/github.com/aws/smithy-go@v1.28.1/eventstream/testdata/decoded/positive/payload_no_headers: Permission denied
rm: /var/folders/x5/_jwxtjjx347635h39vn8hcxm0000gn/T//ak2-prehearse.flRglu/home/go/pkg/mod/github.com/aws/smithy-go@v1.28.1/eventstream/testdata/decoded/positive/all_headers: Permission denied
rm: /var/folders/x5/_jwxtjjx347635h39vn8hcxm0000gn/T//ak2-prehearse.flRglu/home/go/pkg/mod/github.com/aws/smithy-go@v1.28.1/eventstream/testdata/decoded/positive/empty_message: Permission denied
rm: /var/folders/x5/_jwxtjjx347635h39vn8hcxm0000gn/T//ak2-prehearse.flRglu/home/go/pkg/mod/github.com/aws/smithy-go@v1.28.1/eventstream/testdata/decoded/positive/int32_header: Permission denied
rm: /var/folders/x5/_jwxtjjx347635h39vn8hcxm0000gn/T//ak2-prehearse.flRglu/home/go/pkg/mod/github.com/aws/smithy-go@v1.28.1/eventstream/testdata/decoded/positive: Permission denied
rm: /var/folders/x5/_jwxtjjx347635h39vn8hcxm0000gn/T//ak2-prehearse.flRglu/home/go/pkg/mod/github.com/aws/smithy-go@v1.28.1/eventstream/testdata/decoded/negative/corrupted_payload: Permission denied
rm: /var/folders/x5/_jwxtjjx347635h39vn8hcxm0000gn/T//ak2-prehearse.flRglu/home/go/pkg/mod/github.com/aws/smithy-go@v1.28.1/eventstream/testdata/decoded/negative/corrupted_length: Permission denied
rm: /var/folders/x5/_jwxtjjx347635h39vn8hcxm0000gn/T//ak2-prehearse.flRglu/home/go/pkg/mod/github.com/aws/smithy-go@v1.28.1/eventstream/testdata/decoded/negative/corrupted_header_len: Permission denied
rm: /var/folders/x5/_jwxtjjx347635h39vn8hcxm0000gn/T//ak2-prehearse.flRglu/home/go/pkg/mod/github.com/aws/smithy-go@v1.28.1/eventstream/testdata/decoded/negative/corrupted_headers: Permission denied
rm: /var/folders/x5/_jwxtjjx347635h39vn8hcxm0000gn/T//ak2-prehearse.flRglu/home/go/pkg/mod/github.com/aws/smithy-go@v1.28.1/eventstream/testdata/decoded/negative: Permission denied
rm: /var/folders/x5/_jwxtjjx347635h39vn8hcxm0000gn/T//ak2-prehearse.flRglu/home/go/pkg/mod/github.com/aws/smithy-go@v1.28.1/eventstream/testdata/decoded: Permission denied
rm: /var/folders/x5/_jwxtjjx347635h39vn8hcxm0000gn/T//ak2-prehearse.flRglu/home/go/pkg/mod/github.com/aws/smithy-go@v1.28.1/eventstream/testdata: Permission denied
rm: /var/folders/x5/_jwxtjjx347635h39vn8hcxm0000gn/T//ak2-prehearse.flRglu/home/go/pkg/mod/github.com/aws/smithy-go@v1.28.1/eventstream/encode.go: Permission denied
rm: /var/folders/x5/_jwxtjjx347635h39vn8hcxm0000gn/T//ak2-prehearse.flRglu/home/go/pkg/mod/github.com/aws/smithy-go@v1.28.1/eventstream/error.go: Permission denied
rm: /var/folders/x5/_jwxtjjx347635h39vn8hcxm0000gn/T//ak2-prehearse.flRglu/home/go/pkg/mod/github.com/aws/smithy-go@v1.28.1/eventstream/deserializer.go: Permission denied
rm: /var/folders/x5/_jwxtjjx347635h39vn8hcxm0000gn/T//ak2-prehearse.flRglu/home/go/pkg/mod/github.com/aws/smithy-go@v1.28.1/eventstream/types.go: Permission denied
rm: /var/folders/x5/_jwxtjjx347635h39vn8hcxm0000gn/T//ak2-prehearse.flRglu/home/go/pkg/mod/github.com/aws/smithy-go@v1.28.1/eventstream/header_test.go: Permission denied
rm: /var/folders/x5/_jwxtjjx347635h39vn8hcxm0000gn/T//ak2-prehearse.flRglu/home/go/pkg/mod/github.com/aws/smithy-go@v1.28.1/eventstream/message.go: Permission denied
rm: /var/folders/x5/_jwxtjjx347635h39vn8hcxm0000gn/T//ak2-prehearse.flRglu/home/go/pkg/mod/github.com/aws/smithy-go@v1.28.1/eventstream/serializer.go: Permission denied
rm: /var/folders/x5/_jwxtjjx347635h39vn8hcxm0000gn/T//ak2-prehearse.flRglu/home/go/pkg/mod/github.com/aws/smithy-go@v1.28.1/eventstream/debug.go: Permission denied
rm: /var/folders/x5/_jwxtjjx347635h39vn8hcxm0000gn/T//ak2-prehearse.flRglu/home/go/pkg/mod/github.com/aws/smithy-go@v1.28.1/eventstream/shared_test.go: Permission denied
rm: /var/folders/x5/_jwxtjjx347635h39vn8hcxm0000gn/T//ak2-prehearse.flRglu/home/go/pkg/mod/github.com/aws/smithy-go@v1.28.1/eventstream/const.go: Permission denied
rm: /var/folders/x5/_jwxtjjx347635h39vn8hcxm0000gn/T//ak2-prehearse.flRglu/home/go/pkg/mod/github.com/aws/smithy-go@v1.28.1/eventstream/signer.go: Permission denied
rm: /var/folders/x5/_jwxtjjx347635h39vn8hcxm0000gn/T//ak2-prehearse.flRglu/home/go/pkg/mod/github.com/aws/smithy-go@v1.28.1/eventstream/decode.go: Permission denied
rm: /var/folders/x5/_jwxtjjx347635h39vn8hcxm0000gn/T//ak2-prehearse.flRglu/home/go/pkg/mod/github.com/aws/smithy-go@v1.28.1/eventstream/header_value_test.go: Permission denied
rm: /var/folders/x5/_jwxtjjx347635h39vn8hcxm0000gn/T//ak2-prehearse.flRglu/home/go/pkg/mod/github.com/aws/smithy-go@v1.28.1/eventstream/encode_test.go: Permission denied
rm: /var/folders/x5/_jwxtjjx347635h39vn8hcxm0000gn/T//ak2-prehearse.flRglu/home/go/pkg/mod/github.com/aws/smithy-go@v1.28.1/eventstream: Permission denied
rm: /var/folders/x5/_jwxtjjx347635h39vn8hcxm0000gn/T//ak2-prehearse.flRglu/home/go/pkg/mod/github.com/aws/smithy-go@v1.28.1/tracing/tracing.go: Permission denied
rm: /var/folders/x5/_jwxtjjx347635h39vn8hcxm0000gn/T//ak2-prehearse.flRglu/home/go/pkg/mod/github.com/aws/smithy-go@v1.28.1/tracing/context_test.go: Permission denied
rm: /var/folders/x5/_jwxtjjx347635h39vn8hcxm0000gn/T//ak2-prehearse.flRglu/home/go/pkg/mod/github.com/aws/smithy-go@v1.28.1/tracing/nop.go: Permission denied
rm: /var/folders/x5/_jwxtjjx347635h39vn8hcxm0000gn/T//ak2-prehearse.flRglu/home/go/pkg/mod/github.com/aws/smithy-go@v1.28.1/tracing/context.go: Permission denied
rm: /var/folders/x5/_jwxtjjx347635h39vn8hcxm0000gn/T//ak2-prehearse.flRglu/home/go/pkg/mod/github.com/aws/smithy-go@v1.28.1/tracing: Permission denied
rm: /var/folders/x5/_jwxtjjx347635h39vn8hcxm0000gn/T//ak2-prehearse.flRglu/home/go/pkg/mod/github.com/aws/smithy-go@v1.28.1/go.mod: Permission denied
rm: /var/folders/x5/_jwxtjjx347635h39vn8hcxm0000gn/T//ak2-prehearse.flRglu/home/go/pkg/mod/github.com/aws/smithy-go@v1.28.1/schema_ext.go: Permission denied
rm: /var/folders/x5/_jwxtjjx347635h39vn8hcxm0000gn/T//ak2-prehearse.flRglu/home/go/pkg/mod/github.com/aws/smithy-go@v1.28.1/context/suppress_expired.go: Permission denied
rm: /var/folders/x5/_jwxtjjx347635h39vn8hcxm0000gn/T//ak2-prehearse.flRglu/home/go/pkg/mod/github.com/aws/smithy-go@v1.28.1/context: Permission denied
rm: /var/folders/x5/_jwxtjjx347635h39vn8hcxm0000gn/T//ak2-prehearse.flRglu/home/go/pkg/mod/github.com/aws/smithy-go@v1.28.1/transport/http/middleware_content_length_test.go: Permission denied
rm: /var/folders/x5/_jwxtjjx347635h39vn8hcxm0000gn/T//ak2-prehearse.flRglu/home/go/pkg/mod/github.com/aws/smithy-go@v1.28.1/transport/http/properties.go: Permission denied
rm: /var/folders/x5/_jwxtjjx347635h39vn8hcxm0000gn/T//ak2-prehearse.flRglu/home/go/pkg/mod/github.com/aws/smithy-go@v1.28.1/transport/http/middleware_headers_test.go: Permission denied
rm: /var/folders/x5/_jwxtjjx347635h39vn8hcxm0000gn/T//ak2-prehearse.flRglu/home/go/pkg/mod/github.com/aws/smithy-go@v1.28.1/transport/http/response_error_example_test.go: Permission denied
rm: /var/folders/x5/_jwxtjjx347635h39vn8hcxm0000gn/T//ak2-prehearse.flRglu/home/go/pkg/mod/github.com/aws/smithy-go@v1.28.1/transport/http/middleware_header_comment.go: Permission denied
rm: /var/folders/x5/_jwxtjjx347635h39vn8hcxm0000gn/T//ak2-prehearse.flRglu/home/go/pkg/mod/github.com/aws/smithy-go@v1.28.1/transport/http/metrics.go: Permission denied
rm: /var/folders/x5/_jwxtjjx347635h39vn8hcxm0000gn/T//ak2-prehearse.flRglu/home/go/pkg/mod/github.com/aws/smithy-go@v1.28.1/transport/http/user_agent.go: Permission denied
rm: /var/folders/x5/_jwxtjjx347635h39vn8hcxm0000gn/T//ak2-prehearse.flRglu/home/go/pkg/mod/github.com/aws/smithy-go@v1.28.1/transport/http/auth.go: Permission denied
rm: /var/folders/x5/_jwxtjjx347635h39vn8hcxm0000gn/T//ak2-prehearse.flRglu/home/go/pkg/mod/github.com/aws/smithy-go@v1.28.1/transport/http/headerlist.go: Permission denied
rm: /var/folders/x5/_jwxtjjx347635h39vn8hcxm0000gn/T//ak2-prehearse.flRglu/home/go/pkg/mod/github.com/aws/smithy-go@v1.28.1/transport/http/time.go: Permission denied
rm: /var/folders/x5/_jwxtjjx347635h39vn8hcxm0000gn/T//ak2-prehearse.flRglu/home/go/pkg/mod/github.com/aws/smithy-go@v1.28.1/transport/http/host_test.go: Permission denied
rm: /var/folders/x5/_jwxtjjx347635h39vn8hcxm0000gn/T//ak2-prehearse.flRglu/home/go/pkg/mod/github.com/aws/smithy-go@v1.28.1/transport/http/metrics_test.go: Permission denied
rm: /var/folders/x5/_jwxtjjx347635h39vn8hcxm0000gn/T//ak2-prehearse.flRglu/home/go/pkg/mod/github.com/aws/smithy-go@v1.28.1/transport/http/identity_test.go: Permission denied
rm: /var/folders/x5/_jwxtjjx347635h39vn8hcxm0000gn/T//ak2-prehearse.flRglu/home/go/pkg/mod/github.com/aws/smithy-go@v1.28.1/transport/http/response.go: Permission denied
rm: /var/folders/x5/_jwxtjjx347635h39vn8hcxm0000gn/T//ak2-prehearse.flRglu/home/go/pkg/mod/github.com/aws/smithy-go@v1.28.1/transport/http/request_test.go: Permission denied
rm: /var/folders/x5/_jwxtjjx347635h39vn8hcxm0000gn/T//ak2-prehearse.flRglu/home/go/pkg/mod/github.com/aws/smithy-go@v1.28.1/transport/http/request.go: Permission denied
rm: /var/folders/x5/_jwxtjjx347635h39vn8hcxm0000gn/T//ak2-prehearse.flRglu/home/go/pkg/mod/github.com/aws/smithy-go@v1.28.1/transport/http/internal/io/safe.go: Permission denied
rm: /var/folders/x5/_jwxtjjx347635h39vn8hcxm0000gn/T//ak2-prehearse.flRglu/home/go/pkg/mod/github.com/aws/smithy-go@v1.28.1/transport/http/internal/io/safe_test.go: Permission denied
rm: /var/folders/x5/_jwxtjjx347635h39vn8hcxm0000gn/T//ak2-prehearse.flRglu/home/go/pkg/mod/github.com/aws/smithy-go@v1.28.1/transport/http/internal/io: Permission denied
rm: /var/folders/x5/_jwxtjjx347635h39vn8hcxm0000gn/T//ak2-prehearse.flRglu/home/go/pkg/mod/github.com/aws/smithy-go@v1.28.1/transport/http/internal: Permission denied
rm: /var/folders/x5/_jwxtjjx347635h39vn8hcxm0000gn/T//ak2-prehearse.flRglu/home/go/pkg/mod/github.com/aws/smithy-go@v1.28.1/transport/http/checksum_middleware.go: Permission denied
rm: /var/folders/x5/_jwxtjjx347635h39vn8hcxm0000gn/T//ak2-prehearse.flRglu/home/go/pkg/mod/github.com/aws/smithy-go@v1.28.1/transport/http/middleware_min_proto.go: Permission denied
rm: /var/folders/x5/_jwxtjjx347635h39vn8hcxm0000gn/T//ak2-prehearse.flRglu/home/go/pkg/mod/github.com/aws/smithy-go@v1.28.1/transport/http/deserialize_example_test.go: Permission denied
rm: /var/folders/x5/_jwxtjjx347635h39vn8hcxm0000gn/T//ak2-prehearse.flRglu/home/go/pkg/mod/github.com/aws/smithy-go@v1.28.1/transport/http/interceptor_middleware.go: Permission denied
rm: /var/folders/x5/_jwxtjjx347635h39vn8hcxm0000gn/T//ak2-prehearse.flRglu/home/go/pkg/mod/github.com/aws/smithy-go@v1.28.1/transport/http/protocol.go: Permission denied
rm: /var/folders/x5/_jwxtjjx347635h39vn8hcxm0000gn/T//ak2-prehearse.flRglu/home/go/pkg/mod/github.com/aws/smithy-go@v1.28.1/transport/http/client.go: Permission denied
rm: /var/folders/x5/_jwxtjjx347635h39vn8hcxm0000gn/T//ak2-prehearse.flRglu/home/go/pkg/mod/github.com/aws/smithy-go@v1.28.1/transport/http/protocol/rpcv2/rpcv2.go: Permission denied
rm: /var/folders/x5/_jwxtjjx347635h39vn8hcxm0000gn/T//ak2-prehearse.flRglu/home/go/pkg/mod/github.com/aws/smithy-go@v1.28.1/transport/http/protocol/rpcv2: Permission denied
rm: /var/folders/x5/_jwxtjjx347635h39vn8hcxm0000gn/T//ak2-prehearse.flRglu/home/go/pkg/mod/github.com/aws/smithy-go@v1.28.1/transport/http/protocol/restjson1/restjson1.go: Permission denied
rm: /var/folders/x5/_jwxtjjx347635h39vn8hcxm0000gn/T//ak2-prehearse.flRglu/home/go/pkg/mod/github.com/aws/smithy-go@v1.28.1/transport/http/protocol/restjson1: Permission denied
rm: /var/folders/x5/_jwxtjjx347635h39vn8hcxm0000gn/T//ak2-prehearse.flRglu/home/go/pkg/mod/github.com/aws/smithy-go@v1.28.1/transport/http/protocol/restxml/restxml.go: Permission denied
rm: /var/folders/x5/_jwxtjjx347635h39vn8hcxm0000gn/T//ak2-prehearse.flRglu/home/go/pkg/mod/github.com/aws/smithy-go@v1.28.1/transport/http/protocol/restxml: Permission denied
rm: /var/folders/x5/_jwxtjjx347635h39vn8hcxm0000gn/T//ak2-prehearse.flRglu/home/go/pkg/mod/github.com/aws/smithy-go@v1.28.1/transport/http/protocol/internal/httpbinding/serializer_test.go: Permission denied
rm: /var/folders/x5/_jwxtjjx347635h39vn8hcxm0000gn/T//ak2-prehearse.flRglu/home/go/pkg/mod/github.com/aws/smithy-go@v1.28.1/transport/http/protocol/internal/httpbinding/deserializer.go: Permission denied
rm: /var/folders/x5/_jwxtjjx347635h39vn8hcxm0000gn/T//ak2-prehearse.flRglu/home/go/pkg/mod/github.com/aws/smithy-go@v1.28.1/transport/http/protocol/internal/httpbinding/union_payload_test.go: Permission denied
rm: /var/folders/x5/_jwxtjjx347635h39vn8hcxm0000gn/T//ak2-prehearse.flRglu/home/go/pkg/mod/github.com/aws/smithy-go@v1.28.1/transport/http/protocol/internal/httpbinding/serializer.go: Permission denied
rm: /var/folders/x5/_jwxtjjx347635h39vn8hcxm0000gn/T//ak2-prehearse.flRglu/home/go/pkg/mod/github.com/aws/smithy-go@v1.28.1/transport/http/protocol/internal/httpbinding/ext_test.go: Permission denied
rm: /var/folders/x5/_jwxtjjx347635h39vn8hcxm0000gn/T//ak2-prehearse.flRglu/home/go/pkg/mod/github.com/aws/smithy-go@v1.28.1/transport/http/protocol/internal/httpbinding/ext.go: Permission denied
rm: /var/folders/x5/_jwxtjjx347635h39vn8hcxm0000gn/T//ak2-prehearse.flRglu/home/go/pkg/mod/github.com/aws/smithy-go@v1.28.1/transport/http/protocol/internal/httpbinding/deserializer_test.go: Permission denied
rm: /var/folders/x5/_jwxtjjx347635h39vn8hcxm0000gn/T//ak2-prehearse.flRglu/home/go/pkg/mod/github.com/aws/smithy-go@v1.28.1/transport/http/protocol/internal/httpbinding/timestamp.go: Permission denied
rm: /var/folders/x5/_jwxtjjx347635h39vn8hcxm0000gn/T//ak2-prehearse.flRglu/home/go/pkg/mod/github.com/aws/smithy-go@v1.28.1/transport/http/protocol/internal/httpbinding: Permission denied
rm: /var/folders/x5/_jwxtjjx347635h39vn8hcxm0000gn/T//ak2-prehearse.flRglu/home/go/pkg/mod/github.com/aws/smithy-go@v1.28.1/transport/http/protocol/internal/cbor/shape_deserializer.go: Permission denied
rm: /var/folders/x5/_jwxtjjx347635h39vn8hcxm0000gn/T//ak2-prehearse.flRglu/home/go/pkg/mod/github.com/aws/smithy-go@v1.28.1/transport/http/protocol/internal/cbor/union_in_union_test.go: Permission denied
rm: /var/folders/x5/_jwxtjjx347635h39vn8hcxm0000gn/T//ak2-prehearse.flRglu/home/go/pkg/mod/github.com/aws/smithy-go@v1.28.1/transport/http/protocol/internal/cbor/shape_serializer.go: Permission denied
rm: /var/folders/x5/_jwxtjjx347635h39vn8hcxm0000gn/T//ak2-prehearse.flRglu/home/go/pkg/mod/github.com/aws/smithy-go@v1.28.1/transport/http/protocol/internal/cbor/zz_alias_test.go: Permission denied
rm: /var/folders/x5/_jwxtjjx347635h39vn8hcxm0000gn/T//ak2-prehearse.flRglu/home/go/pkg/mod/github.com/aws/smithy-go@v1.28.1/transport/http/protocol/internal/cbor/union_serialize_test.go: Permission denied
rm: /var/folders/x5/_jwxtjjx347635h39vn8hcxm0000gn/T//ak2-prehearse.flRglu/home/go/pkg/mod/github.com/aws/smithy-go@v1.28.1/transport/http/protocol/internal/cbor/float16.go: Permission denied
rm: /var/folders/x5/_jwxtjjx347635h39vn8hcxm0000gn/T//ak2-prehearse.flRglu/home/go/pkg/mod/github.com/aws/smithy-go@v1.28.1/transport/http/protocol/internal/cbor: Permission denied
rm: /var/folders/x5/_jwxtjjx347635h39vn8hcxm0000gn/T//ak2-prehearse.flRglu/home/go/pkg/mod/github.com/aws/smithy-go@v1.28.1/transport/http/protocol/internal/xml/shape_deserializer.go: Permission denied
rm: /var/folders/x5/_jwxtjjx347635h39vn8hcxm0000gn/T//ak2-prehearse.flRglu/home/go/pkg/mod/github.com/aws/smithy-go@v1.28.1/transport/http/protocol/internal/xml/element_name.go: Permission denied
rm: /var/folders/x5/_jwxtjjx347635h39vn8hcxm0000gn/T//ak2-prehearse.flRglu/home/go/pkg/mod/github.com/aws/smithy-go@v1.28.1/transport/http/protocol/internal/xml/error.go: Permission denied
rm: /var/folders/x5/_jwxtjjx347635h39vn8hcxm0000gn/T//ak2-prehearse.flRglu/home/go/pkg/mod/github.com/aws/smithy-go@v1.28.1/transport/http/protocol/internal/xml/shape_serializer.go: Permission denied
rm: /var/folders/x5/_jwxtjjx347635h39vn8hcxm0000gn/T//ak2-prehearse.flRglu/home/go/pkg/mod/github.com/aws/smithy-go@v1.28.1/transport/http/protocol/internal/xml/writer.go: Permission denied
rm: /var/folders/x5/_jwxtjjx347635h39vn8hcxm0000gn/T//ak2-prehearse.flRglu/home/go/pkg/mod/github.com/aws/smithy-go@v1.28.1/transport/http/protocol/internal/xml/extract.go: Permission denied
rm: /var/folders/x5/_jwxtjjx347635h39vn8hcxm0000gn/T//ak2-prehearse.flRglu/home/go/pkg/mod/github.com/aws/smithy-go@v1.28.1/transport/http/protocol/internal/xml: Permission denied
rm: /var/folders/x5/_jwxtjjx347635h39vn8hcxm0000gn/T//ak2-prehearse.flRglu/home/go/pkg/mod/github.com/aws/smithy-go@v1.28.1/transport/http/protocol/internal/json/shape_deserializer.go: Permission denied
rm: /var/folders/x5/_jwxtjjx347635h39vn8hcxm0000gn/T//ak2-prehearse.flRglu/home/go/pkg/mod/github.com/aws/smithy-go@v1.28.1/transport/http/protocol/internal/json/fuzz_test.go: Permission denied
rm: /var/folders/x5/_jwxtjjx347635h39vn8hcxm0000gn/T//ak2-prehearse.flRglu/home/go/pkg/mod/github.com/aws/smithy-go@v1.28.1/transport/http/protocol/internal/json/testdata/README.md: Permission denied
rm: /var/folders/x5/_jwxtjjx347635h39vn8hcxm0000gn/T//ak2-prehearse.flRglu/home/go/pkg/mod/github.com/aws/smithy-go@v1.28.1/transport/http/protocol/internal/json/testdata/fuzz/FuzzParserDifferential/8a874704f001c1c7: Permission denied
rm: /var/folders/x5/_jwxtjjx347635h39vn8hcxm0000gn/T//ak2-prehearse.flRglu/home/go/pkg/mod/github.com/aws/smithy-go@v1.28.1/transport/http/protocol/internal/json/testdata/fuzz/FuzzParserDifferential: Permission denied
rm: /var/folders/x5/_jwxtjjx347635h39vn8hcxm0000gn/T//ak2-prehearse.flRglu/home/go/pkg/mod/github.com/aws/smithy-go@v1.28.1/transport/http/protocol/internal/json/testdata/fuzz: Permission denied
rm: /var/folders/x5/_jwxtjjx347635h39vn8hcxm0000gn/T//ak2-prehearse.flRglu/home/go/pkg/mod/github.com/aws/smithy-go@v1.28.1/transport/http/protocol/internal/json/testdata/test_parsing/y_array_empty-string.json: Permission denied
rm: /var/folders/x5/_jwxtjjx347635h39vn8hcxm0000gn/T//ak2-prehearse.flRglu/home/go/pkg/mod/github.com/aws/smithy-go@v1.28.1/transport/http/protocol/internal/json/testdata/test_parsing/n_number_minus_sign_with_trailing_garbage.json: Permission denied
rm: /var/folders/x5/_jwxtjjx347635h39vn8hcxm0000gn/T//ak2-prehearse.flRglu/home/go/pkg/mod/github.com/aws/smithy-go@v1.28.1/transport/http/protocol/internal/json/testdata/test_parsing/n_object_with_single_string.json: Permission denied
rm: /var/folders/x5/_jwxtjjx347635h39vn8hcxm0000gn/T//ak2-prehearse.flRglu/home/go/pkg/mod/github.com/aws/smithy-go@v1.28.1/transport/http/protocol/internal/json/testdata/test_parsing/n_string_unescaped_ctrl_char.json: Permission denied
rm: /var/folders/x5/_jwxtjjx347635h39vn8hcxm0000gn/T//ak2-prehearse.flRglu/home/go/pkg/mod/github.com/aws/smithy-go@v1.28.1/transport/http/protocol/internal/json/testdata/test_parsing/i_number_too_big_pos_int.json: Permission denied
rm: /var/folders/x5/_jwxtjjx347635h39vn8hcxm0000gn/T//ak2-prehearse.flRglu/home/go/pkg/mod/github.com/aws/smithy-go@v1.28.1/transport/http/protocol/internal/json/testdata/test_parsing/y_string_null_escape.json: Permission denied
rm: /var/folders/x5/_jwxtjjx347635h39vn8hcxm0000gn/T//ak2-prehearse.flRglu/home/go/pkg/mod/github.com/aws/smithy-go@v1.28.1/transport/http/protocol/internal/json/testdata/test_parsing/i_string_overlong_sequence_6_bytes.json: Permission denied
rm: /var/folders/x5/_jwxtjjx347635h39vn8hcxm0000gn/T//ak2-prehearse.flRglu/home/go/pkg/mod/github.com/aws/smithy-go@v1.28.1/transport/http/protocol/internal/json/testdata/test_parsing/y_array_null.json: Permission denied
rm: /var/folders/x5/_jwxtjjx347635h39vn8hcxm0000gn/T//ak2-prehearse.flRglu/home/go/pkg/mod/github.com/aws/smithy-go@v1.28.1/transport/http/protocol/internal/json/testdata/test_parsing/n_object_missing_value.json: Permission denied
rm: /var/folders/x5/_jwxtjjx347635h39vn8hcxm0000gn/T//ak2-prehearse.flRglu/home/go/pkg/mod/github.com/aws/smithy-go@v1.28.1/transport/http/protocol/internal/json/testdata/test_parsing/i_string_incomplete_surrogates_escape_valid.json: Permission denied
rm: /var/folders/x5/_jwxtjjx347635h39vn8hcxm0000gn/T//ak2-prehearse.flRglu/home/go/pkg/mod/github.com/aws/smithy-go@v1.28.1/transport/http/protocol/internal/json/testdata/test_parsing/n_structure_open_object_close_array.json: Permission denied
rm: /var/folders/x5/_jwxtjjx347635h39vn8hcxm0000gn/T//ak2-prehearse.flRglu/home/go/pkg/mod/github.com/aws/smithy-go@v1.28.1/transport/http/protocol/internal/json/testdata/test_parsing/i_number_real_pos_overflow.json: Permission denied
rm: /var/folders/x5/_jwxtjjx347635h39vn8hcxm0000gn/T//ak2-prehearse.flRglu/home/go/pkg/mod/github.com/aws/smithy-go@v1.28.1/transport/http/protocol/internal/json/testdata/test_parsing/i_string_lone_utf8_continuation_byte.json: Permission denied
rm: /var/folders/x5/_jwxtjjx347635h39vn8hcxm0000gn/T//ak2-prehearse.flRglu/home/go/pkg/mod/github.com/aws/smithy-go@v1.28.1/transport/http/protocol/internal/json/testdata/test_parsing/n_number_-2..json: Permission denied
rm: /var/folders/x5/_jwxtjjx347635h39vn8hcxm0000gn/T//ak2-prehearse.flRglu/home/go/pkg/mod/github.com/aws/smithy-go@v1.28.1/transport/http/protocol/internal/json/testdata/test_parsing/n_structure_unclosed_array.json: Permission denied
rm: /var/folders/x5/_jwxtjjx347635h39vn8hcxm0000gn/T//ak2-prehearse.flRglu/home/go/pkg/mod/github.com/aws/smithy-go@v1.28.1/transport/http/protocol/internal/json/testdata/test_parsing/n_string_escape_x.json: Permission denied
rm: /var/folders/x5/_jwxtjjx347635h39vn8hcxm0000gn/T//ak2-prehearse.flRglu/home/go/pkg/mod/github.com/aws/smithy-go@v1.28.1/transport/http/protocol/internal/json/testdata/test_parsing/i_string_UTF-16LE_with_BOM.json: Permission denied
rm: /var/folders/x5/_jwxtjjx347635h39vn8hcxm0000gn/T//ak2-prehearse.flRglu/home/go/pkg/mod/github.com/aws/smithy-go@v1.28.1/transport/http/protocol/internal/json/testdata/test_parsing/n_number_invalid-utf-8-in-bigger-int.json: Permission denied
rm: /var/folders/x5/_jwxtjjx347635h39vn8hcxm0000gn/T//ak2-prehearse.flRglu/home/go/pkg/mod/github.com/aws/smithy-go@v1.28.1/transport/http/protocol/internal/json/testdata/test_parsing/n_number_invalid-utf-8-in-exponent.json: Permission denied
rm: /var/folders/x5/_jwxtjjx347635h39vn8hcxm0000gn/T//ak2-prehearse.flRglu/home/go/pkg/mod/github.com/aws/smithy-go@v1.28.1/transport/http/protocol/internal/json/testdata/test_parsing/y_string_1_2_3_bytes_UTF-8_sequences.json: Permission denied
rm: /var/folders/x5/_jwxtjjx347635h39vn8hcxm0000gn/T//ak2-prehearse.flRglu/home/go/pkg/mod/github.com/aws/smithy-go@v1.28.1/transport/http/protocol/internal/json/testdata/test_parsing/n_single_space.json: Permission denied
rm: /var/folders/x5/_jwxtjjx347635h39vn8hcxm0000gn/T//ak2-prehearse.flRglu/home/go/pkg/mod/github.com/aws/smithy-go@v1.28.1/transport/http/protocol/internal/json/testdata/test_parsing/y_number_real_exponent.json: Permission denied
rm: /var/folders/x5/_jwxtjjx347635h39vn8hcxm0000gn/T//ak2-prehearse.flRglu/home/go/pkg/mod/github.com/aws/smithy-go@v1.28.1/transport/http/protocol/internal/json/testdata/test_parsing/i_number_real_neg_overflow.json: Permission denied
rm: /var/folders/x5/_jwxtjjx347635h39vn8hcxm0000gn/T//ak2-prehearse.flRglu/home/go/pkg/mod/github.com/aws/smithy-go@v1.28.1/transport/http/protocol/internal/json/testdata/test_parsing/y_object.json: Permission denied
rm: /var/folders/x5/_jwxtjjx347635h39vn8hcxm0000gn/T//ak2-prehearse.flRglu/home/go/pkg/mod/github.com/aws/smithy-go@v1.28.1/transport/http/protocol/internal/json/testdata/test_parsing/i_string_iso_latin_1.json: Permission denied
rm: /var/folders/x5/_jwxtjjx347635h39vn8hcxm0000gn/T//ak2-prehearse.flRglu/home/go/pkg/mod/github.com/aws/smithy-go@v1.28.1/transport/http/protocol/internal/json/testdata/test_parsing/n_object_unquoted_key.json: Permission denied
rm: /var/folders/x5/_jwxtjjx347635h39vn8hcxm0000gn/T//ak2-prehearse.flRglu/home/go/pkg/mod/github.com/aws/smithy-go@v1.28.1/transport/http/protocol/internal/json/testdata/test_parsing/n_array_a_invalid_utf8.json: Permission denied
rm: /var/folders/x5/_jwxtjjx347635h39vn8hcxm0000gn/T//ak2-prehearse.flRglu/home/go/pkg/mod/github.com/aws/smithy-go@v1.28.1/transport/http/protocol/internal/json/testdata/test_parsing/y_number_minus_zero.json: Permission denied
rm: /var/folders/x5/_jwxtjjx347635h39vn8hcxm0000gn/T//ak2-prehearse.flRglu/home/go/pkg/mod/github.com/aws/smithy-go@v1.28.1/transport/http/protocol/internal/json/testdata/test_parsing/n_object_several_trailing_commas.json: Permission denied
rm: /var/folders/x5/_jwxtjjx347635h39vn8hcxm0000gn/T//ak2-prehearse.flRglu/home/go/pkg/mod/github.com/aws/smithy-go@v1.28.1/transport/http/protocol/internal/json/testdata/test_parsing/y_number_double_close_to_zero.json: Permission denied
rm: /var/folders/x5/_jwxtjjx347635h39vn8hcxm0000gn/T//ak2-prehearse.flRglu/home/go/pkg/mod/github.com/aws/smithy-go@v1.28.1/transport/http/protocol/internal/json/testdata/test_parsing/n_structure_single_eacute.json: Permission denied
rm: /var/folders/x5/_jwxtjjx347635h39vn8hcxm0000gn/T//ak2-prehearse.flRglu/home/go/pkg/mod/github.com/aws/smithy-go@v1.28.1/transport/http/protocol/internal/json/testdata/test_parsing/n_structure_open_object_comma.json: Permission denied
rm: /var/folders/x5/_jwxtjjx347635h39vn8hcxm0000gn/T//ak2-prehearse.flRglu/home/go/pkg/mod/github.com/aws/smithy-go@v1.28.1/transport/http/protocol/internal/json/testdata/test_parsing/y_string_allowed_escapes.json: Permission denied
rm: /var/folders/x5/_jwxtjjx347635h39vn8hcxm0000gn/T//ak2-prehearse.flRglu/home/go/pkg/mod/github.com/aws/smithy-go@v1.28.1/transport/http/protocol/internal/json/testdata/test_parsing/n_array_just_minus.json: Permission denied
rm: /var/folders/x5/_jwxtjjx347635h39vn8hcxm0000gn/T//ak2-prehearse.flRglu/home/go/pkg/mod/github.com/aws/smithy-go@v1.28.1/transport/http/protocol/internal/json/testdata/test_parsing/y_array_empty.json: Permission denied
rm: /var/folders/x5/_jwxtjjx347635h39vn8hcxm0000gn/T//ak2-prehearse.flRglu/home/go/pkg/mod/github.com/aws/smithy-go@v1.28.1/transport/http/protocol/internal/json/testdata/test_parsing/n_structure_open_object_open_array.json: Permission denied
rm: /var/folders/x5/_jwxtjjx347635h39vn8hcxm0000gn/T//ak2-prehearse.flRglu/home/go/pkg/mod/github.com/aws/smithy-go@v1.28.1/transport/http/protocol/internal/json/testdata/test_parsing/n_string_invalid_unicode_escape.json: Permission denied
rm: /var/folders/x5/_jwxtjjx347635h39vn8hcxm0000gn/T//ak2-prehearse.flRglu/home/go/pkg/mod/github.com/aws/smithy-go@v1.28.1/transport/http/protocol/internal/json/testdata/test_parsing/n_number_9.e+.json: Permission denied
rm: /var/folders/x5/_jwxtjjx347635h39vn8hcxm0000gn/T//ak2-prehearse.flRglu/home/go/pkg/mod/github.com/aws/smithy-go@v1.28.1/transport/http/protocol/internal/json/testdata/test_parsing/n_string_incomplete_escape.json: Permission denied
rm: /var/folders/x5/_jwxtjjx347635h39vn8hcxm0000gn/T//ak2-prehearse.flRglu/home/go/pkg/mod/github.com/aws/smithy-go@v1.28.1/transport/http/protocol/internal/json/testdata/test_parsing/y_structure_string_empty.json: Permission denied
rm: /var/folders/x5/_jwxtjjx347635h39vn8hcxm0000gn/T//ak2-prehearse.flRglu/home/go/pkg/mod/github.com/aws/smithy-go@v1.28.1/transport/http/protocol/internal/json/testdata/test_parsing/y_object_empty.json: Permission denied
rm: /var/folders/x5/_jwxtjjx347635h39vn8hcxm0000gn/T//ak2-prehearse.flRglu/home/go/pkg/mod/github.com/aws/smithy-go@v1.28.1/transport/http/protocol/internal/json/testdata/test_parsing/y_string_pi.json: Permission denied
rm: /var/folders/x5/_jwxtjjx347635h39vn8hcxm0000gn/T//ak2-prehearse.flRglu/home/go/pkg/mod/github.com/aws/smithy-go@v1.28.1/transport/http/protocol/internal/json/testdata/test_parsing/n_structure_unclosed_array_unfinished_false.json: Permission denied
rm: /var/folders/x5/_jwxtjjx347635h39vn8hcxm0000gn/T//ak2-prehearse.flRglu/home/go/pkg/mod/github.com/aws/smithy-go@v1.28.1/transport/http/protocol/internal/json/testdata/test_parsing/y_string_escaped_noncharacter.json: Permission denied
rm: /var/folders/x5/_jwxtjjx347635h39vn8hcxm0000gn/T//ak2-prehearse.flRglu/home/go/pkg/mod/github.com/aws/smithy-go@v1.28.1/transport/http/protocol/internal/json/testdata/test_parsing/n_number_with_leading_zero.json: Permission denied
rm: /var/folders/x5/_jwxtjjx347635h39vn8hcxm0000gn/T//ak2-prehearse.flRglu/home/go/pkg/mod/github.com/aws/smithy-go@v1.28.1/transport/http/protocol/internal/json/testdata/test_parsing/y_number_int_with_exp.json: Permission denied
rm: /var/folders/x5/_jwxtjjx347635h39vn8hcxm0000gn/T//ak2-prehearse.flRglu/home/go/pkg/mod/github.com/aws/smithy-go@v1.28.1/transport/http/protocol/internal/json/testdata/test_parsing/n_number_1.0e+.json: Permission denied
rm: /var/folders/x5/_jwxtjjx347635h39vn8hcxm0000gn/T//ak2-prehearse.flRglu/home/go/pkg/mod/github.com/aws/smithy-go@v1.28.1/transport/http/protocol/internal/json/testdata/test_parsing/n_number_-NaN.json: Permission denied
rm: /var/folders/x5/_jwxtjjx347635h39vn8hcxm0000gn/T//ak2-prehearse.flRglu/home/go/pkg/mod/github.com/aws/smithy-go@v1.28.1/transport/http/protocol/internal/json/testdata/test_parsing/n_string_unescaped_tab.json: Permission denied
rm: /var/folders/x5/_jwxtjjx347635h39vn8hcxm0000gn/T//ak2-prehearse.flRglu/home/go/pkg/mod/github.com/aws/smithy-go@v1.28.1/transport/http/protocol/internal/json/testdata/test_parsing/n_structure_ascii-unicode-identifier.json: Permission denied
rm: /var/folders/x5/_jwxtjjx347635h39vn8hcxm0000gn/T//ak2-prehearse.flRglu/home/go/pkg/mod/github.com/aws/smithy-go@v1.28.1/transport/http/protocol/internal/json/testdata/test_parsing/n_string_incomplete_surrogate.json: Permission denied
rm: /var/folders/x5/_jwxtjjx347635h39vn8hcxm0000gn/T//ak2-prehearse.flRglu/home/go/pkg/mod/github.com/aws/smithy-go@v1.28.1/transport/http/protocol/internal/json/testdata/test_parsing/n_array_items_separated_by_semicolon.json: Permission denied
rm: /var/folders/x5/_jwxtjjx347635h39vn8hcxm0000gn/T//ak2-prehearse.flRglu/home/go/pkg/mod/github.com/aws/smithy-go@v1.28.1/transport/http/protocol/internal/json/testdata/test_parsing/i_string_invalid_surrogate.json: Permission denied
rm: /var/folders/x5/_jwxtjjx347635h39vn8hcxm0000gn/T//ak2-prehearse.flRglu/home/go/pkg/mod/github.com/aws/smithy-go@v1.28.1/transport/http/protocol/internal/json/testdata/test_parsing/n_number_infinity.json: Permission denied
rm: /var/folders/x5/_jwxtjjx347635h39vn8hcxm0000gn/T//ak2-prehearse.flRglu/home/go/pkg/mod/github.com/aws/smithy-go@v1.28.1/transport/http/protocol/internal/json/testdata/test_parsing/n_structure_comma_instead_of_closing_brace.json: Permission denied
rm: /var/folders/x5/_jwxtjjx347635h39vn8hcxm0000gn/T//ak2-prehearse.flRglu/home/go/pkg/mod/github.com/aws/smithy-go@v1.28.1/transport/http/protocol/internal/json/testdata/test_parsing/y_object_duplicated_key_and_value.json: Permission denied
rm: /var/folders/x5/_jwxtjjx347635h39vn8hcxm0000gn/T//ak2-prehearse.flRglu/home/go/pkg/mod/github.com/aws/smithy-go@v1.28.1/transport/http/protocol/internal/json/testdata/test_parsing/n_string_with_trailing_garbage.json: Permission denied
rm: /var/folders/x5/_jwxtjjx347635h39vn8hcxm0000gn/T//ak2-prehearse.flRglu/home/go/pkg/mod/github.com/aws/smithy-go@v1.28.1/transport/http/protocol/internal/json/testdata/test_parsing/n_number_0.1.2.json: Permission denied
rm: /var/folders/x5/_jwxtjjx347635h39vn8hcxm0000gn/T//ak2-prehearse.flRglu/home/go/pkg/mod/github.com/aws/smithy-go@v1.28.1/transport/http/protocol/internal/json/testdata/test_parsing/y_string_last_surrogates_1_and_2.json: Permission denied
rm: /var/folders/x5/_jwxtjjx347635h39vn8hcxm0000gn/T//ak2-prehearse.flRglu/home/go/pkg/mod/github.com/aws/smithy-go@v1.28.1/transport/http/protocol/internal/json/testdata/test_parsing/y_string_accepted_surrogate_pair.json: Permission denied
rm: /var/folders/x5/_jwxtjjx347635h39vn8hcxm0000gn/T//ak2-prehearse.flRglu/home/go/pkg/mod/github.com/aws/smithy-go@v1.28.1/transport/http/protocol/internal/json/testdata/test_parsing/i_string_1st_valid_surrogate_2nd_invalid.json: Permission denied
rm: /var/folders/x5/_jwxtjjx347635h39vn8hcxm0000gn/T//ak2-prehearse.flRglu/home/go/pkg/mod/github.com/aws/smithy-go@v1.28.1/transport/http/protocol/internal/json/testdata/test_parsing/y_structure_lonely_false.json: Permission denied
rm: /var/folders/x5/_jwxtjjx347635h39vn8hcxm0000gn/T//ak2-prehearse.flRglu/home/go/pkg/mod/github.com/aws/smithy-go@v1.28.1/transport/http/protocol/internal/json/testdata/test_parsing/n_structure_uescaped_LF_before_string.json: Permission denied
rm: /var/folders/x5/_jwxtjjx347635h39vn8hcxm0000gn/T//ak2-prehearse.flRglu/home/go/pkg/mod/github.com/aws/smithy-go@v1.28.1/transport/http/protocol/internal/json/testdata/test_parsing/y_number_real_capital_e_pos_exp.json: Permission denied
rm: /var/folders/x5/_jwxtjjx347635h39vn8hcxm0000gn/T//ak2-prehearse.flRglu/home/go/pkg/mod/github.com/aws/smithy-go@v1.28.1/transport/http/protocol/internal/json/testdata/test_parsing/n_number_Inf.json: Permission denied
rm: /var/folders/x5/_jwxtjjx347635h39vn8hcxm0000gn/T//ak2-prehearse.flRglu/home/go/pkg/mod/github.com/aws/smithy-go@v1.28.1/transport/http/protocol/internal/json/testdata/test_parsing/n_array_incomplete.json: Permission denied
rm: /var/folders/x5/_jwxtjjx347635h39vn8hcxm0000gn/T//ak2-prehearse.flRglu/home/go/pkg/mod/github.com/aws/smithy-go@v1.28.1/transport/http/protocol/internal/json/testdata/test_parsing/i_object_key_lone_2nd_surrogate.json: Permission denied
rm: /var/folders/x5/_jwxtjjx347635h39vn8hcxm0000gn/T//ak2-prehearse.flRglu/home/go/pkg/mod/github.com/aws/smithy-go@v1.28.1/transport/http/protocol/internal/json/testdata/test_parsing/i_string_utf16BE_no_BOM.json: Permission denied
rm: /var/folders/x5/_jwxtjjx347635h39vn8hcxm0000gn/T//ak2-prehearse.flRglu/home/go/pkg/mod/github.com/aws/smithy-go@v1.28.1/transport/http/protocol/internal/json/testdata/test_parsing/y_string_unicode.json: Permission denied
rm: /var/folders/x5/_jwxtjjx347635h39vn8hcxm0000gn/T//ak2-prehearse.flRglu/home/go/pkg/mod/github.com/aws/smithy-go@v1.28.1/transport/http/protocol/internal/json/testdata/test_parsing/n_string_accentuated_char_no_quotes.json: Permission denied
rm: /var/folders/x5/_jwxtjjx347635h39vn8hcxm0000gn/T//ak2-prehearse.flRglu/home/go/pkg/mod/github.com/aws/smithy-go@v1.28.1/transport/http/protocol/internal/json/testdata/test_parsing/y_structure_true_in_array.json: Permission denied
rm: /var/folders/x5/_jwxtjjx347635h39vn8hcxm0000gn/T//ak2-prehearse.flRglu/home/go/pkg/mod/github.com/aws/smithy-go@v1.28.1/transport/http/protocol/internal/json/testdata/test_parsing/n_number_.2e-3.json: Permission denied
rm: /var/folders/x5/_jwxtjjx347635h39vn8hcxm0000gn/T//ak2-prehearse.flRglu/home/go/pkg/mod/github.com/aws/smithy-go@v1.28.1/transport/http/protocol/internal/json/testdata/test_parsing/n_structure_open_array_comma.json: Permission denied
rm: /var/folders/x5/_jwxtjjx347635h39vn8hcxm0000gn/T//ak2-prehearse.flRglu/home/go/pkg/mod/github.com/aws/smithy-go@v1.28.1/transport/http/protocol/internal/json/testdata/test_parsing/y_string_unicode_U+1FFFE_nonchar.json: Permission denied
rm: /var/folders/x5/_jwxtjjx347635h39vn8hcxm0000gn/T//ak2-prehearse.flRglu/home/go/pkg/mod/github.com/aws/smithy-go@v1.28.1/transport/http/protocol/internal/json/testdata/test_parsing/y_string_backslash_and_u_escaped_zero.json: Permission denied
rm: /var/folders/x5/_jwxtjjx347635h39vn8hcxm0000gn/T//ak2-prehearse.flRglu/home/go/pkg/mod/github.com/aws/smithy-go@v1.28.1/transport/http/protocol/internal/json/testdata/test_parsing/y_string_three-byte-utf-8.json: Permission denied
rm: /var/folders/x5/_jwxtjjx347635h39vn8hcxm0000gn/T//ak2-prehearse.flRglu/home/go/pkg/mod/github.com/aws/smithy-go@v1.28.1/transport/http/protocol/internal/json/testdata/test_parsing/y_string_backslash_doublequotes.json: Permission denied
rm: /var/folders/x5/_jwxtjjx347635h39vn8hcxm0000gn/T//ak2-prehearse.flRglu/home/go/pkg/mod/github.com/aws/smithy-go@v1.28.1/transport/http/protocol/internal/json/testdata/test_parsing/n_array_missing_value.json: Permission denied
rm: /var/folders/x5/_jwxtjjx347635h39vn8hcxm0000gn/T//ak2-prehearse.flRglu/home/go/pkg/mod/github.com/aws/smithy-go@v1.28.1/transport/http/protocol/internal/json/testdata/test_parsing/n_object_trailing_comma.json: Permission denied
rm: /var/folders/x5/_jwxtjjx347635h39vn8hcxm0000gn/T//ak2-prehearse.flRglu/home/go/pkg/mod/github.com/aws/smithy-go@v1.28.1/transport/http/protocol/internal/json/testdata/test_parsing/n_object_two_commas_in_a_row.json: Permission denied
rm: /var/folders/x5/_jwxtjjx347635h39vn8hcxm0000gn/T//ak2-prehearse.flRglu/home/go/pkg/mod/github.com/aws/smithy-go@v1.28.1/transport/http/protocol/internal/json/testdata/test_parsing/n_structure_no_data.json: Permission denied
rm: /var/folders/x5/_jwxtjjx347635h39vn8hcxm0000gn/T//ak2-prehearse.flRglu/home/go/pkg/mod/github.com/aws/smithy-go@v1.28.1/transport/http/protocol/internal/json/testdata/test_parsing/n_structure_single_star.json: Permission denied
rm: /var/folders/x5/_jwxtjjx347635h39vn8hcxm0000gn/T//ak2-prehearse.flRglu/home/go/pkg/mod/github.com/aws/smithy-go@v1.28.1/transport/http/protocol/internal/json/testdata/test_parsing/y_string_uescaped_newline.json: Permission denied
rm: /var/folders/x5/_jwxtjjx347635h39vn8hcxm0000gn/T//ak2-prehearse.flRglu/home/go/pkg/mod/github.com/aws/smithy-go@v1.28.1/transport/http/protocol/internal/json/testdata/test_parsing/n_number_invalid-negative-real.json: Permission denied
rm: /var/folders/x5/_jwxtjjx347635h39vn8hcxm0000gn/T//ak2-prehearse.flRglu/home/go/pkg/mod/github.com/aws/smithy-go@v1.28.1/transport/http/protocol/internal/json/testdata/test_parsing/n_structure_lone-invalid-utf-8.json: Permission denied
rm: /var/folders/x5/_jwxtjjx347635h39vn8hcxm0000gn/T//ak2-prehearse.flRglu/home/go/pkg/mod/github.com/aws/smithy-go@v1.28.1/transport/http/protocol/internal/json/testdata/test_parsing/n_array_incomplete_invalid_value.json: Permission denied
rm: /var/folders/x5/_jwxtjjx347635h39vn8hcxm0000gn/T//ak2-prehearse.flRglu/home/go/pkg/mod/github.com/aws/smithy-go@v1.28.1/transport/http/protocol/internal/json/testdata/test_parsing/n_number_0e.json: Permission denied
rm: /var/folders/x5/_jwxtjjx347635h39vn8hcxm0000gn/T//ak2-prehearse.flRglu/home/go/pkg/mod/github.com/aws/smithy-go@v1.28.1/transport/http/protocol/internal/json/testdata/test_parsing/n_number_invalid-utf-8-in-int.json: Permission denied
rm: /var/folders/x5/_jwxtjjx347635h39vn8hcxm0000gn/T//ak2-prehearse.flRglu/home/go/pkg/mod/github.com/aws/smithy-go@v1.28.1/transport/http/protocol/internal/json/testdata/test_parsing/n_string_invalid_utf8_after_escape.json: Permission denied
rm: /var/folders/x5/_jwxtjjx347635h39vn8hcxm0000gn/T//ak2-prehearse.flRglu/home/go/pkg/mod/github.com/aws/smithy-go@v1.28.1/transport/http/protocol/internal/json/testdata/test_parsing/n_array_number_and_comma.json: Permission denied
rm: /var/folders/x5/_jwxtjjx347635h39vn8hcxm0000gn/T//ak2-prehearse.flRglu/home/go/pkg/mod/github.com/aws/smithy-go@v1.28.1/transport/http/protocol/internal/json/testdata/test_parsing/n_structure_unclosed_object.json: Permission denied
rm: /var/folders/x5/_jwxtjjx347635h39vn8hcxm0000gn/T//ak2-prehearse.flRglu/home/go/pkg/mod/github.com/aws/smithy-go@v1.28.1/transport/http/protocol/internal/json/testdata/test_parsing/n_number_starting_with_dot.json: Permission denied
rm: /var/folders/x5/_jwxtjjx347635h39vn8hcxm0000gn/T//ak2-prehearse.flRglu/home/go/pkg/mod/github.com/aws/smithy-go@v1.28.1/transport/http/protocol/internal/json/testdata/test_parsing/y_number_after_space.json: Permission denied
rm: /var/folders/x5/_jwxtjjx347635h39vn8hcxm0000gn/T//ak2-prehearse.flRglu/home/go/pkg/mod/github.com/aws/smithy-go@v1.28.1/transport/http/protocol/internal/json/testdata/test_parsing/n_structure_whitespace_formfeed.json: Permission denied
rm: /var/folders/x5/_jwxtjjx347635h39vn8hcxm0000gn/T//ak2-prehearse.flRglu/home/go/pkg/mod/github.com/aws/smithy-go@v1.28.1/transport/http/protocol/internal/json/testdata/test_parsing/n_number_2.e3.json: Permission denied
rm: /var/folders/x5/_jwxtjjx347635h39vn8hcxm0000gn/T//ak2-prehearse.flRglu/home/go/pkg/mod/github.com/aws/smithy-go@v1.28.1/transport/http/protocol/internal/json/testdata/test_parsing/y_number_negative_one.json: Permission denied
rm: /var/folders/x5/_jwxtjjx347635h39vn8hcxm0000gn/T//ak2-prehearse.flRglu/home/go/pkg/mod/github.com/aws/smithy-go@v1.28.1/transport/http/protocol/internal/json/testdata/test_parsing/n_object_key_with_single_quotes.json: Permission denied
rm: /var/folders/x5/_jwxtjjx347635h39vn8hcxm0000gn/T//ak2-prehearse.flRglu/home/go/pkg/mod/github.com/aws/smithy-go@v1.28.1/transport/http/protocol/internal/json/testdata/test_parsing/n_number_U+FF11_fullwidth_digit_one.json: Permission denied
rm: /var/folders/x5/_jwxtjjx347635h39vn8hcxm0000gn/T//ak2-prehearse.flRglu/home/go/pkg/mod/github.com/aws/smithy-go@v1.28.1/transport/http/protocol/internal/json/testdata/test_parsing/y_structure_lonely_int.json: Permission denied
rm: /var/folders/x5/_jwxtjjx347635h39vn8hcxm0000gn/T//ak2-prehearse.flRglu/home/go/pkg/mod/github.com/aws/smithy-go@v1.28.1/transport/http/protocol/internal/json/testdata/test_parsing/n_structure_unclosed_array_partial_null.json: Permission denied
rm: /var/folders/x5/_jwxtjjx347635h39vn8hcxm0000gn/T//ak2-prehearse.flRglu/home/go/pkg/mod/github.com/aws/smithy-go@v1.28.1/transport/http/protocol/internal/json/testdata/test_parsing/i_number_huge_exp.json: Permission denied
rm: /var/folders/x5/_jwxtjjx347635h39vn8hcxm0000gn/T//ak2-prehearse.flRglu/home/go/pkg/mod/github.com/aws/smithy-go@v1.28.1/transport/http/protocol/internal/json/testdata/test_parsing/n_structure_object_with_trailing_garbage.json: Permission denied
rm: /var/folders/x5/_jwxtjjx347635h39vn8hcxm0000gn/T//ak2-prehearse.flRglu/home/go/pkg/mod/github.com/aws/smithy-go@v1.28.1/transport/http/protocol/internal/json/testdata/test_parsing/i_string_UTF8_surrogate_U+D800.json: Permission denied
rm: /var/folders/x5/_jwxtjjx347635h39vn8hcxm0000gn/T//ak2-prehearse.flRglu/home/go/pkg/mod/github.com/aws/smithy-go@v1.28.1/transport/http/protocol/internal/json/testdata/test_parsing/y_structure_lonely_negative_real.json: Permission denied
rm: /var/folders/x5/_jwxtjjx347635h39vn8hcxm0000gn/T//ak2-prehearse.flRglu/home/go/pkg/mod/github.com/aws/smithy-go@v1.28.1/transport/http/protocol/internal/json/testdata/test_parsing/n_object_non_string_key.json: Permission denied
rm: /var/folders/x5/_jwxtjjx347635h39vn8hcxm0000gn/T//ak2-prehearse.flRglu/home/go/pkg/mod/github.com/aws/smithy-go@v1.28.1/transport/http/protocol/internal/json/testdata/test_parsing/n_number_1.0e-.json: Permission denied
rm: /var/folders/x5/_jwxtjjx347635h39vn8hcxm0000gn/T//ak2-prehearse.flRglu/home/go/pkg/mod/github.com/aws/smithy-go@v1.28.1/transport/http/protocol/internal/json/testdata/test_parsing/n_number_++.json: Permission denied
rm: /var/folders/x5/_jwxtjjx347635h39vn8hcxm0000gn/T//ak2-prehearse.flRglu/home/go/pkg/mod/github.com/aws/smithy-go@v1.28.1/transport/http/protocol/internal/json/testdata/test_parsing/y_string_unicode_escaped_double_quote.json: Permission denied
rm: /var/folders/x5/_jwxtjjx347635h39vn8hcxm0000gn/T//ak2-prehearse.flRglu/home/go/pkg/mod/github.com/aws/smithy-go@v1.28.1/transport/http/protocol/internal/json/testdata/test_parsing/n_object_garbage_at_end.json: Permission denied
rm: /var/folders/x5/_jwxtjjx347635h39vn8hcxm0000gn/T//ak2-prehearse.flRglu/home/go/pkg/mod/github.com/aws/smithy-go@v1.28.1/transport/http/protocol/internal/json/testdata/test_parsing/y_number_real_capital_e.json: Permission denied
rm: /var/folders/x5/_jwxtjjx347635h39vn8hcxm0000gn/T//ak2-prehearse.flRglu/home/go/pkg/mod/github.com/aws/smithy-go@v1.28.1/transport/http/protocol/internal/json/testdata/test_parsing/y_string_double_escape_a.json: Permission denied
rm: /var/folders/x5/_jwxtjjx347635h39vn8hcxm0000gn/T//ak2-prehearse.flRglu/home/go/pkg/mod/github.com/aws/smithy-go@v1.28.1/transport/http/protocol/internal/json/testdata/test_parsing/n_number_-01.json: Permission denied
rm: /var/folders/x5/_jwxtjjx347635h39vn8hcxm0000gn/T//ak2-prehearse.flRglu/home/go/pkg/mod/github.com/aws/smithy-go@v1.28.1/transport/http/protocol/internal/json/testdata/test_parsing/y_number_real_fraction_exponent.json: Permission denied
rm: /var/folders/x5/_jwxtjjx347635h39vn8hcxm0000gn/T//ak2-prehearse.flRglu/home/go/pkg/mod/github.com/aws/smithy-go@v1.28.1/transport/http/protocol/internal/json/testdata/test_parsing/n_array_number_and_several_commas.json: Permission denied
rm: /var/folders/x5/_jwxtjjx347635h39vn8hcxm0000gn/T//ak2-prehearse.flRglu/home/go/pkg/mod/github.com/aws/smithy-go@v1.28.1/transport/http/protocol/internal/json/testdata/test_parsing/y_string_comments.json: Permission denied
rm: /var/folders/x5/_jwxtjjx347635h39vn8hcxm0000gn/T//ak2-prehearse.flRglu/home/go/pkg/mod/github.com/aws/smithy-go@v1.28.1/transport/http/protocol/internal/json/testdata/test_parsing/n_structure_UTF8_BOM_no_data.json: Permission denied
rm: /var/folders/x5/_jwxtjjx347635h39vn8hcxm0000gn/T//ak2-prehearse.flRglu/home/go/pkg/mod/github.com/aws/smithy-go@v1.28.1/transport/http/protocol/internal/json/testdata/test_parsing/n_string_single_doublequote.json: Permission denied
rm: /var/folders/x5/_jwxtjjx347635h39vn8hcxm0000gn/T//ak2-prehearse.flRglu/home/go/pkg/mod/github.com/aws/smithy-go@v1.28.1/transport/http/protocol/internal/json/testdata/test_parsing/i_number_too_big_neg_int.json: Permission denied
rm: /var/folders/x5/_jwxtjjx347635h39vn8hcxm0000gn/T//ak2-prehearse.flRglu/home/go/pkg/mod/github.com/aws/smithy-go@v1.28.1/transport/http/protocol/internal/json/testdata/test_parsing/y_structure_lonely_null.json: Permission denied
rm: /var/folders/x5/_jwxtjjx347635h39vn8hcxm0000gn/T//ak2-prehearse.flRglu/home/go/pkg/mod/github.com/aws/smithy-go@v1.28.1/transport/http/protocol/internal/json/testdata/test_parsing/y_string_space.json: Permission denied
rm: /var/folders/x5/_jwxtjjx347635h39vn8hcxm0000gn/T//ak2-prehearse.flRglu/home/go/pkg/mod/github.com/aws/smithy-go@v1.28.1/transport/http/protocol/internal/json/testdata/test_parsing/n_object_lone_continuation_byte_in_key_and_trailing_comma.json: Permission denied
rm: /var/folders/x5/_jwxtjjx347635h39vn8hcxm0000gn/T//ak2-prehearse.flRglu/home/go/pkg/mod/github.com/aws/smithy-go@v1.28.1/transport/http/protocol/internal/json/testdata/test_parsing/y_string_uEscape.json: Permission denied
rm: /var/folders/x5/_jwxtjjx347635h39vn8hcxm0000gn/T//ak2-prehearse.flRglu/home/go/pkg/mod/github.com/aws/smithy-go@v1.28.1/transport/http/protocol/internal/json/testdata/test_parsing/y_array_with_1_and_newline.json: Permission denied
rm: /var/folders/x5/_jwxtjjx347635h39vn8hcxm0000gn/T//ak2-prehearse.flRglu/home/go/pkg/mod/github.com/aws/smithy-go@v1.28.1/transport/http/protocol/internal/json/testdata/test_parsing/n_structure_end_array.json: Permission denied
rm: /var/folders/x5/_jwxtjjx347635h39vn8hcxm0000gn/T//ak2-prehearse.flRglu/home/go/pkg/mod/github.com/aws/smithy-go@v1.28.1/transport/http/protocol/internal/json/testdata/test_parsing/n_string_unicode_CapitalU.json: Permission denied
rm: /var/folders/x5/_jwxtjjx347635h39vn8hcxm0000gn/T//ak2-prehearse.flRglu/home/go/pkg/mod/github.com/aws/smithy-go@v1.28.1/transport/http/protocol/internal/json/testdata/test_parsing/n_array_extra_comma.json: Permission denied
rm: /var/folders/x5/_jwxtjjx347635h39vn8hcxm0000gn/T//ak2-prehearse.flRglu/home/go/pkg/mod/github.com/aws/smithy-go@v1.28.1/transport/http/protocol/internal/json/testdata/test_parsing/n_number_with_alpha_char.json: Permission denied
rm: /var/folders/x5/_jwxtjjx347635h39vn8hcxm0000gn/T//ak2-prehearse.flRglu/home/go/pkg/mod/github.com/aws/smithy-go@v1.28.1/transport/http/protocol/internal/json/testdata/test_parsing/n_string_backslash_00.json: Permission denied
rm: /var/folders/x5/_jwxtjjx347635h39vn8hcxm0000gn/T//ak2-prehearse.flRglu/home/go/pkg/mod/github.com/aws/smithy-go@v1.28.1/transport/http/protocol/internal/json/testdata/test_parsing/i_string_1st_surrogate_but_2nd_missing.json: Permission denied
rm: /var/folders/x5/_jwxtjjx347635h39vn8hcxm0000gn/T//ak2-prehearse.flRglu/home/go/pkg/mod/github.com/aws/smithy-go@v1.28.1/transport/http/protocol/internal/json/testdata/test_parsing/n_structure_whitespace_U+2060_word_joiner.json: Permission denied
rm: /var/folders/x5/_jwxtjjx347635h39vn8hcxm0000gn/T//ak2-prehearse.flRglu/home/go/pkg/mod/github.com/aws/smithy-go@v1.28.1/transport/http/protocol/internal/json/testdata/test_parsing/n_structure_capitalized_True.json: Permission denied
rm: /var/folders/x5/_jwxtjjx347635h39vn8hcxm0000gn/T//ak2-prehearse.flRglu/home/go/pkg/mod/github.com/aws/smithy-go@v1.28.1/transport/http/protocol/internal/json/testdata/test_parsing/n_array_star_inside.json: Permission denied
rm: /var/folders/x5/_jwxtjjx347635h39vn8hcxm0000gn/T//ak2-prehearse.flRglu/home/go/pkg/mod/github.com/aws/smithy-go@v1.28.1/transport/http/protocol/internal/json/testdata/test_parsing/n_object_trailing_comment_slash_open.json: Permission denied
rm: /var/folders/x5/_jwxtjjx347635h39vn8hcxm0000gn/T//ak2-prehearse.flRglu/home/go/pkg/mod/github.com/aws/smithy-go@v1.28.1/transport/http/protocol/internal/json/testdata/test_parsing/n_array_1_true_without_comma.json: Permission denied
rm: /var/folders/x5/_jwxtjjx347635h39vn8hcxm0000gn/T//ak2-prehearse.flRglu/home/go/pkg/mod/github.com/aws/smithy-go@v1.28.1/transport/http/protocol/internal/json/testdata/test_parsing/y_number_0e+1.json: Permission denied
rm: /var/folders/x5/_jwxtjjx347635h39vn8hcxm0000gn/T//ak2-prehearse.flRglu/home/go/pkg/mod/github.com/aws/smithy-go@v1.28.1/transport/http/protocol/internal/json/testdata/test_parsing/y_object_with_newlines.json: Permission denied
rm: /var/folders/x5/_jwxtjjx347635h39vn8hcxm0000gn/T//ak2-prehearse.flRglu/home/go/pkg/mod/github.com/aws/smithy-go@v1.28.1/transport/http/protocol/internal/json/testdata/test_parsing/n_number_with_alpha.json: Permission denied
rm: /var/folders/x5/_jwxtjjx347635h39vn8hcxm0000gn/T//ak2-prehearse.flRglu/home/go/pkg/mod/github.com/aws/smithy-go@v1.28.1/transport/http/protocol/internal/json/testdata/test_parsing/n_structure_open_array_apostrophe.json: Permission denied
rm: /var/folders/x5/_jwxtjjx347635h39vn8hcxm0000gn/T//ak2-prehearse.flRglu/home/go/pkg/mod/github.com/aws/smithy-go@v1.28.1/transport/http/protocol/internal/json/testdata/test_parsing/n_structure_object_unclosed_no_value.json: Permission denied
rm: /var/folders/x5/_jwxtjjx347635h39vn8hcxm0000gn/T//ak2-prehearse.flRglu/home/go/pkg/mod/github.com/aws/smithy-go@v1.28.1/transport/http/protocol/internal/json/testdata/test_parsing/n_number_0_capital_E.json: Permission denied
rm: /var/folders/x5/_jwxtjjx347635h39vn8hcxm0000gn/T//ak2-prehearse.flRglu/home/go/pkg/mod/github.com/aws/smithy-go@v1.28.1/transport/http/protocol/internal/json/testdata/test_parsing/y_number_real_capital_e_neg_exp.json: Permission denied
rm: /var/folders/x5/_jwxtjjx347635h39vn8hcxm0000gn/T//ak2-prehearse.flRglu/home/go/pkg/mod/github.com/aws/smithy-go@v1.28.1/transport/http/protocol/internal/json/testdata/test_parsing/n_incomplete_true.json: Permission denied
rm: /var/folders/x5/_jwxtjjx347635h39vn8hcxm0000gn/T//ak2-prehearse.flRglu/home/go/pkg/mod/github.com/aws/smithy-go@v1.28.1/transport/http/protocol/internal/json/testdata/test_parsing/n_array_double_extra_comma.json: Permission denied
rm: /var/folders/x5/_jwxtjjx347635h39vn8hcxm0000gn/T//ak2-prehearse.flRglu/home/go/pkg/mod/github.com/aws/smithy-go@v1.28.1/transport/http/protocol/internal/json/testdata/test_parsing/y_structure_lonely_string.json: Permission denied
rm: /var/folders/x5/_jwxtjjx347635h39vn8hcxm0000gn/T//ak2-prehearse.flRglu/home/go/pkg/mod/github.com/aws/smithy-go@v1.28.1/transport/http/protocol/internal/json/testdata/test_parsing/n_number_+Inf.json: Permission denied
rm: /var/folders/x5/_jwxtjjx347635h39vn8hcxm0000gn/T//ak2-prehearse.flRglu/home/go/pkg/mod/github.com/aws/smithy-go@v1.28.1/transport/http/protocol/internal/json/testdata/test_parsing/n_number_hex_2_digits.json: Permission denied
rm: /var/folders/x5/_jwxtjjx347635h39vn8hcxm0000gn/T//ak2-prehearse.flRglu/home/go/pkg/mod/github.com/aws/smithy-go@v1.28.1/transport/http/protocol/internal/json/testdata/test_parsing/n_structure_close_unopened_array.json: Permission denied
rm: /var/folders/x5/_jwxtjjx347635h39vn8hcxm0000gn/T//ak2-prehearse.flRglu/home/go/pkg/mod/github.com/aws/smithy-go@v1.28.1/transport/http/protocol/internal/json/testdata/test_parsing/n_object_comma_instead_of_colon.json: Permission denied
rm: /var/folders/x5/_jwxtjjx347635h39vn8hcxm0000gn/T//ak2-prehearse.flRglu/home/go/pkg/mod/github.com/aws/smithy-go@v1.28.1/transport/http/protocol/internal/json/testdata/test_parsing/n_structure_open_object_string_with_apostrophes.json: Permission denied
rm: /var/folders/x5/_jwxtjjx347635h39vn8hcxm0000gn/T//ak2-prehearse.flRglu/home/go/pkg/mod/github.com/aws/smithy-go@v1.28.1/transport/http/protocol/internal/json/testdata/test_parsing/y_number_negative_int.json: Permission denied
rm: /var/folders/x5/_jwxtjjx347635h39vn8hcxm0000gn/T//ak2-prehearse.flRglu/home/go/pkg/mod/github.com/aws/smithy-go@v1.28.1/transport/http/protocol/internal/json/testdata/test_parsing/i_string_inverted_surrogates_U+1D11E.json: Permission denied
rm: /var/folders/x5/_jwxtjjx347635h39vn8hcxm0000gn/T//ak2-prehearse.flRglu/home/go/pkg/mod/github.com/aws/smithy-go@v1.28.1/transport/http/protocol/internal/json/testdata/test_parsing/n_structure_object_with_comment.json: Permission denied
rm: /var/folders/x5/_jwxtjjx347635h39vn8hcxm0000gn/T//ak2-prehearse.flRglu/home/go/pkg/mod/github.com/aws/smithy-go@v1.28.1/transport/http/protocol/internal/json/testdata/test_parsing/n_string_incomplete_surrogate_escape_invalid.json: Permission denied
rm: /var/folders/x5/_jwxtjjx347635h39vn8hcxm0000gn/T//ak2-prehearse.flRglu/home/go/pkg/mod/github.com/aws/smithy-go@v1.28.1/transport/http/protocol/internal/json/testdata/test_parsing/i_string_utf16LE_no_BOM.json: Permission denied
rm: /var/folders/x5/_jwxtjjx347635h39vn8hcxm0000gn/T//ak2-prehearse.flRglu/home/go/pkg/mod/github.com/aws/smithy-go@v1.28.1/transport/http/protocol/internal/json/testdata/test_parsing/i_string_overlong_sequence_6_bytes_null.json: Permission denied
rm: /var/folders/x5/_jwxtjjx347635h39vn8hcxm0000gn/T//ak2-prehearse.flRglu/home/go/pkg/mod/github.com/aws/smithy-go@v1.28.1/transport/http/protocol/internal/json/testdata/test_parsing/n_object_trailing_comment_open.json: Permission denied
rm: /var/folders/x5/_jwxtjjx347635h39vn8hcxm0000gn/T//ak2-prehearse.flRglu/home/go/pkg/mod/github.com/aws/smithy-go@v1.28.1/transport/http/protocol/internal/json/testdata/test_parsing/y_array_ending_with_newline.json: Permission denied
rm: /var/folders/x5/_jwxtjjx347635h39vn8hcxm0000gn/T//ak2-prehearse.flRglu/home/go/pkg/mod/github.com/aws/smithy-go@v1.28.1/transport/http/protocol/internal/json/testdata/test_parsing/n_array_colon_instead_of_comma.json: Permission denied
rm: /var/folders/x5/_jwxtjjx347635h39vn8hcxm0000gn/T//ak2-prehearse.flRglu/home/go/pkg/mod/github.com/aws/smithy-go@v1.28.1/transport/http/protocol/internal/json/testdata/test_parsing/n_object_trailing_comment_slash_open_incomplete.json: Permission denied
rm: /var/folders/x5/_jwxtjjx347635h39vn8hcxm0000gn/T//ak2-prehearse.flRglu/home/go/pkg/mod/github.com/aws/smithy-go@v1.28.1/transport/http/protocol/internal/json/testdata/test_parsing/y_number_simple_real.json: Permission denied
rm: /var/folders/x5/_jwxtjjx347635h39vn8hcxm0000gn/T//ak2-prehearse.flRglu/home/go/pkg/mod/github.com/aws/smithy-go@v1.28.1/transport/http/protocol/internal/json/testdata/test_parsing/n_number_2.e+3.json: Permission denied
rm: /var/folders/x5/_jwxtjjx347635h39vn8hcxm0000gn/T//ak2-prehearse.flRglu/home/go/pkg/mod/github.com/aws/smithy-go@v1.28.1/transport/http/protocol/internal/json/testdata/test_parsing/n_array_unclosed_with_object_inside.json: Permission denied
rm: /var/folders/x5/_jwxtjjx347635h39vn8hcxm0000gn/T//ak2-prehearse.flRglu/home/go/pkg/mod/github.com/aws/smithy-go@v1.28.1/transport/http/protocol/internal/json/testdata/test_parsing/n_structure_array_trailing_garbage.json: Permission denied
rm: /var/folders/x5/_jwxtjjx347635h39vn8hcxm0000gn/T//ak2-prehearse.flRglu/home/go/pkg/mod/github.com/aws/smithy-go@v1.28.1/transport/http/protocol/internal/json/testdata/test_parsing/i_string_truncated-utf-8.json: Permission denied
rm: /var/folders/x5/_jwxtjjx347635h39vn8hcxm0000gn/T//ak2-prehearse.flRglu/home/go/pkg/mod/github.com/aws/smithy-go@v1.28.1/transport/http/protocol/internal/json/testdata/test_parsing/y_string_unicode_U+200B_ZERO_WIDTH_SPACE.json: Permission denied
rm: /var/folders/x5/_jwxtjjx347635h39vn8hcxm0000gn/T//ak2-prehearse.flRglu/home/go/pkg/mod/github.com/aws/smithy-go@v1.28.1/transport/http/protocol/internal/json/testdata/test_parsing/n_structure_double_array.json: Permission denied
rm: /var/folders/x5/_jwxtjjx347635h39vn8hcxm0000gn/T//ak2-prehearse.flRglu/home/go/pkg/mod/github.com/aws/smithy-go@v1.28.1/transport/http/protocol/internal/json/testdata/test_parsing/y_string_u+2028_line_sep.json: Permission denied
rm: /var/folders/x5/_jwxtjjx347635h39vn8hcxm0000gn/T//ak2-prehearse.flRglu/home/go/pkg/mod/github.com/aws/smithy-go@v1.28.1/transport/http/protocol/internal/json/testdata/test_parsing/n_number_neg_int_starting_with_zero.json: Permission denied
rm: /var/folders/x5/_jwxtjjx347635h39vn8hcxm0000gn/T//ak2-prehearse.flRglu/home/go/pkg/mod/github.com/aws/smithy-go@v1.28.1/transport/http/protocol/internal/json/testdata/test_parsing/n_array_newlines_unclosed.json: Permission denied
rm: /var/folders/x5/_jwxtjjx347635h39vn8hcxm0000gn/T//ak2-prehearse.flRglu/home/go/pkg/mod/github.com/aws/smithy-go@v1.28.1/transport/http/protocol/internal/json/testdata/test_parsing/y_structure_lonely_true.json: Permission denied
rm: /var/folders/x5/_jwxtjjx347635h39vn8hcxm0000gn/T//ak2-prehearse.flRglu/home/go/pkg/mod/github.com/aws/smithy-go@v1.28.1/transport/http/protocol/internal/json/testdata/test_parsing/n_object_missing_colon.json: Permission denied
rm: /var/folders/x5/_jwxtjjx347635h39vn8hcxm0000gn/T//ak2-prehearse.flRglu/home/go/pkg/mod/github.com/aws/smithy-go@v1.28.1/transport/http/protocol/internal/json/testdata/test_parsing/y_string_two-byte-utf-8.json: Permission denied
rm: /var/folders/x5/_jwxtjjx347635h39vn8hcxm0000gn/T//ak2-prehearse.flRglu/home/go/pkg/mod/github.com/aws/smithy-go@v1.28.1/transport/http/protocol/internal/json/testdata/test_parsing/y_string_unicodeEscapedBackslash.json: Permission denied
rm: /var/folders/x5/_jwxtjjx347635h39vn8hcxm0000gn/T//ak2-prehearse.flRglu/home/go/pkg/mod/github.com/aws/smithy-go@v1.28.1/transport/http/protocol/internal/json/testdata/test_parsing/i_string_overlong_sequence_2_bytes.json: Permission denied
rm: /var/folders/x5/_jwxtjjx347635h39vn8hcxm0000gn/T//ak2-prehearse.flRglu/home/go/pkg/mod/github.com/aws/smithy-go@v1.28.1/transport/http/protocol/internal/json/testdata/test_parsing/n_object_missing_semicolon.json: Permission denied
rm: /var/folders/x5/_jwxtjjx347635h39vn8hcxm0000gn/T//ak2-prehearse.flRglu/home/go/pkg/mod/github.com/aws/smithy-go@v1.28.1/transport/http/protocol/internal/json/testdata/test_parsing/y_object_simple.json: Permission denied
rm: /var/folders/x5/_jwxtjjx347635h39vn8hcxm0000gn/T//ak2-prehearse.flRglu/home/go/pkg/mod/github.com/aws/smithy-go@v1.28.1/transport/http/protocol/internal/json/testdata/test_parsing/y_string_unicode_U+2064_invisible_plus.json: Permission denied
rm: /var/folders/x5/_jwxtjjx347635h39vn8hcxm0000gn/T//ak2-prehearse.flRglu/home/go/pkg/mod/github.com/aws/smithy-go@v1.28.1/transport/http/protocol/internal/json/testdata/test_parsing/n_number_minus_space_1.json: Permission denied
rm: /var/folders/x5/_jwxtjjx347635h39vn8hcxm0000gn/T//ak2-prehearse.flRglu/home/go/pkg/mod/github.com/aws/smithy-go@v1.28.1/transport/http/protocol/internal/json/testdata/test_parsing/y_string_escaped_control_character.json: Permission denied
rm: /var/folders/x5/_jwxtjjx347635h39vn8hcxm0000gn/T//ak2-prehearse.flRglu/home/go/pkg/mod/github.com/aws/smithy-go@v1.28.1/transport/http/protocol/internal/json/testdata/test_parsing/y_string_simple_ascii.json: Permission denied
rm: /var/folders/x5/_jwxtjjx347635h39vn8hcxm0000gn/T//ak2-prehearse.flRglu/home/go/pkg/mod/github.com/aws/smithy-go@v1.28.1/transport/http/protocol/internal/json/testdata/test_parsing/y_string_unicode_U+10FFFE_nonchar.json: Permission denied
rm: /var/folders/x5/_jwxtjjx347635h39vn8hcxm0000gn/T//ak2-prehearse.flRglu/home/go/pkg/mod/github.com/aws/smithy-go@v1.28.1/transport/http/protocol/internal/json/testdata/test_parsing/n_structure_open_object.json: Permission denied
rm: /var/folders/x5/_jwxtjjx347635h39vn8hcxm0000gn/T//ak2-prehearse.flRglu/home/go/pkg/mod/github.com/aws/smithy-go@v1.28.1/transport/http/protocol/internal/json/testdata/test_parsing/y_string_utf8.json: Permission denied
rm: /var/folders/x5/_jwxtjjx347635h39vn8hcxm0000gn/T//ak2-prehearse.flRglu/home/go/pkg/mod/github.com/aws/smithy-go@v1.28.1/transport/http/protocol/internal/json/testdata/test_parsing/n_string_escaped_ctrl_char_tab.json: Permission denied
rm: /var/folders/x5/_jwxtjjx347635h39vn8hcxm0000gn/T//ak2-prehearse.flRglu/home/go/pkg/mod/github.com/aws/smithy-go@v1.28.1/transport/http/protocol/internal/json/testdata/test_parsing/i_number_double_huge_neg_exp.json: Permission denied
rm: /var/folders/x5/_jwxtjjx347635h39vn8hcxm0000gn/T//ak2-prehearse.flRglu/home/go/pkg/mod/github.com/aws/smithy-go@v1.28.1/transport/http/protocol/internal/json/testdata/test_parsing/n_number_invalid+-.json: Permission denied
rm: /var/folders/x5/_jwxtjjx347635h39vn8hcxm0000gn/T//ak2-prehearse.flRglu/home/go/pkg/mod/github.com/aws/smithy-go@v1.28.1/transport/http/protocol/internal/json/testdata/test_parsing/n_structure_100000_opening_arrays.json: Permission denied
rm: /var/folders/x5/_jwxtjjx347635h39vn8hcxm0000gn/T//ak2-prehearse.flRglu/home/go/pkg/mod/github.com/aws/smithy-go@v1.28.1/transport/http/protocol/internal/json/testdata/test_parsing/n_string_leading_uescaped_thinspace.json: Permission denied
rm: /var/folders/x5/_jwxtjjx347635h39vn8hcxm0000gn/T//ak2-prehearse.flRglu/home/go/pkg/mod/github.com/aws/smithy-go@v1.28.1/transport/http/protocol/internal/json/testdata/test_parsing/n_number_0.3e.json: Permission denied
rm: /var/folders/x5/_jwxtjjx347635h39vn8hcxm0000gn/T//ak2-prehearse.flRglu/home/go/pkg/mod/github.com/aws/smithy-go@v1.28.1/transport/http/protocol/internal/json/testdata/test_parsing/n_structure_lone-open-bracket.json: Permission denied
rm: /var/folders/x5/_jwxtjjx347635h39vn8hcxm0000gn/T//ak2-prehearse.flRglu/home/go/pkg/mod/github.com/aws/smithy-go@v1.28.1/transport/http/protocol/internal/json/testdata/test_parsing/y_string_unescaped_char_delete.json: Permission denied
rm: /var/folders/x5/_jwxtjjx347635h39vn8hcxm0000gn/T//ak2-prehearse.flRglu/home/go/pkg/mod/github.com/aws/smithy-go@v1.28.1/transport/http/protocol/internal/json/testdata/test_parsing/n_structure_object_followed_by_closing_object.json: Permission denied
rm: /var/folders/x5/_jwxtjjx347635h39vn8hcxm0000gn/T//ak2-prehearse.flRglu/home/go/pkg/mod/github.com/aws/smithy-go@v1.28.1/transport/http/protocol/internal/json/testdata/test_parsing/n_number_0e+.json: Permission denied
rm: /var/folders/x5/_jwxtjjx347635h39vn8hcxm0000gn/T//ak2-prehearse.flRglu/home/go/pkg/mod/github.com/aws/smithy-go@v1.28.1/transport/http/protocol/internal/json/testdata/test_parsing/n_structure_unicode-identifier.json: Permission denied
rm: /var/folders/x5/_jwxtjjx347635h39vn8hcxm0000gn/T//ak2-prehearse.flRglu/home/go/pkg/mod/github.com/aws/smithy-go@v1.28.1/transport/http/protocol/internal/json/testdata/test_parsing/n_number_1eE2.json: Permission denied
rm: /var/folders/x5/_jwxtjjx347635h39vn8hcxm0000gn/T//ak2-prehearse.flRglu/home/go/pkg/mod/github.com/aws/smithy-go@v1.28.1/transport/http/protocol/internal/json/testdata/test_parsing/y_object_extreme_numbers.json: Permission denied
rm: /var/folders/x5/_jwxtjjx347635h39vn8hcxm0000gn/T//ak2-prehearse.flRglu/home/go/pkg/mod/github.com/aws/smithy-go@v1.28.1/transport/http/protocol/internal/json/testdata/test_parsing/n_number_+1.json: Permission denied
rm: /var/folders/x5/_jwxtjjx347635h39vn8hcxm0000gn/T//ak2-prehearse.flRglu/home/go/pkg/mod/github.com/aws/smithy-go@v1.28.1/transport/http/protocol/internal/json/testdata/test_parsing/y_object_long_strings.json: Permission denied
rm: /var/folders/x5/_jwxtjjx347635h39vn8hcxm0000gn/T//ak2-prehearse.flRglu/home/go/pkg/mod/github.com/aws/smithy-go@v1.28.1/transport/http/protocol/internal/json/testdata/test_parsing/n_incomplete_null.json: Permission denied
rm: /var/folders/x5/_jwxtjjx347635h39vn8hcxm0000gn/T//ak2-prehearse.flRglu/home/go/pkg/mod/github.com/aws/smithy-go@v1.28.1/transport/http/protocol/internal/json/testdata/test_parsing/y_number_negative_zero.json: Permission denied
rm: /var/folders/x5/_jwxtjjx347635h39vn8hcxm0000gn/T//ak2-prehearse.flRglu/home/go/pkg/mod/github.com/aws/smithy-go@v1.28.1/transport/http/protocol/internal/json/testdata/test_parsing/n_multidigit_number_then_00.json: Permission denied
rm: /var/folders/x5/_jwxtjjx347635h39vn8hcxm0000gn/T//ak2-prehearse.flRglu/home/go/pkg/mod/github.com/aws/smithy-go@v1.28.1/transport/http/protocol/internal/json/testdata/test_parsing/n_string_1_surrogate_then_escape_u.json: Permission denied
rm: /var/folders/x5/_jwxtjjx347635h39vn8hcxm0000gn/T//ak2-prehearse.flRglu/home/go/pkg/mod/github.com/aws/smithy-go@v1.28.1/transport/http/protocol/internal/json/testdata/test_parsing/y_array_with_leading_space.json: Permission denied
rm: /var/folders/x5/_jwxtjjx347635h39vn8hcxm0000gn/T//ak2-prehearse.flRglu/home/go/pkg/mod/github.com/aws/smithy-go@v1.28.1/transport/http/protocol/internal/json/testdata/test_parsing/n_array_double_comma.json: Permission denied
rm: /var/folders/x5/_jwxtjjx347635h39vn8hcxm0000gn/T//ak2-prehearse.flRglu/home/go/pkg/mod/github.com/aws/smithy-go@v1.28.1/transport/http/protocol/internal/json/testdata/test_parsing/y_structure_trailing_newline.json: Permission denied
rm: /var/folders/x5/_jwxtjjx347635h39vn8hcxm0000gn/T//ak2-prehearse.flRglu/home/go/pkg/mod/github.com/aws/smithy-go@v1.28.1/transport/http/protocol/internal/json/testdata/test_parsing/n_array_invalid_utf8.json: Permission denied
rm: /var/folders/x5/_jwxtjjx347635h39vn8hcxm0000gn/T//ak2-prehearse.flRglu/home/go/pkg/mod/github.com/aws/smithy-go@v1.28.1/transport/http/protocol/internal/json/testdata/test_parsing/n_object_repeated_null_null.json: Permission denied
rm: /var/folders/x5/_jwxtjjx347635h39vn8hcxm0000gn/T//ak2-prehearse.flRglu/home/go/pkg/mod/github.com/aws/smithy-go@v1.28.1/transport/http/protocol/internal/json/testdata/test_parsing/n_object_bad_value.json: Permission denied
rm: /var/folders/x5/_jwxtjjx347635h39vn8hcxm0000gn/T//ak2-prehearse.flRglu/home/go/pkg/mod/github.com/aws/smithy-go@v1.28.1/transport/http/protocol/internal/json/testdata/test_parsing/i_number_pos_double_huge_exp.json: Permission denied
rm: /var/folders/x5/_jwxtjjx347635h39vn8hcxm0000gn/T//ak2-prehearse.flRglu/home/go/pkg/mod/github.com/aws/smithy-go@v1.28.1/transport/http/protocol/internal/json/testdata/test_parsing/y_string_surrogates_U+1D11E_MUSICAL_SYMBOL_G_CLEF.json: Permission denied
rm: /var/folders/x5/_jwxtjjx347635h39vn8hcxm0000gn/T//ak2-prehearse.flRglu/home/go/pkg/mod/github.com/aws/smithy-go@v1.28.1/transport/http/protocol/internal/json/testdata/test_parsing/n_number_2.e-3.json: Permission denied
rm: /var/folders/x5/_jwxtjjx347635h39vn8hcxm0000gn/T//ak2-prehearse.flRglu/home/go/pkg/mod/github.com/aws/smithy-go@v1.28.1/transport/http/protocol/internal/json/testdata/test_parsing/y_object_string_unicode.json: Permission denied
rm: /var/folders/x5/_jwxtjjx347635h39vn8hcxm0000gn/T//ak2-prehearse.flRglu/home/go/pkg/mod/github.com/aws/smithy-go@v1.28.1/transport/http/protocol/internal/json/testdata/test_parsing/n_string_no_quotes_with_bad_escape.json: Permission denied
rm: /var/folders/x5/_jwxtjjx347635h39vn8hcxm0000gn/T//ak2-prehearse.flRglu/home/go/pkg/mod/github.com/aws/smithy-go@v1.28.1/transport/http/protocol/internal/json/testdata/test_parsing/n_number_neg_with_garbage_at_end.json: Permission denied
rm: /var/folders/x5/_jwxtjjx347635h39vn8hcxm0000gn/T//ak2-prehearse.flRglu/home/go/pkg/mod/github.com/aws/smithy-go@v1.28.1/transport/http/protocol/internal/json/testdata/test_parsing/n_string_1_surrogate_then_escape_u1.json: Permission denied
rm: /var/folders/x5/_jwxtjjx347635h39vn8hcxm0000gn/T//ak2-prehearse.flRglu/home/go/pkg/mod/github.com/aws/smithy-go@v1.28.1/transport/http/protocol/internal/json/testdata/test_parsing/n_array_spaces_vertical_tab_formfeed.json: Permission denied
rm: /var/folders/x5/_jwxtjjx347635h39vn8hcxm0000gn/T//ak2-prehearse.flRglu/home/go/pkg/mod/github.com/aws/smithy-go@v1.28.1/transport/http/protocol/internal/json/testdata/test_parsing/n_structure_open_array_object.json: Permission denied
rm: /var/folders/x5/_jwxtjjx347635h39vn8hcxm0000gn/T//ak2-prehearse.flRglu/home/go/pkg/mod/github.com/aws/smithy-go@v1.28.1/transport/http/protocol/internal/json/testdata/test_parsing/n_structure_open_object_open_string.json: Permission denied
rm: /var/folders/x5/_jwxtjjx347635h39vn8hcxm0000gn/T//ak2-prehearse.flRglu/home/go/pkg/mod/github.com/aws/smithy-go@v1.28.1/transport/http/protocol/internal/json/testdata/test_parsing/n_object_non_string_key_but_huge_number_instead.json: Permission denied
rm: /var/folders/x5/_jwxtjjx347635h39vn8hcxm0000gn/T//ak2-prehearse.flRglu/home/go/pkg/mod/github.com/aws/smithy-go@v1.28.1/transport/http/protocol/internal/json/testdata/test_parsing/i_number_real_underflow.json: Permission denied
rm: /var/folders/x5/_jwxtjjx347635h39vn8hcxm0000gn/T//ak2-prehearse.flRglu/home/go/pkg/mod/github.com/aws/smithy-go@v1.28.1/transport/http/protocol/internal/json/testdata/test_parsing/n_object_single_quote.json: Permission denied
rm: /var/folders/x5/_jwxtjjx347635h39vn8hcxm0000gn/T//ak2-prehearse.flRglu/home/go/pkg/mod/github.com/aws/smithy-go@v1.28.1/transport/http/protocol/internal/json/testdata/test_parsing/n_number_0.3e+.json: Permission denied
rm: /var/folders/x5/_jwxtjjx347635h39vn8hcxm0000gn/T//ak2-prehearse.flRglu/home/go/pkg/mod/github.com/aws/smithy-go@v1.28.1/transport/http/protocol/internal/json/testdata/test_parsing/n_number_real_garbage_after_e.json: Permission denied
rm: /var/folders/x5/_jwxtjjx347635h39vn8hcxm0000gn/T//ak2-prehearse.flRglu/home/go/pkg/mod/github.com/aws/smithy-go@v1.28.1/transport/http/protocol/internal/json/testdata/test_parsing/n_string_escaped_backslash_bad.json: Permission denied
rm: /var/folders/x5/_jwxtjjx347635h39vn8hcxm0000gn/T//ak2-prehearse.flRglu/home/go/pkg/mod/github.com/aws/smithy-go@v1.28.1/transport/http/protocol/internal/json/testdata/test_parsing/y_number_0e1.json: Permission denied
rm: /var/folders/x5/_jwxtjjx347635h39vn8hcxm0000gn/T//ak2-prehearse.flRglu/home/go/pkg/mod/github.com/aws/smithy-go@v1.28.1/transport/http/protocol/internal/json/testdata/test_parsing/y_number_real_pos_exponent.json: Permission denied
rm: /var/folders/x5/_jwxtjjx347635h39vn8hcxm0000gn/T//ak2-prehearse.flRglu/home/go/pkg/mod/github.com/aws/smithy-go@v1.28.1/transport/http/protocol/internal/json/testdata/test_parsing/y_string_double_escape_n.json: Permission denied
rm: /var/folders/x5/_jwxtjjx347635h39vn8hcxm0000gn/T//ak2-prehearse.flRglu/home/go/pkg/mod/github.com/aws/smithy-go@v1.28.1/transport/http/protocol/internal/json/testdata/test_parsing/y_array_arraysWithSpaces.json: Permission denied
rm: /var/folders/x5/_jwxtjjx347635h39vn8hcxm0000gn/T//ak2-prehearse.flRglu/home/go/pkg/mod/github.com/aws/smithy-go@v1.28.1/transport/http/protocol/internal/json/testdata/test_parsing/y_array_heterogeneous.json: Permission denied
rm: /var/folders/x5/_jwxtjjx347635h39vn8hcxm0000gn/T//ak2-prehearse.flRglu/home/go/pkg/mod/github.com/aws/smithy-go@v1.28.1/transport/http/protocol/internal/json/testdata/test_parsing/y_string_with_del_character.json: Permission denied
rm: /var/folders/x5/_jwxtjjx347635h39vn8hcxm0000gn/T//ak2-prehearse.flRglu/home/go/pkg/mod/github.com/aws/smithy-go@v1.28.1/transport/http/protocol/internal/json/testdata/test_parsing/n_object_with_trailing_garbage.json: Permission denied
rm: /var/folders/x5/_jwxtjjx347635h39vn8hcxm0000gn/T//ak2-prehearse.flRglu/home/go/pkg/mod/github.com/aws/smithy-go@v1.28.1/transport/http/protocol/internal/json/testdata/test_parsing/y_array_with_several_null.json: Permission denied
rm: /var/folders/x5/_jwxtjjx347635h39vn8hcxm0000gn/T//ak2-prehearse.flRglu/home/go/pkg/mod/github.com/aws/smithy-go@v1.28.1/transport/http/protocol/internal/json/testdata/test_parsing/y_number_simple_int.json: Permission denied
rm: /var/folders/x5/_jwxtjjx347635h39vn8hcxm0000gn/T//ak2-prehearse.flRglu/home/go/pkg/mod/github.com/aws/smithy-go@v1.28.1/transport/http/protocol/internal/json/testdata/test_parsing/n_number_expression.json: Permission denied
rm: /var/folders/x5/_jwxtjjx347635h39vn8hcxm0000gn/T//ak2-prehearse.flRglu/home/go/pkg/mod/github.com/aws/smithy-go@v1.28.1/transport/http/protocol/internal/json/testdata/test_parsing/n_structure_open_array_string.json: Permission denied
rm: /var/folders/x5/_jwxtjjx347635h39vn8hcxm0000gn/T//ak2-prehearse.flRglu/home/go/pkg/mod/github.com/aws/smithy-go@v1.28.1/transport/http/protocol/internal/json/testdata/test_parsing/n_object_missing_key.json: Permission denied
rm: /var/folders/x5/_jwxtjjx347635h39vn8hcxm0000gn/T//ak2-prehearse.flRglu/home/go/pkg/mod/github.com/aws/smithy-go@v1.28.1/transport/http/protocol/internal/json/testdata/test_parsing/n_string_1_surrogate_then_escape_u1x.json: Permission denied
rm: /var/folders/x5/_jwxtjjx347635h39vn8hcxm0000gn/T//ak2-prehearse.flRglu/home/go/pkg/mod/github.com/aws/smithy-go@v1.28.1/transport/http/protocol/internal/json/testdata/test_parsing/n_structure_trailing_#.json: Permission denied
rm: /var/folders/x5/_jwxtjjx347635h39vn8hcxm0000gn/T//ak2-prehearse.flRglu/home/go/pkg/mod/github.com/aws/smithy-go@v1.28.1/transport/http/protocol/internal/json/testdata/test_parsing/n_structure_array_with_extra_array_close.json: Permission denied
rm: /var/folders/x5/_jwxtjjx347635h39vn8hcxm0000gn/T//ak2-prehearse.flRglu/home/go/pkg/mod/github.com/aws/smithy-go@v1.28.1/transport/http/protocol/internal/json/testdata/test_parsing/y_object_empty_key.json: Permission denied
rm: /var/folders/x5/_jwxtjjx347635h39vn8hcxm0000gn/T//ak2-prehearse.flRglu/home/go/pkg/mod/github.com/aws/smithy-go@v1.28.1/transport/http/protocol/internal/json/testdata/test_parsing/y_string_nonCharacterInUTF-8_U+FFFF.json: Permission denied
rm: /var/folders/x5/_jwxtjjx347635h39vn8hcxm0000gn/T//ak2-prehearse.flRglu/home/go/pkg/mod/github.com/aws/smithy-go@v1.28.1/transport/http/protocol/internal/json/testdata/test_parsing/i_number_very_big_negative_int.json: Permission denied
rm: /var/folders/x5/_jwxtjjx347635h39vn8hcxm0000gn/T//ak2-prehearse.flRglu/home/go/pkg/mod/github.com/aws/smithy-go@v1.28.1/transport/http/protocol/internal/json/testdata/test_parsing/i_string_invalid_lonely_surrogate.json: Permission denied
rm: /var/folders/x5/_jwxtjjx347635h39vn8hcxm0000gn/T//ak2-prehearse.flRglu/home/go/pkg/mod/github.com/aws/smithy-go@v1.28.1/transport/http/protocol/internal/json/testdata/test_parsing/y_object_escaped_null_in_key.json: Permission denied
rm: /var/folders/x5/_jwxtjjx347635h39vn8hcxm0000gn/T//ak2-prehearse.flRglu/home/go/pkg/mod/github.com/aws/smithy-go@v1.28.1/transport/http/protocol/internal/json/testdata/test_parsing/n_structure_angle_bracket_..json: Permission denied
rm: /var/folders/x5/_jwxtjjx347635h39vn8hcxm0000gn/T//ak2-prehearse.flRglu/home/go/pkg/mod/github.com/aws/smithy-go@v1.28.1/transport/http/protocol/internal/json/testdata/test_parsing/y_string_accepted_surrogate_pairs.json: Permission denied
rm: /var/folders/x5/_jwxtjjx347635h39vn8hcxm0000gn/T//ak2-prehearse.flRglu/home/go/pkg/mod/github.com/aws/smithy-go@v1.28.1/transport/http/protocol/internal/json/testdata/test_parsing/i_structure_500_nested_arrays.json: Permission denied
rm: /var/folders/x5/_jwxtjjx347635h39vn8hcxm0000gn/T//ak2-prehearse.flRglu/home/go/pkg/mod/github.com/aws/smithy-go@v1.28.1/transport/http/protocol/internal/json/testdata/test_parsing/y_number_real_neg_exp.json: Permission denied
rm: /var/folders/x5/_jwxtjjx347635h39vn8hcxm0000gn/T//ak2-prehearse.flRglu/home/go/pkg/mod/github.com/aws/smithy-go@v1.28.1/transport/http/protocol/internal/json/testdata/test_parsing/y_structure_whitespace_array.json: Permission denied
rm: /var/folders/x5/_jwxtjjx347635h39vn8hcxm0000gn/T//ak2-prehearse.flRglu/home/go/pkg/mod/github.com/aws/smithy-go@v1.28.1/transport/http/protocol/internal/json/testdata/test_parsing/y_string_in_array_with_leading_space.json: Permission denied
rm: /var/folders/x5/_jwxtjjx347635h39vn8hcxm0000gn/T//ak2-prehearse.flRglu/home/go/pkg/mod/github.com/aws/smithy-go@v1.28.1/transport/http/protocol/internal/json/testdata/test_parsing/y_string_nonCharacterInUTF-8_U+10FFFF.json: Permission denied
rm: /var/folders/x5/_jwxtjjx347635h39vn8hcxm0000gn/T//ak2-prehearse.flRglu/home/go/pkg/mod/github.com/aws/smithy-go@v1.28.1/transport/http/protocol/internal/json/testdata/test_parsing/n_object_bracket_key.json: Permission denied
rm: /var/folders/x5/_jwxtjjx347635h39vn8hcxm0000gn/T//ak2-prehearse.flRglu/home/go/pkg/mod/github.com/aws/smithy-go@v1.28.1/transport/http/protocol/internal/json/testdata/test_parsing/i_number_neg_int_huge_exp.json: Permission denied
rm: /var/folders/x5/_jwxtjjx347635h39vn8hcxm0000gn/T//ak2-prehearse.flRglu/home/go/pkg/mod/github.com/aws/smithy-go@v1.28.1/transport/http/protocol/internal/json/testdata/test_parsing/n_number_NaN.json: Permission denied
rm: /var/folders/x5/_jwxtjjx347635h39vn8hcxm0000gn/T//ak2-prehearse.flRglu/home/go/pkg/mod/github.com/aws/smithy-go@v1.28.1/transport/http/protocol/internal/json/testdata/test_parsing/n_string_single_string_no_double_quotes.json: Permission denied
rm: /var/folders/x5/_jwxtjjx347635h39vn8hcxm0000gn/T//ak2-prehearse.flRglu/home/go/pkg/mod/github.com/aws/smithy-go@v1.28.1/transport/http/protocol/internal/json/testdata/test_parsing/n_number_neg_real_without_int_part.json: Permission denied
rm: /var/folders/x5/_jwxtjjx347635h39vn8hcxm0000gn/T//ak2-prehearse.flRglu/home/go/pkg/mod/github.com/aws/smithy-go@v1.28.1/transport/http/protocol/internal/json/testdata/test_parsing/n_string_unescaped_newline.json: Permission denied
rm: /var/folders/x5/_jwxtjjx347635h39vn8hcxm0000gn/T//ak2-prehearse.flRglu/home/go/pkg/mod/github.com/aws/smithy-go@v1.28.1/transport/http/protocol/internal/json/testdata/test_parsing/y_array_with_trailing_space.json: Permission denied
rm: /var/folders/x5/_jwxtjjx347635h39vn8hcxm0000gn/T//ak2-prehearse.flRglu/home/go/pkg/mod/github.com/aws/smithy-go@v1.28.1/transport/http/protocol/internal/json/testdata/test_parsing/i_string_not_in_unicode_range.json: Permission denied
rm: /var/folders/x5/_jwxtjjx347635h39vn8hcxm0000gn/T//ak2-prehearse.flRglu/home/go/pkg/mod/github.com/aws/smithy-go@v1.28.1/transport/http/protocol/internal/json/testdata/test_parsing/n_string_single_quote.json: Permission denied
rm: /var/folders/x5/_jwxtjjx347635h39vn8hcxm0000gn/T//ak2-prehearse.flRglu/home/go/pkg/mod/github.com/aws/smithy-go@v1.28.1/transport/http/protocol/internal/json/testdata/test_parsing/n_number_1_000.json: Permission denied
rm: /var/folders/x5/_jwxtjjx347635h39vn8hcxm0000gn/T//ak2-prehearse.flRglu/home/go/pkg/mod/github.com/aws/smithy-go@v1.28.1/transport/http/protocol/internal/json/testdata/test_parsing/y_object_duplicated_key.json: Permission denied
rm: /var/folders/x5/_jwxtjjx347635h39vn8hcxm0000gn/T//ak2-prehearse.flRglu/home/go/pkg/mod/github.com/aws/smithy-go@v1.28.1/transport/http/protocol/internal/json/testdata/test_parsing/n_string_incomplete_escaped_character.json: Permission denied
rm: /var/folders/x5/_jwxtjjx347635h39vn8hcxm0000gn/T//ak2-prehearse.flRglu/home/go/pkg/mod/github.com/aws/smithy-go@v1.28.1/transport/http/protocol/internal/json/testdata/test_parsing/n_object_no-colon.json: Permission denied
rm: /var/folders/x5/_jwxtjjx347635h39vn8hcxm0000gn/T//ak2-prehearse.flRglu/home/go/pkg/mod/github.com/aws/smithy-go@v1.28.1/transport/http/protocol/internal/json/testdata/test_parsing/y_string_one-byte-utf-8.json: Permission denied
rm: /var/folders/x5/_jwxtjjx347635h39vn8hcxm0000gn/T//ak2-prehearse.flRglu/home/go/pkg/mod/github.com/aws/smithy-go@v1.28.1/transport/http/protocol/internal/json/testdata/test_parsing/y_string_unicode_2.json: Permission denied
rm: /var/folders/x5/_jwxtjjx347635h39vn8hcxm0000gn/T//ak2-prehearse.flRglu/home/go/pkg/mod/github.com/aws/smithy-go@v1.28.1/transport/http/protocol/internal/json/testdata/test_parsing/n_object_trailing_comment.json: Permission denied
rm: /var/folders/x5/_jwxtjjx347635h39vn8hcxm0000gn/T//ak2-prehearse.flRglu/home/go/pkg/mod/github.com/aws/smithy-go@v1.28.1/transport/http/protocol/internal/json/testdata/test_parsing/y_string_unicode_U+FDD0_nonchar.json: Permission denied
rm: /var/folders/x5/_jwxtjjx347635h39vn8hcxm0000gn/T//ak2-prehearse.flRglu/home/go/pkg/mod/github.com/aws/smithy-go@v1.28.1/transport/http/protocol/internal/json/testdata/test_parsing/n_incomplete_false.json: Permission denied
rm: /var/folders/x5/_jwxtjjx347635h39vn8hcxm0000gn/T//ak2-prehearse.flRglu/home/go/pkg/mod/github.com/aws/smithy-go@v1.28.1/transport/http/protocol/internal/json/testdata/test_parsing/n_structure_null-byte-outside-string.json: Permission denied
rm: /var/folders/x5/_jwxtjjx347635h39vn8hcxm0000gn/T//ak2-prehearse.flRglu/home/go/pkg/mod/github.com/aws/smithy-go@v1.28.1/transport/http/protocol/internal/json/testdata/test_parsing/i_structure_UTF-8_BOM_empty_object.json: Permission denied
rm: /var/folders/x5/_jwxtjjx347635h39vn8hcxm0000gn/T//ak2-prehearse.flRglu/home/go/pkg/mod/github.com/aws/smithy-go@v1.28.1/transport/http/protocol/internal/json/testdata/test_parsing/y_string_nbsp_uescaped.json: Permission denied
rm: /var/folders/x5/_jwxtjjx347635h39vn8hcxm0000gn/T//ak2-prehearse.flRglu/home/go/pkg/mod/github.com/aws/smithy-go@v1.28.1/transport/http/protocol/internal/json/testdata/test_parsing/n_number_.-1.json: Permission denied
rm: /var/folders/x5/_jwxtjjx347635h39vn8hcxm0000gn/T//ak2-prehearse.flRglu/home/go/pkg/mod/github.com/aws/smithy-go@v1.28.1/transport/http/protocol/internal/json/testdata/test_parsing/n_structure_number_with_trailing_garbage.json: Permission denied
rm: /var/folders/x5/_jwxtjjx347635h39vn8hcxm0000gn/T//ak2-prehearse.flRglu/home/go/pkg/mod/github.com/aws/smithy-go@v1.28.1/transport/http/protocol/internal/json/testdata/test_parsing/n_number_real_without_fractional_part.json: Permission denied
rm: /var/folders/x5/_jwxtjjx347635h39vn8hcxm0000gn/T//ak2-prehearse.flRglu/home/go/pkg/mod/github.com/aws/smithy-go@v1.28.1/transport/http/protocol/internal/json/testdata/test_parsing/i_string_invalid_utf-8.json: Permission denied
rm: /var/folders/x5/_jwxtjjx347635h39vn8hcxm0000gn/T//ak2-prehearse.flRglu/home/go/pkg/mod/github.com/aws/smithy-go@v1.28.1/transport/http/protocol/internal/json/testdata/test_parsing/i_string_incomplete_surrogate_pair.json: Permission denied
rm: /var/folders/x5/_jwxtjjx347635h39vn8hcxm0000gn/T//ak2-prehearse.flRglu/home/go/pkg/mod/github.com/aws/smithy-go@v1.28.1/transport/http/protocol/internal/json/testdata/test_parsing/n_string_invalid_backslash_esc.json: Permission denied
rm: /var/folders/x5/_jwxtjjx347635h39vn8hcxm0000gn/T//ak2-prehearse.flRglu/home/go/pkg/mod/github.com/aws/smithy-go@v1.28.1/transport/http/protocol/internal/json/testdata/test_parsing/n_number_minus_infinity.json: Permission denied
rm: /var/folders/x5/_jwxtjjx347635h39vn8hcxm0000gn/T//ak2-prehearse.flRglu/home/go/pkg/mod/github.com/aws/smithy-go@v1.28.1/transport/http/protocol/internal/json/testdata/test_parsing/n_array_unclosed.json: Permission denied
rm: /var/folders/x5/_jwxtjjx347635h39vn8hcxm0000gn/T//ak2-prehearse.flRglu/home/go/pkg/mod/github.com/aws/smithy-go@v1.28.1/transport/http/protocol/internal/json/testdata/test_parsing/i_string_incomplete_surrogate_and_escape_valid.json: Permission denied
rm: /var/folders/x5/_jwxtjjx347635h39vn8hcxm0000gn/T//ak2-prehearse.flRglu/home/go/pkg/mod/github.com/aws/smithy-go@v1.28.1/transport/http/protocol/internal/json/testdata/test_parsing/y_array_false.json: Permission denied
rm: /var/folders/x5/_jwxtjjx347635h39vn8hcxm0000gn/T//ak2-prehearse.flRglu/home/go/pkg/mod/github.com/aws/smithy-go@v1.28.1/transport/http/protocol/internal/json/testdata/test_parsing/n_number_real_with_invalid_utf8_after_e.json: Permission denied
rm: /var/folders/x5/_jwxtjjx347635h39vn8hcxm0000gn/T//ak2-prehearse.flRglu/home/go/pkg/mod/github.com/aws/smithy-go@v1.28.1/transport/http/protocol/internal/json/testdata/test_parsing/y_string_unicode_U+FFFE_nonchar.json: Permission denied
rm: /var/folders/x5/_jwxtjjx347635h39vn8hcxm0000gn/T//ak2-prehearse.flRglu/home/go/pkg/mod/github.com/aws/smithy-go@v1.28.1/transport/http/protocol/internal/json/testdata/test_parsing/n_structure_open_open.json: Permission denied
rm: /var/folders/x5/_jwxtjjx347635h39vn8hcxm0000gn/T//ak2-prehearse.flRglu/home/go/pkg/mod/github.com/aws/smithy-go@v1.28.1/transport/http/protocol/internal/json/testdata/test_parsing/n_number_1.0e.json: Permission denied
rm: /var/folders/x5/_jwxtjjx347635h39vn8hcxm0000gn/T//ak2-prehearse.flRglu/home/go/pkg/mod/github.com/aws/smithy-go@v1.28.1/transport/http/protocol/internal/json/testdata/test_parsing/n_array_unclosed_trailing_comma.json: Permission denied
rm: /var/folders/x5/_jwxtjjx347635h39vn8hcxm0000gn/T//ak2-prehearse.flRglu/home/go/pkg/mod/github.com/aws/smithy-go@v1.28.1/transport/http/protocol/internal/json/testdata/test_parsing/n_array_comma_and_number.json: Permission denied
rm: /var/folders/x5/_jwxtjjx347635h39vn8hcxm0000gn/T//ak2-prehearse.flRglu/home/go/pkg/mod/github.com/aws/smithy-go@v1.28.1/transport/http/protocol/internal/json/testdata/test_parsing/n_string_1_surrogate_then_escape.json: Permission denied
rm: /var/folders/x5/_jwxtjjx347635h39vn8hcxm0000gn/T//ak2-prehearse.flRglu/home/go/pkg/mod/github.com/aws/smithy-go@v1.28.1/transport/http/protocol/internal/json/testdata/test_parsing/n_structure_unclosed_array_unfinished_true.json: Permission denied
rm: /var/folders/x5/_jwxtjjx347635h39vn8hcxm0000gn/T//ak2-prehearse.flRglu/home/go/pkg/mod/github.com/aws/smithy-go@v1.28.1/transport/http/protocol/internal/json/testdata/test_parsing/n_string_escaped_emoji.json: Permission denied
rm: /var/folders/x5/_jwxtjjx347635h39vn8hcxm0000gn/T//ak2-prehearse.flRglu/home/go/pkg/mod/github.com/aws/smithy-go@v1.28.1/transport/http/protocol/internal/json/testdata/test_parsing/n_array_comma_after_close.json: Permission denied
rm: /var/folders/x5/_jwxtjjx347635h39vn8hcxm0000gn/T//ak2-prehearse.flRglu/home/go/pkg/mod/github.com/aws/smithy-go@v1.28.1/transport/http/protocol/internal/json/testdata/test_parsing/y_string_reservedCharacterInUTF-8_U+1BFFF.json: Permission denied
rm: /var/folders/x5/_jwxtjjx347635h39vn8hcxm0000gn/T//ak2-prehearse.flRglu/home/go/pkg/mod/github.com/aws/smithy-go@v1.28.1/transport/http/protocol/internal/json/testdata/test_parsing/n_structure_U+2060_word_joined.json: Permission denied
rm: /var/folders/x5/_jwxtjjx347635h39vn8hcxm0000gn/T//ak2-prehearse.flRglu/home/go/pkg/mod/github.com/aws/smithy-go@v1.28.1/transport/http/protocol/internal/json/testdata/test_parsing/n_number_0.e1.json: Permission denied
rm: /var/folders/x5/_jwxtjjx347635h39vn8hcxm0000gn/T//ak2-prehearse.flRglu/home/go/pkg/mod/github.com/aws/smithy-go@v1.28.1/transport/http/protocol/internal/json/testdata/test_parsing/n_array_unclosed_with_new_lines.json: Permission denied
rm: /var/folders/x5/_jwxtjjx347635h39vn8hcxm0000gn/T//ak2-prehearse.flRglu/home/go/pkg/mod/github.com/aws/smithy-go@v1.28.1/transport/http/protocol/internal/json/testdata/test_parsing/n_structure_angle_bracket_null.json: Permission denied
rm: /var/folders/x5/_jwxtjjx347635h39vn8hcxm0000gn/T//ak2-prehearse.flRglu/home/go/pkg/mod/github.com/aws/smithy-go@v1.28.1/transport/http/protocol/internal/json/testdata/test_parsing/n_object_emoji.json: Permission denied
rm: /var/folders/x5/_jwxtjjx347635h39vn8hcxm0000gn/T//ak2-prehearse.flRglu/home/go/pkg/mod/github.com/aws/smithy-go@v1.28.1/transport/http/protocol/internal/json/testdata/test_parsing/n_object_unterminated-value.json: Permission denied
rm: /var/folders/x5/_jwxtjjx347635h39vn8hcxm0000gn/T//ak2-prehearse.flRglu/home/go/pkg/mod/github.com/aws/smithy-go@v1.28.1/transport/http/protocol/internal/json/testdata/test_parsing/n_structure_array_with_unclosed_string.json: Permission denied
rm: /var/folders/x5/_jwxtjjx347635h39vn8hcxm0000gn/T//ak2-prehearse.flRglu/home/go/pkg/mod/github.com/aws/smithy-go@v1.28.1/transport/http/protocol/internal/json/testdata/test_parsing/y_string_u+2029_par_sep.json: Permission denied
rm: /var/folders/x5/_jwxtjjx347635h39vn8hcxm0000gn/T//ak2-prehearse.flRglu/home/go/pkg/mod/github.com/aws/smithy-go@v1.28.1/transport/http/protocol/internal/json/testdata/test_parsing/n_object_double_colon.json: Permission denied
rm: /var/folders/x5/_jwxtjjx347635h39vn8hcxm0000gn/T//ak2-prehearse.flRglu/home/go/pkg/mod/github.com/aws/smithy-go@v1.28.1/transport/http/protocol/internal/json/testdata/test_parsing/y_object_basic.json: Permission denied
rm: /var/folders/x5/_jwxtjjx347635h39vn8hcxm0000gn/T//ak2-prehearse.flRglu/home/go/pkg/mod/github.com/aws/smithy-go@v1.28.1/transport/http/protocol/internal/json/testdata/test_parsing/i_string_lone_second_surrogate.json: Permission denied
rm: /var/folders/x5/_jwxtjjx347635h39vn8hcxm0000gn/T//ak2-prehearse.flRglu/home/go/pkg/mod/github.com/aws/smithy-go@v1.28.1/transport/http/protocol/internal/json/testdata/test_parsing/n_structure_open_array_open_string.json: Permission denied
rm: /var/folders/x5/_jwxtjjx347635h39vn8hcxm0000gn/T//ak2-prehearse.flRglu/home/go/pkg/mod/github.com/aws/smithy-go@v1.28.1/transport/http/protocol/internal/json/testdata/test_parsing/n_array_extra_close.json: Permission denied
rm: /var/folders/x5/_jwxtjjx347635h39vn8hcxm0000gn/T//ak2-prehearse.flRglu/home/go/pkg/mod/github.com/aws/smithy-go@v1.28.1/transport/http/protocol/internal/json/testdata/test_parsing/i_string_UTF-8_invalid_sequence.json: Permission denied
rm: /var/folders/x5/_jwxtjjx347635h39vn8hcxm0000gn/T//ak2-prehearse.flRglu/home/go/pkg/mod/github.com/aws/smithy-go@v1.28.1/transport/http/protocol/internal/json/testdata/test_parsing/n_array_inner_array_no_comma.json: Permission denied
rm: /var/folders/x5/_jwxtjjx347635h39vn8hcxm0000gn/T//ak2-prehearse.flRglu/home/go/pkg/mod/github.com/aws/smithy-go@v1.28.1/transport/http/protocol/internal/json/testdata/test_parsing/n_string_start_escape_unclosed.json: Permission denied
rm: /var/folders/x5/_jwxtjjx347635h39vn8hcxm0000gn/T//ak2-prehearse.flRglu/home/go/pkg/mod/github.com/aws/smithy-go@v1.28.1/transport/http/protocol/internal/json/testdata/test_parsing/n_string_invalid-utf-8-in-escape.json: Permission denied
rm: /var/folders/x5/_jwxtjjx347635h39vn8hcxm0000gn/T//ak2-prehearse.flRglu/home/go/pkg/mod/github.com/aws/smithy-go@v1.28.1/transport/http/protocol/internal/json/testdata/test_parsing/n_structure_open_array_open_object.json: Permission denied
rm: /var/folders/x5/_jwxtjjx347635h39vn8hcxm0000gn/T//ak2-prehearse.flRglu/home/go/pkg/mod/github.com/aws/smithy-go@v1.28.1/transport/http/protocol/internal/json/testdata/test_parsing/n_number_hex_1_digit.json: Permission denied
rm: /var/folders/x5/_jwxtjjx347635h39vn8hcxm0000gn/T//ak2-prehearse.flRglu/home/go/pkg/mod/github.com/aws/smithy-go@v1.28.1/transport/http/protocol/internal/json/testdata/test_parsing/n_structure_incomplete_UTF8_BOM.json: Permission denied
rm: /var/folders/x5/_jwxtjjx347635h39vn8hcxm0000gn/T//ak2-prehearse.flRglu/home/go/pkg/mod/github.com/aws/smithy-go@v1.28.1/transport/http/protocol/internal/json/testdata/test_parsing/y_string_in_array.json: Permission denied
rm: /var/folders/x5/_jwxtjjx347635h39vn8hcxm0000gn/T//ak2-prehearse.flRglu/home/go/pkg/mod/github.com/aws/smithy-go@v1.28.1/transport/http/protocol/internal/json/testdata/test_parsing/n_number_-1.0..json: Permission denied
rm: /var/folders/x5/_jwxtjjx347635h39vn8hcxm0000gn/T//ak2-prehearse.flRglu/home/go/pkg/mod/github.com/aws/smithy-go@v1.28.1/transport/http/protocol/internal/json/testdata/test_parsing/n_number_0_capital_E+.json: Permission denied
rm: /var/folders/x5/_jwxtjjx347635h39vn8hcxm0000gn/T//ak2-prehearse.flRglu/home/go/pkg/mod/github.com/aws/smithy-go@v1.28.1/transport/http/protocol/internal/json/testdata/test_parsing/y_number.json: Permission denied
rm: /var/folders/x5/_jwxtjjx347635h39vn8hcxm0000gn/T//ak2-prehearse.flRglu/home/go/pkg/mod/github.com/aws/smithy-go@v1.28.1/transport/http/protocol/internal/json/testdata/test_parsing/n_array_just_comma.json: Permission denied
rm: /var/folders/x5/_jwxtjjx347635h39vn8hcxm0000gn/T//ak2-prehearse.flRglu/home/go/pkg/mod/github.com/aws/smithy-go@v1.28.1/transport/http/protocol/internal/json/testdata/test_parsing: Permission denied
rm: /var/folders/x5/_jwxtjjx347635h39vn8hcxm0000gn/T//ak2-prehearse.flRglu/home/go/pkg/mod/github.com/aws/smithy-go@v1.28.1/transport/http/protocol/internal/json/testdata: Permission denied
rm: /var/folders/x5/_jwxtjjx347635h39vn8hcxm0000gn/T//ak2-prehearse.flRglu/home/go/pkg/mod/github.com/aws/smithy-go@v1.28.1/transport/http/protocol/internal/json/error.go: Permission denied
rm: /var/folders/x5/_jwxtjjx347635h39vn8hcxm0000gn/T//ak2-prehearse.flRglu/home/go/pkg/mod/github.com/aws/smithy-go@v1.28.1/transport/http/protocol/internal/json/scanner.go: Permission denied
rm: /var/folders/x5/_jwxtjjx347635h39vn8hcxm0000gn/T//ak2-prehearse.flRglu/home/go/pkg/mod/github.com/aws/smithy-go@v1.28.1/transport/http/protocol/internal/json/jsontestsuite_test.go: Permission denied
rm: /var/folders/x5/_jwxtjjx347635h39vn8hcxm0000gn/T//ak2-prehearse.flRglu/home/go/pkg/mod/github.com/aws/smithy-go@v1.28.1/transport/http/protocol/internal/json/union_in_union_test.go: Permission denied
rm: /var/folders/x5/_jwxtjjx347635h39vn8hcxm0000gn/T//ak2-prehearse.flRglu/home/go/pkg/mod/github.com/aws/smithy-go@v1.28.1/transport/http/protocol/internal/json/shape_serializer.go: Permission denied
rm: /var/folders/x5/_jwxtjjx347635h39vn8hcxm0000gn/T//ak2-prehearse.flRglu/home/go/pkg/mod/github.com/aws/smithy-go@v1.28.1/transport/http/protocol/internal/json/internal/stdlib/LICENSE: Permission denied
rm: /var/folders/x5/_jwxtjjx347635h39vn8hcxm0000gn/T//ak2-prehearse.flRglu/home/go/pkg/mod/github.com/aws/smithy-go@v1.28.1/transport/http/protocol/internal/json/internal/stdlib/stdlib.go: Permission denied
rm: /var/folders/x5/_jwxtjjx347635h39vn8hcxm0000gn/T//ak2-prehearse.flRglu/home/go/pkg/mod/github.com/aws/smithy-go@v1.28.1/transport/http/protocol/internal/json/internal/stdlib: Permission denied
rm: /var/folders/x5/_jwxtjjx347635h39vn8hcxm0000gn/T//ak2-prehearse.flRglu/home/go/pkg/mod/github.com/aws/smithy-go@v1.28.1/transport/http/protocol/internal/json/internal: Permission denied
rm: /var/folders/x5/_jwxtjjx347635h39vn8hcxm0000gn/T//ak2-prehearse.flRglu/home/go/pkg/mod/github.com/aws/smithy-go@v1.28.1/transport/http/protocol/internal/json/stack.go: Permission denied
rm: /var/folders/x5/_jwxtjjx347635h39vn8hcxm0000gn/T//ak2-prehearse.flRglu/home/go/pkg/mod/github.com/aws/smithy-go@v1.28.1/transport/http/protocol/internal/json/parser.go: Permission denied
rm: /var/folders/x5/_jwxtjjx347635h39vn8hcxm0000gn/T//ak2-prehearse.flRglu/home/go/pkg/mod/github.com/aws/smithy-go@v1.28.1/transport/http/protocol/internal/json/ext.go: Permission denied
rm: /var/folders/x5/_jwxtjjx347635h39vn8hcxm0000gn/T//ak2-prehearse.flRglu/home/go/pkg/mod/github.com/aws/smithy-go@v1.28.1/transport/http/protocol/internal/json/benchmark_test.go: Permission denied
rm: /var/folders/x5/_jwxtjjx347635h39vn8hcxm0000gn/T//ak2-prehearse.flRglu/home/go/pkg/mod/github.com/aws/smithy-go@v1.28.1/transport/http/protocol/internal/json/scanner_test.go: Permission denied
rm: /var/folders/x5/_jwxtjjx347635h39vn8hcxm0000gn/T//ak2-prehearse.flRglu/home/go/pkg/mod/github.com/aws/smithy-go@v1.28.1/transport/http/protocol/internal/json: Permission denied
rm: /var/folders/x5/_jwxtjjx347635h39vn8hcxm0000gn/T//ak2-prehearse.flRglu/home/go/pkg/mod/github.com/aws/smithy-go@v1.28.1/transport/http/protocol/internal/query/shape_deserializer.go: Permission denied
rm: /var/folders/x5/_jwxtjjx347635h39vn8hcxm0000gn/T//ak2-prehearse.flRglu/home/go/pkg/mod/github.com/aws/smithy-go@v1.28.1/transport/http/protocol/internal/query/shape_serializer.go: Permission denied
rm: /var/folders/x5/_jwxtjjx347635h39vn8hcxm0000gn/T//ak2-prehearse.flRglu/home/go/pkg/mod/github.com/aws/smithy-go@v1.28.1/transport/http/protocol/internal/query: Permission denied
rm: /var/folders/x5/_jwxtjjx347635h39vn8hcxm0000gn/T//ak2-prehearse.flRglu/home/go/pkg/mod/github.com/aws/smithy-go@v1.28.1/transport/http/protocol/internal: Permission denied
rm: /var/folders/x5/_jwxtjjx347635h39vn8hcxm0000gn/T//ak2-prehearse.flRglu/home/go/pkg/mod/github.com/aws/smithy-go@v1.28.1/transport/http/protocol/awsjson/awsjson.go: Permission denied
rm: /var/folders/x5/_jwxtjjx347635h39vn8hcxm0000gn/T//ak2-prehearse.flRglu/home/go/pkg/mod/github.com/aws/smithy-go@v1.28.1/transport/http/protocol/awsjson: Permission denied
rm: /var/folders/x5/_jwxtjjx347635h39vn8hcxm0000gn/T//ak2-prehearse.flRglu/home/go/pkg/mod/github.com/aws/smithy-go@v1.28.1/transport/http/protocol/awsquery/awsquery.go: Permission denied
rm: /var/folders/x5/_jwxtjjx347635h39vn8hcxm0000gn/T//ak2-prehearse.flRglu/home/go/pkg/mod/github.com/aws/smithy-go@v1.28.1/transport/http/protocol/awsquery: Permission denied
rm: /var/folders/x5/_jwxtjjx347635h39vn8hcxm0000gn/T//ak2-prehearse.flRglu/home/go/pkg/mod/github.com/aws/smithy-go@v1.28.1/transport/http/protocol/ec2query/ec2query.go: Permission denied
rm: /var/folders/x5/_jwxtjjx347635h39vn8hcxm0000gn/T//ak2-prehearse.flRglu/home/go/pkg/mod/github.com/aws/smithy-go@v1.28.1/transport/http/protocol/ec2query: Permission denied
rm: /var/folders/x5/_jwxtjjx347635h39vn8hcxm0000gn/T//ak2-prehearse.flRglu/home/go/pkg/mod/github.com/aws/smithy-go@v1.28.1/transport/http/protocol: Permission denied
rm: /var/folders/x5/_jwxtjjx347635h39vn8hcxm0000gn/T//ak2-prehearse.flRglu/home/go/pkg/mod/github.com/aws/smithy-go@v1.28.1/transport/http/middleware_header_comment_test.go: Permission denied
rm: /var/folders/x5/_jwxtjjx347635h39vn8hcxm0000gn/T//ak2-prehearse.flRglu/home/go/pkg/mod/github.com/aws/smithy-go@v1.28.1/transport/http/checksum_middleware_test.go: Permission denied
rm: /var/folders/x5/_jwxtjjx347635h39vn8hcxm0000gn/T//ak2-prehearse.flRglu/home/go/pkg/mod/github.com/aws/smithy-go@v1.28.1/transport/http/host.go: Permission denied
rm: /var/folders/x5/_jwxtjjx347635h39vn8hcxm0000gn/T//ak2-prehearse.flRglu/home/go/pkg/mod/github.com/aws/smithy-go@v1.28.1/transport/http/interceptor.go: Permission denied
rm: /var/folders/x5/_jwxtjjx347635h39vn8hcxm0000gn/T//ak2-prehearse.flRglu/home/go/pkg/mod/github.com/aws/smithy-go@v1.28.1/transport/http/doc.go: Permission denied
rm: /var/folders/x5/_jwxtjjx347635h39vn8hcxm0000gn/T//ak2-prehearse.flRglu/home/go/pkg/mod/github.com/aws/smithy-go@v1.28.1/transport/http/auth_schemes.go: Permission denied
rm: /var/folders/x5/_jwxtjjx347635h39vn8hcxm0000gn/T//ak2-prehearse.flRglu/home/go/pkg/mod/github.com/aws/smithy-go@v1.28.1/transport/http/md5_checksum.go: Permission denied
rm: /var/folders/x5/_jwxtjjx347635h39vn8hcxm0000gn/T//ak2-prehearse.flRglu/home/go/pkg/mod/github.com/aws/smithy-go@v1.28.1/transport/http/middleware_http_logging_test.go: Permission denied
rm: /var/folders/x5/_jwxtjjx347635h39vn8hcxm0000gn/T//ak2-prehearse.flRglu/home/go/pkg/mod/github.com/aws/smithy-go@v1.28.1/transport/http/middleware_headers.go: Permission denied
rm: /var/folders/x5/_jwxtjjx347635h39vn8hcxm0000gn/T//ak2-prehearse.flRglu/home/go/pkg/mod/github.com/aws/smithy-go@v1.28.1/transport/http/middleware_close_response_body.go: Permission denied
rm: /var/folders/x5/_jwxtjjx347635h39vn8hcxm0000gn/T//ak2-prehearse.flRglu/home/go/pkg/mod/github.com/aws/smithy-go@v1.28.1/transport/http/eventstream.go: Permission denied
rm: /var/folders/x5/_jwxtjjx347635h39vn8hcxm0000gn/T//ak2-prehearse.flRglu/home/go/pkg/mod/github.com/aws/smithy-go@v1.28.1/transport/http/serialize_example_test.go: Permission denied
rm: /var/folders/x5/_jwxtjjx347635h39vn8hcxm0000gn/T//ak2-prehearse.flRglu/home/go/pkg/mod/github.com/aws/smithy-go@v1.28.1/transport/http/url.go: Permission denied
rm: /var/folders/x5/_jwxtjjx347635h39vn8hcxm0000gn/T//ak2-prehearse.flRglu/home/go/pkg/mod/github.com/aws/smithy-go@v1.28.1/transport/http/properties_test.go: Permission denied
rm: /var/folders/x5/_jwxtjjx347635h39vn8hcxm0000gn/T//ak2-prehearse.flRglu/home/go/pkg/mod/github.com/aws/smithy-go@v1.28.1/transport/http/middleware_content_length.go: Permission denied
rm: /var/folders/x5/_jwxtjjx347635h39vn8hcxm0000gn/T//ak2-prehearse.flRglu/home/go/pkg/mod/github.com/aws/smithy-go@v1.28.1/transport/http/user_agent_test.go: Permission denied
rm: /var/folders/x5/_jwxtjjx347635h39vn8hcxm0000gn/T//ak2-prehearse.flRglu/home/go/pkg/mod/github.com/aws/smithy-go@v1.28.1/transport/http/auth_schemes_test.go: Permission denied
rm: /var/folders/x5/_jwxtjjx347635h39vn8hcxm0000gn/T//ak2-prehearse.flRglu/home/go/pkg/mod/github.com/aws/smithy-go@v1.28.1/transport/http/client_test.go: Permission denied
rm: /var/folders/x5/_jwxtjjx347635h39vn8hcxm0000gn/T//ak2-prehearse.flRglu/home/go/pkg/mod/github.com/aws/smithy-go@v1.28.1/transport/http/middleware_http_logging.go: Permission denied
rm: /var/folders/x5/_jwxtjjx347635h39vn8hcxm0000gn/T//ak2-prehearse.flRglu/home/go/pkg/mod/github.com/aws/smithy-go@v1.28.1/transport/http/url_test.go: Permission denied
rm: /var/folders/x5/_jwxtjjx347635h39vn8hcxm0000gn/T//ak2-prehearse.flRglu/home/go/pkg/mod/github.com/aws/smithy-go@v1.28.1/transport/http/eventstream_middleware.go: Permission denied
rm: /var/folders/x5/_jwxtjjx347635h39vn8hcxm0000gn/T//ak2-prehearse.flRglu/home/go/pkg/mod/github.com/aws/smithy-go@v1.28.1/transport/http/headerlist_test.go: Permission denied
rm: /var/folders/x5/_jwxtjjx347635h39vn8hcxm0000gn/T//ak2-prehearse.flRglu/home/go/pkg/mod/github.com/aws/smithy-go@v1.28.1/transport/http/middleware_metadata.go: Permission denied
rm: /var/folders/x5/_jwxtjjx347635h39vn8hcxm0000gn/T//ak2-prehearse.flRglu/home/go/pkg/mod/github.com/aws/smithy-go@v1.28.1/transport/http: Permission denied
rm: /var/folders/x5/_jwxtjjx347635h39vn8hcxm0000gn/T//ak2-prehearse.flRglu/home/go/pkg/mod/github.com/aws/smithy-go@v1.28.1/transport: Permission denied
rm: /var/folders/x5/_jwxtjjx347635h39vn8hcxm0000gn/T//ak2-prehearse.flRglu/home/go/pkg/mod/github.com/aws/smithy-go@v1.28.1/endpoints/private/rulesfn/uri_test.go: Permission denied
rm: /var/folders/x5/_jwxtjjx347635h39vn8hcxm0000gn/T//ak2-prehearse.flRglu/home/go/pkg/mod/github.com/aws/smithy-go@v1.28.1/endpoints/private/rulesfn/string_slice.go: Permission denied
rm: /var/folders/x5/_jwxtjjx347635h39vn8hcxm0000gn/T//ak2-prehearse.flRglu/home/go/pkg/mod/github.com/aws/smithy-go@v1.28.1/endpoints/private/rulesfn/doc.go: Permission denied
rm: /var/folders/x5/_jwxtjjx347635h39vn8hcxm0000gn/T//ak2-prehearse.flRglu/home/go/pkg/mod/github.com/aws/smithy-go@v1.28.1/endpoints/private/rulesfn/uri.go: Permission denied
rm: /var/folders/x5/_jwxtjjx347635h39vn8hcxm0000gn/T//ak2-prehearse.flRglu/home/go/pkg/mod/github.com/aws/smithy-go@v1.28.1/endpoints/private/rulesfn/split.go: Permission denied
rm: /var/folders/x5/_jwxtjjx347635h39vn8hcxm0000gn/T//ak2-prehearse.flRglu/home/go/pkg/mod/github.com/aws/smithy-go@v1.28.1/endpoints/private/rulesfn/strings_test.go: Permission denied
rm: /var/folders/x5/_jwxtjjx347635h39vn8hcxm0000gn/T//ak2-prehearse.flRglu/home/go/pkg/mod/github.com/aws/smithy-go@v1.28.1/endpoints/private/rulesfn/strings.go: Permission denied
rm: /var/folders/x5/_jwxtjjx347635h39vn8hcxm0000gn/T//ak2-prehearse.flRglu/home/go/pkg/mod/github.com/aws/smithy-go@v1.28.1/endpoints/private/rulesfn: Permission denied
rm: /var/folders/x5/_jwxtjjx347635h39vn8hcxm0000gn/T//ak2-prehearse.flRglu/home/go/pkg/mod/github.com/aws/smithy-go@v1.28.1/endpoints/private/README.md: Permission denied
rm: /var/folders/x5/_jwxtjjx347635h39vn8hcxm0000gn/T//ak2-prehearse.flRglu/home/go/pkg/mod/github.com/aws/smithy-go@v1.28.1/endpoints/private/bdd/evaluate.go: Permission denied
rm: /var/folders/x5/_jwxtjjx347635h39vn8hcxm0000gn/T//ak2-prehearse.flRglu/home/go/pkg/mod/github.com/aws/smithy-go@v1.28.1/endpoints/private/bdd: Permission denied
rm: /var/folders/x5/_jwxtjjx347635h39vn8hcxm0000gn/T//ak2-prehearse.flRglu/home/go/pkg/mod/github.com/aws/smithy-go@v1.28.1/endpoints/private: Permission denied
rm: /var/folders/x5/_jwxtjjx347635h39vn8hcxm0000gn/T//ak2-prehearse.flRglu/home/go/pkg/mod/github.com/aws/smithy-go@v1.28.1/endpoints/endpoint.go: Permission denied
rm: /var/folders/x5/_jwxtjjx347635h39vn8hcxm0000gn/T//ak2-prehearse.flRglu/home/go/pkg/mod/github.com/aws/smithy-go@v1.28.1/endpoints: Permission denied
rm: /var/folders/x5/_jwxtjjx347635h39vn8hcxm0000gn/T//ak2-prehearse.flRglu/home/go/pkg/mod/github.com/aws/smithy-go@v1.28.1/LICENSE: Permission denied
rm: /var/folders/x5/_jwxtjjx347635h39vn8hcxm0000gn/T//ak2-prehearse.flRglu/home/go/pkg/mod/github.com/aws/smithy-go@v1.28.1/changelog-template.json: Permission denied
rm: /var/folders/x5/_jwxtjjx347635h39vn8hcxm0000gn/T//ak2-prehearse.flRglu/home/go/pkg/mod/github.com/aws/smithy-go@v1.28.1/CHANGELOG.md: Permission denied
rm: /var/folders/x5/_jwxtjjx347635h39vn8hcxm0000gn/T//ak2-prehearse.flRglu/home/go/pkg/mod/github.com/aws/smithy-go@v1.28.1/traits/index.go: Permission denied
rm: /var/folders/x5/_jwxtjjx347635h39vn8hcxm0000gn/T//ak2-prehearse.flRglu/home/go/pkg/mod/github.com/aws/smithy-go@v1.28.1/traits/serde.go: Permission denied
rm: /var/folders/x5/_jwxtjjx347635h39vn8hcxm0000gn/T//ak2-prehearse.flRglu/home/go/pkg/mod/github.com/aws/smithy-go@v1.28.1/traits/traits.go: Permission denied
rm: /var/folders/x5/_jwxtjjx347635h39vn8hcxm0000gn/T//ak2-prehearse.flRglu/home/go/pkg/mod/github.com/aws/smithy-go@v1.28.1/traits/http.go: Permission denied
rm: /var/folders/x5/_jwxtjjx347635h39vn8hcxm0000gn/T//ak2-prehearse.flRglu/home/go/pkg/mod/github.com/aws/smithy-go@v1.28.1/traits: Permission denied
rm: /var/folders/x5/_jwxtjjx347635h39vn8hcxm0000gn/T//ak2-prehearse.flRglu/home/go/pkg/mod/github.com/aws/smithy-go@v1.28.1/type_registry.go: Permission denied
rm: /var/folders/x5/_jwxtjjx347635h39vn8hcxm0000gn/T//ak2-prehearse.flRglu/home/go/pkg/mod/github.com/aws/smithy-go@v1.28.1/auth/option.go: Permission denied
rm: /var/folders/x5/_jwxtjjx347635h39vn8hcxm0000gn/T//ak2-prehearse.flRglu/home/go/pkg/mod/github.com/aws/smithy-go@v1.28.1/auth/auth.go: Permission denied
rm: /var/folders/x5/_jwxtjjx347635h39vn8hcxm0000gn/T//ak2-prehearse.flRglu/home/go/pkg/mod/github.com/aws/smithy-go@v1.28.1/auth/bearer/token_cache.go: Permission denied
rm: /var/folders/x5/_jwxtjjx347635h39vn8hcxm0000gn/T//ak2-prehearse.flRglu/home/go/pkg/mod/github.com/aws/smithy-go@v1.28.1/auth/bearer/token.go: Permission denied
rm: /var/folders/x5/_jwxtjjx347635h39vn8hcxm0000gn/T//ak2-prehearse.flRglu/home/go/pkg/mod/github.com/aws/smithy-go@v1.28.1/auth/bearer/middleware_test.go: Permission denied
rm: /var/folders/x5/_jwxtjjx347635h39vn8hcxm0000gn/T//ak2-prehearse.flRglu/home/go/pkg/mod/github.com/aws/smithy-go@v1.28.1/auth/bearer/docs.go: Permission denied
rm: /var/folders/x5/_jwxtjjx347635h39vn8hcxm0000gn/T//ak2-prehearse.flRglu/home/go/pkg/mod/github.com/aws/smithy-go@v1.28.1/auth/bearer/middleware.go: Permission denied
rm: /var/folders/x5/_jwxtjjx347635h39vn8hcxm0000gn/T//ak2-prehearse.flRglu/home/go/pkg/mod/github.com/aws/smithy-go@v1.28.1/auth/bearer/token_cache_test.go: Permission denied
rm: /var/folders/x5/_jwxtjjx347635h39vn8hcxm0000gn/T//ak2-prehearse.flRglu/home/go/pkg/mod/github.com/aws/smithy-go@v1.28.1/auth/bearer: Permission denied
rm: /var/folders/x5/_jwxtjjx347635h39vn8hcxm0000gn/T//ak2-prehearse.flRglu/home/go/pkg/mod/github.com/aws/smithy-go@v1.28.1/auth/scheme_id.go: Permission denied
rm: /var/folders/x5/_jwxtjjx347635h39vn8hcxm0000gn/T//ak2-prehearse.flRglu/home/go/pkg/mod/github.com/aws/smithy-go@v1.28.1/auth/identity.go: Permission denied
rm: /var/folders/x5/_jwxtjjx347635h39vn8hcxm0000gn/T//ak2-prehearse.flRglu/home/go/pkg/mod/github.com/aws/smithy-go@v1.28.1/auth/option_test.go: Permission denied
rm: /var/folders/x5/_jwxtjjx347635h39vn8hcxm0000gn/T//ak2-prehearse.flRglu/home/go/pkg/mod/github.com/aws/smithy-go@v1.28.1/auth: Permission denied
rm: /var/folders/x5/_jwxtjjx347635h39vn8hcxm0000gn/T//ak2-prehearse.flRglu/home/go/pkg/mod/github.com/aws/smithy-go@v1.28.1/Makefile: Permission denied
rm: /var/folders/x5/_jwxtjjx347635h39vn8hcxm0000gn/T//ak2-prehearse.flRglu/home/go/pkg/mod/github.com/aws/smithy-go@v1.28.1/go_module_metadata.go: Permission denied
rm: /var/folders/x5/_jwxtjjx347635h39vn8hcxm0000gn/T//ak2-prehearse.flRglu/home/go/pkg/mod/github.com/aws/smithy-go@v1.28.1/trait.go: Permission denied
rm: /var/folders/x5/_jwxtjjx347635h39vn8hcxm0000gn/T//ak2-prehearse.flRglu/home/go/pkg/mod/github.com/aws/smithy-go@v1.28.1/io/ringbuffer_test.go: Permission denied
rm: /var/folders/x5/_jwxtjjx347635h39vn8hcxm0000gn/T//ak2-prehearse.flRglu/home/go/pkg/mod/github.com/aws/smithy-go@v1.28.1/io/ringbuffer.go: Permission denied
rm: /var/folders/x5/_jwxtjjx347635h39vn8hcxm0000gn/T//ak2-prehearse.flRglu/home/go/pkg/mod/github.com/aws/smithy-go@v1.28.1/io/doc.go: Permission denied
rm: /var/folders/x5/_jwxtjjx347635h39vn8hcxm0000gn/T//ak2-prehearse.flRglu/home/go/pkg/mod/github.com/aws/smithy-go@v1.28.1/io/reader.go: Permission denied
rm: /var/folders/x5/_jwxtjjx347635h39vn8hcxm0000gn/T//ak2-prehearse.flRglu/home/go/pkg/mod/github.com/aws/smithy-go@v1.28.1/io/byte.go: Permission denied
rm: /var/folders/x5/_jwxtjjx347635h39vn8hcxm0000gn/T//ak2-prehearse.flRglu/home/go/pkg/mod/github.com/aws/smithy-go@v1.28.1/io: Permission denied
rm: /var/folders/x5/_jwxtjjx347635h39vn8hcxm0000gn/T//ak2-prehearse.flRglu/home/go/pkg/mod/github.com/aws/smithy-go@v1.28.1/internal/eventstream/no_event_stream.go: Permission denied
rm: /var/folders/x5/_jwxtjjx347635h39vn8hcxm0000gn/T//ak2-prehearse.flRglu/home/go/pkg/mod/github.com/aws/smithy-go@v1.28.1/internal/eventstream/codec.go: Permission denied
rm: /var/folders/x5/_jwxtjjx347635h39vn8hcxm0000gn/T//ak2-prehearse.flRglu/home/go/pkg/mod/github.com/aws/smithy-go@v1.28.1/internal/eventstream/require_http2.go: Permission denied
rm: /var/folders/x5/_jwxtjjx347635h39vn8hcxm0000gn/T//ak2-prehearse.flRglu/home/go/pkg/mod/github.com/aws/smithy-go@v1.28.1/internal/eventstream: Permission denied
rm: /var/folders/x5/_jwxtjjx347635h39vn8hcxm0000gn/T//ak2-prehearse.flRglu/home/go/pkg/mod/github.com/aws/smithy-go@v1.28.1/internal/errors/errors.go: Permission denied
rm: /var/folders/x5/_jwxtjjx347635h39vn8hcxm0000gn/T//ak2-prehearse.flRglu/home/go/pkg/mod/github.com/aws/smithy-go@v1.28.1/internal/errors: Permission denied
rm: /var/folders/x5/_jwxtjjx347635h39vn8hcxm0000gn/T//ak2-prehearse.flRglu/home/go/pkg/mod/github.com/aws/smithy-go@v1.28.1/internal/sync/buffer_pool_test.go: Permission denied
rm: /var/folders/x5/_jwxtjjx347635h39vn8hcxm0000gn/T//ak2-prehearse.flRglu/home/go/pkg/mod/github.com/aws/smithy-go@v1.28.1/internal/sync/buffer_pool.go: Permission denied
rm: /var/folders/x5/_jwxtjjx347635h39vn8hcxm0000gn/T//ak2-prehearse.flRglu/home/go/pkg/mod/github.com/aws/smithy-go@v1.28.1/internal/sync/singleflight/LICENSE: Permission denied
rm: /var/folders/x5/_jwxtjjx347635h39vn8hcxm0000gn/T//ak2-prehearse.flRglu/home/go/pkg/mod/github.com/aws/smithy-go@v1.28.1/internal/sync/singleflight/singleflight.go: Permission denied
rm: /var/folders/x5/_jwxtjjx347635h39vn8hcxm0000gn/T//ak2-prehearse.flRglu/home/go/pkg/mod/github.com/aws/smithy-go@v1.28.1/internal/sync/singleflight/docs.go: Permission denied
rm: /var/folders/x5/_jwxtjjx347635h39vn8hcxm0000gn/T//ak2-prehearse.flRglu/home/go/pkg/mod/github.com/aws/smithy-go@v1.28.1/internal/sync/singleflight/singleflight_test.go: Permission denied
rm: /var/folders/x5/_jwxtjjx347635h39vn8hcxm0000gn/T//ak2-prehearse.flRglu/home/go/pkg/mod/github.com/aws/smithy-go@v1.28.1/internal/sync/singleflight: Permission denied
rm: /var/folders/x5/_jwxtjjx347635h39vn8hcxm0000gn/T//ak2-prehearse.flRglu/home/go/pkg/mod/github.com/aws/smithy-go@v1.28.1/internal/sync: Permission denied
rm: /var/folders/x5/_jwxtjjx347635h39vn8hcxm0000gn/T//ak2-prehearse.flRglu/home/go/pkg/mod/github.com/aws/smithy-go@v1.28.1/internal/serde/read_payload_blob.go: Permission denied
rm: /var/folders/x5/_jwxtjjx347635h39vn8hcxm0000gn/T//ak2-prehearse.flRglu/home/go/pkg/mod/github.com/aws/smithy-go@v1.28.1/internal/serde/read_payload_blob_test.go: Permission denied
rm: /var/folders/x5/_jwxtjjx347635h39vn8hcxm0000gn/T//ak2-prehearse.flRglu/home/go/pkg/mod/github.com/aws/smithy-go@v1.28.1/internal/serde/stack.go: Permission denied
rm: /var/folders/x5/_jwxtjjx347635h39vn8hcxm0000gn/T//ak2-prehearse.flRglu/home/go/pkg/mod/github.com/aws/smithy-go@v1.28.1/internal/serde/string_arena.go: Permission denied
rm: /var/folders/x5/_jwxtjjx347635h39vn8hcxm0000gn/T//ak2-prehearse.flRglu/home/go/pkg/mod/github.com/aws/smithy-go@v1.28.1/internal/serde/string_arena_test.go: Permission denied
rm: /var/folders/x5/_jwxtjjx347635h39vn8hcxm0000gn/T//ak2-prehearse.flRglu/home/go/pkg/mod/github.com/aws/smithy-go@v1.28.1/internal/serde: Permission denied
rm: /var/folders/x5/_jwxtjjx347635h39vn8hcxm0000gn/T//ak2-prehearse.flRglu/home/go/pkg/mod/github.com/aws/smithy-go@v1.28.1/internal: Permission denied
rm: /var/folders/x5/_jwxtjjx347635h39vn8hcxm0000gn/T//ak2-prehearse.flRglu/home/go/pkg/mod/github.com/aws/smithy-go@v1.28.1/serde.go: Permission denied
rm: /var/folders/x5/_jwxtjjx347635h39vn8hcxm0000gn/T//ak2-prehearse.flRglu/home/go/pkg/mod/github.com/aws/smithy-go@v1.28.1/encoding/encoding.go: Permission denied
rm: /var/folders/x5/_jwxtjjx347635h39vn8hcxm0000gn/T//ak2-prehearse.flRglu/home/go/pkg/mod/github.com/aws/smithy-go@v1.28.1/encoding/httpbinding/query.go: Permission denied
rm: /var/folders/x5/_jwxtjjx347635h39vn8hcxm0000gn/T//ak2-prehearse.flRglu/home/go/pkg/mod/github.com/aws/smithy-go@v1.28.1/encoding/httpbinding/header.go: Permission denied
rm: /var/folders/x5/_jwxtjjx347635h39vn8hcxm0000gn/T//ak2-prehearse.flRglu/home/go/pkg/mod/github.com/aws/smithy-go@v1.28.1/encoding/httpbinding/query_test.go: Permission denied
rm: /var/folders/x5/_jwxtjjx347635h39vn8hcxm0000gn/T//ak2-prehearse.flRglu/home/go/pkg/mod/github.com/aws/smithy-go@v1.28.1/encoding/httpbinding/encode.go: Permission denied
rm: /var/folders/x5/_jwxtjjx347635h39vn8hcxm0000gn/T//ak2-prehearse.flRglu/home/go/pkg/mod/github.com/aws/smithy-go@v1.28.1/encoding/httpbinding/uri_test.go: Permission denied
rm: /var/folders/x5/_jwxtjjx347635h39vn8hcxm0000gn/T//ak2-prehearse.flRglu/home/go/pkg/mod/github.com/aws/smithy-go@v1.28.1/encoding/httpbinding/header_test.go: Permission denied
rm: /var/folders/x5/_jwxtjjx347635h39vn8hcxm0000gn/T//ak2-prehearse.flRglu/home/go/pkg/mod/github.com/aws/smithy-go@v1.28.1/encoding/httpbinding/path_replace.go: Permission denied
rm: /var/folders/x5/_jwxtjjx347635h39vn8hcxm0000gn/T//ak2-prehearse.flRglu/home/go/pkg/mod/github.com/aws/smithy-go@v1.28.1/encoding/httpbinding/shared_test.go: Permission denied
rm: /var/folders/x5/_jwxtjjx347635h39vn8hcxm0000gn/T//ak2-prehearse.flRglu/home/go/pkg/mod/github.com/aws/smithy-go@v1.28.1/encoding/httpbinding/uri.go: Permission denied
rm: /var/folders/x5/_jwxtjjx347635h39vn8hcxm0000gn/T//ak2-prehearse.flRglu/home/go/pkg/mod/github.com/aws/smithy-go@v1.28.1/encoding/httpbinding/path_replace_test.go: Permission denied
rm: /var/folders/x5/_jwxtjjx347635h39vn8hcxm0000gn/T//ak2-prehearse.flRglu/home/go/pkg/mod/github.com/aws/smithy-go@v1.28.1/encoding/httpbinding/encode_test.go: Permission denied
rm: /var/folders/x5/_jwxtjjx347635h39vn8hcxm0000gn/T//ak2-prehearse.flRglu/home/go/pkg/mod/github.com/aws/smithy-go@v1.28.1/encoding/httpbinding: Permission denied
rm: /var/folders/x5/_jwxtjjx347635h39vn8hcxm0000gn/T//ak2-prehearse.flRglu/home/go/pkg/mod/github.com/aws/smithy-go@v1.28.1/encoding/cbor/fuzz_test.go: Permission denied
rm: /var/folders/x5/_jwxtjjx347635h39vn8hcxm0000gn/T//ak2-prehearse.flRglu/home/go/pkg/mod/github.com/aws/smithy-go@v1.28.1/encoding/cbor/decode_test.go: Permission denied
rm: /var/folders/x5/_jwxtjjx347635h39vn8hcxm0000gn/T//ak2-prehearse.flRglu/home/go/pkg/mod/github.com/aws/smithy-go@v1.28.1/encoding/cbor/encode.go: Permission denied
rm: /var/folders/x5/_jwxtjjx347635h39vn8hcxm0000gn/T//ak2-prehearse.flRglu/home/go/pkg/mod/github.com/aws/smithy-go@v1.28.1/encoding/cbor/coerce_test.go: Permission denied
rm: /var/folders/x5/_jwxtjjx347635h39vn8hcxm0000gn/T//ak2-prehearse.flRglu/home/go/pkg/mod/github.com/aws/smithy-go@v1.28.1/encoding/cbor/float16_test.go: Permission denied
rm: /var/folders/x5/_jwxtjjx347635h39vn8hcxm0000gn/T//ak2-prehearse.flRglu/home/go/pkg/mod/github.com/aws/smithy-go@v1.28.1/encoding/cbor/coerce.go: Permission denied
rm: /var/folders/x5/_jwxtjjx347635h39vn8hcxm0000gn/T//ak2-prehearse.flRglu/home/go/pkg/mod/github.com/aws/smithy-go@v1.28.1/encoding/cbor/float16.go: Permission denied
rm: /var/folders/x5/_jwxtjjx347635h39vn8hcxm0000gn/T//ak2-prehearse.flRglu/home/go/pkg/mod/github.com/aws/smithy-go@v1.28.1/encoding/cbor/cbor.go: Permission denied
rm: /var/folders/x5/_jwxtjjx347635h39vn8hcxm0000gn/T//ak2-prehearse.flRglu/home/go/pkg/mod/github.com/aws/smithy-go@v1.28.1/encoding/cbor/const.go: Permission denied
rm: /var/folders/x5/_jwxtjjx347635h39vn8hcxm0000gn/T//ak2-prehearse.flRglu/home/go/pkg/mod/github.com/aws/smithy-go@v1.28.1/encoding/cbor/decode.go: Permission denied
rm: /var/folders/x5/_jwxtjjx347635h39vn8hcxm0000gn/T//ak2-prehearse.flRglu/home/go/pkg/mod/github.com/aws/smithy-go@v1.28.1/encoding/cbor/encode_test.go: Permission denied
rm: /var/folders/x5/_jwxtjjx347635h39vn8hcxm0000gn/T//ak2-prehearse.flRglu/home/go/pkg/mod/github.com/aws/smithy-go@v1.28.1/encoding/cbor: Permission denied
rm: /var/folders/x5/_jwxtjjx347635h39vn8hcxm0000gn/T//ak2-prehearse.flRglu/home/go/pkg/mod/github.com/aws/smithy-go@v1.28.1/encoding/xml/error_utils.go: Permission denied
rm: /var/folders/x5/_jwxtjjx347635h39vn8hcxm0000gn/T//ak2-prehearse.flRglu/home/go/pkg/mod/github.com/aws/smithy-go@v1.28.1/encoding/xml/escape.go: Permission denied
rm: /var/folders/x5/_jwxtjjx347635h39vn8hcxm0000gn/T//ak2-prehearse.flRglu/home/go/pkg/mod/github.com/aws/smithy-go@v1.28.1/encoding/xml/encoder.go: Permission denied
rm: /var/folders/x5/_jwxtjjx347635h39vn8hcxm0000gn/T//ak2-prehearse.flRglu/home/go/pkg/mod/github.com/aws/smithy-go@v1.28.1/encoding/xml/element.go: Permission denied
rm: /var/folders/x5/_jwxtjjx347635h39vn8hcxm0000gn/T//ak2-prehearse.flRglu/home/go/pkg/mod/github.com/aws/smithy-go@v1.28.1/encoding/xml/value_test.go: Permission denied
rm: /var/folders/x5/_jwxtjjx347635h39vn8hcxm0000gn/T//ak2-prehearse.flRglu/home/go/pkg/mod/github.com/aws/smithy-go@v1.28.1/encoding/xml/error_utils_test.go: Permission denied
rm: /var/folders/x5/_jwxtjjx347635h39vn8hcxm0000gn/T//ak2-prehearse.flRglu/home/go/pkg/mod/github.com/aws/smithy-go@v1.28.1/encoding/xml/constants.go: Permission denied
rm: /var/folders/x5/_jwxtjjx347635h39vn8hcxm0000gn/T//ak2-prehearse.flRglu/home/go/pkg/mod/github.com/aws/smithy-go@v1.28.1/encoding/xml/xml_decoder_test.go: Permission denied
rm: /var/folders/x5/_jwxtjjx347635h39vn8hcxm0000gn/T//ak2-prehearse.flRglu/home/go/pkg/mod/github.com/aws/smithy-go@v1.28.1/encoding/xml/doc.go: Permission denied
rm: /var/folders/x5/_jwxtjjx347635h39vn8hcxm0000gn/T//ak2-prehearse.flRglu/home/go/pkg/mod/github.com/aws/smithy-go@v1.28.1/encoding/xml/map_test.go: Permission denied
rm: /var/folders/x5/_jwxtjjx347635h39vn8hcxm0000gn/T//ak2-prehearse.flRglu/home/go/pkg/mod/github.com/aws/smithy-go@v1.28.1/encoding/xml/encoder_test.go: Permission denied
rm: /var/folders/x5/_jwxtjjx347635h39vn8hcxm0000gn/T//ak2-prehearse.flRglu/home/go/pkg/mod/github.com/aws/smithy-go@v1.28.1/encoding/xml/map.go: Permission denied
rm: /var/folders/x5/_jwxtjjx347635h39vn8hcxm0000gn/T//ak2-prehearse.flRglu/home/go/pkg/mod/github.com/aws/smithy-go@v1.28.1/encoding/xml/array.go: Permission denied
rm: /var/folders/x5/_jwxtjjx347635h39vn8hcxm0000gn/T//ak2-prehearse.flRglu/home/go/pkg/mod/github.com/aws/smithy-go@v1.28.1/encoding/xml/array_test.go: Permission denied
rm: /var/folders/x5/_jwxtjjx347635h39vn8hcxm0000gn/T//ak2-prehearse.flRglu/home/go/pkg/mod/github.com/aws/smithy-go@v1.28.1/encoding/xml/value.go: Permission denied
rm: /var/folders/x5/_jwxtjjx347635h39vn8hcxm0000gn/T//ak2-prehearse.flRglu/home/go/pkg/mod/github.com/aws/smithy-go@v1.28.1/encoding/xml/xml_decoder.go: Permission denied
rm: /var/folders/x5/_jwxtjjx347635h39vn8hcxm0000gn/T//ak2-prehearse.flRglu/home/go/pkg/mod/github.com/aws/smithy-go@v1.28.1/encoding/xml: Permission denied
rm: /var/folders/x5/_jwxtjjx347635h39vn8hcxm0000gn/T//ak2-prehearse.flRglu/home/go/pkg/mod/github.com/aws/smithy-go@v1.28.1/encoding/json/object.go: Permission denied
rm: /var/folders/x5/_jwxtjjx347635h39vn8hcxm0000gn/T//ak2-prehearse.flRglu/home/go/pkg/mod/github.com/aws/smithy-go@v1.28.1/encoding/json/escape.go: Permission denied
rm: /var/folders/x5/_jwxtjjx347635h39vn8hcxm0000gn/T//ak2-prehearse.flRglu/home/go/pkg/mod/github.com/aws/smithy-go@v1.28.1/encoding/json/decoder_util.go: Permission denied
rm: /var/folders/x5/_jwxtjjx347635h39vn8hcxm0000gn/T//ak2-prehearse.flRglu/home/go/pkg/mod/github.com/aws/smithy-go@v1.28.1/encoding/json/encoder.go: Permission denied
rm: /var/folders/x5/_jwxtjjx347635h39vn8hcxm0000gn/T//ak2-prehearse.flRglu/home/go/pkg/mod/github.com/aws/smithy-go@v1.28.1/encoding/json/value_test.go: Permission denied
rm: /var/folders/x5/_jwxtjjx347635h39vn8hcxm0000gn/T//ak2-prehearse.flRglu/home/go/pkg/mod/github.com/aws/smithy-go@v1.28.1/encoding/json/constants.go: Permission denied
rm: /var/folders/x5/_jwxtjjx347635h39vn8hcxm0000gn/T//ak2-prehearse.flRglu/home/go/pkg/mod/github.com/aws/smithy-go@v1.28.1/encoding/json/decoder_util_test.go: Permission denied
rm: /var/folders/x5/_jwxtjjx347635h39vn8hcxm0000gn/T//ak2-prehearse.flRglu/home/go/pkg/mod/github.com/aws/smithy-go@v1.28.1/encoding/json/encoder_test.go: Permission denied
rm: /var/folders/x5/_jwxtjjx347635h39vn8hcxm0000gn/T//ak2-prehearse.flRglu/home/go/pkg/mod/github.com/aws/smithy-go@v1.28.1/encoding/json/escape_test.go: Permission denied
rm: /var/folders/x5/_jwxtjjx347635h39vn8hcxm0000gn/T//ak2-prehearse.flRglu/home/go/pkg/mod/github.com/aws/smithy-go@v1.28.1/encoding/json/array.go: Permission denied
rm: /var/folders/x5/_jwxtjjx347635h39vn8hcxm0000gn/T//ak2-prehearse.flRglu/home/go/pkg/mod/github.com/aws/smithy-go@v1.28.1/encoding/json/array_test.go: Permission denied
rm: /var/folders/x5/_jwxtjjx347635h39vn8hcxm0000gn/T//ak2-prehearse.flRglu/home/go/pkg/mod/github.com/aws/smithy-go@v1.28.1/encoding/json/value.go: Permission denied
rm: /var/folders/x5/_jwxtjjx347635h39vn8hcxm0000gn/T//ak2-prehearse.flRglu/home/go/pkg/mod/github.com/aws/smithy-go@v1.28.1/encoding/json/object_test.go: Permission denied
rm: /var/folders/x5/_jwxtjjx347635h39vn8hcxm0000gn/T//ak2-prehearse.flRglu/home/go/pkg/mod/github.com/aws/smithy-go@v1.28.1/encoding/json: Permission denied
rm: /var/folders/x5/_jwxtjjx347635h39vn8hcxm0000gn/T//ak2-prehearse.flRglu/home/go/pkg/mod/github.com/aws/smithy-go@v1.28.1/encoding/doc.go: Permission denied
rm: /var/folders/x5/_jwxtjjx347635h39vn8hcxm0000gn/T//ak2-prehearse.flRglu/home/go/pkg/mod/github.com/aws/smithy-go@v1.28.1/encoding: Permission denied
rm: /var/folders/x5/_jwxtjjx347635h39vn8hcxm0000gn/T//ak2-prehearse.flRglu/home/go/pkg/mod/github.com/aws/smithy-go@v1.28.1/go.sum: Permission denied
rm: /var/folders/x5/_jwxtjjx347635h39vn8hcxm0000gn/T//ak2-prehearse.flRglu/home/go/pkg/mod/github.com/aws/smithy-go@v1.28.1/document/cbor/decode_test.go: Permission denied
rm: /var/folders/x5/_jwxtjjx347635h39vn8hcxm0000gn/T//ak2-prehearse.flRglu/home/go/pkg/mod/github.com/aws/smithy-go@v1.28.1/document/cbor/encode.go: Permission denied
rm: /var/folders/x5/_jwxtjjx347635h39vn8hcxm0000gn/T//ak2-prehearse.flRglu/home/go/pkg/mod/github.com/aws/smithy-go@v1.28.1/document/cbor/cbor.go: Permission denied
rm: /var/folders/x5/_jwxtjjx347635h39vn8hcxm0000gn/T//ak2-prehearse.flRglu/home/go/pkg/mod/github.com/aws/smithy-go@v1.28.1/document/cbor/decode.go: Permission denied
rm: /var/folders/x5/_jwxtjjx347635h39vn8hcxm0000gn/T//ak2-prehearse.flRglu/home/go/pkg/mod/github.com/aws/smithy-go@v1.28.1/document/cbor/encode_test.go: Permission denied
rm: /var/folders/x5/_jwxtjjx347635h39vn8hcxm0000gn/T//ak2-prehearse.flRglu/home/go/pkg/mod/github.com/aws/smithy-go@v1.28.1/document/cbor: Permission denied
rm: /var/folders/x5/_jwxtjjx347635h39vn8hcxm0000gn/T//ak2-prehearse.flRglu/home/go/pkg/mod/github.com/aws/smithy-go@v1.28.1/document/internal/serde/field.go: Permission denied
rm: /var/folders/x5/_jwxtjjx347635h39vn8hcxm0000gn/T//ak2-prehearse.flRglu/home/go/pkg/mod/github.com/aws/smithy-go@v1.28.1/document/internal/serde/tags.go: Permission denied
rm: /var/folders/x5/_jwxtjjx347635h39vn8hcxm0000gn/T//ak2-prehearse.flRglu/home/go/pkg/mod/github.com/aws/smithy-go@v1.28.1/document/internal/serde/serde.go: Permission denied
rm: /var/folders/x5/_jwxtjjx347635h39vn8hcxm0000gn/T//ak2-prehearse.flRglu/home/go/pkg/mod/github.com/aws/smithy-go@v1.28.1/document/internal/serde/field_cache.go: Permission denied
rm: /var/folders/x5/_jwxtjjx347635h39vn8hcxm0000gn/T//ak2-prehearse.flRglu/home/go/pkg/mod/github.com/aws/smithy-go@v1.28.1/document/internal/serde/reflect.go: Permission denied
rm: /var/folders/x5/_jwxtjjx347635h39vn8hcxm0000gn/T//ak2-prehearse.flRglu/home/go/pkg/mod/github.com/aws/smithy-go@v1.28.1/document/internal/serde/field_test.go: Permission denied
rm: /var/folders/x5/_jwxtjjx347635h39vn8hcxm0000gn/T//ak2-prehearse.flRglu/home/go/pkg/mod/github.com/aws/smithy-go@v1.28.1/document/internal/serde: Permission denied
rm: /var/folders/x5/_jwxtjjx347635h39vn8hcxm0000gn/T//ak2-prehearse.flRglu/home/go/pkg/mod/github.com/aws/smithy-go@v1.28.1/document/internal: Permission denied
rm: /var/folders/x5/_jwxtjjx347635h39vn8hcxm0000gn/T//ak2-prehearse.flRglu/home/go/pkg/mod/github.com/aws/smithy-go@v1.28.1/document/json/decoder_test.go: Permission denied
rm: /var/folders/x5/_jwxtjjx347635h39vn8hcxm0000gn/T//ak2-prehearse.flRglu/home/go/pkg/mod/github.com/aws/smithy-go@v1.28.1/document/json/decoder.go: Permission denied
rm: /var/folders/x5/_jwxtjjx347635h39vn8hcxm0000gn/T//ak2-prehearse.flRglu/home/go/pkg/mod/github.com/aws/smithy-go@v1.28.1/document/json/encoder.go: Permission denied
rm: /var/folders/x5/_jwxtjjx347635h39vn8hcxm0000gn/T//ak2-prehearse.flRglu/home/go/pkg/mod/github.com/aws/smithy-go@v1.28.1/document/json/shared_test.go: Permission denied
rm: /var/folders/x5/_jwxtjjx347635h39vn8hcxm0000gn/T//ak2-prehearse.flRglu/home/go/pkg/mod/github.com/aws/smithy-go@v1.28.1/document/json/doc.go: Permission denied
rm: /var/folders/x5/_jwxtjjx347635h39vn8hcxm0000gn/T//ak2-prehearse.flRglu/home/go/pkg/mod/github.com/aws/smithy-go@v1.28.1/document/json/encoder_test.go: Permission denied
rm: /var/folders/x5/_jwxtjjx347635h39vn8hcxm0000gn/T//ak2-prehearse.flRglu/home/go/pkg/mod/github.com/aws/smithy-go@v1.28.1/document/json/json.go: Permission denied
rm: /var/folders/x5/_jwxtjjx347635h39vn8hcxm0000gn/T//ak2-prehearse.flRglu/home/go/pkg/mod/github.com/aws/smithy-go@v1.28.1/document/json: Permission denied
rm: /var/folders/x5/_jwxtjjx347635h39vn8hcxm0000gn/T//ak2-prehearse.flRglu/home/go/pkg/mod/github.com/aws/smithy-go@v1.28.1/document/document.go: Permission denied
rm: /var/folders/x5/_jwxtjjx347635h39vn8hcxm0000gn/T//ak2-prehearse.flRglu/home/go/pkg/mod/github.com/aws/smithy-go@v1.28.1/document/doc.go: Permission denied
rm: /var/folders/x5/_jwxtjjx347635h39vn8hcxm0000gn/T//ak2-prehearse.flRglu/home/go/pkg/mod/github.com/aws/smithy-go@v1.28.1/document/errors.go: Permission denied
rm: /var/folders/x5/_jwxtjjx347635h39vn8hcxm0000gn/T//ak2-prehearse.flRglu/home/go/pkg/mod/github.com/aws/smithy-go@v1.28.1/document: Permission denied
rm: /var/folders/x5/_jwxtjjx347635h39vn8hcxm0000gn/T//ak2-prehearse.flRglu/home/go/pkg/mod/github.com/aws/smithy-go@v1.28.1/time/time.go: Permission denied
rm: /var/folders/x5/_jwxtjjx347635h39vn8hcxm0000gn/T//ak2-prehearse.flRglu/home/go/pkg/mod/github.com/aws/smithy-go@v1.28.1/time/time_test.go: Permission denied
rm: /var/folders/x5/_jwxtjjx347635h39vn8hcxm0000gn/T//ak2-prehearse.flRglu/home/go/pkg/mod/github.com/aws/smithy-go@v1.28.1/time: Permission denied
rm: /var/folders/x5/_jwxtjjx347635h39vn8hcxm0000gn/T//ak2-prehearse.flRglu/home/go/pkg/mod/github.com/aws/smithy-go@v1.28.1/NOTICE: Permission denied
rm: /var/folders/x5/_jwxtjjx347635h39vn8hcxm0000gn/T//ak2-prehearse.flRglu/home/go/pkg/mod/github.com/aws/smithy-go@v1.28.1/README.md: Permission denied
rm: /var/folders/x5/_jwxtjjx347635h39vn8hcxm0000gn/T//ak2-prehearse.flRglu/home/go/pkg/mod/github.com/aws/smithy-go@v1.28.1/testing/struct_test.go: Permission denied
rm: /var/folders/x5/_jwxtjjx347635h39vn8hcxm0000gn/T//ak2-prehearse.flRglu/home/go/pkg/mod/github.com/aws/smithy-go@v1.28.1/testing/document_test.go: Permission denied
rm: /var/folders/x5/_jwxtjjx347635h39vn8hcxm0000gn/T//ak2-prehearse.flRglu/home/go/pkg/mod/github.com/aws/smithy-go@v1.28.1/testing/gzip.go: Permission denied
rm: /var/folders/x5/_jwxtjjx347635h39vn8hcxm0000gn/T//ak2-prehearse.flRglu/home/go/pkg/mod/github.com/aws/smithy-go@v1.28.1/testing/rest.go: Permission denied
rm: /var/folders/x5/_jwxtjjx347635h39vn8hcxm0000gn/T//ak2-prehearse.flRglu/home/go/pkg/mod/github.com/aws/smithy-go@v1.28.1/testing/xml/sort.go: Permission denied
rm: /var/folders/x5/_jwxtjjx347635h39vn8hcxm0000gn/T//ak2-prehearse.flRglu/home/go/pkg/mod/github.com/aws/smithy-go@v1.28.1/testing/xml/sort_test.go: Permission denied
rm: /var/folders/x5/_jwxtjjx347635h39vn8hcxm0000gn/T//ak2-prehearse.flRglu/home/go/pkg/mod/github.com/aws/smithy-go@v1.28.1/testing/xml/doc.go: Permission denied
rm: /var/folders/x5/_jwxtjjx347635h39vn8hcxm0000gn/T//ak2-prehearse.flRglu/home/go/pkg/mod/github.com/aws/smithy-go@v1.28.1/testing/xml/xmlToStruct.go: Permission denied
rm: /var/folders/x5/_jwxtjjx347635h39vn8hcxm0000gn/T//ak2-prehearse.flRglu/home/go/pkg/mod/github.com/aws/smithy-go@v1.28.1/testing/xml: Permission denied
rm: /var/folders/x5/_jwxtjjx347635h39vn8hcxm0000gn/T//ak2-prehearse.flRglu/home/go/pkg/mod/github.com/aws/smithy-go@v1.28.1/testing/document.go: Permission denied
rm: /var/folders/x5/_jwxtjjx347635h39vn8hcxm0000gn/T//ak2-prehearse.flRglu/home/go/pkg/mod/github.com/aws/smithy-go@v1.28.1/testing/doc.go: Permission denied
rm: /var/folders/x5/_jwxtjjx347635h39vn8hcxm0000gn/T//ak2-prehearse.flRglu/home/go/pkg/mod/github.com/aws/smithy-go@v1.28.1/testing/reader.go: Permission denied
rm: /var/folders/x5/_jwxtjjx347635h39vn8hcxm0000gn/T//ak2-prehearse.flRglu/home/go/pkg/mod/github.com/aws/smithy-go@v1.28.1/testing/cbor.go: Permission denied
rm: /var/folders/x5/_jwxtjjx347635h39vn8hcxm0000gn/T//ak2-prehearse.flRglu/home/go/pkg/mod/github.com/aws/smithy-go@v1.28.1/testing/struct.go: Permission denied
rm: /var/folders/x5/_jwxtjjx347635h39vn8hcxm0000gn/T//ak2-prehearse.flRglu/home/go/pkg/mod/github.com/aws/smithy-go@v1.28.1/testing/bytes.go: Permission denied
rm: /var/folders/x5/_jwxtjjx347635h39vn8hcxm0000gn/T//ak2-prehearse.flRglu/home/go/pkg/mod/github.com/aws/smithy-go@v1.28.1/testing/errors.go: Permission denied
rm: /var/folders/x5/_jwxtjjx347635h39vn8hcxm0000gn/T//ak2-prehearse.flRglu/home/go/pkg/mod/github.com/aws/smithy-go@v1.28.1/testing: Permission denied
rm: /var/folders/x5/_jwxtjjx347635h39vn8hcxm0000gn/T//ak2-prehearse.flRglu/home/go/pkg/mod/github.com/aws/smithy-go@v1.28.1/container/private/cache/lru/lru_test.go: Permission denied
rm: /var/folders/x5/_jwxtjjx347635h39vn8hcxm0000gn/T//ak2-prehearse.flRglu/home/go/pkg/mod/github.com/aws/smithy-go@v1.28.1/container/private/cache/lru/lru.go: Permission denied
rm: /var/folders/x5/_jwxtjjx347635h39vn8hcxm0000gn/T//ak2-prehearse.flRglu/home/go/pkg/mod/github.com/aws/smithy-go@v1.28.1/container/private/cache/lru: Permission denied
rm: /var/folders/x5/_jwxtjjx347635h39vn8hcxm0000gn/T//ak2-prehearse.flRglu/home/go/pkg/mod/github.com/aws/smithy-go@v1.28.1/container/private/cache/cache.go: Permission denied
rm: /var/folders/x5/_jwxtjjx347635h39vn8hcxm0000gn/T//ak2-prehearse.flRglu/home/go/pkg/mod/github.com/aws/smithy-go@v1.28.1/container/private/cache: Permission denied
rm: /var/folders/x5/_jwxtjjx347635h39vn8hcxm0000gn/T//ak2-prehearse.flRglu/home/go/pkg/mod/github.com/aws/smithy-go@v1.28.1/container/private: Permission denied
rm: /var/folders/x5/_jwxtjjx347635h39vn8hcxm0000gn/T//ak2-prehearse.flRglu/home/go/pkg/mod/github.com/aws/smithy-go@v1.28.1/container: Permission denied
rm: /var/folders/x5/_jwxtjjx347635h39vn8hcxm0000gn/T//ak2-prehearse.flRglu/home/go/pkg/mod/github.com/aws/smithy-go@v1.28.1/document.go: Permission denied
rm: /var/folders/x5/_jwxtjjx347635h39vn8hcxm0000gn/T//ak2-prehearse.flRglu/home/go/pkg/mod/github.com/aws/smithy-go@v1.28.1/doc.go: Permission denied
rm: /var/folders/x5/_jwxtjjx347635h39vn8hcxm0000gn/T//ak2-prehearse.flRglu/home/go/pkg/mod/github.com/aws/smithy-go@v1.28.1/.gitignore: Permission denied
rm: /var/folders/x5/_jwxtjjx347635h39vn8hcxm0000gn/T//ak2-prehearse.flRglu/home/go/pkg/mod/github.com/aws/smithy-go@v1.28.1/private/requestcompression/middleware_capture_request_compression.go: Permission denied
rm: /var/folders/x5/_jwxtjjx347635h39vn8hcxm0000gn/T//ak2-prehearse.flRglu/home/go/pkg/mod/github.com/aws/smithy-go@v1.28.1/private/requestcompression/gzip.go: Permission denied
rm: /var/folders/x5/_jwxtjjx347635h39vn8hcxm0000gn/T//ak2-prehearse.flRglu/home/go/pkg/mod/github.com/aws/smithy-go@v1.28.1/private/requestcompression/request_compression.go: Permission denied
rm: /var/folders/x5/_jwxtjjx347635h39vn8hcxm0000gn/T//ak2-prehearse.flRglu/home/go/pkg/mod/github.com/aws/smithy-go@v1.28.1/private/requestcompression/request_compression_test.go: Permission denied
rm: /var/folders/x5/_jwxtjjx347635h39vn8hcxm0000gn/T//ak2-prehearse.flRglu/home/go/pkg/mod/github.com/aws/smithy-go@v1.28.1/private/requestcompression: Permission denied
rm: /var/folders/x5/_jwxtjjx347635h39vn8hcxm0000gn/T//ak2-prehearse.flRglu/home/go/pkg/mod/github.com/aws/smithy-go@v1.28.1/private/protocol/middleware_capture_request.go: Permission denied
rm: /var/folders/x5/_jwxtjjx347635h39vn8hcxm0000gn/T//ak2-prehearse.flRglu/home/go/pkg/mod/github.com/aws/smithy-go@v1.28.1/private/protocol/middleware_capture_request_test.go: Permission denied
rm: /var/folders/x5/_jwxtjjx347635h39vn8hcxm0000gn/T//ak2-prehearse.flRglu/home/go/pkg/mod/github.com/aws/smithy-go@v1.28.1/private/protocol: Permission denied
rm: /var/folders/x5/_jwxtjjx347635h39vn8hcxm0000gn/T//ak2-prehearse.flRglu/home/go/pkg/mod/github.com/aws/smithy-go@v1.28.1/private: Permission denied
rm: /var/folders/x5/_jwxtjjx347635h39vn8hcxm0000gn/T//ak2-prehearse.flRglu/home/go/pkg/mod/github.com/aws/smithy-go@v1.28.1/CONTRIBUTING.md: Permission denied
rm: /var/folders/x5/_jwxtjjx347635h39vn8hcxm0000gn/T//ak2-prehearse.flRglu/home/go/pkg/mod/github.com/aws/smithy-go@v1.28.1/ptr/generate.go: Permission denied
rm: /var/folders/x5/_jwxtjjx347635h39vn8hcxm0000gn/T//ak2-prehearse.flRglu/home/go/pkg/mod/github.com/aws/smithy-go@v1.28.1/ptr/to_ptr_test.go: Permission denied
rm: /var/folders/x5/_jwxtjjx347635h39vn8hcxm0000gn/T//ak2-prehearse.flRglu/home/go/pkg/mod/github.com/aws/smithy-go@v1.28.1/ptr/to_ptr.go: Permission denied
rm: /var/folders/x5/_jwxtjjx347635h39vn8hcxm0000gn/T//ak2-prehearse.flRglu/home/go/pkg/mod/github.com/aws/smithy-go@v1.28.1/ptr/doc.go: Permission denied
rm: /var/folders/x5/_jwxtjjx347635h39vn8hcxm0000gn/T//ak2-prehearse.flRglu/home/go/pkg/mod/github.com/aws/smithy-go@v1.28.1/ptr/from_ptr.go: Permission denied
rm: /var/folders/x5/_jwxtjjx347635h39vn8hcxm0000gn/T//ak2-prehearse.flRglu/home/go/pkg/mod/github.com/aws/smithy-go@v1.28.1/ptr/gen_scalars.go: Permission denied
rm: /var/folders/x5/_jwxtjjx347635h39vn8hcxm0000gn/T//ak2-prehearse.flRglu/home/go/pkg/mod/github.com/aws/smithy-go@v1.28.1/ptr: Permission denied
rm: /var/folders/x5/_jwxtjjx347635h39vn8hcxm0000gn/T//ak2-prehearse.flRglu/home/go/pkg/mod/github.com/aws/smithy-go@v1.28.1/waiter/waiter_test.go: Permission denied
rm: /var/folders/x5/_jwxtjjx347635h39vn8hcxm0000gn/T//ak2-prehearse.flRglu/home/go/pkg/mod/github.com/aws/smithy-go@v1.28.1/waiter/logger.go: Permission denied
rm: /var/folders/x5/_jwxtjjx347635h39vn8hcxm0000gn/T//ak2-prehearse.flRglu/home/go/pkg/mod/github.com/aws/smithy-go@v1.28.1/waiter/waiter.go: Permission denied
rm: /var/folders/x5/_jwxtjjx347635h39vn8hcxm0000gn/T//ak2-prehearse.flRglu/home/go/pkg/mod/github.com/aws/smithy-go@v1.28.1/waiter: Permission denied
rm: /var/folders/x5/_jwxtjjx347635h39vn8hcxm0000gn/T//ak2-prehearse.flRglu/home/go/pkg/mod/github.com/aws/smithy-go@v1.28.1/.github/labels.yml: Permission denied
rm: /var/folders/x5/_jwxtjjx347635h39vn8hcxm0000gn/T//ak2-prehearse.flRglu/home/go/pkg/mod/github.com/aws/smithy-go@v1.28.1/.github/CODEOWNERS: Permission denied
rm: /var/folders/x5/_jwxtjjx347635h39vn8hcxm0000gn/T//ak2-prehearse.flRglu/home/go/pkg/mod/github.com/aws/smithy-go@v1.28.1/.github/workflows/api_diff_check.yml: Permission denied
rm: /var/folders/x5/_jwxtjjx347635h39vn8hcxm0000gn/T//ak2-prehearse.flRglu/home/go/pkg/mod/github.com/aws/smithy-go@v1.28.1/.github/workflows/labeler.yml: Permission denied
rm: /var/folders/x5/_jwxtjjx347635h39vn8hcxm0000gn/T//ak2-prehearse.flRglu/home/go/pkg/mod/github.com/aws/smithy-go@v1.28.1/.github/workflows/go.yml: Permission denied
rm: /var/folders/x5/_jwxtjjx347635h39vn8hcxm0000gn/T//ak2-prehearse.flRglu/home/go/pkg/mod/github.com/aws/smithy-go@v1.28.1/.github/workflows/codegen.yml: Permission denied
rm: /var/folders/x5/_jwxtjjx347635h39vn8hcxm0000gn/T//ak2-prehearse.flRglu/home/go/pkg/mod/github.com/aws/smithy-go@v1.28.1/.github/workflows: Permission denied
rm: /var/folders/x5/_jwxtjjx347635h39vn8hcxm0000gn/T//ak2-prehearse.flRglu/home/go/pkg/mod/github.com/aws/smithy-go@v1.28.1/.github/PULL_REQUEST_TEMPLATE.md: Permission denied
rm: /var/folders/x5/_jwxtjjx347635h39vn8hcxm0000gn/T//ak2-prehearse.flRglu/home/go/pkg/mod/github.com/aws/smithy-go@v1.28.1/.github: Permission denied
rm: /var/folders/x5/_jwxtjjx347635h39vn8hcxm0000gn/T//ak2-prehearse.flRglu/home/go/pkg/mod/github.com/aws/smithy-go@v1.28.1/local-mod-replace.sh: Permission denied
rm: /var/folders/x5/_jwxtjjx347635h39vn8hcxm0000gn/T//ak2-prehearse.flRglu/home/go/pkg/mod/github.com/aws/smithy-go@v1.28.1/properties_test.go: Permission denied
rm: /var/folders/x5/_jwxtjjx347635h39vn8hcxm0000gn/T//ak2-prehearse.flRglu/home/go/pkg/mod/github.com/aws/smithy-go@v1.28.1/schema.go: Permission denied
rm: /var/folders/x5/_jwxtjjx347635h39vn8hcxm0000gn/T//ak2-prehearse.flRglu/home/go/pkg/mod/github.com/aws/smithy-go@v1.28.1/validation.go: Permission denied
rm: /var/folders/x5/_jwxtjjx347635h39vn8hcxm0000gn/T//ak2-prehearse.flRglu/home/go/pkg/mod/github.com/aws/smithy-go@v1.28.1/rand/uuid_test.go: Permission denied
rm: /var/folders/x5/_jwxtjjx347635h39vn8hcxm0000gn/T//ak2-prehearse.flRglu/home/go/pkg/mod/github.com/aws/smithy-go@v1.28.1/rand/doc.go: Permission denied
rm: /var/folders/x5/_jwxtjjx347635h39vn8hcxm0000gn/T//ak2-prehearse.flRglu/home/go/pkg/mod/github.com/aws/smithy-go@v1.28.1/rand/rand.go: Permission denied
rm: /var/folders/x5/_jwxtjjx347635h39vn8hcxm0000gn/T//ak2-prehearse.flRglu/home/go/pkg/mod/github.com/aws/smithy-go@v1.28.1/rand/uuid.go: Permission denied
rm: /var/folders/x5/_jwxtjjx347635h39vn8hcxm0000gn/T//ak2-prehearse.flRglu/home/go/pkg/mod/github.com/aws/smithy-go@v1.28.1/rand: Permission denied
rm: /var/folders/x5/_jwxtjjx347635h39vn8hcxm0000gn/T//ak2-prehearse.flRglu/home/go/pkg/mod/github.com/aws/smithy-go@v1.28.1/AGENTS.md: Permission denied
rm: /var/folders/x5/_jwxtjjx347635h39vn8hcxm0000gn/T//ak2-prehearse.flRglu/home/go/pkg/mod/github.com/aws/smithy-go@v1.28.1/sync/error.go: Permission denied
rm: /var/folders/x5/_jwxtjjx347635h39vn8hcxm0000gn/T//ak2-prehearse.flRglu/home/go/pkg/mod/github.com/aws/smithy-go@v1.28.1/sync: Permission denied
rm: /var/folders/x5/_jwxtjjx347635h39vn8hcxm0000gn/T//ak2-prehearse.flRglu/home/go/pkg/mod/github.com/aws/smithy-go@v1.28.1/prelude/prelude.go: Permission denied
rm: /var/folders/x5/_jwxtjjx347635h39vn8hcxm0000gn/T//ak2-prehearse.flRglu/home/go/pkg/mod/github.com/aws/smithy-go@v1.28.1/prelude: Permission denied
rm: /var/folders/x5/_jwxtjjx347635h39vn8hcxm0000gn/T//ak2-prehearse.flRglu/home/go/pkg/mod/github.com/aws/smithy-go@v1.28.1/.travis.yml: Permission denied
rm: /var/folders/x5/_jwxtjjx347635h39vn8hcxm0000gn/T//ak2-prehearse.flRglu/home/go/pkg/mod/github.com/aws/smithy-go@v1.28.1/modman.toml: Permission denied
rm: /var/folders/x5/_jwxtjjx347635h39vn8hcxm0000gn/T//ak2-prehearse.flRglu/home/go/pkg/mod/github.com/aws/smithy-go@v1.28.1/logging/logger.go: Permission denied
rm: /var/folders/x5/_jwxtjjx347635h39vn8hcxm0000gn/T//ak2-prehearse.flRglu/home/go/pkg/mod/github.com/aws/smithy-go@v1.28.1/logging/logger_test.go: Permission denied
rm: /var/folders/x5/_jwxtjjx347635h39vn8hcxm0000gn/T//ak2-prehearse.flRglu/home/go/pkg/mod/github.com/aws/smithy-go@v1.28.1/logging: Permission denied
rm: /var/folders/x5/_jwxtjjx347635h39vn8hcxm0000gn/T//ak2-prehearse.flRglu/home/go/pkg/mod/github.com/aws/smithy-go@v1.28.1/errors.go: Permission denied
rm: /var/folders/x5/_jwxtjjx347635h39vn8hcxm0000gn/T//ak2-prehearse.flRglu/home/go/pkg/mod/github.com/aws/smithy-go@v1.28.1: Directory not empty
rm: /var/folders/x5/_jwxtjjx347635h39vn8hcxm0000gn/T//ak2-prehearse.flRglu/home/go/pkg/mod/github.com/aws: Directory not empty
rm: /var/folders/x5/_jwxtjjx347635h39vn8hcxm0000gn/T//ak2-prehearse.flRglu/home/go/pkg/mod/github.com: Directory not empty
rm: /var/folders/x5/_jwxtjjx347635h39vn8hcxm0000gn/T//ak2-prehearse.flRglu/home/go/pkg/mod: Directory not empty
rm: /var/folders/x5/_jwxtjjx347635h39vn8hcxm0000gn/T//ak2-prehearse.flRglu/home/go/pkg: Directory not empty
rm: /var/folders/x5/_jwxtjjx347635h39vn8hcxm0000gn/T//ak2-prehearse.flRglu/home/go: Directory not empty
rm: /var/folders/x5/_jwxtjjx347635h39vn8hcxm0000gn/T//ak2-prehearse.flRglu/home: Directory not empty
rm: /var/folders/x5/_jwxtjjx347635h39vn8hcxm0000gn/T//ak2-prehearse.flRglu: Directory not empty
