run	mate	bytes	md5	sha256	key	version_id	at
SRR5935740	1	495118282	8d0ddf039dc21ebedfd06c6e08e0ce3f	8aab89e99d4bc8b3f2da57a35ba7823fb387d3ff4c8fb7d8a51fc77bc2582c62	aws-kraken2/data/cohort/SRR5935740_1.fastq.gz	RcmXXLw7YqW3QFOile4XQLnClPUyrSrW	2026-10-08T00:32:18Z
SRR5935740	2	502062672	703911c349edcb0bb78012c10c109c79	4f5acd3dfe043300aab196a6cc8d5caa174ec3dab8f9c3082647def99c9afe09	aws-kraken2/data/cohort/SRR5935740_2.fastq.gz	OhwUj7d3ruhYrC9sjVNSTLSOMex3CNS0	2026-10-08T00:32:18Z
SRR5935741	1	837416271	87aea06c2b28440121a7052ee9bb1b28	2f93514092c5a187a2c36db929526e0a78cb0129b018c514ddfdd14b7603fbe1	aws-kraken2/data/cohort/SRR5935741_1.fastq.gz	.81fDxIw3SSrAG1K2bThimgFQbNe63xP	2026-10-08T00:32:18Z
SRR5935741	2	827325968	b6d63cea9e7196e1dc99d9e52aaf60a1	b55f062150312d9442687b5c43d5a99a9bee5fed0246f150c278e8b30549c61d	aws-kraken2/data/cohort/SRR5935741_2.fastq.gz	h8jaox8rOG4YyXNNdrtmy7_n5HTHJ_Pw	2026-10-08T00:35:45Z
SRR5935742	1	575178581	8786d82cf4ab619cb2aee1006a8073d2	e30ccf1431649df8f20cc34fa1174d8af47933701bae9a585a9b0898ee4cdfa8	aws-kraken2/data/cohort/SRR5935742_1.fastq.gz	dr4b8LmCFdHo7sKc9VFr.wosFoi..K8I	2026-10-08T00:34:40Z
SRR5935742	2	583688553	4c801589bf6606d1f16e939ab3edb2d8	9ca413d7cc657d074cefbd0d00de67d49309d14fce7fc323ac760d8fae6874c0	aws-kraken2/data/cohort/SRR5935742_2.fastq.gz	t_IP0DN8IxsvONhwN19EXckWD_dAklTv	2026-10-08T00:32:19Z
SRR5935743	1	8679627	7a1d3c876db0f14d80a72d172e1d0cdf	7d627626ced7beccb30b88536b8ab97353a64b63d14101d5afc07a340d1834fb	aws-kraken2/data/cohort/SRR5935743_1.fastq.gz	LCxlOK5E0FQHkTrdbk_f1PZ7VmP2Z9FH	2026-10-08T00:32:19Z
SRR5935743	2	8611159	baa00fe73e010716dc17c5b62f1d0956	778ab6b8baf6347f338be2a0f33106de840ca2afa54f2b817dae2c15d51b9dc2	aws-kraken2/data/cohort/SRR5935743_2.fastq.gz	16EuBMJbFVSwy.klw0SLdQES3q5y9Zdm	2026-10-08T00:32:20Z
SRR5935744	1	745495793	dbab59bca1bdd65f68abfa7eae21e65c	dfb25327b29713a2c446b33b9a689e4e2b98e411aa7a04ce0762e53f09135ab6	aws-kraken2/data/cohort/SRR5935744_1.fastq.gz	Jbsa9aRg0yvit9WMgD4zCn71aKy9e60N	2026-10-08T00:32:20Z
SRR5935744	2	755587542	f783632ed8e6cf3e85e443990823bd88	f0802a44d60e3ec53583243cb57465962043d9e80e5d1d8ebc741ef85d314732	aws-kraken2/data/cohort/SRR5935744_2.fastq.gz	kEPFHyxME8QEj2cNMO_aZydUrwlUuh8x	2026-10-08T00:32:20Z
SRR5935745	1	520125014	8c03236b7d33006c9f1ea5ac96496f39	c3605904955a001df9bde9a64c42b2025a4855fc3cf822faabd8353806a751e8	aws-kraken2/data/cohort/SRR5935745_1.fastq.gz	e1nMQ8xIpWcORexltSH_8gTj_F331jFL	2026-10-08T00:32:21Z
SRR5935745	2	524678126	770d2ded687d4ceb9865e2503a4498f5	2a7295cf736eb7a0377ec1ccf7085e675bc1fcc3fff977427665924145f4dc7c	aws-kraken2/data/cohort/SRR5935745_2.fastq.gz	xjH4ext7nd92.5eMdCsFsdo4PS5ahVlq	2026-10-08T00:34:43Z
SRR5935746	1	524886352	a4e53a69a751e22dce9ff166add45b02	6910efb61060360c82cb08a2f57601a16ba0371188f2d3addf24a38ecfda12e0	aws-kraken2/data/cohort/SRR5935746_1.fastq.gz	HIQlFAoq.7uYNsnvxR.qWTR0oH_LMmte	2026-10-08T00:37:27Z
SRR5935746	2	523074338	4ca0e045c11b317e69c8ff3821dec51d	cc2d68bf407e62943045837f0108f5781d524412ab58be09258a9a0b264c63b9	aws-kraken2/data/cohort/SRR5935746_2.fastq.gz	KVUjx297snOdtHpllPOXtMNeomdEKGcb	2026-10-08T00:34:43Z
SRR5935747	1	145394201	6a154971cc31d3679e1671e9246fb6c6	557e8acde5de8ab8f5a41b363f523914bc1cb8ffdfb3eec01bdb6868c0e75a46	aws-kraken2/data/cohort/SRR5935747_1.fastq.gz	1z35tYJzzeRfcHH9ugfX_ZSqG8g5SqnI	2026-10-08T00:34:44Z
SRR5935747	2	147979881	7935a751a60b635e0d0aa4bd2cb1cca3	f9f69ba23089a1a646982e101b23b46a93ea3271b4966966606791a32a421754	aws-kraken2/data/cohort/SRR5935747_2.fastq.gz	RfNfXSdnpOumraf9JOmdrxkv1JAj91cm	2026-10-08T00:35:27Z
SRR5935748	1	558312578	dd83b86e8f2cb334c013bd2afc162436	bbb258924127e7070fbd670c2c7bc9ac09ee1c4b31f6553b2802a0c3eb2aaa61	aws-kraken2/data/cohort/SRR5935748_1.fastq.gz	kBHmKvdg.aCJ5.yFnbUMC4uF69Z0GcBJ	2026-10-08T00:38:15Z
SRR5935748	2	574516567	7078f8852014cd97a84d6110b1809e51	99dcb4054aca7accc23286f4f8dce10500fab85a400a4ee50ddfa1191825751c	aws-kraken2/data/cohort/SRR5935748_2.fastq.gz	hhE52_IVkG_psKXDNX07gWQtKRaaiygW	2026-10-08T00:38:12Z
SRR5935749	1	897225885	63c299689793b6cc0ce2f38935afad7c	533fa952ff371026dc93fcc19d1c2b01e642816e2bd49fcef8181df2bdab228f	aws-kraken2/data/cohort/SRR5935749_1.fastq.gz	IixpERopB7vZ_UdSEhJpiLT1Vzpr02xD	2026-10-08T00:40:48Z
SRR5935749	2	893278004	71dcc8b31d68fbf1d4670b211d2212df	9866b699fd1980bbe9edcc9afef25e0729ba2c82c87aa0e32feca919f7efd273	aws-kraken2/data/cohort/SRR5935749_2.fastq.gz	b7qbFqD3uBteyV96yIvFmDogefximUuN	2026-10-08T00:42:13Z
SRR5935752	1	695546014	600b969190c0d2e302947d0000191be2	240bb7d364b952ddf8e5b0477bc192810d34366db3cc36ed9a8b41ee72de3be4	aws-kraken2/data/cohort/SRR5935752_1.fastq.gz	xE9VZVVM4H98lKIpydEsM_Y8qqS5i3tA	2026-10-08T04:06:31Z
SRR5935752	2	696557553	6a3b380f5e9c4bb313cd7d4e0352c3c5	bf725b29ae1129d3ec70341034fae0636b821bd508519e50bb577b8b202da25c	aws-kraken2/data/cohort/SRR5935752_2.fastq.gz	K6_c0vyoXwxbFVvsRctNyLcZItOg6XZ9	2026-10-08T04:05:39Z
SRR5935754	1	494200062	e08a74e402207afc00ef542f9d4c694e	d4b5ed3d56893808c43d13da6aeb37e6da61e4741a60a47fdc41da14281e6db5	aws-kraken2/data/cohort/SRR5935754_1.fastq.gz	mb0yKS0Vkvq0r4ppC8O7HdvO4ekKSJm1	2026-10-08T04:04:34Z
SRR5935754	2	494224404	50d2e98a22154354479399a8ab148690	aa1b99b0a664ee1f05f8f59971eb6f359a0446ebcdb48d694ac56bc46d54febd	aws-kraken2/data/cohort/SRR5935754_2.fastq.gz	tbEpv.2CWv9sJH3NsPDK0asZJeW0zCrT	2026-10-08T04:05:45Z
SRR5935760	1	516609618	7a05745e03b0fec2f2238c10547b1be6	45b86465ecd40e2095eeeabb348ebd3ec6841b2842abef62b0b115fd23c0a8f9	aws-kraken2/data/cohort/SRR5935760_1.fastq.gz	cOASBtD82mENwz_EvWFPK3FTSKHvsKfR	2026-10-08T04:04:56Z
SRR5935760	2	521090367	bdfef0c73e2bd59b0c7198a2e12108c0	6df20e4032078967072bd076b55908b61530af871a086130665c89e727a75a61	aws-kraken2/data/cohort/SRR5935760_2.fastq.gz	O32vyA1pUhSu.RRgOr771cquuWeRqYjD	2026-10-08T04:05:45Z
SRR5935762	1	865706610	63a1b98041ab2d78830de26adbfa9037	25ec54acafd1e95162c87156d0716592f071f218a2b7834006cbce17830d731b	aws-kraken2/data/cohort/SRR5935762_1.fastq.gz	WPqB4XQreI8ULQI0cmPrngqjQIthRKwt	2026-10-08T04:06:34Z
SRR5935762	2	886695734	d80f093b5c51a5902b9d74a4cc4142b0	d032979a91d77781a34b6601ab1f7e7aaffd84409cb61b1385c0cb37cb82bad5	aws-kraken2/data/cohort/SRR5935762_2.fastq.gz	MzmHCX9baQzeBKU3S1tc5Z_ku6amr48A	2026-10-08T04:06:43Z
SRR5935768	1	760134776	90c11f2d3f8beac39061b081f57fd27d	ede9a9445ee70d30ccf927667332fb01557b2ec4e5e67cffa270e60fd3380e96	aws-kraken2/data/cohort/SRR5935768_1.fastq.gz	OKgLShF1PP9bxbP3toF9O8FN7WLepHlv	2026-10-08T04:05:39Z
SRR5935768	2	751390894	65c5c3169c7b65980c969c3253a6c4c9	d542c61ebac254b27933f69ff4255fc9824bdc0cdb7b019e6b0b9b56de46fe0f	aws-kraken2/data/cohort/SRR5935768_2.fastq.gz	z8KhTjf_p1ACiLgDig44o1F0KTZUkBNX	2026-10-08T04:05:29Z
SRR5935770	1	794160957	e2b074f80b5202c16258859cccca3b55	77558823b0bd39b3aae4e5b80492fd97e81bcbcad333c7e99cb4ce9780da0cff	aws-kraken2/data/cohort/SRR5935770_1.fastq.gz	qHi1AlIrRObtz2cf5r2UdCvv02YCx2HX	2026-10-08T04:05:40Z
SRR5935770	2	791523927	b117df4059a0d3df88fe1b7b07473854	60a533ded41703238ba8049b259a401686b0c10688b622da61a7fc60c0dc95cb	aws-kraken2/data/cohort/SRR5935770_2.fastq.gz	jaELV_qOnlBn.WDer9AwfsnmobOl59Do	2026-10-08T04:06:26Z
SRR5935776	1	154363952	1cbbf1f6cec5ed2e1d78a3706981cbf8	a82e458f92bd057ba3778d8537efc8675611caf91835bef8c563705842c3872a	aws-kraken2/data/cohort/SRR5935776_1.fastq.gz	TUKme8sLGRst4tNSQWGJnvgBCWwS6MN6	2026-10-08T04:05:43Z
SRR5935776	2	157757432	0f12399ea9c6701e83f0931d594ccbb4	7307002b3eb1d072174eb4433d7a6e4f9e2d298dbc02b5e112da814d04fd958f	aws-kraken2/data/cohort/SRR5935776_2.fastq.gz	U61sL0N4d.kkV2fIfq_mSpx4szYNeN5v	2026-10-08T04:06:09Z
SRR5935778	1	533526941	d09763a98b2491414cb7825c65b6fab3	7c5d296532420bd5b8099aaa08b8dd77b5c6a3edcfa0a52774ef7831e96dfe11	aws-kraken2/data/cohort/SRR5935778_1.fastq.gz	rQNdC9FQ2QzD40g1OBVA5egIddHVMwTI	2026-10-08T04:06:47Z
SRR5935778	2	539113107	b8910fdb06382d4364569c5b49205201	21773a2e8a7e1cc65911666a2bf4cbece90756a157e5ef2d57830cdd22eb5a6f	aws-kraken2/data/cohort/SRR5935778_2.fastq.gz	rENWh.R7mJv67d1a0g7lxkumVz5ZngG6	2026-10-08T04:08:00Z
SRR5935784	1	708620656	475d7cae958e47ec1c9a32767d809664	38345e1dad89b5fbf82371c979b85866a57f7b3fe39b17166f41c9a4dd9f8b0b	aws-kraken2/data/cohort/SRR5935784_1.fastq.gz	6a3pD8lfgfxHzuYryexVgkso_n8p01tW	2026-10-08T04:08:38Z
SRR5935784	2	713263985	3ed6ebaf3bdb787b2d47b58859a3bb8d	6d171c2d39d9d8b18828ef8e279e901d0bc64e95304dcc4d3a39d9b1919d942e	aws-kraken2/data/cohort/SRR5935784_2.fastq.gz	T.dRSUm65KlQUmoYXzvZaI2oVLBEdhw9	2026-10-08T04:09:11Z
SRR5935786	1	483303400	b5391c97751c3fdecdbe3befbd632b0d	1401f76b2d6c028be0c63cfb23bf3384716f45b4731a217e6155cfa1738ede31	aws-kraken2/data/cohort/SRR5935786_1.fastq.gz	RI.uuLummW6RTrhzp2YHj_B_a69k2ocv	2026-10-08T04:07:45Z
SRR5935786	2	486792147	eb15b756a7f36f730584b7ac082d8c76	3f7b8049e578477e48fa26b72adef1a5417d090f2e6333ceea8d76ee1a26ecd2	aws-kraken2/data/cohort/SRR5935786_2.fastq.gz	4kjz96gTtcDl29EMBgiP51PIJ.1Ya6gp	2026-10-08T04:08:46Z
SRR5935792	1	534381568	0a98894c3f5814093cb1d51df5ce51cf	134450cf8a944050658d3b1e59714d721098de91349a2653639083c1d66124ca	aws-kraken2/data/cohort/SRR5935792_1.fastq.gz	Gyx7hNEOAhRmSpdpm9KG09yXQ7mljO9E	2026-10-08T04:07:46Z
SRR5935792	2	531983625	721c81612e07ae4195f141fb4757ce45	e93d460c8e3fa6a7ab474ad0036cc4ed10f2c46830d9254d2bb24a5e2295ca2b	aws-kraken2/data/cohort/SRR5935792_2.fastq.gz	mZ0kkkcyAzdBfPRD1Qza386hvg.s0r5J	2026-10-08T04:07:56Z
SRR5935794	1	637658451	2b3e3ff65138300183abd297ede171b1	ecd28ec12d068caaeb2d457fea349653795c5414ea9e40a159245c34192d9c63	aws-kraken2/data/cohort/SRR5935794_1.fastq.gz	vfDl4XfA7z5q1TiXmVkch_DAeel5ILpD	2026-10-08T04:09:19Z
SRR5935794	2	636315681	a50dacbe9c5d3a3c07d8d2de649337a2	9507e501ce1709ef68a8b50d6d03748dd6dd022b54501559d2fe91f137e262ff	aws-kraken2/data/cohort/SRR5935794_2.fastq.gz	_VV0gsX6TdAm60HVcrGJf.jKnF.chB1L	2026-10-08T04:09:13Z
SRR5935800	1	763577151	19493943fcc55778d0b17e76428f8ee8	447566d299c01cc7874a0d6f97f0c908db288cd173b8a5f957fb278c583de005	aws-kraken2/data/cohort/SRR5935800_1.fastq.gz	.Hn03o6OlBSjj7p7ErNbmUUwQC8NrO7u	2026-10-08T04:09:05Z
SRR5935800	2	755049874	f4c5558a0bfdddced56dd8507d209106	aa4650ea3303e2c7ced399e597dbb072d17e1cc90ad30014940604fc5aa3aa37	aws-kraken2/data/cohort/SRR5935800_2.fastq.gz	GjFss8Y13bGfCB46X9OHAshHdKBDmDrv	2026-10-08T04:09:29Z
SRR5935802	1	807109724	f5af63c931443d6708036e22fefd8afc	901e4b2dc3e1407b6834e9b8593d7406c2c21afb95509ac2f0ac531c54d8654c	aws-kraken2/data/cohort/SRR5935802_1.fastq.gz	h7Uqa7ZFgXM8WnW_DeX_oto2YRZuvyKu	2026-10-08T04:10:18Z
SRR5935802	2	804571448	9b6eace69903496da0a7b8788d55d5cd	f1608f444ec4141cc5d27065c2135ba55844ec7260e9b87a438f5f0154fc4e47	aws-kraken2/data/cohort/SRR5935802_2.fastq.gz	h_lIxvwZ27YR_GegANQqO37cXjdVDRlN	2026-10-08T04:10:57Z
SRR5935808	1	743782121	c5527212b6e9b9aa108c36d869b77c75	49a0da09b86b226d8eef43a8f7651a5efaab94d03700df11e6e7a34baf0276e7	aws-kraken2/data/cohort/SRR5935808_1.fastq.gz	0uFAQHT7GU.AAINWKeuyGPmJAvgOPjwE	2026-10-08T04:10:40Z
SRR5935808	2	754217128	a9fe1d40d894506bb218c1e944ac691d	1f1ba9f18cf2e6c1704e31f43b624d13fd2ab7562dc86ab4ce86aa08322e3b03	aws-kraken2/data/cohort/SRR5935808_2.fastq.gz	vg2XWdeVbJexk_MsA71qLrWPpun1UxnS	2026-10-08T04:11:19Z
SRR5935810	1	726749271	2c2c05c044bc12d903d646eb39527eb8	eaac95c40dae01ea8bd81712b2dfeccbcdd3e3284728b4b324f4efe7c1d2bd94	aws-kraken2/data/cohort/SRR5935810_1.fastq.gz	QgxkE4ce4uZ0m4B0ESL3a78DPzl4Ts0W	2026-10-08T04:10:51Z
SRR5935810	2	734644195	16aaee85b8968c64acf5e74bd853917e	ab2c6939e58ba0830c5245c83e89a48eadd2956d397edecee785390e1a574ba1	aws-kraken2/data/cohort/SRR5935810_2.fastq.gz	BSKq5r1m6oRjmSxr4cS9Qr3dg1WF.Clp	2026-10-08T04:11:44Z
SRR5935816	1	594687362	af7e8668eca43a5bef3105c04b353c71	252f8d4d6a313ab52a7471189db3f8f0782ec9310aa202c96e373779e6cc0994	aws-kraken2/data/cohort/SRR5935816_1.fastq.gz	..Q1yEcmyj3FsCql3InDpmca8lrl24Jf	2026-10-08T04:11:55Z
SRR5935816	2	604873582	cd6b97876ad5366ca3ff26d6de522b6e	08a6d59e87ac438c360dea753275f98b14ae6179ed34481d3eca71a945e17ec8	aws-kraken2/data/cohort/SRR5935816_2.fastq.gz	yd2NkjtG_uHOMdQU1f9wfBTv.p2vrHin	2026-10-08T04:11:43Z
SRR5935818	1	423828734	ce65f913dd314bdf98b31830412347e7	d8c51437d1887bb0b797bcfb913602f843726dff0b7eaa24136ab6ec41d245ac	aws-kraken2/data/cohort/SRR5935818_1.fastq.gz	HczbxPFRacd_u5_9pUGE9Ys1hmovOwzm	2026-10-08T04:11:01Z
SRR5935818	2	429412888	882b341c5a16112005b50bc628f5d953	68d2d128b7fa71ef1d603e1391041d0b086f62ec8c02ff57c1c62c28ce308503	aws-kraken2/data/cohort/SRR5935818_2.fastq.gz	uUXKlckXkNwhcXwZzSRJVVH.Qf9jxZqw	2026-10-08T04:11:04Z
SRR5935824	1	427123884	4f5d27f458d41c621a292a65500d4fab	1d6234a8ca861ae23518c52be2073ac6d3ca8628ed0c8551840895e2be1a49aa	aws-kraken2/data/cohort/SRR5935824_1.fastq.gz	qMthEEAAsydoZNVwyXpQpd6_r.SANoNh	2026-10-08T04:10:56Z
SRR5935824	2	419731631	04944127b4a57be9958e7b5eea909311	916010c2df26d47a4b508f6cc208d254fd7e82cb9bf0ef6558de1a37bbd7f0a4	aws-kraken2/data/cohort/SRR5935824_2.fastq.gz	eDWISQ9ZzBDBATdUPrk44J9CCjqFRV2P	2026-10-08T04:11:13Z
SRR5935826	1	418380834	f6756502fe42c09722ff1ee207d37ea0	33252906b0d343ee697bdf5fe6961d9fc5e87e6f5cede7b4cf4494e8f8ec2a64	aws-kraken2/data/cohort/SRR5935826_1.fastq.gz	2v9tj_GcHgSEdETopcagZBSzcJXm76cf	2026-10-08T04:11:59Z
SRR5935826	2	412525815	718587bc1e0ce7f824bea9ade7c56403	8b0c5ef2a2c98b600510b16eb6c530f48fc9777b1d1192061304c7efa4c4a1a7	aws-kraken2/data/cohort/SRR5935826_2.fastq.gz	9d47XaLhB6lZLyCXDhQ42L4CHWoiW..H	2026-10-08T04:12:40Z
SRR5935832	1	315925467	c4b4cfbd2b331ae13a0f42f76180873b	40d25b17d43ac3eaa677cb9b24ca41fdc7b106d054d7462d0abacd3659ae5bc6	aws-kraken2/data/cohort/SRR5935832_1.fastq.gz	4jLJiJO9phKTTRqdX7tELnDUkXvF3zcs	2026-10-08T04:12:01Z
SRR5935832	2	321036429	f26c827754b3a6f9155a48965efa4f33	765c530f3ec078c741a4a89584d11f79127c40dfb24baac278a35163470a743d	aws-kraken2/data/cohort/SRR5935832_2.fastq.gz	U9JAN_rsVd.wggsQtq6urvl4_NNyTADT	2026-10-08T04:12:21Z
SRR5935834	1	607707631	a67c220dcc7b92772764accd8fd78031	0e34703fba5b8e97420a4a248e30585b73eef7157376452c87c4ed1c219da6b4	aws-kraken2/data/cohort/SRR5935834_1.fastq.gz	ZLvz5l.ZHFwEr0faXgDkAYpi6qLdiH_4	2026-10-08T04:13:35Z
SRR5935834	2	611904770	137d579e2ff2acd8e03bb0e5dc7ad533	1bdd34f0cb35989bc7a627d0ab78cd617245c5c5cf47ba4f0d9fbe415d403f6b	aws-kraken2/data/cohort/SRR5935834_2.fastq.gz	PgDcWMjGoQiu84Sx3EZbT084xOEk8V_A	2026-10-08T04:13:40Z
SRR5935840	1	695328479	437d0e144da4d89521f8cd8592c4f0e7	08c543ea9eb4da3d4bbad204fff93c4eca45ae649e5ee18eca19e2f1b28a376e	aws-kraken2/data/cohort/SRR5935840_1.fastq.gz	LnlcbYU7ylTSL6jogkLirnuXbspFuC4X	2026-10-08T04:13:53Z
SRR5935840	2	703068462	e5857f3db76b4acafd0e6092b20efa8f	fb087ed22fe359c9e342725ad4bc76a0f38ccac8a509e88d63960e0e43cffc81	aws-kraken2/data/cohort/SRR5935840_2.fastq.gz	7sLtNU3CgM4vsBoX3zycziJmpe2D7ke.	2026-10-08T04:14:04Z
SRR5935842	1	686565085	ab0470bb6f92e53ae0f87f0d45ee472a	1fd8cdc07bbe6885e181ed07caba30fced4b8990adea0cb4327001a1ddbc01af	aws-kraken2/data/cohort/SRR5935842_1.fastq.gz	.UtsU4110s5bIubBbl1j_PpZJODeBPPY	2026-10-08T04:13:51Z
SRR5935842	2	689210233	6e526c0bee82321063764fb63ffb9bd8	abbe24bfafc0213a818e6e9c17d8950dc57bbf3b4f3a37c2557010b843775fd0	aws-kraken2/data/cohort/SRR5935842_2.fastq.gz	zkaA9mIQLulDp9FowkHZIontn8WsXzvj	2026-10-08T04:14:52Z
SRR5935848	1	876170775	df412697929e97500c296c0e6294115d	3534248ca329e2cc510650018feb71f3718348eda75ba07b1abffd4ae5a902ee	aws-kraken2/data/cohort/SRR5935848_1.fastq.gz	nc3rvUw7ABxXHFk7hc_LE9NuoBgt0ipt	2026-10-08T04:15:05Z
SRR5935848	2	878258185	0d5a036027563af3cb338cda31561263	885b80a82abe2265ad90854e2a93ba67126814f1cb9d7423b384b39a9c1ff82f	aws-kraken2/data/cohort/SRR5935848_2.fastq.gz	UAyxbaHlg_ej5Ot1Jr.78b_KXaLlrcch	2026-10-08T04:16:36Z
SRR5935850	1	540622900	eafadaa26ce3d4acda685d50341364f2	15fc66c395c32a311f1ac4531adb5d598368b823897105ddae55fe86010be5cf	aws-kraken2/data/cohort/SRR5935850_1.fastq.gz	qVajg6zx0o0GrrhClPDBxgJTX.7VG3.7	2026-10-08T04:14:26Z
SRR5935850	2	534734494	ffd19ca52b9705f05f4af48097ce8887	3c2a899bd3fbc2f98fccb096e149e92e1a46637648cfa8417a9d96158d8bc80e	aws-kraken2/data/cohort/SRR5935850_2.fastq.gz	5KHzRa_NbxRLtJiApRJZTfrARRTN9UG7	2026-10-08T04:15:24Z
SRR5935856	1	79079	3ce0c153bd980ef5ece1d400e9d1ccc2	d48508c51502b0a3befb94a9ec81c574552293123c928d7775da4751a1aae92e	aws-kraken2/data/cohort/SRR5935856_1.fastq.gz	fu5SUpn7FRsa.3TikSr7YQ5bTDP.OMBd	2026-10-08T04:12:03Z
SRR5935856	2	78331	da8421d52441e1bc38c402099bc7c4f3	d5712ebe6e2e16f8206b4f090408e82d1f7caac3cccee94afc9f9eee79cebe69	aws-kraken2/data/cohort/SRR5935856_2.fastq.gz	24ivmFQLAPfQjvanc34w2ydU19VCGt.l	2026-10-08T04:12:05Z
SRR5935858	1	528454851	5950cde41ae5cc65f46fccf510d84bb7	a6d0216eb1913a5eea3937b9941bb531aeb771568923c2d043fd7c96607266c3	aws-kraken2/data/cohort/SRR5935858_1.fastq.gz	FKOMmfRY_fx7S_4t09U.5Qfvrlt9tp_t	2026-10-08T04:15:50Z
SRR5935858	2	525968910	fe163b47c05c3fad7ca4527e3a88a200	aac0c6048c204c019326fb21f6869d99e3fc4a534388d2c5a65b47ed4ce791c0	aws-kraken2/data/cohort/SRR5935858_2.fastq.gz	4bx1rvPfNYPSSLvp6s0KDx5IT8dXo75o	2026-10-08T04:15:53Z
SRR5935864	1	340630264	f12fd5a251a620546517ee65bf183fd7	ec277a6eddd3b7aabc58687b9275ff455440ca75646f32334844da9ea5436b17	aws-kraken2/data/cohort/SRR5935864_1.fastq.gz	mO1dlO8REKaajgrQ2yXW8yY7gZwhmkmy	2026-10-08T04:13:28Z
SRR5935864	2	339755738	bde846ab705fbc15e8a5d3d8eb45ce3a	c2ce3eee1d8b76cb6d78220c9af704833f04886393099c93c39b95985244a300	aws-kraken2/data/cohort/SRR5935864_2.fastq.gz	10wWALz59df9jKpB01ukNXY4Me2ebqpG	2026-10-08T04:13:48Z
SRR5935866	1	610303454	3aaa76acbd1276e8d1f602056a7d8a63	01ce7ecaf1e4e0361890088742dd4ef56186975ac3f9025be70a9a644fde6978	aws-kraken2/data/cohort/SRR5935866_1.fastq.gz	Pk.O2Hks4Avd2h4iZJ9rs_I3U8CTNJNT	2026-10-08T04:16:07Z
SRR5935866	2	614908004	56c75df61c905e6e332354c19386d6cd	f666e082d04614909dff419390fc942f517fe7eb54de781d216f3c7612e1621b	aws-kraken2/data/cohort/SRR5935866_2.fastq.gz	RkGALk3bq60L3Jbfs3xibKdQVWpIBB3U	2026-10-08T04:16:39Z
SRR5935872	1	899409195	41aae5ef3a3b4118f946b3067ba2c155	e9d5a5ee1cd046e1398a52e50a8231741798af837668249a215bf3b30fdd5a9c	aws-kraken2/data/cohort/SRR5935872_1.fastq.gz	IvZIKqioh1TjSnw2lte13X61ZW6IJj2H	2026-10-08T04:17:02Z
SRR5935872	2	895693726	4ab009c6b9c9a3f07bb8f8e97d68ab0f	1499dc5acc9c9bb780854befdfaf744f69ea84ff813b3be888f663df3474c109	aws-kraken2/data/cohort/SRR5935872_2.fastq.gz	kQ1rO9AIj7yOCbTxxMteLdBb4yNvvy0N	2026-10-08T04:17:10Z
SRR5935874	1	621142091	2e08749e31ad2e88f482469f7b09f4fa	7f57845127f4738c318278515584117a18a95d5fd80d275cbb99089eb49d61b5	aws-kraken2/data/cohort/SRR5935874_1.fastq.gz	x83bpYY2y9zLHj_LSzXMraV.QKQPv.dL	2026-10-08T04:17:26Z
SRR5935874	2	605588575	c7387eb10e139a90df1a059a15ebc15c	1d750a172b0acb6d373ee9f13caaff6467e29d21f702df3083b4523372d06f0b	aws-kraken2/data/cohort/SRR5935874_2.fastq.gz	wfviMlBjZRMV4DA7janjWTd2e2Hz..zE	2026-10-08T04:17:45Z
SRR5935880	1	569037900	e830a25e29e3f0472236dc223d9449d6	ad4ab0f872b2dbea7f8c4c0ebba4117c4ceaf3718fbfacb872b7623ccd9f173d	aws-kraken2/data/cohort/SRR5935880_1.fastq.gz	2W7dBuDoBYYDw7lssjbvxEDG6tMrO4Si	2026-10-08T04:16:03Z
SRR5935880	2	560628328	0b461e63e29796bae5cb0984a08e605a	89ca16b63eca09c94ff0122785a60061cb2a59ef33d0c6079b6a7c7bda369364	aws-kraken2/data/cohort/SRR5935880_2.fastq.gz	Z8HCy4EkLuQfqH1HfVIDZhZJ2xlZZV5P	2026-10-08T04:16:24Z
SRR5935882	1	650010671	b6575cadb065404b0113a617087d39c6	d65a614fec07f1c0ff9d894533da9c3b3ed7e5be919a7a8a2a108bee8f261f09	aws-kraken2/data/cohort/SRR5935882_1.fastq.gz	sn1iaYYkH3mA2Fov2YcKEKbK38LBgmz_	2026-10-08T04:18:27Z
SRR5935882	2	659011897	7dbf95540cd66c852301f004484308ef	a8e7729e6649acee44ab9d3aa6fb33056c17fd19f195641ef1dc0a9d6252b719	aws-kraken2/data/cohort/SRR5935882_2.fastq.gz	KtsWPnQt_qPMkFfv.v8CcXuahQgAIepM	2026-10-08T04:18:38Z
SRR5935888	1	663682664	b977c802624d2f4ac53c1d739970dee3	2328f805835a47538acf0b302d2e76ea51d01888b5a2fd91a60eb82d2642d47c	aws-kraken2/data/cohort/SRR5935888_1.fastq.gz	DN4_s.b5JUw0eWNoznwb5n62knvqnDUG	2026-10-08T04:17:43Z
SRR5935888	2	662069373	842b2a16ff18db78d547b1187ac4f50e	9548c80d263f015218626c219cfa91b3f32dea21e917ff004c4718f8c66b0be7	aws-kraken2/data/cohort/SRR5935888_2.fastq.gz	MxaZAc0Sm_68WgllQZvw5oOCaAWKvfi8	2026-10-08T04:18:41Z
SRR5935890	1	413004494	6f261ee7ac32a7dfb60c02b172eb56a0	3b43af530248637ee2067eba004785189354d51f627fe2ebcf85f7b57ca16782	aws-kraken2/data/cohort/SRR5935890_1.fastq.gz	hdNlBgO1iqF4W8EZ7SXc61jBxwnL8fkV	2026-10-08T04:17:41Z
SRR5935890	2	403500845	ac49d948ce222869667b6937f6f66c17	19afacd22c36f74bd371fe809b29ce4059bcd1087790c767ec7b832072a7507b	aws-kraken2/data/cohort/SRR5935890_2.fastq.gz	G5Qe4rAJGB5SzVaKUrdr17rfvExqvaGt	2026-10-08T04:18:33Z
SRR5935896	1	591950794	c21291cb0d2c9cadbdda5d8ef5cfd3a6	2704e7d8718f5090e9a71b0ff67b5b653f51ecd792888b66a3b5a2634df2dcfc	aws-kraken2/data/cohort/SRR5935896_1.fastq.gz	dwpukOEDC1XALO5rJ_56P2vPtpHttGQL	2026-10-08T04:18:56Z
SRR5935896	2	591415799	006fb1cad6507b93c6fd4c76c600652a	b4ad8342eb43845bb8b5eb08d4718ef6d193d7f022750054f55daadd2d9cd585	aws-kraken2/data/cohort/SRR5935896_2.fastq.gz	1KOuQ0g1uxXb7TjCkvMk.Ede3P7QUI3W	2026-10-08T04:18:51Z
SRR5935898	1	256904726	3d2d1238b7e1e49a59fffb720837e4a6	119b44bc6588e769c7a4cbd37ccd56c3b71fbac47fc8be3db0f027d98be30622	aws-kraken2/data/cohort/SRR5935898_1.fastq.gz	rrzywKAh.4nQkivbPCR9X7eW.JC69SMY	2026-10-08T04:18:31Z
SRR5935898	2	264021813	5200c267c73afbd55e0f36ed8bbe883a	958c9da1b11c223826e389c5743f35cb7d521aa942107346eaae4f2814c44f53	aws-kraken2/data/cohort/SRR5935898_2.fastq.gz	KbZ9a9ZltlWF.Smr7UA6tTTcnjBYei86	2026-10-08T04:19:06Z
SRR5935904	1	721770448	270cc6df243e4d9a9f0a646cf50c1977	78ab8d91534f104c93c6369d7231a0a4956ed6ea170a5dd089da581bf9fa2a55	aws-kraken2/data/cohort/SRR5935904_1.fastq.gz	LFG0wyFBAglRejDE9y0b5JLvpKMUWnIe	2026-10-08T04:19:44Z
SRR5935904	2	721447770	6928e0e23d364c530c4c889d0e38b4ac	b3d7b34673e38a0fc2f7633b4f13276ea5e6eb49074ca2891af73431a7c7a59f	aws-kraken2/data/cohort/SRR5935904_2.fastq.gz	qeBeUh3sFy_R41624beXkCqhUxTkmURH	2026-10-08T04:20:01Z
SRR5935906	1	478568408	24107b98b0f1da0add794dee7d20ade8	168e20b8440c75f36aa010044921f98daa5b7091b389bb7cf373d949a8c18704	aws-kraken2/data/cohort/SRR5935906_1.fastq.gz	X3O7.74BB3XzJb80expiSVKutJcmgP3i	2026-10-08T04:19:51Z
SRR5935906	2	469574484	000b0fb0e1d90d36e17639d216b42b60	df0e49d3d5ab93f8ae90bc620f9ccc0e7e6b465d0d356d3e87b8640247d999cb	aws-kraken2/data/cohort/SRR5935906_2.fastq.gz	d3rAJR5Rg33n_mNFMGZBG2YS5fdnnw0h	2026-10-08T04:20:37Z
SRR5935912	1	390271307	b5b5061b64acd5b6e5e55a91c1a1b899	ec955da59b865911e39ced11e521244b86b2bd9fa6895cca68064de92967e85d	aws-kraken2/data/cohort/SRR5935912_1.fastq.gz	dkhVvL9ZMRU4RxJ4eG1ijnEZuGYJ6mOg	2026-10-08T04:19:53Z
SRR5935912	2	388428182	9363b4fcd155c6ff0debbc64d8b8aa31	9ad8c2be982c50492e9320ef2469655a6ca268f8b146a2bf700bb11e426b3ac3	aws-kraken2/data/cohort/SRR5935912_2.fastq.gz	Bz6h2Hg8Cv3NujV4xpbihCBq11eOxqoe	2026-10-08T04:20:12Z
SRR5935914	1	587967640	1b42aabea2ea32c0992ccacaddb7e336	098acaa1b63a6ef7942aee6165366ec047f732018d4e922070b3fda1e1bc642b	aws-kraken2/data/cohort/SRR5935914_1.fastq.gz	_aCefVeWY9vDxuAOugmHTaacNcXT7dgi	2026-10-08T04:20:51Z
SRR5935914	2	601060083	76cc2e252ae9be80591a22671f20f04b	909be27c54b9af9e7380d7f4c80dbda28b87fd2707d75afb287636172eb28f2c	aws-kraken2/data/cohort/SRR5935914_2.fastq.gz	NI2x.bYKwm.ms5Xz2.ISYolzxOT8qKwa	2026-10-08T04:20:59Z
SRR5935920	1	477334484	16273c15331f5d078c0cc6c3eb7e37d0	0f1a4560cb0a13ab7825be1b0acaafa36ffcd1d1a15f7ded1371167347e04fc7	aws-kraken2/data/cohort/SRR5935920_1.fastq.gz	uJaY16e9QcFG4v4r6pZ4WEc3qUfF3hmF	2026-10-08T04:20:54Z
SRR5935920	2	473159931	ecefb64f838c241b4db4bc40b315136f	b3037d80723b3656e02bbe5f44e58e495ad914e48f9c6e1a56054768849bfb5e	aws-kraken2/data/cohort/SRR5935920_2.fastq.gz	azD_F55l7Nk7sQHEO7N1s5iEnbeufReg	2026-10-08T04:21:08Z
SRR5935922	1	491277755	57c808536e8df5320a4d27c8cc3da533	b3ad0823032f89c4170ed9ea77ab215a3c9c7daf7113948f036934a5924a8d76	aws-kraken2/data/cohort/SRR5935922_1.fastq.gz	Tnf0CXTto.xLe89et8zRnj1x.PvPUKft	2026-10-08T04:20:43Z
SRR5935922	2	499842506	363b2a3b7bd533cfe00f3c6127bb1ead	1bbe1e57148e0fb56c07ae0ac99cb93fb232eb0b5fa1b0add3baa4414f1f668c	aws-kraken2/data/cohort/SRR5935922_2.fastq.gz	u56vIL6MwedDagp.5B8uWu9cJE77XPqp	2026-10-08T04:21:14Z
SRR5935928	1	707740036	1632ad71a67596a7abcff0699dfe6261	aedc9f652563a8236642bd973e7e15ab8caef3bfecc0e2d6065364f7ad6e913d	aws-kraken2/data/cohort/SRR5935928_1.fastq.gz	Zb.q4o8sRCLo3mANBqNae745f1fn77hA	2026-10-08T04:22:21Z
SRR5935928	2	721212786	1b1b7710702418fc3fe72b711d348fe9	9de4ad126259be6497105f9123d2feb16b76cc4b036048f4ce8932fbfe44169a	aws-kraken2/data/cohort/SRR5935928_2.fastq.gz	JDY.IQRyezDZ2ppScCWkE1xMu3kpYTGo	2026-10-08T04:22:38Z
SRR5935930	1	461507725	a75a4c2dce66c7b96eca5bd421284887	203c4e13f17451135de7fd8cd6af44c346394d3d89539262910fdfc4567925de	aws-kraken2/data/cohort/SRR5935930_1.fastq.gz	_3kA3kF73O.ULloGZ_CKM75FZLkuHm9M	2026-10-08T04:21:51Z
SRR5935930	2	452804838	7b1364870aab971a5f0ab18383d705c3	2e65b6e82cf2ff5f57adfd9dab519dbf3fc52173bed2daafd3825a224bc91566	aws-kraken2/data/cohort/SRR5935930_2.fastq.gz	u2oV9mspgHzUgcIWvV4vhBaddC47MRvL	2026-10-08T04:22:55Z
SRR5935936	1	396050106	fb6eb54894b67aee9372c04eb20b9170	f32d019493aa38d63198844be34c9f8025298f614e03a857922af4c72f55fb77	aws-kraken2/data/cohort/SRR5935936_1.fastq.gz	h71sN8mxnZ3IHZ3BgDjnC4JFcdWkPwAB	2026-10-08T04:21:47Z
SRR5935936	2	395067422	4b5bd256160893851d10e294d160c941	35164d619258a7e00b0e240c6fd081f8547e488df75478f955d404333af7b74d	aws-kraken2/data/cohort/SRR5935936_2.fastq.gz	4jyOTFtBQDBII_IDLGJyfaiKr0Y497Pw	2026-10-08T04:21:45Z
SRR5935938	1	831879600	a04f25e6a5a171f5f27fcb5395f402be	95a5de674f816b96ae5c4113166fe95c17663524fbd069acf4e6d1ec0c257036	aws-kraken2/data/cohort/SRR5935938_1.fastq.gz	JLhVrtZkSlhwzHD9XWtWO2wtUICMZ_dl	2026-10-08T04:23:46Z
SRR5935938	2	836833059	e23d3b64a8110b8c259eddba0f6078a2	89981318ffc54620f7570cc243d61ba24aecee856dbe2d8f91870fd75adea9ac	aws-kraken2/data/cohort/SRR5935938_2.fastq.gz	oRVFcCOe0VFoIvXK5MVWC8nXFZzlFkoe	2026-10-08T04:24:24Z
SRR5935944	1	608200178	d5d3122c803d892cba05332b9b376024	788eeba709391f65da1e1a14dea821004689bdce7021db32674b45a3c7c37a80	aws-kraken2/data/cohort/SRR5935944_1.fastq.gz	Fideyzq3z8MWjUcJa2F16ryrGafbgHTY	2026-10-08T04:23:45Z
SRR5935944	2	619694644	a02ceb54d7b20f68b28344cecb49bd66	717baa7c3f96e010ff9c64a8ce6d8fde8dfedf8af0991a8f58bfffda4cfb60ae	aws-kraken2/data/cohort/SRR5935944_2.fastq.gz	ynnI4aBJaO6QDCTUIOttnx_WE_aBwlxH	2026-10-08T04:24:35Z
SRR5935946	1	633485721	d4799939e62d699c8799032f6fe6b9c1	55a20b5ddc1c3788c965ae0c2516ba87e1083723f696d914bc1eb4b2a7808439	aws-kraken2/data/cohort/SRR5935946_1.fastq.gz	KSovoc_L66irRbKV7cv3WsOmInSAaxJe	2026-10-08T04:23:32Z
SRR5935946	2	632102292	f0c84e40b9c6953bf651bd4caa7265be	5e5a047e6228a9d48e29910ab0d4313350351bf5e071ff4b4786d02b50322dfd	aws-kraken2/data/cohort/SRR5935946_2.fastq.gz	14iTWF.yMF2GladE7gZCmTE4WUEYzPZZ	2026-10-08T04:23:51Z
SRR5935952	1	666824439	7628d9dfd6f6c1202add98a76ae307f4	26b0f5963d7d70c99d775f96fb5e5438de6b45107dd5c84daef85881ae2b5a88	aws-kraken2/data/cohort/SRR5935952_1.fastq.gz	L7dracgkdz9dUdresCC0DZUp73t4GNrc	2026-10-08T04:24:56Z
SRR5935952	2	666228012	206150c380caaded14517da6a5d6d5b9	1c40c53242885e4c510c233ee7807036fda71db07819194d063c193b10af929e	aws-kraken2/data/cohort/SRR5935952_2.fastq.gz	dP9cP399U3FiekxaJaJApGcbMgwfwNIv	2026-10-08T04:24:51Z
SRR5935954	1	458605516	b7290a61b20115eadd2f50993b2ac2d4	ca8837ddb8f3e73b8db28abd658ae11b9d5d3176fe6aa77a1d57124fed3c0af8	aws-kraken2/data/cohort/SRR5935954_1.fastq.gz	KfLZngT2BonFo1CsMEpFgiQKt_XUdQos	2026-10-08T04:23:42Z
SRR5935954	2	458108837	fa9e84904a7e44f8e82d3e4f51bcf02c	58d1afdc2736ff68657491594c32f486284a04346f34d1e9ab9350bc06021a17	aws-kraken2/data/cohort/SRR5935954_2.fastq.gz	tq_1r5SxukAhHtPHUAFw9eohwZARW9Gu	2026-10-08T04:24:56Z
SRR5935960	1	511734096	8f0d822281e1dd3a58aac515fdd9f30f	d24d9b5aab1ad4ba1a00b2ba778a9b44592d66c253547815084e2052425428b0	aws-kraken2/data/cohort/SRR5935960_1.fastq.gz	KYsIviHnBri.5yKHFj7rdAfvhVcrTOs1	2026-10-08T04:24:46Z
SRR5935960	2	507568445	132cb275443ee0c748b1616321e823c7	b61c313f3c9310ad20a9669b0953fb1411e69dc73fb3087117fae42986552d41	aws-kraken2/data/cohort/SRR5935960_2.fastq.gz	t8HmzP5o_vtTnM1R3QO5Pj4iYhPqIdtO	2026-10-08T04:24:48Z
SRR5935962	1	208210161	5bd178455d12d6d9af0bbe6aaa176b29	9ab5b02542f7b2c19880892c2014c5aafb0e015377411e3b9086f4e7af3d8fc7	aws-kraken2/data/cohort/SRR5935962_1.fastq.gz	AzzSCvF31ghePGJQF66FDqsZv6GxFbu1	2026-10-08T04:24:23Z
SRR5935962	2	207463968	f0e0277b9721b74d58109a3c1dede6e0	52533aecd32e00270afc4e0f2193d837198070ce823408bd1189b1c387f3b39d	aws-kraken2/data/cohort/SRR5935962_2.fastq.gz	6j49.dIwMKlP0XQT0YWTrR3uPLZszrUp	2026-10-08T04:24:38Z
SRR5935968	1	686881278	7c1d7d75e6ab5875e334439f245d5f51	b04d873af147a2076977a172eb85b231b7c39ec6179b8be496be5035d195f9ef	aws-kraken2/data/cohort/SRR5935968_1.fastq.gz	lzhPJNOE.kltCtFLWsvmAAes0VAr6QyS	2026-10-08T04:26:37Z
SRR5935968	2	683349297	129a3275fd672de5595207b0a45a5b2d	50deee99ee5d85764d38f8d97432668cfe2fde71f0befbe454aaacbfc79bcb5a	aws-kraken2/data/cohort/SRR5935968_2.fastq.gz	sXAYtygt2ZojoXCL4RHPdo0gV7_GAMVy	2026-10-08T04:27:22Z
SRR5935970	1	618884569	352326466408995d391e7a2a18678754	a3cc572738b3b6abb7b45de83f0addbe3c30f72d147f9a3efab70afa8faf350d	aws-kraken2/data/cohort/SRR5935970_1.fastq.gz	7leO58V78r2T963lcq8s4k.aH5p9BOmM	2026-10-08T04:26:07Z
SRR5935970	2	614104445	a642b046a0dc394875e56bac57772b5e	70aa9bb7e2be751295adc2fc9314f9d1e4464e36c144d97d507e31d616c87c47	aws-kraken2/data/cohort/SRR5935970_2.fastq.gz	e7afxXMLRnkeOMOYxenCFj8dYMqpuwUr	2026-10-08T04:26:22Z
SRR5935976	1	498732862	ae09462755f6e3fae62b4fadd0fe1f26	8dda930d74fa8497682bd9359b3bfd113000886a8b1c35fd2f11b79929c722e5	aws-kraken2/data/cohort/SRR5935976_1.fastq.gz	3kzXZHES8Q4.hg4wOAMqf0p.P8ahMezN	2026-10-08T04:26:53Z
SRR5935976	2	518981777	227d860cb23a198551199e20e5fb68e5	8e82fec7e9129bcc5d02f300672e714a9aa0e52c82785c4ec8463e60d2973c76	aws-kraken2/data/cohort/SRR5935976_2.fastq.gz	tMJNnHUf0bwLAJDdAAEvyUakSUo8ZErk	2026-10-08T04:26:57Z
SRR5935978	1	332772122	eda27ce84cd3614331c2bcfb04ad7597	268e2a606536ae5729befdc8ed6d847e5043f1264eff2ba29d7014259c8c3c60	aws-kraken2/data/cohort/SRR5935978_1.fastq.gz	7BZ9FXU_3bf1KsSEDGmbCpeKC4ze3PqJ	2026-10-08T04:26:52Z
SRR5935978	2	332178610	6b30838f25ea5614cf02dbcc3da81d5f	3f3f3ca4c7de1bbe9dcae41b78fc2e7204c4f7528d0a4b5c09fc63dd3ae7ec51	aws-kraken2/data/cohort/SRR5935978_2.fastq.gz	RwhZSZr5QkIIygHzh9Gs75ukHaXnrjnu	2026-10-08T04:25:49Z
SRR5935984	1	614414995	62c485055bc711fe7886ea8d5410974e	587c4c90c452ceb90b9a727db95c8f814081229dfdb508dc9bbc109bac013a5f	aws-kraken2/data/cohort/SRR5935984_1.fastq.gz	U.8DlnjkWuGKKGHnF3XL7s7abkGBIaUM	2026-10-08T04:27:36Z
SRR5935984	2	614064788	6d591589074e1d1a1bc9439d9015be14	9aca735ad6320707897f833dd895fd76150ddc3862ce19d3ff6f28b9ff69f964	aws-kraken2/data/cohort/SRR5935984_2.fastq.gz	vEg4x3dZG7zwHsrccHpxAXxqk_206PSi	2026-10-08T04:28:17Z
SRR5935986	1	764626853	40ac55e49bd8657cc188f9219d581fe6	0ba70e3c05d99492f69e0ad01fa264fff7045d55a1594a4b1c8eae8a46704948	aws-kraken2/data/cohort/SRR5935986_1.fastq.gz	nhR0hCk6mSgHAMGdcMh86sh9ex2e9ckh	2026-10-08T04:27:38Z
SRR5935986	2	772432192	31e6fa01fb77eca52234588ddc43dbdd	f042886125c90b387fb312058183c10ff3416b52726dd0e0b5b0badd5a748d69	aws-kraken2/data/cohort/SRR5935986_2.fastq.gz	qQu5EJXhgiPwzkQ1JPLPF1w33hSSANZo	2026-10-08T04:27:51Z
SRR5935992	1	348579012	4fcbe2d0fa423e6c54bc36dcaee08f97	7070aa9eefc3416ab96e3c4ce214c7817813fc80abe183f2932bea2a549e0fe2	aws-kraken2/data/cohort/SRR5935992_1.fastq.gz	xr3g3PwUzpEx7GX.PcujGaoeJrzJNpt9	2026-10-08T04:28:05Z
SRR5935992	2	360763356	b7bedbec062fbaacf265b4a50904a496	9af19f3e233a6b930a8d4d62ebfdf58afd15ae90513347cdd59b53718d69109e	aws-kraken2/data/cohort/SRR5935992_2.fastq.gz	YcQClNqxLL4g04z_2k0mlOAxcva2Xxc2	2026-10-08T04:28:20Z
SRR5935994	1	630369503	58c8f8c11f937d82e5be71f0b45376b8	f5032c9cba19a2dfe2b2d4cf70444fe1765029b21e7fa830cd288e036ebf5e16	aws-kraken2/data/cohort/SRR5935994_1.fastq.gz	aU3EVp2fTTnNL384hMK7hT5qXjJbNDLZ	2026-10-08T04:28:58Z
SRR5935994	2	625965137	1cdc9fd6e234d62f9e197829fb9b63f7	0d7f384971a03faea9fc4f0789e8c9777f3b9853cf2d43995a33413fcb1ae729	aws-kraken2/data/cohort/SRR5935994_2.fastq.gz	ox_BkZypfSSlXs8qdZwKez12De_DsPwe	2026-10-08T04:29:03Z
SRR5936000	1	788071901	fa24f68526328a722249955d6bf7447b	1071e1584700e03d0c50a487b7e7ed1dbd328c9e6be6c6209f19303f88439e05	aws-kraken2/data/cohort/SRR5936000_1.fastq.gz	uBAiUh0seZss7vDMvxDJ_wH9jiD8w_jP	2026-10-08T04:30:16Z
SRR5936000	2	788748764	97f223c246486947391957f98949961d	6f9ba4ae3ace4c7bd5f5a2e034f157e7d7e19372533f565d58efd1e1f3b8422e	aws-kraken2/data/cohort/SRR5936000_2.fastq.gz	1vv74vjVCroLOKpxTSxcjBZgzrgEbE_8	2026-10-08T04:31:17Z
SRR5936002	1	370897673	8a782411c7a3be81acec35335ca0eb23	f4ccfedc029588b81760fd2560f84ef072fbc4f41ec0e45d43396e292f0f1d1c	aws-kraken2/data/cohort/SRR5936002_1.fastq.gz	RPA_ghOvGaQ3jd2FObvIEQc26lSoLOcN	2026-10-08T04:28:02Z
SRR5936002	2	366087214	3dea77a83d6583f8d8631f972d7c191c	bcc3f4fa0de3c93260c5f95df639eb64cb57cc948857d2f2c8858b97dcf87cca	aws-kraken2/data/cohort/SRR5936002_2.fastq.gz	cFegja.YsaZpHXarLk8WM2K9kfS7mkT8	2026-10-08T04:28:34Z
SRR5936008	1	541227378	95b81374f5d5701e3e99b9a4479ad4cc	ddf9b7a36c3e3a59d71c3a1415aa101d8a8b4cfa36c9ec60743104683d0eccd1	aws-kraken2/data/cohort/SRR5936008_1.fastq.gz	oQJc_MfsTn4h9wrl..TB4wo400PIEL1D	2026-10-08T04:29:38Z
SRR5936008	2	542931308	fb86152527b3d0b381e4e2235f9bcf25	2653285c3f251061aa2c0f150b1d9d9a43e1e34f1192bc9802c000ffe283821a	aws-kraken2/data/cohort/SRR5936008_2.fastq.gz	f1DZXcIyawHApHxUGubNutNyWwTsBlaW	2026-10-08T04:30:10Z
SRR5936010	1	580607031	2cdb7ab3c1824df5d0b8f8e8759bdf8d	e6cb80155e9ca5b8ef7e8b48af751f687969f2344f6e6071c28e4a6ad71f385a	aws-kraken2/data/cohort/SRR5936010_1.fastq.gz	GoOGsp5eZjczFZjsuPshwTp72QAgroBB	2026-10-08T04:30:07Z
SRR5936010	2	582242706	5fe4416dea4743025d784328bf7f93f5	fddb6a3c09e31275c7fa63189cf260ca3bf18b17c59b5cd04251d89b36691472	aws-kraken2/data/cohort/SRR5936010_2.fastq.gz	FdipSLvMsv3ggHLXavAuCA1zvMGGFrf4	2026-10-08T04:30:22Z
SRR5936016	1	571426810	173c30f76ddd16538b51d8e33849eaf1	837258443fcf9458948f89f414cb8f9b9dd044b5087b588a1eb27eb0253cfb89	aws-kraken2/data/cohort/SRR5936016_1.fastq.gz	RnZ3BEzAw4JQL6m7LqeHTdLx5c8WwtZ8	2026-10-08T04:30:32Z
SRR5936016	2	586132321	1797ed2a6d2cfaf8e8073b60577eae9c	636eb31e0ab75edcb0c900ebb1c367f07f1305e2992152bc6e3fcc4d7f41696b	aws-kraken2/data/cohort/SRR5936016_2.fastq.gz	Wxr4ml3eq8VPWwhfjQqMYCeYN7BNMl67	2026-10-08T04:30:41Z
SRR5936018	1	317847270	c7968adc417bb25e12727f0fdcd8d918	f3cd5f49d0070fc49c680dd3ee6949ecc0e6b27cb13413c1c3bfdea21611f6c5	aws-kraken2/data/cohort/SRR5936018_1.fastq.gz	CoH3yDtllJWCPP5NeFnilua0naCS8gy4	2026-10-08T04:29:20Z
SRR5936018	2	317104308	908a1f45df97e77edff64e23dfa36e93	a54a8b5576e3bb308a61f5dc9eb723f2066a462a80aa7f81ddde172cf243cef3	aws-kraken2/data/cohort/SRR5936018_2.fastq.gz	R2C5InYRjf5TcBfxkKXS89sBRwQw2jDB	2026-10-08T04:29:54Z
SRR5936024	1	776310801	f7979204043cf8d1c909fa69cab8ca2b	0f3b280a71269f246db5d39eb654e619503047c552bd52b44b3f4173f3a01a56	aws-kraken2/data/cohort/SRR5936024_1.fastq.gz	t8gQ_XD9GrEU.Hr1sddJXjHYPFywY3U9	2026-10-08T04:32:35Z
SRR5936024	2	774792840	0979c78abb60547e4de8fb8922261c15	5b60a9962f02917717ca8435c33fd5c8eac0d9ea1ee9c7c87f801b507246fa93	aws-kraken2/data/cohort/SRR5936024_2.fastq.gz	KH_jZA15siX9um96qTHHiNg8_hHewvBe	2026-10-08T04:33:17Z
SRR5936026	1	271858857	c726ecf94bbcfbf10630c37534585335	ebf3a307800d51a11b4e88e909f9c11496c7ef007990ed69e584a9d16f40dc68	aws-kraken2/data/cohort/SRR5936026_1.fastq.gz	Gk9RflnJkeQxfcOup82hqQqAc3M12zSi	2026-10-08T04:30:22Z
SRR5936026	2	273500383	06dbe0c0ec75c1408fbde5cb7c29694b	4de71f5b6e148115afd85de2d3cb394a65c7384b70d87991333b457c38aee6a1	aws-kraken2/data/cohort/SRR5936026_2.fastq.gz	M8g3DroZW9ycfM20bVDY3_ifadR3sGpP	2026-10-08T04:30:13Z
SRR5936032	1	116947403	443d2fb02d8f83326659f2afc10a3931	955124bb7abac3ee106d2dcf14ffe24dc0f7736d140bac9780bc9d0f0068d76e	aws-kraken2/data/cohort/SRR5936032_1.fastq.gz	2mQ3TeOemTE.BV2nCfyTLkEt0C9fe0_i	2026-10-08T04:30:53Z
SRR5936032	2	115644106	aabe820dd821e728060b0e288d88bdb8	c33ce8e1d5f61fee7d023f1a6f6f8949a72736eb7bd1bcbf7d1dc3652a449cd1	aws-kraken2/data/cohort/SRR5936032_2.fastq.gz	v.pAdWgeH7dmfWAQJ7rCsJfK4iBvGNm2	2026-10-08T04:31:05Z
SRR5936034	1	598287551	47e094a86335c9433ab70498b6865feb	07ee0e7b0be2a2663bdecf50b9889472569345df44677b4834c064b73771992c	aws-kraken2/data/cohort/SRR5936034_1.fastq.gz	QnIAE73G3fNe5ccaKYB9x11eCW_7SI3N	2026-10-08T04:31:48Z
SRR5936034	2	598491995	b18e577dc8e291d2dbd4955560cba714	3289d8816be719278f2417fb06e153d999d9ca81e70e081b21cd087391bf20f0	aws-kraken2/data/cohort/SRR5936034_2.fastq.gz	TZUY3S8M.69VL4pggmMwlyqfkB9uoefn	2026-10-08T04:32:25Z
SRR5936040	1	541414571	d89427a96a1335d27c202e586810ce29	6d0b272cf6f051f4b930ab295a9baac79fc2003f4ae9c9e16411736a48b5bc2d	aws-kraken2/data/cohort/SRR5936040_1.fastq.gz	DlhR0tUweflChItfaNGpCYR_z5AURceZ	2026-10-08T04:32:45Z
SRR5936040	2	541511239	235b91475c4ca119cc3198acb6f56d18	cbfe38735b0834cee8fbd9d9d77af8e4c0cb4b9bd2e8acfb28937935f6882ff8	aws-kraken2/data/cohort/SRR5936040_2.fastq.gz	Fy8avErRT4hi.CK5QUkeSynpiRNJyKJZ	2026-10-08T04:33:40Z
SRR5936042	1	165875534	ef52876a4bcc573c8a4f5ac27ee19d91	36fb5310058d08b62caf61ea0b376ff0324806ab75f78c5ac2aafc44ffd77c42	aws-kraken2/data/cohort/SRR5936042_1.fastq.gz	0vRtn3ROQ6t0ztmBHj0pNee15fL0jyN8	2026-10-08T04:30:56Z
SRR5936042	2	164825388	0c6fe0d196ccbaeaba6e4f9953bc4706	22ed97a57adfca0d409c1b6411b33f55302074c8bdc298c705497ea37b0d455e	aws-kraken2/data/cohort/SRR5936042_2.fastq.gz	4p2CoBwtqUY4q3MhzahSg9Oo4ktCwuyl	2026-10-08T04:30:57Z
SRR5936048	1	365315079	9d1895d496a04e370fc38922b82b7b96	cd6f0c768ce6ba599fd3070ca9545ba782e217067233b93611e6a1c2817076ea	aws-kraken2/data/cohort/SRR5936048_1.fastq.gz	3bTuvgGi8rIsYrR8wgBLvPWwf4B0rnYS	2026-10-08T04:32:41Z
SRR5936048	2	359941126	62f19a46b8a6736069b2cbd2a4ce3829	84313aa5bf7306dc086304caffb64b96b1e0f30e7e93bad91a647da4aa3f9517	aws-kraken2/data/cohort/SRR5936048_2.fastq.gz	zXGCKYq7WmUHoUv_vyeFVOmmEkAgfufR	2026-10-08T04:32:40Z
SRR5936050	1	623472407	5e3959e77393cb399f2501a16e8b4cd6	f388226014a85a4efed7cdc95cd90c630dbbb60679d2e1d7095f264269101cc8	aws-kraken2/data/cohort/SRR5936050_1.fastq.gz	AyVchRx20FJYl3DRt80t9skvLhJvHPMF	2026-10-08T04:32:56Z
SRR5936050	2	626211946	21225fcc7f44709139c415ef4f80e839	a04f629d8a31b8f90d9e0ad1b97a23c7f44eee2dba0a73601dc6521395be0a6c	aws-kraken2/data/cohort/SRR5936050_2.fastq.gz	qx5ESi7HfYha7Oq4YySw4FwzWuSjIq9C	2026-10-08T04:33:06Z
SRR5936056	1	716561963	ffa8c8fdad534662e7178325fecc68bf	eaffba94fdc7be9911bca0434495755b1470420286068680d639b125cc10418a	aws-kraken2/data/cohort/SRR5936056_1.fastq.gz	hEa6Fd7BH4cywvzoM6YQU3Qho8AV19NC	2026-10-08T04:35:36Z
SRR5936056	2	716319132	bcc5411871f250d2e785e216cc9f99ae	13c9295c730643d3e175b10507e2b6057a0902470d31f8a366c6a79959d723d9	aws-kraken2/data/cohort/SRR5936056_2.fastq.gz	bGv2XqctCsGlgW6C7.zSt6RaCyhLjU2y	2026-10-08T04:35:30Z
SRR5936058	1	501916407	037f19d6d27f9e52ed7e5e1deb160d04	97ca19eed4ffcf8bba01b55ed209d2764f384f1785395d5f3c4420ec6a05196b	aws-kraken2/data/cohort/SRR5936058_1.fastq.gz	iooXyHhPOtiH_PbMdvrRdeJuXprSxeCg	2026-10-08T04:33:05Z
SRR5936058	2	498054672	856d379c502651c23903c0f932b36feb	8cda55ea509047931ab18069297ac772d1b51afc7dd37218a98bfdc317218372	aws-kraken2/data/cohort/SRR5936058_2.fastq.gz	jaWnifKiZA1QpvRe5AKcsvAmnVd5btFv	2026-10-08T04:33:00Z
SRR5936064	1	250738939	50ec7b2639d50b61b2d879a9b31dc85a	49d916e579e6dea88b54e019a2429262d90d9fa23441e59e78ae808728a331d3	aws-kraken2/data/cohort/SRR5936064_1.fastq.gz	lmnGS4OB4S5nPXZRDuhaw7u_bF_ZtiFX	2026-10-08T04:33:50Z
SRR5936064	2	249460745	fdae0bc0ca4e5b9c5c15b1def9948bd2	2685bad7f2c6847a17014f621ebe6057d5dc96abebc03a31815c75a49a16c9f9	aws-kraken2/data/cohort/SRR5936064_2.fastq.gz	KUpq3xT2j4VNqTQw38YVkqULM49eXPAZ	2026-10-08T04:33:45Z
SRR5936066	1	683668984	00ff407603f5802f9f3c25c5bc417856	bb4c4acd49fff2e0f1492b7b84c37b1ae6cd4cad840c029df625dcfa56e72a18	aws-kraken2/data/cohort/SRR5936066_1.fastq.gz	1FR4W3r84II2S8hLW9AS_4o1mUNpn7L3	2026-10-08T04:34:31Z
SRR5936066	2	679855554	e26a053daaaa63d19f583ccf1611310a	57e80a0003a2992b8ddbaac1ebf2e3fc08da68cbe6e681094415295e4b5c00a8	aws-kraken2/data/cohort/SRR5936066_2.fastq.gz	tNPaWjJukvztTB5OysxixSi1j1PqIACP	2026-10-08T04:35:11Z
SRR5936072	1	694845626	b3a3f63a2e6df72282d92ee9027e260b	07d2ca77e9b206087db425d2176aabbd5eea28b7873edf1ca68921378b42fe04	aws-kraken2/data/cohort/SRR5936072_1.fastq.gz	p44R4dM__OfjKKMaymOOH5A2fH5QOrvB	2026-10-08T04:36:14Z
SRR5936072	2	700009150	f7bfc3d174e9eccc528da0ff643fa9f7	3782858ad42f337a98937dd2bebd572f57374538ddcca8f5345eb17c2039501f	aws-kraken2/data/cohort/SRR5936072_2.fastq.gz	mPpJZSl9y4STTVHRhTVZ8NyYAS.aXeyx	2026-10-08T04:36:40Z
SRR5936074	1	515990771	352e6a91a9417a0484677c5c60b4ffac	2a14ac11781dbe1143c6e7e0f43252c118564ded489018e97dde083471fa8262	aws-kraken2/data/cohort/SRR5936074_1.fastq.gz	k24r48zN2FRZN1Fib9PSuB_0zQQCQ3PS	2026-10-08T04:35:01Z
SRR5936074	2	510774224	0e06e8d130b06218dadb603581e9f9dc	3bdc115ba7c73bef91a7e01a8987ebb3e4cd9896feab64ae5fbba40cc26b9bc3	aws-kraken2/data/cohort/SRR5936074_2.fastq.gz	eKCY16s9zZTREetcC6W5.l38SxEni.NY	2026-10-08T04:34:52Z
SRR5936080	1	531184944	72fa64a4dd57d0ceb518cca46e348585	243d4863d0b67c543e9b9004ca96b2678efcb433335f7c46757625972b50e2d7	aws-kraken2/data/cohort/SRR5936080_1.fastq.gz	_4pmJ7HEvvL56xm1cSNZTe7Wc1dIR6Dn	2026-10-08T04:35:50Z
SRR5936080	2	524563182	a404e879d6c95022c3b58fcca0c2351c	90a197f82650076c14d975e687f2298fd49a79197957b1b1918e13661206538a	aws-kraken2/data/cohort/SRR5936080_2.fastq.gz	ZchPjjnSlTl9rF9tHjEJxoiQfZSJK4iM	2026-10-08T04:35:57Z
SRR5936082	1	367012515	c5af1d94ab5b2b592b33439788a8ac4a	e189e4d9c11459a79ef458c4a16c2cfe49f38c748f613616c298f06e1b26128b	aws-kraken2/data/cohort/SRR5936082_1.fastq.gz	W7X.DBi6VBqjtoKx79zX8lmiXG4jsBAC	2026-10-08T04:35:12Z
SRR5936082	2	372354156	6d3952166f17a6eb3be5ae22e975f417	57920ba3176844426f4692557bb4d764f6b3ea7d982cd6ecf5c844a6dbabaf5e	aws-kraken2/data/cohort/SRR5936082_2.fastq.gz	G6H2SAfsLWnljKHOb5nvJ2jJkC5Jxu7B	2026-10-08T04:34:47Z
SRR5936088	1	419154603	4cca5a7800213f05dcb5bedb926edb80	13f9ffebc63fb2b85cf8361c574d3e4977a5c7df40591591804f1bbb668234d6	aws-kraken2/data/cohort/SRR5936088_1.fastq.gz	cdqIwrufxT7_RkILnjlu.4jeLogF.hbl	2026-10-08T04:37:10Z
SRR5936088	2	424183757	d8bcc07c16f615bdb12fff207af8be1b	e1d209de2373cead7698d5d9df6fb76e8e4cf24753cde4a8a913785ffc665059	aws-kraken2/data/cohort/SRR5936088_2.fastq.gz	Brmqwch950W_xTSwHdS529sbCLxi.a7N	2026-10-08T04:37:14Z
SRR5936090	1	513088160	03223cf40c43a04e3bd712ee4b41d8e1	812ba7c532ab460ad8b6ba7d394ee9214a64980fa938b64f69352fbb9d1f627a	aws-kraken2/data/cohort/SRR5936090_1.fastq.gz	jFK2wEtj9UdBnZc2c961ey6MvKQS_bAi	2026-10-08T04:36:31Z
SRR5936090	2	521792315	8630de1643ae919da32ed28e0f3b71fe	c172d036ca7a027c8563ae987baea7d4573a3c107cb3ca4904ad2f4daec255eb	aws-kraken2/data/cohort/SRR5936090_2.fastq.gz	3e2.gnOeFiF1Iv0eC3PDnsj2rrrYPuDg	2026-10-08T04:36:55Z
SRR5936096	1	45444330	a37262c3fe9b0bca5c4ff6aa77aa2ef1	2fee45ad4e96e8c6b4bd9c9daed5cf294c039ee8b9cdc5c7885563633520bbf9	aws-kraken2/data/cohort/SRR5936096_1.fastq.gz	I.XSSJZpZO_oG..RNch3v7dNX5D_9mns	2026-10-08T04:36:18Z
SRR5936096	2	46594667	15e9e68cbfe98f37e89b722be0f504cf	f4f9583af65b1159002ef1d976e901f79e279c568a0f045708eb2bc5a6d082df	aws-kraken2/data/cohort/SRR5936096_2.fastq.gz	LtO2b56i.Cv8eP77dJLSM8DXMyD9Ums9	2026-10-08T04:36:19Z
SRR5936098	1	1067982797	a617de5b985a929fe7d4e638a4e5d77b	79db1f6aa97e9bc75ea06a5f209f24a5b47a19042efb264c4cecc8f85bcf73c3	aws-kraken2/data/cohort/SRR5936098_1.fastq.gz	ygMQ5wPYeEwRY4.ns2CsMFfKgP3FUnTu	2026-10-08T04:39:10Z
SRR5936098	2	1059054172	3a12eceb8cb117caa44ea077c8038a69	2136cfb129254ecbbfa4124c988c973b80d3ce57ebc44de119ad294bc0829036	aws-kraken2/data/cohort/SRR5936098_2.fastq.gz	z3yGDnjpUwZJZlQLwPNxlzHnuGPrZV9t	2026-10-08T04:39:23Z
SRR5936104	1	904479312	62d048bfe685687d13110b39945c16bd	5e72fe220efabdc06b14a0814d37fd982bd6ddc08877def3d27ffecfbbc8fd20	aws-kraken2/data/cohort/SRR5936104_1.fastq.gz	91XlfgKQ8wUyxHLQczU8kP69_zAX5IQv	2026-10-08T04:40:00Z
SRR5936104	2	892401461	733ad0444e7e59b8c0bf0b437453d7d9	31a8a72b73eb29da9de11418c8f4e7f09c0687e50c8a9f0b133a8bfba04fc446	aws-kraken2/data/cohort/SRR5936104_2.fastq.gz	QcF_inu9estbYfeRhimdbMp4CV30bvlc	2026-10-08T04:40:16Z
SRR5936106	1	603495607	b7707b70ab0068d3abb523f194bc74e1	96aab1a7be7ad3efd750c8dc0637183ac08a231b179be7781f1fdd422bdb7068	aws-kraken2/data/cohort/SRR5936106_1.fastq.gz	oZjjQdncXfO9jhHZ7z9ZV8OhEK3mgboF	2026-10-08T04:37:39Z
SRR5936106	2	604605668	a34c624fe4f8810a95d143e1ed4467d5	9ca31d56f66274f535ce4b16e3ef4806f79b1b0426ac16353562f6595fb774ca	aws-kraken2/data/cohort/SRR5936106_2.fastq.gz	IdvkS.pjQ3OckrjjP7pydIk5oQm67GCG	2026-10-08T04:37:31Z
SRR5936112	1	655587232	216dfb0aa3503a6004c49612efbcc89d	7dd952dae7207001850a37823016c982b5d1b55f0a7c686652dfc961d8a05cc8	aws-kraken2/data/cohort/SRR5936112_1.fastq.gz	CaAiYcByp.z03GU4saKDTlpdq.kggeJ5	2026-10-08T04:38:45Z
SRR5936112	2	669235633	4b645a14dd4ce69be4bd9f1952113c0d	bd1765dfaa02ac2789ad356f15a0f92175b702d150ac0c191d193d9dad2d6100	aws-kraken2/data/cohort/SRR5936112_2.fastq.gz	lNkofHRF16EyzEM6GJ91eY02s7lOnhBr	2026-10-08T04:39:08Z
SRR5936114	1	940379164	c960445175398b86bfb8472ecdee6952	2d8f51def8b102969afc7ff921ff55d7a2e5763241f3d2db9d01ed5f78a7c38f	aws-kraken2/data/cohort/SRR5936114_1.fastq.gz	uE3AB_0sfWkKJqJWrojS2vKzNvYFl0Ur	2026-10-08T04:41:00Z
SRR5936114	2	943158348	ef30b80d515650e902fd3902a7d80405	9a43b9d592a591e30133fa8d90543d50a1217b63a19d684e8dd6626048a9bb6e	aws-kraken2/data/cohort/SRR5936114_2.fastq.gz	bLCY4i3l6zK_waBi9UVQFrsblryXj2_w	2026-10-08T04:40:47Z
SRR5936120	1	672331130	1dc2a39f0335e4201546ad5fc5d55c23	bd2974378d78d8ab24dd5f1d180a6662d93482745706a21988e9689a8e1582b3	aws-kraken2/data/cohort/SRR5936120_1.fastq.gz	UvGco15sAsW3sqTa8nghMIRlGSQcd2v3	2026-10-08T04:39:41Z
SRR5936120	2	677082258	6d88f2e765cce351b5ceb725fa27567b	50630446e90880ac5fd08d679e493fec1057574b42107e75d84d108b8ef1e4bc	aws-kraken2/data/cohort/SRR5936120_2.fastq.gz	GQ4jPXhCa2b7WFBQZkOWhLu_7aatZ7_0	2026-10-08T04:40:18Z
SRR5936122	1	276678117	af7a007abb6aee24a7647f7af0bea1d3	7ddd1d60789fa01a71401606aa0b22940179c0596c317f7ea923da31a4539eb9	aws-kraken2/data/cohort/SRR5936122_1.fastq.gz	FeTl2ifVov_OyfpdWH6g3aW8SlDaU.9e	2026-10-08T04:38:37Z
SRR5936122	2	274571770	4a1b9585d01dea0b64326a42f93965c6	122d3db523045acb93da68b3503d613e91243bc373d3e3d62bfd36fbe386b1a7	aws-kraken2/data/cohort/SRR5936122_2.fastq.gz	OQ8jz1y8ntg1hDPXujFJRNBUOI1KLmCT	2026-10-08T04:40:06Z
SRR5936128	1	329651087	3793b6a9b40a4b682ade48ba21d48042	2b36641d61f0f25480f0de69b152498a2377bae953e12bd70615d586fa751921	aws-kraken2/data/cohort/SRR5936128_1.fastq.gz	W7utQjCym3m6MwdKyKWEBBPad7kO3xJB	2026-10-08T04:40:21Z
SRR5936128	2	330599775	f3a243615c353243be166c4174eb7632	67a828e714a5a4c3f75a5c731d326e2cb73d06b4be4fa0489189c476efdb2037	aws-kraken2/data/cohort/SRR5936128_2.fastq.gz	Ve48FnGuBCH_AdQKam2iOJaLu.pTab3U	2026-10-08T04:40:37Z
SRR5936130	1	428059353	de47acd1cf68127a714f9a48699c81ab	da1d9be2e137cc3e2a16e894e699c13d3d11078d9f4367f50e031c83c9b1676a	aws-kraken2/data/cohort/SRR5936130_1.fastq.gz	MF_UkAA2qwc6Lv.B0TzjW.nktOagJh58	2026-10-08T04:40:24Z
SRR5936130	2	426944932	d25fc38c10567351591f7c0f1677e5aa	ff170da2d14ffd12d7b4014a15669f64b076c05ceef8fc18637e32286990d2db	aws-kraken2/data/cohort/SRR5936130_2.fastq.gz	oHyqF9NAVk9ZLw9cJSWlkFrjKSlV6xWT	2026-10-08T04:41:08Z
SRR5936136	1	88665439	ebe2cb288b9cd4480f6a8d2810483f0d	cfe3d87835f5eb74e729742cbf0cdd836b8d585cb31efc09898c6b4331be1373	aws-kraken2/data/cohort/SRR5936136_1.fastq.gz	wwcU.iraGeV3br9OmO1xssBj1oNswAPP	2026-10-08T04:40:12Z
SRR5936136	2	88960083	906131636a289441303179b57849a92d	484fc3f1ea22eaf878963d0b0ee3132c3f9b725fbe3ba200ab5e62868969d65b	aws-kraken2/data/cohort/SRR5936136_2.fastq.gz	l7ndZ.TUpYh4_5j0h3FmPSLFA8O6_DFK	2026-10-08T04:40:28Z
SRR5936138	1	324294883	20ddefd2cd82d9f7ee2581a46c0bb9a8	a81f0fa43dbe0a031a313cd65251139e109e8f68195699a08fcf619eccf5ea13	aws-kraken2/data/cohort/SRR5936138_1.fastq.gz	EZSwsGp32dryvjyBw8vGmGUmi2jhPPFl	2026-10-08T04:41:05Z
SRR5936138	2	323532942	7a2fe05de2401a41900cba7a578e1167	c3c3986312cbe5ac52f53e1cefdef0d79a55d0304a7429d1f9e89fd1b5269b0c	aws-kraken2/data/cohort/SRR5936138_2.fastq.gz	SMQ2.fy1_F8L7WBNQyb4aSIclXW6BJr9	2026-10-08T04:41:24Z
SRR5936144	1	133788487	e587ff6f3652d67968a5735f4423a656	fa9b22bf063750cbf8f2ad73767ec1e44f6b52874c88345f4095593cf18fa08d	aws-kraken2/data/cohort/SRR5936144_1.fastq.gz	qawyHQEpsVaAQFsoliT3Gvv5jiOuCret	2026-10-08T04:40:47Z
SRR5936144	2	134374566	bef989181cb8b8349c4b7a21eba6ca59	9f9741ce67779db29aa84a901f72577f90bdc52e67d89d92b857beb5a7af743f	aws-kraken2/data/cohort/SRR5936144_2.fastq.gz	qWnBIHFpu6OPbYy9KnwKL5yCCdUsSf8P	2026-10-08T04:41:17Z
SRR5936146	1	654125595	97297954ff48922a3fb9ae7944f8869a	5d5a4a7864f52ad8fde12392fef7f1e3db5d6bb242b5fe5fd09f12d7ca98774c	aws-kraken2/data/cohort/SRR5936146_1.fastq.gz	WnUVQ9AGtqz6UOz5kGhBP07wOL5X7Atn	2026-10-08T04:43:00Z
SRR5936146	2	655643865	e6d08ba1f0e3caa841d55dd609266c52	9060fde6dc5d72491c28c0e61d8dcab347bced2d18dec656750d01d8a52f9f09	aws-kraken2/data/cohort/SRR5936146_2.fastq.gz	Bt41zfl5eCqDa4ea.UrfyxDVzVnONFY3	2026-10-08T04:43:42Z
SRR5936152	1	713292566	14e87165bf9963b84cef3cd6765c0601	ad873730c892c8256ce51201db403f89d0280173a90c50d819b6f1b8954cf048	aws-kraken2/data/cohort/SRR5936152_1.fastq.gz	7hZ2N8dGSqhwNVxUXjan_V3udXtiZcWc	2026-10-08T04:43:10Z
SRR5936152	2	700352581	dd558bd0b4e69a99f6dadf097edde5e7	377400064438973d724a2f2c636449c82f5c64eb1922bd7df417f44671df9e49	aws-kraken2/data/cohort/SRR5936152_2.fastq.gz	VXArPJFhVotcUvtyAjcC0NDxkQ3_EFtj	2026-10-08T04:43:17Z
SRR5936154	1	367866810	ec91a664a65dfd4496978b27a1e7e8c8	8abea58f2c535e9157519e21a65695135c38b12b87c8e86d853c71bb4ffd385b	aws-kraken2/data/cohort/SRR5936154_1.fastq.gz	kuAj6UsVDgHQXfzi5CSVlVaaDBoqcLGZ	2026-10-08T04:42:40Z
SRR5936154	2	369127382	6ca617e9791f352be09d1c230bf12d5a	d3d679a79bf04048f0e38ddc497c8ea3e5923bec8e0ece0b49f1feacaf479fd2	aws-kraken2/data/cohort/SRR5936154_2.fastq.gz	fb27LC89xh.BxQWpTQBUP_AA.6NrvGUY	2026-10-08T04:42:48Z
SRR5936160	1	594446456	eeabde3520c1a96576c6341faf8c939c	1c78e967d8c2a6efd20c3009f4c33fc4e844d2507346ff0f05e284bda26846e9	aws-kraken2/data/cohort/SRR5936160_1.fastq.gz	T8TEF8_y_imNbSX1TKzAE9l7zOiyjlu_	2026-10-08T04:42:56Z
SRR5936160	2	600596452	896c39292adaa1a4ad93acaa895710d7	dcec285cdd01cdff4f8d57d2bb326b9ece1105b7b2c9cf98e8a5c83f2015680e	aws-kraken2/data/cohort/SRR5936160_2.fastq.gz	tNQoEVKeiM3zmkqqrkrqjIPRNbPtKSWb	2026-10-08T04:43:05Z
SRR5936162	1	464167711	03568551b23662021d43586f770b542e	43c40c9901f14b6a7dbafee17f435e7096d16bd3e01c8c0b6f299c6d142ba84b	aws-kraken2/data/cohort/SRR5936162_1.fastq.gz	9atmPZ0zAKFTdP.0QNsHoKOr6dPNA4HS	2026-10-08T04:43:03Z
SRR5936162	2	461984855	1fec55d4a27eb02d68c0a0a2d4c4f16f	e02c8c707091f89277c4ce688227f8f7f09ff0ca0674f76837db3a0fc66aeb5b	aws-kraken2/data/cohort/SRR5936162_2.fastq.gz	ekCli5otovEW8z0WbA4TwAHxcwTpCVis	2026-10-08T04:43:16Z
SRR5936168	1	552363395	d1872f7cd7c8c23391bbf79da0d2d676	c13f5638e01c4100da5aa81c362145c27cc8649124b23a6cf7a2044c7f2b8a6c	aws-kraken2/data/cohort/SRR5936168_1.fastq.gz	IoQF1bKPMk8dSMKTI3kxC1oh7UDHAWsr	2026-10-08T04:43:02Z
SRR5936168	2	553610877	44b5bd2a8cdb952f22e10bfc91618753	b88f3ca86145065f26800204c8aab5952aa939b92c5cd0ed43b735223f9ca08f	aws-kraken2/data/cohort/SRR5936168_2.fastq.gz	GBpicHE9ATXqL3jTOTDIB8FJyEBYJ21X	2026-10-08T04:43:28Z
SRR5936170	1	651146195	d57abb5715bebe2aceeb5fb71d8c3fb3	40b73cdfbea56580a2aa1ec8cdae0f2b21630e7df8c344a8912208ffcd599ca3	aws-kraken2/data/cohort/SRR5936170_1.fastq.gz	sxQ8zPQKhXWunhgMRQnsU66WZh3qy9ax	2026-10-08T04:45:06Z
SRR5936170	2	649386967	5e7fafde36a9f5f3f629d94ed37f62cd	658c52f2c9486e2dfefe23e3f3bf76699a3a3daf7932a7f589bbc71aeb62fc82	aws-kraken2/data/cohort/SRR5936170_2.fastq.gz	_LYUuhKxEpWaN45o1NqJ__wzd2iegQUf	2026-10-08T04:45:38Z
SRR5936176	1	624038067	d4d413cd014c8a3e4c8c7ab3380d4402	d18a71ec52f4938bb875aabcbe0409f1e4557d8234077f30e24c7fb374112ab5	aws-kraken2/data/cohort/SRR5936176_1.fastq.gz	Pc6zLkRD3Fg3huWBV.nT2frV0w8CdK9I	2026-10-08T04:45:52Z
SRR5936176	2	631477315	6cbf76334a5815e665e7c648865fff85	d5482444c1eda546f341818cbb6b4dd8b6c1aaa5fedbeab9cd245d41ebf330ba	aws-kraken2/data/cohort/SRR5936176_2.fastq.gz	X.quehkW8pd2oJVXwv.MAO5iqlqn0FXw	2026-10-08T04:45:41Z
SRR5936178	1	461977638	14350aefae5ff82f554c6d0985b55be7	817a1e2a74864b203e438be8247c4a0251e6b0e24b75d97eb81f58ef5a65b132	aws-kraken2/data/cohort/SRR5936178_1.fastq.gz	wQ7rF8tPdJp0T9hoRj365g7H_00JR9Np	2026-10-08T04:45:08Z
SRR5936178	2	465714539	7e1f09a2f29d80ed5de2504c1fea2893	2bd15302cd62412f0dd3667b9c2a40034b2ed83a27d674376bf1c54f5bc8b7b6	aws-kraken2/data/cohort/SRR5936178_2.fastq.gz	SBX9W8XYVejlhMIHJa2RRKPeM8418ld4	2026-10-08T04:44:58Z
SRR5936184	1	243491260	a208c8ce6ea5208849246fbae32b7bfa	7c16984b847fad308e3cf056bc2765d983ee25a3550d0e807fbba30c106d1747	aws-kraken2/data/cohort/SRR5936184_1.fastq.gz	ne3n_tx5Ch8vABxdQ8zkj6DibKTw7FwW	2026-10-08T04:44:00Z
SRR5936184	2	240856590	851237342e112bb1688fbf2c0b4588bf	c5ebf4f53c3eef466c20f36cfd00c5330ea6959a168d7ed560c812ca2d680c0a	aws-kraken2/data/cohort/SRR5936184_2.fastq.gz	YnoPCMcUbfftntH2DfZCiXnu6dYjKfS.	2026-10-08T04:44:18Z
SRR5936186	1	553286065	a602343abe7f859b0917c814e034f1cd	c53e5ce3967e0f8b49188c3f32465d90c0bec786b533c75c6300b0e073461f1e	aws-kraken2/data/cohort/SRR5936186_1.fastq.gz	01s.HSj4b7k768vbXlwVHuaPyyw1cDxA	2026-10-08T04:45:41Z
SRR5936186	2	566784715	ef8d9bcdde70bbab10cbeba964dfb6ed	2e3496e947e07a5590b3531f597cf4f4f0005caab38cba7f2ba4515084453518	aws-kraken2/data/cohort/SRR5936186_2.fastq.gz	HQu3jan644_PaP5oxhn99iqpiM13b8c8	2026-10-08T04:46:01Z
SRR5936192	1	904423577	17b3f84658ca88630aa4db9236fe3833	3e3266fdcb85720e3de1b13d77467ba11771cc0193da083e8b7f23bcbba0540a	aws-kraken2/data/cohort/SRR5936192_1.fastq.gz	VtbW1EXosrouMiqiLavaAmOFA_afnl.v	2026-10-08T04:47:05Z
SRR5936192	2	900630203	b8859be5405e7f07ed1a064aa5f0553f	e12d7d8634ac0f5b900933b1543db8c72fb51660c916796198dd0b39ce558e1c	aws-kraken2/data/cohort/SRR5936192_2.fastq.gz	uuaCl2vlhnTj08SrN7CC6TrmTeH_JRrY	2026-10-08T04:47:23Z
SRR5936194	1	492619526	1dedce75c62bf46acb16efaf2e4ca054	9ed89a8b3b906161cc2a82f4a24af3f925dc1cbf10b39cd6090b289cebb3908d	aws-kraken2/data/cohort/SRR5936194_1.fastq.gz	.4Hbh1nZhOagCZ0J4mV7q1rlO54d7sjg	2026-10-08T04:47:17Z
SRR5936194	2	494993749	b2eec54f1646e9fc746c8657c448d153	4d040bb6ef1bae8e294f0612041e991270989ec0527692b271a0596b3498d4c3	aws-kraken2/data/cohort/SRR5936194_2.fastq.gz	vSkMBfNR1a6m2cL6epLyKvC8tQoh9dar	2026-10-08T04:47:20Z
SRR5936200	1	420061316	47071f6da81b6a7961db36cd10ffe820	40e09d2f39a583b2686b91032b01c27cedfbf5e88d41d45fd73943da64835e49	aws-kraken2/data/cohort/SRR5936200_1.fastq.gz	qb5SrOdg9NigGRpeZ1ShQKqWLbOXrw0M	2026-10-08T04:45:43Z
SRR5936200	2	426523123	35b1326a75d57944a6b8f81654a2b7ad	a9906ed51a545edf894c2d0daa42d91cc6d82a8d5a670d5eeb4f8d868404689c	aws-kraken2/data/cohort/SRR5936200_2.fastq.gz	rL4pyFoOhJuTnH2IdDLxSEqXrB6JUbp4	2026-10-08T04:46:38Z
SRR5936202	1	71146612	7e50fc998f8f6a0890a10a843bcf0a83	a1f640ac012fa75eadf315c8ba9d7cec170f21b469c5a696d12c8f60930f6c0b	aws-kraken2/data/cohort/SRR5936202_1.fastq.gz	nQ_fwt3KdfMUN5SHiD7gw_CEglpDu2_T	2026-10-08T04:45:32Z
SRR5936202	2	72224650	52b0318890a017dd95b7cc2583718af7	c1e00cbf60f6c02581d95a1c7c5420ace8784b8c5a8a0baa99f0664a62adf59d	aws-kraken2/data/cohort/SRR5936202_2.fastq.gz	QdC1xSJcRMSNLLFJawYXAqQ9NhQDKXSe	2026-10-08T04:45:55Z
SRR5936208	1	426212610	2f39069b6d2c524bb538bf7c6c9cedf6	d81fef0a1eccc45d886bf1123fa250efb3f1f6b98a0f4bdcc9ee120b15a519b3	aws-kraken2/data/cohort/SRR5936208_1.fastq.gz	6igIJjIy844GpI3iCXEeRFcsFlZGHtI2	2026-10-08T04:47:29Z
SRR5936208	2	425739867	cbdd0915bce9ba83c706110928657fe7	613d6a1042808bc7ab36dd74d3f72b9956695180da2875a4afea9fd9f8488f03	aws-kraken2/data/cohort/SRR5936208_2.fastq.gz	tc5m0_PG3IQ1vdsFpBus_makVpSls8hR	2026-10-08T04:47:24Z
SRR5936210	1	469762922	1f2d0ab61032e613ccdf2f6e03760d38	f8d41910f7fc136e831977c73f86929d849dac0d17c4f6c0947b42d1865228ac	aws-kraken2/data/cohort/SRR5936210_1.fastq.gz	YvakPaO3HUzoDJZtZvkrm18nPqLreNTM	2026-10-08T04:47:58Z
SRR5936210	2	463267003	6d25473aae5bdf692fd6339a6802cbac	0970e50ef5d1230fd2066ad2ffd615358f360a6629d2241c32735256902bdd7a	aws-kraken2/data/cohort/SRR5936210_2.fastq.gz	KYOCnT_kxZgv_piXgvn1fmeGhzD6pjQR	2026-10-08T04:47:37Z
SRR5936216	1	343995724	4ab75dafb6820380c678996d3e7861bc	a2cc7f47ab27091b3a1f1ce51ab16933ab4dfb16e5296f3f3ae9358370685eec	aws-kraken2/data/cohort/SRR5936216_1.fastq.gz	FJx9SuukkyHmTjntcbj.rMMELB0P.m48	2026-10-08T04:47:15Z
SRR5936216	2	343040569	ef8e3f104dc26966af672cf79b286182	36c0f6ea1199720641409c9ad9bc2142f7566ad5846b95628df53bbabec839cb	aws-kraken2/data/cohort/SRR5936216_2.fastq.gz	KQEqBEZN_ppTk304.1He0QP2ClR4dV_L	2026-10-08T04:48:11Z
SRR5936218	1	798447523	25e8af6f816ec2aa17df6bdc2a348596	5e0cbb3f9fec9bfb0a0358a8eab5e15002b1c5b0fb089152d30a95914b3437ec	aws-kraken2/data/cohort/SRR5936218_1.fastq.gz	yGT3j046HON_sjdTfZh9G7nhrto3zS8L	2026-10-08T04:48:59Z
SRR5936218	2	796296518	5cbc810d665a3c5b95aaed5f13e882bf	13ea9a9b138f595c8bda4ea895bef09140006b18822e923e9f419a575e6c3b8f	aws-kraken2/data/cohort/SRR5936218_2.fastq.gz	SF5I0ftnnh68XGlneuPesc0UqnYgoLJv	2026-10-08T04:50:06Z
SRR5936224	1	628137222	7e581ccd0772846128346858c4cc1250	bed7951ed002149cddaf4ce04a8ebbb2bd95a7a3b3c0375d22ac50d66fff4025	aws-kraken2/data/cohort/SRR5936224_1.fastq.gz	CU.TRXJ9LO6MGDa1qGCvSsuaaoranTnl	2026-10-08T04:49:39Z
SRR5936224	2	628194171	cf09d3cbbed9bb2273e9b9e4daf5a6bc	a655c6c51c760940900f4e8b3d5cf68b80b8dd9426cbe2ce6f39e767b17d82a0	aws-kraken2/data/cohort/SRR5936224_2.fastq.gz	_JQ0c97SSRq6QvSDims89DnHUJymcOLZ	2026-10-08T04:50:01Z
SRR5936226	1	262578371	e09b769e0d433d351d297fa61b3134a7	96092278b993d6ef37814f6da7b108dc4d053717d365e348f3476159af1f39df	aws-kraken2/data/cohort/SRR5936226_1.fastq.gz	M7YpR2HeAK561kVZvn1C.R8kTZ.sExpN	2026-10-08T04:48:26Z
SRR5936226	2	258480228	405fa4db37877135ba7b92655756eead	7efee4edfec6317cfd7bcb744ce97078d84f95b28214fb7eed25b8c30e465bc2	aws-kraken2/data/cohort/SRR5936226_2.fastq.gz	NIar.7lnAlHIuxxLy2813Zbdp3WGGtMS	2026-10-08T04:48:21Z
SRR5936232	1	409331370	e2cfbd94990660e3bb3bafc9de88318e	00b4e455c60dad849b5abff600ac1527bed40a65e88ab82d700a7efe9fb3b4ad	aws-kraken2/data/cohort/SRR5936232_1.fastq.gz	hKxdPlthdzE5mtIZvYDP63q_GgrK7SpG	2026-10-08T04:49:07Z
SRR5936232	2	414279838	4a9c7764fe1e78097d34ed73a44224c4	eb3e24efb6df0013adb41a8f54ad2a7c8eb9a84269b6777b1153fa49c9369d7d	aws-kraken2/data/cohort/SRR5936232_2.fastq.gz	ODloJLvrd4lMia5vE1ApuOQkc0.kcqgc	2026-10-08T04:49:22Z
SRR5936234	1	230630060	8c9b3f0706f3615f4873f27a081b516c	a4ab542ed621b4952765044b05ef6f7193ecd2fcaaf2e7dda1c9692421531100	aws-kraken2/data/cohort/SRR5936234_1.fastq.gz	Wpmv5562AeleX4XaVGOMmJoewQlyt8yR	2026-10-08T04:48:48Z
SRR5936234	2	229215439	b1dc8c725a118022138ee6b3eaa7dad0	6e000216f591fe162523d1aa843aeefe9dc6737dfb047c1efc0cc7ca9ad43d32	aws-kraken2/data/cohort/SRR5936234_2.fastq.gz	0uUfSQP3LqC3NPog9VZ4yVhikUFLz8NO	2026-10-08T04:48:59Z
SRR5946605	1	324895813	f8e894f5c2e16526ac625565dfb55c43	0e80879df1c1a93111290d776a340e0213034da37b354bfc6a176cffa2755cd7	aws-kraken2/data/cohort/SRR5946605_1.fastq.gz	hTB08hTqKt6s.v6_EMyhTfswkMEtYkzx	2026-10-08T04:48:44Z
SRR5946605	2	326028812	de852fd3f267a65f4c032370e545fa6b	6273e4ecbcc919caa5f2aa40a30ca7066797cf61bcb94aa5f2b6a747ed0a33bc	aws-kraken2/data/cohort/SRR5946605_2.fastq.gz	GIAXEFlSueunBiSUBc9mtipf1KumnoDy	2026-10-08T04:49:48Z
SRR5946607	1	504788388	7ac493b0e041368436434d2f9e9a7880	10f3e4ca39d74c592b23e4191aef4863067a49793f64d81641d40a7d8400fc66	aws-kraken2/data/cohort/SRR5946607_1.fastq.gz	1Mn9YLjAWyzzzOvlWtv8hydgZcRuQwkb	2026-10-08T04:50:20Z
SRR5946607	2	511435990	a465c76b450cf9fc21ff2ac68a41ac56	701c07f465b1c6d3ccb61638d8d0c9a71eb200c7269b8f6f2b5af16bd6dec55f	aws-kraken2/data/cohort/SRR5946607_2.fastq.gz	mXGjcErAXU11BS1GlKe8SwfisMXwSuf5	2026-10-08T04:50:54Z
SRR5946613	1	870426884	ee9f031de9fbcee8666dc3ba6ea0de18	9942ba249b9ee640e50e18edd0b1edad3060f19d7a1f946237b688abe8f31043	aws-kraken2/data/cohort/SRR5946613_1.fastq.gz	RyPhmKBcKLX63tSveJrSOhF8uRkAHY29	2026-10-08T04:52:16Z
SRR5946613	2	867348179	442a26828d6226dfbf0175feae4bf708	a3badcdaade733a8bc3fc6c6d9c4b9a40cee92615cdb513e32a51b60f092ae24	aws-kraken2/data/cohort/SRR5946613_2.fastq.gz	DIFcfgDIflHsfixjr2zZCnn52jXl30uS	2026-10-08T04:52:40Z
SRR5946615	1	536059790	5bdef20bd75988b94003a19d8db0aea0	f7e8b9b3b0569e4383ced35ef0e7b040fe50fccb683ae99a52e75f42b4abdffe	aws-kraken2/data/cohort/SRR5946615_1.fastq.gz	kJbxYRI7ztyRNHMmHF9yA0xxWwIhqvll	2026-10-08T04:51:02Z
SRR5946615	2	554460529	6138f15b9710c4b8ff9f39cadbc55040	cf7840698388c4a08856bf064dd14ee772c768045a76ff4f6cd60c67c44d2dc7	aws-kraken2/data/cohort/SRR5946615_2.fastq.gz	lBI3W8k35ULyblCyo9inbSHJM5Rt2Kpk	2026-10-08T04:51:17Z
SRR5946621	1	725039807	6acc7bd61c8c9106d1eaedee59280b23	933f941c70edc87e7a694f681bfedb4b6c927d4757e5376a95187edf3e9d8ed6	aws-kraken2/data/cohort/SRR5946621_1.fastq.gz	4oJebazuyHwe3Es0oBdV406sr5_sF4Iq	2026-10-08T04:52:26Z
SRR5946621	2	723700360	01166c9ba9d57670cb88347ea225c283	f80bb9c4c71487da5f1e62a8ca2f03bd7fce83909266d8d9d89070b44c644546	aws-kraken2/data/cohort/SRR5946621_2.fastq.gz	mdFYSMo3qco7Kf6qMQHxuRCUWSm0DQ8R	2026-10-08T04:52:48Z
SRR5946623	1	1047313538	cd5deb9a5d192b01e5ba3def01bc5e1f	7473d3c8ad11572245c2a7a259482f93e72cefc06ed4337a51f5de9244c1947a	aws-kraken2/data/cohort/SRR5946623_1.fastq.gz	6hD0ufBKOORwYlsb3lLPXdmxMlCtI.mY	2026-10-08T04:54:06Z
SRR5946623	2	1068010495	70af5bb06a1c98586bc6c10c4723fb5c	668c7a0c36bff2b432f7f8d2734ea9cf6a20ea04cc6b20f4759e284083305046	aws-kraken2/data/cohort/SRR5946623_2.fastq.gz	x7ofyB0LK3qdzKgdvX7mk4Cu0AH_nqh6	2026-10-08T04:55:17Z
SRR5946629	1	570729917	384ce30ba0cb6b1c6aa141a1ec024185	7c3e92431ca1763ecd7c1cc006f3e450d5a6c6e5f37d1fc50dc0c52c0a472b85	aws-kraken2/data/cohort/SRR5946629_1.fastq.gz	wV.NaYqc3jaJ7lFnXPxtPvosQV8DSZA8	2026-10-08T04:52:21Z
SRR5946631	1	571732691	f0542c4ff268f0ac9bc5bae45b3e6ad9	c32345e3ff894cdbbe78a02f6c886f22ce27d4efd94ba13af36520308cc34d49	aws-kraken2/data/cohort/SRR5946631_1.fastq.gz	R1r7oTO89mU1RX.XFi585M1jXMZ4xPJs	2026-10-08T04:53:01Z
SRR5946631	2	577906420	331367ad5cefb747af8a8725c96dbc6f	d90d098ab34c69743b259b1ef3ca7d302eaadc5700ddfb0cb2de5d8094a43ca0	aws-kraken2/data/cohort/SRR5946631_2.fastq.gz	CrQkvE09R7Mn.J3DKuKi4zECFsw0uzkF	2026-10-08T04:53:16Z
SRR5946637	1	413964557	afef0938320777956f4b54f1c635fb59	33b4c1f900d4c38ac182dbd49074376037de15685d6819886c37c528bb052189	aws-kraken2/data/cohort/SRR5946637_1.fastq.gz	Q9JcuXHPvR_N4PuJt4Gd4zAUz3TUzMk3	2026-10-08T04:54:02Z
SRR5946637	2	413908689	be64f19c1d49bea08e46a6abae94a8d6	6688865559afd9b8259572ae69e697faaaab22f3a49ebdbaa2a6594f12a93a47	aws-kraken2/data/cohort/SRR5946637_2.fastq.gz	cXPOyY1nqjf70c0aoFv0bOtgHFe2h6rM	2026-10-08T04:54:14Z
SRR5946639	1	860455119	25e82a8a0405e31362dc1cf15d1d20b7	1256aaa5125b5fd775d75f209d6dd101b7c74322b004a9fe9e6f2de4ed10325e	aws-kraken2/data/cohort/SRR5946639_1.fastq.gz	mnVia8j6RqCVcDKfuiav.nk6_56uQJ7B	2026-10-08T04:54:27Z
SRR5946639	2	842547741	33400d7cfb3675211320793e5f0f4a6c	04e4301dce12155398755c0fe160e2a28dd9c57a4a32859725c5e883c8642093	aws-kraken2/data/cohort/SRR5946639_2.fastq.gz	MbNf6EOiT1RHG9ghHPbtT4oytmBa9QeQ	2026-10-08T04:54:56Z
SRR5946645	1	495407898	04c07e58674aaa4de593bd7106d6d86d	b552fa3914598a14db9b2ce494c5fa9cfb1d2cb788bb19d57cf26f845fbea7cc	aws-kraken2/data/cohort/SRR5946645_1.fastq.gz	RM1Gy5jBy_MHXTvbEfygbiorvISC.t8K	2026-10-08T04:54:32Z
SRR5946645	2	514160386	783f6691a24fa41cca481923249867b2	a0e26aef71a4d4d5066ab896f8c3e5810b643585f21265a7f2ab43b3ab487c25	aws-kraken2/data/cohort/SRR5946645_2.fastq.gz	O_ki545PyjSmxgYm9foHslZwzkMbMl_A	2026-10-08T04:54:54Z
SRR5946647	1	216067011	3f90221983f17c517fbdb50f7adcc01e	7f0842535715aedf69729eb01a8cb6a191befc29440c58e84a460c628977d1eb	aws-kraken2/data/cohort/SRR5946647_1.fastq.gz	1DkQd3YvPuBojeoWVTg1XEObABzDmsx9	2026-10-08T04:54:12Z
SRR5946647	2	221826818	3b3ebaa89456f119cd4105070f12c772	d4e4c35d580bad2d190609b77b476b457700a10b6397ee1e93436138f6a4a5b3	aws-kraken2/data/cohort/SRR5946647_2.fastq.gz	XMP28N7dCyPWiUtvwsDAgWmJRuC_irvS	2026-10-08T04:54:26Z
SRR5946653	1	697591864	cb04f83fdb240c78dd0afcc4993b334e	44666623d1bfad66329742dda83cab25b7115ed27c4dd7097a23fa9a7f18f57a	aws-kraken2/data/cohort/SRR5946653_1.fastq.gz	YuxLmr0H2_JDXlC0LTvg0S1yLpdNALfq	2026-10-08T04:55:35Z
SRR5946653	2	726122894	78e1738c6b6a594314de7f1989bdb1f6	a3bfeaf70476b9ba3ea6c9bc01f45bf10a8b60b16423cd0835d2ebf85fc69288	aws-kraken2/data/cohort/SRR5946653_2.fastq.gz	lBBwRF9FycgmyaVfmU8IC5svbFZBmgGn	2026-10-08T04:56:16Z
SRR5946655	1	14690202	4f66d617c0927d37c2864e0eb53672f1	b6930c42c4260a1a51597b4f0980264142de5739b780aefc86647e117728c431	aws-kraken2/data/cohort/SRR5946655_1.fastq.gz	XpDADZlc_9IkOKSx8JtDO_NwWWXQCRD3	2026-10-08T04:54:12Z
SRR5946655	2	14603302	1dd2f567fedcabaeba6199e33a153044	5998667242660d10459fd96be6f59e4f0198867728859283114bf2382c47485d	aws-kraken2/data/cohort/SRR5946655_2.fastq.gz	tf3VVui7skGZPSwtA5Ey8_k3Lvm8k8yy	2026-10-08T04:54:19Z
SRR5946661	1	113996403	9e3f1382873b16bd6142d245b1fd4f43	781e993ebc09a362af901ec4f01294eea0932583a3abc60183d4afb65456a5b0	aws-kraken2/data/cohort/SRR5946661_1.fastq.gz	7IMQ9syTkdUKbWmReMZCwXWZ7CGoce0v	2026-10-08T04:54:40Z
SRR5946661	2	118181291	a39582fa287a592d352784357b1696ad	573503346839225d2ee43245e55526dc93dd66f68b685785f82a4fa26704ddc5	aws-kraken2/data/cohort/SRR5946661_2.fastq.gz	YJbffAxtFDQVWXnrappS8ouRdc8UDa46	2026-10-08T04:54:51Z
SRR5946663	1	390711217	33db2c621344c3da118796808cc9c956	1dcaadbab713aa87908e1832eeab9fe698b1828f25b1616c618ea5adebb867dd	aws-kraken2/data/cohort/SRR5946663_1.fastq.gz	foDkYbB_0.JOZaXR7h_T7OyzThh0iyHv	2026-10-08T04:56:00Z
SRR5946663	2	377870993	863480262e0c842fc33a03a5c5d84552	f533587987861386f78f8a532fadf51e3f690f096ae67d20fa2d5651896febc2	aws-kraken2/data/cohort/SRR5946663_2.fastq.gz	U7fgq0bQov.EdVTX.BOelo6Qf6O1_SBa	2026-10-08T04:55:47Z
SRR5946669	1	685540720	c05812db2e9fc5a9d35daa3fe8f55069	e14455e254d55ed4991cdfb826facc334ae07392ac1b3c6f807ba106f1ed23c4	aws-kraken2/data/cohort/SRR5946669_1.fastq.gz	VjTpwGsjGGZuCqRX66R0b4Wh3yra8GCV	2026-10-08T04:57:11Z
SRR5946669	2	693879543	02d244db5aa4957eb123b50061323b79	de0ba4755bd3aedc5a75cc43e64a9c72f5ca79534a3a440786e11913cea40652	aws-kraken2/data/cohort/SRR5946669_2.fastq.gz	L3kJfU83k_RqaUo09kmm6_ZCp0B7B3P.	2026-10-08T04:57:25Z
SRR5946671	1	426346406	a31286ee95fa7686a570368e8c42f9e1	1a85c7fcad09c057822a1497cdfdd160940b283f99c14656b33e45918b6318c3	aws-kraken2/data/cohort/SRR5946671_1.fastq.gz	y7V4vBQyBOrrJHNV0GhAvbsm6cwMNmKI	2026-10-08T04:56:12Z
SRR5946671	2	422709881	6bd3f412eaf5738e4dc9b46f0c8475ed	665adfc373a31ee3aca6fbf65d4502e1171ecb99bf09c3c5dd56357c75562158	aws-kraken2/data/cohort/SRR5946671_2.fastq.gz	zuTRGuq7UtaN9Zky7FOTE6lggXhZgXX3	2026-10-08T04:56:06Z
SRR5946677	1	587446391	9d54993dba989b55fd9e0d8498bb1816	b6cb91dcc4d05169205d313f0e5c0f8a411873b0c7c4a4eaeb1741439f0247ee	aws-kraken2/data/cohort/SRR5946677_1.fastq.gz	Uc_gDnXIPMVDxhlQk6KOLm1mo6x.JcK4	2026-10-08T04:57:03Z
SRR5946677	2	600084851	0327ccefb90e38a877d3323046b33307	ef3551004bbde2fc2324d9511ccdf7cba0cb4bfe4939800be25332703d8d9dbf	aws-kraken2/data/cohort/SRR5946677_2.fastq.gz	hR5Vu9On5Q60Uc_HWRb2WNjMJ5vfxV46	2026-10-08T04:57:18Z
SRR5946679	1	438471713	fb078d1e0ad74982b65e00e5f349b688	1eddb759c9fee383c444ff3532ee1dd021e6ee98ff8815b763e1080c30159072	aws-kraken2/data/cohort/SRR5946679_1.fastq.gz	SFOnJg033Nhg5Uy7zvg.XYXP6A8d4_L2	2026-10-08T04:56:48Z
SRR5946679	2	443540514	a8341b3b7603cca5b2e2072966003a30	bae784e61d365119a0c0cc190b4355e4ed58d8a01c9d9bd2129ac35c749f223e	aws-kraken2/data/cohort/SRR5946679_2.fastq.gz	7c0S4k5hZSvEJIg02bw1fUJDCyI.rpA1	2026-10-08T04:57:04Z
SRR5946685	1	686501129	1b596c901bd77ae98b8c3a4b8ea44ffc	974522f1bce86bc1c7b7ebc0bee6d1f854a68caaf14f3559b75af0977f76835f	aws-kraken2/data/cohort/SRR5946685_1.fastq.gz	XLyH44wi2oDBiygfhnTRFTy6rFPwpDt3	2026-10-08T04:58:26Z
SRR5946685	2	710032087	7437f8cd1d863143fd477b325b956a39	c08a92473757f86a34e52cb40bb6b6206deaeb55c570d06737bcbd0fadba8c6d	aws-kraken2/data/cohort/SRR5946685_2.fastq.gz	MuYmcaCmTxKnRUZbpdfdsxSmK0QINgMK	2026-10-08T04:58:56Z
SRR5946687	1	709788782	9f87b85d77436c299bcc4202f63fbd54	0dc0497a44163d641c55a1d4ea397262d57046209e89a82f4bb967f6af314322	aws-kraken2/data/cohort/SRR5946687_1.fastq.gz	LSVK.zInJMHQ.xxWJjIbUFaXBh50_44L	2026-10-08T04:58:51Z
SRR5946687	2	746911516	8615e3ad52aa4adb47825e7d147b43c0	1d38e7ac4b6a2bc601793b800457767496b33dc011bfab78fee7c80c99cf6b20	aws-kraken2/data/cohort/SRR5946687_2.fastq.gz	ppDZbis7yK9A1SjbWB4bwkKvBMTp_Pmn	2026-10-08T04:59:00Z
SRR5946693	1	686733407	01ebe2f2852902267398c12ead676fff	268c43d39de0106c2750485d2320a1310cc681aaad0729ac7129b918e1bd6499	aws-kraken2/data/cohort/SRR5946693_1.fastq.gz	mGKfgg9eGbaqE3OQU1sDRe72SnajOBOL	2026-10-08T04:59:45Z
SRR5946693	2	685025472	a8183cd1dd30dda5eb42ca890d80fcb1	b3fc894156e4143a42711930290a69167f6a8d68f3f3cf7f350e7e87491c61de	aws-kraken2/data/cohort/SRR5946693_2.fastq.gz	BMIMherwpWj1LftgZVWpz9PCoGUzXZVD	2026-10-08T04:59:55Z
SRR5946695	1	893793557	603896f7a34206ed22036d1c0ec0d2b9	d34a7c880e6347a613a781c61d9735d5ec25c894ebeeb3c6b9b6149cb7aeeb63	aws-kraken2/data/cohort/SRR5946695_1.fastq.gz	IqwHYzISvtryTbZ1hMZBxmjzCCHxpm.t	2026-10-08T04:59:40Z
SRR5946695	2	910623383	799418f3cbcb2495dcc3762199cdb27f	64c233b05cf37e19ec659b76241a5853c3bd9d05ed232e5fa0bef24f394007d4	aws-kraken2/data/cohort/SRR5946695_2.fastq.gz	y5t8ngxl9MlXiUaOiDgPm.xwUy49owAa	2026-10-08T04:59:50Z
SRR5946701	1	884024138	e00c4ae07939cbbe340fb65c37edc20e	eb93a4ec9550ff34fd681197a8b8ecc2cb16582aa82b38d06caabea4018c0bd2	aws-kraken2/data/cohort/SRR5946701_1.fastq.gz	vcnyIao54UhFJ6dTZtBtLmuKDG7txY2C	2026-10-08T05:00:52Z
SRR5946701	2	904127112	e898b241b3c60c2e52c5a2dd8f78f19e	ba469a657c5a6ac918417a84d96a2c9c1aa222b7fde96c3d75ec8100e8cef44b	aws-kraken2/data/cohort/SRR5946701_2.fastq.gz	gqr7U.F2HgWcJ4XALHwXPZ5Cc8p8.jXb	2026-10-08T05:01:08Z
SRR5946703	1	840369828	a4f5b6806af5911a40b1603dd30ebfed	9e93ed0cd16dd7e86e463dc1d814fa9073787c5cd3cbd67cbc2fd4aabdd450e3	aws-kraken2/data/cohort/SRR5946703_1.fastq.gz	.FOneXFRte_q2Pajzp3hiNkjNeqDUpHo	2026-10-08T05:00:04Z
SRR5946703	2	847932836	64bc71b0fc62b1ae8822ab22d1666426	66e948b4a17d6dc6fc6435682c1662885510fc7672610d74e67ed9ed397ef2d2	aws-kraken2/data/cohort/SRR5946703_2.fastq.gz	Sh8WbqF43W9HG8i3ZVpKd6je2dhWNbcY	2026-10-08T05:00:38Z
SRR5946709	1	451534273	a4c8229af225fc86bf7eedfebe42e8d8	a762103658b3fb868645f1a75e40afa398d78bf3add72ae83247b17f795a2169	aws-kraken2/data/cohort/SRR5946709_1.fastq.gz	6FZK7MAdRTBJDm89P395V8RV2LnePmY6	2026-10-08T05:00:59Z
SRR5946709	2	451005635	ebcbde9b87a87360e1004bd0146ddfd5	e26b519fde509f7ca87f0a7f80ad671b04a1f58b37fd916ae3af35ecfc84da40	aws-kraken2/data/cohort/SRR5946709_2.fastq.gz	riy0C78y4DiJyPQZJ6anSTlFD9.GjSlT	2026-10-08T05:00:56Z
SRR5946711	1	389925760	3a17eec760dffd28e4c987e490bd9c3c	c73d20f94edc67136fb0c7ec5127ffa3654296d98af3ee9a2a2694068d230e32	aws-kraken2/data/cohort/SRR5946711_1.fastq.gz	J0sV5rA_roXCrj3DwyowTPyZtJZk8aoe	2026-10-08T05:00:37Z
SRR5946711	2	385549390	bebbfa00a2d4876863c7464589ecede7	30bd86d346a23dcd4f1abcc6cfd282be720851a07809b010f24a330a4a65bf5b	aws-kraken2/data/cohort/SRR5946711_2.fastq.gz	Fqd8ohGIzAgPCxfVwAsFZ5qySJAUR6BA	2026-10-08T05:00:29Z
SRR5946717	1	541201860	2ad54f2a8bc15a0c2e385b625e05bd08	88d5a40b0596f0687a200f124a861e00b14d6bec8f8581d82c85051f977f3dd6	aws-kraken2/data/cohort/SRR5946717_1.fastq.gz	MVMIt.IPsjbvmUC8q9WLyec096JTBpuB	2026-10-08T05:01:53Z
SRR5946717	2	542233803	daead0062164bdb699ec38bdb3e96a90	106d4d85c0a99d10510c56853ca1ea1bc5979af8b1374ac160a05c9544f3158d	aws-kraken2/data/cohort/SRR5946717_2.fastq.gz	ioFHSH_eCweNTXWztfsOu_ak8seP_RrB	2026-10-08T05:02:06Z
SRR5946719	1	140051218	314f05307190ff9486729f86066cad46	1938371905df4ade732fa2cc458b7184b8faa3076ab9b8e6df16e2cdf4295fa3	aws-kraken2/data/cohort/SRR5946719_1.fastq.gz	DT37HtHYwNabTbHGGTi1Rw_ghiM9Txlx	2026-10-08T05:00:23Z
SRR5946719	2	138774156	3e6944e26774a0981fabeca8cd6a40a2	067029e9f14f85527f70ebfbfe2d7d7a0621b6f7ba5e2488293a67f833a026bf	aws-kraken2/data/cohort/SRR5946719_2.fastq.gz	HYZEAn0nOTwCLfl1f4NfgTzpnCr0mHiw	2026-10-08T05:00:24Z
SRR5946725	1	744561104	ec6a73ee9c9221c8e9c9c325c85df637	7d3bc48dba0de82b98bdf7f164883879c6efc148da6e4ce10e3ddf75d55a8249	aws-kraken2/data/cohort/SRR5946725_1.fastq.gz	hLv_gufK_tttHpg4_WhQLK9VVd0JvJ94	2026-10-08T05:03:58Z
SRR5946725	2	751326507	d62b0bdc43e5e9137e6f5d39480ed34c	e66d911133da782dabbee3659e34e1e64605e50f036e7b34f272980c00991e0d	aws-kraken2/data/cohort/SRR5946725_2.fastq.gz	avuYLAc0Zqkf.2MYCzSiL.jmAh0GQtMc	2026-10-08T05:03:41Z
SRR5946727	1	421718167	661109fe8e77da93189971a7ea26f67c	fcdfef897065b964ad3c5400f16f51068eb7c616436ae849576ab21fb006c30a	aws-kraken2/data/cohort/SRR5946727_1.fastq.gz	KXIQ.O.VXWi_MYnrE.wkisd.YUX1qgkr	2026-10-08T05:01:51Z
SRR5946727	2	423370983	3e3c864eb98020974d0c1d94ae8de63a	372f9116fd56068ba7731924496e89b0e35c3f7c4d384980fc745ba7e4ba004f	aws-kraken2/data/cohort/SRR5946727_2.fastq.gz	Dxe_s5RYyX5qN3PY_JaWjY13seCW64q_	2026-10-08T05:02:00Z
SRR5946733	1	817990585	cc1daa857f13422cc5b90720dc25c1bd	cf15bf6b8244e891c7d0fea073c7a8d79c373c7ab348533da926f7c78fadacf4	aws-kraken2/data/cohort/SRR5946733_1.fastq.gz	F5wIDkVBsG8DqNd1fEHQcozhhMl.C9WD	2026-10-08T05:04:48Z
SRR5946733	2	798627363	a45150fb43cbd571d4a0d44cd928e598	e4812892c0380ae2e77753608775484f47cfef1e49b81cad3a24920a330b320d	aws-kraken2/data/cohort/SRR5946733_2.fastq.gz	cRNoAVKO_URSpJ65Bjzoq9o80hq19mvT	2026-10-08T05:05:18Z
SRR5946735	1	217224644	0972d019033c014cb06405be6fca2d94	b145bbb37adc1e476b0ac061b15a7fdaac54e21115677896c4e10c016f99864a	aws-kraken2/data/cohort/SRR5946735_1.fastq.gz	GTCZb8Op0Pk0cf_iNPvubfgPOT9D6P36	2026-10-08T05:01:30Z
SRR5946735	2	219542352	07f2eec0e5c527f3f9442f5b8514a7b1	6378f8ba59bfd2261c3e6a7fdb80946d96fd3c9bb93990aa93de56d789bc9d96	aws-kraken2/data/cohort/SRR5946735_2.fastq.gz	jrQbXLRkfouaoYVIrKn3Lj.zs7ICZ8eI	2026-10-08T05:01:37Z
SRR5946741	1	152961806	5fadd5b44c8c98494c36a49068b96593	7ac35116453c5a7f43913d87738f4b929d515ee92419765d95f38985f77ce82e	aws-kraken2/data/cohort/SRR5946741_1.fastq.gz	UvfjflBeyfIdlwFaIfnBeZ8oFseH46i.	2026-10-08T05:02:29Z
SRR5946741	2	151629777	eb8e19043876dd44328de4b060b79e48	b164db37a328039d418d85a85a104dee4102958bdb7027e6c8706fc9b116e068	aws-kraken2/data/cohort/SRR5946741_2.fastq.gz	devw76rwRkTfBvJVdNDUmTnwMN.7xbI0	2026-10-08T05:04:05Z
SRR5946743	1	533137876	5277d527907e69a6c82505cc675b73d0	6df583d8b8c34555ba80b96e52fb5230a861524ef022a369ddea50de5158fe09	aws-kraken2/data/cohort/SRR5946743_1.fastq.gz	ohULxn3hO1cQ7z2tWs1BG_NBfTb0nEMT	2026-10-08T05:02:50Z
SRR5946743	2	538165798	4f6a5bb6b46e5c3e83041da1898d8ce6	36ae2efa1a7476374a7114d25edd2b6ddfe2d3deb44442174ac49ed26063838c	aws-kraken2/data/cohort/SRR5946743_2.fastq.gz	dU0IlVaJonz7euhBqKa4AaqChNpLfJhB	2026-10-08T05:03:16Z
SRR5946749	1	842708574	ca17315ba46fa79ad48a83fb3c779217	44cf370a962bed376c85a87c19527e11d6d28057f168096b86ff8d90d137e11e	aws-kraken2/data/cohort/SRR5946749_1.fastq.gz	i6OYfujS2ZU0h9QUyNgi5pLQYeGL5muM	2026-10-08T05:05:46Z
SRR5946749	2	883935346	15f8846b15a7d60433030c828e2c6c8b	4ef2924eb0f54ef60d53edc82bc1f1079308ccb0e8a0adae31e92d0bc4f609aa	aws-kraken2/data/cohort/SRR5946749_2.fastq.gz	L5F.DPlp6H8kxUqJbq4OSS2nhs4f9YgR	2026-10-08T05:07:12Z
SRR5946751	1	498639201	11675560fe35026905997b2084560dfd	5726834f812d813ba3a3e47c2cb37b49490c4d7506d1c8c4aa77bb89c1d17362	aws-kraken2/data/cohort/SRR5946751_1.fastq.gz	vG_gXEd_L6Jp8xAg8hgnMqitI74w8oVE	2026-10-08T05:03:21Z
SRR5946751	2	511474338	af4c12547bcc242631f93a59309ce4c4	f55ac6cded24bb9a33ba4ae47ceac9e9c8076064a8c3e71b875771ff2106250d	aws-kraken2/data/cohort/SRR5946751_2.fastq.gz	hEBT3sOmZh8yD7BiIADpNlt9VMkmE1Xi	2026-10-08T05:03:36Z
SRR5946757	1	802022427	eafb6536d93206d1a7a5077251c13764	d877f7f1e8ac3e2aa8aafdf205b715544173ccfdbf843ad1db78acc5b1f36c82	aws-kraken2/data/cohort/SRR5946757_1.fastq.gz	KJ6A9iha0lVgoFGiTOuxqyGH8HPVe3Of	2026-10-08T05:07:24Z
SRR5946757	2	811968370	d5dfe78d70b8e75a2b0bde70fc458cb3	a40164ed6e3a495d283f7871ae9cb5d160840755c7dedf56d69d942fc0da4117	aws-kraken2/data/cohort/SRR5946757_2.fastq.gz	eVmEaKu7rO67uEQkpohTxW6Bno12pIDT	2026-10-08T05:07:28Z
SRR5946759	1	615292157	02396f0a67a69f6abb4043b05ca74faa	eaf1c589052b720e989ffa34133c12f7f04e13d1115a738f2728cd5ec682e70f	aws-kraken2/data/cohort/SRR5946759_1.fastq.gz	OXcg8UjC0NlbZi4IUPvrT76OqdTweNNp	2026-10-08T05:04:35Z
SRR5946759	2	605717730	f6d404172cdd9970bbe6edc6aae2c450	253251b0566eecc2dcdb9b963dac27ce472e2d7487755cb705abe1ff9c62fe13	aws-kraken2/data/cohort/SRR5946759_2.fastq.gz	AjdPY98FIjlv4ZvvFYko9BW_WZrLeChe	2026-10-08T05:04:41Z
SRR5946765	1	700158908	0a557b39ac949494bda959c0ac38b1ec	c381abce45f0740dbb09a8b1b50fe680cacb3c26b99c69ef98b9e03e2c679613	aws-kraken2/data/cohort/SRR5946765_1.fastq.gz	TR3xBRQc8cOgnpKYQJIgtD7YM8.jBs7Y	2026-10-08T05:07:57Z
SRR5946765	2	709159474	dbae2e66f37e85b10c06a0de08114f7e	cb3be3fb04edc29690f46ba3bc6560351b1c3b47b4d58e6b25622e58d12371a6	aws-kraken2/data/cohort/SRR5946765_2.fastq.gz	F3gxB2kouyt0NOqsZOwUTGUusBU4F1nG	2026-10-08T05:08:02Z
SRR5946767	1	318501382	a13417ffde58d8378c19aa709941f13d	0a5969f429454d9cd3a435fc31b82b75a6109b3c7c8a893e2ad269d236aaa893	aws-kraken2/data/cohort/SRR5946767_1.fastq.gz	BU.FRo6CLRXlo78a2_7nOnm4jeCM7yCG	2026-10-08T05:04:14Z
SRR5946767	2	315660219	87f3ed87bb245b0f81cf9a0a796e1925	a6be3298e3b61b56bd91b6ba50a26ceecbafb1c6d8266c71e975d6e4a2ed876f	aws-kraken2/data/cohort/SRR5946767_2.fastq.gz	95cHQ.o1iQVyWrYrPy1wu_wNQKE7sJ_P	2026-10-08T05:04:35Z
SRR5946773	1	35450002	d1fce2897387e42bd94cd706f3e07e86	5e1a3d1a0c1c0b2eb788616d34adc3db066bc7f437278e5a48643f76086d44d1	aws-kraken2/data/cohort/SRR5946773_1.fastq.gz	o7Gh3IGXgVJvaoo6Y.YXZ6XoNz00WGRQ	2026-10-08T05:05:58Z
SRR5946773	2	35275713	e49027562a070d39e0017e1165acc6c2	f25bf2ff8fc95ed513a6058c95c778e1f592afc2e3f1041d56ca9b105939a848	aws-kraken2/data/cohort/SRR5946773_2.fastq.gz	zXd6gCuWQmOeDV2V17_96egvwVfwtjym	2026-10-08T05:06:12Z
SRR5946775	1	339098671	883db2e22a181879ccec0967df971b12	86ffaf161173a7753670713f9573278e0f78e90d1504d9a2245df5b5f231183b	aws-kraken2/data/cohort/SRR5946775_1.fastq.gz	43ba25dhm1S_6OIe76NcDG2hpBwwtjb5	2026-10-08T05:05:08Z
SRR5946775	2	340936088	d20fe0cde455abac6ecbd52996b52a31	923f0eb1806d121d65863045e3e4ec884f05530936c7b1a6726a3f93cc81033b	aws-kraken2/data/cohort/SRR5946775_2.fastq.gz	TaJCXS8UXK4lR0h7T_y7kDAad9c1BoCU	2026-10-08T05:05:05Z
SRR5946781	1	156213043	d8767d10abf356bb71ce9ad21f125eae	007f279f9aca314547aa4d4fc77af854370ef52ca2acf6d6ec8f8502355c7f49	aws-kraken2/data/cohort/SRR5946781_1.fastq.gz	zup5JLpyG.HVaVolHcB04vlyPXBy7Lvq	2026-10-08T05:07:53Z
SRR5946781	2	166110160	cb56a3fa26c1b536ba59e85ef9b728da	a1d5bee6ba9b63e768496d712f00b18cffc3708e67cdc8f906637876ad7fa47c	aws-kraken2/data/cohort/SRR5946781_2.fastq.gz	8eHAIV9Hp4EyWpvB_wT_zlTW9tyJHghR	2026-10-08T05:08:08Z
SRR5946783	1	464276232	6bf52576942a3a511179adad4e52fc74	29b7cf4112e6d9c6ecbe7c26be902b66a09f9839cee7931322f08e1baa1d796a	aws-kraken2/data/cohort/SRR5946783_1.fastq.gz	02ZK3whoRkNyrmjFliLJWZE3cq29ABwh	2026-10-08T05:06:09Z
SRR5946783	2	472857692	ba0dfb03792de12258cda184936df8ec	26a35a3c20ae89156a5df232c28a237daf875caaa61dff74192d1e5f69e4de18	aws-kraken2/data/cohort/SRR5946783_2.fastq.gz	2AbiHVMxNafBnZHJNy1appuAQ45Ej4zJ	2026-10-08T05:06:34Z
SRR5946789	1	542085084	628a2863dd28c84bf188d650eb5da171	0bb16e31817d6b04f7bb616ef104d4fbc78552baaec240db6e8add123ae30eee	aws-kraken2/data/cohort/SRR5946789_1.fastq.gz	pBeXnrzHBDiHQ7fw8byb6nmNJVn6IRfh	2026-10-08T05:09:36Z
SRR5946789	2	534673521	0db85ff5f6fef9fe5ff01c3f730e7de1	7c431cf141948aae2b6193db775a9ecbc7dd1678f7c0cf9fcc5bb16d415b6e0f	aws-kraken2/data/cohort/SRR5946789_2.fastq.gz	XnnkjtrqDCbs3HEXkGIxZwqUf3cR8bDT	2026-10-08T05:09:45Z
SRR5946791	1	821660516	970263033b98fecde591a59a93eee829	8216ce6f174f30abe9805c1a24953bf35f466e8e4c540522ef0cb9813a2c7477	aws-kraken2/data/cohort/SRR5946791_1.fastq.gz	PNMKJCEvB2.2JYbQ3bwWxLwpxp9UlYTp	2026-10-08T05:08:06Z
SRR5946791	2	809073822	ad87fc6cb78e438f71fa957a3e895782	292fcf505e1505b772d620a66332099ccd225c8befab25b50f38c500a3ee11b1	aws-kraken2/data/cohort/SRR5946791_2.fastq.gz	sFttOTQdLYvtSTXnP1zAKK7HKNsTqjJt	2026-10-08T05:09:01Z
SRR5946797	1	123370687	11f09871cb7b476548ef10f212aa3fa4	7e771891e22c59e14266a7ef26b29304db7e43dbd0e494e94c416dcc2d36a9a9	aws-kraken2/data/cohort/SRR5946797_1.fastq.gz	Zm3JK2qyb3qAUFHrhqVNUUo9ae3yLT9p	2026-10-08T05:08:25Z
SRR5946797	2	126551625	86cfa77fabd83dfc7318b5bac8ca0040	cc3d999a156e92b6a70cf214179acf76987b74884031660244613247497f7d4e	aws-kraken2/data/cohort/SRR5946797_2.fastq.gz	jVCNvuFuY2kA2QZzknKU5nRXWSDSOWG1	2026-10-08T05:08:37Z
SRR5946799	1	21245276	a53e642531c9074a276e76724ad8691e	5d3fd30d466d7bd421a323d27ab84efa8f55cc3de984dfe62c6b043d9d33783f	aws-kraken2/data/cohort/SRR5946799_1.fastq.gz	nMon3xBUGVjikKDjUn1MbbqXfPlGZk3y	2026-10-08T05:05:13Z
SRR5946799	2	21208080	e6e8c1e0fa65a1777600a2f274aad11a	20752a03cfc33675bf35987f09c10f4b79f264dbe9a7c4c8db775c0924f113c6	aws-kraken2/data/cohort/SRR5946799_2.fastq.gz	._.cwCUhe9CAJcSgcGzrXDEJ3ZQUFzza	2026-10-08T05:05:17Z
SRR5946805	1	506446886	3b50ba8dba0bf0680e7fa45c6ab08f7e	0300b63f3d1517666775228cd7c543938539f3cfb73e5bcf5e8e5b2d4cafcc8c	aws-kraken2/data/cohort/SRR5946805_1.fastq.gz	Z_GUjG6fL91nQYz56pUwRXwMY2sn7SRS	2026-10-08T05:10:32Z
SRR5946805	2	511324898	84799931300f7b9bd3221a5e10b3df83	c50210d7669bbe792a08cfa34820632d93c2833aee3455e6e3aefb112771d3e3	aws-kraken2/data/cohort/SRR5946805_2.fastq.gz	ddwmACdzfInKD0ACjCjMbpuK__TkEpnc	2026-10-08T05:10:52Z
SRR5946807	1	520521768	d1172f1393daf23ff09eba17ac2dfe9c	c3a127965705d9eebb9d6ae21f7aed92fcc501c3ad3b66f9b13f0a6ac068fbfe	aws-kraken2/data/cohort/SRR5946807_1.fastq.gz	BfG2QiUtti2WPkCRhJeUbhQDs80isKAs	2026-10-08T05:07:13Z
SRR5946807	2	526266870	f3184db90999b16cad27fbc31e0aec55	bbf79fd3ca689e6c3b4396a0b047d926f0d480caef9ac01ee4f48b645b1a7809	aws-kraken2/data/cohort/SRR5946807_2.fastq.gz	00IEDiyL_bldc4gxZ7xyYTG8DP2QW_9I	2026-10-08T05:07:24Z
SRR5946813	1	534700199	7b39b13239ecea5557d3b9883670f50d	90126cd55339107d55a86ca2293de974335b748f1ca4628741da5983b2178db3	aws-kraken2/data/cohort/SRR5946813_1.fastq.gz	smt1gYhmm_sdjQaoQcGNb19ORWHvMLW2	2026-10-08T05:10:29Z
SRR5946813	2	547850256	bd1c010a2d226af24c4b2741899097bf	8c883e8519fdd57e3136b0790f24ffc720eabf5ace7796475e17f4aafacbb110	aws-kraken2/data/cohort/SRR5946813_2.fastq.gz	OKhFG1EHoqrbsXaV2O_rBjChPp2aIKTn	2026-10-08T05:11:22Z
SRR5946815	1	861630277	a2acb504eb192bb2e4bc8b1b9ac5542a	24c6ce34c079d11d9fec031616f36052349d983eff120cca1a0702242bff854e	aws-kraken2/data/cohort/SRR5946815_1.fastq.gz	LGbD51FKrFbxPFUe9wp9R5xmo3.sZlwL	2026-10-08T05:09:44Z
SRR5946815	2	857180324	0dd833242fdfb6f0ff582fb85aff283f	ed8e9e449e503864d654182d5d66b2cc9e687428b29815153a7502c7acd02c62	aws-kraken2/data/cohort/SRR5946815_2.fastq.gz	mIKZXOKjEAU3Wwh7Mm6cI0bNRCwlriQu	2026-10-08T05:10:08Z
SRR5946821	1	337032840	64691c185b64d353bc554d2ad16d30ac	ef5b19f0aeade044c639cfc5e4ede5cb961371f950dd0008af063133fee5d7f9	aws-kraken2/data/cohort/SRR5946821_1.fastq.gz	X_yOVG0lIHl6ZHKneSGL3L57L6fvpqwl	2026-10-08T05:11:07Z
SRR5946821	2	338806504	ac5727bd1350d116420754202bb6c5a8	f32d239c227ceaa535364abbac20004d8df14f6b8397b8d98c9db672a60f2551	aws-kraken2/data/cohort/SRR5946821_2.fastq.gz	UVA8McXJeCdOih78dMKg9JpF6kErTh3l	2026-10-08T05:11:12Z
SRR5946823	1	704941830	e39a92a5f929b778f55439640c5bebfc	7f96a150ded15e0c8103eee21e6f3f6a3eeaa2e5c5f789c53d53e1bbffdc62bb	aws-kraken2/data/cohort/SRR5946823_1.fastq.gz	9wYQRlCYYunxPBXyzlq4ODJEmhS_Iekl	2026-10-08T05:09:53Z
SRR5946823	2	702703863	5de6fce5dcc57855191d17e3d0b1b7d2	9346d02780af5258fc2ba43ee6984285c783e20cf073dec25288bfa19d3c8942	aws-kraken2/data/cohort/SRR5946823_2.fastq.gz	6.7_SIcTnpgZx9M8wnXui6Vlc5O4VA4R	2026-10-08T05:10:15Z
SRR5946829	1	544001570	a98b9aa189218e0409956abcbed5ef16	190a227d0deb98bdca5239451d925d7e1f369d2aaa4e053198f6d325a248e645	aws-kraken2/data/cohort/SRR5946829_1.fastq.gz	u19TsE5zScOw_rJNRKdS4zehSA1_lsXo	2026-10-08T05:12:42Z
SRR5946829	2	551140950	e7cd2301391a0e5dc0c842daa869f6d7	183a5f69a38407c3e7465c8f027d30eb3243eea730c484a33ed4a525a3c717fb	aws-kraken2/data/cohort/SRR5946829_2.fastq.gz	rRjtxlgvcS9sAQdo8Y0Hjyji40f9WPCa	2026-10-08T05:12:48Z
SRR5946831	1	665819471	24a00a4b4c91d3ab375568f3dd551ce0	d52f42f0a82fb9f6c3ca778077d12394b49b95f97a733d4eec6a0f122f644010	aws-kraken2/data/cohort/SRR5946831_1.fastq.gz	gxdvlzsIXPjNqq9SOkmb_IyM_IJgrsZ4	2026-10-08T05:10:56Z
SRR5946831	2	660843356	16a32687531680ee60b77c52ee26919e	187d4b236be90b17d5ac987806a2f5139955875c7dbdff3bc9d1d41cd382d1b9	aws-kraken2/data/cohort/SRR5946831_2.fastq.gz	qQgy_985rhGJCRhL4yLWI6dBGFrO1j3J	2026-10-08T05:11:40Z
SRR5946837	1	158368	e9c540fd95ae3f569c7f7457b57c9899	8a840a7b62cef57c01e0a5fda10d2f6688f144a1cf7b821de5522977bd92e9f0	aws-kraken2/data/cohort/SRR5946837_1.fastq.gz	.wL_qeV7pcT6HYkTqAikq7w0KK9ZLpcO	2026-10-08T05:10:54Z
SRR5946837	2	163278	2617b4ba0cb3deae3da62bc17a5f95fe	9f5e1e793049d018276b762dd32a0ab10a2bd55fb8cd61a342c6d341947dbf8c	aws-kraken2/data/cohort/SRR5946837_2.fastq.gz	LGw__UlO3v8G2be.BmRqVCNjQ7zhfkNa	2026-10-08T05:10:56Z
SRR5946839	1	647506633	c749039115b2bf146d8db3bd84276af3	f8cb35baf8b5e780787ae2f687c9acd248ac2e3e69043eac0bd45f3ec704b503	aws-kraken2/data/cohort/SRR5946839_1.fastq.gz	lrSRWRX3abtYhp_sEtV4XHb1B3O5f0df	2026-10-08T05:12:20Z
SRR5946839	2	657488498	72375b54dc66058caaab5081bea9df09	0721641597b52ba954ac11d0d7d617e6208a834bfed990351131a08bdb94c36f	aws-kraken2/data/cohort/SRR5946839_2.fastq.gz	JEhB78Ws_Z0gt4Lmo5hA056U_ft8c1sp	2026-10-08T05:12:32Z
SRR5946845	1	366656080	421a9d519682c4c0c266f7c26b26f88f	f4b7d72a56a956c727fab25a1c8cfafe3f45d5ad1bd26f692b05f4a714facb88	aws-kraken2/data/cohort/SRR5946845_1.fastq.gz	.Uwti3uquAQrNHfGeXdjXQTnRODpmxDG	2026-10-08T05:12:38Z
SRR5946845	2	378222841	dd52069a6b220f02a4236f30b605db83	615f59c3cf6c63a5910fff8efab8468cd406193a41e303d6a9f0b119b6ee3b62	aws-kraken2/data/cohort/SRR5946845_2.fastq.gz	xV2XdMEOPIcW3wcErcNLb0K9Lv1HMAO.	2026-10-08T05:13:04Z
SRR5946847	1	935765987	66d92d892001a289e913b31c606fe3a1	9a98e363a631436bb61375e2cf2be57e4166f701c0c6474540ae112f6483fed9	aws-kraken2/data/cohort/SRR5946847_1.fastq.gz	evp075ZfyYNIKpBW7Zb0qwrYEzHo.Ddt	2026-10-08T05:14:05Z
SRR5946847	2	935511501	e0f4d57d97f8020c1870bc5c9cabea97	90144b92e8462269695f87dd865dd578e4d355c47594a9085934f78ad64695ed	aws-kraken2/data/cohort/SRR5946847_2.fastq.gz	K8JwYXld07HarXGlaAkH8BeA1ADsb4Mx	2026-10-08T05:13:43Z
SRR5946853	1	367918851	750327c6914396957ea7c02b2caf32e7	b8354f5b64107a76dcc8a5bdb08d1d317791c68edfaf6a8c478b346b8654974e	aws-kraken2/data/cohort/SRR5946853_1.fastq.gz	tktYweqwLXUhxCCSvWLBJkryD9qDA1yE	2026-10-08T05:12:44Z
SRR5946853	2	360764721	b924d29a7c7d0579d620736e6f3e7726	6d896493932a2e8aefe7c3d1ec549444f215781fdb4ab32037d2e88d660bdcbd	aws-kraken2/data/cohort/SRR5946853_2.fastq.gz	EzG5Yj9OsmOsB1qdW_LoSFtdf3jOIm3S	2026-10-08T05:12:57Z
SRR5946855	1	75921115	adc0d500ce4dce258024c2ca4a66a6a3	0dc243e71bb3d9e65233e21e1d2c562de250442adfb8458c5cab378c9fe226b0	aws-kraken2/data/cohort/SRR5946855_1.fastq.gz	u4sJdx5kUI_Jy6A.F6llaaw.XSWXAExj	2026-10-08T05:11:20Z
SRR5946855	2	76793049	d0bd35b201e53e0fc401b10f394acdd2	41f0637d02b9b2ae808286ea02bf7cba1647fe7813fbe35e29b61ed1374cbc43	aws-kraken2/data/cohort/SRR5946855_2.fastq.gz	GHDlxGvGNpsMbckA3GdTYukOg19z7qyc	2026-10-08T05:11:47Z
SRR5946861	1	545402328	345aa9ec629915e0e0a0aae1487ac0b5	777f08b07ec747111bc4a4b0c5e62e564a3121f1ab6fa76f6017e9cd3c841c5f	aws-kraken2/data/cohort/SRR5946861_1.fastq.gz	R65nhm2ny6a9qgynUQ7NX1XiRozrLNAR	2026-10-08T05:14:45Z
SRR5946861	2	551809559	3695c06094370cb8a340ae4a74691eb2	49528a32bcc92c493465081938e668850395ded1fa0e663c67ab33750999f944	aws-kraken2/data/cohort/SRR5946861_2.fastq.gz	lJMAx4jP50EnDRJUBFh5abi9NyXlEbBI	2026-10-08T05:15:06Z
SRR5946863	1	553995807	e63685939e36226d29f43517bd8433a5	bb9cb2e90f21bb3013aaef45e34c5fd2c223d4acac6af09b4a8fe299d38ee878	aws-kraken2/data/cohort/SRR5946863_1.fastq.gz	_csENuH1bwu9orsosKL2Du7uuVnhees1	2026-10-08T05:13:47Z
SRR5946863	2	560392630	4350ba5c76ee594ce1a06df94c0f3d59	5f8dfc11b3c70778fab3cdad500a7db86fc018a6d37da879d6625d14fd7de659	aws-kraken2/data/cohort/SRR5946863_2.fastq.gz	7Tmlj5600YlYiFqlylXBHQ5RqVaPyTQx	2026-10-08T05:14:13Z
SRR5946869	1	357125611	d018c0662d4f4e37c13b98eec48a51b7	f12702dfc142cfbbf3472163ddb4e96e45f6f3a0793fc56506a239ddec3b80ba	aws-kraken2/data/cohort/SRR5946869_1.fastq.gz	vVFPST9kemWoz.prxXmWV9nCuC7.8p09	2026-10-08T05:14:12Z
SRR5946869	2	361604700	4f6dce9f54fa1be24b99cc2f0ece2166	fa1b9ab642e9dce82c65bb9c5f36068e77339cbb5f933ea5ebc6e066cf769a9f	aws-kraken2/data/cohort/SRR5946869_2.fastq.gz	Zl69B0ZKqTrf59ukZTMHs0f3SUsXJqYm	2026-10-08T05:14:22Z
SRR5946871	1	508433228	6b85b783827702741463ff825bfea1d4	1bbebd4bf19a7b11080793145f84597bb1cd25251bb050d53db98dfa61890243	aws-kraken2/data/cohort/SRR5946871_1.fastq.gz	MGuHjAhg5RRkYB3Mxr8813uAmLSisu05	2026-10-08T05:14:17Z
SRR5946871	2	527531772	d0d9d4e3c33a7519c92f578073189300	2d1ae55596ae4c893b5f604ac97c67914ea3f30cf9602d429be3a41e5fecec32	aws-kraken2/data/cohort/SRR5946871_2.fastq.gz	ctn3i1hCsPMqAd_0fS2lbDgAXo8CCGQU	2026-10-08T05:14:46Z
SRR5946877	1	481916954	7d84162cfbce53622ffb41ba102ff3dc	977af8a05be8fc30fa20140d4e043600c9d775d060f45e85a72477fb9313250d	aws-kraken2/data/cohort/SRR5946877_1.fastq.gz	3kULG.uVtXRoC4zIETvRveMd0Of.Zmcu	2026-10-08T05:15:14Z
SRR5946877	2	482053625	49c10953a2793704edf8b8a6de7ebb14	f150f5f9a3dc57723183935b8f01b955d97e2517f48857ea298cf7e5e8136c0f	aws-kraken2/data/cohort/SRR5946877_2.fastq.gz	tuXzvIGjFZ2ga3NGi_0RwxGiOsoqf5j9	2026-10-08T05:15:02Z
SRR5946879	1	735572415	c7ab1ce504e6abc5a9eb2ad1c9744d3f	c7d4e16935f60996ed93752f95a818f2ee86697fd2debce438d89be68d5e4b0d	aws-kraken2/data/cohort/SRR5946879_1.fastq.gz	7GI9PxLn0aI9aXrTTg4Vd.WrFwMDxM1N	2026-10-08T05:17:08Z
SRR5946879	2	736440653	82f3fc6da9acb88b81be3d084124ed40	46ad61b4a0feba6625151999287123c3ba1a6293dacb1a6771f212efb61f8234	aws-kraken2/data/cohort/SRR5946879_2.fastq.gz	HYnBafSSFukpKuSwaWM.wO0N8xI0J0Tu	2026-10-08T05:17:19Z
SRR5946885	1	586241240	580aef67f3118e1a5ec26aa1f0cbb443	222c53586455509a2fa382b4bc8ee96c3bc76a534b87ac81e4898eeac3bd26a7	aws-kraken2/data/cohort/SRR5946885_1.fastq.gz	pLbJhmk7Oew9vTBG0sAKMrPMDViB9Ifb	2026-10-08T05:16:44Z
SRR5946885	2	600341615	b790deae785910faee4205546b91744e	38f3127b3895d751e149910dcaaefa2eb4b4c47355bdb90b1f4cef3094b4d233	aws-kraken2/data/cohort/SRR5946885_2.fastq.gz	Bwtm1tZZ8Jsox6KmoFiF6ULbnAM6pzl0	2026-10-08T05:16:48Z
SRR5946887	1	736589247	83fd8800a1b36407d321a25aa19d39cf	3dfe4ae1dcf4914f0cd00fa0655138797ee907039dc6a301fb345217330a1e00	aws-kraken2/data/cohort/SRR5946887_1.fastq.gz	1VMO2odKuJEYSO6UqfZg4KpQywegB8KT	2026-10-08T05:16:54Z
SRR5946887	2	742946189	17c147846e08eb684dd46433c5a07d15	0c5e3ee025e2fa41a6fcf0eb5b18009b079ad8f0424b84838f119eaf65db8541	aws-kraken2/data/cohort/SRR5946887_2.fastq.gz	wEoXh2r0c12fnGAtJ0kXq9h6jA2cLE6r	2026-10-08T05:17:02Z
SRR5946893	1	925177816	87cd433e0a319f4ed8d1694757130619	f01b7a3f0164c837bea4d31ddc502df9da7bda85448e85f4b7c99030afea0124	aws-kraken2/data/cohort/SRR5946893_1.fastq.gz	jgX9fuat_TMRGRqe9nSdh.HoWIVu_Hoe	2026-10-08T05:19:02Z
SRR5946893	2	948744299	04956034f38cabd48137476549285850	345452d5ae73a2f123e1572df4c0931c38db59d4993eb394f07c9fff1b39810d	aws-kraken2/data/cohort/SRR5946893_2.fastq.gz	3Ion2.a5m5MrSfeNjfmfOQCEH2W6x54f	2026-10-08T05:18:52Z
SRR5946895	1	447451950	8a4de6ccb14153b480d855e8ceb575ec	43890af7272609d6c33ab6dd3267bf00cfc80b2a49b178084234ecd90b37bd84	aws-kraken2/data/cohort/SRR5946895_1.fastq.gz	laIQs7Z3iUgtAMSukPkDh.PGfcApPOHg	2026-10-08T05:16:05Z
SRR5946895	2	464954701	68a8861de81921fdd6e48dbe3581ea8a	5229a4f518653da73b031c08a726a2ce6bd8ada861ba9d44418c409f120c1c10	aws-kraken2/data/cohort/SRR5946895_2.fastq.gz	kYp3vSIq8EVZy_c2DkJbWXpgWloPfqEM	2026-10-08T05:16:47Z
SRR5946901	1	378731343	bfc540964fd06799676dca4ea6a70d62	b3ee7c30cc62777a781882f693b5af1658a46fa61e88ae556abe0669b018c787	aws-kraken2/data/cohort/SRR5946901_1.fastq.gz	P6x5eIyZp7v65OBoaJ5wxUjjyrQfruOJ	2026-10-08T05:16:50Z
SRR5946901	2	380668213	6b450274ebc6b832150e575eb4d97ec2	d764b57fb6b7fb1fcf13c717a96af7a9bb1ca54bd4ca55c2d969e38cafcbb45a	aws-kraken2/data/cohort/SRR5946901_2.fastq.gz	8QUAj81tNhS9IOUDis8R_DBZnT9Vh2UK	2026-10-08T05:16:39Z
SRR5946903	1	714807158	775b1aa023d2a88c25b0a3d728a4acbe	353ece542ed34d4addbf90cbc6d5b9b009eb11d8c7bc3d5d493a0a9e97d170c7	aws-kraken2/data/cohort/SRR5946903_1.fastq.gz	JdPiKXUQOmpM2APkFI9oR48dKL5NiBnx	2026-10-08T05:19:03Z
SRR5946903	2	707913830	b5ed19302c87d35d8d804b7a2b7db77e	74c3fbc11329e3cfa9d4abf7c59d3193d9f7e38311fc36f24fb6f1f5bf53647a	aws-kraken2/data/cohort/SRR5946903_2.fastq.gz	xIghs9yjXzRb0kfgdPBejJpPjWI5PbRx	2026-10-08T05:19:48Z
SRR5946909	1	512027970	b1c86cfb2b55b00e01e6b238567c6028	7ca2c0d2ef21f3c5c7bec58ddc25a59ea5dd3a5d0adfc91bda07a4cff7441140	aws-kraken2/data/cohort/SRR5946909_1.fastq.gz	M7kzREwEHm36lwHIcXeDLUJJk9rtdmbb	2026-10-08T05:18:56Z
SRR5946909	2	510905776	f80335f11897cd58bfe99f6ab78e3280	d46e3ca96e0246f1e787f9b573a93b76dd7da5a8d428cbede76fa970cfc23983	aws-kraken2/data/cohort/SRR5946909_2.fastq.gz	HrgusPRD4KdRLJ3ree2E6on21wydoG.j	2026-10-08T05:18:58Z
SRR5946911	1	653059327	bdc5649f8c283b06f8ebf0d0bc536c59	da1f4f073292bcb46a97662f20a655b625a2ad425c485912b9393f95a630d882	aws-kraken2/data/cohort/SRR5946911_1.fastq.gz	AsovNvJORMl1vi3d4Rd.UwStHY7yISVI	2026-10-08T05:19:30Z
SRR5946911	2	656492973	4948b48b24f1e83bc8cd71ea00909874	bb500334db57e7f9264957594c9e92e7f036cf41b93c4e0e3379c7c93b6fac03	aws-kraken2/data/cohort/SRR5946911_2.fastq.gz	mm2PXd1tBdkFRZ43o4ipncHjlr4IzWrx	2026-10-08T05:19:40Z
SRR5946917	1	49253680	c73947cfc207ec72ac5d0a336a782b87	55c93263da78b69f908364cffa3475904748ec6af51c265bc9f443e5a96951f8	aws-kraken2/data/cohort/SRR5946917_1.fastq.gz	KxRadWD7PdEO5KXmsH8uCEnhYzeU51Sa	2026-10-08T05:17:05Z
SRR5946917	2	48880505	6513c6a34129f7f6c5de3013b5c83707	042e7dec8c720e7a361f8acbcadbf7d7c5e2eab8693ca41fa341edbe81ee086d	aws-kraken2/data/cohort/SRR5946917_2.fastq.gz	tGoBWnx.2.DMPE116bAJ.IrePhFBW0KL	2026-10-08T05:17:06Z
SRR5946919	1	973054373	ccc58a31f0fe3db52bfec34db703de97	bb02ba19283a9196c1c376c8c236718749b17622e6e07366fefd4fa2a253e7a5	aws-kraken2/data/cohort/SRR5946919_1.fastq.gz	deaYS_dEj4fYXjB76i2nmUWvUv2svSQI	2026-10-08T05:20:48Z
SRR5946919	2	988786507	b25c9b0b44c9e316b1e83e9a37d5ea44	30b6a5fecad56718aca5556d05fee7cc4adc7077e1710ef864992c40542dc6d9	aws-kraken2/data/cohort/SRR5946919_2.fastq.gz	5UD.0YNsct8A5nWSkZbAVR.daqLkFoN9	2026-10-08T05:21:20Z
SRR5946925	1	734721531	7faa960da7dd70efbfa4aead66a58890	1a58e5f252467ca0ce36639370a9cdb16a5caa7ecc86ed2c611266486c5a694f	aws-kraken2/data/cohort/SRR5946925_1.fastq.gz	4ws3mlRF9p1GV5XEjGcxs2SCcZsRM0Cu	2026-10-08T05:20:32Z
SRR5946925	2	724873619	563f2c6cca9e616f03d8a4bc50f76734	7bc701280174ed575c9d7621d6c9a9744386c73db111ff45d67c41371c4d56cf	aws-kraken2/data/cohort/SRR5946925_2.fastq.gz	dKOVsbo.65W5lKJWXPbEL2jeoY3DDZ8d	2026-10-08T05:19:58Z
SRR5946927	1	478690178	70b9a7efad9753c224baa10cbe7adbad	0eaa4f80bb23a968ea0608ca870bf1fdc1b00db3237a6593b65e7fb6b626481e	aws-kraken2/data/cohort/SRR5946927_1.fastq.gz	RuiHxt2FAbrat5GvgQD7rGZoriMCUl29	2026-10-08T05:20:50Z
SRR5946927	2	481517118	b7eee5c7f141d5c518a6be7d046c60d6	1641293218bd65d9c2e93bb8a441c6bca12a19df1cdd8eebd5947750158930cf	aws-kraken2/data/cohort/SRR5946927_2.fastq.gz	FTberhMN1ZyjygaGqZC2GEvPL8aJybcm	2026-10-08T05:21:35Z
SRR5946933	1	608063059	421d2d67a6a6cc83291d8bcfd94fb1ce	953e2ffbc278f4ec0b9c418b324a3671eb6d97cf6379e3ea2389694ef14beff1	aws-kraken2/data/cohort/SRR5946933_1.fastq.gz	DZLfdGzvU7akcBEJuOrgzkewu5w3ssBr	2026-10-08T05:24:18Z
SRR5946933	2	609696418	10822693aff00e05ec3b5f1fb2c3c9ed	4ba05dc686025df70517caae8406aae75366207320e251da83d6e2726a03e8dc	aws-kraken2/data/cohort/SRR5946933_2.fastq.gz	TZ24HefEwMDPHkQc8wVWpKgwUS2KByto	2026-10-08T05:21:31Z
SRR5946935	1	492048618	e74062d5c6703a0530ea595610352b6e	84a23cabf72f86dd82d3401c61ce0b4d6723add889af2095b6ad040d4ef4de8c	aws-kraken2/data/cohort/SRR5946935_1.fastq.gz	ZNCiWGGtXafIhgKQK4AGfrTmaHl8k0tS	2026-10-08T05:21:48Z
SRR5946935	2	483141547	2d4e148e0d925d18665fbf42fbebc2a6	1f4ed554c841068b01b66ae7f09902bf45fee1ff5b3b8b307d50e60a8984a535	aws-kraken2/data/cohort/SRR5946935_2.fastq.gz	VIwTVj9Z661Fc.nwXr2QOcl21RIYoKeK	2026-10-08T05:22:40Z
SRR5946941	1	591392724	9c820e61dc377cb07dd079eece3abee7	197f767c97466dcc0b9f733f6c86ca73f8899f2eab998fe9f357b2d7d210b9e7	aws-kraken2/data/cohort/SRR5946941_1.fastq.gz	MbmqfydGW5URhnqH4IPB1LTF2jL8ULN8	2026-10-08T05:21:28Z
SRR5946941	2	613138797	05f53e20dbf0edcfd858f26783b6d039	49be5649f2a0de2be3a9659d96fe575fc6f2c6e785fbe01a33b6f42f5b8a6aea	aws-kraken2/data/cohort/SRR5946941_2.fastq.gz	wEmmf_4VcK33M5PkHhEGzPVlZE1lq5JI	2026-10-08T05:21:23Z
SRR5946943	1	675692276	078a9ac97de1a24ff2d61f2c297c2e28	339b4d29b1e232e5da8706958a057ad0418b0be04386b85a34041ec3b4c0ebea	aws-kraken2/data/cohort/SRR5946943_1.fastq.gz	iaoB8h2Y3KkxeoMknuGlk8jA417ymkOV	2026-10-08T05:23:27Z
SRR5946943	2	670463988	e4e00ffef16de2bbec91f3fd9c0c338e	2b5c98d53462d509843f80f08c3e1f8e7291f065ea4e6df6f617caa0942c724e	aws-kraken2/data/cohort/SRR5946943_2.fastq.gz	7JTPtALZ7IXc98g6sjnuuKrjNoxhug91	2026-10-08T05:23:37Z
SRR5946949	1	255519219	dbd40ae871dbf98aaf377b5ce5479048	e7ed3ffa7002d569e60f8f3e190449f99ab8074473711e410d98d7f4b64a93a9	aws-kraken2/data/cohort/SRR5946949_1.fastq.gz	.31.2rGp3cjiYYVOGzbWuoEtwuBzo4cE	2026-10-08T05:21:11Z
SRR5946949	2	254881849	8154b6f5ffa4bea33cbe29c328c1b6ff	6698290819d88e5116ab4f6b5b3de47430419acfee1bb88004510e96bd852e8c	aws-kraken2/data/cohort/SRR5946949_2.fastq.gz	s6h7wdYzQ0e2GxB8eC21bRUxlxMfGwpB	2026-10-08T05:21:36Z
SRR5946951	1	494112772	b5b401710b009806af97e0d5bfcf4297	911d23b5359fca3e3684d6dd30af9f3c8532d819bd712d4e29d70458871fd4b2	aws-kraken2/data/cohort/SRR5946951_1.fastq.gz	3nHvJ34psFJbFsTyp0N7Jhdasa4lLeBU	2026-10-08T05:23:30Z
SRR5946951	2	489266864	7ed3fbd2c62188aa15674347a47aec51	53f1a3b1ee77fb38d12a365d65920b1fc5f4f3015320ac6f08275fec2a589dfa	aws-kraken2/data/cohort/SRR5946951_2.fastq.gz	EnBoWUSY_kO7ZC_jyupnqdBOLQt6nLjh	2026-10-08T05:23:52Z
SRR5946957	1	323126879	bcce5c8911b8f47c3edca5ef5625761b	684eae8b440cd9daec1596c9a76fa9183d76839f2e8ddc058a7242a0773d09e6	aws-kraken2/data/cohort/SRR5946957_1.fastq.gz	BuZcsbX1tUb7hV8Is_I73TCBJQKJCwqK	2026-10-08T05:22:48Z
SRR5946957	2	323387015	d9a312405e14100539cb4b64a45060d9	6a23daa666916c41702eaf9c6a3eb86d47456e63450098a3ffe4caf4d287823b	aws-kraken2/data/cohort/SRR5946957_2.fastq.gz	iolcsKEbCrzqIw.CAhg0zR7DUaM_7wKZ	2026-10-08T05:22:52Z
SRR5946959	1	642829065	b6d2e5a515cc4535b857599e121b7358	68510c03530c53d91acb5016301e141883360abf44c26303f58b07a49c06b850	aws-kraken2/data/cohort/SRR5946959_1.fastq.gz	rS4NNKOCFVS1vjefoI24RLKG4YcGRo5I	2026-10-08T05:24:28Z
SRR5946959	2	645878138	7e76165368eab5fea89892d420ae61b4	9e32a29e4fc92c122d6b7a356a66a03b802ca2635d5af3132d007614d5abb27f	aws-kraken2/data/cohort/SRR5946959_2.fastq.gz	m3YgyY8C0XLuHupllKb.YJsehOSE02ep	2026-10-08T05:25:12Z
SRR5946965	1	407887518	e14096ef015941163a17e35f344bf342	51f13b6b06b57afcd0e4af47d75e60cd732373d6a3359b3905b730e18bf8112c	aws-kraken2/data/cohort/SRR5946965_1.fastq.gz	F87tgqYZwprnTny.S13Ije4Ou9ryhwk5	2026-10-08T05:23:08Z
SRR5946965	2	396822080	e73a681dec13933401e9a1431cb1e5da	59e8b2b0152b08de63656d2bef52d7a4be3696a89d364ff89e5671991910de33	aws-kraken2/data/cohort/SRR5946965_2.fastq.gz	eujK3ZRalxIyAW2G50yeweoA9k9cpT5F	2026-10-08T05:23:04Z
SRR5946967	1	310649240	808e61ec347c139245c28fede48c4db0	379bcde5792899c7a93f76e4a6ed141eba8df4edbd52f3ee9cb3f75b91fb532e	aws-kraken2/data/cohort/SRR5946967_1.fastq.gz	xx3PkrCld57rH9qABFii9hI4qd6fuNyH	2026-10-08T05:24:52Z
SRR5946967	2	314578973	bc2da870fc6e256a3259f9f75d8c302a	a135f66a766da7b004fbdf74e2e755243e20383977c55e5038b2d8daa0894cd2	aws-kraken2/data/cohort/SRR5946967_2.fastq.gz	LHYvJroP8._6g9uzlDMkhLo6gTAdEYu6	2026-10-08T05:24:49Z
SRR5946973	1	361946136	47cc1a9173341fc5e0ac8180e60a9d9b	ef01f58087315be68379e141fbfefa3e492adf3a94d4c4fa6c4ba167f5cae824	aws-kraken2/data/cohort/SRR5946973_1.fastq.gz	GjKaaHPQi2qivqHvxVPeuC_pCPRACkbc	2026-10-08T05:23:05Z
SRR5946973	2	363840937	498149dca53d12c45d88fbe16a2ab94b	55686dab18a1ee55eeaee1568de2fef1bdc20c52cdc23460a59d3415733589e3	aws-kraken2/data/cohort/SRR5946973_2.fastq.gz	JjwDG9sEqsD7SOahwYrPseup4omD_hfZ	2026-10-08T05:24:20Z
SRR5946975	1	1050238364	cb21e9aa4d106ed93298cae97192cdc7	0dc65db96742cc751b8eec3940ee792abf6e06e3779d44678d27631142c5631e	aws-kraken2/data/cohort/SRR5946975_1.fastq.gz	Q.pYO2ikoLr_E66JGzVtVukye5pR1jtZ	2026-10-08T05:27:51Z
SRR5946975	2	1112207543	4db473411e8af0e5f06606d7262b7980	7b04c7020fb1f8996090f7d6b3795996c8d03a903de88686f8b02a05da2c34df	aws-kraken2/data/cohort/SRR5946975_2.fastq.gz	PNaYhoCLRiyYyj8n1vctdbXbRi6NV3e8	2026-10-08T05:28:07Z
SRR5946981	1	743213430	bed9ed3f38d2f7b7ab926b43395f6a6a	17828babb9d7909f9ae92739ebab2571f55c9831dd0b17c678b575c575c077b6	aws-kraken2/data/cohort/SRR5946981_1.fastq.gz	mS60UWfIrsdHBhsgNyxv.bsqrpXvfc8o	2026-10-08T05:26:34Z
SRR5946981	2	750067120	c05c4d432c7a524e7c9aa16575231e12	97a7012383e9156435ee9ead8b968f824f2c540930aa0890b5c69a7924a53b17	aws-kraken2/data/cohort/SRR5946981_2.fastq.gz	IulTZoNPM5WoOslDCRmGHguy3dSTteO5	2026-10-08T05:26:40Z
SRR5946983	1	5926329	e629b231e9dac0b6ca18cb09a240bc22	d60c48ab7306b7fa98c18b285a131f241556640c66caacc94dafcd1cc3f694c0	aws-kraken2/data/cohort/SRR5946983_1.fastq.gz	OFCIipddO1bkinQvbxTLAV2Znsd_sDQZ	2026-10-08T05:24:32Z
SRR5946983	2	5730802	f300efefb974a68e8e1d7bfa71071854	7e65bdd05de2f73c1b03978031488be8dc73289f9289767d5501a637b216cf62	aws-kraken2/data/cohort/SRR5946983_2.fastq.gz	rGrJfaM8RDhGruuBW8gq8mpHaCGDXCjs	2026-10-08T05:24:35Z
SRR5946989	1	811137835	65278d72c67c77cdfad02a3c2e4ded6f	28b5b17b6c5f19597bc810e3ee8be7c9821c063605e21b79149258e2416090e7	aws-kraken2/data/cohort/SRR5946989_1.fastq.gz	Eu24Jegqah4OPMUCkPaYal43BdkWR4Vl	2026-10-08T05:26:41Z
SRR5946989	2	801264109	04a7af140ea547abc998b95b7fe6dfef	4fa901616dd86b63099dc14836a8b330e93212f5daa33a5677c91dd689e72063	aws-kraken2/data/cohort/SRR5946989_2.fastq.gz	iMx20yBYYhrREmH888NhJoYv7rfPVOjz	2026-10-08T05:26:18Z
SRR5946991	1	417056550	31e3c1fcbfc5e4ecdd91951254de309c	c67eb5954a1b4f7f03f6e9e79ffdcc289d33e52b62f51d43e9c258ed30114963	aws-kraken2/data/cohort/SRR5946991_1.fastq.gz	KpTTu9ZKYiCF8K3NZZJvJ36s_.DUTaFs	2026-10-08T05:26:25Z
SRR5946991	2	413074007	953976f847752960b54bbb9cdc15a49b	f29627d4546968d415184ce1d2337d7b9b57337e17ae4d5c7de781df5d3640c0	aws-kraken2/data/cohort/SRR5946991_2.fastq.gz	J6MZ5BNpqLW9tQEdSBZc9uNgU.EJMHhU	2026-10-08T05:26:27Z
SRR5946997	1	683608864	f93e39cbc0bdbb543b4594b5882adee0	752bb41a48080f43f8e3cb0b17a7f5f683d8f04ea9305db81fdf6beeb2c31857	aws-kraken2/data/cohort/SRR5946997_1.fastq.gz	zoONOJcGxqQb48l9rNZ3Dql8PSr4ypqp	2026-10-08T05:27:09Z
SRR5946997	2	681192487	e3ba68a559b64dd1f33544ae90db93e9	917747e3c0da932b24ea3e57f3bbf7af7ee1c1c866f4e0b6a595016f20f42d50	aws-kraken2/data/cohort/SRR5946997_2.fastq.gz	P9mv1V.csRAnJBXkGO.5mJfVNgUxk0WK	2026-10-08T05:26:52Z
SRR5946999	1	543150915	a2624a99c03c8a8cdb0f1b31b830c718	99281bad4043d8acf5a0e8b602637ceec9f84a0a9d5e1d1865d7a995dea89bd3	aws-kraken2/data/cohort/SRR5946999_1.fastq.gz	olwsTVpClVdxKLZKogC2R1TKGLS.K4gj	2026-10-08T05:27:23Z
SRR5946999	2	544897059	703e9afb3b9d1a14418005f00f414702	d4d773e22681d51e07b4ac0a39fb193e8e0c655df9aa49a4981ded5212880199	aws-kraken2/data/cohort/SRR5946999_2.fastq.gz	mPDrfH9n1h3r1_Btr7OPHy2J7uK5ybnH	2026-10-08T05:27:20Z
SRR5947005	1	578100167	666f166da8db5fcbc27136a01e48e9b3	14e91c28883e6354075dff3db1a76c6c68da049e653e4b41c3ca57f77384612d	aws-kraken2/data/cohort/SRR5947005_1.fastq.gz	rPFZkqQ7qZ5maXZmzN04hQolkdpMQCQ.	2026-10-08T05:29:43Z
SRR5947005	2	581465386	15434026bd2b91f7135783e96161f122	f00f61462626a5d7cf90238825004c18d5ded60617bb7627c3a9a9df08f6b742	aws-kraken2/data/cohort/SRR5947005_2.fastq.gz	EFGi7i5.XaaUlp7t0kfhCuCYhmZ7.NfH	2026-10-08T05:28:41Z
SRR5947007	1	748023885	6e34a99c89c2b0b2ae540b3eee3b29a6	277bb6c5888d476b24acf38db29737f8d3dbe8677ffd1cf6188099f8c48c269c	aws-kraken2/data/cohort/SRR5947007_1.fastq.gz	pWJfqCW7QvonNCJp19hbtELF9Q0sBDBi	2026-10-08T05:29:38Z
SRR5947007	2	746324786	ed3db054b3d9489942fe67f70f6511fa	89e8ec7ff4e2a3d6efd7febddd64777895608aa21878757c8d786bc62ad3896a	aws-kraken2/data/cohort/SRR5947007_2.fastq.gz	RK7kVPxiwOEA6o8qDPt8psRIxdnjuGif	2026-10-08T05:29:46Z
SRR5947013	1	639659681	f28a6e30defe47849fb651795ed89efd	f4a3110d249f254eb3f456eb25768c4d033a74042d6c92201ba9fc033a9a88ae	aws-kraken2/data/cohort/SRR5947013_1.fastq.gz	4kavLRcb4FyoYGg9ciBH8cYbvZ0sC0NH	2026-10-08T05:29:17Z
SRR5947013	2	658050082	5f76f995fe8586eb9ad13b80599ffd52	aa53740a887af998f2d35c2553364aec2eb51917cd83dc68b3d154856ca07eb8	aws-kraken2/data/cohort/SRR5947013_2.fastq.gz	8hrAhVcpWs8oSV4p66OPEkuZ09KqUV5G	2026-10-08T05:29:38Z
SRR5947015	1	774503394	e59f4796d63c85233d42fd0a220a07b7	533f018c810ae234b8a892ef6c187fd09f5c019293bb6ef49f04ec31faf7e588	aws-kraken2/data/cohort/SRR5947015_1.fastq.gz	dUKlxm7Kyc.TfJLtN1EXCN5bTVMVzXRe	2026-10-08T05:30:28Z
SRR5947015	2	770877691	ac7dd58767250fda858cb9bbc93a1191	20707da9054b2d55107e577ade59343d3adec4fffab4ff6023103a7834f7da42	aws-kraken2/data/cohort/SRR5947015_2.fastq.gz	scuumcT5PIIBcvW1TF6rY4vfCOJ2SwbG	2026-10-08T05:30:44Z
SRR5947021	1	548283780	d535162974dc930634a1e85ea16a612e	1e874edf7e0c6ead64f6eed92425b1ea2a26fe4a65cef9ea3a4cebc2e35f17e2	aws-kraken2/data/cohort/SRR5947021_1.fastq.gz	Xr3IsgCY3XJxzFOf9ob2pgeg_Xi3bfFm	2026-10-08T05:28:47Z
SRR5947021	2	545937718	c3b5a6577b213b07dd06fba1cd9af5b8	607ac7cbc5b701f12c18824713cbb9c700d1ea192c9c8da606ab24b84bb5b522	aws-kraken2/data/cohort/SRR5947021_2.fastq.gz	7lDl2jxY.IYuvex_I.KfqFBLAvU2_3UZ	2026-10-08T05:29:22Z
SRR5947023	1	463175013	9de3dab03881f1da8bc89ac52641741e	e8891f50fb93d6356425a5f4465436144c5afe23ba2dcc4b85b375b571ee06fd	aws-kraken2/data/cohort/SRR5947023_1.fastq.gz	t3knVBPaFJOMPONzMfOummuQeKD04M7T	2026-10-08T05:30:00Z
SRR5947023	2	472438722	2ac2b556c2ea344165a1c9b1e7f3b93a	961cf42da64282f31be75855917c62342311c5e2bffb0e7db47fea7ebefc85ec	aws-kraken2/data/cohort/SRR5947023_2.fastq.gz	t34tS7fqxppd24gR0cNATZs7WMETwRTl	2026-10-08T05:30:04Z
SRR5947029	1	642718942	684d39eb3ea9b6b95d2e41aad35f94ef	d68c891d1f9a660616929aa054c0b4c39e5e842a04b3b04023a1d7a5b22740c3	aws-kraken2/data/cohort/SRR5947029_1.fastq.gz	50vsVSfa1gY5Kmjt9RN4J6OaTDekI2C9	2026-10-08T05:31:57Z
SRR5947029	2	635873908	f80f774cffd605004acebac80ff15be3	12f9cb2f20620add470de7c9b530aca305ea1ceb126bb9ba3a852de81babfaa6	aws-kraken2/data/cohort/SRR5947029_2.fastq.gz	OU.HjB6lxEzPEdLV85CqUpcVpBYCCQxA	2026-10-08T05:31:24Z
SRR5947031	1	383962193	dd088c52222a2949ae4ce6c54964eba4	666b8f03188a4e290d846a80cc0d8291196f592ec24b1841f82ae99bb7ddd2f2	aws-kraken2/data/cohort/SRR5947031_1.fastq.gz	hPSJoHlUV82_AStWUOlrb0Z7bkGdwzSI	2026-10-08T05:31:32Z
SRR5947031	2	381765157	29b1bf59c7d3a4ac5decc26824732626	ae4dc47c9cda46d57eca07e079e5e86be065b1c618a0f1026190cc6412180d3e	aws-kraken2/data/cohort/SRR5947031_2.fastq.gz	fLcEziR0lx7iFpqz.HQSeSDJhuHI38cC	2026-10-08T05:31:23Z
SRR5947037	1	565184844	0831cd64f3ec7856f42961b1b8be067e	bb3f7ef98dde7738a2206f5d9dac0e0051a5b898ef786bbe68515173b8ddc6ed	aws-kraken2/data/cohort/SRR5947037_1.fastq.gz	wbI97QMbpACHr2e_kgURl8Z0y0a5PXgF	2026-10-08T05:31:33Z
SRR5947037	2	582138940	086b075eb641937110cfb8a6488fc923	2f55a6379fc456177f30b92add58794e761f4e3bc089e6326dfcf4cd3a67e26b	aws-kraken2/data/cohort/SRR5947037_2.fastq.gz	avtPV_1Y4_iANPZvq4CWK3NPR7hmRFao	2026-10-08T05:31:37Z
SRR5947039	1	650270850	58b624a7600b1ddaa663107307209a2b	00727c610e6f43a38392110e331e1d59d3d7e96e1819b9bc2310608038fd20b6	aws-kraken2/data/cohort/SRR5947039_1.fastq.gz	Ysa.SMbMiaHkFoh6uve8xDcAp_k6.NLC	2026-10-08T05:32:37Z
SRR5947039	2	658548641	3635f620e6971b4a21b9ff37b49f42f3	b083a3028795dd0be43249f0dd8e8e2ab0354450740173bfc5dccae09cd2fd96	aws-kraken2/data/cohort/SRR5947039_2.fastq.gz	__JDjX6AK1Ljg8JNff2D4.Ci.V5lqXa7	2026-10-08T05:32:47Z
SRR5947045	1	749279818	9a388d7b75de45fdb0d0fc4982fd93e3	1c7227fea4f894716c7f41aac39267174b251f7f180e7f51edfd5401134b6dd7	aws-kraken2/data/cohort/SRR5947045_1.fastq.gz	skya6Z343y.2RQPDcqEL9KSEq7589bQ9	2026-10-08T05:32:46Z
SRR5947045	2	751794794	cca7dad93bcae371f202fec1c8a55c5d	8b955ec60aee346ddc7fafd5f6e48bf81923c72ec10a654154254bc8977dc677	aws-kraken2/data/cohort/SRR5947045_2.fastq.gz	YhqDAJjN.x6MO92mOpcEmoF8N.rdk2Ps	2026-10-08T05:32:40Z
SRR5947047	1	123493175	348698efcbde2853c31dd32954d890eb	bc7d207a0701cb3e3ee088a0d486114de6f156be33e12a41f7b844fd623a9682	aws-kraken2/data/cohort/SRR5947047_1.fastq.gz	a32oh0ksm4QJsUMavqnRaTL3xZ.GnV14	2026-10-08T05:31:03Z
SRR5947047	2	120684066	61891ca506c543148c2b1ae35fc45f7b	a26b645323890458330542dac41e5d980ee5cd82c60cf3ebd8aa9c1fb12d1da0	aws-kraken2/data/cohort/SRR5947047_2.fastq.gz	tSo8bSDA49hPAhI9t8ncUJ3fUPdpXzAu	2026-10-08T05:31:20Z
SRR5947053	1	332147628	cd064f7a1acd8979c808730c3f0beedb	57096397ec79f3dd391cf42bea6eef237131da2c37df77bafe3f11b01a5ee0a2	aws-kraken2/data/cohort/SRR5947053_1.fastq.gz	7LMkyN7jksQdlZ5q8RJwVUt9ISF0epz5	2026-10-08T05:32:57Z
SRR5947053	2	334705219	21055ec5a87b9a27ff03bc5bb4db88a2	1527724f8f0306d0569b42cb026c573f003c0c5b654ed97e4f8b97aa29d66e22	aws-kraken2/data/cohort/SRR5947053_2.fastq.gz	gHmrI.uDWmUEsl3iWQgJm9VVpyfHSMMI	2026-10-08T05:32:56Z
SRR5947055	1	739325148	f2ad908626da50c57f05d77a66430161	26d21dd14dc0baef678ed3826f6cb88e115e968bc97813b9bda8a44408ab6ffd	aws-kraken2/data/cohort/SRR5947055_1.fastq.gz	4qCcNXPgAKKyWt36Rp4KyoBOrh.Heijv	2026-10-08T05:34:00Z
SRR5947055	2	740035293	fcfbf1ed419a5503de13b4605cfa2581	90a25da985e989267a97649343774bdaa7ab1501167e8dedb3e858f6f2578917	aws-kraken2/data/cohort/SRR5947055_2.fastq.gz	3PsVWx2YcBVOtfvVhDgZCUJT_rcnh1gK	2026-10-08T05:35:14Z
SRR5947061	1	464302050	ac960745845b9ed6c13084c7afb4b03e	c290142d20132a25d4eef545c577c02b68f15a38a27d3033d06d3ac2f2b9d4ae	aws-kraken2/data/cohort/SRR5947061_1.fastq.gz	4_mcZi8ueF4_qP712.BOAXR26ds70qJY	2026-10-08T05:34:03Z
SRR5947061	2	477676480	35c6905907c865d960c416905b17e84d	45e5dc810baa1bed25e5fd2965f85012a09b46c5864df178c122bda082fc4af9	aws-kraken2/data/cohort/SRR5947061_2.fastq.gz	fH9J78K5VVf.gMoFn1UxHgthW1eMfgqS	2026-10-08T05:33:49Z
SRR5947063	1	617994384	280a7683dd6106bf8c48c29aa4bf6e8c	e5c9251c225104f066c6406dec17c505fff29a03aece4981d0b8119f8d98ceda	aws-kraken2/data/cohort/SRR5947063_1.fastq.gz	CJAWVO70hl3FP2JPw2mtuz9LTniKCELv	2026-10-08T05:33:46Z
SRR5947063	2	614239933	0c09f48e915464a306acf8c10ad06dc1	c02357c64d7fd9bd1eccc4d114a03336ca8c27d7437bdaa659028f3d127d314d	aws-kraken2/data/cohort/SRR5947063_2.fastq.gz	D.RBlRqiNH.f9nQKkC8x1AYDiD0kkHXC	2026-10-08T05:33:54Z
SRR5947069	1	286692134	a56a711ad8138430fc755781423b62bd	9f67c52c501d4e01b93081b6e9bd59093daf4ac65f38dc9f8077d6eb0faeb645	aws-kraken2/data/cohort/SRR5947069_1.fastq.gz	CSGWYoIh75pEL4k2KUUcOxbdBEiktZpc	2026-10-08T05:33:52Z
SRR5947069	2	281524031	991100f0db627f5725c7eced4b9414ae	ce772f0b937bbcb12e51d57bcb05451843e8a86e9fc873ad1267ce4dced44d3c	aws-kraken2/data/cohort/SRR5947069_2.fastq.gz	bVkIAqTGoKpCpnF3sKc902X.g_DpuCOR	2026-10-08T05:34:23Z
SRR5947071	1	603186304	1f1cdff21ba54b225f1a3eb3cad65ccd	108ff16f2674245a880c9e3c9234dd5352977c31af98efe4b414d5b7bd00374a	aws-kraken2/data/cohort/SRR5947071_1.fastq.gz	WOjlGFqm3nReHeA4v6qMKHdB4U2T.A15	2026-10-08T05:35:00Z
SRR5947071	2	599637138	19ff36fab4ee84a1733ecc9fd5087d83	23a53e65c03af0a3afce0e3398e2837716545ef6cd24fe1583f7d27193d01f0c	aws-kraken2/data/cohort/SRR5947071_2.fastq.gz	OtCw4h6h1bh6RzIB5dF39tRqjHPn2y9.	2026-10-08T05:35:05Z
SRR5947077	1	511240924	74a783c4a0c40b735267f5ffbbc0f6bd	9eef7df2068bcfc283912e8ad5bde8f232bcdc033ec481a9cffd828b3f80c5d3	aws-kraken2/data/cohort/SRR5947077_1.fastq.gz	t_3ArRphqOxkJ9roP0LZlPnWlbiddn9M	2026-10-08T05:36:03Z
SRR5947077	2	516357253	afe6f5e0517a174ca6aba0abf3a8db34	1201d2f0e96c58784c6b3110c1650a4318a2ef086a09a810c6fd77772ea761b6	aws-kraken2/data/cohort/SRR5947077_2.fastq.gz	diSG5NvBskeIssYjZpEalGTfzw3Dec4H	2026-10-08T05:34:54Z
SRR5947079	1	471744923	f5363a96c20d15fe408c98ae1fac659c	91a6f4b1b1c99f8bfad8c9f09d68d5485c546be33d487b292fa61ca9f260d117	aws-kraken2/data/cohort/SRR5947079_1.fastq.gz	lB6bh.x_bVaBMGv7GlVBTzkO7jST58dH	2026-10-08T05:35:33Z
SRR5947079	2	485428027	469d146480a14000d790c4ef087e642d	b831c013936476ab92fbfcf88ec23d62c1228abd99b2bf19d051ce278b188159	aws-kraken2/data/cohort/SRR5947079_2.fastq.gz	buhHJ.YyYXeQ86C6KUjf29sebzT5zSGS	2026-10-08T05:35:47Z
SRR5947085	1	450255610	088633ece182681d7036e3c95e38b9fd	4c8b45e61a987a96035bdf04b573c7e69b92a07f0b295c07bfe3de40ba042322	aws-kraken2/data/cohort/SRR5947085_1.fastq.gz	4u3JmaxA9NVPFIhK4.B3BU5eokmvwGvu	2026-10-08T05:35:46Z
SRR5947085	2	445646524	4c18bedbac62315d3852f83f13a56426	984ed2ed1e9b99884b795bf927d14705825f2f9b31cc9aba5a3edd9afdfba80f	aws-kraken2/data/cohort/SRR5947085_2.fastq.gz	xoyhMyrUcyW3MrXdPVOncI7Vju5QAoWo	2026-10-08T05:35:48Z
SRR5947087	1	362521584	669e11d8279cbee8a2a9f4879d0bae6e	65c36ebee99909aeb841b66a7547d2aff73a102172989a2c2e23efedba66a99e	aws-kraken2/data/cohort/SRR5947087_1.fastq.gz	PO_yi7.jXegX_s8eER3077c.KJ92Iuz8	2026-10-08T05:35:44Z
SRR5947087	2	363488319	62a4ba39321d44fc0b3142c5c5d4e6fb	32cee27f792c91480aac8e4308393248d37763117b2fd67d3c13bd33044a5f99	aws-kraken2/data/cohort/SRR5947087_2.fastq.gz	dhXU.1lipJjQBZv8Tqd4ylEacBGN7O9h	2026-10-08T05:36:29Z
SRR5947093	1	61831	d9a9b36353fd033fceedbc247956337d	4e1bd4e379e8c0402e17566a0a9b902b50cb34bdbda9950366b9d8896db9ecbf	aws-kraken2/data/cohort/SRR5947093_1.fastq.gz	V8gGWbeEuqENnVhhYzV2grs.gN_un5Me	2026-10-08T05:34:04Z
SRR5947093	2	64791	f14f972ccb89b8d09ec630d5b99ff0df	9dc9e8ffde47f9bd4e68fb359e8dcca618869b191dc774943a8c9af334fbe5b6	aws-kraken2/data/cohort/SRR5947093_2.fastq.gz	tJJHtXlXtmWhFOv_pKk..DEPFiJ5Lg56	2026-10-08T05:34:06Z
SRR5947095	1	807343368	a898b05131e94817784de402f724ab8a	907ebf6c5e9d79fa36a192f1360ec790a0c418ed0ad9acb980937e8197445b11	aws-kraken2/data/cohort/SRR5947095_1.fastq.gz	a7DwCZpgb8aPKND_vRi.nRyIARS6r6aj	2026-10-08T05:38:06Z
SRR5947095	2	809597504	17c17e5d0d1389689dbcb36f0e87f4af	471f3b37a8e5dd195a65f199f17abf24b08d6a1f744619a77cf928fcf2e71f91	aws-kraken2/data/cohort/SRR5947095_2.fastq.gz	FMkyeVX9azdRdwLOU.h18ER0eNICNwO.	2026-10-08T05:38:30Z
SRR5947101	1	645515231	cb498c38222f03b01406ada1ca219cb2	fb01b01e1618b09bda53a45ed373a66d2cb58bf0134f7e92ac661ea72fa45da6	aws-kraken2/data/cohort/SRR5947101_1.fastq.gz	15jCxNgRMZdYXm8jRkX.uYB6RDDMwzNn	2026-10-08T05:36:33Z
SRR5947101	2	649532913	3238eb8d8bf8ccf02adcc2458b41b5ec	70b402d1aa6d4d2e807602ca2e63cd1577a889ca128b415cd5626098b0c85538	aws-kraken2/data/cohort/SRR5947101_2.fastq.gz	G0dX_ai9YR66.A6uTWUqCdNxdy0wcnzH	2026-10-08T05:36:57Z
SRR5947103	1	59698065	f4537f2012b863eb3c17822cdfd5def1	a4e219fd3b6220d26bcbc7a3f577dc22859638a0e05ac517dcbc1049caabc681	aws-kraken2/data/cohort/SRR5947103_1.fastq.gz	_ebKTq.G7OLAnnkAFjova5jtgjpuBFJM	2026-10-08T05:35:53Z
SRR5947103	2	58418618	843089172d8ef036fb6c9e023ead8394	cceac6ebf9a83b8b5e18f092950cc50d5cbecf101b3884a244467325a2579b94	aws-kraken2/data/cohort/SRR5947103_2.fastq.gz	t_R9iA9pX5tgiZzMU2K7ZYBvfLqkhoCx	2026-10-08T05:36:03Z
SRR5935753	1	669107924	be8fdd934e5de8a17b8a09ccca8f9e6e	c233e74d749d7966259f7f97f20d874093e3e3750fbf71c5a48a0145b6fbd7b5	aws-kraken2/data/cohort/SRR5935753_1.fastq.gz	mI5Yzt3X8R2Zz6gaDvsnMBNxgQOHmVGN	2026-10-08T05:45:44Z
SRR5935753	2	676211798	8784706ab2a8fa5efbc440072a98c5c4	197c86248414e664ba8823476e7e71776770d6445c93327e877add01cab1d5de	aws-kraken2/data/cohort/SRR5935753_2.fastq.gz	YHeqc.NVFX_Bc2jc3yhNTK0zAi5RPlJB	2026-10-08T05:45:44Z
SRR5935765	1	515376280	07643b37714a1c5ce21f1d2e2eb88b3c	115ba03db3fcb81e229992384560ba6a2b977dd3baba11d3b3951ebb8727cb29	aws-kraken2/data/cohort/SRR5935765_1.fastq.gz	VjzrhRW7kwQbodlhTGkxxfE67mXWEnE9	2026-10-08T05:45:44Z
SRR5935765	2	506779081	1b1b4732bc89ca17dc6c5b66d5fbfbe2	e520d053b6b0c700784f12897806b213a0343b75b85d1f81c92731173210cf10	aws-kraken2/data/cohort/SRR5935765_2.fastq.gz	.FKIBwiJtZ3SnDhjgugntBZKeRCx_RNQ	2026-10-08T05:45:43Z
SRR5935777	1	399147758	cf02a6edab08fd3d707f99e476240016	ac587a5d152c63eed3607a1c589595cc3bff2dbafd4d0bff0b92406d72dc9ca3	aws-kraken2/data/cohort/SRR5935777_1.fastq.gz	uBNOn7kmZNVrRoLGI9RiscVAPBRZrFFe	2026-10-08T05:45:44Z
SRR5935777	2	402570015	eb972e35b7c503044542008fd0246ca2	3a960910c2d47da6d1e25efe38b45becd34899aa993af54480a265ccc42db356	aws-kraken2/data/cohort/SRR5935777_2.fastq.gz	mcpQ.NaG1I2j70jhkwxL1QxXq5y_twae	2026-10-08T05:45:43Z
SRR5935789	1	70698241	b5867c80c3c221a1d96fa579315a1be3	4af44c008a9b807045bf09bd81611ca96d8fab180e037c749f62ccf810de7341	aws-kraken2/data/cohort/SRR5935789_1.fastq.gz	E9yo1XRw8D.aU.VwF7Ej645t.o8nJMvP	2026-10-08T05:45:45Z
SRR5935789	2	69613149	b7d8c000d983ae5900bbf739af523e1a	456422e76f3cf33e004b2cb242518b01c0ed30662fd1b4b63acf4707e3ab591c	aws-kraken2/data/cohort/SRR5935789_2.fastq.gz	34gbozpwX5fxGVhozxRp94uqjfDXr76Z	2026-10-08T05:45:45Z
SRR5935801	1	626604569	83dd527fb465ba2ac90d6611095b3e05	c6e1358350ad593c5eac9006b0bb7b3902f8cadd9037b435b5a6459995ed5b16	aws-kraken2/data/cohort/SRR5935801_1.fastq.gz	gAI.89hgy7hoeus1jn2CQVFhmv_BngL1	2026-10-08T05:45:45Z
SRR5935801	2	635725992	9deabea2772703319c0fe4ec48f42724	2d5bba091fe8b378845d5567a6d655f5e69ff8898c8bd34bc6f4317492574eb0	aws-kraken2/data/cohort/SRR5935801_2.fastq.gz	hIVcPANRQLhFykgQJNCan3KdlPdZm8Vk	2026-10-08T05:45:45Z
SRR5935813	1	824270660	9a2b1b5b9eb43d8d7627ff4178047bf7	528fb1639a5b2420403ee5ab8f169b023bf09343315dcc3bc4398dcaa6664219	aws-kraken2/data/cohort/SRR5935813_1.fastq.gz	SbQ09TqVmV5hv3hStwwENyweMU_fPB4s	2026-10-08T05:45:46Z
SRR5935813	2	838547480	879510aeaeb28654e8a8af90eda94a02	616a94302ea8dd3282f2c715b83e71cfbf8a08a2038385a6f7ce5c799ae08af0	aws-kraken2/data/cohort/SRR5935813_2.fastq.gz	RvSlpQdsY6.HAPh4l2TbwCzESN9.FyJM	2026-10-08T05:45:45Z
SRR5935825	1	548823805	cd633ca5d5ec3ae634429e2bb001cd1d	ea0e5b1d550212caabadd5a280b409d4d8e734b0d559e248b5823e00b0d920cc	aws-kraken2/data/cohort/SRR5935825_1.fastq.gz	CJKf6xZPIgq2C6iiQEezKJf4EZanXuNa	2026-10-08T05:45:47Z
SRR5935825	2	541777765	c4bd17b6f5a245f4ad9904a42c33d00f	72f4a3e9a607d8decd00917306f2c560dc5e0e17e384864c67d8d2bffa4ddc87	aws-kraken2/data/cohort/SRR5935825_2.fastq.gz	EQlvSY9C1fAlmgviuQ6ppLth7uDSOoi2	2026-10-08T05:45:47Z
SRR5935837	1	431419023	3beca0ad8c834b4e3f3dfa5347f3897b	ac6b544bd9d7c0ca06f02ec391e30f29f472a77586b05078832533e1327c3b27	aws-kraken2/data/cohort/SRR5935837_1.fastq.gz	uDDGkVTfD9j6p1lImCtKPL36kQaGNZ2c	2026-10-08T05:45:47Z
SRR5935837	2	438803514	9b24348db87ee434457675cb0e157814	7cca49eb16b938338cce718677083c29248756136f51f87cfa642c1554b68553	aws-kraken2/data/cohort/SRR5935837_2.fastq.gz	A5OwHnfq0miIw3DLZfOv1qplNDR0K5Ce	2026-10-08T05:45:47Z
SRR5935849	1	915274029	714379138964ad2afd35eda2d203401e	4b7d5be361e7e33b0ce44451014bfdfb256e4870f26d4624b3161e7069b09665	aws-kraken2/data/cohort/SRR5935849_1.fastq.gz	xg4xLVTGZgGM4SCxeN6cIHfuDhaxeI.F	2026-10-08T05:45:47Z
SRR5935849	2	909337304	b06dfffef28c3e0ace2d646520cb6015	30ddb11370ea7884e7f64b574de400c0efd630690974d666e34d86eb9ef4d27d	aws-kraken2/data/cohort/SRR5935849_2.fastq.gz	oHoe7K4Za2t.26DMvqAwyqdYUQKHoE6v	2026-10-08T05:45:47Z
SRR5935861	1	585841143	7a1a9a04c000afd081616d3f9dbe63f2	bfc1f0cce70feb5c6f53f0d79f3e9a0f19ba2856d9fdf0f4aa372e5b94a7c3ca	aws-kraken2/data/cohort/SRR5935861_1.fastq.gz	ACtLl3JoPuESX9nZHiJFbUMlLX4GMt3j	2026-10-08T05:45:48Z
SRR5935861	2	589095772	c9dc9b767d0044fbd2ebba6120760ea8	3d6cf9fcb465964073b44e90f5db48c10e76a1d477122e2d3543198eac70fed1	aws-kraken2/data/cohort/SRR5935861_2.fastq.gz	3vy8ejYC2MFyz1FQKIjAQUFhxx8DOSHD	2026-10-08T05:45:48Z
SRR5935873	1	620468227	566a2d2fc1af2f1d8ecc165aea5eafcf	451f8c0a82fa861528e7d55fc0e82757cfc697267d1054d4d34b17ffc7d44c52	aws-kraken2/data/cohort/SRR5935873_1.fastq.gz	F9ddl75G54cO7QP9U39WUyKinKuf8ojN	2026-10-08T05:45:49Z
SRR5935873	2	621308541	29de626c27633431685f9dbf1aa0cb42	0de27c5fcfbff81003769f564685050ffa4983b7ace8c6a1ea19de9455af8520	aws-kraken2/data/cohort/SRR5935873_2.fastq.gz	GAWT3nhdqYko2DUph.xVfpRrzZ3dVl0u	2026-10-08T05:45:49Z
SRR5935885	1	553200671	5160cb9378159d06890f29563141e1cd	d38904be3bb5da914b7862028a07b63e209689a092337f5cf94803e22e3137d9	aws-kraken2/data/cohort/SRR5935885_1.fastq.gz	GU.1HdVe7nCWeJHmIKtYWDC4so_HSTmp	2026-10-08T05:45:49Z
SRR5935885	2	555199306	3a4f38334e6c182aa15ee78af11e0d78	6b50b455f2cf3818acde7b044d2de96ced240233c6a62ac0ea239493319746b4	aws-kraken2/data/cohort/SRR5935885_2.fastq.gz	9xH9qqkJCf1zbGOaTiN53xDOPoX_7fcX	2026-10-08T05:45:49Z
SRR5935897	1	885320902	a1ae996b4134e30c8f39d5182a4b5103	92372ae281639067c8cf9f0cc026a51e67a9a740d21bd484a4d77b2cabb041fe	aws-kraken2/data/cohort/SRR5935897_1.fastq.gz	hjQbea8szD20hGBodf_xx7DQ8eW7qGUm	2026-10-08T05:45:50Z
SRR5935897	2	874225662	d62f2e974eecb9695cce1936f0c2cd5f	b7297416ad5bf4708f4f7551920150c034f5401e8fa7dccda77d9026a8b32b5b	aws-kraken2/data/cohort/SRR5935897_2.fastq.gz	wC8O8BSjXynleb5kPNv3EEq5cfWawlqo	2026-10-08T05:45:50Z
SRR5935909	1	561974739	9b9356f5ff2e5c651253c3fb8f251693	598a05be7cdeb1dc20babf7bcbc8b4695d62453ead126c4fdbdf4a6d3fd40768	aws-kraken2/data/cohort/SRR5935909_1.fastq.gz	9kvv726rxWS8ii7rygQLFwcTWIl8MsGI	2026-10-08T05:45:50Z
SRR5935909	2	565292924	be2a6efc2312cf4d8330f523d329e868	97b2d5f3975a5c2d14f77bd65fe7e9326eade5006723539410e4064cf8eb0e26	aws-kraken2/data/cohort/SRR5935909_2.fastq.gz	ev5rHd4EPHoORYY8b2HzdYZsnuxhZco.	2026-10-08T05:45:50Z
SRR5935921	1	351307598	12043088b364b66400e53106e531f04d	23cdf0870026d28b7b6237d26e8a30b7f44b683a91b54ababa46b88c4b462c0d	aws-kraken2/data/cohort/SRR5935921_1.fastq.gz	K5qtArg6P7rELM4IG37MMghoPL52P8Z4	2026-10-08T05:45:50Z
SRR5935921	2	351745449	d22ddd66725714ef757369d91934cbf4	31235bdd07e63fb2c469269409535c633bde5712bb6754cc1b475ae0aef2da6e	aws-kraken2/data/cohort/SRR5935921_2.fastq.gz	ke5B_uGVqUihmA3ecpM6lnh2TYcjEl28	2026-10-08T05:45:51Z
SRR5935933	1	441551138	491352ec24f3c7dedbc3720574891838	bb883ec2dd3419e69501e9ad1b9da4c9271bd522b9694893d3931a1dfc00faa0	aws-kraken2/data/cohort/SRR5935933_1.fastq.gz	EeMDh.q7oCd55I5_bDobBHn.aj5EQo2A	2026-10-08T05:45:51Z
SRR5935933	2	443376047	59766f4cb6b6edfbbee2d43bc81c32b4	abf90823da021acac530d562483e1d594c453e1148d78c07b30b98085c183c38	aws-kraken2/data/cohort/SRR5935933_2.fastq.gz	YUR.9Iiqot7oKj66ITlxe8eZACHSWdOr	2026-10-08T05:45:51Z
SRR5935945	1	655145591	8791a427cec2fbe04b30178f24103933	8bc047c7757c779b15db25926a9e2d4a0b79755ab877370ff564dabcbe92a749	aws-kraken2/data/cohort/SRR5935945_1.fastq.gz	u.L6Y86fsmzcY0vhaETwTJNwz_wvmw5q	2026-10-08T05:45:52Z
SRR5935945	2	677661987	dcde15a9a2e6fb05f1d600cc6b63c7f1	13401f5ede5c6fcfdf06d79664e473b0987246ccedce472035373b8cead2c616	aws-kraken2/data/cohort/SRR5935945_2.fastq.gz	CVNDC37yyUr8xS0QUz4rNdZc38NwAd08	2026-10-08T05:45:52Z
SRR5935957	1	743098256	d0f6775dbfe5079d73afc336696c204a	1887556af904743d3a7adb0a3e636043acb0e9166dff5dcda3fbac44a1f8719d	aws-kraken2/data/cohort/SRR5935957_1.fastq.gz	0CGjiJCEPHNbN1ndtlyzvFDbho9tBgkp	2026-10-08T05:45:51Z
SRR5935957	2	757604778	861f5c7af6c23462890702dd88003982	7849d83587b1fd72c7bf666524bd232ccab6d0a75c36ce28465b633fc7826a2e	aws-kraken2/data/cohort/SRR5935957_2.fastq.gz	t90_f9A67Tqh3e27xnmtu3MQnLXv6EQl	2026-10-08T05:45:52Z
SRR5935969	1	595557180	79137f8877acf96c04d59569f27bc826	1a71b78db7f292dfdcb11445b646b8bf8037c9815fe86dbdd7abf6d014b7e363	aws-kraken2/data/cohort/SRR5935969_1.fastq.gz	4qBA1fA7P9PND_FnvNVwuCbuzj6KeqwH	2026-10-08T05:45:52Z
SRR5935969	2	591841744	4b62b956d503deb14aec51acff0e0ef2	5e5c91882fe9e394f987b04c929d5c07f422508cbb52430780043926b07f6ae0	aws-kraken2/data/cohort/SRR5935969_2.fastq.gz	E887cV18wWdz_MVHJlsQUvfbnzbSSrIr	2026-10-08T05:45:53Z
SRR5935981	1	551700198	ab83ea42a34b5200c68f9e52472affb9	d22e6ffe59de52e553d91459136693b23954d791ca4fe4b87739046c8f6c88da	aws-kraken2/data/cohort/SRR5935981_1.fastq.gz	_k1xbrQBQ68MA_fsetmfzmctUrhaI0jZ	2026-10-08T05:45:53Z
SRR5935981	2	546871851	78beb8255587defa57648000cc8c2b44	58ee50161a073090ced73018f75b180ca5699baaba3d778a3432add2e9eab9df	aws-kraken2/data/cohort/SRR5935981_2.fastq.gz	v9KZe6reyaM0EqlReMZJjiul1tEQWaOD	2026-10-08T05:45:53Z
SRR5935993	1	647948254	4b4b1855e227bccf8c83a3dc271a7158	e5851b897e45e70b77ae4bd23f6ada458247ad044d2edb2660d4c66b9bf03fc3	aws-kraken2/data/cohort/SRR5935993_1.fastq.gz	WevBwXkfIYaZ4ruadEPUgp5mk_.KHY8g	2026-10-08T05:45:53Z
SRR5935993	2	660417962	9305c5dd381f78c0c354edc00f668685	5f67ba951e831a984da01fe784c58bf381c6ebfb1a63d488b7e4b370b0b639fd	aws-kraken2/data/cohort/SRR5935993_2.fastq.gz	Merm.55FMQQC4ORwRT_VDgdv8YIeYoc3	2026-10-08T05:45:53Z
SRR5936005	1	486252697	6ee1c912dd0a49563435afe085c54148	490dcf559a36ad1ab7bb08d559d840bed6247dca2cfda5be82b5435e4ce3e7fa	aws-kraken2/data/cohort/SRR5936005_1.fastq.gz	gWEfQUZ1L0bocwiOoXwyA6rV0nB5.KuX	2026-10-08T05:45:54Z
SRR5936005	2	487625041	b2fcc2daab29aa325eb2dd0e4c927b22	37da05a54faa62923e8a39434270858b3c2d90b1f08f753a973dfdf5a885b603	aws-kraken2/data/cohort/SRR5936005_2.fastq.gz	dVNl6nhCNsBkSWZJjz8GX11jT.kZXptM	2026-10-08T05:45:54Z
SRR5936017	1	464133891	4d3e1ace99249a320b82a2e6e01987fa	576a540d5d353104ff6646a169db4e029edc0db3152fd80c97c4aadc0a755cff	aws-kraken2/data/cohort/SRR5936017_1.fastq.gz	klEoOkP3oPC2VfmZhzIHtZ74pzUWf.q0	2026-10-08T05:45:54Z
SRR5936017	2	464286200	159198200fb26526c37df9104a154b57	86d37fe3d6f3e131b5954444c884e2ab97b802c916a7d13adcee60cdd7fd7dcb	aws-kraken2/data/cohort/SRR5936017_2.fastq.gz	9l6hNss0XaNnQK.X0nPqBZPYCI630LyV	2026-10-08T05:45:54Z
SRR5936029	1	587239864	0ae9f79a7026b1c1b4cef52974cf07c8	4bc6024c22cd18effee4d77b339be345c364a31f2face033a412ab0934f89e10	aws-kraken2/data/cohort/SRR5936029_1.fastq.gz	.00cL5W74EJd5wuatsLzI2DrCIr1qDvI	2026-10-08T05:45:54Z
SRR5936029	2	588317830	ee0d794414e5620c8d9179971696c59e	1b92090c9a57066dc5ddfbc500413b1dd39e8025874cac1bdc1f253c966e0c1b	aws-kraken2/data/cohort/SRR5936029_2.fastq.gz	AuAIzmgO99eWybZwTPUsRZyivcuixBng	2026-10-08T05:45:55Z
SRR5936041	1	828074793	d351ce342d86b53d0ae4a7258867beee	c577569a2d049bfa32cf210d7474fb5c808384aff6d78cdc8c72bd3cd38562a1	aws-kraken2/data/cohort/SRR5936041_1.fastq.gz	N2UVJkq74fQiYI4JZYfb95jyxMyGBwoO	2026-10-08T05:45:55Z
SRR5936041	2	824982822	88f985f76f5bc12821c2627a009960c0	25ef9c22866fab8891ca7e01a12a9a66f1687960fb7dce0e9a898b8c317a65e0	aws-kraken2/data/cohort/SRR5936041_2.fastq.gz	IzYxbql2CF.1Y4rRsQmQltdDCH90DfRl	2026-10-08T05:45:55Z
SRR5936053	1	780649704	91bc78bc88bfc4c17608ede30463d39f	76155a9c645150f4418be1bb3ac8a96a2465fdd6ddf5ca0e839c1c0a97667d64	aws-kraken2/data/cohort/SRR5936053_1.fastq.gz	fEQPD6AgdCmCtXVgF73vMS.1IeyW3b44	2026-10-08T05:45:56Z
SRR5936053	2	782597202	bc057d92963cdad6f8aaa5823b19f41c	4aa7b907af0f01a9741386137da5cd4b5263db1e24a88e3124e5fb340492c1db	aws-kraken2/data/cohort/SRR5936053_2.fastq.gz	uczitf.9dM_qx.vuu.Nia_0079GNaniE	2026-10-08T05:45:56Z
SRR5936065	1	823153566	3651f60f8350ba596ae36e4d95fdb47e	d1339e1703de32724531899eca8f9f93f2ba73101e1196519b22a83d890d4f07	aws-kraken2/data/cohort/SRR5936065_1.fastq.gz	TT2z6tmnmvKbHb.tYEyFmxCjgxFq2NZE	2026-10-08T05:45:56Z
SRR5936065	2	819150074	d257574551001390e984400594c78995	be333e0d84aa25c762f0ab12e0adae4d41ecfa3424a5c6ae972b00f2cddf28b0	aws-kraken2/data/cohort/SRR5936065_2.fastq.gz	1RaBN4v50y0nFrGyzrVds6SRKryiiy6G	2026-10-08T05:45:56Z
SRR5936077	1	724089225	47bdc7827f08671a16dfdbbe06211302	38d57041aff95e901d38d4a4caa180a3d53e388b5df4184315912d822044711c	aws-kraken2/data/cohort/SRR5936077_1.fastq.gz	G7dLU_Zo08XMn7eBzr_sDyUc9rmKx07T	2026-10-08T05:45:57Z
SRR5936077	2	711306228	10599bd6dcc4a8336e2d1fce7ebdc01c	293100c902964d434776d5ee12cae55eadce5b3fc99771cb372761663c540123	aws-kraken2/data/cohort/SRR5936077_2.fastq.gz	ADupmTXxrfNdof2V211NSOgHEi8XdMYR	2026-10-08T05:45:56Z
SRR5936089	1	234666918	c68dceae614cba5e3693cbb29dacd74e	6248274a7c23aaeac68b36783d2973b0f17fc0c31459b794ce417cdd3149346e	aws-kraken2/data/cohort/SRR5936089_1.fastq.gz	T2oGRS1A3eN_ypH0yZTrwr8K_TFvwXnk	2026-10-08T05:45:57Z
SRR5936089	2	233148487	aa8ce02c7649f1df4e497791a9b3b9e3	95e2acbe7f3dd9824b7573d7bd85451c148bcdadd7c47d3d308b5a0201a7b590	aws-kraken2/data/cohort/SRR5936089_2.fastq.gz	wkTCAH6bkf9Qz_VvA86gbWioF_SC8uYF	2026-10-08T05:45:57Z
SRR5936101	1	660369290	a0eb1cd580b92944d3cdb661a08e16c4	8c816c5861093a481f94ca5526c55f0d251330cac9ebb4361fcd81bf3aca46d8	aws-kraken2/data/cohort/SRR5936101_1.fastq.gz	rfFYjr4ndzxqTOaPoOfsKN88mq2W4mj7	2026-10-08T05:45:57Z
SRR5936101	2	667999856	66119f2778acba3d3375eff79817e45c	df71d29f9330e017adbee1f136c8fe8739f2dd7d5a2286a913dc45cc683608bb	aws-kraken2/data/cohort/SRR5936101_2.fastq.gz	8KkWGq4SrG9TFBu1nuYub0U06EfFKFZ_	2026-10-08T05:45:58Z
SRR5936113	1	647583217	127ddf69fa51bc746f567b674e7cc84b	f2e98a4f2ef24cbe1d9382929a57c79e2efee89ea9a4094aa7c8dd2d3295f12a	aws-kraken2/data/cohort/SRR5936113_1.fastq.gz	5FhJ7LB.SAzSb9DKB62KZ2lPc6kmlvb0	2026-10-08T05:45:58Z
SRR5936113	2	644459232	9ee05c576f92a96334ea8cfcbf3212bd	cf658b5d98a14495f3c8258b8ec0ce26e8a86a6271f03d00103ea7fc5af251e8	aws-kraken2/data/cohort/SRR5936113_2.fastq.gz	opq.a40h55XZ3GRSHhgB06WJUzFiCvG3	2026-10-08T05:45:58Z
SRR5936125	1	842432471	4880ddc3ff9386217c71686fef13cc6d	65e9e8b22b5f1e6f8afefac47649cc53442cc4b542ed5268dddcb84f8b3c38dc	aws-kraken2/data/cohort/SRR5936125_1.fastq.gz	Mug4Dx6HdRsn4LMqg4Xsz6Wh7h9nsEfv	2026-10-08T05:45:59Z
SRR5936125	2	840286413	6bac31a1cf262123d0663737d1babb1a	252cf20701631f7b6fed25df66d057caa2f63a664317eaff56fdc0014d5e8d67	aws-kraken2/data/cohort/SRR5936125_2.fastq.gz	WbqK7HYi14n_vqW8y3a2iJxWGG5T.kml	2026-10-08T05:45:59Z
SRR5936137	1	279775280	177ab874ea0dd66c68780841a4e883ac	67111412b907aaf30860789b4ff81503025e515028e690d838aae2ba0b447594	aws-kraken2/data/cohort/SRR5936137_1.fastq.gz	YWRx.KEdQP3HFRt0_Y2v5KJw7WlqCkDm	2026-10-08T05:45:59Z
SRR5936137	2	281128612	6cd991802fef6c89029d2088bdd8a224	61d394b3e41a95651760417ad9908c56d4c87edcf0e6239ac82461d3f74660b0	aws-kraken2/data/cohort/SRR5936137_2.fastq.gz	FuIonD45X3Ly7wMQnqxbzyz1C7hnkHAB	2026-10-08T05:45:59Z
SRR5936149	1	615198892	97382cedac1c1f6c8ebca978e5e2b018	ade77d4254a966c8401876264d27b12e2325e81b19c6ec27479d6e5e87773c62	aws-kraken2/data/cohort/SRR5936149_1.fastq.gz	MMeYWjlyXxk_XPNe4qa7CGfu4Kf2mtkT	2026-10-08T05:46:00Z
SRR5936149	2	623411888	cec3fef8814a42b9587cdf1a3976ff62	0105dd3621829823179379ff683cd6b34358e8f2814744eeaa38387793435158	aws-kraken2/data/cohort/SRR5936149_2.fastq.gz	VhJOj5.wOumIcEdfeNa3Q6ncvQivlHAU	2026-10-08T05:45:59Z
SRR5936161	1	761766636	d6655571453610c717a8e90ba339c9e0	8cd2037c477079588393f0ea66c067b093d92e0d03c4b558bc0409e95addb8da	aws-kraken2/data/cohort/SRR5936161_1.fastq.gz	XoqvVApBiRCYzG5d3FW79lU9WJDCeFch	2026-10-08T05:46:00Z
SRR5936161	2	762976268	eaba20e273e3f7f46401328b281a567c	96833af30d893711a23f0dfb81bab8f80f7c3ccc80faa4c94b5f2b44012f1530	aws-kraken2/data/cohort/SRR5936161_2.fastq.gz	AhERZMJR7VgVTOxauFRxxjJt7aUNCbl9	2026-10-08T05:46:00Z
SRR5936173	1	703794286	fd0302e08076c849eb12ee86d3a72560	a86ded1134b65060a0b8dfec737eda250b08d8664615ea9586bc244ada601d41	aws-kraken2/data/cohort/SRR5936173_1.fastq.gz	pv.4BLcowJhBZfHwk1.8ev95ATAPQUQ1	2026-10-08T05:46:00Z
SRR5936173	2	694986611	4e0d92ed19d1c84629d75364202efcf2	f28a7e9e4e44c445ab887c6483e0f0474aee1193dd0bf86c35a554bff28c747e	aws-kraken2/data/cohort/SRR5936173_2.fastq.gz	aHXBdhkaQy73.isI6UawOtJ53LqUvMA4	2026-10-08T05:46:00Z
SRR5936185	1	499475149	42d6c4c6962fbc1e6e758f6a0d76229a	227f6fce4b9b4e34f6dfff5dda3dd9124eea9d455e118313bf07d4c334cc7aac	aws-kraken2/data/cohort/SRR5936185_1.fastq.gz	8e6aCJRKj5WHvoQy6GaA3ViPPNtqFzeO	2026-10-08T05:46:01Z
SRR5936185	2	498240015	3b0fbf6dea7da960e279a03d1fd2ac0b	9fd8d7b144a9dfef51360e56d23c7b0d20dacd60aeea22f5c97214dc5fb6e366	aws-kraken2/data/cohort/SRR5936185_2.fastq.gz	R9rFPk0q8Z5pWRwnL2ScfnSmAJr_pIA6	2026-10-08T05:46:01Z
SRR5936197	1	1103022342	7d97caaa4f0f6f9ec29fb8d092e99dac	26091062b6773d22bc9bd91a707ffc9392a95c155299a3d3955a118dae2fdecc	aws-kraken2/data/cohort/SRR5936197_1.fastq.gz	BQcoMETmx5qHPFJ0r6G3.ugjrjkvmE2I	2026-10-08T05:46:01Z
SRR5936197	2	1095200286	c185ad46c2bb1956236680f3346691ec	c4194bc03b3fa85be52763e49959f101acbf943ca9f4264b9bb46a8ecc6d9966	aws-kraken2/data/cohort/SRR5936197_2.fastq.gz	ZSlxRpKJLqgV7y9YiaIg2_D5a4.ffgnf	2026-10-08T05:46:01Z
SRR5936209	1	550763170	b5c8b1b73235bea3d128cb5dbebee30a	9c90a0674dbf8fd03deecb5c57bc10e313c6606270976003847bb47c62964ace	aws-kraken2/data/cohort/SRR5936209_1.fastq.gz	mlZEVmnx_0zjL1ysx3nZMSHoEwx0JlMP	2026-10-08T05:46:01Z
SRR5936209	2	518858598	b6ceceb9278ad6f238deb4a8508e02a1	601f2c8947e066cd4305c35909407f477123fcfe73fe7d83e734bb40d1bb0926	aws-kraken2/data/cohort/SRR5936209_2.fastq.gz	MhnkcOe8Jjv8h9PYDpuRd9g4qWjkAbRU	2026-10-08T05:46:01Z
SRR5936221	1	1305333470	09828ba64976ebb54d068f6c92afc972	69ef8475b833af8f9ea7e4d659384953dc1a25caeecab9da81602a4b9118afc3	aws-kraken2/data/cohort/SRR5936221_1.fastq.gz	SRYJM6PQCLVAGwWGDJCXSzB0.QUcKLZX	2026-10-08T05:46:02Z
SRR5936221	2	1306941614	ef97dd37d7b46396df95f55896dac27d	1f6da5e02aef8e8cef6beb289a81e960e4f2cf40677cf9537e2b1d732ce85585	aws-kraken2/data/cohort/SRR5936221_2.fastq.gz	gPRrGnwpOkuzbZKenLepT69gPnPq5g3_	2026-10-08T05:46:02Z
SRR5936233	1	809389069	7983e9a0e77ac8f5c505ba9625023de9	e88d8e3bfb52db61ae83940d7baaef32a87a167af7e5efabed3ee58453736c41	aws-kraken2/data/cohort/SRR5936233_1.fastq.gz	qQ0T0hsilmHQqrs4.XTRkoY1UTz061ht	2026-10-08T05:46:02Z
SRR5936233	2	815628003	d964f3bf322ccd9c106ad90735c2066a	7c21438c56d0edeae4a801f8a60096ea77e2011ad769d83ec575596b93b9c8a3	aws-kraken2/data/cohort/SRR5936233_2.fastq.gz	zQbrBac_mRSL940T97h1bfPuKnx8NtfU	2026-10-08T05:46:02Z
SRR5946610	1	712180988	add4335d4a26885b692f5d8de516645d	a4996de1da800a88946403f66199d5ac8435b7c34dbaa04da32d558282ba4ade	aws-kraken2/data/cohort/SRR5946610_1.fastq.gz	rfpgJ8iRA4jM5cGpdJ_FerFWEuXEQ.lz	2026-10-08T05:46:02Z
SRR5946610	2	720175879	18edd7cabe854a2e5832f7c3385753bd	8b76870e590da4a7641445c965b8c13018aa16f5e8cc3986ed8e6d70618370e5	aws-kraken2/data/cohort/SRR5946610_2.fastq.gz	_kK8JWecrwter65M.XbS0pibExqE2.Sl	2026-10-08T05:46:03Z
SRR5946622	1	426554972	4b1c6d3bbe23e6f5d01af8e9b84b44ef	7801cd9b74a10c63a0341e31c558c3c995f3bd94919585fc2c27ebf17041fd91	aws-kraken2/data/cohort/SRR5946622_1.fastq.gz	Fq..XZ25fX6Bf_cv6w51CPYyGNcUO9Zd	2026-10-08T05:46:02Z
SRR5946622	2	420894726	4b752335dd02c550b1a994cb3d029f0d	7f1acf46a0b523cbe10c8c53eedc0e381ba5c0eb059a501ffc4032f9a8d5edb5	aws-kraken2/data/cohort/SRR5946622_2.fastq.gz	.oCxf.4psMDlkUtX4rqGefZATYxy3QE4	2026-10-08T05:46:03Z
SRR5946634	1	554871607	cece23a441a9c49b49e449f2805320c4	41a47d2ea3fed2a404e857d060e1c4f686ac0b8f4b816d169a14d4b3ad50abb2	aws-kraken2/data/cohort/SRR5946634_1.fastq.gz	aQ7Z5It4OziKVnq25ZymXBmiFqsP57.T	2026-10-08T05:46:03Z
SRR5946634	2	565475501	3b9b963b1d43f62b32613f8fbac8bf82	e0b80931d558273388ca464f424bbea26f972640eaeddbb5916ed9d13f8c6621	aws-kraken2/data/cohort/SRR5946634_2.fastq.gz	R81H9ZtpqkhUZf5BPoFmNMOTiFAnoH.t	2026-10-08T05:46:03Z
SRR5946646	1	547417572	95e09c782f661738621794196d6440da	f3387072f3957188519367fef0558c654d1484d790edfd62448c33d0ebe77f4a	aws-kraken2/data/cohort/SRR5946646_1.fastq.gz	SEDAXAQ9xt3pMw0OuT1.XAn4pFN0SSq4	2026-10-08T05:46:03Z
SRR5946646	2	541559650	1288e565ada839119271878deb88f293	712b167f9f33191eb9fa8d3224aac64d56c9511c0a8663bad20bff7c334f46dc	aws-kraken2/data/cohort/SRR5946646_2.fastq.gz	98eb81O6tLhGd0R_8.BFgKeb_13thjQh	2026-10-08T05:46:04Z
SRR5946658	1	943159823	ce749a90459ba00f24a624a55797b8fa	43f5fea49627c594c78a627d3a020e05ca71b7984dadf429fdc50471193567d4	aws-kraken2/data/cohort/SRR5946658_1.fastq.gz	sH3YGhZry8OlOOWtbx08yE5dPILSD2lJ	2026-10-08T05:46:04Z
SRR5946658	2	936828304	4848ac95a7ff6ba6c8a02d3a0914add5	bcbaf9186008815179a95d37ae975acdf9631f3c6fb02085069028644eaba446	aws-kraken2/data/cohort/SRR5946658_2.fastq.gz	oB4pDhzMBnwlmdY8LM1gayQN16PvyWMo	2026-10-08T05:46:04Z
SRR5946670	1	820221805	757137c006a4fdc661bc19ae4992c669	65125c088458c34431b8025bf8b26db1d4d6d3547eb040080fc03fed778f6abb	aws-kraken2/data/cohort/SRR5946670_1.fastq.gz	QlZs2cc05mbE6ujmNPHMtzM7Uwh7zyEQ	2026-10-08T05:46:04Z
SRR5946670	2	839609343	9cd1bcffb30af049f8aa2b4cdcbd6001	dd2c21cd3af6fed45d033038ef459d7ca51131e4391c20e20549bef6728f4829	aws-kraken2/data/cohort/SRR5946670_2.fastq.gz	rJ3tckJlSP5AvV7KX31R_K.yNgV6WIvM	2026-10-08T05:46:05Z
SRR5946682	1	636705027	9e8b0f8d45eac6610b6f5d205bb48987	5644502b0fe535f7e87b02264fce1046dd9d5209e369e6af059fe047140c37af	aws-kraken2/data/cohort/SRR5946682_1.fastq.gz	UksVezSdQ25HptxUv_UY.El6JCrd7HUG	2026-10-08T05:46:05Z
SRR5946682	2	644824906	c0766a45718e2d7c0528de7c93a2f6d0	c6baad19b0188bfe7c864651ff015cff518fe67161e497c720a816bc2a925e1d	aws-kraken2/data/cohort/SRR5946682_2.fastq.gz	P3XKNcqkMWfY4TUnoCCBlNzX_9gXgkg2	2026-10-08T05:46:05Z
SRR5946694	1	681532860	34115991c937766c7b2d87434446837e	c99d37974605ba28dfa9ab1b26df192439959c2549dbd57835d792535ca24dea	aws-kraken2/data/cohort/SRR5946694_1.fastq.gz	VF3tUX0kz32hSPP8tSpxyO_k3JBvtU7R	2026-10-08T05:46:05Z
SRR5946694	2	708658920	6f690871476de47c36131f8e3b4f8ff3	8d33a591fa3d910102b171fcc75f04d83a2fe283f16b2d0228b49412232cf719	aws-kraken2/data/cohort/SRR5946694_2.fastq.gz	J9ed1Db4JminiKYSNOI3SoLk_v_rrWCg	2026-10-08T05:46:05Z
SRR5946706	1	579434128	58ba9f617e30ae920ffff590e2ce74d6	08f1570f50a2407bb8a2078e87ceec1e41a13590bf6a1f81f1e01732df4763f1	aws-kraken2/data/cohort/SRR5946706_1.fastq.gz	FADIpCFDg_KQ9hUkBcK6v1dsIpmag3Cp	2026-10-08T05:46:05Z
SRR5946706	2	575738922	2a87d0ab1918214c0943e660960289aa	c990b180efd3d95be1dffd093fa8467abe164919c23066dbf6755ade425297d8	aws-kraken2/data/cohort/SRR5946706_2.fastq.gz	iHUiNb0YYHTKjdyhyCh08orDxxav3EoT	2026-10-08T05:46:06Z
SRR5946718	1	42706437	15734301dbe320523e44a9a34b791c3f	0e92e677cb46e0c424e12a0f08a0301e68cf291d0ccdb5648cc8fe877e25fd47	aws-kraken2/data/cohort/SRR5946718_1.fastq.gz	jrtrf_kQ5FEmItKVMVFV60.tbkCCkzvd	2026-10-08T05:46:06Z
SRR5946718	2	42509175	75e7bfadd497e3bf208a2eeb72491996	41d6bfb32543933239585e20cf4325e2aa86bd530a02c4f54daa4d62d10d20f6	aws-kraken2/data/cohort/SRR5946718_2.fastq.gz	rx3GneO.Wjhkn92VNa9kF9xE2UTwBZlk	2026-10-08T05:46:06Z
SRR5946730	1	691827001	ed92f56e54983eda60dc3f68e5c6f7bc	525a067ad84e14ac637934530d358e559fa062314b14216d9e3186fbe4f5773b	aws-kraken2/data/cohort/SRR5946730_1.fastq.gz	ExHIBiH9LYDop76G.Gm4AWc9IRF9RUdB	2026-10-08T05:46:06Z
SRR5946730	2	681873940	7eb9a50721e49e5b75c17c9c95dae7ac	4352c51d4411714eebab5d29e571228c6439f2c7220d98d678dac533728f0aa1	aws-kraken2/data/cohort/SRR5946730_2.fastq.gz	H4pyHMGYYk_Ve37C6U9E7l9YSLdkb7GI	2026-10-08T05:46:06Z
SRR5946742	1	596918818	284bd719cf2b90942f04b0549fc4dcaa	56d76b23bb3d2ff261e7457ab0fe1d161ffce1f1174e0390e377ca9ede242648	aws-kraken2/data/cohort/SRR5946742_1.fastq.gz	dix_XVucGe8cxD2TA73j1hNfE0akj4pA	2026-10-08T05:46:06Z
SRR5946742	2	585848474	5da431b695761fb9bb8ff95deaa5e9b2	fd799264e167227c173dd4193791babe92f3ac5d0870ace91d18b7f7f621dc62	aws-kraken2/data/cohort/SRR5946742_2.fastq.gz	ybJ72oV1UfWf17nL1d5HdoGDkIBaHzth	2026-10-08T05:46:07Z
SRR5946754	1	502272757	043328fb5ca8465eb8518acaca0e3374	29bbef3ea88e5555e32686f265080658441d69d2bf931c5c4ded668a28f5d7e1	aws-kraken2/data/cohort/SRR5946754_1.fastq.gz	h55ysKEJ8RtAlOuBMQ8FwJ2sGRGnnkIp	2026-10-08T05:46:07Z
SRR5946754	2	520545459	e7d0fb0d3bc547d92af30e029d1738a9	a99d07fd3a5aa94d72c8e03b7b824fba480d924ff8d28bc74898448452ea673f	aws-kraken2/data/cohort/SRR5946754_2.fastq.gz	iqB0LFrf1Tuh_Yq7Xu2hhMbodJBO6h9u	2026-10-08T05:46:07Z
SRR5946766	1	543246525	b6a8138e83794422719b2d92f3787bc8	c0992ccdd09701fe30d86492b0046c946c8f84f7065c84044aaa90bcbea607b0	aws-kraken2/data/cohort/SRR5946766_1.fastq.gz	l0Vc_BQzYj5TU.U7IPvd39c3oXtndM1q	2026-10-08T05:46:07Z
SRR5946766	2	551786287	1ee4aae236991f5dc3caedb4c409e5cd	5b7f8a7009e2d1ee49905d873a18f6149e4b42d4c95da228c0f91b4b2295d418	aws-kraken2/data/cohort/SRR5946766_2.fastq.gz	PicVO.lZ23T2yP95V0aEAHQJxuX0n_SX	2026-10-08T05:46:07Z
SRR5946778	1	695456230	e08c2a259f73c4e4c098276d5dde3742	5e45b3e6910f3c06d679dfc1a4a1b353147634917643a92fe3b63a9e6bc8e130	aws-kraken2/data/cohort/SRR5946778_1.fastq.gz	iEtGuskRS2oeT0TsSngzfINnuy7QqZe8	2026-10-08T05:46:07Z
SRR5946778	2	688118308	3c868b1039f4d714e310a61ee1299297	136cbbb344ea734e275479ecf97a6b6f976b14a4af2b9de23e3af7cd8a94a86c	aws-kraken2/data/cohort/SRR5946778_2.fastq.gz	XmI4cAFBGSyJ_nd5X2oOu49Lljv2jUVE	2026-10-08T05:46:08Z
SRR5946790	1	1041217650	8ffe7e5ed09a8de849622a124c9f41a7	b97de568e746b4403c196950a9fa83e35e96068008be1ed068f9fda5560efa84	aws-kraken2/data/cohort/SRR5946790_1.fastq.gz	VPEhQPlS.7o0NHUO57S_9CX6qW_mhJHW	2026-10-08T05:46:08Z
SRR5946790	2	1019276141	dbcc67920fa2089ae4e74796b4758db7	22f45816b445bfdbda49743cd7481b47b97349de1566054ad8aad81550081583	aws-kraken2/data/cohort/SRR5946790_2.fastq.gz	E0WnHgm2kST0IKsMzi1T_nB8rPE1.3HM	2026-10-08T05:46:08Z
SRR5946802	1	565210207	12f8ba7c7b13acf53831533885038291	10c376f7b007ef05607a548ded67b6e261acbfde9ebec7e8b0ee454a4e649328	aws-kraken2/data/cohort/SRR5946802_1.fastq.gz	AA43ZaN1EYRA2JFfkVKVcbbswl0vlXcN	2026-10-08T05:46:08Z
SRR5946802	2	582324634	bddfd86775d57c3a37ad6e7b8fbb9ced	b4a92c0b01077e768d0610271b4f3f2611c6142fd5a5ab5c1e41c116b1c151ec	aws-kraken2/data/cohort/SRR5946802_2.fastq.gz	GcxSD.JBxk9_aetOFTkVKtCeiPpt.H0p	2026-10-08T05:46:08Z
SRR5946814	1	880915729	cecc7fadbd889c47ac91ab5c642fa9ac	ad6511ad378740971993f9283d617947aa3dafd86bce4c5f37f2ec3642cac83c	aws-kraken2/data/cohort/SRR5946814_1.fastq.gz	lJUZ8W2Z0eYvWE1RbP17Ex8lu5hN8YSs	2026-10-08T05:46:09Z
SRR5946814	2	883114204	5f1aff483e2a137e4f657ddd29c53e30	1b30a7304980676ccc8a1013422123a7e6a9812e481b65d923dde33e75d79eaf	aws-kraken2/data/cohort/SRR5946814_2.fastq.gz	MaZ1X1dp4ElegyeVeqEvwckHwq_q8lbY	2026-10-08T05:46:09Z
SRR5946826	1	525834526	d834eeb1659ac192c9731611dd8d3740	39de0cf658384d3e8dc33343ce3bdfcc205085ccd21e2e9e6622216f552991d4	aws-kraken2/data/cohort/SRR5946826_1.fastq.gz	0hjeM1a5V3NK9GiiDJLVzv849FPOizU.	2026-10-08T05:46:09Z
SRR5946826	2	550809445	2a250c23ea74a38bf085bf7c397ec4e2	2cd2f101858a76e59ad9a6d525a5fb717dbbced9b7793bd66791603324a21156	aws-kraken2/data/cohort/SRR5946826_2.fastq.gz	yR8xo_eu.2wktpgjb6ebBf7m57QjSCev	2026-10-08T05:46:09Z
SRR5946838	1	959592389	9bec1c56acb35deee29ceca5af8ef359	46e2ee19f62bdb62cb07a4d65bdccfe442a6e433a795451a0265ec609199760e	aws-kraken2/data/cohort/SRR5946838_1.fastq.gz	4tYqolUTSWof7wBlsUvmMyld_RcrIU_f	2026-10-08T05:46:09Z
SRR5946838	2	1004846070	417f54edf6a41da35afae9345b3876c1	412bc0d7a77f69389e3bb9e01f088b59c93080a1964e28c52a28a678ab73a99d	aws-kraken2/data/cohort/SRR5946838_2.fastq.gz	xLYb1zv5G8SmEy_eA.DpntRjUFK14ABK	2026-10-08T05:46:09Z
SRR5946850	1	763920171	bd438282c4eed6f8e4006456a7c5409b	958ca5f4f518d120356408954488b1abbc14b203f86dafe2e4b7934335f67ef1	aws-kraken2/data/cohort/SRR5946850_1.fastq.gz	V6ZFnTcPgCXYC_hB8zvQ0IUG5AjM49Jq	2026-10-08T05:46:10Z
SRR5946850	2	790406839	d598e84f7312cc240788cf042b3623c9	71fab4bf7f8754e6469e1a69a1d4bb20862f84e71eeb19115fc80da70b43f143	aws-kraken2/data/cohort/SRR5946850_2.fastq.gz	5PF7_tyxMGoi55d_8_2MzsC4sTMJRKof	2026-10-08T05:46:10Z
SRR5946862	1	881625089	dd3c7dc0bbe1dfb88f2df6b7d389b2cd	67e0f81eabcfeb8bb03d50e62ca49b30f4e025b56914c9db9faf842222389baf	aws-kraken2/data/cohort/SRR5946862_1.fastq.gz	T78ccX0zC5CLe7SOGzYKlWsQ.mcNtofy	2026-10-08T05:46:10Z
SRR5946862	2	887450730	24264834e243987039c44108e1efdcb5	8d3f980cdec0076004ee35107e344bd0b6024d7dca8923d0ec29209ef651df03	aws-kraken2/data/cohort/SRR5946862_2.fastq.gz	lnSh5UbsbXxrI9aymw4KQ4QNR.vU.qcQ	2026-10-08T05:46:10Z
SRR5946874	1	561274927	d211f3af0929c5b09c4ea9f74cea8e62	ba438525568c44e62054995a4171dd9db5e7a08f77d2fd84d2172bf8e713c1c9	aws-kraken2/data/cohort/SRR5946874_1.fastq.gz	RXuE_UkuFjtnX219OGSKo4XjVzgc57wN	2026-10-08T05:46:10Z
SRR5946874	2	560958006	532c3535cea39d1eb5076bf83501b480	1f2e32373557dfb5ea6e83543b3d47bc9be23573306960ffebab02efdb3625ae	aws-kraken2/data/cohort/SRR5946874_2.fastq.gz	JO2u2eGV7PoMN2A7TCEo2e6_gNdJzn8r	2026-10-08T05:46:10Z
SRR5946886	1	534727666	d26c9214650a0ed33f007a4796283a7e	80856bc0d5cf944130744385d3fdedccd5d50052cfa1fb8ed86c70091a03dafe	aws-kraken2/data/cohort/SRR5946886_1.fastq.gz	f0V7.rkYSLfjw5zAgzJEQHZelDEk668D	2026-10-08T05:46:11Z
SRR5946886	2	525664745	4b478f1fab1b55ac361b7db25681a073	1f199ac6d6fcc8137820c811f1b5a8eb2083122133ee24e74970b9cda8dd8e8d	aws-kraken2/data/cohort/SRR5946886_2.fastq.gz	EKOcZMqqTuZdD_Bf7ifQJS4KOhJQFStQ	2026-10-08T05:46:11Z
SRR5946898	1	377615579	3963e26cc98e67ae93dcb59653aa5a8f	51c724f45e97ea6ffb2eb2a63bdf8b55e41a1bdcdd87d18be4c6604ef358e2a2	aws-kraken2/data/cohort/SRR5946898_1.fastq.gz	1AA1NAFiCpLfqXrWG8fQvBotYdpTGU6E	2026-10-08T05:46:11Z
SRR5946898	2	379978914	a3d4d30ebdc28b57e001b1a1fcc72b5a	8cdab496cd75a99ec5942d44b7968dbb1f9e9648e6edab5dcccec22202b1b25d	aws-kraken2/data/cohort/SRR5946898_2.fastq.gz	58TEdwDEij6keb295V69ZIWqzg2NQhag	2026-10-08T05:46:11Z
SRR5946910	1	1112784878	37ce5ded4c45aba4350934c5ff227259	dc845d46e7c5a08212a53796e84ca70768f9d0237e3d1cf445bcc26acd3a22d1	aws-kraken2/data/cohort/SRR5946910_1.fastq.gz	VcD3Cr5vZDWe8qIAx1_w.4YdlbbzPRr.	2026-10-08T05:46:11Z
SRR5946910	2	1087451283	1e44100d2547fbe03dc328d9e6f4481c	24e376bd150a740630d677ba518795ec208ad34325881738dde34540894e14d0	aws-kraken2/data/cohort/SRR5946910_2.fastq.gz	GKqKWytSxDKfaPgjC49XMMMGVb_yYFba	2026-10-08T05:46:11Z
SRR5946922	1	217772469	d95de178f221bd797ac854e283cc013e	1e60745daabe7ee74a70757e102d098045aee9f10f2a85d01b2de1ec893cf966	aws-kraken2/data/cohort/SRR5946922_1.fastq.gz	4LfSBX.qbyKpAj3cpSGQIeyPbAzUJyta	2026-10-08T05:46:12Z
SRR5946922	2	217090796	df6637549ec42af802bbcfb6526a4c11	0a574434e17f604fc1b93e8b767856ad75220da481f72f3193d7f2044001d324	aws-kraken2/data/cohort/SRR5946922_2.fastq.gz	pbMBX_QyVPkGy5JPde54fbfuOjbPIbjl	2026-10-08T05:46:12Z
SRR5946934	1	307638239	f4e8c842aec384402d43e8fa2bbced71	7b1385743e35ca8762a93e0ad00796e5d8e6108809e0036a21f2b7852e3f64bc	aws-kraken2/data/cohort/SRR5946934_1.fastq.gz	ELD9EV5qW27.12IkONFWalFXDUqFCjRC	2026-10-08T05:46:13Z
SRR5946934	2	306148772	3a6f042329a041b6c04f694964510598	74a968d2b6faf4d6a221f183ee4242c3e117af6fb8783f7975690899051ec270	aws-kraken2/data/cohort/SRR5946934_2.fastq.gz	dhcvVWXezAvYNFIwLW6g7zLOdqHJHxyN	2026-10-08T05:46:12Z
SRR5946946	1	775968390	b9fbb9dd64ca0a61aeedc5de8932daa2	19254624ca4a2fb41c8810bf9ebb4d911114964f11d64afecf86f9d7e1b27a81	aws-kraken2/data/cohort/SRR5946946_1.fastq.gz	L7ZxsP2.apORRO5aoseFtSZ4z52AEAS8	2026-10-08T05:46:13Z
SRR5946946	2	800354013	b3ef8a605d4a6ce8eb0a4562320eef2a	8ec77e51db70da08c4ce6d7cae99c3d296785b703668a3fef1673893f0dc49c6	aws-kraken2/data/cohort/SRR5946946_2.fastq.gz	74HobGlaXwacuUsE3WZT7289uysJ70Uh	2026-10-08T05:46:13Z
SRR5946958	1	629038143	225ae7b34ce1695b424fee08a936bfb5	43bc9d420dfe84074a07ad7e071b3757274e30d8b98b1eb4fc73e94fef9c0bdd	aws-kraken2/data/cohort/SRR5946958_1.fastq.gz	ZQ.YvcScK1DZVsbB3cZ9xDnwx2k2Lk2b	2026-10-08T05:46:13Z
SRR5946958	2	614129910	60e55a5a1ee901c610d295fdc3e53518	1edae6216b84dbabd74704c5c4acabf0dc4d282ec96c1e3e88f3be7426db3e3a	aws-kraken2/data/cohort/SRR5946958_2.fastq.gz	P3nCj1zS34djttkcxfMWZYl45Mv6VNzm	2026-10-08T05:46:13Z
SRR5946970	1	416614742	dafb7916a42b265950e4eb8ba1b7f4df	c0181fec6a074aee91223204eecf33aae5dc881a1a498cf7508c07b2604c9122	aws-kraken2/data/cohort/SRR5946970_1.fastq.gz	lC51QcQlm3a0TK98zyBnIfQ8KN_gaWvn	2026-10-08T05:46:13Z
SRR5946970	2	421388130	04ee10e8ba932ad40f6d1a4fab6c684b	a04386979b44673c1dc1127d7aeda1644b930e9362deeb170d5ccce3a1271405	aws-kraken2/data/cohort/SRR5946970_2.fastq.gz	i_TaYwSe_3TFYOjTiXO8zVrmMVs4uq8N	2026-10-08T05:46:14Z
SRR5946982	1	137115564	56c811caa299ee9fa469e12ec359d94e	89794298d38ea12088c0222468f887c4f295e3f6835d9e935c08e39658d3aa79	aws-kraken2/data/cohort/SRR5946982_1.fastq.gz	I32mYEceSbGuLThedIlCBZFVZm6QeXyR	2026-10-08T05:46:14Z
SRR5946982	2	135553133	1606dafe9b8e5b09830e0be4f923c812	c8e06baefbc380cc9b66eeb52d0ec3b8d6511545d32cf961563025c1244f0f3f	aws-kraken2/data/cohort/SRR5946982_2.fastq.gz	cAJnBa7nBvy_CT7Svfl69G4mzA2cTkT_	2026-10-08T05:46:14Z
SRR5946994	1	199753779	96c95f6236d09b55e29954e6b6fa0a69	690fd7a8ff1b5ea48d3e3836b7695ae4a850742ebebacb1b5b901549f9622dda	aws-kraken2/data/cohort/SRR5946994_1.fastq.gz	MQ.u4cyWG1xhCoWgJ_R32xwlseLG0_M1	2026-10-08T05:46:14Z
SRR5946994	2	198405434	48cb217bab59d117dac29e9d1a2379b8	e22d0ba77eb8135b694f163a2e3312a2aef3f792bf3b0534edbc27623fdb3b09	aws-kraken2/data/cohort/SRR5946994_2.fastq.gz	UnA35YvpPJzD8ZlEo2TsUhrJ0uLUKvNF	2026-10-08T05:46:14Z
SRR5947006	1	766697658	4494873788a9616d9bdcc385d7c7ffb6	1b73ba89839a999f7dd12b2d8429188c20d122abddb784fef76a10c743112d48	aws-kraken2/data/cohort/SRR5947006_1.fastq.gz	DTjB1MSHaNPYI7iehvahJJbOv9dUeTFb	2026-10-08T05:46:15Z
SRR5947006	2	765009956	f7a74e1589cd742b90f47d3ef05139b6	a98fa3ba8a59e3c374e375fefb3c2f5dccc118703981bfde93f5db9c75e82594	aws-kraken2/data/cohort/SRR5947006_2.fastq.gz	ZortqdVUNXFNrb6cu3K1F8jX5jIa7lx7	2026-10-08T05:46:15Z
SRR5947018	1	515443961	866c2f680008df364885515e64dc0ed3	3f0d13ebd91fce5490d59822e62a7990d950b3902d1bfcf308844e7177bdb45b	aws-kraken2/data/cohort/SRR5947018_1.fastq.gz	LTF2AiTWyfKtW5YZS7ruBBwJV8eJWd1u	2026-10-08T05:46:15Z
SRR5947018	2	519490951	7094cb874723439d174ee8f07fcea067	64d1f666f4fc5f5bdfa5a0d21e3a57807e0a8665e5e9f50681ff86820ef8cce9	aws-kraken2/data/cohort/SRR5947018_2.fastq.gz	ZLIzBNJSnwgl9foGHE69wV9dc1NZJYyQ	2026-10-08T05:46:15Z
SRR5947030	1	713290529	063f465ebbdc62693ea65c92fbc1e0a6	be6a999c197ddfbec41c583685bd383dae34768abaee6ee56f95db155a62f1fd	aws-kraken2/data/cohort/SRR5947030_1.fastq.gz	tW4YquqM8eEbCKzfaWBA0Che4kKTzV4N	2026-10-08T05:46:15Z
SRR5947030	2	734178415	157aefc6746c433281bc490979b595f4	74a9bfd4c1273b15a50fbff9a10fd66f193d4cbfc3ad4f4f95028b33a4a0be2d	aws-kraken2/data/cohort/SRR5947030_2.fastq.gz	WQRJCiBrM4tUAoPMgKQGvnyOzz_d3s.K	2026-10-08T05:46:15Z
SRR5947042	1	276797638	4f4c7eca9ff008553e9f98cc7b5e7bc7	ab2559ad027bd0aa04cb9e07bd6a7d7577423257fd3e3fb835ca79fc1c3f7fda	aws-kraken2/data/cohort/SRR5947042_1.fastq.gz	DWRG.m_8wz1LMyHXb9NkN8zP_T4NzQq6	2026-10-08T05:46:16Z
SRR5947042	2	271444597	edb8dbe6d7e240cf47e6e08cecd3bd71	20bb22dcb9824cef407403e6f99d1a60730ce8d71fd4d776735f41bdd27737fd	aws-kraken2/data/cohort/SRR5947042_2.fastq.gz	TUevJjzTobrF2RQcgRKEy.Db8bL7NusW	2026-10-08T05:46:16Z
SRR5947054	1	9224483	3b27bf9e88be78651a0b8b3d30055fd1	c7c8ce61aec157eed1654a6dabb8f25c7136724bb6283c279a1d8a3f0d1b7f82	aws-kraken2/data/cohort/SRR5947054_1.fastq.gz	h.CHcVoHO0kwLtIw.R.Q_EyCHVM1_AyB	2026-10-08T05:46:16Z
SRR5947054	2	8991922	7b115a9c4af214e53feb74eeb15d8812	d19d65ffcadc7cce451f3bf09cec8ba7d25e0bf63c1b7efef2c5a996f5c562ca	aws-kraken2/data/cohort/SRR5947054_2.fastq.gz	yrFsXrq5eAKMq9zh86sBVg3UVox_Y2zi	2026-10-08T05:46:16Z
SRR5947066	1	334848524	a36c465eb64790d96ced25316c8b5c3f	24dd0ef52a18ac9293f1c4da34efcc522945e51aca5370e8d8756bcb0a1e5473	aws-kraken2/data/cohort/SRR5947066_1.fastq.gz	amc66BlTBgmuIUIsAzvhhqRVJzvCVj9Y	2026-10-08T05:47:36Z
SRR5947066	2	336539148	774adba2cc6b275b1670ed801a86a6ee	a0be5cbfda2f406c8e85958519fc48fe6a3de85d5a4fa8e8049e142311c450c8	aws-kraken2/data/cohort/SRR5947066_2.fastq.gz	O.UVdJ68pHGp.5Du0VsPCoD6PpwcIiJt	2026-10-08T05:49:03Z
SRR5947078	1	927528751	4f1e5f2567a13eda1516e29c9d95bc4d	462a96806bffabdab31fc5f95ad1f8b4c0c2c2436bcff3531a51e749b9309cb4	aws-kraken2/data/cohort/SRR5947078_1.fastq.gz	CD9ZS5Fw4DclVrnIZlKGTlmflXmHV_8w	2026-10-08T05:50:10Z
SRR5947078	2	927366447	3e6dbea22c3c3dac45621c918f19f193	a4da792446a2d2c77cacdcdd7992242f6042c81bfeb67eef28d0ba1654188747	aws-kraken2/data/cohort/SRR5947078_2.fastq.gz	bxmbnSXldfqtYBwcpfEpDA.ABk7c0iy0	2026-10-08T05:50:03Z
SRR5947090	1	794350399	5a39633305e5eedad888e9a682f5993f	1cd6ac37c626e314383bb1781eababd5b991ad0e21e651432c1c67e6840b14b3	aws-kraken2/data/cohort/SRR5947090_1.fastq.gz	NcCQO5UYrXIBwQh0SP7js37_S3_.PRRl	2026-10-08T05:49:44Z
SRR5947090	2	797287904	3106a0141d7df1551b404136368f1173	7503544c54c73b466bf69aa3c72277f4ce1e7e275b14c762382d155664432b2d	aws-kraken2/data/cohort/SRR5947090_2.fastq.gz	ho4PQ7FwTaju79qRzF6X9s0SocJ4gZx9	2026-10-08T05:49:34Z
SRR5947102	1	449149258	00f25ac1c5eed2830246878b49e46341	a94c98f9f08d9d43a9334e44ded98fe9d8f98117ef6149fbed5e7d82685569c7	aws-kraken2/data/cohort/SRR5947102_1.fastq.gz	FucEQyInQKEhFM6z8f41f35ebcVoLDZa	2026-10-08T05:49:35Z
SRR5947102	2	458195347	bb2c44cc5ed87ac06dd069c64cddea6f	aafe6ca2d33043e5e00d3893b060b041e43e345266ea50d01bfbc11d077ded3f	aws-kraken2/data/cohort/SRR5947102_2.fastq.gz	Omc3mNqYL18cUBnwVn92rMJjqy2tBrYt	2026-10-08T05:51:59Z
