run_id	rank	invocation	kind	batch	sample	metric	value
20261008-044702-3c2153c-55a5-n16-r0	0	c100	phase			taxo	0.093852
20261008-044702-3c2153c-55a5-n16-r0	0	c100	phase			taxo.start_s	0.002817
20261008-044702-3c2153c-55a5-n16-r0	0	c100	phase			shard-load-0	40.452927
20261008-044702-3c2153c-55a5-n16-r0	0	c100	phase			shard-load-0.start_s	0.180951
20261008-044702-3c2153c-55a5-n16-r0	0	c100	phase			rendezvous	28.188729
20261008-044702-3c2153c-55a5-n16-r0	0	c100	phase			rendezvous.start_s	42.334612
20261008-044702-3c2153c-55a5-n16-r0	0	c100	phase			connect	0.340271
20261008-044702-3c2153c-55a5-n16-r0	0	c100	phase			connect.start_s	70.523356
20261008-044702-3c2153c-55a5-n16-r0	0	c100	phase			hash	70.766957
20261008-044702-3c2153c-55a5-n16-r0	0	c100	phase			hash.start_s	0.096693
20261008-044702-3c2153c-55a5-n16-r0	0	c100	sample	0	0-SRR5935753	mode	parallel
20261008-044702-3c2153c-55a5-n16-r0	0	c100	sample	0	0-SRR5935753	s3client	sdk
20261008-044702-3c2153c-55a5-n16-r0	0	c100	sample	0	0-SRR5935753	rank	0
20261008-044702-3c2153c-55a5-n16-r0	0	c100	sample	0	0-SRR5935753	role	home
20261008-044702-3c2153c-55a5-n16-r0	0	c100	sample	0	0-SRR5935753	inflight	2
20261008-044702-3c2153c-55a5-n16-r0	0	c100	sample	0	0-SRR5935753	threads	16
20261008-044702-3c2153c-55a5-n16-r0	0	c100	sample	0	0-SRR5935753	start_s	70.863691
20261008-044702-3c2153c-55a5-n16-r0	0	c100	sample	0	0-SRR5935753	wall_s	14.919946
20261008-044702-3c2153c-55a5-n16-r0	0	c100	sample	0	0-SRR5935753	setup_s	0.000055
20261008-044702-3c2153c-55a5-n16-r0	0	c100	sample	0	0-SRR5935753	classify_s	14.522754
20261008-044702-3c2153c-55a5-n16-r0	0	c100	sample	0	0-SRR5935753	close_s	0.238230
20261008-044702-3c2153c-55a5-n16-r0	0	c100	sample	0	0-SRR5935753	report_s	0.149002
20261008-044702-3c2153c-55a5-n16-r0	0	c100	sample	0	0-SRR5935753	status	0
20261008-044702-3c2153c-55a5-n16-r0	0	c100	sample	0	0-SRR5935753	sequences	14164085
20261008-044702-3c2153c-55a5-n16-r0	0	c100	sample	0	0-SRR5935753	bases	2640398097
20261008-044702-3c2153c-55a5-n16-r0	0	c100	sample	0	0-SRR5935753	classified	13689575
20261008-044702-3c2153c-55a5-n16-r0	0	c100	sample	0	0-SRR5935753	place	lpt
20261008-044702-3c2153c-55a5-n16-r0	0	c100	sample	0	0-SRR5935753	weight	14164085
20261008-044702-3c2153c-55a5-n16-r0	0	c100	sample	0	0-SRR5935823	mode	parallel
20261008-044702-3c2153c-55a5-n16-r0	0	c100	sample	0	0-SRR5935823	s3client	sdk
20261008-044702-3c2153c-55a5-n16-r0	0	c100	sample	0	0-SRR5935823	rank	0
20261008-044702-3c2153c-55a5-n16-r0	0	c100	sample	0	0-SRR5935823	role	home
20261008-044702-3c2153c-55a5-n16-r0	0	c100	sample	0	0-SRR5935823	inflight	2
20261008-044702-3c2153c-55a5-n16-r0	0	c100	sample	0	0-SRR5935823	threads	16
20261008-044702-3c2153c-55a5-n16-r0	0	c100	sample	0	0-SRR5935823	start_s	70.863698
20261008-044702-3c2153c-55a5-n16-r0	0	c100	sample	0	0-SRR5935823	wall_s	21.634255
20261008-044702-3c2153c-55a5-n16-r0	0	c100	sample	0	0-SRR5935823	setup_s	0.000053
20261008-044702-3c2153c-55a5-n16-r0	0	c100	sample	0	0-SRR5935823	classify_s	21.109130
20261008-044702-3c2153c-55a5-n16-r0	0	c100	sample	0	0-SRR5935823	close_s	0.378947
20261008-044702-3c2153c-55a5-n16-r0	0	c100	sample	0	0-SRR5935823	report_s	0.139558
20261008-044702-3c2153c-55a5-n16-r0	0	c100	sample	0	0-SRR5935823	status	0
20261008-044702-3c2153c-55a5-n16-r0	0	c100	sample	0	0-SRR5935823	sequences	20770968
20261008-044702-3c2153c-55a5-n16-r0	0	c100	sample	0	0-SRR5935823	bases	3886695944
20261008-044702-3c2153c-55a5-n16-r0	0	c100	sample	0	0-SRR5935823	classified	20594735
20261008-044702-3c2153c-55a5-n16-r0	0	c100	sample	0	0-SRR5935823	place	lpt
20261008-044702-3c2153c-55a5-n16-r0	0	c100	sample	0	0-SRR5935823	weight	20770968
20261008-044702-3c2153c-55a5-n16-r0	0	c100	sample	0	0-SRR5935748	mode	parallel
20261008-044702-3c2153c-55a5-n16-r0	0	c100	sample	0	0-SRR5935748	s3client	sdk
20261008-044702-3c2153c-55a5-n16-r0	0	c100	sample	0	0-SRR5935748	rank	0
20261008-044702-3c2153c-55a5-n16-r0	0	c100	sample	0	0-SRR5935748	role	home
20261008-044702-3c2153c-55a5-n16-r0	0	c100	sample	0	0-SRR5935748	inflight	2
20261008-044702-3c2153c-55a5-n16-r0	0	c100	sample	0	0-SRR5935748	threads	16
20261008-044702-3c2153c-55a5-n16-r0	0	c100	sample	0	0-SRR5935748	start_s	85.783664
20261008-044702-3c2153c-55a5-n16-r0	0	c100	sample	0	0-SRR5935748	wall_s	12.133672
20261008-044702-3c2153c-55a5-n16-r0	0	c100	sample	0	0-SRR5935748	setup_s	0.000056
20261008-044702-3c2153c-55a5-n16-r0	0	c100	sample	0	0-SRR5935748	classify_s	11.573557
20261008-044702-3c2153c-55a5-n16-r0	0	c100	sample	0	0-SRR5935748	close_s	0.375104
20261008-044702-3c2153c-55a5-n16-r0	0	c100	sample	0	0-SRR5935748	report_s	0.168584
20261008-044702-3c2153c-55a5-n16-r0	0	c100	sample	0	0-SRR5935748	status	0
20261008-044702-3c2153c-55a5-n16-r0	0	c100	sample	0	0-SRR5935748	sequences	11859598
20261008-044702-3c2153c-55a5-n16-r0	0	c100	sample	0	0-SRR5935748	bases	2188903487
20261008-044702-3c2153c-55a5-n16-r0	0	c100	sample	0	0-SRR5935748	classified	10951240
20261008-044702-3c2153c-55a5-n16-r0	0	c100	sample	0	0-SRR5935748	place	lpt
20261008-044702-3c2153c-55a5-n16-r0	0	c100	sample	0	0-SRR5935748	weight	11859598
20261008-044702-3c2153c-55a5-n16-r0	0	c100	sample	0	0-SRR5935791	mode	parallel
20261008-044702-3c2153c-55a5-n16-r0	0	c100	sample	0	0-SRR5935791	s3client	sdk
20261008-044702-3c2153c-55a5-n16-r0	0	c100	sample	0	0-SRR5935791	rank	0
20261008-044702-3c2153c-55a5-n16-r0	0	c100	sample	0	0-SRR5935791	role	home
20261008-044702-3c2153c-55a5-n16-r0	0	c100	sample	0	0-SRR5935791	inflight	2
20261008-044702-3c2153c-55a5-n16-r0	0	c100	sample	0	0-SRR5935791	threads	16
20261008-044702-3c2153c-55a5-n16-r0	0	c100	sample	0	0-SRR5935791	start_s	92.497980
20261008-044702-3c2153c-55a5-n16-r0	0	c100	sample	0	0-SRR5935791	wall_s	10.435711
20261008-044702-3c2153c-55a5-n16-r0	0	c100	sample	0	0-SRR5935791	setup_s	0.000080
20261008-044702-3c2153c-55a5-n16-r0	0	c100	sample	0	0-SRR5935791	classify_s	10.033373
20261008-044702-3c2153c-55a5-n16-r0	0	c100	sample	0	0-SRR5935791	close_s	0.279458
20261008-044702-3c2153c-55a5-n16-r0	0	c100	sample	0	0-SRR5935791	report_s	0.118145
20261008-044702-3c2153c-55a5-n16-r0	0	c100	sample	0	0-SRR5935791	status	0
20261008-044702-3c2153c-55a5-n16-r0	0	c100	sample	0	0-SRR5935791	sequences	10140194
20261008-044702-3c2153c-55a5-n16-r0	0	c100	sample	0	0-SRR5935791	bases	1929101997
20261008-044702-3c2153c-55a5-n16-r0	0	c100	sample	0	0-SRR5935791	classified	10096895
20261008-044702-3c2153c-55a5-n16-r0	0	c100	sample	0	0-SRR5935791	place	lpt
20261008-044702-3c2153c-55a5-n16-r0	0	c100	sample	0	0-SRR5935791	weight	10140194
20261008-044702-3c2153c-55a5-n16-r0	0	c100	sample	0	0-SRR5935758	mode	parallel
20261008-044702-3c2153c-55a5-n16-r0	0	c100	sample	0	0-SRR5935758	s3client	sdk
20261008-044702-3c2153c-55a5-n16-r0	0	c100	sample	0	0-SRR5935758	rank	0
20261008-044702-3c2153c-55a5-n16-r0	0	c100	sample	0	0-SRR5935758	role	home
20261008-044702-3c2153c-55a5-n16-r0	0	c100	sample	0	0-SRR5935758	inflight	2
20261008-044702-3c2153c-55a5-n16-r0	0	c100	sample	0	0-SRR5935758	threads	16
20261008-044702-3c2153c-55a5-n16-r0	0	c100	sample	0	0-SRR5935758	start_s	97.917369
20261008-044702-3c2153c-55a5-n16-r0	0	c100	sample	0	0-SRR5935758	wall_s	8.450358
20261008-044702-3c2153c-55a5-n16-r0	0	c100	sample	0	0-SRR5935758	setup_s	0.000062
20261008-044702-3c2153c-55a5-n16-r0	0	c100	sample	0	0-SRR5935758	classify_s	8.026446
20261008-044702-3c2153c-55a5-n16-r0	0	c100	sample	0	0-SRR5935758	close_s	0.242686
20261008-044702-3c2153c-55a5-n16-r0	0	c100	sample	0	0-SRR5935758	report_s	0.175400
20261008-044702-3c2153c-55a5-n16-r0	0	c100	sample	0	0-SRR5935758	status	0
20261008-044702-3c2153c-55a5-n16-r0	0	c100	sample	0	0-SRR5935758	sequences	8206591
20261008-044702-3c2153c-55a5-n16-r0	0	c100	sample	0	0-SRR5935758	bases	1523967713
20261008-044702-3c2153c-55a5-n16-r0	0	c100	sample	0	0-SRR5935758	classified	7998445
20261008-044702-3c2153c-55a5-n16-r0	0	c100	sample	0	0-SRR5935758	place	lpt
20261008-044702-3c2153c-55a5-n16-r0	0	c100	sample	0	0-SRR5935758	weight	8206591
20261008-044702-3c2153c-55a5-n16-r0	0	c100	sample	0	0-SRR5935779	mode	parallel
20261008-044702-3c2153c-55a5-n16-r0	0	c100	sample	0	0-SRR5935779	s3client	sdk
20261008-044702-3c2153c-55a5-n16-r0	0	c100	sample	0	0-SRR5935779	rank	0
20261008-044702-3c2153c-55a5-n16-r0	0	c100	sample	0	0-SRR5935779	role	home
20261008-044702-3c2153c-55a5-n16-r0	0	c100	sample	0	0-SRR5935779	inflight	2
20261008-044702-3c2153c-55a5-n16-r0	0	c100	sample	0	0-SRR5935779	threads	16
20261008-044702-3c2153c-55a5-n16-r0	0	c100	sample	0	0-SRR5935779	start_s	102.933716
20261008-044702-3c2153c-55a5-n16-r0	0	c100	sample	0	0-SRR5935779	wall_s	5.195478
20261008-044702-3c2153c-55a5-n16-r0	0	c100	sample	0	0-SRR5935779	setup_s	0.000087
20261008-044702-3c2153c-55a5-n16-r0	0	c100	sample	0	0-SRR5935779	classify_s	4.768266
20261008-044702-3c2153c-55a5-n16-r0	0	c100	sample	0	0-SRR5935779	close_s	0.256582
20261008-044702-3c2153c-55a5-n16-r0	0	c100	sample	0	0-SRR5935779	report_s	0.165167
20261008-044702-3c2153c-55a5-n16-r0	0	c100	sample	0	0-SRR5935779	status	0
20261008-044702-3c2153c-55a5-n16-r0	0	c100	sample	0	0-SRR5935779	sequences	5948317
20261008-044702-3c2153c-55a5-n16-r0	0	c100	sample	0	0-SRR5935779	bases	1093467848
20261008-044702-3c2153c-55a5-n16-r0	0	c100	sample	0	0-SRR5935779	classified	5682744
20261008-044702-3c2153c-55a5-n16-r0	0	c100	sample	0	0-SRR5935779	place	lpt
20261008-044702-3c2153c-55a5-n16-r0	0	c100	sample	0	0-SRR5935779	weight	5948317
20261008-044702-3c2153c-55a5-n16-r0	0	c100	phase			batch-barrier-0	3.077042
20261008-044702-3c2153c-55a5-n16-r0	0	c100	phase			batch-barrier-0.start_s	108.129217
20261008-044702-3c2153c-55a5-n16-r0	0	c100	sample	1	1-SRR5935740	mode	parallel
20261008-044702-3c2153c-55a5-n16-r0	0	c100	sample	1	1-SRR5935740	s3client	sdk
20261008-044702-3c2153c-55a5-n16-r0	0	c100	sample	1	1-SRR5935740	rank	0
20261008-044702-3c2153c-55a5-n16-r0	0	c100	sample	1	1-SRR5935740	role	home
20261008-044702-3c2153c-55a5-n16-r0	0	c100	sample	1	1-SRR5935740	inflight	2
20261008-044702-3c2153c-55a5-n16-r0	0	c100	sample	1	1-SRR5935740	threads	16
20261008-044702-3c2153c-55a5-n16-r0	0	c100	sample	1	1-SRR5935740	start_s	111.206302
20261008-044702-3c2153c-55a5-n16-r0	0	c100	sample	1	1-SRR5935740	wall_s	11.039117
20261008-044702-3c2153c-55a5-n16-r0	0	c100	sample	1	1-SRR5935740	setup_s	0.000069
20261008-044702-3c2153c-55a5-n16-r0	0	c100	sample	1	1-SRR5935740	classify_s	10.618372
20261008-044702-3c2153c-55a5-n16-r0	0	c100	sample	1	1-SRR5935740	close_s	0.206320
20261008-044702-3c2153c-55a5-n16-r0	0	c100	sample	1	1-SRR5935740	report_s	0.196975
20261008-044702-3c2153c-55a5-n16-r0	0	c100	sample	1	1-SRR5935740	status	0
20261008-044702-3c2153c-55a5-n16-r0	0	c100	sample	1	1-SRR5935740	sequences	10532910
20261008-044702-3c2153c-55a5-n16-r0	0	c100	sample	1	1-SRR5935740	bases	1945093294
20261008-044702-3c2153c-55a5-n16-r0	0	c100	sample	1	1-SRR5935740	classified	9366399
20261008-044702-3c2153c-55a5-n16-r0	0	c100	sample	1	1-SRR5935740	place	mod
20261008-044702-3c2153c-55a5-n16-r0	0	c100	sample	1	1-SRR5935740	weight	10532910
20261008-044702-3c2153c-55a5-n16-r0	0	c100	sample	1	1-SRR5935756	mode	parallel
20261008-044702-3c2153c-55a5-n16-r0	0	c100	sample	1	1-SRR5935756	s3client	sdk
20261008-044702-3c2153c-55a5-n16-r0	0	c100	sample	1	1-SRR5935756	rank	0
20261008-044702-3c2153c-55a5-n16-r0	0	c100	sample	1	1-SRR5935756	role	home
20261008-044702-3c2153c-55a5-n16-r0	0	c100	sample	1	1-SRR5935756	inflight	2
20261008-044702-3c2153c-55a5-n16-r0	0	c100	sample	1	1-SRR5935756	threads	16
20261008-044702-3c2153c-55a5-n16-r0	0	c100	sample	1	1-SRR5935756	start_s	111.206284
20261008-044702-3c2153c-55a5-n16-r0	0	c100	sample	1	1-SRR5935756	wall_s	16.512593
20261008-044702-3c2153c-55a5-n16-r0	0	c100	sample	1	1-SRR5935756	setup_s	0.000048
20261008-044702-3c2153c-55a5-n16-r0	0	c100	sample	1	1-SRR5935756	classify_s	16.097137
20261008-044702-3c2153c-55a5-n16-r0	0	c100	sample	1	1-SRR5935756	close_s	0.236508
20261008-044702-3c2153c-55a5-n16-r0	0	c100	sample	1	1-SRR5935756	report_s	0.162986
20261008-044702-3c2153c-55a5-n16-r0	0	c100	sample	1	1-SRR5935756	status	0
20261008-044702-3c2153c-55a5-n16-r0	0	c100	sample	1	1-SRR5935756	sequences	16053448
20261008-044702-3c2153c-55a5-n16-r0	0	c100	sample	1	1-SRR5935756	bases	2993468449
20261008-044702-3c2153c-55a5-n16-r0	0	c100	sample	1	1-SRR5935756	classified	15204484
20261008-044702-3c2153c-55a5-n16-r0	0	c100	sample	1	1-SRR5935756	place	mod
20261008-044702-3c2153c-55a5-n16-r0	0	c100	sample	1	1-SRR5935756	weight	16053448
20261008-044702-3c2153c-55a5-n16-r0	0	c100	sample	1	1-SRR5935772	mode	parallel
20261008-044702-3c2153c-55a5-n16-r0	0	c100	sample	1	1-SRR5935772	s3client	sdk
20261008-044702-3c2153c-55a5-n16-r0	0	c100	sample	1	1-SRR5935772	rank	0
20261008-044702-3c2153c-55a5-n16-r0	0	c100	sample	1	1-SRR5935772	role	home
20261008-044702-3c2153c-55a5-n16-r0	0	c100	sample	1	1-SRR5935772	inflight	2
20261008-044702-3c2153c-55a5-n16-r0	0	c100	sample	1	1-SRR5935772	threads	16
20261008-044702-3c2153c-55a5-n16-r0	0	c100	sample	1	1-SRR5935772	start_s	122.245516
20261008-044702-3c2153c-55a5-n16-r0	0	c100	sample	1	1-SRR5935772	wall_s	15.491872
20261008-044702-3c2153c-55a5-n16-r0	0	c100	sample	1	1-SRR5935772	setup_s	0.000066
20261008-044702-3c2153c-55a5-n16-r0	0	c100	sample	1	1-SRR5935772	classify_s	15.053756
20261008-044702-3c2153c-55a5-n16-r0	0	c100	sample	1	1-SRR5935772	close_s	0.235334
20261008-044702-3c2153c-55a5-n16-r0	0	c100	sample	1	1-SRR5935772	report_s	0.188476
20261008-044702-3c2153c-55a5-n16-r0	0	c100	sample	1	1-SRR5935772	status	0
20261008-044702-3c2153c-55a5-n16-r0	0	c100	sample	1	1-SRR5935772	sequences	15271512
20261008-044702-3c2153c-55a5-n16-r0	0	c100	sample	1	1-SRR5935772	bases	2845360298
20261008-044702-3c2153c-55a5-n16-r0	0	c100	sample	1	1-SRR5935772	classified	14502211
20261008-044702-3c2153c-55a5-n16-r0	0	c100	sample	1	1-SRR5935772	place	mod
20261008-044702-3c2153c-55a5-n16-r0	0	c100	sample	1	1-SRR5935772	weight	15271512
20261008-044702-3c2153c-55a5-n16-r0	0	c100	sample	1	1-SRR5935788	mode	parallel
20261008-044702-3c2153c-55a5-n16-r0	0	c100	sample	1	1-SRR5935788	s3client	sdk
20261008-044702-3c2153c-55a5-n16-r0	0	c100	sample	1	1-SRR5935788	rank	0
20261008-044702-3c2153c-55a5-n16-r0	0	c100	sample	1	1-SRR5935788	role	home
20261008-044702-3c2153c-55a5-n16-r0	0	c100	sample	1	1-SRR5935788	inflight	2
20261008-044702-3c2153c-55a5-n16-r0	0	c100	sample	1	1-SRR5935788	threads	16
20261008-044702-3c2153c-55a5-n16-r0	0	c100	sample	1	1-SRR5935788	start_s	127.718915
20261008-044702-3c2153c-55a5-n16-r0	0	c100	sample	1	1-SRR5935788	wall_s	11.005594
20261008-044702-3c2153c-55a5-n16-r0	0	c100	sample	1	1-SRR5935788	setup_s	0.000072
20261008-044702-3c2153c-55a5-n16-r0	0	c100	sample	1	1-SRR5935788	classify_s	10.528110
20261008-044702-3c2153c-55a5-n16-r0	0	c100	sample	1	1-SRR5935788	close_s	0.221368
20261008-044702-3c2153c-55a5-n16-r0	0	c100	sample	1	1-SRR5935788	report_s	0.248977
20261008-044702-3c2153c-55a5-n16-r0	0	c100	sample	1	1-SRR5935788	status	0
20261008-044702-3c2153c-55a5-n16-r0	0	c100	sample	1	1-SRR5935788	sequences	11073410
20261008-044702-3c2153c-55a5-n16-r0	0	c100	sample	1	1-SRR5935788	bases	2024074094
20261008-044702-3c2153c-55a5-n16-r0	0	c100	sample	1	1-SRR5935788	classified	10832572
20261008-044702-3c2153c-55a5-n16-r0	0	c100	sample	1	1-SRR5935788	place	mod
20261008-044702-3c2153c-55a5-n16-r0	0	c100	sample	1	1-SRR5935788	weight	11073410
20261008-044702-3c2153c-55a5-n16-r0	0	c100	sample	1	1-SRR5935804	mode	parallel
20261008-044702-3c2153c-55a5-n16-r0	0	c100	sample	1	1-SRR5935804	s3client	sdk
20261008-044702-3c2153c-55a5-n16-r0	0	c100	sample	1	1-SRR5935804	rank	0
20261008-044702-3c2153c-55a5-n16-r0	0	c100	sample	1	1-SRR5935804	role	home
20261008-044702-3c2153c-55a5-n16-r0	0	c100	sample	1	1-SRR5935804	inflight	2
20261008-044702-3c2153c-55a5-n16-r0	0	c100	sample	1	1-SRR5935804	threads	16
20261008-044702-3c2153c-55a5-n16-r0	0	c100	sample	1	1-SRR5935804	start_s	137.737415
20261008-044702-3c2153c-55a5-n16-r0	0	c100	sample	1	1-SRR5935804	wall_s	12.420793
20261008-044702-3c2153c-55a5-n16-r0	0	c100	sample	1	1-SRR5935804	setup_s	0.000070
20261008-044702-3c2153c-55a5-n16-r0	0	c100	sample	1	1-SRR5935804	classify_s	12.034329
20261008-044702-3c2153c-55a5-n16-r0	0	c100	sample	1	1-SRR5935804	close_s	0.226423
20261008-044702-3c2153c-55a5-n16-r0	0	c100	sample	1	1-SRR5935804	report_s	0.147687
20261008-044702-3c2153c-55a5-n16-r0	0	c100	sample	1	1-SRR5935804	status	0
20261008-044702-3c2153c-55a5-n16-r0	0	c100	sample	1	1-SRR5935804	sequences	13253368
20261008-044702-3c2153c-55a5-n16-r0	0	c100	sample	1	1-SRR5935804	bases	2414153428
20261008-044702-3c2153c-55a5-n16-r0	0	c100	sample	1	1-SRR5935804	classified	12329188
20261008-044702-3c2153c-55a5-n16-r0	0	c100	sample	1	1-SRR5935804	place	mod
20261008-044702-3c2153c-55a5-n16-r0	0	c100	sample	1	1-SRR5935804	weight	13253368
20261008-044702-3c2153c-55a5-n16-r0	0	c100	sample	1	1-SRR5935820	mode	parallel
20261008-044702-3c2153c-55a5-n16-r0	0	c100	sample	1	1-SRR5935820	s3client	sdk
20261008-044702-3c2153c-55a5-n16-r0	0	c100	sample	1	1-SRR5935820	rank	0
20261008-044702-3c2153c-55a5-n16-r0	0	c100	sample	1	1-SRR5935820	role	home
20261008-044702-3c2153c-55a5-n16-r0	0	c100	sample	1	1-SRR5935820	inflight	2
20261008-044702-3c2153c-55a5-n16-r0	0	c100	sample	1	1-SRR5935820	threads	16
20261008-044702-3c2153c-55a5-n16-r0	0	c100	sample	1	1-SRR5935820	start_s	138.724724
20261008-044702-3c2153c-55a5-n16-r0	0	c100	sample	1	1-SRR5935820	wall_s	11.786529
20261008-044702-3c2153c-55a5-n16-r0	0	c100	sample	1	1-SRR5935820	setup_s	0.000062
20261008-044702-3c2153c-55a5-n16-r0	0	c100	sample	1	1-SRR5935820	classify_s	11.386308
20261008-044702-3c2153c-55a5-n16-r0	0	c100	sample	1	1-SRR5935820	close_s	0.201050
20261008-044702-3c2153c-55a5-n16-r0	0	c100	sample	1	1-SRR5935820	report_s	0.183630
20261008-044702-3c2153c-55a5-n16-r0	0	c100	sample	1	1-SRR5935820	status	0
20261008-044702-3c2153c-55a5-n16-r0	0	c100	sample	1	1-SRR5935820	sequences	12062510
20261008-044702-3c2153c-55a5-n16-r0	0	c100	sample	1	1-SRR5935820	bases	2207297835
20261008-044702-3c2153c-55a5-n16-r0	0	c100	sample	1	1-SRR5935820	classified	10926608
20261008-044702-3c2153c-55a5-n16-r0	0	c100	sample	1	1-SRR5935820	place	mod
20261008-044702-3c2153c-55a5-n16-r0	0	c100	sample	1	1-SRR5935820	weight	12062510
20261008-044702-3c2153c-55a5-n16-r0	0	c100	sample	1	1-SRR5935836	mode	parallel
20261008-044702-3c2153c-55a5-n16-r0	0	c100	sample	1	1-SRR5935836	s3client	sdk
20261008-044702-3c2153c-55a5-n16-r0	0	c100	sample	1	1-SRR5935836	rank	0
20261008-044702-3c2153c-55a5-n16-r0	0	c100	sample	1	1-SRR5935836	role	home
20261008-044702-3c2153c-55a5-n16-r0	0	c100	sample	1	1-SRR5935836	inflight	2
20261008-044702-3c2153c-55a5-n16-r0	0	c100	sample	1	1-SRR5935836	threads	16
20261008-044702-3c2153c-55a5-n16-r0	0	c100	sample	1	1-SRR5935836	start_s	150.158229
20261008-044702-3c2153c-55a5-n16-r0	0	c100	sample	1	1-SRR5935836	wall_s	4.575288
20261008-044702-3c2153c-55a5-n16-r0	0	c100	sample	1	1-SRR5935836	setup_s	0.000058
20261008-044702-3c2153c-55a5-n16-r0	0	c100	sample	1	1-SRR5935836	classify_s	4.145646
20261008-044702-3c2153c-55a5-n16-r0	0	c100	sample	1	1-SRR5935836	close_s	0.265961
20261008-044702-3c2153c-55a5-n16-r0	0	c100	sample	1	1-SRR5935836	report_s	0.156912
20261008-044702-3c2153c-55a5-n16-r0	0	c100	sample	1	1-SRR5935836	status	0
20261008-044702-3c2153c-55a5-n16-r0	0	c100	sample	1	1-SRR5935836	sequences	7326365
20261008-044702-3c2153c-55a5-n16-r0	0	c100	sample	1	1-SRR5935836	bases	1333066620
20261008-044702-3c2153c-55a5-n16-r0	0	c100	sample	1	1-SRR5935836	classified	6965607
20261008-044702-3c2153c-55a5-n16-r0	0	c100	sample	1	1-SRR5935836	place	mod
20261008-044702-3c2153c-55a5-n16-r0	0	c100	sample	1	1-SRR5935836	weight	7326365
20261008-044702-3c2153c-55a5-n16-r0	0	c100	phase			batch-barrier-1	0.438462
20261008-044702-3c2153c-55a5-n16-r0	0	c100	phase			batch-barrier-1.start_s	154.733536
20261008-044702-3c2153c-55a5-n16-r0	0	c100	sample	2	2-SRR5935753	mode	parallel
20261008-044702-3c2153c-55a5-n16-r0	0	c100	sample	2	2-SRR5935753	s3client	sdk
20261008-044702-3c2153c-55a5-n16-r0	0	c100	sample	2	2-SRR5935753	rank	0
20261008-044702-3c2153c-55a5-n16-r0	0	c100	sample	2	2-SRR5935753	role	home
20261008-044702-3c2153c-55a5-n16-r0	0	c100	sample	2	2-SRR5935753	inflight	2
20261008-044702-3c2153c-55a5-n16-r0	0	c100	sample	2	2-SRR5935753	threads	16
20261008-044702-3c2153c-55a5-n16-r0	0	c100	sample	2	2-SRR5935753	start_s	155.172034
20261008-044702-3c2153c-55a5-n16-r0	0	c100	sample	2	2-SRR5935753	wall_s	14.868846
20261008-044702-3c2153c-55a5-n16-r0	0	c100	sample	2	2-SRR5935753	setup_s	0.000055
20261008-044702-3c2153c-55a5-n16-r0	0	c100	sample	2	2-SRR5935753	classify_s	14.443466
20261008-044702-3c2153c-55a5-n16-r0	0	c100	sample	2	2-SRR5935753	close_s	0.236987
20261008-044702-3c2153c-55a5-n16-r0	0	c100	sample	2	2-SRR5935753	report_s	0.177619
20261008-044702-3c2153c-55a5-n16-r0	0	c100	sample	2	2-SRR5935753	status	0
20261008-044702-3c2153c-55a5-n16-r0	0	c100	sample	2	2-SRR5935753	sequences	14164085
20261008-044702-3c2153c-55a5-n16-r0	0	c100	sample	2	2-SRR5935753	bases	2640398097
20261008-044702-3c2153c-55a5-n16-r0	0	c100	sample	2	2-SRR5935753	classified	13689575
20261008-044702-3c2153c-55a5-n16-r0	0	c100	sample	2	2-SRR5935753	place	lpt
20261008-044702-3c2153c-55a5-n16-r0	0	c100	sample	2	2-SRR5935753	weight	14164085
20261008-044702-3c2153c-55a5-n16-r0	0	c100	sample	2	2-SRR5935823	mode	parallel
20261008-044702-3c2153c-55a5-n16-r0	0	c100	sample	2	2-SRR5935823	s3client	sdk
20261008-044702-3c2153c-55a5-n16-r0	0	c100	sample	2	2-SRR5935823	rank	0
20261008-044702-3c2153c-55a5-n16-r0	0	c100	sample	2	2-SRR5935823	role	home
20261008-044702-3c2153c-55a5-n16-r0	0	c100	sample	2	2-SRR5935823	inflight	2
20261008-044702-3c2153c-55a5-n16-r0	0	c100	sample	2	2-SRR5935823	threads	16
20261008-044702-3c2153c-55a5-n16-r0	0	c100	sample	2	2-SRR5935823	start_s	155.172050
20261008-044702-3c2153c-55a5-n16-r0	0	c100	sample	2	2-SRR5935823	wall_s	21.120958
20261008-044702-3c2153c-55a5-n16-r0	0	c100	sample	2	2-SRR5935823	setup_s	0.000039
20261008-044702-3c2153c-55a5-n16-r0	0	c100	sample	2	2-SRR5935823	classify_s	20.692346
20261008-044702-3c2153c-55a5-n16-r0	0	c100	sample	2	2-SRR5935823	close_s	0.231714
20261008-044702-3c2153c-55a5-n16-r0	0	c100	sample	2	2-SRR5935823	report_s	0.190518
20261008-044702-3c2153c-55a5-n16-r0	0	c100	sample	2	2-SRR5935823	status	0
20261008-044702-3c2153c-55a5-n16-r0	0	c100	sample	2	2-SRR5935823	sequences	20770968
20261008-044702-3c2153c-55a5-n16-r0	0	c100	sample	2	2-SRR5935823	bases	3886695944
20261008-044702-3c2153c-55a5-n16-r0	0	c100	sample	2	2-SRR5935823	classified	20594735
20261008-044702-3c2153c-55a5-n16-r0	0	c100	sample	2	2-SRR5935823	place	lpt
20261008-044702-3c2153c-55a5-n16-r0	0	c100	sample	2	2-SRR5935823	weight	20770968
20261008-044702-3c2153c-55a5-n16-r0	0	c100	sample	2	2-SRR5935748	mode	parallel
20261008-044702-3c2153c-55a5-n16-r0	0	c100	sample	2	2-SRR5935748	s3client	sdk
20261008-044702-3c2153c-55a5-n16-r0	0	c100	sample	2	2-SRR5935748	rank	0
20261008-044702-3c2153c-55a5-n16-r0	0	c100	sample	2	2-SRR5935748	role	home
20261008-044702-3c2153c-55a5-n16-r0	0	c100	sample	2	2-SRR5935748	inflight	2
20261008-044702-3c2153c-55a5-n16-r0	0	c100	sample	2	2-SRR5935748	threads	16
20261008-044702-3c2153c-55a5-n16-r0	0	c100	sample	2	2-SRR5935748	start_s	170.040910
20261008-044702-3c2153c-55a5-n16-r0	0	c100	sample	2	2-SRR5935748	wall_s	12.208094
20261008-044702-3c2153c-55a5-n16-r0	0	c100	sample	2	2-SRR5935748	setup_s	0.000071
20261008-044702-3c2153c-55a5-n16-r0	0	c100	sample	2	2-SRR5935748	classify_s	11.807808
20261008-044702-3c2153c-55a5-n16-r0	0	c100	sample	2	2-SRR5935748	close_s	0.213242
20261008-044702-3c2153c-55a5-n16-r0	0	c100	sample	2	2-SRR5935748	report_s	0.171456
20261008-044702-3c2153c-55a5-n16-r0	0	c100	sample	2	2-SRR5935748	status	0
20261008-044702-3c2153c-55a5-n16-r0	0	c100	sample	2	2-SRR5935748	sequences	11859598
20261008-044702-3c2153c-55a5-n16-r0	0	c100	sample	2	2-SRR5935748	bases	2188903487
20261008-044702-3c2153c-55a5-n16-r0	0	c100	sample	2	2-SRR5935748	classified	10951240
20261008-044702-3c2153c-55a5-n16-r0	0	c100	sample	2	2-SRR5935748	place	lpt
20261008-044702-3c2153c-55a5-n16-r0	0	c100	sample	2	2-SRR5935748	weight	11859598
20261008-044702-3c2153c-55a5-n16-r0	0	c100	sample	2	2-SRR5935791	mode	parallel
20261008-044702-3c2153c-55a5-n16-r0	0	c100	sample	2	2-SRR5935791	s3client	sdk
20261008-044702-3c2153c-55a5-n16-r0	0	c100	sample	2	2-SRR5935791	rank	0
20261008-044702-3c2153c-55a5-n16-r0	0	c100	sample	2	2-SRR5935791	role	home
20261008-044702-3c2153c-55a5-n16-r0	0	c100	sample	2	2-SRR5935791	inflight	2
20261008-044702-3c2153c-55a5-n16-r0	0	c100	sample	2	2-SRR5935791	threads	16
20261008-044702-3c2153c-55a5-n16-r0	0	c100	sample	2	2-SRR5935791	start_s	176.293037
20261008-044702-3c2153c-55a5-n16-r0	0	c100	sample	2	2-SRR5935791	wall_s	10.785112
20261008-044702-3c2153c-55a5-n16-r0	0	c100	sample	2	2-SRR5935791	setup_s	0.000063
20261008-044702-3c2153c-55a5-n16-r0	0	c100	sample	2	2-SRR5935791	classify_s	10.313637
20261008-044702-3c2153c-55a5-n16-r0	0	c100	sample	2	2-SRR5935791	close_s	0.283206
20261008-044702-3c2153c-55a5-n16-r0	0	c100	sample	2	2-SRR5935791	report_s	0.183814
20261008-044702-3c2153c-55a5-n16-r0	0	c100	sample	2	2-SRR5935791	status	0
20261008-044702-3c2153c-55a5-n16-r0	0	c100	sample	2	2-SRR5935791	sequences	10140194
20261008-044702-3c2153c-55a5-n16-r0	0	c100	sample	2	2-SRR5935791	bases	1929101997
20261008-044702-3c2153c-55a5-n16-r0	0	c100	sample	2	2-SRR5935791	classified	10096895
20261008-044702-3c2153c-55a5-n16-r0	0	c100	sample	2	2-SRR5935791	place	lpt
20261008-044702-3c2153c-55a5-n16-r0	0	c100	sample	2	2-SRR5935791	weight	10140194
20261008-044702-3c2153c-55a5-n16-r0	0	c100	sample	2	2-SRR5935758	mode	parallel
20261008-044702-3c2153c-55a5-n16-r0	0	c100	sample	2	2-SRR5935758	s3client	sdk
20261008-044702-3c2153c-55a5-n16-r0	0	c100	sample	2	2-SRR5935758	rank	0
20261008-044702-3c2153c-55a5-n16-r0	0	c100	sample	2	2-SRR5935758	role	home
20261008-044702-3c2153c-55a5-n16-r0	0	c100	sample	2	2-SRR5935758	inflight	2
20261008-044702-3c2153c-55a5-n16-r0	0	c100	sample	2	2-SRR5935758	threads	16
20261008-044702-3c2153c-55a5-n16-r0	0	c100	sample	2	2-SRR5935758	start_s	182.249619
20261008-044702-3c2153c-55a5-n16-r0	0	c100	sample	2	2-SRR5935758	wall_s	8.517843
20261008-044702-3c2153c-55a5-n16-r0	0	c100	sample	2	2-SRR5935758	setup_s	0.000072
20261008-044702-3c2153c-55a5-n16-r0	0	c100	sample	2	2-SRR5935758	classify_s	8.170624
20261008-044702-3c2153c-55a5-n16-r0	0	c100	sample	2	2-SRR5935758	close_s	0.195675
20261008-044702-3c2153c-55a5-n16-r0	0	c100	sample	2	2-SRR5935758	report_s	0.145374
20261008-044702-3c2153c-55a5-n16-r0	0	c100	sample	2	2-SRR5935758	status	0
20261008-044702-3c2153c-55a5-n16-r0	0	c100	sample	2	2-SRR5935758	sequences	8206591
20261008-044702-3c2153c-55a5-n16-r0	0	c100	sample	2	2-SRR5935758	bases	1523967713
20261008-044702-3c2153c-55a5-n16-r0	0	c100	sample	2	2-SRR5935758	classified	7998445
20261008-044702-3c2153c-55a5-n16-r0	0	c100	sample	2	2-SRR5935758	place	lpt
20261008-044702-3c2153c-55a5-n16-r0	0	c100	sample	2	2-SRR5935758	weight	8206591
20261008-044702-3c2153c-55a5-n16-r0	0	c100	sample	2	2-SRR5935779	mode	parallel
20261008-044702-3c2153c-55a5-n16-r0	0	c100	sample	2	2-SRR5935779	s3client	sdk
20261008-044702-3c2153c-55a5-n16-r0	0	c100	sample	2	2-SRR5935779	rank	0
20261008-044702-3c2153c-55a5-n16-r0	0	c100	sample	2	2-SRR5935779	role	home
20261008-044702-3c2153c-55a5-n16-r0	0	c100	sample	2	2-SRR5935779	inflight	2
20261008-044702-3c2153c-55a5-n16-r0	0	c100	sample	2	2-SRR5935779	threads	16
20261008-044702-3c2153c-55a5-n16-r0	0	c100	sample	2	2-SRR5935779	start_s	187.078223
20261008-044702-3c2153c-55a5-n16-r0	0	c100	sample	2	2-SRR5935779	wall_s	5.338888
20261008-044702-3c2153c-55a5-n16-r0	0	c100	sample	2	2-SRR5935779	setup_s	0.000064
20261008-044702-3c2153c-55a5-n16-r0	0	c100	sample	2	2-SRR5935779	classify_s	4.968455
20261008-044702-3c2153c-55a5-n16-r0	0	c100	sample	2	2-SRR5935779	close_s	0.223308
20261008-044702-3c2153c-55a5-n16-r0	0	c100	sample	2	2-SRR5935779	report_s	0.141481
20261008-044702-3c2153c-55a5-n16-r0	0	c100	sample	2	2-SRR5935779	status	0
20261008-044702-3c2153c-55a5-n16-r0	0	c100	sample	2	2-SRR5935779	sequences	5948317
20261008-044702-3c2153c-55a5-n16-r0	0	c100	sample	2	2-SRR5935779	bases	1093467848
20261008-044702-3c2153c-55a5-n16-r0	0	c100	sample	2	2-SRR5935779	classified	5682744
20261008-044702-3c2153c-55a5-n16-r0	0	c100	sample	2	2-SRR5935779	place	lpt
20261008-044702-3c2153c-55a5-n16-r0	0	c100	sample	2	2-SRR5935779	weight	5948317
20261008-044702-3c2153c-55a5-n16-r0	0	c100	phase			batch-barrier-2	3.275586
20261008-044702-3c2153c-55a5-n16-r0	0	c100	phase			batch-barrier-2.start_s	192.417128
20261008-044702-3c2153c-55a5-n16-r0	0	c100	phase			barrier	0.007380
20261008-044702-3c2153c-55a5-n16-r0	0	c100	phase			barrier.start_s	202.814242
20261008-044702-3c2153c-55a5-n16-r0	0	c100	sample	3	3-SRR5935740	mode	striped
20261008-044702-3c2153c-55a5-n16-r0	0	c100	sample	3	3-SRR5935740	s3client	sdk
20261008-044702-3c2153c-55a5-n16-r0	0	c100	sample	3	3-SRR5935740	rank	0
20261008-044702-3c2153c-55a5-n16-r0	0	c100	sample	3	3-SRR5935740	role	emitter
20261008-044702-3c2153c-55a5-n16-r0	0	c100	sample	3	3-SRR5935740	inflight	1
20261008-044702-3c2153c-55a5-n16-r0	0	c100	sample	3	3-SRR5935740	threads	16
20261008-044702-3c2153c-55a5-n16-r0	0	c100	sample	3	3-SRR5935740	start_s	197.056610
20261008-044702-3c2153c-55a5-n16-r0	0	c100	sample	3	3-SRR5935740	wall_s	6.169481
20261008-044702-3c2153c-55a5-n16-r0	0	c100	sample	3	3-SRR5935740	setup_s	0.000049
20261008-044702-3c2153c-55a5-n16-r0	0	c100	sample	3	3-SRR5935740	classify_s	5.753954
20261008-044702-3c2153c-55a5-n16-r0	0	c100	sample	3	3-SRR5935740	close_s	0.240067
20261008-044702-3c2153c-55a5-n16-r0	0	c100	sample	3	3-SRR5935740	report_s	0.164153
20261008-044702-3c2153c-55a5-n16-r0	0	c100	sample	3	3-SRR5935740	status	0
20261008-044702-3c2153c-55a5-n16-r0	0	c100	sample	3	3-SRR5935740	sequences	10532910
20261008-044702-3c2153c-55a5-n16-r0	0	c100	sample	3	3-SRR5935740	bases	1945093294
20261008-044702-3c2153c-55a5-n16-r0	0	c100	sample	3	3-SRR5935740	classified	9366399
20261008-044702-3c2153c-55a5-n16-r0	0	c100	sample	3	3-SRR5935740	place	-
20261008-044702-3c2153c-55a5-n16-r0	0	c100	sample	3	3-SRR5935740	weight	-
20261008-044702-3c2153c-55a5-n16-r0	0	c100	phase			batch-barrier-3	0.471292
20261008-044702-3c2153c-55a5-n16-r0	0	c100	phase			batch-barrier-3.start_s	203.226107
20261008-044702-3c2153c-55a5-n16-r0	0	c100	phase			barrier	0.007529
20261008-044702-3c2153c-55a5-n16-r0	0	c100	phase			barrier.start_s	209.886992
20261008-044702-3c2153c-55a5-n16-r0	0	c100	sample	4	4-SRR5935740	mode	striped
20261008-044702-3c2153c-55a5-n16-r0	0	c100	sample	4	4-SRR5935740	s3client	sdk
20261008-044702-3c2153c-55a5-n16-r0	0	c100	sample	4	4-SRR5935740	rank	0
20261008-044702-3c2153c-55a5-n16-r0	0	c100	sample	4	4-SRR5935740	role	emitter
20261008-044702-3c2153c-55a5-n16-r0	0	c100	sample	4	4-SRR5935740	inflight	1
20261008-044702-3c2153c-55a5-n16-r0	0	c100	sample	4	4-SRR5935740	threads	16
20261008-044702-3c2153c-55a5-n16-r0	0	c100	sample	4	4-SRR5935740	start_s	204.125504
20261008-044702-3c2153c-55a5-n16-r0	0	c100	sample	4	4-SRR5935740	wall_s	6.157668
20261008-044702-3c2153c-55a5-n16-r0	0	c100	sample	4	4-SRR5935740	setup_s	0.000047
20261008-044702-3c2153c-55a5-n16-r0	0	c100	sample	4	4-SRR5935740	classify_s	5.757776
20261008-044702-3c2153c-55a5-n16-r0	0	c100	sample	4	4-SRR5935740	close_s	0.229875
20261008-044702-3c2153c-55a5-n16-r0	0	c100	sample	4	4-SRR5935740	report_s	0.158492
20261008-044702-3c2153c-55a5-n16-r0	0	c100	sample	4	4-SRR5935740	status	0
20261008-044702-3c2153c-55a5-n16-r0	0	c100	sample	4	4-SRR5935740	sequences	10532910
20261008-044702-3c2153c-55a5-n16-r0	0	c100	sample	4	4-SRR5935740	bases	1945093294
20261008-044702-3c2153c-55a5-n16-r0	0	c100	sample	4	4-SRR5935740	classified	9366399
20261008-044702-3c2153c-55a5-n16-r0	0	c100	sample	4	4-SRR5935740	place	-
20261008-044702-3c2153c-55a5-n16-r0	0	c100	sample	4	4-SRR5935740	weight	-
20261008-044702-3c2153c-55a5-n16-r0	0	c100	phase			batch-barrier-4	0.496716
20261008-044702-3c2153c-55a5-n16-r0	0	c100	phase			batch-barrier-4.start_s	210.283189
20261008-044702-3c2153c-55a5-n16-r0	0	c100	phase			barrier	0.006905
20261008-044702-3c2153c-55a5-n16-r0	0	c100	phase			barrier.start_s	216.989887
20261008-044702-3c2153c-55a5-n16-r0	0	c100	sample	5	5-SRR5935740	mode	striped
20261008-044702-3c2153c-55a5-n16-r0	0	c100	sample	5	5-SRR5935740	s3client	sdk
20261008-044702-3c2153c-55a5-n16-r0	0	c100	sample	5	5-SRR5935740	rank	0
20261008-044702-3c2153c-55a5-n16-r0	0	c100	sample	5	5-SRR5935740	role	emitter
20261008-044702-3c2153c-55a5-n16-r0	0	c100	sample	5	5-SRR5935740	inflight	1
20261008-044702-3c2153c-55a5-n16-r0	0	c100	sample	5	5-SRR5935740	threads	16
20261008-044702-3c2153c-55a5-n16-r0	0	c100	sample	5	5-SRR5935740	start_s	211.219044
20261008-044702-3c2153c-55a5-n16-r0	0	c100	sample	5	5-SRR5935740	wall_s	6.464878
20261008-044702-3c2153c-55a5-n16-r0	0	c100	sample	5	5-SRR5935740	setup_s	0.000043
20261008-044702-3c2153c-55a5-n16-r0	0	c100	sample	5	5-SRR5935740	classify_s	5.767200
20261008-044702-3c2153c-55a5-n16-r0	0	c100	sample	5	5-SRR5935740	close_s	0.520840
20261008-044702-3c2153c-55a5-n16-r0	0	c100	sample	5	5-SRR5935740	report_s	0.166016
20261008-044702-3c2153c-55a5-n16-r0	0	c100	sample	5	5-SRR5935740	status	0
20261008-044702-3c2153c-55a5-n16-r0	0	c100	sample	5	5-SRR5935740	sequences	10532910
20261008-044702-3c2153c-55a5-n16-r0	0	c100	sample	5	5-SRR5935740	bases	1945093294
20261008-044702-3c2153c-55a5-n16-r0	0	c100	sample	5	5-SRR5935740	classified	9366399
20261008-044702-3c2153c-55a5-n16-r0	0	c100	sample	5	5-SRR5935740	place	-
20261008-044702-3c2153c-55a5-n16-r0	0	c100	sample	5	5-SRR5935740	weight	-
20261008-044702-3c2153c-55a5-n16-r0	0	c100	phase			batch-barrier-5	0.459920
20261008-044702-3c2153c-55a5-n16-r0	0	c100	phase			batch-barrier-5.start_s	217.683939
20261008-044702-3c2153c-55a5-n16-r0	0	c100	sample	6	6-SRR5935740	mode	parallel
20261008-044702-3c2153c-55a5-n16-r0	0	c100	sample	6	6-SRR5935740	s3client	sdk
20261008-044702-3c2153c-55a5-n16-r0	0	c100	sample	6	6-SRR5935740	rank	0
20261008-044702-3c2153c-55a5-n16-r0	0	c100	sample	6	6-SRR5935740	role	home
20261008-044702-3c2153c-55a5-n16-r0	0	c100	sample	6	6-SRR5935740	inflight	2
20261008-044702-3c2153c-55a5-n16-r0	0	c100	sample	6	6-SRR5935740	threads	16
20261008-044702-3c2153c-55a5-n16-r0	0	c100	sample	6	6-SRR5935740	start_s	218.143883
20261008-044702-3c2153c-55a5-n16-r0	0	c100	sample	6	6-SRR5935740	wall_s	6.406588
20261008-044702-3c2153c-55a5-n16-r0	0	c100	sample	6	6-SRR5935740	setup_s	0.000045
20261008-044702-3c2153c-55a5-n16-r0	0	c100	sample	6	6-SRR5935740	classify_s	5.876666
20261008-044702-3c2153c-55a5-n16-r0	0	c100	sample	6	6-SRR5935740	close_s	0.332021
20261008-044702-3c2153c-55a5-n16-r0	0	c100	sample	6	6-SRR5935740	report_s	0.181803
20261008-044702-3c2153c-55a5-n16-r0	0	c100	sample	6	6-SRR5935740	status	0
20261008-044702-3c2153c-55a5-n16-r0	0	c100	sample	6	6-SRR5935740	sequences	10532910
20261008-044702-3c2153c-55a5-n16-r0	0	c100	sample	6	6-SRR5935740	bases	1945093294
20261008-044702-3c2153c-55a5-n16-r0	0	c100	sample	6	6-SRR5935740	classified	9366399
20261008-044702-3c2153c-55a5-n16-r0	0	c100	sample	6	6-SRR5935740	place	lpt
20261008-044702-3c2153c-55a5-n16-r0	0	c100	sample	6	6-SRR5935740	weight	10532910
20261008-044702-3c2153c-55a5-n16-r0	0	c100	phase			batch-barrier-6	0.453724
20261008-044702-3c2153c-55a5-n16-r0	0	c100	phase			batch-barrier-6.start_s	224.550491
20261008-044702-3c2153c-55a5-n16-r0	0	c100	sample	7	7-SRR5935740	mode	parallel
20261008-044702-3c2153c-55a5-n16-r0	0	c100	sample	7	7-SRR5935740	s3client	sdk
20261008-044702-3c2153c-55a5-n16-r0	0	c100	sample	7	7-SRR5935740	rank	0
20261008-044702-3c2153c-55a5-n16-r0	0	c100	sample	7	7-SRR5935740	role	home
20261008-044702-3c2153c-55a5-n16-r0	0	c100	sample	7	7-SRR5935740	inflight	2
20261008-044702-3c2153c-55a5-n16-r0	0	c100	sample	7	7-SRR5935740	threads	16
20261008-044702-3c2153c-55a5-n16-r0	0	c100	sample	7	7-SRR5935740	start_s	225.004239
20261008-044702-3c2153c-55a5-n16-r0	0	c100	sample	7	7-SRR5935740	wall_s	6.972436
20261008-044702-3c2153c-55a5-n16-r0	0	c100	sample	7	7-SRR5935740	setup_s	0.000043
20261008-044702-3c2153c-55a5-n16-r0	0	c100	sample	7	7-SRR5935740	classify_s	5.959640
20261008-044702-3c2153c-55a5-n16-r0	0	c100	sample	7	7-SRR5935740	close_s	0.322611
20261008-044702-3c2153c-55a5-n16-r0	0	c100	sample	7	7-SRR5935740	report_s	0.674448
20261008-044702-3c2153c-55a5-n16-r0	0	c100	sample	7	7-SRR5935740	status	0
20261008-044702-3c2153c-55a5-n16-r0	0	c100	sample	7	7-SRR5935740	sequences	10532910
20261008-044702-3c2153c-55a5-n16-r0	0	c100	sample	7	7-SRR5935740	bases	1945093294
20261008-044702-3c2153c-55a5-n16-r0	0	c100	sample	7	7-SRR5935740	classified	9366399
20261008-044702-3c2153c-55a5-n16-r0	0	c100	sample	7	7-SRR5935740	place	lpt
20261008-044702-3c2153c-55a5-n16-r0	0	c100	sample	7	7-SRR5935740	weight	10532910
20261008-044702-3c2153c-55a5-n16-r0	0	c100	phase			batch-barrier-7	0.421336
20261008-044702-3c2153c-55a5-n16-r0	0	c100	phase			batch-barrier-7.start_s	231.976694
20261008-044702-3c2153c-55a5-n16-r0	0	c100	sample	8	8-SRR5935740	mode	parallel
20261008-044702-3c2153c-55a5-n16-r0	0	c100	sample	8	8-SRR5935740	s3client	sdk
20261008-044702-3c2153c-55a5-n16-r0	0	c100	sample	8	8-SRR5935740	rank	0
20261008-044702-3c2153c-55a5-n16-r0	0	c100	sample	8	8-SRR5935740	role	home
20261008-044702-3c2153c-55a5-n16-r0	0	c100	sample	8	8-SRR5935740	inflight	2
20261008-044702-3c2153c-55a5-n16-r0	0	c100	sample	8	8-SRR5935740	threads	16
20261008-044702-3c2153c-55a5-n16-r0	0	c100	sample	8	8-SRR5935740	start_s	232.398051
20261008-044702-3c2153c-55a5-n16-r0	0	c100	sample	8	8-SRR5935740	wall_s	6.333675
20261008-044702-3c2153c-55a5-n16-r0	0	c100	sample	8	8-SRR5935740	setup_s	0.000055
20261008-044702-3c2153c-55a5-n16-r0	0	c100	sample	8	8-SRR5935740	classify_s	5.932462
20261008-044702-3c2153c-55a5-n16-r0	0	c100	sample	8	8-SRR5935740	close_s	0.221190
20261008-044702-3c2153c-55a5-n16-r0	0	c100	sample	8	8-SRR5935740	report_s	0.164071
20261008-044702-3c2153c-55a5-n16-r0	0	c100	sample	8	8-SRR5935740	status	0
20261008-044702-3c2153c-55a5-n16-r0	0	c100	sample	8	8-SRR5935740	sequences	10532910
20261008-044702-3c2153c-55a5-n16-r0	0	c100	sample	8	8-SRR5935740	bases	1945093294
20261008-044702-3c2153c-55a5-n16-r0	0	c100	sample	8	8-SRR5935740	classified	9366399
20261008-044702-3c2153c-55a5-n16-r0	0	c100	sample	8	8-SRR5935740	place	lpt
20261008-044702-3c2153c-55a5-n16-r0	0	c100	sample	8	8-SRR5935740	weight	10532910
20261008-044702-3c2153c-55a5-n16-r0	0	c100	phase			batch-barrier-8	0.407594
20261008-044702-3c2153c-55a5-n16-r0	0	c100	phase			batch-barrier-8.start_s	238.731742
20261008-044702-3c2153c-55a5-n16-r0	0	c100	engine.shard			index	0
20261008-044702-3c2153c-55a5-n16-r0	0	c100	engine.shard			n	16
20261008-044702-3c2153c-55a5-n16-r0	0	c100	engine.shard			lo	0
20261008-044702-3c2153c-55a5-n16-r0	0	c100	engine.shard			hi	18579557371
20261008-044702-3c2153c-55a5-n16-r0	0	c100	engine.shard			tail	302
20261008-044702-3c2153c-55a5-n16-r0	0	c100	engine.shard			full	false
20261008-044702-3c2153c-55a5-n16-r0	0	c100	engine.shard			empty_at	18579557376
20261008-044702-3c2153c-55a5-n16-r0	0	c100	engine.shard			keys	8480550252
20261008-044702-3c2153c-55a5-n16-r0	0	c100	engine.shard			batches	89910
20261008-044702-3c2153c-55a5-n16-r0	0	c100	engine.shard			probe_s	204.048735
20261008-044702-3c2153c-55a5-n16-r0	0	c100	engine.shard			tail_probes	0
20261008-044702-3c2153c-55a5-n16-r0	0	c100	engine.shard			wrap_probes	0
20261008-044702-3c2153c-55a5-n16-r0	0	c100	engine.rendezvous			puts	13
20261008-044702-3c2153c-55a5-n16-r0	0	c100	engine.rendezvous			gets	461
20261008-044702-3c2153c-55a5-n16-r0	0	c100	engine.s3			client	sdk
20261008-044702-3c2153c-55a5-n16-r0	0	c100	engine.s3			put	38
20261008-044702-3c2153c-55a5-n16-r0	0	c100	engine.s3			get	461
20261008-044702-3c2153c-55a5-n16-r0	0	c100	engine.s3			create_multipart	25
20261008-044702-3c2153c-55a5-n16-r0	0	c100	engine.s3			upload_part	3027
20261008-044702-3c2153c-55a5-n16-r0	0	c100	engine.s3			complete_multipart	25
20261008-044702-3c2153c-55a5-n16-r0	0	c100	engine.s3			abort_multipart	0
20261008-044702-3c2153c-55a5-n16-r0	0	c100	engine.s3			part_bytes	25308450271
20261008-044702-3c2153c-55a5-n16-r0	0	c100	engine.s3			client	cli
20261008-044702-3c2153c-55a5-n16-r0	0	c100	engine.s3			put	0
20261008-044702-3c2153c-55a5-n16-r0	0	c100	engine.s3			get	0
20261008-044702-3c2153c-55a5-n16-r0	0	c100	engine.s3			create_multipart	0
20261008-044702-3c2153c-55a5-n16-r0	0	c100	engine.s3			upload_part	0
20261008-044702-3c2153c-55a5-n16-r0	0	c100	engine.s3			complete_multipart	0
20261008-044702-3c2153c-55a5-n16-r0	0	c100	engine.s3			abort_multipart	0
20261008-044702-3c2153c-55a5-n16-r0	0	c100	engine.s3			part_bytes	0
20261008-044702-3c2153c-55a5-n16-r0	0	c100	engine.load			seconds	40.452923
20261008-044702-3c2153c-55a5-n16-r0	0	c100	engine.load			requests	1126
20261008-044702-3c2153c-55a5-n16-r0	0	c100	engine.load			retries	0
20261008-044702-3c2153c-55a5-n16-r0	0	c100	engine.load			bytes	74318296292
20261008-044702-3c2153c-55a5-n16-r0	0	c100	engine.route			transport	nodes
20261008-044702-3c2153c-55a5-n16-r0	0	c100	engine.route			calls	6886
20261008-044702-3c2153c-55a5-n16-r0	0	c100	engine.route			keys	10395711508
20261008-044702-3c2153c-55a5-n16-r0	0	c100	engine.route			batches	110176
20261008-044702-3c2153c-55a5-n16-r0	0	c100	engine.route			route_s	115.553266
20261008-044702-3c2153c-55a5-n16-r0	0	c100	engine.route			wait_s	392.258930
20261008-044702-3c2153c-55a5-n16-r0	0	c100	engine.route			gather_s	21.887196
20261008-044702-3c2153c-55a5-n16-r0	0	c100	engine.worker			scan_s	870.704436
20261008-044702-3c2153c-55a5-n16-r0	0	c100	engine.worker			lookup_s	529.704060
20261008-044702-3c2153c-55a5-n16-r0	0	c100	engine.worker			classify_s	752.736872
20261008-044702-3c2153c-55a5-n16-r0	0	c100	phase			total	239.267751
20261008-044702-3c2153c-55a5-n16-r0	0	c100	phase			total.start_s	0.000001
20261008-044702-3c2153c-55a5-n16-r1	1	c100	phase			taxo	0.094081
20261008-044702-3c2153c-55a5-n16-r1	1	c100	phase			taxo.start_s	0.002818
20261008-044702-3c2153c-55a5-n16-r1	1	c100	phase			shard-load-1	41.695863
20261008-044702-3c2153c-55a5-n16-r1	1	c100	phase			shard-load-1.start_s	0.299212
20261008-044702-3c2153c-55a5-n16-r1	1	c100	phase			rendezvous	28.113580
20261008-044702-3c2153c-55a5-n16-r1	1	c100	phase			rendezvous.start_s	43.501248
20261008-044702-3c2153c-55a5-n16-r1	1	c100	phase			connect	0.262119
20261008-044702-3c2153c-55a5-n16-r1	1	c100	phase			connect.start_s	71.614844
20261008-044702-3c2153c-55a5-n16-r1	1	c100	phase			hash	71.780061
20261008-044702-3c2153c-55a5-n16-r1	1	c100	phase			hash.start_s	0.096924
20261008-044702-3c2153c-55a5-n16-r1	1	c100	sample	0	0-SRR5935761	mode	parallel
20261008-044702-3c2153c-55a5-n16-r1	1	c100	sample	0	0-SRR5935761	s3client	sdk
20261008-044702-3c2153c-55a5-n16-r1	1	c100	sample	0	0-SRR5935761	rank	1
20261008-044702-3c2153c-55a5-n16-r1	1	c100	sample	0	0-SRR5935761	role	home
20261008-044702-3c2153c-55a5-n16-r1	1	c100	sample	0	0-SRR5935761	inflight	2
20261008-044702-3c2153c-55a5-n16-r1	1	c100	sample	0	0-SRR5935761	threads	16
20261008-044702-3c2153c-55a5-n16-r1	1	c100	sample	0	0-SRR5935761	start_s	71.877021
20261008-044702-3c2153c-55a5-n16-r1	1	c100	sample	0	0-SRR5935761	wall_s	14.958203
20261008-044702-3c2153c-55a5-n16-r1	1	c100	sample	0	0-SRR5935761	setup_s	0.000049
20261008-044702-3c2153c-55a5-n16-r1	1	c100	sample	0	0-SRR5935761	classify_s	14.539767
20261008-044702-3c2153c-55a5-n16-r1	1	c100	sample	0	0-SRR5935761	close_s	0.253240
20261008-044702-3c2153c-55a5-n16-r1	1	c100	sample	0	0-SRR5935761	report_s	0.158232
20261008-044702-3c2153c-55a5-n16-r1	1	c100	sample	0	0-SRR5935761	status	0
20261008-044702-3c2153c-55a5-n16-r1	1	c100	sample	0	0-SRR5935761	sequences	14191749
20261008-044702-3c2153c-55a5-n16-r1	1	c100	sample	0	0-SRR5935761	bases	2646878118
20261008-044702-3c2153c-55a5-n16-r1	1	c100	sample	0	0-SRR5935761	classified	13987275
20261008-044702-3c2153c-55a5-n16-r1	1	c100	sample	0	0-SRR5935761	place	lpt
20261008-044702-3c2153c-55a5-n16-r1	1	c100	sample	0	0-SRR5935761	weight	14191749
20261008-044702-3c2153c-55a5-n16-r1	1	c100	sample	0	0-SRR5935773	mode	parallel
20261008-044702-3c2153c-55a5-n16-r1	1	c100	sample	0	0-SRR5935773	s3client	sdk
20261008-044702-3c2153c-55a5-n16-r1	1	c100	sample	0	0-SRR5935773	rank	1
20261008-044702-3c2153c-55a5-n16-r1	1	c100	sample	0	0-SRR5935773	role	home
20261008-044702-3c2153c-55a5-n16-r1	1	c100	sample	0	0-SRR5935773	inflight	2
20261008-044702-3c2153c-55a5-n16-r1	1	c100	sample	0	0-SRR5935773	threads	16
20261008-044702-3c2153c-55a5-n16-r1	1	c100	sample	0	0-SRR5935773	start_s	71.877032
20261008-044702-3c2153c-55a5-n16-r1	1	c100	sample	0	0-SRR5935773	wall_s	20.655732
20261008-044702-3c2153c-55a5-n16-r1	1	c100	sample	0	0-SRR5935773	setup_s	0.000044
20261008-044702-3c2153c-55a5-n16-r1	1	c100	sample	0	0-SRR5935773	classify_s	20.083859
20261008-044702-3c2153c-55a5-n16-r1	1	c100	sample	0	0-SRR5935773	close_s	0.359757
20261008-044702-3c2153c-55a5-n16-r1	1	c100	sample	0	0-SRR5935773	report_s	0.203164
20261008-044702-3c2153c-55a5-n16-r1	1	c100	sample	0	0-SRR5935773	status	0
20261008-044702-3c2153c-55a5-n16-r1	1	c100	sample	0	0-SRR5935773	sequences	20671571
20261008-044702-3c2153c-55a5-n16-r1	1	c100	sample	0	0-SRR5935773	bases	3786101975
20261008-044702-3c2153c-55a5-n16-r1	1	c100	sample	0	0-SRR5935773	classified	19204656
20261008-044702-3c2153c-55a5-n16-r1	1	c100	sample	0	0-SRR5935773	place	lpt
20261008-044702-3c2153c-55a5-n16-r1	1	c100	sample	0	0-SRR5935773	weight	20671571
20261008-044702-3c2153c-55a5-n16-r1	1	c100	sample	0	0-SRR5935795	mode	parallel
20261008-044702-3c2153c-55a5-n16-r1	1	c100	sample	0	0-SRR5935795	s3client	sdk
20261008-044702-3c2153c-55a5-n16-r1	1	c100	sample	0	0-SRR5935795	rank	1
20261008-044702-3c2153c-55a5-n16-r1	1	c100	sample	0	0-SRR5935795	role	home
20261008-044702-3c2153c-55a5-n16-r1	1	c100	sample	0	0-SRR5935795	inflight	2
20261008-044702-3c2153c-55a5-n16-r1	1	c100	sample	0	0-SRR5935795	threads	16
20261008-044702-3c2153c-55a5-n16-r1	1	c100	sample	0	0-SRR5935795	start_s	86.835245
20261008-044702-3c2153c-55a5-n16-r1	1	c100	sample	0	0-SRR5935795	wall_s	11.966565
20261008-044702-3c2153c-55a5-n16-r1	1	c100	sample	0	0-SRR5935795	setup_s	0.000059
20261008-044702-3c2153c-55a5-n16-r1	1	c100	sample	0	0-SRR5935795	classify_s	11.612567
20261008-044702-3c2153c-55a5-n16-r1	1	c100	sample	0	0-SRR5935795	close_s	0.216293
20261008-044702-3c2153c-55a5-n16-r1	1	c100	sample	0	0-SRR5935795	report_s	0.130760
20261008-044702-3c2153c-55a5-n16-r1	1	c100	sample	0	0-SRR5935795	status	0
20261008-044702-3c2153c-55a5-n16-r1	1	c100	sample	0	0-SRR5935795	sequences	11924297
20261008-044702-3c2153c-55a5-n16-r1	1	c100	sample	0	0-SRR5935795	bases	2214843465
20261008-044702-3c2153c-55a5-n16-r1	1	c100	sample	0	0-SRR5935795	classified	11742476
20261008-044702-3c2153c-55a5-n16-r1	1	c100	sample	0	0-SRR5935795	place	lpt
20261008-044702-3c2153c-55a5-n16-r1	1	c100	sample	0	0-SRR5935795	weight	11924297
20261008-044702-3c2153c-55a5-n16-r1	1	c100	sample	0	0-SRR5935754	mode	parallel
20261008-044702-3c2153c-55a5-n16-r1	1	c100	sample	0	0-SRR5935754	s3client	sdk
20261008-044702-3c2153c-55a5-n16-r1	1	c100	sample	0	0-SRR5935754	rank	1
20261008-044702-3c2153c-55a5-n16-r1	1	c100	sample	0	0-SRR5935754	role	home
20261008-044702-3c2153c-55a5-n16-r1	1	c100	sample	0	0-SRR5935754	inflight	2
20261008-044702-3c2153c-55a5-n16-r1	1	c100	sample	0	0-SRR5935754	threads	16
20261008-044702-3c2153c-55a5-n16-r1	1	c100	sample	0	0-SRR5935754	start_s	92.532960
20261008-044702-3c2153c-55a5-n16-r1	1	c100	sample	0	0-SRR5935754	wall_s	10.281805
20261008-044702-3c2153c-55a5-n16-r1	1	c100	sample	0	0-SRR5935754	setup_s	0.000090
20261008-044702-3c2153c-55a5-n16-r1	1	c100	sample	0	0-SRR5935754	classify_s	9.859594
20261008-044702-3c2153c-55a5-n16-r1	1	c100	sample	0	0-SRR5935754	close_s	0.218062
20261008-044702-3c2153c-55a5-n16-r1	1	c100	sample	0	0-SRR5935754	report_s	0.189567
20261008-044702-3c2153c-55a5-n16-r1	1	c100	sample	0	0-SRR5935754	status	0
20261008-044702-3c2153c-55a5-n16-r1	1	c100	sample	0	0-SRR5935754	sequences	10479816
20261008-044702-3c2153c-55a5-n16-r1	1	c100	sample	0	0-SRR5935754	bases	1916830360
20261008-044702-3c2153c-55a5-n16-r1	1	c100	sample	0	0-SRR5935754	classified	9679024
20261008-044702-3c2153c-55a5-n16-r1	1	c100	sample	0	0-SRR5935754	place	lpt
20261008-044702-3c2153c-55a5-n16-r1	1	c100	sample	0	0-SRR5935754	weight	10479816
20261008-044702-3c2153c-55a5-n16-r1	1	c100	sample	0	0-SRR5935783	mode	parallel
20261008-044702-3c2153c-55a5-n16-r1	1	c100	sample	0	0-SRR5935783	s3client	sdk
20261008-044702-3c2153c-55a5-n16-r1	1	c100	sample	0	0-SRR5935783	rank	1
20261008-044702-3c2153c-55a5-n16-r1	1	c100	sample	0	0-SRR5935783	role	home
20261008-044702-3c2153c-55a5-n16-r1	1	c100	sample	0	0-SRR5935783	inflight	2
20261008-044702-3c2153c-55a5-n16-r1	1	c100	sample	0	0-SRR5935783	threads	16
20261008-044702-3c2153c-55a5-n16-r1	1	c100	sample	0	0-SRR5935783	start_s	102.814789
20261008-044702-3c2153c-55a5-n16-r1	1	c100	sample	0	0-SRR5935783	wall_s	3.097947
20261008-044702-3c2153c-55a5-n16-r1	1	c100	sample	0	0-SRR5935783	setup_s	0.000071
20261008-044702-3c2153c-55a5-n16-r1	1	c100	sample	0	0-SRR5935783	classify_s	2.765518
20261008-044702-3c2153c-55a5-n16-r1	1	c100	sample	0	0-SRR5935783	close_s	0.218805
20261008-044702-3c2153c-55a5-n16-r1	1	c100	sample	0	0-SRR5935783	report_s	0.109958
20261008-044702-3c2153c-55a5-n16-r1	1	c100	sample	0	0-SRR5935783	status	0
20261008-044702-3c2153c-55a5-n16-r1	1	c100	sample	0	0-SRR5935783	sequences	2565282
20261008-044702-3c2153c-55a5-n16-r1	1	c100	sample	0	0-SRR5935783	bases	465562992
20261008-044702-3c2153c-55a5-n16-r1	1	c100	sample	0	0-SRR5935783	classified	2508539
20261008-044702-3c2153c-55a5-n16-r1	1	c100	sample	0	0-SRR5935783	place	lpt
20261008-044702-3c2153c-55a5-n16-r1	1	c100	sample	0	0-SRR5935783	weight	2565282
20261008-044702-3c2153c-55a5-n16-r1	1	c100	sample	0	0-SRR5935777	mode	parallel
20261008-044702-3c2153c-55a5-n16-r1	1	c100	sample	0	0-SRR5935777	s3client	sdk
20261008-044702-3c2153c-55a5-n16-r1	1	c100	sample	0	0-SRR5935777	rank	1
20261008-044702-3c2153c-55a5-n16-r1	1	c100	sample	0	0-SRR5935777	role	home
20261008-044702-3c2153c-55a5-n16-r1	1	c100	sample	0	0-SRR5935777	inflight	2
20261008-044702-3c2153c-55a5-n16-r1	1	c100	sample	0	0-SRR5935777	threads	16
20261008-044702-3c2153c-55a5-n16-r1	1	c100	sample	0	0-SRR5935777	start_s	98.801838
20261008-044702-3c2153c-55a5-n16-r1	1	c100	sample	0	0-SRR5935777	wall_s	7.788396
20261008-044702-3c2153c-55a5-n16-r1	1	c100	sample	0	0-SRR5935777	setup_s	0.000059
20261008-044702-3c2153c-55a5-n16-r1	1	c100	sample	0	0-SRR5935777	classify_s	7.392200
20261008-044702-3c2153c-55a5-n16-r1	1	c100	sample	0	0-SRR5935777	close_s	0.244651
20261008-044702-3c2153c-55a5-n16-r1	1	c100	sample	0	0-SRR5935777	report_s	0.144714
20261008-044702-3c2153c-55a5-n16-r1	1	c100	sample	0	0-SRR5935777	status	0
20261008-044702-3c2153c-55a5-n16-r1	1	c100	sample	0	0-SRR5935777	sequences	8173049
20261008-044702-3c2153c-55a5-n16-r1	1	c100	sample	0	0-SRR5935777	bases	1459565869
20261008-044702-3c2153c-55a5-n16-r1	1	c100	sample	0	0-SRR5935777	classified	7956066
20261008-044702-3c2153c-55a5-n16-r1	1	c100	sample	0	0-SRR5935777	place	lpt
20261008-044702-3c2153c-55a5-n16-r1	1	c100	sample	0	0-SRR5935777	weight	8173049
20261008-044702-3c2153c-55a5-n16-r1	1	c100	sample	0	0-SRR5935743	mode	parallel
20261008-044702-3c2153c-55a5-n16-r1	1	c100	sample	0	0-SRR5935743	s3client	sdk
20261008-044702-3c2153c-55a5-n16-r1	1	c100	sample	0	0-SRR5935743	rank	1
20261008-044702-3c2153c-55a5-n16-r1	1	c100	sample	0	0-SRR5935743	role	home
20261008-044702-3c2153c-55a5-n16-r1	1	c100	sample	0	0-SRR5935743	inflight	2
20261008-044702-3c2153c-55a5-n16-r1	1	c100	sample	0	0-SRR5935743	threads	16
20261008-044702-3c2153c-55a5-n16-r1	1	c100	sample	0	0-SRR5935743	start_s	105.912800
20261008-044702-3c2153c-55a5-n16-r1	1	c100	sample	0	0-SRR5935743	wall_s	0.782611
20261008-044702-3c2153c-55a5-n16-r1	1	c100	sample	0	0-SRR5935743	setup_s	0.000065
20261008-044702-3c2153c-55a5-n16-r1	1	c100	sample	0	0-SRR5935743	classify_s	0.457670
20261008-044702-3c2153c-55a5-n16-r1	1	c100	sample	0	0-SRR5935743	close_s	0.220433
20261008-044702-3c2153c-55a5-n16-r1	1	c100	sample	0	0-SRR5935743	report_s	0.103667
20261008-044702-3c2153c-55a5-n16-r1	1	c100	sample	0	0-SRR5935743	status	0
20261008-044702-3c2153c-55a5-n16-r1	1	c100	sample	0	0-SRR5935743	sequences	201473
20261008-044702-3c2153c-55a5-n16-r1	1	c100	sample	0	0-SRR5935743	bases	36745424
20261008-044702-3c2153c-55a5-n16-r1	1	c100	sample	0	0-SRR5935743	classified	197603
20261008-044702-3c2153c-55a5-n16-r1	1	c100	sample	0	0-SRR5935743	place	lpt
20261008-044702-3c2153c-55a5-n16-r1	1	c100	sample	0	0-SRR5935743	weight	201473
20261008-044702-3c2153c-55a5-n16-r1	1	c100	phase			batch-barrier-0	4.834923
20261008-044702-3c2153c-55a5-n16-r1	1	c100	phase			batch-barrier-0.start_s	106.695438
20261008-044702-3c2153c-55a5-n16-r1	1	c100	sample	1	1-SRR5935757	mode	parallel
20261008-044702-3c2153c-55a5-n16-r1	1	c100	sample	1	1-SRR5935757	s3client	sdk
20261008-044702-3c2153c-55a5-n16-r1	1	c100	sample	1	1-SRR5935757	rank	1
20261008-044702-3c2153c-55a5-n16-r1	1	c100	sample	1	1-SRR5935757	role	home
20261008-044702-3c2153c-55a5-n16-r1	1	c100	sample	1	1-SRR5935757	inflight	2
20261008-044702-3c2153c-55a5-n16-r1	1	c100	sample	1	1-SRR5935757	threads	16
20261008-044702-3c2153c-55a5-n16-r1	1	c100	sample	1	1-SRR5935757	start_s	111.530384
20261008-044702-3c2153c-55a5-n16-r1	1	c100	sample	1	1-SRR5935757	wall_s	16.768517
20261008-044702-3c2153c-55a5-n16-r1	1	c100	sample	1	1-SRR5935757	setup_s	0.000047
20261008-044702-3c2153c-55a5-n16-r1	1	c100	sample	1	1-SRR5935757	classify_s	16.390066
20261008-044702-3c2153c-55a5-n16-r1	1	c100	sample	1	1-SRR5935757	close_s	0.210370
20261008-044702-3c2153c-55a5-n16-r1	1	c100	sample	1	1-SRR5935757	report_s	0.152945
20261008-044702-3c2153c-55a5-n16-r1	1	c100	sample	1	1-SRR5935757	status	0
20261008-044702-3c2153c-55a5-n16-r1	1	c100	sample	1	1-SRR5935757	sequences	16286650
20261008-044702-3c2153c-55a5-n16-r1	1	c100	sample	1	1-SRR5935757	bases	3018354004
20261008-044702-3c2153c-55a5-n16-r1	1	c100	sample	1	1-SRR5935757	classified	15278935
20261008-044702-3c2153c-55a5-n16-r1	1	c100	sample	1	1-SRR5935757	place	mod
20261008-044702-3c2153c-55a5-n16-r1	1	c100	sample	1	1-SRR5935757	weight	16286650
20261008-044702-3c2153c-55a5-n16-r1	1	c100	sample	1	1-SRR5935741	mode	parallel
20261008-044702-3c2153c-55a5-n16-r1	1	c100	sample	1	1-SRR5935741	s3client	sdk
20261008-044702-3c2153c-55a5-n16-r1	1	c100	sample	1	1-SRR5935741	rank	1
20261008-044702-3c2153c-55a5-n16-r1	1	c100	sample	1	1-SRR5935741	role	home
20261008-044702-3c2153c-55a5-n16-r1	1	c100	sample	1	1-SRR5935741	inflight	2
20261008-044702-3c2153c-55a5-n16-r1	1	c100	sample	1	1-SRR5935741	threads	16
20261008-044702-3c2153c-55a5-n16-r1	1	c100	sample	1	1-SRR5935741	start_s	111.530420
20261008-044702-3c2153c-55a5-n16-r1	1	c100	sample	1	1-SRR5935741	wall_s	17.337417
20261008-044702-3c2153c-55a5-n16-r1	1	c100	sample	1	1-SRR5935741	setup_s	0.000038
20261008-044702-3c2153c-55a5-n16-r1	1	c100	sample	1	1-SRR5935741	classify_s	16.829949
20261008-044702-3c2153c-55a5-n16-r1	1	c100	sample	1	1-SRR5935741	close_s	0.278813
20261008-044702-3c2153c-55a5-n16-r1	1	c100	sample	1	1-SRR5935741	report_s	0.209745
20261008-044702-3c2153c-55a5-n16-r1	1	c100	sample	1	1-SRR5935741	status	0
20261008-044702-3c2153c-55a5-n16-r1	1	c100	sample	1	1-SRR5935741	sequences	16518263
20261008-044702-3c2153c-55a5-n16-r1	1	c100	sample	1	1-SRR5935741	bases	3051284850
20261008-044702-3c2153c-55a5-n16-r1	1	c100	sample	1	1-SRR5935741	classified	16141470
20261008-044702-3c2153c-55a5-n16-r1	1	c100	sample	1	1-SRR5935741	place	mod
20261008-044702-3c2153c-55a5-n16-r1	1	c100	sample	1	1-SRR5935741	weight	16518263
20261008-044702-3c2153c-55a5-n16-r1	1	c100	sample	1	1-SRR5935789	mode	parallel
20261008-044702-3c2153c-55a5-n16-r1	1	c100	sample	1	1-SRR5935789	s3client	sdk
20261008-044702-3c2153c-55a5-n16-r1	1	c100	sample	1	1-SRR5935789	rank	1
20261008-044702-3c2153c-55a5-n16-r1	1	c100	sample	1	1-SRR5935789	role	home
20261008-044702-3c2153c-55a5-n16-r1	1	c100	sample	1	1-SRR5935789	inflight	2
20261008-044702-3c2153c-55a5-n16-r1	1	c100	sample	1	1-SRR5935789	threads	16
20261008-044702-3c2153c-55a5-n16-r1	1	c100	sample	1	1-SRR5935789	start_s	128.867907
20261008-044702-3c2153c-55a5-n16-r1	1	c100	sample	1	1-SRR5935789	wall_s	2.664603
20261008-044702-3c2153c-55a5-n16-r1	1	c100	sample	1	1-SRR5935789	setup_s	0.000060
20261008-044702-3c2153c-55a5-n16-r1	1	c100	sample	1	1-SRR5935789	classify_s	1.981880
20261008-044702-3c2153c-55a5-n16-r1	1	c100	sample	1	1-SRR5935789	close_s	0.523890
20261008-044702-3c2153c-55a5-n16-r1	1	c100	sample	1	1-SRR5935789	report_s	0.156436
20261008-044702-3c2153c-55a5-n16-r1	1	c100	sample	1	1-SRR5935789	status	0
20261008-044702-3c2153c-55a5-n16-r1	1	c100	sample	1	1-SRR5935789	sequences	1513694
20261008-044702-3c2153c-55a5-n16-r1	1	c100	sample	1	1-SRR5935789	bases	270732465
20261008-044702-3c2153c-55a5-n16-r1	1	c100	sample	1	1-SRR5935789	classified	1488159
20261008-044702-3c2153c-55a5-n16-r1	1	c100	sample	1	1-SRR5935789	place	mod
20261008-044702-3c2153c-55a5-n16-r1	1	c100	sample	1	1-SRR5935789	weight	1513694
20261008-044702-3c2153c-55a5-n16-r1	1	c100	sample	1	1-SRR5935805	mode	parallel
20261008-044702-3c2153c-55a5-n16-r1	1	c100	sample	1	1-SRR5935805	s3client	sdk
20261008-044702-3c2153c-55a5-n16-r1	1	c100	sample	1	1-SRR5935805	rank	1
20261008-044702-3c2153c-55a5-n16-r1	1	c100	sample	1	1-SRR5935805	role	home
20261008-044702-3c2153c-55a5-n16-r1	1	c100	sample	1	1-SRR5935805	inflight	2
20261008-044702-3c2153c-55a5-n16-r1	1	c100	sample	1	1-SRR5935805	threads	16
20261008-044702-3c2153c-55a5-n16-r1	1	c100	sample	1	1-SRR5935805	start_s	131.532542
20261008-044702-3c2153c-55a5-n16-r1	1	c100	sample	1	1-SRR5935805	wall_s	3.370537
20261008-044702-3c2153c-55a5-n16-r1	1	c100	sample	1	1-SRR5935805	setup_s	0.000080
20261008-044702-3c2153c-55a5-n16-r1	1	c100	sample	1	1-SRR5935805	classify_s	3.007577
20261008-044702-3c2153c-55a5-n16-r1	1	c100	sample	1	1-SRR5935805	close_s	0.222490
20261008-044702-3c2153c-55a5-n16-r1	1	c100	sample	1	1-SRR5935805	report_s	0.136864
20261008-044702-3c2153c-55a5-n16-r1	1	c100	sample	1	1-SRR5935805	status	0
20261008-044702-3c2153c-55a5-n16-r1	1	c100	sample	1	1-SRR5935805	sequences	2823474
20261008-044702-3c2153c-55a5-n16-r1	1	c100	sample	1	1-SRR5935805	bases	526092284
20261008-044702-3c2153c-55a5-n16-r1	1	c100	sample	1	1-SRR5935805	classified	2761157
20261008-044702-3c2153c-55a5-n16-r1	1	c100	sample	1	1-SRR5935805	place	mod
20261008-044702-3c2153c-55a5-n16-r1	1	c100	sample	1	1-SRR5935805	weight	2823474
20261008-044702-3c2153c-55a5-n16-r1	1	c100	sample	1	1-SRR5935821	mode	parallel
20261008-044702-3c2153c-55a5-n16-r1	1	c100	sample	1	1-SRR5935821	s3client	sdk
20261008-044702-3c2153c-55a5-n16-r1	1	c100	sample	1	1-SRR5935821	rank	1
20261008-044702-3c2153c-55a5-n16-r1	1	c100	sample	1	1-SRR5935821	role	home
20261008-044702-3c2153c-55a5-n16-r1	1	c100	sample	1	1-SRR5935821	inflight	2
20261008-044702-3c2153c-55a5-n16-r1	1	c100	sample	1	1-SRR5935821	threads	16
20261008-044702-3c2153c-55a5-n16-r1	1	c100	sample	1	1-SRR5935821	start_s	134.903108
20261008-044702-3c2153c-55a5-n16-r1	1	c100	sample	1	1-SRR5935821	wall_s	1.248928
20261008-044702-3c2153c-55a5-n16-r1	1	c100	sample	1	1-SRR5935821	setup_s	0.000061
20261008-044702-3c2153c-55a5-n16-r1	1	c100	sample	1	1-SRR5935821	classify_s	0.674409
20261008-044702-3c2153c-55a5-n16-r1	1	c100	sample	1	1-SRR5935821	close_s	0.434090
20261008-044702-3c2153c-55a5-n16-r1	1	c100	sample	1	1-SRR5935821	report_s	0.139306
20261008-044702-3c2153c-55a5-n16-r1	1	c100	sample	1	1-SRR5935821	status	0
20261008-044702-3c2153c-55a5-n16-r1	1	c100	sample	1	1-SRR5935821	sequences	297656
20261008-044702-3c2153c-55a5-n16-r1	1	c100	sample	1	1-SRR5935821	bases	54176352
20261008-044702-3c2153c-55a5-n16-r1	1	c100	sample	1	1-SRR5935821	classified	290837
20261008-044702-3c2153c-55a5-n16-r1	1	c100	sample	1	1-SRR5935821	place	mod
20261008-044702-3c2153c-55a5-n16-r1	1	c100	sample	1	1-SRR5935821	weight	297656
20261008-044702-3c2153c-55a5-n16-r1	1	c100	sample	1	1-SRR5935837	mode	parallel
20261008-044702-3c2153c-55a5-n16-r1	1	c100	sample	1	1-SRR5935837	s3client	sdk
20261008-044702-3c2153c-55a5-n16-r1	1	c100	sample	1	1-SRR5935837	rank	1
20261008-044702-3c2153c-55a5-n16-r1	1	c100	sample	1	1-SRR5935837	role	home
20261008-044702-3c2153c-55a5-n16-r1	1	c100	sample	1	1-SRR5935837	inflight	2
20261008-044702-3c2153c-55a5-n16-r1	1	c100	sample	1	1-SRR5935837	threads	16
20261008-044702-3c2153c-55a5-n16-r1	1	c100	sample	1	1-SRR5935837	start_s	136.152067
20261008-044702-3c2153c-55a5-n16-r1	1	c100	sample	1	1-SRR5935837	wall_s	9.519721
20261008-044702-3c2153c-55a5-n16-r1	1	c100	sample	1	1-SRR5935837	setup_s	0.000064
20261008-044702-3c2153c-55a5-n16-r1	1	c100	sample	1	1-SRR5935837	classify_s	9.038357
20261008-044702-3c2153c-55a5-n16-r1	1	c100	sample	1	1-SRR5935837	close_s	0.223912
20261008-044702-3c2153c-55a5-n16-r1	1	c100	sample	1	1-SRR5935837	report_s	0.246809
20261008-044702-3c2153c-55a5-n16-r1	1	c100	sample	1	1-SRR5935837	status	0
20261008-044702-3c2153c-55a5-n16-r1	1	c100	sample	1	1-SRR5935837	sequences	9337913
20261008-044702-3c2153c-55a5-n16-r1	1	c100	sample	1	1-SRR5935837	bases	1691901005
20261008-044702-3c2153c-55a5-n16-r1	1	c100	sample	1	1-SRR5935837	classified	8897092
20261008-044702-3c2153c-55a5-n16-r1	1	c100	sample	1	1-SRR5935837	place	mod
20261008-044702-3c2153c-55a5-n16-r1	1	c100	sample	1	1-SRR5935837	weight	9337913
20261008-044702-3c2153c-55a5-n16-r1	1	c100	sample	1	1-SRR5935773	mode	parallel
20261008-044702-3c2153c-55a5-n16-r1	1	c100	sample	1	1-SRR5935773	s3client	sdk
20261008-044702-3c2153c-55a5-n16-r1	1	c100	sample	1	1-SRR5935773	rank	1
20261008-044702-3c2153c-55a5-n16-r1	1	c100	sample	1	1-SRR5935773	role	home
20261008-044702-3c2153c-55a5-n16-r1	1	c100	sample	1	1-SRR5935773	inflight	2
20261008-044702-3c2153c-55a5-n16-r1	1	c100	sample	1	1-SRR5935773	threads	16
20261008-044702-3c2153c-55a5-n16-r1	1	c100	sample	1	1-SRR5935773	start_s	128.298921
20261008-044702-3c2153c-55a5-n16-r1	1	c100	sample	1	1-SRR5935773	wall_s	26.049968
20261008-044702-3c2153c-55a5-n16-r1	1	c100	sample	1	1-SRR5935773	setup_s	0.000063
20261008-044702-3c2153c-55a5-n16-r1	1	c100	sample	1	1-SRR5935773	classify_s	17.970900
20261008-044702-3c2153c-55a5-n16-r1	1	c100	sample	1	1-SRR5935773	close_s	7.947538
20261008-044702-3c2153c-55a5-n16-r1	1	c100	sample	1	1-SRR5935773	report_s	0.122924
20261008-044702-3c2153c-55a5-n16-r1	1	c100	sample	1	1-SRR5935773	status	0
20261008-044702-3c2153c-55a5-n16-r1	1	c100	sample	1	1-SRR5935773	sequences	20671571
20261008-044702-3c2153c-55a5-n16-r1	1	c100	sample	1	1-SRR5935773	bases	3786101975
20261008-044702-3c2153c-55a5-n16-r1	1	c100	sample	1	1-SRR5935773	classified	19204656
20261008-044702-3c2153c-55a5-n16-r1	1	c100	sample	1	1-SRR5935773	place	mod
20261008-044702-3c2153c-55a5-n16-r1	1	c100	sample	1	1-SRR5935773	weight	20671571
20261008-044702-3c2153c-55a5-n16-r1	1	c100	phase			batch-barrier-1	2.230355
20261008-044702-3c2153c-55a5-n16-r1	1	c100	phase			batch-barrier-1.start_s	154.348911
20261008-044702-3c2153c-55a5-n16-r1	1	c100	sample	2	2-SRR5935761	mode	parallel
20261008-044702-3c2153c-55a5-n16-r1	1	c100	sample	2	2-SRR5935761	s3client	sdk
20261008-044702-3c2153c-55a5-n16-r1	1	c100	sample	2	2-SRR5935761	rank	1
20261008-044702-3c2153c-55a5-n16-r1	1	c100	sample	2	2-SRR5935761	role	home
20261008-044702-3c2153c-55a5-n16-r1	1	c100	sample	2	2-SRR5935761	inflight	2
20261008-044702-3c2153c-55a5-n16-r1	1	c100	sample	2	2-SRR5935761	threads	16
20261008-044702-3c2153c-55a5-n16-r1	1	c100	sample	2	2-SRR5935761	start_s	156.579306
20261008-044702-3c2153c-55a5-n16-r1	1	c100	sample	2	2-SRR5935761	wall_s	14.758533
20261008-044702-3c2153c-55a5-n16-r1	1	c100	sample	2	2-SRR5935761	setup_s	0.000053
20261008-044702-3c2153c-55a5-n16-r1	1	c100	sample	2	2-SRR5935761	classify_s	14.386724
20261008-044702-3c2153c-55a5-n16-r1	1	c100	sample	2	2-SRR5935761	close_s	0.215637
20261008-044702-3c2153c-55a5-n16-r1	1	c100	sample	2	2-SRR5935761	report_s	0.148747
20261008-044702-3c2153c-55a5-n16-r1	1	c100	sample	2	2-SRR5935761	status	0
20261008-044702-3c2153c-55a5-n16-r1	1	c100	sample	2	2-SRR5935761	sequences	14191749
20261008-044702-3c2153c-55a5-n16-r1	1	c100	sample	2	2-SRR5935761	bases	2646878118
20261008-044702-3c2153c-55a5-n16-r1	1	c100	sample	2	2-SRR5935761	classified	13987275
20261008-044702-3c2153c-55a5-n16-r1	1	c100	sample	2	2-SRR5935761	place	lpt
20261008-044702-3c2153c-55a5-n16-r1	1	c100	sample	2	2-SRR5935761	weight	14191749
20261008-044702-3c2153c-55a5-n16-r1	1	c100	sample	2	2-SRR5935773	mode	parallel
20261008-044702-3c2153c-55a5-n16-r1	1	c100	sample	2	2-SRR5935773	s3client	sdk
20261008-044702-3c2153c-55a5-n16-r1	1	c100	sample	2	2-SRR5935773	rank	1
20261008-044702-3c2153c-55a5-n16-r1	1	c100	sample	2	2-SRR5935773	role	home
20261008-044702-3c2153c-55a5-n16-r1	1	c100	sample	2	2-SRR5935773	inflight	2
20261008-044702-3c2153c-55a5-n16-r1	1	c100	sample	2	2-SRR5935773	threads	16
20261008-044702-3c2153c-55a5-n16-r1	1	c100	sample	2	2-SRR5935773	start_s	156.579315
20261008-044702-3c2153c-55a5-n16-r1	1	c100	sample	2	2-SRR5935773	wall_s	20.573636
20261008-044702-3c2153c-55a5-n16-r1	1	c100	sample	2	2-SRR5935773	setup_s	0.000040
20261008-044702-3c2153c-55a5-n16-r1	1	c100	sample	2	2-SRR5935773	classify_s	20.192915
20261008-044702-3c2153c-55a5-n16-r1	1	c100	sample	2	2-SRR5935773	close_s	0.223651
20261008-044702-3c2153c-55a5-n16-r1	1	c100	sample	2	2-SRR5935773	report_s	0.147397
20261008-044702-3c2153c-55a5-n16-r1	1	c100	sample	2	2-SRR5935773	status	0
20261008-044702-3c2153c-55a5-n16-r1	1	c100	sample	2	2-SRR5935773	sequences	20671571
20261008-044702-3c2153c-55a5-n16-r1	1	c100	sample	2	2-SRR5935773	bases	3786101975
20261008-044702-3c2153c-55a5-n16-r1	1	c100	sample	2	2-SRR5935773	classified	19204656
20261008-044702-3c2153c-55a5-n16-r1	1	c100	sample	2	2-SRR5935773	place	lpt
20261008-044702-3c2153c-55a5-n16-r1	1	c100	sample	2	2-SRR5935773	weight	20671571
20261008-044702-3c2153c-55a5-n16-r1	1	c100	sample	2	2-SRR5935795	mode	parallel
20261008-044702-3c2153c-55a5-n16-r1	1	c100	sample	2	2-SRR5935795	s3client	sdk
20261008-044702-3c2153c-55a5-n16-r1	1	c100	sample	2	2-SRR5935795	rank	1
20261008-044702-3c2153c-55a5-n16-r1	1	c100	sample	2	2-SRR5935795	role	home
20261008-044702-3c2153c-55a5-n16-r1	1	c100	sample	2	2-SRR5935795	inflight	2
20261008-044702-3c2153c-55a5-n16-r1	1	c100	sample	2	2-SRR5935795	threads	16
20261008-044702-3c2153c-55a5-n16-r1	1	c100	sample	2	2-SRR5935795	start_s	171.337864
20261008-044702-3c2153c-55a5-n16-r1	1	c100	sample	2	2-SRR5935795	wall_s	11.714188
20261008-044702-3c2153c-55a5-n16-r1	1	c100	sample	2	2-SRR5935795	setup_s	0.000056
20261008-044702-3c2153c-55a5-n16-r1	1	c100	sample	2	2-SRR5935795	classify_s	11.328274
20261008-044702-3c2153c-55a5-n16-r1	1	c100	sample	2	2-SRR5935795	close_s	0.232117
20261008-044702-3c2153c-55a5-n16-r1	1	c100	sample	2	2-SRR5935795	report_s	0.147189
20261008-044702-3c2153c-55a5-n16-r1	1	c100	sample	2	2-SRR5935795	status	0
20261008-044702-3c2153c-55a5-n16-r1	1	c100	sample	2	2-SRR5935795	sequences	11924297
20261008-044702-3c2153c-55a5-n16-r1	1	c100	sample	2	2-SRR5935795	bases	2214843465
20261008-044702-3c2153c-55a5-n16-r1	1	c100	sample	2	2-SRR5935795	classified	11742476
20261008-044702-3c2153c-55a5-n16-r1	1	c100	sample	2	2-SRR5935795	place	lpt
20261008-044702-3c2153c-55a5-n16-r1	1	c100	sample	2	2-SRR5935795	weight	11924297
20261008-044702-3c2153c-55a5-n16-r1	1	c100	sample	2	2-SRR5935754	mode	parallel
20261008-044702-3c2153c-55a5-n16-r1	1	c100	sample	2	2-SRR5935754	s3client	sdk
20261008-044702-3c2153c-55a5-n16-r1	1	c100	sample	2	2-SRR5935754	rank	1
20261008-044702-3c2153c-55a5-n16-r1	1	c100	sample	2	2-SRR5935754	role	home
20261008-044702-3c2153c-55a5-n16-r1	1	c100	sample	2	2-SRR5935754	inflight	2
20261008-044702-3c2153c-55a5-n16-r1	1	c100	sample	2	2-SRR5935754	threads	16
20261008-044702-3c2153c-55a5-n16-r1	1	c100	sample	2	2-SRR5935754	start_s	177.153029
20261008-044702-3c2153c-55a5-n16-r1	1	c100	sample	2	2-SRR5935754	wall_s	10.575205
20261008-044702-3c2153c-55a5-n16-r1	1	c100	sample	2	2-SRR5935754	setup_s	0.000048
20261008-044702-3c2153c-55a5-n16-r1	1	c100	sample	2	2-SRR5935754	classify_s	10.054064
20261008-044702-3c2153c-55a5-n16-r1	1	c100	sample	2	2-SRR5935754	close_s	0.255686
20261008-044702-3c2153c-55a5-n16-r1	1	c100	sample	2	2-SRR5935754	report_s	0.250534
20261008-044702-3c2153c-55a5-n16-r1	1	c100	sample	2	2-SRR5935754	status	0
20261008-044702-3c2153c-55a5-n16-r1	1	c100	sample	2	2-SRR5935754	sequences	10479816
20261008-044702-3c2153c-55a5-n16-r1	1	c100	sample	2	2-SRR5935754	bases	1916830360
20261008-044702-3c2153c-55a5-n16-r1	1	c100	sample	2	2-SRR5935754	classified	9679024
20261008-044702-3c2153c-55a5-n16-r1	1	c100	sample	2	2-SRR5935754	place	lpt
20261008-044702-3c2153c-55a5-n16-r1	1	c100	sample	2	2-SRR5935754	weight	10479816
20261008-044702-3c2153c-55a5-n16-r1	1	c100	sample	2	2-SRR5935777	mode	parallel
20261008-044702-3c2153c-55a5-n16-r1	1	c100	sample	2	2-SRR5935777	s3client	sdk
20261008-044702-3c2153c-55a5-n16-r1	1	c100	sample	2	2-SRR5935777	rank	1
20261008-044702-3c2153c-55a5-n16-r1	1	c100	sample	2	2-SRR5935777	role	home
20261008-044702-3c2153c-55a5-n16-r1	1	c100	sample	2	2-SRR5935777	inflight	2
20261008-044702-3c2153c-55a5-n16-r1	1	c100	sample	2	2-SRR5935777	threads	16
20261008-044702-3c2153c-55a5-n16-r1	1	c100	sample	2	2-SRR5935777	start_s	183.052131
20261008-044702-3c2153c-55a5-n16-r1	1	c100	sample	2	2-SRR5935777	wall_s	8.111990
20261008-044702-3c2153c-55a5-n16-r1	1	c100	sample	2	2-SRR5935777	setup_s	0.000060
20261008-044702-3c2153c-55a5-n16-r1	1	c100	sample	2	2-SRR5935777	classify_s	7.741249
20261008-044702-3c2153c-55a5-n16-r1	1	c100	sample	2	2-SRR5935777	close_s	0.235742
20261008-044702-3c2153c-55a5-n16-r1	1	c100	sample	2	2-SRR5935777	report_s	0.128658
20261008-044702-3c2153c-55a5-n16-r1	1	c100	sample	2	2-SRR5935777	status	0
20261008-044702-3c2153c-55a5-n16-r1	1	c100	sample	2	2-SRR5935777	sequences	8173049
20261008-044702-3c2153c-55a5-n16-r1	1	c100	sample	2	2-SRR5935777	bases	1459565869
20261008-044702-3c2153c-55a5-n16-r1	1	c100	sample	2	2-SRR5935777	classified	7956066
20261008-044702-3c2153c-55a5-n16-r1	1	c100	sample	2	2-SRR5935777	place	lpt
20261008-044702-3c2153c-55a5-n16-r1	1	c100	sample	2	2-SRR5935777	weight	8173049
20261008-044702-3c2153c-55a5-n16-r1	1	c100	sample	2	2-SRR5935783	mode	parallel
20261008-044702-3c2153c-55a5-n16-r1	1	c100	sample	2	2-SRR5935783	s3client	sdk
20261008-044702-3c2153c-55a5-n16-r1	1	c100	sample	2	2-SRR5935783	rank	1
20261008-044702-3c2153c-55a5-n16-r1	1	c100	sample	2	2-SRR5935783	role	home
20261008-044702-3c2153c-55a5-n16-r1	1	c100	sample	2	2-SRR5935783	inflight	2
20261008-044702-3c2153c-55a5-n16-r1	1	c100	sample	2	2-SRR5935783	threads	16
20261008-044702-3c2153c-55a5-n16-r1	1	c100	sample	2	2-SRR5935783	start_s	187.728255
20261008-044702-3c2153c-55a5-n16-r1	1	c100	sample	2	2-SRR5935783	wall_s	3.645112
20261008-044702-3c2153c-55a5-n16-r1	1	c100	sample	2	2-SRR5935783	setup_s	0.000066
20261008-044702-3c2153c-55a5-n16-r1	1	c100	sample	2	2-SRR5935783	classify_s	3.085075
20261008-044702-3c2153c-55a5-n16-r1	1	c100	sample	2	2-SRR5935783	close_s	0.376667
20261008-044702-3c2153c-55a5-n16-r1	1	c100	sample	2	2-SRR5935783	report_s	0.178774
20261008-044702-3c2153c-55a5-n16-r1	1	c100	sample	2	2-SRR5935783	status	0
20261008-044702-3c2153c-55a5-n16-r1	1	c100	sample	2	2-SRR5935783	sequences	2565282
20261008-044702-3c2153c-55a5-n16-r1	1	c100	sample	2	2-SRR5935783	bases	465562992
20261008-044702-3c2153c-55a5-n16-r1	1	c100	sample	2	2-SRR5935783	classified	2508539
20261008-044702-3c2153c-55a5-n16-r1	1	c100	sample	2	2-SRR5935783	place	lpt
20261008-044702-3c2153c-55a5-n16-r1	1	c100	sample	2	2-SRR5935783	weight	2565282
20261008-044702-3c2153c-55a5-n16-r1	1	c100	sample	2	2-SRR5935743	mode	parallel
20261008-044702-3c2153c-55a5-n16-r1	1	c100	sample	2	2-SRR5935743	s3client	sdk
20261008-044702-3c2153c-55a5-n16-r1	1	c100	sample	2	2-SRR5935743	rank	1
20261008-044702-3c2153c-55a5-n16-r1	1	c100	sample	2	2-SRR5935743	role	home
20261008-044702-3c2153c-55a5-n16-r1	1	c100	sample	2	2-SRR5935743	inflight	2
20261008-044702-3c2153c-55a5-n16-r1	1	c100	sample	2	2-SRR5935743	threads	16
20261008-044702-3c2153c-55a5-n16-r1	1	c100	sample	2	2-SRR5935743	start_s	191.164141
20261008-044702-3c2153c-55a5-n16-r1	1	c100	sample	2	2-SRR5935743	wall_s	0.804945
20261008-044702-3c2153c-55a5-n16-r1	1	c100	sample	2	2-SRR5935743	setup_s	0.000057
20261008-044702-3c2153c-55a5-n16-r1	1	c100	sample	2	2-SRR5935743	classify_s	0.480791
20261008-044702-3c2153c-55a5-n16-r1	1	c100	sample	2	2-SRR5935743	close_s	0.231779
20261008-044702-3c2153c-55a5-n16-r1	1	c100	sample	2	2-SRR5935743	report_s	0.091538
20261008-044702-3c2153c-55a5-n16-r1	1	c100	sample	2	2-SRR5935743	status	0
20261008-044702-3c2153c-55a5-n16-r1	1	c100	sample	2	2-SRR5935743	sequences	201473
20261008-044702-3c2153c-55a5-n16-r1	1	c100	sample	2	2-SRR5935743	bases	36745424
20261008-044702-3c2153c-55a5-n16-r1	1	c100	sample	2	2-SRR5935743	classified	197603
20261008-044702-3c2153c-55a5-n16-r1	1	c100	sample	2	2-SRR5935743	place	lpt
20261008-044702-3c2153c-55a5-n16-r1	1	c100	sample	2	2-SRR5935743	weight	201473
20261008-044702-3c2153c-55a5-n16-r1	1	c100	phase			batch-barrier-2	5.731439
20261008-044702-3c2153c-55a5-n16-r1	1	c100	phase			batch-barrier-2.start_s	191.969103
20261008-044702-3c2153c-55a5-n16-r1	1	c100	phase			barrier	0.106840
20261008-044702-3c2153c-55a5-n16-r1	1	c100	phase			barrier.start_s	203.867163
20261008-044702-3c2153c-55a5-n16-r1	1	c100	sample	3	3-SRR5935740	mode	striped
20261008-044702-3c2153c-55a5-n16-r1	1	c100	sample	3	3-SRR5935740	s3client	sdk
20261008-044702-3c2153c-55a5-n16-r1	1	c100	sample	3	3-SRR5935740	rank	1
20261008-044702-3c2153c-55a5-n16-r1	1	c100	sample	3	3-SRR5935740	role	peer
20261008-044702-3c2153c-55a5-n16-r1	1	c100	sample	3	3-SRR5935740	inflight	1
20261008-044702-3c2153c-55a5-n16-r1	1	c100	sample	3	3-SRR5935740	threads	16
20261008-044702-3c2153c-55a5-n16-r1	1	c100	sample	3	3-SRR5935740	start_s	198.132839
20261008-044702-3c2153c-55a5-n16-r1	1	c100	sample	3	3-SRR5935740	wall_s	5.841215
20261008-044702-3c2153c-55a5-n16-r1	1	c100	sample	3	3-SRR5935740	setup_s	0.000047
20261008-044702-3c2153c-55a5-n16-r1	1	c100	sample	3	3-SRR5935740	classify_s	5.729393
20261008-044702-3c2153c-55a5-n16-r1	1	c100	sample	3	3-SRR5935740	close_s	0.000000
20261008-044702-3c2153c-55a5-n16-r1	1	c100	sample	3	3-SRR5935740	report_s	0.000000
20261008-044702-3c2153c-55a5-n16-r1	1	c100	sample	3	3-SRR5935740	status	0
20261008-044702-3c2153c-55a5-n16-r1	1	c100	sample	3	3-SRR5935740	sequences	0
20261008-044702-3c2153c-55a5-n16-r1	1	c100	sample	3	3-SRR5935740	bases	0
20261008-044702-3c2153c-55a5-n16-r1	1	c100	sample	3	3-SRR5935740	classified	0
20261008-044702-3c2153c-55a5-n16-r1	1	c100	sample	3	3-SRR5935740	place	-
20261008-044702-3c2153c-55a5-n16-r1	1	c100	sample	3	3-SRR5935740	weight	-
20261008-044702-3c2153c-55a5-n16-r1	1	c100	phase			batch-barrier-3	0.505153
20261008-044702-3c2153c-55a5-n16-r1	1	c100	phase			batch-barrier-3.start_s	203.974063
20261008-044702-3c2153c-55a5-n16-r1	1	c100	phase			barrier	0.040559
20261008-044702-3c2153c-55a5-n16-r1	1	c100	phase			barrier.start_s	211.006341
20261008-044702-3c2153c-55a5-n16-r1	1	c100	sample	4	4-SRR5935740	mode	striped
20261008-044702-3c2153c-55a5-n16-r1	1	c100	sample	4	4-SRR5935740	s3client	sdk
20261008-044702-3c2153c-55a5-n16-r1	1	c100	sample	4	4-SRR5935740	rank	1
20261008-044702-3c2153c-55a5-n16-r1	1	c100	sample	4	4-SRR5935740	role	peer
20261008-044702-3c2153c-55a5-n16-r1	1	c100	sample	4	4-SRR5935740	inflight	1
20261008-044702-3c2153c-55a5-n16-r1	1	c100	sample	4	4-SRR5935740	threads	16
20261008-044702-3c2153c-55a5-n16-r1	1	c100	sample	4	4-SRR5935740	start_s	205.277621
20261008-044702-3c2153c-55a5-n16-r1	1	c100	sample	4	4-SRR5935740	wall_s	5.769316
20261008-044702-3c2153c-55a5-n16-r1	1	c100	sample	4	4-SRR5935740	setup_s	0.000056
20261008-044702-3c2153c-55a5-n16-r1	1	c100	sample	4	4-SRR5935740	classify_s	5.724407
20261008-044702-3c2153c-55a5-n16-r1	1	c100	sample	4	4-SRR5935740	close_s	0.000000
20261008-044702-3c2153c-55a5-n16-r1	1	c100	sample	4	4-SRR5935740	report_s	0.000000
20261008-044702-3c2153c-55a5-n16-r1	1	c100	sample	4	4-SRR5935740	status	0
20261008-044702-3c2153c-55a5-n16-r1	1	c100	sample	4	4-SRR5935740	sequences	0
20261008-044702-3c2153c-55a5-n16-r1	1	c100	sample	4	4-SRR5935740	bases	0
20261008-044702-3c2153c-55a5-n16-r1	1	c100	sample	4	4-SRR5935740	classified	0
20261008-044702-3c2153c-55a5-n16-r1	1	c100	sample	4	4-SRR5935740	place	-
20261008-044702-3c2153c-55a5-n16-r1	1	c100	sample	4	4-SRR5935740	weight	-
20261008-044702-3c2153c-55a5-n16-r1	1	c100	phase			batch-barrier-4	0.481228
20261008-044702-3c2153c-55a5-n16-r1	1	c100	phase			batch-barrier-4.start_s	211.046947
20261008-044702-3c2153c-55a5-n16-r1	1	c100	phase			barrier	0.061438
20261008-044702-3c2153c-55a5-n16-r1	1	c100	phase			barrier.start_s	218.087739
20261008-044702-3c2153c-55a5-n16-r1	1	c100	sample	5	5-SRR5935740	mode	striped
20261008-044702-3c2153c-55a5-n16-r1	1	c100	sample	5	5-SRR5935740	s3client	sdk
20261008-044702-3c2153c-55a5-n16-r1	1	c100	sample	5	5-SRR5935740	rank	1
20261008-044702-3c2153c-55a5-n16-r1	1	c100	sample	5	5-SRR5935740	role	peer
20261008-044702-3c2153c-55a5-n16-r1	1	c100	sample	5	5-SRR5935740	inflight	1
20261008-044702-3c2153c-55a5-n16-r1	1	c100	sample	5	5-SRR5935740	threads	16
20261008-044702-3c2153c-55a5-n16-r1	1	c100	sample	5	5-SRR5935740	start_s	212.370579
20261008-044702-3c2153c-55a5-n16-r1	1	c100	sample	5	5-SRR5935740	wall_s	5.778649
20261008-044702-3c2153c-55a5-n16-r1	1	c100	sample	5	5-SRR5935740	setup_s	0.000042
20261008-044702-3c2153c-55a5-n16-r1	1	c100	sample	5	5-SRR5935740	classify_s	5.713030
20261008-044702-3c2153c-55a5-n16-r1	1	c100	sample	5	5-SRR5935740	close_s	0.000000
20261008-044702-3c2153c-55a5-n16-r1	1	c100	sample	5	5-SRR5935740	report_s	0.000000
20261008-044702-3c2153c-55a5-n16-r1	1	c100	sample	5	5-SRR5935740	status	0
20261008-044702-3c2153c-55a5-n16-r1	1	c100	sample	5	5-SRR5935740	sequences	0
20261008-044702-3c2153c-55a5-n16-r1	1	c100	sample	5	5-SRR5935740	bases	0
20261008-044702-3c2153c-55a5-n16-r1	1	c100	sample	5	5-SRR5935740	classified	0
20261008-044702-3c2153c-55a5-n16-r1	1	c100	sample	5	5-SRR5935740	place	-
20261008-044702-3c2153c-55a5-n16-r1	1	c100	sample	5	5-SRR5935740	weight	-
20261008-044702-3c2153c-55a5-n16-r1	1	c100	phase			batch-barrier-5	0.840418
20261008-044702-3c2153c-55a5-n16-r1	1	c100	phase			batch-barrier-5.start_s	218.149237
20261008-044702-3c2153c-55a5-n16-r1	1	c100	phase			batch-barrier-6	7.129447
20261008-044702-3c2153c-55a5-n16-r1	1	c100	phase			batch-barrier-6.start_s	218.989674
20261008-044702-3c2153c-55a5-n16-r1	1	c100	phase			batch-barrier-7	8.058101
20261008-044702-3c2153c-55a5-n16-r1	1	c100	phase			batch-barrier-7.start_s	226.119142
20261008-044702-3c2153c-55a5-n16-r1	1	c100	phase			batch-barrier-8	6.100359
20261008-044702-3c2153c-55a5-n16-r1	1	c100	phase			batch-barrier-8.start_s	234.177262
20261008-044702-3c2153c-55a5-n16-r1	1	c100	engine.shard			index	0
20261008-044702-3c2153c-55a5-n16-r1	1	c100	engine.shard			n	16
20261008-044702-3c2153c-55a5-n16-r1	1	c100	engine.shard			lo	18579557371
20261008-044702-3c2153c-55a5-n16-r1	1	c100	engine.shard			hi	37159114742
20261008-044702-3c2153c-55a5-n16-r1	1	c100	engine.shard			tail	302
20261008-044702-3c2153c-55a5-n16-r1	1	c100	engine.shard			full	false
20261008-044702-3c2153c-55a5-n16-r1	1	c100	engine.shard			empty_at	18579557385
20261008-044702-3c2153c-55a5-n16-r1	1	c100	engine.shard			keys	8473234428
20261008-044702-3c2153c-55a5-n16-r1	1	c100	engine.shard			batches	89910
20261008-044702-3c2153c-55a5-n16-r1	1	c100	engine.shard			probe_s	200.177737
20261008-044702-3c2153c-55a5-n16-r1	1	c100	engine.shard			tail_probes	0
20261008-044702-3c2153c-55a5-n16-r1	1	c100	engine.shard			wrap_probes	0
20261008-044702-3c2153c-55a5-n16-r1	1	c100	engine.rendezvous			puts	13
20261008-044702-3c2153c-55a5-n16-r1	1	c100	engine.rendezvous			gets	581
20261008-044702-3c2153c-55a5-n16-r1	1	c100	engine.s3			client	sdk
20261008-044702-3c2153c-55a5-n16-r1	1	c100	engine.s3			put	34
20261008-044702-3c2153c-55a5-n16-r1	1	c100	engine.s3			get	581
20261008-044702-3c2153c-55a5-n16-r1	1	c100	engine.s3			create_multipart	21
20261008-044702-3c2153c-55a5-n16-r1	1	c100	engine.s3			upload_part	2111
20261008-044702-3c2153c-55a5-n16-r1	1	c100	engine.s3			complete_multipart	21
20261008-044702-3c2153c-55a5-n16-r1	1	c100	engine.s3			abort_multipart	0
20261008-044702-3c2153c-55a5-n16-r1	1	c100	engine.s3			part_bytes	17624130341
20261008-044702-3c2153c-55a5-n16-r1	1	c100	engine.s3			client	cli
20261008-044702-3c2153c-55a5-n16-r1	1	c100	engine.s3			put	0
20261008-044702-3c2153c-55a5-n16-r1	1	c100	engine.s3			get	0
20261008-044702-3c2153c-55a5-n16-r1	1	c100	engine.s3			create_multipart	0
20261008-044702-3c2153c-55a5-n16-r1	1	c100	engine.s3			upload_part	0
20261008-044702-3c2153c-55a5-n16-r1	1	c100	engine.s3			complete_multipart	0
20261008-044702-3c2153c-55a5-n16-r1	1	c100	engine.s3			abort_multipart	0
20261008-044702-3c2153c-55a5-n16-r1	1	c100	engine.s3			part_bytes	0
20261008-044702-3c2153c-55a5-n16-r1	1	c100	engine.load			seconds	41.695859
20261008-044702-3c2153c-55a5-n16-r1	1	c100	engine.load			requests	1126
20261008-044702-3c2153c-55a5-n16-r1	1	c100	engine.load			retries	0
20261008-044702-3c2153c-55a5-n16-r1	1	c100	engine.load			bytes	74318296292
20261008-044702-3c2153c-55a5-n16-r1	1	c100	engine.route			transport	nodes
20261008-044702-3c2153c-55a5-n16-r1	1	c100	engine.route			calls	5378
20261008-044702-3c2153c-55a5-n16-r1	1	c100	engine.route			keys	8071347759
20261008-044702-3c2153c-55a5-n16-r1	1	c100	engine.route			batches	86048
20261008-044702-3c2153c-55a5-n16-r1	1	c100	engine.route			route_s	93.928433
20261008-044702-3c2153c-55a5-n16-r1	1	c100	engine.route			wait_s	334.439381
20261008-044702-3c2153c-55a5-n16-r1	1	c100	engine.route			gather_s	17.808260
20261008-044702-3c2153c-55a5-n16-r1	1	c100	engine.worker			scan_s	711.163142
20261008-044702-3c2153c-55a5-n16-r1	1	c100	engine.worker			lookup_s	446.179715
20261008-044702-3c2153c-55a5-n16-r1	1	c100	engine.worker			classify_s	606.482524
20261008-044702-3c2153c-55a5-n16-r1	1	c100	phase			total	240.405856
20261008-044702-3c2153c-55a5-n16-r1	1	c100	phase			total.start_s	0.000001
20261008-044702-3c2153c-55a5-n16-r2	2	c100	phase			taxo	0.093536
20261008-044702-3c2153c-55a5-n16-r2	2	c100	phase			taxo.start_s	0.002950
20261008-044702-3c2153c-55a5-n16-r2	2	c100	phase			shard-load-2	40.429064
20261008-044702-3c2153c-55a5-n16-r2	2	c100	phase			shard-load-2.start_s	0.166054
20261008-044702-3c2153c-55a5-n16-r2	2	c100	phase			rendezvous	28.162920
20261008-044702-3c2153c-55a5-n16-r2	2	c100	phase			rendezvous.start_s	41.816457
20261008-044702-3c2153c-55a5-n16-r2	2	c100	phase			connect	0.403030
20261008-044702-3c2153c-55a5-n16-r2	2	c100	phase			connect.start_s	69.979392
20261008-044702-3c2153c-55a5-n16-r2	2	c100	phase			hash	70.285893
20261008-044702-3c2153c-55a5-n16-r2	2	c100	phase			hash.start_s	0.096554
20261008-044702-3c2153c-55a5-n16-r2	2	c100	sample	0	0-SRR5935817	mode	parallel
20261008-044702-3c2153c-55a5-n16-r2	2	c100	sample	0	0-SRR5935817	s3client	sdk
20261008-044702-3c2153c-55a5-n16-r2	2	c100	sample	0	0-SRR5935817	rank	2
20261008-044702-3c2153c-55a5-n16-r2	2	c100	sample	0	0-SRR5935817	role	home
20261008-044702-3c2153c-55a5-n16-r2	2	c100	sample	0	0-SRR5935817	inflight	2
20261008-044702-3c2153c-55a5-n16-r2	2	c100	sample	0	0-SRR5935817	threads	16
20261008-044702-3c2153c-55a5-n16-r2	2	c100	sample	0	0-SRR5935817	start_s	70.382493
20261008-044702-3c2153c-55a5-n16-r2	2	c100	sample	0	0-SRR5935817	wall_s	14.941859
20261008-044702-3c2153c-55a5-n16-r2	2	c100	sample	0	0-SRR5935817	setup_s	0.000055
20261008-044702-3c2153c-55a5-n16-r2	2	c100	sample	0	0-SRR5935817	classify_s	14.442366
20261008-044702-3c2153c-55a5-n16-r2	2	c100	sample	0	0-SRR5935817	close_s	0.297230
20261008-044702-3c2153c-55a5-n16-r2	2	c100	sample	0	0-SRR5935817	report_s	0.193304
20261008-044702-3c2153c-55a5-n16-r2	2	c100	sample	0	0-SRR5935817	status	0
20261008-044702-3c2153c-55a5-n16-r2	2	c100	sample	0	0-SRR5935817	sequences	14261195
20261008-044702-3c2153c-55a5-n16-r2	2	c100	sample	0	0-SRR5935817	bases	2665696979
20261008-044702-3c2153c-55a5-n16-r2	2	c100	sample	0	0-SRR5935817	classified	13980324
20261008-044702-3c2153c-55a5-n16-r2	2	c100	sample	0	0-SRR5935817	place	lpt
20261008-044702-3c2153c-55a5-n16-r2	2	c100	sample	0	0-SRR5935817	weight	14261195
20261008-044702-3c2153c-55a5-n16-r2	2	c100	sample	0	0-SRR5935798	mode	parallel
20261008-044702-3c2153c-55a5-n16-r2	2	c100	sample	0	0-SRR5935798	s3client	sdk
20261008-044702-3c2153c-55a5-n16-r2	2	c100	sample	0	0-SRR5935798	rank	2
20261008-044702-3c2153c-55a5-n16-r2	2	c100	sample	0	0-SRR5935798	role	home
20261008-044702-3c2153c-55a5-n16-r2	2	c100	sample	0	0-SRR5935798	inflight	2
20261008-044702-3c2153c-55a5-n16-r2	2	c100	sample	0	0-SRR5935798	threads	16
20261008-044702-3c2153c-55a5-n16-r2	2	c100	sample	0	0-SRR5935798	start_s	70.382502
20261008-044702-3c2153c-55a5-n16-r2	2	c100	sample	0	0-SRR5935798	wall_s	20.397179
20261008-044702-3c2153c-55a5-n16-r2	2	c100	sample	0	0-SRR5935798	setup_s	0.000049
20261008-044702-3c2153c-55a5-n16-r2	2	c100	sample	0	0-SRR5935798	classify_s	19.768296
20261008-044702-3c2153c-55a5-n16-r2	2	c100	sample	0	0-SRR5935798	close_s	0.400000
20261008-044702-3c2153c-55a5-n16-r2	2	c100	sample	0	0-SRR5935798	report_s	0.214530
20261008-044702-3c2153c-55a5-n16-r2	2	c100	sample	0	0-SRR5935798	status	0
20261008-044702-3c2153c-55a5-n16-r2	2	c100	sample	0	0-SRR5935798	sequences	20086542
20261008-044702-3c2153c-55a5-n16-r2	2	c100	sample	0	0-SRR5935798	bases	3689648337
20261008-044702-3c2153c-55a5-n16-r2	2	c100	sample	0	0-SRR5935798	classified	19142785
20261008-044702-3c2153c-55a5-n16-r2	2	c100	sample	0	0-SRR5935798	place	lpt
20261008-044702-3c2153c-55a5-n16-r2	2	c100	sample	0	0-SRR5935798	weight	20086542
20261008-044702-3c2153c-55a5-n16-r2	2	c100	sample	0	0-SRR5935820	mode	parallel
20261008-044702-3c2153c-55a5-n16-r2	2	c100	sample	0	0-SRR5935820	s3client	sdk
20261008-044702-3c2153c-55a5-n16-r2	2	c100	sample	0	0-SRR5935820	rank	2
20261008-044702-3c2153c-55a5-n16-r2	2	c100	sample	0	0-SRR5935820	role	home
20261008-044702-3c2153c-55a5-n16-r2	2	c100	sample	0	0-SRR5935820	inflight	2
20261008-044702-3c2153c-55a5-n16-r2	2	c100	sample	0	0-SRR5935820	threads	16
20261008-044702-3c2153c-55a5-n16-r2	2	c100	sample	0	0-SRR5935820	start_s	85.324512
20261008-044702-3c2153c-55a5-n16-r2	2	c100	sample	0	0-SRR5935820	wall_s	11.826798
20261008-044702-3c2153c-55a5-n16-r2	2	c100	sample	0	0-SRR5935820	setup_s	0.000126
20261008-044702-3c2153c-55a5-n16-r2	2	c100	sample	0	0-SRR5935820	classify_s	11.420258
20261008-044702-3c2153c-55a5-n16-r2	2	c100	sample	0	0-SRR5935820	close_s	0.219840
20261008-044702-3c2153c-55a5-n16-r2	2	c100	sample	0	0-SRR5935820	report_s	0.170848
20261008-044702-3c2153c-55a5-n16-r2	2	c100	sample	0	0-SRR5935820	status	0
20261008-044702-3c2153c-55a5-n16-r2	2	c100	sample	0	0-SRR5935820	sequences	12062510
20261008-044702-3c2153c-55a5-n16-r2	2	c100	sample	0	0-SRR5935820	bases	2207297835
20261008-044702-3c2153c-55a5-n16-r2	2	c100	sample	0	0-SRR5935820	classified	10926608
20261008-044702-3c2153c-55a5-n16-r2	2	c100	sample	0	0-SRR5935820	place	lpt
20261008-044702-3c2153c-55a5-n16-r2	2	c100	sample	0	0-SRR5935820	weight	12062510
20261008-044702-3c2153c-55a5-n16-r2	2	c100	sample	0	0-SRR5935745	mode	parallel
20261008-044702-3c2153c-55a5-n16-r2	2	c100	sample	0	0-SRR5935745	s3client	sdk
20261008-044702-3c2153c-55a5-n16-r2	2	c100	sample	0	0-SRR5935745	rank	2
20261008-044702-3c2153c-55a5-n16-r2	2	c100	sample	0	0-SRR5935745	role	home
20261008-044702-3c2153c-55a5-n16-r2	2	c100	sample	0	0-SRR5935745	inflight	2
20261008-044702-3c2153c-55a5-n16-r2	2	c100	sample	0	0-SRR5935745	threads	16
20261008-044702-3c2153c-55a5-n16-r2	2	c100	sample	0	0-SRR5935745	start_s	90.779707
20261008-044702-3c2153c-55a5-n16-r2	2	c100	sample	0	0-SRR5935745	wall_s	10.643233
20261008-044702-3c2153c-55a5-n16-r2	2	c100	sample	0	0-SRR5935745	setup_s	0.000075
20261008-044702-3c2153c-55a5-n16-r2	2	c100	sample	0	0-SRR5935745	classify_s	10.233067
20261008-044702-3c2153c-55a5-n16-r2	2	c100	sample	0	0-SRR5935745	close_s	0.234262
20261008-044702-3c2153c-55a5-n16-r2	2	c100	sample	0	0-SRR5935745	report_s	0.164932
20261008-044702-3c2153c-55a5-n16-r2	2	c100	sample	0	0-SRR5935745	status	0
20261008-044702-3c2153c-55a5-n16-r2	2	c100	sample	0	0-SRR5935745	sequences	10492437
20261008-044702-3c2153c-55a5-n16-r2	2	c100	sample	0	0-SRR5935745	bases	1984140901
20261008-044702-3c2153c-55a5-n16-r2	2	c100	sample	0	0-SRR5935745	classified	9889429
20261008-044702-3c2153c-55a5-n16-r2	2	c100	sample	0	0-SRR5935745	place	lpt
20261008-044702-3c2153c-55a5-n16-r2	2	c100	sample	0	0-SRR5935745	weight	10492437
20261008-044702-3c2153c-55a5-n16-r2	2	c100	sample	0	0-SRR5935828	mode	parallel
20261008-044702-3c2153c-55a5-n16-r2	2	c100	sample	0	0-SRR5935828	s3client	sdk
20261008-044702-3c2153c-55a5-n16-r2	2	c100	sample	0	0-SRR5935828	rank	2
20261008-044702-3c2153c-55a5-n16-r2	2	c100	sample	0	0-SRR5935828	role	home
20261008-044702-3c2153c-55a5-n16-r2	2	c100	sample	0	0-SRR5935828	inflight	2
20261008-044702-3c2153c-55a5-n16-r2	2	c100	sample	0	0-SRR5935828	threads	16
20261008-044702-3c2153c-55a5-n16-r2	2	c100	sample	0	0-SRR5935828	start_s	97.151338
20261008-044702-3c2153c-55a5-n16-r2	2	c100	sample	0	0-SRR5935828	wall_s	8.467519
20261008-044702-3c2153c-55a5-n16-r2	2	c100	sample	0	0-SRR5935828	setup_s	0.000060
20261008-044702-3c2153c-55a5-n16-r2	2	c100	sample	0	0-SRR5935828	classify_s	8.028395
20261008-044702-3c2153c-55a5-n16-r2	2	c100	sample	0	0-SRR5935828	close_s	0.275470
20261008-044702-3c2153c-55a5-n16-r2	2	c100	sample	0	0-SRR5935828	report_s	0.156176
20261008-044702-3c2153c-55a5-n16-r2	2	c100	sample	0	0-SRR5935828	status	0
20261008-044702-3c2153c-55a5-n16-r2	2	c100	sample	0	0-SRR5935828	sequences	8326050
20261008-044702-3c2153c-55a5-n16-r2	2	c100	sample	0	0-SRR5935828	bases	1540092338
20261008-044702-3c2153c-55a5-n16-r2	2	c100	sample	0	0-SRR5935828	classified	8094378
20261008-044702-3c2153c-55a5-n16-r2	2	c100	sample	0	0-SRR5935828	place	lpt
20261008-044702-3c2153c-55a5-n16-r2	2	c100	sample	0	0-SRR5935828	weight	8326050
20261008-044702-3c2153c-55a5-n16-r2	2	c100	sample	0	0-SRR5935814	mode	parallel
20261008-044702-3c2153c-55a5-n16-r2	2	c100	sample	0	0-SRR5935814	s3client	sdk
20261008-044702-3c2153c-55a5-n16-r2	2	c100	sample	0	0-SRR5935814	rank	2
20261008-044702-3c2153c-55a5-n16-r2	2	c100	sample	0	0-SRR5935814	role	home
20261008-044702-3c2153c-55a5-n16-r2	2	c100	sample	0	0-SRR5935814	inflight	2
20261008-044702-3c2153c-55a5-n16-r2	2	c100	sample	0	0-SRR5935814	threads	16
20261008-044702-3c2153c-55a5-n16-r2	2	c100	sample	0	0-SRR5935814	start_s	101.422961
20261008-044702-3c2153c-55a5-n16-r2	2	c100	sample	0	0-SRR5935814	wall_s	5.572685
20261008-044702-3c2153c-55a5-n16-r2	2	c100	sample	0	0-SRR5935814	setup_s	0.000065
20261008-044702-3c2153c-55a5-n16-r2	2	c100	sample	0	0-SRR5935814	classify_s	4.770736
20261008-044702-3c2153c-55a5-n16-r2	2	c100	sample	0	0-SRR5935814	close_s	0.667631
20261008-044702-3c2153c-55a5-n16-r2	2	c100	sample	0	0-SRR5935814	report_s	0.129037
20261008-044702-3c2153c-55a5-n16-r2	2	c100	sample	0	0-SRR5935814	status	0
20261008-044702-3c2153c-55a5-n16-r2	2	c100	sample	0	0-SRR5935814	sequences	5072545
20261008-044702-3c2153c-55a5-n16-r2	2	c100	sample	0	0-SRR5935814	bases	950400325
20261008-044702-3c2153c-55a5-n16-r2	2	c100	sample	0	0-SRR5935814	classified	4982177
20261008-044702-3c2153c-55a5-n16-r2	2	c100	sample	0	0-SRR5935814	place	lpt
20261008-044702-3c2153c-55a5-n16-r2	2	c100	sample	0	0-SRR5935814	weight	5072545
20261008-044702-3c2153c-55a5-n16-r2	2	c100	phase			batch-barrier-0	3.149961
20261008-044702-3c2153c-55a5-n16-r2	2	c100	phase			batch-barrier-0.start_s	106.995666
20261008-044702-3c2153c-55a5-n16-r2	2	c100	sample	1	1-SRR5935758	mode	parallel
20261008-044702-3c2153c-55a5-n16-r2	2	c100	sample	1	1-SRR5935758	s3client	sdk
20261008-044702-3c2153c-55a5-n16-r2	2	c100	sample	1	1-SRR5935758	rank	2
20261008-044702-3c2153c-55a5-n16-r2	2	c100	sample	1	1-SRR5935758	role	home
20261008-044702-3c2153c-55a5-n16-r2	2	c100	sample	1	1-SRR5935758	inflight	2
20261008-044702-3c2153c-55a5-n16-r2	2	c100	sample	1	1-SRR5935758	threads	16
20261008-044702-3c2153c-55a5-n16-r2	2	c100	sample	1	1-SRR5935758	start_s	110.145652
20261008-044702-3c2153c-55a5-n16-r2	2	c100	sample	1	1-SRR5935758	wall_s	9.124713
20261008-044702-3c2153c-55a5-n16-r2	2	c100	sample	1	1-SRR5935758	setup_s	0.000054
20261008-044702-3c2153c-55a5-n16-r2	2	c100	sample	1	1-SRR5935758	classify_s	8.703486
20261008-044702-3c2153c-55a5-n16-r2	2	c100	sample	1	1-SRR5935758	close_s	0.280659
20261008-044702-3c2153c-55a5-n16-r2	2	c100	sample	1	1-SRR5935758	report_s	0.134423
20261008-044702-3c2153c-55a5-n16-r2	2	c100	sample	1	1-SRR5935758	status	0
20261008-044702-3c2153c-55a5-n16-r2	2	c100	sample	1	1-SRR5935758	sequences	8206591
20261008-044702-3c2153c-55a5-n16-r2	2	c100	sample	1	1-SRR5935758	bases	1523967713
20261008-044702-3c2153c-55a5-n16-r2	2	c100	sample	1	1-SRR5935758	classified	7998445
20261008-044702-3c2153c-55a5-n16-r2	2	c100	sample	1	1-SRR5935758	place	mod
20261008-044702-3c2153c-55a5-n16-r2	2	c100	sample	1	1-SRR5935758	weight	8206591
20261008-044702-3c2153c-55a5-n16-r2	2	c100	sample	1	1-SRR5935742	mode	parallel
20261008-044702-3c2153c-55a5-n16-r2	2	c100	sample	1	1-SRR5935742	s3client	sdk
20261008-044702-3c2153c-55a5-n16-r2	2	c100	sample	1	1-SRR5935742	rank	2
20261008-044702-3c2153c-55a5-n16-r2	2	c100	sample	1	1-SRR5935742	role	home
20261008-044702-3c2153c-55a5-n16-r2	2	c100	sample	1	1-SRR5935742	inflight	2
20261008-044702-3c2153c-55a5-n16-r2	2	c100	sample	1	1-SRR5935742	threads	16
20261008-044702-3c2153c-55a5-n16-r2	2	c100	sample	1	1-SRR5935742	start_s	110.145667
20261008-044702-3c2153c-55a5-n16-r2	2	c100	sample	1	1-SRR5935742	wall_s	12.370275
20261008-044702-3c2153c-55a5-n16-r2	2	c100	sample	1	1-SRR5935742	setup_s	0.000040
20261008-044702-3c2153c-55a5-n16-r2	2	c100	sample	1	1-SRR5935742	classify_s	11.956108
20261008-044702-3c2153c-55a5-n16-r2	2	c100	sample	1	1-SRR5935742	close_s	0.255384
20261008-044702-3c2153c-55a5-n16-r2	2	c100	sample	1	1-SRR5935742	report_s	0.148231
20261008-044702-3c2153c-55a5-n16-r2	2	c100	sample	1	1-SRR5935742	status	0
20261008-044702-3c2153c-55a5-n16-r2	2	c100	sample	1	1-SRR5935742	sequences	12325847
20261008-044702-3c2153c-55a5-n16-r2	2	c100	sample	1	1-SRR5935742	bases	2261511731
20261008-044702-3c2153c-55a5-n16-r2	2	c100	sample	1	1-SRR5935742	classified	11791754
20261008-044702-3c2153c-55a5-n16-r2	2	c100	sample	1	1-SRR5935742	place	mod
20261008-044702-3c2153c-55a5-n16-r2	2	c100	sample	1	1-SRR5935742	weight	12325847
20261008-044702-3c2153c-55a5-n16-r2	2	c100	sample	1	1-SRR5935774	mode	parallel
20261008-044702-3c2153c-55a5-n16-r2	2	c100	sample	1	1-SRR5935774	s3client	sdk
20261008-044702-3c2153c-55a5-n16-r2	2	c100	sample	1	1-SRR5935774	rank	2
20261008-044702-3c2153c-55a5-n16-r2	2	c100	sample	1	1-SRR5935774	role	home
20261008-044702-3c2153c-55a5-n16-r2	2	c100	sample	1	1-SRR5935774	inflight	2
20261008-044702-3c2153c-55a5-n16-r2	2	c100	sample	1	1-SRR5935774	threads	16
20261008-044702-3c2153c-55a5-n16-r2	2	c100	sample	1	1-SRR5935774	start_s	119.270390
20261008-044702-3c2153c-55a5-n16-r2	2	c100	sample	1	1-SRR5935774	wall_s	11.586755
20261008-044702-3c2153c-55a5-n16-r2	2	c100	sample	1	1-SRR5935774	setup_s	0.000077
20261008-044702-3c2153c-55a5-n16-r2	2	c100	sample	1	1-SRR5935774	classify_s	11.146189
20261008-044702-3c2153c-55a5-n16-r2	2	c100	sample	1	1-SRR5935774	close_s	0.246610
20261008-044702-3c2153c-55a5-n16-r2	2	c100	sample	1	1-SRR5935774	report_s	0.175305
20261008-044702-3c2153c-55a5-n16-r2	2	c100	sample	1	1-SRR5935774	status	0
20261008-044702-3c2153c-55a5-n16-r2	2	c100	sample	1	1-SRR5935774	sequences	12252617
20261008-044702-3c2153c-55a5-n16-r2	2	c100	sample	1	1-SRR5935774	bases	2212674525
20261008-044702-3c2153c-55a5-n16-r2	2	c100	sample	1	1-SRR5935774	classified	10208851
20261008-044702-3c2153c-55a5-n16-r2	2	c100	sample	1	1-SRR5935774	place	mod
20261008-044702-3c2153c-55a5-n16-r2	2	c100	sample	1	1-SRR5935774	weight	12252617
20261008-044702-3c2153c-55a5-n16-r2	2	c100	sample	1	1-SRR5935790	mode	parallel
20261008-044702-3c2153c-55a5-n16-r2	2	c100	sample	1	1-SRR5935790	s3client	sdk
20261008-044702-3c2153c-55a5-n16-r2	2	c100	sample	1	1-SRR5935790	rank	2
20261008-044702-3c2153c-55a5-n16-r2	2	c100	sample	1	1-SRR5935790	role	home
20261008-044702-3c2153c-55a5-n16-r2	2	c100	sample	1	1-SRR5935790	inflight	2
20261008-044702-3c2153c-55a5-n16-r2	2	c100	sample	1	1-SRR5935790	threads	16
20261008-044702-3c2153c-55a5-n16-r2	2	c100	sample	1	1-SRR5935790	start_s	122.516014
20261008-044702-3c2153c-55a5-n16-r2	2	c100	sample	1	1-SRR5935790	wall_s	9.478198
20261008-044702-3c2153c-55a5-n16-r2	2	c100	sample	1	1-SRR5935790	setup_s	0.000063
20261008-044702-3c2153c-55a5-n16-r2	2	c100	sample	1	1-SRR5935790	classify_s	8.953897
20261008-044702-3c2153c-55a5-n16-r2	2	c100	sample	1	1-SRR5935790	close_s	0.301415
20261008-044702-3c2153c-55a5-n16-r2	2	c100	sample	1	1-SRR5935790	report_s	0.213827
20261008-044702-3c2153c-55a5-n16-r2	2	c100	sample	1	1-SRR5935790	status	0
20261008-044702-3c2153c-55a5-n16-r2	2	c100	sample	1	1-SRR5935790	sequences	9202475
20261008-044702-3c2153c-55a5-n16-r2	2	c100	sample	1	1-SRR5935790	bases	1711991411
20261008-044702-3c2153c-55a5-n16-r2	2	c100	sample	1	1-SRR5935790	classified	8810259
20261008-044702-3c2153c-55a5-n16-r2	2	c100	sample	1	1-SRR5935790	place	mod
20261008-044702-3c2153c-55a5-n16-r2	2	c100	sample	1	1-SRR5935790	weight	9202475
20261008-044702-3c2153c-55a5-n16-r2	2	c100	sample	1	1-SRR5935806	mode	parallel
20261008-044702-3c2153c-55a5-n16-r2	2	c100	sample	1	1-SRR5935806	s3client	sdk
20261008-044702-3c2153c-55a5-n16-r2	2	c100	sample	1	1-SRR5935806	rank	2
20261008-044702-3c2153c-55a5-n16-r2	2	c100	sample	1	1-SRR5935806	role	home
20261008-044702-3c2153c-55a5-n16-r2	2	c100	sample	1	1-SRR5935806	inflight	2
20261008-044702-3c2153c-55a5-n16-r2	2	c100	sample	1	1-SRR5935806	threads	16
20261008-044702-3c2153c-55a5-n16-r2	2	c100	sample	1	1-SRR5935806	start_s	130.857168
20261008-044702-3c2153c-55a5-n16-r2	2	c100	sample	1	1-SRR5935806	wall_s	14.427674
20261008-044702-3c2153c-55a5-n16-r2	2	c100	sample	1	1-SRR5935806	setup_s	0.000051
20261008-044702-3c2153c-55a5-n16-r2	2	c100	sample	1	1-SRR5935806	classify_s	14.010527
20261008-044702-3c2153c-55a5-n16-r2	2	c100	sample	1	1-SRR5935806	close_s	0.266156
20261008-044702-3c2153c-55a5-n16-r2	2	c100	sample	1	1-SRR5935806	report_s	0.142270
20261008-044702-3c2153c-55a5-n16-r2	2	c100	sample	1	1-SRR5935806	status	0
20261008-044702-3c2153c-55a5-n16-r2	2	c100	sample	1	1-SRR5935806	sequences	14472574
20261008-044702-3c2153c-55a5-n16-r2	2	c100	sample	1	1-SRR5935806	bases	2738529910
20261008-044702-3c2153c-55a5-n16-r2	2	c100	sample	1	1-SRR5935806	classified	14022498
20261008-044702-3c2153c-55a5-n16-r2	2	c100	sample	1	1-SRR5935806	place	mod
20261008-044702-3c2153c-55a5-n16-r2	2	c100	sample	1	1-SRR5935806	weight	14472574
20261008-044702-3c2153c-55a5-n16-r2	2	c100	sample	1	1-SRR5935822	mode	parallel
20261008-044702-3c2153c-55a5-n16-r2	2	c100	sample	1	1-SRR5935822	s3client	sdk
20261008-044702-3c2153c-55a5-n16-r2	2	c100	sample	1	1-SRR5935822	rank	2
20261008-044702-3c2153c-55a5-n16-r2	2	c100	sample	1	1-SRR5935822	role	home
20261008-044702-3c2153c-55a5-n16-r2	2	c100	sample	1	1-SRR5935822	inflight	2
20261008-044702-3c2153c-55a5-n16-r2	2	c100	sample	1	1-SRR5935822	threads	16
20261008-044702-3c2153c-55a5-n16-r2	2	c100	sample	1	1-SRR5935822	start_s	131.994275
20261008-044702-3c2153c-55a5-n16-r2	2	c100	sample	1	1-SRR5935822	wall_s	13.608361
20261008-044702-3c2153c-55a5-n16-r2	2	c100	sample	1	1-SRR5935822	setup_s	0.000068
20261008-044702-3c2153c-55a5-n16-r2	2	c100	sample	1	1-SRR5935822	classify_s	13.195521
20261008-044702-3c2153c-55a5-n16-r2	2	c100	sample	1	1-SRR5935822	close_s	0.224050
20261008-044702-3c2153c-55a5-n16-r2	2	c100	sample	1	1-SRR5935822	report_s	0.181870
20261008-044702-3c2153c-55a5-n16-r2	2	c100	sample	1	1-SRR5935822	status	0
20261008-044702-3c2153c-55a5-n16-r2	2	c100	sample	1	1-SRR5935822	sequences	13365245
20261008-044702-3c2153c-55a5-n16-r2	2	c100	sample	1	1-SRR5935822	bases	2460327516
20261008-044702-3c2153c-55a5-n16-r2	2	c100	sample	1	1-SRR5935822	classified	13192260
20261008-044702-3c2153c-55a5-n16-r2	2	c100	sample	1	1-SRR5935822	place	mod
20261008-044702-3c2153c-55a5-n16-r2	2	c100	sample	1	1-SRR5935822	weight	13365245
20261008-044702-3c2153c-55a5-n16-r2	2	c100	sample	1	1-SRR5935838	mode	parallel
20261008-044702-3c2153c-55a5-n16-r2	2	c100	sample	1	1-SRR5935838	s3client	sdk
20261008-044702-3c2153c-55a5-n16-r2	2	c100	sample	1	1-SRR5935838	rank	2
20261008-044702-3c2153c-55a5-n16-r2	2	c100	sample	1	1-SRR5935838	role	home
20261008-044702-3c2153c-55a5-n16-r2	2	c100	sample	1	1-SRR5935838	inflight	2
20261008-044702-3c2153c-55a5-n16-r2	2	c100	sample	1	1-SRR5935838	threads	16
20261008-044702-3c2153c-55a5-n16-r2	2	c100	sample	1	1-SRR5935838	start_s	145.284863
20261008-044702-3c2153c-55a5-n16-r2	2	c100	sample	1	1-SRR5935838	wall_s	8.758412
20261008-044702-3c2153c-55a5-n16-r2	2	c100	sample	1	1-SRR5935838	setup_s	0.000061
20261008-044702-3c2153c-55a5-n16-r2	2	c100	sample	1	1-SRR5935838	classify_s	8.353956
20261008-044702-3c2153c-55a5-n16-r2	2	c100	sample	1	1-SRR5935838	close_s	0.264194
20261008-044702-3c2153c-55a5-n16-r2	2	c100	sample	1	1-SRR5935838	report_s	0.133183
20261008-044702-3c2153c-55a5-n16-r2	2	c100	sample	1	1-SRR5935838	status	0
20261008-044702-3c2153c-55a5-n16-r2	2	c100	sample	1	1-SRR5935838	sequences	14615323
20261008-044702-3c2153c-55a5-n16-r2	2	c100	sample	1	1-SRR5935838	bases	2691062094
20261008-044702-3c2153c-55a5-n16-r2	2	c100	sample	1	1-SRR5935838	classified	14358414
20261008-044702-3c2153c-55a5-n16-r2	2	c100	sample	1	1-SRR5935838	place	mod
20261008-044702-3c2153c-55a5-n16-r2	2	c100	sample	1	1-SRR5935838	weight	14615323
20261008-044702-3c2153c-55a5-n16-r2	2	c100	phase			batch-barrier-1	0.498022
20261008-044702-3c2153c-55a5-n16-r2	2	c100	phase			batch-barrier-1.start_s	154.043294
20261008-044702-3c2153c-55a5-n16-r2	2	c100	sample	2	2-SRR5935817	mode	parallel
20261008-044702-3c2153c-55a5-n16-r2	2	c100	sample	2	2-SRR5935817	s3client	sdk
20261008-044702-3c2153c-55a5-n16-r2	2	c100	sample	2	2-SRR5935817	rank	2
20261008-044702-3c2153c-55a5-n16-r2	2	c100	sample	2	2-SRR5935817	role	home
20261008-044702-3c2153c-55a5-n16-r2	2	c100	sample	2	2-SRR5935817	inflight	2
20261008-044702-3c2153c-55a5-n16-r2	2	c100	sample	2	2-SRR5935817	threads	16
20261008-044702-3c2153c-55a5-n16-r2	2	c100	sample	2	2-SRR5935817	start_s	154.541356
20261008-044702-3c2153c-55a5-n16-r2	2	c100	sample	2	2-SRR5935817	wall_s	15.139582
20261008-044702-3c2153c-55a5-n16-r2	2	c100	sample	2	2-SRR5935817	setup_s	0.000048
20261008-044702-3c2153c-55a5-n16-r2	2	c100	sample	2	2-SRR5935817	classify_s	14.694816
20261008-044702-3c2153c-55a5-n16-r2	2	c100	sample	2	2-SRR5935817	close_s	0.279850
20261008-044702-3c2153c-55a5-n16-r2	2	c100	sample	2	2-SRR5935817	report_s	0.156010
20261008-044702-3c2153c-55a5-n16-r2	2	c100	sample	2	2-SRR5935817	status	0
20261008-044702-3c2153c-55a5-n16-r2	2	c100	sample	2	2-SRR5935817	sequences	14261195
20261008-044702-3c2153c-55a5-n16-r2	2	c100	sample	2	2-SRR5935817	bases	2665696979
20261008-044702-3c2153c-55a5-n16-r2	2	c100	sample	2	2-SRR5935817	classified	13980324
20261008-044702-3c2153c-55a5-n16-r2	2	c100	sample	2	2-SRR5935817	place	lpt
20261008-044702-3c2153c-55a5-n16-r2	2	c100	sample	2	2-SRR5935817	weight	14261195
20261008-044702-3c2153c-55a5-n16-r2	2	c100	sample	2	2-SRR5935798	mode	parallel
20261008-044702-3c2153c-55a5-n16-r2	2	c100	sample	2	2-SRR5935798	s3client	sdk
20261008-044702-3c2153c-55a5-n16-r2	2	c100	sample	2	2-SRR5935798	rank	2
20261008-044702-3c2153c-55a5-n16-r2	2	c100	sample	2	2-SRR5935798	role	home
20261008-044702-3c2153c-55a5-n16-r2	2	c100	sample	2	2-SRR5935798	inflight	2
20261008-044702-3c2153c-55a5-n16-r2	2	c100	sample	2	2-SRR5935798	threads	16
20261008-044702-3c2153c-55a5-n16-r2	2	c100	sample	2	2-SRR5935798	start_s	154.541369
20261008-044702-3c2153c-55a5-n16-r2	2	c100	sample	2	2-SRR5935798	wall_s	19.745891
20261008-044702-3c2153c-55a5-n16-r2	2	c100	sample	2	2-SRR5935798	setup_s	0.000040
20261008-044702-3c2153c-55a5-n16-r2	2	c100	sample	2	2-SRR5935798	classify_s	19.294610
20261008-044702-3c2153c-55a5-n16-r2	2	c100	sample	2	2-SRR5935798	close_s	0.226255
20261008-044702-3c2153c-55a5-n16-r2	2	c100	sample	2	2-SRR5935798	report_s	0.210130
20261008-044702-3c2153c-55a5-n16-r2	2	c100	sample	2	2-SRR5935798	status	0
20261008-044702-3c2153c-55a5-n16-r2	2	c100	sample	2	2-SRR5935798	sequences	20086542
20261008-044702-3c2153c-55a5-n16-r2	2	c100	sample	2	2-SRR5935798	bases	3689648337
20261008-044702-3c2153c-55a5-n16-r2	2	c100	sample	2	2-SRR5935798	classified	19142785
20261008-044702-3c2153c-55a5-n16-r2	2	c100	sample	2	2-SRR5935798	place	lpt
20261008-044702-3c2153c-55a5-n16-r2	2	c100	sample	2	2-SRR5935798	weight	20086542
20261008-044702-3c2153c-55a5-n16-r2	2	c100	sample	2	2-SRR5935820	mode	parallel
20261008-044702-3c2153c-55a5-n16-r2	2	c100	sample	2	2-SRR5935820	s3client	sdk
20261008-044702-3c2153c-55a5-n16-r2	2	c100	sample	2	2-SRR5935820	rank	2
20261008-044702-3c2153c-55a5-n16-r2	2	c100	sample	2	2-SRR5935820	role	home
20261008-044702-3c2153c-55a5-n16-r2	2	c100	sample	2	2-SRR5935820	inflight	2
20261008-044702-3c2153c-55a5-n16-r2	2	c100	sample	2	2-SRR5935820	threads	16
20261008-044702-3c2153c-55a5-n16-r2	2	c100	sample	2	2-SRR5935820	start_s	169.680962
20261008-044702-3c2153c-55a5-n16-r2	2	c100	sample	2	2-SRR5935820	wall_s	12.024308
20261008-044702-3c2153c-55a5-n16-r2	2	c100	sample	2	2-SRR5935820	setup_s	0.000063
20261008-044702-3c2153c-55a5-n16-r2	2	c100	sample	2	2-SRR5935820	classify_s	11.581284
20261008-044702-3c2153c-55a5-n16-r2	2	c100	sample	2	2-SRR5935820	close_s	0.248141
20261008-044702-3c2153c-55a5-n16-r2	2	c100	sample	2	2-SRR5935820	report_s	0.177076
20261008-044702-3c2153c-55a5-n16-r2	2	c100	sample	2	2-SRR5935820	status	0
20261008-044702-3c2153c-55a5-n16-r2	2	c100	sample	2	2-SRR5935820	sequences	12062510
20261008-044702-3c2153c-55a5-n16-r2	2	c100	sample	2	2-SRR5935820	bases	2207297835
20261008-044702-3c2153c-55a5-n16-r2	2	c100	sample	2	2-SRR5935820	classified	10926608
20261008-044702-3c2153c-55a5-n16-r2	2	c100	sample	2	2-SRR5935820	place	lpt
20261008-044702-3c2153c-55a5-n16-r2	2	c100	sample	2	2-SRR5935820	weight	12062510
20261008-044702-3c2153c-55a5-n16-r2	2	c100	sample	2	2-SRR5935745	mode	parallel
20261008-044702-3c2153c-55a5-n16-r2	2	c100	sample	2	2-SRR5935745	s3client	sdk
20261008-044702-3c2153c-55a5-n16-r2	2	c100	sample	2	2-SRR5935745	rank	2
20261008-044702-3c2153c-55a5-n16-r2	2	c100	sample	2	2-SRR5935745	role	home
20261008-044702-3c2153c-55a5-n16-r2	2	c100	sample	2	2-SRR5935745	inflight	2
20261008-044702-3c2153c-55a5-n16-r2	2	c100	sample	2	2-SRR5935745	threads	16
20261008-044702-3c2153c-55a5-n16-r2	2	c100	sample	2	2-SRR5935745	start_s	174.287282
20261008-044702-3c2153c-55a5-n16-r2	2	c100	sample	2	2-SRR5935745	wall_s	10.998269
20261008-044702-3c2153c-55a5-n16-r2	2	c100	sample	2	2-SRR5935745	setup_s	0.000063
20261008-044702-3c2153c-55a5-n16-r2	2	c100	sample	2	2-SRR5935745	classify_s	10.569379
20261008-044702-3c2153c-55a5-n16-r2	2	c100	sample	2	2-SRR5935745	close_s	0.212354
20261008-044702-3c2153c-55a5-n16-r2	2	c100	sample	2	2-SRR5935745	report_s	0.204931
20261008-044702-3c2153c-55a5-n16-r2	2	c100	sample	2	2-SRR5935745	status	0
20261008-044702-3c2153c-55a5-n16-r2	2	c100	sample	2	2-SRR5935745	sequences	10492437
20261008-044702-3c2153c-55a5-n16-r2	2	c100	sample	2	2-SRR5935745	bases	1984140901
20261008-044702-3c2153c-55a5-n16-r2	2	c100	sample	2	2-SRR5935745	classified	9889429
20261008-044702-3c2153c-55a5-n16-r2	2	c100	sample	2	2-SRR5935745	place	lpt
20261008-044702-3c2153c-55a5-n16-r2	2	c100	sample	2	2-SRR5935745	weight	10492437
20261008-044702-3c2153c-55a5-n16-r2	2	c100	sample	2	2-SRR5935828	mode	parallel
20261008-044702-3c2153c-55a5-n16-r2	2	c100	sample	2	2-SRR5935828	s3client	sdk
20261008-044702-3c2153c-55a5-n16-r2	2	c100	sample	2	2-SRR5935828	rank	2
20261008-044702-3c2153c-55a5-n16-r2	2	c100	sample	2	2-SRR5935828	role	home
20261008-044702-3c2153c-55a5-n16-r2	2	c100	sample	2	2-SRR5935828	inflight	2
20261008-044702-3c2153c-55a5-n16-r2	2	c100	sample	2	2-SRR5935828	threads	16
20261008-044702-3c2153c-55a5-n16-r2	2	c100	sample	2	2-SRR5935828	start_s	181.705299
20261008-044702-3c2153c-55a5-n16-r2	2	c100	sample	2	2-SRR5935828	wall_s	8.638944
20261008-044702-3c2153c-55a5-n16-r2	2	c100	sample	2	2-SRR5935828	setup_s	0.000061
20261008-044702-3c2153c-55a5-n16-r2	2	c100	sample	2	2-SRR5935828	classify_s	8.065589
20261008-044702-3c2153c-55a5-n16-r2	2	c100	sample	2	2-SRR5935828	close_s	0.420274
20261008-044702-3c2153c-55a5-n16-r2	2	c100	sample	2	2-SRR5935828	report_s	0.145445
20261008-044702-3c2153c-55a5-n16-r2	2	c100	sample	2	2-SRR5935828	status	0
20261008-044702-3c2153c-55a5-n16-r2	2	c100	sample	2	2-SRR5935828	sequences	8326050
20261008-044702-3c2153c-55a5-n16-r2	2	c100	sample	2	2-SRR5935828	bases	1540092338
20261008-044702-3c2153c-55a5-n16-r2	2	c100	sample	2	2-SRR5935828	classified	8094378
20261008-044702-3c2153c-55a5-n16-r2	2	c100	sample	2	2-SRR5935828	place	lpt
20261008-044702-3c2153c-55a5-n16-r2	2	c100	sample	2	2-SRR5935828	weight	8326050
20261008-044702-3c2153c-55a5-n16-r2	2	c100	sample	2	2-SRR5935814	mode	parallel
20261008-044702-3c2153c-55a5-n16-r2	2	c100	sample	2	2-SRR5935814	s3client	sdk
20261008-044702-3c2153c-55a5-n16-r2	2	c100	sample	2	2-SRR5935814	rank	2
20261008-044702-3c2153c-55a5-n16-r2	2	c100	sample	2	2-SRR5935814	role	home
20261008-044702-3c2153c-55a5-n16-r2	2	c100	sample	2	2-SRR5935814	inflight	2
20261008-044702-3c2153c-55a5-n16-r2	2	c100	sample	2	2-SRR5935814	threads	16
20261008-044702-3c2153c-55a5-n16-r2	2	c100	sample	2	2-SRR5935814	start_s	185.285578
20261008-044702-3c2153c-55a5-n16-r2	2	c100	sample	2	2-SRR5935814	wall_s	5.532794
20261008-044702-3c2153c-55a5-n16-r2	2	c100	sample	2	2-SRR5935814	setup_s	0.000065
20261008-044702-3c2153c-55a5-n16-r2	2	c100	sample	2	2-SRR5935814	classify_s	5.101411
20261008-044702-3c2153c-55a5-n16-r2	2	c100	sample	2	2-SRR5935814	close_s	0.270215
20261008-044702-3c2153c-55a5-n16-r2	2	c100	sample	2	2-SRR5935814	report_s	0.155327
20261008-044702-3c2153c-55a5-n16-r2	2	c100	sample	2	2-SRR5935814	status	0
20261008-044702-3c2153c-55a5-n16-r2	2	c100	sample	2	2-SRR5935814	sequences	5072545
20261008-044702-3c2153c-55a5-n16-r2	2	c100	sample	2	2-SRR5935814	bases	950400325
20261008-044702-3c2153c-55a5-n16-r2	2	c100	sample	2	2-SRR5935814	classified	4982177
20261008-044702-3c2153c-55a5-n16-r2	2	c100	sample	2	2-SRR5935814	place	lpt
20261008-044702-3c2153c-55a5-n16-r2	2	c100	sample	2	2-SRR5935814	weight	5072545
20261008-044702-3c2153c-55a5-n16-r2	2	c100	phase			batch-barrier-2	4.528767
20261008-044702-3c2153c-55a5-n16-r2	2	c100	phase			batch-barrier-2.start_s	190.818393
20261008-044702-3c2153c-55a5-n16-r2	2	c100	phase			barrier	0.228771
20261008-044702-3c2153c-55a5-n16-r2	2	c100	phase			barrier.start_s	202.060965
20261008-044702-3c2153c-55a5-n16-r2	2	c100	sample	3	3-SRR5935740	mode	striped
20261008-044702-3c2153c-55a5-n16-r2	2	c100	sample	3	3-SRR5935740	s3client	sdk
20261008-044702-3c2153c-55a5-n16-r2	2	c100	sample	3	3-SRR5935740	rank	2
20261008-044702-3c2153c-55a5-n16-r2	2	c100	sample	3	3-SRR5935740	role	peer
20261008-044702-3c2153c-55a5-n16-r2	2	c100	sample	3	3-SRR5935740	inflight	1
20261008-044702-3c2153c-55a5-n16-r2	2	c100	sample	3	3-SRR5935740	threads	16
20261008-044702-3c2153c-55a5-n16-r2	2	c100	sample	3	3-SRR5935740	start_s	196.301660
20261008-044702-3c2153c-55a5-n16-r2	2	c100	sample	3	3-SRR5935740	wall_s	5.988122
20261008-044702-3c2153c-55a5-n16-r2	2	c100	sample	3	3-SRR5935740	setup_s	0.000049
20261008-044702-3c2153c-55a5-n16-r2	2	c100	sample	3	3-SRR5935740	classify_s	5.755198
20261008-044702-3c2153c-55a5-n16-r2	2	c100	sample	3	3-SRR5935740	close_s	0.000000
20261008-044702-3c2153c-55a5-n16-r2	2	c100	sample	3	3-SRR5935740	report_s	0.000000
20261008-044702-3c2153c-55a5-n16-r2	2	c100	sample	3	3-SRR5935740	status	0
20261008-044702-3c2153c-55a5-n16-r2	2	c100	sample	3	3-SRR5935740	sequences	0
20261008-044702-3c2153c-55a5-n16-r2	2	c100	sample	3	3-SRR5935740	bases	0
20261008-044702-3c2153c-55a5-n16-r2	2	c100	sample	3	3-SRR5935740	classified	0
20261008-044702-3c2153c-55a5-n16-r2	2	c100	sample	3	3-SRR5935740	place	-
20261008-044702-3c2153c-55a5-n16-r2	2	c100	sample	3	3-SRR5935740	weight	-
20261008-044702-3c2153c-55a5-n16-r2	2	c100	phase			batch-barrier-3	0.519365
20261008-044702-3c2153c-55a5-n16-r2	2	c100	phase			batch-barrier-3.start_s	202.289792
20261008-044702-3c2153c-55a5-n16-r2	2	c100	phase			barrier	0.019795
20261008-044702-3c2153c-55a5-n16-r2	2	c100	phase			barrier.start_s	209.342833
20261008-044702-3c2153c-55a5-n16-r2	2	c100	sample	4	4-SRR5935740	mode	striped
20261008-044702-3c2153c-55a5-n16-r2	2	c100	sample	4	4-SRR5935740	s3client	sdk
20261008-044702-3c2153c-55a5-n16-r2	2	c100	sample	4	4-SRR5935740	rank	2
20261008-044702-3c2153c-55a5-n16-r2	2	c100	sample	4	4-SRR5935740	role	peer
20261008-044702-3c2153c-55a5-n16-r2	2	c100	sample	4	4-SRR5935740	inflight	1
20261008-044702-3c2153c-55a5-n16-r2	2	c100	sample	4	4-SRR5935740	threads	16
20261008-044702-3c2153c-55a5-n16-r2	2	c100	sample	4	4-SRR5935740	start_s	203.593258
20261008-044702-3c2153c-55a5-n16-r2	2	c100	sample	4	4-SRR5935740	wall_s	5.769413
20261008-044702-3c2153c-55a5-n16-r2	2	c100	sample	4	4-SRR5935740	setup_s	0.000045
20261008-044702-3c2153c-55a5-n16-r2	2	c100	sample	4	4-SRR5935740	classify_s	5.744690
20261008-044702-3c2153c-55a5-n16-r2	2	c100	sample	4	4-SRR5935740	close_s	0.000000
20261008-044702-3c2153c-55a5-n16-r2	2	c100	sample	4	4-SRR5935740	report_s	0.000000
20261008-044702-3c2153c-55a5-n16-r2	2	c100	sample	4	4-SRR5935740	status	0
20261008-044702-3c2153c-55a5-n16-r2	2	c100	sample	4	4-SRR5935740	sequences	0
20261008-044702-3c2153c-55a5-n16-r2	2	c100	sample	4	4-SRR5935740	bases	0
20261008-044702-3c2153c-55a5-n16-r2	2	c100	sample	4	4-SRR5935740	classified	0
20261008-044702-3c2153c-55a5-n16-r2	2	c100	sample	4	4-SRR5935740	place	-
20261008-044702-3c2153c-55a5-n16-r2	2	c100	sample	4	4-SRR5935740	weight	-
20261008-044702-3c2153c-55a5-n16-r2	2	c100	phase			batch-barrier-4	0.516013
20261008-044702-3c2153c-55a5-n16-r2	2	c100	phase			batch-barrier-4.start_s	209.362681
20261008-044702-3c2153c-55a5-n16-r2	2	c100	phase			barrier	0.024958
20261008-044702-3c2153c-55a5-n16-r2	2	c100	phase			barrier.start_s	216.439945
20261008-044702-3c2153c-55a5-n16-r2	2	c100	sample	5	5-SRR5935740	mode	striped
20261008-044702-3c2153c-55a5-n16-r2	2	c100	sample	5	5-SRR5935740	s3client	sdk
20261008-044702-3c2153c-55a5-n16-r2	2	c100	sample	5	5-SRR5935740	rank	2
20261008-044702-3c2153c-55a5-n16-r2	2	c100	sample	5	5-SRR5935740	role	peer
20261008-044702-3c2153c-55a5-n16-r2	2	c100	sample	5	5-SRR5935740	inflight	1
20261008-044702-3c2153c-55a5-n16-r2	2	c100	sample	5	5-SRR5935740	threads	16
20261008-044702-3c2153c-55a5-n16-r2	2	c100	sample	5	5-SRR5935740	start_s	210.686570
20261008-044702-3c2153c-55a5-n16-r2	2	c100	sample	5	5-SRR5935740	wall_s	5.778379
20261008-044702-3c2153c-55a5-n16-r2	2	c100	sample	5	5-SRR5935740	setup_s	0.000045
20261008-044702-3c2153c-55a5-n16-r2	2	c100	sample	5	5-SRR5935740	classify_s	5.748232
20261008-044702-3c2153c-55a5-n16-r2	2	c100	sample	5	5-SRR5935740	close_s	0.000000
20261008-044702-3c2153c-55a5-n16-r2	2	c100	sample	5	5-SRR5935740	report_s	0.000000
20261008-044702-3c2153c-55a5-n16-r2	2	c100	sample	5	5-SRR5935740	status	0
20261008-044702-3c2153c-55a5-n16-r2	2	c100	sample	5	5-SRR5935740	sequences	0
20261008-044702-3c2153c-55a5-n16-r2	2	c100	sample	5	5-SRR5935740	bases	0
20261008-044702-3c2153c-55a5-n16-r2	2	c100	sample	5	5-SRR5935740	classified	0
20261008-044702-3c2153c-55a5-n16-r2	2	c100	sample	5	5-SRR5935740	place	-
20261008-044702-3c2153c-55a5-n16-r2	2	c100	sample	5	5-SRR5935740	weight	-
20261008-044702-3c2153c-55a5-n16-r2	2	c100	phase			batch-barrier-5	0.834802
20261008-044702-3c2153c-55a5-n16-r2	2	c100	phase			batch-barrier-5.start_s	216.464958
20261008-044702-3c2153c-55a5-n16-r2	2	c100	phase			batch-barrier-6	7.074490
20261008-044702-3c2153c-55a5-n16-r2	2	c100	phase			batch-barrier-6.start_s	217.299777
20261008-044702-3c2153c-55a5-n16-r2	2	c100	phase			batch-barrier-7	7.179334
20261008-044702-3c2153c-55a5-n16-r2	2	c100	phase			batch-barrier-7.start_s	224.374286
20261008-044702-3c2153c-55a5-n16-r2	2	c100	phase			batch-barrier-8	7.260235
20261008-044702-3c2153c-55a5-n16-r2	2	c100	phase			batch-barrier-8.start_s	231.553644
20261008-044702-3c2153c-55a5-n16-r2	2	c100	engine.shard			index	0
20261008-044702-3c2153c-55a5-n16-r2	2	c100	engine.shard			n	16
20261008-044702-3c2153c-55a5-n16-r2	2	c100	engine.shard			lo	37159114742
20261008-044702-3c2153c-55a5-n16-r2	2	c100	engine.shard			hi	55738672114
20261008-044702-3c2153c-55a5-n16-r2	2	c100	engine.shard			tail	302
20261008-044702-3c2153c-55a5-n16-r2	2	c100	engine.shard			full	false
20261008-044702-3c2153c-55a5-n16-r2	2	c100	engine.shard			empty_at	18579557378
20261008-044702-3c2153c-55a5-n16-r2	2	c100	engine.shard			keys	8492407860
20261008-044702-3c2153c-55a5-n16-r2	2	c100	engine.shard			batches	89910
20261008-044702-3c2153c-55a5-n16-r2	2	c100	engine.shard			probe_s	200.424259
20261008-044702-3c2153c-55a5-n16-r2	2	c100	engine.shard			tail_probes	0
20261008-044702-3c2153c-55a5-n16-r2	2	c100	engine.shard			wrap_probes	0
20261008-044702-3c2153c-55a5-n16-r2	2	c100	engine.rendezvous			puts	13
20261008-044702-3c2153c-55a5-n16-r2	2	c100	engine.rendezvous			gets	534
20261008-044702-3c2153c-55a5-n16-r2	2	c100	engine.s3			client	sdk
20261008-044702-3c2153c-55a5-n16-r2	2	c100	engine.s3			put	32
20261008-044702-3c2153c-55a5-n16-r2	2	c100	engine.s3			get	534
20261008-044702-3c2153c-55a5-n16-r2	2	c100	engine.s3			create_multipart	19
20261008-044702-3c2153c-55a5-n16-r2	2	c100	engine.s3			upload_part	2345
20261008-044702-3c2153c-55a5-n16-r2	2	c100	engine.s3			complete_multipart	19
20261008-044702-3c2153c-55a5-n16-r2	2	c100	engine.s3			abort_multipart	0
20261008-044702-3c2153c-55a5-n16-r2	2	c100	engine.s3			part_bytes	19562523091
20261008-044702-3c2153c-55a5-n16-r2	2	c100	engine.s3			client	cli
20261008-044702-3c2153c-55a5-n16-r2	2	c100	engine.s3			put	0
20261008-044702-3c2153c-55a5-n16-r2	2	c100	engine.s3			get	0
20261008-044702-3c2153c-55a5-n16-r2	2	c100	engine.s3			create_multipart	0
20261008-044702-3c2153c-55a5-n16-r2	2	c100	engine.s3			upload_part	0
20261008-044702-3c2153c-55a5-n16-r2	2	c100	engine.s3			complete_multipart	0
20261008-044702-3c2153c-55a5-n16-r2	2	c100	engine.s3			abort_multipart	0
20261008-044702-3c2153c-55a5-n16-r2	2	c100	engine.s3			part_bytes	0
20261008-044702-3c2153c-55a5-n16-r2	2	c100	engine.load			seconds	40.429061
20261008-044702-3c2153c-55a5-n16-r2	2	c100	engine.load			requests	1126
20261008-044702-3c2153c-55a5-n16-r2	2	c100	engine.load			retries	0
20261008-044702-3c2153c-55a5-n16-r2	2	c100	engine.load			bytes	74318296296
20261008-044702-3c2153c-55a5-n16-r2	2	c100	engine.route			transport	nodes
20261008-044702-3c2153c-55a5-n16-r2	2	c100	engine.route			calls	5966
20261008-044702-3c2153c-55a5-n16-r2	2	c100	engine.route			keys	8986478366
20261008-044702-3c2153c-55a5-n16-r2	2	c100	engine.route			batches	95456
20261008-044702-3c2153c-55a5-n16-r2	2	c100	engine.route			route_s	102.749060
20261008-044702-3c2153c-55a5-n16-r2	2	c100	engine.route			wait_s	364.308530
20261008-044702-3c2153c-55a5-n16-r2	2	c100	engine.route			gather_s	19.750712
20261008-044702-3c2153c-55a5-n16-r2	2	c100	engine.worker			scan_s	774.892413
20261008-044702-3c2153c-55a5-n16-r2	2	c100	engine.worker			lookup_s	486.812263
20261008-044702-3c2153c-55a5-n16-r2	2	c100	engine.worker			classify_s	672.332156
20261008-044702-3c2153c-55a5-n16-r2	2	c100	phase			total	238.940177
20261008-044702-3c2153c-55a5-n16-r2	2	c100	phase			total.start_s	0.000001
20261008-044702-3c2153c-55a5-n16-r3	3	c100	phase			taxo	0.096503
20261008-044702-3c2153c-55a5-n16-r3	3	c100	phase			taxo.start_s	0.002865
20261008-044702-3c2153c-55a5-n16-r3	3	c100	phase			shard-load-3	41.332451
20261008-044702-3c2153c-55a5-n16-r3	3	c100	phase			shard-load-3.start_s	0.162406
20261008-044702-3c2153c-55a5-n16-r3	3	c100	phase			rendezvous	23.339617
20261008-044702-3c2153c-55a5-n16-r3	3	c100	phase			rendezvous.start_s	41.963199
20261008-044702-3c2153c-55a5-n16-r3	3	c100	phase			connect	0.053808
20261008-044702-3c2153c-55a5-n16-r3	3	c100	phase			connect.start_s	65.302832
20261008-044702-3c2153c-55a5-n16-r3	3	c100	phase			hash	65.257243
20261008-044702-3c2153c-55a5-n16-r3	3	c100	phase			hash.start_s	0.099418
20261008-044702-3c2153c-55a5-n16-r3	3	c100	sample	0	0-SRR5935752	mode	parallel
20261008-044702-3c2153c-55a5-n16-r3	3	c100	sample	0	0-SRR5935752	s3client	sdk
20261008-044702-3c2153c-55a5-n16-r3	3	c100	sample	0	0-SRR5935752	rank	3
20261008-044702-3c2153c-55a5-n16-r3	3	c100	sample	0	0-SRR5935752	role	home
20261008-044702-3c2153c-55a5-n16-r3	3	c100	sample	0	0-SRR5935752	inflight	2
20261008-044702-3c2153c-55a5-n16-r3	3	c100	sample	0	0-SRR5935752	threads	16
20261008-044702-3c2153c-55a5-n16-r3	3	c100	sample	0	0-SRR5935752	start_s	65.356716
20261008-044702-3c2153c-55a5-n16-r3	3	c100	sample	0	0-SRR5935752	wall_s	15.432915
20261008-044702-3c2153c-55a5-n16-r3	3	c100	sample	0	0-SRR5935752	setup_s	0.000047
20261008-044702-3c2153c-55a5-n16-r3	3	c100	sample	0	0-SRR5935752	classify_s	14.984875
20261008-044702-3c2153c-55a5-n16-r3	3	c100	sample	0	0-SRR5935752	close_s	0.258170
20261008-044702-3c2153c-55a5-n16-r3	3	c100	sample	0	0-SRR5935752	report_s	0.185186
20261008-044702-3c2153c-55a5-n16-r3	3	c100	sample	0	0-SRR5935752	status	0
20261008-044702-3c2153c-55a5-n16-r3	3	c100	sample	0	0-SRR5935752	sequences	14298074
20261008-044702-3c2153c-55a5-n16-r3	3	c100	sample	0	0-SRR5935752	bases	2663280360
20261008-044702-3c2153c-55a5-n16-r3	3	c100	sample	0	0-SRR5935752	classified	14234512
20261008-044702-3c2153c-55a5-n16-r3	3	c100	sample	0	0-SRR5935752	place	lpt
20261008-044702-3c2153c-55a5-n16-r3	3	c100	sample	0	0-SRR5935752	weight	14298074
20261008-044702-3c2153c-55a5-n16-r3	3	c100	sample	0	0-SRR5935749	mode	parallel
20261008-044702-3c2153c-55a5-n16-r3	3	c100	sample	0	0-SRR5935749	s3client	sdk
20261008-044702-3c2153c-55a5-n16-r3	3	c100	sample	0	0-SRR5935749	rank	3
20261008-044702-3c2153c-55a5-n16-r3	3	c100	sample	0	0-SRR5935749	role	home
20261008-044702-3c2153c-55a5-n16-r3	3	c100	sample	0	0-SRR5935749	inflight	2
20261008-044702-3c2153c-55a5-n16-r3	3	c100	sample	0	0-SRR5935749	threads	16
20261008-044702-3c2153c-55a5-n16-r3	3	c100	sample	0	0-SRR5935749	start_s	65.356720
20261008-044702-3c2153c-55a5-n16-r3	3	c100	sample	0	0-SRR5935749	wall_s	19.771771
20261008-044702-3c2153c-55a5-n16-r3	3	c100	sample	0	0-SRR5935749	setup_s	0.000046
20261008-044702-3c2153c-55a5-n16-r3	3	c100	sample	0	0-SRR5935749	classify_s	19.276728
20261008-044702-3c2153c-55a5-n16-r3	3	c100	sample	0	0-SRR5935749	close_s	0.297107
20261008-044702-3c2153c-55a5-n16-r3	3	c100	sample	0	0-SRR5935749	report_s	0.190043
20261008-044702-3c2153c-55a5-n16-r3	3	c100	sample	0	0-SRR5935749	status	0
20261008-044702-3c2153c-55a5-n16-r3	3	c100	sample	0	0-SRR5935749	sequences	18879904
20261008-044702-3c2153c-55a5-n16-r3	3	c100	sample	0	0-SRR5935749	bases	3539135454
20261008-044702-3c2153c-55a5-n16-r3	3	c100	sample	0	0-SRR5935749	classified	18627146
20261008-044702-3c2153c-55a5-n16-r3	3	c100	sample	0	0-SRR5935749	place	lpt
20261008-044702-3c2153c-55a5-n16-r3	3	c100	sample	0	0-SRR5935749	weight	18879904
20261008-044702-3c2153c-55a5-n16-r3	3	c100	sample	0	0-SRR5935816	mode	parallel
20261008-044702-3c2153c-55a5-n16-r3	3	c100	sample	0	0-SRR5935816	s3client	sdk
20261008-044702-3c2153c-55a5-n16-r3	3	c100	sample	0	0-SRR5935816	rank	3
20261008-044702-3c2153c-55a5-n16-r3	3	c100	sample	0	0-SRR5935816	role	home
20261008-044702-3c2153c-55a5-n16-r3	3	c100	sample	0	0-SRR5935816	inflight	2
20261008-044702-3c2153c-55a5-n16-r3	3	c100	sample	0	0-SRR5935816	threads	16
20261008-044702-3c2153c-55a5-n16-r3	3	c100	sample	0	0-SRR5935816	start_s	80.789655
20261008-044702-3c2153c-55a5-n16-r3	3	c100	sample	0	0-SRR5935816	wall_s	12.684886
20261008-044702-3c2153c-55a5-n16-r3	3	c100	sample	0	0-SRR5935816	setup_s	0.000063
20261008-044702-3c2153c-55a5-n16-r3	3	c100	sample	0	0-SRR5935816	classify_s	12.308460
20261008-044702-3c2153c-55a5-n16-r3	3	c100	sample	0	0-SRR5935816	close_s	0.222175
20261008-044702-3c2153c-55a5-n16-r3	3	c100	sample	0	0-SRR5935816	report_s	0.146385
20261008-044702-3c2153c-55a5-n16-r3	3	c100	sample	0	0-SRR5935816	status	0
20261008-044702-3c2153c-55a5-n16-r3	3	c100	sample	0	0-SRR5935816	sequences	12244248
20261008-044702-3c2153c-55a5-n16-r3	3	c100	sample	0	0-SRR5935816	bases	2292238030
20261008-044702-3c2153c-55a5-n16-r3	3	c100	sample	0	0-SRR5935816	classified	11933067
20261008-044702-3c2153c-55a5-n16-r3	3	c100	sample	0	0-SRR5935816	place	lpt
20261008-044702-3c2153c-55a5-n16-r3	3	c100	sample	0	0-SRR5935816	weight	12244248
20261008-044702-3c2153c-55a5-n16-r3	3	c100	sample	0	0-SRR5935778	mode	parallel
20261008-044702-3c2153c-55a5-n16-r3	3	c100	sample	0	0-SRR5935778	s3client	sdk
20261008-044702-3c2153c-55a5-n16-r3	3	c100	sample	0	0-SRR5935778	rank	3
20261008-044702-3c2153c-55a5-n16-r3	3	c100	sample	0	0-SRR5935778	role	home
20261008-044702-3c2153c-55a5-n16-r3	3	c100	sample	0	0-SRR5935778	inflight	2
20261008-044702-3c2153c-55a5-n16-r3	3	c100	sample	0	0-SRR5935778	threads	16
20261008-044702-3c2153c-55a5-n16-r3	3	c100	sample	0	0-SRR5935778	start_s	85.128565
20261008-044702-3c2153c-55a5-n16-r3	3	c100	sample	0	0-SRR5935778	wall_s	11.127037
20261008-044702-3c2153c-55a5-n16-r3	3	c100	sample	0	0-SRR5935778	setup_s	0.000067
20261008-044702-3c2153c-55a5-n16-r3	3	c100	sample	0	0-SRR5935778	classify_s	10.635332
20261008-044702-3c2153c-55a5-n16-r3	3	c100	sample	0	0-SRR5935778	close_s	0.259364
20261008-044702-3c2153c-55a5-n16-r3	3	c100	sample	0	0-SRR5935778	report_s	0.219649
20261008-044702-3c2153c-55a5-n16-r3	3	c100	sample	0	0-SRR5935778	status	0
20261008-044702-3c2153c-55a5-n16-r3	3	c100	sample	0	0-SRR5935778	sequences	10554303
20261008-044702-3c2153c-55a5-n16-r3	3	c100	sample	0	0-SRR5935778	bases	1946564732
20261008-044702-3c2153c-55a5-n16-r3	3	c100	sample	0	0-SRR5935778	classified	10062971
20261008-044702-3c2153c-55a5-n16-r3	3	c100	sample	0	0-SRR5935778	place	lpt
20261008-044702-3c2153c-55a5-n16-r3	3	c100	sample	0	0-SRR5935778	weight	10554303
20261008-044702-3c2153c-55a5-n16-r3	3	c100	sample	0	0-SRR5935789	mode	parallel
20261008-044702-3c2153c-55a5-n16-r3	3	c100	sample	0	0-SRR5935789	s3client	sdk
20261008-044702-3c2153c-55a5-n16-r3	3	c100	sample	0	0-SRR5935789	rank	3
20261008-044702-3c2153c-55a5-n16-r3	3	c100	sample	0	0-SRR5935789	role	home
20261008-044702-3c2153c-55a5-n16-r3	3	c100	sample	0	0-SRR5935789	inflight	2
20261008-044702-3c2153c-55a5-n16-r3	3	c100	sample	0	0-SRR5935789	threads	16
20261008-044702-3c2153c-55a5-n16-r3	3	c100	sample	0	0-SRR5935789	start_s	96.255634
20261008-044702-3c2153c-55a5-n16-r3	3	c100	sample	0	0-SRR5935789	wall_s	2.157964
20261008-044702-3c2153c-55a5-n16-r3	3	c100	sample	0	0-SRR5935789	setup_s	0.000080
20261008-044702-3c2153c-55a5-n16-r3	3	c100	sample	0	0-SRR5935789	classify_s	1.836463
20261008-044702-3c2153c-55a5-n16-r3	3	c100	sample	0	0-SRR5935789	close_s	0.205973
20261008-044702-3c2153c-55a5-n16-r3	3	c100	sample	0	0-SRR5935789	report_s	0.112890
20261008-044702-3c2153c-55a5-n16-r3	3	c100	sample	0	0-SRR5935789	status	0
20261008-044702-3c2153c-55a5-n16-r3	3	c100	sample	0	0-SRR5935789	sequences	1513694
20261008-044702-3c2153c-55a5-n16-r3	3	c100	sample	0	0-SRR5935789	bases	270732465
20261008-044702-3c2153c-55a5-n16-r3	3	c100	sample	0	0-SRR5935789	classified	1488159
20261008-044702-3c2153c-55a5-n16-r3	3	c100	sample	0	0-SRR5935789	place	lpt
20261008-044702-3c2153c-55a5-n16-r3	3	c100	sample	0	0-SRR5935789	weight	1513694
20261008-044702-3c2153c-55a5-n16-r3	3	c100	sample	0	0-SRR5935835	mode	parallel
20261008-044702-3c2153c-55a5-n16-r3	3	c100	sample	0	0-SRR5935835	s3client	sdk
20261008-044702-3c2153c-55a5-n16-r3	3	c100	sample	0	0-SRR5935835	rank	3
20261008-044702-3c2153c-55a5-n16-r3	3	c100	sample	0	0-SRR5935835	role	home
20261008-044702-3c2153c-55a5-n16-r3	3	c100	sample	0	0-SRR5935835	inflight	2
20261008-044702-3c2153c-55a5-n16-r3	3	c100	sample	0	0-SRR5935835	threads	16
20261008-044702-3c2153c-55a5-n16-r3	3	c100	sample	0	0-SRR5935835	start_s	98.413666
20261008-044702-3c2153c-55a5-n16-r3	3	c100	sample	0	0-SRR5935835	wall_s	2.065228
20261008-044702-3c2153c-55a5-n16-r3	3	c100	sample	0	0-SRR5935835	setup_s	0.000095
20261008-044702-3c2153c-55a5-n16-r3	3	c100	sample	0	0-SRR5935835	classify_s	1.767205
20261008-044702-3c2153c-55a5-n16-r3	3	c100	sample	0	0-SRR5935835	close_s	0.189266
20261008-044702-3c2153c-55a5-n16-r3	3	c100	sample	0	0-SRR5935835	report_s	0.105871
20261008-044702-3c2153c-55a5-n16-r3	3	c100	sample	0	0-SRR5935835	status	0
20261008-044702-3c2153c-55a5-n16-r3	3	c100	sample	0	0-SRR5935835	sequences	1341509
20261008-044702-3c2153c-55a5-n16-r3	3	c100	sample	0	0-SRR5935835	bases	254993682
20261008-044702-3c2153c-55a5-n16-r3	3	c100	sample	0	0-SRR5935835	classified	1320808
20261008-044702-3c2153c-55a5-n16-r3	3	c100	sample	0	0-SRR5935835	place	lpt
20261008-044702-3c2153c-55a5-n16-r3	3	c100	sample	0	0-SRR5935835	weight	1341509
20261008-044702-3c2153c-55a5-n16-r3	3	c100	sample	0	0-SRR5935782	mode	parallel
20261008-044702-3c2153c-55a5-n16-r3	3	c100	sample	0	0-SRR5935782	s3client	sdk
20261008-044702-3c2153c-55a5-n16-r3	3	c100	sample	0	0-SRR5935782	rank	3
20261008-044702-3c2153c-55a5-n16-r3	3	c100	sample	0	0-SRR5935782	role	home
20261008-044702-3c2153c-55a5-n16-r3	3	c100	sample	0	0-SRR5935782	inflight	2
20261008-044702-3c2153c-55a5-n16-r3	3	c100	sample	0	0-SRR5935782	threads	16
20261008-044702-3c2153c-55a5-n16-r3	3	c100	sample	0	0-SRR5935782	start_s	93.474568
20261008-044702-3c2153c-55a5-n16-r3	3	c100	sample	0	0-SRR5935782	wall_s	8.827535
20261008-044702-3c2153c-55a5-n16-r3	3	c100	sample	0	0-SRR5935782	setup_s	0.000069
20261008-044702-3c2153c-55a5-n16-r3	3	c100	sample	0	0-SRR5935782	classify_s	8.417121
20261008-044702-3c2153c-55a5-n16-r3	3	c100	sample	0	0-SRR5935782	close_s	0.223450
20261008-044702-3c2153c-55a5-n16-r3	3	c100	sample	0	0-SRR5935782	report_s	0.180686
20261008-044702-3c2153c-55a5-n16-r3	3	c100	sample	0	0-SRR5935782	status	0
20261008-044702-3c2153c-55a5-n16-r3	3	c100	sample	0	0-SRR5935782	sequences	10128070
20261008-044702-3c2153c-55a5-n16-r3	3	c100	sample	0	0-SRR5935782	bases	1876810820
20261008-044702-3c2153c-55a5-n16-r3	3	c100	sample	0	0-SRR5935782	classified	9942775
20261008-044702-3c2153c-55a5-n16-r3	3	c100	sample	0	0-SRR5935782	place	lpt
20261008-044702-3c2153c-55a5-n16-r3	3	c100	sample	0	0-SRR5935782	weight	10128070
20261008-044702-3c2153c-55a5-n16-r3	3	c100	phase			batch-barrier-0	3.295834
20261008-044702-3c2153c-55a5-n16-r3	3	c100	phase			batch-barrier-0.start_s	102.302126
20261008-044702-3c2153c-55a5-n16-r3	3	c100	sample	1	1-SRR5935743	mode	parallel
20261008-044702-3c2153c-55a5-n16-r3	3	c100	sample	1	1-SRR5935743	s3client	sdk
20261008-044702-3c2153c-55a5-n16-r3	3	c100	sample	1	1-SRR5935743	rank	3
20261008-044702-3c2153c-55a5-n16-r3	3	c100	sample	1	1-SRR5935743	role	home
20261008-044702-3c2153c-55a5-n16-r3	3	c100	sample	1	1-SRR5935743	inflight	2
20261008-044702-3c2153c-55a5-n16-r3	3	c100	sample	1	1-SRR5935743	threads	16
20261008-044702-3c2153c-55a5-n16-r3	3	c100	sample	1	1-SRR5935743	start_s	105.598006
20261008-044702-3c2153c-55a5-n16-r3	3	c100	sample	1	1-SRR5935743	wall_s	1.206407
20261008-044702-3c2153c-55a5-n16-r3	3	c100	sample	1	1-SRR5935743	setup_s	0.000040
20261008-044702-3c2153c-55a5-n16-r3	3	c100	sample	1	1-SRR5935743	classify_s	0.774468
20261008-044702-3c2153c-55a5-n16-r3	3	c100	sample	1	1-SRR5935743	close_s	0.346708
20261008-044702-3c2153c-55a5-n16-r3	3	c100	sample	1	1-SRR5935743	report_s	0.084422
20261008-044702-3c2153c-55a5-n16-r3	3	c100	sample	1	1-SRR5935743	status	0
20261008-044702-3c2153c-55a5-n16-r3	3	c100	sample	1	1-SRR5935743	sequences	201473
20261008-044702-3c2153c-55a5-n16-r3	3	c100	sample	1	1-SRR5935743	bases	36745424
20261008-044702-3c2153c-55a5-n16-r3	3	c100	sample	1	1-SRR5935743	classified	197603
20261008-044702-3c2153c-55a5-n16-r3	3	c100	sample	1	1-SRR5935743	place	mod
20261008-044702-3c2153c-55a5-n16-r3	3	c100	sample	1	1-SRR5935743	weight	201473
20261008-044702-3c2153c-55a5-n16-r3	3	c100	sample	1	1-SRR5935775	mode	parallel
20261008-044702-3c2153c-55a5-n16-r3	3	c100	sample	1	1-SRR5935775	s3client	sdk
20261008-044702-3c2153c-55a5-n16-r3	3	c100	sample	1	1-SRR5935775	rank	3
20261008-044702-3c2153c-55a5-n16-r3	3	c100	sample	1	1-SRR5935775	role	home
20261008-044702-3c2153c-55a5-n16-r3	3	c100	sample	1	1-SRR5935775	inflight	2
20261008-044702-3c2153c-55a5-n16-r3	3	c100	sample	1	1-SRR5935775	threads	16
20261008-044702-3c2153c-55a5-n16-r3	3	c100	sample	1	1-SRR5935775	start_s	106.804439
20261008-044702-3c2153c-55a5-n16-r3	3	c100	sample	1	1-SRR5935775	wall_s	13.429326
20261008-044702-3c2153c-55a5-n16-r3	3	c100	sample	1	1-SRR5935775	setup_s	0.000077
20261008-044702-3c2153c-55a5-n16-r3	3	c100	sample	1	1-SRR5935775	classify_s	13.069525
20261008-044702-3c2153c-55a5-n16-r3	3	c100	sample	1	1-SRR5935775	close_s	0.225481
20261008-044702-3c2153c-55a5-n16-r3	3	c100	sample	1	1-SRR5935775	report_s	0.128069
20261008-044702-3c2153c-55a5-n16-r3	3	c100	sample	1	1-SRR5935775	status	0
20261008-044702-3c2153c-55a5-n16-r3	3	c100	sample	1	1-SRR5935775	sequences	13010149
20261008-044702-3c2153c-55a5-n16-r3	3	c100	sample	1	1-SRR5935775	bases	2394732661
20261008-044702-3c2153c-55a5-n16-r3	3	c100	sample	1	1-SRR5935775	classified	12910203
20261008-044702-3c2153c-55a5-n16-r3	3	c100	sample	1	1-SRR5935775	place	mod
20261008-044702-3c2153c-55a5-n16-r3	3	c100	sample	1	1-SRR5935775	weight	13010149
20261008-044702-3c2153c-55a5-n16-r3	3	c100	sample	1	1-SRR5935759	mode	parallel
20261008-044702-3c2153c-55a5-n16-r3	3	c100	sample	1	1-SRR5935759	s3client	sdk
20261008-044702-3c2153c-55a5-n16-r3	3	c100	sample	1	1-SRR5935759	rank	3
20261008-044702-3c2153c-55a5-n16-r3	3	c100	sample	1	1-SRR5935759	role	home
20261008-044702-3c2153c-55a5-n16-r3	3	c100	sample	1	1-SRR5935759	inflight	2
20261008-044702-3c2153c-55a5-n16-r3	3	c100	sample	1	1-SRR5935759	threads	16
20261008-044702-3c2153c-55a5-n16-r3	3	c100	sample	1	1-SRR5935759	start_s	105.597989
20261008-044702-3c2153c-55a5-n16-r3	3	c100	sample	1	1-SRR5935759	wall_s	15.286459
20261008-044702-3c2153c-55a5-n16-r3	3	c100	sample	1	1-SRR5935759	setup_s	0.000047
20261008-044702-3c2153c-55a5-n16-r3	3	c100	sample	1	1-SRR5935759	classify_s	14.757774
20261008-044702-3c2153c-55a5-n16-r3	3	c100	sample	1	1-SRR5935759	close_s	0.208676
20261008-044702-3c2153c-55a5-n16-r3	3	c100	sample	1	1-SRR5935759	report_s	0.306567
20261008-044702-3c2153c-55a5-n16-r3	3	c100	sample	1	1-SRR5935759	status	0
20261008-044702-3c2153c-55a5-n16-r3	3	c100	sample	1	1-SRR5935759	sequences	15312868
20261008-044702-3c2153c-55a5-n16-r3	3	c100	sample	1	1-SRR5935759	bases	2847175138
20261008-044702-3c2153c-55a5-n16-r3	3	c100	sample	1	1-SRR5935759	classified	13152387
20261008-044702-3c2153c-55a5-n16-r3	3	c100	sample	1	1-SRR5935759	place	mod
20261008-044702-3c2153c-55a5-n16-r3	3	c100	sample	1	1-SRR5935759	weight	15312868
20261008-044702-3c2153c-55a5-n16-r3	3	c100	sample	1	1-SRR5935791	mode	parallel
20261008-044702-3c2153c-55a5-n16-r3	3	c100	sample	1	1-SRR5935791	s3client	sdk
20261008-044702-3c2153c-55a5-n16-r3	3	c100	sample	1	1-SRR5935791	rank	3
20261008-044702-3c2153c-55a5-n16-r3	3	c100	sample	1	1-SRR5935791	role	home
20261008-044702-3c2153c-55a5-n16-r3	3	c100	sample	1	1-SRR5935791	inflight	2
20261008-044702-3c2153c-55a5-n16-r3	3	c100	sample	1	1-SRR5935791	threads	16
20261008-044702-3c2153c-55a5-n16-r3	3	c100	sample	1	1-SRR5935791	start_s	120.233790
20261008-044702-3c2153c-55a5-n16-r3	3	c100	sample	1	1-SRR5935791	wall_s	10.979815
20261008-044702-3c2153c-55a5-n16-r3	3	c100	sample	1	1-SRR5935791	setup_s	0.000071
20261008-044702-3c2153c-55a5-n16-r3	3	c100	sample	1	1-SRR5935791	classify_s	10.603263
20261008-044702-3c2153c-55a5-n16-r3	3	c100	sample	1	1-SRR5935791	close_s	0.233924
20261008-044702-3c2153c-55a5-n16-r3	3	c100	sample	1	1-SRR5935791	report_s	0.137907
20261008-044702-3c2153c-55a5-n16-r3	3	c100	sample	1	1-SRR5935791	status	0
20261008-044702-3c2153c-55a5-n16-r3	3	c100	sample	1	1-SRR5935791	sequences	10140194
20261008-044702-3c2153c-55a5-n16-r3	3	c100	sample	1	1-SRR5935791	bases	1929101997
20261008-044702-3c2153c-55a5-n16-r3	3	c100	sample	1	1-SRR5935791	classified	10096895
20261008-044702-3c2153c-55a5-n16-r3	3	c100	sample	1	1-SRR5935791	place	mod
20261008-044702-3c2153c-55a5-n16-r3	3	c100	sample	1	1-SRR5935791	weight	10140194
20261008-044702-3c2153c-55a5-n16-r3	3	c100	sample	1	1-SRR5935807	mode	parallel
20261008-044702-3c2153c-55a5-n16-r3	3	c100	sample	1	1-SRR5935807	s3client	sdk
20261008-044702-3c2153c-55a5-n16-r3	3	c100	sample	1	1-SRR5935807	rank	3
20261008-044702-3c2153c-55a5-n16-r3	3	c100	sample	1	1-SRR5935807	role	home
20261008-044702-3c2153c-55a5-n16-r3	3	c100	sample	1	1-SRR5935807	inflight	2
20261008-044702-3c2153c-55a5-n16-r3	3	c100	sample	1	1-SRR5935807	threads	16
20261008-044702-3c2153c-55a5-n16-r3	3	c100	sample	1	1-SRR5935807	start_s	120.884542
20261008-044702-3c2153c-55a5-n16-r3	3	c100	sample	1	1-SRR5935807	wall_s	16.717458
20261008-044702-3c2153c-55a5-n16-r3	3	c100	sample	1	1-SRR5935807	setup_s	0.000071
20261008-044702-3c2153c-55a5-n16-r3	3	c100	sample	1	1-SRR5935807	classify_s	16.266576
20261008-044702-3c2153c-55a5-n16-r3	3	c100	sample	1	1-SRR5935807	close_s	0.260177
20261008-044702-3c2153c-55a5-n16-r3	3	c100	sample	1	1-SRR5935807	report_s	0.169647
20261008-044702-3c2153c-55a5-n16-r3	3	c100	sample	1	1-SRR5935807	status	0
20261008-044702-3c2153c-55a5-n16-r3	3	c100	sample	1	1-SRR5935807	sequences	16708997
20261008-044702-3c2153c-55a5-n16-r3	3	c100	sample	1	1-SRR5935807	bases	3043023590
20261008-044702-3c2153c-55a5-n16-r3	3	c100	sample	1	1-SRR5935807	classified	15000245
20261008-044702-3c2153c-55a5-n16-r3	3	c100	sample	1	1-SRR5935807	place	mod
20261008-044702-3c2153c-55a5-n16-r3	3	c100	sample	1	1-SRR5935807	weight	16708997
20261008-044702-3c2153c-55a5-n16-r3	3	c100	sample	1	1-SRR5935839	mode	parallel
20261008-044702-3c2153c-55a5-n16-r3	3	c100	sample	1	1-SRR5935839	s3client	sdk
20261008-044702-3c2153c-55a5-n16-r3	3	c100	sample	1	1-SRR5935839	rank	3
20261008-044702-3c2153c-55a5-n16-r3	3	c100	sample	1	1-SRR5935839	role	home
20261008-044702-3c2153c-55a5-n16-r3	3	c100	sample	1	1-SRR5935839	inflight	2
20261008-044702-3c2153c-55a5-n16-r3	3	c100	sample	1	1-SRR5935839	threads	16
20261008-044702-3c2153c-55a5-n16-r3	3	c100	sample	1	1-SRR5935839	start_s	137.602032
20261008-044702-3c2153c-55a5-n16-r3	3	c100	sample	1	1-SRR5935839	wall_s	1.829948
20261008-044702-3c2153c-55a5-n16-r3	3	c100	sample	1	1-SRR5935839	setup_s	0.000069
20261008-044702-3c2153c-55a5-n16-r3	3	c100	sample	1	1-SRR5935839	classify_s	1.465395
20261008-044702-3c2153c-55a5-n16-r3	3	c100	sample	1	1-SRR5935839	close_s	0.246719
20261008-044702-3c2153c-55a5-n16-r3	3	c100	sample	1	1-SRR5935839	report_s	0.115211
20261008-044702-3c2153c-55a5-n16-r3	3	c100	sample	1	1-SRR5935839	status	0
20261008-044702-3c2153c-55a5-n16-r3	3	c100	sample	1	1-SRR5935839	sequences	1085628
20261008-044702-3c2153c-55a5-n16-r3	3	c100	sample	1	1-SRR5935839	bases	199244471
20261008-044702-3c2153c-55a5-n16-r3	3	c100	sample	1	1-SRR5935839	classified	1061820
20261008-044702-3c2153c-55a5-n16-r3	3	c100	sample	1	1-SRR5935839	place	mod
20261008-044702-3c2153c-55a5-n16-r3	3	c100	sample	1	1-SRR5935839	weight	1085628
20261008-044702-3c2153c-55a5-n16-r3	3	c100	sample	1	1-SRR5935823	mode	parallel
20261008-044702-3c2153c-55a5-n16-r3	3	c100	sample	1	1-SRR5935823	s3client	sdk
20261008-044702-3c2153c-55a5-n16-r3	3	c100	sample	1	1-SRR5935823	rank	3
20261008-044702-3c2153c-55a5-n16-r3	3	c100	sample	1	1-SRR5935823	role	home
20261008-044702-3c2153c-55a5-n16-r3	3	c100	sample	1	1-SRR5935823	inflight	2
20261008-044702-3c2153c-55a5-n16-r3	3	c100	sample	1	1-SRR5935823	threads	16
20261008-044702-3c2153c-55a5-n16-r3	3	c100	sample	1	1-SRR5935823	start_s	131.213633
20261008-044702-3c2153c-55a5-n16-r3	3	c100	sample	1	1-SRR5935823	wall_s	15.302555
20261008-044702-3c2153c-55a5-n16-r3	3	c100	sample	1	1-SRR5935823	setup_s	0.000075
20261008-044702-3c2153c-55a5-n16-r3	3	c100	sample	1	1-SRR5935823	classify_s	14.885540
20261008-044702-3c2153c-55a5-n16-r3	3	c100	sample	1	1-SRR5935823	close_s	0.287731
20261008-044702-3c2153c-55a5-n16-r3	3	c100	sample	1	1-SRR5935823	report_s	0.123201
20261008-044702-3c2153c-55a5-n16-r3	3	c100	sample	1	1-SRR5935823	status	0
20261008-044702-3c2153c-55a5-n16-r3	3	c100	sample	1	1-SRR5935823	sequences	20770968
20261008-044702-3c2153c-55a5-n16-r3	3	c100	sample	1	1-SRR5935823	bases	3886695944
20261008-044702-3c2153c-55a5-n16-r3	3	c100	sample	1	1-SRR5935823	classified	20594735
20261008-044702-3c2153c-55a5-n16-r3	3	c100	sample	1	1-SRR5935823	place	mod
20261008-044702-3c2153c-55a5-n16-r3	3	c100	sample	1	1-SRR5935823	weight	20770968
20261008-044702-3c2153c-55a5-n16-r3	3	c100	phase			batch-barrier-1	4.367300
20261008-044702-3c2153c-55a5-n16-r3	3	c100	phase			batch-barrier-1.start_s	146.516211
20261008-044702-3c2153c-55a5-n16-r3	3	c100	sample	2	2-SRR5935752	mode	parallel
20261008-044702-3c2153c-55a5-n16-r3	3	c100	sample	2	2-SRR5935752	s3client	sdk
20261008-044702-3c2153c-55a5-n16-r3	3	c100	sample	2	2-SRR5935752	rank	3
20261008-044702-3c2153c-55a5-n16-r3	3	c100	sample	2	2-SRR5935752	role	home
20261008-044702-3c2153c-55a5-n16-r3	3	c100	sample	2	2-SRR5935752	inflight	2
20261008-044702-3c2153c-55a5-n16-r3	3	c100	sample	2	2-SRR5935752	threads	16
20261008-044702-3c2153c-55a5-n16-r3	3	c100	sample	2	2-SRR5935752	start_s	150.883558
20261008-044702-3c2153c-55a5-n16-r3	3	c100	sample	2	2-SRR5935752	wall_s	15.457426
20261008-044702-3c2153c-55a5-n16-r3	3	c100	sample	2	2-SRR5935752	setup_s	0.000053
20261008-044702-3c2153c-55a5-n16-r3	3	c100	sample	2	2-SRR5935752	classify_s	15.075344
20261008-044702-3c2153c-55a5-n16-r3	3	c100	sample	2	2-SRR5935752	close_s	0.257065
20261008-044702-3c2153c-55a5-n16-r3	3	c100	sample	2	2-SRR5935752	report_s	0.120837
20261008-044702-3c2153c-55a5-n16-r3	3	c100	sample	2	2-SRR5935752	status	0
20261008-044702-3c2153c-55a5-n16-r3	3	c100	sample	2	2-SRR5935752	sequences	14298074
20261008-044702-3c2153c-55a5-n16-r3	3	c100	sample	2	2-SRR5935752	bases	2663280360
20261008-044702-3c2153c-55a5-n16-r3	3	c100	sample	2	2-SRR5935752	classified	14234512
20261008-044702-3c2153c-55a5-n16-r3	3	c100	sample	2	2-SRR5935752	place	lpt
20261008-044702-3c2153c-55a5-n16-r3	3	c100	sample	2	2-SRR5935752	weight	14298074
20261008-044702-3c2153c-55a5-n16-r3	3	c100	sample	2	2-SRR5935749	mode	parallel
20261008-044702-3c2153c-55a5-n16-r3	3	c100	sample	2	2-SRR5935749	s3client	sdk
20261008-044702-3c2153c-55a5-n16-r3	3	c100	sample	2	2-SRR5935749	rank	3
20261008-044702-3c2153c-55a5-n16-r3	3	c100	sample	2	2-SRR5935749	role	home
20261008-044702-3c2153c-55a5-n16-r3	3	c100	sample	2	2-SRR5935749	inflight	2
20261008-044702-3c2153c-55a5-n16-r3	3	c100	sample	2	2-SRR5935749	threads	16
20261008-044702-3c2153c-55a5-n16-r3	3	c100	sample	2	2-SRR5935749	start_s	150.883561
20261008-044702-3c2153c-55a5-n16-r3	3	c100	sample	2	2-SRR5935749	wall_s	19.723106
20261008-044702-3c2153c-55a5-n16-r3	3	c100	sample	2	2-SRR5935749	setup_s	0.000051
20261008-044702-3c2153c-55a5-n16-r3	3	c100	sample	2	2-SRR5935749	classify_s	19.248871
20261008-044702-3c2153c-55a5-n16-r3	3	c100	sample	2	2-SRR5935749	close_s	0.226582
20261008-044702-3c2153c-55a5-n16-r3	3	c100	sample	2	2-SRR5935749	report_s	0.239903
20261008-044702-3c2153c-55a5-n16-r3	3	c100	sample	2	2-SRR5935749	status	0
20261008-044702-3c2153c-55a5-n16-r3	3	c100	sample	2	2-SRR5935749	sequences	18879904
20261008-044702-3c2153c-55a5-n16-r3	3	c100	sample	2	2-SRR5935749	bases	3539135454
20261008-044702-3c2153c-55a5-n16-r3	3	c100	sample	2	2-SRR5935749	classified	18627146
20261008-044702-3c2153c-55a5-n16-r3	3	c100	sample	2	2-SRR5935749	place	lpt
20261008-044702-3c2153c-55a5-n16-r3	3	c100	sample	2	2-SRR5935749	weight	18879904
20261008-044702-3c2153c-55a5-n16-r3	3	c100	sample	2	2-SRR5935816	mode	parallel
20261008-044702-3c2153c-55a5-n16-r3	3	c100	sample	2	2-SRR5935816	s3client	sdk
20261008-044702-3c2153c-55a5-n16-r3	3	c100	sample	2	2-SRR5935816	rank	3
20261008-044702-3c2153c-55a5-n16-r3	3	c100	sample	2	2-SRR5935816	role	home
20261008-044702-3c2153c-55a5-n16-r3	3	c100	sample	2	2-SRR5935816	inflight	2
20261008-044702-3c2153c-55a5-n16-r3	3	c100	sample	2	2-SRR5935816	threads	16
20261008-044702-3c2153c-55a5-n16-r3	3	c100	sample	2	2-SRR5935816	start_s	166.341012
20261008-044702-3c2153c-55a5-n16-r3	3	c100	sample	2	2-SRR5935816	wall_s	12.681488
20261008-044702-3c2153c-55a5-n16-r3	3	c100	sample	2	2-SRR5935816	setup_s	0.000062
20261008-044702-3c2153c-55a5-n16-r3	3	c100	sample	2	2-SRR5935816	classify_s	12.278725
20261008-044702-3c2153c-55a5-n16-r3	3	c100	sample	2	2-SRR5935816	close_s	0.245631
20261008-044702-3c2153c-55a5-n16-r3	3	c100	sample	2	2-SRR5935816	report_s	0.149709
20261008-044702-3c2153c-55a5-n16-r3	3	c100	sample	2	2-SRR5935816	status	0
20261008-044702-3c2153c-55a5-n16-r3	3	c100	sample	2	2-SRR5935816	sequences	12244248
20261008-044702-3c2153c-55a5-n16-r3	3	c100	sample	2	2-SRR5935816	bases	2292238030
20261008-044702-3c2153c-55a5-n16-r3	3	c100	sample	2	2-SRR5935816	classified	11933067
20261008-044702-3c2153c-55a5-n16-r3	3	c100	sample	2	2-SRR5935816	place	lpt
20261008-044702-3c2153c-55a5-n16-r3	3	c100	sample	2	2-SRR5935816	weight	12244248
20261008-044702-3c2153c-55a5-n16-r3	3	c100	sample	2	2-SRR5935778	mode	parallel
20261008-044702-3c2153c-55a5-n16-r3	3	c100	sample	2	2-SRR5935778	s3client	sdk
20261008-044702-3c2153c-55a5-n16-r3	3	c100	sample	2	2-SRR5935778	rank	3
20261008-044702-3c2153c-55a5-n16-r3	3	c100	sample	2	2-SRR5935778	role	home
20261008-044702-3c2153c-55a5-n16-r3	3	c100	sample	2	2-SRR5935778	inflight	2
20261008-044702-3c2153c-55a5-n16-r3	3	c100	sample	2	2-SRR5935778	threads	16
20261008-044702-3c2153c-55a5-n16-r3	3	c100	sample	2	2-SRR5935778	start_s	170.606697
20261008-044702-3c2153c-55a5-n16-r3	3	c100	sample	2	2-SRR5935778	wall_s	11.336883
20261008-044702-3c2153c-55a5-n16-r3	3	c100	sample	2	2-SRR5935778	setup_s	0.000062
20261008-044702-3c2153c-55a5-n16-r3	3	c100	sample	2	2-SRR5935778	classify_s	10.836764
20261008-044702-3c2153c-55a5-n16-r3	3	c100	sample	2	2-SRR5935778	close_s	0.328935
20261008-044702-3c2153c-55a5-n16-r3	3	c100	sample	2	2-SRR5935778	report_s	0.158331
20261008-044702-3c2153c-55a5-n16-r3	3	c100	sample	2	2-SRR5935778	status	0
20261008-044702-3c2153c-55a5-n16-r3	3	c100	sample	2	2-SRR5935778	sequences	10554303
20261008-044702-3c2153c-55a5-n16-r3	3	c100	sample	2	2-SRR5935778	bases	1946564732
20261008-044702-3c2153c-55a5-n16-r3	3	c100	sample	2	2-SRR5935778	classified	10062971
20261008-044702-3c2153c-55a5-n16-r3	3	c100	sample	2	2-SRR5935778	place	lpt
20261008-044702-3c2153c-55a5-n16-r3	3	c100	sample	2	2-SRR5935778	weight	10554303
20261008-044702-3c2153c-55a5-n16-r3	3	c100	sample	2	2-SRR5935789	mode	parallel
20261008-044702-3c2153c-55a5-n16-r3	3	c100	sample	2	2-SRR5935789	s3client	sdk
20261008-044702-3c2153c-55a5-n16-r3	3	c100	sample	2	2-SRR5935789	rank	3
20261008-044702-3c2153c-55a5-n16-r3	3	c100	sample	2	2-SRR5935789	role	home
20261008-044702-3c2153c-55a5-n16-r3	3	c100	sample	2	2-SRR5935789	inflight	2
20261008-044702-3c2153c-55a5-n16-r3	3	c100	sample	2	2-SRR5935789	threads	16
20261008-044702-3c2153c-55a5-n16-r3	3	c100	sample	2	2-SRR5935789	start_s	181.943667
20261008-044702-3c2153c-55a5-n16-r3	3	c100	sample	2	2-SRR5935789	wall_s	2.154319
20261008-044702-3c2153c-55a5-n16-r3	3	c100	sample	2	2-SRR5935789	setup_s	0.000075
20261008-044702-3c2153c-55a5-n16-r3	3	c100	sample	2	2-SRR5935789	classify_s	1.823367
20261008-044702-3c2153c-55a5-n16-r3	3	c100	sample	2	2-SRR5935789	close_s	0.202174
20261008-044702-3c2153c-55a5-n16-r3	3	c100	sample	2	2-SRR5935789	report_s	0.126277
20261008-044702-3c2153c-55a5-n16-r3	3	c100	sample	2	2-SRR5935789	status	0
20261008-044702-3c2153c-55a5-n16-r3	3	c100	sample	2	2-SRR5935789	sequences	1513694
20261008-044702-3c2153c-55a5-n16-r3	3	c100	sample	2	2-SRR5935789	bases	270732465
20261008-044702-3c2153c-55a5-n16-r3	3	c100	sample	2	2-SRR5935789	classified	1488159
20261008-044702-3c2153c-55a5-n16-r3	3	c100	sample	2	2-SRR5935789	place	lpt
20261008-044702-3c2153c-55a5-n16-r3	3	c100	sample	2	2-SRR5935789	weight	1513694
20261008-044702-3c2153c-55a5-n16-r3	3	c100	sample	2	2-SRR5935835	mode	parallel
20261008-044702-3c2153c-55a5-n16-r3	3	c100	sample	2	2-SRR5935835	s3client	sdk
20261008-044702-3c2153c-55a5-n16-r3	3	c100	sample	2	2-SRR5935835	rank	3
20261008-044702-3c2153c-55a5-n16-r3	3	c100	sample	2	2-SRR5935835	role	home
20261008-044702-3c2153c-55a5-n16-r3	3	c100	sample	2	2-SRR5935835	inflight	2
20261008-044702-3c2153c-55a5-n16-r3	3	c100	sample	2	2-SRR5935835	threads	16
20261008-044702-3c2153c-55a5-n16-r3	3	c100	sample	2	2-SRR5935835	start_s	184.098011
20261008-044702-3c2153c-55a5-n16-r3	3	c100	sample	2	2-SRR5935835	wall_s	2.194478
20261008-044702-3c2153c-55a5-n16-r3	3	c100	sample	2	2-SRR5935835	setup_s	0.000080
20261008-044702-3c2153c-55a5-n16-r3	3	c100	sample	2	2-SRR5935835	classify_s	1.840138
20261008-044702-3c2153c-55a5-n16-r3	3	c100	sample	2	2-SRR5935835	close_s	0.247725
20261008-044702-3c2153c-55a5-n16-r3	3	c100	sample	2	2-SRR5935835	report_s	0.103796
20261008-044702-3c2153c-55a5-n16-r3	3	c100	sample	2	2-SRR5935835	status	0
20261008-044702-3c2153c-55a5-n16-r3	3	c100	sample	2	2-SRR5935835	sequences	1341509
20261008-044702-3c2153c-55a5-n16-r3	3	c100	sample	2	2-SRR5935835	bases	254993682
20261008-044702-3c2153c-55a5-n16-r3	3	c100	sample	2	2-SRR5935835	classified	1320808
20261008-044702-3c2153c-55a5-n16-r3	3	c100	sample	2	2-SRR5935835	place	lpt
20261008-044702-3c2153c-55a5-n16-r3	3	c100	sample	2	2-SRR5935835	weight	1341509
20261008-044702-3c2153c-55a5-n16-r3	3	c100	sample	2	2-SRR5935782	mode	parallel
20261008-044702-3c2153c-55a5-n16-r3	3	c100	sample	2	2-SRR5935782	s3client	sdk
20261008-044702-3c2153c-55a5-n16-r3	3	c100	sample	2	2-SRR5935782	rank	3
20261008-044702-3c2153c-55a5-n16-r3	3	c100	sample	2	2-SRR5935782	role	home
20261008-044702-3c2153c-55a5-n16-r3	3	c100	sample	2	2-SRR5935782	inflight	2
20261008-044702-3c2153c-55a5-n16-r3	3	c100	sample	2	2-SRR5935782	threads	16
20261008-044702-3c2153c-55a5-n16-r3	3	c100	sample	2	2-SRR5935782	start_s	179.022524
20261008-044702-3c2153c-55a5-n16-r3	3	c100	sample	2	2-SRR5935782	wall_s	9.134995
20261008-044702-3c2153c-55a5-n16-r3	3	c100	sample	2	2-SRR5935782	setup_s	0.000057
20261008-044702-3c2153c-55a5-n16-r3	3	c100	sample	2	2-SRR5935782	classify_s	8.638128
20261008-044702-3c2153c-55a5-n16-r3	3	c100	sample	2	2-SRR5935782	close_s	0.285807
20261008-044702-3c2153c-55a5-n16-r3	3	c100	sample	2	2-SRR5935782	report_s	0.205032
20261008-044702-3c2153c-55a5-n16-r3	3	c100	sample	2	2-SRR5935782	status	0
20261008-044702-3c2153c-55a5-n16-r3	3	c100	sample	2	2-SRR5935782	sequences	10128070
20261008-044702-3c2153c-55a5-n16-r3	3	c100	sample	2	2-SRR5935782	bases	1876810820
20261008-044702-3c2153c-55a5-n16-r3	3	c100	sample	2	2-SRR5935782	classified	9942775
20261008-044702-3c2153c-55a5-n16-r3	3	c100	sample	2	2-SRR5935782	place	lpt
20261008-044702-3c2153c-55a5-n16-r3	3	c100	sample	2	2-SRR5935782	weight	10128070
20261008-044702-3c2153c-55a5-n16-r3	3	c100	phase			batch-barrier-2	3.170018
20261008-044702-3c2153c-55a5-n16-r3	3	c100	phase			batch-barrier-2.start_s	188.157538
20261008-044702-3c2153c-55a5-n16-r3	3	c100	phase			barrier	0.347270
20261008-044702-3c2153c-55a5-n16-r3	3	c100	phase			barrier.start_s	197.703614
20261008-044702-3c2153c-55a5-n16-r3	3	c100	sample	3	3-SRR5935740	mode	striped
20261008-044702-3c2153c-55a5-n16-r3	3	c100	sample	3	3-SRR5935740	s3client	sdk
20261008-044702-3c2153c-55a5-n16-r3	3	c100	sample	3	3-SRR5935740	rank	3
20261008-044702-3c2153c-55a5-n16-r3	3	c100	sample	3	3-SRR5935740	role	peer
20261008-044702-3c2153c-55a5-n16-r3	3	c100	sample	3	3-SRR5935740	inflight	1
20261008-044702-3c2153c-55a5-n16-r3	3	c100	sample	3	3-SRR5935740	threads	16
20261008-044702-3c2153c-55a5-n16-r3	3	c100	sample	3	3-SRR5935740	start_s	191.994664
20261008-044702-3c2153c-55a5-n16-r3	3	c100	sample	3	3-SRR5935740	wall_s	6.056269
20261008-044702-3c2153c-55a5-n16-r3	3	c100	sample	3	3-SRR5935740	setup_s	0.000044
20261008-044702-3c2153c-55a5-n16-r3	3	c100	sample	3	3-SRR5935740	classify_s	5.703916
20261008-044702-3c2153c-55a5-n16-r3	3	c100	sample	3	3-SRR5935740	close_s	0.000000
20261008-044702-3c2153c-55a5-n16-r3	3	c100	sample	3	3-SRR5935740	report_s	0.000000
20261008-044702-3c2153c-55a5-n16-r3	3	c100	sample	3	3-SRR5935740	status	0
20261008-044702-3c2153c-55a5-n16-r3	3	c100	sample	3	3-SRR5935740	sequences	0
20261008-044702-3c2153c-55a5-n16-r3	3	c100	sample	3	3-SRR5935740	bases	0
20261008-044702-3c2153c-55a5-n16-r3	3	c100	sample	3	3-SRR5935740	classified	0
20261008-044702-3c2153c-55a5-n16-r3	3	c100	sample	3	3-SRR5935740	place	-
20261008-044702-3c2153c-55a5-n16-r3	3	c100	sample	3	3-SRR5935740	weight	-
20261008-044702-3c2153c-55a5-n16-r3	3	c100	phase			batch-barrier-3	0.498339
20261008-044702-3c2153c-55a5-n16-r3	3	c100	phase			batch-barrier-3.start_s	198.050942
20261008-044702-3c2153c-55a5-n16-r3	3	c100	phase			barrier	0.060672
20261008-044702-3c2153c-55a5-n16-r3	3	c100	phase			barrier.start_s	205.063092
20261008-044702-3c2153c-55a5-n16-r3	3	c100	sample	4	4-SRR5935740	mode	striped
20261008-044702-3c2153c-55a5-n16-r3	3	c100	sample	4	4-SRR5935740	s3client	sdk
20261008-044702-3c2153c-55a5-n16-r3	3	c100	sample	4	4-SRR5935740	rank	3
20261008-044702-3c2153c-55a5-n16-r3	3	c100	sample	4	4-SRR5935740	role	peer
20261008-044702-3c2153c-55a5-n16-r3	3	c100	sample	4	4-SRR5935740	inflight	1
20261008-044702-3c2153c-55a5-n16-r3	3	c100	sample	4	4-SRR5935740	threads	16
20261008-044702-3c2153c-55a5-n16-r3	3	c100	sample	4	4-SRR5935740	start_s	199.354053
20261008-044702-3c2153c-55a5-n16-r3	3	c100	sample	4	4-SRR5935740	wall_s	5.769755
20261008-044702-3c2153c-55a5-n16-r3	3	c100	sample	4	4-SRR5935740	setup_s	0.000056
20261008-044702-3c2153c-55a5-n16-r3	3	c100	sample	4	4-SRR5935740	classify_s	5.703877
20261008-044702-3c2153c-55a5-n16-r3	3	c100	sample	4	4-SRR5935740	close_s	0.000000
20261008-044702-3c2153c-55a5-n16-r3	3	c100	sample	4	4-SRR5935740	report_s	0.000000
20261008-044702-3c2153c-55a5-n16-r3	3	c100	sample	4	4-SRR5935740	status	0
20261008-044702-3c2153c-55a5-n16-r3	3	c100	sample	4	4-SRR5935740	sequences	0
20261008-044702-3c2153c-55a5-n16-r3	3	c100	sample	4	4-SRR5935740	bases	0
20261008-044702-3c2153c-55a5-n16-r3	3	c100	sample	4	4-SRR5935740	classified	0
20261008-044702-3c2153c-55a5-n16-r3	3	c100	sample	4	4-SRR5935740	place	-
20261008-044702-3c2153c-55a5-n16-r3	3	c100	sample	4	4-SRR5935740	weight	-
20261008-044702-3c2153c-55a5-n16-r3	3	c100	phase			batch-barrier-4	0.527195
20261008-044702-3c2153c-55a5-n16-r3	3	c100	phase			batch-barrier-4.start_s	205.123817
20261008-044702-3c2153c-55a5-n16-r3	3	c100	phase			barrier	0.009680
20261008-044702-3c2153c-55a5-n16-r3	3	c100	phase			barrier.start_s	212.216365
20261008-044702-3c2153c-55a5-n16-r3	3	c100	sample	5	5-SRR5935740	mode	striped
20261008-044702-3c2153c-55a5-n16-r3	3	c100	sample	5	5-SRR5935740	s3client	sdk
20261008-044702-3c2153c-55a5-n16-r3	3	c100	sample	5	5-SRR5935740	rank	3
20261008-044702-3c2153c-55a5-n16-r3	3	c100	sample	5	5-SRR5935740	role	peer
20261008-044702-3c2153c-55a5-n16-r3	3	c100	sample	5	5-SRR5935740	inflight	1
20261008-044702-3c2153c-55a5-n16-r3	3	c100	sample	5	5-SRR5935740	threads	16
20261008-044702-3c2153c-55a5-n16-r3	3	c100	sample	5	5-SRR5935740	start_s	206.447850
20261008-044702-3c2153c-55a5-n16-r3	3	c100	sample	5	5-SRR5935740	wall_s	5.778244
20261008-044702-3c2153c-55a5-n16-r3	3	c100	sample	5	5-SRR5935740	setup_s	0.000049
20261008-044702-3c2153c-55a5-n16-r3	3	c100	sample	5	5-SRR5935740	classify_s	5.764138
20261008-044702-3c2153c-55a5-n16-r3	3	c100	sample	5	5-SRR5935740	close_s	0.000000
20261008-044702-3c2153c-55a5-n16-r3	3	c100	sample	5	5-SRR5935740	report_s	0.000000
20261008-044702-3c2153c-55a5-n16-r3	3	c100	sample	5	5-SRR5935740	status	0
20261008-044702-3c2153c-55a5-n16-r3	3	c100	sample	5	5-SRR5935740	sequences	0
20261008-044702-3c2153c-55a5-n16-r3	3	c100	sample	5	5-SRR5935740	bases	0
20261008-044702-3c2153c-55a5-n16-r3	3	c100	sample	5	5-SRR5935740	classified	0
20261008-044702-3c2153c-55a5-n16-r3	3	c100	sample	5	5-SRR5935740	place	-
20261008-044702-3c2153c-55a5-n16-r3	3	c100	sample	5	5-SRR5935740	weight	-
20261008-044702-3c2153c-55a5-n16-r3	3	c100	phase			batch-barrier-5	0.814939
20261008-044702-3c2153c-55a5-n16-r3	3	c100	phase			batch-barrier-5.start_s	212.226104
20261008-044702-3c2153c-55a5-n16-r3	3	c100	phase			batch-barrier-6	7.089501
20261008-044702-3c2153c-55a5-n16-r3	3	c100	phase			batch-barrier-6.start_s	213.041063
20261008-044702-3c2153c-55a5-n16-r3	3	c100	phase			batch-barrier-7	7.140981
20261008-044702-3c2153c-55a5-n16-r3	3	c100	phase			batch-barrier-7.start_s	220.130582
20261008-044702-3c2153c-55a5-n16-r3	3	c100	phase			batch-barrier-8	7.230932
20261008-044702-3c2153c-55a5-n16-r3	3	c100	phase			batch-barrier-8.start_s	227.271583
20261008-044702-3c2153c-55a5-n16-r3	3	c100	engine.shard			index	0
20261008-044702-3c2153c-55a5-n16-r3	3	c100	engine.shard			n	16
20261008-044702-3c2153c-55a5-n16-r3	3	c100	engine.shard			lo	55738672114
20261008-044702-3c2153c-55a5-n16-r3	3	c100	engine.shard			hi	74318229485
20261008-044702-3c2153c-55a5-n16-r3	3	c100	engine.shard			tail	302
20261008-044702-3c2153c-55a5-n16-r3	3	c100	engine.shard			full	false
20261008-044702-3c2153c-55a5-n16-r3	3	c100	engine.shard			empty_at	18579557370
20261008-044702-3c2153c-55a5-n16-r3	3	c100	engine.shard			keys	8470412349
20261008-044702-3c2153c-55a5-n16-r3	3	c100	engine.shard			batches	89910
20261008-044702-3c2153c-55a5-n16-r3	3	c100	engine.shard			probe_s	214.321094
20261008-044702-3c2153c-55a5-n16-r3	3	c100	engine.shard			tail_probes	0
20261008-044702-3c2153c-55a5-n16-r3	3	c100	engine.shard			wrap_probes	0
20261008-044702-3c2153c-55a5-n16-r3	3	c100	engine.rendezvous			puts	13
20261008-044702-3c2153c-55a5-n16-r3	3	c100	engine.rendezvous			gets	476
20261008-044702-3c2153c-55a5-n16-r3	3	c100	engine.s3			client	sdk
20261008-044702-3c2153c-55a5-n16-r3	3	c100	engine.s3			put	34
20261008-044702-3c2153c-55a5-n16-r3	3	c100	engine.s3			get	476
20261008-044702-3c2153c-55a5-n16-r3	3	c100	engine.s3			create_multipart	21
20261008-044702-3c2153c-55a5-n16-r3	3	c100	engine.s3			upload_part	2157
20261008-044702-3c2153c-55a5-n16-r3	3	c100	engine.s3			complete_multipart	21
20261008-044702-3c2153c-55a5-n16-r3	3	c100	engine.s3			abort_multipart	0
20261008-044702-3c2153c-55a5-n16-r3	3	c100	engine.s3			part_bytes	18001191177
20261008-044702-3c2153c-55a5-n16-r3	3	c100	engine.s3			client	cli
20261008-044702-3c2153c-55a5-n16-r3	3	c100	engine.s3			put	0
20261008-044702-3c2153c-55a5-n16-r3	3	c100	engine.s3			get	0
20261008-044702-3c2153c-55a5-n16-r3	3	c100	engine.s3			create_multipart	0
20261008-044702-3c2153c-55a5-n16-r3	3	c100	engine.s3			upload_part	0
20261008-044702-3c2153c-55a5-n16-r3	3	c100	engine.s3			complete_multipart	0
20261008-044702-3c2153c-55a5-n16-r3	3	c100	engine.s3			abort_multipart	0
20261008-044702-3c2153c-55a5-n16-r3	3	c100	engine.s3			part_bytes	0
20261008-044702-3c2153c-55a5-n16-r3	3	c100	engine.load			seconds	41.332448
20261008-044702-3c2153c-55a5-n16-r3	3	c100	engine.load			requests	1126
20261008-044702-3c2153c-55a5-n16-r3	3	c100	engine.load			retries	0
20261008-044702-3c2153c-55a5-n16-r3	3	c100	engine.load			bytes	74318296292
20261008-044702-3c2153c-55a5-n16-r3	3	c100	engine.route			transport	nodes
20261008-044702-3c2153c-55a5-n16-r3	3	c100	engine.route			calls	5734
20261008-044702-3c2153c-55a5-n16-r3	3	c100	engine.route			keys	8665196449
20261008-044702-3c2153c-55a5-n16-r3	3	c100	engine.route			batches	91744
20261008-044702-3c2153c-55a5-n16-r3	3	c100	engine.route			route_s	100.699957
20261008-044702-3c2153c-55a5-n16-r3	3	c100	engine.route			wait_s	347.935284
20261008-044702-3c2153c-55a5-n16-r3	3	c100	engine.route			gather_s	19.181434
20261008-044702-3c2153c-55a5-n16-r3	3	c100	engine.worker			scan_s	765.975590
20261008-044702-3c2153c-55a5-n16-r3	3	c100	engine.worker			lookup_s	467.824315
20261008-044702-3c2153c-55a5-n16-r3	3	c100	engine.worker			classify_s	663.626873
20261008-044702-3c2153c-55a5-n16-r3	3	c100	phase			total	234.634113
20261008-044702-3c2153c-55a5-n16-r3	3	c100	phase			total.start_s	0.000001
20261008-044702-3c2153c-55a5-n16-r4	4	c100	phase			taxo	0.092998
20261008-044702-3c2153c-55a5-n16-r4	4	c100	phase			taxo.start_s	0.002838
20261008-044702-3c2153c-55a5-n16-r4	4	c100	phase			shard-load-4	40.529266
20261008-044702-3c2153c-55a5-n16-r4	4	c100	phase			shard-load-4.start_s	0.177154
20261008-044702-3c2153c-55a5-n16-r4	4	c100	phase			rendezvous	26.883680
20261008-044702-3c2153c-55a5-n16-r4	4	c100	phase			rendezvous.start_s	41.163699
20261008-044702-3c2153c-55a5-n16-r4	4	c100	phase			connect	0.050667
20261008-044702-3c2153c-55a5-n16-r4	4	c100	phase			connect.start_s	68.047394
20261008-044702-3c2153c-55a5-n16-r4	4	c100	phase			hash	68.002221
20261008-044702-3c2153c-55a5-n16-r4	4	c100	phase			hash.start_s	0.095859
20261008-044702-3c2153c-55a5-n16-r4	4	c100	sample	0	0-SRR5935830	mode	parallel
20261008-044702-3c2153c-55a5-n16-r4	4	c100	sample	0	0-SRR5935830	s3client	sdk
20261008-044702-3c2153c-55a5-n16-r4	4	c100	sample	0	0-SRR5935830	rank	4
20261008-044702-3c2153c-55a5-n16-r4	4	c100	sample	0	0-SRR5935830	role	home
20261008-044702-3c2153c-55a5-n16-r4	4	c100	sample	0	0-SRR5935830	inflight	2
20261008-044702-3c2153c-55a5-n16-r4	4	c100	sample	0	0-SRR5935830	threads	16
20261008-044702-3c2153c-55a5-n16-r4	4	c100	sample	0	0-SRR5935830	start_s	68.098120
20261008-044702-3c2153c-55a5-n16-r4	4	c100	sample	0	0-SRR5935830	wall_s	14.939809
20261008-044702-3c2153c-55a5-n16-r4	4	c100	sample	0	0-SRR5935830	setup_s	0.000047
20261008-044702-3c2153c-55a5-n16-r4	4	c100	sample	0	0-SRR5935830	classify_s	14.543624
20261008-044702-3c2153c-55a5-n16-r4	4	c100	sample	0	0-SRR5935830	close_s	0.218773
20261008-044702-3c2153c-55a5-n16-r4	4	c100	sample	0	0-SRR5935830	report_s	0.169290
20261008-044702-3c2153c-55a5-n16-r4	4	c100	sample	0	0-SRR5935830	status	0
20261008-044702-3c2153c-55a5-n16-r4	4	c100	sample	0	0-SRR5935830	sequences	14303962
20261008-044702-3c2153c-55a5-n16-r4	4	c100	sample	0	0-SRR5935830	bases	2635979010
20261008-044702-3c2153c-55a5-n16-r4	4	c100	sample	0	0-SRR5935830	classified	14029845
20261008-044702-3c2153c-55a5-n16-r4	4	c100	sample	0	0-SRR5935830	place	lpt
20261008-044702-3c2153c-55a5-n16-r4	4	c100	sample	0	0-SRR5935830	weight	14303962
20261008-044702-3c2153c-55a5-n16-r4	4	c100	sample	0	0-SRR5935751	mode	parallel
20261008-044702-3c2153c-55a5-n16-r4	4	c100	sample	0	0-SRR5935751	s3client	sdk
20261008-044702-3c2153c-55a5-n16-r4	4	c100	sample	0	0-SRR5935751	rank	4
20261008-044702-3c2153c-55a5-n16-r4	4	c100	sample	0	0-SRR5935751	role	home
20261008-044702-3c2153c-55a5-n16-r4	4	c100	sample	0	0-SRR5935751	inflight	2
20261008-044702-3c2153c-55a5-n16-r4	4	c100	sample	0	0-SRR5935751	threads	16
20261008-044702-3c2153c-55a5-n16-r4	4	c100	sample	0	0-SRR5935751	start_s	68.098142
20261008-044702-3c2153c-55a5-n16-r4	4	c100	sample	0	0-SRR5935751	wall_s	18.830519
20261008-044702-3c2153c-55a5-n16-r4	4	c100	sample	0	0-SRR5935751	setup_s	0.000041
20261008-044702-3c2153c-55a5-n16-r4	4	c100	sample	0	0-SRR5935751	classify_s	18.399211
20261008-044702-3c2153c-55a5-n16-r4	4	c100	sample	0	0-SRR5935751	close_s	0.265226
20261008-044702-3c2153c-55a5-n16-r4	4	c100	sample	0	0-SRR5935751	report_s	0.157864
20261008-044702-3c2153c-55a5-n16-r4	4	c100	sample	0	0-SRR5935751	status	0
20261008-044702-3c2153c-55a5-n16-r4	4	c100	sample	0	0-SRR5935751	sequences	18645445
20261008-044702-3c2153c-55a5-n16-r4	4	c100	sample	0	0-SRR5935751	bases	3449573600
20261008-044702-3c2153c-55a5-n16-r4	4	c100	sample	0	0-SRR5935751	classified	18393099
20261008-044702-3c2153c-55a5-n16-r4	4	c100	sample	0	0-SRR5935751	place	lpt
20261008-044702-3c2153c-55a5-n16-r4	4	c100	sample	0	0-SRR5935751	weight	18645445
20261008-044702-3c2153c-55a5-n16-r4	4	c100	sample	0	0-SRR5935774	mode	parallel
20261008-044702-3c2153c-55a5-n16-r4	4	c100	sample	0	0-SRR5935774	s3client	sdk
20261008-044702-3c2153c-55a5-n16-r4	4	c100	sample	0	0-SRR5935774	rank	4
20261008-044702-3c2153c-55a5-n16-r4	4	c100	sample	0	0-SRR5935774	role	home
20261008-044702-3c2153c-55a5-n16-r4	4	c100	sample	0	0-SRR5935774	inflight	2
20261008-044702-3c2153c-55a5-n16-r4	4	c100	sample	0	0-SRR5935774	threads	16
20261008-044702-3c2153c-55a5-n16-r4	4	c100	sample	0	0-SRR5935774	start_s	83.038010
20261008-044702-3c2153c-55a5-n16-r4	4	c100	sample	0	0-SRR5935774	wall_s	11.654632
20261008-044702-3c2153c-55a5-n16-r4	4	c100	sample	0	0-SRR5935774	setup_s	0.000071
20261008-044702-3c2153c-55a5-n16-r4	4	c100	sample	0	0-SRR5935774	classify_s	11.261398
20261008-044702-3c2153c-55a5-n16-r4	4	c100	sample	0	0-SRR5935774	close_s	0.206408
20261008-044702-3c2153c-55a5-n16-r4	4	c100	sample	0	0-SRR5935774	report_s	0.168638
20261008-044702-3c2153c-55a5-n16-r4	4	c100	sample	0	0-SRR5935774	status	0
20261008-044702-3c2153c-55a5-n16-r4	4	c100	sample	0	0-SRR5935774	sequences	12252617
20261008-044702-3c2153c-55a5-n16-r4	4	c100	sample	0	0-SRR5935774	bases	2212674525
20261008-044702-3c2153c-55a5-n16-r4	4	c100	sample	0	0-SRR5935774	classified	10208851
20261008-044702-3c2153c-55a5-n16-r4	4	c100	sample	0	0-SRR5935774	place	lpt
20261008-044702-3c2153c-55a5-n16-r4	4	c100	sample	0	0-SRR5935774	weight	12252617
20261008-044702-3c2153c-55a5-n16-r4	4	c100	sample	0	0-SRR5935760	mode	parallel
20261008-044702-3c2153c-55a5-n16-r4	4	c100	sample	0	0-SRR5935760	s3client	sdk
20261008-044702-3c2153c-55a5-n16-r4	4	c100	sample	0	0-SRR5935760	rank	4
20261008-044702-3c2153c-55a5-n16-r4	4	c100	sample	0	0-SRR5935760	role	home
20261008-044702-3c2153c-55a5-n16-r4	4	c100	sample	0	0-SRR5935760	inflight	2
20261008-044702-3c2153c-55a5-n16-r4	4	c100	sample	0	0-SRR5935760	threads	16
20261008-044702-3c2153c-55a5-n16-r4	4	c100	sample	0	0-SRR5935760	start_s	86.928724
20261008-044702-3c2153c-55a5-n16-r4	4	c100	sample	0	0-SRR5935760	wall_s	10.860870
20261008-044702-3c2153c-55a5-n16-r4	4	c100	sample	0	0-SRR5935760	setup_s	0.000063
20261008-044702-3c2153c-55a5-n16-r4	4	c100	sample	0	0-SRR5935760	classify_s	10.497455
20261008-044702-3c2153c-55a5-n16-r4	4	c100	sample	0	0-SRR5935760	close_s	0.229847
20261008-044702-3c2153c-55a5-n16-r4	4	c100	sample	0	0-SRR5935760	report_s	0.127599
20261008-044702-3c2153c-55a5-n16-r4	4	c100	sample	0	0-SRR5935760	status	0
20261008-044702-3c2153c-55a5-n16-r4	4	c100	sample	0	0-SRR5935760	sequences	10834778
20261008-044702-3c2153c-55a5-n16-r4	4	c100	sample	0	0-SRR5935760	bases	1957586977
20261008-044702-3c2153c-55a5-n16-r4	4	c100	sample	0	0-SRR5935760	classified	10642489
20261008-044702-3c2153c-55a5-n16-r4	4	c100	sample	0	0-SRR5935760	place	lpt
20261008-044702-3c2153c-55a5-n16-r4	4	c100	sample	0	0-SRR5935760	weight	10834778
20261008-044702-3c2153c-55a5-n16-r4	4	c100	sample	0	0-SRR5935809	mode	parallel
20261008-044702-3c2153c-55a5-n16-r4	4	c100	sample	0	0-SRR5935809	s3client	sdk
20261008-044702-3c2153c-55a5-n16-r4	4	c100	sample	0	0-SRR5935809	rank	4
20261008-044702-3c2153c-55a5-n16-r4	4	c100	sample	0	0-SRR5935809	role	home
20261008-044702-3c2153c-55a5-n16-r4	4	c100	sample	0	0-SRR5935809	inflight	2
20261008-044702-3c2153c-55a5-n16-r4	4	c100	sample	0	0-SRR5935809	threads	16
20261008-044702-3c2153c-55a5-n16-r4	4	c100	sample	0	0-SRR5935809	start_s	97.789620
20261008-044702-3c2153c-55a5-n16-r4	4	c100	sample	0	0-SRR5935809	wall_s	2.255724
20261008-044702-3c2153c-55a5-n16-r4	4	c100	sample	0	0-SRR5935809	setup_s	0.000078
20261008-044702-3c2153c-55a5-n16-r4	4	c100	sample	0	0-SRR5935809	classify_s	1.871718
20261008-044702-3c2153c-55a5-n16-r4	4	c100	sample	0	0-SRR5935809	close_s	0.246158
20261008-044702-3c2153c-55a5-n16-r4	4	c100	sample	0	0-SRR5935809	report_s	0.133775
20261008-044702-3c2153c-55a5-n16-r4	4	c100	sample	0	0-SRR5935809	status	0
20261008-044702-3c2153c-55a5-n16-r4	4	c100	sample	0	0-SRR5935809	sequences	1539039
20261008-044702-3c2153c-55a5-n16-r4	4	c100	sample	0	0-SRR5935809	bases	293657718
20261008-044702-3c2153c-55a5-n16-r4	4	c100	sample	0	0-SRR5935809	classified	1494119
20261008-044702-3c2153c-55a5-n16-r4	4	c100	sample	0	0-SRR5935809	place	lpt
20261008-044702-3c2153c-55a5-n16-r4	4	c100	sample	0	0-SRR5935809	weight	1539039
20261008-044702-3c2153c-55a5-n16-r4	4	c100	sample	0	0-SRR5935839	mode	parallel
20261008-044702-3c2153c-55a5-n16-r4	4	c100	sample	0	0-SRR5935839	s3client	sdk
20261008-044702-3c2153c-55a5-n16-r4	4	c100	sample	0	0-SRR5935839	rank	4
20261008-044702-3c2153c-55a5-n16-r4	4	c100	sample	0	0-SRR5935839	role	home
20261008-044702-3c2153c-55a5-n16-r4	4	c100	sample	0	0-SRR5935839	inflight	2
20261008-044702-3c2153c-55a5-n16-r4	4	c100	sample	0	0-SRR5935839	threads	16
20261008-044702-3c2153c-55a5-n16-r4	4	c100	sample	0	0-SRR5935839	start_s	100.045362
20261008-044702-3c2153c-55a5-n16-r4	4	c100	sample	0	0-SRR5935839	wall_s	1.859173
20261008-044702-3c2153c-55a5-n16-r4	4	c100	sample	0	0-SRR5935839	setup_s	0.000080
20261008-044702-3c2153c-55a5-n16-r4	4	c100	sample	0	0-SRR5935839	classify_s	1.489177
20261008-044702-3c2153c-55a5-n16-r4	4	c100	sample	0	0-SRR5935839	close_s	0.240588
20261008-044702-3c2153c-55a5-n16-r4	4	c100	sample	0	0-SRR5935839	report_s	0.126750
20261008-044702-3c2153c-55a5-n16-r4	4	c100	sample	0	0-SRR5935839	status	0
20261008-044702-3c2153c-55a5-n16-r4	4	c100	sample	0	0-SRR5935839	sequences	1085628
20261008-044702-3c2153c-55a5-n16-r4	4	c100	sample	0	0-SRR5935839	bases	199244471
20261008-044702-3c2153c-55a5-n16-r4	4	c100	sample	0	0-SRR5935839	classified	1061820
20261008-044702-3c2153c-55a5-n16-r4	4	c100	sample	0	0-SRR5935839	place	lpt
20261008-044702-3c2153c-55a5-n16-r4	4	c100	sample	0	0-SRR5935839	weight	1085628
20261008-044702-3c2153c-55a5-n16-r4	4	c100	sample	0	0-SRR5935786	mode	parallel
20261008-044702-3c2153c-55a5-n16-r4	4	c100	sample	0	0-SRR5935786	s3client	sdk
20261008-044702-3c2153c-55a5-n16-r4	4	c100	sample	0	0-SRR5935786	rank	4
20261008-044702-3c2153c-55a5-n16-r4	4	c100	sample	0	0-SRR5935786	role	home
20261008-044702-3c2153c-55a5-n16-r4	4	c100	sample	0	0-SRR5935786	inflight	2
20261008-044702-3c2153c-55a5-n16-r4	4	c100	sample	0	0-SRR5935786	threads	16
20261008-044702-3c2153c-55a5-n16-r4	4	c100	sample	0	0-SRR5935786	start_s	94.692723
20261008-044702-3c2153c-55a5-n16-r4	4	c100	sample	0	0-SRR5935786	wall_s	8.811884
20261008-044702-3c2153c-55a5-n16-r4	4	c100	sample	0	0-SRR5935786	setup_s	0.000069
20261008-044702-3c2153c-55a5-n16-r4	4	c100	sample	0	0-SRR5935786	classify_s	8.409842
20261008-044702-3c2153c-55a5-n16-r4	4	c100	sample	0	0-SRR5935786	close_s	0.228177
20261008-044702-3c2153c-55a5-n16-r4	4	c100	sample	0	0-SRR5935786	report_s	0.163158
20261008-044702-3c2153c-55a5-n16-r4	4	c100	sample	0	0-SRR5935786	status	0
20261008-044702-3c2153c-55a5-n16-r4	4	c100	sample	0	0-SRR5935786	sequences	10054299
20261008-044702-3c2153c-55a5-n16-r4	4	c100	sample	0	0-SRR5935786	bases	1885642952
20261008-044702-3c2153c-55a5-n16-r4	4	c100	sample	0	0-SRR5935786	classified	9575405
20261008-044702-3c2153c-55a5-n16-r4	4	c100	sample	0	0-SRR5935786	place	lpt
20261008-044702-3c2153c-55a5-n16-r4	4	c100	sample	0	0-SRR5935786	weight	10054299
20261008-044702-3c2153c-55a5-n16-r4	4	c100	phase			batch-barrier-0	4.934953
20261008-044702-3c2153c-55a5-n16-r4	4	c100	phase			batch-barrier-0.start_s	103.504628
20261008-044702-3c2153c-55a5-n16-r4	4	c100	sample	1	1-SRR5935760	mode	parallel
20261008-044702-3c2153c-55a5-n16-r4	4	c100	sample	1	1-SRR5935760	s3client	sdk
20261008-044702-3c2153c-55a5-n16-r4	4	c100	sample	1	1-SRR5935760	rank	4
20261008-044702-3c2153c-55a5-n16-r4	4	c100	sample	1	1-SRR5935760	role	home
20261008-044702-3c2153c-55a5-n16-r4	4	c100	sample	1	1-SRR5935760	inflight	2
20261008-044702-3c2153c-55a5-n16-r4	4	c100	sample	1	1-SRR5935760	threads	16
20261008-044702-3c2153c-55a5-n16-r4	4	c100	sample	1	1-SRR5935760	start_s	108.439609
20261008-044702-3c2153c-55a5-n16-r4	4	c100	sample	1	1-SRR5935760	wall_s	11.499109
20261008-044702-3c2153c-55a5-n16-r4	4	c100	sample	1	1-SRR5935760	setup_s	0.000043
20261008-044702-3c2153c-55a5-n16-r4	4	c100	sample	1	1-SRR5935760	classify_s	11.095710
20261008-044702-3c2153c-55a5-n16-r4	4	c100	sample	1	1-SRR5935760	close_s	0.232659
20261008-044702-3c2153c-55a5-n16-r4	4	c100	sample	1	1-SRR5935760	report_s	0.164577
20261008-044702-3c2153c-55a5-n16-r4	4	c100	sample	1	1-SRR5935760	status	0
20261008-044702-3c2153c-55a5-n16-r4	4	c100	sample	1	1-SRR5935760	sequences	10834778
20261008-044702-3c2153c-55a5-n16-r4	4	c100	sample	1	1-SRR5935760	bases	1957586977
20261008-044702-3c2153c-55a5-n16-r4	4	c100	sample	1	1-SRR5935760	classified	10642489
20261008-044702-3c2153c-55a5-n16-r4	4	c100	sample	1	1-SRR5935760	place	mod
20261008-044702-3c2153c-55a5-n16-r4	4	c100	sample	1	1-SRR5935760	weight	10834778
20261008-044702-3c2153c-55a5-n16-r4	4	c100	sample	1	1-SRR5935776	mode	parallel
20261008-044702-3c2153c-55a5-n16-r4	4	c100	sample	1	1-SRR5935776	s3client	sdk
20261008-044702-3c2153c-55a5-n16-r4	4	c100	sample	1	1-SRR5935776	rank	4
20261008-044702-3c2153c-55a5-n16-r4	4	c100	sample	1	1-SRR5935776	role	home
20261008-044702-3c2153c-55a5-n16-r4	4	c100	sample	1	1-SRR5935776	inflight	2
20261008-044702-3c2153c-55a5-n16-r4	4	c100	sample	1	1-SRR5935776	threads	16
20261008-044702-3c2153c-55a5-n16-r4	4	c100	sample	1	1-SRR5935776	start_s	119.938808
20261008-044702-3c2153c-55a5-n16-r4	4	c100	sample	1	1-SRR5935776	wall_s	3.930632
20261008-044702-3c2153c-55a5-n16-r4	4	c100	sample	1	1-SRR5935776	setup_s	0.000081
20261008-044702-3c2153c-55a5-n16-r4	4	c100	sample	1	1-SRR5935776	classify_s	3.545348
20261008-044702-3c2153c-55a5-n16-r4	4	c100	sample	1	1-SRR5935776	close_s	0.277908
20261008-044702-3c2153c-55a5-n16-r4	4	c100	sample	1	1-SRR5935776	report_s	0.103202
20261008-044702-3c2153c-55a5-n16-r4	4	c100	sample	1	1-SRR5935776	status	0
20261008-044702-3c2153c-55a5-n16-r4	4	c100	sample	1	1-SRR5935776	sequences	3168882
20261008-044702-3c2153c-55a5-n16-r4	4	c100	sample	1	1-SRR5935776	bases	592648009
20261008-044702-3c2153c-55a5-n16-r4	4	c100	sample	1	1-SRR5935776	classified	3127330
20261008-044702-3c2153c-55a5-n16-r4	4	c100	sample	1	1-SRR5935776	place	mod
20261008-044702-3c2153c-55a5-n16-r4	4	c100	sample	1	1-SRR5935776	weight	3168882
20261008-044702-3c2153c-55a5-n16-r4	4	c100	sample	1	1-SRR5935744	mode	parallel
20261008-044702-3c2153c-55a5-n16-r4	4	c100	sample	1	1-SRR5935744	s3client	sdk
20261008-044702-3c2153c-55a5-n16-r4	4	c100	sample	1	1-SRR5935744	rank	4
20261008-044702-3c2153c-55a5-n16-r4	4	c100	sample	1	1-SRR5935744	role	home
20261008-044702-3c2153c-55a5-n16-r4	4	c100	sample	1	1-SRR5935744	inflight	2
20261008-044702-3c2153c-55a5-n16-r4	4	c100	sample	1	1-SRR5935744	threads	16
20261008-044702-3c2153c-55a5-n16-r4	4	c100	sample	1	1-SRR5935744	start_s	108.439613
20261008-044702-3c2153c-55a5-n16-r4	4	c100	sample	1	1-SRR5935744	wall_s	15.738176
20261008-044702-3c2153c-55a5-n16-r4	4	c100	sample	1	1-SRR5935744	setup_s	0.000045
20261008-044702-3c2153c-55a5-n16-r4	4	c100	sample	1	1-SRR5935744	classify_s	15.341244
20261008-044702-3c2153c-55a5-n16-r4	4	c100	sample	1	1-SRR5935744	close_s	0.231836
20261008-044702-3c2153c-55a5-n16-r4	4	c100	sample	1	1-SRR5935744	report_s	0.155520
20261008-044702-3c2153c-55a5-n16-r4	4	c100	sample	1	1-SRR5935744	status	0
20261008-044702-3c2153c-55a5-n16-r4	4	c100	sample	1	1-SRR5935744	sequences	15328347
20261008-044702-3c2153c-55a5-n16-r4	4	c100	sample	1	1-SRR5935744	bases	2853526686
20261008-044702-3c2153c-55a5-n16-r4	4	c100	sample	1	1-SRR5935744	classified	14998872
20261008-044702-3c2153c-55a5-n16-r4	4	c100	sample	1	1-SRR5935744	place	mod
20261008-044702-3c2153c-55a5-n16-r4	4	c100	sample	1	1-SRR5935744	weight	15328347
20261008-044702-3c2153c-55a5-n16-r4	4	c100	sample	1	1-SRR5935792	mode	parallel
20261008-044702-3c2153c-55a5-n16-r4	4	c100	sample	1	1-SRR5935792	s3client	sdk
20261008-044702-3c2153c-55a5-n16-r4	4	c100	sample	1	1-SRR5935792	rank	4
20261008-044702-3c2153c-55a5-n16-r4	4	c100	sample	1	1-SRR5935792	role	home
20261008-044702-3c2153c-55a5-n16-r4	4	c100	sample	1	1-SRR5935792	inflight	2
20261008-044702-3c2153c-55a5-n16-r4	4	c100	sample	1	1-SRR5935792	threads	16
20261008-044702-3c2153c-55a5-n16-r4	4	c100	sample	1	1-SRR5935792	start_s	123.869463
20261008-044702-3c2153c-55a5-n16-r4	4	c100	sample	1	1-SRR5935792	wall_s	11.835719
20261008-044702-3c2153c-55a5-n16-r4	4	c100	sample	1	1-SRR5935792	setup_s	0.000079
20261008-044702-3c2153c-55a5-n16-r4	4	c100	sample	1	1-SRR5935792	classify_s	11.406899
20261008-044702-3c2153c-55a5-n16-r4	4	c100	sample	1	1-SRR5935792	close_s	0.204917
20261008-044702-3c2153c-55a5-n16-r4	4	c100	sample	1	1-SRR5935792	report_s	0.214953
20261008-044702-3c2153c-55a5-n16-r4	4	c100	sample	1	1-SRR5935792	status	0
20261008-044702-3c2153c-55a5-n16-r4	4	c100	sample	1	1-SRR5935792	sequences	11437813
20261008-044702-3c2153c-55a5-n16-r4	4	c100	sample	1	1-SRR5935792	bases	2096182336
20261008-044702-3c2153c-55a5-n16-r4	4	c100	sample	1	1-SRR5935792	classified	10922134
20261008-044702-3c2153c-55a5-n16-r4	4	c100	sample	1	1-SRR5935792	place	mod
20261008-044702-3c2153c-55a5-n16-r4	4	c100	sample	1	1-SRR5935792	weight	11437813
20261008-044702-3c2153c-55a5-n16-r4	4	c100	sample	1	1-SRR5935808	mode	parallel
20261008-044702-3c2153c-55a5-n16-r4	4	c100	sample	1	1-SRR5935808	s3client	sdk
20261008-044702-3c2153c-55a5-n16-r4	4	c100	sample	1	1-SRR5935808	rank	4
20261008-044702-3c2153c-55a5-n16-r4	4	c100	sample	1	1-SRR5935808	role	home
20261008-044702-3c2153c-55a5-n16-r4	4	c100	sample	1	1-SRR5935808	inflight	2
20261008-044702-3c2153c-55a5-n16-r4	4	c100	sample	1	1-SRR5935808	threads	16
20261008-044702-3c2153c-55a5-n16-r4	4	c100	sample	1	1-SRR5935808	start_s	124.177813
20261008-044702-3c2153c-55a5-n16-r4	4	c100	sample	1	1-SRR5935808	wall_s	15.754392
20261008-044702-3c2153c-55a5-n16-r4	4	c100	sample	1	1-SRR5935808	setup_s	0.000058
20261008-044702-3c2153c-55a5-n16-r4	4	c100	sample	1	1-SRR5935808	classify_s	15.322988
20261008-044702-3c2153c-55a5-n16-r4	4	c100	sample	1	1-SRR5935808	close_s	0.268361
20261008-044702-3c2153c-55a5-n16-r4	4	c100	sample	1	1-SRR5935808	report_s	0.152621
20261008-044702-3c2153c-55a5-n16-r4	4	c100	sample	1	1-SRR5935808	status	0
20261008-044702-3c2153c-55a5-n16-r4	4	c100	sample	1	1-SRR5935808	sequences	15500933
20261008-044702-3c2153c-55a5-n16-r4	4	c100	sample	1	1-SRR5935808	bases	2889469649
20261008-044702-3c2153c-55a5-n16-r4	4	c100	sample	1	1-SRR5935808	classified	14777244
20261008-044702-3c2153c-55a5-n16-r4	4	c100	sample	1	1-SRR5935808	place	mod
20261008-044702-3c2153c-55a5-n16-r4	4	c100	sample	1	1-SRR5935808	weight	15500933
20261008-044702-3c2153c-55a5-n16-r4	4	c100	sample	1	1-SRR5935824	mode	parallel
20261008-044702-3c2153c-55a5-n16-r4	4	c100	sample	1	1-SRR5935824	s3client	sdk
20261008-044702-3c2153c-55a5-n16-r4	4	c100	sample	1	1-SRR5935824	rank	4
20261008-044702-3c2153c-55a5-n16-r4	4	c100	sample	1	1-SRR5935824	role	home
20261008-044702-3c2153c-55a5-n16-r4	4	c100	sample	1	1-SRR5935824	inflight	2
20261008-044702-3c2153c-55a5-n16-r4	4	c100	sample	1	1-SRR5935824	threads	16
20261008-044702-3c2153c-55a5-n16-r4	4	c100	sample	1	1-SRR5935824	start_s	135.705277
20261008-044702-3c2153c-55a5-n16-r4	4	c100	sample	1	1-SRR5935824	wall_s	7.367150
20261008-044702-3c2153c-55a5-n16-r4	4	c100	sample	1	1-SRR5935824	setup_s	0.000066
20261008-044702-3c2153c-55a5-n16-r4	4	c100	sample	1	1-SRR5935824	classify_s	6.749742
20261008-044702-3c2153c-55a5-n16-r4	4	c100	sample	1	1-SRR5935824	close_s	0.464328
20261008-044702-3c2153c-55a5-n16-r4	4	c100	sample	1	1-SRR5935824	report_s	0.143504
20261008-044702-3c2153c-55a5-n16-r4	4	c100	sample	1	1-SRR5935824	status	0
20261008-044702-3c2153c-55a5-n16-r4	4	c100	sample	1	1-SRR5935824	sequences	8745078
20261008-044702-3c2153c-55a5-n16-r4	4	c100	sample	1	1-SRR5935824	bases	1626833325
20261008-044702-3c2153c-55a5-n16-r4	4	c100	sample	1	1-SRR5935824	classified	8520266
20261008-044702-3c2153c-55a5-n16-r4	4	c100	sample	1	1-SRR5935824	place	mod
20261008-044702-3c2153c-55a5-n16-r4	4	c100	sample	1	1-SRR5935824	weight	8745078
20261008-044702-3c2153c-55a5-n16-r4	4	c100	phase			batch-barrier-1	9.948531
20261008-044702-3c2153c-55a5-n16-r4	4	c100	phase			batch-barrier-1.start_s	143.072451
20261008-044702-3c2153c-55a5-n16-r4	4	c100	sample	2	2-SRR5935830	mode	parallel
20261008-044702-3c2153c-55a5-n16-r4	4	c100	sample	2	2-SRR5935830	s3client	sdk
20261008-044702-3c2153c-55a5-n16-r4	4	c100	sample	2	2-SRR5935830	rank	4
20261008-044702-3c2153c-55a5-n16-r4	4	c100	sample	2	2-SRR5935830	role	home
20261008-044702-3c2153c-55a5-n16-r4	4	c100	sample	2	2-SRR5935830	inflight	2
20261008-044702-3c2153c-55a5-n16-r4	4	c100	sample	2	2-SRR5935830	threads	16
20261008-044702-3c2153c-55a5-n16-r4	4	c100	sample	2	2-SRR5935830	start_s	153.021023
20261008-044702-3c2153c-55a5-n16-r4	4	c100	sample	2	2-SRR5935830	wall_s	15.022610
20261008-044702-3c2153c-55a5-n16-r4	4	c100	sample	2	2-SRR5935830	setup_s	0.000050
20261008-044702-3c2153c-55a5-n16-r4	4	c100	sample	2	2-SRR5935830	classify_s	14.657113
20261008-044702-3c2153c-55a5-n16-r4	4	c100	sample	2	2-SRR5935830	close_s	0.196135
20261008-044702-3c2153c-55a5-n16-r4	4	c100	sample	2	2-SRR5935830	report_s	0.161555
20261008-044702-3c2153c-55a5-n16-r4	4	c100	sample	2	2-SRR5935830	status	0
20261008-044702-3c2153c-55a5-n16-r4	4	c100	sample	2	2-SRR5935830	sequences	14303962
20261008-044702-3c2153c-55a5-n16-r4	4	c100	sample	2	2-SRR5935830	bases	2635979010
20261008-044702-3c2153c-55a5-n16-r4	4	c100	sample	2	2-SRR5935830	classified	14029845
20261008-044702-3c2153c-55a5-n16-r4	4	c100	sample	2	2-SRR5935830	place	lpt
20261008-044702-3c2153c-55a5-n16-r4	4	c100	sample	2	2-SRR5935830	weight	14303962
20261008-044702-3c2153c-55a5-n16-r4	4	c100	sample	2	2-SRR5935751	mode	parallel
20261008-044702-3c2153c-55a5-n16-r4	4	c100	sample	2	2-SRR5935751	s3client	sdk
20261008-044702-3c2153c-55a5-n16-r4	4	c100	sample	2	2-SRR5935751	rank	4
20261008-044702-3c2153c-55a5-n16-r4	4	c100	sample	2	2-SRR5935751	role	home
20261008-044702-3c2153c-55a5-n16-r4	4	c100	sample	2	2-SRR5935751	inflight	2
20261008-044702-3c2153c-55a5-n16-r4	4	c100	sample	2	2-SRR5935751	threads	16
20261008-044702-3c2153c-55a5-n16-r4	4	c100	sample	2	2-SRR5935751	start_s	153.021033
20261008-044702-3c2153c-55a5-n16-r4	4	c100	sample	2	2-SRR5935751	wall_s	19.088586
20261008-044702-3c2153c-55a5-n16-r4	4	c100	sample	2	2-SRR5935751	setup_s	0.000042
20261008-044702-3c2153c-55a5-n16-r4	4	c100	sample	2	2-SRR5935751	classify_s	18.597331
20261008-044702-3c2153c-55a5-n16-r4	4	c100	sample	2	2-SRR5935751	close_s	0.253987
20261008-044702-3c2153c-55a5-n16-r4	4	c100	sample	2	2-SRR5935751	report_s	0.228894
20261008-044702-3c2153c-55a5-n16-r4	4	c100	sample	2	2-SRR5935751	status	0
20261008-044702-3c2153c-55a5-n16-r4	4	c100	sample	2	2-SRR5935751	sequences	18645445
20261008-044702-3c2153c-55a5-n16-r4	4	c100	sample	2	2-SRR5935751	bases	3449573600
20261008-044702-3c2153c-55a5-n16-r4	4	c100	sample	2	2-SRR5935751	classified	18393099
20261008-044702-3c2153c-55a5-n16-r4	4	c100	sample	2	2-SRR5935751	place	lpt
20261008-044702-3c2153c-55a5-n16-r4	4	c100	sample	2	2-SRR5935751	weight	18645445
20261008-044702-3c2153c-55a5-n16-r4	4	c100	sample	2	2-SRR5935774	mode	parallel
20261008-044702-3c2153c-55a5-n16-r4	4	c100	sample	2	2-SRR5935774	s3client	sdk
20261008-044702-3c2153c-55a5-n16-r4	4	c100	sample	2	2-SRR5935774	rank	4
20261008-044702-3c2153c-55a5-n16-r4	4	c100	sample	2	2-SRR5935774	role	home
20261008-044702-3c2153c-55a5-n16-r4	4	c100	sample	2	2-SRR5935774	inflight	2
20261008-044702-3c2153c-55a5-n16-r4	4	c100	sample	2	2-SRR5935774	threads	16
20261008-044702-3c2153c-55a5-n16-r4	4	c100	sample	2	2-SRR5935774	start_s	168.043662
20261008-044702-3c2153c-55a5-n16-r4	4	c100	sample	2	2-SRR5935774	wall_s	11.680731
20261008-044702-3c2153c-55a5-n16-r4	4	c100	sample	2	2-SRR5935774	setup_s	0.000063
20261008-044702-3c2153c-55a5-n16-r4	4	c100	sample	2	2-SRR5935774	classify_s	11.230862
20261008-044702-3c2153c-55a5-n16-r4	4	c100	sample	2	2-SRR5935774	close_s	0.231424
20261008-044702-3c2153c-55a5-n16-r4	4	c100	sample	2	2-SRR5935774	report_s	0.200477
20261008-044702-3c2153c-55a5-n16-r4	4	c100	sample	2	2-SRR5935774	status	0
20261008-044702-3c2153c-55a5-n16-r4	4	c100	sample	2	2-SRR5935774	sequences	12252617
20261008-044702-3c2153c-55a5-n16-r4	4	c100	sample	2	2-SRR5935774	bases	2212674525
20261008-044702-3c2153c-55a5-n16-r4	4	c100	sample	2	2-SRR5935774	classified	10208851
20261008-044702-3c2153c-55a5-n16-r4	4	c100	sample	2	2-SRR5935774	place	lpt
20261008-044702-3c2153c-55a5-n16-r4	4	c100	sample	2	2-SRR5935774	weight	12252617
20261008-044702-3c2153c-55a5-n16-r4	4	c100	sample	2	2-SRR5935760	mode	parallel
20261008-044702-3c2153c-55a5-n16-r4	4	c100	sample	2	2-SRR5935760	s3client	sdk
20261008-044702-3c2153c-55a5-n16-r4	4	c100	sample	2	2-SRR5935760	rank	4
20261008-044702-3c2153c-55a5-n16-r4	4	c100	sample	2	2-SRR5935760	role	home
20261008-044702-3c2153c-55a5-n16-r4	4	c100	sample	2	2-SRR5935760	inflight	2
20261008-044702-3c2153c-55a5-n16-r4	4	c100	sample	2	2-SRR5935760	threads	16
20261008-044702-3c2153c-55a5-n16-r4	4	c100	sample	2	2-SRR5935760	start_s	172.109641
20261008-044702-3c2153c-55a5-n16-r4	4	c100	sample	2	2-SRR5935760	wall_s	10.771302
20261008-044702-3c2153c-55a5-n16-r4	4	c100	sample	2	2-SRR5935760	setup_s	0.000064
20261008-044702-3c2153c-55a5-n16-r4	4	c100	sample	2	2-SRR5935760	classify_s	10.433899
20261008-044702-3c2153c-55a5-n16-r4	4	c100	sample	2	2-SRR5935760	close_s	0.207475
20261008-044702-3c2153c-55a5-n16-r4	4	c100	sample	2	2-SRR5935760	report_s	0.123749
20261008-044702-3c2153c-55a5-n16-r4	4	c100	sample	2	2-SRR5935760	status	0
20261008-044702-3c2153c-55a5-n16-r4	4	c100	sample	2	2-SRR5935760	sequences	10834778
20261008-044702-3c2153c-55a5-n16-r4	4	c100	sample	2	2-SRR5935760	bases	1957586977
20261008-044702-3c2153c-55a5-n16-r4	4	c100	sample	2	2-SRR5935760	classified	10642489
20261008-044702-3c2153c-55a5-n16-r4	4	c100	sample	2	2-SRR5935760	place	lpt
20261008-044702-3c2153c-55a5-n16-r4	4	c100	sample	2	2-SRR5935760	weight	10834778
20261008-044702-3c2153c-55a5-n16-r4	4	c100	sample	2	2-SRR5935809	mode	parallel
20261008-044702-3c2153c-55a5-n16-r4	4	c100	sample	2	2-SRR5935809	s3client	sdk
20261008-044702-3c2153c-55a5-n16-r4	4	c100	sample	2	2-SRR5935809	rank	4
20261008-044702-3c2153c-55a5-n16-r4	4	c100	sample	2	2-SRR5935809	role	home
20261008-044702-3c2153c-55a5-n16-r4	4	c100	sample	2	2-SRR5935809	inflight	2
20261008-044702-3c2153c-55a5-n16-r4	4	c100	sample	2	2-SRR5935809	threads	16
20261008-044702-3c2153c-55a5-n16-r4	4	c100	sample	2	2-SRR5935809	start_s	182.881170
20261008-044702-3c2153c-55a5-n16-r4	4	c100	sample	2	2-SRR5935809	wall_s	2.427951
20261008-044702-3c2153c-55a5-n16-r4	4	c100	sample	2	2-SRR5935809	setup_s	0.000061
20261008-044702-3c2153c-55a5-n16-r4	4	c100	sample	2	2-SRR5935809	classify_s	1.986066
20261008-044702-3c2153c-55a5-n16-r4	4	c100	sample	2	2-SRR5935809	close_s	0.272888
20261008-044702-3c2153c-55a5-n16-r4	4	c100	sample	2	2-SRR5935809	report_s	0.164339
20261008-044702-3c2153c-55a5-n16-r4	4	c100	sample	2	2-SRR5935809	status	0
20261008-044702-3c2153c-55a5-n16-r4	4	c100	sample	2	2-SRR5935809	sequences	1539039
20261008-044702-3c2153c-55a5-n16-r4	4	c100	sample	2	2-SRR5935809	bases	293657718
20261008-044702-3c2153c-55a5-n16-r4	4	c100	sample	2	2-SRR5935809	classified	1494119
20261008-044702-3c2153c-55a5-n16-r4	4	c100	sample	2	2-SRR5935809	place	lpt
20261008-044702-3c2153c-55a5-n16-r4	4	c100	sample	2	2-SRR5935809	weight	1539039
20261008-044702-3c2153c-55a5-n16-r4	4	c100	sample	2	2-SRR5935839	mode	parallel
20261008-044702-3c2153c-55a5-n16-r4	4	c100	sample	2	2-SRR5935839	s3client	sdk
20261008-044702-3c2153c-55a5-n16-r4	4	c100	sample	2	2-SRR5935839	rank	4
20261008-044702-3c2153c-55a5-n16-r4	4	c100	sample	2	2-SRR5935839	role	home
20261008-044702-3c2153c-55a5-n16-r4	4	c100	sample	2	2-SRR5935839	inflight	2
20261008-044702-3c2153c-55a5-n16-r4	4	c100	sample	2	2-SRR5935839	threads	16
20261008-044702-3c2153c-55a5-n16-r4	4	c100	sample	2	2-SRR5935839	start_s	185.309147
20261008-044702-3c2153c-55a5-n16-r4	4	c100	sample	2	2-SRR5935839	wall_s	1.734703
20261008-044702-3c2153c-55a5-n16-r4	4	c100	sample	2	2-SRR5935839	setup_s	0.000062
20261008-044702-3c2153c-55a5-n16-r4	4	c100	sample	2	2-SRR5935839	classify_s	1.311120
20261008-044702-3c2153c-55a5-n16-r4	4	c100	sample	2	2-SRR5935839	close_s	0.247544
20261008-044702-3c2153c-55a5-n16-r4	4	c100	sample	2	2-SRR5935839	report_s	0.173396
20261008-044702-3c2153c-55a5-n16-r4	4	c100	sample	2	2-SRR5935839	status	0
20261008-044702-3c2153c-55a5-n16-r4	4	c100	sample	2	2-SRR5935839	sequences	1085628
20261008-044702-3c2153c-55a5-n16-r4	4	c100	sample	2	2-SRR5935839	bases	199244471
20261008-044702-3c2153c-55a5-n16-r4	4	c100	sample	2	2-SRR5935839	classified	1061820
20261008-044702-3c2153c-55a5-n16-r4	4	c100	sample	2	2-SRR5935839	place	lpt
20261008-044702-3c2153c-55a5-n16-r4	4	c100	sample	2	2-SRR5935839	weight	1085628
20261008-044702-3c2153c-55a5-n16-r4	4	c100	sample	2	2-SRR5935786	mode	parallel
20261008-044702-3c2153c-55a5-n16-r4	4	c100	sample	2	2-SRR5935786	s3client	sdk
20261008-044702-3c2153c-55a5-n16-r4	4	c100	sample	2	2-SRR5935786	rank	4
20261008-044702-3c2153c-55a5-n16-r4	4	c100	sample	2	2-SRR5935786	role	home
20261008-044702-3c2153c-55a5-n16-r4	4	c100	sample	2	2-SRR5935786	inflight	2
20261008-044702-3c2153c-55a5-n16-r4	4	c100	sample	2	2-SRR5935786	threads	16
20261008-044702-3c2153c-55a5-n16-r4	4	c100	sample	2	2-SRR5935786	start_s	179.724465
20261008-044702-3c2153c-55a5-n16-r4	4	c100	sample	2	2-SRR5935786	wall_s	8.814558
20261008-044702-3c2153c-55a5-n16-r4	4	c100	sample	2	2-SRR5935786	setup_s	0.000072
20261008-044702-3c2153c-55a5-n16-r4	4	c100	sample	2	2-SRR5935786	classify_s	8.355640
20261008-044702-3c2153c-55a5-n16-r4	4	c100	sample	2	2-SRR5935786	close_s	0.292811
20261008-044702-3c2153c-55a5-n16-r4	4	c100	sample	2	2-SRR5935786	report_s	0.154916
20261008-044702-3c2153c-55a5-n16-r4	4	c100	sample	2	2-SRR5935786	status	0
20261008-044702-3c2153c-55a5-n16-r4	4	c100	sample	2	2-SRR5935786	sequences	10054299
20261008-044702-3c2153c-55a5-n16-r4	4	c100	sample	2	2-SRR5935786	bases	1885642952
20261008-044702-3c2153c-55a5-n16-r4	4	c100	sample	2	2-SRR5935786	classified	9575405
20261008-044702-3c2153c-55a5-n16-r4	4	c100	sample	2	2-SRR5935786	place	lpt
20261008-044702-3c2153c-55a5-n16-r4	4	c100	sample	2	2-SRR5935786	weight	10054299
20261008-044702-3c2153c-55a5-n16-r4	4	c100	phase			batch-barrier-2	5.721196
20261008-044702-3c2153c-55a5-n16-r4	4	c100	phase			batch-barrier-2.start_s	188.539044
20261008-044702-3c2153c-55a5-n16-r4	4	c100	phase			barrier	0.501572
20261008-044702-3c2153c-55a5-n16-r4	4	c100	phase			barrier.start_s	200.370237
20261008-044702-3c2153c-55a5-n16-r4	4	c100	sample	3	3-SRR5935740	mode	striped
20261008-044702-3c2153c-55a5-n16-r4	4	c100	sample	3	3-SRR5935740	s3client	sdk
20261008-044702-3c2153c-55a5-n16-r4	4	c100	sample	3	3-SRR5935740	rank	4
20261008-044702-3c2153c-55a5-n16-r4	4	c100	sample	3	3-SRR5935740	role	peer
20261008-044702-3c2153c-55a5-n16-r4	4	c100	sample	3	3-SRR5935740	inflight	1
20261008-044702-3c2153c-55a5-n16-r4	4	c100	sample	3	3-SRR5935740	threads	16
20261008-044702-3c2153c-55a5-n16-r4	4	c100	sample	3	3-SRR5935740	start_s	194.802051
20261008-044702-3c2153c-55a5-n16-r4	4	c100	sample	3	3-SRR5935740	wall_s	6.069796
20261008-044702-3c2153c-55a5-n16-r4	4	c100	sample	3	3-SRR5935740	setup_s	0.000047
20261008-044702-3c2153c-55a5-n16-r4	4	c100	sample	3	3-SRR5935740	classify_s	5.563968
20261008-044702-3c2153c-55a5-n16-r4	4	c100	sample	3	3-SRR5935740	close_s	0.000000
20261008-044702-3c2153c-55a5-n16-r4	4	c100	sample	3	3-SRR5935740	report_s	0.000000
20261008-044702-3c2153c-55a5-n16-r4	4	c100	sample	3	3-SRR5935740	status	0
20261008-044702-3c2153c-55a5-n16-r4	4	c100	sample	3	3-SRR5935740	sequences	0
20261008-044702-3c2153c-55a5-n16-r4	4	c100	sample	3	3-SRR5935740	bases	0
20261008-044702-3c2153c-55a5-n16-r4	4	c100	sample	3	3-SRR5935740	classified	0
20261008-044702-3c2153c-55a5-n16-r4	4	c100	sample	3	3-SRR5935740	place	-
20261008-044702-3c2153c-55a5-n16-r4	4	c100	sample	3	3-SRR5935740	weight	-
20261008-044702-3c2153c-55a5-n16-r4	4	c100	phase			batch-barrier-3	0.510337
20261008-044702-3c2153c-55a5-n16-r4	4	c100	phase			batch-barrier-3.start_s	200.871859
20261008-044702-3c2153c-55a5-n16-r4	4	c100	phase			barrier	0.198080
20261008-044702-3c2153c-55a5-n16-r4	4	c100	phase			barrier.start_s	207.746615
20261008-044702-3c2153c-55a5-n16-r4	4	c100	sample	4	4-SRR5935740	mode	striped
20261008-044702-3c2153c-55a5-n16-r4	4	c100	sample	4	4-SRR5935740	s3client	sdk
20261008-044702-3c2153c-55a5-n16-r4	4	c100	sample	4	4-SRR5935740	rank	4
20261008-044702-3c2153c-55a5-n16-r4	4	c100	sample	4	4-SRR5935740	role	peer
20261008-044702-3c2153c-55a5-n16-r4	4	c100	sample	4	4-SRR5935740	inflight	1
20261008-044702-3c2153c-55a5-n16-r4	4	c100	sample	4	4-SRR5935740	threads	16
20261008-044702-3c2153c-55a5-n16-r4	4	c100	sample	4	4-SRR5935740	start_s	202.174959
20261008-044702-3c2153c-55a5-n16-r4	4	c100	sample	4	4-SRR5935740	wall_s	5.769782
20261008-044702-3c2153c-55a5-n16-r4	4	c100	sample	4	4-SRR5935740	setup_s	0.000067
20261008-044702-3c2153c-55a5-n16-r4	4	c100	sample	4	4-SRR5935740	classify_s	5.567587
20261008-044702-3c2153c-55a5-n16-r4	4	c100	sample	4	4-SRR5935740	close_s	0.000000
20261008-044702-3c2153c-55a5-n16-r4	4	c100	sample	4	4-SRR5935740	report_s	0.000000
20261008-044702-3c2153c-55a5-n16-r4	4	c100	sample	4	4-SRR5935740	status	0
20261008-044702-3c2153c-55a5-n16-r4	4	c100	sample	4	4-SRR5935740	sequences	0
20261008-044702-3c2153c-55a5-n16-r4	4	c100	sample	4	4-SRR5935740	bases	0
20261008-044702-3c2153c-55a5-n16-r4	4	c100	sample	4	4-SRR5935740	classified	0
20261008-044702-3c2153c-55a5-n16-r4	4	c100	sample	4	4-SRR5935740	place	-
20261008-044702-3c2153c-55a5-n16-r4	4	c100	sample	4	4-SRR5935740	weight	-
20261008-044702-3c2153c-55a5-n16-r4	4	c100	phase			batch-barrier-4	0.482071
20261008-044702-3c2153c-55a5-n16-r4	4	c100	phase			batch-barrier-4.start_s	207.944753
20261008-044702-3c2153c-55a5-n16-r4	4	c100	phase			barrier	0.211985
20261008-044702-3c2153c-55a5-n16-r4	4	c100	phase			barrier.start_s	214.834989
20261008-044702-3c2153c-55a5-n16-r4	4	c100	sample	5	5-SRR5935740	mode	striped
20261008-044702-3c2153c-55a5-n16-r4	4	c100	sample	5	5-SRR5935740	s3client	sdk
20261008-044702-3c2153c-55a5-n16-r4	4	c100	sample	5	5-SRR5935740	rank	4
20261008-044702-3c2153c-55a5-n16-r4	4	c100	sample	5	5-SRR5935740	role	peer
20261008-044702-3c2153c-55a5-n16-r4	4	c100	sample	5	5-SRR5935740	inflight	1
20261008-044702-3c2153c-55a5-n16-r4	4	c100	sample	5	5-SRR5935740	threads	16
20261008-044702-3c2153c-55a5-n16-r4	4	c100	sample	5	5-SRR5935740	start_s	209.268469
20261008-044702-3c2153c-55a5-n16-r4	4	c100	sample	5	5-SRR5935740	wall_s	5.778561
20261008-044702-3c2153c-55a5-n16-r4	4	c100	sample	5	5-SRR5935740	setup_s	0.000052
20261008-044702-3c2153c-55a5-n16-r4	4	c100	sample	5	5-SRR5935740	classify_s	5.562453
20261008-044702-3c2153c-55a5-n16-r4	4	c100	sample	5	5-SRR5935740	close_s	0.000000
20261008-044702-3c2153c-55a5-n16-r4	4	c100	sample	5	5-SRR5935740	report_s	0.000000
20261008-044702-3c2153c-55a5-n16-r4	4	c100	sample	5	5-SRR5935740	status	0
20261008-044702-3c2153c-55a5-n16-r4	4	c100	sample	5	5-SRR5935740	sequences	0
20261008-044702-3c2153c-55a5-n16-r4	4	c100	sample	5	5-SRR5935740	bases	0
20261008-044702-3c2153c-55a5-n16-r4	4	c100	sample	5	5-SRR5935740	classified	0
20261008-044702-3c2153c-55a5-n16-r4	4	c100	sample	5	5-SRR5935740	place	-
20261008-044702-3c2153c-55a5-n16-r4	4	c100	sample	5	5-SRR5935740	weight	-
20261008-044702-3c2153c-55a5-n16-r4	4	c100	phase			batch-barrier-5	0.837207
20261008-044702-3c2153c-55a5-n16-r4	4	c100	phase			batch-barrier-5.start_s	215.047042
20261008-044702-3c2153c-55a5-n16-r4	4	c100	phase			batch-barrier-6	7.132624
20261008-044702-3c2153c-55a5-n16-r4	4	c100	phase			batch-barrier-6.start_s	215.884267
20261008-044702-3c2153c-55a5-n16-r4	4	c100	phase			batch-barrier-7	7.107826
20261008-044702-3c2153c-55a5-n16-r4	4	c100	phase			batch-barrier-7.start_s	223.016911
20261008-044702-3c2153c-55a5-n16-r4	4	c100	phase			batch-barrier-8	7.224246
20261008-044702-3c2153c-55a5-n16-r4	4	c100	phase			batch-barrier-8.start_s	230.124757
20261008-044702-3c2153c-55a5-n16-r4	4	c100	engine.shard			index	0
20261008-044702-3c2153c-55a5-n16-r4	4	c100	engine.shard			n	16
20261008-044702-3c2153c-55a5-n16-r4	4	c100	engine.shard			lo	74318229485
20261008-044702-3c2153c-55a5-n16-r4	4	c100	engine.shard			hi	92897786856
20261008-044702-3c2153c-55a5-n16-r4	4	c100	engine.shard			tail	302
20261008-044702-3c2153c-55a5-n16-r4	4	c100	engine.shard			full	false
20261008-044702-3c2153c-55a5-n16-r4	4	c100	engine.shard			empty_at	18579557370
20261008-044702-3c2153c-55a5-n16-r4	4	c100	engine.shard			keys	8477552208
20261008-044702-3c2153c-55a5-n16-r4	4	c100	engine.shard			batches	89910
20261008-044702-3c2153c-55a5-n16-r4	4	c100	engine.shard			probe_s	203.979881
20261008-044702-3c2153c-55a5-n16-r4	4	c100	engine.shard			tail_probes	0
20261008-044702-3c2153c-55a5-n16-r4	4	c100	engine.shard			wrap_probes	0
20261008-044702-3c2153c-55a5-n16-r4	4	c100	engine.rendezvous			puts	13
20261008-044702-3c2153c-55a5-n16-r4	4	c100	engine.rendezvous			gets	679
20261008-044702-3c2153c-55a5-n16-r4	4	c100	engine.s3			client	sdk
20261008-044702-3c2153c-55a5-n16-r4	4	c100	engine.s3			put	33
20261008-044702-3c2153c-55a5-n16-r4	4	c100	engine.s3			get	679
20261008-044702-3c2153c-55a5-n16-r4	4	c100	engine.s3			create_multipart	20
20261008-044702-3c2153c-55a5-n16-r4	4	c100	engine.s3			upload_part	2035
20261008-044702-3c2153c-55a5-n16-r4	4	c100	engine.s3			complete_multipart	20
20261008-044702-3c2153c-55a5-n16-r4	4	c100	engine.s3			abort_multipart	0
20261008-044702-3c2153c-55a5-n16-r4	4	c100	engine.s3			part_bytes	17007170948
20261008-044702-3c2153c-55a5-n16-r4	4	c100	engine.s3			client	cli
20261008-044702-3c2153c-55a5-n16-r4	4	c100	engine.s3			put	0
20261008-044702-3c2153c-55a5-n16-r4	4	c100	engine.s3			get	0
20261008-044702-3c2153c-55a5-n16-r4	4	c100	engine.s3			create_multipart	0
20261008-044702-3c2153c-55a5-n16-r4	4	c100	engine.s3			upload_part	0
20261008-044702-3c2153c-55a5-n16-r4	4	c100	engine.s3			complete_multipart	0
20261008-044702-3c2153c-55a5-n16-r4	4	c100	engine.s3			abort_multipart	0
20261008-044702-3c2153c-55a5-n16-r4	4	c100	engine.s3			part_bytes	0
20261008-044702-3c2153c-55a5-n16-r4	4	c100	engine.load			seconds	40.529263
20261008-044702-3c2153c-55a5-n16-r4	4	c100	engine.load			requests	1126
20261008-044702-3c2153c-55a5-n16-r4	4	c100	engine.load			retries	0
20261008-044702-3c2153c-55a5-n16-r4	4	c100	engine.load			bytes	74318296292
20261008-044702-3c2153c-55a5-n16-r4	4	c100	engine.route			transport	nodes
20261008-044702-3c2153c-55a5-n16-r4	4	c100	engine.route			calls	5346
20261008-044702-3c2153c-55a5-n16-r4	4	c100	engine.route			keys	8037635259
20261008-044702-3c2153c-55a5-n16-r4	4	c100	engine.route			batches	85536
20261008-044702-3c2153c-55a5-n16-r4	4	c100	engine.route			route_s	93.860619
20261008-044702-3c2153c-55a5-n16-r4	4	c100	engine.route			wait_s	327.576208
20261008-044702-3c2153c-55a5-n16-r4	4	c100	engine.route			gather_s	17.964268
20261008-044702-3c2153c-55a5-n16-r4	4	c100	engine.worker			scan_s	719.471246
20261008-044702-3c2153c-55a5-n16-r4	4	c100	engine.worker			lookup_s	439.404886
20261008-044702-3c2153c-55a5-n16-r4	4	c100	engine.worker			classify_s	607.579218
20261008-044702-3c2153c-55a5-n16-r4	4	c100	phase			total	237.475449
20261008-044702-3c2153c-55a5-n16-r4	4	c100	phase			total.start_s	0.000001
20261008-044702-3c2153c-55a5-n16-r5	5	c100	phase			taxo	0.098585
20261008-044702-3c2153c-55a5-n16-r5	5	c100	phase			taxo.start_s	0.002805
20261008-044702-3c2153c-55a5-n16-r5	5	c100	phase			shard-load-5	41.566526
20261008-044702-3c2153c-55a5-n16-r5	5	c100	phase			shard-load-5.start_s	0.162657
20261008-044702-3c2153c-55a5-n16-r5	5	c100	phase			rendezvous	19.461955
20261008-044702-3c2153c-55a5-n16-r5	5	c100	phase			rendezvous.start_s	42.158002
20261008-044702-3c2153c-55a5-n16-r5	5	c100	phase			connect	0.070561
20261008-044702-3c2153c-55a5-n16-r5	5	c100	phase			connect.start_s	61.619973
20261008-044702-3c2153c-55a5-n16-r5	5	c100	phase			hash	61.589128
20261008-044702-3c2153c-55a5-n16-r5	5	c100	phase			hash.start_s	0.101418
20261008-044702-3c2153c-55a5-n16-r5	5	c100	sample	0	0-SRR5935806	mode	parallel
20261008-044702-3c2153c-55a5-n16-r5	5	c100	sample	0	0-SRR5935806	s3client	sdk
20261008-044702-3c2153c-55a5-n16-r5	5	c100	sample	0	0-SRR5935806	rank	5
20261008-044702-3c2153c-55a5-n16-r5	5	c100	sample	0	0-SRR5935806	role	home
20261008-044702-3c2153c-55a5-n16-r5	5	c100	sample	0	0-SRR5935806	inflight	2
20261008-044702-3c2153c-55a5-n16-r5	5	c100	sample	0	0-SRR5935806	threads	16
20261008-044702-3c2153c-55a5-n16-r5	5	c100	sample	0	0-SRR5935806	start_s	61.690590
20261008-044702-3c2153c-55a5-n16-r5	5	c100	sample	0	0-SRR5935806	wall_s	16.048746
20261008-044702-3c2153c-55a5-n16-r5	5	c100	sample	0	0-SRR5935806	setup_s	0.000055
20261008-044702-3c2153c-55a5-n16-r5	5	c100	sample	0	0-SRR5935806	classify_s	15.547782
20261008-044702-3c2153c-55a5-n16-r5	5	c100	sample	0	0-SRR5935806	close_s	0.245005
20261008-044702-3c2153c-55a5-n16-r5	5	c100	sample	0	0-SRR5935806	report_s	0.246527
20261008-044702-3c2153c-55a5-n16-r5	5	c100	sample	0	0-SRR5935806	status	0
20261008-044702-3c2153c-55a5-n16-r5	5	c100	sample	0	0-SRR5935806	sequences	14472574
20261008-044702-3c2153c-55a5-n16-r5	5	c100	sample	0	0-SRR5935806	bases	2738529910
20261008-044702-3c2153c-55a5-n16-r5	5	c100	sample	0	0-SRR5935806	classified	14022498
20261008-044702-3c2153c-55a5-n16-r5	5	c100	sample	0	0-SRR5935806	place	lpt
20261008-044702-3c2153c-55a5-n16-r5	5	c100	sample	0	0-SRR5935806	weight	14472574
20261008-044702-3c2153c-55a5-n16-r5	5	c100	sample	0	0-SRR5935803	mode	parallel
20261008-044702-3c2153c-55a5-n16-r5	5	c100	sample	0	0-SRR5935803	s3client	sdk
20261008-044702-3c2153c-55a5-n16-r5	5	c100	sample	0	0-SRR5935803	rank	5
20261008-044702-3c2153c-55a5-n16-r5	5	c100	sample	0	0-SRR5935803	role	home
20261008-044702-3c2153c-55a5-n16-r5	5	c100	sample	0	0-SRR5935803	inflight	2
20261008-044702-3c2153c-55a5-n16-r5	5	c100	sample	0	0-SRR5935803	threads	16
20261008-044702-3c2153c-55a5-n16-r5	5	c100	sample	0	0-SRR5935803	start_s	61.690594
20261008-044702-3c2153c-55a5-n16-r5	5	c100	sample	0	0-SRR5935803	wall_s	19.022221
20261008-044702-3c2153c-55a5-n16-r5	5	c100	sample	0	0-SRR5935803	setup_s	0.000058
20261008-044702-3c2153c-55a5-n16-r5	5	c100	sample	0	0-SRR5935803	classify_s	18.611763
20261008-044702-3c2153c-55a5-n16-r5	5	c100	sample	0	0-SRR5935803	close_s	0.218864
20261008-044702-3c2153c-55a5-n16-r5	5	c100	sample	0	0-SRR5935803	report_s	0.179644
20261008-044702-3c2153c-55a5-n16-r5	5	c100	sample	0	0-SRR5935803	status	0
20261008-044702-3c2153c-55a5-n16-r5	5	c100	sample	0	0-SRR5935803	sequences	18392491
20261008-044702-3c2153c-55a5-n16-r5	5	c100	sample	0	0-SRR5935803	bases	3418705365
20261008-044702-3c2153c-55a5-n16-r5	5	c100	sample	0	0-SRR5935803	classified	18064386
20261008-044702-3c2153c-55a5-n16-r5	5	c100	sample	0	0-SRR5935803	place	lpt
20261008-044702-3c2153c-55a5-n16-r5	5	c100	sample	0	0-SRR5935803	weight	18392491
20261008-044702-3c2153c-55a5-n16-r5	5	c100	sample	0	0-SRR5935742	mode	parallel
20261008-044702-3c2153c-55a5-n16-r5	5	c100	sample	0	0-SRR5935742	s3client	sdk
20261008-044702-3c2153c-55a5-n16-r5	5	c100	sample	0	0-SRR5935742	rank	5
20261008-044702-3c2153c-55a5-n16-r5	5	c100	sample	0	0-SRR5935742	role	home
20261008-044702-3c2153c-55a5-n16-r5	5	c100	sample	0	0-SRR5935742	inflight	2
20261008-044702-3c2153c-55a5-n16-r5	5	c100	sample	0	0-SRR5935742	threads	16
20261008-044702-3c2153c-55a5-n16-r5	5	c100	sample	0	0-SRR5935742	start_s	77.739361
20261008-044702-3c2153c-55a5-n16-r5	5	c100	sample	0	0-SRR5935742	wall_s	12.745937
20261008-044702-3c2153c-55a5-n16-r5	5	c100	sample	0	0-SRR5935742	setup_s	0.000065
20261008-044702-3c2153c-55a5-n16-r5	5	c100	sample	0	0-SRR5935742	classify_s	12.282682
20261008-044702-3c2153c-55a5-n16-r5	5	c100	sample	0	0-SRR5935742	close_s	0.287207
20261008-044702-3c2153c-55a5-n16-r5	5	c100	sample	0	0-SRR5935742	report_s	0.165813
20261008-044702-3c2153c-55a5-n16-r5	5	c100	sample	0	0-SRR5935742	status	0
20261008-044702-3c2153c-55a5-n16-r5	5	c100	sample	0	0-SRR5935742	sequences	12325847
20261008-044702-3c2153c-55a5-n16-r5	5	c100	sample	0	0-SRR5935742	bases	2261511731
20261008-044702-3c2153c-55a5-n16-r5	5	c100	sample	0	0-SRR5935742	classified	11791754
20261008-044702-3c2153c-55a5-n16-r5	5	c100	sample	0	0-SRR5935742	place	lpt
20261008-044702-3c2153c-55a5-n16-r5	5	c100	sample	0	0-SRR5935742	weight	12325847
20261008-044702-3c2153c-55a5-n16-r5	5	c100	sample	0	0-SRR5935819	mode	parallel
20261008-044702-3c2153c-55a5-n16-r5	5	c100	sample	0	0-SRR5935819	s3client	sdk
20261008-044702-3c2153c-55a5-n16-r5	5	c100	sample	0	0-SRR5935819	rank	5
20261008-044702-3c2153c-55a5-n16-r5	5	c100	sample	0	0-SRR5935819	role	home
20261008-044702-3c2153c-55a5-n16-r5	5	c100	sample	0	0-SRR5935819	inflight	2
20261008-044702-3c2153c-55a5-n16-r5	5	c100	sample	0	0-SRR5935819	threads	16
20261008-044702-3c2153c-55a5-n16-r5	5	c100	sample	0	0-SRR5935819	start_s	80.712843
20261008-044702-3c2153c-55a5-n16-r5	5	c100	sample	0	0-SRR5935819	wall_s	11.083416
20261008-044702-3c2153c-55a5-n16-r5	5	c100	sample	0	0-SRR5935819	setup_s	0.000071
20261008-044702-3c2153c-55a5-n16-r5	5	c100	sample	0	0-SRR5935819	classify_s	10.661600
20261008-044702-3c2153c-55a5-n16-r5	5	c100	sample	0	0-SRR5935819	close_s	0.236625
20261008-044702-3c2153c-55a5-n16-r5	5	c100	sample	0	0-SRR5935819	report_s	0.179019
20261008-044702-3c2153c-55a5-n16-r5	5	c100	sample	0	0-SRR5935819	status	0
20261008-044702-3c2153c-55a5-n16-r5	5	c100	sample	0	0-SRR5935819	sequences	10896278
20261008-044702-3c2153c-55a5-n16-r5	5	c100	sample	0	0-SRR5935819	bases	2024821947
20261008-044702-3c2153c-55a5-n16-r5	5	c100	sample	0	0-SRR5935819	classified	10712521
20261008-044702-3c2153c-55a5-n16-r5	5	c100	sample	0	0-SRR5935819	place	lpt
20261008-044702-3c2153c-55a5-n16-r5	5	c100	sample	0	0-SRR5935819	weight	10896278
20261008-044702-3c2153c-55a5-n16-r5	5	c100	sample	0	0-SRR5935763	mode	parallel
20261008-044702-3c2153c-55a5-n16-r5	5	c100	sample	0	0-SRR5935763	s3client	sdk
20261008-044702-3c2153c-55a5-n16-r5	5	c100	sample	0	0-SRR5935763	rank	5
20261008-044702-3c2153c-55a5-n16-r5	5	c100	sample	0	0-SRR5935763	role	home
20261008-044702-3c2153c-55a5-n16-r5	5	c100	sample	0	0-SRR5935763	inflight	2
20261008-044702-3c2153c-55a5-n16-r5	5	c100	sample	0	0-SRR5935763	threads	16
20261008-044702-3c2153c-55a5-n16-r5	5	c100	sample	0	0-SRR5935763	start_s	91.796300
20261008-044702-3c2153c-55a5-n16-r5	5	c100	sample	0	0-SRR5935763	wall_s	5.865308
20261008-044702-3c2153c-55a5-n16-r5	5	c100	sample	0	0-SRR5935763	setup_s	0.000087
20261008-044702-3c2153c-55a5-n16-r5	5	c100	sample	0	0-SRR5935763	classify_s	5.543971
20261008-044702-3c2153c-55a5-n16-r5	5	c100	sample	0	0-SRR5935763	close_s	0.207562
20261008-044702-3c2153c-55a5-n16-r5	5	c100	sample	0	0-SRR5935763	report_s	0.109082
20261008-044702-3c2153c-55a5-n16-r5	5	c100	sample	0	0-SRR5935763	status	0
20261008-044702-3c2153c-55a5-n16-r5	5	c100	sample	0	0-SRR5935763	sequences	5174437
20261008-044702-3c2153c-55a5-n16-r5	5	c100	sample	0	0-SRR5935763	bases	978777662
20261008-044702-3c2153c-55a5-n16-r5	5	c100	sample	0	0-SRR5935763	classified	5104140
20261008-044702-3c2153c-55a5-n16-r5	5	c100	sample	0	0-SRR5935763	place	lpt
20261008-044702-3c2153c-55a5-n16-r5	5	c100	sample	0	0-SRR5935763	weight	5174437
20261008-044702-3c2153c-55a5-n16-r5	5	c100	sample	0	0-SRR5935812	mode	parallel
20261008-044702-3c2153c-55a5-n16-r5	5	c100	sample	0	0-SRR5935812	s3client	sdk
20261008-044702-3c2153c-55a5-n16-r5	5	c100	sample	0	0-SRR5935812	rank	5
20261008-044702-3c2153c-55a5-n16-r5	5	c100	sample	0	0-SRR5935812	role	home
20261008-044702-3c2153c-55a5-n16-r5	5	c100	sample	0	0-SRR5935812	inflight	2
20261008-044702-3c2153c-55a5-n16-r5	5	c100	sample	0	0-SRR5935812	threads	16
20261008-044702-3c2153c-55a5-n16-r5	5	c100	sample	0	0-SRR5935812	start_s	90.485367
20261008-044702-3c2153c-55a5-n16-r5	5	c100	sample	0	0-SRR5935812	wall_s	8.550943
20261008-044702-3c2153c-55a5-n16-r5	5	c100	sample	0	0-SRR5935812	setup_s	0.000073
20261008-044702-3c2153c-55a5-n16-r5	5	c100	sample	0	0-SRR5935812	classify_s	8.120250
20261008-044702-3c2153c-55a5-n16-r5	5	c100	sample	0	0-SRR5935812	close_s	0.284638
20261008-044702-3c2153c-55a5-n16-r5	5	c100	sample	0	0-SRR5935812	report_s	0.139057
20261008-044702-3c2153c-55a5-n16-r5	5	c100	sample	0	0-SRR5935812	status	0
20261008-044702-3c2153c-55a5-n16-r5	5	c100	sample	0	0-SRR5935812	sequences	9108174
20261008-044702-3c2153c-55a5-n16-r5	5	c100	sample	0	0-SRR5935812	bases	1698332428
20261008-044702-3c2153c-55a5-n16-r5	5	c100	sample	0	0-SRR5935812	classified	8923230
20261008-044702-3c2153c-55a5-n16-r5	5	c100	sample	0	0-SRR5935812	place	lpt
20261008-044702-3c2153c-55a5-n16-r5	5	c100	sample	0	0-SRR5935812	weight	9108174
20261008-044702-3c2153c-55a5-n16-r5	5	c100	phase			batch-barrier-0	3.215816
20261008-044702-3c2153c-55a5-n16-r5	5	c100	phase			batch-barrier-0.start_s	99.036333
20261008-044702-3c2153c-55a5-n16-r5	5	c100	sample	1	1-SRR5935745	mode	parallel
20261008-044702-3c2153c-55a5-n16-r5	5	c100	sample	1	1-SRR5935745	s3client	sdk
20261008-044702-3c2153c-55a5-n16-r5	5	c100	sample	1	1-SRR5935745	rank	5
20261008-044702-3c2153c-55a5-n16-r5	5	c100	sample	1	1-SRR5935745	role	home
20261008-044702-3c2153c-55a5-n16-r5	5	c100	sample	1	1-SRR5935745	inflight	2
20261008-044702-3c2153c-55a5-n16-r5	5	c100	sample	1	1-SRR5935745	threads	16
20261008-044702-3c2153c-55a5-n16-r5	5	c100	sample	1	1-SRR5935745	start_s	102.252193
20261008-044702-3c2153c-55a5-n16-r5	5	c100	sample	1	1-SRR5935745	wall_s	11.818870
20261008-044702-3c2153c-55a5-n16-r5	5	c100	sample	1	1-SRR5935745	setup_s	0.000044
20261008-044702-3c2153c-55a5-n16-r5	5	c100	sample	1	1-SRR5935745	classify_s	11.384567
20261008-044702-3c2153c-55a5-n16-r5	5	c100	sample	1	1-SRR5935745	close_s	0.213651
20261008-044702-3c2153c-55a5-n16-r5	5	c100	sample	1	1-SRR5935745	report_s	0.208719
20261008-044702-3c2153c-55a5-n16-r5	5	c100	sample	1	1-SRR5935745	status	0
20261008-044702-3c2153c-55a5-n16-r5	5	c100	sample	1	1-SRR5935745	sequences	10492437
20261008-044702-3c2153c-55a5-n16-r5	5	c100	sample	1	1-SRR5935745	bases	1984140901
20261008-044702-3c2153c-55a5-n16-r5	5	c100	sample	1	1-SRR5935745	classified	9889429
20261008-044702-3c2153c-55a5-n16-r5	5	c100	sample	1	1-SRR5935745	place	mod
20261008-044702-3c2153c-55a5-n16-r5	5	c100	sample	1	1-SRR5935745	weight	10492437
20261008-044702-3c2153c-55a5-n16-r5	5	c100	sample	1	1-SRR5935761	mode	parallel
20261008-044702-3c2153c-55a5-n16-r5	5	c100	sample	1	1-SRR5935761	s3client	sdk
20261008-044702-3c2153c-55a5-n16-r5	5	c100	sample	1	1-SRR5935761	rank	5
20261008-044702-3c2153c-55a5-n16-r5	5	c100	sample	1	1-SRR5935761	role	home
20261008-044702-3c2153c-55a5-n16-r5	5	c100	sample	1	1-SRR5935761	inflight	2
20261008-044702-3c2153c-55a5-n16-r5	5	c100	sample	1	1-SRR5935761	threads	16
20261008-044702-3c2153c-55a5-n16-r5	5	c100	sample	1	1-SRR5935761	start_s	102.252178
20261008-044702-3c2153c-55a5-n16-r5	5	c100	sample	1	1-SRR5935761	wall_s	14.721723
20261008-044702-3c2153c-55a5-n16-r5	5	c100	sample	1	1-SRR5935761	setup_s	0.000046
20261008-044702-3c2153c-55a5-n16-r5	5	c100	sample	1	1-SRR5935761	classify_s	14.242537
20261008-044702-3c2153c-55a5-n16-r5	5	c100	sample	1	1-SRR5935761	close_s	0.306630
20261008-044702-3c2153c-55a5-n16-r5	5	c100	sample	1	1-SRR5935761	report_s	0.164063
20261008-044702-3c2153c-55a5-n16-r5	5	c100	sample	1	1-SRR5935761	status	0
20261008-044702-3c2153c-55a5-n16-r5	5	c100	sample	1	1-SRR5935761	sequences	14191749
20261008-044702-3c2153c-55a5-n16-r5	5	c100	sample	1	1-SRR5935761	bases	2646878118
20261008-044702-3c2153c-55a5-n16-r5	5	c100	sample	1	1-SRR5935761	classified	13987275
20261008-044702-3c2153c-55a5-n16-r5	5	c100	sample	1	1-SRR5935761	place	mod
20261008-044702-3c2153c-55a5-n16-r5	5	c100	sample	1	1-SRR5935761	weight	14191749
20261008-044702-3c2153c-55a5-n16-r5	5	c100	sample	1	1-SRR5935793	mode	parallel
20261008-044702-3c2153c-55a5-n16-r5	5	c100	sample	1	1-SRR5935793	s3client	sdk
20261008-044702-3c2153c-55a5-n16-r5	5	c100	sample	1	1-SRR5935793	rank	5
20261008-044702-3c2153c-55a5-n16-r5	5	c100	sample	1	1-SRR5935793	role	home
20261008-044702-3c2153c-55a5-n16-r5	5	c100	sample	1	1-SRR5935793	inflight	2
20261008-044702-3c2153c-55a5-n16-r5	5	c100	sample	1	1-SRR5935793	threads	16
20261008-044702-3c2153c-55a5-n16-r5	5	c100	sample	1	1-SRR5935793	start_s	116.973930
20261008-044702-3c2153c-55a5-n16-r5	5	c100	sample	1	1-SRR5935793	wall_s	2.944031
20261008-044702-3c2153c-55a5-n16-r5	5	c100	sample	1	1-SRR5935793	setup_s	0.000068
20261008-044702-3c2153c-55a5-n16-r5	5	c100	sample	1	1-SRR5935793	classify_s	2.158767
20261008-044702-3c2153c-55a5-n16-r5	5	c100	sample	1	1-SRR5935793	close_s	0.535956
20261008-044702-3c2153c-55a5-n16-r5	5	c100	sample	1	1-SRR5935793	report_s	0.241208
20261008-044702-3c2153c-55a5-n16-r5	5	c100	sample	1	1-SRR5935793	status	0
20261008-044702-3c2153c-55a5-n16-r5	5	c100	sample	1	1-SRR5935793	sequences	1771479
20261008-044702-3c2153c-55a5-n16-r5	5	c100	sample	1	1-SRR5935793	bases	333187068
20261008-044702-3c2153c-55a5-n16-r5	5	c100	sample	1	1-SRR5935793	classified	1476454
20261008-044702-3c2153c-55a5-n16-r5	5	c100	sample	1	1-SRR5935793	place	mod
20261008-044702-3c2153c-55a5-n16-r5	5	c100	sample	1	1-SRR5935793	weight	1771479
20261008-044702-3c2153c-55a5-n16-r5	5	c100	sample	1	1-SRR5935777	mode	parallel
20261008-044702-3c2153c-55a5-n16-r5	5	c100	sample	1	1-SRR5935777	s3client	sdk
20261008-044702-3c2153c-55a5-n16-r5	5	c100	sample	1	1-SRR5935777	rank	5
20261008-044702-3c2153c-55a5-n16-r5	5	c100	sample	1	1-SRR5935777	role	home
20261008-044702-3c2153c-55a5-n16-r5	5	c100	sample	1	1-SRR5935777	inflight	2
20261008-044702-3c2153c-55a5-n16-r5	5	c100	sample	1	1-SRR5935777	threads	16
20261008-044702-3c2153c-55a5-n16-r5	5	c100	sample	1	1-SRR5935777	start_s	114.071093
20261008-044702-3c2153c-55a5-n16-r5	5	c100	sample	1	1-SRR5935777	wall_s	7.747784
20261008-044702-3c2153c-55a5-n16-r5	5	c100	sample	1	1-SRR5935777	setup_s	0.000068
20261008-044702-3c2153c-55a5-n16-r5	5	c100	sample	1	1-SRR5935777	classify_s	7.367234
20261008-044702-3c2153c-55a5-n16-r5	5	c100	sample	1	1-SRR5935777	close_s	0.248058
20261008-044702-3c2153c-55a5-n16-r5	5	c100	sample	1	1-SRR5935777	report_s	0.125871
20261008-044702-3c2153c-55a5-n16-r5	5	c100	sample	1	1-SRR5935777	status	0
20261008-044702-3c2153c-55a5-n16-r5	5	c100	sample	1	1-SRR5935777	sequences	8173049
20261008-044702-3c2153c-55a5-n16-r5	5	c100	sample	1	1-SRR5935777	bases	1459565869
20261008-044702-3c2153c-55a5-n16-r5	5	c100	sample	1	1-SRR5935777	classified	7956066
20261008-044702-3c2153c-55a5-n16-r5	5	c100	sample	1	1-SRR5935777	place	mod
20261008-044702-3c2153c-55a5-n16-r5	5	c100	sample	1	1-SRR5935777	weight	8173049
20261008-044702-3c2153c-55a5-n16-r5	5	c100	sample	1	1-SRR5935809	mode	parallel
20261008-044702-3c2153c-55a5-n16-r5	5	c100	sample	1	1-SRR5935809	s3client	sdk
20261008-044702-3c2153c-55a5-n16-r5	5	c100	sample	1	1-SRR5935809	rank	5
20261008-044702-3c2153c-55a5-n16-r5	5	c100	sample	1	1-SRR5935809	role	home
20261008-044702-3c2153c-55a5-n16-r5	5	c100	sample	1	1-SRR5935809	inflight	2
20261008-044702-3c2153c-55a5-n16-r5	5	c100	sample	1	1-SRR5935809	threads	16
20261008-044702-3c2153c-55a5-n16-r5	5	c100	sample	1	1-SRR5935809	start_s	119.918025
20261008-044702-3c2153c-55a5-n16-r5	5	c100	sample	1	1-SRR5935809	wall_s	2.205672
20261008-044702-3c2153c-55a5-n16-r5	5	c100	sample	1	1-SRR5935809	setup_s	0.000071
20261008-044702-3c2153c-55a5-n16-r5	5	c100	sample	1	1-SRR5935809	classify_s	1.842674
20261008-044702-3c2153c-55a5-n16-r5	5	c100	sample	1	1-SRR5935809	close_s	0.206304
20261008-044702-3c2153c-55a5-n16-r5	5	c100	sample	1	1-SRR5935809	report_s	0.152385
20261008-044702-3c2153c-55a5-n16-r5	5	c100	sample	1	1-SRR5935809	status	0
20261008-044702-3c2153c-55a5-n16-r5	5	c100	sample	1	1-SRR5935809	sequences	1539039
20261008-044702-3c2153c-55a5-n16-r5	5	c100	sample	1	1-SRR5935809	bases	293657718
20261008-044702-3c2153c-55a5-n16-r5	5	c100	sample	1	1-SRR5935809	classified	1494119
20261008-044702-3c2153c-55a5-n16-r5	5	c100	sample	1	1-SRR5935809	place	mod
20261008-044702-3c2153c-55a5-n16-r5	5	c100	sample	1	1-SRR5935809	weight	1539039
20261008-044702-3c2153c-55a5-n16-r5	5	c100	sample	1	1-SRR5935825	mode	parallel
20261008-044702-3c2153c-55a5-n16-r5	5	c100	sample	1	1-SRR5935825	s3client	sdk
20261008-044702-3c2153c-55a5-n16-r5	5	c100	sample	1	1-SRR5935825	rank	5
20261008-044702-3c2153c-55a5-n16-r5	5	c100	sample	1	1-SRR5935825	role	home
20261008-044702-3c2153c-55a5-n16-r5	5	c100	sample	1	1-SRR5935825	inflight	2
20261008-044702-3c2153c-55a5-n16-r5	5	c100	sample	1	1-SRR5935825	threads	16
20261008-044702-3c2153c-55a5-n16-r5	5	c100	sample	1	1-SRR5935825	start_s	121.818906
20261008-044702-3c2153c-55a5-n16-r5	5	c100	sample	1	1-SRR5935825	wall_s	6.994911
20261008-044702-3c2153c-55a5-n16-r5	5	c100	sample	1	1-SRR5935825	setup_s	0.000072
20261008-044702-3c2153c-55a5-n16-r5	5	c100	sample	1	1-SRR5935825	classify_s	6.564968
20261008-044702-3c2153c-55a5-n16-r5	5	c100	sample	1	1-SRR5935825	close_s	0.231330
20261008-044702-3c2153c-55a5-n16-r5	5	c100	sample	1	1-SRR5935825	report_s	0.180272
20261008-044702-3c2153c-55a5-n16-r5	5	c100	sample	1	1-SRR5935825	status	0
20261008-044702-3c2153c-55a5-n16-r5	5	c100	sample	1	1-SRR5935825	sequences	11458367
20261008-044702-3c2153c-55a5-n16-r5	5	c100	sample	1	1-SRR5935825	bases	2115935464
20261008-044702-3c2153c-55a5-n16-r5	5	c100	sample	1	1-SRR5935825	classified	9654089
20261008-044702-3c2153c-55a5-n16-r5	5	c100	sample	1	1-SRR5935825	place	mod
20261008-044702-3c2153c-55a5-n16-r5	5	c100	sample	1	1-SRR5935825	weight	11458367
20261008-044702-3c2153c-55a5-n16-r5	5	c100	phase			batch-barrier-1	18.498551
20261008-044702-3c2153c-55a5-n16-r5	5	c100	phase			batch-barrier-1.start_s	128.813844
20261008-044702-3c2153c-55a5-n16-r5	5	c100	sample	2	2-SRR5935806	mode	parallel
20261008-044702-3c2153c-55a5-n16-r5	5	c100	sample	2	2-SRR5935806	s3client	sdk
20261008-044702-3c2153c-55a5-n16-r5	5	c100	sample	2	2-SRR5935806	rank	5
20261008-044702-3c2153c-55a5-n16-r5	5	c100	sample	2	2-SRR5935806	role	home
20261008-044702-3c2153c-55a5-n16-r5	5	c100	sample	2	2-SRR5935806	inflight	2
20261008-044702-3c2153c-55a5-n16-r5	5	c100	sample	2	2-SRR5935806	threads	16
20261008-044702-3c2153c-55a5-n16-r5	5	c100	sample	2	2-SRR5935806	start_s	147.312440
20261008-044702-3c2153c-55a5-n16-r5	5	c100	sample	2	2-SRR5935806	wall_s	15.705602
20261008-044702-3c2153c-55a5-n16-r5	5	c100	sample	2	2-SRR5935806	setup_s	0.000049
20261008-044702-3c2153c-55a5-n16-r5	5	c100	sample	2	2-SRR5935806	classify_s	15.257545
20261008-044702-3c2153c-55a5-n16-r5	5	c100	sample	2	2-SRR5935806	close_s	0.277907
20261008-044702-3c2153c-55a5-n16-r5	5	c100	sample	2	2-SRR5935806	report_s	0.160074
20261008-044702-3c2153c-55a5-n16-r5	5	c100	sample	2	2-SRR5935806	status	0
20261008-044702-3c2153c-55a5-n16-r5	5	c100	sample	2	2-SRR5935806	sequences	14472574
20261008-044702-3c2153c-55a5-n16-r5	5	c100	sample	2	2-SRR5935806	bases	2738529910
20261008-044702-3c2153c-55a5-n16-r5	5	c100	sample	2	2-SRR5935806	classified	14022498
20261008-044702-3c2153c-55a5-n16-r5	5	c100	sample	2	2-SRR5935806	place	lpt
20261008-044702-3c2153c-55a5-n16-r5	5	c100	sample	2	2-SRR5935806	weight	14472574
20261008-044702-3c2153c-55a5-n16-r5	5	c100	sample	2	2-SRR5935803	mode	parallel
20261008-044702-3c2153c-55a5-n16-r5	5	c100	sample	2	2-SRR5935803	s3client	sdk
20261008-044702-3c2153c-55a5-n16-r5	5	c100	sample	2	2-SRR5935803	rank	5
20261008-044702-3c2153c-55a5-n16-r5	5	c100	sample	2	2-SRR5935803	role	home
20261008-044702-3c2153c-55a5-n16-r5	5	c100	sample	2	2-SRR5935803	inflight	2
20261008-044702-3c2153c-55a5-n16-r5	5	c100	sample	2	2-SRR5935803	threads	16
20261008-044702-3c2153c-55a5-n16-r5	5	c100	sample	2	2-SRR5935803	start_s	147.312443
20261008-044702-3c2153c-55a5-n16-r5	5	c100	sample	2	2-SRR5935803	wall_s	19.149137
20261008-044702-3c2153c-55a5-n16-r5	5	c100	sample	2	2-SRR5935803	setup_s	0.000057
20261008-044702-3c2153c-55a5-n16-r5	5	c100	sample	2	2-SRR5935803	classify_s	18.724591
20261008-044702-3c2153c-55a5-n16-r5	5	c100	sample	2	2-SRR5935803	close_s	0.243396
20261008-044702-3c2153c-55a5-n16-r5	5	c100	sample	2	2-SRR5935803	report_s	0.171252
20261008-044702-3c2153c-55a5-n16-r5	5	c100	sample	2	2-SRR5935803	status	0
20261008-044702-3c2153c-55a5-n16-r5	5	c100	sample	2	2-SRR5935803	sequences	18392491
20261008-044702-3c2153c-55a5-n16-r5	5	c100	sample	2	2-SRR5935803	bases	3418705365
20261008-044702-3c2153c-55a5-n16-r5	5	c100	sample	2	2-SRR5935803	classified	18064386
20261008-044702-3c2153c-55a5-n16-r5	5	c100	sample	2	2-SRR5935803	place	lpt
20261008-044702-3c2153c-55a5-n16-r5	5	c100	sample	2	2-SRR5935803	weight	18392491
20261008-044702-3c2153c-55a5-n16-r5	5	c100	sample	2	2-SRR5935742	mode	parallel
20261008-044702-3c2153c-55a5-n16-r5	5	c100	sample	2	2-SRR5935742	s3client	sdk
20261008-044702-3c2153c-55a5-n16-r5	5	c100	sample	2	2-SRR5935742	rank	5
20261008-044702-3c2153c-55a5-n16-r5	5	c100	sample	2	2-SRR5935742	role	home
20261008-044702-3c2153c-55a5-n16-r5	5	c100	sample	2	2-SRR5935742	inflight	2
20261008-044702-3c2153c-55a5-n16-r5	5	c100	sample	2	2-SRR5935742	threads	16
20261008-044702-3c2153c-55a5-n16-r5	5	c100	sample	2	2-SRR5935742	start_s	163.018068
20261008-044702-3c2153c-55a5-n16-r5	5	c100	sample	2	2-SRR5935742	wall_s	12.427764
20261008-044702-3c2153c-55a5-n16-r5	5	c100	sample	2	2-SRR5935742	setup_s	0.000069
20261008-044702-3c2153c-55a5-n16-r5	5	c100	sample	2	2-SRR5935742	classify_s	11.846785
20261008-044702-3c2153c-55a5-n16-r5	5	c100	sample	2	2-SRR5935742	close_s	0.342721
20261008-044702-3c2153c-55a5-n16-r5	5	c100	sample	2	2-SRR5935742	report_s	0.227113
20261008-044702-3c2153c-55a5-n16-r5	5	c100	sample	2	2-SRR5935742	status	0
20261008-044702-3c2153c-55a5-n16-r5	5	c100	sample	2	2-SRR5935742	sequences	12325847
20261008-044702-3c2153c-55a5-n16-r5	5	c100	sample	2	2-SRR5935742	bases	2261511731
20261008-044702-3c2153c-55a5-n16-r5	5	c100	sample	2	2-SRR5935742	classified	11791754
20261008-044702-3c2153c-55a5-n16-r5	5	c100	sample	2	2-SRR5935742	place	lpt
20261008-044702-3c2153c-55a5-n16-r5	5	c100	sample	2	2-SRR5935742	weight	12325847
20261008-044702-3c2153c-55a5-n16-r5	5	c100	sample	2	2-SRR5935819	mode	parallel
20261008-044702-3c2153c-55a5-n16-r5	5	c100	sample	2	2-SRR5935819	s3client	sdk
20261008-044702-3c2153c-55a5-n16-r5	5	c100	sample	2	2-SRR5935819	rank	5
20261008-044702-3c2153c-55a5-n16-r5	5	c100	sample	2	2-SRR5935819	role	home
20261008-044702-3c2153c-55a5-n16-r5	5	c100	sample	2	2-SRR5935819	inflight	2
20261008-044702-3c2153c-55a5-n16-r5	5	c100	sample	2	2-SRR5935819	threads	16
20261008-044702-3c2153c-55a5-n16-r5	5	c100	sample	2	2-SRR5935819	start_s	166.461611
20261008-044702-3c2153c-55a5-n16-r5	5	c100	sample	2	2-SRR5935819	wall_s	11.444866
20261008-044702-3c2153c-55a5-n16-r5	5	c100	sample	2	2-SRR5935819	setup_s	0.000064
20261008-044702-3c2153c-55a5-n16-r5	5	c100	sample	2	2-SRR5935819	classify_s	10.999417
20261008-044702-3c2153c-55a5-n16-r5	5	c100	sample	2	2-SRR5935819	close_s	0.279632
20261008-044702-3c2153c-55a5-n16-r5	5	c100	sample	2	2-SRR5935819	report_s	0.158769
20261008-044702-3c2153c-55a5-n16-r5	5	c100	sample	2	2-SRR5935819	status	0
20261008-044702-3c2153c-55a5-n16-r5	5	c100	sample	2	2-SRR5935819	sequences	10896278
20261008-044702-3c2153c-55a5-n16-r5	5	c100	sample	2	2-SRR5935819	bases	2024821947
20261008-044702-3c2153c-55a5-n16-r5	5	c100	sample	2	2-SRR5935819	classified	10712521
20261008-044702-3c2153c-55a5-n16-r5	5	c100	sample	2	2-SRR5935819	place	lpt
20261008-044702-3c2153c-55a5-n16-r5	5	c100	sample	2	2-SRR5935819	weight	10896278
20261008-044702-3c2153c-55a5-n16-r5	5	c100	sample	2	2-SRR5935763	mode	parallel
20261008-044702-3c2153c-55a5-n16-r5	5	c100	sample	2	2-SRR5935763	s3client	sdk
20261008-044702-3c2153c-55a5-n16-r5	5	c100	sample	2	2-SRR5935763	rank	5
20261008-044702-3c2153c-55a5-n16-r5	5	c100	sample	2	2-SRR5935763	role	home
20261008-044702-3c2153c-55a5-n16-r5	5	c100	sample	2	2-SRR5935763	inflight	2
20261008-044702-3c2153c-55a5-n16-r5	5	c100	sample	2	2-SRR5935763	threads	16
20261008-044702-3c2153c-55a5-n16-r5	5	c100	sample	2	2-SRR5935763	start_s	177.906504
20261008-044702-3c2153c-55a5-n16-r5	5	c100	sample	2	2-SRR5935763	wall_s	5.869543
20261008-044702-3c2153c-55a5-n16-r5	5	c100	sample	2	2-SRR5935763	setup_s	0.000077
20261008-044702-3c2153c-55a5-n16-r5	5	c100	sample	2	2-SRR5935763	classify_s	5.515743
20261008-044702-3c2153c-55a5-n16-r5	5	c100	sample	2	2-SRR5935763	close_s	0.214019
20261008-044702-3c2153c-55a5-n16-r5	5	c100	sample	2	2-SRR5935763	report_s	0.134830
20261008-044702-3c2153c-55a5-n16-r5	5	c100	sample	2	2-SRR5935763	status	0
20261008-044702-3c2153c-55a5-n16-r5	5	c100	sample	2	2-SRR5935763	sequences	5174437
20261008-044702-3c2153c-55a5-n16-r5	5	c100	sample	2	2-SRR5935763	bases	978777662
20261008-044702-3c2153c-55a5-n16-r5	5	c100	sample	2	2-SRR5935763	classified	5104140
20261008-044702-3c2153c-55a5-n16-r5	5	c100	sample	2	2-SRR5935763	place	lpt
20261008-044702-3c2153c-55a5-n16-r5	5	c100	sample	2	2-SRR5935763	weight	5174437
20261008-044702-3c2153c-55a5-n16-r5	5	c100	sample	2	2-SRR5935812	mode	parallel
20261008-044702-3c2153c-55a5-n16-r5	5	c100	sample	2	2-SRR5935812	s3client	sdk
20261008-044702-3c2153c-55a5-n16-r5	5	c100	sample	2	2-SRR5935812	rank	5
20261008-044702-3c2153c-55a5-n16-r5	5	c100	sample	2	2-SRR5935812	role	home
20261008-044702-3c2153c-55a5-n16-r5	5	c100	sample	2	2-SRR5935812	inflight	2
20261008-044702-3c2153c-55a5-n16-r5	5	c100	sample	2	2-SRR5935812	threads	16
20261008-044702-3c2153c-55a5-n16-r5	5	c100	sample	2	2-SRR5935812	start_s	175.445911
20261008-044702-3c2153c-55a5-n16-r5	5	c100	sample	2	2-SRR5935812	wall_s	8.962034
20261008-044702-3c2153c-55a5-n16-r5	5	c100	sample	2	2-SRR5935812	setup_s	0.000064
20261008-044702-3c2153c-55a5-n16-r5	5	c100	sample	2	2-SRR5935812	classify_s	8.544633
20261008-044702-3c2153c-55a5-n16-r5	5	c100	sample	2	2-SRR5935812	close_s	0.213339
20261008-044702-3c2153c-55a5-n16-r5	5	c100	sample	2	2-SRR5935812	report_s	0.196382
20261008-044702-3c2153c-55a5-n16-r5	5	c100	sample	2	2-SRR5935812	status	0
20261008-044702-3c2153c-55a5-n16-r5	5	c100	sample	2	2-SRR5935812	sequences	9108174
20261008-044702-3c2153c-55a5-n16-r5	5	c100	sample	2	2-SRR5935812	bases	1698332428
20261008-044702-3c2153c-55a5-n16-r5	5	c100	sample	2	2-SRR5935812	classified	8923230
20261008-044702-3c2153c-55a5-n16-r5	5	c100	sample	2	2-SRR5935812	place	lpt
20261008-044702-3c2153c-55a5-n16-r5	5	c100	sample	2	2-SRR5935812	weight	9108174
20261008-044702-3c2153c-55a5-n16-r5	5	c100	phase			batch-barrier-2	3.231940
20261008-044702-3c2153c-55a5-n16-r5	5	c100	phase			batch-barrier-2.start_s	184.407972
20261008-044702-3c2153c-55a5-n16-r5	5	c100	phase			barrier	0.451540
20261008-044702-3c2153c-55a5-n16-r5	5	c100	phase			barrier.start_s	194.138926
20261008-044702-3c2153c-55a5-n16-r5	5	c100	sample	3	3-SRR5935740	mode	striped
20261008-044702-3c2153c-55a5-n16-r5	5	c100	sample	3	3-SRR5935740	s3client	sdk
20261008-044702-3c2153c-55a5-n16-r5	5	c100	sample	3	3-SRR5935740	rank	5
20261008-044702-3c2153c-55a5-n16-r5	5	c100	sample	3	3-SRR5935740	role	peer
20261008-044702-3c2153c-55a5-n16-r5	5	c100	sample	3	3-SRR5935740	inflight	1
20261008-044702-3c2153c-55a5-n16-r5	5	c100	sample	3	3-SRR5935740	threads	16
20261008-044702-3c2153c-55a5-n16-r5	5	c100	sample	3	3-SRR5935740	start_s	188.561572
20261008-044702-3c2153c-55a5-n16-r5	5	c100	sample	3	3-SRR5935740	wall_s	6.028933
20261008-044702-3c2153c-55a5-n16-r5	5	c100	sample	3	3-SRR5935740	setup_s	0.000047
20261008-044702-3c2153c-55a5-n16-r5	5	c100	sample	3	3-SRR5935740	classify_s	5.573114
20261008-044702-3c2153c-55a5-n16-r5	5	c100	sample	3	3-SRR5935740	close_s	0.000000
20261008-044702-3c2153c-55a5-n16-r5	5	c100	sample	3	3-SRR5935740	report_s	0.000000
20261008-044702-3c2153c-55a5-n16-r5	5	c100	sample	3	3-SRR5935740	status	0
20261008-044702-3c2153c-55a5-n16-r5	5	c100	sample	3	3-SRR5935740	sequences	0
20261008-044702-3c2153c-55a5-n16-r5	5	c100	sample	3	3-SRR5935740	bases	0
20261008-044702-3c2153c-55a5-n16-r5	5	c100	sample	3	3-SRR5935740	classified	0
20261008-044702-3c2153c-55a5-n16-r5	5	c100	sample	3	3-SRR5935740	place	-
20261008-044702-3c2153c-55a5-n16-r5	5	c100	sample	3	3-SRR5935740	weight	-
20261008-044702-3c2153c-55a5-n16-r5	5	c100	phase			batch-barrier-3	0.512844
20261008-044702-3c2153c-55a5-n16-r5	5	c100	phase			batch-barrier-3.start_s	194.590516
20261008-044702-3c2153c-55a5-n16-r5	5	c100	phase			barrier	0.106469
20261008-044702-3c2153c-55a5-n16-r5	5	c100	phase			barrier.start_s	201.556878
20261008-044702-3c2153c-55a5-n16-r5	5	c100	sample	4	4-SRR5935740	mode	striped
20261008-044702-3c2153c-55a5-n16-r5	5	c100	sample	4	4-SRR5935740	s3client	sdk
20261008-044702-3c2153c-55a5-n16-r5	5	c100	sample	4	4-SRR5935740	rank	5
20261008-044702-3c2153c-55a5-n16-r5	5	c100	sample	4	4-SRR5935740	role	peer
20261008-044702-3c2153c-55a5-n16-r5	5	c100	sample	4	4-SRR5935740	inflight	1
20261008-044702-3c2153c-55a5-n16-r5	5	c100	sample	4	4-SRR5935740	threads	16
20261008-044702-3c2153c-55a5-n16-r5	5	c100	sample	4	4-SRR5935740	start_s	195.893730
20261008-044702-3c2153c-55a5-n16-r5	5	c100	sample	4	4-SRR5935740	wall_s	5.769654
20261008-044702-3c2153c-55a5-n16-r5	5	c100	sample	4	4-SRR5935740	setup_s	0.000048
20261008-044702-3c2153c-55a5-n16-r5	5	c100	sample	4	4-SRR5935740	classify_s	5.658899
20261008-044702-3c2153c-55a5-n16-r5	5	c100	sample	4	4-SRR5935740	close_s	0.000000
20261008-044702-3c2153c-55a5-n16-r5	5	c100	sample	4	4-SRR5935740	report_s	0.000000
20261008-044702-3c2153c-55a5-n16-r5	5	c100	sample	4	4-SRR5935740	status	0
20261008-044702-3c2153c-55a5-n16-r5	5	c100	sample	4	4-SRR5935740	sequences	0
20261008-044702-3c2153c-55a5-n16-r5	5	c100	sample	4	4-SRR5935740	bases	0
20261008-044702-3c2153c-55a5-n16-r5	5	c100	sample	4	4-SRR5935740	classified	0
20261008-044702-3c2153c-55a5-n16-r5	5	c100	sample	4	4-SRR5935740	place	-
20261008-044702-3c2153c-55a5-n16-r5	5	c100	sample	4	4-SRR5935740	weight	-
20261008-044702-3c2153c-55a5-n16-r5	5	c100	phase			batch-barrier-4	0.493281
20261008-044702-3c2153c-55a5-n16-r5	5	c100	phase			batch-barrier-4.start_s	201.663395
20261008-044702-3c2153c-55a5-n16-r5	5	c100	phase			barrier	0.192152
20261008-044702-3c2153c-55a5-n16-r5	5	c100	phase			barrier.start_s	208.573480
20261008-044702-3c2153c-55a5-n16-r5	5	c100	sample	5	5-SRR5935740	mode	striped
20261008-044702-3c2153c-55a5-n16-r5	5	c100	sample	5	5-SRR5935740	s3client	sdk
20261008-044702-3c2153c-55a5-n16-r5	5	c100	sample	5	5-SRR5935740	rank	5
20261008-044702-3c2153c-55a5-n16-r5	5	c100	sample	5	5-SRR5935740	role	peer
20261008-044702-3c2153c-55a5-n16-r5	5	c100	sample	5	5-SRR5935740	inflight	1
20261008-044702-3c2153c-55a5-n16-r5	5	c100	sample	5	5-SRR5935740	threads	16
20261008-044702-3c2153c-55a5-n16-r5	5	c100	sample	5	5-SRR5935740	start_s	202.987718
20261008-044702-3c2153c-55a5-n16-r5	5	c100	sample	5	5-SRR5935740	wall_s	5.777959
20261008-044702-3c2153c-55a5-n16-r5	5	c100	sample	5	5-SRR5935740	setup_s	0.000049
20261008-044702-3c2153c-55a5-n16-r5	5	c100	sample	5	5-SRR5935740	classify_s	5.581570
20261008-044702-3c2153c-55a5-n16-r5	5	c100	sample	5	5-SRR5935740	close_s	0.000000
20261008-044702-3c2153c-55a5-n16-r5	5	c100	sample	5	5-SRR5935740	report_s	0.000000
20261008-044702-3c2153c-55a5-n16-r5	5	c100	sample	5	5-SRR5935740	status	0
20261008-044702-3c2153c-55a5-n16-r5	5	c100	sample	5	5-SRR5935740	sequences	0
20261008-044702-3c2153c-55a5-n16-r5	5	c100	sample	5	5-SRR5935740	bases	0
20261008-044702-3c2153c-55a5-n16-r5	5	c100	sample	5	5-SRR5935740	classified	0
20261008-044702-3c2153c-55a5-n16-r5	5	c100	sample	5	5-SRR5935740	place	-
20261008-044702-3c2153c-55a5-n16-r5	5	c100	sample	5	5-SRR5935740	weight	-
20261008-044702-3c2153c-55a5-n16-r5	5	c100	phase			batch-barrier-5	0.830197
20261008-044702-3c2153c-55a5-n16-r5	5	c100	phase			batch-barrier-5.start_s	208.765687
20261008-044702-3c2153c-55a5-n16-r5	5	c100	phase			batch-barrier-6	7.133242
20261008-044702-3c2153c-55a5-n16-r5	5	c100	phase			batch-barrier-6.start_s	209.595903
20261008-044702-3c2153c-55a5-n16-r5	5	c100	phase			batch-barrier-7	7.088622
20261008-044702-3c2153c-55a5-n16-r5	5	c100	phase			batch-barrier-7.start_s	216.729166
20261008-044702-3c2153c-55a5-n16-r5	5	c100	phase			batch-barrier-8	7.248644
20261008-044702-3c2153c-55a5-n16-r5	5	c100	phase			batch-barrier-8.start_s	223.817808
20261008-044702-3c2153c-55a5-n16-r5	5	c100	engine.shard			index	0
20261008-044702-3c2153c-55a5-n16-r5	5	c100	engine.shard			n	16
20261008-044702-3c2153c-55a5-n16-r5	5	c100	engine.shard			lo	92897786856
20261008-044702-3c2153c-55a5-n16-r5	5	c100	engine.shard			hi	111477344228
20261008-044702-3c2153c-55a5-n16-r5	5	c100	engine.shard			tail	302
20261008-044702-3c2153c-55a5-n16-r5	5	c100	engine.shard			full	false
20261008-044702-3c2153c-55a5-n16-r5	5	c100	engine.shard			empty_at	18579557371
20261008-044702-3c2153c-55a5-n16-r5	5	c100	engine.shard			keys	8481868707
20261008-044702-3c2153c-55a5-n16-r5	5	c100	engine.shard			batches	89910
20261008-044702-3c2153c-55a5-n16-r5	5	c100	engine.shard			probe_s	209.100123
20261008-044702-3c2153c-55a5-n16-r5	5	c100	engine.shard			tail_probes	0
20261008-044702-3c2153c-55a5-n16-r5	5	c100	engine.shard			wrap_probes	0
20261008-044702-3c2153c-55a5-n16-r5	5	c100	engine.rendezvous			puts	13
20261008-044702-3c2153c-55a5-n16-r5	5	c100	engine.rendezvous			gets	610
20261008-044702-3c2153c-55a5-n16-r5	5	c100	engine.s3			client	sdk
20261008-044702-3c2153c-55a5-n16-r5	5	c100	engine.s3			put	31
20261008-044702-3c2153c-55a5-n16-r5	5	c100	engine.s3			get	610
20261008-044702-3c2153c-55a5-n16-r5	5	c100	engine.s3			create_multipart	18
20261008-044702-3c2153c-55a5-n16-r5	5	c100	engine.s3			upload_part	1954
20261008-044702-3c2153c-55a5-n16-r5	5	c100	engine.s3			complete_multipart	18
20261008-044702-3c2153c-55a5-n16-r5	5	c100	engine.s3			abort_multipart	0
20261008-044702-3c2153c-55a5-n16-r5	5	c100	engine.s3			part_bytes	16316237306
20261008-044702-3c2153c-55a5-n16-r5	5	c100	engine.s3			client	cli
20261008-044702-3c2153c-55a5-n16-r5	5	c100	engine.s3			put	0
20261008-044702-3c2153c-55a5-n16-r5	5	c100	engine.s3			get	0
20261008-044702-3c2153c-55a5-n16-r5	5	c100	engine.s3			create_multipart	0
20261008-044702-3c2153c-55a5-n16-r5	5	c100	engine.s3			upload_part	0
20261008-044702-3c2153c-55a5-n16-r5	5	c100	engine.s3			complete_multipart	0
20261008-044702-3c2153c-55a5-n16-r5	5	c100	engine.s3			abort_multipart	0
20261008-044702-3c2153c-55a5-n16-r5	5	c100	engine.s3			part_bytes	0
20261008-044702-3c2153c-55a5-n16-r5	5	c100	engine.load			seconds	41.566522
20261008-044702-3c2153c-55a5-n16-r5	5	c100	engine.load			requests	1126
20261008-044702-3c2153c-55a5-n16-r5	5	c100	engine.load			retries	0
20261008-044702-3c2153c-55a5-n16-r5	5	c100	engine.load			bytes	74318296296
20261008-044702-3c2153c-55a5-n16-r5	5	c100	engine.route			transport	nodes
20261008-044702-3c2153c-55a5-n16-r5	5	c100	engine.route			calls	5023
20261008-044702-3c2153c-55a5-n16-r5	5	c100	engine.route			keys	7604277505
20261008-044702-3c2153c-55a5-n16-r5	5	c100	engine.route			batches	80368
20261008-044702-3c2153c-55a5-n16-r5	5	c100	engine.route			route_s	90.958912
20261008-044702-3c2153c-55a5-n16-r5	5	c100	engine.route			wait_s	304.459631
20261008-044702-3c2153c-55a5-n16-r5	5	c100	engine.route			gather_s	17.342924
20261008-044702-3c2153c-55a5-n16-r5	5	c100	engine.worker			scan_s	677.873192
20261008-044702-3c2153c-55a5-n16-r5	5	c100	engine.worker			lookup_s	412.765341
20261008-044702-3c2153c-55a5-n16-r5	5	c100	engine.worker			classify_s	589.274943
20261008-044702-3c2153c-55a5-n16-r5	5	c100	phase			total	231.202320
20261008-044702-3c2153c-55a5-n16-r5	5	c100	phase			total.start_s	0.000001
20261008-044702-3c2153c-55a5-n16-r6	6	c100	phase			taxo	0.119415
20261008-044702-3c2153c-55a5-n16-r6	6	c100	phase			taxo.start_s	0.003099
20261008-044702-3c2153c-55a5-n16-r6	6	c100	phase			shard-load-6	42.064056
20261008-044702-3c2153c-55a5-n16-r6	6	c100	phase			shard-load-6.start_s	0.220372
20261008-044702-3c2153c-55a5-n16-r6	6	c100	phase			rendezvous	15.776745
20261008-044702-3c2153c-55a5-n16-r6	6	c100	phase			rendezvous.start_s	42.976570
20261008-044702-3c2153c-55a5-n16-r6	6	c100	phase			connect	0.069769
20261008-044702-3c2153c-55a5-n16-r6	6	c100	phase			connect.start_s	58.753337
20261008-044702-3c2153c-55a5-n16-r6	6	c100	phase			hash	58.700577
20261008-044702-3c2153c-55a5-n16-r6	6	c100	phase			hash.start_s	0.122562
20261008-044702-3c2153c-55a5-n16-r6	6	c100	sample	0	0-SRR5935838	mode	parallel
20261008-044702-3c2153c-55a5-n16-r6	6	c100	sample	0	0-SRR5935838	s3client	sdk
20261008-044702-3c2153c-55a5-n16-r6	6	c100	sample	0	0-SRR5935838	rank	6
20261008-044702-3c2153c-55a5-n16-r6	6	c100	sample	0	0-SRR5935838	role	home
20261008-044702-3c2153c-55a5-n16-r6	6	c100	sample	0	0-SRR5935838	inflight	2
20261008-044702-3c2153c-55a5-n16-r6	6	c100	sample	0	0-SRR5935838	threads	16
20261008-044702-3c2153c-55a5-n16-r6	6	c100	sample	0	0-SRR5935838	start_s	58.823216
20261008-044702-3c2153c-55a5-n16-r6	6	c100	sample	0	0-SRR5935838	wall_s	17.520594
20261008-044702-3c2153c-55a5-n16-r6	6	c100	sample	0	0-SRR5935838	setup_s	0.000057
20261008-044702-3c2153c-55a5-n16-r6	6	c100	sample	0	0-SRR5935838	classify_s	17.145924
20261008-044702-3c2153c-55a5-n16-r6	6	c100	sample	0	0-SRR5935838	close_s	0.214406
20261008-044702-3c2153c-55a5-n16-r6	6	c100	sample	0	0-SRR5935838	report_s	0.150866
20261008-044702-3c2153c-55a5-n16-r6	6	c100	sample	0	0-SRR5935838	status	0
20261008-044702-3c2153c-55a5-n16-r6	6	c100	sample	0	0-SRR5935838	sequences	14615323
20261008-044702-3c2153c-55a5-n16-r6	6	c100	sample	0	0-SRR5935838	bases	2691062094
20261008-044702-3c2153c-55a5-n16-r6	6	c100	sample	0	0-SRR5935838	classified	14358414
20261008-044702-3c2153c-55a5-n16-r6	6	c100	sample	0	0-SRR5935838	place	lpt
20261008-044702-3c2153c-55a5-n16-r6	6	c100	sample	0	0-SRR5935838	weight	14615323
20261008-044702-3c2153c-55a5-n16-r6	6	c100	sample	0	0-SRR5935762	mode	parallel
20261008-044702-3c2153c-55a5-n16-r6	6	c100	sample	0	0-SRR5935762	s3client	sdk
20261008-044702-3c2153c-55a5-n16-r6	6	c100	sample	0	0-SRR5935762	rank	6
20261008-044702-3c2153c-55a5-n16-r6	6	c100	sample	0	0-SRR5935762	role	home
20261008-044702-3c2153c-55a5-n16-r6	6	c100	sample	0	0-SRR5935762	inflight	2
20261008-044702-3c2153c-55a5-n16-r6	6	c100	sample	0	0-SRR5935762	threads	16
20261008-044702-3c2153c-55a5-n16-r6	6	c100	sample	0	0-SRR5935762	start_s	58.823223
20261008-044702-3c2153c-55a5-n16-r6	6	c100	sample	0	0-SRR5935762	wall_s	21.024631
20261008-044702-3c2153c-55a5-n16-r6	6	c100	sample	0	0-SRR5935762	setup_s	0.000053
20261008-044702-3c2153c-55a5-n16-r6	6	c100	sample	0	0-SRR5935762	classify_s	20.496621
20261008-044702-3c2153c-55a5-n16-r6	6	c100	sample	0	0-SRR5935762	close_s	0.309481
20261008-044702-3c2153c-55a5-n16-r6	6	c100	sample	0	0-SRR5935762	report_s	0.205541
20261008-044702-3c2153c-55a5-n16-r6	6	c100	sample	0	0-SRR5935762	status	0
20261008-044702-3c2153c-55a5-n16-r6	6	c100	sample	0	0-SRR5935762	sequences	18129553
20261008-044702-3c2153c-55a5-n16-r6	6	c100	sample	0	0-SRR5935762	bases	3409028279
20261008-044702-3c2153c-55a5-n16-r6	6	c100	sample	0	0-SRR5935762	classified	17831449
20261008-044702-3c2153c-55a5-n16-r6	6	c100	sample	0	0-SRR5935762	place	lpt
20261008-044702-3c2153c-55a5-n16-r6	6	c100	sample	0	0-SRR5935762	weight	18129553
20261008-044702-3c2153c-55a5-n16-r6	6	c100	sample	0	0-SRR5935834	mode	parallel
20261008-044702-3c2153c-55a5-n16-r6	6	c100	sample	0	0-SRR5935834	s3client	sdk
20261008-044702-3c2153c-55a5-n16-r6	6	c100	sample	0	0-SRR5935834	rank	6
20261008-044702-3c2153c-55a5-n16-r6	6	c100	sample	0	0-SRR5935834	role	home
20261008-044702-3c2153c-55a5-n16-r6	6	c100	sample	0	0-SRR5935834	inflight	2
20261008-044702-3c2153c-55a5-n16-r6	6	c100	sample	0	0-SRR5935834	threads	16
20261008-044702-3c2153c-55a5-n16-r6	6	c100	sample	0	0-SRR5935834	start_s	76.343896
20261008-044702-3c2153c-55a5-n16-r6	6	c100	sample	0	0-SRR5935834	wall_s	14.269677
20261008-044702-3c2153c-55a5-n16-r6	6	c100	sample	0	0-SRR5935834	setup_s	0.000083
20261008-044702-3c2153c-55a5-n16-r6	6	c100	sample	0	0-SRR5935834	classify_s	13.803537
20261008-044702-3c2153c-55a5-n16-r6	6	c100	sample	0	0-SRR5935834	close_s	0.214410
20261008-044702-3c2153c-55a5-n16-r6	6	c100	sample	0	0-SRR5935834	report_s	0.238935
20261008-044702-3c2153c-55a5-n16-r6	6	c100	sample	0	0-SRR5935834	status	0
20261008-044702-3c2153c-55a5-n16-r6	6	c100	sample	0	0-SRR5935834	sequences	12610038
20261008-044702-3c2153c-55a5-n16-r6	6	c100	sample	0	0-SRR5935834	bases	2321592529
20261008-044702-3c2153c-55a5-n16-r6	6	c100	sample	0	0-SRR5935834	classified	12099380
20261008-044702-3c2153c-55a5-n16-r6	6	c100	sample	0	0-SRR5935834	place	lpt
20261008-044702-3c2153c-55a5-n16-r6	6	c100	sample	0	0-SRR5935834	weight	12610038
20261008-044702-3c2153c-55a5-n16-r6	6	c100	sample	0	0-SRR5935780	mode	parallel
20261008-044702-3c2153c-55a5-n16-r6	6	c100	sample	0	0-SRR5935780	s3client	sdk
20261008-044702-3c2153c-55a5-n16-r6	6	c100	sample	0	0-SRR5935780	rank	6
20261008-044702-3c2153c-55a5-n16-r6	6	c100	sample	0	0-SRR5935780	role	home
20261008-044702-3c2153c-55a5-n16-r6	6	c100	sample	0	0-SRR5935780	inflight	2
20261008-044702-3c2153c-55a5-n16-r6	6	c100	sample	0	0-SRR5935780	threads	16
20261008-044702-3c2153c-55a5-n16-r6	6	c100	sample	0	0-SRR5935780	start_s	79.847886
20261008-044702-3c2153c-55a5-n16-r6	6	c100	sample	0	0-SRR5935780	wall_s	12.542202
20261008-044702-3c2153c-55a5-n16-r6	6	c100	sample	0	0-SRR5935780	setup_s	0.000095
20261008-044702-3c2153c-55a5-n16-r6	6	c100	sample	0	0-SRR5935780	classify_s	11.981111
20261008-044702-3c2153c-55a5-n16-r6	6	c100	sample	0	0-SRR5935780	close_s	0.244433
20261008-044702-3c2153c-55a5-n16-r6	6	c100	sample	0	0-SRR5935780	report_s	0.307188
20261008-044702-3c2153c-55a5-n16-r6	6	c100	sample	0	0-SRR5935780	status	0
20261008-044702-3c2153c-55a5-n16-r6	6	c100	sample	0	0-SRR5935780	sequences	10716528
20261008-044702-3c2153c-55a5-n16-r6	6	c100	sample	0	0-SRR5935780	bases	1994960359
20261008-044702-3c2153c-55a5-n16-r6	6	c100	sample	0	0-SRR5935780	classified	10376259
20261008-044702-3c2153c-55a5-n16-r6	6	c100	sample	0	0-SRR5935780	place	lpt
20261008-044702-3c2153c-55a5-n16-r6	6	c100	sample	0	0-SRR5935780	weight	10716528
20261008-044702-3c2153c-55a5-n16-r6	6	c100	sample	0	0-SRR5935776	mode	parallel
20261008-044702-3c2153c-55a5-n16-r6	6	c100	sample	0	0-SRR5935776	s3client	sdk
20261008-044702-3c2153c-55a5-n16-r6	6	c100	sample	0	0-SRR5935776	rank	6
20261008-044702-3c2153c-55a5-n16-r6	6	c100	sample	0	0-SRR5935776	role	home
20261008-044702-3c2153c-55a5-n16-r6	6	c100	sample	0	0-SRR5935776	inflight	2
20261008-044702-3c2153c-55a5-n16-r6	6	c100	sample	0	0-SRR5935776	threads	16
20261008-044702-3c2153c-55a5-n16-r6	6	c100	sample	0	0-SRR5935776	start_s	92.390198
20261008-044702-3c2153c-55a5-n16-r6	6	c100	sample	0	0-SRR5935776	wall_s	4.207382
20261008-044702-3c2153c-55a5-n16-r6	6	c100	sample	0	0-SRR5935776	setup_s	0.000092
20261008-044702-3c2153c-55a5-n16-r6	6	c100	sample	0	0-SRR5935776	classify_s	3.735100
20261008-044702-3c2153c-55a5-n16-r6	6	c100	sample	0	0-SRR5935776	close_s	0.297816
20261008-044702-3c2153c-55a5-n16-r6	6	c100	sample	0	0-SRR5935776	report_s	0.169665
20261008-044702-3c2153c-55a5-n16-r6	6	c100	sample	0	0-SRR5935776	status	0
20261008-044702-3c2153c-55a5-n16-r6	6	c100	sample	0	0-SRR5935776	sequences	3168882
20261008-044702-3c2153c-55a5-n16-r6	6	c100	sample	0	0-SRR5935776	bases	592648009
20261008-044702-3c2153c-55a5-n16-r6	6	c100	sample	0	0-SRR5935776	classified	3127330
20261008-044702-3c2153c-55a5-n16-r6	6	c100	sample	0	0-SRR5935776	place	lpt
20261008-044702-3c2153c-55a5-n16-r6	6	c100	sample	0	0-SRR5935776	weight	3168882
20261008-044702-3c2153c-55a5-n16-r6	6	c100	sample	0	0-SRR5935790	mode	parallel
20261008-044702-3c2153c-55a5-n16-r6	6	c100	sample	0	0-SRR5935790	s3client	sdk
20261008-044702-3c2153c-55a5-n16-r6	6	c100	sample	0	0-SRR5935790	rank	6
20261008-044702-3c2153c-55a5-n16-r6	6	c100	sample	0	0-SRR5935790	role	home
20261008-044702-3c2153c-55a5-n16-r6	6	c100	sample	0	0-SRR5935790	inflight	2
20261008-044702-3c2153c-55a5-n16-r6	6	c100	sample	0	0-SRR5935790	threads	16
20261008-044702-3c2153c-55a5-n16-r6	6	c100	sample	0	0-SRR5935790	start_s	90.613679
20261008-044702-3c2153c-55a5-n16-r6	6	c100	sample	0	0-SRR5935790	wall_s	8.254855
20261008-044702-3c2153c-55a5-n16-r6	6	c100	sample	0	0-SRR5935790	setup_s	0.000080
20261008-044702-3c2153c-55a5-n16-r6	6	c100	sample	0	0-SRR5935790	classify_s	7.768519
20261008-044702-3c2153c-55a5-n16-r6	6	c100	sample	0	0-SRR5935790	close_s	0.310945
20261008-044702-3c2153c-55a5-n16-r6	6	c100	sample	0	0-SRR5935790	report_s	0.165746
20261008-044702-3c2153c-55a5-n16-r6	6	c100	sample	0	0-SRR5935790	status	0
20261008-044702-3c2153c-55a5-n16-r6	6	c100	sample	0	0-SRR5935790	sequences	9202475
20261008-044702-3c2153c-55a5-n16-r6	6	c100	sample	0	0-SRR5935790	bases	1711991411
20261008-044702-3c2153c-55a5-n16-r6	6	c100	sample	0	0-SRR5935790	classified	8810259
20261008-044702-3c2153c-55a5-n16-r6	6	c100	sample	0	0-SRR5935790	place	lpt
20261008-044702-3c2153c-55a5-n16-r6	6	c100	sample	0	0-SRR5935790	weight	9202475
20261008-044702-3c2153c-55a5-n16-r6	6	c100	phase			batch-barrier-0	0.428975
20261008-044702-3c2153c-55a5-n16-r6	6	c100	phase			batch-barrier-0.start_s	98.868553
20261008-044702-3c2153c-55a5-n16-r6	6	c100	sample	1	1-SRR5935746	mode	parallel
20261008-044702-3c2153c-55a5-n16-r6	6	c100	sample	1	1-SRR5935746	s3client	sdk
20261008-044702-3c2153c-55a5-n16-r6	6	c100	sample	1	1-SRR5935746	rank	6
20261008-044702-3c2153c-55a5-n16-r6	6	c100	sample	1	1-SRR5935746	role	home
20261008-044702-3c2153c-55a5-n16-r6	6	c100	sample	1	1-SRR5935746	inflight	2
20261008-044702-3c2153c-55a5-n16-r6	6	c100	sample	1	1-SRR5935746	threads	16
20261008-044702-3c2153c-55a5-n16-r6	6	c100	sample	1	1-SRR5935746	start_s	99.297577
20261008-044702-3c2153c-55a5-n16-r6	6	c100	sample	1	1-SRR5935746	wall_s	13.757260
20261008-044702-3c2153c-55a5-n16-r6	6	c100	sample	1	1-SRR5935746	setup_s	0.000054
20261008-044702-3c2153c-55a5-n16-r6	6	c100	sample	1	1-SRR5935746	classify_s	13.254157
20261008-044702-3c2153c-55a5-n16-r6	6	c100	sample	1	1-SRR5935746	close_s	0.295731
20261008-044702-3c2153c-55a5-n16-r6	6	c100	sample	1	1-SRR5935746	report_s	0.198234
20261008-044702-3c2153c-55a5-n16-r6	6	c100	sample	1	1-SRR5935746	status	0
20261008-044702-3c2153c-55a5-n16-r6	6	c100	sample	1	1-SRR5935746	sequences	11012615
20261008-044702-3c2153c-55a5-n16-r6	6	c100	sample	1	1-SRR5935746	bases	2057953866
20261008-044702-3c2153c-55a5-n16-r6	6	c100	sample	1	1-SRR5935746	classified	10686469
20261008-044702-3c2153c-55a5-n16-r6	6	c100	sample	1	1-SRR5935746	place	mod
20261008-044702-3c2153c-55a5-n16-r6	6	c100	sample	1	1-SRR5935746	weight	11012615
20261008-044702-3c2153c-55a5-n16-r6	6	c100	sample	1	1-SRR5935762	mode	parallel
20261008-044702-3c2153c-55a5-n16-r6	6	c100	sample	1	1-SRR5935762	s3client	sdk
20261008-044702-3c2153c-55a5-n16-r6	6	c100	sample	1	1-SRR5935762	rank	6
20261008-044702-3c2153c-55a5-n16-r6	6	c100	sample	1	1-SRR5935762	role	home
20261008-044702-3c2153c-55a5-n16-r6	6	c100	sample	1	1-SRR5935762	inflight	2
20261008-044702-3c2153c-55a5-n16-r6	6	c100	sample	1	1-SRR5935762	threads	16
20261008-044702-3c2153c-55a5-n16-r6	6	c100	sample	1	1-SRR5935762	start_s	99.297558
20261008-044702-3c2153c-55a5-n16-r6	6	c100	sample	1	1-SRR5935762	wall_s	20.811968
20261008-044702-3c2153c-55a5-n16-r6	6	c100	sample	1	1-SRR5935762	setup_s	0.000057
20261008-044702-3c2153c-55a5-n16-r6	6	c100	sample	1	1-SRR5935762	classify_s	20.403168
20261008-044702-3c2153c-55a5-n16-r6	6	c100	sample	1	1-SRR5935762	close_s	0.208489
20261008-044702-3c2153c-55a5-n16-r6	6	c100	sample	1	1-SRR5935762	report_s	0.190140
20261008-044702-3c2153c-55a5-n16-r6	6	c100	sample	1	1-SRR5935762	status	0
20261008-044702-3c2153c-55a5-n16-r6	6	c100	sample	1	1-SRR5935762	sequences	18129553
20261008-044702-3c2153c-55a5-n16-r6	6	c100	sample	1	1-SRR5935762	bases	3409028279
20261008-044702-3c2153c-55a5-n16-r6	6	c100	sample	1	1-SRR5935762	classified	17831449
20261008-044702-3c2153c-55a5-n16-r6	6	c100	sample	1	1-SRR5935762	place	mod
20261008-044702-3c2153c-55a5-n16-r6	6	c100	sample	1	1-SRR5935762	weight	18129553
20261008-044702-3c2153c-55a5-n16-r6	6	c100	sample	1	1-SRR5935778	mode	parallel
20261008-044702-3c2153c-55a5-n16-r6	6	c100	sample	1	1-SRR5935778	s3client	sdk
20261008-044702-3c2153c-55a5-n16-r6	6	c100	sample	1	1-SRR5935778	rank	6
20261008-044702-3c2153c-55a5-n16-r6	6	c100	sample	1	1-SRR5935778	role	home
20261008-044702-3c2153c-55a5-n16-r6	6	c100	sample	1	1-SRR5935778	inflight	2
20261008-044702-3c2153c-55a5-n16-r6	6	c100	sample	1	1-SRR5935778	threads	16
20261008-044702-3c2153c-55a5-n16-r6	6	c100	sample	1	1-SRR5935778	start_s	113.054929
20261008-044702-3c2153c-55a5-n16-r6	6	c100	sample	1	1-SRR5935778	wall_s	12.284719
20261008-044702-3c2153c-55a5-n16-r6	6	c100	sample	1	1-SRR5935778	setup_s	0.000084
20261008-044702-3c2153c-55a5-n16-r6	6	c100	sample	1	1-SRR5935778	classify_s	11.719173
20261008-044702-3c2153c-55a5-n16-r6	6	c100	sample	1	1-SRR5935778	close_s	0.350986
20261008-044702-3c2153c-55a5-n16-r6	6	c100	sample	1	1-SRR5935778	report_s	0.181048
20261008-044702-3c2153c-55a5-n16-r6	6	c100	sample	1	1-SRR5935778	status	0
20261008-044702-3c2153c-55a5-n16-r6	6	c100	sample	1	1-SRR5935778	sequences	10554303
20261008-044702-3c2153c-55a5-n16-r6	6	c100	sample	1	1-SRR5935778	bases	1946564732
20261008-044702-3c2153c-55a5-n16-r6	6	c100	sample	1	1-SRR5935778	classified	10062971
20261008-044702-3c2153c-55a5-n16-r6	6	c100	sample	1	1-SRR5935778	place	mod
20261008-044702-3c2153c-55a5-n16-r6	6	c100	sample	1	1-SRR5935778	weight	10554303
20261008-044702-3c2153c-55a5-n16-r6	6	c100	sample	1	1-SRR5935794	mode	parallel
20261008-044702-3c2153c-55a5-n16-r6	6	c100	sample	1	1-SRR5935794	s3client	sdk
20261008-044702-3c2153c-55a5-n16-r6	6	c100	sample	1	1-SRR5935794	rank	6
20261008-044702-3c2153c-55a5-n16-r6	6	c100	sample	1	1-SRR5935794	role	home
20261008-044702-3c2153c-55a5-n16-r6	6	c100	sample	1	1-SRR5935794	inflight	2
20261008-044702-3c2153c-55a5-n16-r6	6	c100	sample	1	1-SRR5935794	threads	16
20261008-044702-3c2153c-55a5-n16-r6	6	c100	sample	1	1-SRR5935794	start_s	120.109620
20261008-044702-3c2153c-55a5-n16-r6	6	c100	sample	1	1-SRR5935794	wall_s	14.529676
20261008-044702-3c2153c-55a5-n16-r6	6	c100	sample	1	1-SRR5935794	setup_s	0.000081
20261008-044702-3c2153c-55a5-n16-r6	6	c100	sample	1	1-SRR5935794	classify_s	14.146211
20261008-044702-3c2153c-55a5-n16-r6	6	c100	sample	1	1-SRR5935794	close_s	0.235956
20261008-044702-3c2153c-55a5-n16-r6	6	c100	sample	1	1-SRR5935794	report_s	0.138601
20261008-044702-3c2153c-55a5-n16-r6	6	c100	sample	1	1-SRR5935794	status	0
20261008-044702-3c2153c-55a5-n16-r6	6	c100	sample	1	1-SRR5935794	sequences	13404063
20261008-044702-3c2153c-55a5-n16-r6	6	c100	sample	1	1-SRR5935794	bases	2484447317
20261008-044702-3c2153c-55a5-n16-r6	6	c100	sample	1	1-SRR5935794	classified	13071600
20261008-044702-3c2153c-55a5-n16-r6	6	c100	sample	1	1-SRR5935794	place	mod
20261008-044702-3c2153c-55a5-n16-r6	6	c100	sample	1	1-SRR5935794	weight	13404063
20261008-044702-3c2153c-55a5-n16-r6	6	c100	sample	1	1-SRR5935810	mode	parallel
20261008-044702-3c2153c-55a5-n16-r6	6	c100	sample	1	1-SRR5935810	s3client	sdk
20261008-044702-3c2153c-55a5-n16-r6	6	c100	sample	1	1-SRR5935810	rank	6
20261008-044702-3c2153c-55a5-n16-r6	6	c100	sample	1	1-SRR5935810	role	home
20261008-044702-3c2153c-55a5-n16-r6	6	c100	sample	1	1-SRR5935810	inflight	2
20261008-044702-3c2153c-55a5-n16-r6	6	c100	sample	1	1-SRR5935810	threads	16
20261008-044702-3c2153c-55a5-n16-r6	6	c100	sample	1	1-SRR5935810	start_s	125.339760
20261008-044702-3c2153c-55a5-n16-r6	6	c100	sample	1	1-SRR5935810	wall_s	16.527571
20261008-044702-3c2153c-55a5-n16-r6	6	c100	sample	1	1-SRR5935810	setup_s	0.000084
20261008-044702-3c2153c-55a5-n16-r6	6	c100	sample	1	1-SRR5935810	classify_s	16.096784
20261008-044702-3c2153c-55a5-n16-r6	6	c100	sample	1	1-SRR5935810	close_s	0.212860
20261008-044702-3c2153c-55a5-n16-r6	6	c100	sample	1	1-SRR5935810	report_s	0.190535
20261008-044702-3c2153c-55a5-n16-r6	6	c100	sample	1	1-SRR5935810	status	0
20261008-044702-3c2153c-55a5-n16-r6	6	c100	sample	1	1-SRR5935810	sequences	15280552
20261008-044702-3c2153c-55a5-n16-r6	6	c100	sample	1	1-SRR5935810	bases	2858109884
20261008-044702-3c2153c-55a5-n16-r6	6	c100	sample	1	1-SRR5935810	classified	13785544
20261008-044702-3c2153c-55a5-n16-r6	6	c100	sample	1	1-SRR5935810	place	mod
20261008-044702-3c2153c-55a5-n16-r6	6	c100	sample	1	1-SRR5935810	weight	15280552
20261008-044702-3c2153c-55a5-n16-r6	6	c100	sample	1	1-SRR5935826	mode	parallel
20261008-044702-3c2153c-55a5-n16-r6	6	c100	sample	1	1-SRR5935826	s3client	sdk
20261008-044702-3c2153c-55a5-n16-r6	6	c100	sample	1	1-SRR5935826	rank	6
20261008-044702-3c2153c-55a5-n16-r6	6	c100	sample	1	1-SRR5935826	role	home
20261008-044702-3c2153c-55a5-n16-r6	6	c100	sample	1	1-SRR5935826	inflight	2
20261008-044702-3c2153c-55a5-n16-r6	6	c100	sample	1	1-SRR5935826	threads	16
20261008-044702-3c2153c-55a5-n16-r6	6	c100	sample	1	1-SRR5935826	start_s	134.639376
20261008-044702-3c2153c-55a5-n16-r6	6	c100	sample	1	1-SRR5935826	wall_s	8.689214
20261008-044702-3c2153c-55a5-n16-r6	6	c100	sample	1	1-SRR5935826	setup_s	0.000067
20261008-044702-3c2153c-55a5-n16-r6	6	c100	sample	1	1-SRR5935826	classify_s	7.887309
20261008-044702-3c2153c-55a5-n16-r6	6	c100	sample	1	1-SRR5935826	close_s	0.642939
20261008-044702-3c2153c-55a5-n16-r6	6	c100	sample	1	1-SRR5935826	report_s	0.153099
20261008-044702-3c2153c-55a5-n16-r6	6	c100	sample	1	1-SRR5935826	status	0
20261008-044702-3c2153c-55a5-n16-r6	6	c100	sample	1	1-SRR5935826	sequences	8766123
20261008-044702-3c2153c-55a5-n16-r6	6	c100	sample	1	1-SRR5935826	bases	1609927653
20261008-044702-3c2153c-55a5-n16-r6	6	c100	sample	1	1-SRR5935826	classified	8639469
20261008-044702-3c2153c-55a5-n16-r6	6	c100	sample	1	1-SRR5935826	place	mod
20261008-044702-3c2153c-55a5-n16-r6	6	c100	sample	1	1-SRR5935826	weight	8766123
20261008-044702-3c2153c-55a5-n16-r6	6	c100	phase			batch-barrier-1	0.521407
20261008-044702-3c2153c-55a5-n16-r6	6	c100	phase			batch-barrier-1.start_s	143.328608
20261008-044702-3c2153c-55a5-n16-r6	6	c100	sample	2	2-SRR5935838	mode	parallel
20261008-044702-3c2153c-55a5-n16-r6	6	c100	sample	2	2-SRR5935838	s3client	sdk
20261008-044702-3c2153c-55a5-n16-r6	6	c100	sample	2	2-SRR5935838	rank	6
20261008-044702-3c2153c-55a5-n16-r6	6	c100	sample	2	2-SRR5935838	role	home
20261008-044702-3c2153c-55a5-n16-r6	6	c100	sample	2	2-SRR5935838	inflight	2
20261008-044702-3c2153c-55a5-n16-r6	6	c100	sample	2	2-SRR5935838	threads	16
20261008-044702-3c2153c-55a5-n16-r6	6	c100	sample	2	2-SRR5935838	start_s	143.850061
20261008-044702-3c2153c-55a5-n16-r6	6	c100	sample	2	2-SRR5935838	wall_s	17.496395
20261008-044702-3c2153c-55a5-n16-r6	6	c100	sample	2	2-SRR5935838	setup_s	0.000054
20261008-044702-3c2153c-55a5-n16-r6	6	c100	sample	2	2-SRR5935838	classify_s	17.123941
20261008-044702-3c2153c-55a5-n16-r6	6	c100	sample	2	2-SRR5935838	close_s	0.214409
20261008-044702-3c2153c-55a5-n16-r6	6	c100	sample	2	2-SRR5935838	report_s	0.147264
20261008-044702-3c2153c-55a5-n16-r6	6	c100	sample	2	2-SRR5935838	status	0
20261008-044702-3c2153c-55a5-n16-r6	6	c100	sample	2	2-SRR5935838	sequences	14615323
20261008-044702-3c2153c-55a5-n16-r6	6	c100	sample	2	2-SRR5935838	bases	2691062094
20261008-044702-3c2153c-55a5-n16-r6	6	c100	sample	2	2-SRR5935838	classified	14358414
20261008-044702-3c2153c-55a5-n16-r6	6	c100	sample	2	2-SRR5935838	place	lpt
20261008-044702-3c2153c-55a5-n16-r6	6	c100	sample	2	2-SRR5935838	weight	14615323
20261008-044702-3c2153c-55a5-n16-r6	6	c100	sample	2	2-SRR5935762	mode	parallel
20261008-044702-3c2153c-55a5-n16-r6	6	c100	sample	2	2-SRR5935762	s3client	sdk
20261008-044702-3c2153c-55a5-n16-r6	6	c100	sample	2	2-SRR5935762	rank	6
20261008-044702-3c2153c-55a5-n16-r6	6	c100	sample	2	2-SRR5935762	role	home
20261008-044702-3c2153c-55a5-n16-r6	6	c100	sample	2	2-SRR5935762	inflight	2
20261008-044702-3c2153c-55a5-n16-r6	6	c100	sample	2	2-SRR5935762	threads	16
20261008-044702-3c2153c-55a5-n16-r6	6	c100	sample	2	2-SRR5935762	start_s	143.850064
20261008-044702-3c2153c-55a5-n16-r6	6	c100	sample	2	2-SRR5935762	wall_s	20.950838
20261008-044702-3c2153c-55a5-n16-r6	6	c100	sample	2	2-SRR5935762	setup_s	0.000049
20261008-044702-3c2153c-55a5-n16-r6	6	c100	sample	2	2-SRR5935762	classify_s	20.524995
20261008-044702-3c2153c-55a5-n16-r6	6	c100	sample	2	2-SRR5935762	close_s	0.243701
20261008-044702-3c2153c-55a5-n16-r6	6	c100	sample	2	2-SRR5935762	report_s	0.169789
20261008-044702-3c2153c-55a5-n16-r6	6	c100	sample	2	2-SRR5935762	status	0
20261008-044702-3c2153c-55a5-n16-r6	6	c100	sample	2	2-SRR5935762	sequences	18129553
20261008-044702-3c2153c-55a5-n16-r6	6	c100	sample	2	2-SRR5935762	bases	3409028279
20261008-044702-3c2153c-55a5-n16-r6	6	c100	sample	2	2-SRR5935762	classified	17831449
20261008-044702-3c2153c-55a5-n16-r6	6	c100	sample	2	2-SRR5935762	place	lpt
20261008-044702-3c2153c-55a5-n16-r6	6	c100	sample	2	2-SRR5935762	weight	18129553
20261008-044702-3c2153c-55a5-n16-r6	6	c100	sample	2	2-SRR5935834	mode	parallel
20261008-044702-3c2153c-55a5-n16-r6	6	c100	sample	2	2-SRR5935834	s3client	sdk
20261008-044702-3c2153c-55a5-n16-r6	6	c100	sample	2	2-SRR5935834	rank	6
20261008-044702-3c2153c-55a5-n16-r6	6	c100	sample	2	2-SRR5935834	role	home
20261008-044702-3c2153c-55a5-n16-r6	6	c100	sample	2	2-SRR5935834	inflight	2
20261008-044702-3c2153c-55a5-n16-r6	6	c100	sample	2	2-SRR5935834	threads	16
20261008-044702-3c2153c-55a5-n16-r6	6	c100	sample	2	2-SRR5935834	start_s	161.346538
20261008-044702-3c2153c-55a5-n16-r6	6	c100	sample	2	2-SRR5935834	wall_s	14.370630
20261008-044702-3c2153c-55a5-n16-r6	6	c100	sample	2	2-SRR5935834	setup_s	0.000085
20261008-044702-3c2153c-55a5-n16-r6	6	c100	sample	2	2-SRR5935834	classify_s	13.978205
20261008-044702-3c2153c-55a5-n16-r6	6	c100	sample	2	2-SRR5935834	close_s	0.227416
20261008-044702-3c2153c-55a5-n16-r6	6	c100	sample	2	2-SRR5935834	report_s	0.149770
20261008-044702-3c2153c-55a5-n16-r6	6	c100	sample	2	2-SRR5935834	status	0
20261008-044702-3c2153c-55a5-n16-r6	6	c100	sample	2	2-SRR5935834	sequences	12610038
20261008-044702-3c2153c-55a5-n16-r6	6	c100	sample	2	2-SRR5935834	bases	2321592529
20261008-044702-3c2153c-55a5-n16-r6	6	c100	sample	2	2-SRR5935834	classified	12099380
20261008-044702-3c2153c-55a5-n16-r6	6	c100	sample	2	2-SRR5935834	place	lpt
20261008-044702-3c2153c-55a5-n16-r6	6	c100	sample	2	2-SRR5935834	weight	12610038
20261008-044702-3c2153c-55a5-n16-r6	6	c100	sample	2	2-SRR5935780	mode	parallel
20261008-044702-3c2153c-55a5-n16-r6	6	c100	sample	2	2-SRR5935780	s3client	sdk
20261008-044702-3c2153c-55a5-n16-r6	6	c100	sample	2	2-SRR5935780	rank	6
20261008-044702-3c2153c-55a5-n16-r6	6	c100	sample	2	2-SRR5935780	role	home
20261008-044702-3c2153c-55a5-n16-r6	6	c100	sample	2	2-SRR5935780	inflight	2
20261008-044702-3c2153c-55a5-n16-r6	6	c100	sample	2	2-SRR5935780	threads	16
20261008-044702-3c2153c-55a5-n16-r6	6	c100	sample	2	2-SRR5935780	start_s	164.800945
20261008-044702-3c2153c-55a5-n16-r6	6	c100	sample	2	2-SRR5935780	wall_s	12.338580
20261008-044702-3c2153c-55a5-n16-r6	6	c100	sample	2	2-SRR5935780	setup_s	0.000095
20261008-044702-3c2153c-55a5-n16-r6	6	c100	sample	2	2-SRR5935780	classify_s	11.824832
20261008-044702-3c2153c-55a5-n16-r6	6	c100	sample	2	2-SRR5935780	close_s	0.351680
20261008-044702-3c2153c-55a5-n16-r6	6	c100	sample	2	2-SRR5935780	report_s	0.153071
20261008-044702-3c2153c-55a5-n16-r6	6	c100	sample	2	2-SRR5935780	status	0
20261008-044702-3c2153c-55a5-n16-r6	6	c100	sample	2	2-SRR5935780	sequences	10716528
20261008-044702-3c2153c-55a5-n16-r6	6	c100	sample	2	2-SRR5935780	bases	1994960359
20261008-044702-3c2153c-55a5-n16-r6	6	c100	sample	2	2-SRR5935780	classified	10376259
20261008-044702-3c2153c-55a5-n16-r6	6	c100	sample	2	2-SRR5935780	place	lpt
20261008-044702-3c2153c-55a5-n16-r6	6	c100	sample	2	2-SRR5935780	weight	10716528
20261008-044702-3c2153c-55a5-n16-r6	6	c100	sample	2	2-SRR5935776	mode	parallel
20261008-044702-3c2153c-55a5-n16-r6	6	c100	sample	2	2-SRR5935776	s3client	sdk
20261008-044702-3c2153c-55a5-n16-r6	6	c100	sample	2	2-SRR5935776	rank	6
20261008-044702-3c2153c-55a5-n16-r6	6	c100	sample	2	2-SRR5935776	role	home
20261008-044702-3c2153c-55a5-n16-r6	6	c100	sample	2	2-SRR5935776	inflight	2
20261008-044702-3c2153c-55a5-n16-r6	6	c100	sample	2	2-SRR5935776	threads	16
20261008-044702-3c2153c-55a5-n16-r6	6	c100	sample	2	2-SRR5935776	start_s	177.139617
20261008-044702-3c2153c-55a5-n16-r6	6	c100	sample	2	2-SRR5935776	wall_s	4.320695
20261008-044702-3c2153c-55a5-n16-r6	6	c100	sample	2	2-SRR5935776	setup_s	0.000056
20261008-044702-3c2153c-55a5-n16-r6	6	c100	sample	2	2-SRR5935776	classify_s	3.960967
20261008-044702-3c2153c-55a5-n16-r6	6	c100	sample	2	2-SRR5935776	close_s	0.211529
20261008-044702-3c2153c-55a5-n16-r6	6	c100	sample	2	2-SRR5935776	report_s	0.143610
20261008-044702-3c2153c-55a5-n16-r6	6	c100	sample	2	2-SRR5935776	status	0
20261008-044702-3c2153c-55a5-n16-r6	6	c100	sample	2	2-SRR5935776	sequences	3168882
20261008-044702-3c2153c-55a5-n16-r6	6	c100	sample	2	2-SRR5935776	bases	592648009
20261008-044702-3c2153c-55a5-n16-r6	6	c100	sample	2	2-SRR5935776	classified	3127330
20261008-044702-3c2153c-55a5-n16-r6	6	c100	sample	2	2-SRR5935776	place	lpt
20261008-044702-3c2153c-55a5-n16-r6	6	c100	sample	2	2-SRR5935776	weight	3168882
20261008-044702-3c2153c-55a5-n16-r6	6	c100	sample	2	2-SRR5935790	mode	parallel
20261008-044702-3c2153c-55a5-n16-r6	6	c100	sample	2	2-SRR5935790	s3client	sdk
20261008-044702-3c2153c-55a5-n16-r6	6	c100	sample	2	2-SRR5935790	rank	6
20261008-044702-3c2153c-55a5-n16-r6	6	c100	sample	2	2-SRR5935790	role	home
20261008-044702-3c2153c-55a5-n16-r6	6	c100	sample	2	2-SRR5935790	inflight	2
20261008-044702-3c2153c-55a5-n16-r6	6	c100	sample	2	2-SRR5935790	threads	16
20261008-044702-3c2153c-55a5-n16-r6	6	c100	sample	2	2-SRR5935790	start_s	175.717205
20261008-044702-3c2153c-55a5-n16-r6	6	c100	sample	2	2-SRR5935790	wall_s	8.463004
20261008-044702-3c2153c-55a5-n16-r6	6	c100	sample	2	2-SRR5935790	setup_s	0.000083
20261008-044702-3c2153c-55a5-n16-r6	6	c100	sample	2	2-SRR5935790	classify_s	8.047409
20261008-044702-3c2153c-55a5-n16-r6	6	c100	sample	2	2-SRR5935790	close_s	0.230849
20261008-044702-3c2153c-55a5-n16-r6	6	c100	sample	2	2-SRR5935790	report_s	0.174718
20261008-044702-3c2153c-55a5-n16-r6	6	c100	sample	2	2-SRR5935790	status	0
20261008-044702-3c2153c-55a5-n16-r6	6	c100	sample	2	2-SRR5935790	sequences	9202475
20261008-044702-3c2153c-55a5-n16-r6	6	c100	sample	2	2-SRR5935790	bases	1711991411
20261008-044702-3c2153c-55a5-n16-r6	6	c100	sample	2	2-SRR5935790	classified	8810259
20261008-044702-3c2153c-55a5-n16-r6	6	c100	sample	2	2-SRR5935790	place	lpt
20261008-044702-3c2153c-55a5-n16-r6	6	c100	sample	2	2-SRR5935790	weight	9202475
20261008-044702-3c2153c-55a5-n16-r6	6	c100	phase			batch-barrier-2	0.436179
20261008-044702-3c2153c-55a5-n16-r6	6	c100	phase			batch-barrier-2.start_s	184.180231
20261008-044702-3c2153c-55a5-n16-r6	6	c100	phase			barrier	0.315610
20261008-044702-3c2153c-55a5-n16-r6	6	c100	phase			barrier.start_s	191.121401
20261008-044702-3c2153c-55a5-n16-r6	6	c100	sample	3	3-SRR5935740	mode	striped
20261008-044702-3c2153c-55a5-n16-r6	6	c100	sample	3	3-SRR5935740	s3client	sdk
20261008-044702-3c2153c-55a5-n16-r6	6	c100	sample	3	3-SRR5935740	rank	6
20261008-044702-3c2153c-55a5-n16-r6	6	c100	sample	3	3-SRR5935740	role	peer
20261008-044702-3c2153c-55a5-n16-r6	6	c100	sample	3	3-SRR5935740	inflight	1
20261008-044702-3c2153c-55a5-n16-r6	6	c100	sample	3	3-SRR5935740	threads	16
20261008-044702-3c2153c-55a5-n16-r6	6	c100	sample	3	3-SRR5935740	start_s	185.491740
20261008-044702-3c2153c-55a5-n16-r6	6	c100	sample	3	3-SRR5935740	wall_s	5.945336
20261008-044702-3c2153c-55a5-n16-r6	6	c100	sample	3	3-SRR5935740	setup_s	0.000051
20261008-044702-3c2153c-55a5-n16-r6	6	c100	sample	3	3-SRR5935740	classify_s	5.624541
20261008-044702-3c2153c-55a5-n16-r6	6	c100	sample	3	3-SRR5935740	close_s	0.000000
20261008-044702-3c2153c-55a5-n16-r6	6	c100	sample	3	3-SRR5935740	report_s	0.000000
20261008-044702-3c2153c-55a5-n16-r6	6	c100	sample	3	3-SRR5935740	status	0
20261008-044702-3c2153c-55a5-n16-r6	6	c100	sample	3	3-SRR5935740	sequences	0
20261008-044702-3c2153c-55a5-n16-r6	6	c100	sample	3	3-SRR5935740	bases	0
20261008-044702-3c2153c-55a5-n16-r6	6	c100	sample	3	3-SRR5935740	classified	0
20261008-044702-3c2153c-55a5-n16-r6	6	c100	sample	3	3-SRR5935740	place	-
20261008-044702-3c2153c-55a5-n16-r6	6	c100	sample	3	3-SRR5935740	weight	-
20261008-044702-3c2153c-55a5-n16-r6	6	c100	phase			batch-barrier-3	0.475663
20261008-044702-3c2153c-55a5-n16-r6	6	c100	phase			batch-barrier-3.start_s	191.437087
20261008-044702-3c2153c-55a5-n16-r6	6	c100	phase			barrier	0.137387
20261008-044702-3c2153c-55a5-n16-r6	6	c100	phase			barrier.start_s	198.372497
20261008-044702-3c2153c-55a5-n16-r6	6	c100	sample	4	4-SRR5935740	mode	striped
20261008-044702-3c2153c-55a5-n16-r6	6	c100	sample	4	4-SRR5935740	s3client	sdk
20261008-044702-3c2153c-55a5-n16-r6	6	c100	sample	4	4-SRR5935740	rank	6
20261008-044702-3c2153c-55a5-n16-r6	6	c100	sample	4	4-SRR5935740	role	peer
20261008-044702-3c2153c-55a5-n16-r6	6	c100	sample	4	4-SRR5935740	inflight	1
20261008-044702-3c2153c-55a5-n16-r6	6	c100	sample	4	4-SRR5935740	threads	16
20261008-044702-3c2153c-55a5-n16-r6	6	c100	sample	4	4-SRR5935740	start_s	192.739986
20261008-044702-3c2153c-55a5-n16-r6	6	c100	sample	4	4-SRR5935740	wall_s	5.769961
20261008-044702-3c2153c-55a5-n16-r6	6	c100	sample	4	4-SRR5935740	setup_s	0.000064
20261008-044702-3c2153c-55a5-n16-r6	6	c100	sample	4	4-SRR5935740	classify_s	5.627624
20261008-044702-3c2153c-55a5-n16-r6	6	c100	sample	4	4-SRR5935740	close_s	0.000000
20261008-044702-3c2153c-55a5-n16-r6	6	c100	sample	4	4-SRR5935740	report_s	0.000000
20261008-044702-3c2153c-55a5-n16-r6	6	c100	sample	4	4-SRR5935740	status	0
20261008-044702-3c2153c-55a5-n16-r6	6	c100	sample	4	4-SRR5935740	sequences	0
20261008-044702-3c2153c-55a5-n16-r6	6	c100	sample	4	4-SRR5935740	bases	0
20261008-044702-3c2153c-55a5-n16-r6	6	c100	sample	4	4-SRR5935740	classified	0
20261008-044702-3c2153c-55a5-n16-r6	6	c100	sample	4	4-SRR5935740	place	-
20261008-044702-3c2153c-55a5-n16-r6	6	c100	sample	4	4-SRR5935740	weight	-
20261008-044702-3c2153c-55a5-n16-r6	6	c100	phase			batch-barrier-4	0.517834
20261008-044702-3c2153c-55a5-n16-r6	6	c100	phase			batch-barrier-4.start_s	198.509961
20261008-044702-3c2153c-55a5-n16-r6	6	c100	phase			barrier	0.141803
20261008-044702-3c2153c-55a5-n16-r6	6	c100	phase			barrier.start_s	205.470363
20261008-044702-3c2153c-55a5-n16-r6	6	c100	sample	5	5-SRR5935740	mode	striped
20261008-044702-3c2153c-55a5-n16-r6	6	c100	sample	5	5-SRR5935740	s3client	sdk
20261008-044702-3c2153c-55a5-n16-r6	6	c100	sample	5	5-SRR5935740	rank	6
20261008-044702-3c2153c-55a5-n16-r6	6	c100	sample	5	5-SRR5935740	role	peer
20261008-044702-3c2153c-55a5-n16-r6	6	c100	sample	5	5-SRR5935740	inflight	1
20261008-044702-3c2153c-55a5-n16-r6	6	c100	sample	5	5-SRR5935740	threads	16
20261008-044702-3c2153c-55a5-n16-r6	6	c100	sample	5	5-SRR5935740	start_s	199.833878
20261008-044702-3c2153c-55a5-n16-r6	6	c100	sample	5	5-SRR5935740	wall_s	5.778346
20261008-044702-3c2153c-55a5-n16-r6	6	c100	sample	5	5-SRR5935740	setup_s	0.000060
20261008-044702-3c2153c-55a5-n16-r6	6	c100	sample	5	5-SRR5935740	classify_s	5.632063
20261008-044702-3c2153c-55a5-n16-r6	6	c100	sample	5	5-SRR5935740	close_s	0.000000
20261008-044702-3c2153c-55a5-n16-r6	6	c100	sample	5	5-SRR5935740	report_s	0.000000
20261008-044702-3c2153c-55a5-n16-r6	6	c100	sample	5	5-SRR5935740	status	0
20261008-044702-3c2153c-55a5-n16-r6	6	c100	sample	5	5-SRR5935740	sequences	0
20261008-044702-3c2153c-55a5-n16-r6	6	c100	sample	5	5-SRR5935740	bases	0
20261008-044702-3c2153c-55a5-n16-r6	6	c100	sample	5	5-SRR5935740	classified	0
20261008-044702-3c2153c-55a5-n16-r6	6	c100	sample	5	5-SRR5935740	place	-
20261008-044702-3c2153c-55a5-n16-r6	6	c100	sample	5	5-SRR5935740	weight	-
20261008-044702-3c2153c-55a5-n16-r6	6	c100	phase			batch-barrier-5	0.793956
20261008-044702-3c2153c-55a5-n16-r6	6	c100	phase			batch-barrier-5.start_s	205.612238
20261008-044702-3c2153c-55a5-n16-r6	6	c100	phase			batch-barrier-6	7.201652
20261008-044702-3c2153c-55a5-n16-r6	6	c100	phase			batch-barrier-6.start_s	206.406220
20261008-044702-3c2153c-55a5-n16-r6	6	c100	phase			batch-barrier-7	7.127048
20261008-044702-3c2153c-55a5-n16-r6	6	c100	phase			batch-barrier-7.start_s	213.607894
20261008-044702-3c2153c-55a5-n16-r6	6	c100	phase			batch-barrier-8	7.215871
20261008-044702-3c2153c-55a5-n16-r6	6	c100	phase			batch-barrier-8.start_s	220.734966
20261008-044702-3c2153c-55a5-n16-r6	6	c100	engine.shard			index	0
20261008-044702-3c2153c-55a5-n16-r6	6	c100	engine.shard			n	16
20261008-044702-3c2153c-55a5-n16-r6	6	c100	engine.shard			lo	111477344228
20261008-044702-3c2153c-55a5-n16-r6	6	c100	engine.shard			hi	130056901599
20261008-044702-3c2153c-55a5-n16-r6	6	c100	engine.shard			tail	302
20261008-044702-3c2153c-55a5-n16-r6	6	c100	engine.shard			full	false
20261008-044702-3c2153c-55a5-n16-r6	6	c100	engine.shard			empty_at	18579557370
20261008-044702-3c2153c-55a5-n16-r6	6	c100	engine.shard			keys	8468165301
20261008-044702-3c2153c-55a5-n16-r6	6	c100	engine.shard			batches	89910
20261008-044702-3c2153c-55a5-n16-r6	6	c100	engine.shard			probe_s	278.822300
20261008-044702-3c2153c-55a5-n16-r6	6	c100	engine.shard			tail_probes	0
20261008-044702-3c2153c-55a5-n16-r6	6	c100	engine.shard			wrap_probes	0
20261008-044702-3c2153c-55a5-n16-r6	6	c100	engine.rendezvous			puts	13
20261008-044702-3c2153c-55a5-n16-r6	6	c100	engine.rendezvous			gets	337
20261008-044702-3c2153c-55a5-n16-r6	6	c100	engine.s3			client	sdk
20261008-044702-3c2153c-55a5-n16-r6	6	c100	engine.s3			put	31
20261008-044702-3c2153c-55a5-n16-r6	6	c100	engine.s3			get	337
20261008-044702-3c2153c-55a5-n16-r6	6	c100	engine.s3			create_multipart	18
20261008-044702-3c2153c-55a5-n16-r6	6	c100	engine.s3			upload_part	2218
20261008-044702-3c2153c-55a5-n16-r6	6	c100	engine.s3			complete_multipart	18
20261008-044702-3c2153c-55a5-n16-r6	6	c100	engine.s3			abort_multipart	0
20261008-044702-3c2153c-55a5-n16-r6	6	c100	engine.s3			part_bytes	18519412405
20261008-044702-3c2153c-55a5-n16-r6	6	c100	engine.s3			client	cli
20261008-044702-3c2153c-55a5-n16-r6	6	c100	engine.s3			put	0
20261008-044702-3c2153c-55a5-n16-r6	6	c100	engine.s3			get	0
20261008-044702-3c2153c-55a5-n16-r6	6	c100	engine.s3			create_multipart	0
20261008-044702-3c2153c-55a5-n16-r6	6	c100	engine.s3			upload_part	0
20261008-044702-3c2153c-55a5-n16-r6	6	c100	engine.s3			complete_multipart	0
20261008-044702-3c2153c-55a5-n16-r6	6	c100	engine.s3			abort_multipart	0
20261008-044702-3c2153c-55a5-n16-r6	6	c100	engine.s3			part_bytes	0
20261008-044702-3c2153c-55a5-n16-r6	6	c100	engine.load			seconds	42.064050
20261008-044702-3c2153c-55a5-n16-r6	6	c100	engine.load			requests	1126
20261008-044702-3c2153c-55a5-n16-r6	6	c100	engine.load			retries	0
20261008-044702-3c2153c-55a5-n16-r6	6	c100	engine.load			bytes	74318296292
20261008-044702-3c2153c-55a5-n16-r6	6	c100	engine.route			transport	nodes
20261008-044702-3c2153c-55a5-n16-r6	6	c100	engine.route			calls	5695
20261008-044702-3c2153c-55a5-n16-r6	6	c100	engine.route			keys	8622128948
20261008-044702-3c2153c-55a5-n16-r6	6	c100	engine.route			batches	91120
20261008-044702-3c2153c-55a5-n16-r6	6	c100	engine.route			route_s	110.929755
20261008-044702-3c2153c-55a5-n16-r6	6	c100	engine.route			wait_s	342.453824
20261008-044702-3c2153c-55a5-n16-r6	6	c100	engine.route			gather_s	21.030667
20261008-044702-3c2153c-55a5-n16-r6	6	c100	engine.worker			scan_s	850.288269
20261008-044702-3c2153c-55a5-n16-r6	6	c100	engine.worker			lookup_s	474.419677
20261008-044702-3c2153c-55a5-n16-r6	6	c100	engine.worker			classify_s	751.767250
20261008-044702-3c2153c-55a5-n16-r6	6	c100	phase			total	228.128059
20261008-044702-3c2153c-55a5-n16-r6	6	c100	phase			total.start_s	0.000002
20261008-044702-3c2153c-55a5-n16-r7	7	c100	phase			taxo	0.093085
20261008-044702-3c2153c-55a5-n16-r7	7	c100	phase			taxo.start_s	0.002860
20261008-044702-3c2153c-55a5-n16-r7	7	c100	phase			shard-load-7	40.389026
20261008-044702-3c2153c-55a5-n16-r7	7	c100	phase			shard-load-7.start_s	0.174617
20261008-044702-3c2153c-55a5-n16-r7	7	c100	phase			rendezvous	22.645971
20261008-044702-3c2153c-55a5-n16-r7	7	c100	phase			rendezvous.start_s	41.015539
20261008-044702-3c2153c-55a5-n16-r7	7	c100	phase			connect	0.269004
20261008-044702-3c2153c-55a5-n16-r7	7	c100	phase			connect.start_s	63.661527
20261008-044702-3c2153c-55a5-n16-r7	7	c100	phase			hash	63.834580
20261008-044702-3c2153c-55a5-n16-r7	7	c100	phase			hash.start_s	0.095971
20261008-044702-3c2153c-55a5-n16-r7	7	c100	sample	0	0-SRR5935784	mode	parallel
20261008-044702-3c2153c-55a5-n16-r7	7	c100	sample	0	0-SRR5935784	s3client	sdk
20261008-044702-3c2153c-55a5-n16-r7	7	c100	sample	0	0-SRR5935784	rank	7
20261008-044702-3c2153c-55a5-n16-r7	7	c100	sample	0	0-SRR5935784	role	home
20261008-044702-3c2153c-55a5-n16-r7	7	c100	sample	0	0-SRR5935784	inflight	2
20261008-044702-3c2153c-55a5-n16-r7	7	c100	sample	0	0-SRR5935784	threads	16
20261008-044702-3c2153c-55a5-n16-r7	7	c100	sample	0	0-SRR5935784	start_s	63.930590
20261008-044702-3c2153c-55a5-n16-r7	7	c100	sample	0	0-SRR5935784	wall_s	15.479566
20261008-044702-3c2153c-55a5-n16-r7	7	c100	sample	0	0-SRR5935784	setup_s	0.000063
20261008-044702-3c2153c-55a5-n16-r7	7	c100	sample	0	0-SRR5935784	classify_s	14.981907
20261008-044702-3c2153c-55a5-n16-r7	7	c100	sample	0	0-SRR5935784	close_s	0.310081
20261008-044702-3c2153c-55a5-n16-r7	7	c100	sample	0	0-SRR5935784	report_s	0.179115
20261008-044702-3c2153c-55a5-n16-r7	7	c100	sample	0	0-SRR5935784	status	0
20261008-044702-3c2153c-55a5-n16-r7	7	c100	sample	0	0-SRR5935784	sequences	14800056
20261008-044702-3c2153c-55a5-n16-r7	7	c100	sample	0	0-SRR5935784	bases	2772790740
20261008-044702-3c2153c-55a5-n16-r7	7	c100	sample	0	0-SRR5935784	classified	14536791
20261008-044702-3c2153c-55a5-n16-r7	7	c100	sample	0	0-SRR5935784	place	lpt
20261008-044702-3c2153c-55a5-n16-r7	7	c100	sample	0	0-SRR5935784	weight	14800056
20261008-044702-3c2153c-55a5-n16-r7	7	c100	sample	0	0-SRR5935813	mode	parallel
20261008-044702-3c2153c-55a5-n16-r7	7	c100	sample	0	0-SRR5935813	s3client	sdk
20261008-044702-3c2153c-55a5-n16-r7	7	c100	sample	0	0-SRR5935813	rank	7
20261008-044702-3c2153c-55a5-n16-r7	7	c100	sample	0	0-SRR5935813	role	home
20261008-044702-3c2153c-55a5-n16-r7	7	c100	sample	0	0-SRR5935813	inflight	2
20261008-044702-3c2153c-55a5-n16-r7	7	c100	sample	0	0-SRR5935813	threads	16
20261008-044702-3c2153c-55a5-n16-r7	7	c100	sample	0	0-SRR5935813	start_s	63.930598
20261008-044702-3c2153c-55a5-n16-r7	7	c100	sample	0	0-SRR5935813	wall_s	17.435399
20261008-044702-3c2153c-55a5-n16-r7	7	c100	sample	0	0-SRR5935813	setup_s	0.000046
20261008-044702-3c2153c-55a5-n16-r7	7	c100	sample	0	0-SRR5935813	classify_s	16.810671
20261008-044702-3c2153c-55a5-n16-r7	7	c100	sample	0	0-SRR5935813	close_s	0.345506
20261008-044702-3c2153c-55a5-n16-r7	7	c100	sample	0	0-SRR5935813	report_s	0.265445
20261008-044702-3c2153c-55a5-n16-r7	7	c100	sample	0	0-SRR5935813	status	0
20261008-044702-3c2153c-55a5-n16-r7	7	c100	sample	0	0-SRR5935813	sequences	16980616
20261008-044702-3c2153c-55a5-n16-r7	7	c100	sample	0	0-SRR5935813	bases	3155638888
20261008-044702-3c2153c-55a5-n16-r7	7	c100	sample	0	0-SRR5935813	classified	16106690
20261008-044702-3c2153c-55a5-n16-r7	7	c100	sample	0	0-SRR5935813	place	lpt
20261008-044702-3c2153c-55a5-n16-r7	7	c100	sample	0	0-SRR5935813	weight	16980616
20261008-044702-3c2153c-55a5-n16-r7	7	c100	sample	0	0-SRR5935801	mode	parallel
20261008-044702-3c2153c-55a5-n16-r7	7	c100	sample	0	0-SRR5935801	s3client	sdk
20261008-044702-3c2153c-55a5-n16-r7	7	c100	sample	0	0-SRR5935801	rank	7
20261008-044702-3c2153c-55a5-n16-r7	7	c100	sample	0	0-SRR5935801	role	home
20261008-044702-3c2153c-55a5-n16-r7	7	c100	sample	0	0-SRR5935801	inflight	2
20261008-044702-3c2153c-55a5-n16-r7	7	c100	sample	0	0-SRR5935801	threads	16
20261008-044702-3c2153c-55a5-n16-r7	7	c100	sample	0	0-SRR5935801	start_s	79.410182
20261008-044702-3c2153c-55a5-n16-r7	7	c100	sample	0	0-SRR5935801	wall_s	13.131575
20261008-044702-3c2153c-55a5-n16-r7	7	c100	sample	0	0-SRR5935801	setup_s	0.000060
20261008-044702-3c2153c-55a5-n16-r7	7	c100	sample	0	0-SRR5935801	classify_s	12.702700
20261008-044702-3c2153c-55a5-n16-r7	7	c100	sample	0	0-SRR5935801	close_s	0.263783
20261008-044702-3c2153c-55a5-n16-r7	7	c100	sample	0	0-SRR5935801	report_s	0.152475
20261008-044702-3c2153c-55a5-n16-r7	7	c100	sample	0	0-SRR5935801	status	0
20261008-044702-3c2153c-55a5-n16-r7	7	c100	sample	0	0-SRR5935801	sequences	13162386
20261008-044702-3c2153c-55a5-n16-r7	7	c100	sample	0	0-SRR5935801	bases	2465096767
20261008-044702-3c2153c-55a5-n16-r7	7	c100	sample	0	0-SRR5935801	classified	12297712
20261008-044702-3c2153c-55a5-n16-r7	7	c100	sample	0	0-SRR5935801	place	lpt
20261008-044702-3c2153c-55a5-n16-r7	7	c100	sample	0	0-SRR5935801	weight	13162386
20261008-044702-3c2153c-55a5-n16-r7	7	c100	sample	0	0-SRR5935829	mode	parallel
20261008-044702-3c2153c-55a5-n16-r7	7	c100	sample	0	0-SRR5935829	s3client	sdk
20261008-044702-3c2153c-55a5-n16-r7	7	c100	sample	0	0-SRR5935829	rank	7
20261008-044702-3c2153c-55a5-n16-r7	7	c100	sample	0	0-SRR5935829	role	home
20261008-044702-3c2153c-55a5-n16-r7	7	c100	sample	0	0-SRR5935829	inflight	2
20261008-044702-3c2153c-55a5-n16-r7	7	c100	sample	0	0-SRR5935829	threads	16
20261008-044702-3c2153c-55a5-n16-r7	7	c100	sample	0	0-SRR5935829	start_s	81.366024
20261008-044702-3c2153c-55a5-n16-r7	7	c100	sample	0	0-SRR5935829	wall_s	11.518756
20261008-044702-3c2153c-55a5-n16-r7	7	c100	sample	0	0-SRR5935829	setup_s	0.000074
20261008-044702-3c2153c-55a5-n16-r7	7	c100	sample	0	0-SRR5935829	classify_s	11.116953
20261008-044702-3c2153c-55a5-n16-r7	7	c100	sample	0	0-SRR5935829	close_s	0.218604
20261008-044702-3c2153c-55a5-n16-r7	7	c100	sample	0	0-SRR5935829	report_s	0.170601
20261008-044702-3c2153c-55a5-n16-r7	7	c100	sample	0	0-SRR5935829	status	0
20261008-044702-3c2153c-55a5-n16-r7	7	c100	sample	0	0-SRR5935829	sequences	11220767
20261008-044702-3c2153c-55a5-n16-r7	7	c100	sample	0	0-SRR5935829	bases	2068350513
20261008-044702-3c2153c-55a5-n16-r7	7	c100	sample	0	0-SRR5935829	classified	10523542
20261008-044702-3c2153c-55a5-n16-r7	7	c100	sample	0	0-SRR5935829	place	lpt
20261008-044702-3c2153c-55a5-n16-r7	7	c100	sample	0	0-SRR5935829	weight	11220767
20261008-044702-3c2153c-55a5-n16-r7	7	c100	sample	0	0-SRR5935755	mode	parallel
20261008-044702-3c2153c-55a5-n16-r7	7	c100	sample	0	0-SRR5935755	s3client	sdk
20261008-044702-3c2153c-55a5-n16-r7	7	c100	sample	0	0-SRR5935755	rank	7
20261008-044702-3c2153c-55a5-n16-r7	7	c100	sample	0	0-SRR5935755	role	home
20261008-044702-3c2153c-55a5-n16-r7	7	c100	sample	0	0-SRR5935755	inflight	2
20261008-044702-3c2153c-55a5-n16-r7	7	c100	sample	0	0-SRR5935755	threads	16
20261008-044702-3c2153c-55a5-n16-r7	7	c100	sample	0	0-SRR5935755	start_s	92.884843
20261008-044702-3c2153c-55a5-n16-r7	7	c100	sample	0	0-SRR5935755	wall_s	6.478564
20261008-044702-3c2153c-55a5-n16-r7	7	c100	sample	0	0-SRR5935755	setup_s	0.000085
20261008-044702-3c2153c-55a5-n16-r7	7	c100	sample	0	0-SRR5935755	classify_s	6.056232
20261008-044702-3c2153c-55a5-n16-r7	7	c100	sample	0	0-SRR5935755	close_s	0.207502
20261008-044702-3c2153c-55a5-n16-r7	7	c100	sample	0	0-SRR5935755	report_s	0.202234
20261008-044702-3c2153c-55a5-n16-r7	7	c100	sample	0	0-SRR5935755	status	0
20261008-044702-3c2153c-55a5-n16-r7	7	c100	sample	0	0-SRR5935755	sequences	6071697
20261008-044702-3c2153c-55a5-n16-r7	7	c100	sample	0	0-SRR5935755	bases	1090388750
20261008-044702-3c2153c-55a5-n16-r7	7	c100	sample	0	0-SRR5935755	classified	5415115
20261008-044702-3c2153c-55a5-n16-r7	7	c100	sample	0	0-SRR5935755	place	lpt
20261008-044702-3c2153c-55a5-n16-r7	7	c100	sample	0	0-SRR5935755	weight	6071697
20261008-044702-3c2153c-55a5-n16-r7	7	c100	sample	0	0-SRR5935818	mode	parallel
20261008-044702-3c2153c-55a5-n16-r7	7	c100	sample	0	0-SRR5935818	s3client	sdk
20261008-044702-3c2153c-55a5-n16-r7	7	c100	sample	0	0-SRR5935818	rank	7
20261008-044702-3c2153c-55a5-n16-r7	7	c100	sample	0	0-SRR5935818	role	home
20261008-044702-3c2153c-55a5-n16-r7	7	c100	sample	0	0-SRR5935818	inflight	2
20261008-044702-3c2153c-55a5-n16-r7	7	c100	sample	0	0-SRR5935818	threads	16
20261008-044702-3c2153c-55a5-n16-r7	7	c100	sample	0	0-SRR5935818	start_s	92.541782
20261008-044702-3c2153c-55a5-n16-r7	7	c100	sample	0	0-SRR5935818	wall_s	8.232400
20261008-044702-3c2153c-55a5-n16-r7	7	c100	sample	0	0-SRR5935818	setup_s	0.000071
20261008-044702-3c2153c-55a5-n16-r7	7	c100	sample	0	0-SRR5935818	classify_s	7.866758
20261008-044702-3c2153c-55a5-n16-r7	7	c100	sample	0	0-SRR5935818	close_s	0.216186
20261008-044702-3c2153c-55a5-n16-r7	7	c100	sample	0	0-SRR5935818	report_s	0.139657
20261008-044702-3c2153c-55a5-n16-r7	7	c100	sample	0	0-SRR5935818	status	0
20261008-044702-3c2153c-55a5-n16-r7	7	c100	sample	0	0-SRR5935818	sequences	8877621
20261008-044702-3c2153c-55a5-n16-r7	7	c100	sample	0	0-SRR5935818	bases	1663945574
20261008-044702-3c2153c-55a5-n16-r7	7	c100	sample	0	0-SRR5935818	classified	8212460
20261008-044702-3c2153c-55a5-n16-r7	7	c100	sample	0	0-SRR5935818	place	lpt
20261008-044702-3c2153c-55a5-n16-r7	7	c100	sample	0	0-SRR5935818	weight	8877621
20261008-044702-3c2153c-55a5-n16-r7	7	c100	phase			batch-barrier-0	3.189527
20261008-044702-3c2153c-55a5-n16-r7	7	c100	phase			batch-barrier-0.start_s	100.774202
20261008-044702-3c2153c-55a5-n16-r7	7	c100	sample	1	1-SRR5935747	mode	parallel
20261008-044702-3c2153c-55a5-n16-r7	7	c100	sample	1	1-SRR5935747	s3client	sdk
20261008-044702-3c2153c-55a5-n16-r7	7	c100	sample	1	1-SRR5935747	rank	7
20261008-044702-3c2153c-55a5-n16-r7	7	c100	sample	1	1-SRR5935747	role	home
20261008-044702-3c2153c-55a5-n16-r7	7	c100	sample	1	1-SRR5935747	inflight	2
20261008-044702-3c2153c-55a5-n16-r7	7	c100	sample	1	1-SRR5935747	threads	16
20261008-044702-3c2153c-55a5-n16-r7	7	c100	sample	1	1-SRR5935747	start_s	103.963769
20261008-044702-3c2153c-55a5-n16-r7	7	c100	sample	1	1-SRR5935747	wall_s	4.280250
20261008-044702-3c2153c-55a5-n16-r7	7	c100	sample	1	1-SRR5935747	setup_s	0.000064
20261008-044702-3c2153c-55a5-n16-r7	7	c100	sample	1	1-SRR5935747	classify_s	3.691048
20261008-044702-3c2153c-55a5-n16-r7	7	c100	sample	1	1-SRR5935747	close_s	0.341631
20261008-044702-3c2153c-55a5-n16-r7	7	c100	sample	1	1-SRR5935747	report_s	0.241211
20261008-044702-3c2153c-55a5-n16-r7	7	c100	sample	1	1-SRR5935747	status	0
20261008-044702-3c2153c-55a5-n16-r7	7	c100	sample	1	1-SRR5935747	sequences	3036382
20261008-044702-3c2153c-55a5-n16-r7	7	c100	sample	1	1-SRR5935747	bases	569204188
20261008-044702-3c2153c-55a5-n16-r7	7	c100	sample	1	1-SRR5935747	classified	2817388
20261008-044702-3c2153c-55a5-n16-r7	7	c100	sample	1	1-SRR5935747	place	mod
20261008-044702-3c2153c-55a5-n16-r7	7	c100	sample	1	1-SRR5935747	weight	3036382
20261008-044702-3c2153c-55a5-n16-r7	7	c100	sample	1	1-SRR5935763	mode	parallel
20261008-044702-3c2153c-55a5-n16-r7	7	c100	sample	1	1-SRR5935763	s3client	sdk
20261008-044702-3c2153c-55a5-n16-r7	7	c100	sample	1	1-SRR5935763	rank	7
20261008-044702-3c2153c-55a5-n16-r7	7	c100	sample	1	1-SRR5935763	role	home
20261008-044702-3c2153c-55a5-n16-r7	7	c100	sample	1	1-SRR5935763	inflight	2
20261008-044702-3c2153c-55a5-n16-r7	7	c100	sample	1	1-SRR5935763	threads	16
20261008-044702-3c2153c-55a5-n16-r7	7	c100	sample	1	1-SRR5935763	start_s	103.963756
20261008-044702-3c2153c-55a5-n16-r7	7	c100	sample	1	1-SRR5935763	wall_s	5.877778
20261008-044702-3c2153c-55a5-n16-r7	7	c100	sample	1	1-SRR5935763	setup_s	0.000070
20261008-044702-3c2153c-55a5-n16-r7	7	c100	sample	1	1-SRR5935763	classify_s	5.476655
20261008-044702-3c2153c-55a5-n16-r7	7	c100	sample	1	1-SRR5935763	close_s	0.202963
20261008-044702-3c2153c-55a5-n16-r7	7	c100	sample	1	1-SRR5935763	report_s	0.193583
20261008-044702-3c2153c-55a5-n16-r7	7	c100	sample	1	1-SRR5935763	status	0
20261008-044702-3c2153c-55a5-n16-r7	7	c100	sample	1	1-SRR5935763	sequences	5174437
20261008-044702-3c2153c-55a5-n16-r7	7	c100	sample	1	1-SRR5935763	bases	978777662
20261008-044702-3c2153c-55a5-n16-r7	7	c100	sample	1	1-SRR5935763	classified	5104140
20261008-044702-3c2153c-55a5-n16-r7	7	c100	sample	1	1-SRR5935763	place	mod
20261008-044702-3c2153c-55a5-n16-r7	7	c100	sample	1	1-SRR5935763	weight	5174437
20261008-044702-3c2153c-55a5-n16-r7	7	c100	sample	1	1-SRR5935779	mode	parallel
20261008-044702-3c2153c-55a5-n16-r7	7	c100	sample	1	1-SRR5935779	s3client	sdk
20261008-044702-3c2153c-55a5-n16-r7	7	c100	sample	1	1-SRR5935779	rank	7
20261008-044702-3c2153c-55a5-n16-r7	7	c100	sample	1	1-SRR5935779	role	home
20261008-044702-3c2153c-55a5-n16-r7	7	c100	sample	1	1-SRR5935779	inflight	2
20261008-044702-3c2153c-55a5-n16-r7	7	c100	sample	1	1-SRR5935779	threads	16
20261008-044702-3c2153c-55a5-n16-r7	7	c100	sample	1	1-SRR5935779	start_s	108.244096
20261008-044702-3c2153c-55a5-n16-r7	7	c100	sample	1	1-SRR5935779	wall_s	6.199041
20261008-044702-3c2153c-55a5-n16-r7	7	c100	sample	1	1-SRR5935779	setup_s	0.000066
20261008-044702-3c2153c-55a5-n16-r7	7	c100	sample	1	1-SRR5935779	classify_s	5.800018
20261008-044702-3c2153c-55a5-n16-r7	7	c100	sample	1	1-SRR5935779	close_s	0.258309
20261008-044702-3c2153c-55a5-n16-r7	7	c100	sample	1	1-SRR5935779	report_s	0.134881
20261008-044702-3c2153c-55a5-n16-r7	7	c100	sample	1	1-SRR5935779	status	0
20261008-044702-3c2153c-55a5-n16-r7	7	c100	sample	1	1-SRR5935779	sequences	5948317
20261008-044702-3c2153c-55a5-n16-r7	7	c100	sample	1	1-SRR5935779	bases	1093467848
20261008-044702-3c2153c-55a5-n16-r7	7	c100	sample	1	1-SRR5935779	classified	5682744
20261008-044702-3c2153c-55a5-n16-r7	7	c100	sample	1	1-SRR5935779	place	mod
20261008-044702-3c2153c-55a5-n16-r7	7	c100	sample	1	1-SRR5935779	weight	5948317
20261008-044702-3c2153c-55a5-n16-r7	7	c100	sample	1	1-SRR5935795	mode	parallel
20261008-044702-3c2153c-55a5-n16-r7	7	c100	sample	1	1-SRR5935795	s3client	sdk
20261008-044702-3c2153c-55a5-n16-r7	7	c100	sample	1	1-SRR5935795	rank	7
20261008-044702-3c2153c-55a5-n16-r7	7	c100	sample	1	1-SRR5935795	role	home
20261008-044702-3c2153c-55a5-n16-r7	7	c100	sample	1	1-SRR5935795	inflight	2
20261008-044702-3c2153c-55a5-n16-r7	7	c100	sample	1	1-SRR5935795	threads	16
20261008-044702-3c2153c-55a5-n16-r7	7	c100	sample	1	1-SRR5935795	start_s	109.841559
20261008-044702-3c2153c-55a5-n16-r7	7	c100	sample	1	1-SRR5935795	wall_s	12.501898
20261008-044702-3c2153c-55a5-n16-r7	7	c100	sample	1	1-SRR5935795	setup_s	0.000065
20261008-044702-3c2153c-55a5-n16-r7	7	c100	sample	1	1-SRR5935795	classify_s	11.764961
20261008-044702-3c2153c-55a5-n16-r7	7	c100	sample	1	1-SRR5935795	close_s	0.533656
20261008-044702-3c2153c-55a5-n16-r7	7	c100	sample	1	1-SRR5935795	report_s	0.196374
20261008-044702-3c2153c-55a5-n16-r7	7	c100	sample	1	1-SRR5935795	status	0
20261008-044702-3c2153c-55a5-n16-r7	7	c100	sample	1	1-SRR5935795	sequences	11924297
20261008-044702-3c2153c-55a5-n16-r7	7	c100	sample	1	1-SRR5935795	bases	2214843465
20261008-044702-3c2153c-55a5-n16-r7	7	c100	sample	1	1-SRR5935795	classified	11742476
20261008-044702-3c2153c-55a5-n16-r7	7	c100	sample	1	1-SRR5935795	place	mod
20261008-044702-3c2153c-55a5-n16-r7	7	c100	sample	1	1-SRR5935795	weight	11924297
20261008-044702-3c2153c-55a5-n16-r7	7	c100	sample	1	1-SRR5935811	mode	parallel
20261008-044702-3c2153c-55a5-n16-r7	7	c100	sample	1	1-SRR5935811	s3client	sdk
20261008-044702-3c2153c-55a5-n16-r7	7	c100	sample	1	1-SRR5935811	rank	7
20261008-044702-3c2153c-55a5-n16-r7	7	c100	sample	1	1-SRR5935811	role	home
20261008-044702-3c2153c-55a5-n16-r7	7	c100	sample	1	1-SRR5935811	inflight	2
20261008-044702-3c2153c-55a5-n16-r7	7	c100	sample	1	1-SRR5935811	threads	16
20261008-044702-3c2153c-55a5-n16-r7	7	c100	sample	1	1-SRR5935811	start_s	114.443165
20261008-044702-3c2153c-55a5-n16-r7	7	c100	sample	1	1-SRR5935811	wall_s	10.007333
20261008-044702-3c2153c-55a5-n16-r7	7	c100	sample	1	1-SRR5935811	setup_s	0.000071
20261008-044702-3c2153c-55a5-n16-r7	7	c100	sample	1	1-SRR5935811	classify_s	9.538048
20261008-044702-3c2153c-55a5-n16-r7	7	c100	sample	1	1-SRR5935811	close_s	0.307244
20261008-044702-3c2153c-55a5-n16-r7	7	c100	sample	1	1-SRR5935811	report_s	0.155608
20261008-044702-3c2153c-55a5-n16-r7	7	c100	sample	1	1-SRR5935811	status	0
20261008-044702-3c2153c-55a5-n16-r7	7	c100	sample	1	1-SRR5935811	sequences	10067025
20261008-044702-3c2153c-55a5-n16-r7	7	c100	sample	1	1-SRR5935811	bases	1870494351
20261008-044702-3c2153c-55a5-n16-r7	7	c100	sample	1	1-SRR5935811	classified	9884918
20261008-044702-3c2153c-55a5-n16-r7	7	c100	sample	1	1-SRR5935811	place	mod
20261008-044702-3c2153c-55a5-n16-r7	7	c100	sample	1	1-SRR5935811	weight	10067025
20261008-044702-3c2153c-55a5-n16-r7	7	c100	sample	1	1-SRR5935827	mode	parallel
20261008-044702-3c2153c-55a5-n16-r7	7	c100	sample	1	1-SRR5935827	s3client	sdk
20261008-044702-3c2153c-55a5-n16-r7	7	c100	sample	1	1-SRR5935827	rank	7
20261008-044702-3c2153c-55a5-n16-r7	7	c100	sample	1	1-SRR5935827	role	home
20261008-044702-3c2153c-55a5-n16-r7	7	c100	sample	1	1-SRR5935827	inflight	2
20261008-044702-3c2153c-55a5-n16-r7	7	c100	sample	1	1-SRR5935827	threads	16
20261008-044702-3c2153c-55a5-n16-r7	7	c100	sample	1	1-SRR5935827	start_s	122.343486
20261008-044702-3c2153c-55a5-n16-r7	7	c100	sample	1	1-SRR5935827	wall_s	10.420039
20261008-044702-3c2153c-55a5-n16-r7	7	c100	sample	1	1-SRR5935827	setup_s	0.000076
20261008-044702-3c2153c-55a5-n16-r7	7	c100	sample	1	1-SRR5935827	classify_s	9.856271
20261008-044702-3c2153c-55a5-n16-r7	7	c100	sample	1	1-SRR5935827	close_s	0.384210
20261008-044702-3c2153c-55a5-n16-r7	7	c100	sample	1	1-SRR5935827	report_s	0.171668
20261008-044702-3c2153c-55a5-n16-r7	7	c100	sample	1	1-SRR5935827	status	0
20261008-044702-3c2153c-55a5-n16-r7	7	c100	sample	1	1-SRR5935827	sequences	16260968
20261008-044702-3c2153c-55a5-n16-r7	7	c100	sample	1	1-SRR5935827	bases	3012837135
20261008-044702-3c2153c-55a5-n16-r7	7	c100	sample	1	1-SRR5935827	classified	15948766
20261008-044702-3c2153c-55a5-n16-r7	7	c100	sample	1	1-SRR5935827	place	mod
20261008-044702-3c2153c-55a5-n16-r7	7	c100	sample	1	1-SRR5935827	weight	16260968
20261008-044702-3c2153c-55a5-n16-r7	7	c100	phase			batch-barrier-1	16.013676
20261008-044702-3c2153c-55a5-n16-r7	7	c100	phase			batch-barrier-1.start_s	132.763543
20261008-044702-3c2153c-55a5-n16-r7	7	c100	sample	2	2-SRR5935784	mode	parallel
20261008-044702-3c2153c-55a5-n16-r7	7	c100	sample	2	2-SRR5935784	s3client	sdk
20261008-044702-3c2153c-55a5-n16-r7	7	c100	sample	2	2-SRR5935784	rank	7
20261008-044702-3c2153c-55a5-n16-r7	7	c100	sample	2	2-SRR5935784	role	home
20261008-044702-3c2153c-55a5-n16-r7	7	c100	sample	2	2-SRR5935784	inflight	2
20261008-044702-3c2153c-55a5-n16-r7	7	c100	sample	2	2-SRR5935784	threads	16
20261008-044702-3c2153c-55a5-n16-r7	7	c100	sample	2	2-SRR5935784	start_s	148.777265
20261008-044702-3c2153c-55a5-n16-r7	7	c100	sample	2	2-SRR5935784	wall_s	15.508858
20261008-044702-3c2153c-55a5-n16-r7	7	c100	sample	2	2-SRR5935784	setup_s	0.000044
20261008-044702-3c2153c-55a5-n16-r7	7	c100	sample	2	2-SRR5935784	classify_s	15.121914
20261008-044702-3c2153c-55a5-n16-r7	7	c100	sample	2	2-SRR5935784	close_s	0.209942
20261008-044702-3c2153c-55a5-n16-r7	7	c100	sample	2	2-SRR5935784	report_s	0.164863
20261008-044702-3c2153c-55a5-n16-r7	7	c100	sample	2	2-SRR5935784	status	0
20261008-044702-3c2153c-55a5-n16-r7	7	c100	sample	2	2-SRR5935784	sequences	14800056
20261008-044702-3c2153c-55a5-n16-r7	7	c100	sample	2	2-SRR5935784	bases	2772790740
20261008-044702-3c2153c-55a5-n16-r7	7	c100	sample	2	2-SRR5935784	classified	14536791
20261008-044702-3c2153c-55a5-n16-r7	7	c100	sample	2	2-SRR5935784	place	lpt
20261008-044702-3c2153c-55a5-n16-r7	7	c100	sample	2	2-SRR5935784	weight	14800056
20261008-044702-3c2153c-55a5-n16-r7	7	c100	sample	2	2-SRR5935813	mode	parallel
20261008-044702-3c2153c-55a5-n16-r7	7	c100	sample	2	2-SRR5935813	s3client	sdk
20261008-044702-3c2153c-55a5-n16-r7	7	c100	sample	2	2-SRR5935813	rank	7
20261008-044702-3c2153c-55a5-n16-r7	7	c100	sample	2	2-SRR5935813	role	home
20261008-044702-3c2153c-55a5-n16-r7	7	c100	sample	2	2-SRR5935813	inflight	2
20261008-044702-3c2153c-55a5-n16-r7	7	c100	sample	2	2-SRR5935813	threads	16
20261008-044702-3c2153c-55a5-n16-r7	7	c100	sample	2	2-SRR5935813	start_s	148.777269
20261008-044702-3c2153c-55a5-n16-r7	7	c100	sample	2	2-SRR5935813	wall_s	17.483915
20261008-044702-3c2153c-55a5-n16-r7	7	c100	sample	2	2-SRR5935813	setup_s	0.000040
20261008-044702-3c2153c-55a5-n16-r7	7	c100	sample	2	2-SRR5935813	classify_s	17.031219
20261008-044702-3c2153c-55a5-n16-r7	7	c100	sample	2	2-SRR5935813	close_s	0.257739
20261008-044702-3c2153c-55a5-n16-r7	7	c100	sample	2	2-SRR5935813	report_s	0.180907
20261008-044702-3c2153c-55a5-n16-r7	7	c100	sample	2	2-SRR5935813	status	0
20261008-044702-3c2153c-55a5-n16-r7	7	c100	sample	2	2-SRR5935813	sequences	16980616
20261008-044702-3c2153c-55a5-n16-r7	7	c100	sample	2	2-SRR5935813	bases	3155638888
20261008-044702-3c2153c-55a5-n16-r7	7	c100	sample	2	2-SRR5935813	classified	16106690
20261008-044702-3c2153c-55a5-n16-r7	7	c100	sample	2	2-SRR5935813	place	lpt
20261008-044702-3c2153c-55a5-n16-r7	7	c100	sample	2	2-SRR5935813	weight	16980616
20261008-044702-3c2153c-55a5-n16-r7	7	c100	sample	2	2-SRR5935801	mode	parallel
20261008-044702-3c2153c-55a5-n16-r7	7	c100	sample	2	2-SRR5935801	s3client	sdk
20261008-044702-3c2153c-55a5-n16-r7	7	c100	sample	2	2-SRR5935801	rank	7
20261008-044702-3c2153c-55a5-n16-r7	7	c100	sample	2	2-SRR5935801	role	home
20261008-044702-3c2153c-55a5-n16-r7	7	c100	sample	2	2-SRR5935801	inflight	2
20261008-044702-3c2153c-55a5-n16-r7	7	c100	sample	2	2-SRR5935801	threads	16
20261008-044702-3c2153c-55a5-n16-r7	7	c100	sample	2	2-SRR5935801	start_s	164.286149
20261008-044702-3c2153c-55a5-n16-r7	7	c100	sample	2	2-SRR5935801	wall_s	13.185044
20261008-044702-3c2153c-55a5-n16-r7	7	c100	sample	2	2-SRR5935801	setup_s	0.000060
20261008-044702-3c2153c-55a5-n16-r7	7	c100	sample	2	2-SRR5935801	classify_s	12.808387
20261008-044702-3c2153c-55a5-n16-r7	7	c100	sample	2	2-SRR5935801	close_s	0.215034
20261008-044702-3c2153c-55a5-n16-r7	7	c100	sample	2	2-SRR5935801	report_s	0.148426
20261008-044702-3c2153c-55a5-n16-r7	7	c100	sample	2	2-SRR5935801	status	0
20261008-044702-3c2153c-55a5-n16-r7	7	c100	sample	2	2-SRR5935801	sequences	13162386
20261008-044702-3c2153c-55a5-n16-r7	7	c100	sample	2	2-SRR5935801	bases	2465096767
20261008-044702-3c2153c-55a5-n16-r7	7	c100	sample	2	2-SRR5935801	classified	12297712
20261008-044702-3c2153c-55a5-n16-r7	7	c100	sample	2	2-SRR5935801	place	lpt
20261008-044702-3c2153c-55a5-n16-r7	7	c100	sample	2	2-SRR5935801	weight	13162386
20261008-044702-3c2153c-55a5-n16-r7	7	c100	sample	2	2-SRR5935829	mode	parallel
20261008-044702-3c2153c-55a5-n16-r7	7	c100	sample	2	2-SRR5935829	s3client	sdk
20261008-044702-3c2153c-55a5-n16-r7	7	c100	sample	2	2-SRR5935829	rank	7
20261008-044702-3c2153c-55a5-n16-r7	7	c100	sample	2	2-SRR5935829	role	home
20261008-044702-3c2153c-55a5-n16-r7	7	c100	sample	2	2-SRR5935829	inflight	2
20261008-044702-3c2153c-55a5-n16-r7	7	c100	sample	2	2-SRR5935829	threads	16
20261008-044702-3c2153c-55a5-n16-r7	7	c100	sample	2	2-SRR5935829	start_s	166.262120
20261008-044702-3c2153c-55a5-n16-r7	7	c100	sample	2	2-SRR5935829	wall_s	11.437474
20261008-044702-3c2153c-55a5-n16-r7	7	c100	sample	2	2-SRR5935829	setup_s	0.000047
20261008-044702-3c2153c-55a5-n16-r7	7	c100	sample	2	2-SRR5935829	classify_s	11.053815
20261008-044702-3c2153c-55a5-n16-r7	7	c100	sample	2	2-SRR5935829	close_s	0.231627
20261008-044702-3c2153c-55a5-n16-r7	7	c100	sample	2	2-SRR5935829	report_s	0.139708
20261008-044702-3c2153c-55a5-n16-r7	7	c100	sample	2	2-SRR5935829	status	0
20261008-044702-3c2153c-55a5-n16-r7	7	c100	sample	2	2-SRR5935829	sequences	11220767
20261008-044702-3c2153c-55a5-n16-r7	7	c100	sample	2	2-SRR5935829	bases	2068350513
20261008-044702-3c2153c-55a5-n16-r7	7	c100	sample	2	2-SRR5935829	classified	10523542
20261008-044702-3c2153c-55a5-n16-r7	7	c100	sample	2	2-SRR5935829	place	lpt
20261008-044702-3c2153c-55a5-n16-r7	7	c100	sample	2	2-SRR5935829	weight	11220767
20261008-044702-3c2153c-55a5-n16-r7	7	c100	sample	2	2-SRR5935755	mode	parallel
20261008-044702-3c2153c-55a5-n16-r7	7	c100	sample	2	2-SRR5935755	s3client	sdk
20261008-044702-3c2153c-55a5-n16-r7	7	c100	sample	2	2-SRR5935755	rank	7
20261008-044702-3c2153c-55a5-n16-r7	7	c100	sample	2	2-SRR5935755	role	home
20261008-044702-3c2153c-55a5-n16-r7	7	c100	sample	2	2-SRR5935755	inflight	2
20261008-044702-3c2153c-55a5-n16-r7	7	c100	sample	2	2-SRR5935755	threads	16
20261008-044702-3c2153c-55a5-n16-r7	7	c100	sample	2	2-SRR5935755	start_s	177.699622
20261008-044702-3c2153c-55a5-n16-r7	7	c100	sample	2	2-SRR5935755	wall_s	6.694115
20261008-044702-3c2153c-55a5-n16-r7	7	c100	sample	2	2-SRR5935755	setup_s	0.000066
20261008-044702-3c2153c-55a5-n16-r7	7	c100	sample	2	2-SRR5935755	classify_s	6.255549
20261008-044702-3c2153c-55a5-n16-r7	7	c100	sample	2	2-SRR5935755	close_s	0.240140
20261008-044702-3c2153c-55a5-n16-r7	7	c100	sample	2	2-SRR5935755	report_s	0.187211
20261008-044702-3c2153c-55a5-n16-r7	7	c100	sample	2	2-SRR5935755	status	0
20261008-044702-3c2153c-55a5-n16-r7	7	c100	sample	2	2-SRR5935755	sequences	6071697
20261008-044702-3c2153c-55a5-n16-r7	7	c100	sample	2	2-SRR5935755	bases	1090388750
20261008-044702-3c2153c-55a5-n16-r7	7	c100	sample	2	2-SRR5935755	classified	5415115
20261008-044702-3c2153c-55a5-n16-r7	7	c100	sample	2	2-SRR5935755	place	lpt
20261008-044702-3c2153c-55a5-n16-r7	7	c100	sample	2	2-SRR5935755	weight	6071697
20261008-044702-3c2153c-55a5-n16-r7	7	c100	sample	2	2-SRR5935818	mode	parallel
20261008-044702-3c2153c-55a5-n16-r7	7	c100	sample	2	2-SRR5935818	s3client	sdk
20261008-044702-3c2153c-55a5-n16-r7	7	c100	sample	2	2-SRR5935818	rank	7
20261008-044702-3c2153c-55a5-n16-r7	7	c100	sample	2	2-SRR5935818	role	home
20261008-044702-3c2153c-55a5-n16-r7	7	c100	sample	2	2-SRR5935818	inflight	2
20261008-044702-3c2153c-55a5-n16-r7	7	c100	sample	2	2-SRR5935818	threads	16
20261008-044702-3c2153c-55a5-n16-r7	7	c100	sample	2	2-SRR5935818	start_s	177.471216
20261008-044702-3c2153c-55a5-n16-r7	7	c100	sample	2	2-SRR5935818	wall_s	8.516850
20261008-044702-3c2153c-55a5-n16-r7	7	c100	sample	2	2-SRR5935818	setup_s	0.000058
20261008-044702-3c2153c-55a5-n16-r7	7	c100	sample	2	2-SRR5935818	classify_s	8.016038
20261008-044702-3c2153c-55a5-n16-r7	7	c100	sample	2	2-SRR5935818	close_s	0.279073
20261008-044702-3c2153c-55a5-n16-r7	7	c100	sample	2	2-SRR5935818	report_s	0.212063
20261008-044702-3c2153c-55a5-n16-r7	7	c100	sample	2	2-SRR5935818	status	0
20261008-044702-3c2153c-55a5-n16-r7	7	c100	sample	2	2-SRR5935818	sequences	8877621
20261008-044702-3c2153c-55a5-n16-r7	7	c100	sample	2	2-SRR5935818	bases	1663945574
20261008-044702-3c2153c-55a5-n16-r7	7	c100	sample	2	2-SRR5935818	classified	8212460
20261008-044702-3c2153c-55a5-n16-r7	7	c100	sample	2	2-SRR5935818	place	lpt
20261008-044702-3c2153c-55a5-n16-r7	7	c100	sample	2	2-SRR5935818	weight	8877621
20261008-044702-3c2153c-55a5-n16-r7	7	c100	phase			batch-barrier-2	3.158724
20261008-044702-3c2153c-55a5-n16-r7	7	c100	phase			batch-barrier-2.start_s	185.988087
20261008-044702-3c2153c-55a5-n16-r7	7	c100	phase			barrier	0.368647
20261008-044702-3c2153c-55a5-n16-r7	7	c100	phase			barrier.start_s	195.584292
20261008-044702-3c2153c-55a5-n16-r7	7	c100	sample	3	3-SRR5935740	mode	striped
20261008-044702-3c2153c-55a5-n16-r7	7	c100	sample	3	3-SRR5935740	s3client	sdk
20261008-044702-3c2153c-55a5-n16-r7	7	c100	sample	3	3-SRR5935740	rank	7
20261008-044702-3c2153c-55a5-n16-r7	7	c100	sample	3	3-SRR5935740	role	peer
20261008-044702-3c2153c-55a5-n16-r7	7	c100	sample	3	3-SRR5935740	inflight	1
20261008-044702-3c2153c-55a5-n16-r7	7	c100	sample	3	3-SRR5935740	threads	16
20261008-044702-3c2153c-55a5-n16-r7	7	c100	sample	3	3-SRR5935740	start_s	190.017364
20261008-044702-3c2153c-55a5-n16-r7	7	c100	sample	3	3-SRR5935740	wall_s	5.935631
20261008-044702-3c2153c-55a5-n16-r7	7	c100	sample	3	3-SRR5935740	setup_s	0.000052
20261008-044702-3c2153c-55a5-n16-r7	7	c100	sample	3	3-SRR5935740	classify_s	5.562767
20261008-044702-3c2153c-55a5-n16-r7	7	c100	sample	3	3-SRR5935740	close_s	0.000000
20261008-044702-3c2153c-55a5-n16-r7	7	c100	sample	3	3-SRR5935740	report_s	0.000000
20261008-044702-3c2153c-55a5-n16-r7	7	c100	sample	3	3-SRR5935740	status	0
20261008-044702-3c2153c-55a5-n16-r7	7	c100	sample	3	3-SRR5935740	sequences	0
20261008-044702-3c2153c-55a5-n16-r7	7	c100	sample	3	3-SRR5935740	bases	0
20261008-044702-3c2153c-55a5-n16-r7	7	c100	sample	3	3-SRR5935740	classified	0
20261008-044702-3c2153c-55a5-n16-r7	7	c100	sample	3	3-SRR5935740	place	-
20261008-044702-3c2153c-55a5-n16-r7	7	c100	sample	3	3-SRR5935740	weight	-
20261008-044702-3c2153c-55a5-n16-r7	7	c100	phase			batch-barrier-3	0.538161
20261008-044702-3c2153c-55a5-n16-r7	7	c100	phase			batch-barrier-3.start_s	195.953009
20261008-044702-3c2153c-55a5-n16-r7	7	c100	phase			barrier	0.210576
20261008-044702-3c2153c-55a5-n16-r7	7	c100	phase			barrier.start_s	202.815241
20261008-044702-3c2153c-55a5-n16-r7	7	c100	sample	4	4-SRR5935740	mode	striped
20261008-044702-3c2153c-55a5-n16-r7	7	c100	sample	4	4-SRR5935740	s3client	sdk
20261008-044702-3c2153c-55a5-n16-r7	7	c100	sample	4	4-SRR5935740	rank	7
20261008-044702-3c2153c-55a5-n16-r7	7	c100	sample	4	4-SRR5935740	role	peer
20261008-044702-3c2153c-55a5-n16-r7	7	c100	sample	4	4-SRR5935740	inflight	1
20261008-044702-3c2153c-55a5-n16-r7	7	c100	sample	4	4-SRR5935740	threads	16
20261008-044702-3c2153c-55a5-n16-r7	7	c100	sample	4	4-SRR5935740	start_s	197.256578
20261008-044702-3c2153c-55a5-n16-r7	7	c100	sample	4	4-SRR5935740	wall_s	5.769281
20261008-044702-3c2153c-55a5-n16-r7	7	c100	sample	4	4-SRR5935740	setup_s	0.000050
20261008-044702-3c2153c-55a5-n16-r7	7	c100	sample	4	4-SRR5935740	classify_s	5.553988
20261008-044702-3c2153c-55a5-n16-r7	7	c100	sample	4	4-SRR5935740	close_s	0.000000
20261008-044702-3c2153c-55a5-n16-r7	7	c100	sample	4	4-SRR5935740	report_s	0.000000
20261008-044702-3c2153c-55a5-n16-r7	7	c100	sample	4	4-SRR5935740	status	0
20261008-044702-3c2153c-55a5-n16-r7	7	c100	sample	4	4-SRR5935740	sequences	0
20261008-044702-3c2153c-55a5-n16-r7	7	c100	sample	4	4-SRR5935740	bases	0
20261008-044702-3c2153c-55a5-n16-r7	7	c100	sample	4	4-SRR5935740	classified	0
20261008-044702-3c2153c-55a5-n16-r7	7	c100	sample	4	4-SRR5935740	place	-
20261008-044702-3c2153c-55a5-n16-r7	7	c100	sample	4	4-SRR5935740	weight	-
20261008-044702-3c2153c-55a5-n16-r7	7	c100	phase			batch-barrier-4	0.557275
20261008-044702-3c2153c-55a5-n16-r7	7	c100	phase			batch-barrier-4.start_s	203.025869
20261008-044702-3c2153c-55a5-n16-r7	7	c100	phase			barrier	0.211585
20261008-044702-3c2153c-55a5-n16-r7	7	c100	phase			barrier.start_s	209.916513
20261008-044702-3c2153c-55a5-n16-r7	7	c100	sample	5	5-SRR5935740	mode	striped
20261008-044702-3c2153c-55a5-n16-r7	7	c100	sample	5	5-SRR5935740	s3client	sdk
20261008-044702-3c2153c-55a5-n16-r7	7	c100	sample	5	5-SRR5935740	rank	7
20261008-044702-3c2153c-55a5-n16-r7	7	c100	sample	5	5-SRR5935740	role	peer
20261008-044702-3c2153c-55a5-n16-r7	7	c100	sample	5	5-SRR5935740	inflight	1
20261008-044702-3c2153c-55a5-n16-r7	7	c100	sample	5	5-SRR5935740	threads	16
20261008-044702-3c2153c-55a5-n16-r7	7	c100	sample	5	5-SRR5935740	start_s	204.350052
20261008-044702-3c2153c-55a5-n16-r7	7	c100	sample	5	5-SRR5935740	wall_s	5.778094
20261008-044702-3c2153c-55a5-n16-r7	7	c100	sample	5	5-SRR5935740	setup_s	0.000055
20261008-044702-3c2153c-55a5-n16-r7	7	c100	sample	5	5-SRR5935740	classify_s	5.562378
20261008-044702-3c2153c-55a5-n16-r7	7	c100	sample	5	5-SRR5935740	close_s	0.000000
20261008-044702-3c2153c-55a5-n16-r7	7	c100	sample	5	5-SRR5935740	report_s	0.000000
20261008-044702-3c2153c-55a5-n16-r7	7	c100	sample	5	5-SRR5935740	status	0
20261008-044702-3c2153c-55a5-n16-r7	7	c100	sample	5	5-SRR5935740	sequences	0
20261008-044702-3c2153c-55a5-n16-r7	7	c100	sample	5	5-SRR5935740	bases	0
20261008-044702-3c2153c-55a5-n16-r7	7	c100	sample	5	5-SRR5935740	classified	0
20261008-044702-3c2153c-55a5-n16-r7	7	c100	sample	5	5-SRR5935740	place	-
20261008-044702-3c2153c-55a5-n16-r7	7	c100	sample	5	5-SRR5935740	weight	-
20261008-044702-3c2153c-55a5-n16-r7	7	c100	phase			batch-barrier-5	0.860958
20261008-044702-3c2153c-55a5-n16-r7	7	c100	phase			batch-barrier-5.start_s	210.128159
20261008-044702-3c2153c-55a5-n16-r7	7	c100	phase			batch-barrier-6	7.127897
20261008-044702-3c2153c-55a5-n16-r7	7	c100	phase			batch-barrier-6.start_s	210.989133
20261008-044702-3c2153c-55a5-n16-r7	7	c100	phase			batch-barrier-7	7.089010
20261008-044702-3c2153c-55a5-n16-r7	7	c100	phase			batch-barrier-7.start_s	218.117049
20261008-044702-3c2153c-55a5-n16-r7	7	c100	phase			batch-barrier-8	7.181272
20261008-044702-3c2153c-55a5-n16-r7	7	c100	phase			batch-barrier-8.start_s	225.206079
20261008-044702-3c2153c-55a5-n16-r7	7	c100	engine.shard			index	0
20261008-044702-3c2153c-55a5-n16-r7	7	c100	engine.shard			n	16
20261008-044702-3c2153c-55a5-n16-r7	7	c100	engine.shard			lo	130056901599
20261008-044702-3c2153c-55a5-n16-r7	7	c100	engine.shard			hi	148636458971
20261008-044702-3c2153c-55a5-n16-r7	7	c100	engine.shard			tail	302
20261008-044702-3c2153c-55a5-n16-r7	7	c100	engine.shard			full	false
20261008-044702-3c2153c-55a5-n16-r7	7	c100	engine.shard			empty_at	18579557384
20261008-044702-3c2153c-55a5-n16-r7	7	c100	engine.shard			keys	8474658732
20261008-044702-3c2153c-55a5-n16-r7	7	c100	engine.shard			batches	89910
20261008-044702-3c2153c-55a5-n16-r7	7	c100	engine.shard			probe_s	198.664939
20261008-044702-3c2153c-55a5-n16-r7	7	c100	engine.shard			tail_probes	0
20261008-044702-3c2153c-55a5-n16-r7	7	c100	engine.shard			wrap_probes	0
20261008-044702-3c2153c-55a5-n16-r7	7	c100	engine.rendezvous			puts	13
20261008-044702-3c2153c-55a5-n16-r7	7	c100	engine.rendezvous			gets	592
20261008-044702-3c2153c-55a5-n16-r7	7	c100	engine.s3			client	sdk
20261008-044702-3c2153c-55a5-n16-r7	7	c100	engine.s3			put	31
20261008-044702-3c2153c-55a5-n16-r7	7	c100	engine.s3			get	592
20261008-044702-3c2153c-55a5-n16-r7	7	c100	engine.s3			create_multipart	18
20261008-044702-3c2153c-55a5-n16-r7	7	c100	engine.s3			upload_part	2058
20261008-044702-3c2153c-55a5-n16-r7	7	c100	engine.s3			complete_multipart	18
20261008-044702-3c2153c-55a5-n16-r7	7	c100	engine.s3			abort_multipart	0
20261008-044702-3c2153c-55a5-n16-r7	7	c100	engine.s3			part_bytes	17182220081
20261008-044702-3c2153c-55a5-n16-r7	7	c100	engine.s3			client	cli
20261008-044702-3c2153c-55a5-n16-r7	7	c100	engine.s3			put	0
20261008-044702-3c2153c-55a5-n16-r7	7	c100	engine.s3			get	0
20261008-044702-3c2153c-55a5-n16-r7	7	c100	engine.s3			create_multipart	0
20261008-044702-3c2153c-55a5-n16-r7	7	c100	engine.s3			upload_part	0
20261008-044702-3c2153c-55a5-n16-r7	7	c100	engine.s3			complete_multipart	0
20261008-044702-3c2153c-55a5-n16-r7	7	c100	engine.s3			abort_multipart	0
20261008-044702-3c2153c-55a5-n16-r7	7	c100	engine.s3			part_bytes	0
20261008-044702-3c2153c-55a5-n16-r7	7	c100	engine.load			seconds	40.389023
20261008-044702-3c2153c-55a5-n16-r7	7	c100	engine.load			requests	1126
20261008-044702-3c2153c-55a5-n16-r7	7	c100	engine.load			retries	0
20261008-044702-3c2153c-55a5-n16-r7	7	c100	engine.load			bytes	74318296296
20261008-044702-3c2153c-55a5-n16-r7	7	c100	engine.route			transport	nodes
20261008-044702-3c2153c-55a5-n16-r7	7	c100	engine.route			calls	5180
20261008-044702-3c2153c-55a5-n16-r7	7	c100	engine.route			keys	7836667637
20261008-044702-3c2153c-55a5-n16-r7	7	c100	engine.route			batches	82880
20261008-044702-3c2153c-55a5-n16-r7	7	c100	engine.route			route_s	90.737304
20261008-044702-3c2153c-55a5-n16-r7	7	c100	engine.route			wait_s	313.539874
20261008-044702-3c2153c-55a5-n16-r7	7	c100	engine.route			gather_s	17.718974
20261008-044702-3c2153c-55a5-n16-r7	7	c100	engine.worker			scan_s	688.038643
20261008-044702-3c2153c-55a5-n16-r7	7	c100	engine.worker			lookup_s	421.999693
20261008-044702-3c2153c-55a5-n16-r7	7	c100	engine.worker			classify_s	583.261347
20261008-044702-3c2153c-55a5-n16-r7	7	c100	phase			total	232.519859
20261008-044702-3c2153c-55a5-n16-r7	7	c100	phase			total.start_s	0.000001
20261008-044702-3c2153c-55a5-n16-r8	8	c100	phase			taxo	0.090819
20261008-044702-3c2153c-55a5-n16-r8	8	c100	phase			taxo.start_s	0.002750
20261008-044702-3c2153c-55a5-n16-r8	8	c100	phase			shard-load-8	41.545899
20261008-044702-3c2153c-55a5-n16-r8	8	c100	phase			shard-load-8.start_s	0.162801
20261008-044702-3c2153c-55a5-n16-r8	8	c100	phase			rendezvous	20.165276
20261008-044702-3c2153c-55a5-n16-r8	8	c100	phase			rendezvous.start_s	42.167539
20261008-044702-3c2153c-55a5-n16-r8	8	c100	phase			connect	0.238397
20261008-044702-3c2153c-55a5-n16-r8	8	c100	phase			connect.start_s	62.332832
20261008-044702-3c2153c-55a5-n16-r8	8	c100	phase			hash	62.477655
20261008-044702-3c2153c-55a5-n16-r8	8	c100	phase			hash.start_s	0.093600
20261008-044702-3c2153c-55a5-n16-r8	8	c100	sample	0	0-SRR5935796	mode	parallel
20261008-044702-3c2153c-55a5-n16-r8	8	c100	sample	0	0-SRR5935796	s3client	sdk
20261008-044702-3c2153c-55a5-n16-r8	8	c100	sample	0	0-SRR5935796	rank	8
20261008-044702-3c2153c-55a5-n16-r8	8	c100	sample	0	0-SRR5935796	role	home
20261008-044702-3c2153c-55a5-n16-r8	8	c100	sample	0	0-SRR5935796	inflight	2
20261008-044702-3c2153c-55a5-n16-r8	8	c100	sample	0	0-SRR5935796	threads	16
20261008-044702-3c2153c-55a5-n16-r8	8	c100	sample	0	0-SRR5935796	start_s	62.571293
20261008-044702-3c2153c-55a5-n16-r8	8	c100	sample	0	0-SRR5935796	wall_s	15.456158
20261008-044702-3c2153c-55a5-n16-r8	8	c100	sample	0	0-SRR5935796	setup_s	0.000048
20261008-044702-3c2153c-55a5-n16-r8	8	c100	sample	0	0-SRR5935796	classify_s	14.955062
20261008-044702-3c2153c-55a5-n16-r8	8	c100	sample	0	0-SRR5935796	close_s	0.268828
20261008-044702-3c2153c-55a5-n16-r8	8	c100	sample	0	0-SRR5935796	report_s	0.219057
20261008-044702-3c2153c-55a5-n16-r8	8	c100	sample	0	0-SRR5935796	status	0
20261008-044702-3c2153c-55a5-n16-r8	8	c100	sample	0	0-SRR5935796	sequences	14959235
20261008-044702-3c2153c-55a5-n16-r8	8	c100	sample	0	0-SRR5935796	bases	2745665723
20261008-044702-3c2153c-55a5-n16-r8	8	c100	sample	0	0-SRR5935796	classified	13888405
20261008-044702-3c2153c-55a5-n16-r8	8	c100	sample	0	0-SRR5935796	place	lpt
20261008-044702-3c2153c-55a5-n16-r8	8	c100	sample	0	0-SRR5935796	weight	14959235
20261008-044702-3c2153c-55a5-n16-r8	8	c100	sample	0	0-SRR5935802	mode	parallel
20261008-044702-3c2153c-55a5-n16-r8	8	c100	sample	0	0-SRR5935802	s3client	sdk
20261008-044702-3c2153c-55a5-n16-r8	8	c100	sample	0	0-SRR5935802	rank	8
20261008-044702-3c2153c-55a5-n16-r8	8	c100	sample	0	0-SRR5935802	role	home
20261008-044702-3c2153c-55a5-n16-r8	8	c100	sample	0	0-SRR5935802	inflight	2
20261008-044702-3c2153c-55a5-n16-r8	8	c100	sample	0	0-SRR5935802	threads	16
20261008-044702-3c2153c-55a5-n16-r8	8	c100	sample	0	0-SRR5935802	start_s	62.571306
20261008-044702-3c2153c-55a5-n16-r8	8	c100	sample	0	0-SRR5935802	wall_s	16.860883
20261008-044702-3c2153c-55a5-n16-r8	8	c100	sample	0	0-SRR5935802	setup_s	0.059416
20261008-044702-3c2153c-55a5-n16-r8	8	c100	sample	0	0-SRR5935802	classify_s	16.370149
20261008-044702-3c2153c-55a5-n16-r8	8	c100	sample	0	0-SRR5935802	close_s	0.265120
20261008-044702-3c2153c-55a5-n16-r8	8	c100	sample	0	0-SRR5935802	report_s	0.158251
20261008-044702-3c2153c-55a5-n16-r8	8	c100	sample	0	0-SRR5935802	status	0
20261008-044702-3c2153c-55a5-n16-r8	8	c100	sample	0	0-SRR5935802	sequences	16720060
20261008-044702-3c2153c-55a5-n16-r8	8	c100	sample	0	0-SRR5935802	bases	3103131942
20261008-044702-3c2153c-55a5-n16-r8	8	c100	sample	0	0-SRR5935802	classified	16427692
20261008-044702-3c2153c-55a5-n16-r8	8	c100	sample	0	0-SRR5935802	place	lpt
20261008-044702-3c2153c-55a5-n16-r8	8	c100	sample	0	0-SRR5935802	weight	16720060
20261008-044702-3c2153c-55a5-n16-r8	8	c100	sample	0	0-SRR5935746	mode	parallel
20261008-044702-3c2153c-55a5-n16-r8	8	c100	sample	0	0-SRR5935746	s3client	sdk
20261008-044702-3c2153c-55a5-n16-r8	8	c100	sample	0	0-SRR5935746	rank	8
20261008-044702-3c2153c-55a5-n16-r8	8	c100	sample	0	0-SRR5935746	role	home
20261008-044702-3c2153c-55a5-n16-r8	8	c100	sample	0	0-SRR5935746	inflight	2
20261008-044702-3c2153c-55a5-n16-r8	8	c100	sample	0	0-SRR5935746	threads	16
20261008-044702-3c2153c-55a5-n16-r8	8	c100	sample	0	0-SRR5935746	start_s	79.432224
20261008-044702-3c2153c-55a5-n16-r8	8	c100	sample	0	0-SRR5935746	wall_s	11.371141
20261008-044702-3c2153c-55a5-n16-r8	8	c100	sample	0	0-SRR5935746	setup_s	0.000062
20261008-044702-3c2153c-55a5-n16-r8	8	c100	sample	0	0-SRR5935746	classify_s	10.979504
20261008-044702-3c2153c-55a5-n16-r8	8	c100	sample	0	0-SRR5935746	close_s	0.213525
20261008-044702-3c2153c-55a5-n16-r8	8	c100	sample	0	0-SRR5935746	report_s	0.170569
20261008-044702-3c2153c-55a5-n16-r8	8	c100	sample	0	0-SRR5935746	status	0
20261008-044702-3c2153c-55a5-n16-r8	8	c100	sample	0	0-SRR5935746	sequences	11012615
20261008-044702-3c2153c-55a5-n16-r8	8	c100	sample	0	0-SRR5935746	bases	2057953866
20261008-044702-3c2153c-55a5-n16-r8	8	c100	sample	0	0-SRR5935746	classified	10686469
20261008-044702-3c2153c-55a5-n16-r8	8	c100	sample	0	0-SRR5935746	place	lpt
20261008-044702-3c2153c-55a5-n16-r8	8	c100	sample	0	0-SRR5935746	weight	11012615
20261008-044702-3c2153c-55a5-n16-r8	8	c100	sample	0	0-SRR5935822	mode	parallel
20261008-044702-3c2153c-55a5-n16-r8	8	c100	sample	0	0-SRR5935822	s3client	sdk
20261008-044702-3c2153c-55a5-n16-r8	8	c100	sample	0	0-SRR5935822	rank	8
20261008-044702-3c2153c-55a5-n16-r8	8	c100	sample	0	0-SRR5935822	role	home
20261008-044702-3c2153c-55a5-n16-r8	8	c100	sample	0	0-SRR5935822	inflight	2
20261008-044702-3c2153c-55a5-n16-r8	8	c100	sample	0	0-SRR5935822	threads	16
20261008-044702-3c2153c-55a5-n16-r8	8	c100	sample	0	0-SRR5935822	start_s	78.027520
20261008-044702-3c2153c-55a5-n16-r8	8	c100	sample	0	0-SRR5935822	wall_s	13.437612
20261008-044702-3c2153c-55a5-n16-r8	8	c100	sample	0	0-SRR5935822	setup_s	0.000065
20261008-044702-3c2153c-55a5-n16-r8	8	c100	sample	0	0-SRR5935822	classify_s	12.869300
20261008-044702-3c2153c-55a5-n16-r8	8	c100	sample	0	0-SRR5935822	close_s	0.246351
20261008-044702-3c2153c-55a5-n16-r8	8	c100	sample	0	0-SRR5935822	report_s	0.314815
20261008-044702-3c2153c-55a5-n16-r8	8	c100	sample	0	0-SRR5935822	status	0
20261008-044702-3c2153c-55a5-n16-r8	8	c100	sample	0	0-SRR5935822	sequences	13365245
20261008-044702-3c2153c-55a5-n16-r8	8	c100	sample	0	0-SRR5935822	bases	2460327516
20261008-044702-3c2153c-55a5-n16-r8	8	c100	sample	0	0-SRR5935822	classified	13192260
20261008-044702-3c2153c-55a5-n16-r8	8	c100	sample	0	0-SRR5935822	place	lpt
20261008-044702-3c2153c-55a5-n16-r8	8	c100	sample	0	0-SRR5935822	weight	13365245
20261008-044702-3c2153c-55a5-n16-r8	8	c100	sample	0	0-SRR5935747	mode	parallel
20261008-044702-3c2153c-55a5-n16-r8	8	c100	sample	0	0-SRR5935747	s3client	sdk
20261008-044702-3c2153c-55a5-n16-r8	8	c100	sample	0	0-SRR5935747	rank	8
20261008-044702-3c2153c-55a5-n16-r8	8	c100	sample	0	0-SRR5935747	role	home
20261008-044702-3c2153c-55a5-n16-r8	8	c100	sample	0	0-SRR5935747	inflight	2
20261008-044702-3c2153c-55a5-n16-r8	8	c100	sample	0	0-SRR5935747	threads	16
20261008-044702-3c2153c-55a5-n16-r8	8	c100	sample	0	0-SRR5935747	start_s	91.465166
20261008-044702-3c2153c-55a5-n16-r8	8	c100	sample	0	0-SRR5935747	wall_s	3.899653
20261008-044702-3c2153c-55a5-n16-r8	8	c100	sample	0	0-SRR5935747	setup_s	0.000067
20261008-044702-3c2153c-55a5-n16-r8	8	c100	sample	0	0-SRR5935747	classify_s	3.457534
20261008-044702-3c2153c-55a5-n16-r8	8	c100	sample	0	0-SRR5935747	close_s	0.253249
20261008-044702-3c2153c-55a5-n16-r8	8	c100	sample	0	0-SRR5935747	report_s	0.182825
20261008-044702-3c2153c-55a5-n16-r8	8	c100	sample	0	0-SRR5935747	status	0
20261008-044702-3c2153c-55a5-n16-r8	8	c100	sample	0	0-SRR5935747	sequences	3036382
20261008-044702-3c2153c-55a5-n16-r8	8	c100	sample	0	0-SRR5935747	bases	569204188
20261008-044702-3c2153c-55a5-n16-r8	8	c100	sample	0	0-SRR5935747	classified	2817388
20261008-044702-3c2153c-55a5-n16-r8	8	c100	sample	0	0-SRR5935747	place	lpt
20261008-044702-3c2153c-55a5-n16-r8	8	c100	sample	0	0-SRR5935747	weight	3036382
20261008-044702-3c2153c-55a5-n16-r8	8	c100	sample	0	0-SRR5935771	mode	parallel
20261008-044702-3c2153c-55a5-n16-r8	8	c100	sample	0	0-SRR5935771	s3client	sdk
20261008-044702-3c2153c-55a5-n16-r8	8	c100	sample	0	0-SRR5935771	rank	8
20261008-044702-3c2153c-55a5-n16-r8	8	c100	sample	0	0-SRR5935771	role	home
20261008-044702-3c2153c-55a5-n16-r8	8	c100	sample	0	0-SRR5935771	inflight	2
20261008-044702-3c2153c-55a5-n16-r8	8	c100	sample	0	0-SRR5935771	threads	16
20261008-044702-3c2153c-55a5-n16-r8	8	c100	sample	0	0-SRR5935771	start_s	90.803390
20261008-044702-3c2153c-55a5-n16-r8	8	c100	sample	0	0-SRR5935771	wall_s	7.240290
20261008-044702-3c2153c-55a5-n16-r8	8	c100	sample	0	0-SRR5935771	setup_s	0.000065
20261008-044702-3c2153c-55a5-n16-r8	8	c100	sample	0	0-SRR5935771	classify_s	6.833590
20261008-044702-3c2153c-55a5-n16-r8	8	c100	sample	0	0-SRR5935771	close_s	0.232103
20261008-044702-3c2153c-55a5-n16-r8	8	c100	sample	0	0-SRR5935771	report_s	0.164213
20261008-044702-3c2153c-55a5-n16-r8	8	c100	sample	0	0-SRR5935771	status	0
20261008-044702-3c2153c-55a5-n16-r8	8	c100	sample	0	0-SRR5935771	sequences	9230220
20261008-044702-3c2153c-55a5-n16-r8	8	c100	sample	0	0-SRR5935771	bases	1688151903
20261008-044702-3c2153c-55a5-n16-r8	8	c100	sample	0	0-SRR5935771	classified	8736529
20261008-044702-3c2153c-55a5-n16-r8	8	c100	sample	0	0-SRR5935771	place	lpt
20261008-044702-3c2153c-55a5-n16-r8	8	c100	sample	0	0-SRR5935771	weight	9230220
20261008-044702-3c2153c-55a5-n16-r8	8	c100	phase			batch-barrier-0	4.670544
20261008-044702-3c2153c-55a5-n16-r8	8	c100	phase			batch-barrier-0.start_s	98.043701
20261008-044702-3c2153c-55a5-n16-r8	8	c100	sample	1	1-SRR5935748	mode	parallel
20261008-044702-3c2153c-55a5-n16-r8	8	c100	sample	1	1-SRR5935748	s3client	sdk
20261008-044702-3c2153c-55a5-n16-r8	8	c100	sample	1	1-SRR5935748	rank	8
20261008-044702-3c2153c-55a5-n16-r8	8	c100	sample	1	1-SRR5935748	role	home
20261008-044702-3c2153c-55a5-n16-r8	8	c100	sample	1	1-SRR5935748	inflight	2
20261008-044702-3c2153c-55a5-n16-r8	8	c100	sample	1	1-SRR5935748	threads	16
20261008-044702-3c2153c-55a5-n16-r8	8	c100	sample	1	1-SRR5935748	start_s	102.714293
20261008-044702-3c2153c-55a5-n16-r8	8	c100	sample	1	1-SRR5935748	wall_s	12.294573
20261008-044702-3c2153c-55a5-n16-r8	8	c100	sample	1	1-SRR5935748	setup_s	0.000050
20261008-044702-3c2153c-55a5-n16-r8	8	c100	sample	1	1-SRR5935748	classify_s	11.896264
20261008-044702-3c2153c-55a5-n16-r8	8	c100	sample	1	1-SRR5935748	close_s	0.206781
20261008-044702-3c2153c-55a5-n16-r8	8	c100	sample	1	1-SRR5935748	report_s	0.177513
20261008-044702-3c2153c-55a5-n16-r8	8	c100	sample	1	1-SRR5935748	status	0
20261008-044702-3c2153c-55a5-n16-r8	8	c100	sample	1	1-SRR5935748	sequences	11859598
20261008-044702-3c2153c-55a5-n16-r8	8	c100	sample	1	1-SRR5935748	bases	2188903487
20261008-044702-3c2153c-55a5-n16-r8	8	c100	sample	1	1-SRR5935748	classified	10951240
20261008-044702-3c2153c-55a5-n16-r8	8	c100	sample	1	1-SRR5935748	place	mod
20261008-044702-3c2153c-55a5-n16-r8	8	c100	sample	1	1-SRR5935748	weight	11859598
20261008-044702-3c2153c-55a5-n16-r8	8	c100	sample	1	1-SRR5935764	mode	parallel
20261008-044702-3c2153c-55a5-n16-r8	8	c100	sample	1	1-SRR5935764	s3client	sdk
20261008-044702-3c2153c-55a5-n16-r8	8	c100	sample	1	1-SRR5935764	rank	8
20261008-044702-3c2153c-55a5-n16-r8	8	c100	sample	1	1-SRR5935764	role	home
20261008-044702-3c2153c-55a5-n16-r8	8	c100	sample	1	1-SRR5935764	inflight	2
20261008-044702-3c2153c-55a5-n16-r8	8	c100	sample	1	1-SRR5935764	threads	16
20261008-044702-3c2153c-55a5-n16-r8	8	c100	sample	1	1-SRR5935764	start_s	102.714271
20261008-044702-3c2153c-55a5-n16-r8	8	c100	sample	1	1-SRR5935764	wall_s	12.420671
20261008-044702-3c2153c-55a5-n16-r8	8	c100	sample	1	1-SRR5935764	setup_s	0.000051
20261008-044702-3c2153c-55a5-n16-r8	8	c100	sample	1	1-SRR5935764	classify_s	11.890116
20261008-044702-3c2153c-55a5-n16-r8	8	c100	sample	1	1-SRR5935764	close_s	0.234539
20261008-044702-3c2153c-55a5-n16-r8	8	c100	sample	1	1-SRR5935764	report_s	0.286822
20261008-044702-3c2153c-55a5-n16-r8	8	c100	sample	1	1-SRR5935764	status	0
20261008-044702-3c2153c-55a5-n16-r8	8	c100	sample	1	1-SRR5935764	sequences	11689489
20261008-044702-3c2153c-55a5-n16-r8	8	c100	sample	1	1-SRR5935764	bases	2123440867
20261008-044702-3c2153c-55a5-n16-r8	8	c100	sample	1	1-SRR5935764	classified	11327502
20261008-044702-3c2153c-55a5-n16-r8	8	c100	sample	1	1-SRR5935764	place	mod
20261008-044702-3c2153c-55a5-n16-r8	8	c100	sample	1	1-SRR5935764	weight	11689489
20261008-044702-3c2153c-55a5-n16-r8	8	c100	sample	1	1-SRR5935780	mode	parallel
20261008-044702-3c2153c-55a5-n16-r8	8	c100	sample	1	1-SRR5935780	s3client	sdk
20261008-044702-3c2153c-55a5-n16-r8	8	c100	sample	1	1-SRR5935780	rank	8
20261008-044702-3c2153c-55a5-n16-r8	8	c100	sample	1	1-SRR5935780	role	home
20261008-044702-3c2153c-55a5-n16-r8	8	c100	sample	1	1-SRR5935780	inflight	2
20261008-044702-3c2153c-55a5-n16-r8	8	c100	sample	1	1-SRR5935780	threads	16
20261008-044702-3c2153c-55a5-n16-r8	8	c100	sample	1	1-SRR5935780	start_s	115.008892
20261008-044702-3c2153c-55a5-n16-r8	8	c100	sample	1	1-SRR5935780	wall_s	11.471307
20261008-044702-3c2153c-55a5-n16-r8	8	c100	sample	1	1-SRR5935780	setup_s	0.000062
20261008-044702-3c2153c-55a5-n16-r8	8	c100	sample	1	1-SRR5935780	classify_s	11.071257
20261008-044702-3c2153c-55a5-n16-r8	8	c100	sample	1	1-SRR5935780	close_s	0.223204
20261008-044702-3c2153c-55a5-n16-r8	8	c100	sample	1	1-SRR5935780	report_s	0.169471
20261008-044702-3c2153c-55a5-n16-r8	8	c100	sample	1	1-SRR5935780	status	0
20261008-044702-3c2153c-55a5-n16-r8	8	c100	sample	1	1-SRR5935780	sequences	10716528
20261008-044702-3c2153c-55a5-n16-r8	8	c100	sample	1	1-SRR5935780	bases	1994960359
20261008-044702-3c2153c-55a5-n16-r8	8	c100	sample	1	1-SRR5935780	classified	10376259
20261008-044702-3c2153c-55a5-n16-r8	8	c100	sample	1	1-SRR5935780	place	mod
20261008-044702-3c2153c-55a5-n16-r8	8	c100	sample	1	1-SRR5935780	weight	10716528
20261008-044702-3c2153c-55a5-n16-r8	8	c100	sample	1	1-SRR5935796	mode	parallel
20261008-044702-3c2153c-55a5-n16-r8	8	c100	sample	1	1-SRR5935796	s3client	sdk
20261008-044702-3c2153c-55a5-n16-r8	8	c100	sample	1	1-SRR5935796	rank	8
20261008-044702-3c2153c-55a5-n16-r8	8	c100	sample	1	1-SRR5935796	role	home
20261008-044702-3c2153c-55a5-n16-r8	8	c100	sample	1	1-SRR5935796	inflight	2
20261008-044702-3c2153c-55a5-n16-r8	8	c100	sample	1	1-SRR5935796	threads	16
20261008-044702-3c2153c-55a5-n16-r8	8	c100	sample	1	1-SRR5935796	start_s	115.134967
20261008-044702-3c2153c-55a5-n16-r8	8	c100	sample	1	1-SRR5935796	wall_s	15.247987
20261008-044702-3c2153c-55a5-n16-r8	8	c100	sample	1	1-SRR5935796	setup_s	0.000067
20261008-044702-3c2153c-55a5-n16-r8	8	c100	sample	1	1-SRR5935796	classify_s	14.710925
20261008-044702-3c2153c-55a5-n16-r8	8	c100	sample	1	1-SRR5935796	close_s	0.358713
20261008-044702-3c2153c-55a5-n16-r8	8	c100	sample	1	1-SRR5935796	report_s	0.164562
20261008-044702-3c2153c-55a5-n16-r8	8	c100	sample	1	1-SRR5935796	status	0
20261008-044702-3c2153c-55a5-n16-r8	8	c100	sample	1	1-SRR5935796	sequences	14959235
20261008-044702-3c2153c-55a5-n16-r8	8	c100	sample	1	1-SRR5935796	bases	2745665723
20261008-044702-3c2153c-55a5-n16-r8	8	c100	sample	1	1-SRR5935796	classified	13888405
20261008-044702-3c2153c-55a5-n16-r8	8	c100	sample	1	1-SRR5935796	place	mod
20261008-044702-3c2153c-55a5-n16-r8	8	c100	sample	1	1-SRR5935796	weight	14959235
20261008-044702-3c2153c-55a5-n16-r8	8	c100	sample	1	1-SRR5935828	mode	parallel
20261008-044702-3c2153c-55a5-n16-r8	8	c100	sample	1	1-SRR5935828	s3client	sdk
20261008-044702-3c2153c-55a5-n16-r8	8	c100	sample	1	1-SRR5935828	rank	8
20261008-044702-3c2153c-55a5-n16-r8	8	c100	sample	1	1-SRR5935828	role	home
20261008-044702-3c2153c-55a5-n16-r8	8	c100	sample	1	1-SRR5935828	inflight	2
20261008-044702-3c2153c-55a5-n16-r8	8	c100	sample	1	1-SRR5935828	threads	16
20261008-044702-3c2153c-55a5-n16-r8	8	c100	sample	1	1-SRR5935828	start_s	130.382982
20261008-044702-3c2153c-55a5-n16-r8	8	c100	sample	1	1-SRR5935828	wall_s	7.351812
20261008-044702-3c2153c-55a5-n16-r8	8	c100	sample	1	1-SRR5935828	setup_s	0.000059
20261008-044702-3c2153c-55a5-n16-r8	8	c100	sample	1	1-SRR5935828	classify_s	6.862045
20261008-044702-3c2153c-55a5-n16-r8	8	c100	sample	1	1-SRR5935828	close_s	0.341953
20261008-044702-3c2153c-55a5-n16-r8	8	c100	sample	1	1-SRR5935828	report_s	0.140127
20261008-044702-3c2153c-55a5-n16-r8	8	c100	sample	1	1-SRR5935828	status	0
20261008-044702-3c2153c-55a5-n16-r8	8	c100	sample	1	1-SRR5935828	sequences	8326050
20261008-044702-3c2153c-55a5-n16-r8	8	c100	sample	1	1-SRR5935828	bases	1540092338
20261008-044702-3c2153c-55a5-n16-r8	8	c100	sample	1	1-SRR5935828	classified	8094378
20261008-044702-3c2153c-55a5-n16-r8	8	c100	sample	1	1-SRR5935828	place	mod
20261008-044702-3c2153c-55a5-n16-r8	8	c100	sample	1	1-SRR5935828	weight	8326050
20261008-044702-3c2153c-55a5-n16-r8	8	c100	sample	1	1-SRR5935812	mode	parallel
20261008-044702-3c2153c-55a5-n16-r8	8	c100	sample	1	1-SRR5935812	s3client	sdk
20261008-044702-3c2153c-55a5-n16-r8	8	c100	sample	1	1-SRR5935812	rank	8
20261008-044702-3c2153c-55a5-n16-r8	8	c100	sample	1	1-SRR5935812	role	home
20261008-044702-3c2153c-55a5-n16-r8	8	c100	sample	1	1-SRR5935812	inflight	2
20261008-044702-3c2153c-55a5-n16-r8	8	c100	sample	1	1-SRR5935812	threads	16
20261008-044702-3c2153c-55a5-n16-r8	8	c100	sample	1	1-SRR5935812	start_s	126.480264
20261008-044702-3c2153c-55a5-n16-r8	8	c100	sample	1	1-SRR5935812	wall_s	11.448409
20261008-044702-3c2153c-55a5-n16-r8	8	c100	sample	1	1-SRR5935812	setup_s	0.000066
20261008-044702-3c2153c-55a5-n16-r8	8	c100	sample	1	1-SRR5935812	classify_s	8.922405
20261008-044702-3c2153c-55a5-n16-r8	8	c100	sample	1	1-SRR5935812	close_s	0.307212
20261008-044702-3c2153c-55a5-n16-r8	8	c100	sample	1	1-SRR5935812	report_s	2.211434
20261008-044702-3c2153c-55a5-n16-r8	8	c100	sample	1	1-SRR5935812	status	0
20261008-044702-3c2153c-55a5-n16-r8	8	c100	sample	1	1-SRR5935812	sequences	9108174
20261008-044702-3c2153c-55a5-n16-r8	8	c100	sample	1	1-SRR5935812	bases	1698332428
20261008-044702-3c2153c-55a5-n16-r8	8	c100	sample	1	1-SRR5935812	classified	8923230
20261008-044702-3c2153c-55a5-n16-r8	8	c100	sample	1	1-SRR5935812	place	mod
20261008-044702-3c2153c-55a5-n16-r8	8	c100	sample	1	1-SRR5935812	weight	9108174
20261008-044702-3c2153c-55a5-n16-r8	8	c100	phase			batch-barrier-1	9.871842
20261008-044702-3c2153c-55a5-n16-r8	8	c100	phase			batch-barrier-1.start_s	137.928695
20261008-044702-3c2153c-55a5-n16-r8	8	c100	sample	2	2-SRR5935796	mode	parallel
20261008-044702-3c2153c-55a5-n16-r8	8	c100	sample	2	2-SRR5935796	s3client	sdk
20261008-044702-3c2153c-55a5-n16-r8	8	c100	sample	2	2-SRR5935796	rank	8
20261008-044702-3c2153c-55a5-n16-r8	8	c100	sample	2	2-SRR5935796	role	home
20261008-044702-3c2153c-55a5-n16-r8	8	c100	sample	2	2-SRR5935796	inflight	2
20261008-044702-3c2153c-55a5-n16-r8	8	c100	sample	2	2-SRR5935796	threads	16
20261008-044702-3c2153c-55a5-n16-r8	8	c100	sample	2	2-SRR5935796	start_s	147.800581
20261008-044702-3c2153c-55a5-n16-r8	8	c100	sample	2	2-SRR5935796	wall_s	15.412988
20261008-044702-3c2153c-55a5-n16-r8	8	c100	sample	2	2-SRR5935796	setup_s	0.000047
20261008-044702-3c2153c-55a5-n16-r8	8	c100	sample	2	2-SRR5935796	classify_s	14.982731
20261008-044702-3c2153c-55a5-n16-r8	8	c100	sample	2	2-SRR5935796	close_s	0.217335
20261008-044702-3c2153c-55a5-n16-r8	8	c100	sample	2	2-SRR5935796	report_s	0.199493
20261008-044702-3c2153c-55a5-n16-r8	8	c100	sample	2	2-SRR5935796	status	0
20261008-044702-3c2153c-55a5-n16-r8	8	c100	sample	2	2-SRR5935796	sequences	14959235
20261008-044702-3c2153c-55a5-n16-r8	8	c100	sample	2	2-SRR5935796	bases	2745665723
20261008-044702-3c2153c-55a5-n16-r8	8	c100	sample	2	2-SRR5935796	classified	13888405
20261008-044702-3c2153c-55a5-n16-r8	8	c100	sample	2	2-SRR5935796	place	lpt
20261008-044702-3c2153c-55a5-n16-r8	8	c100	sample	2	2-SRR5935796	weight	14959235
20261008-044702-3c2153c-55a5-n16-r8	8	c100	sample	2	2-SRR5935802	mode	parallel
20261008-044702-3c2153c-55a5-n16-r8	8	c100	sample	2	2-SRR5935802	s3client	sdk
20261008-044702-3c2153c-55a5-n16-r8	8	c100	sample	2	2-SRR5935802	rank	8
20261008-044702-3c2153c-55a5-n16-r8	8	c100	sample	2	2-SRR5935802	role	home
20261008-044702-3c2153c-55a5-n16-r8	8	c100	sample	2	2-SRR5935802	inflight	2
20261008-044702-3c2153c-55a5-n16-r8	8	c100	sample	2	2-SRR5935802	threads	16
20261008-044702-3c2153c-55a5-n16-r8	8	c100	sample	2	2-SRR5935802	start_s	147.800585
20261008-044702-3c2153c-55a5-n16-r8	8	c100	sample	2	2-SRR5935802	wall_s	17.083823
20261008-044702-3c2153c-55a5-n16-r8	8	c100	sample	2	2-SRR5935802	setup_s	0.000045
20261008-044702-3c2153c-55a5-n16-r8	8	c100	sample	2	2-SRR5935802	classify_s	16.680424
20261008-044702-3c2153c-55a5-n16-r8	8	c100	sample	2	2-SRR5935802	close_s	0.228224
20261008-044702-3c2153c-55a5-n16-r8	8	c100	sample	2	2-SRR5935802	report_s	0.166296
20261008-044702-3c2153c-55a5-n16-r8	8	c100	sample	2	2-SRR5935802	status	0
20261008-044702-3c2153c-55a5-n16-r8	8	c100	sample	2	2-SRR5935802	sequences	16720060
20261008-044702-3c2153c-55a5-n16-r8	8	c100	sample	2	2-SRR5935802	bases	3103131942
20261008-044702-3c2153c-55a5-n16-r8	8	c100	sample	2	2-SRR5935802	classified	16427692
20261008-044702-3c2153c-55a5-n16-r8	8	c100	sample	2	2-SRR5935802	place	lpt
20261008-044702-3c2153c-55a5-n16-r8	8	c100	sample	2	2-SRR5935802	weight	16720060
20261008-044702-3c2153c-55a5-n16-r8	8	c100	sample	2	2-SRR5935746	mode	parallel
20261008-044702-3c2153c-55a5-n16-r8	8	c100	sample	2	2-SRR5935746	s3client	sdk
20261008-044702-3c2153c-55a5-n16-r8	8	c100	sample	2	2-SRR5935746	rank	8
20261008-044702-3c2153c-55a5-n16-r8	8	c100	sample	2	2-SRR5935746	role	home
20261008-044702-3c2153c-55a5-n16-r8	8	c100	sample	2	2-SRR5935746	inflight	2
20261008-044702-3c2153c-55a5-n16-r8	8	c100	sample	2	2-SRR5935746	threads	16
20261008-044702-3c2153c-55a5-n16-r8	8	c100	sample	2	2-SRR5935746	start_s	164.884495
20261008-044702-3c2153c-55a5-n16-r8	8	c100	sample	2	2-SRR5935746	wall_s	11.207358
20261008-044702-3c2153c-55a5-n16-r8	8	c100	sample	2	2-SRR5935746	setup_s	0.000059
20261008-044702-3c2153c-55a5-n16-r8	8	c100	sample	2	2-SRR5935746	classify_s	10.832541
20261008-044702-3c2153c-55a5-n16-r8	8	c100	sample	2	2-SRR5935746	close_s	0.212470
20261008-044702-3c2153c-55a5-n16-r8	8	c100	sample	2	2-SRR5935746	report_s	0.154833
20261008-044702-3c2153c-55a5-n16-r8	8	c100	sample	2	2-SRR5935746	status	0
20261008-044702-3c2153c-55a5-n16-r8	8	c100	sample	2	2-SRR5935746	sequences	11012615
20261008-044702-3c2153c-55a5-n16-r8	8	c100	sample	2	2-SRR5935746	bases	2057953866
20261008-044702-3c2153c-55a5-n16-r8	8	c100	sample	2	2-SRR5935746	classified	10686469
20261008-044702-3c2153c-55a5-n16-r8	8	c100	sample	2	2-SRR5935746	place	lpt
20261008-044702-3c2153c-55a5-n16-r8	8	c100	sample	2	2-SRR5935746	weight	11012615
20261008-044702-3c2153c-55a5-n16-r8	8	c100	sample	2	2-SRR5935822	mode	parallel
20261008-044702-3c2153c-55a5-n16-r8	8	c100	sample	2	2-SRR5935822	s3client	sdk
20261008-044702-3c2153c-55a5-n16-r8	8	c100	sample	2	2-SRR5935822	rank	8
20261008-044702-3c2153c-55a5-n16-r8	8	c100	sample	2	2-SRR5935822	role	home
20261008-044702-3c2153c-55a5-n16-r8	8	c100	sample	2	2-SRR5935822	inflight	2
20261008-044702-3c2153c-55a5-n16-r8	8	c100	sample	2	2-SRR5935822	threads	16
20261008-044702-3c2153c-55a5-n16-r8	8	c100	sample	2	2-SRR5935822	start_s	163.213637
20261008-044702-3c2153c-55a5-n16-r8	8	c100	sample	2	2-SRR5935822	wall_s	13.345771
20261008-044702-3c2153c-55a5-n16-r8	8	c100	sample	2	2-SRR5935822	setup_s	0.000069
20261008-044702-3c2153c-55a5-n16-r8	8	c100	sample	2	2-SRR5935822	classify_s	12.928422
20261008-044702-3c2153c-55a5-n16-r8	8	c100	sample	2	2-SRR5935822	close_s	0.223798
20261008-044702-3c2153c-55a5-n16-r8	8	c100	sample	2	2-SRR5935822	report_s	0.186594
20261008-044702-3c2153c-55a5-n16-r8	8	c100	sample	2	2-SRR5935822	status	0
20261008-044702-3c2153c-55a5-n16-r8	8	c100	sample	2	2-SRR5935822	sequences	13365245
20261008-044702-3c2153c-55a5-n16-r8	8	c100	sample	2	2-SRR5935822	bases	2460327516
20261008-044702-3c2153c-55a5-n16-r8	8	c100	sample	2	2-SRR5935822	classified	13192260
20261008-044702-3c2153c-55a5-n16-r8	8	c100	sample	2	2-SRR5935822	place	lpt
20261008-044702-3c2153c-55a5-n16-r8	8	c100	sample	2	2-SRR5935822	weight	13365245
20261008-044702-3c2153c-55a5-n16-r8	8	c100	sample	2	2-SRR5935747	mode	parallel
20261008-044702-3c2153c-55a5-n16-r8	8	c100	sample	2	2-SRR5935747	s3client	sdk
20261008-044702-3c2153c-55a5-n16-r8	8	c100	sample	2	2-SRR5935747	rank	8
20261008-044702-3c2153c-55a5-n16-r8	8	c100	sample	2	2-SRR5935747	role	home
20261008-044702-3c2153c-55a5-n16-r8	8	c100	sample	2	2-SRR5935747	inflight	2
20261008-044702-3c2153c-55a5-n16-r8	8	c100	sample	2	2-SRR5935747	threads	16
20261008-044702-3c2153c-55a5-n16-r8	8	c100	sample	2	2-SRR5935747	start_s	176.559434
20261008-044702-3c2153c-55a5-n16-r8	8	c100	sample	2	2-SRR5935747	wall_s	3.793052
20261008-044702-3c2153c-55a5-n16-r8	8	c100	sample	2	2-SRR5935747	setup_s	0.000084
20261008-044702-3c2153c-55a5-n16-r8	8	c100	sample	2	2-SRR5935747	classify_s	3.418056
20261008-044702-3c2153c-55a5-n16-r8	8	c100	sample	2	2-SRR5935747	close_s	0.212931
20261008-044702-3c2153c-55a5-n16-r8	8	c100	sample	2	2-SRR5935747	report_s	0.155912
20261008-044702-3c2153c-55a5-n16-r8	8	c100	sample	2	2-SRR5935747	status	0
20261008-044702-3c2153c-55a5-n16-r8	8	c100	sample	2	2-SRR5935747	sequences	3036382
20261008-044702-3c2153c-55a5-n16-r8	8	c100	sample	2	2-SRR5935747	bases	569204188
20261008-044702-3c2153c-55a5-n16-r8	8	c100	sample	2	2-SRR5935747	classified	2817388
20261008-044702-3c2153c-55a5-n16-r8	8	c100	sample	2	2-SRR5935747	place	lpt
20261008-044702-3c2153c-55a5-n16-r8	8	c100	sample	2	2-SRR5935747	weight	3036382
20261008-044702-3c2153c-55a5-n16-r8	8	c100	sample	2	2-SRR5935771	mode	parallel
20261008-044702-3c2153c-55a5-n16-r8	8	c100	sample	2	2-SRR5935771	s3client	sdk
20261008-044702-3c2153c-55a5-n16-r8	8	c100	sample	2	2-SRR5935771	rank	8
20261008-044702-3c2153c-55a5-n16-r8	8	c100	sample	2	2-SRR5935771	role	home
20261008-044702-3c2153c-55a5-n16-r8	8	c100	sample	2	2-SRR5935771	inflight	2
20261008-044702-3c2153c-55a5-n16-r8	8	c100	sample	2	2-SRR5935771	threads	16
20261008-044702-3c2153c-55a5-n16-r8	8	c100	sample	2	2-SRR5935771	start_s	176.091876
20261008-044702-3c2153c-55a5-n16-r8	8	c100	sample	2	2-SRR5935771	wall_s	7.239864
20261008-044702-3c2153c-55a5-n16-r8	8	c100	sample	2	2-SRR5935771	setup_s	0.000052
20261008-044702-3c2153c-55a5-n16-r8	8	c100	sample	2	2-SRR5935771	classify_s	6.861328
20261008-044702-3c2153c-55a5-n16-r8	8	c100	sample	2	2-SRR5935771	close_s	0.202036
20261008-044702-3c2153c-55a5-n16-r8	8	c100	sample	2	2-SRR5935771	report_s	0.166278
20261008-044702-3c2153c-55a5-n16-r8	8	c100	sample	2	2-SRR5935771	status	0
20261008-044702-3c2153c-55a5-n16-r8	8	c100	sample	2	2-SRR5935771	sequences	9230220
20261008-044702-3c2153c-55a5-n16-r8	8	c100	sample	2	2-SRR5935771	bases	1688151903
20261008-044702-3c2153c-55a5-n16-r8	8	c100	sample	2	2-SRR5935771	classified	8736529
20261008-044702-3c2153c-55a5-n16-r8	8	c100	sample	2	2-SRR5935771	place	lpt
20261008-044702-3c2153c-55a5-n16-r8	8	c100	sample	2	2-SRR5935771	weight	9230220
20261008-044702-3c2153c-55a5-n16-r8	8	c100	phase			batch-barrier-2	4.529221
20261008-044702-3c2153c-55a5-n16-r8	8	c100	phase			batch-barrier-2.start_s	183.331761
20261008-044702-3c2153c-55a5-n16-r8	8	c100	phase			barrier	0.494890
20261008-044702-3c2153c-55a5-n16-r8	8	c100	phase			barrier.start_s	194.297054
20261008-044702-3c2153c-55a5-n16-r8	8	c100	sample	3	3-SRR5935740	mode	striped
20261008-044702-3c2153c-55a5-n16-r8	8	c100	sample	3	3-SRR5935740	s3client	sdk
20261008-044702-3c2153c-55a5-n16-r8	8	c100	sample	3	3-SRR5935740	rank	8
20261008-044702-3c2153c-55a5-n16-r8	8	c100	sample	3	3-SRR5935740	role	peer
20261008-044702-3c2153c-55a5-n16-r8	8	c100	sample	3	3-SRR5935740	inflight	1
20261008-044702-3c2153c-55a5-n16-r8	8	c100	sample	3	3-SRR5935740	threads	16
20261008-044702-3c2153c-55a5-n16-r8	8	c100	sample	3	3-SRR5935740	start_s	188.732906
20261008-044702-3c2153c-55a5-n16-r8	8	c100	sample	3	3-SRR5935740	wall_s	6.059083
20261008-044702-3c2153c-55a5-n16-r8	8	c100	sample	3	3-SRR5935740	setup_s	0.000045
20261008-044702-3c2153c-55a5-n16-r8	8	c100	sample	3	3-SRR5935740	classify_s	5.560103
20261008-044702-3c2153c-55a5-n16-r8	8	c100	sample	3	3-SRR5935740	close_s	0.000000
20261008-044702-3c2153c-55a5-n16-r8	8	c100	sample	3	3-SRR5935740	report_s	0.000000
20261008-044702-3c2153c-55a5-n16-r8	8	c100	sample	3	3-SRR5935740	status	0
20261008-044702-3c2153c-55a5-n16-r8	8	c100	sample	3	3-SRR5935740	sequences	0
20261008-044702-3c2153c-55a5-n16-r8	8	c100	sample	3	3-SRR5935740	bases	0
20261008-044702-3c2153c-55a5-n16-r8	8	c100	sample	3	3-SRR5935740	classified	0
20261008-044702-3c2153c-55a5-n16-r8	8	c100	sample	3	3-SRR5935740	place	-
20261008-044702-3c2153c-55a5-n16-r8	8	c100	sample	3	3-SRR5935740	weight	-
20261008-044702-3c2153c-55a5-n16-r8	8	c100	phase			batch-barrier-3	0.507825
20261008-044702-3c2153c-55a5-n16-r8	8	c100	phase			batch-barrier-3.start_s	194.792000
20261008-044702-3c2153c-55a5-n16-r8	8	c100	phase			barrier	0.211337
20261008-044702-3c2153c-55a5-n16-r8	8	c100	phase			barrier.start_s	201.653497
20261008-044702-3c2153c-55a5-n16-r8	8	c100	sample	4	4-SRR5935740	mode	striped
20261008-044702-3c2153c-55a5-n16-r8	8	c100	sample	4	4-SRR5935740	s3client	sdk
20261008-044702-3c2153c-55a5-n16-r8	8	c100	sample	4	4-SRR5935740	rank	8
20261008-044702-3c2153c-55a5-n16-r8	8	c100	sample	4	4-SRR5935740	role	peer
20261008-044702-3c2153c-55a5-n16-r8	8	c100	sample	4	4-SRR5935740	inflight	1
20261008-044702-3c2153c-55a5-n16-r8	8	c100	sample	4	4-SRR5935740	threads	16
20261008-044702-3c2153c-55a5-n16-r8	8	c100	sample	4	4-SRR5935740	start_s	196.095647
20261008-044702-3c2153c-55a5-n16-r8	8	c100	sample	4	4-SRR5935740	wall_s	5.769225
20261008-044702-3c2153c-55a5-n16-r8	8	c100	sample	4	4-SRR5935740	setup_s	0.000050
20261008-044702-3c2153c-55a5-n16-r8	8	c100	sample	4	4-SRR5935740	classify_s	5.553784
20261008-044702-3c2153c-55a5-n16-r8	8	c100	sample	4	4-SRR5935740	close_s	0.000000
20261008-044702-3c2153c-55a5-n16-r8	8	c100	sample	4	4-SRR5935740	report_s	0.000000
20261008-044702-3c2153c-55a5-n16-r8	8	c100	sample	4	4-SRR5935740	status	0
20261008-044702-3c2153c-55a5-n16-r8	8	c100	sample	4	4-SRR5935740	sequences	0
20261008-044702-3c2153c-55a5-n16-r8	8	c100	sample	4	4-SRR5935740	bases	0
20261008-044702-3c2153c-55a5-n16-r8	8	c100	sample	4	4-SRR5935740	classified	0
20261008-044702-3c2153c-55a5-n16-r8	8	c100	sample	4	4-SRR5935740	place	-
20261008-044702-3c2153c-55a5-n16-r8	8	c100	sample	4	4-SRR5935740	weight	-
20261008-044702-3c2153c-55a5-n16-r8	8	c100	phase			batch-barrier-4	0.512318
20261008-044702-3c2153c-55a5-n16-r8	8	c100	phase			batch-barrier-4.start_s	201.864881
20261008-044702-3c2153c-55a5-n16-r8	8	c100	phase			barrier	0.221155
20261008-044702-3c2153c-55a5-n16-r8	8	c100	phase			barrier.start_s	208.745952
20261008-044702-3c2153c-55a5-n16-r8	8	c100	sample	5	5-SRR5935740	mode	striped
20261008-044702-3c2153c-55a5-n16-r8	8	c100	sample	5	5-SRR5935740	s3client	sdk
20261008-044702-3c2153c-55a5-n16-r8	8	c100	sample	5	5-SRR5935740	rank	8
20261008-044702-3c2153c-55a5-n16-r8	8	c100	sample	5	5-SRR5935740	role	peer
20261008-044702-3c2153c-55a5-n16-r8	8	c100	sample	5	5-SRR5935740	inflight	1
20261008-044702-3c2153c-55a5-n16-r8	8	c100	sample	5	5-SRR5935740	threads	16
20261008-044702-3c2153c-55a5-n16-r8	8	c100	sample	5	5-SRR5935740	start_s	203.188829
20261008-044702-3c2153c-55a5-n16-r8	8	c100	sample	5	5-SRR5935740	wall_s	5.778322
20261008-044702-3c2153c-55a5-n16-r8	8	c100	sample	5	5-SRR5935740	setup_s	0.000052
20261008-044702-3c2153c-55a5-n16-r8	8	c100	sample	5	5-SRR5935740	classify_s	5.553154
20261008-044702-3c2153c-55a5-n16-r8	8	c100	sample	5	5-SRR5935740	close_s	0.000000
20261008-044702-3c2153c-55a5-n16-r8	8	c100	sample	5	5-SRR5935740	report_s	0.000000
20261008-044702-3c2153c-55a5-n16-r8	8	c100	sample	5	5-SRR5935740	status	0
20261008-044702-3c2153c-55a5-n16-r8	8	c100	sample	5	5-SRR5935740	sequences	0
20261008-044702-3c2153c-55a5-n16-r8	8	c100	sample	5	5-SRR5935740	bases	0
20261008-044702-3c2153c-55a5-n16-r8	8	c100	sample	5	5-SRR5935740	classified	0
20261008-044702-3c2153c-55a5-n16-r8	8	c100	sample	5	5-SRR5935740	place	-
20261008-044702-3c2153c-55a5-n16-r8	8	c100	sample	5	5-SRR5935740	weight	-
20261008-044702-3c2153c-55a5-n16-r8	8	c100	phase			batch-barrier-5	0.788076
20261008-044702-3c2153c-55a5-n16-r8	8	c100	phase			batch-barrier-5.start_s	208.967161
20261008-044702-3c2153c-55a5-n16-r8	8	c100	phase			batch-barrier-6	7.325959
20261008-044702-3c2153c-55a5-n16-r8	8	c100	phase			batch-barrier-6.start_s	209.755254
20261008-044702-3c2153c-55a5-n16-r8	8	c100	phase			batch-barrier-7	7.057478
20261008-044702-3c2153c-55a5-n16-r8	8	c100	phase			batch-barrier-7.start_s	217.081236
20261008-044702-3c2153c-55a5-n16-r8	8	c100	phase			batch-barrier-8	7.195311
20261008-044702-3c2153c-55a5-n16-r8	8	c100	phase			batch-barrier-8.start_s	224.138734
20261008-044702-3c2153c-55a5-n16-r8	8	c100	engine.shard			index	0
20261008-044702-3c2153c-55a5-n16-r8	8	c100	engine.shard			n	16
20261008-044702-3c2153c-55a5-n16-r8	8	c100	engine.shard			lo	148636458971
20261008-044702-3c2153c-55a5-n16-r8	8	c100	engine.shard			hi	167216016342
20261008-044702-3c2153c-55a5-n16-r8	8	c100	engine.shard			tail	302
20261008-044702-3c2153c-55a5-n16-r8	8	c100	engine.shard			full	false
20261008-044702-3c2153c-55a5-n16-r8	8	c100	engine.shard			empty_at	18579557372
20261008-044702-3c2153c-55a5-n16-r8	8	c100	engine.shard			keys	8480894883
20261008-044702-3c2153c-55a5-n16-r8	8	c100	engine.shard			batches	89910
20261008-044702-3c2153c-55a5-n16-r8	8	c100	engine.shard			probe_s	198.265746
20261008-044702-3c2153c-55a5-n16-r8	8	c100	engine.shard			tail_probes	0
20261008-044702-3c2153c-55a5-n16-r8	8	c100	engine.shard			wrap_probes	0
20261008-044702-3c2153c-55a5-n16-r8	8	c100	engine.rendezvous			puts	13
20261008-044702-3c2153c-55a5-n16-r8	8	c100	engine.rendezvous			gets	558
20261008-044702-3c2153c-55a5-n16-r8	8	c100	engine.s3			client	sdk
20261008-044702-3c2153c-55a5-n16-r8	8	c100	engine.s3			put	31
20261008-044702-3c2153c-55a5-n16-r8	8	c100	engine.s3			get	558
20261008-044702-3c2153c-55a5-n16-r8	8	c100	engine.s3			create_multipart	18
20261008-044702-3c2153c-55a5-n16-r8	8	c100	engine.s3			upload_part	2148
20261008-044702-3c2153c-55a5-n16-r8	8	c100	engine.s3			complete_multipart	18
20261008-044702-3c2153c-55a5-n16-r8	8	c100	engine.s3			abort_multipart	0
20261008-044702-3c2153c-55a5-n16-r8	8	c100	engine.s3			part_bytes	17957403705
20261008-044702-3c2153c-55a5-n16-r8	8	c100	engine.s3			client	cli
20261008-044702-3c2153c-55a5-n16-r8	8	c100	engine.s3			put	0
20261008-044702-3c2153c-55a5-n16-r8	8	c100	engine.s3			get	0
20261008-044702-3c2153c-55a5-n16-r8	8	c100	engine.s3			create_multipart	0
20261008-044702-3c2153c-55a5-n16-r8	8	c100	engine.s3			upload_part	0
20261008-044702-3c2153c-55a5-n16-r8	8	c100	engine.s3			complete_multipart	0
20261008-044702-3c2153c-55a5-n16-r8	8	c100	engine.s3			abort_multipart	0
20261008-044702-3c2153c-55a5-n16-r8	8	c100	engine.s3			part_bytes	0
20261008-044702-3c2153c-55a5-n16-r8	8	c100	engine.load			seconds	41.545896
20261008-044702-3c2153c-55a5-n16-r8	8	c100	engine.load			requests	1126
20261008-044702-3c2153c-55a5-n16-r8	8	c100	engine.load			retries	0
20261008-044702-3c2153c-55a5-n16-r8	8	c100	engine.load			bytes	74318296292
20261008-044702-3c2153c-55a5-n16-r8	8	c100	engine.route			transport	nodes
20261008-044702-3c2153c-55a5-n16-r8	8	c100	engine.route			calls	5383
20261008-044702-3c2153c-55a5-n16-r8	8	c100	engine.route			keys	8095663616
20261008-044702-3c2153c-55a5-n16-r8	8	c100	engine.route			batches	86128
20261008-044702-3c2153c-55a5-n16-r8	8	c100	engine.route			route_s	95.574533
20261008-044702-3c2153c-55a5-n16-r8	8	c100	engine.route			wait_s	335.402464
20261008-044702-3c2153c-55a5-n16-r8	8	c100	engine.route			gather_s	18.714231
20261008-044702-3c2153c-55a5-n16-r8	8	c100	engine.worker			scan_s	719.493297
20261008-044702-3c2153c-55a5-n16-r8	8	c100	engine.worker			lookup_s	449.698391
20261008-044702-3c2153c-55a5-n16-r8	8	c100	engine.worker			classify_s	617.843613
20261008-044702-3c2153c-55a5-n16-r8	8	c100	phase			total	231.461194
20261008-044702-3c2153c-55a5-n16-r8	8	c100	phase			total.start_s	0.000001
20261008-044702-3c2153c-55a5-n16-r9	9	c100	phase			taxo	0.094243
20261008-044702-3c2153c-55a5-n16-r9	9	c100	phase			taxo.start_s	0.002834
20261008-044702-3c2153c-55a5-n16-r9	9	c100	phase			shard-load-9	41.653771
20261008-044702-3c2153c-55a5-n16-r9	9	c100	phase			shard-load-9.start_s	0.164906
20261008-044702-3c2153c-55a5-n16-r9	9	c100	phase			rendezvous	13.499094
20261008-044702-3c2153c-55a5-n16-r9	9	c100	phase			rendezvous.start_s	42.266441
20261008-044702-3c2153c-55a5-n16-r9	9	c100	phase			connect	0.050411
20261008-044702-3c2153c-55a5-n16-r9	9	c100	phase			connect.start_s	55.765552
20261008-044702-3c2153c-55a5-n16-r9	9	c100	phase			hash	55.718880
20261008-044702-3c2153c-55a5-n16-r9	9	c100	phase			hash.start_s	0.097102
20261008-044702-3c2153c-55a5-n16-r9	9	c100	sample	0	0-SRR5935800	mode	parallel
20261008-044702-3c2153c-55a5-n16-r9	9	c100	sample	0	0-SRR5935800	s3client	sdk
20261008-044702-3c2153c-55a5-n16-r9	9	c100	sample	0	0-SRR5935800	rank	9
20261008-044702-3c2153c-55a5-n16-r9	9	c100	sample	0	0-SRR5935800	role	home
20261008-044702-3c2153c-55a5-n16-r9	9	c100	sample	0	0-SRR5935800	inflight	2
20261008-044702-3c2153c-55a5-n16-r9	9	c100	sample	0	0-SRR5935800	threads	16
20261008-044702-3c2153c-55a5-n16-r9	9	c100	sample	0	0-SRR5935800	start_s	55.816013
20261008-044702-3c2153c-55a5-n16-r9	9	c100	sample	0	0-SRR5935800	wall_s	16.148702
20261008-044702-3c2153c-55a5-n16-r9	9	c100	sample	0	0-SRR5935800	setup_s	0.000053
20261008-044702-3c2153c-55a5-n16-r9	9	c100	sample	0	0-SRR5935800	classify_s	15.569971
20261008-044702-3c2153c-55a5-n16-r9	9	c100	sample	0	0-SRR5935800	close_s	0.323467
20261008-044702-3c2153c-55a5-n16-r9	9	c100	sample	0	0-SRR5935800	report_s	0.246022
20261008-044702-3c2153c-55a5-n16-r9	9	c100	sample	0	0-SRR5935800	status	0
20261008-044702-3c2153c-55a5-n16-r9	9	c100	sample	0	0-SRR5935800	sequences	15080696
20261008-044702-3c2153c-55a5-n16-r9	9	c100	sample	0	0-SRR5935800	bases	2770846238
20261008-044702-3c2153c-55a5-n16-r9	9	c100	sample	0	0-SRR5935800	classified	14478381
20261008-044702-3c2153c-55a5-n16-r9	9	c100	sample	0	0-SRR5935800	place	lpt
20261008-044702-3c2153c-55a5-n16-r9	9	c100	sample	0	0-SRR5935800	weight	15080696
20261008-044702-3c2153c-55a5-n16-r9	9	c100	sample	0	0-SRR5935807	mode	parallel
20261008-044702-3c2153c-55a5-n16-r9	9	c100	sample	0	0-SRR5935807	s3client	sdk
20261008-044702-3c2153c-55a5-n16-r9	9	c100	sample	0	0-SRR5935807	rank	9
20261008-044702-3c2153c-55a5-n16-r9	9	c100	sample	0	0-SRR5935807	role	home
20261008-044702-3c2153c-55a5-n16-r9	9	c100	sample	0	0-SRR5935807	inflight	2
20261008-044702-3c2153c-55a5-n16-r9	9	c100	sample	0	0-SRR5935807	threads	16
20261008-044702-3c2153c-55a5-n16-r9	9	c100	sample	0	0-SRR5935807	start_s	55.816017
20261008-044702-3c2153c-55a5-n16-r9	9	c100	sample	0	0-SRR5935807	wall_s	16.547996
20261008-044702-3c2153c-55a5-n16-r9	9	c100	sample	0	0-SRR5935807	setup_s	0.000049
20261008-044702-3c2153c-55a5-n16-r9	9	c100	sample	0	0-SRR5935807	classify_s	15.962642
20261008-044702-3c2153c-55a5-n16-r9	9	c100	sample	0	0-SRR5935807	close_s	0.370297
20261008-044702-3c2153c-55a5-n16-r9	9	c100	sample	0	0-SRR5935807	report_s	0.197068
20261008-044702-3c2153c-55a5-n16-r9	9	c100	sample	0	0-SRR5935807	status	0
20261008-044702-3c2153c-55a5-n16-r9	9	c100	sample	0	0-SRR5935807	sequences	16708997
20261008-044702-3c2153c-55a5-n16-r9	9	c100	sample	0	0-SRR5935807	bases	3043023590
20261008-044702-3c2153c-55a5-n16-r9	9	c100	sample	0	0-SRR5935807	classified	15000245
20261008-044702-3c2153c-55a5-n16-r9	9	c100	sample	0	0-SRR5935807	place	lpt
20261008-044702-3c2153c-55a5-n16-r9	9	c100	sample	0	0-SRR5935807	weight	16708997
20261008-044702-3c2153c-55a5-n16-r9	9	c100	sample	0	0-SRR5935792	mode	parallel
20261008-044702-3c2153c-55a5-n16-r9	9	c100	sample	0	0-SRR5935792	s3client	sdk
20261008-044702-3c2153c-55a5-n16-r9	9	c100	sample	0	0-SRR5935792	rank	9
20261008-044702-3c2153c-55a5-n16-r9	9	c100	sample	0	0-SRR5935792	role	home
20261008-044702-3c2153c-55a5-n16-r9	9	c100	sample	0	0-SRR5935792	inflight	2
20261008-044702-3c2153c-55a5-n16-r9	9	c100	sample	0	0-SRR5935792	threads	16
20261008-044702-3c2153c-55a5-n16-r9	9	c100	sample	0	0-SRR5935792	start_s	72.364080
20261008-044702-3c2153c-55a5-n16-r9	9	c100	sample	0	0-SRR5935792	wall_s	11.785677
20261008-044702-3c2153c-55a5-n16-r9	9	c100	sample	0	0-SRR5935792	setup_s	0.000075
20261008-044702-3c2153c-55a5-n16-r9	9	c100	sample	0	0-SRR5935792	classify_s	11.347113
20261008-044702-3c2153c-55a5-n16-r9	9	c100	sample	0	0-SRR5935792	close_s	0.241356
20261008-044702-3c2153c-55a5-n16-r9	9	c100	sample	0	0-SRR5935792	report_s	0.187951
20261008-044702-3c2153c-55a5-n16-r9	9	c100	sample	0	0-SRR5935792	status	0
20261008-044702-3c2153c-55a5-n16-r9	9	c100	sample	0	0-SRR5935792	sequences	11437813
20261008-044702-3c2153c-55a5-n16-r9	9	c100	sample	0	0-SRR5935792	bases	2096182336
20261008-044702-3c2153c-55a5-n16-r9	9	c100	sample	0	0-SRR5935792	classified	10922134
20261008-044702-3c2153c-55a5-n16-r9	9	c100	sample	0	0-SRR5935792	place	lpt
20261008-044702-3c2153c-55a5-n16-r9	9	c100	sample	0	0-SRR5935792	weight	11437813
20261008-044702-3c2153c-55a5-n16-r9	9	c100	sample	0	0-SRR5935775	mode	parallel
20261008-044702-3c2153c-55a5-n16-r9	9	c100	sample	0	0-SRR5935775	s3client	sdk
20261008-044702-3c2153c-55a5-n16-r9	9	c100	sample	0	0-SRR5935775	rank	9
20261008-044702-3c2153c-55a5-n16-r9	9	c100	sample	0	0-SRR5935775	role	home
20261008-044702-3c2153c-55a5-n16-r9	9	c100	sample	0	0-SRR5935775	inflight	2
20261008-044702-3c2153c-55a5-n16-r9	9	c100	sample	0	0-SRR5935775	threads	16
20261008-044702-3c2153c-55a5-n16-r9	9	c100	sample	0	0-SRR5935775	start_s	71.964743
20261008-044702-3c2153c-55a5-n16-r9	9	c100	sample	0	0-SRR5935775	wall_s	12.866278
20261008-044702-3c2153c-55a5-n16-r9	9	c100	sample	0	0-SRR5935775	setup_s	0.000060
20261008-044702-3c2153c-55a5-n16-r9	9	c100	sample	0	0-SRR5935775	classify_s	12.366637
20261008-044702-3c2153c-55a5-n16-r9	9	c100	sample	0	0-SRR5935775	close_s	0.354320
20261008-044702-3c2153c-55a5-n16-r9	9	c100	sample	0	0-SRR5935775	report_s	0.139760
20261008-044702-3c2153c-55a5-n16-r9	9	c100	sample	0	0-SRR5935775	status	0
20261008-044702-3c2153c-55a5-n16-r9	9	c100	sample	0	0-SRR5935775	sequences	13010149
20261008-044702-3c2153c-55a5-n16-r9	9	c100	sample	0	0-SRR5935775	bases	2394732661
20261008-044702-3c2153c-55a5-n16-r9	9	c100	sample	0	0-SRR5935775	classified	12910203
20261008-044702-3c2153c-55a5-n16-r9	9	c100	sample	0	0-SRR5935775	place	lpt
20261008-044702-3c2153c-55a5-n16-r9	9	c100	sample	0	0-SRR5935775	weight	13010149
20261008-044702-3c2153c-55a5-n16-r9	9	c100	sample	0	0-SRR5935750	mode	parallel
20261008-044702-3c2153c-55a5-n16-r9	9	c100	sample	0	0-SRR5935750	s3client	sdk
20261008-044702-3c2153c-55a5-n16-r9	9	c100	sample	0	0-SRR5935750	rank	9
20261008-044702-3c2153c-55a5-n16-r9	9	c100	sample	0	0-SRR5935750	role	home
20261008-044702-3c2153c-55a5-n16-r9	9	c100	sample	0	0-SRR5935750	inflight	2
20261008-044702-3c2153c-55a5-n16-r9	9	c100	sample	0	0-SRR5935750	threads	16
20261008-044702-3c2153c-55a5-n16-r9	9	c100	sample	0	0-SRR5935750	start_s	84.831045
20261008-044702-3c2153c-55a5-n16-r9	9	c100	sample	0	0-SRR5935750	wall_s	7.783097
20261008-044702-3c2153c-55a5-n16-r9	9	c100	sample	0	0-SRR5935750	setup_s	0.000094
20261008-044702-3c2153c-55a5-n16-r9	9	c100	sample	0	0-SRR5935750	classify_s	6.717557
20261008-044702-3c2153c-55a5-n16-r9	9	c100	sample	0	0-SRR5935750	close_s	0.924014
20261008-044702-3c2153c-55a5-n16-r9	9	c100	sample	0	0-SRR5935750	report_s	0.135369
20261008-044702-3c2153c-55a5-n16-r9	9	c100	sample	0	0-SRR5935750	status	0
20261008-044702-3c2153c-55a5-n16-r9	9	c100	sample	0	0-SRR5935750	sequences	6552107
20261008-044702-3c2153c-55a5-n16-r9	9	c100	sample	0	0-SRR5935750	bases	1182796919
20261008-044702-3c2153c-55a5-n16-r9	9	c100	sample	0	0-SRR5935750	classified	6331866
20261008-044702-3c2153c-55a5-n16-r9	9	c100	sample	0	0-SRR5935750	place	lpt
20261008-044702-3c2153c-55a5-n16-r9	9	c100	sample	0	0-SRR5935750	weight	6552107
20261008-044702-3c2153c-55a5-n16-r9	9	c100	sample	0	0-SRR5935824	mode	parallel
20261008-044702-3c2153c-55a5-n16-r9	9	c100	sample	0	0-SRR5935824	s3client	sdk
20261008-044702-3c2153c-55a5-n16-r9	9	c100	sample	0	0-SRR5935824	rank	9
20261008-044702-3c2153c-55a5-n16-r9	9	c100	sample	0	0-SRR5935824	role	home
20261008-044702-3c2153c-55a5-n16-r9	9	c100	sample	0	0-SRR5935824	inflight	2
20261008-044702-3c2153c-55a5-n16-r9	9	c100	sample	0	0-SRR5935824	threads	16
20261008-044702-3c2153c-55a5-n16-r9	9	c100	sample	0	0-SRR5935824	start_s	84.149803
20261008-044702-3c2153c-55a5-n16-r9	9	c100	sample	0	0-SRR5935824	wall_s	8.803204
20261008-044702-3c2153c-55a5-n16-r9	9	c100	sample	0	0-SRR5935824	setup_s	0.000086
20261008-044702-3c2153c-55a5-n16-r9	9	c100	sample	0	0-SRR5935824	classify_s	8.040300
20261008-044702-3c2153c-55a5-n16-r9	9	c100	sample	0	0-SRR5935824	close_s	0.494017
20261008-044702-3c2153c-55a5-n16-r9	9	c100	sample	0	0-SRR5935824	report_s	0.260755
20261008-044702-3c2153c-55a5-n16-r9	9	c100	sample	0	0-SRR5935824	status	0
20261008-044702-3c2153c-55a5-n16-r9	9	c100	sample	0	0-SRR5935824	sequences	8745078
20261008-044702-3c2153c-55a5-n16-r9	9	c100	sample	0	0-SRR5935824	bases	1626833325
20261008-044702-3c2153c-55a5-n16-r9	9	c100	sample	0	0-SRR5935824	classified	8520266
20261008-044702-3c2153c-55a5-n16-r9	9	c100	sample	0	0-SRR5935824	place	lpt
20261008-044702-3c2153c-55a5-n16-r9	9	c100	sample	0	0-SRR5935824	weight	8745078
20261008-044702-3c2153c-55a5-n16-r9	9	c100	phase			batch-barrier-0	3.237504
20261008-044702-3c2153c-55a5-n16-r9	9	c100	phase			batch-barrier-0.start_s	92.953030
20261008-044702-3c2153c-55a5-n16-r9	9	c100	sample	1	1-SRR5935765	mode	parallel
20261008-044702-3c2153c-55a5-n16-r9	9	c100	sample	1	1-SRR5935765	s3client	sdk
20261008-044702-3c2153c-55a5-n16-r9	9	c100	sample	1	1-SRR5935765	rank	9
20261008-044702-3c2153c-55a5-n16-r9	9	c100	sample	1	1-SRR5935765	role	home
20261008-044702-3c2153c-55a5-n16-r9	9	c100	sample	1	1-SRR5935765	inflight	2
20261008-044702-3c2153c-55a5-n16-r9	9	c100	sample	1	1-SRR5935765	threads	16
20261008-044702-3c2153c-55a5-n16-r9	9	c100	sample	1	1-SRR5935765	start_s	96.190564
20261008-044702-3c2153c-55a5-n16-r9	9	c100	sample	1	1-SRR5935765	wall_s	11.532837
20261008-044702-3c2153c-55a5-n16-r9	9	c100	sample	1	1-SRR5935765	setup_s	0.000058
20261008-044702-3c2153c-55a5-n16-r9	9	c100	sample	1	1-SRR5935765	classify_s	11.086991
20261008-044702-3c2153c-55a5-n16-r9	9	c100	sample	1	1-SRR5935765	close_s	0.262884
20261008-044702-3c2153c-55a5-n16-r9	9	c100	sample	1	1-SRR5935765	report_s	0.176086
20261008-044702-3c2153c-55a5-n16-r9	9	c100	sample	1	1-SRR5935765	status	0
20261008-044702-3c2153c-55a5-n16-r9	9	c100	sample	1	1-SRR5935765	sequences	10590116
20261008-044702-3c2153c-55a5-n16-r9	9	c100	sample	1	1-SRR5935765	bases	1935908855
20261008-044702-3c2153c-55a5-n16-r9	9	c100	sample	1	1-SRR5935765	classified	10426493
20261008-044702-3c2153c-55a5-n16-r9	9	c100	sample	1	1-SRR5935765	place	mod
20261008-044702-3c2153c-55a5-n16-r9	9	c100	sample	1	1-SRR5935765	weight	10590116
20261008-044702-3c2153c-55a5-n16-r9	9	c100	sample	1	1-SRR5935749	mode	parallel
20261008-044702-3c2153c-55a5-n16-r9	9	c100	sample	1	1-SRR5935749	s3client	sdk
20261008-044702-3c2153c-55a5-n16-r9	9	c100	sample	1	1-SRR5935749	rank	9
20261008-044702-3c2153c-55a5-n16-r9	9	c100	sample	1	1-SRR5935749	role	home
20261008-044702-3c2153c-55a5-n16-r9	9	c100	sample	1	1-SRR5935749	inflight	2
20261008-044702-3c2153c-55a5-n16-r9	9	c100	sample	1	1-SRR5935749	threads	16
20261008-044702-3c2153c-55a5-n16-r9	9	c100	sample	1	1-SRR5935749	start_s	96.190568
20261008-044702-3c2153c-55a5-n16-r9	9	c100	sample	1	1-SRR5935749	wall_s	19.353088
20261008-044702-3c2153c-55a5-n16-r9	9	c100	sample	1	1-SRR5935749	setup_s	0.000048
20261008-044702-3c2153c-55a5-n16-r9	9	c100	sample	1	1-SRR5935749	classify_s	18.906321
20261008-044702-3c2153c-55a5-n16-r9	9	c100	sample	1	1-SRR5935749	close_s	0.250032
20261008-044702-3c2153c-55a5-n16-r9	9	c100	sample	1	1-SRR5935749	report_s	0.189034
20261008-044702-3c2153c-55a5-n16-r9	9	c100	sample	1	1-SRR5935749	status	0
20261008-044702-3c2153c-55a5-n16-r9	9	c100	sample	1	1-SRR5935749	sequences	18879904
20261008-044702-3c2153c-55a5-n16-r9	9	c100	sample	1	1-SRR5935749	bases	3539135454
20261008-044702-3c2153c-55a5-n16-r9	9	c100	sample	1	1-SRR5935749	classified	18627146
20261008-044702-3c2153c-55a5-n16-r9	9	c100	sample	1	1-SRR5935749	place	mod
20261008-044702-3c2153c-55a5-n16-r9	9	c100	sample	1	1-SRR5935749	weight	18879904
20261008-044702-3c2153c-55a5-n16-r9	9	c100	sample	1	1-SRR5935781	mode	parallel
20261008-044702-3c2153c-55a5-n16-r9	9	c100	sample	1	1-SRR5935781	s3client	sdk
20261008-044702-3c2153c-55a5-n16-r9	9	c100	sample	1	1-SRR5935781	rank	9
20261008-044702-3c2153c-55a5-n16-r9	9	c100	sample	1	1-SRR5935781	role	home
20261008-044702-3c2153c-55a5-n16-r9	9	c100	sample	1	1-SRR5935781	inflight	2
20261008-044702-3c2153c-55a5-n16-r9	9	c100	sample	1	1-SRR5935781	threads	16
20261008-044702-3c2153c-55a5-n16-r9	9	c100	sample	1	1-SRR5935781	start_s	107.723422
20261008-044702-3c2153c-55a5-n16-r9	9	c100	sample	1	1-SRR5935781	wall_s	9.055166
20261008-044702-3c2153c-55a5-n16-r9	9	c100	sample	1	1-SRR5935781	setup_s	0.000067
20261008-044702-3c2153c-55a5-n16-r9	9	c100	sample	1	1-SRR5935781	classify_s	8.525176
20261008-044702-3c2153c-55a5-n16-r9	9	c100	sample	1	1-SRR5935781	close_s	0.372848
20261008-044702-3c2153c-55a5-n16-r9	9	c100	sample	1	1-SRR5935781	report_s	0.151283
20261008-044702-3c2153c-55a5-n16-r9	9	c100	sample	1	1-SRR5935781	status	0
20261008-044702-3c2153c-55a5-n16-r9	9	c100	sample	1	1-SRR5935781	sequences	8486948
20261008-044702-3c2153c-55a5-n16-r9	9	c100	sample	1	1-SRR5935781	bases	1613121343
20261008-044702-3c2153c-55a5-n16-r9	9	c100	sample	1	1-SRR5935781	classified	8270605
20261008-044702-3c2153c-55a5-n16-r9	9	c100	sample	1	1-SRR5935781	place	mod
20261008-044702-3c2153c-55a5-n16-r9	9	c100	sample	1	1-SRR5935781	weight	8486948
20261008-044702-3c2153c-55a5-n16-r9	9	c100	sample	1	1-SRR5935797	mode	parallel
20261008-044702-3c2153c-55a5-n16-r9	9	c100	sample	1	1-SRR5935797	s3client	sdk
20261008-044702-3c2153c-55a5-n16-r9	9	c100	sample	1	1-SRR5935797	rank	9
20261008-044702-3c2153c-55a5-n16-r9	9	c100	sample	1	1-SRR5935797	role	home
20261008-044702-3c2153c-55a5-n16-r9	9	c100	sample	1	1-SRR5935797	inflight	2
20261008-044702-3c2153c-55a5-n16-r9	9	c100	sample	1	1-SRR5935797	threads	16
20261008-044702-3c2153c-55a5-n16-r9	9	c100	sample	1	1-SRR5935797	start_s	115.543680
20261008-044702-3c2153c-55a5-n16-r9	9	c100	sample	1	1-SRR5935797	wall_s	8.626980
20261008-044702-3c2153c-55a5-n16-r9	9	c100	sample	1	1-SRR5935797	setup_s	0.000068
20261008-044702-3c2153c-55a5-n16-r9	9	c100	sample	1	1-SRR5935797	classify_s	8.226054
20261008-044702-3c2153c-55a5-n16-r9	9	c100	sample	1	1-SRR5935797	close_s	0.222137
20261008-044702-3c2153c-55a5-n16-r9	9	c100	sample	1	1-SRR5935797	report_s	0.170094
20261008-044702-3c2153c-55a5-n16-r9	9	c100	sample	1	1-SRR5935797	status	0
20261008-044702-3c2153c-55a5-n16-r9	9	c100	sample	1	1-SRR5935797	sequences	8439357
20261008-044702-3c2153c-55a5-n16-r9	9	c100	sample	1	1-SRR5935797	bases	1550811438
20261008-044702-3c2153c-55a5-n16-r9	9	c100	sample	1	1-SRR5935797	classified	8138623
20261008-044702-3c2153c-55a5-n16-r9	9	c100	sample	1	1-SRR5935797	place	mod
20261008-044702-3c2153c-55a5-n16-r9	9	c100	sample	1	1-SRR5935797	weight	8439357
20261008-044702-3c2153c-55a5-n16-r9	9	c100	sample	1	1-SRR5935813	mode	parallel
20261008-044702-3c2153c-55a5-n16-r9	9	c100	sample	1	1-SRR5935813	s3client	sdk
20261008-044702-3c2153c-55a5-n16-r9	9	c100	sample	1	1-SRR5935813	rank	9
20261008-044702-3c2153c-55a5-n16-r9	9	c100	sample	1	1-SRR5935813	role	home
20261008-044702-3c2153c-55a5-n16-r9	9	c100	sample	1	1-SRR5935813	inflight	2
20261008-044702-3c2153c-55a5-n16-r9	9	c100	sample	1	1-SRR5935813	threads	16
20261008-044702-3c2153c-55a5-n16-r9	9	c100	sample	1	1-SRR5935813	start_s	116.778690
20261008-044702-3c2153c-55a5-n16-r9	9	c100	sample	1	1-SRR5935813	wall_s	17.068483
20261008-044702-3c2153c-55a5-n16-r9	9	c100	sample	1	1-SRR5935813	setup_s	0.000063
20261008-044702-3c2153c-55a5-n16-r9	9	c100	sample	1	1-SRR5935813	classify_s	16.530427
20261008-044702-3c2153c-55a5-n16-r9	9	c100	sample	1	1-SRR5935813	close_s	0.365785
20261008-044702-3c2153c-55a5-n16-r9	9	c100	sample	1	1-SRR5935813	report_s	0.157591
20261008-044702-3c2153c-55a5-n16-r9	9	c100	sample	1	1-SRR5935813	status	0
20261008-044702-3c2153c-55a5-n16-r9	9	c100	sample	1	1-SRR5935813	sequences	16980616
20261008-044702-3c2153c-55a5-n16-r9	9	c100	sample	1	1-SRR5935813	bases	3155638888
20261008-044702-3c2153c-55a5-n16-r9	9	c100	sample	1	1-SRR5935813	classified	16106690
20261008-044702-3c2153c-55a5-n16-r9	9	c100	sample	1	1-SRR5935813	place	mod
20261008-044702-3c2153c-55a5-n16-r9	9	c100	sample	1	1-SRR5935813	weight	16980616
20261008-044702-3c2153c-55a5-n16-r9	9	c100	sample	1	1-SRR5935829	mode	parallel
20261008-044702-3c2153c-55a5-n16-r9	9	c100	sample	1	1-SRR5935829	s3client	sdk
20261008-044702-3c2153c-55a5-n16-r9	9	c100	sample	1	1-SRR5935829	rank	9
20261008-044702-3c2153c-55a5-n16-r9	9	c100	sample	1	1-SRR5935829	role	home
20261008-044702-3c2153c-55a5-n16-r9	9	c100	sample	1	1-SRR5935829	inflight	2
20261008-044702-3c2153c-55a5-n16-r9	9	c100	sample	1	1-SRR5935829	threads	16
20261008-044702-3c2153c-55a5-n16-r9	9	c100	sample	1	1-SRR5935829	start_s	124.170719
20261008-044702-3c2153c-55a5-n16-r9	9	c100	sample	1	1-SRR5935829	wall_s	10.560286
20261008-044702-3c2153c-55a5-n16-r9	9	c100	sample	1	1-SRR5935829	setup_s	0.000060
20261008-044702-3c2153c-55a5-n16-r9	9	c100	sample	1	1-SRR5935829	classify_s	10.150438
20261008-044702-3c2153c-55a5-n16-r9	9	c100	sample	1	1-SRR5935829	close_s	0.207648
20261008-044702-3c2153c-55a5-n16-r9	9	c100	sample	1	1-SRR5935829	report_s	0.188969
20261008-044702-3c2153c-55a5-n16-r9	9	c100	sample	1	1-SRR5935829	status	0
20261008-044702-3c2153c-55a5-n16-r9	9	c100	sample	1	1-SRR5935829	sequences	11220767
20261008-044702-3c2153c-55a5-n16-r9	9	c100	sample	1	1-SRR5935829	bases	2068350513
20261008-044702-3c2153c-55a5-n16-r9	9	c100	sample	1	1-SRR5935829	classified	10523542
20261008-044702-3c2153c-55a5-n16-r9	9	c100	sample	1	1-SRR5935829	place	mod
20261008-044702-3c2153c-55a5-n16-r9	9	c100	sample	1	1-SRR5935829	weight	11220767
20261008-044702-3c2153c-55a5-n16-r9	9	c100	phase			batch-barrier-1	6.632478
20261008-044702-3c2153c-55a5-n16-r9	9	c100	phase			batch-barrier-1.start_s	134.731028
20261008-044702-3c2153c-55a5-n16-r9	9	c100	sample	2	2-SRR5935800	mode	parallel
20261008-044702-3c2153c-55a5-n16-r9	9	c100	sample	2	2-SRR5935800	s3client	sdk
20261008-044702-3c2153c-55a5-n16-r9	9	c100	sample	2	2-SRR5935800	rank	9
20261008-044702-3c2153c-55a5-n16-r9	9	c100	sample	2	2-SRR5935800	role	home
20261008-044702-3c2153c-55a5-n16-r9	9	c100	sample	2	2-SRR5935800	inflight	2
20261008-044702-3c2153c-55a5-n16-r9	9	c100	sample	2	2-SRR5935800	threads	16
20261008-044702-3c2153c-55a5-n16-r9	9	c100	sample	2	2-SRR5935800	start_s	141.363551
20261008-044702-3c2153c-55a5-n16-r9	9	c100	sample	2	2-SRR5935800	wall_s	16.194044
20261008-044702-3c2153c-55a5-n16-r9	9	c100	sample	2	2-SRR5935800	setup_s	0.000050
20261008-044702-3c2153c-55a5-n16-r9	9	c100	sample	2	2-SRR5935800	classify_s	15.812784
20261008-044702-3c2153c-55a5-n16-r9	9	c100	sample	2	2-SRR5935800	close_s	0.250442
20261008-044702-3c2153c-55a5-n16-r9	9	c100	sample	2	2-SRR5935800	report_s	0.122917
20261008-044702-3c2153c-55a5-n16-r9	9	c100	sample	2	2-SRR5935800	status	0
20261008-044702-3c2153c-55a5-n16-r9	9	c100	sample	2	2-SRR5935800	sequences	15080696
20261008-044702-3c2153c-55a5-n16-r9	9	c100	sample	2	2-SRR5935800	bases	2770846238
20261008-044702-3c2153c-55a5-n16-r9	9	c100	sample	2	2-SRR5935800	classified	14478381
20261008-044702-3c2153c-55a5-n16-r9	9	c100	sample	2	2-SRR5935800	place	lpt
20261008-044702-3c2153c-55a5-n16-r9	9	c100	sample	2	2-SRR5935800	weight	15080696
20261008-044702-3c2153c-55a5-n16-r9	9	c100	sample	2	2-SRR5935807	mode	parallel
20261008-044702-3c2153c-55a5-n16-r9	9	c100	sample	2	2-SRR5935807	s3client	sdk
20261008-044702-3c2153c-55a5-n16-r9	9	c100	sample	2	2-SRR5935807	rank	9
20261008-044702-3c2153c-55a5-n16-r9	9	c100	sample	2	2-SRR5935807	role	home
20261008-044702-3c2153c-55a5-n16-r9	9	c100	sample	2	2-SRR5935807	inflight	2
20261008-044702-3c2153c-55a5-n16-r9	9	c100	sample	2	2-SRR5935807	threads	16
20261008-044702-3c2153c-55a5-n16-r9	9	c100	sample	2	2-SRR5935807	start_s	141.363557
20261008-044702-3c2153c-55a5-n16-r9	9	c100	sample	2	2-SRR5935807	wall_s	17.451637
20261008-044702-3c2153c-55a5-n16-r9	9	c100	sample	2	2-SRR5935807	setup_s	0.000055
20261008-044702-3c2153c-55a5-n16-r9	9	c100	sample	2	2-SRR5935807	classify_s	16.167423
20261008-044702-3c2153c-55a5-n16-r9	9	c100	sample	2	2-SRR5935807	close_s	0.973093
20261008-044702-3c2153c-55a5-n16-r9	9	c100	sample	2	2-SRR5935807	report_s	0.293486
20261008-044702-3c2153c-55a5-n16-r9	9	c100	sample	2	2-SRR5935807	status	0
20261008-044702-3c2153c-55a5-n16-r9	9	c100	sample	2	2-SRR5935807	sequences	16708997
20261008-044702-3c2153c-55a5-n16-r9	9	c100	sample	2	2-SRR5935807	bases	3043023590
20261008-044702-3c2153c-55a5-n16-r9	9	c100	sample	2	2-SRR5935807	classified	15000245
20261008-044702-3c2153c-55a5-n16-r9	9	c100	sample	2	2-SRR5935807	place	lpt
20261008-044702-3c2153c-55a5-n16-r9	9	c100	sample	2	2-SRR5935807	weight	16708997
20261008-044702-3c2153c-55a5-n16-r9	9	c100	sample	2	2-SRR5935775	mode	parallel
20261008-044702-3c2153c-55a5-n16-r9	9	c100	sample	2	2-SRR5935775	s3client	sdk
20261008-044702-3c2153c-55a5-n16-r9	9	c100	sample	2	2-SRR5935775	rank	9
20261008-044702-3c2153c-55a5-n16-r9	9	c100	sample	2	2-SRR5935775	role	home
20261008-044702-3c2153c-55a5-n16-r9	9	c100	sample	2	2-SRR5935775	inflight	2
20261008-044702-3c2153c-55a5-n16-r9	9	c100	sample	2	2-SRR5935775	threads	16
20261008-044702-3c2153c-55a5-n16-r9	9	c100	sample	2	2-SRR5935775	start_s	157.557615
20261008-044702-3c2153c-55a5-n16-r9	9	c100	sample	2	2-SRR5935775	wall_s	12.680336
20261008-044702-3c2153c-55a5-n16-r9	9	c100	sample	2	2-SRR5935775	setup_s	0.000056
20261008-044702-3c2153c-55a5-n16-r9	9	c100	sample	2	2-SRR5935775	classify_s	12.280603
20261008-044702-3c2153c-55a5-n16-r9	9	c100	sample	2	2-SRR5935775	close_s	0.231766
20261008-044702-3c2153c-55a5-n16-r9	9	c100	sample	2	2-SRR5935775	report_s	0.162335
20261008-044702-3c2153c-55a5-n16-r9	9	c100	sample	2	2-SRR5935775	status	0
20261008-044702-3c2153c-55a5-n16-r9	9	c100	sample	2	2-SRR5935775	sequences	13010149
20261008-044702-3c2153c-55a5-n16-r9	9	c100	sample	2	2-SRR5935775	bases	2394732661
20261008-044702-3c2153c-55a5-n16-r9	9	c100	sample	2	2-SRR5935775	classified	12910203
20261008-044702-3c2153c-55a5-n16-r9	9	c100	sample	2	2-SRR5935775	place	lpt
20261008-044702-3c2153c-55a5-n16-r9	9	c100	sample	2	2-SRR5935775	weight	13010149
20261008-044702-3c2153c-55a5-n16-r9	9	c100	sample	2	2-SRR5935792	mode	parallel
20261008-044702-3c2153c-55a5-n16-r9	9	c100	sample	2	2-SRR5935792	s3client	sdk
20261008-044702-3c2153c-55a5-n16-r9	9	c100	sample	2	2-SRR5935792	rank	9
20261008-044702-3c2153c-55a5-n16-r9	9	c100	sample	2	2-SRR5935792	role	home
20261008-044702-3c2153c-55a5-n16-r9	9	c100	sample	2	2-SRR5935792	inflight	2
20261008-044702-3c2153c-55a5-n16-r9	9	c100	sample	2	2-SRR5935792	threads	16
20261008-044702-3c2153c-55a5-n16-r9	9	c100	sample	2	2-SRR5935792	start_s	158.815220
20261008-044702-3c2153c-55a5-n16-r9	9	c100	sample	2	2-SRR5935792	wall_s	11.598477
20261008-044702-3c2153c-55a5-n16-r9	9	c100	sample	2	2-SRR5935792	setup_s	0.000069
20261008-044702-3c2153c-55a5-n16-r9	9	c100	sample	2	2-SRR5935792	classify_s	11.195160
20261008-044702-3c2153c-55a5-n16-r9	9	c100	sample	2	2-SRR5935792	close_s	0.244916
20261008-044702-3c2153c-55a5-n16-r9	9	c100	sample	2	2-SRR5935792	report_s	0.150128
20261008-044702-3c2153c-55a5-n16-r9	9	c100	sample	2	2-SRR5935792	status	0
20261008-044702-3c2153c-55a5-n16-r9	9	c100	sample	2	2-SRR5935792	sequences	11437813
20261008-044702-3c2153c-55a5-n16-r9	9	c100	sample	2	2-SRR5935792	bases	2096182336
20261008-044702-3c2153c-55a5-n16-r9	9	c100	sample	2	2-SRR5935792	classified	10922134
20261008-044702-3c2153c-55a5-n16-r9	9	c100	sample	2	2-SRR5935792	place	lpt
20261008-044702-3c2153c-55a5-n16-r9	9	c100	sample	2	2-SRR5935792	weight	11437813
20261008-044702-3c2153c-55a5-n16-r9	9	c100	sample	2	2-SRR5935750	mode	parallel
20261008-044702-3c2153c-55a5-n16-r9	9	c100	sample	2	2-SRR5935750	s3client	sdk
20261008-044702-3c2153c-55a5-n16-r9	9	c100	sample	2	2-SRR5935750	rank	9
20261008-044702-3c2153c-55a5-n16-r9	9	c100	sample	2	2-SRR5935750	role	home
20261008-044702-3c2153c-55a5-n16-r9	9	c100	sample	2	2-SRR5935750	inflight	2
20261008-044702-3c2153c-55a5-n16-r9	9	c100	sample	2	2-SRR5935750	threads	16
20261008-044702-3c2153c-55a5-n16-r9	9	c100	sample	2	2-SRR5935750	start_s	170.413763
20261008-044702-3c2153c-55a5-n16-r9	9	c100	sample	2	2-SRR5935750	wall_s	7.499294
20261008-044702-3c2153c-55a5-n16-r9	9	c100	sample	2	2-SRR5935750	setup_s	0.000067
20261008-044702-3c2153c-55a5-n16-r9	9	c100	sample	2	2-SRR5935750	classify_s	7.124748
20261008-044702-3c2153c-55a5-n16-r9	9	c100	sample	2	2-SRR5935750	close_s	0.244044
20261008-044702-3c2153c-55a5-n16-r9	9	c100	sample	2	2-SRR5935750	report_s	0.123957
20261008-044702-3c2153c-55a5-n16-r9	9	c100	sample	2	2-SRR5935750	status	0
20261008-044702-3c2153c-55a5-n16-r9	9	c100	sample	2	2-SRR5935750	sequences	6552107
20261008-044702-3c2153c-55a5-n16-r9	9	c100	sample	2	2-SRR5935750	bases	1182796919
20261008-044702-3c2153c-55a5-n16-r9	9	c100	sample	2	2-SRR5935750	classified	6331866
20261008-044702-3c2153c-55a5-n16-r9	9	c100	sample	2	2-SRR5935750	place	lpt
20261008-044702-3c2153c-55a5-n16-r9	9	c100	sample	2	2-SRR5935750	weight	6552107
20261008-044702-3c2153c-55a5-n16-r9	9	c100	sample	2	2-SRR5935824	mode	parallel
20261008-044702-3c2153c-55a5-n16-r9	9	c100	sample	2	2-SRR5935824	s3client	sdk
20261008-044702-3c2153c-55a5-n16-r9	9	c100	sample	2	2-SRR5935824	rank	9
20261008-044702-3c2153c-55a5-n16-r9	9	c100	sample	2	2-SRR5935824	role	home
20261008-044702-3c2153c-55a5-n16-r9	9	c100	sample	2	2-SRR5935824	inflight	2
20261008-044702-3c2153c-55a5-n16-r9	9	c100	sample	2	2-SRR5935824	threads	16
20261008-044702-3c2153c-55a5-n16-r9	9	c100	sample	2	2-SRR5935824	start_s	170.237976
20261008-044702-3c2153c-55a5-n16-r9	9	c100	sample	2	2-SRR5935824	wall_s	8.557047
20261008-044702-3c2153c-55a5-n16-r9	9	c100	sample	2	2-SRR5935824	setup_s	0.000067
20261008-044702-3c2153c-55a5-n16-r9	9	c100	sample	2	2-SRR5935824	classify_s	8.166954
20261008-044702-3c2153c-55a5-n16-r9	9	c100	sample	2	2-SRR5935824	close_s	0.240107
20261008-044702-3c2153c-55a5-n16-r9	9	c100	sample	2	2-SRR5935824	report_s	0.141634
20261008-044702-3c2153c-55a5-n16-r9	9	c100	sample	2	2-SRR5935824	status	0
20261008-044702-3c2153c-55a5-n16-r9	9	c100	sample	2	2-SRR5935824	sequences	8745078
20261008-044702-3c2153c-55a5-n16-r9	9	c100	sample	2	2-SRR5935824	bases	1626833325
20261008-044702-3c2153c-55a5-n16-r9	9	c100	sample	2	2-SRR5935824	classified	8520266
20261008-044702-3c2153c-55a5-n16-r9	9	c100	sample	2	2-SRR5935824	place	lpt
20261008-044702-3c2153c-55a5-n16-r9	9	c100	sample	2	2-SRR5935824	weight	8745078
20261008-044702-3c2153c-55a5-n16-r9	9	c100	phase			batch-barrier-2	3.137844
20261008-044702-3c2153c-55a5-n16-r9	9	c100	phase			batch-barrier-2.start_s	178.795048
20261008-044702-3c2153c-55a5-n16-r9	9	c100	phase			barrier	0.425995
20261008-044702-3c2153c-55a5-n16-r9	9	c100	phase			barrier.start_s	188.037657
20261008-044702-3c2153c-55a5-n16-r9	9	c100	sample	3	3-SRR5935740	mode	striped
20261008-044702-3c2153c-55a5-n16-r9	9	c100	sample	3	3-SRR5935740	s3client	sdk
20261008-044702-3c2153c-55a5-n16-r9	9	c100	sample	3	3-SRR5935740	rank	9
20261008-044702-3c2153c-55a5-n16-r9	9	c100	sample	3	3-SRR5935740	role	peer
20261008-044702-3c2153c-55a5-n16-r9	9	c100	sample	3	3-SRR5935740	inflight	1
20261008-044702-3c2153c-55a5-n16-r9	9	c100	sample	3	3-SRR5935740	threads	16
20261008-044702-3c2153c-55a5-n16-r9	9	c100	sample	3	3-SRR5935740	start_s	182.447992
20261008-044702-3c2153c-55a5-n16-r9	9	c100	sample	3	3-SRR5935740	wall_s	6.015702
20261008-044702-3c2153c-55a5-n16-r9	9	c100	sample	3	3-SRR5935740	setup_s	0.000044
20261008-044702-3c2153c-55a5-n16-r9	9	c100	sample	3	3-SRR5935740	classify_s	5.585001
20261008-044702-3c2153c-55a5-n16-r9	9	c100	sample	3	3-SRR5935740	close_s	0.000000
20261008-044702-3c2153c-55a5-n16-r9	9	c100	sample	3	3-SRR5935740	report_s	0.000000
20261008-044702-3c2153c-55a5-n16-r9	9	c100	sample	3	3-SRR5935740	status	0
20261008-044702-3c2153c-55a5-n16-r9	9	c100	sample	3	3-SRR5935740	sequences	0
20261008-044702-3c2153c-55a5-n16-r9	9	c100	sample	3	3-SRR5935740	bases	0
20261008-044702-3c2153c-55a5-n16-r9	9	c100	sample	3	3-SRR5935740	classified	0
20261008-044702-3c2153c-55a5-n16-r9	9	c100	sample	3	3-SRR5935740	place	-
20261008-044702-3c2153c-55a5-n16-r9	9	c100	sample	3	3-SRR5935740	weight	-
20261008-044702-3c2153c-55a5-n16-r9	9	c100	phase			batch-barrier-3	0.490484
20261008-044702-3c2153c-55a5-n16-r9	9	c100	phase			batch-barrier-3.start_s	188.463705
20261008-044702-3c2153c-55a5-n16-r9	9	c100	phase			barrier	0.180355
20261008-044702-3c2153c-55a5-n16-r9	9	c100	phase			barrier.start_s	195.356185
20261008-044702-3c2153c-55a5-n16-r9	9	c100	sample	4	4-SRR5935740	mode	striped
20261008-044702-3c2153c-55a5-n16-r9	9	c100	sample	4	4-SRR5935740	s3client	sdk
20261008-044702-3c2153c-55a5-n16-r9	9	c100	sample	4	4-SRR5935740	rank	9
20261008-044702-3c2153c-55a5-n16-r9	9	c100	sample	4	4-SRR5935740	role	peer
20261008-044702-3c2153c-55a5-n16-r9	9	c100	sample	4	4-SRR5935740	inflight	1
20261008-044702-3c2153c-55a5-n16-r9	9	c100	sample	4	4-SRR5935740	threads	16
20261008-044702-3c2153c-55a5-n16-r9	9	c100	sample	4	4-SRR5935740	start_s	189.766520
20261008-044702-3c2153c-55a5-n16-r9	9	c100	sample	4	4-SRR5935740	wall_s	5.770065
20261008-044702-3c2153c-55a5-n16-r9	9	c100	sample	4	4-SRR5935740	setup_s	0.000056
20261008-044702-3c2153c-55a5-n16-r9	9	c100	sample	4	4-SRR5935740	classify_s	5.584626
20261008-044702-3c2153c-55a5-n16-r9	9	c100	sample	4	4-SRR5935740	close_s	0.000000
20261008-044702-3c2153c-55a5-n16-r9	9	c100	sample	4	4-SRR5935740	report_s	0.000000
20261008-044702-3c2153c-55a5-n16-r9	9	c100	sample	4	4-SRR5935740	status	0
20261008-044702-3c2153c-55a5-n16-r9	9	c100	sample	4	4-SRR5935740	sequences	0
20261008-044702-3c2153c-55a5-n16-r9	9	c100	sample	4	4-SRR5935740	bases	0
20261008-044702-3c2153c-55a5-n16-r9	9	c100	sample	4	4-SRR5935740	classified	0
20261008-044702-3c2153c-55a5-n16-r9	9	c100	sample	4	4-SRR5935740	place	-
20261008-044702-3c2153c-55a5-n16-r9	9	c100	sample	4	4-SRR5935740	weight	-
20261008-044702-3c2153c-55a5-n16-r9	9	c100	phase			batch-barrier-4	0.530295
20261008-044702-3c2153c-55a5-n16-r9	9	c100	phase			batch-barrier-4.start_s	195.536598
20261008-044702-3c2153c-55a5-n16-r9	9	c100	phase			barrier	0.197487
20261008-044702-3c2153c-55a5-n16-r9	9	c100	phase			barrier.start_s	202.441333
20261008-044702-3c2153c-55a5-n16-r9	9	c100	sample	5	5-SRR5935740	mode	striped
20261008-044702-3c2153c-55a5-n16-r9	9	c100	sample	5	5-SRR5935740	s3client	sdk
20261008-044702-3c2153c-55a5-n16-r9	9	c100	sample	5	5-SRR5935740	rank	9
20261008-044702-3c2153c-55a5-n16-r9	9	c100	sample	5	5-SRR5935740	role	peer
20261008-044702-3c2153c-55a5-n16-r9	9	c100	sample	5	5-SRR5935740	inflight	1
20261008-044702-3c2153c-55a5-n16-r9	9	c100	sample	5	5-SRR5935740	threads	16
20261008-044702-3c2153c-55a5-n16-r9	9	c100	sample	5	5-SRR5935740	start_s	196.860695
20261008-044702-3c2153c-55a5-n16-r9	9	c100	sample	5	5-SRR5935740	wall_s	5.778189
20261008-044702-3c2153c-55a5-n16-r9	9	c100	sample	5	5-SRR5935740	setup_s	0.000053
20261008-044702-3c2153c-55a5-n16-r9	9	c100	sample	5	5-SRR5935740	classify_s	5.576601
20261008-044702-3c2153c-55a5-n16-r9	9	c100	sample	5	5-SRR5935740	close_s	0.000000
20261008-044702-3c2153c-55a5-n16-r9	9	c100	sample	5	5-SRR5935740	report_s	0.000000
20261008-044702-3c2153c-55a5-n16-r9	9	c100	sample	5	5-SRR5935740	status	0
20261008-044702-3c2153c-55a5-n16-r9	9	c100	sample	5	5-SRR5935740	sequences	0
20261008-044702-3c2153c-55a5-n16-r9	9	c100	sample	5	5-SRR5935740	bases	0
20261008-044702-3c2153c-55a5-n16-r9	9	c100	sample	5	5-SRR5935740	classified	0
20261008-044702-3c2153c-55a5-n16-r9	9	c100	sample	5	5-SRR5935740	place	-
20261008-044702-3c2153c-55a5-n16-r9	9	c100	sample	5	5-SRR5935740	weight	-
20261008-044702-3c2153c-55a5-n16-r9	9	c100	phase			batch-barrier-5	0.863007
20261008-044702-3c2153c-55a5-n16-r9	9	c100	phase			batch-barrier-5.start_s	202.638896
20261008-044702-3c2153c-55a5-n16-r9	9	c100	phase			batch-barrier-6	7.173433
20261008-044702-3c2153c-55a5-n16-r9	9	c100	phase			batch-barrier-6.start_s	203.501923
20261008-044702-3c2153c-55a5-n16-r9	9	c100	phase			batch-barrier-7	7.110370
20261008-044702-3c2153c-55a5-n16-r9	9	c100	phase			batch-barrier-7.start_s	210.675378
20261008-044702-3c2153c-55a5-n16-r9	9	c100	phase			batch-barrier-8	7.236051
20261008-044702-3c2153c-55a5-n16-r9	9	c100	phase			batch-barrier-8.start_s	217.785767
20261008-044702-3c2153c-55a5-n16-r9	9	c100	engine.shard			index	0
20261008-044702-3c2153c-55a5-n16-r9	9	c100	engine.shard			n	16
20261008-044702-3c2153c-55a5-n16-r9	9	c100	engine.shard			lo	167216016342
20261008-044702-3c2153c-55a5-n16-r9	9	c100	engine.shard			hi	185795573713
20261008-044702-3c2153c-55a5-n16-r9	9	c100	engine.shard			tail	302
20261008-044702-3c2153c-55a5-n16-r9	9	c100	engine.shard			full	false
20261008-044702-3c2153c-55a5-n16-r9	9	c100	engine.shard			empty_at	18579557375
20261008-044702-3c2153c-55a5-n16-r9	9	c100	engine.shard			keys	8474664069
20261008-044702-3c2153c-55a5-n16-r9	9	c100	engine.shard			batches	89910
20261008-044702-3c2153c-55a5-n16-r9	9	c100	engine.shard			probe_s	204.666224
20261008-044702-3c2153c-55a5-n16-r9	9	c100	engine.shard			tail_probes	0
20261008-044702-3c2153c-55a5-n16-r9	9	c100	engine.shard			wrap_probes	0
20261008-044702-3c2153c-55a5-n16-r9	9	c100	engine.rendezvous			puts	13
20261008-044702-3c2153c-55a5-n16-r9	9	c100	engine.rendezvous			gets	390
20261008-044702-3c2153c-55a5-n16-r9	9	c100	engine.s3			client	sdk
20261008-044702-3c2153c-55a5-n16-r9	9	c100	engine.s3			put	31
20261008-044702-3c2153c-55a5-n16-r9	9	c100	engine.s3			get	390
20261008-044702-3c2153c-55a5-n16-r9	9	c100	engine.s3			create_multipart	18
20261008-044702-3c2153c-55a5-n16-r9	9	c100	engine.s3			upload_part	2249
20261008-044702-3c2153c-55a5-n16-r9	9	c100	engine.s3			complete_multipart	18
20261008-044702-3c2153c-55a5-n16-r9	9	c100	engine.s3			abort_multipart	0
20261008-044702-3c2153c-55a5-n16-r9	9	c100	engine.s3			part_bytes	18831246565
20261008-044702-3c2153c-55a5-n16-r9	9	c100	engine.s3			client	cli
20261008-044702-3c2153c-55a5-n16-r9	9	c100	engine.s3			put	0
20261008-044702-3c2153c-55a5-n16-r9	9	c100	engine.s3			get	0
20261008-044702-3c2153c-55a5-n16-r9	9	c100	engine.s3			create_multipart	0
20261008-044702-3c2153c-55a5-n16-r9	9	c100	engine.s3			upload_part	0
20261008-044702-3c2153c-55a5-n16-r9	9	c100	engine.s3			complete_multipart	0
20261008-044702-3c2153c-55a5-n16-r9	9	c100	engine.s3			abort_multipart	0
20261008-044702-3c2153c-55a5-n16-r9	9	c100	engine.s3			part_bytes	0
20261008-044702-3c2153c-55a5-n16-r9	9	c100	engine.load			seconds	41.653768
20261008-044702-3c2153c-55a5-n16-r9	9	c100	engine.load			requests	1126
20261008-044702-3c2153c-55a5-n16-r9	9	c100	engine.load			retries	0
20261008-044702-3c2153c-55a5-n16-r9	9	c100	engine.load			bytes	74318296292
20261008-044702-3c2153c-55a5-n16-r9	9	c100	engine.route			transport	nodes
20261008-044702-3c2153c-55a5-n16-r9	9	c100	engine.route			calls	5741
20261008-044702-3c2153c-55a5-n16-r9	9	c100	engine.route			keys	8639287715
20261008-044702-3c2153c-55a5-n16-r9	9	c100	engine.route			batches	91856
20261008-044702-3c2153c-55a5-n16-r9	9	c100	engine.route			route_s	100.496015
20261008-044702-3c2153c-55a5-n16-r9	9	c100	engine.route			wait_s	353.705352
20261008-044702-3c2153c-55a5-n16-r9	9	c100	engine.route			gather_s	19.554196
20261008-044702-3c2153c-55a5-n16-r9	9	c100	engine.worker			scan_s	752.551744
20261008-044702-3c2153c-55a5-n16-r9	9	c100	engine.worker			lookup_s	473.759570
20261008-044702-3c2153c-55a5-n16-r9	9	c100	engine.worker			classify_s	659.808644
20261008-044702-3c2153c-55a5-n16-r9	9	c100	phase			total	225.148240
20261008-044702-3c2153c-55a5-n16-r9	9	c100	phase			total.start_s	0.000001
20261008-044702-3c2153c-55a5-n16-r10	10	c100	phase			taxo	0.091138
20261008-044702-3c2153c-55a5-n16-r10	10	c100	phase			taxo.start_s	0.002829
20261008-044702-3c2153c-55a5-n16-r10	10	c100	phase			shard-load-10	40.387351
20261008-044702-3c2153c-55a5-n16-r10	10	c100	phase			shard-load-10.start_s	0.164787
20261008-044702-3c2153c-55a5-n16-r10	10	c100	phase			rendezvous	13.672079
20261008-044702-3c2153c-55a5-n16-r10	10	c100	phase			rendezvous.start_s	41.015954
20261008-044702-3c2153c-55a5-n16-r10	10	c100	phase			connect	0.022932
20261008-044702-3c2153c-55a5-n16-r10	10	c100	phase			connect.start_s	54.688047
20261008-044702-3c2153c-55a5-n16-r10	10	c100	phase			hash	54.616993
20261008-044702-3c2153c-55a5-n16-r10	10	c100	phase			hash.start_s	0.093999
20261008-044702-3c2153c-55a5-n16-r10	10	c100	sample	0	0-SRR5935772	mode	parallel
20261008-044702-3c2153c-55a5-n16-r10	10	c100	sample	0	0-SRR5935772	s3client	sdk
20261008-044702-3c2153c-55a5-n16-r10	10	c100	sample	0	0-SRR5935772	rank	10
20261008-044702-3c2153c-55a5-n16-r10	10	c100	sample	0	0-SRR5935772	role	home
20261008-044702-3c2153c-55a5-n16-r10	10	c100	sample	0	0-SRR5935772	inflight	2
20261008-044702-3c2153c-55a5-n16-r10	10	c100	sample	0	0-SRR5935772	threads	16
20261008-044702-3c2153c-55a5-n16-r10	10	c100	sample	0	0-SRR5935772	start_s	54.711032
20261008-044702-3c2153c-55a5-n16-r10	10	c100	sample	0	0-SRR5935772	wall_s	15.701064
20261008-044702-3c2153c-55a5-n16-r10	10	c100	sample	0	0-SRR5935772	setup_s	0.000044
20261008-044702-3c2153c-55a5-n16-r10	10	c100	sample	0	0-SRR5935772	classify_s	15.174083
20261008-044702-3c2153c-55a5-n16-r10	10	c100	sample	0	0-SRR5935772	close_s	0.345723
20261008-044702-3c2153c-55a5-n16-r10	10	c100	sample	0	0-SRR5935772	report_s	0.166970
20261008-044702-3c2153c-55a5-n16-r10	10	c100	sample	0	0-SRR5935772	status	0
20261008-044702-3c2153c-55a5-n16-r10	10	c100	sample	0	0-SRR5935772	sequences	15271512
20261008-044702-3c2153c-55a5-n16-r10	10	c100	sample	0	0-SRR5935772	bases	2845360298
20261008-044702-3c2153c-55a5-n16-r10	10	c100	sample	0	0-SRR5935772	classified	14502211
20261008-044702-3c2153c-55a5-n16-r10	10	c100	sample	0	0-SRR5935772	place	lpt
20261008-044702-3c2153c-55a5-n16-r10	10	c100	sample	0	0-SRR5935772	weight	15271512
20261008-044702-3c2153c-55a5-n16-r10	10	c100	sample	0	0-SRR5935741	mode	parallel
20261008-044702-3c2153c-55a5-n16-r10	10	c100	sample	0	0-SRR5935741	s3client	sdk
20261008-044702-3c2153c-55a5-n16-r10	10	c100	sample	0	0-SRR5935741	rank	10
20261008-044702-3c2153c-55a5-n16-r10	10	c100	sample	0	0-SRR5935741	role	home
20261008-044702-3c2153c-55a5-n16-r10	10	c100	sample	0	0-SRR5935741	inflight	2
20261008-044702-3c2153c-55a5-n16-r10	10	c100	sample	0	0-SRR5935741	threads	16
20261008-044702-3c2153c-55a5-n16-r10	10	c100	sample	0	0-SRR5935741	start_s	54.711035
20261008-044702-3c2153c-55a5-n16-r10	10	c100	sample	0	0-SRR5935741	wall_s	16.869963
20261008-044702-3c2153c-55a5-n16-r10	10	c100	sample	0	0-SRR5935741	setup_s	0.000042
20261008-044702-3c2153c-55a5-n16-r10	10	c100	sample	0	0-SRR5935741	classify_s	16.436585
20261008-044702-3c2153c-55a5-n16-r10	10	c100	sample	0	0-SRR5935741	close_s	0.233818
20261008-044702-3c2153c-55a5-n16-r10	10	c100	sample	0	0-SRR5935741	report_s	0.189611
20261008-044702-3c2153c-55a5-n16-r10	10	c100	sample	0	0-SRR5935741	status	0
20261008-044702-3c2153c-55a5-n16-r10	10	c100	sample	0	0-SRR5935741	sequences	16518263
20261008-044702-3c2153c-55a5-n16-r10	10	c100	sample	0	0-SRR5935741	bases	3051284850
20261008-044702-3c2153c-55a5-n16-r10	10	c100	sample	0	0-SRR5935741	classified	16141470
20261008-044702-3c2153c-55a5-n16-r10	10	c100	sample	0	0-SRR5935741	place	lpt
20261008-044702-3c2153c-55a5-n16-r10	10	c100	sample	0	0-SRR5935741	weight	16518263
20261008-044702-3c2153c-55a5-n16-r10	10	c100	sample	0	0-SRR5935831	mode	parallel
20261008-044702-3c2153c-55a5-n16-r10	10	c100	sample	0	0-SRR5935831	s3client	sdk
20261008-044702-3c2153c-55a5-n16-r10	10	c100	sample	0	0-SRR5935831	rank	10
20261008-044702-3c2153c-55a5-n16-r10	10	c100	sample	0	0-SRR5935831	role	home
20261008-044702-3c2153c-55a5-n16-r10	10	c100	sample	0	0-SRR5935831	inflight	2
20261008-044702-3c2153c-55a5-n16-r10	10	c100	sample	0	0-SRR5935831	threads	16
20261008-044702-3c2153c-55a5-n16-r10	10	c100	sample	0	0-SRR5935831	start_s	70.412130
20261008-044702-3c2153c-55a5-n16-r10	10	c100	sample	0	0-SRR5935831	wall_s	12.516985
20261008-044702-3c2153c-55a5-n16-r10	10	c100	sample	0	0-SRR5935831	setup_s	0.000059
20261008-044702-3c2153c-55a5-n16-r10	10	c100	sample	0	0-SRR5935831	classify_s	12.155319
20261008-044702-3c2153c-55a5-n16-r10	10	c100	sample	0	0-SRR5935831	close_s	0.214025
20261008-044702-3c2153c-55a5-n16-r10	10	c100	sample	0	0-SRR5935831	report_s	0.141885
20261008-044702-3c2153c-55a5-n16-r10	10	c100	sample	0	0-SRR5935831	status	0
20261008-044702-3c2153c-55a5-n16-r10	10	c100	sample	0	0-SRR5935831	sequences	12793053
20261008-044702-3c2153c-55a5-n16-r10	10	c100	sample	0	0-SRR5935831	bases	2357685670
20261008-044702-3c2153c-55a5-n16-r10	10	c100	sample	0	0-SRR5935831	classified	12609886
20261008-044702-3c2153c-55a5-n16-r10	10	c100	sample	0	0-SRR5935831	place	lpt
20261008-044702-3c2153c-55a5-n16-r10	10	c100	sample	0	0-SRR5935831	weight	12793053
20261008-044702-3c2153c-55a5-n16-r10	10	c100	sample	0	0-SRR5935825	mode	parallel
20261008-044702-3c2153c-55a5-n16-r10	10	c100	sample	0	0-SRR5935825	s3client	sdk
20261008-044702-3c2153c-55a5-n16-r10	10	c100	sample	0	0-SRR5935825	rank	10
20261008-044702-3c2153c-55a5-n16-r10	10	c100	sample	0	0-SRR5935825	role	home
20261008-044702-3c2153c-55a5-n16-r10	10	c100	sample	0	0-SRR5935825	inflight	2
20261008-044702-3c2153c-55a5-n16-r10	10	c100	sample	0	0-SRR5935825	threads	16
20261008-044702-3c2153c-55a5-n16-r10	10	c100	sample	0	0-SRR5935825	start_s	71.581022
20261008-044702-3c2153c-55a5-n16-r10	10	c100	sample	0	0-SRR5935825	wall_s	12.027790
20261008-044702-3c2153c-55a5-n16-r10	10	c100	sample	0	0-SRR5935825	setup_s	0.000067
20261008-044702-3c2153c-55a5-n16-r10	10	c100	sample	0	0-SRR5935825	classify_s	11.369722
20261008-044702-3c2153c-55a5-n16-r10	10	c100	sample	0	0-SRR5935825	close_s	0.247260
20261008-044702-3c2153c-55a5-n16-r10	10	c100	sample	0	0-SRR5935825	report_s	0.391841
20261008-044702-3c2153c-55a5-n16-r10	10	c100	sample	0	0-SRR5935825	status	0
20261008-044702-3c2153c-55a5-n16-r10	10	c100	sample	0	0-SRR5935825	sequences	11458367
20261008-044702-3c2153c-55a5-n16-r10	10	c100	sample	0	0-SRR5935825	bases	2115935464
20261008-044702-3c2153c-55a5-n16-r10	10	c100	sample	0	0-SRR5935825	classified	9654089
20261008-044702-3c2153c-55a5-n16-r10	10	c100	sample	0	0-SRR5935825	place	lpt
20261008-044702-3c2153c-55a5-n16-r10	10	c100	sample	0	0-SRR5935825	weight	11458367
20261008-044702-3c2153c-55a5-n16-r10	10	c100	sample	0	0-SRR5935805	mode	parallel
20261008-044702-3c2153c-55a5-n16-r10	10	c100	sample	0	0-SRR5935805	s3client	sdk
20261008-044702-3c2153c-55a5-n16-r10	10	c100	sample	0	0-SRR5935805	rank	10
20261008-044702-3c2153c-55a5-n16-r10	10	c100	sample	0	0-SRR5935805	role	home
20261008-044702-3c2153c-55a5-n16-r10	10	c100	sample	0	0-SRR5935805	inflight	2
20261008-044702-3c2153c-55a5-n16-r10	10	c100	sample	0	0-SRR5935805	threads	16
20261008-044702-3c2153c-55a5-n16-r10	10	c100	sample	0	0-SRR5935805	start_s	83.608880
20261008-044702-3c2153c-55a5-n16-r10	10	c100	sample	0	0-SRR5935805	wall_s	3.669284
20261008-044702-3c2153c-55a5-n16-r10	10	c100	sample	0	0-SRR5935805	setup_s	0.000059
20261008-044702-3c2153c-55a5-n16-r10	10	c100	sample	0	0-SRR5935805	classify_s	3.194994
20261008-044702-3c2153c-55a5-n16-r10	10	c100	sample	0	0-SRR5935805	close_s	0.315936
20261008-044702-3c2153c-55a5-n16-r10	10	c100	sample	0	0-SRR5935805	report_s	0.154619
20261008-044702-3c2153c-55a5-n16-r10	10	c100	sample	0	0-SRR5935805	status	0
20261008-044702-3c2153c-55a5-n16-r10	10	c100	sample	0	0-SRR5935805	sequences	2823474
20261008-044702-3c2153c-55a5-n16-r10	10	c100	sample	0	0-SRR5935805	bases	526092284
20261008-044702-3c2153c-55a5-n16-r10	10	c100	sample	0	0-SRR5935805	classified	2761157
20261008-044702-3c2153c-55a5-n16-r10	10	c100	sample	0	0-SRR5935805	place	lpt
20261008-044702-3c2153c-55a5-n16-r10	10	c100	sample	0	0-SRR5935805	weight	2823474
20261008-044702-3c2153c-55a5-n16-r10	10	c100	sample	0	0-SRR5935837	mode	parallel
20261008-044702-3c2153c-55a5-n16-r10	10	c100	sample	0	0-SRR5935837	s3client	sdk
20261008-044702-3c2153c-55a5-n16-r10	10	c100	sample	0	0-SRR5935837	rank	10
20261008-044702-3c2153c-55a5-n16-r10	10	c100	sample	0	0-SRR5935837	role	home
20261008-044702-3c2153c-55a5-n16-r10	10	c100	sample	0	0-SRR5935837	inflight	2
20261008-044702-3c2153c-55a5-n16-r10	10	c100	sample	0	0-SRR5935837	threads	16
20261008-044702-3c2153c-55a5-n16-r10	10	c100	sample	0	0-SRR5935837	start_s	82.929139
20261008-044702-3c2153c-55a5-n16-r10	10	c100	sample	0	0-SRR5935837	wall_s	7.184494
20261008-044702-3c2153c-55a5-n16-r10	10	c100	sample	0	0-SRR5935837	setup_s	0.000062
20261008-044702-3c2153c-55a5-n16-r10	10	c100	sample	0	0-SRR5935837	classify_s	6.603093
20261008-044702-3c2153c-55a5-n16-r10	10	c100	sample	0	0-SRR5935837	close_s	0.382127
20261008-044702-3c2153c-55a5-n16-r10	10	c100	sample	0	0-SRR5935837	report_s	0.189933
20261008-044702-3c2153c-55a5-n16-r10	10	c100	sample	0	0-SRR5935837	status	0
20261008-044702-3c2153c-55a5-n16-r10	10	c100	sample	0	0-SRR5935837	sequences	9337913
20261008-044702-3c2153c-55a5-n16-r10	10	c100	sample	0	0-SRR5935837	bases	1691901005
20261008-044702-3c2153c-55a5-n16-r10	10	c100	sample	0	0-SRR5935837	classified	8897092
20261008-044702-3c2153c-55a5-n16-r10	10	c100	sample	0	0-SRR5935837	place	lpt
20261008-044702-3c2153c-55a5-n16-r10	10	c100	sample	0	0-SRR5935837	weight	9337913
20261008-044702-3c2153c-55a5-n16-r10	10	c100	phase			batch-barrier-0	5.758534
20261008-044702-3c2153c-55a5-n16-r10	10	c100	phase			batch-barrier-0.start_s	90.113656
20261008-044702-3c2153c-55a5-n16-r10	10	c100	sample	1	1-SRR5935750	mode	parallel
20261008-044702-3c2153c-55a5-n16-r10	10	c100	sample	1	1-SRR5935750	s3client	sdk
20261008-044702-3c2153c-55a5-n16-r10	10	c100	sample	1	1-SRR5935750	rank	10
20261008-044702-3c2153c-55a5-n16-r10	10	c100	sample	1	1-SRR5935750	role	home
20261008-044702-3c2153c-55a5-n16-r10	10	c100	sample	1	1-SRR5935750	inflight	2
20261008-044702-3c2153c-55a5-n16-r10	10	c100	sample	1	1-SRR5935750	threads	16
20261008-044702-3c2153c-55a5-n16-r10	10	c100	sample	1	1-SRR5935750	start_s	95.872227
20261008-044702-3c2153c-55a5-n16-r10	10	c100	sample	1	1-SRR5935750	wall_s	7.399247
20261008-044702-3c2153c-55a5-n16-r10	10	c100	sample	1	1-SRR5935750	setup_s	0.000048
20261008-044702-3c2153c-55a5-n16-r10	10	c100	sample	1	1-SRR5935750	classify_s	7.036871
20261008-044702-3c2153c-55a5-n16-r10	10	c100	sample	1	1-SRR5935750	close_s	0.234054
20261008-044702-3c2153c-55a5-n16-r10	10	c100	sample	1	1-SRR5935750	report_s	0.121924
20261008-044702-3c2153c-55a5-n16-r10	10	c100	sample	1	1-SRR5935750	status	0
20261008-044702-3c2153c-55a5-n16-r10	10	c100	sample	1	1-SRR5935750	sequences	6552107
20261008-044702-3c2153c-55a5-n16-r10	10	c100	sample	1	1-SRR5935750	bases	1182796919
20261008-044702-3c2153c-55a5-n16-r10	10	c100	sample	1	1-SRR5935750	classified	6331866
20261008-044702-3c2153c-55a5-n16-r10	10	c100	sample	1	1-SRR5935750	place	mod
20261008-044702-3c2153c-55a5-n16-r10	10	c100	sample	1	1-SRR5935750	weight	6552107
20261008-044702-3c2153c-55a5-n16-r10	10	c100	sample	1	1-SRR5935766	mode	parallel
20261008-044702-3c2153c-55a5-n16-r10	10	c100	sample	1	1-SRR5935766	s3client	sdk
20261008-044702-3c2153c-55a5-n16-r10	10	c100	sample	1	1-SRR5935766	rank	10
20261008-044702-3c2153c-55a5-n16-r10	10	c100	sample	1	1-SRR5935766	role	home
20261008-044702-3c2153c-55a5-n16-r10	10	c100	sample	1	1-SRR5935766	inflight	2
20261008-044702-3c2153c-55a5-n16-r10	10	c100	sample	1	1-SRR5935766	threads	16
20261008-044702-3c2153c-55a5-n16-r10	10	c100	sample	1	1-SRR5935766	start_s	95.872218
20261008-044702-3c2153c-55a5-n16-r10	10	c100	sample	1	1-SRR5935766	wall_s	14.521306
20261008-044702-3c2153c-55a5-n16-r10	10	c100	sample	1	1-SRR5935766	setup_s	0.000056
20261008-044702-3c2153c-55a5-n16-r10	10	c100	sample	1	1-SRR5935766	classify_s	14.021368
20261008-044702-3c2153c-55a5-n16-r10	10	c100	sample	1	1-SRR5935766	close_s	0.279284
20261008-044702-3c2153c-55a5-n16-r10	10	c100	sample	1	1-SRR5935766	report_s	0.211597
20261008-044702-3c2153c-55a5-n16-r10	10	c100	sample	1	1-SRR5935766	status	0
20261008-044702-3c2153c-55a5-n16-r10	10	c100	sample	1	1-SRR5935766	sequences	14120624
20261008-044702-3c2153c-55a5-n16-r10	10	c100	sample	1	1-SRR5935766	bases	2649393059
20261008-044702-3c2153c-55a5-n16-r10	10	c100	sample	1	1-SRR5935766	classified	13394795
20261008-044702-3c2153c-55a5-n16-r10	10	c100	sample	1	1-SRR5935766	place	mod
20261008-044702-3c2153c-55a5-n16-r10	10	c100	sample	1	1-SRR5935766	weight	14120624
20261008-044702-3c2153c-55a5-n16-r10	10	c100	sample	1	1-SRR5935782	mode	parallel
20261008-044702-3c2153c-55a5-n16-r10	10	c100	sample	1	1-SRR5935782	s3client	sdk
20261008-044702-3c2153c-55a5-n16-r10	10	c100	sample	1	1-SRR5935782	rank	10
20261008-044702-3c2153c-55a5-n16-r10	10	c100	sample	1	1-SRR5935782	role	home
20261008-044702-3c2153c-55a5-n16-r10	10	c100	sample	1	1-SRR5935782	inflight	2
20261008-044702-3c2153c-55a5-n16-r10	10	c100	sample	1	1-SRR5935782	threads	16
20261008-044702-3c2153c-55a5-n16-r10	10	c100	sample	1	1-SRR5935782	start_s	103.271541
20261008-044702-3c2153c-55a5-n16-r10	10	c100	sample	1	1-SRR5935782	wall_s	10.476950
20261008-044702-3c2153c-55a5-n16-r10	10	c100	sample	1	1-SRR5935782	setup_s	0.000115
20261008-044702-3c2153c-55a5-n16-r10	10	c100	sample	1	1-SRR5935782	classify_s	10.036018
20261008-044702-3c2153c-55a5-n16-r10	10	c100	sample	1	1-SRR5935782	close_s	0.307414
20261008-044702-3c2153c-55a5-n16-r10	10	c100	sample	1	1-SRR5935782	report_s	0.126821
20261008-044702-3c2153c-55a5-n16-r10	10	c100	sample	1	1-SRR5935782	status	0
20261008-044702-3c2153c-55a5-n16-r10	10	c100	sample	1	1-SRR5935782	sequences	10128070
20261008-044702-3c2153c-55a5-n16-r10	10	c100	sample	1	1-SRR5935782	bases	1876810820
20261008-044702-3c2153c-55a5-n16-r10	10	c100	sample	1	1-SRR5935782	classified	9942775
20261008-044702-3c2153c-55a5-n16-r10	10	c100	sample	1	1-SRR5935782	place	mod
20261008-044702-3c2153c-55a5-n16-r10	10	c100	sample	1	1-SRR5935782	weight	10128070
20261008-044702-3c2153c-55a5-n16-r10	10	c100	sample	1	1-SRR5935814	mode	parallel
20261008-044702-3c2153c-55a5-n16-r10	10	c100	sample	1	1-SRR5935814	s3client	sdk
20261008-044702-3c2153c-55a5-n16-r10	10	c100	sample	1	1-SRR5935814	rank	10
20261008-044702-3c2153c-55a5-n16-r10	10	c100	sample	1	1-SRR5935814	role	home
20261008-044702-3c2153c-55a5-n16-r10	10	c100	sample	1	1-SRR5935814	inflight	2
20261008-044702-3c2153c-55a5-n16-r10	10	c100	sample	1	1-SRR5935814	threads	16
20261008-044702-3c2153c-55a5-n16-r10	10	c100	sample	1	1-SRR5935814	start_s	113.748516
20261008-044702-3c2153c-55a5-n16-r10	10	c100	sample	1	1-SRR5935814	wall_s	5.720863
20261008-044702-3c2153c-55a5-n16-r10	10	c100	sample	1	1-SRR5935814	setup_s	0.000073
20261008-044702-3c2153c-55a5-n16-r10	10	c100	sample	1	1-SRR5935814	classify_s	5.294656
20261008-044702-3c2153c-55a5-n16-r10	10	c100	sample	1	1-SRR5935814	close_s	0.247450
20261008-044702-3c2153c-55a5-n16-r10	10	c100	sample	1	1-SRR5935814	report_s	0.173283
20261008-044702-3c2153c-55a5-n16-r10	10	c100	sample	1	1-SRR5935814	status	0
20261008-044702-3c2153c-55a5-n16-r10	10	c100	sample	1	1-SRR5935814	sequences	5072545
20261008-044702-3c2153c-55a5-n16-r10	10	c100	sample	1	1-SRR5935814	bases	950400325
20261008-044702-3c2153c-55a5-n16-r10	10	c100	sample	1	1-SRR5935814	classified	4982177
20261008-044702-3c2153c-55a5-n16-r10	10	c100	sample	1	1-SRR5935814	place	mod
20261008-044702-3c2153c-55a5-n16-r10	10	c100	sample	1	1-SRR5935814	weight	5072545
20261008-044702-3c2153c-55a5-n16-r10	10	c100	sample	1	1-SRR5935798	mode	parallel
20261008-044702-3c2153c-55a5-n16-r10	10	c100	sample	1	1-SRR5935798	s3client	sdk
20261008-044702-3c2153c-55a5-n16-r10	10	c100	sample	1	1-SRR5935798	rank	10
20261008-044702-3c2153c-55a5-n16-r10	10	c100	sample	1	1-SRR5935798	role	home
20261008-044702-3c2153c-55a5-n16-r10	10	c100	sample	1	1-SRR5935798	inflight	2
20261008-044702-3c2153c-55a5-n16-r10	10	c100	sample	1	1-SRR5935798	threads	16
20261008-044702-3c2153c-55a5-n16-r10	10	c100	sample	1	1-SRR5935798	start_s	110.393550
20261008-044702-3c2153c-55a5-n16-r10	10	c100	sample	1	1-SRR5935798	wall_s	19.499348
20261008-044702-3c2153c-55a5-n16-r10	10	c100	sample	1	1-SRR5935798	setup_s	0.000063
20261008-044702-3c2153c-55a5-n16-r10	10	c100	sample	1	1-SRR5935798	classify_s	18.975012
20261008-044702-3c2153c-55a5-n16-r10	10	c100	sample	1	1-SRR5935798	close_s	0.283344
20261008-044702-3c2153c-55a5-n16-r10	10	c100	sample	1	1-SRR5935798	report_s	0.211809
20261008-044702-3c2153c-55a5-n16-r10	10	c100	sample	1	1-SRR5935798	status	0
20261008-044702-3c2153c-55a5-n16-r10	10	c100	sample	1	1-SRR5935798	sequences	20086542
20261008-044702-3c2153c-55a5-n16-r10	10	c100	sample	1	1-SRR5935798	bases	3689648337
20261008-044702-3c2153c-55a5-n16-r10	10	c100	sample	1	1-SRR5935798	classified	19142785
20261008-044702-3c2153c-55a5-n16-r10	10	c100	sample	1	1-SRR5935798	place	mod
20261008-044702-3c2153c-55a5-n16-r10	10	c100	sample	1	1-SRR5935798	weight	20086542
20261008-044702-3c2153c-55a5-n16-r10	10	c100	sample	1	1-SRR5935830	mode	parallel
20261008-044702-3c2153c-55a5-n16-r10	10	c100	sample	1	1-SRR5935830	s3client	sdk
20261008-044702-3c2153c-55a5-n16-r10	10	c100	sample	1	1-SRR5935830	rank	10
20261008-044702-3c2153c-55a5-n16-r10	10	c100	sample	1	1-SRR5935830	role	home
20261008-044702-3c2153c-55a5-n16-r10	10	c100	sample	1	1-SRR5935830	inflight	2
20261008-044702-3c2153c-55a5-n16-r10	10	c100	sample	1	1-SRR5935830	threads	16
20261008-044702-3c2153c-55a5-n16-r10	10	c100	sample	1	1-SRR5935830	start_s	119.469482
20261008-044702-3c2153c-55a5-n16-r10	10	c100	sample	1	1-SRR5935830	wall_s	12.460642
20261008-044702-3c2153c-55a5-n16-r10	10	c100	sample	1	1-SRR5935830	setup_s	0.000069
20261008-044702-3c2153c-55a5-n16-r10	10	c100	sample	1	1-SRR5935830	classify_s	12.043528
20261008-044702-3c2153c-55a5-n16-r10	10	c100	sample	1	1-SRR5935830	close_s	0.267113
20261008-044702-3c2153c-55a5-n16-r10	10	c100	sample	1	1-SRR5935830	report_s	0.142468
20261008-044702-3c2153c-55a5-n16-r10	10	c100	sample	1	1-SRR5935830	status	0
20261008-044702-3c2153c-55a5-n16-r10	10	c100	sample	1	1-SRR5935830	sequences	14303962
20261008-044702-3c2153c-55a5-n16-r10	10	c100	sample	1	1-SRR5935830	bases	2635979010
20261008-044702-3c2153c-55a5-n16-r10	10	c100	sample	1	1-SRR5935830	classified	14029845
20261008-044702-3c2153c-55a5-n16-r10	10	c100	sample	1	1-SRR5935830	place	mod
20261008-044702-3c2153c-55a5-n16-r10	10	c100	sample	1	1-SRR5935830	weight	14303962
20261008-044702-3c2153c-55a5-n16-r10	10	c100	phase			batch-barrier-1	8.779867
20261008-044702-3c2153c-55a5-n16-r10	10	c100	phase			batch-barrier-1.start_s	131.930145
20261008-044702-3c2153c-55a5-n16-r10	10	c100	sample	2	2-SRR5935772	mode	parallel
20261008-044702-3c2153c-55a5-n16-r10	10	c100	sample	2	2-SRR5935772	s3client	sdk
20261008-044702-3c2153c-55a5-n16-r10	10	c100	sample	2	2-SRR5935772	rank	10
20261008-044702-3c2153c-55a5-n16-r10	10	c100	sample	2	2-SRR5935772	role	home
20261008-044702-3c2153c-55a5-n16-r10	10	c100	sample	2	2-SRR5935772	inflight	2
20261008-044702-3c2153c-55a5-n16-r10	10	c100	sample	2	2-SRR5935772	threads	16
20261008-044702-3c2153c-55a5-n16-r10	10	c100	sample	2	2-SRR5935772	start_s	140.710054
20261008-044702-3c2153c-55a5-n16-r10	10	c100	sample	2	2-SRR5935772	wall_s	16.372581
20261008-044702-3c2153c-55a5-n16-r10	10	c100	sample	2	2-SRR5935772	setup_s	0.000061
20261008-044702-3c2153c-55a5-n16-r10	10	c100	sample	2	2-SRR5935772	classify_s	15.977931
20261008-044702-3c2153c-55a5-n16-r10	10	c100	sample	2	2-SRR5935772	close_s	0.231064
20261008-044702-3c2153c-55a5-n16-r10	10	c100	sample	2	2-SRR5935772	report_s	0.150338
20261008-044702-3c2153c-55a5-n16-r10	10	c100	sample	2	2-SRR5935772	status	0
20261008-044702-3c2153c-55a5-n16-r10	10	c100	sample	2	2-SRR5935772	sequences	15271512
20261008-044702-3c2153c-55a5-n16-r10	10	c100	sample	2	2-SRR5935772	bases	2845360298
20261008-044702-3c2153c-55a5-n16-r10	10	c100	sample	2	2-SRR5935772	classified	14502211
20261008-044702-3c2153c-55a5-n16-r10	10	c100	sample	2	2-SRR5935772	place	lpt
20261008-044702-3c2153c-55a5-n16-r10	10	c100	sample	2	2-SRR5935772	weight	15271512
20261008-044702-3c2153c-55a5-n16-r10	10	c100	sample	2	2-SRR5935741	mode	parallel
20261008-044702-3c2153c-55a5-n16-r10	10	c100	sample	2	2-SRR5935741	s3client	sdk
20261008-044702-3c2153c-55a5-n16-r10	10	c100	sample	2	2-SRR5935741	rank	10
20261008-044702-3c2153c-55a5-n16-r10	10	c100	sample	2	2-SRR5935741	role	home
20261008-044702-3c2153c-55a5-n16-r10	10	c100	sample	2	2-SRR5935741	inflight	2
20261008-044702-3c2153c-55a5-n16-r10	10	c100	sample	2	2-SRR5935741	threads	16
20261008-044702-3c2153c-55a5-n16-r10	10	c100	sample	2	2-SRR5935741	start_s	140.710059
20261008-044702-3c2153c-55a5-n16-r10	10	c100	sample	2	2-SRR5935741	wall_s	17.016392
20261008-044702-3c2153c-55a5-n16-r10	10	c100	sample	2	2-SRR5935741	setup_s	0.000045
20261008-044702-3c2153c-55a5-n16-r10	10	c100	sample	2	2-SRR5935741	classify_s	16.426913
20261008-044702-3c2153c-55a5-n16-r10	10	c100	sample	2	2-SRR5935741	close_s	0.234113
20261008-044702-3c2153c-55a5-n16-r10	10	c100	sample	2	2-SRR5935741	report_s	0.346378
20261008-044702-3c2153c-55a5-n16-r10	10	c100	sample	2	2-SRR5935741	status	0
20261008-044702-3c2153c-55a5-n16-r10	10	c100	sample	2	2-SRR5935741	sequences	16518263
20261008-044702-3c2153c-55a5-n16-r10	10	c100	sample	2	2-SRR5935741	bases	3051284850
20261008-044702-3c2153c-55a5-n16-r10	10	c100	sample	2	2-SRR5935741	classified	16141470
20261008-044702-3c2153c-55a5-n16-r10	10	c100	sample	2	2-SRR5935741	place	lpt
20261008-044702-3c2153c-55a5-n16-r10	10	c100	sample	2	2-SRR5935741	weight	16518263
20261008-044702-3c2153c-55a5-n16-r10	10	c100	sample	2	2-SRR5935825	mode	parallel
20261008-044702-3c2153c-55a5-n16-r10	10	c100	sample	2	2-SRR5935825	s3client	sdk
20261008-044702-3c2153c-55a5-n16-r10	10	c100	sample	2	2-SRR5935825	rank	10
20261008-044702-3c2153c-55a5-n16-r10	10	c100	sample	2	2-SRR5935825	role	home
20261008-044702-3c2153c-55a5-n16-r10	10	c100	sample	2	2-SRR5935825	inflight	2
20261008-044702-3c2153c-55a5-n16-r10	10	c100	sample	2	2-SRR5935825	threads	16
20261008-044702-3c2153c-55a5-n16-r10	10	c100	sample	2	2-SRR5935825	start_s	157.726514
20261008-044702-3c2153c-55a5-n16-r10	10	c100	sample	2	2-SRR5935825	wall_s	11.756587
20261008-044702-3c2153c-55a5-n16-r10	10	c100	sample	2	2-SRR5935825	setup_s	0.000072
20261008-044702-3c2153c-55a5-n16-r10	10	c100	sample	2	2-SRR5935825	classify_s	11.262022
20261008-044702-3c2153c-55a5-n16-r10	10	c100	sample	2	2-SRR5935825	close_s	0.315423
20261008-044702-3c2153c-55a5-n16-r10	10	c100	sample	2	2-SRR5935825	report_s	0.161243
20261008-044702-3c2153c-55a5-n16-r10	10	c100	sample	2	2-SRR5935825	status	0
20261008-044702-3c2153c-55a5-n16-r10	10	c100	sample	2	2-SRR5935825	sequences	11458367
20261008-044702-3c2153c-55a5-n16-r10	10	c100	sample	2	2-SRR5935825	bases	2115935464
20261008-044702-3c2153c-55a5-n16-r10	10	c100	sample	2	2-SRR5935825	classified	9654089
20261008-044702-3c2153c-55a5-n16-r10	10	c100	sample	2	2-SRR5935825	place	lpt
20261008-044702-3c2153c-55a5-n16-r10	10	c100	sample	2	2-SRR5935825	weight	11458367
20261008-044702-3c2153c-55a5-n16-r10	10	c100	sample	2	2-SRR5935831	mode	parallel
20261008-044702-3c2153c-55a5-n16-r10	10	c100	sample	2	2-SRR5935831	s3client	sdk
20261008-044702-3c2153c-55a5-n16-r10	10	c100	sample	2	2-SRR5935831	rank	10
20261008-044702-3c2153c-55a5-n16-r10	10	c100	sample	2	2-SRR5935831	role	home
20261008-044702-3c2153c-55a5-n16-r10	10	c100	sample	2	2-SRR5935831	inflight	2
20261008-044702-3c2153c-55a5-n16-r10	10	c100	sample	2	2-SRR5935831	threads	16
20261008-044702-3c2153c-55a5-n16-r10	10	c100	sample	2	2-SRR5935831	start_s	157.082656
20261008-044702-3c2153c-55a5-n16-r10	10	c100	sample	2	2-SRR5935831	wall_s	12.714455
20261008-044702-3c2153c-55a5-n16-r10	10	c100	sample	2	2-SRR5935831	setup_s	0.000061
20261008-044702-3c2153c-55a5-n16-r10	10	c100	sample	2	2-SRR5935831	classify_s	12.355146
20261008-044702-3c2153c-55a5-n16-r10	10	c100	sample	2	2-SRR5935831	close_s	0.217947
20261008-044702-3c2153c-55a5-n16-r10	10	c100	sample	2	2-SRR5935831	report_s	0.135772
20261008-044702-3c2153c-55a5-n16-r10	10	c100	sample	2	2-SRR5935831	status	0
20261008-044702-3c2153c-55a5-n16-r10	10	c100	sample	2	2-SRR5935831	sequences	12793053
20261008-044702-3c2153c-55a5-n16-r10	10	c100	sample	2	2-SRR5935831	bases	2357685670
20261008-044702-3c2153c-55a5-n16-r10	10	c100	sample	2	2-SRR5935831	classified	12609886
20261008-044702-3c2153c-55a5-n16-r10	10	c100	sample	2	2-SRR5935831	place	lpt
20261008-044702-3c2153c-55a5-n16-r10	10	c100	sample	2	2-SRR5935831	weight	12793053
20261008-044702-3c2153c-55a5-n16-r10	10	c100	sample	2	2-SRR5935805	mode	parallel
20261008-044702-3c2153c-55a5-n16-r10	10	c100	sample	2	2-SRR5935805	s3client	sdk
20261008-044702-3c2153c-55a5-n16-r10	10	c100	sample	2	2-SRR5935805	rank	10
20261008-044702-3c2153c-55a5-n16-r10	10	c100	sample	2	2-SRR5935805	role	home
20261008-044702-3c2153c-55a5-n16-r10	10	c100	sample	2	2-SRR5935805	inflight	2
20261008-044702-3c2153c-55a5-n16-r10	10	c100	sample	2	2-SRR5935805	threads	16
20261008-044702-3c2153c-55a5-n16-r10	10	c100	sample	2	2-SRR5935805	start_s	169.797175
20261008-044702-3c2153c-55a5-n16-r10	10	c100	sample	2	2-SRR5935805	wall_s	4.217822
20261008-044702-3c2153c-55a5-n16-r10	10	c100	sample	2	2-SRR5935805	setup_s	0.000077
20261008-044702-3c2153c-55a5-n16-r10	10	c100	sample	2	2-SRR5935805	classify_s	3.495681
20261008-044702-3c2153c-55a5-n16-r10	10	c100	sample	2	2-SRR5935805	close_s	0.447882
20261008-044702-3c2153c-55a5-n16-r10	10	c100	sample	2	2-SRR5935805	report_s	0.270494
20261008-044702-3c2153c-55a5-n16-r10	10	c100	sample	2	2-SRR5935805	status	0
20261008-044702-3c2153c-55a5-n16-r10	10	c100	sample	2	2-SRR5935805	sequences	2823474
20261008-044702-3c2153c-55a5-n16-r10	10	c100	sample	2	2-SRR5935805	bases	526092284
20261008-044702-3c2153c-55a5-n16-r10	10	c100	sample	2	2-SRR5935805	classified	2761157
20261008-044702-3c2153c-55a5-n16-r10	10	c100	sample	2	2-SRR5935805	place	lpt
20261008-044702-3c2153c-55a5-n16-r10	10	c100	sample	2	2-SRR5935805	weight	2823474
20261008-044702-3c2153c-55a5-n16-r10	10	c100	sample	2	2-SRR5935837	mode	parallel
20261008-044702-3c2153c-55a5-n16-r10	10	c100	sample	2	2-SRR5935837	s3client	sdk
20261008-044702-3c2153c-55a5-n16-r10	10	c100	sample	2	2-SRR5935837	rank	10
20261008-044702-3c2153c-55a5-n16-r10	10	c100	sample	2	2-SRR5935837	role	home
20261008-044702-3c2153c-55a5-n16-r10	10	c100	sample	2	2-SRR5935837	inflight	2
20261008-044702-3c2153c-55a5-n16-r10	10	c100	sample	2	2-SRR5935837	threads	16
20261008-044702-3c2153c-55a5-n16-r10	10	c100	sample	2	2-SRR5935837	start_s	169.483120
20261008-044702-3c2153c-55a5-n16-r10	10	c100	sample	2	2-SRR5935837	wall_s	7.214611
20261008-044702-3c2153c-55a5-n16-r10	10	c100	sample	2	2-SRR5935837	setup_s	0.000055
20261008-044702-3c2153c-55a5-n16-r10	10	c100	sample	2	2-SRR5935837	classify_s	6.807667
20261008-044702-3c2153c-55a5-n16-r10	10	c100	sample	2	2-SRR5935837	close_s	0.239989
20261008-044702-3c2153c-55a5-n16-r10	10	c100	sample	2	2-SRR5935837	report_s	0.157548
20261008-044702-3c2153c-55a5-n16-r10	10	c100	sample	2	2-SRR5935837	status	0
20261008-044702-3c2153c-55a5-n16-r10	10	c100	sample	2	2-SRR5935837	sequences	9337913
20261008-044702-3c2153c-55a5-n16-r10	10	c100	sample	2	2-SRR5935837	bases	1691901005
20261008-044702-3c2153c-55a5-n16-r10	10	c100	sample	2	2-SRR5935837	classified	8897092
20261008-044702-3c2153c-55a5-n16-r10	10	c100	sample	2	2-SRR5935837	place	lpt
20261008-044702-3c2153c-55a5-n16-r10	10	c100	sample	2	2-SRR5935837	weight	9337913
20261008-044702-3c2153c-55a5-n16-r10	10	c100	phase			batch-barrier-2	4.508290
20261008-044702-3c2153c-55a5-n16-r10	10	c100	phase			batch-barrier-2.start_s	176.697753
20261008-044702-3c2153c-55a5-n16-r10	10	c100	phase			barrier	0.495025
20261008-044702-3c2153c-55a5-n16-r10	10	c100	phase			barrier.start_s	187.323047
20261008-044702-3c2153c-55a5-n16-r10	10	c100	sample	3	3-SRR5935740	mode	striped
20261008-044702-3c2153c-55a5-n16-r10	10	c100	sample	3	3-SRR5935740	s3client	sdk
20261008-044702-3c2153c-55a5-n16-r10	10	c100	sample	3	3-SRR5935740	rank	10
20261008-044702-3c2153c-55a5-n16-r10	10	c100	sample	3	3-SRR5935740	role	peer
20261008-044702-3c2153c-55a5-n16-r10	10	c100	sample	3	3-SRR5935740	inflight	1
20261008-044702-3c2153c-55a5-n16-r10	10	c100	sample	3	3-SRR5935740	threads	16
20261008-044702-3c2153c-55a5-n16-r10	10	c100	sample	3	3-SRR5935740	start_s	181.731640
20261008-044702-3c2153c-55a5-n16-r10	10	c100	sample	3	3-SRR5935740	wall_s	6.086477
20261008-044702-3c2153c-55a5-n16-r10	10	c100	sample	3	3-SRR5935740	setup_s	0.000052
20261008-044702-3c2153c-55a5-n16-r10	10	c100	sample	3	3-SRR5935740	classify_s	5.586640
20261008-044702-3c2153c-55a5-n16-r10	10	c100	sample	3	3-SRR5935740	close_s	0.000000
20261008-044702-3c2153c-55a5-n16-r10	10	c100	sample	3	3-SRR5935740	report_s	0.000000
20261008-044702-3c2153c-55a5-n16-r10	10	c100	sample	3	3-SRR5935740	status	0
20261008-044702-3c2153c-55a5-n16-r10	10	c100	sample	3	3-SRR5935740	sequences	0
20261008-044702-3c2153c-55a5-n16-r10	10	c100	sample	3	3-SRR5935740	bases	0
20261008-044702-3c2153c-55a5-n16-r10	10	c100	sample	3	3-SRR5935740	classified	0
20261008-044702-3c2153c-55a5-n16-r10	10	c100	sample	3	3-SRR5935740	place	-
20261008-044702-3c2153c-55a5-n16-r10	10	c100	sample	3	3-SRR5935740	weight	-
20261008-044702-3c2153c-55a5-n16-r10	10	c100	phase			batch-barrier-3	0.513270
20261008-044702-3c2153c-55a5-n16-r10	10	c100	phase			batch-barrier-3.start_s	187.818125
20261008-044702-3c2153c-55a5-n16-r10	10	c100	phase			barrier	0.186423
20261008-044702-3c2153c-55a5-n16-r10	10	c100	phase			barrier.start_s	194.704540
20261008-044702-3c2153c-55a5-n16-r10	10	c100	sample	4	4-SRR5935740	mode	striped
20261008-044702-3c2153c-55a5-n16-r10	10	c100	sample	4	4-SRR5935740	s3client	sdk
20261008-044702-3c2153c-55a5-n16-r10	10	c100	sample	4	4-SRR5935740	rank	10
20261008-044702-3c2153c-55a5-n16-r10	10	c100	sample	4	4-SRR5935740	role	peer
20261008-044702-3c2153c-55a5-n16-r10	10	c100	sample	4	4-SRR5935740	inflight	1
20261008-044702-3c2153c-55a5-n16-r10	10	c100	sample	4	4-SRR5935740	threads	16
20261008-044702-3c2153c-55a5-n16-r10	10	c100	sample	4	4-SRR5935740	start_s	189.121440
20261008-044702-3c2153c-55a5-n16-r10	10	c100	sample	4	4-SRR5935740	wall_s	5.769565
20261008-044702-3c2153c-55a5-n16-r10	10	c100	sample	4	4-SRR5935740	setup_s	0.000047
20261008-044702-3c2153c-55a5-n16-r10	10	c100	sample	4	4-SRR5935740	classify_s	5.579020
20261008-044702-3c2153c-55a5-n16-r10	10	c100	sample	4	4-SRR5935740	close_s	0.000000
20261008-044702-3c2153c-55a5-n16-r10	10	c100	sample	4	4-SRR5935740	report_s	0.000000
20261008-044702-3c2153c-55a5-n16-r10	10	c100	sample	4	4-SRR5935740	status	0
20261008-044702-3c2153c-55a5-n16-r10	10	c100	sample	4	4-SRR5935740	sequences	0
20261008-044702-3c2153c-55a5-n16-r10	10	c100	sample	4	4-SRR5935740	bases	0
20261008-044702-3c2153c-55a5-n16-r10	10	c100	sample	4	4-SRR5935740	classified	0
20261008-044702-3c2153c-55a5-n16-r10	10	c100	sample	4	4-SRR5935740	place	-
20261008-044702-3c2153c-55a5-n16-r10	10	c100	sample	4	4-SRR5935740	weight	-
20261008-044702-3c2153c-55a5-n16-r10	10	c100	phase			batch-barrier-4	0.482677
20261008-044702-3c2153c-55a5-n16-r10	10	c100	phase			batch-barrier-4.start_s	194.891016
20261008-044702-3c2153c-55a5-n16-r10	10	c100	phase			barrier	0.187826
20261008-044702-3c2153c-55a5-n16-r10	10	c100	phase			barrier.start_s	201.805416
20261008-044702-3c2153c-55a5-n16-r10	10	c100	sample	5	5-SRR5935740	mode	striped
20261008-044702-3c2153c-55a5-n16-r10	10	c100	sample	5	5-SRR5935740	s3client	sdk
20261008-044702-3c2153c-55a5-n16-r10	10	c100	sample	5	5-SRR5935740	rank	10
20261008-044702-3c2153c-55a5-n16-r10	10	c100	sample	5	5-SRR5935740	role	peer
20261008-044702-3c2153c-55a5-n16-r10	10	c100	sample	5	5-SRR5935740	inflight	1
20261008-044702-3c2153c-55a5-n16-r10	10	c100	sample	5	5-SRR5935740	threads	16
20261008-044702-3c2153c-55a5-n16-r10	10	c100	sample	5	5-SRR5935740	start_s	196.214555
20261008-044702-3c2153c-55a5-n16-r10	10	c100	sample	5	5-SRR5935740	wall_s	5.778730
20261008-044702-3c2153c-55a5-n16-r10	10	c100	sample	5	5-SRR5935740	setup_s	0.000047
20261008-044702-3c2153c-55a5-n16-r10	10	c100	sample	5	5-SRR5935740	classify_s	5.585954
20261008-044702-3c2153c-55a5-n16-r10	10	c100	sample	5	5-SRR5935740	close_s	0.000000
20261008-044702-3c2153c-55a5-n16-r10	10	c100	sample	5	5-SRR5935740	report_s	0.000000
20261008-044702-3c2153c-55a5-n16-r10	10	c100	sample	5	5-SRR5935740	status	0
20261008-044702-3c2153c-55a5-n16-r10	10	c100	sample	5	5-SRR5935740	sequences	0
20261008-044702-3c2153c-55a5-n16-r10	10	c100	sample	5	5-SRR5935740	bases	0
20261008-044702-3c2153c-55a5-n16-r10	10	c100	sample	5	5-SRR5935740	classified	0
20261008-044702-3c2153c-55a5-n16-r10	10	c100	sample	5	5-SRR5935740	place	-
20261008-044702-3c2153c-55a5-n16-r10	10	c100	sample	5	5-SRR5935740	weight	-
20261008-044702-3c2153c-55a5-n16-r10	10	c100	phase			batch-barrier-5	0.846167
20261008-044702-3c2153c-55a5-n16-r10	10	c100	phase			batch-barrier-5.start_s	201.993295
20261008-044702-3c2153c-55a5-n16-r10	10	c100	phase			batch-barrier-6	7.103412
20261008-044702-3c2153c-55a5-n16-r10	10	c100	phase			batch-barrier-6.start_s	202.839479
20261008-044702-3c2153c-55a5-n16-r10	10	c100	phase			batch-barrier-7	7.103764
20261008-044702-3c2153c-55a5-n16-r10	10	c100	phase			batch-barrier-7.start_s	209.942909
20261008-044702-3c2153c-55a5-n16-r10	10	c100	phase			batch-barrier-8	7.203779
20261008-044702-3c2153c-55a5-n16-r10	10	c100	phase			batch-barrier-8.start_s	217.046692
20261008-044702-3c2153c-55a5-n16-r10	10	c100	engine.shard			index	0
20261008-044702-3c2153c-55a5-n16-r10	10	c100	engine.shard			n	16
20261008-044702-3c2153c-55a5-n16-r10	10	c100	engine.shard			lo	185795573713
20261008-044702-3c2153c-55a5-n16-r10	10	c100	engine.shard			hi	204375131085
20261008-044702-3c2153c-55a5-n16-r10	10	c100	engine.shard			tail	302
20261008-044702-3c2153c-55a5-n16-r10	10	c100	engine.shard			full	false
20261008-044702-3c2153c-55a5-n16-r10	10	c100	engine.shard			empty_at	18579557374
20261008-044702-3c2153c-55a5-n16-r10	10	c100	engine.shard			keys	8480246031
20261008-044702-3c2153c-55a5-n16-r10	10	c100	engine.shard			batches	89910
20261008-044702-3c2153c-55a5-n16-r10	10	c100	engine.shard			probe_s	200.536989
20261008-044702-3c2153c-55a5-n16-r10	10	c100	engine.shard			tail_probes	0
20261008-044702-3c2153c-55a5-n16-r10	10	c100	engine.shard			wrap_probes	0
20261008-044702-3c2153c-55a5-n16-r10	10	c100	engine.rendezvous			puts	13
20261008-044702-3c2153c-55a5-n16-r10	10	c100	engine.rendezvous			gets	500
20261008-044702-3c2153c-55a5-n16-r10	10	c100	engine.s3			client	sdk
20261008-044702-3c2153c-55a5-n16-r10	10	c100	engine.s3			put	31
20261008-044702-3c2153c-55a5-n16-r10	10	c100	engine.s3			get	500
20261008-044702-3c2153c-55a5-n16-r10	10	c100	engine.s3			create_multipart	18
20261008-044702-3c2153c-55a5-n16-r10	10	c100	engine.s3			upload_part	2163
20261008-044702-3c2153c-55a5-n16-r10	10	c100	engine.s3			complete_multipart	18
20261008-044702-3c2153c-55a5-n16-r10	10	c100	engine.s3			abort_multipart	0
20261008-044702-3c2153c-55a5-n16-r10	10	c100	engine.s3			part_bytes	18072138076
20261008-044702-3c2153c-55a5-n16-r10	10	c100	engine.s3			client	cli
20261008-044702-3c2153c-55a5-n16-r10	10	c100	engine.s3			put	0
20261008-044702-3c2153c-55a5-n16-r10	10	c100	engine.s3			get	0
20261008-044702-3c2153c-55a5-n16-r10	10	c100	engine.s3			create_multipart	0
20261008-044702-3c2153c-55a5-n16-r10	10	c100	engine.s3			upload_part	0
20261008-044702-3c2153c-55a5-n16-r10	10	c100	engine.s3			complete_multipart	0
20261008-044702-3c2153c-55a5-n16-r10	10	c100	engine.s3			abort_multipart	0
20261008-044702-3c2153c-55a5-n16-r10	10	c100	engine.s3			part_bytes	0
20261008-044702-3c2153c-55a5-n16-r10	10	c100	engine.load			seconds	40.387348
20261008-044702-3c2153c-55a5-n16-r10	10	c100	engine.load			requests	1126
20261008-044702-3c2153c-55a5-n16-r10	10	c100	engine.load			retries	0
20261008-044702-3c2153c-55a5-n16-r10	10	c100	engine.load			bytes	74318296296
20261008-044702-3c2153c-55a5-n16-r10	10	c100	engine.route			transport	nodes
20261008-044702-3c2153c-55a5-n16-r10	10	c100	engine.route			calls	5469
20261008-044702-3c2153c-55a5-n16-r10	10	c100	engine.route			keys	8231397607
20261008-044702-3c2153c-55a5-n16-r10	10	c100	engine.route			batches	87504
20261008-044702-3c2153c-55a5-n16-r10	10	c100	engine.route			route_s	96.595898
20261008-044702-3c2153c-55a5-n16-r10	10	c100	engine.route			wait_s	348.582393
20261008-044702-3c2153c-55a5-n16-r10	10	c100	engine.route			gather_s	17.915235
20261008-044702-3c2153c-55a5-n16-r10	10	c100	engine.worker			scan_s	723.161462
20261008-044702-3c2153c-55a5-n16-r10	10	c100	engine.worker			lookup_s	463.097136
20261008-044702-3c2153c-55a5-n16-r10	10	c100	engine.worker			classify_s	620.701130
20261008-044702-3c2153c-55a5-n16-r10	10	c100	phase			total	224.378693
20261008-044702-3c2153c-55a5-n16-r10	10	c100	phase			total.start_s	0.000001
20261008-044702-3c2153c-55a5-n16-r11	11	c100	phase			taxo	0.093371
20261008-044702-3c2153c-55a5-n16-r11	11	c100	phase			taxo.start_s	0.002775
20261008-044702-3c2153c-55a5-n16-r11	11	c100	phase			shard-load-11	41.567334
20261008-044702-3c2153c-55a5-n16-r11	11	c100	phase			shard-load-11.start_s	0.162094
20261008-044702-3c2153c-55a5-n16-r11	11	c100	phase			rendezvous	10.792054
20261008-044702-3c2153c-55a5-n16-r11	11	c100	phase			rendezvous.start_s	42.169564
20261008-044702-3c2153c-55a5-n16-r11	11	c100	phase			connect	0.070380
20261008-044702-3c2153c-55a5-n16-r11	11	c100	phase			connect.start_s	52.961635
20261008-044702-3c2153c-55a5-n16-r11	11	c100	phase			hash	52.935871
20261008-044702-3c2153c-55a5-n16-r11	11	c100	phase			hash.start_s	0.096170
20261008-044702-3c2153c-55a5-n16-r11	11	c100	sample	0	0-SRR5935810	mode	parallel
20261008-044702-3c2153c-55a5-n16-r11	11	c100	sample	0	0-SRR5935810	s3client	sdk
20261008-044702-3c2153c-55a5-n16-r11	11	c100	sample	0	0-SRR5935810	rank	11
20261008-044702-3c2153c-55a5-n16-r11	11	c100	sample	0	0-SRR5935810	role	home
20261008-044702-3c2153c-55a5-n16-r11	11	c100	sample	0	0-SRR5935810	inflight	2
20261008-044702-3c2153c-55a5-n16-r11	11	c100	sample	0	0-SRR5935810	threads	16
20261008-044702-3c2153c-55a5-n16-r11	11	c100	sample	0	0-SRR5935810	start_s	53.032078
20261008-044702-3c2153c-55a5-n16-r11	11	c100	sample	0	0-SRR5935810	wall_s	15.847851
20261008-044702-3c2153c-55a5-n16-r11	11	c100	sample	0	0-SRR5935810	setup_s	0.000044
20261008-044702-3c2153c-55a5-n16-r11	11	c100	sample	0	0-SRR5935810	classify_s	15.401190
20261008-044702-3c2153c-55a5-n16-r11	11	c100	sample	0	0-SRR5935810	close_s	0.228034
20261008-044702-3c2153c-55a5-n16-r11	11	c100	sample	0	0-SRR5935810	report_s	0.197227
20261008-044702-3c2153c-55a5-n16-r11	11	c100	sample	0	0-SRR5935810	status	0
20261008-044702-3c2153c-55a5-n16-r11	11	c100	sample	0	0-SRR5935810	sequences	15280552
20261008-044702-3c2153c-55a5-n16-r11	11	c100	sample	0	0-SRR5935810	bases	2858109884
20261008-044702-3c2153c-55a5-n16-r11	11	c100	sample	0	0-SRR5935810	classified	13785544
20261008-044702-3c2153c-55a5-n16-r11	11	c100	sample	0	0-SRR5935810	place	lpt
20261008-044702-3c2153c-55a5-n16-r11	11	c100	sample	0	0-SRR5935810	weight	15280552
20261008-044702-3c2153c-55a5-n16-r11	11	c100	sample	0	0-SRR5935787	mode	parallel
20261008-044702-3c2153c-55a5-n16-r11	11	c100	sample	0	0-SRR5935787	s3client	sdk
20261008-044702-3c2153c-55a5-n16-r11	11	c100	sample	0	0-SRR5935787	rank	11
20261008-044702-3c2153c-55a5-n16-r11	11	c100	sample	0	0-SRR5935787	role	home
20261008-044702-3c2153c-55a5-n16-r11	11	c100	sample	0	0-SRR5935787	inflight	2
20261008-044702-3c2153c-55a5-n16-r11	11	c100	sample	0	0-SRR5935787	threads	16
20261008-044702-3c2153c-55a5-n16-r11	11	c100	sample	0	0-SRR5935787	start_s	53.032081
20261008-044702-3c2153c-55a5-n16-r11	11	c100	sample	0	0-SRR5935787	wall_s	16.643845
20261008-044702-3c2153c-55a5-n16-r11	11	c100	sample	0	0-SRR5935787	setup_s	0.000048
20261008-044702-3c2153c-55a5-n16-r11	11	c100	sample	0	0-SRR5935787	classify_s	16.199732
20261008-044702-3c2153c-55a5-n16-r11	11	c100	sample	0	0-SRR5935787	close_s	0.278760
20261008-044702-3c2153c-55a5-n16-r11	11	c100	sample	0	0-SRR5935787	report_s	0.157552
20261008-044702-3c2153c-55a5-n16-r11	11	c100	sample	0	0-SRR5935787	status	0
20261008-044702-3c2153c-55a5-n16-r11	11	c100	sample	0	0-SRR5935787	sequences	16351397
20261008-044702-3c2153c-55a5-n16-r11	11	c100	sample	0	0-SRR5935787	bases	3065557655
20261008-044702-3c2153c-55a5-n16-r11	11	c100	sample	0	0-SRR5935787	classified	16166849
20261008-044702-3c2153c-55a5-n16-r11	11	c100	sample	0	0-SRR5935787	place	lpt
20261008-044702-3c2153c-55a5-n16-r11	11	c100	sample	0	0-SRR5935787	weight	16351397
20261008-044702-3c2153c-55a5-n16-r11	11	c100	sample	0	0-SRR5935788	mode	parallel
20261008-044702-3c2153c-55a5-n16-r11	11	c100	sample	0	0-SRR5935788	s3client	sdk
20261008-044702-3c2153c-55a5-n16-r11	11	c100	sample	0	0-SRR5935788	rank	11
20261008-044702-3c2153c-55a5-n16-r11	11	c100	sample	0	0-SRR5935788	role	home
20261008-044702-3c2153c-55a5-n16-r11	11	c100	sample	0	0-SRR5935788	inflight	2
20261008-044702-3c2153c-55a5-n16-r11	11	c100	sample	0	0-SRR5935788	threads	16
20261008-044702-3c2153c-55a5-n16-r11	11	c100	sample	0	0-SRR5935788	start_s	69.675948
20261008-044702-3c2153c-55a5-n16-r11	11	c100	sample	0	0-SRR5935788	wall_s	11.853460
20261008-044702-3c2153c-55a5-n16-r11	11	c100	sample	0	0-SRR5935788	setup_s	0.000065
20261008-044702-3c2153c-55a5-n16-r11	11	c100	sample	0	0-SRR5935788	classify_s	11.362405
20261008-044702-3c2153c-55a5-n16-r11	11	c100	sample	0	0-SRR5935788	close_s	0.266433
20261008-044702-3c2153c-55a5-n16-r11	11	c100	sample	0	0-SRR5935788	report_s	0.217048
20261008-044702-3c2153c-55a5-n16-r11	11	c100	sample	0	0-SRR5935788	status	0
20261008-044702-3c2153c-55a5-n16-r11	11	c100	sample	0	0-SRR5935788	sequences	11073410
20261008-044702-3c2153c-55a5-n16-r11	11	c100	sample	0	0-SRR5935788	bases	2024074094
20261008-044702-3c2153c-55a5-n16-r11	11	c100	sample	0	0-SRR5935788	classified	10832572
20261008-044702-3c2153c-55a5-n16-r11	11	c100	sample	0	0-SRR5935788	place	lpt
20261008-044702-3c2153c-55a5-n16-r11	11	c100	sample	0	0-SRR5935788	weight	11073410
20261008-044702-3c2153c-55a5-n16-r11	11	c100	sample	0	0-SRR5935794	mode	parallel
20261008-044702-3c2153c-55a5-n16-r11	11	c100	sample	0	0-SRR5935794	s3client	sdk
20261008-044702-3c2153c-55a5-n16-r11	11	c100	sample	0	0-SRR5935794	rank	11
20261008-044702-3c2153c-55a5-n16-r11	11	c100	sample	0	0-SRR5935794	role	home
20261008-044702-3c2153c-55a5-n16-r11	11	c100	sample	0	0-SRR5935794	inflight	2
20261008-044702-3c2153c-55a5-n16-r11	11	c100	sample	0	0-SRR5935794	threads	16
20261008-044702-3c2153c-55a5-n16-r11	11	c100	sample	0	0-SRR5935794	start_s	68.879956
20261008-044702-3c2153c-55a5-n16-r11	11	c100	sample	0	0-SRR5935794	wall_s	13.355616
20261008-044702-3c2153c-55a5-n16-r11	11	c100	sample	0	0-SRR5935794	setup_s	0.000069
20261008-044702-3c2153c-55a5-n16-r11	11	c100	sample	0	0-SRR5935794	classify_s	12.607536
20261008-044702-3c2153c-55a5-n16-r11	11	c100	sample	0	0-SRR5935794	close_s	0.582479
20261008-044702-3c2153c-55a5-n16-r11	11	c100	sample	0	0-SRR5935794	report_s	0.158938
20261008-044702-3c2153c-55a5-n16-r11	11	c100	sample	0	0-SRR5935794	status	0
20261008-044702-3c2153c-55a5-n16-r11	11	c100	sample	0	0-SRR5935794	sequences	13404063
20261008-044702-3c2153c-55a5-n16-r11	11	c100	sample	0	0-SRR5935794	bases	2484447317
20261008-044702-3c2153c-55a5-n16-r11	11	c100	sample	0	0-SRR5935794	classified	13071600
20261008-044702-3c2153c-55a5-n16-r11	11	c100	sample	0	0-SRR5935794	place	lpt
20261008-044702-3c2153c-55a5-n16-r11	11	c100	sample	0	0-SRR5935794	weight	13404063
20261008-044702-3c2153c-55a5-n16-r11	11	c100	sample	0	0-SRR5935767	mode	parallel
20261008-044702-3c2153c-55a5-n16-r11	11	c100	sample	0	0-SRR5935767	s3client	sdk
20261008-044702-3c2153c-55a5-n16-r11	11	c100	sample	0	0-SRR5935767	rank	11
20261008-044702-3c2153c-55a5-n16-r11	11	c100	sample	0	0-SRR5935767	role	home
20261008-044702-3c2153c-55a5-n16-r11	11	c100	sample	0	0-SRR5935767	inflight	2
20261008-044702-3c2153c-55a5-n16-r11	11	c100	sample	0	0-SRR5935767	threads	16
20261008-044702-3c2153c-55a5-n16-r11	11	c100	sample	0	0-SRR5935767	start_s	82.235598
20261008-044702-3c2153c-55a5-n16-r11	11	c100	sample	0	0-SRR5935767	wall_s	5.807083
20261008-044702-3c2153c-55a5-n16-r11	11	c100	sample	0	0-SRR5935767	setup_s	0.000063
20261008-044702-3c2153c-55a5-n16-r11	11	c100	sample	0	0-SRR5935767	classify_s	5.450343
20261008-044702-3c2153c-55a5-n16-r11	11	c100	sample	0	0-SRR5935767	close_s	0.191710
20261008-044702-3c2153c-55a5-n16-r11	11	c100	sample	0	0-SRR5935767	report_s	0.158330
20261008-044702-3c2153c-55a5-n16-r11	11	c100	sample	0	0-SRR5935767	status	0
20261008-044702-3c2153c-55a5-n16-r11	11	c100	sample	0	0-SRR5935767	sequences	5166420
20261008-044702-3c2153c-55a5-n16-r11	11	c100	sample	0	0-SRR5935767	bases	956191777
20261008-044702-3c2153c-55a5-n16-r11	11	c100	sample	0	0-SRR5935767	classified	4901709
20261008-044702-3c2153c-55a5-n16-r11	11	c100	sample	0	0-SRR5935767	place	lpt
20261008-044702-3c2153c-55a5-n16-r11	11	c100	sample	0	0-SRR5935767	weight	5166420
20261008-044702-3c2153c-55a5-n16-r11	11	c100	sample	0	0-SRR5935799	mode	parallel
20261008-044702-3c2153c-55a5-n16-r11	11	c100	sample	0	0-SRR5935799	s3client	sdk
20261008-044702-3c2153c-55a5-n16-r11	11	c100	sample	0	0-SRR5935799	rank	11
20261008-044702-3c2153c-55a5-n16-r11	11	c100	sample	0	0-SRR5935799	role	home
20261008-044702-3c2153c-55a5-n16-r11	11	c100	sample	0	0-SRR5935799	inflight	2
20261008-044702-3c2153c-55a5-n16-r11	11	c100	sample	0	0-SRR5935799	threads	16
20261008-044702-3c2153c-55a5-n16-r11	11	c100	sample	0	0-SRR5935799	start_s	81.529436
20261008-044702-3c2153c-55a5-n16-r11	11	c100	sample	0	0-SRR5935799	wall_s	7.994089
20261008-044702-3c2153c-55a5-n16-r11	11	c100	sample	0	0-SRR5935799	setup_s	0.000082
20261008-044702-3c2153c-55a5-n16-r11	11	c100	sample	0	0-SRR5935799	classify_s	7.545628
20261008-044702-3c2153c-55a5-n16-r11	11	c100	sample	0	0-SRR5935799	close_s	0.274383
20261008-044702-3c2153c-55a5-n16-r11	11	c100	sample	0	0-SRR5935799	report_s	0.156487
20261008-044702-3c2153c-55a5-n16-r11	11	c100	sample	0	0-SRR5935799	status	0
20261008-044702-3c2153c-55a5-n16-r11	11	c100	sample	0	0-SRR5935799	sequences	9090205
20261008-044702-3c2153c-55a5-n16-r11	11	c100	sample	0	0-SRR5935799	bases	1661371324
20261008-044702-3c2153c-55a5-n16-r11	11	c100	sample	0	0-SRR5935799	classified	7439975
20261008-044702-3c2153c-55a5-n16-r11	11	c100	sample	0	0-SRR5935799	place	lpt
20261008-044702-3c2153c-55a5-n16-r11	11	c100	sample	0	0-SRR5935799	weight	9090205
20261008-044702-3c2153c-55a5-n16-r11	11	c100	phase			batch-barrier-0	4.476409
20261008-044702-3c2153c-55a5-n16-r11	11	c100	phase			batch-barrier-0.start_s	89.523554
20261008-044702-3c2153c-55a5-n16-r11	11	c100	sample	1	1-SRR5935767	mode	parallel
20261008-044702-3c2153c-55a5-n16-r11	11	c100	sample	1	1-SRR5935767	s3client	sdk
20261008-044702-3c2153c-55a5-n16-r11	11	c100	sample	1	1-SRR5935767	rank	11
20261008-044702-3c2153c-55a5-n16-r11	11	c100	sample	1	1-SRR5935767	role	home
20261008-044702-3c2153c-55a5-n16-r11	11	c100	sample	1	1-SRR5935767	inflight	2
20261008-044702-3c2153c-55a5-n16-r11	11	c100	sample	1	1-SRR5935767	threads	16
20261008-044702-3c2153c-55a5-n16-r11	11	c100	sample	1	1-SRR5935767	start_s	93.999994
20261008-044702-3c2153c-55a5-n16-r11	11	c100	sample	1	1-SRR5935767	wall_s	6.239444
20261008-044702-3c2153c-55a5-n16-r11	11	c100	sample	1	1-SRR5935767	setup_s	0.000048
20261008-044702-3c2153c-55a5-n16-r11	11	c100	sample	1	1-SRR5935767	classify_s	5.838704
20261008-044702-3c2153c-55a5-n16-r11	11	c100	sample	1	1-SRR5935767	close_s	0.260422
20261008-044702-3c2153c-55a5-n16-r11	11	c100	sample	1	1-SRR5935767	report_s	0.133754
20261008-044702-3c2153c-55a5-n16-r11	11	c100	sample	1	1-SRR5935767	status	0
20261008-044702-3c2153c-55a5-n16-r11	11	c100	sample	1	1-SRR5935767	sequences	5166420
20261008-044702-3c2153c-55a5-n16-r11	11	c100	sample	1	1-SRR5935767	bases	956191777
20261008-044702-3c2153c-55a5-n16-r11	11	c100	sample	1	1-SRR5935767	classified	4901709
20261008-044702-3c2153c-55a5-n16-r11	11	c100	sample	1	1-SRR5935767	place	mod
20261008-044702-3c2153c-55a5-n16-r11	11	c100	sample	1	1-SRR5935767	weight	5166420
20261008-044702-3c2153c-55a5-n16-r11	11	c100	sample	1	1-SRR5935783	mode	parallel
20261008-044702-3c2153c-55a5-n16-r11	11	c100	sample	1	1-SRR5935783	s3client	sdk
20261008-044702-3c2153c-55a5-n16-r11	11	c100	sample	1	1-SRR5935783	rank	11
20261008-044702-3c2153c-55a5-n16-r11	11	c100	sample	1	1-SRR5935783	role	home
20261008-044702-3c2153c-55a5-n16-r11	11	c100	sample	1	1-SRR5935783	inflight	2
20261008-044702-3c2153c-55a5-n16-r11	11	c100	sample	1	1-SRR5935783	threads	16
20261008-044702-3c2153c-55a5-n16-r11	11	c100	sample	1	1-SRR5935783	start_s	100.239469
20261008-044702-3c2153c-55a5-n16-r11	11	c100	sample	1	1-SRR5935783	wall_s	3.217573
20261008-044702-3c2153c-55a5-n16-r11	11	c100	sample	1	1-SRR5935783	setup_s	0.000070
20261008-044702-3c2153c-55a5-n16-r11	11	c100	sample	1	1-SRR5935783	classify_s	2.797398
20261008-044702-3c2153c-55a5-n16-r11	11	c100	sample	1	1-SRR5935783	close_s	0.227901
20261008-044702-3c2153c-55a5-n16-r11	11	c100	sample	1	1-SRR5935783	report_s	0.188441
20261008-044702-3c2153c-55a5-n16-r11	11	c100	sample	1	1-SRR5935783	status	0
20261008-044702-3c2153c-55a5-n16-r11	11	c100	sample	1	1-SRR5935783	sequences	2565282
20261008-044702-3c2153c-55a5-n16-r11	11	c100	sample	1	1-SRR5935783	bases	465562992
20261008-044702-3c2153c-55a5-n16-r11	11	c100	sample	1	1-SRR5935783	classified	2508539
20261008-044702-3c2153c-55a5-n16-r11	11	c100	sample	1	1-SRR5935783	place	mod
20261008-044702-3c2153c-55a5-n16-r11	11	c100	sample	1	1-SRR5935783	weight	2565282
20261008-044702-3c2153c-55a5-n16-r11	11	c100	sample	1	1-SRR5935799	mode	parallel
20261008-044702-3c2153c-55a5-n16-r11	11	c100	sample	1	1-SRR5935799	s3client	sdk
20261008-044702-3c2153c-55a5-n16-r11	11	c100	sample	1	1-SRR5935799	rank	11
20261008-044702-3c2153c-55a5-n16-r11	11	c100	sample	1	1-SRR5935799	role	home
20261008-044702-3c2153c-55a5-n16-r11	11	c100	sample	1	1-SRR5935799	inflight	2
20261008-044702-3c2153c-55a5-n16-r11	11	c100	sample	1	1-SRR5935799	threads	16
20261008-044702-3c2153c-55a5-n16-r11	11	c100	sample	1	1-SRR5935799	start_s	103.457066
20261008-044702-3c2153c-55a5-n16-r11	11	c100	sample	1	1-SRR5935799	wall_s	9.424217
20261008-044702-3c2153c-55a5-n16-r11	11	c100	sample	1	1-SRR5935799	setup_s	0.000063
20261008-044702-3c2153c-55a5-n16-r11	11	c100	sample	1	1-SRR5935799	classify_s	8.955843
20261008-044702-3c2153c-55a5-n16-r11	11	c100	sample	1	1-SRR5935799	close_s	0.246049
20261008-044702-3c2153c-55a5-n16-r11	11	c100	sample	1	1-SRR5935799	report_s	0.202757
20261008-044702-3c2153c-55a5-n16-r11	11	c100	sample	1	1-SRR5935799	status	0
20261008-044702-3c2153c-55a5-n16-r11	11	c100	sample	1	1-SRR5935799	sequences	9090205
20261008-044702-3c2153c-55a5-n16-r11	11	c100	sample	1	1-SRR5935799	bases	1661371324
20261008-044702-3c2153c-55a5-n16-r11	11	c100	sample	1	1-SRR5935799	classified	7439975
20261008-044702-3c2153c-55a5-n16-r11	11	c100	sample	1	1-SRR5935799	place	mod
20261008-044702-3c2153c-55a5-n16-r11	11	c100	sample	1	1-SRR5935799	weight	9090205
20261008-044702-3c2153c-55a5-n16-r11	11	c100	sample	1	1-SRR5935751	mode	parallel
20261008-044702-3c2153c-55a5-n16-r11	11	c100	sample	1	1-SRR5935751	s3client	sdk
20261008-044702-3c2153c-55a5-n16-r11	11	c100	sample	1	1-SRR5935751	rank	11
20261008-044702-3c2153c-55a5-n16-r11	11	c100	sample	1	1-SRR5935751	role	home
20261008-044702-3c2153c-55a5-n16-r11	11	c100	sample	1	1-SRR5935751	inflight	2
20261008-044702-3c2153c-55a5-n16-r11	11	c100	sample	1	1-SRR5935751	threads	16
20261008-044702-3c2153c-55a5-n16-r11	11	c100	sample	1	1-SRR5935751	start_s	94.000001
20261008-044702-3c2153c-55a5-n16-r11	11	c100	sample	1	1-SRR5935751	wall_s	18.922257
20261008-044702-3c2153c-55a5-n16-r11	11	c100	sample	1	1-SRR5935751	setup_s	0.000047
20261008-044702-3c2153c-55a5-n16-r11	11	c100	sample	1	1-SRR5935751	classify_s	18.355230
20261008-044702-3c2153c-55a5-n16-r11	11	c100	sample	1	1-SRR5935751	close_s	0.382550
20261008-044702-3c2153c-55a5-n16-r11	11	c100	sample	1	1-SRR5935751	report_s	0.176632
20261008-044702-3c2153c-55a5-n16-r11	11	c100	sample	1	1-SRR5935751	status	0
20261008-044702-3c2153c-55a5-n16-r11	11	c100	sample	1	1-SRR5935751	sequences	18645445
20261008-044702-3c2153c-55a5-n16-r11	11	c100	sample	1	1-SRR5935751	bases	3449573600
20261008-044702-3c2153c-55a5-n16-r11	11	c100	sample	1	1-SRR5935751	classified	18393099
20261008-044702-3c2153c-55a5-n16-r11	11	c100	sample	1	1-SRR5935751	place	mod
20261008-044702-3c2153c-55a5-n16-r11	11	c100	sample	1	1-SRR5935751	weight	18645445
20261008-044702-3c2153c-55a5-n16-r11	11	c100	sample	1	1-SRR5935815	mode	parallel
20261008-044702-3c2153c-55a5-n16-r11	11	c100	sample	1	1-SRR5935815	s3client	sdk
20261008-044702-3c2153c-55a5-n16-r11	11	c100	sample	1	1-SRR5935815	rank	11
20261008-044702-3c2153c-55a5-n16-r11	11	c100	sample	1	1-SRR5935815	role	home
20261008-044702-3c2153c-55a5-n16-r11	11	c100	sample	1	1-SRR5935815	inflight	2
20261008-044702-3c2153c-55a5-n16-r11	11	c100	sample	1	1-SRR5935815	threads	16
20261008-044702-3c2153c-55a5-n16-r11	11	c100	sample	1	1-SRR5935815	start_s	112.881306
20261008-044702-3c2153c-55a5-n16-r11	11	c100	sample	1	1-SRR5935815	wall_s	8.351290
20261008-044702-3c2153c-55a5-n16-r11	11	c100	sample	1	1-SRR5935815	setup_s	0.000060
20261008-044702-3c2153c-55a5-n16-r11	11	c100	sample	1	1-SRR5935815	classify_s	7.844343
20261008-044702-3c2153c-55a5-n16-r11	11	c100	sample	1	1-SRR5935815	close_s	0.258448
20261008-044702-3c2153c-55a5-n16-r11	11	c100	sample	1	1-SRR5935815	report_s	0.240564
20261008-044702-3c2153c-55a5-n16-r11	11	c100	sample	1	1-SRR5935815	status	0
20261008-044702-3c2153c-55a5-n16-r11	11	c100	sample	1	1-SRR5935815	sequences	7153468
20261008-044702-3c2153c-55a5-n16-r11	11	c100	sample	1	1-SRR5935815	bases	1337267943
20261008-044702-3c2153c-55a5-n16-r11	11	c100	sample	1	1-SRR5935815	classified	6947959
20261008-044702-3c2153c-55a5-n16-r11	11	c100	sample	1	1-SRR5935815	place	mod
20261008-044702-3c2153c-55a5-n16-r11	11	c100	sample	1	1-SRR5935815	weight	7153468
20261008-044702-3c2153c-55a5-n16-r11	11	c100	sample	1	1-SRR5935831	mode	parallel
20261008-044702-3c2153c-55a5-n16-r11	11	c100	sample	1	1-SRR5935831	s3client	sdk
20261008-044702-3c2153c-55a5-n16-r11	11	c100	sample	1	1-SRR5935831	rank	11
20261008-044702-3c2153c-55a5-n16-r11	11	c100	sample	1	1-SRR5935831	role	home
20261008-044702-3c2153c-55a5-n16-r11	11	c100	sample	1	1-SRR5935831	inflight	2
20261008-044702-3c2153c-55a5-n16-r11	11	c100	sample	1	1-SRR5935831	threads	16
20261008-044702-3c2153c-55a5-n16-r11	11	c100	sample	1	1-SRR5935831	start_s	112.922284
20261008-044702-3c2153c-55a5-n16-r11	11	c100	sample	1	1-SRR5935831	wall_s	11.193537
20261008-044702-3c2153c-55a5-n16-r11	11	c100	sample	1	1-SRR5935831	setup_s	0.000083
20261008-044702-3c2153c-55a5-n16-r11	11	c100	sample	1	1-SRR5935831	classify_s	10.846874
20261008-044702-3c2153c-55a5-n16-r11	11	c100	sample	1	1-SRR5935831	close_s	0.223058
20261008-044702-3c2153c-55a5-n16-r11	11	c100	sample	1	1-SRR5935831	report_s	0.118124
20261008-044702-3c2153c-55a5-n16-r11	11	c100	sample	1	1-SRR5935831	status	0
20261008-044702-3c2153c-55a5-n16-r11	11	c100	sample	1	1-SRR5935831	sequences	12793053
20261008-044702-3c2153c-55a5-n16-r11	11	c100	sample	1	1-SRR5935831	bases	2357685670
20261008-044702-3c2153c-55a5-n16-r11	11	c100	sample	1	1-SRR5935831	classified	12609886
20261008-044702-3c2153c-55a5-n16-r11	11	c100	sample	1	1-SRR5935831	place	mod
20261008-044702-3c2153c-55a5-n16-r11	11	c100	sample	1	1-SRR5935831	weight	12793053
20261008-044702-3c2153c-55a5-n16-r11	11	c100	phase			batch-barrier-1	14.586318
20261008-044702-3c2153c-55a5-n16-r11	11	c100	phase			batch-barrier-1.start_s	124.115844
20261008-044702-3c2153c-55a5-n16-r11	11	c100	sample	2	2-SRR5935810	mode	parallel
20261008-044702-3c2153c-55a5-n16-r11	11	c100	sample	2	2-SRR5935810	s3client	sdk
20261008-044702-3c2153c-55a5-n16-r11	11	c100	sample	2	2-SRR5935810	rank	11
20261008-044702-3c2153c-55a5-n16-r11	11	c100	sample	2	2-SRR5935810	role	home
20261008-044702-3c2153c-55a5-n16-r11	11	c100	sample	2	2-SRR5935810	inflight	2
20261008-044702-3c2153c-55a5-n16-r11	11	c100	sample	2	2-SRR5935810	threads	16
20261008-044702-3c2153c-55a5-n16-r11	11	c100	sample	2	2-SRR5935810	start_s	138.702220
20261008-044702-3c2153c-55a5-n16-r11	11	c100	sample	2	2-SRR5935810	wall_s	16.093885
20261008-044702-3c2153c-55a5-n16-r11	11	c100	sample	2	2-SRR5935810	setup_s	0.000053
20261008-044702-3c2153c-55a5-n16-r11	11	c100	sample	2	2-SRR5935810	classify_s	15.657292
20261008-044702-3c2153c-55a5-n16-r11	11	c100	sample	2	2-SRR5935810	close_s	0.245900
20261008-044702-3c2153c-55a5-n16-r11	11	c100	sample	2	2-SRR5935810	report_s	0.172834
20261008-044702-3c2153c-55a5-n16-r11	11	c100	sample	2	2-SRR5935810	status	0
20261008-044702-3c2153c-55a5-n16-r11	11	c100	sample	2	2-SRR5935810	sequences	15280552
20261008-044702-3c2153c-55a5-n16-r11	11	c100	sample	2	2-SRR5935810	bases	2858109884
20261008-044702-3c2153c-55a5-n16-r11	11	c100	sample	2	2-SRR5935810	classified	13785544
20261008-044702-3c2153c-55a5-n16-r11	11	c100	sample	2	2-SRR5935810	place	lpt
20261008-044702-3c2153c-55a5-n16-r11	11	c100	sample	2	2-SRR5935810	weight	15280552
20261008-044702-3c2153c-55a5-n16-r11	11	c100	sample	2	2-SRR5935787	mode	parallel
20261008-044702-3c2153c-55a5-n16-r11	11	c100	sample	2	2-SRR5935787	s3client	sdk
20261008-044702-3c2153c-55a5-n16-r11	11	c100	sample	2	2-SRR5935787	rank	11
20261008-044702-3c2153c-55a5-n16-r11	11	c100	sample	2	2-SRR5935787	role	home
20261008-044702-3c2153c-55a5-n16-r11	11	c100	sample	2	2-SRR5935787	inflight	2
20261008-044702-3c2153c-55a5-n16-r11	11	c100	sample	2	2-SRR5935787	threads	16
20261008-044702-3c2153c-55a5-n16-r11	11	c100	sample	2	2-SRR5935787	start_s	138.702228
20261008-044702-3c2153c-55a5-n16-r11	11	c100	sample	2	2-SRR5935787	wall_s	16.805444
20261008-044702-3c2153c-55a5-n16-r11	11	c100	sample	2	2-SRR5935787	setup_s	0.000044
20261008-044702-3c2153c-55a5-n16-r11	11	c100	sample	2	2-SRR5935787	classify_s	16.330577
20261008-044702-3c2153c-55a5-n16-r11	11	c100	sample	2	2-SRR5935787	close_s	0.265269
20261008-044702-3c2153c-55a5-n16-r11	11	c100	sample	2	2-SRR5935787	report_s	0.201496
20261008-044702-3c2153c-55a5-n16-r11	11	c100	sample	2	2-SRR5935787	status	0
20261008-044702-3c2153c-55a5-n16-r11	11	c100	sample	2	2-SRR5935787	sequences	16351397
20261008-044702-3c2153c-55a5-n16-r11	11	c100	sample	2	2-SRR5935787	bases	3065557655
20261008-044702-3c2153c-55a5-n16-r11	11	c100	sample	2	2-SRR5935787	classified	16166849
20261008-044702-3c2153c-55a5-n16-r11	11	c100	sample	2	2-SRR5935787	place	lpt
20261008-044702-3c2153c-55a5-n16-r11	11	c100	sample	2	2-SRR5935787	weight	16351397
20261008-044702-3c2153c-55a5-n16-r11	11	c100	sample	2	2-SRR5935788	mode	parallel
20261008-044702-3c2153c-55a5-n16-r11	11	c100	sample	2	2-SRR5935788	s3client	sdk
20261008-044702-3c2153c-55a5-n16-r11	11	c100	sample	2	2-SRR5935788	rank	11
20261008-044702-3c2153c-55a5-n16-r11	11	c100	sample	2	2-SRR5935788	role	home
20261008-044702-3c2153c-55a5-n16-r11	11	c100	sample	2	2-SRR5935788	inflight	2
20261008-044702-3c2153c-55a5-n16-r11	11	c100	sample	2	2-SRR5935788	threads	16
20261008-044702-3c2153c-55a5-n16-r11	11	c100	sample	2	2-SRR5935788	start_s	155.507744
20261008-044702-3c2153c-55a5-n16-r11	11	c100	sample	2	2-SRR5935788	wall_s	11.773602
20261008-044702-3c2153c-55a5-n16-r11	11	c100	sample	2	2-SRR5935788	setup_s	0.000069
20261008-044702-3c2153c-55a5-n16-r11	11	c100	sample	2	2-SRR5935788	classify_s	11.359504
20261008-044702-3c2153c-55a5-n16-r11	11	c100	sample	2	2-SRR5935788	close_s	0.259092
20261008-044702-3c2153c-55a5-n16-r11	11	c100	sample	2	2-SRR5935788	report_s	0.148114
20261008-044702-3c2153c-55a5-n16-r11	11	c100	sample	2	2-SRR5935788	status	0
20261008-044702-3c2153c-55a5-n16-r11	11	c100	sample	2	2-SRR5935788	sequences	11073410
20261008-044702-3c2153c-55a5-n16-r11	11	c100	sample	2	2-SRR5935788	bases	2024074094
20261008-044702-3c2153c-55a5-n16-r11	11	c100	sample	2	2-SRR5935788	classified	10832572
20261008-044702-3c2153c-55a5-n16-r11	11	c100	sample	2	2-SRR5935788	place	lpt
20261008-044702-3c2153c-55a5-n16-r11	11	c100	sample	2	2-SRR5935788	weight	11073410
20261008-044702-3c2153c-55a5-n16-r11	11	c100	sample	2	2-SRR5935794	mode	parallel
20261008-044702-3c2153c-55a5-n16-r11	11	c100	sample	2	2-SRR5935794	s3client	sdk
20261008-044702-3c2153c-55a5-n16-r11	11	c100	sample	2	2-SRR5935794	rank	11
20261008-044702-3c2153c-55a5-n16-r11	11	c100	sample	2	2-SRR5935794	role	home
20261008-044702-3c2153c-55a5-n16-r11	11	c100	sample	2	2-SRR5935794	inflight	2
20261008-044702-3c2153c-55a5-n16-r11	11	c100	sample	2	2-SRR5935794	threads	16
20261008-044702-3c2153c-55a5-n16-r11	11	c100	sample	2	2-SRR5935794	start_s	154.796126
20261008-044702-3c2153c-55a5-n16-r11	11	c100	sample	2	2-SRR5935794	wall_s	13.126640
20261008-044702-3c2153c-55a5-n16-r11	11	c100	sample	2	2-SRR5935794	setup_s	0.000062
20261008-044702-3c2153c-55a5-n16-r11	11	c100	sample	2	2-SRR5935794	classify_s	12.642403
20261008-044702-3c2153c-55a5-n16-r11	11	c100	sample	2	2-SRR5935794	close_s	0.321181
20261008-044702-3c2153c-55a5-n16-r11	11	c100	sample	2	2-SRR5935794	report_s	0.155976
20261008-044702-3c2153c-55a5-n16-r11	11	c100	sample	2	2-SRR5935794	status	0
20261008-044702-3c2153c-55a5-n16-r11	11	c100	sample	2	2-SRR5935794	sequences	13404063
20261008-044702-3c2153c-55a5-n16-r11	11	c100	sample	2	2-SRR5935794	bases	2484447317
20261008-044702-3c2153c-55a5-n16-r11	11	c100	sample	2	2-SRR5935794	classified	13071600
20261008-044702-3c2153c-55a5-n16-r11	11	c100	sample	2	2-SRR5935794	place	lpt
20261008-044702-3c2153c-55a5-n16-r11	11	c100	sample	2	2-SRR5935794	weight	13404063
20261008-044702-3c2153c-55a5-n16-r11	11	c100	sample	2	2-SRR5935767	mode	parallel
20261008-044702-3c2153c-55a5-n16-r11	11	c100	sample	2	2-SRR5935767	s3client	sdk
20261008-044702-3c2153c-55a5-n16-r11	11	c100	sample	2	2-SRR5935767	rank	11
20261008-044702-3c2153c-55a5-n16-r11	11	c100	sample	2	2-SRR5935767	role	home
20261008-044702-3c2153c-55a5-n16-r11	11	c100	sample	2	2-SRR5935767	inflight	2
20261008-044702-3c2153c-55a5-n16-r11	11	c100	sample	2	2-SRR5935767	threads	16
20261008-044702-3c2153c-55a5-n16-r11	11	c100	sample	2	2-SRR5935767	start_s	167.922795
20261008-044702-3c2153c-55a5-n16-r11	11	c100	sample	2	2-SRR5935767	wall_s	6.004971
20261008-044702-3c2153c-55a5-n16-r11	11	c100	sample	2	2-SRR5935767	setup_s	0.000070
20261008-044702-3c2153c-55a5-n16-r11	11	c100	sample	2	2-SRR5935767	classify_s	5.441848
20261008-044702-3c2153c-55a5-n16-r11	11	c100	sample	2	2-SRR5935767	close_s	0.421653
20261008-044702-3c2153c-55a5-n16-r11	11	c100	sample	2	2-SRR5935767	report_s	0.134964
20261008-044702-3c2153c-55a5-n16-r11	11	c100	sample	2	2-SRR5935767	status	0
20261008-044702-3c2153c-55a5-n16-r11	11	c100	sample	2	2-SRR5935767	sequences	5166420
20261008-044702-3c2153c-55a5-n16-r11	11	c100	sample	2	2-SRR5935767	bases	956191777
20261008-044702-3c2153c-55a5-n16-r11	11	c100	sample	2	2-SRR5935767	classified	4901709
20261008-044702-3c2153c-55a5-n16-r11	11	c100	sample	2	2-SRR5935767	place	lpt
20261008-044702-3c2153c-55a5-n16-r11	11	c100	sample	2	2-SRR5935767	weight	5166420
20261008-044702-3c2153c-55a5-n16-r11	11	c100	sample	2	2-SRR5935799	mode	parallel
20261008-044702-3c2153c-55a5-n16-r11	11	c100	sample	2	2-SRR5935799	s3client	sdk
20261008-044702-3c2153c-55a5-n16-r11	11	c100	sample	2	2-SRR5935799	rank	11
20261008-044702-3c2153c-55a5-n16-r11	11	c100	sample	2	2-SRR5935799	role	home
20261008-044702-3c2153c-55a5-n16-r11	11	c100	sample	2	2-SRR5935799	inflight	2
20261008-044702-3c2153c-55a5-n16-r11	11	c100	sample	2	2-SRR5935799	threads	16
20261008-044702-3c2153c-55a5-n16-r11	11	c100	sample	2	2-SRR5935799	start_s	167.281371
20261008-044702-3c2153c-55a5-n16-r11	11	c100	sample	2	2-SRR5935799	wall_s	8.042569
20261008-044702-3c2153c-55a5-n16-r11	11	c100	sample	2	2-SRR5935799	setup_s	0.000058
20261008-044702-3c2153c-55a5-n16-r11	11	c100	sample	2	2-SRR5935799	classify_s	7.614097
20261008-044702-3c2153c-55a5-n16-r11	11	c100	sample	2	2-SRR5935799	close_s	0.236086
20261008-044702-3c2153c-55a5-n16-r11	11	c100	sample	2	2-SRR5935799	report_s	0.174772
20261008-044702-3c2153c-55a5-n16-r11	11	c100	sample	2	2-SRR5935799	status	0
20261008-044702-3c2153c-55a5-n16-r11	11	c100	sample	2	2-SRR5935799	sequences	9090205
20261008-044702-3c2153c-55a5-n16-r11	11	c100	sample	2	2-SRR5935799	bases	1661371324
20261008-044702-3c2153c-55a5-n16-r11	11	c100	sample	2	2-SRR5935799	classified	7439975
20261008-044702-3c2153c-55a5-n16-r11	11	c100	sample	2	2-SRR5935799	place	lpt
20261008-044702-3c2153c-55a5-n16-r11	11	c100	sample	2	2-SRR5935799	weight	9090205
20261008-044702-3c2153c-55a5-n16-r11	11	c100	phase			batch-barrier-2	3.242613
20261008-044702-3c2153c-55a5-n16-r11	11	c100	phase			batch-barrier-2.start_s	175.323961
20261008-044702-3c2153c-55a5-n16-r11	11	c100	phase			barrier	0.458231
20261008-044702-3c2153c-55a5-n16-r11	11	c100	phase			barrier.start_s	185.258971
20261008-044702-3c2153c-55a5-n16-r11	11	c100	sample	3	3-SRR5935740	mode	striped
20261008-044702-3c2153c-55a5-n16-r11	11	c100	sample	3	3-SRR5935740	s3client	sdk
20261008-044702-3c2153c-55a5-n16-r11	11	c100	sample	3	3-SRR5935740	rank	11
20261008-044702-3c2153c-55a5-n16-r11	11	c100	sample	3	3-SRR5935740	role	peer
20261008-044702-3c2153c-55a5-n16-r11	11	c100	sample	3	3-SRR5935740	inflight	1
20261008-044702-3c2153c-55a5-n16-r11	11	c100	sample	3	3-SRR5935740	threads	16
20261008-044702-3c2153c-55a5-n16-r11	11	c100	sample	3	3-SRR5935740	start_s	179.640118
20261008-044702-3c2153c-55a5-n16-r11	11	c100	sample	3	3-SRR5935740	wall_s	6.077131
20261008-044702-3c2153c-55a5-n16-r11	11	c100	sample	3	3-SRR5935740	setup_s	0.000044
20261008-044702-3c2153c-55a5-n16-r11	11	c100	sample	3	3-SRR5935740	classify_s	5.614461
20261008-044702-3c2153c-55a5-n16-r11	11	c100	sample	3	3-SRR5935740	close_s	0.000000
20261008-044702-3c2153c-55a5-n16-r11	11	c100	sample	3	3-SRR5935740	report_s	0.000000
20261008-044702-3c2153c-55a5-n16-r11	11	c100	sample	3	3-SRR5935740	status	0
20261008-044702-3c2153c-55a5-n16-r11	11	c100	sample	3	3-SRR5935740	sequences	0
20261008-044702-3c2153c-55a5-n16-r11	11	c100	sample	3	3-SRR5935740	bases	0
20261008-044702-3c2153c-55a5-n16-r11	11	c100	sample	3	3-SRR5935740	classified	0
20261008-044702-3c2153c-55a5-n16-r11	11	c100	sample	3	3-SRR5935740	place	-
20261008-044702-3c2153c-55a5-n16-r11	11	c100	sample	3	3-SRR5935740	weight	-
20261008-044702-3c2153c-55a5-n16-r11	11	c100	phase			batch-barrier-3	0.506810
20261008-044702-3c2153c-55a5-n16-r11	11	c100	phase			batch-barrier-3.start_s	185.717258
20261008-044702-3c2153c-55a5-n16-r11	11	c100	phase			barrier	0.155944
20261008-044702-3c2153c-55a5-n16-r11	11	c100	phase			barrier.start_s	192.634147
20261008-044702-3c2153c-55a5-n16-r11	11	c100	sample	4	4-SRR5935740	mode	striped
20261008-044702-3c2153c-55a5-n16-r11	11	c100	sample	4	4-SRR5935740	s3client	sdk
20261008-044702-3c2153c-55a5-n16-r11	11	c100	sample	4	4-SRR5935740	rank	11
20261008-044702-3c2153c-55a5-n16-r11	11	c100	sample	4	4-SRR5935740	role	peer
20261008-044702-3c2153c-55a5-n16-r11	11	c100	sample	4	4-SRR5935740	inflight	1
20261008-044702-3c2153c-55a5-n16-r11	11	c100	sample	4	4-SRR5935740	threads	16
20261008-044702-3c2153c-55a5-n16-r11	11	c100	sample	4	4-SRR5935740	start_s	187.020510
20261008-044702-3c2153c-55a5-n16-r11	11	c100	sample	4	4-SRR5935740	wall_s	5.769621
20261008-044702-3c2153c-55a5-n16-r11	11	c100	sample	4	4-SRR5935740	setup_s	0.000048
20261008-044702-3c2153c-55a5-n16-r11	11	c100	sample	4	4-SRR5935740	classify_s	5.609132
20261008-044702-3c2153c-55a5-n16-r11	11	c100	sample	4	4-SRR5935740	close_s	0.000000
20261008-044702-3c2153c-55a5-n16-r11	11	c100	sample	4	4-SRR5935740	report_s	0.000000
20261008-044702-3c2153c-55a5-n16-r11	11	c100	sample	4	4-SRR5935740	status	0
20261008-044702-3c2153c-55a5-n16-r11	11	c100	sample	4	4-SRR5935740	sequences	0
20261008-044702-3c2153c-55a5-n16-r11	11	c100	sample	4	4-SRR5935740	bases	0
20261008-044702-3c2153c-55a5-n16-r11	11	c100	sample	4	4-SRR5935740	classified	0
20261008-044702-3c2153c-55a5-n16-r11	11	c100	sample	4	4-SRR5935740	place	-
20261008-044702-3c2153c-55a5-n16-r11	11	c100	sample	4	4-SRR5935740	weight	-
20261008-044702-3c2153c-55a5-n16-r11	11	c100	phase			batch-barrier-4	0.493592
20261008-044702-3c2153c-55a5-n16-r11	11	c100	phase			batch-barrier-4.start_s	192.790160
20261008-044702-3c2153c-55a5-n16-r11	11	c100	phase			barrier	0.164091
20261008-044702-3c2153c-55a5-n16-r11	11	c100	phase			barrier.start_s	199.728278
20261008-044702-3c2153c-55a5-n16-r11	11	c100	sample	5	5-SRR5935740	mode	striped
20261008-044702-3c2153c-55a5-n16-r11	11	c100	sample	5	5-SRR5935740	s3client	sdk
20261008-044702-3c2153c-55a5-n16-r11	11	c100	sample	5	5-SRR5935740	rank	11
20261008-044702-3c2153c-55a5-n16-r11	11	c100	sample	5	5-SRR5935740	role	peer
20261008-044702-3c2153c-55a5-n16-r11	11	c100	sample	5	5-SRR5935740	inflight	1
20261008-044702-3c2153c-55a5-n16-r11	11	c100	sample	5	5-SRR5935740	threads	16
20261008-044702-3c2153c-55a5-n16-r11	11	c100	sample	5	5-SRR5935740	start_s	194.113863
20261008-044702-3c2153c-55a5-n16-r11	11	c100	sample	5	5-SRR5935740	wall_s	5.778557
20261008-044702-3c2153c-55a5-n16-r11	11	c100	sample	5	5-SRR5935740	setup_s	0.000046
20261008-044702-3c2153c-55a5-n16-r11	11	c100	sample	5	5-SRR5935740	classify_s	5.610286
20261008-044702-3c2153c-55a5-n16-r11	11	c100	sample	5	5-SRR5935740	close_s	0.000000
20261008-044702-3c2153c-55a5-n16-r11	11	c100	sample	5	5-SRR5935740	report_s	0.000000
20261008-044702-3c2153c-55a5-n16-r11	11	c100	sample	5	5-SRR5935740	status	0
20261008-044702-3c2153c-55a5-n16-r11	11	c100	sample	5	5-SRR5935740	sequences	0
20261008-044702-3c2153c-55a5-n16-r11	11	c100	sample	5	5-SRR5935740	bases	0
20261008-044702-3c2153c-55a5-n16-r11	11	c100	sample	5	5-SRR5935740	classified	0
20261008-044702-3c2153c-55a5-n16-r11	11	c100	sample	5	5-SRR5935740	place	-
20261008-044702-3c2153c-55a5-n16-r11	11	c100	sample	5	5-SRR5935740	weight	-
20261008-044702-3c2153c-55a5-n16-r11	11	c100	phase			batch-barrier-5	0.855630
20261008-044702-3c2153c-55a5-n16-r11	11	c100	phase			batch-barrier-5.start_s	199.892432
20261008-044702-3c2153c-55a5-n16-r11	11	c100	phase			batch-barrier-6	7.123102
20261008-044702-3c2153c-55a5-n16-r11	11	c100	phase			batch-barrier-6.start_s	200.748082
20261008-044702-3c2153c-55a5-n16-r11	11	c100	phase			batch-barrier-7	7.123134
20261008-044702-3c2153c-55a5-n16-r11	11	c100	phase			batch-barrier-7.start_s	207.871203
20261008-044702-3c2153c-55a5-n16-r11	11	c100	phase			batch-barrier-8	7.218232
20261008-044702-3c2153c-55a5-n16-r11	11	c100	phase			batch-barrier-8.start_s	214.994359
20261008-044702-3c2153c-55a5-n16-r11	11	c100	engine.shard			index	0
20261008-044702-3c2153c-55a5-n16-r11	11	c100	engine.shard			n	16
20261008-044702-3c2153c-55a5-n16-r11	11	c100	engine.shard			lo	204375131085
20261008-044702-3c2153c-55a5-n16-r11	11	c100	engine.shard			hi	222954688456
20261008-044702-3c2153c-55a5-n16-r11	11	c100	engine.shard			tail	302
20261008-044702-3c2153c-55a5-n16-r11	11	c100	engine.shard			full	false
20261008-044702-3c2153c-55a5-n16-r11	11	c100	engine.shard			empty_at	18579557371
20261008-044702-3c2153c-55a5-n16-r11	11	c100	engine.shard			keys	8467632093
20261008-044702-3c2153c-55a5-n16-r11	11	c100	engine.shard			batches	89910
20261008-044702-3c2153c-55a5-n16-r11	11	c100	engine.shard			probe_s	203.374666
20261008-044702-3c2153c-55a5-n16-r11	11	c100	engine.shard			tail_probes	0
20261008-044702-3c2153c-55a5-n16-r11	11	c100	engine.shard			wrap_probes	0
20261008-044702-3c2153c-55a5-n16-r11	11	c100	engine.rendezvous			puts	13
20261008-044702-3c2153c-55a5-n16-r11	11	c100	engine.rendezvous			gets	517
20261008-044702-3c2153c-55a5-n16-r11	11	c100	engine.s3			client	sdk
20261008-044702-3c2153c-55a5-n16-r11	11	c100	engine.s3			put	31
20261008-044702-3c2153c-55a5-n16-r11	11	c100	engine.s3			get	517
20261008-044702-3c2153c-55a5-n16-r11	11	c100	engine.s3			create_multipart	18
20261008-044702-3c2153c-55a5-n16-r11	11	c100	engine.s3			upload_part	2088
20261008-044702-3c2153c-55a5-n16-r11	11	c100	engine.s3			complete_multipart	18
20261008-044702-3c2153c-55a5-n16-r11	11	c100	engine.s3			abort_multipart	0
20261008-044702-3c2153c-55a5-n16-r11	11	c100	engine.s3			part_bytes	17458072545
20261008-044702-3c2153c-55a5-n16-r11	11	c100	engine.s3			client	cli
20261008-044702-3c2153c-55a5-n16-r11	11	c100	engine.s3			put	0
20261008-044702-3c2153c-55a5-n16-r11	11	c100	engine.s3			get	0
20261008-044702-3c2153c-55a5-n16-r11	11	c100	engine.s3			create_multipart	0
20261008-044702-3c2153c-55a5-n16-r11	11	c100	engine.s3			upload_part	0
20261008-044702-3c2153c-55a5-n16-r11	11	c100	engine.s3			complete_multipart	0
20261008-044702-3c2153c-55a5-n16-r11	11	c100	engine.s3			abort_multipart	0
20261008-044702-3c2153c-55a5-n16-r11	11	c100	engine.s3			part_bytes	0
20261008-044702-3c2153c-55a5-n16-r11	11	c100	engine.load			seconds	41.567330
20261008-044702-3c2153c-55a5-n16-r11	11	c100	engine.load			requests	1126
20261008-044702-3c2153c-55a5-n16-r11	11	c100	engine.load			retries	0
20261008-044702-3c2153c-55a5-n16-r11	11	c100	engine.load			bytes	74318296292
20261008-044702-3c2153c-55a5-n16-r11	11	c100	engine.route			transport	nodes
20261008-044702-3c2153c-55a5-n16-r11	11	c100	engine.route			calls	5206
20261008-044702-3c2153c-55a5-n16-r11	11	c100	engine.route			keys	7865017556
20261008-044702-3c2153c-55a5-n16-r11	11	c100	engine.route			batches	83296
20261008-044702-3c2153c-55a5-n16-r11	11	c100	engine.route			route_s	94.181084
20261008-044702-3c2153c-55a5-n16-r11	11	c100	engine.route			wait_s	333.494386
20261008-044702-3c2153c-55a5-n16-r11	11	c100	engine.route			gather_s	17.876385
20261008-044702-3c2153c-55a5-n16-r11	11	c100	engine.worker			scan_s	704.523933
20261008-044702-3c2153c-55a5-n16-r11	11	c100	engine.worker			lookup_s	445.558078
20261008-044702-3c2153c-55a5-n16-r11	11	c100	engine.worker			classify_s	603.338140
20261008-044702-3c2153c-55a5-n16-r11	11	c100	phase			total	222.340911
20261008-044702-3c2153c-55a5-n16-r11	11	c100	phase			total.start_s	0.000001
20261008-044702-3c2153c-55a5-n16-r12	12	c100	phase			taxo	0.093691
20261008-044702-3c2153c-55a5-n16-r12	12	c100	phase			taxo.start_s	0.002777
20261008-044702-3c2153c-55a5-n16-r12	12	c100	phase			shard-load-12	41.504186
20261008-044702-3c2153c-55a5-n16-r12	12	c100	phase			shard-load-12.start_s	0.176837
20261008-044702-3c2153c-55a5-n16-r12	12	c100	phase			rendezvous	12.460411
20261008-044702-3c2153c-55a5-n16-r12	12	c100	phase			rendezvous.start_s	42.139381
20261008-044702-3c2153c-55a5-n16-r12	12	c100	phase			connect	0.064196
20261008-044702-3c2153c-55a5-n16-r12	12	c100	phase			connect.start_s	54.599807
20261008-044702-3c2153c-55a5-n16-r12	12	c100	phase			hash	54.567531
20261008-044702-3c2153c-55a5-n16-r12	12	c100	phase			hash.start_s	0.096493
20261008-044702-3c2153c-55a5-n16-r12	12	c100	sample	0	0-SRR5935759	mode	parallel
20261008-044702-3c2153c-55a5-n16-r12	12	c100	sample	0	0-SRR5935759	s3client	sdk
20261008-044702-3c2153c-55a5-n16-r12	12	c100	sample	0	0-SRR5935759	rank	12
20261008-044702-3c2153c-55a5-n16-r12	12	c100	sample	0	0-SRR5935759	role	home
20261008-044702-3c2153c-55a5-n16-r12	12	c100	sample	0	0-SRR5935759	inflight	2
20261008-044702-3c2153c-55a5-n16-r12	12	c100	sample	0	0-SRR5935759	threads	16
20261008-044702-3c2153c-55a5-n16-r12	12	c100	sample	0	0-SRR5935759	start_s	54.664060
20261008-044702-3c2153c-55a5-n16-r12	12	c100	sample	0	0-SRR5935759	wall_s	15.362396
20261008-044702-3c2153c-55a5-n16-r12	12	c100	sample	0	0-SRR5935759	setup_s	0.000045
20261008-044702-3c2153c-55a5-n16-r12	12	c100	sample	0	0-SRR5935759	classify_s	14.899837
20261008-044702-3c2153c-55a5-n16-r12	12	c100	sample	0	0-SRR5935759	close_s	0.288665
20261008-044702-3c2153c-55a5-n16-r12	12	c100	sample	0	0-SRR5935759	report_s	0.161293
20261008-044702-3c2153c-55a5-n16-r12	12	c100	sample	0	0-SRR5935759	status	0
20261008-044702-3c2153c-55a5-n16-r12	12	c100	sample	0	0-SRR5935759	sequences	15312868
20261008-044702-3c2153c-55a5-n16-r12	12	c100	sample	0	0-SRR5935759	bases	2847175138
20261008-044702-3c2153c-55a5-n16-r12	12	c100	sample	0	0-SRR5935759	classified	13152387
20261008-044702-3c2153c-55a5-n16-r12	12	c100	sample	0	0-SRR5935759	place	lpt
20261008-044702-3c2153c-55a5-n16-r12	12	c100	sample	0	0-SRR5935759	weight	15312868
20261008-044702-3c2153c-55a5-n16-r12	12	c100	sample	0	0-SRR5935757	mode	parallel
20261008-044702-3c2153c-55a5-n16-r12	12	c100	sample	0	0-SRR5935757	s3client	sdk
20261008-044702-3c2153c-55a5-n16-r12	12	c100	sample	0	0-SRR5935757	rank	12
20261008-044702-3c2153c-55a5-n16-r12	12	c100	sample	0	0-SRR5935757	role	home
20261008-044702-3c2153c-55a5-n16-r12	12	c100	sample	0	0-SRR5935757	inflight	2
20261008-044702-3c2153c-55a5-n16-r12	12	c100	sample	0	0-SRR5935757	threads	16
20261008-044702-3c2153c-55a5-n16-r12	12	c100	sample	0	0-SRR5935757	start_s	54.664064
20261008-044702-3c2153c-55a5-n16-r12	12	c100	sample	0	0-SRR5935757	wall_s	16.872250
20261008-044702-3c2153c-55a5-n16-r12	12	c100	sample	0	0-SRR5935757	setup_s	0.000041
20261008-044702-3c2153c-55a5-n16-r12	12	c100	sample	0	0-SRR5935757	classify_s	16.262725
20261008-044702-3c2153c-55a5-n16-r12	12	c100	sample	0	0-SRR5935757	close_s	0.421269
20261008-044702-3c2153c-55a5-n16-r12	12	c100	sample	0	0-SRR5935757	report_s	0.172771
20261008-044702-3c2153c-55a5-n16-r12	12	c100	sample	0	0-SRR5935757	status	0
20261008-044702-3c2153c-55a5-n16-r12	12	c100	sample	0	0-SRR5935757	sequences	16286650
20261008-044702-3c2153c-55a5-n16-r12	12	c100	sample	0	0-SRR5935757	bases	3018354004
20261008-044702-3c2153c-55a5-n16-r12	12	c100	sample	0	0-SRR5935757	classified	15278935
20261008-044702-3c2153c-55a5-n16-r12	12	c100	sample	0	0-SRR5935757	place	lpt
20261008-044702-3c2153c-55a5-n16-r12	12	c100	sample	0	0-SRR5935757	weight	16286650
20261008-044702-3c2153c-55a5-n16-r12	12	c100	sample	0	0-SRR5935765	mode	parallel
20261008-044702-3c2153c-55a5-n16-r12	12	c100	sample	0	0-SRR5935765	s3client	sdk
20261008-044702-3c2153c-55a5-n16-r12	12	c100	sample	0	0-SRR5935765	rank	12
20261008-044702-3c2153c-55a5-n16-r12	12	c100	sample	0	0-SRR5935765	role	home
20261008-044702-3c2153c-55a5-n16-r12	12	c100	sample	0	0-SRR5935765	inflight	2
20261008-044702-3c2153c-55a5-n16-r12	12	c100	sample	0	0-SRR5935765	threads	16
20261008-044702-3c2153c-55a5-n16-r12	12	c100	sample	0	0-SRR5935765	start_s	71.536852
20261008-044702-3c2153c-55a5-n16-r12	12	c100	sample	0	0-SRR5935765	wall_s	10.990547
20261008-044702-3c2153c-55a5-n16-r12	12	c100	sample	0	0-SRR5935765	setup_s	0.000057
20261008-044702-3c2153c-55a5-n16-r12	12	c100	sample	0	0-SRR5935765	classify_s	10.641139
20261008-044702-3c2153c-55a5-n16-r12	12	c100	sample	0	0-SRR5935765	close_s	0.211529
20261008-044702-3c2153c-55a5-n16-r12	12	c100	sample	0	0-SRR5935765	report_s	0.131635
20261008-044702-3c2153c-55a5-n16-r12	12	c100	sample	0	0-SRR5935765	status	0
20261008-044702-3c2153c-55a5-n16-r12	12	c100	sample	0	0-SRR5935765	sequences	10590116
20261008-044702-3c2153c-55a5-n16-r12	12	c100	sample	0	0-SRR5935765	bases	1935908855
20261008-044702-3c2153c-55a5-n16-r12	12	c100	sample	0	0-SRR5935765	classified	10426493
20261008-044702-3c2153c-55a5-n16-r12	12	c100	sample	0	0-SRR5935765	place	lpt
20261008-044702-3c2153c-55a5-n16-r12	12	c100	sample	0	0-SRR5935765	weight	10590116
20261008-044702-3c2153c-55a5-n16-r12	12	c100	sample	0	0-SRR5935785	mode	parallel
20261008-044702-3c2153c-55a5-n16-r12	12	c100	sample	0	0-SRR5935785	s3client	sdk
20261008-044702-3c2153c-55a5-n16-r12	12	c100	sample	0	0-SRR5935785	rank	12
20261008-044702-3c2153c-55a5-n16-r12	12	c100	sample	0	0-SRR5935785	role	home
20261008-044702-3c2153c-55a5-n16-r12	12	c100	sample	0	0-SRR5935785	inflight	2
20261008-044702-3c2153c-55a5-n16-r12	12	c100	sample	0	0-SRR5935785	threads	16
20261008-044702-3c2153c-55a5-n16-r12	12	c100	sample	0	0-SRR5935785	start_s	70.026483
20261008-044702-3c2153c-55a5-n16-r12	12	c100	sample	0	0-SRR5935785	wall_s	12.891433
20261008-044702-3c2153c-55a5-n16-r12	12	c100	sample	0	0-SRR5935785	setup_s	0.000073
20261008-044702-3c2153c-55a5-n16-r12	12	c100	sample	0	0-SRR5935785	classify_s	12.437628
20261008-044702-3c2153c-55a5-n16-r12	12	c100	sample	0	0-SRR5935785	close_s	0.234736
20261008-044702-3c2153c-55a5-n16-r12	12	c100	sample	0	0-SRR5935785	report_s	0.204534
20261008-044702-3c2153c-55a5-n16-r12	12	c100	sample	0	0-SRR5935785	status	0
20261008-044702-3c2153c-55a5-n16-r12	12	c100	sample	0	0-SRR5935785	sequences	13817496
20261008-044702-3c2153c-55a5-n16-r12	12	c100	sample	0	0-SRR5935785	bases	2535866229
20261008-044702-3c2153c-55a5-n16-r12	12	c100	sample	0	0-SRR5935785	classified	12277050
20261008-044702-3c2153c-55a5-n16-r12	12	c100	sample	0	0-SRR5935785	place	lpt
20261008-044702-3c2153c-55a5-n16-r12	12	c100	sample	0	0-SRR5935785	weight	13817496
20261008-044702-3c2153c-55a5-n16-r12	12	c100	sample	0	0-SRR5935793	mode	parallel
20261008-044702-3c2153c-55a5-n16-r12	12	c100	sample	0	0-SRR5935793	s3client	sdk
20261008-044702-3c2153c-55a5-n16-r12	12	c100	sample	0	0-SRR5935793	rank	12
20261008-044702-3c2153c-55a5-n16-r12	12	c100	sample	0	0-SRR5935793	role	home
20261008-044702-3c2153c-55a5-n16-r12	12	c100	sample	0	0-SRR5935793	inflight	2
20261008-044702-3c2153c-55a5-n16-r12	12	c100	sample	0	0-SRR5935793	threads	16
20261008-044702-3c2153c-55a5-n16-r12	12	c100	sample	0	0-SRR5935793	start_s	82.917943
20261008-044702-3c2153c-55a5-n16-r12	12	c100	sample	0	0-SRR5935793	wall_s	2.678564
20261008-044702-3c2153c-55a5-n16-r12	12	c100	sample	0	0-SRR5935793	setup_s	0.000083
20261008-044702-3c2153c-55a5-n16-r12	12	c100	sample	0	0-SRR5935793	classify_s	2.131451
20261008-044702-3c2153c-55a5-n16-r12	12	c100	sample	0	0-SRR5935793	close_s	0.316834
20261008-044702-3c2153c-55a5-n16-r12	12	c100	sample	0	0-SRR5935793	report_s	0.222332
20261008-044702-3c2153c-55a5-n16-r12	12	c100	sample	0	0-SRR5935793	status	0
20261008-044702-3c2153c-55a5-n16-r12	12	c100	sample	0	0-SRR5935793	sequences	1771479
20261008-044702-3c2153c-55a5-n16-r12	12	c100	sample	0	0-SRR5935793	bases	333187068
20261008-044702-3c2153c-55a5-n16-r12	12	c100	sample	0	0-SRR5935793	classified	1476454
20261008-044702-3c2153c-55a5-n16-r12	12	c100	sample	0	0-SRR5935793	place	lpt
20261008-044702-3c2153c-55a5-n16-r12	12	c100	sample	0	0-SRR5935793	weight	1771479
20261008-044702-3c2153c-55a5-n16-r12	12	c100	sample	0	0-SRR5935821	mode	parallel
20261008-044702-3c2153c-55a5-n16-r12	12	c100	sample	0	0-SRR5935821	s3client	sdk
20261008-044702-3c2153c-55a5-n16-r12	12	c100	sample	0	0-SRR5935821	rank	12
20261008-044702-3c2153c-55a5-n16-r12	12	c100	sample	0	0-SRR5935821	role	home
20261008-044702-3c2153c-55a5-n16-r12	12	c100	sample	0	0-SRR5935821	inflight	2
20261008-044702-3c2153c-55a5-n16-r12	12	c100	sample	0	0-SRR5935821	threads	16
20261008-044702-3c2153c-55a5-n16-r12	12	c100	sample	0	0-SRR5935821	start_s	85.596571
20261008-044702-3c2153c-55a5-n16-r12	12	c100	sample	0	0-SRR5935821	wall_s	1.052771
20261008-044702-3c2153c-55a5-n16-r12	12	c100	sample	0	0-SRR5935821	setup_s	0.000052
20261008-044702-3c2153c-55a5-n16-r12	12	c100	sample	0	0-SRR5935821	classify_s	0.631482
20261008-044702-3c2153c-55a5-n16-r12	12	c100	sample	0	0-SRR5935821	close_s	0.322529
20261008-044702-3c2153c-55a5-n16-r12	12	c100	sample	0	0-SRR5935821	report_s	0.097618
20261008-044702-3c2153c-55a5-n16-r12	12	c100	sample	0	0-SRR5935821	status	0
20261008-044702-3c2153c-55a5-n16-r12	12	c100	sample	0	0-SRR5935821	sequences	297656
20261008-044702-3c2153c-55a5-n16-r12	12	c100	sample	0	0-SRR5935821	bases	54176352
20261008-044702-3c2153c-55a5-n16-r12	12	c100	sample	0	0-SRR5935821	classified	290837
20261008-044702-3c2153c-55a5-n16-r12	12	c100	sample	0	0-SRR5935821	place	lpt
20261008-044702-3c2153c-55a5-n16-r12	12	c100	sample	0	0-SRR5935821	weight	297656
20261008-044702-3c2153c-55a5-n16-r12	12	c100	sample	0	0-SRR5935811	mode	parallel
20261008-044702-3c2153c-55a5-n16-r12	12	c100	sample	0	0-SRR5935811	s3client	sdk
20261008-044702-3c2153c-55a5-n16-r12	12	c100	sample	0	0-SRR5935811	rank	12
20261008-044702-3c2153c-55a5-n16-r12	12	c100	sample	0	0-SRR5935811	role	home
20261008-044702-3c2153c-55a5-n16-r12	12	c100	sample	0	0-SRR5935811	inflight	2
20261008-044702-3c2153c-55a5-n16-r12	12	c100	sample	0	0-SRR5935811	threads	16
20261008-044702-3c2153c-55a5-n16-r12	12	c100	sample	0	0-SRR5935811	start_s	82.527424
20261008-044702-3c2153c-55a5-n16-r12	12	c100	sample	0	0-SRR5935811	wall_s	7.305618
20261008-044702-3c2153c-55a5-n16-r12	12	c100	sample	0	0-SRR5935811	setup_s	0.000056
20261008-044702-3c2153c-55a5-n16-r12	12	c100	sample	0	0-SRR5935811	classify_s	6.927343
20261008-044702-3c2153c-55a5-n16-r12	12	c100	sample	0	0-SRR5935811	close_s	0.257559
20261008-044702-3c2153c-55a5-n16-r12	12	c100	sample	0	0-SRR5935811	report_s	0.114543
20261008-044702-3c2153c-55a5-n16-r12	12	c100	sample	0	0-SRR5935811	status	0
20261008-044702-3c2153c-55a5-n16-r12	12	c100	sample	0	0-SRR5935811	sequences	10067025
20261008-044702-3c2153c-55a5-n16-r12	12	c100	sample	0	0-SRR5935811	bases	1870494351
20261008-044702-3c2153c-55a5-n16-r12	12	c100	sample	0	0-SRR5935811	classified	9884918
20261008-044702-3c2153c-55a5-n16-r12	12	c100	sample	0	0-SRR5935811	place	lpt
20261008-044702-3c2153c-55a5-n16-r12	12	c100	sample	0	0-SRR5935811	weight	10067025
20261008-044702-3c2153c-55a5-n16-r12	12	c100	phase			batch-barrier-0	5.691543
20261008-044702-3c2153c-55a5-n16-r12	12	c100	phase			batch-barrier-0.start_s	89.833064
20261008-044702-3c2153c-55a5-n16-r12	12	c100	sample	1	1-SRR5935752	mode	parallel
20261008-044702-3c2153c-55a5-n16-r12	12	c100	sample	1	1-SRR5935752	s3client	sdk
20261008-044702-3c2153c-55a5-n16-r12	12	c100	sample	1	1-SRR5935752	rank	12
20261008-044702-3c2153c-55a5-n16-r12	12	c100	sample	1	1-SRR5935752	role	home
20261008-044702-3c2153c-55a5-n16-r12	12	c100	sample	1	1-SRR5935752	inflight	2
20261008-044702-3c2153c-55a5-n16-r12	12	c100	sample	1	1-SRR5935752	threads	16
20261008-044702-3c2153c-55a5-n16-r12	12	c100	sample	1	1-SRR5935752	start_s	95.524647
20261008-044702-3c2153c-55a5-n16-r12	12	c100	sample	1	1-SRR5935752	wall_s	14.654968
20261008-044702-3c2153c-55a5-n16-r12	12	c100	sample	1	1-SRR5935752	setup_s	0.000045
20261008-044702-3c2153c-55a5-n16-r12	12	c100	sample	1	1-SRR5935752	classify_s	14.253885
20261008-044702-3c2153c-55a5-n16-r12	12	c100	sample	1	1-SRR5935752	close_s	0.239493
20261008-044702-3c2153c-55a5-n16-r12	12	c100	sample	1	1-SRR5935752	report_s	0.157391
20261008-044702-3c2153c-55a5-n16-r12	12	c100	sample	1	1-SRR5935752	status	0
20261008-044702-3c2153c-55a5-n16-r12	12	c100	sample	1	1-SRR5935752	sequences	14298074
20261008-044702-3c2153c-55a5-n16-r12	12	c100	sample	1	1-SRR5935752	bases	2663280360
20261008-044702-3c2153c-55a5-n16-r12	12	c100	sample	1	1-SRR5935752	classified	14234512
20261008-044702-3c2153c-55a5-n16-r12	12	c100	sample	1	1-SRR5935752	place	mod
20261008-044702-3c2153c-55a5-n16-r12	12	c100	sample	1	1-SRR5935752	weight	14298074
20261008-044702-3c2153c-55a5-n16-r12	12	c100	sample	1	1-SRR5935768	mode	parallel
20261008-044702-3c2153c-55a5-n16-r12	12	c100	sample	1	1-SRR5935768	s3client	sdk
20261008-044702-3c2153c-55a5-n16-r12	12	c100	sample	1	1-SRR5935768	rank	12
20261008-044702-3c2153c-55a5-n16-r12	12	c100	sample	1	1-SRR5935768	role	home
20261008-044702-3c2153c-55a5-n16-r12	12	c100	sample	1	1-SRR5935768	inflight	2
20261008-044702-3c2153c-55a5-n16-r12	12	c100	sample	1	1-SRR5935768	threads	16
20261008-044702-3c2153c-55a5-n16-r12	12	c100	sample	1	1-SRR5935768	start_s	95.524636
20261008-044702-3c2153c-55a5-n16-r12	12	c100	sample	1	1-SRR5935768	wall_s	15.901366
20261008-044702-3c2153c-55a5-n16-r12	12	c100	sample	1	1-SRR5935768	setup_s	0.000072
20261008-044702-3c2153c-55a5-n16-r12	12	c100	sample	1	1-SRR5935768	classify_s	15.412187
20261008-044702-3c2153c-55a5-n16-r12	12	c100	sample	1	1-SRR5935768	close_s	0.293478
20261008-044702-3c2153c-55a5-n16-r12	12	c100	sample	1	1-SRR5935768	report_s	0.167981
20261008-044702-3c2153c-55a5-n16-r12	12	c100	sample	1	1-SRR5935768	status	0
20261008-044702-3c2153c-55a5-n16-r12	12	c100	sample	1	1-SRR5935768	sequences	15746753
20261008-044702-3c2153c-55a5-n16-r12	12	c100	sample	1	1-SRR5935768	bases	2888337209
20261008-044702-3c2153c-55a5-n16-r12	12	c100	sample	1	1-SRR5935768	classified	14105631
20261008-044702-3c2153c-55a5-n16-r12	12	c100	sample	1	1-SRR5935768	place	mod
20261008-044702-3c2153c-55a5-n16-r12	12	c100	sample	1	1-SRR5935768	weight	15746753
20261008-044702-3c2153c-55a5-n16-r12	12	c100	sample	1	1-SRR5935784	mode	parallel
20261008-044702-3c2153c-55a5-n16-r12	12	c100	sample	1	1-SRR5935784	s3client	sdk
20261008-044702-3c2153c-55a5-n16-r12	12	c100	sample	1	1-SRR5935784	rank	12
20261008-044702-3c2153c-55a5-n16-r12	12	c100	sample	1	1-SRR5935784	role	home
20261008-044702-3c2153c-55a5-n16-r12	12	c100	sample	1	1-SRR5935784	inflight	2
20261008-044702-3c2153c-55a5-n16-r12	12	c100	sample	1	1-SRR5935784	threads	16
20261008-044702-3c2153c-55a5-n16-r12	12	c100	sample	1	1-SRR5935784	start_s	110.179834
20261008-044702-3c2153c-55a5-n16-r12	12	c100	sample	1	1-SRR5935784	wall_s	14.954018
20261008-044702-3c2153c-55a5-n16-r12	12	c100	sample	1	1-SRR5935784	setup_s	0.000067
20261008-044702-3c2153c-55a5-n16-r12	12	c100	sample	1	1-SRR5935784	classify_s	14.580148
20261008-044702-3c2153c-55a5-n16-r12	12	c100	sample	1	1-SRR5935784	close_s	0.227550
20261008-044702-3c2153c-55a5-n16-r12	12	c100	sample	1	1-SRR5935784	report_s	0.137455
20261008-044702-3c2153c-55a5-n16-r12	12	c100	sample	1	1-SRR5935784	status	0
20261008-044702-3c2153c-55a5-n16-r12	12	c100	sample	1	1-SRR5935784	sequences	14800056
20261008-044702-3c2153c-55a5-n16-r12	12	c100	sample	1	1-SRR5935784	bases	2772790740
20261008-044702-3c2153c-55a5-n16-r12	12	c100	sample	1	1-SRR5935784	classified	14536791
20261008-044702-3c2153c-55a5-n16-r12	12	c100	sample	1	1-SRR5935784	place	mod
20261008-044702-3c2153c-55a5-n16-r12	12	c100	sample	1	1-SRR5935784	weight	14800056
20261008-044702-3c2153c-55a5-n16-r12	12	c100	sample	1	1-SRR5935800	mode	parallel
20261008-044702-3c2153c-55a5-n16-r12	12	c100	sample	1	1-SRR5935800	s3client	sdk
20261008-044702-3c2153c-55a5-n16-r12	12	c100	sample	1	1-SRR5935800	rank	12
20261008-044702-3c2153c-55a5-n16-r12	12	c100	sample	1	1-SRR5935800	role	home
20261008-044702-3c2153c-55a5-n16-r12	12	c100	sample	1	1-SRR5935800	inflight	2
20261008-044702-3c2153c-55a5-n16-r12	12	c100	sample	1	1-SRR5935800	threads	16
20261008-044702-3c2153c-55a5-n16-r12	12	c100	sample	1	1-SRR5935800	start_s	111.426184
20261008-044702-3c2153c-55a5-n16-r12	12	c100	sample	1	1-SRR5935800	wall_s	15.046481
20261008-044702-3c2153c-55a5-n16-r12	12	c100	sample	1	1-SRR5935800	setup_s	0.000062
20261008-044702-3c2153c-55a5-n16-r12	12	c100	sample	1	1-SRR5935800	classify_s	14.585912
20261008-044702-3c2153c-55a5-n16-r12	12	c100	sample	1	1-SRR5935800	close_s	0.291442
20261008-044702-3c2153c-55a5-n16-r12	12	c100	sample	1	1-SRR5935800	report_s	0.127885
20261008-044702-3c2153c-55a5-n16-r12	12	c100	sample	1	1-SRR5935800	status	0
20261008-044702-3c2153c-55a5-n16-r12	12	c100	sample	1	1-SRR5935800	sequences	15080696
20261008-044702-3c2153c-55a5-n16-r12	12	c100	sample	1	1-SRR5935800	bases	2770846238
20261008-044702-3c2153c-55a5-n16-r12	12	c100	sample	1	1-SRR5935800	classified	14478381
20261008-044702-3c2153c-55a5-n16-r12	12	c100	sample	1	1-SRR5935800	place	mod
20261008-044702-3c2153c-55a5-n16-r12	12	c100	sample	1	1-SRR5935800	weight	15080696
20261008-044702-3c2153c-55a5-n16-r12	12	c100	sample	1	1-SRR5935832	mode	parallel
20261008-044702-3c2153c-55a5-n16-r12	12	c100	sample	1	1-SRR5935832	s3client	sdk
20261008-044702-3c2153c-55a5-n16-r12	12	c100	sample	1	1-SRR5935832	rank	12
20261008-044702-3c2153c-55a5-n16-r12	12	c100	sample	1	1-SRR5935832	role	home
20261008-044702-3c2153c-55a5-n16-r12	12	c100	sample	1	1-SRR5935832	inflight	2
20261008-044702-3c2153c-55a5-n16-r12	12	c100	sample	1	1-SRR5935832	threads	16
20261008-044702-3c2153c-55a5-n16-r12	12	c100	sample	1	1-SRR5935832	start_s	126.472688
20261008-044702-3c2153c-55a5-n16-r12	12	c100	sample	1	1-SRR5935832	wall_s	7.195174
20261008-044702-3c2153c-55a5-n16-r12	12	c100	sample	1	1-SRR5935832	setup_s	0.000063
20261008-044702-3c2153c-55a5-n16-r12	12	c100	sample	1	1-SRR5935832	classify_s	6.811539
20261008-044702-3c2153c-55a5-n16-r12	12	c100	sample	1	1-SRR5935832	close_s	0.224265
20261008-044702-3c2153c-55a5-n16-r12	12	c100	sample	1	1-SRR5935832	report_s	0.151437
20261008-044702-3c2153c-55a5-n16-r12	12	c100	sample	1	1-SRR5935832	status	0
20261008-044702-3c2153c-55a5-n16-r12	12	c100	sample	1	1-SRR5935832	sequences	6882441
20261008-044702-3c2153c-55a5-n16-r12	12	c100	sample	1	1-SRR5935832	bases	1244786679
20261008-044702-3c2153c-55a5-n16-r12	12	c100	sample	1	1-SRR5935832	classified	6619730
20261008-044702-3c2153c-55a5-n16-r12	12	c100	sample	1	1-SRR5935832	place	mod
20261008-044702-3c2153c-55a5-n16-r12	12	c100	sample	1	1-SRR5935832	weight	6882441
20261008-044702-3c2153c-55a5-n16-r12	12	c100	sample	1	1-SRR5935816	mode	parallel
20261008-044702-3c2153c-55a5-n16-r12	12	c100	sample	1	1-SRR5935816	s3client	sdk
20261008-044702-3c2153c-55a5-n16-r12	12	c100	sample	1	1-SRR5935816	rank	12
20261008-044702-3c2153c-55a5-n16-r12	12	c100	sample	1	1-SRR5935816	role	home
20261008-044702-3c2153c-55a5-n16-r12	12	c100	sample	1	1-SRR5935816	inflight	2
20261008-044702-3c2153c-55a5-n16-r12	12	c100	sample	1	1-SRR5935816	threads	16
20261008-044702-3c2153c-55a5-n16-r12	12	c100	sample	1	1-SRR5935816	start_s	125.133878
20261008-044702-3c2153c-55a5-n16-r12	12	c100	sample	1	1-SRR5935816	wall_s	10.618309
20261008-044702-3c2153c-55a5-n16-r12	12	c100	sample	1	1-SRR5935816	setup_s	0.000067
20261008-044702-3c2153c-55a5-n16-r12	12	c100	sample	1	1-SRR5935816	classify_s	10.222446
20261008-044702-3c2153c-55a5-n16-r12	12	c100	sample	1	1-SRR5935816	close_s	0.228677
20261008-044702-3c2153c-55a5-n16-r12	12	c100	sample	1	1-SRR5935816	report_s	0.160489
20261008-044702-3c2153c-55a5-n16-r12	12	c100	sample	1	1-SRR5935816	status	0
20261008-044702-3c2153c-55a5-n16-r12	12	c100	sample	1	1-SRR5935816	sequences	12244248
20261008-044702-3c2153c-55a5-n16-r12	12	c100	sample	1	1-SRR5935816	bases	2292238030
20261008-044702-3c2153c-55a5-n16-r12	12	c100	sample	1	1-SRR5935816	classified	11933067
20261008-044702-3c2153c-55a5-n16-r12	12	c100	sample	1	1-SRR5935816	place	mod
20261008-044702-3c2153c-55a5-n16-r12	12	c100	sample	1	1-SRR5935816	weight	12244248
20261008-044702-3c2153c-55a5-n16-r12	12	c100	phase			batch-barrier-1	4.361997
20261008-044702-3c2153c-55a5-n16-r12	12	c100	phase			batch-barrier-1.start_s	135.752208
20261008-044702-3c2153c-55a5-n16-r12	12	c100	sample	2	2-SRR5935759	mode	parallel
20261008-044702-3c2153c-55a5-n16-r12	12	c100	sample	2	2-SRR5935759	s3client	sdk
20261008-044702-3c2153c-55a5-n16-r12	12	c100	sample	2	2-SRR5935759	rank	12
20261008-044702-3c2153c-55a5-n16-r12	12	c100	sample	2	2-SRR5935759	role	home
20261008-044702-3c2153c-55a5-n16-r12	12	c100	sample	2	2-SRR5935759	inflight	2
20261008-044702-3c2153c-55a5-n16-r12	12	c100	sample	2	2-SRR5935759	threads	16
20261008-044702-3c2153c-55a5-n16-r12	12	c100	sample	2	2-SRR5935759	start_s	140.114254
20261008-044702-3c2153c-55a5-n16-r12	12	c100	sample	2	2-SRR5935759	wall_s	15.705439
20261008-044702-3c2153c-55a5-n16-r12	12	c100	sample	2	2-SRR5935759	setup_s	0.000049
20261008-044702-3c2153c-55a5-n16-r12	12	c100	sample	2	2-SRR5935759	classify_s	15.280400
20261008-044702-3c2153c-55a5-n16-r12	12	c100	sample	2	2-SRR5935759	close_s	0.225828
20261008-044702-3c2153c-55a5-n16-r12	12	c100	sample	2	2-SRR5935759	report_s	0.187046
20261008-044702-3c2153c-55a5-n16-r12	12	c100	sample	2	2-SRR5935759	status	0
20261008-044702-3c2153c-55a5-n16-r12	12	c100	sample	2	2-SRR5935759	sequences	15312868
20261008-044702-3c2153c-55a5-n16-r12	12	c100	sample	2	2-SRR5935759	bases	2847175138
20261008-044702-3c2153c-55a5-n16-r12	12	c100	sample	2	2-SRR5935759	classified	13152387
20261008-044702-3c2153c-55a5-n16-r12	12	c100	sample	2	2-SRR5935759	place	lpt
20261008-044702-3c2153c-55a5-n16-r12	12	c100	sample	2	2-SRR5935759	weight	15312868
20261008-044702-3c2153c-55a5-n16-r12	12	c100	sample	2	2-SRR5935757	mode	parallel
20261008-044702-3c2153c-55a5-n16-r12	12	c100	sample	2	2-SRR5935757	s3client	sdk
20261008-044702-3c2153c-55a5-n16-r12	12	c100	sample	2	2-SRR5935757	rank	12
20261008-044702-3c2153c-55a5-n16-r12	12	c100	sample	2	2-SRR5935757	role	home
20261008-044702-3c2153c-55a5-n16-r12	12	c100	sample	2	2-SRR5935757	inflight	2
20261008-044702-3c2153c-55a5-n16-r12	12	c100	sample	2	2-SRR5935757	threads	16
20261008-044702-3c2153c-55a5-n16-r12	12	c100	sample	2	2-SRR5935757	start_s	140.114260
20261008-044702-3c2153c-55a5-n16-r12	12	c100	sample	2	2-SRR5935757	wall_s	16.757815
20261008-044702-3c2153c-55a5-n16-r12	12	c100	sample	2	2-SRR5935757	setup_s	0.000044
20261008-044702-3c2153c-55a5-n16-r12	12	c100	sample	2	2-SRR5935757	classify_s	16.192808
20261008-044702-3c2153c-55a5-n16-r12	12	c100	sample	2	2-SRR5935757	close_s	0.330568
20261008-044702-3c2153c-55a5-n16-r12	12	c100	sample	2	2-SRR5935757	report_s	0.219856
20261008-044702-3c2153c-55a5-n16-r12	12	c100	sample	2	2-SRR5935757	status	0
20261008-044702-3c2153c-55a5-n16-r12	12	c100	sample	2	2-SRR5935757	sequences	16286650
20261008-044702-3c2153c-55a5-n16-r12	12	c100	sample	2	2-SRR5935757	bases	3018354004
20261008-044702-3c2153c-55a5-n16-r12	12	c100	sample	2	2-SRR5935757	classified	15278935
20261008-044702-3c2153c-55a5-n16-r12	12	c100	sample	2	2-SRR5935757	place	lpt
20261008-044702-3c2153c-55a5-n16-r12	12	c100	sample	2	2-SRR5935757	weight	16286650
20261008-044702-3c2153c-55a5-n16-r12	12	c100	sample	2	2-SRR5935765	mode	parallel
20261008-044702-3c2153c-55a5-n16-r12	12	c100	sample	2	2-SRR5935765	s3client	sdk
20261008-044702-3c2153c-55a5-n16-r12	12	c100	sample	2	2-SRR5935765	rank	12
20261008-044702-3c2153c-55a5-n16-r12	12	c100	sample	2	2-SRR5935765	role	home
20261008-044702-3c2153c-55a5-n16-r12	12	c100	sample	2	2-SRR5935765	inflight	2
20261008-044702-3c2153c-55a5-n16-r12	12	c100	sample	2	2-SRR5935765	threads	16
20261008-044702-3c2153c-55a5-n16-r12	12	c100	sample	2	2-SRR5935765	start_s	156.872748
20261008-044702-3c2153c-55a5-n16-r12	12	c100	sample	2	2-SRR5935765	wall_s	11.056541
20261008-044702-3c2153c-55a5-n16-r12	12	c100	sample	2	2-SRR5935765	setup_s	0.000050
20261008-044702-3c2153c-55a5-n16-r12	12	c100	sample	2	2-SRR5935765	classify_s	10.660215
20261008-044702-3c2153c-55a5-n16-r12	12	c100	sample	2	2-SRR5935765	close_s	0.218940
20261008-044702-3c2153c-55a5-n16-r12	12	c100	sample	2	2-SRR5935765	report_s	0.171278
20261008-044702-3c2153c-55a5-n16-r12	12	c100	sample	2	2-SRR5935765	status	0
20261008-044702-3c2153c-55a5-n16-r12	12	c100	sample	2	2-SRR5935765	sequences	10590116
20261008-044702-3c2153c-55a5-n16-r12	12	c100	sample	2	2-SRR5935765	bases	1935908855
20261008-044702-3c2153c-55a5-n16-r12	12	c100	sample	2	2-SRR5935765	classified	10426493
20261008-044702-3c2153c-55a5-n16-r12	12	c100	sample	2	2-SRR5935765	place	lpt
20261008-044702-3c2153c-55a5-n16-r12	12	c100	sample	2	2-SRR5935765	weight	10590116
20261008-044702-3c2153c-55a5-n16-r12	12	c100	sample	2	2-SRR5935785	mode	parallel
20261008-044702-3c2153c-55a5-n16-r12	12	c100	sample	2	2-SRR5935785	s3client	sdk
20261008-044702-3c2153c-55a5-n16-r12	12	c100	sample	2	2-SRR5935785	rank	12
20261008-044702-3c2153c-55a5-n16-r12	12	c100	sample	2	2-SRR5935785	role	home
20261008-044702-3c2153c-55a5-n16-r12	12	c100	sample	2	2-SRR5935785	inflight	2
20261008-044702-3c2153c-55a5-n16-r12	12	c100	sample	2	2-SRR5935785	threads	16
20261008-044702-3c2153c-55a5-n16-r12	12	c100	sample	2	2-SRR5935785	start_s	155.819714
20261008-044702-3c2153c-55a5-n16-r12	12	c100	sample	2	2-SRR5935785	wall_s	13.240075
20261008-044702-3c2153c-55a5-n16-r12	12	c100	sample	2	2-SRR5935785	setup_s	0.000061
20261008-044702-3c2153c-55a5-n16-r12	12	c100	sample	2	2-SRR5935785	classify_s	12.706815
20261008-044702-3c2153c-55a5-n16-r12	12	c100	sample	2	2-SRR5935785	close_s	0.357055
20261008-044702-3c2153c-55a5-n16-r12	12	c100	sample	2	2-SRR5935785	report_s	0.160151
20261008-044702-3c2153c-55a5-n16-r12	12	c100	sample	2	2-SRR5935785	status	0
20261008-044702-3c2153c-55a5-n16-r12	12	c100	sample	2	2-SRR5935785	sequences	13817496
20261008-044702-3c2153c-55a5-n16-r12	12	c100	sample	2	2-SRR5935785	bases	2535866229
20261008-044702-3c2153c-55a5-n16-r12	12	c100	sample	2	2-SRR5935785	classified	12277050
20261008-044702-3c2153c-55a5-n16-r12	12	c100	sample	2	2-SRR5935785	place	lpt
20261008-044702-3c2153c-55a5-n16-r12	12	c100	sample	2	2-SRR5935785	weight	13817496
20261008-044702-3c2153c-55a5-n16-r12	12	c100	sample	2	2-SRR5935793	mode	parallel
20261008-044702-3c2153c-55a5-n16-r12	12	c100	sample	2	2-SRR5935793	s3client	sdk
20261008-044702-3c2153c-55a5-n16-r12	12	c100	sample	2	2-SRR5935793	rank	12
20261008-044702-3c2153c-55a5-n16-r12	12	c100	sample	2	2-SRR5935793	role	home
20261008-044702-3c2153c-55a5-n16-r12	12	c100	sample	2	2-SRR5935793	inflight	2
20261008-044702-3c2153c-55a5-n16-r12	12	c100	sample	2	2-SRR5935793	threads	16
20261008-044702-3c2153c-55a5-n16-r12	12	c100	sample	2	2-SRR5935793	start_s	169.059812
20261008-044702-3c2153c-55a5-n16-r12	12	c100	sample	2	2-SRR5935793	wall_s	2.543048
20261008-044702-3c2153c-55a5-n16-r12	12	c100	sample	2	2-SRR5935793	setup_s	0.000055
20261008-044702-3c2153c-55a5-n16-r12	12	c100	sample	2	2-SRR5935793	classify_s	2.126452
20261008-044702-3c2153c-55a5-n16-r12	12	c100	sample	2	2-SRR5935793	close_s	0.243798
20261008-044702-3c2153c-55a5-n16-r12	12	c100	sample	2	2-SRR5935793	report_s	0.165451
20261008-044702-3c2153c-55a5-n16-r12	12	c100	sample	2	2-SRR5935793	status	0
20261008-044702-3c2153c-55a5-n16-r12	12	c100	sample	2	2-SRR5935793	sequences	1771479
20261008-044702-3c2153c-55a5-n16-r12	12	c100	sample	2	2-SRR5935793	bases	333187068
20261008-044702-3c2153c-55a5-n16-r12	12	c100	sample	2	2-SRR5935793	classified	1476454
20261008-044702-3c2153c-55a5-n16-r12	12	c100	sample	2	2-SRR5935793	place	lpt
20261008-044702-3c2153c-55a5-n16-r12	12	c100	sample	2	2-SRR5935793	weight	1771479
20261008-044702-3c2153c-55a5-n16-r12	12	c100	sample	2	2-SRR5935821	mode	parallel
20261008-044702-3c2153c-55a5-n16-r12	12	c100	sample	2	2-SRR5935821	s3client	sdk
20261008-044702-3c2153c-55a5-n16-r12	12	c100	sample	2	2-SRR5935821	rank	12
20261008-044702-3c2153c-55a5-n16-r12	12	c100	sample	2	2-SRR5935821	role	home
20261008-044702-3c2153c-55a5-n16-r12	12	c100	sample	2	2-SRR5935821	inflight	2
20261008-044702-3c2153c-55a5-n16-r12	12	c100	sample	2	2-SRR5935821	threads	16
20261008-044702-3c2153c-55a5-n16-r12	12	c100	sample	2	2-SRR5935821	start_s	171.602932
20261008-044702-3c2153c-55a5-n16-r12	12	c100	sample	2	2-SRR5935821	wall_s	1.012138
20261008-044702-3c2153c-55a5-n16-r12	12	c100	sample	2	2-SRR5935821	setup_s	0.000058
20261008-044702-3c2153c-55a5-n16-r12	12	c100	sample	2	2-SRR5935821	classify_s	0.591501
20261008-044702-3c2153c-55a5-n16-r12	12	c100	sample	2	2-SRR5935821	close_s	0.250856
20261008-044702-3c2153c-55a5-n16-r12	12	c100	sample	2	2-SRR5935821	report_s	0.168597
20261008-044702-3c2153c-55a5-n16-r12	12	c100	sample	2	2-SRR5935821	status	0
20261008-044702-3c2153c-55a5-n16-r12	12	c100	sample	2	2-SRR5935821	sequences	297656
20261008-044702-3c2153c-55a5-n16-r12	12	c100	sample	2	2-SRR5935821	bases	54176352
20261008-044702-3c2153c-55a5-n16-r12	12	c100	sample	2	2-SRR5935821	classified	290837
20261008-044702-3c2153c-55a5-n16-r12	12	c100	sample	2	2-SRR5935821	place	lpt
20261008-044702-3c2153c-55a5-n16-r12	12	c100	sample	2	2-SRR5935821	weight	297656
20261008-044702-3c2153c-55a5-n16-r12	12	c100	sample	2	2-SRR5935811	mode	parallel
20261008-044702-3c2153c-55a5-n16-r12	12	c100	sample	2	2-SRR5935811	s3client	sdk
20261008-044702-3c2153c-55a5-n16-r12	12	c100	sample	2	2-SRR5935811	rank	12
20261008-044702-3c2153c-55a5-n16-r12	12	c100	sample	2	2-SRR5935811	role	home
20261008-044702-3c2153c-55a5-n16-r12	12	c100	sample	2	2-SRR5935811	inflight	2
20261008-044702-3c2153c-55a5-n16-r12	12	c100	sample	2	2-SRR5935811	threads	16
20261008-044702-3c2153c-55a5-n16-r12	12	c100	sample	2	2-SRR5935811	start_s	167.929367
20261008-044702-3c2153c-55a5-n16-r12	12	c100	sample	2	2-SRR5935811	wall_s	7.567438
20261008-044702-3c2153c-55a5-n16-r12	12	c100	sample	2	2-SRR5935811	setup_s	0.000059
20261008-044702-3c2153c-55a5-n16-r12	12	c100	sample	2	2-SRR5935811	classify_s	7.090891
20261008-044702-3c2153c-55a5-n16-r12	12	c100	sample	2	2-SRR5935811	close_s	0.277734
20261008-044702-3c2153c-55a5-n16-r12	12	c100	sample	2	2-SRR5935811	report_s	0.192875
20261008-044702-3c2153c-55a5-n16-r12	12	c100	sample	2	2-SRR5935811	status	0
20261008-044702-3c2153c-55a5-n16-r12	12	c100	sample	2	2-SRR5935811	sequences	10067025
20261008-044702-3c2153c-55a5-n16-r12	12	c100	sample	2	2-SRR5935811	bases	1870494351
20261008-044702-3c2153c-55a5-n16-r12	12	c100	sample	2	2-SRR5935811	classified	9884918
20261008-044702-3c2153c-55a5-n16-r12	12	c100	sample	2	2-SRR5935811	place	lpt
20261008-044702-3c2153c-55a5-n16-r12	12	c100	sample	2	2-SRR5935811	weight	10067025
20261008-044702-3c2153c-55a5-n16-r12	12	c100	phase			batch-barrier-2	5.656323
20261008-044702-3c2153c-55a5-n16-r12	12	c100	phase			batch-barrier-2.start_s	175.496828
20261008-044702-3c2153c-55a5-n16-r12	12	c100	phase			barrier	0.133105
20261008-044702-3c2153c-55a5-n16-r12	12	c100	phase			barrier.start_s	187.215759
20261008-044702-3c2153c-55a5-n16-r12	12	c100	sample	3	3-SRR5935740	mode	striped
20261008-044702-3c2153c-55a5-n16-r12	12	c100	sample	3	3-SRR5935740	s3client	sdk
20261008-044702-3c2153c-55a5-n16-r12	12	c100	sample	3	3-SRR5935740	rank	12
20261008-044702-3c2153c-55a5-n16-r12	12	c100	sample	3	3-SRR5935740	role	peer
20261008-044702-3c2153c-55a5-n16-r12	12	c100	sample	3	3-SRR5935740	inflight	1
20261008-044702-3c2153c-55a5-n16-r12	12	c100	sample	3	3-SRR5935740	threads	16
20261008-044702-3c2153c-55a5-n16-r12	12	c100	sample	3	3-SRR5935740	start_s	181.583621
20261008-044702-3c2153c-55a5-n16-r12	12	c100	sample	3	3-SRR5935740	wall_s	5.765293
20261008-044702-3c2153c-55a5-n16-r12	12	c100	sample	3	3-SRR5935740	setup_s	0.000047
20261008-044702-3c2153c-55a5-n16-r12	12	c100	sample	3	3-SRR5935740	classify_s	5.628129
20261008-044702-3c2153c-55a5-n16-r12	12	c100	sample	3	3-SRR5935740	close_s	0.000000
20261008-044702-3c2153c-55a5-n16-r12	12	c100	sample	3	3-SRR5935740	report_s	0.000000
20261008-044702-3c2153c-55a5-n16-r12	12	c100	sample	3	3-SRR5935740	status	0
20261008-044702-3c2153c-55a5-n16-r12	12	c100	sample	3	3-SRR5935740	sequences	0
20261008-044702-3c2153c-55a5-n16-r12	12	c100	sample	3	3-SRR5935740	bases	0
20261008-044702-3c2153c-55a5-n16-r12	12	c100	sample	3	3-SRR5935740	classified	0
20261008-044702-3c2153c-55a5-n16-r12	12	c100	sample	3	3-SRR5935740	place	-
20261008-044702-3c2153c-55a5-n16-r12	12	c100	sample	3	3-SRR5935740	weight	-
20261008-044702-3c2153c-55a5-n16-r12	12	c100	phase			batch-barrier-3	0.509834
20261008-044702-3c2153c-55a5-n16-r12	12	c100	phase			batch-barrier-3.start_s	187.348923
20261008-044702-3c2153c-55a5-n16-r12	12	c100	phase			barrier	0.135641
20261008-044702-3c2153c-55a5-n16-r12	12	c100	phase			barrier.start_s	194.286124
20261008-044702-3c2153c-55a5-n16-r12	12	c100	sample	4	4-SRR5935740	mode	striped
20261008-044702-3c2153c-55a5-n16-r12	12	c100	sample	4	4-SRR5935740	s3client	sdk
20261008-044702-3c2153c-55a5-n16-r12	12	c100	sample	4	4-SRR5935740	rank	12
20261008-044702-3c2153c-55a5-n16-r12	12	c100	sample	4	4-SRR5935740	role	peer
20261008-044702-3c2153c-55a5-n16-r12	12	c100	sample	4	4-SRR5935740	inflight	1
20261008-044702-3c2153c-55a5-n16-r12	12	c100	sample	4	4-SRR5935740	threads	16
20261008-044702-3c2153c-55a5-n16-r12	12	c100	sample	4	4-SRR5935740	start_s	188.651983
20261008-044702-3c2153c-55a5-n16-r12	12	c100	sample	4	4-SRR5935740	wall_s	5.769825
20261008-044702-3c2153c-55a5-n16-r12	12	c100	sample	4	4-SRR5935740	setup_s	0.000043
20261008-044702-3c2153c-55a5-n16-r12	12	c100	sample	4	4-SRR5935740	classify_s	5.629782
20261008-044702-3c2153c-55a5-n16-r12	12	c100	sample	4	4-SRR5935740	close_s	0.000000
20261008-044702-3c2153c-55a5-n16-r12	12	c100	sample	4	4-SRR5935740	report_s	0.000000
20261008-044702-3c2153c-55a5-n16-r12	12	c100	sample	4	4-SRR5935740	status	0
20261008-044702-3c2153c-55a5-n16-r12	12	c100	sample	4	4-SRR5935740	sequences	0
20261008-044702-3c2153c-55a5-n16-r12	12	c100	sample	4	4-SRR5935740	bases	0
20261008-044702-3c2153c-55a5-n16-r12	12	c100	sample	4	4-SRR5935740	classified	0
20261008-044702-3c2153c-55a5-n16-r12	12	c100	sample	4	4-SRR5935740	place	-
20261008-044702-3c2153c-55a5-n16-r12	12	c100	sample	4	4-SRR5935740	weight	-
20261008-044702-3c2153c-55a5-n16-r12	12	c100	phase			batch-barrier-4	0.486590
20261008-044702-3c2153c-55a5-n16-r12	12	c100	phase			batch-barrier-4.start_s	194.421816
20261008-044702-3c2153c-55a5-n16-r12	12	c100	phase			barrier	0.148337
20261008-044702-3c2153c-55a5-n16-r12	12	c100	phase			barrier.start_s	201.375706
20261008-044702-3c2153c-55a5-n16-r12	12	c100	sample	5	5-SRR5935740	mode	striped
20261008-044702-3c2153c-55a5-n16-r12	12	c100	sample	5	5-SRR5935740	s3client	sdk
20261008-044702-3c2153c-55a5-n16-r12	12	c100	sample	5	5-SRR5935740	rank	12
20261008-044702-3c2153c-55a5-n16-r12	12	c100	sample	5	5-SRR5935740	role	peer
20261008-044702-3c2153c-55a5-n16-r12	12	c100	sample	5	5-SRR5935740	inflight	1
20261008-044702-3c2153c-55a5-n16-r12	12	c100	sample	5	5-SRR5935740	threads	16
20261008-044702-3c2153c-55a5-n16-r12	12	c100	sample	5	5-SRR5935740	start_s	195.745482
20261008-044702-3c2153c-55a5-n16-r12	12	c100	sample	5	5-SRR5935740	wall_s	5.778604
20261008-044702-3c2153c-55a5-n16-r12	12	c100	sample	5	5-SRR5935740	setup_s	0.000049
20261008-044702-3c2153c-55a5-n16-r12	12	c100	sample	5	5-SRR5935740	classify_s	5.626080
20261008-044702-3c2153c-55a5-n16-r12	12	c100	sample	5	5-SRR5935740	close_s	0.000000
20261008-044702-3c2153c-55a5-n16-r12	12	c100	sample	5	5-SRR5935740	report_s	0.000000
20261008-044702-3c2153c-55a5-n16-r12	12	c100	sample	5	5-SRR5935740	status	0
20261008-044702-3c2153c-55a5-n16-r12	12	c100	sample	5	5-SRR5935740	sequences	0
20261008-044702-3c2153c-55a5-n16-r12	12	c100	sample	5	5-SRR5935740	bases	0
20261008-044702-3c2153c-55a5-n16-r12	12	c100	sample	5	5-SRR5935740	classified	0
20261008-044702-3c2153c-55a5-n16-r12	12	c100	sample	5	5-SRR5935740	place	-
20261008-044702-3c2153c-55a5-n16-r12	12	c100	sample	5	5-SRR5935740	weight	-
20261008-044702-3c2153c-55a5-n16-r12	12	c100	phase			batch-barrier-5	0.851648
20261008-044702-3c2153c-55a5-n16-r12	12	c100	phase			batch-barrier-5.start_s	201.524095
20261008-044702-3c2153c-55a5-n16-r12	12	c100	phase			batch-barrier-6	7.105595
20261008-044702-3c2153c-55a5-n16-r12	12	c100	phase			batch-barrier-6.start_s	202.375761
20261008-044702-3c2153c-55a5-n16-r12	12	c100	phase			batch-barrier-7	8.063324
20261008-044702-3c2153c-55a5-n16-r12	12	c100	phase			batch-barrier-7.start_s	209.481376
20261008-044702-3c2153c-55a5-n16-r12	12	c100	phase			batch-barrier-8	6.088436
20261008-044702-3c2153c-55a5-n16-r12	12	c100	phase			batch-barrier-8.start_s	217.544719
20261008-044702-3c2153c-55a5-n16-r12	12	c100	engine.shard			index	0
20261008-044702-3c2153c-55a5-n16-r12	12	c100	engine.shard			n	16
20261008-044702-3c2153c-55a5-n16-r12	12	c100	engine.shard			lo	222954688456
20261008-044702-3c2153c-55a5-n16-r12	12	c100	engine.shard			hi	241534245827
20261008-044702-3c2153c-55a5-n16-r12	12	c100	engine.shard			tail	302
20261008-044702-3c2153c-55a5-n16-r12	12	c100	engine.shard			full	false
20261008-044702-3c2153c-55a5-n16-r12	12	c100	engine.shard			empty_at	18579557382
20261008-044702-3c2153c-55a5-n16-r12	12	c100	engine.shard			keys	8470448595
20261008-044702-3c2153c-55a5-n16-r12	12	c100	engine.shard			batches	89910
20261008-044702-3c2153c-55a5-n16-r12	12	c100	engine.shard			probe_s	198.934863
20261008-044702-3c2153c-55a5-n16-r12	12	c100	engine.shard			tail_probes	0
20261008-044702-3c2153c-55a5-n16-r12	12	c100	engine.shard			wrap_probes	0
20261008-044702-3c2153c-55a5-n16-r12	12	c100	engine.rendezvous			puts	13
20261008-044702-3c2153c-55a5-n16-r12	12	c100	engine.rendezvous			gets	439
20261008-044702-3c2153c-55a5-n16-r12	12	c100	engine.s3			client	sdk
20261008-044702-3c2153c-55a5-n16-r12	12	c100	engine.s3			put	33
20261008-044702-3c2153c-55a5-n16-r12	12	c100	engine.s3			get	439
20261008-044702-3c2153c-55a5-n16-r12	12	c100	engine.s3			create_multipart	20
20261008-044702-3c2153c-55a5-n16-r12	12	c100	engine.s3			upload_part	2335
20261008-044702-3c2153c-55a5-n16-r12	12	c100	engine.s3			complete_multipart	20
20261008-044702-3c2153c-55a5-n16-r12	12	c100	engine.s3			abort_multipart	0
20261008-044702-3c2153c-55a5-n16-r12	12	c100	engine.s3			part_bytes	19474620358
20261008-044702-3c2153c-55a5-n16-r12	12	c100	engine.s3			client	cli
20261008-044702-3c2153c-55a5-n16-r12	12	c100	engine.s3			put	0
20261008-044702-3c2153c-55a5-n16-r12	12	c100	engine.s3			get	0
20261008-044702-3c2153c-55a5-n16-r12	12	c100	engine.s3			create_multipart	0
20261008-044702-3c2153c-55a5-n16-r12	12	c100	engine.s3			upload_part	0
20261008-044702-3c2153c-55a5-n16-r12	12	c100	engine.s3			complete_multipart	0
20261008-044702-3c2153c-55a5-n16-r12	12	c100	engine.s3			abort_multipart	0
20261008-044702-3c2153c-55a5-n16-r12	12	c100	engine.s3			part_bytes	0
20261008-044702-3c2153c-55a5-n16-r12	12	c100	engine.load			seconds	41.504183
20261008-044702-3c2153c-55a5-n16-r12	12	c100	engine.load			requests	1126
20261008-044702-3c2153c-55a5-n16-r12	12	c100	engine.load			retries	0
20261008-044702-3c2153c-55a5-n16-r12	12	c100	engine.load			bytes	74318296292
20261008-044702-3c2153c-55a5-n16-r12	12	c100	engine.route			transport	nodes
20261008-044702-3c2153c-55a5-n16-r12	12	c100	engine.route			calls	5708
20261008-044702-3c2153c-55a5-n16-r12	12	c100	engine.route			keys	8599684984
20261008-044702-3c2153c-55a5-n16-r12	12	c100	engine.route			batches	91328
20261008-044702-3c2153c-55a5-n16-r12	12	c100	engine.route			route_s	97.266420
20261008-044702-3c2153c-55a5-n16-r12	12	c100	engine.route			wait_s	351.188180
20261008-044702-3c2153c-55a5-n16-r12	12	c100	engine.route			gather_s	19.024373
20261008-044702-3c2153c-55a5-n16-r12	12	c100	engine.worker			scan_s	727.490798
20261008-044702-3c2153c-55a5-n16-r12	12	c100	engine.worker			lookup_s	467.483081
20261008-044702-3c2153c-55a5-n16-r12	12	c100	engine.worker			classify_s	626.927061
20261008-044702-3c2153c-55a5-n16-r12	12	c100	phase			total	223.761601
20261008-044702-3c2153c-55a5-n16-r12	12	c100	phase			total.start_s	0.000001
20261008-044702-3c2153c-55a5-n16-r13	13	c100	phase			taxo	0.093944
20261008-044702-3c2153c-55a5-n16-r13	13	c100	phase			taxo.start_s	0.002846
20261008-044702-3c2153c-55a5-n16-r13	13	c100	phase			shard-load-13	40.374047
20261008-044702-3c2153c-55a5-n16-r13	13	c100	phase			shard-load-13.start_s	0.160755
20261008-044702-3c2153c-55a5-n16-r13	13	c100	phase			rendezvous	6.192288
20261008-044702-3c2153c-55a5-n16-r13	13	c100	phase			rendezvous.start_s	40.946569
20261008-044702-3c2153c-55a5-n16-r13	13	c100	phase			connect	0.030148
20261008-044702-3c2153c-55a5-n16-r13	13	c100	phase			connect.start_s	47.138873
20261008-044702-3c2153c-55a5-n16-r13	13	c100	phase			hash	47.072142
20261008-044702-3c2153c-55a5-n16-r13	13	c100	phase			hash.start_s	0.096891
20261008-044702-3c2153c-55a5-n16-r13	13	c100	sample	0	0-SRR5935744	mode	parallel
20261008-044702-3c2153c-55a5-n16-r13	13	c100	sample	0	0-SRR5935744	s3client	sdk
20261008-044702-3c2153c-55a5-n16-r13	13	c100	sample	0	0-SRR5935744	rank	13
20261008-044702-3c2153c-55a5-n16-r13	13	c100	sample	0	0-SRR5935744	role	home
20261008-044702-3c2153c-55a5-n16-r13	13	c100	sample	0	0-SRR5935744	inflight	2
20261008-044702-3c2153c-55a5-n16-r13	13	c100	sample	0	0-SRR5935744	threads	16
20261008-044702-3c2153c-55a5-n16-r13	13	c100	sample	0	0-SRR5935744	start_s	47.169074
20261008-044702-3c2153c-55a5-n16-r13	13	c100	sample	0	0-SRR5935744	wall_s	16.390486
20261008-044702-3c2153c-55a5-n16-r13	13	c100	sample	0	0-SRR5935744	setup_s	0.000049
20261008-044702-3c2153c-55a5-n16-r13	13	c100	sample	0	0-SRR5935744	classify_s	15.966640
20261008-044702-3c2153c-55a5-n16-r13	13	c100	sample	0	0-SRR5935744	close_s	0.263478
20261008-044702-3c2153c-55a5-n16-r13	13	c100	sample	0	0-SRR5935744	report_s	0.151038
20261008-044702-3c2153c-55a5-n16-r13	13	c100	sample	0	0-SRR5935744	status	0
20261008-044702-3c2153c-55a5-n16-r13	13	c100	sample	0	0-SRR5935744	sequences	15328347
20261008-044702-3c2153c-55a5-n16-r13	13	c100	sample	0	0-SRR5935744	bases	2853526686
20261008-044702-3c2153c-55a5-n16-r13	13	c100	sample	0	0-SRR5935744	classified	14998872
20261008-044702-3c2153c-55a5-n16-r13	13	c100	sample	0	0-SRR5935744	place	lpt
20261008-044702-3c2153c-55a5-n16-r13	13	c100	sample	0	0-SRR5935744	weight	15328347
20261008-044702-3c2153c-55a5-n16-r13	13	c100	sample	0	0-SRR5935827	mode	parallel
20261008-044702-3c2153c-55a5-n16-r13	13	c100	sample	0	0-SRR5935827	s3client	sdk
20261008-044702-3c2153c-55a5-n16-r13	13	c100	sample	0	0-SRR5935827	rank	13
20261008-044702-3c2153c-55a5-n16-r13	13	c100	sample	0	0-SRR5935827	role	home
20261008-044702-3c2153c-55a5-n16-r13	13	c100	sample	0	0-SRR5935827	inflight	2
20261008-044702-3c2153c-55a5-n16-r13	13	c100	sample	0	0-SRR5935827	threads	16
20261008-044702-3c2153c-55a5-n16-r13	13	c100	sample	0	0-SRR5935827	start_s	47.169076
20261008-044702-3c2153c-55a5-n16-r13	13	c100	sample	0	0-SRR5935827	wall_s	16.596991
20261008-044702-3c2153c-55a5-n16-r13	13	c100	sample	0	0-SRR5935827	setup_s	0.000055
20261008-044702-3c2153c-55a5-n16-r13	13	c100	sample	0	0-SRR5935827	classify_s	16.171794
20261008-044702-3c2153c-55a5-n16-r13	13	c100	sample	0	0-SRR5935827	close_s	0.242852
20261008-044702-3c2153c-55a5-n16-r13	13	c100	sample	0	0-SRR5935827	report_s	0.173932
20261008-044702-3c2153c-55a5-n16-r13	13	c100	sample	0	0-SRR5935827	status	0
20261008-044702-3c2153c-55a5-n16-r13	13	c100	sample	0	0-SRR5935827	sequences	16260968
20261008-044702-3c2153c-55a5-n16-r13	13	c100	sample	0	0-SRR5935827	bases	3012837135
20261008-044702-3c2153c-55a5-n16-r13	13	c100	sample	0	0-SRR5935827	classified	15948766
20261008-044702-3c2153c-55a5-n16-r13	13	c100	sample	0	0-SRR5935827	place	lpt
20261008-044702-3c2153c-55a5-n16-r13	13	c100	sample	0	0-SRR5935827	weight	16260968
20261008-044702-3c2153c-55a5-n16-r13	13	c100	sample	0	0-SRR5935740	mode	parallel
20261008-044702-3c2153c-55a5-n16-r13	13	c100	sample	0	0-SRR5935740	s3client	sdk
20261008-044702-3c2153c-55a5-n16-r13	13	c100	sample	0	0-SRR5935740	rank	13
20261008-044702-3c2153c-55a5-n16-r13	13	c100	sample	0	0-SRR5935740	role	home
20261008-044702-3c2153c-55a5-n16-r13	13	c100	sample	0	0-SRR5935740	inflight	2
20261008-044702-3c2153c-55a5-n16-r13	13	c100	sample	0	0-SRR5935740	threads	16
20261008-044702-3c2153c-55a5-n16-r13	13	c100	sample	0	0-SRR5935740	start_s	63.766093
20261008-044702-3c2153c-55a5-n16-r13	13	c100	sample	0	0-SRR5935740	wall_s	11.356577
20261008-044702-3c2153c-55a5-n16-r13	13	c100	sample	0	0-SRR5935740	setup_s	0.000076
20261008-044702-3c2153c-55a5-n16-r13	13	c100	sample	0	0-SRR5935740	classify_s	10.874727
20261008-044702-3c2153c-55a5-n16-r13	13	c100	sample	0	0-SRR5935740	close_s	0.269998
20261008-044702-3c2153c-55a5-n16-r13	13	c100	sample	0	0-SRR5935740	report_s	0.192371
20261008-044702-3c2153c-55a5-n16-r13	13	c100	sample	0	0-SRR5935740	status	0
20261008-044702-3c2153c-55a5-n16-r13	13	c100	sample	0	0-SRR5935740	sequences	10532910
20261008-044702-3c2153c-55a5-n16-r13	13	c100	sample	0	0-SRR5935740	bases	1945093294
20261008-044702-3c2153c-55a5-n16-r13	13	c100	sample	0	0-SRR5935740	classified	9366399
20261008-044702-3c2153c-55a5-n16-r13	13	c100	sample	0	0-SRR5935740	place	lpt
20261008-044702-3c2153c-55a5-n16-r13	13	c100	sample	0	0-SRR5935740	weight	10532910
20261008-044702-3c2153c-55a5-n16-r13	13	c100	sample	0	0-SRR5935766	mode	parallel
20261008-044702-3c2153c-55a5-n16-r13	13	c100	sample	0	0-SRR5935766	s3client	sdk
20261008-044702-3c2153c-55a5-n16-r13	13	c100	sample	0	0-SRR5935766	rank	13
20261008-044702-3c2153c-55a5-n16-r13	13	c100	sample	0	0-SRR5935766	role	home
20261008-044702-3c2153c-55a5-n16-r13	13	c100	sample	0	0-SRR5935766	inflight	2
20261008-044702-3c2153c-55a5-n16-r13	13	c100	sample	0	0-SRR5935766	threads	16
20261008-044702-3c2153c-55a5-n16-r13	13	c100	sample	0	0-SRR5935766	start_s	63.559587
20261008-044702-3c2153c-55a5-n16-r13	13	c100	sample	0	0-SRR5935766	wall_s	14.382536
20261008-044702-3c2153c-55a5-n16-r13	13	c100	sample	0	0-SRR5935766	setup_s	0.000064
20261008-044702-3c2153c-55a5-n16-r13	13	c100	sample	0	0-SRR5935766	classify_s	13.949669
20261008-044702-3c2153c-55a5-n16-r13	13	c100	sample	0	0-SRR5935766	close_s	0.265827
20261008-044702-3c2153c-55a5-n16-r13	13	c100	sample	0	0-SRR5935766	report_s	0.157424
20261008-044702-3c2153c-55a5-n16-r13	13	c100	sample	0	0-SRR5935766	status	0
20261008-044702-3c2153c-55a5-n16-r13	13	c100	sample	0	0-SRR5935766	sequences	14120624
20261008-044702-3c2153c-55a5-n16-r13	13	c100	sample	0	0-SRR5935766	bases	2649393059
20261008-044702-3c2153c-55a5-n16-r13	13	c100	sample	0	0-SRR5935766	classified	13394795
20261008-044702-3c2153c-55a5-n16-r13	13	c100	sample	0	0-SRR5935766	place	lpt
20261008-044702-3c2153c-55a5-n16-r13	13	c100	sample	0	0-SRR5935766	weight	14120624
20261008-044702-3c2153c-55a5-n16-r13	13	c100	sample	0	0-SRR5935781	mode	parallel
20261008-044702-3c2153c-55a5-n16-r13	13	c100	sample	0	0-SRR5935781	s3client	sdk
20261008-044702-3c2153c-55a5-n16-r13	13	c100	sample	0	0-SRR5935781	rank	13
20261008-044702-3c2153c-55a5-n16-r13	13	c100	sample	0	0-SRR5935781	role	home
20261008-044702-3c2153c-55a5-n16-r13	13	c100	sample	0	0-SRR5935781	inflight	2
20261008-044702-3c2153c-55a5-n16-r13	13	c100	sample	0	0-SRR5935781	threads	16
20261008-044702-3c2153c-55a5-n16-r13	13	c100	sample	0	0-SRR5935781	start_s	75.122706
20261008-044702-3c2153c-55a5-n16-r13	13	c100	sample	0	0-SRR5935781	wall_s	9.029812
20261008-044702-3c2153c-55a5-n16-r13	13	c100	sample	0	0-SRR5935781	setup_s	0.000072
20261008-044702-3c2153c-55a5-n16-r13	13	c100	sample	0	0-SRR5935781	classify_s	8.591302
20261008-044702-3c2153c-55a5-n16-r13	13	c100	sample	0	0-SRR5935781	close_s	0.295873
20261008-044702-3c2153c-55a5-n16-r13	13	c100	sample	0	0-SRR5935781	report_s	0.137051
20261008-044702-3c2153c-55a5-n16-r13	13	c100	sample	0	0-SRR5935781	status	0
20261008-044702-3c2153c-55a5-n16-r13	13	c100	sample	0	0-SRR5935781	sequences	8486948
20261008-044702-3c2153c-55a5-n16-r13	13	c100	sample	0	0-SRR5935781	bases	1613121343
20261008-044702-3c2153c-55a5-n16-r13	13	c100	sample	0	0-SRR5935781	classified	8270605
20261008-044702-3c2153c-55a5-n16-r13	13	c100	sample	0	0-SRR5935781	place	lpt
20261008-044702-3c2153c-55a5-n16-r13	13	c100	sample	0	0-SRR5935781	weight	8486948
20261008-044702-3c2153c-55a5-n16-r13	13	c100	sample	0	0-SRR5935836	mode	parallel
20261008-044702-3c2153c-55a5-n16-r13	13	c100	sample	0	0-SRR5935836	s3client	sdk
20261008-044702-3c2153c-55a5-n16-r13	13	c100	sample	0	0-SRR5935836	rank	13
20261008-044702-3c2153c-55a5-n16-r13	13	c100	sample	0	0-SRR5935836	role	home
20261008-044702-3c2153c-55a5-n16-r13	13	c100	sample	0	0-SRR5935836	inflight	2
20261008-044702-3c2153c-55a5-n16-r13	13	c100	sample	0	0-SRR5935836	threads	16
20261008-044702-3c2153c-55a5-n16-r13	13	c100	sample	0	0-SRR5935836	start_s	77.942148
20261008-044702-3c2153c-55a5-n16-r13	13	c100	sample	0	0-SRR5935836	wall_s	7.091924
20261008-044702-3c2153c-55a5-n16-r13	13	c100	sample	0	0-SRR5935836	setup_s	0.000066
20261008-044702-3c2153c-55a5-n16-r13	13	c100	sample	0	0-SRR5935836	classify_s	6.708705
20261008-044702-3c2153c-55a5-n16-r13	13	c100	sample	0	0-SRR5935836	close_s	0.242769
20261008-044702-3c2153c-55a5-n16-r13	13	c100	sample	0	0-SRR5935836	report_s	0.133497
20261008-044702-3c2153c-55a5-n16-r13	13	c100	sample	0	0-SRR5935836	status	0
20261008-044702-3c2153c-55a5-n16-r13	13	c100	sample	0	0-SRR5935836	sequences	7326365
20261008-044702-3c2153c-55a5-n16-r13	13	c100	sample	0	0-SRR5935836	bases	1333066620
20261008-044702-3c2153c-55a5-n16-r13	13	c100	sample	0	0-SRR5935836	classified	6965607
20261008-044702-3c2153c-55a5-n16-r13	13	c100	sample	0	0-SRR5935836	place	lpt
20261008-044702-3c2153c-55a5-n16-r13	13	c100	sample	0	0-SRR5935836	weight	7326365
20261008-044702-3c2153c-55a5-n16-r13	13	c100	phase			batch-barrier-0	3.120507
20261008-044702-3c2153c-55a5-n16-r13	13	c100	phase			batch-barrier-0.start_s	85.034095
20261008-044702-3c2153c-55a5-n16-r13	13	c100	sample	1	1-SRR5935769	mode	parallel
20261008-044702-3c2153c-55a5-n16-r13	13	c100	sample	1	1-SRR5935769	s3client	sdk
20261008-044702-3c2153c-55a5-n16-r13	13	c100	sample	1	1-SRR5935769	rank	13
20261008-044702-3c2153c-55a5-n16-r13	13	c100	sample	1	1-SRR5935769	role	home
20261008-044702-3c2153c-55a5-n16-r13	13	c100	sample	1	1-SRR5935769	inflight	2
20261008-044702-3c2153c-55a5-n16-r13	13	c100	sample	1	1-SRR5935769	threads	16
20261008-044702-3c2153c-55a5-n16-r13	13	c100	sample	1	1-SRR5935769	start_s	88.154631
20261008-044702-3c2153c-55a5-n16-r13	13	c100	sample	1	1-SRR5935769	wall_s	12.316769
20261008-044702-3c2153c-55a5-n16-r13	13	c100	sample	1	1-SRR5935769	setup_s	0.000051
20261008-044702-3c2153c-55a5-n16-r13	13	c100	sample	1	1-SRR5935769	classify_s	11.894158
20261008-044702-3c2153c-55a5-n16-r13	13	c100	sample	1	1-SRR5935769	close_s	0.250546
20261008-044702-3c2153c-55a5-n16-r13	13	c100	sample	1	1-SRR5935769	report_s	0.159232
20261008-044702-3c2153c-55a5-n16-r13	13	c100	sample	1	1-SRR5935769	status	0
20261008-044702-3c2153c-55a5-n16-r13	13	c100	sample	1	1-SRR5935769	sequences	11374148
20261008-044702-3c2153c-55a5-n16-r13	13	c100	sample	1	1-SRR5935769	bases	2063466726
20261008-044702-3c2153c-55a5-n16-r13	13	c100	sample	1	1-SRR5935769	classified	10686284
20261008-044702-3c2153c-55a5-n16-r13	13	c100	sample	1	1-SRR5935769	place	mod
20261008-044702-3c2153c-55a5-n16-r13	13	c100	sample	1	1-SRR5935769	weight	11374148
20261008-044702-3c2153c-55a5-n16-r13	13	c100	sample	1	1-SRR5935753	mode	parallel
20261008-044702-3c2153c-55a5-n16-r13	13	c100	sample	1	1-SRR5935753	s3client	sdk
20261008-044702-3c2153c-55a5-n16-r13	13	c100	sample	1	1-SRR5935753	rank	13
20261008-044702-3c2153c-55a5-n16-r13	13	c100	sample	1	1-SRR5935753	role	home
20261008-044702-3c2153c-55a5-n16-r13	13	c100	sample	1	1-SRR5935753	inflight	2
20261008-044702-3c2153c-55a5-n16-r13	13	c100	sample	1	1-SRR5935753	threads	16
20261008-044702-3c2153c-55a5-n16-r13	13	c100	sample	1	1-SRR5935753	start_s	88.154651
20261008-044702-3c2153c-55a5-n16-r13	13	c100	sample	1	1-SRR5935753	wall_s	14.718719
20261008-044702-3c2153c-55a5-n16-r13	13	c100	sample	1	1-SRR5935753	setup_s	0.000039
20261008-044702-3c2153c-55a5-n16-r13	13	c100	sample	1	1-SRR5935753	classify_s	14.235679
20261008-044702-3c2153c-55a5-n16-r13	13	c100	sample	1	1-SRR5935753	close_s	0.245752
20261008-044702-3c2153c-55a5-n16-r13	13	c100	sample	1	1-SRR5935753	report_s	0.226354
20261008-044702-3c2153c-55a5-n16-r13	13	c100	sample	1	1-SRR5935753	status	0
20261008-044702-3c2153c-55a5-n16-r13	13	c100	sample	1	1-SRR5935753	sequences	14164085
20261008-044702-3c2153c-55a5-n16-r13	13	c100	sample	1	1-SRR5935753	bases	2640398097
20261008-044702-3c2153c-55a5-n16-r13	13	c100	sample	1	1-SRR5935753	classified	13689575
20261008-044702-3c2153c-55a5-n16-r13	13	c100	sample	1	1-SRR5935753	place	mod
20261008-044702-3c2153c-55a5-n16-r13	13	c100	sample	1	1-SRR5935753	weight	14164085
20261008-044702-3c2153c-55a5-n16-r13	13	c100	sample	1	1-SRR5935785	mode	parallel
20261008-044702-3c2153c-55a5-n16-r13	13	c100	sample	1	1-SRR5935785	s3client	sdk
20261008-044702-3c2153c-55a5-n16-r13	13	c100	sample	1	1-SRR5935785	rank	13
20261008-044702-3c2153c-55a5-n16-r13	13	c100	sample	1	1-SRR5935785	role	home
20261008-044702-3c2153c-55a5-n16-r13	13	c100	sample	1	1-SRR5935785	inflight	2
20261008-044702-3c2153c-55a5-n16-r13	13	c100	sample	1	1-SRR5935785	threads	16
20261008-044702-3c2153c-55a5-n16-r13	13	c100	sample	1	1-SRR5935785	start_s	100.471424
20261008-044702-3c2153c-55a5-n16-r13	13	c100	sample	1	1-SRR5935785	wall_s	14.145984
20261008-044702-3c2153c-55a5-n16-r13	13	c100	sample	1	1-SRR5935785	setup_s	0.000068
20261008-044702-3c2153c-55a5-n16-r13	13	c100	sample	1	1-SRR5935785	classify_s	13.654772
20261008-044702-3c2153c-55a5-n16-r13	13	c100	sample	1	1-SRR5935785	close_s	0.195911
20261008-044702-3c2153c-55a5-n16-r13	13	c100	sample	1	1-SRR5935785	report_s	0.276975
20261008-044702-3c2153c-55a5-n16-r13	13	c100	sample	1	1-SRR5935785	status	0
20261008-044702-3c2153c-55a5-n16-r13	13	c100	sample	1	1-SRR5935785	sequences	13817496
20261008-044702-3c2153c-55a5-n16-r13	13	c100	sample	1	1-SRR5935785	bases	2535866229
20261008-044702-3c2153c-55a5-n16-r13	13	c100	sample	1	1-SRR5935785	classified	12277050
20261008-044702-3c2153c-55a5-n16-r13	13	c100	sample	1	1-SRR5935785	place	mod
20261008-044702-3c2153c-55a5-n16-r13	13	c100	sample	1	1-SRR5935785	weight	13817496
20261008-044702-3c2153c-55a5-n16-r13	13	c100	sample	1	1-SRR5935801	mode	parallel
20261008-044702-3c2153c-55a5-n16-r13	13	c100	sample	1	1-SRR5935801	s3client	sdk
20261008-044702-3c2153c-55a5-n16-r13	13	c100	sample	1	1-SRR5935801	rank	13
20261008-044702-3c2153c-55a5-n16-r13	13	c100	sample	1	1-SRR5935801	role	home
20261008-044702-3c2153c-55a5-n16-r13	13	c100	sample	1	1-SRR5935801	inflight	2
20261008-044702-3c2153c-55a5-n16-r13	13	c100	sample	1	1-SRR5935801	threads	16
20261008-044702-3c2153c-55a5-n16-r13	13	c100	sample	1	1-SRR5935801	start_s	102.873396
20261008-044702-3c2153c-55a5-n16-r13	13	c100	sample	1	1-SRR5935801	wall_s	13.367920
20261008-044702-3c2153c-55a5-n16-r13	13	c100	sample	1	1-SRR5935801	setup_s	0.000071
20261008-044702-3c2153c-55a5-n16-r13	13	c100	sample	1	1-SRR5935801	classify_s	12.973601
20261008-044702-3c2153c-55a5-n16-r13	13	c100	sample	1	1-SRR5935801	close_s	0.208016
20261008-044702-3c2153c-55a5-n16-r13	13	c100	sample	1	1-SRR5935801	report_s	0.172646
20261008-044702-3c2153c-55a5-n16-r13	13	c100	sample	1	1-SRR5935801	status	0
20261008-044702-3c2153c-55a5-n16-r13	13	c100	sample	1	1-SRR5935801	sequences	13162386
20261008-044702-3c2153c-55a5-n16-r13	13	c100	sample	1	1-SRR5935801	bases	2465096767
20261008-044702-3c2153c-55a5-n16-r13	13	c100	sample	1	1-SRR5935801	classified	12297712
20261008-044702-3c2153c-55a5-n16-r13	13	c100	sample	1	1-SRR5935801	place	mod
20261008-044702-3c2153c-55a5-n16-r13	13	c100	sample	1	1-SRR5935801	weight	13162386
20261008-044702-3c2153c-55a5-n16-r13	13	c100	sample	1	1-SRR5935817	mode	parallel
20261008-044702-3c2153c-55a5-n16-r13	13	c100	sample	1	1-SRR5935817	s3client	sdk
20261008-044702-3c2153c-55a5-n16-r13	13	c100	sample	1	1-SRR5935817	rank	13
20261008-044702-3c2153c-55a5-n16-r13	13	c100	sample	1	1-SRR5935817	role	home
20261008-044702-3c2153c-55a5-n16-r13	13	c100	sample	1	1-SRR5935817	inflight	2
20261008-044702-3c2153c-55a5-n16-r13	13	c100	sample	1	1-SRR5935817	threads	16
20261008-044702-3c2153c-55a5-n16-r13	13	c100	sample	1	1-SRR5935817	start_s	114.617567
20261008-044702-3c2153c-55a5-n16-r13	13	c100	sample	1	1-SRR5935817	wall_s	14.053224
20261008-044702-3c2153c-55a5-n16-r13	13	c100	sample	1	1-SRR5935817	setup_s	0.000064
20261008-044702-3c2153c-55a5-n16-r13	13	c100	sample	1	1-SRR5935817	classify_s	13.562155
20261008-044702-3c2153c-55a5-n16-r13	13	c100	sample	1	1-SRR5935817	close_s	0.334858
20261008-044702-3c2153c-55a5-n16-r13	13	c100	sample	1	1-SRR5935817	report_s	0.147843
20261008-044702-3c2153c-55a5-n16-r13	13	c100	sample	1	1-SRR5935817	status	0
20261008-044702-3c2153c-55a5-n16-r13	13	c100	sample	1	1-SRR5935817	sequences	14261195
20261008-044702-3c2153c-55a5-n16-r13	13	c100	sample	1	1-SRR5935817	bases	2665696979
20261008-044702-3c2153c-55a5-n16-r13	13	c100	sample	1	1-SRR5935817	classified	13980324
20261008-044702-3c2153c-55a5-n16-r13	13	c100	sample	1	1-SRR5935817	place	mod
20261008-044702-3c2153c-55a5-n16-r13	13	c100	sample	1	1-SRR5935817	weight	14261195
20261008-044702-3c2153c-55a5-n16-r13	13	c100	sample	1	1-SRR5935833	mode	parallel
20261008-044702-3c2153c-55a5-n16-r13	13	c100	sample	1	1-SRR5935833	s3client	sdk
20261008-044702-3c2153c-55a5-n16-r13	13	c100	sample	1	1-SRR5935833	rank	13
20261008-044702-3c2153c-55a5-n16-r13	13	c100	sample	1	1-SRR5935833	role	home
20261008-044702-3c2153c-55a5-n16-r13	13	c100	sample	1	1-SRR5935833	inflight	2
20261008-044702-3c2153c-55a5-n16-r13	13	c100	sample	1	1-SRR5935833	threads	16
20261008-044702-3c2153c-55a5-n16-r13	13	c100	sample	1	1-SRR5935833	start_s	116.241383
20261008-044702-3c2153c-55a5-n16-r13	13	c100	sample	1	1-SRR5935833	wall_s	12.779759
20261008-044702-3c2153c-55a5-n16-r13	13	c100	sample	1	1-SRR5935833	setup_s	0.000068
20261008-044702-3c2153c-55a5-n16-r13	13	c100	sample	1	1-SRR5935833	classify_s	12.169490
20261008-044702-3c2153c-55a5-n16-r13	13	c100	sample	1	1-SRR5935833	close_s	0.446035
20261008-044702-3c2153c-55a5-n16-r13	13	c100	sample	1	1-SRR5935833	report_s	0.148213
20261008-044702-3c2153c-55a5-n16-r13	13	c100	sample	1	1-SRR5935833	status	0
20261008-044702-3c2153c-55a5-n16-r13	13	c100	sample	1	1-SRR5935833	sequences	12711109
20261008-044702-3c2153c-55a5-n16-r13	13	c100	sample	1	1-SRR5935833	bases	2382418955
20261008-044702-3c2153c-55a5-n16-r13	13	c100	sample	1	1-SRR5935833	classified	11452616
20261008-044702-3c2153c-55a5-n16-r13	13	c100	sample	1	1-SRR5935833	place	mod
20261008-044702-3c2153c-55a5-n16-r13	13	c100	sample	1	1-SRR5935833	weight	12711109
20261008-044702-3c2153c-55a5-n16-r13	13	c100	phase			batch-barrier-1	4.216067
20261008-044702-3c2153c-55a5-n16-r13	13	c100	phase			batch-barrier-1.start_s	129.021164
20261008-044702-3c2153c-55a5-n16-r13	13	c100	sample	2	2-SRR5935744	mode	parallel
20261008-044702-3c2153c-55a5-n16-r13	13	c100	sample	2	2-SRR5935744	s3client	sdk
20261008-044702-3c2153c-55a5-n16-r13	13	c100	sample	2	2-SRR5935744	rank	13
20261008-044702-3c2153c-55a5-n16-r13	13	c100	sample	2	2-SRR5935744	role	home
20261008-044702-3c2153c-55a5-n16-r13	13	c100	sample	2	2-SRR5935744	inflight	2
20261008-044702-3c2153c-55a5-n16-r13	13	c100	sample	2	2-SRR5935744	threads	16
20261008-044702-3c2153c-55a5-n16-r13	13	c100	sample	2	2-SRR5935744	start_s	133.237279
20261008-044702-3c2153c-55a5-n16-r13	13	c100	sample	2	2-SRR5935744	wall_s	16.534350
20261008-044702-3c2153c-55a5-n16-r13	13	c100	sample	2	2-SRR5935744	setup_s	0.000052
20261008-044702-3c2153c-55a5-n16-r13	13	c100	sample	2	2-SRR5935744	classify_s	16.072372
20261008-044702-3c2153c-55a5-n16-r13	13	c100	sample	2	2-SRR5935744	close_s	0.314086
20261008-044702-3c2153c-55a5-n16-r13	13	c100	sample	2	2-SRR5935744	report_s	0.138564
20261008-044702-3c2153c-55a5-n16-r13	13	c100	sample	2	2-SRR5935744	status	0
20261008-044702-3c2153c-55a5-n16-r13	13	c100	sample	2	2-SRR5935744	sequences	15328347
20261008-044702-3c2153c-55a5-n16-r13	13	c100	sample	2	2-SRR5935744	bases	2853526686
20261008-044702-3c2153c-55a5-n16-r13	13	c100	sample	2	2-SRR5935744	classified	14998872
20261008-044702-3c2153c-55a5-n16-r13	13	c100	sample	2	2-SRR5935744	place	lpt
20261008-044702-3c2153c-55a5-n16-r13	13	c100	sample	2	2-SRR5935744	weight	15328347
20261008-044702-3c2153c-55a5-n16-r13	13	c100	sample	2	2-SRR5935827	mode	parallel
20261008-044702-3c2153c-55a5-n16-r13	13	c100	sample	2	2-SRR5935827	s3client	sdk
20261008-044702-3c2153c-55a5-n16-r13	13	c100	sample	2	2-SRR5935827	rank	13
20261008-044702-3c2153c-55a5-n16-r13	13	c100	sample	2	2-SRR5935827	role	home
20261008-044702-3c2153c-55a5-n16-r13	13	c100	sample	2	2-SRR5935827	inflight	2
20261008-044702-3c2153c-55a5-n16-r13	13	c100	sample	2	2-SRR5935827	threads	16
20261008-044702-3c2153c-55a5-n16-r13	13	c100	sample	2	2-SRR5935827	start_s	133.237286
20261008-044702-3c2153c-55a5-n16-r13	13	c100	sample	2	2-SRR5935827	wall_s	17.254452
20261008-044702-3c2153c-55a5-n16-r13	13	c100	sample	2	2-SRR5935827	setup_s	0.000048
20261008-044702-3c2153c-55a5-n16-r13	13	c100	sample	2	2-SRR5935827	classify_s	16.774481
20261008-044702-3c2153c-55a5-n16-r13	13	c100	sample	2	2-SRR5935827	close_s	0.284145
20261008-044702-3c2153c-55a5-n16-r13	13	c100	sample	2	2-SRR5935827	report_s	0.186035
20261008-044702-3c2153c-55a5-n16-r13	13	c100	sample	2	2-SRR5935827	status	0
20261008-044702-3c2153c-55a5-n16-r13	13	c100	sample	2	2-SRR5935827	sequences	16260968
20261008-044702-3c2153c-55a5-n16-r13	13	c100	sample	2	2-SRR5935827	bases	3012837135
20261008-044702-3c2153c-55a5-n16-r13	13	c100	sample	2	2-SRR5935827	classified	15948766
20261008-044702-3c2153c-55a5-n16-r13	13	c100	sample	2	2-SRR5935827	place	lpt
20261008-044702-3c2153c-55a5-n16-r13	13	c100	sample	2	2-SRR5935827	weight	16260968
20261008-044702-3c2153c-55a5-n16-r13	13	c100	sample	2	2-SRR5935740	mode	parallel
20261008-044702-3c2153c-55a5-n16-r13	13	c100	sample	2	2-SRR5935740	s3client	sdk
20261008-044702-3c2153c-55a5-n16-r13	13	c100	sample	2	2-SRR5935740	rank	13
20261008-044702-3c2153c-55a5-n16-r13	13	c100	sample	2	2-SRR5935740	role	home
20261008-044702-3c2153c-55a5-n16-r13	13	c100	sample	2	2-SRR5935740	inflight	2
20261008-044702-3c2153c-55a5-n16-r13	13	c100	sample	2	2-SRR5935740	threads	16
20261008-044702-3c2153c-55a5-n16-r13	13	c100	sample	2	2-SRR5935740	start_s	150.491769
20261008-044702-3c2153c-55a5-n16-r13	13	c100	sample	2	2-SRR5935740	wall_s	11.409399
20261008-044702-3c2153c-55a5-n16-r13	13	c100	sample	2	2-SRR5935740	setup_s	0.000060
20261008-044702-3c2153c-55a5-n16-r13	13	c100	sample	2	2-SRR5935740	classify_s	10.920102
20261008-044702-3c2153c-55a5-n16-r13	13	c100	sample	2	2-SRR5935740	close_s	0.267974
20261008-044702-3c2153c-55a5-n16-r13	13	c100	sample	2	2-SRR5935740	report_s	0.201341
20261008-044702-3c2153c-55a5-n16-r13	13	c100	sample	2	2-SRR5935740	status	0
20261008-044702-3c2153c-55a5-n16-r13	13	c100	sample	2	2-SRR5935740	sequences	10532910
20261008-044702-3c2153c-55a5-n16-r13	13	c100	sample	2	2-SRR5935740	bases	1945093294
20261008-044702-3c2153c-55a5-n16-r13	13	c100	sample	2	2-SRR5935740	classified	9366399
20261008-044702-3c2153c-55a5-n16-r13	13	c100	sample	2	2-SRR5935740	place	lpt
20261008-044702-3c2153c-55a5-n16-r13	13	c100	sample	2	2-SRR5935740	weight	10532910
20261008-044702-3c2153c-55a5-n16-r13	13	c100	sample	2	2-SRR5935766	mode	parallel
20261008-044702-3c2153c-55a5-n16-r13	13	c100	sample	2	2-SRR5935766	s3client	sdk
20261008-044702-3c2153c-55a5-n16-r13	13	c100	sample	2	2-SRR5935766	rank	13
20261008-044702-3c2153c-55a5-n16-r13	13	c100	sample	2	2-SRR5935766	role	home
20261008-044702-3c2153c-55a5-n16-r13	13	c100	sample	2	2-SRR5935766	inflight	2
20261008-044702-3c2153c-55a5-n16-r13	13	c100	sample	2	2-SRR5935766	threads	16
20261008-044702-3c2153c-55a5-n16-r13	13	c100	sample	2	2-SRR5935766	start_s	149.771719
20261008-044702-3c2153c-55a5-n16-r13	13	c100	sample	2	2-SRR5935766	wall_s	14.243803
20261008-044702-3c2153c-55a5-n16-r13	13	c100	sample	2	2-SRR5935766	setup_s	0.000066
20261008-044702-3c2153c-55a5-n16-r13	13	c100	sample	2	2-SRR5935766	classify_s	13.858550
20261008-044702-3c2153c-55a5-n16-r13	13	c100	sample	2	2-SRR5935766	close_s	0.213971
20261008-044702-3c2153c-55a5-n16-r13	13	c100	sample	2	2-SRR5935766	report_s	0.160787
20261008-044702-3c2153c-55a5-n16-r13	13	c100	sample	2	2-SRR5935766	status	0
20261008-044702-3c2153c-55a5-n16-r13	13	c100	sample	2	2-SRR5935766	sequences	14120624
20261008-044702-3c2153c-55a5-n16-r13	13	c100	sample	2	2-SRR5935766	bases	2649393059
20261008-044702-3c2153c-55a5-n16-r13	13	c100	sample	2	2-SRR5935766	classified	13394795
20261008-044702-3c2153c-55a5-n16-r13	13	c100	sample	2	2-SRR5935766	place	lpt
20261008-044702-3c2153c-55a5-n16-r13	13	c100	sample	2	2-SRR5935766	weight	14120624
20261008-044702-3c2153c-55a5-n16-r13	13	c100	sample	2	2-SRR5935781	mode	parallel
20261008-044702-3c2153c-55a5-n16-r13	13	c100	sample	2	2-SRR5935781	s3client	sdk
20261008-044702-3c2153c-55a5-n16-r13	13	c100	sample	2	2-SRR5935781	rank	13
20261008-044702-3c2153c-55a5-n16-r13	13	c100	sample	2	2-SRR5935781	role	home
20261008-044702-3c2153c-55a5-n16-r13	13	c100	sample	2	2-SRR5935781	inflight	2
20261008-044702-3c2153c-55a5-n16-r13	13	c100	sample	2	2-SRR5935781	threads	16
20261008-044702-3c2153c-55a5-n16-r13	13	c100	sample	2	2-SRR5935781	start_s	161.901240
20261008-044702-3c2153c-55a5-n16-r13	13	c100	sample	2	2-SRR5935781	wall_s	9.009718
20261008-044702-3c2153c-55a5-n16-r13	13	c100	sample	2	2-SRR5935781	setup_s	0.000067
20261008-044702-3c2153c-55a5-n16-r13	13	c100	sample	2	2-SRR5935781	classify_s	8.612127
20261008-044702-3c2153c-55a5-n16-r13	13	c100	sample	2	2-SRR5935781	close_s	0.215249
20261008-044702-3c2153c-55a5-n16-r13	13	c100	sample	2	2-SRR5935781	report_s	0.176812
20261008-044702-3c2153c-55a5-n16-r13	13	c100	sample	2	2-SRR5935781	status	0
20261008-044702-3c2153c-55a5-n16-r13	13	c100	sample	2	2-SRR5935781	sequences	8486948
20261008-044702-3c2153c-55a5-n16-r13	13	c100	sample	2	2-SRR5935781	bases	1613121343
20261008-044702-3c2153c-55a5-n16-r13	13	c100	sample	2	2-SRR5935781	classified	8270605
20261008-044702-3c2153c-55a5-n16-r13	13	c100	sample	2	2-SRR5935781	place	lpt
20261008-044702-3c2153c-55a5-n16-r13	13	c100	sample	2	2-SRR5935781	weight	8486948
20261008-044702-3c2153c-55a5-n16-r13	13	c100	sample	2	2-SRR5935836	mode	parallel
20261008-044702-3c2153c-55a5-n16-r13	13	c100	sample	2	2-SRR5935836	s3client	sdk
20261008-044702-3c2153c-55a5-n16-r13	13	c100	sample	2	2-SRR5935836	rank	13
20261008-044702-3c2153c-55a5-n16-r13	13	c100	sample	2	2-SRR5935836	role	home
20261008-044702-3c2153c-55a5-n16-r13	13	c100	sample	2	2-SRR5935836	inflight	2
20261008-044702-3c2153c-55a5-n16-r13	13	c100	sample	2	2-SRR5935836	threads	16
20261008-044702-3c2153c-55a5-n16-r13	13	c100	sample	2	2-SRR5935836	start_s	164.015587
20261008-044702-3c2153c-55a5-n16-r13	13	c100	sample	2	2-SRR5935836	wall_s	7.363473
20261008-044702-3c2153c-55a5-n16-r13	13	c100	sample	2	2-SRR5935836	setup_s	0.000074
20261008-044702-3c2153c-55a5-n16-r13	13	c100	sample	2	2-SRR5935836	classify_s	6.944929
20261008-044702-3c2153c-55a5-n16-r13	13	c100	sample	2	2-SRR5935836	close_s	0.272452
20261008-044702-3c2153c-55a5-n16-r13	13	c100	sample	2	2-SRR5935836	report_s	0.139148
20261008-044702-3c2153c-55a5-n16-r13	13	c100	sample	2	2-SRR5935836	status	0
20261008-044702-3c2153c-55a5-n16-r13	13	c100	sample	2	2-SRR5935836	sequences	7326365
20261008-044702-3c2153c-55a5-n16-r13	13	c100	sample	2	2-SRR5935836	bases	1333066620
20261008-044702-3c2153c-55a5-n16-r13	13	c100	sample	2	2-SRR5935836	classified	6965607
20261008-044702-3c2153c-55a5-n16-r13	13	c100	sample	2	2-SRR5935836	place	lpt
20261008-044702-3c2153c-55a5-n16-r13	13	c100	sample	2	2-SRR5935836	weight	7326365
20261008-044702-3c2153c-55a5-n16-r13	13	c100	phase			batch-barrier-2	2.036983
20261008-044702-3c2153c-55a5-n16-r13	13	c100	phase			batch-barrier-2.start_s	171.379082
20261008-044702-3c2153c-55a5-n16-r13	13	c100	phase			barrier	0.294640
20261008-044702-3c2153c-55a5-n16-r13	13	c100	phase			barrier.start_s	179.979691
20261008-044702-3c2153c-55a5-n16-r13	13	c100	sample	3	3-SRR5935740	mode	striped
20261008-044702-3c2153c-55a5-n16-r13	13	c100	sample	3	3-SRR5935740	s3client	sdk
20261008-044702-3c2153c-55a5-n16-r13	13	c100	sample	3	3-SRR5935740	rank	13
20261008-044702-3c2153c-55a5-n16-r13	13	c100	sample	3	3-SRR5935740	role	peer
20261008-044702-3c2153c-55a5-n16-r13	13	c100	sample	3	3-SRR5935740	inflight	1
20261008-044702-3c2153c-55a5-n16-r13	13	c100	sample	3	3-SRR5935740	threads	16
20261008-044702-3c2153c-55a5-n16-r13	13	c100	sample	3	3-SRR5935740	start_s	174.286812
20261008-044702-3c2153c-55a5-n16-r13	13	c100	sample	3	3-SRR5935740	wall_s	5.987573
20261008-044702-3c2153c-55a5-n16-r13	13	c100	sample	3	3-SRR5935740	setup_s	0.000050
20261008-044702-3c2153c-55a5-n16-r13	13	c100	sample	3	3-SRR5935740	classify_s	5.688681
20261008-044702-3c2153c-55a5-n16-r13	13	c100	sample	3	3-SRR5935740	close_s	0.000000
20261008-044702-3c2153c-55a5-n16-r13	13	c100	sample	3	3-SRR5935740	report_s	0.000000
20261008-044702-3c2153c-55a5-n16-r13	13	c100	sample	3	3-SRR5935740	status	0
20261008-044702-3c2153c-55a5-n16-r13	13	c100	sample	3	3-SRR5935740	sequences	0
20261008-044702-3c2153c-55a5-n16-r13	13	c100	sample	3	3-SRR5935740	bases	0
20261008-044702-3c2153c-55a5-n16-r13	13	c100	sample	3	3-SRR5935740	classified	0
20261008-044702-3c2153c-55a5-n16-r13	13	c100	sample	3	3-SRR5935740	place	-
20261008-044702-3c2153c-55a5-n16-r13	13	c100	sample	3	3-SRR5935740	weight	-
20261008-044702-3c2153c-55a5-n16-r13	13	c100	phase			batch-barrier-3	0.523643
20261008-044702-3c2153c-55a5-n16-r13	13	c100	phase			batch-barrier-3.start_s	180.274399
20261008-044702-3c2153c-55a5-n16-r13	13	c100	phase			barrier	0.105762
20261008-044702-3c2153c-55a5-n16-r13	13	c100	phase			barrier.start_s	187.241463
20261008-044702-3c2153c-55a5-n16-r13	13	c100	sample	4	4-SRR5935740	mode	striped
20261008-044702-3c2153c-55a5-n16-r13	13	c100	sample	4	4-SRR5935740	s3client	sdk
20261008-044702-3c2153c-55a5-n16-r13	13	c100	sample	4	4-SRR5935740	rank	13
20261008-044702-3c2153c-55a5-n16-r13	13	c100	sample	4	4-SRR5935740	role	peer
20261008-044702-3c2153c-55a5-n16-r13	13	c100	sample	4	4-SRR5935740	inflight	1
20261008-044702-3c2153c-55a5-n16-r13	13	c100	sample	4	4-SRR5935740	threads	16
20261008-044702-3c2153c-55a5-n16-r13	13	c100	sample	4	4-SRR5935740	start_s	181.577922
20261008-044702-3c2153c-55a5-n16-r13	13	c100	sample	4	4-SRR5935740	wall_s	5.769343
20261008-044702-3c2153c-55a5-n16-r13	13	c100	sample	4	4-SRR5935740	setup_s	0.000052
20261008-044702-3c2153c-55a5-n16-r13	13	c100	sample	4	4-SRR5935740	classify_s	5.659401
20261008-044702-3c2153c-55a5-n16-r13	13	c100	sample	4	4-SRR5935740	close_s	0.000000
20261008-044702-3c2153c-55a5-n16-r13	13	c100	sample	4	4-SRR5935740	report_s	0.000000
20261008-044702-3c2153c-55a5-n16-r13	13	c100	sample	4	4-SRR5935740	status	0
20261008-044702-3c2153c-55a5-n16-r13	13	c100	sample	4	4-SRR5935740	sequences	0
20261008-044702-3c2153c-55a5-n16-r13	13	c100	sample	4	4-SRR5935740	bases	0
20261008-044702-3c2153c-55a5-n16-r13	13	c100	sample	4	4-SRR5935740	classified	0
20261008-044702-3c2153c-55a5-n16-r13	13	c100	sample	4	4-SRR5935740	place	-
20261008-044702-3c2153c-55a5-n16-r13	13	c100	sample	4	4-SRR5935740	weight	-
20261008-044702-3c2153c-55a5-n16-r13	13	c100	phase			batch-barrier-4	0.474486
20261008-044702-3c2153c-55a5-n16-r13	13	c100	phase			batch-barrier-4.start_s	187.347276
20261008-044702-3c2153c-55a5-n16-r13	13	c100	phase			barrier	0.112922
20261008-044702-3c2153c-55a5-n16-r13	13	c100	phase			barrier.start_s	194.336584
20261008-044702-3c2153c-55a5-n16-r13	13	c100	sample	5	5-SRR5935740	mode	striped
20261008-044702-3c2153c-55a5-n16-r13	13	c100	sample	5	5-SRR5935740	s3client	sdk
20261008-044702-3c2153c-55a5-n16-r13	13	c100	sample	5	5-SRR5935740	rank	13
20261008-044702-3c2153c-55a5-n16-r13	13	c100	sample	5	5-SRR5935740	role	peer
20261008-044702-3c2153c-55a5-n16-r13	13	c100	sample	5	5-SRR5935740	inflight	1
20261008-044702-3c2153c-55a5-n16-r13	13	c100	sample	5	5-SRR5935740	threads	16
20261008-044702-3c2153c-55a5-n16-r13	13	c100	sample	5	5-SRR5935740	start_s	188.670829
20261008-044702-3c2153c-55a5-n16-r13	13	c100	sample	5	5-SRR5935740	wall_s	5.778722
20261008-044702-3c2153c-55a5-n16-r13	13	c100	sample	5	5-SRR5935740	setup_s	0.000053
20261008-044702-3c2153c-55a5-n16-r13	13	c100	sample	5	5-SRR5935740	classify_s	5.661023
20261008-044702-3c2153c-55a5-n16-r13	13	c100	sample	5	5-SRR5935740	close_s	0.000000
20261008-044702-3c2153c-55a5-n16-r13	13	c100	sample	5	5-SRR5935740	report_s	0.000000
20261008-044702-3c2153c-55a5-n16-r13	13	c100	sample	5	5-SRR5935740	status	0
20261008-044702-3c2153c-55a5-n16-r13	13	c100	sample	5	5-SRR5935740	sequences	0
20261008-044702-3c2153c-55a5-n16-r13	13	c100	sample	5	5-SRR5935740	bases	0
20261008-044702-3c2153c-55a5-n16-r13	13	c100	sample	5	5-SRR5935740	classified	0
20261008-044702-3c2153c-55a5-n16-r13	13	c100	sample	5	5-SRR5935740	place	-
20261008-044702-3c2153c-55a5-n16-r13	13	c100	sample	5	5-SRR5935740	weight	-
20261008-044702-3c2153c-55a5-n16-r13	13	c100	phase			batch-barrier-5	0.824327
20261008-044702-3c2153c-55a5-n16-r13	13	c100	phase			batch-barrier-5.start_s	194.449561
20261008-044702-3c2153c-55a5-n16-r13	13	c100	phase			batch-barrier-6	7.080158
20261008-044702-3c2153c-55a5-n16-r13	13	c100	phase			batch-barrier-6.start_s	195.273914
20261008-044702-3c2153c-55a5-n16-r13	13	c100	phase			batch-barrier-7	7.176312
20261008-044702-3c2153c-55a5-n16-r13	13	c100	phase			batch-barrier-7.start_s	202.354092
20261008-044702-3c2153c-55a5-n16-r13	13	c100	phase			batch-barrier-8	7.184052
20261008-044702-3c2153c-55a5-n16-r13	13	c100	phase			batch-barrier-8.start_s	209.530428
20261008-044702-3c2153c-55a5-n16-r13	13	c100	engine.shard			index	0
20261008-044702-3c2153c-55a5-n16-r13	13	c100	engine.shard			n	16
20261008-044702-3c2153c-55a5-n16-r13	13	c100	engine.shard			lo	241534245827
20261008-044702-3c2153c-55a5-n16-r13	13	c100	engine.shard			hi	260113803199
20261008-044702-3c2153c-55a5-n16-r13	13	c100	engine.shard			tail	302
20261008-044702-3c2153c-55a5-n16-r13	13	c100	engine.shard			full	false
20261008-044702-3c2153c-55a5-n16-r13	13	c100	engine.shard			empty_at	18579557376
20261008-044702-3c2153c-55a5-n16-r13	13	c100	engine.shard			keys	8471698086
20261008-044702-3c2153c-55a5-n16-r13	13	c100	engine.shard			batches	89910
20261008-044702-3c2153c-55a5-n16-r13	13	c100	engine.shard			probe_s	210.832154
20261008-044702-3c2153c-55a5-n16-r13	13	c100	engine.shard			tail_probes	0
20261008-044702-3c2153c-55a5-n16-r13	13	c100	engine.shard			wrap_probes	0
20261008-044702-3c2153c-55a5-n16-r13	13	c100	engine.rendezvous			puts	13
20261008-044702-3c2153c-55a5-n16-r13	13	c100	engine.rendezvous			gets	331
20261008-044702-3c2153c-55a5-n16-r13	13	c100	engine.s3			client	sdk
20261008-044702-3c2153c-55a5-n16-r13	13	c100	engine.s3			put	31
20261008-044702-3c2153c-55a5-n16-r13	13	c100	engine.s3			get	331
20261008-044702-3c2153c-55a5-n16-r13	13	c100	engine.s3			create_multipart	18
20261008-044702-3c2153c-55a5-n16-r13	13	c100	engine.s3			upload_part	2388
20261008-044702-3c2153c-55a5-n16-r13	13	c100	engine.s3			complete_multipart	18
20261008-044702-3c2153c-55a5-n16-r13	13	c100	engine.s3			abort_multipart	0
20261008-044702-3c2153c-55a5-n16-r13	13	c100	engine.s3			part_bytes	19960580095
20261008-044702-3c2153c-55a5-n16-r13	13	c100	engine.s3			client	cli
20261008-044702-3c2153c-55a5-n16-r13	13	c100	engine.s3			put	0
20261008-044702-3c2153c-55a5-n16-r13	13	c100	engine.s3			get	0
20261008-044702-3c2153c-55a5-n16-r13	13	c100	engine.s3			create_multipart	0
20261008-044702-3c2153c-55a5-n16-r13	13	c100	engine.s3			upload_part	0
20261008-044702-3c2153c-55a5-n16-r13	13	c100	engine.s3			complete_multipart	0
20261008-044702-3c2153c-55a5-n16-r13	13	c100	engine.s3			abort_multipart	0
20261008-044702-3c2153c-55a5-n16-r13	13	c100	engine.s3			part_bytes	0
20261008-044702-3c2153c-55a5-n16-r13	13	c100	engine.load			seconds	40.374044
20261008-044702-3c2153c-55a5-n16-r13	13	c100	engine.load			requests	1126
20261008-044702-3c2153c-55a5-n16-r13	13	c100	engine.load			retries	0
20261008-044702-3c2153c-55a5-n16-r13	13	c100	engine.load			bytes	74318296296
20261008-044702-3c2153c-55a5-n16-r13	13	c100	engine.route			transport	nodes
20261008-044702-3c2153c-55a5-n16-r13	13	c100	engine.route			calls	5951
20261008-044702-3c2153c-55a5-n16-r13	13	c100	engine.route			keys	9003002404
20261008-044702-3c2153c-55a5-n16-r13	13	c100	engine.route			batches	95216
20261008-044702-3c2153c-55a5-n16-r13	13	c100	engine.route			route_s	105.017093
20261008-044702-3c2153c-55a5-n16-r13	13	c100	engine.route			wait_s	373.054060
20261008-044702-3c2153c-55a5-n16-r13	13	c100	engine.route			gather_s	21.163726
20261008-044702-3c2153c-55a5-n16-r13	13	c100	engine.worker			scan_s	792.546585
20261008-044702-3c2153c-55a5-n16-r13	13	c100	engine.worker			lookup_s	499.244898
20261008-044702-3c2153c-55a5-n16-r13	13	c100	engine.worker			classify_s	690.808862
20261008-044702-3c2153c-55a5-n16-r13	13	c100	phase			total	216.847392
20261008-044702-3c2153c-55a5-n16-r13	13	c100	phase			total.start_s	0.000001
20261008-044702-3c2153c-55a5-n16-r14	14	c100	phase			taxo	0.092974
20261008-044702-3c2153c-55a5-n16-r14	14	c100	phase			taxo.start_s	0.002867
20261008-044702-3c2153c-55a5-n16-r14	14	c100	phase			shard-load-14	41.570916
20261008-044702-3c2153c-55a5-n16-r14	14	c100	phase			shard-load-14.start_s	0.157572
20261008-044702-3c2153c-55a5-n16-r14	14	c100	phase			rendezvous	3.078432
20261008-044702-3c2153c-55a5-n16-r14	14	c100	phase			rendezvous.start_s	42.163951
20261008-044702-3c2153c-55a5-n16-r14	14	c100	phase			connect	0.073547
20261008-044702-3c2153c-55a5-n16-r14	14	c100	phase			connect.start_s	45.242397
20261008-044702-3c2153c-55a5-n16-r14	14	c100	phase			hash	45.220097
20261008-044702-3c2153c-55a5-n16-r14	14	c100	phase			hash.start_s	0.095863
20261008-044702-3c2153c-55a5-n16-r14	14	c100	sample	0	0-SRR5935808	mode	parallel
20261008-044702-3c2153c-55a5-n16-r14	14	c100	sample	0	0-SRR5935808	s3client	sdk
20261008-044702-3c2153c-55a5-n16-r14	14	c100	sample	0	0-SRR5935808	rank	14
20261008-044702-3c2153c-55a5-n16-r14	14	c100	sample	0	0-SRR5935808	role	home
20261008-044702-3c2153c-55a5-n16-r14	14	c100	sample	0	0-SRR5935808	inflight	2
20261008-044702-3c2153c-55a5-n16-r14	14	c100	sample	0	0-SRR5935808	threads	16
20261008-044702-3c2153c-55a5-n16-r14	14	c100	sample	0	0-SRR5935808	start_s	45.315992
20261008-044702-3c2153c-55a5-n16-r14	14	c100	sample	0	0-SRR5935808	wall_s	16.381768
20261008-044702-3c2153c-55a5-n16-r14	14	c100	sample	0	0-SRR5935808	setup_s	0.000041
20261008-044702-3c2153c-55a5-n16-r14	14	c100	sample	0	0-SRR5935808	classify_s	15.814214
20261008-044702-3c2153c-55a5-n16-r14	14	c100	sample	0	0-SRR5935808	close_s	0.373034
20261008-044702-3c2153c-55a5-n16-r14	14	c100	sample	0	0-SRR5935808	report_s	0.184790
20261008-044702-3c2153c-55a5-n16-r14	14	c100	sample	0	0-SRR5935808	status	0
20261008-044702-3c2153c-55a5-n16-r14	14	c100	sample	0	0-SRR5935808	sequences	15500933
20261008-044702-3c2153c-55a5-n16-r14	14	c100	sample	0	0-SRR5935808	bases	2889469649
20261008-044702-3c2153c-55a5-n16-r14	14	c100	sample	0	0-SRR5935808	classified	14777244
20261008-044702-3c2153c-55a5-n16-r14	14	c100	sample	0	0-SRR5935808	place	lpt
20261008-044702-3c2153c-55a5-n16-r14	14	c100	sample	0	0-SRR5935808	weight	15500933
20261008-044702-3c2153c-55a5-n16-r14	14	c100	sample	0	0-SRR5935770	mode	parallel
20261008-044702-3c2153c-55a5-n16-r14	14	c100	sample	0	0-SRR5935770	s3client	sdk
20261008-044702-3c2153c-55a5-n16-r14	14	c100	sample	0	0-SRR5935770	rank	14
20261008-044702-3c2153c-55a5-n16-r14	14	c100	sample	0	0-SRR5935770	role	home
20261008-044702-3c2153c-55a5-n16-r14	14	c100	sample	0	0-SRR5935770	inflight	2
20261008-044702-3c2153c-55a5-n16-r14	14	c100	sample	0	0-SRR5935770	threads	16
20261008-044702-3c2153c-55a5-n16-r14	14	c100	sample	0	0-SRR5935770	start_s	45.315997
20261008-044702-3c2153c-55a5-n16-r14	14	c100	sample	0	0-SRR5935770	wall_s	17.095012
20261008-044702-3c2153c-55a5-n16-r14	14	c100	sample	0	0-SRR5935770	setup_s	0.000054
20261008-044702-3c2153c-55a5-n16-r14	14	c100	sample	0	0-SRR5935770	classify_s	16.266921
20261008-044702-3c2153c-55a5-n16-r14	14	c100	sample	0	0-SRR5935770	close_s	0.546998
20261008-044702-3c2153c-55a5-n16-r14	14	c100	sample	0	0-SRR5935770	report_s	0.270888
20261008-044702-3c2153c-55a5-n16-r14	14	c100	sample	0	0-SRR5935770	status	0
20261008-044702-3c2153c-55a5-n16-r14	14	c100	sample	0	0-SRR5935770	sequences	16180463
20261008-044702-3c2153c-55a5-n16-r14	14	c100	sample	0	0-SRR5935770	bases	3026482353
20261008-044702-3c2153c-55a5-n16-r14	14	c100	sample	0	0-SRR5935770	classified	15739294
20261008-044702-3c2153c-55a5-n16-r14	14	c100	sample	0	0-SRR5935770	place	lpt
20261008-044702-3c2153c-55a5-n16-r14	14	c100	sample	0	0-SRR5935770	weight	16180463
20261008-044702-3c2153c-55a5-n16-r14	14	c100	sample	0	0-SRR5935769	mode	parallel
20261008-044702-3c2153c-55a5-n16-r14	14	c100	sample	0	0-SRR5935769	s3client	sdk
20261008-044702-3c2153c-55a5-n16-r14	14	c100	sample	0	0-SRR5935769	rank	14
20261008-044702-3c2153c-55a5-n16-r14	14	c100	sample	0	0-SRR5935769	role	home
20261008-044702-3c2153c-55a5-n16-r14	14	c100	sample	0	0-SRR5935769	inflight	2
20261008-044702-3c2153c-55a5-n16-r14	14	c100	sample	0	0-SRR5935769	threads	16
20261008-044702-3c2153c-55a5-n16-r14	14	c100	sample	0	0-SRR5935769	start_s	62.411075
20261008-044702-3c2153c-55a5-n16-r14	14	c100	sample	0	0-SRR5935769	wall_s	11.679242
20261008-044702-3c2153c-55a5-n16-r14	14	c100	sample	0	0-SRR5935769	setup_s	0.000069
20261008-044702-3c2153c-55a5-n16-r14	14	c100	sample	0	0-SRR5935769	classify_s	11.227435
20261008-044702-3c2153c-55a5-n16-r14	14	c100	sample	0	0-SRR5935769	close_s	0.283587
20261008-044702-3c2153c-55a5-n16-r14	14	c100	sample	0	0-SRR5935769	report_s	0.156088
20261008-044702-3c2153c-55a5-n16-r14	14	c100	sample	0	0-SRR5935769	status	0
20261008-044702-3c2153c-55a5-n16-r14	14	c100	sample	0	0-SRR5935769	sequences	11374148
20261008-044702-3c2153c-55a5-n16-r14	14	c100	sample	0	0-SRR5935769	bases	2063466726
20261008-044702-3c2153c-55a5-n16-r14	14	c100	sample	0	0-SRR5935769	classified	10686284
20261008-044702-3c2153c-55a5-n16-r14	14	c100	sample	0	0-SRR5935769	place	lpt
20261008-044702-3c2153c-55a5-n16-r14	14	c100	sample	0	0-SRR5935769	weight	11374148
20261008-044702-3c2153c-55a5-n16-r14	14	c100	sample	0	0-SRR5935804	mode	parallel
20261008-044702-3c2153c-55a5-n16-r14	14	c100	sample	0	0-SRR5935804	s3client	sdk
20261008-044702-3c2153c-55a5-n16-r14	14	c100	sample	0	0-SRR5935804	rank	14
20261008-044702-3c2153c-55a5-n16-r14	14	c100	sample	0	0-SRR5935804	role	home
20261008-044702-3c2153c-55a5-n16-r14	14	c100	sample	0	0-SRR5935804	inflight	2
20261008-044702-3c2153c-55a5-n16-r14	14	c100	sample	0	0-SRR5935804	threads	16
20261008-044702-3c2153c-55a5-n16-r14	14	c100	sample	0	0-SRR5935804	start_s	61.697785
20261008-044702-3c2153c-55a5-n16-r14	14	c100	sample	0	0-SRR5935804	wall_s	12.757891
20261008-044702-3c2153c-55a5-n16-r14	14	c100	sample	0	0-SRR5935804	setup_s	0.000070
20261008-044702-3c2153c-55a5-n16-r14	14	c100	sample	0	0-SRR5935804	classify_s	12.334021
20261008-044702-3c2153c-55a5-n16-r14	14	c100	sample	0	0-SRR5935804	close_s	0.253149
20261008-044702-3c2153c-55a5-n16-r14	14	c100	sample	0	0-SRR5935804	report_s	0.158940
20261008-044702-3c2153c-55a5-n16-r14	14	c100	sample	0	0-SRR5935804	status	0
20261008-044702-3c2153c-55a5-n16-r14	14	c100	sample	0	0-SRR5935804	sequences	13253368
20261008-044702-3c2153c-55a5-n16-r14	14	c100	sample	0	0-SRR5935804	bases	2414153428
20261008-044702-3c2153c-55a5-n16-r14	14	c100	sample	0	0-SRR5935804	classified	12329188
20261008-044702-3c2153c-55a5-n16-r14	14	c100	sample	0	0-SRR5935804	place	lpt
20261008-044702-3c2153c-55a5-n16-r14	14	c100	sample	0	0-SRR5935804	weight	13253368
20261008-044702-3c2153c-55a5-n16-r14	14	c100	sample	0	0-SRR5935815	mode	parallel
20261008-044702-3c2153c-55a5-n16-r14	14	c100	sample	0	0-SRR5935815	s3client	sdk
20261008-044702-3c2153c-55a5-n16-r14	14	c100	sample	0	0-SRR5935815	rank	14
20261008-044702-3c2153c-55a5-n16-r14	14	c100	sample	0	0-SRR5935815	role	home
20261008-044702-3c2153c-55a5-n16-r14	14	c100	sample	0	0-SRR5935815	inflight	2
20261008-044702-3c2153c-55a5-n16-r14	14	c100	sample	0	0-SRR5935815	threads	16
20261008-044702-3c2153c-55a5-n16-r14	14	c100	sample	0	0-SRR5935815	start_s	74.455701
20261008-044702-3c2153c-55a5-n16-r14	14	c100	sample	0	0-SRR5935815	wall_s	8.149773
20261008-044702-3c2153c-55a5-n16-r14	14	c100	sample	0	0-SRR5935815	setup_s	0.000078
20261008-044702-3c2153c-55a5-n16-r14	14	c100	sample	0	0-SRR5935815	classify_s	7.715971
20261008-044702-3c2153c-55a5-n16-r14	14	c100	sample	0	0-SRR5935815	close_s	0.267008
20261008-044702-3c2153c-55a5-n16-r14	14	c100	sample	0	0-SRR5935815	report_s	0.159100
20261008-044702-3c2153c-55a5-n16-r14	14	c100	sample	0	0-SRR5935815	status	0
20261008-044702-3c2153c-55a5-n16-r14	14	c100	sample	0	0-SRR5935815	sequences	7153468
20261008-044702-3c2153c-55a5-n16-r14	14	c100	sample	0	0-SRR5935815	bases	1337267943
20261008-044702-3c2153c-55a5-n16-r14	14	c100	sample	0	0-SRR5935815	classified	6947959
20261008-044702-3c2153c-55a5-n16-r14	14	c100	sample	0	0-SRR5935815	place	lpt
20261008-044702-3c2153c-55a5-n16-r14	14	c100	sample	0	0-SRR5935815	weight	7153468
20261008-044702-3c2153c-55a5-n16-r14	14	c100	sample	0	0-SRR5935797	mode	parallel
20261008-044702-3c2153c-55a5-n16-r14	14	c100	sample	0	0-SRR5935797	s3client	sdk
20261008-044702-3c2153c-55a5-n16-r14	14	c100	sample	0	0-SRR5935797	rank	14
20261008-044702-3c2153c-55a5-n16-r14	14	c100	sample	0	0-SRR5935797	role	home
20261008-044702-3c2153c-55a5-n16-r14	14	c100	sample	0	0-SRR5935797	inflight	2
20261008-044702-3c2153c-55a5-n16-r14	14	c100	sample	0	0-SRR5935797	threads	16
20261008-044702-3c2153c-55a5-n16-r14	14	c100	sample	0	0-SRR5935797	start_s	74.090337
20261008-044702-3c2153c-55a5-n16-r14	14	c100	sample	0	0-SRR5935797	wall_s	8.768692
20261008-044702-3c2153c-55a5-n16-r14	14	c100	sample	0	0-SRR5935797	setup_s	0.000068
20261008-044702-3c2153c-55a5-n16-r14	14	c100	sample	0	0-SRR5935797	classify_s	8.267054
20261008-044702-3c2153c-55a5-n16-r14	14	c100	sample	0	0-SRR5935797	close_s	0.329073
20261008-044702-3c2153c-55a5-n16-r14	14	c100	sample	0	0-SRR5935797	report_s	0.163987
20261008-044702-3c2153c-55a5-n16-r14	14	c100	sample	0	0-SRR5935797	status	0
20261008-044702-3c2153c-55a5-n16-r14	14	c100	sample	0	0-SRR5935797	sequences	8439357
20261008-044702-3c2153c-55a5-n16-r14	14	c100	sample	0	0-SRR5935797	bases	1550811438
20261008-044702-3c2153c-55a5-n16-r14	14	c100	sample	0	0-SRR5935797	classified	8138623
20261008-044702-3c2153c-55a5-n16-r14	14	c100	sample	0	0-SRR5935797	place	lpt
20261008-044702-3c2153c-55a5-n16-r14	14	c100	sample	0	0-SRR5935797	weight	8439357
20261008-044702-3c2153c-55a5-n16-r14	14	c100	phase			batch-barrier-0	3.166470
20261008-044702-3c2153c-55a5-n16-r14	14	c100	phase			batch-barrier-0.start_s	82.859048
20261008-044702-3c2153c-55a5-n16-r14	14	c100	sample	1	1-SRR5935754	mode	parallel
20261008-044702-3c2153c-55a5-n16-r14	14	c100	sample	1	1-SRR5935754	s3client	sdk
20261008-044702-3c2153c-55a5-n16-r14	14	c100	sample	1	1-SRR5935754	rank	14
20261008-044702-3c2153c-55a5-n16-r14	14	c100	sample	1	1-SRR5935754	role	home
20261008-044702-3c2153c-55a5-n16-r14	14	c100	sample	1	1-SRR5935754	inflight	2
20261008-044702-3c2153c-55a5-n16-r14	14	c100	sample	1	1-SRR5935754	threads	16
20261008-044702-3c2153c-55a5-n16-r14	14	c100	sample	1	1-SRR5935754	start_s	86.025564
20261008-044702-3c2153c-55a5-n16-r14	14	c100	sample	1	1-SRR5935754	wall_s	11.198950
20261008-044702-3c2153c-55a5-n16-r14	14	c100	sample	1	1-SRR5935754	setup_s	0.000043
20261008-044702-3c2153c-55a5-n16-r14	14	c100	sample	1	1-SRR5935754	classify_s	10.786333
20261008-044702-3c2153c-55a5-n16-r14	14	c100	sample	1	1-SRR5935754	close_s	0.220373
20261008-044702-3c2153c-55a5-n16-r14	14	c100	sample	1	1-SRR5935754	report_s	0.177536
20261008-044702-3c2153c-55a5-n16-r14	14	c100	sample	1	1-SRR5935754	status	0
20261008-044702-3c2153c-55a5-n16-r14	14	c100	sample	1	1-SRR5935754	sequences	10479816
20261008-044702-3c2153c-55a5-n16-r14	14	c100	sample	1	1-SRR5935754	bases	1916830360
20261008-044702-3c2153c-55a5-n16-r14	14	c100	sample	1	1-SRR5935754	classified	9679024
20261008-044702-3c2153c-55a5-n16-r14	14	c100	sample	1	1-SRR5935754	place	mod
20261008-044702-3c2153c-55a5-n16-r14	14	c100	sample	1	1-SRR5935754	weight	10479816
20261008-044702-3c2153c-55a5-n16-r14	14	c100	sample	1	1-SRR5935770	mode	parallel
20261008-044702-3c2153c-55a5-n16-r14	14	c100	sample	1	1-SRR5935770	s3client	sdk
20261008-044702-3c2153c-55a5-n16-r14	14	c100	sample	1	1-SRR5935770	rank	14
20261008-044702-3c2153c-55a5-n16-r14	14	c100	sample	1	1-SRR5935770	role	home
20261008-044702-3c2153c-55a5-n16-r14	14	c100	sample	1	1-SRR5935770	inflight	2
20261008-044702-3c2153c-55a5-n16-r14	14	c100	sample	1	1-SRR5935770	threads	16
20261008-044702-3c2153c-55a5-n16-r14	14	c100	sample	1	1-SRR5935770	start_s	86.025544
20261008-044702-3c2153c-55a5-n16-r14	14	c100	sample	1	1-SRR5935770	wall_s	16.737924
20261008-044702-3c2153c-55a5-n16-r14	14	c100	sample	1	1-SRR5935770	setup_s	0.000052
20261008-044702-3c2153c-55a5-n16-r14	14	c100	sample	1	1-SRR5935770	classify_s	16.232804
20261008-044702-3c2153c-55a5-n16-r14	14	c100	sample	1	1-SRR5935770	close_s	0.315077
20261008-044702-3c2153c-55a5-n16-r14	14	c100	sample	1	1-SRR5935770	report_s	0.178651
20261008-044702-3c2153c-55a5-n16-r14	14	c100	sample	1	1-SRR5935770	status	0
20261008-044702-3c2153c-55a5-n16-r14	14	c100	sample	1	1-SRR5935770	sequences	16180463
20261008-044702-3c2153c-55a5-n16-r14	14	c100	sample	1	1-SRR5935770	bases	3026482353
20261008-044702-3c2153c-55a5-n16-r14	14	c100	sample	1	1-SRR5935770	classified	15739294
20261008-044702-3c2153c-55a5-n16-r14	14	c100	sample	1	1-SRR5935770	place	mod
20261008-044702-3c2153c-55a5-n16-r14	14	c100	sample	1	1-SRR5935770	weight	16180463
20261008-044702-3c2153c-55a5-n16-r14	14	c100	sample	1	1-SRR5935786	mode	parallel
20261008-044702-3c2153c-55a5-n16-r14	14	c100	sample	1	1-SRR5935786	s3client	sdk
20261008-044702-3c2153c-55a5-n16-r14	14	c100	sample	1	1-SRR5935786	rank	14
20261008-044702-3c2153c-55a5-n16-r14	14	c100	sample	1	1-SRR5935786	role	home
20261008-044702-3c2153c-55a5-n16-r14	14	c100	sample	1	1-SRR5935786	inflight	2
20261008-044702-3c2153c-55a5-n16-r14	14	c100	sample	1	1-SRR5935786	threads	16
20261008-044702-3c2153c-55a5-n16-r14	14	c100	sample	1	1-SRR5935786	start_s	97.224537
20261008-044702-3c2153c-55a5-n16-r14	14	c100	sample	1	1-SRR5935786	wall_s	10.145112
20261008-044702-3c2153c-55a5-n16-r14	14	c100	sample	1	1-SRR5935786	setup_s	0.000079
20261008-044702-3c2153c-55a5-n16-r14	14	c100	sample	1	1-SRR5935786	classify_s	9.700797
20261008-044702-3c2153c-55a5-n16-r14	14	c100	sample	1	1-SRR5935786	close_s	0.201335
20261008-044702-3c2153c-55a5-n16-r14	14	c100	sample	1	1-SRR5935786	report_s	0.232468
20261008-044702-3c2153c-55a5-n16-r14	14	c100	sample	1	1-SRR5935786	status	0
20261008-044702-3c2153c-55a5-n16-r14	14	c100	sample	1	1-SRR5935786	sequences	10054299
20261008-044702-3c2153c-55a5-n16-r14	14	c100	sample	1	1-SRR5935786	bases	1885642952
20261008-044702-3c2153c-55a5-n16-r14	14	c100	sample	1	1-SRR5935786	classified	9575405
20261008-044702-3c2153c-55a5-n16-r14	14	c100	sample	1	1-SRR5935786	place	mod
20261008-044702-3c2153c-55a5-n16-r14	14	c100	sample	1	1-SRR5935786	weight	10054299
20261008-044702-3c2153c-55a5-n16-r14	14	c100	sample	1	1-SRR5935818	mode	parallel
20261008-044702-3c2153c-55a5-n16-r14	14	c100	sample	1	1-SRR5935818	s3client	sdk
20261008-044702-3c2153c-55a5-n16-r14	14	c100	sample	1	1-SRR5935818	rank	14
20261008-044702-3c2153c-55a5-n16-r14	14	c100	sample	1	1-SRR5935818	role	home
20261008-044702-3c2153c-55a5-n16-r14	14	c100	sample	1	1-SRR5935818	inflight	2
20261008-044702-3c2153c-55a5-n16-r14	14	c100	sample	1	1-SRR5935818	threads	16
20261008-044702-3c2153c-55a5-n16-r14	14	c100	sample	1	1-SRR5935818	start_s	107.369673
20261008-044702-3c2153c-55a5-n16-r14	14	c100	sample	1	1-SRR5935818	wall_s	9.414363
20261008-044702-3c2153c-55a5-n16-r14	14	c100	sample	1	1-SRR5935818	setup_s	0.000065
20261008-044702-3c2153c-55a5-n16-r14	14	c100	sample	1	1-SRR5935818	classify_s	9.029476
20261008-044702-3c2153c-55a5-n16-r14	14	c100	sample	1	1-SRR5935818	close_s	0.203969
20261008-044702-3c2153c-55a5-n16-r14	14	c100	sample	1	1-SRR5935818	report_s	0.170438
20261008-044702-3c2153c-55a5-n16-r14	14	c100	sample	1	1-SRR5935818	status	0
20261008-044702-3c2153c-55a5-n16-r14	14	c100	sample	1	1-SRR5935818	sequences	8877621
20261008-044702-3c2153c-55a5-n16-r14	14	c100	sample	1	1-SRR5935818	bases	1663945574
20261008-044702-3c2153c-55a5-n16-r14	14	c100	sample	1	1-SRR5935818	classified	8212460
20261008-044702-3c2153c-55a5-n16-r14	14	c100	sample	1	1-SRR5935818	place	mod
20261008-044702-3c2153c-55a5-n16-r14	14	c100	sample	1	1-SRR5935818	weight	8877621
20261008-044702-3c2153c-55a5-n16-r14	14	c100	sample	1	1-SRR5935802	mode	parallel
20261008-044702-3c2153c-55a5-n16-r14	14	c100	sample	1	1-SRR5935802	s3client	sdk
20261008-044702-3c2153c-55a5-n16-r14	14	c100	sample	1	1-SRR5935802	rank	14
20261008-044702-3c2153c-55a5-n16-r14	14	c100	sample	1	1-SRR5935802	role	home
20261008-044702-3c2153c-55a5-n16-r14	14	c100	sample	1	1-SRR5935802	inflight	2
20261008-044702-3c2153c-55a5-n16-r14	14	c100	sample	1	1-SRR5935802	threads	16
20261008-044702-3c2153c-55a5-n16-r14	14	c100	sample	1	1-SRR5935802	start_s	102.763494
20261008-044702-3c2153c-55a5-n16-r14	14	c100	sample	1	1-SRR5935802	wall_s	16.819059
20261008-044702-3c2153c-55a5-n16-r14	14	c100	sample	1	1-SRR5935802	setup_s	0.000060
20261008-044702-3c2153c-55a5-n16-r14	14	c100	sample	1	1-SRR5935802	classify_s	16.182741
20261008-044702-3c2153c-55a5-n16-r14	14	c100	sample	1	1-SRR5935802	close_s	0.492056
20261008-044702-3c2153c-55a5-n16-r14	14	c100	sample	1	1-SRR5935802	report_s	0.136008
20261008-044702-3c2153c-55a5-n16-r14	14	c100	sample	1	1-SRR5935802	status	0
20261008-044702-3c2153c-55a5-n16-r14	14	c100	sample	1	1-SRR5935802	sequences	16720060
20261008-044702-3c2153c-55a5-n16-r14	14	c100	sample	1	1-SRR5935802	bases	3103131942
20261008-044702-3c2153c-55a5-n16-r14	14	c100	sample	1	1-SRR5935802	classified	16427692
20261008-044702-3c2153c-55a5-n16-r14	14	c100	sample	1	1-SRR5935802	place	mod
20261008-044702-3c2153c-55a5-n16-r14	14	c100	sample	1	1-SRR5935802	weight	16720060
20261008-044702-3c2153c-55a5-n16-r14	14	c100	sample	1	1-SRR5935834	mode	parallel
20261008-044702-3c2153c-55a5-n16-r14	14	c100	sample	1	1-SRR5935834	s3client	sdk
20261008-044702-3c2153c-55a5-n16-r14	14	c100	sample	1	1-SRR5935834	rank	14
20261008-044702-3c2153c-55a5-n16-r14	14	c100	sample	1	1-SRR5935834	role	home
20261008-044702-3c2153c-55a5-n16-r14	14	c100	sample	1	1-SRR5935834	inflight	2
20261008-044702-3c2153c-55a5-n16-r14	14	c100	sample	1	1-SRR5935834	threads	16
20261008-044702-3c2153c-55a5-n16-r14	14	c100	sample	1	1-SRR5935834	start_s	116.784137
20261008-044702-3c2153c-55a5-n16-r14	14	c100	sample	1	1-SRR5935834	wall_s	8.490598
20261008-044702-3c2153c-55a5-n16-r14	14	c100	sample	1	1-SRR5935834	setup_s	0.000092
20261008-044702-3c2153c-55a5-n16-r14	14	c100	sample	1	1-SRR5935834	classify_s	8.099775
20261008-044702-3c2153c-55a5-n16-r14	14	c100	sample	1	1-SRR5935834	close_s	0.223871
20261008-044702-3c2153c-55a5-n16-r14	14	c100	sample	1	1-SRR5935834	report_s	0.157859
20261008-044702-3c2153c-55a5-n16-r14	14	c100	sample	1	1-SRR5935834	status	0
20261008-044702-3c2153c-55a5-n16-r14	14	c100	sample	1	1-SRR5935834	sequences	12610038
20261008-044702-3c2153c-55a5-n16-r14	14	c100	sample	1	1-SRR5935834	bases	2321592529
20261008-044702-3c2153c-55a5-n16-r14	14	c100	sample	1	1-SRR5935834	classified	12099380
20261008-044702-3c2153c-55a5-n16-r14	14	c100	sample	1	1-SRR5935834	place	mod
20261008-044702-3c2153c-55a5-n16-r14	14	c100	sample	1	1-SRR5935834	weight	12610038
20261008-044702-3c2153c-55a5-n16-r14	14	c100	phase			batch-barrier-1	5.533634
20261008-044702-3c2153c-55a5-n16-r14	14	c100	phase			batch-barrier-1.start_s	125.274764
20261008-044702-3c2153c-55a5-n16-r14	14	c100	sample	2	2-SRR5935808	mode	parallel
20261008-044702-3c2153c-55a5-n16-r14	14	c100	sample	2	2-SRR5935808	s3client	sdk
20261008-044702-3c2153c-55a5-n16-r14	14	c100	sample	2	2-SRR5935808	rank	14
20261008-044702-3c2153c-55a5-n16-r14	14	c100	sample	2	2-SRR5935808	role	home
20261008-044702-3c2153c-55a5-n16-r14	14	c100	sample	2	2-SRR5935808	inflight	2
20261008-044702-3c2153c-55a5-n16-r14	14	c100	sample	2	2-SRR5935808	threads	16
20261008-044702-3c2153c-55a5-n16-r14	14	c100	sample	2	2-SRR5935808	start_s	130.808436
20261008-044702-3c2153c-55a5-n16-r14	14	c100	sample	2	2-SRR5935808	wall_s	16.245581
20261008-044702-3c2153c-55a5-n16-r14	14	c100	sample	2	2-SRR5935808	setup_s	0.000057
20261008-044702-3c2153c-55a5-n16-r14	14	c100	sample	2	2-SRR5935808	classify_s	15.763208
20261008-044702-3c2153c-55a5-n16-r14	14	c100	sample	2	2-SRR5935808	close_s	0.292882
20261008-044702-3c2153c-55a5-n16-r14	14	c100	sample	2	2-SRR5935808	report_s	0.179842
20261008-044702-3c2153c-55a5-n16-r14	14	c100	sample	2	2-SRR5935808	status	0
20261008-044702-3c2153c-55a5-n16-r14	14	c100	sample	2	2-SRR5935808	sequences	15500933
20261008-044702-3c2153c-55a5-n16-r14	14	c100	sample	2	2-SRR5935808	bases	2889469649
20261008-044702-3c2153c-55a5-n16-r14	14	c100	sample	2	2-SRR5935808	classified	14777244
20261008-044702-3c2153c-55a5-n16-r14	14	c100	sample	2	2-SRR5935808	place	lpt
20261008-044702-3c2153c-55a5-n16-r14	14	c100	sample	2	2-SRR5935808	weight	15500933
20261008-044702-3c2153c-55a5-n16-r14	14	c100	sample	2	2-SRR5935770	mode	parallel
20261008-044702-3c2153c-55a5-n16-r14	14	c100	sample	2	2-SRR5935770	s3client	sdk
20261008-044702-3c2153c-55a5-n16-r14	14	c100	sample	2	2-SRR5935770	rank	14
20261008-044702-3c2153c-55a5-n16-r14	14	c100	sample	2	2-SRR5935770	role	home
20261008-044702-3c2153c-55a5-n16-r14	14	c100	sample	2	2-SRR5935770	inflight	2
20261008-044702-3c2153c-55a5-n16-r14	14	c100	sample	2	2-SRR5935770	threads	16
20261008-044702-3c2153c-55a5-n16-r14	14	c100	sample	2	2-SRR5935770	start_s	130.808448
20261008-044702-3c2153c-55a5-n16-r14	14	c100	sample	2	2-SRR5935770	wall_s	16.926194
20261008-044702-3c2153c-55a5-n16-r14	14	c100	sample	2	2-SRR5935770	setup_s	0.000044
20261008-044702-3c2153c-55a5-n16-r14	14	c100	sample	2	2-SRR5935770	classify_s	16.401404
20261008-044702-3c2153c-55a5-n16-r14	14	c100	sample	2	2-SRR5935770	close_s	0.284076
20261008-044702-3c2153c-55a5-n16-r14	14	c100	sample	2	2-SRR5935770	report_s	0.230242
20261008-044702-3c2153c-55a5-n16-r14	14	c100	sample	2	2-SRR5935770	status	0
20261008-044702-3c2153c-55a5-n16-r14	14	c100	sample	2	2-SRR5935770	sequences	16180463
20261008-044702-3c2153c-55a5-n16-r14	14	c100	sample	2	2-SRR5935770	bases	3026482353
20261008-044702-3c2153c-55a5-n16-r14	14	c100	sample	2	2-SRR5935770	classified	15739294
20261008-044702-3c2153c-55a5-n16-r14	14	c100	sample	2	2-SRR5935770	place	lpt
20261008-044702-3c2153c-55a5-n16-r14	14	c100	sample	2	2-SRR5935770	weight	16180463
20261008-044702-3c2153c-55a5-n16-r14	14	c100	sample	2	2-SRR5935769	mode	parallel
20261008-044702-3c2153c-55a5-n16-r14	14	c100	sample	2	2-SRR5935769	s3client	sdk
20261008-044702-3c2153c-55a5-n16-r14	14	c100	sample	2	2-SRR5935769	rank	14
20261008-044702-3c2153c-55a5-n16-r14	14	c100	sample	2	2-SRR5935769	role	home
20261008-044702-3c2153c-55a5-n16-r14	14	c100	sample	2	2-SRR5935769	inflight	2
20261008-044702-3c2153c-55a5-n16-r14	14	c100	sample	2	2-SRR5935769	threads	16
20261008-044702-3c2153c-55a5-n16-r14	14	c100	sample	2	2-SRR5935769	start_s	147.734683
20261008-044702-3c2153c-55a5-n16-r14	14	c100	sample	2	2-SRR5935769	wall_s	11.813519
20261008-044702-3c2153c-55a5-n16-r14	14	c100	sample	2	2-SRR5935769	setup_s	0.000068
20261008-044702-3c2153c-55a5-n16-r14	14	c100	sample	2	2-SRR5935769	classify_s	11.422290
20261008-044702-3c2153c-55a5-n16-r14	14	c100	sample	2	2-SRR5935769	close_s	0.221963
20261008-044702-3c2153c-55a5-n16-r14	14	c100	sample	2	2-SRR5935769	report_s	0.155781
20261008-044702-3c2153c-55a5-n16-r14	14	c100	sample	2	2-SRR5935769	status	0
20261008-044702-3c2153c-55a5-n16-r14	14	c100	sample	2	2-SRR5935769	sequences	11374148
20261008-044702-3c2153c-55a5-n16-r14	14	c100	sample	2	2-SRR5935769	bases	2063466726
20261008-044702-3c2153c-55a5-n16-r14	14	c100	sample	2	2-SRR5935769	classified	10686284
20261008-044702-3c2153c-55a5-n16-r14	14	c100	sample	2	2-SRR5935769	place	lpt
20261008-044702-3c2153c-55a5-n16-r14	14	c100	sample	2	2-SRR5935769	weight	11374148
20261008-044702-3c2153c-55a5-n16-r14	14	c100	sample	2	2-SRR5935804	mode	parallel
20261008-044702-3c2153c-55a5-n16-r14	14	c100	sample	2	2-SRR5935804	s3client	sdk
20261008-044702-3c2153c-55a5-n16-r14	14	c100	sample	2	2-SRR5935804	rank	14
20261008-044702-3c2153c-55a5-n16-r14	14	c100	sample	2	2-SRR5935804	role	home
20261008-044702-3c2153c-55a5-n16-r14	14	c100	sample	2	2-SRR5935804	inflight	2
20261008-044702-3c2153c-55a5-n16-r14	14	c100	sample	2	2-SRR5935804	threads	16
20261008-044702-3c2153c-55a5-n16-r14	14	c100	sample	2	2-SRR5935804	start_s	147.054047
20261008-044702-3c2153c-55a5-n16-r14	14	c100	sample	2	2-SRR5935804	wall_s	12.921147
20261008-044702-3c2153c-55a5-n16-r14	14	c100	sample	2	2-SRR5935804	setup_s	0.000066
20261008-044702-3c2153c-55a5-n16-r14	14	c100	sample	2	2-SRR5935804	classify_s	12.420968
20261008-044702-3c2153c-55a5-n16-r14	14	c100	sample	2	2-SRR5935804	close_s	0.266454
20261008-044702-3c2153c-55a5-n16-r14	14	c100	sample	2	2-SRR5935804	report_s	0.221610
20261008-044702-3c2153c-55a5-n16-r14	14	c100	sample	2	2-SRR5935804	status	0
20261008-044702-3c2153c-55a5-n16-r14	14	c100	sample	2	2-SRR5935804	sequences	13253368
20261008-044702-3c2153c-55a5-n16-r14	14	c100	sample	2	2-SRR5935804	bases	2414153428
20261008-044702-3c2153c-55a5-n16-r14	14	c100	sample	2	2-SRR5935804	classified	12329188
20261008-044702-3c2153c-55a5-n16-r14	14	c100	sample	2	2-SRR5935804	place	lpt
20261008-044702-3c2153c-55a5-n16-r14	14	c100	sample	2	2-SRR5935804	weight	13253368
20261008-044702-3c2153c-55a5-n16-r14	14	c100	sample	2	2-SRR5935815	mode	parallel
20261008-044702-3c2153c-55a5-n16-r14	14	c100	sample	2	2-SRR5935815	s3client	sdk
20261008-044702-3c2153c-55a5-n16-r14	14	c100	sample	2	2-SRR5935815	rank	14
20261008-044702-3c2153c-55a5-n16-r14	14	c100	sample	2	2-SRR5935815	role	home
20261008-044702-3c2153c-55a5-n16-r14	14	c100	sample	2	2-SRR5935815	inflight	2
20261008-044702-3c2153c-55a5-n16-r14	14	c100	sample	2	2-SRR5935815	threads	16
20261008-044702-3c2153c-55a5-n16-r14	14	c100	sample	2	2-SRR5935815	start_s	159.975219
20261008-044702-3c2153c-55a5-n16-r14	14	c100	sample	2	2-SRR5935815	wall_s	7.981164
20261008-044702-3c2153c-55a5-n16-r14	14	c100	sample	2	2-SRR5935815	setup_s	0.000062
20261008-044702-3c2153c-55a5-n16-r14	14	c100	sample	2	2-SRR5935815	classify_s	7.561270
20261008-044702-3c2153c-55a5-n16-r14	14	c100	sample	2	2-SRR5935815	close_s	0.263475
20261008-044702-3c2153c-55a5-n16-r14	14	c100	sample	2	2-SRR5935815	report_s	0.148901
20261008-044702-3c2153c-55a5-n16-r14	14	c100	sample	2	2-SRR5935815	status	0
20261008-044702-3c2153c-55a5-n16-r14	14	c100	sample	2	2-SRR5935815	sequences	7153468
20261008-044702-3c2153c-55a5-n16-r14	14	c100	sample	2	2-SRR5935815	bases	1337267943
20261008-044702-3c2153c-55a5-n16-r14	14	c100	sample	2	2-SRR5935815	classified	6947959
20261008-044702-3c2153c-55a5-n16-r14	14	c100	sample	2	2-SRR5935815	place	lpt
20261008-044702-3c2153c-55a5-n16-r14	14	c100	sample	2	2-SRR5935815	weight	7153468
20261008-044702-3c2153c-55a5-n16-r14	14	c100	sample	2	2-SRR5935797	mode	parallel
20261008-044702-3c2153c-55a5-n16-r14	14	c100	sample	2	2-SRR5935797	s3client	sdk
20261008-044702-3c2153c-55a5-n16-r14	14	c100	sample	2	2-SRR5935797	rank	14
20261008-044702-3c2153c-55a5-n16-r14	14	c100	sample	2	2-SRR5935797	role	home
20261008-044702-3c2153c-55a5-n16-r14	14	c100	sample	2	2-SRR5935797	inflight	2
20261008-044702-3c2153c-55a5-n16-r14	14	c100	sample	2	2-SRR5935797	threads	16
20261008-044702-3c2153c-55a5-n16-r14	14	c100	sample	2	2-SRR5935797	start_s	159.548228
20261008-044702-3c2153c-55a5-n16-r14	14	c100	sample	2	2-SRR5935797	wall_s	8.624025
20261008-044702-3c2153c-55a5-n16-r14	14	c100	sample	2	2-SRR5935797	setup_s	0.000057
20261008-044702-3c2153c-55a5-n16-r14	14	c100	sample	2	2-SRR5935797	classify_s	8.215143
20261008-044702-3c2153c-55a5-n16-r14	14	c100	sample	2	2-SRR5935797	close_s	0.267140
20261008-044702-3c2153c-55a5-n16-r14	14	c100	sample	2	2-SRR5935797	report_s	0.133351
20261008-044702-3c2153c-55a5-n16-r14	14	c100	sample	2	2-SRR5935797	status	0
20261008-044702-3c2153c-55a5-n16-r14	14	c100	sample	2	2-SRR5935797	sequences	8439357
20261008-044702-3c2153c-55a5-n16-r14	14	c100	sample	2	2-SRR5935797	bases	1550811438
20261008-044702-3c2153c-55a5-n16-r14	14	c100	sample	2	2-SRR5935797	classified	8138623
20261008-044702-3c2153c-55a5-n16-r14	14	c100	sample	2	2-SRR5935797	place	lpt
20261008-044702-3c2153c-55a5-n16-r14	14	c100	sample	2	2-SRR5935797	weight	8439357
20261008-044702-3c2153c-55a5-n16-r14	14	c100	phase			batch-barrier-2	3.232306
20261008-044702-3c2153c-55a5-n16-r14	14	c100	phase			batch-barrier-2.start_s	168.172273
20261008-044702-3c2153c-55a5-n16-r14	14	c100	phase			barrier	0.410309
20261008-044702-3c2153c-55a5-n16-r14	14	c100	phase			barrier.start_s	177.785597
20261008-044702-3c2153c-55a5-n16-r14	14	c100	sample	3	3-SRR5935740	mode	striped
20261008-044702-3c2153c-55a5-n16-r14	14	c100	sample	3	3-SRR5935740	s3client	sdk
20261008-044702-3c2153c-55a5-n16-r14	14	c100	sample	3	3-SRR5935740	rank	14
20261008-044702-3c2153c-55a5-n16-r14	14	c100	sample	3	3-SRR5935740	role	peer
20261008-044702-3c2153c-55a5-n16-r14	14	c100	sample	3	3-SRR5935740	inflight	1
20261008-044702-3c2153c-55a5-n16-r14	14	c100	sample	3	3-SRR5935740	threads	16
20261008-044702-3c2153c-55a5-n16-r14	14	c100	sample	3	3-SRR5935740	start_s	172.109509
20261008-044702-3c2153c-55a5-n16-r14	14	c100	sample	3	3-SRR5935740	wall_s	6.086438
20261008-044702-3c2153c-55a5-n16-r14	14	c100	sample	3	3-SRR5935740	setup_s	0.000049
20261008-044702-3c2153c-55a5-n16-r14	14	c100	sample	3	3-SRR5935740	classify_s	5.672004
20261008-044702-3c2153c-55a5-n16-r14	14	c100	sample	3	3-SRR5935740	close_s	0.000000
20261008-044702-3c2153c-55a5-n16-r14	14	c100	sample	3	3-SRR5935740	report_s	0.000000
20261008-044702-3c2153c-55a5-n16-r14	14	c100	sample	3	3-SRR5935740	status	0
20261008-044702-3c2153c-55a5-n16-r14	14	c100	sample	3	3-SRR5935740	sequences	0
20261008-044702-3c2153c-55a5-n16-r14	14	c100	sample	3	3-SRR5935740	bases	0
20261008-044702-3c2153c-55a5-n16-r14	14	c100	sample	3	3-SRR5935740	classified	0
20261008-044702-3c2153c-55a5-n16-r14	14	c100	sample	3	3-SRR5935740	place	-
20261008-044702-3c2153c-55a5-n16-r14	14	c100	sample	3	3-SRR5935740	weight	-
20261008-044702-3c2153c-55a5-n16-r14	14	c100	phase			batch-barrier-3	0.488568
20261008-044702-3c2153c-55a5-n16-r14	14	c100	phase			batch-barrier-3.start_s	178.195957
20261008-044702-3c2153c-55a5-n16-r14	14	c100	phase			barrier	0.085816
20261008-044702-3c2153c-55a5-n16-r14	14	c100	phase			barrier.start_s	185.182996
20261008-044702-3c2153c-55a5-n16-r14	14	c100	sample	4	4-SRR5935740	mode	striped
20261008-044702-3c2153c-55a5-n16-r14	14	c100	sample	4	4-SRR5935740	s3client	sdk
20261008-044702-3c2153c-55a5-n16-r14	14	c100	sample	4	4-SRR5935740	rank	14
20261008-044702-3c2153c-55a5-n16-r14	14	c100	sample	4	4-SRR5935740	role	peer
20261008-044702-3c2153c-55a5-n16-r14	14	c100	sample	4	4-SRR5935740	inflight	1
20261008-044702-3c2153c-55a5-n16-r14	14	c100	sample	4	4-SRR5935740	threads	16
20261008-044702-3c2153c-55a5-n16-r14	14	c100	sample	4	4-SRR5935740	start_s	179.498875
20261008-044702-3c2153c-55a5-n16-r14	14	c100	sample	4	4-SRR5935740	wall_s	5.769979
20261008-044702-3c2153c-55a5-n16-r14	14	c100	sample	4	4-SRR5935740	setup_s	0.000053
20261008-044702-3c2153c-55a5-n16-r14	14	c100	sample	4	4-SRR5935740	classify_s	5.679726
20261008-044702-3c2153c-55a5-n16-r14	14	c100	sample	4	4-SRR5935740	close_s	0.000000
20261008-044702-3c2153c-55a5-n16-r14	14	c100	sample	4	4-SRR5935740	report_s	0.000000
20261008-044702-3c2153c-55a5-n16-r14	14	c100	sample	4	4-SRR5935740	status	0
20261008-044702-3c2153c-55a5-n16-r14	14	c100	sample	4	4-SRR5935740	sequences	0
20261008-044702-3c2153c-55a5-n16-r14	14	c100	sample	4	4-SRR5935740	bases	0
20261008-044702-3c2153c-55a5-n16-r14	14	c100	sample	4	4-SRR5935740	classified	0
20261008-044702-3c2153c-55a5-n16-r14	14	c100	sample	4	4-SRR5935740	place	-
20261008-044702-3c2153c-55a5-n16-r14	14	c100	sample	4	4-SRR5935740	weight	-
20261008-044702-3c2153c-55a5-n16-r14	14	c100	phase			batch-barrier-4	0.535428
20261008-044702-3c2153c-55a5-n16-r14	14	c100	phase			batch-barrier-4.start_s	185.268864
20261008-044702-3c2153c-55a5-n16-r14	14	c100	phase			barrier	0.105876
20261008-044702-3c2153c-55a5-n16-r14	14	c100	phase			barrier.start_s	192.265217
20261008-044702-3c2153c-55a5-n16-r14	14	c100	sample	5	5-SRR5935740	mode	striped
20261008-044702-3c2153c-55a5-n16-r14	14	c100	sample	5	5-SRR5935740	s3client	sdk
20261008-044702-3c2153c-55a5-n16-r14	14	c100	sample	5	5-SRR5935740	rank	14
20261008-044702-3c2153c-55a5-n16-r14	14	c100	sample	5	5-SRR5935740	role	peer
20261008-044702-3c2153c-55a5-n16-r14	14	c100	sample	5	5-SRR5935740	inflight	1
20261008-044702-3c2153c-55a5-n16-r14	14	c100	sample	5	5-SRR5935740	threads	16
20261008-044702-3c2153c-55a5-n16-r14	14	c100	sample	5	5-SRR5935740	start_s	186.592924
20261008-044702-3c2153c-55a5-n16-r14	14	c100	sample	5	5-SRR5935740	wall_s	5.778220
20261008-044702-3c2153c-55a5-n16-r14	14	c100	sample	5	5-SRR5935740	setup_s	0.000051
20261008-044702-3c2153c-55a5-n16-r14	14	c100	sample	5	5-SRR5935740	classify_s	5.668182
20261008-044702-3c2153c-55a5-n16-r14	14	c100	sample	5	5-SRR5935740	close_s	0.000000
20261008-044702-3c2153c-55a5-n16-r14	14	c100	sample	5	5-SRR5935740	report_s	0.000000
20261008-044702-3c2153c-55a5-n16-r14	14	c100	sample	5	5-SRR5935740	status	0
20261008-044702-3c2153c-55a5-n16-r14	14	c100	sample	5	5-SRR5935740	sequences	0
20261008-044702-3c2153c-55a5-n16-r14	14	c100	sample	5	5-SRR5935740	bases	0
20261008-044702-3c2153c-55a5-n16-r14	14	c100	sample	5	5-SRR5935740	classified	0
20261008-044702-3c2153c-55a5-n16-r14	14	c100	sample	5	5-SRR5935740	place	-
20261008-044702-3c2153c-55a5-n16-r14	14	c100	sample	5	5-SRR5935740	weight	-
20261008-044702-3c2153c-55a5-n16-r14	14	c100	phase			batch-barrier-5	0.812670
20261008-044702-3c2153c-55a5-n16-r14	14	c100	phase			batch-barrier-5.start_s	192.371156
20261008-044702-3c2153c-55a5-n16-r14	14	c100	phase			batch-barrier-6	7.157998
20261008-044702-3c2153c-55a5-n16-r14	14	c100	phase			batch-barrier-6.start_s	193.183845
20261008-044702-3c2153c-55a5-n16-r14	14	c100	phase			batch-barrier-7	7.119683
20261008-044702-3c2153c-55a5-n16-r14	14	c100	phase			batch-barrier-7.start_s	200.341863
20261008-044702-3c2153c-55a5-n16-r14	14	c100	phase			batch-barrier-8	7.260852
20261008-044702-3c2153c-55a5-n16-r14	14	c100	phase			batch-barrier-8.start_s	207.461566
20261008-044702-3c2153c-55a5-n16-r14	14	c100	engine.shard			index	0
20261008-044702-3c2153c-55a5-n16-r14	14	c100	engine.shard			n	16
20261008-044702-3c2153c-55a5-n16-r14	14	c100	engine.shard			lo	260113803199
20261008-044702-3c2153c-55a5-n16-r14	14	c100	engine.shard			hi	278693360570
20261008-044702-3c2153c-55a5-n16-r14	14	c100	engine.shard			tail	302
20261008-044702-3c2153c-55a5-n16-r14	14	c100	engine.shard			full	false
20261008-044702-3c2153c-55a5-n16-r14	14	c100	engine.shard			empty_at	18579557380
20261008-044702-3c2153c-55a5-n16-r14	14	c100	engine.shard			keys	8473287081
20261008-044702-3c2153c-55a5-n16-r14	14	c100	engine.shard			batches	89910
20261008-044702-3c2153c-55a5-n16-r14	14	c100	engine.shard			probe_s	202.706484
20261008-044702-3c2153c-55a5-n16-r14	14	c100	engine.shard			tail_probes	0
20261008-044702-3c2153c-55a5-n16-r14	14	c100	engine.shard			wrap_probes	0
20261008-044702-3c2153c-55a5-n16-r14	14	c100	engine.rendezvous			puts	13
20261008-044702-3c2153c-55a5-n16-r14	14	c100	engine.rendezvous			gets	343
20261008-044702-3c2153c-55a5-n16-r14	14	c100	engine.s3			client	sdk
20261008-044702-3c2153c-55a5-n16-r14	14	c100	engine.s3			put	31
20261008-044702-3c2153c-55a5-n16-r14	14	c100	engine.s3			get	343
20261008-044702-3c2153c-55a5-n16-r14	14	c100	engine.s3			create_multipart	18
20261008-044702-3c2153c-55a5-n16-r14	14	c100	engine.s3			upload_part	2301
20261008-044702-3c2153c-55a5-n16-r14	14	c100	engine.s3			complete_multipart	18
20261008-044702-3c2153c-55a5-n16-r14	14	c100	engine.s3			abort_multipart	0
20261008-044702-3c2153c-55a5-n16-r14	14	c100	engine.s3			part_bytes	19229712437
20261008-044702-3c2153c-55a5-n16-r14	14	c100	engine.s3			client	cli
20261008-044702-3c2153c-55a5-n16-r14	14	c100	engine.s3			put	0
20261008-044702-3c2153c-55a5-n16-r14	14	c100	engine.s3			get	0
20261008-044702-3c2153c-55a5-n16-r14	14	c100	engine.s3			create_multipart	0
20261008-044702-3c2153c-55a5-n16-r14	14	c100	engine.s3			upload_part	0
20261008-044702-3c2153c-55a5-n16-r14	14	c100	engine.s3			complete_multipart	0
20261008-044702-3c2153c-55a5-n16-r14	14	c100	engine.s3			abort_multipart	0
20261008-044702-3c2153c-55a5-n16-r14	14	c100	engine.s3			part_bytes	0
20261008-044702-3c2153c-55a5-n16-r14	14	c100	engine.load			seconds	41.570913
20261008-044702-3c2153c-55a5-n16-r14	14	c100	engine.load			requests	1126
20261008-044702-3c2153c-55a5-n16-r14	14	c100	engine.load			retries	0
20261008-044702-3c2153c-55a5-n16-r14	14	c100	engine.load			bytes	74318296292
20261008-044702-3c2153c-55a5-n16-r14	14	c100	engine.route			transport	nodes
20261008-044702-3c2153c-55a5-n16-r14	14	c100	engine.route			calls	5794
20261008-044702-3c2153c-55a5-n16-r14	14	c100	engine.route			keys	8744465919
20261008-044702-3c2153c-55a5-n16-r14	14	c100	engine.route			batches	92704
20261008-044702-3c2153c-55a5-n16-r14	14	c100	engine.route			route_s	101.097240
20261008-044702-3c2153c-55a5-n16-r14	14	c100	engine.route			wait_s	363.903385
20261008-044702-3c2153c-55a5-n16-r14	14	c100	engine.route			gather_s	19.216439
20261008-044702-3c2153c-55a5-n16-r14	14	c100	engine.worker			scan_s	757.789328
20261008-044702-3c2153c-55a5-n16-r14	14	c100	engine.worker			lookup_s	484.221102
20261008-044702-3c2153c-55a5-n16-r14	14	c100	engine.worker			classify_s	664.119087
20261008-044702-3c2153c-55a5-n16-r14	14	c100	phase			total	214.851500
20261008-044702-3c2153c-55a5-n16-r14	14	c100	phase			total.start_s	0.000001
20261008-044702-3c2153c-55a5-n16-r15	15	c100	phase			taxo	0.096263
20261008-044702-3c2153c-55a5-n16-r15	15	c100	phase			taxo.start_s	0.002938
20261008-044702-3c2153c-55a5-n16-r15	15	c100	phase			shard-load-15	42.307707
20261008-044702-3c2153c-55a5-n16-r15	15	c100	phase			shard-load-15.start_s	0.161293
20261008-044702-3c2153c-55a5-n16-r15	15	c100	phase			rendezvous	0.458279
20261008-044702-3c2153c-55a5-n16-r15	15	c100	phase			rendezvous.start_s	42.919978
20261008-044702-3c2153c-55a5-n16-r15	15	c100	phase			connect	0.161040
20261008-044702-3c2153c-55a5-n16-r15	15	c100	phase			connect.start_s	43.378272
20261008-044702-3c2153c-55a5-n16-r15	15	c100	phase			hash	43.440103
20261008-044702-3c2153c-55a5-n16-r15	15	c100	phase			hash.start_s	0.099229
20261008-044702-3c2153c-55a5-n16-r15	15	c100	sample	0	0-SRR5935768	mode	parallel
20261008-044702-3c2153c-55a5-n16-r15	15	c100	sample	0	0-SRR5935768	s3client	sdk
20261008-044702-3c2153c-55a5-n16-r15	15	c100	sample	0	0-SRR5935768	rank	15
20261008-044702-3c2153c-55a5-n16-r15	15	c100	sample	0	0-SRR5935768	role	home
20261008-044702-3c2153c-55a5-n16-r15	15	c100	sample	0	0-SRR5935768	inflight	2
20261008-044702-3c2153c-55a5-n16-r15	15	c100	sample	0	0-SRR5935768	threads	16
20261008-044702-3c2153c-55a5-n16-r15	15	c100	sample	0	0-SRR5935768	start_s	43.539370
20261008-044702-3c2153c-55a5-n16-r15	15	c100	sample	0	0-SRR5935768	wall_s	17.034979
20261008-044702-3c2153c-55a5-n16-r15	15	c100	sample	0	0-SRR5935768	setup_s	0.000051
20261008-044702-3c2153c-55a5-n16-r15	15	c100	sample	0	0-SRR5935768	classify_s	16.524395
20261008-044702-3c2153c-55a5-n16-r15	15	c100	sample	0	0-SRR5935768	close_s	0.325140
20261008-044702-3c2153c-55a5-n16-r15	15	c100	sample	0	0-SRR5935768	report_s	0.161316
20261008-044702-3c2153c-55a5-n16-r15	15	c100	sample	0	0-SRR5935768	status	0
20261008-044702-3c2153c-55a5-n16-r15	15	c100	sample	0	0-SRR5935768	sequences	15746753
20261008-044702-3c2153c-55a5-n16-r15	15	c100	sample	0	0-SRR5935768	bases	2888337209
20261008-044702-3c2153c-55a5-n16-r15	15	c100	sample	0	0-SRR5935768	classified	14105631
20261008-044702-3c2153c-55a5-n16-r15	15	c100	sample	0	0-SRR5935768	place	lpt
20261008-044702-3c2153c-55a5-n16-r15	15	c100	sample	0	0-SRR5935768	weight	15746753
20261008-044702-3c2153c-55a5-n16-r15	15	c100	sample	0	0-SRR5935756	mode	parallel
20261008-044702-3c2153c-55a5-n16-r15	15	c100	sample	0	0-SRR5935756	s3client	sdk
20261008-044702-3c2153c-55a5-n16-r15	15	c100	sample	0	0-SRR5935756	rank	15
20261008-044702-3c2153c-55a5-n16-r15	15	c100	sample	0	0-SRR5935756	role	home
20261008-044702-3c2153c-55a5-n16-r15	15	c100	sample	0	0-SRR5935756	inflight	2
20261008-044702-3c2153c-55a5-n16-r15	15	c100	sample	0	0-SRR5935756	threads	16
20261008-044702-3c2153c-55a5-n16-r15	15	c100	sample	0	0-SRR5935756	start_s	43.539373
20261008-044702-3c2153c-55a5-n16-r15	15	c100	sample	0	0-SRR5935756	wall_s	17.264533
20261008-044702-3c2153c-55a5-n16-r15	15	c100	sample	0	0-SRR5935756	setup_s	0.000051
20261008-044702-3c2153c-55a5-n16-r15	15	c100	sample	0	0-SRR5935756	classify_s	16.855012
20261008-044702-3c2153c-55a5-n16-r15	15	c100	sample	0	0-SRR5935756	close_s	0.207227
20261008-044702-3c2153c-55a5-n16-r15	15	c100	sample	0	0-SRR5935756	report_s	0.186770
20261008-044702-3c2153c-55a5-n16-r15	15	c100	sample	0	0-SRR5935756	status	0
20261008-044702-3c2153c-55a5-n16-r15	15	c100	sample	0	0-SRR5935756	sequences	16053448
20261008-044702-3c2153c-55a5-n16-r15	15	c100	sample	0	0-SRR5935756	bases	2993468449
20261008-044702-3c2153c-55a5-n16-r15	15	c100	sample	0	0-SRR5935756	classified	15204484
20261008-044702-3c2153c-55a5-n16-r15	15	c100	sample	0	0-SRR5935756	place	lpt
20261008-044702-3c2153c-55a5-n16-r15	15	c100	sample	0	0-SRR5935756	weight	16053448
20261008-044702-3c2153c-55a5-n16-r15	15	c100	sample	0	0-SRR5935764	mode	parallel
20261008-044702-3c2153c-55a5-n16-r15	15	c100	sample	0	0-SRR5935764	s3client	sdk
20261008-044702-3c2153c-55a5-n16-r15	15	c100	sample	0	0-SRR5935764	rank	15
20261008-044702-3c2153c-55a5-n16-r15	15	c100	sample	0	0-SRR5935764	role	home
20261008-044702-3c2153c-55a5-n16-r15	15	c100	sample	0	0-SRR5935764	inflight	2
20261008-044702-3c2153c-55a5-n16-r15	15	c100	sample	0	0-SRR5935764	threads	16
20261008-044702-3c2153c-55a5-n16-r15	15	c100	sample	0	0-SRR5935764	start_s	60.803933
20261008-044702-3c2153c-55a5-n16-r15	15	c100	sample	0	0-SRR5935764	wall_s	13.149607
20261008-044702-3c2153c-55a5-n16-r15	15	c100	sample	0	0-SRR5935764	setup_s	0.000086
20261008-044702-3c2153c-55a5-n16-r15	15	c100	sample	0	0-SRR5935764	classify_s	12.721171
20261008-044702-3c2153c-55a5-n16-r15	15	c100	sample	0	0-SRR5935764	close_s	0.216797
20261008-044702-3c2153c-55a5-n16-r15	15	c100	sample	0	0-SRR5935764	report_s	0.200960
20261008-044702-3c2153c-55a5-n16-r15	15	c100	sample	0	0-SRR5935764	status	0
20261008-044702-3c2153c-55a5-n16-r15	15	c100	sample	0	0-SRR5935764	sequences	11689489
20261008-044702-3c2153c-55a5-n16-r15	15	c100	sample	0	0-SRR5935764	bases	2123440867
20261008-044702-3c2153c-55a5-n16-r15	15	c100	sample	0	0-SRR5935764	classified	11327502
20261008-044702-3c2153c-55a5-n16-r15	15	c100	sample	0	0-SRR5935764	place	lpt
20261008-044702-3c2153c-55a5-n16-r15	15	c100	sample	0	0-SRR5935764	weight	11689489
20261008-044702-3c2153c-55a5-n16-r15	15	c100	sample	0	0-SRR5935833	mode	parallel
20261008-044702-3c2153c-55a5-n16-r15	15	c100	sample	0	0-SRR5935833	s3client	sdk
20261008-044702-3c2153c-55a5-n16-r15	15	c100	sample	0	0-SRR5935833	rank	15
20261008-044702-3c2153c-55a5-n16-r15	15	c100	sample	0	0-SRR5935833	role	home
20261008-044702-3c2153c-55a5-n16-r15	15	c100	sample	0	0-SRR5935833	inflight	2
20261008-044702-3c2153c-55a5-n16-r15	15	c100	sample	0	0-SRR5935833	threads	16
20261008-044702-3c2153c-55a5-n16-r15	15	c100	sample	0	0-SRR5935833	start_s	60.574377
20261008-044702-3c2153c-55a5-n16-r15	15	c100	sample	0	0-SRR5935833	wall_s	14.136420
20261008-044702-3c2153c-55a5-n16-r15	15	c100	sample	0	0-SRR5935833	setup_s	0.000073
20261008-044702-3c2153c-55a5-n16-r15	15	c100	sample	0	0-SRR5935833	classify_s	13.421094
20261008-044702-3c2153c-55a5-n16-r15	15	c100	sample	0	0-SRR5935833	close_s	0.259270
20261008-044702-3c2153c-55a5-n16-r15	15	c100	sample	0	0-SRR5935833	report_s	0.434872
20261008-044702-3c2153c-55a5-n16-r15	15	c100	sample	0	0-SRR5935833	status	0
20261008-044702-3c2153c-55a5-n16-r15	15	c100	sample	0	0-SRR5935833	sequences	12711109
20261008-044702-3c2153c-55a5-n16-r15	15	c100	sample	0	0-SRR5935833	bases	2382418955
20261008-044702-3c2153c-55a5-n16-r15	15	c100	sample	0	0-SRR5935833	classified	11452616
20261008-044702-3c2153c-55a5-n16-r15	15	c100	sample	0	0-SRR5935833	place	lpt
20261008-044702-3c2153c-55a5-n16-r15	15	c100	sample	0	0-SRR5935833	weight	12711109
20261008-044702-3c2153c-55a5-n16-r15	15	c100	sample	0	0-SRR5935832	mode	parallel
20261008-044702-3c2153c-55a5-n16-r15	15	c100	sample	0	0-SRR5935832	s3client	sdk
20261008-044702-3c2153c-55a5-n16-r15	15	c100	sample	0	0-SRR5935832	rank	15
20261008-044702-3c2153c-55a5-n16-r15	15	c100	sample	0	0-SRR5935832	role	home
20261008-044702-3c2153c-55a5-n16-r15	15	c100	sample	0	0-SRR5935832	inflight	2
20261008-044702-3c2153c-55a5-n16-r15	15	c100	sample	0	0-SRR5935832	threads	16
20261008-044702-3c2153c-55a5-n16-r15	15	c100	sample	0	0-SRR5935832	start_s	74.710886
20261008-044702-3c2153c-55a5-n16-r15	15	c100	sample	0	0-SRR5935832	wall_s	7.867210
20261008-044702-3c2153c-55a5-n16-r15	15	c100	sample	0	0-SRR5935832	setup_s	0.000076
20261008-044702-3c2153c-55a5-n16-r15	15	c100	sample	0	0-SRR5935832	classify_s	7.329590
20261008-044702-3c2153c-55a5-n16-r15	15	c100	sample	0	0-SRR5935832	close_s	0.370524
20261008-044702-3c2153c-55a5-n16-r15	15	c100	sample	0	0-SRR5935832	report_s	0.159331
20261008-044702-3c2153c-55a5-n16-r15	15	c100	sample	0	0-SRR5935832	status	0
20261008-044702-3c2153c-55a5-n16-r15	15	c100	sample	0	0-SRR5935832	sequences	6882441
20261008-044702-3c2153c-55a5-n16-r15	15	c100	sample	0	0-SRR5935832	bases	1244786679
20261008-044702-3c2153c-55a5-n16-r15	15	c100	sample	0	0-SRR5935832	classified	6619730
20261008-044702-3c2153c-55a5-n16-r15	15	c100	sample	0	0-SRR5935832	place	lpt
20261008-044702-3c2153c-55a5-n16-r15	15	c100	sample	0	0-SRR5935832	weight	6882441
20261008-044702-3c2153c-55a5-n16-r15	15	c100	sample	0	0-SRR5935826	mode	parallel
20261008-044702-3c2153c-55a5-n16-r15	15	c100	sample	0	0-SRR5935826	s3client	sdk
20261008-044702-3c2153c-55a5-n16-r15	15	c100	sample	0	0-SRR5935826	rank	15
20261008-044702-3c2153c-55a5-n16-r15	15	c100	sample	0	0-SRR5935826	role	home
20261008-044702-3c2153c-55a5-n16-r15	15	c100	sample	0	0-SRR5935826	inflight	2
20261008-044702-3c2153c-55a5-n16-r15	15	c100	sample	0	0-SRR5935826	threads	16
20261008-044702-3c2153c-55a5-n16-r15	15	c100	sample	0	0-SRR5935826	start_s	73.953569
20261008-044702-3c2153c-55a5-n16-r15	15	c100	sample	0	0-SRR5935826	wall_s	8.684348
20261008-044702-3c2153c-55a5-n16-r15	15	c100	sample	0	0-SRR5935826	setup_s	0.000074
20261008-044702-3c2153c-55a5-n16-r15	15	c100	sample	0	0-SRR5935826	classify_s	8.297981
20261008-044702-3c2153c-55a5-n16-r15	15	c100	sample	0	0-SRR5935826	close_s	0.263003
20261008-044702-3c2153c-55a5-n16-r15	15	c100	sample	0	0-SRR5935826	report_s	0.117632
20261008-044702-3c2153c-55a5-n16-r15	15	c100	sample	0	0-SRR5935826	status	0
20261008-044702-3c2153c-55a5-n16-r15	15	c100	sample	0	0-SRR5935826	sequences	8766123
20261008-044702-3c2153c-55a5-n16-r15	15	c100	sample	0	0-SRR5935826	bases	1609927653
20261008-044702-3c2153c-55a5-n16-r15	15	c100	sample	0	0-SRR5935826	classified	8639469
20261008-044702-3c2153c-55a5-n16-r15	15	c100	sample	0	0-SRR5935826	place	lpt
20261008-044702-3c2153c-55a5-n16-r15	15	c100	sample	0	0-SRR5935826	weight	8766123
20261008-044702-3c2153c-55a5-n16-r15	15	c100	phase			batch-barrier-0	1.217378
20261008-044702-3c2153c-55a5-n16-r15	15	c100	phase			batch-barrier-0.start_s	82.637941
20261008-044702-3c2153c-55a5-n16-r15	15	c100	sample	1	1-SRR5935755	mode	parallel
20261008-044702-3c2153c-55a5-n16-r15	15	c100	sample	1	1-SRR5935755	s3client	sdk
20261008-044702-3c2153c-55a5-n16-r15	15	c100	sample	1	1-SRR5935755	rank	15
20261008-044702-3c2153c-55a5-n16-r15	15	c100	sample	1	1-SRR5935755	role	home
20261008-044702-3c2153c-55a5-n16-r15	15	c100	sample	1	1-SRR5935755	inflight	2
20261008-044702-3c2153c-55a5-n16-r15	15	c100	sample	1	1-SRR5935755	threads	16
20261008-044702-3c2153c-55a5-n16-r15	15	c100	sample	1	1-SRR5935755	start_s	83.855355
20261008-044702-3c2153c-55a5-n16-r15	15	c100	sample	1	1-SRR5935755	wall_s	7.055664
20261008-044702-3c2153c-55a5-n16-r15	15	c100	sample	1	1-SRR5935755	setup_s	0.000048
20261008-044702-3c2153c-55a5-n16-r15	15	c100	sample	1	1-SRR5935755	classify_s	6.667074
20261008-044702-3c2153c-55a5-n16-r15	15	c100	sample	1	1-SRR5935755	close_s	0.175187
20261008-044702-3c2153c-55a5-n16-r15	15	c100	sample	1	1-SRR5935755	report_s	0.199890
20261008-044702-3c2153c-55a5-n16-r15	15	c100	sample	1	1-SRR5935755	status	0
20261008-044702-3c2153c-55a5-n16-r15	15	c100	sample	1	1-SRR5935755	sequences	6071697
20261008-044702-3c2153c-55a5-n16-r15	15	c100	sample	1	1-SRR5935755	bases	1090388750
20261008-044702-3c2153c-55a5-n16-r15	15	c100	sample	1	1-SRR5935755	classified	5415115
20261008-044702-3c2153c-55a5-n16-r15	15	c100	sample	1	1-SRR5935755	place	mod
20261008-044702-3c2153c-55a5-n16-r15	15	c100	sample	1	1-SRR5935755	weight	6071697
20261008-044702-3c2153c-55a5-n16-r15	15	c100	sample	1	1-SRR5935771	mode	parallel
20261008-044702-3c2153c-55a5-n16-r15	15	c100	sample	1	1-SRR5935771	s3client	sdk
20261008-044702-3c2153c-55a5-n16-r15	15	c100	sample	1	1-SRR5935771	rank	15
20261008-044702-3c2153c-55a5-n16-r15	15	c100	sample	1	1-SRR5935771	role	home
20261008-044702-3c2153c-55a5-n16-r15	15	c100	sample	1	1-SRR5935771	inflight	2
20261008-044702-3c2153c-55a5-n16-r15	15	c100	sample	1	1-SRR5935771	threads	16
20261008-044702-3c2153c-55a5-n16-r15	15	c100	sample	1	1-SRR5935771	start_s	83.855351
20261008-044702-3c2153c-55a5-n16-r15	15	c100	sample	1	1-SRR5935771	wall_s	10.301334
20261008-044702-3c2153c-55a5-n16-r15	15	c100	sample	1	1-SRR5935771	setup_s	0.000048
20261008-044702-3c2153c-55a5-n16-r15	15	c100	sample	1	1-SRR5935771	classify_s	9.786025
20261008-044702-3c2153c-55a5-n16-r15	15	c100	sample	1	1-SRR5935771	close_s	0.320454
20261008-044702-3c2153c-55a5-n16-r15	15	c100	sample	1	1-SRR5935771	report_s	0.182059
20261008-044702-3c2153c-55a5-n16-r15	15	c100	sample	1	1-SRR5935771	status	0
20261008-044702-3c2153c-55a5-n16-r15	15	c100	sample	1	1-SRR5935771	sequences	9230220
20261008-044702-3c2153c-55a5-n16-r15	15	c100	sample	1	1-SRR5935771	bases	1688151903
20261008-044702-3c2153c-55a5-n16-r15	15	c100	sample	1	1-SRR5935771	classified	8736529
20261008-044702-3c2153c-55a5-n16-r15	15	c100	sample	1	1-SRR5935771	place	mod
20261008-044702-3c2153c-55a5-n16-r15	15	c100	sample	1	1-SRR5935771	weight	9230220
20261008-044702-3c2153c-55a5-n16-r15	15	c100	sample	1	1-SRR5935787	mode	parallel
20261008-044702-3c2153c-55a5-n16-r15	15	c100	sample	1	1-SRR5935787	s3client	sdk
20261008-044702-3c2153c-55a5-n16-r15	15	c100	sample	1	1-SRR5935787	rank	15
20261008-044702-3c2153c-55a5-n16-r15	15	c100	sample	1	1-SRR5935787	role	home
20261008-044702-3c2153c-55a5-n16-r15	15	c100	sample	1	1-SRR5935787	inflight	2
20261008-044702-3c2153c-55a5-n16-r15	15	c100	sample	1	1-SRR5935787	threads	16
20261008-044702-3c2153c-55a5-n16-r15	15	c100	sample	1	1-SRR5935787	start_s	90.911047
20261008-044702-3c2153c-55a5-n16-r15	15	c100	sample	1	1-SRR5935787	wall_s	17.778027
20261008-044702-3c2153c-55a5-n16-r15	15	c100	sample	1	1-SRR5935787	setup_s	0.000084
20261008-044702-3c2153c-55a5-n16-r15	15	c100	sample	1	1-SRR5935787	classify_s	17.403859
20261008-044702-3c2153c-55a5-n16-r15	15	c100	sample	1	1-SRR5935787	close_s	0.206038
20261008-044702-3c2153c-55a5-n16-r15	15	c100	sample	1	1-SRR5935787	report_s	0.160120
20261008-044702-3c2153c-55a5-n16-r15	15	c100	sample	1	1-SRR5935787	status	0
20261008-044702-3c2153c-55a5-n16-r15	15	c100	sample	1	1-SRR5935787	sequences	16351397
20261008-044702-3c2153c-55a5-n16-r15	15	c100	sample	1	1-SRR5935787	bases	3065557655
20261008-044702-3c2153c-55a5-n16-r15	15	c100	sample	1	1-SRR5935787	classified	16166849
20261008-044702-3c2153c-55a5-n16-r15	15	c100	sample	1	1-SRR5935787	place	mod
20261008-044702-3c2153c-55a5-n16-r15	15	c100	sample	1	1-SRR5935787	weight	16351397
20261008-044702-3c2153c-55a5-n16-r15	15	c100	sample	1	1-SRR5935803	mode	parallel
20261008-044702-3c2153c-55a5-n16-r15	15	c100	sample	1	1-SRR5935803	s3client	sdk
20261008-044702-3c2153c-55a5-n16-r15	15	c100	sample	1	1-SRR5935803	rank	15
20261008-044702-3c2153c-55a5-n16-r15	15	c100	sample	1	1-SRR5935803	role	home
20261008-044702-3c2153c-55a5-n16-r15	15	c100	sample	1	1-SRR5935803	inflight	2
20261008-044702-3c2153c-55a5-n16-r15	15	c100	sample	1	1-SRR5935803	threads	16
20261008-044702-3c2153c-55a5-n16-r15	15	c100	sample	1	1-SRR5935803	start_s	94.156769
20261008-044702-3c2153c-55a5-n16-r15	15	c100	sample	1	1-SRR5935803	wall_s	19.748482
20261008-044702-3c2153c-55a5-n16-r15	15	c100	sample	1	1-SRR5935803	setup_s	0.000086
20261008-044702-3c2153c-55a5-n16-r15	15	c100	sample	1	1-SRR5935803	classify_s	19.273901
20261008-044702-3c2153c-55a5-n16-r15	15	c100	sample	1	1-SRR5935803	close_s	0.303529
20261008-044702-3c2153c-55a5-n16-r15	15	c100	sample	1	1-SRR5935803	report_s	0.160210
20261008-044702-3c2153c-55a5-n16-r15	15	c100	sample	1	1-SRR5935803	status	0
20261008-044702-3c2153c-55a5-n16-r15	15	c100	sample	1	1-SRR5935803	sequences	18392491
20261008-044702-3c2153c-55a5-n16-r15	15	c100	sample	1	1-SRR5935803	bases	3418705365
20261008-044702-3c2153c-55a5-n16-r15	15	c100	sample	1	1-SRR5935803	classified	18064386
20261008-044702-3c2153c-55a5-n16-r15	15	c100	sample	1	1-SRR5935803	place	mod
20261008-044702-3c2153c-55a5-n16-r15	15	c100	sample	1	1-SRR5935803	weight	18392491
20261008-044702-3c2153c-55a5-n16-r15	15	c100	sample	1	1-SRR5935835	mode	parallel
20261008-044702-3c2153c-55a5-n16-r15	15	c100	sample	1	1-SRR5935835	s3client	sdk
20261008-044702-3c2153c-55a5-n16-r15	15	c100	sample	1	1-SRR5935835	rank	15
20261008-044702-3c2153c-55a5-n16-r15	15	c100	sample	1	1-SRR5935835	role	home
20261008-044702-3c2153c-55a5-n16-r15	15	c100	sample	1	1-SRR5935835	inflight	2
20261008-044702-3c2153c-55a5-n16-r15	15	c100	sample	1	1-SRR5935835	threads	16
20261008-044702-3c2153c-55a5-n16-r15	15	c100	sample	1	1-SRR5935835	start_s	113.905322
20261008-044702-3c2153c-55a5-n16-r15	15	c100	sample	1	1-SRR5935835	wall_s	2.247477
20261008-044702-3c2153c-55a5-n16-r15	15	c100	sample	1	1-SRR5935835	setup_s	0.000074
20261008-044702-3c2153c-55a5-n16-r15	15	c100	sample	1	1-SRR5935835	classify_s	1.929647
20261008-044702-3c2153c-55a5-n16-r15	15	c100	sample	1	1-SRR5935835	close_s	0.208541
20261008-044702-3c2153c-55a5-n16-r15	15	c100	sample	1	1-SRR5935835	report_s	0.106417
20261008-044702-3c2153c-55a5-n16-r15	15	c100	sample	1	1-SRR5935835	status	0
20261008-044702-3c2153c-55a5-n16-r15	15	c100	sample	1	1-SRR5935835	sequences	1341509
20261008-044702-3c2153c-55a5-n16-r15	15	c100	sample	1	1-SRR5935835	bases	254993682
20261008-044702-3c2153c-55a5-n16-r15	15	c100	sample	1	1-SRR5935835	classified	1320808
20261008-044702-3c2153c-55a5-n16-r15	15	c100	sample	1	1-SRR5935835	place	mod
20261008-044702-3c2153c-55a5-n16-r15	15	c100	sample	1	1-SRR5935835	weight	1341509
20261008-044702-3c2153c-55a5-n16-r15	15	c100	sample	1	1-SRR5935819	mode	parallel
20261008-044702-3c2153c-55a5-n16-r15	15	c100	sample	1	1-SRR5935819	s3client	sdk
20261008-044702-3c2153c-55a5-n16-r15	15	c100	sample	1	1-SRR5935819	rank	15
20261008-044702-3c2153c-55a5-n16-r15	15	c100	sample	1	1-SRR5935819	role	home
20261008-044702-3c2153c-55a5-n16-r15	15	c100	sample	1	1-SRR5935819	inflight	2
20261008-044702-3c2153c-55a5-n16-r15	15	c100	sample	1	1-SRR5935819	threads	16
20261008-044702-3c2153c-55a5-n16-r15	15	c100	sample	1	1-SRR5935819	start_s	108.689160
20261008-044702-3c2153c-55a5-n16-r15	15	c100	sample	1	1-SRR5935819	wall_s	9.803864
20261008-044702-3c2153c-55a5-n16-r15	15	c100	sample	1	1-SRR5935819	setup_s	0.000062
20261008-044702-3c2153c-55a5-n16-r15	15	c100	sample	1	1-SRR5935819	classify_s	9.393744
20261008-044702-3c2153c-55a5-n16-r15	15	c100	sample	1	1-SRR5935819	close_s	0.216085
20261008-044702-3c2153c-55a5-n16-r15	15	c100	sample	1	1-SRR5935819	report_s	0.187674
20261008-044702-3c2153c-55a5-n16-r15	15	c100	sample	1	1-SRR5935819	status	0
20261008-044702-3c2153c-55a5-n16-r15	15	c100	sample	1	1-SRR5935819	sequences	10896278
20261008-044702-3c2153c-55a5-n16-r15	15	c100	sample	1	1-SRR5935819	bases	2024821947
20261008-044702-3c2153c-55a5-n16-r15	15	c100	sample	1	1-SRR5935819	classified	10712521
20261008-044702-3c2153c-55a5-n16-r15	15	c100	sample	1	1-SRR5935819	place	mod
20261008-044702-3c2153c-55a5-n16-r15	15	c100	sample	1	1-SRR5935819	weight	10896278
20261008-044702-3c2153c-55a5-n16-r15	15	c100	phase			batch-barrier-1	10.230152
20261008-044702-3c2153c-55a5-n16-r15	15	c100	phase			batch-barrier-1.start_s	118.493052
20261008-044702-3c2153c-55a5-n16-r15	15	c100	sample	2	2-SRR5935768	mode	parallel
20261008-044702-3c2153c-55a5-n16-r15	15	c100	sample	2	2-SRR5935768	s3client	sdk
20261008-044702-3c2153c-55a5-n16-r15	15	c100	sample	2	2-SRR5935768	rank	15
20261008-044702-3c2153c-55a5-n16-r15	15	c100	sample	2	2-SRR5935768	role	home
20261008-044702-3c2153c-55a5-n16-r15	15	c100	sample	2	2-SRR5935768	inflight	2
20261008-044702-3c2153c-55a5-n16-r15	15	c100	sample	2	2-SRR5935768	threads	16
20261008-044702-3c2153c-55a5-n16-r15	15	c100	sample	2	2-SRR5935768	start_s	128.723256
20261008-044702-3c2153c-55a5-n16-r15	15	c100	sample	2	2-SRR5935768	wall_s	17.467013
20261008-044702-3c2153c-55a5-n16-r15	15	c100	sample	2	2-SRR5935768	setup_s	0.000055
20261008-044702-3c2153c-55a5-n16-r15	15	c100	sample	2	2-SRR5935768	classify_s	17.027902
20261008-044702-3c2153c-55a5-n16-r15	15	c100	sample	2	2-SRR5935768	close_s	0.212451
20261008-044702-3c2153c-55a5-n16-r15	15	c100	sample	2	2-SRR5935768	report_s	0.208385
20261008-044702-3c2153c-55a5-n16-r15	15	c100	sample	2	2-SRR5935768	status	0
20261008-044702-3c2153c-55a5-n16-r15	15	c100	sample	2	2-SRR5935768	sequences	15746753
20261008-044702-3c2153c-55a5-n16-r15	15	c100	sample	2	2-SRR5935768	bases	2888337209
20261008-044702-3c2153c-55a5-n16-r15	15	c100	sample	2	2-SRR5935768	classified	14105631
20261008-044702-3c2153c-55a5-n16-r15	15	c100	sample	2	2-SRR5935768	place	lpt
20261008-044702-3c2153c-55a5-n16-r15	15	c100	sample	2	2-SRR5935768	weight	15746753
20261008-044702-3c2153c-55a5-n16-r15	15	c100	sample	2	2-SRR5935756	mode	parallel
20261008-044702-3c2153c-55a5-n16-r15	15	c100	sample	2	2-SRR5935756	s3client	sdk
20261008-044702-3c2153c-55a5-n16-r15	15	c100	sample	2	2-SRR5935756	rank	15
20261008-044702-3c2153c-55a5-n16-r15	15	c100	sample	2	2-SRR5935756	role	home
20261008-044702-3c2153c-55a5-n16-r15	15	c100	sample	2	2-SRR5935756	inflight	2
20261008-044702-3c2153c-55a5-n16-r15	15	c100	sample	2	2-SRR5935756	threads	16
20261008-044702-3c2153c-55a5-n16-r15	15	c100	sample	2	2-SRR5935756	start_s	128.723260
20261008-044702-3c2153c-55a5-n16-r15	15	c100	sample	2	2-SRR5935756	wall_s	17.536962
20261008-044702-3c2153c-55a5-n16-r15	15	c100	sample	2	2-SRR5935756	setup_s	0.000072
20261008-044702-3c2153c-55a5-n16-r15	15	c100	sample	2	2-SRR5935756	classify_s	17.060174
20261008-044702-3c2153c-55a5-n16-r15	15	c100	sample	2	2-SRR5935756	close_s	0.288404
20261008-044702-3c2153c-55a5-n16-r15	15	c100	sample	2	2-SRR5935756	report_s	0.173785
20261008-044702-3c2153c-55a5-n16-r15	15	c100	sample	2	2-SRR5935756	status	0
20261008-044702-3c2153c-55a5-n16-r15	15	c100	sample	2	2-SRR5935756	sequences	16053448
20261008-044702-3c2153c-55a5-n16-r15	15	c100	sample	2	2-SRR5935756	bases	2993468449
20261008-044702-3c2153c-55a5-n16-r15	15	c100	sample	2	2-SRR5935756	classified	15204484
20261008-044702-3c2153c-55a5-n16-r15	15	c100	sample	2	2-SRR5935756	place	lpt
20261008-044702-3c2153c-55a5-n16-r15	15	c100	sample	2	2-SRR5935756	weight	16053448
20261008-044702-3c2153c-55a5-n16-r15	15	c100	sample	2	2-SRR5935764	mode	parallel
20261008-044702-3c2153c-55a5-n16-r15	15	c100	sample	2	2-SRR5935764	s3client	sdk
20261008-044702-3c2153c-55a5-n16-r15	15	c100	sample	2	2-SRR5935764	rank	15
20261008-044702-3c2153c-55a5-n16-r15	15	c100	sample	2	2-SRR5935764	role	home
20261008-044702-3c2153c-55a5-n16-r15	15	c100	sample	2	2-SRR5935764	inflight	2
20261008-044702-3c2153c-55a5-n16-r15	15	c100	sample	2	2-SRR5935764	threads	16
20261008-044702-3c2153c-55a5-n16-r15	15	c100	sample	2	2-SRR5935764	start_s	146.260251
20261008-044702-3c2153c-55a5-n16-r15	15	c100	sample	2	2-SRR5935764	wall_s	13.240952
20261008-044702-3c2153c-55a5-n16-r15	15	c100	sample	2	2-SRR5935764	setup_s	0.000060
20261008-044702-3c2153c-55a5-n16-r15	15	c100	sample	2	2-SRR5935764	classify_s	12.815879
20261008-044702-3c2153c-55a5-n16-r15	15	c100	sample	2	2-SRR5935764	close_s	0.234121
20261008-044702-3c2153c-55a5-n16-r15	15	c100	sample	2	2-SRR5935764	report_s	0.180391
20261008-044702-3c2153c-55a5-n16-r15	15	c100	sample	2	2-SRR5935764	status	0
20261008-044702-3c2153c-55a5-n16-r15	15	c100	sample	2	2-SRR5935764	sequences	11689489
20261008-044702-3c2153c-55a5-n16-r15	15	c100	sample	2	2-SRR5935764	bases	2123440867
20261008-044702-3c2153c-55a5-n16-r15	15	c100	sample	2	2-SRR5935764	classified	11327502
20261008-044702-3c2153c-55a5-n16-r15	15	c100	sample	2	2-SRR5935764	place	lpt
20261008-044702-3c2153c-55a5-n16-r15	15	c100	sample	2	2-SRR5935764	weight	11689489
20261008-044702-3c2153c-55a5-n16-r15	15	c100	sample	2	2-SRR5935833	mode	parallel
20261008-044702-3c2153c-55a5-n16-r15	15	c100	sample	2	2-SRR5935833	s3client	sdk
20261008-044702-3c2153c-55a5-n16-r15	15	c100	sample	2	2-SRR5935833	rank	15
20261008-044702-3c2153c-55a5-n16-r15	15	c100	sample	2	2-SRR5935833	role	home
20261008-044702-3c2153c-55a5-n16-r15	15	c100	sample	2	2-SRR5935833	inflight	2
20261008-044702-3c2153c-55a5-n16-r15	15	c100	sample	2	2-SRR5935833	threads	16
20261008-044702-3c2153c-55a5-n16-r15	15	c100	sample	2	2-SRR5935833	start_s	146.190295
20261008-044702-3c2153c-55a5-n16-r15	15	c100	sample	2	2-SRR5935833	wall_s	14.712362
20261008-044702-3c2153c-55a5-n16-r15	15	c100	sample	2	2-SRR5935833	setup_s	0.000071
20261008-044702-3c2153c-55a5-n16-r15	15	c100	sample	2	2-SRR5935833	classify_s	13.597077
20261008-044702-3c2153c-55a5-n16-r15	15	c100	sample	2	2-SRR5935833	close_s	0.912617
20261008-044702-3c2153c-55a5-n16-r15	15	c100	sample	2	2-SRR5935833	report_s	0.176302
20261008-044702-3c2153c-55a5-n16-r15	15	c100	sample	2	2-SRR5935833	status	0
20261008-044702-3c2153c-55a5-n16-r15	15	c100	sample	2	2-SRR5935833	sequences	12711109
20261008-044702-3c2153c-55a5-n16-r15	15	c100	sample	2	2-SRR5935833	bases	2382418955
20261008-044702-3c2153c-55a5-n16-r15	15	c100	sample	2	2-SRR5935833	classified	11452616
20261008-044702-3c2153c-55a5-n16-r15	15	c100	sample	2	2-SRR5935833	place	lpt
20261008-044702-3c2153c-55a5-n16-r15	15	c100	sample	2	2-SRR5935833	weight	12711109
20261008-044702-3c2153c-55a5-n16-r15	15	c100	sample	2	2-SRR5935832	mode	parallel
20261008-044702-3c2153c-55a5-n16-r15	15	c100	sample	2	2-SRR5935832	s3client	sdk
20261008-044702-3c2153c-55a5-n16-r15	15	c100	sample	2	2-SRR5935832	rank	15
20261008-044702-3c2153c-55a5-n16-r15	15	c100	sample	2	2-SRR5935832	role	home
20261008-044702-3c2153c-55a5-n16-r15	15	c100	sample	2	2-SRR5935832	inflight	2
20261008-044702-3c2153c-55a5-n16-r15	15	c100	sample	2	2-SRR5935832	threads	16
20261008-044702-3c2153c-55a5-n16-r15	15	c100	sample	2	2-SRR5935832	start_s	160.902732
20261008-044702-3c2153c-55a5-n16-r15	15	c100	sample	2	2-SRR5935832	wall_s	7.267467
20261008-044702-3c2153c-55a5-n16-r15	15	c100	sample	2	2-SRR5935832	setup_s	0.000071
20261008-044702-3c2153c-55a5-n16-r15	15	c100	sample	2	2-SRR5935832	classify_s	6.897392
20261008-044702-3c2153c-55a5-n16-r15	15	c100	sample	2	2-SRR5935832	close_s	0.229835
20261008-044702-3c2153c-55a5-n16-r15	15	c100	sample	2	2-SRR5935832	report_s	0.132680
20261008-044702-3c2153c-55a5-n16-r15	15	c100	sample	2	2-SRR5935832	status	0
20261008-044702-3c2153c-55a5-n16-r15	15	c100	sample	2	2-SRR5935832	sequences	6882441
20261008-044702-3c2153c-55a5-n16-r15	15	c100	sample	2	2-SRR5935832	bases	1244786679
20261008-044702-3c2153c-55a5-n16-r15	15	c100	sample	2	2-SRR5935832	classified	6619730
20261008-044702-3c2153c-55a5-n16-r15	15	c100	sample	2	2-SRR5935832	place	lpt
20261008-044702-3c2153c-55a5-n16-r15	15	c100	sample	2	2-SRR5935832	weight	6882441
20261008-044702-3c2153c-55a5-n16-r15	15	c100	sample	2	2-SRR5935826	mode	parallel
20261008-044702-3c2153c-55a5-n16-r15	15	c100	sample	2	2-SRR5935826	s3client	sdk
20261008-044702-3c2153c-55a5-n16-r15	15	c100	sample	2	2-SRR5935826	rank	15
20261008-044702-3c2153c-55a5-n16-r15	15	c100	sample	2	2-SRR5935826	role	home
20261008-044702-3c2153c-55a5-n16-r15	15	c100	sample	2	2-SRR5935826	inflight	2
20261008-044702-3c2153c-55a5-n16-r15	15	c100	sample	2	2-SRR5935826	threads	16
20261008-044702-3c2153c-55a5-n16-r15	15	c100	sample	2	2-SRR5935826	start_s	159.501234
20261008-044702-3c2153c-55a5-n16-r15	15	c100	sample	2	2-SRR5935826	wall_s	8.814215
20261008-044702-3c2153c-55a5-n16-r15	15	c100	sample	2	2-SRR5935826	setup_s	0.000086
20261008-044702-3c2153c-55a5-n16-r15	15	c100	sample	2	2-SRR5935826	classify_s	8.188590
20261008-044702-3c2153c-55a5-n16-r15	15	c100	sample	2	2-SRR5935826	close_s	0.266868
20261008-044702-3c2153c-55a5-n16-r15	15	c100	sample	2	2-SRR5935826	report_s	0.353224
20261008-044702-3c2153c-55a5-n16-r15	15	c100	sample	2	2-SRR5935826	status	0
20261008-044702-3c2153c-55a5-n16-r15	15	c100	sample	2	2-SRR5935826	sequences	8766123
20261008-044702-3c2153c-55a5-n16-r15	15	c100	sample	2	2-SRR5935826	bases	1609927653
20261008-044702-3c2153c-55a5-n16-r15	15	c100	sample	2	2-SRR5935826	classified	8639469
20261008-044702-3c2153c-55a5-n16-r15	15	c100	sample	2	2-SRR5935826	place	lpt
20261008-044702-3c2153c-55a5-n16-r15	15	c100	sample	2	2-SRR5935826	weight	8766123
20261008-044702-3c2153c-55a5-n16-r15	15	c100	phase			batch-barrier-2	0.866787
20261008-044702-3c2153c-55a5-n16-r15	15	c100	phase			batch-barrier-2.start_s	168.315466
20261008-044702-3c2153c-55a5-n16-r15	15	c100	phase			barrier	0.255230
20261008-044702-3c2153c-55a5-n16-r15	15	c100	phase			barrier.start_s	175.981081
20261008-044702-3c2153c-55a5-n16-r15	15	c100	sample	3	3-SRR5935740	mode	striped
20261008-044702-3c2153c-55a5-n16-r15	15	c100	sample	3	3-SRR5935740	s3client	sdk
20261008-044702-3c2153c-55a5-n16-r15	15	c100	sample	3	3-SRR5935740	rank	15
20261008-044702-3c2153c-55a5-n16-r15	15	c100	sample	3	3-SRR5935740	role	peer
20261008-044702-3c2153c-55a5-n16-r15	15	c100	sample	3	3-SRR5935740	inflight	1
20261008-044702-3c2153c-55a5-n16-r15	15	c100	sample	3	3-SRR5935740	threads	16
20261008-044702-3c2153c-55a5-n16-r15	15	c100	sample	3	3-SRR5935740	start_s	170.230451
20261008-044702-3c2153c-55a5-n16-r15	15	c100	sample	3	3-SRR5935740	wall_s	6.005912
20261008-044702-3c2153c-55a5-n16-r15	15	c100	sample	3	3-SRR5935740	setup_s	0.000051
20261008-044702-3c2153c-55a5-n16-r15	15	c100	sample	3	3-SRR5935740	classify_s	5.746372
20261008-044702-3c2153c-55a5-n16-r15	15	c100	sample	3	3-SRR5935740	close_s	0.000000
20261008-044702-3c2153c-55a5-n16-r15	15	c100	sample	3	3-SRR5935740	report_s	0.000000
20261008-044702-3c2153c-55a5-n16-r15	15	c100	sample	3	3-SRR5935740	status	0
20261008-044702-3c2153c-55a5-n16-r15	15	c100	sample	3	3-SRR5935740	sequences	0
20261008-044702-3c2153c-55a5-n16-r15	15	c100	sample	3	3-SRR5935740	bases	0
20261008-044702-3c2153c-55a5-n16-r15	15	c100	sample	3	3-SRR5935740	classified	0
20261008-044702-3c2153c-55a5-n16-r15	15	c100	sample	3	3-SRR5935740	place	-
20261008-044702-3c2153c-55a5-n16-r15	15	c100	sample	3	3-SRR5935740	weight	-
20261008-044702-3c2153c-55a5-n16-r15	15	c100	phase			batch-barrier-3	0.521431
20261008-044702-3c2153c-55a5-n16-r15	15	c100	phase			batch-barrier-3.start_s	176.236376
20261008-044702-3c2153c-55a5-n16-r15	15	c100	phase			barrier	0.047101
20261008-044702-3c2153c-55a5-n16-r15	15	c100	phase			barrier.start_s	183.262151
20261008-044702-3c2153c-55a5-n16-r15	15	c100	sample	4	4-SRR5935740	mode	striped
20261008-044702-3c2153c-55a5-n16-r15	15	c100	sample	4	4-SRR5935740	s3client	sdk
20261008-044702-3c2153c-55a5-n16-r15	15	c100	sample	4	4-SRR5935740	rank	15
20261008-044702-3c2153c-55a5-n16-r15	15	c100	sample	4	4-SRR5935740	role	peer
20261008-044702-3c2153c-55a5-n16-r15	15	c100	sample	4	4-SRR5935740	inflight	1
20261008-044702-3c2153c-55a5-n16-r15	15	c100	sample	4	4-SRR5935740	threads	16
20261008-044702-3c2153c-55a5-n16-r15	15	c100	sample	4	4-SRR5935740	start_s	177.539574
20261008-044702-3c2153c-55a5-n16-r15	15	c100	sample	4	4-SRR5935740	wall_s	5.769723
20261008-044702-3c2153c-55a5-n16-r15	15	c100	sample	4	4-SRR5935740	setup_s	0.000052
20261008-044702-3c2153c-55a5-n16-r15	15	c100	sample	4	4-SRR5935740	classify_s	5.718171
20261008-044702-3c2153c-55a5-n16-r15	15	c100	sample	4	4-SRR5935740	close_s	0.000000
20261008-044702-3c2153c-55a5-n16-r15	15	c100	sample	4	4-SRR5935740	report_s	0.000000
20261008-044702-3c2153c-55a5-n16-r15	15	c100	sample	4	4-SRR5935740	status	0
20261008-044702-3c2153c-55a5-n16-r15	15	c100	sample	4	4-SRR5935740	sequences	0
20261008-044702-3c2153c-55a5-n16-r15	15	c100	sample	4	4-SRR5935740	bases	0
20261008-044702-3c2153c-55a5-n16-r15	15	c100	sample	4	4-SRR5935740	classified	0
20261008-044702-3c2153c-55a5-n16-r15	15	c100	sample	4	4-SRR5935740	place	-
20261008-044702-3c2153c-55a5-n16-r15	15	c100	sample	4	4-SRR5935740	weight	-
20261008-044702-3c2153c-55a5-n16-r15	15	c100	phase			batch-barrier-4	0.547460
20261008-044702-3c2153c-55a5-n16-r15	15	c100	phase			batch-barrier-4.start_s	183.309311
20261008-044702-3c2153c-55a5-n16-r15	15	c100	phase			barrier	0.059885
20261008-044702-3c2153c-55a5-n16-r15	15	c100	phase			barrier.start_s	190.351626
20261008-044702-3c2153c-55a5-n16-r15	15	c100	sample	5	5-SRR5935740	mode	striped
20261008-044702-3c2153c-55a5-n16-r15	15	c100	sample	5	5-SRR5935740	s3client	sdk
20261008-044702-3c2153c-55a5-n16-r15	15	c100	sample	5	5-SRR5935740	rank	15
20261008-044702-3c2153c-55a5-n16-r15	15	c100	sample	5	5-SRR5935740	role	peer
20261008-044702-3c2153c-55a5-n16-r15	15	c100	sample	5	5-SRR5935740	inflight	1
20261008-044702-3c2153c-55a5-n16-r15	15	c100	sample	5	5-SRR5935740	threads	16
20261008-044702-3c2153c-55a5-n16-r15	15	c100	sample	5	5-SRR5935740	start_s	184.633505
20261008-044702-3c2153c-55a5-n16-r15	15	c100	sample	5	5-SRR5935740	wall_s	5.778057
20261008-044702-3c2153c-55a5-n16-r15	15	c100	sample	5	5-SRR5935740	setup_s	0.000056
20261008-044702-3c2153c-55a5-n16-r15	15	c100	sample	5	5-SRR5935740	classify_s	5.713728
20261008-044702-3c2153c-55a5-n16-r15	15	c100	sample	5	5-SRR5935740	close_s	0.000000
20261008-044702-3c2153c-55a5-n16-r15	15	c100	sample	5	5-SRR5935740	report_s	0.000000
20261008-044702-3c2153c-55a5-n16-r15	15	c100	sample	5	5-SRR5935740	status	0
20261008-044702-3c2153c-55a5-n16-r15	15	c100	sample	5	5-SRR5935740	sequences	0
20261008-044702-3c2153c-55a5-n16-r15	15	c100	sample	5	5-SRR5935740	bases	0
20261008-044702-3c2153c-55a5-n16-r15	15	c100	sample	5	5-SRR5935740	classified	0
20261008-044702-3c2153c-55a5-n16-r15	15	c100	sample	5	5-SRR5935740	place	-
20261008-044702-3c2153c-55a5-n16-r15	15	c100	sample	5	5-SRR5935740	weight	-
20261008-044702-3c2153c-55a5-n16-r15	15	c100	phase			batch-barrier-5	0.829254
20261008-044702-3c2153c-55a5-n16-r15	15	c100	phase			batch-barrier-5.start_s	190.411571
20261008-044702-3c2153c-55a5-n16-r15	15	c100	phase			batch-barrier-6	7.109458
20261008-044702-3c2153c-55a5-n16-r15	15	c100	phase			batch-barrier-6.start_s	191.240846
20261008-044702-3c2153c-55a5-n16-r15	15	c100	phase			batch-barrier-7	8.087816
20261008-044702-3c2153c-55a5-n16-r15	15	c100	phase			batch-barrier-7.start_s	198.350327
20261008-044702-3c2153c-55a5-n16-r15	15	c100	phase			batch-barrier-8	6.068330
20261008-044702-3c2153c-55a5-n16-r15	15	c100	phase			batch-barrier-8.start_s	206.438165
20261008-044702-3c2153c-55a5-n16-r15	15	c100	engine.shard			index	0
20261008-044702-3c2153c-55a5-n16-r15	15	c100	engine.shard			n	16
20261008-044702-3c2153c-55a5-n16-r15	15	c100	engine.shard			lo	278693360570
20261008-044702-3c2153c-55a5-n16-r15	15	c100	engine.shard			hi	297272917942
20261008-044702-3c2153c-55a5-n16-r15	15	c100	engine.shard			tail	302
20261008-044702-3c2153c-55a5-n16-r15	15	c100	engine.shard			full	false
20261008-044702-3c2153c-55a5-n16-r15	15	c100	engine.shard			empty_at	18579557371
20261008-044702-3c2153c-55a5-n16-r15	15	c100	engine.shard			keys	8468698137
20261008-044702-3c2153c-55a5-n16-r15	15	c100	engine.shard			batches	89910
20261008-044702-3c2153c-55a5-n16-r15	15	c100	engine.shard			probe_s	246.201273
20261008-044702-3c2153c-55a5-n16-r15	15	c100	engine.shard			tail_probes	0
20261008-044702-3c2153c-55a5-n16-r15	15	c100	engine.shard			wrap_probes	0
20261008-044702-3c2153c-55a5-n16-r15	15	c100	engine.rendezvous			puts	13
20261008-044702-3c2153c-55a5-n16-r15	15	c100	engine.rendezvous			gets	362
20261008-044702-3c2153c-55a5-n16-r15	15	c100	engine.s3			client	sdk
20261008-044702-3c2153c-55a5-n16-r15	15	c100	engine.s3			put	31
20261008-044702-3c2153c-55a5-n16-r15	15	c100	engine.s3			get	362
20261008-044702-3c2153c-55a5-n16-r15	15	c100	engine.s3			create_multipart	18
20261008-044702-3c2153c-55a5-n16-r15	15	c100	engine.s3			upload_part	2132
20261008-044702-3c2153c-55a5-n16-r15	15	c100	engine.s3			complete_multipart	18
20261008-044702-3c2153c-55a5-n16-r15	15	c100	engine.s3			abort_multipart	0
20261008-044702-3c2153c-55a5-n16-r15	15	c100	engine.s3			part_bytes	17819487418
20261008-044702-3c2153c-55a5-n16-r15	15	c100	engine.s3			client	cli
20261008-044702-3c2153c-55a5-n16-r15	15	c100	engine.s3			put	0
20261008-044702-3c2153c-55a5-n16-r15	15	c100	engine.s3			get	0
20261008-044702-3c2153c-55a5-n16-r15	15	c100	engine.s3			create_multipart	0
20261008-044702-3c2153c-55a5-n16-r15	15	c100	engine.s3			upload_part	0
20261008-044702-3c2153c-55a5-n16-r15	15	c100	engine.s3			complete_multipart	0
20261008-044702-3c2153c-55a5-n16-r15	15	c100	engine.s3			abort_multipart	0
20261008-044702-3c2153c-55a5-n16-r15	15	c100	engine.s3			part_bytes	0
20261008-044702-3c2153c-55a5-n16-r15	15	c100	engine.load			seconds	42.307704
20261008-044702-3c2153c-55a5-n16-r15	15	c100	engine.load			requests	1127
20261008-044702-3c2153c-55a5-n16-r15	15	c100	engine.load			retries	0
20261008-044702-3c2153c-55a5-n16-r15	15	c100	engine.load			bytes	74318296296
20261008-044702-3c2153c-55a5-n16-r15	15	c100	engine.route			transport	nodes
20261008-044702-3c2153c-55a5-n16-r15	15	c100	engine.route			calls	5450
20261008-044702-3c2153c-55a5-n16-r15	15	c100	engine.route			keys	8208455580
20261008-044702-3c2153c-55a5-n16-r15	15	c100	engine.route			batches	87200
20261008-044702-3c2153c-55a5-n16-r15	15	c100	engine.route			route_s	100.849252
20261008-044702-3c2153c-55a5-n16-r15	15	c100	engine.route			wait_s	352.778277
20261008-044702-3c2153c-55a5-n16-r15	15	c100	engine.route			gather_s	19.096805
20261008-044702-3c2153c-55a5-n16-r15	15	c100	engine.worker			scan_s	779.067765
20261008-044702-3c2153c-55a5-n16-r15	15	c100	engine.worker			lookup_s	472.728474
20261008-044702-3c2153c-55a5-n16-r15	15	c100	engine.worker			classify_s	674.310403
20261008-044702-3c2153c-55a5-n16-r15	15	c100	phase			total	212.657101
20261008-044702-3c2153c-55a5-n16-r15	15	c100	phase			total.start_s	0.000001
