run	mate	bytes	md5	sha256	key	version_id	at
SRR5935740	1	495118282	8d0ddf039dc21ebedfd06c6e08e0ce3f	8aab89e99d4bc8b3f2da57a35ba7823fb387d3ff4c8fb7d8a51fc77bc2582c62	aws-kraken2/data/cohort/SRR5935740_1.fastq.gz	RcmXXLw7YqW3QFOile4XQLnClPUyrSrW	2026-10-08T00:32:18Z
SRR5935740	2	502062672	703911c349edcb0bb78012c10c109c79	4f5acd3dfe043300aab196a6cc8d5caa174ec3dab8f9c3082647def99c9afe09	aws-kraken2/data/cohort/SRR5935740_2.fastq.gz	OhwUj7d3ruhYrC9sjVNSTLSOMex3CNS0	2026-10-08T00:32:18Z
SRR5935741	1	837416271	87aea06c2b28440121a7052ee9bb1b28	2f93514092c5a187a2c36db929526e0a78cb0129b018c514ddfdd14b7603fbe1	aws-kraken2/data/cohort/SRR5935741_1.fastq.gz	.81fDxIw3SSrAG1K2bThimgFQbNe63xP	2026-10-08T00:32:18Z
SRR5935741	2	827325968	b6d63cea9e7196e1dc99d9e52aaf60a1	b55f062150312d9442687b5c43d5a99a9bee5fed0246f150c278e8b30549c61d	aws-kraken2/data/cohort/SRR5935741_2.fastq.gz	h8jaox8rOG4YyXNNdrtmy7_n5HTHJ_Pw	2026-10-08T00:35:45Z
SRR5935742	1	575178581	8786d82cf4ab619cb2aee1006a8073d2	e30ccf1431649df8f20cc34fa1174d8af47933701bae9a585a9b0898ee4cdfa8	aws-kraken2/data/cohort/SRR5935742_1.fastq.gz	dr4b8LmCFdHo7sKc9VFr.wosFoi..K8I	2026-10-08T00:34:40Z
SRR5935742	2	583688553	4c801589bf6606d1f16e939ab3edb2d8	9ca413d7cc657d074cefbd0d00de67d49309d14fce7fc323ac760d8fae6874c0	aws-kraken2/data/cohort/SRR5935742_2.fastq.gz	t_IP0DN8IxsvONhwN19EXckWD_dAklTv	2026-10-08T00:32:19Z
SRR5935743	1	8679627	7a1d3c876db0f14d80a72d172e1d0cdf	7d627626ced7beccb30b88536b8ab97353a64b63d14101d5afc07a340d1834fb	aws-kraken2/data/cohort/SRR5935743_1.fastq.gz	LCxlOK5E0FQHkTrdbk_f1PZ7VmP2Z9FH	2026-10-08T00:32:19Z
SRR5935743	2	8611159	baa00fe73e010716dc17c5b62f1d0956	778ab6b8baf6347f338be2a0f33106de840ca2afa54f2b817dae2c15d51b9dc2	aws-kraken2/data/cohort/SRR5935743_2.fastq.gz	16EuBMJbFVSwy.klw0SLdQES3q5y9Zdm	2026-10-08T00:32:20Z
SRR5935744	1	745495793	dbab59bca1bdd65f68abfa7eae21e65c	dfb25327b29713a2c446b33b9a689e4e2b98e411aa7a04ce0762e53f09135ab6	aws-kraken2/data/cohort/SRR5935744_1.fastq.gz	Jbsa9aRg0yvit9WMgD4zCn71aKy9e60N	2026-10-08T00:32:20Z
SRR5935744	2	755587542	f783632ed8e6cf3e85e443990823bd88	f0802a44d60e3ec53583243cb57465962043d9e80e5d1d8ebc741ef85d314732	aws-kraken2/data/cohort/SRR5935744_2.fastq.gz	kEPFHyxME8QEj2cNMO_aZydUrwlUuh8x	2026-10-08T00:32:20Z
SRR5935745	1	520125014	8c03236b7d33006c9f1ea5ac96496f39	c3605904955a001df9bde9a64c42b2025a4855fc3cf822faabd8353806a751e8	aws-kraken2/data/cohort/SRR5935745_1.fastq.gz	e1nMQ8xIpWcORexltSH_8gTj_F331jFL	2026-10-08T00:32:21Z
SRR5935745	2	524678126	770d2ded687d4ceb9865e2503a4498f5	2a7295cf736eb7a0377ec1ccf7085e675bc1fcc3fff977427665924145f4dc7c	aws-kraken2/data/cohort/SRR5935745_2.fastq.gz	xjH4ext7nd92.5eMdCsFsdo4PS5ahVlq	2026-10-08T00:34:43Z
SRR5935746	1	524886352	a4e53a69a751e22dce9ff166add45b02	6910efb61060360c82cb08a2f57601a16ba0371188f2d3addf24a38ecfda12e0	aws-kraken2/data/cohort/SRR5935746_1.fastq.gz	HIQlFAoq.7uYNsnvxR.qWTR0oH_LMmte	2026-10-08T00:37:27Z
SRR5935746	2	523074338	4ca0e045c11b317e69c8ff3821dec51d	cc2d68bf407e62943045837f0108f5781d524412ab58be09258a9a0b264c63b9	aws-kraken2/data/cohort/SRR5935746_2.fastq.gz	KVUjx297snOdtHpllPOXtMNeomdEKGcb	2026-10-08T00:34:43Z
SRR5935747	1	145394201	6a154971cc31d3679e1671e9246fb6c6	557e8acde5de8ab8f5a41b363f523914bc1cb8ffdfb3eec01bdb6868c0e75a46	aws-kraken2/data/cohort/SRR5935747_1.fastq.gz	1z35tYJzzeRfcHH9ugfX_ZSqG8g5SqnI	2026-10-08T00:34:44Z
SRR5935747	2	147979881	7935a751a60b635e0d0aa4bd2cb1cca3	f9f69ba23089a1a646982e101b23b46a93ea3271b4966966606791a32a421754	aws-kraken2/data/cohort/SRR5935747_2.fastq.gz	RfNfXSdnpOumraf9JOmdrxkv1JAj91cm	2026-10-08T00:35:27Z
SRR5935748	1	558312578	dd83b86e8f2cb334c013bd2afc162436	bbb258924127e7070fbd670c2c7bc9ac09ee1c4b31f6553b2802a0c3eb2aaa61	aws-kraken2/data/cohort/SRR5935748_1.fastq.gz	kBHmKvdg.aCJ5.yFnbUMC4uF69Z0GcBJ	2026-10-08T00:38:15Z
SRR5935748	2	574516567	7078f8852014cd97a84d6110b1809e51	99dcb4054aca7accc23286f4f8dce10500fab85a400a4ee50ddfa1191825751c	aws-kraken2/data/cohort/SRR5935748_2.fastq.gz	hhE52_IVkG_psKXDNX07gWQtKRaaiygW	2026-10-08T00:38:12Z
SRR5935749	1	897225885	63c299689793b6cc0ce2f38935afad7c	533fa952ff371026dc93fcc19d1c2b01e642816e2bd49fcef8181df2bdab228f	aws-kraken2/data/cohort/SRR5935749_1.fastq.gz	IixpERopB7vZ_UdSEhJpiLT1Vzpr02xD	2026-10-08T00:40:48Z
SRR5935749	2	893278004	71dcc8b31d68fbf1d4670b211d2212df	9866b699fd1980bbe9edcc9afef25e0729ba2c82c87aa0e32feca919f7efd273	aws-kraken2/data/cohort/SRR5935749_2.fastq.gz	b7qbFqD3uBteyV96yIvFmDogefximUuN	2026-10-08T00:42:13Z
SRR5935752	1	695546014	600b969190c0d2e302947d0000191be2	240bb7d364b952ddf8e5b0477bc192810d34366db3cc36ed9a8b41ee72de3be4	aws-kraken2/data/cohort/SRR5935752_1.fastq.gz	xE9VZVVM4H98lKIpydEsM_Y8qqS5i3tA	2026-10-08T04:06:31Z
SRR5935752	2	696557553	6a3b380f5e9c4bb313cd7d4e0352c3c5	bf725b29ae1129d3ec70341034fae0636b821bd508519e50bb577b8b202da25c	aws-kraken2/data/cohort/SRR5935752_2.fastq.gz	K6_c0vyoXwxbFVvsRctNyLcZItOg6XZ9	2026-10-08T04:05:39Z
SRR5935754	1	494200062	e08a74e402207afc00ef542f9d4c694e	d4b5ed3d56893808c43d13da6aeb37e6da61e4741a60a47fdc41da14281e6db5	aws-kraken2/data/cohort/SRR5935754_1.fastq.gz	mb0yKS0Vkvq0r4ppC8O7HdvO4ekKSJm1	2026-10-08T04:04:34Z
SRR5935754	2	494224404	50d2e98a22154354479399a8ab148690	aa1b99b0a664ee1f05f8f59971eb6f359a0446ebcdb48d694ac56bc46d54febd	aws-kraken2/data/cohort/SRR5935754_2.fastq.gz	tbEpv.2CWv9sJH3NsPDK0asZJeW0zCrT	2026-10-08T04:05:45Z
SRR5935760	1	516609618	7a05745e03b0fec2f2238c10547b1be6	45b86465ecd40e2095eeeabb348ebd3ec6841b2842abef62b0b115fd23c0a8f9	aws-kraken2/data/cohort/SRR5935760_1.fastq.gz	cOASBtD82mENwz_EvWFPK3FTSKHvsKfR	2026-10-08T04:04:56Z
SRR5935760	2	521090367	bdfef0c73e2bd59b0c7198a2e12108c0	6df20e4032078967072bd076b55908b61530af871a086130665c89e727a75a61	aws-kraken2/data/cohort/SRR5935760_2.fastq.gz	O32vyA1pUhSu.RRgOr771cquuWeRqYjD	2026-10-08T04:05:45Z
SRR5935762	1	865706610	63a1b98041ab2d78830de26adbfa9037	25ec54acafd1e95162c87156d0716592f071f218a2b7834006cbce17830d731b	aws-kraken2/data/cohort/SRR5935762_1.fastq.gz	WPqB4XQreI8ULQI0cmPrngqjQIthRKwt	2026-10-08T04:06:34Z
SRR5935762	2	886695734	d80f093b5c51a5902b9d74a4cc4142b0	d032979a91d77781a34b6601ab1f7e7aaffd84409cb61b1385c0cb37cb82bad5	aws-kraken2/data/cohort/SRR5935762_2.fastq.gz	MzmHCX9baQzeBKU3S1tc5Z_ku6amr48A	2026-10-08T04:06:43Z
SRR5935768	1	760134776	90c11f2d3f8beac39061b081f57fd27d	ede9a9445ee70d30ccf927667332fb01557b2ec4e5e67cffa270e60fd3380e96	aws-kraken2/data/cohort/SRR5935768_1.fastq.gz	OKgLShF1PP9bxbP3toF9O8FN7WLepHlv	2026-10-08T04:05:39Z
SRR5935768	2	751390894	65c5c3169c7b65980c969c3253a6c4c9	d542c61ebac254b27933f69ff4255fc9824bdc0cdb7b019e6b0b9b56de46fe0f	aws-kraken2/data/cohort/SRR5935768_2.fastq.gz	z8KhTjf_p1ACiLgDig44o1F0KTZUkBNX	2026-10-08T04:05:29Z
SRR5935770	1	794160957	e2b074f80b5202c16258859cccca3b55	77558823b0bd39b3aae4e5b80492fd97e81bcbcad333c7e99cb4ce9780da0cff	aws-kraken2/data/cohort/SRR5935770_1.fastq.gz	qHi1AlIrRObtz2cf5r2UdCvv02YCx2HX	2026-10-08T04:05:40Z
SRR5935770	2	791523927	b117df4059a0d3df88fe1b7b07473854	60a533ded41703238ba8049b259a401686b0c10688b622da61a7fc60c0dc95cb	aws-kraken2/data/cohort/SRR5935770_2.fastq.gz	jaELV_qOnlBn.WDer9AwfsnmobOl59Do	2026-10-08T04:06:26Z
SRR5935776	1	154363952	1cbbf1f6cec5ed2e1d78a3706981cbf8	a82e458f92bd057ba3778d8537efc8675611caf91835bef8c563705842c3872a	aws-kraken2/data/cohort/SRR5935776_1.fastq.gz	TUKme8sLGRst4tNSQWGJnvgBCWwS6MN6	2026-10-08T04:05:43Z
SRR5935776	2	157757432	0f12399ea9c6701e83f0931d594ccbb4	7307002b3eb1d072174eb4433d7a6e4f9e2d298dbc02b5e112da814d04fd958f	aws-kraken2/data/cohort/SRR5935776_2.fastq.gz	U61sL0N4d.kkV2fIfq_mSpx4szYNeN5v	2026-10-08T04:06:09Z
SRR5935778	1	533526941	d09763a98b2491414cb7825c65b6fab3	7c5d296532420bd5b8099aaa08b8dd77b5c6a3edcfa0a52774ef7831e96dfe11	aws-kraken2/data/cohort/SRR5935778_1.fastq.gz	rQNdC9FQ2QzD40g1OBVA5egIddHVMwTI	2026-10-08T04:06:47Z
SRR5935778	2	539113107	b8910fdb06382d4364569c5b49205201	21773a2e8a7e1cc65911666a2bf4cbece90756a157e5ef2d57830cdd22eb5a6f	aws-kraken2/data/cohort/SRR5935778_2.fastq.gz	rENWh.R7mJv67d1a0g7lxkumVz5ZngG6	2026-10-08T04:08:00Z
SRR5935784	1	708620656	475d7cae958e47ec1c9a32767d809664	38345e1dad89b5fbf82371c979b85866a57f7b3fe39b17166f41c9a4dd9f8b0b	aws-kraken2/data/cohort/SRR5935784_1.fastq.gz	6a3pD8lfgfxHzuYryexVgkso_n8p01tW	2026-10-08T04:08:38Z
SRR5935784	2	713263985	3ed6ebaf3bdb787b2d47b58859a3bb8d	6d171c2d39d9d8b18828ef8e279e901d0bc64e95304dcc4d3a39d9b1919d942e	aws-kraken2/data/cohort/SRR5935784_2.fastq.gz	T.dRSUm65KlQUmoYXzvZaI2oVLBEdhw9	2026-10-08T04:09:11Z
SRR5935786	1	483303400	b5391c97751c3fdecdbe3befbd632b0d	1401f76b2d6c028be0c63cfb23bf3384716f45b4731a217e6155cfa1738ede31	aws-kraken2/data/cohort/SRR5935786_1.fastq.gz	RI.uuLummW6RTrhzp2YHj_B_a69k2ocv	2026-10-08T04:07:45Z
SRR5935786	2	486792147	eb15b756a7f36f730584b7ac082d8c76	3f7b8049e578477e48fa26b72adef1a5417d090f2e6333ceea8d76ee1a26ecd2	aws-kraken2/data/cohort/SRR5935786_2.fastq.gz	4kjz96gTtcDl29EMBgiP51PIJ.1Ya6gp	2026-10-08T04:08:46Z
SRR5935792	1	534381568	0a98894c3f5814093cb1d51df5ce51cf	134450cf8a944050658d3b1e59714d721098de91349a2653639083c1d66124ca	aws-kraken2/data/cohort/SRR5935792_1.fastq.gz	Gyx7hNEOAhRmSpdpm9KG09yXQ7mljO9E	2026-10-08T04:07:46Z
SRR5935792	2	531983625	721c81612e07ae4195f141fb4757ce45	e93d460c8e3fa6a7ab474ad0036cc4ed10f2c46830d9254d2bb24a5e2295ca2b	aws-kraken2/data/cohort/SRR5935792_2.fastq.gz	mZ0kkkcyAzdBfPRD1Qza386hvg.s0r5J	2026-10-08T04:07:56Z
SRR5935794	1	637658451	2b3e3ff65138300183abd297ede171b1	ecd28ec12d068caaeb2d457fea349653795c5414ea9e40a159245c34192d9c63	aws-kraken2/data/cohort/SRR5935794_1.fastq.gz	vfDl4XfA7z5q1TiXmVkch_DAeel5ILpD	2026-10-08T04:09:19Z
SRR5935794	2	636315681	a50dacbe9c5d3a3c07d8d2de649337a2	9507e501ce1709ef68a8b50d6d03748dd6dd022b54501559d2fe91f137e262ff	aws-kraken2/data/cohort/SRR5935794_2.fastq.gz	_VV0gsX6TdAm60HVcrGJf.jKnF.chB1L	2026-10-08T04:09:13Z
SRR5935800	1	763577151	19493943fcc55778d0b17e76428f8ee8	447566d299c01cc7874a0d6f97f0c908db288cd173b8a5f957fb278c583de005	aws-kraken2/data/cohort/SRR5935800_1.fastq.gz	.Hn03o6OlBSjj7p7ErNbmUUwQC8NrO7u	2026-10-08T04:09:05Z
SRR5935800	2	755049874	f4c5558a0bfdddced56dd8507d209106	aa4650ea3303e2c7ced399e597dbb072d17e1cc90ad30014940604fc5aa3aa37	aws-kraken2/data/cohort/SRR5935800_2.fastq.gz	GjFss8Y13bGfCB46X9OHAshHdKBDmDrv	2026-10-08T04:09:29Z
SRR5935802	1	807109724	f5af63c931443d6708036e22fefd8afc	901e4b2dc3e1407b6834e9b8593d7406c2c21afb95509ac2f0ac531c54d8654c	aws-kraken2/data/cohort/SRR5935802_1.fastq.gz	h7Uqa7ZFgXM8WnW_DeX_oto2YRZuvyKu	2026-10-08T04:10:18Z
SRR5935802	2	804571448	9b6eace69903496da0a7b8788d55d5cd	f1608f444ec4141cc5d27065c2135ba55844ec7260e9b87a438f5f0154fc4e47	aws-kraken2/data/cohort/SRR5935802_2.fastq.gz	h_lIxvwZ27YR_GegANQqO37cXjdVDRlN	2026-10-08T04:10:57Z
SRR5935808	1	743782121	c5527212b6e9b9aa108c36d869b77c75	49a0da09b86b226d8eef43a8f7651a5efaab94d03700df11e6e7a34baf0276e7	aws-kraken2/data/cohort/SRR5935808_1.fastq.gz	0uFAQHT7GU.AAINWKeuyGPmJAvgOPjwE	2026-10-08T04:10:40Z
SRR5935808	2	754217128	a9fe1d40d894506bb218c1e944ac691d	1f1ba9f18cf2e6c1704e31f43b624d13fd2ab7562dc86ab4ce86aa08322e3b03	aws-kraken2/data/cohort/SRR5935808_2.fastq.gz	vg2XWdeVbJexk_MsA71qLrWPpun1UxnS	2026-10-08T04:11:19Z
SRR5935810	1	726749271	2c2c05c044bc12d903d646eb39527eb8	eaac95c40dae01ea8bd81712b2dfeccbcdd3e3284728b4b324f4efe7c1d2bd94	aws-kraken2/data/cohort/SRR5935810_1.fastq.gz	QgxkE4ce4uZ0m4B0ESL3a78DPzl4Ts0W	2026-10-08T04:10:51Z
SRR5935810	2	734644195	16aaee85b8968c64acf5e74bd853917e	ab2c6939e58ba0830c5245c83e89a48eadd2956d397edecee785390e1a574ba1	aws-kraken2/data/cohort/SRR5935810_2.fastq.gz	BSKq5r1m6oRjmSxr4cS9Qr3dg1WF.Clp	2026-10-08T04:11:44Z
SRR5935816	1	594687362	af7e8668eca43a5bef3105c04b353c71	252f8d4d6a313ab52a7471189db3f8f0782ec9310aa202c96e373779e6cc0994	aws-kraken2/data/cohort/SRR5935816_1.fastq.gz	..Q1yEcmyj3FsCql3InDpmca8lrl24Jf	2026-10-08T04:11:55Z
SRR5935816	2	604873582	cd6b97876ad5366ca3ff26d6de522b6e	08a6d59e87ac438c360dea753275f98b14ae6179ed34481d3eca71a945e17ec8	aws-kraken2/data/cohort/SRR5935816_2.fastq.gz	yd2NkjtG_uHOMdQU1f9wfBTv.p2vrHin	2026-10-08T04:11:43Z
SRR5935818	1	423828734	ce65f913dd314bdf98b31830412347e7	d8c51437d1887bb0b797bcfb913602f843726dff0b7eaa24136ab6ec41d245ac	aws-kraken2/data/cohort/SRR5935818_1.fastq.gz	HczbxPFRacd_u5_9pUGE9Ys1hmovOwzm	2026-10-08T04:11:01Z
SRR5935818	2	429412888	882b341c5a16112005b50bc628f5d953	68d2d128b7fa71ef1d603e1391041d0b086f62ec8c02ff57c1c62c28ce308503	aws-kraken2/data/cohort/SRR5935818_2.fastq.gz	uUXKlckXkNwhcXwZzSRJVVH.Qf9jxZqw	2026-10-08T04:11:04Z
SRR5935824	1	427123884	4f5d27f458d41c621a292a65500d4fab	1d6234a8ca861ae23518c52be2073ac6d3ca8628ed0c8551840895e2be1a49aa	aws-kraken2/data/cohort/SRR5935824_1.fastq.gz	qMthEEAAsydoZNVwyXpQpd6_r.SANoNh	2026-10-08T04:10:56Z
SRR5935824	2	419731631	04944127b4a57be9958e7b5eea909311	916010c2df26d47a4b508f6cc208d254fd7e82cb9bf0ef6558de1a37bbd7f0a4	aws-kraken2/data/cohort/SRR5935824_2.fastq.gz	eDWISQ9ZzBDBATdUPrk44J9CCjqFRV2P	2026-10-08T04:11:13Z
SRR5935826	1	418380834	f6756502fe42c09722ff1ee207d37ea0	33252906b0d343ee697bdf5fe6961d9fc5e87e6f5cede7b4cf4494e8f8ec2a64	aws-kraken2/data/cohort/SRR5935826_1.fastq.gz	2v9tj_GcHgSEdETopcagZBSzcJXm76cf	2026-10-08T04:11:59Z
SRR5935826	2	412525815	718587bc1e0ce7f824bea9ade7c56403	8b0c5ef2a2c98b600510b16eb6c530f48fc9777b1d1192061304c7efa4c4a1a7	aws-kraken2/data/cohort/SRR5935826_2.fastq.gz	9d47XaLhB6lZLyCXDhQ42L4CHWoiW..H	2026-10-08T04:12:40Z
SRR5935832	1	315925467	c4b4cfbd2b331ae13a0f42f76180873b	40d25b17d43ac3eaa677cb9b24ca41fdc7b106d054d7462d0abacd3659ae5bc6	aws-kraken2/data/cohort/SRR5935832_1.fastq.gz	4jLJiJO9phKTTRqdX7tELnDUkXvF3zcs	2026-10-08T04:12:01Z
SRR5935832	2	321036429	f26c827754b3a6f9155a48965efa4f33	765c530f3ec078c741a4a89584d11f79127c40dfb24baac278a35163470a743d	aws-kraken2/data/cohort/SRR5935832_2.fastq.gz	U9JAN_rsVd.wggsQtq6urvl4_NNyTADT	2026-10-08T04:12:21Z
SRR5935834	1	607707631	a67c220dcc7b92772764accd8fd78031	0e34703fba5b8e97420a4a248e30585b73eef7157376452c87c4ed1c219da6b4	aws-kraken2/data/cohort/SRR5935834_1.fastq.gz	ZLvz5l.ZHFwEr0faXgDkAYpi6qLdiH_4	2026-10-08T04:13:35Z
SRR5935834	2	611904770	137d579e2ff2acd8e03bb0e5dc7ad533	1bdd34f0cb35989bc7a627d0ab78cd617245c5c5cf47ba4f0d9fbe415d403f6b	aws-kraken2/data/cohort/SRR5935834_2.fastq.gz	PgDcWMjGoQiu84Sx3EZbT084xOEk8V_A	2026-10-08T04:13:40Z
SRR5935840	1	695328479	437d0e144da4d89521f8cd8592c4f0e7	08c543ea9eb4da3d4bbad204fff93c4eca45ae649e5ee18eca19e2f1b28a376e	aws-kraken2/data/cohort/SRR5935840_1.fastq.gz	LnlcbYU7ylTSL6jogkLirnuXbspFuC4X	2026-10-08T04:13:53Z
SRR5935840	2	703068462	e5857f3db76b4acafd0e6092b20efa8f	fb087ed22fe359c9e342725ad4bc76a0f38ccac8a509e88d63960e0e43cffc81	aws-kraken2/data/cohort/SRR5935840_2.fastq.gz	7sLtNU3CgM4vsBoX3zycziJmpe2D7ke.	2026-10-08T04:14:04Z
SRR5935842	1	686565085	ab0470bb6f92e53ae0f87f0d45ee472a	1fd8cdc07bbe6885e181ed07caba30fced4b8990adea0cb4327001a1ddbc01af	aws-kraken2/data/cohort/SRR5935842_1.fastq.gz	.UtsU4110s5bIubBbl1j_PpZJODeBPPY	2026-10-08T04:13:51Z
SRR5935842	2	689210233	6e526c0bee82321063764fb63ffb9bd8	abbe24bfafc0213a818e6e9c17d8950dc57bbf3b4f3a37c2557010b843775fd0	aws-kraken2/data/cohort/SRR5935842_2.fastq.gz	zkaA9mIQLulDp9FowkHZIontn8WsXzvj	2026-10-08T04:14:52Z
SRR5935848	1	876170775	df412697929e97500c296c0e6294115d	3534248ca329e2cc510650018feb71f3718348eda75ba07b1abffd4ae5a902ee	aws-kraken2/data/cohort/SRR5935848_1.fastq.gz	nc3rvUw7ABxXHFk7hc_LE9NuoBgt0ipt	2026-10-08T04:15:05Z
SRR5935848	2	878258185	0d5a036027563af3cb338cda31561263	885b80a82abe2265ad90854e2a93ba67126814f1cb9d7423b384b39a9c1ff82f	aws-kraken2/data/cohort/SRR5935848_2.fastq.gz	UAyxbaHlg_ej5Ot1Jr.78b_KXaLlrcch	2026-10-08T04:16:36Z
SRR5935850	1	540622900	eafadaa26ce3d4acda685d50341364f2	15fc66c395c32a311f1ac4531adb5d598368b823897105ddae55fe86010be5cf	aws-kraken2/data/cohort/SRR5935850_1.fastq.gz	qVajg6zx0o0GrrhClPDBxgJTX.7VG3.7	2026-10-08T04:14:26Z
SRR5935850	2	534734494	ffd19ca52b9705f05f4af48097ce8887	3c2a899bd3fbc2f98fccb096e149e92e1a46637648cfa8417a9d96158d8bc80e	aws-kraken2/data/cohort/SRR5935850_2.fastq.gz	5KHzRa_NbxRLtJiApRJZTfrARRTN9UG7	2026-10-08T04:15:24Z
SRR5935856	1	79079	3ce0c153bd980ef5ece1d400e9d1ccc2	d48508c51502b0a3befb94a9ec81c574552293123c928d7775da4751a1aae92e	aws-kraken2/data/cohort/SRR5935856_1.fastq.gz	fu5SUpn7FRsa.3TikSr7YQ5bTDP.OMBd	2026-10-08T04:12:03Z
SRR5935856	2	78331	da8421d52441e1bc38c402099bc7c4f3	d5712ebe6e2e16f8206b4f090408e82d1f7caac3cccee94afc9f9eee79cebe69	aws-kraken2/data/cohort/SRR5935856_2.fastq.gz	24ivmFQLAPfQjvanc34w2ydU19VCGt.l	2026-10-08T04:12:05Z
SRR5935858	1	528454851	5950cde41ae5cc65f46fccf510d84bb7	a6d0216eb1913a5eea3937b9941bb531aeb771568923c2d043fd7c96607266c3	aws-kraken2/data/cohort/SRR5935858_1.fastq.gz	FKOMmfRY_fx7S_4t09U.5Qfvrlt9tp_t	2026-10-08T04:15:50Z
SRR5935858	2	525968910	fe163b47c05c3fad7ca4527e3a88a200	aac0c6048c204c019326fb21f6869d99e3fc4a534388d2c5a65b47ed4ce791c0	aws-kraken2/data/cohort/SRR5935858_2.fastq.gz	4bx1rvPfNYPSSLvp6s0KDx5IT8dXo75o	2026-10-08T04:15:53Z
SRR5935864	1	340630264	f12fd5a251a620546517ee65bf183fd7	ec277a6eddd3b7aabc58687b9275ff455440ca75646f32334844da9ea5436b17	aws-kraken2/data/cohort/SRR5935864_1.fastq.gz	mO1dlO8REKaajgrQ2yXW8yY7gZwhmkmy	2026-10-08T04:13:28Z
SRR5935864	2	339755738	bde846ab705fbc15e8a5d3d8eb45ce3a	c2ce3eee1d8b76cb6d78220c9af704833f04886393099c93c39b95985244a300	aws-kraken2/data/cohort/SRR5935864_2.fastq.gz	10wWALz59df9jKpB01ukNXY4Me2ebqpG	2026-10-08T04:13:48Z
SRR5935866	1	610303454	3aaa76acbd1276e8d1f602056a7d8a63	01ce7ecaf1e4e0361890088742dd4ef56186975ac3f9025be70a9a644fde6978	aws-kraken2/data/cohort/SRR5935866_1.fastq.gz	Pk.O2Hks4Avd2h4iZJ9rs_I3U8CTNJNT	2026-10-08T04:16:07Z
SRR5935866	2	614908004	56c75df61c905e6e332354c19386d6cd	f666e082d04614909dff419390fc942f517fe7eb54de781d216f3c7612e1621b	aws-kraken2/data/cohort/SRR5935866_2.fastq.gz	RkGALk3bq60L3Jbfs3xibKdQVWpIBB3U	2026-10-08T04:16:39Z
SRR5935872	1	899409195	41aae5ef3a3b4118f946b3067ba2c155	e9d5a5ee1cd046e1398a52e50a8231741798af837668249a215bf3b30fdd5a9c	aws-kraken2/data/cohort/SRR5935872_1.fastq.gz	IvZIKqioh1TjSnw2lte13X61ZW6IJj2H	2026-10-08T04:17:02Z
SRR5935872	2	895693726	4ab009c6b9c9a3f07bb8f8e97d68ab0f	1499dc5acc9c9bb780854befdfaf744f69ea84ff813b3be888f663df3474c109	aws-kraken2/data/cohort/SRR5935872_2.fastq.gz	kQ1rO9AIj7yOCbTxxMteLdBb4yNvvy0N	2026-10-08T04:17:10Z
SRR5935874	1	621142091	2e08749e31ad2e88f482469f7b09f4fa	7f57845127f4738c318278515584117a18a95d5fd80d275cbb99089eb49d61b5	aws-kraken2/data/cohort/SRR5935874_1.fastq.gz	x83bpYY2y9zLHj_LSzXMraV.QKQPv.dL	2026-10-08T04:17:26Z
SRR5935874	2	605588575	c7387eb10e139a90df1a059a15ebc15c	1d750a172b0acb6d373ee9f13caaff6467e29d21f702df3083b4523372d06f0b	aws-kraken2/data/cohort/SRR5935874_2.fastq.gz	wfviMlBjZRMV4DA7janjWTd2e2Hz..zE	2026-10-08T04:17:45Z
SRR5935880	1	569037900	e830a25e29e3f0472236dc223d9449d6	ad4ab0f872b2dbea7f8c4c0ebba4117c4ceaf3718fbfacb872b7623ccd9f173d	aws-kraken2/data/cohort/SRR5935880_1.fastq.gz	2W7dBuDoBYYDw7lssjbvxEDG6tMrO4Si	2026-10-08T04:16:03Z
SRR5935880	2	560628328	0b461e63e29796bae5cb0984a08e605a	89ca16b63eca09c94ff0122785a60061cb2a59ef33d0c6079b6a7c7bda369364	aws-kraken2/data/cohort/SRR5935880_2.fastq.gz	Z8HCy4EkLuQfqH1HfVIDZhZJ2xlZZV5P	2026-10-08T04:16:24Z
SRR5935882	1	650010671	b6575cadb065404b0113a617087d39c6	d65a614fec07f1c0ff9d894533da9c3b3ed7e5be919a7a8a2a108bee8f261f09	aws-kraken2/data/cohort/SRR5935882_1.fastq.gz	sn1iaYYkH3mA2Fov2YcKEKbK38LBgmz_	2026-10-08T04:18:27Z
SRR5935882	2	659011897	7dbf95540cd66c852301f004484308ef	a8e7729e6649acee44ab9d3aa6fb33056c17fd19f195641ef1dc0a9d6252b719	aws-kraken2/data/cohort/SRR5935882_2.fastq.gz	KtsWPnQt_qPMkFfv.v8CcXuahQgAIepM	2026-10-08T04:18:38Z
SRR5935888	1	663682664	b977c802624d2f4ac53c1d739970dee3	2328f805835a47538acf0b302d2e76ea51d01888b5a2fd91a60eb82d2642d47c	aws-kraken2/data/cohort/SRR5935888_1.fastq.gz	DN4_s.b5JUw0eWNoznwb5n62knvqnDUG	2026-10-08T04:17:43Z
SRR5935888	2	662069373	842b2a16ff18db78d547b1187ac4f50e	9548c80d263f015218626c219cfa91b3f32dea21e917ff004c4718f8c66b0be7	aws-kraken2/data/cohort/SRR5935888_2.fastq.gz	MxaZAc0Sm_68WgllQZvw5oOCaAWKvfi8	2026-10-08T04:18:41Z
SRR5935890	1	413004494	6f261ee7ac32a7dfb60c02b172eb56a0	3b43af530248637ee2067eba004785189354d51f627fe2ebcf85f7b57ca16782	aws-kraken2/data/cohort/SRR5935890_1.fastq.gz	hdNlBgO1iqF4W8EZ7SXc61jBxwnL8fkV	2026-10-08T04:17:41Z
SRR5935890	2	403500845	ac49d948ce222869667b6937f6f66c17	19afacd22c36f74bd371fe809b29ce4059bcd1087790c767ec7b832072a7507b	aws-kraken2/data/cohort/SRR5935890_2.fastq.gz	G5Qe4rAJGB5SzVaKUrdr17rfvExqvaGt	2026-10-08T04:18:33Z
SRR5935896	1	591950794	c21291cb0d2c9cadbdda5d8ef5cfd3a6	2704e7d8718f5090e9a71b0ff67b5b653f51ecd792888b66a3b5a2634df2dcfc	aws-kraken2/data/cohort/SRR5935896_1.fastq.gz	dwpukOEDC1XALO5rJ_56P2vPtpHttGQL	2026-10-08T04:18:56Z
SRR5935896	2	591415799	006fb1cad6507b93c6fd4c76c600652a	b4ad8342eb43845bb8b5eb08d4718ef6d193d7f022750054f55daadd2d9cd585	aws-kraken2/data/cohort/SRR5935896_2.fastq.gz	1KOuQ0g1uxXb7TjCkvMk.Ede3P7QUI3W	2026-10-08T04:18:51Z
SRR5935898	1	256904726	3d2d1238b7e1e49a59fffb720837e4a6	119b44bc6588e769c7a4cbd37ccd56c3b71fbac47fc8be3db0f027d98be30622	aws-kraken2/data/cohort/SRR5935898_1.fastq.gz	rrzywKAh.4nQkivbPCR9X7eW.JC69SMY	2026-10-08T04:18:31Z
SRR5935898	2	264021813	5200c267c73afbd55e0f36ed8bbe883a	958c9da1b11c223826e389c5743f35cb7d521aa942107346eaae4f2814c44f53	aws-kraken2/data/cohort/SRR5935898_2.fastq.gz	KbZ9a9ZltlWF.Smr7UA6tTTcnjBYei86	2026-10-08T04:19:06Z
SRR5935904	1	721770448	270cc6df243e4d9a9f0a646cf50c1977	78ab8d91534f104c93c6369d7231a0a4956ed6ea170a5dd089da581bf9fa2a55	aws-kraken2/data/cohort/SRR5935904_1.fastq.gz	LFG0wyFBAglRejDE9y0b5JLvpKMUWnIe	2026-10-08T04:19:44Z
SRR5935904	2	721447770	6928e0e23d364c530c4c889d0e38b4ac	b3d7b34673e38a0fc2f7633b4f13276ea5e6eb49074ca2891af73431a7c7a59f	aws-kraken2/data/cohort/SRR5935904_2.fastq.gz	qeBeUh3sFy_R41624beXkCqhUxTkmURH	2026-10-08T04:20:01Z
SRR5935906	1	478568408	24107b98b0f1da0add794dee7d20ade8	168e20b8440c75f36aa010044921f98daa5b7091b389bb7cf373d949a8c18704	aws-kraken2/data/cohort/SRR5935906_1.fastq.gz	X3O7.74BB3XzJb80expiSVKutJcmgP3i	2026-10-08T04:19:51Z
SRR5935906	2	469574484	000b0fb0e1d90d36e17639d216b42b60	df0e49d3d5ab93f8ae90bc620f9ccc0e7e6b465d0d356d3e87b8640247d999cb	aws-kraken2/data/cohort/SRR5935906_2.fastq.gz	d3rAJR5Rg33n_mNFMGZBG2YS5fdnnw0h	2026-10-08T04:20:37Z
SRR5935912	1	390271307	b5b5061b64acd5b6e5e55a91c1a1b899	ec955da59b865911e39ced11e521244b86b2bd9fa6895cca68064de92967e85d	aws-kraken2/data/cohort/SRR5935912_1.fastq.gz	dkhVvL9ZMRU4RxJ4eG1ijnEZuGYJ6mOg	2026-10-08T04:19:53Z
SRR5935912	2	388428182	9363b4fcd155c6ff0debbc64d8b8aa31	9ad8c2be982c50492e9320ef2469655a6ca268f8b146a2bf700bb11e426b3ac3	aws-kraken2/data/cohort/SRR5935912_2.fastq.gz	Bz6h2Hg8Cv3NujV4xpbihCBq11eOxqoe	2026-10-08T04:20:12Z
SRR5935914	1	587967640	1b42aabea2ea32c0992ccacaddb7e336	098acaa1b63a6ef7942aee6165366ec047f732018d4e922070b3fda1e1bc642b	aws-kraken2/data/cohort/SRR5935914_1.fastq.gz	_aCefVeWY9vDxuAOugmHTaacNcXT7dgi	2026-10-08T04:20:51Z
SRR5935914	2	601060083	76cc2e252ae9be80591a22671f20f04b	909be27c54b9af9e7380d7f4c80dbda28b87fd2707d75afb287636172eb28f2c	aws-kraken2/data/cohort/SRR5935914_2.fastq.gz	NI2x.bYKwm.ms5Xz2.ISYolzxOT8qKwa	2026-10-08T04:20:59Z
SRR5935920	1	477334484	16273c15331f5d078c0cc6c3eb7e37d0	0f1a4560cb0a13ab7825be1b0acaafa36ffcd1d1a15f7ded1371167347e04fc7	aws-kraken2/data/cohort/SRR5935920_1.fastq.gz	uJaY16e9QcFG4v4r6pZ4WEc3qUfF3hmF	2026-10-08T04:20:54Z
SRR5935920	2	473159931	ecefb64f838c241b4db4bc40b315136f	b3037d80723b3656e02bbe5f44e58e495ad914e48f9c6e1a56054768849bfb5e	aws-kraken2/data/cohort/SRR5935920_2.fastq.gz	azD_F55l7Nk7sQHEO7N1s5iEnbeufReg	2026-10-08T04:21:08Z
SRR5935922	1	491277755	57c808536e8df5320a4d27c8cc3da533	b3ad0823032f89c4170ed9ea77ab215a3c9c7daf7113948f036934a5924a8d76	aws-kraken2/data/cohort/SRR5935922_1.fastq.gz	Tnf0CXTto.xLe89et8zRnj1x.PvPUKft	2026-10-08T04:20:43Z
SRR5935922	2	499842506	363b2a3b7bd533cfe00f3c6127bb1ead	1bbe1e57148e0fb56c07ae0ac99cb93fb232eb0b5fa1b0add3baa4414f1f668c	aws-kraken2/data/cohort/SRR5935922_2.fastq.gz	u56vIL6MwedDagp.5B8uWu9cJE77XPqp	2026-10-08T04:21:14Z
SRR5935928	1	707740036	1632ad71a67596a7abcff0699dfe6261	aedc9f652563a8236642bd973e7e15ab8caef3bfecc0e2d6065364f7ad6e913d	aws-kraken2/data/cohort/SRR5935928_1.fastq.gz	Zb.q4o8sRCLo3mANBqNae745f1fn77hA	2026-10-08T04:22:21Z
SRR5935928	2	721212786	1b1b7710702418fc3fe72b711d348fe9	9de4ad126259be6497105f9123d2feb16b76cc4b036048f4ce8932fbfe44169a	aws-kraken2/data/cohort/SRR5935928_2.fastq.gz	JDY.IQRyezDZ2ppScCWkE1xMu3kpYTGo	2026-10-08T04:22:38Z
SRR5935930	1	461507725	a75a4c2dce66c7b96eca5bd421284887	203c4e13f17451135de7fd8cd6af44c346394d3d89539262910fdfc4567925de	aws-kraken2/data/cohort/SRR5935930_1.fastq.gz	_3kA3kF73O.ULloGZ_CKM75FZLkuHm9M	2026-10-08T04:21:51Z
SRR5935930	2	452804838	7b1364870aab971a5f0ab18383d705c3	2e65b6e82cf2ff5f57adfd9dab519dbf3fc52173bed2daafd3825a224bc91566	aws-kraken2/data/cohort/SRR5935930_2.fastq.gz	u2oV9mspgHzUgcIWvV4vhBaddC47MRvL	2026-10-08T04:22:55Z
SRR5935936	1	396050106	fb6eb54894b67aee9372c04eb20b9170	f32d019493aa38d63198844be34c9f8025298f614e03a857922af4c72f55fb77	aws-kraken2/data/cohort/SRR5935936_1.fastq.gz	h71sN8mxnZ3IHZ3BgDjnC4JFcdWkPwAB	2026-10-08T04:21:47Z
SRR5935936	2	395067422	4b5bd256160893851d10e294d160c941	35164d619258a7e00b0e240c6fd081f8547e488df75478f955d404333af7b74d	aws-kraken2/data/cohort/SRR5935936_2.fastq.gz	4jyOTFtBQDBII_IDLGJyfaiKr0Y497Pw	2026-10-08T04:21:45Z
SRR5935938	1	831879600	a04f25e6a5a171f5f27fcb5395f402be	95a5de674f816b96ae5c4113166fe95c17663524fbd069acf4e6d1ec0c257036	aws-kraken2/data/cohort/SRR5935938_1.fastq.gz	JLhVrtZkSlhwzHD9XWtWO2wtUICMZ_dl	2026-10-08T04:23:46Z
SRR5935938	2	836833059	e23d3b64a8110b8c259eddba0f6078a2	89981318ffc54620f7570cc243d61ba24aecee856dbe2d8f91870fd75adea9ac	aws-kraken2/data/cohort/SRR5935938_2.fastq.gz	oRVFcCOe0VFoIvXK5MVWC8nXFZzlFkoe	2026-10-08T04:24:24Z
SRR5935944	1	608200178	d5d3122c803d892cba05332b9b376024	788eeba709391f65da1e1a14dea821004689bdce7021db32674b45a3c7c37a80	aws-kraken2/data/cohort/SRR5935944_1.fastq.gz	Fideyzq3z8MWjUcJa2F16ryrGafbgHTY	2026-10-08T04:23:45Z
SRR5935944	2	619694644	a02ceb54d7b20f68b28344cecb49bd66	717baa7c3f96e010ff9c64a8ce6d8fde8dfedf8af0991a8f58bfffda4cfb60ae	aws-kraken2/data/cohort/SRR5935944_2.fastq.gz	ynnI4aBJaO6QDCTUIOttnx_WE_aBwlxH	2026-10-08T04:24:35Z
SRR5935946	1	633485721	d4799939e62d699c8799032f6fe6b9c1	55a20b5ddc1c3788c965ae0c2516ba87e1083723f696d914bc1eb4b2a7808439	aws-kraken2/data/cohort/SRR5935946_1.fastq.gz	KSovoc_L66irRbKV7cv3WsOmInSAaxJe	2026-10-08T04:23:32Z
SRR5935946	2	632102292	f0c84e40b9c6953bf651bd4caa7265be	5e5a047e6228a9d48e29910ab0d4313350351bf5e071ff4b4786d02b50322dfd	aws-kraken2/data/cohort/SRR5935946_2.fastq.gz	14iTWF.yMF2GladE7gZCmTE4WUEYzPZZ	2026-10-08T04:23:51Z
SRR5935952	1	666824439	7628d9dfd6f6c1202add98a76ae307f4	26b0f5963d7d70c99d775f96fb5e5438de6b45107dd5c84daef85881ae2b5a88	aws-kraken2/data/cohort/SRR5935952_1.fastq.gz	L7dracgkdz9dUdresCC0DZUp73t4GNrc	2026-10-08T04:24:56Z
SRR5935952	2	666228012	206150c380caaded14517da6a5d6d5b9	1c40c53242885e4c510c233ee7807036fda71db07819194d063c193b10af929e	aws-kraken2/data/cohort/SRR5935952_2.fastq.gz	dP9cP399U3FiekxaJaJApGcbMgwfwNIv	2026-10-08T04:24:51Z
SRR5935954	1	458605516	b7290a61b20115eadd2f50993b2ac2d4	ca8837ddb8f3e73b8db28abd658ae11b9d5d3176fe6aa77a1d57124fed3c0af8	aws-kraken2/data/cohort/SRR5935954_1.fastq.gz	KfLZngT2BonFo1CsMEpFgiQKt_XUdQos	2026-10-08T04:23:42Z
SRR5935954	2	458108837	fa9e84904a7e44f8e82d3e4f51bcf02c	58d1afdc2736ff68657491594c32f486284a04346f34d1e9ab9350bc06021a17	aws-kraken2/data/cohort/SRR5935954_2.fastq.gz	tq_1r5SxukAhHtPHUAFw9eohwZARW9Gu	2026-10-08T04:24:56Z
SRR5935960	1	511734096	8f0d822281e1dd3a58aac515fdd9f30f	d24d9b5aab1ad4ba1a00b2ba778a9b44592d66c253547815084e2052425428b0	aws-kraken2/data/cohort/SRR5935960_1.fastq.gz	KYsIviHnBri.5yKHFj7rdAfvhVcrTOs1	2026-10-08T04:24:46Z
SRR5935960	2	507568445	132cb275443ee0c748b1616321e823c7	b61c313f3c9310ad20a9669b0953fb1411e69dc73fb3087117fae42986552d41	aws-kraken2/data/cohort/SRR5935960_2.fastq.gz	t8HmzP5o_vtTnM1R3QO5Pj4iYhPqIdtO	2026-10-08T04:24:48Z
SRR5935962	1	208210161	5bd178455d12d6d9af0bbe6aaa176b29	9ab5b02542f7b2c19880892c2014c5aafb0e015377411e3b9086f4e7af3d8fc7	aws-kraken2/data/cohort/SRR5935962_1.fastq.gz	AzzSCvF31ghePGJQF66FDqsZv6GxFbu1	2026-10-08T04:24:23Z
SRR5935962	2	207463968	f0e0277b9721b74d58109a3c1dede6e0	52533aecd32e00270afc4e0f2193d837198070ce823408bd1189b1c387f3b39d	aws-kraken2/data/cohort/SRR5935962_2.fastq.gz	6j49.dIwMKlP0XQT0YWTrR3uPLZszrUp	2026-10-08T04:24:38Z
SRR5935968	1	686881278	7c1d7d75e6ab5875e334439f245d5f51	b04d873af147a2076977a172eb85b231b7c39ec6179b8be496be5035d195f9ef	aws-kraken2/data/cohort/SRR5935968_1.fastq.gz	lzhPJNOE.kltCtFLWsvmAAes0VAr6QyS	2026-10-08T04:26:37Z
SRR5935968	2	683349297	129a3275fd672de5595207b0a45a5b2d	50deee99ee5d85764d38f8d97432668cfe2fde71f0befbe454aaacbfc79bcb5a	aws-kraken2/data/cohort/SRR5935968_2.fastq.gz	sXAYtygt2ZojoXCL4RHPdo0gV7_GAMVy	2026-10-08T04:27:22Z
SRR5935970	1	618884569	352326466408995d391e7a2a18678754	a3cc572738b3b6abb7b45de83f0addbe3c30f72d147f9a3efab70afa8faf350d	aws-kraken2/data/cohort/SRR5935970_1.fastq.gz	7leO58V78r2T963lcq8s4k.aH5p9BOmM	2026-10-08T04:26:07Z
SRR5935970	2	614104445	a642b046a0dc394875e56bac57772b5e	70aa9bb7e2be751295adc2fc9314f9d1e4464e36c144d97d507e31d616c87c47	aws-kraken2/data/cohort/SRR5935970_2.fastq.gz	e7afxXMLRnkeOMOYxenCFj8dYMqpuwUr	2026-10-08T04:26:22Z
SRR5935976	1	498732862	ae09462755f6e3fae62b4fadd0fe1f26	8dda930d74fa8497682bd9359b3bfd113000886a8b1c35fd2f11b79929c722e5	aws-kraken2/data/cohort/SRR5935976_1.fastq.gz	3kzXZHES8Q4.hg4wOAMqf0p.P8ahMezN	2026-10-08T04:26:53Z
SRR5935976	2	518981777	227d860cb23a198551199e20e5fb68e5	8e82fec7e9129bcc5d02f300672e714a9aa0e52c82785c4ec8463e60d2973c76	aws-kraken2/data/cohort/SRR5935976_2.fastq.gz	tMJNnHUf0bwLAJDdAAEvyUakSUo8ZErk	2026-10-08T04:26:57Z
SRR5935978	1	332772122	eda27ce84cd3614331c2bcfb04ad7597	268e2a606536ae5729befdc8ed6d847e5043f1264eff2ba29d7014259c8c3c60	aws-kraken2/data/cohort/SRR5935978_1.fastq.gz	7BZ9FXU_3bf1KsSEDGmbCpeKC4ze3PqJ	2026-10-08T04:26:52Z
SRR5935978	2	332178610	6b30838f25ea5614cf02dbcc3da81d5f	3f3f3ca4c7de1bbe9dcae41b78fc2e7204c4f7528d0a4b5c09fc63dd3ae7ec51	aws-kraken2/data/cohort/SRR5935978_2.fastq.gz	RwhZSZr5QkIIygHzh9Gs75ukHaXnrjnu	2026-10-08T04:25:49Z
SRR5935984	1	614414995	62c485055bc711fe7886ea8d5410974e	587c4c90c452ceb90b9a727db95c8f814081229dfdb508dc9bbc109bac013a5f	aws-kraken2/data/cohort/SRR5935984_1.fastq.gz	U.8DlnjkWuGKKGHnF3XL7s7abkGBIaUM	2026-10-08T04:27:36Z
SRR5935984	2	614064788	6d591589074e1d1a1bc9439d9015be14	9aca735ad6320707897f833dd895fd76150ddc3862ce19d3ff6f28b9ff69f964	aws-kraken2/data/cohort/SRR5935984_2.fastq.gz	vEg4x3dZG7zwHsrccHpxAXxqk_206PSi	2026-10-08T04:28:17Z
SRR5935986	1	764626853	40ac55e49bd8657cc188f9219d581fe6	0ba70e3c05d99492f69e0ad01fa264fff7045d55a1594a4b1c8eae8a46704948	aws-kraken2/data/cohort/SRR5935986_1.fastq.gz	nhR0hCk6mSgHAMGdcMh86sh9ex2e9ckh	2026-10-08T04:27:38Z
SRR5935986	2	772432192	31e6fa01fb77eca52234588ddc43dbdd	f042886125c90b387fb312058183c10ff3416b52726dd0e0b5b0badd5a748d69	aws-kraken2/data/cohort/SRR5935986_2.fastq.gz	qQu5EJXhgiPwzkQ1JPLPF1w33hSSANZo	2026-10-08T04:27:51Z
SRR5935992	1	348579012	4fcbe2d0fa423e6c54bc36dcaee08f97	7070aa9eefc3416ab96e3c4ce214c7817813fc80abe183f2932bea2a549e0fe2	aws-kraken2/data/cohort/SRR5935992_1.fastq.gz	xr3g3PwUzpEx7GX.PcujGaoeJrzJNpt9	2026-10-08T04:28:05Z
SRR5935992	2	360763356	b7bedbec062fbaacf265b4a50904a496	9af19f3e233a6b930a8d4d62ebfdf58afd15ae90513347cdd59b53718d69109e	aws-kraken2/data/cohort/SRR5935992_2.fastq.gz	YcQClNqxLL4g04z_2k0mlOAxcva2Xxc2	2026-10-08T04:28:20Z
SRR5935994	1	630369503	58c8f8c11f937d82e5be71f0b45376b8	f5032c9cba19a2dfe2b2d4cf70444fe1765029b21e7fa830cd288e036ebf5e16	aws-kraken2/data/cohort/SRR5935994_1.fastq.gz	aU3EVp2fTTnNL384hMK7hT5qXjJbNDLZ	2026-10-08T04:28:58Z
SRR5935994	2	625965137	1cdc9fd6e234d62f9e197829fb9b63f7	0d7f384971a03faea9fc4f0789e8c9777f3b9853cf2d43995a33413fcb1ae729	aws-kraken2/data/cohort/SRR5935994_2.fastq.gz	ox_BkZypfSSlXs8qdZwKez12De_DsPwe	2026-10-08T04:29:03Z
SRR5936000	1	788071901	fa24f68526328a722249955d6bf7447b	1071e1584700e03d0c50a487b7e7ed1dbd328c9e6be6c6209f19303f88439e05	aws-kraken2/data/cohort/SRR5936000_1.fastq.gz	uBAiUh0seZss7vDMvxDJ_wH9jiD8w_jP	2026-10-08T04:30:16Z
SRR5936000	2	788748764	97f223c246486947391957f98949961d	6f9ba4ae3ace4c7bd5f5a2e034f157e7d7e19372533f565d58efd1e1f3b8422e	aws-kraken2/data/cohort/SRR5936000_2.fastq.gz	1vv74vjVCroLOKpxTSxcjBZgzrgEbE_8	2026-10-08T04:31:17Z
SRR5936002	1	370897673	8a782411c7a3be81acec35335ca0eb23	f4ccfedc029588b81760fd2560f84ef072fbc4f41ec0e45d43396e292f0f1d1c	aws-kraken2/data/cohort/SRR5936002_1.fastq.gz	RPA_ghOvGaQ3jd2FObvIEQc26lSoLOcN	2026-10-08T04:28:02Z
SRR5936002	2	366087214	3dea77a83d6583f8d8631f972d7c191c	bcc3f4fa0de3c93260c5f95df639eb64cb57cc948857d2f2c8858b97dcf87cca	aws-kraken2/data/cohort/SRR5936002_2.fastq.gz	cFegja.YsaZpHXarLk8WM2K9kfS7mkT8	2026-10-08T04:28:34Z
SRR5936008	1	541227378	95b81374f5d5701e3e99b9a4479ad4cc	ddf9b7a36c3e3a59d71c3a1415aa101d8a8b4cfa36c9ec60743104683d0eccd1	aws-kraken2/data/cohort/SRR5936008_1.fastq.gz	oQJc_MfsTn4h9wrl..TB4wo400PIEL1D	2026-10-08T04:29:38Z
SRR5936008	2	542931308	fb86152527b3d0b381e4e2235f9bcf25	2653285c3f251061aa2c0f150b1d9d9a43e1e34f1192bc9802c000ffe283821a	aws-kraken2/data/cohort/SRR5936008_2.fastq.gz	f1DZXcIyawHApHxUGubNutNyWwTsBlaW	2026-10-08T04:30:10Z
SRR5936010	1	580607031	2cdb7ab3c1824df5d0b8f8e8759bdf8d	e6cb80155e9ca5b8ef7e8b48af751f687969f2344f6e6071c28e4a6ad71f385a	aws-kraken2/data/cohort/SRR5936010_1.fastq.gz	GoOGsp5eZjczFZjsuPshwTp72QAgroBB	2026-10-08T04:30:07Z
SRR5936010	2	582242706	5fe4416dea4743025d784328bf7f93f5	fddb6a3c09e31275c7fa63189cf260ca3bf18b17c59b5cd04251d89b36691472	aws-kraken2/data/cohort/SRR5936010_2.fastq.gz	FdipSLvMsv3ggHLXavAuCA1zvMGGFrf4	2026-10-08T04:30:22Z
SRR5936016	1	571426810	173c30f76ddd16538b51d8e33849eaf1	837258443fcf9458948f89f414cb8f9b9dd044b5087b588a1eb27eb0253cfb89	aws-kraken2/data/cohort/SRR5936016_1.fastq.gz	RnZ3BEzAw4JQL6m7LqeHTdLx5c8WwtZ8	2026-10-08T04:30:32Z
SRR5936016	2	586132321	1797ed2a6d2cfaf8e8073b60577eae9c	636eb31e0ab75edcb0c900ebb1c367f07f1305e2992152bc6e3fcc4d7f41696b	aws-kraken2/data/cohort/SRR5936016_2.fastq.gz	Wxr4ml3eq8VPWwhfjQqMYCeYN7BNMl67	2026-10-08T04:30:41Z
SRR5936018	1	317847270	c7968adc417bb25e12727f0fdcd8d918	f3cd5f49d0070fc49c680dd3ee6949ecc0e6b27cb13413c1c3bfdea21611f6c5	aws-kraken2/data/cohort/SRR5936018_1.fastq.gz	CoH3yDtllJWCPP5NeFnilua0naCS8gy4	2026-10-08T04:29:20Z
SRR5936018	2	317104308	908a1f45df97e77edff64e23dfa36e93	a54a8b5576e3bb308a61f5dc9eb723f2066a462a80aa7f81ddde172cf243cef3	aws-kraken2/data/cohort/SRR5936018_2.fastq.gz	R2C5InYRjf5TcBfxkKXS89sBRwQw2jDB	2026-10-08T04:29:54Z
SRR5936024	1	776310801	f7979204043cf8d1c909fa69cab8ca2b	0f3b280a71269f246db5d39eb654e619503047c552bd52b44b3f4173f3a01a56	aws-kraken2/data/cohort/SRR5936024_1.fastq.gz	t8gQ_XD9GrEU.Hr1sddJXjHYPFywY3U9	2026-10-08T04:32:35Z
SRR5936024	2	774792840	0979c78abb60547e4de8fb8922261c15	5b60a9962f02917717ca8435c33fd5c8eac0d9ea1ee9c7c87f801b507246fa93	aws-kraken2/data/cohort/SRR5936024_2.fastq.gz	KH_jZA15siX9um96qTHHiNg8_hHewvBe	2026-10-08T04:33:17Z
SRR5936026	1	271858857	c726ecf94bbcfbf10630c37534585335	ebf3a307800d51a11b4e88e909f9c11496c7ef007990ed69e584a9d16f40dc68	aws-kraken2/data/cohort/SRR5936026_1.fastq.gz	Gk9RflnJkeQxfcOup82hqQqAc3M12zSi	2026-10-08T04:30:22Z
SRR5936026	2	273500383	06dbe0c0ec75c1408fbde5cb7c29694b	4de71f5b6e148115afd85de2d3cb394a65c7384b70d87991333b457c38aee6a1	aws-kraken2/data/cohort/SRR5936026_2.fastq.gz	M8g3DroZW9ycfM20bVDY3_ifadR3sGpP	2026-10-08T04:30:13Z
SRR5936032	1	116947403	443d2fb02d8f83326659f2afc10a3931	955124bb7abac3ee106d2dcf14ffe24dc0f7736d140bac9780bc9d0f0068d76e	aws-kraken2/data/cohort/SRR5936032_1.fastq.gz	2mQ3TeOemTE.BV2nCfyTLkEt0C9fe0_i	2026-10-08T04:30:53Z
SRR5936032	2	115644106	aabe820dd821e728060b0e288d88bdb8	c33ce8e1d5f61fee7d023f1a6f6f8949a72736eb7bd1bcbf7d1dc3652a449cd1	aws-kraken2/data/cohort/SRR5936032_2.fastq.gz	v.pAdWgeH7dmfWAQJ7rCsJfK4iBvGNm2	2026-10-08T04:31:05Z
SRR5936034	1	598287551	47e094a86335c9433ab70498b6865feb	07ee0e7b0be2a2663bdecf50b9889472569345df44677b4834c064b73771992c	aws-kraken2/data/cohort/SRR5936034_1.fastq.gz	QnIAE73G3fNe5ccaKYB9x11eCW_7SI3N	2026-10-08T04:31:48Z
SRR5936034	2	598491995	b18e577dc8e291d2dbd4955560cba714	3289d8816be719278f2417fb06e153d999d9ca81e70e081b21cd087391bf20f0	aws-kraken2/data/cohort/SRR5936034_2.fastq.gz	TZUY3S8M.69VL4pggmMwlyqfkB9uoefn	2026-10-08T04:32:25Z
SRR5936040	1	541414571	d89427a96a1335d27c202e586810ce29	6d0b272cf6f051f4b930ab295a9baac79fc2003f4ae9c9e16411736a48b5bc2d	aws-kraken2/data/cohort/SRR5936040_1.fastq.gz	DlhR0tUweflChItfaNGpCYR_z5AURceZ	2026-10-08T04:32:45Z
SRR5936040	2	541511239	235b91475c4ca119cc3198acb6f56d18	cbfe38735b0834cee8fbd9d9d77af8e4c0cb4b9bd2e8acfb28937935f6882ff8	aws-kraken2/data/cohort/SRR5936040_2.fastq.gz	Fy8avErRT4hi.CK5QUkeSynpiRNJyKJZ	2026-10-08T04:33:40Z
SRR5936042	1	165875534	ef52876a4bcc573c8a4f5ac27ee19d91	36fb5310058d08b62caf61ea0b376ff0324806ab75f78c5ac2aafc44ffd77c42	aws-kraken2/data/cohort/SRR5936042_1.fastq.gz	0vRtn3ROQ6t0ztmBHj0pNee15fL0jyN8	2026-10-08T04:30:56Z
SRR5936042	2	164825388	0c6fe0d196ccbaeaba6e4f9953bc4706	22ed97a57adfca0d409c1b6411b33f55302074c8bdc298c705497ea37b0d455e	aws-kraken2/data/cohort/SRR5936042_2.fastq.gz	4p2CoBwtqUY4q3MhzahSg9Oo4ktCwuyl	2026-10-08T04:30:57Z
SRR5936048	1	365315079	9d1895d496a04e370fc38922b82b7b96	cd6f0c768ce6ba599fd3070ca9545ba782e217067233b93611e6a1c2817076ea	aws-kraken2/data/cohort/SRR5936048_1.fastq.gz	3bTuvgGi8rIsYrR8wgBLvPWwf4B0rnYS	2026-10-08T04:32:41Z
SRR5936048	2	359941126	62f19a46b8a6736069b2cbd2a4ce3829	84313aa5bf7306dc086304caffb64b96b1e0f30e7e93bad91a647da4aa3f9517	aws-kraken2/data/cohort/SRR5936048_2.fastq.gz	zXGCKYq7WmUHoUv_vyeFVOmmEkAgfufR	2026-10-08T04:32:40Z
SRR5936050	1	623472407	5e3959e77393cb399f2501a16e8b4cd6	f388226014a85a4efed7cdc95cd90c630dbbb60679d2e1d7095f264269101cc8	aws-kraken2/data/cohort/SRR5936050_1.fastq.gz	AyVchRx20FJYl3DRt80t9skvLhJvHPMF	2026-10-08T04:32:56Z
SRR5936050	2	626211946	21225fcc7f44709139c415ef4f80e839	a04f629d8a31b8f90d9e0ad1b97a23c7f44eee2dba0a73601dc6521395be0a6c	aws-kraken2/data/cohort/SRR5936050_2.fastq.gz	qx5ESi7HfYha7Oq4YySw4FwzWuSjIq9C	2026-10-08T04:33:06Z
SRR5936056	1	716561963	ffa8c8fdad534662e7178325fecc68bf	eaffba94fdc7be9911bca0434495755b1470420286068680d639b125cc10418a	aws-kraken2/data/cohort/SRR5936056_1.fastq.gz	hEa6Fd7BH4cywvzoM6YQU3Qho8AV19NC	2026-10-08T04:35:36Z
SRR5936056	2	716319132	bcc5411871f250d2e785e216cc9f99ae	13c9295c730643d3e175b10507e2b6057a0902470d31f8a366c6a79959d723d9	aws-kraken2/data/cohort/SRR5936056_2.fastq.gz	bGv2XqctCsGlgW6C7.zSt6RaCyhLjU2y	2026-10-08T04:35:30Z
SRR5936058	1	501916407	037f19d6d27f9e52ed7e5e1deb160d04	97ca19eed4ffcf8bba01b55ed209d2764f384f1785395d5f3c4420ec6a05196b	aws-kraken2/data/cohort/SRR5936058_1.fastq.gz	iooXyHhPOtiH_PbMdvrRdeJuXprSxeCg	2026-10-08T04:33:05Z
SRR5936058	2	498054672	856d379c502651c23903c0f932b36feb	8cda55ea509047931ab18069297ac772d1b51afc7dd37218a98bfdc317218372	aws-kraken2/data/cohort/SRR5936058_2.fastq.gz	jaWnifKiZA1QpvRe5AKcsvAmnVd5btFv	2026-10-08T04:33:00Z
SRR5936064	1	250738939	50ec7b2639d50b61b2d879a9b31dc85a	49d916e579e6dea88b54e019a2429262d90d9fa23441e59e78ae808728a331d3	aws-kraken2/data/cohort/SRR5936064_1.fastq.gz	lmnGS4OB4S5nPXZRDuhaw7u_bF_ZtiFX	2026-10-08T04:33:50Z
SRR5936064	2	249460745	fdae0bc0ca4e5b9c5c15b1def9948bd2	2685bad7f2c6847a17014f621ebe6057d5dc96abebc03a31815c75a49a16c9f9	aws-kraken2/data/cohort/SRR5936064_2.fastq.gz	KUpq3xT2j4VNqTQw38YVkqULM49eXPAZ	2026-10-08T04:33:45Z
SRR5936066	1	683668984	00ff407603f5802f9f3c25c5bc417856	bb4c4acd49fff2e0f1492b7b84c37b1ae6cd4cad840c029df625dcfa56e72a18	aws-kraken2/data/cohort/SRR5936066_1.fastq.gz	1FR4W3r84II2S8hLW9AS_4o1mUNpn7L3	2026-10-08T04:34:31Z
SRR5936066	2	679855554	e26a053daaaa63d19f583ccf1611310a	57e80a0003a2992b8ddbaac1ebf2e3fc08da68cbe6e681094415295e4b5c00a8	aws-kraken2/data/cohort/SRR5936066_2.fastq.gz	tNPaWjJukvztTB5OysxixSi1j1PqIACP	2026-10-08T04:35:11Z
SRR5936072	1	694845626	b3a3f63a2e6df72282d92ee9027e260b	07d2ca77e9b206087db425d2176aabbd5eea28b7873edf1ca68921378b42fe04	aws-kraken2/data/cohort/SRR5936072_1.fastq.gz	p44R4dM__OfjKKMaymOOH5A2fH5QOrvB	2026-10-08T04:36:14Z
SRR5936072	2	700009150	f7bfc3d174e9eccc528da0ff643fa9f7	3782858ad42f337a98937dd2bebd572f57374538ddcca8f5345eb17c2039501f	aws-kraken2/data/cohort/SRR5936072_2.fastq.gz	mPpJZSl9y4STTVHRhTVZ8NyYAS.aXeyx	2026-10-08T04:36:40Z
SRR5936074	1	515990771	352e6a91a9417a0484677c5c60b4ffac	2a14ac11781dbe1143c6e7e0f43252c118564ded489018e97dde083471fa8262	aws-kraken2/data/cohort/SRR5936074_1.fastq.gz	k24r48zN2FRZN1Fib9PSuB_0zQQCQ3PS	2026-10-08T04:35:01Z
SRR5936074	2	510774224	0e06e8d130b06218dadb603581e9f9dc	3bdc115ba7c73bef91a7e01a8987ebb3e4cd9896feab64ae5fbba40cc26b9bc3	aws-kraken2/data/cohort/SRR5936074_2.fastq.gz	eKCY16s9zZTREetcC6W5.l38SxEni.NY	2026-10-08T04:34:52Z
SRR5936080	1	531184944	72fa64a4dd57d0ceb518cca46e348585	243d4863d0b67c543e9b9004ca96b2678efcb433335f7c46757625972b50e2d7	aws-kraken2/data/cohort/SRR5936080_1.fastq.gz	_4pmJ7HEvvL56xm1cSNZTe7Wc1dIR6Dn	2026-10-08T04:35:50Z
SRR5936080	2	524563182	a404e879d6c95022c3b58fcca0c2351c	90a197f82650076c14d975e687f2298fd49a79197957b1b1918e13661206538a	aws-kraken2/data/cohort/SRR5936080_2.fastq.gz	ZchPjjnSlTl9rF9tHjEJxoiQfZSJK4iM	2026-10-08T04:35:57Z
SRR5936082	1	367012515	c5af1d94ab5b2b592b33439788a8ac4a	e189e4d9c11459a79ef458c4a16c2cfe49f38c748f613616c298f06e1b26128b	aws-kraken2/data/cohort/SRR5936082_1.fastq.gz	W7X.DBi6VBqjtoKx79zX8lmiXG4jsBAC	2026-10-08T04:35:12Z
SRR5936082	2	372354156	6d3952166f17a6eb3be5ae22e975f417	57920ba3176844426f4692557bb4d764f6b3ea7d982cd6ecf5c844a6dbabaf5e	aws-kraken2/data/cohort/SRR5936082_2.fastq.gz	G6H2SAfsLWnljKHOb5nvJ2jJkC5Jxu7B	2026-10-08T04:34:47Z
SRR5936088	1	419154603	4cca5a7800213f05dcb5bedb926edb80	13f9ffebc63fb2b85cf8361c574d3e4977a5c7df40591591804f1bbb668234d6	aws-kraken2/data/cohort/SRR5936088_1.fastq.gz	cdqIwrufxT7_RkILnjlu.4jeLogF.hbl	2026-10-08T04:37:10Z
SRR5936088	2	424183757	d8bcc07c16f615bdb12fff207af8be1b	e1d209de2373cead7698d5d9df6fb76e8e4cf24753cde4a8a913785ffc665059	aws-kraken2/data/cohort/SRR5936088_2.fastq.gz	Brmqwch950W_xTSwHdS529sbCLxi.a7N	2026-10-08T04:37:14Z
SRR5936090	1	513088160	03223cf40c43a04e3bd712ee4b41d8e1	812ba7c532ab460ad8b6ba7d394ee9214a64980fa938b64f69352fbb9d1f627a	aws-kraken2/data/cohort/SRR5936090_1.fastq.gz	jFK2wEtj9UdBnZc2c961ey6MvKQS_bAi	2026-10-08T04:36:31Z
SRR5936090	2	521792315	8630de1643ae919da32ed28e0f3b71fe	c172d036ca7a027c8563ae987baea7d4573a3c107cb3ca4904ad2f4daec255eb	aws-kraken2/data/cohort/SRR5936090_2.fastq.gz	3e2.gnOeFiF1Iv0eC3PDnsj2rrrYPuDg	2026-10-08T04:36:55Z
SRR5936096	1	45444330	a37262c3fe9b0bca5c4ff6aa77aa2ef1	2fee45ad4e96e8c6b4bd9c9daed5cf294c039ee8b9cdc5c7885563633520bbf9	aws-kraken2/data/cohort/SRR5936096_1.fastq.gz	I.XSSJZpZO_oG..RNch3v7dNX5D_9mns	2026-10-08T04:36:18Z
SRR5936096	2	46594667	15e9e68cbfe98f37e89b722be0f504cf	f4f9583af65b1159002ef1d976e901f79e279c568a0f045708eb2bc5a6d082df	aws-kraken2/data/cohort/SRR5936096_2.fastq.gz	LtO2b56i.Cv8eP77dJLSM8DXMyD9Ums9	2026-10-08T04:36:19Z
SRR5936098	1	1067982797	a617de5b985a929fe7d4e638a4e5d77b	79db1f6aa97e9bc75ea06a5f209f24a5b47a19042efb264c4cecc8f85bcf73c3	aws-kraken2/data/cohort/SRR5936098_1.fastq.gz	ygMQ5wPYeEwRY4.ns2CsMFfKgP3FUnTu	2026-10-08T04:39:10Z
SRR5936098	2	1059054172	3a12eceb8cb117caa44ea077c8038a69	2136cfb129254ecbbfa4124c988c973b80d3ce57ebc44de119ad294bc0829036	aws-kraken2/data/cohort/SRR5936098_2.fastq.gz	z3yGDnjpUwZJZlQLwPNxlzHnuGPrZV9t	2026-10-08T04:39:23Z
SRR5936104	1	904479312	62d048bfe685687d13110b39945c16bd	5e72fe220efabdc06b14a0814d37fd982bd6ddc08877def3d27ffecfbbc8fd20	aws-kraken2/data/cohort/SRR5936104_1.fastq.gz	91XlfgKQ8wUyxHLQczU8kP69_zAX5IQv	2026-10-08T04:40:00Z
SRR5936104	2	892401461	733ad0444e7e59b8c0bf0b437453d7d9	31a8a72b73eb29da9de11418c8f4e7f09c0687e50c8a9f0b133a8bfba04fc446	aws-kraken2/data/cohort/SRR5936104_2.fastq.gz	QcF_inu9estbYfeRhimdbMp4CV30bvlc	2026-10-08T04:40:16Z
SRR5936106	1	603495607	b7707b70ab0068d3abb523f194bc74e1	96aab1a7be7ad3efd750c8dc0637183ac08a231b179be7781f1fdd422bdb7068	aws-kraken2/data/cohort/SRR5936106_1.fastq.gz	oZjjQdncXfO9jhHZ7z9ZV8OhEK3mgboF	2026-10-08T04:37:39Z
SRR5936106	2	604605668	a34c624fe4f8810a95d143e1ed4467d5	9ca31d56f66274f535ce4b16e3ef4806f79b1b0426ac16353562f6595fb774ca	aws-kraken2/data/cohort/SRR5936106_2.fastq.gz	IdvkS.pjQ3OckrjjP7pydIk5oQm67GCG	2026-10-08T04:37:31Z
SRR5936112	1	655587232	216dfb0aa3503a6004c49612efbcc89d	7dd952dae7207001850a37823016c982b5d1b55f0a7c686652dfc961d8a05cc8	aws-kraken2/data/cohort/SRR5936112_1.fastq.gz	CaAiYcByp.z03GU4saKDTlpdq.kggeJ5	2026-10-08T04:38:45Z
SRR5936112	2	669235633	4b645a14dd4ce69be4bd9f1952113c0d	bd1765dfaa02ac2789ad356f15a0f92175b702d150ac0c191d193d9dad2d6100	aws-kraken2/data/cohort/SRR5936112_2.fastq.gz	lNkofHRF16EyzEM6GJ91eY02s7lOnhBr	2026-10-08T04:39:08Z
SRR5936114	1	940379164	c960445175398b86bfb8472ecdee6952	2d8f51def8b102969afc7ff921ff55d7a2e5763241f3d2db9d01ed5f78a7c38f	aws-kraken2/data/cohort/SRR5936114_1.fastq.gz	uE3AB_0sfWkKJqJWrojS2vKzNvYFl0Ur	2026-10-08T04:41:00Z
SRR5936114	2	943158348	ef30b80d515650e902fd3902a7d80405	9a43b9d592a591e30133fa8d90543d50a1217b63a19d684e8dd6626048a9bb6e	aws-kraken2/data/cohort/SRR5936114_2.fastq.gz	bLCY4i3l6zK_waBi9UVQFrsblryXj2_w	2026-10-08T04:40:47Z
SRR5936120	1	672331130	1dc2a39f0335e4201546ad5fc5d55c23	bd2974378d78d8ab24dd5f1d180a6662d93482745706a21988e9689a8e1582b3	aws-kraken2/data/cohort/SRR5936120_1.fastq.gz	UvGco15sAsW3sqTa8nghMIRlGSQcd2v3	2026-10-08T04:39:41Z
SRR5936120	2	677082258	6d88f2e765cce351b5ceb725fa27567b	50630446e90880ac5fd08d679e493fec1057574b42107e75d84d108b8ef1e4bc	aws-kraken2/data/cohort/SRR5936120_2.fastq.gz	GQ4jPXhCa2b7WFBQZkOWhLu_7aatZ7_0	2026-10-08T04:40:18Z
SRR5936122	1	276678117	af7a007abb6aee24a7647f7af0bea1d3	7ddd1d60789fa01a71401606aa0b22940179c0596c317f7ea923da31a4539eb9	aws-kraken2/data/cohort/SRR5936122_1.fastq.gz	FeTl2ifVov_OyfpdWH6g3aW8SlDaU.9e	2026-10-08T04:38:37Z
SRR5936122	2	274571770	4a1b9585d01dea0b64326a42f93965c6	122d3db523045acb93da68b3503d613e91243bc373d3e3d62bfd36fbe386b1a7	aws-kraken2/data/cohort/SRR5936122_2.fastq.gz	OQ8jz1y8ntg1hDPXujFJRNBUOI1KLmCT	2026-10-08T04:40:06Z
SRR5936128	1	329651087	3793b6a9b40a4b682ade48ba21d48042	2b36641d61f0f25480f0de69b152498a2377bae953e12bd70615d586fa751921	aws-kraken2/data/cohort/SRR5936128_1.fastq.gz	W7utQjCym3m6MwdKyKWEBBPad7kO3xJB	2026-10-08T04:40:21Z
SRR5936128	2	330599775	f3a243615c353243be166c4174eb7632	67a828e714a5a4c3f75a5c731d326e2cb73d06b4be4fa0489189c476efdb2037	aws-kraken2/data/cohort/SRR5936128_2.fastq.gz	Ve48FnGuBCH_AdQKam2iOJaLu.pTab3U	2026-10-08T04:40:37Z
SRR5936130	1	428059353	de47acd1cf68127a714f9a48699c81ab	da1d9be2e137cc3e2a16e894e699c13d3d11078d9f4367f50e031c83c9b1676a	aws-kraken2/data/cohort/SRR5936130_1.fastq.gz	MF_UkAA2qwc6Lv.B0TzjW.nktOagJh58	2026-10-08T04:40:24Z
SRR5936130	2	426944932	d25fc38c10567351591f7c0f1677e5aa	ff170da2d14ffd12d7b4014a15669f64b076c05ceef8fc18637e32286990d2db	aws-kraken2/data/cohort/SRR5936130_2.fastq.gz	oHyqF9NAVk9ZLw9cJSWlkFrjKSlV6xWT	2026-10-08T04:41:08Z
SRR5936136	1	88665439	ebe2cb288b9cd4480f6a8d2810483f0d	cfe3d87835f5eb74e729742cbf0cdd836b8d585cb31efc09898c6b4331be1373	aws-kraken2/data/cohort/SRR5936136_1.fastq.gz	wwcU.iraGeV3br9OmO1xssBj1oNswAPP	2026-10-08T04:40:12Z
SRR5936136	2	88960083	906131636a289441303179b57849a92d	484fc3f1ea22eaf878963d0b0ee3132c3f9b725fbe3ba200ab5e62868969d65b	aws-kraken2/data/cohort/SRR5936136_2.fastq.gz	l7ndZ.TUpYh4_5j0h3FmPSLFA8O6_DFK	2026-10-08T04:40:28Z
SRR5936138	1	324294883	20ddefd2cd82d9f7ee2581a46c0bb9a8	a81f0fa43dbe0a031a313cd65251139e109e8f68195699a08fcf619eccf5ea13	aws-kraken2/data/cohort/SRR5936138_1.fastq.gz	EZSwsGp32dryvjyBw8vGmGUmi2jhPPFl	2026-10-08T04:41:05Z
SRR5936138	2	323532942	7a2fe05de2401a41900cba7a578e1167	c3c3986312cbe5ac52f53e1cefdef0d79a55d0304a7429d1f9e89fd1b5269b0c	aws-kraken2/data/cohort/SRR5936138_2.fastq.gz	SMQ2.fy1_F8L7WBNQyb4aSIclXW6BJr9	2026-10-08T04:41:24Z
SRR5936144	1	133788487	e587ff6f3652d67968a5735f4423a656	fa9b22bf063750cbf8f2ad73767ec1e44f6b52874c88345f4095593cf18fa08d	aws-kraken2/data/cohort/SRR5936144_1.fastq.gz	qawyHQEpsVaAQFsoliT3Gvv5jiOuCret	2026-10-08T04:40:47Z
SRR5936144	2	134374566	bef989181cb8b8349c4b7a21eba6ca59	9f9741ce67779db29aa84a901f72577f90bdc52e67d89d92b857beb5a7af743f	aws-kraken2/data/cohort/SRR5936144_2.fastq.gz	qWnBIHFpu6OPbYy9KnwKL5yCCdUsSf8P	2026-10-08T04:41:17Z
SRR5936146	1	654125595	97297954ff48922a3fb9ae7944f8869a	5d5a4a7864f52ad8fde12392fef7f1e3db5d6bb242b5fe5fd09f12d7ca98774c	aws-kraken2/data/cohort/SRR5936146_1.fastq.gz	WnUVQ9AGtqz6UOz5kGhBP07wOL5X7Atn	2026-10-08T04:43:00Z
SRR5936146	2	655643865	e6d08ba1f0e3caa841d55dd609266c52	9060fde6dc5d72491c28c0e61d8dcab347bced2d18dec656750d01d8a52f9f09	aws-kraken2/data/cohort/SRR5936146_2.fastq.gz	Bt41zfl5eCqDa4ea.UrfyxDVzVnONFY3	2026-10-08T04:43:42Z
SRR5936152	1	713292566	14e87165bf9963b84cef3cd6765c0601	ad873730c892c8256ce51201db403f89d0280173a90c50d819b6f1b8954cf048	aws-kraken2/data/cohort/SRR5936152_1.fastq.gz	7hZ2N8dGSqhwNVxUXjan_V3udXtiZcWc	2026-10-08T04:43:10Z
SRR5936152	2	700352581	dd558bd0b4e69a99f6dadf097edde5e7	377400064438973d724a2f2c636449c82f5c64eb1922bd7df417f44671df9e49	aws-kraken2/data/cohort/SRR5936152_2.fastq.gz	VXArPJFhVotcUvtyAjcC0NDxkQ3_EFtj	2026-10-08T04:43:17Z
SRR5936154	1	367866810	ec91a664a65dfd4496978b27a1e7e8c8	8abea58f2c535e9157519e21a65695135c38b12b87c8e86d853c71bb4ffd385b	aws-kraken2/data/cohort/SRR5936154_1.fastq.gz	kuAj6UsVDgHQXfzi5CSVlVaaDBoqcLGZ	2026-10-08T04:42:40Z
SRR5936154	2	369127382	6ca617e9791f352be09d1c230bf12d5a	d3d679a79bf04048f0e38ddc497c8ea3e5923bec8e0ece0b49f1feacaf479fd2	aws-kraken2/data/cohort/SRR5936154_2.fastq.gz	fb27LC89xh.BxQWpTQBUP_AA.6NrvGUY	2026-10-08T04:42:48Z
SRR5936160	1	594446456	eeabde3520c1a96576c6341faf8c939c	1c78e967d8c2a6efd20c3009f4c33fc4e844d2507346ff0f05e284bda26846e9	aws-kraken2/data/cohort/SRR5936160_1.fastq.gz	T8TEF8_y_imNbSX1TKzAE9l7zOiyjlu_	2026-10-08T04:42:56Z
SRR5936160	2	600596452	896c39292adaa1a4ad93acaa895710d7	dcec285cdd01cdff4f8d57d2bb326b9ece1105b7b2c9cf98e8a5c83f2015680e	aws-kraken2/data/cohort/SRR5936160_2.fastq.gz	tNQoEVKeiM3zmkqqrkrqjIPRNbPtKSWb	2026-10-08T04:43:05Z
SRR5936162	1	464167711	03568551b23662021d43586f770b542e	43c40c9901f14b6a7dbafee17f435e7096d16bd3e01c8c0b6f299c6d142ba84b	aws-kraken2/data/cohort/SRR5936162_1.fastq.gz	9atmPZ0zAKFTdP.0QNsHoKOr6dPNA4HS	2026-10-08T04:43:03Z
SRR5936162	2	461984855	1fec55d4a27eb02d68c0a0a2d4c4f16f	e02c8c707091f89277c4ce688227f8f7f09ff0ca0674f76837db3a0fc66aeb5b	aws-kraken2/data/cohort/SRR5936162_2.fastq.gz	ekCli5otovEW8z0WbA4TwAHxcwTpCVis	2026-10-08T04:43:16Z
SRR5936168	1	552363395	d1872f7cd7c8c23391bbf79da0d2d676	c13f5638e01c4100da5aa81c362145c27cc8649124b23a6cf7a2044c7f2b8a6c	aws-kraken2/data/cohort/SRR5936168_1.fastq.gz	IoQF1bKPMk8dSMKTI3kxC1oh7UDHAWsr	2026-10-08T04:43:02Z
SRR5936168	2	553610877	44b5bd2a8cdb952f22e10bfc91618753	b88f3ca86145065f26800204c8aab5952aa939b92c5cd0ed43b735223f9ca08f	aws-kraken2/data/cohort/SRR5936168_2.fastq.gz	GBpicHE9ATXqL3jTOTDIB8FJyEBYJ21X	2026-10-08T04:43:28Z
SRR5936170	1	651146195	d57abb5715bebe2aceeb5fb71d8c3fb3	40b73cdfbea56580a2aa1ec8cdae0f2b21630e7df8c344a8912208ffcd599ca3	aws-kraken2/data/cohort/SRR5936170_1.fastq.gz	sxQ8zPQKhXWunhgMRQnsU66WZh3qy9ax	2026-10-08T04:45:06Z
SRR5936170	2	649386967	5e7fafde36a9f5f3f629d94ed37f62cd	658c52f2c9486e2dfefe23e3f3bf76699a3a3daf7932a7f589bbc71aeb62fc82	aws-kraken2/data/cohort/SRR5936170_2.fastq.gz	_LYUuhKxEpWaN45o1NqJ__wzd2iegQUf	2026-10-08T04:45:38Z
SRR5936176	1	624038067	d4d413cd014c8a3e4c8c7ab3380d4402	d18a71ec52f4938bb875aabcbe0409f1e4557d8234077f30e24c7fb374112ab5	aws-kraken2/data/cohort/SRR5936176_1.fastq.gz	Pc6zLkRD3Fg3huWBV.nT2frV0w8CdK9I	2026-10-08T04:45:52Z
SRR5936176	2	631477315	6cbf76334a5815e665e7c648865fff85	d5482444c1eda546f341818cbb6b4dd8b6c1aaa5fedbeab9cd245d41ebf330ba	aws-kraken2/data/cohort/SRR5936176_2.fastq.gz	X.quehkW8pd2oJVXwv.MAO5iqlqn0FXw	2026-10-08T04:45:41Z
SRR5936178	1	461977638	14350aefae5ff82f554c6d0985b55be7	817a1e2a74864b203e438be8247c4a0251e6b0e24b75d97eb81f58ef5a65b132	aws-kraken2/data/cohort/SRR5936178_1.fastq.gz	wQ7rF8tPdJp0T9hoRj365g7H_00JR9Np	2026-10-08T04:45:08Z
SRR5936178	2	465714539	7e1f09a2f29d80ed5de2504c1fea2893	2bd15302cd62412f0dd3667b9c2a40034b2ed83a27d674376bf1c54f5bc8b7b6	aws-kraken2/data/cohort/SRR5936178_2.fastq.gz	SBX9W8XYVejlhMIHJa2RRKPeM8418ld4	2026-10-08T04:44:58Z
SRR5936184	1	243491260	a208c8ce6ea5208849246fbae32b7bfa	7c16984b847fad308e3cf056bc2765d983ee25a3550d0e807fbba30c106d1747	aws-kraken2/data/cohort/SRR5936184_1.fastq.gz	ne3n_tx5Ch8vABxdQ8zkj6DibKTw7FwW	2026-10-08T04:44:00Z
SRR5936184	2	240856590	851237342e112bb1688fbf2c0b4588bf	c5ebf4f53c3eef466c20f36cfd00c5330ea6959a168d7ed560c812ca2d680c0a	aws-kraken2/data/cohort/SRR5936184_2.fastq.gz	YnoPCMcUbfftntH2DfZCiXnu6dYjKfS.	2026-10-08T04:44:18Z
SRR5936186	1	553286065	a602343abe7f859b0917c814e034f1cd	c53e5ce3967e0f8b49188c3f32465d90c0bec786b533c75c6300b0e073461f1e	aws-kraken2/data/cohort/SRR5936186_1.fastq.gz	01s.HSj4b7k768vbXlwVHuaPyyw1cDxA	2026-10-08T04:45:41Z
SRR5936186	2	566784715	ef8d9bcdde70bbab10cbeba964dfb6ed	2e3496e947e07a5590b3531f597cf4f4f0005caab38cba7f2ba4515084453518	aws-kraken2/data/cohort/SRR5936186_2.fastq.gz	HQu3jan644_PaP5oxhn99iqpiM13b8c8	2026-10-08T04:46:01Z
SRR5936192	1	904423577	17b3f84658ca88630aa4db9236fe3833	3e3266fdcb85720e3de1b13d77467ba11771cc0193da083e8b7f23bcbba0540a	aws-kraken2/data/cohort/SRR5936192_1.fastq.gz	VtbW1EXosrouMiqiLavaAmOFA_afnl.v	2026-10-08T04:47:05Z
SRR5936192	2	900630203	b8859be5405e7f07ed1a064aa5f0553f	e12d7d8634ac0f5b900933b1543db8c72fb51660c916796198dd0b39ce558e1c	aws-kraken2/data/cohort/SRR5936192_2.fastq.gz	uuaCl2vlhnTj08SrN7CC6TrmTeH_JRrY	2026-10-08T04:47:23Z
SRR5936194	1	492619526	1dedce75c62bf46acb16efaf2e4ca054	9ed89a8b3b906161cc2a82f4a24af3f925dc1cbf10b39cd6090b289cebb3908d	aws-kraken2/data/cohort/SRR5936194_1.fastq.gz	.4Hbh1nZhOagCZ0J4mV7q1rlO54d7sjg	2026-10-08T04:47:17Z
SRR5936194	2	494993749	b2eec54f1646e9fc746c8657c448d153	4d040bb6ef1bae8e294f0612041e991270989ec0527692b271a0596b3498d4c3	aws-kraken2/data/cohort/SRR5936194_2.fastq.gz	vSkMBfNR1a6m2cL6epLyKvC8tQoh9dar	2026-10-08T04:47:20Z
SRR5936200	1	420061316	47071f6da81b6a7961db36cd10ffe820	40e09d2f39a583b2686b91032b01c27cedfbf5e88d41d45fd73943da64835e49	aws-kraken2/data/cohort/SRR5936200_1.fastq.gz	qb5SrOdg9NigGRpeZ1ShQKqWLbOXrw0M	2026-10-08T04:45:43Z
SRR5936200	2	426523123	35b1326a75d57944a6b8f81654a2b7ad	a9906ed51a545edf894c2d0daa42d91cc6d82a8d5a670d5eeb4f8d868404689c	aws-kraken2/data/cohort/SRR5936200_2.fastq.gz	rL4pyFoOhJuTnH2IdDLxSEqXrB6JUbp4	2026-10-08T04:46:38Z
SRR5936202	1	71146612	7e50fc998f8f6a0890a10a843bcf0a83	a1f640ac012fa75eadf315c8ba9d7cec170f21b469c5a696d12c8f60930f6c0b	aws-kraken2/data/cohort/SRR5936202_1.fastq.gz	nQ_fwt3KdfMUN5SHiD7gw_CEglpDu2_T	2026-10-08T04:45:32Z
SRR5936202	2	72224650	52b0318890a017dd95b7cc2583718af7	c1e00cbf60f6c02581d95a1c7c5420ace8784b8c5a8a0baa99f0664a62adf59d	aws-kraken2/data/cohort/SRR5936202_2.fastq.gz	QdC1xSJcRMSNLLFJawYXAqQ9NhQDKXSe	2026-10-08T04:45:55Z
SRR5936208	1	426212610	2f39069b6d2c524bb538bf7c6c9cedf6	d81fef0a1eccc45d886bf1123fa250efb3f1f6b98a0f4bdcc9ee120b15a519b3	aws-kraken2/data/cohort/SRR5936208_1.fastq.gz	6igIJjIy844GpI3iCXEeRFcsFlZGHtI2	2026-10-08T04:47:29Z
SRR5936208	2	425739867	cbdd0915bce9ba83c706110928657fe7	613d6a1042808bc7ab36dd74d3f72b9956695180da2875a4afea9fd9f8488f03	aws-kraken2/data/cohort/SRR5936208_2.fastq.gz	tc5m0_PG3IQ1vdsFpBus_makVpSls8hR	2026-10-08T04:47:24Z
SRR5936210	1	469762922	1f2d0ab61032e613ccdf2f6e03760d38	f8d41910f7fc136e831977c73f86929d849dac0d17c4f6c0947b42d1865228ac	aws-kraken2/data/cohort/SRR5936210_1.fastq.gz	YvakPaO3HUzoDJZtZvkrm18nPqLreNTM	2026-10-08T04:47:58Z
SRR5936210	2	463267003	6d25473aae5bdf692fd6339a6802cbac	0970e50ef5d1230fd2066ad2ffd615358f360a6629d2241c32735256902bdd7a	aws-kraken2/data/cohort/SRR5936210_2.fastq.gz	KYOCnT_kxZgv_piXgvn1fmeGhzD6pjQR	2026-10-08T04:47:37Z
SRR5936216	1	343995724	4ab75dafb6820380c678996d3e7861bc	a2cc7f47ab27091b3a1f1ce51ab16933ab4dfb16e5296f3f3ae9358370685eec	aws-kraken2/data/cohort/SRR5936216_1.fastq.gz	FJx9SuukkyHmTjntcbj.rMMELB0P.m48	2026-10-08T04:47:15Z
SRR5936216	2	343040569	ef8e3f104dc26966af672cf79b286182	36c0f6ea1199720641409c9ad9bc2142f7566ad5846b95628df53bbabec839cb	aws-kraken2/data/cohort/SRR5936216_2.fastq.gz	KQEqBEZN_ppTk304.1He0QP2ClR4dV_L	2026-10-08T04:48:11Z
SRR5936218	1	798447523	25e8af6f816ec2aa17df6bdc2a348596	5e0cbb3f9fec9bfb0a0358a8eab5e15002b1c5b0fb089152d30a95914b3437ec	aws-kraken2/data/cohort/SRR5936218_1.fastq.gz	yGT3j046HON_sjdTfZh9G7nhrto3zS8L	2026-10-08T04:48:59Z
SRR5936218	2	796296518	5cbc810d665a3c5b95aaed5f13e882bf	13ea9a9b138f595c8bda4ea895bef09140006b18822e923e9f419a575e6c3b8f	aws-kraken2/data/cohort/SRR5936218_2.fastq.gz	SF5I0ftnnh68XGlneuPesc0UqnYgoLJv	2026-10-08T04:50:06Z
SRR5936224	1	628137222	7e581ccd0772846128346858c4cc1250	bed7951ed002149cddaf4ce04a8ebbb2bd95a7a3b3c0375d22ac50d66fff4025	aws-kraken2/data/cohort/SRR5936224_1.fastq.gz	CU.TRXJ9LO6MGDa1qGCvSsuaaoranTnl	2026-10-08T04:49:39Z
SRR5936224	2	628194171	cf09d3cbbed9bb2273e9b9e4daf5a6bc	a655c6c51c760940900f4e8b3d5cf68b80b8dd9426cbe2ce6f39e767b17d82a0	aws-kraken2/data/cohort/SRR5936224_2.fastq.gz	_JQ0c97SSRq6QvSDims89DnHUJymcOLZ	2026-10-08T04:50:01Z
SRR5936226	1	262578371	e09b769e0d433d351d297fa61b3134a7	96092278b993d6ef37814f6da7b108dc4d053717d365e348f3476159af1f39df	aws-kraken2/data/cohort/SRR5936226_1.fastq.gz	M7YpR2HeAK561kVZvn1C.R8kTZ.sExpN	2026-10-08T04:48:26Z
SRR5936226	2	258480228	405fa4db37877135ba7b92655756eead	7efee4edfec6317cfd7bcb744ce97078d84f95b28214fb7eed25b8c30e465bc2	aws-kraken2/data/cohort/SRR5936226_2.fastq.gz	NIar.7lnAlHIuxxLy2813Zbdp3WGGtMS	2026-10-08T04:48:21Z
SRR5936232	1	409331370	e2cfbd94990660e3bb3bafc9de88318e	00b4e455c60dad849b5abff600ac1527bed40a65e88ab82d700a7efe9fb3b4ad	aws-kraken2/data/cohort/SRR5936232_1.fastq.gz	hKxdPlthdzE5mtIZvYDP63q_GgrK7SpG	2026-10-08T04:49:07Z
SRR5936232	2	414279838	4a9c7764fe1e78097d34ed73a44224c4	eb3e24efb6df0013adb41a8f54ad2a7c8eb9a84269b6777b1153fa49c9369d7d	aws-kraken2/data/cohort/SRR5936232_2.fastq.gz	ODloJLvrd4lMia5vE1ApuOQkc0.kcqgc	2026-10-08T04:49:22Z
SRR5936234	1	230630060	8c9b3f0706f3615f4873f27a081b516c	a4ab542ed621b4952765044b05ef6f7193ecd2fcaaf2e7dda1c9692421531100	aws-kraken2/data/cohort/SRR5936234_1.fastq.gz	Wpmv5562AeleX4XaVGOMmJoewQlyt8yR	2026-10-08T04:48:48Z
SRR5936234	2	229215439	b1dc8c725a118022138ee6b3eaa7dad0	6e000216f591fe162523d1aa843aeefe9dc6737dfb047c1efc0cc7ca9ad43d32	aws-kraken2/data/cohort/SRR5936234_2.fastq.gz	0uUfSQP3LqC3NPog9VZ4yVhikUFLz8NO	2026-10-08T04:48:59Z
SRR5946605	1	324895813	f8e894f5c2e16526ac625565dfb55c43	0e80879df1c1a93111290d776a340e0213034da37b354bfc6a176cffa2755cd7	aws-kraken2/data/cohort/SRR5946605_1.fastq.gz	hTB08hTqKt6s.v6_EMyhTfswkMEtYkzx	2026-10-08T04:48:44Z
SRR5946605	2	326028812	de852fd3f267a65f4c032370e545fa6b	6273e4ecbcc919caa5f2aa40a30ca7066797cf61bcb94aa5f2b6a747ed0a33bc	aws-kraken2/data/cohort/SRR5946605_2.fastq.gz	GIAXEFlSueunBiSUBc9mtipf1KumnoDy	2026-10-08T04:49:48Z
SRR5946607	1	504788388	7ac493b0e041368436434d2f9e9a7880	10f3e4ca39d74c592b23e4191aef4863067a49793f64d81641d40a7d8400fc66	aws-kraken2/data/cohort/SRR5946607_1.fastq.gz	1Mn9YLjAWyzzzOvlWtv8hydgZcRuQwkb	2026-10-08T04:50:20Z
SRR5946607	2	511435990	a465c76b450cf9fc21ff2ac68a41ac56	701c07f465b1c6d3ccb61638d8d0c9a71eb200c7269b8f6f2b5af16bd6dec55f	aws-kraken2/data/cohort/SRR5946607_2.fastq.gz	mXGjcErAXU11BS1GlKe8SwfisMXwSuf5	2026-10-08T04:50:54Z
SRR5946613	1	870426884	ee9f031de9fbcee8666dc3ba6ea0de18	9942ba249b9ee640e50e18edd0b1edad3060f19d7a1f946237b688abe8f31043	aws-kraken2/data/cohort/SRR5946613_1.fastq.gz	RyPhmKBcKLX63tSveJrSOhF8uRkAHY29	2026-10-08T04:52:16Z
SRR5946613	2	867348179	442a26828d6226dfbf0175feae4bf708	a3badcdaade733a8bc3fc6c6d9c4b9a40cee92615cdb513e32a51b60f092ae24	aws-kraken2/data/cohort/SRR5946613_2.fastq.gz	DIFcfgDIflHsfixjr2zZCnn52jXl30uS	2026-10-08T04:52:40Z
SRR5946615	1	536059790	5bdef20bd75988b94003a19d8db0aea0	f7e8b9b3b0569e4383ced35ef0e7b040fe50fccb683ae99a52e75f42b4abdffe	aws-kraken2/data/cohort/SRR5946615_1.fastq.gz	kJbxYRI7ztyRNHMmHF9yA0xxWwIhqvll	2026-10-08T04:51:02Z
SRR5946615	2	554460529	6138f15b9710c4b8ff9f39cadbc55040	cf7840698388c4a08856bf064dd14ee772c768045a76ff4f6cd60c67c44d2dc7	aws-kraken2/data/cohort/SRR5946615_2.fastq.gz	lBI3W8k35ULyblCyo9inbSHJM5Rt2Kpk	2026-10-08T04:51:17Z
SRR5946621	1	725039807	6acc7bd61c8c9106d1eaedee59280b23	933f941c70edc87e7a694f681bfedb4b6c927d4757e5376a95187edf3e9d8ed6	aws-kraken2/data/cohort/SRR5946621_1.fastq.gz	4oJebazuyHwe3Es0oBdV406sr5_sF4Iq	2026-10-08T04:52:26Z
SRR5946621	2	723700360	01166c9ba9d57670cb88347ea225c283	f80bb9c4c71487da5f1e62a8ca2f03bd7fce83909266d8d9d89070b44c644546	aws-kraken2/data/cohort/SRR5946621_2.fastq.gz	mdFYSMo3qco7Kf6qMQHxuRCUWSm0DQ8R	2026-10-08T04:52:48Z
SRR5946623	1	1047313538	cd5deb9a5d192b01e5ba3def01bc5e1f	7473d3c8ad11572245c2a7a259482f93e72cefc06ed4337a51f5de9244c1947a	aws-kraken2/data/cohort/SRR5946623_1.fastq.gz	6hD0ufBKOORwYlsb3lLPXdmxMlCtI.mY	2026-10-08T04:54:06Z
SRR5946623	2	1068010495	70af5bb06a1c98586bc6c10c4723fb5c	668c7a0c36bff2b432f7f8d2734ea9cf6a20ea04cc6b20f4759e284083305046	aws-kraken2/data/cohort/SRR5946623_2.fastq.gz	x7ofyB0LK3qdzKgdvX7mk4Cu0AH_nqh6	2026-10-08T04:55:17Z
SRR5946629	1	570729917	384ce30ba0cb6b1c6aa141a1ec024185	7c3e92431ca1763ecd7c1cc006f3e450d5a6c6e5f37d1fc50dc0c52c0a472b85	aws-kraken2/data/cohort/SRR5946629_1.fastq.gz	wV.NaYqc3jaJ7lFnXPxtPvosQV8DSZA8	2026-10-08T04:52:21Z
SRR5946631	1	571732691	f0542c4ff268f0ac9bc5bae45b3e6ad9	c32345e3ff894cdbbe78a02f6c886f22ce27d4efd94ba13af36520308cc34d49	aws-kraken2/data/cohort/SRR5946631_1.fastq.gz	R1r7oTO89mU1RX.XFi585M1jXMZ4xPJs	2026-10-08T04:53:01Z
SRR5946631	2	577906420	331367ad5cefb747af8a8725c96dbc6f	d90d098ab34c69743b259b1ef3ca7d302eaadc5700ddfb0cb2de5d8094a43ca0	aws-kraken2/data/cohort/SRR5946631_2.fastq.gz	CrQkvE09R7Mn.J3DKuKi4zECFsw0uzkF	2026-10-08T04:53:16Z
SRR5946637	1	413964557	afef0938320777956f4b54f1c635fb59	33b4c1f900d4c38ac182dbd49074376037de15685d6819886c37c528bb052189	aws-kraken2/data/cohort/SRR5946637_1.fastq.gz	Q9JcuXHPvR_N4PuJt4Gd4zAUz3TUzMk3	2026-10-08T04:54:02Z
SRR5946637	2	413908689	be64f19c1d49bea08e46a6abae94a8d6	6688865559afd9b8259572ae69e697faaaab22f3a49ebdbaa2a6594f12a93a47	aws-kraken2/data/cohort/SRR5946637_2.fastq.gz	cXPOyY1nqjf70c0aoFv0bOtgHFe2h6rM	2026-10-08T04:54:14Z
SRR5946639	1	860455119	25e82a8a0405e31362dc1cf15d1d20b7	1256aaa5125b5fd775d75f209d6dd101b7c74322b004a9fe9e6f2de4ed10325e	aws-kraken2/data/cohort/SRR5946639_1.fastq.gz	mnVia8j6RqCVcDKfuiav.nk6_56uQJ7B	2026-10-08T04:54:27Z
SRR5946639	2	842547741	33400d7cfb3675211320793e5f0f4a6c	04e4301dce12155398755c0fe160e2a28dd9c57a4a32859725c5e883c8642093	aws-kraken2/data/cohort/SRR5946639_2.fastq.gz	MbNf6EOiT1RHG9ghHPbtT4oytmBa9QeQ	2026-10-08T04:54:56Z
SRR5946645	1	495407898	04c07e58674aaa4de593bd7106d6d86d	b552fa3914598a14db9b2ce494c5fa9cfb1d2cb788bb19d57cf26f845fbea7cc	aws-kraken2/data/cohort/SRR5946645_1.fastq.gz	RM1Gy5jBy_MHXTvbEfygbiorvISC.t8K	2026-10-08T04:54:32Z
SRR5946645	2	514160386	783f6691a24fa41cca481923249867b2	a0e26aef71a4d4d5066ab896f8c3e5810b643585f21265a7f2ab43b3ab487c25	aws-kraken2/data/cohort/SRR5946645_2.fastq.gz	O_ki545PyjSmxgYm9foHslZwzkMbMl_A	2026-10-08T04:54:54Z
SRR5946647	1	216067011	3f90221983f17c517fbdb50f7adcc01e	7f0842535715aedf69729eb01a8cb6a191befc29440c58e84a460c628977d1eb	aws-kraken2/data/cohort/SRR5946647_1.fastq.gz	1DkQd3YvPuBojeoWVTg1XEObABzDmsx9	2026-10-08T04:54:12Z
SRR5946647	2	221826818	3b3ebaa89456f119cd4105070f12c772	d4e4c35d580bad2d190609b77b476b457700a10b6397ee1e93436138f6a4a5b3	aws-kraken2/data/cohort/SRR5946647_2.fastq.gz	XMP28N7dCyPWiUtvwsDAgWmJRuC_irvS	2026-10-08T04:54:26Z
SRR5946653	1	697591864	cb04f83fdb240c78dd0afcc4993b334e	44666623d1bfad66329742dda83cab25b7115ed27c4dd7097a23fa9a7f18f57a	aws-kraken2/data/cohort/SRR5946653_1.fastq.gz	YuxLmr0H2_JDXlC0LTvg0S1yLpdNALfq	2026-10-08T04:55:35Z
SRR5946653	2	726122894	78e1738c6b6a594314de7f1989bdb1f6	a3bfeaf70476b9ba3ea6c9bc01f45bf10a8b60b16423cd0835d2ebf85fc69288	aws-kraken2/data/cohort/SRR5946653_2.fastq.gz	lBBwRF9FycgmyaVfmU8IC5svbFZBmgGn	2026-10-08T04:56:16Z
SRR5946655	1	14690202	4f66d617c0927d37c2864e0eb53672f1	b6930c42c4260a1a51597b4f0980264142de5739b780aefc86647e117728c431	aws-kraken2/data/cohort/SRR5946655_1.fastq.gz	XpDADZlc_9IkOKSx8JtDO_NwWWXQCRD3	2026-10-08T04:54:12Z
SRR5946655	2	14603302	1dd2f567fedcabaeba6199e33a153044	5998667242660d10459fd96be6f59e4f0198867728859283114bf2382c47485d	aws-kraken2/data/cohort/SRR5946655_2.fastq.gz	tf3VVui7skGZPSwtA5Ey8_k3Lvm8k8yy	2026-10-08T04:54:19Z
SRR5946661	1	113996403	9e3f1382873b16bd6142d245b1fd4f43	781e993ebc09a362af901ec4f01294eea0932583a3abc60183d4afb65456a5b0	aws-kraken2/data/cohort/SRR5946661_1.fastq.gz	7IMQ9syTkdUKbWmReMZCwXWZ7CGoce0v	2026-10-08T04:54:40Z
SRR5946661	2	118181291	a39582fa287a592d352784357b1696ad	573503346839225d2ee43245e55526dc93dd66f68b685785f82a4fa26704ddc5	aws-kraken2/data/cohort/SRR5946661_2.fastq.gz	YJbffAxtFDQVWXnrappS8ouRdc8UDa46	2026-10-08T04:54:51Z
SRR5946663	1	390711217	33db2c621344c3da118796808cc9c956	1dcaadbab713aa87908e1832eeab9fe698b1828f25b1616c618ea5adebb867dd	aws-kraken2/data/cohort/SRR5946663_1.fastq.gz	foDkYbB_0.JOZaXR7h_T7OyzThh0iyHv	2026-10-08T04:56:00Z
SRR5946663	2	377870993	863480262e0c842fc33a03a5c5d84552	f533587987861386f78f8a532fadf51e3f690f096ae67d20fa2d5651896febc2	aws-kraken2/data/cohort/SRR5946663_2.fastq.gz	U7fgq0bQov.EdVTX.BOelo6Qf6O1_SBa	2026-10-08T04:55:47Z
SRR5946669	1	685540720	c05812db2e9fc5a9d35daa3fe8f55069	e14455e254d55ed4991cdfb826facc334ae07392ac1b3c6f807ba106f1ed23c4	aws-kraken2/data/cohort/SRR5946669_1.fastq.gz	VjTpwGsjGGZuCqRX66R0b4Wh3yra8GCV	2026-10-08T04:57:11Z
SRR5946669	2	693879543	02d244db5aa4957eb123b50061323b79	de0ba4755bd3aedc5a75cc43e64a9c72f5ca79534a3a440786e11913cea40652	aws-kraken2/data/cohort/SRR5946669_2.fastq.gz	L3kJfU83k_RqaUo09kmm6_ZCp0B7B3P.	2026-10-08T04:57:25Z
SRR5946671	1	426346406	a31286ee95fa7686a570368e8c42f9e1	1a85c7fcad09c057822a1497cdfdd160940b283f99c14656b33e45918b6318c3	aws-kraken2/data/cohort/SRR5946671_1.fastq.gz	y7V4vBQyBOrrJHNV0GhAvbsm6cwMNmKI	2026-10-08T04:56:12Z
SRR5946671	2	422709881	6bd3f412eaf5738e4dc9b46f0c8475ed	665adfc373a31ee3aca6fbf65d4502e1171ecb99bf09c3c5dd56357c75562158	aws-kraken2/data/cohort/SRR5946671_2.fastq.gz	zuTRGuq7UtaN9Zky7FOTE6lggXhZgXX3	2026-10-08T04:56:06Z
SRR5946677	1	587446391	9d54993dba989b55fd9e0d8498bb1816	b6cb91dcc4d05169205d313f0e5c0f8a411873b0c7c4a4eaeb1741439f0247ee	aws-kraken2/data/cohort/SRR5946677_1.fastq.gz	Uc_gDnXIPMVDxhlQk6KOLm1mo6x.JcK4	2026-10-08T04:57:03Z
SRR5946677	2	600084851	0327ccefb90e38a877d3323046b33307	ef3551004bbde2fc2324d9511ccdf7cba0cb4bfe4939800be25332703d8d9dbf	aws-kraken2/data/cohort/SRR5946677_2.fastq.gz	hR5Vu9On5Q60Uc_HWRb2WNjMJ5vfxV46	2026-10-08T04:57:18Z
SRR5946679	1	438471713	fb078d1e0ad74982b65e00e5f349b688	1eddb759c9fee383c444ff3532ee1dd021e6ee98ff8815b763e1080c30159072	aws-kraken2/data/cohort/SRR5946679_1.fastq.gz	SFOnJg033Nhg5Uy7zvg.XYXP6A8d4_L2	2026-10-08T04:56:48Z
SRR5946679	2	443540514	a8341b3b7603cca5b2e2072966003a30	bae784e61d365119a0c0cc190b4355e4ed58d8a01c9d9bd2129ac35c749f223e	aws-kraken2/data/cohort/SRR5946679_2.fastq.gz	7c0S4k5hZSvEJIg02bw1fUJDCyI.rpA1	2026-10-08T04:57:04Z
SRR5946685	1	686501129	1b596c901bd77ae98b8c3a4b8ea44ffc	974522f1bce86bc1c7b7ebc0bee6d1f854a68caaf14f3559b75af0977f76835f	aws-kraken2/data/cohort/SRR5946685_1.fastq.gz	XLyH44wi2oDBiygfhnTRFTy6rFPwpDt3	2026-10-08T04:58:26Z
SRR5946685	2	710032087	7437f8cd1d863143fd477b325b956a39	c08a92473757f86a34e52cb40bb6b6206deaeb55c570d06737bcbd0fadba8c6d	aws-kraken2/data/cohort/SRR5946685_2.fastq.gz	MuYmcaCmTxKnRUZbpdfdsxSmK0QINgMK	2026-10-08T04:58:56Z
SRR5946687	1	709788782	9f87b85d77436c299bcc4202f63fbd54	0dc0497a44163d641c55a1d4ea397262d57046209e89a82f4bb967f6af314322	aws-kraken2/data/cohort/SRR5946687_1.fastq.gz	LSVK.zInJMHQ.xxWJjIbUFaXBh50_44L	2026-10-08T04:58:51Z
SRR5946687	2	746911516	8615e3ad52aa4adb47825e7d147b43c0	1d38e7ac4b6a2bc601793b800457767496b33dc011bfab78fee7c80c99cf6b20	aws-kraken2/data/cohort/SRR5946687_2.fastq.gz	ppDZbis7yK9A1SjbWB4bwkKvBMTp_Pmn	2026-10-08T04:59:00Z
SRR5946693	1	686733407	01ebe2f2852902267398c12ead676fff	268c43d39de0106c2750485d2320a1310cc681aaad0729ac7129b918e1bd6499	aws-kraken2/data/cohort/SRR5946693_1.fastq.gz	mGKfgg9eGbaqE3OQU1sDRe72SnajOBOL	2026-10-08T04:59:45Z
SRR5946693	2	685025472	a8183cd1dd30dda5eb42ca890d80fcb1	b3fc894156e4143a42711930290a69167f6a8d68f3f3cf7f350e7e87491c61de	aws-kraken2/data/cohort/SRR5946693_2.fastq.gz	BMIMherwpWj1LftgZVWpz9PCoGUzXZVD	2026-10-08T04:59:55Z
SRR5946695	1	893793557	603896f7a34206ed22036d1c0ec0d2b9	d34a7c880e6347a613a781c61d9735d5ec25c894ebeeb3c6b9b6149cb7aeeb63	aws-kraken2/data/cohort/SRR5946695_1.fastq.gz	IqwHYzISvtryTbZ1hMZBxmjzCCHxpm.t	2026-10-08T04:59:40Z
SRR5946695	2	910623383	799418f3cbcb2495dcc3762199cdb27f	64c233b05cf37e19ec659b76241a5853c3bd9d05ed232e5fa0bef24f394007d4	aws-kraken2/data/cohort/SRR5946695_2.fastq.gz	y5t8ngxl9MlXiUaOiDgPm.xwUy49owAa	2026-10-08T04:59:50Z
SRR5946701	1	884024138	e00c4ae07939cbbe340fb65c37edc20e	eb93a4ec9550ff34fd681197a8b8ecc2cb16582aa82b38d06caabea4018c0bd2	aws-kraken2/data/cohort/SRR5946701_1.fastq.gz	vcnyIao54UhFJ6dTZtBtLmuKDG7txY2C	2026-10-08T05:00:52Z
SRR5946701	2	904127112	e898b241b3c60c2e52c5a2dd8f78f19e	ba469a657c5a6ac918417a84d96a2c9c1aa222b7fde96c3d75ec8100e8cef44b	aws-kraken2/data/cohort/SRR5946701_2.fastq.gz	gqr7U.F2HgWcJ4XALHwXPZ5Cc8p8.jXb	2026-10-08T05:01:08Z
SRR5946703	1	840369828	a4f5b6806af5911a40b1603dd30ebfed	9e93ed0cd16dd7e86e463dc1d814fa9073787c5cd3cbd67cbc2fd4aabdd450e3	aws-kraken2/data/cohort/SRR5946703_1.fastq.gz	.FOneXFRte_q2Pajzp3hiNkjNeqDUpHo	2026-10-08T05:00:04Z
SRR5946703	2	847932836	64bc71b0fc62b1ae8822ab22d1666426	66e948b4a17d6dc6fc6435682c1662885510fc7672610d74e67ed9ed397ef2d2	aws-kraken2/data/cohort/SRR5946703_2.fastq.gz	Sh8WbqF43W9HG8i3ZVpKd6je2dhWNbcY	2026-10-08T05:00:38Z
SRR5946709	1	451534273	a4c8229af225fc86bf7eedfebe42e8d8	a762103658b3fb868645f1a75e40afa398d78bf3add72ae83247b17f795a2169	aws-kraken2/data/cohort/SRR5946709_1.fastq.gz	6FZK7MAdRTBJDm89P395V8RV2LnePmY6	2026-10-08T05:00:59Z
SRR5946709	2	451005635	ebcbde9b87a87360e1004bd0146ddfd5	e26b519fde509f7ca87f0a7f80ad671b04a1f58b37fd916ae3af35ecfc84da40	aws-kraken2/data/cohort/SRR5946709_2.fastq.gz	riy0C78y4DiJyPQZJ6anSTlFD9.GjSlT	2026-10-08T05:00:56Z
SRR5946711	1	389925760	3a17eec760dffd28e4c987e490bd9c3c	c73d20f94edc67136fb0c7ec5127ffa3654296d98af3ee9a2a2694068d230e32	aws-kraken2/data/cohort/SRR5946711_1.fastq.gz	J0sV5rA_roXCrj3DwyowTPyZtJZk8aoe	2026-10-08T05:00:37Z
SRR5946711	2	385549390	bebbfa00a2d4876863c7464589ecede7	30bd86d346a23dcd4f1abcc6cfd282be720851a07809b010f24a330a4a65bf5b	aws-kraken2/data/cohort/SRR5946711_2.fastq.gz	Fqd8ohGIzAgPCxfVwAsFZ5qySJAUR6BA	2026-10-08T05:00:29Z
SRR5946717	1	541201860	2ad54f2a8bc15a0c2e385b625e05bd08	88d5a40b0596f0687a200f124a861e00b14d6bec8f8581d82c85051f977f3dd6	aws-kraken2/data/cohort/SRR5946717_1.fastq.gz	MVMIt.IPsjbvmUC8q9WLyec096JTBpuB	2026-10-08T05:01:53Z
SRR5946717	2	542233803	daead0062164bdb699ec38bdb3e96a90	106d4d85c0a99d10510c56853ca1ea1bc5979af8b1374ac160a05c9544f3158d	aws-kraken2/data/cohort/SRR5946717_2.fastq.gz	ioFHSH_eCweNTXWztfsOu_ak8seP_RrB	2026-10-08T05:02:06Z
SRR5946719	1	140051218	314f05307190ff9486729f86066cad46	1938371905df4ade732fa2cc458b7184b8faa3076ab9b8e6df16e2cdf4295fa3	aws-kraken2/data/cohort/SRR5946719_1.fastq.gz	DT37HtHYwNabTbHGGTi1Rw_ghiM9Txlx	2026-10-08T05:00:23Z
SRR5946719	2	138774156	3e6944e26774a0981fabeca8cd6a40a2	067029e9f14f85527f70ebfbfe2d7d7a0621b6f7ba5e2488293a67f833a026bf	aws-kraken2/data/cohort/SRR5946719_2.fastq.gz	HYZEAn0nOTwCLfl1f4NfgTzpnCr0mHiw	2026-10-08T05:00:24Z
SRR5946725	1	744561104	ec6a73ee9c9221c8e9c9c325c85df637	7d3bc48dba0de82b98bdf7f164883879c6efc148da6e4ce10e3ddf75d55a8249	aws-kraken2/data/cohort/SRR5946725_1.fastq.gz	hLv_gufK_tttHpg4_WhQLK9VVd0JvJ94	2026-10-08T05:03:58Z
SRR5946725	2	751326507	d62b0bdc43e5e9137e6f5d39480ed34c	e66d911133da782dabbee3659e34e1e64605e50f036e7b34f272980c00991e0d	aws-kraken2/data/cohort/SRR5946725_2.fastq.gz	avuYLAc0Zqkf.2MYCzSiL.jmAh0GQtMc	2026-10-08T05:03:41Z
SRR5946727	1	421718167	661109fe8e77da93189971a7ea26f67c	fcdfef897065b964ad3c5400f16f51068eb7c616436ae849576ab21fb006c30a	aws-kraken2/data/cohort/SRR5946727_1.fastq.gz	KXIQ.O.VXWi_MYnrE.wkisd.YUX1qgkr	2026-10-08T05:01:51Z
SRR5946727	2	423370983	3e3c864eb98020974d0c1d94ae8de63a	372f9116fd56068ba7731924496e89b0e35c3f7c4d384980fc745ba7e4ba004f	aws-kraken2/data/cohort/SRR5946727_2.fastq.gz	Dxe_s5RYyX5qN3PY_JaWjY13seCW64q_	2026-10-08T05:02:00Z
SRR5946733	1	817990585	cc1daa857f13422cc5b90720dc25c1bd	cf15bf6b8244e891c7d0fea073c7a8d79c373c7ab348533da926f7c78fadacf4	aws-kraken2/data/cohort/SRR5946733_1.fastq.gz	F5wIDkVBsG8DqNd1fEHQcozhhMl.C9WD	2026-10-08T05:04:48Z
SRR5946733	2	798627363	a45150fb43cbd571d4a0d44cd928e598	e4812892c0380ae2e77753608775484f47cfef1e49b81cad3a24920a330b320d	aws-kraken2/data/cohort/SRR5946733_2.fastq.gz	cRNoAVKO_URSpJ65Bjzoq9o80hq19mvT	2026-10-08T05:05:18Z
SRR5946735	1	217224644	0972d019033c014cb06405be6fca2d94	b145bbb37adc1e476b0ac061b15a7fdaac54e21115677896c4e10c016f99864a	aws-kraken2/data/cohort/SRR5946735_1.fastq.gz	GTCZb8Op0Pk0cf_iNPvubfgPOT9D6P36	2026-10-08T05:01:30Z
SRR5946735	2	219542352	07f2eec0e5c527f3f9442f5b8514a7b1	6378f8ba59bfd2261c3e6a7fdb80946d96fd3c9bb93990aa93de56d789bc9d96	aws-kraken2/data/cohort/SRR5946735_2.fastq.gz	jrQbXLRkfouaoYVIrKn3Lj.zs7ICZ8eI	2026-10-08T05:01:37Z
SRR5946741	1	152961806	5fadd5b44c8c98494c36a49068b96593	7ac35116453c5a7f43913d87738f4b929d515ee92419765d95f38985f77ce82e	aws-kraken2/data/cohort/SRR5946741_1.fastq.gz	UvfjflBeyfIdlwFaIfnBeZ8oFseH46i.	2026-10-08T05:02:29Z
SRR5946741	2	151629777	eb8e19043876dd44328de4b060b79e48	b164db37a328039d418d85a85a104dee4102958bdb7027e6c8706fc9b116e068	aws-kraken2/data/cohort/SRR5946741_2.fastq.gz	devw76rwRkTfBvJVdNDUmTnwMN.7xbI0	2026-10-08T05:04:05Z
SRR5946743	1	533137876	5277d527907e69a6c82505cc675b73d0	6df583d8b8c34555ba80b96e52fb5230a861524ef022a369ddea50de5158fe09	aws-kraken2/data/cohort/SRR5946743_1.fastq.gz	ohULxn3hO1cQ7z2tWs1BG_NBfTb0nEMT	2026-10-08T05:02:50Z
SRR5946743	2	538165798	4f6a5bb6b46e5c3e83041da1898d8ce6	36ae2efa1a7476374a7114d25edd2b6ddfe2d3deb44442174ac49ed26063838c	aws-kraken2/data/cohort/SRR5946743_2.fastq.gz	dU0IlVaJonz7euhBqKa4AaqChNpLfJhB	2026-10-08T05:03:16Z
SRR5946749	1	842708574	ca17315ba46fa79ad48a83fb3c779217	44cf370a962bed376c85a87c19527e11d6d28057f168096b86ff8d90d137e11e	aws-kraken2/data/cohort/SRR5946749_1.fastq.gz	i6OYfujS2ZU0h9QUyNgi5pLQYeGL5muM	2026-10-08T05:05:46Z
SRR5946749	2	883935346	15f8846b15a7d60433030c828e2c6c8b	4ef2924eb0f54ef60d53edc82bc1f1079308ccb0e8a0adae31e92d0bc4f609aa	aws-kraken2/data/cohort/SRR5946749_2.fastq.gz	L5F.DPlp6H8kxUqJbq4OSS2nhs4f9YgR	2026-10-08T05:07:12Z
SRR5946751	1	498639201	11675560fe35026905997b2084560dfd	5726834f812d813ba3a3e47c2cb37b49490c4d7506d1c8c4aa77bb89c1d17362	aws-kraken2/data/cohort/SRR5946751_1.fastq.gz	vG_gXEd_L6Jp8xAg8hgnMqitI74w8oVE	2026-10-08T05:03:21Z
SRR5946751	2	511474338	af4c12547bcc242631f93a59309ce4c4	f55ac6cded24bb9a33ba4ae47ceac9e9c8076064a8c3e71b875771ff2106250d	aws-kraken2/data/cohort/SRR5946751_2.fastq.gz	hEBT3sOmZh8yD7BiIADpNlt9VMkmE1Xi	2026-10-08T05:03:36Z
SRR5946757	1	802022427	eafb6536d93206d1a7a5077251c13764	d877f7f1e8ac3e2aa8aafdf205b715544173ccfdbf843ad1db78acc5b1f36c82	aws-kraken2/data/cohort/SRR5946757_1.fastq.gz	KJ6A9iha0lVgoFGiTOuxqyGH8HPVe3Of	2026-10-08T05:07:24Z
SRR5946757	2	811968370	d5dfe78d70b8e75a2b0bde70fc458cb3	a40164ed6e3a495d283f7871ae9cb5d160840755c7dedf56d69d942fc0da4117	aws-kraken2/data/cohort/SRR5946757_2.fastq.gz	eVmEaKu7rO67uEQkpohTxW6Bno12pIDT	2026-10-08T05:07:28Z
SRR5946759	1	615292157	02396f0a67a69f6abb4043b05ca74faa	eaf1c589052b720e989ffa34133c12f7f04e13d1115a738f2728cd5ec682e70f	aws-kraken2/data/cohort/SRR5946759_1.fastq.gz	OXcg8UjC0NlbZi4IUPvrT76OqdTweNNp	2026-10-08T05:04:35Z
SRR5946759	2	605717730	f6d404172cdd9970bbe6edc6aae2c450	253251b0566eecc2dcdb9b963dac27ce472e2d7487755cb705abe1ff9c62fe13	aws-kraken2/data/cohort/SRR5946759_2.fastq.gz	AjdPY98FIjlv4ZvvFYko9BW_WZrLeChe	2026-10-08T05:04:41Z
SRR5946765	1	700158908	0a557b39ac949494bda959c0ac38b1ec	c381abce45f0740dbb09a8b1b50fe680cacb3c26b99c69ef98b9e03e2c679613	aws-kraken2/data/cohort/SRR5946765_1.fastq.gz	TR3xBRQc8cOgnpKYQJIgtD7YM8.jBs7Y	2026-10-08T05:07:57Z
SRR5946765	2	709159474	dbae2e66f37e85b10c06a0de08114f7e	cb3be3fb04edc29690f46ba3bc6560351b1c3b47b4d58e6b25622e58d12371a6	aws-kraken2/data/cohort/SRR5946765_2.fastq.gz	F3gxB2kouyt0NOqsZOwUTGUusBU4F1nG	2026-10-08T05:08:02Z
SRR5946767	1	318501382	a13417ffde58d8378c19aa709941f13d	0a5969f429454d9cd3a435fc31b82b75a6109b3c7c8a893e2ad269d236aaa893	aws-kraken2/data/cohort/SRR5946767_1.fastq.gz	BU.FRo6CLRXlo78a2_7nOnm4jeCM7yCG	2026-10-08T05:04:14Z
SRR5946767	2	315660219	87f3ed87bb245b0f81cf9a0a796e1925	a6be3298e3b61b56bd91b6ba50a26ceecbafb1c6d8266c71e975d6e4a2ed876f	aws-kraken2/data/cohort/SRR5946767_2.fastq.gz	95cHQ.o1iQVyWrYrPy1wu_wNQKE7sJ_P	2026-10-08T05:04:35Z
SRR5946773	1	35450002	d1fce2897387e42bd94cd706f3e07e86	5e1a3d1a0c1c0b2eb788616d34adc3db066bc7f437278e5a48643f76086d44d1	aws-kraken2/data/cohort/SRR5946773_1.fastq.gz	o7Gh3IGXgVJvaoo6Y.YXZ6XoNz00WGRQ	2026-10-08T05:05:58Z
SRR5946773	2	35275713	e49027562a070d39e0017e1165acc6c2	f25bf2ff8fc95ed513a6058c95c778e1f592afc2e3f1041d56ca9b105939a848	aws-kraken2/data/cohort/SRR5946773_2.fastq.gz	zXd6gCuWQmOeDV2V17_96egvwVfwtjym	2026-10-08T05:06:12Z
SRR5946775	1	339098671	883db2e22a181879ccec0967df971b12	86ffaf161173a7753670713f9573278e0f78e90d1504d9a2245df5b5f231183b	aws-kraken2/data/cohort/SRR5946775_1.fastq.gz	43ba25dhm1S_6OIe76NcDG2hpBwwtjb5	2026-10-08T05:05:08Z
SRR5946775	2	340936088	d20fe0cde455abac6ecbd52996b52a31	923f0eb1806d121d65863045e3e4ec884f05530936c7b1a6726a3f93cc81033b	aws-kraken2/data/cohort/SRR5946775_2.fastq.gz	TaJCXS8UXK4lR0h7T_y7kDAad9c1BoCU	2026-10-08T05:05:05Z
SRR5946781	1	156213043	d8767d10abf356bb71ce9ad21f125eae	007f279f9aca314547aa4d4fc77af854370ef52ca2acf6d6ec8f8502355c7f49	aws-kraken2/data/cohort/SRR5946781_1.fastq.gz	zup5JLpyG.HVaVolHcB04vlyPXBy7Lvq	2026-10-08T05:07:53Z
SRR5946781	2	166110160	cb56a3fa26c1b536ba59e85ef9b728da	a1d5bee6ba9b63e768496d712f00b18cffc3708e67cdc8f906637876ad7fa47c	aws-kraken2/data/cohort/SRR5946781_2.fastq.gz	8eHAIV9Hp4EyWpvB_wT_zlTW9tyJHghR	2026-10-08T05:08:08Z
SRR5946783	1	464276232	6bf52576942a3a511179adad4e52fc74	29b7cf4112e6d9c6ecbe7c26be902b66a09f9839cee7931322f08e1baa1d796a	aws-kraken2/data/cohort/SRR5946783_1.fastq.gz	02ZK3whoRkNyrmjFliLJWZE3cq29ABwh	2026-10-08T05:06:09Z
SRR5946783	2	472857692	ba0dfb03792de12258cda184936df8ec	26a35a3c20ae89156a5df232c28a237daf875caaa61dff74192d1e5f69e4de18	aws-kraken2/data/cohort/SRR5946783_2.fastq.gz	2AbiHVMxNafBnZHJNy1appuAQ45Ej4zJ	2026-10-08T05:06:34Z
SRR5946789	1	542085084	628a2863dd28c84bf188d650eb5da171	0bb16e31817d6b04f7bb616ef104d4fbc78552baaec240db6e8add123ae30eee	aws-kraken2/data/cohort/SRR5946789_1.fastq.gz	pBeXnrzHBDiHQ7fw8byb6nmNJVn6IRfh	2026-10-08T05:09:36Z
SRR5946789	2	534673521	0db85ff5f6fef9fe5ff01c3f730e7de1	7c431cf141948aae2b6193db775a9ecbc7dd1678f7c0cf9fcc5bb16d415b6e0f	aws-kraken2/data/cohort/SRR5946789_2.fastq.gz	XnnkjtrqDCbs3HEXkGIxZwqUf3cR8bDT	2026-10-08T05:09:45Z
SRR5946791	1	821660516	970263033b98fecde591a59a93eee829	8216ce6f174f30abe9805c1a24953bf35f466e8e4c540522ef0cb9813a2c7477	aws-kraken2/data/cohort/SRR5946791_1.fastq.gz	PNMKJCEvB2.2JYbQ3bwWxLwpxp9UlYTp	2026-10-08T05:08:06Z
SRR5946791	2	809073822	ad87fc6cb78e438f71fa957a3e895782	292fcf505e1505b772d620a66332099ccd225c8befab25b50f38c500a3ee11b1	aws-kraken2/data/cohort/SRR5946791_2.fastq.gz	sFttOTQdLYvtSTXnP1zAKK7HKNsTqjJt	2026-10-08T05:09:01Z
SRR5946797	1	123370687	11f09871cb7b476548ef10f212aa3fa4	7e771891e22c59e14266a7ef26b29304db7e43dbd0e494e94c416dcc2d36a9a9	aws-kraken2/data/cohort/SRR5946797_1.fastq.gz	Zm3JK2qyb3qAUFHrhqVNUUo9ae3yLT9p	2026-10-08T05:08:25Z
SRR5946797	2	126551625	86cfa77fabd83dfc7318b5bac8ca0040	cc3d999a156e92b6a70cf214179acf76987b74884031660244613247497f7d4e	aws-kraken2/data/cohort/SRR5946797_2.fastq.gz	jVCNvuFuY2kA2QZzknKU5nRXWSDSOWG1	2026-10-08T05:08:37Z
SRR5946799	1	21245276	a53e642531c9074a276e76724ad8691e	5d3fd30d466d7bd421a323d27ab84efa8f55cc3de984dfe62c6b043d9d33783f	aws-kraken2/data/cohort/SRR5946799_1.fastq.gz	nMon3xBUGVjikKDjUn1MbbqXfPlGZk3y	2026-10-08T05:05:13Z
SRR5946799	2	21208080	e6e8c1e0fa65a1777600a2f274aad11a	20752a03cfc33675bf35987f09c10f4b79f264dbe9a7c4c8db775c0924f113c6	aws-kraken2/data/cohort/SRR5946799_2.fastq.gz	._.cwCUhe9CAJcSgcGzrXDEJ3ZQUFzza	2026-10-08T05:05:17Z
SRR5946805	1	506446886	3b50ba8dba0bf0680e7fa45c6ab08f7e	0300b63f3d1517666775228cd7c543938539f3cfb73e5bcf5e8e5b2d4cafcc8c	aws-kraken2/data/cohort/SRR5946805_1.fastq.gz	Z_GUjG6fL91nQYz56pUwRXwMY2sn7SRS	2026-10-08T05:10:32Z
SRR5946805	2	511324898	84799931300f7b9bd3221a5e10b3df83	c50210d7669bbe792a08cfa34820632d93c2833aee3455e6e3aefb112771d3e3	aws-kraken2/data/cohort/SRR5946805_2.fastq.gz	ddwmACdzfInKD0ACjCjMbpuK__TkEpnc	2026-10-08T05:10:52Z
SRR5946807	1	520521768	d1172f1393daf23ff09eba17ac2dfe9c	c3a127965705d9eebb9d6ae21f7aed92fcc501c3ad3b66f9b13f0a6ac068fbfe	aws-kraken2/data/cohort/SRR5946807_1.fastq.gz	BfG2QiUtti2WPkCRhJeUbhQDs80isKAs	2026-10-08T05:07:13Z
SRR5946807	2	526266870	f3184db90999b16cad27fbc31e0aec55	bbf79fd3ca689e6c3b4396a0b047d926f0d480caef9ac01ee4f48b645b1a7809	aws-kraken2/data/cohort/SRR5946807_2.fastq.gz	00IEDiyL_bldc4gxZ7xyYTG8DP2QW_9I	2026-10-08T05:07:24Z
SRR5946813	1	534700199	7b39b13239ecea5557d3b9883670f50d	90126cd55339107d55a86ca2293de974335b748f1ca4628741da5983b2178db3	aws-kraken2/data/cohort/SRR5946813_1.fastq.gz	smt1gYhmm_sdjQaoQcGNb19ORWHvMLW2	2026-10-08T05:10:29Z
SRR5946813	2	547850256	bd1c010a2d226af24c4b2741899097bf	8c883e8519fdd57e3136b0790f24ffc720eabf5ace7796475e17f4aafacbb110	aws-kraken2/data/cohort/SRR5946813_2.fastq.gz	OKhFG1EHoqrbsXaV2O_rBjChPp2aIKTn	2026-10-08T05:11:22Z
SRR5946815	1	861630277	a2acb504eb192bb2e4bc8b1b9ac5542a	24c6ce34c079d11d9fec031616f36052349d983eff120cca1a0702242bff854e	aws-kraken2/data/cohort/SRR5946815_1.fastq.gz	LGbD51FKrFbxPFUe9wp9R5xmo3.sZlwL	2026-10-08T05:09:44Z
SRR5946815	2	857180324	0dd833242fdfb6f0ff582fb85aff283f	ed8e9e449e503864d654182d5d66b2cc9e687428b29815153a7502c7acd02c62	aws-kraken2/data/cohort/SRR5946815_2.fastq.gz	mIKZXOKjEAU3Wwh7Mm6cI0bNRCwlriQu	2026-10-08T05:10:08Z
SRR5946821	1	337032840	64691c185b64d353bc554d2ad16d30ac	ef5b19f0aeade044c639cfc5e4ede5cb961371f950dd0008af063133fee5d7f9	aws-kraken2/data/cohort/SRR5946821_1.fastq.gz	X_yOVG0lIHl6ZHKneSGL3L57L6fvpqwl	2026-10-08T05:11:07Z
SRR5946821	2	338806504	ac5727bd1350d116420754202bb6c5a8	f32d239c227ceaa535364abbac20004d8df14f6b8397b8d98c9db672a60f2551	aws-kraken2/data/cohort/SRR5946821_2.fastq.gz	UVA8McXJeCdOih78dMKg9JpF6kErTh3l	2026-10-08T05:11:12Z
SRR5946823	1	704941830	e39a92a5f929b778f55439640c5bebfc	7f96a150ded15e0c8103eee21e6f3f6a3eeaa2e5c5f789c53d53e1bbffdc62bb	aws-kraken2/data/cohort/SRR5946823_1.fastq.gz	9wYQRlCYYunxPBXyzlq4ODJEmhS_Iekl	2026-10-08T05:09:53Z
SRR5946823	2	702703863	5de6fce5dcc57855191d17e3d0b1b7d2	9346d02780af5258fc2ba43ee6984285c783e20cf073dec25288bfa19d3c8942	aws-kraken2/data/cohort/SRR5946823_2.fastq.gz	6.7_SIcTnpgZx9M8wnXui6Vlc5O4VA4R	2026-10-08T05:10:15Z
SRR5946829	1	544001570	a98b9aa189218e0409956abcbed5ef16	190a227d0deb98bdca5239451d925d7e1f369d2aaa4e053198f6d325a248e645	aws-kraken2/data/cohort/SRR5946829_1.fastq.gz	u19TsE5zScOw_rJNRKdS4zehSA1_lsXo	2026-10-08T05:12:42Z
SRR5946829	2	551140950	e7cd2301391a0e5dc0c842daa869f6d7	183a5f69a38407c3e7465c8f027d30eb3243eea730c484a33ed4a525a3c717fb	aws-kraken2/data/cohort/SRR5946829_2.fastq.gz	rRjtxlgvcS9sAQdo8Y0Hjyji40f9WPCa	2026-10-08T05:12:48Z
SRR5946831	1	665819471	24a00a4b4c91d3ab375568f3dd551ce0	d52f42f0a82fb9f6c3ca778077d12394b49b95f97a733d4eec6a0f122f644010	aws-kraken2/data/cohort/SRR5946831_1.fastq.gz	gxdvlzsIXPjNqq9SOkmb_IyM_IJgrsZ4	2026-10-08T05:10:56Z
SRR5946831	2	660843356	16a32687531680ee60b77c52ee26919e	187d4b236be90b17d5ac987806a2f5139955875c7dbdff3bc9d1d41cd382d1b9	aws-kraken2/data/cohort/SRR5946831_2.fastq.gz	qQgy_985rhGJCRhL4yLWI6dBGFrO1j3J	2026-10-08T05:11:40Z
SRR5946837	1	158368	e9c540fd95ae3f569c7f7457b57c9899	8a840a7b62cef57c01e0a5fda10d2f6688f144a1cf7b821de5522977bd92e9f0	aws-kraken2/data/cohort/SRR5946837_1.fastq.gz	.wL_qeV7pcT6HYkTqAikq7w0KK9ZLpcO	2026-10-08T05:10:54Z
SRR5946837	2	163278	2617b4ba0cb3deae3da62bc17a5f95fe	9f5e1e793049d018276b762dd32a0ab10a2bd55fb8cd61a342c6d341947dbf8c	aws-kraken2/data/cohort/SRR5946837_2.fastq.gz	LGw__UlO3v8G2be.BmRqVCNjQ7zhfkNa	2026-10-08T05:10:56Z
SRR5946839	1	647506633	c749039115b2bf146d8db3bd84276af3	f8cb35baf8b5e780787ae2f687c9acd248ac2e3e69043eac0bd45f3ec704b503	aws-kraken2/data/cohort/SRR5946839_1.fastq.gz	lrSRWRX3abtYhp_sEtV4XHb1B3O5f0df	2026-10-08T05:12:20Z
SRR5946839	2	657488498	72375b54dc66058caaab5081bea9df09	0721641597b52ba954ac11d0d7d617e6208a834bfed990351131a08bdb94c36f	aws-kraken2/data/cohort/SRR5946839_2.fastq.gz	JEhB78Ws_Z0gt4Lmo5hA056U_ft8c1sp	2026-10-08T05:12:32Z
SRR5946845	1	366656080	421a9d519682c4c0c266f7c26b26f88f	f4b7d72a56a956c727fab25a1c8cfafe3f45d5ad1bd26f692b05f4a714facb88	aws-kraken2/data/cohort/SRR5946845_1.fastq.gz	.Uwti3uquAQrNHfGeXdjXQTnRODpmxDG	2026-10-08T05:12:38Z
SRR5946845	2	378222841	dd52069a6b220f02a4236f30b605db83	615f59c3cf6c63a5910fff8efab8468cd406193a41e303d6a9f0b119b6ee3b62	aws-kraken2/data/cohort/SRR5946845_2.fastq.gz	xV2XdMEOPIcW3wcErcNLb0K9Lv1HMAO.	2026-10-08T05:13:04Z
SRR5946847	1	935765987	66d92d892001a289e913b31c606fe3a1	9a98e363a631436bb61375e2cf2be57e4166f701c0c6474540ae112f6483fed9	aws-kraken2/data/cohort/SRR5946847_1.fastq.gz	evp075ZfyYNIKpBW7Zb0qwrYEzHo.Ddt	2026-10-08T05:14:05Z
SRR5946847	2	935511501	e0f4d57d97f8020c1870bc5c9cabea97	90144b92e8462269695f87dd865dd578e4d355c47594a9085934f78ad64695ed	aws-kraken2/data/cohort/SRR5946847_2.fastq.gz	K8JwYXld07HarXGlaAkH8BeA1ADsb4Mx	2026-10-08T05:13:43Z
SRR5946853	1	367918851	750327c6914396957ea7c02b2caf32e7	b8354f5b64107a76dcc8a5bdb08d1d317791c68edfaf6a8c478b346b8654974e	aws-kraken2/data/cohort/SRR5946853_1.fastq.gz	tktYweqwLXUhxCCSvWLBJkryD9qDA1yE	2026-10-08T05:12:44Z
SRR5946853	2	360764721	b924d29a7c7d0579d620736e6f3e7726	6d896493932a2e8aefe7c3d1ec549444f215781fdb4ab32037d2e88d660bdcbd	aws-kraken2/data/cohort/SRR5946853_2.fastq.gz	EzG5Yj9OsmOsB1qdW_LoSFtdf3jOIm3S	2026-10-08T05:12:57Z
SRR5946855	1	75921115	adc0d500ce4dce258024c2ca4a66a6a3	0dc243e71bb3d9e65233e21e1d2c562de250442adfb8458c5cab378c9fe226b0	aws-kraken2/data/cohort/SRR5946855_1.fastq.gz	u4sJdx5kUI_Jy6A.F6llaaw.XSWXAExj	2026-10-08T05:11:20Z
SRR5946855	2	76793049	d0bd35b201e53e0fc401b10f394acdd2	41f0637d02b9b2ae808286ea02bf7cba1647fe7813fbe35e29b61ed1374cbc43	aws-kraken2/data/cohort/SRR5946855_2.fastq.gz	GHDlxGvGNpsMbckA3GdTYukOg19z7qyc	2026-10-08T05:11:47Z
SRR5946861	1	545402328	345aa9ec629915e0e0a0aae1487ac0b5	777f08b07ec747111bc4a4b0c5e62e564a3121f1ab6fa76f6017e9cd3c841c5f	aws-kraken2/data/cohort/SRR5946861_1.fastq.gz	R65nhm2ny6a9qgynUQ7NX1XiRozrLNAR	2026-10-08T05:14:45Z
SRR5946861	2	551809559	3695c06094370cb8a340ae4a74691eb2	49528a32bcc92c493465081938e668850395ded1fa0e663c67ab33750999f944	aws-kraken2/data/cohort/SRR5946861_2.fastq.gz	lJMAx4jP50EnDRJUBFh5abi9NyXlEbBI	2026-10-08T05:15:06Z
SRR5946863	1	553995807	e63685939e36226d29f43517bd8433a5	bb9cb2e90f21bb3013aaef45e34c5fd2c223d4acac6af09b4a8fe299d38ee878	aws-kraken2/data/cohort/SRR5946863_1.fastq.gz	_csENuH1bwu9orsosKL2Du7uuVnhees1	2026-10-08T05:13:47Z
SRR5946863	2	560392630	4350ba5c76ee594ce1a06df94c0f3d59	5f8dfc11b3c70778fab3cdad500a7db86fc018a6d37da879d6625d14fd7de659	aws-kraken2/data/cohort/SRR5946863_2.fastq.gz	7Tmlj5600YlYiFqlylXBHQ5RqVaPyTQx	2026-10-08T05:14:13Z
SRR5946869	1	357125611	d018c0662d4f4e37c13b98eec48a51b7	f12702dfc142cfbbf3472163ddb4e96e45f6f3a0793fc56506a239ddec3b80ba	aws-kraken2/data/cohort/SRR5946869_1.fastq.gz	vVFPST9kemWoz.prxXmWV9nCuC7.8p09	2026-10-08T05:14:12Z
SRR5946869	2	361604700	4f6dce9f54fa1be24b99cc2f0ece2166	fa1b9ab642e9dce82c65bb9c5f36068e77339cbb5f933ea5ebc6e066cf769a9f	aws-kraken2/data/cohort/SRR5946869_2.fastq.gz	Zl69B0ZKqTrf59ukZTMHs0f3SUsXJqYm	2026-10-08T05:14:22Z
SRR5946871	1	508433228	6b85b783827702741463ff825bfea1d4	1bbebd4bf19a7b11080793145f84597bb1cd25251bb050d53db98dfa61890243	aws-kraken2/data/cohort/SRR5946871_1.fastq.gz	MGuHjAhg5RRkYB3Mxr8813uAmLSisu05	2026-10-08T05:14:17Z
SRR5946871	2	527531772	d0d9d4e3c33a7519c92f578073189300	2d1ae55596ae4c893b5f604ac97c67914ea3f30cf9602d429be3a41e5fecec32	aws-kraken2/data/cohort/SRR5946871_2.fastq.gz	ctn3i1hCsPMqAd_0fS2lbDgAXo8CCGQU	2026-10-08T05:14:46Z
SRR5946877	1	481916954	7d84162cfbce53622ffb41ba102ff3dc	977af8a05be8fc30fa20140d4e043600c9d775d060f45e85a72477fb9313250d	aws-kraken2/data/cohort/SRR5946877_1.fastq.gz	3kULG.uVtXRoC4zIETvRveMd0Of.Zmcu	2026-10-08T05:15:14Z
SRR5946877	2	482053625	49c10953a2793704edf8b8a6de7ebb14	f150f5f9a3dc57723183935b8f01b955d97e2517f48857ea298cf7e5e8136c0f	aws-kraken2/data/cohort/SRR5946877_2.fastq.gz	tuXzvIGjFZ2ga3NGi_0RwxGiOsoqf5j9	2026-10-08T05:15:02Z
SRR5946879	1	735572415	c7ab1ce504e6abc5a9eb2ad1c9744d3f	c7d4e16935f60996ed93752f95a818f2ee86697fd2debce438d89be68d5e4b0d	aws-kraken2/data/cohort/SRR5946879_1.fastq.gz	7GI9PxLn0aI9aXrTTg4Vd.WrFwMDxM1N	2026-10-08T05:17:08Z
SRR5946879	2	736440653	82f3fc6da9acb88b81be3d084124ed40	46ad61b4a0feba6625151999287123c3ba1a6293dacb1a6771f212efb61f8234	aws-kraken2/data/cohort/SRR5946879_2.fastq.gz	HYnBafSSFukpKuSwaWM.wO0N8xI0J0Tu	2026-10-08T05:17:19Z
SRR5946885	1	586241240	580aef67f3118e1a5ec26aa1f0cbb443	222c53586455509a2fa382b4bc8ee96c3bc76a534b87ac81e4898eeac3bd26a7	aws-kraken2/data/cohort/SRR5946885_1.fastq.gz	pLbJhmk7Oew9vTBG0sAKMrPMDViB9Ifb	2026-10-08T05:16:44Z
SRR5946885	2	600341615	b790deae785910faee4205546b91744e	38f3127b3895d751e149910dcaaefa2eb4b4c47355bdb90b1f4cef3094b4d233	aws-kraken2/data/cohort/SRR5946885_2.fastq.gz	Bwtm1tZZ8Jsox6KmoFiF6ULbnAM6pzl0	2026-10-08T05:16:48Z
SRR5946887	1	736589247	83fd8800a1b36407d321a25aa19d39cf	3dfe4ae1dcf4914f0cd00fa0655138797ee907039dc6a301fb345217330a1e00	aws-kraken2/data/cohort/SRR5946887_1.fastq.gz	1VMO2odKuJEYSO6UqfZg4KpQywegB8KT	2026-10-08T05:16:54Z
SRR5946887	2	742946189	17c147846e08eb684dd46433c5a07d15	0c5e3ee025e2fa41a6fcf0eb5b18009b079ad8f0424b84838f119eaf65db8541	aws-kraken2/data/cohort/SRR5946887_2.fastq.gz	wEoXh2r0c12fnGAtJ0kXq9h6jA2cLE6r	2026-10-08T05:17:02Z
SRR5946893	1	925177816	87cd433e0a319f4ed8d1694757130619	f01b7a3f0164c837bea4d31ddc502df9da7bda85448e85f4b7c99030afea0124	aws-kraken2/data/cohort/SRR5946893_1.fastq.gz	jgX9fuat_TMRGRqe9nSdh.HoWIVu_Hoe	2026-10-08T05:19:02Z
SRR5946893	2	948744299	04956034f38cabd48137476549285850	345452d5ae73a2f123e1572df4c0931c38db59d4993eb394f07c9fff1b39810d	aws-kraken2/data/cohort/SRR5946893_2.fastq.gz	3Ion2.a5m5MrSfeNjfmfOQCEH2W6x54f	2026-10-08T05:18:52Z
SRR5946895	1	447451950	8a4de6ccb14153b480d855e8ceb575ec	43890af7272609d6c33ab6dd3267bf00cfc80b2a49b178084234ecd90b37bd84	aws-kraken2/data/cohort/SRR5946895_1.fastq.gz	laIQs7Z3iUgtAMSukPkDh.PGfcApPOHg	2026-10-08T05:16:05Z
SRR5946895	2	464954701	68a8861de81921fdd6e48dbe3581ea8a	5229a4f518653da73b031c08a726a2ce6bd8ada861ba9d44418c409f120c1c10	aws-kraken2/data/cohort/SRR5946895_2.fastq.gz	kYp3vSIq8EVZy_c2DkJbWXpgWloPfqEM	2026-10-08T05:16:47Z
SRR5946901	1	378731343	bfc540964fd06799676dca4ea6a70d62	b3ee7c30cc62777a781882f693b5af1658a46fa61e88ae556abe0669b018c787	aws-kraken2/data/cohort/SRR5946901_1.fastq.gz	P6x5eIyZp7v65OBoaJ5wxUjjyrQfruOJ	2026-10-08T05:16:50Z
SRR5946901	2	380668213	6b450274ebc6b832150e575eb4d97ec2	d764b57fb6b7fb1fcf13c717a96af7a9bb1ca54bd4ca55c2d969e38cafcbb45a	aws-kraken2/data/cohort/SRR5946901_2.fastq.gz	8QUAj81tNhS9IOUDis8R_DBZnT9Vh2UK	2026-10-08T05:16:39Z
SRR5946903	1	714807158	775b1aa023d2a88c25b0a3d728a4acbe	353ece542ed34d4addbf90cbc6d5b9b009eb11d8c7bc3d5d493a0a9e97d170c7	aws-kraken2/data/cohort/SRR5946903_1.fastq.gz	JdPiKXUQOmpM2APkFI9oR48dKL5NiBnx	2026-10-08T05:19:03Z
SRR5946903	2	707913830	b5ed19302c87d35d8d804b7a2b7db77e	74c3fbc11329e3cfa9d4abf7c59d3193d9f7e38311fc36f24fb6f1f5bf53647a	aws-kraken2/data/cohort/SRR5946903_2.fastq.gz	xIghs9yjXzRb0kfgdPBejJpPjWI5PbRx	2026-10-08T05:19:48Z
SRR5946909	1	512027970	b1c86cfb2b55b00e01e6b238567c6028	7ca2c0d2ef21f3c5c7bec58ddc25a59ea5dd3a5d0adfc91bda07a4cff7441140	aws-kraken2/data/cohort/SRR5946909_1.fastq.gz	M7kzREwEHm36lwHIcXeDLUJJk9rtdmbb	2026-10-08T05:18:56Z
SRR5946909	2	510905776	f80335f11897cd58bfe99f6ab78e3280	d46e3ca96e0246f1e787f9b573a93b76dd7da5a8d428cbede76fa970cfc23983	aws-kraken2/data/cohort/SRR5946909_2.fastq.gz	HrgusPRD4KdRLJ3ree2E6on21wydoG.j	2026-10-08T05:18:58Z
SRR5946911	1	653059327	bdc5649f8c283b06f8ebf0d0bc536c59	da1f4f073292bcb46a97662f20a655b625a2ad425c485912b9393f95a630d882	aws-kraken2/data/cohort/SRR5946911_1.fastq.gz	AsovNvJORMl1vi3d4Rd.UwStHY7yISVI	2026-10-08T05:19:30Z
SRR5946911	2	656492973	4948b48b24f1e83bc8cd71ea00909874	bb500334db57e7f9264957594c9e92e7f036cf41b93c4e0e3379c7c93b6fac03	aws-kraken2/data/cohort/SRR5946911_2.fastq.gz	mm2PXd1tBdkFRZ43o4ipncHjlr4IzWrx	2026-10-08T05:19:40Z
SRR5946917	1	49253680	c73947cfc207ec72ac5d0a336a782b87	55c93263da78b69f908364cffa3475904748ec6af51c265bc9f443e5a96951f8	aws-kraken2/data/cohort/SRR5946917_1.fastq.gz	KxRadWD7PdEO5KXmsH8uCEnhYzeU51Sa	2026-10-08T05:17:05Z
SRR5946917	2	48880505	6513c6a34129f7f6c5de3013b5c83707	042e7dec8c720e7a361f8acbcadbf7d7c5e2eab8693ca41fa341edbe81ee086d	aws-kraken2/data/cohort/SRR5946917_2.fastq.gz	tGoBWnx.2.DMPE116bAJ.IrePhFBW0KL	2026-10-08T05:17:06Z
SRR5946919	1	973054373	ccc58a31f0fe3db52bfec34db703de97	bb02ba19283a9196c1c376c8c236718749b17622e6e07366fefd4fa2a253e7a5	aws-kraken2/data/cohort/SRR5946919_1.fastq.gz	deaYS_dEj4fYXjB76i2nmUWvUv2svSQI	2026-10-08T05:20:48Z
SRR5946919	2	988786507	b25c9b0b44c9e316b1e83e9a37d5ea44	30b6a5fecad56718aca5556d05fee7cc4adc7077e1710ef864992c40542dc6d9	aws-kraken2/data/cohort/SRR5946919_2.fastq.gz	5UD.0YNsct8A5nWSkZbAVR.daqLkFoN9	2026-10-08T05:21:20Z
SRR5946925	1	734721531	7faa960da7dd70efbfa4aead66a58890	1a58e5f252467ca0ce36639370a9cdb16a5caa7ecc86ed2c611266486c5a694f	aws-kraken2/data/cohort/SRR5946925_1.fastq.gz	4ws3mlRF9p1GV5XEjGcxs2SCcZsRM0Cu	2026-10-08T05:20:32Z
SRR5946925	2	724873619	563f2c6cca9e616f03d8a4bc50f76734	7bc701280174ed575c9d7621d6c9a9744386c73db111ff45d67c41371c4d56cf	aws-kraken2/data/cohort/SRR5946925_2.fastq.gz	dKOVsbo.65W5lKJWXPbEL2jeoY3DDZ8d	2026-10-08T05:19:58Z
SRR5946927	1	478690178	70b9a7efad9753c224baa10cbe7adbad	0eaa4f80bb23a968ea0608ca870bf1fdc1b00db3237a6593b65e7fb6b626481e	aws-kraken2/data/cohort/SRR5946927_1.fastq.gz	RuiHxt2FAbrat5GvgQD7rGZoriMCUl29	2026-10-08T05:20:50Z
SRR5946927	2	481517118	b7eee5c7f141d5c518a6be7d046c60d6	1641293218bd65d9c2e93bb8a441c6bca12a19df1cdd8eebd5947750158930cf	aws-kraken2/data/cohort/SRR5946927_2.fastq.gz	FTberhMN1ZyjygaGqZC2GEvPL8aJybcm	2026-10-08T05:21:35Z
SRR5946933	1	608063059	421d2d67a6a6cc83291d8bcfd94fb1ce	953e2ffbc278f4ec0b9c418b324a3671eb6d97cf6379e3ea2389694ef14beff1	aws-kraken2/data/cohort/SRR5946933_1.fastq.gz	DZLfdGzvU7akcBEJuOrgzkewu5w3ssBr	2026-10-08T05:24:18Z
SRR5946933	2	609696418	10822693aff00e05ec3b5f1fb2c3c9ed	4ba05dc686025df70517caae8406aae75366207320e251da83d6e2726a03e8dc	aws-kraken2/data/cohort/SRR5946933_2.fastq.gz	TZ24HefEwMDPHkQc8wVWpKgwUS2KByto	2026-10-08T05:21:31Z
SRR5946935	1	492048618	e74062d5c6703a0530ea595610352b6e	84a23cabf72f86dd82d3401c61ce0b4d6723add889af2095b6ad040d4ef4de8c	aws-kraken2/data/cohort/SRR5946935_1.fastq.gz	ZNCiWGGtXafIhgKQK4AGfrTmaHl8k0tS	2026-10-08T05:21:48Z
SRR5946935	2	483141547	2d4e148e0d925d18665fbf42fbebc2a6	1f4ed554c841068b01b66ae7f09902bf45fee1ff5b3b8b307d50e60a8984a535	aws-kraken2/data/cohort/SRR5946935_2.fastq.gz	VIwTVj9Z661Fc.nwXr2QOcl21RIYoKeK	2026-10-08T05:22:40Z
SRR5946941	1	591392724	9c820e61dc377cb07dd079eece3abee7	197f767c97466dcc0b9f733f6c86ca73f8899f2eab998fe9f357b2d7d210b9e7	aws-kraken2/data/cohort/SRR5946941_1.fastq.gz	MbmqfydGW5URhnqH4IPB1LTF2jL8ULN8	2026-10-08T05:21:28Z
SRR5946941	2	613138797	05f53e20dbf0edcfd858f26783b6d039	49be5649f2a0de2be3a9659d96fe575fc6f2c6e785fbe01a33b6f42f5b8a6aea	aws-kraken2/data/cohort/SRR5946941_2.fastq.gz	wEmmf_4VcK33M5PkHhEGzPVlZE1lq5JI	2026-10-08T05:21:23Z
SRR5946943	1	675692276	078a9ac97de1a24ff2d61f2c297c2e28	339b4d29b1e232e5da8706958a057ad0418b0be04386b85a34041ec3b4c0ebea	aws-kraken2/data/cohort/SRR5946943_1.fastq.gz	iaoB8h2Y3KkxeoMknuGlk8jA417ymkOV	2026-10-08T05:23:27Z
SRR5946943	2	670463988	e4e00ffef16de2bbec91f3fd9c0c338e	2b5c98d53462d509843f80f08c3e1f8e7291f065ea4e6df6f617caa0942c724e	aws-kraken2/data/cohort/SRR5946943_2.fastq.gz	7JTPtALZ7IXc98g6sjnuuKrjNoxhug91	2026-10-08T05:23:37Z
SRR5946949	1	255519219	dbd40ae871dbf98aaf377b5ce5479048	e7ed3ffa7002d569e60f8f3e190449f99ab8074473711e410d98d7f4b64a93a9	aws-kraken2/data/cohort/SRR5946949_1.fastq.gz	.31.2rGp3cjiYYVOGzbWuoEtwuBzo4cE	2026-10-08T05:21:11Z
SRR5946949	2	254881849	8154b6f5ffa4bea33cbe29c328c1b6ff	6698290819d88e5116ab4f6b5b3de47430419acfee1bb88004510e96bd852e8c	aws-kraken2/data/cohort/SRR5946949_2.fastq.gz	s6h7wdYzQ0e2GxB8eC21bRUxlxMfGwpB	2026-10-08T05:21:36Z
SRR5946951	1	494112772	b5b401710b009806af97e0d5bfcf4297	911d23b5359fca3e3684d6dd30af9f3c8532d819bd712d4e29d70458871fd4b2	aws-kraken2/data/cohort/SRR5946951_1.fastq.gz	3nHvJ34psFJbFsTyp0N7Jhdasa4lLeBU	2026-10-08T05:23:30Z
SRR5946951	2	489266864	7ed3fbd2c62188aa15674347a47aec51	53f1a3b1ee77fb38d12a365d65920b1fc5f4f3015320ac6f08275fec2a589dfa	aws-kraken2/data/cohort/SRR5946951_2.fastq.gz	EnBoWUSY_kO7ZC_jyupnqdBOLQt6nLjh	2026-10-08T05:23:52Z
SRR5946957	1	323126879	bcce5c8911b8f47c3edca5ef5625761b	684eae8b440cd9daec1596c9a76fa9183d76839f2e8ddc058a7242a0773d09e6	aws-kraken2/data/cohort/SRR5946957_1.fastq.gz	BuZcsbX1tUb7hV8Is_I73TCBJQKJCwqK	2026-10-08T05:22:48Z
SRR5946957	2	323387015	d9a312405e14100539cb4b64a45060d9	6a23daa666916c41702eaf9c6a3eb86d47456e63450098a3ffe4caf4d287823b	aws-kraken2/data/cohort/SRR5946957_2.fastq.gz	iolcsKEbCrzqIw.CAhg0zR7DUaM_7wKZ	2026-10-08T05:22:52Z
SRR5946959	1	642829065	b6d2e5a515cc4535b857599e121b7358	68510c03530c53d91acb5016301e141883360abf44c26303f58b07a49c06b850	aws-kraken2/data/cohort/SRR5946959_1.fastq.gz	rS4NNKOCFVS1vjefoI24RLKG4YcGRo5I	2026-10-08T05:24:28Z
SRR5946959	2	645878138	7e76165368eab5fea89892d420ae61b4	9e32a29e4fc92c122d6b7a356a66a03b802ca2635d5af3132d007614d5abb27f	aws-kraken2/data/cohort/SRR5946959_2.fastq.gz	m3YgyY8C0XLuHupllKb.YJsehOSE02ep	2026-10-08T05:25:12Z
SRR5946965	1	407887518	e14096ef015941163a17e35f344bf342	51f13b6b06b57afcd0e4af47d75e60cd732373d6a3359b3905b730e18bf8112c	aws-kraken2/data/cohort/SRR5946965_1.fastq.gz	F87tgqYZwprnTny.S13Ije4Ou9ryhwk5	2026-10-08T05:23:08Z
SRR5946965	2	396822080	e73a681dec13933401e9a1431cb1e5da	59e8b2b0152b08de63656d2bef52d7a4be3696a89d364ff89e5671991910de33	aws-kraken2/data/cohort/SRR5946965_2.fastq.gz	eujK3ZRalxIyAW2G50yeweoA9k9cpT5F	2026-10-08T05:23:04Z
SRR5946967	1	310649240	808e61ec347c139245c28fede48c4db0	379bcde5792899c7a93f76e4a6ed141eba8df4edbd52f3ee9cb3f75b91fb532e	aws-kraken2/data/cohort/SRR5946967_1.fastq.gz	xx3PkrCld57rH9qABFii9hI4qd6fuNyH	2026-10-08T05:24:52Z
SRR5946967	2	314578973	bc2da870fc6e256a3259f9f75d8c302a	a135f66a766da7b004fbdf74e2e755243e20383977c55e5038b2d8daa0894cd2	aws-kraken2/data/cohort/SRR5946967_2.fastq.gz	LHYvJroP8._6g9uzlDMkhLo6gTAdEYu6	2026-10-08T05:24:49Z
SRR5946973	1	361946136	47cc1a9173341fc5e0ac8180e60a9d9b	ef01f58087315be68379e141fbfefa3e492adf3a94d4c4fa6c4ba167f5cae824	aws-kraken2/data/cohort/SRR5946973_1.fastq.gz	GjKaaHPQi2qivqHvxVPeuC_pCPRACkbc	2026-10-08T05:23:05Z
SRR5946973	2	363840937	498149dca53d12c45d88fbe16a2ab94b	55686dab18a1ee55eeaee1568de2fef1bdc20c52cdc23460a59d3415733589e3	aws-kraken2/data/cohort/SRR5946973_2.fastq.gz	JjwDG9sEqsD7SOahwYrPseup4omD_hfZ	2026-10-08T05:24:20Z
SRR5946975	1	1050238364	cb21e9aa4d106ed93298cae97192cdc7	0dc65db96742cc751b8eec3940ee792abf6e06e3779d44678d27631142c5631e	aws-kraken2/data/cohort/SRR5946975_1.fastq.gz	Q.pYO2ikoLr_E66JGzVtVukye5pR1jtZ	2026-10-08T05:27:51Z
SRR5946975	2	1112207543	4db473411e8af0e5f06606d7262b7980	7b04c7020fb1f8996090f7d6b3795996c8d03a903de88686f8b02a05da2c34df	aws-kraken2/data/cohort/SRR5946975_2.fastq.gz	PNaYhoCLRiyYyj8n1vctdbXbRi6NV3e8	2026-10-08T05:28:07Z
SRR5946981	1	743213430	bed9ed3f38d2f7b7ab926b43395f6a6a	17828babb9d7909f9ae92739ebab2571f55c9831dd0b17c678b575c575c077b6	aws-kraken2/data/cohort/SRR5946981_1.fastq.gz	mS60UWfIrsdHBhsgNyxv.bsqrpXvfc8o	2026-10-08T05:26:34Z
SRR5946981	2	750067120	c05c4d432c7a524e7c9aa16575231e12	97a7012383e9156435ee9ead8b968f824f2c540930aa0890b5c69a7924a53b17	aws-kraken2/data/cohort/SRR5946981_2.fastq.gz	IulTZoNPM5WoOslDCRmGHguy3dSTteO5	2026-10-08T05:26:40Z
SRR5946983	1	5926329	e629b231e9dac0b6ca18cb09a240bc22	d60c48ab7306b7fa98c18b285a131f241556640c66caacc94dafcd1cc3f694c0	aws-kraken2/data/cohort/SRR5946983_1.fastq.gz	OFCIipddO1bkinQvbxTLAV2Znsd_sDQZ	2026-10-08T05:24:32Z
SRR5946983	2	5730802	f300efefb974a68e8e1d7bfa71071854	7e65bdd05de2f73c1b03978031488be8dc73289f9289767d5501a637b216cf62	aws-kraken2/data/cohort/SRR5946983_2.fastq.gz	rGrJfaM8RDhGruuBW8gq8mpHaCGDXCjs	2026-10-08T05:24:35Z
SRR5946989	1	811137835	65278d72c67c77cdfad02a3c2e4ded6f	28b5b17b6c5f19597bc810e3ee8be7c9821c063605e21b79149258e2416090e7	aws-kraken2/data/cohort/SRR5946989_1.fastq.gz	Eu24Jegqah4OPMUCkPaYal43BdkWR4Vl	2026-10-08T05:26:41Z
SRR5946989	2	801264109	04a7af140ea547abc998b95b7fe6dfef	4fa901616dd86b63099dc14836a8b330e93212f5daa33a5677c91dd689e72063	aws-kraken2/data/cohort/SRR5946989_2.fastq.gz	iMx20yBYYhrREmH888NhJoYv7rfPVOjz	2026-10-08T05:26:18Z
SRR5946991	1	417056550	31e3c1fcbfc5e4ecdd91951254de309c	c67eb5954a1b4f7f03f6e9e79ffdcc289d33e52b62f51d43e9c258ed30114963	aws-kraken2/data/cohort/SRR5946991_1.fastq.gz	KpTTu9ZKYiCF8K3NZZJvJ36s_.DUTaFs	2026-10-08T05:26:25Z
SRR5946991	2	413074007	953976f847752960b54bbb9cdc15a49b	f29627d4546968d415184ce1d2337d7b9b57337e17ae4d5c7de781df5d3640c0	aws-kraken2/data/cohort/SRR5946991_2.fastq.gz	J6MZ5BNpqLW9tQEdSBZc9uNgU.EJMHhU	2026-10-08T05:26:27Z
SRR5946997	1	683608864	f93e39cbc0bdbb543b4594b5882adee0	752bb41a48080f43f8e3cb0b17a7f5f683d8f04ea9305db81fdf6beeb2c31857	aws-kraken2/data/cohort/SRR5946997_1.fastq.gz	zoONOJcGxqQb48l9rNZ3Dql8PSr4ypqp	2026-10-08T05:27:09Z
SRR5946997	2	681192487	e3ba68a559b64dd1f33544ae90db93e9	917747e3c0da932b24ea3e57f3bbf7af7ee1c1c866f4e0b6a595016f20f42d50	aws-kraken2/data/cohort/SRR5946997_2.fastq.gz	P9mv1V.csRAnJBXkGO.5mJfVNgUxk0WK	2026-10-08T05:26:52Z
SRR5946999	1	543150915	a2624a99c03c8a8cdb0f1b31b830c718	99281bad4043d8acf5a0e8b602637ceec9f84a0a9d5e1d1865d7a995dea89bd3	aws-kraken2/data/cohort/SRR5946999_1.fastq.gz	olwsTVpClVdxKLZKogC2R1TKGLS.K4gj	2026-10-08T05:27:23Z
SRR5946999	2	544897059	703e9afb3b9d1a14418005f00f414702	d4d773e22681d51e07b4ac0a39fb193e8e0c655df9aa49a4981ded5212880199	aws-kraken2/data/cohort/SRR5946999_2.fastq.gz	mPDrfH9n1h3r1_Btr7OPHy2J7uK5ybnH	2026-10-08T05:27:20Z
SRR5947005	1	578100167	666f166da8db5fcbc27136a01e48e9b3	14e91c28883e6354075dff3db1a76c6c68da049e653e4b41c3ca57f77384612d	aws-kraken2/data/cohort/SRR5947005_1.fastq.gz	rPFZkqQ7qZ5maXZmzN04hQolkdpMQCQ.	2026-10-08T05:29:43Z
SRR5947005	2	581465386	15434026bd2b91f7135783e96161f122	f00f61462626a5d7cf90238825004c18d5ded60617bb7627c3a9a9df08f6b742	aws-kraken2/data/cohort/SRR5947005_2.fastq.gz	EFGi7i5.XaaUlp7t0kfhCuCYhmZ7.NfH	2026-10-08T05:28:41Z
SRR5947007	1	748023885	6e34a99c89c2b0b2ae540b3eee3b29a6	277bb6c5888d476b24acf38db29737f8d3dbe8677ffd1cf6188099f8c48c269c	aws-kraken2/data/cohort/SRR5947007_1.fastq.gz	pWJfqCW7QvonNCJp19hbtELF9Q0sBDBi	2026-10-08T05:29:38Z
SRR5947007	2	746324786	ed3db054b3d9489942fe67f70f6511fa	89e8ec7ff4e2a3d6efd7febddd64777895608aa21878757c8d786bc62ad3896a	aws-kraken2/data/cohort/SRR5947007_2.fastq.gz	RK7kVPxiwOEA6o8qDPt8psRIxdnjuGif	2026-10-08T05:29:46Z
SRR5947013	1	639659681	f28a6e30defe47849fb651795ed89efd	f4a3110d249f254eb3f456eb25768c4d033a74042d6c92201ba9fc033a9a88ae	aws-kraken2/data/cohort/SRR5947013_1.fastq.gz	4kavLRcb4FyoYGg9ciBH8cYbvZ0sC0NH	2026-10-08T05:29:17Z
SRR5947013	2	658050082	5f76f995fe8586eb9ad13b80599ffd52	aa53740a887af998f2d35c2553364aec2eb51917cd83dc68b3d154856ca07eb8	aws-kraken2/data/cohort/SRR5947013_2.fastq.gz	8hrAhVcpWs8oSV4p66OPEkuZ09KqUV5G	2026-10-08T05:29:38Z
SRR5947015	1	774503394	e59f4796d63c85233d42fd0a220a07b7	533f018c810ae234b8a892ef6c187fd09f5c019293bb6ef49f04ec31faf7e588	aws-kraken2/data/cohort/SRR5947015_1.fastq.gz	dUKlxm7Kyc.TfJLtN1EXCN5bTVMVzXRe	2026-10-08T05:30:28Z
SRR5947015	2	770877691	ac7dd58767250fda858cb9bbc93a1191	20707da9054b2d55107e577ade59343d3adec4fffab4ff6023103a7834f7da42	aws-kraken2/data/cohort/SRR5947015_2.fastq.gz	scuumcT5PIIBcvW1TF6rY4vfCOJ2SwbG	2026-10-08T05:30:44Z
SRR5947021	1	548283780	d535162974dc930634a1e85ea16a612e	1e874edf7e0c6ead64f6eed92425b1ea2a26fe4a65cef9ea3a4cebc2e35f17e2	aws-kraken2/data/cohort/SRR5947021_1.fastq.gz	Xr3IsgCY3XJxzFOf9ob2pgeg_Xi3bfFm	2026-10-08T05:28:47Z
SRR5947021	2	545937718	c3b5a6577b213b07dd06fba1cd9af5b8	607ac7cbc5b701f12c18824713cbb9c700d1ea192c9c8da606ab24b84bb5b522	aws-kraken2/data/cohort/SRR5947021_2.fastq.gz	7lDl2jxY.IYuvex_I.KfqFBLAvU2_3UZ	2026-10-08T05:29:22Z
SRR5947023	1	463175013	9de3dab03881f1da8bc89ac52641741e	e8891f50fb93d6356425a5f4465436144c5afe23ba2dcc4b85b375b571ee06fd	aws-kraken2/data/cohort/SRR5947023_1.fastq.gz	t3knVBPaFJOMPONzMfOummuQeKD04M7T	2026-10-08T05:30:00Z
SRR5947023	2	472438722	2ac2b556c2ea344165a1c9b1e7f3b93a	961cf42da64282f31be75855917c62342311c5e2bffb0e7db47fea7ebefc85ec	aws-kraken2/data/cohort/SRR5947023_2.fastq.gz	t34tS7fqxppd24gR0cNATZs7WMETwRTl	2026-10-08T05:30:04Z
SRR5947029	1	642718942	684d39eb3ea9b6b95d2e41aad35f94ef	d68c891d1f9a660616929aa054c0b4c39e5e842a04b3b04023a1d7a5b22740c3	aws-kraken2/data/cohort/SRR5947029_1.fastq.gz	50vsVSfa1gY5Kmjt9RN4J6OaTDekI2C9	2026-10-08T05:31:57Z
SRR5947029	2	635873908	f80f774cffd605004acebac80ff15be3	12f9cb2f20620add470de7c9b530aca305ea1ceb126bb9ba3a852de81babfaa6	aws-kraken2/data/cohort/SRR5947029_2.fastq.gz	OU.HjB6lxEzPEdLV85CqUpcVpBYCCQxA	2026-10-08T05:31:24Z
SRR5947031	1	383962193	dd088c52222a2949ae4ce6c54964eba4	666b8f03188a4e290d846a80cc0d8291196f592ec24b1841f82ae99bb7ddd2f2	aws-kraken2/data/cohort/SRR5947031_1.fastq.gz	hPSJoHlUV82_AStWUOlrb0Z7bkGdwzSI	2026-10-08T05:31:32Z
SRR5947031	2	381765157	29b1bf59c7d3a4ac5decc26824732626	ae4dc47c9cda46d57eca07e079e5e86be065b1c618a0f1026190cc6412180d3e	aws-kraken2/data/cohort/SRR5947031_2.fastq.gz	fLcEziR0lx7iFpqz.HQSeSDJhuHI38cC	2026-10-08T05:31:23Z
SRR5947037	1	565184844	0831cd64f3ec7856f42961b1b8be067e	bb3f7ef98dde7738a2206f5d9dac0e0051a5b898ef786bbe68515173b8ddc6ed	aws-kraken2/data/cohort/SRR5947037_1.fastq.gz	wbI97QMbpACHr2e_kgURl8Z0y0a5PXgF	2026-10-08T05:31:33Z
SRR5947037	2	582138940	086b075eb641937110cfb8a6488fc923	2f55a6379fc456177f30b92add58794e761f4e3bc089e6326dfcf4cd3a67e26b	aws-kraken2/data/cohort/SRR5947037_2.fastq.gz	avtPV_1Y4_iANPZvq4CWK3NPR7hmRFao	2026-10-08T05:31:37Z
SRR5947039	1	650270850	58b624a7600b1ddaa663107307209a2b	00727c610e6f43a38392110e331e1d59d3d7e96e1819b9bc2310608038fd20b6	aws-kraken2/data/cohort/SRR5947039_1.fastq.gz	Ysa.SMbMiaHkFoh6uve8xDcAp_k6.NLC	2026-10-08T05:32:37Z
SRR5947039	2	658548641	3635f620e6971b4a21b9ff37b49f42f3	b083a3028795dd0be43249f0dd8e8e2ab0354450740173bfc5dccae09cd2fd96	aws-kraken2/data/cohort/SRR5947039_2.fastq.gz	__JDjX6AK1Ljg8JNff2D4.Ci.V5lqXa7	2026-10-08T05:32:47Z
SRR5947045	1	749279818	9a388d7b75de45fdb0d0fc4982fd93e3	1c7227fea4f894716c7f41aac39267174b251f7f180e7f51edfd5401134b6dd7	aws-kraken2/data/cohort/SRR5947045_1.fastq.gz	skya6Z343y.2RQPDcqEL9KSEq7589bQ9	2026-10-08T05:32:46Z
SRR5947045	2	751794794	cca7dad93bcae371f202fec1c8a55c5d	8b955ec60aee346ddc7fafd5f6e48bf81923c72ec10a654154254bc8977dc677	aws-kraken2/data/cohort/SRR5947045_2.fastq.gz	YhqDAJjN.x6MO92mOpcEmoF8N.rdk2Ps	2026-10-08T05:32:40Z
SRR5947047	1	123493175	348698efcbde2853c31dd32954d890eb	bc7d207a0701cb3e3ee088a0d486114de6f156be33e12a41f7b844fd623a9682	aws-kraken2/data/cohort/SRR5947047_1.fastq.gz	a32oh0ksm4QJsUMavqnRaTL3xZ.GnV14	2026-10-08T05:31:03Z
SRR5947047	2	120684066	61891ca506c543148c2b1ae35fc45f7b	a26b645323890458330542dac41e5d980ee5cd82c60cf3ebd8aa9c1fb12d1da0	aws-kraken2/data/cohort/SRR5947047_2.fastq.gz	tSo8bSDA49hPAhI9t8ncUJ3fUPdpXzAu	2026-10-08T05:31:20Z
SRR5947053	1	332147628	cd064f7a1acd8979c808730c3f0beedb	57096397ec79f3dd391cf42bea6eef237131da2c37df77bafe3f11b01a5ee0a2	aws-kraken2/data/cohort/SRR5947053_1.fastq.gz	7LMkyN7jksQdlZ5q8RJwVUt9ISF0epz5	2026-10-08T05:32:57Z
SRR5947053	2	334705219	21055ec5a87b9a27ff03bc5bb4db88a2	1527724f8f0306d0569b42cb026c573f003c0c5b654ed97e4f8b97aa29d66e22	aws-kraken2/data/cohort/SRR5947053_2.fastq.gz	gHmrI.uDWmUEsl3iWQgJm9VVpyfHSMMI	2026-10-08T05:32:56Z
SRR5947055	1	739325148	f2ad908626da50c57f05d77a66430161	26d21dd14dc0baef678ed3826f6cb88e115e968bc97813b9bda8a44408ab6ffd	aws-kraken2/data/cohort/SRR5947055_1.fastq.gz	4qCcNXPgAKKyWt36Rp4KyoBOrh.Heijv	2026-10-08T05:34:00Z
SRR5947055	2	740035293	fcfbf1ed419a5503de13b4605cfa2581	90a25da985e989267a97649343774bdaa7ab1501167e8dedb3e858f6f2578917	aws-kraken2/data/cohort/SRR5947055_2.fastq.gz	3PsVWx2YcBVOtfvVhDgZCUJT_rcnh1gK	2026-10-08T05:35:14Z
SRR5947061	1	464302050	ac960745845b9ed6c13084c7afb4b03e	c290142d20132a25d4eef545c577c02b68f15a38a27d3033d06d3ac2f2b9d4ae	aws-kraken2/data/cohort/SRR5947061_1.fastq.gz	4_mcZi8ueF4_qP712.BOAXR26ds70qJY	2026-10-08T05:34:03Z
SRR5947061	2	477676480	35c6905907c865d960c416905b17e84d	45e5dc810baa1bed25e5fd2965f85012a09b46c5864df178c122bda082fc4af9	aws-kraken2/data/cohort/SRR5947061_2.fastq.gz	fH9J78K5VVf.gMoFn1UxHgthW1eMfgqS	2026-10-08T05:33:49Z
SRR5947063	1	617994384	280a7683dd6106bf8c48c29aa4bf6e8c	e5c9251c225104f066c6406dec17c505fff29a03aece4981d0b8119f8d98ceda	aws-kraken2/data/cohort/SRR5947063_1.fastq.gz	CJAWVO70hl3FP2JPw2mtuz9LTniKCELv	2026-10-08T05:33:46Z
SRR5947063	2	614239933	0c09f48e915464a306acf8c10ad06dc1	c02357c64d7fd9bd1eccc4d114a03336ca8c27d7437bdaa659028f3d127d314d	aws-kraken2/data/cohort/SRR5947063_2.fastq.gz	D.RBlRqiNH.f9nQKkC8x1AYDiD0kkHXC	2026-10-08T05:33:54Z
SRR5947069	1	286692134	a56a711ad8138430fc755781423b62bd	9f67c52c501d4e01b93081b6e9bd59093daf4ac65f38dc9f8077d6eb0faeb645	aws-kraken2/data/cohort/SRR5947069_1.fastq.gz	CSGWYoIh75pEL4k2KUUcOxbdBEiktZpc	2026-10-08T05:33:52Z
SRR5947069	2	281524031	991100f0db627f5725c7eced4b9414ae	ce772f0b937bbcb12e51d57bcb05451843e8a86e9fc873ad1267ce4dced44d3c	aws-kraken2/data/cohort/SRR5947069_2.fastq.gz	bVkIAqTGoKpCpnF3sKc902X.g_DpuCOR	2026-10-08T05:34:23Z
SRR5947071	1	603186304	1f1cdff21ba54b225f1a3eb3cad65ccd	108ff16f2674245a880c9e3c9234dd5352977c31af98efe4b414d5b7bd00374a	aws-kraken2/data/cohort/SRR5947071_1.fastq.gz	WOjlGFqm3nReHeA4v6qMKHdB4U2T.A15	2026-10-08T05:35:00Z
SRR5947071	2	599637138	19ff36fab4ee84a1733ecc9fd5087d83	23a53e65c03af0a3afce0e3398e2837716545ef6cd24fe1583f7d27193d01f0c	aws-kraken2/data/cohort/SRR5947071_2.fastq.gz	OtCw4h6h1bh6RzIB5dF39tRqjHPn2y9.	2026-10-08T05:35:05Z
SRR5947077	1	511240924	74a783c4a0c40b735267f5ffbbc0f6bd	9eef7df2068bcfc283912e8ad5bde8f232bcdc033ec481a9cffd828b3f80c5d3	aws-kraken2/data/cohort/SRR5947077_1.fastq.gz	t_3ArRphqOxkJ9roP0LZlPnWlbiddn9M	2026-10-08T05:36:03Z
SRR5947077	2	516357253	afe6f5e0517a174ca6aba0abf3a8db34	1201d2f0e96c58784c6b3110c1650a4318a2ef086a09a810c6fd77772ea761b6	aws-kraken2/data/cohort/SRR5947077_2.fastq.gz	diSG5NvBskeIssYjZpEalGTfzw3Dec4H	2026-10-08T05:34:54Z
SRR5947079	1	471744923	f5363a96c20d15fe408c98ae1fac659c	91a6f4b1b1c99f8bfad8c9f09d68d5485c546be33d487b292fa61ca9f260d117	aws-kraken2/data/cohort/SRR5947079_1.fastq.gz	lB6bh.x_bVaBMGv7GlVBTzkO7jST58dH	2026-10-08T05:35:33Z
SRR5947079	2	485428027	469d146480a14000d790c4ef087e642d	b831c013936476ab92fbfcf88ec23d62c1228abd99b2bf19d051ce278b188159	aws-kraken2/data/cohort/SRR5947079_2.fastq.gz	buhHJ.YyYXeQ86C6KUjf29sebzT5zSGS	2026-10-08T05:35:47Z
SRR5947085	1	450255610	088633ece182681d7036e3c95e38b9fd	4c8b45e61a987a96035bdf04b573c7e69b92a07f0b295c07bfe3de40ba042322	aws-kraken2/data/cohort/SRR5947085_1.fastq.gz	4u3JmaxA9NVPFIhK4.B3BU5eokmvwGvu	2026-10-08T05:35:46Z
SRR5947085	2	445646524	4c18bedbac62315d3852f83f13a56426	984ed2ed1e9b99884b795bf927d14705825f2f9b31cc9aba5a3edd9afdfba80f	aws-kraken2/data/cohort/SRR5947085_2.fastq.gz	xoyhMyrUcyW3MrXdPVOncI7Vju5QAoWo	2026-10-08T05:35:48Z
SRR5947087	1	362521584	669e11d8279cbee8a2a9f4879d0bae6e	65c36ebee99909aeb841b66a7547d2aff73a102172989a2c2e23efedba66a99e	aws-kraken2/data/cohort/SRR5947087_1.fastq.gz	PO_yi7.jXegX_s8eER3077c.KJ92Iuz8	2026-10-08T05:35:44Z
SRR5947087	2	363488319	62a4ba39321d44fc0b3142c5c5d4e6fb	32cee27f792c91480aac8e4308393248d37763117b2fd67d3c13bd33044a5f99	aws-kraken2/data/cohort/SRR5947087_2.fastq.gz	dhXU.1lipJjQBZv8Tqd4ylEacBGN7O9h	2026-10-08T05:36:29Z
SRR5947093	1	61831	d9a9b36353fd033fceedbc247956337d	4e1bd4e379e8c0402e17566a0a9b902b50cb34bdbda9950366b9d8896db9ecbf	aws-kraken2/data/cohort/SRR5947093_1.fastq.gz	V8gGWbeEuqENnVhhYzV2grs.gN_un5Me	2026-10-08T05:34:04Z
SRR5947093	2	64791	f14f972ccb89b8d09ec630d5b99ff0df	9dc9e8ffde47f9bd4e68fb359e8dcca618869b191dc774943a8c9af334fbe5b6	aws-kraken2/data/cohort/SRR5947093_2.fastq.gz	tJJHtXlXtmWhFOv_pKk..DEPFiJ5Lg56	2026-10-08T05:34:06Z
SRR5947095	1	807343368	a898b05131e94817784de402f724ab8a	907ebf6c5e9d79fa36a192f1360ec790a0c418ed0ad9acb980937e8197445b11	aws-kraken2/data/cohort/SRR5947095_1.fastq.gz	a7DwCZpgb8aPKND_vRi.nRyIARS6r6aj	2026-10-08T05:38:06Z
SRR5947095	2	809597504	17c17e5d0d1389689dbcb36f0e87f4af	471f3b37a8e5dd195a65f199f17abf24b08d6a1f744619a77cf928fcf2e71f91	aws-kraken2/data/cohort/SRR5947095_2.fastq.gz	FMkyeVX9azdRdwLOU.h18ER0eNICNwO.	2026-10-08T05:38:30Z
SRR5947101	1	645515231	cb498c38222f03b01406ada1ca219cb2	fb01b01e1618b09bda53a45ed373a66d2cb58bf0134f7e92ac661ea72fa45da6	aws-kraken2/data/cohort/SRR5947101_1.fastq.gz	15jCxNgRMZdYXm8jRkX.uYB6RDDMwzNn	2026-10-08T05:36:33Z
SRR5947101	2	649532913	3238eb8d8bf8ccf02adcc2458b41b5ec	70b402d1aa6d4d2e807602ca2e63cd1577a889ca128b415cd5626098b0c85538	aws-kraken2/data/cohort/SRR5947101_2.fastq.gz	G0dX_ai9YR66.A6uTWUqCdNxdy0wcnzH	2026-10-08T05:36:57Z
SRR5947103	1	59698065	f4537f2012b863eb3c17822cdfd5def1	a4e219fd3b6220d26bcbc7a3f577dc22859638a0e05ac517dcbc1049caabc681	aws-kraken2/data/cohort/SRR5947103_1.fastq.gz	_ebKTq.G7OLAnnkAFjova5jtgjpuBFJM	2026-10-08T05:35:53Z
SRR5947103	2	58418618	843089172d8ef036fb6c9e023ead8394	cceac6ebf9a83b8b5e18f092950cc50d5cbecf101b3884a244467325a2579b94	aws-kraken2/data/cohort/SRR5947103_2.fastq.gz	t_R9iA9pX5tgiZzMU2K7ZYBvfLqkhoCx	2026-10-08T05:36:03Z
SRR5935751	1	880918362	7a41b3c4a92a0c364c89f986f44bdaf7	112f2b75ac57e0e07d7f8bb8d1abf7273cfe22be12cc5f1e535875255fd7bcc5	aws-kraken2/data/cohort/SRR5935751_1.fastq.gz	dnQjDXY2pEg5DTMQhRp2upqAtvVeq1iY	2026-10-08T05:45:46Z
SRR5935751	2	893794835	f656af54e39c78d27f5e1d03a9880309	29dddcadec7533448cd70416f77d0d9ba46d80d4f919650f0380c6a9ce1fd35f	aws-kraken2/data/cohort/SRR5935751_2.fastq.gz	fqk0Ks9_RlzGbEh28M_cco8HEH84q397	2026-10-08T05:45:46Z
SRR5935763	1	248782436	84b96c0b4fa817dd32ba822c9d8f2b9d	d5382acc6d762b00c707b65c91d5ef15adb2f121cf4db7564bc5d18a4bf77e60	aws-kraken2/data/cohort/SRR5935763_1.fastq.gz	UUWdD7gNXlmHLwZqCsBD22Boi1lq8IDA	2026-10-08T05:45:46Z
SRR5935763	2	250936354	8ed32b9983ce08671bf0681dc9d83866	3860796ee4e4fb3c93cfdd27f6f4299510b9151b21653a719d04db6274a1c6a3	aws-kraken2/data/cohort/SRR5935763_2.fastq.gz	TPDOYWAoGlCyM8dHiIqG93.49MVcTC9r	2026-10-08T05:45:46Z
SRR5935775	1	614890196	72d4133ada25deb7c6b545336fdd523e	d8a8dfbcedbb5e93f876de91ef04185facac2ca8658d6fdbecd4658400eb39d3	aws-kraken2/data/cohort/SRR5935775_1.fastq.gz	Q8hWFFFCHTsbP.3fcdDOImXIuRUV02xL	2026-10-08T05:45:46Z
SRR5935775	2	614806057	ada8860368598603dd5e3ae2b19aa5f4	e9cd4e3b513c884b6449e850c55f804a89026ef724bd2c2a8858d60da653236d	aws-kraken2/data/cohort/SRR5935775_2.fastq.gz	NpaaqfeV3fQmZW0.sm9PRgdwtSIEk9..	2026-10-08T05:45:46Z
SRR5935787	1	793621528	65b67a9c6c2e0d5f12c7da87298577bc	c22e1fd61021658c191328ad3aacff82500dc08ad82a2bcb82d55a7d18a14b48	aws-kraken2/data/cohort/SRR5935787_1.fastq.gz	2pJwdcGZ1TkIXLbKJ6KcnJDXoCB0bi05	2026-10-08T05:45:47Z
SRR5935787	2	795247039	0180b2f954c2def8adc88198f9b31c54	3afda72b1926ffc250f9811036024f94dff624d370c234f88bd7c4386d8cecaf	aws-kraken2/data/cohort/SRR5935787_2.fastq.gz	kXtnIWN0uIJuhE4rSylZvUZ_6rNjjSXE	2026-10-08T05:45:47Z
SRR5935799	1	425608974	5107ce6b50c7542537e7254169531dca	e42afca84358e4145b7d6b5bb996e3fd9d3b5162a253d4d2176dc2f760577a07	aws-kraken2/data/cohort/SRR5935799_1.fastq.gz	ay.KieEG3c5cBsqVGlR7bzvkUnpl9bGp	2026-10-08T05:45:47Z
SRR5935799	2	427991562	86962405cefc9c3ffd86b2acfe51b579	96504107aa9d741a36ef050c41b544cb4d0f4d7ddd2ceff4b9931e2802f58846	aws-kraken2/data/cohort/SRR5935799_2.fastq.gz	LqH.dJrYmXcGLochGwnalghGvqz4pcSA	2026-10-08T05:45:47Z
SRR5935811	1	481198284	43eafe03b0fb14d61432d7b1de70f13a	6ba6b2dea78885e82623e276a8d89e58197b2ce2277dee96527ff54ed70e222b	aws-kraken2/data/cohort/SRR5935811_1.fastq.gz	d6WqXn8GXOItj0eouoYAttKO9q4i_5ej	2026-10-08T05:45:47Z
SRR5935811	2	477093046	b1d85e7400e255e1ad618c13da89ed7d	0633216d90668690813c14bab68d01a64c053784aacbe821398112e652de0242	aws-kraken2/data/cohort/SRR5935811_2.fastq.gz	zz023GANGye1i0VHyjv0L9V8ss4xJ_rW	2026-10-08T05:45:48Z
SRR5935823	1	1007756091	804ad04388fd7cfb0f1aba130f6cb21c	d20a80cdfc72b940ff625febe71e328e7b13e054e5d73c407fd5122e6317e49e	aws-kraken2/data/cohort/SRR5935823_1.fastq.gz	gSlmW4aVZFPZ8mizvQdyuJiHxfGraMjo	2026-10-08T05:45:48Z
SRR5935823	2	1003208128	62e1203134d1feadf76614b929c8f10a	cbcf5900ad7105d6d21631149ec4552ea07c1ecdcbc0aa7ea335fcbedd9ba577	aws-kraken2/data/cohort/SRR5935823_2.fastq.gz	g0hrtF6ziBSmS4Vpx6sVejNY5VHRqsTy	2026-10-08T05:45:49Z
SRR5935835	1	64810685	b230ff46978793806913dbd60f409437	4b2433f030d3a1907bbc38a14afa926421ce778cab4aa4bd11fd796730169348	aws-kraken2/data/cohort/SRR5935835_1.fastq.gz	XOhAH6ReAtcA7XWgc7X07WmMbefkMhm5	2026-10-08T05:45:48Z
SRR5935835	2	65864102	cef5c9936c08439d9655020cd157c857	7a950edd0f3dff52b0e90ba5cb86515ab329b8b1c80277dbb337456eb1177d03	aws-kraken2/data/cohort/SRR5935835_2.fastq.gz	pnVxW.g0Idwaj9Go_c1p4hmsYVS.6N1K	2026-10-08T05:45:49Z
SRR5935847	1	255447891	b968d77b18d88ce1fe57eff838bcc572	2902df0e1e428f9f898d9e31de600b5c591be322f73627f87fa294f034b5873a	aws-kraken2/data/cohort/SRR5935847_1.fastq.gz	pKh7M0dPy1Izr1SVTeUVyACS1SlGyrlL	2026-10-08T05:45:49Z
SRR5935847	2	251526445	d2b0f60ab2fbac65c50b192012ecf9b2	c8b1f77700aa0dd56b052de4efac62d6312876bf25db874ad701e06df056dd01	aws-kraken2/data/cohort/SRR5935847_2.fastq.gz	Cfa64sdR.zn.RIhI9YdKwAaiGVFwUhDr	2026-10-08T05:45:49Z
SRR5935859	1	757365639	5d2c6d3d1e0a867df4456fc4be3c90b3	1e1d90e9ee4a0c8b52f48249cfd35de61a5679eb93a371f12bbef18b24e9cc13	aws-kraken2/data/cohort/SRR5935859_1.fastq.gz	Yyfi3QF6_nWuFKqSq.wTOhPBV1d.ylNS	2026-10-08T05:45:50Z
SRR5935859	2	747438154	d21a9aadc2508e8194bb61371e8a8312	9b841502c3c4a30ecd2cd89147ff62f84e602a7e89b874eeb341cbf360f44e02	aws-kraken2/data/cohort/SRR5935859_2.fastq.gz	TMMFB2YCfsAcqVo6CYsy6HC5fbNQaJ4T	2026-10-08T05:45:50Z
SRR5935871	1	640825126	93fb3ad671dc855c19357baa0d55b364	4751dc47a2ffb77b1657c60ad59c3923ad4968a140de4ccca5830442dbdefd8d	aws-kraken2/data/cohort/SRR5935871_1.fastq.gz	mjpfRVdHfFzJyIO0bvg4jLs.gxZ7vTVY	2026-10-08T05:45:50Z
SRR5935871	2	643255193	f36340347389e7af5feccb3b504d4524	41480ffc7495c2e7d94ec874fa84a70e46cc721d158ef09d77cbff0fdf1130cb	aws-kraken2/data/cohort/SRR5935871_2.fastq.gz	uR7OOYFK.KjrwwzfzpEaT7AZS2OAsYW1	2026-10-08T05:45:51Z
SRR5935883	1	735068517	8327f8fade536128ea1283051f660cb0	42b4542d019bfb0a204f416900eacf23c66fb3c25048e081939e8b98daf83f27	aws-kraken2/data/cohort/SRR5935883_1.fastq.gz	bDQHcH34dnZuDLL8C6yu3ZvOgVE5zU_h	2026-10-08T05:45:51Z
SRR5935883	2	729162451	cd35194bbb23370ea4b5c80f31348eeb	c000b239c5582e6db4bceded4cd9da950ac8f1e65b28646a052416c541380d41	aws-kraken2/data/cohort/SRR5935883_2.fastq.gz	9pskSkVbLT2k57t9YzVdHPVcTBs_PAgB	2026-10-08T05:45:50Z
SRR5935895	1	508827831	536880ec6fcebb8a70e67f5ce5ef28a3	751b8424d001b75d106fa7c562a8bb518a86f7c9db0800c9a72a821c50243245	aws-kraken2/data/cohort/SRR5935895_1.fastq.gz	c.k3OfV6GKOT7XdGi2iWouAij79Dr3ZK	2026-10-08T05:45:51Z
SRR5935895	2	499023533	09a33afb7dec6754cb3ee3f0ade7cb0f	410753b68fa9483f5a825f5e0073e6a492c42051fec22972ac1e0e78458fd606	aws-kraken2/data/cohort/SRR5935895_2.fastq.gz	RoBbVScsdOHVS5p.zPeY4H8D_CY_SZZT	2026-10-08T05:45:51Z
SRR5935907	1	459544789	770755dab0cbd9097a04a2e135a700dc	f1d7121b43e79776cd1164affb9c0933f50cc28ca212148cc3e7acc265c8ec2a	aws-kraken2/data/cohort/SRR5935907_1.fastq.gz	pusNM.XYG4g00fSSBmvchkrRO5MG6B.X	2026-10-08T05:45:51Z
SRR5935907	2	461841043	200964f96da71bdfa47f177fb4d53c11	3f262cd73608d201e831aa3c24f1bc81e5053c4122bc1342319ad2c58698bdca	aws-kraken2/data/cohort/SRR5935907_2.fastq.gz	Pc6eFF0GRncIWmbCK36EKbm9JSLuP9yt	2026-10-08T05:45:51Z
SRR5935919	1	807477280	c772bf754ec209c8e7b6d86359d4cde5	c40fe7eddfad9601b30a12a6c230efe6a8e9ad3ea9a3df027225dadf1c85b846	aws-kraken2/data/cohort/SRR5935919_1.fastq.gz	Ga8CZ4udNshteXHzVfagV2bFiGXTzzdv	2026-10-08T05:45:52Z
SRR5935919	2	792222139	a70ec9c9633469e1981b3c2668b27013	3ca591f35721aab78714ad35bdf76fff34c1b10af0a6531d9474fdb1a88dd2c8	aws-kraken2/data/cohort/SRR5935919_2.fastq.gz	diysPf1x0P6j.NyJ2O5l.MO_Y_Tm4CqB	2026-10-08T05:45:52Z
SRR5935931	1	426991072	6e10f2f29501549c982d433ee7f02163	05e780d3260733c80f17211012e004b5a0f3a5e12d450c18c0dd6d2b4fecb020	aws-kraken2/data/cohort/SRR5935931_1.fastq.gz	jDkyoY9qL50cGymQlL7zHtkXAwgiWbVY	2026-10-08T05:45:52Z
SRR5935931	2	420243260	2e88342bb3d742244d142e113331b34e	6a155bd4b30c327a57fe388f18deb79dfbfc85b0a487734d5aea7482c6f028b8	aws-kraken2/data/cohort/SRR5935931_2.fastq.gz	BtTXc151r_6lUkwd.HwnhpKLaZAhwazx	2026-10-08T05:45:52Z
SRR5935943	1	204118737	9dc2249393087602d8b23b4fb4c35651	54fa2b5a46bf7480372aba36c6e5c9897cf33b4362b94aae5f30b26884c49c08	aws-kraken2/data/cohort/SRR5935943_1.fastq.gz	oneo_X5Yr59y4PvynFKYKIUAk6nHZU62	2026-10-08T05:45:52Z
SRR5935943	2	204227555	2449ff782f669d09226c4e343b81cab5	3687d63d6a54090f6015905dbd72368ddda6a1294d6639473037830837ffbd4f	aws-kraken2/data/cohort/SRR5935943_2.fastq.gz	9iis6IDs2KZPEFN.7AtNIKPuGfIxXvjG	2026-10-08T05:45:52Z
SRR5935955	1	256185213	3e262f0a5356e539aa05892369c45acd	793230a793aeaf5f35728121d862add10d5105249d9f9f25b755d2ebfe16ecb7	aws-kraken2/data/cohort/SRR5935955_1.fastq.gz	mczjzU3BbjIAGVQA0__Zn7l3uOlMqZxr	2026-10-08T05:45:53Z
SRR5935955	2	259280428	ba0427678d85e9853c73fdf91fe74582	3b58a0bf8e376586b96edfa584a0e31a31cbf9ce221ae14fca38e7cc52c30c2d	aws-kraken2/data/cohort/SRR5935955_2.fastq.gz	LogEtbv_EqaqMa64nsoh_AeJxM6IN45N	2026-10-08T05:45:53Z
SRR5935967	1	303716818	892474130a063557818d3b8daf1b182b	4b7b5142a0250420869c2ffbad31d3a27133e3322930d7dfb8d3ccbcea3668da	aws-kraken2/data/cohort/SRR5935967_1.fastq.gz	9KbxOe8R0DlHBbcf36J8v0dES.CdUr.5	2026-10-08T05:45:53Z
SRR5935967	2	300778329	1f39ba3be2ebf1d56eab27f312bfbce3	3871e0503690d6b87fa72c570af84b29f50c282ac8ea1a6f7ec367ff8db64720	aws-kraken2/data/cohort/SRR5935967_2.fastq.gz	M5zVx93sOg8PbPxbCp2p8A5Ras7OE4Cp	2026-10-08T05:45:53Z
SRR5935979	1	468165689	ef2ded5ae63b98baaee070e659de2bed	de90f9082715c8a807f9d248b4727e48cafbadb7e24d16f507a29395aa6575ca	aws-kraken2/data/cohort/SRR5935979_1.fastq.gz	8xcQzskEmuyNcpgPGGyqSjuQguGsJbNl	2026-10-08T05:45:53Z
SRR5935979	2	473783665	e0068bf9ca771e4655972459c59cfa66	a60f580c5c3a5517a98158fe69d2617b36abeb946086dd35bf6d821e14732410	aws-kraken2/data/cohort/SRR5935979_2.fastq.gz	ORNobzlEwEaVRENZdMTpmeZxXuPE7iL9	2026-10-08T05:45:54Z
SRR5935991	1	694069177	d065abc4847468d304de2cf5a17d045a	5a31543f5f1d5da07fb0dda56a281d15b3f8c780ebede94f16ae8e72287b2b01	aws-kraken2/data/cohort/SRR5935991_1.fastq.gz	atKsDga4J2Puc0.7jHVg5VEfA5DqFKlH	2026-10-08T05:45:54Z
SRR5935991	2	694801436	43be4696d90de62751d9622bb7c8e14c	286f4848c6746e7bd234a90ed186b3c33ede3397849b615d9560349f526649c4	aws-kraken2/data/cohort/SRR5935991_2.fastq.gz	TGd0.8N6JUpJKiNPzEVmEdbAbjlYQ1B8	2026-10-08T05:45:54Z
SRR5936003	1	321154897	d5048d4b6d6faf73fb81533f9de5f8a2	b6f62a8bd4bfc126038ec8d540fc922fa2dbfc419e0052e5cf5f25cf1bf3d880	aws-kraken2/data/cohort/SRR5936003_1.fastq.gz	QI.g527fBYJBldWZcxQKTeZKM_ll3P0F	2026-10-08T05:45:54Z
SRR5936003	2	318506325	ece53e4ddb1b116974bd01efaba94ab9	35c833871d3cee00b5e50d8923a0a0137475723b6b1afe47e54e7d466854705d	aws-kraken2/data/cohort/SRR5936003_2.fastq.gz	pdmIKyMNAjxVGscdsBcIRXoPuUMQkPh3	2026-10-08T05:45:54Z
SRR5936015	1	752449722	c4bb7573c981ac32473e150f5fbad80d	e5a79d2f71bdea54ddcc4a10096d22409d6b5ffc96fe87163be2263bd86f82a4	aws-kraken2/data/cohort/SRR5936015_1.fastq.gz	ku3QhhpJtBbSVmyANE37l2N5UQL_o9_g	2026-10-08T05:45:54Z
SRR5936015	2	772654778	bbef998b68f04b0b6500f6c0f02376fc	1d078314e0313cc9fb21554eebfdad1607d9e78f7c65f2295d34aa05385e6f2a	aws-kraken2/data/cohort/SRR5936015_2.fastq.gz	.eOI9ZLWnB8Q1OLyTwh6JQcA9FxQ5LJw	2026-10-08T05:45:55Z
SRR5936027	1	618619355	630c0bc83e65e2390207fee5f13b7494	42db505d915353209d7c2a8cf195b94ba40ebe21d07c47eb60743f1afbe2b5b1	aws-kraken2/data/cohort/SRR5936027_1.fastq.gz	w7xh1nwZ98yL7osjw4RnEWwaWQj8L0A5	2026-10-08T05:45:55Z
SRR5936027	2	633672494	0261138d71445ac08cabd008e9a06e61	1bd0e9182498edbafbb4f82b562e6c7fe7839c02adad79196a3c4fd0b7792791	aws-kraken2/data/cohort/SRR5936027_2.fastq.gz	kxvIDcIrWWcrUFQXM_euSzw3SWMsDXyv	2026-10-08T05:45:55Z
SRR5936039	1	699818898	900e02bba56d3789183caf9985b2df89	3b681e1f3177398462d31e5dc45efba2b7844519c325e446d3a243e78de8526b	aws-kraken2/data/cohort/SRR5936039_1.fastq.gz	R_9nF3L0zEp0epmLchugktsbEM.9emzD	2026-10-08T05:45:55Z
SRR5936039	2	693079697	ef0707c1eb29684ac9185d715c38e6c4	2004ff67eafbbb620fe06f0c5e2678816978dba1f64f04e889fab26556900099	aws-kraken2/data/cohort/SRR5936039_2.fastq.gz	rV__0MCtvE.ud864qghNaAlF0a4fl6HE	2026-10-08T05:45:55Z
SRR5936051	1	581218022	4101d7d952f1434de78e1f652282def7	5b78cbc383148c09eae17d17649c266ba21da811a9358eb02d85f6b37a218f1a	aws-kraken2/data/cohort/SRR5936051_1.fastq.gz	1iY2XSO4vuMiIOlpx6zgty9X6zozTLbn	2026-10-08T05:45:56Z
SRR5936051	2	576834256	252d449d51403181b4055be46a9f0c8d	3c5cefff3840def723b499785f6c60db487d02e4ed7d56024755029c595e6c8d	aws-kraken2/data/cohort/SRR5936051_2.fastq.gz	oDQizpeJJFJxk04tFusNCePXe.vrZ9zb	2026-10-08T05:45:56Z
SRR5936063	1	456182256	9f56424eff8774667036f1d093fb4893	7c12e4b1821ccff61230fd7d571e872f1eef17de5ef774998a7ae9f20cc823a3	aws-kraken2/data/cohort/SRR5936063_1.fastq.gz	YymMsGUwI7YaSr9NNZ6sge_dUROxfEF.	2026-10-08T05:45:56Z
SRR5936063	2	456088138	ac99593dddc757b4e56f6db9a32e5839	ad37f740ce4dfff9bb592ea76c7403ace15903871d9f0d9c725ed2802f732cae	aws-kraken2/data/cohort/SRR5936063_2.fastq.gz	wEQR__VhJRwrGwY.y3zQeXsK88E2j31l	2026-10-08T05:45:56Z
SRR5936075	1	233346404	184ccfad29d3d89b86fb72d287665780	ca1c47f26225bf869d985efb4caae745cc42b1dc4afde1f907cfec57f813f644	aws-kraken2/data/cohort/SRR5936075_1.fastq.gz	Rllk8fNvetonDd1Iimy60xWdbhR1ie5a	2026-10-08T05:45:56Z
SRR5936075	2	238995208	726808f74a1f8024f788b0f82eff5521	7d9f9caf52184c021ea8d6eb17750f93850bedd498699f92dca28a2e311e2dd5	aws-kraken2/data/cohort/SRR5936075_2.fastq.gz	nwFgk0013aeewBw4MEQEmiBwys0md86o	2026-10-08T05:45:57Z
SRR5936087	1	493662767	49882f10a89ee484a9141ea3673ab928	5d72ce70eb7225f5601f7830ed41487bf43ac32bfdf5110aebddafa10eb8a392	aws-kraken2/data/cohort/SRR5936087_1.fastq.gz	JWIiSJBbTTS.paqwB58WOY41utkwzHkI	2026-10-08T05:45:57Z
SRR5936087	2	498492847	41ea499ec1cddaf07f518462b2b51a20	0b553855cdbe616fc69bd41a5a67f2c66e89dc3c14bf8b861c9139c0f5e84267	aws-kraken2/data/cohort/SRR5936087_2.fastq.gz	us7YOaz5jktjxMqwqZFIYHFHTxnZupVX	2026-10-08T05:45:57Z
SRR5936099	1	565857397	3109f1fd7d7b1b23d7268e0a11dbc36e	e2a9a656d0b44782094a57b496a73e5525c2422658b524ba74f6fd21820fb526	aws-kraken2/data/cohort/SRR5936099_1.fastq.gz	PMVLyeMXsinihpt3Nz7ZTsCx7ZETTizi	2026-10-08T05:45:57Z
SRR5936099	2	563704350	df4196a9906023094e8a3da8035302fb	85f974cc0944303c3fd3d50208e47a60e2f1f3398ded435446064d05792964bf	aws-kraken2/data/cohort/SRR5936099_2.fastq.gz	1bOmozHQdPtxUODprgIo7Wa_9S_kQxnV	2026-10-08T05:45:57Z
SRR5936111	1	369813074	dd619215bbc867d79d3b643bdb340fe7	68fb26d4c8bb31f1ad2102f3a2f870fef709289de7e42ea886af82a9dbaa3f5a	aws-kraken2/data/cohort/SRR5936111_1.fastq.gz	H2ul.TS7bHhDNPai3u3Ygwpvfk_nwKhw	2026-10-08T05:45:58Z
SRR5936111	2	369696516	17220a34eb4d7827072021f3c6f1a6ee	b08e951d079abf6baf691452b1672fda19822382d5ae629691ef2ba87733d64e	aws-kraken2/data/cohort/SRR5936111_2.fastq.gz	5QttysrE6uW2rfvYKeU9zAO5duKZXvVd	2026-10-08T05:45:58Z
SRR5936123	1	630143840	46cf703ef230eeae828eaa00b999dfe6	e6091231fc9039183bc48492b72bdd9bceaff23ab0f911d4740292ace088f396	aws-kraken2/data/cohort/SRR5936123_1.fastq.gz	JVUxAVRXx3iF4Pn.efHtKZIkSCB.Vulz	2026-10-08T05:45:58Z
SRR5936123	2	626349576	45a0dbc79b7f53e73e10a8a72facd748	ba06171d852d37b13564723b07a78c9401e2966184fa0bbfbc7f7735c24e1eb0	aws-kraken2/data/cohort/SRR5936123_2.fastq.gz	SgLxIKNzvKjRo0lvOwUnSHD5FNISOe8F	2026-10-08T05:45:58Z
SRR5936135	1	390933104	f6665264bdf2493c7ff69a6421411cf0	26f55a8e472e8526d1df0ba7ad1f12be1b8a8c9e3a3fe225f6620a1761684dd0	aws-kraken2/data/cohort/SRR5936135_1.fastq.gz	6XDuw7Q5__57iifOtvzLUh7G4XswNcIX	2026-10-08T05:45:58Z
SRR5936135	2	397468958	1e26b1f8b9b8e99f8e0df8d71eb8d00a	9336a9b17016c8a9a01d4df1984e99d7cfe455c332b1344fe0f0062808a6c832	aws-kraken2/data/cohort/SRR5936135_2.fastq.gz	sxcAD1Nlwoe42XRtXa5v3PLWSNbSUdwh	2026-10-08T05:45:59Z
SRR5936147	1	459579607	82ed8f29a3b5e79df88b4b05025b8fd9	9a0f6fba25f60fae66f5b0e4d25c4cf69106d1fbd3e926f68beb4df906d1a4fc	aws-kraken2/data/cohort/SRR5936147_1.fastq.gz	a71tQpfYI72svqOx0Ilgwgc8f8BGlsW5	2026-10-08T05:45:59Z
SRR5936147	2	461459535	e31ee15b70407ab101ac48728a8bb4d1	8ae28fd11b5c2465963b476647da8e642e874d79f7acbe2118b9bfd19665e306	aws-kraken2/data/cohort/SRR5936147_2.fastq.gz	V07Dwhhvkkh5uigfQ6YFThxF7DahJeu6	2026-10-08T05:45:59Z
SRR5936159	1	647915773	f73b206770719900df3def079d2cea52	476fb96a63ce5f1ba3b63b7a016dd98057911bebb10da561fb16ef76209a07bb	aws-kraken2/data/cohort/SRR5936159_1.fastq.gz	xBBBKMXKxWSRI54jCuH284VefhTudq8W	2026-10-08T05:45:59Z
SRR5936159	2	647195719	7718b6ca4b40c57235a0473bffa0277d	613cecfd853f3c020fe527a9d27aa3615928bfce3736dcb94d76da41d7a0657a	aws-kraken2/data/cohort/SRR5936159_2.fastq.gz	hYXASDMoAVayVswG2gWUhJXiqOFZPwA.	2026-10-08T05:46:00Z
SRR5936171	1	660500253	411de0e6e9b89a5b4a115b4945de3157	24b36b71036e99a762c424cbe80bb6751facea57d47096bd2073c15af830268c	aws-kraken2/data/cohort/SRR5936171_1.fastq.gz	i7AbKe_9X6dA0.cSD654lfMNH3cDC3hy	2026-10-08T05:45:59Z
SRR5936171	2	665097107	c04cf0c84a65b71aeea0284d40104485	ea11c88211d18211b08bf89ea9a5a972d7d64113b6415f161a29b45a62ec7c15	aws-kraken2/data/cohort/SRR5936171_2.fastq.gz	UYUVYS5_XdvOuMRWtWeKaxdZXM..Aim8	2026-10-08T05:46:00Z
SRR5936183	1	748696036	cbaddfdf562f6c7b67489890be9d3ed9	967ef1f1895552546a835994800a145309d3590f8ffe02b486a2e82c2b597594	aws-kraken2/data/cohort/SRR5936183_1.fastq.gz	Jjtf9u.LzakkFRwggaFmOiqK2KYE5Jf.	2026-10-08T05:46:00Z
SRR5936183	2	745514696	364b15666b6d1fa2a64300defd07c306	7101c6b799a69c489202f4bf1411d1ef1baaa7b5a16af1cec92428a4713df6ae	aws-kraken2/data/cohort/SRR5936183_2.fastq.gz	.bOWziDZpfWqOyJ6DR40Xv4.cgjsjKm9	2026-10-08T05:46:00Z
SRR5936195	1	719539356	aceeafdee638e5a46ea8b0167791d567	a89b909a8bf272d1373363feb936e20049999cf557f32ae63f2821a13f3181b3	aws-kraken2/data/cohort/SRR5936195_1.fastq.gz	HBVtUk4bqB9Y7OrpflORJ4VjXXRx1y0n	2026-10-08T05:46:00Z
SRR5936195	2	716014345	205b40e106c141f0b6b13f6ac8f125d3	f9dd71cbf77c2dbce2dcb88182e1f06c172d5b00d39d230f658b50e3c0a9f757	aws-kraken2/data/cohort/SRR5936195_2.fastq.gz	9UBPz8PZsv7cyCFZ_SsNLjz0T5uTZupD	2026-10-08T05:46:01Z
SRR5936207	1	747888018	f368487fd5a9bdcf92a59bd8ba8a81a9	d3a528ff8b2e109bca375ff452cc05ea825b48a6a9033aeab126e16637912246	aws-kraken2/data/cohort/SRR5936207_1.fastq.gz	LZRUUD8aATnf8scgkwQ10qo1HEOUheDW	2026-10-08T05:46:00Z
SRR5936207	2	736234343	831aba2d10d1d2d7eb6cb0f38fe6ddf9	56ef510268a9c9a0d6084cebdab27ca58a889397f7c7b3fe14c5c6cee9780b9a	aws-kraken2/data/cohort/SRR5936207_2.fastq.gz	Elbha3_7osm3T09YHaBy4G6jJZ5jFirf	2026-10-08T05:46:01Z
SRR5936219	1	398148737	ad3fe548dfd89cc15aa16842491c2d2a	59a071cedf01ac0a1ac3c7ba44daac208a9362abe4ecdcfe87072c684f589b9a	aws-kraken2/data/cohort/SRR5936219_1.fastq.gz	KGUgyTAakbnA0wXH3c0.YekBXKNRu4mT	2026-10-08T05:46:01Z
SRR5936219	2	405580487	a4d092644845ed2fd1dd6ba7b7fefa5d	28cba8ff49e938936fdafd95bfdf18a7ffbaf27efba067e366683091a3dd5e9e	aws-kraken2/data/cohort/SRR5936219_2.fastq.gz	uoO.dM_u.GU62qed_o7VLuQ2XwIYVBHT	2026-10-08T05:46:01Z
SRR5936231	1	610067417	f375edbb288acd633b34074ae39cfa03	f129b4130fce74239533daf83b7fa16bcdfd4450599b7fcdd59546acf3edd7f2	aws-kraken2/data/cohort/SRR5936231_1.fastq.gz	WdJTZQzXsDvYtxx08_hfPA4g580nr9C9	2026-10-08T05:46:02Z
SRR5936231	2	602972969	22feb3ffa87a2c49ba0532e405b8d3d5	9ee3ef4780799809dc081529d406ec22ccaaac3ee2c97cf4746632a010f3d313	aws-kraken2/data/cohort/SRR5936231_2.fastq.gz	bFmokcEZoiCS5swyFVu9xYAYR6vnpE.z	2026-10-08T05:46:02Z
SRR5946608	1	729763780	895c3a5961effb492cc3c6de9393027c	e19d2db26d59e99785411be304140e73fe38aaa06bbeee77edc903c280e71266	aws-kraken2/data/cohort/SRR5946608_1.fastq.gz	QgmmHy2qvalGgNpnI2C2ADMSUpqZsaGT	2026-10-08T05:46:02Z
SRR5946608	2	751625006	3a91f38f8f0860c5eeb253a1a31aadee	11c043a4d01ddf51d27861d5ce7462f951b9bb7068f641f5f253d0798f8f1694	aws-kraken2/data/cohort/SRR5946608_2.fastq.gz	whJEjLf1vFt4U1VglI.44aoQsYXPwHuC	2026-10-08T05:46:02Z
SRR5946620	1	792791508	c5d3d3996eaeb74c179afb4c3633e83a	820dd509561652acd93b5e3f24bb0b64cedcc8d2217a47ff24e1095a31eea388	aws-kraken2/data/cohort/SRR5946620_1.fastq.gz	0V8NH2s5I77FSUO8M05AWyI.Z270iaOZ	2026-10-08T05:46:02Z
SRR5946620	2	775195520	927d7dff8f3d4a25ccef335407d2c038	254ee2b25a690cc0aaf16af9285d455e6d288f2447811af04fed857a2c25b1cc	aws-kraken2/data/cohort/SRR5946620_2.fastq.gz	_i.2tepoEQLBlQuhFEb.gL5mGkSmhcI4	2026-10-08T05:46:02Z
SRR5946632	1	302822056	3b85bd10713654a078e3d1efaaebeb66	12b04b0c90922bfc5f571d20b8f5db0030fd24dad06d8ec2f71a45056f1e885b	aws-kraken2/data/cohort/SRR5946632_1.fastq.gz	v20PywZ2BhLaBENZW8qEs6YMm59sqgNh	2026-10-08T05:46:03Z
SRR5946632	2	308900000	bacdc7b0144d1b5eab8384b18783b705	d3a5f5281d1aa79de010bc33cc2878036882dff39dbd748914241ed1eff9360d	aws-kraken2/data/cohort/SRR5946632_2.fastq.gz	uKZ76dZjiB7sW6GfkeKO8YNRJbwNiT4y	2026-10-08T05:46:03Z
SRR5946644	1	578956810	73b1ba8fca9905a47619110e4a53f90a	c345ac39577098f7194ee92fbff9437497ad7c6149c4775509edc4d8090a69cc	aws-kraken2/data/cohort/SRR5946644_1.fastq.gz	zstdxDpSxEdF0NYPAuDeNbz79n5XaGqI	2026-10-08T05:46:03Z
SRR5946644	2	571619332	21bf745568fa68bae9fbb3e15657fff8	616c7b08ade7225369ae2dd372a6e049a3cfe5d9fcce4bda41d257852b748049	aws-kraken2/data/cohort/SRR5946644_2.fastq.gz	dWf12Iq8TZ8vO232A9HacC9AFAgWNeGg	2026-10-08T05:46:03Z
SRR5946656	1	753246131	531f490145737c9aefa7ef832eb9dca3	67c389af10f795b67c2938cac1b3ada278782ea23e33e7c5e971da7ee9cf1287	aws-kraken2/data/cohort/SRR5946656_1.fastq.gz	WKUFFffFy8128vLLK4U9aPj1MhZ7zURo	2026-10-08T05:46:03Z
SRR5946656	2	772206807	0bd13ab6cc450d9859cba0cd3bb2eb97	fad6a8f8e1ce2f22792df9c0e8fe195e941b084dd05d1ea2c69cc59d4489e3a6	aws-kraken2/data/cohort/SRR5946656_2.fastq.gz	ZRGdj4rc_fFo_mZmkvOZMk5fLoa5BFy1	2026-10-08T05:46:03Z
SRR5946668	1	705571405	3d2198ded5ff7695d4d0a77981347ede	edad73faaf2de92f14f3872de537dc072277d1b8f67f2f56d87d3ace19ff62bc	aws-kraken2/data/cohort/SRR5946668_1.fastq.gz	1GjTeX2uiX1N1b_LSNWXCgKpHPb070Eq	2026-10-08T05:46:04Z
SRR5946668	2	714183226	784fa7828774d489787cc41eb8f35abb	3abb3108243bbce1d2c1904b93eb29fa915cd345d6296f084bb22686f2e780fa	aws-kraken2/data/cohort/SRR5946668_2.fastq.gz	_xvJDb1bIjhxX8hz1ItUC9RvRPZx_VEG	2026-10-08T05:46:04Z
SRR5946680	1	425042731	3baadb25b2524f8eddf99c184d3392dd	5e476fa997db36d3440bef8602caa8e4414b201d121e6a06b817506cd951c845	aws-kraken2/data/cohort/SRR5946680_1.fastq.gz	gtXdKH6q2NQ45Gjvo9ZMFGCmyAdg8ix_	2026-10-08T05:46:04Z
SRR5946680	2	428025203	833482ba3a38785f998c0da5cad3ff92	07dac58f35f045a2bebf2f60dbdc37e0b553f126e3ae2c04bd3a168cd3f60b66	aws-kraken2/data/cohort/SRR5946680_2.fastq.gz	BtMYX_11cD7yPaIUhbxJfSAJM3p0esXD	2026-10-08T05:46:04Z
SRR5946692	1	954706265	e3112af58944764fa06b163efc434324	c64776d345f7f7ce0bfffab23649c2e1f85311dd303fa8b92921e86b21f4a4de	aws-kraken2/data/cohort/SRR5946692_1.fastq.gz	fqutpShV_F2vs3fSQH.Sv4sdI30wczoT	2026-10-08T05:46:05Z
SRR5946692	2	936312071	0ad64a13005254afe57c576f2141cca2	d8211c81f2eec4849da3c4269b71630a0f1e20899d73ad0eb4367f387a80301d	aws-kraken2/data/cohort/SRR5946692_2.fastq.gz	.7_61ttt0u1VGWLFYDq8wufGW2dSFzcz	2026-10-08T05:46:05Z
SRR5946704	1	716228273	f0b10fdfae5a4ab843b526e9f73fa4b4	8e414aebcf40a866a6ff426f120fdd7190f4b57651099bb17f74b004fb1c62a2	aws-kraken2/data/cohort/SRR5946704_1.fastq.gz	M7po.V_2Eqf9ukeyGIdhwxMZOQBeKTSt	2026-10-08T05:46:05Z
SRR5946704	2	737221955	f0f673d2ae6f44bf9082bf18e09913cf	99908d2e0c1ecedaaf61270382f8dfee1e4370df62697e62dd29fe8e1db3f7f8	aws-kraken2/data/cohort/SRR5946704_2.fastq.gz	qXZIK2zuj0sQsWtSNK.cedUYiGfzWAuo	2026-10-08T05:46:05Z
SRR5946716	1	747717161	462b082e60bdf40250d701b5885c7436	42401a34aedab0dc2137efdde235eb6e96811f82c23e564beace177e91f24c40	aws-kraken2/data/cohort/SRR5946716_1.fastq.gz	OOQKqZfR4wnjAQiRzvCTpCQIaaifUN1a	2026-10-08T05:46:05Z
SRR5946716	2	748945782	6768b40bedb7bb2670b8b77eabafdc85	7d9d476aeeb0f9b1467ad93a0c34c0524f38283726ff013a2e182cc0f55012b7	aws-kraken2/data/cohort/SRR5946716_2.fastq.gz	5D0LhsHKFMul60V5wC6OUauQujUhRqZE	2026-10-08T05:46:06Z
SRR5946728	1	129884	f987b5d8ba5993a782a61ac1e840d80e	503fc46eb7a5c2a158c94e28f13170982f52700953efd9adb0217a4dd82f6886	aws-kraken2/data/cohort/SRR5946728_1.fastq.gz	fssa3AP3XWFIgsmF1kuYOBGLrmqn3peH	2026-10-08T05:46:06Z
SRR5946728	2	133214	03ba01fa610204bc303440a00b07f5af	f69f4ac805f9453b721d23f4a139f8e18d87c9424bed824cb6803f5e1c3bc15f	aws-kraken2/data/cohort/SRR5946728_2.fastq.gz	iyiJJ8AKm8C31lQy70tascl1KPANf1H.	2026-10-08T05:46:06Z
SRR5946740	1	424362416	c18f741d7562265c13d1f4cb3ef7a60f	6f0a6c5a15ac006668756d3febc2aed7b12f3c04baa9d624571163f143612f49	aws-kraken2/data/cohort/SRR5946740_1.fastq.gz	SZ3gopy9yEgjiOAWHv0yGNJkRexTZceM	2026-10-08T05:46:06Z
SRR5946740	2	437851811	13df2493701af9fbb27923483ac39ed7	c138e2b1f8d42f02176aaf1dee12c06cbdd999f9a36a02ddd22c79c4616bd97d	aws-kraken2/data/cohort/SRR5946740_2.fastq.gz	UU.jKF7L.dkUzmNvGBDPEpSPuE51OlTl	2026-10-08T05:46:06Z
SRR5946752	1	141214205	20faa6607e838a313633d41e6b75c9e8	3be04371c737a36f0b4d69b9de8b6ee66f2e3a0fb3b8458dae9aea9f776f1c47	aws-kraken2/data/cohort/SRR5946752_1.fastq.gz	nYvckhRV7Zdczpg5mBw4PyIb1eJ8vUio	2026-10-08T05:46:06Z
SRR5946752	2	140420746	4d33a539dc1feb1eb6a203be3bbf92f9	516276f62a345a98c51e1694850b1d9cd149f4150917d66a7dded4fc75ee9bba	aws-kraken2/data/cohort/SRR5946752_2.fastq.gz	m5KnvEZryzcQD3z1v10wVy0.jNS9pYWB	2026-10-08T05:46:07Z
SRR5946764	1	801935907	8ce9ded685b5228b079ec593fdff0cbf	100b33f21731f9d274bee495c1db8d8932730a74ea2fc02129bfab332e9f1f0e	aws-kraken2/data/cohort/SRR5946764_1.fastq.gz	leAJEI5AegYcWqyTEjuSy1yOgmrtbMWe	2026-10-08T05:46:07Z
SRR5946764	2	798064873	fc79f1f201eacf299031e5a61e59813a	f64680bb0c789c03039b8daf9c8ba1be91b7fa1e0f49f2a7d32b29da6f1a661e	aws-kraken2/data/cohort/SRR5946764_2.fastq.gz	dAnBCVFJRFKzptP6aWh0YRmnu1RK1M5U	2026-10-08T05:46:07Z
SRR5946776	1	973628559	0eb5d275833532511a5c4d5361048896	617d3fdb566652761d3412e2a11f760cd4b169bb8a9f0387645aaefce9fdb78a	aws-kraken2/data/cohort/SRR5946776_1.fastq.gz	JMCqax4m7FPF3CH5AjL8tPcjunqyvrq9	2026-10-08T05:46:07Z
SRR5946776	2	963993590	ede84f73ce7ca8159a69eb538dc534d1	d505a1a8ccecf83b9ff8c66c54f1e3f20784d151bc1dc4e033fe4e0a67525c84	aws-kraken2/data/cohort/SRR5946776_2.fastq.gz	AqZWbuPJlebo3KfUyXCD_z7pwoyWc7KN	2026-10-08T05:46:07Z
SRR5946788	1	489708943	c484c9ac3198df5d232ac5c7fda32605	a38daced69ffbdc8357eca931601337e01897b9307b1e1314418935637f89c5c	aws-kraken2/data/cohort/SRR5946788_1.fastq.gz	G5w.F9Kw3O6l6rDacJMy..LBbWxCfxBm	2026-10-08T05:46:07Z
SRR5946788	2	494777476	6e6b3006100ec62b478f8804474b2aeb	9e313e34a201e7ee941b89ae7f5f7916ff67a86891e665ef00badc4598b42cb1	aws-kraken2/data/cohort/SRR5946788_2.fastq.gz	hPexVdoTZoqgSiohcugiu6jd642EYhMf	2026-10-08T05:46:08Z
SRR5946800	1	924204770	a65f113532bf4d65d916fb52a0e6ab22	73aac4a0d2d829e84685c2d99839423f0fbffb51b438a543ba907d5f3563f52c	aws-kraken2/data/cohort/SRR5946800_1.fastq.gz	LL7nYmuEPO83Lp4og7dBVD4MH9bJfivd	2026-10-08T05:46:08Z
SRR5946800	2	959919424	ff3879af5a5ffb73ecbce87f0a104bb8	5ee1da07267b7c0d44df63795b2061ec641ab0b6595e852f6ba596b4d036ec62	aws-kraken2/data/cohort/SRR5946800_2.fastq.gz	BGQd6gQbfhgilLUCWxuJFqXEzdXx5AhC	2026-10-08T05:46:08Z
SRR5946812	1	278814250	604a9cafda97260d74cbe5c711a3bdc2	1fa995e1c0aa6380b3b3e775b58e244abf145c58e30d7232d28ac0e161c1b135	aws-kraken2/data/cohort/SRR5946812_1.fastq.gz	9BEv.EF_iHPb0AuVgiqfTatUibikmNSz	2026-10-08T05:46:08Z
SRR5946812	2	275305298	4c790e0c50f9f0f707f8813f6685178d	edbb0ab122638eb40112c19ec67ea55a22521649c1dde81e2aafd11e80f41d77	aws-kraken2/data/cohort/SRR5946812_2.fastq.gz	DGWGGXTdSE4NksVeOm7kYKnYpOTV51Mw	2026-10-08T05:46:08Z
SRR5946824	1	177970753	a7c99856eee3760024ee8f2867b623e5	4bc6958659401aa1bd5dc2eb38f4ee30f123b42f4f084c6aa4cf7bf07b12f48e	aws-kraken2/data/cohort/SRR5946824_1.fastq.gz	U_LqMNpLmR5rVbztvsob8qeNHlYAF9mJ	2026-10-08T05:46:08Z
SRR5946824	2	174976745	2410dc565c05d9ebccc2ba10c2d6c05e	ed6e0c8f8756f92b6d6b5158ba7de9e166a6fda8f3d522d8cf7e5712f3721180	aws-kraken2/data/cohort/SRR5946824_2.fastq.gz	NoEdxygbu631.Iu7Wdmcc9aqA_LzqWyo	2026-10-08T05:46:09Z
SRR5946836	1	375490022	99b38925bd0aad7bfde8d232eda8ee1d	c44e7671b7ce6a6ddf20b5b1e384e4b53cd854776f8ff7eac5b0d212cbfb91d8	aws-kraken2/data/cohort/SRR5946836_1.fastq.gz	CRd8OdsfsHj3Xel63SHneIsC4YfvT4oC	2026-10-08T05:46:09Z
SRR5946836	2	381152286	c543bf1db48b3552459e39a2780ae9a8	a2a17bf03b625593805a62592f0f113c5d0a56eec102d72a7338c157b5e20ff2	aws-kraken2/data/cohort/SRR5946836_2.fastq.gz	JSijWas6aV9QXllxJLrHf5MNcYFUWs8H	2026-10-08T05:46:09Z
SRR5946848	1	125225951	611b161ec543935504de281653b80187	f7625c8e00877e1845e095882b649c7aa9af0c16fece5507731ed809f7e0ed6e	aws-kraken2/data/cohort/SRR5946848_1.fastq.gz	Ad6EyVzLM08WgoIEwfaeP9a7WeW5lp6M	2026-10-08T05:46:09Z
SRR5946848	2	129462663	8c562627fb2b54562c2c06d60690aedc	318488bc52e55025837bcef05b9f3aac2e2de172891fb07c288584d97b39f3b7	aws-kraken2/data/cohort/SRR5946848_2.fastq.gz	qI7bbi8ow7GY7R.pFJ.5Ax.a8gAIyPja	2026-10-08T05:46:10Z
SRR5946860	1	395376453	9f93c2796a931b7c0a0bba01b3d9e59c	b2367157f92043488ac4a38ce53d27064163b3bacd4be2875b35fbaab47269bb	aws-kraken2/data/cohort/SRR5946860_1.fastq.gz	ZPvx2Iyotj91OSUnCGEnKCwcDnOvczjT	2026-10-08T05:46:10Z
SRR5946860	2	397235231	1eb9cd87a985158bfddc959ae0e1c5a7	176cfea1fd2216f5afa116d0f44cc451b304a5baae466628014020e95bcac359	aws-kraken2/data/cohort/SRR5946860_2.fastq.gz	OfdbIgi5NXJemN3y1OTWluhueqVgqEDz	2026-10-08T05:46:10Z
SRR5946872	1	462598786	ad69e6a1ca2ff8cd4c2276425580af70	9883cbf9887bda26e171664f6ed7183eb4b68eae1102dc35c31dacb2cb95233b	aws-kraken2/data/cohort/SRR5946872_1.fastq.gz	_wj.RCeN0vwnbhbV5maGz3SxcqtC0Ldg	2026-10-08T05:46:10Z
SRR5946872	2	448894120	7ca2681210728d8ad89815bf37cc62c7	012838a03cbbed9e8fbdbac786134e2ba19f4450a7066f228605d50f9274cfbb	aws-kraken2/data/cohort/SRR5946872_2.fastq.gz	0pluOnLGmTXI4npVf7IdaifgaIwhgF5S	2026-10-08T05:46:10Z
SRR5946884	1	484998127	4a30414f8b76288c8382eab4d2719d83	bb57cd2803594ce9a7b65a635cbd0bea5b4f3e5e46af11869fd6baafb2cad9a5	aws-kraken2/data/cohort/SRR5946884_1.fastq.gz	ZV64x1xgDxEkhEW36LoxuQNV91nr0M5v	2026-10-08T05:46:10Z
SRR5946884	2	485272592	5abff16d6f0c6d68d607e758ecaea4b8	09ccef2ec287a7043c20a0273ef6662d9fd5053989852f98dbb87c73058af865	aws-kraken2/data/cohort/SRR5946884_2.fastq.gz	LyDgj_Z32IK4Pc5KOrNNq5K9GYFFS80d	2026-10-08T05:46:10Z
SRR5946896	1	316997661	1fc793a0f9334947d2aaef4008215cfd	206180a8c72ab8260b6b7e4f7b4f36581f8f956604237cadca09030c1509e60d	aws-kraken2/data/cohort/SRR5946896_1.fastq.gz	b9rD0CgKofeQVT8Ig_mdoBj.QS0whRnR	2026-10-08T05:46:11Z
SRR5946896	2	320713451	ca3d30819c9852fbcf5f1590f22d4bbe	b9df4addb0cf509c858b0164d37eeb7840b95829ae4d3af98d47fa790c9ae455	aws-kraken2/data/cohort/SRR5946896_2.fastq.gz	aF46xRKCflvYpjil0WD8IwYwkKwYXcYp	2026-10-08T05:46:11Z
SRR5946908	1	549509274	840a172591b924622429e1774a868be8	206a8793852dd7004d93d7e900d2a19c609676e8979f1beca748e2de07a58745	aws-kraken2/data/cohort/SRR5946908_1.fastq.gz	TVyMu4WfDod82vM2RRlDXYk1ehFnaWa2	2026-10-08T05:46:11Z
SRR5946908	2	568495248	4ecd2ef7cc1ff816efda3236aa264d87	8e63c0bdccb7629f808434f593c2e5a0ac3d2a6255eec614b608fc3b0af02ff7	aws-kraken2/data/cohort/SRR5946908_2.fastq.gz	_QZuxcEb1EmQLVMcY0bWWCCEOcpizVVC	2026-10-08T05:46:11Z
SRR5946920	1	341997542	675502327431b603a027879a3a55bedb	6117783cb4a73cc05d40b143dadef97d34eb62b13918442e7da034bd375b762c	aws-kraken2/data/cohort/SRR5946920_1.fastq.gz	3gofK1KrMlhZ2Oburbt3A35y8EzpcQcL	2026-10-08T05:46:12Z
SRR5946920	2	344662813	d30f38c1b2fcc4da73501be6baf404e4	186dda3a8f79098b120b10e0c0ac3a2fb45cea80ce98ec71a099b63c386b842b	aws-kraken2/data/cohort/SRR5946920_2.fastq.gz	iV89oxAB.xZQPulr3_Sbp6xpVpTXWxW6	2026-10-08T05:46:12Z
SRR5946932	1	484488897	dad45e788957b21594db352cbfcab97b	b5c5ba2ce261c245d6bea4a434aba53bc393c92fad81f8d5b5cf7f4780ff2485	aws-kraken2/data/cohort/SRR5946932_1.fastq.gz	NNBN0Po8O7Tggl_ZCHSv19Hn95lGa47d	2026-10-08T05:46:12Z
SRR5946932	2	483422281	d11a86e2f29e254044fd9630f1be39c6	64dcd9ae9ac84b725fcd4c509a850dbb7a5238f1dad458eb5141984e34b81fd4	aws-kraken2/data/cohort/SRR5946932_2.fastq.gz	K_S7o.TSwqlCxwDhuJ.7EzM1g6tVwfkS	2026-10-08T05:46:12Z
SRR5946944	1	378236553	6d0f60b25147b6d2ff57f4dfc44435a7	7b389063365aab96a1c7052b1db63330ce1ff591f5633c96a49c7e05d7457f22	aws-kraken2/data/cohort/SRR5946944_1.fastq.gz	BULuCp7FqIDGeWO9UVFbeNxVUl6i4LYX	2026-10-08T05:46:12Z
SRR5946944	2	373620763	621b60013a1b9af6b4a660f03a5c1b95	d475bb63a50acb3f886e6d866fc7718d0b9e686cfd989bb842bed36b80915c8b	aws-kraken2/data/cohort/SRR5946944_2.fastq.gz	RJlhPJjt7FonQY6EvKEn9BPwmLKFuGsZ	2026-10-08T05:46:12Z
SRR5946956	1	51652141	cd40ce205ed2a211cf87b1707ad34eb1	a12b2f565ccc84d5cacbaf7c69051dd2ecc663c865b43c10399d0aa5463fa39c	aws-kraken2/data/cohort/SRR5946956_1.fastq.gz	8.z.hRXPrzIJ75uOw7snYFTxUk3rFINI	2026-10-08T05:46:13Z
SRR5946956	2	51813835	626bdc5b17ee27d701a716fb14113f28	c48ce7eb097785e968c644e500d9af1439bf5cd05f9a7e3e02ae0089048da767	aws-kraken2/data/cohort/SRR5946956_2.fastq.gz	4IUc6d085GiyGoSlVira5KBBVLdfJ2kz	2026-10-08T05:46:13Z
SRR5946968	1	404515885	9274ba43320fd6c21bf2d9e9dbd302ca	2702ac6aef18ae5234e1b007dc60af2fc93dc94d8eaa82cae0847c8a15bea490	aws-kraken2/data/cohort/SRR5946968_1.fastq.gz	8pHioxgfyjtRzWjHQjL2tfXqPclSFBMo	2026-10-08T05:46:13Z
SRR5946968	2	399173694	5a37697d8e6a07c31d8400784e282563	cfdbb4aca11a42a4a40e673af9e63a99d7cc160ca2062dc05a4b863661dba842	aws-kraken2/data/cohort/SRR5946968_2.fastq.gz	HbzZqhBXLheHYdcXNWfSbIEqIs5W1tmh	2026-10-08T05:46:13Z
SRR5946980	1	635607412	b55cc5b65866a96b2830944ad2df93bf	83648c889133bc4bb39987e3e5240832a8663394c4be08cbea6ebf0036060209	aws-kraken2/data/cohort/SRR5946980_1.fastq.gz	.GYcWFZY5uLH0zSUxpE1pZs4Ni.E8Ydi	2026-10-08T05:46:13Z
SRR5946980	2	631492305	f345d02b2023e0bf6269cecc9b08a557	358624e50a04e0ace63d5e3e1292ab3a95af21418784f598db24c25420372fe7	aws-kraken2/data/cohort/SRR5946980_2.fastq.gz	UfS3f.w2YdVX7uCbsLgADP.SrMFhbkS_	2026-10-08T05:46:13Z
SRR5946992	1	487171706	8dbc3e7b7cfb38fedfee5156a93e2746	7a68b93a33c63355e466782628861743d35960349e61c1aa8e2ef8b14b3e2c90	aws-kraken2/data/cohort/SRR5946992_1.fastq.gz	TfY6RoripDPrTQZWTJQibrbIwOHK4M99	2026-10-08T05:46:14Z
SRR5946992	2	482964739	ef9e1b132b8577ba02424b9121aeb4f0	488707e7b1a734b57df28583db7371ff77ed715023257e75e78a461f6bed4276	aws-kraken2/data/cohort/SRR5946992_2.fastq.gz	8Ye3uQ2GYyImyLPmDnlA7fNTqeX_ywcm	2026-10-08T05:46:14Z
SRR5947004	1	536510220	5ad08bc270c5cfdf61b05d514a9d0f7d	e162e9474b4fa344970c15f6239c114a307e7d843b7404eb2734265919dc9d03	aws-kraken2/data/cohort/SRR5947004_1.fastq.gz	35OHnOIKnJ4_aipygBrU8pQq4bzao2K.	2026-10-08T05:46:14Z
SRR5947004	2	539026735	e90565a4dabe17c2e8aa140733beda4b	b1f0e94342979e7b77047ada0079ee8710e3a1959ea65403256e83de7f24036a	aws-kraken2/data/cohort/SRR5947004_2.fastq.gz	xNoTXf6eQBEpCho.YbuCla6rKtqe_qzd	2026-10-08T05:46:14Z
SRR5947016	1	822908435	2f78a08a152e6d7520aad90e7f78f8b0	44f370a81aa6a7149ba983803f982daaedc54a64e72a2586955df5463f287bf6	aws-kraken2/data/cohort/SRR5947016_1.fastq.gz	5sTLIwPwVKeDoz72GmKy1AtcANwqeWUW	2026-10-08T05:46:15Z
SRR5947016	2	835459666	ea29c6c50104b7e649ff043344b80b74	63bdbf2b32380cd06931251174e2a3622f4a69013638727d0e81a7dbe47c74da	aws-kraken2/data/cohort/SRR5947016_2.fastq.gz	2SCZ9DZnw3ujSjA5wOPZzyLjTGA7vW3W	2026-10-08T05:46:15Z
SRR5947028	1	902127439	2acafa3a7021a6b23c45ddb26030dd1d	4b60e1e2fa4748c82bb1749376052be9f2b916036ac8b606c030b19f62850ca5	aws-kraken2/data/cohort/SRR5947028_1.fastq.gz	MP540UTxNb1TDCrrMnnh7u4mFHhMBztd	2026-10-08T05:46:15Z
SRR5947028	2	921754732	fda3d31afb4e28c1174b312f24ef283f	4a46ff354602e79c4293d89e091e5e36341d3e8ebf77f838b46175eebc7cfd3f	aws-kraken2/data/cohort/SRR5947028_2.fastq.gz	MId7sMKuPwzGu7MMxigMYEczcVjgVjr4	2026-10-08T05:46:15Z
SRR5947040	1	273123290	2e94d5f776922c5e19f3dde71bfa59ae	fb2f6adaf08d6eef453fae9765e4983e9c87a7d928d6332a208638d3fc506dcc	aws-kraken2/data/cohort/SRR5947040_1.fastq.gz	_Uvnqey0.UM_w91cGU8C_KHQK7GYQqM6	2026-10-08T05:46:15Z
SRR5947040	2	267881326	ba1835b5cfb82c8c9d10fa2704962769	fc9ffc34c8a3fc5d8868869c87698fd2f0fec0e7e81662385f4fbc09e57f032e	aws-kraken2/data/cohort/SRR5947040_2.fastq.gz	Yc78V.ZxhJCXYqtt6KFo8Y9qdafzgNa2	2026-10-08T05:46:15Z
SRR5947052	1	495376084	cb3eb346c7c5e703617ab231d9fa3d2f	f81ee228df144fba98e586572e323f6d60eb455615f4591673b483d99dde5324	aws-kraken2/data/cohort/SRR5947052_1.fastq.gz	Zf_qBQ2RBYjRfAuex2BO5jPxkxsuDwyG	2026-10-08T05:46:16Z
SRR5947052	2	486562160	620f916015bb940c0d45014c13232668	f7a488c68211f1c286135fa34e7b3199624a00c67cba19bada1a977c88c5db40	aws-kraken2/data/cohort/SRR5947052_2.fastq.gz	zNBjh1SZP6vGHTr1ytF0JCotq0m29c6q	2026-10-08T05:46:16Z
SRR5947064	1	421118292	d389689380964442de5ed34948671ff8	2a4a8b9204c9ad01ab763fcb3ec180d1b822529fcf2bdf84175b81d9aaee8b61	aws-kraken2/data/cohort/SRR5947064_1.fastq.gz	p3g35ay.w6ljbpXhB7bPfArxR9i7nIcO	2026-10-08T05:46:16Z
SRR5947064	2	418036400	06d79d7fcf243b024698fda673a68fc1	9b3455a47c0f69ca0d465597c9615687630527a4c0be9af884ca1b423db62f0c	aws-kraken2/data/cohort/SRR5947064_2.fastq.gz	MTJFYltbzniMa3joJSFAGFuf8YgjkcuJ	2026-10-08T05:46:16Z
SRR5947076	1	325982888	ed973b00a886ebea7f149bb381a22827	3ab59268903d8100a4959765f138ee4b7b13a8c27c9065b9b6653b05cc6a383c	aws-kraken2/data/cohort/SRR5947076_1.fastq.gz	xqyQDJiHkeQdxyAzMsxgxgPsOjsL7u.G	2026-10-08T05:46:16Z
SRR5947076	2	324527991	c54db87a4fd8bd519e97332256de90b8	202bbe8894cc22aa5a71dd4fca65ceecc8f8be7af1ab159493e0079c3eb9bb61	aws-kraken2/data/cohort/SRR5947076_2.fastq.gz	uk3VnNtCyPh2HDXLcIQYXOF5sCoQuqV6	2026-10-08T05:46:16Z
SRR5947088	1	484829665	c47c3378c9c1afe3c5f4d2751de811a5	89461043bfb447c565399b40d503c6033038c7349e54b427a080bcbe48f9054f	aws-kraken2/data/cohort/SRR5947088_1.fastq.gz	f.KcVQbgN.crb3owZ0vRjrrSYIjlI3EL	2026-10-08T05:46:17Z
SRR5947088	2	466959205	0ff1fe76a4e018c830c007de832ba559	aa43047f440b630d8d4642835bb490574d1669b64a4fc1d6ad96801dfe69dbe2	aws-kraken2/data/cohort/SRR5947088_2.fastq.gz	uR5mctSM2DmNkZPLR3cysDAEmQ2C9S84	2026-10-08T05:46:17Z
SRR5947100	1	726279467	7603b89354495132251f7779b68575c3	90b17ed7f437f2bc370956354c592723c44b50f48b38c22e2484bd2a7e30a8f1	aws-kraken2/data/cohort/SRR5947100_1.fastq.gz	hEl7A83fswBSwSLMgNxzkKL7MIVjwCHc	2026-10-08T05:49:03Z
SRR5947100	2	718161728	a4d8076f52d52df88e7bae5cbf5cdd0a	1c009ad5c769f05ae75d80c4652865a63632430d0ec065800aa491e6fd02073b	aws-kraken2/data/cohort/SRR5947100_2.fastq.gz	LgK2JWLQDui9KAq8FICVdYOMLpDucbo9	2026-10-08T05:49:58Z
