ordinal	read	minimizer	home_slot	value	hit	probes	final_slot	gets	bytes
34	0	079c71e402100111	281557809642	0	false	1	281557809642	1	65536
996	22	33e82828e2302320	170167605081	0	false	11	170167605091	1	65536
1758	39	2a39723132010010	186000694968	0	false	2	186000694969	1	65536
2542	56	28bbe2aa70120210	43251372817	0	false	9	43251372825	1	65536
3025	67	28f88e00f2323310	100450322722	0	false	26	100450322747	1	65536
4464	99	3dc3a23fe3003300	178631087700	0	false	1	178631087700	1	65536
4942	109	2c28802ff3333200	87138192572	0	false	8	87138192579	1	65536
4988	110	02582b9f50220213	248086161249	0	false	1	248086161249	1	65536
5305	118	3002f328c3030330	247830528901	2100636	true	4	247830528904	1	65536
5465	121	0183a488f2312020	174175594106	0	false	11	174175594116	1	65536
5844	130	235fde9782332021	169804742893	0	false	6	169804742898	1	65536
6304	140	24cbc0ee92011310	233279362318	0	false	1	233279362318	1	65536
6928	154	03ebc42913310130	100932213997	0	false	6	100932214002	1	65536
8532	190	2bbda8ebe0001020	246141270519	1	true	1	246141270519	1	65536
8906	199	2d207f18a0233030	167312560271	0	false	18	167312560288	1	65536
9835	220	3213f7d542310000	74681745632	0	false	17	74681745648	1	65536
9951	223	2bfe88ce30012000	46898908103	0	false	6	46898908108	1	65536
10563	236	030c3bc3e1033230	164275929516	0	false	6	164275929521	1	65536
10692	239	2f9e73b4f0312300	268823081929	0	false	17	268823081945	1	65536
12117	271	019efacc52032002	206518788709	0	false	12	206518788720	1	65536
12283	275	30370fd083333300	41299609719	0	false	3	41299609721	1	65536
12500	280	03f8a290c1023212	234937474250	350102	true	1	234937474250	1	65536
13257	297	21502bcc41331211	11811521649	0	false	17	11811521665	1	65536
15618	350	0a68999923120120	41068363051	0	false	1	41068363051	1	65536
18056	404	2a017357d0030000	140334000117	0	false	9	140334000125	1	65536
19039	427	003a6fc493200313	260464166384	286968	true	1	260464166384	1	65536
20134	451	011c543940023103	133808039069	0	false	1	133808039069	1	65536
21117	474	23ff800cd3013000	164082613119	0	false	5	164082613123	1	65536
21567	483	271023af73331030	257603989932	0	false	2	257603989933	1	65536
22012	493	2fc3de2cd3000200	260561109279	0	false	1	260561109279	1	65536
23056	516	014a3ff100100330	152855825459	0	false	1	152855825459	1	65536
24887	557	351281ff82332000	27607109009	0	false	6	27607109014	1	65536
25326	567	39d630c2e0110000	73247453962	0	false	3	73247453964	1	65536
25506	571	0328934f23123313	49304478763	140360	true	3	49304478765	1	65536
27804	623	010b90bd93300023	163038731286	0	false	1	163038731286	1	65536
28307	634	2f3efc0343223130	145387186256	0	false	5	145387186260	1	65536
28377	635	30cca3c3f0300130	231549765054	0	false	2	231549765055	1	65536
29474	660	2082020c92011031	234226320165	0	false	8	234226320172	1	65536
30143	675	33a910ef33203000	276018725958	0	false	16	276018725973	1	65536
30910	693	220e619230011321	96272808675	1	true	1	96272808675	1	65536
32003	717	24d3be3920320000	91894899417	0	false	11	91894899427	1	65536
33010	740	2e374d01d2220030	95388533445	0	false	1	95388533445	1	65536
34243	768	30b0c003b3030300	93981013615	2143474	true	1	93981013615	1	65536
34394	771	03cca8d070103332	72900605011	0	false	1	72900605011	1	65536
34458	773	242afa93a0223200	106782968363	0	false	17	106782968379	1	65536
35487	796	2ffc8f4f20323100	101907597048	0	false	2	101907597049	1	65536
36378	816	093f9b8531013101	171665770364	0	false	10	171665770373	1	65536
37612	843	2030800030010300	87987348198	0	false	3	87987348200	1	65536
38153	855	09cf08c322233100	254574321041	0	false	1	254574321041	1	65536
38444	862	20fbe8ff31202000	239503975996	0	false	1	239503975996	1	65536
39806	892	2027fe03b0103221	139060798918	0	false	8	139060798925	1	65536
40022	897	02cf404c40213230	45869207462	0	false	29	45869207490	1	65536
40231	901	3311ff1cf1303330	87845117935	0	false	1	87845117935	1	65536
40248	902	30d00c8be3003300	185182735949	292852	true	1	185182735949	1	65536
40362	904	041ff7a923333201	42971384968	0	false	1	42971384968	1	65536
40432	906	0134957ea0023331	212015241793	0	false	3	212015241795	1	65536
40656	911	2fd430ddc3031300	228727657985	0	false	2	228727657986	1	65536
41256	924	220fb2df73332130	194148167349	0	false	6	194148167354	1	65536
41948	939	074f7f8b33000220	136269866326	0	false	1	136269866326	1	65536
42796	957	2082a21ce1001300	82461206645	0	false	1	82461206645	1	65536
43242	967	3c4fd003a0010200	293586708814	0	false	4	293586708817	1	65536
43264	968	2223cfb931023000	98438865218	0	false	1	98438865218	1	65536
44465	994	20b0c81b52022230	47497141242	0	false	41	47497141282	1	65536
48227	1077	03c400ec03230311	86957862671	118715	true	1	86957862671	1	65536
49329	1101	03ffc8f3f0030032	143051220922	1177858	true	1	143051220922	1	65536
52417	1169	0403ccccd3313323	159394588279	0	false	1	159394588279	1	65536
53461	1193	0534a38e93131032	170908728608	0	false	1	170908728608	1	65536
54198	1209	2c08037bc0000000	65050609528	0	false	1	65050609528	1	65536
54699	1220	2ce49d3a41322130	108500349774	0	false	2	108500349775	1	65536
55134	1230	203effafa2310220	282844799223	0	false	2	282844799224	1	65536
56301	1256	34fd67dc00121210	274594825534	0	false	14	274594825547	1	65536
56599	1262	21a35dad03302130	165833441709	0	false	4	165833441712	1	65536
56651	1263	2fafc8b4d2303030	149865708461	292819	true	1	149865708461	1	65536
57277	1277	22034a4f00300031	162378004360	0	false	6	162378004365	1	65536
60322	1344	0d1c3030c1020001	101958182192	0	false	1	101958182192	1	65536
61300	1366	0280d48fc0030233	179470540209	0	false	8	179470540216	1	65536
64795	1443	0591453831312201	169141939356	0	false	4	169141939359	1	65536
67416	1501	02bd0913c0333133	34382688514	0	false	5	34382688518	1	65536
67799	1510	03035f14c3223033	293613168252	0	false	1	293613168252	1	65536
70147	1562	01030de220130022	174253467819	0	false	6	174253467824	1	65536
70478	1569	0380c8c081030310	40617304349	0	false	1	40617304349	1	65536
71065	1582	06b3ca3541303021	221406753572	0	false	5	221406753576	1	65536
71111	1583	2f1023c0d3033300	36895746536	0	false	5	36895746540	1	65536
71208	1585	23fec17411003111	152350067690	118715	true	1	152350067690	1	65536
71317	1588	20eeb63f73012310	41891861614	0	false	13	41891861626	1	65536
72219	1607	03ccc9fc00303322	173706735012	0	false	1	173706735012	1	65536
72407	1611	01f31cd340322310	108758760063	0	false	1	108758760063	1	65536
74477	1657	23bf37c000302010	208301904549	154409	true	1	208301904549	1	65536
76510	1703	2b7368e8f2331010	176442645199	0	false	2	176442645200	1	65536
77039	1715	0288324383030033	33520229345	0	false	4	33520229348	1	65536
77878	1733	033fad1971122123	145222809034	0	false	2	145222809035	1	65536
79529	1770	07fac80f00303101	168678317705	118715	true	1	168678317705	1	65536
79840	1777	017444f9c3101023	12183847203	0	false	6	12183847208	1	65536
80433	1791	2f12208a00332230	46752405721	118715	true	1	46752405721	1	65536
80910	1801	0305d041e0322321	142803664916	548809	true	1	142803664916	1	65536
81990	1825	371c0df4f0013310	102402854217	0	false	3	102402854219	1	65536
83133	1850	3c8c00fff3000330	78151723922	0	false	1	78151723922	1	65536
83201	1851	248d1ece00322300	207547241063	0	false	15	207547241077	1	65536
84191	1873	02b53305c3103103	72049856683	0	false	2	72049856684	1	65536
86322	1920	3239031600003330	106350996094	0	false	1	106350996094	1	65536
87884	1955	3979d5d8d1010320	154582846461	0	false	15	154582846475	1	65536
88360	1966	0073ff38c3000333	130743742328	1924203	true	5	130743742332	1	65536
88400	1967	04dff354f3133033	122805717959	0	false	8	122805717966	1	65536
88471	1968	2c35743cc1203230	275944873168	0	false	8	275944873175	1	65536
88480	1968	21fde0e081300030	91313611461	0	false	6	91313611466	1	65536
88808	1975	01380cff02010000	62917445978	974611	true	2	62917445979	1	65536
88995	1980	22ae794080003200	151656885127	0	false	1	151656885127	1	65536
89035	1980	22439493c2222221	58454239538	0	false	5	58454239542	1	65536
91048	2024	2112e301e2100000	85035491189	0	false	2	85035491190	1	65536
91709	2039	03ae0fe313132330	12985188608	0	false	1	12985188608	1	65536
91771	2040	24880ce603332031	280867836622	0	false	7	280867836628	1	65536
92154	2048	0553528bd0230330	209270504934	0	false	9	209270504942	1	65536
92417	2054	277e7a3d10002030	20762405702	0	false	2	20762405703	1	65536
92666	2060	200f22d1f0030301	130463841057	0	false	1	130463841057	1	65536
93391	2076	20b113ae32013210	95020956867	1730546	true	1	95020956867	1	65536
93406	2076	23e08f7fa1333210	152384346410	0	false	14	152384346423	1	65536
93815	2085	2fdb3d31f0210010	135703813981	0	false	5	135703813985	1	65536
94574	2102	27a2e36c90012010	131771332399	0	false	5	131771332403	1	65536
95513	2122	3103cfffa0133020	79538247696	0	false	1	79538247696	1	65536
97826	2174	24584837a0210000	128691176337	0	false	1	128691176337	1	65536
98063	2179	36663e1330330300	295080492884	0	false	1	295080492884	1	65536
98580	2191	381df883c2233120	79440698319	0	false	3	79440698321	1	65536
99903	2219	0141ef7c60002020	216610999630	0	false	2	216610999631	1	65536
100776	2239	218cdd8373302200	126616116797	0	false	21	126616116817	1	65536
100949	2243	333fb422e1332300	194089033569	0	false	12	194089033580	1	65536
102003	2266	03a50262a1222112	54112156670	1	true	1	54112156670	1	65536
102482	2277	355374ccf3102320	131842600821	0	false	2	131842600822	1	65536
103281	2295	0966a367d3330123	148557699031	350134	true	1	148557699031	1	65536
105590	2346	24c96d78f3110001	57086530267	0	false	1	57086530267	1	65536
106748	2372	2fdfc80543011300	276206302226	0	false	11	276206302236	1	65536
107004	2377	2aa3c43803031200	3926168322	0	false	3	3926168324	1	65536
109062	2422	382203fff3031000	146051552991	0	false	1	146051552991	1	65536
109417	2431	2ffe9fcdd0023320	217789013347	0	false	1	217789013347	1	65536
109728	2438	3737662dc1000210	233126656844	0	false	44	233126656887	1	65536
110088	2446	2f1483c900120020	204635294598	0	false	3	204635294600	1	65536
111542	2478	04a6ebeb30113302	5146696068	0	false	6	5146696073	1	65536
111637	2480	210ce81f81300020	85732569375	1843862	true	2	85732569376	1	65536
111687	2481	014e1d71c0020300	184227077583	0	false	1	184227077583	1	65536
111951	2487	018fc039f3032323	104252106595	0	false	23	104252106617	1	65536
112487	2500	0742df73f3233000	98477069559	0	false	1	98477069559	1	65536
112631	2503	21c6024eb1333020	23925425031	0	false	3	23925425033	1	65536
112735	2505	03e08f4080323100	137709078606	0	false	7	137709078612	1	65536
113055	2512	017262fff3230333	223472309588	0	false	7	223472309594	1	65536
113319	2518	37ef3fe7b0130020	237697324633	0	false	14	237697324646	1	65536
114543	2545	037b024a12000003	100730224588	0	false	6	100730224593	1	65536
115372	2564	0370ded123100201	67643869937	0	false	8	67643869944	1	65536
116405	2587	2d01320dc0102030	267828605391	0	false	6	267828605396	1	65536
116779	2596	034e2bffd0122030	159298831815	0	false	3	159298831817	1	65536
119396	2654	34f3e8c4e1310300	255546070990	0	false	1	255546070990	1	65536
119597	2658	2f1a3c1d33200000	203319210617	0	false	1	203319210617	1	65536
121475	2700	0383ffc303013330	239389399764	0	false	1	239389399764	1	65536
121876	2709	3048eb0ce3002200	245618194915	1925094	true	7	245618194921	1	65536
122349	2719	0883e922e1330021	232171801983	0	false	7	232171801989	1	65536
122648	2726	0bd51f1d20303231	158988954954	0	false	2	158988954955	1	65536
123099	2736	22b22f3f62031031	106548517810	0	false	28	106548517837	1	65536
125858	2797	2464313ad0212300	160944955576	0	false	22	160944955597	1	65536
127014	2822	2bcef742e0102310	37361704494	0	false	2	37361704495	1	65536
127916	2842	22cde1f392210120	189633172851	0	false	2	189633172852	1	65536
129087	2867	27ede02643031201	158877404362	0	false	5	158877404366	1	65536
129676	2880	03f749f702010001	54762858466	1414101	true	8	54762858473	1	65536
129752	2882	2c81741582032010	254362804164	0	false	7	254362804170	1	65536
130123	2890	20f2ba2e80303300	161126164234	0	false	1	161126164234	1	65536
131280	2916	27017f0813312310	253094838076	0	false	1	253094838076	1	65536
131702	2925	2720823790100201	200314154154	0	false	10	200314154163	1	65536
131822	2928	290d011070302300	274895397278	0	false	17	274895397294	1	65536
135304	3005	0200f0eff0023303	102270865606	3	true	1	102270865606	1	65536
135478	3009	2e823bd782301030	74255744445	0	false	5	74255744449	1	65536
136876	3039	027830f3d2120131	185106832714	0	false	16	185106832729	1	65536
137959	3063	301f8c9050030200	80841129526	0	false	1	80841129526	1	65536
138232	3069	273f5a3711313010	272804684686	0	false	1	272804684686	1	65536
139151	3090	0b91beba73311113	248331163365	0	false	1	248331163365	1	65536
139722	3103	03471430c1002301	189928428101	0	false	3	189928428103	1	65536
139967	3108	2fffd4cfc3303010	257701878390	0	false	1	257701878390	1	65536
142895	3172	334ceef730312330	266938791707	118715	true	1	266938791707	1	65536
143242	3180	23c8e03202303201	64109253480	0	false	2	64109253481	1	65536
144243	3202	03cf633fc0031002	214067179491	0	false	2	214067179492	1	65536
144285	3203	24638795e3013011	118075808378	350134	true	1	118075808378	1	65536
146589	3254	007b653af1323232	93685617012	0	false	3	93685617014	1	65536
146881	3261	34bff3cbf3030000	254206856596	0	false	3	254206856598	1	65536
147007	3263	2cf59fcef0331230	133049918680	0	false	7	133049918686	1	65536
147251	3269	3303a6d480123320	224596488880	0	false	7	224596488886	1	65536
148915	3305	03ffae5223301232	294411010458	0	false	3	294411010460	1	65536
149216	3312	3908f9f003023010	29990105799	0	false	3	29990105801	1	65536
150140	3332	22007d78f0330200	84871503998	0	false	1	84871503998	1	65536
150491	3339	0a562aa7d2102220	291202925834	0	false	5	291202925838	1	65536
150541	3340	2883f7efa2200030	161627113029	0	false	1	161627113029	1	65536
153336	3402	2e4109c711330000	16661807449	0	false	1	16661807449	1	65536
154459	3426	23a0c50073032300	163145212536	0	false	1	163145212536	1	65536
155393	3446	20a6df4272231120	253906171541	0	false	1	253906171541	1	65536
155550	3450	0386d74cc0233023	140465718726	0	false	25	140465718750	1	65536
155685	3453	27804f0a42330000	170318183812	0	false	1	170318183812	1	65536
155781	3455	30283b1d02130130	243365076694	0	false	5	243365076698	1	65536
156003	3460	2f345c5002310300	163430349658	1925129	true	1	163430349658	1	65536
156077	3461	03fdf078e3303300	145620672036	38	true	1	145620672036	1	65536
156686	3475	25f8580031020100	115370629214	0	false	1	115370629214	1	65536
156749	3476	200d043342303301	191723758560	0	false	3	191723758562	1	65536
156778	3477	0978583d80102221	274788703137	0	false	1	274788703137	1	65536
157696	3497	1385316a52112021	9602550435	0	false	2	9602550436	1	65536
158349	3511	03b35feae2310330	5624325886	0	false	3	5624325888	1	65536
158645	3518	3d08fe8203320320	6632222599	0	false	12	6632222610	1	65536
161162	3572	2f352328e1332330	70161175684	0	false	2	70161175685	1	65536
161447	3578	271f411431011020	257645768301	140364	true	2	257645768302	1	65536
161670	3583	04dd353cd1323312	77949532463	0	false	2	77949532464	1	65536
161926	3589	0d05ef6990210202	42246313851	0	false	1	42246313851	1	65536
163755	3629	2231269242203121	94074633630	0	false	1	94074633630	1	65536
163906	3632	2414d4fbd1230331	16731645751	0	false	15	16731645765	1	65536
164319	3642	011a4c8290231032	46739642051	1	true	1	46739642051	1	65536
165200	3661	052f5d7e30103120	137181348515	0	false	2	137181348516	1	65536
165687	3672	0038030041021202	290339131207	140360	true	1	290339131207	1	65536
166996	3701	226e9928d2221011	169909043927	350134	true	1	169909043927	1	65536
167540	3713	234c4c2031202210	14080177015	0	false	23	14080177037	1	65536
168256	3729	071f7c2033113023	33105943396	0	false	13	33105943408	1	65536
168996	3746	00131e99f0201100	212525719607	0	false	5	212525719611	1	65536
171545	3803	0b48208f52201200	190843808447	0	false	42	190843808488	1	65536
171597	3804	232fb392a1001101	204492986563	0	false	2	204492986564	1	65536
172195	3817	0948df59c1330032	109780793381	0	false	6	109780793386	1	65536
172516	3825	02802c7c60112331	132393093630	0	false	1	132393093630	1	65536
173098	3837	2449188100220200	99846690451	0	false	9	99846690459	1	65536
173174	3839	0341fc3e82221230	23447828413	0	false	3	23447828415	1	65536
174457	3868	26bff6d880321300	294523393742	0	false	15	294523393756	1	65536
175087	3882	24f34298e0112300	102678708661	350134	true	1	102678708661	1	65536
175361	3888	2490cbd782201000	293557426558	0	false	1	293557426558	1	65536
176340	3909	211043ec72033010	63480450653	0	false	2	63480450654	1	65536
176348	3909	3361cfdff2200020	22681554507	0	false	10	22681554516	1	65536
176584	3915	27c6a38482111300	48388208687	0	false	12	48388208698	1	65536
177427	3933	0a69a4d7a2221310	100407275199	0	false	31	100407275229	1	65536
178739	3962	200f245742303211	177176724346	2	true	1	177176724346	1	65536
179623	3982	038ff0ee00032230	289566334661	0	false	1	289566334661	1	65536
179761	3985	25bfe16d23013211	175711537926	350134	true	1	175711537926	1	65536
180649	4004	016e9cd3a0323333	93627996808	0	false	1	93627996808	1	65536
181205	4016	053f810e10130113	259930872335	0	false	1	259930872335	1	65536
181865	4030	282c9ea303002210	200603298062	0	false	1	200603298062	1	65536
183416	4065	2b1e356e21212330	32439075856	0	false	1	32439075856	1	65536
183542	4068	3106626283000210	273893099514	0	false	39	273893099552	1	65536
184261	4084	2dcf4c2db1211300	77171731269	0	false	4	77171731272	1	65536
184507	4089	0bd8397d03130131	166041776993	0	false	1	166041776993	1	65536
185354	4108	2ae16b0773200111	187350165624	0	false	1	187350165624	1	65536
185867	4119	05d408c4a3033200	255137473799	0	false	18	255137473816	1	65536
186460	4133	344f0850f3300000	165544511684	0	false	1	165544511684	1	65536
186728	4139	3100f70273313000	20035222159	0	false	1	20035222159	1	65536
186791	4140	030d040543003031	72736440644	0	false	1	72736440644	1	65536
187529	4157	34afcaffb3022120	269714750704	0	false	7	269714750710	1	65536
189310	4196	03e38d78d0013320	15245954431	0	false	12	15245954442	1	65536
190075	4213	30cd030ef0203320	152745695419	0	false	1	152745695419	1	65536
192447	4265	2fb1f30bb3230320	164139660176	0	false	3	164139660178	1	65536
192555	4267	03fb363cb3333033	261958224477	0	false	3	261958224479	1	65536
193228	4282	3353a52ae0202300	52643575935	1	true	1	52643575935	1	65536
193823	4295	0150cc34e1020032	3476474354	0	false	5	3476474358	1	65536
193898	4297	08f33dd7f0110130	181983068673	0	false	5	181983068677	1	65536
194162	4303	26e5420a73112220	250518929266	0	false	1	250518929266	1	65536
195765	4338	07740d1d81101300	147255545272	99261	true	1	147255545272	1	65536
196351	4351	073ea3ed83010230	293035748762	0	false	9	293035748770	1	65536
197640	4379	21369044a0100020	181342346565	0	false	2	181342346566	1	65536
197942	4386	2a166dff21333100	62177269251	0	false	2	62177269252	1	65536
198183	4392	0330baf240233032	153954803989	0	false	1	153954803989	1	65536
198332	4395	004c0022a2310130	257331348375	0	false	1	257331348375	1	65536
198707	4403	24eb8a7fe0311311	233552068759	0	false	1	233552068759	1	65536
199269	4415	2c587207a1200300	265152163660	0	false	1	265152163660	1	65536
199543	4421	2e7a519ff2000300	232849291913	0	false	1	232849291913	1	65536
200068	4433	27f93fb3e0030230	197947564412	0	false	8	197947564419	1	65536
201635	4467	250c913a30310300	199402493169	0	false	2	199402493170	1	65536
202594	4488	0277fbdf22030331	42721334613	0	false	11	42721334623	1	65536
203091	4499	3d7f518373333200	167932347453	0	false	3	167932347455	1	65536
203149	4500	018dce9412301021	16240488067	0	false	1	16240488067	1	65536
203949	4518	07fbeaf543213113	157522640145	38	true	1	157522640145	1	65536
205476	4552	020fcf8fc0030300	172040837792	0	false	8	172040837799	1	65536
207499	4597	233ce77650231230	157661801702	0	false	4	157661801705	1	65536
208423	4617	202e0cfd03100230	107254168016	0	false	2	107254168017	1	65536
208548	4620	2b884fffd0001101	62729982417	0	false	4	62729982420	1	65536
209025	4630	02204fc332201000	84713870024	0	false	2	84713870025	1	65536
209323	4637	039ffa2f91103022	182050131902	0	false	66	182050131967	1	65536
209609	4643	010b937400233120	156371343624	0	false	6	156371343629	1	65536
209617	4643	279073e082330300	212539316593	0	false	1	212539316593	1	65536
210484	4662	20cdcac8a3313311	263023979158	0	false	2	263023979159	1	65536
216524	4797	2eb81130f0103210	67239691458	0	false	1	67239691458	1	65536
217958	4829	2509da0230332110	45418885735	0	false	1	45418885735	1	65536
218114	4832	02cfe0cdf3122322	234679806605	0	false	2	234679806606	1	65536
220864	4892	070dd73d03302312	162107621842	0	false	8	162107621849	1	65536
221886	4915	042141ba41121321	137956178166	0	false	26	137956178191	1	65536
222010	4918	000fcde620133202	233143422045	0	false	1	233143422045	1	65536
223019	4940	22c0d5e130101001	12016007435	0	false	1	12016007435	1	65536
223947	4960	010dcdd2e3111121	25282943476	63032	true	3	25282943478	1	65536
224020	4962	03b50e3cc2022302	74292862666	140360	true	2	74292862667	1	65536
224471	4973	2135996be3103130	39017207889	0	false	9	39017207897	1	65536
227104	5032	3adbc74313113200	284128556353	0	false	2	284128556354	1	65536
227472	5040	03ed410290120310	33479098604	0	false	15	33479098618	1	65536
228271	5058	307f8fcfe0000110	277557078807	118715	true	1	277557078807	1	65536
228520	5063	2192fdf720312010	546705486	0	false	1	546705486	1	65536
229352	5082	077799f741312302	12530423869	0	false	4	12530423872	1	65536
229926	5095	30f2b78e33030130	234314618048	0	false	12	234314618059	1	65536
230520	5108	388081fd52332320	156435661628	0	false	2	156435661629	1	65536
231140	5122	07364b3532211310	82492487927	0	false	16	82492487942	1	65536
231204	5123	2c2563cd52000130	240814131840	0	false	5	240814131844	1	65536
232513	5152	236d26df43303301	158461374628	0	false	16	158461374643	1	65536
232829	5159	03cc314ff1122130	103262761178	0	false	1	103262761178	1	65536
233770	5180	03cf94b710001023	80585000526	145492	true	1	80585000526	1	65536
234377	5193	215c0b6390030010	52467225437	437359	true	4	52467225440	1	65536
235942	5228	2ffaecfff1033120	137330919303	0	false	1	137330919303	1	65536
237874	5272	0a3858c630112210	286263780783	0	false	1	286263780783	1	65536
238422	5283	31fc2693f3233030	253744123112	0	false	9	253744123120	1	65536
238666	5289	2800f23080011330	14466295954	0	false	10	14466295963	1	65536
239643	5311	019447b0a3332313	61629500589	0	false	12	61629500600	1	65536
239880	5316	2cf37c7c43003300	136268504828	0	false	28	136268504855	1	65536
241993	5363	07f610c1b2023100	172523278902	0	false	1	172523278902	1	65536
244042	5409	243e6d22f3311000	134105506160	0	false	4	134105506163	1	65536
245020	5431	2be87fe4d0310030	109024448277	0	false	16	109024448292	1	65536
246537	5464	2f914b6453000030	161454718299	0	false	3	161454718301	1	65536
246769	5469	03a9eba9b0002100	217408404591	0	false	3	217408404593	1	65536
248843	5515	030d4b2892300002	217122469994	0	false	6	217122469999	1	65536
249176	5522	215a0bef30032120	171982425862	0	false	11	171982425872	1	65536
250958	5562	039dcc0021332020	236622013774	0	false	17	236622013790	1	65536
251132	5566	01f30fcf01300312	112086622526	0	false	16	112086622541	1	65536
252136	5589	03fc7cc040130130	149814455968	0	false	1	149814455968	1	65536
253678	5623	2396e36482202201	31669035193	350134	true	1	31669035193	1	65536
254217	5634	371c887bb1332010	105032800319	0	false	9	105032800327	1	65536
254979	5652	02ad95fe13133133	285723433540	0	false	8	285723433547	1	65536
255217	5657	30fa5c1470031130	209204558696	0	false	2	209204558697	1	65536
256171	5678	2ecd245783122320	148575762978	350134	true	1	148575762978	1	65536
256193	5679	09230020c1010020	60572562976	0	false	2	60572562977	1	65536
257026	5697	30dfc10b33333330	51607961318	0	false	3	51607961320	1	65536
257822	5714	0f38402031001002	140634981154	0	false	1	140634981154	1	65536
257937	5716	217b2f0e20133001	45585488271	0	false	2	45585488272	1	65536
260270	5767	003dc0e3f0313022	138179961304	0	false	5	138179961308	1	65536
260365	5769	034c00cf40033303	257726345236	0	false	5	257726345240	1	65536
261153	5786	26930e5253030101	65019200403	0	false	8	65019200410	1	65536
264057	5851	258ff7ff80003020	133688742509	0	false	4	133688742512	1	65536
264202	5854	2532541411311321	44401462710	0	false	4	44401462713	1	65536
265515	5883	04ffeacc61020312	136417842357	0	false	4	136417842360	1	65536
265929	5891	0273af0c13002310	55639989228	0	false	8	55639989235	1	65536
266261	5899	340cf8f800113320	60349826629	154409	true	1	60349826629	1	65536
266696	5908	2395e34190332301	57859925639	0	false	3	57859925641	1	65536
266786	5910	03cc00d0d2233312	9116575490	292855	true	2	9116575491	1	65536
266966	5914	261e860053322320	56002445512	0	false	5	56002445516	1	65536
268545	5949	303f3cc9c0323130	42855095442	0	false	1	42855095442	1	65536
268681	5952	07a4c9f791032310	65873349624	0	false	1	65873349624	1	65536
269871	5978	38f41408e3203000	65533849113	0	false	4	65533849116	1	65536
270249	5987	05c9350800300231	252203310400	0	false	7	252203310406	1	65536
271850	6022	20001f3e00032301	33496874941	0	false	4	33496874944	1	65536
273004	6047	020be7d901300201	197447999	0	false	14	197448012	1	65536
273424	6057	38f00c3943200310	292017598999	0	false	1	292017598999	1	65536
274070	6071	01dbd4ced0321213	169403600332	0	false	15	169403600346	1	65536
275363	6100	09ec900921323220	282550676010	0	false	2	282550676011	1	65536
275650	6107	34514934b0000120	164803643199	0	false	13	164803643211	1	65536
275903	6112	2f1005cde1303010	193595217874	0	false	4	193595217877	1	65536
275941	6113	0f85228b81332202	279447961299	0	false	12	279447961310	1	65536
276408	6123	29235d4993123320	67396676642	0	false	1	67396676642	1	65536
277439	6146	30f7f07fe1003300	230752607598	0	false	1	230752607598	1	65536
278781	6176	2f9e88eaa0101010	232692454842	0	false	3	232692454844	1	65536
280032	6204	0343f01f00303302	143278123338	0	false	2	143278123339	1	65536
280424	6213	202c3f2f93100330	208232431242	0	false	10	208232431251	1	65536
282522	6259	213231ffa0212130	107779254027	0	false	1	107779254027	1	65536
282638	6262	03370038c2233300	286820819671	0	false	12	286820819682	1	65536
283011	6270	30003c0801200220	201124943987	0	false	2	201124943988	1	65536
283266	6276	22d7caebc0303200	123872586039	0	false	2	123872586040	1	65536
283459	6280	03ee02f720230120	166408414252	0	false	8	166408414259	1	65536
284024	6292	34d8aff083310000	243547056638	140360	true	1	243547056638	1	65536
285442	6324	01de42df91013312	245559265298	0	false	9	245559265306	1	65536
286365	6344	34034fbbe1112320	170577756290	1	true	1	170577756290	1	65536
286417	6345	37fc37d5d2330330	16253803750	118715	true	1	16253803750	1	65536
287380	6366	38fc1c65d3100220	296643588223	0	false	7	296643588229	1	65536
287910	6378	2ce3211463130320	105629713003	0	false	5	105629713007	1	65536
290098	6426	097fbaae30200333	290478417651	0	false	1	290478417651	1	65536
290773	6441	3c0db72280302210	48437065133	0	false	4	48437065136	1	65536
291000	6445	248ecdac01331010	186218663914	0	false	5	186218663918	1	65536
291629	6459	03b4c50033020203	145684408435	0	false	1	145684408435	1	65536
292828	6486	0207fabf70323031	4016153488	0	false	2	4016153489	1	65536
293360	6497	3a403b8f73233020	225235507894	0	false	2	225235507895	1	65536
293823	6508	01ac1920a2320020	138867897554	0	false	11	138867897564	1	65536
294973	6533	3c0fc7eb41333020	175017184860	0	false	1	175017184860	1	65536
296111	6558	23f4a74161333001	163053038748	0	false	9	163053038756	1	65536
297596	6590	27e99eca60303230	54722123672	0	false	4	54722123675	1	65536
297670	6592	28cdbdd690310310	288557616863	0	false	4	288557616866	1	65536
299749	6639	2733d09c01003331	242877025827	0	false	11	242877025837	1	65536
300685	6659	2fa02fdc42203000	89809361471	140360	true	1	89809361471	1	65536
304996	6755	33ff43c302011010	259640474942	0	false	6	259640474947	1	65536
305319	6762	01ed75e030001032	280680832017	0	false	4	280680832020	1	65536
305417	6764	303fff7f00001330	209255776244	0	false	1	209255776244	1	65536
306020	6778	051609e742023223	262164898767	0	false	1	262164898767	1	65536
307378	6807	30e3a02cf2300300	296801427163	0	false	1	296801427163	1	65536
308749	6838	266ec02030030201	57833533035	0	false	1	57833533035	1	65536
308877	6840	2c03d24201130020	269614956791	0	false	16	269614956806	1	65536
309536	6855	2012300030010300	9227022255	0	false	5	9227022259	1	65536
310560	6877	20edf4a2e3332000	200923704507	0	false	37	200923704543	1	65536
311887	6906	2531e40023003300	272954931500	0	false	8	272954931507	1	65536
312887	6928	03d37f3c53330301	289488646411	0	false	41	289488646451	1	65536
313681	6945	31ed8ab8d1202000	268611070958	0	false	3	268611070960	1	65536
313853	6949	200e230003303021	45628636884	0	false	2	45628636885	1	65536
314210	6957	33f7dbdd83130030	57151800605	0	false	6	57151800610	1	65536
315446	6985	23e8500e30311300	166812083927	0	false	18	166812083944	1	65536
315757	6992	0d27fc7f81200110	87211890358	0	false	2	87211890359	1	65536
316793	7015	01652302c2013301	137679694003	0	false	10	137679694012	1	65536
317341	7027	2023f0a3f0033030	233826840980	0	false	2	233826840981	1	65536
317370	7028	21af967633031230	106451253892	350134	true	1	106451253892	1	65536
317819	7037	2a107da801223001	195981888491	1	true	1	195981888491	1	65536
318127	7044	05a9ad9ea1213222	123349070329	0	false	7	123349070335	1	65536
318603	7054	3238ac3c03012030	285632136548	0	false	14	285632136561	1	65536
318628	7055	03d9148cf1001102	280825539456	0	false	1	280825539456	1	65536
320164	7089	20dcc03790301321	236971958370	0	false	2	236971958371	1	65536
320175	7090	0339604401000010	220111421103	0	false	21	220111421123	1	65536
322475	7140	074115e2a0330220	166133345368	0	false	1	166133345368	1	65536
322538	7142	2fffcc31f3333320	292398756435	0	false	4	292398756438	1	65536
323093	7154	037acf0e32332000	6652857414	0	false	19	6652857432	1	65536
323776	7169	03cd130373300003	7064889988	0	false	1	7064889988	1	65536
324875	7193	03fff8cc33013033	58969549339	0	false	7	58969549345	1	65536
325494	7207	35fb20a021030230	50681356845	0	false	1	50681356845	1	65536
325664	7211	24d2ba4353002021	183693483286	0	false	3	183693483288	1	65536
325703	7212	228f07d5d3101230	70640186606	0	false	2	70640186607	1	65536
326004	7219	20083c1873001331	97497087329	0	false	1	97497087329	1	65536
326192	7223	2e083c9340231310	100871319141	0	false	3	100871319143	1	65536
326975	7240	0b9c9a0863300122	137563232249	63032	true	1	137563232249	1	65536
327997	7262	03bd420522320010	48856272420	0	false	1	48856272420	1	65536
330356	7315	03017dd5d0223310	213550263915	0	false	1	213550263915	1	65536
330634	7321	2faeb03401303130	25886077287	0	false	6	25886077292	1	65536
330836	7326	2000f81ff0301311	54695966692	0	false	1	54695966692	1	65536
331874	7348	274cfea930323030	34717791350	2089286	true	28	34717791377	1	65536
332855	7369	083c2000e1203133	164456971271	0	false	1	164456971271	1	65536
333185	7376	03d31f60c3123003	124263122356	0	false	3	124263122358	1	65536
334482	7405	279607e622121110	75402076450	0	false	12	75402076461	1	65536
335199	7421	2dd3491ee0031210	8897284213	0	false	1	8897284213	1	65536
336156	7442	21f32023f3030320	241006015916	0	false	1	241006015916	1	65536
336479	7449	282d3c1a60123230	124138961122	0	false	1	124138961122	1	65536
337713	7476	278e76cd92312320	207710511477	0	false	27	207710511503	1	65536
338446	7492	036b335d62231120	247701577392	0	false	13	247701577404	1	65536
339324	7512	2c4b62aae2032010	16341956644	0	false	1	16341956644	1	65536
340468	7537	2497a14802020200	63159364175	0	false	1	63159364175	1	65536
341945	7569	350e8713f3020020	67698413854	0	false	10	67698413863	1	65536
342729	7587	2173c00801100021	224421009601	0	false	5	224421009605	1	65536
343301	7600	0337fe8fc1310213	19477872522	0	false	1	19477872522	1	65536
343845	7612	204174d863100011	248011882257	0	false	1	248011882257	1	65536
346191	7663	01ff1cfef3133000	196869983232	0	false	3	196869983234	1	65536
348385	7711	320e8cb100000100	287894918439	0	false	20	287894918458	1	65536
348542	7715	03ec7c4fc0002023	239668568058	0	false	2	239668568059	1	65536
349471	7735	014742d4d0212310	195296209783	0	false	1	195296209783	1	65536
350074	7748	37d9d09b52231130	239250085358	0	false	1	239250085358	1	65536
350339	7754	02a6743301203303	219977122597	0	false	3	219977122599	1	65536
351966	7790	320ab43220320330	105067395963	0	false	10	105067395972	1	65536
352606	7804	002fc1e282031312	3217696457	0	false	1	3217696457	1	65536
353959	7834	202e98a453002330	25549272185	0	false	1	25549272185	1	65536
354066	7837	0314cae7f2010010	70784650767	0	false	42	70784650808	1	65536
355114	7860	2c403b7523010120	254388810355	0	false	1	254388810355	1	65536
356699	7894	26ecc13401133201	73754392381	0	false	4	73754392384	1	65536
358292	7930	2019a5e693110011	246214497252	0	false	21	246214497272	1	65536
358295	7930	2693554c91213010	114144012379	0	false	6	114144012384	1	65536
358377	7932	0548e4df13231130	61102413242	0	false	2	61102413243	1	65536
358446	7933	24e4e41d53100230	277076964915	350134	true	1	277076964915	1	65536
359006	7946	02be73e812332310	252653294050	0	false	23	252653294072	1	65536
360959	7990	012644ff32310302	104812672563	0	false	30	104812672592	1	65536
361675	8006	27af20df93022110	225390476901	0	false	5	225390476905	1	65536
362240	8018	34c26080f3000310	157159933152	0	false	4	157159933155	1	65536
362364	8021	29fc3132f1300000	66096661687	0	false	5	66096661691	1	65536
362946	8034	22e313cf03103310	223693775636	0	false	22	223693775657	1	65536
364238	8062	2426407c63313320	176532545704	0	false	2	176532545705	1	65536
364925	8077	335fab3b00330300	204820180444	0	false	4	204820180447	1	65536
365013	8079	34d0dbe5d3032120	85457943798	0	false	1	85457943798	1	65536
365131	8082	22607a0f82310000	78210289142	0	false	18	78210289159	1	65536
365636	8093	31002de432332020	281928576991	0	false	2	281928576992	1	65536
365738	8095	02ff4542e3302033	138211100093	0	false	21	138211100113	1	65536
369243	8172	341ccfde03011330	28659542842	0	false	1	28659542842	1	65536
369864	8186	2033c39300322230	55762160658	0	false	4	55762160661	1	65536
374397	8287	38c0f327f3202000	157871323570	0	false	1	157871323570	1	65536
374628	8292	26288ccfb1213320	203305960609	0	false	2	203305960610	1	65536
374705	8294	30050c8000200300	216147761461	0	false	6	216147761466	1	65536
374797	8295	3014fc5ec1033310	6354672946	0	false	2	6354672947	1	65536
374884	8297	390ffcc803030300	140909217808	0	false	6	140909217813	1	65536
377286	8351	20fbd40f31010010	215644457834	0	false	1	215644457834	1	65536
378377	8375	0204022931030320	155744436837	0	false	18	155744436854	1	65536
381224	8437	010bd46d03332030	92206805429	0	false	1	92206805429	1	65536
381347	8440	049469dfa2020323	254237485284	0	false	1	254237485284	1	65536
381366	8440	002242c111010003	292671061027	0	false	4	292671061030	1	65536
383314	8483	22f9a79862101100	238877674531	0	false	3	238877674533	1	65536
383478	8487	030bfb0dd0303203	96197671741	0	false	1	96197671741	1	65536
384244	8504	2401d7be53303301	43496517483	0	false	2	43496517484	1	65536
387649	8579	2540502b22300310	87433969369	0	false	7	87433969375	1	65536
387663	8579	34d328a2f0012010	109633107087	0	false	2	109633107088	1	65536
388051	8587	2b13f88473300000	113844942086	0	false	17	113844942102	1	65536
388293	8593	23737fa6b3111030	213314096713	0	false	2	213314096714	1	65536
390993	8652	3040220d10032020	147516659834	1241540	true	1	147516659834	1	65536
393518	8708	3c0d33fe40013020	155882147852	0	false	28	155882147879	1	65536
394506	8730	23b2030233003330	104304026591	0	false	7	104304026597	1	65536
394768	8736	32cf0ed4f3313010	96355997824	0	false	2	96355997825	1	65536
395422	8751	275049b9c3023020	213025654611	0	false	7	213025654617	1	65536
396255	8769	033de43b33232300	73987447252	140360	true	1	73987447252	1	65536
397076	8788	2f7fc8eb00003010	65195951716	0	false	2	65195951717	1	65536
397158	8789	34b515fb93030310	192239277026	0	false	21	192239277046	1	65536
397962	8807	23ffecc401301300	237752118927	140360	true	1	237752118927	1	65536
401635	8888	33ff3f9001223200	166059043361	0	false	5	166059043365	1	65536
401650	8888	00cc34c001031101	161221038869	0	false	1	161221038869	1	65536
403854	8937	231a830cf2223320	145654627069	0	false	1	145654627069	1	65536
404569	8953	034f85fa23010200	241004166282	0	false	5	241004166286	1	65536
404954	8962	2bdc0c3f53333200	242667997777	0	false	1	242667997777	1	65536
405160	8966	07335164f3300001	169711451814	0	false	4	169711451817	1	65536
405454	8972	2b92f3ccd3133021	129295896474	0	false	19	129295896492	1	65536
407321	9014	218889feb0031231	223276007595	0	false	1	223276007595	1	65536
409928	9072	33df7c7271033300	218272024459	0	false	1	218272024459	1	65536
411659	9111	34f30c30c2100000	214468743177	0	false	2	214468743178	1	65536
412517	9131	033cd33e83233231	176249173804	0	false	2	176249173805	1	65536
412892	9139	30c0e11d32223110	70558006130	0	false	1	70558006130	1	65536
413641	9155	380f40d1e1302020	64938920786	0	false	33	64938920818	1	65536
413798	9159	202b32b341003230	36864697907	0	false	1	36864697907	1	65536
416490	9218	270ce94150023100	159185927084	0	false	6	159185927089	1	65536
417798	9247	200b014700201000	95427913212	0	false	5	95427913216	1	65536
417860	9248	35943385f3303030	186300991646	0	false	2	186300991647	1	65536
419889	9293	2e8f3f5370333110	93351521691	118715	true	1	93351521691	1	65536
419895	9293	0148ce52b2303101	221811535422	118715	true	2	221811535423	1	65536
420886	9316	03a0265a20311020	130079758885	0	false	2	130079758886	1	65536
421511	9329	34cadc2370230000	187185581190	292855	true	1	187185581190	1	65536
422447	9350	22fe1f3b73003010	138065735887	0	false	1	138065735887	1	65536
424013	9385	33f8e30233000300	136432280595	0	false	13	136432280607	1	65536
425098	9409	203fd0c2c2301110	24440978354	0	false	2	24440978355	1	65536
425684	9422	23cf050273201030	87141362634	0	false	11	87141362644	1	65536
427272	9457	21ebae15c1020200	224318159831	0	false	1	224318159831	1	65536
427582	9464	33ffcb0fb2233300	67725108272	0	false	1	67725108272	1	65536
427973	9472	3178223920202200	259715350230	0	false	3	259715350232	1	65536
428913	9493	015e88f3b2303000	257140597022	377930	true	13	257140597034	1	65536
428980	9495	23f0c3ce71102200	165424044236	0	false	4	165424044239	1	65536
430824	9536	3019f4d673011020	5901731150	350134	true	1	5901731150	1	65536
431594	9553	2fc81d3203033130	67107801480	0	false	1	67107801480	1	65536
432319	9569	3a114c0ef1333310	179512122841	0	false	1	179512122841	1	65536
432411	9571	0442390750103010	270110155502	0	false	3	270110155504	1	65536
432658	9576	348cdf14d3333330	83524957143	0	false	17	83524957159	1	65536
433869	9604	33adb0f7e2003330	233718409462	0	false	1	233718409462	1	65536
433949	9605	30245d6803033000	52270071577	0	false	1	52270071577	1	65536
434049	9608	2dc503cad3100010	141868480142	0	false	2	141868480143	1	65536
434652	9621	02f42b13c3223132	221126266850	0	false	6	221126266855	1	65536
435032	9629	0140d50be0010213	28001774565	0	false	15	28001774579	1	65536
435089	9630	222e8edc03030001	151785829726	0	false	3	151785829728	1	65536
436162	9654	22bf9d14a1331320	288649437027	0	false	15	288649437041	1	65536
437470	9682	334f005033333100	100443406347	1447906	true	2	100443406348	1	65536
442109	9784	283f375770312001	83922695606	0	false	6	83922695611	1	65536
446561	9883	2029fd3f00010000	55387252487	0	false	11	55387252497	1	65536
447605	9907	05f65dde90023210	151697955546	0	false	1	151697955546	1	65536
448868	9935	37fe03fd03202300	296226660059	0	false	1	296226660059	1	65536
448924	9936	02110b7c30233303	12419290179	0	false	3	12419290181	1	65536
450165	9964	2230fffe03033230	273195794384	0	false	6	273195794389	1	65536
450758	9977	037fcf0241030311	172934091537	140360	true	1	172934091537	1	65536
451146	9986	02a4fe40d3110102	295113513111	0	false	18	295113513128	1	65536
451720	9998	00fe82bbc2220123	59825934881	0	false	3	59825934883	1	65536
455188	10073	09019b03b3100330	87750240864	0	false	11	87750240874	1	65536
455288	10075	2dcdc0b200021210	282733945626	0	false	1	282733945626	1	65536
455477	10079	030733fe10023031	149668671630	0	false	1	149668671630	1	65536
455873	10088	23a3181030001110	81302115894	0	false	3	81302115896	1	65536
456227	10096	200b704650032000	64998174136	0	false	1	64998174136	1	65536
457987	10134	0200ad07d1010210	181139538384	0	false	31	181139538414	1	65536
460212	10183	2083cfcff2300331	41151427769	112590	true	2	41151427770	1	65536
460236	10183	2f40cc3e00330100	125532851421	0	false	9	125532851429	1	65536
461271	10206	23e43c47f3003120	229130288724	0	false	1	229130288724	1	65536
461722	10216	201bfe4ff0003231	247499483712	0	false	2	247499483713	1	65536
462242	10227	2230e49e43131230	126413541926	0	false	2	126413541927	1	65536
462536	10234	05914de750112223	280254228912	0	false	10	280254228921	1	65536
464068	10267	01285fe4e3211200	204955284777	0	false	3	204955284779	1	65536
464703	10282	034d59fff1221133	5934192449	0	false	1	5934192449	1	65536
465350	10296	2329014b91312311	118300934208	0	false	2	118300934209	1	65536
467973	10354	32fd3c0322230100	138803696514	0	false	3	138803696516	1	65536
468619	10368	02b7cc3d42223301	71468364751	0	false	1	71468364751	1	65536
468809	10373	054c2acc00333330	46490846506	0	false	1	46490846506	1	65536
468925	10375	2c80617b22333210	80434724542	0	false	51	80434724592	1	65536
471950	10441	2bfe0beb51330310	271168424257	0	false	10	271168424266	1	65536
473232	10470	00f9e1fa00313110	225641356241	0	false	6	225641356246	1	65536
473466	10475	24535354f1233031	46097940168	0	false	4	46097940171	1	65536
474354	10495	2f0b1edc10033210	4172827630	0	false	3	4172827632	1	65536
474654	10502	30c0300c00030300	104949448227	40	true	1	104949448227	1	65536
474712	10503	037455e3f0133323	163515046970	0	false	3	163515046972	1	65536
475008	10510	0147333343303103	33680874147	0	false	1	33680874147	1	65536
475031	10510	200ecf8302000230	244944487285	1925965	true	1	244944487285	1	65536
477092	10555	07e8cbd792130010	155671307606	0	false	1	155671307606	1	65536
478107	10577	20fdc4d341301310	30505847613	0	false	1	30505847613	1	65536
478652	10589	27a2c32c90012310	210676070956	0	false	1	210676070956	1	65536
480868	10638	03c4f42c31000301	39477500924	0	false	9	39477500932	1	65536
482077	10665	22ef4efc01303001	34595484565	0	false	1	34595484565	1	65536
482858	10682	0f674e4241100210	214547350132	0	false	3	214547350134	1	65536
484515	10719	33f2c3cfb0230320	234704080210	0	false	3	234704080212	1	65536
484600	10721	03d4dcf363320000	150651901566	0	false	6	150651901571	1	65536
485552	10741	2496e12941022131	182045030797	0	false	2	182045030798	1	65536
485902	10749	2562ea2a91301320	253217353267	242670	true	1	253217353267	1	65536
486251	10757	241efc9c11331210	1077266995	0	false	8	1077267002	1	65536
486413	10761	2fc8a04710002320	11955250398	0	false	11	11955250408	1	65536
486444	10761	2c0e81e290112000	165387147580	0	false	1	165387147580	1	65536
487473	10784	300a37fab3003230	143609855753	0	false	6	143609855758	1	65536
488929	10816	210c0e17e2013310	221514861907	0	false	2	221514861908	1	65536
491153	10865	0dcd0527a0333322	278142358353	0	false	5	278142358357	1	65536
491558	10874	39a7bef000220320	270179392026	0	false	1	270179392026	1	65536
491607	10875	2ffeb13501013210	35379562838	0	false	4	35379562841	1	65536
492317	10890	223d0fffa2031130	29354697916	0	false	10	29354697925	1	65536
492915	10903	0292831c23000330	69647035549	0	false	7	69647035555	1	65536
492943	10904	077e09fff3113322	152753793456	0	false	1	152753793456	1	65536
493251	10911	27b075ff12223320	239885056044	0	false	7	239885056050	1	65536
493341	10913	3778e30ef3000300	201151585678	0	false	8	201151585685	1	65536
494799	10944	084cd0ffc0221120	109935443944	0	false	2	109935443945	1	65536
495279	10955	24a0c117f0331310	165919760240	0	false	6	165919760245	1	65536
495472	10959	032544cfd3311020	88098429312	0	false	4	88098429315	1	65536
497499	11003	337a100033312320	236008588908	0	false	1	236008588908	1	65536
497974	11014	071fcdfd33333000	99546422711	0	false	1	99546422711	1	65536
498457	11025	05525d6511013110	240888607777	0	false	1	240888607777	1	65536
499155	11041	0794928712000002	217933968007	0	false	19	217933968025	1	65536
499685	11052	079e400202202231	185339593443	0	false	1	185339593443	1	65536
501286	11087	37c30eba20233110	193920716883	0	false	1	193920716883	1	65536
501622	11094	3707df4f90023130	28985880243	0	false	1	28985880243	1	65536
504602	11160	27a3c8c932301000	56949453189	0	false	5	56949453193	1	65536
504964	11168	2c71d64243102200	99786190371	0	false	1	99786190371	1	65536
505578	11182	22ff24fd50231230	87140465861	0	false	18	87140465878	1	65536
505884	11188	0b3c0f6f83020223	112612176604	0	false	2	112612176605	1	65536
507950	11233	0535140a61310212	88195929941	0	false	2	88195929942	1	65536
509989	11278	029f0fc083000030	49885230273	0	false	1	49885230273	1	65536
511385	11309	073cb88fd0333303	109538612072	0	false	1	109538612072	1	65536
511461	11311	2581a4ee82021321	45975149471	0	false	1	45975149471	1	65536
512280	11329	283c3f8c00110030	52387456500	0	false	1	52387456500	1	65536
512463	11333	2532598183111130	177857684470	0	false	2	177857684471	1	65536
512819	11341	09aabd8e33312013	281521223834	0	false	10	281521223843	1	65536
514104	11369	2432830123300000	183203044425	0	false	1	183203044425	1	65536
514988	11389	22c7f71021030200	26135422312	0	false	1	26135422312	1	65536
515133	11392	2c8e3b0f32312100	292818712805	150003	true	1	292818712805	1	65536
515619	11403	00c0e8d000000223	35447408958	0	false	1	35447408958	1	65536
516062	11413	2bcb00fa73020120	229184841539	0	false	17	229184841555	1	65536
516769	11428	2e4bb21873031001	36903266758	0	false	1	36903266758	1	65536
516969	11433	204a0050f3300031	131726646335	0	false	1	131726646335	1	65536
519004	11477	23e3a043a1230201	8076037804	0	false	8	8076037811	1	65536
519087	11479	2665a334d3120220	221111503121	38	true	1	221111503121	1	65536
520538	11512	233cd83313210131	119376596039	0	false	11	119376596049	1	65536
520690	11515	0394ffbc70323020	117652721954	0	false	4	117652721957	1	65536
520906	11520	2dddde4042210130	89015019811	0	false	8	89015019818	1	65536
521586	11535	22a8524a20330030	271242077649	0	false	3	271242077651	1	65536
521993	11545	03457fbe70333100	43678186210	0	false	1	43678186210	1	65536
522865	11564	018403c750000300	5914385819	0	false	1	5914385819	1	65536
523191	11571	200f249a00001301	62957120161	0	false	16	62957120176	1	65536
523987	11588	2d30234d60330030	207893220890	140360	true	1	207893220890	1	65536
525383	11620	32300f67f3102330	124094561466	0	false	16	124094561481	1	65536
525394	11620	285c8cec53132011	198701206698	0	false	1	198701206698	1	65536
526440	11643	2214e04c00101130	104637417124	0	false	1	104637417124	1	65536
526667	11648	030f3cc0e3313220	221807604012	0	false	7	221807604018	1	65536
530853	11740	2005fd4f20130300	280482722211	0	false	5	280482722215	1	65536
531259	11749	22552ab853231011	146122189049	1	true	1	146122189049	1	65536
532794	11783	2a20334fc0000021	107463551266	0	false	1	107463551266	1	65536
533469	11798	01fcd00231000233	68359248275	0	false	1	68359248275	1	65536
534731	11826	0340d7c0c3322211	142532662241	0	false	4	142532662244	1	65536
535420	11841	2924ff6910013220	131702579504	0	false	3	131702579506	1	65536
536858	11872	03cd0c0033300300	292596926059	0	false	4	292596926062	1	65536
536910	11873	3b1bf4dc33100300	17786283980	0	false	2	17786283981	1	65536
537228	11880	338b009bf3330030	4535857687	0	false	2	4535857688	1	65536
537587	11889	2320030c03002030	115655044815	990240	true	4	115655044818	1	65536
538105	11900	2f7e90ff23033010	252566278576	0	false	4	252566278579	1	65536
538905	11918	258ea2dab3133300	3903101095	0	false	1	3903101095	1	65536
539331	11927	100c0a4842000121	253736903194	0	false	1	253736903194	1	65536
541785	11982	2b38483c02302300	168176907044	0	false	3	168176907046	1	65536
543866	12029	2b38cf84e3022000	136745613321	0	false	2	136745613322	1	65536
545005	12054	22fef23c61030331	269507774895	0	false	2	269507774896	1	65536
545834	12072	1094387482333122	54348853865	375177	true	1	54348853865	1	65536
545839	12072	08e5750943030023	61301256414	0	false	2	61301256415	1	65536
545986	12075	31e820fb23023010	41393474611	0	false	2	41393474612	1	65536
549180	12146	26f2094891030320	129980040667	1730602	true	2	129980040668	1	65536
551045	12188	30048f7030330000	287649465529	0	false	13	287649465541	1	65536
552152	12213	200e43ff11013130	108597586970	0	false	2	108597586971	1	65536
552413	12218	008ce40c30330232	148139884503	0	false	1	148139884503	1	65536
552589	12222	0120f0c4d3300023	242651175883	0	false	3	242651175885	1	65536
553188	12235	280e98d0c1200100	234290151823	0	false	8	234290151830	1	65536
556907	12318	3123200303300000	286162573023	1171512	true	1	286162573023	1	65536
557385	12328	2f50bc7f31223330	157846113210	0	false	3	157846113212	1	65536
557963	12341	01cc12c523233000	158616193473	292824	true	1	158616193473	1	65536
559615	12377	03271fc080320333	49345829689	0	false	1	49345829689	1	65536
560006	12386	33cffc33f0131310	31440020500	0	false	1	31440020500	1	65536
562174	12433	20350ad691033320	281114037325	0	false	2	281114037326	1	65536
564269	12480	25f34374d0220010	132008353161	63032	true	1	132008353161	1	65536
564888	12494	2d1f13ffe0020320	9646404824	619155	true	1	9646404824	1	65536
564918	12494	0240ccf6c0333300	162433944401	0	false	1	162433944401	1	65536
565426	12505	2a249278e3323120	18851382750	1	true	1	18851382750	1	65536
565590	12509	200b8e4820033020	156682436801	0	false	6	156682436806	1	65536
566226	12523	249b3f47f0213310	154034805017	0	false	7	154034805023	1	65536
566335	12526	036773e380131023	285181895145	0	false	18	285181895162	1	65536
566564	12531	2fc14cfb73303010	227053093937	0	false	1	227053093937	1	65536
566819	12537	3732e62d02212300	173773078461	0	false	2	173773078462	1	65536
568510	12574	2fc73783e2332230	168227696591	0	false	5	168227696595	1	65536
569098	12587	20b2e635c3232130	99449937977	0	false	4	99449937980	1	65536
569593	12599	016cd45fc3133120	200953364158	0	false	3	200953364160	1	65536
570094	12610	034000ea32010132	185365356605	0	false	21	185365356625	1	65536
570489	12618	2055fd2303203000	260157812156	0	false	2	260157812157	1	65536
571243	12635	24cc34ce43002230	144956873903	118715	true	1	144956873903	1	65536
571347	12637	0442eccdc1211231	272171084045	0	false	2	272171084046	1	65536
571653	12645	069390bc92021121	122307205089	0	false	5	122307205093	1	65536
572160	12656	0101c38e51222230	131046740094	118715	true	1	131046740094	1	65536
572250	12658	2dc3cad243220000	96602768453	0	false	1	96602768453	1	65536
572610	12666	300d9518c1001000	208170920425	0	false	4	208170920428	1	65536
573288	12681	30d7cd0300000100	279432632385	0	false	2	279432632386	1	65536
573352	12682	010b0373f3220300	38191963343	0	false	3	38191963345	1	65536
574382	12704	3180c5e1e2230000	12965682455	0	false	2	12965682456	1	65536
576120	12742	2d3380c4b2200320	72528602512	0	false	1	72528602512	1	65536
576463	12750	3005bc7cc1333200	295981821171	0	false	1	295981821171	1	65536
578153	12788	034ef00830203010	1722302477	118715	true	1	1722302477	1	65536
578485	12795	02912c2073011231	292002336890	0	false	2	292002336891	1	65536
578817	12803	039e979d31223130	239636754661	0	false	3	239636754663	1	65536
579333	12814	0a58618610220330	19360529167	0	false	4	19360529170	1	65536
579929	12828	20a3078c11013020	169294161876	0	false	33	169294161908	1	65536
579958	12828	30fa053700002030	200125291684	547791	true	3	200125291686	1	65536
579999	12829	200c0d03f0032300	40886209993	140360	true	1	40886209993	1	65536
581405	12860	0300f808f3023130	253211346262	0	false	1	253211346262	1	65536
585621	12952	0576740d83020001	60892228798	0	false	2	60892228799	1	65536
585974	12960	2f9c8e0cf3033000	107811136123	0	false	3	107811136125	1	65536
586557	12973	23cfcf6143020120	78603222926	0	false	9	78603222934	1	65536
588859	13025	02938cfcc0300030	122761758104	0	false	1	122761758104	1	65536
590634	13064	02730024d0103030	97251682669	0	false	1	97251682669	1	65536
591443	13081	2064048201103230	258545860162	0	false	3	258545860164	1	65536
593247	13122	24b81bc9e3030000	85117758203	0	false	3	85117758205	1	65536
594292	13144	218ccdf8d0223230	187189718145	0	false	1	187189718145	1	65536
596403	13191	01483f1fc0311103	151213340647	0	false	2	151213340648	1	65536
596591	13195	24ebb93d23323000	34992617855	0	false	2	34992617856	1	65536
597966	13224	0784c197f0310321	163126398758	0	false	25	163126398782	1	65536
598299	13232	26b86790e0203220	226936184597	350134	true	1	226936184597	1	65536
598336	13232	0689a74572331211	247113184827	350134	true	1	247113184827	1	65536
598439	13235	23f9ef4293231200	73845091822	0	false	1	73845091822	1	65536
598817	13243	30083a3430200030	149130363032	0	false	8	149130363039	1	65536
598831	13243	010fdf7f32130003	266025925993	0	false	1	266025925993	1	65536
599285	13253	2fd004bcd3332030	37930141184	0	false	32	37930141215	1	65536
600062	13271	3d93ce7670013100	83530239217	0	false	33	83530239249	1	65536
600421	13279	224eed1f62321321	139306663342	350134	true	2	139306663343	1	65536
601898	13311	035250d430320000	146559424673	0	false	3	146559424675	1	65536
602383	13322	0d43e4f020001010	58727786989	140360	true	3	58727786991	1	65536
603281	13341	02b933d3f1033032	77264551374	0	false	6	77264551379	1	65536
604489	13368	234c71f7c0031300	258555492707	0	false	2	258555492708	1	65536
604679	13372	2c3ae5c3b3320220	183579018187	0	false	1	183579018187	1	65536
605677	13394	2af8cca200031030	186024480932	0	false	1	186024480932	1	65536
608083	13446	0698622692121221	80977637742	0	false	13	80977637754	1	65536
609074	13468	3cff200d73133310	231556091553	0	false	2	231556091554	1	65536
609853	13485	277740f160021310	141628573947	0	false	31	141628573977	1	65536
610369	13496	3905f37f31303020	131327686701	0	false	3	131327686703	1	65536
611240	13516	33b7b3d313033320	23109434907	0	false	2	23109434908	1	65536
612151	13536	2ffe7f9453131230	280224356141	0	false	3	280224356143	1	65536
613476	13566	0020807800303303	35748426970	140360	true	3	35748426972	1	65536
613864	13574	27496e28e2031310	109900337212	0	false	2	109900337213	1	65536
615044	13601	080526f291320031	143833602327	2	true	1	143833602327	1	65536
616178	13626	033f0c0f71303302	122446760125	3	true	4	122446760128	1	65536
616225	13627	0088a30081103330	88001933437	0	false	7	88001933443	1	65536
616429	13631	238eebdf70330020	183563301257	0	false	1	183563301257	1	65536
619093	13692	002020fce0303231	206266183826	0	false	7	206266183832	1	65536
619136	13693	01c1defcc3023223	225752655447	0	false	6	225752655452	1	65536
619190	13694	0318345003201300	235684513855	0	false	3	235684513857	1	65536
620494	13722	248bc3c5f2310300	89415863805	0	false	2	89415863806	1	65536
620643	13726	00e4fbdb40233202	175565052659	0	false	1	175565052659	1	65536
623042	13779	05693a0b61302120	229887270011	0	false	5	229887270015	1	65536
623443	13787	0033b84af1220223	148341756818	0	false	3	148341756820	1	65536
624071	13801	31430f7db0331000	95244729719	0	false	15	95244729733	1	65536
625194	13826	31cd0cb143100300	212336804472	0	false	17	212336804488	1	65536
626726	13860	20286090a2200211	87250804976	0	false	5	87250804980	1	65536
627254	13872	039c5e1580323121	135720528958	0	false	1	135720528958	1	65536
629153	13913	3221de0b03110330	176184335918	0	false	3	176184335920	1	65536
629840	13928	23f1409f10201000	216014353217	0	false	1	216014353217	1	65536
630160	13935	2400fa0eb2301030	110751594768	0	false	3	110751594770	1	65536
630260	13937	2127e785f3112331	39824842012	0	false	1	39824842012	1	65536
630643	13946	2449f5b4f1313011	246284533937	0	false	1	246284533937	1	65536
631172	13957	200e37dc83111200	177663973962	0	false	2	177663973963	1	65536
635514	14054	0931c0dd43203330	21790286407	0	false	9	21790286415	1	65536
635682	14058	2203bde7c2132330	222980614373	118715	true	1	222980614373	1	65536
635690	14058	200d39fd43302000	74992525511	0	false	3	74992525513	1	65536
636298	14071	2a5b2248c1202111	168171894662	549393	true	1	168171894662	1	65536
637509	14097	239af71a72332021	243449850250	0	false	1	243449850250	1	65536
638431	14117	28b1f12cf0300020	250865870729	0	false	7	250865870735	1	65536
639872	14150	017ecb0e63033110	296913226557	0	false	3	296913226559	1	65536
640154	14156	3401303f90333000	248673301928	0	false	3	248673301930	1	65536
640663	14167	2200cce580131320	33569779357	0	false	1	33569779357	1	65536
641139	14177	27fcfd2701000000	15535622253	0	false	2	15535622254	1	65536
642034	14197	310f3ef023120120	59251938582	0	false	2	59251938583	1	65536
642599	14210	283f715451233130	150433372170	0	false	9	150433372178	1	65536
642691	14212	07441a3280321220	199556985152	0	false	9	199556985160	1	65536
643046	14219	31b8f3cf13201200	80039726983	0	false	3	80039726985	1	65536
643587	14231	23b298df42100330	84339361125	0	false	4	84339361128	1	65536
644029	14241	06b4e7c922233112	59159301209	0	false	1	59159301209	1	65536
644584	14253	013237bc50011311	18255862729	0	false	6	18255862734	1	65536
644595	14253	0f48375f80031003	92303537568	0	false	1	92303537568	1	65536
644976	14262	285267a5d0232100	262907703519	0	false	1	262907703519	1	65536
645618	14276	03f7dd4c00033003	104186217890	0	false	4	104186217893	1	65536
646318	14291	2827bff710323230	164773686241	0	false	6	164773686246	1	65536
647726	14322	2e633c0c61202320	223330606574	0	false	6	223330606579	1	65536
648915	14349	2ae52a4d52132130	102227416079	350134	true	1	102227416079	1	65536
650163	14376	282f40c832202100	70102916744	0	false	1	70102916744	1	65536
652344	14425	20130e6eb2033320	115897816588	0	false	16	115897816603	1	65536
652820	14435	30b7d3ea70000320	178970329503	0	false	5	178970329507	1	65536
656137	14509	30315412f1032030	170422251427	0	false	6	170422251432	1	65536
656510	14517	28d537b172300101	187278031883	0	false	9	187278031891	1	65536
656736	14522	2e0b5335e2112110	47295060241	0	false	18	47295060258	1	65536
656855	14525	01e9a61a93013010	50648908903	350134	true	1	50648908903	1	65536
656984	14528	300fac0841020030	42371207635	0	false	2	42371207636	1	65536
657023	14529	233c3ffdf3320000	286170477193	0	false	14	286170477206	1	65536
660142	14598	3cc3e3f000330130	31749709447	0	false	1	31749709447	1	65536
660277	14601	2146192a41022221	211778002554	350134	true	1	211778002554	1	65536
660447	14605	2b3cf97bc0123220	259611420525	0	false	9	259611420533	1	65536
660711	14610	259165e7e3021321	29182491570	0	false	3	29182491572	1	65536
661196	14621	2265012e52301110	36302324707	0	false	5	36302324711	1	65536
662150	14642	2ffe0eff73232330	207154128798	1926171	true	3	207154128800	1	65536
663343	14668	2ba37d9e20332310	214941250676	0	false	1	214941250676	1	65536
664249	14688	02b20b2000200030	282976341758	0	false	13	282976341770	1	65536
666394	14736	3e0cdf8183112300	140667791561	0	false	2	140667791562	1	65536
666896	14747	244217c290102330	80448304875	2	true	2	80448304876	1	65536
667279	14756	2488c88c82000020	186484924628	0	false	1	186484924628	1	65536
668516	14783	003abc7f63022232	67515529612	0	false	5	67515529616	1	65536
668893	14792	34c394bba2023030	251464442656	0	false	1	251464442656	1	65536
669096	14796	34a68d9490001200	48521002086	0	false	5	48521002090	1	65536
669689	14809	302ff4fad3100120	36360922318	0	false	7	36360922324	1	65536
670037	14817	2434a5e533120311	18715947245	0	false	5	18715947249	1	65536
673261	14889	05ae6a4850223213	122164821885	350134	true	1	122164821885	1	65536
674535	14917	030d3c0050010333	211960606319	0	false	6	211960606324	1	65536
675476	14938	2f5047f7f3332130	113149454712	0	false	1	113149454712	1	65536
678776	15013	273f748061300220	296344861449	0	false	2	296344861450	1	65536
679633	15031	021ac3bff1013103	17060765229	0	false	19	17060765247	1	65536
679697	15032	363164c7d3013030	81920424586	0	false	1	81920424586	1	65536
680422	15048	338037d001223100	200677869259	0	false	3	200677869261	1	65536
680765	15056	02ebfbd340203303	94346476362	0	false	4	94346476365	1	65536
682429	15092	33d303a933030000	209637173629	0	false	4	209637173632	1	65536
682999	15105	340f468f50002130	180779289711	0	false	2	180779289712	1	65536
683434	15114	29be77c0f0001001	265171681005	0	false	2	265171681006	1	65536
683915	15125	3a240f4f00002200	63501204201	118715	true	1	63501204201	1	65536
685073	15150	03fc0732d3002333	73254003690	0	false	1	73254003690	1	65536
685778	15165	31ff5c0331223300	212194716626	0	false	1	212194716626	1	65536
686489	15181	30f4223f30103100	54584369637	2107214	true	2	54584369638	1	65536
686966	15192	33cfc326d1312120	11129772441	0	false	1	11129772441	1	65536
688707	15230	001f21ff73000233	259025394938	0	false	3	259025394940	1	65536
688770	15232	38fdc13c23030100	36294877945	0	false	6	36294877950	1	65536
688774	15232	308e3f1402330010	18548944814	0	false	2	18548944815	1	65536
689192	15240	23f1cd3f60012020	28035801048	0	false	5	28035801052	1	65536
690426	15267	2fe3c3fbe0012010	218443140760	0	false	12	218443140771	1	65536
691295	15286	00304d1792312303	276855362980	0	false	11	276855362990	1	65536
691954	15301	0020ded550213300	205091501701	0	false	3	205091501703	1	65536
693229	15329	33f0234040133010	57940863758	0	false	19	57940863776	1	65536
693494	15335	2312490e30133030	140205772790	0	false	3	140205772792	1	65536
693588	15337	3120de6ec3320020	92529964767	0	false	1	92529964767	1	65536
694069	15348	30f3ec1e80011200	203432946199	0	false	1	203432946199	1	65536
695582	15381	3c048dff31213210	24494925751	0	false	2	24494925752	1	65536
696020	15391	20337e0633030231	239410116987	0	false	1	239410116987	1	65536
698387	15445	2730cd88c1202020	252168075667	0	false	3	252168075669	1	65536
699214	15463	2ff2393c22031300	102442747181	146173	true	1	102442747181	1	65536
701770	15519	2e802ba041030000	215992353472	0	false	15	215992353486	1	65536
702347	15531	005d2b2640033001	113917738000	0	false	1	113917738000	1	65536
702657	15538	30a1cc32e0220320	54210065278	0	false	5	54210065282	1	65536
702771	15540	392f8bb833333120	281995168586	0	false	1	281995168586	1	65536
703752	15562	008bef2281101233	272712760770	0	false	1	272712760770	1	65536
705688	15605	09e4b3c800100101	219944400865	0	false	1	219944400865	1	65536
705994	15612	0502cae421020322	101049169248	0	false	5	101049169252	1	65536
708336	15663	250dce8ce2010010	289084483753	0	false	10	289084483762	1	65536
708618	15669	2fe323f223220010	161690459196	0	false	1	161690459196	1	65536
710846	15718	022aeb9672011033	95555575348	549395	true	2	95555575349	1	65536
711924	15742	0372c01fa3133020	5578654278	0	false	6	5578654283	1	65536
712752	15760	03fbf225f0023102	191592759969	0	false	22	191592759990	1	65536
712892	15763	0505de03e0113022	183648237114	0	false	14	183648237127	1	65536
713857	15785	2381232dc0232201	57949673947	0	false	2	57949673948	1	65536
714013	15788	031dff8801300030	44833010832	0	false	3	44833010834	1	65536
714074	15790	021dfc0dd1200031	26403176840	0	false	29	26403176868	1	65536
714325	15795	345f78e470020300	61320493573	0	false	2	61320493574	1	65536
715567	15823	3718068fa0200110	228483144866	350134	true	1	228483144866	1	65536
715990	15832	370e4dcc03310200	5650152027	0	false	13	5650152039	1	65536
717005	15856	3004bbe333223000	60912383162	0	false	1	60912383162	1	65536
717226	15861	293fbcf033330100	277091018833	140360	true	1	277091018833	1	65536
719183	15904	02c82330c0132221	9453283171	0	false	2	9453283172	1	65536
719606	15913	2e8000ca11202310	145357032780	0	false	17	145357032796	1	65536
720245	15927	23393ad3d2333111	190682224086	0	false	2	190682224087	1	65536
721900	15964	2fe163c033010120	75076447078	0	false	22	75076447099	1	65536
722202	15970	22227ae651321001	123873400029	350134	true	1	123873400029	1	65536
724739	16027	25e88c83e0312210	14593315436	0	false	5	14593315440	1	65536
725175	16036	372ef703f2330100	225433177335	0	false	2	225433177336	1	65536
725177	16037	2035c002f0032000	44269544945	0	false	4	44269544948	1	65536
725733	16049	0f41e31c01000221	72250282724	0	false	1	72250282724	1	65536
727142	16079	03cd7fecd0020030	139431242029	0	false	1	139431242029	1	65536
727988	16099	02f7a2b520010310	242742711577	0	false	14	242742711590	1	65536
728021	16099	2054220810133120	226520475081	0	false	4	226520475084	1	65536
729247	16126	30c3bfb0b0330100	239346758430	0	false	10	239346758439	1	65536
729875	16140	01dfff03c1003103	161728058022	0	false	11	161728058032	1	65536
731711	16181	074ebf9700130311	79849276087	402998	true	1	79849276087	1	65536
732581	16200	01db523ec3003330	181512592290	0	false	2	181512592291	1	65536
732650	16201	2f3d10be60200200	25254224104	0	false	1	25254224104	1	65536
733568	16222	304b47a2f2200030	267498638248	0	false	2	267498638249	1	65536
733639	16223	22f2030880033310	202042431526	0	false	2	202042431527	1	65536
734223	16236	2cfe9cdea0213310	147589893530	0	false	3	147589893532	1	65536
734523	16242	3fe0bc2c40033000	10831301339	0	false	1	10831301339	1	65536
735140	16256	34d04e3300013320	149918365409	0	false	7	149918365415	1	65536
738239	16325	2330fae081310001	209753233831	0	false	13	209753233843	1	65536
741236	16391	018d0f8f91001300	64678539648	0	false	1	64678539648	1	65536
743242	16435	390d303de3133000	22501855612	0	false	10	22501855621	1	65536
744279	16458	031fdd70d3130330	182275561965	0	false	5	182275561969	1	65536
744415	16461	2f3e9aeb82330130	173264198676	0	false	6	173264198681	1	65536
744449	16462	050ca31432001012	282260168591	0	false	1	282260168591	1	65536
746970	16517	03974367f2210021	131644024397	0	false	2	131644024398	1	65536
747172	16522	20d3d11c02012330	230825271799	0	false	8	230825271806	1	65536
749473	16573	2005c8ae82022230	293329206242	116494	true	1	293329206242	1	65536
750086	16587	303ffcb3c3333030	175607694940	0	false	2	175607694941	1	65536
751265	16613	031b1a79d3100233	21316243998	0	false	22	21316244019	1	65536
751315	16614	2422e0f4c0101231	78013878314	0	false	1	78013878314	1	65536
751889	16626	2eafd7be83302300	208681107228	292855	true	2	208681107229	1	65536
756442	16727	32fad0d120131330	255179104503	0	false	1	255179104503	1	65536
757642	16754	018948d4c0330230	106921668683	0	false	4	106921668686	1	65536
759718	16799	044a524f00310112	82246229676	0	false	1	82246229676	1	65536
759869	16802	20001c2cd3002230	206369560064	0	false	5	206369560068	1	65536
759917	16803	215495e342130110	73806623595	0	false	1	73806623595	1	65536
762246	16855	2a09e0ae00001020	234163287026	0	false	2	234163287027	1	65536
762796	16867	350a3f8331330330	152089650941	0	false	4	152089650944	1	65536
763682	16887	2bbf3fe530323320	264732904607	0	false	1	264732904607	1	65536
764029	16895	030ee693f3200130	121243624864	0	false	3	121243624866	1	65536
765369	16923	3516901502132200	101036185075	38	true	1	101036185075	1	65536
766164	16940	2480963a00200001	243583429286	350134	true	1	243583429286	1	65536
766675	16952	268116cf71310000	125896704539	0	false	1	125896704539	1	65536
766742	16953	37f0b8e490002030	219806720421	0	false	4	219806720424	1	65536
767981	16980	21589dae60212120	164384238664	0	false	5	164384238668	1	65536
768954	17001	217bd4be41013010	76810164023	0	false	21	76810164043	1	65536
772374	17076	34f01e1c01313220	262242091477	0	false	5	262242091481	1	65536
775425	17144	2bae13f790003210	219349632108	0	false	10	219349632117	1	65536
777454	17188	30b40d02f3103000	103527115341	0	false	14	103527115354	1	65536
777893	17198	03b033e832020000	212992606979	0	false	3	212992606981	1	65536
779307	17229	0353827921333011	41658420916	0	false	3	41658420918	1	65536
779791	17240	24ecbd3f50331330	115643304993	0	false	3	115643304995	1	65536
780170	17248	00300f4d40330303	244203788160	0	false	13	244203788172	1	65536
780552	17256	3ef37007d2313100	222706327386	0	false	2	222706327387	1	65536
780892	17264	0277eb0c70301232	198759868136	0	false	9	198759868144	1	65536
781199	17271	04ea2d56d0010002	247324662454	0	false	2	247324662455	1	65536
781315	17273	380b8ff821130220	258218089641	0	false	2	258218089642	1	65536
781871	17286	0b74be7a53103023	28301444586	0	false	7	28301444592	1	65536
782135	17291	00c0f07500103000	152067204611	0	false	4	152067204614	1	65536
782405	17297	233c43fef3331330	96526830220	0	false	5	96526830224	1	65536
782582	17301	02b7d390c3330303	287066401178	0	false	1	287066401178	1	65536
783720	17326	2fec123cf0201030	234859185169	0	false	8	234859185176	1	65536
784430	17341	25c4b1c133121300	262117678144	0	false	4	262117678147	1	65536
784983	17354	2fc4f80e13010310	156502414961	0	false	8	156502414968	1	65536
785039	17355	2089223c23310230	170944346323	0	false	1	170944346323	1	65536
786446	17387	30d4c030c0310020	191009941775	3	true	1	191009941775	1	65536
789147	17447	003820ef30133313	243915905592	0	false	4	243915905595	1	65536
789158	17447	26c74bed31231201	126255116864	0	false	3	126255116866	1	65536
789647	17458	061a119f12102323	176747303580	0	false	1	176747303580	1	65536
790167	17470	22cf0d3040123320	53093667100	0	false	32	53093667131	1	65536
790193	17470	30033ec3e0000100	222965770987	3	true	1	222965770987	1	65536
792078	17513	0b8c0b7533310020	174149695165	0	false	14	174149695178	1	65536
792610	17524	24453b4f31313311	258659862897	0	false	8	258659862904	1	65536
793041	17534	01f923ef41000030	239027007995	0	false	5	239027007999	1	65536
793789	17551	245fb1ea32101221	281552018471	0	false	1	281552018471	1	65536
794174	17560	34003cff00013110	184397872312	112590	true	2	184397872313	1	65536
794394	17565	2cf31c0ca0000201	195534971308	0	false	6	195534971313	1	65536
795089	17580	03dcd29b41313020	49816838679	118715	true	1	49816838679	1	65536
795958	17599	28ff423083202000	37385135024	0	false	1	37385135024	1	65536
798417	17654	23dd3cfe01220330	240770287549	0	false	1	240770287549	1	65536
798563	17657	2008bd5423233330	295002830549	0	false	2	295002830550	1	65536
802649	17747	02075ebb83012003	277480620749	0	false	1	277480620749	1	65536
804076	17779	03d0c3e3f0301032	159835170857	118715	true	1	159835170857	1	65536
804832	17796	02c7fd3000303031	56886898817	1730750	true	1	56886898817	1	65536
806698	17838	2504b37a00303330	43057638527	0	false	3	43057638529	1	65536
807688	17859	39f259f901200100	263215788903	0	false	11	263215788913	1	65536
807883	17863	032c18d002013330	218900857918	0	false	11	218900857928	1	65536
808452	17876	0a63664ef0312011	290876567475	350134	true	1	290876567475	1	65536
809460	17898	302fd57ce0100330	222358698552	0	false	1	222358698552	1	65536
811122	17935	220fabc010020020	175288733065	0	false	18	175288733082	1	65536
812620	17968	0387c96532331001	115963853018	0	false	4	115963853021	1	65536
816062	18045	03bc00fcf2333330	291125347772	0	false	6	291125347777	1	65536
816290	18050	26baeba2a3332330	144512622158	350134	true	1	144512622158	1	65536
816766	18061	2d385fcd21303100	50012735582	0	false	2	50012735583	1	65536
816907	18064	257c5b4830130200	85219934230	0	false	1	85219934230	1	65536
818782	18106	017b009072330203	50692539080	0	false	2	50692539081	1	65536
819455	18121	21073daa23000120	31865419468	0	false	38	31865419505	1	65536
821167	18159	014ff53f70033133	60792237446	0	false	1	60792237446	1	65536
823958	18220	21e7b23ea3033210	166982917379	0	false	2	166982917380	1	65536
824061	18222	03a0700333223030	225401463695	0	false	42	225401463736	1	65536
824285	18228	0202730c00030003	53238562119	2075063	true	3	53238562121	1	65536
824578	18234	2301f94023302200	183465373318	0	false	1	183465373318	1	65536
825343	18251	20ae3b2193302120	167695527293	0	false	5	167695527297	1	65536
826856	18284	277fffe412200030	145249719639	0	false	22	145249719660	1	65536
827413	18296	2000028380303300	119506835621	0	false	4	119506835624	1	65536
828093	18312	02a2830ef0003300	228306974891	0	false	9	228306974899	1	65536
828893	18329	33234378c0023210	205687404951	292855	true	2	205687404952	1	65536
829710	18347	340aea34f0202320	195216466817	0	false	6	195216466822	1	65536
830036	18354	2e87f289c0122000	220540979696	0	false	2	220540979697	1	65536
831567	18389	3692fe1140203000	210518063349	0	false	35	210518063383	1	65536
834221	18447	0448348231032121	12871167581	0	false	3	12871167583	1	65536
836892	18506	2000c23c02032020	19908215533	0	false	1	19908215533	1	65536
838712	18546	2b6e0cf440131300	285963381631	0	false	5	285963381635	1	65536
838866	18550	2788d207d1213320	216562465446	130438	true	1	216562465446	1	65536
839459	18562	05134ce351122312	144661691082	0	false	2	144661691083	1	65536
839873	18572	20800808a0310310	28373587673	38	true	1	28373587673	1	65536
842576	18632	02402d00f0300023	185392413115	140360	true	1	185392413115	1	65536
844193	18667	0042cc71f0013233	196604757863	118715	true	1	196604757863	1	65536
844326	18670	0143c482c2000320	79780934199	0	false	8	79780934206	1	65536
844336	18670	0330dfe0f0123310	18913270696	0	false	3	18913270698	1	65536
846355	18715	2faf582b11320030	276678439683	0	false	4	276678439686	1	65536
848399	18761	02f1e142c1203001	254385440830	0	false	3	254385440832	1	65536
849259	18780	200702f0e2132130	270878773102	0	false	34	270878773135	1	65536
849746	18791	30a7507392112220	260991237205	0	false	5	260991237209	1	65536
850782	18814	037c7a3433113032	95927071840	0	false	2	95927071841	1	65536
851237	18824	283bfb37f0012020	220082455691	130386	true	2	220082455692	1	65536
852072	18843	0239dfe9e3323023	102278599119	0	false	4	102278599122	1	65536
852106	18843	0a1895bf63030220	241323628374	0	false	1	241323628374	1	65536
852988	18863	37eee0b030032200	215713071089	0	false	6	215713071094	1	65536
853175	18868	30f896cf52110100	29694882975	0	false	1	29694882975	1	65536
853320	18871	26656b17b3212001	172924046886	0	false	21	172924046906	1	65536
853659	18878	22004a0383020100	90844098979	0	false	11	90844098989	1	65536
855122	18910	333f43e040123020	242529896818	0	false	7	242529896824	1	65536
855169	18911	00f4e0cff3220333	148922262540	0	false	1	148922262540	1	65536
858001	18975	285211a353310320	266080716286	0	false	12	266080716297	1	65536
859281	19003	327693b183033330	200117620056	0	false	1	200117620056	1	65536
860555	19032	03e4b2f7f3130103	23174450589	0	false	4	23174450592	1	65536
860806	19037	0226d04d70302133	27408773334	130005	true	18	27408773351	1	65536
861235	19046	014eb343f3330101	146601274229	0	false	2	146601274230	1	65536
861378	19049	2c071c37c0311300	247384585780	140360	true	6	247384585785	1	65536
861944	19062	030d261183101303	93259500155	0	false	15	93259500169	1	65536
862023	19064	3a29d2b930123110	79068742384	0	false	1	79068742384	1	65536
862551	19075	20b800cc40002220	19407974220	1436295	true	1	19407974220	1	65536
862789	19081	3007e87400122320	93763313457	0	false	15	93763313471	1	65536
863336	19093	30c3f40320111100	94794504186	0	false	7	94794504192	1	65536
863777	19102	300f1fd5e3120110	147975193964	0	false	1	147975193964	1	65536
865387	19138	30208ff420300130	180074095198	0	false	2	180074095199	1	65536
865588	19142	0302c5dc93303312	171141594587	0	false	6	171141594592	1	65536
866666	19166	03f9152740000000	12709806729	0	false	1	12709806729	1	65536
867198	19178	2288f4bcb1000000	4468304224	0	false	5	4468304228	1	65536
867520	19185	2165d1ab73031130	6543659120	0	false	2	6543659121	1	65536
867537	19186	2811272091203300	249337446690	0	false	6	249337446695	1	65536
870106	19242	2080334000000010	160223896919	112590	true	1	160223896919	1	65536
870282	19247	01341f4320230112	101302356728	333855	true	1	101302356728	1	65536
870395	19249	3b23bedef3001000	117924105927	0	false	4	117924105930	1	65536
872178	19288	2dcec3f472220030	167058801827	0	false	1	167058801827	1	65536
872203	19289	2737edc4f2023020	167222757099	0	false	1	167222757099	1	65536
875362	19358	00085cae80003030	60413273498	0	false	1	60413273498	1	65536
875693	19365	02f7ff0830300320	256764641606	0	false	5	256764641610	1	65536
876592	19386	0323a77363023032	232863668098	0	false	3	232863668100	1	65536
876923	19392	026337be40331201	209727798509	0	false	8	209727798516	1	65536
877079	19396	330083e090303310	169424199433	1	true	1	169424199433	1	65536
877157	19398	2c50e747f2031320	104836541145	0	false	4	104836541148	1	65536
878141	19420	2b76f22180112310	24620213427	370662	true	1	24620213427	1	65536
878700	19432	24fd4bf713320100	247038010047	0	false	11	247038010057	1	65536
878877	19436	01280139f1030203	50751286745	0	false	20	50751286764	1	65536
879382	19447	2f4f930503133100	107099543536	0	false	3	107099543538	1	65536
879406	19447	2cfebce430110300	187220693038	0	false	2	187220693039	1	65536
879856	19457	2c5b4bb4b3010310	255340385641	0	false	38	255340385678	1	65536
881099	19485	207d3f3e03113000	74708926465	0	false	3	74708926467	1	65536
881326	19490	30f9fc30e1313100	153410139203	0	false	3	153410139205	1	65536
881539	19495	2966a345a1322011	218149086204	0	false	6	218149086209	1	65536
881608	19496	0672dfbe50123100	47768457482	0	false	11	47768457492	1	65536
883289	19533	207df81002331020	141422138833	0	false	6	141422138838	1	65536
883634	19540	2008f803f0001010	46275309425	0	false	1	46275309425	1	65536
883752	19543	22d2f3e523031130	76012617839	0	false	2	76012617840	1	65536
883796	19544	01e26be3e3031100	224476239862	0	false	1	224476239862	1	65536
884235	19554	338b43c8f0003210	247611125242	0	false	4	247611125245	1	65536
885097	19573	02ec3b3943100001	101421037991	0	false	15	101421038005	1	65536
886389	19601	0114d89030213100	217670384844	0	false	8	217670384851	1	65536
887596	19627	054c208113323001	261923630410	0	false	4	261923630413	1	65536
887720	19630	031f82b430023201	58624382260	0	false	3	58624382262	1	65536
889076	19660	3f7de00fc3003300	73907225286	0	false	13	73907225298	1	65536
891822	19720	02d4e0a672331300	227156955595	0	false	3	227156955597	1	65536
892505	19735	279e336242121301	33525913326	0	false	4	33525913329	1	65536
892677	19739	220abc2000030210	182651442959	140360	true	1	182651442959	1	65536
893604	19760	094e95d911233023	191612140367	350134	true	1	191612140367	1	65536
895488	19801	3c90d303c1233210	66529195171	0	false	1	66529195171	1	65536
895574	19803	2830738492023330	290337609371	0	false	1	290337609371	1	65536
895743	19807	01083200f3320103	108947103753	0	false	6	108947103758	1	65536
896051	19814	3d33b3f7a0100100	206471583470	0	false	3	206471583472	1	65536
896631	19826	0353f7d330001023	207466773220	0	false	23	207466773242	1	65536
896655	19827	015de2d741313333	219215215444	0	false	2	219215215445	1	65536
898338	19865	3cf3effcf0303310	1572855637	0	false	5	1572855641	1	65536
898638	19872	2b20d3cab2333320	273180943393	0	false	4	273180943396	1	65536
898730	19874	33c3fc4bd0333000	143070947067	0	false	6	143070947072	1	65536
899445	19890	21e9e88af1223230	278131990249	0	false	16	278131990264	1	65536
899700	19895	29b2320f42303330	45402354428	0	false	2	45402354429	1	65536
900196	19906	00070f86f1110003	251776795166	0	false	4	251776795169	1	65536
900591	19914	2022722572000330	72628539900	0	false	1	72628539900	1	65536
902775	19963	3009075703031310	177018887144	0	false	4	177018887147	1	65536
903686	19983	2fe8ece5d0223330	293570922655	1653	true	1	293570922655	1	65536
903840	19986	2092332cf2312320	100584669739	0	false	13	100584669751	1	65536
904822	20008	00ff500a03331010	87812713271	0	false	1	87812713271	1	65536
904983	20011	00ece394c3330233	259197821423	0	false	30	259197821452	1	65536
905179	20016	27d0398193230210	239774443991	0	false	1	239774443991	1	65536
907447	20065	237a030cc0230330	178748962551	1606471	true	1	178748962551	1	65536
908887	20096	32f0fdc933000310	244944424737	0	false	3	244944424739	1	65536
909521	20111	020fdffa30223331	279906048343	0	false	15	279906048357	1	65536
910301	20128	203492ff12032300	288971121838	0	false	2	288971121839	1	65536
911241	20148	035f14cd40331332	214397960624	0	false	3	214397960626	1	65536
911625	20156	3280bcfe30013000	50549095344	0	false	2	50549095345	1	65536
912275	20171	2600fca3f2230230	76382864039	0	false	1	76382864039	1	65536
913064	20188	2040c50cf0032230	100221316426	0	false	2	100221316427	1	65536
914862	20229	2fef4004b2033330	72072425647	0	false	4	72072425650	1	65536
915321	20239	21dc84b3f2101310	284876553660	0	false	2	284876553661	1	65536
915758	20248	03f331ff53220002	97530331534	0	false	1	97530331534	1	65536
918842	20316	2303c000d3001100	198916865841	0	false	1	198916865841	1	65536
919029	20320	222c7b2bb1030311	121053245002	0	false	1	121053245002	1	65536
919037	20320	03f452c8a2102103	256109509350	0	false	5	256109509354	1	65536
919490	20331	02fc3a2cd3313033	200462799187	0	false	4	200462799190	1	65536
920179	20346	23fffb3ff3330220	213750119270	0	false	5	213750119274	1	65536
920848	20360	2ecea18e33032330	1042026335	0	false	8	1042026342	1	65536
921153	20367	0135fcea00001230	285523667789	0	false	3	285523667791	1	65536
921521	20375	230208f8b3100211	142458806921	0	false	1	142458806921	1	65536
922327	20393	28f81a81e1203210	137735436425	350134	true	1	137735436425	1	65536
922361	20394	219430f322302110	267440774732	0	false	2	267440774733	1	65536
923640	20422	02e78ce2e0100010	168307872009	0	false	6	168307872014	1	65536
923882	20427	2097e0ef91001000	257628303333	0	false	1	257628303333	1	65536
924168	20434	23e88024f2300000	259882191652	0	false	3	259882191654	1	65536
924426	20440	032fb6add3003330	173577722713	116494	true	1	173577722713	1	65536
924924	20452	0313fde972232200	141952560599	1924157	true	1	141952560599	1	65536
925634	20468	30f3733631230020	201207267168	0	false	2	201207267169	1	65536
925797	20471	001debcfa0200232	164382061886	0	false	10	164382061895	1	65536
926230	20480	0233f95143031000	105250153427	0	false	4	105250153430	1	65536
926657	20490	0273980442030033	211169955959	0	false	16	211169955974	1	65536
927062	20499	2c303ffe71010230	112894654662	1961	true	4	112894654665	1	65536
930979	20585	2df9d00230332211	114055051449	0	false	45	114055051493	1	65536
931081	20588	0359ddcf00332101	120978542321	0	false	17	120978542337	1	65536
931539	20598	2d02383ff2220310	223622210229	0	false	1	223622210229	1	65536
932382	20617	203acfe183111211	255576764323	0	false	1	255576764323	1	65536
932929	20628	2032bdeb03100031	233164790863	0	false	2	233164790864	1	65536
936541	20708	37de42fff0313020	196016277337	0	false	1	196016277337	1	65536
936582	20709	017ed243f3112021	249971394243	0	false	6	249971394248	1	65536
936973	20718	2d404df740110130	94020032290	0	false	8	94020032297	1	65536
937170	20722	0ba8b3ffa2133320	82624349476	0	false	7	82624349482	1	65536
939823	20782	209d139240230000	134679283318	0	false	8	134679283325	1	65536
942040	20831	2c4acd04d0013130	109496613573	0	false	16	109496613588	1	65536
942376	20839	30c7508cf3210020	118428204725	0	false	4	118428204728	1	65536
943360	20861	259ef961f2000230	19477497425	0	false	1	19477497425	1	65536
943538	20865	000ec533c3333013	66518991350	0	false	4	66518991353	1	65536
945160	20900	000b8e7bf3203120	16369807302	0	false	9	16369807310	1	65536
945166	20900	0049347ff1233030	97919610421	0	false	17	97919610437	1	65536
946242	20924	0004a7d400011001	185621823861	0	false	2	185621823862	1	65536
946721	20934	3247aa1373003110	167479902255	0	false	2	167479902256	1	65536
947213	20945	0964cca003323320	209022665081	292855	true	1	209022665081	1	65536
947724	20956	300087f102321120	171128483129	0	false	9	171128483137	1	65536
949597	20998	2356642071131220	26488172594	0	false	1	26488172594	1	65536
950239	21012	235db6d152301021	9615439075	0	false	4	9615439078	1	65536
951120	21032	2faff3c511312030	99541025863	0	false	3	99541025865	1	65536
952569	21064	003023af90220331	197171065422	0	false	5	197171065426	1	65536
953068	21075	2d020fffd0032000	20303157222	0	false	9	20303157230	1	65536
954604	21108	33eacfff22102320	153128021660	0	false	2	153128021661	1	65536
955991	21139	026b0bfa81001131	123571078933	0	false	4	123571078936	1	65536
956265	21145	01e7d0e541333230	195639555434	0	false	10	195639555443	1	65536
956288	21146	300cdfc500330310	99798919447	0	false	1	99798919447	1	65536
957861	21181	0f899e4bd1021021	66977414628	0	false	1	66977414628	1	65536
958582	21197	01fdc1d2f3033303	196952340805	0	false	17	196952340821	1	65536
958963	21205	3923223833020300	138110157516	0	false	8	138110157523	1	65536
959117	21209	04de0d29a2032103	240367895157	0	false	3	240367895159	1	65536
959266	21212	2656a08760312131	3385065623	0	false	5	3385065627	1	65536
959715	21222	0b71123841303001	296241169384	0	false	7	296241169390	1	65536
960132	21232	2388fe59f1131230	233100971809	0	false	1	233100971809	1	65536
960556	21241	02036084d3213020	196613662982	116494	true	1	196613662982	1	65536
962568	21287	32fedddfb1332230	72749213766	0	false	1	72749213766	1	65536
964570	21332	265218af12223310	262632872192	0	false	4	262632872195	1	65536
966120	21366	2bbd0208f0300030	37812417237	615133	true	1	37812417237	1	65536
966274	21369	042eb3bf52130102	3079205232	0	false	9	3079205240	1	65536
967464	21395	2d6a4825a2100130	42733533350	0	false	6	42733533355	1	65536
967953	21406	094d89b601330001	36196638415	0	false	2	36196638416	1	65536
968643	21421	03f0020800300030	155271769028	40	true	1	155271769028	1	65536
971555	21486	0400350913233211	157482056371	0	false	1	157482056371	1	65536
975336	21569	3067e916b0123020	295106407397	0	false	1	295106407397	1	65536
975634	21575	2473fb2381330330	231029769561	0	false	4	231029769564	1	65536
976338	21591	24dfe30cf0321310	251462491188	0	false	2	251462491189	1	65536
976616	21597	0395a2f4e1123321	108209674842	0	false	1	108209674842	1	65536
976788	21601	2ecff3cf33100020	56018902196	0	false	5	56018902200	1	65536
976861	21603	037c0dcf81300000	211927645384	0	false	11	211927645394	1	65536
978174	21631	02ac8fffc3200033	175952787677	0	false	4	175952787680	1	65536
978176	21631	2090ab23f3300300	258498862180	0	false	1	258498862180	1	65536
979143	21653	0130fc4f40030033	110796583191	0	false	2	110796583192	1	65536
979498	21661	2df7f03810032311	237012284002	0	false	6	237012284007	1	65536
979510	21661	20fc024023321300	186880617700	0	false	3	186880617702	1	65536
980265	21678	248b35ff10000230	27179900709	0	false	8	27179900716	1	65536
981408	21703	0343c1d772303032	119882884830	0	false	7	119882884836	1	65536
981513	21705	3937004de0002010	134327452356	0	false	1	134327452356	1	65536
982467	21726	04d3eabcf2301003	290030333815	0	false	22	290030333836	1	65536
983075	21739	02ca0f7c01011231	200657576004	0	false	1	200657576004	1	65536
983419	21747	033fe0cd00133303	278210339943	0	false	1	278210339943	1	65536
984552	21772	20fbfb63a2322221	184840146590	0	false	1	184840146590	1	65536
986209	21808	240d6fe141100101	43455579994	0	false	3	43455579996	1	65536
986378	21812	0140b45c73331000	250346449215	140360	true	1	250346449215	1	65536
987683	21841	265cd2ae91130000	215719785176	0	false	7	215719785182	1	65536
987688	21841	21443a65c1222111	282915151495	0	false	2	282915151496	1	65536
988000	21848	23c7b86c33301000	22778363174	0	false	2	22778363175	1	65536
988333	21855	33609c8ee3101010	63125940165	140360	true	2	63125940166	1	65536
989524	21882	2d2338c1e3102010	273944129405	0	false	1	273944129405	1	65536
989783	21888	000f7e8000000333	187240140380	0	false	1	187240140380	1	65536
990544	21905	34cd953141231300	127772475583	0	false	1	127772475583	1	65536
991343	21923	023d184c83310033	191055951492	0	false	1	191055951492	1	65536
991810	21933	09695b9e30121200	221432039313	350134	true	1	221432039313	1	65536
992644	21952	3404a66053233200	185247103211	350134	true	1	185247103211	1	65536
994800	22000	28dfaca090300000	144120707264	0	false	2	144120707265	1	65536
994971	22004	203994dbe1020020	218666084480	0	false	1	218666084480	1	65536
995226	22010	390c718f21011300	191020102998	0	false	5	191020103002	1	65536
996528	22038	0237f08d71003131	118807332266	0	false	6	118807332271	1	65536
997472	22059	3cda7fcff3011310	54885707786	0	false	14	54885707799	1	65536
998081	22072	30fabe80e1333310	106080447365	0	false	14	106080447378	1	65536
999734	22109	2940cc0371303020	90782130595	0	false	1	90782130595	1	65536
1000485	22125	27e0b5e411011010	154226054039	38	true	5	154226054043	1	65536
1001289	22143	05923fd6d1113312	153496714233	0	false	24	153496714256	1	65536
1002521	22171	2043a4b1c1202301	7259356258	0	false	1	7259356258	1	65536
1002655	22174	21d8842a43023311	260706848531	0	false	7	260706848537	1	65536
1002710	22175	32ecb41060331310	153140768254	0	false	2	153140768255	1	65536
1002918	22180	05f83a9d43300120	30861607913	0	false	24	30861607936	1	65536
1003199	22186	01ded01e01010321	204929856088	0	false	14	204929856101	1	65536
1003866	22200	033fc33f40100133	200054435395	0	false	4	200054435398	1	65536
1006243	22253	227dff1e41303001	178392668125	0	false	22	178392668146	1	65536
1006593	22261	20bc81b2e1313030	87895971468	0	false	1	87895971468	1	65536
1009057	22316	20b7e0ef01000310	76444791644	0	false	4	76444791647	1	65536
1015450	22456	02e0804491012200	204017218538	0	false	1	204017218538	1	65536
1016251	22474	30f37c30f3022320	153925247171	118715	true	3	153925247173	1	65536
1016479	22479	2038c300f1013021	168440903042	0	false	1	168440903042	1	65536
1017617	22504	32f04e9483012030	27164625552	0	false	2	27164625553	1	65536
1018133	22516	2742456a42223101	104077899531	548820	true	1	104077899531	1	65536
1018980	22534	03c8400aa2201221	279499553209	0	false	1	279499553209	1	65536
1019425	22544	0525923a70121201	135844589689	0	false	4	135844589692	1	65536
1019499	22546	2c3ae73350300130	192353551412	0	false	1	192353551412	1	65536
1023614	22636	03f8001f83001302	69148663926	0	false	4	69148663929	1	65536
1023674	22637	050f0743f3330130	58567689555	292818	true	1	58567689555	1	65536
1023709	22638	05bcf9fda0333302	87186186757	0	false	13	87186186769	1	65536
1025067	22668	2e0cf3f333203330	226521994059	0	false	2	226521994060	1	65536
1027524	22723	205e4b1422023030	281740784676	0	false	3	281740784678	1	65536
1028319	22741	204bca84f0200000	199268837756	0	false	1	199268837756	1	65536
1028533	22746	1658257ed0113231	271565175345	1	true	1	271565175345	1	65536
1028791	22751	234f7e1622023201	78869449262	0	false	7	78869449268	1	65536
1030467	22789	016750a9c0220201	15590591605	0	false	4	15590591608	1	65536
1031114	22803	3ae28c10c3303300	171418926700	0	false	1	171418926700	1	65536
1031808	22818	2f8000fa03100020	85727526203	0	false	1	85727526203	1	65536
1032309	22829	238ff3f5f1230100	287595615305	2127527	true	1	287595615305	1	65536
1032379	22831	3c02f4d233331110	102038719634	0	false	1	102038719634	1	65536
1032885	22842	24a97e6f32001101	227564573942	0	false	20	227564573961	1	65536
1034199	22872	0007f2f381233023	266068833225	0	false	3	266068833227	1	65536
1034289	22874	03378fcf70303300	7075870931	0	false	1	7075870931	1	65536
1034558	22880	02022d3973201121	177958299219	0	false	7	177958299225	1	65536
1036181	22915	03f0e38201103201	199934905574	0	false	1	199934905574	1	65536
1038513	22966	3038e74000233230	58916096798	0	false	1	58916096798	1	65536
1040622	23013	23e2e7f8f1302000	216778768611	0	false	2	216778768612	1	65536
1042568	23057	2bc35c8032301030	51554704663	0	false	4	51554704666	1	65536
1042999	23067	263a0d6872110111	96465218335	0	false	2	96465218336	1	65536
1043760	23084	02cc1eff30310231	284552263701	0	false	10	284552263710	1	65536
1044369	23098	330f582700212300	93985981309	0	false	1	93985981309	1	65536
1045340	23120	37cdf62c32212030	61638305501	0	false	1	61638305501	1	65536
1046204	23139	03d7e7ff40323130	181875627181	0	false	6	181875627186	1	65536
1049861	23220	03e3ba09c3333031	117798227784	0	false	1	117798227784	1	65536
1051121	23248	24bec52fa2110021	276982194825	0	false	5	276982194829	1	65536
1053771	23307	02e1f3e8d1003030	61949324138	0	false	27	61949324164	1	65536
1054605	23325	034f3bfd41233000	258880525415	3	true	1	258880525415	1	65536
1055921	23354	01483cfc00100201	46675022219	2101665	true	1	46675022219	1	65536
1056054	23357	033aa80b00300333	89598784246	0	false	7	89598784252	1	65536
1058856	23419	20a84c3c73313020	293402122075	0	false	5	293402122079	1	65536
1062480	23500	3102fce2f1013330	132847281244	0	false	8	132847281251	1	65536
1063984	23533	014c133f73221331	251963380386	0	false	7	251963380392	1	65536
1064272	23539	0157a20292202020	105017861833	0	false	1	105017861833	1	65536
1064342	23541	2ffe03f750033010	214150104489	0	false	10	214150104498	1	65536
1065596	23569	0cdecf1fd3130002	240001669256	0	false	1	240001669256	1	65536
1066204	23583	022feddfc2230000	95135254476	0	false	2	95135254477	1	65536
1066305	23585	30b7a3c9e0321000	244146848241	0	false	32	244146848272	1	65536
1068047	23623	02470b1281111303	24989777281	0	false	10	24989777290	1	65536
1068303	23629	200b4937f0333110	135411577240	0	false	1	135411577240	1	65536
1069016	23645	2670fde241320131	46350609849	0	false	8	46350609856	1	65536
1069978	23667	033e88ff02332230	111883737392	118715	true	5	111883737396	1	65536
1071851	23708	01b0e00003030331	187306952517	0	false	2	187306952518	1	65536
1072402	23720	08d8a63fa0333213	64412294467	0	false	5	64412294471	1	65536
1073513	23744	30e092f8b3113000	135342629699	0	false	2	135342629700	1	65536
1074081	23757	03c14b4fd3313313	296191948980	0	false	7	296191948986	1	65536
1076980	23822	39a08bb262300020	123785291606	0	false	4	123785291609	1	65536
1079002	23866	0b5e7ff692213220	271757712347	350134	true	1	271757712347	1	65536
1080079	23889	3a4f4193a1133200	37354646687	0	false	7	37354646693	1	65536
1081274	23915	00e8a2e283022020	246939824764	0	false	39	246939824802	1	65536
1083215	23958	247ae70271113301	218288391404	0	false	4	218288391407	1	65536
1083462	23963	24555fae51231330	90117835165	0	false	2	90117835166	1	65536
1083535	23965	2cd0037fe3000120	117737802524	0	false	1	117737802524	1	65536
1083622	23967	0d379ddd43230320	263570316289	0	false	1	263570316289	1	65536
1084782	23992	21bf038ef3013230	149087867477	0	false	1	149087867477	1	65536
1084793	23992	330f1d3f71031100	64673553196	0	false	1	64673553196	1	65536
1084851	23994	25be095241231230	253482136086	350134	true	1	253482136086	1	65536
1085673	24012	23b0548c72300300	99958861090	0	false	1	99958861090	1	65536
1086927	24040	2ae3aec803323020	241200998949	130095	true	1	241200998949	1	65536
1090067	24109	21700cf9c3333300	567948213	0	false	17	567948229	1	65536
1090294	24115	371e4f3ca0003330	99723434686	38	true	1	99723434686	1	65536
1095090	24222	02190a9d23030320	49795958809	0	false	1	49795958809	1	65536
1095487	24230	014023c780031011	194494960248	0	false	3	194494960250	1	65536
1097183	24268	205e387df0230000	4236327118	168503	true	1	4236327118	1	65536
1097420	24273	0030f8aed1013102	118493189291	0	false	3	118493189293	1	65536
1098838	24304	013c5fa0f2200230	272051292889	0	false	19	272051292907	1	65536
1099308	24315	0735081f80000032	80040801369	0	false	15	80040801383	1	65536
1100297	24337	314a148831101200	77780268764	0	false	4	77780268767	1	65536
1100344	24338	01dd3c65c2003322	98673877832	0	false	4	98673877835	1	65536
1100401	24339	3de20cf5e0020300	121041454932	0	false	5	121041454936	1	65536
1100618	24345	2bb4e06193010130	147610784307	0	false	1	147610784307	1	65536
1102714	24391	343341b512211210	268390813352	0	false	3	268390813354	1	65536
1103844	24416	0282efd4f1033300	104454462048	0	false	1	104454462048	1	65536
1104722	24435	22f7ae0be0221130	76346142682	0	false	1	76346142682	1	65536
1104981	24441	3080823533201320	235574020345	0	false	1	235574020345	1	65536
1105055	24442	0109fc4003233332	149630548923	0	false	1	149630548923	1	65536
1105448	24451	01344c13e0103310	260668325972	0	false	6	260668325977	1	65536
1106179	24467	26c20e31c0033300	135679928087	0	false	2	135679928088	1	65536
1106291	24470	30120e0ce3313300	132693798097	0	false	6	132693798102	1	65536
1106594	24476	33c4203f30003220	278936485507	2139062	true	1	278936485507	1	65536
1106690	24478	2fc060ce10131130	234152446212	0	false	2	234152446213	1	65536
1107307	24492	2fef534d00013100	230856061457	0	false	3	230856061459	1	65536
1110267	24557	03ffab7123320130	173571317902	0	false	2	173571317903	1	65536
1111193	24577	30c5043cc1123030	141709743408	0	false	2	141709743409	1	65536
1113065	24618	2ba04dc1f3001300	123583224381	0	false	1	123583224381	1	65536
1114220	24644	2bbd00c8f3333300	114287245110	0	false	11	114287245120	1	65536
1115907	24681	04d140d703330013	267496565341	0	false	2	267496565342	1	65536
1115969	24682	300d339d43303010	66084411736	0	false	2	66084411737	1	65536
1116079	24684	03e3e03433231231	184547733785	0	false	1	184547733785	1	65536
1116926	24703	210fc4c3b0322020	260070744487	0	false	1	260070744487	1	65536
1117948	24726	020fa88293031331	292653530397	0	false	1	292653530397	1	65536
1120000	24771	2b73f36050231011	255132863806	0	false	3	255132863808	1	65536
1120459	24781	250b083ec3131320	261027407930	0	false	9	261027407938	1	65536
1121130	24796	23e0c9a341102001	237746565254	0	false	3	237746565256	1	65536
1121556	24806	22e79370e0300310	196191103110	0	false	9	196191103118	1	65536
1122537	24827	027fe1b353003331	120754250399	0	false	3	120754250401	1	65536
1123094	24840	01e30ed241331301	102340735745	0	false	5	102340735749	1	65536
1124192	24864	31fd373c82133120	260936718203	0	false	3	260936718205	1	65536
1126231	24910	214dfec741200230	170533392102	0	false	1	170533392102	1	65536
1126756	24921	2064076d02002330	295217731232	0	false	41	295217731272	1	65536
1127543	24939	007cb03073010003	55450095319	0	false	1	55450095319	1	65536
1128512	24960	2c8c9ebc02330300	162030603796	0	false	2	162030603797	1	65536
1128604	24962	0b349242e3123230	35134313713	1560	true	2	35134313714	1	65536
1129339	24978	0176c2ebf0023213	252238464099	0	false	1	252238464099	1	65536
1130134	24996	383fcd0870312130	42470951649	0	false	1	42470951649	1	65536
1131013	25015	03cc97e053203000	130268558975	0	false	4	130268558978	1	65536
1131517	25026	23954a1452201011	253901834284	0	false	2	253901834285	1	65536
1132582	25050	293f1df5d3223000	238241710871	0	false	1	238241710871	1	65536
1136435	25134	238cf62a92233130	282464362830	0	false	1	282464362830	1	65536
1137192	25150	0b4036c3b0012031	75233375370	0	false	2	75233375371	1	65536
1138135	25171	289f50fc30233000	148014641085	0	false	2	148014641086	1	65536
1138924	25188	2c907fdc53332330	122503349470	0	false	3	122503349472	1	65536
1139043	25191	23480eae70112020	21375410372	0	false	12	21375410383	1	65536
1140386	25220	019d107f23030203	158680105530	0	false	5	158680105534	1	65536
1141443	25244	01c31f1770002230	284527030226	0	false	4	284527030229	1	65536
1141837	25252	33c83c3f33330230	121748140003	0	false	2	121748140004	1	65536
1142313	25262	337a624d23303200	277664274985	0	false	1	277664274985	1	65536
1142726	25272	33450490f3100200	180500928950	0	false	44	180500928993	1	65536
1145374	25331	26bc752051300010	26131834895	0	false	11	26131834905	1	65536
1145462	25333	240c353412332100	166663641039	0	false	2	166663641040	1	65536
1145997	25345	310eb31303313100	161167798245	0	false	3	161167798247	1	65536
1146130	25348	23a631ebc2302230	95608278575	0	false	8	95608278582	1	65536
1146436	25355	2cebfefd73211030	38694537586	0	false	1	38694537586	1	65536
1147480	25378	212f8027e2201230	272137025377	350134	true	1	272137025377	1	65536
1148234	25395	2409f80890000110	58398959861	0	false	1	58398959861	1	65536
1148460	25400	22c0ffe1d3100321	17054160818	0	false	1	17054160818	1	65536
1148628	25404	2214b6f491221300	116297939985	350134	true	1	116297939985	1	65536
1149638	25426	01d0e83fa0000223	137796377039	0	false	1	137796377039	1	65536
1150301	25440	27e0c934c2312010	290377713927	0	false	1	290377713927	1	65536
1152285	25484	2f8cc8f3a3000030	29420131955	0	false	1	29420131955	1	65536
1152852	25497	075d9e6973323212	107801988237	350134	true	1	107801988237	1	65536
1152862	25497	25e36bef82230101	110555509915	350134	true	1	110555509915	1	65536
1153204	25505	20f88795f0203130	18815063684	0	false	6	18815063689	1	65536
1154265	25528	2cdf7b0312213130	28164597359	0	false	3	28164597361	1	65536
1154573	25535	034fd5a0c2021131	152589473382	0	false	2	152589473383	1	65536
1154667	25537	2991343533111330	8051277852	0	false	2	8051277853	1	65536
1155887	25565	24b0d2fa72031010	155055779959	0	false	1	155055779959	1	65536
1156093	25569	013f9ac813130300	120890694326	0	false	1	120890694326	1	65536
1157218	25594	20fe8e9132302300	59550871298	0	false	1	59550871298	1	65536
1162116	25703	287b3ee6f3201230	88713483319	0	false	11	88713483329	1	65536
1162226	25706	033843a210311030	197605192957	0	false	3	197605192959	1	65536
1163661	25738	06fcb5e692032120	237840387347	0	false	2	237840387348	1	65536
1164602	25759	30363d3f73233000	118149764159	0	false	2	118149764160	1	65536
1164974	25767	08ffff4c03330010	285899946541	0	false	1	285899946541	1	65536
1166054	25790	30f4d68f22310000	31838435041	0	false	2	31838435042	1	65536
1166384	25797	300fb1df33203210	194650703938	0	false	5	194650703942	1	65536
1167015	25811	01ff810b20310030	279268213796	0	false	10	279268213805	1	65536
1167551	25822	0c68e391e2003010	225735309793	0	false	2	225735309794	1	65536
1167614	25824	02ff731fd0110010	71563454403	0	false	1	71563454403	1	65536
1167925	25831	3fa781fa43023200	295339437978	0	false	6	295339437983	1	65536
1168110	25835	23c0c8fe50213330	9587539631	0	false	1	9587539631	1	65536
1168841	25851	038fee70c0022022	276663812810	0	false	1	276663812810	1	65536
1168872	25852	36834f4092022110	46200473147	0	false	3	46200473149	1	65536
1169806	25872	28e5d4dd12301100	104186877464	0	false	2	104186877465	1	65536
1171107	25901	002fffc383330323	193349854720	0	false	5	193349854724	1	65536
1171678	25914	230fbe3f13301030	71166290611	0	false	4	71166290614	1	65536
1172494	25932	20fb0093f3230010	115893738895	0	false	37	115893738931	1	65536
1173488	25954	03ec0c0ce0133333	171749026439	0	false	25	171749026463	1	65536
1173583	25956	02cb4fa242102232	198647206324	0	false	7	198647206330	1	65536
1173767	25960	0116dc1963123132	269594783232	0	false	1	269594783232	1	65536
1174610	25978	28f0f35913101201	132381416009	0	false	2	132381416010	1	65536
1175834	26005	23f2af0071333110	154419860199	0	false	3	154419860201	1	65536
1176051	26010	0520277320023220	39788408978	0	false	5	39788408982	1	65536
1179649	26088	20783ff5e0101311	134993307505	0	false	1	134993307505	1	65536
1181080	26119	3c0d1f1251232230	241139030314	0	false	1	241139030314	1	65536
1181854	26136	02d8e69a61223120	242379528881	1672	true	1	242379528881	1	65536
1182270	26145	22cf883333131120	146541337329	0	false	2	146541337330	1	65536
1182845	26158	030f53f000103003	196245735163	1295460	true	1	196245735163	1	65536
1185799	26223	2eb46b30b1003130	246647158576	140360	true	1	246647158576	1	65536
1186188	26232	01c8ffd3c3223003	220222327224	0	false	14	220222327237	1	65536
1188128	26275	001f9da6e3000122	21626793160	0	false	8	21626793167	1	65536
1189251	26301	2edff76423330030	131806280882	0	false	7	131806280888	1	65536
1190918	26338	027fe3f281333301	53009604766	292852	true	1	53009604766	1	65536
1192496	26373	3241eb1f10233200	23005630696	0	false	9	23005630704	1	65536
1192525	26374	201579f7b0101010	179480301845	0	false	1	179480301845	1	65536
1193757	26401	2078809331200011	16733133420	0	false	9	16733133428	1	65536
1194643	26420	2278be5fa0312120	191833215485	0	false	5	191833215489	1	65536
1194779	26424	3038ff8100033000	67520383887	0	false	4	67520383890	1	65536
1195023	26429	2d34ed7df2132130	29112138264	627526	true	2	29112138265	1	65536
1195452	26438	2142ed8003030330	293383730441	0	false	2	293383730442	1	65536
1197769	26489	29ff1a2920321120	127842379040	0	false	1	127842379040	1	65536
1199793	26534	234e5af481210220	158317644839	0	false	18	158317644856	1	65536
1200387	26547	23cccfcf31303300	272510999561	0	false	1	272510999561	1	65536
1201546	26573	01035edbe3232300	163249113479	0	false	18	163249113496	1	65536
1201974	26582	03633fd2a1203201	225364772048	0	false	3	225364772050	1	65536
1202616	26597	38314ccb30001130	23423079431	0	false	2	23423079432	1	65536
1208627	26730	2b7f4ff773130010	53719002287	0	false	7	53719002293	1	65536
1209982	26759	2334524103330110	255882467036	0	false	1	255882467036	1	65536
1214856	26866	049f574f92303310	92914976846	0	false	1	92914976846	1	65536
1216503	26902	31fa03abc0113120	254819917122	0	false	21	254819917142	1	65536
1216651	26906	3303141ff1332000	279434038503	0	false	1	279434038503	1	65536
1217132	26917	007eb42001003321	62630591257	0	false	1	62630591257	1	65536
1218903	26956	08620c6fd0123320	82836509190	0	false	7	82836509196	1	65536
1219099	26961	224dec9fb0110211	18502417385	0	false	9	18502417393	1	65536
1221200	27007	20c340a4a0312320	211561398325	1730546	true	4	211561398328	1	65536
1222089	27027	39fb021791311000	26800623930	0	false	7	26800623936	1	65536
1222704	27041	03fc3df023020003	48952803540	0	false	4	48952803543	1	65536
1223989	27069	229e002bd2032200	230814839810	0	false	2	230814839811	1	65536
1224235	27075	01eb9e3743103311	126717958114	0	false	8	126717958121	1	65536
1225124	27095	3d30739100000220	195122054631	140365	true	4	195122054634	1	65536
1226109	27117	01cd1bddf3011100	57435139169	0	false	11	57435139179	1	65536
1226854	27133	200330f7f1303121	158190086464	0	false	6	158190086469	1	65536
1226894	27134	354e9394b3233300	167591521588	0	false	1	167591521588	1	65536
1227007	27136	055f8c7f72113310	282594025110	0	false	12	282594025121	1	65536
1228087	27160	2ccb05d5c3302100	233333372414	0	false	1	233333372414	1	65536
1228805	27176	30fc040d23303130	96950222070	0	false	9	96950222078	1	65536
1228889	27178	0241368b72301300	227481080898	0	false	6	227481080903	1	65536
1230217	27208	0358814931231000	87970429141	0	false	14	87970429154	1	65536
1231144	27228	0363e8e9e1322103	79659259582	0	false	7	79659259588	1	65536
1231231	27230	03df8002f0303023	28173029423	0	false	1	28173029423	1	65536
1232515	27258	225163beb1111200	276118812132	0	false	7	276118812138	1	65536
1232597	27260	32d9e91e30101010	162315024458	0	false	17	162315024474	1	65536
1232732	27263	22408b1892330300	210198621251	0	false	1	210198621251	1	65536
1233474	27278	20de432053033330	241788063969	0	false	1	241788063969	1	65536
1234114	27293	320b030cb1323200	160423851027	0	false	2	160423851028	1	65536
1235188	27316	0435201ce1201130	63465866118	0	false	1	63465866118	1	65536
1235705	27329	038dcbcc30032003	243837014359	0	false	2	243837014360	1	65536
1237551	27369	03fa848ef0000320	78851684562	0	false	2	78851684563	1	65536
1238422	27388	0334d030f0133300	62984985570	140360	true	2	62984985571	1	65536
1240742	27439	24ce03b383332301	251042902242	0	false	6	251042902247	1	65536
1241449	27454	27ed40d8c1303220	42456478974	0	false	3	42456478976	1	65536
1242977	27489	2c3871f391332330	255935308948	0	false	5	255935308952	1	65536
1244198	27515	2d340bcee0001310	134362372441	0	false	3	134362372443	1	65536
1244573	27523	343ae15a52233220	112442482013	0	false	1	112442482013	1	65536
1245480	27543	2032e804a2010310	281749002667	0	false	1	281749002667	1	65536
1246559	27567	27a2ffed93100010	126064149192	0	false	5	126064149196	1	65536
1247650	27591	30422b5083000030	291660303802	116494	true	1	291660303802	1	65536
1247736	27593	06ba5785b0133332	254724327766	0	false	5	254724327770	1	65536
1248805	27616	330077c002301220	292405929780	0	false	5	292405929784	1	65536
1250095	27646	242e482413002000	195802655724	0	false	37	195802655760	1	65536
1250219	27648	33f9c8e883003300	126324138395	0	false	1	126324138395	1	65536
1250381	27652	052350d390223220	67352746107	0	false	1	67352746107	1	65536
1250980	27665	03e5167d00003031	17352992123	1362290	true	1	17352992123	1	65536
1250998	27666	236c97eb21331101	191901201929	1	true	1	191901201929	1	65536
1251373	27674	27677d0230020121	274014040866	0	false	2	274014040867	1	65536
1251975	27687	2003f5f980223030	15832567640	0	false	1	15832567640	1	65536
1253434	27719	2ff8203f30201230	176924352620	118715	true	1	176924352620	1	65536
1253977	27732	2d2f5286e0032220	58144227907	0	false	1	58144227907	1	65536
1255301	27761	0251ae1393032102	80393899570	0	false	1	80393899570	1	65536
1256839	27795	30f40e7943102110	51946343475	0	false	1	51946343475	1	65536
1257029	27799	307cf917d3030010	173874292665	0	false	3	173874292667	1	65536
1257744	27814	00000c0400320230	261815195622	0	false	1	261815195622	1	65536
1258706	27836	01fc0ce233203300	26071877738	0	false	2	26071877739	1	65536
1261998	27908	3699004ae1233320	180803923582	0	false	4	180803923585	1	65536
1262267	27913	2e73aece80031020	115959430624	0	false	6	115959430629	1	65536
1264320	27958	0352302290003102	88441029830	0	false	1	88441029830	1	65536
1264386	27960	206e0bfc83010331	171687207404	0	false	31	171687207434	1	65536
1264532	27963	24bff0c370300201	110775131497	0	false	14	110775131510	1	65536
1265739	27990	245e300400320010	47994310907	0	false	1	47994310907	1	65536
1268578	28053	308737ac03303330	202468114516	0	false	2	202468114517	1	65536
1268586	28053	0390c82390130012	96103720578	0	false	1	96103720578	1	65536
1268690	28055	33937d0f13010330	287138045215	0	false	6	287138045220	1	65536
1269883	28081	32225619e3300020	31583108881	0	false	1	31583108881	1	65536
1270485	28094	013f22c3f3133001	229689777287	1233589	true	2	229689777288	1	65536
1270637	28098	01dcc08210032330	275639494138	0	false	4	275639494141	1	65536
1271812	28124	029ed17e51220111	231797380281	3	true	1	231797380281	1	65536
1272440	28138	243df0b641310020	233227166393	0	false	3	233227166395	1	65536
1273251	28156	007d7e40c0313020	12644359966	0	false	4	12644359969	1	65536
1273334	28158	03bec323a2030002	176135520853	0	false	12	176135520864	1	65536
1274487	28183	29514b99f1122110	257515651099	350134	true	1	257515651099	1	65536
1274707	28188	2e3bdf80b0103330	100893039149	0	false	3	100893039151	1	65536
1275166	28198	383fff38f3300020	53927658795	0	false	5	53927658799	1	65536
1275516	28206	34c3fe3fe1000300	93449668992	140364	true	2	93449668993	1	65536
1276011	28216	284d8e9340013320	258866538105	0	false	13	258866538117	1	65536
1276486	28227	235436aad0122331	195250955568	350134	true	1	195250955568	1	65536
1277721	28254	02329051f1030023	84795626204	0	false	24	84795626227	1	65536
1277879	28258	3241eca7d3030100	276812888623	0	false	2	276812888624	1	65536
1278157	28264	37108ee030333330	222601877876	0	false	6	222601877881	1	65536
1278236	28266	2df50c1042330130	258497334555	0	false	13	258497334567	1	65536
1279017	28283	2cdee8f963310201	2708179150	0	false	9	2708179158	1	65536
1279536	28295	22fe80ec00301320	141334034684	0	false	5	141334034688	1	65536
1279559	28295	20033f8003032311	253475876748	1924351	true	2	253475876749	1	65536
1279606	28296	208f431f13033001	132655010132	0	false	3	132655010134	1	65536
1279670	28298	20cf8200f0303301	261916517679	0	false	2	261916517680	1	65536
1280361	28313	21e79ec9a2120101	236582666818	0	false	2	236582666819	1	65536
1281162	28330	02b3a7f013202200	117318518828	118715	true	1	117318518828	1	65536
1282512	28361	271c8cd083023230	14672784370	0	false	5	14672784374	1	65536
1282521	28361	0b27fdcc22313001	125352977996	0	false	1	125352977996	1	65536
1282558	28362	2bc8e33c10122330	2085987501	0	false	9	2085987509	1	65536
1284229	28399	011d3e70e2310100	164705321847	0	false	1	164705321847	1	65536
1286433	28448	38fa03f820230100	22654680209	0	false	8	22654680216	1	65536
1286997	28460	0158084332010330	7394446986	0	false	10	7394446995	1	65536
1288338	28490	2c3601dfc3330300	263207179544	0	false	8	263207179551	1	65536
1288597	28496	22618980a2101101	172998203753	350134	true	1	172998203753	1	65536
1289426	28514	012bd79af3312322	87456028707	0	false	14	87456028720	1	65536
1290222	28531	0370912203233200	155241620141	0	false	1	155241620141	1	65536
1291398	28557	28e277bf40011330	289830387220	0	false	1	289830387220	1	65536
1293550	28605	1267b9f450223021	105028683205	350134	true	1	105028683205	1	65536
1293847	28612	373f901c43103310	59169613263	0	false	9	59169613271	1	65536
1293880	28613	243c300d20030330	92503097957	0	false	1	92503097957	1	65536
1295311	28644	35ecfe6fd0302120	126354377914	0	false	1	126354377914	1	65536
1295318	28644	024a2b2e92302013	183200724430	0	false	2	183200724431	1	65536
1295936	28658	2fac3df001033030	174934654059	0	false	1	174934654059	1	65536
1296325	28667	26e3493a80030220	30773241229	0	false	1	30773241229	1	65536
1296647	28673	0304300bc3310003	209001386652	0	false	4	209001386655	1	65536
1296738	28675	220e05e012230311	81450686696	0	false	1	81450686696	1	65536
1298204	28708	06006978d3021210	138419248764	548138	true	1	138419248764	1	65536
1298735	28719	003a7a2b00003312	54361456594	0	false	12	54361456605	1	65536
1300435	28757	0173e7cc00331213	105496414080	0	false	1	105496414080	1	65536
1301023	28770	035d047b73123331	57568970624	0	false	43	57568970666	1	65536
1301112	28772	33280d83e0333200	205078164512	0	false	1	205078164512	1	65536
1303031	28814	3a21313fb2333200	266223469257	0	false	3	266223469259	1	65536
1303490	28824	00289e4020330100	87451320379	0	false	2	87451320380	1	65536
1303985	28835	0038e303a0033000	19019914981	0	false	3	19019914983	1	65536
1304608	28849	00233cf8a3001100	41310360621	0	false	4	41310360624	1	65536
1305448	28867	22f37bf7d1000030	295123053460	0	false	4	295123053463	1	65536
1306571	28892	27ec60b743323321	14272821673	0	false	5	14272821677	1	65536
1307737	28918	2b17a98741110210	221705123625	0	false	6	221705123630	1	65536
1308919	28943	310bc09ce1002330	127421301348	0	false	2	127421301349	1	65536
1309457	28955	001f7fff92110002	27928904273	0	false	2	27928904274	1	65536
1311081	28992	21360a2941011320	44058247320	0	false	4	44058247323	1	65536
1312402	29021	302081ac23031310	57878486699	0	false	4	57878486702	1	65536
1313331	29041	28030003e0303221	193605637628	0	false	5	193605637632	1	65536
1313596	29047	3030231c81133230	31164356469	0	false	3	31164356471	1	65536
1313965	29055	32b12ad4c0100120	29749729346	0	false	15	29749729360	1	65536
1314789	29073	27bd43fd50333300	265005506798	0	false	1	265005506798	1	65536
1316095	29101	240c3ffc43000020	202503294826	0	false	1	202503294826	1	65536
1316185	29103	2164970362020101	224523605924	0	false	1	224523605924	1	65536
1316904	29119	2cbe78c5e0110010	258273665697	350134	true	1	258273665697	1	65536
1317962	29142	22cfbffbd0333320	118254876251	1927194	true	1	118254876251	1	65536
1319365	29175	2208e03be1303011	269284381034	118715	true	1	269284381034	1	65536
1319862	29186	2940883ff2220011	96428231352	0	false	1	96428231352	1	65536
1320376	29198	2603c269e1133010	64715780311	0	false	5	64715780315	1	65536
1320619	29203	2ac2f3fd71130300	246812726668	0	false	3	246812726670	1	65536
1321580	29224	01cf9d7e00133313	125358230728	0	false	3	125358230730	1	65536
1322820	29252	0396983fb2130221	189084949070	0	false	6	189084949075	1	65536
1322886	29253	2450825a42211301	178231991138	548230	true	1	178231991138	1	65536
1324098	29279	307bc98dd2011010	275302258845	94538	true	1	275302258845	1	65536
1325523	29312	3926db1da2113100	93078025817	0	false	2	93078025818	1	65536
1326271	29329	2be03cac00103020	32467623158	2142914	true	1	32467623158	1	65536
1327076	29347	2a27392ff2001100	171807412104	0	false	3	171807412106	1	65536
1327594	29358	26c88c5893323220	257957283819	0	false	9	257957283827	1	65536
1327596	29358	03426c88c1013323	243027549749	0	false	3	243027549751	1	65536
1327866	29364	31c33cdfc3133300	13439864231	0	false	10	13439864240	1	65536
1328128	29370	2f909534d0230110	78522788497	0	false	5	78522788501	1	65536
1329565	29402	0a14220d20100030	212004681605	1606404	true	12	212004681616	1	65536
1329846	29408	3523a827e3022200	149249878918	0	false	1	149249878918	1	65536
1330115	29414	21ff9d2142331321	95752925080	0	false	2	95752925081	1	65536
1331421	29443	20a3c01ba1302300	174115878012	0	false	13	174115878024	1	65536
1332219	29460	223fe267c0031130	82572877766	0	false	2	82572877767	1	65536
1333078	29479	310e1e3b20001120	70897939207	0	false	12	70897939218	1	65536
1335155	29526	025d17f333131131	82259710868	0	false	1	82259710868	1	65536
1335505	29534	2826b83000130320	80564132377	0	false	10	80564132386	1	65536
1336955	29566	2900a89b90122000	2253577811	0	false	3	2253577813	1	65536
1338142	29592	0272f5eca2332310	166647732734	0	false	1	166647732734	1	65536
1339434	29621	04e8dbb400322220	80819568766	0	false	1	80819568766	1	65536
1340006	29634	026835f961003120	35692466353	0	false	2	35692466354	1	65536
1340061	29635	023ad16870302122	201111784841	0	false	1	201111784841	1	65536
1341810	29674	29fa47bf81100111	282996343653	0	false	4	282996343656	1	65536
1341848	29675	321e734100300320	255209629417	0	false	4	255209629420	1	65536
1342386	29687	250c83a003020031	160151783933	0	false	10	160151783942	1	65536
1342690	29694	030cd0cf41030020	270339646920	0	false	1	270339646920	1	65536
1342780	29696	03804c4fc0023300	147042577900	0	false	5	147042577904	1	65536
1344587	29736	033c3c7be2300332	204260059603	0	false	15	204260059617	1	65536
1344985	29745	015203df93232002	97970706696	0	false	5	97970706700	1	65536
1345839	29764	2f4ec01102123300	165347091369	0	false	16	165347091384	1	65536
1347074	29791	23ea116bf2313130	292731809937	0	false	1	292731809937	1	65536
1347648	29804	25169df6c1110121	111499847115	0	false	3	111499847117	1	65536
1347725	29806	2097685931331221	83604781770	1	true	1	83604781770	1	65536
1347804	29807	2130f3a432333310	199197000947	0	false	1	199197000947	1	65536
1347958	29811	00030ebff3323322	135207996787	0	false	2	135207996788	1	65536
1349258	29840	01debee8e1313300	94506794754	0	false	4	94506794757	1	65536
1352332	29909	2bf3ffc3d0013031	212610440504	0	false	2	212610440505	1	65536
1353517	29935	03d2f03491303330	161556444224	0	false	2	161556444225	1	65536
1355768	29985	204823f0f3200010	213410362529	0	false	4	213410362532	1	65536
1356378	29999	3c0ebe0de3003310	155952046957	0	false	6	155952046962	1	65536
1358512	30046	03f2b8ce70021000	22015556609	0	false	1	22015556609	1	65536
1359141	30060	030640a7c0233232	83412613787	0	false	40	83412613826	1	65536
1359360	30064	30000fc7c3113310	141503211401	0	false	29	141503211429	1	65536
1360355	30086	35fcfc3100223010	63921572286	292855	true	1	63921572286	1	65536
1364317	30173	2cbef00212100330	44305276446	0	false	16	44305276461	1	65536
1364490	30177	30230cfd20300130	149770844091	1606471	true	3	149770844093	1	65536
1366246	30216	06ba4f7340332230	244545654772	0	false	3	244545654774	1	65536
1366346	30218	00f47fcfe3200303	274731596482	0	false	2	274731596483	1	65536
1368783	30272	020fe38db3030031	213733875983	0	false	1	213733875983	1	65536
1369364	30284	22ecf02ff2323300	69399634464	292852	true	1	69399634464	1	65536
1371056	30321	03cc3337c0330021	212028783753	0	false	2	212028783754	1	65536
1371118	30323	2adde1a622201010	94909830030	0	false	2	94909830031	1	65536
1371419	30330	2fd32ff333002330	10202241925	140365	true	15	10202241939	1	65536
1371502	30331	0271f64952230230	116519489956	0	false	4	116519489959	1	65536
1372386	30351	3ab35d1d40011120	82898496098	0	false	1	82898496098	1	65536
1374299	30393	2e5fc18b63020310	167946857341	0	false	1	167946857341	1	65536
1374772	30404	01d0c90b83330010	275343641055	0	false	1	275343641055	1	65536
1375675	30424	24ded05cd0002330	105575305019	0	false	5	105575305023	1	65536
1376150	30434	03180a0a40330230	108591306530	0	false	9	108591306538	1	65536
1378045	30476	3107a30350113100	144206442022	118715	true	2	144206442023	1	65536
1379022	30497	2ddc0e0ff3003030	243911792314	0	false	3	243911792316	1	65536
1379092	30498	272a2af141220101	252067259683	0	false	12	252067259694	1	65536
1379251	30502	23c0020003101020	224944734405	0	false	15	224944734419	1	65536
1380700	30535	264e961920110121	190891577753	3	true	1	190891577753	1	65536
1380808	30537	209a950c41302320	128711154042	0	false	4	128711154045	1	65536
1380953	30541	3c70fdf3b0320300	56500612299	0	false	6	56500612304	1	65536
1381685	30557	03fcfe04f3000133	174148274466	0	false	5	174148274470	1	65536
1381787	30559	007e593822021023	81384313988	0	false	6	81384313993	1	65536
1382774	30581	2e586af9b0201230	36316707284	2138243	true	4	36316707287	1	65536
1385099	30632	2085f7f912302021	260243141033	0	false	3	260243141035	1	65536
1386014	30653	280c0f03e3200131	138413386977	3	true	1	138413386977	1	65536
1386567	30664	3327bc48c3313100	231496427743	0	false	3	231496427745	1	65536
1387178	30678	2082bd8432020330	223152980815	0	false	2	223152980816	1	65536
1387910	30694	22dfccf483101230	22541572609	0	false	23	22541572631	1	65536
1388441	30706	01c4814f02020203	58328992621	0	false	2	58328992622	1	65536
1391355	30769	224a767ef2131021	280790822082	350134	true	1	280790822082	1	65536
1391797	30779	0143a49160220121	272102568765	0	false	2	272102568766	1	65536
1395359	30857	0140690e51303001	221440054651	0	false	1	221440054651	1	65536
1395748	30865	2fda4c6340231030	275781217270	0	false	2	275781217271	1	65536
1396194	30875	2f40343ad1311010	9337571656	0	false	1	9337571656	1	65536
1396335	30878	33e77cae42013100	62552403944	0	false	1	62552403944	1	65536
1397883	30913	2df8903800022330	296916542424	0	false	1	296916542424	1	65536
1401856	31000	014ffc0dc1001331	158731884350	1	true	3	158731884352	1	65536
1402950	31023	32b645c400113230	33161679941	0	false	1	33161679941	1	65536
1403708	31040	308e2ac483322300	108633565440	169628	true	1	108633565440	1	65536
1404355	31054	011472c1e3003220	123947039393	0	false	20	123947039412	1	65536
1404617	31060	2120802bc0300010	103457068422	118715	true	3	103457068424	1	65536
1404947	31068	2a757dde90232330	262208306303	0	false	4	262208306306	1	65536
1406842	31109	03f0d3fdc0212233	240409951093	0	false	3	240409951095	1	65536
1410114	31182	015c1f4123232300	117003694906	0	false	3	117003694908	1	65536
1410143	31183	33ffe01032200020	41559882971	0	false	1	41559882971	1	65536
1411132	31206	021e7e30f2312323	252073791560	0	false	1	252073791560	1	65536
1412081	31226	013ccf3fc3330100	192431790691	1095317	true	4	192431790694	1	65536
1412403	31234	23093fe093003330	274600295786	0	false	17	274600295802	1	65536
1412536	31237	29436756f2101021	210322134978	0	false	7	210322134984	1	65536
1413071	31248	073bbc1e82203301	18446047607	0	false	2	18446047608	1	65536
1413717	31262	20a2542350120220	283038739071	0	false	3	283038739073	1	65536
1413932	31267	238c0f1bb3322000	94214427533	0	false	1	94214427533	1	65536
1414315	31275	2426588be2030121	142403549303	548980	true	1	142403549303	1	65536
1414417	31278	3e36e04390313310	193809777468	0	false	17	193809777484	1	65536
1414594	31282	3200237183233130	293264652887	0	false	11	293264652897	1	65536
1414801	31286	220ff3ffd0000300	87324794149	38	true	2	87324794150	1	65536
1415241	31296	03c003c5e0000321	6813784315	0	false	2	6813784316	1	65536
1415500	31302	0a43943aa0301011	205353993266	0	false	3	205353993268	1	65536
1415666	31305	20cfbe9df2331031	76458458570	0	false	1	76458458570	1	65536
1415682	31306	20fd2f1240220300	124267533656	0	false	2	124267533657	1	65536
1416406	31322	2f937f8c92303030	115225601601	0	false	1	115225601601	1	65536
1416519	31324	2f4f0aca63103210	283690239639	0	false	5	283690239643	1	65536
1416977	31334	03900fc801331312	24496974844	0	false	3	24496974846	1	65536
1416978	31334	003f2005e3313223	145332129578	0	false	10	145332129587	1	65536
1417499	31345	012e9d0322023232	265805367563	0	false	30	265805367592	1	65536
1417729	31351	014c085d41001231	189796790238	0	false	2	189796790239	1	65536
1419833	31397	3886b6f853303220	139835813561	1558	true	1	139835813561	1	65536
1420181	31405	2373f47d43300320	151338619537	0	false	1	151338619537	1	65536
1420443	31410	233fff8012323000	37977459162	0	false	1	37977459162	1	65536
1420482	31411	23dceb00f3030231	156549846118	0	false	2	156549846119	1	65536
1420842	31419	0d038c3ff0330000	176347983880	0	false	1	176347983880	1	65536
1421029	31423	2c05f45f43003231	112565564878	0	false	4	112565564881	1	65536
1421565	31434	0320437ff2332302	52288958696	0	false	4	52288958699	1	65536
1422318	31451	2d1654aa32130310	196904501026	0	false	7	196904501032	1	65536
1425579	31524	0234c7c0f0033322	289353671059	0	false	21	289353671079	1	65536
1425656	31525	09907f0ba0122230	133453820467	0	false	1	133453820467	1	65536
1426726	31550	166220b570313321	91915158001	0	false	5	91915158005	1	65536
1427697	31571	2c3e38f783312030	165414185001	0	false	18	165414185018	1	65536
1429052	31601	02800fe811330330	35257908380	0	false	3	35257908382	1	65536
1429276	31606	23370df900303100	15824213260	292855	true	2	15824213261	1	65536
1430990	31644	2eaaeb0ae0223010	153092142459	0	false	1	153092142459	1	65536
1431109	31646	253e644210211010	286863467429	0	false	1	286863467429	1	65536
1432085	31668	01e79f40e0032330	273375019113	0	false	3	273375019115	1	65536
1436275	31760	34234dfcf2320330	208173150404	0	false	3	208173150406	1	65536
1436835	31773	233f63e003030001	89014678640	0	false	4	89014678643	1	65536
1438422	31808	031000fa03032000	108368454058	0	false	4	108368454061	1	65536
1438679	31813	01475d75d3132031	163584947688	0	false	5	163584947692	1	65536
1440177	31846	3e53a9cd12102310	184891239086	0	false	5	184891239090	1	65536
1442153	31889	2702ffe4b0333310	209542169214	0	false	3	209542169216	1	65536
1442346	31893	01fef07b00102312	53502825451	0	false	10	53502825460	1	65536
1443721	31924	02f8ce8c32131023	228945979363	0	false	8	228945979370	1	65536
1445708	31968	0038800302302030	190131055516	0	false	1	190131055516	1	65536
1446609	31988	2bfa534d40103310	137112762359	0	false	27	137112762385	1	65536
1446991	31996	0260535002130100	160526174252	0	false	1	160526174252	1	65536
1447261	32002	2bcc03cf80001130	243652566167	0	false	26	243652566192	1	65536
1448530	32030	0102d3c880010222	51084874136	0	false	24	51084874159	1	65536
1449521	32052	021639dc50301012	180023220750	1843814	true	1	180023220750	1	65536
1449981	32062	23fb150f00302030	233292181801	0	false	31	233292181831	1	65536
1450234	32067	26da6899f0130120	188282454163	350134	true	1	188282454163	1	65536
1453192	32134	0503fc3bf0313102	6454828306	0	false	5	6454828310	1	65536
1453224	32134	03120fe013033301	164072147185	0	false	1	164072147185	1	65536
1453484	32141	03f7f9fdd3332030	266017569053	0	false	1	266017569053	1	65536
1453742	32146	30080cf3d3200330	37518517543	0	false	5	37518517547	1	65536
1454538	32164	01a63de392121233	107253380832	0	false	1	107253380832	1	65536
1455782	32192	017ee31f10121102	103091704684	0	false	19	103091704702	1	65536
1459174	32266	34b0e240b3200000	133338589287	0	false	1	133338589287	1	65536
1459631	32276	35117b1632310120	68482226096	0	false	8	68482226103	1	65536
1460106	32287	0301d078a1200133	106781307652	0	false	2	106781307653	1	65536
1462337	32335	22803e0020132000	245204095548	0	false	2	245204095549	1	65536
1463903	32369	253c0ff8c1031121	124492090459	0	false	5	124492090463	1	65536
1464991	32394	0010000821310022	251541661831	0	false	11	251541661841	1	65536
1465563	32406	058d440992202321	72243522144	1	true	1	72243522144	1	65536
1465641	32408	22b2313f42020221	17444198166	0	false	1	17444198166	1	65536
1466733	32432	2c50af89f0030130	62332152004	118715	true	1	62332152004	1	65536
1469117	32484	24921380b2121131	264958114762	0	false	1	264958114762	1	65536
1469395	32489	0343b58333101200	37166786888	0	false	2	37166786889	1	65536
1470596	32516	02308cdbc3113001	246898629978	0	false	12	246898629989	1	65536
1470709	32518	23f158e782013030	263019766191	0	false	14	263019766204	1	65536
1471595	32538	203cf3a333130300	188950541823	140360	true	1	188950541823	1	65536
1474166	32595	0134346360301002	262925062254	0	false	2	262925062255	1	65536
1474906	32611	353f4ca901323120	14801585821	0	false	9	14801585829	1	65536
1475018	32614	345fff5750001000	129699196038	0	false	1	129699196038	1	65536
1478358	32689	06083ffbf0030320	96957345960	0	false	2	96957345961	1	65536
1479529	32714	25c39094c1132300	124705321187	0	false	3	124705321189	1	65536
1481354	32755	3a28efef03110100	246923349599	292827	true	1	246923349599	1	65536
1481704	32763	28e0f22c43001200	84345398057	0	false	5	84345398061	1	65536
1482887	32789	224a1245d1103130	115436150577	0	false	3	115436150579	1	65536
1483787	32810	026a3e7423030232	228957294675	0	false	1	228957294675	1	65536
1483924	32813	373f6a3180230030	28546480222	116494	true	1	28546480222	1	65536
1484571	32828	3433f10fa0002320	36321463735	118715	true	1	36321463735	1	65536
1484587	32828	2b0fc8e3b0003300	272641221560	140360	true	8	272641221567	1	65536
1485291	32844	38df81c3f1023300	118694988006	0	false	1	118694988006	1	65536
1485326	32844	322b61cc02333030	261307385019	0	false	3	261307385021	1	65536
1486348	32867	2fecb31220300330	191144408756	0	false	1	191144408756	1	65536
1486566	32872	037ff80f22020330	192401336236	0	false	3	192401336238	1	65536
1487125	32884	0763753453001201	126078099268	0	false	9	126078099276	1	65536
1488611	32917	04e77dcd23032022	226590248949	0	false	1	226590248949	1	65536
1489083	32927	24ffe54142102221	286264756093	0	false	2	286264756094	1	65536
1490071	32949	17d6655962233211	271395114896	0	false	4	271395114899	1	65536
1490284	32953	2facfb7f53332330	16256313359	0	false	1	16256313359	1	65536
1490307	32954	00ce901720033301	253687340634	0	false	17	253687340650	1	65536
1494073	33038	036f800180323123	161034841743	0	false	40	161034841782	1	65536
1495855	33077	01038e63e3033111	85925381329	0	false	20	85925381348	1	65536
1496258	33085	014f4bf801032003	57643957804	292852	true	1	57643957804	1	65536
1497213	33106	03e4994221110232	37634651600	0	false	1	37634651600	1	65536
1497516	33113	27c92d2d01321231	88554474512	0	false	3	88554474514	1	65536
1497711	33117	2349afe5f1312220	206742170453	0	false	3	206742170455	1	65536
1499235	33152	30e1ce4e61022300	296250830923	0	false	2	296250830924	1	65536
1499274	33152	0353238802100233	32580878629	0	false	1	32580878629	1	65536
1501647	33205	252567d9e3231101	286431966776	0	false	8	286431966783	1	65536
1501665	33205	25bd200de1321130	122967408061	0	false	1	122967408061	1	65536
1502445	33222	2624e92b10323130	214909093647	0	false	1	214909093647	1	65536
1502682	33228	24fa00e2e0103301	129989016040	0	false	4	129989016043	1	65536
1502790	33230	2493459373321231	218052042635	0	false	4	218052042638	1	65536
1502864	33232	23fe08cf03310100	183249618809	0	false	1	183249618809	1	65536
1505165	33283	2f9bf53c03332010	78173665886	0	false	1	78173665886	1	65536
1505268	33286	054f248c23103301	2813152870	0	false	1	2813152870	1	65536
1507118	33328	013437fd32230103	51077552331	0	false	2	51077552332	1	65536
1507222	33330	240ffe33f0031020	19576840463	2122754	true	2	19576840464	1	65536
1508638	33361	37f46e3e33332030	180058013756	0	false	2	180058013757	1	65536
1509890	33389	300c478522232300	281934803474	0	false	10	281934803483	1	65536
1512905	33455	375361b8f0010030	255018398770	0	false	1	255018398770	1	65536
1513436	33468	08cdf03801112000	264112162999	0	false	2	264112163000	1	65536
1514324	33488	3c73b5d273302330	254078941182	0	false	27	254078941208	1	65536
1515003	33503	08fa914ab1131322	157278349384	0	false	10	157278349393	1	65536
1515773	33520	21418f33e1312301	98090249673	0	false	4	98090249676	1	65536
1516708	33541	033cf2c8e3030123	103412008697	63032	true	47	103412008743	1	65536
1517838	33565	23923b0000301330	1637997859	0	false	13	1637997871	1	65536
1517957	33568	334c03eb10103220	67073854210	0	false	4	67073854213	1	65536
1518824	33587	2a6f77f020121321	166440939892	0	false	5	166440939896	1	65536
1519199	33595	3c13f82380030010	8548079223	0	false	9	8548079231	1	65536
1520165	33616	21a43289e0320230	123794055679	0	false	5	123794055683	1	65536
1520279	33619	04936edf92312331	188379410671	0	false	2	188379410672	1	65536
1521026	33635	16545e3e13300220	265455915978	0	false	1	265455915978	1	65536
1522015	33657	303eff9ff2303310	208537364491	0	false	5	208537364495	1	65536
1522229	33661	04de322323031012	199761180998	0	false	2	199761180999	1	65536
1522460	33666	20914ae212310211	88869344192	0	false	3	88869344194	1	65536
1522496	33667	341dc1ed53133130	109122788035	0	false	26	109122788060	1	65536
1522689	33672	230019afe2321311	268428352144	0	false	1	268428352144	1	65536
1522698	33672	0f67e98b31203201	94020608192	0	false	6	94020608197	1	65536
1523152	33681	2bafac7160323301	15746205776	0	false	1	15746205776	1	65536
1523382	33686	0033bd0273220231	283759021458	0	false	5	283759021462	1	65536
1523542	33690	29e0ad55a0012220	229614218992	0	false	4	229614218995	1	65536
1524557	33712	2b25df7d30020300	163163793144	0	false	8	163163793151	1	65536
1525350	33730	09548297a3121122	246235058303	350134	true	1	246235058303	1	65536
1525434	33732	0924510520121120	221800971101	0	false	9	221800971109	1	65536
1525620	33736	241160a3a2000101	62795022450	0	false	1	62795022450	1	65536
1527509	33777	21e0070043231020	207696436460	1149630	true	1	207696436460	1	65536
1528434	33798	2e7d24b4f1233130	14029774939	0	false	6	14029774944	1	65536
1528482	33799	03e6c7ebe3303333	139970842714	0	false	3	139970842716	1	65536
1532143	33880	026f679182320322	142890313064	0	false	6	142890313069	1	65536
1532187	33881	004d1003c0031020	26665080705	0	false	4	26665080708	1	65536
1532252	33883	2ba62f8d91122121	60915367898	0	false	3	60915367900	1	65536
1533965	33921	214df5cfe1323200	219191979057	0	false	9	219191979065	1	65536
1535116	33948	23713fd001200211	265124732808	0	false	2	265124732809	1	65536
1536018	33968	338d17e703332030	204667069881	0	false	1	204667069881	1	65536
1536317	33975	2137bedc23313311	220732614788	0	false	16	220732614803	1	65536
1536963	33989	03407a30c3302322	156915179576	0	false	8	156915179583	1	65536
1538631	34026	002cfcdff0202300	22911296707	0	false	7	22911296713	1	65536
1538665	34027	202482c062300000	281208830431	0	false	7	281208830437	1	65536
1538901	34032	24fadf7070013000	212037564755	0	false	1	212037564755	1	65536
1539708	34050	003be3ffe3333231	239698295346	0	false	2	239698295347	1	65536
1540018	34057	2208d9e060302201	163519712834	116494	true	3	163519712836	1	65536
1540553	34069	37e52744a2203010	117037046011	0	false	1	117037046011	1	65536
1540739	34073	0e5fd50251231112	104029755281	0	false	18	104029755298	1	65536
1542411	34110	30ec401f30313110	38633705687	0	false	12	38633705698	1	65536
1545178	34171	33cd123000002310	209689025837	0	false	6	209689025842	1	65536
1546691	34204	2383ae9f90313300	157757278700	0	false	4	157757278703	1	65536
1549564	34268	2d6627e270311310	9782109648	130224	true	5	9782109652	1	65536
1551561	34312	03c2570de1333130	59355559361	0	false	1	59355559361	1	65536
1552376	34330	233c90f8a1221330	149689769332	0	false	8	149689769339	1	65536
1552576	34334	028da07dd1103023	196098261043	0	false	11	196098261053	1	65536
1553225	34349	2944cf8d20233000	38732273551	0	false	3	38732273553	1	65536
1554598	34379	0770284f41231101	49480288906	0	false	2	49480288907	1	65536
1555175	34391	032f4e0943020020	177588430665	0	false	11	177588430675	1	65536
1555327	34395	201ef1ffa0302310	6709995582	0	false	1	6709995582	1	65536
1555519	34400	24aaece981212110	264118298856	350134	true	1	264118298856	1	65536
1556565	34423	36934f5233033320	92744315560	0	false	19	92744315578	1	65536
1556898	34430	018f8c80e3122230	241103528915	0	false	9	241103528923	1	65536
1557826	34451	2185491a42310201	70808294554	350134	true	1	70808294554	1	65536
1557843	34451	2492027890012020	148538824435	350134	true	1	148538824435	1	65536
1557894	34452	317f2fcd32200300	69614997907	0	false	3	69614997909	1	65536
1559464	34486	02480250d0101220	118119382978	0	false	1	118119382978	1	65536
1559847	34495	211f0f33c0020200	57022051778	0	false	5	57022051782	1	65536
1560659	34513	36316d14d0221210	204750724456	0	false	11	204750724466	1	65536
1561931	34541	2f3c0413a2203020	65284975597	176250	true	1	65284975597	1	65536
1561949	34541	276e0d3d33330020	68906847883	0	false	5	68906847887	1	65536
1561973	34542	03fd080043212002	205167894560	0	false	2	205167894561	1	65536
1562334	34549	3450c5c5a1300000	244889435637	0	false	19	244889435655	1	65536
1562726	34558	23710000c0023030	26202088502	0	false	2	26202088503	1	65536
1563172	34568	003c424030232023	218623460020	0	false	1	218623460020	1	65536
1563655	34579	31fff0d3b2133000	22065483788	0	false	6	22065483793	1	65536
1565551	34620	02b87fb0c3011330	37280002451	0	false	1	37280002451	1	65536
1568700	34689	20009e02f1100100	7838932345	0	false	7	7838932351	1	65536
1569455	34706	2fec76e473010220	292064373997	0	false	2	292064373998	1	65536
1569644	34710	023c84fd20310120	182643342947	140360	true	1	182643342947	1	65536
1569683	34711	01fc03f0c3330000	284261709204	2107905	true	2	284261709205	1	65536
1570068	34720	380bfcef31322220	17247591512	0	false	4	17247591515	1	65536
1570194	34722	0100d08043303020	26214743111	3	true	2	26214743112	1	65536
1570375	34726	23bd1e3e70302130	94103069740	0	false	14	94103069753	1	65536
1570880	34738	2024b3fdc1100120	55762488498	0	false	9	55762488506	1	65536
1571819	34759	35b8e3b5d0231010	157148461064	0	false	16	157148461079	1	65536
1572357	34771	014fbced13330033	7647506625	0	false	1	7647506625	1	65536
1572567	34775	03c003c9e0221203	242967685736	0	false	1	242967685736	1	65536
1572853	34781	241b853df1011030	105891917108	0	false	1	105891917108	1	65536
1573059	34786	03fd69ffd2223300	117965734168	0	false	6	117965734173	1	65536
1573410	34793	0f94c3c782032302	237200117750	0	false	20	237200117769	1	65536
1573449	34794	23088fca63033000	219727911038	0	false	1	219727911038	1	65536
1575235	34834	34fa3c9fd0032100	259806217517	63032	true	1	259806217517	1	65536
1575390	34837	3040270fc3220330	60387684231	0	false	2	60387684232	1	65536
1575571	34841	3799fa3a73222130	158595963963	0	false	1	158595963963	1	65536
1578894	34916	033fdc3cf1301221	172780290951	0	false	1	172780290951	1	65536
1579517	34930	21e4aec3f0103110	3096773798	0	false	1	3096773798	1	65536
1579806	34936	24220bcc83322320	197808331087	0	false	1	197808331087	1	65536
1581283	34968	372538f001203310	19883047062	0	false	1	19883047062	1	65536
1581431	34971	02f8233e40200233	45567919671	0	false	1	45567919671	1	65536
1581516	34973	02500167e2222000	22559510995	0	false	1	22559510995	1	65536
1583430	35016	20d750e832201120	127706464407	0	false	1	127706464407	1	65536
1585187	35055	00f37b3ca1331012	190281768303	0	false	1	190281768303	1	65536
1585642	35066	3000cf0bf0210000	170579470861	0	false	6	170579470866	1	65536
1587085	35098	305eff2683333310	100143691116	0	false	16	100143691131	1	65536
1589702	35155	039504d0f1032301	17735317277	0	false	3	17735317279	1	65536
1591234	35190	2edcc0efb3303230	136903740951	0	false	14	136903740964	1	65536
1592461	35216	04fbed2cf3010030	172404665593	292819	true	1	172404665593	1	65536
1592691	35221	20bfbe0302213020	82852968363	0	false	12	82852968374	1	65536
1592704	35222	023aeeaf90313202	37596514243	0	false	7	37596514249	1	65536
1594068	35252	3873d48e01213020	230543377457	0	false	1	230543377457	1	65536
1594498	35262	037f3137b1030203	78716238970	1558	true	3	78716238972	1	65536
1594948	35272	303c07f843300100	214462911282	0	false	7	214462911288	1	65536
1595341	35281	23848b0382022010	115357905706	0	false	2	115357905707	1	65536
1595654	35288	009200a400311201	250852853673	0	false	4	250852853676	1	65536
1595987	35295	2fde8ee8d0330020	171929636417	0	false	17	171929636433	1	65536
1596069	35297	02c80150d1202003	203248941911	0	false	8	203248941918	1	65536
1596167	35299	22d3ee0300033000	108844723937	2151703	true	1	108844723937	1	65536
1596252	35301	2c1fe85e03203310	272143429202	0	false	6	272143429207	1	65536
1596268	35301	0142a7cc93220323	83536273390	0	false	10	83536273399	1	65536
1597387	35326	2dd78c1df0120310	196696519255	0	false	3	196696519257	1	65536
1597394	35326	017fe35131133331	57002321731	0	false	35	57002321765	1	65536
1599049	35363	274ddd02f3310031	224371018207	0	false	2	224371018208	1	65536
1599152	35365	2fd6a3a233220020	245841566381	0	false	1	245841566381	1	65536
1600209	35388	20ff235283200111	165210937070	0	false	13	165210937082	1	65536
1601604	35419	0007929632110223	105310520477	350134	true	1	105310520477	1	65536
1601949	35427	01fd341f41202003	25971438008	0	false	1	25971438008	1	65536
1606403	35526	33a330dbf2323200	272703083919	0	false	1	272703083919	1	65536
1609437	35593	2ffa239d40203000	203406718000	0	false	3	203406718002	1	65536
1610717	35621	313aeb9353001230	206619692574	0	false	2	206619692575	1	65536
1611092	35629	278078c820000300	137203545481	140360	true	1	137203545481	1	65536
1611450	35637	240e37b901312130	110027593510	0	false	2	110027593511	1	65536
1612680	35664	37003fc200113110	211098280698	0	false	8	211098280705	1	65536
1613075	35673	2100c39cb3010210	182883424858	0	false	4	182883424861	1	65536
1613427	35680	2f681dfd23203000	212256105033	0	false	1	212256105033	1	65536
1617400	35768	2fc1df4370112010	239205738317	0	false	1	239205738317	1	65536
1618840	35800	03c5d341d0301322	82351272373	0	false	31	82351272403	1	65536
1619158	35807	022508fff3031233	289096769939	0	false	1	289096769939	1	65536
1620381	35834	32503de4f3103120	136218423549	0	false	4	136218423552	1	65536
1622620	35884	01cd0293b0303123	29898850720	0	false	2	29898850721	1	65536
1622971	35892	02ce463c02303222	69447097409	0	false	2	69447097410	1	65536
1623122	35895	0648a00413030002	183041321645	0	false	2	183041321646	1	65536
1623188	35896	2022190873310031	256491709470	0	false	8	256491709477	1	65536
1623521	35903	023823ecb0033012	6801442679	0	false	2	6801442680	1	65536
1624082	35916	2f93bf4343003100	133628748912	0	false	1	133628748912	1	65536
1624232	35919	0205f01200132202	86668822265	0	false	4	86668822268	1	65536
1625405	35945	023ff47711030313	106729682400	292852	true	1	106729682400	1	65536
1625799	35954	2ae949a350110300	138155755279	350134	true	2	138155755280	1	65536
1626013	35958	03732ff442030232	124243306197	0	false	3	124243306199	1	65536
1626631	35972	33dff4bdc3132220	36498680719	0	false	4	36498680722	1	65536
1626659	35973	01300fc9d3233001	274200381289	0	false	2	274200381290	1	65536
1627162	35984	301fedf883322000	286507169284	0	false	3	286507169286	1	65536
1628483	36013	3cccf0f420001120	180217000487	0	false	1	180217000487	1	65536
1628922	36022	3000240000330230	133355813226	0	false	1	133355813226	1	65536
1629682	36039	034ec03cf1031332	291376023183	0	false	28	291376023210	1	65536
1630055	36047	01e5a89e71021001	258112954972	0	false	4	258112954975	1	65536
1630321	36053	34b27518f1231200	114410646065	0	false	1	114410646065	1	65536
1630986	36068	0bb2bac4d3112332	81266704624	0	false	13	81266704636	1	65536
1631624	36082	2a47503f33000110	89272488021	292855	true	1	89272488021	1	65536
1632202	36095	222e93c793330220	60738422717	0	false	19	60738422735	1	65536
1632321	36097	020070b702301212	67434228386	0	false	5	67434228390	1	65536
1633550	36125	37d8ecd383302300	139111396772	0	false	33	139111396804	1	65536
1633807	36131	053c9de322320300	119915551202	0	false	1	119915551202	1	65536
1634956	36156	03001004c3322132	62747945246	0	false	10	62747945255	1	65536
1636244	36185	27fff9e7f0031200	18442635157	0	false	2	18442635158	1	65536
1636612	36193	34343ce101003310	175730576688	0	false	18	175730576705	1	65536
1640846	36286	3702f535f0333000	144781566900	0	false	16	144781566915	1	65536
1641174	36294	2b6b3e79f1303210	11054420901	0	false	1	11054420901	1	65536
1641702	36305	05c8e5c402123312	165535406072	0	false	1	165535406072	1	65536
1642008	36311	0247b23fe3100023	134460225151	0	false	13	134460225163	1	65536
1642216	36316	3a3c7facf3033310	266362852110	292822	true	1	266362852110	1	65536
1642458	36321	36f455aae3010210	203476325815	350134	true	1	203476325815	1	65536
1642488	36322	03ef8bf0c0100330	222320666243	0	false	3	222320666245	1	65536
1643653	36348	3830f3d003300010	68099550403	292852	true	1	68099550403	1	65536
1645115	36380	283a300003312100	145113406978	0	false	2	145113406979	1	65536
1645236	36382	000fe00203001332	178412143879	0	false	1	178412143879	1	65536
1645623	36391	234a64a2b1231211	117844442769	350134	true	1	117844442769	1	65536
1645652	36391	2619458de2233011	93729535278	350134	true	1	93729535278	1	65536
1646280	36406	34f12dcc23310020	207156504958	0	false	1	207156504958	1	65536
1646988	36422	205b82be23031311	191890245401	0	false	2	191890245402	1	65536
1647154	36425	2f847843a0122130	139842040888	0	false	3	139842040890	1	65536
1647439	36432	30b81cbf40233230	68534256816	0	false	3	68534256818	1	65536
1647859	36441	0053c02ff0133333	196230207702	0	false	8	196230207709	1	65536
1648485	36455	21700c5ac1103201	89381733020	0	false	6	89381733025	1	65536
1648631	36458	280dc123f2033000	220311333845	0	false	2	220311333846	1	65536
1649944	36486	24b24815d3002230	36185095841	0	false	1	36185095841	1	65536
1650310	36494	23de011f10112020	39796574668	0	false	30	39796574697	1	65536
1650371	36496	03fc3f47f3220233	34726201847	0	false	4	34726201850	1	65536
1650557	36500	049e82e2d3021210	159291148124	0	false	3	159291148126	1	65536
1650602	36501	39403f4f90310330	193242461326	0	false	10	193242461335	1	65536
1654889	36596	2a0e6bb343002030	257208206812	0	false	1	257208206812	1	65536
1655919	36619	01d7a62bf3331021	24775000171	0	false	1	24775000171	1	65536
1656352	36628	29ce400ef0202000	3643778259	0	false	1	3643778259	1	65536
1656489	36631	3123ec8903230110	234557127445	0	false	2	234557127446	1	65536
1656511	36632	21940a3770200301	129555930273	0	false	10	129555930282	1	65536
1656859	36639	03e30becc0330233	200683975973	0	false	15	200683975987	1	65536
1658228	36670	2b4a77cca2132301	116399334747	0	false	7	116399334753	1	65536
1659666	36702	027cd80340010000	97674580135	140360	true	1	97674580135	1	65536
1660782	36727	023134ac31230121	87245365934	0	false	5	87245365938	1	65536
1660798	36727	2cc03f3c73301330	152491874403	1793779	true	1	152491874403	1	65536
1660990	36731	0449504453323111	202447585356	0	false	1	202447585356	1	65536
1661709	36747	23b7a09f81131321	203161327673	0	false	1	203161327673	1	65536
1662127	36757	310f023870020300	103408555308	0	false	1	103408555308	1	65536
1662391	36762	21712c0e40101330	40401884148	0	false	1	40401884148	1	65536
1663011	36776	3732d8e4d1023000	20864654055	0	false	18	20864654072	1	65536
1663480	36786	2f00400160220230	35657797416	0	false	1	35657797416	1	65536
1663536	36788	2be4aebbe3220320	14572870473	0	false	1	14572870473	1	65536
1663544	36788	01fbc504b2312311	114083278961	0	false	1	114083278961	1	65536
1664380	36806	21223e48c0213000	4921402908	0	false	3	4921402910	1	65536
1666009	36841	01339fcb33120112	225222249167	0	false	8	225222249174	1	65536
1666413	36850	2548d11000102030	52622537401	0	false	4	52622537404	1	65536
1666871	36860	2743711780333000	139783642285	0	false	6	139783642290	1	65536
1667480	36874	03bf0d0fb3013323	265948938421	0	false	1	265948938421	1	65536
1667883	36883	033d012c31033032	54787580961	0	false	5	54787580965	1	65536
1668224	36890	02048dd030003001	22193415669	0	false	9	22193415677	1	65536
1669137	36910	08e3f03033203032	144422201275	0	false	2	144422201276	1	65536
1669371	36915	2b7f23f2f1132200	108372347088	0	false	3	108372347090	1	65536
1669751	36924	0371237811213331	107437317398	0	false	1	107437317398	1	65536
1673597	37008	2084228573203200	203137246299	0	false	1	203137246299	1	65536
1676673	37075	31203f0033333000	76316595503	1282556	true	1	76316595503	1	65536
1676924	37080	2327fa26a2310200	241449282610	0	false	2	241449282611	1	65536
1678823	37123	32553b32b0230030	249253034077	0	false	6	249253034082	1	65536
1679301	37134	02391fb732121222	5072102675	350134	true	1	5072102675	1	65536
1679597	37141	276f8a9f40023020	232694972077	0	false	2	232694972078	1	65536
1680938	37170	2ccc1d0420023300	41787565732	0	false	1	41787565732	1	65536
1681218	37177	23fec242b3302110	218491237579	0	false	1	218491237579	1	65536
1681839	37191	2ef9138cb3120100	58810954923	0	false	5	58810954927	1	65536
1682896	37213	09daee79e3111111	295093139526	0	false	4	295093139529	1	65536
1682980	37215	2b70fec7d0013320	65048809451	0	false	9	65048809459	1	65536
1684209	37242	201fff2413302311	5379351799	0	false	3	5379351801	1	65536
1685913	37282	055591ebd3103101	157277752089	0	false	1	157277752089	1	65536
1685954	37283	2fff23d230202000	289811832096	0	false	16	289811832111	1	65536
1686582	37297	2050f38272032011	207823954134	0	false	2	207823954135	1	65536
1686669	37299	23c39c42f0231310	126653535589	0	false	10	126653535598	1	65536
1686681	37299	30fd228523022000	238541475633	0	false	20	238541475652	1	65536
1687122	37308	033c788cb3220220	5811727841	0	false	26	5811727866	1	65536
1688034	37329	30aa0fe182122320	279496835771	0	false	1	279496835771	1	65536
1688687	37343	05606a2212030201	278003484706	0	false	3	278003484708	1	65536
1689171	37354	05ca1c9682200313	135560689176	0	false	1	135560689176	1	65536
1689873	37369	3085abd2f1211010	244616775651	0	false	1	244616775651	1	65536
1690018	37372	3cb072d1f0032310	142938171975	140360	true	1	142938171975	1	65536
1691034	37395	3808ffbe20102330	167307842790	0	false	8	167307842797	1	65536
1691271	37400	03c0db45c0030321	109109911535	0	false	11	109109911545	1	65536
1693267	37444	303ca30530000000	151954850317	0	false	1	151954850317	1	65536
1694034	37461	2c3d2be401131300	67738852970	0	false	2	67738852971	1	65536
1694479	37471	241c051490232011	71592799668	0	false	2	71592799669	1	65536
1696864	37523	30fbef9fb2310230	206303824245	0	false	1	206303824245	1	65536
1697388	37534	2f32bcc882200230	235926442330	0	false	2	235926442331	1	65536
1700170	37596	01fe21c3b2320032	87305388082	0	false	3	87305388084	1	65536
1700664	37607	2644d77982021120	19950040730	350134	true	1	19950040730	1	65536
1701290	37621	035ff07443013011	272615506799	0	false	1	272615506799	1	65536
1706665	37741	33e3349343000300	63852725822	0	false	17	63852725838	1	65536
1707650	37763	26b8baa6f3213110	29421544975	350134	true	1	29421544975	1	65536
1707696	37764	2615188343302120	20364778415	0	false	12	20364778426	1	65536
1707697	37764	21518834b3021200	211704348649	0	false	7	211704348655	1	65536
1709270	37799	03cd047be3001322	42008297357	0	false	8	42008297364	1	65536
1709294	37800	0301904372233000	18331432800	63032	true	1	18331432800	1	65536
1709930	37814	00293f2240030311	269668916183	0	false	2	269668916184	1	65536
1710401	37825	20433a0f03002000	19403926743	0	false	34	19403926776	1	65536
1712241	37865	2e07cfff41311030	220014812488	0	false	37	220014812524	1	65536
1712338	37868	27234010f2022000	206451233957	140360	true	1	206451233957	1	65536
1712434	37870	3030ebf540031130	89375586616	0	false	22	89375586637	1	65536
1713430	37893	3ab957f383110300	294419239064	0	false	2	294419239065	1	65536
1714127	37909	2303cc3d12220030	235462045224	0	false	9	235462045232	1	65536
1714836	37924	03928b4383132312	161898671780	0	false	11	161898671790	1	65536
1716173	37954	23f9a30fc1313200	233366448688	0	false	12	233366448699	1	65536
1718610	38008	36f58243b3200300	211949849420	0	false	4	211949849423	1	65536
1718710	38010	33cbccd070303230	108780116268	0	false	21	108780116288	1	65536
1718722	38010	3645e42ac3233330	79038926225	0	false	1	79038926225	1	65536
1718925	38015	053d4834f2002332	102972184833	0	false	2	102972184834	1	65536
1719531	38028	3794d98563103100	294806690893	0	false	5	294806690897	1	65536
1720055	38040	2e68ce22b0301230	8417355100	0	false	9	8417355108	1	65536
1720151	38042	20f9d882c3330300	259829979363	0	false	3	259829979365	1	65536
1720895	38059	0017723752200002	36489516868	0	false	7	36489516874	1	65536
1721490	38071	01e4582033101331	282711026206	0	false	16	282711026221	1	65536
1722857	38102	2e3f0091f0001230	95827875478	0	false	1	95827875478	1	65536
1723271	38111	02d522af73203332	229749209551	0	false	11	229749209561	1	65536
1723596	38118	3829160031322120	218230188841	0	false	1	218230188841	1	65536
1724025	38128	312c02f933220020	118892910258	0	false	4	118892910261	1	65536
1725310	38156	03373dc1f0333310	277578169697	0	false	2	277578169698	1	65536
1726557	38183	03745f5ff1120023	56891029700	0	false	1	56891029700	1	65536
1726597	38184	370fc3bf13031200	127762510019	0	false	4	127762510022	1	65536
1727539	38205	29232f8381232331	256831655075	0	false	3	256831655077	1	65536
1727806	38210	03fae42312230313	39751524406	0	false	1	39751524406	1	65536
1729199	38241	04aecaf310010012	102149132517	0	false	2	102149132518	1	65536
1729581	38249	0773c40200000300	11934441913	0	false	8	11934441920	1	65536
1732789	38321	203fc525d0023030	116270354335	0	false	2	116270354336	1	65536
1735016	38371	25f8bbf333010000	141236183077	0	false	7	141236183083	1	65536
1735354	38378	21c50f0c81013200	176144327502	0	false	4	176144327505	1	65536
1737312	38421	335cf30082300230	291283789739	0	false	30	291283789768	1	65536
1737630	38428	0038f227b2320300	23606986902	0	false	2	23606986903	1	65536
1741543	38514	2a8c183fe0030320	262016097808	0	false	13	262016097820	1	65536
1743647	38560	34004cbcf0221000	122698610259	0	false	1	122698610259	1	65536
1744197	38573	38d9e25f73312200	188177453721	0	false	2	188177453722	1	65536
1744895	38588	2b4508c770223300	166393207226	0	false	1	166393207226	1	65536
1745053	38592	22ae37cfe3330200	232983854654	0	false	1	232983854654	1	65536
1746554	38625	202a699071310121	294354244965	0	false	3	294354244967	1	65536
1746901	38633	2b6ca53171010111	74477834578	0	false	1	74477834578	1	65536
1747354	38643	23840acf00303301	291734366694	0	false	7	291734366700	1	65536
1748687	38673	3cd7a0e010213030	42938015368	0	false	3	42938015370	1	65536
1748785	38675	02b8fcbf73230001	194982145515	118715	true	6	194982145520	1	65536
1749054	38681	0344de3881300002	56765234939	0	false	21	56765234959	1	65536
1749384	38688	23ff03c3e1323301	5781912300	0	false	11	5781912310	1	65536
1751078	38726	0302d389e0232332	178627233033	0	false	1	178627233033	1	65536
1757626	38871	2e5c354b22002020	58580767020	0	false	1	58580767020	1	65536
1757817	38875	303cffbf03330020	207750287517	112590	true	3	207750287519	1	65536
1758948	38901	2156241d11320130	223568470468	350134	true	1	223568470468	1	65536
1759228	38907	21c8ff7a03130230	139989019097	63032	true	14	139989019110	1	65536
1762202	38972	2f8d0c0371213300	249343147750	0	false	1	249343147750	1	65536
1762354	38976	03f7e8be30010230	194193627931	0	false	6	194193627936	1	65536
1763107	38992	24c63503a0203230	14059464967	0	false	4	14059464970	1	65536
1763603	39003	03e3527100303103	87265804922	0	false	7	87265804928	1	65536
1763903	39009	2f08000f00300330	103770922978	0	false	1	103770922978	1	65536
1764176	39015	23c0904300113010	160849442767	0	false	5	160849442771	1	65536
1766207	39060	31c31fcd30333000	15038716300	0	false	1	15038716300	1	65536
1766629	39070	252db900e3003010	134380760151	0	false	1	134380760151	1	65536
1766852	39075	020f0d7de3230332	58724099182	0	false	9	58724099190	1	65536
1768451	39110	0167412510013200	5447852523	0	false	5	5447852527	1	65536
1769007	39123	0358ac3763231301	201519891744	0	false	1	201519891744	1	65536
1769762	39140	04feb0d4b1010002	235830069148	0	false	31	235830069178	1	65536
1770688	39160	3f0c02fbf3020100	111583419187	0	false	1	111583419187	1	65536
1770948	39166	3153c63e61231030	257714199731	292819	true	1	257714199731	1	65536
1772957	39211	20010e9200101200	204646360333	0	false	1	204646360333	1	65536
1773169	39216	34417004c0322030	127204358777	0	false	1	127204358777	1	65536
1774227	39240	01becab190111001	180065775683	0	false	7	180065775689	1	65536
1774797	39252	0103bf4a73000103	176132182011	0	false	1	176132182011	1	65536
1775545	39269	31dc029ff2301020	232641681450	0	false	12	232641681461	1	65536
1776471	39290	010d73eeb2202202	126930945741	0	false	2	126930945742	1	65536
1778167	39327	20fb07f3d3333131	168464296578	0	false	2	168464296579	1	65536
1780650	39382	0345d52e30101130	161532818678	0	false	2	161532818679	1	65536
1782818	39430	24c0dcf740003331	121793232891	0	false	3	121793232893	1	65536
1784831	39475	030e3793f0300110	87789332190	0	false	9	87789332198	1	65536
1785053	39480	223e294891121010	44823102335	350134	true	1	44823102335	1	65536
1788303	39552	2decf83d40330120	3480603651	0	false	8	3480603658	1	65536
1788604	39558	337e3f2413300020	143420373484	0	false	2	143420373485	1	65536
1788692	39560	33b4807f30030320	103394421346	0	false	15	103394421360	1	65536
1789351	39575	2ae5af3bf0203030	127223369191	140360	true	1	127223369191	1	65536
1791462	39622	23bccffdc2300300	295748705899	0	false	2	295748705900	1	65536
1792248	39639	3e3839cf73001300	244047682070	0	false	1	244047682070	1	65536
1792501	39644	08cd0e0c01300030	254885030387	0	false	3	254885030389	1	65536
1792508	39644	23378e3400323320	166906770804	0	false	11	166906770814	1	65536
1793193	39660	04b9202e03200000	249064453602	0	false	2	249064453603	1	65536
1793398	39664	2e654383e1322120	78307153838	0	false	2	78307153839	1	65536
1793495	39666	040d3e3e42101200	283797848918	0	false	5	283797848922	1	65536
1793810	39673	353980c333333130	116056561992	0	false	1	116056561992	1	65536
1794013	39678	05e02b4990100121	279547233576	0	false	9	279547233584	1	65536
1794768	39695	02a32e1010021201	247464231839	0	false	3	247464231841	1	65536
1794917	39698	03d7ec3030023310	116939937684	0	false	1	116939937684	1	65536
1795981	39722	23cd008e91003310	270913512993	0	false	1	270913512993	1	65536
1798344	39775	3041284643321030	116712732213	0	false	2	116712732214	1	65536
1798495	39778	339e812c30013330	239397970576	3	true	1	239397970576	1	65536
1799613	39803	01140f7de3233321	125152287420	0	false	5	125152287424	1	65536
1800807	39829	0107106b12331000	29707034215	0	false	1	29707034215	1	65536
1801497	39844	350fffcf21330300	46529816129	0	false	1	46529816129	1	65536
1801752	39849	2037c6e630012331	11328475395	0	false	27	11328475421	1	65536
1805764	39938	0333a00263131022	152772625937	0	false	1	152772625937	1	65536
1806251	39949	0282449401111221	271900309737	0	false	3	271900309739	1	65536
1806414	39953	342ad02fc1031010	218269796862	0	false	34	218269796895	1	65536
1806825	39962	037c01e4d1023310	23567252303	0	false	1	23567252303	1	65536
1807357	39974	014e9658d3032022	69385814133	0	false	18	69385814150	1	65536
1808078	39990	35017fef23320320	111755353794	0	false	8	111755353801	1	65536
1808313	39996	2264e6e6f0332330	162268638519	0	false	1	162268638519	1	65536
1809830	40029	01370c0331303003	90126296153	0	false	17	90126296169	1	65536
1810350	40040	2a2d9d50a2031020	45153183129	0	false	1	45153183129	1	65536
1811277	40061	375d4f3d53311230	200470198552	0	false	1	200470198552	1	65536
1811823	40073	37ac3e04d3220110	132981175209	0	false	1	132981175209	1	65536
1814603	40136	22934f1370233001	257688866061	0	false	8	257688866068	1	65536
1815293	40151	01074ffcb2200032	267895331958	1180995	true	1	267895331958	1	65536
1816509	40177	024243f032320012	100226400174	0	false	4	100226400177	1	65536
1817822	40206	379cec9843203000	173854715658	0	false	5	173854715662	1	65536
1819029	40233	03c83e2b90301300	31196192115	0	false	9	31196192123	1	65536
1819280	40239	02403f74d1331231	127797088474	0	false	1	127797088474	1	65536
1820131	40258	013203ffd1003233	173253156377	0	false	1	173253156377	1	65536
1820358	40263	01c42d74e2202131	170499852755	0	false	1	170499852755	1	65536
1822978	40321	25a6a11952322321	190303002335	0	false	9	190303002343	1	65536
1823140	40324	2713014a31022020	62334172426	0	false	5	62334172430	1	65536
1824876	40362	2fecfffc13230000	3084838973	0	false	26	3084838998	1	65536
1825276	40371	2e83239080011020	85711943106	0	false	1	85711943106	1	65536
1825336	40373	03eae08202123121	45911941067	0	false	28	45911941094	1	65536
1827257	40415	0138c77f90331312	202145332900	0	false	1	202145332900	1	65536
1828122	40434	2f7880c0e2331100	37713422901	0	false	10	37713422910	1	65536
1829049	40454	014ce90ef1303212	239803916267	0	false	3	239803916269	1	65536
1831350	40504	2b75ba6081132101	196511227196	0	false	3	196511227198	1	65536
1831686	40512	3443ae2843132330	22553562477	69649	true	1	22553562477	1	65536
1831741	40513	048984bac3032230	133250039230	0	false	6	133250039235	1	65536
1831974	40518	03acfcdc33200320	296313260715	0	false	1	296313260715	1	65536
1832653	40533	02c0d73233200200	93458697720	38	true	1	93458697720	1	65536
1833272	40547	3971078c10030200	261515141005	0	false	3	261515141007	1	65536
1836045	40607	203f8032a0103211	61204186467	0	false	2	61204186468	1	65536
1836331	40614	000bfebf40322322	99363501022	0	false	1	99363501022	1	65536
1838304	40658	2f00bf5380123300	116164968270	0	false	6	116164968275	1	65536
1838952	40673	38f387bdf0232200	185458908705	0	false	3	185458908707	1	65536
1840635	40710	22c608bfa2133220	143435435522	0	false	1	143435435522	1	65536
1840801	40713	2376349d52013311	149811935105	0	false	1	149811935105	1	65536
1843131	40765	0521d3cdf0113320	437270156	0	false	2	437270157	1	65536
1844171	40788	30eaff4033330300	11221384210	118715	true	1	11221384210	1	65536
1844666	40799	30eb342b03030200	242334433953	0	false	7	242334433959	1	65536
1845268	40812	01d00b02f3330102	200734426571	0	false	3	200734426573	1	65536
1845292	40813	250365b090033220	45315569008	0	false	1	45315569008	1	65536
1845403	40816	34f3fd38b2212330	166013696030	0	false	13	166013696042	1	65536
1846781	40846	2322e39ba2022310	187017979742	0	false	3	187017979744	1	65536
1847022	40851	030621d292100332	76132104484	0	false	1	76132104484	1	65536
1847479	40861	20aeb3b232133330	185429914830	0	false	15	185429914844	1	65536
1848049	40873	2b3cffce52010311	155853537162	0	false	3	155853537164	1	65536
1848265	40878	26af63d592123120	51858002156	38	true	1	51858002156	1	65536
1848556	40885	2074c00071003310	128459506872	0	false	3	128459506874	1	65536
1848616	40886	27a653a923233220	168461223130	350134	true	1	168461223130	1	65536
1849246	40899	39d42d4fd3330310	122615329627	350102	true	1	122615329627	1	65536
1852132	40963	03fe74a781330123	1627225653	0	false	13	1627225665	1	65536
1853575	40995	076ba6db52031321	101629497050	0	false	1	101629497050	1	65536
1854666	41020	033ed639c0033322	100061749015	0	false	2	100061749016	1	65536
1856447	41059	3c3dff15d3030310	95857069622	0	false	1	95857069622	1	65536
1858886	41113	3032cff533130000	126336808252	1400362	true	1	126336808252	1	65536
1859139	41118	3500eacef3212010	91487819632	0	false	2	91487819633	1	65536
1859213	41120	3248e334e2003230	272510817981	1844842	true	1	272510817981	1	65536
1859693	41130	213bbad282022300	156447883352	0	false	3	156447883354	1	65536
1860529	41149	0328137540100021	272989842768	0	false	5	272989842772	1	65536
1861319	41166	0d6d11e503231022	165206209273	0	false	4	165206209276	1	65536
1861758	41176	011a4b8311230302	138959610975	0	false	1	138959610975	1	65536
1862326	41189	3bffefb000100330	47439619237	0	false	1	47439619237	1	65536
1862508	41193	2b71810c82001301	93791776008	0	false	2	93791776009	1	65536
1862986	41203	0141f07ce3032123	243749108980	0	false	1	243749108980	1	65536
1864192	41229	08d261a210121122	220076004497	549395	true	1	220076004497	1	65536
1864648	41239	2b23d26342230330	245330263110	0	false	1	245330263110	1	65536
1866126	41273	2145fa5132020321	138760834188	548354	true	1	138760834188	1	65536
1866905	41290	31d33bffe2322300	192523896119	0	false	1	192523896119	1	65536
1867695	41308	2c03fffff3000320	60768203995	0	false	7	60768204001	1	65536
1869231	41342	2f5e4164b3211120	180769514065	0	false	1	180769514065	1	65536
1869882	41356	2040092352112330	141314975555	0	false	2	141314975556	1	65536
1871952	41402	01509754f3233032	125846255157	0	false	1	125846255157	1	65536
1872175	41407	3ce43c1e71320310	59490279005	118715	true	1	59490279005	1	65536
1872788	41421	20a0fdbed1001011	69555204692	0	false	2	69555204693	1	65536
1874389	41456	0445bef590011021	289937439614	350134	true	1	289937439614	1	65536
1874692	41462	343fefc3d2032000	157490107488	0	false	7	157490107494	1	65536
1875134	41471	3d175f81c0023200	148359319927	0	false	4	148359319930	1	65536
1876637	41505	03bf503503100323	121039793194	292819	true	1	121039793194	1	65536
1878568	41547	37f0840001302310	19870772888	0	false	25	19870772912	1	65536
1879518	41568	2f81fdf7c2011220	267789391413	0	false	1	267789391413	1	65536
1880212	41584	20c9c33830313330	287579427072	0	false	6	287579427077	1	65536
1880240	41584	2b833437a1022330	284907840511	0	false	1	284907840511	1	65536
1880833	41598	2fa0ecf3a3300320	70510060226	94538	true	1	70510060226	1	65536
1881190	41606	311fd179b0233110	23847064993	0	false	7	23847064999	1	65536
1881351	41609	2ba1383a10300000	201168177494	0	false	22	201168177515	1	65536
1881661	41616	022f4d2fc3020013	153107942527	0	false	1	153107942527	1	65536
1882381	41632	217bc424e0233301	149221877851	0	false	1	149221877851	1	65536
1882703	41639	281edccfe3320330	113733133531	0	false	5	113733133535	1	65536
1883249	41651	21ea99e8c2220310	84228690528	0	false	1	84228690528	1	65536
1883317	41653	2f2b461830100120	128471012982	0	false	2	128471012983	1	65536
1883652	41660	3037ddc033133100	133188849699	38	true	1	133188849699	1	65536
1883942	41666	01e450c3d3323320	203732388023	292830	true	1	203732388023	1	65536
1884533	41680	03f243e290201101	257531173018	0	false	4	257531173021	1	65536
1884860	41687	238e402f00010301	107647709655	0	false	2	107647709656	1	65536
1885669	41706	307bc48df3333210	151811690836	292852	true	1	151811690836	1	65536
1887556	41748	219e13ea12130111	278892603994	0	false	1	278892603994	1	65536
1888711	41774	0307d73961133231	42216425767	0	false	3	42216425769	1	65536
1890659	41817	0afe0fb5e0013330	263759946673	0	false	4	263759946676	1	65536
1891955	41845	01c5fcbf71203200	109604689152	0	false	1	109604689152	1	65536
1893055	41869	2288ac09b1021010	99616049349	0	false	1	99616049349	1	65536
1894230	41896	2863382922122000	71160952468	0	false	15	71160952482	1	65536
1895601	41926	20a71ea111320100	283017865281	0	false	1	283017865281	1	65536
1895823	41931	022302bbe3202320	257010906045	0	false	14	257010906058	1	65536
1897703	41973	3f4ff830c3323000	115003210873	0	false	2	115003210874	1	65536
1900040	42025	33fcec4fc1033000	242620444401	0	false	7	242620444407	1	65536
1900155	42028	03ffc2c4d0000322	155785979755	140360	true	1	155785979755	1	65536
1900961	42045	027f7c0242033331	67031495495	0	false	4	67031495498	1	65536
1901220	42051	023110a833233032	234248223398	0	false	2	234248223399	1	65536
1903066	42093	200ff02fb0311320	288053460037	0	false	1	288053460037	1	65536
1906056	42159	03cb3f4811030323	44090856178	0	false	1	44090856178	1	65536
1908205	42206	21cc8b3d62030010	252985678789	0	false	2	252985678790	1	65536
1909197	42228	3007cb9033103030	85163686475	0	false	3	85163686477	1	65536
1909835	42242	0cdcccdc80011000	124320224480	0	false	1	124320224480	1	65536
1912257	42296	2cafe34df0203110	233551251734	0	false	1	233551251734	1	65536
1912656	42304	317d4a1782333330	62227955721	0	false	1	62227955721	1	65536
1913434	42321	30c5ff7e00210230	167107952892	0	false	7	167107952898	1	65536
1913500	42323	0201dffc33030000	40007763641	0	false	7	40007763647	1	65536
1914425	42343	23a380e0f0103320	69373263940	0	false	4	69373263943	1	65536
1916535	42390	3207b0afb3020120	133965535808	0	false	1	133965535808	1	65536
1916558	42391	23109acfc2000231	205624061951	0	false	2	205624061952	1	65536
1916743	42395	0d422103a3230210	88237527689	0	false	2	88237527690	1	65536
1917044	42401	3e73ebdeb2013200	124229078431	0	false	35	124229078465	1	65536
1920263	42473	03f22038f0132330	102782767087	0	false	18	102782767104	1	65536
1924380	42565	20f1e57cb0200230	51386495128	0	false	3	51386495130	1	65536
1924948	42577	038f41fbe3003303	207476385446	0	false	1	207476385446	1	65536
1925121	42581	020abf8560010220	209192246590	0	false	3	209192246592	1	65536
1926061	42602	2008f729d0210230	105673074215	0	false	15	105673074229	1	65536
1926474	42611	37bf7804f0013100	27706496432	0	false	1	27706496432	1	65536
1926693	42616	03f4124b01330323	23089947364	0	false	2	23089947365	1	65536
1927279	42628	03800ab900030322	167784192638	0	false	23	167784192660	1	65536
1927732	42638	030fdfc840030302	207621980437	0	false	3	207621980439	1	65536
1928509	42655	008cff8020223313	202528922544	0	false	2	202528922545	1	65536
1932387	42742	230cbbec13332301	28902811522	118715	true	1	28902811522	1	65536
1932941	42754	37fbef4510003010	17261072493	0	false	13	17261072505	1	65536
1933386	42764	30f3ff3342321000	151064698901	0	false	1	151064698901	1	65536
1934643	42791	3c301f6ca0010230	99451176739	0	false	1	99451176739	1	65536
1935273	42805	02503a4740211002	82271004450	0	false	2	82271004451	1	65536
1935915	42819	2d23f40fc3300100	163624775555	0	false	14	163624775568	1	65536
1937579	42855	3be3ac3f10303100	201408454639	0	false	17	201408454655	1	65536
1938737	42881	0373c555d3300011	102654349413	0	false	2	102654349414	1	65536
1938784	42882	37010b2373321000	202251379888	0	false	5	202251379892	1	65536
1941029	42931	20f753fd73310000	218073148196	150976	true	3	218073148198	1	65536
1941626	42945	2002efef02000220	122381400796	0	false	7	122381400802	1	65536
1944376	43006	2f17ffde30030320	218799636425	0	false	2	218799636426	1	65536
1944861	43017	2040f68eb1013230	27806863537	0	false	1	27806863537	1	65536
1949837	43126	224b7cd412310100	260931117934	0	false	1	260931117934	1	65536
1950422	43139	38469a3e32231220	157421385914	0	false	2	157421385915	1	65536
1951104	43154	340e4b03d2033010	258354765483	0	false	1	258354765483	1	65536
1951506	43162	07a9eb92d2320232	168736617674	350134	true	1	168736617674	1	65536
1951894	43171	28ddcdd792020310	247037014185	0	false	18	247037014202	1	65536
1953105	43198	206db6d8e2232210	105463609312	350134	true	1	105463609312	1	65536
1955056	43240	0327ba2840303322	32767812130	0	false	16	32767812145	1	65536
1955174	43243	03ef72c8c3000310	119962281395	0	false	1	119962281395	1	65536
1956120	43264	24014924c1020031	238796657902	0	false	5	238796657906	1	65536
1956344	43269	01f43f0281230030	13670200186	0	false	3	13670200188	1	65536
1956693	43276	03c09d4363100221	57232237773	0	false	1	57232237773	1	65536
1957494	43295	20c180cc20103000	270223544457	0	false	8	270223544464	1	65536
1958012	43306	3df2491c50013010	7991660481	0	false	1	7991660481	1	65536
1958563	43319	07a8578601230133	157102544497	548809	true	1	157102544497	1	65536
1958625	43320	235a4584a2011000	185338714515	0	false	6	185338714520	1	65536
1958721	43322	002a8bc920300332	3571669390	0	false	14	3571669403	1	65536
1959344	43336	20207d4143012110	190021999977	0	false	4	190021999980	1	65536
1960634	43365	000233f4f3033030	259654453126	0	false	6	259654453131	1	65536
1960919	43371	30012f8103330210	271728137339	1962876	true	16	271728137354	1	65536
1964611	43453	2c78248c43202300	78035318764	0	false	2	78035318765	1	65536
1965382	43470	38c1d04ce0323120	228310496923	0	false	11	228310496933	1	65536
1965764	43478	033d4a8330033232	197149238960	0	false	9	197149238968	1	65536
1966332	43490	340ed378f0023310	192698924104	118715	true	1	192698924104	1	65536
1967821	43523	3b78d38740202230	189479145899	0	false	1	189479145899	1	65536
1970849	43589	023ff93470333031	68425169544	0	false	4	68425169547	1	65536
1972940	43635	30740adec3013020	137784863355	0	false	5	137784863359	1	65536
1974498	43670	376deb53c0200210	91383341622	0	false	1	91383341622	1	65536
1975951	43701	030cc2e023333003	31896277608	0	false	14	31896277621	1	65536
1976912	43723	3000234c33122030	6725741386	0	false	2	6725741387	1	65536
1977147	43728	372380eb03320000	101208791537	0	false	2	101208791538	1	65536
1978245	43752	20979270f0203000	210038654521	0	false	1	210038654521	1	65536
1979076	43770	014892bd93322003	50444507467	0	false	1	50444507467	1	65536
1979519	43779	23e2bc7831002210	69548667324	0	false	1	69548667324	1	65536
1980660	43804	20b2c9a810013130	169429671455	0	false	3	169429671457	1	65536
1982647	43849	263417dd71332300	195794220104	0	false	7	195794220110	1	65536
1982769	43851	02b38c6e83020032	258712504411	0	false	15	258712504425	1	65536
1982969	43856	39eb034603130230	269100984498	0	false	4	269100984501	1	65536
1983421	43866	24034be791012010	17982800068	0	false	1	17982800068	1	65536
1983757	43873	317fc4c640223200	292362329749	0	false	3	292362329751	1	65536
1984091	43880	028dc91b33101231	126751562949	0	false	1	126751562949	1	65536
1984225	43883	09241ee773230311	201581900973	0	false	1	201581900973	1	65536
1984511	43890	21410d4da2130101	291977066319	0	false	13	291977066331	1	65536
1985241	43907	014f47efe1100011	189680114098	0	false	12	189680114109	1	65536
1985974	43923	26ed7d2432012030	27979678834	0	false	4	27979678837	1	65536
1986560	43936	22fc338b91330301	197927645823	0	false	1	197927645823	1	65536
1987182	43950	027ff20f23000231	52340538382	0	false	2	52340538383	1	65536
1989032	43991	2d2ea836d3333030	172461061084	0	false	24	172461061107	1	65536
1989666	44005	24ea6257e3012011	267228639518	1	true	1	267228639518	1	65536
1990791	44031	2c86b8b382331001	229787543048	0	false	32	229787543079	1	65536
1991284	44041	03e2b0c001002130	209960789779	0	false	7	209960789785	1	65536
1991373	44043	303d77eaf0033100	177401184206	0	false	4	177401184209	1	65536
1993130	44083	33c23f7000131120	149716124482	0	false	2	149716124483	1	65536
1993182	44084	156041f053001100	252248856578	0	false	3	252248856580	1	65536
1993780	44097	034d3f0470000231	44205139472	0	false	16	44205139487	1	65536
1994035	44102	2fecd370f0030230	39568865410	0	false	1	39568865410	1	65536
1994336	44109	0372d79c31210100	271903480560	0	false	1	271903480560	1	65536
1994486	44112	20c87f1280231131	47490248624	0	false	4	47490248627	1	65536
1994759	44119	317d2b00f3002000	97229875702	0	false	12	97229875713	1	65536
1995258	44130	237eebbe90231010	182079443467	0	false	2	182079443468	1	65536
1995436	44134	030d0c79f0033132	120280573896	0	false	1	120280573896	1	65536
1996668	44161	322a8534c3333010	260623179815	0	false	1	260623179815	1	65536
1997665	44183	31090ff6e0331300	159246193612	0	false	5	159246193616	1	65536
1998784	44208	200c480440323301	249477775123	0	false	23	249477775145	1	65536
2000368	44243	01e8b1d520232100	204686321890	0	false	8	204686321897	1	65536
2001338	44264	24f03d7780020310	207011748744	0	false	12	207011748755	1	65536
2003040	44302	023c000f23303333	145058984884	0	false	1	145058984884	1	65536
2005897	44365	02360d8fa1032020	281089535944	0	false	3	281089535946	1	65536
2006360	44375	003800f2d0130001	32813429510	0	false	3	32813429512	1	65536
2006886	44387	003acfdf90310301	164541643111	0	false	1	164541643111	1	65536
2008956	44432	20f8bf73f2303300	200580978871	140364	true	3	200580978873	1	65536
2009449	44444	33539be460302320	294844658749	0	false	1	294844658749	1	65536
2009451	44444	399b90d703131020	108880115797	0	false	1	108880115797	1	65536
2009813	44451	0532b3cb23032300	122745593548	0	false	3	122745593550	1	65536
2012076	44501	313933c3b3030010	275116070247	3	true	2	275116070248	1	65536
2013664	44536	01c615bb93002032	46369483391	0	false	1	46369483391	1	65536
2014552	44556	01efa27c30300332	95112168006	0	false	1	95112168006	1	65536
2016302	44595	38fdc2a7c3310330	163479380687	0	false	2	163479380688	1	65536
2016371	44597	03c0bcfe40302101	37824477683	0	false	9	37824477691	1	65536
2016495	44599	0203f0b8c3200310	118960361560	140360	true	1	118960361560	1	65536
2016527	44600	31893ca801301130	145975277320	0	false	3	145975277322	1	65536
2017140	44613	0346240901020011	228786942699	0	false	1	228786942699	1	65536
2020318	44684	26eb004f30030110	18738954175	0	false	2	18738954176	1	65536
2020360	44684	201a5a9640121020	234544211661	0	false	18	234544211678	1	65536
2021745	44714	26699a7bf1213130	205783030095	0	false	2	205783030096	1	65536
2022794	44738	0178a82cb0001200	254246030294	0	false	1	254246030294	1	65536
2023281	44749	2564e74592231120	282996870633	350134	true	1	282996870633	1	65536
2024263	44771	0746f4aea2132212	262957930812	0	false	3	262957930814	1	65536
2024368	44773	2357d5d2d3231321	194788460928	0	false	7	194788460934	1	65536
2025104	44789	0a4dec9cf2300300	112418638541	292855	true	1	112418638541	1	65536
2025566	44799	204ac452b3231031	242083434774	0	false	6	242083434779	1	65536
2027865	44850	2942b89870012011	258860937641	0	false	1	258860937641	1	65536
2028982	44875	29911a7961132110	292304661342	0	false	3	292304661344	1	65536
2029100	44878	05df4b6030311030	36760930335	0	false	2	36760930336	1	65536
2030094	44900	2cc7c40c30033200	183016662110	0	false	1	183016662110	1	65536
2030657	44912	20bcd83cf3010030	105794741595	0	false	2	105794741596	1	65536
2032312	44948	0240ccf4b3100013	157022778832	2095685	true	10	157022778841	1	65536
2032424	44951	02b1fc0ce1333133	215135922289	0	false	13	215135922301	1	65536
2034185	44989	0302fc99f0333003	82907690104	0	false	3	82907690106	1	65536
2035302	45014	2476199fe0112110	182661543511	0	false	1	182661543511	1	65536
2036320	45038	28ee6bc110310030	112401741886	0	false	17	112401741902	1	65536
2036904	45051	37f23ddfe0023300	216090621573	0	false	1	216090621573	1	65536
2037072	45054	24f3039070020030	195615181428	0	false	1	195615181428	1	65536
2037157	45056	251f3774a2100121	81850706312	350134	true	3	81850706314	1	65536
2037227	45058	3714da7db0213030	69771342419	0	false	1	69771342419	1	65536
2038694	45091	03b7edea12322111	120878912380	0	false	12	120878912391	1	65536
2039233	45103	0324d0dde0313332	279600561	0	false	1	279600561	1	65536
2039346	45106	27320020b0230100	134808473586	0	false	5	134808473590	1	65536
2042125	45166	0365379253112330	50353011797	350134	true	1	50353011797	1	65536
2043167	45189	30003fc030300130	100459119315	0	false	1	100459119315	1	65536
2044061	45209	20be43c033021000	239022218692	0	false	2	239022218693	1	65536
2044464	45218	01431350e0032203	16894577230	0	false	6	16894577235	1	65536
2045384	45239	38f51c2ea3020030	132771895815	0	false	9	132771895823	1	65536
2045981	45252	282befa4d2001001	209595524925	0	false	1	209595524925	1	65536
2047163	45278	03f3f1eb50012013	270780907705	140360	true	1	270780907705	1	65536
2047789	45291	01d675c930033013	237011586217	0	false	5	237011586221	1	65536
2048132	45299	04d18de932131122	65576216769	0	false	2	65576216770	1	65536
2048675	45311	2de43fce32313120	135944487059	0	false	1	135944487059	1	65536
2049802	45336	2f7022f003030010	185599673512	0	false	13	185599673524	1	65536
2050639	45355	0363e101d0032000	159841217754	0	false	6	159841217759	1	65536
2050846	45359	071fb25433021312	270928040583	0	false	4	270928040586	1	65536
2050918	45361	0230230442003300	192887836142	0	false	20	192887836161	1	65536
2051527	45375	33342f0182113000	64064682127	0	false	5	64064682131	1	65536
2051637	45377	03fffe38f3030320	43459415460	0	false	2	43459415461	1	65536
2052354	45393	2bf2440300013330	195666137589	0	false	1	195666137589	1	65536
2052523	45396	34dc14a2b0301330	32735002136	0	false	8	32735002143	1	65536
2055772	45468	35c03cd3e1320010	82687439139	0	false	2	82687439140	1	65536
2056125	45476	38083c0fc1300000	159201902432	0	false	9	159201902440	1	65536
2057274	45501	3516634051220110	52551371988	0	false	18	52551372005	1	65536
2058072	45519	218e91acc0330031	212639199811	0	false	1	212639199811	1	65536
2059668	45555	03c7f535c3210113	66942860434	0	false	1	66942860434	1	65536
2060291	45569	0380013482020203	107297287355	0	false	17	107297287371	1	65536
2060516	45574	34cef513b0313000	158351284995	0	false	1	158351284995	1	65536
2061985	45607	24bca931f0132000	95343716168	0	false	1	95343716168	1	65536
2062459	45618	0340743fb3032032	6298016058	116494	true	1	6298016058	1	65536
2067353	45725	24f24b0b02002110	129933366672	0	false	2	129933366673	1	65536
2067387	45726	33fff8d1e0020000	145635103996	0	false	2	145635103997	1	65536
2068452	45750	300ff2e0f0000300	102376697575	2007221	true	24	102376697598	1	65536
2068785	45758	2b69e15081222200	125576510980	0	false	23	125576511002	1	65536
2069690	45778	02093f9c30033030	15112237992	0	false	1	15112237992	1	65536
2070501	45795	034efa5f80012010	199007637264	1	true	1	199007637264	1	65536
2070671	45799	2b90f00000012311	280999949405	0	false	1	280999949405	1	65536
2070924	45804	300dd03eb0303330	119499373311	0	false	36	119499373346	1	65536
2071065	45807	098dac3533123330	220412608210	118715	true	1	220412608210	1	65536
2072252	45834	274acf43b2010311	229981591511	0	false	1	229981591511	1	65536
2072467	45839	293a3758e2210301	67856070297	0	false	18	67856070314	1	65536
2072691	45844	342f003900310000	145931362445	0	false	1	145931362445	1	65536
2072833	45847	26002ffcd1203010	110509517156	0	false	4	110509517159	1	65536
2073708	45867	2f73b70d43022030	148535009689	3	true	1	148535009689	1	65536
2074538	45885	2635239523200120	266204220231	0	false	1	266204220231	1	65536
2074711	45889	30ba80bc32101000	162189498031	0	false	35	162189498065	1	65536
2075733	45912	312ba37223323030	115808750215	0	false	2	115808750216	1	65536
2076023	45918	0734011310230000	139653385912	0	false	5	139653385916	1	65536
2077712	45956	020b409671210323	71637614711	0	false	1	71637614711	1	65536
2077782	45958	0381734d12012312	274509721425	292824	true	1	274509721425	1	65536
2079725	46001	2f77d00d30300300	243786588604	0	false	7	243786588610	1	65536
2080349	46014	3e08e3cc80300010	108599486943	0	false	2	108599486944	1	65536
2080462	46017	29b1d08bc1122120	13022916994	0	false	17	13022917010	1	65536
2080868	46026	033d300f33330010	239566428647	1730602	true	1	239566428647	1	65536
2082139	46054	2365963fc3012210	134583978696	0	false	97	134583978792	1	65536
2082969	46072	049350abd3232212	246682058158	0	false	6	246682058163	1	65536
2083821	46091	26606f78d3222130	4390680975	0	false	1	4390680975	1	65536
2083961	46094	0a523e20a1232000	206223744971	0	false	48	206223745018	1	65536
2085631	46131	21be2fe381033000	130714175563	0	false	2	130714175564	1	65536
2085640	46132	2eaab2ed93131100	164123791596	0	false	8	164123791603	1	65536
2086536	46151	08fdbe4ea3033130	284371653540	0	false	1	284371653540	1	65536
2087520	46172	02a3fa2ff2120020	170522116	0	false	6	170522121	1	65536
2087546	46173	20ce30e343003201	263634300693	140365	true	2	263634300694	1	65536
2087992	46183	2c391f9080231030	133629460365	0	false	1	133629460365	1	65536
2089918	46226	05f7937423100020	56030632150	0	false	3	56030632152	1	65536
2090120	46230	231414cf23000320	45489296850	0	false	4	45489296853	1	65536
2093005	46295	070d2e9710322212	99637542000	0	false	19	99637542018	1	65536
2093373	46303	2a52b7eff2113201	67447094977	0	false	3	67447094979	1	65536
2094097	46319	0852112d01303023	123061336321	0	false	2	123061336322	1	65536
2096029	46361	340f7729d0131210	215245318971	0	false	9	215245318979	1	65536
2096311	46368	30f9a01320333020	291506521192	0	false	1	291506521192	1	65536
2098534	46417	3024acf1e1112310	191187776416	0	false	4	191187776419	1	65536
2102161	46498	2590b84e00332210	145147347846	0	false	1	145147347846	1	65536
2102790	46512	061bbcb8c1231023	196268533395	0	false	1	196268533395	1	65536
2103427	46527	00d02a3cc2220003	139312628441	0	false	16	139312628456	1	65536
2103758	46534	022b088730200012	71080260373	0	false	1	71080260373	1	65536
2104578	46552	0020533c52300000	242554454641	0	false	1	242554454641	1	65536
2105353	46570	249bba6a73233121	222421033845	0	false	23	222421033867	1	65536
2105611	46576	030e23b8e2320020	134667741069	140360	true	1	134667741069	1	65536
2106933	46605	00300cf380031310	274858923590	0	false	2	274858923591	1	65536
2109258	46655	06e9f65161022122	273316648168	0	false	1	273316648168	1	65536
2109408	46659	03ef8d3eb2000000	3006424202	0	false	9	3006424210	1	65536
2111209	46699	25fa6c4273313110	292788677533	0	false	2	292788677534	1	65536
2111539	46706	223d033300232300	224458013466	0	false	1	224458013466	1	65536
2112481	46726	333b13beb1113120	84987260414	0	false	1	84987260414	1	65536
2116717	46820	00504c3373133003	82337661546	0	false	1	82337661546	1	65536
2122301	46943	0382682b80021230	201907071447	0	false	1	201907071447	1	65536
2126181	47029	28290c3000033020	18809546027	0	false	5	18809546031	1	65536
2126785	47043	21040b0be1000301	167807194845	0	false	3	167807194847	1	65536
2126976	47047	27b3f527f0003031	131772384477	0	false	6	131772384482	1	65536
2127574	47061	033fc7deb2333031	162791935438	0	false	1	162791935438	1	65536
2127576	47061	31f7ac8fe2133330	200896920090	0	false	16	200896920105	1	65536
2127967	47070	227fe02ba3023330	229250224496	140360	true	1	229250224496	1	65536
2128728	47087	3029e203d1303000	13560619159	0	false	1	13560619159	1	65536
2129610	47106	01c20cab13330130	84127574520	0	false	4	84127574523	1	65536
2129630	47107	02f2f390b3302012	253818772304	0	false	4	253818772307	1	65536
2131099	47139	23fee8c093211300	250100380462	0	false	4	250100380465	1	65536
2131486	47147	2864e63690222321	236765172200	0	false	2	236765172201	1	65536
2139051	47316	322280c0e1002030	96863082037	0	false	7	96863082043	1	65536
2140376	47345	0f116653d0013000	181548670144	0	false	3	181548670146	1	65536
2140799	47354	0073cffe53301033	12438377431	0	false	4	12438377434	1	65536
2141073	47360	350c43ca90330000	191331543310	0	false	2	191331543311	1	65536
2142249	47386	036b9f6af2202331	152059128163	0	false	2	152059128164	1	65536
2142994	47403	013e35c832003332	240553189286	0	false	1	240553189286	1	65536
2144171	47429	027f4c1eb3000132	87399843264	0	false	1	87399843264	1	65536
2144258	47431	0348e8d943210302	161061411057	126407	true	1	161061411057	1	65536
2144862	47444	05163c70c0103110	296707819866	0	false	3	296707819868	1	65536
2145621	47461	27e77f0521001320	185102884670	0	false	9	185102884678	1	65536
2145733	47463	200d3f10c0332030	66931385291	0	false	4	66931385294	1	65536
2148683	47528	01e83e3023200000	1465745607	0	false	1	1465745607	1	65536
2149336	47542	248e208080212130	262625815722	0	false	2	262625815723	1	65536
2149432	47545	28c1a4c031300130	261962364201	0	false	14	261962364214	1	65536
2149834	47553	01fef6d6f0321233	82952791518	0	false	4	82952791521	1	65536
2150557	47569	3e33e082f1130000	45456620300	0	false	1	45456620300	1	65536
2151144	47582	23249c0030122021	250736819929	0	false	1	250736819929	1	65536
2151171	47583	01e9014053221211	93777653493	0	false	1	93777653493	1	65536
2151764	47596	38283c3e03303030	257799967075	0	false	2	257799967076	1	65536
2153419	47633	2933c4cf42000000	19758157789	0	false	4	19758157792	1	65536
2153517	47635	01371217a2010031	120744590518	0	false	1	120744590518	1	65536
2153610	47637	2800340a71123331	52150151917	0	false	2	52150151918	1	65536
2154522	47657	21cda93f83121131	18395999444	0	false	3	18395999446	1	65536
2155404	47676	3129021333113320	99408263337	0	false	2	99408263338	1	65536
2155635	47682	228e349443203000	291362145161	1	true	1	291362145161	1	65536
2159611	47770	361299e9a2212020	94367360378	0	false	1	94367360378	1	65536
2160510	47789	305dd75821031020	217493516079	0	false	15	217493516093	1	65536
2160893	47797	2138616d00133210	156772044109	0	false	7	156772044115	1	65536
2163650	47859	04ae142fd3332330	4932921087	0	false	1	4932921087	1	65536
2163683	47859	2cfc700f73232330	119162573157	0	false	35	119162573191	1	65536
2164553	47880	2c73c08312220030	278228010035	0	false	5	278228010039	1	65536
2166059	47913	24b08087b0313120	28773971649	0	false	11	28773971659	1	65536
2166690	47926	2b2ebcfb20032020	179037150006	0	false	2	179037150007	1	65536
2166982	47933	2774650201000030	109417507398	0	false	1	109417507398	1	65536
2168030	47956	2772b7e4d3033201	273116857796	0	false	5	273116857800	1	65536
2168539	47967	2000f3b163321020	102175950235	0	false	9	102175950243	1	65536
2170300	48006	30851cbf41310000	220364062171	0	false	10	220364062180	1	65536
2170310	48006	32420308c0020300	180326368358	0	false	6	180326368363	1	65536
2170383	48007	2ac0033c03013031	72800215555	0	false	12	72800215566	1	65536
2172614	48057	30894f1380320130	263932879582	0	false	7	263932879588	1	65536
2173149	48069	0008dc00f2330003	19297365849	0	false	1	19297365849	1	65536
2173375	48074	02f933f1c0303301	53784159887	0	false	1	53784159887	1	65536
2173650	48080	2210a07fe3123300	120589353915	0	false	3	120589353917	1	65536
2174192	48091	26f9b5a593013201	44923463013	0	false	29	44923463041	1	65536
2175100	48111	0167825413132100	120700451593	0	false	14	120700451606	1	65536
2176861	48150	38d042dfe3332330	183305567614	0	false	8	183305567621	1	65536
2177449	48163	3f7c3f3560202000	117551117747	0	false	1	117551117747	1	65536
2177701	48169	0115133303320330	231606108214	0	false	4	231606108217	1	65536
2178177	48179	3404200213102020	22167360181	0	false	2	22167360182	1	65536
2178554	48187	37d4f90dd3012330	152569850576	0	false	1	152569850576	1	65536
2184191	48313	09a4020cf0023020	134226577506	0	false	2	134226577507	1	65536
2184831	48327	2ef84223b3033330	207891913960	0	false	1	207891913960	1	65536
2184903	48329	0140affaf3320220	275128624980	118715	true	1	275128624980	1	65536
2184928	48329	20278ef1f0330300	98509817578	0	false	2	98509817579	1	65536
2187855	48394	05a4aa7e53131120	286583324959	350134	true	1	286583324959	1	65536
2188204	48402	24d2f127f0002330	125503907991	0	false	1	125503907991	1	65536
2188432	48407	2600d8bb13030100	291486461297	0	false	3	291486461299	1	65536
2189648	48434	2c2e78cf32101330	93602657880	0	false	4	93602657883	1	65536
2190636	48456	03401d80b0200021	127034318378	0	false	7	127034318384	1	65536
2190939	48462	000b28f280302221	42297156188	0	false	10	42297156197	1	65536
2191073	48465	023f03fc73000220	290109755311	0	false	10	290109755320	1	65536
2192000	48486	2ffe3ff2f1212310	116988675258	0	false	3	116988675260	1	65536
2192149	48489	0937108661023103	296740904375	63032	true	3	296740904377	1	65536
2192222	48491	027e014f73032333	246325542958	0	false	1	246325542958	1	65536
2192350	48494	20f3e09c42222330	235138148413	0	false	1	235138148413	1	65536
2194257	48536	00000f0b00003033	289552926513	0	false	4	289552926516	1	65536
2197752	48613	04fe380333020220	214803673054	0	false	24	214803673077	1	65536
2198153	48622	038092de33221131	35111108582	0	false	1	35111108582	1	65536
2200021	48664	232cef59f2001000	57552823320	0	false	4	57552823323	1	65536
2201234	48690	30d384d810102120	107971456835	0	false	16	107971456850	1	65536
2202210	48712	2b089916b1032010	115275334617	118715	true	1	115275334617	1	65536
2203013	48729	01bf87a1f2233313	109015403522	0	false	13	109015403534	1	65536
2203596	48742	214c8004e0031001	71143534844	0	false	5	71143534848	1	65536
2207911	48837	22cddc5fc1031001	239540565945	0	false	9	239540565953	1	65536
2207913	48837	05301bebc2301120	114442530955	0	false	1	114442530955	1	65536
2211291	48911	389d9446e3103300	31550676285	0	false	11	31550676295	1	65536
2211340	48913	01034d3fb3023230	101880668937	0	false	4	101880668940	1	65536
2212715	48944	2395d1b772020101	134571670451	0	false	8	134571670458	1	65536
2213792	48968	294a216f42021121	129975687136	350134	true	1	129975687136	1	65536
2214778	48990	200e690e80000001	269572148086	0	false	1	269572148086	1	65536
2214961	48994	20f9f0eb40232030	168372345453	0	false	2	168372345454	1	65536
2216988	49039	02f377cb52130012	82288794746	0	false	5	82288794750	1	65536
2217180	49043	239d6ef8f2020120	158660142367	0	false	11	158660142377	1	65536
2217263	49045	3ad303eb52202020	283302929431	118715	true	1	283302929431	1	65536
2218228	49066	06908ff782013200	81562891443	0	false	3	81562891445	1	65536
2218288	49067	033f78ec02130003	224128362278	0	false	31	224128362308	1	65536
2218436	49070	233ffffa33320120	175421812426	0	false	1	175421812426	1	65536
2222492	49160	2a4478ab30312011	99647391255	0	false	3	99647391257	1	65536
2222969	49170	208afb0003230030	228114803776	0	false	1	228114803776	1	65536
2223514	49182	023f1d0dd1020111	210706092503	0	false	2	210706092504	1	65536
2224177	49197	03af71e842122122	162620380777	0	false	6	162620380782	1	65536
2224973	49214	3cb6206001013010	235914911563	0	false	2	235914911564	1	65536
2227111	49261	292dd766b3231011	58941938157	0	false	11	58941938167	1	65536
2227654	49274	3c3c779c70213210	293865595360	0	false	1	293865595360	1	65536
2227875	49279	03cde3ae33333300	28616936865	0	false	2	28616936866	1	65536
2227931	49280	2363f303c3323300	88467916356	0	false	1	88467916356	1	65536
2227971	49281	268ba3ef82101010	127477950194	0	false	1	127477950194	1	65536
2230363	49334	05f8bc4910333323	289997108885	0	false	7	289997108891	1	65536
2231178	49352	2f9a8384f1302300	149835877323	0	false	5	149835877327	1	65536
2231365	49356	2497f1fbd2032310	129334579461	0	false	16	129334579476	1	65536
2232259	49376	02064a5e01212233	2908614953	0	false	1	2908614953	1	65536
2235073	49438	032e790c23130031	75738823571	370647	true	1	75738823571	1	65536
2236971	49480	3c0ccfe333303020	147117846175	0	false	1	147117846175	1	65536
2237283	49487	0280f300f0300000	219726239385	1606513	true	8	219726239392	1	65536
2237907	49500	01e3a39481200202	147546640514	0	false	1	147546640514	1	65536
2238285	49508	01d465f3e3303330	150446148198	0	false	2	150446148199	1	65536
2242023	49590	2617defa00230210	173478065853	0	false	16	173478065868	1	65536
2242865	49609	2364d76a41331200	61922340966	0	false	5	61922340970	1	65536
2244825	49652	28004af4f0010210	198028978391	0	false	8	198028978398	1	65536
2244951	49655	2326014ff3223310	288312556210	0	false	1	288312556210	1	65536
2245604	49669	022bcf84f3000300	217717525945	0	false	1	217717525945	1	65536
2246414	49687	20c3384430000100	49948215416	0	false	7	49948215422	1	65536
2247511	49712	3c01ffe070300330	293183032607	0	false	2	293183032608	1	65536
2248039	49723	3307240c21202300	70983723944	0	false	8	70983723951	1	65536
2248410	49732	0022ba3180132300	273217460578	0	false	12	273217460589	1	65536
2249021	49746	3403ffd3f3330300	249153919323	0	false	5	249153919327	1	65536
2249349	49753	373f4ff702303030	30667920340	0	false	15	30667920354	1	65536
2249888	49765	009f338090120133	77118266592	118715	true	1	77118266592	1	65536
2250590	49781	303b2712b0132200	32133202606	0	false	1	32133202606	1	65536
2250950	49789	29f3474710012300	270040587879	0	false	9	270040587887	1	65536
2254905	49878	013c830010033321	172642237029	292853	true	1	172642237029	1	65536
2256118	49904	33fc570371100330	37551412763	0	false	10	37551412772	1	65536
2256377	49910	2cf5ff48c3032000	145850322874	154409	true	1	145850322874	1	65536
2256466	49912	2a58384680033130	7625005794	0	false	6	7625005799	1	65536
2256508	49913	2d27408650223310	68096558151	0	false	3	68096558153	1	65536
2257263	49929	2d7d1086f3330000	190385527306	1606036	true	1	190385527306	1	65536
2258341	49953	289473e481330030	28131828643	0	false	2	28131828644	1	65536
2258649	49960	2521528692032110	16441203038	0	false	1	16441203038	1	65536
2261669	50027	37f49e3c33132310	220446623522	0	false	2	220446623523	1	65536
2262972	50056	2ff8c0e7c0210230	80465756563	0	false	4	80465756566	1	65536
2263248	50062	2554c9e732021000	5349432506	0	false	1	5349432506	1	65536
2263534	50068	0158c8e1d2001011	277528371806	0	false	2	277528371807	1	65536
2266870	50141	200c3f0330010031	137175234613	2024573	true	8	137175234620	1	65536
2268876	50186	3113249c03232200	260461660514	0	false	1	260461660514	1	65536
2269436	50198	0085810401012221	259767087390	350134	true	1	259767087390	1	65536
2269565	50201	2bfc1d0410021230	126696535522	0	false	1	126696535522	1	65536
2270112	50213	33777567f2223010	278090935142	0	false	4	278090935145	1	65536
2270791	50228	002c810033120332	119546278796	0	false	9	119546278804	1	65536
2271297	50239	00d3d1d232031220	207379760880	0	false	3	207379760882	1	65536
2271472	50243	2b1c3027c3310300	265187730576	0	false	1	265187730576	1	65536
2271546	50245	03330efcf3320330	146936471283	0	false	1	146936471283	1	65536
2272581	50267	204d432f30132320	120038056956	0	false	1	120038056956	1	65536
2273350	50284	023c54cec3013210	126612275716	0	false	1	126612275716	1	65536
2273368	50285	2f702f9fc1100200	162502423658	0	false	3	162502423660	1	65536
2273572	50289	025ab96970303130	63436396976	350134	true	2	63436396977	1	65536
2274645	50313	235778bd12122300	163727916234	0	false	7	163727916240	1	65536
2274950	50319	0337f16fc2100110	221054656787	0	false	1	221054656787	1	65536
2274960	50319	03bef8e310011032	101913306378	0	false	13	101913306390	1	65536
2275295	50326	011ae7af82212103	103652191866	0	false	7	103652191872	1	65536
2275369	50328	28e7a0e133323330	150841317802	0	false	4	150841317805	1	65536
2276597	50355	348f8bdf33003220	283259617366	0	false	2	283259617367	1	65536
2277758	50381	02844ef240231233	21641898988	0	false	1	21641898988	1	65536
2278016	50386	24001ba082002330	219199858387	0	false	13	219199858399	1	65536
2278613	50399	2073b8d711302310	49273682731	0	false	6	49273682736	1	65536
2280035	50431	2244381903033311	134996351917	0	false	1	134996351917	1	65536
2280488	50441	3a4a73a3c1000100	190705938961	0	false	11	190705938971	1	65536
2281214	50457	03c153ddb1332021	220894437860	0	false	1	220894437860	1	65536
2281360	50461	330100dd43201230	103095177807	0	false	2	103095177808	1	65536
2281739	50469	2f2054d5f3033010	220977939714	0	false	7	220977939720	1	65536
2282053	50476	2df92fbe41203230	61152120499	0	false	11	61152120509	1	65536
2283681	50513	216989a7a2220121	133292385688	0	false	1	133292385688	1	65536
2285022	50542	32e0efb091030130	167120473846	0	false	29	167120473874	1	65536
2288280	50615	0309c8cbb0332322	102439063453	0	false	1	102439063453	1	65536
2288444	50618	2f4a3ffe00320120	210438792469	0	false	4	210438792472	1	65536
2289557	50643	203c9dd500022000	7700503826	0	false	1	7700503826	1	65536
2290121	50655	352b7ea702300030	37315691470	0	false	1	37315691470	1	65536
2290135	50655	033fcf6001031030	243163082031	0	false	1	243163082031	1	65536
2291090	50676	0340cdf523103102	254059894828	0	false	2	254059894829	1	65536
2293637	50733	201d141101311301	139410153317	0	false	7	139410153323	1	65536
2294256	50747	02f8fe2b21003033	273491747909	0	false	2	273491747910	1	65536
2295357	50771	30ff3430f0303300	119475210784	3	true	1	119475210784	1	65536
2296150	50789	2fd0fbe7b2002010	170153715538	0	false	1	170153715538	1	65536
2297086	50810	30e2078030230200	172339291537	0	false	1	172339291537	1	65536
2297487	50819	2ff0f3c233103300	258490417488	0	false	5	258490417492	1	65536
2297603	50821	2d033485f0030330	281114714366	0	false	9	281114714374	1	65536
2298438	50840	2a5cf94c00300120	204546144786	0	false	6	204546144791	1	65536
2298440	50840	243eea5cf1000030	175299541807	0	false	1	175299541807	1	65536
2298595	50844	0615c94d61100030	105393516305	350134	true	1	105393516305	1	65536
2300398	50884	233cc27010131000	59717296629	0	false	1	59717296629	1	65536
2301664	50911	006b46d103222020	195316992455	0	false	3	195316992457	1	65536
2303132	50945	0015ecac72013221	131817184606	0	false	8	131817184613	1	65536
2303462	50952	341eb13a01000000	285700374717	0	false	3	285700374719	1	65536
2303490	50952	01f7b13fe3330300	256759864302	0	false	2	256759864303	1	65536
2303915	50962	26ac22ffa0303120	71997873671	0	false	10	71997873680	1	65536
2303981	50963	33f1950c31001300	246946813932	0	false	14	246946813945	1	65536
2304250	50969	0244acfa03202300	43819318009	0	false	1	43819318009	1	65536
2304260	50970	2145d02100302300	94305789157	0	false	3	94305789159	1	65536
2304486	50975	03238245e0300130	221048099021	0	false	4	221048099024	1	65536
2306600	51021	31d403f203232030	62864922635	0	false	3	62864922637	1	65536
2307317	51037	27b2591083310020	110704044923	0	false	1	110704044923	1	65536
2308436	51063	33a12e72f3022320	2859350626	0	false	3	2859350628	1	65536
2308477	51064	016148fad2333333	121990007190	0	false	1	121990007190	1	65536
2308964	51074	234bc73fc1023001	141994128040	0	false	3	141994128042	1	65536
2312468	51151	3102ee3e30110320	202578237656	0	false	12	202578237667	1	65536
2313296	51169	05a2bb67f2002320	55536819522	0	false	3	55536819524	1	65536
2315013	51207	3008af2403233100	106274011040	0	false	20	106274011059	1	65536
2317547	51264	200fcf0311131021	161760511470	0	false	1	161760511470	1	65536
2318075	51275	2ef010bf73201030	133516243606	0	false	4	133516243609	1	65536
2318968	51295	0655fbcd00033223	84933382567	0	false	1	84933382567	1	65536
2320167	51322	2b9e81cd53031310	144603792787	0	false	3	144603792789	1	65536
2320498	51329	010fde8003100123	85682035283	118715	true	1	85682035283	1	65536
2320631	51332	208b0f7f43331031	118887146438	0	false	2	118887146439	1	65536
2320914	51338	030e0822f3031310	81645083234	0	false	6	81645083239	1	65536
2321030	51341	233a41de32231331	174715830980	0	false	31	174715831010	1	65536
2321552	51352	20f1108920301020	175568024859	0	false	1	175568024859	1	65536
2321681	51355	03b01f0073302122	137261391090	0	false	2	137261391091	1	65536
2322465	51372	30235e8de0033120	259681318933	0	false	1	259681318933	1	65536
2322558	51375	0033900030210023	180537375556	0	false	1	180537375556	1	65536
2322654	51377	3110885480301010	104342943023	0	false	2	104342943024	1	65536
2323018	51385	207d5cf200233211	216441825009	0	false	16	216441825024	1	65536
2323315	51391	035d275403321130	159511066819	0	false	17	159511066835	1	65536
2323546	51396	237e3f0353033301	79068865525	0	false	1	79068865525	1	65536
2323563	51397	022f80ff02130000	260781943267	0	false	26	260781943292	1	65536
2323657	51399	04343b16d3030130	274580140023	0	false	18	274580140040	1	65536
2324603	51419	07f8edf7b3033211	278841808249	0	false	10	278841808258	1	65536
2325152	51432	2505804933231000	270378156348	0	false	1	270378156348	1	65536
2325182	51432	27fd84e1f1310100	55935656314	0	false	1	55935656314	1	65536
2325202	51433	0240537f10203033	191845973703	0	false	11	191845973713	1	65536
2325556	51440	3079d07910323310	238711600753	0	false	1	238711600753	1	65536
2325689	51443	2c31ed6183303110	282772875910	0	false	10	282772875919	1	65536
2325818	51446	30e1ac2ea0020100	37213249818	0	false	1	37213249818	1	65536
2328442	51504	280cf9b0a0011030	35322479752	292855	true	5	35322479756	1	65536
2329710	51532	2422c0be10323230	50287113139	0	false	8	50287113146	1	65536
2331081	51562	33dcafc203130310	102042569924	0	false	2	102042569925	1	65536
2331857	51580	003f215871310020	141350525549	0	false	7	141350525555	1	65536
2334175	51631	20a093a282232110	100183027224	0	false	5	100183027228	1	65536
2334334	51635	2a0f82e1f3222100	268758208545	0	false	8	268758208552	1	65536
2334968	51649	0524124d23130120	180652879468	0	false	23	180652879490	1	65536
2335788	51666	32d30f0503133100	280989899525	0	false	4	280989899528	1	65536
2335861	51668	01370b4740003030	268121863711	0	false	8	268121863718	1	65536
2339303	51744	3341bc9fc1101000	281459571048	140360	true	1	281459571048	1	65536
2340365	51767	2e5e2b07a1311010	254734919118	0	false	1	254734919118	1	65536
2341475	51792	288fb3e832301000	179806756402	0	false	1	179806756402	1	65536
2344664	51863	03ae0b3fb0220330	176124372715	0	false	7	176124372721	1	65536
2345220	51875	2f52b7fab0300330	284880781128	0	false	6	284880781133	1	65536
2347932	51935	3503ca0412010020	179469692618	0	false	2	179469692619	1	65536
2348323	51944	303397c343220100	225943898344	0	false	5	225943898348	1	65536
2348684	51951	04f50450c1103032	276428147027	0	false	3	276428147029	1	65536
2348877	51956	02ecf7b3b3221232	155959427996	0	false	4	155959427999	1	65536
2349510	51970	01bff0df31332322	61623406422	0	false	4	61623406425	1	65536
2351099	52004	207ff83c43003300	180685304999	140360	true	2	180685305000	1	65536
2352208	52029	037ff0b3f0002033	74072085340	0	false	9	74072085348	1	65536
2354580	52081	35df47cbd2032300	9621548551	0	false	4	9621548554	1	65536
2355315	52098	03008c0020000300	53167954778	0	false	1	53167954778	1	65536
2355630	52105	3380800c51202320	65812867885	0	false	1	65812867885	1	65536
2355853	52110	3574321333020010	258874253674	292852	true	1	258874253674	1	65536
2356532	52124	04e1953bd3323212	258216825324	0	false	5	258216825328	1	65536
2356577	52125	0008088831010030	265177323664	0	false	9	265177323672	1	65536
2356685	52128	0528402482123330	265398623772	549393	true	1	265398623772	1	65536
2358099	52159	2330cf03b2010210	146989407132	0	false	16	146989407147	1	65536
2358880	52176	3c00cd1dd3112310	132037127161	0	false	3	132037127163	1	65536
2359645	52193	0297ebfa01222321	4091646133	350134	true	1	4091646133	1	65536
2360172	52205	01e82074d0300313	286947337090	38	true	1	286947337090	1	65536
2361499	52234	2000f20480000110	17364387284	0	false	1	17364387284	1	65536
2362235	52250	38e4dcecf3330020	192548159223	0	false	1	192548159223	1	65536
2363548	52279	23f02837f0300330	53013923214	0	false	2	53013923215	1	65536
2363782	52284	014bc28e32002232	21207335319	0	false	1	21207335319	1	65536
2364551	52301	3ce080c340012020	219554284694	0	false	1	219554284694	1	65536
2364644	52303	2bd1782f42011030	10902564091	0	false	1	10902564091	1	65536
2365442	52321	001d332003320220	219145324027	0	false	3	219145324029	1	65536
2366041	52334	374c90c401201000	45485494160	0	false	1	45485494160	1	65536
2367377	52364	32c1641002001200	2376593084	0	false	1	2376593084	1	65536
2368169	52381	07ee713d23002322	204453815242	0	false	5	204453815246	1	65536
2368265	52383	2239ee7ce3201220	164042327599	0	false	5	164042327603	1	65536
2371406	52454	236b9e26e1301121	282792817003	350134	true	1	282792817003	1	65536
2371741	52461	30b220cff0200210	231898665340	0	false	1	231898665340	1	65536
2371989	52467	230aff2040103230	287776477128	8014	true	1	287776477128	1	65536
2372843	52486	220ced5cb0320000	72481830255	0	false	12	72481830266	1	65536
2373435	52499	020f00fee0330303	67256189693	140360	true	1	67256189693	1	65536
2374293	52518	39c453feb3023200	95528969607	0	false	9	95528969615	1	65536
2374451	52522	3672ccde32300100	293713974262	0	false	1	293713974262	1	65536
2375024	52535	034bf4cc43000333	184176777657	0	false	19	184176777675	1	65536
2375074	52536	01c88e1de3310323	202806603554	0	false	1	202806603554	1	65536
2375844	52553	3373ce3e83303300	248010444479	0	false	9	248010444487	1	65536
2378212	52606	38fc7ffd23213300	248129104575	0	false	3	248129104577	1	65536
2379917	52644	2545e14940310220	248574253263	0	false	3	248574253265	1	65536
2381049	52669	035033d3d2030000	252685636820	0	false	1	252685636820	1	65536
2381785	52686	2f0de31ff3131030	81712254701	0	false	3	81712254703	1	65536
2382317	52698	2f3fe2ec30210330	209762017207	0	false	1	209762017207	1	65536
2383931	52734	2000f9c0b0022301	67195833165	0	false	1	67195833165	1	65536
2385081	52759	024cd3dff0330110	171165503760	0	false	6	171165503765	1	65536
2386352	52787	2048a800c2213330	92556406500	0	false	5	92556406504	1	65536
2387309	52808	2ed3614440032000	133708855464	0	false	1	133708855464	1	65536
2387636	52816	24200cf2a0310200	80207402770	0	false	25	80207402794	1	65536
2388017	52824	2b022eace2102031	227699746821	0	false	1	227699746821	1	65536
2388994	52845	038e6ef5c3212320	118887539904	0	false	3	118887539906	1	65536
2389229	52850	2c1c370000303030	15395715844	0	false	1	15395715844	1	65536
2389608	52858	05a14abf41200130	283699930263	0	false	10	283699930272	1	65536
2389709	52861	207fc53c40001001	11966673552	0	false	1	11966673552	1	65536
2390364	52875	246499c990221121	211850660808	0	false	7	211850660814	1	65536
2390562	52879	202ffe8f30033031	157513776064	0	false	3	157513776066	1	65536
2391527	52901	025e710ab2313312	54598223841	0	false	11	54598223851	1	65536
2392889	52931	038cd201b2330102	7251292535	0	false	1	7251292535	1	65536
2393144	52937	2508738cc1300330	130831643208	0	false	7	130831643214	1	65536
2395251	52984	38c1c0de41031300	258477919534	627526	true	4	258477919537	1	65536
2395468	52988	382f77f8e3120310	293511580121	0	false	8	293511580128	1	65536
2397060	53023	2b5b8ae4d2030200	56883540994	0	false	3	56883540996	1	65536
2397788	53040	04b3ce21b0023130	93044669132	118715	true	1	93044669132	1	65536
2397914	53043	2643ffc520000020	64938863522	0	false	14	64938863535	1	65536
2399036	53067	2a4ccef2f0000100	196515274711	1357361	true	1	196515274711	1	65536
2399130	53069	07ac3f4ba0330213	199561966375	0	false	14	199561966388	1	65536
2399220	53071	0225c7c4f2013130	20504846659	0	false	1	20504846659	1	65536
2400240	53093	01fa585910022021	165530707290	0	false	10	165530707299	1	65536
2400410	53097	2f3815d593103010	38952807775	0	false	1	38952807775	1	65536
2402067	53134	0061dbdeb0330320	268865867432	0	false	2	268865867433	1	65536
2403299	53162	0302339380300102	174808504865	1843447	true	1	174808504865	1	65536
2404049	53178	2a353311e1033200	118012759958	0	false	4	118012759961	1	65536
2404783	53194	2352164351123101	249986218941	0	false	1	249986218941	1	65536
2406058	53223	03fb57ac70030220	29465205797	0	false	2	29465205798	1	65536
2406886	53242	200a43dc00013120	284334750284	0	false	2	284334750285	1	65536
2407096	53246	027fe78043030033	78058550681	0	false	2	78058550682	1	65536
2408352	53274	2280801f70202010	49218148558	0	false	3	49218148560	1	65536
2410703	53326	23f62a6802101301	109992445253	0	false	2	109992445254	1	65536
2410957	53332	2b022fd071300000	90526736866	0	false	6	90526736871	1	65536
2411420	53342	03e40f1433103303	71888303139	0	false	8	71888303146	1	65536
2412895	53375	34efb90bc0200020	3349832220	0	false	1	3349832220	1	65536
2414678	53414	03780ce163130031	24245055978	0	false	1	24245055978	1	65536
2415217	53426	02002ffe30300312	45820981265	0	false	9	45820981273	1	65536
2417060	53466	28df8e1d30300320	184649300478	0	false	6	184649300483	1	65536
2417241	53470	348003fc00032030	67442538964	1406105	true	1	67442538964	1	65536
2417548	53477	2003c104d0202001	175679004781	0	false	1	175679004781	1	65536
2418338	53494	2df5a76361333130	178179871544	350134	true	1	178179871544	1	65536
2419164	53512	01dfb87fa2330031	292442231721	140360	true	1	292442231721	1	65536
2420240	53536	003f0c1d61303333	277946631651	0	false	34	277946631684	1	65536
2421505	53564	2185ce5921021001	21277908977	0	false	8	21277908984	1	65536
2421679	53567	02a8fe45d3030023	61482433582	0	false	1	61482433582	1	65536
2422465	53585	0200c85f70120000	285230323991	0	false	10	285230324000	1	65536
2425015	53641	0250fc7fc2103003	81903905792	0	false	1	81903905792	1	65536
2426692	53678	2380752c32012300	74380548490	0	false	2	74380548491	1	65536
2427047	53686	05bbf78043000001	234161414417	27703	true	1	234161414417	1	65536
2428136	53710	2ad4240081123120	27089756687	0	false	7	27089756693	1	65536
2429515	53740	265d790313000110	223596251378	0	false	20	223596251397	1	65536
2430100	53754	23d8d42130010221	47492264986	0	false	5	47492264990	1	65536
2434133	53842	2a2781e202300201	174499379886	0	false	2	174499379887	1	65536
2436564	53896	38afbb67e2002320	258551562483	0	false	33	258551562515	1	65536
2436937	53904	3003700020333000	104768071062	0	false	11	104768071072	1	65536
2437263	53911	03f2460ef3000233	128311443913	0	false	6	128311443918	1	65536
2438382	53937	05fd704c62330031	20894790630	0	false	3	20894790632	1	65536
2438530	53940	2f0f7b0ea3030330	255276177904	94616	true	7	255276177910	1	65536
2439124	53953	2124363921121120	150014021923	0	false	2	150014021924	1	65536
2443115	54042	025f659070133201	197317540797	0	false	8	197317540804	1	65536
2444511	54073	20e3c3a280003011	23062944705	0	false	13	23062944717	1	65536
2444708	54077	09af4f58d3112210	277178900812	0	false	6	277178900817	1	65536
2444843	54080	0037680d22013101	281804461249	9472	true	4	281804461252	1	65536
2446014	54107	3cebff1cd2031020	95923640614	0	false	1	95923640614	1	65536
2446735	54123	011081c023320002	225962753902	292819	true	3	225962753904	1	65536
2447825	54147	3350200360203300	277282596117	0	false	3	277282596119	1	65536
2448252	54156	24bd33eaa3330300	137754927187	0	false	1	137754927187	1	65536
2448431	54160	233f3f2021010010	235149225310	63032	true	5	235149225314	1	65536
2448774	54167	018d4ff491031110	258878140443	0	false	1	258878140443	1	65536
2450117	54196	03fdc03f73330030	42970796758	0	false	18	42970796775	1	65536
2450696	54209	340fc3e3f0330200	94303940635	402516	true	6	94303940640	1	65536
2450799	54211	33ef4203e3323020	46125627500	140360	true	1	46125627500	1	65536
2451323	54223	048fcd23b2320300	142046870131	0	false	2	142046870132	1	65536
2452381	54247	2f14500100100130	238744372143	0	false	2	238744372144	1	65536
2452699	54254	2f3e0019f0133030	219843822852	140360	true	1	219843822852	1	65536
2453453	54271	25125264b2203110	71796033717	350134	true	1	71796033717	1	65536
2455242	54310	341e713400131330	122661155289	0	false	18	122661155306	1	65536
2456278	54333	2662a52a70100020	44924659379	0	false	2	44924659380	1	65536
2456366	54335	0d500efd31332010	294572332825	0	false	2	294572332826	1	65536
2457117	54352	380338d400300020	236817037172	0	false	2	236817037173	1	65536
2457174	54353	3049fc00f3113200	47472825982	0	false	1	47472825982	1	65536
2457344	54358	3e0f8e31b3123200	262939121819	0	false	2	262939121820	1	65536
2459067	54396	30077ffe30303320	133127241058	292827	true	2	133127241059	1	65536
2460099	54419	2eda0dfba1030110	22291943491	0	false	2	22291943492	1	65536
2461167	54442	031ef5d081010302	30551870439	0	false	12	30551870450	1	65536
2461974	54460	2faf448750030320	138603908985	0	false	25	138603909009	1	65536
2463550	54495	200520a781201101	239301887321	0	false	1	239301887321	1	65536
2464008	54505	30001d9410020130	51324549756	0	false	3	51324549758	1	65536
2464324	54512	23ff953ed2100130	187481491955	0	false	10	187481491964	1	65536
2465829	54545	20c9157203131230	113983600805	0	false	2	113983600806	1	65536
2467872	54589	33e083c101033220	184750811107	0	false	26	184750811132	1	65536
2468402	54601	033ce9c561022003	247015702536	0	false	2	247015702537	1	65536
2472696	54696	3d47de3e82032110	37500834235	0	false	8	37500834242	1	65536
2473972	54724	350fe40230323200	2825559943	0	false	3	2825559945	1	65536
2475593	54759	0223e66390033123	184676606783	1	true	1	184676606783	1	65536
2475786	54763	2bba272ba2230200	86589196067	0	false	5	86589196071	1	65536
2476333	54775	203009d732131311	79321946283	0	false	2	79321946284	1	65536
2477966	54811	01290bf923300021	22309768118	0	false	2	22309768119	1	65536
2478190	54816	2e3a698ae1010110	283919648397	0	false	4	283919648400	1	65536
2479404	54843	0beb5052c1320011	107603217540	0	false	48	107603217587	1	65536
2481751	54894	33c1f7f250203300	10725623798	0	false	1	10725623798	1	65536
2485011	54965	270c45b451030000	100876745387	0	false	1	100876745387	1	65536
2485199	54970	3053b1f4e1313230	282610757220	0	false	3	282610757222	1	65536
2485491	54976	03de4024f3323301	288995671787	0	false	8	288995671794	1	65536
2486778	55004	02159ff4f3331332	7113863806	38	true	1	7113863806	1	65536
2487260	55015	00bc08fff2311301	43267430868	2107433	true	1	43267430868	1	65536
2488361	55039	038b3fa311303000	161178624292	0	false	2	161178624293	1	65536
2489381	55062	01004e7d02203200	216496037772	0	false	10	216496037781	1	65536
2489755	55070	013fc8cf03302002	171812575837	2007221	true	3	171812575839	1	65536
2491562	55110	24350383f3033131	145869160456	0	false	6	145869160461	1	65536
2491862	55117	30033727c3003230	62013062971	118715	true	3	62013062973	1	65536
2492754	55137	2711ff94f0133130	220038930517	140360	true	2	220038930518	1	65536
2493040	55143	2f343f76f3330330	160078668009	1918120	true	1	160078668009	1	65536
2493294	55148	0029469550300210	288908059526	0	false	11	288908059536	1	65536
2495693	55202	25313b9233003200	202167111250	0	false	8	202167111257	1	65536
2496061	55210	33e081e400000100	69493670599	0	false	2	69493670600	1	65536
2496851	55228	37940e34d3003130	199988426415	0	false	1	199988426415	1	65536
2498634	55267	245d591753313010	252813414803	0	false	1	252813414803	1	65536
2500771	55314	019c082020331332	134094043154	0	false	3	134094043156	1	65536
2501086	55321	238cf08072320030	115217443791	0	false	1	115217443791	1	65536
2502371	55350	2d230e2ce0222100	150400872972	0	false	3	150400872974	1	65536
2504462	55396	23550a5821021031	284061305792	549395	true	1	284061305792	1	65536
2504605	55399	0114ccffb3131333	72100236140	0	false	3	72100236142	1	65536
2505620	55422	279390ed30000321	218049557756	0	false	39	218049557794	1	65536
2507237	55457	005fd2bbd0102223	210204897866	0	false	1	210204897866	1	65536
2507273	55458	201f714d33000300	211970704477	0	false	5	211970704481	1	65536
2508043	55475	03008f3221230231	53635228636	0	false	2	53635228637	1	65536
2509365	55504	0522792272231312	48171553427	0	false	1	48171553427	1	65536
2509797	55513	01003095e2233023	165378774005	0	false	9	165378774013	1	65536
2509826	55514	2403690493232331	161032743210	0	false	3	161032743212	1	65536
2510536	55530	2890957300003220	202502857254	0	false	37	202502857290	1	65536
2512086	55565	02b67c62b2322131	248023334559	0	false	17	248023334575	1	65536
2512768	55581	240bac10c3232230	117816449800	0	false	1	117816449800	1	65536
2514925	55628	2bb28234f2003330	119244387398	0	false	1	119244387398	1	65536
2515710	55645	35ba632342103120	280406792897	548354	true	1	280406792897	1	65536
2517295	55679	20e5e4e8c1200010	193723046066	0	false	4	193723046069	1	65536
2518188	55700	2cd2df3bd0101020	99170257659	0	false	1	99170257659	1	65536
2518487	55706	013afd2b40020030	123435264828	0	false	5	123435264832	1	65536
2519925	55738	24661f5540300011	89602350371	0	false	1	89602350371	1	65536
2519991	55739	0322b0c0f0213321	252779648796	0	false	2	252779648797	1	65536
2520781	55757	365e6ee423301330	227812460996	334557	true	1	227812460996	1	65536
2521161	55765	0200e028e3330030	104794258622	0	false	2	104794258623	1	65536
2521287	55768	203157c133032310	147480907143	0	false	4	147480907146	1	65536
2522617	55798	2d07c41080320230	206061644169	0	false	3	206061644171	1	65536
2523520	55818	2ff4a60c81100100	237435789414	0	false	9	237435789422	1	65536
2524260	55834	30cf3203c3003320	108566845775	1598903	true	1	108566845775	1	65536
2526268	55877	350bbfcc13133120	367259823	0	false	8	367259830	1	65536
2526453	55882	2301390c80300330	9742026564	0	false	4	9742026567	1	65536
2527951	55914	2063fbcc52033330	287498551290	0	false	9	287498551298	1	65536
2531501	55994	038b3d5fc0230023	109838835911	0	false	1	109838835911	1	65536
2532484	56016	20fff91f82130301	188168958204	0	false	1	188168958204	1	65536
2533044	56028	01b62f7d02102320	116454392661	0	false	1	116454392661	1	65536
2533332	56034	2bdb594ce2033000	81624159541	0	false	2	81624159542	1	65536
2533552	56039	005f4d5b01321121	166563724759	0	false	1	166563724759	1	65536
2533589	56040	2040336313302300	147744394014	0	false	1	147744394014	1	65536
2535324	56078	2080fcff82301300	65309213363	0	false	11	65309213373	1	65536
2535718	56087	226d0f5162000011	161206132534	0	false	3	161206132536	1	65536
2536322	56100	343543fed0100320	267281756018	0	false	1	267281756018	1	65536
2536750	56110	300014b220301000	236811575440	0	false	2	236811575441	1	65536
2536972	56115	2234397a02321220	66760301294	0	false	10	66760301303	1	65536
2537285	56122	2543c3f2b3003300	35996850080	0	false	9	35996850088	1	65536
2537982	56137	2393c0e410012331	236736430052	0	false	21	236736430072	1	65536
2538594	56151	202a242683001310	17487455396	0	false	1	17487455396	1	65536
2538625	56152	0bdff799d0012130	202394883703	0	false	2	202394883704	1	65536
2539591	56173	0337fe7f02021111	171127880395	140360	true	1	171127880395	1	65536
2540692	56198	3020fe8d43001320	242590332910	0	false	6	242590332915	1	65536
2541057	56206	2a100e0893332331	10749257127	0	false	4	10749257130	1	65536
2541577	56217	029f4000f2320000	239579422300	0	false	5	239579422304	1	65536
2542664	56241	064c3a3e72333020	101257843915	0	false	8	101257843922	1	65536
2542727	56242	035220abd3130130	188424402958	0	false	5	188424402962	1	65536
2544134	56273	302f48f201122320	72897489988	0	false	2	72897489989	1	65536
2548242	56363	23fc8bd783330010	199662902697	0	false	2	199662902698	1	65536
2548681	56372	0290f500d2233010	112829027305	0	false	1	112829027305	1	65536
2549156	56383	239a208e32002211	259890550551	0	false	3	259890550553	1	65536
2549601	56393	2fafae1d61103220	137870029201	0	false	9	137870029209	1	65536
2550785	56419	03b5410882033010	34240586488	0	false	7	34240586494	1	65536
2551788	56441	03433ffad1300030	94042506223	0	false	1	94042506223	1	65536
2552536	56457	3035f9f1c0132120	126822614419	0	false	2	126822614420	1	65536
2552995	56467	2f8888e302332300	129200022453	2154285	true	1	129200022453	1	65536
2553104	56469	00308274b2332032	165880866251	0	false	16	165880866266	1	65536
2554561	56501	01fcccdfe3301323	10579668459	0	false	6	10579668464	1	65536
2554933	56510	2dae3bc413111310	227694632319	0	false	4	227694632322	1	65536
2557159	56558	00221ff813233200	247298225490	0	false	5	247298225494	1	65536
2557225	56560	2f33c08001323330	218042086861	1731012	true	1	218042086861	1	65536
2557278	56561	3c23e3cf03300000	81984453190	2012121	true	1	81984453190	1	65536
2557970	56577	22f34b3490332121	289595735673	0	false	2	289595735674	1	65536
2558435	56587	032e82a323303322	288884528556	0	false	10	288884528565	1	65536
2558971	56599	33792f7d00212000	89887863152	0	false	1	89887863152	1	65536
2560195	56626	2bdc76f582030311	107978282799	167963	true	1	107978282799	1	65536
2561117	56646	33858f3900300330	84136902309	0	false	10	84136902318	1	65536
2561374	56652	34cb23e7e0220100	187481526801	140360	true	3	187481526803	1	65536
2561900	56664	3c2bb7bf13103010	194305113510	0	false	5	194305113514	1	65536
2562282	56672	030d8c3ff0030030	13769013157	0	false	1	13769013157	1	65536
2563875	56708	013c363a00011020	100433522601	0	false	34	100433522634	1	65536
2565290	56739	07ffec8942320000	219213794963	0	false	3	219213794965	1	65536
2565505	56744	3bcf30ffc0330020	10237864308	140360	true	1	10237864308	1	65536
2565989	56755	340b5fccc1330000	178965304664	0	false	2	178965304665	1	65536
2567555	56789	0d4cfe7940320311	186254220023	0	false	7	186254220029	1	65536
2567796	56795	022fdf1c43001213	64035296647	0	false	9	64035296655	1	65536
2568210	56804	331fe11201203030	69213107014	0	false	1	69213107014	1	65536
2569698	56837	3303f37b13110320	201889406614	0	false	3	201889406616	1	65536
2570644	56858	3423f3c421330100	126431798645	0	false	4	126431798648	1	65536
2571113	56869	023de0f342302013	220925641147	63032	true	1	220925641147	1	65536
2572336	56896	30f0c88c00032330	290019909278	0	false	1	290019909278	1	65536
2572447	56899	2bed200e73100031	100586599914	0	false	8	100586599921	1	65536
2575462	56965	03690723c0001303	258520157134	0	false	1	258520157134	1	65536
2576290	56983	2e439baf93220130	137075634249	991264	true	26	137075634274	1	65536
2576336	56984	23d06ff542013020	211564266014	0	false	1	211564266014	1	65536
2578286	57027	21c4deb993303310	93014343819	0	false	15	93014343833	1	65536
2578745	57037	25288003e0013120	202158451726	0	false	2	202158451727	1	65536
2578816	57039	2b312fd032010030	152786115110	0	false	12	152786115121	1	65536
2578938	57041	03fc3c18c3112030	118262448454	0	false	3	118262448456	1	65536
2579315	57050	38d0ac0720002020	59069597321	118715	true	1	59069597321	1	65536
2579482	57053	0e33c00c40001000	260253849860	0	false	9	260253849868	1	65536
2580019	57065	2c3df88f10332030	229981685475	0	false	6	229981685480	1	65536
2580662	57079	2225941c00331201	47182813119	0	false	1	47182813119	1	65536
2581634	57100	264f8eaec1230230	66584961306	0	false	10	66584961315	1	65536
2581688	57101	25d32ffc02333000	224747799937	0	false	2	224747799938	1	65536
2585411	57183	02cc0f0403003301	213348493666	1843030	true	1	213348493666	1	65536
2586382	57205	2f2f9f0100301010	292608896164	0	false	11	292608896174	1	65536
2586787	57214	03cfe2f0c3103230	266639876569	140360	true	1	266639876569	1	65536
2587255	57224	33a2d26c62233130	57804127599	0	false	7	57804127605	1	65536
2587514	57230	239438a0b2002101	121090512183	1	true	1	121090512183	1	65536
2587796	57236	300d0c0f33032230	229434703917	118715	true	1	229434703917	1	65536
2587939	57239	2c4dd41a73013320	259901361184	140364	true	1	259901361184	1	65536
2588112	57243	027a2b1c61232213	27746379173	0	false	3	27746379175	1	65536
2588543	57252	010d7d6842320103	236127653218	0	false	3	236127653220	1	65536
2589195	57267	0277523cd0123331	7588699096	0	false	3	7588699098	1	65536
2590968	57306	2414920402120000	93905992278	0	false	2	93905992279	1	65536
2591890	57326	384003cf31220320	129723151973	0	false	11	129723151983	1	65536
2592028	57329	0334387e40233301	50605893645	0	false	30	50605893674	1	65536
2593020	57350	23889617f1031000	109427976521	0	false	3	109427976523	1	65536
2593279	57356	01f37cfc82232002	209579469665	0	false	10	209579469674	1	65536
2596431	57426	203be32951103230	63799160393	0	false	2	63799160394	1	65536
2596448	57426	26a5cd04f1132101	224912571664	0	false	1	224912571664	1	65536
2596881	57436	39679e79e3213230	104330973331	0	false	2	104330973332	1	65536
2598129	57464	341ccc3702312030	94711595997	0	false	2	94711595998	1	65536
2599224	57487	34c402f323020300	292408090291	0	false	1	292408090291	1	65536
2599380	57491	01c09fdff0230330	216990682280	0	false	1	216990682280	1	65536
2599550	57494	39f50e7341021010	248856901197	168430	true	1	248856901197	1	65536
2603354	57579	2fd7beefd0100220	292193746109	0	false	1	292193746109	1	65536
2603672	57586	05df1ecc10030103	248545718561	0	false	1	248545718561	1	65536
2603900	57591	20080cb4e0021300	146789686035	0	false	1	146789686035	1	65536
2604780	57611	37af34fda3021010	106032462374	0	false	2	106032462375	1	65536
2607223	57665	01379c0123130010	211691264220	0	false	1	211691264220	1	65536
2607542	57672	014f304230331022	94008798796	0	false	17	94008798812	1	65536
2610893	57746	018c03eff1220132	38616626363	0	false	6	38616626368	1	65536
2611391	57757	22bb571043103030	130724258893	118715	true	1	130724258893	1	65536
2611427	57758	0103bd0fe3130331	213897929386	0	false	1	213897929386	1	65536
2611468	57759	0130e2f0c3013002	90927063713	0	false	1	90927063713	1	65536
2611699	57764	21f6918351121020	272621654683	0	false	6	272621654688	1	65536
2612507	57782	01d4deb021003322	237293921580	0	false	2	237293921581	1	65536
2612822	57790	017cd25ed2333130	19565639174	2001612	true	20	19565639193	1	65536
2614485	57827	39f400a020330020	54776891011	0	false	3	54776891013	1	65536
2614531	57828	2120822331001000	221579307823	0	false	4	221579307826	1	65536
2614714	57831	24e9d168b0213320	289012574749	0	false	1	289012574749	1	65536
2617909	57902	01a230ffd1310332	238515943432	0	false	10	238515943441	1	65536
2618886	57924	31fd3480b1031030	185387783090	0	false	1	185387783090	1	65536
2619905	57946	2448ee53e1331231	59362691582	0	false	8	59362691589	1	65536
2619924	57947	0333377e80322300	182833732412	0	false	3	182833732414	1	65536
2620037	57949	28e39bfe30300300	236836538434	168430	true	3	236836538436	1	65536
2621044	57972	01d4383fe0020313	20424710854	0	false	7	20424710860	1	65536
2621271	57977	03ef2e8e00230133	88990525931	0	false	1	88990525931	1	65536
2622295	58000	3c1ec0d7f2130020	70039047252	370648	true	1	70039047252	1	65536
2623163	58019	342f7efee0313220	13144451865	0	false	22	13144451886	1	65536
2623997	58038	20f530f413303010	151300766527	0	false	2	151300766528	1	65536
2627049	58105	03003e3923030333	123314585400	0	false	1	123314585400	1	65536
2627331	58112	245d434530301111	182301873113	0	false	1	182301873113	1	65536
2627953	58126	30088f8541313300	152941040428	0	false	5	152941040432	1	65536
2629210	58153	0005ed0543233320	32426502702	0	false	9	32426502710	1	65536
2634519	58271	03d28e63f3020131	277350954596	0	false	2	277350954597	1	65536
2634713	58276	27d676a202101130	230839137381	350134	true	1	230839137381	1	65536
2635912	58302	012cb23801320011	224143154205	0	false	17	224143154221	1	65536
2638525	58361	2f83093882032030	44371784388	0	false	4	44371784391	1	65536
2639124	58374	3bdd43fed0330110	80740465354	0	false	1	80740465354	1	65536
2639209	58376	314023f230332200	102770285320	0	false	1	102770285320	1	65536
2639410	58380	20d0160541103101	135572162493	0	false	1	135572162493	1	65536
2640383	58402	24e23ecc93010011	160967584649	0	false	2	160967584650	1	65536
2643510	58471	00368e1873233011	266210226591	0	false	6	266210226596	1	65536
2643632	58474	27fc4900d3013030	204997869287	0	false	1	204997869287	1	65536
2645727	58519	006b107ff0131230	603509913	0	false	3	603509915	1	65536
2647219	58552	01abdfecd2123020	21406316539	0	false	2	21406316540	1	65536
2647538	58559	35b4924221232130	40528911684	350134	true	1	40528911684	1	65536
2648383	58577	2035206c73031220	53507238472	0	false	1	53507238472	1	65536
2649738	58607	020e390f11023200	110658002454	0	false	6	110658002459	1	65536
2649947	58612	03fa840c71001230	286972295167	0	false	3	286972295169	1	65536
2652140	58659	2bc82e7f23033020	22769627664	0	false	1	22769627664	1	65536
2652691	58671	380d314142320200	211961620981	0	false	1	211961620981	1	65536
2655438	58731	32b8c13c31000330	226313629435	292852	true	2	226313629436	1	65536
2655976	58743	0382e16010033012	95556088451	0	false	1	95556088451	1	65536
2656890	58764	2223f01713001011	252220314614	0	false	1	252220314614	1	65536
2660397	58842	052a627850222121	89899765065	350134	true	1	89899765065	1	65536
2660599	58846	28bfeffdf0133000	85956387568	0	false	12	85956387579	1	65536
2664255	58927	2835297923031321	285005251705	0	false	3	285005251707	1	65536
2665395	58952	034e314b42120221	242913609473	0	false	1	242913609473	1	65536
2665895	58963	033cb3e140112202	159568338978	0	false	5	159568338982	1	65536
2666680	58981	200bcecfc3300000	201027773026	0	false	47	201027773072	1	65536
2669366	59040	2722d13b00100331	75104323966	140360	true	1	75104323966	1	65536
2669427	59042	023fa30f33002130	193487633230	0	false	5	193487633234	1	65536
2669500	59043	279ff70c02113031	195794507342	0	false	3	195794507344	1	65536
2669746	59049	03f0ea8003232300	122509756966	0	false	2	122509756967	1	65536
2670186	59058	03b3830cc1003232	67940580536	0	false	13	67940580548	1	65536
2670317	59061	09fe4c6f82010200	264344223778	0	false	1	264344223778	1	65536
2671433	59086	2224343df0313100	96924664368	140360	true	1	96924664368	1	65536
2672539	59110	03dfefc4f3310130	69267427147	0	false	11	69267427157	1	65536
2673674	59134	2efe78e702320320	285400500826	0	false	1	285400500826	1	65536
2675857	59183	22078fc803031000	25582312093	0	false	7	25582312099	1	65536
2678253	59236	24d0a452e3221000	201494356482	0	false	1	201494356482	1	65536
2678955	59252	308e571360003030	221491910685	0	false	7	221491910691	1	65536
2681326	59304	2f0a004300322300	270422218669	292855	true	1	270422218669	1	65536
2682384	59327	3004d4f241200130	15713182294	0	false	1	15713182294	1	65536
2683793	59359	2610de9a62312120	33688026202	0	false	1	33688026202	1	65536
2685249	59390	24d170eee0003310	270543948300	462351	true	1	270543948300	1	65536
2687523	59440	2143177141133220	133819342056	0	false	1	133819342056	1	65536
2687605	59442	2f17480002332300	1229261280	0	false	26	1229261305	1	65536
2689605	59486	2c7307a052233300	63496516038	0	false	10	63496516047	1	65536
2690178	59499	02b4f5fb00331100	193431931713	0	false	3	193431931715	1	65536
2692817	59557	01f00bf231230012	183081873645	0	false	12	183081873656	1	65536
2693741	59578	2725fab1a3311320	10383225306	0	false	1	10383225306	1	65536
2694646	59597	352547bde0320100	23806404195	292819	true	2	23806404196	1	65536
2695025	59606	000ce1e1e3313020	50157212246	1925665	true	1	50157212246	1	65536
2697602	59662	03103c0420300003	122483805493	1606471	true	1	122483805493	1	65536
2700091	59718	311402b8f0130210	230548597255	0	false	1	230548597255	1	65536
2700329	59723	2560c18ff0203300	107558182946	375177	true	1	107558182946	1	65536
2700752	59733	23b42c37f2132310	110295656983	0	false	3	110295656985	1	65536
2702359	59768	2b7ceb8341233001	221595530429	0	false	1	221595530429	1	65536
2703663	59797	031fcc4751210003	111459161613	0	false	1	111459161613	1	65536
2704528	59816	30b92c48e2300130	65519510165	350134	true	1	65519510165	1	65536
2706346	59856	24c7a233f0310030	230131188038	0	false	1	230131188038	1	65536
2709703	59930	2320000382332000	48315035404	0	false	4	48315035407	1	65536
2710573	59950	341f433c10013030	26077644242	0	false	4	26077644245	1	65536
2710919	59957	03a24bcf03300101	104833890135	0	false	3	104833890137	1	65536
2712344	59989	0307cacc03200012	124438008324	0	false	1	124438008324	1	65536
2712497	59992	2aab6d08d3332311	1633130601	0	false	10	1633130610	1	65536
2712981	60002	03ced2c001312301	112412475805	0	false	4	112412475808	1	65536
2713474	60013	3b33a24580020110	84411598582	0	false	46	84411598627	1	65536
2714072	60027	2271df5e30001330	20338566321	0	false	1	20338566321	1	65536
2714685	60040	02c0b7afc3103313	125010364492	0	false	17	125010364508	1	65536
2715569	60060	33e4524500223110	55946454741	0	false	4	55946454744	1	65536
2717478	60102	01dc29c870300030	104172452003	0	false	17	104172452019	1	65536
2718812	60132	38c9e28df1002000	224496719561	0	false	2	224496719562	1	65536
2719869	60155	03fff4f0b1200031	241832744680	0	false	1	241832744680	1	65536
2720386	60166	0033f35b30321310	178492065037	0	false	56	178492065092	1	65536
2720832	60176	22d8ad1a50001010	89678427546	548349	true	1	89678427546	1	65536
2722099	60205	206b1eb5d0303321	169649841705	0	false	2	169649841706	1	65536
2723709	60239	03e3022043101320	79754510568	0	false	8	79754510575	1	65536
2724110	60248	21a280cb70033331	171065162517	0	false	1	171065162517	1	65536
2724760	60263	3300042103003000	163660747599	0	false	1	163660747599	1	65536
2726083	60292	0101c54fe3013330	249488975854	0	false	1	249488975854	1	65536
2727788	60330	05b4382200222003	157805254194	0	false	1	157805254194	1	65536
2729666	60371	2c10cecd01301000	20827835492	0	false	1	20827835492	1	65536
2730288	60384	2209acc500300330	269068087092	0	false	1	269068087092	1	65536
2737780	60550	033ff10333030030	104530034482	40	true	1	104530034482	1	65536
2737999	60555	2374bff500123210	73100565046	0	false	2	73100565047	1	65536
2738572	60567	3509a0fb72000010	12173071299	0	false	3	12173071301	1	65536
2740028	60599	05176fa8d2230323	261650937157	0	false	14	261650937170	1	65536
2740511	60609	2ddc30fd13320100	231575448483	0	false	10	231575448492	1	65536
2740734	60614	2897a1d340121210	77142964905	0	false	1	77142964905	1	65536
2740981	60620	339e6bcd50020300	243893732844	0	false	9	243893732852	1	65536
2743136	60667	3353cf84f0311300	175334022885	0	false	3	175334022887	1	65536
2743641	60678	0300d47c60320023	268165428314	0	false	1	268165428314	1	65536
2744714	60702	2027e4bee1223220	272168282815	0	false	11	272168282825	1	65536
2744922	60707	034bce0fb3302202	39723924187	0	false	2	39723924188	1	65536
2745116	60711	023e947872210132	91924272925	0	false	5	91924272929	1	65536
2747571	60765	3928001ec2021200	224091517933	0	false	1	224091517933	1	65536
2749228	60802	220909df40033200	167408350399	0	false	5	167408350403	1	65536
2749464	60807	300f014010103310	6312136829	140360	true	1	6312136829	1	65536
2750128	60821	243ac01bd1030101	230151587005	0	false	1	230151587005	1	65536
2750773	60836	2f7e702402232320	84835621159	1653	true	1	84835621159	1	65536
2751834	60859	3323f0e3e0333100	109014311371	0	false	2	109014311372	1	65536
2753484	60895	0a7eaeb2f2232300	124575368403	0	false	2	124575368404	1	65536
2755477	60940	04ed53ffe1001012	75454108186	0	false	5	75454108190	1	65536
2757109	60976	0649e7bd00232130	130058688586	0	false	5	130058688590	1	65536
2757577	60986	2e35911fd1120110	155183789735	350134	true	1	155183789735	1	65536
2757857	60992	21c09e3a41333120	114685664712	0	false	5	114685664716	1	65536
2759391	61026	292f903353200230	180739528624	0	false	1	180739528624	1	65536
2759586	61030	2233e8cff3020001	63665125064	0	false	20	63665125083	1	65536
2760426	61049	3817e0bfd2133130	130047013087	0	false	4	130047013090	1	65536
2760510	61051	2ec32ebd13221330	133279120220	0	false	10	133279120229	1	65536
2760964	61061	2745e4c8c3333030	194299537238	0	false	10	194299537247	1	65536
2761198	61066	05323d6383331010	239848443030	0	false	1	239848443030	1	65536
2761911	61081	037ff80300020201	182913982008	0	false	1	182913982008	1	65536
2762519	61095	20c8d430c3003030	181207263844	0	false	3	181207263846	1	65536
2762699	61099	05f83d1be0123110	138948368700	0	false	1	138948368700	1	65536
2762734	61100	017fcd00f2303301	13628564082	0	false	16	13628564097	1	65536
2762962	61104	3c81fa00f0133300	263028634465	0	false	1	263028634465	1	65536
2763429	61115	0e9962b623223210	47003636559	139727	true	1	47003636559	1	65536
2763471	61116	263cede3f0003220	286305056127	0	false	2	286305056128	1	65536
2763583	61118	338fd035f0010330	98661666016	0	false	1	98661666016	1	65536
2763747	61122	3d7003f4e2132010	260844490406	0	false	2	260844490407	1	65536
2763805	61123	00208855e0133100	150982890216	0	false	6	150982890221	1	65536
2766971	61193	0d3edddfd1030300	38549723176	0	false	1	38549723176	1	65536
2767617	61208	2ee1ec9db1300230	263895762125	0	false	3	263895762127	1	65536
2768431	61227	0240f7e813203012	288142274014	0	false	1	288142274014	1	65536
2772136	61308	28f0e38201033230	137568715314	0	false	1	137568715314	1	65536
2772678	61320	27df120760031300	124531252664	0	false	1	124531252664	1	65536
2772790	61323	09372372c3133101	15567637457	0	false	1	15567637457	1	65536
2773443	61337	0070f2cf70303230	77444115593	2075038	true	1	77444115593	1	65536
2774953	61370	23cc0de070033220	197063723299	0	false	22	197063723320	1	65536
2775249	61377	01043833a2001330	155745568320	0	false	1	155745568320	1	65536
2775939	61392	2416cb3f73233231	41567105656	0	false	1	41567105656	1	65536
2775955	61393	072d28e0f3003311	206492507281	0	false	1	206492507281	1	65536
2776135	61397	2e53e357d2310020	62225311737	0	false	14	62225311750	1	65536
2781321	61511	26a8b19f21300310	141031016512	0	false	6	141031016517	1	65536
2781850	61523	200ce24d40333130	202235898805	0	false	16	202235898820	1	65536
2782444	61536	3753ed7433030010	247789796187	0	false	3	247789796189	1	65536
2783424	61557	230fd80e41111330	248857641557	0	false	10	248857641566	1	65536
2783480	61559	317cf780c0030320	11606675031	0	false	11	11606675041	1	65536
2783755	61564	2b4c41cf73222310	233572425846	0	false	1	233572425846	1	65536
2784283	61576	24ebe060d0001310	34394881681	0	false	8	34394881688	1	65536
2785842	61611	2eb400adc3200030	232954906479	615287	true	9	232954906487	1	65536
2786087	61616	070c5088e1221320	238050618447	0	false	4	238050618450	1	65536
2786194	61618	38c40e0f00333300	164533697473	0	false	3	164533697475	1	65536
2788868	61676	2080031462132230	24539874798	0	false	2	24539874799	1	65536
2790033	61701	2405412730330120	23242853452	0	false	3	23242853454	1	65536
2790139	61704	3065d24552112100	166935047821	0	false	2	166935047822	1	65536
2790381	61709	22f8074050120231	258363033864	176250	true	9	258363033872	1	65536
2791492	61734	35b44364b0330010	188683838329	0	false	2	188683838330	1	65536
2792026	61746	2384033731003200	52748418504	0	false	4	52748418507	1	65536
2792488	61755	2d03df7e23002330	84781847751	0	false	3	84781847753	1	65536
2792794	61762	0203d3cca1033310	260306103178	0	false	8	260306103185	1	65536
2793023	61767	007fffe233020022	224721925158	0	false	9	224721925166	1	65536
2793027	61767	010041c013333002	41876187358	0	false	2	41876187359	1	65536
2793621	61780	240e172c00322030	104143416008	0	false	8	104143416015	1	65536
2794547	61801	03eb80f363323310	176993698698	3	true	1	176993698698	1	65536
2795368	61819	204fdc5e43000100	272305637312	0	false	10	272305637321	1	65536
2795540	61823	039fcbd573200232	289595895561	0	false	7	289595895567	1	65536
2796349	61841	2a7e32df73332100	44825392594	0	false	1	44825392594	1	65536
2796912	61854	2010733703333331	36225666482	0	false	2	36225666483	1	65536
2797018	61856	200c136792103230	7977039236	0	false	1	7977039236	1	65536
2797054	61857	3514314d01030310	144081643367	0	false	2	144081643368	1	65536
2797078	61857	2f698ed713011100	8346547542	0	false	1	8346547542	1	65536
2797260	61862	3380337d03321320	201186544327	0	false	11	201186544337	1	65536
2798738	61894	0343808842110000	127338789567	0	false	7	127338789573	1	65536
2799811	61918	27fe747ef3332110	5745318377	0	false	2	5745318378	1	65536
2800657	61937	2b04fb1c03100200	238726450514	0	false	2	238726450515	1	65536
2801383	61953	024f818243031213	237329076551	0	false	1	237329076551	1	65536
2801700	61960	25d8d274b3231000	116276098856	350134	true	1	116276098856	1	65536
2801835	61963	0661391850211131	251617547309	0	false	6	251617547314	1	65536
2802531	61978	3057805480133310	174496969549	0	false	6	174496969554	1	65536
2803866	62008	2337b3c902220120	234573795222	0	false	7	234573795228	1	65536
2804696	62027	04031039b2333023	78903764648	0	false	1	78903764648	1	65536
2806013	62057	2ff311ffc0003330	5755525239	1844835	true	1	5755525239	1	65536
2806041	62058	30083031f3010000	67248602822	118715	true	2	67248602823	1	65536
2806359	62064	0443f5bee0011022	117794504583	0	false	5	117794504587	1	65536
2806489	62067	23e57c2922001331	202489534746	0	false	20	202489534765	1	65536
2807910	62099	241e752960011231	15799460850	350134	true	1	15799460850	1	65536
2808507	62111	30c38c3b13100310	206667311609	0	false	4	206667311612	1	65536
2809016	62122	0d5265bd01231220	292734605392	350134	true	1	292734605392	1	65536
2812481	62200	00f83393b1231133	47603649435	0	false	3	47603649437	1	65536
2812544	62201	01c73bef12111010	249244592752	0	false	1	249244592752	1	65536
2812717	62205	2035d0d0e0120230	157091535736	0	false	3	157091535738	1	65536
2812774	62206	310ff2f0a3023220	7262491499	0	false	1	7262491499	1	65536
2812811	62207	30030c0300102220	170743992810	0	false	1	170743992810	1	65536
2814053	62234	31230b28f3303010	220202067300	0	false	10	220202067309	1	65536
2819314	62350	2d4f17a062121021	131643307869	350134	true	1	131643307869	1	65536
2819602	62356	05db784f03323032	172152500709	0	false	1	172152500709	1	65536
2819634	62357	278e0ce590131130	64667288187	0	false	1	64667288187	1	65536
2819649	62357	2a479b0a60231230	16376990035	0	false	1	16376990035	1	65536
2820927	62385	30c0010400123320	162231758520	1606496	true	1	162231758520	1	65536
2821154	62390	2c5ee51fd0030011	207887182955	0	false	3	207887182957	1	65536
2822484	62420	3d0ff33ff0322320	32636073554	0	false	19	32636073572	1	65536
2822609	62423	02a013c7f2230311	98497280377	0	false	2	98497280378	1	65536
2823895	62451	2df8d918d1031220	136471755194	0	false	2	136471755195	1	65536
2824044	62455	00189003d0201031	104721136553	0	false	20	104721136572	1	65536
2824547	62466	01e452c240032000	257359644490	0	false	2	257359644491	1	65536
2824889	62473	049c4ffbd0012102	245941789630	0	false	1	245941789630	1	65536
2824988	62475	0aa065c9e2013002	59955912980	0	false	8	59955912987	1	65536
2827756	62536	2a41995fb2201211	153506251038	0	false	2	153506251039	1	65536
2828422	62551	2749df4df1220000	291607237839	0	false	7	291607237845	1	65536
2828657	62556	02d0a63d01200001	97692053781	0	false	7	97692053787	1	65536
2828978	62563	033ef8baf0113132	196119755159	0	false	5	196119755163	1	65536
2829136	62567	30fbcc00b2203310	257352208439	0	false	7	257352208445	1	65536
2830216	62590	383c1c3fb3100030	14095565416	0	false	1	14095565416	1	65536
2831080	62610	3011249740001200	110462852426	0	false	2	110462852427	1	65536
2834267	62680	034320f2c3310023	103568946511	0	false	1	103568946511	1	65536
2834650	62688	0dc3367002003230	207585084824	0	false	9	207585084832	1	65536
2836108	62721	2b41b7f243131200	265148601741	0	false	3	265148601743	1	65536
2836890	62737	3247c8c003300110	245110337230	0	false	46	245110337275	1	65536
2838215	62766	0f196f5063021111	243985627351	350134	true	1	243985627351	1	65536
2838463	62772	054743f7a0133300	241207233535	0	false	5	241207233539	1	65536
2841642	62842	306082f920020020	217975206022	0	false	12	217975206033	1	65536
2841966	62849	061752a473123213	2180083982	350134	true	1	2180083982	1	65536
2842261	62855	35239041f0122300	27578723270	0	false	2	27578723271	1	65536
2843276	62878	234f740340100221	176712829215	0	false	6	176712829220	1	65536
2843533	62883	3e342f4950120100	154274932461	0	false	3	154274932463	1	65536
2845131	62919	08f8f02c21030210	148975812654	0	false	1	148975812654	1	65536
2845872	62935	20fcf30011003320	14694661354	0	false	1	14694661354	1	65536
2847056	62962	00e21ec161230232	78608971200	0	false	4	78608971203	1	65536
2847231	62965	3d000bc710023000	241058468153	0	false	1	241058468153	1	65536
2847562	62973	034f230d40010133	52077405072	0	false	1	52077405072	1	65536
2847749	62977	0116546b82310202	295393922290	350134	true	1	295393922290	1	65536
2849652	63020	30dca02fd0310320	15592500663	0	false	12	15592500674	1	65536
2850502	63038	31c0061fe3310110	158947546487	0	false	1	158947546487	1	65536
2851776	63067	014f7d7f72001101	203932245258	0	false	5	203932245262	1	65536
2851976	63071	3bc3d4f0f3000330	78348565467	0	false	2	78348565468	1	65536
2852168	63076	2500b4fd20111110	177623184707	0	false	2	177623184708	1	65536
2854034	63117	2482080992002000	198366916509	0	false	3	198366916511	1	65536
2854207	63121	2d053a09d2002320	73489715656	0	false	5	73489715660	1	65536
2855178	63142	000e7f2cf3031310	210769925931	0	false	4	210769925934	1	65536
2856715	63175	26917d1613012110	228865488331	38	true	1	228865488331	1	65536
2858360	63211	3404331733332100	37384186365	0	false	1	37384186365	1	65536
2859521	63237	072412cb20100020	123549617354	0	false	14	123549617367	1	65536
2861073	63271	243aedbfd1320311	58413041345	0	false	1	58413041345	1	65536
2862732	63307	2534342542000121	182668974723	0	false	3	182668974725	1	65536
2864281	63341	0392ffbf02233132	59859120425	0	false	4	59859120428	1	65536
2865502	63369	2afe1081a2112320	41233120233	350134	true	1	41233120233	1	65536
2865567	63370	25979a2903212000	141001980598	0	false	8	141001980605	1	65536
2866182	63384	25e43f4802322130	194802906766	0	false	12	194802906777	1	65536
2866734	63396	3534bdf9d0302130	110885368483	0	false	7	110885368489	1	65536
2866896	63400	065033bf02011012	103741088445	0	false	5	103741088449	1	65536
2868797	63441	0332802fd3023333	112968950781	0	false	8	112968950788	1	65536
2869256	63451	074da44ed1210301	217924780284	0	false	2	217924780285	1	65536
2869839	63464	20000bf8f0333330	270145503040	0	false	36	270145503075	1	65536
2871034	63491	2971a5d842001020	29250256689	350134	true	1	29250256689	1	65536
2871910	63510	01020c90b0121321	22916865756	0	false	4	22916865759	1	65536
2876033	63603	32bc188cf3322300	117770034796	0	false	1	117770034796	1	65536
2876572	63615	03e3fccce0301323	198837214246	0	false	27	198837214272	1	65536
2876902	63622	20a505b813302210	198829553722	0	false	1	198829553722	1	65536
2877882	63644	255baef943122201	203667088024	350134	true	1	203667088024	1	65536
2879725	63685	0208fd34d0310103	250954813741	0	false	3	250954813743	1	65536
2881187	63718	028d783793302022	83675941403	0	false	35	83675941437	1	65536
2881890	63733	25ecef7d83132300	179204419789	0	false	23	179204419811	1	65536
2883215	63762	2438083eb2010130	154552141349	0	false	11	154552141359	1	65536
2885051	63803	37ee49b941313220	296790361876	0	false	10	296790361885	1	65536
2886973	63846	3433500212320000	110365317778	0	false	7	110365317784	1	65536
2892079	63958	2cfa443c70231230	53073159962	0	false	11	53073159972	1	65536
2893653	63993	0a1b405351122111	186579448670	99261	true	1	186579448670	1	65536
2895229	64027	2fab511420301330	45353493292	0	false	14	45353493305	1	65536
2897097	64068	2353ff59b0031020	238057852527	0	false	1	238057852527	1	65536
2901539	64166	0370e03943201011	30241288999	0	false	2	30241289000	1	65536
2901887	64174	2a043d7d83033330	20554065505	0	false	9	20554065513	1	65536
2906678	64279	02302f7c00203020	228163374844	0	false	1	228163374844	1	65536
2906842	64283	01b4205b30023213	262242465826	0	false	6	262242465831	1	65536
2906927	64285	32352f12c1101300	282479940108	0	false	2	282479940109	1	65536
2907421	64295	23878a9eb2012020	194250189212	0	false	9	194250189220	1	65536
2907698	64301	2ccae30243332130	248941023496	0	false	4	248941023499	1	65536
2910130	64355	27dbf0a2c2333330	4486995065	0	false	12	4486995076	1	65536
2910662	64366	28c08ffc53002300	177520961425	0	false	2	177520961426	1	65536
2911037	64374	09676b86a0303210	24509567029	0	false	6	24509567034	1	65536
2911629	64387	02df17acb1121100	242817373420	0	false	3	242817373422	1	65536
2912025	64396	3264824540122330	79237039917	0	false	3	79237039919	1	65536
2912556	64408	3500c0f0f1030030	121380036479	0	false	3	121380036481	1	65536
2915015	64461	315200c981332130	292352780594	0	false	23	292352780616	1	65536
2916134	64486	03dc3e9d00303330	154536267811	0	false	1	154536267811	1	65536
2916337	64490	23dd1a90a3033031	281010739018	0	false	1	281010739018	1	65536
2916346	64491	21fa3a1c50100111	17790595647	0	false	9	17790595655	1	65536
2916412	64492	0250eee833103330	54239217254	0	false	3	54239217256	1	65536
2917421	64515	2cca3ff821303320	162024392546	0	false	1	162024392546	1	65536
2917524	64517	2f8f3423f0003130	15337989796	0	false	6	15337989801	1	65536
2917924	64526	239f53ddc3332100	45666898780	0	false	8	45666898787	1	65536
2918518	64539	00e94eb320303323	189048746484	0	false	3	189048746486	1	65536
2918581	64540	23fd7605e2211001	51353643887	0	false	1	51353643887	1	65536
2921411	64604	0d56e95492103120	72626000437	350134	true	1	72626000437	1	65536
2923506	64649	20edf15cf1102130	65700606718	0	false	1	65700606718	1	65536
2924376	64668	031fa8ecd2322303	199599172101	94538	true	4	199599172104	1	65536
2925421	64691	344882b3e1013000	197416031849	0	false	2	197416031850	1	65536
2926062	64706	2a3f3cbed0002300	156068452344	7606	true	10	156068452353	1	65536
2926344	64712	036bf4c7e0000320	249873555264	0	false	3	249873555266	1	65536
2926838	64722	0d543ff970212300	285174195119	0	false	15	285174195133	1	65536
2927188	64730	232fd3fad3100030	52568051256	0	false	2	52568051257	1	65536
2928018	64748	24d5ce3681011000	110021419881	0	false	19	110021419899	1	65536
2928037	64748	0a8e47ebd3031232	55501511669	0	false	6	55501511674	1	65536
2929719	64786	05728b61a0300300	63645145911	0	false	2	63645145912	1	65536
2930046	64793	2016d15172120101	174580226065	0	false	32	174580226096	1	65536
2930699	64807	0e78a8fec0003200	227604447408	140360	true	5	227604447412	1	65536
2931534	64826	23ac1a23b1003210	260629229761	0	false	2	260629229762	1	65536
2931571	64827	227233fdd2312221	209408234791	0	false	2	209408234792	1	65536
2931704	64830	2c0ffb6a40003330	217377414589	0	false	1	217377414589	1	65536
2931810	64832	32f5b4faf1020220	83230393577	0	false	28	83230393604	1	65536
2932669	64852	037da581b1022221	206110192146	0	false	14	206110192159	1	65536
2932968	64859	3279eacea1321130	122630591858	0	false	3	122630591860	1	65536
2933639	64874	00241e43c0010000	276039244315	0	false	8	276039244322	1	65536
2935416	64914	284cdbb5b0203210	219885136034	0	false	3	219885136036	1	65536
2936848	64945	232bd6ca61211301	276007094170	0	false	2	276007094171	1	65536
2937103	64950	231be83bc3333201	40089461683	0	false	1	40089461683	1	65536
2937571	64961	2100f5f000010330	74731881497	292852	true	1	74731881497	1	65536
2939855	65012	056f5ab1c3102322	147122819860	350134	true	1	147122819860	1	65536
2939902	65013	2bfc3bc250322010	93845182012	0	false	2	93845182013	1	65536
2942043	65060	243c0d6830332000	170061601496	0	false	12	170061601507	1	65536
2942319	65066	3524d0c0c3220130	106989934553	0	false	10	106989934562	1	65536
2942634	65073	2f0e7429a2302010	243837515110	0	false	1	243837515110	1	65536
2944586	65116	236ac31601333230	141893334231	0	false	6	141893334236	1	65536
2946311	65154	2d0cd3ffb0332330	160569056468	2136019	true	2	160569056469	1	65536
2947141	65173	078f0108e1313002	67726476837	0	false	2	67726476838	1	65536
2947893	65189	2e5f7091c2132310	196710073682	65929	true	1	196710073682	1	65536
2948310	65199	05fcfffe72303300	197788026549	0	false	2	197788026550	1	65536
2949115	65216	23cd97f132033130	158861379518	0	false	13	158861379530	1	65536
2949326	65221	0022c92000002322	285175059360	0	false	2	285175059361	1	65536
2950272	65242	37d3782b50021330	232665283592	0	false	14	232665283605	1	65536
2952674	65295	0a3d817981331320	243599776583	3	true	1	243599776583	1	65536
2952884	65299	265d01b7a1012300	276502618254	350134	true	1	276502618254	1	65536
2953174	65306	3458fed4b1312020	269529357067	0	false	1	269529357067	1	65536
2954425	65333	3be6d37eb3013330	116079027016	0	false	1	116079027016	1	65536
2954678	65339	2e93c0e123032230	47284106870	0	false	3	47284106872	1	65536
2955847	65364	340e32c083331020	89932479704	0	false	1	89932479704	1	65536
2957026	65391	3341baf103233130	171322937349	0	false	2	171322937350	1	65536
2957455	65400	26b903ab01302110	103739128481	0	false	4	103739128484	1	65536
2957740	65407	24fbf7a2f0013000	42520878442	0	false	27	42520878468	1	65536
2959011	65434	20ffcf9df0021000	257859067771	3	true	2	257859067772	1	65536
2962345	65507	2f15ddf0b1000200	142071734779	0	false	6	142071734784	1	65536
2962382	65507	28c2003082210000	107088079014	0	false	21	107088079034	1	65536
2963603	65535	2ae3bc4ea3022030	274750096125	0	false	10	274750096134	1	65536
2963730	65538	0145907f80130122	47646589926	0	false	4	47646589929	1	65536
2963939	65542	03802cfc30033333	176443199047	1730567	true	1	176443199047	1	65536
2963971	65543	2b00034bf2011300	100007165368	0	false	1	100007165368	1	65536
2964571	65556	2212457f32102231	275570788451	0	false	3	275570788453	1	65536
2965277	65572	0a4c3e0200233000	277431970818	0	false	14	277431970831	1	65536
2965505	65577	030204f3f3030222	111510106481	0	false	3	111510106483	1	65536
2965578	65579	013e5f7fc0100310	90792351081	0	false	1	90792351081	1	65536
2966435	65598	20ba8eab83303010	99503944437	0	false	2	99503944438	1	65536
2966980	65610	0189036200332330	292981777870	370650	true	2	292981777871	1	65536
2967790	65628	09240b73b1223001	238834771213	0	false	1	238834771213	1	65536
2968127	65636	031f8ff0d1321031	248228451581	0	false	16	248228451596	1	65536
2968565	65645	23b4f853b2023030	101636370363	0	false	3	101636370365	1	65536
2969070	65656	033ec8f1f2331313	116887375758	0	false	10	116887375767	1	65536
2971068	65701	010fff4723030311	15342142720	0	false	24	15342142743	1	65536
2971357	65707	0347c3cfd0330032	7911053443	0	false	1	7911053443	1	65536
2973208	65749	2356003f03003330	103185446929	0	false	1	103185446929	1	65536
2973662	65759	3371038100333130	201660338106	0	false	1	201660338106	1	65536
2974708	65782	010c914530120331	22807585523	0	false	1	22807585523	1	65536
2975278	65795	02fa722092030012	273653385868	0	false	2	273653385869	1	65536
2978771	65872	29be972f90130220	234951122482	0	false	4	234951122485	1	65536
2979871	65896	2714b07243223220	233448843661	0	false	27	233448843687	1	65536
2980086	65901	263e5e4fd3132210	109393334464	94569	true	3	109393334466	1	65536
2980143	65902	2506e745e0212201	272340075264	1	true	1	272340075264	1	65536
2983167	65969	3924ac3f41202100	295011564437	0	false	1	295011564437	1	65536
2983489	65976	2e394ba412000201	51955856854	0	false	12	51955856865	1	65536
2984758	66004	281703f3c1110330	196859586781	0	false	14	196859586794	1	65536
2984810	66005	234fd3c300300330	286515248391	336483	true	1	286515248391	1	65536
2986763	66047	03ac05f3c0002012	220211551374	0	false	9	220211551382	1	65536
2986898	66050	24d04034f0000020	79634994058	0	false	3	79634994060	1	65536
2988211	66079	3403bd28f3200010	45795466573	0	false	4	45795466576	1	65536
2988569	66087	0103fc8c23000030	291189528225	0	false	9	291189528233	1	65536
2990075	66120	0318ef9623033231	266785630908	0	false	1	266785630908	1	65536
2990260	66124	3f2232cdf3100100	261252008480	0	false	1	261252008480	1	65536
2991482	66151	03313f80c3101023	125014684018	0	false	15	125014684032	1	65536
2991915	66161	030c3375e0020323	143162597458	140364	true	2	143162597459	1	65536
2992582	66176	2e024ec383030330	26183806113	0	false	1	26183806113	1	65536
2993546	66197	3d007f3880200220	232326600870	0	false	23	232326600892	1	65536
2993650	66199	02c0a4cdf0300233	127959113511	0	false	3	127959113513	1	65536
2993655	66199	37c0800b02133320	42813828739	0	false	2	42813828740	1	65536
2993767	66202	0307f03f33230330	180962298919	0	false	6	180962298924	1	65536
2994034	66208	2fe4d507c2112220	46219258885	370647	true	4	46219258888	1	65536
2995573	66242	300d0080f3001030	20130144926	0	false	21	20130144946	1	65536
2996395	66260	313b44f522010020	259334613482	0	false	16	259334613497	1	65536
2997869	66293	3514a55b60013010	111102186460	0	false	5	111102186464	1	65536
2998708	66312	03a2b89011113113	291842635608	0	false	5	291842635612	1	65536
2998774	66313	300e9043c2122110	277105481052	292819	true	3	277105481054	1	65536
2999108	66320	217d00c3a2203321	269922951035	0	false	3	269922951037	1	65536
3000686	66354	24fa290052323110	53536143963	0	false	1	53536143963	1	65536
3001391	66370	2ac1033301033110	169194323924	0	false	1	169194323924	1	65536
3003422	66415	2bd45c3530331130	160586817186	0	false	6	160586817191	1	65536
3003600	66419	20c140e4d0331211	43254590696	118715	true	1	43254590696	1	65536
3003894	66426	2bdaca73f2322000	262583183572	0	false	27	262583183598	1	65536
3004656	66443	02c1ec3970210030	248541783814	0	false	1	248541783814	1	65536
3005483	66462	05170fbf81100000	127180797028	0	false	8	127180797035	1	65536
3005827	66470	20eff4f431113231	251027914382	0	false	4	251027914385	1	65536
3006407	66482	004820ffc1003221	83673882597	0	false	9	83673882605	1	65536
3007003	66495	345e396d82233210	126088763871	0	false	1	126088763871	1	65536
3007052	66496	03a323a0c3300130	80168843579	118715	true	1	80168843579	1	65536
3007254	66501	034f84ce93233010	134035457704	0	false	2	134035457705	1	65536
3007307	66502	000d7bc0e2320003	96279403141	0	false	1	96279403141	1	65536
3008256	66523	2b0638e221313110	135161258483	0	false	16	135161258498	1	65536
3008268	66524	2012003c30302331	38818497230	0	false	1	38818497230	1	65536
3009339	66548	38e7a94120300110	237864294751	140360	true	1	237864294751	1	65536
3009489	66551	233e0a2870312030	128313070004	1977966	true	1	128313070004	1	65536
3010567	66575	37cf0ce1c0033000	103385041994	0	false	5	103385041998	1	65536
3012782	66625	33c0db01c2333220	59110550098	0	false	2	59110550099	1	65536
3013416	66639	30dd7fcba0233000	203053354478	0	false	3	203053354480	1	65536
3013417	66639	375ff2e831030330	125890096014	0	false	3	125890096016	1	65536
3017443	66727	21b4679a30312001	293612823165	350134	true	1	293612823165	1	65536
3019200	66765	2cfd074210223210	179359037110	0	false	2	179359037111	1	65536
3019380	66769	033ff7caf0232101	189344871846	0	false	4	189344871849	1	65536
3021065	66807	233a07f5f3310301	9298082907	0	false	4	9298082910	1	65536
3021220	66811	27ff653522130100	229688326312	0	false	2	229688326313	1	65536
3021242	66811	31a8929a71213010	127306827280	0	false	3	127306827282	1	65536
3023180	66854	01afffcf83303320	112091035684	0	false	2	112091035685	1	65536
3023217	66855	02008cfc82003332	208032363001	1558	true	5	208032363005	1	65536
3023638	66864	08db4921b1201012	63704339482	350134	true	1	63704339482	1	65536
3024021	66872	05df5cbd60220013	99369536940	0	false	1	99369536940	1	65536
3024991	66894	220d2d8d32100020	167837433859	0	false	16	167837433874	1	65536
3025704	66910	25fc80ffe0021010	78253267217	0	false	3	78253267219	1	65536
3025864	66913	033e0cfca0022000	179223821141	0	false	4	179223821144	1	65536
3026143	66919	37ccc40523013010	179576553031	0	false	24	179576553054	1	65536
3026399	66925	03d3403ad2233012	123549439699	0	false	4	123549439702	1	65536
3027005	66938	2bc80003c1110200	122806177865	0	false	3	122806177867	1	65536
3027232	66943	01de43c4d2310323	33024977307	0	false	8	33024977314	1	65536
3028359	66968	2fceb7fdc0020020	195882398228	9456	true	1	195882398228	1	65536
3028386	66969	2220c7b021203320	28141102012	0	false	1	28141102012	1	65536
3028644	66975	2787707c80300300	279445795584	0	false	6	279445795589	1	65536
3029056	66983	023f3cdd53300200	49102111471	0	false	2	49102111472	1	65536
3030808	67021	07d0d61953322012	50607666462	350134	true	1	50607666462	1	65536
3030968	67025	012b537e90123210	59604123016	0	false	6	59604123021	1	65536
3031982	67047	2143cc50d0110121	23160231332	0	false	4	23160231335	1	65536
3032360	67055	333f24d0b1010030	144657185657	0	false	2	144657185658	1	65536
3032614	67061	2b88f4e000330300	194298070436	0	false	5	194298070440	1	65536
3034375	67100	25e0a0e9e0323321	62788223382	0	false	1	62788223382	1	65536
3034664	67107	01d0cc8d22310332	179284186151	0	false	1	179284186151	1	65536
3037187	67162	023f0b3f72001230	132867458454	0	false	5	132867458458	1	65536
3037317	67165	208e5341b2330031	258629009386	0	false	5	258629009390	1	65536
3038460	67190	34ccd7d341300100	160027776192	116494	true	1	160027776192	1	65536
3038611	67194	03ff730630100321	136481871304	0	false	1	136481871304	1	65536
3039371	67210	245fc788f1203001	24604455712	0	false	3	24604455714	1	65536
3039680	67217	0552b9ffa0331123	137362434368	0	false	7	137362434374	1	65536
3039931	67223	23b3751080030031	181336234371	0	false	5	181336234375	1	65536
3044410	67322	26778c0030000330	86110822491	0	false	7	86110822497	1	65536
3044991	67335	38003245f0122320	140469756825	0	false	30	140469756854	1	65536
3045805	67353	2cfeaded51020330	79346572200	0	false	2	79346572201	1	65536
3046540	67370	3cd2ff05b3030010	93188150174	0	false	3	93188150176	1	65536
3047006	67380	233ebfb381031330	260994258224	0	false	9	260994258232	1	65536
3047575	67392	0476990082210333	233463002195	0	false	1	233463002195	1	65536
3047891	67399	2077e4a5f3122201	222681119071	0	false	4	222681119074	1	65536
3047907	67400	27a0244641332310	95924792562	0	false	1	95924792562	1	65536
3048412	67411	29ef234521120020	118877781	0	false	5	118877785	1	65536
3048713	67418	38331fff00032300	27243688459	0	false	2	27243688460	1	65536
3049285	67431	31eb873b40320120	152914070289	0	false	1	152914070289	1	65536
3051506	67479	298bb56de3111101	24677607630	0	false	1	24677607630	1	65536
3054556	67547	3fd00227c2230200	11686533396	0	false	3	11686533398	1	65536
3055668	67572	31001d34f0302330	229408296764	0	false	23	229408296786	1	65536
3057851	67620	02fcd0f1f3010330	275683970038	0	false	11	275683970048	1	65536
3058163	67627	35a125f5a1200110	131291003723	350134	true	1	131291003723	1	65536
3059002	67646	308300f3c0000000	16112241731	112590	true	1	16112241731	1	65536
3059810	67664	0033df0e00232001	55340975823	0	false	1	55340975823	1	65536
3059862	67665	0101feed40223201	233288879595	140360	true	1	233288879595	1	65536
3060331	67676	20f73f94f3310011	265668760771	116494	true	1	265668760771	1	65536
3060819	67687	03e0cd37f2333010	294818711503	118715	true	1	294818711503	1	65536
3061522	67702	3332880402010300	134093460491	154409	true	1	134093460491	1	65536
3061661	67705	2ed954e232033000	15586247901	0	false	1	15586247901	1	65536
3062435	67722	05edf0c133323333	111469242708	0	false	1	111469242708	1	65536
3062586	67725	2ef02230c0320230	157771285022	0	false	4	157771285025	1	65536
3063706	67750	01fafa9e52303300	107256323688	0	false	1	107256323688	1	65536
3064064	67758	24408cb123220200	253531186360	140360	true	2	253531186361	1	65536
3064581	67769	26a0e3e242123300	143448467796	0	false	3	143448467798	1	65536
3065573	67791	2245df93f0001100	274836985664	0	false	5	274836985668	1	65536
3065811	67796	270b403f32303330	129686148575	0	false	1	129686148575	1	65536
3066549	67813	3443114c03223100	162165225304	0	false	2	162165225305	1	65536
3066583	67814	2f700ebc03300100	197102891055	0	false	8	197102891062	1	65536
3067292	67829	0037b80080102002	188622106061	0	false	3	188622106063	1	65536
3067613	67836	220d9eb912202200	157696722613	0	false	1	157696722613	1	65536
3067746	67839	313fc08243303200	161412963765	0	false	1	161412963765	1	65536
3067830	67841	2f0d2cd1b0300100	123912481944	0	false	1	123912481944	1	65536
3068063	67847	01cb9b4a00223030	236346446474	0	false	10	236346446483	1	65536
3068099	67847	2e2de4dc41103000	1506480603	0	false	1	1506480603	1	65536
3068485	67856	0144239103022103	289515525661	0	false	1	289515525661	1	65536
3069046	67868	01a3ebabd0020031	230257646777	350134	true	1	230257646777	1	65536
3070314	67896	37f380fff0333310	211982254332	0	false	4	211982254335	1	65536
3070821	67907	05d7964931330220	180373730674	0	false	1	180373730674	1	65536
3073111	67958	345308d403112310	178184471630	0	false	6	178184471635	1	65536
3073647	67970	0653a5be52320312	257122898424	0	false	8	257122898431	1	65536
3076284	68028	000ecebb00303122	98761932863	0	false	2	98761932864	1	65536
3076797	68039	239e32c920320320	186211827858	0	false	1	186211827858	1	65536
3077788	68062	33fccf0d31303100	274244365975	0	false	1	274244365975	1	65536
3079134	68091	078e4ab8e3122322	109385843171	0	false	7	109385843177	1	65536
3080844	68129	31dfc4f3f0031030	81091368808	0	false	1	81091368808	1	65536
3083976	68197	26bd21bde0102210	235849939121	350134	true	1	235849939121	1	65536
3087220	68270	3ef140ce81032100	36661010899	292852	true	1	36661010899	1	65536
3087870	68284	2b306bd423133030	216421174905	0	false	9	216421174913	1	65536
3088285	68293	02d7930880233133	43704459634	0	false	4	43704459637	1	65536
3088646	68301	0300f91f52331320	217106753240	0	false	3	217106753242	1	65536
3089336	68317	33abd530f3122300	68288518923	0	false	13	68288518935	1	65536
3089384	68318	32ee0060d0130100	188376718361	0	false	1	188376718361	1	65536
3094670	68437	019e6cede1021120	219041996376	0	false	7	219041996382	1	65536
3095168	68448	33f0aff7f3332030	190121704906	0	false	7	190121704912	1	65536
3097082	68491	042e49c7b2110310	148849782527	370532	true	4	148849782530	1	65536
3099218	68538	2353d1f871111311	183991488612	0	false	2	183991488613	1	65536
3099601	68547	30045c04e3133220	254304601489	0	false	36	254304601524	1	65536
3099738	68550	2380ed2100000001	107966143337	2108150	true	1	107966143337	1	65536
3100280	68561	0082687f22230232	119204270336	0	false	17	119204270352	1	65536
3101183	68581	2cc3affb90320110	166132424175	0	false	10	166132424184	1	65536
3101537	68589	02fd4b0f32112302	285316051547	0	false	9	285316051555	1	65536
3101712	68593	2fd8286363120130	54562141532	0	false	14	54562141545	1	65536
3103773	68638	2d7e55d0c1303300	92647159956	0	false	14	92647159969	1	65536
3103965	68643	05c31420b3203202	46564785170	0	false	1	46564785170	1	65536
3105882	68686	251239c4e0321000	14419503027	0	false	2	14419503028	1	65536
3106704	68704	21e4d04c00033131	272200465479	0	false	1	272200465479	1	65536
3107378	68719	2fb019e152330000	180960595537	0	false	1	180960595537	1	65536
3107381	68719	2ad26fc410133010	140530272554	0	false	2	140530272555	1	65536
3108004	68732	390c7763e3210300	273223837703	0	false	3	273223837705	1	65536
3108552	68744	01de157053030120	88206138055	0	false	1	88206138055	1	65536
3110029	68777	2b14175070332310	88520568568	0	false	5	88520568572	1	65536
3110352	68784	03fcdc88f0303200	157241581030	0	false	5	157241581034	1	65536
3111031	68799	3c7c00ffd0000020	121635764817	0	false	1	121635764817	1	65536
3111472	68809	270e0d7fb0031210	150555005752	0	false	15	150555005766	1	65536
3115194	68892	003fc0d080222000	229015019535	0	false	44	229015019578	1	65536
3115453	68897	013d006072330113	35331648055	0	false	1	35331648055	1	65536
3116335	68916	2062c65091022011	176480576623	0	false	1	176480576623	1	65536
3117919	68952	275ebde433033010	171902655088	38	true	2	171902655089	1	65536
3118337	68962	230f4d1fa2313010	154346318912	0	false	1	154346318912	1	65536
3118908	68974	07db1009e0030000	243028245025	0	false	25	243028245049	1	65536
3120087	68999	3c0e0a0f00320000	70595841495	0	false	2	70595841496	1	65536
3120381	69006	33e27ecd03330100	270960109925	0	false	1	270960109925	1	65536
3121836	69038	200007e153332300	121000404189	0	false	21	121000404209	1	65536
3122095	69044	013391edc2020322	170513669732	0	false	7	170513669738	1	65536
3124331	69094	33fb0471e3023320	91871077016	0	false	3	91871077018	1	65536
3125292	69115	0a5ed73a71333231	2245745384	2097210	true	14	2245745397	1	65536
3125756	69125	21f17fff00303330	93446548254	0	false	3	93446548256	1	65536
3127865	69172	03f6073992121120	121706921945	0	false	2	121706921946	1	65536
3129947	69218	02d7d7d720013030	133798763487	0	false	10	133798763496	1	65536
3131673	69256	0317953cc2033330	52949614815	0	false	3	52949614817	1	65536
3131910	69261	02c8f33e73231032	218907319146	0	false	8	218907319153	1	65536
3132723	69279	002b1b1003300000	107889761359	0	false	8	107889761366	1	65536
3133881	69304	033fd036f3000330	63138661709	0	false	13	63138661721	1	65536
3133934	69306	2468ed34f3232100	207264355697	0	false	22	207264355718	1	65536
3134102	69309	3318e08bc2231220	252886123452	0	false	6	252886123457	1	65536
3134800	69325	30ce4defe0331300	90788105892	140360	true	4	90788105895	1	65536
3136770	69369	23d7d28352013130	94163816680	0	false	10	94163816689	1	65536
3137415	69384	004b005061122110	114318077410	0	false	2	114318077411	1	65536
3137949	69396	241af6ceb1331210	210996456626	0	false	1	210996456626	1	65536
3138293	69404	2cf04f5413200311	280641253774	0	false	30	280641253803	1	65536
3138888	69417	24baef95f2312030	205949642554	0	false	8	205949642561	1	65536
3140805	69459	039cd0d0f3300032	207777830768	140360	true	2	207777830769	1	65536
3141241	69469	05a6509141111332	174990268521	0	false	1	174990268521	1	65536
3141894	69483	2352ca8f60033010	227838033378	0	false	1	227838033378	1	65536
3145287	69559	2ffe2d2b33232300	224356486201	0	false	1	224356486201	1	65536
3148218	69624	2cf934fe10010000	179928691285	0	false	1	179928691285	1	65536
3148342	69627	27925b0003000100	123510159012	0	false	1	123510159012	1	65536
3149259	69647	030ff9e730303210	190493431686	1606205	true	1	190493431686	1	65536
3152968	69728	385fe58fa1310210	63068513375	0	false	3	63068513377	1	65536
3153178	69733	33bd31e5f1303200	128871235058	0	false	6	128871235063	1	65536
3154036	69752	228f6c00d1011201	160740351763	0	false	1	160740351763	1	65536
3155676	69788	343803c083030000	286645931829	0	false	3	286645931831	1	65536
3156395	69805	2a7a777842301010	4803460200	0	false	8	4803460207	1	65536
3156404	69805	020e1894d3232301	18501987988	0	false	1	18501987988	1	65536
3156663	69811	2638d05a53023130	178097809343	0	false	6	178097809348	1	65536
3156943	69817	2daf0d7af3223000	112745114123	620775	true	13	112745114135	1	65536
3157615	69832	2d390553a0100200	165526453833	0	false	4	165526453836	1	65536
3157686	69833	022e73f551100120	259047696236	0	false	5	259047696240	1	65536
3158179	69844	2300bffef3310300	6595523200	0	false	9	6595523208	1	65536
3158509	69851	03c23bd363213020	229677715394	0	false	5	229677715398	1	65536
3158893	69860	031d40ef90321300	5757571539	0	false	12	5757571550	1	65536
3159149	69866	218c86d242120231	31258936003	0	false	3	31258936005	1	65536
3160276	69891	0283fea0f3022320	132336150767	0	false	3	132336150769	1	65536
3160765	69901	071f810a73102032	255284342625	169652	true	2	255284342626	1	65536
3163465	69961	03d4164be0210120	174162451409	0	false	4	174162451412	1	65536
3163794	69968	3163501ee1333300	247718792546	0	false	5	247718792550	1	65536
3169149	70086	2ade2b6983201100	148044051563	350134	true	1	148044051563	1	65536
3170096	70106	0383103e50032101	118509654977	0	false	1	118509654977	1	65536
3170131	70107	2479117dd0211230	67375325881	350134	true	1	67375325881	1	65536
3170311	70111	35efd0a230200330	202942847528	0	false	4	202942847531	1	65536
3171359	70134	2bf881cf20130300	117379925160	0	false	6	117379925165	1	65536
3171797	70144	031238ebd3131011	259218606986	0	false	3	259218606988	1	65536
3172413	70158	0292608322002203	50619291656	0	false	3	50619291658	1	65536
3173001	70171	334cb702c1301330	293838093491	0	false	5	293838093495	1	65536
3173375	70179	091827d001010020	285903497341	0	false	3	285903497343	1	65536
3176218	70242	0022a806f0103133	60096953093	0	false	1	60096953093	1	65536
3176323	70245	294c8dfb41033020	97167272736	0	false	1	97167272736	1	65536
3176452	70248	0372807343111123	112361887350	0	false	25	112361887374	1	65536
3176665	70252	2820b92202223300	271970946940	63028	true	4	271970946943	1	65536
3177221	70265	24f3092411332310	27911430670	0	false	4	27911430673	1	65536
3177301	70267	013943ebb3012303	44270329632	0	false	6	44270329637	1	65536
3177532	70272	33c0af1080030330	256370957497	0	false	1	256370957497	1	65536
3177966	70281	054504d031020031	163496909850	0	false	1	163496909850	1	65536
3178061	70283	2b97458aa2221010	192507191107	0	false	1	192507191107	1	65536
3178591	70295	20149000c3000030	45603165380	3	true	1	45603165380	1	65536
3179494	70315	02b9e80952123301	204274107289	350134	true	1	204274107289	1	65536
3179705	70320	010080e010103323	180745489086	0	false	1	180745489086	1	65536
3179895	70324	0955d327b0002110	184130412412	0	false	1	184130412412	1	65536
3180565	70339	37d3470c03002000	124814623083	0	false	4	124814623086	1	65536
3182644	70386	0e3bba9d80131211	121553499983	0	false	1	121553499983	1	65536
3183755	70410	380b3318d3012300	192328225565	0	false	2	192328225566	1	65536
3184856	70435	273ccb2f41330330	86523612488	0	false	4	86523612491	1	65536
3186044	70461	0030033413301330	232337642088	0	false	5	232337642092	1	65536
3186838	70478	28b2222132010030	198223957167	0	false	1	198223957167	1	65536
3188312	70511	36d0430b03213310	157503060835	0	false	4	157503060838	1	65536
3191943	70591	2a1497ffa3323221	187001426284	0	false	7	187001426290	1	65536
3192564	70604	0002309343321200	169858603972	0	false	9	169858603980	1	65536
3195833	70676	0300002fc3003031	259507539486	0	false	3	259507539488	1	65536
3196683	70695	3228279283302300	248466819842	0	false	20	248466819861	1	65536
3196785	70697	2d0f3bfa30200300	134782124985	0	false	1	134782124985	1	65536
3197017	70702	20fde3feb1300301	3985157546	0	false	2	3985157547	1	65536
3199860	70765	3283f3cdf1303030	291291826348	0	false	7	291291826354	1	65536
3203190	70838	39352210d1023230	112364564054	0	false	13	112364564066	1	65536
3204464	70866	2b3f1ea443033320	156840745878	0	false	4	156840745881	1	65536
3205137	70880	01363e3d73301213	245297453377	0	false	1	245297453377	1	65536
3206888	70919	038073a403302322	173698706676	0	false	2	173698706677	1	65536
3207663	70936	030274ef12030310	103966605295	0	false	4	103966605298	1	65536
3208248	70949	002f3b2780001330	283494434448	0	false	18	283494434465	1	65536
3208444	70953	28fcf12192210100	212779505613	0	false	5	212779505617	1	65536
3209121	70969	37c3237ae3130320	228860017145	0	false	5	228860017149	1	65536
3209443	70976	2298c959e0120230	82908521079	0	false	4	82908521082	1	65536
3210802	71006	2a648e3403202231	88854227039	0	false	9	88854227047	1	65536
3211614	71023	3490fe9df0121230	22046430873	0	false	5	22046430877	1	65536
3211951	71031	000a4d4f83300300	60047523072	0	false	1	60047523072	1	65536
3213706	71069	344f829812021320	55554871407	169652	true	1	55554871407	1	65536
3213954	71074	2428efceb3123331	2708911326	0	false	1	2708911326	1	65536
3215217	71102	02f967f4d3331312	46487028617	0	false	1	46487028617	1	65536
3217315	71148	26000504f1103330	269164562280	0	false	4	269164562283	1	65536
3217510	71153	28402bc333301300	276011326856	0	false	7	276011326862	1	65536
3218460	71174	2fa93b7d12130230	77061430245	0	false	18	77061430262	1	65536
3219746	71202	2cc1450b50322030	167152767231	0	false	14	167152767244	1	65536
3220262	71213	03ac7f0483332332	96886513272	0	false	17	96886513288	1	65536
3220394	71216	3f3f93f7f3010200	80845739731	3	true	1	80845739731	1	65536
3220421	71217	03023f0c31011131	216337569463	0	false	4	216337569466	1	65536
3221244	71235	26c2729433132231	101869920768	0	false	1	101869920768	1	65536
3221397	71239	2005e37e11013131	23541559562	0	false	1	23541559562	1	65536
3223434	71283	30eacf3af3210130	198127417035	0	false	3	198127417037	1	65536
3225158	71321	2804002112101000	213229172279	1978044	true	2	213229172280	1	65536
3225520	71329	27fe33e0a3020000	156523188909	0	false	1	156523188909	1	65536
3228332	71391	38ce8c78d1123110	23771202043	0	false	7	23771202049	1	65536
3228387	71392	28e8ff74d0033330	33104861518	0	false	8	33104861525	1	65536
3228721	71399	2897022760011010	15029069196	0	false	1	15029069196	1	65536
3229382	71414	012010f343000312	100643290274	0	false	5	100643290278	1	65536
3230677	71442	23023833f2030000	285085380855	0	false	1	285085380855	1	65536
3234455	71526	02d2f8ffc2331000	158761585177	0	false	16	158761585192	1	65536
3236707	71576	3d1e049ca0333310	48527239191	0	false	2	48527239192	1	65536
3236772	71577	205d84f552111321	23961071065	0	false	2	23961071066	1	65536
3236934	71580	3074091e52102210	153341698709	0	false	4	153341698712	1	65536
3237562	71594	099e3a1552120120	192269205113	0	false	14	192269205126	1	65536
3237624	71596	24a365a493121010	106336634086	0	false	2	106336634087	1	65536
3238859	71623	285d05b951020120	285021209381	0	false	2	285021209382	1	65536
3239987	71648	2a27e399e3222020	228801108295	350134	true	1	228801108295	1	65536
3240546	71660	0134e2fdf0130030	283337549440	0	false	8	283337549447	1	65536
3240686	71663	021b609a73121302	284373324629	0	false	1	284373324629	1	65536
3240981	71670	00fd7e6d30201221	72717471240	0	false	1	72717471240	1	65536
3241177	71674	30fff0f332130330	174468873920	0	false	2	174468873921	1	65536
3243199	71719	2343d82ec3233321	108535747805	0	false	7	108535747811	1	65536
3244345	71744	02f4fb4233133221	43211780199	0	false	1	43211780199	1	65536
3244850	71755	30a40083c3200030	284040263132	0	false	10	284040263141	1	65536
3244980	71758	033f175171211030	12583972105	0	false	3	12583972107	1	65536
3244981	71758	227f3c8851232230	17276190676	0	false	8	17276190683	1	65536
3246302	71786	04ecef1fc2231331	47017506751	0	false	8	47017506758	1	65536
3246653	71794	384803ee80201200	216835676708	0	false	25	216835676732	1	65536
3248560	71836	2611ab26d2122100	160871769412	0	false	4	160871769415	1	65536
3249083	71848	26afeaefd3131000	114284335201	0	false	1	114284335201	1	65536
3249799	71863	064aec3f13201200	258102850516	0	false	1	258102850516	1	65536
3250193	71872	03e65066d2030012	287845102505	0	false	1	287845102505	1	65536
3250373	71876	322ea38e03032020	253564651669	0	false	2	253564651670	1	65536
3250404	71877	23a5385922332321	189352849373	0	false	16	189352849388	1	65536
3250960	71890	022446de03121110	169619983795	1	true	2	169619983796	1	65536
3252835	71932	300fe0e973113100	277412712069	0	false	53	277412712121	1	65536
3253373	71944	0005253cc2033330	222120737320	0	false	3	222120737322	1	65536
3256117	72006	0549a74172132031	242886079581	0	false	4	242886079584	1	65536
3257402	72034	0137f38f13320120	187413762940	140360	true	1	187413762940	1	65536
3258074	72050	2ffed8efc2010330	268280686308	0	false	1	268280686308	1	65536
3258558	72060	2ff0ba4003320200	289857537738	1232164	true	6	289857537743	1	65536
3259380	72078	2680590ba3201100	236599348684	0	false	1	236599348684	1	65536
3260544	72103	30d405c710010300	6390952243	0	false	3	6390952245	1	65536
3261160	72117	01e8a3a923033033	6219598208	0	false	1	6219598208	1	65536
3262748	72152	238390f523320200	110422018889	0	false	1	110422018889	1	65536
3264367	72188	3343ef7760031300	225515979387	0	false	8	225515979394	1	65536
3265258	72208	23f9c1fe01331101	45295698696	140360	true	2	45295698697	1	65536
3267226	72252	037c8e4141220020	237021243220	0	false	1	237021243220	1	65536
3267577	72260	2f50a78930323210	51861372215	0	false	6	51861372220	1	65536
3268352	72277	233ffdc632312310	113924269007	0	false	1	113924269007	1	65536
3268654	72283	34b482a622002000	43651122347	0	false	2	43651122348	1	65536
3269021	72291	34c83b3401030230	249818614546	2136587	true	1	249818614546	1	65536
3269205	72296	0adf820171131010	155709620478	0	false	2	155709620479	1	65536
3270542	72325	345fbdbd32313010	162186311030	0	false	2	162186311031	1	65536
3271250	72341	00e48ef9f3303220	2672406549	0	false	1	2672406549	1	65536
3273095	72382	03ffa22200030130	159863565811	0	false	1	159863565811	1	65536
3274604	72415	3002c3b313003330	152473851005	0	false	4	152473851008	1	65536
3276593	72458	0ddfb20ae1000020	30239827991	0	false	1	30239827991	1	65536
3277277	72474	220815d600201000	259629591390	0	false	1	259629591390	1	65536
3277842	72487	224fed3e30132200	45389841481	0	false	1	45389841481	1	65536
3278053	72491	272c61edd1002310	104200892335	118715	true	1	104200892335	1	65536
3278348	72497	37e4d3cfc0330020	136329577233	0	false	2	136329577234	1	65536
3279005	72512	22c8cc3c03233221	134368698717	118715	true	1	134368698717	1	65536
3280639	72549	21c82e4ab3222001	10848849525	0	false	9	10848849533	1	65536
3280856	72554	2025e33011003000	74473839402	0	false	6	74473839407	1	65536
3281989	72579	0038240e40232101	296751989717	0	false	1	296751989717	1	65536
3282200	72584	3510cf0fb1333200	78825787310	0	false	2	78825787311	1	65536
3283256	72606	274bacd3a3100320	231289177091	0	false	6	231289177096	1	65536
3285538	72656	279903c872230130	273787404264	0	false	1	273787404264	1	65536
3285626	72658	032b7fc0a0330232	136218454211	0	false	10	136218454220	1	65536
3286397	72675	2dc5dfe2a3302330	74674316900	0	false	2	74674316901	1	65536
3286476	72677	239e349361203301	170899627548	350134	true	1	170899627548	1	65536
3288723	72726	27b2202490301000	246406945952	0	false	11	246406945962	1	65536
3288878	72729	36340b7fa0012000	65211588563	0	false	1	65211588563	1	65536
3289249	72738	02082120c3011020	276191077504	0	false	57	276191077560	1	65536
3289863	72751	2816c4e063200331	208072566358	0	false	10	208072566367	1	65536
3290424	72764	232391d320202001	248364998871	0	false	13	248364998883	1	65536
3290502	72765	0d77d7abf1003030	173007054127	0	false	2	173007054128	1	65536
3290837	72773	32f1e1def1332000	205538594459	0	false	8	205538594466	1	65536
3291615	72790	02b1b217f3001323	99051026884	0	false	2	99051026885	1	65536
3293724	72837	20fb4001d0003010	249503234063	0	false	8	249503234070	1	65536
3295944	72887	007f100151303330	93592631543	0	false	10	93592631552	1	65536
3300977	72998	2000f53ff0132010	23064066852	0	false	2	23064066853	1	65536
3301277	73004	030f7e2ff0003110	211047308499	0	false	1	211047308499	1	65536
3301603	73012	2cd483dfa1030000	156169458764	0	false	1	156169458764	1	65536
3301670	73013	05e4f74761023110	234346221482	0	false	9	234346221490	1	65536
3302072	73022	00b3129683003020	100316058114	0	false	2	100316058115	1	65536
3303830	73061	23fe4a34a3003020	9451486362	0	false	18	9451486379	1	65536
3304777	73082	034e3002f2000011	233657130813	0	false	12	233657130824	1	65536
3305456	73097	01effd0cd3123023	207218676462	0	false	25	207218676486	1	65536
3306775	73126	23050f1271201101	295592818006	0	false	19	295592818024	1	65536
3306831	73127	2ce0fc0282333100	57433860088	0	false	1	57433860088	1	65536
3307325	73138	33fa30fb30003330	1483149333	0	false	15	1483149347	1	65536
3307699	73146	0951172ef0310230	171120464349	0	false	1	171120464349	1	65536
3309296	73181	2097ef2f80030010	290758002345	63687	true	7	290758002351	1	65536
3310170	73200	2f4c83c832332000	251830988504	0	false	5	251830988508	1	65536
3310979	73218	27ddff5f71202211	159892751953	0	false	34	159892751986	1	65536
3312616	73254	21322c0ff0333221	279838952024	0	false	2	279838952025	1	65536
3313340	73269	371bd3c673031000	290298217892	0	false	1	290298217892	1	65536
3315559	73318	014f7d09a3021222	25467737840	0	false	3	25467737842	1	65536
3316724	73344	2f4e3d1400103300	201360194501	0	false	1	201360194501	1	65536
3317214	73355	27d9fe94f1232230	10061572336	0	false	7	10061572342	1	65536
3317513	73362	2fff870f41311200	130740147954	0	false	2	130740147955	1	65536
3318037	73373	24536a5463201220	75298916525	1	true	1	75298916525	1	65536
3319877	73413	3167cccac2122310	96830690083	0	false	5	96830690087	1	65536
3320513	73427	036be2ff73100013	108418895839	0	false	1	108418895839	1	65536
3321201	73443	35008c6903023010	103755972520	0	false	1	103755972520	1	65536
3321577	73451	065656f210333212	88608731586	0	false	1	88608731586	1	65536
3325736	73543	214e77e373333100	121529833844	0	false	4	121529833847	1	65536
3325837	73545	26133397b0010201	91908617406	0	false	1	91908617406	1	65536
3327557	73583	037df8d3f3033311	151362956042	0	false	1	151362956042	1	65536
3327859	73590	36f5287fc0103030	139852085510	0	false	1	139852085510	1	65536
3328777	73611	0074000303003103	31490550601	0	false	1	31490550601	1	65536
3330713	73654	01dcef8cb1300112	156978199628	0	false	1	156978199628	1	65536
3332151	73685	203fd43c00333201	109691529338	0	false	4	109691529341	1	65536
3332494	73693	03d057e8f1013330	10609591034	0	false	1	10609591034	1	65536
3335752	73765	006632cf80230003	294259590528	0	false	6	294259590533	1	65536
3336260	73777	3ed30789d0110300	209181664892	0	false	4	209181664895	1	65536
3336306	73778	2377a49071003100	229443185254	0	false	1	229443185254	1	65536
3336428	73780	33d37fcee3022120	287471161747	0	false	16	287471161762	1	65536
3337189	73797	0314acfbc1133320	295947088594	0	false	10	295947088603	1	65536
3337955	73814	20fa93fec0002220	142579375029	0	false	1	142579375029	1	65536
3338429	73826	2b3fb7fb32312030	100247548031	0	false	1	100247548031	1	65536
3339034	73839	302abff000300020	189697347369	0	false	1	189697347369	1	65536
3339381	73847	2fb0830390110230	12304187433	0	false	4	12304187436	1	65536
3339469	73848	330b33c033333000	34488924104	0	false	1	34488924104	1	65536
3341352	73890	2ddcdfb3c0103230	29487075406	0	false	25	29487075430	1	65536
3341486	73893	2052293c32000310	21427714283	0	false	10	21427714292	1	65536
3341496	73893	2303dbffd0033331	286670270558	0	false	1	286670270558	1	65536
3345762	73987	2cf4b0e9e0303320	33153065273	0	false	3	33153065275	1	65536
3345806	73988	20403a1c02113000	187199019105	0	false	11	187199019115	1	65536
3348564	74049	2f14fb4d33322110	171628415092	0	false	5	171628415096	1	65536
3348655	74051	24f235c812220300	200445809737	0	false	2	200445809738	1	65536
3349644	74074	22c523d833033100	180837241526	0	false	11	180837241536	1	65536
3350203	74086	030f1fd832000030	139728760473	0	false	1	139728760473	1	65536
3352819	74143	3d0e00e400020000	221366628996	0	false	8	221366629003	1	65536
3352889	74145	2b52b12f02333300	126669111653	0	false	6	126669111658	1	65536
3353047	74148	2493c631e0110111	44370167493	0	false	1	44370167493	1	65536
3355070	74192	2f30aa80f3330030	251077511178	0	false	1	251077511178	1	65536
3356501	74224	319600c0d0022020	41185365051	0	false	1	41185365051	1	65536
3357190	74239	38007c23c0020100	143218802804	0	false	10	143218802813	1	65536
3357409	74244	002f3023d3100000	19070445205	0	false	1	19070445205	1	65536
3359570	74291	03c83fa342032033	90778689254	0	false	4	90778689257	1	65536
3359583	74291	308a333393300300	18347319341	0	false	1	18347319341	1	65536
3359662	74293	20833b0e33201010	114861471071	0	false	3	114861471073	1	65536
3360825	74319	29fd4082e1031101	73365515643	0	false	1	73365515643	1	65536
3362162	74348	03f3a60df1103000	288819198476	0	false	26	288819198501	1	65536
3363717	74382	03c46cf8c3300132	279571434869	0	false	2	279571434870	1	65536
3363911	74387	31c523a7f2302000	17010876200	0	false	2	17010876201	1	65536
3364259	74395	0333c40ff1231232	142023046961	0	false	2	142023046962	1	65536
3364565	74401	3a8d13be20330120	255691284643	0	false	1	255691284643	1	65536
3364890	74409	3b353137f3312010	206601468328	0	false	5	206601468332	1	65536
3365632	74425	2775061d02300130	232332588127	0	false	1	232332588127	1	65536
3366112	74435	034d238e33100300	144041316976	0	false	16	144041316991	1	65536
3366671	74447	273c0b4433213321	85278343324	0	false	10	85278343333	1	65536
3366706	74448	30240acb90133310	40665655751	0	false	4	40665655754	1	65536
3369049	74499	05170e8df3012000	160974721856	0	false	2	160974721857	1	65536
3370554	74532	328133b303231330	23969301361	0	false	10	23969301370	1	65536
3371796	74559	03b6f94d03210323	46104768793	0	false	5	46104768797	1	65536
3372588	74576	002de000f1230300	3758041427	0	false	4	3758041430	1	65536
3374079	74609	299a68e7a2221120	226730018550	0	false	8	226730018557	1	65536
3374167	74611	03387a4001130300	174849772249	0	false	2	174849772250	1	65536
3374921	74628	1701f36b62220110	29733816311	0	false	6	29733816316	1	65536
3374954	74628	399f899bd1131120	3569436569	0	false	3	3569436571	1	65536
3376248	74657	0233d39f80103000	150449337137	0	false	1	150449337137	1	65536
3376792	74669	220d8cf4d0100300	254902434868	0	false	2	254902434869	1	65536
3377572	74685	07fc54cd30030120	253843240064	0	false	2	253843240065	1	65536
3378877	74714	07ff68bfd0033202	204979112438	0	false	1	204979112438	1	65536
3379555	74729	03a0df00f0312332	19622330216	0	false	26	19622330241	1	65536
3379919	74737	2f48fcbc00033200	14995868703	0	false	1	14995868703	1	65536
3380481	74750	0300e80c03031100	195541328869	0	false	3	195541328871	1	65536
3381372	74769	2ebdf9d7a1202020	185312677495	0	false	8	185312677502	1	65536
3381457	74771	35d4cdc033331030	248370170434	0	false	11	248370170444	1	65536
3381983	74782	20e0b43903320220	129873656297	0	false	6	129873656302	1	65536
3382642	74797	200e00cc30031020	240891567613	0	false	3	240891567615	1	65536
3383839	74823	2030341003110330	43082910626	140364	true	2	43082910627	1	65536
3384197	74831	357c353f20233300	134386978160	0	false	1	134386978160	1	65536
3384676	74842	0308f27dd0323123	268760523654	0	false	26	268760523679	1	65536
3384859	74846	26f7e42c01101301	225468977559	0	false	1	225468977559	1	65536
3385211	74854	2ff8cf34a2332200	92368563190	0	false	22	92368563211	1	65536
3385599	74863	32403bc821033210	281947756125	0	false	3	281947756127	1	65536
3385847	74868	06a233c3b3000020	124278097255	0	false	1	124278097255	1	65536
3388056	74917	0313ff24c0032012	140354106894	140360	true	1	140354106894	1	65536
3390060	74961	233fdfe343300300	121479433443	0	false	1	121479433443	1	65536
3390681	74975	2981d36202200301	134300760304	0	false	1	134300760304	1	65536
3392458	75014	2333ffc0c3310000	26494707945	40	true	3	26494707947	1	65536
3393502	75037	05e7d00e80203202	230333634826	0	false	3	230333634828	1	65536
3395401	75079	0324137df0030313	125613981217	0	false	1	125613981217	1	65536
3395599	75084	35ff893722032310	271830153451	0	false	1	271830153451	1	65536
3395641	75084	0380fcfca2203232	277405150891	0	false	1	277405150891	1	65536
3396687	75108	2bff823dc0030100	116122874109	2034876	true	7	116122874115	1	65536
3396697	75108	03b7002030020320	127920712049	0	false	12	127920712060	1	65536
3396822	75110	33bacd0433200030	266695992080	0	false	20	266695992099	1	65536
3397181	75118	007ff65f61320112	16970517794	0	false	1	16970517794	1	65536
3397741	75130	35c052f701121300	116765638444	0	false	2	116765638445	1	65536
3398309	75143	211cc843b1000300	167980834179	0	false	1	167980834179	1	65536
3399852	75177	0578c0cdc0120000	240209892515	0	false	39	240209892553	1	65536
3399875	75177	30501f22d2131110	44348887133	0	false	1	44348887133	1	65536
3400277	75186	003b220003303103	290532927993	0	false	33	290532928025	1	65536
3400946	75201	30fffdf3d3033110	281032250284	0	false	2	281032250285	1	65536
3401894	75222	3110d40b13033220	26883696556	0	false	1	26883696556	1	65536
3402183	75228	241a4a3813010020	39891608170	0	false	3	39891608172	1	65536
3402374	75233	07a201e273101110	239567387850	0	false	6	239567387855	1	65536
3403267	75252	0314d17703130333	11004087086	0	false	1	11004087086	1	65536
3408054	75357	011287b650213322	197851606739	0	false	1	197851606739	1	65536
3409444	75388	0310d385a3030202	261271821701	0	false	1	261271821701	1	65536
3411015	75422	269027f612121010	247918517551	0	false	9	247918517559	1	65536
3412561	75456	300b3050e3033010	146767701787	0	false	7	146767701793	1	65536
3414625	75501	05e1f7dcc3303101	106429275289	0	false	1	106429275289	1	65536
3414859	75506	2018740fe2122220	160008606904	0	false	1	160008606904	1	65536
3415185	75513	253e0012f1203030	69331339023	118715	true	1	69331339023	1	65536
3415456	75519	0d4af7d261132020	43263305997	0	false	4	43263306000	1	65536
3416135	75535	030cc93370000313	107725741165	0	false	1	107725741165	1	65536
3416221	75536	3330fcff03303330	194187903183	112590	true	1	194187903183	1	65536
3416402	75540	007ec08502323003	175552940234	0	false	13	175552940246	1	65536
3417677	75568	01fce3fff3013020	55229464162	0	false	4	55229464165	1	65536
3418105	75578	0149536391132202	75593349997	350134	true	1	75593349997	1	65536
3419580	75610	0108c04ef1313122	185775486255	0	false	8	185775486262	1	65536
3420841	75638	220dddedf2100000	213235947783	0	false	2	213235947784	1	65536
3420930	75640	20b2039d81212001	295106574543	0	false	47	295106574589	1	65536
3421480	75653	2224f237f0323020	138655386662	0	false	4	138655386665	1	65536
3424892	75728	2026304092103330	8019670924	0	false	30	8019670953	1	65536
3426029	75753	3c3eff3a31310300	120025111581	0	false	4	120025111584	1	65536
3426229	75757	03d3a77c12320232	240732216960	0	false	7	240732216966	1	65536
3426865	75771	0300203c50000030	185294114927	0	false	8	185294114934	1	65536
3427291	75781	032c4ff7c2301301	134761376508	0	false	2	134761376509	1	65536
3427378	75783	2517df3ef3332210	100003490793	0	false	7	100003490799	1	65536
3428822	75814	3300e30fd3303010	203553437050	0	false	2	203553437051	1	65536
3429230	75823	032c886303330023	222623612108	0	false	2	222623612109	1	65536
3430198	75845	2f55d117b3322030	292571707008	0	false	4	292571707011	1	65536
3430604	75854	34d3ff8e13033010	115406081929	2033548	true	1	115406081929	1	65536
3431437	75872	25ab144e91323111	236738075356	0	false	14	236738075369	1	65536
3433304	75913	35e3fff780130000	30248140695	0	false	1	30248140695	1	65536
3434142	75931	023fc82b92132010	200890364016	0	false	2	200890364017	1	65536
3434257	75934	012488f0c1010312	111742885841	0	false	1	111742885841	1	65536
3436477	75983	2b5e393492013020	239164063461	0	false	24	239164063484	1	65536
3436565	75985	2b20f44c50330000	201167483559	0	false	4	201167483562	1	65536
3436575	75985	3713c0ff30233210	235781306273	0	false	12	235781306284	1	65536
3437389	76004	03f9ea9300212322	157245263788	1	true	1	157245263788	1	65536
3438004	76017	38f41306d3311120	86731658256	0	false	3	86731658258	1	65536
3438555	76029	01d14f0f70333001	272859843585	0	false	22	272859843606	1	65536
3438769	76034	05a88083f3022200	28178386457	0	false	2	28178386458	1	65536
3438816	76035	33283e7d31200330	32551387185	0	false	5	32551387189	1	65536
3439121	76042	02b9fba4b1120322	67574938239	0	false	1	67574938239	1	65536
3439904	76059	023fb5c362103030	102289887605	0	false	4	102289887608	1	65536
3442200	76110	25abd09991110201	135618284106	0	false	4	135618284109	1	65536
3442783	76123	233ecffd00011300	284286039384	0	false	3	284286039386	1	65536
3443286	76134	2383705211120131	190473909782	0	false	3	190473909784	1	65536
3443691	76143	2aba65af41201130	280884443617	350134	true	2	280884443618	1	65536
3444064	76151	300c045740311230	58846805804	0	false	7	58846805810	1	65536
3444086	76152	2330080020032300	194384350904	0	false	6	194384350909	1	65536
3444374	76158	301d7fe8d1312030	145193786897	150003	true	2	145193786898	1	65536
3444457	76160	2838df3e02303030	291332387880	0	false	11	291332387890	1	65536
3445263	76177	2c091d53f3022100	286893611181	140360	true	4	286893611184	1	65536
3445280	76178	022cf40990023300	68483743060	0	false	1	68483743060	1	65536
3447859	76235	2dcef38ec0202211	286899951738	0	false	2	286899951739	1	65536
3448577	76251	20d48a3be1102120	112380589140	0	false	1	112380589140	1	65536
3448578	76251	035228ef80102002	286609211221	0	false	6	286609211226	1	65536
3449722	76276	2c5501f4d0032221	110946254466	0	false	42	110946254507	1	65536
3449783	76277	317d052af2030120	117973481045	0	false	3	117973481047	1	65536
3450698	76297	27e3f30bd0021310	128572626175	0	false	4	128572626178	1	65536
3452897	76346	0303273340300230	254129021297	0	false	3	254129021299	1	65536
3454473	76381	02f88f8223030011	140323489694	97803	true	6	140323489699	1	65536
3455042	76393	2f6dc0fa02313330	84244165296	0	false	4	84244165299	1	65536
3455889	76412	23c8cebf70001030	95548992274	0	false	3	95548992276	1	65536
3456109	76416	242d6f4932103210	85383934289	0	false	1	85383934289	1	65536
3456164	76418	003ff414b3131330	128368286201	0	false	3	128368286203	1	65536
3456167	76418	03a01ebe00332322	20040750089	0	false	1	20040750089	1	65536
3456958	76435	2790f42430032300	273815323550	0	false	1	273815323550	1	65536
3458105	76461	2077e0d040031320	104526814789	0	false	23	104526814811	1	65536
3458219	76463	23c0dc1f01130310	55983260630	0	false	5	55983260634	1	65536
3458293	76465	30db7711d1020020	236846786529	0	false	3	236846786531	1	65536
3458576	76471	03f8c037c3213302	171446863892	0	false	2	171446863893	1	65536
3459050	76482	37ddf3f4d0111020	98517716835	118715	true	1	98517716835	1	65536
3460538	76515	215cebcc40310210	22293776432	0	false	2	22293776433	1	65536
3463257	76575	33b0a03f12002310	72205219906	0	false	7	72205219912	1	65536
3467159	76662	2789b61091311310	222012029301	0	false	11	222012029311	1	65536
3467257	76664	0117bff883003321	153008781763	0	false	1	153008781763	1	65536
3468938	76701	20b4b9df43120121	18893491157	375171	true	2	18893491158	1	65536
3472147	76773	313bbbb143123000	94712523455	0	false	1	94712523455	1	65536
3472356	76777	255343fcc0111310	57133173259	0	false	5	57133173263	1	65536
3472796	76787	20904a4662313020	181090124988	0	false	2	181090124989	1	65536
3475076	76838	383c384ff2032310	138272332354	0	false	2	138272332355	1	65536
3476980	76880	3873f7ff73330130	109109106456	0	false	35	109109106490	1	65536
3477914	76900	34d02cd6d1331200	31986950912	0	false	7	31986950918	1	65536
3477995	76902	05ed4e7a71100200	158919611887	0	false	1	158919611887	1	65536
3478274	76908	016611fc22132100	292219822875	350134	true	1	292219822875	1	65536
3478360	76910	050c503e90230330	73048225656	0	false	2	73048225657	1	65536
3478522	76914	3746d01f43320130	133823190529	0	false	2	133823190530	1	65536
3478810	76920	21d0000cf1030010	83025280625	0	false	29	83025280653	1	65536
3480273	76952	38ebd341c3101030	150273053129	0	false	6	150273053134	1	65536
3480493	76957	30008ebce2122320	256570396224	0	false	2	256570396225	1	65536
3481740	76985	30f0ff3fb3023330	33117175096	0	false	1	33117175096	1	65536
3483150	77016	00000747c3330322	246278380505	0	false	1	246278380505	1	65536
3483228	77017	067a534d30302020	275895193531	0	false	19	275895193549	1	65536
3483561	77025	2ffefac2c3221300	284842142264	0	false	2	284842142265	1	65536
3484426	77044	2adff48c42312330	109781507590	0	false	1	109781507590	1	65536
3485425	77066	0137d0fbe1333202	184929629905	0	false	2	184929629906	1	65536
3486552	77091	01f42ed303322310	239132050961	0	false	1	239132050961	1	65536
3487132	77104	2f3123f731100030	281452532618	0	false	19	281452532636	1	65536
3487199	77105	369fd2edf1203310	290464040706	0	false	1	290464040706	1	65536
3487993	77122	02cdcc3dc1332031	142933911301	0	false	22	142933911322	1	65536
3490872	77186	2b3e813f31010310	26064180211	63032	true	1	26064180211	1	65536
3491178	77192	057fe45f83113000	68872208138	0	false	2	68872208139	1	65536
3493096	77235	005fa473f0213301	230905551591	0	false	3	230905551593	1	65536
3497923	77342	03bcfe97c3210023	125413987063	0	false	13	125413987075	1	65536
3498303	77351	293c715ef1333030	24602584573	0	false	8	24602584580	1	65536
3499531	77378	0333f70b33103003	105004080641	2034876	true	2	105004080642	1	65536
3500559	77401	27fce822c2333300	223971953494	0	false	1	223971953494	1	65536
3501185	77414	2e3821a463002000	244866800918	0	false	15	244866800932	1	65536
3503168	77459	200274d711001000	246469806457	63032	true	1	246469806457	1	65536
3503612	77468	02c3fc83a1001231	59639919692	0	false	1	59639919692	1	65536
3503850	77474	2c33fe3773213030	67222628223	0	false	2	67222628224	1	65536
3504161	77481	264f9f9e73302230	171031341350	0	false	4	171031341353	1	65536
3504457	77488	03a3c87fe3000022	188167622414	0	false	1	188167622414	1	65536
3505062	77501	2204835180030000	227976746591	292855	true	1	227976746591	1	65536
3505859	77518	23cd720f83330230	85998688725	0	false	20	85998688744	1	65536
3506501	77533	03dd450d30132012	170593214582	1	true	2	170593214583	1	65536
3508038	77567	2517844b20033020	17950678977	0	false	23	17950678999	1	65536
3508485	77577	23f30032e3002010	38621048817	0	false	35	38621048851	1	65536
3510249	77616	2393f90cd2120010	14673280816	0	false	2	14673280817	1	65536
3510398	77619	0ff542d530020012	50757077953	0	false	1	50757077953	1	65536
3510815	77628	35acf62b93112330	55353187189	0	false	1	55353187189	1	65536
3510925	77630	0135fe47c0113131	48505355555	0	false	1	48505355555	1	65536
3511324	77639	03ffc902f3313330	22514103832	0	false	2	22514103833	1	65536
3511733	77648	2bbf842623323220	280949301455	0	false	4	280949301458	1	65536
3512641	77668	20edf2b711232001	71721813807	0	false	26	71721813832	1	65536
3512845	77673	253f43e4d3313010	128766957943	0	false	2	128766957944	1	65536
3513381	77685	2703793fe3011320	249857567340	0	false	1	249857567340	1	65536
3513693	77691	03ae8f0c32002320	83593440711	140360	true	1	83593440711	1	65536
3514781	77716	2004f3d232012000	204235163257	0	false	3	204235163259	1	65536
3514933	77719	3c1e89c753212010	50299514030	0	false	7	50299514036	1	65536
3515607	77733	024d7f62d0132313	158876070897	0	false	1	158876070897	1	65536
3516188	77746	37efffef81031030	80583259048	0	false	2	80583259049	1	65536
3516190	77746	0327410001000032	211353885117	0	false	3	211353885119	1	65536
3516885	77762	24003c0523020120	192584685189	0	false	1	192584685189	1	65536
3517253	77770	27e4522fc0310010	274032061609	0	false	3	274032061611	1	65536
3517583	77777	200930fea2202000	281486746028	0	false	3	281486746030	1	65536
3518098	77789	3088f7f350003330	75879774029	0	false	2	75879774030	1	65536
3518613	77800	390bd4c573103200	203294309771	0	false	3	203294309773	1	65536
3519313	77816	031232a3f3210300	278907144132	0	false	9	278907144140	1	65536
3520647	77845	334e3cf331001330	23482434639	292819	true	1	23482434639	1	65536
3521404	77862	1653826631230112	260005513620	143964	true	1	260005513620	1	65536
3522991	77896	38cd056f73300300	34940070139	0	false	1	34940070139	1	65536
3523696	77912	24fcf3f032100201	259777992438	0	false	10	259777992447	1	65536
3524899	77939	2446d1f792012010	41561768075	0	false	1	41561768075	1	65536
3525944	77961	25734fc5b0121310	31370735467	0	false	2	31370735468	1	65536
3526284	77969	0bfcfc0c23030022	67506162425	0	false	3	67506162427	1	65536
3526322	77970	27a089d000023221	118043145438	0	false	1	118043145438	1	65536
3526865	77982	062464bf40133011	295967253702	0	false	26	295967253727	1	65536
3529432	78038	37e895f7d2301020	11973942643	0	false	3	11973942645	1	65536
3531818	78091	27866c2140230021	177147369141	0	false	10	177147369150	1	65536
3535521	78172	01760a6490220311	21964750314	0	false	14	21964750327	1	65536
3536652	78198	0039dcdee3323033	104937701670	0	false	5	104937701674	1	65536
3538868	78247	23d17dff32302230	106917264375	0	false	1	106917264375	1	65536
3538975	78249	3a80442120022300	120027127480	154409	true	1	120027127480	1	65536
3540164	78275	003300d000003331	150115185483	2082538	true	3	150115185485	1	65536
3540318	78279	2400c2e0f3013330	109621247618	0	false	2	109621247619	1	65536
3540355	78279	03632d4f03303203	17931397063	0	false	1	17931397063	1	65536
3540737	78288	238eae3f40130131	18307511953	0	false	11	18307511963	1	65536
3541293	78300	25ffbfa8d0322320	281142573934	0	false	1	281142573934	1	65536
3543945	78358	00082f8c23003333	223197322224	0	false	1	223197322224	1	65536
3544985	78381	0ae7fff2f3020000	35751809035	0	false	1	35751809035	1	65536
3545780	78398	05ffac42e3301101	44181478293	0	false	6	44181478298	1	65536
3547404	78434	327774c7f3303300	248833716811	0	false	1	248833716811	1	65536
3548372	78456	03c8c67c43032031	144211669861	0	false	1	144211669861	1	65536
3548421	78456	303134fe42003330	296348252285	0	false	2	296348252286	1	65536
3549575	78482	0a4ead6e11023333	177618166528	0	false	8	177618166535	1	65536
3549918	78489	02cf241083220103	122428019231	0	false	8	122428019238	1	65536
3549943	78490	20352be9c1111301	53114625811	0	false	23	53114625833	1	65536
3549944	78490	220352be90111130	137350087034	0	false	57	137350087090	1	65536
3550234	78496	2761171b63003120	296547966499	0	false	2	296547966500	1	65536
3550832	78509	30775fffc0302300	171750447448	0	false	23	171750447470	1	65536
3551486	78524	3402002fb0003300	98053455847	0	false	1	98053455847	1	65536
3551492	78524	3107ff7fe0203330	240199887938	0	false	7	240199887944	1	65536
3552496	78545	032be0f241103230	36240689922	0	false	1	36240689922	1	65536
3552588	78547	24faa04fd2303020	182667260233	0	false	1	182667260233	1	65536
3554747	78596	030a901300120320	134102424030	1	true	1	134102424030	1	65536
3556160	78628	030e4beca0001003	111110077746	140360	true	1	111110077746	1	65536
3556747	78641	3220ac3120320320	135858398654	292827	true	4	135858398657	1	65536
3557006	78647	292dd90970002321	77312657805	0	false	2	77312657806	1	65536
3557628	78661	280b030fa0031010	149322438657	0	false	4	149322438660	1	65536
3557694	78662	35c31c7773000100	165697984047	0	false	1	165697984047	1	65536
3559168	78695	2c015530b1123100	275825688853	0	false	3	275825688855	1	65536
3559881	78710	25f8b38ba0333030	2599678276	0	false	8	2599678283	1	65536
3559941	78712	2bf1283f12220020	67287969852	0	false	12	67287969863	1	65536
3560128	78716	34c354ac73303010	53079121104	0	false	3	53079121106	1	65536
3560635	78727	244f231fe0203201	206666789277	0	false	11	206666789287	1	65536
3560673	78728	2343ebffe3000200	239078745583	0	false	3	239078745585	1	65536
3563518	78791	022cf0b800233100	41944707597	0	false	1	41944707597	1	65536
3563682	78794	2c8f8f8f42002210	65627280128	0	false	14	65627280141	1	65536
3563875	78798	200e030b40332130	218936100572	0	false	4	218936100575	1	65536
3563886	78799	2f154c3fd0033320	68503286394	0	false	3	68503286396	1	65536
3564163	78805	0595340841300121	56305819600	0	false	20	56305819619	1	65536
3564613	78815	24dd8401f1223300	133192290953	0	false	12	133192290964	1	65536
3568550	78902	002acbbe40303220	231109502801	118715	true	2	231109502802	1	65536
3569961	78932	03fb207f13303122	109592585105	0	false	1	109592585105	1	65536
3571591	78969	03c1df9011033220	252521477733	0	false	12	252521477744	1	65536
3572523	78990	0186ba3312313222	37552775053	0	false	3	37552775055	1	65536
3573284	79007	011cd27a01003100	66984214292	0	false	7	66984214298	1	65536
3573749	79017	03dd4a2bd1331211	135452586673	0	false	2	135452586674	1	65536
3573923	79020	35e45c3500133310	56811848801	0	false	1	56811848801	1	65536
3577024	79089	20b9091f52311321	65472165437	1	true	9	65472165445	1	65536
3577128	79091	2433000001030300	141264779795	0	false	2	141264779796	1	65536
3577224	79093	0a23bef7c0203123	40351961276	0	false	2	40351961277	1	65536
3578687	79125	3410fdfb33113310	253883365390	0	false	1	253883365390	1	65536
3578884	79130	0392bdcbb3312101	157806645279	0	false	1	157806645279	1	65536
3579154	79136	2545bae6a2211201	245280779051	0	false	7	245280779057	1	65536
3579959	79154	233ca34f90321311	117531313359	0	false	2	117531313360	1	65536
3580264	79160	21dcbf7d33001010	282060130163	173940	true	8	282060130170	1	65536
3582010	79199	3474240422022000	142663119004	0	false	6	142663119009	1	65536
3582351	79207	03900f5020323303	264690601274	0	false	23	264690601296	1	65536
3583124	79223	08f8033ff3300000	266547077790	988768	true	1	266547077790	1	65536
3583206	79225	282df22aa2033031	288774918673	0	false	2	288774918674	1	65536
3584994	79266	03f900c083300130	235936539386	0	false	2	235936539387	1	65536
3585253	79271	003f0e8200000031	145379335462	0	false	6	145379335467	1	65536
3585340	79273	20ff423811022030	131567804140	0	false	4	131567804143	1	65536
3586517	79299	2e3328f371203300	95960625174	0	false	6	95960625179	1	65536
3586811	79305	09ae0bc940333330	279679718738	0	false	2	279679718739	1	65536
3586875	79307	0604121e30302322	36496493279	0	false	5	36496493283	1	65536
3588530	79343	05c84f3b02030002	146094162716	0	false	1	146094162716	1	65536
3589097	79355	23d6295ab2131211	282594116721	350134	true	1	282594116721	1	65536
3589194	79357	07514528b1323312	222563813852	0	false	16	222563813867	1	65536
3589329	79360	021fe4a341332101	108110069043	620602	true	1	108110069043	1	65536
3591221	79402	0726705f20202232	16530165876	0	false	1	16530165876	1	65536
3591862	79417	300ecdcd00333310	37541395308	0	false	3	37541395310	1	65536
3594041	79465	2d48e78410203200	131423638411	0	false	12	131423638422	1	65536
3595186	79490	0b3f1ffd03220300	214369092034	0	false	1	214369092034	1	65536
3599558	79586	22d2f80d72013320	146165773640	0	false	4	146165773643	1	65536
3600850	79615	03c0cf6310330120	143372263151	0	false	9	143372263159	1	65536
3601137	79621	2038fff2e1030230	93717984982	0	false	1	93717984982	1	65536
3602130	79643	24edf00c43202010	29503877873	118715	true	2	29503877874	1	65536
3602468	79651	002cdffd30333030	293341717745	140360	true	2	293341717746	1	65536
3602572	79653	0dbe0f6083233320	189838327424	0	false	5	189838327428	1	65536
3602935	79661	276a4def60122211	26844853810	350134	true	1	26844853810	1	65536
3602940	79661	20d622d5e2231211	164093882020	350134	true	1	164093882020	1	65536
3603401	79672	0920d60223003130	231781183974	0	false	3	231781183976	1	65536
3603407	79672	034333fc40003000	144053701974	0	false	1	144053701974	1	65536
3603953	79684	243d7524f3010021	181122158183	69649	true	1	181122158183	1	65536
3604345	79692	2bb04e86b2003320	124906419275	0	false	7	124906419281	1	65536
3604833	79703	024ab9ff00313021	279654506513	0	false	3	279654506515	1	65536
3604953	79705	200f042743300000	235142739752	292855	true	1	235142739752	1	65536
3605074	79708	290280eeb3013320	172752752793	0	false	1	172752752793	1	65536
3607731	79767	23e383a8e0300000	248195919185	0	false	1	248195919185	1	65536
3608402	79782	01afa3cc41120103	200728024052	0	false	1	200728024052	1	65536
3608806	79791	3440dede32020300	70814654442	0	false	9	70814654450	1	65536
3609660	79809	010f7c08e2023320	107002831812	0	false	18	107002831829	1	65536
3610685	79832	337d71bfe0230030	35965649574	0	false	4	35965649577	1	65536
3611293	79846	307f3e5232103130	80320350710	0	false	1	80320350710	1	65536
3611922	79859	300077fa83100330	225611831052	0	false	13	225611831064	1	65536
3611933	79859	2f5a7796f3333001	20775858468	0	false	4	20775858471	1	65536
3612444	79870	03c2ffaf83030330	50624138270	0	false	1	50624138270	1	65536
3614052	79906	26e03a0aa0032120	38285415418	0	false	3	38285415420	1	65536
3614054	79906	342dc55f53302030	75768751068	0	false	12	75768751079	1	65536
3615315	79935	125e7a8c81031210	112993216756	0	false	1	112993216756	1	65536
3615852	79946	004734c280223203	163737515986	0	false	6	163737515991	1	65536
3616345	79957	2b9745dfb1002110	197306330927	0	false	2	197306330928	1	65536
3616433	79959	003e792f03313232	70784376325	0	false	7	70784376331	1	65536
3617151	79975	01deec8802010231	228550105169	0	false	1	228550105169	1	65536
3617458	79982	342003c8f3310020	292753956962	0	false	3	292753956964	1	65536
3618128	79997	30c3fc0c43330030	195752989564	1799607	true	2	195752989565	1	65536
3618156	79997	309fedcef0023310	85831749964	0	false	1	85831749964	1	65536
3618228	79999	234408fc81203300	70621557488	0	false	1	70621557488	1	65536
3621649	80074	0244885510022112	169802691368	0	false	6	169802691373	1	65536
3622527	80093	2a3bf31e81211230	68870348204	0	false	2	68870348205	1	65536
3624510	80137	043dcf6933330222	20930174658	0	false	4	20930174661	1	65536
3624840	80144	3630faad70333000	128848752137	0	false	3	128848752139	1	65536
3626434	80180	3d07d0f570101100	126405004868	0	false	1	126405004868	1	65536
3626778	80187	2d151f7d33230111	182215083834	0	false	1	182215083834	1	65536
3627470	80203	2a800c7000200020	117364297217	0	false	2	117364297218	1	65536
3628649	80229	04e7853e31312321	171127277354	0	false	1	171127277354	1	65536
3629563	80249	053d577e33110300	165991673788	0	false	2	165991673789	1	65536
3631378	80290	3b9e4e5cc1121220	31088940108	548230	true	2	31088940109	1	65536
3632660	80319	393e062203013120	47924231216	142513	true	1	47924231216	1	65536
3634821	80367	003203cfe2112332	145272435880	0	false	1	145272435880	1	65536
3636542	80405	345303bfd0020330	98909299321	0	false	4	98909299324	1	65536
3636549	80405	24ff743792330031	107488349133	2097428	true	1	107488349133	1	65536
3638067	80439	323a3e20b3302210	81095853673	0	false	3	81095853675	1	65536
3638130	80441	0320bef003100000	64665530584	140360	true	1	64665530584	1	65536
3638374	80446	03f7d2c1c0302330	174452904857	0	false	1	174452904857	1	65536
3638979	80460	2d3bad0b53130300	265757494342	0	false	1	265757494342	1	65536
3639004	80460	2c228004a0230321	158228783390	0	false	1	158228783390	1	65536
3639347	80467	27bf833cd0203221	85918158281	0	false	4	85918158284	1	65536
3639356	80468	31124cbcc3331000	90272051352	0	false	11	90272051362	1	65536
3639437	80469	23f4e4ed73310230	12182142685	0	false	5	12182142689	1	65536
3639449	80470	03b7334fc3303301	106696748077	0	false	2	106696748078	1	65536
3640148	80485	336c288140300330	256708489950	0	false	3	256708489952	1	65536
3640826	80499	021ae561a1020213	119285347014	0	false	1	119285347014	1	65536
3641145	80506	002fcad003330302	131418656899	98819	true	1	131418656899	1	65536
3641469	80513	23e22d1c31030220	151314311180	0	false	3	151314311182	1	65536
3642925	80545	300fbfff30223000	221698928035	0	false	1	221698928035	1	65536
3643143	80550	027feb7c02333031	54332384709	0	false	10	54332384718	1	65536
3644190	80573	0648b771f2320231	234788827841	0	false	8	234788827848	1	65536
3644839	80587	2d2fee8800301310	8008225248	0	false	14	8008225261	1	65536
3645199	80595	241261dda1310110	133099528553	0	false	3	133099528555	1	65536
3645528	80602	2308f9ddf2300311	176878330858	0	false	13	176878330870	1	65536
3645792	80609	02048f93e0132010	287315885723	0	false	2	287315885724	1	65536
3646524	80625	30ccff4be0020320	158279536629	0	false	1	158279536629	1	65536
3646948	80634	21f2190f42210120	178915018297	0	false	6	178915018302	1	65536
3647843	80654	310752ccd0123120	73233919229	0	false	1	73233919229	1	65536
3650639	80716	279fa73480301110	107004292022	0	false	4	107004292025	1	65536
3652036	80747	0fd7a0fa30100330	95133972572	0	false	1	95133972572	1	65536
3652486	80757	391d06e562112320	120653039273	1890	true	4	120653039276	1	65536
3653074	80770	2bfd000333133301	12249087447	0	false	3	12249087449	1	65536
3653366	80777	0515bd68d0121232	66300631020	0	false	3	66300631022	1	65536
3653689	80783	04abae0123313002	180873819354	0	false	1	180873819354	1	65536
3654268	80796	02af8e5103212001	221228957458	0	false	7	221228957464	1	65536
3654548	80802	010e027393003013	11369534351	0	false	2	11369534352	1	65536
3655499	80823	3550d43300201010	2034927358	1445295	true	1	2034927358	1	65536
3657232	80862	0764703170022330	167306782486	0	false	1	167306782486	1	65536
3657628	80871	2fb2fb3112332330	94792885573	0	false	2	94792885574	1	65536
3657669	80871	01360c8e53021123	65329186328	0	false	18	65329186345	1	65536
3657779	80874	27fbbd4000033010	8832251486	0	false	1	8832251486	1	65536
3658172	80883	01505a2322013222	219240786565	0	false	2	219240786566	1	65536
3658465	80889	01d27936f1121120	16357101802	0	false	6	16357101807	1	65536
3659691	80916	3408fffd13200300	206644621628	0	false	10	206644621637	1	65536
3659743	80918	2f0e3a5730132230	85815424762	0	false	2	85815424763	1	65536
3661869	80965	393c3c30e1132010	261800455164	0	false	11	261800455174	1	65536
3661904	80966	314bd73080233020	195879899346	0	false	1	195879899346	1	65536
3662384	80977	2f0cfebc00033330	37150535931	0	false	4	37150535934	1	65536
3663589	81003	3229af4161322110	79711522363	548980	true	4	79711522366	1	65536
3664202	81017	2d9e4a8090330330	266328129161	0	false	1	266328129161	1	65536
3664405	81021	296257fde2123300	250411739475	0	false	3	250411739477	1	65536
3664799	81030	028c24a3e0332210	231815869046	0	false	1	231815869046	1	65536
3665229	81039	2c33fbcfb2323321	55440459734	0	false	2	55440459735	1	65536
3668745	81116	07157b84c0300330	182360403044	0	false	1	182360403044	1	65536
3671344	81174	02003c8fb3300300	145313986929	1924203	true	3	145313986931	1	65536
3671638	81181	3a51159410212010	134967807840	0	false	2	134967807841	1	65536
3672807	81206	38b4c03c71323000	275479035393	0	false	1	275479035393	1	65536
3672933	81209	0514a77182121322	137698944163	0	false	1	137698944163	1	65536
3673007	81211	34020cc023011300	11529056528	0	false	13	11529056540	1	65536
3673237	81216	38070322c0333230	293160559012	0	false	1	293160559012	1	65536
3673834	81230	26d000f803003300	89385968080	0	false	2	89385968081	1	65536
3673946	81232	20f0454f32310310	205442750782	0	false	3	205442750784	1	65536
3673986	81233	33cf0f1e30012230	51315715664	0	false	6	51315715669	1	65536
3674146	81237	295e8bbe91233020	242239321127	0	false	28	242239321154	1	65536
3674791	81251	20010f0382100031	200590868674	0	false	1	200590868674	1	65536
3678398	81330	318df763f3333230	124423604469	0	false	3	124423604471	1	65536
3678744	81338	208cc41c10302031	128655417947	0	false	8	128655417954	1	65536
3680109	81368	20f50be3c0223300	112706011955	0	false	7	112706011961	1	65536
3680504	81377	27e3fbd4b0030330	273005616679	0	false	7	273005616685	1	65536
3681104	81390	380d8c0030123320	233178516536	0	false	2	233178516537	1	65536
3684375	81462	24cdcbc1b0003310	191642543917	0	false	1	191642543917	1	65536
3685320	81483	2e483ffed1103030	8019578403	0	false	1	8019578403	1	65536
3688138	81545	2459ef7a32232311	174344370562	1	true	1	174344370562	1	65536
3688883	81561	004fc13933033230	134127882115	0	false	4	134127882118	1	65536
3689157	81567	30d42fffe0133330	16717096543	0	false	2	16717096544	1	65536
3689705	81579	2fe0811880020320	205780761161	0	false	2	205780761162	1	65536
3690815	81604	05ccdc0123020020	77999825875	0	false	1	77999825875	1	65536
3691290	81615	055f7f3483333323	230773657517	0	false	3	230773657519	1	65536
3691301	81615	0300080a12033000	46339752850	0	false	6	46339752855	1	65536
3692353	81638	30c73e83f1121130	102786881632	0	false	7	102786881638	1	65536
3692779	81648	242cb9c020002120	103670725587	0	false	3	103670725589	1	65536
3693333	81660	300201f950000330	137574185220	0	false	3	137574185222	1	65536
3695961	81718	2f3c9240c0103020	233473132873	0	false	2	233473132874	1	65536
3696652	81734	010d02ea21200320	256978735194	0	false	4	256978735197	1	65536
3697259	81747	052489cb82323110	232980840277	0	false	2	232980840278	1	65536
3697648	81756	2200441001032030	271605697499	0	false	4	271605697502	1	65536
3697935	81762	326b13da23303320	173898119727	0	false	13	173898119739	1	65536
3698312	81770	038347c0a2232002	243099846041	0	false	7	243099846047	1	65536
3698679	81778	23fb920802232200	297164773802	2104053	true	2	297164773803	1	65536
3700375	81816	02001480c3330321	138176122752	0	false	9	138176122760	1	65536
3700714	81823	2affeef4c0301000	228118106078	0	false	1	228118106078	1	65536
3701026	81830	2ccfff10f1021330	20679312493	0	false	7	20679312499	1	65536
3701171	81834	0328f22591103010	78850426823	0	false	10	78850426832	1	65536
3701365	81838	2019d8e382201301	266717028599	0	false	6	266717028604	1	65536
3702401	81861	03740f4000330332	244234460802	0	false	3	244234460804	1	65536
3703125	81877	0525a78d72222010	145120571098	0	false	6	145120571103	1	65536
3703895	81894	0156b9a9e2312332	50504136144	0	false	4	50504136147	1	65536
3704771	81914	2abb140093001100	49874523198	0	false	1	49874523198	1	65536
3705180	81923	033ffff850031013	10383735238	0	false	3	10383735240	1	65536
3706773	81957	287781ef62330120	8412432212	370648	true	1	8412432212	1	65536
3707614	81976	09826a7993010113	219130430003	350134	true	1	219130430003	1	65536
3707709	81978	3514791263321220	231164806327	350134	true	1	231164806327	1	65536
3708506	81995	03efaec9b2320130	64229397493	0	false	1	64229397493	1	65536
3709290	82013	23df514fa1023110	41711097454	0	false	3	41711097456	1	65536
3709628	82020	034707df43321301	133093986930	0	false	1	133093986930	1	65536
3710197	82033	2bb45f8d20123030	14886146902	350134	true	1	14886146902	1	65536
3711440	82060	00159c39f0100032	171840399492	0	false	14	171840399505	1	65536
3712640	82087	2f007cc401003330	237877355993	0	false	1	237877355993	1	65536
3714291	82124	2008404102101331	81602967658	0	false	7	81602967664	1	65536
3715242	82145	2e134ca330000230	195548505012	0	false	2	195548505013	1	65536
3718081	82208	030efece43103230	2418510172	0	false	1	2418510172	1	65536
3718216	82211	23aeede090113230	128491233502	0	false	4	128491233505	1	65536
3719066	82229	2079df4bc3131111	117300546449	0	false	1	117300546449	1	65536
3722334	82301	249943a4b3230330	278093592661	0	false	1	278093592661	1	65536
3723085	82318	22da0d21f0032030	178616901454	0	false	3	178616901456	1	65536
3724058	82339	2ec1bbd041020010	258035545601	0	false	1	258035545601	1	65536
3724843	82356	246193b300331311	18942219009	0	false	1	18942219009	1	65536
3725393	82368	388eff7c41130010	218538463401	0	false	2	218538463402	1	65536
3725436	82369	01773dd2f0330130	122221546692	0	false	5	122221546696	1	65536
3727287	82410	0fd42b3cb1000330	233310015065	0	false	1	233310015065	1	65536
3727838	82422	2bed3030f0330230	266086847629	0	false	13	266086847641	1	65536
3729901	82468	32bcfd43c3003010	8846989686	1844716	true	2	8846989687	1	65536
3730772	82488	24debf1653213011	21987066643	1	true	1	21987066643	1	65536
3731292	82499	240033cfa2002330	97429771850	0	false	3	97429771852	1	65536
3733199	82541	2de3de2fa0100300	254348299271	0	false	2	254348299272	1	65536
3734062	82560	3dd0400851232210	132710360359	0	false	2	132710360360	1	65536
3734323	82565	3823f07a03211020	61243769023	0	false	3	61243769025	1	65536
3734392	82567	2822b7eaf3321310	152843542099	0	false	9	152843542107	1	65536
3735236	82585	003570a040100021	42163237840	350134	true	1	42163237840	1	65536
3735696	82595	30fcadcfe3123200	80416694533	0	false	7	80416694539	1	65536
3737133	82627	013ff4ce40302233	117214489525	0	false	1	117214489525	1	65536
3737144	82627	273201c800330020	36905366321	0	false	12	36905366332	1	65536
3738424	82655	00231ef403223331	24213822724	0	false	14	24213822737	1	65536
3740686	82706	05647b50e1323220	153169961725	0	false	16	153169961740	1	65536
3740719	82707	0216b9fd01112133	276973796453	38	true	1	276973796453	1	65536
3741490	82724	26a9b954a1223121	148559056641	350134	true	1	148559056641	1	65536
3742137	82739	2f8d0033f1033000	32922037600	140360	true	1	32922037600	1	65536
3742735	82752	28ebbaeba2303330	248349436012	0	false	21	248349436032	1	65536
3743949	82779	2228222453003031	296541559106	0	false	5	296541559110	1	65536
3746734	82841	02e1349a40302212	87989396615	0	false	1	87989396615	1	65536
3748052	82870	03daa196f3311130	96332561377	0	false	1	96332561377	1	65536
3748080	82871	2cac448c50110320	46438549555	0	false	7	46438549561	1	65536
3748425	82879	32abae9233123220	169444048618	0	false	1	169444048618	1	65536
3748532	82881	203000c8f0030321	101983679963	1598903	true	1	101983679963	1	65536
3748948	82890	335ec42bf2312300	151863593887	0	false	1	151863593887	1	65536
3748980	82891	2c7371c420001311	86024969701	1604748	true	10	86024969710	1	65536
3749697	82907	033801c302023230	124085454276	0	false	2	124085454277	1	65536
3750033	82914	0314823920031123	189471458904	0	false	4	189471458907	1	65536
3750042	82914	30cf92f0a3303000	81235691642	0	false	1	81235691642	1	65536
3752129	82961	2acd030ae3133031	16490516723	0	false	3	16490516725	1	65536
3755125	83027	014ddad812323030	272878940271	0	false	11	272878940281	1	65536
3755905	83044	2369e83bc3320330	235375068971	0	false	2	235375068972	1	65536
3756524	83057	021d4bf400223001	114365243792	0	false	1	114365243792	1	65536
3757084	83070	2fface4382321300	279978806971	0	false	11	279978806981	1	65536
3757356	83076	0340083a22030031	202770096560	0	false	1	202770096560	1	65536
3759299	83119	23a80afc03002120	20630491125	0	false	4	20630491128	1	65536
3759533	83123	28bef97a83302000	225842797707	0	false	4	225842797710	1	65536
3759703	83127	2494197e63221000	164588599087	0	false	1	164588599087	1	65536
3760454	83144	20b3c0df33312300	272226955707	0	false	4	272226955710	1	65536
3760877	83153	2bb29c6032220310	228919260359	0	false	1	228919260359	1	65536
3760968	83155	341370c0a2313330	108769431658	0	false	1	108769431658	1	65536
3762395	83187	3050469510300330	277661525271	0	false	2	277661525272	1	65536
3763208	83204	066451b2a0233133	183845063456	350134	true	1	183845063456	1	65536
3763303	83207	0666264393133003	13083423165	0	false	1	13083423165	1	65536
3763368	83208	0750277143331030	237644036612	118715	true	1	237644036612	1	65536
3764785	83240	2c252cfcd2002030	236640327304	0	false	6	236640327309	1	65536
3764897	83243	01d01ce833131112	213847865870	0	false	1	213847865870	1	65536
3764972	83244	026be01671222211	273921534756	0	false	10	273921534765	1	65536
3767743	83307	03302400f3132001	284730107257	0	false	1	284730107257	1	65536
3768656	83327	03a90b9f40200001	157463181123	0	false	13	157463181135	1	65536
3769770	83352	20f3343541303030	229079747236	0	false	7	229079747242	1	65536
3770511	83368	334073c003200330	167025377697	0	false	7	167025377703	1	65536
3771263	83385	28f43fe040213021	202707346587	0	false	1	202707346587	1	65536
3771386	83388	0203fcce00030301	239611538513	0	false	1	239611538513	1	65536
3771700	83394	2bcc103f03300000	166403666007	0	false	2	166403666008	1	65536
3773104	83425	2f24c4eb02202010	14016621382	0	false	2	14016621383	1	65536
3774177	83449	30fc833f00333300	106263843817	112590	true	3	106263843819	1	65536
3774485	83456	30fdb18f73300300	89743961164	0	false	1	89743961164	1	65536
3774901	83466	300cdcce80303100	162626297307	0	false	3	162626297309	1	65536
3775149	83471	0386f0d002332003	223381704527	0	false	2	223381704528	1	65536
3775984	83490	3174024dd0303100	156815767553	0	false	1	156815767553	1	65536
3776721	83506	0070df4f93233120	219223950106	0	false	5	219223950110	1	65536
3778441	83544	350b5ff8f3212120	121365598335	0	false	2	121365598336	1	65536
3781426	83610	17193adea1221221	219394193543	0	false	4	219394193546	1	65536
3781697	83616	230f8d1201202101	165949867637	0	false	1	165949867637	1	65536
3785430	83699	2d767f8a00120230	170953610223	0	false	3	170953610225	1	65536
3785443	83699	2d28b808d0213121	236517845001	0	false	1	236517845001	1	65536
3785765	83706	0540561240202221	213481055768	0	false	7	213481055774	1	65536
3787984	83756	030ca3c030130300	253084314073	0	false	2	253084314074	1	65536
3789538	83790	02712dbe71231330	5149625724	0	false	13	5149625736	1	65536
3791718	83839	034ac003a2310031	86124272262	0	false	1	86124272262	1	65536
3791995	83845	23ea23eb00123200	287026220447	0	false	1	287026220447	1	65536
3793632	83881	035b0d4cf3333332	53399857495	0	false	2	53399857496	1	65536
3793978	83888	303b07ef53233120	235320698875	0	false	1	235320698875	1	65536
3794856	83908	0352cfb413323233	273703978222	0	false	9	273703978230	1	65536
3796114	83936	023bdb7e61132000	72838575135	0	false	2	72838575136	1	65536
3797409	83964	303cd0cff3320100	148347537214	2082494	true	1	148347537214	1	65536
3797581	83968	024d0b2373203230	81291720069	0	false	1	81291720069	1	65536
3799528	84011	2b9fd01271231300	208215924331	0	false	9	208215924339	1	65536
3800059	84023	009b9d2592102321	31274021202	0	false	6	31274021207	1	65536
3800981	84043	28bffc5330133001	232209614166	292855	true	1	232209614166	1	65536
3804749	84126	268fc005b0032130	185998342622	0	false	3	185998342624	1	65536
3807244	84181	27dc9e3ec0313310	171813551591	0	false	30	171813551620	1	65536
3808056	84199	03af9db4e2011100	145693468253	0	false	18	145693468270	1	65536
3808074	84199	0303f4ecb3203001	150825167110	0	false	1	150825167110	1	65536
3808266	84204	3cddae37e0301000	150478923668	130082	true	1	150478923668	1	65536
3810650	84256	044bfb7313333021	5199314474	0	false	3	5199314476	1	65536
3811225	84268	381ea9adb1112210	234206029977	350134	true	1	234206029977	1	65536
3811834	84281	2536083950332210	137665534253	0	false	2	137665534254	1	65536
3812440	84295	2d37ec4d33303120	240395468473	0	false	1	240395468473	1	65536
3815056	84352	20c84130e3333000	4647535422	0	false	2	4647535423	1	65536
3815135	84354	23f7b24090022300	58785868991	118715	true	1	58785868991	1	65536
3817406	84403	25125b79d0131210	165957697865	38	true	1	165957697865	1	65536
3817460	84404	203a7792d0230131	224831265064	0	false	4	224831265067	1	65536
3818455	84426	0223a3c4c3000130	252283036778	0	false	45	252283036822	1	65536
3819219	84443	33400c0070303330	242918473631	0	false	1	242918473631	1	65536
3821049	84484	012b53f2f1101221	73180247322	0	false	8	73180247329	1	65536
3823474	84537	35078a8fb1120330	253656962588	0	false	13	253656962600	1	65536
3823873	84546	3783401023013320	278369177791	118715	true	1	278369177791	1	65536
3824850	84568	2e91d073c3131230	116731537948	0	false	3	116731537950	1	65536
3825952	84592	03c4d00fb3332302	281903989498	0	false	11	281903989508	1	65536
3828994	84659	26fc77cca1303000	286438136290	0	false	1	286438136290	1	65536
3829952	84681	30fb224fe3032220	88788859134	0	false	2	88788859135	1	65536
3831692	84720	22d8be4871012031	239218861634	1	true	1	239218861634	1	65536
3834507	84782	32aad977e1302210	238982012259	0	false	1	238982012259	1	65536
3834913	84791	01c0033e30030303	59702784595	0	false	13	59702784607	1	65536
3835134	84796	05675130e1030130	27600057396	2032370	true	4	27600057399	1	65536
3835147	84796	26a4f76301101230	103239172221	0	false	1	103239172221	1	65536
3835865	84812	24104f0082000300	84258952216	0	false	1	84258952216	1	65536
3836197	84820	20c2100370031231	219310545886	0	false	10	219310545895	1	65536
3836905	84835	23019c4073110301	64523672452	0	false	3	64523672454	1	65536
3837744	84853	00740ff142120232	83992324205	0	false	8	83992324212	1	65536
3837948	84858	3000a03fc0021220	104549707586	990240	true	1	104549707586	1	65536
3838168	84863	337920bc31213330	74547913904	0	false	1	74547913904	1	65536
3838295	84866	3c42bfa323000300	83958860023	0	false	2	83958860024	1	65536
3841405	84935	0167528611030203	20480884018	0	false	8	20480884025	1	65536
3842136	84950	31ef0d4211320000	246142980023	0	false	4	246142980026	1	65536
3842151	84951	01faebee22000212	249099924597	0	false	4	249099924600	1	65536
3844525	85004	247807ea40030231	169449215015	0	false	2	169449215016	1	65536
3844693	85007	3303d2b020231330	242758576998	0	false	22	242758577019	1	65536
3844890	85012	20f42e4e30232001	39539076226	0	false	7	39539076232	1	65536
3846079	85039	27bfc3c3d3332300	16100245521	130386	true	4	16100245524	1	65536
3846303	85044	054f00d100010003	132727640601	0	false	1	132727640601	1	65536
3846825	85055	3c07c07fc0000000	120739815848	0	false	4	120739815851	1	65536
3847491	85070	2dec2ffdc2130320	264175036341	0	false	8	264175036348	1	65536
3848833	85100	2d3d49d452011011	111406111123	0	false	4	111406111126	1	65536
3849754	85120	31c088b332331320	245916983677	0	false	1	245916983677	1	65536
3851207	85153	03f3cb03a2022332	212918808505	403021	true	1	212918808505	1	65536
3853426	85202	05bc12c8b2000201	274632108112	0	false	7	274632108118	1	65536
3854113	85217	343ff4fcc2313300	159865635259	621544	true	6	159865635264	1	65536
3854191	85219	0243f37033232102	188268947649	2032160	true	5	188268947653	1	65536
3854798	85233	20f7fff083333330	246301948314	0	false	1	246301948314	1	65536
3856329	85266	24b34a8420303030	280903782338	0	false	2	280903782339	1	65536
3856359	85267	246b0d4391323211	44602585617	0	false	9	44602585625	1	65536
3857022	85282	065f38e350101100	247730721733	0	false	1	247730721733	1	65536
3857291	85288	093ebc0a00300000	246208803753	0	false	3	246208803755	1	65536
3857673	85296	23fcc3c4f3310330	5349601315	140360	true	2	5349601316	1	65536
3858025	85304	2e36b8a3d1212320	91503110704	0	false	1	91503110704	1	65536
3859606	85339	03e0fe43c1213033	105328175240	0	false	1	105328175240	1	65536
3859805	85343	0345290b92302120	215646482834	0	false	5	215646482838	1	65536
3862064	85392	03173e73f0100310	172860655591	0	false	1	172860655591	1	65536
3862996	85413	22e950a511033220	189229384917	0	false	5	189229384921	1	65536
3863067	85415	2377ec8171203320	229115609661	0	false	3	229115609663	1	65536
3863217	85418	3adf3ee222023010	115371456552	0	false	1	115371456552	1	65536
3863269	85419	02c9131ed0233230	231180013071	0	false	8	231180013078	1	65536
3865608	85472	32810c33f3003030	109504459795	0	false	3	109504459797	1	65536
3865705	85474	22f6f091a0002021	108473150882	0	false	1	108473150882	1	65536
3865997	85480	30a50053e0031320	136423124356	0	false	3	136423124358	1	65536
3866143	85484	28fa043aa0032201	211824315179	0	false	6	211824315184	1	65536
3867639	85518	07b2e1fa33312310	46414781905	0	false	2	46414781906	1	65536
3868626	85540	21a92a5663121110	55742522216	0	false	2	55742522217	1	65536
3870748	85587	3367113820333300	233071995349	0	false	3	233071995351	1	65536
3871762	85609	03cf712f22133030	257176819914	0	false	14	257176819927	1	65536
3871980	85614	02020c71c0130032	6699124669	0	false	7	6699124675	1	65536
3872108	85617	29266df8a1321220	161435796114	0	false	7	161435796120	1	65536
3873955	85658	2cedf6b052002110	100508541564	0	false	4	100508541567	1	65536
3874565	85671	30ffcf8c32010320	66771758704	0	false	6	66771758709	1	65536
3874958	85680	03748e2731133300	270058552906	0	false	6	270058552911	1	65536
3877130	85728	2cdff4aef0013330	37994489163	140360	true	1	37994489163	1	65536
3877334	85732	34029723b0333330	82902511903	0	false	3	82902511905	1	65536
3877570	85737	280dc54f12013330	257655694473	0	false	1	257655694473	1	65536
3877793	85742	010303c3c0311330	11419102408	0	false	7	11419102414	1	65536
3882756	85852	0131ad40e3300202	216564291816	0	false	2	216564291817	1	65536
3884043	85881	2d1dbd3822233210	12852713984	0	false	2	12852713985	1	65536
3887546	85959	021f82f833023133	186309799201	0	false	1	186309799201	1	65536
3888828	85986	2c7ffd2202333330	204618220158	0	false	1	204618220158	1	65536
3888964	85990	23ad6ce7a1001000	110153912196	0	false	1	110153912196	1	65536
3889583	86003	0d1102c4e0100120	40504386676	0	false	55	40504386730	1	65536
3890004	86013	200dfdf780200001	150369085163	0	false	3	150369085165	1	65536
3890298	86019	06a9f27230203111	169074939637	0	false	1	169074939637	1	65536
3890586	86025	07f9035c41101222	143387105828	169652	true	1	143387105828	1	65536
3890699	86028	20c4208400030010	91734703820	0	false	2	91734703821	1	65536
3893640	86093	010d031b03333020	180757346572	0	false	4	180757346575	1	65536
3893991	86101	2481ea7c22110100	5177765274	0	false	9	5177765282	1	65536
3894681	86117	00b3a3fa42201122	160591200257	0	false	19	160591200275	1	65536
3895872	86144	035c73e0c2302000	34922398773	0	false	1	34922398773	1	65536
3897303	86175	02033c0c00203000	104889344109	112590	true	1	104889344109	1	65536
3897789	86186	23a213e8c1210311	68441648468	0	false	4	68441648471	1	65536
3898917	86211	33000ed7e0232000	146611121998	0	false	2	146611121999	1	65536
3900275	86241	2fd2082143002310	10928100826	0	false	5	10928100830	1	65536
3900710	86250	03eccdf7c0130233	44779497989	0	false	20	44779498008	1	65536
3900873	86254	294e2bbf71201230	197837378535	126407	true	1	197837378535	1	65536
3901694	86272	224680cff2333030	21859917620	0	false	1	21859917620	1	65536
3902214	86283	310d4df923203100	74151532032	0	false	1	74151532032	1	65536
3902461	86289	2025427c43220000	43338365221	0	false	3	43338365223	1	65536
3903131	86304	037a343143202331	128283236927	0	false	31	128283236957	1	65536
3904557	86335	043fcd3c13300012	277833149974	0	false	1	277833149974	1	65536
3908342	86419	2378da6ee0232000	102512355860	142291	true	1	102512355860	1	65536
3910246	86461	00f003e800002330	275741712529	0	false	2	275741712530	1	65536
3911629	86491	0e790f1a33303030	38634966766	0	false	5	38634966770	1	65536
3912845	86518	01778a9da2122100	172827220105	350134	true	1	172827220105	1	65536
3913416	86531	20de28fea0303300	22066128078	0	false	25	22066128102	1	65536
3914515	86555	2f7eb5f7a3320010	267587278328	118715	true	1	267587278328	1	65536
3915811	86584	038a7e7f81030331	183555543089	350134	true	1	183555543089	1	65536
3917179	86614	0147cd4032030001	132893052073	0	false	6	132893052078	1	65536
3917551	86622	2022ed2802323020	3861684023	0	false	3	3861684025	1	65536
3917699	86626	33d9064d30312130	273338919089	0	false	10	273338919098	1	65536
3918068	86634	3033f0f3f1312020	199859086879	2012098	true	1	199859086879	1	65536
3919429	86664	3203882eb3103330	156334383375	0	false	8	156334383382	1	65536
3920841	86696	252c80d200121220	57237579977	0	false	1	57237579977	1	65536
3921134	86702	2bf153ecf0100320	50170355531	0	false	3	50170355533	1	65536
3922519	86732	2a2ff2f093003130	56674508270	0	false	4	56674508273	1	65536
3922659	86735	37ca10e001331000	104339920742	0	false	21	104339920762	1	65536
3923495	86753	2117646743331310	238439576765	0	false	4	238439576768	1	65536
3923498	86753	2d5a098451111120	73584553039	0	false	4	73584553042	1	65536
3924006	86765	2a66d7df61012000	104979101304	0	false	9	104979101312	1	65536
3924602	86778	2e4ace36b1230210	56882480155	0	false	1	56882480155	1	65536
3925008	86787	022fd0fff0000332	53744446002	0	false	18	53744446019	1	65536
3927047	86833	02f04edcf2013321	279669103315	0	false	2	279669103316	1	65536
3927242	86838	37c4a88c41231000	174863282930	0	false	6	174863282935	1	65536
3931296	86927	2397c288f2032331	235107912681	0	false	3	235107912683	1	65536
3933251	86970	37ed6110d0310100	185226857240	0	false	3	185226857242	1	65536
3934474	86997	0517bcfd30323110	77575141347	0	false	1	77575141347	1	65536
3934611	86999	0af4bf62a0213230	180829881820	0	false	16	180829881835	1	65536
3935378	87017	05eddc3923332000	133407993309	0	false	2	133407993310	1	65536
3935430	87018	028cc0f273003230	146686637769	0	false	1	146686637769	1	65536
3935444	87018	01f7d8fbc3233320	245850894499	0	false	11	245850894509	1	65536
3935465	87019	27b30c3ae3323220	87077682784	0	false	1	87077682784	1	65536
3939436	87107	2aa90cabb0020030	10498096506	0	false	4	10498096509	1	65536
3940403	87128	06ad8eee92202121	213492328616	0	false	1	213492328616	1	65536
3941022	87141	28deb3c231312200	205121661190	0	false	3	205121661192	1	65536
3942243	87169	3014123ff0021320	254983178495	402165	true	3	254983178497	1	65536
3942451	87174	2dfe743f10231030	102002319033	0	false	2	102002319034	1	65536
3942554	87176	042be10900110031	59344991624	116502	true	1	59344991624	1	65536
3942698	87179	2cf94fbe51102110	191455513463	0	false	35	191455513497	1	65536
3942948	87184	064d2b7950021230	124140705685	0	false	26	124140705710	1	65536
3943831	87204	06249262b0111120	43471810244	0	false	1	43471810244	1	65536
3945201	87234	03453ebf01131020	32215172456	0	false	1	32215172456	1	65536
3945278	87236	21c7f0b3d2300011	283090127302	0	false	1	283090127302	1	65536
3945512	87241	2dda0324f2032320	243811489878	0	false	7	243811489884	1	65536
3945615	87244	04924dfcb3303033	103057678069	0	false	4	103057678072	1	65536
3946569	87264	20000de1d3011000	185249163702	0	false	30	185249163731	1	65536
3946982	87274	220b223943133330	120831234038	0	false	1	120831234038	1	65536
3947910	87294	034934d6c3020230	129171647075	0	false	25	129171647099	1	65536
3947938	87295	03023cfbf0303020	213359471096	0	false	2	213359471097	1	65536
3949754	87335	3508ce4f03303320	116850837069	140360	true	1	116850837069	1	65536
3950356	87348	325ff4a0c3222320	65018505230	0	false	14	65018505243	1	65536
3951134	87366	37993c4c00330200	266643323784	0	false	2	266643323785	1	65536
3954139	87433	265297e000221020	180388340646	0	false	9	180388340654	1	65536
3954749	87447	07f0780643231012	71873707209	0	false	2	71873707210	1	65536
3955400	87461	27a12eb492331021	293840009987	0	false	7	293840009993	1	65536
3957834	87514	2231ea70a3322111	60300781077	0	false	1	60300781077	1	65536
3958281	87524	35f8e7b073313210	98606331784	0	false	4	98606331787	1	65536
3958285	87524	2bfe43fe50200030	158750271231	0	false	9	158750271239	1	65536
3958299	87524	03ce288352200320	43559353580	0	false	2	43559353581	1	65536
3959008	87539	0337fe3252303230	75736420752	0	false	1	75736420752	1	65536
3960960	87582	229be49981221221	30422833391	0	false	2	30422833392	1	65536
3961113	87585	21fd289e92032030	238522448161	0	false	18	238522448178	1	65536
3963833	87646	314c0cf3e0003200	277979348593	0	false	14	277979348606	1	65536
3963860	87647	2ff57d0ff2011220	5413308775	0	false	2	5413308776	1	65536
3964051	87651	31e52a9141131130	25621619702	0	false	60	25621619761	1	65536
3964896	87669	30f2290ea1003030	125916047980	0	false	6	125916047985	1	65536
3965844	87691	06ece43801101000	265364482148	0	false	4	265364482151	1	65536
3966035	87695	0133ffefd0300300	96368924739	2143474	true	1	96368924739	1	65536
3966898	87713	2fcd100373003000	210010183106	1978145	true	1	210010183106	1	65536
3967402	87725	2e3b8f0001123200	70378755709	0	false	1	70378755709	1	65536
3968467	87748	00730300b1003203	253810192242	0	false	2	253810192243	1	65536
3969744	87777	22e30c03c3330130	159701533538	0	false	2	159701533539	1	65536
3969895	87781	01bcefebc0313310	6070991352	0	false	1	6070991352	1	65536
3970407	87792	01a65585e3030110	279848365670	0	false	3	279848365672	1	65536
3970774	87801	348fd45303011200	124430831273	0	false	18	124430831290	1	65536
3970909	87803	2eef8c9f43220300	7349663539	0	false	1	7349663539	1	65536
3971038	87806	301c8c0c00103220	59793334127	0	false	2	59793334128	1	65536
3971629	87819	2f7e2ebe11223010	284162910679	0	false	7	284162910685	1	65536
3973145	87853	3d1f1041c3123010	99341082406	0	false	2	99341082407	1	65536
3973352	87858	2d8f0ffdf3000030	283559831860	0	false	14	283559831873	1	65536
3974034	87873	26fe54eb23132210	23013557257	0	false	17	23013557273	1	65536
3974102	87874	320b5783a0000200	216848737408	0	false	4	216848737411	1	65536
3976514	87928	20b0f2c0a3323320	98636891479	0	false	1	98636891479	1	65536
3977254	87944	03407c1030131300	154699259426	140360	true	2	154699259427	1	65536
3978308	87967	01f3fbbd72133121	262499221794	0	false	4	262499221797	1	65536
3978922	87980	3cf90330c0303000	94428284509	0	false	2	94428284510	1	65536
3979157	87986	28007f07b3320100	51868979508	0	false	10	51868979517	1	65536
3979185	87986	38f0fcff23300100	51072267917	0	false	2	51072267918	1	65536
3980441	88015	02d8db9ee1100230	238235998970	0	false	4	238235998973	1	65536
3981558	88039	027a387682120120	190924568047	0	false	2	190924568048	1	65536
3982755	88066	03494c7830131103	141640584640	0	false	10	141640584649	1	65536
3983275	88077	300a7e01d3330120	178718667920	0	false	4	178718667923	1	65536
3983473	88081	23fcb52f80000031	289142426920	0	false	12	289142426931	1	65536
3983989	88093	2dee521d30203330	81361636609	0	false	3	81361636611	1	65536
3984687	88109	23d90772e1223000	155388785307	0	false	2	155388785308	1	65536
3986005	88138	23302410f3300310	150882570490	63032	true	4	150882570493	1	65536
3986163	88141	0170275260131303	36636108511	154409	true	1	36636108511	1	65536
3987480	88170	094e011782311213	222931828936	0	false	2	222931828937	1	65536
3987544	88171	027e49b5d2311112	269604157308	350134	true	1	269604157308	1	65536
3991314	88255	03d3defd00120213	115098562869	0	false	2	115098562870	1	65536
3993608	88306	23e82fa3f3321030	123343388298	0	false	2	123343388299	1	65536
3993830	88310	30338179e0010320	293013523212	0	false	1	293013523212	1	65536
3993936	88313	029c0fffa1010313	182465374768	0	false	1	182465374768	1	65536
3994195	88318	06b861a631230212	47622375956	0	false	7	47622375962	1	65536
3996092	88360	01430ff341310001	249144556395	0	false	4	249144556398	1	65536
3996798	88376	20c3cf7e80202000	261668000227	118715	true	1	261668000227	1	65536
3996877	88377	0faf1ffb11332021	48903094538	0	false	1	48903094538	1	65536
3997321	88387	04df4d2633200013	81467694634	0	false	3	81467694636	1	65536
3997751	88396	03820e8380232202	86517797429	0	false	28	86517797456	1	65536
3998544	88414	2bcc055f32000100	23565657892	0	false	9	23565657900	1	65536
3999098	88426	247e304c20300300	156122417559	0	false	15	156122417573	1	65536
3999991	88446	0010c5f930330230	28888984996	0	false	2	28888984997	1	65536
4002319	88498	017c750f52303330	145988361786	0	false	1	145988361786	1	65536
4003212	88517	37c020de43200010	92843850864	0	false	3	92843850866	1	65536
4006564	88590	0315c071e1301300	209392117328	0	false	12	209392117339	1	65536
4006976	88599	21f8faae50212030	170757092463	0	false	1	170757092463	1	65536
4007725	88616	01036be090001100	243176135874	0	false	32	243176135905	1	65536
4008056	88623	21dce33b42033330	124117558324	0	false	6	124117558329	1	65536
4008072	88624	31e11d42f0010020	1505635121	0	false	2	1505635122	1	65536
4010376	88675	2944d8c522331201	74979975212	350134	true	1	74979975212	1	65536
4012648	88724	02427be5c0000213	186263092327	0	false	1	186263092327	1	65536
4015513	88787	279e4a0fa3311000	131112165257	0	false	7	131112165263	1	65536
4015580	88789	36a97e09e2002000	254449825015	0	false	3	254449825017	1	65536
4015649	88790	0310300a20002130	93764979621	0	false	3	93764979623	1	65536
4016240	88804	2dfc8cf833322020	246128950180	0	false	2	246128950181	1	65536
4016485	88809	351fc77651210110	107527663590	0	false	1	107527663590	1	65536
4016738	88815	2bd367a7d0012210	201291935886	0	false	17	201291935902	1	65536
4018924	88863	2323a37a03001200	219133410192	0	false	4	219133410195	1	65536
4019194	88869	0034d7cef0201332	71092638252	903924	true	2	71092638253	1	65536
4020065	88888	3cc03d2003033310	103872753633	0	false	1	103872753633	1	65536
4020213	88891	2d9418d6b0121310	285983928608	0	false	5	285983928612	1	65536
4020529	88898	0325b2dd43131212	43780400990	0	false	2	43780400991	1	65536
4020658	88901	2b4d4de532201100	4249866927	0	false	29	4249866955	1	65536
4021682	88923	2f3a302382133100	220705196888	0	false	2	220705196889	1	65536
4022754	88948	3027072091023310	226777749164	0	false	2	226777749165	1	65536
4023432	88963	2441d76001000011	47713249385	116494	true	1	47713249385	1	65536
4023749	88970	0058cf9e03220020	81206711962	0	false	20	81206711981	1	65536
4024572	88988	01dcff33f0313313	151271477545	0	false	1	151271477545	1	65536
4025013	88998	3b5efb23f0300000	270355426338	0	false	18	270355426355	1	65536
4026661	89034	0028ff0e72103231	94515402116	0	false	3	94515402118	1	65536
4027185	89046	28f3fa0d00300010	256677935953	0	false	6	256677935958	1	65536
4027463	89052	03ac0d0c33302000	211186903069	0	false	9	211186903077	1	65536
4027560	89054	23ffc8e833210031	150460195492	292824	true	1	150460195492	1	65536
4030660	89122	269e4be291022011	179421988544	140360	true	2	179421988545	1	65536
4031505	89141	319fdab0c1101320	169365390799	0	false	28	169365390826	1	65536
4033195	89178	04a1d8f232221201	101305049322	0	false	8	101305049329	1	65536
4036261	89245	03ce8b31f0132013	111124622264	0	false	7	111124622270	1	65536
4036482	89251	300bcdf341012130	95895194071	0	false	5	95895194075	1	65536
4036695	89255	37090fcde3220000	240665556899	0	false	2	240665556900	1	65536
4038269	89290	2153615392312111	172107665567	0	false	6	172107665572	1	65536
4038421	89293	2263e130a1011331	259161586516	0	false	7	259161586522	1	65536
4038799	89302	2f6b944ae2031020	126741534902	0	false	2	126741534903	1	65536
4038975	89306	2deeaea380020120	114257267139	0	false	66	114257267204	1	65536
4039169	89310	2261d43480311030	164889038543	0	false	1	164889038543	1	65536
4039486	89317	0115520ff0102310	18283948517	140360	true	1	18283948517	1	65536
4039751	89323	28bcd12523001330	170178863613	0	false	3	170178863615	1	65536
4039754	89323	2b7fde8bc1121230	63782781280	0	false	4	63782781283	1	65536
4040257	89334	07147e94d0031000	133720654639	0	false	4	133720654642	1	65536
4041757	89367	356cc29e71013330	178250955321	0	false	3	178250955323	1	65536
4042022	89373	3105d6fd23023320	33003871316	0	false	1	33003871316	1	65536
4042355	89380	0110c089f3001211	87885994368	0	false	2	87885994369	1	65536
4043013	89395	2071880302011300	227808006619	0	false	16	227808006634	1	65536
4043318	89402	2200a53400333111	230332530194	118715	true	2	230332530195	1	65536
4043408	89404	33db58e741220220	288562201490	0	false	5	288562201494	1	65536
4044478	89427	31e35e8da0000020	179327955891	0	false	17	179327955907	1	65536
4045054	89440	00308bcd00300300	37882411937	1730750	true	2	37882411938	1	65536
4046253	89467	30340e00b3313000	20705988044	0	false	2	20705988045	1	65536
4046255	89467	03d70340e0033313	216155075475	140360	true	1	216155075475	1	65536
4046512	89472	2b6d8ec223130001	129247727035	0	false	2	129247727036	1	65536
4048191	89509	2273595cf0101000	237803594379	0	false	24	237803594402	1	65536
4048447	89515	30f1800003303020	247013606280	0	false	5	247013606284	1	65536
4049755	89543	2c0f48c3d0302001	130536155972	0	false	2	130536155973	1	65536
4049776	89544	24f50e3ef1000101	229192274352	0	false	1	229192274352	1	65536
4051014	89571	013cfcc871033332	215842245681	0	false	2	215842245682	1	65536
4051960	89593	37dafd02a2323320	16207093099	0	false	1	16207093099	1	65536
4052706	89609	38fa724002023120	258660585298	0	false	3	258660585300	1	65536
4054484	89648	22f5c308b0320331	91008674692	0	false	4	91008674695	1	65536
4055498	89671	0a5e9eebd2212131	254805667358	548985	true	1	254805667358	1	65536
4056475	89692	3410f00f83010000	7122204079	118715	true	1	7122204079	1	65536
4058420	89735	037acbe5d1030203	171937155219	0	false	2	171937155220	1	65536
4059612	89762	30030f7400301020	258301079974	140360	true	1	258301079974	1	65536
4059838	89767	335d0003f3321330	54966553529	0	false	1	54966553529	1	65536
4060957	89791	08a3e13fe2301320	215362463025	0	false	17	215362463041	1	65536
4065265	89886	01248753c0133331	36227833355	0	false	30	36227833384	1	65536
4065724	89896	2dd0400383133310	65452229432	0	false	2	65452229433	1	65536
4066134	89905	21480e3a81202111	160086796201	0	false	1	160086796201	1	65536
4067150	89928	2b3f000303123310	270879751811	0	false	19	270879751829	1	65536
4067540	89936	27837dd141111201	281488680799	350134	true	1	281488680799	1	65536
4069967	89990	2df8284071313030	146677199705	168208	true	7	146677199711	1	65536
4070323	89998	290732d3f3300310	17874782228	0	false	6	17874782233	1	65536
4072588	90048	06d6e79e60122132	86751724407	350134	true	1	86751724407	1	65536
4072655	90049	29334701c1001201	95544468010	0	false	4	95544468013	1	65536
4072710	90050	03728df6f3022003	275533177822	0	false	1	275533177822	1	65536
4072729	90051	3451e8f752011010	187216264007	0	false	1	187216264007	1	65536
4073909	90077	03dc090fd0312200	134190417347	118715	true	4	134190417350	1	65536
4073911	90077	370243f702002320	41462584231	0	false	1	41462584231	1	65536
4075165	90105	0250f34fb0330323	228846595556	0	false	1	228846595556	1	65536
4076195	90127	31ff0023f3010000	247544128032	0	false	2	247544128033	1	65536
4076512	90134	05ee534021330130	87317165898	0	false	1	87317165898	1	65536
4078211	90173	3dab792780331200	106160691634	0	false	2	106160691635	1	65536
4081397	90243	0e2fbb8820003230	278148235687	0	false	5	278148235691	1	65536
4081468	90245	393f4b46d1011020	237358941719	0	false	7	237358941725	1	65536
4081504	90246	2afd50e8c0301030	283184705793	1844185	true	2	283184705794	1	65536
4082017	90257	313653c1e0333130	218056766517	0	false	1	218056766517	1	65536
4082080	90258	2e0b096f51002211	38303287159	350134	true	1	38303287159	1	65536
4082902	90276	2fc38c0033323320	206407915349	118715	true	1	206407915349	1	65536
4083278	90285	265e1345c2031131	110544348297	0	false	5	110544348301	1	65536
4084171	90305	3a44a47ac2333200	140672353884	0	false	19	140672353902	1	65536
4086598	90359	258936d9a2122111	101783111811	0	false	2	101783111812	1	65536
4087214	90373	2ac7843433310101	28358517237	0	false	2	28358517238	1	65536
4087670	90383	03c8cfb730330033	66773520513	140360	true	1	66773520513	1	65536
4089205	90417	2be6969d10110130	154578781420	350134	true	1	154578781420	1	65536
4091151	90460	2882ca54f2030100	45728334665	0	false	2	45728334666	1	65536
4093562	90512	320014d4a3313330	83189006015	0	false	4	83189006018	1	65536
4094283	90528	030302a793100020	228011328905	118715	true	1	228011328905	1	65536
4095376	90553	0af75004f3320031	249146160746	0	false	8	249146160753	1	65536
4096286	90572	23421d3c00023301	85505781898	0	false	3	85505781900	1	65536
4096368	90574	2083c802b1211000	139560907306	1	true	1	139560907306	1	65536
4097819	90606	260be888f1013231	252885148550	0	false	1	252885148550	1	65536
4098138	90613	27e88e3841120231	93726075894	0	false	14	93726075907	1	65536
4098317	90617	201cffcdb0133201	76947525087	0	false	3	76947525089	1	65536
4098974	90632	03f4c07750132212	264353122857	0	false	1	264353122857	1	65536
4099426	90642	0302969f52013310	59662929893	0	false	17	59662929909	1	65536
4099455	90643	0085183e30120221	262502164481	0	false	8	262502164488	1	65536
4100225	90660	3015434743023100	127492034482	0	false	4	127492034485	1	65536
4101669	90693	039cfaa302020101	130508672408	0	false	5	130508672412	1	65536
4102100	90702	0300a14b23100000	50971549376	0	false	12	50971549387	1	65536
4102373	90709	0109f4bf03300330	94754289068	0	false	2	94754289069	1	65536
4102479	90711	2d0dd6c810203300	141024950693	0	false	4	141024950696	1	65536
4103853	90741	2f30540d80330001	223125576094	0	false	6	223125576099	1	65536
4104219	90749	224d42ffd2212030	293955794361	0	false	2	293955794362	1	65536
4106337	90796	332032fff3330310	282274698626	0	false	4	282274698629	1	65536
4106339	90796	032fffbf30310032	160132256346	0	false	1	160132256346	1	65536
4106406	90798	224bbc7783031320	242208408612	0	false	5	242208408616	1	65536
4107437	90820	24753fb2d3012100	214145407425	0	false	7	214145407431	1	65536
4109085	90856	011f9ec4f0131123	254926344085	0	false	1	254926344085	1	65536
4111633	90912	33ffb3cc02102310	82740053096	0	false	3	82740053098	1	65536
4111676	90913	2228ef8803000320	13057711543	0	false	17	13057711559	1	65536
4112178	90925	31c8dd3220310300	20377671673	0	false	7	20377671679	1	65536
4113877	90962	0252524ce2133031	281882078981	0	false	13	281882078993	1	65536
4113882	90962	264ce7a7a3112301	104049490805	0	false	7	104049490811	1	65536
4114596	90978	23a3e8e771112330	195883721838	0	false	1	195883721838	1	65536
4114887	90984	297aa0e030332230	233951350956	549393	true	1	233951350956	1	65536
4115173	90991	33a3031031220120	206549568611	1	true	7	206549568617	1	65536
4117401	91040	30ccf4fd30333230	86573478569	0	false	3	86573478571	1	65536
4117432	91041	0360ff90f1000331	169984762467	0	false	1	169984762467	1	65536
4118042	91055	2c8fccf042033020	84308478220	0	false	27	84308478246	1	65536
4118132	91057	27ad02ce33030300	166471912037	0	false	3	166471912039	1	65536
4118921	91075	392057c033013200	91498205303	0	false	12	91498205314	1	65536
4119669	91092	2b000f0012010130	270953872685	0	false	6	270953872690	1	65536
4121088	91123	2b31b05461000020	57968911386	0	false	7	57968911392	1	65536
4122806	91161	0349370000003233	58345849908	118715	true	1	58345849908	1	65536
4122908	91163	274c49df01323310	3114542477	0	false	1	3114542477	1	65536
4123902	91185	23a80250c3100230	142916994060	0	false	6	142916994065	1	65536
4126163	91236	292270e7d3232120	82158906115	0	false	12	82158906126	1	65536
4127126	91257	03530ff601020003	31482251607	0	false	1	31482251607	1	65536
4129496	91308	034e48bf33300130	233780081133	140360	true	1	233780081133	1	65536
4130006	91319	0bce8cedc0123320	173481027073	0	false	10	173481027082	1	65536
4131448	91351	237efe3de3301101	156128934446	0	false	1	156128934446	1	65536
4132770	91380	3228873000003300	93945340634	0	false	1	93945340634	1	65536
4133227	91390	0d94c3fd13133030	119344704753	0	false	30	119344704782	1	65536
4133690	91401	203f773543232301	140904449487	0	false	8	140904449494	1	65536
4133718	91401	200e494840303001	105392248133	0	false	3	105392248135	1	65536
4133843	91404	2b52fce792230030	151647582265	0	false	4	151647582268	1	65536
4134631	91421	01efb838d2330120	168412412585	0	false	7	168412412591	1	65536
4137220	91478	074cc5d0b0000301	281444709688	0	false	9	281444709696	1	65536
4138887	91515	01070f6d00311100	198843276109	0	false	1	198843276109	1	65536
4139982	91539	304bbecdc0320010	264181380810	0	false	1	264181380810	1	65536
4140013	91540	05faa41562112130	62228668751	0	false	3	62228668753	1	65536
4140399	91549	20cc505cc0301221	41576491125	0	false	1	41576491125	1	65536
4140656	91554	0517f231e0030330	10310345844	0	false	68	10310345911	1	65536
4140878	91559	073463bac0032201	226453864230	0	false	4	226453864233	1	65536
4144071	91630	039040d470012312	177135092990	140360	true	1	177135092990	1	65536
4145108	91653	293e6c91c3313100	187656588969	0	false	12	187656588980	1	65536
4145881	91671	249373ed40312010	292606780895	118715	true	1	292606780895	1	65536
4149153	91743	23d8cd4cc0013320	98940339089	0	false	3	98940339091	1	65536
4150174	91766	310c502ce1023100	93419274585	0	false	1	93419274585	1	65536
4151381	91792	3744bce4e1122020	63020896939	0	false	6	63020896944	1	65536
4151607	91797	0a7085dca2303312	92022664759	0	false	5	92022664763	1	65536
4155244	91878	2f24660763323320	65021870655	0	false	7	65021870661	1	65536
4155665	91887	3bf2cc84f2022210	133560541803	0	false	1	133560541803	1	65536
4156441	91904	2b2ebcdbf2130310	196133719981	0	false	2	196133719982	1	65536
4160122	91986	01ce9c5e01103123	245679774823	0	false	2	245679774824	1	65536
4160556	91996	0ba4cccd00300300	225971423050	154409	true	1	225971423050	1	65536
4161682	92020	0332ffc900102123	136031569064	0	false	2	136031569065	1	65536
4164248	92077	03ed4d0e33031000	123999275558	0	false	2	123999275559	1	65536
4164432	92081	20ff3f3df1313010	23372826631	0	false	7	23372826637	1	65536
4164836	92090	373fc00c32230200	235857913888	0	false	4	235857913891	1	65536
4165091	92095	23cc3e8801030201	133742732536	0	false	3	133742732538	1	65536
4167113	92140	36fb1af073131000	105395198294	0	false	7	105395198300	1	65536
4167121	92140	021e3cc172203213	121015725377	0	false	3	121015725379	1	65536
4167124	92140	2fc3821e30013220	24468580470	0	false	5	24468580474	1	65536
4167550	92150	3259809820301300	193973646353	0	false	24	193973646376	1	65536
4167653	92152	2cf2fbbbe3333310	292563895547	0	false	2	292563895548	1	65536
4168505	92171	310beff2e3023000	247826912399	0	false	10	247826912408	1	65536
4169464	92192	27a48f3882131310	232236902690	0	false	2	232236902691	1	65536
4169824	92200	345e7dd5b0210030	18968179376	0	false	6	18968179381	1	65536
4170429	92213	2337a39eb0323220	225820321595	0	false	5	225820321599	1	65536
4171114	92228	2f08303c33313010	274865132981	0	false	8	274865132988	1	65536
4171773	92242	0b3c383c02332011	36303239648	0	false	45	36303239692	1	65536
4176184	92340	34303f3f23013210	44255484809	0	false	4	44255484812	1	65536
4177461	92368	2038e01033003330	109991817851	0	false	7	109991817857	1	65536
4177728	92374	000e00ffe0333100	265436570492	0	false	1	265436570492	1	65536
4178447	92390	247313d402003010	94508481902	0	false	7	94508481908	1	65536
4178878	92400	0a25ab79f0023120	268416085435	0	false	7	268416085441	1	65536
4179022	92403	27d7f929f0030010	222604196762	140360	true	1	222604196762	1	65536
4179048	92404	24dd782251323211	120637707175	350134	true	1	120637707175	1	65536
4179090	92404	01246f8243232133	152918132872	350134	true	1	152918132872	1	65536
4179092	92404	06f824b632133122	205229381570	0	false	2	205229381571	1	65536
4179838	92421	2f0240ef71331030	118341300669	0	false	4	118341300672	1	65536
4180649	92439	13e57f3d62003201	21044053410	0	false	7	21044053416	1	65536
4181373	92455	04aff23a33322303	202416999863	118715	true	1	202416999863	1	65536
4181557	92459	03d4f1cbc0223331	259077527226	0	false	11	259077527236	1	65536
4181678	92462	2049f7bed3323231	11403508085	0	false	2	11403508086	1	65536
4183146	92494	02089405a2200211	293733492604	0	false	1	293733492604	1	65536
4183279	92497	02cd83b541202212	214516244972	0	false	2	214516244973	1	65536
4185980	92556	039a8a2253233211	160534672100	0	false	6	160534672105	1	65536
4187074	92580	0045fbd271101033	158001702788	140360	true	1	158001702788	1	65536
4187252	92584	2ba478dc20132030	32861970922	0	false	18	32861970939	1	65536
4192732	92705	020a3cf0f3110223	102873460591	0	false	5	102873460595	1	65536
4192796	92706	037c609743213231	237653681706	0	false	2	237653681707	1	65536
4194856	92751	352f8310e3300200	41939191174	0	false	2	41939191175	1	65536
4195106	92756	2bbe250c33000120	107521662593	0	false	1	107521662593	1	65536
4195828	92772	0331508001123030	251249185832	0	false	3	251249185834	1	65536
4196147	92779	013c7dc6a1011110	1118512952	0	false	3	1118512954	1	65536
4196884	92796	00b0f089a0003032	286555064784	0	false	1	286555064784	1	65536
4197822	92817	01ffd07503130332	160013226507	0	false	4	160013226510	1	65536
4199018	92843	20c45e2082220310	148735177858	0	false	2	148735177859	1	65536
4199697	92858	002b3c28a3033033	31436121305	0	false	11	31436121315	1	65536
4202770	92926	240f100830300330	170030683544	0	false	2	170030683545	1	65536
4203178	92936	2d34833e02213100	274668494410	0	false	3	274668494412	1	65536
4203290	92938	300f90afb0103100	126647174676	0	false	10	126647174685	1	65536
4203621	92945	2fd12ebe00100020	174333641757	0	false	4	174333641760	1	65536
4203994	92954	2d16917d10112230	167851734084	350134	true	1	167851734084	1	65536
4205161	92980	000cc0fc33332321	62130983433	0	false	4	62130983436	1	65536
4207045	93022	2645cc4331203001	69383769421	0	false	1	69383769421	1	65536
4208051	93045	24f8038a83333130	97023072861	0	false	5	97023072865	1	65536
4208499	93054	2b30e9cb22312320	229244290769	0	false	1	229244290769	1	65536
4208553	93055	012f300cc2033220	78968707277	0	false	1	78968707277	1	65536
4209654	93080	2b108bfb10111200	237884877393	0	false	21	237884877413	1	65536
4209984	93087	0123b04f23020103	259841880834	0	false	4	259841880837	1	65536
4210775	93105	01481857f1233001	32416333489	0	false	2	32416333490	1	65536
4211333	93117	2e3e9d00c0133000	163227292714	0	false	1	163227292714	1	65536
4211849	93128	005b57b071230211	1377848502	0	false	2	1377848503	1	65536
4212027	93132	0123dfb0d1000010	43018318269	0	false	5	43018318273	1	65536
4212337	93139	3712089c00131300	43967303051	0	false	1	43967303051	1	65536
4213160	93157	3495b699e2323320	209378279176	0	false	1	209378279176	1	65536
4213163	93157	20449961a1230121	153182777319	0	false	5	153182777323	1	65536
4213463	93164	0143738a23233201	139724525873	0	false	29	139724525901	1	65536
4214678	93191	2e68ff8200210100	146242537910	0	false	2	146242537911	1	65536
4218318	93272	07fbd22302330222	194885799099	0	false	5	194885799103	1	65536
4219139	93290	38247289e0220000	157722355007	292855	true	1	157722355007	1	65536
4219600	93300	2eccf02ce3300030	120389805655	0	false	9	120389805663	1	65536
4219911	93306	02c034f371231031	242204607447	0	false	5	242204607451	1	65536
4220032	93309	3000c180f2203300	255764797875	974611	true	3	255764797877	1	65536
4220510	93320	0ae4a33163113001	15236499320	0	false	4	15236499323	1	65536
4220967	93330	0355019ce2112001	129896584438	350134	true	1	129896584438	1	65536
4222009	93353	278adb2692202100	223736312912	350134	true	1	223736312912	1	65536
4224329	93405	290d763d50030210	253298448213	0	false	2	253298448214	1	65536
4225166	93424	230fc38942302010	105538732188	140360	true	1	105538732188	1	65536
4227016	93465	380cfe3cc3030000	175252978725	0	false	6	175252978730	1	65536
4228029	93487	2574c55ce3311010	6219466672	0	false	1	6219466672	1	65536
4228122	93489	394cd3f4a0012030	104077365816	0	false	1	104077365816	1	65536
4229464	93519	3245045cf2201030	199041079382	0	false	2	199041079383	1	65536
4230179	93535	05c0f3ffc2111332	45120506374	0	false	5	45120506378	1	65536
4231225	93558	0785a6e642122121	7630996685	0	false	2	7630996686	1	65536
4235102	93645	2c350b80f0000030	185607004827	0	false	5	185607004831	1	65536
4235805	93660	302d0b3303310220	210732617080	0	false	33	210732617112	1	65536
4236845	93683	31cf14f703100300	181077825952	0	false	1	181077825952	1	65536
4237367	93694	2659424a00021020	89328761817	0	false	36	89328761852	1	65536
4237467	93697	03e54ccaf0023203	267690055764	0	false	1	267690055764	1	65536
4238601	93722	30439c0ac0321000	30175411953	0	false	2	30175411954	1	65536
4240117	93756	2377d24df3330110	295391607333	0	false	1	295391607333	1	65536
4240387	93762	2246105b93223310	290806013961	0	false	1	290806013961	1	65536
4240979	93775	04d3f00820033010	14812648513	0	false	4	14812648516	1	65536
4243609	93833	0242286dc1313112	58128480172	0	false	1	58128480172	1	65536
4243687	93834	2c071cd0c2230030	13450034021	0	false	15	13450034035	1	65536
4246376	93893	348b6924f2003100	229161707653	0	false	1	229161707653	1	65536
4247651	93921	22dfe437c3301231	242788512169	0	false	1	242788512169	1	65536
4248319	93935	030fe18e52211213	64366250701	0	false	3	64366250703	1	65536
4249316	93957	2028dd50c0123120	169293887880	0	false	10	169293887889	1	65536
4249657	93964	01fe4e3871103200	293466173708	140360	true	1	293466173708	1	65536
4250336	93979	2582cbc131011000	237854930698	140360	true	1	237854930698	1	65536
4252103	94018	35ccdd8f30000300	197920095534	0	false	1	197920095534	1	65536
4253736	94054	228cff1400000330	71939337335	0	false	2	71939337336	1	65536
4254887	94080	24da6c37f0031100	43834776874	0	false	2	43834776875	1	65536
4255901	94102	23f1300023010030	211612634276	0	false	4	211612634279	1	65536
4256207	94109	2fd7d23ef0310330	176470114890	154409	true	2	176470114891	1	65536
4256543	94116	2d10087402312330	89620817348	0	false	1	89620817348	1	65536
4258044	94149	203d1103e1002030	211554460744	0	false	1	211554460744	1	65536
4261020	94215	242f8a49a0332020	128053205658	1687975	true	1	128053205658	1	65536
4261466	94225	04f47c0f30113030	105100158540	0	false	1	105100158540	1	65536
4261845	94233	02b52b8eb1121312	3471710045	548650	true	3	3471710047	1	65536
4263196	94262	2ccf7037f2003230	229951087433	0	false	5	229951087437	1	65536
4263997	94281	029d24bff1303202	247024145480	0	false	4	247024145483	1	65536
4264236	94286	250812f203113330	22451939513	0	false	1	22451939513	1	65536
4264725	94297	0081501d12230233	291134776679	0	false	13	291134776691	1	65536
4266092	94327	32c33ce830233100	209284696148	0	false	6	209284696153	1	65536
4266127	94328	023003f003233131	237112804407	0	false	1	237112804407	1	65536
4266145	94328	0383cf0173300333	90566577729	0	false	20	90566577748	1	65536
4266438	94335	20ec5babf1311100	213993442794	0	false	1	213993442794	1	65536
4267929	94367	340863f0f0233330	297136574839	0	false	5	297136574843	1	65536
4268088	94371	22e11468c0103210	178987619651	130005	true	2	178987619652	1	65536
4269409	94400	38e8408fd0020300	236745959334	0	false	8	236745959341	1	65536
4269905	94411	2667e587a0011010	129478763591	0	false	3	129478763593	1	65536
4270073	94415	0300cbecf2330301	158439106925	0	false	1	158439106925	1	65536
4272292	94465	37e34723b0312210	198721058653	0	false	2	198721058654	1	65536
4273139	94484	324c4dced2203000	288857613128	0	false	2	288857613129	1	65536
4273823	94499	352c0e7501103100	274566405010	0	false	31	274566405040	1	65536
4273949	94502	3a0d7ff571331200	142005153600	0	false	23	142005153622	1	65536
4274385	94512	27dca7ced2200300	8307358329	0	false	1	8307358329	1	65536
4274781	94520	03ff83b023031121	164098644916	0	false	11	164098644926	1	65536
4276965	94568	01f4c14671100130	161933546721	0	false	8	161933546728	1	65536
4277818	94586	03e38fc2f1330232	294136880521	0	false	3	294136880523	1	65536
4283024	94701	2add4cbb71220130	262675418074	0	false	33	262675418106	1	65536
4283464	94711	04b3c78c00130000	281518132297	0	false	2	281518132298	1	65536
4284362	94731	2f6e36ff52030130	98895257754	0	false	2	98895257755	1	65536
4285129	94748	30cd280df2300200	187718459148	118715	true	1	187718459148	1	65536
4285592	94758	37ca1fd203110310	41727882787	0	false	1	41727882787	1	65536
4288149	94816	23313cf300122100	275920361222	0	false	1	275920361222	1	65536
4288954	94834	3008fc4f13203320	189239486057	0	false	4	189239486060	1	65536
4292380	94910	0272830fc0003000	246728308685	0	false	1	246728308685	1	65536
4292890	94922	200fde0f00030120	262732805789	0	false	31	262732805819	1	65536
4293940	94945	203bc8ed93310001	296529046796	0	false	1	296529046796	1	65536
4294978	94969	22d2912600311001	119550100594	0	false	17	119550100610	1	65536
4296065	94992	0274e51f30203002	18927107791	0	false	8	18927107798	1	65536
4296380	94999	03a0000c33230212	56552254324	0	false	1	56552254324	1	65536
4297520	95025	00f54000f3102003	128240335439	0	false	5	128240335443	1	65536
4298265	95042	3c7fc08150313300	141222638470	1637804	true	1	141222638470	1	65536
4301457	95113	22040c5ff1020220	194075329542	0	false	1	194075329542	1	65536
4302793	95143	3520638e22330310	259755037885	0	false	5	259755037889	1	65536
4304513	95181	26a002d712032000	69599862558	0	false	14	69599862571	1	65536
4305081	95193	0233a720e3000232	61485456095	0	false	1	61485456095	1	65536
4305748	95208	23f037fff3010331	111740885780	0	false	1	111740885780	1	65536
4305942	95212	3207be3020021000	270049728198	0	false	4	270049728201	1	65536
4306339	95221	020d47ac92030300	269115402823	0	false	8	269115402830	1	65536
4307297	95243	281d5c7653012201	83333453151	0	false	7	83333453157	1	65536
4308861	95277	30349a6ff0130030	256048878256	0	false	14	256048878269	1	65536
4311150	95328	2b3ce037f3130020	246568524637	0	false	3	246568524639	1	65536
4312110	95350	030bdf0032020302	144349456716	0	false	35	144349456750	1	65536
4314693	95409	354a7f4d52102230	269979653185	0	false	4	269979653188	1	65536
4314795	95411	0bca0e3b43101320	14410668840	0	false	1	14410668840	1	65536
4315666	95430	02fffee8c0030120	235331894080	0	false	31	235331894110	1	65536
4317187	95463	35253405b3213130	27459745394	0	false	2	27459745395	1	65536
4317396	95468	07373f88e3123120	201707800620	0	false	4	201707800623	1	65536
4317431	95468	2030fbae31200231	29974706215	0	false	6	29974706220	1	65536
4317755	95476	0037443b03001331	68782236144	0	false	1	68782236144	1	65536
4317791	95476	36bfe39e91333230	292719909880	0	false	14	292719909893	1	65536
4318793	95498	0348ecc430333200	101726050050	0	false	4	101726050053	1	65536
4319672	95518	01ffae38e3010003	60692168950	0	false	12	60692168961	1	65536
4321483	95557	39549e3e31102220	180863926749	0	false	3	180863926751	1	65536
4321654	95561	02740c4e42232210	205204618934	0	false	1	205204618934	1	65536
4322231	95574	28cbc33933200000	262029876319	0	false	1	262029876319	1	65536
4322373	95577	22a0180e33312310	169540944443	0	false	5	169540944447	1	65536
4323573	95604	01cfffd333323203	175167235717	0	false	4	175167235720	1	65536
4324809	95631	2c0807dfc0023200	99183527115	0	false	10	99183527124	1	65536
4326863	95677	2cd45ffff0203320	201509158620	0	false	1	201509158620	1	65536
4326963	95679	320ccc8f42003000	153767477695	338944	true	1	153767477695	1	65536
4327807	95698	283c71d4e3303321	281406873406	1558	true	2	281406873407	1	65536
4328499	95713	0b3c36cb22302323	229089149589	0	false	9	229089149597	1	65536
4329195	95728	0128337342032012	238059954086	0	false	8	238059954093	1	65536
4330039	95747	3007f56381313200	192662292428	370648	true	1	192662292428	1	65536
4330646	95760	300340be50231300	238551116427	0	false	1	238551116427	1	65536
4332594	95803	30230f3240013010	25109114994	0	false	1	25109114994	1	65536
4334523	95845	01d0380da1222302	234484209553	0	false	1	234484209553	1	65536
4334965	95855	06e02698d0100330	242070133445	0	false	1	242070133445	1	65536
4335208	95860	0343f7e0e3313300	274474512358	0	false	4	274474512361	1	65536
4336842	95896	3b233e3f00001000	193146222680	0	false	1	193146222680	1	65536
4337125	95902	20088fcf02300000	3470576367	2097806	true	1	3470576367	1	65536
4337293	95906	2cb4f2c3e3300100	196018299191	292855	true	1	196018299191	1	65536
4339961	95966	0100cfcfb2301020	232133490503	0	false	2	232133490504	1	65536
4339963	95966	33f3ec8c20330030	93619692970	0	false	5	93619692974	1	65536
4340848	95985	02ae579d01200111	91325145596	350134	true	2	91325145597	1	65536
4340907	95986	2fe6243741221320	241526451884	0	false	6	241526451889	1	65536
4341128	95991	23be7d3c02130030	170867742212	1	true	4	170867742215	1	65536
4341767	96005	3100033ff2031000	293237267594	0	false	13	293237267606	1	65536
4341773	96005	20fbe22e81000000	119096434633	0	false	69	119096434701	1	65536
4342125	96013	2cfec3e0c0002030	252994321826	118715	true	1	252994321826	1	65536
4342867	96030	2247dbf8d0031320	152380478035	0	false	4	152380478038	1	65536
4343169	96036	2d2e1f0fc1010130	77568682405	3	true	1	77568682405	1	65536
4344819	96073	022ebc4f03023222	106930739012	0	false	2	106930739013	1	65536
4344976	96077	0300053c72033332	250264016639	0	false	14	250264016652	1	65536
4345010	96078	0031efe4b0231000	61580909924	0	false	1	61580909924	1	65536
4345700	96093	03c03033f0100131	109849630617	0	false	2	109849630618	1	65536
4348117	96148	0335e48943031011	260585302816	0	false	1	260585302816	1	65536
4348422	96154	2ef165c3f2032310	255675900747	0	false	2	255675900748	1	65536
4348445	96155	27424a4050231200	138764279212	0	false	2	138764279213	1	65536
4349124	96170	2e6d1eef03133330	112997841369	0	false	2	112997841370	1	65536
4349221	96172	2fbcd01f02011230	61934182277	0	false	6	61934182282	1	65536
4351971	96232	010249a4b0101002	65501721151	0	false	4	65501721154	1	65536
4353198	96260	02fca04bf0330330	257705636001	0	false	2	257705636002	1	65536
4354924	96298	0029abe861300210	235326699063	0	false	1	235326699063	1	65536
4356465	96332	2201e8fef3011331	275233993411	0	false	7	275233993417	1	65536
4356952	96343	013e0c0df2300030	131017049282	2004025	true	1	131017049282	1	65536
4357530	96356	3b1c0c2163320020	70369285625	0	false	1	70369285625	1	65536
4358557	96379	2d90054df1010300	115419692063	0	false	2	115419692064	1	65536
4358569	96379	01207d76f0303333	141875962534	0	false	14	141875962547	1	65536
4358709	96382	03ff8f7220013121	1991702074	0	false	8	1991702081	1	65536
4359601	96402	2081278f33112130	45385134189	0	false	2	45385134190	1	65536
4360125	96413	20c4b037c3032330	246310147180	0	false	35	246310147214	1	65536
4360281	96417	00477cfbf0123320	156413156630	0	false	5	156413156634	1	65536
4361398	96442	2bf0bff940023210	278995690229	0	false	3	278995690231	1	65536
4362371	96463	03fd1aff20303010	14961260389	0	false	1	14961260389	1	65536
4362443	96464	03a0ffbe00303310	207084461454	0	false	3	207084461456	1	65536
4362637	96469	022f2ede61001311	3612642874	0	false	2	3612642875	1	65536
4362664	96469	2e883c4250200100	216281298928	94616	true	2	216281298929	1	65536
4362798	96472	0390030383333232	107118146987	0	false	1	107118146987	1	65536
4363962	96497	30dcfb48e0322320	262956154607	0	false	4	262956154610	1	65536
4364364	96506	03ff12da00331003	125133326608	0	false	3	125133326610	1	65536
4364402	96507	00309d4a73220120	143118693115	0	false	6	143118693120	1	65536
4364843	96517	21808f3f40030320	256581803541	0	false	5	256581803545	1	65536
4364858	96517	283350f0c1100020	253935880526	0	false	36	253935880561	1	65536
4367130	96567	3000afabd0201000	117736344883	0	false	7	117736344889	1	65536
4370472	96640	07e437afe3330321	284521585348	0	false	3	284521585350	1	65536
4371038	96653	2245371033033300	164927262068	0	false	2	164927262069	1	65536
4371970	96674	03c3437d03333313	143555459409	0	false	8	143555459416	1	65536
4372346	96682	2e0071cc30032200	287602479937	0	false	10	287602479946	1	65536
4372487	96685	09241b4982132000	88901936645	0	false	1	88901936645	1	65536
4375347	96749	22cd002042003330	171052610238	0	false	4	171052610241	1	65536
4376564	96775	21aef9e090032320	36306293987	0	false	7	36306293993	1	65536
4377761	96801	22397a44f2303031	3380629546	0	false	5	3380629550	1	65536
4378767	96824	09fa64cd41203330	82736684417	0	false	2	82736684418	1	65536
4379356	96837	329484c012100010	247982304788	0	false	3	247982304790	1	65536
4380722	96867	2085cf52e1303100	151607337304	0	false	7	151607337310	1	65536
4380809	96869	02d39b9e70000212	216818140791	0	false	3	216818140793	1	65536
4381090	96875	2f500f9fd3301330	247482806742	0	false	31	247482806772	1	65536
4381339	96880	3305a29921000230	209338807424	0	false	5	209338807428	1	65536
4382032	96896	3bfc9e12e0122120	99618189187	0	false	20	99618189206	1	65536
4382309	96902	3024326520000300	100821066511	0	false	2	100821066512	1	65536
4383171	96921	033f3c3e23330103	281445049273	292853	true	2	281445049274	1	65536
4384764	96957	0211b0ffc3000020	116583696161	0	false	34	116583696194	1	65536
4386612	96998	2fcc3f5803023300	97273859889	0	false	3	97273859891	1	65536
4388136	97031	230cffd800000001	4088941935	0	false	2	4088941936	1	65536
4389504	97062	033be06cf0000230	268008206256	0	false	7	268008206262	1	65536
4391222	97099	01eff2fa43123333	271923668870	0	false	8	271923668877	1	65536
4391553	97106	3243772f73132300	9834590561	0	false	9	9834590569	1	65536
4394038	97161	307a435cc3233130	18051327304	0	false	1	18051327304	1	65536
4394551	97172	01269f6923230132	60088873956	0	false	2	60088873957	1	65536
4396804	97222	3acfde3c41301120	182893650155	0	false	2	182893650156	1	65536
4397136	97229	2f51c8dcf1311210	268065576418	0	false	2	268065576419	1	65536
4397154	97229	2042093c91031001	80005600971	0	false	3	80005600973	1	65536
4397331	97233	03537ce770303320	209842490214	0	false	6	209842490219	1	65536
4398199	97252	300bf76cf3020330	115585318458	0	false	13	115585318470	1	65536
4398206	97253	2005e2eae3200000	228602742155	0	false	3	228602742157	1	65536
4398443	97258	012f63dac1103321	229773086835	0	false	10	229773086844	1	65536
4400550	97304	2ffa0eef43301100	128725313039	63032	true	1	128725313039	1	65536
4400739	97308	22dfe4bcf1333030	165091310116	0	false	5	165091310120	1	65536
4400846	97311	011af97003122030	141976149014	0	false	22	141976149035	1	65536
4400864	97311	30cff34503101230	25049563772	0	false	1	25049563772	1	65536
4401490	97325	379c4fecc0011010	32179034930	0	false	17	32179034946	1	65536
4401816	97333	21014173e0323020	195478994240	0	false	2	195478994241	1	65536
4401936	97335	20ecf14a20123120	282618792179	0	false	40	282618792218	1	65536
4404147	97385	3480ef7c20012000	276042724024	0	false	1	276042724024	1	65536
4404359	97390	23f3c80330000000	227499312205	112590	true	1	227499312205	1	65536
4405038	97405	013dfe2142130302	251197450758	0	false	1	251197450758	1	65536
4405282	97411	02dbcdcc71003011	243279588964	0	false	7	243279588970	1	65536
4405592	97417	03fdfd7ef3002122	58598029611	0	false	1	58598029611	1	65536
4405596	97417	010a0200f3203213	241178686624	0	false	2	241178686625	1	65536
4405702	97419	3800fd0003003010	16754138772	0	false	4	16754138775	1	65536
4407052	97449	23931b0093313300	107358519302	0	false	1	107358519302	1	65536
4407355	97456	303c7c0882230030	11720971818	0	false	1	11720971818	1	65536
4407366	97456	25e7d0f573332030	33990024299	0	false	2	33990024300	1	65536
4407620	97462	01d7160043303030	97669734045	0	false	29	97669734073	1	65536
4408082	97472	307cfe3f43030200	109812260519	0	false	4	109812260522	1	65536
4408806	97488	0217e1f483333311	52216052247	350134	true	1	52216052247	1	65536
4408807	97488	21122de0b0233231	202491377466	350134	true	1	202491377466	1	65536
4409118	97495	2478423c73231001	19619604992	0	false	7	19619604998	1	65536
4410163	97518	2107043202300020	207726125366	0	false	26	207726125391	1	65536
4410881	97534	33f002c001000030	247151570304	0	false	6	247151570309	1	65536
4411446	97547	265cf7e442302310	283467208350	0	false	11	283467208360	1	65536
4412376	97568	21f00f8100003000	151958279505	0	false	1	151958279505	1	65536
4414127	97607	0ab1df8a83312231	166170985548	0	false	3	166170985550	1	65536
4414333	97611	20ecb08251000031	290250839297	0	false	5	290250839301	1	65536
4415727	97642	07387de430233111	60909178717	0	false	1	60909178717	1	65536
4416300	97655	05451091f1321131	117689311997	350134	true	1	117689311997	1	65536
4416311	97655	0924891452221212	150152232395	350134	true	1	150152232395	1	65536
4417938	97692	30fc90c903023200	23814360273	0	false	1	23814360273	1	65536
4417955	97692	240ebf7cd2330100	287786389105	0	false	6	287786389110	1	65536
4419199	97719	347bf01d01221220	78873293324	0	false	5	78873293328	1	65536
4420395	97748	3833c02fc0202200	253767081259	862432	true	1	253767081259	1	65536
4421563	97774	35ff523503002330	263218066925	292824	true	1	263218066925	1	65536
4422288	97790	210142d313330330	172458409842	0	false	16	172458409857	1	65536
4422445	97793	2bd2500200001010	269303143502	0	false	16	269303143517	1	65536
4422679	97799	003aff2071022300	166352084190	140360	true	3	166352084192	1	65536
4425027	97850	0bf1cf5fa0233202	22058933008	0	false	1	22058933008	1	65536
4425107	97852	3340431fa2022330	114419806858	0	false	5	114419806862	1	65536
4425768	97867	2d386b1d53312100	273960232196	0	false	6	273960232201	1	65536
4425986	97871	3720f30d10013200	47978765934	0	false	23	47978765956	1	65536
4427721	97910	03c7ef3c30321000	122045692763	0	false	1	122045692763	1	65536
4428833	97935	03a3cf00f3033031	20460385533	0	false	12	20460385544	1	65536
4429119	97941	217f8ce300330000	276084584853	0	false	1	276084584853	1	65536
4429729	97955	323aef8e70233210	109864998442	0	false	5	109864998446	1	65536
4429764	97955	33e68ec253020020	284765588012	0	false	13	284765588024	1	65536
4431054	97984	3989331000000130	198611832404	0	false	5	198611832408	1	65536
4433392	98036	03f22c0ca2210010	50538081315	0	false	11	50538081325	1	65536
4434004	98050	21f4f78031011000	187194187737	0	false	8	187194187744	1	65536
4435949	98092	2745803f82123220	44238219342	0	false	16	44238219357	1	65536
4439839	98178	374120c7e3203100	276234188370	0	false	9	276234188378	1	65536
4441141	98206	298e396b10132120	146160608768	65929	true	1	146160608768	1	65536
4443055	98248	24f04de301030000	174863701469	0	false	4	174863701472	1	65536
4443660	98261	002f740023003023	32875478766	0	false	4	32875478769	1	65536
4444473	98279	20e7fc91d0301220	206774682674	0	false	2	206774682675	1	65536
4447181	98340	25b687e241300010	83025421466	0	false	2	83025421467	1	65536
4448071	98360	372d377fe0303200	14193807136	0	false	21	14193807156	1	65536
4448631	98372	2448800641123220	254203772975	0	false	2	254203772976	1	65536
4449231	98385	381c3c3b01033300	127457372196	0	false	5	127457372200	1	65536
4451794	98442	0ee82a3e22103020	18538580084	1	true	6	18538580089	1	65536
4452415	98456	0130dc0ff0300230	60886478582	3	true	3	60886478584	1	65536
4453784	98486	24b6f8d941321021	62046824780	350134	true	1	62046824780	1	65536
4454162	98496	0082613cd3333312	282526610321	0	false	9	282526610329	1	65536
4454259	98498	033f07ea80233013	86319000943	0	false	8	86319000950	1	65536
4458021	98581	00083f0001300003	15998881256	0	false	1	15998881256	1	65536
4458483	98591	2353c10c22003010	140108496892	0	false	1	140108496892	1	65536
4459134	98605	20c0bf0ef0022011	42315235592	0	false	4	42315235595	1	65536
4459223	98608	2ae7a40501103120	253365511304	0	false	1	253365511304	1	65536
4459616	98616	3bcc0803e3003310	235526419277	0	false	2	235526419278	1	65536
4461160	98650	2ff817a373022000	161258988258	0	false	1	161258988258	1	65536
4461326	98653	3c0dfe2bf0003210	231296234788	0	false	1	231296234788	1	65536
4461531	98658	075e50a0a0112302	227057637420	0	false	5	227057637424	1	65536
4462036	98669	020ae00ec2033000	195117001175	0	false	6	195117001180	1	65536
4463282	98697	0306535f30000120	12742989876	0	false	1	12742989876	1	65536
4463517	98703	078f9e0121100113	286785161821	0	false	1	286785161821	1	65536
4464876	98733	38ff00f212113110	247874689249	0	false	1	247874689249	1	65536
4466096	98761	03798c05a3133032	190028347969	0	false	4	190028347972	1	65536
4467283	98786	272fffe8a0020331	149940266680	0	false	1	149940266680	1	65536
4467763	98796	3023dd8a30233310	16345796651	0	false	1	16345796651	1	65536
4469259	98829	2036ff80a0312011	214047674672	0	false	2	214047674673	1	65536
4469752	98840	30419d75e3300000	92507483161	0	false	1	92507483161	1	65536
4472494	98901	039ea82600233230	172997161048	0	false	3	172997161050	1	65536
4472656	98904	30770487a2013130	11741429022	0	false	1	11741429022	1	65536
4474576	98948	293b5a4d01213220	213237833020	0	false	1	213237833020	1	65536
4475226	98962	2db0f92b03313110	72440061673	142281	true	1	72440061673	1	65536
4475757	98974	0390c1e4b0211022	174728001041	0	false	5	174728001045	1	65536
4476295	98986	2a694dae91223001	38406961295	0	false	1	38406961295	1	65536
4477280	99008	078e80ce01101011	165142509818	255339	true	1	165142509818	1	65536
4477685	99017	01e3b6ffa3323103	224821166614	0	false	1	224821166614	1	65536
4477941	99022	24c3c3f033030031	15391620533	154409	true	1	15391620533	1	65536
4479073	99047	0d7d73ecd0020100	246848805887	0	false	2	246848805888	1	65536
4479197	99050	0739d053f0102332	108344269727	0	false	2	108344269728	1	65536
4481421	99099	0314c06700310312	223510668342	140360	true	1	223510668342	1	65536
4481485	99101	054b491793320333	226866725615	0	false	2	226866725616	1	65536
4482965	99135	2718db8562033210	82684207777	0	false	2	82684207778	1	65536
4483473	99146	237d8604a0111121	271017757545	0	false	3	271017757547	1	65536
4484932	99178	27c1c08fc3003030	43137535633	0	false	10	43137535642	1	65536
4485904	99200	033223f0f0211030	178455481040	0	false	2	178455481041	1	65536
4486814	99220	03cf9003c3333032	23813906924	1209753	true	1	23813906924	1	65536
4487314	99231	203cfc4cf1030300	261586863475	0	false	1	261586863475	1	65536
4488496	99257	33c3bfc8a3003300	226910104586	0	false	9	226910104594	1	65536
4489353	99275	000dd3fce1011002	262599685705	0	false	3	262599685707	1	65536
4494973	99400	2e52bdbc33211110	160967307348	0	false	1	160967307348	1	65536
4495603	99414	224a0d6613022231	173849485659	0	false	3	173849485661	1	65536
4495666	99415	2bef602ec0330200	74663296831	0	false	18	74663296848	1	65536
4496036	99423	239ddf3682201230	176514706455	0	false	4	176514706458	1	65536
4496216	99427	2e3d0a6f41212000	139357547375	0	false	1	139357547375	1	65536
4496919	99442	23bc0024c2032000	27230710689	2149458	true	2	27230710690	1	65536
4498434	99476	27ff67ebc2032320	295630753850	0	false	17	295630753866	1	65536
4499764	99506	205a085f50033201	193659873297	0	false	4	193659873300	1	65536
4500061	99513	280500bc21233200	71994839437	1	true	2	71994839438	1	65536
4500206	99516	2b58f78a42030030	120769814118	0	false	15	120769814132	1	65536
4501024	99534	3814bf47f1100020	187581952046	0	false	1	187581952046	1	65536
4501376	99542	0107bc0580301102	24852531620	0	false	1	24852531620	1	65536
4501848	99552	300bff7fe1100100	45623425470	0	false	11	45623425480	1	65536
4503568	99590	037fb7bc40032330	117596800479	0	false	9	117596800487	1	65536
4506940	99664	23a0da63c0302030	208263911612	0	false	3	208263911614	1	65536
4508044	99688	3772adfec3213000	159598685350	0	false	1	159598685350	1	65536
4508224	99692	05fb4e4313030021	62958650421	0	false	11	62958650431	1	65536
4509077	99711	2c31817002320310	216661079054	0	false	19	216661079072	1	65536
4509568	99722	314524f373032100	111259227233	38	true	4	111259227236	1	65536
4509768	99726	28dffee4c2120030	192149288497	0	false	1	192149288497	1	65536
4509991	99731	0357eefbd0312333	148502342553	0	false	7	148502342559	1	65536
4510615	99745	2cdf4d9152332000	287808622835	0	false	30	287808622864	1	65536
4511242	99759	20c04dfcc3312010	61489853888	0	false	3	61489853890	1	65536
4511522	99764	2f13ad23d2030000	124142098850	0	false	1	124142098850	1	65536
4511629	99767	03485c1402303302	88252117813	0	false	12	88252117824	1	65536
4511931	99773	03fb448e80000300	41899245546	0	false	2	41899245547	1	65536
4513235	99802	053cfae242313031	113434021939	0	false	1	113434021939	1	65536
4513256	99803	0f4c1dfff0033003	152362597821	0	false	3	152362597823	1	65536
4514351	99826	32e36087f3022000	99100565612	0	false	14	99100565625	1	65536
4516883	99882	23f968d200003301	229192859282	0	false	10	229192859291	1	65536
4517928	99905	2f000e3f40303020	14849998444	0	false	1	14849998444	1	65536
4518002	99907	22037e80c3033030	76524476675	1925642	true	1	76524476675	1	65536
4518538	99919	0107d0c5f3330000	188862846011	0	false	6	188862846016	1	65536
4519823	99947	02fff4e932211330	33621430669	0	false	2	33621430670	1	65536
4520908	99971	3351e09192032020	60863191099	0	false	5	60863191103	1	65536
4521350	99981	30c3317303031300	131101956805	2082538	true	2	131101956806	1	65536
4522370	100004	03c4f098c3020120	196989347149	0	false	1	196989347149	1	65536
4525609	100076	2d504d7fd3331210	2705314754	0	false	1	2705314754	1	65536
4528274	100135	2cd8433f72012330	45486542617	0	false	14	45486542630	1	65536
4528429	100138	3210eaf570332030	231236679841	0	false	2	231236679842	1	65536
4530491	100184	2f1caf4e10120000	241869539701	0	false	6	241869539706	1	65536
4533981	100261	2323dcd0a0123330	95342544551	0	false	1	95342544551	1	65536
4534350	100269	37550b4200022300	148722229109	0	false	1	148722229109	1	65536
4534953	100283	07f4fff3f0010120	100788460705	0	false	38	100788460742	1	65536
4535549	100296	030633fee1320231	193446674527	0	false	4	193446674530	1	65536
4535884	100303	21c58b9fe1321131	292841611651	0	false	1	292841611651	1	65536
4536134	100309	02a7e1f583120233	154962342301	0	false	3	154962342303	1	65536
4536144	100309	2650eb1fe1300020	76688043311	3990	true	1	76688043311	1	65536
4536194	100310	23550fd002203100	193428355739	0	false	4	193428355742	1	65536
4537613	100342	2b82010bf3332000	147956549114	0	false	2	147956549115	1	65536
4541165	100421	05a7195dd0102112	101089505322	126407	true	1	101089505322	1	65536
4541579	100430	33d4c9fff3013000	280121831646	0	false	10	280121831655	1	65536
4541820	100435	2045f85273100231	245754956038	292825	true	3	245754956040	1	65536
4542425	100449	27ebe888b3113230	244883232714	292855	true	1	244883232714	1	65536
4542605	100453	254a004400332320	222356458868	0	false	3	222356458870	1	65536
4543674	100476	20ef5e0af3313111	171366822319	0	false	3	171366822321	1	65536
4545018	100506	003e08fc03302011	222357992770	0	false	9	222357992778	1	65536
4547060	100551	2766aa7b22312011	103673378068	350134	true	1	103673378068	1	65536
4547953	100571	30eb82f7c3223200	199586880166	0	false	16	199586880181	1	65536
4549172	100599	0021883be3023031	107268191282	292855	true	1	107268191282	1	65536
4549650	100610	2b4483e272300000	170067964670	0	false	2	170067964671	1	65536
4550315	100624	2b0224ab90301300	166483225685	0	false	1	166483225685	1	65536
4550473	100628	00300ebf11302033	4002481325	0	false	15	4002481339	1	65536
4550583	100630	03e8707030303322	241065516765	0	false	4	241065516768	1	65536
4551824	100658	0028859b90031330	180976349772	0	false	1	180976349772	1	65536
4552515	100673	2ad1561f10010200	44622142977	65909	true	1	44622142977	1	65536
4554689	100720	01830b0970232003	145126392791	0	false	1	145126392791	1	65536
4555112	100729	213f943c20302030	247767896633	0	false	2	247767896634	1	65536
4556422	100758	33cc0ff330033000	193947483826	40	true	1	193947483826	1	65536
4556678	100764	03fca60143303330	176213609496	0	false	16	176213609511	1	65536
4556865	100768	20528316d3013100	241330175275	0	false	5	241330175279	1	65536
4559817	100833	030e037fd2133110	253684800590	2133058	true	1	253684800590	1	65536
4560704	100853	02c80c0df0220023	244844617325	0	false	1	244844617325	1	65536
4562166	100885	233f383f80103120	100411786428	0	false	2	100411786429	1	65536
4562507	100892	035fef30d2330012	123135669273	0	false	23	123135669295	1	65536
4562845	100899	0730728bf3210021	44024107717	0	false	6	44024107722	1	65536
4563121	100906	0273077d23231100	177870946116	0	false	15	177870946130	1	65536
4563836	100922	209023cdb0002020	250712858877	0	false	2	250712858878	1	65536
4565088	100949	3d71f10020033100	27603643256	0	false	1	27603643256	1	65536
4565503	100958	002f0f0c00033233	160814743913	0	false	2	160814743914	1	65536
4565854	100966	2c09f3cf70033000	68387964372	0	false	10	68387964381	1	65536
4566134	100972	03caef8ef2233121	31322078673	0	false	2	31322078674	1	65536
4567003	100991	2802ee8fe0231200	78822711678	0	false	6	78822711683	1	65536
4567182	100995	2beafe92f3210310	195326803581	0	false	1	195326803581	1	65536
4568460	101022	2c03138700312330	229368594394	0	false	2	229368594395	1	65536
4568722	101028	34107e14d2011120	125265194932	0	false	4	125265194935	1	65536
4568990	101034	2c32cd0ed3310310	279899512786	0	false	1	279899512786	1	65536
4571269	101085	03f0c30c73201333	132634320859	2004573	true	4	132634320862	1	65536
4571281	101085	333d070681132100	247529614845	0	false	1	247529614845	1	65536
4571573	101092	0342892fa0302010	121593813142	0	false	8	121593813149	1	65536
4572175	101105	239d03e220032000	227723245576	0	false	4	227723245579	1	65536
4572507	101112	20ea307fb3300000	266661639723	0	false	20	266661639742	1	65536
4572875	101120	3b0ab3dfe0013210	83844495765	0	false	1	83844495765	1	65536
4574007	101145	21cc0e4001230201	109811639521	0	false	8	109811639528	1	65536
4574091	101147	02045203f3103331	287850426780	2036135	true	8	287850426787	1	65536
4575051	101168	034ca20060323030	7587525219	0	false	2	7587525220	1	65536
4575744	101184	05f0d09fd3011012	223906859157	0	false	19	223906859175	1	65536
4577438	101222	26bdd2f682110030	25436566348	0	false	2	25436566349	1	65536
4577757	101229	03efd74df3120002	142372938342	118715	true	1	142372938342	1	65536
4578072	101236	383e0cb7f1010310	243510309380	0	false	5	243510309384	1	65536
4578178	101238	212c8dd350001220	183896822419	0	false	1	183896822419	1	65536
4578869	101253	3f34d37733333300	116721630320	0	false	1	116721630320	1	65536
4579111	101258	207c090052102031	287833877107	0	false	2	287833877108	1	65536
4580420	101288	01748cbf71222331	240085873578	0	false	17	240085873594	1	65536
4581429	101310	02de535fc2000000	289296387975	0	false	2	289296387976	1	65536
4581441	101310	390b860890132300	75669622776	0	false	1	75669622776	1	65536
4581925	101320	3034042d33132300	243795986109	0	false	1	243795986109	1	65536
4581949	101321	01413fdc01302331	34586959935	1653	true	1	34586959935	1	65536
4582394	101331	2b368e8863332020	109346724427	0	false	2	109346724428	1	65536
4582602	101335	22083c4093330300	257168051939	0	false	4	257168051942	1	65536
4583037	101345	2f23774050120300	182291138777	0	false	1	182291138777	1	65536
4583913	101364	36996d96d2331310	153169492780	350134	true	1	153169492780	1	65536
4584909	101387	33f2fc0431133300	134782040310	0	false	4	134782040313	1	65536
4585625	101403	0520803fb3113113	180651392428	0	false	2	180651392429	1	65536
4585628	101403	0205208033331131	146014529385	0	false	1	146014529385	1	65536
4585891	101409	25ad8adfa1232101	91351760283	38	true	1	91351760283	1	65536
4587998	101456	003ad443a0103120	117297805715	38	true	1	117297805715	1	65536
4588013	101457	23ff06fe90033021	33378331053	0	false	1	33378331053	1	65536
4588606	101470	23301050b2012330	159508610722	0	false	1	159508610722	1	65536
4589812	101496	0252bb05e0313310	10200286205	0	false	1	10200286205	1	65536
4590183	101504	321dc01e00003100	103958979332	0	false	1	103958979332	1	65536
4593434	101576	25665a4e72222200	150372367	0	false	2	150372368	1	65536
4594139	101591	227d02b962101100	195433530638	0	false	18	195433530655	1	65536
4595343	101618	30e8dfd042000030	137020288589	0	false	1	137020288589	1	65536
4596918	101652	00537e4323120012	288045894249	0	false	4	288045894252	1	65536
4598705	101692	275fa200d3032330	186330458329	1	true	1	186330458329	1	65536
4598788	101694	28d2aa7ab0302200	61216350878	0	false	45	61216350922	1	65536
4599494	101709	2bdd0d2811010030	119635070457	0	false	12	119635070468	1	65536
4600681	101736	3b033f8e01303130	17054182544	0	false	1	17054182544	1	65536
4601077	101744	2f01f3ebb2320230	245914595486	0	false	2	245914595487	1	65536
4602333	101772	29ce200b43330300	142386787537	0	false	2	142386787538	1	65536
4602637	101779	205f3cd780331311	223505981426	0	false	7	223505981432	1	65536
4602938	101785	2524797672032111	291005291723	0	false	6	291005291728	1	65536
4603091	101789	20c3bc40b1220121	290071408319	1	true	1	290071408319	1	65536
4604655	101823	039d48e4f2033330	30541022249	0	false	5	30541022253	1	65536
4605525	101843	003efac0f0000011	162055006904	0	false	6	162055006909	1	65536
4606351	101861	210f9fa200223320	115995413169	0	false	2	115995413170	1	65536
4606729	101869	0070fefeb3023003	283966457309	0	false	4	283966457312	1	65536
4607912	101895	2e5c242e00302230	209250085691	0	false	6	209250085696	1	65536
4608186	101901	01fcffec33300303	123815587423	118715	true	1	123815587423	1	65536
4610045	101942	22cf71ccb0321331	78709955618	0	false	6	78709955623	1	65536
4612685	102001	23e45e7981033220	206835552088	0	false	7	206835552094	1	65536
4615111	102054	025ddf52f2303332	293699591660	0	false	2	293699591661	1	65536
4615416	102061	2293cf8e01220011	92620862439	0	false	2	92620862440	1	65536
4615520	102064	2003fcdc40333201	104189142645	0	false	26	104189142670	1	65536
4616597	102087	21aa738242220301	120830133427	63032	true	1	120830133427	1	65536
4616872	102094	21835f6542332211	113405964259	0	false	5	113405964263	1	65536
4617625	102111	023fc058e3030203	150447865621	0	false	5	150447865625	1	65536
4618253	102124	3928394ce1330010	296659552050	0	false	1	296659552050	1	65536
4618995	102141	03c50ff2c2001331	106960565264	118715	true	1	106960565264	1	65536
4619312	102148	07a2226912102232	90436023750	0	false	1	90436023750	1	65536
4619343	102148	263a56edb2112130	105184571360	0	false	7	105184571366	1	65536
4619414	102150	2f8f334480032000	48342246629	0	false	2	48342246630	1	65536
4623206	102235	28e3e1ccd0023321	260875851352	0	false	23	260875851374	1	65536
4623485	102241	2661269e23112120	178186557624	0	false	4	178186557627	1	65536
4624657	102267	209f5dacf0303330	35463254647	0	false	3	35463254649	1	65536
4625687	102290	077055ffd3121331	68056247157	0	false	1	68056247157	1	65536
4626919	102317	04f1248672031031	262430637927	0	false	1	262430637927	1	65536
4627520	102330	0318117810313130	111382975914	0	false	10	111382975923	1	65536
4628457	102351	2b93e30e90020330	226337422449	0	false	1	226337422449	1	65536
4628746	102358	245da7e670310110	169844347503	0	false	1	169844347503	1	65536
4629169	102367	0298f18f30003110	177329392740	0	false	13	177329392752	1	65536
4630608	102399	2816887fe3101300	292762499141	0	false	6	292762499146	1	65536
4632249	102435	0334c3d0c3130301	3965676806	0	false	2	3965676807	1	65536
4632385	102438	22eb40eeb2023100	251092080259	0	false	2	251092080260	1	65536
4632502	102441	037b4b5373333010	210877144848	0	false	10	210877144857	1	65536
4633007	102452	3337e4ae03300300	272718193739	292855	true	1	272718193739	1	65536
4633235	102457	26e4a23e41223231	149474210104	350134	true	1	149474210104	1	65536
4637254	102548	352342a223113200	17826747220	350134	true	1	17826747220	1	65536
4637783	102559	377efa24a0003210	4855992751	0	false	2	4855992752	1	65536
4638691	102579	2fea5035f2011330	37600193132	0	false	6	37600193137	1	65536
4638886	102584	0278a112b1133313	275556917108	0	false	4	275556917111	1	65536
4639618	102600	3040950622100220	217566146509	0	false	2	217566146510	1	65536
4640081	102610	37037e3fd0311330	120116493719	0	false	26	120116493744	1	65536
4640730	102624	0003ff80b0103320	109202656687	0	false	2	109202656688	1	65536
4641564	102642	238c0b73b3002001	256073138528	339700	true	3	256073138530	1	65536
4641744	102646	0245cd8580231100	247153392067	0	false	5	247153392071	1	65536
4641941	102650	038cfdf3e3133223	192913371999	292852	true	2	192913372000	1	65536
4643129	102677	33c6b28dc0203010	205260861206	0	false	3	205260861208	1	65536
4643179	102678	2c1d09c1b0300310	259561784022	0	false	2	259561784023	1	65536
4643692	102690	37f7884823000020	268551965536	0	false	6	268551965541	1	65536
4643852	102693	3c31008e41230130	64467721876	0	false	2	64467721877	1	65536
4643928	102695	234220cdf0232200	64007646326	0	false	1	64007646326	1	65536
4647057	102764	0506e34940302332	59059656741	0	false	5	59059656745	1	65536
4647853	102782	3340f443f0003030	169009943765	1366357	true	1	169009943765	1	65536
4648195	102789	079e0f2c30311302	154177073390	0	false	1	154177073390	1	65536
4649051	102809	01c302e033130000	131868486968	0	false	6	131868486973	1	65536
4649447	102818	209ea49d91022231	164184464591	0	false	7	164184464597	1	65536
4649895	102827	03dcef8f32033301	79270477463	0	false	5	79270477467	1	65536
4651406	102861	09545d30e0123000	102277408159	0	false	6	102277408164	1	65536
4651757	102869	00deb084c2301203	104683678387	0	false	7	104683678393	1	65536
4652108	102877	0400c84ea3011322	226418424297	0	false	2	226418424298	1	65536
4652266	102880	051ca2bce2003122	268849027834	0	false	14	268849027847	1	65536
4652483	102885	0563506512100011	131123036809	549393	true	1	131123036809	1	65536
4654687	102934	0970193eb0233122	243213644790	0	false	5	243213644794	1	65536
4654827	102937	0314c091f3221231	76785923943	0	false	1	76785923943	1	65536
4655046	102942	23fff401f3300030	110622053588	0	false	1	110622053588	1	65536
4655325	102948	2c2feebfa2103130	110869423617	0	false	1	110869423617	1	65536
4655594	102954	01ff3e8bc1320331	278005483644	0	false	1	278005483644	1	65536
4655854	102959	2c79929923211130	38529730565	548354	true	1	38529730565	1	65536
4656030	102963	03ff2e3e93100110	250020514244	140360	true	1	250020514244	1	65536
4656415	102971	344cd214b3313010	146702670761	0	false	4	146702670764	1	65536
4657668	102998	0373dde313033120	30820012809	0	false	22	30820012830	1	65536
4658460	103015	07f0dff060312303	51355927935	140360	true	1	51355927935	1	65536
4658644	103019	2b9741ef81310000	273531118465	292819	true	1	273531118465	1	65536
4660125	103051	244408e061222030	232175668749	0	false	2	232175668750	1	65536
4660215	103053	353301fea1230320	192293217815	0	false	9	192293217823	1	65536
4660281	103055	29e8bda9d0201230	202347348444	0	false	1	202347348444	1	65536
4661444	103080	313bd3ff73312030	340558777	292819	true	1	340558777	1	65536
4666620	103194	2321c3e402303320	133454471469	0	false	5	133454471473	1	65536
4666996	103202	01440e3881132201	208310210893	0	false	21	208310210913	1	65536
4668903	103244	3340423101020200	104291161003	168519	true	2	104291161004	1	65536
4669016	103246	36effb2332020130	54392969738	0	false	29	54392969766	1	65536
4669901	103266	044b749c13310203	156785672856	0	false	4	156785672859	1	65536
4673280	103342	0371c38cb3001002	201597752561	292855	true	1	201597752561	1	65536
4674096	103360	2a06e283a2321220	212052624984	0	false	8	212052624991	1	65536
4674614	103371	007d3e04f0231103	93378840077	0	false	5	93378840081	1	65536
4675092	103381	02170f48f3300201	173684678828	0	false	1	173684678828	1	65536
4678573	103458	0138043343101203	75852888650	118715	true	1	75852888650	1	65536
4682888	103553	03879c3520303200	13066192560	0	false	10	13066192569	1	65536
4683779	103572	03e38c77e3332330	104118894413	130386	true	5	104118894417	1	65536
4684415	103586	31c1e27270103110	123064170377	0	false	8	123064170384	1	65536
4684849	103596	2406476873212201	272768687690	0	false	2	272768687691	1	65536
4685702	103615	20d208f773312030	82816052345	0	false	1	82816052345	1	65536
4686073	103623	010fd081f1012330	111059743565	140360	true	1	111059743565	1	65536
4687131	103647	2b8400b451200230	265126199510	0	false	3	265126199512	1	65536
4691717	103749	03d0a034b3233010	258438764671	0	false	1	258438764671	1	65536
4693548	103789	255b5708f1022001	21277420501	0	false	1	21277420501	1	65536
4694278	103805	24279d8e22021210	194203803637	38	true	1	194203803637	1	65536
4695375	103829	01671343f0203231	203990204531	0	false	7	203990204537	1	65536
4697058	103866	2223926281321200	143323398268	0	false	8	143323398275	1	65536
4698338	103895	335951fd72332310	224915433873	0	false	9	224915433881	1	65536
4698708	103903	2f8e87dfc0003330	202045191591	0	false	8	202045191598	1	65536
4699353	103918	31fe9fefc1130100	211811623778	0	false	13	211811623790	1	65536
4699382	103919	03e086e3f3303333	160012290912	0	false	1	160012290912	1	65536
4700224	103938	2b79ab4392102130	67408990595	350134	true	1	67408990595	1	65536
4701416	103964	3208f63131110110	190372864565	0	false	12	190372864576	1	65536
4701643	103969	2b92fde8d1310310	194447504814	0	false	11	194447504824	1	65536
4702649	103991	25f4946b53220000	9830661489	0	false	2	9830661490	1	65536
4703188	104003	28f4000fc3313300	216786413692	0	false	1	216786413692	1	65536
4703927	104020	371f537dd3123030	114219988361	0	false	5	114219988365	1	65536
4704018	104021	28e5f86f73333200	134682402222	370647	true	1	134682402222	1	65536
4704279	104027	214ce3ad23230330	164390612951	0	false	11	164390612961	1	65536
4704961	104042	054cd04fc0310330	130360246926	0	false	7	130360246932	1	65536
4705049	104044	24bfae7ac2210120	139159305429	0	false	7	139159305435	1	65536
4705442	104053	000dc3cc21100001	16175827098	0	false	1	16175827098	1	65536
4706062	104067	023b37f123220301	234452696670	0	false	1	234452696670	1	65536
4706229	104071	268c43c292200130	128488417020	0	false	5	128488417024	1	65536
4706734	104082	33904e8ed0213010	102208467564	0	false	18	102208467581	1	65536
4709369	104141	300055c1c0130130	111232436575	0	false	3	111232436577	1	65536
4711621	104190	0737ddd830003030	118687295392	0	false	7	118687295398	1	65536
4712618	104212	2a3f9fbc33010130	230407852912	0	false	2	230407852913	1	65536
4713146	104224	2d38e14d82231121	24192170400	0	false	2	24192170401	1	65536
4713196	104225	037cfa2b80223033	275273457415	0	false	1	275273457415	1	65536
4714346	104250	0042cbc233130133	117023138268	0	false	11	117023138278	1	65536
4715740	104280	2412fe3883303100	99489769642	0	false	3	99489769644	1	65536
4716250	104292	308b76d4f2013230	260003897067	0	false	2	260003897068	1	65536
4716586	104299	06c54e7f00023310	296658565610	0	false	3	296658565612	1	65536
4717018	104309	2b3c3b6b31012020	106802530953	0	false	3	106802530955	1	65536
4719154	104356	2f1e3e34f0103000	104920813504	0	false	2	104920813505	1	65536
4721831	104415	076d371171303210	170738744047	0	false	4	170738744050	1	65536
4722731	104435	031ea20d40213000	235807109824	0	false	13	235807109836	1	65536
4722879	104438	03f6461012300232	148678228162	0	false	5	148678228166	1	65536
4723718	104457	069fb77d01202320	258105390788	0	false	2	258105390789	1	65536
4725472	104496	351fd30a33133110	64516474245	0	false	1	64516474245	1	65536
4726116	104510	23fc001401000100	150744636844	2100948	true	1	150744636844	1	65536
4726735	104524	3031433cc0030310	282320343423	0	false	3	282320343425	1	65536
4727218	104535	244207f113130300	125748603000	0	false	3	125748603002	1	65536
4727525	104541	227c9f6301203030	248959235395	0	false	1	248959235395	1	65536
4727717	104546	263818f903100130	238955886889	0	false	5	238955886893	1	65536
4728456	104562	27e4227720210100	9245554548	0	false	1	9245554548	1	65536
4731264	104624	071e39ff80002332	42943731380	0	false	11	42943731390	1	65536
4731275	104624	34b2f0fc30333330	110375428443	140360	true	1	110375428443	1	65536
4731438	104628	3428a4a3b3230100	176593525137	0	false	2	176593525138	1	65536
4732325	104647	05fa78eb42232130	134377403153	0	false	2	134377403154	1	65536
4733845	104681	364be4fee0311330	14916739974	0	false	3	14916739976	1	65536
4734012	104685	0639ddace3101001	272403333020	0	false	3	272403333022	1	65536
4734858	104703	210c590203230131	278064191452	0	false	21	278064191472	1	65536
4736478	104738	20421073d0303330	294908507547	0	false	3	294908507549	1	65536
4737829	104769	250317fdd1322011	296861471609	0	false	1	296861471609	1	65536
4741162	104843	03f40f4160212131	131320049022	0	false	7	131320049028	1	65536
4742312	104868	211f4289d0212201	222322120862	2107245	true	4	222322120865	1	65536
4743648	104897	38fd4eb533001010	60005024031	370777	true	1	60005024031	1	65536
4745027	104927	28741040f3133130	296317023358	0	false	12	296317023369	1	65536
4745214	104931	20ceff88e1310120	252257185945	140360	true	1	252257185945	1	65536
4746130	104951	330bff8d73330000	57363039775	0	false	4	57363039778	1	65536
4746324	104955	03780d46f0332011	22371007754	0	false	4	22371007757	1	65536
4746433	104958	25fb7c3882110220	248655212983	0	false	10	248655212992	1	65536
4746983	104970	025230e180300210	19758394252	0	false	6	19758394257	1	65536
4747738	104986	3dc7d27ae1133020	236050317461	0	false	1	236050317461	1	65536
4748102	104994	28313a1f42120300	292506977983	0	false	6	292506977988	1	65536
4748368	105000	30c8e7e153333300	51343943576	0	false	5	51343943580	1	65536
4748719	105007	2800344a33023120	217081500153	0	false	1	217081500153	1	65536
4749732	105030	2ff3ff0123333310	186402047765	2034736	true	4	186402047768	1	65536
4751124	105060	2c891f57b1011111	240631912880	0	false	36	240631912915	1	65536
4751303	105064	01f85f9d83230310	216851136196	0	false	3	216851136198	1	65536
4751575	105070	25f92f3d93331301	28704762860	0	false	5	28704762864	1	65536
4752276	105086	2cf77fbff1120230	159312823308	0	false	1	159312823308	1	65536
4752964	105100	09238b4c30023030	161294868100	0	false	14	161294868113	1	65536
4754211	105128	380490c4e1130300	93165157709	0	false	2	93165157710	1	65536
4754292	105130	21fc0e3993133220	168221957098	0	false	1	168221957098	1	65536
4754309	105130	2c37da3fd3000100	3745568723	0	false	9	3745568731	1	65536
4754404	105133	06a8ec51e2123322	225130028106	350134	true	1	225130028106	1	65536
4754621	105137	0265f380b3121112	184627809672	0	false	1	184627809672	1	65536
4754788	105141	2a1156ae92130330	215233693536	350134	true	1	215233693536	1	65536
4755148	105149	3430b30e23330100	180140765418	0	false	1	180140765418	1	65536
4755472	105156	0030037c31333320	169689414830	0	false	11	169689414840	1	65536
4755771	105162	37abccf703013320	142899893434	0	false	1	142899893434	1	65536
4755803	105163	2403eff062111201	87798123478	0	false	5	87798123482	1	65536
4756756	105184	00280c3080013032	40856546187	0	false	1	40856546187	1	65536
4757492	105200	2f4b685882222130	269328992938	0	false	11	269328992948	1	65536
4759090	105236	23e7423500013120	240614790899	118715	true	1	240614790899	1	65536
4759197	105238	033f00b3f0233230	81482468696	0	false	1	81482468696	1	65536
4759554	105246	028d8cf8b1332033	188102079898	0	false	2	188102079899	1	65536
4759556	105246	002028d8c3031332	129880087121	0	false	1	129880087121	1	65536
4759749	105251	0026448092222023	47798048792	0	false	17	47798048808	1	65536
4764558	105356	23bb8905c1020031	199871139404	0	false	2	199871139405	1	65536
4765480	105376	225dfc9f71003321	166274475220	0	false	2	166274475221	1	65536
4766892	105408	30502380f3331030	74466233456	0	false	14	74466233469	1	65536
4767388	105419	229a0876f3130111	18468046005	0	false	7	18468046011	1	65536
4768998	105454	267a7ad2d2232021	2181830625	0	false	14	2181830638	1	65536
4769228	105459	25f3ffc3d3033030	272823578396	1647922	true	2	272823578397	1	65536
4772729	105536	244cc3a241312300	65901083690	0	false	1	65901083690	1	65536
4773011	105542	27f2834840021000	255527964821	0	false	1	255527964821	1	65536
4774438	105574	01805f4d02312231	77872422835	1	true	1	77872422835	1	65536
4776024	105609	33f01c0e00033110	78005186781	0	false	8	78005186788	1	65536
4776197	105612	2beabfe7a3310110	12077196289	0	false	2	12077196290	1	65536
4778384	105661	3381ff0033303030	56975899040	112590	true	1	56975899040	1	65536
4778715	105668	021d083803323122	27805069996	0	false	12	27805070007	1	65536
4778760	105669	3f9c8a33c2322300	249642217335	0	false	5	249642217339	1	65536
4779195	105679	29c0283b00131130	30933592917	0	false	6	30933592922	1	65536
4779335	105682	2130c9e4a0302300	184798867797	0	false	3	184798867799	1	65536
4781277	105725	3b26f30a93333000	68078274454	0	false	5	68078274458	1	65536
4783002	105764	27ff37ddd3011030	78564903021	0	false	1	78564903021	1	65536
4783319	105771	240c08b430022120	115805719710	0	false	1	115805719710	1	65536
4785915	105829	06892d61a0110132	155820309694	350134	true	1	155820309694	1	65536
4785953	105829	025ae0f9a2221010	280256910257	350134	true	1	280256910257	1	65536
4786189	105835	058a186903132101	3158824555	0	false	2	3158824556	1	65536
4786312	105838	2250e7f811122301	22128110992	548980	true	1	22128110992	1	65536
4789200	105901	25f533f8d3310320	80019281122	0	false	1	80019281122	1	65536
4789255	105902	0dd032f430020020	229844800116	0	false	1	229844800116	1	65536
4789519	105908	335b67b7f1032020	213609582561	0	false	1	213609582561	1	65536
4789772	105913	08cdf8df62000002	225244300216	0	false	1	225244300216	1	65536
4790209	105923	203a029273111310	55224028032	0	false	9	55224028040	1	65536
4790944	105939	340f9e2b13320010	70821244580	0	false	1	70821244580	1	65536
4792886	105981	3c231a2bf3000030	106588656581	0	false	3	106588656583	1	65536
4793615	105997	0634327301230111	201824336103	0	false	28	201824336130	1	65536
4793671	105999	2fbb106bd1223030	287457533166	0	false	9	287457533174	1	65536
4793718	106000	044d7f5cd3030302	23886089591	0	false	7	23886089597	1	65536
4794959	106027	01103c30f1033131	110554647744	0	false	10	110554647753	1	65536
4798601	106107	206d41fa81010121	22687073231	0	false	1	22687073231	1	65536
4798743	106111	24c81390f3113130	254361372615	0	false	1	254361372615	1	65536
4800122	106142	013b3200c3003223	291809081157	0	false	25	291809081181	1	65536
4800155	106143	0338c020f2033332	37815487915	1233592	true	13	37815487927	1	65536
4800276	106146	34862be7b3332100	161920628637	0	false	1	161920628637	1	65536
4801932	106182	2080e050f0302300	155137762270	0	false	5	155137762274	1	65536
4802930	106204	23ac1cc321220121	224158093432	0	false	1	224158093432	1	65536
4804430	106237	037f7ff603333020	131086334888	0	false	1	131086334888	1	65536
4805775	106267	28249a54e0120110	196980146010	350134	true	1	196980146010	1	65536
4806434	106281	031eb88e02332303	194097417968	0	false	1	194097417968	1	65536
4806519	106283	37b053fff3230320	263011414239	0	false	1	263011414239	1	65536
4806850	106291	033094c510300120	260955615439	0	false	8	260955615446	1	65536
4808370	106324	3307220102033320	250476923679	0	false	3	250476923681	1	65536
4808427	106325	276ebe0e70010311	182055084807	0	false	5	182055084811	1	65536
4808760	106333	30e5728070010310	32263290499	0	false	1	32263290499	1	65536
4814220	106454	25373f7810131210	206704815234	0	false	1	206704815234	1	65536
4815653	106485	03cc3f38e3303223	171276818600	0	false	2	171276818601	1	65536
4816332	106500	05e8fcd3c0313300	3741432288	0	false	6	3741432293	1	65536
4816341	106500	38c0d4af30200100	41491854191	0	false	2	41491854192	1	65536
4817005	106515	2f5e04c590332230	98712347611	0	false	1	98712347611	1	65536
4817229	106520	006e4aeb70312112	154270102541	0	false	1	154270102541	1	65536
4818092	106540	000d58fff2002231	41252557325	0	false	1	41252557325	1	65536
4818460	106548	20fcf3c751012031	174505789408	0	false	5	174505789412	1	65536
4819961	106581	30b9fbe021032300	30065680694	0	false	2	30065680695	1	65536
4820363	106589	031df897f1301231	204071982965	0	false	2	204071982966	1	65536
4820957	106602	2c334c0bd3033311	50980885580	0	false	5	50980885584	1	65536
4821173	106607	02201039c3313303	114224218313	0	false	2	114224218314	1	65536
4822578	106638	303e5344f3010100	217486593157	0	false	6	217486593162	1	65536
4825602	106705	3a907eb3d2013330	252272800644	0	false	13	252272800656	1	65536
4825748	106708	0dd8aa49f1200302	102354539700	0	false	1	102354539700	1	65536
4829727	106796	200ce8cc80033010	209954157471	0	false	1	209954157471	1	65536
4829756	106796	2d03433780020101	193320271282	0	false	5	193320271286	1	65536
4830995	106824	24bd4f37e2013100	257745884728	0	false	7	257745884734	1	65536
4831677	106839	01e9be90a2013322	172779854492	0	false	1	172779854492	1	65536
4832603	106859	2c0403d243300200	284844500731	0	false	7	284844500737	1	65536
4833675	106883	333cfb48b0030300	237738103887	0	false	2	237738103888	1	65536
4835975	106934	2e24688d32330330	17305317862	0	false	2	17305317863	1	65536
4837950	106978	2b1795b153330020	74508965170	0	false	2	74508965171	1	65536
4838344	106986	01cb2cccd0301020	178528842450	370772	true	1	178528842450	1	65536
4838713	106994	300c3fed10103320	47203739606	118715	true	1	47203739606	1	65536
4841089	107047	240e3a7801102220	270501273073	0	false	1	270501273073	1	65536
4841401	107054	3c0f04d323333110	10653290567	0	false	4	10653290570	1	65536
4841761	107062	0e1044c7f0203330	98843553669	0	false	7	98843553675	1	65536
4842430	107077	321ee811c0230000	249760733651	0	false	15	249760733665	1	65536
4842571	107080	33c1159023203020	169743306369	0	false	1	169743306369	1	65536
4843356	107097	310e11f8d0330100	193163442863	0	false	3	193163442865	1	65536
4844107	107114	20faf001f2123320	250546405275	0	false	1	250546405275	1	65536
4844217	107116	2c3dea2800110030	190182233998	0	false	47	190182234044	1	65536
4844643	107126	23b7e8ef92201300	7480192072	0	false	1	7480192072	1	65536
4848055	107201	323cff7820330000	93296061499	1644037	true	7	93296061505	1	65536
4849623	107236	2e20ff17f2230310	49659749992	0	false	1	49659749992	1	65536
4850321	107251	02484f2f72023101	122903646290	0	false	41	122903646330	1	65536
4851055	107268	31fcdff240212310	288502891147	0	false	1	288502891147	1	65536
4851618	107280	2c30294d63301030	242577477980	0	false	5	242577477984	1	65536
4852052	107290	3233032c01333300	7695434210	0	false	1	7695434210	1	65536
4855091	107358	2992bf9da3220331	83126534237	0	false	8	83126534244	1	65536
4855391	107365	269e088ef3330130	144599548062	0	false	4	144599548065	1	65536
4855674	107371	241031e5b2230310	212046331524	0	false	1	212046331524	1	65536
4855893	107376	018730eb80130303	15295005994	140360	true	1	15295005994	1	65536
4856661	107393	204579a3e3211000	8195708862	0	false	12	8195708873	1	65536
4857069	107401	2efc68ffd3102330	251362554822	0	false	18	251362554839	1	65536
4858700	107438	37137fc902330200	134352959893	0	false	3	134352959895	1	65536
4858968	107444	0a793593f0032130	153419756292	0	false	8	153419756299	1	65536
4860440	107476	25541e78e0133331	137401827151	0	false	16	137401827166	1	65536
4861964	107510	20043f82f0031030	236170902997	2108150	true	1	236170902997	1	65536
4862165	107514	3c28c3fcc2000330	131852118157	0	false	4	131852118160	1	65536
4863288	107539	03e8f120f1223130	252104865687	0	false	15	252104865701	1	65536
4863745	107548	2a458d08b1101031	258448319365	0	false	2	258448319366	1	65536
4864136	107557	27124ccf21030010	278986256089	130386	true	12	278986256100	1	65536
4864616	107568	3033018b20103000	227171239476	140360	true	3	227171239478	1	65536
4869443	107674	2aed003d31300130	135355985923	0	false	4	135355985926	1	65536
4872305	107738	0178627240333130	90089148912	0	false	1	90089148912	1	65536
4874534	107787	2701f223a1013100	199138869586	0	false	4	199138869589	1	65536
4874631	107789	0373cfec00300033	147809190873	1844842	true	1	147809190873	1	65536
4875882	107817	38314edc52021110	265560576087	0	false	11	265560576097	1	65536
4876705	107835	20f087ce82212000	42248225076	0	false	1	42248225076	1	65536
4880421	107917	2df853c133033110	282799549156	0	false	1	282799549156	1	65536
4880497	107918	33dcf83be2022300	105518794479	0	false	1	105518794479	1	65536
4882244	107957	243c9dccf0000030	66715258996	0	false	3	66715258998	1	65536
4882930	107972	2e790b2df1231330	107672567048	0	false	1	107672567048	1	65536
4883162	107977	38002b9ad3323000	225251964239	0	false	42	225251964280	1	65536
4883237	107979	223c0c4c02020230	206464619342	0	false	4	206464619345	1	65536
4883918	107995	203a337c02320030	290503999087	0	false	1	290503999087	1	65536
4884967	108018	202cba4700223110	283772103948	0	false	2	283772103949	1	65536
4886075	108043	320fe5cee2111320	62320999730	0	false	10	62320999739	1	65536
4886345	108049	30e23e58a0002120	35088417134	0	false	1	35088417134	1	65536
4888755	108101	02e42c8e03333230	39246579999	0	false	1	39246579999	1	65536
4891194	108155	20567d1960002121	103105119577	0	false	1	103105119577	1	65536
4891516	108163	29dea16d90010210	16069557425	0	false	13	16069557437	1	65536
4892003	108174	2423f13c12332000	151805774022	0	false	2	151805774023	1	65536
4892004	108174	23bbb50c52302001	219609992503	0	false	1	219609992503	1	65536
4892810	108192	014aef2122231202	105948872985	0	false	2	105948872986	1	65536
4894237	108223	23030cffe2223030	67157002751	0	false	12	67157002762	1	65536
4894739	108234	0260bfafc0230233	71464310873	0	false	2	71464310874	1	65536
4895909	108260	27200473b1002120	33862485716	0	false	3	33862485718	1	65536
4897462	108294	03f4480fb2000012	57418457059	118715	true	1	57418457059	1	65536
4897675	108299	05630248e2032101	60329186586	0	false	1	60329186586	1	65536
4898103	108308	2588009f43133211	104230648584	0	false	1	104230648584	1	65536
4898371	108314	2dba930ef1103230	141477031172	0	false	1	141477031172	1	65536
4898521	108318	0100029ff0013300	33581138729	0	false	4	33581138732	1	65536
4899946	108349	004faeb3e1123201	139679130170	0	false	1	139679130170	1	65536
4902689	108410	39004f79c0113210	53572175882	140360	true	6	53572175887	1	65536
4903463	108427	310cf0d3b2133110	290376627388	0	false	2	290376627389	1	65536
4906396	108492	2dc033fcc3103330	144910895273	0	false	12	144910895284	1	65536
4907063	108507	2f951fe030331310	166879811812	0	false	2	166879811813	1	65536
4910693	108587	2fd498c103333200	66029100069	0	false	8	66029100076	1	65536
4910970	108594	2f04358892303130	229567669412	0	false	7	229567669418	1	65536
4911211	108599	2e90183c50000030	238659066305	0	false	16	238659066320	1	65536
4912870	108635	01c0f375c0020103	80132350787	0	false	2	80132350788	1	65536
4912987	108638	23eb0cc4d1103001	237010631246	0	false	1	237010631246	1	65536
4913016	108638	037b9e8b20010120	29015609551	0	false	4	29015609554	1	65536
4913276	108644	02773203f3231230	139045408213	0	false	2	139045408214	1	65536
4913908	108658	3223127cc0003020	223260723016	0	false	8	223260723023	1	65536
4915750	108699	294a8e7ea3221320	247923693881	1672	true	1	247923693881	1	65536
4917146	108730	3b04334f03003110	229987856450	0	false	2	229987856451	1	65536
4917907	108747	07f2bbcbf3001030	265193307740	118715	true	1	265193307740	1	65536
4920190	108797	254b439d81213320	167209940625	0	false	3	167209940627	1	65536
4920410	108802	0958aee421122021	230175342122	0	false	1	230175342122	1	65536
4920705	108808	2830f5e430323010	254480669292	0	false	4	254480669295	1	65536
4921758	108832	01b78949a3230110	104548828130	0	false	42	104548828171	1	65536
4922351	108844	03f3c076b0003023	133898044595	0	false	2	133898044596	1	65536
4922451	108847	01d60fd0f2021201	61869276143	0	false	7	61869276149	1	65536
4922761	108853	013ad75ba2310211	53416030190	0	false	2	53416030191	1	65536
4923093	108861	219523a450122010	106595026965	0	false	1	106595026965	1	65536
4924745	108898	313fdbc350330000	242946655228	0	false	1	242946655228	1	65536
4924823	108899	2500fe1c21000000	67763683374	0	false	1	67763683374	1	65536
4925302	108910	2474d5e492012010	255335022229	0	false	7	255335022235	1	65536
4926812	108943	22702e3271212030	65869767512	0	false	1	65869767512	1	65536
4927142	108950	314b230ef2303030	108669417122	292827	true	1	108669417122	1	65536
4927331	108955	20437cd920332311	254271941298	0	false	11	254271941308	1	65536
4928463	108980	01ecc600b3300220	131300249943	0	false	1	131300249943	1	65536
4930760	109031	32b089cfd2332330	242505928674	0	false	3	242505928676	1	65536
4931278	109042	30f6ddfe43022330	146657468625	0	false	1	146657468625	1	65536
4931767	109053	03300fcff3033231	212549417698	0	false	1	212549417698	1	65536
4931785	109054	2000c42490302331	69346638030	0	false	5	69346638034	1	65536
4932040	109059	049031c330203022	193340697657	0	false	3	193340697659	1	65536
4933468	109091	2ce873e840100200	107731841097	140364	true	1	107731841097	1	65536
4935583	109138	21a85e9a32302230	17520320391	0	false	7	17520320397	1	65536
4937584	109184	2310319310000030	57653289210	0	false	15	57653289224	1	65536
4937719	109187	0a0c467103230331	36928915481	0	false	3	36928915483	1	65536
4938701	109209	3c32f142e1010010	268959877386	0	false	5	268959877390	1	65536
4941834	109278	001f22bb33302313	120273910024	0	false	3	120273910026	1	65536
4943098	109306	0370bdb450033101	78993995508	0	false	3	78993995510	1	65536
4943677	109319	2c50d31db0003210	182190123368	0	false	9	182190123376	1	65536
4944102	109328	03f3a3cdc0200301	173567301666	0	false	10	173567301675	1	65536
4945800	109365	2787db4002100000	284196312985	0	false	4	284196312988	1	65536
4947052	109392	2cf2033f53203130	151271779769	63032	true	3	151271779771	1	65536
4947891	109411	2566518a72210310	50783640125	0	false	19	50783640143	1	65536
4949720	109451	2f7d4b5181202300	124193653308	370648	true	1	124193653308	1	65536
4951218	109484	237814bdd0320310	107836502340	118715	true	1	107836502340	1	65536
4951651	109494	39235bcb90133110	259511913215	0	false	12	259511913226	1	65536
4951884	109499	2883c9c082303000	277617555742	0	false	1	277617555742	1	65536
4952007	109501	33d4113ff0230030	245350480991	0	false	7	245350480997	1	65536
4955589	109580	08ff0a8530022320	196748193637	0	false	8	196748193644	1	65536
4955610	109581	21c34300f0030031	117075981519	0	false	2	117075981520	1	65536
4955777	109585	017ce007f3203230	280888368316	0	false	4	280888368319	1	65536
4956778	109607	2fbe006700000101	259343580182	1606652	true	2	259343580183	1	65536
4957384	109621	2340508302312021	45896350027	0	false	8	45896350034	1	65536
4958040	109636	025f80f500103211	181879855097	0	false	12	181879855108	1	65536
4958324	109642	32388c5ef3233230	31939922841	0	false	1	31939922841	1	65536
4958357	109643	3318e09cf3032230	54437926762	0	false	4	54437926765	1	65536
4959796	109674	30385f81f0222300	53181205046	0	false	14	53181205059	1	65536
4960126	109681	03fc5c3030111213	285323154330	0	false	24	285323154353	1	65536
4963545	109756	249fa56481111311	15555981534	350134	true	1	15555981534	1	65536
4964887	109785	333bbafe01233200	138264541128	0	false	5	138264541132	1	65536
4964975	109787	23bc48d0f2330000	211626450271	0	false	1	211626450271	1	65536
4965022	109788	03862033f2000300	1615574385	0	false	1	1615574385	1	65536
4965912	109808	078d1406e1021000	182262937141	0	false	1	182262937141	1	65536
4966030	109810	29ede3fc61032220	112990921211	0	false	10	112990921220	1	65536
4966379	109818	16ad79bc22313102	277136888277	0	false	2	277136888278	1	65536
4966451	109819	2c72c017a2100300	177807160512	0	false	1	177807160512	1	65536
4969940	109895	3320acea00000010	197004415306	0	false	4	197004415309	1	65536
4971178	109922	2985139fa0100030	267125289687	0	false	6	267125289692	1	65536
4972803	109958	22c0830003213321	148534808910	0	false	1	148534808910	1	65536
4973125	109965	003e007b50003033	5123821119	0	false	4	5123821122	1	65536
4973510	109973	032bf908f3030000	210273684703	0	false	11	210273684713	1	65536
4975244	110012	29f37e08e2023220	61356766458	0	false	42	61356766499	1	65536
4975886	110025	22fa90e5d2022330	10836422105	0	false	2	10836422106	1	65536
4976195	110032	2e04d0e0d1030230	124542920690	0	false	2	124542920691	1	65536
4976552	110040	0028584133211213	277356967987	0	false	1	277356967987	1	65536
4977633	110064	031e40cc10030130	13285584597	0	false	4	13285584600	1	65536
4978145	110075	207c3400a0000030	25818050759	118715	true	1	25818050759	1	65536
4981270	110144	054802e2c2303222	75138924561	0	false	1	75138924561	1	65536
4982301	110166	33e4be42b0302310	77096506082	0	false	3	77096506084	1	65536
4982944	110181	2a1bd14a20302300	175981797503	0	false	3	175981797505	1	65536
4983005	110182	202b0df203030231	190007592395	0	false	1	190007592395	1	65536
4983210	110186	25ee078bd3232301	202850769061	350134	true	1	202850769061	1	65536
4984865	110224	23e6d7ae03002330	210573555289	0	false	1	210573555289	1	65536
4985038	110227	03726cbcc2032230	216792781655	0	false	1	216792781655	1	65536
4985516	110238	3032002510030030	166076179364	1977130	true	1	166076179364	1	65536
4985895	110246	33b3f400f0103010	26741206729	0	false	1	26741206729	1	65536
4986207	110253	33fc4fc050331300	219608538725	0	false	9	219608538733	1	65536
4986586	110261	032c3ecbf0133302	291216468905	0	false	2	291216468906	1	65536
4986692	110264	2af6e5be53032010	283006155649	350134	true	1	283006155649	1	65536
4986890	110268	023dfc8ec2311231	70089831076	0	false	3	70089831078	1	65536
4987333	110277	033c007730123332	17306906753	0	false	9	17306906761	1	65536
4989201	110318	028d0e73c3021021	41909075372	0	false	2	41909075373	1	65536
4989242	110319	2375d81e41102001	222593799943	0	false	2	222593799944	1	65536
4989294	110320	250891f733202121	188576642395	1653	true	1	188576642395	1	65536
4990230	110341	274ebf2383132320	152731520831	0	false	36	152731520866	1	65536
4991286	110364	3cd0070101322000	295182831543	0	false	9	295182831551	1	65536
4991715	110373	29c370f7a3303310	268266279344	0	false	10	268266279353	1	65536
4993075	110404	24ccc090a2021000	269173986642	0	false	13	269173986654	1	65536
4993695	110417	2093e0d3d2012110	71334359402	0	false	6	71334359407	1	65536
4993848	110421	32105034f0012030	190971941684	0	false	1	190971941684	1	65536
4995264	110452	2114fcc000022300	130345990877	0	false	1	130345990877	1	65536
4995561	110458	221c3c3c21333200	26512195088	0	false	10	26512195097	1	65536
4997063	110491	01095f2663032122	190870593159	0	false	18	190870593176	1	65536
4997595	110503	2758ef1873230010	133637932925	0	false	6	133637932930	1	65536
4998261	110518	24c802aed3030121	254954990272	0	false	3	254954990274	1	65536
4999022	110535	215909a040101010	221952122531	350134	true	1	221952122531	1	65536
5000458	110567	074f7fa923021300	161745028551	0	false	2	161745028552	1	65536
5000918	110577	0353d10f13300330	283932025519	1843447	true	1	283932025519	1	65536
5001540	110591	0110d8a8f2200332	518396610	0	false	4	518396613	1	65536
5002343	110609	26ac0f1590333030	78479195541	0	false	1	78479195541	1	65536
5002697	110617	3ef8fcb2b1330000	107434559967	0	false	1	107434559967	1	65536
5004831	110664	30e8208303003030	260088033885	0	false	8	260088033892	1	65536
5005503	110679	22fc33fcf3313030	209733834178	1977829	true	1	209733834178	1	65536
5005533	110680	034f5c7ae3130013	159794204323	0	false	2	159794204324	1	65536
5006880	110709	0301e282f1313103	130248345863	0	false	5	130248345867	1	65536
5007771	110729	04b3c20fd2320000	83826171828	0	false	1	83826171828	1	65536
5008731	110751	3061473373313330	42714328821	0	false	1	42714328821	1	65536
5008808	110752	304fd00023332300	78372514474	0	false	16	78372514489	1	65536
5010029	110779	273f7e30f0333030	63882605149	0	false	1	63882605149	1	65536
5011042	110801	0137dc03c2202030	220250265370	0	false	19	220250265388	1	65536
5011250	110806	348b8600c0003210	177643239491	0	false	1	177643239491	1	65536
5011396	110809	03cc382000300123	76064840928	0	false	6	76064840933	1	65536
5011711	110816	392f89f900100000	253186626097	0	false	2	253186626098	1	65536
5012138	110826	25f8534cc1300100	135322618051	0	false	4	135322618054	1	65536
5013438	110855	240fd43c51312331	32038900729	0	false	2	32038900730	1	65536
5014711	110883	2342134932132321	223666311134	350134	true	1	223666311134	1	65536
5016371	110920	3184ae3a80121220	103668105557	0	false	4	103668105560	1	65536
5016682	110927	0700fc0120310120	281836512152	0	false	5	281836512156	1	65536
5016859	110931	24bce0f630112301	2642285880	0	false	14	2642285893	1	65536
5017972	110955	01d07380c3330303	157526175429	0	false	2	157526175430	1	65536
5018637	110970	2ce2c71e13333230	16101367531	0	false	1	16101367531	1	65536
5019340	110985	22d20c08c0100310	210366223094	0	false	5	210366223098	1	65536
5019361	110985	22cdebfec0021031	109479226105	0	false	3	109479226107	1	65536
5019366	110985	2600433e83213331	143634206150	0	false	18	143634206167	1	65536
5020820	111019	0030c39000200311	278537108397	0	false	2	278537108398	1	65536
5022067	111046	077e270e91232031	11791461803	0	false	4	11791461806	1	65536
5024079	111090	207e48bf82101030	149214443074	0	false	6	149214443079	1	65536
5024419	111098	02f74b48e0020102	277866547132	0	false	1	277866547132	1	65536
5024860	111108	005dafcdf0100303	188851807153	0	false	2	188851807154	1	65536
5025199	111115	249ff8ebb3002030	269823742819	0	false	3	269823742821	1	65536
5026883	111152	2804e1b0a3313030	228222490589	0	false	2	228222490590	1	65536
5027216	111160	010b00fff0100333	245432517153	0	false	9	245432517161	1	65536
5028735	111193	28f3bc8020320000	121996307031	0	false	21	121996307051	1	65536
5029896	111218	23e1251ed1321311	63919981262	38	true	1	63919981262	1	65536
5031199	111247	344df674d2201030	255515883505	0	false	1	255515883505	1	65536
5032671	111279	2c0b4fe332312000	212998572944	0	false	2	212998572945	1	65536
5033081	111289	239f7347a2312001	204540250916	0	false	2	204540250917	1	65536
5033637	111301	2bb1da49f0033230	88885094099	0	false	1	88885094099	1	65536
5033643	111301	258b117173320000	284213444014	0	false	2	284213444015	1	65536
5033684	111302	23a3b7b023010320	157057388030	0	false	1	157057388030	1	65536
5034034	111309	3014943311100230	169427393179	0	false	2	169427393180	1	65536
5035921	111351	3932b791f2313000	143147601202	0	false	3	143147601204	1	65536
5038428	111406	200d600541031000	6765395048	98812	true	1	6765395048	1	65536
5039486	111429	0e5b27aab0121110	282480567693	69725	true	1	282480567693	1	65536
5039545	111430	24208c3f53010320	232788061676	0	false	6	232788061681	1	65536
5039574	111431	033807e7f2030310	243490071798	0	false	1	243490071798	1	65536
5041471	111473	25e242b620320020	185831166274	0	false	1	185831166274	1	65536
5042313	111492	394cbc0330300310	205474760474	0	false	8	205474760481	1	65536
5042616	111498	20ff2c3030001020	261433135628	0	false	1	261433135628	1	65536
5042905	111505	37400e4c82310000	10986612731	0	false	2	10986612732	1	65536
5044312	111536	0098365e21120201	230142097747	0	false	11	230142097757	1	65536
5044616	111543	3143fdb381220200	260950892819	0	false	8	260950892826	1	65536
5044629	111543	02bd2c3c03130211	79955535645	118715	true	1	79955535645	1	65536
5045418	111561	0300deb330201300	178569497191	140360	true	11	178569497201	1	65536
5045812	111570	026af9cbc3102110	11765005686	0	false	2	11765005687	1	65536
5045829	111570	03b0000a21330131	240663889252	0	false	4	240663889255	1	65536
5046341	111581	00c3e30fc1333101	144861157017	0	false	1	144861157017	1	65536
5046907	111593	37e13d57a3131200	28358201536	0	false	6	28358201541	1	65536
5049417	111649	30d60102c3113000	190114437546	0	false	1	190114437546	1	65536
5049686	111655	2773923641100120	51027837237	0	false	1	51027837237	1	65536
5051550	111696	01143faa10022301	107379120209	0	false	2	107379120210	1	65536
5052335	111714	2095508e93022111	191087394751	0	false	11	191087394761	1	65536
5052525	111718	265d30b882122101	143351661252	0	false	2	143351661253	1	65536
5053099	111731	23f3023b41032101	158518691390	2095685	true	1	158518691390	1	65536
5053103	111731	3b45c32dc1333300	292534243904	0	false	1	292534243904	1	65536
5057132	111821	026fd94333122133	71249951731	0	false	1	71249951731	1	65536
5057648	111832	20ca2542c1201300	285364364954	0	false	12	285364364965	1	65536
5059041	111863	22011ebcc2202001	31834875870	0	false	1	31834875870	1	65536
5060138	111886	284041c490130010	83056947042	0	false	1	83056947042	1	65536
5060260	111889	34f7fb9253133020	249099943908	0	false	1	249099943908	1	65536
5061115	111908	2cfc7f1502313200	80730269319	0	false	2	80730269320	1	65536
5061854	111924	2526b87e60133200	64650880725	0	false	8	64650880732	1	65536
5063828	111967	03c1fcd881010303	83134473247	118715	true	1	83134473247	1	65536
5064547	111983	3337d00d20311130	206535356738	0	false	4	206535356741	1	65536
5066711	112030	20f2063071130211	112854549201	0	false	1	112854549201	1	65536
5068822	112077	0311772351023030	195713458098	140360	true	2	195713458099	1	65536
5069866	112101	2cbe4b8fe3023000	169522085718	0	false	2	169522085719	1	65536
5070565	112116	2e2208cf73100300	207491531089	0	false	2	207491531090	1	65536
5070781	112121	30ae82ff03200120	148445557186	0	false	2	148445557187	1	65536
5071143	112129	048a38c8c2033332	3785839749	0	false	14	3785839762	1	65536
5071354	112134	202be0b502310131	190953585121	1616200	true	1	190953585121	1	65536
5071366	112134	38fb269242020330	149983288899	0	false	6	149983288904	1	65536
5072448	112158	2294fdc292000120	266942736160	0	false	4	266942736163	1	65536
5072714	112164	210a4b8ca1311001	128396448602	0	false	4	128396448605	1	65536
5073740	112186	2efde0b361231300	153609063223	0	false	6	153609063228	1	65536
5074633	112206	0108020600030100	113438424600	0	false	7	113438424606	1	65536
5074730	112209	338bf9e4f0123230	176525559883	116494	true	1	176525559883	1	65536
5074912	112213	01244a0b03103113	226076682663	0	false	2	226076682664	1	65536
5075036	112216	0225ec2802203100	22155155969	0	false	1	22155155969	1	65536
5075576	112228	02b79a4af1233121	50094358268	1	true	1	50094358268	1	65536
5077359	112267	015b9d9a43310023	278840975789	0	false	22	278840975810	1	65536
5078413	112291	2d7c5e83a3003300	20778112623	0	false	12	20778112634	1	65536
5080366	112335	233a004020300220	216989845077	0	false	2	216989845078	1	65536
5081669	112363	2ae8aec141021330	84221708196	0	false	1	84221708196	1	65536
5082051	112372	20890cfa20203300	152852104693	0	false	1	152852104693	1	65536
5082143	112374	234be02412330320	27387799946	0	false	1	27387799946	1	65536
5082440	112381	20f0179763130301	63257457481	0	false	1	63257457481	1	65536
5082825	112389	05eb8f4492121221	170566347457	350134	true	2	170566347458	1	65536
5083551	112405	01060f7881333320	4182136463	0	false	18	4182136480	1	65536
5085803	112455	27e965b923213110	207820703293	0	false	1	207820703293	1	65536
5086017	112460	0164fe93c1111221	63077111375	0	false	31	63077111405	1	65536
5086362	112468	0dccf20382103220	191375645228	0	false	37	191375645264	1	65536
5086807	112477	31f3ad23a1013310	233099196781	0	false	7	233099196787	1	65536
5088913	112524	30fc93b041323300	35258984770	0	false	13	35258984782	1	65536
5089686	112540	03f3b60233220230	132582354025	0	false	4	132582354028	1	65536
5089858	112544	21fc8cc080310030	65293252486	0	false	1	65293252486	1	65536
5091139	112573	2df3ff9e92223230	285884369361	0	false	3	285884369363	1	65536
5091939	112590	00c002f472220301	250148697210	0	false	1	250148697210	1	65536
5092077	112593	0333d00373201100	282898547640	140360	true	1	282898547640	1	65536
5093428	112624	34cfbb7f80312010	237582900391	292824	true	1	237582900391	1	65536
5094471	112647	2809038033113330	183609979767	0	false	2	183609979768	1	65536
5095285	112665	278fc1e0f1011300	119580677125	0	false	1	119580677125	1	65536
5095822	112677	2fcffc2002220210	159617312906	0	false	1	159617312906	1	65536
5096505	112693	373ea45a31020330	98625090027	0	false	6	98625090032	1	65536
5097623	112718	25f3733722333300	178147199137	0	false	11	178147199147	1	65536
5099240	112753	0134779ce3232023	19879834293	0	false	5	19879834297	1	65536
5099323	112755	03efd677c0013331	188542586251	0	false	1	188542586251	1	65536
5099481	112759	02505f55d3111023	265945736814	350134	true	1	265945736814	1	65536
5103486	112848	31223dbc33330010	251119632415	0	false	16	251119632430	1	65536
5105280	112887	2bc61010e0032021	107591577143	0	false	9	107591577151	1	65536
5108100	112950	02b4800353213001	233837209040	186696	true	1	233837209040	1	65536
5111718	113030	2179f43f30102001	222663731149	0	false	5	222663731153	1	65536
5111807	113032	21482fbb23221010	126425467846	0	false	8	126425467853	1	65536
5112232	113041	015df5d452030312	42543627761	0	false	3	42543627763	1	65536
5112564	113048	3053ddfc40010120	28097337300	0	false	6	28097337305	1	65536
5112577	113049	093e8feba0100312	95150064220	0	false	12	95150064231	1	65536
5112722	113052	3c11fd0d02002300	268728805647	0	false	5	268728805651	1	65536
5117558	113159	2030cf9e12300231	202885914275	292855	true	1	202885914275	1	65536
5118699	113185	2dd92b6a01002100	102977215751	0	false	8	102977215758	1	65536
5120473	113224	30f4209203011020	293219355895	0	false	1	293219355895	1	65536
5120513	113225	22912800f0313001	35087504166	0	false	1	35087504166	1	65536
5120919	113234	003f2b9332211201	202807458338	0	false	1	202807458338	1	65536
5121590	113249	3ae45e45f3123030	28954892423	0	false	1	28954892423	1	65536
5121940	113257	3f143e3031303000	280031983652	0	false	2	280031983653	1	65536
5122168	113261	299d0acaf1222000	72130757277	0	false	1	72130757277	1	65536
5122462	113268	0248421043311002	213888199002	0	false	4	213888199005	1	65536
5123440	113289	26491a7d42111311	237743854420	350134	true	1	237743854420	1	65536
5124122	113304	03adcf7471301131	179711760692	0	false	1	179711760692	1	65536
5126865	113364	02178ca2f0203130	75243738484	0	false	1	75243738484	1	65536
5129544	113424	23cdfcc371313311	49867538204	0	false	1	49867538204	1	65536
5129689	113428	04873f3fe2333020	128283084095	0	false	1	128283084095	1	65536
5130415	113444	30292bdf30203230	151412524821	0	false	1	151412524821	1	65536
5130560	113447	000eafe511133100	223682383019	0	false	1	223682383019	1	65536
5132830	113497	3e3e380f40020300	180537818400	0	false	1	180537818400	1	65536
5133506	113511	05254dfbe1201022	132350832120	0	false	5	132350832124	1	65536
5136612	113582	001ad042b0102210	27021116825	0	false	1	27021116825	1	65536
5139344	113643	2070efed52030030	38822970234	0	false	4	38822970237	1	65536
5139468	113645	030a300ec0000323	256809940552	0	false	1	256809940552	1	65536
5141661	113693	073f850f20320012	1305789060	0	false	1	1305789060	1	65536
5142046	113702	3f1ff9f320033100	112098645549	0	false	7	112098645555	1	65536
5144241	113751	30cf753d43030000	212519926266	0	false	12	212519926277	1	65536
5146236	113796	02b3c0bfb3303303	184616307666	0	false	2	184616307667	1	65536
5146348	113798	0200d3c523033210	40838988043	0	false	4	40838988046	1	65536
5147246	113817	0337a038b3300302	187877888444	0	false	8	187877888451	1	65536
5147489	113823	21cc422b01100130	38651592970	0	false	3	38651592972	1	65536
5149269	113863	30b15d3400300030	191314005972	0	false	2	191314005973	1	65536
5149477	113868	25031e6753101121	6376080892	0	false	2	6376080893	1	65536
5150178	113883	24b2cafc10013331	287948683752	0	false	1	287948683752	1	65536
5151980	113922	2cf4de3333332330	229880120988	0	false	2	229880120989	1	65536
5155446	113999	077d3cf753312001	133639293390	0	false	6	133639293395	1	65536
5157833	114052	3f83740c12030000	11028573768	0	false	1	11028573768	1	65536
5160059	114101	02c886f480223311	251920250187	0	false	1	251920250187	1	65536
5160490	114111	03d8c14ff3010321	295027125417	0	false	1	295027125417	1	65536
5161801	114140	003cf7c200012113	170284116862	0	false	5	170284116866	1	65536
5162037	114145	2031544c81323210	97765510450	0	false	11	97765510460	1	65536
5162075	114146	03470e7ac3233303	292773264800	0	false	4	292773264803	1	65536
5162567	114157	04dc3a8f61000321	160107251889	0	false	1	160107251889	1	65536
5163225	114171	2bd8013d72100020	294316840691	0	false	4	294316840694	1	65536
5165253	114216	2acf3ec0e3230210	2598690767	1354760	true	1	2598690767	1	65536
5165634	114224	20c44390d1131101	283629837080	0	false	2	283629837081	1	65536
5165747	114227	0222288f93020030	223990692478	0	false	3	223990692480	1	65536
5166676	114247	2a2e88e0a3100001	104565858108	0	false	9	104565858116	1	65536
5167078	114256	2e38793c10332130	233281632804	0	false	4	233281632807	1	65536
5170130	114323	29a6942ba0302000	181954189507	0	false	7	181954189513	1	65536
5170283	114326	04de70d7e0010010	177439003844	657496	true	1	177439003844	1	65536
5170601	114333	217cde8b02332130	45190869553	0	false	6	45190869558	1	65536
5172750	114380	05304133a3323012	44770625625	0	false	1	44770625625	1	65536
5173522	114398	269d8a2780033000	94286238185	0	false	2	94286238186	1	65536
5174437	114418	019f348230210331	181054074182	0	false	1	181054074182	1	65536
5178024	114497	234309ad00332030	281413363778	0	false	2	281413363779	1	65536
5179811	114536	23df78b210231330	67701938827	0	false	5	67701938831	1	65536
5180224	114545	036490cbe3233231	53088055662	0	false	25	53088055686	1	65536
5181055	114564	25921a0300210130	54400476158	0	false	15	54400476172	1	65536
5181170	114566	2b903a47c2312130	277483928859	0	false	2	277483928860	1	65536
5181739	114579	341335b062130300	3447509958	0	false	2	3447509959	1	65536
5184017	114629	02e4ffffe0023220	35312401050	0	false	1	35312401050	1	65536
5184096	114631	07855f12b2102100	198109546528	0	false	2	198109546529	1	65536
5184247	114634	283b7d3501123030	167628506831	0	false	20	167628506850	1	65536
5184282	114635	02eb39f2e3300023	289321795962	0	false	2	289321795963	1	65536
5186952	114693	034b3480d0210021	146707170942	0	false	3	146707170944	1	65536
5189083	114741	037f4fc0f0113130	287780270980	118715	true	1	287780270980	1	65536
5189806	114757	02f340fcd1313010	50420870568	0	false	12	50420870579	1	65536
5189858	114758	22823ea3d3200300	234420691182	0	false	18	234420691199	1	65536
5190027	114762	038c08adc0301232	262695780633	0	false	19	262695780651	1	65536
5190235	114767	0e75b1d433003221	71594387011	0	false	3	71594387013	1	65536
5190661	114776	020da69043130102	141092765468	0	false	2	141092765469	1	65536
5191125	114786	311cffce00200020	146270831065	0	false	3	146270831067	1	65536
5191820	114802	056693e372100122	239364222113	350134	true	1	239364222113	1	65536
5191862	114803	03d8c3ddd3013310	102228494704	292852	true	1	102228494704	1	65536
5193190	114832	03f80088f0003020	70949851766	1601580	true	3	70949851768	1	65536
5193341	114835	2c33d0c3f0132100	178708753238	0	false	1	178708753238	1	65536
5194206	114855	01ce403383300022	246028395437	0	false	3	246028395439	1	65536
5194533	114862	203fc8c580100331	244888200575	0	false	3	244888200577	1	65536
5194849	114869	24c4c5ec13000011	192744220997	0	false	6	192744221002	1	65536
5198376	114946	25c23d0220003310	123298677411	0	false	2	123298677412	1	65536
5198487	114949	30033c03e0013030	90693931444	2072390	true	4	90693931447	1	65536
5198881	114957	3c9243e1d2331300	286113196875	0	false	5	286113196879	1	65536
5202316	115033	0647e00872231121	68613653171	0	false	1	68613653171	1	65536
5203612	115062	03e87fe701030302	161917608617	0	false	2	161917608618	1	65536
5205510	115103	27f0b0bf33313320	143995059296	140360	true	1	143995059296	1	65536
5205963	115113	03ff40f460033331	30408593160	0	false	5	30408593164	1	65536
5207702	115152	2000333223230030	289984829027	0	false	1	289984829027	1	65536
5210770	115219	305e4dcfc0231300	120580435796	94538	true	1	120580435796	1	65536
5211188	115229	2e17b8e753200020	48707011735	0	false	4	48707011738	1	65536
5211505	115236	20d3ca9490011300	226169433680	0	false	4	226169433683	1	65536
5211962	115246	2c350d8e22133030	64787709904	0	false	1	64787709904	1	65536
5212845	115265	23ecf7d481010000	91060574237	0	false	1	91060574237	1	65536
5214791	115308	31e000c6f3030320	261367473275	0	false	2	261367473276	1	65536
5215524	115324	03954f7330201000	96691841325	0	false	5	96691841329	1	65536
5215635	115326	034f55cdb2322002	132166688546	0	false	3	132166688548	1	65536
5216380	115343	0352893ff0030012	3224409953	140360	true	4	3224409956	1	65536
5217565	115369	0070ff2782000303	278445293159	0	false	1	278445293159	1	65536
5218074	115381	0203c45fc3333303	61736870100	0	false	6	61736870105	1	65536
5218892	115399	3477d75df0033000	226774827749	0	false	2	226774827750	1	65536
5219348	115409	0584bff452002023	37495473729	0	false	4	37495473732	1	65536
5219704	115417	2d7c7b8353002220	63537453227	0	false	4	63537453230	1	65536
5220541	115436	36bbeec622101000	259867525578	0	false	11	259867525588	1	65536
5220661	115438	3022e933c3221100	155598030143	0	false	6	155598030148	1	65536
5227830	115596	07479c2ab2123101	142799724638	0	false	4	142799724641	1	65536
5228787	115617	0169aca141201231	100627911490	0	false	27	100627911516	1	65536
5229232	115627	00423b2323322110	59343805051	0	false	4	59343805054	1	65536
5230542	115656	33380cf830030100	270955151377	0	false	1	270955151377	1	65536
5231391	115674	03e626d2b3003012	179569753808	0	false	20	179569753827	1	65536
5231824	115683	0027700770101313	148589595479	0	false	4	148589595482	1	65536
5232588	115700	03cc3a10f2300300	49588351141	0	false	4	49588351144	1	65536
5232628	115700	20413a0c63011230	9003104145	0	false	1	9003104145	1	65536
5233446	115719	2e37f335c1313130	229046814855	0	false	4	229046814858	1	65536
5233632	115723	2552f9ff32302200	259406868350	0	false	1	259406868350	1	65536
5234692	115747	202f9c00b0320331	200074417419	0	false	11	200074417429	1	65536
5235115	115756	079205e482222300	117138203759	0	false	1	117138203759	1	65536
5236175	115781	3750103c30200000	157067404518	0	false	7	157067404524	1	65536
5237517	115810	2116bd5a41131101	187355292367	0	false	3	187355292369	1	65536
5238209	115825	320fcc3ef0000030	152477817500	0	false	32	152477817531	1	65536
5238366	115829	03d42e44d0300102	88325818676	0	false	6	88325818681	1	65536
5238455	115831	2017e1be32023131	120271695322	0	false	4	120271695325	1	65536
5238614	115834	249248a6b1001010	150753621046	0	false	2	150753621047	1	65536
5238823	115839	2379c38fe3333201	189786235520	0	false	8	189786235527	1	65536
5239818	115862	3006333522320100	71699197484	0	false	1	71699197484	1	65536
5239854	115863	2ab240cd30300030	121857725365	0	false	2	121857725366	1	65536
5239858	115863	038cfe7152033320	250421159303	0	false	1	250421159303	1	65536
5240448	115876	330ff16103303010	84046833846	0	false	10	84046833855	1	65536
5243197	115936	3c0ecf7f73333010	87128989919	0	false	1	87128989919	1	65536
5243561	115944	23331fc000232030	87913505406	0	false	6	87913505411	1	65536
5243633	115946	20ef379413203301	13060618695	0	false	27	13060618721	1	65536
5244303	115960	2a354ef523000010	115449339785	0	false	2	115449339786	1	65536
5245059	115977	249ac94453113010	266571230168	0	false	3	266571230170	1	65536
5245081	115977	041d027072012122	85062805040	0	false	1	85062805040	1	65536
5245272	115982	03c00c33f3321020	79736780337	3	true	1	79736780337	1	65536
5246813	116016	33ce835c73233200	121187736904	0	false	4	121187736907	1	65536
5246816	116016	01fbff4030320231	180174539538	0	false	1	180174539538	1	65536
5246936	116018	2698b9e090012201	249612040730	350134	true	1	249612040730	1	65536
5247015	116020	0ffdf38f73000000	263596688804	0	false	1	263596688804	1	65536
5247077	116021	28ffbc7581002030	295677647366	0	false	7	295677647372	1	65536
5248608	116055	0100c70650333310	56801152568	0	false	3	56801152570	1	65536
5249574	116076	03f3122b80332030	98011115672	0	false	1	98011115672	1	65536
5252756	116146	27977126d1333331	177803852718	0	false	2	177803852719	1	65536
5253618	116165	01e0c00710200313	184929559	0	false	11	184929569	1	65536
5256209	116225	25efa92b81001020	41028420877	0	false	1	41028420877	1	65536
5256211	116225	03ca042af3232330	192681657188	0	false	33	192681657220	1	65536
5257697	116258	052efc00f3120330	149412567717	0	false	1	149412567717	1	65536
5258233	116270	1a7d4969d2301010	238883998543	0	false	4	238883998546	1	65536
5258775	116281	2575045471212011	67796597317	350134	true	1	67796597317	1	65536
5259168	116290	371ffff7b2312010	167963325511	0	false	9	167963325519	1	65536
5260623	116321	346cb2ba63121320	227446756523	69725	true	1	227446756523	1	65536
5261474	116340	03dfd14b43322031	88891731572	0	false	1	88891731572	1	65536
5261486	116340	0200008830100303	12250971235	0	false	1	12250971235	1	65536
5262780	116369	39c08d0363002020	168651355579	0	false	3	168651355581	1	65536
5263612	116387	010274b3d1002301	30549905080	0	false	2	30549905081	1	65536
5264496	116406	375c35c363310330	228561330356	0	false	2	228561330357	1	65536
5269792	116523	03847f4cc3302222	129326831085	0	false	9	129326831093	1	65536
5270930	116549	23433fefe3013030	47788705005	0	false	4	47788705008	1	65536
5271043	116551	000ffcf003323210	282753386259	0	false	3	282753386261	1	65536
5271045	116551	20328fc700300030	176920112196	0	false	5	176920112200	1	65536
5271775	116567	300e7f7770130030	149545344986	0	false	8	149545344993	1	65536
5274561	116629	02d2010071130010	123475153469	0	false	1	123475153469	1	65536
5275247	116644	23c0f33ac3300030	44479275784	0	false	2	44479275785	1	65536
5275456	116649	0644444440000200	205719305905	0	false	7	205719305911	1	65536
5276638	116675	2402b3fc80212130	52961891372	0	false	1	52961891372	1	65536
5278452	116716	2bd3e0c400011310	116479466193	0	false	1	116479466193	1	65536
5278893	116726	2b31084b01011001	85381770115	0	false	3	85381770117	1	65536
5279318	116735	20542024f2302330	45915985629	0	false	4	45915985632	1	65536
5279611	116742	24e30eab72233231	295551228834	0	false	3	295551228836	1	65536
5279689	116744	002c0ffd23000023	120542701022	0	false	4	120542701025	1	65536
5280949	116771	2d58389bc1213110	29966261958	0	false	1	29966261958	1	65536
5280970	116771	20641356a1013310	174484412225	0	false	1	174484412225	1	65536
5281257	116778	33ca3c2240103030	237896124895	0	false	3	237896124897	1	65536
5281683	116787	052032fd73312320	242123521076	0	false	2	242123521077	1	65536
5282016	116794	018a7c7f41300000	18600253076	0	false	7	18600253082	1	65536
5282025	116795	008907a000030231	82373602391	0	false	1	82373602391	1	65536
5283491	116827	2fd02c4bc1123330	86655345087	0	false	1	86655345087	1	65536
5285437	116870	2c03cf4ef2233221	211640835216	0	false	1	211640835216	1	65536
5285876	116879	20fbfa8383320330	17115687581	0	false	9	17115687589	1	65536
5286795	116899	003cde8b01000001	22235915870	0	false	1	22235915870	1	65536
5287690	116919	02cd40c053203222	107833773592	0	false	1	107833773592	1	65536
5289003	116948	2bd11bff92003020	164488580391	0	false	4	164488580394	1	65536
5291662	117008	200e704b92300030	223474200529	0	false	7	223474200535	1	65536
5292043	117016	2f910ff101330020	85892514010	0	false	4	85892514013	1	65536
5292052	117016	3b905fbf21000300	61967190151	0	false	13	61967190163	1	65536
5292122	117018	0398389a50232003	26087036247	0	false	2	26087036248	1	65536
5292515	117026	300f7f0cd1331030	241024207341	0	false	8	241024207348	1	65536
5292612	117028	3cfe451d02301110	24227644370	0	false	12	24227644381	1	65536
5293168	117041	236dddc7e1112121	134533087780	0	false	7	134533087786	1	65536
5293580	117050	2479ed2e53031020	117906394371	0	false	1	117906394371	1	65536
5294305	117067	312457e143111230	121903489245	0	false	1	121903489245	1	65536
5295222	117090	02233033c0103113	155073423737	0	false	4	155073423740	1	65536
5295577	117097	010e8f8103200223	31490025312	0	false	1	31490025312	1	65536
5296077	117109	2ea3430582012130	110338238585	0	false	2	110338238586	1	65536
5298024	117152	0140177f43013131	23664425997	0	false	3	23664425999	1	65536
5298238	117157	04d34fffe3023113	239714181267	0	false	13	239714181279	1	65536
5298966	117173	2101738392333111	108139527626	0	false	1	108139527626	1	65536
5299852	117193	0165aad0d0111203	117375348587	0	false	5	117375348591	1	65536
5300853	117214	22f9c145c3003210	261570205303	0	false	4	261570205306	1	65536
5302504	117251	2316f222c3223330	10156702948	0	false	29	10156702976	1	65536
5304089	117285	20f07037a3300011	15242350190	0	false	5	15242350194	1	65536
5304903	117303	20ef9f7a53110021	150153293543	0	false	1	150153293543	1	65536
5305025	117306	34fa6f7dc0001000	229600240993	118715	true	1	229600240993	1	65536
5306659	117342	23201d0ff2300130	141967038856	0	false	48	141967038903	1	65536
5307092	117351	053cfb2050002000	93461381283	0	false	1	93461381283	1	65536
5307436	117358	0010004100000000	81445894520	0	false	11	81445894530	1	65536
5311313	117445	052dd2efb0130001	182209326406	0	false	2	182209326407	1	65536
5311388	117447	3bc023fff0333100	267222572251	0	false	3	267222572253	1	65536
5312271	117467	23012b92f3201300	136122088729	0	false	1	136122088729	1	65536
5312553	117473	2437ffd240211231	225611858962	0	false	3	225611858964	1	65536
5313126	117485	2ac2c0e782302320	106372462187	0	false	5	106372462191	1	65536
5313555	117495	0104bef923100212	238325536343	0	false	1	238325536343	1	65536
5313893	117502	22a56f5930100121	100754296061	350134	true	1	100754296061	1	65536
5313961	117503	2381f3e3f2300021	224296862497	0	false	1	224296862497	1	65536
5315253	117532	02c07c12e2020330	55991959077	0	false	4	55991959080	1	65536
5315992	117549	2c8048cf13032010	244372365197	0	false	1	244372365197	1	65536
5318108	117595	2403cff8d0000000	50825774473	0	false	5	50825774477	1	65536
5318354	117600	004c7453f1202210	47364076666	0	false	1	47364076666	1	65536
5318424	117602	011514d8e3031110	96017966119	0	false	2	96017966120	1	65536
5318992	117615	0bcff026e1112220	172650609695	0	false	7	172650609701	1	65536
5320578	117649	22f4f3c5f1333030	255654446965	0	false	4	255654446968	1	65536
5322415	117689	0104244243223102	163932551261	0	false	2	163932551262	1	65536
5322659	117695	2bdd7a84b2332021	37669214196	0	false	3	37669214198	1	65536
5322925	117701	3cd831ffd3030000	194685188342	0	false	1	194685188342	1	65536
5323309	117709	3000fc3c03033130	114722137134	112590	true	5	114722137138	1	65536
5323513	117713	2267aa7810223220	192076119465	0	false	3	192076119467	1	65536
5324547	117737	002f3c3bc2002033	219668081838	0	false	6	219668081843	1	65536
5325854	117765	0899d81e90201120	53939295956	0	false	13	53939295968	1	65536
5327124	117794	31f03bfe30001000	244534141618	1932403	true	1	244534141618	1	65536
5327566	117804	3aa39df433320320	207145926001	0	false	29	207145926029	1	65536
5327780	117808	2c00fb0dd2333330	101018931219	0	false	3	101018931221	1	65536
5330992	117879	00ac081710002303	158655000004	0	false	5	158655000008	1	65536
5331089	117881	303f9434a2133300	246565119959	0	false	10	246565119968	1	65536
5331452	117890	2c37936f82312230	89659292732	150003	true	1	89659292732	1	65536
5332242	117907	2f4c234823000030	138973151267	0	false	47	138973151313	1	65536
5332817	117920	2491bc0fc1010020	258784731056	0	false	9	258784731064	1	65536
5333034	117925	0685b761f0203121	216510449505	350134	true	1	216510449505	1	65536
5333219	117929	01e0a208f3303133	38604974243	0	false	4	38604974246	1	65536
5333491	117935	0fd4f9cc82012012	98598527323	0	false	9	98598527331	1	65536
5335225	117977	03f1f23382303012	295236609797	0	false	13	295236609809	1	65536
5335500	117983	02cf323e81300121	267452392776	0	false	6	267452392781	1	65536
5336050	117995	037225f452132330	50370266794	0	false	1	50370266794	1	65536
5336293	118000	033ac33030310001	226613125194	0	false	1	226613125194	1	65536
5337087	118018	04cff01881000202	122497186668	0	false	3	122497186670	1	65536
5337475	118026	344b3fe282230300	197903376722	0	false	28	197903376749	1	65536
5338356	118046	01e343cb71303003	208413975695	0	false	6	208413975700	1	65536
5338676	118053	383cd34103323300	28375778192	0	false	1	28375778192	1	65536
5339095	118062	23608c03a3200330	109074886523	0	false	1	109074886523	1	65536
5339698	118076	20e4b2c200303210	39053987213	0	false	1	39053987213	1	65536
5340169	118086	307750bf20210030	109566858769	0	false	8	109566858776	1	65536
5340607	118096	3200320231333010	116859703300	156294	true	4	116859703303	1	65536
5342490	118138	37004eb453230000	224578576995	0	false	4	224578576998	1	65536
5343707	118165	2f80ed6323330200	209511419933	0	false	1	209511419933	1	65536
5344078	118173	060c83e8c3110211	93206290442	0	false	1	93206290442	1	65536
5345530	118205	340e10fc30321000	191569997079	0	false	1	191569997079	1	65536
5346185	118219	04e5411c90013203	162745489469	0	false	7	162745489475	1	65536
5349236	118286	030ce8b9f3201202	94624321097	0	false	11	94624321107	1	65536
5349740	118297	31c2b48f02222310	61560308082	0	false	6	61560308087	1	65536
5349808	118299	200d5e0b23233000	174602071897	0	false	15	174602071911	1	65536
5350205	118308	2743f813d2222210	14302349724	0	false	1	14302349724	1	65536
5352843	118365	0286488821220233	157069889171	0	false	1	157069889171	1	65536
5353646	118383	0012b8faf0200210	238045154480	0	false	5	238045154484	1	65536
5356616	118449	083b00d2c2231120	184115278644	0	false	1	184115278644	1	65536
5357748	118474	24cffbff83020010	96032433398	0	false	25	96032433422	1	65536
5357867	118476	2393b00ad0103000	157444538077	0	false	2	157444538078	1	65536
5358033	118480	221220ff30022230	207514474305	1	true	1	207514474305	1	65536
5358620	118494	243fccc773010001	233908194176	0	false	3	233908194178	1	65536
5359778	118520	0101c0dff1201023	45915058363	0	false	3	45915058365	1	65536
5359850	118521	054880ff01310131	39633679608	0	false	9	39633679616	1	65536
5359951	118524	30f3bcbcf1333130	111367854629	0	false	3	111367854631	1	65536
5360579	118537	203b3a4731031301	236390725304	0	false	4	236390725307	1	65536
5361254	118551	2be33ef9e3123210	42700776950	2137276	true	17	42700776966	1	65536
5361935	118566	03893a0320300232	134068814149	0	false	2	134068814150	1	65536
5363057	118591	0fdd47e130133100	16720402349	0	false	3	16720402351	1	65536
5363409	118599	2c1c761e43100030	68482670908	0	false	8	68482670915	1	65536
5364085	118614	207810ddf1310311	205276440153	0	false	27	205276440179	1	65536
5365054	118635	0b54704233101020	292025821443	0	false	1	292025821443	1	65536
5365157	118637	0231a3ff50033322	53572427276	0	false	3	53572427278	1	65536
5367879	118697	055d197fb3301021	53023107898	0	false	3	53023107900	1	65536
5368000	118700	257a71fce3311020	287342700871	0	false	6	287342700876	1	65536
5370105	118746	0157304c20333201	35207007919	0	false	4	35207007922	1	65536
5371490	118777	24fb8c7cb3232011	165670498617	292819	true	1	165670498617	1	65536
5371521	118777	301052afe3303200	143606675054	292819	true	1	143606675054	1	65536
5372595	118802	000ce3ff72320033	206089727170	0	false	10	206089727179	1	65536
5372747	118805	017cc0a002002003	177545747309	0	false	6	177545747314	1	65536
5374265	118842	3334337a82330020	285880832337	0	false	18	285880832354	1	65536
5374582	118849	26005ffc12011030	261033881116	0	false	1	261033881116	1	65536
5374880	118855	0fae00c3a0222302	249539743571	0	false	3	249539743573	1	65536
5375009	118858	030ddfd590122221	136107339033	0	false	5	136107339037	1	65536
5375430	118868	01b200d3f2232300	70573318876	0	false	4	70573318879	1	65536
5376192	118885	214deabad0001101	117868454356	0	false	1	117868454356	1	65536
5376942	118900	3b341f3110203000	125367194383	0	false	4	125367194386	1	65536
5376990	118902	017e942d13333200	167788851983	0	false	4	167788851986	1	65536
5377489	118913	2b987e33c3330330	208368003555	0	false	1	208368003555	1	65536
5378801	118942	200c8cd810212300	66774745068	292822	true	1	66774745068	1	65536
5379410	118955	2c0345bea2311010	160491101652	0	false	2	160491101653	1	65536
5380613	118982	29fb020003120020	200394723156	140360	true	5	200394723160	1	65536
5382409	119022	34f8eb8b30312100	151235492316	0	false	3	151235492318	1	65536
5382628	119027	070058b8c0303110	171911957534	0	false	3	171911957536	1	65536
5383761	119052	0934f93d11313100	111289419701	0	false	1	111289419701	1	65536
5384960	119078	02bbf00c31212330	48868838016	0	false	5	48868838020	1	65536
5386242	119106	3473f0eae3200130	110649654636	118715	true	1	110649654636	1	65536
5386651	119115	20c7507001302330	192742609653	0	false	8	192742609660	1	65536
5386690	119116	037f5354c0213332	226549695358	0	false	10	226549695367	1	65536
5388133	119149	27f37bb650223230	254134431537	0	false	2	254134431538	1	65536
5388206	119150	0230c18430230300	242226324513	0	false	2	242226324514	1	65536
5388597	119159	2ed7eb6d31332110	64044927783	0	false	7	64044927789	1	65536
5391091	119214	2222fed003032300	88872178046	0	false	12	88872178057	1	65536
5394799	119295	027c9f07d3333331	63294042761	0	false	8	63294042768	1	65536
5396197	119327	31fa8d48d3323120	223813033617	0	false	7	223813033623	1	65536
5396857	119341	037f947632233033	23189100786	0	false	12	23189100797	1	65536
5397140	119348	300eb66ad1103110	107964322341	0	false	5	107964322345	1	65536
5397400	119353	05cb923502000222	206413247740	0	false	7	206413247746	1	65536
5397450	119355	2398f0e032011100	22167493297	0	false	1	22167493297	1	65536
5398721	119383	0313fd2380332330	105431841592	0	false	5	105431841596	1	65536
5398952	119388	03fb322af2302312	240337764788	0	false	11	240337764798	1	65536
5399709	119404	00b6a46261332223	75888804694	0	false	5	75888804698	1	65536
5403050	119479	28e38cf300021300	75917930968	118715	true	1	75917930968	1	65536
5405847	119541	24a7337f03003121	171933709065	0	false	1	171933709065	1	65536
5407453	119577	2a69e994c0312231	71692227882	0	false	12	71692227893	1	65536
5407456	119577	218b2c5160333221	170048310562	0	false	1	170048310562	1	65536
5408463	119599	3173502291011030	191155249276	0	false	7	191155249282	1	65536
5409120	119614	30223c93f0003330	5288570575	0	false	2	5288570576	1	65536
5410351	119641	31d0372200330330	285680721937	0	false	3	285680721939	1	65536
5410355	119641	03043371d0332200	256656684518	0	false	1	256656684518	1	65536
5411523	119668	01f97fa4c2301200	191925226645	0	false	5	191925226649	1	65536
5411924	119677	277fecc041330331	98229177078	0	false	6	98229177083	1	65536
5412331	119686	264965a5e0123300	293185775772	350134	true	1	293185775772	1	65536
5414464	119733	263b7037f0302300	85425973202	0	false	3	85425973204	1	65536
5415203	119749	0565ce1781322220	72130671943	350134	true	1	72130671943	1	65536
5415314	119752	255e1afbe1311220	50482027418	350134	true	1	50482027418	1	65536
5415337	119752	0514524810130231	117720872145	350134	true	1	117720872145	1	65536
5415849	119763	01cec382a3001203	64129444958	0	false	9	64129444966	1	65536
5416650	119781	223cf8a313302301	168823269155	0	false	1	168823269155	1	65536
5417182	119792	2bebc1b670323200	103699470132	0	false	18	103699470149	1	65536
5417332	119796	303000ed40203020	1660940203	0	false	21	1660940223	1	65536
5417940	119809	00fab201e0132220	205293188437	0	false	3	205293188439	1	65536
5418568	119823	32c3e45140331020	2981074151	0	false	4	2981074154	1	65536
5419574	119845	0337f38392023320	69002281131	0	false	5	69002281135	1	65536
5420363	119862	30b30d5793320310	129074397628	0	false	5	129074397632	1	65536
5420588	119867	014dce3ac3003121	187293358563	0	false	1	187293358563	1	65536
5420654	119868	0134a078f3303100	268989509838	0	false	9	268989509846	1	65536
5421245	119882	2200007370100300	12251305499	0	false	2	12251305500	1	65536
5424451	119952	39200f7f00330020	127087238231	0	false	5	127087238235	1	65536
5427055	120009	230c83c0e3033000	260849493005	292825	true	1	260849493005	1	65536
5427997	120030	1649df8160112220	200532644874	350134	true	1	200532644874	1	65536
5428133	120033	03345140c1012132	183308071065	0	false	2	183308071066	1	65536
5428724	120046	23b0e802c2312310	144671245391	0	false	1	144671245391	1	65536
5428995	120052	03f0ffac20130201	205176182797	0	false	3	205176182799	1	65536
5432875	120136	22463fd400300001	292060450265	0	false	5	292060450269	1	65536
5432920	120137	206b8c0800000300	189454904272	0	false	4	189454904275	1	65536
5434266	120167	020ce79071001002	112177396062	0	false	9	112177396070	1	65536
5434849	120179	02f3740283031033	217301453363	0	false	1	217301453363	1	65536
5436613	120218	35e00233f2023030	272382389568	0	false	3	272382389570	1	65536
5440390	120301	24d383d483202331	66088922768	0	false	26	66088922793	1	65536
5441350	120322	2a0fb23fc0012100	95873273130	0	false	2	95873273131	1	65536
5441863	120333	014edbf151001300	243993092582	0	false	1	243993092582	1	65536
5442360	120344	038c4f4cb3313300	296264196494	0	false	7	296264196500	1	65536
5443021	120360	21e6dd3ee0013200	217226019842	0	false	1	217226019842	1	65536
5444094	120383	3a54c133c2002200	135778037798	0	false	4	135778037801	1	65536
5446412	120435	208fc5c8f3302130	36846522823	0	false	32	36846522854	1	65536
5447280	120454	07e0d20ff3000322	171391305923	0	false	8	171391305930	1	65536
5447646	120462	25b2284f02210000	259002157972	0	false	15	259002157986	1	65536
5449755	120508	001d454e93331222	74375411484	0	false	12	74375411495	1	65536
5450149	120517	305f437213133300	227147288170	0	false	1	227147288170	1	65536
5451034	120537	2038f8c001302030	6683711510	0	false	1	6683711510	1	65536
5452939	120579	340f73d220330000	52682192757	0	false	3	52682192759	1	65536
5454170	120607	291093fff1013010	232068437544	0	false	6	232068437549	1	65536
5454739	120619	0100ddcd10120102	208125502593	0	false	4	208125502596	1	65536
5457442	120679	3173793de1011330	231279734762	0	false	4	231279734765	1	65536
5457517	120681	2d30e00c30303300	164531142636	0	false	3	164531142638	1	65536
5457700	120685	200e339830313101	149265402065	0	false	9	149265402073	1	65536
5458905	120711	02d7b988d3333310	214596801732	0	false	7	214596801738	1	65536
5461337	120764	02337bc873300020	1223100167	0	false	1	1223100167	1	65536
5462887	120799	0001c85731323133	201758800982	0	false	4	201758800985	1	65536
5463722	120816	207fbfde73000001	42655418961	0	false	1	42655418961	1	65536
5463754	120817	034bff2c20232003	253320625470	0	false	2	253320625471	1	65536
5464742	120839	398cd3c9f0010030	17911366870	0	false	1	17911366870	1	65536
5464871	120842	2fd04d0330320200	265548384910	0	false	1	265548384910	1	65536
5465060	120846	2c401fff80331301	159809809768	0	false	3	159809809770	1	65536
5465095	120846	03040b9372020200	168902140283	0	false	12	168902140294	1	65536
5465236	120850	036c202352300231	101885158606	0	false	2	101885158607	1	65536
5465901	120864	0000c023b1032301	193256293278	0	false	5	193256293282	1	65536
5467068	120890	20c1ec86c1133230	157357963707	0	false	2	157357963708	1	65536
5467527	120900	0ac0833223033320	198873514902	0	false	1	198873514902	1	65536
5468422	120920	237823e702331000	142251507283	0	false	1	142251507283	1	65536
5468496	120922	0233750000312012	96803039889	0	false	1	96803039889	1	65536
5468990	120934	207fbec0f3200201	199105717542	140360	true	1	199105717542	1	65536
5470025	120956	2548ae3370101031	71912491614	0	false	5	71912491618	1	65536
5473679	121038	23393f24c3231011	22101831943	0	false	10	22101831952	1	65536
5473778	121040	31b3a245d0233100	123478073794	0	false	2	123478073795	1	65536
5473795	121041	38e8127000300300	285927147182	0	false	1	285927147182	1	65536
5475606	121081	2b81af8fc3201110	19863224445	0	false	13	19863224457	1	65536
5475926	121088	03e88f5630232031	252548301035	0	false	3	252548301037	1	65536
5477001	121112	35945f6521310010	97465917337	0	false	6	97465917342	1	65536
5477414	121122	24d3fb8210030131	93774442416	0	false	4	93774442419	1	65536
5478152	121138	03b8d75370030022	149700534508	0	false	10	149700534517	1	65536
5479391	121165	2460742283203330	234853914902	455045	true	1	234853914902	1	65536
5480202	121183	20f807d790231121	225214198082	0	false	1	225214198082	1	65536
5481012	121201	2720337a01203301	111656719736	0	false	1	111656719736	1	65536
5481193	121205	01c6504310011303	79494623255	0	false	1	79494623255	1	65536
5481400	121209	3b424ffc82303200	211666784731	0	false	4	211666784734	1	65536
5482853	121242	03b8f8a031203302	49783107296	0	false	5	49783107300	1	65536
5485296	121296	20fcc410a2321301	279706614963	0	false	3	279706614965	1	65536
5486457	121322	2003ffc3e2330330	116301731149	0	false	5	116301731153	1	65536
5487046	121335	2bbf270532033300	205078482100	0	false	1	205078482100	1	65536
5487181	121338	23a1d17bf2020110	230515246200	0	false	1	230515246200	1	65536
5487575	121346	277150f720330301	153045141616	0	false	1	153045141616	1	65536
5487860	121353	03ebf3c131210121	46335820150	0	false	11	46335820160	1	65536
5488145	121359	28aaf333b0023331	93997514197	0	false	15	93997514211	1	65536
5488514	121367	2722a98390200330	177747125444	0	false	3	177747125446	1	65536
5488539	121368	2ffff0f703300200	21964084559	0	false	3	21964084561	1	65536
5489097	121380	28433c4ff0301100	290180557061	0	false	18	290180557078	1	65536
5489381	121386	211d0a42e1000030	169635904581	0	false	3	169635904583	1	65536
5491384	121431	013c32b022233031	271200288532	0	false	1	271200288532	1	65536
5492093	121446	203dbe3fd1303220	281592977430	0	false	9	281592977438	1	65536
5492161	121448	03df5de7d2120031	289935848554	0	false	1	289935848554	1	65536
5492292	121451	37d5b5d0e1022120	269347954679	0	false	2	269347954680	1	65536
5492321	121451	2474f80dd1021300	26404985276	0	false	5	26404985280	1	65536
5495016	121511	2dde5efcb2303130	48669948596	0	false	8	48669948603	1	65536
5495482	121521	3009dfc8c0000000	275131788242	0	false	3	275131788244	1	65536
5496556	121546	30eeff38d0010200	291425085361	0	false	2	291425085362	1	65536
5496832	121551	0232c14003320030	118166975766	0	false	4	118166975769	1	65536
5501313	121650	0237f380f1233003	62865215758	0	false	3	62865215760	1	65536
5501566	121655	05557d53f1311330	259961733202	0	false	1	259961733202	1	65536
5502854	121683	25d88da6d1223010	211571628520	1	true	1	211571628520	1	65536
5503078	121688	337f2778c2103200	36740927652	116494	true	1	36740927652	1	65536
5504053	121709	2f2ff8fa00300020	85035909493	0	false	2	85035909494	1	65536
5504354	121716	343febce40200030	65602159599	0	false	23	65602159621	1	65536
5505400	121739	020ef7fff0211321	32168467190	0	false	3	32168467192	1	65536
5507714	121789	01fd0c0030200201	132180133089	0	false	3	132180133091	1	65536
5508221	121801	01f8209eb1333223	22409900784	0	false	51	22409900834	1	65536
5508320	121803	22dcffdc82000330	83564728765	0	false	1	83564728765	1	65536
5508815	121814	021480ac32101331	146328439151	0	false	5	146328439155	1	65536
5510309	121847	270180b021022000	20852394649	0	false	3	20852394651	1	65536
5510328	121848	2220c0c380303030	247758528294	0	false	1	247758528294	1	65536
5510484	121851	272e7a0402313310	151745914129	0	false	3	151745914131	1	65536
5513005	121908	28a0ff2bb0332020	17816791009	0	false	1	17816791009	1	65536
5513093	121909	02d3ccbff0312331	200431821997	0	false	7	200431822003	1	65536
5513321	121914	303e1dc300312030	69834038573	0	false	1	69834038573	1	65536
5515416	121961	03d753abe2332323	202781815667	0	false	1	202781815667	1	65536
5515617	121966	245be53ae2213120	212983547867	350134	true	1	212983547867	1	65536
5516383	121983	3417e80cf0000120	227356403732	0	false	2	227356403733	1	65536
5516961	121997	2011f5c490002310	51962056773	0	false	1	51962056773	1	65536
5517441	122007	30be8cbc00313300	12249064209	292825	true	3	12249064211	1	65536
5518646	122033	02bdf10210320310	111713832513	0	false	4	111713832516	1	65536
5518808	122036	29f40b9eb0300130	4456939373	0	false	1	4456939373	1	65536
5518984	122040	0103914c11113210	236361566906	0	false	23	236361566928	1	65536
5520497	122073	02c240ab01133332	124911772889	0	false	1	124911772889	1	65536
5521659	122099	23aa831cc0203100	29683807158	0	false	22	29683807179	1	65536
5522026	122108	30c0d1fb23130320	245269243663	0	false	8	245269243670	1	65536
5522255	122113	3003ecc9e3010010	54673795035	0	false	17	54673795051	1	65536
5522497	122118	2965521a53123001	161558156025	0	false	3	161558156027	1	65536
5524311	122158	3491773430022210	80563816807	0	false	1	80563816807	1	65536
5524524	122162	0124b0c110123120	186283080400	0	false	21	186283080420	1	65536
5524608	122164	2cf20fc183332300	253697127523	0	false	1	253697127523	1	65536
5526429	122205	315221eb22332310	225845495221	0	false	1	225845495221	1	65536
5527688	122232	03c05c00c3003000	238482620507	0	false	1	238482620507	1	65536
5528119	122242	23226ae000330000	74383619149	0	false	16	74383619164	1	65536
5528593	122252	07bef24853010030	123755954563	0	false	3	123755954565	1	65536
5528663	122253	209e793c40023320	284672648897	0	false	6	284672648902	1	65536
5529690	122276	2e54034a02010210	251123806995	0	false	3	251123806997	1	65536
5530179	122287	3b4ffd7120331000	253597910302	0	false	1	253597910302	1	65536
5530687	122298	0179e09e01000230	79607656733	0	false	1	79607656733	1	65536
5530797	122301	07a4938470231322	29314103358	0	false	23	29314103380	1	65536
5532330	122334	2152c23e21012020	181452975731	0	false	29	181452975759	1	65536
5533517	122360	03cb7ff0d0030333	17758575328	134417	true	1	17758575328	1	65536
5533875	122368	31070c4003002010	28622765897	0	false	1	28622765897	1	65536
5534134	122374	3d1efb3412110110	290415482098	0	false	1	290415482098	1	65536
5534189	122375	382f8d49c0323020	143158368557	147905	true	14	143158368570	1	65536
5535292	122400	29b770c720303010	51060123389	140360	true	1	51060123389	1	65536
5535987	122415	37390e1532103320	261252231563	0	false	1	261252231563	1	65536
5538035	122460	283eb07e01323330	83202356614	0	false	4	83202356617	1	65536
5538729	122475	284675d4c1320310	162224891561	0	false	1	162224891561	1	65536
5540859	122522	32340300c0300030	172038148016	1920730	true	1	172038148016	1	65536
5541121	122527	202310fb53133311	272608239126	0	false	2	272608239127	1	65536
5541511	122536	343f77dd22030320	65081245783	0	false	1	65081245783	1	65536
5542850	122565	05cf005a32303022	36184270925	0	false	1	36184270925	1	65536
5543984	122590	01e88d5d20310022	296412343620	0	false	8	296412343627	1	65536
5544154	122594	35cc00cf20320000	93370482778	0	false	9	93370482786	1	65536
5544254	122596	33ccfdf3a0101320	212177013530	0	false	3	212177013532	1	65536
5546457	122644	0177d550c2200203	189800836702	0	false	2	189800836703	1	65536
5546630	122648	003eece031010233	153076859889	0	false	1	153076859889	1	65536
5547922	122676	2f9e73e7b2310310	126699445807	0	false	3	126699445809	1	65536
5549717	122715	001b3e7030323133	94567631038	140364	true	2	94567631039	1	65536
5550763	122738	24938a1753010320	195712801417	1	true	1	195712801417	1	65536
5551027	122744	25da5e7ad2212010	41761445810	350134	true	1	41761445810	1	65536
5551666	122758	03a4fd4260121003	42660828363	0	false	1	42660828363	1	65536
5552805	122783	2435f3def0202331	290113175110	0	false	3	290113175112	1	65536
5553578	122801	363fdbbfc3333000	287718664839	1737313	true	2	287718664840	1	65536
5554136	122813	00013e1473011232	106847675353	0	false	1	106847675353	1	65536
5554835	122828	2805200822033200	17025928004	1842953	true	1	17025928004	1	65536
5555176	122835	217e06c0c0330000	94200123140	0	false	1	94200123140	1	65536
5556742	122871	20e6ab44f1120300	76648427680	0	false	6	76648427685	1	65536
5557000	122876	30f8eeebd2310130	162751561116	0	false	6	162751561121	1	65536
5557272	122882	210bbc50c2203000	51246275519	0	false	1	51246275519	1	65536
5557712	122892	0008d00362202332	21674378316	0	false	1	21674378316	1	65536
5558209	122903	2502650440303001	296253460954	0	false	5	296253460958	1	65536
5559335	122928	0372234cc0333333	289557171446	0	false	5	289557171450	1	65536
5559711	122936	2380daacc0323020	85500718698	0	false	3	85500718700	1	65536
5560209	122947	002fcb88f1130320	116197069516	0	false	19	116197069534	1	65536
5560859	122961	0281da4032113031	66199462040	1	true	1	66199462040	1	65536
5560941	122963	2114cd43a3101330	4482687029	0	false	2	4482687030	1	65536
5560960	122963	20be4e0813033310	224047897135	0	false	23	224047897157	1	65536
5561397	122973	2fd5732772312100	247044712468	0	false	11	247044712478	1	65536
5561412	122973	031f50e313203120	245191369050	0	false	4	245191369053	1	65536
5563265	123014	03e6e25342333330	151748621589	0	false	27	151748621615	1	65536
5565505	123064	2999297d31233301	107177363285	0	false	23	107177363307	1	65536
5565761	123070	025b457dc0320332	293128214686	0	false	2	293128214687	1	65536
5565893	123073	0377715240022303	102201132174	0	false	1	102201132174	1	65536
5567857	123117	26ad3f5aa0123130	115263995933	0	false	3	115263995935	1	65536
5568364	123128	2fafff7b93302000	261689377854	0	false	1	261689377854	1	65536
5568500	123131	22320f9e21102210	58583206837	0	false	12	58583206848	1	65536
5569336	123150	33f8f6d741003320	196740270587	0	false	10	196740270596	1	65536
5569466	123153	3900924dc3303020	288252672255	0	false	1	288252672255	1	65536
5569602	123156	23bec33c52030220	99934240995	0	false	1	99934240995	1	65536
5570069	123166	2a6300f1c3321130	225426166297	0	false	6	225426166302	1	65536
5570871	123184	233b4034c0020100	164724496713	0	false	1	164724496713	1	65536
5571180	123191	2a8f3f0081323300	185834301186	0	false	1	185834301186	1	65536
5571400	123196	2488ded733010320	115669630382	0	false	2	115669630383	1	65536
5571492	123198	3c10baecf1332310	148812609846	0	false	55	148812609900	1	65536
5572016	123209	2c5dc20172033330	220311514742	0	false	2	220311514743	1	65536
5573204	123236	26daa48ba0100301	80485315754	0	false	12	80485315765	1	65536
5573296	123238	22f5984e72102100	286294452242	0	false	1	286294452242	1	65536
5573463	123241	037a39a210332221	107601759587	0	false	1	107601759587	1	65536
5574988	123275	2f2c504c23321230	286618365156	0	false	4	286618365159	1	65536
5577173	123322	27c8ff9d53101231	63993357294	0	false	3	63993357296	1	65536
5577235	123324	3394c73c31300000	53246607883	0	false	4	53246607886	1	65536
5578390	123350	3376336631210120	61422636472	0	false	1	61422636472	1	65536
5580136	123388	339000ccb0032020	113400349250	292853	true	1	113400349250	1	65536
5581281	123413	00bb0c5073000130	134186359682	0	false	1	134186359682	1	65536
5581408	123416	3a90fba3c1003200	2308566192	0	false	5	2308566196	1	65536
5583600	123465	048cf0c4f3122120	202104330952	0	false	1	202104330952	1	65536
5583649	123466	268dd25ce1133200	184620291933	0	false	2	184620291934	1	65536
5584054	123475	2a0fb3c233100301	116897273183	0	false	9	116897273191	1	65536
5584253	123479	2676d89492112101	29501649377	0	false	1	29501649377	1	65536
5584427	123483	2899f554a1312131	11774000767	350134	true	1	11774000767	1	65536
5585056	123496	33ce803ab0330030	264738852518	0	false	2	264738852519	1	65536
5585246	123500	044cee6ca3312221	53492314695	0	false	24	53492314718	1	65536
5585250	123500	2c8d719133333011	277412203851	0	false	7	277412203857	1	65536
5586157	123521	238cf9c070032321	52475532019	0	false	1	52475532019	1	65536
5586499	123528	2a7118f300332010	226416663012	0	false	1	226416663012	1	65536
5586505	123528	0033e01400203233	35937511861	0	false	5	35937511865	1	65536
5587005	123539	03df83ffc2031000	54671137181	0	false	3	54671137183	1	65536
5587015	123540	0206344232003320	204531923778	140360	true	1	204531923778	1	65536
5588001	123562	05cf953043223300	13229814703	0	false	13	13229814715	1	65536
5588011	123562	28f9873ba2231200	5945728313	0	false	5	5945728317	1	65536
5589488	123594	2dcf1230f0130100	190219148931	0	false	1	190219148931	1	65536
5591640	123642	003ffff220133000	15881735911	0	false	1	15881735911	1	65536
5591847	123646	223f6ef6a0232200	277585728021	0	false	15	277585728035	1	65536
5593124	123674	21cc9ad110023220	111923431860	0	false	27	111923431886	1	65536
5593275	123678	0084b804b2002030	265498448421	0	false	7	265498448427	1	65536
5594435	123704	243343ccf3323030	238360418317	0	false	1	238360418317	1	65536
5595154	123720	000c3e4990200222	131873650210	63032	true	1	131873650210	1	65536
5597363	123769	31002e38d0021120	118542564948	0	false	8	118542564955	1	65536
5597737	123777	27f42e7fc3033330	258642326587	0	false	2	258642326588	1	65536
5598938	123803	2c338b0281001030	268915101364	0	false	67	268915101430	1	65536
5599446	123815	01ff0fff43330103	77055613548	0	false	3	77055613550	1	65536
5599522	123816	26b8781e21001200	204020447337	0	false	1	204020447337	1	65536
5600848	123846	3649dd4303101100	146363475816	0	false	3	146363475818	1	65536
5601258	123854	220bb49fc1033031	171308535135	0	false	4	171308535138	1	65536
5601475	123859	2f2e1ff701331300	160000275323	0	false	3	160000275325	1	65536
5601812	123867	2428935970123010	107989675108	549393	true	1	107989675108	1	65536
5602267	123877	02564d3693021310	125470440737	350134	true	1	125470440737	1	65536
5602734	123887	23fec2b003300030	225736597573	0	false	5	225736597577	1	65536
5602906	123891	2ba010cf03320300	178780071111	1863713	true	2	178780071112	1	65536
5603096	123895	12a10621b2321212	22685118292	350134	true	1	22685118292	1	65536
5605044	123939	003f780fb0301302	269705062025	0	false	15	269705062039	1	65536
5605134	123941	279eb960a3320000	135167095362	0	false	3	135167095364	1	65536
5606116	123963	31402b0ac0010000	215863378063	140360	true	3	215863378065	1	65536
5606233	123965	0351141ec2203103	176551074342	0	false	12	176551074353	1	65536
5606312	123967	204692e6c0301200	112544995193	0	false	32	112544995224	1	65536
5606937	123981	2002f015e2031011	144146069687	0	false	2	144146069688	1	65536
5607094	123984	3343be0900323300	15964713142	1840323	true	63	15964713204	1	65536
5608645	124018	338737f880000230	151839092884	0	false	2	151839092885	1	65536
5608675	124019	2ec7c83b91122200	47866871804	0	false	17	47866871820	1	65536
5610447	124058	05cea0bec1200220	281042861772	0	false	11	281042861782	1	65536
5610514	124059	0230813e42333200	79494842041	0	false	5	79494842045	1	65536
5610521	124060	020668e452203133	170311347528	0	false	6	170311347533	1	65536
5611592	124083	0023c01fb1202011	196482617102	0	false	1	196482617102	1	65536
5613202	124118	0bd0783200023021	68240688310	0	false	1	68240688310	1	65536
5613873	124133	0333f20033310010	193358256067	2131675	true	1	193358256067	1	65536
5616523	124191	2b94902d33021200	291217385068	0	false	3	291217385070	1	65536
5616893	124199	00808cff83113220	78202698817	292830	true	1	78202698817	1	65536
5618051	124224	30017ef0f3032020	74551222476	0	false	25	74551222500	1	65536
5618383	124232	37f4feffb2330110	240268884875	0	false	8	240268884882	1	65536
5619502	124256	30fac384f3202200	187531832366	0	false	2	187531832367	1	65536
5620970	124289	2064f3b0d3313011	59536025300	0	false	1	59536025300	1	65536
5621443	124299	3070f18fc0213100	266496167924	0	false	1	266496167924	1	65536
5623550	124346	02e57d0ed3223310	22988076407	0	false	1	22988076407	1	65536
5623568	124346	2c41741792231321	198326557662	117378	true	1	198326557662	1	65536
5624090	124358	056842fe70233202	37649384710	0	false	11	37649384720	1	65536
5624533	124368	2ce47e49e1312010	213082872278	350134	true	1	213082872278	1	65536
5626314	124408	310c974120021130	44568264055	0	false	3	44568264057	1	65536
5627119	124426	313f02bac0310100	32550376599	0	false	1	32550376599	1	65536
5627180	124427	3c93306091303310	57015802947	0	false	1	57015802947	1	65536
5628386	124455	020f3fa112010030	196601197641	0	false	20	196601197660	1	65536
5628793	124464	23b2549193011310	153701190721	0	false	3	153701190723	1	65536
5629396	124478	27e6c50193010200	155724508489	350134	true	1	155724508489	1	65536
5629899	124489	37d31e38c0300020	223786913617	0	false	1	223786913617	1	65536
5629943	124490	3f00f8cfe2103000	258893593070	118715	true	3	258893593072	1	65536
5629966	124490	24ffcfece3000331	198800306385	140360	true	2	198800306386	1	65536
5630722	124507	2aae4d2950332310	253186112450	0	false	2	253186112451	1	65536
5631371	124521	2f023801b3300010	237047988804	0	false	1	237047988804	1	65536
5632700	124550	002100b382030101	67505030043	0	false	1	67505030043	1	65536
5633020	124557	33073baae0301120	84413424590	0	false	2	84413424591	1	65536
5633973	124578	33d4002133210200	225051519811	0	false	10	225051519820	1	65536
5634599	124592	176df700f3003102	216429495703	0	false	9	216429495711	1	65536
5635980	124623	01f4008f32321000	34855435126	0	false	2	34855435127	1	65536
5639536	124702	01824be781023112	131606965740	0	false	1	131606965740	1	65536
5640925	124733	01fff8c372330120	26390033088	0	false	1	26390033088	1	65536
5641102	124737	2ce0f40e10100130	190290177366	0	false	6	190290177371	1	65536
5641482	124745	0244ce2ea3222303	99004189670	0	false	2	99004189671	1	65536
5642040	124757	23717feac0133330	159699100302	0	false	6	159699100307	1	65536
5642148	124759	03b48c1800323133	80280676239	0	false	1	80280676239	1	65536
5642233	124761	2379415e12011230	221417099143	0	false	2	221417099144	1	65536
5644629	124814	034c00c850122332	21313580113	0	false	1	21313580113	1	65536
5644695	124816	2fbefedf73000100	256578229092	0	false	1	256578229092	1	65536
5645181	124827	01cd2301c2200310	3603888450	0	false	3	3603888452	1	65536
5648104	124891	28536de7f2233310	41752872265	0	false	20	41752872284	1	65536
5648296	124895	21a9659420303000	42962498889	350134	true	1	42962498889	1	65536
5649858	124929	02c3710cf3230332	138131014489	0	false	1	138131014489	1	65536
5651072	124956	29ac2ce3e1302330	204231459248	0	false	7	204231459254	1	65536
5654136	125023	303bbd8f70101010	229867894248	0	false	1	229867894248	1	65536
5655348	125050	35a873eeb3112000	71641210418	0	false	4	71641210421	1	65536
5656184	125069	036f74cfb1012120	54992929800	0	false	3	54992929802	1	65536
5657321	125094	31057f9f70013310	15841709107	0	false	1	15841709107	1	65536
5657983	125109	3580e038e2231010	237947905253	0	false	1	237947905253	1	65536
5658395	125118	0029079e03211101	11946310946	0	false	3	11946310948	1	65536
5658413	125118	08c1e77f93303320	82317955557	0	false	11	82317955567	1	65536
5659837	125149	383f8a53b1100300	165914695231	0	false	1	165914695231	1	65536
5663502	125230	24dae415e1023211	11903410804	0	false	1	11903410804	1	65536
5664209	125246	343e3a38f2033310	155406060366	140360	true	1	155406060366	1	65536
5664861	125260	2a5c252711003320	526913671	0	false	2	526913672	1	65536
5666418	125295	013238feb2310030	274430307871	0	false	6	274430307876	1	65536
5666553	125298	01117037c3030200	176754563524	0	false	4	176754563527	1	65536
5667542	125320	246b5de892013210	154070684347	0	false	1	154070684347	1	65536
5667564	125320	224c009cc0000300	283980907756	0	false	3	283980907758	1	65536
5669321	125359	0164121f22120300	129486407637	0	false	3	129486407639	1	65536
5670170	125378	05116da433211103	120156586226	0	false	2	120156586227	1	65536
5671254	125402	2680d0c330023320	42369218018	0	false	2	42369218019	1	65536
5671395	125405	2ef0ed9433102020	265939618933	0	false	1	265939618933	1	65536
5671667	125411	05decb4a43111310	208901434947	0	false	1	208901434947	1	65536
5673295	125447	027f4412a3013201	128220898684	0	false	1	128220898684	1	65536
5673583	125454	05a4a53aa0012020	250361571408	350134	true	1	250361571408	1	65536
5673724	125457	30c72207e0020030	106699223207	0	false	3	106699223209	1	65536
5674152	125466	364f37be41123300	131468120105	0	false	1	131468120105	1	65536
5675034	125486	33b4c94fa0030030	223807401300	0	false	9	223807401308	1	65536
5676056	125508	2ebf4f3c73030230	203026152356	0	false	4	203026152359	1	65536
5679941	125594	30487fa9d3223320	148819447081	0	false	2	148819447082	1	65536
5680089	125598	03638d0720103301	5564077737	0	false	1	5564077737	1	65536
5680599	125609	26938948a1003011	189929431616	0	false	9	189929431624	1	65536
5680812	125614	2045401f02302301	256945948084	0	false	2	256945948085	1	65536
5683134	125666	0776b53810030121	131929300584	0	false	2	131929300585	1	65536
5683568	125675	30288c01c0113330	1823185270	0	false	5	1823185274	1	65536
5683779	125680	029b0d1e23231200	221272613542	0	false	3	221272613544	1	65536
5683970	125684	27fc5fc103310301	244917188552	0	false	8	244917188559	1	65536
5684748	125701	2f8be3ff00000230	106133828462	0	false	3	106133828464	1	65536
5685419	125716	0181e8c703300130	255216520245	0	false	2	255216520246	1	65536
5685613	125720	232a436902232320	278083705649	0	false	7	278083705655	1	65536
5686927	125749	243c90ade3113030	43395990367	0	false	3	43395990369	1	65536
5687897	125771	200de803c0033201	16749374626	118715	true	1	16749374626	1	65536
5688398	125782	2160efaf40023301	139881230502	0	false	19	139881230520	1	65536
5689462	125806	295d05b973310330	138515981542	38	true	1	138515981542	1	65536
5691087	125841	2b1f80de42230101	170250974838	0	false	8	170250974845	1	65536
5691282	125845	385c1d5652131130	57573838971	0	false	3	57573838973	1	65536
5691676	125854	20e37bd3d3311300	285559542773	0	false	2	285559542774	1	65536
5693151	125886	01ec8ce7e2023100	51898672759	0	false	4	51898672762	1	65536
5693767	125900	001ff00f31000332	42491300931	1924416	true	1	42491300931	1	65536
5694631	125920	2c790f3c02010230	152175246138	0	false	1	152175246138	1	65536
5695085	125930	02182b6550322213	75629451210	0	false	39	75629451248	1	65536
5695110	125931	2cf1f75d20220320	138381641954	0	false	1	138381641954	1	65536
5695520	125940	3546d07fd3111300	46971577734	0	false	6	46971577739	1	65536
5696288	125957	031da8f733102030	231754837902	0	false	2	231754837903	1	65536
5696530	125962	03000dc103003002	197604652202	0	false	7	197604652208	1	65536
5696629	125964	0023407cf3331230	110210456149	0	false	1	110210456149	1	65536
5698627	126008	052f245f60121301	20954437665	0	false	22	20954437686	1	65536
5700097	126041	01ca96f270320031	72758857014	0	false	30	72758857043	1	65536
5700707	126055	2790c51451203300	252347818105	0	false	17	252347818121	1	65536
5703159	126108	33151c3f33130200	129319002953	0	false	4	129319002956	1	65536
5704380	126135	000017a201300021	46854687412	0	false	4	46854687415	1	65536
5704772	126144	020003c0f0030103	289085987882	0	false	1	289085987882	1	65536
5705070	126151	01303c23f3303123	251148763899	1606667	true	2	251148763900	1	65536
5706118	126174	030eba00f2320003	242095588763	0	false	11	242095588773	1	65536
5706145	126174	36ff0df9d3000300	62262971370	0	false	2	62262971371	1	65536
5707055	126194	28b0e2c3c2323230	191859681148	0	false	3	191859681150	1	65536
5707655	126208	033ca27b30013323	11470836087	0	false	2	11470836088	1	65536
5707683	126208	2d247e87c0100200	154187851397	0	false	1	154187851397	1	65536
5709046	126238	064f0bf370032313	42449501701	0	false	4	42449501704	1	65536
5709677	126252	32dffdecd3101230	49120562900	0	false	21	49120562920	1	65536
5711400	126291	05e05e2520120120	112457465284	1689	true	1	112457465284	1	65536
5711737	126298	0c3b38c4c3330000	260124209087	0	false	2	260124209088	1	65536
5711773	126299	211fd31310100110	275846753195	0	false	1	275846753195	1	65536
5711881	126301	0a27aefa61223220	183167366697	0	false	2	183167366698	1	65536
5712640	126318	27a9076e23201220	270039759276	0	false	21	270039759296	1	65536
5713950	126348	061811a7a2032013	134854430723	0	false	2	134854430724	1	65536
5716172	126396	22884be0a0320311	80367669297	0	false	5	80367669301	1	65536
5716261	126398	287e452020301330	49121873639	0	false	7	49121873645	1	65536
5716507	126403	2188f08bf0103030	273164788219	0	false	1	273164788219	1	65536
5716531	126404	0dc98cc0f3020300	14959842317	0	false	4	14959842320	1	65536
5717348	126422	2383bcd381232020	279884241153	0	false	1	279884241153	1	65536
5718761	126453	2f78528600331230	250553722920	0	false	1	250553722920	1	65536
5719548	126471	300fea1032323100	270965114537	0	false	24	270965114560	1	65536
5720879	126500	21ce902373303331	76068381659	0	false	8	76068381666	1	65536
5720930	126502	239e201132303311	236247432748	370647	true	1	236247432748	1	65536
5721588	126516	24d1122df0303110	200006402241	0	false	2	200006402242	1	65536
5722504	126537	3cc0f7d0f0320200	269532635024	0	false	13	269532635036	1	65536
5722750	126542	22008480d0133330	127220344316	0	false	2	127220344317	1	65536
5724241	126574	25f835e3f2002000	50477019388	0	false	1	50477019388	1	65536
5725950	126612	0e47ea44d3123220	70604860324	0	false	4	70604860327	1	65536
5726006	126613	0373e7bcf1310332	37862934958	0	false	1	37862934958	1	65536
5726016	126613	323f825202310300	125950324744	0	false	2	125950324745	1	65536
5726697	126628	24dc007de3323330	241179854453	130386	true	1	241179854453	1	65536
5726830	126631	282e814f12130030	85065366973	0	false	1	85065366973	1	65536
5727638	126649	24f3000cf2322230	287927533093	0	false	2	287927533094	1	65536
5727682	126650	2d900c71f2213120	157599093768	0	false	5	157599093772	1	65536
5727886	126654	22aba82aa2222000	123747407907	0	false	9	123747407915	1	65536
5730469	126712	220f001803301100	140404716859	403112	true	1	140404716859	1	65536
5735775	126829	2503e06520003000	153016442996	0	false	2	153016442997	1	65536
5737785	126873	0534204323320100	14997156210	0	false	1	14997156210	1	65536
5739550	126912	023ef0a381311230	200253143635	0	false	1	200253143635	1	65536
5739682	126915	01fa9438e3021022	142261361459	0	false	25	142261361483	1	65536
5740395	126931	2ffe8140a3220130	60405710317	0	false	4	60405710320	1	65536
5741685	126959	2803c35140110330	281955078690	0	false	26	281955078715	1	65536
5743638	127001	3940022c10110000	89500537470	0	false	5	89500537474	1	65536
5744147	127012	37e6010c50133130	182209772233	0	false	5	182209772237	1	65536
5744303	127016	03c27c88c3300012	240619353510	0	false	5	240619353514	1	65536
5749092	127122	21642bc011030321	25095511266	1	true	1	25095511266	1	65536
5750842	127160	00240c00f0003311	123791638484	0	false	5	123791638488	1	65536
5750846	127160	33afd00090300330	42454059581	0	false	5	42454059585	1	65536
5750881	127161	3a7fc04f81331230	233479293527	118715	true	1	233479293527	1	65536
5754275	127237	012c12ca12230022	155507025526	0	false	4	155507025529	1	65536
5755409	127262	267aa12571303210	238723701645	0	false	3	238723701647	1	65536
5755474	127263	01f28f8df0332333	224361907983	0	false	1	224361907983	1	65536
5755542	127265	03cec7f003232001	96864525326	0	false	3	96864525328	1	65536
5756696	127290	03810001f2200003	9400764637	0	false	1	9400764637	1	65536
5756754	127291	2479a0f7e3113010	119958063427	0	false	10	119958063436	1	65536
5759231	127345	210c0ddf70333200	112809401362	0	false	38	112809401399	1	65536
5759746	127356	288cbc02d1020120	185754976017	0	false	2	185754976018	1	65536
5759940	127360	0ad5d11631010122	51817086723	350134	true	1	51817086723	1	65536
5760224	127367	000c66c010020020	212243736476	0	false	18	212243736493	1	65536
5762715	127421	3372028d50003230	185966356096	0	false	7	185966356102	1	65536
5763025	127428	2b14109130203100	282685336202	0	false	1	282685336202	1	65536
5763928	127448	21087e3032003230	220664229134	0	false	2	220664229135	1	65536
5764037	127450	231f730253322330	275041628693	0	false	4	275041628696	1	65536
5765121	127475	010e0a4f23132230	99229135000	0	false	1	99229135000	1	65536
5767116	127518	2c38207e30330230	39462718849	0	false	4	39462718852	1	65536
5767360	127524	2580f27f33133300	92005323836	0	false	2	92005323837	1	65536
5768839	127555	357bc98863212010	88822080423	0	false	4	88822080426	1	65536
5770399	127590	01694489c3221310	133859582323	0	false	13	133859582335	1	65536
5771156	127606	25c51cf770231300	234349385409	140360	true	1	234349385409	1	65536
5772603	127639	01f4244f33331132	4103282426	0	false	38	4103282463	1	65536
5773351	127655	37f19fac00133320	240719405175	0	false	2	240719405176	1	65536
5773842	127666	01395be520303332	241133088805	0	false	3	241133088807	1	65536
5774224	127674	2e3cefffe3200220	93216321517	0	false	1	93216321517	1	65536
5775180	127695	0612068ec3210001	37650924386	0	false	33	37650924418	1	65536
5776152	127717	021023c3c0003330	279291048366	0	false	21	279291048386	1	65536
5776529	127725	37befbdcd3202030	231764382564	0	false	1	231764382564	1	65536
5778505	127769	20ef3c9b41233000	83429112309	0	false	6	83429112314	1	65536
5778991	127779	272370cd70133120	40816278632	0	false	2	40816278633	1	65536
5779240	127785	23a3cff7a3300000	27727589019	0	false	1	27727589019	1	65536
5779618	127793	23e241b1b0133011	40386401589	0	false	18	40386401606	1	65536
5779781	127797	2842c91111312310	234322554153	0	false	1	234322554153	1	65536
5781798	127841	2ffcfcfbf3333320	104103459160	0	false	1	104103459160	1	65536
5781900	127844	343f6fa5e2231210	258945372874	38	true	1	258945372874	1	65536
5782066	127848	2f21b345e3100230	64251620962	0	false	7	64251620968	1	65536
5782854	127865	335f080030233030	117030553636	0	false	4	117030553639	1	65536
5783078	127870	029b8634d0233031	128246172351	0	false	20	128246172370	1	65536
5783566	127880	04f41003c3021113	176338825211	0	false	1	176338825211	1	65536
5784497	127900	29b5f7ce20123030	222153873654	0	false	1	222153873654	1	65536
5784499	127901	01e7824c23023033	47747233130	140360	true	1	47747233130	1	65536
5785564	127923	0106097f90031332	266722728107	0	false	1	266722728107	1	65536
5786582	127946	078dfc5173031311	204185611493	0	false	28	204185611520	1	65536
5786670	127948	206ac2f111022000	170851875582	0	false	9	170851875590	1	65536
5787881	127975	35b7facf22003320	179528522519	0	false	17	179528522535	1	65536
5787958	127976	29073810f3300020	83699333561	0	false	4	83699333564	1	65536
5789125	128002	023aa3b003203330	267690108357	0	false	1	267690108357	1	65536
5789224	128004	3a6e230f00303300	11358327652	0	false	7	11358327658	1	65536
5790404	128031	28fe14c381011220	21171211150	0	false	28	21171211177	1	65536
5790983	128044	3be6ce35c2323120	54764598501	0	false	6	54764598506	1	65536
5791145	128048	0803c0ebc0001200	112356334376	0	false	3	112356334378	1	65536
5792201	128071	370e202023012000	70820716048	0	false	6	70820716053	1	65536
5792443	128077	054979fc32230132	98159921712	0	false	2	98159921713	1	65536
5794379	128119	23ae71de50201320	62444639209	0	false	1	62444639209	1	65536
5795780	128150	34d21efe03013020	90258860072	0	false	1	90258860072	1	65536
5796507	128166	270c230f82202000	190427169332	0	false	9	190427169340	1	65536
5797563	128189	331bb737a1232330	232046394876	0	false	1	232046394876	1	65536
5798461	128210	39de410c43003010	207169384186	0	false	43	207169384228	1	65536
5800584	128256	030762c0c3103120	41311207558	0	false	2	41311207559	1	65536
5803408	128319	2634e33401322021	74649169717	0	false	18	74649169734	1	65536
5803622	128324	213fcd04d0313010	221347950425	0	false	1	221347950425	1	65536
5805642	128368	002241f3e0323323	291374341028	0	false	1	291374341028	1	65536
5805705	128370	3031ccfc71003000	237355026709	0	false	1	237355026709	1	65536
5806769	128393	2e3f6fcf63300200	55236909892	292853	true	1	55236909892	1	65536
5807267	128404	00cdf8a352230232	131119742526	0	false	1	131119742526	1	65536
5808989	128442	0186ba7d32310221	57376192308	0	false	9	57376192316	1	65536
5809182	128447	21fc7452a1003021	153800931450	0	false	2	153800931451	1	65536
5810427	128474	03b92403e2131111	219503108078	0	false	5	219503108082	1	65536
5811261	128493	0313236003003300	214608924128	0	false	2	214608924129	1	65536
5815425	128587	04dff97993311102	280109569265	0	false	1	280109569265	1	65536
5815894	128597	30f9ff5d33001220	31487721562	0	false	3	31487721564	1	65536
5816278	128606	2800f3a931302300	120006617442	0	false	1	120006617442	1	65536
5817168	128625	2b790601e1320300	104403214437	0	false	4	104403214440	1	65536
5818200	128648	0290ab2d23330032	23871494769	0	false	5	23871494773	1	65536
5818320	128651	2071ec07f1231331	239088603009	0	false	3	239088603011	1	65536
5819222	128671	242bfbcaf3302030	44013131122	0	false	1	44013131122	1	65536
5819237	128671	2b00352813010030	86259191246	0	false	1	86259191246	1	65536
5820013	128688	2d14d027d2333030	4789418748	0	false	13	4789418760	1	65536
5821004	128710	300c9e9dc0120220	15611328106	0	false	2	15611328107	1	65536
5821064	128711	0135ed0780132300	226105861822	0	false	2	226105861823	1	65536
5821189	128714	3650f3fc41033310	71519515050	140360	true	1	71519515050	1	65536
5822942	128752	22ba2722f1212220	49778415166	0	false	2	49778415167	1	65536
5823353	128761	01ffa433b3331203	114522211221	0	false	4	114522211224	1	65536
5824041	128776	05222e7e33300132	261105509097	0	false	2	261105509098	1	65536
5824322	128782	05781f51c2302032	8562666920	0	false	2	8562666921	1	65536
5825002	128797	07a3145140223203	118925425093	0	false	1	118925425093	1	65536
5825037	128798	2340f0d4b3230001	251066822799	0	false	7	251066822805	1	65536
5826108	128822	207a2e3d03131330	278236449200	0	false	15	278236449214	1	65536
5826753	128836	2ba3373f03303300	268347720842	1442537	true	1	268347720842	1	65536
5827109	128844	230e974231331320	104550201629	0	false	20	104550201648	1	65536
5827496	128852	2d9e4fde11012330	63076120877	0	false	24	63076120900	1	65536
5827647	128855	350330ffb3303120	98114793258	0	false	5	98114793262	1	65536
5828735	128880	038e282403310322	44644761681	118715	true	2	44644761682	1	65536
5831265	128935	3dc5089e02023100	192786993375	0	false	4	192786993378	1	65536
5831384	128938	0376d8de62101112	211120963941	0	false	1	211120963941	1	65536
5832221	128956	2c5ce5c410330210	2579071657	0	false	1	2579071657	1	65536
5832727	128967	01202aa0a1300321	270424105116	0	false	2	270424105117	1	65536
5835325	129024	00238e6eb2021230	119294732619	0	false	4	119294732622	1	65536
5835768	129034	01f2fae382230200	256943320850	0	false	2	256943320851	1	65536
5836216	129044	2146b410e1031321	275765741582	3990	true	1	275765741582	1	65536
5836460	129049	2002422092202130	129226102051	0	false	17	129226102067	1	65536
5837925	129082	34108f37f1330010	166186522953	0	false	1	166186522953	1	65536
5837975	129083	0580aef562002231	30040651136	0	false	2	30040651137	1	65536
5840050	129130	31f40f6c30223220	235773808173	0	false	5	235773808177	1	65536
5841746	129168	02fafef2e0202213	77572021050	0	false	4	77572021053	1	65536
5842305	129180	3050411a10333110	238216557031	0	false	2	238216557032	1	65536
5843201	129201	02539120c0201033	122064326919	0	false	19	122064326937	1	65536
5844531	129230	02b2c3ae81032233	241434414159	0	false	36	241434414194	1	65536
5844803	129236	26a1f734d3303121	149472639996	0	false	21	149472640016	1	65536
5846492	129273	03f7c172b3303331	154882688857	0	false	3	154882688859	1	65536
5847228	129289	282cc24fb2323030	17057564157	0	false	12	17057564168	1	65536
5849973	129350	2f96c069a3310000	201946755227	0	false	9	201946755235	1	65536
5850270	129357	2b5a5e7d90111210	140638855965	0	false	1	140638855965	1	65536
5850380	129359	0181dbd431033303	199590031337	0	false	1	199590031337	1	65536
5851197	129377	20e008f800033330	140187809221	1385448	true	1	140187809221	1	65536
5851492	129384	27d257d221220120	104881399218	350134	true	1	104881399218	1	65536
5852451	129405	25d8e75943030031	37293704436	0	false	1	37293704436	1	65536
5854858	129459	2b9a730730212301	174658438956	0	false	2	174658438957	1	65536
5855683	129477	31cd000b33012300	6690043659	0	false	1	6690043659	1	65536
5856421	129493	200402df73033300	207126574369	2128067	true	5	207126574373	1	65536
5857768	129523	23434dcc50032301	50978054080	0	false	1	50978054080	1	65536
5858470	129538	0217a2fea0020203	111257802475	0	false	4	111257802478	1	65536
5859454	129561	03e4fff433120320	200476348656	0	false	1	200476348656	1	65536
5861169	129599	38edccd530100020	149654288389	0	false	12	149654288400	1	65536
5861311	129602	0145ee3e51120233	215308073468	0	false	2	215308073469	1	65536
5863490	129650	220e160b81222200	196124127555	0	false	1	196124127555	1	65536
5864137	129665	03451fd2c0233003	265542301825	0	false	3	265542301827	1	65536
5866915	129725	079e3b6460201131	242888273508	0	false	7	242888273514	1	65536
5867380	129735	02d3623073123011	99201625619	0	false	4	99201625622	1	65536
5867812	129745	323ccc00c1230100	219314812030	0	false	5	219314812034	1	65536
5868125	129752	2035102fb3003330	261401995941	0	false	5	261401995945	1	65536
5871346	129823	03160a7fa0313120	9712036723	0	false	15	9712036737	1	65536
5871497	129827	3cfcf57c50000010	122865298145	0	false	1	122865298145	1	65536
5871644	129830	0190c91300033302	127399307273	0	false	3	127399307275	1	65536
5871781	129833	370bfec3e3123110	108470855177	0	false	1	108470855177	1	65536
5872169	129842	03b073fb41030200	295509401443	0	false	3	295509401445	1	65536
5875028	129906	010010d313020033	108349761265	0	false	1	108349761265	1	65536
5875076	129907	3c20ccacb3231000	268266387066	0	false	11	268266387076	1	65536
5875115	129907	00e6dc3431300000	216756698479	0	false	1	216756698479	1	65536
5875635	129919	21f104dba0113231	108806493708	0	false	1	108806493708	1	65536
5880282	130021	2603e93280323130	78710640252	0	false	31	78710640282	1	65536
5881394	130046	23add2eff1030100	231493664778	0	false	9	231493664786	1	65536
5881502	130048	224cd0b001230030	196167607067	0	false	17	196167607083	1	65536
5883555	130095	3004ab0301133030	185575530945	0	false	1	185575530945	1	65536
5883966	130104	33c04f30f0033330	275371781093	112590	true	1	275371781093	1	65536
5885237	130132	25d0a987d1332320	262082540032	0	false	1	262082540032	1	65536
5886452	130158	27fdbf7253021000	221613233615	0	false	6	221613233620	1	65536
5886962	130170	0290ae1172032213	177261281880	0	false	5	177261281884	1	65536
5887394	130180	03ac80e702000110	139240595958	0	false	2	139240595959	1	65536
5888031	130194	07e5e38be3031302	61703617524	0	false	9	61703617532	1	65536
5888634	130208	205c451a82011020	279980404036	0	false	5	279980404040	1	65536
5890697	130253	27d2ee6ce2310221	203591395663	0	false	1	203591395663	1	65536
5891377	130268	036b9e5682303301	242327089815	0	false	7	242327089821	1	65536
5891558	130272	2c12401fc2122130	151740869266	0	false	1	151740869266	1	65536
5892695	130297	03005fc791303302	233062553864	0	false	6	233062553869	1	65536
5895577	130360	0b02fceea2300300	160021095425	0	false	3	160021095427	1	65536
5895615	130361	30ecbd7b00120130	99076510706	0	false	27	99076510732	1	65536
5896534	130381	3c80010f00332310	267463897857	0	false	5	267463897861	1	65536
5896627	130383	001e093300201033	193830260087	0	false	1	193830260087	1	65536
5897931	130412	2403faf4d1133301	192895514739	0	false	2	192895514740	1	65536
5898058	130415	02ff5fcfc0232133	212166313657	0	false	2	212166313658	1	65536
5898371	130422	3ef1fb4cd0230200	287316922982	0	false	7	287316922988	1	65536
5898817	130432	2334374d11132330	38908738288	0	false	1	38908738288	1	65536
5899989	130457	020bd45300333203	17016769260	140360	true	1	17016769260	1	65536
5900244	130463	28165ef533103230	9547821223	0	false	2	9547821224	1	65536
5900383	130466	2bb64d5b41121111	155756449251	350134	true	1	155756449251	1	65536
5901652	130494	30fd7f82c3313200	263473548460	0	false	14	263473548473	1	65536
5902447	130511	30440c7822323320	262494699499	0	false	2	262494699500	1	65536
5902946	130522	12df83f813311222	109154040856	0	false	2	109154040857	1	65536
5903998	130544	2cb3b38ed0322331	39253069690	0	false	7	39253069696	1	65536
5905717	130582	27a4e31c83201010	167677085148	0	false	1	167677085148	1	65536
5908437	130642	001d3cfef3033330	224206394096	0	false	11	224206394106	1	65536
5908863	130651	27878d9ae2313120	244430327534	0	false	2	244430327535	1	65536
5910589	130689	301e8dc093312010	202668469605	38	true	1	202668469605	1	65536
5914126	130767	01f712b970102330	230558265654	0	false	1	230558265654	1	65536
5914138	130767	03531da980230232	267039438962	0	false	2	267039438963	1	65536
5914681	130780	38e4898800333300	122802131371	0	false	1	122802131371	1	65536
5915785	130804	2febbff023330330	55501279792	0	false	17	55501279808	1	65536
5917313	130837	3474826f70100010	224496105226	350134	true	1	224496105226	1	65536
5917577	130843	28c25fbff1311000	80268615400	0	false	6	80268615405	1	65536
5918352	130860	000cda47a3100211	64227132391	0	false	1	64227132391	1	65536
5918845	130872	03cc534820101001	66653564311	0	false	12	66653564322	1	65536
5920078	130899	2054f824f2201300	187998864081	0	false	2	187998864082	1	65536
5922247	130947	2d13a7bd30201030	282187570655	0	false	7	282187570661	1	65536
5922947	130962	2045044c73031200	73808853689	0	false	3	73808853691	1	65536
5923305	130970	2d7d0cfcc3301230	275149642361	0	false	1	275149642361	1	65536
5923480	130974	36b24002f0231320	24324626525	0	false	2	24324626526	1	65536
5925536	131019	23bc8ac413003000	156415389515	0	false	1	156415389515	1	65536
5926085	131031	0278b01173002111	67077639412	0	false	4	67077639415	1	65536
5926872	131048	271cff8bf3332030	189454893110	0	false	2	189454893111	1	65536
5927182	131055	23f43037f1133310	138840605854	0	false	16	138840605869	1	65536
5927525	131063	303ff03000300000	5319776457	3	true	1	5319776457	1	65536
5928666	131088	270fdfc4c3330100	6402033906	0	false	2	6402033907	1	65536
5929087	131097	20797ef040313100	152616517134	0	false	1	152616517134	1	65536
5929287	131101	0009008173003211	213793458139	0	false	11	213793458149	1	65536
5930896	131137	24cf2699e1120001	266108185154	0	false	8	266108185161	1	65536
5931002	131139	3327aef8a0020000	5164499923	0	false	1	5164499923	1	65536
5931493	131150	049efeb581003023	293236911665	0	false	1	293236911665	1	65536
5931511	131150	012bbf41d2220331	4232774294	0	false	1	4232774294	1	65536
5931834	131157	3de9022431301300	33782879978	0	false	4	33782879981	1	65536
5931919	131159	330507afd0203000	223494816415	0	false	5	223494816419	1	65536
5931986	131160	06c65f8812112212	115351366778	0	false	46	115351366823	1	65536
5932155	131164	22de699062130201	127871046405	350134	true	1	127871046405	1	65536
5933662	131199	338ff203f2132330	4006012440	0	false	2	4006012441	1	65536
5933776	131201	380383f0f0200000	82381954941	909090	true	1	82381954941	1	65536
5933798	131202	22d9a03853012230	150880697296	0	false	1	150880697296	1	65536
5934758	131223	26f2f70191013000	134287664014	0	false	1	134287664014	1	65536
5935168	131232	01e147ea81002200	176168726095	0	false	4	176168726098	1	65536
5937604	131285	34587dacd3012110	63220853555	3989	true	1	63220853555	1	65536
5937830	131290	33e91faed3321120	66044027737	0	false	17	66044027753	1	65536
5937927	131292	20f8e80343120321	148250789520	0	false	2	148250789521	1	65536
5938112	131297	0140b6a062102333	225978038254	0	false	2	225978038255	1	65536
5938916	131315	0240cbe800132000	241660695178	140360	true	1	241660695178	1	65536
5939726	131332	2837c7b670103200	60926257908	0	false	8	60926257915	1	65536
5940688	131354	2932d2c0f0132130	140781907954	0	false	5	140781907958	1	65536
5941250	131366	30088c0323021020	278450215483	292852	true	1	278450215483	1	65536
5941544	131373	035c5f0343210232	274647881455	0	false	5	274647881459	1	65536
5943442	131414	010d42f3d3020123	294943974248	0	false	15	294943974262	1	65536
5944199	131431	338bc01301311000	21979959385	0	false	1	21979959385	1	65536
5945027	131450	00d8f96b12123232	109937011299	350134	true	1	109937011299	1	65536
5945404	131458	00410fbc43000033	22704807983	0	false	1	22704807983	1	65536
5946749	131488	263e4df520120121	88583278197	0	false	13	88583278209	1	65536
5948049	131517	2753ff3780313300	252115538990	118715	true	1	252115538990	1	65536
5948652	131530	2ffeffefa3013000	139629431683	0	false	16	139629431698	1	65536
5949339	131546	30eb0ef733010200	177091220587	0	false	1	177091220587	1	65536
5949414	131547	24023b0e00232001	152666855815	0	false	1	152666855815	1	65536
5950759	131578	2e4f5c0173313300	222996026168	118715	true	1	222996026168	1	65536
5951818	131601	243c0f2412330000	167639540543	118715	true	1	167639540543	1	65536
5952055	131606	22cfd46d91023100	87105876062	0	false	9	87105876070	1	65536
5952489	131615	2bfc80f370110010	253037757497	0	false	2	253037757498	1	65536
5953389	131635	0ad85a0af3220111	252166275448	0	false	5	252166275452	1	65536
5954608	131662	30f83c9000030230	166331042227	0	false	12	166331042238	1	65536
5956818	131710	01141353f3320000	116772759086	0	false	16	116772759101	1	65536
5957720	131731	2245f75292310131	281125229749	0	false	1	281125229749	1	65536
5959148	131763	2116003792033230	127894850783	0	false	14	127894850796	1	65536
5959376	131768	24de4b3c51020021	121115387677	0	false	1	121115387677	1	65536
5959455	131770	03cc674503230130	50762566967	0	false	22	50762566988	1	65536
5960442	131792	037a3a0d71111221	171693426539	0	false	1	171693426539	1	65536
5960621	131795	31032030f0322010	7814720653	0	false	14	7814720666	1	65536
5961189	131808	0210e02030330002	261557105118	1926171	true	4	261557105121	1	65536
5962431	131835	2e0f6d7a30110230	108664755870	0	false	7	108664755876	1	65536
5964559	131882	35925d0c51333020	106865483285	0	false	3	106865483287	1	65536
5965112	131894	01f802fb70002022	28143440388	0	false	17	28143440404	1	65536
5965779	131909	0290280df2332321	82770359336	0	false	3	82770359338	1	65536
5966123	131917	208038fbc0310001	38243616604	0	false	21	38243616624	1	65536
5966266	131920	30330f31c3033130	216776646882	0	false	1	216776646882	1	65536
5966288	131920	333fe4ffd3103330	215504463468	0	false	1	215504463468	1	65536
5966822	131932	294dfadc11303000	27937662337	0	false	14	27937662350	1	65536
5967102	131938	2f51512d33010320	216635850737	0	false	1	216635850737	1	65536
5967203	131940	044c2748f3333023	246752111944	0	false	1	246752111944	1	65536
5967781	131953	032f427cf2030110	75534626547	0	false	6	75534626552	1	65536
5970130	132005	019279e4b0330332	171989295877	0	false	13	171989295889	1	65536
5970592	132015	03dd4d8312032201	269964395939	0	false	4	269964395942	1	65536
5971566	132037	3070f8c203000200	142006194355	140360	true	1	142006194355	1	65536
5971821	132042	2a36c4fe70321001	61487377990	0	false	1	61487377990	1	65536
5974753	132106	0203040251230332	178688522274	0	false	1	178688522274	1	65536
5975939	132132	0240956f63333002	273041363887	0	false	2	273041363888	1	65536
5976435	132143	2337963122120320	46806312942	0	false	2	46806312943	1	65536
5976600	132146	224a03e3b2230300	232763687043	0	false	2	232763687044	1	65536
5977048	132156	24f43dc3b0301011	227118256292	0	false	10	227118256301	1	65536
5978534	132189	056ea66de0112202	151932644169	0	false	2	151932644170	1	65536
5982219	132271	05bd7d1901310022	28782978280	0	false	3	28782978282	1	65536
5982601	132280	208c173360100330	98920163037	0	false	1	98920163037	1	65536
5982766	132283	068421dc80331302	46492899529	0	false	1	46492899529	1	65536
5983180	132292	201ed76773012330	270635465803	0	false	9	270635465811	1	65536
5983534	132300	2bffbcbfc3013330	82802270108	0	false	2	82802270109	1	65536
5986445	132365	2ee50ff0d2230001	16507099962	0	false	10	16507099971	1	65536
5988084	132400	2415fe0030303330	220864646218	0	false	4	220864646221	1	65536
5990512	132454	2e6ff75243133030	109033112254	0	false	3	109033112256	1	65536
5991382	132473	37feffde90333330	207878995020	1730478	true	2	207878995021	1	65536
5992347	132495	023d8524d1330301	52751992437	0	false	3	52751992439	1	65536
5992500	132499	30159d5ec0000000	266168831251	0	false	1	266168831251	1	65536
5992797	132505	33df83ef50303020	52613192093	140360	true	1	52613192093	1	65536
5992890	132507	32bd1091d0001230	174213057937	0	false	2	174213057938	1	65536
5993842	132529	234619edd2200230	24432692133	350134	true	1	24432692133	1	65536
5994510	132543	233033cf90323300	150526994504	0	false	3	150526994506	1	65536
5996750	132592	05debdac71011121	67230709115	0	false	1	67230709115	1	65536
5997489	132609	207d0f7b62101301	83214150922	0	false	12	83214150933	1	65536
5998229	132625	03e7a0ff23100220	24736776231	140360	true	1	24736776231	1	65536
5999160	132646	24fa6d07d3213310	9215413000	0	false	7	9215413006	1	65536
6000023	132665	31f3e07fc0303110	235310376830	0	false	5	235310376834	1	65536
6000970	132686	02e00efaa0303320	115376160084	0	false	15	115376160098	1	65536
6006173	132802	28a584d742330100	94105955574	0	false	10	94105955583	1	65536
6008060	132843	22038f0c33201201	132218445747	0	false	1	132218445747	1	65536
6009006	132865	2d9120cf83213030	78648224634	0	false	1	78648224634	1	65536
6010482	132897	22083a6bd2021211	59456362128	0	false	6	59456362133	1	65536
6011370	132916	03c6330832003302	207117986139	0	false	1	207117986139	1	65536
6011519	132920	02435efa53101230	17438491661	0	false	3	17438491663	1	65536
6011727	132924	048079ca43303300	19561036099	0	false	7	19561036105	1	65536
6016378	133028	034dd54db1031320	25686662478	0	false	2	25686662479	1	65536
6017276	133048	3cd3802112301320	9022675410	0	false	7	9022675416	1	65536
6017733	133058	2001cd28b0030031	127351469498	69680	true	1	127351469498	1	65536
6018912	133084	2cefa35140230310	205570264324	0	false	1	205570264324	1	65536
6021723	133146	02f7e3fe30031011	88154869513	0	false	1	88154869513	1	65536
6023138	133178	2234b00330330301	203209795800	1442300	true	2	203209795801	1	65536
6023148	133179	21340e2df3132110	127803360659	0	false	1	127803360659	1	65536
6026949	133264	2a700b8ff3332300	32208882721	0	false	1	32208882721	1	65536
6030444	133341	2484518423101021	13869613027	0	false	9	13869613035	1	65536
6031545	133365	031dcacf11331310	267261902578	0	false	3	267261902580	1	65536
6031876	133373	02410d2fe3002201	53476955584	0	false	24	53476955607	1	65536
6032128	133378	20890c33e3000321	36839350721	0	false	7	36839350727	1	65536
6033241	133404	3517dcf3f3303120	13817004026	0	false	3	13817004028	1	65536
6033303	133405	076590a890321321	96600117682	350134	true	1	96600117682	1	65536
6034893	133440	210e20b7a0312130	17457937931	0	false	1	17457937931	1	65536
6035876	133462	03a8f0c8e1021310	54086629961	0	false	2	54086629962	1	65536
6036307	133471	20a0cde883120000	36873175344	0	false	2	36873175345	1	65536
6036508	133476	03c33237d3010223	118385729737	0	false	1	118385729737	1	65536
6039475	133541	2f3033a080000010	155018214744	0	false	12	155018214755	1	65536
6040663	133568	28033cbe43323231	243306045784	0	false	2	243306045785	1	65536
6041481	133586	20f11f3000103310	21660393149	292855	true	1	21660393149	1	65536
6042221	133602	2cde7f3ff0333021	132001151	0	false	2	132001152	1	65536
6042746	133614	078c1a6cb3020202	163310601641	0	false	5	163310601645	1	65536
6042780	133614	01fe139353021001	69069587340	0	false	1	69069587340	1	65536
6043507	133631	030e349f73003303	37758600253	118715	true	1	37758600253	1	65536
6044562	133654	000c0f3180133320	116478079852	0	false	10	116478079861	1	65536
6045614	133678	0224b003c3323112	176467510773	0	false	1	176467510773	1	65536
6046896	133706	0123efd080312211	2123263484	0	false	12	2123263495	1	65536
6048093	133733	01e283e373300230	285695232895	0	false	2	285695232896	1	65536
6048182	133735	0be9f63bf1322101	25380449350	0	false	11	25380449360	1	65536
6048242	133736	3000eca4f1303320	7666977858	0	false	32	7666977889	1	65536
6049127	133756	0600310221033032	33633842836	0	false	3	33633842838	1	65536
6050538	133787	02a984aad1133231	63937693881	0	false	4	63937693884	1	65536
6050924	133795	2716f9aef3212030	176584419159	0	false	1	176584419159	1	65536
6052072	133820	0948948940100100	239247770450	3	true	1	239247770450	1	65536
6052221	133824	3028004730030030	138058171940	0	false	43	138058171982	1	65536
6054881	133883	3215f9c540313220	114366334265	0	false	3	114366334267	1	65536
6059504	133985	31090e7eb3031000	69175409397	0	false	1	69175409397	1	65536
6060266	134002	0212c841d0132010	50949810790	0	false	2	50949810791	1	65536
6061166	134022	23577de770311310	116892175431	0	false	1	116892175431	1	65536
6061202	134023	003d299140301203	216675825516	0	false	9	216675825524	1	65536
6061570	134030	21789e5e11213301	102162675719	0	false	2	102162675720	1	65536
6061810	134036	014e7cf801121100	189025399146	0	false	5	189025399150	1	65536
6062468	134051	0544ea9be3321120	269240331656	0	false	2	269240331657	1	65536
6065142	134110	3344d8dd02123100	56960346726	0	false	3	56960346728	1	65536
6066018	134130	283370ff80300030	212158862633	0	false	1	212158862633	1	65536
6066508	134141	2a48411670103100	228780429326	0	false	2	228780429327	1	65536
6066694	134145	335d9f90c0232300	16056332029	0	false	1	16056332029	1	65536
6067765	134168	307ade4f83130020	263593277272	0	false	26	263593277297	1	65536
6071042	134240	010d610272231021	166847363352	0	false	1	166847363352	1	65536
6071774	134256	0336b28282102210	167209844843	0	false	3	167209844845	1	65536
6072451	134272	2eb91a8221331200	263994053717	350134	true	3	263994053719	1	65536
6073830	134302	035340fe20301232	111019509610	140360	true	1	111019509610	1	65536
6074492	134317	033f213d71013231	230755251345	0	false	12	230755251356	1	65536
6074602	134319	2ff03810d3000330	143709116828	0	false	4	143709116831	1	65536
6075693	134343	099347d0e1331202	236971389363	350134	true	1	236971389363	1	65536
6077216	134377	2abec00f13313200	166675654659	0	false	2	166675654660	1	65536
6077713	134388	0248a37241322131	286975856246	0	false	5	286975856250	1	65536
6077831	134391	0102291073021000	75897143225	0	false	25	75897143249	1	65536
6078126	134398	2389b1d040030330	54789207832	0	false	1	54789207832	1	65536
6078280	134401	27f008fff0110310	17841612404	0	false	1	17841612404	1	65536
6078499	134407	24945cfb43010100	165718266414	0	false	5	165718266418	1	65536
6078763	134413	04ee6f4fb2132200	94293993796	0	false	4	94293993799	1	65536
6079158	134421	352e5b8781212120	205080540050	0	false	1	205080540050	1	65536
6081669	134476	0101f94523112110	5825171377	0	false	7	5825171383	1	65536
6081912	134482	03102d18f0221013	242499381305	0	false	2	242499381306	1	65536
6082723	134500	3368cee5c0102030	231077046430	0	false	1	231077046430	1	65536
6084773	134545	2d0b3f7130030230	107252943524	0	false	3	107252943526	1	65536
6085557	134562	2618198682210110	41058993058	0	false	1	41058993058	1	65536
6086346	134580	20cc5e2d33023301	173542601837	0	false	2	173542601838	1	65536
6086698	134587	003ad4acc1203201	176937279002	0	false	2	176937279003	1	65536
6086941	134593	0177e409c2120020	108359254668	0	false	2	108359254669	1	65536
6088296	134623	30593013c1003000	5225009509	0	false	1	5225009509	1	65536
6088678	134631	34c4d5e1e0120000	53721501616	0	false	3	53721501618	1	65536
6088968	134638	2ce3462a20230330	87611484564	0	false	2	87611484565	1	65536
6089800	134656	20c97da4c3232120	140199219112	0	false	8	140199219119	1	65536
6089807	134656	2238d93580132120	24126079738	0	false	4	24126079741	1	65536
6090074	134662	01d6f453c3003303	159951100043	0	false	8	159951100050	1	65536
6093364	134734	3112b9e3b2303310	237490638054	0	false	1	237490638054	1	65536
6094577	134760	20c07fc303003000	105772372971	0	false	18	105772372988	1	65536
6096111	134794	3421517533020300	33765556636	0	false	4	33765556639	1	65536
6097389	134822	240150f6d1010121	39810237409	350134	true	1	39810237409	1	65536
6097450	134824	03000313c2033000	67542222639	0	false	4	67542222642	1	65536
6099860	134877	2b698c0bc0320200	53779449063	0	false	3	53779449065	1	65536
6100724	134897	33a29e7003310320	52521900234	140360	true	2	52521900235	1	65536
6100755	134897	00253bed00121333	222475446194	0	false	6	222475446199	1	65536
6101013	134903	21407a2c53121331	29441516386	0	false	7	29441516392	1	65536
6101806	134921	2b1d53bd92310330	18516658298	118715	true	2	18516658299	1	65536
6101915	134923	04c5e36b01312232	100989943278	0	false	2	100989943279	1	65536
6104050	134970	22add36cd2003300	32810052793	0	false	23	32810052815	1	65536
6104523	134980	25faa157a1322011	209081858163	0	false	2	209081858164	1	65536
6105621	135004	267a376170201201	128740152550	0	false	1	128740152550	1	65536
6108965	135077	0d73a54fc3322320	54685278535	0	false	1	54685278535	1	65536
6110903	135120	3240f37923130200	197892230763	0	false	4	197892230766	1	65536
6111855	135141	04dae2c710023120	200570054681	350134	true	1	200570054681	1	65536
6111884	135142	03c20ef903200003	17735363009	0	false	1	17735363009	1	65536
6111922	135142	24fdfef233032001	219366082757	0	false	1	219366082757	1	65536
6115600	135225	30e30098e3030200	37984038010	0	false	5	37984038014	1	65536
6116027	135234	04a63877b2130110	60021722027	0	false	3	60021722029	1	65536
6116716	135249	039c03af40332132	227235652649	0	false	2	227235652650	1	65536
6117065	135256	01440ed7e2320220	292361377361	0	false	3	292361377363	1	65536
6117536	135267	2003008cf0030320	242307396133	1730602	true	1	242307396133	1	65536
6118861	135296	313aa074d3130110	23965668818	370647	true	2	23965668819	1	65536
6119168	135303	2d2bb04853131230	217499082087	0	false	10	217499082096	1	65536
6120047	135323	22ad9f0582003000	196829058628	0	false	1	196829058628	1	65536
6121247	135351	03c0f4d1f0213003	246961564598	0	false	2	246961564599	1	65536
6121645	135359	261a9d7810313110	215079696825	173940	true	1	215079696825	1	65536
6122011	135367	2ffd7b1513333030	146729606228	0	false	1	146729606228	1	65536
6123290	135396	24e0e81ab3012311	203178798001	0	false	2	203178798002	1	65536
6124632	135426	02b6d3acd0302000	127329892088	0	false	1	127329892088	1	65536
6124993	135433	208ffb7431001301	157950361373	0	false	2	157950361374	1	65536
6125404	135443	26b9a9b790113230	97972597832	473053	true	3	97972597834	1	65536
6127189	135483	2140ad2b01020001	233474538320	0	false	1	233474538320	1	65536
6127817	135497	3a0d302fb3223300	101643675960	0	false	4	101643675963	1	65536
6128321	135509	030e03e032030302	171379999332	40	true	3	171379999334	1	65536
6129400	135533	24b45a6ff3232330	182398968592	350134	true	1	182398968592	1	65536
6129618	135538	0582e4eba0223312	6712111102	0	false	1	6712111102	1	65536
6129653	135539	08e8004403302000	92718490407	0	false	4	92718490410	1	65536
6129754	135541	28f92e7882313120	18730661980	0	false	4	18730661983	1	65536
6131015	135569	011d77b813232110	93289809010	370647	true	2	93289809011	1	65536
6132192	135594	033c833bf3323300	264975517239	0	false	13	264975517251	1	65536
6133233	135617	203ce6dda0003321	56877242932	0	false	2	56877242933	1	65536
6133628	135626	2e2f033340330030	11535298749	292852	true	1	11535298749	1	65536
6134796	135651	063cce1e53001200	273452290265	0	false	1	273452290265	1	65536
6135297	135662	0fff803df3000220	86642479754	292852	true	1	86642479754	1	65536
6135621	135669	0316fb0bb0100100	234178346265	0	false	6	234178346270	1	65536
6135689	135670	0332ed37f0002320	128087077560	0	false	11	128087077570	1	65536
6139437	135753	01cbc4de82003331	258756365142	0	false	8	258756365149	1	65536
6140515	135777	05253856e2101320	4958081544	0	false	4	4958081547	1	65536
6144301	135861	03b80fcd40311130	260249352941	0	false	5	260249352945	1	65536
6144456	135865	31000807c0033110	50666123707	0	false	11	50666123717	1	65536
6146576	135913	324dcc0e30320300	110735923858	0	false	1	110735923858	1	65536
6148281	135950	2d3f8d0063331210	158066700940	0	false	2	158066700941	1	65536
6148840	135963	23a4f26432213120	179964000647	0	false	5	179964000651	1	65536
6151973	136033	30380000c0032130	61620833736	0	false	2	61620833737	1	65536
6152038	136034	013de13050010200	273421546625	0	false	3	273421546627	1	65536
6152048	136034	37bd4e9da2202000	116541113667	0	false	2	116541113668	1	65536
6152495	136044	202cec28d3000000	180057598491	0	false	1	180057598491	1	65536
6159250	136195	09df57b3f0101332	61893159311	0	false	5	61893159315	1	65536
6159894	136210	2b40c90842101100	119070660572	0	false	5	119070660576	1	65536
6160488	136223	3431cf88d1003010	235576042956	0	false	14	235576042969	1	65536
6163962	136299	3840c080f1033330	75706420814	0	false	7	75706420820	1	65536
6164186	136304	0354328543303330	29877695657	0	false	1	29877695657	1	65536
6164713	136316	2bcd683f31220020	248958249828	0	false	3	248958249830	1	65536
6165725	136339	213bfd3082001110	213826177230	142833	true	5	213826177234	1	65536
6169204	136415	2702f3f7c2000320	271932696655	0	false	6	271932696660	1	65536
6169738	136427	05370cfd32123000	75868090439	0	false	1	75868090439	1	65536
6170018	136433	08fdf7be21333201	74957738146	0	false	8	74957738153	1	65536
6170528	136444	06acbdfc22210300	73141728385	0	false	3	73141728387	1	65536
6172650	136491	037393fb01302322	130592421864	0	false	2	130592421865	1	65536
6174166	136524	2033792ca3030030	185115782466	0	false	2	185115782467	1	65536
6176477	136573	022bfef822323020	257903690186	0	false	21	257903690206	1	65536
6177096	136587	25be435b60222330	40978969678	0	false	3	40978969680	1	65536
6177664	136599	03f8ff7233323133	87699475723	0	false	40	87699475762	1	65536
6182269	136702	034c51ff40333033	229553888984	0	false	2	229553888985	1	65536
6182907	136716	2d6d4e63b0012330	172008551660	0	false	3	172008551662	1	65536
6183610	136732	2acdfeb120033300	160941097988	130386	true	7	160941097994	1	65536
6183672	136733	28bf8b7bf3013130	60507825271	0	false	1	60507825271	1	65536
6184296	136747	24e9e78573312301	66299722558	0	false	3	66299722560	1	65536
6187753	136824	238bd7c230323130	32655603706	0	false	2	32655603707	1	65536
6189598	136865	3900fda851303000	29324153726	0	false	3	29324153728	1	65536
6189934	136872	2850d07201313000	252038467633	0	false	7	252038467639	1	65536
6193060	136941	2134f841d3321330	13888909761	0	false	4	13888909764	1	65536
6194137	136965	2cbcbcbff3330120	32656556402	0	false	1	32656556402	1	65536
6194176	136966	17f48b4022011220	229009064881	0	false	6	229009064886	1	65536
6196027	137007	20d3d0ef73202030	21386657911	0	false	5	21386657915	1	65536
6197406	137038	030e41d752010111	26171968838	140360	true	1	26171968838	1	65536
6198377	137059	09307a7912321120	211353135829	0	false	20	211353135848	1	65536
6198458	137061	023e3ffc30003101	158964643396	0	false	8	158964643403	1	65536
6198880	137070	07370dbc71020012	183771219062	0	false	11	183771219072	1	65536
6198927	137071	32c5202ef3031030	139572577658	0	false	10	139572577667	1	65536
6199250	137078	2d825ae3e1230100	191031143206	0	false	1	191031143206	1	65536
6202564	137152	2bec648ae1020010	189978142139	0	false	7	189978142145	1	65536
6202761	137157	3e00c272f3300000	97776949720	0	false	1	97776949720	1	65536
6202816	137158	23371fef30133130	84476542079	0	false	1	84476542079	1	65536
6203097	137164	2382201002030010	151584801967	0	false	5	151584801971	1	65536
6203511	137173	02eb10b9c1210320	145683863686	0	false	21	145683863706	1	65536
6203559	137174	03734013d3330313	237728045066	0	false	9	237728045074	1	65536
6203562	137174	013d3bbcf1303030	103962407098	0	false	7	103962407104	1	65536
6203935	137183	24f22213d1032310	271163699462	0	false	25	271163699486	1	65536
6204522	137196	22dda3ccf3330200	278574159083	0	false	3	278574159085	1	65536
6204772	137202	21fc0cb5f2303330	173914318311	0	false	1	173914318311	1	65536
6205140	137211	327b078273031230	243575945348	0	false	2	243575945349	1	65536
6206707	137245	27a137faf2310200	96587729295	0	false	1	96587729295	1	65536
6209602	137309	29a31fd312331301	273075688486	0	false	3	273075688488	1	65536
6210468	137328	2b1103cf01310030	278158925799	0	false	6	278158925804	1	65536
6212511	137373	032c2f9ec1023120	294949787789	0	false	1	294949787789	1	65536
6212794	137379	3145070d71202100	277691802900	154409	true	1	277691802900	1	65536
6213291	137390	030dff5eb3001301	101829431029	0	false	5	101829431033	1	65536
6214726	137421	0194f09130120313	233256294456	0	false	18	233256294473	1	65536
6214862	137424	02dd4ec3e1320322	272892956872	0	false	4	272892956875	1	65536
6215009	137428	23817af180000010	77088517420	0	false	3	77088517422	1	65536
6215145	137431	2baaff3e83000330	269327704107	292852	true	1	269327704107	1	65536
6215774	137445	05bfe340b3300110	112582562924	0	false	4	112582562927	1	65536
6216042	137450	22cbd70870200100	154148191449	0	false	9	154148191457	1	65536
6216935	137470	04438c7a33223020	252995861222	0	false	2	252995861223	1	65536
6217126	137474	055390fe71301130	36037802626	0	false	1	36037802626	1	65536
6217185	137475	2280d68030021320	36083455573	0	false	2	36083455574	1	65536
6218227	137498	033b02ff03300133	199773482106	175366	true	6	199773482111	1	65536
6220089	137539	2a0c002a82131311	217443659569	0	false	3	217443659571	1	65536
6223282	137608	2334721323130120	255127604298	0	false	13	255127604310	1	65536
6223861	137621	2fe09cca63222000	79447362743	140360	true	1	79447362743	1	65536
6225747	137663	03dc2128d0022302	97117008894	0	false	1	97117008894	1	65536
6225908	137666	03a868d961223232	119933785284	0	false	1	119933785284	1	65536
6226562	137681	2a5e00d161022321	239315866623	0	false	1	239315866623	1	65536
6228316	137719	227ce41e92000011	213006756847	0	false	9	213006756855	1	65536
6231106	137780	03f3d45000201003	210766807562	0	false	1	210766807562	1	65536
6232585	137813	053c82c823320020	64492427272	0	false	12	64492427283	1	65536
6234579	137857	26fda42941120120	133598240896	350134	true	1	133598240896	1	65536
6236883	137909	03d45ccf40030301	224185717518	0	false	1	224185717518	1	65536
6237958	137932	34373cff71233210	256237268361	0	false	18	256237268378	1	65536
6238157	137937	30c82480c3000200	212239238316	0	false	3	212239238318	1	65536
6238320	137940	00b4303100003321	190936447590	0	false	2	190936447591	1	65536
6238568	137946	0117ffc1e3223211	220688182053	118715	true	1	220688182053	1	65536
6239082	137957	31512f9850013220	66364231267	0	false	1	66364231267	1	65536
6240077	137979	00040e13c3130221	228794517174	0	false	10	228794517183	1	65536
6240194	137982	2f7f293d50102320	108728406452	0	false	1	108728406452	1	65536
6240401	137986	0101070102013322	56070542122	0	false	5	56070542126	1	65536
6240760	137995	320b4ee8e2232000	26242018910	0	false	1	26242018910	1	65536
6240839	137996	02baef1e73133121	250605733324	0	false	11	250605733334	1	65536
6241706	138015	201430ec00030100	181230336045	0	false	2	181230336046	1	65536
6243332	138051	22dfc9e4b3312030	59735648662	0	false	2	59735648663	1	65536
6244025	138066	01065e94f1201121	150524154801	1	true	1	150524154801	1	65536
6244059	138067	2492e79532211231	173240651427	350134	true	1	173240651427	1	65536
6244103	138068	28d4fe44d0301030	236091547423	0	false	4	236091547426	1	65536
6244221	138071	24a1cce4f0330031	292563294193	0	false	1	292563294193	1	65536
6244527	138078	2379425771331001	10927293645	0	false	1	10927293645	1	65536
6244789	138084	27bf3fe8d1310010	288192066853	0	false	16	288192066868	1	65536
6245084	138090	339d4abe72033000	197583740043	0	false	1	197583740043	1	65536
6245917	138109	05e8dd5623120112	19248881727	548980	true	1	19248881727	1	65536
6246191	138114	033fe01073332112	189040549776	0	false	10	189040549785	1	65536
6247534	138144	01930330b1132320	137352326377	0	false	8	137352326384	1	65536
6249028	138177	203eba04d0301300	61445368303	0	false	7	61445368309	1	65536
6249501	138187	023c3e38b1030203	143483356893	0	false	3	143483356895	1	65536
6249825	138194	3459485fd1330330	75672751270	0	false	7	75672751276	1	65536
6250973	138220	2049c43ac2230300	231597270908	0	false	10	231597270917	1	65536
6251898	138240	078bb56a32131110	260113969884	0	false	1	260113969884	1	65536
6252042	138243	20cee73641131331	84895952455	0	false	1	84895952455	1	65536
6255800	138326	2d05f2cc80102021	137298504014	0	false	4	137298504017	1	65536
6256742	138346	208cfcf400302031	209032573472	1037778	true	1	209032573472	1	65536
6260961	138440	3421d7e341033010	146640076528	0	false	1	146640076528	1	65536
6261203	138446	30df775372010200	120187779815	168430	true	1	120187779815	1	65536
6262043	138464	20cfc00012001230	262841704127	0	false	6	262841704132	1	65536
6263805	138504	372bf5fe51323100	287784209786	0	false	14	287784209799	1	65536
6263839	138504	0234ea2821322323	34740260003	0	false	12	34740260014	1	65536
6264040	138509	22f8fa03f2231330	34223131823	0	false	1	34223131823	1	65536
6265442	138539	213420bc02031030	121740483046	94538	true	1	121740483046	1	65536
6265672	138544	01e20c37e3000323	177888248778	0	false	7	177888248784	1	65536
6266419	138561	01e3ffdef2013013	187100001376	0	false	12	187100001387	1	65536
6267943	138595	34a4fde110033010	76090970711	0	false	2	76090970712	1	65536
6268815	138614	03947e0023200330	3888597605	0	false	1	3888597605	1	65536
6272388	138692	32b80c1eb3033230	237617195127	0	false	2	237617195128	1	65536
6272434	138693	2cd85c0eb3131000	184812679270	118715	true	1	184812679270	1	65536
6272515	138694	3023125e80301000	177973191780	0	false	2	177973191781	1	65536
6273713	138720	022887abc1100013	71973990322	0	false	16	71973990337	1	65536
6273751	138721	2c28e82482003010	212000277775	0	false	4	212000277778	1	65536
6274770	138744	032cda0413003202	297087124842	0	false	1	297087124842	1	65536
6276194	138775	333efcc0f1203030	99402880719	0	false	1	99402880719	1	65536
6276467	138781	304ca814e0203110	235663772978	0	false	4	235663772981	1	65536
6277969	138815	2a427bdf20230320	30342945539	0	false	1	30342945539	1	65536
6278793	138833	00439ff1f1120200	203919525207	0	false	3	203919525209	1	65536
6280386	138868	2dc0b288e0120300	8783608511	0	false	2	8783608512	1	65536
6280964	138881	07e554fe01030011	290866715593	0	false	2	290866715594	1	65536
6282168	138908	0273f72930033330	165864860363	0	false	1	165864860363	1	65536
6282383	138913	30ceffc3e3110130	189939114421	0	false	19	189939114439	1	65536
6285260	138977	3bf0cffe72300230	253982191118	0	false	7	253982191124	1	65536
6285323	138978	2aff2ff900220220	262953861185	0	false	5	262953861189	1	65536
6286401	139002	03c4809fe3011333	142489257085	0	false	1	142489257085	1	65536
6288459	139047	20f0fd4b43313301	161440067848	0	false	30	161440067877	1	65536
6294715	139185	204d994672232311	174968205726	0	false	2	174968205727	1	65536
6296435	139224	024b4436d0333021	27062495508	0	false	1	27062495508	1	65536
6297050	139237	27efb80081301030	73801070304	0	false	1	73801070304	1	65536
6297644	139250	0203e392b0203012	252483629899	0	false	2	252483629900	1	65536
6297934	139256	2cd205c603313310	76363831300	0	false	14	76363831313	1	65536
6298710	139274	059764d4e3012331	202461043597	0	false	6	202461043602	1	65536
6299285	139287	39fe024821123000	103908371897	0	false	1	103908371897	1	65536
6300907	139323	23cf3a8fd0332330	52104076242	292852	true	2	52104076243	1	65536
6301682	139340	30017dfff0303030	186523622797	3	true	1	186523622797	1	65536
6303508	139381	2bc6e18223200300	291898517637	0	false	12	291898517648	1	65536
6305397	139423	003de75253311021	231721572682	0	false	13	231721572694	1	65536
6305474	139424	2416e25673123321	215007611296	0	false	2	215007611297	1	65536
6306423	139445	34fc3cc4c0123300	127254343176	0	false	2	127254343177	1	65536
6307736	139474	2433492300233310	221143502950	340825	true	4	221143502953	1	65536
6308193	139484	217a007ff3331321	91335714275	0	false	1	91335714275	1	65536
6309055	139503	344d03e7f2120130	238210519527	0	false	21	238210519547	1	65536
6310991	139546	033e40c313211330	286340178749	118715	true	1	286340178749	1	65536
6311165	139550	01b5473ca3320023	158110102722	0	false	26	158110102747	1	65536
6311452	139556	3c083e0fc2032330	269481526808	0	false	2	269481526809	1	65536
6311629	139560	0a25df4960133120	264948955724	0	false	1	264948955724	1	65536
6311813	139564	25ce675051310330	176815954453	0	false	4	176815954456	1	65536
6312279	139575	011ecce2f1332012	4852098506	0	false	1	4852098506	1	65536
6312573	139581	3164826930300300	237880825602	0	false	1	237880825602	1	65536
6312799	139587	0029bf7f21223023	123955499443	0	false	12	123955499454	1	65536
6313930	139612	2ffa54a000200330	138441336357	0	false	1	138441336357	1	65536
6314102	139615	39e7a4bae2002200	239484405856	0	false	12	239484405867	1	65536
6314789	139630	07382a43d3301000	221248225541	0	false	1	221248225541	1	65536
6315510	139646	208efe4fa3320010	32408445876	0	false	1	32408445876	1	65536
6316805	139674	030ff90032220330	37973150294	0	false	2	37973150295	1	65536
6317150	139682	3102e57bd3223110	6449796207	0	false	7	6449796213	1	65536
6318123	139703	3861411493230000	94338677785	0	false	84	94338677868	1	65536
6319254	139729	23f13ac353000300	224575425404	0	false	1	224575425404	1	65536
6319289	139730	29b012beb0230230	79595150199	4485	true	1	79595150199	1	65536
6319370	139731	0f778fa3c3313102	94819352557	0	false	4	94819352560	1	65536
6319401	139732	21de1e44a0210031	110097664772	0	false	47	110097664818	1	65536
6319921	139744	03003430c1100301	103984301823	0	false	1	103984301823	1	65536
6320836	139764	020c84cbd0300231	40317947393	0	false	7	40317947399	1	65536
6322323	139797	2bffcf2d30033031	23324875754	0	false	4	23324875757	1	65536
6322496	139801	30c0300d22130310	3992046202	0	false	18	3992046219	1	65536
6322602	139803	330508d371033010	233859088373	0	false	2	233859088374	1	65536
6322603	139803	2cc14234d0110030	252114536650	0	false	17	252114536666	1	65536
6323309	139819	038103dff0110211	126183423683	0	false	1	126183423683	1	65536
6324657	139847	0179ea8d12002321	153550610131	548230	true	2	153550610132	1	65536
6326479	139887	0337ebdf83320100	118758169913	0	false	1	118758169913	1	65536
6327090	139901	29dae7a070310330	174522575371	0	false	1	174522575371	1	65536
6327742	139915	34ab291521211220	117937113443	0	false	10	117937113452	1	65536
6327745	139915	054a696780231100	172695770967	0	false	3	172695770969	1	65536
6328898	139940	20af452a12212020	50878961766	350134	true	1	50878961766	1	65536
6329409	139952	01fddd01d0003303	137270443950	0	false	1	137270443950	1	65536
6329692	139958	3e8fbecc00020000	117453100547	0	false	6	117453100552	1	65536
6331265	139993	231c3a3af3320200	161537008059	0	false	1	161537008059	1	65536
6331379	139996	377b35d370331200	9858371059	116494	true	1	9858371059	1	65536
6332716	140026	2b4d9e68d0112010	209763068242	350134	true	1	209763068242	1	65536
6333458	140042	2947abb8a2120100	277044609512	0	false	1	277044609512	1	65536
6333567	140044	031d00feb3300010	207713812220	0	false	7	207713812226	1	65536
6337211	140124	3000bd7bc2311220	266478527714	140360	true	1	266478527714	1	65536
6339451	140173	2ab880ec20002330	247964226612	0	false	1	247964226612	1	65536
6340423	140195	014107bb93303303	170080746996	118715	true	1	170080746996	1	65536
6340426	140195	2034203121033010	114219991060	0	false	4	114219991063	1	65536
6343048	140254	25ad28eff1000300	24586457179	0	false	1	24586457179	1	65536
6344875	140294	337504a133000000	167267455083	140360	true	1	167267455083	1	65536
6345089	140299	2b370093f1221200	19344300313	0	false	1	19344300313	1	65536
6345418	140306	0d4cd4cd40100100	163313794851	3	true	1	163313794851	1	65536
6346183	140322	07117b95d0121233	116239529262	350134	true	1	116239529262	1	65536
6346660	140333	3038e00042333330	220489989043	0	false	15	220489989057	1	65536
6347264	140347	03d00cf863312210	155662365703	0	false	1	155662365703	1	65536
6347472	140351	03a17a3e13030331	17326210712	0	false	3	17326210714	1	65536
6348412	140372	390af1eb92002230	236000713864	0	false	1	236000713864	1	65536
6348886	140383	0153af5081120213	263379705524	0	false	3	263379705526	1	65536
6349645	140399	24df343cc3332331	69845096489	140360	true	2	69845096490	1	65536
6349734	140401	241c402ae1101020	8338304193	0	false	1	8338304193	1	65536
6350644	140421	21233780e1012121	296455549585	0	false	11	296455549595	1	65536
6350687	140422	33f8030003203330	156285566302	0	false	3	156285566304	1	65536
6351778	140447	2bc41eb783110130	120054412148	350134	true	1	120054412148	1	65536
6351902	140449	0d4f52aff3002030	124176224776	0	false	2	124176224777	1	65536
6352543	140464	27d0087fb2332301	112420172486	0	false	1	112420172486	1	65536
6352720	140468	03f7f035f3230121	161103811164	140360	true	8	161103811171	1	65536
6353936	140494	235842a750010300	121541564823	0	false	3	121541564825	1	65536
6354089	140498	2377cbfec3330010	80063590272	2089286	true	4	80063590275	1	65536
6354415	140505	34bc0f0493312310	291294855212	0	false	1	291294855212	1	65536
6354754	140513	26627ebf03011320	173733622573	140378	true	1	173733622573	1	65536
6354963	140517	01080b70e3230300	242542983900	0	false	15	242542983914	1	65536
6358692	140599	04c462b490231211	93779354147	0	false	2	93779354148	1	65536
6358864	140603	0202e45f73230120	208946022482	0	false	5	208946022486	1	65536
6359441	140616	220dab2eb0303001	150119772954	541939	true	1	150119772954	1	65536
6359928	140627	3f075c3f50333000	60698262548	0	false	7	60698262554	1	65536
6360372	140637	266059f461310321	247043914439	350134	true	1	247043914439	1	65536
6361368	140659	2b93fb5c33131100	162755955919	0	false	8	162755955926	1	65536
6361941	140671	3e8b3624f1000000	89422099217	0	false	19	89422099235	1	65536
6362307	140679	279bd2be02320120	111672862765	0	false	1	111672862765	1	65536
6363089	140696	01145d4220302230	18931688755	0	false	10	18931688764	1	65536
6364231	140722	27566b8771211110	121887513804	0	false	3	121887513806	1	65536
6365155	140742	2eefbafbc3022300	125213732142	0	false	15	125213732156	1	65536
6367949	140803	033b75bed3213021	221195513586	0	false	7	221195513592	1	65536
6368077	140806	2efaff9c81000330	196015526807	140360	true	1	196015526807	1	65536
6368084	140806	01411c5773033001	268227073325	0	false	6	268227073330	1	65536
6368686	140819	37520de480000300	231662887659	2030507	true	1	231662887659	1	65536
6369955	140847	31fe302002103100	46151411532	140360	true	3	46151411534	1	65536
6370077	140849	025f442ca3332131	138784439924	0	false	26	138784439949	1	65536
6370159	140851	034ee79e50101231	46700246151	0	false	6	46700246156	1	65536
6370442	140858	03d0f7baf1101002	90438117375	0	false	4	90438117378	1	65536
6372491	140904	0241249071213230	79704564702	0	false	3	79704564704	1	65536
6373530	140926	0242b32e42330320	235741758220	0	false	1	235741758220	1	65536
6374549	140948	2437047242002101	66864636373	0	false	2	66864636374	1	65536
6375185	140962	030dc5d8d2303332	228937866987	0	false	11	228937866997	1	65536
6375790	140975	2200482e71211101	241932205609	0	false	1	241932205609	1	65536
6376025	140980	03d3c2f8f2013310	143908837358	0	false	4	143908837361	1	65536
6377254	141007	035c80bf13303011	62488463594	0	false	7	62488463600	1	65536
6377306	141009	2dc013f250320000	93188776711	0	false	5	93188776715	1	65536
6378350	141032	3007e547f0133330	273442165284	0	false	6	273442165289	1	65536
6380152	141072	022bc23de1013323	155479408901	0	false	2	155479408902	1	65536
6381842	141109	003c0be8a0032022	90869260280	0	false	1	90869260280	1	65536
6383699	141150	3de423bd01230120	19634572207	0	false	2	19634572208	1	65536
6384503	141168	02010dc5c2120330	258321291875	0	false	3	258321291877	1	65536
6385521	141190	0594b3f760332030	107438986730	0	false	1	107438986730	1	65536
6385757	141195	0276574920113331	113556348038	350134	true	1	113556348038	1	65536
6386060	141202	20fa7afd23320120	18703204572	0	false	1	18703204572	1	65536
6386464	141210	01437dde31330013	2369212836	0	false	1	2369212836	1	65536
6387540	141234	25821044d1300010	83820559983	0	false	20	83820560002	1	65536
6388241	141249	03f0c0cf40103301	167541266032	3	true	2	167541266033	1	65536
6389312	141273	0189ad09d1331102	270306249751	0	false	2	270306249752	1	65536
6391114	141313	019d8fbc12013013	261954908528	0	false	11	261954908538	1	65536
6391381	141319	2fd4aefe41200030	207247232523	0	false	13	207247232535	1	65536
6392054	141334	0d3dfb0c03123330	101190822305	0	false	2	101190822306	1	65536
6394018	141377	3a2c0884d0330000	24004801564	1863713	true	4	24004801567	1	65536
6394408	141385	2fae33c783002230	36027149060	0	false	1	36027149060	1	65536
6396730	141437	2b461c0fb2213130	72267330401	0	false	11	72267330411	1	65536
6398194	141470	3dda06b081322000	92763752898	0	false	2	92763752899	1	65536
6400451	141520	2070d5e813130000	216055400879	0	false	9	216055400887	1	65536
6403362	141584	05991a4d82132223	235711444665	0	false	6	235711444670	1	65536
6405749	141637	27b3c38f90233120	25286049396	0	false	34	25286049429	1	65536
6406408	141653	0d28923503313120	164150704974	0	false	1	164150704974	1	65536
6406584	141657	3b024b97a3302000	144037718935	0	false	3	144037718937	1	65536
6406737	141660	22fe02e2d2101300	106359589966	0	false	1	106359589966	1	65536
6407305	141673	2fea01ce31002000	12230787310	0	false	2	12230787311	1	65536
6408646	141702	252680ca21211221	261727749996	0	false	1	261727749996	1	65536
6408725	141704	28df678ed2022000	117523794253	0	false	12	117523794264	1	65536
6409302	141717	3a001c3ce1203000	260734517302	0	false	2	260734517303	1	65536
6409705	141725	2ab8332901323130	232887696161	0	false	1	232887696161	1	65536
6410321	141739	03c38bce40000333	119696718742	0	false	1	119696718742	1	65536
6411421	141764	036f15ba31312133	73648483913	0	false	1	73648483913	1	65536
6413303	141805	03afd92533112120	67448024148	350134	true	1	67448024148	1	65536
6415001	141842	371aed7d70112130	136358115469	0	false	4	136358115472	1	65536
6416679	141880	2202bfcbf3100311	232400506153	0	false	3	232400506155	1	65536
6417397	141895	2bcce8efb2230320	85116714619	0	false	1	85116714619	1	65536
6418143	141912	03e2b3fe03330130	141704036737	1730882	true	1	141704036737	1	65536
6419442	141940	03fc8743d3000033	295732270263	0	false	24	295732270286	1	65536
6419803	141948	0175eb5b21011101	197988304764	94538	true	1	197988304764	1	65536
6419869	141950	32be542c00210000	257056848520	0	false	2	257056848521	1	65536
6419916	141951	030eb51482230000	60995142012	0	false	6	60995142017	1	65536
6419984	141952	2595864993333330	72360826930	0	false	20	72360826949	1	65536
6420834	141971	259f9902a0022320	100858117700	0	false	1	100858117700	1	65536
6424570	142053	3f500a16a2301200	193574133329	0	false	9	193574133337	1	65536
6424911	142060	229c00c880330110	16946608203	0	false	1	16946608203	1	65536
6425071	142064	2041032783032010	104268073803	0	false	1	104268073803	1	65536
6426064	142086	2381950ae3130130	132012867785	0	false	6	132012867790	1	65536
6427067	142108	2ca8100df0313230	57159201655	0	false	1	57159201655	1	65536
6427483	142117	020bccec03031012	27117194348	0	false	18	27117194365	1	65536
6427665	142122	240cfcc380230000	221604290283	0	false	11	221604290293	1	65536
6427774	142124	0206737b30301011	95866041324	0	false	1	95866041324	1	65536
6429166	142155	2b2c3ac010010001	265205808826	150003	true	1	265205808826	1	65536
6429553	142164	3372fca0a0002000	153445408921	0	false	1	153445408921	1	65536
6429624	142165	037100d432003020	19448099650	0	false	2	19448099651	1	65536
6430648	142188	3245bf9802133030	274453238854	0	false	2	274453238855	1	65536
6433356	142248	2d8df8c230202100	166480500316	0	false	4	166480500319	1	65536
6435268	142291	263a77b213031230	76747395405	0	false	3	76747395407	1	65536
6437277	142334	25ebf8c101030300	50979731584	0	false	3	50979731586	1	65536
6437306	142335	23b0f9faf0330331	112559452507	0	false	1	112559452507	1	65536
6439821	142391	33f003fc82201000	144626790563	0	false	19	144626790581	1	65536
6440325	142402	0107e2be60000100	250884159350	0	false	32	250884159381	1	65536
6440568	142407	0135136be0220222	254983648304	0	false	7	254983648310	1	65536
6444056	142484	03fd74f303303131	88803780980	0	false	4	88803780983	1	65536
6444986	142505	03b1490f91031330	222439270322	0	false	5	222439270326	1	65536
6446095	142529	03a0ff2cf3032131	196435904616	0	false	10	196435904625	1	65536
6446460	142538	01337d7ec1232201	235529512585	0	false	5	235529512589	1	65536
6448181	142576	2230e030b1223000	37155186751	0	false	3	37155186753	1	65536
6449017	142594	25a65aa2a1030020	12571951596	0	false	3	12571951598	1	65536
6450023	142616	2f4304f613233330	109180132179	0	false	4	109180132182	1	65536
6450299	142622	043797c800003130	273240677111	0	false	1	273240677111	1	65536
6450616	142629	3380f0f300200000	115777257190	0	false	1	115777257190	1	65536
6450849	142634	26f82fbfd3313330	163891528042	0	false	1	163891528042	1	65536
6451349	142645	337f8e3ed3231300	129191115406	0	false	3	129191115408	1	65536
6452668	142674	23dff8ab32223311	159027726226	0	false	26	159027726251	1	65536
6452962	142680	03e1cc4cc0003031	255443772980	0	false	6	255443772985	1	65536
6453347	142689	37d34d05d0233310	153387261686	0	false	5	153387261690	1	65536
6453978	142702	229e72cd10132100	20527721974	0	false	1	20527721974	1	65536
6454045	142704	00d38c3b03130003	18099821544	140360	true	3	18099821546	1	65536
6454516	142714	253d830f30020300	265805839896	0	false	3	265805839898	1	65536
6456227	142751	303fc7c8d3333330	40441081779	1297113	true	1	40441081779	1	65536
6456658	142761	0374033ad0003030	229954455352	140360	true	1	229954455352	1	65536
6457552	142781	2140903d20000110	235829136939	0	false	12	235829136950	1	65536
6458417	142800	38e4c7b8a3101120	219580383012	0	false	1	219580383012	1	65536
6459064	142813	2beb60a7e1033120	289029929411	0	false	2	289029929412	1	65536
6459335	142820	2273c73f42100000	123475780409	0	false	4	123475780412	1	65536
6463279	142906	23c9c79f30301000	209673181160	0	false	7	209673181166	1	65536
6464713	142938	033fc020f1003033	206734659686	118715	true	1	206734659686	1	65536
6464820	142940	0207008d03000000	149481511900	0	false	8	149481511907	1	65536
6465756	142961	33c278c030113100	275201702677	0	false	1	275201702677	1	65536
6465992	142966	29be367fa0101220	257062796551	0	false	5	257062796555	1	65536
6466309	142973	2a61510203131201	145187017652	0	false	1	145187017652	1	65536
6467812	143005	337e9dc040003130	242423351016	0	false	71	242423351086	1	65536
6470460	143064	3030c14cc1003030	89683520697	0	false	5	89683520701	1	65536
6471158	143080	226e394e82211200	216901746111	0	false	10	216901746120	1	65536
6472772	143115	012f14a973300200	49418214218	0	false	2	49418214219	1	65536
6472906	143118	22edba7bd0331110	83325296811	0	false	4	83325296814	1	65536
6473195	143125	2887ab96d0113330	139672671554	0	false	1	139672671554	1	65536
6475265	143170	010efbf923123030	134474356688	0	false	2	134474356689	1	65536
6476918	143206	323fbddde3213230	241098059759	292852	true	2	241098059760	1	65536
6480600	143287	2d20e77323030001	231335200596	0	false	1	231335200596	1	65536
6480644	143288	03ff700dd0003021	151785216242	0	false	14	151785216255	1	65536
6481201	143300	22fc02fcf3200100	251315218789	0	false	6	251315218794	1	65536
6481336	143303	30d0cf0670020000	84941234846	0	false	1	84941234846	1	65536
6483249	143346	033aa30ff2333210	229630513195	0	false	6	229630513200	1	65536
6483507	143351	374052cec3230320	293023989366	0	false	2	293023989367	1	65536
6485678	143399	0100e8fe51212212	116785046737	3989	true	1	116785046737	1	65536
6486238	143411	05bbe55a80112111	233787149007	350134	true	1	233787149007	1	65536
6486664	143421	3684393980313220	260298686275	0	false	1	260298686275	1	65536
6488819	143468	034741d780200111	33485692003	548985	true	1	33485692003	1	65536
6489111	143474	0491e81442033220	210649678150	0	false	8	210649678157	1	65536
6489484	143483	2820392532120130	135179744121	0	false	2	135179744122	1	65536
6491341	143523	01dfe0fd63100112	39347102723	0	false	1	39347102723	1	65536
6491452	143525	33e57ffc33023130	54484534032	0	false	4	54484534035	1	65536
6493803	143578	305cf5fe80302110	66059668205	0	false	2	66059668206	1	65536
6495617	143618	2475348c82202330	283049207244	0	false	1	283049207244	1	65536
6498305	143677	2ebad04292131300	93095864601	0	false	21	93095864621	1	65536
6498774	143688	053cb7ab33023001	296622478914	0	false	2	296622478915	1	65536
6499259	143698	323f3dc013200000	231425522893	0	false	7	231425522899	1	65536
6499944	143714	0286010353132213	240119870277	0	false	6	240119870282	1	65536
6502298	143767	014b4d3793120313	271264755836	0	false	1	271264755836	1	65536
6502590	143773	3135b812c3102300	67707948261	0	false	1	67707948261	1	65536
6503151	143786	28297e2421123001	33835858106	350134	true	1	33835858106	1	65536
6503789	143800	34700c3772313310	260039210703	118715	true	1	260039210703	1	65536
6503883	143802	2cb3165e20313330	68516649559	0	false	1	68516649559	1	65536
6504614	143818	21e3437560032011	92504087587	350134	true	1	92504087587	1	65536
6504617	143818	24bf4aeb50331200	203292160962	350134	true	1	203292160962	1	65536
6506925	143870	2d0d228f01303200	70972514729	27701	true	12	70972514740	1	65536
6507602	143885	320c01cdc3303020	149943839515	0	false	1	149943839515	1	65536
6507714	143887	035f4224f1033031	187166482651	0	false	23	187166482673	1	65536
6508007	143893	24b0f00fe2333031	105734739253	0	false	20	105734739272	1	65536
6508805	143911	02e7ab9611112110	162489181527	548980	true	1	162489181527	1	65536
6509579	143928	29c3025d11020320	132740351881	0	false	11	132740351891	1	65536
6510115	143941	2500c51d81003310	83963485236	0	false	9	83963485244	1	65536
6511555	143972	20bcf40823330100	226587137828	0	false	1	226587137828	1	65536
6512147	143986	3c0151ff73201230	37463845337	0	false	2	37463845338	1	65536
6512384	143991	0a758a9491200001	145711730726	350134	true	1	145711730726	1	65536
6513819	144023	2350432021310030	185725555199	0	false	3	185725555201	1	65536
6514090	144029	2451fbd7b2210030	113442823867	0	false	2	113442823868	1	65536
6514821	144045	20682d1ef2213020	288302839996	0	false	22	288302840017	1	65536
6515549	144061	233f130383300300	84200668389	0	false	2	84200668390	1	65536
6520006	144160	30efbcc3d0313020	222758323163	0	false	2	222758323164	1	65536
6520494	144171	010389d3c0123133	109404389802	0	false	5	109404389806	1	65536
6520969	144181	203dc023b3003100	294218078535	0	false	8	294218078542	1	65536
6521974	144203	2000f01000330301	14903685474	0	false	3	14903685476	1	65536
6523269	144232	22070324f0330000	98038163167	0	false	1	98038163167	1	65536
6523281	144232	23fd0ffc03222100	246838205036	0	false	4	246838205039	1	65536
6523869	144245	0120a3e0f2303300	277251955765	0	false	1	277251955765	1	65536
6524659	144262	34d00404d3001030	21854552013	140364	true	11	21854552023	1	65536
6524683	144263	0165686e72312330	199191397220	38	true	1	199191397220	1	65536
6525299	144277	3a01833b01231330	33446458198	0	false	6	33446458203	1	65536
6525490	144281	231f4201c2032000	254990586971	0	false	1	254990586971	1	65536
6525736	144287	310d23fa63132020	154215882093	0	false	1	154215882093	1	65536
6525861	144289	241b43c0c1303001	132200427761	0	false	1	132200427761	1	65536
6526367	144300	04febbdbd2002330	147064769804	0	false	5	147064769808	1	65536
6526802	144310	2d0e094892330030	266867940434	0	false	4	266867940437	1	65536
6526808	144310	29f4f84710300110	79592203694	0	false	1	79592203694	1	65536
6528010	144336	30aecd4f82313000	220247642476	0	false	2	220247642477	1	65536
6528226	144341	24250a7892111310	69502953842	0	false	2	69502953843	1	65536
6528719	144352	20fbe35000023031	102263344077	0	false	1	102263344077	1	65536
6529207	144363	00273438e1320200	232604128488	0	false	1	232604128488	1	65536
6529482	144369	3717f17de2123320	210376983951	0	false	1	210376983951	1	65536
6529840	144377	031f67e080030020	38351938118	0	false	19	38351938136	1	65536
6530613	144394	258bf43303300030	258465273657	0	false	3	258465273659	1	65536
6531751	144419	28d0892002313020	251807930688	137871	true	2	251807930689	1	65536
6531756	144420	010214e4c1323031	118397904281	0	false	1	118397904281	1	65536
6534755	144486	02d14c1793000300	289129244685	0	false	3	289129244687	1	65536
6535187	144496	2bbf3c4f82111030	177816703210	0	false	8	177816703217	1	65536
6535326	144499	20adf888b0130110	33467106800	0	false	5	33467106804	1	65536
6535465	144502	02e3f6c250331321	188673215615	0	false	5	188673215619	1	65536
6536969	144535	023b9c3cb3000203	95180901256	0	false	11	95180901266	1	65536
6537418	144544	2cb2ffeaf3032320	71675395096	0	false	4	71675395099	1	65536
6537879	144554	2b0c270db3333020	192680301546	0	false	1	192680301546	1	65536
6538424	144567	30867166d0323220	191977961450	0	false	2	191977961451	1	65536
6539833	144597	01a3f87a92301031	45702832634	0	false	2	45702832635	1	65536
6540930	144622	238dc32000312220	195611616795	0	false	3	195611616797	1	65536
6541885	144643	0777412850101110	173854811015	0	false	16	173854811030	1	65536
6542805	144664	200fedcbe0303010	260347011763	0	false	2	260347011764	1	65536
6543136	144671	04dacbedf2310311	72056091238	0	false	1	72056091238	1	65536
6545014	144713	23161c0c03002001	94823702287	0	false	5	94823702291	1	65536
6546443	144745	04b98b5f00323312	276729829121	116502	true	1	276729829121	1	65536
6547573	144769	23ceb42411003231	4857867922	0	false	1	4857867922	1	65536
6549002	144801	3ccf537300000220	280411297310	0	false	3	280411297312	1	65536
6550025	144823	07ee84cf80323031	102859651558	350102	true	2	102859651559	1	65536
6550804	144840	2b293e8173021120	279430525318	0	false	1	279430525318	1	65536
6550904	144842	3410590111010320	47590501622	0	false	1	47590501622	1	65536
6552272	144872	2c20230c20103100	98385833850	0	false	1	98385833850	1	65536
6552948	144887	278bd4a310020130	38182925666	0	false	1	38182925666	1	65536
6552976	144888	050ad3ac42312022	169310416067	0	false	7	169310416073	1	65536
6553694	144903	2880c02f82000330	240738149903	140360	true	2	240738149904	1	65536
6553730	144904	2bd49150e0102130	126237929938	1	true	1	126237929938	1	65536
6554339	144917	0307800ce3320030	61800047501	0	false	1	61800047501	1	65536
6555649	144946	00200fcef0203223	87663122285	0	false	4	87663122288	1	65536
6556285	144960	03900fcfc0001030	148074137350	1971435	true	2	148074137351	1	65536
6556334	144961	336b3022c3123300	222270375598	0	false	1	222270375598	1	65536
6557143	144979	29cd9025e3113010	171485562248	0	false	2	171485562249	1	65536
6558022	144998	300c3307b3133300	80432319206	118715	true	3	80432319208	1	65536
6560243	145048	0314fbe981212032	11082836850	0	false	2	11082836851	1	65536
6561623	145078	200cf83df0000000	63168171016	2148882	true	1	63168171016	1	65536
6562986	145109	306384a3c1200210	218857745038	0	false	1	218857745038	1	65536
6563401	145118	05e782f3d2032320	1033469464	0	false	2	1033469465	1	65536
6566078	145177	0b39f5bef2212231	37891356694	0	false	1	37891356694	1	65536
6566114	145178	3c144503e1332000	192982364074	0	false	7	192982364080	1	65536
6566881	145195	0323cce3c3003300	128502179339	0	false	11	128502179349	1	65536
6567485	145208	345041bc52303010	123883057901	0	false	1	123883057901	1	65536
6567797	145215	23800fe032002330	207821158845	292855	true	1	207821158845	1	65536
6568168	145224	3938f28f30103130	147839536252	0	false	9	147839536260	1	65536
6568672	145235	05f1540cd2023312	99206745490	0	false	5	99206745494	1	65536
6568987	145242	38cd0e4850313010	241662068369	0	false	1	241662068369	1	65536
6569059	145244	3438c800d3202110	16947630742	0	false	1	16947630742	1	65536
6570735	145280	01c01c35e0300012	161400916024	0	false	5	161400916028	1	65536
6572139	145312	034a3929e3100013	102967596905	0	false	5	102967596909	1	65536
6572202	145313	251e2713c3233300	133045698900	0	false	1	133045698900	1	65536
6572643	145322	02ff11c803100130	20376931875	0	false	1	20376931875	1	65536
6574359	145361	304fc302d0133330	167476659982	0	false	6	167476659987	1	65536
6577447	145429	08de998c50210010	194560783529	38	true	1	194560783529	1	65536
6578688	145457	033cae5ea0130330	265398315980	0	false	1	265398315980	1	65536
6578824	145460	310cb34410322330	283379155068	0	false	1	283379155068	1	65536
6579761	145481	20fe337900133120	283364465240	0	false	2	283364465241	1	65536
6581347	145516	0669746f92301202	262860638849	548459	true	4	262860638852	1	65536
6581604	145522	2a368f4310310000	47121755277	0	false	5	47121755281	1	65536
6581616	145522	348c91b531020010	68058412957	0	false	4	68058412960	1	65536
6581869	145528	300fd3e8f3033000	44821686937	0	false	1	44821686937	1	65536
6588036	145666	279618c793120230	129155949030	0	false	1	129155949030	1	65536
6589849	145707	2ba4c3dfe2030200	212915158825	94538	true	1	212915158825	1	65536
6590285	145716	020fe47c60033330	50621373853	0	false	1	50621373853	1	65536
6590555	145722	2127aab0e2002230	29199341750	0	false	11	29199341760	1	65536
6591290	145738	05dfd09c71113121	80516533967	0	false	1	80516533967	1	65536
6591761	145748	02ff208ef1200010	16420511150	0	false	1	16420511150	1	65536
6594684	145811	2bafc0c770311000	142794437092	0	false	15	142794437106	1	65536
6596037	145840	2f7e542bb2202310	138437938284	0	false	1	138437938284	1	65536
6596172	145843	2033bf6910120221	192369612238	0	false	4	192369612241	1	65536
6597603	145875	010c3e6d31031123	103562538840	0	false	2	103562538841	1	65536
6598633	145897	28fa2f99e2133300	59558407867	0	false	4	59558407870	1	65536
6598739	145900	237fcd0fc3233231	49718557507	0	false	11	49718557517	1	65536
6599384	145914	03ce4c22e0313330	15595701360	0	false	3	15595701362	1	65536
6600264	145933	21fac33681301330	214575903729	0	false	8	214575903736	1	65536
6601350	145958	28082e6f13200300	3594651715	0	false	21	3594651735	1	65536
6601702	145966	0303c8c092300010	57521962069	118715	true	1	57521962069	1	65536
6604029	146017	2480142231301301	104772843156	0	false	2	104772843157	1	65536
6604243	146022	202c4b0862232010	17266238048	0	false	7	17266238054	1	65536
6605624	146052	03f8f5ff53211030	295314850566	0	false	2	295314850567	1	65536
6605886	146057	2f803ae2b1302000	60420282283	1924295	true	1	60420282283	1	65536
6606283	146066	30cadc1ee0112100	256555494590	0	false	1	256555494590	1	65536
6608109	146106	01e0f1fbf0203021	113571665829	154409	true	1	113571665829	1	65536
6610166	146152	208e754e33012000	65876997018	0	false	4	65876997021	1	65536
6611080	146172	3440603f42033000	85762284183	0	false	9	85762284191	1	65536
6611475	146181	095c0d8340313030	163921107153	0	false	5	163921107157	1	65536
6611705	146186	014d134912133101	287963748668	0	false	1	287963748668	1	65536
6612265	146199	02ffc0c793000223	55937501374	0	false	2	55937501375	1	65536
6617158	146308	01cfce7f11113131	22671267409	0	false	7	22671267415	1	65536
6617620	146318	2173ffe0f3300100	135411551209	0	false	5	135411551213	1	65536
6617825	146323	05eae2ea31033331	172216495997	0	false	12	172216496008	1	65536
6617956	146326	034a11c4a0112312	199568307272	0	false	9	199568307280	1	65536
6618316	146333	2029e8a0c3232031	176655016787	0	false	2	176655016788	1	65536
6619279	146355	2c3fde44f1312020	235236262053	0	false	4	235236262056	1	65536
6619794	146366	36240cc3c0023300	221586614164	0	false	2	221586614165	1	65536
6620182	146375	25bbf9a072130110	256213651373	0	false	1	256213651373	1	65536
6620412	146380	0546bf46b2322121	39226584093	0	false	3	39226584095	1	65536
6620561	146384	239b1990e2233201	289085091914	0	false	1	289085091914	1	65536
6620638	146385	3c01b2d4b0032210	295305500715	0	false	10	295305500724	1	65536
6621664	146409	02fa6c0a73021300	208580845488	0	false	4	208580845491	1	65536
6624305	146467	03bed7b201313133	252326337088	0	false	6	252326337093	1	65536
6624354	146468	2f4003e042303310	144570961684	0	false	5	144570961688	1	65536
6626725	146522	011d299652123020	240483793519	0	false	9	240483793527	1	65536
6627153	146531	2b0d430831032000	237568675700	0	false	1	237568675700	1	65536
6627574	146541	20f7e3ca00120310	226420263321	0	false	3	226420263323	1	65536
6627647	146543	2d42081df3103010	266416144325	0	false	20	266416144344	1	65536
6628819	146568	3f0f1f2300330300	217854554490	118715	true	1	217854554490	1	65536
6629529	146584	03a0dbf5b0233133	296076702292	0	false	10	296076702301	1	65536
6631461	146627	03c92490e0230221	282079149197	0	false	9	282079149205	1	65536
6634008	146684	282c3f1c73233330	106388680739	0	false	12	106388680750	1	65536
6634009	146684	20b0fc71e0002230	265868608822	0	false	17	265868608838	1	65536
6636789	146746	23268713e0033200	30659961665	0	false	7	30659961671	1	65536
6639165	146799	03f528c300211200	35151163863	0	false	1	35151163863	1	65536
6639684	146810	30a4040223020130	97346492442	0	false	1	97346492442	1	65536
6640951	146838	2d901cd1f0330000	236503845807	118715	true	1	236503845807	1	65536
6641492	146851	32f80f7df0133230	102305005039	0	false	4	102305005042	1	65536
6641515	146851	2604f03d43113110	179328714495	0	false	1	179328714495	1	65536
6641616	146853	37ffff6013030330	155653815281	0	false	1	155653815281	1	65536
6641940	146861	0e0d145230030200	135122359518	0	false	19	135122359536	1	65536
6642309	146869	28097b3782113231	176322149916	0	false	2	176322149917	1	65536
6642768	146879	267dbfd141102300	77743052922	0	false	3	77743052924	1	65536
6644143	146910	0019134ba3033320	243857614617	0	false	1	243857614617	1	65536
6644863	146926	323b0c8070230030	137619053328	0	false	7	137619053334	1	65536
6645494	146940	0235441031103132	58312311721	0	false	13	58312311733	1	65536
6646176	146955	00e43d7590330222	146080427791	0	false	2	146080427792	1	65536
6646357	146959	038f1ce1d2303302	112834612235	0	false	6	112834612240	1	65536
6646880	146970	02c39d8c30231020	25742472856	0	false	6	25742472861	1	65536
6649114	147019	000f0c03c3331322	252073928446	0	false	3	252073928448	1	65536
6650735	147055	2a8a2a7a02130230	180923481062	0	false	4	180923481065	1	65536
6652220	147088	007f8f1cb3103331	34850463401	0	false	1	34850463401	1	65536
6654113	147130	2dcd2f02f3330301	93720733563	0	false	12	93720733574	1	65536
6654550	147140	3584a241e3003230	61967771801	0	false	2	61967771802	1	65536
6655989	147172	019ae74742002332	141254387772	0	false	4	141254387775	1	65536
6656589	147185	2495b26163331021	96592614868	350134	true	1	96592614868	1	65536
6656734	147188	22dbdae7e2302300	268041758203	0	false	1	268041758203	1	65536
6656911	147192	030410e0e3303300	145900857411	0	false	1	145900857411	1	65536
6657690	147209	25348cfbb2031320	150868737149	0	false	10	150868737158	1	65536
6659442	147248	2f9f4abc22323130	295464436401	0	false	2	295464436402	1	65536
6659519	147249	02c3ccf2c3023003	56717686167	1385448	true	1	56717686167	1	65536
6660855	147279	0340c9fe43100201	53761996194	0	false	7	53761996200	1	65536
6661012	147283	333223aef3232010	215432736151	0	false	1	215432736151	1	65536
6662076	147306	0070c0fe83123200	97087544024	0	false	19	97087544042	1	65536
6662388	147312	3180f6c3d0300330	67332779766	0	false	32	67332779797	1	65536
6663590	147339	3404220443332100	75287565045	121327	true	3	75287565047	1	65536
6664717	147364	300cce7f33330330	128044338146	2082495	true	1	128044338146	1	65536
6664861	147367	202b315340221100	78249256866	0	false	13	78249256878	1	65536
6665840	147390	213a651851012011	261549403735	0	false	1	261549403735	1	65536
6665909	147391	01c460d2f0332223	286819211762	0	false	7	286819211768	1	65536
6667615	147429	0337fa0800300210	6833787341	0	false	3	6833787343	1	65536
6668010	147438	20cfdaefb2021310	289433264820	0	false	1	289433264820	1	65536
6668168	147441	01f771b7f0001103	19336330808	0	false	8	19336330815	1	65536
6670412	147491	2179dc80c3331001	125975067196	0	false	1	125975067196	1	65536
6671943	147525	3de7fe31f3331100	68338468550	0	false	5	68338468554	1	65536
6672719	147543	03054cba30331103	152628869368	0	false	33	152628869400	1	65536
6674064	147572	226c391103111101	135343808099	0	false	13	135343808111	1	65536
6674703	147586	2787887501102201	58764387294	0	false	2	58764387295	1	65536
6675079	147594	0178c08173123221	24178844839	0	false	6	24178844844	1	65536
6676107	147617	277278d0f2031031	181570648878	0	false	3	181570648880	1	65536
6679277	147688	01e7e8b9e3113120	6979394574	0	false	5	6979394578	1	65536
6679950	147703	3c623f7c53032310	238706813724	0	false	5	238706813728	1	65536
6680333	147711	321b33c2c2000000	197480384253	0	false	3	197480384255	1	65536
6681158	147730	22da204f30330201	228039453255	0	false	1	228039453255	1	65536
6681284	147733	2523acf9c2001021	121988584033	0	false	12	121988584044	1	65536
6683231	147776	30c4b0fb23013020	159239570686	402787	true	1	159239570686	1	65536
6683798	147789	2383fffff0030001	243878072012	0	false	6	243878072017	1	65536
6685039	147816	03b5bbafc1013110	224845351811	0	false	46	224845351856	1	65536
6685905	147835	28b837a691311101	212252929707	0	false	4	212252929710	1	65536
6686321	147844	2e37d34ef0330320	226014521019	0	false	11	226014521029	1	65536
6686617	147850	2cf76bf2c0202200	69221359498	0	false	1	69221359498	1	65536
6688463	147891	33d21e0000131330	238919240941	0	false	4	238919240944	1	65536
6688649	147895	20fbd8bcf0302310	154563169862	140360	true	1	154563169862	1	65536
6689363	147911	23ca61d0b2032010	263582346011	0	false	1	263582346011	1	65536
6689879	147923	24c2891132001110	76866063623	0	false	2	76866063624	1	65536
6693415	148001	30433cf802033000	131628315930	0	false	1	131628315930	1	65536
6694684	148029	20d3f00802112310	202973548759	0	false	4	202973548762	1	65536
6695239	148042	0eee4f17d2320030	55497019402	0	false	3	55497019404	1	65536
6695873	148056	0be28115e0020131	95392157828	0	false	3	95392157830	1	65536
6696008	148060	2032c81791030011	216025151881	0	false	4	216025151884	1	65536
6696431	148069	3308d279b0003330	95817761505	0	false	1	95817761505	1	65536
6696609	148073	02f3803f03200320	26908537587	118715	true	1	26908537587	1	65536
6697259	148088	27bd4024b2000130	180871990458	140360	true	5	180871990462	1	65536
6697638	148096	015010e440333132	44617776581	0	false	2	44617776582	1	65536
6701219	148174	2c333f0d40000330	116373648924	0	false	3	116373648926	1	65536
6701537	148182	0e2c34cc83303100	129598565757	118715	true	3	129598565759	1	65536
6701632	148184	23ff820381213100	212484880387	0	false	2	212484880388	1	65536
6701888	148189	387c1aedc0113230	256222642041	0	false	2	256222642042	1	65536
6702014	148192	3400300f80023300	200346802398	0	false	1	200346802398	1	65536
6702169	148196	04aff0bdd0013000	101583154354	140360	true	2	101583154355	1	65536
6702265	148198	00f40d0800302320	175434930300	0	false	1	175434930300	1	65536
6702400	148200	028f30ff91232330	153107971495	0	false	6	153107971500	1	65536
6703274	148220	28b0cf22d1330310	129765107974	0	false	1	129765107974	1	65536
6704924	148256	317d228ac0201300	113939304568	0	false	1	113939304568	1	65536
6706360	148287	234dc0feb2300000	89847767819	0	false	3	89847767821	1	65536
6708296	148330	041cf35401002010	69275186158	0	false	10	69275186167	1	65536
6709567	148358	0353d17f70333310	206577882449	0	false	2	206577882450	1	65536
6713372	148442	0007ac0833122302	281242699367	0	false	5	281242699371	1	65536
6715668	148494	22fc6272b3223230	129847077174	0	false	2	129847077175	1	65536
6716107	148503	25b883f8c0211010	232112902832	0	false	4	232112902835	1	65536
6716460	148511	2c4c74d422303020	129924738786	0	false	15	129924738800	1	65536
6717536	148535	30541d35a3220320	70960365815	0	false	5	70960365819	1	65536
6717948	148544	030fc92040322000	139348008781	118715	true	1	139348008781	1	65536
6719404	148577	23f01e3bf2333330	124086268300	0	false	1	124086268300	1	65536
6720164	148593	030969c991223213	83996229277	0	false	3	83996229279	1	65536
6720261	148596	2250df6ef0301100	40398741955	0	false	2	40398741956	1	65536
6721202	148617	0550c15d20030310	226897947417	1795123	true	3	226897947419	1	65536
6721541	148624	23e1ac3823000300	72486131014	0	false	4	72486131017	1	65536
6721766	148629	0330fce970031331	121324587784	0	false	1	121324587784	1	65536
6721780	148629	241d4bf4d1302310	273255189189	0	false	1	273255189189	1	65536
6723528	148668	208315b2d1203201	192499778959	0	false	2	192499778960	1	65536
6725879	148721	23b07ee003302310	190634227083	0	false	6	190634227088	1	65536
6726468	148734	32f237a033201200	220912907346	0	false	1	220912907346	1	65536
6726575	148736	013053dfc0230010	143890691456	0	false	19	143890691474	1	65536
6729020	148790	3814100910021300	55462082134	0	false	1	55462082134	1	65536
6729383	148798	222087fb43131010	102694792196	1606496	true	1	102694792196	1	65536
6730269	148818	03b7bbf8e0003220	44201807740	0	false	19	44201807758	1	65536
6731109	148836	23647be3c1210200	222243769377	0	false	3	222243769379	1	65536
6731120	148837	20f200cff0333330	238827493843	112590	true	1	238827493843	1	65536
6731859	148853	34ff91fa90332200	85947942069	0	false	8	85947942076	1	65536
6732178	148860	238e2e4233311220	55090221622	0	false	2	55090221623	1	65536
6732916	148876	234e43eff2302221	28879089643	0	false	1	28879089643	1	65536
6734621	148914	0a5e0a5430213212	146510396363	350134	true	1	146510396363	1	65536
6734684	148916	20420000b3302010	286987957155	0	false	1	286987957155	1	65536
6735260	148929	26867a2463002310	191061531068	86445	true	1	191061531068	1	65536
6735591	148936	01402d3200232001	108073916106	0	false	2	108073916107	1	65536
6736826	148963	2a210c8001230330	218568449413	0	false	12	218568449424	1	65536
6738349	148996	080cecdc01233221	20528110116	0	false	7	20528110122	1	65536
6738780	149005	0333ab5033230121	113794719211	0	false	1	113794719211	1	65536
6739375	149018	2fbe300e30032100	167279364948	0	false	4	167279364951	1	65536
6739606	149023	22fc0cfdf0120130	5445882039	0	false	1	5445882039	1	65536
6740706	149048	313f914320300100	26569322927	0	false	2	26569322928	1	65536
6741221	149060	2bbd322f40031300	270681344638	341023	true	2	270681344639	1	65536
6741689	149070	020fe0a413333100	188114352988	0	false	4	188114352991	1	65536
6742603	149090	2907952490223000	162915881094	0	false	4	162915881097	1	65536
6742941	149098	20f3e364c0230220	53912247370	0	false	1	53912247370	1	65536
6743614	149112	35eca54b72013310	53067116294	0	false	1	53067116294	1	65536
6743909	149119	2ffb3388f1023200	204080321402	0	false	18	204080321419	1	65536
6745697	149159	2b393120b3012020	247075142665	0	false	2	247075142666	1	65536
6746038	149167	031670d973023333	197883076773	0	false	6	197883076778	1	65536
6747053	149189	245282f4a0212210	294082320634	0	false	2	294082320635	1	65536
6747777	149204	38cf2c09c0233300	153197426082	0	false	2	153197426083	1	65536
6751209	149280	2463430b73123221	188183819338	0	false	6	188183819343	1	65536
6752704	149312	3027508af2101000	22251483360	0	false	7	22251483366	1	65536
6753580	149332	2b6de8e373121330	79105668204	0	false	1	79105668204	1	65536
6753635	149333	205f45fd92033311	236377958510	0	false	3	236377958512	1	65536
6754728	149357	21bc08ce12012310	197022680494	0	false	11	197022680504	1	65536
6755315	149370	0100343223032302	86084202957	0	false	1	86084202957	1	65536
6755383	149371	02d4f2e1f0103122	178599863630	0	false	6	178599863635	1	65536
6756198	149389	22c905df33111000	159245937326	0	false	2	159245937327	1	65536
6756498	149395	2093f5f731022320	268884037423	0	false	1	268884037423	1	65536
6757321	149414	0324fe8e00003022	58644548562	0	false	20	58644548581	1	65536
6757490	149417	2031d04041032330	267335352531	0	false	2	267335352532	1	65536
6757798	149424	375e3dcc83012000	176374368318	0	false	3	176374368320	1	65536
6758337	149436	0177dc3503103130	49042378784	0	false	1	49042378784	1	65536
6758345	149437	33d20721f2230330	36523513665	0	false	7	36523513671	1	65536
6760537	149485	238a6024d3032010	70554704518	0	false	1	70554704518	1	65536
6760835	149492	04d0130c10032010	76169684159	0	false	2	76169684160	1	65536
6760838	149492	373cfbcf33302100	112452621250	1737313	true	1	112452621250	1	65536
6761840	149513	20a393e7b2002320	271480133049	0	false	3	271480133051	1	65536
6761971	149517	054cdf7a92233100	14068471966	0	false	2	14068471967	1	65536
6762071	149519	03a3302fb0002321	187018324640	0	false	1	187018324640	1	65536
6763136	149543	2032cf2033230030	30532241856	0	false	5	30532241860	1	65536
6764010	149562	2002020022030030	271176204136	0	false	7	271176204142	1	65536
6764042	149562	239e007702012000	259313401852	0	false	1	259313401852	1	65536
6764640	149576	30082c9081301320	54638840572	0	false	5	54638840576	1	65536
6765468	149594	2c23d7d423210010	24869524724	0	false	1	24869524724	1	65536
6765732	149600	2ff5353de3103200	98422289043	0	false	1	98422289043	1	65536
6766449	149616	037edfbfe1023311	16534339544	0	false	1	16534339544	1	65536
6767909	149648	2e7aeba6b0232200	95553288182	0	false	1	95553288182	1	65536
6769262	149678	22bd5ec4f3132331	120125601297	0	false	26	120125601322	1	65536
6770908	149714	353f24d5f1221300	264019266824	0	false	9	264019266832	1	65536
6771814	149734	304bc78df3333210	16904133116	118715	true	1	16904133116	1	65536
6772188	149742	3508103421310000	170169908635	0	false	3	170169908637	1	65536
6774607	149796	2707e0c830003200	65618155909	0	false	20	65618155928	1	65536
6776137	149829	2bf4bd1c31123010	273733884714	0	false	5	273733884718	1	65536
6777239	149854	359d4db6a1201210	184756860663	350134	true	1	184756860663	1	65536
6777380	149857	22f3180070010030	292319993357	0	false	12	292319993368	1	65536
6778964	149893	01f1fa5271333030	271242716810	0	false	4	271242716813	1	65536
6781934	149958	23b59363a0102000	287725750940	0	false	2	287725750941	1	65536
6782265	149965	0103ff54f2223103	284535527996	118715	true	1	284535527996	1	65536
6782411	149968	2f1ebd05d0023220	257736429445	0	false	1	257736429445	1	65536
6783969	150002	249ad67ae3110101	77091004652	65937	true	1	77091004652	1	65536
6784093	150005	3e750298c2003300	167624814630	0	false	6	167624814635	1	65536
6785261	150030	37ee8f13e3001310	211082284754	0	false	8	211082284761	1	65536
6785669	150039	215ab9e7b2233300	203997918145	350134	true	1	203997918145	1	65536
6786726	150062	00383d3f30000320	77432982902	0	false	7	77432982908	1	65536
6787137	150071	209e792d92112111	88748821790	0	false	1	88748821790	1	65536
6787296	150075	09fcf034f3233100	98177632268	0	false	1	98177632268	1	65536
6788046	150091	03297be4a3010300	82021937029	0	false	2	82021937030	1	65536
6791403	150167	2293e502b1233000	99542332859	0	false	13	99542332871	1	65536
6791607	150171	3011d771c3212030	5694264438	0	false	2	5694264439	1	65536
6793973	150224	07fb241eb3031231	258959508513	0	false	3	258959508515	1	65536
6794613	150238	03d33d2832023020	191248878415	0	false	6	191248878420	1	65536
6794829	150243	03d330ecf3333002	273130296525	0	false	3	273130296527	1	65536
6796336	150276	0524b0f780130303	158451878690	0	false	2	158451878691	1	65536
6796491	150279	345000fd11012120	169982046844	0	false	1	169982046844	1	65536
6798172	150316	0123e938a3213120	90952565646	0	false	17	90952565662	1	65536
6798178	150316	39437bd4b0320010	69333709163	1354332	true	7	69333709169	1	65536
6799639	150349	36d36b4010210000	14124181575	0	false	1	14124181575	1	65536
6799841	150353	045f4a41d1211330	158728765469	0	false	12	158728765480	1	65536
6800670	150372	2742c8fb33012000	35961893587	0	false	25	35961893611	1	65536
6801167	150383	2e278ff512110230	97653422576	350134	true	1	97653422576	1	65536
6801350	150387	23847f2003200010	266516831853	0	false	11	266516831863	1	65536
6801737	150396	031e3f1302303012	101921211404	0	false	2	101921211405	1	65536
6803307	150429	2fb41f7a03123210	65842041537	0	false	13	65842041549	1	65536
6803733	150439	20c2374230300100	137900358081	0	false	12	137900358092	1	65536
6804243	150450	068b250a43223012	110753783635	0	false	1	110753783635	1	65536
6806017	150489	25a3671452223300	293246390445	0	false	25	293246390469	1	65536
6807157	150514	330ed08ff3300120	8410402625	0	false	1	8410402625	1	65536
6807195	150515	30e03c1800300020	172392123236	0	false	3	172392123238	1	65536
6807930	150531	309cf0f470302110	190625886206	0	false	16	190625886221	1	65536
6808891	150554	253524e230130130	69026810203	0	false	8	69026810210	1	65536
6809031	150557	00338ab3a3000013	160098790072	0	false	1	160098790072	1	65536
6813926	150665	2353afbea0312210	233939844256	0	false	4	233939844259	1	65536
6814190	150671	20a4d7e482300000	21112877654	0	false	7	21112877660	1	65536
6815857	150708	2f902ce4c2313320	131629131669	370647	true	4	131629131672	1	65536
6816131	150713	279cb30020010130	116125043198	0	false	1	116125043198	1	65536
6817012	150733	2b83458e11200230	147611382847	0	false	3	147611382849	1	65536
6817262	150738	0134df4a01311010	134985298698	0	false	8	134985298705	1	65536
6818918	150775	21f8c8fe70203021	285457861412	0	false	2	285457861413	1	65536
6819522	150788	23cf9615c1021000	158566220978	0	false	3	158566220980	1	65536
6820541	150811	227a4810f0122231	64951354951	0	false	33	64951354983	1	65536
6820796	150817	2090c75931213231	56509927058	0	false	1	56509927058	1	65536
6820815	150817	268b3e7dc2030200	200668437977	0	false	5	200668437981	1	65536
6822717	150860	28d64e93e1122011	163306150221	0	false	1	163306150221	1	65536
6824276	150894	0522b65093220020	154710848648	350134	true	4	154710848651	1	65536
6825923	150931	3af50ca4b3032030	112297089088	0	false	10	112297089097	1	65536
6827279	150961	04cc23ef00300320	65396158988	0	false	1	65396158988	1	65536
6827612	150969	33e14200f0320330	129778088857	0	false	5	129778088861	1	65536
6828100	150979	235bfee413213210	103262401101	0	false	7	103262401107	1	65536
6828785	150995	3c020a0f80310000	144165806183	0	false	2	144165806184	1	65536
6829397	151008	000f402843003330	231688476454	0	false	3	231688476456	1	65536
6829669	151014	252fb05903233110	99285584545	0	false	1	99285584545	1	65536
6830458	151032	03bf7dfe33313032	235392519756	0	false	10	235392519765	1	65536
6830576	151034	0351f4d043200332	60245190703	0	false	1	60245190703	1	65536
6831963	151066	20ef71e0a3022220	198003796228	0	false	2	198003796229	1	65536
6832680	151082	30435c2b31030300	55222113920	0	false	5	55222113924	1	65536
6833423	151098	2a1823a6f2133300	275710342874	0	false	1	275710342874	1	65536
6834100	151113	321d428100131010	230363600458	0	false	11	230363600468	1	65536
6834307	151117	0070478e13010031	258855993591	0	false	1	258855993591	1	65536
6836123	151157	012f0332c2000001	228079663219	0	false	1	228079663219	1	65536
6836403	151164	010a0bafc0310030	17918742812	0	false	10	17918742821	1	65536
6837068	151179	2000f0ff30000100	62617076181	1037780	true	2	62617076182	1	65536
6837845	151196	006b020bc3021322	10563986058	0	false	5	10563986062	1	65536
6839064	151224	204cef5e30233200	157717690493	0	false	10	157717690502	1	65536
6840306	151251	33e7d200c3333020	173305017586	0	false	3	173305017588	1	65536
6842341	151297	2dd43a70f1132120	276396074132	0	false	10	276396074141	1	65536
6842388	151298	38c6ce2fe2323310	9148146408	0	false	4	9148146411	1	65536
6842605	151303	021cef07f0103003	155412864935	0	false	1	155412864935	1	65536
6846070	151380	3470ae5e90102210	38341885863	0	false	9	38341885871	1	65536
6846417	151387	023ffc8000000033	82041530225	338833	true	1	82041530225	1	65536
6848251	151427	02380f7f40100031	231553634604	0	false	1	231553634604	1	65536
6849257	151449	010020fff0303330	163284094532	0	false	10	163284094541	1	65536
6851923	151508	21b6550650230010	160097886444	549396	true	8	160097886451	1	65536
6852975	151532	2d68d20641221220	261012498522	0	false	23	261012498544	1	65536
6853026	151533	21c0de3e72001200	123050188927	0	false	1	123050188927	1	65536
6854880	151575	2c0cfcf371300300	173568576061	0	false	7	173568576067	1	65536
6855026	151578	350dbd1932313010	93558484244	0	false	5	93558484248	1	65536
6855659	151592	014ed83e72032333	74261796906	0	false	1	74261796906	1	65536
6856623	151613	3d4cc840b1020300	294639946146	0	false	2	294639946147	1	65536
6858350	151652	0202cfd4b1330230	4324881671	0	false	7	4324881677	1	65536
6859780	151684	2353e0d691132001	970943266	0	false	1	970943266	1	65536
6862365	151740	02bc3b1dd2200013	236448978236	0	false	9	236448978244	1	65536
6862577	151745	2f18125550320230	32567639598	0	false	1	32567639598	1	65536
6864271	151782	2083f90dc0132330	201285707003	0	false	14	201285707016	1	65536
6864760	151794	202d1fa223233001	189241701895	0	false	51	189241701945	1	65536
6865865	151819	0232f302a2002000	90072502219	118715	true	2	90072502220	1	65536
6867343	151851	20030f03c3002300	11562442051	0	false	12	11562442062	1	65536
6867685	151859	0350d31e00031203	19963808850	0	false	2	19963808851	1	65536
6871918	151951	0174507c01213203	285724737127	0	false	10	285724737136	1	65536
6873015	151975	02f007d4d3030000	267297759139	0	false	1	267297759139	1	65536
6874227	152001	017cf6de40033323	236235118932	0	false	3	236235118934	1	65536
6874468	152006	0dcffff802030020	44694387366	1171512	true	12	44694387377	1	65536
6875709	152034	2929923c41302310	170415273699	0	false	2	170415273700	1	65536
6876840	152059	23d0050823020330	21702594800	0	false	1	21702594800	1	65536
6876879	152059	07900c3fc3300300	11731091476	0	false	9	11731091484	1	65536
6877054	152063	26f0d37c71010130	205801019903	0	false	1	205801019903	1	65536
6878891	152103	2fe2fdcf21031020	214590976497	0	false	6	214590976502	1	65536
6879368	152114	32374c08c0033300	237121560898	0	false	12	237121560909	1	65536
6879370	152114	3002ffcdf0223330	123549813292	0	false	2	123549813293	1	65536
6880545	152140	011a742b73133223	24364928328	0	false	3	24364928330	1	65536
6882215	152176	053f887851110300	132103143903	0	false	17	132103143919	1	65536
6882562	152184	03a67a4003013100	234467696493	0	false	2	234467696494	1	65536
6883502	152205	330b7c38b0030330	175592967681	3	true	1	175592967681	1	65536
6884226	152221	0567aa3293123021	102946126855	350134	true	1	102946126855	1	65536
6884408	152225	292ee861a0220230	138336930641	38	true	1	138336930641	1	65536
6886007	152260	29a03648b3320000	33763726885	0	false	2	33763726886	1	65536
6888266	152309	02072baf70032001	205191488275	140364	true	2	205191488276	1	65536
6889520	152337	011bb524f2310110	170888616238	0	false	2	170888616239	1	65536
6890005	152348	284b407e10113330	245031525423	0	false	14	245031525436	1	65536
6890842	152366	217fad8d20011330	294407998181	0	false	7	294407998187	1	65536
6891530	152382	3616733070012320	125692750501	0	false	4	125692750504	1	65536
6895132	152462	01a5c777e0000213	185189973036	0	false	1	185189973036	1	65536
6895976	152481	2f8818a5b2302100	94828119613	0	false	1	94828119613	1	65536
6896305	152488	23e1d7f8e3132000	196018301521	0	false	1	196018301521	1	65536
6896449	152491	2375e77df1203000	217325593212	0	false	11	217325593222	1	65536
6897536	152514	384200f370200330	111014540075	0	false	18	111014540092	1	65536
6898778	152542	05a63bf562101321	114710142303	350134	true	1	114710142303	1	65536
6898846	152543	03cd4fc430303032	282490160909	0	false	1	282490160909	1	65536
6899276	152553	25306c8c92130130	179354883168	0	false	2	179354883169	1	65536
6900258	152575	177ae38ff2030232	31959058195	0	false	1	31959058195	1	65536
6901502	152603	08209adf90310321	10799878018	0	false	6	10799878023	1	65536
6901695	152607	2733b923b2330200	95528796895	0	false	5	95528796899	1	65536
6902027	152615	27f4357ff2333300	222599623724	0	false	1	222599623724	1	65536
6902067	152615	03f4f08350103330	94649460386	0	false	1	94649460386	1	65536
6902373	152622	007fcd27d3033323	253250001149	0	false	1	253250001149	1	65536
6904172	152662	019cc3f9f0033030	179171054451	0	false	1	179171054451	1	65536
6904603	152672	31f4bf3803023120	225051771693	0	false	2	225051771694	1	65536
6905261	152686	033e4d4a23232003	101502640176	0	false	1	101502640176	1	65536
6905390	152689	378a3ffbf0303300	291947927096	0	false	1	291947927096	1	65536
6905560	152693	039534b420111220	117902866775	0	false	4	117902866778	1	65536
6905812	152698	01c90040f0130030	52411286448	0	false	9	52411286456	1	65536
6906355	152710	16487179e0322221	100521221974	0	false	2	100521221975	1	65536
6906396	152711	266a799d62130210	233789558225	0	false	9	233789558233	1	65536
6906574	152716	2348d10c81033110	282798264479	0	false	5	282798264483	1	65536
6907320	152732	0504804f10302010	134301691979	0	false	2	134301691980	1	65536
6907851	152743	05c3a2d0d1101300	70546296337	0	false	4	70546296340	1	65536
6908014	152746	2853b41372333131	233599570304	140360	true	6	233599570309	1	65536
6909185	152772	35de3dab91230110	77622682451	0	false	1	77622682451	1	65536
6909860	152787	2c0d016a83020230	291232693511	0	false	1	291232693511	1	65536
6910041	152792	02ee5cbd43020120	118357040712	0	false	1	118357040712	1	65536
6910721	152806	04cf4036b3231331	100442735931	0	false	6	100442735936	1	65536
6911141	152815	272b363902032300	104810880335	130005	true	1	104810880335	1	65536
6911584	152826	03cfa0ef82102101	212698283308	0	false	3	212698283310	1	65536
6911766	152830	378930e000202330	257977748021	0	false	4	257977748024	1	65536
6912310	152842	01235c4f02220203	175268724611	0	false	2	175268724612	1	65536
6912587	152848	05ce48a791120230	61562376292	0	false	3	61562376294	1	65536
6915041	152902	261ba588e3210110	282298805508	0	false	1	282298805508	1	65536
6915329	152908	28baefd763312030	89572385450	0	false	3	89572385452	1	65536
6915979	152922	3516006410100010	188848147486	0	false	2	188848147487	1	65536
6917039	152946	30bfe38382222000	63483900831	0	false	1	63483900831	1	65536
6917158	152948	3487bd0f23331000	123074458605	0	false	3	123074458607	1	65536
6917430	152954	24a20ffea3110200	123773887084	0	false	17	123773887100	1	65536
6917814	152963	23cb2231f0000210	238410235912	0	false	3	238410235914	1	65536
6918856	152986	025449cbe1221032	226729665293	0	false	6	226729665298	1	65536
6918895	152987	302ffdc430330300	211517212370	0	false	6	211517212375	1	65536
6920830	153030	304502dc22033330	257015547604	0	false	2	257015547605	1	65536
6921028	153035	000f845f90100300	186623806408	0	false	2	186623806409	1	65536
6921896	153053	057fb32ef0333130	27097809607	0	false	6	27097809612	1	65536
6923339	153086	3cffd323b0333310	10030657042	0	false	3	10030657044	1	65536
6923847	153097	30132ccf20002030	234480896286	0	false	18	234480896303	1	65536
6923957	153099	29dcfb8e30121230	33852245885	0	false	25	33852245909	1	65536
6925969	153144	0be7fe2f23001320	70948395843	0	false	1	70948395843	1	65536
6926324	153152	38d8f03153111020	239328911859	0	false	1	239328911859	1	65536
6927870	153187	2403c3b343032001	270288494342	0	false	8	270288494349	1	65536
6928202	153194	2bf2cdcec0301110	192182504783	0	false	2	192182504784	1	65536
6930528	153245	00242fcf03210033	82576794906	0	false	1	82576794906	1	65536
6931200	153259	25d2f9ef90312200	267406554197	140360	true	1	267406554197	1	65536
6931542	153267	034ff38003101100	130607450958	0	false	4	130607450961	1	65536
6932880	153297	2040080273200110	184848446702	0	false	1	184848446702	1	65536
6934078	153324	32f32ba011203100	105405781458	0	false	13	105405781470	1	65536
6934492	153334	3074b50803333330	221669409600	0	false	1	221669409600	1	65536
6934577	153335	20bbe3bfe3232221	276716771099	0	false	4	276716771102	1	65536
6934702	153338	02076030f3003102	21294404021	0	false	31	21294404051	1	65536
6935132	153348	201675dd81200031	27460056104	0	false	9	27460056112	1	65536
6935300	153351	00038eb220013323	31202520623	0	false	2	31202520624	1	65536
6937126	153391	015f7123f3020312	235817690411	0	false	3	235817690413	1	65536
6938085	153413	20387af0f3031030	46901932588	0	false	29	46901932616	1	65536
6938123	153414	2c91e04103230121	262880908359	0	false	10	262880908368	1	65536
6938230	153416	301c3a3ef3300320	96733394206	0	false	3	96733394208	1	65536
6939195	153438	371c057703033010	164282573929	0	false	4	164282573932	1	65536
6940356	153463	361230e5d3002130	89581759749	0	false	3	89581759751	1	65536
6941436	153487	03408dfc00203030	159472213170	0	false	1	159472213170	1	65536
6941531	153489	00101f35c3201231	270586622423	0	false	1	270586622423	1	65536
6941614	153490	28bebcc892230020	270521254337	0	false	2	270521254338	1	65536
6941708	153492	263afe8030330300	266248635638	0	false	3	266248635640	1	65536
6944270	153550	22d84e3fa3132001	75102822173	0	false	30	75102822202	1	65536
6945120	153569	20720838a1200301	281993768584	0	false	17	281993768600	1	65536
6946086	153590	030400fc70302132	60126922334	0	false	8	60126922341	1	65536
6946233	153594	052632f9b0200022	81443645865	0	false	2	81443645866	1	65536
6947027	153611	03fd132be0132131	1681177184	0	false	3	1681177186	1	65536
6947342	153618	295ec19781330020	115664813693	0	false	1	115664813693	1	65536
6948872	153652	013e80ff70323023	212581863152	0	false	1	212581863152	1	65536
6949334	153662	202f8a8033033000	45784356055	0	false	1	45784356055	1	65536
6951539	153709	2c937fb7f0201330	130573165078	0	false	1	130573165078	1	65536
6953744	153757	03021efc00031000	62230678095	0	false	2	62230678096	1	65536
6954488	153774	03cc72fc00022023	27004742182	0	false	1	27004742182	1	65536
6955662	153800	373f83f0e3133020	136882927168	0	false	4	136882927171	1	65536
6955669	153800	207cfe3f32232330	67755128869	0	false	69	67755128937	1	65536
6956019	153808	26730020f3000030	196784490567	0	false	5	196784490571	1	65536
6956090	153810	03c4ffd431312021	100937281487	0	false	1	100937281487	1	65536
6956145	153811	03e483a3f3310220	282293274618	0	false	1	282293274618	1	65536
6956416	153817	058fb9fa43233323	291130648527	0	false	1	291130648527	1	65536
6956766	153824	2fac0cfdd2303330	69739398788	168519	true	1	69739398788	1	65536
6958466	153861	2418230002231020	164078947202	0	false	1	164078947202	1	65536
6958532	153862	2fb80107d1012220	142869319572	0	false	2	142869319573	1	65536
6958713	153867	08566a5451221221	153978657845	350134	true	1	153978657845	1	65536
6958955	153872	09b7afdf41201222	206672634257	0	false	17	206672634273	1	65536
6959299	153880	21ad32f002112101	126182211967	0	false	1	126182211967	1	65536
6962357	153949	32b1d0e632000130	111278408552	0	false	1	111278408552	1	65536
6962562	153954	2147fb9b90213111	54146311487	0	false	5	54146311491	1	65536
6962656	153956	2229c77bf3330011	230336823823	0	false	18	230336823840	1	65536
6965467	154018	2c6c63eb62110120	108726076854	0	false	1	108726076854	1	65536
6966054	154031	2e5ed3a4c2001311	166182603692	0	false	5	166182603696	1	65536
6966259	154035	0144a6cd02222302	48886872519	0	false	1	48886872519	1	65536
6968374	154082	285331e642001111	281716448697	0	false	6	281716448702	1	65536
6968800	154093	2184d341c1312301	111433508023	0	false	1	111433508023	1	65536
6969391	154106	309bb07a63023200	96635129286	1558	true	1	96635129286	1	65536
6969530	154109	345ff1ed73133330	207736477646	0	false	2	207736477647	1	65536
6971049	154143	04bfc0c780332101	285264825689	0	false	10	285264825698	1	65536
6971423	154151	3059437780203030	19587610418	251415	true	1	19587610418	1	65536
6971551	154154	3373f75fc1032300	176080092529	0	false	10	176080092538	1	65536
6972666	154178	32d4200c33303100	145944748365	0	false	4	145944748368	1	65536
6973743	154202	227433f033003320	49191132342	0	false	1	49191132342	1	65536
6974219	154212	035d2d3373222233	49939538519	140360	true	1	49939538519	1	65536
6974798	154225	0012481810013321	112591274205	0	false	1	112591274205	1	65536
6976001	154251	0030487452003223	236476715163	0	false	2	236476715164	1	65536
6976007	154252	275fc500f2122220	290745379738	0	false	2	290745379739	1	65536
6976927	154272	0663a262b1213120	203411379956	0	false	6	203411379961	1	65536
6978407	154304	2c43cee9f2201120	248699837408	0	false	1	248699837408	1	65536
6981096	154364	0222fff343103213	63249916771	0	false	3	63249916773	1	65536
6981229	154367	01c3eef373011020	79788942061	0	false	1	79788942061	1	65536
6981294	154368	244226eac1010000	170668571461	0	false	1	170668571461	1	65536
6983132	154408	23f373f380303300	151987203369	0	false	1	151987203369	1	65536
6983589	154419	0341ee3ff2132220	25642743727	0	false	6	25642743732	1	65536
6985400	154459	010392f521332000	25566641709	0	false	3	25566641711	1	65536
6987757	154511	354f0e3ed0200210	268277181760	0	false	1	268277181760	1	65536
6987902	154514	024ce0a400223203	136830771790	0	false	1	136830771790	1	65536
6988509	154527	38bdd7c781001020	129893548093	0	false	13	129893548105	1	65536
6989339	154545	30f7de0320333020	119706130030	0	false	1	119706130030	1	65536
6990574	154572	0137de8722113302	89979802655	0	false	9	89979802663	1	65536
6990872	154579	275e29e5a2030310	223349474645	0	false	15	223349474659	1	65536
6992088	154605	35c2460e80030010	280470571670	0	false	1	280470571670	1	65536
6992256	154609	33d5e707d3331130	81151382406	0	false	4	81151382409	1	65536
6993028	154626	00c72df903320121	14067538649	0	false	3	14067538651	1	65536
6994378	154656	2f3c3dc710000300	184611422989	0	false	11	184611422999	1	65536
6994976	154669	0233e22900310220	149308587856	140364	true	4	149308587859	1	65536
6995652	154684	33c43541f3020020	135302969191	154409	true	1	135302969191	1	65536
6996421	154701	09a818ddf2332120	40217289748	0	false	1	40217289748	1	65536
6998242	154742	27d0e8adb2322001	296659716086	0	false	1	296659716086	1	65536
7000281	154787	2082f78300002030	188378871359	0	false	2	188378871360	1	65536
7000567	154793	3658f80713331130	214112578756	0	false	4	214112578759	1	65536
7000956	154801	05a9f56553120121	134317683907	350134	true	1	134317683907	1	65536
7001477	154813	20d10fdfb2311201	256052126135	0	false	6	256052126140	1	65536
7001821	154821	38ef303de1013120	55087684843	0	false	1	55087684843	1	65536
7003101	154849	3e8ff8c7c3301310	217999275652	0	false	10	217999275661	1	65536
7003253	154852	3007ffc3f3331300	18748371242	0	false	7	18748371248	1	65536
7004053	154869	2f8ee0ecf0301300	267661190798	1558	true	1	267661190798	1	65536
7007747	154951	249fa96672300200	31536473336	0	false	16	31536473351	1	65536
7008014	154957	343ab93dc2320120	230079319498	0	false	8	230079319505	1	65536
7008799	154974	01004cc790310030	81101010639	0	false	1	81101010639	1	65536
7009679	154994	35d39c08c0230010	202173109671	0	false	3	202173109673	1	65536
7009998	155001	037f828272231320	21155351193	0	false	6	21155351198	1	65536
7010297	155007	22f4f8ab21100000	189281328295	0	false	7	189281328301	1	65536
7010457	155011	22f0e5e232303300	285017129747	0	false	1	285017129747	1	65536
7010714	155016	29178c0fe1030110	52604237634	0	false	6	52604237639	1	65536
7011173	155027	09907f4ba0202230	139117642077	0	false	11	139117642087	1	65536
7013272	155074	37f83c8fe3111320	170709106313	0	false	5	170709106317	1	65536
7013345	155076	01886362b0312222	244560061931	0	false	7	244560061937	1	65536
7014493	155101	078f8870a0110000	287883168584	292819	true	1	287883168584	1	65536
7014730	155106	30d0f9ef50320200	37998988348	0	false	2	37998988349	1	65536
7017201	155160	328bfccff3320320	70099266226	0	false	1	70099266226	1	65536
7017651	155170	2e70333081300000	236496564118	0	false	2	236496564119	1	65536
7019216	155205	377cc0d7b0331300	132557554232	0	false	9	132557554240	1	65536
7019547	155212	30178fa081010010	72250732636	0	false	5	72250732640	1	65536
7019706	155216	378073fb91313300	290151458419	0	false	1	290151458419	1	65536
7022553	155279	34cfe2fff1312020	138815636911	0	false	1	138815636911	1	65536
7022804	155285	3c299491c1103300	241199610157	140364	true	6	241199610162	1	65536
7024197	155316	240ff4c0a0332100	173127789576	0	false	1	173127789576	1	65536
7025776	155351	03ff610930003130	292270055510	0	false	1	292270055510	1	65536
7026405	155365	3e03803e30000000	72591603500	1926105	true	1	72591603500	1	65536
7026700	155371	254cd3ff83302300	22969046834	0	false	2	22969046835	1	65536
7026831	155374	3750fd1051020320	153537541749	0	false	27	153537541775	1	65536
7027707	155393	023ef397f3312112	179213829528	0	false	4	179213829531	1	65536
7028571	155412	303c023dc3300000	107248216423	1699054	true	1	107248216423	1	65536
7029666	155436	01d5374a43333020	145459614427	0	false	7	145459614433	1	65536
7032464	155498	27030000e3000000	168852754575	0	false	15	168852754589	1	65536
7032631	155502	004d371271300301	249995375560	0	false	2	249995375561	1	65536
7032695	155503	05be37c691012012	149838135987	0	false	13	149838135999	1	65536
7033468	155520	3142952f23212310	144979658885	0	false	2	144979658886	1	65536
7033655	155524	0271149141301203	139257025752	0	false	21	139257025772	1	65536
7034247	155537	313034baf0221030	162538047542	140360	true	2	162538047543	1	65536
7034502	155543	2741092fd2030100	98464894778	0	false	7	98464894784	1	65536
7036142	155579	23654a63d2223211	2507039849	350134	true	1	2507039849	1	65536
7036174	155580	03610540b2300331	28366551936	0	false	1	28366551936	1	65536
7036602	155590	261d0b8ed1023230	16170916447	0	false	3	16170916449	1	65536
7037248	155604	273e7ffc00010131	247015675541	0	false	3	247015675543	1	65536
7037864	155618	30c405ef23333310	37952363127	0	false	14	37952363140	1	65536
7038544	155632	0205348a70230110	169032945213	0	false	10	169032945222	1	65536
7043364	155737	03414f50c1021033	78744905942	0	false	1	78744905942	1	65536
7043573	155742	2710e38bb3310300	272302645712	0	false	2	272302645713	1	65536
7043867	155748	20104bc0b3301030	146051927441	1	true	1	146051927441	1	65536
7044323	155759	2e37a8c003330000	8895918037	1442432	true	3	8895918039	1	65536
7045238	155779	0a2ee9a882221000	127717507308	0	false	2	127717507309	1	65536
7045245	155779	26a20ba851222021	278275185947	0	false	1	278275185947	1	65536
7046199	155800	2f7f2a5320333300	240174596303	0	false	4	240174596306	1	65536
7046296	155802	220c923390120330	89789301445	0	false	2	89789301446	1	65536
7047319	155825	23968e6af1023131	32242761079	0	false	2	32242761080	1	65536
7047425	155828	28f77fb1f2103210	74126292809	0	false	2	74126292810	1	65536
7048247	155846	209c7999f2201101	184228521581	0	false	1	184228521581	1	65536
7049945	155883	02383af030330000	206461316164	1978966	true	1	206461316164	1	65536
7050279	155891	028bff4071032320	224632608302	0	false	3	224632608304	1	65536
7050527	155896	0b7e0c3803303201	119668163418	0	false	4	119668163421	1	65536
7051765	155923	00084031e2232312	55546119221	0	false	7	55546119227	1	65536
7052012	155928	303bc382e0302000	162829018869	0	false	3	162829018871	1	65536
7053848	155970	233ffcfd41303000	178883891065	0	false	8	178883891072	1	65536
7054670	155988	33af01f9a0203100	116128510580	0	false	2	116128510581	1	65536
7054854	155992	0229392fd3002302	39040364617	0	false	3	39040364619	1	65536
7055137	155998	3484df82f2030130	46136168226	0	false	4	46136168229	1	65536
7055439	156005	0740156ca1331201	76687706068	1	true	1	76687706068	1	65536
7056717	156033	2410ffbf33202010	102544662289	0	false	3	102544662291	1	65536
7056739	156033	0ff3003f03202001	127182184454	0	false	2	127182184455	1	65536
7057356	156047	047fc78670020332	112970048574	0	false	36	112970048609	1	65536
7057361	156047	226d2c02e2211011	110593276521	0	false	2	110593276522	1	65536
7057890	156059	25dc1f75e3000130	134955155347	0	false	3	134955155349	1	65536
7059406	156092	03ab4a38c2123323	36456691562	0	false	1	36456691562	1	65536
7059684	156098	2642b41992231321	114203698196	0	false	23	114203698218	1	65536
7060616	156119	2303bfeab0231031	177235347427	0	false	1	177235347427	1	65536
7060685	156121	3cd303ced0302030	4856543553	0	false	3	4856543555	1	65536
7060755	156122	007c9dc953033013	86230449598	0	false	3	86230449600	1	65536
7062559	156162	3030f0cff1310010	286903369437	0	false	2	286903369438	1	65536
7063409	156181	28dfbcd813013210	283525239409	0	false	6	283525239414	1	65536
7063713	156187	338d74c403333310	244850246320	401252	true	7	244850246326	1	65536
7064172	156198	00272eb8d3323230	255979192682	0	false	2	255979192683	1	65536
7066248	156242	03ff991053300133	58469917466	0	false	7	58469917472	1	65536
7067072	156260	2404078f52212200	226280141844	0	false	22	226280141865	1	65536
7067262	156265	027e8a3f50020300	123640645803	0	false	7	123640645809	1	65536
7068460	156292	2cba475d31000000	217851718180	0	false	1	217851718180	1	65536
7069873	156323	337def8c00001200	93312215994	0	false	3	93312215996	1	65536
7070801	156343	3801658011011200	255197055967	0	false	1	255197055967	1	65536
7071145	156351	2ae7d40313332120	95484852474	0	false	8	95484852481	1	65536
7071653	156362	03be834001020320	121767706425	0	false	2	121767706426	1	65536
7072822	156388	27230dd410001031	250999896960	0	false	1	250999896960	1	65536
7072968	156391	27dfff3633013311	281479611675	0	false	5	281479611679	1	65536
7074385	156423	00d48e20a3301220	249167078988	0	false	1	249167078988	1	65536
7074450	156424	3de3f0f000023300	206234709485	0	false	1	206234709485	1	65536
7079203	156527	01fc383cc3312020	49060905359	0	false	1	49060905359	1	65536
7079458	156532	0303bc1ff0330031	261610414114	0	false	1	261610414114	1	65536
7080327	156551	30e3c240c0203020	110927713267	140360	true	4	110927713270	1	65536
7081814	156584	003e78c8a0033303	6064028001	0	false	3	6064028003	1	65536
7083701	156625	2b4e815f91322121	228325445452	350134	true	1	228325445452	1	65536
7084224	156637	0e7d0c92a0233100	81964530335	0	false	2	81964530336	1	65536
7084757	156649	01d49c75e0332302	29532712309	0	false	2	29532712310	1	65536
7085264	156660	07d074dd60301020	264214208042	0	false	2	264214208043	1	65536
7087523	156711	03388153f2112230	147428723665	0	false	2	147428723666	1	65536
7088550	156734	2433a1c7b2333210	44330469920	0	false	2	44330469921	1	65536
7089972	156765	21163a63a0122101	187465708746	0	false	3	187465708748	1	65536
7090093	156767	0235245eb2233031	6410493111	0	false	1	6410493111	1	65536
7090097	156767	02efa208d0113203	112673442157	0	false	4	112673442160	1	65536
7091342	156794	012c00ac72000312	237179130659	0	false	6	237179130664	1	65536
7091380	156795	07834df741212012	262274313085	0	false	2	262274313086	1	65536
7092017	156809	00234cd033313032	19618927466	0	false	1	19618927466	1	65536
7092077	156810	25d1007df0300110	218066136346	0	false	4	218066136349	1	65536
7094795	156871	3089f1d0e1030130	290616677313	0	false	1	290616677313	1	65536
7095802	156893	207524d001103001	140782271629	0	false	1	140782271629	1	65536
7096438	156907	03a7f00543233321	280665337985	0	false	10	280665337994	1	65536
7097148	156923	23614000f0201001	3658654710	0	false	1	3658654710	1	65536
7098246	156947	020c0e4513100120	108228369211	140360	true	1	108228369211	1	65536
7098633	156955	0608c2df63330011	238613777983	0	false	1	238613777983	1	65536
7101227	157012	2d3b0940d0102010	90271388150	0	false	1	90271388150	1	65536
7103323	157059	204d3f3432332000	34350580139	118715	true	1	34350580139	1	65536
7104296	157080	203d3e1822103020	403665837	0	false	9	403665845	1	65536
7105212	157101	23890490c2001101	273452812716	0	false	2	273452812717	1	65536
7108219	157167	2777bcc073222230	296971086633	0	false	13	296971086645	1	65536
7108362	157170	2d2a0163e0000100	24775645440	0	false	13	24775645452	1	65536
7110815	157225	0082ec3cf3333200	235786613268	0	false	2	235786613269	1	65536
7116559	157355	0373413270012032	275872445143	0	false	1	275872445143	1	65536
7116592	157355	237f483032013301	275619985252	0	false	1	275619985252	1	65536
7117094	157366	21fc3c4840033000	230639537360	0	false	12	230639537371	1	65536
7117653	157379	2ff6a28f52013320	227082743388	0	false	4	227082743391	1	65536
7118155	157390	24d247f4d2030010	174732704090	0	false	3	174732704092	1	65536
7119311	157416	03c8fc20f0303233	168158928478	336163	true	1	168158928478	1	65536
7119969	157431	303f00f8f0300030	31049174761	40	true	1	31049174761	1	65536
7120269	157437	03cdb143c3333300	175111643118	0	false	5	175111643122	1	65536
7120588	157444	073ac17ef3121232	200030506451	0	false	1	200030506451	1	65536
7120712	157447	2f36f24820003300	279244379215	627526	true	1	279244379215	1	65536
7120811	157449	033d459b63302222	259599104819	0	false	2	259599104820	1	65536
7120816	157449	33ca2ae7a0101000	16398442957	0	false	6	16398442962	1	65536
7120959	157452	31d75ec020120200	235358517528	0	false	17	235358517544	1	65536
7122143	157479	28fcc0e733133300	55701383493	1844185	true	7	55701383499	1	65536
7123612	157511	33485effc2200000	117596323078	0	false	1	117596323078	1	65536
7124288	157526	31f231f101100330	224307127630	0	false	3	224307127632	1	65536
7124688	157535	0303bfff32310302	269953205408	0	false	3	269953205410	1	65536
7125753	157559	0b83ba4990112331	277948081294	0	false	3	277948081296	1	65536
7125918	157562	2f97e5d273230200	86794435663	0	false	5	86794435667	1	65536
7126350	157572	37543dcc41122230	283856160901	0	false	16	283856160916	1	65536
7126411	157573	03cb7ccef1030333	149761121459	0	false	2	149761121460	1	65536
7126995	157586	010cf943f0033010	102496995761	0	false	5	102496995765	1	65536
7127224	157591	0304e23dd3120303	21906089148	0	false	22	21906089169	1	65536
7128264	157614	2c003f10d0001330	2466935558	0	false	4	2466935561	1	65536
7128896	157628	028bcaa643321230	65222098973	0	false	2	65222098974	1	65536
7129867	157650	2465c79350103221	260920595249	0	false	8	260920595256	1	65536
7131068	157677	236598e1e1301221	226077415395	0	false	29	226077415423	1	65536
7131211	157680	037d059001131322	130975247770	0	false	4	130975247773	1	65536
7131591	157688	2040e28642111101	179820804294	0	false	1	179820804294	1	65536
7132986	157719	2536909d21321321	59858995840	350134	true	1	59858995840	1	65536
7133152	157723	01cd9d6023030130	294798909298	0	false	1	294798909298	1	65536
7133253	157725	373e0532f0303020	284629929290	292852	true	1	284629929290	1	65536
7134052	157743	2003208320300300	123378156959	1925978	true	1	123378156959	1	65536
7135173	157768	3017cd3520300000	114524776092	0	false	2	114524776093	1	65536
7135289	157771	3202e30bc3030000	169739079715	0	false	7	169739079721	1	65536
7135362	157773	021c8cf4e2001120	285285382036	0	false	1	285285382036	1	65536
7135405	157774	3779cfce30013030	98337911581	0	false	14	98337911594	1	65536
7136134	157789	07dcbf40f1333213	163791572666	0	false	2	163791572667	1	65536
7136707	157802	2d011f4723320000	180513748960	0	false	3	180513748962	1	65536
7137845	157828	37bf792333320030	282085308690	0	false	1	282085308690	1	65536
7138572	157844	023a4e00c0332331	291713985032	0	false	1	291713985032	1	65536
7139230	157858	2bb853bce1021110	270421457422	0	false	3	270421457424	1	65536
7139652	157867	237df44170301110	101190999278	0	false	4	101190999281	1	65536
7140817	157894	33cd0e4531323030	203784497201	0	false	7	203784497207	1	65536
7141434	157907	21aa73f0f3330320	225796599067	0	false	1	225796599067	1	65536
7141610	157911	0033370e30122030	238893068797	0	false	3	238893068799	1	65536
7144127	157968	03e007ff72332331	48556117255	1282124	true	2	48556117256	1	65536
7144186	157969	34906de893322000	266989976881	0	false	2	266989976882	1	65536
7145184	157991	33333fff30033330	103898511691	0	false	18	103898511708	1	65536
7146243	158015	048d3c13e1031030	76044236761	0	false	2	76044236762	1	65536
7147131	158034	23813430a3303331	277764083965	0	false	10	277764083974	1	65536
7148331	158060	25123ae271332010	27279782425	0	false	2	27279782426	1	65536
7149607	158089	39e3a20be0023300	6017063089	0	false	5	6017063093	1	65536
7149663	158090	0030319ff0001330	125569558	0	false	36	125569593	1	65536
7150309	158104	30d0beb920023300	236660213960	0	false	2	236660213961	1	65536
7150360	158105	00d3fdfc20131200	182777994716	0	false	4	182777994719	1	65536
7152241	158147	23bc2fc4a3301330	24254269543	0	false	69	24254269611	1	65536
7152380	158150	01884d6ba3113223	259562174959	0	false	12	259562174970	1	65536
7153322	158170	23e8823b70303000	93633244127	0	false	2	93633244128	1	65536
7154928	158205	2400702733313030	33856701445	0	false	3	33856701447	1	65536
7155893	158227	38182414f1023310	168872835347	0	false	24	168872835370	1	65536
7158164	158278	0def727480013010	269118325739	0	false	26	269118325764	1	65536
7158283	158280	03483c0240200333	692636111	0	false	13	692636123	1	65536
7160101	158321	2331473531030001	183979497577	0	false	2	183979497578	1	65536
7160170	158323	203e94da83132031	26731919466	0	false	7	26731919472	1	65536
7160234	158324	0020c49883230303	173890556785	0	false	1	173890556785	1	65536
7160439	158328	2ccfcf2000230330	179537244480	0	false	3	179537244482	1	65536
7160871	158338	30dc89ff33003300	62807427111	0	false	5	62807427115	1	65536
7161456	158351	029b9f4180000100	186249914411	0	false	8	186249914418	1	65536
7162185	158367	3b875e57a2011100	55066105094	0	false	20	55066105113	1	65536
7163422	158395	250c240141303001	39959867291	0	false	1	39959867291	1	65536
7164824	158426	03dff820f3012300	215843567992	0	false	4	215843567995	1	65536
7165833	158448	01020c8003000000	289953972048	2099160	true	1	289953972048	1	65536
7166186	158456	233cffd403010300	174518482441	0	false	2	174518482442	1	65536
7166551	158464	27b0cb7511020100	33018803971	0	false	1	33018803971	1	65536
7166856	158471	2c435033f1033030	217853241971	0	false	3	217853241973	1	65536
7167068	158475	203e083af2231010	188298890737	0	false	2	188298890738	1	65536
7167673	158489	38698fd3a3013320	133468721346	0	false	8	133468721353	1	65536
7169794	158535	2309f30203320201	33955873192	0	false	3	33955873194	1	65536
7172042	158585	34cfbfbf23001000	130580583016	0	false	1	130580583016	1	65536
7172087	158586	0b3655e9d0032001	102039458069	0	false	1	102039458069	1	65536
7172681	158599	20ff3c88c0223100	262649424426	0	false	1	262649424426	1	65536
7172892	158604	383a0eea02003230	19389990283	0	false	1	19389990283	1	65536
7173615	158620	37a4fd8f72130100	10405317123	0	false	9	10405317131	1	65536
7176182	158677	308509f193031300	257573460214	63032	true	12	257573460225	1	65536
7176360	158681	30fff4cf30123300	189660257309	2154480	true	1	189660257309	1	65536
7176803	158691	2b0b7dff02100300	244240330176	0	false	5	244240330180	1	65536
7177461	158706	234308fc00201310	40658532422	292852	true	3	40658532424	1	65536
7177666	158710	074036cdf3333302	131960221681	292824	true	1	131960221681	1	65536
7177994	158717	010e00e300320000	296916024806	0	false	2	296916024807	1	65536
7179437	158749	28c34ce4d3132100	218743340058	0	false	6	218743340063	1	65536
7182384	158813	01145c08a3323203	141228722822	0	false	7	141228722828	1	65536
7182933	158826	010012f220222101	84264797466	0	false	42	84264797507	1	65536
7184153	158853	23211d1f10312310	203051232679	0	false	2	203051232680	1	65536
7184307	158856	2b5bd3df03301200	91127358116	0	false	6	91127358121	1	65536
7184413	158859	2efc3f2f02302030	83385430380	0	false	1	83385430380	1	65536
7185074	158873	3e9ef90003323300	42935760372	0	false	16	42935760387	1	65536
7185563	158884	32e873dfd3330100	220042199618	0	false	12	220042199629	1	65536
7186615	158908	29e7890080023310	200675984007	0	false	1	200675984007	1	65536
7187159	158920	317fc0f3f1000130	121869319265	140360	true	3	121869319267	1	65536
7187464	158927	0393400fb1001023	1924230212	0	false	4	1924230215	1	65536
7187812	158935	230bc82032000330	92069433859	0	false	8	92069433866	1	65536
7188683	158954	014fbf5083302313	153364928740	0	false	1	153364928740	1	65536
7189492	158972	2117a4e5e3220320	15038104691	292852	true	1	15038104691	1	65536
7191603	159019	3cc4fe8ce0023300	11467779532	0	false	2	11467779533	1	65536
7192635	159043	0204121520300133	93050502982	174718	true	2	93050502983	1	65536
7192878	159048	2efaefaef2232010	202183632424	3	true	1	202183632424	1	65536
7194398	159082	2b93dd84f2022211	251140185633	0	false	2	251140185634	1	65536
7195639	159110	271752cdd3003330	16799597155	0	false	9	16799597163	1	65536
7195706	159111	02ccf009c3313300	146384081935	0	false	4	146384081938	1	65536
7196785	159135	03300fc082300130	28139550378	0	false	2	28139550379	1	65536
7197443	159149	20fc06ef70023300	182295049173	0	false	15	182295049187	1	65536
7197716	159155	008deda022121100	167606933040	0	false	7	167606933046	1	65536
7197953	159160	04931f8b01230300	274526448697	0	false	7	274526448703	1	65536
7199694	159199	20fb003ce2131200	286863294324	0	false	1	286863294324	1	65536
7199777	159201	3c3500f370300330	252448863052	0	false	1	252448863052	1	65536
7200005	159206	22a8fd0032320200	30506833223	0	false	1	30506833223	1	65536
7200699	159221	020fffa000030203	247651368522	0	false	5	247651368526	1	65536
7201181	159232	21494c0f30330330	257523496319	0	false	2	257523496320	1	65536
7201979	159249	2ad0c33703001310	60293033400	0	false	6	60293033405	1	65536
7202420	159259	01a786f161103123	3572877600	0	false	3	3572877602	1	65536
7202947	159271	06493e6972212121	233776004427	0	false	4	233776004430	1	65536
7204167	159297	2208f06540302100	179270383269	0	false	1	179270383269	1	65536
7205328	159323	201d38b450230230	207914606236	0	false	17	207914606252	1	65536
7205491	159327	317803e7c3100010	248863543540	0	false	4	248863543543	1	65536
7206223	159343	243c773af0103101	136376213368	0	false	20	136376213387	1	65536
7210875	159445	20328cf402033000	273525619535	0	false	1	273525619535	1	65536
7211820	159466	03340bc323123030	14902896112	123640	true	1	14902896112	1	65536
7212591	159484	026d8f5f83302331	32082019975	0	false	7	32082019981	1	65536
7213050	159494	373ffe3841103220	252922206198	0	false	1	252922206198	1	65536
7213069	159494	01208af7f0213323	60462485121	0	false	11	60462485131	1	65536
7213869	159512	24cfffc231321300	186788490330	0	false	1	186788490330	1	65536
7213871	159512	386d068df0003310	290790768710	0	false	3	290790768712	1	65536
7215236	159542	07c01cbde0030001	136325028078	0	false	1	136325028078	1	65536
7218114	159605	26337e8331000020	127427760314	0	false	1	127427760314	1	65536
7219388	159633	27631cfeb3301230	105487796056	0	false	1	105487796056	1	65536
7222265	159697	065e3f7d31310303	153094018202	0	false	1	153094018202	1	65536
7222328	159698	03ffddc3d3233331	277462391630	0	false	1	277462391630	1	65536
7222682	159706	083993a5b2331211	70594750592	38	true	1	70594750592	1	65536
7223242	159718	2220023ba1332300	296476454772	118715	true	1	296476454772	1	65536
7223470	159723	26807541f1001301	70600114120	0	false	6	70600114125	1	65536
7224196	159740	2b0d7cff23000210	237731574530	0	false	1	237731574530	1	65536
7224385	159744	23bd41d800022020	237583290793	0	false	3	237583290795	1	65536
7226582	159794	0320f14300321230	259769074764	0	false	1	259769074764	1	65536
7227035	159804	20fcc39000130030	291042000328	140360	true	1	291042000328	1	65536
7229922	159869	337a0f5341201310	178734076661	0	false	3	178734076663	1	65536
7230038	159871	00209c2201000000	68495121227	0	false	4	68495121230	1	65536
7230484	159881	01c82273a0320020	124090009138	0	false	1	124090009138	1	65536
7230630	159884	343b0db850233010	282013913947	0	false	2	282013913948	1	65536
7231990	159914	03003dfc41000303	190013272190	0	false	9	190013272198	1	65536
7233411	159945	0200c70170101032	216690266469	0	false	2	216690266470	1	65536
7233626	159950	300f3c0820322330	252357549728	0	false	10	252357549737	1	65536
7234342	159966	2e0fe2cf20010330	112795653305	0	false	1	112795653305	1	65536
7235494	159992	3984edf622003200	233219559042	0	false	2	233219559043	1	65536
7235877	160000	074dfa7633331300	214512764251	0	false	2	214512764252	1	65536
7235892	160000	380888a263231030	196905039283	0	false	2	196905039284	1	65536
7237429	160035	25097da271222110	72707374579	350134	true	1	72707374579	1	65536
7237848	160045	20cc4cd122132301	151093080124	0	false	1	151093080124	1	65536
7237916	160046	01dc13dcc1331311	362751252	0	false	11	362751262	1	65536
7238150	160051	3074a3fb31320100	22059413811	292852	true	1	22059413811	1	65536
7238764	160065	3034ec0d32020330	252865062251	0	false	2	252865062252	1	65536
7239834	160089	3774d3b790331320	55140378074	0	false	2	55140378075	1	65536
7240003	160092	064fdf4901311303	114098159212	0	false	2	114098159213	1	65536
7241195	160119	00400733e3033333	285919945942	0	false	1	285919945942	1	65536
7241521	160126	2f710239e3133300	115391553111	0	false	5	115391553115	1	65536
7242694	160152	33cb3cfeb1033100	64586454412	0	false	7	64586454418	1	65536
7243399	160167	30448e3af0203120	157266221388	0	false	1	157266221388	1	65536
7243515	160170	2380011fa0100000	59590749371	0	false	4	59590749374	1	65536
7244688	160196	348df1e530333300	272652638913	0	false	3	272652638915	1	65536
7245966	160224	07e3b37fc2333100	6941122420	0	false	7	6941122426	1	65536
7247246	160253	3003f3c500031000	231657901721	0	false	9	231657901729	1	65536
7247373	160256	00a25d53a3013003	180983655770	0	false	31	180983655800	1	65536
7248687	160285	20fbe65ce2303320	170726354513	0	false	1	170726354513	1	65536
7249589	160305	074d148941221201	10820296263	350134	true	2	10820296264	1	65536
7250859	160333	2be5153f72031200	171131140282	0	false	1	171131140282	1	65536
7251940	160357	20ce690ec2303210	135571007810	0	false	3	135571007812	1	65536
7252068	160360	228ded4fd3310200	96353291028	0	false	7	96353291034	1	65536
7256857	160465	3382f8d3f0030010	116571796789	0	false	2	116571796790	1	65536
7257089	160470	26bd27bef1033320	26692468675	0	false	2	26692468676	1	65536
7258322	160497	02a09e7310002302	88326444816	0	false	7	88326444822	1	65536
7260136	160537	02d740d000211120	132005052780	0	false	3	132005052782	1	65536
7261157	160560	020e40a7f3110030	17898729892	0	false	2	17898729893	1	65536
7261631	160571	377fc43ff2131300	98917972321	0	false	7	98917972327	1	65536
7261859	160576	0daf7a7e20102202	247815993150	0	false	15	247815993164	1	65536
7262030	160580	220dfbd260212330	32852699626	38	true	1	32852699626	1	65536
7263412	160610	02074381e3231000	193882367170	0	false	6	193882367175	1	65536
7263932	160622	014cd7ff42020203	161010977746	0	false	12	161010977757	1	65536
7264136	160627	02229cb820323000	30650425166	0	false	3	30650425168	1	65536
7264431	160633	205c8223f1331011	113454861757	0	false	1	113454861757	1	65536
7264833	160642	2037e02b71320330	81175598697	0	false	1	81175598697	1	65536
7265278	160652	03d5cc3fe2200330	41265377894	0	false	11	41265377904	1	65536
7265391	160655	219eff0cd0333000	98681334619	0	false	3	98681334621	1	65536
7265482	160657	2bc8270542000301	74899973466	0	false	2	74899973467	1	65536
7267777	160707	03c73337a0011011	75983247639	0	false	9	75983247647	1	65536
7268088	160715	020340a040003320	32472448893	2035343	true	4	32472448896	1	65536
7269070	160737	2200d210e0021301	269024063371	0	false	1	269024063371	1	65536
7269322	160742	2072fc5c83032001	233136023943	0	false	1	233136023943	1	65536
7271480	160790	2fff3dec81333000	265264082873	0	false	6	265264082878	1	65536
7271874	160799	020a498ef3022312	207849395862	0	false	1	207849395862	1	65536
7272080	160804	2fc3c0dcf3000101	134263173498	0	false	2	134263173499	1	65536
7272634	160817	2fe3c24171223230	195643589305	0	false	4	195643589308	1	65536
7273082	160826	20c9771fa1333311	42429805041	0	false	1	42429805041	1	65536
7273461	160835	023247aeb0202021	274681280408	140360	true	2	274681280409	1	65536
7276256	160897	2030fcc2f3030200	272221701478	140360	true	1	272221701478	1	65536
7277162	160917	00505cd1f3333003	83178109664	0	false	4	83178109667	1	65536
7277307	160920	27c3388871303100	246862629234	140360	true	1	246862629234	1	65536
7279422	160967	25cfb47c03233000	145429785658	0	false	4	145429785661	1	65536
7279488	160969	034c8f0403331303	179565858895	0	false	21	179565858915	1	65536
7280237	160985	303d4e15c0023000	257725381990	0	false	11	257725382000	1	65536
7281680	161017	0adf9fc903203120	262053236218	0	false	1	262053236218	1	65536
7281682	161017	039c3e7020213130	86520942539	0	false	3	86520942541	1	65536
7281741	161018	3d1fcd5400233220	148869149002	0	false	1	148869149002	1	65536
7281861	161021	24ebbdc122113021	96499579305	0	false	3	96499579307	1	65536
7283189	161050	010fe9e6e3230223	8062301478	0	false	15	8062301492	1	65536
7283310	161053	30f4ac7ff0312110	279199160962	0	false	1	279199160962	1	65536
7283652	161060	07e10c2070120121	141140226643	0	false	8	141140226650	1	65536
7284503	161079	30fcffc523020000	50168687451	0	false	5	50168687455	1	65536
7284981	161090	2134064673203110	39332019293	350134	true	1	39332019293	1	65536
7290267	161206	020baf8801220033	9992021487	0	false	3	9992021489	1	65536
7291943	161243	277ebdd571330000	11747336701	0	false	2	11747336702	1	65536
7293153	161270	2fbf423400333010	194537384667	0	false	6	194537384672	1	65536
7293541	161279	0d4943ed20210100	135025277051	0	false	19	135025277069	1	65536
7296088	161335	2fb2e465a1102330	23830381099	350134	true	1	23830381099	1	65536
7297015	161355	2500926211103301	50772905745	0	false	1	50772905745	1	65536
7299661	161413	337fa3be31331030	234049258242	0	false	3	234049258244	1	65536
7301119	161445	012d2be3b3230330	105849793819	0	false	8	105849793826	1	65536
7301407	161452	27f427e043233201	259146507274	0	false	35	259146507308	1	65536
7302084	161467	0258e25901233220	98644268681	0	false	6	98644268686	1	65536
7305235	161538	013148c210330010	136563687050	0	false	7	136563687056	1	65536
7305521	161544	3282048a43030000	254927012049	0	false	4	254927012052	1	65536
7306263	161561	030d04b773002220	33148081140	0	false	1	33148081140	1	65536
7307347	161584	2367ac49e0001321	122178190022	0	false	3	122178190024	1	65536
7307869	161596	23703fd7f0003320	267011439012	0	false	45	267011439056	1	65536
7307956	161597	3341d5d000231120	243411620961	0	false	1	243411620961	1	65536
7309612	161635	25bc988511331300	191735404594	0	false	1	191735404594	1	65536
7310051	161645	0116bbe770121012	286812901489	350134	true	3	286812901491	1	65536
7310085	161646	30002c4c11011200	255019782466	0	false	1	255019782466	1	65536
7310670	161659	03a2082463023033	185678990132	0	false	15	185678990146	1	65536
7310718	161660	2f833ac203323200	290682493676	0	false	5	290682493680	1	65536
7311031	161667	059baec0d1011111	112967486917	0	false	1	112967486917	1	65536
7311234	161671	240a7eae20301100	165946224815	0	false	1	165946224815	1	65536
7311996	161688	0337cb2f10103322	248709001646	63032	true	2	248709001647	1	65536
7312803	161706	2431bfd401201210	125288134520	0	false	14	125288134533	1	65536
7313022	161711	2c40d03521003110	193585544329	0	false	1	193585544329	1	65536
7313150	161714	383e34a393012020	104105755498	0	false	12	104105755509	1	65536
7313787	161728	395fc7cfa3203100	217557939226	0	false	4	217557939229	1	65536
7314345	161740	03af374023010303	194890563910	0	false	1	194890563910	1	65536
7314842	161752	321f50d241203320	191222500676	0	false	10	191222500685	1	65536
7317277	161805	20c337f2b0000300	274084429797	0	false	2	274084429798	1	65536
7318161	161825	013cfcbf03233320	568847004	0	false	24	568847027	1	65536
7318714	161837	27d7f91ee3312210	105791583794	0	false	3	105791583796	1	65536
7319920	161863	203e342411330331	68104069964	116494	true	2	68104069965	1	65536
7320155	161869	26ef829751222111	161475473424	0	false	2	161475473425	1	65536
7322875	161929	333f7ffc33030330	295362202093	3	true	1	295362202093	1	65536
7323411	161941	0064cd43c3303300	19601153225	0	false	1	19601153225	1	65536
7323645	161946	2000b8ed70032101	288965341227	0	false	2	288965341228	1	65536
7324838	161973	257a7ac0a2212230	211210826559	0	false	6	211210826564	1	65536
7326273	162005	03cd50dfe1313320	130702813178	0	false	2	130702813179	1	65536
7326480	162009	200fed3012100010	228700799451	0	false	21	228700799471	1	65536
7328926	162062	0d05e8e142001022	7617144959	0	false	5	7617144963	1	65536
7329537	162076	03530140c2011303	66298967967	0	false	1	66298967967	1	65536
7330044	162087	23240e0b03333020	83748135651	0	false	19	83748135669	1	65536
7330281	162092	210c524723120121	235970664160	168430	true	1	235970664160	1	65536
7331275	162114	02e34d2c22300230	261374036442	0	false	3	261374036444	1	65536
7332312	162138	23ea089fb1031101	211576989013	0	false	1	211576989013	1	65536
7333195	162157	23f5cc52a1221221	217290893293	0	false	7	217290893299	1	65536
7334000	162174	24f3734230033210	196107729257	0	false	15	196107729271	1	65536
7334071	162176	3f8093bb11113300	168349619671	0	false	2	168349619672	1	65536
7336034	162220	27e2f7dcc3301311	145044042855	0	false	14	145044042868	1	65536
7337708	162257	027f77adc1110003	34776979311	0	false	2	34776979312	1	65536
7337919	162261	2ebc6bbd23000000	267920710597	0	false	3	267920710599	1	65536
7339201	162289	0950965322113210	30049857611	0	false	3	30049857613	1	65536
7339871	162304	34784d06f3013210	104473074945	0	false	5	104473074949	1	65536
7340322	162314	322f04ccf1232200	220501912234	0	false	8	220501912241	1	65536
7340773	162324	2392f0bf32020010	578570177	118715	true	1	578570177	1	65536
7340827	162326	252965b4f2100120	227159556413	388303	true	2	227159556414	1	65536
7341637	162343	3ba18a3430300310	254549925284	0	false	8	254549925291	1	65536
7342335	162359	37d0c8d3a0013200	289557650296	1558	true	33	289557650328	1	65536
7342537	162364	26585b04f0333220	168928948824	0	false	20	168928948843	1	65536
7343723	162390	21694a8d51032110	164779608102	0	false	1	164779608102	1	65536
7344459	162407	01904852f2233102	267648743434	0	false	6	267648743439	1	65536
7344874	162416	00022280b3322103	10770237975	0	false	7	10770237981	1	65536
7345240	162424	2f4f35d021000010	239666772728	0	false	1	239666772728	1	65536
7345316	162425	028c1c4b32332333	32130004513	0	false	1	32130004513	1	65536
7345844	162437	007d9eecb0131103	54466343560	0	false	46	54466343605	1	65536
7346346	162448	3bfb831c01330330	232858851042	0	false	10	232858851051	1	65536
7347464	162473	0030efaeb0013332	169092993613	0	false	4	169092993616	1	65536
7347788	162481	2a4e14a123202100	78105836256	0	false	12	78105836267	1	65536
7348485	162496	2302f202b3000310	21441129175	0	false	2	21441129176	1	65536
7350061	162532	234dc8f942003300	8143422666	0	false	39	8143422704	1	65536
7350155	162534	2be3cc3f02101300	218738050814	0	false	1	218738050814	1	65536
7351475	162563	307fec0083133320	13103308494	0	false	1	13103308494	1	65536
7351607	162565	00ecacba33200222	150544666281	0	false	63	150544666343	1	65536
7352983	162595	305dd07ff3333310	237978343286	0	false	3	237978343288	1	65536
7354266	162624	23202e37d0300330	95866284367	0	false	2	95866284368	1	65536
7356861	162681	09f7f272f0100103	123853138652	0	false	4	123853138655	1	65536
7357990	162706	348bccd421232310	123604317520	0	false	2	123604317521	1	65536
7358340	162714	310e8d3f12300330	117824376332	0	false	56	117824376387	1	65536
7363328	162825	02cdc27ed3201013	97888035752	0	false	43	97888035794	1	65536
7363918	162838	030b80f8c0301120	212232568115	0	false	1	212232568115	1	65536
7364231	162845	3135dffff0130010	186507318262	0	false	2	186507318263	1	65536
7364258	162846	2b34ffc533301300	5196987058	0	false	4	5196987061	1	65536
7365255	162868	2ffd304331122330	19170719356	0	false	8	19170719363	1	65536
7365660	162877	01250d7a40103312	185178285755	0	false	6	185178285760	1	65536
7367585	162919	2af756f433012311	274102521027	0	false	14	274102521040	1	65536
7367626	162920	03173d9cb1332130	36348868614	0	false	1	36348868614	1	65536
7368012	162928	31d8c58a30113310	182804908618	0	false	4	182804908621	1	65536
7368600	162941	010100a583202023	213489338197	0	false	7	213489338203	1	65536
7371506	163006	2be4dcf6f0301320	174268306073	0	false	4	174268306076	1	65536
7371564	163007	3dd7f8b033203110	111843881786	0	false	1	111843881786	1	65536
7372139	163020	01c307c183102120	106423476320	0	false	9	106423476328	1	65536
7374470	163072	2feae14030120130	222336164478	0	false	15	222336164492	1	65536
7374502	163073	044787a281230210	123732899351	0	false	5	123732899355	1	65536
7374742	163078	01f0c35c33211031	260591257400	0	false	5	260591257404	1	65536
7376145	163109	33c823ac30133010	47684446812	0	false	6	47684446817	1	65536
7376402	163115	34ef0f7403133130	117544738974	0	false	27	117544739000	1	65536
7377686	163143	3007ff32f3310330	182012144110	1237080	true	1	182012144110	1	65536
7378742	163166	2e4a2713c0301100	186981722088	0	false	11	186981722098	1	65536
7379449	163182	20dc096612012020	85667451368	0	false	18	85667451385	1	65536
7379562	163184	054fc83d02031233	123904492708	0	false	10	123904492717	1	65536
7379994	163194	034f949420323300	105384003681	0	false	2	105384003682	1	65536
7380894	163214	017eedc420320113	258049052226	38	true	1	258049052226	1	65536
7381666	163231	0069d4e373020222	176251405606	0	false	1	176251405606	1	65536
7381907	163236	2bd0587ae3023210	38222383960	0	false	3	38222383962	1	65536
7383866	163279	225aecf6b1222200	46247417448	0	false	1	46247417448	1	65536
7385026	163305	2b9e8b0343131000	261584658465	0	false	5	261584658469	1	65536
7385047	163306	0278078631200213	252393502722	0	false	14	252393502735	1	65536
7385552	163317	09248a4b32100011	40828020307	0	false	21	40828020327	1	65536
7386801	163345	33420cf403333330	148194323967	0	false	4	148194323970	1	65536
7387191	163354	3bdcc83873110320	113593046852	0	false	1	113593046852	1	65536
7388126	163374	05942f7470121210	195332470014	0	false	2	195332470015	1	65536
7389552	163406	024f8e01f0301332	267638552555	140360	true	1	267638552555	1	65536
7389875	163413	250d3103b3110121	163091498387	0	false	9	163091498395	1	65536
7390724	163432	018b9e09c2320133	5579431925	0	false	6	5579431930	1	65536
7391158	163441	03fdc48042200130	156438285361	118715	true	1	156438285361	1	65536
7391292	163444	0100fb3bf2133000	54952222161	2102816	true	1	54952222161	1	65536
7391774	163455	0307b70c12103033	62421525101	0	false	5	62421525105	1	65536
7392854	163478	0308cfcf32023333	36115055004	0	false	3	36115055006	1	65536
7393067	163483	28e3908000223020	105976628430	0	false	1	105976628430	1	65536
7393447	163491	2fe293c753312210	139262105381	140360	true	2	139262105382	1	65536
7393454	163491	2d0f0c02a3130100	58514516433	0	false	3	58514516435	1	65536
7393461	163491	0920be02a3303323	70443943705	0	false	1	70443943705	1	65536
7394662	163518	2dffcff1a2000000	279151267519	0	false	10	279151267528	1	65536
7394810	163522	234bec3140103000	52242718516	0	false	1	52242718516	1	65536
7395636	163540	22f1f31470032010	257213071989	0	false	9	257213071997	1	65536
7396669	163563	2001f2f8d3033311	150780683564	0	false	1	150780683564	1	65536
7397895	163589	2df04bfc33012030	12899145121	0	false	6	12899145126	1	65536
7398303	163598	21c6d9ded1231230	295495301592	350134	true	1	295495301592	1	65536
7398348	163600	0b2f191f61032002	215417577389	0	false	11	215417577399	1	65536
7402990	163702	2594839fa2223230	186908309200	0	false	4	186908309203	1	65536
7403078	163704	034fe92020332202	120287799656	0	false	1	120287799656	1	65536
7405825	163764	000cc31473323303	58997817420	0	false	4	58997817423	1	65536
7408800	163831	24a1f8eff2002011	154748938716	556499	true	1	154748938716	1	65536
7409134	163838	20276831c0120010	163648243567	0	false	1	163648243567	1	65536
7409135	163838	2f71ab32c3101310	36613529248	0	false	2	36613529249	1	65536
7411168	163883	20017b00f3132031	54970251369	340108	true	1	54970251369	1	65536
7411552	163891	03f4eddc02210200	178780717980	0	false	2	178780717981	1	65536
7411766	163896	2baf74b313332010	91648392822	0	false	1	91648392822	1	65536
7413671	163938	051f02f992321101	178420080252	0	false	1	178420080252	1	65536
7416212	163994	2474c83e73233030	83575119905	0	false	4	83575119908	1	65536
7417485	164022	2bc3b7dde3022200	235821300962	0	false	5	235821300966	1	65536
7417522	164023	033f41e692232332	125440158867	0	false	14	125440158880	1	65536
7418472	164044	35ac38c4d1002010	55568681897	0	false	28	55568681924	1	65536
7420409	164086	01cd1403d3003101	145060123993	0	false	1	145060123993	1	65536
7420621	164091	2c127edc02333330	6912344439	0	false	1	6912344439	1	65536
7422226	164127	210fd4ec02231020	205947708775	0	false	2	205947708776	1	65536
7423252	164149	348df400a0031000	296214085779	0	false	2	296214085780	1	65536
7423445	164154	0564285223331102	91483240	350134	true	1	91483240	1	65536
7424605	164179	2a7ed907b0000000	44880950333	0	false	4	44880950336	1	65536
7425532	164200	04e7edf501220013	159465998557	1	true	1	159465998557	1	65536
7429090	164278	0334327083103302	256834721428	0	false	1	256834721428	1	65536
7429714	164292	2385b8c743033320	5104901354	0	false	4	5104901357	1	65536
7430991	164320	23d252a3b3021300	236496956660	0	false	7	236496956666	1	65536
7432202	164347	023ee61371213003	41624328824	140360	true	1	41624328824	1	65536
7432713	164358	3463c2e3a0202310	191523137192	0	false	30	191523137221	1	65536
7433508	164376	26d8299980111101	87907783520	0	false	1	87907783520	1	65536
7434511	164398	038e9628b0023313	180714909419	0	false	4	180714909422	1	65536
7434588	164400	27c00c0830321020	235144917873	0	false	3	235144917875	1	65536
7436728	164447	20c4be8983132120	272107755506	0	false	16	272107755521	1	65536
7437081	164455	2980de03c3003300	261155073535	0	false	1	261155073535	1	65536
7439488	164508	2b7b2b89d0233230	224418342897	0	false	1	224418342897	1	65536
7439753	164515	32b1e03a30000220	218885536385	140360	true	1	218885536385	1	65536
7440265	164526	26ee090a41001001	242902533194	0	false	3	242902533196	1	65536
7440986	164542	17154143d2003220	274731842093	350134	true	1	274731842093	1	65536
7442185	164568	2fd09a3433031030	247277556682	140360	true	1	247277556682	1	65536
7442202	164569	03638fef72231100	235029145156	0	false	2	235029145157	1	65536
7442287	164570	290a83c012033330	197215105862	0	false	45	197215105906	1	65536
7442871	164583	2082d02023021120	60564303926	0	false	9	60564303934	1	65536
7443294	164593	2c4081d5d1200310	26572302412	0	false	1	26572302412	1	65536
7443316	164593	2cbfd8a5b2032100	260023948787	0	false	2	260023948788	1	65536
7444322	164616	2c174f83f3130331	198453050837	370647	true	1	198453050837	1	65536
7444626	164622	34f3f24c82132330	259664555881	118715	true	1	259664555881	1	65536
7445014	164631	02032303f1000003	256467861119	0	false	1	256467861119	1	65536
7445341	164638	015223a392013102	68185212151	0	false	2	68185212152	1	65536
7446709	164668	03331db0d3312002	22416785554	0	false	1	22416785554	1	65536
7446932	164672	238ac76672332331	89661568823	0	false	2	89661568824	1	65536
7448789	164714	20fdfb35d2020031	79224133306	0	false	1	79224133306	1	65536
7449281	164725	036c826b43021031	55689756451	0	false	6	55689756456	1	65536
7450202	164745	3c20043cf1203000	219061877116	0	false	9	219061877124	1	65536
7450568	164754	2240e0bf33333330	30850213687	1606471	true	1	30850213687	1	65536
7451155	164766	21a714fe73023130	178062366618	0	false	2	178062366619	1	65536
7452218	164791	20819e3783131321	99994899050	0	false	1	99994899050	1	65536
7452530	164798	01ce3aeba3313110	110109961258	0	false	1	110109961258	1	65536
7452655	164800	2910e558a1331310	240112823837	350134	true	1	240112823837	1	65536
7452754	164802	281f38cee1323120	170522323223	0	false	1	170522323223	1	65536
7458066	164919	2133a133a0121021	216153374564	0	false	1	216153374564	1	65536
7459068	164941	0240c34f02000330	126854278478	0	false	5	126854278482	1	65536
7460585	164974	2e1a472f33330310	258496931106	0	false	1	258496931106	1	65536
7463143	165031	289084ec21303220	253015208980	0	false	2	253015208981	1	65536
7463230	165033	0046105252312333	37802444144	0	false	10	37802444153	1	65536
7464521	165062	00c0f30000331030	226381659422	0	false	3	226381659424	1	65536
7465282	165078	289c004022210000	39840068679	0	false	2	39840068680	1	65536
7469759	165178	204c017cd0130010	219071826339	0	false	1	219071826339	1	65536
7469847	165180	05b0ba6550030210	134376297305	0	false	2	134376297306	1	65536
7470171	165187	017e250d41003100	237385318787	0	false	2	237385318788	1	65536
7470706	165199	20f3793ed2033000	125885484910	0	false	2	125885484911	1	65536
7471139	165209	242b49bae2113220	225657959334	38	true	1	225657959334	1	65536
7472378	165236	30c015af71110120	106166513829	0	false	4	106166513832	1	65536
7472803	165245	22e5f44bc3001000	91695096836	0	false	4	91695096839	1	65536
7472837	165246	3313c200f3000300	194889015850	112590	true	1	194889015850	1	65536
7472919	165248	2513df4d32300000	191869379725	0	false	4	191869379728	1	65536
7474168	165276	308003ca30200120	276492696548	0	false	1	276492696548	1	65536
7474682	165287	0a200d0dd3100130	246141733788	0	false	12	246141733799	1	65536
7476206	165320	2433d03450100121	110160835155	0	false	2	110160835156	1	65536
7477351	165346	00deba48b0020222	226429065345	0	false	19	226429065363	1	65536
7478172	165364	2ac67bcd63131111	98979532798	0	false	2	98979532799	1	65536
7478298	165367	333c0140c3303010	210210586402	0	false	7	210210586408	1	65536
7482013	165449	244b3c5183132320	288016034354	0	false	8	288016034361	1	65536
7482830	165467	005fc2a050000233	121276353384	0	false	8	121276353391	1	65536
7485229	165520	21c48ccc10322010	39059260647	0	false	1	39059260647	1	65536
7486647	165552	02f9df2621003122	103900464088	0	false	4	103900464091	1	65536
7486669	165553	385a031080120230	171534576635	0	false	1	171534576635	1	65536
7486944	165559	215e599651312120	53278231142	119755	true	1	53278231142	1	65536
7487427	165570	263736fde0020300	260993485205	0	false	2	260993485206	1	65536
7487924	165581	2b7f345523110301	269588433311	0	false	1	269588433311	1	65536
7490198	165630	0123a00803321022	126205354839	0	false	11	126205354849	1	65536
7490629	165639	031e2bd383330123	234285603318	0	false	1	234285603318	1	65536
7490788	165643	2c02743211301210	21829138401	0	false	1	21829138401	1	65536
7490793	165643	26bd9697b0011000	226937100321	0	false	1	226937100321	1	65536
7492297	165676	204103b300320301	45628239959	0	false	2	45628239960	1	65536
7492333	165677	0148b20c02333111	279021169471	0	false	3	279021169473	1	65536
7492692	165685	2342ffe340033030	29356731340	0	false	2	29356731341	1	65536
7494885	165733	2002e009c0102130	186877567646	0	false	1	186877567646	1	65536
7495569	165748	03bcafe4b2133310	258577568562	0	false	1	258577568562	1	65536
7497701	165795	3a020008f2303310	261351732550	0	false	3	261351732552	1	65536
7498340	165809	299dfae382333010	262226534483	0	false	9	262226534491	1	65536
7498360	165809	30804f3712302000	237955402435	1354714	true	1	237955402435	1	65536
7499639	165838	304d40c903110300	94216510347	0	false	4	94216510350	1	65536
7499699	165839	30013d6bc0320100	133624355206	0	false	4	133624355209	1	65536
7502432	165900	013bef3fb0331230	9703816438	0	false	1	9703816438	1	65536
7503627	165927	27e0f811f3302010	151944444610	0	false	13	151944444622	1	65536
7504366	165943	20cffc34b1001301	89549017114	1710424	true	16	89549017129	1	65536
7505141	165960	2e94920ae0331020	236625041134	0	false	6	236625041139	1	65536
7507537	166013	333fe38433003030	255256261429	0	false	1	255256261429	1	65536
7508117	166025	03310fe030000332	250687369908	856122	true	1	250687369908	1	65536
7508509	166034	34dad41d30333330	64684654459	0	false	3	64684654461	1	65536
7510056	166068	37372ab730100030	84499435544	0	false	2	84499435545	1	65536
7510082	166068	337102c3f3011300	236243682657	0	false	1	236243682657	1	65536
7510124	166069	2fded80cb0130320	73347565594	0	false	1	73347565594	1	65536
7510284	166073	300172e442323330	179123308171	0	false	1	179123308171	1	65536
7510843	166085	2218aeb730110110	826671812	350134	true	1	826671812	1	65536
7511698	166104	32352a3fd3010030	50078776980	0	false	17	50078776996	1	65536
7512090	166113	03c80f0ef2030122	204239332928	0	false	3	204239332930	1	65536
7513255	166138	02320034f0301210	114324016476	0	false	1	114324016476	1	65536
7513688	166147	2129202bd3010220	184137017084	0	false	5	184137017088	1	65536
7514349	166163	263849ffc3130030	122200301107	0	false	2	122200301108	1	65536
7514947	166176	20634a7a21223131	236385341890	350134	true	1	236385341890	1	65536
7515161	166180	01e508e713212000	95027910857	0	false	13	95027910869	1	65536
7515721	166193	2585424891000030	228093741529	0	false	2	228093741530	1	65536
7516091	166201	01c03b4011223013	51707715889	2107699	true	6	51707715894	1	65536
7516534	166211	249de12780002120	142771923268	0	false	13	142771923280	1	65536
7516848	166218	2338e4d7b1132031	25792777229	0	false	2	25792777230	1	65536
7517289	166228	3775c60b22311120	33924119736	0	false	4	33924119739	1	65536
7518100	166246	00e37ffe20300301	209834683643	0	false	1	209834683643	1	65536
7518104	166246	33f238f3c3110000	223409056102	154409	true	1	223409056102	1	65536
7518381	166252	24fe5c32c1331300	217746285237	0	false	1	217746285237	1	65536
7518696	166258	2c0fcfb171003230	105428587555	0	false	10	105428587564	1	65536
7518765	166260	01013c7550302101	259787337712	0	false	2	259787337713	1	65536
7518999	166265	34042833f0002300	270873385769	0	false	6	270873385774	1	65536
7520919	166308	28f74c9d33000110	103710465604	0	false	1	103710465604	1	65536
7522058	166334	30bfffc8c0000300	217408138321	0	false	5	217408138325	1	65536
7522960	166354	036d0dd6e0003112	112088852986	0	false	3	112088852988	1	65536
7523198	166359	2392483af0003000	271006548052	118715	true	1	271006548052	1	65536
7523264	166360	2360f4ec03300321	226407598158	0	false	3	226407598160	1	65536
7523577	166367	0f4bd2c530132322	122170262916	0	false	7	122170262922	1	65536
7524364	166384	053792b021302031	26548213749	292855	true	1	26548213749	1	65536
7524519	166388	23e157d0d2011111	39417523279	0	false	3	39417523281	1	65536
7524780	166393	039f7d78c1100033	10612065055	0	false	13	10612065067	1	65536
7525515	166409	2cd34cdde0031100	259527103661	0	false	21	259527103681	1	65536
7525846	166417	0702300072030302	37852558978	0	false	1	37852558978	1	65536
7525917	166418	0021f488e2302323	125184221423	0	false	31	125184221453	1	65536
7526467	166430	24b26004b2012021	159662698690	0	false	2	159662698691	1	65536
7530469	166519	02137be700030003	158278159656	0	false	4	158278159659	1	65536
7532236	166558	30528f34b3313300	194334982012	0	false	2	194334982013	1	65536
7532567	166566	2cf0b53b51002320	170568644299	0	false	3	170568644301	1	65536
7532922	166573	22872bef42231021	90839972005	0	false	4	90839972008	1	65536
7534153	166601	2e8bec07e3232330	237566965866	0	false	11	237566965876	1	65536
7534524	166609	37f37a2cb2332300	78261125660	0	false	12	78261125671	1	65536
7537118	166666	37b5ff9290031030	17583842002	0	false	3	17583842004	1	65536
7537234	166669	3501f1f882030000	183947248680	0	false	2	183947248681	1	65536
7538814	166704	0120dd5df3301030	255208729391	335366	true	1	255208729391	1	65536
7540282	166737	23d240e013312200	285787653138	0	false	18	285787653155	1	65536
7540283	166737	38f4903800313300	148196044193	0	false	10	148196044202	1	65536
7541442	166763	2d1c96e7e3030120	12523056993	0	false	26	12523057018	1	65536
7541504	166764	0168f075d0022322	120154383029	0	false	1	120154383029	1	65536
7543288	166804	3003f30710003020	93919628940	0	false	9	93919628948	1	65536
7544045	166821	2a83fc4f30323330	114645224198	0	false	23	114645224220	1	65536
7546661	166878	2c1b034b92300120	184821259221	0	false	6	184821259226	1	65536
7546753	166880	003dc4c7a3332303	40492847180	0	false	3	40492847182	1	65536
7547133	166888	0033483cc0002131	203285187311	0	false	2	203285187312	1	65536
7548034	166908	20728fe3c3022100	94089198349	464635	true	1	94089198349	1	65536
7548342	166915	359c1e8f93332330	282046073234	0	false	2	282046073235	1	65536
7549817	166947	28cd260c03211300	290569069490	0	false	4	290569069493	1	65536
7550302	166958	02203fe210200100	84810213144	0	false	2	84810213145	1	65536
7554558	167053	30052ba000231000	85118723034	118715	true	1	85118723034	1	65536
7555170	167067	2f38e98043233000	283393159246	0	false	12	283393159257	1	65536
7555611	167076	24f032ad01130200	155812239963	0	false	1	155812239963	1	65536
7556612	167099	2f389cce01230100	38138187151	0	false	1	38138187151	1	65536
7558198	167134	2323f378a0113020	133561238232	0	false	8	133561238239	1	65536
7560644	167187	03d1cd3db3032003	271920773863	0	false	1	271920773863	1	65536
7561245	167200	2b20843f22300030	281905690513	0	false	4	281905690516	1	65536
7561966	167217	22789eb581231231	59241769755	350134	true	1	59241769755	1	65536
7562764	167234	02982a1bb2222331	251968882741	0	false	4	251968882744	1	65536
7563462	167250	37f37551d3203330	153071318660	292819	true	1	153071318660	1	65536
7563957	167261	27cfc9cf80303230	136288664657	0	false	13	136288664669	1	65536
7565328	167292	27841c4123131121	3196109800	350134	true	1	3196109800	1	65536
7565497	167295	05d6a1f8e3322000	295710872506	0	false	8	295710872513	1	65536
7566544	167319	04cccffc42030020	275422125947	0	false	14	275422125960	1	65536
7568920	167372	033fd2ff23202323	36887527710	292852	true	1	36887527710	1	65536
7569297	167380	231dbe3a00100101	118780495161	0	false	7	118780495167	1	65536
7569722	167389	03dc73ff23021132	169979350289	0	false	11	169979350299	1	65536
7570128	167398	2df4b4f5c2120130	12361963179	0	false	3	12361963181	1	65536
7570372	167403	2310080eb2021101	230662287890	0	false	3	230662287892	1	65536
7571889	167436	3034fafae3320000	250571938779	0	false	1	250571938779	1	65536
7572656	167454	052a417d12321223	225034228922	350134	true	1	225034228922	1	65536
7573400	167470	2d4f0ccc51103200	282090299465	0	false	11	282090299475	1	65536
7574331	167490	32c87f3c73331000	223015905933	0	false	12	223015905944	1	65536
7574689	167498	323adc8231010300	247407463484	0	false	1	247407463484	1	65536
7574810	167501	235803f583220111	157919871036	1	true	1	157919871036	1	65536
7575265	167511	2ce8102b00103000	34703466044	0	false	5	34703466048	1	65536
7576814	167545	2a6cd082e0230030	90375017815	0	false	2	90375017816	1	65536
7577213	167554	2b9e1acf70303110	72880192235	119904	true	2	72880192236	1	65536
7577288	167555	039137fe00020000	266996820602	0	false	2	266996820603	1	65536
7579025	167595	0257e310d1113200	282689330590	0	false	2	282689330591	1	65536
7579183	167598	2013f42332300001	253895268541	0	false	29	253895268569	1	65536
7580125	167619	21e20d8b83000100	164869292866	0	false	45	164869292910	1	65536
7580994	167638	0031b78ea3013113	120549208428	0	false	13	120549208440	1	65536
7583276	167689	20e03ec093023131	174564674859	0	false	2	174564674860	1	65536
7583753	167699	0317ca8252310022	163943131486	0	false	8	163943131493	1	65536
7583795	167700	03f1941fe1001331	43370462436	0	false	9	43370462444	1	65536
7584380	167713	02001744c0133120	132903750998	0	false	13	132903751010	1	65536
7585035	167727	22fa4331c2301300	266781577470	0	false	16	266781577485	1	65536
7586012	167748	33cebde1c1232330	14312914081	0	false	3	14312914083	1	65536
7586094	167750	0313105013200123	262292943407	0	false	15	262292943421	1	65536
7587262	167776	0193df14b0033021	170707877801	175463	true	2	170707877802	1	65536
7588255	167799	0139e1c3e0330300	290621759639	0	false	23	290621759661	1	65536
7588383	167801	34da46f5d0320130	85775865784	0	false	1	85775865784	1	65536
7589528	167826	03d4639b72011100	176447582622	0	false	2	176447582623	1	65536
7590142	167839	233a3bc3b2302030	226118663167	0	false	12	226118663178	1	65536
7590536	167848	038f823f80201120	129854799654	0	false	7	129854799660	1	65536
7592799	167898	2f824fbc92012300	73326754276	0	false	49	73326754324	1	65536
7594249	167930	26ffe42e22322310	138428165664	0	false	19	138428165682	1	65536
7594397	167933	3000340ff0030200	171723943178	0	false	4	171723943181	1	65536
7599343	168041	27753580f1213220	89198594476	0	false	9	89198594484	1	65536
7600554	168068	33e353cff0030300	260284479092	2036044	true	1	260284479092	1	65536
7601777	168095	071320fd00230210	266846490790	292855	true	3	266846490792	1	65536
7606133	168191	289ef90872311320	45059254316	0	false	1	45059254316	1	65536
7606999	168210	35008ef700030030	76445767964	0	false	22	76445767985	1	65536
7609189	168258	3120845bc3300200	295479364779	0	false	4	295479364782	1	65536
7609924	168274	05ce77e580311302	232911076317	0	false	20	232911076336	1	65536
7611769	168315	202065c800332330	216963484450	0	false	9	216963484458	1	65536
7612104	168322	38c90937f3213310	248017315379	0	false	2	248017315380	1	65536
7612411	168329	2d520a9ed1101201	23044377678	350134	true	1	23044377678	1	65536
7612977	168342	0220cd3032320130	281803065836	0	false	1	281803065836	1	65536
7614511	168377	218093c3a0032310	175001262370	0	false	1	175001262370	1	65536
7615379	168397	22007de0f3312330	283842301711	2102059	true	7	283842301717	1	65536
7616111	168413	0a9ea7f190310202	73560591407	0	false	25	73560591431	1	65536
7617230	168437	0516052ff3322000	27130360287	0	false	12	27130360298	1	65536
7617675	168447	01f717a223003330	109849732504	0	false	3	109849732506	1	65536
7617875	168451	378ffcf011030330	263094798990	0	false	44	263094799033	1	65536
7618654	168468	204b0f0171103100	253104446820	140360	true	1	253104446820	1	65536
7619137	168479	00030db0a1312023	37190227913	0	false	8	37190227920	1	65536
7620108	168500	33703cfc31101230	244801244944	0	false	22	244801244965	1	65536
7622222	168546	300261aec2021120	26689615466	0	false	4	26689615469	1	65536
7622399	168550	3df10df702030010	229596454134	0	false	1	229596454134	1	65536
7622441	168551	21dacb8ed0130230	86068621331	0	false	4	86068621334	1	65536
7623537	168576	25404cd243131030	131376511352	0	false	6	131376511357	1	65536
7625148	168611	2d37fbe403202200	211578180594	0	false	9	211578180602	1	65536
7632993	168786	274bf640a2231111	200483055938	0	false	7	200483055944	1	65536
7633752	168802	27a7ae7bf3331020	116651697012	350134	true	2	116651697013	1	65536
7633874	168805	207c2e00e3000200	274450605176	0	false	2	274450605177	1	65536
7634407	168817	1673f6d982122020	277473231279	0	false	7	277473231285	1	65536
7635572	168843	257703fff3300320	123989279656	0	false	7	123989279662	1	65536
7636055	168853	3528a8edd1233020	83899401113	0	false	2	83899401114	1	65536
7636707	168868	2f31032321100101	193441179915	0	false	8	193441179922	1	65536
7637147	168877	232fc07372010021	123871013180	0	false	2	123871013181	1	65536
7637438	168884	036cb34230010330	83202250104	0	false	1	83202250104	1	65536
7638606	168909	30b5f03322313100	213349110460	0	false	4	213349110463	1	65536
7639178	168922	2fef0cd2c3312230	104138040501	0	false	3	104138040503	1	65536
7639724	168934	233f6037f2313031	261984353403	0	false	6	261984353408	1	65536
7639753	168934	21d462e360230201	279851978199	0	false	4	279851978202	1	65536
7639835	168936	27f83c7f03331110	106626860939	0	false	3	106626860941	1	65536
7641374	168971	24b5ee0f93320300	53134493256	0	false	1	53134493256	1	65536
7641394	168971	39c1024f43123020	226967768928	0	false	8	226967768935	1	65536
7643578	169019	27d3a16450011210	176870818924	350134	true	1	176870818924	1	65536
7644028	169029	01784f0ff1303300	284531531485	292822	true	1	284531531485	1	65536
7645221	169055	33d4205fe2130030	226447782134	0	false	5	226447782138	1	65536
7645496	169061	07c0decf33310230	266880466391	0	false	1	266880466391	1	65536
7645688	169065	054ce279e0333100	236501557209	0	false	6	236501557214	1	65536
7646624	169086	01e804f3d2122003	158940725116	0	false	7	158940725122	1	65536
7647450	169104	324f0b3680333210	83010359611	0	false	4	83010359614	1	65536
7651432	169192	2accf4cfe3330000	265464871064	0	false	2	265464871065	1	65536
7651572	169196	014f7fbe40233032	12149148801	3	true	1	12149148801	1	65536
7652155	169208	03cf0f8ff3230201	182377839486	0	false	1	182377839486	1	65536
7652214	169210	24a2495041233010	99305758342	0	false	1	99305758342	1	65536
7652859	169224	3808bf8f30130310	100360384455	370649	true	1	100360384455	1	65536
7656601	169308	240fe3f130031330	127142175997	0	false	1	127142175997	1	65536
7657125	169319	224e771283200001	56754842987	0	false	13	56754842999	1	65536
7657218	169321	203f78b483300030	240682549494	0	false	1	240682549494	1	65536
7658547	169350	0370bc31d0012303	213960795522	0	false	4	213960795525	1	65536
7661415	169413	02bfa7a0c1001111	266825718003	292852	true	1	266825718003	1	65536
7662267	169432	3c0fc3af80300010	212301642929	0	false	6	212301642934	1	65536
7663555	169461	05a43566c2132312	136368775606	350134	true	1	136368775606	1	65536
7664091	169473	3741023c81130300	131280605576	0	false	12	131280605587	1	65536
7665498	169505	2569430cf3333331	150159107989	0	false	1	150159107989	1	65536
7665687	169509	327022cff1031000	63902218349	1992405	true	1	63902218349	1	65536
7665830	169512	0037f541e0001003	269774908845	0	false	1	269774908845	1	65536
7666098	169518	24ae27e830310300	151469445402	0	false	2	151469445403	1	65536
7666198	169520	33ad84cf80313130	240271698826	0	false	3	240271698828	1	65536
7667777	169555	24b3d01270000030	52216809120	0	false	3	52216809122	1	65536
7667938	169559	2d070380d0103000	87196307517	0	false	1	87196307517	1	65536
7668169	169564	02e06fe3c2000122	239767257729	0	false	2	239767257730	1	65536
7669086	169585	340d4cc7e0113310	100438081604	0	false	5	100438081608	1	65536
7670451	169615	02f3f10272033031	282389353946	0	false	1	282389353946	1	65536
7670619	169619	02803c9eb1203203	207570323396	292855	true	2	207570323397	1	65536
7670997	169627	27acecfa11103300	42342312639	0	false	14	42342312652	1	65536
7672042	169650	028ec78003320000	162029897784	0	false	5	162029897788	1	65536
7674300	169701	01fc9c43d3003320	15316193328	292855	true	1	15316193328	1	65536
7674577	169707	28f3bf3c72313131	152651722146	0	false	2	152651722147	1	65536
7675465	169726	2003f3be90223330	92408380647	140360	true	1	92408380647	1	65536
7679073	169806	279fce8071330300	261825066034	0	false	5	261825066038	1	65536
7679264	169810	2096382862021220	188925394323	38	true	3	188925394325	1	65536
7679581	169817	02004f5f83132302	209909682473	0	false	1	209909682473	1	65536
7679609	169818	2052489f13012310	56450833616	0	false	3	56450833618	1	65536
7681224	169853	03fc4c2b20010322	296560216341	0	false	19	296560216359	1	65536
7681541	169860	2b0821f9e0120200	634871170	292819	true	2	634871171	1	65536
7681633	169862	03898f37a3033210	133764803859	0	false	1	133764803859	1	65536
7681993	169870	03181630b0330021	253598512292	0	false	14	253598512305	1	65536
7682095	169872	22f60ddd10130000	123590815288	0	false	4	123590815291	1	65536
7682701	169885	220e62ef31100320	190500077370	0	false	1	190500077370	1	65536
7682955	169891	287fc63d43020001	112994507416	0	false	1	112994507416	1	65536
7683151	169895	37f7c83c93303000	277034955564	0	false	1	277034955564	1	65536
7686224	169963	35c720e500312020	41212091649	0	false	5	41212091653	1	65536
7686396	169967	01350e18e3031223	284151042159	0	false	1	284151042159	1	65536
7688080	170004	20909c0df2213220	191993911732	0	false	8	191993911739	1	65536
7690020	170047	01008d4b03121302	9500049955	0	false	3	9500049957	1	65536
7690041	170048	0d4e134930132330	243830093544	0	false	3	243830093546	1	65536
7690104	170049	025837d370230130	23158046038	0	false	3	23158046040	1	65536
7690389	170056	2cd079bbe3303310	242598844446	0	false	9	242598844454	1	65536
7692955	170113	33d2cf2ac3113330	77484126411	0	false	10	77484126420	1	65536
7693526	170126	2271adb300230300	15155026565	0	false	3	15155026567	1	65536
7695332	170165	348c854201330310	224656644231	0	false	1	224656644231	1	65536
7696917	170200	0524d1f8b1210002	162450899030	0	false	4	162450899033	1	65536
7698009	170225	323fdcfbd3210320	195179187177	0	false	7	195179187183	1	65536
7698512	170236	028d5049a3122221	69367871536	0	false	1	69367871536	1	65536
7699592	170260	026d389472300310	11745552771	0	false	44	11745552814	1	65536
7699656	170261	025356e383302323	202516359379	0	false	6	202516359384	1	65536
7702382	170321	0b604b7d23230120	54473187040	0	false	1	54473187040	1	65536
7705602	170393	2100bf0f03003300	204706758802	0	false	5	204706758806	1	65536
7706259	170408	270e01b0c1020331	161540654716	0	false	2	161540654717	1	65536
7706529	170414	029248bf01313011	198309258385	0	false	14	198309258398	1	65536
7706627	170416	2001001530132310	156468767174	0	false	16	156468767189	1	65536
7707425	170434	36311fb792010010	114620402321	0	false	16	114620402336	1	65536
7709198	170473	2448504fa0122020	99485371628	0	false	2	99485371629	1	65536
7709203	170473	200c33c0f0030000	269188479274	0	false	2	269188479275	1	65536
7709380	170477	204f43ff41003131	9466536813	0	false	4	9466536816	1	65536
7710263	170497	2be823f3e0013200	276564437125	0	false	4	276564437128	1	65536
7712455	170545	03f2c3ff53303030	151048063891	140360	true	1	151048063891	1	65536
7713726	170573	01c74941c3103112	205498258199	0	false	27	205498258225	1	65536
7714730	170595	20001efc80010301	46876698720	1013423	true	3	46876698722	1	65536
7716627	170637	038733c823301302	247118024862	0	false	6	247118024867	1	65536
7717272	170652	020a640c00030210	4022495499	0	false	3	4022495501	1	65536
7717951	170667	0976509c41111321	215861068246	0	false	1	215861068246	1	65536
7720234	170718	03c2782c01332030	113145071872	0	false	2	113145071873	1	65536
7720777	170731	230ddd4510320001	905133195	0	false	5	905133199	1	65536
7721015	170736	03e015b3c0230032	97195093816	0	false	3	97195093818	1	65536
7721607	170749	247ff8bee0202031	70976479319	0	false	1	70976479319	1	65536
7722325	170765	052f82f421120320	128363194763	0	false	1	128363194763	1	65536
7724091	170805	0523e30df3030300	254673098508	0	false	1	254673098508	1	65536
7724101	170805	337f603cc1032000	187497471225	0	false	2	187497471226	1	65536
7724133	170806	2fa388eae3323001	173740377292	0	false	1	173740377292	1	65536
7724474	170813	3eefff4333013300	107206295740	140360	true	1	107206295740	1	65536
7724760	170819	0551402891032001	44203370045	0	false	1	44203370045	1	65536
7726368	170854	0204a84b93032231	126696282837	350134	true	1	126696282837	1	65536
7728586	170904	019d0d3be2123320	182239238835	0	false	21	182239238855	1	65536
7728722	170907	21c3d69270002200	170705257144	0	false	3	170705257146	1	65536
7728962	170912	282f070283230231	178242132422	0	false	1	178242132422	1	65536
7730209	170940	2fe3b831c1301300	66797213360	174597	true	4	66797213363	1	65536
7732610	170993	33c06887d3013030	91907256200	0	false	1	91907256200	1	65536
7733174	171005	3552378340311010	114771750276	0	false	9	114771750284	1	65536
7733612	171015	2ae68c0533113130	95996773181	0	false	12	95996773192	1	65536
7734251	171030	24c7114ce3030200	113857353778	0	false	4	113857353781	1	65536
7736016	171070	20133029f0233310	187693877046	0	false	1	187693877046	1	65536
7736495	171080	39dde2e8d1211000	159957054129	0	false	7	159957054135	1	65536
7736635	171084	211a3a26f2101010	90416349198	0	false	2	90416349199	1	65536
7738182	171118	37f8ff7483021210	203346969499	0	false	2	203346969500	1	65536
7738959	171135	2d5f15f411001220	160671347897	0	false	1	160671347897	1	65536
7741781	171197	2f562af933312130	262263443252	0	false	1	262263443252	1	65536
7742590	171215	2f40035413131230	293440108874	0	false	10	293440108883	1	65536
7743117	171226	29f8820bf0012300	106401435947	0	false	1	106401435947	1	65536
7743125	171227	0c3c1dfcb0332010	249219816887	0	false	7	249219816893	1	65536
7744775	171263	02b007bf73000032	295562418473	0	false	1	295562418473	1	65536
7745339	171276	023bf833d3032312	59178097926	0	false	4	59178097929	1	65536
7747704	171329	023b089003000302	45770100942	0	false	1	45770100942	1	65536
7747729	171329	22ab803840100000	42257439511	118715	true	1	42257439511	1	65536
7747856	171332	0370030001000000	249301301035	0	false	1	249301301035	1	65536
7748415	171344	27e64548a2001211	149275092463	0	false	23	149275092485	1	65536
7748590	171348	24d3ff33b0310010	98784832832	1439718	true	1	98784832832	1	65536
7749827	171376	02ff063f03331031	185399346254	0	false	1	185399346254	1	65536
7749931	171378	2d34314a32121030	40411350640	0	false	8	40411350647	1	65536
7753361	171454	2de32c0030010000	129935610123	0	false	1	129935610123	1	65536
7753691	171461	320ac2f002333330	111565938114	2012322	true	1	111565938114	1	65536
7754274	171474	3468e30231002020	1147588760	0	false	11	1147588770	1	65536
7754847	171487	0240c090e0003030	91541858836	0	false	14	91541858849	1	65536
7755706	171506	35f6020621322200	29030844317	0	false	2	29030844318	1	65536
7756407	171522	20ccf492f1103200	107649773475	0	false	5	107649773479	1	65536
7757249	171541	281b7d0373131021	161135439874	0	false	20	161135439893	1	65536
7757372	171544	21a6428192223120	183902933587	0	false	29	183902933615	1	65536
7757978	171557	23fa303510122020	234869828402	0	false	4	234869828405	1	65536
7758575	171570	330ffffc30332200	44137299861	0	false	2	44137299862	1	65536
7760323	171609	0370e8ff03301220	144376420591	0	false	1	144376420591	1	65536
7761619	171637	2dde090800232201	167288394896	0	false	11	167288394906	1	65536
7762595	171659	0034f74053221103	290120541758	0	false	2	290120541759	1	65536
7762605	171659	2380a8cf93331000	199731031461	0	false	3	199731031463	1	65536
7763783	171686	0003ce3fc0322213	279510169569	0	false	1	279510169569	1	65536
7765678	171729	3373f0bcc3230220	6630090055	0	false	2	6630090056	1	65536
7766749	171753	333ac0a8f0203000	207350164872	0	false	2	207350164873	1	65536
7767081	171760	2080300a30333101	82291074096	0	false	3	82291074098	1	65536
7768174	171784	21036ffd30100100	230603790229	0	false	13	230603790241	1	65536
7768905	171800	003340fc01033010	294984413175	0	false	5	294984413179	1	65536
7770093	171827	3b0f83c031123010	239740440780	0	false	14	239740440793	1	65536
7770617	171838	03cd28f7d1333010	31547759336	0	false	2	31547759337	1	65536
7772219	171873	0388242b83102223	226608601158	0	false	3	226608601160	1	65536
7772278	171875	2edd4b0090333320	290460733913	0	false	10	290460733922	1	65536
7772812	171886	03cfdce481311023	107616238047	0	false	1	107616238047	1	65536
7773112	171893	21cbdc3fe3002330	240517493842	0	false	1	240517493842	1	65536
7774469	171923	0200708002303002	67142515309	0	false	4	67142515312	1	65536
7775426	171944	31c4dcffd0120030	45662275999	0	false	1	45662275999	1	65536
7778078	172004	322f90d003003020	55649044599	0	false	2	55649044600	1	65536
7779765	172041	2fff323fe0033300	104286855770	0	false	8	104286855777	1	65536
7780365	172054	37fcce4cd0100200	8530098259	0	false	2	8530098260	1	65536
7782166	172094	2c001f0f30213201	248858959	0	false	1	248858959	1	65536
7782732	172106	37ffd0b4e0230200	218318208528	0	false	7	218318208534	1	65536
7783452	172122	2030cafce0020131	6915463607	0	false	5	6915463611	1	65536
7784711	172151	310dac4023130310	212854183617	0	false	17	212854183633	1	65536
7785913	172177	2fb3fde000010030	156705126628	1606680	true	1	156705126628	1	65536
7786969	172200	3c5b1ec003012130	96187582239	0	false	16	96187582254	1	65536
7787188	172205	3048032000200020	191581178116	0	false	2	191581178117	1	65536
7790518	172278	003efceb30132012	294557416012	118715	true	1	294557416012	1	65536
7791367	172297	35d3c43cd0310300	98367128714	0	false	8	98367128721	1	65536
7793216	172338	35f433fb21313300	47361023224	0	false	2	47361023225	1	65536
7793979	172355	02f33f0870233331	32486462406	0	false	19	32486462424	1	65536
7794654	172370	03400f3d42330231	102133167215	0	false	4	102133167218	1	65536
7794917	172376	27be438c23300000	280572644426	0	false	3	280572644428	1	65536
7794985	172377	30ffe81fc3332300	19267641366	0	false	1	19267641366	1	65536
7796049	172400	0903272ac0203030	93732875456	0	false	2	93732875457	1	65536
7796840	172418	02496e5211022221	141417359004	0	false	1	141417359004	1	65536
7797757	172438	048cf00212033332	254582680491	0	false	1	254582680491	1	65536
7798002	172443	2522a68391331111	84939674651	0	false	4	84939674654	1	65536
7802271	172538	23a05aa650222001	164436599924	0	false	14	164436599937	1	65536
7804997	172597	230fc2c812030110	96713099881	0	false	23	96713099903	1	65536
7805295	172604	31124deba2222120	255975937232	0	false	16	255975937247	1	65536
7807287	172648	23a6ca25e2101030	25080749567	350134	true	1	25080749567	1	65536
7813408	172783	0103e393f3200303	66270047992	0	false	12	66270048003	1	65536
7813624	172788	23f82ea023333100	103090458867	0	false	14	103090458880	1	65536
7817535	172875	3307c10283030200	230571354955	0	false	17	230571354971	1	65536
7818512	172897	39054804c0002210	228486060548	0	false	3	228486060550	1	65536
7819002	172908	2107c9f7e1030330	283670371827	0	false	12	283670371838	1	65536
7820193	172933	20b4cf0ff3013330	252270880552	0	false	26	252270880577	1	65536
7821567	172964	017d14d852322113	3468728218	0	false	3	3468728220	1	65536
7822166	172977	07a0331de0131110	243582888193	0	false	1	243582888193	1	65536
7822298	172980	04c069f451021221	99262008818	350134	true	1	99262008818	1	65536
7822906	172993	2177b656e3211311	113751368972	350134	true	1	113751368972	1	65536
7824709	173032	014e181091002100	64192593325	0	false	2	64192593326	1	65536
7824817	173035	2fb012fc92000330	278411297887	118715	true	1	278411297887	1	65536
7826443	173070	3210fbde30031030	62644554838	0	false	3	62644554840	1	65536
7827939	173103	27f0708c30013310	139077348135	0	false	5	139077348139	1	65536
7829056	173128	322e0f1402101000	201671484353	0	false	1	201671484353	1	65536
7829402	173135	0108e48ef3023230	147468012852	3990	true	1	147468012852	1	65536
7829546	173139	35374ffd80233200	221489129551	0	false	3	221489129553	1	65536
7830203	173153	05380feb93010002	197376555794	0	false	1	197376555794	1	65536
7831521	173182	03e30234f3133033	166221836229	0	false	1	166221836229	1	65536
7831994	173193	23e80d3c83302000	87892128431	0	false	2	87892128432	1	65536
7833015	173215	2dab3df1c2022300	49820819347	0	false	3	49820819349	1	65536
7833420	173224	0314037df0021303	6165079248	0	false	1	6165079248	1	65536
7834400	173246	24ceee4003320020	46466897916	0	false	1	46466897916	1	65536
7835397	173268	03bdec0c00321032	212439291268	0	false	1	212439291268	1	65536
7837398	173312	04f8af4a22130202	294751334045	0	false	1	294751334045	1	65536
7838136	173328	30eb022cf3300010	160710645327	118715	true	1	160710645327	1	65536
7838348	173333	35e8e0e030033120	172664422212	0	false	2	172664422213	1	65536
7838971	173346	23de2ea390323111	238545786885	0	false	1	238545786885	1	65536
7839852	173366	20014fe182023030	95470064442	0	false	4	95470064445	1	65536
7842956	173434	280d3e38f0033000	183741490158	2007221	true	4	183741490161	1	65536
7844278	173463	05af9353e0001020	253855412208	0	false	13	253855412220	1	65536
7844437	173467	03535a5f20120233	32139371202	0	false	3	32139371204	1	65536
7844691	173472	2f7dfd5031101300	275593411178	0	false	3	275593411180	1	65536
7845287	173486	2ba040d8c2310110	248670059512	0	false	2	248670059513	1	65536
7846472	173512	302b38f002033200	123260016694	0	false	1	123260016694	1	65536
7846634	173515	20ce5de033130210	21962380288	0	false	14	21962380301	1	65536
7850390	173599	230d603350003310	50904673898	0	false	2	50904673899	1	65536
7852204	173639	220d8c9433031110	235904810115	0	false	1	235904810115	1	65536
7855643	173716	009e835012033022	97034186238	0	false	1	97034186238	1	65536
7855790	173719	26b2497e62030220	219001890532	0	false	1	219001890532	1	65536
7856688	173739	03fc00c883300310	23494746671	0	false	1	23494746671	1	65536
7857713	173762	0048cf0463230033	161055581540	2099160	true	31	161055581570	1	65536
7859300	173797	2c393c0cf1202300	63706835899	0	false	93	63706835991	1	65536
7861177	173838	20537d43d0011011	238749499832	0	false	8	238749499839	1	65536
7861589	173847	26be9f89e2012310	132801710767	0	false	7	132801710773	1	65536
7861899	173853	021a10a630131102	294518820572	0	false	2	294518820573	1	65536
7864678	173914	046c3ad4c3010300	144646347523	0	false	17	144646347539	1	65536
7865286	173928	0500996b82111233	264003620735	0	false	4	264003620738	1	65536
7866691	173959	2fe7763803302120	89086891281	0	false	9	89086891289	1	65536
7868216	173994	00849cda41102022	243202807584	0	false	1	243202807584	1	65536
7868254	173995	01e08423c2302232	77007525292	0	false	10	77007525301	1	65536
7868453	173999	3208fdb4c2322220	51918115965	0	false	28	51918115992	1	65536
7869049	174012	3e8e128f50100300	30472576124	0	false	2	30472576125	1	65536
7872056	174079	2790050290002000	122007187244	0	false	3	122007187246	1	65536
7872421	174087	350fd0f593022030	251734591131	0	false	1	251734591131	1	65536
7872446	174087	3937ec92f2101330	23032852591	0	false	1	23032852591	1	65536
7872745	174094	264924a841101120	39419173951	0	false	1	39419173951	1	65536
7872906	174098	219e1679c3330310	134832378345	0	false	12	134832378356	1	65536
7872923	174098	21aa4b33a1330120	253783779572	0	false	1	253783779572	1	65536
7873064	174101	06fdb8e9f1310222	106176451737	0	false	2	106176451738	1	65536
7873495	174111	33f38b1f33330030	283953613764	0	false	1	283953613764	1	65536
7874970	174144	2cd7244300303320	176848497455	358263	true	2	176848497456	1	65536
7875929	174165	2ebd0eae83103300	194128898382	0	false	2	194128898383	1	65536
7875937	174165	242ff10fe0203310	104912762389	0	false	21	104912762409	1	65536
7876301	174173	30003ffb43001300	5088688248	0	false	1	5088688248	1	65536
7876501	174177	23a2702002330300	148159056061	0	false	7	148159056067	1	65536
7878491	174223	23a14be390030020	81395937363	140360	true	1	81395937363	1	65536
7880146	174259	03d389ebf0031310	231461468436	0	false	1	231461468436	1	65536
7880833	174274	03b94b2e32030000	133459747795	0	false	6	133459747800	1	65536
7881926	174298	23a3e8a280202130	181493751137	0	false	11	181493751147	1	65536
7884852	174363	304c649130331030	144919183627	0	false	3	144919183629	1	65536
7886377	174397	32432caf71231200	84192968243	27697	true	2	84192968244	1	65536
7886595	174402	02e33f3af3233112	15463313295	0	false	1	15463313295	1	65536
7886801	174406	0271b80101201301	277558985694	0	false	1	277558985694	1	65536
7887495	174422	0158625193032320	252048046981	0	false	24	252048047004	1	65536
7890018	174478	3c34cffc03330310	91746263513	0	false	1	91746263513	1	65536
7891144	174503	3302edf3f0113300	55510426505	0	false	8	55510426512	1	65536
7891445	174509	30c52c3f33003000	104211038465	0	false	4	104211038468	1	65536
7891771	174516	35051bb980033200	145389342514	0	false	30	145389342543	1	65536
7893441	174554	307f804303333220	57405288564	1925642	true	2	57405288565	1	65536
7895377	174596	25688c9f03010300	288730532621	0	false	28	288730532648	1	65536
7896076	174612	26d3e16001022030	172692664667	0	false	2	172692664668	1	65536
7897222	174638	31022702b0033000	237609714415	0	false	1	237609714415	1	65536
7899220	174682	328ac05e43132330	64348509129	0	false	1	64348509129	1	65536
7900595	174713	07a6699ad2222101	133216397444	0	false	31	133216397474	1	65536
7901692	174738	33cf023c31003330	101415937266	0	false	1	101415937266	1	65536
7902639	174759	2f01cec012333030	282869452120	0	false	8	282869452127	1	65536
7904160	174792	228e2342f2330300	34955308964	169611	true	1	34955308964	1	65536
7904214	174793	0cc80e03c0130111	219086083774	0	false	3	219086083776	1	65536
7907770	174872	01fd0b78f3031331	222747116172	0	false	4	222747116175	1	65536
7909604	174912	2375236030203131	136339385348	350134	true	1	136339385348	1	65536
7909971	174921	27c02c37f3123300	237355730306	0	false	16	237355730321	1	65536
7910228	174926	3604108100130310	105636177564	0	false	3	105636177566	1	65536
7910320	174928	302ff0cae0010130	272154486117	0	false	1	272154486117	1	65536
7910468	174932	3307433dd3030000	79718561716	0	false	11	79718561726	1	65536
7910806	174939	0934944522323010	164328668934	0	false	9	164328668942	1	65536
7912920	174986	27d03fe0a2003031	89615718593	0	false	1	89615718593	1	65536
7913264	174994	27794e54d2121301	249161652927	0	false	6	249161652932	1	65536
7914850	175029	3200df5442330000	209126704716	0	false	1	209126704716	1	65536
7917050	175079	3480fdefa1210330	282347722196	0	false	6	282347722201	1	65536
7917565	175090	27fff0e7d1032031	20570636459	0	false	12	20570636470	1	65536
7917991	175099	33e37afc80112330	145980234137	0	false	6	145980234142	1	65536
7918655	175114	2290bdf423213310	242362274134	0	false	24	242362274157	1	65536
7919123	175125	3010403ff0200310	97750860555	0	false	7	97750860561	1	65536
7919557	175134	073e504522223333	102033569498	0	false	2	102033569499	1	65536
7920352	175152	2712393ed0331030	187699703599	0	false	19	187699703617	1	65536
7921174	175170	344237a823123010	188973738062	0	false	2	188973738063	1	65536
7921302	175172	32ff3e9741323030	160701304065	350102	true	1	160701304065	1	65536
7921668	175181	2fe820c423232210	274277206174	0	false	1	274277206174	1	65536
7921745	175182	38de37fec1132300	89469854180	0	false	3	89469854182	1	65536
7922367	175196	2163412dd2012320	238998072944	0	false	8	238998072951	1	65536
7926177	175280	2bbc0f3390303300	135404810459	0	false	1	135404810459	1	65536
7928930	175342	262d9c7033030000	197107514985	0	false	1	197107514985	1	65536
7930433	175375	23f0ef8be1030330	239732034332	0	false	2	239732034333	1	65536
7930707	175381	2f7c204102012200	86215261543	0	false	18	86215261560	1	65536
7931266	175393	2763d41961202110	31420911325	1	true	1	31420911325	1	65536
7931554	175400	041c111701031210	266183266609	0	false	8	266183266616	1	65536
7931562	175400	0110e003c1203212	223749403472	0	false	4	223749403475	1	65536
7932984	175431	075c341f11230321	259689240008	0	false	2	259689240009	1	65536
7934414	175463	200d071fc3311331	284534423289	0	false	3	284534423291	1	65536
7934817	175472	2790c3ecf3010130	82628410206	0	false	4	82628410209	1	65536
7935895	175496	00d4eaae51300330	177270675371	0	false	16	177270675386	1	65536
7936027	175499	03cff239c0120303	85712748011	0	false	1	85712748011	1	65536
7936640	175513	3dc3503f20030100	68929415364	0	false	1	68929415364	1	65536
7938152	175546	203f342833131300	262616440907	0	false	1	262616440907	1	65536
7938747	175559	26bbe0d172201321	156540278845	350134	true	1	156540278845	1	65536
7938777	175560	02dd5d14f0010210	128148341503	0	false	4	128148341506	1	65536
7938977	175564	04dce00182002303	129009180523	0	false	1	129009180523	1	65536
7939071	175566	0259d26b40222113	262442833084	548820	true	1	262442833084	1	65536
7939428	175574	33d0f5f8c3202310	196786520852	0	false	2	196786520853	1	65536
7942561	175645	37a0c13452021010	267662278221	627526	true	1	267662278221	1	65536
7942688	175647	215ff1c280330300	36446407938	0	false	3	36446407940	1	65536
7945448	175708	0333d0c303303302	198961767322	0	false	1	198961767322	1	65536
7945838	175717	27455ea4f0231200	185948713049	0	false	1	185948713049	1	65536
7946362	175728	031fe0ac31330003	48981025941	0	false	1	48981025941	1	65536
7946627	175734	03037c0023001130	44627011912	0	false	4	44627011915	1	65536
7946643	175735	0743f70141003031	58436469963	0	false	1	58436469963	1	65536
7947046	175743	014af06b80031310	136245119013	0	false	4	136245119016	1	65536
7954202	175901	03c1a0c300123320	279589759361	0	false	2	279589759362	1	65536
7954224	175902	2031820600020330	150976349032	0	false	2	150976349033	1	65536
7954260	175903	3026514033010330	40002454964	0	false	2	40002454965	1	65536
7955193	175923	2f45eb5a51021010	155522681450	350134	true	1	155522681450	1	65536
7955912	175940	2e2beb87e2301320	46606641615	0	false	13	46606641627	1	65536
7956516	175952	03ffd01220033302	83538496330	292852	true	1	83538496330	1	65536
7956534	175953	2bf420fd31131310	160022636472	0	false	7	160022636478	1	65536
7957139	175966	247a0a7ae0110120	265671410605	0	false	17	265671410621	1	65536
7958800	176003	23be0828c3203300	229231989785	0	false	15	229231989799	1	65536
7959289	176014	2302640041202200	26425066422	0	false	1	26425066422	1	65536
7959588	176021	2dee554ff1111111	147693583479	130082	true	2	147693583480	1	65536
7959827	176026	005ff014f0002001	169721732609	0	false	1	169721732609	1	65536
7961496	176063	001c7e32c2003003	265174636344	0	false	9	265174636352	1	65536
7961609	176066	32c41432b0230030	140491731615	0	false	2	140491731616	1	65536
7962303	176081	330fd43703030300	199071999951	0	false	1	199071999951	1	65536
7962829	176093	03eb3ea001000003	125899521635	0	false	15	125899521649	1	65536
7966881	176182	0212b34080201020	275195318470	0	false	3	275195318472	1	65536
7969706	176245	0b35d0c440100032	225620694997	0	false	2	225620694998	1	65536
7969961	176251	039c23cb80010332	294456655152	0	false	1	294456655152	1	65536
7971443	176283	02ae1c6380133112	152990404096	0	false	3	152990404098	1	65536
7971884	176293	20b74e7f33303220	48597071152	0	false	1	48597071152	1	65536
7973874	176338	0f360abef3000310	74313660540	0	false	23	74313660562	1	65536
7974294	176347	2b8d2663a0021301	213805295063	0	false	6	213805295068	1	65536
7974557	176353	320203b080110200	59765333829	0	false	7	59765333835	1	65536
7974909	176360	3975c004c1130030	36352249794	0	false	16	36352249809	1	65536
7977799	176424	32509efa73222320	225283230021	0	false	18	225283230038	1	65536
7978155	176432	22b3c3f2d2000230	188880874437	0	false	2	188880874438	1	65536
7979194	176455	239205e550032020	203613388712	0	false	18	203613388729	1	65536
7979576	176464	3340b11c40033000	122047391851	0	false	2	122047391852	1	65536
7979980	176473	300e9008c0330020	246733403609	0	false	7	246733403615	1	65536
7980819	176492	0200a2af40303121	30861734729	0	false	7	30861734735	1	65536
7980916	176494	20505014f0301310	247381114557	0	false	3	247381114559	1	65536
7981236	176501	0348c481f0301102	219905745140	0	false	1	219905745140	1	65536
7981651	176510	04be7a5ca3331110	33263093844	0	false	9	33263093852	1	65536
7981777	176513	25e7e26e82320310	191766576000	0	false	1	191766576000	1	65536
7982495	176529	21c2f20300303000	81130799976	140360	true	1	81130799976	1	65536
7982989	176540	2706df9470120320	263857184468	0	false	4	263857184471	1	65536
7983948	176562	3a13cff3a0000310	54039430620	1	true	1	54039430620	1	65536
7985852	176604	327a0195d3333030	197559388918	0	false	32	197559388949	1	65536
7987070	176630	013d3df8e0110220	232457889296	3	true	1	232457889296	1	65536
7988298	176657	3643b1e3f3033320	142970947283	0	false	5	142970947287	1	65536
7988610	176664	300a4e3200010000	206487778401	0	false	1	206487778401	1	65536
7990478	176705	345efb0383012330	98359546091	0	false	1	98359546091	1	65536
7991014	176717	34ddff4b93330320	84186022349	0	false	25	84186022373	1	65536
7991269	176723	310f11c382030210	187560489778	0	false	1	187560489778	1	65536
7991955	176738	01e79f45e3323123	119736480780	0	false	32	119736480811	1	65536
7994206	176788	2de312f400310010	266498984937	0	false	6	266498984942	1	65536
7994287	176790	00233f4310033100	174915020357	0	false	1	174915020357	1	65536
7997014	176850	29fc2b5f00103110	216508197425	0	false	6	216508197430	1	65536
7997059	176851	050e67edf0021202	45754788868	0	false	19	45754788886	1	65536
7997290	176856	3af820f070000030	246930888563	0	false	3	246930888565	1	65536
7998174	176876	33d400cf71001020	265114548197	0	false	9	265114548205	1	65536
7999710	176910	238333fcf2003010	282012750460	2108897	true	1	282012750460	1	65536
8000756	176933	023e331e22301111	174519263392	0	false	43	174519263434	1	65536
8002048	176961	0dde03d340200000	279419471712	0	false	6	279419471717	1	65536
8002456	176970	334b7cb2c3033310	180752000792	0	false	1	180752000792	1	65536
8002639	176974	3077f72c30002200	76454272107	0	false	6	76454272112	1	65536
8004028	177005	252eaf54b1320220	293833440457	0	false	4	293833440460	1	65536
8004702	177020	02023e3673010231	181001382841	0	false	1	181001382841	1	65536
8006205	177052	03a4303012030223	266877260290	0	false	9	266877260298	1	65536
8006691	177063	2124ffa3c3333120	237288247632	1560	true	45	237288247676	1	65536
8007512	177081	23ff352123301200	113976846601	350134	true	1	113976846601	1	65536
8007551	177082	033e000f83330311	208644781704	0	false	2	208644781705	1	65536
8007807	177087	2c12142731302011	60328868211	0	false	3	60328868213	1	65536
8007914	177090	30274338f1323310	151245516204	0	false	10	151245516213	1	65536
8008043	177093	2f6ff8fff1331000	72684815074	0	false	2	72684815075	1	65536
8008423	177101	03fc8410b3303330	67391854152	0	false	4	67391854155	1	65536
8009224	177118	00e10df842123123	126261656923	0	false	4	126261656926	1	65536
8009848	177132	176994da61321121	145979771135	350134	true	1	145979771135	1	65536
8011840	177178	03ff4bdf63330330	44956693099	0	false	2	44956693100	1	65536
8012849	177200	3490c370d0033000	278673513964	0	false	16	278673513979	1	65536
8013056	177205	0000c3f8c3300003	61155661362	0	false	1	61155661362	1	65536
8013370	177212	03f2f0c082112332	286365594527	0	false	2	286365594528	1	65536
8013733	177220	334303be03230230	170760955116	0	false	3	170760955118	1	65536
8015436	177257	2052cfcfa1302300	211494805616	0	false	1	211494805616	1	65536
8015922	177268	34d9f804d1320010	226953631636	0	false	4	226953631639	1	65536
8016517	177281	0314ae4203123302	87810320791	0	false	34	87810320824	1	65536
8017848	177310	378e92fd20333220	272051190280	0	false	1	272051190280	1	65536
8018735	177330	02770f4ab1003120	240579885441	0	false	1	240579885441	1	65536
8018908	177334	34624d7cd3022000	24368881282	0	false	1	24368881282	1	65536
8019227	177341	28cfff70c1003130	69199002417	0	false	7	69199002423	1	65536
8020026	177358	2ff8e0fe23033000	203539914815	0	false	5	203539914819	1	65536
8020341	177366	30508248e1302120	123213670127	0	false	1	123213670127	1	65536
8021394	177389	0553e805d0113123	133940769196	0	false	10	133940769205	1	65536
8023032	177425	2cae210f23113330	77484420643	0	false	4	77484420646	1	65536
8023614	177438	0301e0fdf0123032	88409852442	0	false	3	88409852444	1	65536
8025020	177469	2097bb7033310030	54805689089	0	false	1	54805689089	1	65536
8025145	177472	201af13901310100	160902564647	0	false	1	160902564647	1	65536
8026217	177495	38957ebd73110010	144448291858	0	false	2	144448291859	1	65536
8026323	177498	3780cf1d13113300	129198328138	0	false	1	129198328138	1	65536
8026529	177502	338a730210222330	187021637769	0	false	4	187021637772	1	65536
8026991	177512	0410feff00003323	8125012665	0	false	3	8125012667	1	65536
8027304	177519	27d09d36a3231010	205648580872	140360	true	1	205648580872	1	65536
8029355	177565	073be38083203330	231167152052	0	false	7	231167152058	1	65536
8031672	177615	21941ad3e2102301	250784132212	0	false	1	250784132212	1	65536
8031956	177622	2243220c71132330	15040277346	0	false	2	15040277347	1	65536
8033682	177660	0127bc5cf3030300	223882498442	0	false	1	223882498442	1	65536
8034163	177671	0781765af1323121	196213003478	0	false	25	196213003502	1	65536
8036502	177722	23994966b3231020	216986992936	0	false	1	216986992936	1	65536
8037259	177738	0134307fb0200023	174412352229	0	false	41	174412352269	1	65536
8037547	177745	030fc0cf32012333	223300909445	0	false	4	223300909448	1	65536
8038068	177756	2101082021011100	99923302206	0	false	4	99923302209	1	65536
8038601	177768	275f4d7571323330	260701376980	0	false	1	260701376980	1	65536
8039006	177777	323f3f0bc3330200	61021184752	0	false	7	61021184758	1	65536
8039737	177792	3124937ae2111320	147441254159	0	false	9	147441254167	1	65536
8040045	177799	24db6f5be3001021	155391329024	0	false	5	155391329028	1	65536
8043512	177877	0156c3cf40231000	277753293480	0	false	3	277753293482	1	65536
8045947	177931	294160a5c3000120	3036395613	0	false	2	3036395614	1	65536
8048268	177984	24d23008c3003011	283077292466	0	false	3	283077292468	1	65536
8049630	178014	06a8f5fd20333022	1043218523	0	false	1	1043218523	1	65536
8050158	178025	3c0c038101332000	9839953565	0	false	23	9839953587	1	65536
8051100	178046	2e7a29ccf0332030	72727134737	0	false	27	72727134763	1	65536
8052614	178079	26e74619d1031020	4171425933	0	false	24	4171425956	1	65536
8053540	178100	32011630f3131210	59439062881	0	false	2	59439062882	1	65536
8054316	178117	2f0f37db03220230	243197249372	0	false	3	243197249374	1	65536
8054413	178119	30fc7c8c91031300	191764939925	0	false	7	191764939931	1	65536
8055103	178134	22000a39c3020320	208597428302	0	false	2	208597428303	1	65536
8055306	178139	200687fd73103200	40949807773	0	false	1	40949807773	1	65536
8058515	178210	058c4d11d0200022	192107306249	0	false	10	192107306258	1	65536
8058860	178217	25fe78e471300010	87556491365	0	false	1	87556491365	1	65536
8058906	178218	017ebf7503223122	2952082984	0	false	1	2952082984	1	65536
8059567	178233	2426fe9681121211	28776929600	0	false	1	28776929600	1	65536
8060537	178255	23cc3cfa21032000	277186283302	0	false	13	277186283314	1	65536
8061652	178280	22504f5e61212300	272643190133	350134	true	1	272643190133	1	65536
8061689	178281	023ccb04d0210320	127297201544	0	false	1	127297201544	1	65536
8062914	178308	2496ba2dc2321020	30234439445	0	false	1	30234439445	1	65536
8063436	178319	263c3075d0130120	156138940663	0	false	14	156138940676	1	65536
8064715	178349	338dc4fb33310210	198462413632	0	false	6	198462413637	1	65536
8065203	178359	0714cabd13133101	211933649333	0	false	18	211933649350	1	65536
8066472	178388	02331b4b20300302	185745805056	0	false	2	185745805057	1	65536
8066655	178392	2569a63492222331	269829780079	0	false	1	269829780079	1	65536
8066718	178393	2e690999a2322300	111876717901	0	false	21	111876717921	1	65536
8068671	178436	2af8c1d271001030	279704416386	0	false	2	279704416387	1	65536
8068762	178438	3030c01200032030	80825520904	3	true	1	80825520904	1	65536
8068990	178443	014f8c88a2330203	204451312880	0	false	1	204451312880	1	65536
8070395	178475	3f0c33c403100100	10922692933	0	false	1	10922692933	1	65536
8071119	178491	303a807490113130	198612096137	0	false	4	198612096140	1	65536
8072425	178520	3b72cf1f72023200	117728434163	0	false	3	117728434165	1	65536
8073464	178542	21009ce9c0023320	57221935976	0	false	1	57221935976	1	65536
8073543	178544	2682e84d92031110	190339678077	0	false	1	190339678077	1	65536
8073708	178548	01392c30e3003013	103893990662	140360	true	1	103893990662	1	65536
8074347	178562	3b353dd751023200	71880849703	0	false	25	71880849727	1	65536
8074753	178571	20dbd90c51002220	272818002074	0	false	5	272818002078	1	65536
8075578	178589	003f340000003103	150032730310	0	false	2	150032730311	1	65536
8077783	178638	392f057900020100	199706454681	0	false	8	199706454688	1	65536
8079076	178666	2e07e33730210201	35841238034	0	false	1	35841238034	1	65536
8079276	178670	27bcfe0133033110	109185329780	0	false	2	109185329781	1	65536
8079972	178686	2f0800fc32030300	163416433299	140360	true	1	163416433299	1	65536
8080669	178701	012c7bc523201131	142515500016	0	false	1	142515500016	1	65536
8081190	178712	217cdc3fa0230130	70118739716	0	false	1	70118739716	1	65536
8081724	178724	37f1ea1d20123200	31363133121	0	false	10	31363133130	1	65536
8084545	178786	227d288c21003110	188466931486	0	false	1	188466931486	1	65536
8085187	178800	21c330c203030301	203839064009	0	false	1	203839064009	1	65536
8085838	178815	20007f1420321000	155622299397	0	false	2	155622299398	1	65536
8088640	178876	350b2ffaa3102100	251113149230	38	true	1	251113149230	1	65536
8089533	178896	2843b0c5c1230020	294378183959	0	false	1	294378183959	1	65536
8090319	178913	300dd436f0102130	48004106331	0	false	2	48004106332	1	65536
8092415	178959	30004c0ea0000300	153019384365	0	false	3	153019384367	1	65536
8094100	178997	29d0000f23133300	173226886597	0	false	1	173226886597	1	65536
8094892	179014	060e252232303332	139299130875	0	false	5	139299130879	1	65536
8095761	179033	27be38ebc2300330	289096267917	118715	true	1	289096267917	1	65536
8095978	179038	3920cd1920020010	70548173364	38	true	1	70548173364	1	65536
8100350	179136	03ffa37020230032	246056930843	118715	true	2	246056930844	1	65536
8101683	179166	2107e7c543030010	114551243595	0	false	5	114551243599	1	65536
8102712	179189	281e3aeca0330110	279434497259	0	false	54	279434497312	1	65536
8104975	179239	2313ce30f0002231	66441417572	0	false	5	66441417576	1	65536
8107804	179301	0272248100100020	188154223119	0	false	1	188154223119	1	65536
8108359	179314	20f27533f3311100	119782793447	0	false	1	119782793447	1	65536
8109176	179332	26db5e74b3231020	50483343382	0	false	3	50483343384	1	65536
8113398	179425	23fdd45c70313330	172052151294	0	false	11	172052151304	1	65536
8113948	179437	2674324110222100	262795658273	0	false	4	262795658276	1	65536
8114737	179453	0203003141133333	15285379694	0	false	7	15285379700	1	65536
8114745	179454	29756452f2230330	84651110396	0	false	2	84651110397	1	65536
8115194	179463	2078ba8c83030230	212352248791	0	false	1	212352248791	1	65536
8116223	179486	223930d970033010	195352313992	0	false	3	195352313994	1	65536
8119117	179551	23fe192313310000	180741365091	0	false	6	180741365096	1	65536
8122988	179637	2bcc8ef403033210	192636572722	0	false	2	192636572723	1	65536
8123150	179640	2b9522ba81010100	262025403350	0	false	1	262025403350	1	65536
8125899	179702	2c30f1af13002200	50351414360	0	false	1	50351414360	1	65536
8126564	179717	313fcfc003133300	277993102733	2153641	true	1	277993102733	1	65536
8126967	179726	219ba4aaf2122230	209881079762	0	false	2	209881079763	1	65536
8128185	179752	00095e4d50213020	40305812809	0	false	1	40305812809	1	65536
8131852	179833	2e483e3343330020	129750024731	0	false	9	129750024739	1	65536
8133049	179860	2702f3e480333330	143557846409	0	false	2	143557846410	1	65536
8134904	179902	3524fc2900323120	192887944902	0	false	12	192887944913	1	65536
8135358	179912	349ee29a41322120	79282585474	350134	true	1	79282585474	1	65536
8136550	179939	2f7c784541020030	273868193710	0	false	3	273868193712	1	65536
8136918	179947	282eeb0fd2011011	267995147181	130006	true	1	267995147181	1	65536
8138429	179980	3040fffde1310330	234049662952	0	false	1	234049662952	1	65536
8138573	179983	07cacf3e01030131	249118505452	0	false	1	249118505452	1	65536
8138809	179988	334f2b12c3313100	76153016091	0	false	1	76153016091	1	65536
8138868	179990	37cfe0b0c1303130	143768524490	0	false	34	143768524523	1	65536
8138898	179990	30a5f43003113220	4565728269	0	false	7	4565728275	1	65536
8138930	179991	2009139dc3203001	33573750259	0	false	4	33573750262	1	65536
8139251	179998	38cfd3ffc1030000	177374003833	0	false	9	177374003841	1	65536
8140229	180020	01f00cfc00332333	125203425131	856122	true	3	125203425133	1	65536
8141842	180056	030dfd7713311031	129662466888	0	false	30	129662466917	1	65536
8142433	180069	031c9cb7b0120131	239593963542	0	false	3	239593963544	1	65536
8142476	180070	0073c89203000110	198938654988	0	false	4	198938654991	1	65536
8142804	180078	3d27f28373132100	36198981950	0	false	3	36198981952	1	65536
8143509	180094	3173e433b3201130	86560363036	0	false	30	86560363065	1	65536
8143814	180100	0027c68ef1002203	287038485884	0	false	1	287038485884	1	65536
8145507	180137	2380770200210000	111007542271	0	false	22	111007542292	1	65536
8145957	180147	2511ec05b0233300	147931013377	0	false	1	147931013377	1	65536
8150118	180240	2b220fff10103000	118867222310	0	false	1	118867222310	1	65536
8151545	180272	35050115e0203300	32046603447	0	false	4	32046603450	1	65536
8153150	180307	253d2853c1331200	233748442923	0	false	1	233748442923	1	65536
8155090	180350	34025d0bf1231330	236193738573	0	false	21	236193738593	1	65536
8155371	180356	21f408ffa2333110	208543911556	0	false	4	208543911559	1	65536
8155491	180359	000e880cf0332312	143411756634	0	false	1	143411756634	1	65536
8155536	180360	3501523482200220	174444339462	0	false	1	174444339462	1	65536
8156081	180372	21368b4fa0020100	248886389748	0	false	1	248886389748	1	65536
8156374	180378	290c8c3e83321200	198869836534	0	false	3	198869836536	1	65536
8156951	180392	039eaf48e0321331	200806414408	154409	true	1	200806414408	1	65536
8157378	180401	273e89e3b2033000	279544334785	0	false	1	279544334785	1	65536
8157619	180406	252f9ce013320000	204404846068	0	false	18	204404846085	1	65536
8159652	180452	03f0c001f3000220	290445606820	0	false	2	290445606821	1	65536
8160982	180481	2f3c755e90303130	293905789299	0	false	6	293905789304	1	65536
8161493	180492	0113410653112031	135547272887	0	false	3	135547272889	1	65536
8162013	180504	2388651e41102030	30404767340	0	false	4	30404767343	1	65536
8163002	180526	25510b2e03300200	83829360871	0	false	2	83829360872	1	65536
8163104	180528	2276ed9a61231110	179676834871	0	false	48	179676834918	1	65536
8163587	180539	32f0092340203200	15537024723	0	false	14	15537024736	1	65536
8163952	180547	300277b8f3121300	65735367592	0	false	13	65735367604	1	65536
8165276	180577	0d582d84c1113210	194263868938	350134	true	1	194263868938	1	65536
8165672	180585	239d808001101310	64212229403	0	false	1	64212229403	1	65536
8165746	180587	200e400040330330	226880988428	0	false	5	226880988432	1	65536
8166311	180599	3410cff2d3000030	277972154415	0	false	1	277972154415	1	65536
8167703	180630	309e0c0953333000	111380491846	0	false	1	111380491846	1	65536
8168362	180645	20fc9978e3000200	37394415033	0	false	5	37394415037	1	65536
8169036	180660	2afd735050000010	239338421629	0	false	1	239338421629	1	65536
8169952	180681	0203141001301332	292120783620	1366357	true	1	292120783620	1	65536
8169981	180682	05f78f6213230123	146684775026	0	false	3	146684775028	1	65536
8173540	180762	24f5cc34b3132230	208825074091	0	false	8	208825074098	1	65536
8174202	180776	30031d1103032310	22911340908	0	false	2	22911340909	1	65536
8174220	180776	2ecc38cc40032300	128622561967	0	false	7	128622561973	1	65536
8174332	180779	22fff1fdc2012300	223111145121	1573	true	1	223111145121	1	65536
8174505	180783	33f10ceb10000300	207174570011	0	false	35	207174570045	1	65536
8174546	180784	0a3f34df23123002	249905430469	0	false	1	249905430469	1	65536
8175056	180794	224084f800331100	246460953061	0	false	22	246460953082	1	65536
8175270	180799	2fbe0210c3003010	179706509932	0	false	2	179706509933	1	65536
8175623	180807	2100e00513131001	247021107744	0	false	1	247021107744	1	65536
8176551	180827	2b4cf968f0020120	16888226896	0	false	3	16888226898	1	65536
8176737	180831	2b3a0a4c23320010	224739228386	140360	true	1	224739228386	1	65536
8176981	180837	039ef04700030322	236922578849	0	false	1	236922578849	1	65536
8178306	180866	22f4b33b33020331	23171542954	0	false	4	23171542957	1	65536
8178682	180874	33141163d0330030	293488372083	0	false	1	293488372083	1	65536
8178684	180874	00cc504583101223	150117383655	0	false	1	150117383655	1	65536
8181370	180934	28068f5011323000	203194955729	0	false	1	203194955729	1	65536
8181660	180941	21008e7a00323210	281872615342	0	false	9	281872615350	1	65536
8181804	180944	032cb4b683321011	293486688127	0	false	9	293486688135	1	65536
8182791	180965	2389d85371131321	162781080781	0	false	5	162781080785	1	65536
8182978	180969	373d4fc371021110	163403758541	0	false	10	163403758550	1	65536
8184683	181007	2238e0a230100200	283936921412	0	false	5	283936921416	1	65536
8185503	181026	300e2ef440023000	46433351110	0	false	1	46433351110	1	65536
8185848	181033	30803d52d3200030	64000419774	0	false	1	64000419774	1	65536
8186991	181059	07c3ace1e3120110	56967599456	0	false	1	56967599456	1	65536
8187560	181072	3b7ca03003233030	144456119205	0	false	1	144456119205	1	65536
8188750	181098	37f2b8d7a1322200	31335466477	0	false	1	31335466477	1	65536
8192503	181179	0526c2c120313300	96700275047	0	false	1	96700275047	1	65536
8193561	181203	243e559c91110320	215356563847	0	false	4	215356563850	1	65536
8194075	181214	0345303d10220110	229613707802	0	false	5	229613707806	1	65536
8194894	181232	33afed4081003000	40633983407	0	false	41	40633983447	1	65536
8195878	181254	093c687882010120	128160773767	0	false	4	128160773770	1	65536
8196207	181261	2030f10732312030	195384064217	292855	true	1	195384064217	1	65536
8197012	181279	3443833ff0132130	214615133492	0	false	6	214615133497	1	65536
8198325	181308	03bf18c132330331	232794430597	0	false	6	232794430602	1	65536
8199170	181326	02aa5a2553323032	75655963633	0	false	4	75655963636	1	65536
8199428	181332	03ff7bddf0003330	205801533095	175375	true	1	205801533095	1	65536
8201475	181377	03fe189cb0301331	167021694820	0	false	10	167021694829	1	65536
8201778	181384	3c51f538d1230230	142186056984	0	false	5	142186056988	1	65536
8203775	181427	033480f430300033	7409055255	1730883	true	1	7409055255	1	65536
8204240	181437	03ce8eaa00231311	211554856971	0	false	1	211554856971	1	65536
8205308	181460	02ff00b2a1330230	56053626559	0	false	4	56053626562	1	65536
8205614	181467	090f42b523021123	125857436880	0	false	1	125857436880	1	65536
8206035	181476	27622e1a32321020	144490532474	0	false	1	144490532474	1	65536
8208215	181524	25974496d2120120	111910511013	350134	true	1	111910511013	1	65536
8208592	181533	2ef4faace1200230	251584787858	0	false	1	251584787858	1	65536
8209487	181553	3030ecdf30303310	294233163369	0	false	5	294233163373	1	65536
8209899	181563	24b80bba02013100	111571905322	0	false	4	111571905325	1	65536
8211006	181586	200eca28c2301001	165869106980	0	false	1	165869106980	1	65536
8211932	181607	20ffc0fc03003300	119850873729	3	true	1	119850873729	1	65536
8213714	181646	23bfc41541002101	139167776042	0	false	5	139167776046	1	65536
8214309	181660	2a43a4d253301211	151499795133	0	false	3	151499795135	1	65536
8218172	181745	2fbe39fad0220000	41243196218	140360	true	1	41243196218	1	65536
8218753	181758	27cd0d0b33023200	227234971350	0	false	4	227234971353	1	65536
8218902	181761	33f49f3473200010	297217107181	0	false	1	297217107181	1	65536
8218905	181761	33035fbdc3102230	171816893411	0	false	1	171816893411	1	65536
8220365	181793	30c5e3f0d0333300	292216350832	0	false	11	292216350842	1	65536
8220866	181804	22591450a1201201	175666373240	0	false	34	175666373273	1	65536
8220979	181807	2b4ef9ece0300000	67873076780	0	false	3	67873076782	1	65536
8221402	181816	03f9078ff3032223	9122882887	0	false	2	9122882888	1	65536
8221670	181822	200c3900f0011300	206578830347	0	false	3	206578830349	1	65536
8222227	181834	309b9a8831123010	155666728293	0	false	5	155666728297	1	65536
8223483	181862	037ec0c1f0303331	226557414979	0	false	41	226557415019	1	65536
8224370	181882	00fffc0853000300	282137466612	0	false	3	282137466614	1	65536
8224604	181887	33482f0e00301220	225608084395	0	false	1	225608084395	1	65536
8224739	181890	2215923740002120	73640904234	0	false	1	73640904234	1	65536
8225113	181898	323f84b040020300	157072228296	0	false	50	157072228345	1	65536
8225148	181899	094d315383120000	261562341362	0	false	2	261562341363	1	65536
8225336	181903	2340c44230010001	218987990335	0	false	1	218987990335	1	65536
8227517	181952	0041cdf3f3330322	151915304471	0	false	4	151915304474	1	65536
8227745	181958	26817b9e32133211	122316937568	350134	true	2	122316937569	1	65536
8228826	181982	03f1df7170323323	199500784392	0	false	2	199500784393	1	65536
8229756	182002	2ff3fff243130330	127773796348	0	false	7	127773796354	1	65536
8230019	182008	01fb020d01300233	192342804690	0	false	5	192342804694	1	65536
8230093	182010	03579010f1003120	245307514659	0	false	10	245307514668	1	65536
8230674	182022	2fcdfb7ff0032000	81477721440	0	false	6	81477721445	1	65536
8230904	182028	02ff3800a3133030	234499530786	0	false	14	234499530799	1	65536
8230941	182029	3023fc0fc3033330	146147744466	0	false	1	146147744466	1	65536
8231826	182048	2333873470002300	195060376105	0	false	2	195060376106	1	65536
8233189	182078	033aa0eac0210000	84334689923	0	false	5	84334689927	1	65536
8233971	182096	0264818bd3023202	267044938940	0	false	2	267044938941	1	65536
8234047	182097	02d2a65412023101	152482372112	0	false	2	152482372113	1	65536
8235095	182121	3b9ba6aa23322000	286788225763	0	false	29	286788225791	1	65536
8235604	182132	226428fbc0230000	2212912271	0	false	1	2212912271	1	65536
8235667	182133	0348a7f223001011	126527598987	0	false	2	126527598988	1	65536
8236125	182143	0040813000200033	185375404688	40	true	1	185375404688	1	65536
8238136	182187	2788303f00022300	13729616766	0	false	2	13729616767	1	65536
8239339	182214	033427e3c2320003	97702921743	0	false	4	97702921746	1	65536
8240431	182238	30083d50e0303320	29753836428	0	false	3	29753836430	1	65536
8241757	182267	2d1eea0bd2310030	270747187965	0	false	5	270747187969	1	65536
8242638	182286	210da2fe00131120	263848460699	0	false	1	263848460699	1	65536
8242765	182289	00201cd071021103	221868143911	0	false	5	221868143915	1	65536
8243375	182303	3301011300003200	229648116723	140360	true	1	229648116723	1	65536
8243421	182304	0b8e780033300300	23742173794	0	false	2	23742173795	1	65536
8244096	182319	234fc0c342223131	202839690500	0	false	2	202839690501	1	65536
8244344	182324	23a7de3c00203330	50832071065	0	false	1	50832071065	1	65536
8246175	182365	0208bc3830121122	121862717141	0	false	10	121862717150	1	65536
8246424	182371	2fff77ef51311010	64722893713	0	false	3	64722893715	1	65536
8247117	182386	00331f09c3232200	281833445503	0	false	8	281833445510	1	65536
8250311	182456	31135fa103312000	42258175384	0	false	1	42258175384	1	65536
8250918	182469	273c0fec03330300	123622749016	0	false	1	123622749016	1	65536
8251130	182474	0172f08fd3130321	293844505727	0	false	1	293844505727	1	65536
8252864	182513	20d2383cd0333330	206647729016	0	false	5	206647729020	1	65536
8254745	182554	23dc38f4d1310330	215296753374	0	false	16	215296753389	1	65536
8255459	182570	2b7e36d763311300	121866627493	0	false	1	121866627493	1	65536
8256053	182583	00f37a1cc0300310	177318090472	0	false	1	177318090472	1	65536
8256522	182594	03dcbe88f0321120	15643943560	0	false	8	15643943567	1	65536
8257145	182607	28200e9772003120	46612216669	0	false	9	46612216677	1	65536
8257231	182609	2ff32433c1231030	257875975016	0	false	4	257875975019	1	65536
8258773	182643	27b0887e70100330	108924515460	0	false	1	108924515460	1	65536
8260094	182672	24178dd433030111	269781049089	0	false	4	269781049092	1	65536
8260443	182680	0233e05000301110	288884725477	0	false	7	288884725483	1	65536
8262300	182721	301e4d3f33021330	180154418687	0	false	4	180154418690	1	65536
8263257	182742	01d7d0cfb2020313	79199058552	0	false	45	79199058596	1	65536
8263352	182744	2ff5c32d70031330	197879815968	0	false	1	197879815968	1	65536
8266574	182816	373b33bd51303330	205839929696	118715	true	1	205839929696	1	65536
8266909	182823	209e23e0c1301330	57952281072	0	false	3	57952281074	1	65536
8266995	182825	03a203bcf3321303	103251280578	0	false	1	103251280578	1	65536
8267034	182826	0166038083203302	162159930140	0	false	1	162159930140	1	65536
8267056	182826	312b016603000320	189821786552	0	false	1	189821786552	1	65536
8267155	182829	030681d041121301	228313681114	116494	true	1	228313681114	1	65536
8268025	182848	2395ff6ff1030300	44606074877	0	false	3	44606074879	1	65536
8269960	182890	2fd2700cf2331030	92417602975	0	false	6	92417602980	1	65536
8271398	182923	37232d0533032000	64561808330	0	false	2	64561808331	1	65536
8272711	182951	027fd020a3000203	144774316766	0	false	9	144774316774	1	65536
8272782	182953	0048905070000100	62203896036	0	false	3	62203896038	1	65536
8273204	182962	053313cb00333202	165465366309	0	false	2	165465366310	1	65536
8275297	183009	240edd4282010100	143313452943	0	false	15	143313452957	1	65536
8275620	183016	070319cd93022300	115561303546	0	false	8	115561303553	1	65536
8277856	183066	2733408763032301	49398224377	0	false	3	49398224379	1	65536
8278417	183078	010e03d2b0300032	179780083643	0	false	3	179780083645	1	65536
8278623	183083	3753f4d020300000	200491222739	0	false	13	200491222751	1	65536
8281896	183156	2e3c9df381102110	279126239297	292852	true	1	279126239297	1	65536
8282653	183173	25f4208570010010	220050283934	0	false	2	220050283935	1	65536
8282846	183177	2017c78c12031000	164660726561	0	false	3	164660726563	1	65536
8282849	183177	0208cf8de1133001	62633337484	0	false	6	62633337489	1	65536
8282945	183179	0be8c2f7e3300002	160157377968	0	false	16	160157377983	1	65536
8283562	183193	21e3712c51110131	24669566885	0	false	9	24669566893	1	65536
8284125	183205	2f30054803220310	142948934528	0	false	10	142948934537	1	65536
8284849	183221	3201ec3230203130	173931758846	0	false	7	173931758852	1	65536
8284993	183225	207c084f32200200	212418901208	0	false	2	212418901209	1	65536
8285336	183232	1332299972100001	32438292040	0	false	7	32438292046	1	65536
8286360	183255	01fe493d40133010	110538073050	0	false	38	110538073087	1	65536
8289688	183327	23c382a073313101	228373691880	0	false	8	228373691887	1	65536
8289690	183327	2b302f57d3031321	204689425884	0	false	12	204689425895	1	65536
8290006	183334	03b7ddec00001210	37425178048	0	false	18	37425178065	1	65536
8290131	183337	24090fe3c3120301	145876854551	0	false	9	145876854559	1	65536
8290883	183353	0931730f50300120	10744815438	0	false	12	10744815449	1	65536
8291071	183358	0ff4c8caf3203100	10025916383	0	false	1	10025916383	1	65536
8292244	183383	2750210f02222010	58127228539	0	false	23	58127228561	1	65536
8292842	183396	23e7a92002301301	271916375862	0	false	1	271916375862	1	65536
8293484	183411	34dc4c3f02313130	95587222209	0	false	2	95587222210	1	65536
8293963	183422	2344dbff81213100	188603765796	0	false	1	188603765796	1	65536
8294009	183423	27ebe77f03101001	19471811651	0	false	3	19471811653	1	65536
8294871	183442	2f717d37f3003000	234188175647	0	false	1	234188175647	1	65536
8295807	183463	34f00551c3032200	125920093037	0	false	3	125920093039	1	65536
8297380	183498	06674fabf1212323	104175064236	0	false	2	104175064237	1	65536
8297588	183503	276eb70e60101020	293032000253	0	false	1	293032000253	1	65536
8297745	183506	073603f6c1330330	86793462195	0	false	1	86793462195	1	65536
8298318	183519	00afe02070001023	289364856943	0	false	1	289364856943	1	65536
8299663	183549	22adfcc482330310	108500475392	292819	true	1	108500475392	1	65536
8299882	183554	003073bf42200330	121429791366	0	false	3	121429791368	1	65536
8301208	183583	27afbfaf11321130	108753711928	0	false	1	108753711928	1	65536
8302277	183607	24a0ced393333010	133924165775	0	false	15	133924165789	1	65536
8303182	183627	0d6e3a7eb2212120	167131958158	0	false	2	167131958159	1	65536
8303224	183628	2350487f10002011	90051844896	0	false	2	90051844897	1	65536
8304362	183654	21d00d6ba0100130	114472129935	0	false	7	114472129941	1	65536
8304572	183658	22d8cde3f3332331	249558078748	0	false	2	249558078749	1	65536
8307433	183721	2f7fd0c500113100	10929403780	0	false	1	10929403780	1	65536
8308021	183735	372cdff0f3021020	297263700570	0	false	1	297263700570	1	65536
8309088	183759	02e79df230330333	219933465026	0	false	1	219933465026	1	65536
8310132	183782	3014028bb3312200	223661884912	0	false	1	223661884912	1	65536
8310170	183782	02bd0cc1c2303302	173890762919	0	false	1	173890762919	1	65536
8311264	183807	01fbba4323023310	62846756083	0	false	6	62846756088	1	65536
8311717	183817	2c9d1a1740013320	150047543399	0	false	4	150047543402	1	65536
8314284	183874	03c0257080300003	193675201114	0	false	4	193675201117	1	65536
8314305	183875	25f6e7e8e1103210	257875423870	0	false	1	257875423870	1	65536
8316010	183912	28fc80f3f0333120	85795053498	0	false	6	85795053503	1	65536
8316447	183922	24d72f9f83112100	266061676603	0	false	2	266061676604	1	65536
8316450	183922	23d2e3fd91201101	248450121669	0	false	12	248450121680	1	65536
8317763	183950	23f4f7fe80012010	10646403667	0	false	20	10646403686	1	65536
8318924	183976	3113c63633011210	158830709634	0	false	9	158830709642	1	65536
8319008	183978	05ea343382011000	3240166852	0	false	1	3240166852	1	65536
8319976	184000	3774434f33301100	108795663631	0	false	2	108795663632	1	65536
8321387	184031	07ff904e80302000	282230367155	0	false	19	282230367173	1	65536
8321731	184038	33f1c098a3211330	240889422321	0	false	1	240889422321	1	65536
8321872	184041	35f33d1003000300	147783395200	2100948	true	1	147783395200	1	65536
8324656	184104	2407378fd2310300	181850040871	0	false	15	181850040885	1	65536
8325070	184113	00443423c1101102	186399554893	0	false	10	186399554902	1	65536
8325081	184113	3037504d11102130	256411893055	0	false	4	256411893058	1	65536
8325250	184117	3f3443a760321000	85111292642	0	false	4	85111292645	1	65536
8326200	184139	01430d1f83203121	70924592110	0	false	2	70924592111	1	65536
8326431	184144	03bda85f91320102	228179172020	0	false	1	228179172020	1	65536
8326721	184150	0203916e53120210	96964187653	375171	true	1	96964187653	1	65536
8330026	184224	323ddd78f3331300	59782700519	0	false	2	59782700520	1	65536
8331063	184247	301bdcf573003030	162306209321	0	false	1	162306209321	1	65536
8331669	184261	30ffc04ca3033330	132616262661	0	false	32	132616262692	1	65536
8332949	184289	250cddb392133130	172336167614	3	true	1	172336167614	1	65536
8332973	184290	20060387d3332130	230942116605	0	false	7	230942116611	1	65536
8333435	184300	32bf947013232300	87825932433	0	false	1	87825932433	1	65536
8334324	184320	209d480211102100	23063034288	0	false	4	23063034291	1	65536
8334594	184326	37f363c0d0303030	166898776542	0	false	1	166898776542	1	65536
8337342	184387	00cf303302300213	257988812953	0	false	10	257988812962	1	65536
8339339	184431	27b0b87400030000	170305730371	0	false	2	170305730372	1	65536
8339513	184434	240207f400010220	70521496453	118715	true	1	70521496453	1	65536
8343441	184522	2998065603020001	206440933554	0	false	1	206440933554	1	65536
8344651	184549	2b0c60a850132320	222892166210	1	true	1	222892166210	1	65536
8344733	184551	039fc5fcc3012010	177706597669	0	false	26	177706597694	1	65536
8346632	184593	03fc5fc0f3332131	34754302007	0	false	14	34754302020	1	65536
8346811	184597	200a396df1322301	229299145109	0	false	1	229299145109	1	65536
8347204	184605	3a7a0215e0312310	243911687307	0	false	3	243911687309	1	65536
8350835	184685	0278fefef3203301	96625487861	0	false	3	96625487863	1	65536
8353310	184740	0103e2be83230032	260738621534	0	false	1	260738621534	1	65536
8353460	184743	03de7dc060101303	85396499875	0	false	13	85396499887	1	65536
8353617	184747	039cf42300030101	142528931921	0	false	10	142528931930	1	65536
8354374	184763	03c60b3452121022	169867063371	0	false	5	169867063375	1	65536
8354919	184776	2c0c7b0020022000	80429849862	292853	true	1	80429849862	1	65536
8355076	184779	016588b421213013	95479209264	0	false	4	95479209267	1	65536
8355589	184790	007fc2d3c0033310	137490937603	0	false	3	137490937605	1	65536
8356449	184810	25dfd28dc2100330	202479157338	0	false	5	202479157342	1	65536
8356751	184816	2b73faec32303030	260858802499	140360	true	4	260858802502	1	65536
8357034	184822	31cc828333013320	192513854464	0	false	1	192513854464	1	65536
8357518	184833	33ffcf16c2310320	38007849860	0	false	2	38007849861	1	65536
8361695	184926	2ce37ddbe3022320	107589609283	0	false	6	107589609288	1	65536
8362773	184950	3502b2fde3310130	182713175937	0	false	1	182713175937	1	65536
8365275	185007	2f78907d70311120	172312675466	0	false	2	172312675467	1	65536
8365874	185021	20c40cfd40001011	275665623319	0	false	21	275665623339	1	65536
8366275	185030	33780fe4c2230200	100406502561	0	false	3	100406502563	1	65536
8366298	185030	0577df5a12120331	26972593506	0	false	8	26972593513	1	65536
8368868	185087	2da220f340113300	170131941216	0	false	1	170131941216	1	65536
8369950	185111	030c4e7700121130	173625808666	0	false	3	173625808668	1	65536
8372666	185172	3320f00163320020	108521588631	0	false	1	108521588631	1	65536
8377522	185279	24cf917900013300	140445433498	0	false	5	140445433502	1	65536
8377635	185282	27343e0f81233100	143377125378	0	false	20	143377125397	1	65536
8377710	185283	203fd4c073200331	248461715611	0	false	1	248461715611	1	65536
8381280	185363	22faf717c2102310	195244212021	1	true	1	195244212021	1	65536
8381919	185377	23b2139303312300	49995772242	118715	true	3	49995772244	1	65536
8383275	185408	02f334f3e3303132	234535149636	0	false	1	234535149636	1	65536
8383562	185414	0120fbeb51012110	113579310491	86445	true	11	113579310501	1	65536
8383950	185422	20d20de400203200	202760363096	0	false	4	202760363099	1	65536
8384235	185429	3413a7a641332330	165994451192	0	false	59	165994451250	1	65536
8385823	185464	02f34ca913113003	141199760084	0	false	1	141199760084	1	65536
8386432	185477	0300a0cc50301030	92778382061	0	false	1	92778382061	1	65536
8388065	185513	03ff9f0301330103	75371975616	0	false	13	75371975628	1	65536
8390059	185557	068cd97f21022330	262980863075	0	false	31	262980863105	1	65536
8390536	185567	24904feaf1012310	155477817435	0	false	1	155477817435	1	65536
8390550	185567	2d3eb3e250020300	112054791627	0	false	2	112054791628	1	65536
8391356	185585	358183be81111310	47113714167	0	false	1	47113714167	1	65536
8391444	185587	03f7608903123230	122366101600	0	false	1	122366101600	1	65536
8393158	185625	2fd013f7d2131300	94134252453	0	false	19	94134252471	1	65536
8394224	185649	03238cd080100003	201630332587	0	false	1	201630332587	1	65536
8394809	185662	2e55924160100330	241170130824	0	false	4	241170130827	1	65536
8395257	185671	03d3d3e8b0330122	25682994242	0	false	2	25682994243	1	65536
8395367	185674	020027f2b0203103	197348382776	0	false	7	197348382782	1	65536
8395435	185675	28b9e8ebb0332320	190931730565	0	false	1	190931730565	1	65536
8395909	185686	0320ff7923302123	15301894846	0	false	2	15301894847	1	65536
8397677	185724	033f33fde0223110	175494694220	0	false	3	175494694222	1	65536
8399029	185755	25328502f3333300	22515106249	0	false	13	22515106261	1	65536
8401542	185810	02cf0013d1220233	230102662899	0	false	1	230102662899	1	65536
8402956	185841	01473c00c3303023	89807432246	0	false	1	89807432246	1	65536
8403204	185847	0557496661210232	212338014734	350134	true	1	212338014734	1	65536
8403907	185862	037d429fe3220100	293306768709	0	false	1	293306768709	1	65536
8404191	185868	21748073c0000020	284817968818	0	false	19	284817968836	1	65536
8404354	185872	22300b2710100000	114192280660	0	false	2	114192280661	1	65536
8404844	185883	279e97eb10230030	137602135556	0	false	2	137602135557	1	65536
8404953	185886	00206283c0330123	275980772754	0	false	2	275980772755	1	65536
8405205	185891	2c9f3b4623331330	268301926727	0	false	1	268301926727	1	65536
8405270	185893	02fc037df1033102	261118908708	0	false	5	261118908712	1	65536
8406019	185909	0382d2da21202110	81636637482	548230	true	1	81636637482	1	65536
8406092	185911	29210ecfe0200030	210228300100	0	false	13	210228300112	1	65536
8406700	185925	30ff03ff83331330	94387333074	0	false	3	94387333076	1	65536
8408257	185959	37e35e8003303200	95917044905	0	false	1	95917044905	1	65536
8408670	185968	24e4c4adc1331300	130476948796	0	false	13	130476948808	1	65536
8408723	185969	2f45358800311120	165563629613	0	false	1	165563629613	1	65536
8409181	185979	2424b00033010000	173845083314	0	false	16	173845083329	1	65536
8412108	186043	0c0c07e390003200	45646675290	0	false	8	45646675297	1	65536
8414491	186095	05a5ae6a10111211	93796376360	0	false	1	93796376360	1	65536
8415286	186113	37f3fff4d3032320	132769604686	0	false	1	132769604686	1	65536
8415532	186118	2b548cfe83233010	149956928234	116494	true	1	149956928234	1	65536
8415744	186123	27f27a25a2320120	221273148674	140360	true	1	221273148674	1	65536
8415813	186124	0145265c71133010	138357680219	0	false	1	138357680219	1	65536
8416442	186138	304d04d153120010	96495663997	0	false	3	96495663999	1	65536
8416542	186140	2cce3f4f73300330	141151226880	0	false	1	141151226880	1	65536
8416823	186147	034fb02df3033303	214263855576	0	false	1	214263855576	1	65536
8417078	186152	03bfcbe610333130	230231879367	0	false	2	230231879368	1	65536
8417972	186172	312d1c52f2311000	62062292318	0	false	4	62062292321	1	65536
8418048	186174	3cffcf4011011210	74743273067	0	false	5	74743273071	1	65536
8419082	186197	29063de3c0300000	291477372747	0	false	1	291477372747	1	65536
8421846	186257	2d30cbe4a3303330	67332712668	0	false	7	67332712674	1	65536
8423488	186293	272a928952310120	187420080828	0	false	5	187420080832	1	65536
8423836	186301	2e3fccfad0303030	230993562301	0	false	10	230993562310	1	65536
8424981	186326	033fc03ae3313331	85699360986	0	false	15	85699361000	1	65536
8428023	186392	01cb8fc8e3003320	188453165076	0	false	3	188453165078	1	65536
8428372	186400	249f9629a2212010	283497514379	0	false	1	283497514379	1	65536
8429729	186430	239f432c33323331	176299202268	0	false	1	176299202268	1	65536
8429774	186431	0133f68ae3030033	134763453298	0	false	7	134763453304	1	65536
8432940	186501	0150317fd0030112	113507089665	0	false	3	113507089667	1	65536
8433469	186513	012cf98ab1233021	130016106712	0	false	1	130016106712	1	65536
8433878	186522	2103976a32030211	41698611675	0	false	18	41698611692	1	65536
8435715	186563	020b630cc0203223	36127788051	0	false	10	36127788060	1	65536
8437646	186606	06f3404f83330332	114030127788	0	false	13	114030127800	1	65536
8440088	186660	2f8814e813223101	121741311531	0	false	7	121741311537	1	65536
8440933	186679	02d150b830021033	50885576045	0	false	1	50885576045	1	65536
8442938	186723	2ec668d030003320	93805147830	0	false	3	93805147832	1	65536
8444355	186754	21cc954f72201300	246182669838	0	false	17	246182669854	1	65536
8444427	186755	233ccffbf3303330	25967292564	0	false	2	25967292565	1	65536
8444437	186756	35c4123fd0010030	139274404752	0	false	1	139274404752	1	65536
8445877	186788	22082f5a02332230	233243233721	0	false	1	233243233721	1	65536
8445903	186788	353500ccb0230130	256141717281	0	false	1	256141717281	1	65536
8446013	186791	28300d34f0320230	101505411300	0	false	1	101505411300	1	65536
8446686	186806	03df75e820333313	175758307133	0	false	12	175758307144	1	65536
8447012	186813	0b283db6d0131202	199132758606	0	false	6	199132758611	1	65536
8447793	186830	01fc57f780120330	151859038903	0	false	6	151859038908	1	65536
8447838	186831	208117f8c1033200	189895556557	0	false	1	189895556557	1	65536
8448174	186839	28b4c57de0200120	52862283892	0	false	11	52862283902	1	65536
8450119	186881	369cfb23a0312210	75025274743	0	false	3	75025274745	1	65536
8450548	186890	2385f767a2112100	179902628006	0	false	6	179902628011	1	65536
8452018	186923	3c2f808201010020	84928684521	0	false	4	84928684524	1	65536
8452157	186926	3d24804652220220	58372773586	350134	true	1	58372773586	1	65536
8452198	186927	075e34c3b1112022	286462117974	0	false	1	286462117974	1	65536
8453552	186957	2196498230020100	231889295493	0	false	2	231889295494	1	65536
8454132	186970	007d4fe992302020	107558368534	0	false	12	107558368545	1	65536
8454294	186973	2bdabde7d3021310	276830876609	0	false	3	276830876611	1	65536
8456738	187027	38fdcbdea2302310	32566699443	0	false	2	32566699444	1	65536
8457019	187034	32dfbfd5e3331000	157018089238	0	false	1	157018089238	1	65536
8457643	187047	3008bd37b1001110	28451157727	0	false	16	28451157742	1	65536
8461486	187134	30337c0933330100	162589928754	1393320	true	5	162589928758	1	65536
8461540	187135	3015885fd3121100	27255982192	0	false	2	27255982193	1	65536
8462664	187160	0343c37c30101301	214384070384	140360	true	1	214384070384	1	65536
8464491	187200	34ced4a251230320	95470676844	0	false	2	95470676845	1	65536
8464530	187201	2fe020a8c0113010	43335705917	0	false	3	43335705919	1	65536
8464541	187201	3280c2f7f2033210	285231056916	0	false	1	285231056916	1	65536
8467741	187271	330aff20f2300330	139125283375	0	false	2	139125283376	1	65536
8468262	187282	0341f21163200022	153046518878	0	false	19	153046518896	1	65536
8468318	187284	2a3efcd3f2201031	59917463422	0	false	4	59917463425	1	65536
8473157	187389	39ebaa7ea1021000	131720161453	401537	true	1	131720161453	1	65536
8475143	187433	03beb00370310131	46038841995	0	false	4	46038841998	1	65536
8475360	187438	2afa7802f0320000	61954397659	0	false	2	61954397660	1	65536
8475502	187441	20007d0411310331	186253413220	0	false	1	186253413220	1	65536
8477088	187476	27fe491022312030	245355673332	140360	true	2	245355673333	1	65536
8480985	187561	2422c87e52112101	87773406438	0	false	13	87773406450	1	65536
8481679	187576	01cf02fd22323201	12274916755	118715	true	2	12274916756	1	65536
8481797	187579	2c3f782f91012330	75696410368	0	false	3	75696410370	1	65536
8483081	187608	2af0003781333000	165601395463	0	false	14	165601395476	1	65536
8483417	187615	3122020b33010000	34187579003	0	false	1	34187579003	1	65536
8483695	187621	30042cb010033020	128509190204	0	false	3	128509190206	1	65536
8484310	187634	0233c4d9c2022233	107750178072	154409	true	1	107750178072	1	65536
8485326	187656	2dc3c14500033001	238433740396	0	false	1	238433740396	1	65536
8487055	187694	21040fc411313001	54728665931	0	false	6	54728665936	1	65536
8489950	187757	28f2a92cf2121311	7379983287	0	false	1	7379983287	1	65536
8490665	187773	0006b0e320320030	246577556563	0	false	1	246577556563	1	65536
8492282	187808	03fdfc5833323321	217797083874	0	false	5	217797083878	1	65536
8495783	187885	095e81a341101323	48099931650	350134	true	1	48099931650	1	65536
8498866	187953	2599df9d92120131	8763586425	0	false	1	8763586425	1	65536
8499519	187967	22395045f2130310	68472707353	0	false	2	68472707354	1	65536
8500153	187981	3100c43eb3020300	143912205597	0	false	2	143912205598	1	65536
8500477	187989	3d48e45ec0230200	83543586337	0	false	1	83543586337	1	65536
8500904	187998	264ac0be72300201	282128454321	140360	true	1	282128454321	1	65536
8502899	188042	250013e800303310	254882912720	0	false	12	254882912731	1	65536
8504128	188070	05c0b1cc02321030	144575740789	0	false	8	144575740796	1	65536
8505113	188092	0143fffdf0333220	149147427847	0	false	2	149147427848	1	65536
8507615	188147	2323a088e0010310	219454794574	2131372	true	1	219454794574	1	65536
8509503	188188	001e301000000332	233734847640	0	false	2	233734847641	1	65536
8510945	188221	23efde4840001000	264961869655	140360	true	1	264961869655	1	65536
8512345	188251	250e40c403021320	182143712225	0	false	12	182143712236	1	65536
8512542	188256	028d2a9202101120	122596610285	0	false	3	122596610287	1	65536
8515564	188322	28cf03f3f1003030	284635976276	0	false	47	284635976322	1	65536
8516282	188338	0743507490303330	135155567170	0	false	2	135155567171	1	65536
8516992	188354	02fd0d3141312231	77347425163	0	false	1	77347425163	1	65536
8517289	188361	2b0c301830330001	189539777452	0	false	1	189539777452	1	65536
8517899	188375	24e0fc1f82313030	32829743670	0	false	5	32829743674	1	65536
8520232	188427	3155d28c41201100	173777749604	0	false	9	173777749612	1	65536
8520917	188442	08f797c7e1330100	165707174469	0	false	3	165707174471	1	65536
8522616	188480	05ecb20be3100013	76750052265	0	false	2	76750052266	1	65536
8526433	188564	2fd49d8af1113110	260538252460	548349	true	1	260538252460	1	65536
8530890	188662	01c0529dd3103320	27906155894	0	false	1	27906155894	1	65536
8531075	188667	03ae79e982320122	90771910677	0	false	1	90771910677	1	65536
8531407	188674	2a42ff0001300300	47473513702	0	false	1	47473513702	1	65536
8532139	188690	02d979b371202302	216579880501	0	false	5	216579880505	1	65536
8533555	188722	06cf317fe0133130	248757548586	0	false	1	248757548586	1	65536
8535962	188776	2dd5748ff3023300	88035580540	0	false	26	88035580565	1	65536
8536417	188786	27ac009c00221330	88971897374	0	false	15	88971897388	1	65536
8536756	188794	25c4946521201021	115419354982	0	false	3	115419354984	1	65536
8537137	188802	23ccfbc082302030	72909286193	1653	true	1	72909286193	1	65536
8537281	188805	023df6a031200210	10621734984	0	false	13	10621734996	1	65536
8539889	188863	253cf8d080232301	284123526581	0	false	16	284123526596	1	65536
8540944	188886	302fdf6f43022300	293908998743	0	false	5	293908998747	1	65536
8541157	188890	03de900dc0100111	9049822725	0	false	7	9049822731	1	65536
8541588	188900	0401027f32302320	96000099762	0	false	4	96000099765	1	65536
8541751	188903	252fae83f3133120	135262562649	0	false	5	135262562653	1	65536
8543142	188935	25c0ff4333300230	222864550284	0	false	12	222864550295	1	65536
8543841	188950	028f4d8483033213	158831883764	0	false	4	158831883767	1	65536
8544283	188960	3bd7869131333210	54118125725	0	false	19	54118125743	1	65536
8545756	188994	24a98a1a72322021	274186226270	0	false	6	274186226275	1	65536
8546205	189004	2fffff30c3331010	102830844794	0	false	1	102830844794	1	65536
8546246	189005	2185d09072000011	268832523001	0	false	4	268832523004	1	65536
8548186	189048	3101af6271303130	47485647741	0	false	13	47485647753	1	65536
8548669	189059	0030210dc3033330	31379332162	0	false	3	31379332164	1	65536
8548686	189059	000f03cc43000031	228540733094	0	false	1	228540733094	1	65536
8549018	189066	2ec8ec80a0333130	59443786958	0	false	6	59443786963	1	65536
8550387	189097	2740eb0082210100	190692547321	0	false	17	190692547337	1	65536
8551652	189125	003af27d20320303	263473400559	0	false	1	263473400559	1	65536
8551952	189132	0e07fbe551331120	53340739665	0	false	12	53340739676	1	65536
8552256	189138	3202bfb471130330	84359698120	0	false	1	84359698120	1	65536
8552627	189146	2c4c14c773332130	276256946606	0	false	9	276256946614	1	65536
8552634	189147	28b0faae90002321	137929163134	0	false	2	137929163135	1	65536
8553400	189164	20002fd3f1103100	195652256435	0	false	9	195652256443	1	65536
8555420	189209	05d42e3200002302	20191467222	154409	true	2	20191467223	1	65536
8555776	189216	2fef8533a0122210	154587937359	0	false	5	154587937363	1	65536
8558032	189266	2287c80c20332001	155733875510	0	false	6	155733875515	1	65536
8558591	189279	0008230e33210230	273199174272	0	false	3	273199174274	1	65536
8558650	189280	05e5a14d80122222	130505978790	0	false	5	130505978794	1	65536
8559970	189309	2fd17f5973321030	203803491545	0	false	4	203803491548	1	65536
8560312	189316	20051fe383230030	3488455299	0	false	1	3488455299	1	65536
8560801	189327	234ca02433130230	273893191523	0	false	6	273893191528	1	65536
8560943	189330	06d234e072030302	238431057426	0	false	18	238431057443	1	65536
8561180	189335	38cbf008f0000200	12318292852	0	false	9	12318292860	1	65536
8561847	189350	3014d0f4c3002300	66012970560	0	false	1	66012970560	1	65536
8561996	189353	35f50c3c40210100	129854486940	0	false	11	129854486950	1	65536
8563196	189379	2360143ef1032010	213471176927	0	false	34	213471176960	1	65536
8564765	189414	023fdc0230003231	98668037874	0	false	2	98668037875	1	65536
8565357	189427	0032c1d493322212	120977364187	0	false	6	120977364192	1	65536
8565931	189440	008c058bb1310223	238391776359	0	false	1	238391776359	1	65536
8566972	189464	0238cf0013230033	17707652324	0	false	1	17707652324	1	65536
8567145	189467	0116fa0b31130020	199347404021	0	false	2	199347404022	1	65536
8570340	189537	0284c7ddc1022001	82368578816	0	false	1	82368578816	1	65536
8571231	189557	2912983cd1021020	214609220408	0	false	1	214609220408	1	65536
8573578	189609	0213e82302000003	39081640598	0	false	4	39081640601	1	65536
8573861	189615	2340a95a01121220	15519753576	0	false	1	15519753576	1	65536
8574376	189626	300f6350f3330030	195738663862	0	false	3	195738663864	1	65536
8574418	189628	2b37f6f100223310	260395799962	0	false	1	260395799962	1	65536
8574550	189631	22500bcfd3200311	295997447458	0	false	1	295997447458	1	65536
8575006	189641	33cdc41cb3212230	111578465620	292852	true	4	111578465623	1	65536
8576470	189673	35bf9fb023000130	275762277821	0	false	3	275762277823	1	65536
8578114	189709	20c0df0f31323300	84501860680	0	false	7	84501860686	1	65536
8578413	189715	28cd421082332130	93898479673	0	false	1	93898479673	1	65536
8580787	189768	2a4d3bbb61220010	140654197696	0	false	1	140654197696	1	65536
8581295	189779	3920515051333300	81246836758	0	false	3	81246836760	1	65536
8582596	189807	38942c33f1003320	91803898597	0	false	7	91803898603	1	65536
8584008	189839	228a40c340302300	107351196947	0	false	1	107351196947	1	65536
8585843	189881	05445cd3a0222203	47069884001	168278	true	2	47069884002	1	65536
8586137	189888	027e7fff50322010	77277164273	0	false	2	77277164274	1	65536
8586916	189906	04f55a5782032301	265441685743	0	false	1	265441685743	1	65536
8588339	189938	38c3a34a02033010	34257269393	0	false	10	34257269402	1	65536
8590547	189986	30e003d3f3300130	160492337875	0	false	1	160492337875	1	65536
8591842	190015	042ac50e91023030	80197137689	0	false	21	80197137709	1	65536
8592753	190036	2484f3ede2200310	292121155101	0	false	1	292121155101	1	65536
8594825	190082	03ff07a3a3231122	172563066970	0	false	7	172563066976	1	65536
8594915	190084	020fe4fc33332231	257680608307	0	false	1	257680608307	1	65536
8595256	190091	2ecbffd741313000	4667084777	0	false	1	4667084777	1	65536
8595535	190097	07ad0c0a62221211	107984757316	0	false	1	107984757316	1	65536
8596112	190110	33e3242352100200	157442157134	0	false	1	157442157134	1	65536
8597302	190136	30341c4cd0030130	6980526967	0	false	1	6980526967	1	65536
8597715	190145	3c247b1040322310	297258633651	0	false	13	297258633663	1	65536
8598185	190155	33c034d0f3001330	198703207149	0	false	8	198703207156	1	65536
8598271	190157	027de90370033131	57505304324	0	false	8	57505304331	1	65536
8598679	190166	260800cc30303130	164663721119	0	false	3	164663721121	1	65536
8598740	190168	034cb5e780100101	229199536359	0	false	1	229199536359	1	65536
8600397	190204	03f3c4bfc3333333	252652573963	0	false	1	252652573963	1	65536
8601139	190220	31408103c3030330	86860109599	0	false	1	86860109599	1	65536
8602093	190241	0af401fbc1210020	197724983666	0	false	3	197724983668	1	65536
8603431	190270	313c150f00333110	72400404805	0	false	1	72400404805	1	65536
8604063	190284	23d43209a1000100	6229229885	0	false	1	6229229885	1	65536
8604370	190291	228d2bf2c3002330	93424975907	0	false	39	93424975945	1	65536
8612824	190479	2477303c01003300	264407144698	0	false	4	264407144701	1	65536
8613118	190485	030f4714b3330330	278867332996	0	false	5	278867333000	1	65536
8613839	190501	2c4fb51073013200	125494312926	0	false	2	125494312927	1	65536
8614243	190510	33d6fcdf03123100	249505499883	0	false	2	249505499884	1	65536
8614470	190515	2030703430000000	46361046638	0	false	7	46361046644	1	65536
8615024	190528	0297abbe01312013	59583948366	350134	true	1	59583948366	1	65536
8615316	190534	33aeb8ec03303000	12180300404	0	false	1	12180300404	1	65536
8615538	190539	293c033d73022030	87205910615	0	false	3	87205910617	1	65536
8616129	190553	2dfc1fff33213100	30190571806	0	false	2	30190571807	1	65536
8616526	190561	20a1e00091203300	261444603063	0	false	7	261444603069	1	65536
8617566	190584	3438aa2413131230	199674637772	0	false	6	199674637777	1	65536
8617808	190590	2af3f87831030120	252741090096	0	false	14	252741090109	1	65536
8618055	190595	3809dfe832330200	84116327330	0	false	12	84116327341	1	65536
8619002	190615	22acf0e810012010	199727915561	0	false	11	199727915571	1	65536
8620045	190638	232fe2bff0333331	155473860379	0	false	2	155473860380	1	65536
8620175	190641	3750d33d02033230	25814352850	0	false	5	25814352854	1	65536
8620938	190658	2314b50fd3120120	105578642158	118715	true	1	105578642158	1	65536
8621014	190659	03a50da131230001	164384799340	0	false	44	164384799383	1	65536
8622353	190690	011c79e6f0013110	55568180553	0	false	28	55568180580	1	65536
8624297	190732	022b0ff133101020	110482881798	0	false	4	110482881801	1	65536
8629460	190845	01e08ecdc0303300	109621617574	0	false	1	109621617574	1	65536
8632418	190909	27d1ff3002033000	180218825244	0	false	4	180218825247	1	65536
8632594	190913	24a04034f0300030	72019299532	1985157	true	3	72019299534	1	65536
8634123	190947	003fc400f2000002	65117191900	0	false	1	65117191900	1	65536
8634291	190951	346f444233131020	40933530148	0	false	12	40933530159	1	65536
8636967	191011	03ef0ff881230203	185831190041	0	false	1	185831190041	1	65536
8639137	191058	0208cffc02200223	246245020517	0	false	5	246245020521	1	65536
8639495	191066	00ddfbdf83102010	244252948615	0	false	2	244252948616	1	65536
8639545	191067	0f9aeaf923331110	33809304683	350134	true	1	33809304683	1	65536
8640318	191084	2480178d81132001	252810742210	0	false	1	252810742210	1	65536
8641930	191120	2800230ff0200030	249705716949	0	false	1	249705716949	1	65536
8643029	191144	2210371143033231	114321935879	0	false	1	114321935879	1	65536
8643475	191154	038040e380301132	83941511428	0	false	7	83941511434	1	65536
8643581	191156	35d1222de3321300	122208095941	0	false	24	122208095964	1	65536
8647156	191235	078c37de80313201	256620702697	0	false	12	256620702708	1	65536
8648062	191255	07769300e1031330	224626217827	0	false	1	224626217827	1	65536
8650350	191306	2601724e40013210	273511717997	0	false	3	273511717999	1	65536
8651393	191329	382ebcf903223130	82233968353	0	false	2	82233968354	1	65536
8651455	191330	220fc0b023100001	187244932181	0	false	1	187244932181	1	65536
8653098	191366	23a34917a3301200	87730290970	0	false	1	87730290970	1	65536
8653504	191375	27fcfe3802000020	291618160575	0	false	1	291618160575	1	65536
8653563	191377	233fc0d700310030	121584465206	0	false	1	121584465206	1	65536
8655047	191410	01355fb390203003	55041597852	0	false	17	55041597868	1	65536
8657050	191454	3740dfffc1330120	283647947272	0	false	7	283647947278	1	65536
8657503	191464	39228efa02321110	295171708949	0	false	2	295171708950	1	65536
8657627	191466	02003ff3f3200010	148268578517	3	true	1	148268578517	1	65536
8657734	191469	309d4423f3333200	254703478492	0	false	2	254703478493	1	65536
8657976	191474	2c1e257eb1310011	15719413049	0	false	5	15719413053	1	65536
8658435	191484	2c8c6bd3b2103130	112531144418	0	false	2	112531144419	1	65536
8661217	191547	03330ff5d0300120	256429907765	0	false	1	256429907765	1	65536
8661597	191556	237b338c70332100	150225887652	0	false	1	150225887652	1	65536
8662631	191578	003ff7f883301031	276875271432	0	false	15	276875271446	1	65536
8664167	191612	3033d53103322200	75546856546	0	false	24	75546856569	1	65536
8664629	191622	3614cc25b1001310	118518093311	0	false	3	118518093313	1	65536
8666722	191668	2101f7c071120000	22893524447	0	false	1	22893524447	1	65536
8668303	191702	382cf2b1a2202300	60206279771	0	false	1	60206279771	1	65536
8668318	191702	078b38fea0203300	274995361780	0	false	24	274995361803	1	65536
8668642	191709	34ca03eef2333310	258047758938	0	false	5	258047758942	1	65536
8670303	191746	30471e43c0323300	179367539109	0	false	15	179367539123	1	65536
8670828	191758	05a6341373232321	133829635200	0	false	2	133829635201	1	65536
8670867	191758	2346b68c62131101	31465437859	0	false	5	31465437863	1	65536
8671992	191783	037f49e002102010	112843072886	0	false	3	112843072888	1	65536
8672600	191797	2796043e42220300	193496744717	0	false	3	193496744719	1	65536
8673039	191806	2427232f70331320	275472408364	0	false	5	275472408368	1	65536
8674709	191843	2d0030c551313230	133784790456	0	false	2	133784790457	1	65536
8675535	191861	2f83f0a471012200	57130287809	0	false	5	57130287813	1	65536
8675643	191864	3033fc08e0301000	185509490347	1926171	true	1	185509490347	1	65536
8675649	191864	3400c40003033300	25522324666	0	false	1	25522324666	1	65536
8677083	191896	0100f020f3331233	248575546136	0	false	11	248575546146	1	65536
8677504	191905	384068e3c3220310	162955679343	0	false	1	162955679343	1	65536
8678441	191926	20fe9f0693332110	84947003375	0	false	5	84947003379	1	65536
8680151	191965	23bc310fe3033130	146746759691	0	false	3	146746759693	1	65536
8681683	191999	2b31f37302322130	12818717161	0	false	13	12818717173	1	65536
8682051	192007	2ec03fcf53131020	46613933369	140363	true	1	46613933369	1	65536
8684259	192056	2fbdd0eec2310330	121689166192	0	false	26	121689166217	1	65536
8686135	192098	2322f22c80003321	177326320395	0	false	3	177326320397	1	65536
8690323	192191	020000d0c0223020	113884338862	0	false	9	113884338870	1	65536
8691580	192219	05f4f1c710130100	186951022632	0	false	2	186951022633	1	65536
8692967	192249	03ef8a2fe0330223	279868111537	0	false	2	279868111538	1	65536
8693390	192258	28a37a08f2002330	219878712351	0	false	3	219878712353	1	65536
8693507	192261	09d592ae22111210	51644282205	0	false	29	51644282233	1	65536
8695746	192310	2cfa9f8203211030	245349345220	0	false	6	245349345225	1	65536
8695929	192314	2691613fd2103310	56068885634	0	false	15	56068885648	1	65536
8696583	192329	25e8fde781311220	47127490560	548985	true	1	47127490560	1	65536
8697939	192359	200b23f143201101	242555568989	0	false	9	242555568997	1	65536
8698089	192363	0788e50b32100300	124086414974	0	false	1	124086414974	1	65536
8698344	192369	0343e4e490332230	134778328861	656727	true	2	134778328862	1	65536
8698825	192379	003c9004f0303033	263074610657	0	false	5	263074610661	1	65536
8699207	192387	011fe08513000210	5116698241	1	true	7	5116698247	1	65536
8699323	192390	233509fcd1322301	8143623336	0	false	8	8143623343	1	65536
8700616	192419	23c0d5af40100001	250228590726	2	true	1	250228590726	1	65536
8700667	192420	25dff931d2202320	120606644317	0	false	6	120606644322	1	65536
8700693	192421	3178e04001223230	203333778482	0	false	7	203333778488	1	65536
8700717	192421	22492b90c1301011	192552375567	0	false	5	192552375571	1	65536
8701025	192429	24e960b461011310	80344070406	0	false	11	80344070416	1	65536
8701900	192448	2271ecacf2331100	175585880299	0	false	2	175585880300	1	65536
8703027	192473	01c108bce3330003	151919578782	0	false	3	151919578784	1	65536
8707880	192580	00ca33c702111120	215893023239	0	false	1	215893023239	1	65536
8708810	192600	2b838f77a0310330	95221325541	0	false	3	95221325543	1	65536
8709153	192608	303033ccf0230000	118074089790	1146163	true	1	118074089790	1	65536
8710677	192641	01158ee181101101	204317218645	0	false	1	204317218645	1	65536
8711310	192656	003fb3cd70300303	213573498327	0	false	1	213573498327	1	65536
8712549	192683	03d4dd0150031322	229479743456	0	false	2	229479743457	1	65536
8713344	192701	037e7d4093100333	192526691487	0	false	1	192526691487	1	65536
8713411	192702	25e69cffa0130000	112780620550	0	false	8	112780620557	1	65536
8713822	192711	027303cc90203332	125641769495	0	false	4	125641769498	1	65536
8713955	192714	3d083fcd03230200	277640857381	0	false	3	277640857383	1	65536
8714029	192716	35dd4401a3323310	270135720984	0	false	1	270135720984	1	65536
8714493	192726	248e3b3382330010	74999611405	0	false	11	74999611415	1	65536
8715471	192747	03747f3cf3010303	97370221801	0	false	4	97370221804	1	65536
8716361	192767	23c097bd32003130	261398888055	38	true	1	261398888055	1	65536
8718240	192808	239f396670210121	236170733433	350134	true	1	236170733433	1	65536
8718477	192814	01193c0030200203	162931551292	0	false	3	162931551294	1	65536
8719148	192829	020acc0bf3211031	223907599737	0	false	1	223907599737	1	65536
8719546	192837	033ccdb823303321	148537137640	0	false	1	148537137640	1	65536
8719640	192839	26df4fc0f0033030	206065681213	118715	true	1	206065681213	1	65536
8719744	192842	071eaba292232232	154547363739	0	false	7	154547363745	1	65536
8721020	192870	233f464033303210	89291493873	0	false	2	89291493874	1	65536
8721454	192880	01faebdf72311332	273365318358	0	false	2	273365318359	1	65536
8721692	192885	28d2765ca2133201	178667608625	63032	true	8	178667608632	1	65536
8722241	192897	33feec2ef3213210	2331666079	0	false	1	2331666079	1	65536
8723298	192920	23aded14c2110301	88739260027	0	false	11	88739260037	1	65536
8723664	192928	238a043cb3300330	87087300574	0	false	1	87087300574	1	65536
8723849	192933	2170786141100201	95218671984	116494	true	1	95218671984	1	65536
8724840	192954	2e7f38e3f2312130	65750636247	0	false	6	65750636252	1	65536
8727427	193011	29d8355d13313220	190222700399	0	false	1	190222700399	1	65536
8729453	193056	03c3d24cd0231332	244291050428	0	false	1	244291050428	1	65536
8730645	193082	030eb08ac2330030	40874801461	0	false	3	40874801463	1	65536
8730862	193087	020c0de793232322	102206536706	0	false	7	102206536712	1	65536
8733108	193136	0074976610123232	79391806463	0	false	15	79391806477	1	65536
8734594	193169	0777f7fc00200233	123074517915	0	false	13	123074517927	1	65536
8736845	193219	36b801fe13030020	75322347336	0	false	11	75322347346	1	65536
8737855	193242	00529b1792033013	251389601700	0	false	1	251389601700	1	65536
8737904	193244	200c230e30010010	103896000088	0	false	2	103896000089	1	65536
8738119	193248	000fbe2500210123	106501635945	0	false	16	106501635960	1	65536
8738837	193264	2e57172f33200020	178972777091	0	false	1	178972777091	1	65536
8740330	193297	017080b400201233	47336554414	0	false	2	47336554415	1	65536
8740635	193304	01df437bf3033333	10630919942	0	false	1	10630919942	1	65536
8740875	193309	2b6fde5660133120	188768255650	0	false	2	188768255651	1	65536
8741598	193325	00326fdb93322012	102735000327	401455	true	1	102735000327	1	65536
8742204	193338	371ef36dc1000020	170845782188	0	false	3	170845782190	1	65536
8742654	193348	03c3d31fd0330030	1901359855	0	false	12	1901359866	1	65536
8742835	193352	2928f0c7a0133301	25167970006	0	false	1	25167970006	1	65536
8743789	193373	2c94f1e490212320	219093740830	470357	true	1	219093740830	1	65536
8745377	193408	23e6b52fd2032310	186035145818	0	false	2	186035145819	1	65536
8747360	193453	02c00f75f3210000	127877961095	0	false	15	127877961109	1	65536
8747631	193459	04fff902f3033300	221398101910	0	false	1	221398101910	1	65536
8748167	193471	2f8b39dff2222300	122879414478	0	false	1	122879414478	1	65536
8748765	193484	0334604183122000	81400955621	0	false	1	81400955621	1	65536
8749164	193494	0233cf1e20230003	254807796049	0	false	1	254807796049	1	65536
8749847	193509	310b841343032300	236092815526	0	false	1	236092815526	1	65536
8749925	193511	03e8be9380100120	136159135751	0	false	2	136159135752	1	65536
8750445	193522	278b301d23310330	283732570442	0	false	3	283732570444	1	65536
8750488	193523	06f9331a00033001	294070596814	0	false	9	294070596822	1	65536
8750514	193524	0520b3dfe0300130	30895186956	0	false	5	30895186960	1	65536
8752385	193565	075e327b02332323	42396667118	0	false	13	42396667130	1	65536
8753676	193593	08ef328030033021	202404813566	0	false	7	202404813572	1	65536
8754337	193607	01094fc0c3330212	15409993873	0	false	45	15409993917	1	65536
8756781	193662	259fcb6cf0303110	111403651071	0	false	9	111403651079	1	65536
8756875	193664	2e374ff353000330	22058551740	0	false	9	22058551748	1	65536
8757395	193675	088efe0811123020	36310920405	0	false	13	36310920417	1	65536
8759683	193726	034f1f8081313231	82514719535	0	false	13	82514719547	1	65536
8759723	193727	23e0a42593032321	185607733150	0	false	2	185607733151	1	65536
8761858	193774	05c3f23e00233010	296276461386	0	false	2	296276461387	1	65536
8764546	193834	2f4fa4ff92232210	36428467090	0	false	1	36428467090	1	65536
8764824	193840	211a0c5702230130	89322640091	0	false	1	89322640091	1	65536
8765463	193854	04d00bd582030033	184621081275	0	false	7	184621081281	1	65536
8765482	193855	2fe05ffdb2103320	29652607836	0	false	11	29652607846	1	65536
8765780	193861	20ce16fc03020320	76169792745	0	false	5	76169792749	1	65536
8766755	193883	20f8b80ea0000330	159728300479	0	false	1	159728300479	1	65536
8767446	193898	033fccefb0000103	135945764684	3	true	1	135945764684	1	65536
8771435	193985	203ea0cd93000130	273348104963	292855	true	1	273348104963	1	65536
8772585	194010	27c1de40b1010120	141307141062	0	false	2	141307141063	1	65536
8772742	194013	200700e000003201	279794200078	0	false	4	279794200081	1	65536
8774788	194060	056ae3b6b0203030	41381487268	350134	true	1	41381487268	1	65536
8775072	194066	30e4fe0d20300130	137394741131	0	false	2	137394741132	1	65536
8775671	194079	0283c025f2213131	129990554237	0	false	15	129990554251	1	65536
8775811	194082	35e97de0c2300030	229447661455	0	false	3	229447661457	1	65536
8777042	194109	220e141dc1313000	49123372744	0	false	13	49123372756	1	65536
8777460	194118	0205fc8d61201100	128116803403	118715	true	1	128116803403	1	65536
8777729	194124	2df800fe33230300	87342358607	1843310	true	4	87342358610	1	65536
8778181	194134	20b5478382320010	110427910301	0	false	1	110427910301	1	65536
8778769	194147	03023c74d2332333	119554684946	0	false	6	119554684951	1	65536
8778954	194151	3370d7d323201330	89832500860	0	false	2	89832500861	1	65536
8781066	194197	2d04d0c921013110	65639338714	0	false	6	65639338719	1	65536
8781153	194199	058bcdff03003100	10319975508	0	false	1	10319975508	1	65536
8781177	194200	3034c3c0d0110100	184403924760	2003498	true	3	184403924762	1	65536
8781187	194200	034928dc40331333	110272339543	0	false	9	110272339551	1	65536
8782864	194237	2f1d403a73303230	123553884825	0	false	2	123553884826	1	65536
8782916	194238	01d2107a00102300	152203982871	0	false	1	152203982871	1	65536
8783729	194256	011d2ce130030132	251812982894	0	false	1	251812982894	1	65536
8786525	194318	014c35ef42020230	226251242918	0	false	14	226251242931	1	65536
8787980	194351	0923d3fbe3233121	109373270852	0	false	7	109373270858	1	65536
8789687	194389	02365b6e82122321	168380026543	0	false	1	168380026543	1	65536
8791113	194420	01007e0ff1330010	170516019297	1844842	true	1	170516019297	1	65536
8791683	194433	27cece9991232320	98486995665	0	false	45	98486995709	1	65536
8791792	194435	283c3eb3d0310200	67775269045	0	false	1	67775269045	1	65536
8793134	194465	0bf4998a00333220	120872859759	0	false	2	120872859760	1	65536
8793681	194477	27b6818880110010	132486778040	0	false	2	132486778041	1	65536
8794220	194488	2bd1103383300000	109443389061	0	false	27	109443389087	1	65536
8795167	194509	01a07b3700033001	79677345253	0	false	3	79677345255	1	65536
8795217	194510	035e826170211020	217673284049	370650	true	8	217673284056	1	65536
8795787	194523	27ff79ffd2000131	149089331046	0	false	2	149089331047	1	65536
8796452	194538	386652cd92303310	90032069655	0	false	4	90032069658	1	65536
8797542	194561	297d47d4f3033230	178030807397	0	false	18	178030807414	1	65536
8798187	194576	037d00c3b2300210	70240481282	0	false	5	70240481286	1	65536
8798289	194578	301d6c43f1213130	243682995788	0	false	8	243682995795	1	65536
8798561	194584	2526528a33220210	280484550003	3990	true	1	280484550003	1	65536
8800409	194625	0e9071b772332321	159005075220	0	false	4	159005075223	1	65536
8803034	194682	25a7577de2123011	37942342126	0	false	1	37942342126	1	65536
8804442	194713	020c01ccd3100313	275499591508	0	false	1	275499591508	1	65536
8804505	194714	011e3e83b1300031	209580244594	0	false	10	209580244603	1	65536
8805910	194746	2b27c53d32032330	240793292806	0	false	2	240793292807	1	65536
8806774	194765	022903ffe3233320	139855750009	0	false	4	139855750012	1	65536
8807296	194777	016eff4a02321022	226586278858	0	false	3	226586278860	1	65536
8807444	194781	20bb1453c3300001	60742439843	0	false	1	60742439843	1	65536
8807789	194788	0e4ce02130033030	288934268769	0	false	2	288934268770	1	65536
8809349	194822	2be27717f3221211	209911126809	0	false	23	209911126831	1	65536
8810514	194848	230ef42f90210210	69311615046	0	false	1	69311615046	1	65536
8811452	194868	0084023d10100000	121183746439	0	false	29	121183746467	1	65536
8813352	194910	03910c0b32113302	42692917211	0	false	2	42692917212	1	65536
8814451	194935	2be716c240302030	77814464061	0	false	13	77814464073	1	65536
8815181	194951	0300015fd3123020	144263297719	0	false	6	144263297724	1	65536
8815374	194955	2b51b49bf1212020	214484051985	0	false	8	214484051992	1	65536
8816185	194973	0332303c80103131	77304772955	0	false	4	77304772958	1	65536
8816504	194980	24d1a7e512130011	30070882404	1924203	true	19	30070882422	1	65536
8817615	195005	2ef7039d30100320	234867431651	0	false	4	234867431654	1	65536
8818235	195018	29400eb640002230	241843975432	0	false	10	241843975441	1	65536
8818381	195021	201cc00042210100	168714339014	0	false	4	168714339017	1	65536
8818415	195022	3009fc0772113000	9579691965	0	false	1	9579691965	1	65536
8819031	195036	32262263d3013330	189546781584	0	false	3	189546781586	1	65536
8819040	195036	0e4dd10362030020	177903643291	0	false	1	177903643291	1	65536
8821415	195089	23f0400832233210	83964478748	0	false	1	83964478748	1	65536
8821613	195093	3ae08e8010100020	94009458529	0	false	1	94009458529	1	65536
8822258	195108	3050be31e3223210	43906155315	0	false	1	43906155315	1	65536
8822719	195117	071f71c041310010	172503332904	0	false	2	172503332905	1	65536
8823178	195128	2cf6fafd53333330	119048259231	0	false	1	119048259231	1	65536
8824074	195148	03008e08f0300230	268165468937	0	false	2	268165468938	1	65536
8824117	195149	0a584279e0213121	43646223199	0	false	3	43646223201	1	65536
8824345	195154	2414255371131010	37129976788	0	false	1	37129976788	1	65536
8824478	195157	0228f828a1123100	238922194931	0	false	1	238922194931	1	65536
8824717	195163	0353407e72033010	244939019200	0	false	15	244939019214	1	65536
8826358	195199	302f7a4991110030	219517601305	0	false	14	219517601318	1	65536
8826649	195205	01f47c8103033300	184916105259	0	false	3	184916105261	1	65536
8827580	195225	24e02f14d0133210	290953546122	168430	true	7	290953546128	1	65536
8827646	195227	03fcc799d0033003	254813478331	0	false	12	254813478342	1	65536
8828169	195238	3358b21703000330	55336621110	0	false	7	55336621116	1	65536
8828399	195243	21e3cc3df0300320	34866436215	0	false	9	34866436223	1	65536
8831258	195307	3738c2f170133000	283555063121	0	false	44	283555063164	1	65536
8831742	195317	304bb01371201130	155786875577	0	false	2	155786875578	1	65536
8831864	195320	2ccfcffd00121210	230844913490	0	false	4	230844913493	1	65536
8832555	195335	2301503fc0033320	159589599389	0	false	7	159589599395	1	65536
8833071	195346	3810bd0423030320	152048729311	0	false	6	152048729316	1	65536
8833492	195356	20defe7b80110231	112410415641	0	false	6	112410415646	1	65536
8834100	195369	3892d3f590133310	147770932008	292855	true	2	147770932009	1	65536
8836839	195429	0596e54813233120	294409861257	350134	true	1	294409861257	1	65536
8839696	195492	03d04bf4c2012203	79395380187	0	false	4	79395380190	1	65536
8840309	195505	203b38f4c0030030	102683701020	0	false	43	102683701062	1	65536
8841776	195538	028923ce93321302	286078497270	0	false	1	286078497270	1	65536
8842896	195563	02049f0370323003	24714689420	0	false	7	24714689426	1	65536
8843145	195568	078d68b823213020	189543758345	0	false	2	189543758346	1	65536
8843610	195578	030e016482011221	93188109737	0	false	7	93188109743	1	65536
8844879	195606	23a2e93c50311300	27507291392	0	false	1	27507291392	1	65536
8845315	195615	02170639c3020322	256986860674	0	false	3	256986860676	1	65536
8845861	195628	3102f931f1303220	256512639837	0	false	1	256512639837	1	65536
8846029	195631	277f54b512123210	107632866794	0	false	4	107632866797	1	65536
8847663	195667	2ab9bcfbf1202230	191676244210	0	false	15	191676244224	1	65536
8848184	195679	03a03ae093100320	149558759206	118715	true	1	149558759206	1	65536
8849288	195703	0200f8e002030303	207836350911	1229786	true	1	207836350911	1	65536
8849898	195716	30530df741331210	119554086459	0	false	9	119554086467	1	65536
8850605	195732	20427c3221023010	141997164165	0	false	17	141997164181	1	65536
8850663	195733	02fe27df43301203	249828937322	0	false	3	249828937324	1	65536
8853671	195799	30f0289c70230300	111932537913	0	false	2	111932537914	1	65536
8854807	195824	274bc0dff0031001	191301909303	0	false	1	191301909303	1	65536
8855383	195837	3d4077eaf2023000	31353593457	0	false	4	31353593460	1	65536
8856061	195852	30e7097901003120	144514411961	1606404	true	1	144514411961	1	65536
8856608	195864	0601002282013202	225581718750	140360	true	3	225581718752	1	65536
8856727	195867	283d7b1552330030	171182778276	0	false	11	171182778286	1	65536
8858351	195903	300330bff3131000	191619971191	0	false	24	191619971214	1	65536
8859802	195935	0241fb8d33033330	241187458288	0	false	4	241187458291	1	65536
8859866	195937	2b705fefc2331320	88158105696	0	false	11	88158105706	1	65536
8859876	195937	020fbff923220020	242201057033	292855	true	1	242201057033	1	65536
8860089	195942	0281bfd260202332	165205613171	0	false	1	165205613171	1	65536
8860641	195954	285e750e10333330	26163463540	0	false	3	26163463542	1	65536
8862098	195987	25b8e29ae2123110	143939101086	0	false	1	143939101086	1	65536
8862433	195994	23b2ffc030300320	94974162359	0	false	2	94974162360	1	65536
8863948	196027	03fbf82303130330	91170981363	0	false	2	91170981364	1	65536
8864518	196039	253ac38df3330300	135544333816	292852	true	1	135544333816	1	65536
8865105	196053	0537e507e3011000	107410123997	0	false	3	107410123999	1	65536
8865778	196067	03fc3ff730033003	185475344558	1442387	true	1	185475344558	1	65536
8866110	196075	22ae58a9f3212210	258110033702	0	false	3	258110033704	1	65536
8869293	196146	242f70df32333330	104490557532	0	false	2	104490557533	1	65536
8870085	196163	37802d9530030320	232487628048	0	false	12	232487628059	1	65536
8870175	196165	24c80fc2c3313011	92660749846	0	false	4	92660749849	1	65536
8870285	196167	012330d313000021	268680293266	118715	true	1	268680293266	1	65536
8871096	196185	01737fe782001020	207300989128	0	false	5	207300989132	1	65536
8872140	196208	25a41e1571233011	146627767704	0	false	15	146627767718	1	65536
8872873	196224	053f320732303101	128548643384	0	false	1	128548643384	1	65536
8876324	196302	2be018df63022330	261670044074	0	false	4	261670044077	1	65536
8877077	196318	33730fbe23233330	219864459586	0	false	7	219864459592	1	65536
8877358	196324	249a359d11103200	53861017706	0	false	15	53861017720	1	65536
8880723	196400	31ace3c5b2023130	109614518516	0	false	1	109614518516	1	65536
8884041	196473	2f1f8d0372103330	104950091084	0	false	12	104950091095	1	65536
8884993	196495	22ac141441231231	282939335274	136561	true	1	282939335274	1	65536
8885247	196500	03fd17bf30110303	76184339931	0	false	1	76184339931	1	65536
8885742	196512	22550c5e91121121	62709455951	350134	true	1	62709455951	1	65536
8885823	196513	285e018ff3110200	252993708410	0	false	1	252993708410	1	65536
8886578	196530	3423110033331020	41500093943	0	false	9	41500093951	1	65536
8886713	196533	2d015b5e80203300	236446143572	0	false	11	236446143582	1	65536
8889113	196585	2bfdd50d63300300	257311871381	0	false	9	257311871389	1	65536
8889909	196603	00a53f43f2132233	254705492795	0	false	2	254705492796	1	65536
8890031	196606	3038fa2423233010	220453508742	0	false	2	220453508743	1	65536
8891317	196634	053ff3acf0302011	118078078291	0	false	1	118078078291	1	65536
8892562	196661	20b30517f2332330	251688753874	0	false	11	251688753884	1	65536
8893292	196678	0f513fee31010110	210775816424	140365	true	1	210775816424	1	65536
8893566	196684	037a0f80f3031020	19108168964	0	false	1	19108168964	1	65536
8893675	196687	2fefbcb3d0303330	273585077163	0	false	1	273585077163	1	65536
8893760	196688	224e2fff72011100	264576788786	0	false	4	264576788789	1	65536
8895023	196716	208718b380130300	159886608873	0	false	1	159886608873	1	65536
8895148	196718	385fc7fdc3320320	80956906567	0	false	1	80956906567	1	65536
8896563	196750	334fe080e0323320	567465052	0	false	2	567465053	1	65536
8897163	196763	2697165272201201	24690555959	350134	true	1	24690555959	1	65536
8897343	196767	39a0ae8bd3302010	100978092978	0	false	3	100978092980	1	65536
8898732	196798	2fc71d7a23000110	234126206998	0	false	9	234126207006	1	65536
8898734	196798	03e88fcf13120320	201613061166	0	false	2	201613061167	1	65536
8898757	196798	0a01eecb90010122	80739771800	292852	true	2	80739771801	1	65536
8898844	196800	2049d06592312001	90763117915	0	false	1	90763117915	1	65536
8899528	196816	3094d2e553133330	12501826213	0	false	3	12501826215	1	65536
8899712	196820	340df1e7b0013310	82319524906	0	false	1	82319524906	1	65536
8899959	196825	346503e880032030	252457487931	0	false	1	252457487931	1	65536
8901625	196862	018000dfc1000303	12937631166	0	false	1	12937631166	1	65536
8902899	196890	30033e80b0003200	138526955607	0	false	1	138526955607	1	65536
8904094	196916	033393bc03200000	235207889609	140360	true	1	235207889609	1	65536
8905346	196944	2ff924ad00333320	210638436094	0	false	1	210638436094	1	65536
8905403	196945	039f9614e1310021	195576036738	0	false	1	195576036738	1	65536
8910029	197047	06ff050a53011221	103265182761	0	false	4	103265182764	1	65536
8910525	197058	00fb0bf240233002	220246035270	0	false	26	220246035295	1	65536
8912548	197102	2430fc7c00333030	145230410671	140364	true	2	145230410672	1	65536
8913019	197113	0a6b8026d3233001	21431400427	0	false	4	21431400430	1	65536
8913263	197118	0539e2e403120312	34194751406	0	false	5	34194751410	1	65536
8913497	197123	2f866ae9b2231230	76839498576	0	false	24	76839498599	1	65536
8913508	197123	2b86382672201220	213585396866	0	false	8	213585396873	1	65536
8915005	197156	310c193f31222230	65364415784	0	false	1	65364415784	1	65536
8915496	197167	2b02480452020231	34254384983	0	false	2	34254384984	1	65536
8917613	197214	26c5bdfb70201330	200125988599	0	false	6	200125988604	1	65536
8919614	197257	00b67fc282103300	126439828490	0	false	12	126439828501	1	65536
8921699	197303	2dd34d3c01013300	181403659335	1372783	true	16	181403659350	1	65536
8922185	197314	049c18ad02332002	13804696844	0	false	6	13804696849	1	65536
8922896	197330	05ff2cf033301111	242231451229	0	false	6	242231451234	1	65536
8924617	197368	01f7502082300203	280804965130	0	false	1	280804965130	1	65536
8926618	197413	31f633f020331320	257425737603	0	false	4	257425737606	1	65536
8927596	197434	20010bf360301301	144227606448	142705	true	1	144227606448	1	65536
8928610	197456	2742c03003000100	151898992834	0	false	1	151898992834	1	65536
8929984	197487	27f0f0e000231330	281056252718	0	false	1	281056252718	1	65536
8930368	197495	2103cc7c20303230	262513434934	0	false	4	262513434937	1	65536
8930495	197498	30f38f8e80123200	200255803167	0	false	14	200255803180	1	65536
8931613	197523	2b278496f3100020	80644534387	0	false	1	80644534387	1	65536
8933922	197574	001302cff3202230	34823686066	0	false	1	34823686066	1	65536
8935061	197599	25411c3df0311210	240953843144	0	false	3	240953843146	1	65536
8937753	197659	03a3d0f400030030	262656631595	0	false	11	262656631605	1	65536
8938107	197666	028818adc2300001	94868438352	0	false	1	94868438352	1	65536
8939158	197689	030a60a750302202	211294457826	0	false	1	211294457826	1	65536
8939413	197695	03de7fc4b0000310	43169051177	0	false	8	43169051184	1	65536
8939464	197696	02b38838b1230303	106587981612	0	false	2	106587981613	1	65536
8939581	197699	3079633870321000	164068256532	0	false	6	164068256537	1	65536
8942771	197770	035fe27dd0312312	105784398635	0	false	4	105784398638	1	65536
8943285	197781	20cdf7aa03330131	31524264404	0	false	1	31524264404	1	65536
8943465	197785	0313fdd433230000	278533937509	0	false	6	278533937514	1	65536
8943954	197796	030712eae2233322	235096717285	0	false	1	235096717285	1	65536
8944321	197804	200b5fed81230010	256271071662	0	false	1	256271071662	1	65536
8945700	197834	02f0140200101203	208713051641	118715	true	1	208713051641	1	65536
8946266	197847	02ec803140001233	10586942181	0	false	5	10586942185	1	65536
8949439	197918	35311fcad3210310	97344261783	0	false	1	97344261783	1	65536
8950263	197936	301f005830330210	285866089931	1	true	1	285866089931	1	65536
8950620	197944	20ccc03c30003030	278345517527	1129723	true	2	278345517528	1	65536
8951584	197965	2b5082b0c3300200	220792724981	0	false	7	220792724987	1	65536
8952237	197981	2b3c50ec30012000	80878209502	0	false	3	80878209504	1	65536
8952386	197984	03dfee5e53111030	258273074195	0	false	3	258273074197	1	65536
8954255	198025	03d9bffbd1320133	19439001754	0	false	3	19439001756	1	65536
8954710	198035	249e7f1433011001	174132924922	0	false	2	174132924923	1	65536
8956217	198068	0b64bd05d1220120	64488166819	0	false	3	64488166821	1	65536
8957615	198099	03fcf40043000031	127249880352	0	false	1	127249880352	1	65536
8959799	198148	2ca034c793300000	162360169929	168649	true	3	162360169931	1	65536
8960833	198170	38dfc10e70033310	235132203732	0	false	10	235132203741	1	65536
8962365	198204	2305e42272002310	57856647124	0	false	7	57856647130	1	65536
8963013	198219	03048e0373003300	83321602047	0	false	3	83321602049	1	65536
8966481	198296	2546918150100100	29050296364	0	false	1	29050296364	1	65536
8968107	198332	25c5e9a9f2102101	134414709627	350134	true	1	134414709627	1	65536
8970110	198376	273ea00f00330330	135364209176	0	false	6	135364209181	1	65536
8970412	198382	37d6b1fdd3030320	195939623562	0	false	1	195939623562	1	65536
8972889	198437	0037927803103323	167617536570	0	false	19	167617536588	1	65536
8972895	198437	23ffc5ef00011120	54368748939	0	false	1	54368748939	1	65536
8974624	198475	0202400002011313	52349833426	0	false	6	52349833431	1	65536
8977378	198536	3eb3d0fd00102300	167198834102	0	false	15	167198834116	1	65536
8977391	198536	27203f1e30030200	2620164457	0	false	2	2620164458	1	65536
8980934	198614	2ffdf30d13323010	150125372970	0	false	3	150125372972	1	65536
8981432	198625	0743f437f3121121	182566275725	0	false	13	182566275737	1	65536
8981760	198632	03f17420b3013333	295710779006	0	false	2	295710779007	1	65536
8981824	198633	26b5033fc3331101	104529159088	0	false	1	104529159088	1	65536
8982115	198640	223e38ef51310201	57801578689	0	false	31	57801578719	1	65536
8984584	198695	037a3dd2c1331333	206654164651	0	false	4	206654164654	1	65536
8984625	198696	32f1e781c1033000	154812179022	0	false	19	154812179040	1	65536
8984850	198701	03b2378e91321031	47803244983	0	false	1	47803244983	1	65536
8989359	198800	0307f1f0f0010330	45113804500	0	false	1	45113804500	1	65536
8990329	198821	27007502c0333310	189082920146	0	false	5	189082920150	1	65536
8990593	198827	2c8c1d1322212100	234692118713	0	false	1	234692118713	1	65536
8990901	198835	252316a621022120	107406030065	0	false	6	107406030070	1	65536
8991447	198847	03b0470cf3332330	207931733646	0	false	1	207931733646	1	65536
8991765	198854	2b8109e243022000	137719399214	0	false	5	137719399218	1	65536
8993017	198881	017283e7f0013331	33253047710	38	true	2	33253047711	1	65536
8994843	198922	000f889123233320	154283652615	0	false	1	154283652615	1	65536
8994845	198922	03e22448e3311001	36826908202	0	false	2	36826908203	1	65536
8995594	198938	2d5f0048a3233130	74928781612	0	false	2	74928781613	1	65536
8996954	198968	2f83e3b9f3033100	211368587290	0	false	10	211368587299	1	65536
8998678	199006	3280cfa003113000	250884977364	0	false	1	250884977364	1	65536
9000136	199038	24fff832d1301330	291843152869	0	false	1	291843152869	1	65536
9000554	199047	0115fc5d02323120	189134151601	0	false	1	189134151601	1	65536
9000823	199053	2e320c5ea3010200	160448993642	0	false	5	160448993646	1	65536
9000861	199054	204fe78082301330	140318026907	0	false	8	140318026914	1	65536
9003235	199107	33d8fe3ff1233000	17553343061	0	false	4	17553343064	1	65536
9003935	199123	02e4bfed12002102	23085742028	0	false	5	23085742032	1	65536
9005448	199156	06e9aa7b50212221	287934214983	0	false	4	287934214986	1	65536
9005907	199166	2c313f8c33133130	109409289881	0	false	1	109409289881	1	65536
9008261	199219	26a9203c20300120	147573236591	0	false	2	147573236592	1	65536
9009550	199248	353e3abb80020330	144940347198	0	false	1	144940347198	1	65536
9010164	199262	206dd29f11312200	130690012913	0	false	3	130690012915	1	65536
9010854	199277	2fa991bf62132130	108226626692	350134	true	1	108226626692	1	65536
9012541	199314	3978736d13101010	3280105379	0	false	3	3280105381	1	65536
9013148	199327	23de7fe002302010	41830838767	0	false	1	41830838767	1	65536
9013916	199344	23345b7d00302330	77569026043	0	false	12	77569026054	1	65536
9014362	199354	2fa0f17cf3003010	131638144599	0	false	20	131638144618	1	65536
9015679	199383	28dc0b5493013330	22282661823	0	false	1	22282661823	1	65536
9016669	199405	2461b48403233301	190720253229	140360	true	1	190720253229	1	65536
9017907	199432	2c409008c2100000	191216541746	0	false	6	191216541751	1	65536
9019309	199463	24f1f3dea3213030	8295717870	0	false	20	8295717889	1	65536
9020629	199492	2d2770c0c0030101	238888549300	0	false	1	238888549300	1	65536
9020654	199493	2908379d30113110	25681809102	0	false	5	25681809106	1	65536
9020697	199494	0203200203220230	158879320550	3	true	1	158879320550	1	65536
9021773	199518	014f038883122001	39559004095	0	false	1	39559004095	1	65536
9022624	199537	2e010c0dc0210000	202109487189	0	false	10	202109487198	1	65536
9024359	199575	24dcd72132122011	117172297468	0	false	56	117172297523	1	65536
9025110	199592	04c8912d32131121	107338312619	0	false	9	107338312627	1	65536
9026189	199616	320f180b20020200	60113605741	0	false	3	60113605743	1	65536
9027006	199633	2b90de30f1032010	222649621658	0	false	4	222649621661	1	65536
9027313	199640	2eff948013331030	171780266066	0	false	29	171780266094	1	65536
9028292	199661	04c1eb7cd3011101	168734722996	0	false	1	168734722996	1	65536
9028393	199664	232b6db812031231	174169886114	0	false	2	174169886115	1	65536
9029462	199687	3f4fdc09c0333300	10156817913	0	false	1	10156817913	1	65536
9029868	199696	34fe807ff0000310	142500313656	0	false	13	142500313668	1	65536
9031011	199722	0104c33b30203120	220614938539	3	true	1	220614938539	1	65536
9031557	199735	392aba7310120100	276342102494	0	false	8	276342102501	1	65536
9032410	199754	26715793e3023001	278350243812	350134	true	1	278350243812	1	65536
9032905	199764	02913a3c00233133	221545373023	0	false	1	221545373023	1	65536
9033602	199780	000dfb6453331211	43996404094	0	false	10	43996404103	1	65536
9035545	199822	279ade2203321131	280018824600	0	false	1	280018824600	1	65536
9035890	199830	290f0a43c3300220	107480429477	0	false	3	107480429479	1	65536
9036556	199845	3431cb3701003120	1335121659	0	false	15	1335121673	1	65536
9037653	199869	02cd2cfca3300113	107389309144	0	false	3	107389309146	1	65536
9039809	199917	0576906531110331	291154473927	0	false	3	291154473929	1	65536
9040052	199922	20fbaa8fd0323020	118276492624	0	false	8	118276492631	1	65536
9041053	199944	231f411482330210	68017815284	0	false	2	68017815285	1	65536
9041256	199949	35d87f0e00211300	185346879125	0	false	5	185346879129	1	65536
9042361	199973	22e0b78501010121	138771321986	0	false	8	138771321993	1	65536
9042595	199978	003bf4bfc3100200	271526872331	0	false	1	271526872331	1	65536
9043032	199988	017ac4d0d0003001	20187374878	0	false	3	20187374880	1	65536
