rep	impl	input	state	phase	start_s	seconds	minflt	majflt	user_s	sys_s
1	base	empty	cold	taxo	0.000353	0.003611	2544	0	0.000000	0.003293
1	base	empty	cold	hash	0.003986	7.438749	1953143	1	0.000000	2.435481
1	base	empty	cold	setup	7.442761	0.001228	12	0	0.000000	0.000130
1	base	empty	cold	classify	7.443994	0.000214	53	0	0.000000	0.000537
1	base	empty	cold	close	7.444331	0.000002	0	0	0.000000	0.000001
1	base	empty	cold	unmap	7.444343	0.348842	43	0	0.000000	0.349077
1	base	empty	cold	total	0.000002	7.793211	1955884	1	0.000000	2.789052
1	base	empty	warm	taxo	0.000086	0.003121	2535	0	0.003664	0.000000
1	base	empty	warm	hash	0.003231	0.518009	1953154	0	0.000000	3.356068
1	base	empty	warm	setup	0.521271	0.000061	14	0	0.000000	0.000071
1	base	empty	warm	classify	0.521336	0.000131	29	0	0.000000	0.000398
1	base	empty	warm	close	0.521527	0.000004	0	0	0.000000	0.000001
1	base	empty	warm	unmap	0.521542	0.371283	99	0	0.000000	0.371609
1	base	empty	warm	total	0.000002	0.892852	1955869	0	0.003773	3.728407
1	thp	empty	cold	taxo	0.000683	0.003910	2557	1	0.003778	0.000000
1	thp	empty	cold	hash	0.004617	7.438340	4195	1	0.000000	1.300777
1	thp	empty	cold	setup	7.442979	0.000655	5	0	0.000000	0.000130
1	thp	empty	cold	classify	7.443639	0.000148	26	0	0.000000	0.000418
1	thp	empty	cold	close	7.443948	0.000003	0	0	0.000000	0.000004
1	thp	empty	cold	unmap	7.443961	0.012853	43	0	0.000000	0.013024
1	thp	empty	cold	total	0.000002	7.456825	6904	2	0.003938	1.314736
1	thp	empty	warm	taxo	0.000126	0.002433	2530	0	0.000000	0.003016
1	thp	empty	warm	hash	0.002583	0.228301	4187	0	0.000000	1.777511
1	thp	empty	warm	setup	0.230908	0.000060	13	0	0.000000	0.000061
1	thp	empty	warm	classify	0.230972	0.000185	50	0	0.000000	0.000503
1	thp	empty	warm	close	0.231202	0.000115	1	0	0.000000	0.000001
1	thp	empty	warm	unmap	0.231326	0.013208	49	0	0.000000	0.013414
1	thp	empty	warm	total	0.000002	0.244547	6915	0	0.000000	1.795135
1	fill	empty	cold	taxo	0.000678	0.003902	2538	1	0.003800	0.000000
1	fill	empty	cold	hash	0.004602	7.438131	4191	1	0.005898	1.229321
1	fill	empty	cold	setup	7.442760	0.000757	14	0	0.000000	0.000117
1	fill	empty	cold	classify	7.443523	0.000173	25	0	0.000000	0.000386
1	fill	empty	cold	close	7.443837	0.000002	1	0	0.000000	0.000001
1	fill	empty	cold	unmap	7.443849	0.013255	42	0	0.000000	0.013424
1	fill	empty	cold	total	0.000002	7.457117	6895	2	0.009846	1.243665
1	fill	empty	warm	taxo	0.000077	0.002543	2536	0	0.003196	0.000000
1	fill	empty	warm	hash	0.002643	0.255859	4194	0	0.000000	1.518185
1	fill	empty	warm	setup	0.258536	0.000057	9	0	0.000000	0.000066
1	fill	empty	warm	classify	0.258598	0.000145	24	0	0.000000	0.000398
1	fill	empty	warm	close	0.258962	0.000003	1	0	0.000000	0.000002
1	fill	empty	warm	unmap	0.258973	0.013337	35	0	0.000000	0.013525
1	fill	empty	warm	total	0.000002	0.272317	6887	0	0.003295	1.532655
1	scan	empty	cold	taxo	0.000675	0.003400	2543	0	0.003066	0.000000
1	scan	empty	cold	hash	0.004100	7.438695	4192	1	0.000000	1.252222
1	scan	empty	cold	setup	7.442815	0.000686	9	0	0.000000	0.000118
1	scan	empty	cold	classify	7.443507	0.000136	32	0	0.000000	0.000305
1	scan	empty	cold	close	7.443682	0.000002	0	0	0.000000	0.000001
1	scan	empty	cold	unmap	7.443692	0.012811	96	0	0.000000	0.012101
1	scan	empty	cold	total	0.000003	7.456520	6887	1	0.003214	1.265022
1	scan	empty	warm	taxo	0.000080	0.002475	2572	0	0.003196	0.000000
1	scan	empty	warm	hash	0.002579	0.230067	4193	0	0.000000	1.736397
1	scan	empty	warm	setup	0.232675	0.000069	10	0	0.000000	0.000069
1	scan	empty	warm	classify	0.232750	0.000155	22	0	0.000000	0.000387
1	scan	empty	warm	close	0.232955	0.000003	0	0	0.000000	0.000001
1	scan	empty	warm	unmap	0.233082	0.012459	44	0	0.000000	0.012627
1	scan	empty	warm	total	0.000002	0.245552	6930	0	0.003297	1.749883
1	recycle	empty	cold	taxo	0.000369	0.003881	2538	1	0.003825	0.000000
1	recycle	empty	cold	hash	0.004272	7.438484	4185	1	0.005318	1.200434
1	recycle	empty	cold	setup	7.442784	0.000640	14	0	0.000000	0.000110
1	recycle	empty	cold	classify	7.443430	0.000166	46	0	0.000000	0.000502
1	recycle	empty	cold	close	7.443748	0.000002	1	0	0.000000	0.000003
1	recycle	empty	cold	unmap	7.443759	0.013138	42	0	0.000000	0.013292
1	recycle	empty	cold	total	0.000003	7.456907	6909	2	0.009299	1.214668
1	recycle	empty	warm	taxo	0.000076	0.002454	2534	0	0.000000	0.003010
1	recycle	empty	warm	hash	0.002553	0.215216	4193	0	0.000000	1.662557
1	recycle	empty	warm	setup	0.217804	0.000068	14	0	0.000000	0.000069
1	recycle	empty	warm	classify	0.217877	0.000176	19	0	0.000000	0.000407
1	recycle	empty	warm	close	0.218195	0.000002	0	0	0.000000	0.000004
1	recycle	empty	warm	unmap	0.218207	0.012934	27	0	0.000000	0.013090
1	recycle	empty	warm	total	0.000002	0.231150	6876	0	0.000000	1.679546
1	rc	empty	cold	taxo	0.000681	0.003415	2547	0	0.003165	0.000000
1	rc	empty	cold	hash	0.004117	7.438628	4189	1	0.000000	1.244766
1	rc	empty	cold	setup	7.442774	0.000665	8	0	0.000000	0.000108
1	rc	empty	cold	classify	7.443444	0.000162	33	0	0.000000	0.000426
1	rc	empty	cold	close	7.443618	0.000001	0	0	0.000000	0.000001
1	rc	empty	cold	unmap	7.443768	0.013161	48	0	0.000000	0.013373
1	rc	empty	cold	total	0.000002	7.456942	6901	1	0.003315	1.259062
1	rc	empty	warm	taxo	0.000083	0.002399	2568	0	0.002958	0.000000
1	rc	empty	warm	hash	0.002505	0.224908	4200	0	0.000000	1.706674
1	rc	empty	warm	setup	0.227433	0.000062	6	0	0.000000	0.000064
1	rc	empty	warm	classify	0.227500	0.000186	44	0	0.000000	0.000446
1	rc	empty	warm	close	0.227732	0.000003	0	0	0.000000	0.000001
1	rc	empty	warm	unmap	0.227864	0.012908	47	0	0.005422	0.007671
1	rc	empty	warm	total	0.000003	0.240783	6936	0	0.008658	1.715031
1	matesize	empty	cold	taxo	0.000676	0.003986	2533	1	0.000000	0.003855
1	matesize	empty	cold	hash	0.004686	7.438052	4202	0	0.000000	1.248319
1	matesize	empty	cold	setup	7.442765	0.000710	13	0	0.000000	0.000124
1	matesize	empty	cold	classify	7.443481	0.000315	115	0	0.000000	0.000703
1	matesize	empty	cold	close	7.443810	0.000002	0	0	0.000000	0.000001
1	matesize	empty	cold	unmap	7.443818	0.012720	21	0	0.000000	0.012919
1	matesize	empty	cold	total	0.000002	7.456549	6910	1	0.000137	1.266011
1	matesize	empty	warm	taxo	0.000074	0.002478	2560	0	0.003153	0.000000
1	matesize	empty	warm	hash	0.002574	0.229582	4204	0	0.005751	1.724504
1	matesize	empty	warm	setup	0.232198	0.000065	12	0	0.000001	0.000063
1	matesize	empty	warm	classify	0.232267	0.000334	156	0	0.000000	0.000742
1	matesize	empty	warm	close	0.232610	0.000001	0	0	0.000000	0.000091
1	matesize	empty	warm	unmap	0.232618	0.012990	0	0	0.000000	0.013079
1	matesize	empty	warm	total	0.000002	0.245621	6957	0	0.009000	1.738556
1	batch	empty	cold	taxo	0.001115	0.004507	2553	1	0.003601	0.000000
1	batch	empty	cold	hash	0.005650	7.437602	4195	1	0.000000	1.264266
1	batch	empty	cold	setup	7.443285	0.000088	14	0	0.000000	0.000097
1	batch	empty	cold	classify	7.443378	0.000337	158	0	0.000000	0.000745
1	batch	empty	cold	close	7.443731	0.000001	1	0	0.000000	0.000001
1	batch	empty	cold	unmap	7.443740	0.012834	2	0	0.000000	0.013014
1	batch	empty	cold	total	0.000449	7.456135	6951	2	0.003743	1.278192
1	batch	empty	warm	taxo	0.000080	0.002512	2540	0	0.000000	0.002987
1	batch	empty	warm	hash	0.002612	0.235814	4210	0	0.000000	1.831463
1	batch	empty	warm	setup	0.238450	0.000062	2	0	0.000000	0.000064
1	batch	empty	warm	classify	0.238516	0.000355	166	0	0.000000	0.000752
1	batch	empty	warm	close	0.238884	0.000001	0	0	0.000000	0.000000
1	batch	empty	warm	unmap	0.238893	0.012948	0	0	0.000000	0.013043
1	batch	empty	warm	total	0.000002	0.251850	6930	0	0.000080	1.848456
1	final	empty	cold	taxo	0.001176	0.004689	2583	1	0.000000	0.004006
1	final	empty	cold	hash	0.005889	7.437571	4197	1	0.000000	1.219868
1	final	empty	cold	setup	7.443481	0.000701	7	0	0.000000	0.000145
1	final	empty	cold	classify	7.444187	0.000321	122	0	0.000000	0.000658
1	final	empty	cold	close	7.444517	0.000001	0	0	0.000000	0.000001
1	final	empty	cold	unmap	7.444524	0.012816	1	0	0.000000	0.013004
1	final	empty	cold	total	0.000494	7.456862	6926	2	0.000132	1.237759
1	final	empty	warm	taxo	0.000074	0.002717	2548	0	0.000000	0.003373
1	final	empty	warm	hash	0.002816	0.226161	4207	0	0.000000	1.685846
1	final	empty	warm	setup	0.229003	0.000056	10	0	0.000000	0.000056
1	final	empty	warm	classify	0.229063	0.000357	168	0	0.000000	0.000740
1	final	empty	warm	close	0.229436	0.000001	0	0	0.000000	0.000001
1	final	empty	warm	unmap	0.229444	0.012666	0	0	0.000000	0.012749
1	final	empty	warm	total	0.000002	0.242119	6951	0	0.000073	1.702929
1	final-aa	empty	cold	taxo	0.001282	0.004671	2584	1	0.000000	0.003946
1	final-aa	empty	cold	hash	0.005979	7.437795	4193	1	0.000000	1.219047
1	final-aa	empty	cold	setup	7.443829	0.000632	2	0	0.000000	0.000108
1	final-aa	empty	cold	classify	7.444471	0.000341	145	0	0.000000	0.000689
1	final-aa	empty	cold	close	7.444827	0.000002	0	0	0.000000	0.000001
1	final-aa	empty	cold	unmap	7.444835	0.012960	0	0	0.000000	0.013042
1	final-aa	empty	cold	total	0.000614	7.457193	6944	2	0.000000	1.237171
1	final-aa	empty	warm	taxo	0.000076	0.002430	2568	0	0.000000	0.003006
1	final-aa	empty	warm	hash	0.002528	0.223071	4212	0	0.000000	1.668283
1	final-aa	empty	warm	setup	0.225620	0.000077	20	0	0.000000	0.000096
1	final-aa	empty	warm	classify	0.225711	0.000348	143	0	0.000000	0.000762
1	final-aa	empty	warm	close	0.226069	0.000001	1	0	0.000000	0.000001
1	final-aa	empty	warm	unmap	0.226077	0.013027	21	0	0.000000	0.013150
1	final-aa	empty	warm	total	0.000003	0.239116	6990	0	0.000000	1.685457
2	base	empty	cold	taxo	0.000678	0.003565	2552	1	0.003084	0.000000
2	base	empty	cold	hash	0.004262	7.439245	1953144	1	0.000000	2.433035
2	base	empty	cold	setup	7.443527	0.000650	4	0	0.000000	0.000125
2	base	empty	cold	classify	7.444181	0.000122	25	0	0.000000	0.000218
2	base	empty	cold	close	7.444325	0.000005	0	0	0.000000	0.000001
2	base	empty	cold	unmap	7.444352	0.354844	23	0	0.000000	0.358757
2	base	empty	cold	total	0.000002	7.799210	1955777	2	0.003228	2.792453
2	base	empty	warm	taxo	0.000088	0.003031	2558	0	0.003560	0.000000
2	base	empty	warm	hash	0.003142	0.448735	1953144	0	0.000000	3.478296
2	base	empty	warm	setup	0.451913	0.000067	12	0	0.000000	0.000072
2	base	empty	warm	classify	0.451985	0.000141	23	0	0.000000	0.000428
2	base	empty	warm	close	0.452231	0.000002	1	0	0.000000	0.000002
2	base	empty	warm	unmap	0.452241	0.373581	47	0	0.000000	0.373771
2	base	empty	warm	total	0.000002	0.825857	1955865	0	0.003677	3.852913
2	thp	empty	cold	taxo	0.000677	0.003929	2556	1	0.003962	0.000000
2	thp	empty	cold	hash	0.004627	7.438168	4196	1	0.000000	1.298735
2	thp	empty	cold	setup	7.442820	0.000649	13	0	0.000000	0.000141
2	thp	empty	cold	classify	7.443474	0.000148	23	0	0.000000	0.000383
2	thp	empty	cold	close	7.443637	0.000008	0	0	0.000000	0.000096
2	thp	empty	cold	unmap	7.443670	0.012952	105	0	0.000000	0.013235
2	thp	empty	cold	total	0.000002	7.456653	6912	2	0.004126	1.312740
2	thp	empty	warm	taxo	0.000075	0.002434	2562	0	0.003049	0.000000
2	thp	empty	warm	hash	0.002533	0.233964	4207	0	0.000000	1.717389
2	thp	empty	warm	setup	0.236528	0.000058	10	0	0.000000	0.000059
2	thp	empty	warm	classify	0.236591	0.000164	46	0	0.000000	0.000394
2	thp	empty	warm	close	0.236812	0.000010	0	0	0.000000	0.000001
2	thp	empty	warm	unmap	0.236950	0.013010	38	0	0.000000	0.013180
2	thp	empty	warm	total	0.000002	0.249967	6966	0	0.003148	1.731472
2	fill	empty	cold	taxo	0.000354	0.003464	2565	1	0.003134	0.000000
2	fill	empty	cold	hash	0.003839	7.439233	4195	0	0.005609	1.253473
2	fill	empty	cold	setup	7.443092	0.000678	0	0	0.000000	0.000101
2	fill	empty	cold	classify	7.443779	0.000196	58	0	0.000000	0.000554
2	fill	empty	cold	close	7.444007	0.000003	0	0	0.000000	0.000001
2	fill	empty	cold	unmap	7.444017	0.013018	47	0	0.000000	0.013176
2	fill	empty	cold	total	0.000002	7.457047	6879	1	0.008884	1.267477
2	fill	empty	warm	taxo	0.000076	0.002403	2538	0	0.002973	0.000000
2	fill	empty	warm	hash	0.002503	0.230937	4199	0	0.000000	1.736633
2	fill	empty	warm	setup	0.233478	0.000065	10	0	0.000000	0.000071
2	fill	empty	warm	classify	0.233548	0.000331	81	0	0.000000	0.000633
2	fill	empty	warm	close	0.233894	0.000002	0	0	0.000000	0.000001
2	fill	empty	warm	unmap	0.233903	0.012491	8	0	0.000000	0.012635
2	fill	empty	warm	total	0.000002	0.246401	6878	0	0.003073	1.750046
2	scan	empty	cold	taxo	0.000685	0.003401	2564	1	0.003054	0.000000
2	scan	empty	cold	hash	0.004108	7.439367	4202	0	0.000000	1.250751
2	scan	empty	cold	setup	7.443503	0.000734	11	0	0.000000	0.000108
2	scan	empty	cold	classify	7.444243	0.000134	23	0	0.000000	0.000395
2	scan	empty	cold	close	7.444417	0.000002	0	0	0.000000	0.000001
2	scan	empty	cold	unmap	7.444426	0.012836	97	0	0.000000	0.013086
2	scan	empty	cold	total	0.000002	7.457278	6917	1	0.003221	1.264589
2	scan	empty	warm	taxo	0.000075	0.002437	2537	0	0.003038	0.000000
2	scan	empty	warm	hash	0.002535	0.228605	4193	0	0.000000	1.730502
2	scan	empty	warm	setup	0.231173	0.000058	16	0	0.000000	0.000064
2	scan	empty	warm	classify	0.231235	0.000156	66	0	0.000000	0.000453
2	scan	empty	warm	close	0.231541	0.000002	0	0	0.000000	0.000001
2	scan	empty	warm	unmap	0.231551	0.012684	15	0	0.000000	0.012846
2	scan	empty	warm	total	0.000003	0.244242	6925	0	0.003133	1.744281
2	recycle	empty	cold	taxo	0.000678	0.003545	2542	1	0.003140	0.000000
2	recycle	empty	cold	hash	0.004246	7.438551	4191	0	0.000000	1.252214
2	recycle	empty	cold	setup	7.442824	0.000651	11	0	0.000000	0.000121
2	recycle	empty	cold	classify	7.443480	0.000170	40	0	0.000000	0.000450
2	recycle	empty	cold	close	7.443663	0.000001	0	0	0.000000	0.000001
2	recycle	empty	cold	unmap	7.443693	0.013241	52	0	0.000000	0.013339
2	recycle	empty	cold	total	0.000002	7.456945	6853	1	0.003309	1.266307
2	recycle	empty	warm	taxo	0.000082	0.002426	2534	0	0.000804	0.002273
2	recycle	empty	warm	hash	0.002532	0.227149	4189	0	0.007880	1.726048
2	recycle	empty	warm	setup	0.229715	0.000066	10	0	0.000001	0.000064
2	recycle	empty	warm	classify	0.229785	0.000241	91	0	0.000003	0.000546
2	recycle	empty	warm	close	0.230077	0.000003	0	0	0.000000	0.000001
2	recycle	empty	warm	unmap	0.230213	0.013115	45	0	0.000000	0.013291
2	recycle	empty	warm	total	0.000002	0.243340	6956	0	0.008785	1.742751
2	rc	empty	cold	taxo	0.000674	0.003483	2548	1	0.000000	0.003112
2	rc	empty	cold	hash	0.004180	7.438560	4197	0	0.000000	1.220499
2	rc	empty	cold	setup	7.442766	0.000735	17	0	0.000000	0.000141
2	rc	empty	cold	classify	7.443514	0.000173	54	0	0.000000	0.000426
2	rc	empty	cold	close	7.443699	0.000001	0	0	0.000000	0.000001
2	rc	empty	cold	unmap	7.443863	0.013166	49	0	0.000000	0.013352
2	rc	empty	cold	total	0.000002	7.457041	6948	1	0.000124	1.237993
2	rc	empty	warm	taxo	0.000078	0.002443	2571	0	0.003090	0.000000
2	rc	empty	warm	hash	0.002543	0.224093	4196	0	0.005480	1.664380
2	rc	empty	warm	setup	0.226673	0.000065	10	0	0.000000	0.000066
2	rc	empty	warm	classify	0.226743	0.000149	44	0	0.000002	0.000444
2	rc	empty	warm	close	0.227026	0.000002	0	0	0.000000	0.000001
2	rc	empty	warm	unmap	0.227038	0.012478	34	0	0.000015	0.012622
2	rc	empty	warm	total	0.000002	0.239523	6936	0	0.008688	1.677830
2	matesize	empty	cold	taxo	0.000685	0.003574	2558	1	0.000000	0.003343
2	matesize	empty	cold	hash	0.004283	7.438466	4197	1	0.000000	1.202574
2	matesize	empty	cold	setup	7.442782	0.000659	12	0	0.000000	0.000126
2	matesize	empty	cold	classify	7.443446	0.000346	131	0	0.000000	0.000774
2	matesize	empty	cold	close	7.443805	0.000002	0	0	0.000000	0.000001
2	matesize	empty	cold	unmap	7.443814	0.013089	0	0	0.000000	0.012953
2	matesize	empty	cold	total	0.000002	7.456910	6921	2	0.000000	1.220019
2	matesize	empty	warm	taxo	0.000075	0.002439	2538	0	0.002989	0.000000
2	matesize	empty	warm	hash	0.002536	0.220742	4211	0	0.000000	1.667566
2	matesize	empty	warm	setup	0.223301	0.000073	18	0	0.000000	0.000090
2	matesize	empty	warm	classify	0.223387	0.000300	106	0	0.000000	0.000654
2	matesize	empty	warm	close	0.223701	0.000002	0	0	0.000000	0.000001
2	matesize	empty	warm	unmap	0.223709	0.012500	6	0	0.000000	0.012690
2	matesize	empty	warm	total	0.000002	0.236220	6912	0	0.003084	1.681065
2	batch	empty	cold	taxo	0.001145	0.004435	2558	1	0.003173	0.000000
2	batch	empty	cold	hash	0.005604	7.437603	4198	1	0.000000	1.227785
2	batch	empty	cold	setup	7.443226	0.000075	6	0	0.000000	0.000077
2	batch	empty	cold	classify	7.443306	0.000447	223	0	0.000000	0.000822
2	batch	empty	cold	close	7.443764	0.000001	0	0	0.000000	0.000001
2	batch	empty	cold	unmap	7.443772	0.012903	0	0	0.000000	0.012989
2	batch	empty	cold	total	0.000475	7.456214	6992	2	0.003317	1.241737
2	batch	empty	warm	taxo	0.000074	0.002455	2581	0	0.003032	0.000000
2	batch	empty	warm	hash	0.002552	0.247613	4202	0	0.000000	1.557263
2	batch	empty	warm	setup	0.250207	0.000063	14	0	0.000000	0.000064
2	batch	empty	warm	classify	0.250274	0.000376	126	0	0.000000	0.000789
2	batch	empty	warm	close	0.250664	0.000002	0	0	0.000000	0.000001
2	batch	empty	warm	unmap	0.250672	0.012864	0	0	0.000000	0.012951
2	batch	empty	warm	total	0.000002	0.263545	6942	0	0.003127	1.571160
2	final	empty	cold	taxo	0.001160	0.004750	2555	1	0.003828	0.000000
2	final	empty	cold	hash	0.005935	7.437297	4191	1	0.000000	1.218909
2	final	empty	cold	setup	7.443269	0.000723	8	0	0.000000	0.000134
2	final	empty	cold	classify	7.444003	0.000314	109	0	0.000000	0.000634
2	final	empty	cold	close	7.444327	0.000001	2	0	0.000000	0.000001
2	final	empty	cold	unmap	7.444334	0.012909	10	0	0.000000	0.013089
2	final	empty	cold	total	0.000481	7.456775	6902	2	0.003982	1.232844
2	final	empty	warm	taxo	0.000079	0.002496	2588	0	0.003109	0.000000
2	final	empty	warm	hash	0.002599	0.220057	4194	0	0.000000	1.638033
2	final	empty	warm	setup	0.222690	0.000067	8	0	0.000000	0.000067
2	final	empty	warm	classify	0.222762	0.000423	137	0	0.000000	0.000757
2	final	empty	warm	close	0.223203	0.000001	0	0	0.000000	0.000001
2	final	empty	warm	unmap	0.223211	0.012903	0	0	0.000000	0.012987
2	final	empty	warm	total	0.000002	0.236124	6955	0	0.003209	1.651983
2	final-aa	empty	cold	taxo	0.001132	0.004220	2540	1	0.003093	0.000000
2	final-aa	empty	cold	hash	0.005378	7.437873	4194	1	0.000000	1.226052
2	final-aa	empty	cold	setup	7.443277	0.000784	8	0	0.000000	0.000117
2	final-aa	empty	cold	classify	7.444066	0.000372	97	0	0.000000	0.000549
2	final-aa	empty	cold	close	7.444447	0.000001	0	0	0.000000	0.000000
2	final-aa	empty	cold	unmap	7.444455	0.012858	24	0	0.000000	0.013268
2	final-aa	empty	cold	total	0.000456	7.456870	6886	2	0.003243	1.240047
2	final-aa	empty	warm	taxo	0.000072	0.002581	2570	0	0.000000	0.003166
2	final-aa	empty	warm	hash	0.002675	0.258627	4215	0	0.000000	1.525916
2	final-aa	empty	warm	setup	0.261323	0.000049	6	0	0.000000	0.000053
2	final-aa	empty	warm	classify	0.261377	0.000409	136	0	0.000812	0.000000
2	final-aa	empty	warm	close	0.261796	0.000001	1	0	0.000001	0.000000
2	final-aa	empty	warm	unmap	0.261803	0.012679	1	0	0.012858	0.000000
2	final-aa	empty	warm	total	0.000002	0.274494	6941	0	0.013781	1.529178
3	thp	empty	cold	taxo	0.000675	0.004067	2575	0	0.003914	0.000000
3	thp	empty	cold	hash	0.004768	7.437970	4190	1	0.000000	1.226215
3	thp	empty	cold	setup	7.442758	0.000703	9	0	0.000000	0.000114
3	thp	empty	cold	classify	7.443466	0.000170	32	0	0.000000	0.000438
3	thp	empty	cold	close	7.443667	0.000003	0	0	0.000000	0.000001
3	thp	empty	cold	unmap	7.443679	0.013024	99	0	0.000000	0.013258
3	thp	empty	cold	total	0.000002	7.456721	6926	1	0.004062	1.240232
3	thp	empty	warm	taxo	0.000072	0.002422	2537	0	0.003048	0.000000
3	thp	empty	warm	hash	0.002516	0.228410	4201	0	0.000000	1.699915
3	thp	empty	warm	setup	0.230948	0.000061	6	0	0.000000	0.000068
3	thp	empty	warm	classify	0.231013	0.000243	83	0	0.000000	0.000626
3	thp	empty	warm	close	0.231409	0.000003	0	0	0.000000	0.000004
3	thp	empty	warm	unmap	0.231421	0.013013	46	0	0.000000	0.011976
3	thp	empty	warm	total	0.000002	0.244445	6952	0	0.003139	1.712952
3	fill	empty	cold	taxo	0.000676	0.003491	2560	1	0.000000	0.003108
3	fill	empty	cold	hash	0.004188	7.438621	4193	0	0.000000	1.244447
3	fill	empty	cold	setup	7.442835	0.000631	14	0	0.000000	0.000103
3	fill	empty	cold	classify	7.443471	0.000206	51	0	0.000000	0.000533
3	fill	empty	cold	close	7.443725	0.000003	0	0	0.000000	0.000002
3	fill	empty	cold	unmap	7.443858	0.013193	33	0	0.000000	0.013374
3	fill	empty	cold	total	0.000002	7.457058	6939	1	0.000148	1.261995
3	fill	empty	warm	taxo	0.000078	0.002450	2537	0	0.000000	0.003083
3	fill	empty	warm	hash	0.002549	0.228323	4194	0	0.000000	1.709817
3	fill	empty	warm	setup	0.230906	0.000071	14	0	0.000000	0.000073
3	fill	empty	warm	classify	0.230981	0.000141	25	0	0.000000	0.000356
3	fill	empty	warm	close	0.231183	0.000004	0	0	0.000000	0.000001
3	fill	empty	warm	unmap	0.231287	0.013023	44	0	0.000000	0.013196
3	fill	empty	warm	total	0.000002	0.244320	6911	0	0.000077	1.726997
3	scan	empty	cold	taxo	0.000676	0.003837	2556	1	0.000000	0.003813
3	scan	empty	cold	hash	0.004536	7.438202	4192	1	0.000000	1.250943
3	scan	empty	cold	setup	7.442772	0.000665	14	0	0.000000	0.000110
3	scan	empty	cold	classify	7.443443	0.000141	15	0	0.000000	0.000285
3	scan	empty	cold	close	7.443610	0.000026	2	0	0.000000	0.000123
3	scan	empty	cold	unmap	7.443780	0.013101	18	0	0.000000	0.013243
3	scan	empty	cold	total	0.000002	7.456888	6890	2	0.000000	1.269058
3	scan	empty	warm	taxo	0.000078	0.002432	2542	0	0.003042	0.000000
3	scan	empty	warm	hash	0.002533	0.228527	4206	0	0.000000	1.740502
3	scan	empty	warm	setup	0.231095	0.000070	13	0	0.000000	0.000070
3	scan	empty	warm	classify	0.231169	0.000148	66	0	0.000000	0.000426
3	scan	empty	warm	close	0.231356	0.000003	0	0	0.000000	0.000002
3	scan	empty	warm	unmap	0.231370	0.012889	49	0	0.000000	0.013013
3	scan	empty	warm	total	0.000002	0.244275	6901	0	0.003142	1.754234
3	recycle	empty	cold	taxo	0.000683	0.003703	2541	0	0.003500	0.000000
3	recycle	empty	cold	hash	0.004413	7.438329	4195	1	0.000000	1.253947
3	recycle	empty	cold	setup	7.442770	0.000680	10	0	0.000000	0.000111
3	recycle	empty	cold	classify	7.443455	0.000220	81	0	0.000000	0.000512
3	recycle	empty	cold	close	7.443687	0.000002	0	0	0.000000	0.000001
3	recycle	empty	cold	unmap	7.443712	0.012776	56	0	0.000000	0.012876
3	recycle	empty	cold	total	0.000002	7.456498	6898	1	0.003658	1.267771
3	recycle	empty	warm	taxo	0.000079	0.002443	2536	0	0.002994	0.000000
3	recycle	empty	warm	hash	0.002545	0.230418	4200	0	0.000000	1.777316
3	recycle	empty	warm	setup	0.232994	0.000077	10	0	0.000000	0.000077
3	recycle	empty	warm	classify	0.233076	0.000170	70	0	0.000000	0.000482
3	recycle	empty	warm	close	0.233292	0.000003	0	0	0.000000	0.000001
3	recycle	empty	warm	unmap	0.233304	0.013180	79	0	0.000000	0.013468
3	recycle	empty	warm	total	0.000002	0.246497	6941	0	0.003094	1.791554
3	rc	empty	cold	taxo	0.000678	0.003937	2542	1	0.003922	0.000000
3	rc	empty	cold	hash	0.004641	7.438088	4203	0	0.000000	1.229180
3	rc	empty	cold	setup	7.442754	0.000680	11	0	0.000000	0.000111
3	rc	empty	cold	classify	7.443439	0.000159	40	0	0.000000	0.000385
3	rc	empty	cold	close	7.443641	0.000003	0	0	0.000000	0.000001
3	rc	empty	cold	unmap	7.443652	0.013034	99	0	0.000000	0.013356
3	rc	empty	cold	total	0.000002	7.456700	6932	1	0.004088	1.243300
3	rc	empty	warm	taxo	0.000072	0.002695	2562	0	0.003292	0.000000
3	rc	empty	warm	hash	0.002791	0.225217	4210	0	0.000000	1.682073
3	rc	empty	warm	setup	0.228044	0.000067	16	0	0.000000	0.000066
3	rc	empty	warm	classify	0.228115	0.000188	69	0	0.000000	0.000547
3	rc	empty	warm	close	0.228466	0.000002	0	0	0.000000	0.000001
3	rc	empty	warm	unmap	0.228477	0.012969	16	0	0.000000	0.013119
3	rc	empty	warm	total	0.000002	0.241454	6967	0	0.003386	1.696157
3	matesize	empty	cold	taxo	0.000679	0.004001	2539	1	0.003830	0.000000
3	matesize	empty	cold	hash	0.004700	7.438044	4186	1	0.000000	1.259852
3	matesize	empty	cold	setup	7.442765	0.000792	2	0	0.000000	0.000111
3	matesize	empty	cold	classify	7.443562	0.000327	108	0	0.000000	0.000613
3	matesize	empty	cold	close	7.443903	0.000002	0	0	0.000000	0.000000
3	matesize	empty	cold	unmap	7.443912	0.012973	11	0	0.000000	0.013151
3	matesize	empty	cold	total	0.000002	7.456895	6874	2	0.003978	1.273786
3	matesize	empty	warm	taxo	0.000083	0.002403	2539	0	0.001506	0.001506
3	matesize	empty	warm	hash	0.002509	0.230651	4193	0	0.007673	1.789378
3	matesize	empty	warm	setup	0.233193	0.000071	14	0	0.000001	0.000073
3	matesize	empty	warm	classify	0.233268	0.000313	95	0	0.000003	0.000654
3	matesize	empty	warm	close	0.233589	0.000001	0	0	0.000000	0.000001
3	matesize	empty	warm	unmap	0.233597	0.012816	23	0	0.000017	0.012998
3	matesize	empty	warm	total	0.000003	0.246424	6890	0	0.009253	1.804738
3	batch	empty	cold	taxo	0.001174	0.004317	2557	1	0.003221	0.000000
3	batch	empty	cold	hash	0.005516	7.437947	4197	1	0.000000	1.253852
3	batch	empty	cold	setup	7.443498	0.000089	14	0	0.000000	0.000089
3	batch	empty	cold	classify	7.443592	0.000402	116	0	0.000000	0.000790
3	batch	empty	cold	close	7.444010	0.000001	0	0	0.000000	0.000001
3	batch	empty	cold	unmap	7.444017	0.012673	0	0	0.000000	0.012762
3	batch	empty	cold	total	0.000503	7.456200	6907	2	0.003368	1.267673
3	batch	empty	warm	taxo	0.000078	0.002493	2548	0	0.003061	0.000000
3	batch	empty	warm	hash	0.002596	0.216926	4206	0	0.000000	1.656289
3	batch	empty	warm	setup	0.219561	0.000065	10	0	0.000000	0.000068
3	batch	empty	warm	classify	0.219630	0.000380	116	0	0.000000	0.000696
3	batch	empty	warm	close	0.220039	0.000001	0	0	0.000000	0.000000
3	batch	empty	warm	unmap	0.220047	0.012755	2	0	0.000000	0.012906
3	batch	empty	warm	total	0.000003	0.232812	6929	0	0.003163	1.670049
3	final	empty	cold	taxo	0.001224	0.004338	2579	1	0.000000	0.003253
3	final	empty	cold	hash	0.005588	7.438120	4204	1	0.018778	1.233835
3	final	empty	cold	setup	7.443743	0.000711	11	0	0.000002	0.000104
3	final	empty	cold	classify	7.444459	0.000345	163	0	0.000011	0.000757
3	final	empty	cold	close	7.444820	0.000001	0	0	0.000000	0.000001
3	final	empty	cold	unmap	7.444828	0.012815	0	0	0.000052	0.012841
3	final	empty	cold	total	0.000498	7.457157	6984	2	0.018845	1.251152
3	final	empty	warm	taxo	0.000076	0.002430	2560	0	0.003125	0.000000
3	final	empty	warm	hash	0.002528	0.234951	4211	0	0.000000	1.680734
3	final	empty	warm	setup	0.237510	0.000066	8	0	0.000000	0.000069
3	final	empty	warm	classify	0.237581	0.000343	122	0	0.000000	0.000682
3	final	empty	warm	close	0.237949	0.000001	0	0	0.000000	0.000001
3	final	empty	warm	unmap	0.237957	0.013075	0	0	0.000000	0.013170
3	final	empty	warm	total	0.000002	0.251042	6932	0	0.003221	1.694815
3	final-aa	empty	cold	taxo	0.001148	0.005370	2578	1	0.003146	0.000000
3	final-aa	empty	cold	hash	0.006541	7.436877	4196	1	0.000000	1.224817
3	final-aa	empty	cold	setup	7.443455	0.000661	10	0	0.000000	0.000104
3	final-aa	empty	cold	classify	7.444122	0.000367	141	0	0.000000	0.000778
3	final-aa	empty	cold	close	7.444503	0.000002	0	0	0.000000	0.000001
3	final-aa	empty	cold	unmap	7.444511	0.013080	0	0	0.000000	0.013158
3	final-aa	empty	cold	total	0.000471	7.457131	6945	2	0.003292	1.239025
3	final-aa	empty	warm	taxo	0.000073	0.002470	2544	0	0.000000	0.003026
3	final-aa	empty	warm	hash	0.002567	0.225330	4218	0	0.000000	1.672497
3	final-aa	empty	warm	setup	0.227938	0.000065	10	0	0.000000	0.000070
3	final-aa	empty	warm	classify	0.228007	0.000324	103	0	0.000000	0.000663
3	final-aa	empty	warm	close	0.228344	0.000001	0	0	0.000000	0.000001
3	final-aa	empty	warm	unmap	0.228352	0.013193	22	0	0.000000	0.013439
3	final-aa	empty	warm	total	0.000002	0.241555	6923	0	0.000072	1.689794
3	base	empty	cold	taxo	0.000676	0.003805	2531	1	0.003511	0.000000
3	base	empty	cold	hash	0.004507	7.438467	1953144	1	0.000000	2.449530
3	base	empty	cold	setup	7.443007	0.000729	14	0	0.000000	0.000128
3	base	empty	cold	classify	7.443741	0.000165	32	0	0.000000	0.000430
3	base	empty	cold	close	7.443953	0.000003	0	0	0.000000	0.000001
3	base	empty	cold	unmap	7.444059	0.356578	50	0	0.000000	0.356779
3	base	empty	cold	total	0.000002	7.800669	1955852	2	0.003662	2.807317
3	base	empty	warm	taxo	0.000097	0.002441	2569	0	0.003078	0.000000
3	base	empty	warm	hash	0.002560	0.427048	1953150	0	0.000000	3.299126
3	base	empty	warm	setup	0.429629	0.000059	4	0	0.000000	0.000062
3	base	empty	warm	classify	0.429692	0.000181	72	0	0.000000	0.000494
3	base	empty	warm	close	0.430025	0.000002	1	0	0.000000	0.000004
3	base	empty	warm	unmap	0.430036	0.374858	27	0	0.000000	0.375216
3	base	empty	warm	total	0.000002	0.804904	1955916	0	0.003204	3.675237
4	fill	empty	warm	taxo	0.000080	0.002946	2553	1	0.000000	0.003515
4	fill	empty	warm	hash	0.003051	0.168347	4189	1	0.000000	1.315194
4	fill	empty	warm	setup	0.171416	0.000057	1	0	0.000000	0.000058
4	fill	empty	warm	classify	0.171477	0.000163	65	0	0.000000	0.000555
4	fill	empty	warm	close	0.171673	0.000003	0	0	0.000000	0.000001
4	fill	empty	warm	unmap	0.171685	0.012732	47	0	0.000000	0.012808
4	fill	empty	warm	total	0.000002	0.184424	6880	2	0.000077	1.332248
4	scan	empty	warm	taxo	0.000085	0.003090	2534	1	0.003673	0.000000
4	scan	empty	warm	hash	0.003196	0.172054	4188	1	0.000000	1.336361
4	scan	empty	warm	setup	0.175299	0.000076	14	0	0.000000	0.000073
4	scan	empty	warm	classify	0.175379	0.000175	38	0	0.000000	0.000440
4	scan	empty	warm	close	0.175607	0.000004	0	0	0.000000	0.000008
4	scan	empty	warm	unmap	0.175746	0.012950	44	0	0.000000	0.013088
4	scan	empty	warm	total	0.000003	0.188705	6903	2	0.003776	1.350418
4	recycle	empty	warm	taxo	0.000086	0.002984	2566	1	0.003527	0.000000
4	recycle	empty	warm	hash	0.003093	0.203695	4188	1	0.000000	1.303514
4	recycle	empty	warm	setup	0.206814	0.000056	3	0	0.000000	0.000080
4	recycle	empty	warm	classify	0.206875	0.000211	47	0	0.000000	0.000436
4	recycle	empty	warm	close	0.207244	0.000002	1	0	0.000000	0.000003
4	recycle	empty	warm	unmap	0.207256	0.012504	44	0	0.000000	0.012722
4	recycle	empty	warm	total	0.000002	0.219770	6931	2	0.003632	1.317123
4	rc	empty	warm	taxo	0.000084	0.002474	2537	1	0.003027	0.000000
4	rc	empty	warm	hash	0.002580	0.174499	4190	1	0.000000	1.323151
4	rc	empty	warm	setup	0.177106	0.000090	18	0	0.000000	0.000109
4	rc	empty	warm	classify	0.177217	0.000203	69	0	0.000000	0.000503
4	rc	empty	warm	close	0.177443	0.000002	0	0	0.000000	0.000001
4	rc	empty	warm	unmap	0.177458	0.012510	54	0	0.000000	0.012647
4	rc	empty	warm	total	0.000003	0.189977	6894	2	0.003128	1.336614
4	matesize	empty	warm	taxo	0.000084	0.002508	2536	0	0.003184	0.000000
4	matesize	empty	warm	hash	0.002615	0.164697	4190	1	0.000000	1.280395
4	matesize	empty	warm	setup	0.167334	0.000067	15	0	0.000000	0.000065
4	matesize	empty	warm	classify	0.167405	0.000369	144	0	0.000000	0.000719
4	matesize	empty	warm	close	0.167789	0.000002	0	0	0.000000	0.000071
4	matesize	empty	warm	unmap	0.167797	0.012147	0	0	0.000000	0.012240
4	matesize	empty	warm	total	0.000002	0.179954	6905	1	0.003297	1.293554
4	batch	empty	warm	taxo	0.000565	0.003491	2556	1	0.000000	0.003298
4	batch	empty	warm	hash	0.004079	0.171384	4233	1	0.000000	1.323086
4	batch	empty	warm	setup	0.175486	0.000074	7	0	0.000000	0.000076
4	batch	empty	warm	classify	0.175565	0.000434	146	0	0.000000	0.000882
4	batch	empty	warm	close	0.176015	0.000002	0	0	0.000000	0.000001
4	batch	empty	warm	unmap	0.176024	0.013351	0	0	0.000000	0.013447
4	batch	empty	warm	total	0.000483	0.188906	6954	2	0.000081	1.340873
4	final	empty	warm	taxo	0.000559	0.003359	2556	1	0.003242	0.000000
4	final	empty	warm	hash	0.003945	0.172540	4195	1	0.000000	1.343635
4	final	empty	warm	setup	0.176524	0.000069	14	0	0.000000	0.000069
4	final	empty	warm	classify	0.176598	0.000335	135	0	0.000000	0.000793
4	final	empty	warm	close	0.176949	0.000002	0	0	0.000000	0.000001
4	final	empty	warm	unmap	0.176958	0.013142	0	0	0.000000	0.013235
4	final	empty	warm	total	0.000481	0.189630	6920	2	0.003345	1.357817
4	final-aa	empty	warm	taxo	0.000073	0.002639	2578	0	0.000000	0.003238
4	final-aa	empty	warm	hash	0.002735	0.166037	4210	0	0.000000	1.297435
4	final-aa	empty	warm	setup	0.168802	0.000058	10	0	0.000000	0.000060
4	final-aa	empty	warm	classify	0.168865	0.000350	118	0	0.000000	0.000512
4	final-aa	empty	warm	close	0.169231	0.000001	0	0	0.000000	0.000001
4	final-aa	empty	warm	unmap	0.169240	0.012273	0	0	0.000000	0.012392
4	final-aa	empty	warm	total	0.000002	0.181522	6934	0	0.000072	1.313984
4	base	empty	warm	taxo	0.000079	0.002634	2541	0	0.003320	0.000000
4	base	empty	warm	hash	0.002736	0.385561	1953143	0	0.000000	3.049173
4	base	empty	warm	setup	0.388325	0.000066	10	0	0.000000	0.000068
4	base	empty	warm	classify	0.388395	0.000200	76	0	0.000000	0.000600
4	base	empty	warm	close	0.388745	0.000002	2	0	0.000000	0.000001
4	base	empty	warm	unmap	0.388759	0.379413	41	0	0.000000	0.379605
4	base	empty	warm	total	0.000002	0.768203	1955900	0	0.003421	3.429811
4	thp	empty	warm	taxo	0.000080	0.002657	2562	1	0.003160	0.000000
4	thp	empty	warm	hash	0.002760	0.205603	4188	1	0.000000	1.242374
4	thp	empty	warm	setup	0.208391	0.000059	6	0	0.000000	0.000060
4	thp	empty	warm	classify	0.208455	0.000147	33	0	0.000000	0.000166
4	thp	empty	warm	close	0.208762	0.000002	1	0	0.000000	0.000001
4	thp	empty	warm	unmap	0.208773	0.012339	44	0	0.000000	0.012523
4	thp	empty	warm	total	0.000002	0.221125	6915	2	0.003259	1.255757
5	scan	empty	warm	taxo	0.000083	0.002645	2540	0	0.001620	0.001620
5	scan	empty	warm	hash	0.002752	0.169908	4196	0	0.007623	1.321840
5	scan	empty	warm	setup	0.172715	0.000078	16	0	0.000001	0.000076
5	scan	empty	warm	classify	0.172802	0.000132	18	0	0.000002	0.000297
5	scan	empty	warm	close	0.172966	0.000003	0	0	0.000000	0.000001
5	scan	empty	warm	unmap	0.173122	0.013079	40	0	0.000024	0.013236
5	scan	empty	warm	total	0.000002	0.186210	6917	0	0.009326	1.337665
5	recycle	empty	warm	taxo	0.000085	0.002662	2556	0	0.003252	0.000000
5	recycle	empty	warm	hash	0.002769	0.169205	4198	0	0.000000	1.322133
5	recycle	empty	warm	setup	0.172000	0.000053	10	0	0.000000	0.000054
5	recycle	empty	warm	classify	0.172058	0.000174	79	0	0.000000	0.000386
5	recycle	empty	warm	close	0.172280	0.000003	0	0	0.000000	0.000001
5	recycle	empty	warm	unmap	0.172418	0.012243	31	0	0.000000	0.012404
5	recycle	empty	warm	total	0.000002	0.184670	6966	0	0.003363	1.335454
5	rc	empty	warm	taxo	0.000079	0.002723	2560	0	0.003372	0.000000
5	rc	empty	warm	hash	0.002825	0.174788	4200	0	0.000000	1.369778
5	rc	empty	warm	setup	0.177642	0.000080	15	0	0.000000	0.000075
5	rc	empty	warm	classify	0.177727	0.000157	24	0	0.000000	0.000257
5	rc	empty	warm	close	0.178033	0.000002	0	0	0.000000	0.000001
5	rc	empty	warm	unmap	0.178044	0.013058	34	0	0.000000	0.013237
5	rc	empty	warm	total	0.000002	0.191108	6927	0	0.003474	1.383880
5	matesize	empty	warm	taxo	0.000087	0.002580	2565	0	0.003255	0.000000
5	matesize	empty	warm	hash	0.002689	0.170372	4194	0	0.000000	1.328385
5	matesize	empty	warm	setup	0.173080	0.000052	6	0	0.000000	0.000054
5	matesize	empty	warm	classify	0.173137	0.000366	109	0	0.000000	0.000676
5	matesize	empty	warm	close	0.173519	0.000001	0	0	0.000000	0.000001
5	matesize	empty	warm	unmap	0.173527	0.012317	8	0	0.000000	0.012513
5	matesize	empty	warm	total	0.000003	0.185854	6917	0	0.003371	1.341685
5	batch	empty	warm	taxo	0.000079	0.002776	2580	0	0.003416	0.000000
5	batch	empty	warm	hash	0.002879	0.170632	4199	0	0.000000	1.335348
5	batch	empty	warm	setup	0.173551	0.000068	10	0	0.000000	0.000067
5	batch	empty	warm	classify	0.173623	0.000342	99	0	0.000000	0.000646
5	batch	empty	warm	close	0.173981	0.000002	0	0	0.000000	0.000001
5	batch	empty	warm	unmap	0.173990	0.013130	5	0	0.000000	0.013312
5	batch	empty	warm	total	0.000002	0.187128	6923	0	0.003518	1.349455
5	final	empty	warm	taxo	0.000078	0.002769	2575	0	0.003388	0.000000
5	final	empty	warm	hash	0.002869	0.167680	4201	0	0.000000	1.300474
5	final	empty	warm	setup	0.170571	0.000062	4	0	0.000000	0.000063
5	final	empty	warm	classify	0.170637	0.000367	127	0	0.000000	0.000770
5	final	empty	warm	close	0.171020	0.000001	0	0	0.000000	0.000001
5	final	empty	warm	unmap	0.171029	0.012044	0	0	0.000000	0.012138
5	final	empty	warm	total	0.000002	0.183082	6918	0	0.003489	1.313504
5	final-aa	empty	warm	taxo	0.000079	0.002652	2546	0	0.003287	0.000000
5	final-aa	empty	warm	hash	0.002755	0.174047	4203	0	0.000000	1.359057
5	final-aa	empty	warm	setup	0.176831	0.000062	2	0	0.000000	0.000063
5	final-aa	empty	warm	classify	0.176898	0.000378	141	0	0.000000	0.000735
5	final-aa	empty	warm	close	0.177292	0.000002	0	0	0.000000	0.000001
5	final-aa	empty	warm	unmap	0.177300	0.011820	0	0	0.000000	0.011911
5	final-aa	empty	warm	total	0.000002	0.189131	6916	0	0.003389	1.371918
5	base	empty	warm	taxo	0.000073	0.002545	2541	0	0.003135	0.000000
5	base	empty	warm	hash	0.002642	0.470668	1953158	0	0.005386	2.859574
5	base	empty	warm	setup	0.473345	0.000055	8	0	0.000000	0.000089
5	base	empty	warm	classify	0.473405	0.000146	19	0	0.000002	0.000350
5	base	empty	warm	close	0.473595	0.000003	0	0	0.000000	0.000001
5	base	empty	warm	unmap	0.473730	0.381649	1	0	0.000006	0.381974
5	base	empty	warm	total	0.000002	0.855392	1955816	0	0.008623	3.242367
5	thp	empty	warm	taxo	0.000080	0.002806	2534	0	0.000000	0.003440
5	thp	empty	warm	hash	0.002910	0.169516	4193	0	0.000000	1.331555
5	thp	empty	warm	setup	0.172462	0.000070	14	0	0.000000	0.000069
5	thp	empty	warm	classify	0.172536	0.000231	66	0	0.000000	0.000657
5	thp	empty	warm	close	0.172930	0.000003	0	0	0.000000	0.000005
5	thp	empty	warm	unmap	0.172943	0.012903	42	0	0.000000	0.013092
5	thp	empty	warm	total	0.000002	0.185855	6944	0	0.000079	1.349258
5	fill	empty	warm	taxo	0.000083	0.003261	2557	0	0.000000	0.003886
5	fill	empty	warm	hash	0.003368	0.169067	4198	0	0.000000	1.322871
5	fill	empty	warm	setup	0.172451	0.000053	7	0	0.000000	0.000055
5	fill	empty	warm	classify	0.172508	0.000175	75	0	0.000000	0.000618
5	fill	empty	warm	close	0.172696	0.000001	0	0	0.000000	0.000001
5	fill	empty	warm	unmap	0.172705	0.013025	5	0	0.000000	0.011212
5	fill	empty	warm	total	0.000002	0.185810	6924	0	0.000082	1.338869
6	recycle	empty	warm	taxo	0.000079	0.002763	2563	0	0.003390	0.000000
6	recycle	empty	warm	hash	0.002866	0.171301	4199	0	0.000000	1.340392
6	recycle	empty	warm	setup	0.174203	0.000070	7	0	0.000000	0.000068
6	recycle	empty	warm	classify	0.174278	0.000177	39	0	0.000000	0.000382
6	recycle	empty	warm	close	0.174461	0.000013	0	0	0.000000	0.000077
6	recycle	empty	warm	unmap	0.174483	0.012393	49	0	0.000000	0.012066
6	recycle	empty	warm	total	0.000002	0.186888	6874	0	0.003490	1.353134
6	rc	empty	warm	taxo	0.000083	0.002776	2535	0	0.000000	0.003368
6	rc	empty	warm	hash	0.002884	0.170545	4197	0	0.000000	1.336209
6	rc	empty	warm	setup	0.173463	0.000066	14	0	0.000000	0.000065
6	rc	empty	warm	classify	0.173534	0.000166	38	0	0.000000	0.000338
6	rc	empty	warm	close	0.173714	0.000002	0	0	0.000000	0.000001
6	rc	empty	warm	unmap	0.173746	0.013332	79	0	0.000000	0.013628
6	rc	empty	warm	total	0.000003	0.187087	6891	0	0.000082	1.353901
6	matesize	empty	warm	taxo	0.000080	0.002769	2552	0	0.003411	0.000000
6	matesize	empty	warm	hash	0.002873	0.170829	4200	0	0.000000	1.328243
6	matesize	empty	warm	setup	0.173731	0.000064	14	0	0.000000	0.000064
6	matesize	empty	warm	classify	0.173800	0.000343	114	0	0.000000	0.000665
6	matesize	empty	warm	close	0.174158	0.000002	0	0	0.000000	0.000001
6	matesize	empty	warm	unmap	0.174167	0.012299	13	0	0.000000	0.012475
6	matesize	empty	warm	total	0.000002	0.186476	6921	0	0.003522	1.341514
6	batch	empty	warm	taxo	0.000080	0.002758	2566	0	0.000000	0.003335
6	batch	empty	warm	hash	0.002861	0.171501	4196	0	0.000000	1.341582
6	batch	empty	warm	setup	0.174384	0.000063	7	0	0.000000	0.000065
6	batch	empty	warm	classify	0.174453	0.000349	106	0	0.000000	0.000666
6	batch	empty	warm	close	0.174816	0.000001	0	0	0.000000	0.000001
6	batch	empty	warm	unmap	0.174824	0.012185	13	0	0.000000	0.012367
6	batch	empty	warm	total	0.000002	0.187018	6914	0	0.000079	1.358096
6	final	empty	warm	taxo	0.000082	0.002747	2571	0	0.000000	0.003299
6	final	empty	warm	hash	0.002851	0.182356	4206	0	0.000000	1.300221
6	final	empty	warm	setup	0.185231	0.000056	2	0	0.000000	0.000072
6	final	empty	warm	classify	0.185291	0.000354	181	0	0.000000	0.000753
6	final	empty	warm	close	0.185654	0.000002	0	0	0.000000	0.000000
6	final	empty	warm	unmap	0.185662	0.013133	0	0	0.000000	0.013227
6	final	empty	warm	total	0.000002	0.198807	6972	0	0.000000	1.317803
6	final-aa	empty	warm	taxo	0.000074	0.002581	2545	0	0.003146	0.000000
6	final-aa	empty	warm	hash	0.002678	0.187387	4214	0	0.000000	1.236252
6	final-aa	empty	warm	setup	0.190107	0.000068	11	0	0.000000	0.000068
6	final-aa	empty	warm	classify	0.190180	0.000305	114	0	0.000000	0.000725
6	final-aa	empty	warm	close	0.190501	0.000002	1	0	0.000000	0.000001
6	final-aa	empty	warm	unmap	0.190509	0.012449	1	0	0.000000	0.012619
6	final-aa	empty	warm	total	0.000003	0.202969	6922	0	0.003241	1.249747
6	base	empty	warm	taxo	0.000075	0.002582	2541	0	0.000000	0.003194
6	base	empty	warm	hash	0.002681	0.399764	1953152	0	0.000000	3.135473
6	base	empty	warm	setup	0.402464	0.000053	6	0	0.000000	0.000060
6	base	empty	warm	classify	0.402520	0.000142	35	0	0.000000	0.000454
6	base	empty	warm	close	0.402805	0.000003	0	0	0.000000	0.000001
6	base	empty	warm	unmap	0.402816	0.385787	34	0	0.000000	0.386205
6	base	empty	warm	total	0.000002	0.788611	1955844	0	0.000000	3.525776
6	thp	empty	warm	taxo	0.000076	0.003290	2561	0	0.000000	0.003898
6	thp	empty	warm	hash	0.003397	0.170946	4196	0	0.000000	1.318711
6	thp	empty	warm	setup	0.174374	0.000068	11	0	0.000000	0.000072
6	thp	empty	warm	classify	0.174446	0.000146	27	0	0.000000	0.000412
6	thp	empty	warm	close	0.174624	0.000001	0	0	0.000000	0.000001
6	thp	empty	warm	unmap	0.174632	0.012523	89	0	0.000000	0.012535
6	thp	empty	warm	total	0.000002	0.187170	6910	0	0.000077	1.335824
6	fill	empty	warm	taxo	0.000090	0.002733	2541	0	0.003320	0.000000
6	fill	empty	warm	hash	0.002848	0.169552	4193	0	0.000000	1.322445
6	fill	empty	warm	setup	0.172423	0.000060	6	0	0.000000	0.000064
6	fill	empty	warm	classify	0.172487	0.000157	22	0	0.000000	0.000358
6	fill	empty	warm	close	0.172685	0.000002	0	0	0.000000	0.000001
6	fill	empty	warm	unmap	0.172697	0.012121	98	0	0.000000	0.012393
6	fill	empty	warm	total	0.000003	0.184833	6882	0	0.003443	1.335471
6	scan	empty	warm	taxo	0.000082	0.002589	2534	0	0.003172	0.000000
6	scan	empty	warm	hash	0.002694	0.166948	4193	0	0.000000	1.299893
6	scan	empty	warm	setup	0.169672	0.000066	10	0	0.000000	0.000066
6	scan	empty	warm	classify	0.169743	0.000151	60	0	0.000000	0.000373
6	scan	empty	warm	close	0.169910	0.000001	0	0	0.000000	0.000001
6	scan	empty	warm	unmap	0.170096	0.013198	18	0	0.000000	0.013336
6	scan	empty	warm	total	0.000002	0.183305	6904	0	0.003274	1.314108
7	rc	empty	warm	taxo	0.000081	0.002760	2542	0	0.003426	0.000000
7	rc	empty	warm	hash	0.002865	0.168331	4195	0	0.000000	1.313426
7	rc	empty	warm	setup	0.171216	0.000067	9	0	0.000000	0.000069
7	rc	empty	warm	classify	0.171288	0.000149	15	0	0.000000	0.000360
7	rc	empty	warm	close	0.171470	0.000010	0	0	0.000000	0.000058
7	rc	empty	warm	unmap	0.171500	0.012292	65	0	0.000000	0.012406
7	rc	empty	warm	total	0.000002	0.183807	6877	0	0.003529	1.326603
7	matesize	empty	warm	taxo	0.000076	0.002597	2539	0	0.003262	0.000000
7	matesize	empty	warm	hash	0.002697	0.208534	4203	0	0.000000	1.215966
7	matesize	empty	warm	setup	0.211270	0.000068	16	0	0.000000	0.000068
7	matesize	empty	warm	classify	0.211343	0.000360	103	0	0.000000	0.000680
7	matesize	empty	warm	close	0.211720	0.000002	1	0	0.000000	0.000001
7	matesize	empty	warm	unmap	0.211729	0.012305	24	0	0.000000	0.012550
7	matesize	empty	warm	total	0.000003	0.224041	6915	0	0.003360	1.229343
7	batch	empty	warm	taxo	0.000129	0.002742	2569	0	0.003333	0.000000
7	batch	empty	warm	hash	0.002894	0.188876	4207	0	0.000000	1.307957
7	batch	empty	warm	setup	0.191803	0.000072	8	0	0.000000	0.000078
7	batch	empty	warm	classify	0.191879	0.000402	232	0	0.000000	0.000922
7	batch	empty	warm	close	0.192295	0.000001	0	0	0.000000	0.000000
7	batch	empty	warm	unmap	0.192303	0.012431	0	0	0.000000	0.012537
7	batch	empty	warm	total	0.000002	0.204743	7051	0	0.003501	1.321560
7	final	empty	warm	taxo	0.000084	0.002756	2585	0	0.003451	0.000000
7	final	empty	warm	hash	0.002863	0.172639	4196	0	0.000000	1.330433
7	final	empty	warm	setup	0.175530	0.000068	6	0	0.000000	0.000066
7	final	empty	warm	classify	0.175603	0.000445	148	0	0.000000	0.000904
7	final	empty	warm	close	0.176065	0.000001	0	0	0.000000	0.000001
7	final	empty	warm	unmap	0.176073	0.013022	0	0	0.000000	0.013117
7	final	empty	warm	total	0.000002	0.189105	6948	0	0.003557	1.344591
7	final-aa	empty	warm	taxo	0.000085	0.002770	2566	0	0.000000	0.003329
7	final-aa	empty	warm	hash	0.002877	0.171774	4199	0	0.000000	1.343273
7	final-aa	empty	warm	setup	0.174677	0.000056	8	0	0.000000	0.000064
7	final-aa	empty	warm	classify	0.174736	0.000361	141	0	0.000000	0.000722
7	final-aa	empty	warm	close	0.175112	0.000002	0	0	0.000000	0.000001
7	final-aa	empty	warm	unmap	0.175121	0.012213	1	0	0.000000	0.012399
7	final-aa	empty	warm	total	0.000003	0.187344	6941	0	0.000000	1.359956
7	base	empty	warm	taxo	0.000075	0.002533	2538	0	0.003163	0.000000
7	base	empty	warm	hash	0.002632	0.400888	1953165	0	0.000000	3.162553
7	base	empty	warm	setup	0.403544	0.000060	6	0	0.000000	0.000062
7	base	empty	warm	classify	0.403609	0.000201	57	0	0.000000	0.000511
7	base	empty	warm	close	0.403841	0.000005	0	0	0.000000	0.000000
7	base	empty	warm	unmap	0.403855	0.384240	59	0	0.000000	0.384625
7	base	empty	warm	total	0.000002	0.788111	1955862	0	0.003261	3.547848
7	thp	empty	warm	taxo	0.000078	0.003303	2562	0	0.003916	0.000000
7	thp	empty	warm	hash	0.003405	0.167241	4191	0	0.000000	1.304594
7	thp	empty	warm	setup	0.170675	0.000067	7	0	0.000000	0.000066
7	thp	empty	warm	classify	0.170748	0.000129	28	0	0.000000	0.000367
7	thp	empty	warm	close	0.170923	0.000003	0	0	0.000000	0.000001
7	thp	empty	warm	unmap	0.170935	0.013564	80	0	0.000000	0.013880
7	thp	empty	warm	total	0.000002	0.184511	6906	0	0.004016	1.319127
7	fill	empty	warm	taxo	0.000080	0.003043	2532	0	0.001804	0.001804
7	fill	empty	warm	hash	0.003148	0.166994	4189	0	0.007216	1.293107
7	fill	empty	warm	setup	0.170193	0.000066	14	0	0.000000	0.000065
7	fill	empty	warm	classify	0.170264	0.000169	47	0	0.000004	0.000477
7	fill	empty	warm	close	0.170449	0.000017	0	0	0.000001	0.000080
7	fill	empty	warm	unmap	0.170573	0.011887	44	0	0.000017	0.012056
7	fill	empty	warm	total	0.000003	0.182469	6906	0	0.009095	1.307949
7	scan	empty	warm	taxo	0.000074	0.002818	2538	0	0.000000	0.003439
7	scan	empty	warm	hash	0.002915	0.209006	4197	0	0.000000	1.210412
7	scan	empty	warm	setup	0.211959	0.000056	14	0	0.000000	0.000057
7	scan	empty	warm	classify	0.212019	0.000285	96	0	0.000000	0.000777
7	scan	empty	warm	close	0.212337	0.000004	0	0	0.000000	0.000001
7	scan	empty	warm	unmap	0.212349	0.013181	75	0	0.000000	0.013520
7	scan	empty	warm	total	0.000002	0.225542	6964	0	0.000074	1.228332
7	recycle	empty	warm	taxo	0.000074	0.002780	2564	0	0.003358	0.000000
7	recycle	empty	warm	hash	0.002876	0.193979	4197	0	0.000000	1.279098
7	recycle	empty	warm	setup	0.196897	0.000077	16	0	0.000000	0.000082
7	recycle	empty	warm	classify	0.196980	0.000267	82	0	0.000000	0.000627
7	recycle	empty	warm	close	0.197371	0.000002	1	0	0.000000	0.000002
7	recycle	empty	warm	unmap	0.197382	0.012945	44	0	0.000000	0.013122
7	recycle	empty	warm	total	0.000003	0.210339	6990	0	0.003451	1.293216
8	matesize	empty	warm	taxo	0.000082	0.002766	2553	0	0.000000	0.003334
8	matesize	empty	warm	hash	0.002870	0.175440	4196	0	0.000000	1.362387
8	matesize	empty	warm	setup	0.178350	0.000071	13	0	0.000000	0.000070
8	matesize	empty	warm	classify	0.178427	0.000355	115	0	0.000000	0.000668
8	matesize	empty	warm	close	0.178794	0.000002	0	0	0.000000	0.000000
8	matesize	empty	warm	unmap	0.178802	0.012201	0	0	0.000000	0.012294
8	matesize	empty	warm	total	0.000003	0.191013	6899	0	0.000081	1.378940
8	batch	empty	warm	taxo	0.000078	0.002797	2546	0	0.003366	0.000000
8	batch	empty	warm	hash	0.002900	0.173017	4210	0	0.000000	1.352072
8	batch	empty	warm	setup	0.175962	0.000065	10	0	0.000063	0.000000
8	batch	empty	warm	classify	0.176031	0.000432	175	0	0.000873	0.000000
8	batch	empty	warm	close	0.176479	0.000002	1	0	0.000001	0.000000
8	batch	empty	warm	unmap	0.176488	0.012121	1	0	0.004044	0.008254
8	batch	empty	warm	total	0.000002	0.188621	6973	0	0.008536	1.360338
8	final	empty	warm	taxo	0.000080	0.002683	2543	0	0.003328	0.000000
8	final	empty	warm	hash	0.002788	0.169509	4206	0	0.000000	1.324617
8	final	empty	warm	setup	0.172328	0.000069	8	0	0.000000	0.000071
8	final	empty	warm	classify	0.172401	0.000322	114	0	0.000000	0.000728
8	final	empty	warm	close	0.172739	0.000001	0	0	0.000000	0.000001
8	final	empty	warm	unmap	0.172747	0.012235	16	0	0.000000	0.012386
8	final	empty	warm	total	0.000002	0.184992	6915	0	0.003430	1.337872
8	final-aa	empty	warm	taxo	0.000081	0.002821	2570	0	0.003390	0.000000
8	final-aa	empty	warm	hash	0.002926	0.168681	4204	0	0.000000	1.308844
8	final-aa	empty	warm	setup	0.171635	0.000063	7	0	0.000000	0.000063
8	final-aa	empty	warm	classify	0.171703	0.000345	103	0	0.000000	0.000675
8	final-aa	empty	warm	close	0.172061	0.000002	1	0	0.000000	0.000001
8	final-aa	empty	warm	unmap	0.172069	0.013167	16	0	0.000000	0.013323
8	final-aa	empty	warm	total	0.000003	0.185245	6923	0	0.003495	1.322968
8	base	empty	warm	taxo	0.000079	0.002635	2550	0	0.003245	0.000000
8	base	empty	warm	hash	0.002738	0.385591	1953152	0	0.000000	3.061278
8	base	empty	warm	setup	0.388346	0.000055	7	0	0.000000	0.000056
8	base	empty	warm	classify	0.388404	0.000133	26	0	0.000000	0.000381
8	base	empty	warm	close	0.388581	0.000003	0	0	0.000000	0.000001
8	base	empty	warm	unmap	0.388711	0.392137	33	0	0.000000	0.392321
8	base	empty	warm	total	0.000002	0.780863	1955853	0	0.003347	3.454343
8	thp	empty	warm	taxo	0.000081	0.002807	2569	0	0.000000	0.003446
8	thp	empty	warm	hash	0.002912	0.196946	4194	0	0.000000	1.229390
8	thp	empty	warm	setup	0.199892	0.000067	15	0	0.000000	0.000070
8	thp	empty	warm	classify	0.199964	0.000234	23	0	0.000000	0.000508
8	thp	empty	warm	close	0.200226	0.000006	0	0	0.000000	0.000001
8	thp	empty	warm	unmap	0.200329	0.012991	50	0	0.000000	0.013201
8	thp	empty	warm	total	0.000002	0.213331	6929	0	0.000000	1.246971
8	fill	empty	warm	taxo	0.000081	0.002639	2536	0	0.003207	0.000000
8	fill	empty	warm	hash	0.002744	0.197064	4196	0	0.000000	1.283641
8	fill	empty	warm	setup	0.199840	0.000065	10	0	0.000000	0.000076
8	fill	empty	warm	classify	0.199910	0.000140	49	0	0.000000	0.000409
8	fill	empty	warm	close	0.200064	0.000002	0	0	0.000000	0.000001
8	fill	empty	warm	unmap	0.200236	0.012383	37	0	0.000000	0.012571
8	fill	empty	warm	total	0.000002	0.212629	6904	0	0.003308	1.297148
8	scan	empty	warm	taxo	0.000084	0.002747	2537	0	0.003368	0.000000
8	scan	empty	warm	hash	0.002854	0.174112	4197	0	0.000000	1.350580
8	scan	empty	warm	setup	0.177002	0.000072	14	0	0.000000	0.000072
8	scan	empty	warm	classify	0.177078	0.000172	35	0	0.000000	0.000442
8	scan	empty	warm	close	0.177283	0.000001	0	0	0.000000	0.000001
8	scan	empty	warm	unmap	0.177291	0.013617	87	0	0.000000	0.014083
8	scan	empty	warm	total	0.000003	0.190921	6901	0	0.003473	1.365356
8	recycle	empty	warm	taxo	0.000078	0.002698	2551	0	0.003264	0.000000
8	recycle	empty	warm	hash	0.002799	0.170350	4198	0	0.000000	1.326589
8	recycle	empty	warm	setup	0.173200	0.000066	10	0	0.000000	0.000071
8	recycle	empty	warm	classify	0.173271	0.000148	35	0	0.000000	0.000384
8	recycle	empty	warm	close	0.173466	0.000004	0	0	0.000000	0.000000
8	recycle	empty	warm	unmap	0.173598	0.012136	38	0	0.000000	0.011665
8	recycle	empty	warm	total	0.000002	0.185742	6913	0	0.003365	1.339116
8	rc	empty	warm	taxo	0.000081	0.002667	2565	0	0.003286	0.000000
8	rc	empty	warm	hash	0.002770	0.166283	4196	0	0.000000	1.298619
8	rc	empty	warm	setup	0.169084	0.000069	10	0	0.000000	0.000067
8	rc	empty	warm	classify	0.169159	0.000154	16	0	0.000000	0.000284
8	rc	empty	warm	close	0.169337	0.000001	0	0	0.000000	0.000001
8	rc	empty	warm	unmap	0.169364	0.013092	80	0	0.000000	0.013392
8	rc	empty	warm	total	0.000002	0.182470	6905	0	0.003388	1.312694
9	batch	empty	warm	taxo	0.000076	0.002719	2567	0	0.000000	0.003319
9	batch	empty	warm	hash	0.002817	0.172469	4206	0	0.000000	1.332874
9	batch	empty	warm	setup	0.175323	0.000069	10	0	0.000000	0.000068
9	batch	empty	warm	classify	0.175396	0.000410	140	0	0.000000	0.000808
9	batch	empty	warm	close	0.175835	0.000002	0	0	0.000000	0.000000
9	batch	empty	warm	unmap	0.175843	0.013077	0	0	0.000000	0.013164
9	batch	empty	warm	total	0.000003	0.188929	6966	0	0.000075	1.350408
9	final	empty	warm	taxo	0.000082	0.002745	2565	0	0.000000	0.003523
9	final	empty	warm	hash	0.002850	0.166818	4200	0	0.000000	1.297976
9	final	empty	warm	setup	0.169700	0.000063	6	0	0.000000	0.000061
9	final	empty	warm	classify	0.169767	0.000380	134	0	0.000000	0.000717
9	final	empty	warm	close	0.170164	0.000002	0	0	0.000000	0.000000
9	final	empty	warm	unmap	0.170174	0.012026	0	0	0.000000	0.012176
9	final	empty	warm	total	0.000003	0.182208	6934	0	0.000080	1.314547
9	final-aa	empty	warm	taxo	0.000080	0.002695	2569	0	0.003337	0.000000
9	final-aa	empty	warm	hash	0.002795	0.167227	4200	0	0.000000	1.313765
9	final-aa	empty	warm	setup	0.170044	0.000052	6	0	0.000000	0.000051
9	final-aa	empty	warm	classify	0.170098	0.000317	121	0	0.000000	0.000680
9	final-aa	empty	warm	close	0.170430	0.000001	2	0	0.000000	0.000001
9	final-aa	empty	warm	unmap	0.170438	0.012930	1	0	0.000000	0.013112
9	final-aa	empty	warm	total	0.000002	0.183377	6927	0	0.003439	1.327674
9	base	empty	warm	taxo	0.000080	0.002569	2533	0	0.003264	0.000000
9	base	empty	warm	hash	0.002674	0.431940	1953147	0	0.000000	2.938622
9	base	empty	warm	setup	0.434645	0.000063	18	0	0.000000	0.000088
9	base	empty	warm	classify	0.434720	0.000166	52	0	0.000000	0.000393
9	base	empty	warm	close	0.434901	0.000001	0	0	0.000000	0.000000
9	base	empty	warm	unmap	0.434909	0.383766	69	0	0.000000	0.384266
9	base	empty	warm	total	0.000002	0.818693	1955856	0	0.003366	3.323456
9	thp	empty	warm	taxo	0.000078	0.002734	2535	0	0.000000	0.003292
9	thp	empty	warm	hash	0.002836	0.178372	4200	0	0.000000	1.286489
9	thp	empty	warm	setup	0.181240	0.000074	15	0	0.000000	0.000074
9	thp	empty	warm	classify	0.181319	0.000153	49	0	0.000000	0.000401
9	thp	empty	warm	close	0.181514	0.000001	0	0	0.000000	0.000001
9	thp	empty	warm	unmap	0.181523	0.012236	103	0	0.000000	0.012470
9	thp	empty	warm	total	0.000002	0.193778	6924	0	0.000077	1.303002
9	fill	empty	warm	taxo	0.000084	0.002704	2567	0	0.003297	0.000000
9	fill	empty	warm	hash	0.002813	0.173122	4198	0	0.000000	1.350120
9	fill	empty	warm	setup	0.175969	0.000065	10	0	0.000000	0.000082
9	fill	empty	warm	classify	0.176039	0.000227	43	0	0.000000	0.000587
9	fill	empty	warm	close	0.176294	0.000004	0	0	0.000000	0.000006
9	fill	empty	warm	unmap	0.176307	0.012167	74	0	0.000000	0.012458
9	fill	empty	warm	total	0.000002	0.188486	6923	0	0.003403	1.363361
9	scan	empty	warm	taxo	0.000088	0.003050	2537	0	0.000000	0.003622
9	scan	empty	warm	hash	0.003163	0.169217	4192	0	0.000000	1.319178
9	scan	empty	warm	setup	0.172415	0.000066	10	0	0.000000	0.000066
9	scan	empty	warm	classify	0.172486	0.000139	17	0	0.000000	0.000397
9	scan	empty	warm	close	0.172676	0.000004	0	0	0.000000	0.000001
9	scan	empty	warm	unmap	0.172839	0.012501	46	0	0.000000	0.012676
9	scan	empty	warm	total	0.000003	0.185349	6895	0	0.000087	1.336433
9	recycle	empty	warm	taxo	0.000100	0.002840	2537	0	0.000000	0.003371
9	recycle	empty	warm	hash	0.002967	0.169795	4192	0	0.000000	1.317420
9	recycle	empty	warm	setup	0.172798	0.000061	8	0	0.000000	0.000063
9	recycle	empty	warm	classify	0.172864	0.000255	59	0	0.000000	0.000563
9	recycle	empty	warm	close	0.173167	0.000009	0	0	0.000000	0.000001
9	recycle	empty	warm	unmap	0.173272	0.012865	32	0	0.000000	0.013021
9	recycle	empty	warm	total	0.000002	0.186148	6931	0	0.000107	1.334902
9	rc	empty	warm	taxo	0.000079	0.002386	2560	0	0.002927	0.000000
9	rc	empty	warm	hash	0.002488	0.174461	4205	0	0.000000	1.367042
9	rc	empty	warm	setup	0.176980	0.000061	11	0	0.000000	0.000060
9	rc	empty	warm	classify	0.177046	0.000186	12	0	0.000000	0.000405
9	rc	empty	warm	close	0.177280	0.000098	0	0	0.000000	0.000001
9	rc	empty	warm	unmap	0.177388	0.012850	46	0	0.000000	0.013024
9	rc	empty	warm	total	0.000002	0.190248	6915	0	0.003028	1.380908
9	matesize	empty	warm	taxo	0.000073	0.002453	2544	0	0.003089	0.000000
9	matesize	empty	warm	hash	0.002549	0.168056	4205	0	0.000000	1.312220
9	matesize	empty	warm	setup	0.170639	0.000068	13	0	0.000000	0.000072
9	matesize	empty	warm	classify	0.170711	0.000395	132	0	0.000000	0.000827
9	matesize	empty	warm	close	0.171118	0.000001	0	0	0.000000	0.000001
9	matesize	empty	warm	unmap	0.171126	0.013074	0	0	0.000000	0.013165
9	matesize	empty	warm	total	0.000002	0.184210	6917	0	0.003183	1.326437
10	final	empty	warm	taxo	0.000079	0.002374	2544	0	0.000000	0.003071
10	final	empty	warm	hash	0.002476	0.169608	4195	0	0.000000	1.322036
10	final	empty	warm	setup	0.172107	0.000078	7	0	0.000000	0.000080
10	final	empty	warm	classify	0.172190	0.000394	92	0	0.000000	0.000748
10	final	empty	warm	close	0.172600	0.000001	0	0	0.000000	0.000001
10	final	empty	warm	unmap	0.172609	0.012337	16	0	0.000000	0.012503
10	final	empty	warm	total	0.000002	0.184955	6876	0	0.000078	1.338522
10	final-aa	empty	warm	taxo	0.000073	0.002404	2550	0	0.003038	0.000000
10	final-aa	empty	warm	hash	0.002500	0.198507	4208	0	0.000000	1.232058
10	final-aa	empty	warm	setup	0.201042	0.000065	14	0	0.000000	0.000065
10	final-aa	empty	warm	classify	0.201112	0.000306	125	0	0.000000	0.000694
10	final-aa	empty	warm	close	0.201433	0.000001	1	0	0.000000	0.000000
10	final-aa	empty	warm	unmap	0.201442	0.013078	4	0	0.000000	0.013278
10	final-aa	empty	warm	total	0.000002	0.214530	6935	0	0.003132	1.246170
10	base	empty	warm	taxo	0.000126	0.002392	2535	0	0.003096	0.000000
10	base	empty	warm	hash	0.002539	0.386412	1953155	0	0.000000	3.064505
10	base	empty	warm	setup	0.388973	0.000062	8	0	0.000000	0.000059
10	base	empty	warm	classify	0.389039	0.000145	44	0	0.000000	0.000404
10	base	empty	warm	close	0.389234	0.000033	0	0	0.000000	0.000004
10	base	empty	warm	unmap	0.389362	0.387410	48	0	0.000000	0.387600
10	base	empty	warm	total	0.000002	0.776792	1955909	0	0.003271	3.453001
10	thp	empty	warm	taxo	0.000077	0.002790	2537	0	0.003371	0.000000
10	thp	empty	warm	hash	0.002892	0.170200	4204	0	0.000000	1.332305
10	thp	empty	warm	setup	0.173120	0.000067	7	0	0.000000	0.000069
10	thp	empty	warm	classify	0.173193	0.000171	54	0	0.000000	0.000206
10	thp	empty	warm	close	0.173378	0.000001	0	0	0.000000	0.000001
10	thp	empty	warm	unmap	0.173391	0.012904	80	0	0.000000	0.013164
10	thp	empty	warm	total	0.000002	0.186311	6910	0	0.003475	1.346163
10	fill	empty	warm	taxo	0.000079	0.002839	2578	0	0.003470	0.000000
10	fill	empty	warm	hash	0.002941	0.173230	4193	0	0.000000	1.346528
10	fill	empty	warm	setup	0.176206	0.000070	14	0	0.000000	0.000069
10	fill	empty	warm	classify	0.176281	0.000183	38	0	0.000000	0.000492
10	fill	empty	warm	close	0.176583	0.000001	1	0	0.000000	0.000001
10	fill	empty	warm	unmap	0.176594	0.012263	41	0	0.000000	0.012436
10	fill	empty	warm	total	0.000002	0.188868	6943	0	0.003570	1.359886
10	scan	empty	warm	taxo	0.000079	0.002537	2535	0	0.003154	0.000000
10	scan	empty	warm	hash	0.002640	0.169862	4200	0	0.000000	1.329553
10	scan	empty	warm	setup	0.172549	0.000064	10	0	0.000000	0.000067
10	scan	empty	warm	classify	0.172617	0.000125	36	0	0.000000	0.000232
10	scan	empty	warm	close	0.172792	0.000003	0	0	0.000000	0.000001
10	scan	empty	warm	unmap	0.172928	0.012063	27	0	0.000000	0.012192
10	scan	empty	warm	total	0.000003	0.185000	6902	0	0.003254	1.342603
10	recycle	empty	warm	taxo	0.000082	0.002789	2562	0	0.003396	0.000000
10	recycle	empty	warm	hash	0.002895	0.168435	4203	0	0.000000	1.313802
10	recycle	empty	warm	setup	0.171360	0.000065	10	0	0.000000	0.000068
10	recycle	empty	warm	classify	0.171429	0.000168	22	0	0.000000	0.000366
10	recycle	empty	warm	close	0.171617	0.000001	0	0	0.000000	0.000001
10	recycle	empty	warm	unmap	0.171626	0.013127	93	0	0.000000	0.013537
10	recycle	empty	warm	total	0.000003	0.184766	6922	0	0.003509	1.327904
10	rc	empty	warm	taxo	0.000078	0.002800	2537	0	0.000000	0.003465
10	rc	empty	warm	hash	0.002902	0.171712	4202	0	0.000000	1.333840
10	rc	empty	warm	setup	0.174642	0.000062	14	0	0.000000	0.000061
10	rc	empty	warm	classify	0.174708	0.000169	34	0	0.000000	0.000429
10	rc	empty	warm	close	0.174897	0.000001	0	0	0.000000	0.000000
10	rc	empty	warm	unmap	0.174907	0.013202	79	0	0.000000	0.013492
10	rc	empty	warm	total	0.000003	0.188122	6895	0	0.000000	1.351561
10	matesize	empty	warm	taxo	0.000084	0.002743	2535	0	0.003300	0.000000
10	matesize	empty	warm	hash	0.002849	0.209610	4202	0	0.000000	1.261986
10	matesize	empty	warm	setup	0.212482	0.000063	9	0	0.000000	0.000084
10	matesize	empty	warm	classify	0.212550	0.000341	111	0	0.000000	0.000710
10	matesize	empty	warm	close	0.212907	0.000002	0	0	0.000000	0.000000
10	matesize	empty	warm	unmap	0.212915	0.012896	0	0	0.000000	0.012986
10	matesize	empty	warm	total	0.000003	0.225821	6878	0	0.003403	1.275896
10	batch	empty	warm	taxo	0.000082	0.002872	2572	0	0.003393	0.000000
10	batch	empty	warm	hash	0.002976	0.178308	4195	0	0.000000	1.229545
10	batch	empty	warm	setup	0.181306	0.000069	4	0	0.000000	0.000074
10	batch	empty	warm	classify	0.181380	0.000394	151	0	0.000000	0.000857
10	batch	empty	warm	close	0.181789	0.000002	0	0	0.000000	0.000001
10	batch	empty	warm	unmap	0.181797	0.012309	0	0	0.000000	0.012401
10	batch	empty	warm	total	0.000003	0.194115	6938	0	0.003498	1.243029
1	base	pe	cold	taxo	0.000688	0.003393	2524	1	0.003157	0.000000
1	base	pe	cold	hash	0.004102	7.438964	1953153	0	0.000000	2.423241
1	base	pe	cold	setup	7.443091	0.000574	0	0	0.000000	0.000164
1	base	pe	cold	classify	7.443676	0.301536	58216	0	1.204836	0.056607
1	base	pe	cold	close	7.745240	0.000038	0	0	0.000018	0.000035
1	base	pe	cold	unmap	7.745286	0.360220	0	0	0.000070	0.360180
1	base	pe	cold	total	0.000002	8.105529	2013907	1	1.208270	2.840323
1	base	pe	warm	taxo	0.000079	0.002516	2536	0	0.000000	0.003125
1	base	pe	warm	hash	0.002617	0.449884	1953151	0	0.000000	3.447262
1	base	pe	warm	setup	0.452523	0.000057	5	0	0.000000	0.000060
1	base	pe	warm	classify	0.452585	0.257809	58825	0	1.258059	0.012619
1	base	pe	warm	close	0.710420	0.000037	0	0	0.000013	0.000036
1	base	pe	warm	unmap	0.710466	0.389600	0	0	0.000056	0.389576
1	base	pe	warm	total	0.000002	1.100078	2014529	0	1.258144	3.852847
1	thp	pe	cold	taxo	0.000675	0.004083	2533	1	0.003838	0.000000
1	thp	pe	cold	hash	0.004783	7.437078	4202	1	0.000000	1.261284
1	thp	pe	cold	setup	7.441881	0.000247	2	0	0.000000	0.000095
1	thp	pe	cold	classify	7.442133	0.291728	59285	0	1.248557	0.000000
1	thp	pe	cold	close	7.733889	0.000018	0	0	0.000037	0.000000
1	thp	pe	cold	unmap	7.733915	0.012897	0	0	0.011445	0.000000
1	thp	pe	cold	total	0.000002	7.746841	66036	2	1.265577	1.261405
1	thp	pe	warm	taxo	0.000082	0.002558	2544	0	0.003176	0.000000
1	thp	pe	warm	hash	0.002663	0.228178	4193	0	0.000000	1.705543
1	thp	pe	warm	setup	0.230871	0.000073	8	0	0.000000	0.000064
1	thp	pe	warm	classify	0.230949	0.254056	59813	0	1.137908	0.089819
1	thp	pe	warm	close	0.485031	0.000036	0	0	0.000021	0.000033
1	thp	pe	warm	unmap	0.485075	0.012443	0	0	0.000871	0.011578
1	thp	pe	warm	total	0.000002	0.497531	66571	0	1.142098	1.807110
1	fill	pe	cold	taxo	0.000683	0.003451	2562	1	0.000000	0.003278
1	fill	pe	cold	hash	0.004155	7.439361	4196	0	0.000000	1.240613
1	fill	pe	cold	setup	7.443543	0.000248	0	0	0.000000	0.000114
1	fill	pe	cold	classify	7.443797	0.297069	58462	0	1.135726	0.089852
1	fill	pe	cold	close	7.740895	0.000037	0	0	0.000023	0.000027
1	fill	pe	cold	unmap	7.740941	0.012825	0	0	0.000000	0.011432
1	fill	pe	cold	total	0.000002	7.753794	65235	1	1.135914	1.346850
1	fill	pe	warm	taxo	0.000118	0.002405	2535	0	0.000000	0.003068
1	fill	pe	warm	hash	0.002545	0.225022	4204	0	0.000000	1.694434
1	fill	pe	warm	setup	0.227591	0.000050	8	0	0.000000	0.000051
1	fill	pe	warm	classify	0.227646	0.249584	63408	0	1.192551	0.053657
1	fill	pe	warm	close	0.477254	0.000015	0	0	0.000012	0.000018
1	fill	pe	warm	unmap	0.477277	0.012886	0	0	0.001188	0.011704
1	fill	pe	warm	total	0.000002	0.490175	70189	0	1.193915	1.763006
1	scan	pe	cold	taxo	0.000680	0.003416	2567	0	0.003245	0.000000
1	scan	pe	cold	hash	0.004120	7.439412	4190	1	0.000000	1.262254
1	scan	pe	cold	setup	7.443566	0.000568	14	0	0.000000	0.000111
1	scan	pe	cold	classify	7.444140	0.241041	58774	0	0.782285	0.133335
1	scan	pe	cold	close	7.685208	0.000037	0	0	0.000019	0.000032
1	scan	pe	cold	unmap	7.685253	0.013074	0	0	0.000000	0.004521
1	scan	pe	cold	total	0.000003	7.698347	65561	1	0.786845	1.407792
1	scan	pe	warm	taxo	0.000079	0.002375	2540	0	0.003012	0.000000
1	scan	pe	warm	hash	0.002477	0.252356	4189	0	0.005110	1.632735
1	scan	pe	warm	setup	0.254865	0.000073	5	0	0.000000	0.000093
1	scan	pe	warm	classify	0.254948	0.194197	58143	0	0.825781	0.107635
1	scan	pe	warm	close	0.449169	0.000037	0	0	0.000016	0.000032
1	scan	pe	warm	unmap	0.449214	0.012853	0	0	0.000000	0.003460
1	scan	pe	warm	total	0.000003	0.462090	64893	0	0.834990	1.752513
1	recycle	pe	cold	taxo	0.000679	0.004026	2562	0	0.003645	0.000000
1	recycle	pe	cold	hash	0.004736	7.438810	4191	1	0.000000	1.245875
1	recycle	pe	cold	setup	7.443575	0.000568	10	0	0.000000	0.000109
1	recycle	pe	cold	classify	7.444148	0.240506	59571	0	0.905397	0.000000
1	recycle	pe	cold	close	7.684681	0.000038	0	0	0.000060	0.000000
1	recycle	pe	cold	unmap	7.684727	0.012793	0	0	0.003443	0.000000
1	recycle	pe	cold	total	0.000003	7.697544	66347	1	0.920862	1.247323
1	recycle	pe	warm	taxo	0.000075	0.002397	2536	0	0.003007	0.000000
1	recycle	pe	warm	hash	0.002494	0.226001	4201	0	0.000000	1.716177
1	recycle	pe	warm	setup	0.228534	0.000067	14	0	0.000000	0.000069
1	recycle	pe	warm	classify	0.228605	0.196752	61047	0	0.875651	0.053837
1	recycle	pe	warm	close	0.425384	0.000035	0	0	0.000017	0.000035
1	recycle	pe	warm	unmap	0.425427	0.013041	0	0	0.000000	0.009082
1	recycle	pe	warm	total	0.000003	0.438488	67818	0	0.879816	1.782256
1	rc	pe	cold	taxo	0.000678	0.003538	2570	1	0.003199	0.000000
1	rc	pe	cold	hash	0.004238	7.437810	4202	0	0.006059	1.227110
1	rc	pe	cold	setup	7.442069	0.000552	0	0	0.000000	0.000097
1	rc	pe	cold	classify	7.442626	0.233804	59120	0	0.810872	0.036744
1	rc	pe	cold	close	7.676456	0.000035	0	0	0.000019	0.000028
1	rc	pe	cold	unmap	7.676499	0.012886	0	0	0.001025	0.011866
1	rc	pe	cold	total	0.000002	7.689398	65903	1	0.821338	1.275898
1	rc	pe	warm	taxo	0.000080	0.002414	2535	0	0.002983	0.000000
1	rc	pe	warm	hash	0.002517	0.244085	4199	0	0.000000	1.586367
1	rc	pe	warm	setup	0.246637	0.000067	14	0	0.000000	0.000067
1	rc	pe	warm	classify	0.246709	0.184099	60863	0	0.784946	0.061368
1	rc	pe	warm	close	0.430837	0.000015	0	0	0.000008	0.000016
1	rc	pe	warm	unmap	0.430859	0.012656	0	0	0.000623	0.011177
1	rc	pe	warm	total	0.000002	0.443529	67628	0	0.788686	1.659077
1	matesize	pe	cold	taxo	0.000714	0.003387	2535	1	0.003042	0.000000
1	matesize	pe	cold	hash	0.004125	7.438658	4184	1	0.000000	1.258729
1	matesize	pe	cold	setup	7.442810	0.000581	4	0	0.000000	0.000157
1	matesize	pe	cold	classify	7.443402	0.228927	56929	0	0.827991	0.000000
1	matesize	pe	cold	close	7.672364	0.000036	0	0	0.000048	0.000000
1	matesize	pe	cold	unmap	7.672408	0.012782	0	0	0.006628	0.006168
1	matesize	pe	cold	total	0.000002	7.685219	63674	2	0.837950	1.265119
1	matesize	pe	warm	taxo	0.000094	0.002487	2535	0	0.000000	0.003024
1	matesize	pe	warm	hash	0.002604	0.229319	4205	0	0.000000	1.730068
1	matesize	pe	warm	setup	0.231945	0.000057	5	0	0.000000	0.000064
1	matesize	pe	warm	classify	0.232006	0.175687	58782	0	0.772803	0.066505
1	matesize	pe	warm	close	0.407725	0.000018	0	0	0.000010	0.000022
1	matesize	pe	warm	unmap	0.407753	0.013159	0	0	0.000000	0.013164
1	matesize	pe	warm	total	0.000003	0.420924	65551	0	0.772871	1.812988
1	batch	pe	cold	taxo	0.001135	0.004649	2565	1	0.000000	0.003864
1	batch	pe	cold	hash	0.005809	7.438920	4195	1	0.000000	1.266797
1	batch	pe	cold	setup	7.444767	0.000568	12	0	0.000000	0.000111
1	batch	pe	cold	classify	7.445341	0.227241	56735	0	0.716714	0.106790
1	batch	pe	cold	close	7.672610	0.000017	0	0	0.000009	0.000017
1	batch	pe	cold	unmap	7.672634	0.013001	0	0	0.001032	0.011976
1	batch	pe	cold	total	0.000457	7.685194	63529	2	0.717903	1.389662
1	batch	pe	warm	taxo	0.000072	0.002487	2582	0	0.003084	0.000000
1	batch	pe	warm	hash	0.002581	0.228280	4224	0	0.000000	1.729739
1	batch	pe	warm	setup	0.230897	0.000063	8	0	0.000000	0.000067
1	batch	pe	warm	classify	0.230964	0.176239	59019	0	0.756896	0.073388
1	batch	pe	warm	close	0.407234	0.000035	0	0	0.000014	0.000032
1	batch	pe	warm	unmap	0.407277	0.012905	0	0	0.000860	0.012065
1	batch	pe	warm	total	0.000002	0.420204	65854	0	0.760966	1.815376
1	final	pe	cold	taxo	0.001204	0.004710	2560	1	0.003626	0.000000
1	final	pe	cold	hash	0.005940	7.438746	4203	1	0.000000	1.221326
1	final	pe	cold	setup	7.444707	0.000463	4	0	0.000000	0.000098
1	final	pe	cold	classify	7.445174	0.229079	49526	0	0.806718	0.029412
1	final	pe	cold	close	7.674278	0.000035	0	0	0.000018	0.000028
1	final	pe	cold	unmap	7.674321	0.012921	0	0	0.000000	0.003117
1	final	pe	cold	total	0.000527	7.686750	56301	2	0.811431	1.262997
1	final	pe	warm	taxo	0.000077	0.002429	2546	0	0.001934	0.001123
1	final	pe	warm	hash	0.002528	0.223764	4206	0	0.026321	1.632749
1	final	pe	warm	setup	0.226312	0.000054	0	0	0.000001	0.000054
1	final	pe	warm	classify	0.226370	0.173488	55911	0	0.829965	0.007240
1	final	pe	warm	close	0.399881	0.000036	0	0	0.000019	0.000036
1	final	pe	warm	unmap	0.399925	0.013185	0	0	0.000000	0.012973
1	final	pe	warm	total	0.000002	0.413122	62674	0	0.858342	1.654236
1	final-aa	pe	cold	taxo	0.001178	0.004549	2564	1	0.003611	0.000000
1	final-aa	pe	cold	hash	0.005752	7.438870	4190	1	0.000000	1.255956
1	final-aa	pe	cold	setup	7.444654	0.000561	6	0	0.000000	0.000106
1	final-aa	pe	cold	classify	7.445220	0.225452	49550	0	0.808785	0.028468
1	final-aa	pe	cold	close	7.670699	0.000018	0	0	0.000012	0.000018
1	final-aa	pe	cold	unmap	7.670724	0.012968	0	0	0.000000	0.008927
1	final-aa	pe	cold	total	0.000506	7.683213	56328	2	0.813569	1.296642
1	final-aa	pe	warm	taxo	0.000079	0.002394	2543	0	0.002999	0.000000
1	final-aa	pe	warm	hash	0.002495	0.221971	4202	0	0.000000	1.667218
1	final-aa	pe	warm	setup	0.224495	0.000060	12	0	0.000000	0.000061
1	final-aa	pe	warm	classify	0.224561	0.173663	52299	0	0.796596	0.043738
1	final-aa	pe	warm	close	0.398250	0.000018	0	0	0.000008	0.000018
1	final-aa	pe	warm	unmap	0.398276	0.012781	0	0	0.000000	0.006304
1	final-aa	pe	warm	total	0.000002	0.411088	59076	0	0.800661	1.723017
2	base	pe	cold	taxo	0.000678	0.003849	2563	1	0.003787	0.000000
2	base	pe	cold	hash	0.004553	7.438833	1953148	1	0.000000	2.466540
2	base	pe	cold	setup	7.443419	0.000250	12	0	0.000000	0.000095
2	base	pe	cold	classify	7.443674	0.299945	58467	0	1.155056	0.087561
2	base	pe	cold	close	7.743646	0.000039	0	0	0.000020	0.000044
2	base	pe	cold	unmap	7.743694	0.356563	0	0	0.000000	0.356590
2	base	pe	cold	total	0.000002	8.100287	2014208	2	1.159027	2.910934
2	base	pe	warm	taxo	0.000082	0.002721	2534	0	0.000000	0.003323
2	base	pe	warm	hash	0.002825	0.454241	1953149	0	0.000000	3.556541
2	base	pe	warm	setup	0.457112	0.000092	16	0	0.000000	0.000109
2	base	pe	warm	classify	0.457223	0.257759	57703	0	1.214916	0.039013
2	base	pe	warm	close	0.715005	0.000016	0	0	0.000007	0.000020
2	base	pe	warm	unmap	0.715029	0.381163	0	0	0.000000	0.381200
2	base	pe	warm	total	0.000002	1.096207	2013425	0	1.215013	3.980340
2	thp	pe	cold	taxo	0.000677	0.003615	2554	1	0.003459	0.000000
2	thp	pe	cold	hash	0.004315	7.438895	4190	1	0.007253	1.338106
2	thp	pe	cold	setup	7.443231	0.000591	15	0	0.000000	0.000141
2	thp	pe	cold	classify	7.443828	0.290166	58962	0	1.131356	0.071570
2	thp	pe	cold	close	7.734018	0.000036	0	0	0.000020	0.000025
2	thp	pe	cold	unmap	7.734062	0.013098	0	0	0.000000	0.013134
2	thp	pe	cold	total	0.000002	7.747182	65735	2	1.142252	1.423056
2	thp	pe	warm	taxo	0.000081	0.002458	2549	0	0.000095	0.003081
2	thp	pe	warm	hash	0.002566	0.237990	4194	0	0.008426	1.772452
2	thp	pe	warm	setup	0.240588	0.000065	10	0	0.000000	0.000070
2	thp	pe	warm	classify	0.240658	0.239411	60058	0	1.188172	0.051515
2	thp	pe	warm	close	0.480095	0.000016	0	0	0.000006	0.000010
2	thp	pe	warm	unmap	0.480120	0.013021	0	0	0.000000	0.013033
2	thp	pe	warm	total	0.000002	0.493153	66827	0	1.196807	1.840259
2	fill	pe	cold	taxo	0.000671	0.003428	2571	1	0.000000	0.003098
2	fill	pe	cold	hash	0.004120	7.439576	4199	0	0.000000	1.242037
2	fill	pe	cold	setup	7.443716	0.000559	0	0	0.000000	0.000103
2	fill	pe	cold	classify	7.444281	0.279076	58008	0	1.124846	0.076679
2	fill	pe	cold	close	7.723380	0.000017	0	0	0.000012	0.000013
2	fill	pe	cold	unmap	7.723405	0.012879	0	0	0.001341	0.011545
2	fill	pe	cold	total	0.000002	7.736298	64790	1	1.126223	1.333670
2	fill	pe	warm	taxo	0.000078	0.002434	2534	0	0.000000	0.003019
2	fill	pe	warm	hash	0.002537	0.225863	4196	0	0.000000	1.673971
2	fill	pe	warm	setup	0.228432	0.000056	8	0	0.000000	0.000058
2	fill	pe	warm	classify	0.228493	0.232506	60238	0	1.128679	0.068644
2	fill	pe	warm	close	0.461025	0.000015	0	0	0.000010	0.000015
2	fill	pe	warm	unmap	0.461049	0.012493	0	0	0.000000	0.009500
2	fill	pe	warm	total	0.000002	0.473566	66988	0	1.129746	1.757376
2	scan	pe	cold	taxo	0.000680	0.003883	2534	1	0.003813	0.000000
2	scan	pe	cold	hash	0.004589	7.438802	4193	1	0.000000	1.222102
2	scan	pe	cold	setup	7.443412	0.000552	2	0	0.000000	0.000098
2	scan	pe	cold	classify	7.443969	0.236352	58636	0	0.869425	0.042378
2	scan	pe	cold	close	7.680347	0.000016	0	0	0.000011	0.000015
2	scan	pe	cold	unmap	7.680371	0.012806	0	0	0.000000	0.012812
2	scan	pe	cold	total	0.000002	7.693190	65377	2	0.873417	1.277465
2	scan	pe	warm	taxo	0.000076	0.002477	2535	0	0.000000	0.003062
2	scan	pe	warm	hash	0.002575	0.223891	4204	0	0.000000	1.676691
2	scan	pe	warm	setup	0.226506	0.000063	10	0	0.000000	0.000060
2	scan	pe	warm	classify	0.226574	0.197561	63614	0	0.914993	0.012011
2	scan	pe	warm	close	0.424157	0.000034	0	0	0.000016	0.000029
2	scan	pe	warm	unmap	0.424199	0.012865	0	0	0.000980	0.011891
2	scan	pe	warm	total	0.000002	0.437077	70381	0	0.916080	1.703844
2	recycle	pe	cold	taxo	0.000682	0.003677	2572	1	0.003336	0.000000
2	recycle	pe	cold	hash	0.004382	7.438984	4199	0	0.000000	1.258279
2	recycle	pe	cold	setup	7.443390	0.000564	13	0	0.000000	0.000103
2	recycle	pe	cold	classify	7.443959	0.241531	60041	0	0.846742	0.063834
2	recycle	pe	cold	close	7.685518	0.000035	0	0	0.000019	0.000029
2	recycle	pe	cold	unmap	7.685562	0.013050	0	0	0.001278	0.011792
2	recycle	pe	cold	total	0.000002	7.698630	66838	1	0.851550	1.334107
2	recycle	pe	warm	taxo	0.000077	0.002394	2535	0	0.000000	0.002932
2	recycle	pe	warm	hash	0.002493	0.230288	4201	0	0.000000	1.732024
2	recycle	pe	warm	setup	0.232803	0.000061	4	0	0.000000	0.000062
2	recycle	pe	warm	classify	0.232868	0.199424	60526	0	0.839570	0.077173
2	recycle	pe	warm	close	0.432320	0.000035	0	0	0.000016	0.000036
2	recycle	pe	warm	unmap	0.432364	0.012966	0	0	0.000945	0.012059
2	recycle	pe	warm	total	0.000002	0.445353	67278	0	0.840627	1.824372
2	rc	pe	cold	taxo	0.000674	0.003443	2533	1	0.003060	0.000000
2	rc	pe	cold	hash	0.004140	7.438898	4203	1	0.000000	1.244331
2	rc	pe	cold	setup	7.443069	0.000569	10	0	0.000000	0.000112
2	rc	pe	cold	classify	7.443644	0.228150	60095	0	0.847740	0.000000
2	rc	pe	cold	close	7.671819	0.000018	0	0	0.000028	0.000000
2	rc	pe	cold	unmap	7.671845	0.013012	0	0	0.013059	0.000000
2	rc	pe	cold	total	0.000002	7.684897	66857	2	0.864098	1.244479
2	rc	pe	warm	taxo	0.000073	0.002430	2536	0	0.002979	0.000000
2	rc	pe	warm	hash	0.002524	0.226735	4201	0	0.000000	1.701684
2	rc	pe	warm	setup	0.229294	0.000061	10	0	0.000000	0.000062
2	rc	pe	warm	classify	0.229359	0.186643	61005	0	0.782157	0.065523
2	rc	pe	warm	close	0.416030	0.000015	0	0	0.000007	0.000016
2	rc	pe	warm	unmap	0.416053	0.012575	0	0	0.000000	0.007306
2	rc	pe	warm	total	0.000002	0.428648	67768	0	0.786147	1.779092
2	matesize	pe	cold	taxo	0.000679	0.003429	2575	0	0.000589	0.002593
2	matesize	pe	cold	hash	0.004136	7.439315	4188	1	0.009468	1.229299
2	matesize	pe	cold	setup	7.443471	0.000557	5	0	0.000000	0.000102
2	matesize	pe	cold	classify	7.444032	0.230230	56417	0	0.833111	0.000000
2	matesize	pe	cold	close	7.674296	0.000037	0	0	0.000049	0.000000
2	matesize	pe	cold	unmap	7.674342	0.012982	0	0	0.007407	0.000000
2	matesize	pe	cold	total	0.000003	7.687353	63200	1	0.856438	1.232029
2	matesize	pe	warm	taxo	0.000076	0.002460	2537	0	0.003009	0.000000
2	matesize	pe	warm	hash	0.002560	0.224877	4198	0	0.005264	1.673342
2	matesize	pe	warm	setup	0.227455	0.000046	4	0	0.000001	0.000048
2	matesize	pe	warm	classify	0.227505	0.175427	57858	0	0.790346	0.053581
2	matesize	pe	warm	close	0.402958	0.000036	0	0	0.000015	0.000032
2	matesize	pe	warm	unmap	0.403002	0.013051	0	0	0.001041	0.012016
2	matesize	pe	warm	total	0.000002	0.416065	64605	0	0.799787	1.739071
2	batch	pe	cold	taxo	0.001138	0.004140	2590	1	0.003140	0.000000
2	batch	pe	cold	hash	0.005302	7.439291	4199	1	0.005980	1.248455
2	batch	pe	cold	setup	7.444626	0.000257	8	0	0.000000	0.000103
2	batch	pe	cold	classify	7.444889	0.229908	56603	0	0.790084	0.037351
2	batch	pe	cold	close	7.674826	0.000038	0	0	0.000019	0.000030
2	batch	pe	cold	unmap	7.674872	0.012977	0	0	0.000000	0.012965
2	batch	pe	cold	total	0.000457	7.687424	63412	2	0.799389	1.299042
2	batch	pe	warm	taxo	0.000075	0.002604	2549	0	0.003243	0.000000
2	batch	pe	warm	hash	0.002704	0.232247	4211	0	0.004994	1.747887
2	batch	pe	warm	setup	0.234988	0.000064	8	0	0.000000	0.000066
2	batch	pe	warm	classify	0.235057	0.175215	59038	0	0.762572	0.070164
2	batch	pe	warm	close	0.410304	0.000036	0	0	0.000015	0.000034
2	batch	pe	warm	unmap	0.410348	0.013058	0	0	0.000977	0.012087
2	batch	pe	warm	total	0.000002	0.423420	65823	0	0.771916	1.830319
2	final	pe	cold	taxo	0.001133	0.004859	2588	1	0.000000	0.003958
2	final	pe	cold	hash	0.006016	7.438749	4201	1	0.000000	1.251559
2	final	pe	cold	setup	7.444785	0.000568	4	0	0.000000	0.000114
2	final	pe	cold	classify	7.445358	0.225089	49812	0	0.804137	0.034964
2	final	pe	cold	close	7.670471	0.000016	0	0	0.000009	0.000015
2	final	pe	cold	unmap	7.670495	0.012862	0	0	0.000000	0.012884
2	final	pe	cold	total	0.000462	7.682921	56613	2	0.804163	1.303725
2	final	pe	warm	taxo	0.000075	0.002599	2568	0	0.003165	0.000000
2	final	pe	warm	hash	0.002693	0.228474	4210	0	0.005766	1.710917
2	final	pe	warm	setup	0.231203	0.000064	8	0	0.000001	0.000067
2	final	pe	warm	classify	0.231272	0.173093	56112	0	0.827259	0.014563
2	final	pe	warm	close	0.404388	0.000016	0	0	0.000006	0.000013
2	final	pe	warm	unmap	0.404412	0.013250	0	0	0.001029	0.012225
2	final	pe	warm	total	0.000002	0.417675	62916	0	0.837341	1.737867
2	final-aa	pe	cold	taxo	0.001121	0.004751	2578	1	0.000000	0.003868
2	final-aa	pe	cold	hash	0.005896	7.438640	4196	1	0.000000	1.229026
2	final-aa	pe	cold	setup	7.444571	0.000565	12	0	0.000000	0.000108
2	final-aa	pe	cold	classify	7.445142	0.227549	49633	0	0.742784	0.094175
2	final-aa	pe	cold	close	7.672714	0.000036	0	0	0.000017	0.000030
2	final-aa	pe	cold	unmap	7.672758	0.012853	0	0	0.000000	0.012873
2	final-aa	pe	cold	total	0.000440	7.685195	56439	2	0.742942	1.340199
2	final-aa	pe	warm	taxo	0.000078	0.002612	2544	0	0.000000	0.003204
2	final-aa	pe	warm	hash	0.002713	0.230394	4216	0	0.000000	1.442999
2	final-aa	pe	warm	setup	0.233141	0.000062	8	0	0.000000	0.000062
2	final-aa	pe	warm	classify	0.233207	0.182348	58134	0	0.762719	0.072056
2	final-aa	pe	warm	close	0.415583	0.000037	0	0	0.000017	0.000034
2	final-aa	pe	warm	unmap	0.415628	0.012595	0	0	0.000000	0.006744
2	final-aa	pe	warm	total	0.000002	0.428249	64922	0	0.763646	1.530277
3	thp	pe	cold	taxo	0.000677	0.003661	2536	0	0.003056	0.000000
3	thp	pe	cold	hash	0.004362	7.438604	4193	1	0.006969	1.224176
3	thp	pe	cold	setup	7.442988	0.000581	3	0	0.000002	0.000150
3	thp	pe	cold	classify	7.443573	0.282142	58690	0	1.230022	0.000000
3	thp	pe	cold	close	7.725741	0.000037	0	0	0.000048	0.000000
3	thp	pe	cold	unmap	7.725786	0.013115	0	0	0.013141	0.000000
3	thp	pe	cold	total	0.000002	7.738924	65436	1	1.253442	1.224350
3	thp	pe	warm	taxo	0.000080	0.002516	2546	0	0.003276	0.000000
3	thp	pe	warm	hash	0.002620	0.221286	4191	0	0.005150	1.648009
3	thp	pe	warm	setup	0.223942	0.000065	12	0	0.000001	0.000065
3	thp	pe	warm	classify	0.224011	0.253104	59642	0	1.125584	0.090326
3	thp	pe	warm	close	0.477138	0.000016	0	0	0.000011	0.000017
3	thp	pe	warm	unmap	0.477162	0.012993	0	0	0.000000	0.013001
3	thp	pe	warm	total	0.000002	0.490167	66406	0	1.134136	1.751489
3	fill	pe	cold	taxo	0.000687	0.003390	2530	1	0.003111	0.000000
3	fill	pe	cold	hash	0.004103	7.439319	4193	1	0.000000	1.251374
3	fill	pe	cold	setup	7.443456	0.000566	12	0	0.000000	0.000107
3	fill	pe	cold	classify	7.444027	0.270509	58349	0	1.099301	0.093927
3	fill	pe	cold	close	7.714561	0.000019	0	0	0.000015	0.000018
3	fill	pe	cold	unmap	7.714588	0.013051	0	0	0.001354	0.011703
3	fill	pe	cold	total	0.000002	7.727652	65100	2	1.103954	1.357196
3	fill	pe	warm	taxo	0.000075	0.002485	2568	0	0.003089	0.000000
3	fill	pe	warm	hash	0.002583	0.223316	4199	0	0.000000	1.689155
3	fill	pe	warm	setup	0.225916	0.000045	4	0	0.000000	0.000047
3	fill	pe	warm	classify	0.225964	0.250948	58889	0	1.249110	0.018478
3	fill	pe	warm	close	0.476937	0.000034	0	0	0.000018	0.000026
3	fill	pe	warm	unmap	0.476979	0.012923	0	0	0.000000	0.011398
3	fill	pe	warm	total	0.000002	0.489929	65669	0	1.252329	1.720729
3	scan	pe	cold	taxo	0.000676	0.003363	2537	1	0.003043	0.000000
3	scan	pe	cold	hash	0.004062	7.439173	4191	1	0.000000	1.267840
3	scan	pe	cold	setup	7.443259	0.000567	14	0	0.000000	0.000106
3	scan	pe	cold	classify	7.443832	0.235704	58774	0	0.847007	0.064016
3	scan	pe	cold	close	7.679562	0.000015	0	0	0.000011	0.000018
3	scan	pe	cold	unmap	7.679585	0.012846	0	0	0.001188	0.011664
3	scan	pe	cold	total	0.000002	7.692445	65530	2	0.851416	1.343713
3	scan	pe	warm	taxo	0.000079	0.002536	2555	0	0.003155	0.000000
3	scan	pe	warm	hash	0.002637	0.229547	4191	0	0.000000	1.718916
3	scan	pe	warm	setup	0.232216	0.000064	10	0	0.000000	0.000065
3	scan	pe	warm	classify	0.232284	0.194854	62279	0	0.812376	0.114237
3	scan	pe	warm	close	0.427166	0.000035	0	0	0.000014	0.000031
3	scan	pe	warm	unmap	0.427209	0.012505	0	0	0.000782	0.011728
3	scan	pe	warm	total	0.000002	0.439726	69048	0	0.816442	1.845046
3	recycle	pe	cold	taxo	0.000682	0.003430	2556	0	0.000000	0.003202
3	recycle	pe	cold	hash	0.004132	7.439337	4195	0	0.000000	1.236818
3	recycle	pe	cold	setup	7.443495	0.000577	3	0	0.000000	0.000118
3	recycle	pe	cold	classify	7.444078	0.237825	60133	0	0.865985	0.036502
3	recycle	pe	cold	close	7.681933	0.000036	0	0	0.000018	0.000028
3	recycle	pe	cold	unmap	7.681977	0.012880	0	0	0.000000	0.012888
3	recycle	pe	cold	total	0.000002	7.694870	66899	0	0.866167	1.289644
3	recycle	pe	warm	taxo	0.000083	0.002527	2557	0	0.003124	0.000000
3	recycle	pe	warm	hash	0.002632	0.223068	4194	0	0.000000	1.662842
3	recycle	pe	warm	setup	0.225731	0.000060	14	0	0.000000	0.000062
3	recycle	pe	warm	classify	0.225796	0.196212	60742	0	0.896762	0.030765
3	recycle	pe	warm	close	0.422035	0.000017	0	0	0.000010	0.000019
3	recycle	pe	warm	unmap	0.422060	0.012921	0	0	0.000000	0.005274
3	recycle	pe	warm	total	0.000002	0.435012	67525	0	0.901079	1.705667
3	rc	pe	cold	taxo	0.000676	0.003759	2555	1	0.000000	0.003033
3	rc	pe	cold	hash	0.004459	7.438365	4203	1	0.000000	1.251820
3	rc	pe	cold	setup	7.442857	0.000564	10	0	0.000000	0.000106
3	rc	pe	cold	classify	7.443427	0.231050	59702	0	0.818532	0.033706
3	rc	pe	cold	close	7.674506	0.000037	0	0	0.000019	0.000031
3	rc	pe	cold	unmap	7.674551	0.012902	0	0	0.000931	0.011976
3	rc	pe	cold	total	0.000002	7.687467	66486	2	0.819503	1.300888
3	rc	pe	warm	taxo	0.000080	0.002473	2535	0	0.003027	0.000000
3	rc	pe	warm	hash	0.002578	0.230450	4196	0	0.000000	1.733157
3	rc	pe	warm	setup	0.233063	0.000069	14	0	0.000000	0.000071
3	rc	pe	warm	classify	0.233136	0.192186	61147	0	0.769686	0.096601
3	rc	pe	warm	close	0.425349	0.000032	0	0	0.000014	0.000031
3	rc	pe	warm	unmap	0.425389	0.012801	0	0	0.000000	0.009415
3	rc	pe	warm	total	0.000003	0.438213	67908	0	0.773669	1.841954
3	matesize	pe	cold	taxo	0.000682	0.003362	2533	1	0.000000	0.003090
3	matesize	pe	cold	hash	0.004069	7.438930	4188	1	0.000000	1.262034
3	matesize	pe	cold	setup	7.443022	0.000259	2	0	0.000000	0.000110
3	matesize	pe	cold	classify	7.443286	0.229972	56461	0	0.781923	0.052806
3	matesize	pe	cold	close	7.673287	0.000037	0	0	0.000018	0.000030
3	matesize	pe	cold	unmap	7.673333	0.012789	0	0	0.000977	0.011817
3	matesize	pe	cold	total	0.000002	7.686135	63197	2	0.782936	1.330101
3	matesize	pe	warm	taxo	0.000086	0.002611	2540	0	0.000000	0.003263
3	matesize	pe	warm	hash	0.002719	0.259321	4191	0	0.000000	1.608075
3	matesize	pe	warm	setup	0.262072	0.000064	16	0	0.000000	0.000087
3	matesize	pe	warm	classify	0.262148	0.179259	60107	0	0.831642	0.014598
3	matesize	pe	warm	close	0.441437	0.000017	0	0	0.000009	0.000017
3	matesize	pe	warm	unmap	0.441463	0.012487	0	0	0.000000	0.012494
3	matesize	pe	warm	total	0.000002	0.453963	66883	0	0.831761	1.638646
3	batch	pe	cold	taxo	0.001955	0.004796	2588	1	0.004039	0.000000
3	batch	pe	cold	hash	0.006776	7.438768	4193	1	0.000000	1.247231
3	batch	pe	cold	setup	7.445579	0.000474	8	0	0.000000	0.000101
3	batch	pe	cold	classify	7.446059	0.229493	56659	0	0.733100	0.093104
3	batch	pe	cold	close	7.675587	0.000036	0	0	0.000021	0.000039
3	batch	pe	cold	unmap	7.675632	0.012788	0	0	0.000000	0.006135
3	batch	pe	cold	total	0.001282	7.687169	63477	2	0.738358	1.352292
3	batch	pe	warm	taxo	0.000075	0.002438	2546	0	0.003058	0.000000
3	batch	pe	warm	hash	0.002536	0.228328	4219	0	0.000000	1.725009
3	batch	pe	warm	setup	0.230893	0.000049	8	0	0.000000	0.000049
3	batch	pe	warm	classify	0.230947	0.172739	57879	0	0.761561	0.069013
3	batch	pe	warm	close	0.403711	0.000034	0	0	0.000013	0.000031
3	batch	pe	warm	unmap	0.403753	0.012995	0	0	0.000870	0.012130
3	batch	pe	warm	total	0.000002	0.416760	64673	0	0.765613	1.806299
3	final	pe	cold	taxo	0.001158	0.004325	2556	1	0.003305	0.000000
3	final	pe	cold	hash	0.005508	7.439122	4201	1	0.000000	1.236544
3	final	pe	cold	setup	7.444665	0.000565	6	0	0.000000	0.000144
3	final	pe	cold	classify	7.445247	0.228777	49676	0	0.805084	0.030858
3	final	pe	cold	close	7.674048	0.000037	0	0	0.000019	0.000029
3	final	pe	cold	unmap	7.674094	0.012993	0	0	0.000000	0.012999
3	final	pe	cold	total	0.000489	7.686612	56470	2	0.808564	1.280661
3	final	pe	warm	taxo	0.000075	0.002451	2563	0	0.003147	0.000000
3	final	pe	warm	hash	0.002549	0.248823	4211	0	0.000000	1.641684
3	final	pe	warm	setup	0.251410	0.000065	10	0	0.000000	0.000090
3	final	pe	warm	classify	0.251480	0.173104	56203	0	0.786449	0.060453
3	final	pe	warm	close	0.424608	0.000016	0	0	0.000008	0.000017
3	final	pe	warm	unmap	0.424631	0.012536	0	0	0.000000	0.012540
3	final	pe	warm	total	0.000002	0.437179	63006	0	0.789714	1.714871
3	final-aa	pe	cold	taxo	0.001210	0.004267	2560	1	0.000000	0.003080
3	final-aa	pe	cold	hash	0.005501	7.439155	4199	1	0.000000	1.239919
3	final-aa	pe	cold	setup	7.444695	0.000568	12	0	0.000000	0.000110
3	final-aa	pe	cold	classify	7.445269	0.227876	50117	0	0.725556	0.106396
3	final-aa	pe	cold	close	7.673169	0.000037	0	0	0.000017	0.000032
3	final-aa	pe	cold	unmap	7.673215	0.012925	0	0	0.000000	0.003171
3	final-aa	pe	cold	total	0.000522	7.685641	56908	2	0.726641	1.361682
3	final-aa	pe	warm	taxo	0.000073	0.002861	2572	0	0.003555	0.000000
3	final-aa	pe	warm	hash	0.002958	0.226645	4206	0	0.000000	1.713381
3	final-aa	pe	warm	setup	0.229624	0.000060	4	0	0.000000	0.000062
3	final-aa	pe	warm	classify	0.229688	0.172334	52200	0	0.764599	0.075565
3	final-aa	pe	warm	close	0.402047	0.000019	0	0	0.000011	0.000026
3	final-aa	pe	warm	unmap	0.402074	0.012669	0	0	0.000000	0.012687
3	final-aa	pe	warm	total	0.000002	0.414763	58989	0	0.768270	1.801798
3	base	pe	cold	taxo	0.000677	0.003450	2533	1	0.000000	0.003066
3	base	pe	cold	hash	0.004151	7.438842	1953145	1	0.000000	2.446869
3	base	pe	cold	setup	7.443022	0.000558	12	0	0.000000	0.000104
3	base	pe	cold	classify	7.443585	0.297253	58436	0	1.129152	0.099965
3	base	pe	cold	close	7.740864	0.000017	0	0	0.000009	0.000021
3	base	pe	cold	unmap	7.740889	0.353833	0	0	0.000000	0.353861
3	base	pe	cold	total	0.000002	8.094753	2014143	2	1.129296	2.904007
3	base	pe	warm	taxo	0.000079	0.002733	2537	0	0.003322	0.000000
3	base	pe	warm	hash	0.002836	0.439950	1953147	0	0.000000	3.391033
3	base	pe	warm	setup	0.442821	0.000065	12	0	0.000000	0.000066
3	base	pe	warm	classify	0.442890	0.248712	59941	0	1.190731	0.065898
3	base	pe	warm	close	0.691630	0.000035	0	0	0.000012	0.000036
3	base	pe	warm	unmap	0.691672	0.378316	0	0	0.000000	0.378107
3	base	pe	warm	total	0.000002	1.070002	2015653	0	1.194179	3.835235
4	fill	pe	warm	taxo	0.000086	0.002756	2537	0	0.003353	0.000000
4	fill	pe	warm	hash	0.002867	0.178994	4181	1	0.000000	1.263726
4	fill	pe	warm	setup	0.181889	0.000071	13	0	0.000000	0.000070
4	fill	pe	warm	classify	0.181964	0.240378	60160	0	1.161623	0.067013
4	fill	pe	warm	close	0.422364	0.000019	0	0	0.000014	0.000016
4	fill	pe	warm	unmap	0.422391	0.013083	0	0	0.001326	0.011762
4	fill	pe	warm	total	0.000002	0.435487	66905	1	1.166443	1.342648
4	scan	pe	warm	taxo	0.000086	0.002641	2542	0	0.000000	0.003287
4	scan	pe	warm	hash	0.002747	0.169070	4185	1	0.000000	1.314139
4	scan	pe	warm	setup	0.171834	0.000038	2	0	0.000000	0.000038
4	scan	pe	warm	classify	0.171875	0.203935	59458	0	0.855231	0.064301
4	scan	pe	warm	close	0.375834	0.000039	0	0	0.000023	0.000038
4	scan	pe	warm	unmap	0.375882	0.013036	0	0	0.001126	0.011916
4	scan	pe	warm	total	0.000003	0.388930	66199	1	0.856480	1.393783
4	recycle	pe	warm	taxo	0.000084	0.002434	2534	1	0.002982	0.000000
4	recycle	pe	warm	hash	0.002542	0.170691	4199	1	0.000000	1.336964
4	recycle	pe	warm	setup	0.173255	0.000056	2	0	0.000000	0.000061
4	recycle	pe	warm	classify	0.173315	0.198987	60834	0	0.814359	0.092053
4	recycle	pe	warm	close	0.372326	0.000035	0	0	0.000017	0.000030
4	recycle	pe	warm	unmap	0.372369	0.013021	0	0	0.001100	0.011926
4	recycle	pe	warm	total	0.000003	0.385402	67580	2	0.818578	1.441088
4	rc	pe	warm	taxo	0.000080	0.002396	2549	0	0.003070	0.000000
4	rc	pe	warm	hash	0.002501	0.173797	4190	1	0.000000	1.346482
4	rc	pe	warm	setup	0.176325	0.000059	14	0	0.000000	0.000059
4	rc	pe	warm	classify	0.176389	0.193318	60442	0	0.782569	0.090845
4	rc	pe	warm	close	0.369734	0.000018	0	0	0.000011	0.000021
4	rc	pe	warm	unmap	0.369760	0.013075	0	0	0.001141	0.011942
4	rc	pe	warm	total	0.000003	0.382848	67211	1	0.786912	1.449414
4	matesize	pe	warm	taxo	0.000081	0.002396	2554	1	0.003025	0.000000
4	matesize	pe	warm	hash	0.002501	0.169300	4192	1	0.000000	1.321627
4	matesize	pe	warm	setup	0.171818	0.000043	1	0	0.000000	0.000044
4	matesize	pe	warm	classify	0.171863	0.173193	57794	0	0.754752	0.084814
4	matesize	pe	warm	close	0.345082	0.000036	0	0	0.000019	0.000035
4	matesize	pe	warm	unmap	0.345126	0.011994	0	0	0.000605	0.011395
4	matesize	pe	warm	total	0.000003	0.357133	64555	2	0.758519	1.417963
4	batch	pe	warm	taxo	0.000915	0.003493	2552	1	0.000000	0.003111
4	batch	pe	warm	hash	0.004438	0.178604	4199	1	0.000000	1.392086
4	batch	pe	warm	setup	0.183082	0.000063	8	0	0.000000	0.000062
4	batch	pe	warm	classify	0.183151	0.185357	61243	0	0.771431	0.077153
4	batch	pe	warm	close	0.368535	0.000035	0	0	0.000017	0.000032
4	batch	pe	warm	unmap	0.368578	0.012967	0	0	0.001097	0.011875
4	batch	pe	warm	total	0.000839	0.380721	68022	2	0.772561	1.484503
4	final	pe	warm	taxo	0.000557	0.003328	2557	1	0.000000	0.003164
4	final	pe	warm	hash	0.003910	0.212186	4193	1	0.000000	1.304425
4	final	pe	warm	setup	0.216138	0.000054	12	0	0.000000	0.000076
4	final	pe	warm	classify	0.216198	0.183784	58192	0	0.781927	0.049070
4	final	pe	warm	close	0.400005	0.000038	0	0	0.000019	0.000033
4	final	pe	warm	unmap	0.400052	0.012351	0	0	0.000000	0.012359
4	final	pe	warm	total	0.000476	0.411938	64974	2	0.782036	1.369227
4	final-aa	pe	warm	taxo	0.000079	0.002690	2545	0	0.003236	0.000000
4	final-aa	pe	warm	hash	0.002794	0.166487	4202	0	0.000000	1.300851
4	final-aa	pe	warm	setup	0.169304	0.000054	2	0	0.000000	0.000064
4	final-aa	pe	warm	classify	0.169362	0.175914	57252	0	0.732806	0.095528
4	final-aa	pe	warm	close	0.345299	0.000017	0	0	0.000011	0.000021
4	final-aa	pe	warm	unmap	0.345323	0.012151	0	0	0.000000	0.012157
4	final-aa	pe	warm	total	0.000002	0.357485	64012	0	0.736166	1.408679
4	base	pe	warm	taxo	0.000079	0.002492	2536	0	0.003090	0.000000
4	base	pe	warm	hash	0.002593	0.401783	1953151	0	0.005262	3.169397
4	base	pe	warm	setup	0.404405	0.000055	5	0	0.000000	0.000054
4	base	pe	warm	classify	0.404465	0.252624	59211	0	1.217824	0.018647
4	base	pe	warm	close	0.657113	0.000016	0	0	0.000008	0.000022
4	base	pe	warm	unmap	0.657137	0.387080	0	0	0.000197	0.386718
4	base	pe	warm	total	0.000002	1.044229	2014916	0	1.226498	3.574921
4	thp	pe	warm	taxo	0.000082	0.002895	2564	1	0.003458	0.000000
4	thp	pe	warm	hash	0.003003	0.179771	4190	1	0.000000	1.404069
4	thp	pe	warm	setup	0.182806	0.000068	13	0	0.000000	0.000067
4	thp	pe	warm	classify	0.182879	0.259363	61919	0	1.122624	0.109733
4	thp	pe	warm	close	0.442269	0.000017	0	0	0.000012	0.000016
4	thp	pe	warm	unmap	0.442294	0.012473	0	0	0.001099	0.011380
4	thp	pe	warm	total	0.000002	0.454779	68702	2	1.127319	1.525328
5	scan	pe	warm	taxo	0.000088	0.002626	2568	0	0.003213	0.000000
5	scan	pe	warm	hash	0.002738	0.172006	4203	0	0.000000	1.350215
5	scan	pe	warm	setup	0.174774	0.000055	8	0	0.000000	0.000057
5	scan	pe	warm	classify	0.174833	0.194904	57919	0	0.858380	0.078321
5	scan	pe	warm	close	0.369761	0.000036	0	0	0.000020	0.000032
5	scan	pe	warm	unmap	0.369805	0.011999	0	0	0.000783	0.011226
5	scan	pe	warm	total	0.000002	0.381817	64715	0	0.862529	1.439912
5	recycle	pe	warm	taxo	0.000080	0.002468	2541	0	0.003085	0.000000
5	recycle	pe	warm	hash	0.002571	0.200204	4196	0	0.000000	1.278731
5	recycle	pe	warm	setup	0.202799	0.000065	5	0	0.000000	0.000068
5	recycle	pe	warm	classify	0.202869	0.206657	61650	0	0.814790	0.110192
5	recycle	pe	warm	close	0.409555	0.000019	0	0	0.000012	0.000021
5	recycle	pe	warm	unmap	0.409582	0.012882	0	0	0.001079	0.011835
5	recycle	pe	warm	total	0.000003	0.422509	68408	0	0.819109	1.400943
5	rc	pe	warm	taxo	0.000075	0.002579	2581	0	0.003182	0.000000
5	rc	pe	warm	hash	0.002678	0.171020	4197	0	0.000000	1.339080
5	rc	pe	warm	setup	0.173741	0.000066	14	0	0.000000	0.000071
5	rc	pe	warm	classify	0.173812	0.189398	62438	0	0.766974	0.102404
5	rc	pe	warm	close	0.363240	0.000034	0	0	0.000019	0.000036
5	rc	pe	warm	unmap	0.363283	0.012259	0	0	0.000000	0.010880
5	rc	pe	warm	total	0.000002	0.375569	69254	0	0.770287	1.453985
5	matesize	pe	warm	taxo	0.000083	0.002453	2561	0	0.003001	0.000000
5	matesize	pe	warm	hash	0.002561	0.173287	4201	0	0.000000	1.362039
5	matesize	pe	warm	setup	0.175883	0.000063	10	0	0.000000	0.000063
5	matesize	pe	warm	classify	0.175951	0.175509	58940	0	0.775120	0.067000
5	matesize	pe	warm	close	0.351495	0.000036	0	0	0.000017	0.000032
5	matesize	pe	warm	unmap	0.351541	0.012246	0	0	0.000000	0.005405
5	matesize	pe	warm	total	0.000003	0.363809	65732	0	0.779073	1.440696
5	batch	pe	warm	taxo	0.000084	0.002762	2566	0	0.003431	0.000000
5	batch	pe	warm	hash	0.002871	0.169086	4210	0	0.000000	1.322953
5	batch	pe	warm	setup	0.172003	0.000066	12	0	0.000000	0.000065
5	batch	pe	warm	classify	0.172073	0.174423	58150	0	0.771525	0.062864
5	batch	pe	warm	close	0.346525	0.000037	0	0	0.000017	0.000030
5	batch	pe	warm	unmap	0.346570	0.013325	0	0	0.001252	0.012079
5	batch	pe	warm	total	0.000002	0.359907	64957	0	0.776350	1.398074
5	final	pe	warm	taxo	0.000079	0.002737	2566	0	0.003379	0.000000
5	final	pe	warm	hash	0.002838	0.174008	4195	0	0.000000	1.364634
5	final	pe	warm	setup	0.176866	0.000056	4	0	0.000000	0.000059
5	final	pe	warm	classify	0.176928	0.176955	57861	0	0.754787	0.086395
5	final	pe	warm	close	0.353913	0.000019	0	0	0.000011	0.000022
5	final	pe	warm	unmap	0.353940	0.013203	0	0	0.000000	0.013240
5	final	pe	warm	total	0.000003	0.367165	64641	0	0.758291	1.464427
5	final-aa	pe	warm	taxo	0.000079	0.002700	2546	0	0.003312	0.000000
5	final-aa	pe	warm	hash	0.002802	0.171876	4191	0	0.000000	1.355152
5	final-aa	pe	warm	setup	0.174717	0.000064	10	0	0.000000	0.000063
5	final-aa	pe	warm	classify	0.174786	0.173930	56259	0	0.831610	0.016208
5	final-aa	pe	warm	close	0.348742	0.000036	0	0	0.000019	0.000030
5	final-aa	pe	warm	unmap	0.348786	0.012460	0	0	0.001033	0.011432
5	final-aa	pe	warm	total	0.000002	0.361259	63021	0	0.836099	1.382958
5	base	pe	warm	taxo	0.000082	0.002433	2533	0	0.000000	0.003038
5	base	pe	warm	hash	0.002537	0.456774	1953152	0	0.000000	3.117924
5	base	pe	warm	setup	0.459345	0.000070	11	0	0.000000	0.000087
5	base	pe	warm	classify	0.459428	0.259451	59239	0	1.156140	0.102262
5	base	pe	warm	close	0.718905	0.000016	0	0	0.000005	0.000013
5	base	pe	warm	unmap	0.718928	0.397718	0	0	0.000000	0.397747
5	base	pe	warm	total	0.000002	1.116674	2014959	0	1.156238	3.621222
5	thp	pe	warm	taxo	0.000081	0.002360	2533	0	0.002905	0.000000
5	thp	pe	warm	hash	0.002464	0.174303	4193	0	0.005619	1.360931
5	thp	pe	warm	setup	0.176791	0.000047	5	0	0.000000	0.000046
5	thp	pe	warm	classify	0.176841	0.255319	59889	0	1.196443	0.041615
5	thp	pe	warm	close	0.432183	0.000036	0	0	0.000023	0.000026
5	thp	pe	warm	unmap	0.432228	0.012208	0	0	0.001109	0.011107
5	thp	pe	warm	total	0.000002	0.444449	66633	0	1.206221	1.413778
5	fill	pe	warm	taxo	0.000081	0.002745	2538	0	0.000000	0.003378
5	fill	pe	warm	hash	0.002849	0.171600	4189	0	0.000000	1.350462
5	fill	pe	warm	setup	0.174482	0.000067	12	0	0.000000	0.000067
5	fill	pe	warm	classify	0.174554	0.254543	59670	0	1.146944	0.066439
5	fill	pe	warm	close	0.429122	0.000015	0	0	0.000011	0.000014
5	fill	pe	warm	unmap	0.429145	0.011967	0	0	0.000846	0.011128
5	fill	pe	warm	total	0.000002	0.441125	66425	0	1.147904	1.431575
6	recycle	pe	warm	taxo	0.000078	0.002738	2538	0	0.000000	0.003300
6	recycle	pe	warm	hash	0.002838	0.170422	4205	0	0.000000	1.324315
6	recycle	pe	warm	setup	0.173277	0.000045	4	0	0.000000	0.000047
6	recycle	pe	warm	classify	0.173325	0.199973	61641	0	0.907809	0.015974
6	recycle	pe	warm	close	0.373326	0.000034	0	0	0.000018	0.000027
6	recycle	pe	warm	unmap	0.373368	0.012058	0	0	0.000787	0.011276
6	recycle	pe	warm	total	0.000003	0.385438	68395	0	0.908711	1.355007
6	rc	pe	warm	taxo	0.000081	0.002569	2535	0	0.003218	0.000000
6	rc	pe	warm	hash	0.002674	0.178610	4197	0	0.000000	1.382251
6	rc	pe	warm	setup	0.181309	0.000059	15	0	0.000000	0.000058
6	rc	pe	warm	classify	0.181371	0.191625	61836	0	0.794701	0.076765
6	rc	pe	warm	close	0.373025	0.000034	0	0	0.000016	0.000029
6	rc	pe	warm	unmap	0.373067	0.012890	0	0	0.000000	0.012909
6	rc	pe	warm	total	0.000003	0.385977	68599	0	0.798050	1.472096
6	matesize	pe	warm	taxo	0.000081	0.002532	2556	0	0.003082	0.000000
6	matesize	pe	warm	hash	0.002636	0.207902	4193	0	0.000000	1.223065
6	matesize	pe	warm	setup	0.210569	0.000057	10	0	0.000000	0.000056
6	matesize	pe	warm	classify	0.210630	0.176817	59053	0	0.775431	0.066927
6	matesize	pe	warm	close	0.387479	0.000036	0	0	0.000017	0.000030
6	matesize	pe	warm	unmap	0.387524	0.013234	0	0	0.001215	0.012026
6	matesize	pe	warm	total	0.000002	0.400771	65824	0	0.779875	1.302173
6	batch	pe	warm	taxo	0.000079	0.002625	2575	0	0.001605	0.001605
6	batch	pe	warm	hash	0.002725	0.174349	4212	0	0.007650	1.366973
6	batch	pe	warm	setup	0.177097	0.000062	2	0	0.000000	0.000063
6	batch	pe	warm	classify	0.177163	0.174843	59470	0	0.770373	0.059580
6	batch	pe	warm	close	0.352037	0.000015	0	0	0.000005	0.000009
6	batch	pe	warm	unmap	0.352061	0.012749	0	0	0.000921	0.011834
6	batch	pe	warm	total	0.000002	0.364823	66282	0	0.780630	1.440186
6	final	pe	warm	taxo	0.000077	0.002728	2566	0	0.003380	0.000000
6	final	pe	warm	hash	0.002830	0.173645	4212	0	0.000000	1.359670
6	final	pe	warm	setup	0.176496	0.000058	4	0	0.000000	0.000060
6	final	pe	warm	classify	0.176559	0.177435	53176	0	0.731816	0.113511
6	final	pe	warm	close	0.354017	0.000018	0	0	0.000011	0.000021
6	final	pe	warm	unmap	0.354042	0.012111	0	0	0.000000	0.012117
6	final	pe	warm	total	0.000002	0.366166	59965	0	0.735319	1.485435
6	final-aa	pe	warm	taxo	0.000073	0.002767	2581	0	0.003403	0.000000
6	final-aa	pe	warm	hash	0.002865	0.164671	4208	0	0.005038	1.283542
6	final-aa	pe	warm	setup	0.167578	0.000065	8	0	0.000001	0.000065
6	final-aa	pe	warm	classify	0.167648	0.175373	55737	0	0.788841	0.057401
6	final-aa	pe	warm	close	0.343049	0.000036	0	0	0.000025	0.000042
6	final-aa	pe	warm	unmap	0.343093	0.012114	0	0	0.000847	0.011294
6	final-aa	pe	warm	total	0.000002	0.355224	62555	0	0.798271	1.352421
6	base	pe	warm	taxo	0.000074	0.002415	2539	0	0.003020	0.000000
6	base	pe	warm	hash	0.002512	0.380942	1953159	0	0.000000	3.002713
6	base	pe	warm	setup	0.383483	0.000048	8	0	0.000000	0.000049
6	base	pe	warm	classify	0.383534	0.251025	61165	0	1.185391	0.056770
6	base	pe	warm	close	0.634581	0.000037	0	0	0.000014	0.000034
6	base	pe	warm	unmap	0.634626	0.392585	0	0	0.000649	0.391832
6	base	pe	warm	total	0.000002	1.027233	2016890	0	1.189185	3.451474
6	thp	pe	warm	taxo	0.000082	0.002681	2560	0	0.003227	0.000000
6	thp	pe	warm	hash	0.002786	0.199460	4187	0	0.000000	1.255519
6	thp	pe	warm	setup	0.202286	0.000064	12	0	0.000000	0.000064
6	thp	pe	warm	classify	0.202355	0.258007	63465	0	1.158417	0.067906
6	thp	pe	warm	close	0.460384	0.000016	0	0	0.000013	0.000014
6	thp	pe	warm	unmap	0.460408	0.012244	0	0	0.001037	0.011217
6	thp	pe	warm	total	0.000002	0.472666	70240	0	1.162818	1.334789
6	fill	pe	warm	taxo	0.000081	0.002701	2562	0	0.000000	0.003344
6	fill	pe	warm	hash	0.002805	0.173661	4198	0	0.000000	1.363955
6	fill	pe	warm	setup	0.176492	0.000053	8	0	0.000000	0.000053
6	fill	pe	warm	classify	0.176548	0.234172	59165	0	1.154097	0.051660
6	fill	pe	warm	close	0.410745	0.000020	0	0	0.000017	0.000021
6	fill	pe	warm	unmap	0.410774	0.012178	0	0	0.000000	0.011484
6	fill	pe	warm	total	0.000002	0.422977	65949	0	1.154216	1.431341
6	scan	pe	warm	taxo	0.000078	0.002442	2556	0	0.003033	0.000000
6	scan	pe	warm	hash	0.002542	0.178021	4196	0	0.005690	1.388136
6	scan	pe	warm	setup	0.180596	0.000067	10	0	0.000000	0.000068
6	scan	pe	warm	classify	0.180668	0.196745	59437	0	0.869766	0.051716
6	scan	pe	warm	close	0.377441	0.000034	0	0	0.000020	0.000033
6	scan	pe	warm	unmap	0.377484	0.012862	0	0	0.000000	0.004303
6	scan	pe	warm	total	0.000002	0.390369	66211	0	0.879726	1.451830
7	rc	pe	warm	taxo	0.000102	0.002774	2565	0	0.003349	0.000000
7	rc	pe	warm	hash	0.002900	0.171943	4192	0	0.000000	1.347938
7	rc	pe	warm	setup	0.174876	0.000064	12	0	0.000000	0.000064
7	rc	pe	warm	classify	0.174944	0.196339	60788	0	0.825783	0.053131
7	rc	pe	warm	close	0.371308	0.000018	0	0	0.000012	0.000020
7	rc	pe	warm	unmap	0.371333	0.012065	0	0	0.000000	0.004746
7	rc	pe	warm	total	0.000002	0.383434	67591	0	0.830077	1.412557
7	matesize	pe	warm	taxo	0.000079	0.002297	2540	0	0.002885	0.000000
7	matesize	pe	warm	hash	0.002398	0.172609	4207	0	0.000000	1.349089
7	matesize	pe	warm	setup	0.175036	0.000050	10	0	0.000000	0.000053
7	matesize	pe	warm	classify	0.175089	0.177566	58554	0	0.813131	0.023000
7	matesize	pe	warm	close	0.352684	0.000016	0	0	0.000009	0.000016
7	matesize	pe	warm	unmap	0.352708	0.012090	0	0	0.000000	0.012098
7	matesize	pe	warm	total	0.000003	0.364810	65331	0	0.816150	1.384331
7	batch	pe	warm	taxo	0.000079	0.002455	2592	0	0.003078	0.000000
7	batch	pe	warm	hash	0.002557	0.173330	4197	0	0.000000	1.356013
7	batch	pe	warm	setup	0.175919	0.000065	8	0	0.000000	0.000065
7	batch	pe	warm	classify	0.175988	0.178015	58777	0	0.798844	0.035145
7	batch	pe	warm	close	0.354031	0.000035	0	0	0.000017	0.000029
7	batch	pe	warm	unmap	0.354076	0.012652	0	0	0.000000	0.012659
7	batch	pe	warm	total	0.000002	0.366740	65590	0	0.802052	1.403983
7	final	pe	warm	taxo	0.000073	0.002665	2552	0	0.003242	0.000000
7	final	pe	warm	hash	0.002762	0.169349	4213	0	0.000000	1.326572
7	final	pe	warm	setup	0.172145	0.000061	8	0	0.000000	0.000063
7	final	pe	warm	classify	0.172212	0.176899	57137	0	0.709574	0.121965
7	final	pe	warm	close	0.349140	0.000034	0	0	0.000016	0.000030
7	final	pe	warm	unmap	0.349182	0.012200	0	0	0.000706	0.011501
7	final	pe	warm	total	0.000002	0.361396	63929	0	0.713648	1.460206
7	final-aa	pe	warm	taxo	0.000081	0.002744	2562	0	0.003393	0.000000
7	final-aa	pe	warm	hash	0.002847	0.211274	4199	0	0.000000	1.228915
7	final-aa	pe	warm	setup	0.214149	0.000053	6	0	0.000000	0.000057
7	final-aa	pe	warm	classify	0.214206	0.173871	55749	0	0.785093	0.057596
7	final-aa	pe	warm	close	0.388104	0.000017	0	0	0.000012	0.000020
7	final-aa	pe	warm	unmap	0.388128	0.011897	0	0	0.000814	0.011091
7	final-aa	pe	warm	total	0.000002	0.400038	62530	0	0.789435	1.298603
7	base	pe	warm	taxo	0.000074	0.002425	2558	0	0.003055	0.000000
7	base	pe	warm	hash	0.002523	0.387703	1953148	0	0.000000	3.070323
7	base	pe	warm	setup	0.390243	0.000047	4	0	0.000000	0.000049
7	base	pe	warm	classify	0.390293	0.254299	60248	0	1.275860	0.046150
7	base	pe	warm	close	0.644616	0.000038	0	0	0.000015	0.000036
7	base	pe	warm	unmap	0.644662	0.395144	0	0	0.000000	0.394912
7	base	pe	warm	total	0.000002	1.039817	2015966	0	1.279036	3.511521
7	thp	pe	warm	taxo	0.000077	0.003144	2565	0	0.003742	0.000000
7	thp	pe	warm	hash	0.003246	0.174297	4198	0	0.000000	1.360958
7	thp	pe	warm	setup	0.177576	0.000060	8	0	0.000000	0.000061
7	thp	pe	warm	classify	0.177641	0.233881	60740	0	1.100000	0.079635
7	thp	pe	warm	close	0.411545	0.000015	0	0	0.000008	0.000010
7	thp	pe	warm	unmap	0.411567	0.012831	0	0	0.001285	0.011554
7	thp	pe	warm	total	0.000002	0.424410	67523	0	1.105160	1.452290
7	fill	pe	warm	taxo	0.000080	0.002390	2557	0	0.000000	0.003013
7	fill	pe	warm	hash	0.002492	0.173100	4199	0	0.000000	1.357441
7	fill	pe	warm	setup	0.175619	0.000056	13	0	0.000000	0.000066
7	fill	pe	warm	classify	0.175680	0.239287	59484	0	1.191290	0.014098
7	fill	pe	warm	close	0.414993	0.000038	0	0	0.000024	0.000028
7	fill	pe	warm	unmap	0.415039	0.012274	0	0	0.001005	0.011275
7	fill	pe	warm	total	0.000002	0.427328	66269	0	1.192422	1.386000
7	scan	pe	warm	taxo	0.000077	0.002679	2568	0	0.000000	0.003251
7	scan	pe	warm	hash	0.002779	0.162666	4198	0	0.000000	1.284945
7	scan	pe	warm	setup	0.165485	0.000068	12	0	0.000000	0.000068
7	scan	pe	warm	classify	0.165557	0.197458	58812	0	0.829355	0.069346
7	scan	pe	warm	close	0.363039	0.000037	0	0	0.000020	0.000033
7	scan	pe	warm	unmap	0.363083	0.012075	0	0	0.000746	0.011361
7	scan	pe	warm	total	0.000002	0.375184	65610	0	0.830220	1.369106
7	recycle	pe	warm	taxo	0.000082	0.002464	2563	0	0.003085	0.000000
7	recycle	pe	warm	hash	0.002568	0.194446	4201	0	0.000000	1.272359
7	recycle	pe	warm	setup	0.197036	0.000073	6	0	0.000000	0.000075
7	recycle	pe	warm	classify	0.197114	0.203049	62741	0	0.860314	0.065101
7	recycle	pe	warm	close	0.400189	0.000036	0	0	0.000018	0.000028
7	recycle	pe	warm	unmap	0.400234	0.012295	0	0	0.000879	0.011427
7	recycle	pe	warm	total	0.000003	0.412541	69523	0	0.864421	1.349043
8	matesize	pe	warm	taxo	0.000074	0.002503	2542	0	0.003147	0.000000
8	matesize	pe	warm	hash	0.002601	0.169946	4204	0	0.000000	1.325512
8	matesize	pe	warm	setup	0.172576	0.000054	10	0	0.000000	0.000054
8	matesize	pe	warm	classify	0.172634	0.176007	58997	0	0.771988	0.068228
8	matesize	pe	warm	close	0.348676	0.000017	0	0	0.000009	0.000016
8	matesize	pe	warm	unmap	0.348702	0.012202	0	0	0.000803	0.011408
8	matesize	pe	warm	total	0.000003	0.360916	65785	0	0.776068	1.405296
8	batch	pe	warm	taxo	0.000084	0.002644	2545	0	0.000000	0.003173
8	batch	pe	warm	hash	0.002751	0.174479	4211	0	0.000000	1.365921
8	batch	pe	warm	setup	0.177258	0.000065	8	0	0.000000	0.000062
8	batch	pe	warm	classify	0.177328	0.176425	58853	0	0.796876	0.035576
8	batch	pe	warm	close	0.353778	0.000036	0	0	0.000017	0.000030
8	batch	pe	warm	unmap	0.353822	0.012976	0	0	0.001037	0.011944
8	batch	pe	warm	total	0.000002	0.366811	65631	0	0.798029	1.416793
8	final	pe	warm	taxo	0.000082	0.002534	2543	0	0.003155	0.000000
8	final	pe	warm	hash	0.002637	0.170128	4203	0	0.000000	1.336262
8	final	pe	warm	setup	0.172788	0.000052	8	0	0.000000	0.000050
8	final	pe	warm	classify	0.172844	0.175734	56648	0	0.775121	0.063215
8	final	pe	warm	close	0.348600	0.000016	0	0	0.000011	0.000020
8	final	pe	warm	unmap	0.348624	0.012455	0	0	0.000877	0.011583
8	final	pe	warm	total	0.000002	0.361092	63415	0	0.779280	1.411187
8	final-aa	pe	warm	taxo	0.000079	0.002526	2577	0	0.003058	0.000000
8	final-aa	pe	warm	hash	0.002626	0.171655	4206	0	0.000000	1.345790
8	final-aa	pe	warm	setup	0.174298	0.000045	0	0	0.000000	0.000046
8	final-aa	pe	warm	classify	0.174347	0.173642	52383	0	0.778999	0.062401
8	final-aa	pe	warm	close	0.348015	0.000017	0	0	0.000011	0.000020
8	final-aa	pe	warm	unmap	0.348040	0.012685	0	0	0.000986	0.011703
8	final-aa	pe	warm	total	0.000002	0.360737	59180	0	0.783170	1.420010
8	base	pe	warm	taxo	0.000080	0.002734	2558	0	0.000000	0.003372
8	base	pe	warm	hash	0.002836	0.439274	1953150	0	0.000000	2.941668
8	base	pe	warm	setup	0.442142	0.000059	6	0	0.000000	0.000072
8	base	pe	warm	classify	0.442211	0.250448	58974	0	1.152030	0.083978
8	base	pe	warm	close	0.692684	0.000016	0	0	0.000008	0.000021
8	base	pe	warm	unmap	0.692709	0.395391	0	0	0.001066	0.394350
8	base	pe	warm	total	0.000002	1.088113	2014704	0	1.153196	3.423557
8	thp	pe	warm	taxo	0.000072	0.002380	2563	0	0.002984	0.000000
8	thp	pe	warm	hash	0.002476	0.175094	4204	0	0.000000	1.365013
8	thp	pe	warm	setup	0.177592	0.000061	4	0	0.000000	0.000066
8	thp	pe	warm	classify	0.177658	0.239170	59113	0	1.129090	0.092267
8	thp	pe	warm	close	0.416851	0.000020	0	0	0.000010	0.000013
8	thp	pe	warm	unmap	0.416879	0.012874	0	0	0.000000	0.012893
8	thp	pe	warm	total	0.000002	0.429784	65892	0	1.132200	1.470342
8	fill	pe	warm	taxo	0.000075	0.002956	2538	0	0.000000	0.003549
8	fill	pe	warm	hash	0.003052	0.174431	4199	0	0.000000	1.365449
8	fill	pe	warm	setup	0.177521	0.000066	10	0	0.000000	0.000065
8	fill	pe	warm	classify	0.177591	0.251658	60128	0	1.247629	0.000000
8	fill	pe	warm	close	0.429274	0.000014	0	0	0.000021	0.000000
8	fill	pe	warm	unmap	0.429296	0.012827	0	0	0.011407	0.001446
8	fill	pe	warm	total	0.000002	0.442138	66890	0	1.259186	1.370587
8	scan	pe	warm	taxo	0.000079	0.002673	2535	0	0.000000	0.003261
8	scan	pe	warm	hash	0.002775	0.168379	4195	0	0.000000	1.322274
8	scan	pe	warm	setup	0.171177	0.000059	2	0	0.000000	0.000061
8	scan	pe	warm	classify	0.171240	0.211618	57825	0	0.885267	0.050402
8	scan	pe	warm	close	0.382885	0.000037	0	0	0.000022	0.000035
8	scan	pe	warm	unmap	0.382930	0.012211	0	0	0.000798	0.011440
8	scan	pe	warm	total	0.000002	0.395166	64571	0	0.886189	1.387559
8	recycle	pe	warm	taxo	0.000080	0.002764	2581	0	0.003379	0.000000
8	recycle	pe	warm	hash	0.002868	0.176550	4192	0	0.000000	1.389908
8	recycle	pe	warm	setup	0.179441	0.000065	6	0	0.000000	0.000067
8	recycle	pe	warm	classify	0.179511	0.199236	62857	0	0.843069	0.083862
8	recycle	pe	warm	close	0.378775	0.000036	0	0	0.000020	0.000036
8	recycle	pe	warm	unmap	0.378819	0.012749	0	0	0.000968	0.011789
8	recycle	pe	warm	total	0.000002	0.391581	69648	0	0.847557	1.485719
8	rc	pe	warm	taxo	0.000075	0.002506	2537	0	0.003033	0.000000
8	rc	pe	warm	hash	0.002603	0.176468	4206	0	0.000000	1.380367
8	rc	pe	warm	setup	0.179087	0.000045	4	0	0.000000	0.000047
8	rc	pe	warm	classify	0.179135	0.188490	60573	0	0.815398	0.049288
8	rc	pe	warm	close	0.367653	0.000036	0	0	0.000017	0.000030
8	rc	pe	warm	unmap	0.367698	0.012910	0	0	0.001059	0.011859
8	rc	pe	warm	total	0.000002	0.380621	67328	0	0.819622	1.441641
9	batch	pe	warm	taxo	0.000073	0.002515	2546	0	0.003060	0.000000
9	batch	pe	warm	hash	0.002610	0.203725	4209	0	0.000000	1.332869
9	batch	pe	warm	setup	0.206374	0.000060	12	0	0.000000	0.000069
9	batch	pe	warm	classify	0.206438	0.177319	59699	0	0.771711	0.062241
9	batch	pe	warm	close	0.383784	0.000018	0	0	0.000012	0.000021
9	batch	pe	warm	unmap	0.383809	0.012412	0	0	0.000000	0.012432
9	batch	pe	warm	total	0.000002	0.396243	66487	0	0.774891	1.407739
9	final	pe	warm	taxo	0.000076	0.002428	2547	0	0.003037	0.000000
9	final	pe	warm	hash	0.002528	0.209516	4201	0	0.000000	1.314536
9	final	pe	warm	setup	0.212066	0.000056	4	0	0.000000	0.000060
9	final	pe	warm	classify	0.212127	0.173705	54292	0	0.735334	0.105909
9	final	pe	warm	close	0.385858	0.000037	0	0	0.000017	0.000034
9	final	pe	warm	unmap	0.385903	0.012353	0	0	0.000344	0.010530
9	final	pe	warm	total	0.000003	0.398269	61054	0	0.738846	1.431124
9	final-aa	pe	warm	taxo	0.000076	0.002632	2572	0	0.003312	0.000000
9	final-aa	pe	warm	hash	0.002729	0.166274	4213	0	0.000000	1.300831
9	final-aa	pe	warm	setup	0.169025	0.000048	6	0	0.000000	0.000047
9	final-aa	pe	warm	classify	0.169081	0.172604	57640	0	0.763058	0.062993
9	final-aa	pe	warm	close	0.341715	0.000036	0	0	0.000018	0.000032
9	final-aa	pe	warm	unmap	0.341760	0.012277	0	0	0.000782	0.011503
9	final-aa	pe	warm	total	0.000002	0.354049	64447	0	0.767284	1.375470
9	base	pe	warm	taxo	0.000086	0.002488	2565	0	0.003108	0.000000
9	base	pe	warm	hash	0.002597	0.400494	1953159	0	0.000000	3.177632
9	base	pe	warm	setup	0.403124	0.000064	12	0	0.000000	0.000065
9	base	pe	warm	classify	0.403192	0.243229	59096	0	1.192153	0.043813
9	base	pe	warm	close	0.646448	0.000040	0	0	0.000014	0.000038
9	base	pe	warm	unmap	0.646496	0.408813	0	0	0.000000	0.408643
9	base	pe	warm	total	0.000002	1.055322	2014848	0	1.195391	3.630264
9	thp	pe	warm	taxo	0.000104	0.003400	2550	0	0.000000	0.003999
9	thp	pe	warm	hash	0.003528	0.172472	4202	0	0.000000	1.353128
9	thp	pe	warm	setup	0.176034	0.000065	12	0	0.000000	0.000069
9	thp	pe	warm	classify	0.176103	0.250273	59667	0	1.150399	0.037133
9	thp	pe	warm	close	0.426404	0.000034	0	0	0.000027	0.000032
9	thp	pe	warm	unmap	0.426447	0.012129	0	0	0.000939	0.011250
9	thp	pe	warm	total	0.000002	0.438596	66469	0	1.151501	1.405702
9	fill	pe	warm	taxo	0.000078	0.002612	2535	0	0.003200	0.000000
9	fill	pe	warm	hash	0.002712	0.197405	4202	0	0.000000	1.328267
9	fill	pe	warm	setup	0.200161	0.000050	8	0	0.000000	0.000056
9	fill	pe	warm	classify	0.200216	0.250591	58943	0	1.158153	0.066994
9	fill	pe	warm	close	0.450832	0.000018	0	0	0.000012	0.000015
9	fill	pe	warm	unmap	0.450859	0.013004	0	0	0.001327	0.011716
9	fill	pe	warm	total	0.000002	0.463897	65702	0	1.162833	1.407158
9	scan	pe	warm	taxo	0.000081	0.002775	2580	0	0.003552	0.000000
9	scan	pe	warm	hash	0.002879	0.193411	4186	0	0.000000	1.131593
9	scan	pe	warm	setup	0.196339	0.000068	12	0	0.000000	0.000068
9	scan	pe	warm	classify	0.196413	0.196475	56835	0	0.849348	0.084603
9	scan	pe	warm	close	0.392912	0.000035	0	0	0.000020	0.000028
9	scan	pe	warm	unmap	0.392955	0.013183	0	0	0.001288	0.011901
9	scan	pe	warm	total	0.000002	0.406151	63631	0	0.854328	1.228274
9	recycle	pe	warm	taxo	0.000078	0.002737	2546	0	0.003301	0.000000
9	recycle	pe	warm	hash	0.002837	0.161076	4194	0	0.000000	1.260662
9	recycle	pe	warm	setup	0.163933	0.000055	6	0	0.000000	0.000068
9	recycle	pe	warm	classify	0.163993	0.200514	60149	0	0.864315	0.067935
9	recycle	pe	warm	close	0.364535	0.000018	0	0	0.000010	0.000016
9	recycle	pe	warm	unmap	0.364562	0.012042	0	0	0.000810	0.011238
9	recycle	pe	warm	total	0.000003	0.376617	66907	0	0.868560	1.339979
9	rc	pe	warm	taxo	0.000081	0.002454	2536	0	0.002972	0.000000
9	rc	pe	warm	hash	0.002559	0.170301	4200	0	0.005502	1.334741
9	rc	pe	warm	setup	0.172881	0.000057	2	0	0.000001	0.000060
9	rc	pe	warm	classify	0.172942	0.189293	64052	0	0.825829	0.044732
9	rc	pe	warm	close	0.362265	0.000036	0	0	0.000018	0.000030
9	rc	pe	warm	unmap	0.362309	0.013169	0	0	0.000000	0.013187
9	rc	pe	warm	total	0.000002	0.375500	70802	0	0.834438	1.392829
9	matesize	pe	warm	taxo	0.000080	0.002411	2553	0	0.002948	0.000000
9	matesize	pe	warm	hash	0.002515	0.173547	4199	0	0.000000	1.362945
9	matesize	pe	warm	setup	0.176090	0.000054	14	0	0.000000	0.000055
9	matesize	pe	warm	classify	0.176149	0.176276	58092	0	0.762747	0.075341
9	matesize	pe	warm	close	0.352451	0.000036	0	0	0.000016	0.000032
9	matesize	pe	warm	unmap	0.352495	0.012834	0	0	0.000000	0.011939
9	matesize	pe	warm	total	0.000002	0.365365	64877	0	0.765825	1.451339
10	final	pe	warm	taxo	0.000081	0.002598	2544	0	0.003199	0.000000
10	final	pe	warm	hash	0.002703	0.167822	4204	0	0.000000	1.312411
10	final	pe	warm	setup	0.170554	0.000063	6	0	0.000000	0.000064
10	final	pe	warm	classify	0.170621	0.175026	55981	0	0.749514	0.094353
10	final	pe	warm	close	0.345671	0.000037	0	0	0.000017	0.000032
10	final	pe	warm	unmap	0.345716	0.012754	0	0	0.000000	0.012761
10	final	pe	warm	total	0.000003	0.358482	62748	0	0.752842	1.419686
10	final-aa	pe	warm	taxo	0.000078	0.002625	2561	0	0.003173	0.000000
10	final-aa	pe	warm	hash	0.002727	0.165590	4208	0	0.000000	1.297798
10	final-aa	pe	warm	setup	0.168345	0.000064	8	0	0.000000	0.000065
10	final-aa	pe	warm	classify	0.168413	0.177342	57046	0	0.714531	0.120740
10	final-aa	pe	warm	close	0.345781	0.000037	0	0	0.000018	0.000037
10	final-aa	pe	warm	unmap	0.345825	0.013023	0	0	0.000000	0.013027
10	final-aa	pe	warm	total	0.000002	0.358859	63837	0	0.717833	1.431737
10	base	pe	warm	taxo	0.000094	0.002508	2552	0	0.003137	0.000000
10	base	pe	warm	hash	0.002624	0.408427	1953155	0	0.000000	3.229557
10	base	pe	warm	setup	0.411080	0.000061	10	0	0.000000	0.000068
10	base	pe	warm	classify	0.411145	0.256791	60156	0	1.204181	0.079594
10	base	pe	warm	close	0.667962	0.000035	0	0	0.000015	0.000041
10	base	pe	warm	unmap	0.668005	0.402870	0	0	0.001567	0.401127
10	base	pe	warm	total	0.000002	1.070887	2015905	0	1.209039	3.710468
10	thp	pe	warm	taxo	0.000149	0.002382	2539	0	0.002938	0.000000
10	thp	pe	warm	hash	0.002552	0.173526	4199	0	0.000000	1.364902
10	thp	pe	warm	setup	0.176105	0.000048	7	0	0.000000	0.000048
10	thp	pe	warm	classify	0.176156	0.246044	56801	0	1.172160	0.064488
10	thp	pe	warm	close	0.422225	0.000033	0	0	0.000024	0.000029
10	thp	pe	warm	unmap	0.422266	0.012983	0	0	0.000000	0.012035
10	thp	pe	warm	total	0.000002	0.435283	63614	0	1.175322	1.442337
10	fill	pe	warm	taxo	0.000084	0.002429	2559	0	0.003007	0.000000
10	fill	pe	warm	hash	0.002536	0.176988	4194	0	0.000000	1.389550
10	fill	pe	warm	setup	0.179547	0.000063	5	0	0.000000	0.000065
10	fill	pe	warm	classify	0.179615	0.248184	60145	0	1.198814	0.036229
10	fill	pe	warm	close	0.427824	0.000036	0	0	0.000022	0.000027
10	fill	pe	warm	unmap	0.427868	0.012890	0	0	0.000000	0.012930
10	fill	pe	warm	total	0.000002	0.440780	66915	0	1.201965	1.438862
10	scan	pe	warm	taxo	0.000078	0.002552	2534	0	0.003104	0.000000
10	scan	pe	warm	hash	0.002653	0.176784	4204	0	0.000000	1.390837
10	scan	pe	warm	setup	0.179458	0.000058	5	0	0.000000	0.000060
10	scan	pe	warm	classify	0.179520	0.199673	57460	0	0.865794	0.056481
10	scan	pe	warm	close	0.379216	0.000017	0	0	0.000013	0.000022
10	scan	pe	warm	unmap	0.379241	0.013056	0	0	0.001228	0.011835
10	scan	pe	warm	total	0.000002	0.392309	64215	0	0.870255	1.459288
10	recycle	pe	warm	taxo	0.000084	0.002955	2572	0	0.003629	0.000000
10	recycle	pe	warm	hash	0.003061	0.173363	4198	0	0.005040	1.353953
10	recycle	pe	warm	setup	0.176458	0.000058	8	0	0.000000	0.000059
10	recycle	pe	warm	classify	0.176520	0.199834	63000	0	0.852372	0.076774
10	recycle	pe	warm	close	0.376384	0.000017	0	0	0.000009	0.000016
10	recycle	pe	warm	unmap	0.376409	0.012947	0	0	0.001056	0.011914
10	recycle	pe	warm	total	0.000002	0.389376	69799	0	0.862250	1.442801
10	rc	pe	warm	taxo	0.000085	0.002614	2565	0	0.003236	0.000000
10	rc	pe	warm	hash	0.002722	0.208940	4198	0	0.000000	1.247990
10	rc	pe	warm	setup	0.211693	0.000059	8	0	0.000000	0.000060
10	rc	pe	warm	classify	0.211756	0.187032	61192	0	0.762774	0.087583
10	rc	pe	warm	close	0.398814	0.000036	0	0	0.000021	0.000037
10	rc	pe	warm	unmap	0.398858	0.012819	0	0	0.001038	0.011787
10	rc	pe	warm	total	0.000002	0.411691	67975	0	0.767194	1.347521
10	matesize	pe	warm	taxo	0.000078	0.002419	2535	0	0.003003	0.000000
10	matesize	pe	warm	hash	0.002520	0.173279	4196	0	0.000000	1.360588
10	matesize	pe	warm	setup	0.175817	0.000063	7	0	0.000000	0.000085
10	matesize	pe	warm	classify	0.175891	0.178522	59012	0	0.804327	0.039946
10	matesize	pe	warm	close	0.354447	0.000037	0	0	0.000021	0.000036
10	matesize	pe	warm	unmap	0.354495	0.012313	0	0	0.000000	0.012336
10	matesize	pe	warm	total	0.000002	0.366830	65775	0	0.807466	1.413079
10	batch	pe	warm	taxo	0.000080	0.002435	2549	0	0.003134	0.000000
10	batch	pe	warm	hash	0.002538	0.172363	4195	0	0.000000	1.345347
10	batch	pe	warm	setup	0.174935	0.000067	12	0	0.000000	0.000067
10	batch	pe	warm	classify	0.175007	0.175864	58712	0	0.749500	0.081345
10	batch	pe	warm	close	0.350902	0.000038	0	0	0.000017	0.000032
10	batch	pe	warm	unmap	0.350949	0.013163	0	0	0.001025	0.012144
10	batch	pe	warm	total	0.000003	0.364125	65491	0	0.753796	1.439009
