ak2: log tee up
ak2-phase	2026-10-06T15:49:33Z	1791301773	preamble	no
ak2: [2026-10-06T15:49:33Z] inherited $-=hBc (stub, as spawn started it: $-=hBc)
ak2: [2026-10-06T15:49:33Z] after set +e $-=hBc
ak2: [2026-10-06T15:49:33Z] gate=g2 run=20261006-154839-bf1cf20
ak2: [2026-10-06T15:49:33Z] aws shim installed and self-tested (/tmp/ak2-bin/aws -> /usr/bin/aws)
ak2: [2026-10-06T15:49:33Z] imds region=us-west-2 az=us-west-2c instance=i-0277e2a998ba095ea type=m7g.2xlarge ami=ami-09325776a00699513
ak2: [2026-10-06T15:49:33Z] bucket cookbook-942542972736-us-west-2 region=us-west-2
ak2: [2026-10-06T15:49:34Z] bucket cookbook-942542972736-us-west-2 payer=UNKNOWN
ak2: [2026-10-06T15:49:34Z] WARN: could not read Payer of cookbook-942542972736-us-west-2 from the instance (launch host verified it)
ak2: [2026-10-06T15:49:34Z] region assert passed
ak2: [2026-10-06T15:49:34Z] drop_caches_ok=true
ak2: [2026-10-06T15:49:34Z] preamble done; spec body starts
ak2-phase	2026-10-06T15:49:34Z	1791301774	body	no
ak2-phase	2026-10-06T15:49:34Z	1791301774	setup	no
ak2: [2026-10-06T15:50:11Z] dnf ok (gcc (GCC) 11.5.0 20240719 (Red Hat 11.5.0-5); perf version 6.1.188-233.386.amzn2023.aarch64)
ak2: [2026-10-06T15:50:11Z] thp enabled=[always [madvise] never] defrag=[always defer defer+madvise [madvise] never] kernel=6.18.51-120.163.amzn2023.aarch64 nproc=8
ak2: [2026-10-06T15:50:11Z] disks: nvme0n1  80G Amazon Elastic Block Store vol057e58e7c2fc1e80d;
ak2: [2026-10-06T15:50:11Z] storage: no instance store; database on the EBS root volume
ak2: [2026-10-06T15:50:12Z] checkout bf1cf20 head=bf1cf209885495dd434479ac7054c86bba4773e1
ak2: [2026-10-06T15:50:14Z] go: go version go1.27.1 linux/arm64
ak2-phase	2026-10-06T15:50:14Z	1791301814	fetch	no
ak2: [2026-10-06T15:50:42Z] staged s3://cookbook-942542972736-us-west-2/aws-kraken2/data/k2_standard_08_GB_20260626/ -> /home/ec2-user/ak2/repo/.cache/db/k2_standard_08_GB_20260626/ (8004818876 bytes)
ak2: [2026-10-06T15:50:48Z] staged aws-kraken2/data/k2_standard_08_GB_20260626/hash.k2d bytes=8000000032 sha256=6c60e422b621b8116b7a3451fe25c682edfcf7c159c0ef757fb7de271b318d46 object-metadata=6c60e422b621b8116b7a3451fe25c682edfcf7c159c0ef757fb7de271b318d46
ak2: [2026-10-06T15:50:49Z] staged aws-kraken2/data/k2_standard_08_GB_20260626/opts.k2d bytes=64 sha256=5d80247b7332536ff08f4afa0fbc29e897e0e178fdf4aa9c28e84028fdbcc235 object-metadata=5d80247b7332536ff08f4afa0fbc29e897e0e178fdf4aa9c28e84028fdbcc235
ak2: [2026-10-06T15:50:50Z] staged aws-kraken2/data/k2_standard_08_GB_20260626/taxo.k2d bytes=4818575 sha256=65f9dd8c9a859dc613db5444160e989d275b386475486a013c6ca7f4dd09bc2e object-metadata=65f9dd8c9a859dc613db5444160e989d275b386475486a013c6ca7f4dd09bc2e
ak2: [2026-10-06T15:50:50Z] staged aws-kraken2/data/k2_standard_08_GB_20260626/SOURCE bytes=137 sha256=2a5827a124b438ddd053330317aeaf07063d1868a537ea3cff7bd286421afd53 object-metadata=2a5827a124b438ddd053330317aeaf07063d1868a537ea3cff7bd286421afd53
ak2: [2026-10-06T15:50:51Z] staged s3://cookbook-942542972736-us-west-2/aws-kraken2/data/reads/SRR062634_200000.SOURCE -> /home/ec2-user/ak2/repo/.cache/reads/SRR062634_200000.SOURCE (400 bytes)
ak2: [2026-10-06T15:50:51Z] staged aws-kraken2/data/reads/SRR062634_200000.SOURCE bytes=400 sha256=6d38490b67153a1acd8fce4f0e49fc45024bed6c813dd6537dc0093990d57f4c object-metadata=6d38490b67153a1acd8fce4f0e49fc45024bed6c813dd6537dc0093990d57f4c
ak2: [2026-10-06T15:50:52Z] staged s3://cookbook-942542972736-us-west-2/aws-kraken2/data/reads/SRR062634_200000_1.fq -> /home/ec2-user/ak2/repo/.cache/reads/SRR062634_200000_1.fq (51895574 bytes)
ak2: [2026-10-06T15:50:53Z] staged aws-kraken2/data/reads/SRR062634_200000_1.fq bytes=51895574 sha256=7a4a504d49771af64cefe8842bfffdedea13e07129111d4fcf4e52b4fe77c6b5 object-metadata=7a4a504d49771af64cefe8842bfffdedea13e07129111d4fcf4e52b4fe77c6b5
ak2: [2026-10-06T15:50:54Z] staged s3://cookbook-942542972736-us-west-2/aws-kraken2/data/reads/SRR062634_200000_2.fq -> /home/ec2-user/ak2/repo/.cache/reads/SRR062634_200000_2.fq (51895574 bytes)
ak2: [2026-10-06T15:50:55Z] staged aws-kraken2/data/reads/SRR062634_200000_2.fq bytes=51895574 sha256=e2665fb52aa4600891a93e86bd9cf7ff3f779b766017e261c106429b2ae854a1 object-metadata=e2665fb52aa4600891a93e86bd9cf7ff3f779b766017e261c106429b2ae854a1
ak2: [2026-10-06T15:50:55Z] reads SRR062634 verified against SOURCE
ak2-phase	2026-10-06T15:50:55Z	1791301855	build	no
ak2: [2026-10-06T15:51:24Z] oracle-build ok: /home/ec2-user/ak2/repo/.oracle/2731b35f7abb26ec926517274f3d87e78d42fd76
ak2: [2026-10-06T15:51:33Z] make build ok
loadbench: shell flags hBc
loadbench: db=/home/ec2-user/ak2/repo/.cache/db/k2_standard_08_GB_20260626 threads=8 reps=3 states=cold warm inputs=empty pe impls=upstream base thp fill scan recycle rc matesize batch final final-aa cold=true (ak2_drop_caches) thp=[always [madvise] never] defrag=[always defer defer+madvise [madvise] never]
loadbench: results /home/ec2-user/ak2/repo/results/g2/loadbench-k2_standard_08_GB_20260626-t8-20261006T155136Z
ak2: [2026-10-06T15:51:37Z] drop_caches done; next phase is cold
ak2-phase	2026-10-06T15:51:37Z	1791301897	lb-warmup-upstream-empty	yes
loadbench: warmup (unrecorded) {"exit":0,"wall_s":61.414659,"load_s":61.397885,"classify_s":0.001,"tail_s":0.015971,"minflt":6471,"majflt":50,"user_s":0.033417,"sys_s":1.004359,"maxrss":7820988,"impl":"upstream","input":"empty","state":"cold"}
ak2: [2026-10-06T15:52:39Z] drop_caches done; next phase is cold
ak2-phase	2026-10-06T15:52:39Z	1791301959	lb-1-upstream-empty-cold	yes
loadbench: 1-upstream-empty-cold {"wall_s":61.101782,"load_s":61.085809,"classify_s":0.001,"tail_s":0.015401,"minflt":6472}
ak2-phase	2026-10-06T15:53:41Z	1791302021	lb-1-upstream-empty-warm	no
loadbench: 1-upstream-empty-warm {"wall_s":0.191449,"load_s":0.176674,"classify_s":0.001,"tail_s":0.014113,"minflt":6500}
ak2: [2026-10-06T15:53:42Z] drop_caches done; next phase is cold
ak2-phase	2026-10-06T15:53:42Z	1791302022	lb-1-base-empty-cold	yes
loadbench: 1-base-empty-cold {"wall_s":60.717595,"load_s":60.341724,"classify_s":0.0,"tail_s":0.374545,"minflt":1956204}
ak2-phase	2026-10-06T15:54:43Z	1791302083	lb-1-base-empty-warm	no
loadbench: 1-base-empty-warm {"wall_s":0.865291,"load_s":0.478753,"classify_s":0.0,"tail_s":0.386093,"minflt":1956220}
ak2: [2026-10-06T15:54:45Z] drop_caches done; next phase is cold
ak2-phase	2026-10-06T15:54:45Z	1791302085	lb-1-thp-empty-cold	yes
loadbench: 1-thp-empty-cold {"wall_s":60.422263,"load_s":60.40696,"classify_s":0.0,"tail_s":0.014555,"minflt":7221}
ak2-phase	2026-10-06T15:55:46Z	1791302146	lb-1-thp-empty-warm	no
loadbench: 1-thp-empty-warm {"wall_s":0.176227,"load_s":0.162189,"classify_s":0.0,"tail_s":0.013741,"minflt":7260}
ak2: [2026-10-06T15:55:47Z] drop_caches done; next phase is cold
ak2-phase	2026-10-06T15:55:47Z	1791302147	lb-1-fill-empty-cold	yes
loadbench: 1-fill-empty-cold {"wall_s":60.338279,"load_s":60.323037,"classify_s":0.0,"tail_s":0.014415,"minflt":7222}
ak2-phase	2026-10-06T15:56:48Z	1791302208	lb-1-fill-empty-warm	no
loadbench: 1-fill-empty-warm {"wall_s":0.176426,"load_s":0.16282,"classify_s":0.0,"tail_s":0.013309,"minflt":7241}
ak2: [2026-10-06T15:56:49Z] drop_caches done; next phase is cold
ak2-phase	2026-10-06T15:56:49Z	1791302209	lb-1-scan-empty-cold	yes
loadbench: 1-scan-empty-cold {"wall_s":60.35422,"load_s":60.338706,"classify_s":0.0,"tail_s":0.014745,"minflt":7243}
ak2-phase	2026-10-06T15:57:50Z	1791302270	lb-1-scan-empty-warm	no
loadbench: 1-scan-empty-warm {"wall_s":0.184457,"load_s":0.170154,"classify_s":0.0,"tail_s":0.013871,"minflt":7285}
ak2: [2026-10-06T15:57:50Z] drop_caches done; next phase is cold
ak2-phase	2026-10-06T15:57:50Z	1791302270	lb-1-recycle-empty-cold	yes
loadbench: 1-recycle-empty-cold {"wall_s":60.351608,"load_s":60.336439,"classify_s":0.0,"tail_s":0.014251,"minflt":7269}
ak2-phase	2026-10-06T15:58:51Z	1791302331	lb-1-recycle-empty-warm	no
loadbench: 1-recycle-empty-warm {"wall_s":0.200135,"load_s":0.186163,"classify_s":0.0,"tail_s":0.013561,"minflt":7248}
ak2: [2026-10-06T15:58:52Z] drop_caches done; next phase is cold
ak2-phase	2026-10-06T15:58:52Z	1791302332	lb-1-rc-empty-cold	yes
loadbench: 1-rc-empty-cold {"wall_s":60.278008,"load_s":60.26262,"classify_s":0.0,"tail_s":0.014415,"minflt":7266}
ak2-phase	2026-10-06T15:59:53Z	1791302393	lb-1-rc-empty-warm	no
loadbench: 1-rc-empty-warm {"wall_s":0.175241,"load_s":0.160987,"classify_s":0.0,"tail_s":0.013787,"minflt":7255}
ak2: [2026-10-06T15:59:54Z] drop_caches done; next phase is cold
ak2-phase	2026-10-06T15:59:54Z	1791302394	lb-1-matesize-empty-cold	yes
loadbench: 1-matesize-empty-cold {"wall_s":60.417148,"load_s":60.401479,"classify_s":0.0,"tail_s":0.014725,"minflt":7264}
ak2-phase	2026-10-06T16:00:55Z	1791302455	lb-1-matesize-empty-warm	no
loadbench: 1-matesize-empty-warm {"wall_s":0.177039,"load_s":0.163186,"classify_s":0.0,"tail_s":0.013393,"minflt":7276}
ak2: [2026-10-06T16:00:56Z] drop_caches done; next phase is cold
ak2-phase	2026-10-06T16:00:56Z	1791302456	lb-1-batch-empty-cold	yes
loadbench: 1-batch-empty-cold {"wall_s":60.339625,"load_s":60.323476,"classify_s":0.0,"tail_s":0.014561,"minflt":7257}
ak2-phase	2026-10-06T16:01:57Z	1791302517	lb-1-batch-empty-warm	no
loadbench: 1-batch-empty-warm {"wall_s":0.175782,"load_s":0.161881,"classify_s":0.0,"tail_s":0.013271,"minflt":7295}
ak2: [2026-10-06T16:01:58Z] drop_caches done; next phase is cold
ak2-phase	2026-10-06T16:01:58Z	1791302518	lb-1-final-empty-cold	yes
loadbench: 1-final-empty-cold {"wall_s":60.339803,"load_s":60.323547,"classify_s":0.0,"tail_s":0.014801,"minflt":7250}
ak2-phase	2026-10-06T16:02:59Z	1791302579	lb-1-final-empty-warm	no
loadbench: 1-final-empty-warm {"wall_s":0.192906,"load_s":0.178738,"classify_s":0.0,"tail_s":0.013711,"minflt":7253}
ak2: [2026-10-06T16:03:00Z] drop_caches done; next phase is cold
ak2-phase	2026-10-06T16:03:00Z	1791302580	lb-1-final-aa-empty-cold	yes
loadbench: 1-final-aa-empty-cold {"wall_s":60.318286,"load_s":60.301599,"classify_s":0.0,"tail_s":0.015743,"minflt":7237}
ak2-phase	2026-10-06T16:04:01Z	1791302641	lb-1-final-aa-empty-warm	no
loadbench: 1-final-aa-empty-warm {"wall_s":0.188216,"load_s":0.173174,"classify_s":0.0,"tail_s":0.014481,"minflt":7288}
ak2: [2026-10-06T16:04:02Z] drop_caches done; next phase is cold
ak2-phase	2026-10-06T16:04:02Z	1791302642	lb-2-base-empty-cold	yes
loadbench: 2-base-empty-cold {"wall_s":61.023062,"load_s":60.643734,"classify_s":0.0,"tail_s":0.377829,"minflt":1956225}
ak2-phase	2026-10-06T16:05:03Z	1791302703	lb-2-base-empty-warm	no
loadbench: 2-base-empty-warm {"wall_s":0.806866,"load_s":0.42194,"classify_s":0.0,"tail_s":0.383937,"minflt":1956207}
ak2: [2026-10-06T16:05:05Z] drop_caches done; next phase is cold
ak2-phase	2026-10-06T16:05:05Z	1791302705	lb-2-thp-empty-cold	yes
loadbench: 2-thp-empty-cold {"wall_s":60.376383,"load_s":60.359097,"classify_s":0.0,"tail_s":0.015667,"minflt":7231}
ak2-phase	2026-10-06T16:06:06Z	1791302766	lb-2-thp-empty-warm	no
loadbench: 2-thp-empty-warm {"wall_s":0.191108,"load_s":0.17724,"classify_s":0.0,"tail_s":0.01342,"minflt":7251}
ak2: [2026-10-06T16:06:07Z] drop_caches done; next phase is cold
ak2-phase	2026-10-06T16:06:07Z	1791302767	lb-2-fill-empty-cold	yes
loadbench: 2-fill-empty-cold {"wall_s":60.36843,"load_s":60.352278,"classify_s":0.0,"tail_s":0.014888,"minflt":7252}
ak2-phase	2026-10-06T16:07:08Z	1791302828	lb-2-fill-empty-warm	no
loadbench: 2-fill-empty-warm {"wall_s":0.17712,"load_s":0.162857,"classify_s":0.0,"tail_s":0.013847,"minflt":7267}
ak2: [2026-10-06T16:07:09Z] drop_caches done; next phase is cold
ak2-phase	2026-10-06T16:07:09Z	1791302829	lb-2-scan-empty-cold	yes
loadbench: 2-scan-empty-cold {"wall_s":60.340984,"load_s":60.325334,"classify_s":0.0,"tail_s":0.014802,"minflt":7274}
ak2-phase	2026-10-06T16:08:10Z	1791302890	lb-2-scan-empty-warm	no
loadbench: 2-scan-empty-warm {"wall_s":0.17878,"load_s":0.164326,"classify_s":0.0,"tail_s":0.014159,"minflt":7230}
ak2: [2026-10-06T16:08:11Z] drop_caches done; next phase is cold
ak2-phase	2026-10-06T16:08:11Z	1791302891	lb-2-recycle-empty-cold	yes
loadbench: 2-recycle-empty-cold {"wall_s":60.398736,"load_s":60.381974,"classify_s":0.0,"tail_s":0.0156,"minflt":7246}
ak2-phase	2026-10-06T16:09:12Z	1791302952	lb-2-recycle-empty-warm	no
loadbench: 2-recycle-empty-warm {"wall_s":0.176082,"load_s":0.162317,"classify_s":0.0,"tail_s":0.013296,"minflt":7274}
ak2: [2026-10-06T16:09:13Z] drop_caches done; next phase is cold
ak2-phase	2026-10-06T16:09:13Z	1791302953	lb-2-rc-empty-cold	yes
loadbench: 2-rc-empty-cold {"wall_s":60.395631,"load_s":60.380216,"classify_s":0.0,"tail_s":0.014675,"minflt":7242}
ak2-phase	2026-10-06T16:10:14Z	1791303014	lb-2-rc-empty-warm	no
loadbench: 2-rc-empty-warm {"wall_s":0.17579,"load_s":0.161306,"classify_s":0.0,"tail_s":0.014131,"minflt":7262}
ak2: [2026-10-06T16:10:15Z] drop_caches done; next phase is cold
ak2-phase	2026-10-06T16:10:15Z	1791303015	lb-2-matesize-empty-cold	yes
loadbench: 2-matesize-empty-cold {"wall_s":60.354463,"load_s":60.338728,"classify_s":0.0,"tail_s":0.014836,"minflt":7243}
ak2-phase	2026-10-06T16:11:16Z	1791303076	lb-2-matesize-empty-warm	no
loadbench: 2-matesize-empty-warm {"wall_s":0.176078,"load_s":0.162173,"classify_s":0.0,"tail_s":0.013404,"minflt":7276}
ak2: [2026-10-06T16:11:17Z] drop_caches done; next phase is cold
ak2-phase	2026-10-06T16:11:17Z	1791303077	lb-2-batch-empty-cold	yes
loadbench: 2-batch-empty-cold {"wall_s":60.344203,"load_s":60.327647,"classify_s":0.0,"tail_s":0.01549,"minflt":7249}
ak2-phase	2026-10-06T16:12:18Z	1791303138	lb-2-batch-empty-warm	no
loadbench: 2-batch-empty-warm {"wall_s":0.193715,"load_s":0.179288,"classify_s":0.0,"tail_s":0.013944,"minflt":7284}
ak2: [2026-10-06T16:12:18Z] drop_caches done; next phase is cold
ak2-phase	2026-10-06T16:12:18Z	1791303138	lb-2-final-empty-cold	yes
loadbench: 2-final-empty-cold {"wall_s":60.285356,"load_s":60.269205,"classify_s":0.0,"tail_s":0.014838,"minflt":7266}
ak2-phase	2026-10-06T16:13:19Z	1791303199	lb-2-final-empty-warm	no
loadbench: 2-final-empty-warm {"wall_s":0.196724,"load_s":0.182412,"classify_s":0.0,"tail_s":0.013818,"minflt":7298}
ak2: [2026-10-06T16:13:20Z] drop_caches done; next phase is cold
ak2-phase	2026-10-06T16:13:20Z	1791303200	lb-2-final-aa-empty-cold	yes
loadbench: 2-final-aa-empty-cold {"wall_s":60.344372,"load_s":60.329116,"classify_s":0.0,"tail_s":0.014385,"minflt":7241}
ak2-phase	2026-10-06T16:14:21Z	1791303261	lb-2-final-aa-empty-warm	no
loadbench: 2-final-aa-empty-warm {"wall_s":0.175891,"load_s":0.162093,"classify_s":0.0,"tail_s":0.013331,"minflt":7269}
ak2: [2026-10-06T16:14:22Z] drop_caches done; next phase is cold
ak2-phase	2026-10-06T16:14:22Z	1791303262	lb-2-upstream-empty-cold	yes
loadbench: 2-upstream-empty-cold {"wall_s":60.393674,"load_s":60.376942,"classify_s":0.001,"tail_s":0.016033,"minflt":6473}
ak2-phase	2026-10-06T16:15:23Z	1791303323	lb-2-upstream-empty-warm	no
loadbench: 2-upstream-empty-warm {"wall_s":0.192761,"load_s":0.177798,"classify_s":0.001,"tail_s":0.014328,"minflt":6504}
ak2: [2026-10-06T16:15:24Z] drop_caches done; next phase is cold
ak2-phase	2026-10-06T16:15:24Z	1791303324	lb-3-thp-empty-cold	yes
loadbench: 3-thp-empty-cold {"wall_s":60.344337,"load_s":60.327207,"classify_s":0.0,"tail_s":0.015382,"minflt":7254}
ak2-phase	2026-10-06T16:16:25Z	1791303385	lb-3-thp-empty-warm	no
loadbench: 3-thp-empty-warm {"wall_s":0.180076,"load_s":0.166263,"classify_s":0.0,"tail_s":0.013369,"minflt":7254}
ak2: [2026-10-06T16:16:26Z] drop_caches done; next phase is cold
ak2-phase	2026-10-06T16:16:26Z	1791303386	lb-3-fill-empty-cold	yes
loadbench: 3-fill-empty-cold {"wall_s":60.38708,"load_s":60.371121,"classify_s":0.0,"tail_s":0.014966,"minflt":7255}
ak2-phase	2026-10-06T16:17:27Z	1791303447	lb-3-fill-empty-warm	no
loadbench: 3-fill-empty-warm {"wall_s":0.174221,"load_s":0.160424,"classify_s":0.0,"tail_s":0.013449,"minflt":7212}
ak2: [2026-10-06T16:17:28Z] drop_caches done; next phase is cold
ak2-phase	2026-10-06T16:17:28Z	1791303448	lb-3-scan-empty-cold	yes
loadbench: 3-scan-empty-cold {"wall_s":60.342788,"load_s":60.326645,"classify_s":0.0,"tail_s":0.014961,"minflt":7273}
ak2-phase	2026-10-06T16:18:29Z	1791303509	lb-3-scan-empty-warm	no
loadbench: 3-scan-empty-warm {"wall_s":0.198974,"load_s":0.184729,"classify_s":0.0,"tail_s":0.013922,"minflt":7277}
ak2: [2026-10-06T16:18:30Z] drop_caches done; next phase is cold
ak2-phase	2026-10-06T16:18:30Z	1791303510	lb-3-recycle-empty-cold	yes
loadbench: 3-recycle-empty-cold {"wall_s":60.264825,"load_s":60.248958,"classify_s":0.0,"tail_s":0.015031,"minflt":7248}
ak2-phase	2026-10-06T16:19:31Z	1791303571	lb-3-recycle-empty-warm	no
loadbench: 3-recycle-empty-warm {"wall_s":0.179394,"load_s":0.165639,"classify_s":0.0,"tail_s":0.013292,"minflt":7242}
ak2: [2026-10-06T16:19:32Z] drop_caches done; next phase is cold
ak2-phase	2026-10-06T16:19:32Z	1791303572	lb-3-rc-empty-cold	yes
loadbench: 3-rc-empty-cold {"wall_s":60.35245,"load_s":60.335726,"classify_s":0.0,"tail_s":0.015225,"minflt":7197}
ak2-phase	2026-10-06T16:20:33Z	1791303633	lb-3-rc-empty-warm	no
loadbench: 3-rc-empty-warm {"wall_s":0.197341,"load_s":0.183309,"classify_s":0.0,"tail_s":0.013573,"minflt":7275}
ak2: [2026-10-06T16:20:34Z] drop_caches done; next phase is cold
ak2-phase	2026-10-06T16:20:34Z	1791303634	lb-3-matesize-empty-cold	yes
loadbench: 3-matesize-empty-cold {"wall_s":60.361053,"load_s":60.345046,"classify_s":0.0,"tail_s":0.015076,"minflt":7217}
ak2-phase	2026-10-06T16:21:35Z	1791303695	lb-3-matesize-empty-warm	no
loadbench: 3-matesize-empty-warm {"wall_s":0.177643,"load_s":0.163008,"classify_s":0.0,"tail_s":0.014131,"minflt":7251}
ak2: [2026-10-06T16:21:35Z] drop_caches done; next phase is cold
ak2-phase	2026-10-06T16:21:35Z	1791303695	lb-3-batch-empty-cold	yes
loadbench: 3-batch-empty-cold {"wall_s":60.387612,"load_s":60.371347,"classify_s":0.0,"tail_s":0.014986,"minflt":7266}
ak2-phase	2026-10-06T16:22:36Z	1791303756	lb-3-batch-empty-warm	no
loadbench: 3-batch-empty-warm {"wall_s":0.17505,"load_s":0.161182,"classify_s":0.0,"tail_s":0.013285,"minflt":7291}
ak2: [2026-10-06T16:22:37Z] drop_caches done; next phase is cold
ak2-phase	2026-10-06T16:22:37Z	1791303757	lb-3-final-empty-cold	yes
loadbench: 3-final-empty-cold {"wall_s":60.341613,"load_s":60.325529,"classify_s":0.0,"tail_s":0.01496,"minflt":7244}
ak2-phase	2026-10-06T16:23:38Z	1791303818	lb-3-final-empty-warm	no
loadbench: 3-final-empty-warm {"wall_s":0.204545,"load_s":0.190087,"classify_s":0.0,"tail_s":0.013957,"minflt":7260}
ak2: [2026-10-06T16:23:39Z] drop_caches done; next phase is cold
ak2-phase	2026-10-06T16:23:39Z	1791303819	lb-3-final-aa-empty-cold	yes
loadbench: 3-final-aa-empty-cold {"wall_s":60.26664,"load_s":60.249997,"classify_s":0.0,"tail_s":0.015298,"minflt":7228}
ak2-phase	2026-10-06T16:24:40Z	1791303880	lb-3-final-aa-empty-warm	no
loadbench: 3-final-aa-empty-warm {"wall_s":0.18363,"load_s":0.169298,"classify_s":0.0,"tail_s":0.0138,"minflt":7283}
ak2: [2026-10-06T16:24:41Z] drop_caches done; next phase is cold
ak2-phase	2026-10-06T16:24:41Z	1791303881	lb-3-upstream-empty-cold	yes
loadbench: 3-upstream-empty-cold {"wall_s":60.453075,"load_s":60.436286,"classify_s":0.001,"tail_s":0.016021,"minflt":6476}
ak2-phase	2026-10-06T16:25:42Z	1791303942	lb-3-upstream-empty-warm	no
loadbench: 3-upstream-empty-warm {"wall_s":0.189824,"load_s":0.175522,"classify_s":0.001,"tail_s":0.013721,"minflt":6503}
ak2: [2026-10-06T16:25:43Z] drop_caches done; next phase is cold
ak2-phase	2026-10-06T16:25:43Z	1791303943	lb-3-base-empty-cold	yes
loadbench: 3-base-empty-cold {"wall_s":60.714135,"load_s":60.33944,"classify_s":0.0,"tail_s":0.373747,"minflt":1956228}
ak2-phase	2026-10-06T16:26:44Z	1791304004	lb-3-base-empty-warm	no
loadbench: 3-base-empty-warm {"wall_s":0.804849,"load_s":0.42136,"classify_s":0.0,"tail_s":0.383032,"minflt":1956238}
ak2-phase	2026-10-06T16:26:46Z	1791304006	lb-4-fill-empty-warm	no
loadbench: 4-fill-empty-warm {"wall_s":0.183219,"load_s":0.169734,"classify_s":0.0,"tail_s":0.013061,"minflt":7236}
ak2-phase	2026-10-06T16:26:47Z	1791304007	lb-4-scan-empty-warm	no
loadbench: 4-scan-empty-warm {"wall_s":0.207837,"load_s":0.193705,"classify_s":0.0,"tail_s":0.013751,"minflt":7283}
ak2-phase	2026-10-06T16:26:47Z	1791304007	lb-4-recycle-empty-warm	no
loadbench: 4-recycle-empty-warm {"wall_s":0.182854,"load_s":0.169315,"classify_s":0.0,"tail_s":0.013224,"minflt":7271}
ak2-phase	2026-10-06T16:26:48Z	1791304008	lb-4-rc-empty-warm	no
loadbench: 4-rc-empty-warm {"wall_s":0.184007,"load_s":0.16965,"classify_s":0.0,"tail_s":0.013979,"minflt":7300}
ak2-phase	2026-10-06T16:26:49Z	1791304009	lb-4-matesize-empty-warm	no
loadbench: 4-matesize-empty-warm {"wall_s":0.182711,"load_s":0.169177,"classify_s":0.0,"tail_s":0.013069,"minflt":7233}
ak2-phase	2026-10-06T16:26:49Z	1791304009	lb-4-batch-empty-warm	no
loadbench: 4-batch-empty-warm {"wall_s":0.190562,"load_s":0.176576,"classify_s":0.0,"tail_s":0.013482,"minflt":7235}
ak2-phase	2026-10-06T16:26:50Z	1791304010	lb-4-final-empty-warm	no
loadbench: 4-final-empty-warm {"wall_s":0.183372,"load_s":0.169821,"classify_s":0.0,"tail_s":0.013,"minflt":7249}
ak2-phase	2026-10-06T16:26:51Z	1791304011	lb-4-final-aa-empty-warm	no
loadbench: 4-final-aa-empty-warm {"wall_s":0.169721,"load_s":0.15607,"classify_s":0.0,"tail_s":0.013156,"minflt":7281}
ak2-phase	2026-10-06T16:26:52Z	1791304012	lb-4-upstream-empty-warm	no
loadbench: 4-upstream-empty-warm {"wall_s":0.231909,"load_s":0.214564,"classify_s":0.001,"tail_s":0.016612,"minflt":6482}
ak2-phase	2026-10-06T16:26:52Z	1791304012	lb-4-base-empty-warm	no
loadbench: 4-base-empty-warm {"wall_s":0.905036,"load_s":0.5209,"classify_s":0.0,"tail_s":0.383802,"minflt":1956238}
ak2-phase	2026-10-06T16:26:54Z	1791304014	lb-4-thp-empty-warm	no
loadbench: 4-thp-empty-warm {"wall_s":0.182478,"load_s":0.168804,"classify_s":0.0,"tail_s":0.01322,"minflt":7246}
ak2-phase	2026-10-06T16:26:55Z	1791304015	lb-5-scan-empty-warm	no
loadbench: 5-scan-empty-warm {"wall_s":0.167415,"load_s":0.153497,"classify_s":0.0,"tail_s":0.013622,"minflt":7245}
ak2-phase	2026-10-06T16:26:55Z	1791304015	lb-5-recycle-empty-warm	no
loadbench: 5-recycle-empty-warm {"wall_s":0.166148,"load_s":0.152822,"classify_s":0.0,"tail_s":0.013036,"minflt":7247}
ak2-phase	2026-10-06T16:26:56Z	1791304016	lb-5-rc-empty-warm	no
loadbench: 5-rc-empty-warm {"wall_s":0.166958,"load_s":0.153425,"classify_s":0.0,"tail_s":0.013107,"minflt":7247}
ak2-phase	2026-10-06T16:26:57Z	1791304017	lb-5-matesize-empty-warm	no
loadbench: 5-matesize-empty-warm {"wall_s":0.169103,"load_s":0.154519,"classify_s":0.0,"tail_s":0.014109,"minflt":7309}
ak2-phase	2026-10-06T16:26:57Z	1791304017	lb-5-batch-empty-warm	no
loadbench: 5-batch-empty-warm {"wall_s":0.167199,"load_s":0.153614,"classify_s":0.0,"tail_s":0.013109,"minflt":7288}
ak2-phase	2026-10-06T16:26:58Z	1791304018	lb-5-final-empty-warm	no
loadbench: 5-final-empty-warm {"wall_s":0.175526,"load_s":0.16192,"classify_s":0.0,"tail_s":0.013081,"minflt":7284}
ak2-phase	2026-10-06T16:26:59Z	1791304019	lb-5-final-aa-empty-warm	no
loadbench: 5-final-aa-empty-warm {"wall_s":0.181235,"load_s":0.166952,"classify_s":0.0,"tail_s":0.013831,"minflt":7296}
ak2-phase	2026-10-06T16:27:00Z	1791304020	lb-5-upstream-empty-warm	no
loadbench: 5-upstream-empty-warm {"wall_s":0.193366,"load_s":0.177829,"classify_s":0.001,"tail_s":0.014799,"minflt":6502}
ak2-phase	2026-10-06T16:27:00Z	1791304020	lb-5-base-empty-warm	no
loadbench: 5-base-empty-warm {"wall_s":0.840979,"load_s":0.452604,"classify_s":0.0,"tail_s":0.387943,"minflt":1956185}
ak2-phase	2026-10-06T16:27:02Z	1791304022	lb-5-thp-empty-warm	no
loadbench: 5-thp-empty-warm {"wall_s":0.177542,"load_s":0.162623,"classify_s":0.0,"tail_s":0.014455,"minflt":7256}
ak2-phase	2026-10-06T16:27:03Z	1791304023	lb-5-fill-empty-warm	no
loadbench: 5-fill-empty-warm {"wall_s":0.173579,"load_s":0.15953,"classify_s":0.0,"tail_s":0.013581,"minflt":7249}
ak2-phase	2026-10-06T16:27:03Z	1791304023	lb-6-recycle-empty-warm	no
loadbench: 6-recycle-empty-warm {"wall_s":0.175152,"load_s":0.161276,"classify_s":0.0,"tail_s":0.013423,"minflt":7261}
ak2-phase	2026-10-06T16:27:04Z	1791304024	lb-6-rc-empty-warm	no
loadbench: 6-rc-empty-warm {"wall_s":0.174647,"load_s":0.160012,"classify_s":0.0,"tail_s":0.014304,"minflt":7287}
ak2-phase	2026-10-06T16:27:05Z	1791304025	lb-6-matesize-empty-warm	no
loadbench: 6-matesize-empty-warm {"wall_s":0.195381,"load_s":0.180445,"classify_s":0.0,"tail_s":0.014444,"minflt":7247}
ak2-phase	2026-10-06T16:27:06Z	1791304026	lb-6-batch-empty-warm	no
loadbench: 6-batch-empty-warm {"wall_s":0.173686,"load_s":0.160002,"classify_s":0.0,"tail_s":0.013185,"minflt":7281}
ak2-phase	2026-10-06T16:27:06Z	1791304026	lb-6-final-empty-warm	no
loadbench: 6-final-empty-warm {"wall_s":0.173933,"load_s":0.160168,"classify_s":0.0,"tail_s":0.013195,"minflt":7351}
ak2-phase	2026-10-06T16:27:07Z	1791304027	lb-6-final-aa-empty-warm	no
loadbench: 6-final-aa-empty-warm {"wall_s":0.170774,"load_s":0.157051,"classify_s":0.0,"tail_s":0.013219,"minflt":7268}
ak2-phase	2026-10-06T16:27:08Z	1791304028	lb-6-upstream-empty-warm	no
loadbench: 6-upstream-empty-warm {"wall_s":0.185118,"load_s":0.170286,"classify_s":0.001,"tail_s":0.014211,"minflt":6498}
ak2-phase	2026-10-06T16:27:09Z	1791304029	lb-6-base-empty-warm	no
loadbench: 6-base-empty-warm {"wall_s":0.831096,"load_s":0.448727,"classify_s":0.0,"tail_s":0.381959,"minflt":1956220}
ak2-phase	2026-10-06T16:27:10Z	1791304030	lb-6-thp-empty-warm	no
loadbench: 6-thp-empty-warm {"wall_s":0.1724,"load_s":0.157848,"classify_s":0.0,"tail_s":0.014188,"minflt":7258}
ak2-phase	2026-10-06T16:27:11Z	1791304031	lb-6-fill-empty-warm	no
loadbench: 6-fill-empty-warm {"wall_s":0.17294,"load_s":0.159163,"classify_s":0.0,"tail_s":0.013327,"minflt":7302}
ak2-phase	2026-10-06T16:27:12Z	1791304032	lb-6-scan-empty-warm	no
loadbench: 6-scan-empty-warm {"wall_s":0.166379,"load_s":0.152793,"classify_s":0.0,"tail_s":0.013189,"minflt":7270}
ak2-phase	2026-10-06T16:27:12Z	1791304032	lb-7-rc-empty-warm	no
loadbench: 7-rc-empty-warm {"wall_s":0.167721,"load_s":0.154077,"classify_s":0.0,"tail_s":0.013166,"minflt":7271}
ak2-phase	2026-10-06T16:27:13Z	1791304033	lb-7-matesize-empty-warm	no
loadbench: 7-matesize-empty-warm {"wall_s":0.168164,"load_s":0.154715,"classify_s":0.0,"tail_s":0.013001,"minflt":7234}
ak2-phase	2026-10-06T16:27:14Z	1791304034	lb-7-batch-empty-warm	no
loadbench: 7-batch-empty-warm {"wall_s":0.165678,"load_s":0.151431,"classify_s":0.0,"tail_s":0.013777,"minflt":7318}
ak2-phase	2026-10-06T16:27:14Z	1791304034	lb-7-final-empty-warm	no
loadbench: 7-final-empty-warm {"wall_s":0.168397,"load_s":0.154502,"classify_s":0.0,"tail_s":0.013444,"minflt":7276}
ak2-phase	2026-10-06T16:27:15Z	1791304035	lb-7-final-aa-empty-warm	no
loadbench: 7-final-aa-empty-warm {"wall_s":0.167904,"load_s":0.153584,"classify_s":0.0,"tail_s":0.013831,"minflt":7256}
ak2-phase	2026-10-06T16:27:16Z	1791304036	lb-7-upstream-empty-warm	no
loadbench: 7-upstream-empty-warm {"wall_s":0.184906,"load_s":0.170025,"classify_s":0.001,"tail_s":0.014208,"minflt":6507}
ak2-phase	2026-10-06T16:27:17Z	1791304037	lb-7-base-empty-warm	no
loadbench: 7-base-empty-warm {"wall_s":0.880854,"load_s":0.495902,"classify_s":0.0,"tail_s":0.384535,"minflt":1956229}
ak2-phase	2026-10-06T16:27:18Z	1791304038	lb-7-thp-empty-warm	no
loadbench: 7-thp-empty-warm {"wall_s":0.17012,"load_s":0.155715,"classify_s":0.0,"tail_s":0.014004,"minflt":7225}
ak2-phase	2026-10-06T16:27:19Z	1791304039	lb-7-fill-empty-warm	no
loadbench: 7-fill-empty-warm {"wall_s":0.169961,"load_s":0.156509,"classify_s":0.0,"tail_s":0.013052,"minflt":7250}
ak2-phase	2026-10-06T16:27:19Z	1791304039	lb-7-scan-empty-warm	no
loadbench: 7-scan-empty-warm {"wall_s":0.169549,"load_s":0.15501,"classify_s":0.0,"tail_s":0.014253,"minflt":7200}
ak2-phase	2026-10-06T16:27:20Z	1791304040	lb-7-recycle-empty-warm	no
loadbench: 7-recycle-empty-warm {"wall_s":0.16793,"load_s":0.154173,"classify_s":0.0,"tail_s":0.013413,"minflt":7264}
ak2-phase	2026-10-06T16:27:21Z	1791304041	lb-8-matesize-empty-warm	no
loadbench: 8-matesize-empty-warm {"wall_s":0.168004,"load_s":0.154342,"classify_s":0.0,"tail_s":0.013121,"minflt":7359}
ak2-phase	2026-10-06T16:27:22Z	1791304042	lb-8-batch-empty-warm	no
loadbench: 8-batch-empty-warm {"wall_s":0.167401,"load_s":0.153273,"classify_s":0.0,"tail_s":0.013666,"minflt":7259}
ak2-phase	2026-10-06T16:27:22Z	1791304042	lb-8-final-empty-warm	no
loadbench: 8-final-empty-warm {"wall_s":0.168284,"load_s":0.154624,"classify_s":0.0,"tail_s":0.013096,"minflt":7260}
ak2-phase	2026-10-06T16:27:23Z	1791304043	lb-8-final-aa-empty-warm	no
loadbench: 8-final-aa-empty-warm {"wall_s":0.170302,"load_s":0.156019,"classify_s":0.0,"tail_s":0.013826,"minflt":7294}
ak2-phase	2026-10-06T16:27:24Z	1791304044	lb-8-upstream-empty-warm	no
loadbench: 8-upstream-empty-warm {"wall_s":0.19139,"load_s":0.17635,"classify_s":0.001,"tail_s":0.014314,"minflt":6505}
ak2-phase	2026-10-06T16:27:24Z	1791304044	lb-8-base-empty-warm	no
loadbench: 8-base-empty-warm {"wall_s":0.791138,"load_s":0.404476,"classify_s":0.0,"tail_s":0.386242,"minflt":1956210}
ak2-phase	2026-10-06T16:27:26Z	1791304046	lb-8-thp-empty-warm	no
loadbench: 8-thp-empty-warm {"wall_s":0.168518,"load_s":0.154223,"classify_s":0.0,"tail_s":0.013863,"minflt":7246}
ak2-phase	2026-10-06T16:27:26Z	1791304046	lb-8-fill-empty-warm	no
loadbench: 8-fill-empty-warm {"wall_s":0.169795,"load_s":0.155324,"classify_s":0.0,"tail_s":0.014028,"minflt":7246}
ak2-phase	2026-10-06T16:27:27Z	1791304047	lb-8-scan-empty-warm	no
loadbench: 8-scan-empty-warm {"wall_s":0.168923,"load_s":0.154797,"classify_s":0.0,"tail_s":0.013733,"minflt":7249}
ak2-phase	2026-10-06T16:27:28Z	1791304048	lb-8-recycle-empty-warm	no
loadbench: 8-recycle-empty-warm {"wall_s":0.168533,"load_s":0.155121,"classify_s":0.0,"tail_s":0.013103,"minflt":7228}
ak2-phase	2026-10-06T16:27:29Z	1791304049	lb-8-rc-empty-warm	no
loadbench: 8-rc-empty-warm {"wall_s":0.168148,"load_s":0.154078,"classify_s":0.0,"tail_s":0.013784,"minflt":7223}
ak2-phase	2026-10-06T16:27:29Z	1791304049	lb-9-batch-empty-warm	no
loadbench: 9-batch-empty-warm {"wall_s":0.183352,"load_s":0.168547,"classify_s":0.0,"tail_s":0.014348,"minflt":7285}
ak2-phase	2026-10-06T16:27:30Z	1791304050	lb-9-final-empty-warm	no
loadbench: 9-final-empty-warm {"wall_s":0.171833,"load_s":0.158027,"classify_s":0.0,"tail_s":0.013324,"minflt":7261}
ak2-phase	2026-10-06T16:27:31Z	1791304051	lb-9-final-aa-empty-warm	no
loadbench: 9-final-aa-empty-warm {"wall_s":0.169433,"load_s":0.155293,"classify_s":0.0,"tail_s":0.013636,"minflt":7278}
ak2-phase	2026-10-06T16:27:32Z	1791304052	lb-9-upstream-empty-warm	no
loadbench: 9-upstream-empty-warm {"wall_s":0.183838,"load_s":0.169111,"classify_s":0.001,"tail_s":0.014188,"minflt":6500}
ak2-phase	2026-10-06T16:27:32Z	1791304052	lb-9-base-empty-warm	no
loadbench: 9-base-empty-warm {"wall_s":0.835719,"load_s":0.450247,"classify_s":0.0,"tail_s":0.385121,"minflt":1956212}
ak2-phase	2026-10-06T16:27:34Z	1791304054	lb-9-thp-empty-warm	no
loadbench: 9-thp-empty-warm {"wall_s":0.169355,"load_s":0.155058,"classify_s":0.0,"tail_s":0.013836,"minflt":7260}
ak2-phase	2026-10-06T16:27:34Z	1791304054	lb-9-fill-empty-warm	no
loadbench: 9-fill-empty-warm {"wall_s":0.170767,"load_s":0.156471,"classify_s":0.0,"tail_s":0.013979,"minflt":7281}
ak2-phase	2026-10-06T16:27:35Z	1791304055	lb-9-scan-empty-warm	no
loadbench: 9-scan-empty-warm {"wall_s":0.189866,"load_s":0.176437,"classify_s":0.0,"tail_s":0.013007,"minflt":7225}
ak2-phase	2026-10-06T16:27:36Z	1791304056	lb-9-recycle-empty-warm	no
loadbench: 9-recycle-empty-warm {"wall_s":0.17861,"load_s":0.16435,"classify_s":0.0,"tail_s":0.013931,"minflt":7258}
ak2-phase	2026-10-06T16:27:37Z	1791304057	lb-9-rc-empty-warm	no
loadbench: 9-rc-empty-warm {"wall_s":0.1671,"load_s":0.153613,"classify_s":0.0,"tail_s":0.013032,"minflt":7269}
ak2-phase	2026-10-06T16:27:37Z	1791304057	lb-9-matesize-empty-warm	no
loadbench: 9-matesize-empty-warm {"wall_s":0.167164,"load_s":0.152889,"classify_s":0.0,"tail_s":0.013773,"minflt":7273}
ak2-phase	2026-10-06T16:27:38Z	1791304058	lb-10-final-empty-warm	no
loadbench: 10-final-empty-warm {"wall_s":0.167084,"load_s":0.153573,"classify_s":0.0,"tail_s":0.012981,"minflt":7296}
ak2-phase	2026-10-06T16:27:39Z	1791304059	lb-10-final-aa-empty-warm	no
loadbench: 10-final-aa-empty-warm {"wall_s":0.165896,"load_s":0.152428,"classify_s":0.0,"tail_s":0.012946,"minflt":7299}
ak2-phase	2026-10-06T16:27:39Z	1791304059	lb-10-upstream-empty-warm	no
loadbench: 10-upstream-empty-warm {"wall_s":0.182852,"load_s":0.167657,"classify_s":0.001,"tail_s":0.014535,"minflt":6498}
ak2-phase	2026-10-06T16:27:40Z	1791304060	lb-10-base-empty-warm	no
loadbench: 10-base-empty-warm {"wall_s":0.836747,"load_s":0.450427,"classify_s":0.0,"tail_s":0.385907,"minflt":1956266}
ak2-phase	2026-10-06T16:27:41Z	1791304061	lb-10-thp-empty-warm	no
loadbench: 10-thp-empty-warm {"wall_s":0.188059,"load_s":0.173781,"classify_s":0.0,"tail_s":0.013993,"minflt":7269}
ak2-phase	2026-10-06T16:27:42Z	1791304062	lb-10-fill-empty-warm	no
loadbench: 10-fill-empty-warm {"wall_s":0.168952,"load_s":0.15457,"classify_s":0.0,"tail_s":0.013965,"minflt":7254}
ak2-phase	2026-10-06T16:27:43Z	1791304063	lb-10-scan-empty-warm	no
loadbench: 10-scan-empty-warm {"wall_s":0.17192,"load_s":0.157332,"classify_s":0.0,"tail_s":0.014148,"minflt":7275}
ak2-phase	2026-10-06T16:27:44Z	1791304064	lb-10-recycle-empty-warm	no
loadbench: 10-recycle-empty-warm {"wall_s":0.169386,"load_s":0.155588,"classify_s":0.0,"tail_s":0.013283,"minflt":7264}
ak2-phase	2026-10-06T16:27:44Z	1791304064	lb-10-rc-empty-warm	no
loadbench: 10-rc-empty-warm {"wall_s":0.168529,"load_s":0.153968,"classify_s":0.0,"tail_s":0.014157,"minflt":7264}
ak2-phase	2026-10-06T16:27:45Z	1791304065	lb-10-matesize-empty-warm	no
loadbench: 10-matesize-empty-warm {"wall_s":0.170726,"load_s":0.156061,"classify_s":0.001,"tail_s":0.014051,"minflt":7387}
ak2-phase	2026-10-06T16:27:46Z	1791304066	lb-10-batch-empty-warm	no
loadbench: 10-batch-empty-warm {"wall_s":0.169457,"load_s":0.15552,"classify_s":0.0,"tail_s":0.013459,"minflt":7259}
ak2: [2026-10-06T16:27:47Z] drop_caches done; next phase is cold
ak2-phase	2026-10-06T16:27:47Z	1791304067	lb-1-upstream-pe-cold	yes
loadbench: 1-upstream-pe-cold {"wall_s":61.342672,"load_s":60.378865,"classify_s":0.947,"tail_s":0.01681,"minflt":49562}
ak2-phase	2026-10-06T16:28:49Z	1791304129	lb-1-upstream-pe-warm	no
loadbench: 1-upstream-pe-warm {"wall_s":0.414,"load_s":0.178327,"classify_s":0.219,"tail_s":0.016248,"minflt":50599}
ak2: [2026-10-06T16:28:50Z] drop_caches done; next phase is cold
ak2-phase	2026-10-06T16:28:50Z	1791304130	lb-1-base-pe-cold	yes
loadbench: 1-base-pe-cold {"wall_s":61.626622,"load_s":60.260715,"classify_s":0.979,"tail_s":0.386236,"minflt":1994150}
ak2-phase	2026-10-06T16:29:52Z	1791304192	lb-1-base-pe-warm	no
loadbench: 1-base-pe-warm {"wall_s":1.129152,"load_s":0.442168,"classify_s":0.295,"tail_s":0.391394,"minflt":2017652}
ak2: [2026-10-06T16:29:54Z] drop_caches done; next phase is cold
ak2-phase	2026-10-06T16:29:54Z	1791304194	lb-1-thp-pe-cold	yes
loadbench: 1-thp-pe-cold {"wall_s":61.334853,"load_s":60.341174,"classify_s":0.971,"tail_s":0.021472,"minflt":43332}
ak2-phase	2026-10-06T16:30:56Z	1791304256	lb-1-thp-pe-warm	no
loadbench: 1-thp-pe-warm {"wall_s":0.473295,"load_s":0.161316,"classify_s":0.285,"tail_s":0.0266,"minflt":71168}
ak2: [2026-10-06T16:30:57Z] drop_caches done; next phase is cold
ak2-phase	2026-10-06T16:30:57Z	1791304257	lb-1-fill-pe-cold	yes
loadbench: 1-fill-pe-cold {"wall_s":61.328468,"load_s":60.329667,"classify_s":0.975,"tail_s":0.021644,"minflt":43724}
ak2-phase	2026-10-06T16:31:59Z	1791304319	lb-1-fill-pe-warm	no
loadbench: 1-fill-pe-warm {"wall_s":0.477968,"load_s":0.161261,"classify_s":0.291,"tail_s":0.025965,"minflt":66148}
ak2: [2026-10-06T16:32:00Z] drop_caches done; next phase is cold
ak2-phase	2026-10-06T16:32:00Z	1791304320	lb-1-scan-pe-cold	yes
loadbench: 1-scan-pe-cold {"wall_s":61.261927,"load_s":60.319982,"classify_s":0.919,"tail_s":0.022131,"minflt":45712}
ak2-phase	2026-10-06T16:33:02Z	1791304382	lb-1-scan-pe-warm	no
loadbench: 1-scan-pe-warm {"wall_s":0.417437,"load_s":0.168283,"classify_s":0.224,"tail_s":0.024591,"minflt":66845}
ak2: [2026-10-06T16:33:04Z] drop_caches done; next phase is cold
ak2-phase	2026-10-06T16:33:04Z	1791304384	lb-1-recycle-pe-cold	yes
loadbench: 1-recycle-pe-cold {"wall_s":61.278295,"load_s":60.337081,"classify_s":0.918,"tail_s":0.022491,"minflt":47156}
ak2-phase	2026-10-06T16:34:06Z	1791304446	lb-1-recycle-pe-warm	no
loadbench: 1-recycle-pe-warm {"wall_s":0.432137,"load_s":0.170785,"classify_s":0.235,"tail_s":0.025701,"minflt":69520}
ak2: [2026-10-06T16:34:07Z] drop_caches done; next phase is cold
ak2-phase	2026-10-06T16:34:07Z	1791304447	lb-1-rc-pe-cold	yes
loadbench: 1-rc-pe-cold {"wall_s":61.29815,"load_s":60.323721,"classify_s":0.953,"tail_s":0.020297,"minflt":33622}
ak2-phase	2026-10-06T16:35:09Z	1791304509	lb-1-rc-pe-warm	no
loadbench: 1-rc-pe-warm {"wall_s":0.405692,"load_s":0.163708,"classify_s":0.216,"tail_s":0.026259,"minflt":70136}
ak2: [2026-10-06T16:35:10Z] drop_caches done; next phase is cold
ak2-phase	2026-10-06T16:35:10Z	1791304510	lb-1-matesize-pe-cold	yes
loadbench: 1-matesize-pe-cold {"wall_s":61.254573,"load_s":60.32583,"classify_s":0.907,"tail_s":0.020788,"minflt":37030}
ak2-phase	2026-10-06T16:36:12Z	1791304572	lb-1-matesize-pe-warm	no
loadbench: 1-matesize-pe-warm {"wall_s":0.4223,"load_s":0.19562,"classify_s":0.202,"tail_s":0.024579,"minflt":65680}
ak2: [2026-10-06T16:36:13Z] drop_caches done; next phase is cold
ak2-phase	2026-10-06T16:36:13Z	1791304573	lb-1-batch-pe-cold	yes
loadbench: 1-batch-pe-cold {"wall_s":61.253836,"load_s":60.326945,"classify_s":0.905,"tail_s":0.020691,"minflt":37534}
ak2-phase	2026-10-06T16:37:15Z	1791304635	lb-1-batch-pe-warm	no
loadbench: 1-batch-pe-warm {"wall_s":0.384002,"load_s":0.161812,"classify_s":0.197,"tail_s":0.02477,"minflt":65840}
ak2: [2026-10-06T16:37:16Z] drop_caches done; next phase is cold
ak2-phase	2026-10-06T16:37:16Z	1791304636	lb-1-final-pe-cold	yes
loadbench: 1-final-pe-cold {"wall_s":61.300316,"load_s":60.371808,"classify_s":0.906,"tail_s":0.021306,"minflt":41289}
ak2-phase	2026-10-06T16:38:18Z	1791304698	lb-1-final-pe-warm	no
loadbench: 1-final-pe-warm {"wall_s":0.385643,"load_s":0.162727,"classify_s":0.198,"tail_s":0.024585,"minflt":62078}
ak2: [2026-10-06T16:38:19Z] drop_caches done; next phase is cold
ak2-phase	2026-10-06T16:38:19Z	1791304699	lb-1-final-aa-pe-cold	yes
loadbench: 1-final-aa-pe-cold {"wall_s":61.25623,"load_s":60.324541,"classify_s":0.908,"tail_s":0.021791,"minflt":43554}
ak2-phase	2026-10-06T16:39:21Z	1791304761	lb-1-final-aa-pe-warm	no
loadbench: 1-final-aa-pe-warm {"wall_s":0.384431,"load_s":0.161744,"classify_s":0.199,"tail_s":0.023793,"minflt":60003}
ak2: [2026-10-06T16:39:22Z] drop_caches done; next phase is cold
ak2-phase	2026-10-06T16:39:22Z	1791304762	lb-2-base-pe-cold	yes
loadbench: 2-base-pe-cold {"wall_s":61.669966,"load_s":60.32263,"classify_s":0.967,"tail_s":0.379652,"minflt":1994064}
ak2-phase	2026-10-06T16:40:24Z	1791304824	lb-2-base-pe-warm	no
loadbench: 2-base-pe-warm {"wall_s":1.159102,"load_s":0.468324,"classify_s":0.3,"tail_s":0.390148,"minflt":2018902}
ak2: [2026-10-06T16:40:26Z] drop_caches done; next phase is cold
ak2-phase	2026-10-06T16:40:26Z	1791304826	lb-2-thp-pe-cold	yes
loadbench: 2-thp-pe-cold {"wall_s":61.331954,"load_s":60.344349,"classify_s":0.964,"tail_s":0.022446,"minflt":46398}
ak2-phase	2026-10-06T16:41:28Z	1791304888	lb-2-thp-pe-warm	no
loadbench: 2-thp-pe-warm {"wall_s":0.465033,"load_s":0.164294,"classify_s":0.276,"tail_s":0.024835,"minflt":67652}
ak2: [2026-10-06T16:41:29Z] drop_caches done; next phase is cold
ak2-phase	2026-10-06T16:41:29Z	1791304889	lb-2-fill-pe-cold	yes
loadbench: 2-fill-pe-cold {"wall_s":61.321282,"load_s":60.324146,"classify_s":0.974,"tail_s":0.021412,"minflt":43229}
ak2-phase	2026-10-06T16:42:31Z	1791304951	lb-2-fill-pe-warm	no
loadbench: 2-fill-pe-warm {"wall_s":0.475439,"load_s":0.162446,"classify_s":0.287,"tail_s":0.025519,"minflt":68078}
ak2: [2026-10-06T16:42:33Z] drop_caches done; next phase is cold
ak2-phase	2026-10-06T16:42:33Z	1791304953	lb-2-scan-pe-cold	yes
loadbench: 2-scan-pe-cold {"wall_s":61.311595,"load_s":60.370512,"classify_s":0.918,"tail_s":0.022434,"minflt":46282}
ak2-phase	2026-10-06T16:43:35Z	1791305015	lb-2-scan-pe-warm	no
loadbench: 2-scan-pe-warm {"wall_s":0.43383,"load_s":0.181497,"classify_s":0.228,"tail_s":0.024527,"minflt":69599}
ak2: [2026-10-06T16:43:36Z] drop_caches done; next phase is cold
ak2-phase	2026-10-06T16:43:36Z	1791305016	lb-2-recycle-pe-cold	yes
loadbench: 2-recycle-pe-cold {"wall_s":61.188366,"load_s":60.247264,"classify_s":0.919,"tail_s":0.020881,"minflt":40333}
ak2-phase	2026-10-06T16:44:38Z	1791305078	lb-2-recycle-pe-warm	no
loadbench: 2-recycle-pe-warm {"wall_s":0.414628,"load_s":0.163907,"classify_s":0.224,"tail_s":0.026198,"minflt":69639}
ak2: [2026-10-06T16:44:39Z] drop_caches done; next phase is cold
ak2-phase	2026-10-06T16:44:39Z	1791305079	lb-2-rc-pe-cold	yes
loadbench: 2-rc-pe-cold {"wall_s":61.190648,"load_s":60.260724,"classify_s":0.907,"tail_s":0.021851,"minflt":46129}
ak2-phase	2026-10-06T16:45:41Z	1791305141	lb-2-rc-pe-warm	no
loadbench: 2-rc-pe-warm {"wall_s":0.405629,"load_s":0.16615,"classify_s":0.214,"tail_s":0.025338,"minflt":70322}
ak2: [2026-10-06T16:45:42Z] drop_caches done; next phase is cold
ak2-phase	2026-10-06T16:45:42Z	1791305142	lb-2-matesize-pe-cold	yes
loadbench: 2-matesize-pe-cold {"wall_s":61.194877,"load_s":60.260947,"classify_s":0.912,"tail_s":0.021454,"minflt":45174}
ak2-phase	2026-10-06T16:46:44Z	1791305204	lb-2-matesize-pe-warm	no
loadbench: 2-matesize-pe-warm {"wall_s":0.386809,"load_s":0.16195,"classify_s":0.2,"tail_s":0.024689,"minflt":65633}
ak2: [2026-10-06T16:46:45Z] drop_caches done; next phase is cold
ak2-phase	2026-10-06T16:46:45Z	1791305205	lb-2-batch-pe-cold	yes
loadbench: 2-batch-pe-cold {"wall_s":61.255982,"load_s":60.32854,"classify_s":0.907,"tail_s":0.019692,"minflt":38828}
ak2-phase	2026-10-06T16:47:47Z	1791305267	lb-2-batch-pe-warm	no
loadbench: 2-batch-pe-warm {"wall_s":0.385842,"load_s":0.162297,"classify_s":0.199,"tail_s":0.024768,"minflt":65937}
ak2: [2026-10-06T16:47:48Z] drop_caches done; next phase is cold
ak2-phase	2026-10-06T16:47:48Z	1791305268	lb-2-final-pe-cold	yes
loadbench: 2-final-pe-cold {"wall_s":61.269955,"load_s":60.336536,"classify_s":0.91,"tail_s":0.022268,"minflt":43868}
ak2-phase	2026-10-06T16:48:50Z	1791305330	lb-2-final-pe-warm	no
loadbench: 2-final-pe-warm {"wall_s":0.392812,"load_s":0.171364,"classify_s":0.196,"tail_s":0.024872,"minflt":64629}
ak2: [2026-10-06T16:48:51Z] drop_caches done; next phase is cold
ak2-phase	2026-10-06T16:48:51Z	1791305331	lb-2-final-aa-pe-cold	yes
loadbench: 2-final-aa-pe-cold {"wall_s":61.264581,"load_s":60.33627,"classify_s":0.906,"tail_s":0.021524,"minflt":41876}
ak2-phase	2026-10-06T16:49:53Z	1791305393	lb-2-final-aa-pe-warm	no
loadbench: 2-final-aa-pe-warm {"wall_s":0.382067,"load_s":0.162058,"classify_s":0.195,"tail_s":0.024693,"minflt":62602}
ak2: [2026-10-06T16:49:54Z] drop_caches done; next phase is cold
ak2-phase	2026-10-06T16:49:54Z	1791305394	lb-2-upstream-pe-cold	yes
loadbench: 2-upstream-pe-cold {"wall_s":61.407542,"load_s":60.444096,"classify_s":0.947,"tail_s":0.016754,"minflt":49564}
ak2-phase	2026-10-06T16:50:56Z	1791305456	lb-2-upstream-pe-warm	no
loadbench: 2-upstream-pe-warm {"wall_s":0.424909,"load_s":0.189819,"classify_s":0.219,"tail_s":0.015676,"minflt":50596}
ak2: [2026-10-06T16:50:57Z] drop_caches done; next phase is cold
ak2-phase	2026-10-06T16:50:57Z	1791305457	lb-3-thp-pe-cold	yes
loadbench: 3-thp-pe-cold {"wall_s":61.309081,"load_s":60.323705,"classify_s":0.962,"tail_s":0.022291,"minflt":46390}
ak2-phase	2026-10-06T16:51:59Z	1791305519	lb-3-thp-pe-warm	no
loadbench: 3-thp-pe-warm {"wall_s":0.458785,"load_s":0.159254,"classify_s":0.274,"tail_s":0.024962,"minflt":65944}
ak2: [2026-10-06T16:52:00Z] drop_caches done; next phase is cold
ak2-phase	2026-10-06T16:52:00Z	1791305520	lb-3-fill-pe-cold	yes
loadbench: 3-fill-pe-cold {"wall_s":61.31504,"load_s":60.330438,"classify_s":0.961,"tail_s":0.021645,"minflt":45232}
ak2-phase	2026-10-06T16:53:02Z	1791305582	lb-3-fill-pe-warm	no
loadbench: 3-fill-pe-warm {"wall_s":0.520078,"load_s":0.192549,"classify_s":0.301,"tail_s":0.026203,"minflt":66662}
ak2: [2026-10-06T16:53:03Z] drop_caches done; next phase is cold
ak2-phase	2026-10-06T16:53:03Z	1791305583	lb-3-scan-pe-cold	yes
loadbench: 3-scan-pe-cold {"wall_s":61.272916,"load_s":60.332066,"classify_s":0.917,"tail_s":0.022539,"minflt":45357}
ak2-phase	2026-10-06T16:54:05Z	1791305645	lb-3-scan-pe-warm	no
loadbench: 3-scan-pe-warm {"wall_s":0.420111,"load_s":0.171294,"classify_s":0.224,"tail_s":0.02489,"minflt":66405}
ak2: [2026-10-06T16:54:07Z] drop_caches done; next phase is cold
ak2-phase	2026-10-06T16:54:07Z	1791305647	lb-3-recycle-pe-cold	yes
loadbench: 3-recycle-pe-cold {"wall_s":61.324805,"load_s":60.383665,"classify_s":0.918,"tail_s":0.021957,"minflt":45155}
ak2-phase	2026-10-06T16:55:09Z	1791305709	lb-3-recycle-pe-warm	no
loadbench: 3-recycle-pe-warm {"wall_s":0.415989,"load_s":0.163895,"classify_s":0.226,"tail_s":0.025682,"minflt":71904}
ak2: [2026-10-06T16:55:10Z] drop_caches done; next phase is cold
ak2-phase	2026-10-06T16:55:10Z	1791305710	lb-3-rc-pe-cold	yes
loadbench: 3-rc-pe-cold {"wall_s":61.200222,"load_s":60.267148,"classify_s":0.91,"tail_s":0.021883,"minflt":44572}
ak2-phase	2026-10-06T16:56:12Z	1791305772	lb-3-rc-pe-warm	no
loadbench: 3-rc-pe-warm {"wall_s":0.420991,"load_s":0.17501,"classify_s":0.217,"tail_s":0.028496,"minflt":68928}
ak2: [2026-10-06T16:56:13Z] drop_caches done; next phase is cold
ak2-phase	2026-10-06T16:56:13Z	1791305773	lb-3-matesize-pe-cold	yes
loadbench: 3-matesize-pe-cold {"wall_s":61.152713,"load_s":60.217375,"classify_s":0.913,"tail_s":0.021221,"minflt":41626}
ak2-phase	2026-10-06T16:57:15Z	1791305835	lb-3-matesize-pe-warm	no
loadbench: 3-matesize-pe-warm {"wall_s":0.384263,"load_s":0.160752,"classify_s":0.198,"tail_s":0.02548,"minflt":66812}
ak2: [2026-10-06T16:57:16Z] drop_caches done; next phase is cold
ak2-phase	2026-10-06T16:57:16Z	1791305836	lb-3-batch-pe-cold	yes
loadbench: 3-batch-pe-cold {"wall_s":61.257339,"load_s":60.330352,"classify_s":0.906,"tail_s":0.019801,"minflt":36181}
ak2-phase	2026-10-06T16:58:18Z	1791305898	lb-3-batch-pe-warm	no
loadbench: 3-batch-pe-warm {"wall_s":0.384653,"load_s":0.160631,"classify_s":0.2,"tail_s":0.024033,"minflt":66476}
ak2: [2026-10-06T16:58:19Z] drop_caches done; next phase is cold
ak2-phase	2026-10-06T16:58:19Z	1791305899	lb-3-final-pe-cold	yes
loadbench: 3-final-pe-cold {"wall_s":61.302853,"load_s":60.372096,"classify_s":0.909,"tail_s":0.021257,"minflt":44089}
ak2-phase	2026-10-06T16:59:21Z	1791305961	lb-3-final-pe-warm	no
loadbench: 3-final-pe-warm {"wall_s":0.39434,"load_s":0.162809,"classify_s":0.207,"tail_s":0.024241,"minflt":62673}
ak2: [2026-10-06T16:59:22Z] drop_caches done; next phase is cold
ak2-phase	2026-10-06T16:59:22Z	1791305962	lb-3-final-aa-pe-cold	yes
loadbench: 3-final-aa-pe-cold {"wall_s":61.139582,"load_s":60.209647,"classify_s":0.907,"tail_s":0.021251,"minflt":42041}
ak2-phase	2026-10-06T17:00:24Z	1791306024	lb-3-final-aa-pe-warm	no
loadbench: 3-final-aa-pe-warm {"wall_s":0.383737,"load_s":0.162737,"classify_s":0.197,"tail_s":0.023905,"minflt":64525}
ak2: [2026-10-06T17:00:25Z] drop_caches done; next phase is cold
ak2-phase	2026-10-06T17:00:25Z	1791306025	lb-3-upstream-pe-cold	yes
loadbench: 3-upstream-pe-cold {"wall_s":61.340148,"load_s":60.3772,"classify_s":0.946,"tail_s":0.017315,"minflt":49563}
ak2-phase	2026-10-06T17:01:27Z	1791306087	lb-3-upstream-pe-warm	no
loadbench: 3-upstream-pe-warm {"wall_s":0.414883,"load_s":0.178309,"classify_s":0.22,"tail_s":0.016051,"minflt":50601}
ak2: [2026-10-06T17:01:28Z] drop_caches done; next phase is cold
ak2-phase	2026-10-06T17:01:28Z	1791306088	lb-3-base-pe-cold	yes
loadbench: 3-base-pe-cold {"wall_s":61.686151,"load_s":60.327808,"classify_s":0.972,"tail_s":0.384275,"minflt":1992508}
ak2-phase	2026-10-06T17:02:30Z	1791306150	lb-3-base-pe-warm	no
loadbench: 3-base-pe-warm {"wall_s":1.099475,"load_s":0.414337,"classify_s":0.293,"tail_s":0.391853,"minflt":2015238}
ak2-phase	2026-10-06T17:02:32Z	1791306152	lb-4-fill-pe-warm	no
loadbench: 4-fill-pe-warm {"wall_s":0.484121,"load_s":0.169806,"classify_s":0.288,"tail_s":0.026551,"minflt":67075}
ak2-phase	2026-10-06T17:02:33Z	1791306153	lb-4-scan-pe-warm	no
loadbench: 4-scan-pe-warm {"wall_s":0.417783,"load_s":0.173473,"classify_s":0.221,"tail_s":0.023513,"minflt":65857}
ak2-phase	2026-10-06T17:02:34Z	1791306154	lb-4-recycle-pe-warm	no
loadbench: 4-recycle-pe-warm {"wall_s":0.424799,"load_s":0.170185,"classify_s":0.23,"tail_s":0.024834,"minflt":69977}
ak2-phase	2026-10-06T17:02:35Z	1791306155	lb-4-rc-pe-warm	no
loadbench: 4-rc-pe-warm {"wall_s":0.425329,"load_s":0.173599,"classify_s":0.222,"tail_s":0.029154,"minflt":70729}
ak2-phase	2026-10-06T17:02:36Z	1791306156	lb-4-matesize-pe-warm	no
loadbench: 4-matesize-pe-warm {"wall_s":0.399226,"load_s":0.17254,"classify_s":0.201,"tail_s":0.02601,"minflt":66202}
ak2-phase	2026-10-06T17:02:37Z	1791306157	lb-4-batch-pe-warm	no
loadbench: 4-batch-pe-warm {"wall_s":0.398118,"load_s":0.172538,"classify_s":0.197,"tail_s":0.028304,"minflt":65985}
ak2-phase	2026-10-06T17:02:38Z	1791306158	lb-4-final-pe-warm	no
loadbench: 4-final-pe-warm {"wall_s":0.392736,"load_s":0.168494,"classify_s":0.199,"tail_s":0.025225,"minflt":64629}
ak2-phase	2026-10-06T17:02:39Z	1791306159	lb-4-final-aa-pe-warm	no
loadbench: 4-final-aa-pe-warm {"wall_s":0.375418,"load_s":0.154679,"classify_s":0.197,"tail_s":0.023957,"minflt":64430}
ak2-phase	2026-10-06T17:02:40Z	1791306160	lb-4-upstream-pe-warm	no
loadbench: 4-upstream-pe-warm {"wall_s":0.455748,"load_s":0.218509,"classify_s":0.22,"tail_s":0.017145,"minflt":50578}
ak2-phase	2026-10-06T17:02:41Z	1791306161	lb-4-base-pe-warm	no
loadbench: 4-base-pe-warm {"wall_s":1.186467,"load_s":0.498463,"classify_s":0.291,"tail_s":0.39646,"minflt":2016812}
ak2-phase	2026-10-06T17:02:43Z	1791306163	lb-4-thp-pe-warm	no
loadbench: 4-thp-pe-warm {"wall_s":0.491616,"load_s":0.169218,"classify_s":0.294,"tail_s":0.028495,"minflt":68604}
ak2-phase	2026-10-06T17:02:44Z	1791306164	lb-5-scan-pe-warm	no
loadbench: 5-scan-pe-warm {"wall_s":0.399785,"load_s":0.152564,"classify_s":0.222,"tail_s":0.024816,"minflt":70477}
ak2-phase	2026-10-06T17:02:45Z	1791306165	lb-5-recycle-pe-warm	no
loadbench: 5-recycle-pe-warm {"wall_s":0.402854,"load_s":0.153867,"classify_s":0.223,"tail_s":0.025855,"minflt":69008}
ak2-phase	2026-10-06T17:02:46Z	1791306166	lb-5-rc-pe-warm	no
loadbench: 5-rc-pe-warm {"wall_s":0.394747,"load_s":0.152725,"classify_s":0.217,"tail_s":0.025304,"minflt":69924}
ak2-phase	2026-10-06T17:02:47Z	1791306167	lb-5-matesize-pe-warm	no
loadbench: 5-matesize-pe-warm {"wall_s":0.397288,"load_s":0.167526,"classify_s":0.205,"tail_s":0.024484,"minflt":68074}
ak2-phase	2026-10-06T17:02:48Z	1791306168	lb-5-batch-pe-warm	no
loadbench: 5-batch-pe-warm {"wall_s":0.376559,"load_s":0.154444,"classify_s":0.196,"tail_s":0.025708,"minflt":65078}
ak2-phase	2026-10-06T17:02:48Z	1791306168	lb-5-final-pe-warm	no
loadbench: 5-final-pe-warm {"wall_s":0.37775,"load_s":0.152743,"classify_s":0.198,"tail_s":0.026636,"minflt":62672}
ak2-phase	2026-10-06T17:02:49Z	1791306169	lb-5-final-aa-pe-warm	no
loadbench: 5-final-aa-pe-warm {"wall_s":0.377379,"load_s":0.153418,"classify_s":0.2,"tail_s":0.023793,"minflt":62923}
ak2-phase	2026-10-06T17:02:51Z	1791306171	lb-5-upstream-pe-warm	no
loadbench: 5-upstream-pe-warm {"wall_s":0.406343,"load_s":0.170251,"classify_s":0.221,"tail_s":0.015465,"minflt":50630}
ak2-phase	2026-10-06T17:02:52Z	1791306172	lb-5-base-pe-warm	no
loadbench: 5-base-pe-warm {"wall_s":1.133418,"load_s":0.445008,"classify_s":0.292,"tail_s":0.396039,"minflt":2017191}
ak2-phase	2026-10-06T17:02:53Z	1791306173	lb-5-thp-pe-warm	no
loadbench: 5-thp-pe-warm {"wall_s":0.493627,"load_s":0.164353,"classify_s":0.302,"tail_s":0.027135,"minflt":67673}
ak2-phase	2026-10-06T17:02:54Z	1791306174	lb-5-fill-pe-warm	no
loadbench: 5-fill-pe-warm {"wall_s":0.459975,"load_s":0.158886,"classify_s":0.272,"tail_s":0.029291,"minflt":68449}
ak2-phase	2026-10-06T17:02:55Z	1791306175	lb-6-recycle-pe-warm	no
loadbench: 6-recycle-pe-warm {"wall_s":0.415495,"load_s":0.163969,"classify_s":0.224,"tail_s":0.027003,"minflt":70551}
ak2-phase	2026-10-06T17:02:56Z	1791306176	lb-6-rc-pe-warm	no
loadbench: 6-rc-pe-warm {"wall_s":0.395563,"load_s":0.151404,"classify_s":0.218,"tail_s":0.026052,"minflt":69060}
ak2-phase	2026-10-06T17:02:57Z	1791306177	lb-6-matesize-pe-warm	no
loadbench: 6-matesize-pe-warm {"wall_s":0.377802,"load_s":0.154998,"classify_s":0.197,"tail_s":0.025354,"minflt":66076}
ak2-phase	2026-10-06T17:02:58Z	1791306178	lb-6-batch-pe-warm	no
loadbench: 6-batch-pe-warm {"wall_s":0.381416,"load_s":0.151903,"classify_s":0.203,"tail_s":0.026637,"minflt":67559}
ak2-phase	2026-10-06T17:02:59Z	1791306179	lb-6-final-pe-warm	no
loadbench: 6-final-pe-warm {"wall_s":0.390367,"load_s":0.161053,"classify_s":0.203,"tail_s":0.025836,"minflt":64787}
ak2-phase	2026-10-06T17:03:00Z	1791306180	lb-6-final-aa-pe-warm	no
loadbench: 6-final-aa-pe-warm {"wall_s":0.384822,"load_s":0.159594,"classify_s":0.2,"tail_s":0.024958,"minflt":63961}
ak2-phase	2026-10-06T17:03:01Z	1791306181	lb-6-upstream-pe-warm	no
loadbench: 6-upstream-pe-warm {"wall_s":0.415359,"load_s":0.17705,"classify_s":0.222,"tail_s":0.016729,"minflt":50601}
ak2-phase	2026-10-06T17:03:02Z	1791306182	lb-6-base-pe-warm	no
loadbench: 6-base-pe-warm {"wall_s":1.088599,"load_s":0.401855,"classify_s":0.283,"tail_s":0.403359,"minflt":2016998}
ak2-phase	2026-10-06T17:03:04Z	1791306184	lb-6-thp-pe-warm	no
loadbench: 6-thp-pe-warm {"wall_s":0.481596,"load_s":0.157494,"classify_s":0.297,"tail_s":0.027136,"minflt":68932}
ak2-phase	2026-10-06T17:03:05Z	1791306185	lb-6-fill-pe-warm	no
loadbench: 6-fill-pe-warm {"wall_s":0.48438,"load_s":0.1749,"classify_s":0.284,"tail_s":0.025267,"minflt":67720}
ak2-phase	2026-10-06T17:03:06Z	1791306186	lb-6-scan-pe-warm	no
loadbench: 6-scan-pe-warm {"wall_s":0.407455,"load_s":0.156705,"classify_s":0.225,"tail_s":0.025974,"minflt":67820}
ak2-phase	2026-10-06T17:03:07Z	1791306187	lb-7-rc-pe-warm	no
loadbench: 7-rc-pe-warm {"wall_s":0.405753,"load_s":0.162517,"classify_s":0.218,"tail_s":0.024876,"minflt":66647}
ak2-phase	2026-10-06T17:03:08Z	1791306188	lb-7-matesize-pe-warm	no
loadbench: 7-matesize-pe-warm {"wall_s":0.38127,"load_s":0.154066,"classify_s":0.202,"tail_s":0.025127,"minflt":65649}
ak2-phase	2026-10-06T17:03:09Z	1791306189	lb-7-batch-pe-warm	no
loadbench: 7-batch-pe-warm {"wall_s":0.381848,"load_s":0.155714,"classify_s":0.199,"tail_s":0.027329,"minflt":65798}
ak2-phase	2026-10-06T17:03:10Z	1791306190	lb-7-final-pe-warm	no
loadbench: 7-final-pe-warm {"wall_s":0.377897,"load_s":0.156436,"classify_s":0.196,"tail_s":0.024894,"minflt":63451}
ak2-phase	2026-10-06T17:03:11Z	1791306191	lb-7-final-aa-pe-warm	no
loadbench: 7-final-aa-pe-warm {"wall_s":0.402712,"load_s":0.16997,"classify_s":0.207,"tail_s":0.025304,"minflt":63489}
ak2-phase	2026-10-06T17:03:12Z	1791306192	lb-7-upstream-pe-warm	no
loadbench: 7-upstream-pe-warm {"wall_s":0.405736,"load_s":0.171166,"classify_s":0.218,"tail_s":0.016542,"minflt":50596}
ak2-phase	2026-10-06T17:03:13Z	1791306193	lb-7-base-pe-warm	no
loadbench: 7-base-pe-warm {"wall_s":1.131969,"load_s":0.439856,"classify_s":0.296,"tail_s":0.395643,"minflt":2015698}
ak2-phase	2026-10-06T17:03:15Z	1791306195	lb-7-thp-pe-warm	no
loadbench: 7-thp-pe-warm {"wall_s":0.470239,"load_s":0.155021,"classify_s":0.288,"tail_s":0.027014,"minflt":67786}
ak2-phase	2026-10-06T17:03:16Z	1791306196	lb-7-fill-pe-warm	no
loadbench: 7-fill-pe-warm {"wall_s":0.460351,"load_s":0.155626,"classify_s":0.281,"tail_s":0.023726,"minflt":67776}
ak2-phase	2026-10-06T17:03:17Z	1791306197	lb-7-scan-pe-warm	no
loadbench: 7-scan-pe-warm {"wall_s":0.402275,"load_s":0.152866,"classify_s":0.226,"tail_s":0.023718,"minflt":63325}
ak2-phase	2026-10-06T17:03:18Z	1791306198	lb-7-recycle-pe-warm	no
loadbench: 7-recycle-pe-warm {"wall_s":0.433902,"load_s":0.176175,"classify_s":0.229,"tail_s":0.028759,"minflt":70699}
ak2-phase	2026-10-06T17:03:18Z	1791306198	lb-8-matesize-pe-warm	no
loadbench: 8-matesize-pe-warm {"wall_s":0.380239,"load_s":0.153326,"classify_s":0.201,"tail_s":0.025817,"minflt":65478}
ak2-phase	2026-10-06T17:03:19Z	1791306199	lb-8-batch-pe-warm	no
loadbench: 8-batch-pe-warm {"wall_s":0.38967,"load_s":0.15871,"classify_s":0.202,"tail_s":0.028391,"minflt":67123}
ak2-phase	2026-10-06T17:03:20Z	1791306200	lb-8-final-pe-warm	no
loadbench: 8-final-pe-warm {"wall_s":0.384213,"load_s":0.159736,"classify_s":0.198,"tail_s":0.02591,"minflt":61673}
ak2-phase	2026-10-06T17:03:21Z	1791306201	lb-8-final-aa-pe-warm	no
loadbench: 8-final-aa-pe-warm {"wall_s":0.374299,"load_s":0.154256,"classify_s":0.196,"tail_s":0.023843,"minflt":58864}
ak2-phase	2026-10-06T17:03:22Z	1791306202	lb-8-upstream-pe-warm	no
loadbench: 8-upstream-pe-warm {"wall_s":0.404903,"load_s":0.169579,"classify_s":0.22,"tail_s":0.015262,"minflt":50632}
ak2-phase	2026-10-06T17:03:23Z	1791306203	lb-8-base-pe-warm	no
loadbench: 8-base-pe-warm {"wall_s":1.168493,"load_s":0.473081,"classify_s":0.299,"tail_s":0.395928,"minflt":2017597}
ak2-phase	2026-10-06T17:03:25Z	1791306205	lb-8-thp-pe-warm	no
loadbench: 8-thp-pe-warm {"wall_s":0.462392,"load_s":0.156104,"classify_s":0.279,"tail_s":0.027403,"minflt":66742}
ak2-phase	2026-10-06T17:03:26Z	1791306206	lb-8-fill-pe-warm	no
loadbench: 8-fill-pe-warm {"wall_s":0.454849,"load_s":0.155509,"classify_s":0.273,"tail_s":0.025946,"minflt":68245}
ak2-phase	2026-10-06T17:03:27Z	1791306207	lb-8-scan-pe-warm	no
loadbench: 8-scan-pe-warm {"wall_s":0.403553,"load_s":0.156804,"classify_s":0.221,"tail_s":0.025181,"minflt":65536}
ak2-phase	2026-10-06T17:03:28Z	1791306208	lb-8-recycle-pe-warm	no
loadbench: 8-recycle-pe-warm {"wall_s":0.40578,"load_s":0.153148,"classify_s":0.225,"tail_s":0.027161,"minflt":68309}
ak2-phase	2026-10-06T17:03:29Z	1791306209	lb-8-rc-pe-warm	no
loadbench: 8-rc-pe-warm {"wall_s":0.404711,"load_s":0.154424,"classify_s":0.22,"tail_s":0.029655,"minflt":70211}
ak2-phase	2026-10-06T17:03:30Z	1791306210	lb-9-batch-pe-warm	no
loadbench: 9-batch-pe-warm {"wall_s":0.40026,"load_s":0.171321,"classify_s":0.202,"tail_s":0.027128,"minflt":66065}
ak2-phase	2026-10-06T17:03:31Z	1791306211	lb-9-final-pe-warm	no
loadbench: 9-final-pe-warm {"wall_s":0.388059,"load_s":0.15436,"classify_s":0.208,"tail_s":0.025343,"minflt":62751}
ak2-phase	2026-10-06T17:03:32Z	1791306212	lb-9-final-aa-pe-warm	no
loadbench: 9-final-aa-pe-warm {"wall_s":0.379751,"load_s":0.157907,"classify_s":0.198,"tail_s":0.023837,"minflt":59520}
ak2-phase	2026-10-06T17:03:33Z	1791306213	lb-9-upstream-pe-warm	no
loadbench: 9-upstream-pe-warm {"wall_s":0.406367,"load_s":0.169816,"classify_s":0.22,"tail_s":0.016278,"minflt":50595}
ak2-phase	2026-10-06T17:03:34Z	1791306214	lb-9-base-pe-warm	no
loadbench: 9-base-pe-warm {"wall_s":1.135429,"load_s":0.441396,"classify_s":0.293,"tail_s":0.401387,"minflt":2017203}
ak2-phase	2026-10-06T17:03:36Z	1791306216	lb-9-thp-pe-warm	no
loadbench: 9-thp-pe-warm {"wall_s":0.454227,"load_s":0.162957,"classify_s":0.266,"tail_s":0.025332,"minflt":67565}
ak2-phase	2026-10-06T17:03:37Z	1791306217	lb-9-fill-pe-warm	no
loadbench: 9-fill-pe-warm {"wall_s":0.456559,"load_s":0.153811,"classify_s":0.277,"tail_s":0.026015,"minflt":66808}
ak2-phase	2026-10-06T17:03:38Z	1791306218	lb-9-scan-pe-warm	no
loadbench: 9-scan-pe-warm {"wall_s":0.398745,"load_s":0.153452,"classify_s":0.221,"tail_s":0.023802,"minflt":66153}
ak2-phase	2026-10-06T17:03:39Z	1791306219	lb-9-recycle-pe-warm	no
loadbench: 9-recycle-pe-warm {"wall_s":0.41633,"load_s":0.154402,"classify_s":0.237,"tail_s":0.024761,"minflt":68527}
ak2-phase	2026-10-06T17:03:39Z	1791306219	lb-9-rc-pe-warm	no
loadbench: 9-rc-pe-warm {"wall_s":0.399807,"load_s":0.158705,"classify_s":0.214,"tail_s":0.026861,"minflt":67817}
ak2-phase	2026-10-06T17:03:40Z	1791306220	lb-9-matesize-pe-warm	no
loadbench: 9-matesize-pe-warm {"wall_s":0.376631,"load_s":0.154174,"classify_s":0.199,"tail_s":0.02359,"minflt":66518}
ak2-phase	2026-10-06T17:03:41Z	1791306221	lb-10-final-pe-warm	no
loadbench: 10-final-pe-warm {"wall_s":0.379447,"load_s":0.157122,"classify_s":0.197,"tail_s":0.02549,"minflt":65024}
ak2-phase	2026-10-06T17:03:42Z	1791306222	lb-10-final-aa-pe-warm	no
loadbench: 10-final-aa-pe-warm {"wall_s":0.399504,"load_s":0.169622,"classify_s":0.205,"tail_s":0.024386,"minflt":64621}
ak2-phase	2026-10-06T17:03:43Z	1791306223	lb-10-upstream-pe-warm	no
loadbench: 10-upstream-pe-warm {"wall_s":0.408626,"load_s":0.171609,"classify_s":0.221,"tail_s":0.015754,"minflt":50633}
ak2-phase	2026-10-06T17:03:44Z	1791306224	lb-10-base-pe-warm	no
loadbench: 10-base-pe-warm {"wall_s":1.122767,"load_s":0.441311,"classify_s":0.282,"tail_s":0.399224,"minflt":2015775}
ak2-phase	2026-10-06T17:03:46Z	1791306226	lb-10-thp-pe-warm	no
loadbench: 10-thp-pe-warm {"wall_s":0.465783,"load_s":0.153325,"classify_s":0.286,"tail_s":0.0263,"minflt":66262}
ak2-phase	2026-10-06T17:03:47Z	1791306227	lb-10-fill-pe-warm	no
loadbench: 10-fill-pe-warm {"wall_s":0.455345,"load_s":0.152835,"classify_s":0.277,"tail_s":0.025169,"minflt":68784}
ak2-phase	2026-10-06T17:03:48Z	1791306228	lb-10-scan-pe-warm	no
loadbench: 10-scan-pe-warm {"wall_s":0.408441,"load_s":0.156721,"classify_s":0.228,"tail_s":0.023635,"minflt":67408}
ak2-phase	2026-10-06T17:03:49Z	1791306229	lb-10-recycle-pe-warm	no
loadbench: 10-recycle-pe-warm {"wall_s":0.39613,"load_s":0.154492,"classify_s":0.217,"tail_s":0.024266,"minflt":68714}
ak2-phase	2026-10-06T17:03:50Z	1791306230	lb-10-rc-pe-warm	no
loadbench: 10-rc-pe-warm {"wall_s":0.38953,"load_s":0.154159,"classify_s":0.211,"tail_s":0.024375,"minflt":67821}
ak2-phase	2026-10-06T17:03:51Z	1791306231	lb-10-matesize-pe-warm	no
loadbench: 10-matesize-pe-warm {"wall_s":0.377323,"load_s":0.153867,"classify_s":0.199,"tail_s":0.024629,"minflt":66584}
ak2-phase	2026-10-06T17:03:52Z	1791306232	lb-10-batch-pe-warm	no
loadbench: 10-batch-pe-warm {"wall_s":0.37325,"load_s":0.153959,"classify_s":0.195,"tail_s":0.024045,"minflt":66233}
ak2: [2026-10-06T17:03:53Z] drop_caches done; next phase is cold
ak2-phase	2026-10-06T17:03:53Z	1791306233	lb-perf-upstream-pe-cold	yes
loadbench: perf stat upstream-pe-cold rc=0
ak2-phase	2026-10-06T17:04:54Z	1791306294	lb-perf-upstream-pe-warm	no
loadbench: perf stat upstream-pe-warm rc=0
ak2: [2026-10-06T17:04:55Z] drop_caches done; next phase is cold
ak2-phase	2026-10-06T17:04:55Z	1791306295	lb-perf-base-pe-cold	yes
loadbench: perf stat base-pe-cold rc=0
ak2: [2026-10-06T17:05:57Z] drop_caches done; next phase is cold
ak2-phase	2026-10-06T17:05:57Z	1791306357	lb-pprof-base-pe-cold	yes
loadbench: pprof base-pe-cold rc=0
ak2-phase	2026-10-06T17:07:09Z	1791306429	lb-perf-base-pe-warm	no
loadbench: perf stat base-pe-warm rc=0
ak2-phase	2026-10-06T17:07:10Z	1791306430	lb-pprof-base-pe-warm	no
loadbench: pprof base-pe-warm rc=0
ak2: [2026-10-06T17:07:11Z] drop_caches done; next phase is cold
ak2-phase	2026-10-06T17:07:11Z	1791306431	lb-perf-final-pe-cold	yes
loadbench: perf stat final-pe-cold rc=0
ak2: [2026-10-06T17:08:14Z] drop_caches done; next phase is cold
ak2-phase	2026-10-06T17:08:14Z	1791306494	lb-pprof-final-pe-cold	yes
loadbench: pprof final-pe-cold rc=0
ak2-phase	2026-10-06T17:09:17Z	1791306557	lb-perf-final-pe-warm	no
loadbench: perf stat final-pe-warm rc=0
ak2-phase	2026-10-06T17:09:17Z	1791306557	lb-pprof-final-pe-warm	no
loadbench: pprof final-pe-warm rc=0
ak2: [2026-10-06T17:09:19Z] pushed out/loadbench-k2_standard_08_GB_20260626-t8-20261006T155136Z/runs.tsv
ak2: [2026-10-06T17:09:20Z] pushed out/loadbench-k2_standard_08_GB_20260626-t8-20261006T155136Z/summary.tsv
ak2: [2026-10-06T17:09:20Z] pushed out/loadbench-k2_standard_08_GB_20260626-t8-20261006T155136Z/timings.tsv
ak2: [2026-10-06T17:09:21Z] pushed out/loadbench-k2_standard_08_GB_20260626-t8-20261006T155136Z/manifest.json
ak2: [2026-10-06T17:09:21Z] pushed out/loadbench-k2_standard_08_GB_20260626-t8-20261006T155136Z/summary.md
ak2: [2026-10-06T17:09:22Z] pushed out/loadbench-k2_standard_08_GB_20260626-t8-20261006T155136Z/stderr/1-base-empty-cold.txt
ak2: [2026-10-06T17:09:22Z] pushed out/loadbench-k2_standard_08_GB_20260626-t8-20261006T155136Z/stderr/1-base-empty-warm.txt
ak2: [2026-10-06T17:09:23Z] pushed out/loadbench-k2_standard_08_GB_20260626-t8-20261006T155136Z/stderr/1-base-pe-cold.txt
ak2: [2026-10-06T17:09:23Z] pushed out/loadbench-k2_standard_08_GB_20260626-t8-20261006T155136Z/stderr/1-base-pe-warm.txt
ak2: [2026-10-06T17:09:24Z] pushed out/loadbench-k2_standard_08_GB_20260626-t8-20261006T155136Z/stderr/1-batch-empty-cold.txt
ak2: [2026-10-06T17:09:24Z] pushed out/loadbench-k2_standard_08_GB_20260626-t8-20261006T155136Z/stderr/1-batch-empty-warm.txt
ak2: [2026-10-06T17:09:25Z] pushed out/loadbench-k2_standard_08_GB_20260626-t8-20261006T155136Z/stderr/1-batch-pe-cold.txt
ak2: [2026-10-06T17:09:25Z] pushed out/loadbench-k2_standard_08_GB_20260626-t8-20261006T155136Z/stderr/1-batch-pe-warm.txt
ak2: [2026-10-06T17:09:26Z] pushed out/loadbench-k2_standard_08_GB_20260626-t8-20261006T155136Z/stderr/1-fill-empty-cold.txt
ak2: [2026-10-06T17:09:26Z] pushed out/loadbench-k2_standard_08_GB_20260626-t8-20261006T155136Z/stderr/1-fill-empty-warm.txt
ak2: [2026-10-06T17:09:27Z] pushed out/loadbench-k2_standard_08_GB_20260626-t8-20261006T155136Z/stderr/1-fill-pe-cold.txt
ak2: [2026-10-06T17:09:27Z] pushed out/loadbench-k2_standard_08_GB_20260626-t8-20261006T155136Z/stderr/1-fill-pe-warm.txt
ak2: [2026-10-06T17:09:28Z] pushed out/loadbench-k2_standard_08_GB_20260626-t8-20261006T155136Z/stderr/1-final-aa-empty-cold.txt
ak2: [2026-10-06T17:09:28Z] pushed out/loadbench-k2_standard_08_GB_20260626-t8-20261006T155136Z/stderr/1-final-aa-empty-warm.txt
ak2: [2026-10-06T17:09:29Z] pushed out/loadbench-k2_standard_08_GB_20260626-t8-20261006T155136Z/stderr/1-final-aa-pe-cold.txt
ak2: [2026-10-06T17:09:29Z] pushed out/loadbench-k2_standard_08_GB_20260626-t8-20261006T155136Z/stderr/1-final-aa-pe-warm.txt
ak2: [2026-10-06T17:09:30Z] pushed out/loadbench-k2_standard_08_GB_20260626-t8-20261006T155136Z/stderr/1-final-empty-cold.txt
ak2: [2026-10-06T17:09:30Z] pushed out/loadbench-k2_standard_08_GB_20260626-t8-20261006T155136Z/stderr/1-final-empty-warm.txt
ak2: [2026-10-06T17:09:31Z] pushed out/loadbench-k2_standard_08_GB_20260626-t8-20261006T155136Z/stderr/1-final-pe-cold.txt
ak2: [2026-10-06T17:09:31Z] pushed out/loadbench-k2_standard_08_GB_20260626-t8-20261006T155136Z/stderr/1-final-pe-warm.txt
ak2: [2026-10-06T17:09:32Z] pushed out/loadbench-k2_standard_08_GB_20260626-t8-20261006T155136Z/stderr/1-matesize-empty-cold.txt
ak2: [2026-10-06T17:09:32Z] pushed out/loadbench-k2_standard_08_GB_20260626-t8-20261006T155136Z/stderr/1-matesize-empty-warm.txt
ak2: [2026-10-06T17:09:33Z] pushed out/loadbench-k2_standard_08_GB_20260626-t8-20261006T155136Z/stderr/1-matesize-pe-cold.txt
ak2: [2026-10-06T17:09:33Z] pushed out/loadbench-k2_standard_08_GB_20260626-t8-20261006T155136Z/stderr/1-matesize-pe-warm.txt
ak2: [2026-10-06T17:09:34Z] pushed out/loadbench-k2_standard_08_GB_20260626-t8-20261006T155136Z/stderr/1-rc-empty-cold.txt
ak2: [2026-10-06T17:09:34Z] pushed out/loadbench-k2_standard_08_GB_20260626-t8-20261006T155136Z/stderr/1-rc-empty-warm.txt
ak2: [2026-10-06T17:09:35Z] pushed out/loadbench-k2_standard_08_GB_20260626-t8-20261006T155136Z/stderr/1-rc-pe-cold.txt
ak2: [2026-10-06T17:09:35Z] pushed out/loadbench-k2_standard_08_GB_20260626-t8-20261006T155136Z/stderr/1-rc-pe-warm.txt
ak2: [2026-10-06T17:09:36Z] pushed out/loadbench-k2_standard_08_GB_20260626-t8-20261006T155136Z/stderr/1-recycle-empty-cold.txt
ak2: [2026-10-06T17:09:36Z] pushed out/loadbench-k2_standard_08_GB_20260626-t8-20261006T155136Z/stderr/1-recycle-empty-warm.txt
ak2: [2026-10-06T17:09:37Z] pushed out/loadbench-k2_standard_08_GB_20260626-t8-20261006T155136Z/stderr/1-recycle-pe-cold.txt
ak2: [2026-10-06T17:09:37Z] pushed out/loadbench-k2_standard_08_GB_20260626-t8-20261006T155136Z/stderr/1-recycle-pe-warm.txt
ak2: [2026-10-06T17:09:38Z] pushed out/loadbench-k2_standard_08_GB_20260626-t8-20261006T155136Z/stderr/1-scan-empty-cold.txt
ak2: [2026-10-06T17:09:38Z] pushed out/loadbench-k2_standard_08_GB_20260626-t8-20261006T155136Z/stderr/1-scan-empty-warm.txt
ak2: [2026-10-06T17:09:39Z] pushed out/loadbench-k2_standard_08_GB_20260626-t8-20261006T155136Z/stderr/1-scan-pe-cold.txt
ak2: [2026-10-06T17:09:39Z] pushed out/loadbench-k2_standard_08_GB_20260626-t8-20261006T155136Z/stderr/1-scan-pe-warm.txt
ak2: [2026-10-06T17:09:40Z] pushed out/loadbench-k2_standard_08_GB_20260626-t8-20261006T155136Z/stderr/1-thp-empty-cold.txt
ak2: [2026-10-06T17:09:40Z] pushed out/loadbench-k2_standard_08_GB_20260626-t8-20261006T155136Z/stderr/1-thp-empty-warm.txt
ak2: [2026-10-06T17:09:41Z] pushed out/loadbench-k2_standard_08_GB_20260626-t8-20261006T155136Z/stderr/1-thp-pe-cold.txt
ak2: [2026-10-06T17:09:41Z] pushed out/loadbench-k2_standard_08_GB_20260626-t8-20261006T155136Z/stderr/1-thp-pe-warm.txt
ak2: [2026-10-06T17:09:42Z] pushed out/loadbench-k2_standard_08_GB_20260626-t8-20261006T155136Z/stderr/1-upstream-empty-cold.txt
ak2: [2026-10-06T17:09:42Z] pushed out/loadbench-k2_standard_08_GB_20260626-t8-20261006T155136Z/stderr/1-upstream-empty-warm.txt
ak2: [2026-10-06T17:09:43Z] pushed out/loadbench-k2_standard_08_GB_20260626-t8-20261006T155136Z/stderr/1-upstream-pe-cold.txt
ak2: [2026-10-06T17:09:43Z] pushed out/loadbench-k2_standard_08_GB_20260626-t8-20261006T155136Z/stderr/1-upstream-pe-warm.txt
ak2: [2026-10-06T17:09:44Z] pushed out/loadbench-k2_standard_08_GB_20260626-t8-20261006T155136Z/stderr/10-base-empty-warm.txt
ak2: [2026-10-06T17:09:44Z] pushed out/loadbench-k2_standard_08_GB_20260626-t8-20261006T155136Z/stderr/10-base-pe-warm.txt
ak2: [2026-10-06T17:09:45Z] pushed out/loadbench-k2_standard_08_GB_20260626-t8-20261006T155136Z/stderr/10-batch-empty-warm.txt
ak2: [2026-10-06T17:09:45Z] pushed out/loadbench-k2_standard_08_GB_20260626-t8-20261006T155136Z/stderr/10-batch-pe-warm.txt
ak2: [2026-10-06T17:09:46Z] pushed out/loadbench-k2_standard_08_GB_20260626-t8-20261006T155136Z/stderr/10-fill-empty-warm.txt
ak2: [2026-10-06T17:09:46Z] pushed out/loadbench-k2_standard_08_GB_20260626-t8-20261006T155136Z/stderr/10-fill-pe-warm.txt
ak2: [2026-10-06T17:09:47Z] pushed out/loadbench-k2_standard_08_GB_20260626-t8-20261006T155136Z/stderr/10-final-aa-empty-warm.txt
ak2: [2026-10-06T17:09:47Z] pushed out/loadbench-k2_standard_08_GB_20260626-t8-20261006T155136Z/stderr/10-final-aa-pe-warm.txt
ak2: [2026-10-06T17:09:48Z] pushed out/loadbench-k2_standard_08_GB_20260626-t8-20261006T155136Z/stderr/10-final-empty-warm.txt
ak2: [2026-10-06T17:09:48Z] pushed out/loadbench-k2_standard_08_GB_20260626-t8-20261006T155136Z/stderr/10-final-pe-warm.txt
ak2: [2026-10-06T17:09:48Z] pushed out/loadbench-k2_standard_08_GB_20260626-t8-20261006T155136Z/stderr/10-matesize-empty-warm.txt
ak2: [2026-10-06T17:09:49Z] pushed out/loadbench-k2_standard_08_GB_20260626-t8-20261006T155136Z/stderr/10-matesize-pe-warm.txt
ak2: [2026-10-06T17:09:50Z] pushed out/loadbench-k2_standard_08_GB_20260626-t8-20261006T155136Z/stderr/10-rc-empty-warm.txt
ak2: [2026-10-06T17:09:50Z] pushed out/loadbench-k2_standard_08_GB_20260626-t8-20261006T155136Z/stderr/10-rc-pe-warm.txt
ak2: [2026-10-06T17:09:50Z] pushed out/loadbench-k2_standard_08_GB_20260626-t8-20261006T155136Z/stderr/10-recycle-empty-warm.txt
ak2: [2026-10-06T17:09:51Z] pushed out/loadbench-k2_standard_08_GB_20260626-t8-20261006T155136Z/stderr/10-recycle-pe-warm.txt
ak2: [2026-10-06T17:09:51Z] pushed out/loadbench-k2_standard_08_GB_20260626-t8-20261006T155136Z/stderr/10-scan-empty-warm.txt
ak2: [2026-10-06T17:09:52Z] pushed out/loadbench-k2_standard_08_GB_20260626-t8-20261006T155136Z/stderr/10-scan-pe-warm.txt
ak2: [2026-10-06T17:09:52Z] pushed out/loadbench-k2_standard_08_GB_20260626-t8-20261006T155136Z/stderr/10-thp-empty-warm.txt
ak2: [2026-10-06T17:09:53Z] pushed out/loadbench-k2_standard_08_GB_20260626-t8-20261006T155136Z/stderr/10-thp-pe-warm.txt
ak2: [2026-10-06T17:09:53Z] pushed out/loadbench-k2_standard_08_GB_20260626-t8-20261006T155136Z/stderr/10-upstream-empty-warm.txt
ak2: [2026-10-06T17:09:54Z] pushed out/loadbench-k2_standard_08_GB_20260626-t8-20261006T155136Z/stderr/10-upstream-pe-warm.txt
ak2: [2026-10-06T17:09:54Z] pushed out/loadbench-k2_standard_08_GB_20260626-t8-20261006T155136Z/stderr/2-base-empty-cold.txt
ak2: [2026-10-06T17:09:55Z] pushed out/loadbench-k2_standard_08_GB_20260626-t8-20261006T155136Z/stderr/2-base-empty-warm.txt
ak2: [2026-10-06T17:09:56Z] pushed out/loadbench-k2_standard_08_GB_20260626-t8-20261006T155136Z/stderr/2-base-pe-cold.txt
ak2: [2026-10-06T17:09:56Z] pushed out/loadbench-k2_standard_08_GB_20260626-t8-20261006T155136Z/stderr/2-base-pe-warm.txt
ak2: [2026-10-06T17:09:57Z] pushed out/loadbench-k2_standard_08_GB_20260626-t8-20261006T155136Z/stderr/2-batch-empty-cold.txt
ak2: [2026-10-06T17:09:57Z] pushed out/loadbench-k2_standard_08_GB_20260626-t8-20261006T155136Z/stderr/2-batch-empty-warm.txt
ak2: [2026-10-06T17:09:58Z] pushed out/loadbench-k2_standard_08_GB_20260626-t8-20261006T155136Z/stderr/2-batch-pe-cold.txt
ak2: [2026-10-06T17:09:58Z] pushed out/loadbench-k2_standard_08_GB_20260626-t8-20261006T155136Z/stderr/2-batch-pe-warm.txt
ak2: [2026-10-06T17:09:59Z] pushed out/loadbench-k2_standard_08_GB_20260626-t8-20261006T155136Z/stderr/2-fill-empty-cold.txt
ak2: [2026-10-06T17:09:59Z] pushed out/loadbench-k2_standard_08_GB_20260626-t8-20261006T155136Z/stderr/2-fill-empty-warm.txt
ak2: [2026-10-06T17:09:59Z] pushed out/loadbench-k2_standard_08_GB_20260626-t8-20261006T155136Z/stderr/2-fill-pe-cold.txt
ak2: [2026-10-06T17:10:00Z] pushed out/loadbench-k2_standard_08_GB_20260626-t8-20261006T155136Z/stderr/2-fill-pe-warm.txt
ak2: [2026-10-06T17:10:01Z] pushed out/loadbench-k2_standard_08_GB_20260626-t8-20261006T155136Z/stderr/2-final-aa-empty-cold.txt
ak2: [2026-10-06T17:10:01Z] pushed out/loadbench-k2_standard_08_GB_20260626-t8-20261006T155136Z/stderr/2-final-aa-empty-warm.txt
ak2: [2026-10-06T17:10:02Z] pushed out/loadbench-k2_standard_08_GB_20260626-t8-20261006T155136Z/stderr/2-final-aa-pe-cold.txt
ak2: [2026-10-06T17:10:02Z] pushed out/loadbench-k2_standard_08_GB_20260626-t8-20261006T155136Z/stderr/2-final-aa-pe-warm.txt
ak2: [2026-10-06T17:10:03Z] pushed out/loadbench-k2_standard_08_GB_20260626-t8-20261006T155136Z/stderr/2-final-empty-cold.txt
ak2: [2026-10-06T17:10:03Z] pushed out/loadbench-k2_standard_08_GB_20260626-t8-20261006T155136Z/stderr/2-final-empty-warm.txt
ak2: [2026-10-06T17:10:04Z] pushed out/loadbench-k2_standard_08_GB_20260626-t8-20261006T155136Z/stderr/2-final-pe-cold.txt
ak2: [2026-10-06T17:10:04Z] pushed out/loadbench-k2_standard_08_GB_20260626-t8-20261006T155136Z/stderr/2-final-pe-warm.txt
ak2: [2026-10-06T17:10:05Z] pushed out/loadbench-k2_standard_08_GB_20260626-t8-20261006T155136Z/stderr/2-matesize-empty-cold.txt
ak2: [2026-10-06T17:10:05Z] pushed out/loadbench-k2_standard_08_GB_20260626-t8-20261006T155136Z/stderr/2-matesize-empty-warm.txt
ak2: [2026-10-06T17:10:06Z] pushed out/loadbench-k2_standard_08_GB_20260626-t8-20261006T155136Z/stderr/2-matesize-pe-cold.txt
ak2: [2026-10-06T17:10:06Z] pushed out/loadbench-k2_standard_08_GB_20260626-t8-20261006T155136Z/stderr/2-matesize-pe-warm.txt
ak2: [2026-10-06T17:10:07Z] pushed out/loadbench-k2_standard_08_GB_20260626-t8-20261006T155136Z/stderr/2-rc-empty-cold.txt
ak2: [2026-10-06T17:10:07Z] pushed out/loadbench-k2_standard_08_GB_20260626-t8-20261006T155136Z/stderr/2-rc-empty-warm.txt
ak2: [2026-10-06T17:10:08Z] pushed out/loadbench-k2_standard_08_GB_20260626-t8-20261006T155136Z/stderr/2-rc-pe-cold.txt
ak2: [2026-10-06T17:10:08Z] pushed out/loadbench-k2_standard_08_GB_20260626-t8-20261006T155136Z/stderr/2-rc-pe-warm.txt
ak2: [2026-10-06T17:10:09Z] pushed out/loadbench-k2_standard_08_GB_20260626-t8-20261006T155136Z/stderr/2-recycle-empty-cold.txt
ak2: [2026-10-06T17:10:09Z] pushed out/loadbench-k2_standard_08_GB_20260626-t8-20261006T155136Z/stderr/2-recycle-empty-warm.txt
ak2: [2026-10-06T17:10:10Z] pushed out/loadbench-k2_standard_08_GB_20260626-t8-20261006T155136Z/stderr/2-recycle-pe-cold.txt
ak2: [2026-10-06T17:10:10Z] pushed out/loadbench-k2_standard_08_GB_20260626-t8-20261006T155136Z/stderr/2-recycle-pe-warm.txt
ak2: [2026-10-06T17:10:11Z] pushed out/loadbench-k2_standard_08_GB_20260626-t8-20261006T155136Z/stderr/2-scan-empty-cold.txt
ak2: [2026-10-06T17:10:11Z] pushed out/loadbench-k2_standard_08_GB_20260626-t8-20261006T155136Z/stderr/2-scan-empty-warm.txt
ak2: [2026-10-06T17:10:12Z] pushed out/loadbench-k2_standard_08_GB_20260626-t8-20261006T155136Z/stderr/2-scan-pe-cold.txt
ak2: [2026-10-06T17:10:12Z] pushed out/loadbench-k2_standard_08_GB_20260626-t8-20261006T155136Z/stderr/2-scan-pe-warm.txt
ak2: [2026-10-06T17:10:13Z] pushed out/loadbench-k2_standard_08_GB_20260626-t8-20261006T155136Z/stderr/2-thp-empty-cold.txt
ak2: [2026-10-06T17:10:14Z] pushed out/loadbench-k2_standard_08_GB_20260626-t8-20261006T155136Z/stderr/2-thp-empty-warm.txt
ak2: [2026-10-06T17:10:14Z] pushed out/loadbench-k2_standard_08_GB_20260626-t8-20261006T155136Z/stderr/2-thp-pe-cold.txt
ak2: [2026-10-06T17:10:15Z] pushed out/loadbench-k2_standard_08_GB_20260626-t8-20261006T155136Z/stderr/2-thp-pe-warm.txt
ak2: [2026-10-06T17:10:15Z] pushed out/loadbench-k2_standard_08_GB_20260626-t8-20261006T155136Z/stderr/2-upstream-empty-cold.txt
ak2: [2026-10-06T17:10:15Z] pushed out/loadbench-k2_standard_08_GB_20260626-t8-20261006T155136Z/stderr/2-upstream-empty-warm.txt
ak2: [2026-10-06T17:10:16Z] pushed out/loadbench-k2_standard_08_GB_20260626-t8-20261006T155136Z/stderr/2-upstream-pe-cold.txt
ak2: [2026-10-06T17:10:16Z] pushed out/loadbench-k2_standard_08_GB_20260626-t8-20261006T155136Z/stderr/2-upstream-pe-warm.txt
ak2: [2026-10-06T17:10:17Z] pushed out/loadbench-k2_standard_08_GB_20260626-t8-20261006T155136Z/stderr/3-base-empty-cold.txt
ak2: [2026-10-06T17:10:17Z] pushed out/loadbench-k2_standard_08_GB_20260626-t8-20261006T155136Z/stderr/3-base-empty-warm.txt
ak2: [2026-10-06T17:10:18Z] pushed out/loadbench-k2_standard_08_GB_20260626-t8-20261006T155136Z/stderr/3-base-pe-cold.txt
ak2: [2026-10-06T17:10:18Z] pushed out/loadbench-k2_standard_08_GB_20260626-t8-20261006T155136Z/stderr/3-base-pe-warm.txt
ak2: [2026-10-06T17:10:19Z] pushed out/loadbench-k2_standard_08_GB_20260626-t8-20261006T155136Z/stderr/3-batch-empty-cold.txt
ak2: [2026-10-06T17:10:19Z] pushed out/loadbench-k2_standard_08_GB_20260626-t8-20261006T155136Z/stderr/3-batch-empty-warm.txt
ak2: [2026-10-06T17:10:20Z] pushed out/loadbench-k2_standard_08_GB_20260626-t8-20261006T155136Z/stderr/3-batch-pe-cold.txt
ak2: [2026-10-06T17:10:20Z] pushed out/loadbench-k2_standard_08_GB_20260626-t8-20261006T155136Z/stderr/3-batch-pe-warm.txt
ak2: [2026-10-06T17:10:21Z] pushed out/loadbench-k2_standard_08_GB_20260626-t8-20261006T155136Z/stderr/3-fill-empty-cold.txt
ak2: [2026-10-06T17:10:21Z] pushed out/loadbench-k2_standard_08_GB_20260626-t8-20261006T155136Z/stderr/3-fill-empty-warm.txt
ak2: [2026-10-06T17:10:22Z] pushed out/loadbench-k2_standard_08_GB_20260626-t8-20261006T155136Z/stderr/3-fill-pe-cold.txt
ak2: [2026-10-06T17:10:22Z] pushed out/loadbench-k2_standard_08_GB_20260626-t8-20261006T155136Z/stderr/3-fill-pe-warm.txt
ak2: [2026-10-06T17:10:23Z] pushed out/loadbench-k2_standard_08_GB_20260626-t8-20261006T155136Z/stderr/3-final-aa-empty-cold.txt
ak2: [2026-10-06T17:10:23Z] pushed out/loadbench-k2_standard_08_GB_20260626-t8-20261006T155136Z/stderr/3-final-aa-empty-warm.txt
ak2: [2026-10-06T17:10:24Z] pushed out/loadbench-k2_standard_08_GB_20260626-t8-20261006T155136Z/stderr/3-final-aa-pe-cold.txt
ak2: [2026-10-06T17:10:24Z] pushed out/loadbench-k2_standard_08_GB_20260626-t8-20261006T155136Z/stderr/3-final-aa-pe-warm.txt
ak2: [2026-10-06T17:10:25Z] pushed out/loadbench-k2_standard_08_GB_20260626-t8-20261006T155136Z/stderr/3-final-empty-cold.txt
ak2: [2026-10-06T17:10:25Z] pushed out/loadbench-k2_standard_08_GB_20260626-t8-20261006T155136Z/stderr/3-final-empty-warm.txt
ak2: [2026-10-06T17:10:26Z] pushed out/loadbench-k2_standard_08_GB_20260626-t8-20261006T155136Z/stderr/3-final-pe-cold.txt
ak2: [2026-10-06T17:10:26Z] pushed out/loadbench-k2_standard_08_GB_20260626-t8-20261006T155136Z/stderr/3-final-pe-warm.txt
ak2: [2026-10-06T17:10:27Z] pushed out/loadbench-k2_standard_08_GB_20260626-t8-20261006T155136Z/stderr/3-matesize-empty-cold.txt
ak2: [2026-10-06T17:10:28Z] pushed out/loadbench-k2_standard_08_GB_20260626-t8-20261006T155136Z/stderr/3-matesize-empty-warm.txt
ak2: [2026-10-06T17:10:28Z] pushed out/loadbench-k2_standard_08_GB_20260626-t8-20261006T155136Z/stderr/3-matesize-pe-cold.txt
ak2: [2026-10-06T17:10:28Z] pushed out/loadbench-k2_standard_08_GB_20260626-t8-20261006T155136Z/stderr/3-matesize-pe-warm.txt
ak2: [2026-10-06T17:10:29Z] pushed out/loadbench-k2_standard_08_GB_20260626-t8-20261006T155136Z/stderr/3-rc-empty-cold.txt
ak2: [2026-10-06T17:10:29Z] pushed out/loadbench-k2_standard_08_GB_20260626-t8-20261006T155136Z/stderr/3-rc-empty-warm.txt
ak2: [2026-10-06T17:10:30Z] pushed out/loadbench-k2_standard_08_GB_20260626-t8-20261006T155136Z/stderr/3-rc-pe-cold.txt
ak2: [2026-10-06T17:10:30Z] pushed out/loadbench-k2_standard_08_GB_20260626-t8-20261006T155136Z/stderr/3-rc-pe-warm.txt
ak2: [2026-10-06T17:10:31Z] pushed out/loadbench-k2_standard_08_GB_20260626-t8-20261006T155136Z/stderr/3-recycle-empty-cold.txt
ak2: [2026-10-06T17:10:31Z] pushed out/loadbench-k2_standard_08_GB_20260626-t8-20261006T155136Z/stderr/3-recycle-empty-warm.txt
ak2: [2026-10-06T17:10:32Z] pushed out/loadbench-k2_standard_08_GB_20260626-t8-20261006T155136Z/stderr/3-recycle-pe-cold.txt
ak2: [2026-10-06T17:10:32Z] pushed out/loadbench-k2_standard_08_GB_20260626-t8-20261006T155136Z/stderr/3-recycle-pe-warm.txt
ak2: [2026-10-06T17:10:33Z] pushed out/loadbench-k2_standard_08_GB_20260626-t8-20261006T155136Z/stderr/3-scan-empty-cold.txt
ak2: [2026-10-06T17:10:33Z] pushed out/loadbench-k2_standard_08_GB_20260626-t8-20261006T155136Z/stderr/3-scan-empty-warm.txt
ak2: [2026-10-06T17:10:34Z] pushed out/loadbench-k2_standard_08_GB_20260626-t8-20261006T155136Z/stderr/3-scan-pe-cold.txt
ak2: [2026-10-06T17:10:34Z] pushed out/loadbench-k2_standard_08_GB_20260626-t8-20261006T155136Z/stderr/3-scan-pe-warm.txt
ak2: [2026-10-06T17:10:35Z] pushed out/loadbench-k2_standard_08_GB_20260626-t8-20261006T155136Z/stderr/3-thp-empty-cold.txt
ak2: [2026-10-06T17:10:35Z] pushed out/loadbench-k2_standard_08_GB_20260626-t8-20261006T155136Z/stderr/3-thp-empty-warm.txt
ak2: [2026-10-06T17:10:36Z] pushed out/loadbench-k2_standard_08_GB_20260626-t8-20261006T155136Z/stderr/3-thp-pe-cold.txt
ak2: [2026-10-06T17:10:36Z] pushed out/loadbench-k2_standard_08_GB_20260626-t8-20261006T155136Z/stderr/3-thp-pe-warm.txt
ak2: [2026-10-06T17:10:37Z] pushed out/loadbench-k2_standard_08_GB_20260626-t8-20261006T155136Z/stderr/3-upstream-empty-cold.txt
ak2: [2026-10-06T17:10:37Z] pushed out/loadbench-k2_standard_08_GB_20260626-t8-20261006T155136Z/stderr/3-upstream-empty-warm.txt
ak2: [2026-10-06T17:10:38Z] pushed out/loadbench-k2_standard_08_GB_20260626-t8-20261006T155136Z/stderr/3-upstream-pe-cold.txt
ak2: [2026-10-06T17:10:38Z] pushed out/loadbench-k2_standard_08_GB_20260626-t8-20261006T155136Z/stderr/3-upstream-pe-warm.txt
ak2: [2026-10-06T17:10:39Z] pushed out/loadbench-k2_standard_08_GB_20260626-t8-20261006T155136Z/stderr/4-base-empty-warm.txt
ak2: [2026-10-06T17:10:39Z] pushed out/loadbench-k2_standard_08_GB_20260626-t8-20261006T155136Z/stderr/4-base-pe-warm.txt
ak2: [2026-10-06T17:10:40Z] pushed out/loadbench-k2_standard_08_GB_20260626-t8-20261006T155136Z/stderr/4-batch-empty-warm.txt
ak2: [2026-10-06T17:10:40Z] pushed out/loadbench-k2_standard_08_GB_20260626-t8-20261006T155136Z/stderr/4-batch-pe-warm.txt
ak2: [2026-10-06T17:10:41Z] pushed out/loadbench-k2_standard_08_GB_20260626-t8-20261006T155136Z/stderr/4-fill-empty-warm.txt
ak2: [2026-10-06T17:10:41Z] pushed out/loadbench-k2_standard_08_GB_20260626-t8-20261006T155136Z/stderr/4-fill-pe-warm.txt
ak2: [2026-10-06T17:10:42Z] pushed out/loadbench-k2_standard_08_GB_20260626-t8-20261006T155136Z/stderr/4-final-aa-empty-warm.txt
ak2: [2026-10-06T17:10:42Z] pushed out/loadbench-k2_standard_08_GB_20260626-t8-20261006T155136Z/stderr/4-final-aa-pe-warm.txt
ak2: [2026-10-06T17:10:43Z] pushed out/loadbench-k2_standard_08_GB_20260626-t8-20261006T155136Z/stderr/4-final-empty-warm.txt
ak2: [2026-10-06T17:10:43Z] pushed out/loadbench-k2_standard_08_GB_20260626-t8-20261006T155136Z/stderr/4-final-pe-warm.txt
ak2: [2026-10-06T17:10:44Z] pushed out/loadbench-k2_standard_08_GB_20260626-t8-20261006T155136Z/stderr/4-matesize-empty-warm.txt
ak2: [2026-10-06T17:10:44Z] pushed out/loadbench-k2_standard_08_GB_20260626-t8-20261006T155136Z/stderr/4-matesize-pe-warm.txt
ak2: [2026-10-06T17:10:45Z] pushed out/loadbench-k2_standard_08_GB_20260626-t8-20261006T155136Z/stderr/4-rc-empty-warm.txt
ak2: [2026-10-06T17:10:45Z] pushed out/loadbench-k2_standard_08_GB_20260626-t8-20261006T155136Z/stderr/4-rc-pe-warm.txt
ak2: [2026-10-06T17:10:46Z] pushed out/loadbench-k2_standard_08_GB_20260626-t8-20261006T155136Z/stderr/4-recycle-empty-warm.txt
ak2: [2026-10-06T17:10:46Z] pushed out/loadbench-k2_standard_08_GB_20260626-t8-20261006T155136Z/stderr/4-recycle-pe-warm.txt
ak2: [2026-10-06T17:10:47Z] pushed out/loadbench-k2_standard_08_GB_20260626-t8-20261006T155136Z/stderr/4-scan-empty-warm.txt
ak2: [2026-10-06T17:10:47Z] pushed out/loadbench-k2_standard_08_GB_20260626-t8-20261006T155136Z/stderr/4-scan-pe-warm.txt
ak2: [2026-10-06T17:10:48Z] pushed out/loadbench-k2_standard_08_GB_20260626-t8-20261006T155136Z/stderr/4-thp-empty-warm.txt
ak2: [2026-10-06T17:10:48Z] pushed out/loadbench-k2_standard_08_GB_20260626-t8-20261006T155136Z/stderr/4-thp-pe-warm.txt
ak2: [2026-10-06T17:10:49Z] pushed out/loadbench-k2_standard_08_GB_20260626-t8-20261006T155136Z/stderr/4-upstream-empty-warm.txt
ak2: [2026-10-06T17:10:49Z] pushed out/loadbench-k2_standard_08_GB_20260626-t8-20261006T155136Z/stderr/4-upstream-pe-warm.txt
ak2: [2026-10-06T17:10:50Z] pushed out/loadbench-k2_standard_08_GB_20260626-t8-20261006T155136Z/stderr/5-base-empty-warm.txt
ak2: [2026-10-06T17:10:50Z] pushed out/loadbench-k2_standard_08_GB_20260626-t8-20261006T155136Z/stderr/5-base-pe-warm.txt
ak2: [2026-10-06T17:10:51Z] pushed out/loadbench-k2_standard_08_GB_20260626-t8-20261006T155136Z/stderr/5-batch-empty-warm.txt
ak2: [2026-10-06T17:10:51Z] pushed out/loadbench-k2_standard_08_GB_20260626-t8-20261006T155136Z/stderr/5-batch-pe-warm.txt
ak2: [2026-10-06T17:10:52Z] pushed out/loadbench-k2_standard_08_GB_20260626-t8-20261006T155136Z/stderr/5-fill-empty-warm.txt
ak2: [2026-10-06T17:10:52Z] pushed out/loadbench-k2_standard_08_GB_20260626-t8-20261006T155136Z/stderr/5-fill-pe-warm.txt
ak2: [2026-10-06T17:10:53Z] pushed out/loadbench-k2_standard_08_GB_20260626-t8-20261006T155136Z/stderr/5-final-aa-empty-warm.txt
ak2: [2026-10-06T17:10:53Z] pushed out/loadbench-k2_standard_08_GB_20260626-t8-20261006T155136Z/stderr/5-final-aa-pe-warm.txt
ak2: [2026-10-06T17:10:54Z] pushed out/loadbench-k2_standard_08_GB_20260626-t8-20261006T155136Z/stderr/5-final-empty-warm.txt
ak2: [2026-10-06T17:10:54Z] pushed out/loadbench-k2_standard_08_GB_20260626-t8-20261006T155136Z/stderr/5-final-pe-warm.txt
ak2: [2026-10-06T17:10:55Z] pushed out/loadbench-k2_standard_08_GB_20260626-t8-20261006T155136Z/stderr/5-matesize-empty-warm.txt
ak2: [2026-10-06T17:10:55Z] pushed out/loadbench-k2_standard_08_GB_20260626-t8-20261006T155136Z/stderr/5-matesize-pe-warm.txt
ak2: [2026-10-06T17:10:56Z] pushed out/loadbench-k2_standard_08_GB_20260626-t8-20261006T155136Z/stderr/5-rc-empty-warm.txt
ak2: [2026-10-06T17:10:56Z] pushed out/loadbench-k2_standard_08_GB_20260626-t8-20261006T155136Z/stderr/5-rc-pe-warm.txt
ak2: [2026-10-06T17:10:57Z] pushed out/loadbench-k2_standard_08_GB_20260626-t8-20261006T155136Z/stderr/5-recycle-empty-warm.txt
ak2: [2026-10-06T17:10:57Z] pushed out/loadbench-k2_standard_08_GB_20260626-t8-20261006T155136Z/stderr/5-recycle-pe-warm.txt
ak2: [2026-10-06T17:10:58Z] pushed out/loadbench-k2_standard_08_GB_20260626-t8-20261006T155136Z/stderr/5-scan-empty-warm.txt
ak2: [2026-10-06T17:10:58Z] pushed out/loadbench-k2_standard_08_GB_20260626-t8-20261006T155136Z/stderr/5-scan-pe-warm.txt
ak2: [2026-10-06T17:10:59Z] pushed out/loadbench-k2_standard_08_GB_20260626-t8-20261006T155136Z/stderr/5-thp-empty-warm.txt
ak2: [2026-10-06T17:10:59Z] pushed out/loadbench-k2_standard_08_GB_20260626-t8-20261006T155136Z/stderr/5-thp-pe-warm.txt
ak2: [2026-10-06T17:10:59Z] pushed out/loadbench-k2_standard_08_GB_20260626-t8-20261006T155136Z/stderr/5-upstream-empty-warm.txt
ak2: [2026-10-06T17:11:00Z] pushed out/loadbench-k2_standard_08_GB_20260626-t8-20261006T155136Z/stderr/5-upstream-pe-warm.txt
ak2: [2026-10-06T17:11:01Z] pushed out/loadbench-k2_standard_08_GB_20260626-t8-20261006T155136Z/stderr/6-base-empty-warm.txt
ak2: [2026-10-06T17:11:01Z] pushed out/loadbench-k2_standard_08_GB_20260626-t8-20261006T155136Z/stderr/6-base-pe-warm.txt
ak2: [2026-10-06T17:11:02Z] pushed out/loadbench-k2_standard_08_GB_20260626-t8-20261006T155136Z/stderr/6-batch-empty-warm.txt
ak2: [2026-10-06T17:11:02Z] pushed out/loadbench-k2_standard_08_GB_20260626-t8-20261006T155136Z/stderr/6-batch-pe-warm.txt
ak2: [2026-10-06T17:11:03Z] pushed out/loadbench-k2_standard_08_GB_20260626-t8-20261006T155136Z/stderr/6-fill-empty-warm.txt
ak2: [2026-10-06T17:11:03Z] pushed out/loadbench-k2_standard_08_GB_20260626-t8-20261006T155136Z/stderr/6-fill-pe-warm.txt
ak2: [2026-10-06T17:11:04Z] pushed out/loadbench-k2_standard_08_GB_20260626-t8-20261006T155136Z/stderr/6-final-aa-empty-warm.txt
ak2: [2026-10-06T17:11:04Z] pushed out/loadbench-k2_standard_08_GB_20260626-t8-20261006T155136Z/stderr/6-final-aa-pe-warm.txt
ak2: [2026-10-06T17:11:05Z] pushed out/loadbench-k2_standard_08_GB_20260626-t8-20261006T155136Z/stderr/6-final-empty-warm.txt
ak2: [2026-10-06T17:11:05Z] pushed out/loadbench-k2_standard_08_GB_20260626-t8-20261006T155136Z/stderr/6-final-pe-warm.txt
ak2: [2026-10-06T17:11:06Z] pushed out/loadbench-k2_standard_08_GB_20260626-t8-20261006T155136Z/stderr/6-matesize-empty-warm.txt
ak2: [2026-10-06T17:11:06Z] pushed out/loadbench-k2_standard_08_GB_20260626-t8-20261006T155136Z/stderr/6-matesize-pe-warm.txt
ak2: [2026-10-06T17:11:07Z] pushed out/loadbench-k2_standard_08_GB_20260626-t8-20261006T155136Z/stderr/6-rc-empty-warm.txt
ak2: [2026-10-06T17:11:07Z] pushed out/loadbench-k2_standard_08_GB_20260626-t8-20261006T155136Z/stderr/6-rc-pe-warm.txt
ak2: [2026-10-06T17:11:08Z] pushed out/loadbench-k2_standard_08_GB_20260626-t8-20261006T155136Z/stderr/6-recycle-empty-warm.txt
ak2: [2026-10-06T17:11:08Z] pushed out/loadbench-k2_standard_08_GB_20260626-t8-20261006T155136Z/stderr/6-recycle-pe-warm.txt
ak2: [2026-10-06T17:11:09Z] pushed out/loadbench-k2_standard_08_GB_20260626-t8-20261006T155136Z/stderr/6-scan-empty-warm.txt
ak2: [2026-10-06T17:11:09Z] pushed out/loadbench-k2_standard_08_GB_20260626-t8-20261006T155136Z/stderr/6-scan-pe-warm.txt
ak2: [2026-10-06T17:11:10Z] pushed out/loadbench-k2_standard_08_GB_20260626-t8-20261006T155136Z/stderr/6-thp-empty-warm.txt
ak2: [2026-10-06T17:11:10Z] pushed out/loadbench-k2_standard_08_GB_20260626-t8-20261006T155136Z/stderr/6-thp-pe-warm.txt
ak2: [2026-10-06T17:11:11Z] pushed out/loadbench-k2_standard_08_GB_20260626-t8-20261006T155136Z/stderr/6-upstream-empty-warm.txt
ak2: [2026-10-06T17:11:11Z] pushed out/loadbench-k2_standard_08_GB_20260626-t8-20261006T155136Z/stderr/6-upstream-pe-warm.txt
ak2: [2026-10-06T17:11:12Z] pushed out/loadbench-k2_standard_08_GB_20260626-t8-20261006T155136Z/stderr/7-base-empty-warm.txt
ak2: [2026-10-06T17:11:12Z] pushed out/loadbench-k2_standard_08_GB_20260626-t8-20261006T155136Z/stderr/7-base-pe-warm.txt
ak2: [2026-10-06T17:11:13Z] pushed out/loadbench-k2_standard_08_GB_20260626-t8-20261006T155136Z/stderr/7-batch-empty-warm.txt
ak2: [2026-10-06T17:11:13Z] pushed out/loadbench-k2_standard_08_GB_20260626-t8-20261006T155136Z/stderr/7-batch-pe-warm.txt
ak2: [2026-10-06T17:11:14Z] pushed out/loadbench-k2_standard_08_GB_20260626-t8-20261006T155136Z/stderr/7-fill-empty-warm.txt
ak2: [2026-10-06T17:11:14Z] pushed out/loadbench-k2_standard_08_GB_20260626-t8-20261006T155136Z/stderr/7-fill-pe-warm.txt
ak2: [2026-10-06T17:11:15Z] pushed out/loadbench-k2_standard_08_GB_20260626-t8-20261006T155136Z/stderr/7-final-aa-empty-warm.txt
ak2: [2026-10-06T17:11:16Z] pushed out/loadbench-k2_standard_08_GB_20260626-t8-20261006T155136Z/stderr/7-final-aa-pe-warm.txt
ak2: [2026-10-06T17:11:16Z] pushed out/loadbench-k2_standard_08_GB_20260626-t8-20261006T155136Z/stderr/7-final-empty-warm.txt
ak2: [2026-10-06T17:11:17Z] pushed out/loadbench-k2_standard_08_GB_20260626-t8-20261006T155136Z/stderr/7-final-pe-warm.txt
ak2: [2026-10-06T17:11:17Z] pushed out/loadbench-k2_standard_08_GB_20260626-t8-20261006T155136Z/stderr/7-matesize-empty-warm.txt
ak2: [2026-10-06T17:11:18Z] pushed out/loadbench-k2_standard_08_GB_20260626-t8-20261006T155136Z/stderr/7-matesize-pe-warm.txt
ak2: [2026-10-06T17:11:18Z] pushed out/loadbench-k2_standard_08_GB_20260626-t8-20261006T155136Z/stderr/7-rc-empty-warm.txt
ak2: [2026-10-06T17:11:19Z] pushed out/loadbench-k2_standard_08_GB_20260626-t8-20261006T155136Z/stderr/7-rc-pe-warm.txt
ak2: [2026-10-06T17:11:19Z] pushed out/loadbench-k2_standard_08_GB_20260626-t8-20261006T155136Z/stderr/7-recycle-empty-warm.txt
ak2: [2026-10-06T17:11:20Z] pushed out/loadbench-k2_standard_08_GB_20260626-t8-20261006T155136Z/stderr/7-recycle-pe-warm.txt
ak2: [2026-10-06T17:11:20Z] pushed out/loadbench-k2_standard_08_GB_20260626-t8-20261006T155136Z/stderr/7-scan-empty-warm.txt
ak2: [2026-10-06T17:11:21Z] pushed out/loadbench-k2_standard_08_GB_20260626-t8-20261006T155136Z/stderr/7-scan-pe-warm.txt
ak2: [2026-10-06T17:11:21Z] pushed out/loadbench-k2_standard_08_GB_20260626-t8-20261006T155136Z/stderr/7-thp-empty-warm.txt
ak2: [2026-10-06T17:11:22Z] pushed out/loadbench-k2_standard_08_GB_20260626-t8-20261006T155136Z/stderr/7-thp-pe-warm.txt
ak2: [2026-10-06T17:11:22Z] pushed out/loadbench-k2_standard_08_GB_20260626-t8-20261006T155136Z/stderr/7-upstream-empty-warm.txt
ak2: [2026-10-06T17:11:23Z] pushed out/loadbench-k2_standard_08_GB_20260626-t8-20261006T155136Z/stderr/7-upstream-pe-warm.txt
ak2: [2026-10-06T17:11:23Z] pushed out/loadbench-k2_standard_08_GB_20260626-t8-20261006T155136Z/stderr/8-base-empty-warm.txt
ak2: [2026-10-06T17:11:24Z] pushed out/loadbench-k2_standard_08_GB_20260626-t8-20261006T155136Z/stderr/8-base-pe-warm.txt
ak2: [2026-10-06T17:11:24Z] pushed out/loadbench-k2_standard_08_GB_20260626-t8-20261006T155136Z/stderr/8-batch-empty-warm.txt
ak2: [2026-10-06T17:11:25Z] pushed out/loadbench-k2_standard_08_GB_20260626-t8-20261006T155136Z/stderr/8-batch-pe-warm.txt
ak2: [2026-10-06T17:11:25Z] pushed out/loadbench-k2_standard_08_GB_20260626-t8-20261006T155136Z/stderr/8-fill-empty-warm.txt
ak2: [2026-10-06T17:11:26Z] pushed out/loadbench-k2_standard_08_GB_20260626-t8-20261006T155136Z/stderr/8-fill-pe-warm.txt
ak2: [2026-10-06T17:11:26Z] pushed out/loadbench-k2_standard_08_GB_20260626-t8-20261006T155136Z/stderr/8-final-aa-empty-warm.txt
ak2: [2026-10-06T17:11:27Z] pushed out/loadbench-k2_standard_08_GB_20260626-t8-20261006T155136Z/stderr/8-final-aa-pe-warm.txt
ak2: [2026-10-06T17:11:27Z] pushed out/loadbench-k2_standard_08_GB_20260626-t8-20261006T155136Z/stderr/8-final-empty-warm.txt
ak2: [2026-10-06T17:11:28Z] pushed out/loadbench-k2_standard_08_GB_20260626-t8-20261006T155136Z/stderr/8-final-pe-warm.txt
ak2: [2026-10-06T17:11:28Z] pushed out/loadbench-k2_standard_08_GB_20260626-t8-20261006T155136Z/stderr/8-matesize-empty-warm.txt
ak2: [2026-10-06T17:11:29Z] pushed out/loadbench-k2_standard_08_GB_20260626-t8-20261006T155136Z/stderr/8-matesize-pe-warm.txt
ak2: [2026-10-06T17:11:29Z] pushed out/loadbench-k2_standard_08_GB_20260626-t8-20261006T155136Z/stderr/8-rc-empty-warm.txt
ak2: [2026-10-06T17:11:29Z] pushed out/loadbench-k2_standard_08_GB_20260626-t8-20261006T155136Z/stderr/8-rc-pe-warm.txt
ak2: [2026-10-06T17:11:30Z] pushed out/loadbench-k2_standard_08_GB_20260626-t8-20261006T155136Z/stderr/8-recycle-empty-warm.txt
ak2: [2026-10-06T17:11:30Z] pushed out/loadbench-k2_standard_08_GB_20260626-t8-20261006T155136Z/stderr/8-recycle-pe-warm.txt
ak2: [2026-10-06T17:11:31Z] pushed out/loadbench-k2_standard_08_GB_20260626-t8-20261006T155136Z/stderr/8-scan-empty-warm.txt
ak2: [2026-10-06T17:11:31Z] pushed out/loadbench-k2_standard_08_GB_20260626-t8-20261006T155136Z/stderr/8-scan-pe-warm.txt
ak2: [2026-10-06T17:11:32Z] pushed out/loadbench-k2_standard_08_GB_20260626-t8-20261006T155136Z/stderr/8-thp-empty-warm.txt
ak2: [2026-10-06T17:11:32Z] pushed out/loadbench-k2_standard_08_GB_20260626-t8-20261006T155136Z/stderr/8-thp-pe-warm.txt
ak2: [2026-10-06T17:11:33Z] pushed out/loadbench-k2_standard_08_GB_20260626-t8-20261006T155136Z/stderr/8-upstream-empty-warm.txt
ak2: [2026-10-06T17:11:33Z] pushed out/loadbench-k2_standard_08_GB_20260626-t8-20261006T155136Z/stderr/8-upstream-pe-warm.txt
ak2: [2026-10-06T17:11:34Z] pushed out/loadbench-k2_standard_08_GB_20260626-t8-20261006T155136Z/stderr/9-base-empty-warm.txt
ak2: [2026-10-06T17:11:35Z] pushed out/loadbench-k2_standard_08_GB_20260626-t8-20261006T155136Z/stderr/9-base-pe-warm.txt
ak2: [2026-10-06T17:11:35Z] pushed out/loadbench-k2_standard_08_GB_20260626-t8-20261006T155136Z/stderr/9-batch-empty-warm.txt
ak2: [2026-10-06T17:11:36Z] pushed out/loadbench-k2_standard_08_GB_20260626-t8-20261006T155136Z/stderr/9-batch-pe-warm.txt
ak2: [2026-10-06T17:11:36Z] pushed out/loadbench-k2_standard_08_GB_20260626-t8-20261006T155136Z/stderr/9-fill-empty-warm.txt
ak2: [2026-10-06T17:11:37Z] pushed out/loadbench-k2_standard_08_GB_20260626-t8-20261006T155136Z/stderr/9-fill-pe-warm.txt
ak2: [2026-10-06T17:11:37Z] pushed out/loadbench-k2_standard_08_GB_20260626-t8-20261006T155136Z/stderr/9-final-aa-empty-warm.txt
ak2: [2026-10-06T17:11:38Z] pushed out/loadbench-k2_standard_08_GB_20260626-t8-20261006T155136Z/stderr/9-final-aa-pe-warm.txt
ak2: [2026-10-06T17:11:38Z] pushed out/loadbench-k2_standard_08_GB_20260626-t8-20261006T155136Z/stderr/9-final-empty-warm.txt
ak2: [2026-10-06T17:11:39Z] pushed out/loadbench-k2_standard_08_GB_20260626-t8-20261006T155136Z/stderr/9-final-pe-warm.txt
ak2: [2026-10-06T17:11:39Z] pushed out/loadbench-k2_standard_08_GB_20260626-t8-20261006T155136Z/stderr/9-matesize-empty-warm.txt
ak2: [2026-10-06T17:11:40Z] pushed out/loadbench-k2_standard_08_GB_20260626-t8-20261006T155136Z/stderr/9-matesize-pe-warm.txt
ak2: [2026-10-06T17:11:40Z] pushed out/loadbench-k2_standard_08_GB_20260626-t8-20261006T155136Z/stderr/9-rc-empty-warm.txt
ak2: [2026-10-06T17:11:41Z] pushed out/loadbench-k2_standard_08_GB_20260626-t8-20261006T155136Z/stderr/9-rc-pe-warm.txt
ak2: [2026-10-06T17:11:41Z] pushed out/loadbench-k2_standard_08_GB_20260626-t8-20261006T155136Z/stderr/9-recycle-empty-warm.txt
ak2: [2026-10-06T17:11:42Z] pushed out/loadbench-k2_standard_08_GB_20260626-t8-20261006T155136Z/stderr/9-recycle-pe-warm.txt
ak2: [2026-10-06T17:11:42Z] pushed out/loadbench-k2_standard_08_GB_20260626-t8-20261006T155136Z/stderr/9-scan-empty-warm.txt
ak2: [2026-10-06T17:11:43Z] pushed out/loadbench-k2_standard_08_GB_20260626-t8-20261006T155136Z/stderr/9-scan-pe-warm.txt
ak2: [2026-10-06T17:11:43Z] pushed out/loadbench-k2_standard_08_GB_20260626-t8-20261006T155136Z/stderr/9-thp-empty-warm.txt
ak2: [2026-10-06T17:11:44Z] pushed out/loadbench-k2_standard_08_GB_20260626-t8-20261006T155136Z/stderr/9-thp-pe-warm.txt
ak2: [2026-10-06T17:11:44Z] pushed out/loadbench-k2_standard_08_GB_20260626-t8-20261006T155136Z/stderr/9-upstream-empty-warm.txt
ak2: [2026-10-06T17:11:45Z] pushed out/loadbench-k2_standard_08_GB_20260626-t8-20261006T155136Z/stderr/9-upstream-pe-warm.txt
ak2: [2026-10-06T17:11:45Z] pushed out/loadbench-k2_standard_08_GB_20260626-t8-20261006T155136Z/stderr/warmup-upstream-empty-cold.txt
ak2: [2026-10-06T17:11:46Z] pushed out/loadbench-k2_standard_08_GB_20260626-t8-20261006T155136Z/profile/gctrace-base-pe-cold.txt
ak2: [2026-10-06T17:11:46Z] pushed out/loadbench-k2_standard_08_GB_20260626-t8-20261006T155136Z/profile/gctrace-base-pe-warm.txt
ak2: [2026-10-06T17:11:47Z] pushed out/loadbench-k2_standard_08_GB_20260626-t8-20261006T155136Z/profile/gctrace-final-pe-cold.txt
ak2: [2026-10-06T17:11:47Z] pushed out/loadbench-k2_standard_08_GB_20260626-t8-20261006T155136Z/profile/gctrace-final-pe-warm.txt
ak2: [2026-10-06T17:11:48Z] pushed out/loadbench-k2_standard_08_GB_20260626-t8-20261006T155136Z/profile/perf-base-pe-cold.csv
ak2: [2026-10-06T17:11:48Z] pushed out/loadbench-k2_standard_08_GB_20260626-t8-20261006T155136Z/profile/perf-base-pe-cold.stderr
ak2: [2026-10-06T17:11:49Z] pushed out/loadbench-k2_standard_08_GB_20260626-t8-20261006T155136Z/profile/perf-base-pe-warm.csv
ak2: [2026-10-06T17:11:49Z] pushed out/loadbench-k2_standard_08_GB_20260626-t8-20261006T155136Z/profile/perf-base-pe-warm.stderr
ak2: [2026-10-06T17:11:50Z] pushed out/loadbench-k2_standard_08_GB_20260626-t8-20261006T155136Z/profile/perf-final-pe-cold.csv
ak2: [2026-10-06T17:11:51Z] pushed out/loadbench-k2_standard_08_GB_20260626-t8-20261006T155136Z/profile/perf-final-pe-cold.stderr
ak2: [2026-10-06T17:11:51Z] pushed out/loadbench-k2_standard_08_GB_20260626-t8-20261006T155136Z/profile/perf-final-pe-warm.csv
ak2: [2026-10-06T17:11:52Z] pushed out/loadbench-k2_standard_08_GB_20260626-t8-20261006T155136Z/profile/perf-final-pe-warm.stderr
ak2: [2026-10-06T17:11:52Z] pushed out/loadbench-k2_standard_08_GB_20260626-t8-20261006T155136Z/profile/perf-upstream-pe-cold.csv
ak2: [2026-10-06T17:11:53Z] pushed out/loadbench-k2_standard_08_GB_20260626-t8-20261006T155136Z/profile/perf-upstream-pe-cold.stderr
ak2: [2026-10-06T17:11:53Z] pushed out/loadbench-k2_standard_08_GB_20260626-t8-20261006T155136Z/profile/perf-upstream-pe-warm.csv
ak2: [2026-10-06T17:11:54Z] pushed out/loadbench-k2_standard_08_GB_20260626-t8-20261006T155136Z/profile/perf-upstream-pe-warm.stderr
ak2: [2026-10-06T17:11:54Z] pushed out/loadbench-k2_standard_08_GB_20260626-t8-20261006T155136Z/profile/pprof-base-pe-cold.cpu
ak2: [2026-10-06T17:11:55Z] pushed out/loadbench-k2_standard_08_GB_20260626-t8-20261006T155136Z/profile/pprof-base-pe-cold.top.txt
ak2: [2026-10-06T17:11:55Z] pushed out/loadbench-k2_standard_08_GB_20260626-t8-20261006T155136Z/profile/pprof-base-pe-warm.cpu
ak2: [2026-10-06T17:11:56Z] pushed out/loadbench-k2_standard_08_GB_20260626-t8-20261006T155136Z/profile/pprof-base-pe-warm.top.txt
ak2: [2026-10-06T17:11:56Z] pushed out/loadbench-k2_standard_08_GB_20260626-t8-20261006T155136Z/profile/pprof-final-pe-cold.cpu
ak2: [2026-10-06T17:11:57Z] pushed out/loadbench-k2_standard_08_GB_20260626-t8-20261006T155136Z/profile/pprof-final-pe-cold.top.txt
ak2: [2026-10-06T17:11:57Z] pushed out/loadbench-k2_standard_08_GB_20260626-t8-20261006T155136Z/profile/pprof-final-pe-warm.cpu
ak2: [2026-10-06T17:11:58Z] pushed out/loadbench-k2_standard_08_GB_20260626-t8-20261006T155136Z/profile/pprof-final-pe-warm.top.txt
results: results/g2/loadbench-k2_standard_08_GB_20260626-t8-20261006T155136Z
ak2: [2026-10-06T17:11:58Z] loadbench rc=0
ak2-phase	2026-10-06T17:11:58Z	1791306718	push	no
ak2: [2026-10-06T17:11:58Z] spec body exit rc=0
ak2-phase	2026-10-06T17:11:58Z	1791306718	end	no
